cxcr3_group,condition,patient,cell_id,zinc_signature
CXCR3-,HC,PB_2,AAACCTGCAAAGGAAG-1,-0.09834107806026707
CXCR3-,HC,PB_2,AAACCTGCAAGACACG-1,-0.24059601486160603
CXCR3-,HC,PB_2,AAACGGGAGGGTTCCC-1,-0.09834107806026707
CXCR3-,HC,PB_2,AAACGGGCATACGCCG-1,0.010063519082136973
CXCR3-,HC,PB_2,AAACGGGCATCGACGC-1,-0.22294990992982017
CXCR3-,HC,PB_2,AAACGGGGTGCGCTTG-1,-0.09834107806026707
CXCR3-,HC,PB_2,AAACGGGTCCTCATTA-1,-0.21702966675392016
CXCR3-,HC,PB_2,AAAGATGAGTTGAGTA-1,0.11979138680693466
CXCR3-,HC,PB_2,AAAGATGCAGATGAGC-1,0.15553162370107496
CXCR3-,HC,PB_2,AAAGATGCAGTCGATT-1,-0.09834107806026707
CXCR3+,HC,PB_2,AAAGATGCATCACAAC-1,-0.41112946889545515
CXCR3-,HC,PB_2,AAAGATGGTAAGCACG-1,0.10495298169885765
CXCR3-,HC,PB_2,AAAGATGTCAACGAAA-1,-0.04341559431317577
CXCR3-,HC,PB_2,AAAGTAGGTTGCCTCT-1,-0.09834107806026707
CXCR3-,HC,PB_2,AAATGCCAGCGCTTAT-1,-0.43913462341403076
CXCR3-,HC,PB_2,AAATGCCTCATGCATG-1,0.216673290540957
CXCR3-,HC,PB_2,AAATGCCTCATGGTCA-1,-0.18898813618896623
CXCR3-,HC,PB_2,AACACGTGTCAGATAA-1,0.607033711425414
CXCR3+,HC,PB_2,AACACGTTCATCGATG-1,0.014467510642416978
CXCR3-,HC,PB_2,AACCATGAGAGCTGCA-1,-0.09834107806026707
CXCR3+,HC,PB_2,AACCGCGAGATGCCAG-1,0.10143165893122934
CXCR3-,HC,PB_2,AACCGCGAGGCCCTTG-1,0.09092719146942421
CXCR3-,HC,PB_2,AACCGCGCAACACCCG-1,0.7254423990019089
CXCR3-,HC,PB_2,AACGTTGAGAGTCGGT-1,-0.09834107806026707
CXCR3-,HC,PB_2,AACGTTGAGTGGCACA-1,-0.09834107806026707
CXCR3-,HC,PB_2,AACGTTGGTACGCTGC-1-1,-0.2354691426618428
CXCR3-,HC,PB_2,AACGTTGGTCCATCCT-1,0.06737779841048341
CXCR3-,HC,PB_2,AACGTTGTCTCAACTT-1,0.1469718179183183
CXCR3-,HC,PB_2,AACTCAGCATTTGCTT-1,0.12286283229727597
CXCR3-,HC,PB_2,AACTCAGGTATAAACG-1,-0.050138366148095984
CXCR3+,HC,PB_2,AACTCAGGTTTGTTGG-1,-0.19039277518555897
CXCR3-,HC,PB_2,AACTCCCAGCGATATA-1,0.19799328292046278
CXCR3-,HC,PB_2,AACTCCCTCGTAGATC-1,0.05396978590054537
CXCR3-,HC,PB_2,AACTCTTAGAACTCGG-1,-0.19675184907772328
CXCR3-,HC,PB_2,AACTCTTAGGAGTACC-1,0.08922825036529705
CXCR3-,HC,PB_2,AACTCTTGTGGTCCGT-1,-0.09834107806026707
CXCR3+,HC,PB_2,AACTGGTAGAACTGTA-1,0.20217218922764496
CXCR3-,HC,PB_2,AACTGGTGTACTCGCG-1,-0.09834107806026707
CXCR3-,HC,PB_2,AACTGGTTCAAGGCTT-1,-0.09834107806026707
CXCR3-,HC,PB_2,AACTGGTTCTTGCAAG-1,0.19404570838711263
CXCR3-,HC,PB_2,AACTTTCAGGAGTTTA-1,-0.3093257084576752
CXCR3-,HC,PB_2,AACTTTCTCCGTTGTC-1,0.4184908714456378
CXCR3-,HC,PB_2,AACTTTCTCTCCCTGA-1,0.09214875179275961
CXCR3+,HC,PB_2,AAGACCTTCCTTGACC-1,-0.022484131914614514
CXCR3-,HC,PB_2,AAGCCGCAGCACCGTC-1,0.16359683877669143
CXCR3-,HC,PB_2,AAGCCGCAGGGCATGT-1,-0.3753746785285018
CXCR3-,HC,PB_2,AAGCCGCCACATTTCT-1,0.1915629880827749
CXCR3-,HC,PB_2,AAGCCGCTCAGCATGT-1,-0.39300887080292324
CXCR3-,HC,PB_2,AAGCCGCTCTTAACCT-1,-0.09834107806026707
CXCR3-,HC,PB_2,AAGGAGCAGTGTGAAT-1,-0.09834107806026707
CXCR3+,HC,PB_2,AAGGAGCGTACAGACG-1,0.11150354256958073
CXCR3-,HC,PB_2,AAGGAGCTCCTCTAGC-1,-0.09834107806026707
CXCR3-,HC,PB_2,AAGGTTCAGGTGTTAA-1,-0.48428609643824344
CXCR3-,HC,PB_2,AAGGTTCTCATACGGT-1,-0.09834107806026707
CXCR3-,HC,PB_2,AAGGTTCTCCACTCCA-1,0.07487315829963989
CXCR3+,HC,PB_2,AAGGTTCTCTTGCATT-1,-0.8782364013153338
CXCR3-,HC,PB_2,AAGTCTGAGATCTGCT-1,-0.09616316997372863
CXCR3-,HC,PB_2,AAGTCTGAGTGGGATC-1,-0.05626183913666584
CXCR3+,HC,PB_2,AAGTCTGCACCGTTGG-1,-0.02278994828975594
CXCR3-,HC,PB_2,AAGTCTGGTCCGAGTC-1,-0.2499284259804774
CXCR3-,HC,PB_2,AATCCAGAGTTGTCGT-1,-0.09834107806026707
CXCR3-,HC,PB_2,AATCCAGCAACACGCC-1,0.2878617563673655
CXCR3-,HC,PB_2,AATCCAGTCCACTGGG-1,-0.357017586120943
CXCR3-,HC,PB_2,AATCCAGTCTGATACG-1,-0.09834107806026707
CXCR3-,HC,PB_2,AATCGGTTCAAGGTAA-1,0.0713423635648383
CXCR3-,HC,PB_2,ACACCAAAGTGCGATG-1,0.23310124205988786
CXCR3-,HC,PB_2,ACACCAAGTCCTCTTG-1,0.2743317437898329
CXCR3-,HC,PB_2,ACACCAAGTGTTCGAT-1,0.2570866558574536
CXCR3-,HC,PB_2,ACACCAATCGATGAGG-1,0.18713147594937965
CXCR3-,HC,PB_2,ACACCAATCGTAGGTT-1,-0.5364391632608998
CXCR3-,HC,PB_2,ACACCCTGTCTAGGTT-1,0.504282170768015
CXCR3-,HC,PB_2,ACACCCTTCTCCAACC-1,0.29203543201066356
CXCR3-,HC,PB_2,ACACCGGAGATGTGTA-1,-0.0036313206214465543
CXCR3-,HC,PB_2,ACACCGGCATTCCTCG-1,-0.48635342233295825
CXCR3-,HC,PB_2,ACACCGGGTCGCGAAA-1,-0.0722962567892863
CXCR3+,HC,PB_2,ACACCGGGTGACCAAG-1,-0.7388127646049366
CXCR3+,HC,PB_2,ACACTGAAGGGAACGG-1,-0.2206382084294622
CXCR3-,HC,PB_2,ACACTGACAACACCTA-1,0.0854008851494296
CXCR3-,HC,PB_2,ACACTGACAGACGTAG-1,0.5121342960776892
CXCR3-,HC,PB_2,ACACTGACAGCTGGCT-1,-0.09834107806026707
CXCR3-,HC,PB_2,ACACTGAGTAATTGGA-1,-0.09834107806026707
CXCR3-,HC,PB_2,ACAGCCGTCGAACTGT-1,-0.33177358733216744
CXCR3-,HC,PB_2,ACAGCCGTCTTGAGAC-1,0.1691869194456259
CXCR3-,HC,PB_2,ACATACGGTCCGTGAC-1,0.22244685224535346
CXCR3+,HC,PB_2,ACATACGGTCCTCTTG-1,0.05481145935226924
CXCR3-,HC,PB_2,ACATACGTCCATGAGT-1,0.17652186006939288
CXCR3+,HC,PB_2,ACATCAGTCTAACCGA-1,-0.20032205363125757
CXCR3-,HC,PB_2,ACATGGTCAGTAGAGC-1,0.40196643880342553
CXCR3-,HC,PB_2,ACATGGTGTCTAAACC-1,-0.38054732062140895
CXCR3-,HC,PB_2,ACCAGTACATGCCACG-1-1,-0.09834107806026707
CXCR3-,HC,PB_2,ACCAGTATCAGGATCT-1,-0.09834107806026707
CXCR3+,HC,PB_2,ACCCACTCAGGGTATG-1,0.14031214080702373
CXCR3+,HC,PB_2,ACCGTAAAGCGTGAAC-1,0.643482825134547
CXCR3-,HC,PB_2,ACGAGCCAGATCCTGT-1,0.14184204842413015
CXCR3-,HC,PB_2,ACGAGCCTCGCTGATA-1,-0.37502456954859476
CXCR3+,HC,PB_2,ACGAGGAGTGAGTATA-1,-0.47886955768916517
CXCR3-,HC,PB_2,ACGATACCATATGCTG-1,-0.2055602101396307
CXCR3+,HC,PB_2,ACGATGTAGACCGGAT-1,-0.1633223100112547
CXCR3-,HC,PB_2,ACGATGTTCCCAAGTA-1,-0.09834107806026707
CXCR3-,HC,PB_2,ACGCAGCAGCTCCCAG-1,0.0261932942899697
CXCR3-,HC,PB_2,ACGCAGCAGGGTATCG-1,0.1503700887715303
CXCR3-,HC,PB_2,ACGCAGCTCCATGAGT-1,0.218825481992285
CXCR3-,HC,PB_2,ACGCCAGAGCAGCCTC-1,0.4096927552080838
CXCR3-,HC,PB_2,ACGCCAGGTTGGAGGT-1,-0.09834107806026707
CXCR3+,HC,PB_2,ACGCCAGTCCACGTTC-1,-0.11611437518287174
CXCR3-,HC,PB_2,ACGCCGAGTCCATGAT-1,-0.19400169677768747
CXCR3+,HC,PB_2,ACGGAGAGTAAGGGAA-1,0.2401970030649218
CXCR3-,HC,PB_2,ACGGCCAAGCGATATA-1,0.12119480393211735
CXCR3-,HC,PB_2,ACGGCCAGTGTGCGTC-1,0.10957471084870336
CXCR3-,HC,PB_2,ACGGCCATCCAGATCA-1,0.18533975723560311
CXCR3-,HC,PB_2,ACGGGCTCACTATCTT-1,-0.1945689654642458
CXCR3-,HC,PB_2,ACGGGCTCAGGGAGAG-1,-0.4278155739279915
CXCR3-,HC,PB_2,ACGGGCTTCAACACGT-1,-0.09834107806026707
CXCR3-,HC,PB_2,ACGGGTCCATCTATGG-1,1.0091262231087947
CXCR3-,HC,PB_2,ACTATCTAGAACTCGG-1,0.18280959529946766
CXCR3-,HC,PB_2,ACTATCTAGCAAATCA-1,0.485178754455648
CXCR3-,HC,PB_2,ACTATCTGTTCCAACA-1,0.15760694385059446
CXCR3-,HC,PB_2,ACTGAACGTAGAAGGA-1,-0.09834107806026707
CXCR3-,HC,PB_2,ACTGAACGTCCGAGTC-1,-0.09834107806026707
CXCR3+,HC,PB_2,ACTGAACGTTACAGAA-1,-0.03326357256422124
CXCR3-,HC,PB_2,ACTGAGTAGTACGACG-1,0.19997849640234547
CXCR3-,HC,PB_2,ACTGAGTAGTTAACGA-1,0.18765881158242906
CXCR3-,HC,PB_2,ACTGAGTCACAACGCC-1,0.24542881277394638
CXCR3-,HC,PB_2,ACTGAGTCACCGCTAG-1,-0.09834107806026707
CXCR3-,HC,PB_2,ACTGAGTGTATATGGA-1,-0.1890850048313524
CXCR3+,HC,PB_2,ACTGATGAGAGTTGGC-1,0.19808700134278062
CXCR3-,HC,PB_2,ACTGATGAGTTATCGC-1,-0.19556231947310693
CXCR3-,HC,PB_2,ACTGCTCAGAAGAAGC-1,-0.11461374556952163
CXCR3-,HC,PB_2,ACTGCTCAGTTCGCAT-1,0.47468204352321397
CXCR3-,HC,PB_2,ACTGCTCGTCGCATAT-1,-0.09834107806026707
CXCR3-,HC,PB_2,ACTGTCCAGAGCAATT-1,-0.09834107806026707
CXCR3-,HC,PB_2,ACTGTCCAGCCTATGT-1,0.15548369883797816
CXCR3-,HC,PB_2,ACTTACTGTTGCTCCT-1,0.44636764775716536
CXCR3-,HC,PB_2,ACTTGTTTCTGTACGA-1,-0.22747262377884928
CXCR3-,HC,PB_2,ACTTTCACAGTTCCCT-1,0.2562578695076223
CXCR3-,HC,PB_2,AGAATAGCAACAACCT-1,0.01316448517030717
CXCR3+,HC,PB_2,AGACGTTTCCGTAGTA-1,-0.3007492170850587
CXCR3+,HC,PB_2,AGACGTTTCTGATTCT-1,0.07648461591748844
CXCR3-,HC,PB_2,AGAGCGAAGAGATGAG-1,0.017668434639570244
CXCR3-,HC,PB_2,AGAGCGAAGTGAAGAG-1,-0.09834107806026707
CXCR3-,HC,PB_2,AGAGCGAGTCCAGTAT-1,0.23856947606293347
CXCR3-,HC,PB_2,AGAGCTTCAGCTTCGG-1,-0.29745782344296734
CXCR3-,HC,PB_2,AGAGCTTGTAAAGGAG-1,-0.09834107806026707
CXCR3+,HC,PB_2,AGAGCTTTCGGCTACG-1,0.16343243610392788
CXCR3-,HC,PB_2,AGAGTGGAGCCGATTT-1,-0.24489722664129152
CXCR3-,HC,PB_2,AGAGTGGCAAAGTCAA-1,0.13471778301849305
CXCR3-,HC,PB_2,AGAGTGGCACAAGCCC-1,0.20059726199547198
CXCR3-,HC,PB_2,AGATCTGTCTTGCATT-1,-0.3110951610821992
CXCR3-,HC,PB_2,AGATTGCGTCTAACGT-1,0.08209067125773906
CXCR3-,HC,PB_2,AGATTGCGTTCACGGC-1,-0.09834107806026707
CXCR3-,HC,PB_2,AGATTGCTCCGCGCAA-1,-0.09834107806026707
CXCR3+,HC,PB_2,AGCAGCCAGATCCCGC-1,-0.2502509092355712
CXCR3+,HC,PB_2,AGCAGCCCATCGTCGG-1,-0.046984229040601955
CXCR3-,HC,PB_2,AGCAGCCTCAAGAAGT-1,0.12454746695926966
CXCR3-,HC,PB_2,AGCATACAGTGTGAAT-1,-0.09834107806026707
CXCR3-,HC,PB_2,AGCATACTCACGACTA-1,-0.20358857332745753
CXCR3-,HC,PB_2,AGCATACTCCTTAATC-1,-0.20032339421807996
CXCR3+,HC,PB_2,AGCCTAAGTCTCCCTA-1,0.2364529212091536
CXCR3+,HC,PB_2,AGCGGTCAGCCTTGAT-1,-0.3117096932368432
CXCR3+,HC,PB_2,AGCTCTCTCGTGGACC-1,-0.18648868155190687
CXCR3-,HC,PB_2,AGCTTGAAGCGCCTCA-1,0.31310585603235186
CXCR3-,HC,PB_2,AGCTTGAAGGCTACGA-1,-0.09834107806026707
CXCR3-,HC,PB_2,AGCTTGAAGTGCTGCC-1,-0.09834107806026707
CXCR3+,HC,PB_2,AGCTTGAGTATAGGTA-1,0.6073888255849104
CXCR3-,HC,PB_2,AGGCCACAGTCTCAAC-1,-0.09834107806026707
CXCR3-,HC,PB_2,AGGCCACCATGCCTTC-1,-0.09834107806026707
CXCR3-,HC,PB_2,AGGGAGTTCGTAGGAG-1,0.055228150926496154
CXCR3+,HC,PB_2,AGGGATGAGAGTACCG-1,0.11996538833586341
CXCR3-,HC,PB_2,AGGGTGAGTAGCGCAA-1,-0.09834107806026707
CXCR3-,HC,PB_2,AGGGTGAGTTCCAACA-1,-0.22764877998299946
CXCR3-,HC,PB_2,AGGTCATCAAGCCGTC-1,0.024292725825083957
CXCR3-,HC,PB_2,AGGTCATCACCATGTA-1,0.19539144727962593
CXCR3-,HC,PB_2,AGGTCATCAGATTGCT-1,-0.5222474622717626
CXCR3-,HC,PB_2,AGGTCATGTAAGAGGA-1,0.09708975427979635
CXCR3-,HC,PB_2,AGGTCCGAGATCGGGT-1,-0.5535175417373102
CXCR3-,HC,PB_2,AGGTCCGGTATAGTAG-1,-0.3455697155483229
CXCR3-,HC,PB_2,AGGTCCGGTCAGGACA-1,-0.24935856124606684
CXCR3-,HC,PB_2,AGTAGTCCATCGATTG-1,-0.3279123357617268
CXCR3-,HC,PB_2,AGTAGTCGTGACGCCT-1,-0.09834107806026707
CXCR3-,HC,PB_2,AGTAGTCTCGTTACGA-1,0.22224252767766425
CXCR3+,HC,PB_2,AGTCTTTCAATCCAAC-1,0.21353660977109754
CXCR3-,HC,PB_2,AGTCTTTTCAGTCAGT-1,-0.09834107806026707
CXCR3-,HC,PB_2,AGTGAGGGTCTTGCGG-1,-0.10913467073502899
CXCR3-,HC,PB_2,AGTGAGGTCCGCGTTT-1,-0.09834107806026707
CXCR3-,HC,PB_2,AGTGGGACACGAAATA-1,0.14755596627178486
CXCR3-,HC,PB_2,AGTGGGATCGGAATCT-1,-0.1409929838110088
CXCR3-,HC,PB_2,AGTGTCAAGGGCTCTC-1,-0.09834107806026707
CXCR3-,HC,PB_2,AGTGTCACACAACTGT-1,0.08481848347325714
CXCR3-,HC,PB_2,AGTGTCATCATACGGT-1,-0.09834107806026707
CXCR3-,HC,PB_2,AGTTGGTTCGATCCCT-1,-0.09834107806026707
CXCR3-,HC,PB_2,AGTTGGTTCTACTCAT-1,0.18151274009303922
CXCR3-,HC,PB_2,ATAACGCAGGCTAGAC-1,-0.3599795354678203
CXCR3-,HC,PB_2,ATAACGCGTAGCTTGT-1,-0.22596986960192592
CXCR3-,HC,PB_2,ATAACGCTCAGCTCGG-1,0.1218083140021224
CXCR3+,HC,PB_2,ATAACGCTCTCCAGGG-1,-0.09834107806026707
CXCR3-,HC,PB_2,ATAAGAGAGGCATGGT-1,-0.21321355845326176
CXCR3-,HC,PB_2,ATAAGAGGTACATGTC-1,-0.08549472929501188
CXCR3-,HC,PB_2,ATAAGAGGTGATAAGT-1,-0.09834107806026707
CXCR3-,HC,PB_2,ATCACGAAGATCGATA-1,-0.09834107806026707
CXCR3-,HC,PB_2,ATCACGACAGTCCTTC-1,-0.09834107806026707
CXCR3+,HC,PB_2,ATCACGACATGAACCT-1,0.05239007793799141
CXCR3-,HC,PB_2,ATCACGAGTACGCACC-1,0.06144318696596152
CXCR3-,HC,PB_2,ATCATCTCATGACGGA-1,-0.09834107806026707
CXCR3-,HC,PB_2,ATCATCTGTCTGATCA-1,-0.3096694014758544
CXCR3+,HC,PB_2,ATCATCTGTGCGATAG-1,0.11970084065728748
CXCR3+,HC,PB_2,ATCATCTTCAGTTAGC-1,0.02214949458037017
CXCR3-,HC,PB_2,ATCATGGGTCTCCACT-1,0.11511360999505538
CXCR3-,HC,PB_2,ATCATGGTCATAGCAC-1,0.48588639258682553
CXCR3-,HC,PB_2,ATCATGGTCGATCCCT-1,-0.3188722984257373
CXCR3-,HC,PB_2,ATCCACCCAAAGGAAG-1,-0.019028037101185263
CXCR3-,HC,PB_2,ATCCACCCAACTTGAC-1,-0.06715778617425042
CXCR3-,HC,PB_2,ATCCACCCACTGAAGG-1,-0.5163072786054258
CXCR3-,HC,PB_2,ATCCACCGTGTTGGGA-1,0.3987839851456177
CXCR3-,HC,PB_2,ATCCACCGTTCAGCGC-1-1,-0.09834107806026707
CXCR3-,HC,PB_2,ATCCGAAAGTGTACTC-1,-0.04155940648125655
CXCR3-,HC,PB_2,ATCCGAACAGTCTTCC-1,0.09780135238763889
CXCR3-,HC,PB_2,ATCCGAAGTATATCCG-1,-0.09834107806026707
CXCR3-,HC,PB_2,ATCCGAAGTATATGAG-1,0.34082193619933193
CXCR3+,HC,PB_2,ATCCGAAGTTATTCTC-1,-0.024244052301081842
CXCR3+,HC,PB_2,ATCCGAAGTTCAGCGC-1,-0.09834107806026707
CXCR3-,HC,PB_2,ATCGAGTGTACAGTGG-1,0.20821297718661796
CXCR3+,HC,PB_2,ATCTACTGTATCACCA-1,-0.09834107806026707
CXCR3-,HC,PB_2,ATCTACTGTGATGTCT-1,0.07137150105121683
CXCR3-,HC,PB_2,ATCTACTTCATCTGTT-1,-0.33641103287326357
CXCR3+,HC,PB_2,ATCTGCCAGAAGCCCA-1,-0.09834107806026707
CXCR3-,HC,PB_2,ATCTGCCGTCTGGAGA-1,-0.0449094330846474
CXCR3-,HC,PB_2,ATCTGCCGTCTTTCAT-1,0.48586621187923595
CXCR3+,HC,PB_2,ATCTGCCTCTGAGGGA-1,-0.4106452984697733
CXCR3-,HC,PB_2,ATGAGGGCAAGACGTG-1,-0.09834107806026707
CXCR3-,HC,PB_2,ATGAGGGGTATGAATG-1,-0.09834107806026707
CXCR3-,HC,PB_2,ATGCGATCAAATACAG-1,-0.0932017422591388
CXCR3-,HC,PB_2,ATGCGATCATCCTTGC-1,0.18056234236348728
CXCR3-,HC,PB_2,ATGCGATTCAGTCCCT-1,0.24993361638440767
CXCR3-,HC,PB_2,ATGGGAGGTAAGGATT-1,0.24247472905417916
CXCR3-,HC,PB_2,ATGTGTGAGCGAGAAA-1,-0.723166697212899
CXCR3-,HC,PB_2,ATGTGTGGTTACGTCA-1,-0.2686346987411459
CXCR3-,HC,PB_2,ATGTGTGGTTTAAGCC-1,-0.09834107806026707
CXCR3-,HC,PB_2,ATTACTCCACTACAGT-1,-0.08691703212708868
CXCR3-,HC,PB_2,ATTACTCCAGAGTGTG-1,-0.09834107806026707
CXCR3-,HC,PB_2,ATTATCCAGTGTGAAT-1,0.7671799205549954
CXCR3-,HC,PB_2,ATTATCCAGTTAGGTA-1,-0.03193632128583087
CXCR3-,HC,PB_2,ATTATCCGTATATCCG-1,0.2166882749615691
CXCR3-,HC,PB_2,ATTATCCGTCTTCTCG-1,0.3100929473947406
CXCR3-,HC,PB_2,ATTATCCTCCGGGTGT-1,-0.09834107806026707
CXCR3+,HC,PB_2,ATTCTACGTAGGGTAC-1,-0.2694646647142129
CXCR3-,HC,PB_2,ATTGGACCATACCATG-1,-0.2241156467583891
CXCR3-,HC,PB_2,ATTGGACTCGGAAACG-1,0.3633464399136148
CXCR3-,HC,PB_2,ATTGGACTCTGGAGCC-1,-0.09834107806026707
CXCR3-,HC,PB_2,ATTGGTGCAGCGTAAG-1,-0.02015933149253607
CXCR3-,HC,PB_2,ATTGGTGTCGTCGTTC-1,0.6221983910691222
CXCR3+,HC,PB_2,ATTTCTGAGACCCACC-1,-0.09834107806026707
CXCR3-,HC,PB_2,ATTTCTGGTACACCGC-1,-0.09834107806026707
CXCR3-,HC,PB_2,ATTTCTGGTCTTCTCG-1,-0.09834107806026707
CXCR3-,HC,PB_2,ATTTCTGGTGGCCCTA-1,0.23652690174535032
CXCR3-,HC,PB_2,CAACCAAAGCTAACTC-1,-0.1089751719280067
CXCR3-,HC,PB_2,CAACCAAGTAGCAAAT-1,-0.09834107806026707
CXCR3-,HC,PB_2,CAACCAAGTTGGTTTG-1,-0.09834107806026707
CXCR3-,HC,PB_2,CAACCAATCACTTATC-1,0.07793901009508693
CXCR3-,HC,PB_2,CAACCAATCCGCAGTG-1,0.5221412856590829
CXCR3-,HC,PB_2,CAACCAATCTTACCGC-1,0.3043041498986318
CXCR3+,HC,PB_2,CAACCTCCAAGTTAAG-1,0.07139097305041765
CXCR3+,HC,PB_2,CAACCTCCACCCATTC-1,-0.09834107806026707
CXCR3-,HC,PB_2,CAACCTCGTGTAATGA-1,0.3604712129597895
CXCR3-,HC,PB_2,CAACCTCGTTATGCGT-1,-0.09834107806026707
CXCR3-,HC,PB_2,CAACTAGAGCCACCTG-1,-0.09834107806026707
CXCR3-,HC,PB_2,CAACTAGGTAAATGTG-1,0.27742019361947634
CXCR3-,HC,PB_2,CAACTAGGTACGACCC-1,-0.21545404737235452
CXCR3-,HC,PB_2,CAAGAAAAGGTGGGTT-1,0.22770059852895463
CXCR3-,HC,PB_2,CAAGAAATCGGGAGTA-1,-0.22439245695330726
CXCR3-,HC,PB_2,CAAGATCCAATCACAC-1,-0.09834107806026707
CXCR3-,HC,PB_2,CAAGATCTCCAGAGGA-1,0.24023351119924322
CXCR3-,HC,PB_2,CAAGATCTCGTACGGC-1,-0.012848091264889918
CXCR3-,HC,PB_2,CAAGGCCAGGCCCTTG-1,0.027157447670640156
CXCR3-,HC,PB_2,CAAGGCCTCCCTCAGT-1,-0.09834107806026707
CXCR3+,HC,PB_2,CAAGGCCTCTGCAAGT-1,0.35010204507497505
CXCR3+,HC,PB_2,CAAGTTGGTGACCAAG-1,-0.5118914016275079
CXCR3-,HC,PB_2,CACAAACAGGACCACA-1,0.46155621678641895
CXCR3+,HC,PB_2,CACAAACGTAATCACC-1,-0.4203951534455233
CXCR3-,HC,PB_2,CACAAACGTGAAATCA-1,-0.622832935383669
CXCR3-,HC,PB_2,CACAAACGTGGTCCGT-1,0.2037475507439625
CXCR3+,HC,PB_2,CACACAACACAGGAGT-1,-0.09834107806026707
CXCR3+,HC,PB_2,CACACAACACCCTATC-1,-0.6208809653568742
CXCR3-,HC,PB_2,CACACAAGTTCGTGAT-1,0.15117034061523876
CXCR3-,HC,PB_2,CACACCTCACCCTATC-1,-0.3134003718129331
CXCR3-,HC,PB_2,CACACCTGTTCGTCTC-1,-0.44789952232255087
CXCR3-,HC,PB_2,CACACTCCAGGGTACA-1,-0.09834107806026707
CXCR3-,HC,PB_2,CACACTCGTTTGTTTC-1,-0.09834107806026707
CXCR3-,HC,PB_2,CACACTCTCAGCCTAA-1,-0.11194812396981393
CXCR3-,HC,PB_2,CACACTCTCGGATGGA-1,0.3693224654525206
CXCR3-,HC,PB_2,CACAGGCAGAACTGTA-1,-0.6709359414230442
CXCR3-,HC,PB_2,CACAGGCGTGTAATGA-1,-0.09834107806026707
CXCR3-,HC,PB_2,CACAGTAAGAAGAAGC-1,0.2574706988511263
CXCR3-,HC,PB_2,CACAGTAAGACCACGA-1,0.10904359966864594
CXCR3-,HC,PB_2,CACAGTAGTATAGGTA-1,0.09548213189141282
CXCR3-,HC,PB_2,CACAGTATCAGGCGAA-1,0.15516440758709132
CXCR3-,HC,PB_2,CACATAGAGATATGCA-1,0.5981342953744034
CXCR3-,HC,PB_2,CACATAGGTCGACTAT-1,-0.09834107806026707
CXCR3-,HC,PB_2,CACATAGGTGCAGACA-1,-0.3047179855232602
CXCR3-,HC,PB_2,CACATTTAGATTACCC-1,-0.09834107806026707
CXCR3-,HC,PB_2,CACATTTCACGAAAGC-1,-0.3924689425446923
CXCR3-,HC,PB_2,CACCACTGTCTCCATC-1,-0.349488481034001
CXCR3+,HC,PB_2,CACCACTTCTAGAGTC-1,0.30846991548390906
CXCR3+,HC,PB_2,CACCAGGAGCTCTCGG-1,-0.05264891770806265
CXCR3-,HC,PB_2,CACCAGGAGCTGCCCA-1,0.1770184931008784
CXCR3-,HC,PB_2,CACCAGGCATAACCTG-1,0.17322741219399512
CXCR3-,HC,PB_2,CACCTTGCATATGAGA-1,-0.2657680750088377
CXCR3-,HC,PB_2,CACCTTGGTCCCGACA-1,0.17850000850639763
CXCR3-,HC,PB_2,CACCTTGGTCCGTGAC-1,-0.243344614221053
CXCR3-,HC,PB_2,CACCTTGTCTGTTTGT-1,-0.17036782556256777
CXCR3-,HC,PB_2,CACTCCAAGGCTACGA-1,-0.2276950972628804
CXCR3+,HC,PB_2,CACTCCAAGGCTCATT-1,-0.0463170994108106
CXCR3+,HC,PB_2,CACTCCAGTTAAGATG-1,-0.2091580277348801
CXCR3+,HC,PB_2,CACTCCATCAAACCAC-1-1,-0.27729419286218554
CXCR3-,HC,PB_2,CACTCCATCACCGTAA-1,-0.05704558833926987
CXCR3-,HC,PB_2,CACTCCATCAGGCGAA-1,-0.09834107806026707
CXCR3-,HC,PB_2,CACTCCATCGAGCCCA-1,-0.2899253121463702
CXCR3-,HC,PB_2,CACTCCATCTTACCGC-1,-0.359557853633315
CXCR3-,HC,PB_2,CAGAATCAGGTCATCT-1,-0.09834107806026707
CXCR3-,HC,PB_2,CAGAATCTCACATAGC-1,0.06244989990566697
CXCR3+,HC,PB_2,CAGAGAGTCGCCTGAG-1,0.3006978134629617
CXCR3-,HC,PB_2,CAGATCAAGCTGTTCA-1,0.01575285982878315
CXCR3-,HC,PB_2,CAGATCAAGGGTGTGT-1,-0.09834107806026707
CXCR3-,HC,PB_2,CAGCAGCAGAGCCCAA-1,-0.3678176607890597
CXCR3-,HC,PB_2,CAGCAGCAGGGTCTCC-1,0.12474245886275107
CXCR3-,HC,PB_2,CAGCAGCCACCTCGTT-1,0.2320565488643483
CXCR3-,HC,PB_2,CAGCAGCCATAACCTG-1,0.1685271466769052
CXCR3-,HC,PB_2,CAGCAGCCATCACGTA-1,-0.09834107806026707
CXCR3-,HC,PB_2,CAGCAGCGTAGAGCTG-1,-0.09834107806026707
CXCR3-,HC,PB_2,CAGCAGCGTCAGAGGT-1,0.1546353587880722
CXCR3-,HC,PB_2,CAGCAGCTCTCTTATG-1,0.09416879307529091
CXCR3-,HC,PB_2,CAGCATACAAAGGCGT-1,-0.2559382771724355
CXCR3-,HC,PB_2,CAGCATACATATACGC-1,0.3682862730892108
CXCR3-,HC,PB_2,CAGCATAGTCCTAGCG-1,0.2834061028165983
CXCR3-,HC,PB_2,CAGCATAGTGCATCTA-1-1,-0.4055992936173264
CXCR3-,HC,PB_2,CAGCATAGTTACCAGT-1,-0.09834107806026707
CXCR3-,HC,PB_2,CAGCATAGTTCGCGAC-1,-0.09834107806026707
CXCR3-,HC,PB_2,CAGCGACAGGGAACGG-1,-0.09834107806026707
CXCR3-,HC,PB_2,CAGCGACCACCGGAAA-1,-0.09834107806026707
CXCR3-,HC,PB_2,CAGCTAACAGGTCCAC-1,-0.050660079360652685
CXCR3-,HC,PB_2,CAGCTGGCACCTATCC-1,-0.09834107806026707
CXCR3-,HC,PB_2,CAGCTGGGTTCGTTGA-1-1,0.027998802350834885
CXCR3-,HC,PB_2,CAGCTGGTCCCTCTTT-1,-0.09834107806026707
CXCR3-,HC,PB_2,CAGCTGGTCGGCTTGG-1,0.42378914809617985
CXCR3-,HC,PB_2,CAGCTGGTCTCCCTGA-1,0.17392923911151575
CXCR3-,HC,PB_2,CAGGTGCTCGCTAGCG-1,-0.2091580277348801
CXCR3-,HC,PB_2,CAGTAACCAGTGGAGT-1,-0.09834107806026707
CXCR3-,HC,PB_2,CAGTCCTCACCCATTC-1,0.04035098834390071
CXCR3-,HC,PB_2,CAGTCCTTCCCTTGCA-1,-0.41386302198448593
CXCR3+,HC,PB_2,CATATGGAGACTCGGA-1,0.1732806754165699
CXCR3-,HC,PB_2,CATATGGCACACATGT-1,0.21378013304256518
CXCR3-,HC,PB_2,CATATTCAGGTTACCT-1,0.19283492816915912
CXCR3-,HC,PB_2,CATATTCCAGGGTACA-1,-0.20827810229649124
CXCR3-,HC,PB_2,CATATTCGTGTGGCTC-1,-0.09834107806026707
CXCR3-,HC,PB_2,CATATTCTCGTGGTCG-1,-0.09834107806026707
CXCR3-,HC,PB_2,CATCAAGAGTACACCT-1,0.17531645063516468
CXCR3-,HC,PB_2,CATCAAGCAAACTGTC-1,-0.4071429864111537
CXCR3-,HC,PB_2,CATCAAGGTCAAACTC-1,0.18702356908547854
CXCR3-,HC,PB_2,CATCAAGTCGGCCGAT-1,-0.2549684107315277
CXCR3-,HC,PB_2,CATCAAGTCTGGTGTA-1,0.3936225931980776
CXCR3-,HC,PB_2,CATCAGAGTCGCTTTC-1,-0.09834107806026707
CXCR3-,HC,PB_2,CATCAGAGTGCTTCTC-1,-0.36263144547874887
CXCR3+,HC,PB_2,CATCCACAGAGTTGGC-1,0.06360088379181748
CXCR3-,HC,PB_2,CATCCACAGGGTGTTG-1,-0.09834107806026707
CXCR3-,HC,PB_2,CATCCACCACTTACGA-1,-0.09834107806026707
CXCR3-,HC,PB_2,CATCCACGTCGCGTGT-1,-0.09834107806026707
CXCR3-,HC,PB_2,CATCGAAGTCGACTAT-1,0.2740857863234576
CXCR3-,HC,PB_2,CATCGAATCGCCTGTT-1,0.043258137823800065
CXCR3-,HC,PB_2,CATCGGGGTTAAAGAC-1,-0.24367771704727742
CXCR3-,HC,PB_2,CATGCCTGTAGCGTAG-1,-0.09834107806026707
CXCR3-,HC,PB_2,CATGCCTTCGCGTAGC-1,0.498405060864092
CXCR3-,HC,PB_2,CATGGCGCATTGGCGC-1-1,-0.09834107806026707
CXCR3-,HC,PB_2,CATGGCGGTTCCACAA-1,-0.09834107806026707
CXCR3-,HC,PB_2,CATGGCGGTTCCGGCA-1,0.08644233012274058
CXCR3-,HC,PB_2,CATGGCGTCTGCAGTA-1,0.2674527351385676
CXCR3-,HC,PB_2,CATTATCGTCTCCCTA-1,-0.09834107806026707
CXCR3-,HC,PB_2,CATTATCTCCCTCAGT-1,-0.09834107806026707
CXCR3+,HC,PB_2,CATTCGCAGCAAATCA-1,0.043131662206976826
CXCR3-,HC,PB_2,CATTCGCGTAATTGGA-1,0.04992460986402726
CXCR3-,HC,PB_2,CATTCGCGTGAACCTT-1,-0.4514116557077629
CXCR3+,HC,PB_2,CATTCGCTCCGCATCT-1,0.08618558599521058
CXCR3-,HC,PB_2,CCAATCCAGATCCGAG-1,-0.09834107806026707
CXCR3-,HC,PB_2,CCAATCCAGTGACATA-1,0.09043132581169691
CXCR3-,HC,PB_2,CCAATCCCATTTCAGG-1,0.2044298593779681
CXCR3-,HC,PB_2,CCAATCCGTACCAGTT-1,0.30448031007185133
CXCR3+,HC,PB_2,CCACCTATCTCTTGAT-1,-0.11375318256381149
CXCR3-,HC,PB_2,CCACGGACACCTCGGA-1,-0.269131453768273
CXCR3-,HC,PB_2,CCACTACAGCCTTGAT-1,-0.21543836560248406
CXCR3-,HC,PB_2,CCACTACAGCGACGTA-1,0.23807868604447419
CXCR3-,HC,PB_2,CCACTACCAGGGTTAG-1,-0.319303294907101
CXCR3+,HC,PB_2,CCACTACCATGAGCGA-1,-0.5522094358917632
CXCR3-,HC,PB_2,CCACTACTCTCCTATA-1,-0.09834107806026707
CXCR3-,HC,PB_2,CCAGCGACAAGAGTCG-1,-0.23103858713276307
CXCR3-,HC,PB_2,CCAGCGAGTTTGGGCC-1,-0.09834107806026707
CXCR3-,HC,PB_2,CCATGTCAGAATGTTG-1,0.10720221304965216
CXCR3-,HC,PB_2,CCATGTCAGATCCCGC-1,-0.09834107806026707
CXCR3-,HC,PB_2,CCATGTCCACATGGGA-1,0.153507310582958
CXCR3-,HC,PB_2,CCATGTCCAGACACTT-1,-0.3441195451154031
CXCR3-,HC,PB_2,CCATGTCCAGCCTATA-1,-0.09834107806026707
CXCR3-,HC,PB_2,CCATGTCCAGTGAGTG-1,-0.3439654207963073
CXCR3-,HC,PB_2,CCATGTCCATCGGTTA-1,0.00866253320239759
CXCR3+,HC,PB_2,CCATGTCGTAAGTTCC-1,0.28721587334157
CXCR3-,HC,PB_2,CCATGTCGTAGCTGCC-1,0.10202188945035394
CXCR3-,HC,PB_2,CCATGTCTCACGGTTA-1,-0.6091704839771437
CXCR3-,HC,PB_2,CCATGTCTCATGTCTT-1,0.551355361673242
CXCR3-,HC,PB_2,CCATGTCTCATGTGGT-1,-0.09834107806026707
CXCR3-,HC,PB_2,CCATGTCTCCCAACGG-1,-0.22845828982095354
CXCR3-,HC,PB_2,CCATTCGAGATAGGAG-1,-0.45423915645654306
CXCR3-,HC,PB_2,CCATTCGGTATAGTAG-1,-0.5388682318175123
CXCR3-,HC,PB_2,CCATTCGGTGACGCCT-1,0.2480222500631513
CXCR3-,HC,PB_2,CCCAATCAGCTGATAA-1,-0.09834107806026707
CXCR3-,HC,PB_2,CCCAGTTCACGCATCG-1,-0.09834107806026707
CXCR3-,HC,PB_2,CCCAGTTTCCATGAGT-1,0.0877023536916283
CXCR3-,HC,PB_2,CCCTCCTCAATACGCT-1,0.08326959463953824
CXCR3-,HC,PB_2,CCCTCCTCAGCCACCA-1,-0.09834107806026707
CXCR3+,HC,PB_2,CCCTCCTCAGTCCTTC-1,0.023010097881995293
CXCR3-,HC,PB_2,CCCTCCTGTATGCTTG-1,-0.27863129367058365
CXCR3-,HC,PB_2,CCCTCCTTCCACGTTC-1,0.08999672714485278
CXCR3-,HC,PB_2,CCCTCCTTCCTCAATT-1,-0.009910791656323454
CXCR3-,HC,PB_2,CCGGGATAGGGAACGG-1,0.1270999453475142
CXCR3-,HC,PB_2,CCGGGATCACATCCGG-1,-0.12137638269365889
CXCR3-,HC,PB_2,CCGGGATCATACCATG-1,-0.2525947019082576
CXCR3-,HC,PB_2,CCGGGATTCAGCAACT-1,0.15559850482924173
CXCR3-,HC,PB_2,CCGGGATTCAGGATCT-1,0.21433219966689832
CXCR3-,HC,PB_2,CCGGTAGGTACAAGTA-1,-0.03702263720454256
CXCR3+,HC,PB_2,CCGGTAGTCTCCAACC-1,0.004827493382186679
CXCR3-,HC,PB_2,CCGTACTGTAGCACGA-1,-0.04717148098934992
CXCR3-,HC,PB_2,CCGTACTTCGCGCCAA-1,0.1025447947068118
CXCR3+,HC,PB_2,CCGTGGAGTAGTAGTA-1,0.2900480678094444
CXCR3-,HC,PB_2,CCGTTCATCCGCGTTT-1,0.18302005066310992
CXCR3-,HC,PB_2,CCTAAAGCAGACTCGC-1,-0.09834107806026707
CXCR3-,HC,PB_2,CCTAAAGTCATTCACT-1,-0.09834107806026707
CXCR3-,HC,PB_2,CCTACACAGTTAGGTA-1,0.16790989476315735
CXCR3-,HC,PB_2,CCTACACCAGAAGCAC-1,-0.23372287562010235
CXCR3-,HC,PB_2,CCTACACTCAGCTCGG-1,-0.09834107806026707
CXCR3-,HC,PB_2,CCTACACTCAGTCAGT-1,-0.09834107806026707
CXCR3-,HC,PB_2,CCTACCATCGGCGCAT-1,-0.09834107806026707
CXCR3+,HC,PB_2,CCTACCATCTAAGCCA-1,0.06721252002611912
CXCR3-,HC,PB_2,CCTAGCTCAAGCCATT-1,0.22151862561109184
CXCR3-,HC,PB_2,CCTAGCTCATCACGTA-1,-0.653949898754286
CXCR3-,HC,PB_2,CCTATTAAGAAACCTA-1,-0.09834107806026707
CXCR3-,HC,PB_2,CCTATTACATTAGGCT-1,-0.09834107806026707
CXCR3-,HC,PB_2,CCTCAGTAGAATCTCC-1,-0.09834107806026707
CXCR3-,HC,PB_2,CCTCAGTAGCAAATCA-1,-0.09834107806026707
CXCR3-,HC,PB_2,CCTCAGTAGTGCGATG-1,0.4703781606843993
CXCR3-,HC,PB_2,CCTCAGTCACAACGCC-1,-0.09834107806026707
CXCR3-,HC,PB_2,CCTTACGAGTCCTCCT-1,0.44817234395984334
CXCR3-,HC,PB_2,CCTTACGGTCCATCCT-1,-0.030526906803245626
CXCR3-,HC,PB_2,CCTTCCCAGGCCCTTG-1,0.15513757397527697
CXCR3+,HC,PB_2,CCTTCCCCAAGCTGGA-1,-0.09834107806026707
CXCR3-,HC,PB_2,CCTTCCCGTCATATCG-1,0.39172736793593416
CXCR3+,HC,PB_2,CCTTCCCGTGACAAAT-1,-0.5227890363531613
CXCR3-,HC,PB_2,CCTTCCCTCTGCGTAA-1,0.5904000115386534
CXCR3+,HC,PB_2,CCTTCGAAGGATGTAT-1,0.0939140377030518
CXCR3-,HC,PB_2,CCTTCGAAGTATCGAA-1,-0.09834107806026707
CXCR3-,HC,PB_2,CCTTCGATCTACGAGT-1,0.2066576122005807
CXCR3-,HC,PB_2,CCTTTCTAGACAGAGA-1,-0.03159123370150426
CXCR3+,HC,PB_2,CCTTTCTAGCTGCGAA-1,-0.07551269601393351
CXCR3-,HC,PB_2,CCTTTCTCATTTGCCC-1,0.19990363391146942
CXCR3-,HC,PB_2,CCTTTCTGTGTGACGA-1,-0.2270985321327445
CXCR3-,HC,PB_2,CCTTTCTTCCGTTGCT-1,-0.18768840140868165
CXCR3-,HC,PB_2,CGAACATCAAGGACAC-1,0.7738925817001314
CXCR3-,HC,PB_2,CGAACATGTTACCAGT-1,-0.09834107806026707
CXCR3-,HC,PB_2,CGAACATTCGGAGCAA-1,0.34652287017136973
CXCR3-,HC,PB_2,CGAATGTCATCACGAT-1,0.5153643670608116
CXCR3-,HC,PB_2,CGACCTTAGTGGAGTC-1,-0.09834107806026707
CXCR3-,HC,PB_2,CGACCTTAGTGTACTC-1,-0.1535658782168213
CXCR3-,HC,PB_2,CGACCTTGTCTCTCTG-1,-0.09834107806026707
CXCR3-,HC,PB_2,CGACTTCCACCTCGTT-1,0.7311049495246724
CXCR3-,HC,PB_2,CGACTTCCATCACAAC-1,-0.13827465308286185
CXCR3+,HC,PB_2,CGACTTCTCAGCCTAA-1,-0.09834107806026707
CXCR3-,HC,PB_2,CGACTTCTCTAGCACA-1,-0.09834107806026707
CXCR3-,HC,PB_2,CGAGAAGAGGCATGGT-1,-0.09834107806026707
CXCR3-,HC,PB_2,CGAGCACAGCATGGCA-1,-0.09834107806026707
CXCR3-,HC,PB_2,CGAGCACAGGGCATGT-1,0.2851111281201139
CXCR3+,HC,PB_2,CGAGCACCACCTCGGA-1,0.025757438194555036
CXCR3-,HC,PB_2,CGAGCACCACGAAATA-1,-0.09834107806026707
CXCR3-,HC,PB_2,CGAGCACCAGCTGTGC-1,-0.09834107806026707
CXCR3-,HC,PB_2,CGAGCACTCAAGCCTA-1,-0.09834107806026707
CXCR3-,HC,PB_2,CGAGCCAAGGCCCGTT-1,-0.22347509685649816
CXCR3-,HC,PB_2,CGAGCCACACATGTGT-1,-0.09834107806026707
CXCR3-,HC,PB_2,CGAGCCACAGAGTGTG-1,-0.09834107806026707
CXCR3-,HC,PB_2,CGAGCCATCATCATTC-1,0.3008572908772472
CXCR3-,HC,PB_2,CGATCGGAGATAGTCA-1,-0.09834107806026707
CXCR3-,HC,PB_2,CGATCGGTCAGAGCTT-1,0.06087146832626095
CXCR3-,HC,PB_2,CGATCGGTCTCAACTT-1,-0.7269317359146238
CXCR3+,HC,PB_2,CGATGGCAGGTGATTA-1,0.10486579238240536
CXCR3-,HC,PB_2,CGATGGCCAGGCAGTA-1,0.6265976545646933
CXCR3-,HC,PB_2,CGATGTAAGGCAGGTT-1,-0.47112150911894185
CXCR3-,HC,PB_2,CGATGTAAGTTAACGA-1,0.05247192523295462
CXCR3-,HC,PB_2,CGATGTAGTCGCTTCT-1,-0.09834107806026707
CXCR3+,HC,PB_2,CGATGTAGTCTCACCT-1-1,-0.09834107806026707
CXCR3-,HC,PB_2,CGATTGAAGAGTCTGG-1,0.4781411258131068
CXCR3-,HC,PB_2,CGATTGACAGCCTTTC-1,-0.2850728317699529
CXCR3+,HC,PB_2,CGATTGAGTGACAAAT-1,0.3611681316823538
CXCR3-,HC,PB_2,CGCCAAGGTTTAAGCC-1,-0.09834107806026707
CXCR3-,HC,PB_2,CGCGGTAGTTCTGTTT-1,-0.09834107806026707
CXCR3-,HC,PB_2,CGCGGTATCACCGGGT-1,-0.09834107806026707
CXCR3-,HC,PB_2,CGCGGTATCGTTGCCT-1,-0.09834107806026707
CXCR3-,HC,PB_2,CGCGTTTCAGTTAACC-1,-0.2848781253224269
CXCR3-,HC,PB_2,CGCGTTTCATCGACGC-1,0.18840997395940537
CXCR3-,HC,PB_2,CGCGTTTGTTACCGAT-1,0.3681987066758477
CXCR3-,HC,PB_2,CGCTATCAGCTGAACG-1,0.27230047093552845
CXCR3-,HC,PB_2,CGCTTCACACCAACCG-1,-0.14635119672707145
CXCR3-,HC,PB_2,CGCTTCACAGGACCCT-1,-0.09834107806026707
CXCR3-,HC,PB_2,CGGACACGTGGGTATG-1,-0.009670712921344296
CXCR3-,HC,PB_2,CGGACGTCACGCCAGT-1,0.1015144496427723
CXCR3-,HC,PB_2,CGGACGTTCCCGGATG-1,0.10363128904763698
CXCR3-,HC,PB_2,CGGAGCTCAGGGTTAG-1,-0.07267021525473825
CXCR3-,HC,PB_2,CGGAGCTGTGTGCCTG-1,0.2958709649970205
CXCR3-,HC,PB_2,CGGAGTCGTCAGCTAT-1,-0.18830013696330775
CXCR3-,HC,PB_2,CGGCTAGAGCCTTGAT-1,-0.09834107806026707
CXCR3-,HC,PB_2,CGGGTCACAATGACCT-1,0.6507046999912722
CXCR3+,HC,PB_2,CGGGTCACATGCCACG-1,-0.13547975919138347
CXCR3-,HC,PB_2,CGGGTCAGTCTCACCT-1,-0.09834107806026707
CXCR3-,HC,PB_2,CGGTTAAAGAAACCAT-1,0.29755644893384964
CXCR3-,HC,PB_2,CGGTTAAAGACAATAC-1,0.463588533360757
CXCR3-,HC,PB_2,CGGTTAATCGCGTTTC-1,0.6012961328798427
CXCR3-,HC,PB_2,CGTAGCGAGCAACGGT-1,0.1713915820866531
CXCR3-,HC,PB_2,CGTAGCGAGGCCCTTG-1,-0.09834107806026707
CXCR3-,HC,PB_2,CGTAGCGCAGTGAGTG-1,0.09571236067645318
CXCR3+,HC,PB_2,CGTAGCGGTCCGACGT-1,-0.19177408261509896
CXCR3-,HC,PB_2,CGTAGCGGTGATGTGG-1,0.10385021022174434
CXCR3-,HC,PB_2,CGTAGGCGTGTAACGG-1,-0.8220282692672828
CXCR3-,HC,PB_2,CGTCACTCAGTGGGAT-1,-0.15985944925282358
CXCR3-,HC,PB_2,CGTCACTTCAGGTTCA-1,-0.2224832776535703
CXCR3-,HC,PB_2,CGTCAGGCAGACGCTC-1,0.865992097944291
CXCR3-,HC,PB_2,CGTCAGGGTCCAGTTA-1,0.22454891042925465
CXCR3-,HC,PB_2,CGTCCATAGTGAAGAG-1,0.020038950801736104
CXCR3-,HC,PB_2,CGTCCATCAACACCCG-1,0.10550040643953296
CXCR3-,HC,PB_2,CGTCCATCAAGCCCAC-1,0.09239521611664352
CXCR3-,HC,PB_2,CGTCCATTCATCACCC-1,-0.010894467487445793
CXCR3-,HC,PB_2,CGTCCATTCTTTAGTC-1,-0.20623556935132376
CXCR3-,HC,PB_2,CGTGAGCAGCTCCTTC-1,0.01910337216127758
CXCR3-,HC,PB_2,CGTGAGCGTAAGTGTA-1,-0.09834107806026707
CXCR3-,HC,PB_2,CGTGTAAAGGGAAACA-1,-0.09834107806026707
CXCR3+,HC,PB_2,CGTGTCTAGATCGATA-1,0.10065238799928997
CXCR3-,HC,PB_2,CGTGTCTAGGCTACGA-1,0.10187128857839291
CXCR3-,HC,PB_2,CGTGTCTCAAACTGCT-1,0.6874349276156513
CXCR3-,HC,PB_2,CGTGTCTCAAGCCTAT-1,-0.09834107806026707
CXCR3-,HC,PB_2,CGTGTCTGTAAGTGGC-1,-0.2747424362602279
CXCR3+,HC,PB_2,CGTTAGAAGCAGCCTC-1,-0.617460709501679
CXCR3-,HC,PB_2,CGTTAGACATACGCTA-1,-0.09834107806026707
CXCR3-,HC,PB_2,CGTTAGAGTGGTCCGT-1,0.10458475125247875
CXCR3+,HC,PB_2,CGTTCTGAGTGCGATG-1,0.0899554935797159
CXCR3-,HC,PB_2,CTAACTTAGGCTCATT-1,-0.09834107806026707
CXCR3-,HC,PB_2,CTAACTTCAGGATTGG-1,0.11891629512388957
CXCR3-,HC,PB_2,CTAACTTCATCGATTG-1,-0.09834107806026707
CXCR3-,HC,PB_2,CTAAGACCAGACAGGT-1,-0.09834107806026707
CXCR3-,HC,PB_2,CTAAGACCATTCTTAC-1,0.5384145190327825
CXCR3-,HC,PB_2,CTAATGGGTTGCGTTA-1,-0.09834107806026707
CXCR3-,HC,PB_2,CTAATGGGTTGCTCCT-1,0.018977702541266763
CXCR3-,HC,PB_2,CTACACCCAAACGTGG-1,-0.09834107806026707
CXCR3-,HC,PB_2,CTACACCGTAGGACAC-1,0.07127900454096343
CXCR3-,HC,PB_2,CTACACCGTCCAAGTT-1,-0.09834107806026707
CXCR3-,HC,PB_2,CTACACCGTGGTCTCG-1,-0.09834107806026707
CXCR3+,HC,PB_2,CTACACCTCCGCTGTT-1,0.08030498433521939
CXCR3-,HC,PB_2,CTACATTAGACGCACA-1,0.1688754260227789
CXCR3-,HC,PB_2,CTACATTAGTTGTCGT-1,0.29178707806225174
CXCR3-,HC,PB_2,CTACATTCAGTAACGG-1,0.1395304232383829
CXCR3-,HC,PB_2,CTACATTCATTTGCTT-1,-0.19578838129580928
CXCR3-,HC,PB_2,CTACATTGTACGACCC-1,0.11416058542099201
CXCR3-,HC,PB_2,CTACATTGTATGAATG-1,-0.032941275275650814
CXCR3+,HC,PB_2,CTACATTTCTAACGGT-1,-0.3200440053258215
CXCR3-,HC,PB_2,CTACCCAAGCGTTGCC-1,-0.09834107806026707
CXCR3-,HC,PB_2,CTACCCAAGGCAAAGA-1,-0.09834107806026707
CXCR3-,HC,PB_2,CTACCCACAGCTCGAC-1,-0.09834107806026707
CXCR3+,HC,PB_2,CTACCCAGTCTTCGTC-1,-0.41264852492975823
CXCR3-,HC,PB_2,CTACCCATCCTCCTAG-1,-0.20396434959679932
CXCR3-,HC,PB_2,CTACCCATCTTTAGGG-1,-0.09834107806026707
CXCR3+,HC,PB_2,CTACGTCAGACTTGAA-1,-0.2875126894189767
CXCR3-,HC,PB_2,CTACGTCTCTATGTGG-1,0.1974326878525374
CXCR3+,HC,PB_2,CTAGAGTAGCCGATTT-1,-0.09834107806026707
CXCR3-,HC,PB_2,CTAGAGTAGCGGCTTC-1,0.27180089419394654
CXCR3-,HC,PB_2,CTAGAGTGTACTTAGC-1,0.37409389119024195
CXCR3-,HC,PB_2,CTAGAGTGTTTGGCGC-1,0.28513799578711113
CXCR3-,HC,PB_2,CTAGCCTCATGAAGTA-1,-0.2574631647940419
CXCR3+,HC,PB_2,CTAGCCTTCAGTGTTG-1,-0.2204042178329209
CXCR3+,HC,PB_2,CTAGCCTTCTACGAGT-1,-0.2752416504709344
CXCR3-,HC,PB_2,CTAGCCTTCTCTGAGA-1,-0.03320002204953668
CXCR3-,HC,PB_2,CTAGTGAGTATAGTAG-1,0.3269521719891509
CXCR3-,HC,PB_2,CTAGTGAGTCGCATCG-1,0.038201278905253704
CXCR3-,HC,PB_2,CTAGTGAGTTACAGAA-1,-0.10643072247777541
CXCR3-,HC,PB_2,CTAGTGATCAGCTCGG-1,0.5062679330682132
CXCR3-,HC,PB_2,CTAGTGATCGGACAAG-1,0.16831444349876776
CXCR3-,HC,PB_2,CTCACACGTTCAACCA-1,0.17202821322091605
CXCR3-,HC,PB_2,CTCATTACATGCCTAA-1,0.6206105751507274
CXCR3-,HC,PB_2,CTCATTAGTGCTAGCC-1,-0.09834107806026707
CXCR3-,HC,PB_2,CTCCTAGAGGCACATG-1,0.01993952033676965
CXCR3-,HC,PB_2,CTCCTAGTCAGTCAGT-1,-0.09834107806026707
CXCR3-,HC,PB_2,CTCGAAAAGACAAAGG-1,0.12848065388379273
CXCR3+,HC,PB_2,CTCGAAAAGATGTGGC-1,-0.060828106248079494
CXCR3+,HC,PB_2,CTCGAAAGTCCGAAGA-1,-0.0734439649644018
CXCR3-,HC,PB_2,CTCGAAAGTGCGGTAA-1,0.45103478249287526
CXCR3-,HC,PB_2,CTCGAAATCCGGGTGT-1,0.12055868123235472
CXCR3-,HC,PB_2,CTCGAGGAGCTTCGCG-1,0.059813652749371934
CXCR3-,HC,PB_2,CTCGAGGCAGCTGCAC-1,-0.09834107806026707
CXCR3-,HC,PB_2,CTCGAGGCATTGGGCC-1,-0.0456190788909983
CXCR3-,HC,PB_2,CTCGAGGGTCTACCTC-1,0.10986135499062953
CXCR3+,HC,PB_2,CTCGGAGCAGCGATCC-1,-0.09834107806026707
CXCR3-,HC,PB_2,CTCGGGAAGACCGGAT-1,-0.09834107806026707
CXCR3-,HC,PB_2,CTCGGGAAGCTAGGCA-1,-0.23409431556833443
CXCR3-,HC,PB_2,CTCGTACAGTACGCGA-1,0.1852297446823574
CXCR3-,HC,PB_2,CTCGTACCAAACGTGG-1,-0.03357382497588702
CXCR3-,HC,PB_2,CTCGTACGTATGAATG-1,-0.09834107806026707
CXCR3-,HC,PB_2,CTCGTACGTTGATTGC-1,-0.09834107806026707
CXCR3-,HC,PB_2,CTCGTCAGTTCTGAAC-1,0.02460988093504359
CXCR3-,HC,PB_2,CTCGTCATCCCTCAGT-1,-0.16583219011490188
CXCR3-,HC,PB_2,CTCGTCATCCCTCTTT-1,-0.1941024679715187
CXCR3-,HC,PB_2,CTCTAATCACTGAAGG-1,-0.09834107806026707
CXCR3+,HC,PB_2,CTCTACGAGAAACGCC-1,0.36778476576686764
CXCR3-,HC,PB_2,CTCTACGCACGTAAGG-1,-0.3127300527984066
CXCR3-,HC,PB_2,CTCTGGTAGGTAGCCA-1,0.4542590410235863
CXCR3-,HC,PB_2,CTCTGGTCAAGGTTTC-1,0.00532391528221432
CXCR3-,HC,PB_2,CTCTGGTCATGCTAGT-1,0.1557269036472627
CXCR3-,HC,PB_2,CTGAAACCAAGCCTAT-1,0.1643472447837846
CXCR3+,HC,PB_2,CTGAAACCACGGCTAC-1,0.7109699287692034
CXCR3-,HC,PB_2,CTGAAGTGTAGCCTAT-1,-0.17468850425303714
CXCR3-,HC,PB_2,CTGAAGTTCCGCATCT-1,0.18013367774619152
CXCR3-,HC,PB_2,CTGATAGAGTTCGATC-1,-0.09834107806026707
CXCR3-,HC,PB_2,CTGATAGTCAGAGGTG-1,0.19774100778194656
CXCR3-,HC,PB_2,CTGCCTAGTACAAGTA-1,-0.33367430045502905
CXCR3-,HC,PB_2,CTGCGGAAGGCTATCT-1,-0.3284906529183509
CXCR3-,HC,PB_2,CTGCGGACACGTAAGG-1,-0.09834107806026707
CXCR3-,HC,PB_2,CTGCGGAGTACAGCAG-1,-0.007246450563984216
CXCR3-,HC,PB_2,CTGCGGAGTGATGCCC-1,-0.09834107806026707
CXCR3+,HC,PB_2,CTGCGGATCGGATGGA-1,-0.1996904697637096
CXCR3-,HC,PB_2,CTGCTGTAGGGAGTAA-1,-0.574317783539057
CXCR3-,HC,PB_2,CTGCTGTGTCTTGCGG-1,-0.09834107806026707
CXCR3-,HC,PB_2,CTGCTGTGTTCCGTCT-1,0.4382506770205539
CXCR3+,HC,PB_2,CTGCTGTGTTGCGTTA-1,-0.31791829125207494
CXCR3-,HC,PB_2,CTGGTCTCATGCCCGA-1,0.23219268995892142
CXCR3+,HC,PB_2,CTGGTCTGTTCAACCA-1,0.07800799414887936
CXCR3-,HC,PB_2,CTGGTCTTCGGAGGTA-1,0.4521423561184146
CXCR3-,HC,PB_2,CTGGTCTTCTCAAACG-1,-0.09834107806026707
CXCR3-,HC,PB_2,CTGTGCTAGTGAACAT-1,-0.361473276765755
CXCR3-,HC,PB_2,CTGTGCTCAAACAACA-1,-0.09834107806026707
CXCR3-,HC,PB_2,CTGTTTACAGGCTCAC-1,0.014168544435685545
CXCR3-,HC,PB_2,CTGTTTAGTTGGTAAA-1,0.2523068394757489
CXCR3-,HC,PB_2,CTGTTTATCCACGCAG-1,-0.21691670644150501
CXCR3+,HC,PB_2,CTTAACTCAGGACCCT-1,0.14107964783513915
CXCR3-,HC,PB_2,CTTAACTCATTGGGCC-1,0.24243577178852363
CXCR3-,HC,PB_2,CTTACCGCACCACCAG-1,-0.11012105652854014
CXCR3-,HC,PB_2,CTTACCGTCCGTAGTA-1,-0.19675184907772328
CXCR3-,HC,PB_2,CTTAGGATCCCACTTG-1,-0.09834107806026707
CXCR3-,HC,PB_2,CTTCTCTAGGCGACAT-1,-0.1840855851027822
CXCR3-,HC,PB_2,CTTGGCTCAGGATCGA-1,-0.09834107806026707
CXCR3-,HC,PB_2,CTTGGCTCATGAACCT-1,-0.09834107806026707
CXCR3-,HC,PB_2,CTTGGCTGTAAACACA-1,0.04911398991630673
CXCR3-,HC,PB_2,CTTGGCTTCGGTTAAC-1,-0.09834107806026707
CXCR3-,HC,PB_2,CTTTGCGAGGTCGGAT-1,-0.09834107806026707
CXCR3-,HC,PB_2,CTTTGCGAGTGTGAAT-1,0.15372628001563265
CXCR3-,HC,PB_2,CTTTGCGGTACGACCC-1,0.49532111437242543
CXCR3-,HC,PB_2,CTTTGCGGTCTCACCT-1,-0.09834107806026707
CXCR3-,HC,PB_2,GAAACTCAGCCCAGCT-1,-0.09834107806026707
CXCR3-,HC,PB_2,GAAACTCAGTTGTCGT-1,-0.09834107806026707
CXCR3+,HC,PB_2,GAAACTCCATGGGACA-1,-0.1087618333363188
CXCR3+,HC,PB_2,GAAATGAAGTACGCGA-1,-0.034333964301015034
CXCR3+,HC,PB_2,GAAATGACATGCAATC-1,-0.1900852626548384
CXCR3-,HC,PB_2,GAAATGAGTACCGCTG-1,0.20323125677932888
CXCR3-,HC,PB_2,GAAATGATCTTGCAAG-1,-0.09834107806026707
CXCR3-,HC,PB_2,GAACATCGTAAGTGGC-1,0.06269432733431217
CXCR3+,HC,PB_2,GAACCTAAGCTTCGCG-1,-0.24478441774863682
CXCR3-,HC,PB_2,GAACCTACAGTTTACG-1,-0.09834107806026707
CXCR3-,HC,PB_2,GAACCTACATCCGTGG-1,-0.35079406894837334
CXCR3+,HC,PB_2,GAACCTAGTACTTCTT-1,0.16604352652961993
CXCR3-,HC,PB_2,GAATAAGCACGTCTCT-1,-0.03543743718730049
CXCR3-,HC,PB_2,GAATAAGGTGACTCAT-1,-0.09834107806026707
CXCR3-,HC,PB_2,GACAGAGCACTAAGTC-1,-0.09834107806026707
CXCR3+,HC,PB_2,GACAGAGGTAGCAAAT-1,0.1671906261432543
CXCR3-,HC,PB_2,GACAGAGGTGATGATA-1,0.05631493367726664
CXCR3+,HC,PB_2,GACAGAGTCACCTTAT-1,-0.4219950468722492
CXCR3-,HC,PB_2,GACCAATAGTGTGGCA-1,-0.09834107806026707
CXCR3-,HC,PB_2,GACCAATGTTGATTCG-1,-0.038869757693362504
CXCR3+,HC,PB_2,GACCTGGAGTGTCTCA-1,-0.40181521501739675
CXCR3-,HC,PB_2,GACCTGGTCCCTTGCA-1,-0.09834107806026707
CXCR3+,HC,PB_2,GACGCGTCAACCGCCA-1,0.11066234896371956
CXCR3-,HC,PB_2,GACGCGTCAACGCACC-1,-0.5219283615402845
CXCR3-,HC,PB_2,GACGCGTGTAAAGTCA-1,-0.09834107806026707
CXCR3-,HC,PB_2,GACGGCTAGGCGCTCT-1,-0.3703672474960901
CXCR3-,HC,PB_2,GACGGCTCACAGATTC-1,-0.22669624724689202
CXCR3+,HC,PB_2,GACGGCTCAGGTGCCT-1,0.00566844792970368
CXCR3-,HC,PB_2,GACGGCTTCAACGCTA-1,-0.007067179338368483
CXCR3-,HC,PB_2,GACGTGCCAAGTCTAC-1,0.12523194040431354
CXCR3-,HC,PB_2,GACGTTACAGATTGCT-1,0.030598672142265446
CXCR3-,HC,PB_2,GACGTTAGTCGATTGT-1,0.09654652403683893
CXCR3-,HC,PB_2,GACTAACAGGACCACA-1,-0.26402215446675575
CXCR3-,HC,PB_2,GACTAACAGTCCGTAT-1,-0.09834107806026707
CXCR3-,HC,PB_2,GACTAACCACGTGAGA-1,-0.09834107806026707
CXCR3-,HC,PB_2,GACTAACGTCGAGTTT-1-1,0.10200016859059659
CXCR3+,HC,PB_2,GACTACAAGGCAGGTT-1,0.022900701358627956
CXCR3+,HC,PB_2,GACTACATCCGCAGTG-1,-0.00602334211549836
CXCR3-,HC,PB_2,GACTACATCTCTTATG-1,0.20412919643832225
CXCR3-,HC,PB_2,GACTGCGAGTGATCGG-1,-0.4219397784245235
CXCR3-,HC,PB_2,GAGCAGACAGGGAGAG-1,0.440495402989178
CXCR3-,HC,PB_2,GAGCAGAGTAGCCTCG-1,-0.09834107806026707
CXCR3-,HC,PB_2,GAGCAGAGTAGCTCCG-1,-0.09834107806026707
CXCR3+,HC,PB_2,GAGCAGAGTATATGGA-1,0.05545288647824874
CXCR3-,HC,PB_2,GAGGTGAAGTCCCACG-1,-0.09834107806026707
CXCR3-,HC,PB_2,GAGGTGACACAGCGTC-1,0.05339605497402078
CXCR3-,HC,PB_2,GAGGTGAGTAAGTTCC-1,0.44375087621382814
CXCR3+,HC,PB_2,GAGTCCGGTTATCCGA-1,0.12818385413275327
CXCR3-,HC,PB_2,GAGTCCGTCCGCATCT-1,-0.09834107806026707
CXCR3-,HC,PB_2,GATCAGTAGTATTGGA-1,-0.2841820954542055
CXCR3-,HC,PB_2,GATCGATGTTTAGGAA-1,-0.09834107806026707
CXCR3-,HC,PB_2,GATCGATTCTCGAGTA-1,-0.09834107806026707
CXCR3-,HC,PB_2,GATCGCGTCATCGATG-1,0.049796941015880926
CXCR3-,HC,PB_2,GATCGTACACGCATCG-1,0.20387421416161347
CXCR3-,HC,PB_2,GATCGTACATGGATGG-1,-0.2187637786165925
CXCR3-,HC,PB_2,GATCGTAGTTACGGAG-1,0.44749582361921336
CXCR3-,HC,PB_2,GATCTAGTCGTACCGG-1,0.4390624084611086
CXCR3-,HC,PB_2,GATGAAAAGTAGCGGT-1,0.1902721023029572
CXCR3-,HC,PB_2,GATGAAAAGTGCGTGA-1,0.3570226355866878
CXCR3-,HC,PB_2,GATGAAACATGTAGTC-1,0.18168828109562332
CXCR3-,HC,PB_2,GATGCTACAAGCTGGA-1,-0.06943019790273557
CXCR3+,HC,PB_2,GATGCTACATGAACCT-1,-0.09834107806026707
CXCR3-,HC,PB_2,GATGCTAGTTTGTGTG-1,-0.1874725110727766
CXCR3-,HC,PB_2,GATGCTATCAAACCAC-1,-0.09834107806026707
CXCR3-,HC,PB_2,GATTCAGAGTCAATAG-1,-0.561594147383519
CXCR3-,HC,PB_2,GATTCAGCATACTCTT-1,0.1917679150853153
CXCR3-,HC,PB_2,GCAAACTAGATATGCA-1,-0.2533742199153167
CXCR3+,HC,PB_2,GCAAACTAGGGTCGAT-1,-0.3825308489807727
CXCR3-,HC,PB_2,GCAAACTCATATACCG-1,-0.09834107806026707
CXCR3-,HC,PB_2,GCAATCAAGCTGCGAA-1,-0.09834107806026707
CXCR3-,HC,PB_2,GCACATAGTCATATGC-1,-0.09834107806026707
CXCR3-,HC,PB_2,GCACATAGTGCTCTTC-1,0.11969588523166805
CXCR3-,HC,PB_2,GCACTCTAGGGCACTA-1,-0.09834107806026707
CXCR3+,HC,PB_2,GCACTCTGTTCAACCA-1,-0.8431553458428438
CXCR3-,HC,PB_2,GCACTCTGTTGACGTT-1,-0.09834107806026707
CXCR3-,HC,PB_2,GCAGCCAAGATGCCAG-1,0.2770449761203349
CXCR3-,HC,PB_2,GCAGCCAGTCTCACCT-1,-0.09834107806026707
CXCR3-,HC,PB_2,GCAGCCATCGACGGAA-1,-0.09834107806026707
CXCR3-,HC,PB_2,GCAGTTACAAGTAGTA-1,0.020030750268756232
CXCR3-,HC,PB_2,GCAGTTATCCTCCTAG-1,0.041470735163978964
CXCR3-,HC,PB_2,GCATGATTCATGTAGC-1,0.1708720840622902
CXCR3-,HC,PB_2,GCATGCGGTTGTGGCC-1,-0.09834107806026707
CXCR3-,HC,PB_2,GCATGCGTCCTTGACC-1,0.009571078584291126
CXCR3-,HC,PB_2,GCATGTACACATCCGG-1,0.02584929357587305
CXCR3+,HC,PB_2,GCATGTACAGTCACTA-1,0.11971584653202848
CXCR3-,HC,PB_2,GCATGTAGTGGTCCGT-1,0.037241356533878174
CXCR3-,HC,PB_2,GCCTCTAAGCTGCGAA-1,-0.09834107806026707
CXCR3-,HC,PB_2,GCCTCTACATGATCCA-1,0.10838077454336419
CXCR3-,HC,PB_2,GCCTCTATCGACCAGC-1,0.23602521921287936
CXCR3-,HC,PB_2,GCGACCAGTTACGTCA-1,0.23389065064114717
CXCR3-,HC,PB_2,GCGAGAACACCCAGTG-1,-0.09834107806026707
CXCR3-,HC,PB_2,GCGCAACGTCAATACC-1,-0.45959309106246915
CXCR3-,HC,PB_2,GCGCAACTCCAGTATG-1,-0.46931106243673104
CXCR3-,HC,PB_2,GCGCAGTAGCCAGTAG-1,0.06614459353560638
CXCR3+,HC,PB_2,GCGCAGTGTATGAAAC-1,0.417859394609707
CXCR3-,HC,PB_2,GCGCCAACAAAGTCAA-1,-0.09834107806026707
CXCR3+,HC,PB_2,GCGCCAAGTAAACGCG-1,-0.09834107806026707
CXCR3-,HC,PB_2,GCGCCAATCACTATTC-1,-0.2716791748816646
CXCR3-,HC,PB_2,GCGCGATAGACCCACC-1,0.15700277905679183
CXCR3-,HC,PB_2,GCGCGATCAAACCTAC-1,0.42274346798948087
CXCR3-,HC,PB_2,GCGCGATTCCATGCTC-1,-0.1302595292879166
CXCR3+,HC,PB_2,GCGGGTTCAGACGTAG-1,0.4352112565330624
CXCR3-,HC,PB_2,GCGGGTTCAGCGTTCG-1,-0.2351290727882996
CXCR3-,HC,PB_2,GCTCCTACAAACAACA-1,-0.2530969684279981
CXCR3-,HC,PB_2,GCTCCTAGTTGTGGAG-1,-0.09834107806026707
CXCR3-,HC,PB_2,GCTCCTATCAGCGACC-1,0.24176508286931844
CXCR3-,HC,PB_2,GCTCTGTAGATGTTAG-1,-0.04194690986383409
CXCR3-,HC,PB_2,GCTCTGTCAGTTTACG-1,0.3535643623361323
CXCR3-,HC,PB_2,GCTGCAGGTGCCTGGT-1,-0.09834107806026707
CXCR3-,HC,PB_2,GCTGCGAAGCTTATCG-1,0.40160268885956846
CXCR3-,HC,PB_2,GCTGCGACAAACTGTC-1,-0.09834107806026707
CXCR3-,HC,PB_2,GCTGCGATCATGCAAC-1,0.1466933482845611
CXCR3-,HC,PB_2,GCTGCTTAGAGGGATA-1,-0.015720508837272027
CXCR3-,HC,PB_2,GCTGCTTTCATTTGGG-1,-0.09834107806026707
CXCR3-,HC,PB_2,GCTGCTTTCGCCTGAG-1,-0.09834107806026707
CXCR3-,HC,PB_2,GCTGGGTCACACTGCG-1,0.6480354379615154
CXCR3-,HC,PB_2,GCTGGGTCATCACCCT-1,0.13058284833922915
CXCR3-,HC,PB_2,GCTTCCAAGAATAGGG-1,0.2816770656819008
CXCR3-,HC,PB_2,GCTTCCATCCCATTAT-1,-0.09834107806026707
CXCR3+,HC,PB_2,GCTTCCATCGCGTTTC-1,-0.27836752147290605
CXCR3-,HC,PB_2,GCTTGAACACCATCCT-1,0.23449430854581776
CXCR3-,HC,PB_2,GCTTGAATCTATCCTA-1,0.5906377324669944
CXCR3-,HC,PB_2,GGAAAGCCAGCGTCCA-1,-0.021506732190065412
CXCR3-,HC,PB_2,GGAAAGCCAGTAAGAT-1,-0.04714179446066077
CXCR3-,HC,PB_2,GGAAAGCTCCCTAACC-1,0.43725110206646106
CXCR3-,HC,PB_2,GGAACTTCAAATTGCC-1,0.1309170773980104
CXCR3-,HC,PB_2,GGAACTTTCCTAGTGA-1,0.08366228840453539
CXCR3-,HC,PB_2,GGAATAACAAGGACTG-1,-0.33079741084761416
CXCR3-,HC,PB_2,GGAATAACATCCGCGA-1,0.23642803634976775
CXCR3-,HC,PB_2,GGAATAATCTCGCATC-1,-0.030792540625845164
CXCR3+,HC,PB_2,GGACAAGCAACTGCGC-1,-0.09834107806026707
CXCR3-,HC,PB_2,GGACAGACAACACCCG-1,-0.09834107806026707
CXCR3-,HC,PB_2,GGACAGATCAACGGCC-1,-0.09834107806026707
CXCR3-,HC,PB_2,GGACATTGTGACGCCT-1,-0.2463050770285396
CXCR3-,HC,PB_2,GGACATTGTGTTCTTT-1,0.01398637742151492
CXCR3-,HC,PB_2,GGACATTTCATTGCGA-1,-0.07145105987837704
CXCR3-,HC,PB_2,GGACATTTCTTTACGT-1,0.10720915545599292
CXCR3-,HC,PB_2,GGACGTCCACACCGCA-1,0.1338572459001466
CXCR3+,HC,PB_2,GGAGCAAAGCCAACAG-1,0.2663913619582579
CXCR3-,HC,PB_2,GGAGCAATCTGCGACG-1,-0.09834107806026707
CXCR3-,HC,PB_2,GGATGTTAGACTACAA-1,-0.09834107806026707
CXCR3-,HC,PB_2,GGCAATTCAGACGCCT-1,-0.09834107806026707
CXCR3+,HC,PB_2,GGCAATTGTCTCTTAT-1,-0.5281257144358437
CXCR3-,HC,PB_2,GGCCGATCAAACTGTC-1,-0.044200545406943514
CXCR3-,HC,PB_2,GGCCGATCATTGGTAC-1,0.44031567483119666
CXCR3-,HC,PB_2,GGCGACTAGTGTGAAT-1,0.1656945678081991
CXCR3-,HC,PB_2,GGCGACTCAATCGGTT-1,-0.30807618180331303
CXCR3-,HC,PB_2,GGCGACTGTCATTAGC-1,0.08971635549893163
CXCR3-,HC,PB_2,GGCGACTTCCTCTAGC-1,-0.11432568937030355
CXCR3-,HC,PB_2,GGCTCGAGTATATCCG-1,-0.21619620060982614
CXCR3+,HC,PB_2,GGCTGGTAGTTTGCGT-1,0.22661614575159197
CXCR3-,HC,PB_2,GGCTGGTCACGCGAAA-1,0.12905500426424418
CXCR3-,HC,PB_2,GGCTGGTCATATGAGA-1,-0.30168142361906986
CXCR3-,HC,PB_2,GGCTGGTTCCTTCAAT-1,0.4525411207827422
CXCR3-,HC,PB_2,GGGAATGAGGCCCTTG-1,-0.09834107806026707
CXCR3-,HC,PB_2,GGGAATGGTTCACGGC-1,0.17673475030974237
CXCR3-,HC,PB_2,GGGAATGTCAGAAATG-1,0.1603332663316474
CXCR3-,HC,PB_2,GGGACCTAGGATGTAT-1,-0.10786338645623642
CXCR3+,HC,PB_2,GGGACCTTCTGATACG-1,0.052126128942527473
CXCR3-,HC,PB_2,GGGAGATAGTTAACGA-1,-0.26458161667763574
CXCR3-,HC,PB_2,GGGAGATAGTTGAGAT-1,0.006405485511450613
CXCR3-,HC,PB_2,GGGAGATGTACTTGAC-1,0.0926815081967087
CXCR3-,HC,PB_2,GGGAGATTCCAGTAGT-1,-0.09834107806026707
CXCR3-,HC,PB_2,GGGAGATTCTTGCCGT-1,0.9848103338350365
CXCR3-,HC,PB_2,GGGATGAGTATCACCA-1,-0.35113408124514656
CXCR3-,HC,PB_2,GGGATGAGTCCCTTGT-1,-0.16591099769708303
CXCR3-,HC,PB_2,GGGATGATCCACGACG-1,0.2967976818048238
CXCR3-,HC,PB_2,GGGCACTAGTGTTGAA-1,-0.2571873742657746
CXCR3+,HC,PB_2,GGGCACTGTCATCCCT-1,-0.5274403905082663
CXCR3-,HC,PB_2,GGGCACTTCCAGAGGA-1,0.1698526422274532
CXCR3-,HC,PB_2,GGGCATCTCACTTCAT-1,0.20901990953061386
CXCR3-,HC,PB_2,GGGTCTGAGAGCTGCA-1,-0.09834107806026707
CXCR3-,HC,PB_2,GGGTCTGCAAAGGTGC-1,-0.2535173704729915
CXCR3-,HC,PB_2,GGGTCTGCACCCATTC-1,-0.09834107806026707
CXCR3-,HC,PB_2,GGGTCTGTCGAGAGCA-1,-0.010069376433800554
CXCR3-,HC,PB_2,GGGTTGCAGAGTAAGG-1,0.1068145623465657
CXCR3-,HC,PB_2,GGGTTGCAGCCTTGAT-1,-0.09834107806026707
CXCR3-,HC,PB_2,GGGTTGCCAACCGCCA-1,0.13564987562404823
CXCR3-,HC,PB_2,GGGTTGCTCATTATCC-1,0.08502390855521096
CXCR3-,HC,PB_2,GGTATTGCACGACTCG-1,-0.09834107806026707
CXCR3-,HC,PB_2,GGTATTGTCTTCATGT-1,0.2505540310669964
CXCR3-,HC,PB_2,GGTGCGTCAACTGCTA-1,-0.09834107806026707
CXCR3-,HC,PB_2,GGTGTTATCCGTCATC-1,-0.09834107806026707
CXCR3-,HC,PB_2,GTAACGTAGAAACCGC-1,0.09268366211319078
CXCR3+,HC,PB_2,GTAACGTGTAGGGTAC-1,0.3324715543221425
CXCR3-,HC,PB_2,GTAACGTGTGAGGGTT-1,-0.3563907661597624
CXCR3-,HC,PB_2,GTAACGTTCAACACTG-1,-0.09834107806026707
CXCR3-,HC,PB_2,GTAACGTTCAGGTAAA-1,-0.019515826028315475
CXCR3+,HC,PB_2,GTACGTACATCTCGCT-1,-0.09834107806026707
CXCR3-,HC,PB_2,GTACGTATCACTGGGC-1,0.07697607112025857
CXCR3-,HC,PB_2,GTACTCCCAGTCAGCC-1,-0.17202415925634246
CXCR3-,HC,PB_2,GTACTCCGTCTAGTGT-1,-0.26191181367613786
CXCR3-,HC,PB_2,GTACTTTCACGCATCG-1,0.1670526126798275
CXCR3-,HC,PB_2,GTACTTTGTGCGAAAC-1,-0.09834107806026707
CXCR3-,HC,PB_2,GTACTTTTCACTTACT-1,0.1674569625607361
CXCR3-,HC,PB_2,GTACTTTTCCCTAACC-1,-0.42243541931035505
CXCR3-,HC,PB_2,GTACTTTTCCCTCTTT-1,-0.09834107806026707
CXCR3-,HC,PB_2,GTACTTTTCCGGCACA-1,-0.09877972894688299
CXCR3-,HC,PB_2,GTACTTTTCCTCGCAT-1,-0.3297473143587641
CXCR3-,HC,PB_2,GTACTTTTCTCTGTCG-1,-0.09834107806026707
CXCR3-,HC,PB_2,GTAGGCCAGGTGATTA-1,0.13770776441478805
CXCR3-,HC,PB_2,GTAGGCCCAACCGCCA-1,0.43657597083336397
CXCR3-,HC,PB_2,GTAGGCCCAAGTCTAC-1,0.7601787197206544
CXCR3-,HC,PB_2,GTAGGCCCAGTATCTG-1,-0.09834107806026707
CXCR3+,HC,PB_2,GTAGGCCGTCACTGGC-1,-0.08415918050108616
CXCR3-,HC,PB_2,GTAGGCCGTCTAAAGA-1,0.14974773874316924
CXCR3-,HC,PB_2,GTAGGCCTCCGAGCCA-1,-0.18115020459321407
CXCR3-,HC,PB_2,GTAGGCCTCCGGGTGT-1,-0.09834107806026707
CXCR3-,HC,PB_2,GTAGGCCTCTGGGCCA-1,0.06634124055269196
CXCR3-,HC,PB_2,GTAGTCAAGCCACGCT-1,-0.09834107806026707
CXCR3-,HC,PB_2,GTAGTCAAGGTAGCCA-1,-0.09834107806026707
CXCR3-,HC,PB_2,GTAGTCAGTTATGCGT-1,-0.09834107806026707
CXCR3-,HC,PB_2,GTATCTTCAGCTCCGA-1,0.5572525124174387
CXCR3-,HC,PB_2,GTATCTTGTAAAGTCA-1,-0.09834107806026707
CXCR3-,HC,PB_2,GTATCTTTCTGGAGCC-1,-0.046357344694296435
CXCR3+,HC,PB_2,GTCAAGTGTATATGAG-1,0.33939706490186244
CXCR3-,HC,PB_2,GTCAAGTGTCGAGATG-1,-0.19287867460554073
CXCR3-,HC,PB_2,GTCAAGTTCGGTTCGG-1,-0.09834107806026707
CXCR3-,HC,PB_2,GTCACAAAGTGCAAGC-1,-0.4642208176273276
CXCR3-,HC,PB_2,GTCACAACATAGAAAC-1,-0.1236016412939805
CXCR3+,HC,PB_2,GTCACAAGTCTAGAGG-1,-0.21824373749646978
CXCR3-,HC,PB_2,GTCACGGCAGCTGTTA-1,-0.09834107806026707
CXCR3-,HC,PB_2,GTCACGGCAGGCTGAA-1,-0.37938305199689626
CXCR3-,HC,PB_2,GTCACGGGTTCCACGG-1,-0.09834107806026707
CXCR3-,HC,PB_2,GTCATTTAGGTACTCT-1,0.1793183309100567
CXCR3-,HC,PB_2,GTCATTTCAAACGTGG-1,0.16518627008907347
CXCR3+,HC,PB_2,GTCATTTTCCCTTGTG-1,0.06412915848161181
CXCR3-,HC,PB_2,GTCCTCAAGCCCAACC-1,0.2142653193848127
CXCR3-,HC,PB_2,GTCCTCAGTGTGCGTC-1,-0.0877760939050484
CXCR3+,HC,PB_2,GTCCTCATCGTAGGAG-1,0.7868489600618416
CXCR3-,HC,PB_2,GTCGGGTAGATCCGAG-1,-0.09834107806026707
CXCR3+,HC,PB_2,GTCGGGTCACTGCCAG-1,-0.09834107806026707
CXCR3-,HC,PB_2,GTCGGGTCAGTGAGTG-1,-0.46990700492610316
CXCR3-,HC,PB_2,GTCGTAACACAGATTC-1,-0.16651432490247828
CXCR3-,HC,PB_2,GTCGTAAGTCTAAAGA-1,-0.09834107806026707
CXCR3-,HC,PB_2,GTCGTAAGTGCTTCTC-1,0.4588509610988955
CXCR3-,HC,PB_2,GTCGTAATCTGCAGTA-1,0.17133784901295204
CXCR3+,HC,PB_2,GTCTCGTAGACAAGCC-1,0.36921569504329915
CXCR3-,HC,PB_2,GTCTCGTAGATATGCA-1,-0.09834107806026707
CXCR3-,HC,PB_2,GTCTCGTGTCATACTG-1,-0.09834107806026707
CXCR3-,HC,PB_2,GTGAAGGAGATCGGGT-1,-0.29758230077776204
CXCR3-,HC,PB_2,GTGAAGGTCAATACCG-1,0.15412696599940098
CXCR3-,HC,PB_2,GTGAAGGTCAGCTGGC-1,0.4429308915975212
CXCR3-,HC,PB_2,GTGCAGCCAAGTAGTA-1,-0.3154370541151868
CXCR3+,HC,PB_2,GTGCATACAAAGCAAT-1,-0.7446834305475785
CXCR3-,HC,PB_2,GTGCATAGTGACTACT-1,-0.5535267653887265
CXCR3-,HC,PB_2,GTGCATATCGGCGCTA-1,-0.09834107806026707
CXCR3-,HC,PB_2,GTGCGGTGTCAATGTC-1,-0.281221936891065
CXCR3-,HC,PB_2,GTGCGGTTCCGTACAA-1,-0.24027686564862716
CXCR3-,HC,PB_2,GTGCTTCAGATCCGAG-1,-0.6037949564505841
CXCR3-,HC,PB_2,GTGCTTCGTTACGCGC-1,-0.2126756667145213
CXCR3+,HC,PB_2,GTGGGTCTCACAATGC-1,-0.23978435888178812
CXCR3-,HC,PB_2,GTGTGCGAGAAGATTC-1,-0.09834107806026707
CXCR3-,HC,PB_2,GTGTGCGAGTGGTAGC-1,-0.10426059926626177
CXCR3-,HC,PB_2,GTGTGCGGTCAGAATA-1,0.2297844197782813
CXCR3-,HC,PB_2,GTGTGCGTCCACTCCA-1,-0.09834107806026707
CXCR3-,HC,PB_2,GTGTTAGCATCACGAT-1,-0.09834107806026707
CXCR3+,HC,PB_2,GTGTTAGCATGAGCGA-1,-0.09834107806026707
CXCR3-,HC,PB_2,GTGTTAGGTCTCCACT-1,-0.2311451934878758
CXCR3-,HC,PB_2,GTGTTAGTCCAAACTG-1,-0.0333763442037419
CXCR3-,HC,PB_2,GTGTTAGTCGTCTGAA-1,-0.2826332705823401
CXCR3-,HC,PB_2,GTTAAGCAGCTACCTA-1,-0.09834107806026707
CXCR3-,HC,PB_2,GTTAAGCCATACCATG-1,-0.408303016501858
CXCR3+,HC,PB_2,GTTAAGCGTAGGGACT-1,-0.44392225852583794
CXCR3+,HC,PB_2,GTTAAGCGTCAGAATA-1,0.1818824289480798
CXCR3-,HC,PB_2,GTTAAGCGTTTGGCGC-1,0.49830498201209455
CXCR3-,HC,PB_2,GTTACAGGTAAGCACG-1,-0.09834107806026707
CXCR3-,HC,PB_2,GTTACAGGTCCTCTTG-1,-0.4753823215143377
CXCR3-,HC,PB_2,GTTCATTAGGAGTTTA-1,-0.09834107806026707
CXCR3-,HC,PB_2,GTTCATTCACATGACT-1,-0.09834107806026707
CXCR3-,HC,PB_2,GTTCATTCAGCTGTTA-1,-0.36565351381092887
CXCR3+,HC,PB_2,GTTCATTGTATAGTAG-1,-0.09834107806026707
CXCR3-,HC,PB_2,GTTCATTTCAAACCAC-1,-0.09457050806253302
CXCR3-,HC,PB_2,GTTCGGGCACGGTGTC-1,0.20576529950408456
CXCR3-,HC,PB_2,GTTCGGGCAGGGTACA-1,0.18981802182340926
CXCR3+,HC,PB_2,GTTCGGGTCTGAGGGA-1,0.056229047762243765
CXCR3+,HC,PB_2,GTTCTCGAGCCAGTTT-1,0.08669975802194271
CXCR3+,HC,PB_2,GTTCTCGAGTGTCCCG-1,0.5495378898117043
CXCR3-,HC,PB_2,GTTCTCGTCTCACATT-1,-0.5238253905985084
CXCR3-,HC,PB_2,GTTTCTAAGTATCGAA-1,-0.09834107806026707
CXCR3-,HC,PB_2,GTTTCTACAAACCTAC-1,0.2560878127673742
CXCR3-,HC,PB_2,GTTTCTACAGGGAGAG-1,0.20287416552853754
CXCR3+,HC,PB_2,GTTTCTATCAGCTCTC-1,0.16438813240166356
CXCR3-,HC,PB_2,TAAACCGCACTACAGT-1,-0.05654212312926681
CXCR3-,HC,PB_2,TAAGAGAAGTAGGCCA-1,0.23396688524859413
CXCR3-,HC,PB_2,TAAGAGAGTGTGACCC-1,-0.32079087809362716
CXCR3-,HC,PB_2,TAAGCGTAGCTAACAA-1,-0.09834107806026707
CXCR3-,HC,PB_2,TAAGCGTAGGAGCGAG-1,-0.09834107806026707
CXCR3-,HC,PB_2,TAAGCGTCATACTCTT-1,-0.2063796353567405
CXCR3-,HC,PB_2,TAAGCGTGTAGGGACT-1,0.114455395476706
CXCR3+,HC,PB_2,TAAGCGTTCCGCGCAA-1,-0.18698169025351966
CXCR3-,HC,PB_2,TAAGCGTTCGGAATCT-1,0.1399961797009121
CXCR3+,HC,PB_2,TAAGCGTTCGTCTGAA-1,-0.2703128284405628
CXCR3+,HC,PB_2,TAAGTGCGTAGATTAG-1,-0.21852045455826433
CXCR3-,HC,PB_2,TAAGTGCGTCAAAGAT-1,0.4700876413048331
CXCR3+,HC,PB_2,TAAGTGCTCATGGTCA-1,-0.011253507719372804
CXCR3-,HC,PB_2,TACACGATCGGCCGAT-1,-0.09834107806026707
CXCR3-,HC,PB_2,TACAGTGAGGATCGCA-1,-0.07457470547233017
CXCR3-,HC,PB_2,TACCTATCATGACGGA-1,-0.15602934000379312
CXCR3+,HC,PB_2,TACCTATGTTAAAGTG-1,-0.11174802629486066
CXCR3-,HC,PB_2,TACCTATTCAGGCCCA-1,0.13360352427859862
CXCR3-,HC,PB_2,TACCTATTCCTCCTAG-1,-0.45672000158454945
CXCR3+,HC,PB_2,TACCTTACAAAGAATC-1,-0.09834107806026707
CXCR3-,HC,PB_2,TACCTTATCTGGTGTA-1,0.649294002858453
CXCR3-,HC,PB_2,TACGGATAGGTGATTA-1,-0.09834107806026707
CXCR3+,HC,PB_2,TACGGATCAGACAAGC-1,-0.270586244917947
CXCR3-,HC,PB_2,TACGGATGTCATCGGC-1,-0.09834107806026707
CXCR3-,HC,PB_2,TACGGATGTTGGAGGT-1,-0.09834107806026707
CXCR3+,HC,PB_2,TACGGGCAGAGGTAGA-1,-0.09834107806026707
CXCR3-,HC,PB_2,TACGGGCAGCTCCCAG-1,-0.09834107806026707
CXCR3-,HC,PB_2,TACGGGCAGGTAGCTG-1,-0.26519995612475444
CXCR3-,HC,PB_2,TACGGTAAGACACTAA-1,-0.08807971583538475
CXCR3-,HC,PB_2,TACGGTAAGCTCCTTC-1,0.1711796677560112
CXCR3-,HC,PB_2,TACGGTACAAATACAG-1,-0.09834107806026707
CXCR3-,HC,PB_2,TACTCATCAGCTGTAT-1,0.14542353125712834
CXCR3-,HC,PB_2,TACTCGCCACCGAAAG-1,-0.3611322692249998
CXCR3-,HC,PB_2,TACTCGCCATCCCACT-1,-0.22227515522159952
CXCR3-,HC,PB_2,TACTTACAGAAACCGC-1,0.26012646063591754
CXCR3+,HC,PB_2,TACTTACAGGACATTA-1,0.055627275356370465
CXCR3-,HC,PB_2,TACTTACTCAACGAAA-1,-0.10793823560953052
CXCR3-,HC,PB_2,TACTTACTCCTTTACA-1,-0.09834107806026707
CXCR3+,HC,PB_2,TACTTGTAGATAGCAT-1,-0.0690231180348461
CXCR3-,HC,PB_2,TACTTGTAGTATCTCG-1,-0.247028185938331
CXCR3-,HC,PB_2,TACTTGTCATCTCGCT-1,-0.09834107806026707
CXCR3-,HC,PB_2,TACTTGTGTACCAGTT-1,0.20569022447955193
CXCR3-,HC,PB_2,TACTTGTGTGCGATAG-1,-0.09834107806026707
CXCR3-,HC,PB_2,TACTTGTTCCTATTCA-1,-0.09834107806026707
CXCR3-,HC,PB_2,TACTTGTTCCTCCTAG-1,-0.09834107806026707
CXCR3-,HC,PB_2,TAGACCAGTCTAGCGC-1,-0.09834107806026707
CXCR3-,HC,PB_2,TAGACCAGTCTGCAAT-1,-0.1939154263124157
CXCR3+,HC,PB_2,TAGAGCTCACTGTTAG-1,-0.10809352719591744
CXCR3-,HC,PB_2,TAGAGCTGTGGCCCTA-1,0.16570424534416656
CXCR3-,HC,PB_2,TAGAGCTTCCAATGGT-1,0.09198486284134058
CXCR3-,HC,PB_2,TAGCCGGAGTCCGGTC-1,-0.09834107806026707
CXCR3-,HC,PB_2,TAGCCGGAGTTCGCAT-1,-0.39744647459071286
CXCR3-,HC,PB_2,TAGCCGGCAGCATGAG-1,0.03841626709404078
CXCR3-,HC,PB_2,TAGCCGGTCGTAGGTT-1,-0.09834107806026707
CXCR3-,HC,PB_2,TAGGCATAGCGATATA-1,-0.09834107806026707
CXCR3-,HC,PB_2,TAGGCATGTTGTTTGG-1,-0.09834107806026707
CXCR3+,HC,PB_2,TAGTGGTAGGTAAACT-1,-0.09834107806026707
CXCR3-,HC,PB_2,TAGTGGTTCTCTTGAT-1,-0.09834107806026707
CXCR3-,HC,PB_2,TAGTTGGCACCAGGCT-1,-0.2027068893249826
CXCR3-,HC,PB_2,TAGTTGGCATTCACTT-1,0.0733353298183186
CXCR3-,HC,PB_2,TAGTTGGGTGCGATAG-1,0.13931352956821713
CXCR3+,HC,PB_2,TAGTTGGTCACTTACT-1,-0.11061079392670879
CXCR3+,HC,PB_2,TATCAGGTCTGAGGGA-1,-0.33054024456873493
CXCR3-,HC,PB_2,TATCTCAAGATCCCAT-1,0.19500695487374703
CXCR3+,HC,PB_2,TATCTCAAGTGAAGAG-1,-0.09834107806026707
CXCR3-,HC,PB_2,TATGCCCCAACGATGG-1,0.6491604545637727
CXCR3-,HC,PB_2,TATGCCCCAATCCGAT-1,-0.09834107806026707
CXCR3-,HC,PB_2,TATGCCCGTAAGAGGA-1,-0.2872530776054659
CXCR3-,HC,PB_2,TATGCCCTCCGCTGTT-1,-0.23475555181089902
CXCR3-,HC,PB_2,TATGCCCTCGGCGGTT-1,0.09942742757725474
CXCR3-,HC,PB_2,TATTACCTCAGCAACT-1,0.36992673854001945
CXCR3-,HC,PB_2,TCAACGAAGCTCCCAG-1,-0.09834107806026707
CXCR3-,HC,PB_2,TCAACGACAGTGGAGT-1,0.21684026880558313
CXCR3-,HC,PB_2,TCAACGAGTCAAACTC-1,-0.02162273277031815
CXCR3+,HC,PB_2,TCAACGAGTCGAACAG-1,-0.26767805637808223
CXCR3-,HC,PB_2,TCAACGATCCTTAATC-1,-0.31838171235407753
CXCR3-,HC,PB_2,TCAATCTAGCGTTGCC-1,-0.007734578838111937
CXCR3+,HC,PB_2,TCAATCTAGGTGCACA-1,-0.09834107806026707
CXCR3-,HC,PB_2,TCAATCTCAATGGACG-1,-0.33690848673863966
CXCR3-,HC,PB_2,TCAATCTGTTCCACAA-1,-0.09834107806026707
CXCR3-,HC,PB_2,TCAATCTTCACGCATA-1,0.14653893194089987
CXCR3-,HC,PB_2,TCACAAGAGCTCAACT-1,-0.3459870919665677
CXCR3-,HC,PB_2,TCACAAGCATACTCTT-1,-0.09834107806026707
CXCR3+,HC,PB_2,TCACAAGCATTGTGCA-1,-0.09834107806026707
CXCR3-,HC,PB_2,TCACAAGGTGATGATA-1-1,-0.09834107806026707
CXCR3-,HC,PB_2,TCACAAGTCAATCTCT-1,-0.22517490460394377
CXCR3+,HC,PB_2,TCAGATGAGTGAAGAG-1,0.02195270677119629
CXCR3-,HC,PB_2,TCAGATGGTGAGCGAT-1,-0.09834107806026707
CXCR3-,HC,PB_2,TCAGCAAAGTCTCCTC-1,-0.08159425139109523
CXCR3-,HC,PB_2,TCAGCTCGTACTCGCG-1,0.527396097685423
CXCR3-,HC,PB_2,TCAGCTCGTAGGAGTC-1,-0.09834107806026707
CXCR3-,HC,PB_2,TCAGCTCGTTGTCGCG-1,0.5905081846871859
CXCR3-,HC,PB_2,TCAGCTCTCAGCACAT-1,-0.09834107806026707
CXCR3-,HC,PB_2,TCAGCTCTCCATGAAC-1,-0.09834107806026707
CXCR3-,HC,PB_2,TCAGCTCTCCGTCATC-1,-0.03518415267367508
CXCR3-,HC,PB_2,TCAGCTCTCGCCTGAG-1,0.001609489239617853
CXCR3-,HC,PB_2,TCAGGATAGTGCCAGA-1,-0.20392411397739868
CXCR3-,HC,PB_2,TCAGGATCACCAGGCT-1,-0.09834107806026707
CXCR3-,HC,PB_2,TCAGGATGTAAGGGCT-1,-0.3279880809053299
CXCR3-,HC,PB_2,TCAGGATGTCAAACTC-1-1,0.08218757699936123
CXCR3+,HC,PB_2,TCAGGTAGTGCAACTT-1,-0.4232933062525119
CXCR3-,HC,PB_2,TCATTACGTGACCAAG-1,0.710401335127914
CXCR3-,HC,PB_2,TCATTTGCACCAGCAC-1,-0.09834107806026707
CXCR3-,HC,PB_2,TCATTTGGTGACGGTA-1,-0.44841165534651994
CXCR3+,HC,PB_2,TCCACACGTAAAGTCA-1,-0.09834107806026707
CXCR3-,HC,PB_2,TCCACACTCCTATGTT-1,-0.02382759166126968
CXCR3-,HC,PB_2,TCCCGATGTGTGGTTT-1,0.1741342961656678
CXCR3-,HC,PB_2,TCGAGGCCATATACGC-1,-0.09834107806026707
CXCR3-,HC,PB_2,TCGAGGCTCTCGTATT-1,-0.05949621559170315
CXCR3-,HC,PB_2,TCGCGAGCACCATGTA-1,-0.37792441364965645
CXCR3-,HC,PB_2,TCGCGTTTCTCGCTTG-1,-0.09834107806026707
CXCR3-,HC,PB_2,TCGGGACGTTTGACAC-1,-0.09834107806026707
CXCR3-,HC,PB_2,TCGGGACTCGTTTATC-1,-0.10907000052781297
CXCR3-,HC,PB_2,TCGGTAACAAGTAGTA-1,0.11472414841516539
CXCR3-,HC,PB_2,TCGGTAACAGTAACGG-1,0.4724251774924033
CXCR3-,HC,PB_2,TCGTACCAGAGATGAG-1,-0.21628875599276068
CXCR3-,HC,PB_2,TCGTACCAGCTGAACG-1,-0.21230539879692228
CXCR3-,HC,PB_2,TCGTACCCACACCGCA-1,0.09759300696526127
CXCR3-,HC,PB_2,TCGTACCCATCCCATC-1,-0.09834107806026707
CXCR3-,HC,PB_2,TCGTAGATCTACTATC-1,0.25521285358324514
CXCR3-,HC,PB_2,TCTCATAAGCCTATGT-1,0.9523811116525828
CXCR3-,HC,PB_2,TCTCATAAGGCATGTG-1,-0.09834107806026707
CXCR3-,HC,PB_2,TCTCTAAAGCATCATC-1,-0.17987292023742502
CXCR3-,HC,PB_2,TCTCTAAAGGATGTAT-1,-0.1731241647622968
CXCR3+,HC,PB_2,TCTCTAAAGTGTACCT-1,-0.09834107806026707
CXCR3-,HC,PB_2,TCTCTAAGTCTCTTAT-1,-0.2654376786482456
CXCR3-,HC,PB_2,TCTCTAAGTTAGATGA-1,-0.09834107806026707
CXCR3-,HC,PB_2,TCTGAGAAGTTAACGA-1,-0.20085690981065837
CXCR3-,HC,PB_2,TCTGGAAAGGCGATAC-1,0.035447234192421566
CXCR3-,HC,PB_2,TCTGGAAAGTGTTGAA-1,0.24969254388331255
CXCR3-,HC,PB_2,TCTTCGGAGACAGAGA-1-1,0.06618405162124828
CXCR3-,HC,PB_2,TCTTCGGAGCATCATC-1,-0.0025644175027307948
CXCR3-,HC,PB_2,TCTTCGGAGGCAAAGA-1,-0.18894146037956736
CXCR3-,HC,PB_2,TCTTCGGAGGGATCTG-1,0.02421661018616279
CXCR3-,HC,PB_2,TCTTCGGGTGGCGAAT-1,-0.04616238621361827
CXCR3-,HC,PB_2,TCTTCGGTCGACCAGC-1,-0.09834107806026707
CXCR3-,HC,PB_2,TCTTTCCCAGACACTT-1,0.14834340898687223
CXCR3-,HC,PB_2,TCTTTCCTCTTGAGAC-1,0.1971961326474377
CXCR3+,HC,PB_2,TGAAAGACACGGATAG-1,0.4626346763007279
CXCR3-,HC,PB_2,TGAAAGACAGACTCGC-1,-0.09834107806026707
CXCR3-,HC,PB_2,TGAAAGAGTACTCGCG-1,-0.09834107806026707
CXCR3-,HC,PB_2,TGAAAGATCCAGTAGT-1,-0.09834107806026707
CXCR3-,HC,PB_2,TGACAACAGAGGGATA-1,0.10822421449547859
CXCR3-,HC,PB_2,TGACAACAGATCCGAG-1,0.09658987221122987
CXCR3-,HC,PB_2,TGACAACGTTTGGGCC-1,-0.09834107806026707
CXCR3-,HC,PB_2,TGACAACTCCCAAGTA-1,0.041637326885341684
CXCR3-,HC,PB_2,TGACGGCGTAAGTGGC-1,-0.1542719634634624
CXCR3-,HC,PB_2,TGACTAGAGGGTCGAT-1,-0.09834107806026707
CXCR3-,HC,PB_2,TGACTAGTCACAGGCC-1,0.0553774065456119
CXCR3-,HC,PB_2,TGACTAGTCAGGATCT-1,-0.4105210295413861
CXCR3-,HC,PB_2,TGACTAGTCGTTGACA-1,0.350218877801859
CXCR3-,HC,PB_2,TGACTAGTCTCGATGA-1,-0.18046197157202684
CXCR3-,HC,PB_2,TGACTAGTCTGACCTC-1,0.407998517240311
CXCR3-,HC,PB_2,TGACTTTAGAATTGTG-1,-0.09834107806026707
CXCR3-,HC,PB_2,TGACTTTAGGCAATTA-1,0.09264240146539071
CXCR3-,HC,PB_2,TGACTTTCACATGGGA-1,-0.26716007991838253
CXCR3-,HC,PB_2,TGACTTTGTCTCCATC-1,0.00816801723961331
CXCR3+,HC,PB_2,TGACTTTTCACGAAGG-1,0.08682864506344168
CXCR3-,HC,PB_2,TGAGAGGGTATCTGCA-1,-0.12912765150643882
CXCR3-,HC,PB_2,TGAGAGGTCACCTCGT-1,0.08274698413952163
CXCR3-,HC,PB_2,TGAGCATGTGACAAAT-1,0.4631201147931169
CXCR3+,HC,PB_2,TGAGCATTCCACGCAG-1,0.09132038559776953
CXCR3-,HC,PB_2,TGAGCCGAGCACGCCT-1,-0.7665452786510084
CXCR3-,HC,PB_2,TGAGCCGCAATGACCT-1,-0.09834107806026707
CXCR3-,HC,PB_2,TGAGCCGCATTAGGCT-1,-0.010963010969714804
CXCR3-,HC,PB_2,TGAGCCGGTTGACGTT-1,0.30590612739286244
CXCR3-,HC,PB_2,TGATTTCCATCTGGTA-1,0.17364775394659807
CXCR3-,HC,PB_2,TGATTTCTCTTGAGGT-1,-0.29309657962469543
CXCR3-,HC,PB_2,TGCACCTAGTCACGCC-1,-0.09834107806026707
CXCR3-,HC,PB_2,TGCACCTCATACCATG-1,-0.22106317501670647
CXCR3-,HC,PB_2,TGCACCTTCGATGAGG-1,-0.560977599578466
CXCR3-,HC,PB_2,TGCCAAACACCCATGG-1,-0.09307917554443945
CXCR3-,HC,PB_2,TGCCAAACATCCTTGC-1,-0.09834107806026707
CXCR3-,HC,PB_2,TGCCCATGTGCGAAAC-1,-0.09834107806026707
CXCR3+,HC,PB_2,TGCCCATGTTTAAGCC-1,-0.09834107806026707
CXCR3-,HC,PB_2,TGCCCTATCAAACCGT-1,0.1840051202462738
CXCR3-,HC,PB_2,TGCCCTATCCGGGTGT-1,-0.21029958222012457
CXCR3+,HC,PB_2,TGCGCAGCAATGTTGC-1,-0.029052381560082257
CXCR3-,HC,PB_2,TGCGGGTAGAGTACCG-1,-0.21534440390663098
CXCR3-,HC,PB_2,TGCGGGTTCCTGCCAT-1,-0.09834107806026707
CXCR3-,HC,PB_2,TGCGTGGGTTCCACAA-1,0.34766346915721574
CXCR3-,HC,PB_2,TGCGTGGTCCAAACTG-1,0.44552843697289746
CXCR3-,HC,PB_2,TGCTACCAGGCGCTCT-1,-0.09834107806026707
CXCR3-,HC,PB_2,TGCTACCCACGGACAA-1,0.19540936116608248
CXCR3-,HC,PB_2,TGCTACCCAGAGTGTG-1,0.29063998870089197
CXCR3-,HC,PB_2,TGCTACCGTATGCTTG-1,0.12528716374211096
CXCR3-,HC,PB_2,TGCTACCGTCTTTCAT-1,-0.08371758283642357
CXCR3-,HC,PB_2,TGCTGCTAGTTTAGGA-1,-0.09834107806026707
CXCR3-,HC,PB_2,TGGACGCAGCTACCTA-1,0.3493269974032138
CXCR3-,HC,PB_2,TGGCCAGTCCAGAAGG-1,-0.16787032595022108
CXCR3+,HC,PB_2,TGGCCAGTCTGGAGCC-1,0.03345755374702182
CXCR3-,HC,PB_2,TGGCGCAAGCCACGCT-1,0.318384748414524
CXCR3-,HC,PB_2,TGGCGCACACGTGAGA-1,-0.4028251708716764
CXCR3-,HC,PB_2,TGGCGCAGTTTAAGCC-1,-0.09834107806026707
CXCR3-,HC,PB_2,TGGCTGGGTCGACTGC-1,0.07891035676524946
CXCR3-,HC,PB_2,TGGGAAGAGACTGGGT-1,-0.09834107806026707
CXCR3-,HC,PB_2,TGGGAAGAGCCCAGCT-1,-0.09834107806026707
CXCR3+,HC,PB_2,TGGGAAGTCAAACGGG-1,-0.46126002985341763
CXCR3-,HC,PB_2,TGGGCGTAGTGGAGTC-1,-0.09834107806026707
CXCR3+,HC,PB_2,TGGGCGTTCTCTGCTG-1,-0.09834107806026707
CXCR3-,HC,PB_2,TGGTTAGGTACCGTTA-1,-0.20254727099120146
CXCR3-,HC,PB_2,TGGTTCCAGACGCACA-1,0.10333883508310672
CXCR3-,HC,PB_2,TGGTTCCAGTTCCACA-1,-0.09834107806026707
CXCR3-,HC,PB_2,TGGTTCCGTGTTGAGG-1,-0.09834107806026707
CXCR3-,HC,PB_2,TGGTTCCGTTATCGGT-1,0.06856445916972512
CXCR3-,HC,PB_2,TGGTTCCGTTGGTTTG-1,-0.09834107806026707
CXCR3-,HC,PB_2,TGGTTCCTCTTAGAGC-1,-0.09834107806026707
CXCR3-,HC,PB_2,TGTATTCAGACGACGT-1,0.14761944772606306
CXCR3-,HC,PB_2,TGTATTCGTCGAGATG-1,0.08477331636398489
CXCR3-,HC,PB_2,TGTATTCGTTAGGGTG-1,-0.09834107806026707
CXCR3-,HC,PB_2,TGTCCCAAGATCCCAT-1,-0.2807492583149811
CXCR3-,HC,PB_2,TGTCCCACAGTAACGG-1,0.109686897075518
CXCR3-,HC,PB_2,TGTCCCATCCACGACG-1,-0.22010521577876793
CXCR3-,HC,PB_2,TGTGGTACAAGAAGAG-1,0.08685958142171317
CXCR3-,HC,PB_2,TGTGGTAGTGCCTGCA-1,0.14528083533974329
CXCR3-,HC,PB_2,TGTGGTAGTTGTACAC-1,0.18663682328924902
CXCR3-,HC,PB_2,TGTGTTTGTAAGAGAG-1,-0.24514226308574716
CXCR3-,HC,PB_2,TGTGTTTGTGTGAATA-1,0.04585076493788492
CXCR3-,HC,PB_2,TGTGTTTTCGCGTAGC-1,0.12205604593420893
CXCR3-,HC,PB_2,TGTTCCGCAATACGCT-1,-0.3031842522951292
CXCR3+,HC,PB_2,TGTTCCGCACGACTCG-1,-0.3471365279089145
CXCR3-,HC,PB_2,TGTTCCGGTAGCGTCC-1,0.14747062819428616
CXCR3-,HC,PB_2,TGTTCCGGTCGCCATG-1,0.055529590509698065
CXCR3+,HC,PB_2,TGTTCCGTCTCACATT-1,-0.09834107806026707
CXCR3-,HC,PB_2,TTAACTCAGATCCCAT-1,0.06039076151675855
CXCR3-,HC,PB_2,TTAACTCTCGCATGGC-1,0.2518238794163253
CXCR3-,HC,PB_2,TTAACTCTCTAAGCCA-1,-0.09834107806026707
CXCR3-,HC,PB_2,TTAGGACGTGGGTATG-1,-0.1589718073496523
CXCR3-,HC,PB_2,TTAGGACTCTCGGACG-1,0.11750201383261231
CXCR3-,HC,PB_2,TTAGGCACAGACGCAA-1,0.09381661993493585
CXCR3-,HC,PB_2,TTAGGCACATCGGGTC-1,-0.09834107806026707
CXCR3-,HC,PB_2,TTAGGCATCCAGTAGT-1,0.06286402053588046
CXCR3-,HC,PB_2,TTAGTTCCAGGACCCT-1,-0.09834107806026707
CXCR3-,HC,PB_2,TTATGCTAGTGGAGTC-1,0.27421809034281097
CXCR3-,HC,PB_2,TTATGCTGTCGACTAT-1,0.22848744689818523
CXCR3-,HC,PB_2,TTCCCAGCACCGCTAG-1,0.6261450067932044
CXCR3+,HC,PB_2,TTCCCAGCAGCTTCGG-1,-0.11033527456887102
CXCR3-,HC,PB_2,TTCCCAGTCAGGTAAA-1,-0.09834107806026707
CXCR3-,HC,PB_2,TTCGAAGAGCTCAACT-1,0.2861829983084793
CXCR3-,HC,PB_2,TTCGAAGAGGAATGGA-1,0.15647151344061092
CXCR3+,HC,PB_2,TTCGAAGCAGTCTTCC-1,0.22035137126294316
CXCR3-,HC,PB_2,TTCGAAGGTAGCGTAG-1,0.26924454823693383
CXCR3-,HC,PB_2,TTCGGTCAGAGTGAGA-1,-0.09834107806026707
CXCR3-,HC,PB_2,TTCGGTCGTACCAGTT-1,0.09103505678896794
CXCR3+,HC,PB_2,TTCGGTCGTTAGATGA-1,-0.32399663614113683
CXCR3-,HC,PB_2,TTCTACAAGGTTACCT-1,0.13164970427450576
CXCR3-,HC,PB_2,TTCTACACAATGTTGC-1,-0.09834107806026707
CXCR3-,HC,PB_2,TTCTACAGTAGAAAGG-1,0.34874672447199534
CXCR3+,HC,PB_2,TTCTACATCATGTCCC-1,-0.09834107806026707
CXCR3-,HC,PB_2,TTCTCAACACGGTGTC-1,-0.09834107806026707
CXCR3-,HC,PB_2,TTCTCAATCGGCTACG-1,-0.20434241332200087
CXCR3-,HC,PB_2,TTCTCCTCATTGGGCC-1,-0.36086511842437236
CXCR3-,HC,PB_2,TTCTCCTGTTGATTGC-1,-0.09834107806026707
CXCR3+,HC,PB_2,TTCTTAGGTACGACCC-1,-0.12857979765591984
CXCR3-,HC,PB_2,TTGAACGAGAATGTTG-1,0.31374860777295044
CXCR3-,HC,PB_2,TTGAACGCAGGTTTCA-1,0.5234099225260617
CXCR3-,HC,PB_2,TTGAACGTCCGTCATC-1,0.061058434070099095
CXCR3-,HC,PB_2,TTGACTTAGCTAACTC-1,-0.10824067096476957
CXCR3-,HC,PB_2,TTGACTTCAATGTTGC-1,0.10680391250071399
CXCR3-,HC,PB_2,TTGACTTCAGGGTATG-1,-0.09834107806026707
CXCR3-,HC,PB_2,TTGACTTGTCTCGTTC-1,0.18029262011865313
CXCR3-,HC,PB_2,TTGACTTGTGAGCGAT-1,-0.30142220425228494
CXCR3-,HC,PB_2,TTGACTTGTTTGGCGC-1,-0.09834107806026707
CXCR3-,HC,PB_2,TTGACTTTCCTCAACC-1,-0.09834107806026707
CXCR3-,HC,PB_2,TTGCCGTTCGCATGAT-1,0.14062835114480132
CXCR3-,HC,PB_2,TTGCGTCAGATATACG-1,-0.09834107806026707
CXCR3-,HC,PB_2,TTGCGTCGTACCATCA-1,-0.09834107806026707
CXCR3-,HC,PB_2,TTGCGTCGTAGCTCCG-1,-0.09834107806026707
CXCR3-,HC,PB_2,TTGCGTCGTGGGTCAA-1,-0.09834107806026707
CXCR3-,HC,PB_2,TTGGAACGTTGTCGCG-1,-0.09834107806026707
CXCR3-,HC,PB_2,TTGGAACTCTTGCCGT-1,0.6261450067932044
CXCR3-,HC,PB_2,TTGGCAAAGGAGTCTG-1,-0.09834107806026707
CXCR3-,HC,PB_2,TTGGCAAGTTCCCTTG-1,-0.20401150058140027
CXCR3-,HC,PB_2,TTGGCAATCTGAGTGT-1,-0.3943268707725567
CXCR3+,HC,PB_2,TTGTAGGCATACTACG-1,-0.1476563981963441
CXCR3-,HC,PB_2,TTGTAGGCATCCGTGG-1,-0.09834107806026707
CXCR3-,HC,PB_2,TTGTAGGGTCGAATCT-1,-0.2224503421049482
CXCR3-,HC,PB_2,TTGTAGGTCGAATGCT-1,0.0500481268316849
CXCR3-,HC,PB_2,TTTACTGAGATAGGAG-1,0.13691507942013584
CXCR3+,HC,PB_2,TTTACTGCAATGACCT-1,-0.010501744423855684
CXCR3-,HC,PB_2,TTTACTGTCATTCACT-1,0.15591671169086238
CXCR3-,HC,PB_2,TTTATGCAGCGTTCCG-1,0.10050726666707048
CXCR3-,HC,PB_2,TTTATGCGTGAGGGAG-1,-0.09834107806026707
CXCR3-,HC,PB_2,TTTATGCTCACCCGAG-1,-0.26808768108433967
CXCR3-,HC,PB_2,TTTATGCTCGGACAAG-1,-0.3734890016572748
CXCR3-,HC,PB_2,TTTCCTCCATCCGGGT-1,0.19934285403735105
CXCR3-,HC,PB_2,TTTCCTCTCTAACCGA-1,-0.09834107806026707
CXCR3-,HC,PB_2,TTTGCGCAGTGTCCCG-1,-0.09834107806026707
CXCR3-,HC,PB_2,TTTGCGCCACCGTTGG-1,-0.15737204446604178
CXCR3-,HC,PB_2,TTTGCGCCAGCTCGCA-1,-0.09834107806026707
CXCR3-,HC,PB_2,TTTGCGCCATCGGACC-1,0.36269589097181204
CXCR3-,HC,PB_2,TTTGCGCGTAATTGGA-1,0.14352526367012391
CXCR3-,HC,PB_2,TTTGCGCGTCGCCATG-1,-0.09834107806026707
CXCR3-,HC,PB_2,TTTGCGCTCTATCCTA-1,-0.09834107806026707
CXCR3-,HC,PB_2,TTTGGTTAGGACGAAA-1,0.21438386289895178
CXCR3-,HC,PB_2,TTTGGTTTCCACGTGG-1,-0.5683493312546387
CXCR3-,HC,PB_2,TTTGGTTTCCTGCCAT-1,-0.09834107806026707
CXCR3-,HC,PB_2,TTTGGTTTCGCAAACT-1,-0.09834107806026707
CXCR3-,HC,PB_2,TTTGTCACAAGGTTCT-1,-0.20395925317410532
CXCR3-,HC,PB_2,TTTGTCAGTCGGGTCT-1,-0.09834107806026707
CXCR3-,HC,PB_3,AAACCTGAGTTCCACA-1,-0.09834107806026707
CXCR3-,HC,PB_3,AAACCTGTCTGCCAGG-1,0.3181440400057428
CXCR3+,HC,PB_3,AAACGGGCAAGCCTAT-1,0.5807419201472506
CXCR3+,HC,PB_3,AAACGGGCACCATCCT-1,0.37709130589183976
CXCR3-,HC,PB_3,AAACGGGCACCGAAAG-1,0.029818378634721247
CXCR3+,HC,PB_3,AAACGGGCACGTAAGG-1,-0.047240117203329775
CXCR3-,HC,PB_3,AAACGGGCAGTAAGAT-1,-0.09834107806026707
CXCR3-,HC,PB_3,AAACGGGTCTAACGGT-1,0.48030496154407276
CXCR3-,HC,PB_3,AAACGGGTCTCAAGTG-1,-0.27194744752607986
CXCR3-,HC,PB_3,AAACGGGTCTGGTTCC-1,-0.09834107806026707
CXCR3-,HC,PB_3,AAAGATGAGCCAGAAC-1,-0.09834107806026707
CXCR3+,HC,PB_3,AAAGATGCACAGCCCA-1,0.07045248338944342
CXCR3-,HC,PB_3,AAAGATGGTGTGGCTC-1,-0.5331812503346239
CXCR3-,HC,PB_3,AAAGCAAAGTCGCCGT-1,0.18639343999597044
CXCR3-,HC,PB_3,AAAGCAAAGTGTCCAT-1,0.025406654708795533
CXCR3-,HC,PB_3,AAAGTAGAGGATGGTC-1,0.1202274049628647
CXCR3-,HC,PB_3,AAAGTAGGTTCGCTAA-1,0.28742058111949315
CXCR3+,HC,PB_3,AACACGTCATACGCCG-1,-0.09834107806026707
CXCR3-,HC,PB_3,AACACGTGTGCTGTAT-1-1,-0.09834107806026707
CXCR3-,HC,PB_3,AACACGTTCGACCAGC-1,0.25664172593334683
CXCR3-,HC,PB_3,AACCATGAGACGACGT-1,-0.26154053044311765
CXCR3-,HC,PB_3,AACCATGGTTACTGAC-1,-0.2923300330205668
CXCR3-,HC,PB_3,AACCGCGAGGTTACCT-1,0.15373605579317196
CXCR3-,HC,PB_3,AACCGCGCAGGATTGG-1,-0.09834107806026707
CXCR3-,HC,PB_3,AACCGCGGTATGAAAC-1,-0.09834107806026707
CXCR3-,HC,PB_3,AACCGCGGTGCAGGTA-1,0.4519339378863047
CXCR3-,HC,PB_3,AACGTTGAGTAACCCT-1,-0.09834107806026707
CXCR3-,HC,PB_3,AACGTTGCACCATCCT-1,0.1376665670196026
CXCR3-,HC,PB_3,AACGTTGCAGACTCGC-1,0.19740012187408404
CXCR3+,HC,PB_3,AACGTTGTCCACGAAT-1,0.424492578972215
CXCR3-,HC,PB_3,AACGTTGTCTTTACAC-1,0.009949768108112846
CXCR3-,HC,PB_3,AACTCAGCACGAAGCA-1,0.09651906684087382
CXCR3+,HC,PB_3,AACTCAGGTGTGAATA-1,0.1473442095676412
CXCR3-,HC,PB_3,AACTCCCCACGGCCAT-1,-0.09834107806026707
CXCR3-,HC,PB_3,AACTCCCCACGTTGGC-1,-0.09834107806026707
CXCR3-,HC,PB_3,AACTCCCCAGGCGATA-1,0.05672544945310587
CXCR3+,HC,PB_3,AACTCCCGTAAGGGCT-1,-0.035533553287059504
CXCR3-,HC,PB_3,AACTCCCGTGTCCTCT-1,-0.09834107806026707
CXCR3-,HC,PB_3,AACTCCCGTTCTCATT-1,0.19673119416667517
CXCR3-,HC,PB_3,AACTCCCTCACTCTTA-1,-0.02206489399674938
CXCR3-,HC,PB_3,AACTCTTAGATGAGAG-1,0.2828664976050628
CXCR3-,HC,PB_3,AACTGGTAGTGTTAGA-1,-0.09834107806026707
CXCR3-,HC,PB_3,AACTGGTCAGTCGTGC-1,-0.09834107806026707
CXCR3-,HC,PB_3,AACTGGTTCTGCGTAA-1,-0.2481510884066543
CXCR3+,HC,PB_3,AACTGGTTCTTCTGGC-1,0.18190313057689714
CXCR3-,HC,PB_3,AACTGGTTCTTGTATC-1,-0.09834107806026707
CXCR3-,HC,PB_3,AACTTTCAGCTGCAAG-1,-0.09834107806026707
CXCR3-,HC,PB_3,AACTTTCCACGAAAGC-1,-0.30981612061001984
CXCR3-,HC,PB_3,AACTTTCGTGTCTGAT-1,0.036294156997252594
CXCR3-,HC,PB_3,AACTTTCTCTCGTTTA-1,0.24136752376643897
CXCR3-,HC,PB_3,AAGACCTAGGATGGTC-1,0.28997554931287
CXCR3-,HC,PB_3,AAGACCTCAGGTTTCA-1,0.6986035441075894
CXCR3-,HC,PB_3,AAGCCGCAGACCGGAT-1,-0.42033493753752804
CXCR3-,HC,PB_3,AAGCCGCTCAGTTGAC-1-1,0.2108924185346476
CXCR3-,HC,PB_3,AAGGAGCAGATCACGG-1,-0.09834107806026707
CXCR3-,HC,PB_3,AAGGAGCAGATGAGAG-1,0.21766349025401527
CXCR3-,HC,PB_3,AAGGAGCGTTATGTGC-1,-0.29886229887274884
CXCR3-,HC,PB_3,AAGGAGCGTTGAACTC-1,0.0853508392538347
CXCR3-,HC,PB_3,AAGGAGCTCCTGCCAT-1,0.04862536949121036
CXCR3-,HC,PB_3,AAGGCAGAGGTCATCT-1,-0.09439832175961123
CXCR3-,HC,PB_3,AAGGCAGGTAATAGCA-1,0.2774435590574238
CXCR3-,HC,PB_3,AAGGTTCTCACCCGAG-1,-0.32693732956566673
CXCR3-,HC,PB_3,AAGGTTCTCTAACGGT-1,0.13322075407915976
CXCR3-,HC,PB_3,AAGTCTGCACTTACGA-1,-0.03564679256957345
CXCR3-,HC,PB_3,AAGTCTGTCCCAAGAT-1,-0.22760958727862965
CXCR3+,HC,PB_3,AATCCAGAGACACGAC-1,-0.17607115276201749
CXCR3-,HC,PB_3,AATCCAGAGCTAGTGG-1,0.0499422782215922
CXCR3+,HC,PB_3,AATCCAGAGGGCTTCC-1,0.8976603074439424
CXCR3-,HC,PB_3,AATCCAGCAGCCTATA-1,0.3250987791190005
CXCR3-,HC,PB_3,AATCCAGCAGTTCATG-1,-0.09834107806026707
CXCR3-,HC,PB_3,AATCCAGGTGCTTCTC-1,-0.5522388562504847
CXCR3-,HC,PB_3,AATCCAGTCATCACCC-1,-0.08731147598100439
CXCR3-,HC,PB_3,AATCGGTCAAGCGAGT-1,-0.013389223357217008
CXCR3-,HC,PB_3,AATCGGTCAAGCGCTC-1,0.01674456160838094
CXCR3+,HC,PB_3,AATCGGTGTGCTAGCC-1,-0.18289235204253337
CXCR3-,HC,PB_3,AATCGGTGTGTTCGAT-1,-0.09834107806026707
CXCR3-,HC,PB_3,AATCGGTGTTCGTCTC-1,-0.3937862142035114
CXCR3-,HC,PB_3,AATCGGTTCAGGATCT-1,-0.09834107806026707
CXCR3-,HC,PB_3,AATCGGTTCCTCCTAG-1,0.13867291140368135
CXCR3-,HC,PB_3,ACACCAAAGATGGCGT-1,-0.09834107806026707
CXCR3-,HC,PB_3,ACACCAAAGCTAGTCT-1,-0.09834107806026707
CXCR3+,HC,PB_3,ACACCAAAGCTTTGGT-1,-0.09834107806026707
CXCR3-,HC,PB_3,ACACCAAAGGATTCGG-1,-0.04071370117146168
CXCR3-,HC,PB_3,ACACCAAAGTGACATA-1,-0.2533101028839268
CXCR3-,HC,PB_3,ACACCAAGTGTCGCTG-1,0.12646955936530616
CXCR3-,HC,PB_3,ACACCCTAGGAGTACC-1,-0.09834107806026707
CXCR3-,HC,PB_3,ACACCCTCATTAGGCT-1,-0.09834107806026707
CXCR3-,HC,PB_3,ACACCCTGTAAATGAC-1,-0.20958985070132785
CXCR3-,HC,PB_3,ACACCCTGTTGTCTTT-1,0.13950916611232023
CXCR3-,HC,PB_3,ACACCCTTCAAAGACA-1,0.09212142495044205
CXCR3-,HC,PB_3,ACACCGGAGATATGCA-1,0.10071295893921298
CXCR3-,HC,PB_3,ACACCGGCATGTCCTC-1,0.46380566362883213
CXCR3-,HC,PB_3,ACACCGGTCACCCTCA-1,-0.22418932060398378
CXCR3+,HC,PB_3,ACACTGACACCTCGTT-1,0.2965388193903654
CXCR3-,HC,PB_3,ACAGCCGCAGGCTGAA-1,-0.27476305021034436
CXCR3-,HC,PB_3,ACAGCCGGTTTGGGCC-1,0.09896276972292337
CXCR3-,HC,PB_3,ACAGCTAAGCGCCTTG-1,-0.09834107806026707
CXCR3-,HC,PB_3,ACAGCTAAGGCAAAGA-1,0.10986135499062953
CXCR3-,HC,PB_3,ACAGCTAGTAGCGTGA-1,0.15679059275431095
CXCR3-,HC,PB_3,ACAGCTAGTCTCACCT-1,0.15573147101271564
CXCR3-,HC,PB_3,ACATACGAGAGGTTGC-1,0.4102855565801112
CXCR3-,HC,PB_3,ACATACGGTCCGTTAA-1,-0.09834107806026707
CXCR3+,HC,PB_3,ACATACGGTTCCCGAG-1,0.036400379535102605
CXCR3+,HC,PB_3,ACATACGTCCAAATGC-1,0.14551619877039887
CXCR3-,HC,PB_3,ACATACGTCGGAGCAA-1,0.007924600382538203
CXCR3+,HC,PB_3,ACATACGTCTACCAGA-1,-0.27045952175640675
CXCR3-,HC,PB_3,ACATCAGCAAGGTGTG-1,0.13192834357174907
CXCR3-,HC,PB_3,ACATCAGCAGACAGGT-1,0.3378295739945422
CXCR3-,HC,PB_3,ACATGGTAGCCTTGAT-1,0.28521363863990684
CXCR3-,HC,PB_3,ACATGGTCAATAGAGT-1,0.5154170915583891
CXCR3-,HC,PB_3,ACCAGTAGTAAGCACG-1,0.3670420745013118
CXCR3-,HC,PB_3,ACCAGTATCTCCAACC-1,-0.09834107806026707
CXCR3-,HC,PB_3,ACCCACTAGAATTCCC-1,-0.09834107806026707
CXCR3-,HC,PB_3,ACCCACTAGATCGGGT-1,0.1811452825567979
CXCR3-,HC,PB_3,ACCCACTTCGAATGGG-1,-0.06833596752129605
CXCR3-,HC,PB_3,ACCGTAACACTGTCGG-1,-0.09834107806026707
CXCR3-,HC,PB_3,ACCGTAACAGCGAACA-1,-0.21750023705309718
CXCR3-,HC,PB_3,ACCGTAACAGTCAGCC-1,0.05723487127467874
CXCR3-,HC,PB_3,ACCGTAAGTGATGTCT-1,-0.09834107806026707
CXCR3-,HC,PB_3,ACCGTAATCGTTTAGG-1,0.11195829437356274
CXCR3+,HC,PB_3,ACCGTAATCTAACTGG-1,0.022990372108390077
CXCR3-,HC,PB_3,ACCGTAATCTGTCAAG-1,-0.027005887387756205
CXCR3-,HC,PB_3,ACCTTTAAGTGTCCAT-1,0.09574102801399385
CXCR3-,HC,PB_3,ACCTTTAGTACATCCA-1,-0.09834107806026707
CXCR3+,HC,PB_3,ACCTTTAGTCTCACCT-1,-0.09834107806026707
CXCR3+,HC,PB_3,ACCTTTATCGACAGCC-1,-0.09834107806026707
CXCR3-,HC,PB_3,ACGAGCCTCCTTCAAT-1,-0.09834107806026707
CXCR3-,HC,PB_3,ACGAGGAAGAATTGTG-1,-0.09834107806026707
CXCR3+,HC,PB_3,ACGAGGAGTAGATTAG-1,-0.29119501684180094
CXCR3+,HC,PB_3,ACGATACCAGTGAGTG-1,0.09617682287973082
CXCR3-,HC,PB_3,ACGATACGTACACCGC-1,-0.09834107806026707
CXCR3-,HC,PB_3,ACGATGTAGTGTCTCA-1,-0.20949203302469194
CXCR3-,HC,PB_3,ACGATGTCAACGATGG-1,0.1073348006675749
CXCR3-,HC,PB_3,ACGATGTGTAGCTCCG-1,-0.4360071016782568
CXCR3+,HC,PB_3,ACGATGTGTGGGTATG-1,-0.3008051297071868
CXCR3+,HC,PB_3,ACGATGTTCGTGGTCG-1,-0.4639860005272274
CXCR3-,HC,PB_3,ACGCAGCAGCGTTGCC-1,-0.09834107806026707
CXCR3+,HC,PB_3,ACGCAGCCACGTAAGG-1,0.08045156617740033
CXCR3-,HC,PB_3,ACGCAGCTCCACGACG-1,0.130233847017932
CXCR3-,HC,PB_3,ACGCAGCTCTCTGCTG-1,-0.3530522925444704
CXCR3+,HC,PB_3,ACGCCAGAGACAGACC-1,0.06165765415065146
CXCR3-,HC,PB_3,ACGCCAGAGCCTATGT-1,0.2524886587474723
CXCR3-,HC,PB_3,ACGCCAGTCATCGATG-1,0.21088598047240567
CXCR3-,HC,PB_3,ACGCCAGTCGTTTGCC-1,0.33310227398016073
CXCR3-,HC,PB_3,ACGCCGAGTAAGCACG-1,0.07177105855533332
CXCR3-,HC,PB_3,ACGCCGAGTGGAAAGA-1,0.045830796093061385
CXCR3-,HC,PB_3,ACGGAGAAGCGCCTTG-1,-0.09834107806026707
CXCR3-,HC,PB_3,ACGGAGACACGGTGTC-1,-0.17806251967944312
CXCR3+,HC,PB_3,ACGGAGAGTCGAGTTT-1,0.13026052534389274
CXCR3-,HC,PB_3,ACGGAGATCTCCAACC-1,-0.1420340553575748
CXCR3-,HC,PB_3,ACGGCCAAGACTGGGT-1,0.2976226301691229
CXCR3-,HC,PB_3,ACGGCCAGTAGGACAC-1,0.016987622519270613
CXCR3-,HC,PB_3,ACGGCCAGTGATGTCT-1,0.013776728960424386
CXCR3-,HC,PB_3,ACGGGCTAGAGCTGCA-1,-0.09834107806026707
CXCR3-,HC,PB_3,ACGGGCTCATGTCGAT-1,0.30019339295432484
CXCR3-,HC,PB_3,ACGGGCTTCCCTCTTT-1,-0.11517274012610956
CXCR3+,HC,PB_3,ACGGGCTTCCTTTACA-1,0.10629468279003378
CXCR3+,HC,PB_3,ACGGGTCGTTAGAACA-1,-0.2022573106125803
CXCR3-,HC,PB_3,ACGGGTCTCGCCCTTA-1,0.003189563737071101
CXCR3-,HC,PB_3,ACGTCAAAGCCAGTTT-1,0.08367975597949974
CXCR3-,HC,PB_3,ACGTCAAAGCTTCGCG-1,0.24927914524547967
CXCR3-,HC,PB_3,ACGTCAATCCAAAGTC-1,0.18755885922239912
CXCR3-,HC,PB_3,ACTATCTCAATACGCT-1,-0.09834107806026707
CXCR3-,HC,PB_3,ACTATCTGTAGCTTGT-1,0.3481519855053171
CXCR3-,HC,PB_3,ACTGAACTCGTAGGTT-1,-0.28745345449307613
CXCR3-,HC,PB_3,ACTGAGTAGCGTTCCG-1,0.19701107980156965
CXCR3-,HC,PB_3,ACTGAGTAGGCAAAGA-1,0.3253998757424879
CXCR3-,HC,PB_3,ACTGAGTCACATGACT-1,0.1791224801663269
CXCR3-,HC,PB_3,ACTGAGTTCAGAGCTT-1,0.1903510155095531
CXCR3-,HC,PB_3,ACTGATGAGCGAAGGG-1,-0.42873634708555775
CXCR3-,HC,PB_3,ACTGATGGTTCAACCA-1,0.1738946710096275
CXCR3-,HC,PB_3,ACTGCTCAGCCACCTG-1,-0.23158444712853724
CXCR3-,HC,PB_3,ACTGCTCAGGGTTCCC-1,-0.4274149371760426
CXCR3-,HC,PB_3,ACTGCTCCAGCGAACA-1,0.051125547995811337
CXCR3-,HC,PB_3,ACTGCTCCAGGCGATA-1,-0.09834107806026707
CXCR3-,HC,PB_3,ACTGTCCAGCTGAAAT-1,0.5235325239282317
CXCR3-,HC,PB_3,ACTTACTTCGCAGGCT-1,-0.08773603826710334
CXCR3-,HC,PB_3,ACTTGTTCAAGTTCTG-1,-0.2099126630985939
CXCR3-,HC,PB_3,ACTTTCAAGTACGCCC-1,-0.024649758478231334
CXCR3-,HC,PB_3,ACTTTCATCCCTAATT-1,0.226213502123127
CXCR3+,HC,PB_3,AGAATAGAGACCTAGG-1,-0.11544037106836222
CXCR3-,HC,PB_3,AGAATAGAGGAGCGAG-1,0.153430070625354
CXCR3-,HC,PB_3,AGAATAGAGTCTCGGC-1,-0.09834107806026707
CXCR3+,HC,PB_3,AGAATAGGTTATCGGT-1,0.19382603940637064
CXCR3-,HC,PB_3,AGAATAGTCCGTTGCT-1,0.2618646470183688
CXCR3-,HC,PB_3,AGAATAGTCTTCGGTC-1,0.6651539380906851
CXCR3-,HC,PB_3,AGAGCGAGTGATGTCT-1,-0.09834107806026707
CXCR3+,HC,PB_3,AGAGCTTAGATGTCGG-1,0.3002370123611234
CXCR3-,HC,PB_3,AGAGCTTAGCAATCTC-1,-0.09834107806026707
CXCR3+,HC,PB_3,AGAGCTTCACATCTTT-1,0.06450177608222421
CXCR3-,HC,PB_3,AGAGCTTTCATTGCGA-1,-0.10165766972478628
CXCR3-,HC,PB_3,AGAGCTTTCCCTGACT-1,0.22089671095414162
CXCR3-,HC,PB_3,AGAGCTTTCTCAAGTG-1,-0.12506161862014184
CXCR3-,HC,PB_3,AGAGTGGTCATATCGG-1,-0.13210702361588766
CXCR3+,HC,PB_3,AGATCTGAGTACACCT-1,-0.21050749208548883
CXCR3-,HC,PB_3,AGATCTGCATGAACCT-1,0.3972941717597534
CXCR3+,HC,PB_3,AGATCTGTCACCGTAA-1,0.3560503488548177
CXCR3-,HC,PB_3,AGATCTGTCTGCTTGC-1,-0.15820771129933325
CXCR3-,HC,PB_3,AGATTGCGTGCGATAG-1,-0.04695672393555423
CXCR3-,HC,PB_3,AGATTGCGTTATGCGT-1,-0.367448436001987
CXCR3-,HC,PB_3,AGCAGCCTCGTTTGCC-1,-0.2816635255426313
CXCR3-,HC,PB_3,AGCAGCCTCTTGTTTG-1,-0.09834107806026707
CXCR3-,HC,PB_3,AGCATACAGTGCGATG-1,0.2424378282431983
CXCR3-,HC,PB_3,AGCCTAAAGAGCTATA-1,-0.004534560005502579
CXCR3+,HC,PB_3,AGCCTAATCGGATGTT-1,0.007267315614413025
CXCR3-,HC,PB_3,AGCCTAATCGGCTACG-1,-0.006920849869500367
CXCR3-,HC,PB_3,AGCGGTCAGTGGTCCC-1,0.29504098558740155
CXCR3-,HC,PB_3,AGCGGTCCACCAGTTA-1,0.060435332167549156
CXCR3-,HC,PB_3,AGCGGTCGTATTACCG-1,-0.20574112478815113
CXCR3-,HC,PB_3,AGCGTATAGAAGAAGC-1,-1.1202619784594425
CXCR3-,HC,PB_3,AGCGTATAGATAGCAT-1,-0.025955275100090484
CXCR3+,HC,PB_3,AGCGTATAGGATCGCA-1,-0.02479045083144244
CXCR3-,HC,PB_3,AGCGTATCACGCTTTC-1,0.11409038558598127
CXCR3-,HC,PB_3,AGCGTATCAGCCTATA-1,0.1794494173715935
CXCR3-,HC,PB_3,AGCGTATTCAGCAACT-1,-0.3749479006226724
CXCR3-,HC,PB_3,AGCGTATTCATAACCG-1,0.13948479360006555
CXCR3-,HC,PB_3,AGCGTATTCCTTGCCA-1,-0.09834107806026707
CXCR3-,HC,PB_3,AGCGTCGAGGCGCTCT-1,-0.09834107806026707
CXCR3-,HC,PB_3,AGCGTCGCATTCGACA-1,0.20872739367782725
CXCR3-,HC,PB_3,AGCTCCTAGATGGGTC-1,-0.09834107806026707
CXCR3+,HC,PB_3,AGCTCCTCATTTGCTT-1,0.7626596766595622
CXCR3-,HC,PB_3,AGCTCCTGTGGGTATG-1,-0.16399395544218143
CXCR3-,HC,PB_3,AGCTCCTTCTGTTGAG-1,-0.09834107806026707
CXCR3-,HC,PB_3,AGCTTGAGTACCCAAT-1,0.10263032369005266
CXCR3+,HC,PB_3,AGCTTGAGTCCCTTGT-1,0.30971410118198
CXCR3+,HC,PB_3,AGCTTGATCGCCAAAT-1,-0.6276104647719115
CXCR3+,HC,PB_3,AGCTTGATCGTCCAGG-1,0.4576218148560281
CXCR3-,HC,PB_3,AGGCCACCACAGTCGC-1,-0.09834107806026707
CXCR3+,HC,PB_3,AGGCCACCACGAAATA-1,-0.029855031539181866
CXCR3-,HC,PB_3,AGGCCGTAGCGAGAAA-1,0.2065621018572587
CXCR3-,HC,PB_3,AGGCCGTGTCGTTGTA-1,-0.10640547264054485
CXCR3-,HC,PB_3,AGGCCGTTCAAACCAC-1,-0.09834107806026707
CXCR3-,HC,PB_3,AGGGATGCAGACGCCT-1-1,0.1102093070288891
CXCR3-,HC,PB_3,AGGGTGAGTAGAGCTG-1,0.3935253221640417
CXCR3-,HC,PB_3,AGGGTGAGTCGTGGCT-1,-0.6887733202296152
CXCR3-,HC,PB_3,AGGGTGAGTTATCCGA-1,-0.2743723535987404
CXCR3-,HC,PB_3,AGGTCCGAGCTGATAA-1,0.053062318416613644
CXCR3+,HC,PB_3,AGTAGTCCATCAGTCA-1,-0.10588494025792136
CXCR3+,HC,PB_3,AGTAGTCTCCTGCAGG-1,-0.019260026341410948
CXCR3-,HC,PB_3,AGTAGTCTCTTTAGTC-1,0.40579153972656634
CXCR3-,HC,PB_3,AGTCTTTAGTGAACAT-1,0.3938224594341552
CXCR3-,HC,PB_3,AGTCTTTCATCTCGCT-1,0.02875557891493314
CXCR3-,HC,PB_3,AGTCTTTGTCCTCTTG-1,-0.09834107806026707
CXCR3-,HC,PB_3,AGTCTTTGTCTCTCTG-1,-0.09834107806026707
CXCR3-,HC,PB_3,AGTCTTTTCGTAGGAG-1,-0.21497798024950843
CXCR3+,HC,PB_3,AGTGAGGTCCCTTGCA-1,-0.27210561306001246
CXCR3-,HC,PB_3,AGTGAGGTCGTGGACC-1,-0.09834107806026707
CXCR3-,HC,PB_3,AGTGGGAAGCTCCTCT-1,-0.09834107806026707
CXCR3-,HC,PB_3,AGTTGGTAGAATGTTG-1,-0.2001259260251199
CXCR3-,HC,PB_3,AGTTGGTCAATAGAGT-1,0.13392652712137273
CXCR3+,HC,PB_3,AGTTGGTTCCATGAAC-1,0.06518348111686122
CXCR3-,HC,PB_3,ATAACGCGTTCCGTCT-1,0.022451350196633895
CXCR3-,HC,PB_3,ATAAGAGAGGATATAC-1,0.18640309237206695
CXCR3-,HC,PB_3,ATAAGAGAGTCTTGCA-1,0.13033030894609723
CXCR3-,HC,PB_3,ATAAGAGGTTGGGACA-1,-0.10941760282480227
CXCR3-,HC,PB_3,ATAGACCCAAGCCGCT-1,0.4238076575003178
CXCR3-,HC,PB_3,ATAGACCGTTAGTGGG-1,0.620057958134969
CXCR3-,HC,PB_3,ATAGACCTCAAGCCTA-1,-0.09834107806026707
CXCR3-,HC,PB_3,ATCACGAAGATAGTCA-1,-0.2303595245162749
CXCR3-,HC,PB_3,ATCACGACACGACTCG-1,-0.14915271060713048
CXCR3-,HC,PB_3,ATCATCTAGGGTATCG-1,-0.09834107806026707
CXCR3-,HC,PB_3,ATCATCTCATGTCGAT-1,-0.09834107806026707
CXCR3+,HC,PB_3,ATCATCTGTGAGGGTT-1,0.004556019663161833
CXCR3-,HC,PB_3,ATCATCTGTTCAACCA-1,-0.09834107806026707
CXCR3+,HC,PB_3,ATCATCTGTTGTGGCC-1,-0.20989857529038441
CXCR3-,HC,PB_3,ATCATGGAGAAGGTTT-1,-0.09834107806026707
CXCR3-,HC,PB_3,ATCATGGAGTCTTGCA-1,0.10387549318183123
CXCR3-,HC,PB_3,ATCATGGCATGGGAAC-1,0.08912550896003249
CXCR3+,HC,PB_3,ATCATGGGTCGCATCG-1,0.03117552875148401
CXCR3+,HC,PB_3,ATCATGGTCAAGGTAA-1,-0.238778734483808
CXCR3-,HC,PB_3,ATCATGGTCATCACCC-1,-0.035670049995932554
CXCR3-,HC,PB_3,ATCATGGTCTGCGGCA-1,0.6081352813463986
CXCR3-,HC,PB_3,ATCCACCAGATATACG-1,-0.09834107806026707
CXCR3-,HC,PB_3,ATCCACCAGGGTATCG-1,-0.21226114292021764
CXCR3-,HC,PB_3,ATCCACCCAAGGTGTG-1,-0.09834107806026707
CXCR3+,HC,PB_3,ATCCACCGTAAGTAGT-1,-0.47857024748594945
CXCR3-,HC,PB_3,ATCCGAAGTCTGATTG-1,0.11389307764964621
CXCR3-,HC,PB_3,ATCCGAATCATGCAAC-1,0.00806898623962156
CXCR3-,HC,PB_3,ATCCGAATCCCAAGTA-1,0.15680020391693703
CXCR3-,HC,PB_3,ATCCGAATCGGTTCGG-1,-0.09834107806026707
CXCR3-,HC,PB_3,ATCCGAATCTTAACCT-1,0.12129667235036856
CXCR3-,HC,PB_3,ATCGAGTAGTGAAGTT-1,-0.4959923251116362
CXCR3-,HC,PB_3,ATCGAGTAGTTCGCGC-1,-0.18007818941869538
CXCR3-,HC,PB_3,ATCGAGTCAGATGAGC-1,-0.7220217183416392
CXCR3-,HC,PB_3,ATCGAGTCATCCAACA-1,0.3432757303097504
CXCR3-,HC,PB_3,ATCGAGTGTAAGGGAA-1,0.5423241146036218
CXCR3-,HC,PB_3,ATCGAGTTCAAGGCTT-1,0.10228084662069563
CXCR3-,HC,PB_3,ATCTACTAGCATCATC-1,-0.09834107806026707
CXCR3+,HC,PB_3,ATCTGCCCACAGGAGT-1,-0.21853707395264127
CXCR3-,HC,PB_3,ATCTGCCGTATAGGGC-1,0.36070216408707845
CXCR3-,HC,PB_3,ATGAGGGAGCAGCCTC-1,-0.09834107806026707
CXCR3-,HC,PB_3,ATGAGGGCATTCTCAT-1,-0.2440901780676669
CXCR3-,HC,PB_3,ATGAGGGTCGGATGTT-1,0.2556218124684528
CXCR3-,HC,PB_3,ATGAGGGTCTCTTATG-1,0.11412548147120043
CXCR3-,HC,PB_3,ATGAGGGTCTTATCTG-1,-0.09834107806026707
CXCR3-,HC,PB_3,ATGCGATCACGAGAGT-1,-0.09834107806026707
CXCR3-,HC,PB_3,ATGCGATTCAGTCCCT-1-1,-0.2807918810809455
CXCR3-,HC,PB_3,ATGGGAGCAACCGCCA-1,-0.09834107806026707
CXCR3-,HC,PB_3,ATGGGAGGTAATCACC-1,0.17817574699036617
CXCR3-,HC,PB_3,ATGGGAGTCAACCATG-1,0.43015402098286637
CXCR3-,HC,PB_3,ATGTGTGAGCACACAG-1,0.05532163180001783
CXCR3-,HC,PB_3,ATGTGTGGTATTCGTG-1,0.0869464051460378
CXCR3-,HC,PB_3,ATGTGTGGTTATCGGT-1,-0.09834107806026707
CXCR3-,HC,PB_3,ATTACTCCACGACTCG-1,0.11504339716550675
CXCR3-,HC,PB_3,ATTACTCCACTGTTAG-1,-0.09834107806026707
CXCR3-,HC,PB_3,ATTACTCTCAATCACG-1,0.05051072810302241
CXCR3-,HC,PB_3,ATTACTCTCATGCAAC-1,-0.09834107806026707
CXCR3-,HC,PB_3,ATTATCCAGCGACGTA-1,-0.22861760394490657
CXCR3-,HC,PB_3,ATTATCCAGTCTCCTC-1,0.2870703468984906
CXCR3-,HC,PB_3,ATTATCCAGTGGAGAA-1,0.4619378821715558
CXCR3-,HC,PB_3,ATTATCCCATTCCTGC-1,0.24359279733197473
CXCR3-,HC,PB_3,ATTATCCGTCCGCTGA-1,-0.09834107806026707
CXCR3-,HC,PB_3,ATTATCCGTTCAGTAC-1,0.10126956344386415
CXCR3-,HC,PB_3,ATTCTACGTTCACGGC-1,-0.09834107806026707
CXCR3-,HC,PB_3,ATTGGACAGAGAACAG-1,0.019135310883819943
CXCR3-,HC,PB_3,ATTGGACCAGCCAGAA-1,0.1402499787780318
CXCR3-,HC,PB_3,ATTGGACTCACGACTA-1,-0.2969208527711407
CXCR3-,HC,PB_3,ATTGGTGAGGCAAAGA-1,-0.2243363575879108
CXCR3-,HC,PB_3,ATTGGTGCAATCTGCA-1,0.5623140848723315
CXCR3+,HC,PB_3,ATTTCTGGTGCTAGCC-1,-0.18658160522434766
CXCR3+,HC,PB_3,ATTTCTGTCCTGTAGA-1,-0.3467889996448096
CXCR3-,HC,PB_3,ATTTCTGTCGGGAGTA-1,-0.22992866085166966
CXCR3-,HC,PB_3,CAACCAAAGATCGGGT-1,-0.27750933037385167
CXCR3-,HC,PB_3,CAACCAAAGGCCGAAT-1,-0.09834107806026707
CXCR3+,HC,PB_3,CAACTAGAGGAGCGAG-1,-0.17721874552593125
CXCR3-,HC,PB_3,CAACTAGTCCGAACGC-1,-0.09834107806026707
CXCR3-,HC,PB_3,CAAGAAAAGCCCGAAA-1,-0.2479306880461058
CXCR3-,HC,PB_3,CAAGAAACAGTACACT-1,-0.02639292446899799
CXCR3-,HC,PB_3,CAAGAAAGTCCTCTTG-1,-0.09834107806026707
CXCR3-,HC,PB_3,CAAGAAATCACATACG-1,0.08462069633210247
CXCR3-,HC,PB_3,CAAGATCAGCCCAGCT-1,-0.04083373676309186
CXCR3-,HC,PB_3,CAAGATCGTCGGCACT-1,0.5326791065792967
CXCR3-,HC,PB_3,CAAGATCTCGGAATCT-1,-0.2695981707236257
CXCR3-,HC,PB_3,CAAGGCCCAATAACGA-1,-0.21659526532007964
CXCR3-,HC,PB_3,CAAGGCCCACAGAGGT-1,-0.09834107806026707
CXCR3-,HC,PB_3,CAAGGCCTCGATGAGG-1,0.07424804247091803
CXCR3-,HC,PB_3,CAAGGCCTCTGCGTAA-1,-0.2219851411939035
CXCR3-,HC,PB_3,CAAGTTGAGATATGCA-1,-0.09834107806026707
CXCR3-,HC,PB_3,CAAGTTGAGGTGTTAA-1,-0.09834107806026707
CXCR3-,HC,PB_3,CAAGTTGCAGGGAGAG-1,0.43244489832109834
CXCR3-,HC,PB_3,CAAGTTGTCGCCGTGA-1,-0.09834107806026707
CXCR3-,HC,PB_3,CACAAACAGGTGGGTT-1,-0.09834107806026707
CXCR3+,HC,PB_3,CACACAACACGGCCAT-1,-0.09834107806026707
CXCR3-,HC,PB_3,CACACAATCTTTCCTC-1,0.09081947035485313
CXCR3-,HC,PB_3,CACACCTAGAAACCGC-1,0.19025354171977568
CXCR3-,HC,PB_3,CACACCTAGACACGAC-1,0.2595307190687825
CXCR3-,HC,PB_3,CACACCTCATCGGGTC-1,-0.32601462697717626
CXCR3-,HC,PB_3,CACACCTTCGTCGTTC-1,0.1037250403054824
CXCR3-,HC,PB_3,CACACTCCAGCTTCGG-1,0.18853263172148985
CXCR3-,HC,PB_3,CACACTCCATCCGTGG-1,-0.09834107806026707
CXCR3+,HC,PB_3,CACACTCGTGGGTCAA-1,-0.09834107806026707
CXCR3-,HC,PB_3,CACAGGCCAGACGCTC-1,-0.09834107806026707
CXCR3-,HC,PB_3,CACAGGCCAGGACGTA-1,0.1487802227471546
CXCR3-,HC,PB_3,CACAGGCGTCCCTTGT-1,0.049327220355899294
CXCR3-,HC,PB_3,CACAGGCTCCTGCCAT-1,-0.09834107806026707
CXCR3-,HC,PB_3,CACATAGAGACCTAGG-1,-0.09834107806026707
CXCR3-,HC,PB_3,CACATAGAGTACGACG-1,-0.09834107806026707
CXCR3-,HC,PB_3,CACATAGTCAGCACAT-1,0.19262040206407452
CXCR3-,HC,PB_3,CACATAGTCGAGAACG-1,0.0758744455272493
CXCR3-,HC,PB_3,CACATAGTCGGATGTT-1,0.2592814876117818
CXCR3-,HC,PB_3,CACATTTCATTCCTCG-1,-0.27950139445362115
CXCR3-,HC,PB_3,CACATTTTCGCAGGCT-1,0.14315221200638353
CXCR3-,HC,PB_3,CACATTTTCTCTAGGA-1,0.22818113546873842
CXCR3-,HC,PB_3,CACATTTTCTTTAGGG-1,-0.27956225348429753
CXCR3-,HC,PB_3,CACCACTCAGCTCGCA-1,0.21363843830480753
CXCR3-,HC,PB_3,CACCACTCATCACGTA-1,0.057906269999207435
CXCR3+,HC,PB_3,CACCACTTCGTACCGG-1,-0.3274968542171314
CXCR3-,HC,PB_3,CACCAGGCACACAGAG-1,-0.09834107806026707
CXCR3-,HC,PB_3,CACCAGGTCGTCTGCT-1,0.6519530008542592
CXCR3-,HC,PB_3,CACCAGGTCTCACATT-1,0.15397214954310925
CXCR3-,HC,PB_3,CACCTTGAGACAAGCC-1,-0.2869379100351915
CXCR3-,HC,PB_3,CACCTTGAGCCGTCGT-1,0.33365104457205114
CXCR3+,HC,PB_3,CACCTTGCAAGACGTG-1,0.20178775127533774
CXCR3-,HC,PB_3,CACCTTGGTAGCCTCG-1,0.7027934697307613
CXCR3-,HC,PB_3,CACCTTGGTTGTCTTT-1,-0.040772406247866745
CXCR3-,HC,PB_3,CACTCCACACTTACGA-1,0.19907302579269634
CXCR3-,HC,PB_3,CAGAATCTCTGACCTC-1,-0.2772420119070977
CXCR3-,HC,PB_3,CAGAGAGAGTGACTCT-1,0.29756464074603517
CXCR3-,HC,PB_3,CAGAGAGTCAGGTAAA-1,-0.008180702366692503
CXCR3-,HC,PB_3,CAGAGAGTCGTAGATC-1,-0.09834107806026707
CXCR3-,HC,PB_3,CAGAGAGTCTTCAACT-1,-0.31863512929688004
CXCR3-,HC,PB_3,CAGCAGCCACAACGTT-1,-0.19861932752753564
CXCR3-,HC,PB_3,CAGCAGCGTTCCGGCA-1,-0.3382685036501209
CXCR3-,HC,PB_3,CAGCAGCTCAGATAAG-1,-0.09834107806026707
CXCR3-,HC,PB_3,CAGCCGAAGCCCTAAT-1,-0.09834107806026707
CXCR3-,HC,PB_3,CAGCCGAGTAACGCGA-1,-0.09834107806026707
CXCR3-,HC,PB_3,CAGCCGATCGGAAACG-1,-0.3304939217293369
CXCR3-,HC,PB_3,CAGCCGATCGGATGTT-1,-0.09834107806026707
CXCR3-,HC,PB_3,CAGCCGATCTACCTGC-1,0.045870761848548054
CXCR3-,HC,PB_3,CAGCGACAGCTCTCGG-1,-0.09834107806026707
CXCR3-,HC,PB_3,CAGCGACAGGGAGTAA-1,-1.0027849474527715
CXCR3-,HC,PB_3,CAGCGACCATTTCAGG-1,0.1647348815243149
CXCR3+,HC,PB_3,CAGCGACGTAACGACG-1,-0.10155354082150615
CXCR3+,HC,PB_3,CAGCTAACATGAGCGA-1,-0.09834107806026707
CXCR3-,HC,PB_3,CAGCTAAGTGGTCCGT-1,0.3412194071614864
CXCR3-,HC,PB_3,CAGCTGGCATGGGAAC-1,-0.09834107806026707
CXCR3-,HC,PB_3,CAGCTGGGTCTCATCC-1,0.5054569936685213
CXCR3-,HC,PB_3,CAGGTGCAGATAGGAG-1,-0.09834107806026707
CXCR3-,HC,PB_3,CAGTAACAGGCTCAGA-1,0.11353070806149712
CXCR3-,HC,PB_3,CAGTAACGTATATGAG-1,-0.059267818259956924
CXCR3+,HC,PB_3,CAGTCCTCAGCGTAAG-1,-0.23748693744254923
CXCR3+,HC,PB_3,CAGTCCTGTCTTGCGG-1,-0.10151853746752296
CXCR3-,HC,PB_3,CAGTCCTTCGCGTTTC-1,0.08797932472694826
CXCR3-,HC,PB_3,CATATGGTCCGAGCCA-1,0.07371492509766013
CXCR3-,HC,PB_3,CATATGGTCCGTTGCT-1,0.11584192627471711
CXCR3-,HC,PB_3,CATATTCAGGGCTTGA-1,-0.4668304388789621
CXCR3-,HC,PB_3,CATATTCGTAAGGATT-1,-0.09834107806026707
CXCR3-,HC,PB_3,CATATTCGTTGCGCAC-1,-0.17397514432616776
CXCR3+,HC,PB_3,CATCAAGGTGTATGGG-1,-0.25955276648943343
CXCR3-,HC,PB_3,CATCAAGGTGTCCTCT-1,0.32653939025080625
CXCR3-,HC,PB_3,CATCAAGTCGGAAATA-1,-0.09834107806026707
CXCR3+,HC,PB_3,CATCAGACAAGGTTTC-1,-0.18962769017538214
CXCR3-,HC,PB_3,CATCAGAGTTTAAGCC-1,0.11335650845453348
CXCR3-,HC,PB_3,CATCCACAGACCACGA-1,-0.20418671916104403
CXCR3-,HC,PB_3,CATCCACAGCAGGCTA-1,0.1260487381441703
CXCR3-,HC,PB_3,CATCCACCATGGTCAT-1,0.5154797277903852
CXCR3-,HC,PB_3,CATCCACGTAGGGACT-1,-0.09834107806026707
CXCR3-,HC,PB_3,CATCGAAAGCGCCTCA-1,-0.10979279712824762
CXCR3+,HC,PB_3,CATCGAACATCACAAC-1,-0.06604494970036599
CXCR3-,HC,PB_3,CATCGGGAGGACACCA-1,-0.09834107806026707
CXCR3-,HC,PB_3,CATCGGGGTACCGTTA-1,-0.09834107806026707
CXCR3-,HC,PB_3,CATCGGGGTCACAAGG-1,-0.7454238208856835
CXCR3-,HC,PB_3,CATCGGGGTCTCTTTA-1,-0.09834107806026707
CXCR3-,HC,PB_3,CATGACACACCAGCAC-1,-0.09834107806026707
CXCR3-,HC,PB_3,CATGACACAGGCTGAA-1,-0.033381138369753934
CXCR3-,HC,PB_3,CATGCCTAGAACTGTA-1,0.09553686590243562
CXCR3+,HC,PB_3,CATGCCTCAGCCTGTG-1,-0.07940418339263047
CXCR3-,HC,PB_3,CATGCCTGTTCCACTC-1,-0.09834107806026707
CXCR3-,HC,PB_3,CATGGCGGTATATGGA-1,-0.09834107806026707
CXCR3-,HC,PB_3,CATGGCGTCGGATGGA-1,0.2276132477550601
CXCR3-,HC,PB_3,CATTATCGTTTAGCTG-1,-0.20602677209404258
CXCR3-,HC,PB_3,CATTCGCGTTGGACCC-1,-0.04533396699724886
CXCR3-,HC,PB_3,CCAATCCAGGACATTA-1,0.09347156203251834
CXCR3-,HC,PB_3,CCAATCCTCACAGTAC-1,0.17283925957030247
CXCR3-,HC,PB_3,CCACCTACAACAACCT-1,0.1764563145887661
CXCR3-,HC,PB_3,CCACCTAGTGTGAAAT-1,-0.20641899214539897
CXCR3-,HC,PB_3,CCACCTAGTTCCATGA-1,-0.09834107806026707
CXCR3-,HC,PB_3,CCACCTATCACGCATA-1,0.045672869321404685
CXCR3-,HC,PB_3,CCACCTATCTTGTTTG-1,-0.04936011471949137
CXCR3-,HC,PB_3,CCACGGATCGCTGATA-1,0.0009043926907290453
CXCR3-,HC,PB_3,CCACTACAGATAGCAT-1,-0.09834107806026707
CXCR3-,HC,PB_3,CCACTACCAGATGGCA-1,0.2028622559282092
CXCR3-,HC,PB_3,CCACTACGTACCGGCT-1,0.09331002673152544
CXCR3-,HC,PB_3,CCAGCGAAGGAATTAC-1,-0.09834107806026707
CXCR3-,HC,PB_3,CCAGCGACACCTCGGA-1,-0.09834107806026707
CXCR3-,HC,PB_3,CCAGCGACACGTAAGG-1,-0.09834107806026707
CXCR3-,HC,PB_3,CCATGTCTCAAGGTAA-1,0.1467642622453367
CXCR3-,HC,PB_3,CCATGTCTCGATAGAA-1,-0.41595454811212196
CXCR3-,HC,PB_3,CCATTCGAGACCACGA-1,0.27716856221457215
CXCR3-,HC,PB_3,CCATTCGAGCCCTAAT-1,0.2057341418329416
CXCR3-,HC,PB_3,CCATTCGGTCCGTGAC-1,-0.09834107806026707
CXCR3-,HC,PB_3,CCCAATCAGCCTTGAT-1,-0.09834107806026707
CXCR3-,HC,PB_3,CCCAATCTCTCCAACC-1,0.28726849731605225
CXCR3-,HC,PB_3,CCCTCCTCACCGATAT-1,-0.23770319530879822
CXCR3-,HC,PB_3,CCCTCCTTCAAACCAC-1-1,-0.21899830351006289
CXCR3-,HC,PB_3,CCGGGATAGGACTGGT-1,-0.2787987003428836
CXCR3-,HC,PB_3,CCGGGATTCCCTTGCA-1,0.06371567965081733
CXCR3-,HC,PB_3,CCGGTAGAGTCTCAAC-1,0.5114761897541688
CXCR3-,HC,PB_3,CCGGTAGCACCGAAAG-1,-0.09834107806026707
CXCR3-,HC,PB_3,CCGTACTAGTCAATAG-1,-0.261134832039481
CXCR3-,HC,PB_3,CCGTACTCAAGAAGAG-1,0.09847596127532668
CXCR3-,HC,PB_3,CCGTACTGTTCGGGCT-1,-0.33917935168949676
CXCR3-,HC,PB_3,CCGTACTTCATGTCCC-1,0.2931654511125822
CXCR3-,HC,PB_3,CCGTGGAAGTGTTAGA-1,0.33266908269799117
CXCR3-,HC,PB_3,CCGTGGACACCCATTC-1,0.41028738663639774
CXCR3+,HC,PB_3,CCGTGGATCGCTTAGA-1,0.10183806416146575
CXCR3-,HC,PB_3,CCGTTCAGTACCGTTA-1,0.1609602643353993
CXCR3-,HC,PB_3,CCGTTCAGTCCGTCAG-1,0.16706172542902892
CXCR3+,HC,PB_3,CCGTTCATCATGTCCC-1,-0.282678629178234
CXCR3-,HC,PB_3,CCGTTCATCTCTGCTG-1,0.23962095729398097
CXCR3-,HC,PB_3,CCGTTCATCTGATACG-1,-0.09834107806026707
CXCR3-,HC,PB_3,CCTAAAGCACAGACTT-1,-0.09834107806026707
CXCR3-,HC,PB_3,CCTACACAGAGTGAGA-1,-0.2203624530621138
CXCR3-,HC,PB_3,CCTACACAGTATCGAA-1,-0.0422734897387271
CXCR3-,HC,PB_3,CCTACACCAGCTGGCT-1,0.3614324372647642
CXCR3-,HC,PB_3,CCTACACTCTTGAGAC-1,-0.09834107806026707
CXCR3+,HC,PB_3,CCTACCACATGTTGAC-1,-0.21129713600421243
CXCR3-,HC,PB_3,CCTACCAGTGCATCTA-1,-0.4347033908857739
CXCR3-,HC,PB_3,CCTACCAGTGTGCGTC-1,-0.300373484422597
CXCR3-,HC,PB_3,CCTAGCTAGAGGTAGA-1,-0.29252840926209045
CXCR3-,HC,PB_3,CCTAGCTCACCACGTG-1,-0.11057923468160721
CXCR3-,HC,PB_3,CCTATTAGTTGTCGCG-1,0.04058400864665682
CXCR3-,HC,PB_3,CCTCAGTAGCGTGAGT-1,-0.22593041899063238
CXCR3+,HC,PB_3,CCTCAGTAGCTAGTGG-1,-0.19322346843733
CXCR3-,HC,PB_3,CCTCAGTAGGAGTTGC-1,0.19353938195006432
CXCR3-,HC,PB_3,CCTCAGTGTCTGATCA-1,-0.09834107806026707
CXCR3-,HC,PB_3,CCTCAGTGTGAGGGTT-1,-0.09834107806026707
CXCR3-,HC,PB_3,CCTCAGTGTGGTTTCA-1,-0.22096739113577538
CXCR3-,HC,PB_3,CCTCTGAGTGATAAGT-1,-0.04493187331748245
CXCR3-,HC,PB_3,CCTTACGAGTTACCCA-1,-0.09834107806026707
CXCR3-,HC,PB_3,CCTTACGCAGCCACCA-1,-0.09834107806026707
CXCR3-,HC,PB_3,CCTTACGGTGTTCTTT-1,-0.09834107806026707
CXCR3-,HC,PB_3,CCTTCCCCAGCCACCA-1,0.9340286358765554
CXCR3-,HC,PB_3,CCTTCCCTCCTTTCTC-1,0.2536401947936401
CXCR3-,HC,PB_3,CCTTCCCTCGACCAGC-1,-0.23409431556833443
CXCR3+,HC,PB_3,CCTTCGACACTTCTGC-1,-0.3395696289762493
CXCR3+,HC,PB_3,CCTTCGAGTGTCAATC-1,-0.09834107806026707
CXCR3-,HC,PB_3,CCTTCGAGTTGCCTCT-1,0.8358537613695306
CXCR3-,HC,PB_3,CCTTCGATCCACGTGG-1,0.1430348305120582
CXCR3+,HC,PB_3,CCTTTCTCACAACTGT-1,-0.06556110585895662
CXCR3+,HC,PB_3,CCTTTCTGTCAGAGGT-1,0.3517798631342088
CXCR3-,HC,PB_3,CGAACATCATTACCTT-1,-0.09834107806026707
CXCR3-,HC,PB_3,CGAATGTCAGACACTT-1,-0.3802664984578281
CXCR3-,HC,PB_3,CGACCTTAGTCCGGTC-1,-0.3794676449074656
CXCR3+,HC,PB_3,CGACCTTCATGAACCT-1,-0.02340098130303181
CXCR3-,HC,PB_3,CGACTTCTCAACGCTA-1,-0.03181396264573492
CXCR3-,HC,PB_3,CGAGAAGTCTTGACGA-1,-0.42547718516456223
CXCR3-,HC,PB_3,CGAGCACGTACCGAGA-1,-0.09834107806026707
CXCR3+,HC,PB_3,CGAGCACGTTCAACCA-1,-0.4249786347216367
CXCR3-,HC,PB_3,CGAGCCACACATCTTT-1,-0.09834107806026707
CXCR3-,HC,PB_3,CGATCGGCAATGTAAG-1,-0.08893834450426695
CXCR3-,HC,PB_3,CGATCGGCACTATCTT-1,0.33490154968388236
CXCR3-,HC,PB_3,CGATCGGGTTCAGACT-1,-0.09834107806026707
CXCR3-,HC,PB_3,CGATCGGTCGTATCAG-1,0.11079117505767176
CXCR3-,HC,PB_3,CGATGTAAGGCCCTCA-1,-0.09834107806026707
CXCR3-,HC,PB_3,CGATGTAGTCGTGGCT-1,0.11895326567375324
CXCR3-,HC,PB_3,CGATTGACAACTTGAC-1,0.2614509977026151
CXCR3+,HC,PB_3,CGCCAAGCACAGCCCA-1,0.19481138236219311
CXCR3-,HC,PB_3,CGCCAAGTCAGGCAAG-1,-0.4651439770082973
CXCR3-,HC,PB_3,CGCGGTAAGTACATGA-1,0.22287845916019364
CXCR3-,HC,PB_3,CGCGTTTAGCGTTTAC-1,0.11356738407098972
CXCR3-,HC,PB_3,CGCGTTTCAGGATTGG-1,0.20617483780564463
CXCR3-,HC,PB_3,CGCGTTTCATATACCG-1,0.2559759957913546
CXCR3-,HC,PB_3,CGCTATCAGAACAACT-1,-0.17380135870594038
CXCR3-,HC,PB_3,CGCTGGACAAATACAG-1,0.5338629659040782
CXCR3-,HC,PB_3,CGCTGGACAATCAGAA-1,-0.09834107806026707
CXCR3-,HC,PB_3,CGCTGGACACCCTATC-1,0.12733954336853034
CXCR3-,HC,PB_3,CGCTGGACAGGTCCAC-1,-0.5573300186235354
CXCR3-,HC,PB_3,CGCTGGAGTTGGGACA-1,0.09683581514371283
CXCR3-,HC,PB_3,CGCTTCAAGCCCAACC-1,-0.09834107806026707
CXCR3-,HC,PB_3,CGCTTCACAAGCCGCT-1,-0.09834107806026707
CXCR3-,HC,PB_3,CGGACGTGTCCGAGTC-1,0.1431969204814814
CXCR3-,HC,PB_3,CGGACGTGTCCTCTTG-1,0.4060615325596654
CXCR3-,HC,PB_3,CGGACGTGTGAACCTT-1,0.48822251515341936
CXCR3-,HC,PB_3,CGGACTGCACCGAATT-1,0.003198694395252444
CXCR3-,HC,PB_3,CGGACTGGTATGAATG-1,0.10671754090161485
CXCR3-,HC,PB_3,CGGAGCTGTTCCGGCA-1,0.029568020219911045
CXCR3-,HC,PB_3,CGGAGCTTCTCATTCA-1,-0.31679175200693194
CXCR3+,HC,PB_3,CGGCTAGAGGAATCGC-1,-0.010607661673679656
CXCR3-,HC,PB_3,CGGCTAGAGGATTCGG-1,-0.09834107806026707
CXCR3-,HC,PB_3,CGGCTAGCACACCGCA-1,0.16753347691745946
CXCR3-,HC,PB_3,CGGCTAGGTTTAAGCC-1,0.1243852447021719
CXCR3-,HC,PB_3,CGGGTCACACGGTAGA-1,0.22066747427042918
CXCR3-,HC,PB_3,CGTAGCGAGCCCAATT-1,0.9758197260136855
CXCR3-,HC,PB_3,CGTAGCGAGGGCACTA-1,0.068868380602651
CXCR3-,HC,PB_3,CGTAGCGGTTACTGAC-1,-0.09834107806026707
CXCR3-,HC,PB_3,CGTAGGCGTGAGTGAC-1,0.20535098772182142
CXCR3-,HC,PB_3,CGTAGGCTCAAAGACA-1,-0.2200026513780681
CXCR3-,HC,PB_3,CGTCACTCACACGCTG-1,-0.09834107806026707
CXCR3-,HC,PB_3,CGTCACTCATGGTAGG-1,-0.09834107806026707
CXCR3-,HC,PB_3,CGTCAGGAGCACCGTC-1,0.040647755707440315
CXCR3-,HC,PB_3,CGTCCATGTGGCCCTA-1,-0.09834107806026707
CXCR3-,HC,PB_3,CGTCCATTCATAAAGG-1,0.1380041350221502
CXCR3-,HC,PB_3,CGTCCATTCCGCGTTT-1,0.15282292513370718
CXCR3+,HC,PB_3,CGTCTACGTCTACCTC-1,0.2466382686660646
CXCR3-,HC,PB_3,CGTCTACGTGTTCGAT-1,0.2601897380084347
CXCR3-,HC,PB_3,CGTGAGCAGTGGTAAT-1,0.17977836852425863
CXCR3-,HC,PB_3,CGTGAGCAGTGGTCCC-1,-0.24929295097122764
CXCR3-,HC,PB_3,CGTGTAAAGAGCTGCA-1,0.2202776291520618
CXCR3-,HC,PB_3,CGTGTAAAGTTAGGTA-1,-0.09834107806026707
CXCR3+,HC,PB_3,CGTGTAATCGGTGTTA-1,0.024687332568222982
CXCR3-,HC,PB_3,CGTGTCTAGACATAAC-1,0.39850400766820976
CXCR3-,HC,PB_3,CGTGTCTAGAGAACAG-1,0.05638393575668065
CXCR3-,HC,PB_3,CGTGTCTAGCCAGTAG-1,-0.24823395097241227
CXCR3-,HC,PB_3,CGTGTCTAGGATGCGT-1,-0.5705261095536388
CXCR3-,HC,PB_3,CGTGTCTAGTCGTTTG-1,0.15625982513315398
CXCR3-,HC,PB_3,CGTGTCTCACATGACT-1,-0.09834107806026707
CXCR3-,HC,PB_3,CGTGTCTGTATCGCAT-1,0.44233789120688655
CXCR3-,HC,PB_3,CGTTAGACACGCGAAA-1,0.07898466901284813
CXCR3-,HC,PB_3,CGTTAGAGTCCGTTAA-1,0.10076484673870237
CXCR3-,HC,PB_3,CGTTCTGAGTGGTAAT-1,-0.09834107806026707
CXCR3-,HC,PB_3,CGTTCTGCACATTTCT-1,-0.09834107806026707
CXCR3-,HC,PB_3,CGTTCTGCAGATCTGT-1,-0.10450000083724793
CXCR3-,HC,PB_3,CGTTCTGCAGGAATGC-1,-0.09834107806026707
CXCR3-,HC,PB_3,CGTTCTGCATCCCATC-1,-0.09834107806026707
CXCR3-,HC,PB_3,CGTTGGGAGACTGTAA-1,-0.296507125832859
CXCR3-,HC,PB_3,CGTTGGGAGCGTAATA-1,-0.480201501508548
CXCR3-,HC,PB_3,CGTTGGGCAGGGCATA-1,0.5189684225378838
CXCR3+,HC,PB_3,CGTTGGGGTGAGTGAC-1,0.30932711370794014
CXCR3-,HC,PB_3,CGTTGGGGTTCGCTAA-1,-0.09834107806026707
CXCR3-,HC,PB_3,CGTTGGGTCTTGAGGT-1,0.043602107474870366
CXCR3-,HC,PB_3,CTAAGACTCTCTAAGG-1,-0.2679884721572924
CXCR3-,HC,PB_3,CTAATGGAGACTTTCG-1,0.11343865811050471
CXCR3-,HC,PB_3,CTAATGGAGGGATCTG-1,0.04036640267741709
CXCR3-,HC,PB_3,CTAATGGCAGGATCGA-1,0.23193470281107964
CXCR3-,HC,PB_3,CTAATGGCATTTCAGG-1,0.11156026407582116
CXCR3+,HC,PB_3,CTACACCAGATACACA-1,0.5311506231772442
CXCR3-,HC,PB_3,CTACACCCATCCGGGT-1,-0.33765206155603306
CXCR3-,HC,PB_3,CTACATTCACATTCGA-1,0.13472494068381227
CXCR3-,HC,PB_3,CTACATTCACGGTAGA-1,-0.09834107806026707
CXCR3-,HC,PB_3,CTACATTGTGTAAGTA-1,0.18876416906592303
CXCR3-,HC,PB_3,CTACATTTCGCCTGAG-1,-0.11140646658398874
CXCR3-,HC,PB_3,CTACCCATCGCCTGAG-1,-0.09834107806026707
CXCR3-,HC,PB_3,CTACCCATCGCGCCAA-1,0.35820955312910346
CXCR3-,HC,PB_3,CTACCCATCTGGCGTG-1,-0.09834107806026707
CXCR3-,HC,PB_3,CTACCCATCTTGAGGT-1,0.03310982039619913
CXCR3-,HC,PB_3,CTACGTCAGCTAAGAT-1,0.39821227360673445
CXCR3-,HC,PB_3,CTACGTCGTTAAGATG-1,-0.20181373217888288
CXCR3-,HC,PB_3,CTACGTCTCATGTCCC-1,0.27842037730899954
CXCR3-,HC,PB_3,CTACGTCTCCTTAATC-1,0.26653835135065285
CXCR3-,HC,PB_3,CTACGTCTCTGCAGTA-1,-0.1969878843269169
CXCR3-,HC,PB_3,CTAGAGTAGGAGTCTG-1,-0.3208467103537568
CXCR3-,HC,PB_3,CTAGAGTCAGAGTGTG-1,-0.23122859518772493
CXCR3-,HC,PB_3,CTAGAGTGTTTGGGCC-1,-0.09834107806026707
CXCR3-,HC,PB_3,CTAGAGTTCCTGCAGG-1,-0.09834107806026707
CXCR3-,HC,PB_3,CTAGAGTTCTTGCCGT-1,0.3321439003360917
CXCR3-,HC,PB_3,CTAGCCTGTATGCTTG-1,0.2835280934865486
CXCR3-,HC,PB_3,CTAGCCTGTCCTCTTG-1,-0.6315314542928556
CXCR3-,HC,PB_3,CTAGTGAAGCTCCTTC-1,0.015241302711327731
CXCR3-,HC,PB_3,CTAGTGACACATCTTT-1,-0.09834107806026707
CXCR3-,HC,PB_3,CTAGTGACAGTACACT-1,0.14007002657073464
CXCR3-,HC,PB_3,CTAGTGAGTCAACATC-1,-0.19360089746209705
CXCR3-,HC,PB_3,CTCACACAGTCGCCGT-1,0.07602172878115268
CXCR3-,HC,PB_3,CTCACACCAAGCCGCT-1,0.009495035137214228
CXCR3-,HC,PB_3,CTCACACCAGCTTCGG-1,0.17330255807332604
CXCR3+,HC,PB_3,CTCACACCAGGTCGTC-1,-0.2927110718996837
CXCR3-,HC,PB_3,CTCACACGTCGGATCC-1,-0.05250992944645288
CXCR3-,HC,PB_3,CTCACACGTGCAACGA-1,-0.4092844482311927
CXCR3-,HC,PB_3,CTCACACGTTACCAGT-1,-0.09834107806026707
CXCR3-,HC,PB_3,CTCAGAAAGGATGGTC-1,-0.2389184642743777
CXCR3-,HC,PB_3,CTCAGAAAGTTAGCGG-1,-0.24466183600894606
CXCR3-,HC,PB_3,CTCAGAACAGTTAACC-1,-0.27871211384675665
CXCR3+,HC,PB_3,CTCAGAACATCACAAC-1,-0.06031325050629347
CXCR3+,HC,PB_3,CTCAGAAGTAGCGCAA-1,0.3704040937843565
CXCR3-,HC,PB_3,CTCAGAAGTCCAGTTA-1,-0.09834107806026707
CXCR3-,HC,PB_3,CTCAGAATCAACACAC-1,-0.09834107806026707
CXCR3-,HC,PB_3,CTCATTATCGGTGTCG-1,0.08969008613360474
CXCR3-,HC,PB_3,CTCCTAGAGAGAGCTC-1,-0.09834107806026707
CXCR3-,HC,PB_3,CTCCTAGCAGCGATCC-1,-0.09834107806026707
CXCR3-,HC,PB_3,CTCCTAGGTACATCCA-1,-0.2864258701049525
CXCR3-,HC,PB_3,CTCCTAGTCACCTCGT-1,0.09607846639385202
CXCR3-,HC,PB_3,CTCCTAGTCTGTTGAG-1,-0.022506175805816025
CXCR3+,HC,PB_3,CTCGAAAAGATAGGAG-1,-0.19863901651863156
CXCR3-,HC,PB_3,CTCGAAAAGCGTTCCG-1,-0.09834107806026707
CXCR3-,HC,PB_3,CTCGAAAAGGGTATCG-1,0.08476260618336444
CXCR3-,HC,PB_3,CTCGAGGCAAAGTGCG-1,0.12271978129596448
CXCR3-,HC,PB_3,CTCGAGGTCTGCGACG-1,-0.09834107806026707
CXCR3-,HC,PB_3,CTCGGAGAGTGCCAGA-1,-0.09834107806026707
CXCR3-,HC,PB_3,CTCGGGAAGAAAGTGG-1,-0.09834107806026707
CXCR3-,HC,PB_3,CTCGGGATCTAACTGG-1,-0.09834107806026707
CXCR3-,HC,PB_3,CTCGTACGTTCCGGCA-1,-0.33302041482515904
CXCR3-,HC,PB_3,CTCGTCAAGGGCATGT-1,0.19215539421730313
CXCR3+,HC,PB_3,CTCGTCAAGTGGGTTG-1,0.10152227909868808
CXCR3-,HC,PB_3,CTCGTCACAATAAGCA-1,0.12914562246916106
CXCR3-,HC,PB_3,CTCGTCACACCGGAAA-1,-0.09834107806026707
CXCR3-,HC,PB_3,CTCTAATAGACAGGCT-1,-0.5572424319873269
CXCR3+,HC,PB_3,CTCTAATTCTAACTGG-1,-0.36824166514080864
CXCR3-,HC,PB_3,CTCTACGAGGCTACGA-1,-0.09834107806026707
CXCR3+,HC,PB_3,CTCTACGAGTCCGTAT-1,0.6076511092936577
CXCR3-,HC,PB_3,CTCTACGAGTGAAGAG-1,0.06596723944486595
CXCR3-,HC,PB_3,CTCTGGTTCACGGTTA-1,-0.1508495389006405
CXCR3-,HC,PB_3,CTGAAACCAAGCTGGA-1,-0.10900728450942496
CXCR3-,HC,PB_3,CTGAAGTGTGCACTTA-1,0.1137401838098958
CXCR3-,HC,PB_3,CTGAAGTTCCTTAATC-1,-0.1231977629880567
CXCR3-,HC,PB_3,CTGATAGGTACCATCA-1,-0.029340476512657445
CXCR3-,HC,PB_3,CTGATAGTCTGCGTAA-1,0.023628293625204487
CXCR3-,HC,PB_3,CTGATCCAGATATACG-1,0.10661542449651483
CXCR3-,HC,PB_3,CTGATCCGTTGAACTC-1,-0.2228418721460639
CXCR3-,HC,PB_3,CTGATCCTCTTCATGT-1,0.06916866667806901
CXCR3-,HC,PB_3,CTGCCTAAGCAATCTC-1,0.17891859187533868
CXCR3-,HC,PB_3,CTGCCTACATCCCACT-1,-0.3889755347940191
CXCR3-,HC,PB_3,CTGCCTATCCGCAAGC-1,-0.09834107806026707
CXCR3-,HC,PB_3,CTGCCTATCGGACAAG-1,0.0628905151470683
CXCR3-,HC,PB_3,CTGCTGTAGACTTGAA-1,-0.35766075042428264
CXCR3-,HC,PB_3,CTGCTGTGTCGACTGC-1,-0.1685082592127549
CXCR3-,HC,PB_3,CTGGTCTCATAACCTG-1,0.1714484050884684
CXCR3-,HC,PB_3,CTGGTCTGTAGCGTCC-1,0.3196646079514486
CXCR3-,HC,PB_3,CTGGTCTGTATATGGA-1,0.2366981635142845
CXCR3-,HC,PB_3,CTGTGCTAGTTCGATC-1,-0.2215090389101384
CXCR3-,HC,PB_3,CTGTGCTGTGTGCGTC-1,-0.09834107806026707
CXCR3-,HC,PB_3,CTGTGCTTCAAGATCC-1,-0.01591157926501874
CXCR3-,HC,PB_3,CTGTGCTTCCTCAACC-1,-0.09834107806026707
CXCR3-,HC,PB_3,CTGTTTAAGAAGGACA-1,0.3295106415488526
CXCR3-,HC,PB_3,CTGTTTAGTTGCCTCT-1,0.6694733668473418
CXCR3-,HC,PB_3,CTTAACTAGGCTCATT-1,0.0071022062496134885
CXCR3-,HC,PB_3,CTTAACTTCGAACGGA-1,0.15419339272455973
CXCR3+,HC,PB_3,CTTACCGGTACGCTGC-1,0.1610206934084717
CXCR3-,HC,PB_3,CTTACCGGTCAGCTAT-1,1.0434953603150166
CXCR3-,HC,PB_3,CTTAGGAAGGCTAGAC-1,0.03552370406618739
CXCR3-,HC,PB_3,CTTAGGACAAAGAATC-1,0.25637285445391955
CXCR3-,HC,PB_3,CTTAGGACATCGATGT-1,-0.09834107806026707
CXCR3-,HC,PB_3,CTTAGGAGTAACGCGA-1,-0.15973644330607875
CXCR3+,HC,PB_3,CTTAGGAGTTGAGTTC-1,0.014397984844908781
CXCR3-,HC,PB_3,CTTCTCTGTTTGGGCC-1,-0.09834107806026707
CXCR3-,HC,PB_3,CTTCTCTTCTGCAAGT-1,0.25784151673178435
CXCR3-,HC,PB_3,CTTGGCTCACCACGTG-1,0.2028622559282092
CXCR3-,HC,PB_3,CTTGGCTGTACTCGCG-1,-0.09834107806026707
CXCR3-,HC,PB_3,CTTTGCGAGTAGCGGT-1,-0.372900786637996
CXCR3-,HC,PB_3,CTTTGCGAGTCCCACG-1,-0.09834107806026707
CXCR3-,HC,PB_3,CTTTGCGTCACCTTAT-1,-0.6350559219769206
CXCR3-,HC,PB_3,GAAATGAAGGTGCTTT-1,-0.09834107806026707
CXCR3+,HC,PB_3,GAAATGACAGCTGTAT-1,-0.09834107806026707
CXCR3-,HC,PB_3,GAAATGATCTATCCTA-1,0.7212169253287675
CXCR3-,HC,PB_3,GAAATGATCTTGGGTA-1,0.2756012011840783
CXCR3-,HC,PB_3,GAACATCAGCCGGTAA-1,0.08110262481171325
CXCR3-,HC,PB_3,GAACATCAGGGCTTGA-1,0.7065924666549291
CXCR3+,HC,PB_3,GAACCTAGTTAAGACA-1,0.5485871718662082
CXCR3-,HC,PB_3,GAACGGACAAAGTCAA-1,0.2356354489964661
CXCR3-,HC,PB_3,GAAGCAGCAATCCGAT-1,-0.2814098016812396
CXCR3-,HC,PB_3,GAATAAGCAAGACACG-1,-0.3459371577075299
CXCR3-,HC,PB_3,GAATAAGCAGCTCCGA-1,-0.09834107806026707
CXCR3-,HC,PB_3,GAATAAGCATCCGTGG-1,-0.282678629178234
CXCR3-,HC,PB_3,GAATAAGGTGCGCTTG-1,0.013212020746015272
CXCR3-,HC,PB_3,GACACGCCAAACGCGA-1,0.11917617988681672
CXCR3-,HC,PB_3,GACACGCGTTGTGGCC-1,0.48104077371017684
CXCR3-,HC,PB_3,GACAGAGCAGTCAGCC-1,-0.30975583333797346
CXCR3-,HC,PB_3,GACAGAGGTCCATCCT-1,-0.40436592371597396
CXCR3+,HC,PB_3,GACAGAGTCTAGCACA-1,-0.43562865074684737
CXCR3+,HC,PB_3,GACAGAGTCTCTTATG-1,0.06982427989137203
CXCR3-,HC,PB_3,GACCAATGTCATCCCT-1,-0.0370699778854664
CXCR3-,HC,PB_3,GACCAATTCTCGTTTA-1,0.27639419163300155
CXCR3+,HC,PB_3,GACCTGGAGGCCCTTG-1,-0.09834107806026707
CXCR3-,HC,PB_3,GACCTGGAGGGTGTGT-1,0.22599414736320317
CXCR3-,HC,PB_3,GACCTGGCATCACGAT-1,-0.09834107806026707
CXCR3-,HC,PB_3,GACCTGGTCACGCGGT-1,-0.09834107806026707
CXCR3-,HC,PB_3,GACGCGTAGTGACATA-1,-0.032711546484399175
CXCR3-,HC,PB_3,GACGCGTTCCAAACTG-1,-0.09834107806026707
CXCR3+,HC,PB_3,GACGCGTTCCCTGACT-1,0.45062403562282044
CXCR3-,HC,PB_3,GACGGCTAGCGTGAGT-1,0.0802004865530809
CXCR3-,HC,PB_3,GACGTGCAGTGGACGT-1,-0.09834107806026707
CXCR3-,HC,PB_3,GACGTGCCACGCCAGT-1,0.0552957088973207
CXCR3-,HC,PB_3,GACGTTAAGAAACGAG-1,-0.03524916844467645
CXCR3-,HC,PB_3,GACGTTACACGAAAGC-1,0.10650148771232293
CXCR3-,HC,PB_3,GACGTTAGTTCGGCAC-1,0.3444799834782325
CXCR3-,HC,PB_3,GACTACAGTCCGAGTC-1,-0.09834107806026707
CXCR3-,HC,PB_3,GACTACAGTGCCTGCA-1,0.7662526833583387
CXCR3-,HC,PB_3,GACTACATCCCAAGAT-1,-0.19562108564324507
CXCR3-,HC,PB_3,GACTACATCCGTAGTA-1,-0.21258945612915484
CXCR3-,HC,PB_3,GACTACATCGAGGTAG-1,-0.31452826913340154
CXCR3-,HC,PB_3,GACTGCGAGACTAAGT-1,-0.09834107806026707
CXCR3-,HC,PB_3,GAGCAGAAGGATGCGT-1,-0.09834107806026707
CXCR3-,HC,PB_3,GAGCAGAGTGTATGGG-1,0.0840067459016682
CXCR3-,HC,PB_3,GAGCAGATCATCGGAT-1,0.15126691521309224
CXCR3-,HC,PB_3,GAGGTGACACTTAAGC-1,0.2781121971754034
CXCR3+,HC,PB_3,GAGGTGAGTCTCACCT-1,-0.09834107806026707
CXCR3+,HC,PB_3,GAGGTGATCACCGGGT-1,-0.09834107806026707
CXCR3+,HC,PB_3,GATCGATAGTAACCCT-1,-0.3741473110560749
CXCR3-,HC,PB_3,GATCGATCAAATACAG-1,0.01732238239680225
CXCR3-,HC,PB_3,GATCGATCAATGAATG-1,-0.11034719624251989
CXCR3-,HC,PB_3,GATCGATGTTTGTGTG-1,-0.09834107806026707
CXCR3-,HC,PB_3,GATCGCGAGACTTGAA-1,0.059614758040841605
CXCR3-,HC,PB_3,GATCGCGGTGAAAGAG-1,0.25676782419862343
CXCR3+,HC,PB_3,GATCGCGTCCTCAATT-1,-0.18697297046964395
CXCR3-,HC,PB_3,GATCGTAAGCTAGTGG-1-1,0.10055291484055028
CXCR3-,HC,PB_3,GATCGTAAGGCCCGTT-1,0.35991429128387725
CXCR3-,HC,PB_3,GATCGTAAGGCGCTCT-1,0.23339283736715002
CXCR3-,HC,PB_3,GATCGTAAGTGTCCAT-1,-0.09834107806026707
CXCR3-,HC,PB_3,GATCTAGAGTACACCT-1,0.12909280201628698
CXCR3+,HC,PB_3,GATCTAGAGTCAAGGC-1,-0.09834107806026707
CXCR3-,HC,PB_3,GATCTAGGTCCAGTAT-1,-0.026984392845116476
CXCR3+,HC,PB_3,GATCTAGGTCGGATCC-1,0.08306545258232426
CXCR3-,HC,PB_3,GATCTAGTCTTCGAGA-1,-0.09834107806026707
CXCR3-,HC,PB_3,GATGAAACAGAGCCAA-1,-0.38058749185009433
CXCR3+,HC,PB_3,GATGAAAGTAAATACG-1,0.07408475966401674
CXCR3-,HC,PB_3,GATGAAAGTATAAACG-1,-0.09834107806026707
CXCR3-,HC,PB_3,GATGCTACACGGATAG-1,-0.2801328495884517
CXCR3-,HC,PB_3,GATGCTACAGTTTACG-1,0.07947075531459688
CXCR3-,HC,PB_3,GATGCTAGTCTCTTTA-1,0.2508555283445034
CXCR3-,HC,PB_3,GATGCTAGTCTTCTCG-1,0.09548929571601862
CXCR3+,HC,PB_3,GATGCTATCAGCTCGG-1,-0.27072330891033236
CXCR3-,HC,PB_3,GATGCTATCGAACGGA-1,-0.3150483612688912
CXCR3-,HC,PB_3,GATTCAGAGATGCCTT-1,0.46991710546699633
CXCR3-,HC,PB_3,GATTCAGAGCGAGAAA-1,0.22724722472995032
CXCR3-,HC,PB_3,GATTCAGCACGCCAGT-1,0.3490200238784119
CXCR3-,HC,PB_3,GATTCAGGTGTATGGG-1,0.09999179137797154
CXCR3-,HC,PB_3,GATTCAGTCTTGACGA-1,-0.09834107806026707
CXCR3-,HC,PB_3,GATTCAGTCTTTAGGG-1,-0.09834107806026707
CXCR3-,HC,PB_3,GCAAACTCATAGTAAG-1,0.038714585115716446
CXCR3-,HC,PB_3,GCAAACTGTAAGTTCC-1,0.07671229433912563
CXCR3-,HC,PB_3,GCAAACTGTCAGAAGC-1,-0.09834107806026707
CXCR3-,HC,PB_3,GCAAACTTCCCTAACC-1,-0.08627048198465866
CXCR3+,HC,PB_3,GCAAACTTCTTATCTG-1,-0.10846760497068618
CXCR3-,HC,PB_3,GCAATCAAGAGACTAT-1,-0.20437518168684146
CXCR3-,HC,PB_3,GCAATCACACACCGAC-1,-0.09834107806026707
CXCR3-,HC,PB_3,GCAATCACATATACGC-1,-0.347803710598976
CXCR3-,HC,PB_3,GCAATCACATGCCTTC-1,0.14448781261452665
CXCR3-,HC,PB_3,GCAATCAGTCAGAATA-1,0.09872927273991176
CXCR3-,HC,PB_3,GCAATCATCAGTTAGC-1,0.18201740282513668
CXCR3-,HC,PB_3,GCAATCATCTTGCATT-1,-0.3056427304911768
CXCR3-,HC,PB_3,GCACATAAGAATGTTG-1,0.07975732226047258
CXCR3-,HC,PB_3,GCACATACAATCTACG-1,0.04381223957059159
CXCR3-,HC,PB_3,GCACATAGTGTGGCTC-1,-0.09834107806026707
CXCR3-,HC,PB_3,GCACTCTAGCATCATC-1,0.062350579776106044
CXCR3-,HC,PB_3,GCACTCTGTCAGATAA-1,0.20979800410788635
CXCR3-,HC,PB_3,GCAGCCAAGTTGAGTA-1,-0.5804113651096791
CXCR3-,HC,PB_3,GCAGCCACAGTTTACG-1,-0.4036872389860546
CXCR3-,HC,PB_3,GCAGTTAAGTCTTGCA-1,0.07263977063380504
CXCR3-,HC,PB_3,GCAGTTAAGTGGAGTC-1,-0.09834107806026707
CXCR3-,HC,PB_3,GCAGTTACAGCTCGCA-1,-0.1275009097751436
CXCR3-,HC,PB_3,GCATACAGTGCAACTT-1,0.42451738905499165
CXCR3-,HC,PB_3,GCATACAGTTCTGAAC-1,-0.09834107806026707
CXCR3-,HC,PB_3,GCATGATAGCCATCGC-1,-0.359321558614783
CXCR3-,HC,PB_3,GCATGATCAGCGTAAG-1,-0.029217928418634877
CXCR3-,HC,PB_3,GCATGATGTCAACTGT-1,0.061105797409335846
CXCR3-,HC,PB_3,GCATGCGAGGAATCGC-1,0.43544612752888057
CXCR3-,HC,PB_3,GCATGTAAGGTGCAAC-1,-0.09834107806026707
CXCR3-,HC,PB_3,GCATGTACATCATCCC-1,0.2453362501452656
CXCR3-,HC,PB_3,GCATGTACATTGTGCA-1,0.19044040495732625
CXCR3-,HC,PB_3,GCATGTACATTTGCCC-1,0.03476952107202804
CXCR3-,HC,PB_3,GCATGTATCTGGCGTG-1,0.049443751150088776
CXCR3-,HC,PB_3,GCCAAATAGAATAGGG-1,0.3830062849531043
CXCR3-,HC,PB_3,GCCAAATAGAGAACAG-1,0.38298395426187387
CXCR3-,HC,PB_3,GCCAAATCAGGAATGC-1,0.26492525424541397
CXCR3-,HC,PB_3,GCCAAATGTCACTGGC-1,-0.09834107806026707
CXCR3-,HC,PB_3,GCCAAATGTTACGGAG-1,-0.2221270037817301
CXCR3+,HC,PB_3,GCCAAATTCAGCAACT-1,-0.025247662656131653
CXCR3-,HC,PB_3,GCGACCAAGGGCACTA-1,-0.09834107806026707
CXCR3-,HC,PB_3,GCGACCAAGTGCCATT-1,-0.22598749688246283
CXCR3-,HC,PB_3,GCGACCAAGTGTACTC-1,0.1785082138337162
CXCR3-,HC,PB_3,GCGACCACAAGTTAAG-1,-0.09834107806026707
CXCR3+,HC,PB_3,GCGACCACATTGTGCA-1,0.043939341379830785
CXCR3-,HC,PB_3,GCGAGAACAAATTGCC-1,0.20013477093702794
CXCR3-,HC,PB_3,GCGAGAAGTGCGATAG-1,-0.33465562215379535
CXCR3-,HC,PB_3,GCGAGAATCGATAGAA-1,0.2877769529678771
CXCR3-,HC,PB_3,GCGCAACAGCAATCTC-1,-0.09834107806026707
CXCR3-,HC,PB_3,GCGCAACAGTTGTAGA-1,0.5012503694052937
CXCR3-,HC,PB_3,GCGCAACCAGCGTCCA-1,-0.09834107806026707
CXCR3-,HC,PB_3,GCGCAACGTAAAGGAG-1,-0.4444248116788872
CXCR3+,HC,PB_3,GCGCCAAAGCCCAGCT-1,0.14079076784812117
CXCR3+,HC,PB_3,GCGCCAAAGTCACGCC-1,-0.28366029196666787
CXCR3-,HC,PB_3,GCGCCAAAGTGAATTG-1,-0.22458703747900927
CXCR3+,HC,PB_3,GCGCCAACATGCCACG-1,0.12501916227875992
CXCR3-,HC,PB_3,GCGCCAAGTTCCCGAG-1,-0.24721960534071677
CXCR3-,HC,PB_3,GCGCCAATCTAAGCCA-1,0.24867678265287554
CXCR3-,HC,PB_3,GCGCCAATCTGCTGCT-1,-0.09834107806026707
CXCR3-,HC,PB_3,GCGCGATCAGCTGCAC-1,-0.09834107806026707
CXCR3-,HC,PB_3,GCGCGATTCATTCACT-1,0.10212478917346444
CXCR3-,HC,PB_3,GCGGGTTGTAATCGTC-1,-0.2701375604543374
CXCR3+,HC,PB_3,GCGGGTTGTAGGCTGA-1,0.01319637088452603
CXCR3-,HC,PB_3,GCTCCTATCCACTCCA-1,-0.09834107806026707
CXCR3-,HC,PB_3,GCTCCTATCTGCCAGG-1,0.0743500566329413
CXCR3-,HC,PB_3,GCTCTGTAGAGCTGGT-1,-0.09834107806026707
CXCR3+,HC,PB_3,GCTCTGTGTACATCCA-1,-0.09834107806026707
CXCR3+,HC,PB_3,GCTCTGTGTCTCTTAT-1,0.0660721631271716
CXCR3-,HC,PB_3,GCTCTGTTCCGCGGTA-1,-0.6187303801505489
CXCR3-,HC,PB_3,GCTCTGTTCTCCCTGA-1,0.3395727042056911
CXCR3-,HC,PB_3,GCTGCAGAGGTGTGGT-1-1,0.24268696178851212
CXCR3-,HC,PB_3,GCTGCAGGTGCTGTAT-1,-0.22776653390070387
CXCR3-,HC,PB_3,GCTGCGAAGATCGGGT-1,-0.19038996717882356
CXCR3-,HC,PB_3,GCTGCGAGTTGGTTTG-1,0.27163957998895927
CXCR3-,HC,PB_3,GCTGCGATCCACTCCA-1,0.17286289020527956
CXCR3-,HC,PB_3,GCTGCGATCTTGAGAC-1,-0.09834107806026707
CXCR3-,HC,PB_3,GCTGCTTAGACACGAC-1,-0.09834107806026707
CXCR3-,HC,PB_3,GCTGCTTAGCGATATA-1,-0.44194529698481466
CXCR3-,HC,PB_3,GCTGCTTGTATGCTTG-1,0.09541800297388622
CXCR3-,HC,PB_3,GCTGCTTGTGAAGGCT-1,-0.10688739422959756
CXCR3-,HC,PB_3,GCTGGGTCACAGCGTC-1,-0.09834107806026707
CXCR3-,HC,PB_3,GCTGGGTGTGAACCTT-1,-0.09834107806026707
CXCR3-,HC,PB_3,GCTTCCAAGCCCAATT-1,0.1343319372086595
CXCR3-,HC,PB_3,GCTTCCAAGGCGATAC-1,0.12208215729516887
CXCR3-,HC,PB_3,GCTTCCACACGGCTAC-1,-0.007941905636285797
CXCR3-,HC,PB_3,GCTTCCAGTCCGTGAC-1,0.4089945261402023
CXCR3-,HC,PB_3,GCTTGAACATCCTTGC-1,0.19617424017841606
CXCR3-,HC,PB_3,GCTTGAAGTTCTCATT-1,-0.09834107806026707
CXCR3-,HC,PB_3,GGAAAGCAGAGTCTGG-1,0.23230579751454503
CXCR3-,HC,PB_3,GGAAAGCAGGATATAC-1,0.014084469640678526
CXCR3+,HC,PB_3,GGAAAGCTCAACGGCC-1,-0.09834107806026707
CXCR3+,HC,PB_3,GGAACTTCACGCCAGT-1,-0.060888788787265176
CXCR3-,HC,PB_3,GGAACTTCATATACGC-1,-0.23240913476318953
CXCR3-,HC,PB_3,GGAACTTCATTCCTGC-1,0.04538560578499725
CXCR3-,HC,PB_3,GGACAAGCAAGGACTG-1,0.010979717103078204
CXCR3-,HC,PB_3,GGACAAGCAGCGTTCG-1,0.17823436737069823
CXCR3-,HC,PB_3,GGACAAGTCAAACCAC-1,-0.06374441239736742
CXCR3-,HC,PB_3,GGACAGAAGCACACAG-1,-0.030811092054307036
CXCR3+,HC,PB_3,GGACATTAGCTAGTCT-1,0.31493196218893527
CXCR3-,HC,PB_3,GGACATTCAATGCCAT-1,0.10067884450581979
CXCR3-,HC,PB_3,GGACATTGTCTCGTTC-1,-0.29279418622177483
CXCR3-,HC,PB_3,GGAGCAAAGATGCCTT-1,0.0911160639323552
CXCR3-,HC,PB_3,GGATGTTAGCTCCCAG-1,-0.09834107806026707
CXCR3-,HC,PB_3,GGATGTTCATTGCGGC-1,-0.09834107806026707
CXCR3-,HC,PB_3,GGATGTTGTACTCTCC-1,0.22441569831949473
CXCR3+,HC,PB_3,GGATGTTGTGGTCCGT-1,0.046506814669455145
CXCR3-,HC,PB_3,GGATGTTTCTGAGGGA-1,-0.09834107806026707
CXCR3-,HC,PB_3,GGATTACAGGAGTTTA-1,-0.22747262377884928
CXCR3-,HC,PB_3,GGATTACGTAGCTCCG-1,-0.09834107806026707
CXCR3-,HC,PB_3,GGATTACTCGCATGGC-1,-0.22152660764932808
CXCR3-,HC,PB_3,GGCAATTGTGAGGCTA-1,-0.09834107806026707
CXCR3-,HC,PB_3,GGCAATTGTTTGTGTG-1,-0.29977670507217996
CXCR3-,HC,PB_3,GGCAATTTCGCCAAAT-1,0.025383611316538917
CXCR3-,HC,PB_3,GGCAATTTCTGCCAGG-1,0.21722651974038748
CXCR3-,HC,PB_3,GGCCGATAGCTTCGCG-1,-0.27286183066508096
CXCR3-,HC,PB_3,GGCCGATAGTGTGGCA-1,-0.20032205363125757
CXCR3-,HC,PB_3,GGCCGATCACCACCAG-1,0.2169497715229359
CXCR3-,HC,PB_3,GGCCGATGTCCTCTTG-1,-0.09834107806026707
CXCR3+,HC,PB_3,GGCCGATGTGCCTGTG-1,0.34218961274335696
CXCR3-,HC,PB_3,GGCCGATTCAGTCCCT-1,0.32056146734638297
CXCR3-,HC,PB_3,GGCGACTAGTGGTCCC-1,-0.28921153188898047
CXCR3-,HC,PB_3,GGCGACTCAGAAGCAC-1,0.012119744266243503
CXCR3-,HC,PB_3,GGCGACTCAGGGTTAG-1,-0.09834107806026707
CXCR3-,HC,PB_3,GGCGACTGTCATGCCG-1,-0.2734041643999207
CXCR3-,HC,PB_3,GGCGACTTCACAGGCC-1,-0.258200723671432
CXCR3-,HC,PB_3,GGCGACTTCCGCTGTT-1,-0.2714554876678494
CXCR3-,HC,PB_3,GGCGTGTGTTCGTTGA-1,0.17351170332265659
CXCR3+,HC,PB_3,GGCGTGTTCCAGTAGT-1,0.292792367471158
CXCR3-,HC,PB_3,GGCTCGAAGCCGATTT-1,-0.09834107806026707
CXCR3-,HC,PB_3,GGCTGGTAGCCCAATT-1,-0.07747468927279728
CXCR3-,HC,PB_3,GGCTGGTAGGGTCGAT-1,-0.09834107806026707
CXCR3+,HC,PB_3,GGCTGGTCAGCCTGTG-1,-0.09407883148704306
CXCR3-,HC,PB_3,GGCTGGTGTTGCGTTA-1,-0.31746768287683075
CXCR3-,HC,PB_3,GGCTGGTGTTTGACAC-1,0.0589318573672263
CXCR3-,HC,PB_3,GGGAATGCAACACCCG-1,-0.09834107806026707
CXCR3-,HC,PB_3,GGGAATGTCTGTTGAG-1,-0.24227260433332867
CXCR3-,HC,PB_3,GGGACCTAGCGTAATA-1,-0.19063156371337112
CXCR3-,HC,PB_3,GGGACCTGTGATGATA-1,-0.09834107806026707
CXCR3-,HC,PB_3,GGGAGATAGACTGGGT-1,-0.09834107806026707
CXCR3-,HC,PB_3,GGGAGATTCCACGACG-1,0.3042097827390698
CXCR3-,HC,PB_3,GGGCACTAGACTCGGA-1,-0.3226010492288561
CXCR3-,HC,PB_3,GGGCACTAGCAAATCA-1,-0.0008878595052963829
CXCR3-,HC,PB_3,GGGCATCAGTGAACAT-1,-0.09834107806026707
CXCR3-,HC,PB_3,GGGCATCGTTTCGCTC-1,-0.09834107806026707
CXCR3-,HC,PB_3,GGGCATCTCTGATACG-1,0.17361556322052404
CXCR3-,HC,PB_3,GGGTCTGAGAGCTGCA-1-1,-0.032732140477682345
CXCR3-,HC,PB_3,GGGTCTGAGATACACA-1,0.0442437702416855
CXCR3-,HC,PB_3,GGGTCTGGTAGGCATG-1,-0.09834107806026707
CXCR3-,HC,PB_3,GGGTTGCAGCCCGAAA-1,0.6213430283261444
CXCR3-,HC,PB_3,GGGTTGCCAAGTTGTC-1,0.2178159293076411
CXCR3-,HC,PB_3,GGGTTGCCACCCATGG-1,-0.01687358594274382
CXCR3-,HC,PB_3,GGGTTGCGTAGCGTCC-1,0.16006452330950363
CXCR3-,HC,PB_3,GGTATTGAGGGTTCCC-1,0.3432539082247153
CXCR3-,HC,PB_3,GGTATTGCACTTGGAT-1,-0.5359787004455631
CXCR3-,HC,PB_3,GGTATTGGTACAGTGG-1,-0.09509560673908186
CXCR3-,HC,PB_3,GGTATTGGTAGGGTAC-1,-0.49989016125519636
CXCR3+,HC,PB_3,GGTATTGGTCAAGCGA-1,-0.20452647912126423
CXCR3-,HC,PB_3,GGTGAAGAGTTAGCGG-1,-0.09834107806026707
CXCR3-,HC,PB_3,GGTGAAGTCCGAATGT-1,-0.09834107806026707
CXCR3-,HC,PB_3,GGTGCGTCAGGCTGAA-1,-0.09834107806026707
CXCR3-,HC,PB_3,GGTGCGTGTACGCACC-1,0.20933931854392546
CXCR3-,HC,PB_3,GGTGCGTTCCTGCCAT-1,-0.09834107806026707
CXCR3+,HC,PB_3,GGTGTTAAGCTCCTTC-1,-0.24212621620640692
CXCR3-,HC,PB_3,GGTGTTAAGTGGTAGC-1,0.022093179377240407
CXCR3-,HC,PB_3,GGTGTTACAGCTCGAC-1,-0.09834107806026707
CXCR3-,HC,PB_3,GTAACGTAGCCCTAAT-1,-0.09834107806026707
CXCR3-,HC,PB_3,GTAACGTAGCCGGTAA-1,-0.09834107806026707
CXCR3-,HC,PB_3,GTAACGTAGCGATGAC-1,1.0124540078411965
CXCR3-,HC,PB_3,GTAACTGCAAAGGCGT-1,0.32435852439289664
CXCR3-,HC,PB_3,GTAACTGCACGTGAGA-1,-0.6537344424470782
CXCR3-,HC,PB_3,GTAACTGCATGGAATA-1,-0.09834107806026707
CXCR3-,HC,PB_3,GTACGTAAGCAGATCG-1,-0.052334808790853095
CXCR3-,HC,PB_3,GTACGTAGTTTAAGCC-1,-0.3433704399158032
CXCR3-,HC,PB_3,GTACGTATCACGACTA-1,0.3193082969683845
CXCR3+,HC,PB_3,GTACTCCGTTGTGGCC-1,-0.15477962508439122
CXCR3+,HC,PB_3,GTACTCCTCCAAACTG-1,-0.48783933786180117
CXCR3-,HC,PB_3,GTACTCCTCGACAGCC-1,0.2592168293264486
CXCR3-,HC,PB_3,GTACTTTCAATGACCT-1,-0.31206443763826897
CXCR3-,HC,PB_3,GTACTTTCACGTTGGC-1,-0.03311809633075432
CXCR3-,HC,PB_3,GTAGGCCCATAGACTC-1,-0.09834107806026707
CXCR3-,HC,PB_3,GTAGGCCGTGCACCAC-1,-0.03457311844539436
CXCR3-,HC,PB_3,GTAGGCCGTTAGTGGG-1,0.42841443197780155
CXCR3-,HC,PB_3,GTAGGCCGTTCGCTAA-1,-0.21118152690256656
CXCR3-,HC,PB_3,GTAGTCAAGCTAGGCA-1,-0.7114273360373131
CXCR3-,HC,PB_3,GTAGTCACAAAGGCGT-1,-0.14757924239932782
CXCR3-,HC,PB_3,GTAGTCACATCCAACA-1,0.133440044551837
CXCR3-,HC,PB_3,GTAGTCAGTCTAAAGA-1,-0.09834107806026707
CXCR3-,HC,PB_3,GTATCTTGTTCGGCAC-1,0.4460283235867953
CXCR3-,HC,PB_3,GTATTCTTCCACGCAG-1,-0.29149877330988394
CXCR3+,HC,PB_3,GTCAAGTCAGCAGTTT-1,-0.1943756800323933
CXCR3-,HC,PB_3,GTCACAAAGGCGTACA-1,0.16828700050166948
CXCR3-,HC,PB_3,GTCACAATCAACACCA-1,-0.06892716519499353
CXCR3-,HC,PB_3,GTCACAATCACATGCA-1,-0.00043992990987819425
CXCR3-,HC,PB_3,GTCACGGAGAAGGTGA-1,-0.09834107806026707
CXCR3-,HC,PB_3,GTCACGGAGACGACGT-1,-0.11249319333423376
CXCR3-,HC,PB_3,GTCACGGAGGGAAACA-1,-0.09834107806026707
CXCR3-,HC,PB_3,GTCACGGGTAATCACC-1,0.44802852188546843
CXCR3-,HC,PB_3,GTCACGGTCCTCCTAG-1,-0.09834107806026707
CXCR3-,HC,PB_3,GTCATTTCATCCTTGC-1,-0.24632852217070114
CXCR3-,HC,PB_3,GTCCTCAGTACAGACG-1,-0.25300535800147217
CXCR3-,HC,PB_3,GTCCTCAGTCACTTCC-1,-0.3248731335643031
CXCR3-,HC,PB_3,GTCCTCAGTCTCTCGT-1,-0.09834107806026707
CXCR3-,HC,PB_3,GTCGGGTTCTGTGCAA-1,-0.09834107806026707
CXCR3-,HC,PB_3,GTCGTAACAACACCTA-1,0.7381951708865592
CXCR3-,HC,PB_3,GTCGTAACATCCCATC-1,0.49555760297407875
CXCR3+,HC,PB_3,GTCGTAACATGTCCTC-1,0.1395871530898351
CXCR3-,HC,PB_3,GTCGTAAGTTAGTGGG-1,0.11265683942930933
CXCR3-,HC,PB_3,GTCTCGTTCACGCGGT-1,-0.09834107806026707
CXCR3-,HC,PB_3,GTCTTCGAGAGCTATA-1,0.8386778019542799
CXCR3-,HC,PB_3,GTCTTCGAGCTAACAA-1,-0.09834107806026707
CXCR3-,HC,PB_3,GTCTTCGGTTAGGGTG-1,-0.09834107806026707
CXCR3-,HC,PB_3,GTCTTCGTCTGTTTGT-1,-0.09834107806026707
CXCR3-,HC,PB_3,GTGAAGGGTGGCGAAT-1,-0.09834107806026707
CXCR3+,HC,PB_3,GTGCAGCAGCGCTTAT-1,0.18799545223532094
CXCR3-,HC,PB_3,GTGCAGCAGTGTCTCA-1,0.07128701496286431
CXCR3+,HC,PB_3,GTGCAGCCAGGATTGG-1,0.175874978431503
CXCR3-,HC,PB_3,GTGCATAAGAATAGGG-1,-0.07288294979081199
CXCR3-,HC,PB_3,GTGCATAAGTGTGAAT-1,-0.240195758381932
CXCR3-,HC,PB_3,GTGCATAAGTTAACGA-1,0.03792932241270732
CXCR3-,HC,PB_3,GTGCGGTCATCCTAGA-1,-0.049158373927803346
CXCR3-,HC,PB_3,GTGCTTCAGCTGAAAT-1,-0.04362791981885829
CXCR3-,HC,PB_3,GTGCTTCCAAGAGTCG-1,-0.21890989276870426
CXCR3-,HC,PB_3,GTGCTTCTCCAAACTG-1,0.03889148987256589
CXCR3-,HC,PB_3,GTGCTTCTCCTTCAAT-1,0.30922114728634714
CXCR3-,HC,PB_3,GTGGGTCAGTACACCT-1,-0.19282963684385315
CXCR3+,HC,PB_3,GTGGGTCCATGCAATC-1,-0.23326727215210963
CXCR3-,HC,PB_3,GTGGGTCGTGCTAGCC-1,-0.09834107806026707
CXCR3-,HC,PB_3,GTGTGCGAGCGTAATA-1,0.017550996696835342
CXCR3-,HC,PB_3,GTGTGCGGTCTAGGTT-1,0.2851206212128494
CXCR3+,HC,PB_3,GTGTGCGGTTTGTTGG-1,-0.2308127469988059
CXCR3+,HC,PB_3,GTGTGCGTCTTCAACT-1,0.010551808679926583
CXCR3-,HC,PB_3,GTGTTAGGTCGGCACT-1,0.10353762791789949
CXCR3-,HC,PB_3,GTTAAGCAGAGCTTCT-1,-0.09834107806026707
CXCR3-,HC,PB_3,GTTAAGCCAGTCGATT-1,0.11455725327476328
CXCR3-,HC,PB_3,GTTAAGCGTCAGAATA-1-1,-0.0392847576992082
CXCR3+,HC,PB_3,GTTACAGAGCCAGTAG-1,0.10507990010041303
CXCR3-,HC,PB_3,GTTACAGAGTGCCAGA-1,-0.09834107806026707
CXCR3+,HC,PB_3,GTTACAGCACCAACCG-1,0.1618912183538195
CXCR3-,HC,PB_3,GTTACAGCAGCGAACA-1,0.567585710591732
CXCR3-,HC,PB_3,GTTACAGGTTTCCACC-1,0.16107912613403869
CXCR3-,HC,PB_3,GTTCATTCAGATTGCT-1,0.10614907411840986
CXCR3-,HC,PB_3,GTTCATTGTCTGCCAG-1,0.5086823567705052
CXCR3-,HC,PB_3,GTTTCTACATCCCATC-1,0.13590145888976302
CXCR3-,HC,PB_3,TAAGAGACAAGTAGTA-1,0.3791852852668196
CXCR3-,HC,PB_3,TAAGAGAGTTAGATGA-1,-0.09834107806026707
CXCR3+,HC,PB_3,TAAGAGATCCTACAGA-1,0.3429952902368583
CXCR3-,HC,PB_3,TAAGCGTAGTGTTGAA-1,0.12342131278525148
CXCR3-,HC,PB_3,TAAGCGTGTGTTCTTT-1,-0.09834107806026707
CXCR3-,HC,PB_3,TAAGTGCCAGGTCCAC-1,0.2611689423655717
CXCR3-,HC,PB_3,TAAGTGCCATATGCTG-1,-0.09834107806026707
CXCR3+,HC,PB_3,TAAGTGCGTGGTCTCG-1,-0.09834107806026707
CXCR3-,HC,PB_3,TAAGTGCTCGGCGCAT-1,-0.25532976431389265
CXCR3-,HC,PB_3,TACACGAAGTGAACGC-1,0.06796161224226518
CXCR3-,HC,PB_3,TACACGAGTCTAGCCG-1,0.45667520913857473
CXCR3-,HC,PB_3,TACACGAGTTGGTGGA-1,-0.09834107806026707
CXCR3-,HC,PB_3,TACAGTGCACTACAGT-1,0.1791020869314091
CXCR3-,HC,PB_3,TACAGTGTCCTTGACC-1,0.027245091973076434
CXCR3-,HC,PB_3,TACAGTGTCGAACGGA-1,0.06311948723516755
CXCR3-,HC,PB_3,TACAGTGTCGAGGTAG-1,-0.39160372826955614
CXCR3-,HC,PB_3,TACAGTGTCGGAAATA-1,0.13884518602465398
CXCR3-,HC,PB_3,TACCTATGTCCAAGTT-1,-0.09834107806026707
CXCR3+,HC,PB_3,TACCTATTCACTTACT-1,0.12952712751355913
CXCR3-,HC,PB_3,TACCTATTCCCTGACT-1,-0.02127267766889664
CXCR3+,HC,PB_3,TACCTATTCTTGTCAT-1,0.06421784574941015
CXCR3-,HC,PB_3,TACCTTAAGATGTGTA-1,0.6124257590128808
CXCR3-,HC,PB_3,TACCTTACACGAAAGC-1,-0.2019451754143815
CXCR3-,HC,PB_3,TACCTTACAGTCAGAG-1,-0.09834107806026707
CXCR3-,HC,PB_3,TACGGATAGAGTCGGT-1,0.1321812786385084
CXCR3-,HC,PB_3,TACGGATCATTAGCCA-1,0.27597873171322124
CXCR3-,HC,PB_3,TACGGATGTTGAGGTG-1,0.049079814250915864
CXCR3-,HC,PB_3,TACGGGCAGCCTATGT-1,-0.09834107806026707
CXCR3-,HC,PB_3,TACGGGCCACCATGTA-1,0.031472480986012644
CXCR3-,HC,PB_3,TACGGGCCAGCTATTG-1,-0.226916547132844
CXCR3-,HC,PB_3,TACGGGCGTAAGTGGC-1,-0.09834107806026707
CXCR3-,HC,PB_3,TACGGGCGTTAGAACA-1,-0.04313270874264101
CXCR3-,HC,PB_3,TACGGGCGTTAGGGTG-1,0.4687062030596949
CXCR3-,HC,PB_3,TACGGGCTCGAATGGG-1,-0.12559142213347432
CXCR3-,HC,PB_3,TACGGGCTCGCGTTTC-1,0.2812473405299529
CXCR3-,HC,PB_3,TACGGTAAGGAGCGAG-1,-0.09834107806026707
CXCR3-,HC,PB_3,TACGGTATCACAATGC-1,0.046468729336158095
CXCR3-,HC,PB_3,TACTTACCATGCCTAA-1,0.6558906675830645
CXCR3-,HC,PB_3,TACTTACGTAACGCGA-1-1,-0.20615716050197147
CXCR3-,HC,PB_3,TACTTGTCAATAGCGG-1,-0.4158493339100833
CXCR3-,HC,PB_3,TACTTGTCAATTGCTG-1,-0.09834107806026707
CXCR3-,HC,PB_3,TACTTGTCATCCGTGG-1,0.5483826007911248
CXCR3-,HC,PB_3,TACTTGTGTCTCAACA-1,-0.09834107806026707
CXCR3+,HC,PB_3,TAGACCAAGATCCGAG-1,0.47292777668581243
CXCR3+,HC,PB_3,TAGACCAAGTGATCGG-1,0.13738752148548622
CXCR3-,HC,PB_3,TAGACCAAGTGGGCTA-1,0.1783796657604618
CXCR3-,HC,PB_3,TAGAGCTAGTGGAGAA-1,-0.5905745197311205
CXCR3-,HC,PB_3,TAGAGCTTCTCCAACC-1,-0.30626030009105193
CXCR3-,HC,PB_3,TAGCCGGCATGAGCGA-1,0.47241922797454466
CXCR3-,HC,PB_3,TAGCCGGGTATAAACG-1,-0.24707096531994857
CXCR3+,HC,PB_3,TAGGCATCAAAGTGCG-1,-0.09834107806026707
CXCR3-,HC,PB_3,TAGGCATTCACCACCT-1,-0.2541604545658877
CXCR3-,HC,PB_3,TAGTGGTAGACGCTTT-1,-0.04200734783399397
CXCR3-,HC,PB_3,TAGTGGTGTAGGGTAC-1,-0.055836155520701265
CXCR3-,HC,PB_3,TAGTGGTGTATGCTTG-1,-0.4714314720289211
CXCR3-,HC,PB_3,TAGTGGTTCTGCTTGC-1,-0.08047349998761265
CXCR3-,HC,PB_3,TAGTTGGAGCCACGCT-1,-0.35637455128483486
CXCR3+,HC,PB_3,TAGTTGGAGGTGCTAG-1,-0.9407637805493688
CXCR3-,HC,PB_3,TAGTTGGAGTGCCATT-1,-0.11116980972208894
CXCR3-,HC,PB_3,TAGTTGGTCCCTAATT-1,0.6695039198172038
CXCR3-,HC,PB_3,TATCAGGAGTTCGCAT-1,0.14191563553278078
CXCR3-,HC,PB_3,TATCAGGGTGTAAGTA-1,0.22147914388521298
CXCR3-,HC,PB_3,TATCAGGTCAACTCTT-1,-0.1126115328950954
CXCR3-,HC,PB_3,TATCAGGTCGGCCGAT-1,-0.09834107806026707
CXCR3-,HC,PB_3,TATGCCCAGCCGTCGT-1,-0.05043116828198376
CXCR3+,HC,PB_3,TATGCCCGTGAAAGAG-1,-0.0645576307611958
CXCR3-,HC,PB_3,TATGCCCTCTGGTATG-1,-0.09834107806026707
CXCR3-,HC,PB_3,TCAACGACATCGGGTC-1,-0.058438015828152126
CXCR3-,HC,PB_3,TCAACGAGTAGCGCTC-1,-0.030567482816123377
CXCR3+,HC,PB_3,TCAATCTCACCTGGTG-1,-0.09834107806026707
CXCR3-,HC,PB_3,TCAATCTCACCTTGTC-1,-0.007773904726518621
CXCR3-,HC,PB_3,TCACAAGTCGGCCGAT-1,0.2649966409818877
CXCR3-,HC,PB_3,TCACGAACAAGACACG-1,1.0533490999500885
CXCR3-,HC,PB_3,TCACGAACATCCGGGT-1,0.0977571696537427
CXCR3-,HC,PB_3,TCACGAACATGCAATC-1,0.25055193120796676
CXCR3-,HC,PB_3,TCACGAATCAATCACG-1,-0.192546304298462
CXCR3-,HC,PB_3,TCAGATGAGTTACGGG-1,-0.3511538628927418
CXCR3+,HC,PB_3,TCAGATGAGTTAGGTA-1,-0.16965358079713225
CXCR3-,HC,PB_3,TCAGATGAGTTGAGAT-1,0.1782155949831689
CXCR3-,HC,PB_3,TCAGATGCAATCCGAT-1,-0.5572543160570025
CXCR3-,HC,PB_3,TCAGATGCACGCATCG-1,-0.09834107806026707
CXCR3-,HC,PB_3,TCAGATGGTCAAAGAT-1,0.19026222808651042
CXCR3-,HC,PB_3,TCAGATGTCCGTTGCT-1,-0.1603231913580378
CXCR3+,HC,PB_3,TCAGCAAAGCTGAAAT-1,-0.03169866267743561
CXCR3+,HC,PB_3,TCAGCAACACTTAACG-1,-0.2603839533453144
CXCR3-,HC,PB_3,TCAGCTCAGCCCAACC-1,-0.09834107806026707
CXCR3-,HC,PB_3,TCAGCTCCACTACAGT-1,-0.26332746694782555
CXCR3-,HC,PB_3,TCAGCTCGTCCCGACA-1,-0.23560391446433934
CXCR3-,HC,PB_3,TCAGCTCTCTGTTTGT-1,-0.06157588047292138
CXCR3-,HC,PB_3,TCAGGATTCCCTGACT-1,-0.09834107806026707
CXCR3+,HC,PB_3,TCAGGATTCGCTGATA-1,-0.09834107806026707
CXCR3+,HC,PB_3,TCAGGTAAGGCGATAC-1,0.08344552100083093
CXCR3-,HC,PB_3,TCAGGTACAACGATCT-1,-0.5880093945398215
CXCR3-,HC,PB_3,TCATTACCAGTTCATG-1,-0.014759917939133829
CXCR3-,HC,PB_3,TCATTACCATCCGTGG-1,-0.4256635997451318
CXCR3-,HC,PB_3,TCATTACGTAGAGTGC-1,-0.09834107806026707
CXCR3+,HC,PB_3,TCATTACGTATAGGGC-1,-0.16650229649802534
CXCR3-,HC,PB_3,TCATTACGTCGGCACT-1,-0.31464680163081116
CXCR3+,HC,PB_3,TCATTACTCACATACG-1-1,0.5234664022017512
CXCR3-,HC,PB_3,TCATTACTCCTTGCCA-1,0.11582550871762505
CXCR3-,HC,PB_3,TCATTTGCAATGGAAT-1,-0.09834107806026707
CXCR3+,HC,PB_3,TCATTTGGTCCAGTTA-1,-0.09834107806026707
CXCR3-,HC,PB_3,TCATTTGGTGGTAACG-1,-0.058133609138314814
CXCR3+,HC,PB_3,TCATTTGTCTTCCTTC-1,-0.09834107806026707
CXCR3-,HC,PB_3,TCCACACAGCAGGCTA-1,0.09638152825252852
CXCR3-,HC,PB_3,TCCACACCACCAGGTC-1,0.22319843531367883
CXCR3-,HC,PB_3,TCCACACGTGAAATCA-1,0.18640777873300549
CXCR3-,HC,PB_3,TCCACACGTGTAACGG-1,-0.19331011774953644
CXCR3-,HC,PB_3,TCCACACTCCAGATCA-1,-0.21349972145263177
CXCR3+,HC,PB_3,TCCCGATAGTCAATAG-1,-0.1898284180017546
CXCR3-,HC,PB_3,TCCCGATCACAAGCCC-1,-0.26239369842215354
CXCR3-,HC,PB_3,TCCCGATCAGGTGCCT-1,0.17791224007523473
CXCR3-,HC,PB_3,TCCCGATCATCAGTCA-1,-0.09834107806026707
CXCR3-,HC,PB_3,TCCCGATTCTGCTTGC-1,-0.02148104058647709
CXCR3+,HC,PB_3,TCGAGGCCAGGCAGTA-1,-0.09834107806026707
CXCR3+,HC,PB_3,TCGAGGCGTACAAGTA-1,0.31875114799387827
CXCR3-,HC,PB_3,TCGAGGCGTCCATCCT-1,0.4413090610893707
CXCR3-,HC,PB_3,TCGAGGCGTTATCGGT-1,-0.09834107806026707
CXCR3-,HC,PB_3,TCGCGAGCAATGAATG-1,0.40259139798943117
CXCR3-,HC,PB_3,TCGCGAGCAGGACCCT-1,-0.09834107806026707
CXCR3-,HC,PB_3,TCGCGAGCAGTAAGCG-1,-0.09834107806026707
CXCR3-,HC,PB_3,TCGCGAGGTTCACCTC-1,-0.334095086783224
CXCR3-,HC,PB_3,TCGCGTTAGCGCCTCA-1,0.09458987159543486
CXCR3-,HC,PB_3,TCGCGTTAGGGTCTCC-1,-0.23238612484031224
CXCR3-,HC,PB_3,TCGCGTTCAGTATGCT-1,-0.6187671519822228
CXCR3-,HC,PB_3,TCGGGACGTGTCCTCT-1,-0.4066508216388267
CXCR3-,HC,PB_3,TCGGGACTCATACGGT-1,-0.09834107806026707
CXCR3-,HC,PB_3,TCGGGACTCTGATTCT-1,0.5114730665736013
CXCR3+,HC,PB_3,TCGGTAAAGCCATCGC-1,-0.09834107806026707
CXCR3-,HC,PB_3,TCGGTAACAATACGCT-1,-0.09834107806026707
CXCR3-,HC,PB_3,TCGTAGAGTCCGTCAG-1,0.06833998781923652
CXCR3+,HC,PB_3,TCTATTGGTGTAATGA-1,0.34644305647586143
CXCR3-,HC,PB_3,TCTCATATCTAACCGA-1,-0.18470352067360807
CXCR3-,HC,PB_3,TCTCTAAAGGCTCATT-1,0.17042976901404816
CXCR3-,HC,PB_3,TCTCTAACAGCCTATA-1,-0.26676780217925283
CXCR3-,HC,PB_3,TCTGAGAAGAATGTGT-1,0.43145598047553246
CXCR3-,HC,PB_3,TCTGAGAGTCAGATAA-1,-0.0382615664684424
CXCR3-,HC,PB_3,TCTTCGGGTGATGATA-1,-0.27700343531315513
CXCR3-,HC,PB_3,TCTTCGGTCTAACCGA-1,0.40954800487907655
CXCR3-,HC,PB_3,TCTTTCCCAAGCGAGT-1,-0.09435019022975151
CXCR3-,HC,PB_3,TCTTTCCCAGCATACT-1,-0.19201393868415645
CXCR3-,HC,PB_3,TGAAAGAAGAACTCGG-1,-0.03611015757672566
CXCR3-,HC,PB_3,TGAAAGAAGATATGCA-1,-0.09834107806026707
CXCR3-,HC,PB_3,TGAAAGAAGGGAGTAA-1,0.046561012639841595
CXCR3-,HC,PB_3,TGAAAGATCATGTGGT-1,0.09856434089794082
CXCR3-,HC,PB_3,TGAAAGATCTGATTCT-1,0.1631434605791296
CXCR3-,HC,PB_3,TGACAACGTCATTAGC-1,-0.09834107806026707
CXCR3-,HC,PB_3,TGACGGCAGAGGGATA-1,0.14287570186365306
CXCR3-,HC,PB_3,TGACGGCAGGCAATTA-1,0.2764012168384856
CXCR3-,HC,PB_3,TGACGGCAGGTTCCTA-1,0.26674709489166093
CXCR3-,HC,PB_3,TGACGGCTCAAACCAC-1,0.14334943888912616
CXCR3-,HC,PB_3,TGACGGCTCAGCAACT-1,-0.6750169306582527
CXCR3-,HC,PB_3,TGACGGCTCGAACTGT-1,0.15538827130207863
CXCR3+,HC,PB_3,TGACGGCTCTCAAACG-1,-0.38175799648672787
CXCR3-,HC,PB_3,TGACTAGAGTCCAGGA-1,-0.09834107806026707
CXCR3-,HC,PB_3,TGACTAGCAGGCTGAA-1,-0.28853095361986564
CXCR3-,HC,PB_3,TGAGAGGTCCAGATCA-1,-0.09834107806026707
CXCR3+,HC,PB_3,TGAGAGGTCTGAAAGA-1,-0.1148842223349216
CXCR3-,HC,PB_3,TGAGCATAGCTTATCG-1,-0.09834107806026707
CXCR3+,HC,PB_3,TGAGCATCAAGTCTAC-1,0.10302783920222343
CXCR3-,HC,PB_3,TGAGCATCAGATGAGC-1,0.14009772877970322
CXCR3-,HC,PB_3,TGAGCATGTCCAGTAT-1,0.09304854839381764
CXCR3-,HC,PB_3,TGAGCATTCTACCTGC-1,-0.14807542912697733
CXCR3-,HC,PB_3,TGAGCCGAGGGTTCCC-1,0.14098830289908834
CXCR3-,HC,PB_3,TGAGCCGTCTCGAGTA-1,-0.09834107806026707
CXCR3+,HC,PB_3,TGAGGGAAGAGTCGGT-1,-0.09834107806026707
CXCR3-,HC,PB_3,TGAGGGATCAGCGATT-1,-0.09834107806026707
CXCR3-,HC,PB_3,TGATTTCTCTAACTGG-1,0.10632643285487811
CXCR3-,HC,PB_3,TGCACCTAGCGCCTCA-1,0.08338337096538428
CXCR3-,HC,PB_3,TGCACCTGTTTGACAC-1,-0.09834107806026707
CXCR3-,HC,PB_3,TGCACCTTCCAAACAC-1,0.49126403714909855
CXCR3-,HC,PB_3,TGCCAAACAATAACGA-1,-0.09834107806026707
CXCR3-,HC,PB_3,TGCCAAATCACGGTTA-1,-0.2680690106363549
CXCR3-,HC,PB_3,TGCGCAGCACAACTGT-1,-0.08614792715745519
CXCR3-,HC,PB_3,TGCGCAGCAGACAAGC-1,-0.09834107806026707
CXCR3-,HC,PB_3,TGCGCAGCATGACGGA-1,-0.09834107806026707
CXCR3-,HC,PB_3,TGCGCAGGTTCCATGA-1,0.6652703870659645
CXCR3-,HC,PB_3,TGCGGGTCAACGATGG-1,-0.09834107806026707
CXCR3-,HC,PB_3,TGCGGGTCATCTACGA-1,0.5810658880391061
CXCR3-,HC,PB_3,TGCGGGTGTGCTCTTC-1,-0.4209101043852241
CXCR3-,HC,PB_3,TGCGTGGGTCTCGTTC-1,0.35737278003428236
CXCR3+,HC,PB_3,TGCTGCTGTGCAGGTA-1,0.3909194837329702
CXCR3-,HC,PB_3,TGCTGCTTCCATGAGT-1,0.4839389581834573
CXCR3-,HC,PB_3,TGGACGCAGCACACAG-1,0.03701436889411308
CXCR3+,HC,PB_3,TGGACGCCATCACGTA-1,0.1829853267185196
CXCR3-,HC,PB_3,TGGACGCGTGCTAGCC-1,-0.014680101149541
CXCR3-,HC,PB_3,TGGCCAGAGGAGTAGA-1,-0.09834107806026707
CXCR3-,HC,PB_3,TGGCCAGCAACTGCGC-1,-0.09834107806026707
CXCR3-,HC,PB_3,TGGCCAGCACTGTTAG-1,0.07706377808828764
CXCR3+,HC,PB_3,TGGCCAGGTTATCGGT-1,0.20608444354646918
CXCR3-,HC,PB_3,TGGCCAGTCACTTATC-1,-0.09834107806026707
CXCR3-,HC,PB_3,TGGCGCAAGAACAATC-1,0.520740942844631
CXCR3-,HC,PB_3,TGGCGCAAGAATTGTG-1,-0.09834107806026707
CXCR3-,HC,PB_3,TGGCGCAAGGATGGAA-1,-0.23389737926105994
CXCR3+,HC,PB_3,TGGCGCAGTACGCACC-1,-0.09834107806026707
CXCR3-,HC,PB_3,TGGCGCATCGAATGGG-1,-0.09834107806026707
CXCR3-,HC,PB_3,TGGCGCATCGTGGTCG-1,-0.09834107806026707
CXCR3-,HC,PB_3,TGGCTGGCAATGGTCT-1,-0.2855646217227323
CXCR3-,HC,PB_3,TGGCTGGGTCGTCTTC-1,-0.09834107806026707
CXCR3+,HC,PB_3,TGGCTGGGTGCTGTAT-1,0.11449931779314507
CXCR3+,HC,PB_3,TGGGAAGAGGTAGCTG-1,0.22263481360938203
CXCR3-,HC,PB_3,TGGGAAGTCACTCTTA-1,-0.9538233320924169
CXCR3-,HC,PB_3,TGGGAAGTCCTAAGTG-1,1.141257724504515
CXCR3-,HC,PB_3,TGGGCGTAGCGTGAGT-1,0.0605507109468855
CXCR3-,HC,PB_3,TGGGCGTAGCGTTCCG-1-1,-0.04430665785246786
CXCR3-,HC,PB_3,TGGGCGTGTATAATGG-1,0.46344293385377433
CXCR3-,HC,PB_3,TGGGCGTTCAAACGGG-1,-0.09834107806026707
CXCR3-,HC,PB_3,TGGTTAGCACACTGCG-1,-0.09834107806026707
CXCR3-,HC,PB_3,TGGTTAGGTACCAGTT-1,0.2978160889058264
CXCR3-,HC,PB_3,TGGTTAGTCCTTTCTC-1,0.28036161365291196
CXCR3-,HC,PB_3,TGGTTCCAGAGGTACC-1,-0.09834107806026707
CXCR3-,HC,PB_3,TGGTTCCAGGGAACGG-1,-0.09834107806026707
CXCR3-,HC,PB_3,TGGTTCCGTAGCTCCG-1,0.19093093059701438
CXCR3-,HC,PB_3,TGGTTCCGTCGCATAT-1,-0.09834107806026707
CXCR3-,HC,PB_3,TGTATTCGTCCGTGAC-1,0.43459063808639237
CXCR3-,HC,PB_3,TGTATTCTCTTGCCGT-1,0.1313680977982375
CXCR3-,HC,PB_3,TGTCCCAAGCTGTCTA-1,0.2691682782582828
CXCR3-,HC,PB_3,TGTCCCAGTGTCCTCT-1,-0.09834107806026707
CXCR3-,HC,PB_3,TGTGGTAAGGAGTTTA-1,0.08905709188589096
CXCR3-,HC,PB_3,TGTGGTACATGTCTCC-1,-0.09834107806026707
CXCR3-,HC,PB_3,TGTGGTAGTACCGCTG-1,-0.09834107806026707
CXCR3+,HC,PB_3,TGTGGTAGTAGCTCCG-1,0.1645238101992515
CXCR3-,HC,PB_3,TGTGTTTCAATGAAAC-1,0.21375270232920499
CXCR3-,HC,PB_3,TGTGTTTCAGGTCTCG-1,0.18490181786546026
CXCR3-,HC,PB_3,TGTGTTTCATACTACG-1,-0.1633708051058115
CXCR3-,HC,PB_3,TGTGTTTGTCGCATCG-1,-0.26231948505070873
CXCR3-,HC,PB_3,TGTTCCGGTTCACCTC-1,0.007483520390882673
CXCR3-,HC,PB_3,TGTTCCGTCAATCTCT-1,0.2844666629886807
CXCR3-,HC,PB_3,TTAACTCAGACGACGT-1,-0.09834107806026707
CXCR3-,HC,PB_3,TTAACTCCAAGCCGCT-1,-0.027922091507932678
CXCR3-,HC,PB_3,TTAACTCGTCTAGTCA-1,-0.2724869183166082
CXCR3-,HC,PB_3,TTAGGACAGACCGGAT-1,0.39353771141800664
CXCR3-,HC,PB_3,TTAGGACAGGGCTTGA-1,0.0059129313683263475
CXCR3-,HC,PB_3,TTAGGACCAGCATACT-1,-0.13046626543437295
CXCR3-,HC,PB_3,TTAGGACCATACGCCG-1,0.10963951713069775
CXCR3-,HC,PB_3,TTAGGACTCGCCAGCA-1,0.15738294837779643
CXCR3-,HC,PB_3,TTAGGCACATACCATG-1,-0.2935076727813812
CXCR3+,HC,PB_3,TTAGTTCAGGGTCGAT-1,-0.0719396049667534
CXCR3-,HC,PB_3,TTAGTTCCAAGGACTG-1,-0.09834107806026707
CXCR3-,HC,PB_3,TTAGTTCCACCACCAG-1,-0.18567737850708418
CXCR3-,HC,PB_3,TTAGTTCGTCTAGTGT-1,-0.03968354677183672
CXCR3-,HC,PB_3,TTATGCTAGTACGACG-1,-0.19524348647657544
CXCR3-,HC,PB_3,TTATGCTGTAGCGTGA-1,-0.08501893511787528
CXCR3-,HC,PB_3,TTATGCTTCAACGCTA-1,-0.2254570240976297
CXCR3-,HC,PB_3,TTATGCTTCACCGGGT-1,0.22597859576647336
CXCR3-,HC,PB_3,TTCCCAGCAGTCAGAG-1,-0.01876275064517452
CXCR3-,HC,PB_3,TTCCCAGCATTCCTGC-1,-0.383240533628108
CXCR3-,HC,PB_3,TTCCCAGGTTCACCTC-1,0.14516709796114255
CXCR3-,HC,PB_3,TTCGGTCAGGATCGCA-1,-0.19828637489770862
CXCR3+,HC,PB_3,TTCTACAAGGCTACGA-1,-0.09834107806026707
CXCR3+,HC,PB_3,TTCTACACACGTCAGC-1,-0.37029975849261637
CXCR3-,HC,PB_3,TTCTCAAAGGATCGCA-1,0.05447439182595905
CXCR3+,HC,PB_3,TTCTCAACAGGGAGAG-1,0.272016140989863
CXCR3+,HC,PB_3,TTCTCAAGTAAATGTG-1,0.1044786915438051
CXCR3-,HC,PB_3,TTCTCAATCACTGGGC-1,0.20891449830657963
CXCR3-,HC,PB_3,TTCTCAATCGTTGCCT-1,0.398766774197637
CXCR3-,HC,PB_3,TTCTCCTTCTGGAGCC-1,-0.09834107806026707
CXCR3+,HC,PB_3,TTCTTAGAGAAGGTTT-1,0.2677219289917296
CXCR3-,HC,PB_3,TTCTTAGAGGGATACC-1,-0.20970189682984922
CXCR3-,HC,PB_3,TTCTTAGCAGGGTTAG-1,0.1915629880827749
CXCR3-,HC,PB_3,TTCTTAGTCACAAACC-1,-0.09834107806026707
CXCR3-,HC,PB_3,TTCTTAGTCCGAGCCA-1,-0.09834107806026707
CXCR3-,HC,PB_3,TTGAACGCACCTCGTT-1,0.28971475293219395
CXCR3-,HC,PB_3,TTGAACGTCAATACCG-1,0.37611939990294807
CXCR3+,HC,PB_3,TTGACTTCATGGATGG-1,-0.2461544873419968
CXCR3-,HC,PB_3,TTGACTTTCACGAAGG-1,0.03857144040308819
CXCR3-,HC,PB_3,TTGCCGTCACCGCTAG-1,-0.09834107806026707
CXCR3-,HC,PB_3,TTGCCGTCATGAAGTA-1,-0.29451783539346593
CXCR3-,HC,PB_3,TTGCGTCTCGTAGATC-1,-0.09834107806026707
CXCR3-,HC,PB_3,TTGCGTCTCTAACTGG-1,-0.25159636621500986
CXCR3+,HC,PB_3,TTGCGTCTCTCTTATG-1,0.20751680178686535
CXCR3-,HC,PB_3,TTGGCAAAGGCTCATT-1,-0.1348142397242327
CXCR3-,HC,PB_3,TTGGCAATCACTGGGC-1,-0.09834107806026707
CXCR3-,HC,PB_3,TTGTAGGCACGTTGGC-1,-0.09834107806026707
CXCR3-,HC,PB_3,TTGTAGGGTGTTTGGT-1,-0.09834107806026707
CXCR3-,HC,PB_3,TTGTAGGTCCAGAAGG-1,-0.09834107806026707
CXCR3-,HC,PB_3,TTTACTGAGACGCTTT-1,-0.27534227651529575
CXCR3-,HC,PB_3,TTTACTGCAAATACAG-1,-0.17918247624381842
CXCR3-,HC,PB_3,TTTACTGCAGGAATGC-1,-0.09834107806026707
CXCR3-,HC,PB_3,TTTACTGCATAGGATA-1,0.05718904134969576
CXCR3-,HC,PB_3,TTTACTGGTAGCGCTC-1,-0.22825978299263072
CXCR3-,HC,PB_3,TTTACTGGTTATGTGC-1,0.18092392658580828
CXCR3-,HC,PB_3,TTTACTGTCCCTTGCA-1,0.45564492284302055
CXCR3-,HC,PB_3,TTTATGCAGACCTAGG-1,-0.09834107806026707
CXCR3-,HC,PB_3,TTTATGCGTGAAGGCT-1,0.1756387072966523
CXCR3-,HC,PB_3,TTTATGCGTGGACGAT-1,0.07052424212690847
CXCR3-,HC,PB_3,TTTATGCTCTTCGGTC-1,0.1969720755887955
CXCR3-,HC,PB_3,TTTCCTCGTCGACTGC-1,-0.09834107806026707
CXCR3-,HC,PB_3,TTTGCGCAGTACGACG-1,0.05740979190650564
CXCR3+,HC,PB_3,TTTGCGCGTCTTCAAG-1,0.40595181043833756
CXCR3+,HC,PB_3,TTTGGTTCATTTCACT-1,0.06424660931351858
CXCR3-,HC,PB_3,TTTGGTTGTTAAGAAC-1,0.10155761741386389
CXCR3-,HC,PB_3,TTTGGTTTCTACCTGC-1,0.18725524965157783
CXCR3-,HC,PB_3,TTTGTCACATGGTCTA-1,-0.2365330534690107
CXCR3-,HC,PB_32,AAACCTGCACACTGCG-1,0.17256830987856484
CXCR3+,HC,PB_32,AAACCTGCAGGACCCT-1,0.14730249733831874
CXCR3+,HC,PB_32,AAACCTGCATGAAGTA-1,-0.08844042102517614
CXCR3-,HC,PB_32,AAACCTGGTCTTCTCG-1,0.08734016487719112
CXCR3-,HC,PB_32,AAACCTGTCTCACATT-1,-0.09834107806026707
CXCR3-,HC,PB_32,AAACGGGAGACGCACA-1,-0.09834107806026707
CXCR3-,HC,PB_32,AAACGGGCACCCAGTG-1,-0.22376561232655026
CXCR3-,HC,PB_32,AAACGGGGTACATGTC-1,0.46931739551381213
CXCR3-,HC,PB_32,AAACGGGTCAGGCCCA-1,0.20532398378248037
CXCR3-,HC,PB_32,AAAGATGAGCACCGTC-1,-0.033997394949900284
CXCR3-,HC,PB_32,AAAGATGCAGTCAGAG-1,-0.09834107806026707
CXCR3-,HC,PB_32,AAAGCAAGTACCATCA-1,-0.09834107806026707
CXCR3-,HC,PB_32,AAAGCAAGTGTGAATA-1,-0.22418932060398378
CXCR3-,HC,PB_32,AAAGCAAGTTAAAGAC-1,0.077845159004901
CXCR3-,HC,PB_32,AAAGTAGGTTACGCGC-1,-0.2525503171081833
CXCR3-,HC,PB_32,AAATGCCAGAGCTTCT-1,-0.2886252893306338
CXCR3-,HC,PB_32,AAATGCCAGGAATGGA-1,-0.5280287873560031
CXCR3+,HC,PB_32,AAATGCCTCAAGGTAA-1,0.14207854380886298
CXCR3+,HC,PB_32,AAATGCCTCTAGAGTC-1,0.42051485476986805
CXCR3-,HC,PB_32,AACACGTCAGGAACGT-1,-0.09834107806026707
CXCR3-,HC,PB_32,AACCATGAGGGTGTGT-1,-0.09834107806026707
CXCR3-,HC,PB_32,AACCGCGCACAGCCCA-1,-0.09834107806026707
CXCR3-,HC,PB_32,AACCGCGTCGTAGGAG-1,-0.09834107806026707
CXCR3-,HC,PB_32,AACGTTGAGCTAACAA-1,-0.5639662448007434
CXCR3+,HC,PB_32,AACGTTGCAGGATTGG-1,-0.5291359902893341
CXCR3-,HC,PB_32,AACGTTGGTGTATGGG-1,-0.09834107806026707
CXCR3-,HC,PB_32,AACGTTGTCTATCCCG-1,0.121510271069443
CXCR3-,HC,PB_32,AACTCAGCATGCCTAA-1,0.1311400994365526
CXCR3-,HC,PB_32,AACTCAGGTAAGTTCC-1,0.5553409521474892
CXCR3-,HC,PB_32,AACTCAGGTTTGACTG-1,-0.09834107806026707
CXCR3-,HC,PB_32,AACTCCCAGAATTCCC-1,-0.09834107806026707
CXCR3-,HC,PB_32,AACTCCCAGGAGCGAG-1,-0.5296651444184114
CXCR3-,HC,PB_32,AACTCCCCAATCGAAA-1,0.296199877716364
CXCR3-,HC,PB_32,AACTCCCTCGTCCGTT-1,0.18704006458928032
CXCR3-,HC,PB_32,AACTCTTGTAGCCTCG-1,-0.09834107806026707
CXCR3-,HC,PB_32,AACTCTTGTCCATCCT-1,0.15997425634055729
CXCR3-,HC,PB_32,AACTGGTCAGGAATCG-1,0.11599583364059274
CXCR3-,HC,PB_32,AACTGGTGTGTGGTTT-1,0.9050487766185255
CXCR3-,HC,PB_32,AACTGGTTCTCGCTTG-1,-0.09834107806026707
CXCR3-,HC,PB_32,AACTTTCAGAGACTAT-1,-0.20070513184367603
CXCR3-,HC,PB_32,AACTTTCTCCTGCTTG-1,0.4490226348893359
CXCR3-,HC,PB_32,AACTTTCTCTGGCGAC-1,0.16805669919333552
CXCR3-,HC,PB_32,AAGACCTCAGATTGCT-1,-0.09834107806026707
CXCR3-,HC,PB_32,AAGACCTGTATTCTCT-1,-0.09834107806026707
CXCR3-,HC,PB_32,AAGACCTTCGCCGTGA-1,0.406924128082859
CXCR3-,HC,PB_32,AAGCCGCAGAAGATTC-1,0.18525567072847457
CXCR3-,HC,PB_32,AAGCCGCAGGCTAGAC-1,0.3363132177054323
CXCR3-,HC,PB_32,AAGCCGCCAAGACGTG-1,0.1593364053055175
CXCR3-,HC,PB_32,AAGCCGCCAATAGCAA-1,0.06581781354771678
CXCR3-,HC,PB_32,AAGGAGCAGGTTACCT-1,0.753035319233698
CXCR3-,HC,PB_32,AAGGAGCCACCAGGCT-1,-0.09834107806026707
CXCR3-,HC,PB_32,AAGGAGCTCGTGGTCG-1,-0.582143889164818
CXCR3-,HC,PB_32,AAGGCAGTCGGTGTCG-1,0.24646878458953705
CXCR3+,HC,PB_32,AATCCAGAGAGCCCAA-1,-0.09834107806026707
CXCR3-,HC,PB_32,AATCCAGCATAGACTC-1,0.40847991964063673
CXCR3-,HC,PB_32,AATCCAGTCACTCTTA-1,-0.6815668682649682
CXCR3-,HC,PB_32,AATCGGTAGGCAAAGA-1,-0.3998047461991982
CXCR3-,HC,PB_32,AATCGGTAGTTCGATC-1,-0.09834107806026707
CXCR3-,HC,PB_32,AATCGGTCAAAGGAAG-1,-0.5691751220068457
CXCR3-,HC,PB_32,AATCGGTCAGTCCTTC-1,-0.3167794124478192
CXCR3-,HC,PB_32,AATCGGTGTCATGCAT-1,-0.3946842758231761
CXCR3-,HC,PB_32,ACACCAAAGAGGTTGC-1,0.6261450067932044
CXCR3-,HC,PB_32,ACACCAAGTCTAGTGT-1,-0.8624974032915109
CXCR3-,HC,PB_32,ACACCCTAGACTCGGA-1,0.5128397668133716
CXCR3-,HC,PB_32,ACACCCTAGGATTCGG-1,0.12812715723008442
CXCR3-,HC,PB_32,ACACCCTCACTTAACG-1,0.34196606083985126
CXCR3-,HC,PB_32,ACACCCTCACTTAAGC-1,0.17439939000709254
CXCR3-,HC,PB_32,ACACCGGAGGATATAC-1,-0.09834107806026707
CXCR3-,HC,PB_32,ACACCGGTCAAAGTAG-1,-0.09834107806026707
CXCR3+,HC,PB_32,ACACTGATCAACGCTA-1,-0.001840671579301012
CXCR3-,HC,PB_32,ACACTGATCCAGGGCT-1,-0.09834107806026707
CXCR3-,HC,PB_32,ACAGCCGAGATGGGTC-1,-0.09834107806026707
CXCR3-,HC,PB_32,ACAGCCGCACCAGATT-1-1,0.46825982715337483
CXCR3-,HC,PB_32,ACAGCCGTCTAACTCT-1,0.15167842958200298
CXCR3-,HC,PB_32,ACAGCTAAGTGTACTC-1,-0.32741135550520417
CXCR3-,HC,PB_32,ACATACGGTACAGCAG-1,0.34592927995758865
CXCR3-,HC,PB_32,ACATCAGAGCGTGAGT-1,0.4202214247075757
CXCR3+,HC,PB_32,ACATGGTCAGCGAACA-1,0.0499857413763256
CXCR3-,HC,PB_32,ACATGGTGTCATATCG-1,-0.23549158704846604
CXCR3-,HC,PB_32,ACCAGTAAGCTGAAAT-1,0.23333322884976565
CXCR3-,HC,PB_32,ACCAGTAAGGAACTGC-1,-0.09834107806026707
CXCR3-,HC,PB_32,ACCAGTATCAGCTGGC-1,0.32465811934732375
CXCR3+,HC,PB_32,ACCCACTCAGCTGCAC-1,-0.09834107806026707
CXCR3-,HC,PB_32,ACCGTAATCTGATTCT-1-2,-0.1981535625539542
CXCR3-,HC,PB_32,ACCTTTAAGTACGTAA-1,0.14301853092414143
CXCR3-,HC,PB_32,ACCTTTACAAGGACAC-1,-1.3671205174711119
CXCR3-,HC,PB_32,ACCTTTAGTGGAAAGA-1,-0.6097895346279263
CXCR3-,HC,PB_32,ACGAGCCAGTGCCATT-1,-0.06039579176587993
CXCR3-,HC,PB_32,ACGAGCCAGTGTCTCA-1,-0.6948980600323831
CXCR3-,HC,PB_32,ACGAGCCCACAAGCCC-1-1,-0.09834107806026707
CXCR3-,HC,PB_32,ACGAGCCCAGCATGAG-1,-0.09834107806026707
CXCR3-,HC,PB_32,ACGAGGACAGCTGCTG-1,0.5880703434169531
CXCR3-,HC,PB_32,ACGAGGACATAGTAAG-1-1,0.42861761158887346
CXCR3-,HC,PB_32,ACGAGGAGTCGTGGCT-1,0.1605093173602948
CXCR3+,HC,PB_32,ACGATACCAGTGAGTG-1-1,0.11381343241319028
CXCR3-,HC,PB_32,ACGATACGTCCAAGTT-1,0.8951127268503845
CXCR3-,HC,PB_32,ACGATACTCAAAGACA-1,-0.011439128944505337
CXCR3-,HC,PB_32,ACGATGTAGATCACGG-1,-0.09834107806026707
CXCR3-,HC,PB_32,ACGCAGCCAGCGTTCG-1,-0.09834107806026707
CXCR3-,HC,PB_32,ACGCAGCCATGCAACT-1,0.5853694372258652
CXCR3+,HC,PB_32,ACGCAGCTCAGTTGAC-1,-0.22536413644486117
CXCR3-,HC,PB_32,ACGCAGCTCCTTCAAT-1,-0.13452481966450044
CXCR3-,HC,PB_32,ACGCCAGCACCAGATT-1,-0.2000913980026697
CXCR3-,HC,PB_32,ACGCCAGCACGTCAGC-1,0.04681545926147446
CXCR3-,HC,PB_32,ACGCCGAGTCCGAAGA-1,-0.6113109218852146
CXCR3-,HC,PB_32,ACGGAGATCTGTTGAG-1,-0.09834107806026707
CXCR3+,HC,PB_32,ACGGCCACAGCAGTTT-1,-0.09834107806026707
CXCR3-,HC,PB_32,ACGGGCTAGGGATGGG-1,-0.23027656642478972
CXCR3-,HC,PB_32,ACGGGCTCACCAGTTA-1,0.5405903573937372
CXCR3-,HC,PB_32,ACGGGCTGTCTCTCGT-1,-0.09834107806026707
CXCR3+,HC,PB_32,ACGGGCTGTTAAGACA-1,-0.5499283715215553
CXCR3-,HC,PB_32,ACGGGCTTCCGCAGTG-1,0.21513707671056673
CXCR3-,HC,PB_32,ACGGGCTTCGTCCAGG-1,-0.09834107806026707
CXCR3-,HC,PB_32,ACGGGTCAGCTACCTA-1,-0.6298223016752501
CXCR3+,HC,PB_32,ACGGGTCCATAAGACA-1,0.06148022961831151
CXCR3-,HC,PB_32,ACGGGTCTCTCCAACC-1,-0.09834107806026707
CXCR3-,HC,PB_32,ACGTCAACACTCGACG-1,-0.15138400180503542
CXCR3-,HC,PB_32,ACGTCAAGTTGCCTCT-1,-0.2634683518344497
CXCR3-,HC,PB_32,ACGTCAATCAACCATG-1,-0.045038784958330816
CXCR3-,HC,PB_32,ACTATCTAGATGCCAG-1,-0.09834107806026707
CXCR3-,HC,PB_32,ACTATCTAGGAATGGA-1,-0.09834107806026707
CXCR3-,HC,PB_32,ACTATCTCAGACTCGC-1,-0.09834107806026707
CXCR3-,HC,PB_32,ACTGAACAGAGGTTAT-1,0.6614632536298922
CXCR3-,HC,PB_32,ACTGAACAGGTTACCT-1,-0.09834107806026707
CXCR3-,HC,PB_32,ACTGAGTCACTTGGAT-1,-0.3476231458355394
CXCR3-,HC,PB_32,ACTGAGTGTAAACGCG-1,0.4337479261031748
CXCR3-,HC,PB_32,ACTGAGTTCGAACGGA-1,-0.09834107806026707
CXCR3-,HC,PB_32,ACTGATGTCAATAAGG-1,-0.14547817290132584
CXCR3-,HC,PB_32,ACTGCTCGTCTAAAGA-1,-0.09834107806026707
CXCR3-,HC,PB_32,ACTGTCCGTACAAGTA-1,-0.09834107806026707
CXCR3+,HC,PB_32,ACTGTCCGTTCCATGA-1,0.01650527327763914
CXCR3-,HC,PB_32,ACTTACTCACGGCCAT-1,-0.09834107806026707
CXCR3-,HC,PB_32,ACTTACTGTACAGACG-1-1,-0.09834107806026707
CXCR3-,HC,PB_32,ACTTACTGTCCGAAGA-1,0.11069822638477433
CXCR3-,HC,PB_32,ACTTACTGTTGCTCCT-1-1,0.24816597578803568
CXCR3-,HC,PB_32,ACTTGTTGTTTGTTTC-1,0.23324220652211847
CXCR3-,HC,PB_32,ACTTGTTTCTGCTGTC-1,-0.7712041000734471
CXCR3-,HC,PB_32,ACTTTCATCGCAAGCC-1,-0.08858120151854852
CXCR3+,HC,PB_32,AGAATAGAGAAGGGTA-1,-0.4701226362356792
CXCR3-,HC,PB_32,AGAATAGAGAAGGTGA-1,-0.09834107806026707
CXCR3-,HC,PB_32,AGAATAGAGTTGTAGA-1,0.41579957259195144
CXCR3-,HC,PB_32,AGACGTTCACCGAATT-1,0.030287774726975403
CXCR3+,HC,PB_32,AGACGTTCATTAGCCA-1,0.4004698415709984
CXCR3-,HC,PB_32,AGACGTTGTGAGTGAC-1,-0.2708697184777481
CXCR3-,HC,PB_32,AGACGTTTCAGCTCGG-1,-0.09834107806026707
CXCR3-,HC,PB_32,AGAGCTTCATTGGGCC-1,0.08331086938498333
CXCR3-,HC,PB_32,AGAGTGGGTCAACATC-1,0.44716479952792526
CXCR3-,HC,PB_32,AGATCTGAGCTCCTCT-1,0.17056958637152833
CXCR3-,HC,PB_32,AGATCTGCAGGCGATA-1,0.2067740280624429
CXCR3-,HC,PB_32,AGATTGCAGAGCTATA-1,-0.23582208992965678
CXCR3-,HC,PB_32,AGATTGCTCACTCCTG-1,-0.2481253045103422
CXCR3+,HC,PB_32,AGCAGCCGTGAAGGCT-1,0.5095016836299859
CXCR3-,HC,PB_32,AGCCTAACAGACAAAT-1,-0.20497045604537695
CXCR3-,HC,PB_32,AGCCTAATCCACGAAT-1,-0.09834107806026707
CXCR3-,HC,PB_32,AGCCTAATCGCAAACT-1,-0.09834107806026707
CXCR3-,HC,PB_32,AGCGGTCCACAACGTT-1,0.2281142796543518
CXCR3-,HC,PB_32,AGCGGTCGTTACGTCA-1,-0.09834107806026707
CXCR3+,HC,PB_32,AGCGGTCGTTGACGTT-1,0.42001915465807077
CXCR3-,HC,PB_32,AGCGGTCTCCATGCTC-1,0.13901923363546817
CXCR3-,HC,PB_32,AGCGGTCTCTACTTAC-1,0.17972496377034977
CXCR3-,HC,PB_32,AGCGTATAGAGAACAG-1,0.23719869804767582
CXCR3-,HC,PB_32,AGCGTATGTGGTAACG-1,-0.09834107806026707
CXCR3-,HC,PB_32,AGCGTCGTCACCTCGT-1,-0.09834107806026707
CXCR3-,HC,PB_32,AGCTCCTAGCTGATAA-1,0.02619694188587001
CXCR3-,HC,PB_32,AGCTCCTTCCAACCAA-1,-0.09834107806026707
CXCR3-,HC,PB_32,AGCTCCTTCGTGGACC-1-1,0.49745151590582876
CXCR3-,HC,PB_32,AGCTCTCAGAGACTAT-1,-0.20036832540065114
CXCR3-,HC,PB_32,AGCTCTCCAGGTCTCG-1,-0.24659721019333208
CXCR3-,HC,PB_32,AGCTTGATCCAATGGT-1,-0.09834107806026707
CXCR3-,HC,PB_32,AGCTTGATCCGCATAA-1,-0.09834107806026707
CXCR3-,HC,PB_32,AGGCCACCAAGAAAGG-1,0.7720377258828766
CXCR3-,HC,PB_32,AGGCCGTCACGTTGGC-1,0.19820868451762927
CXCR3-,HC,PB_32,AGGCCGTCATGTTGAC-1,0.06543809975917755
CXCR3-,HC,PB_32,AGGCCGTTCAGAGGTG-1,-0.09834107806026707
CXCR3-,HC,PB_32,AGGGAGTAGTATTGGA-1,-0.09834107806026707
CXCR3-,HC,PB_32,AGGGAGTCACCAGGTC-1,0.2737332233256286
CXCR3-,HC,PB_32,AGGGAGTTCGGCGGTT-1,-0.09834107806026707
CXCR3-,HC,PB_32,AGGGATGCAGGACCCT-1,-0.09834107806026707
CXCR3-,HC,PB_32,AGGGATGGTTGAGTTC-1,-0.33805465163337006
CXCR3-,HC,PB_32,AGGGTGAGTTCCGGCA-1,0.135388684944959
CXCR3-,HC,PB_32,AGGGTGATCACGCATA-1,-0.09834107806026707
CXCR3-,HC,PB_32,AGGGTGATCTGCGTAA-1,0.5755927590033633
CXCR3-,HC,PB_32,AGGTCATGTCTGCAAT-1,-0.09834107806026707
CXCR3-,HC,PB_32,AGGTCATTCCTTTACA-1,-0.09834107806026707
CXCR3-,HC,PB_32,AGGTCATTCTATGTGG-1,-0.09834107806026707
CXCR3-,HC,PB_32,AGGTCCGAGATCGGGT-1-1,-0.05221927921431705
CXCR3-,HC,PB_32,AGGTCCGAGATGTAAC-1,-0.12790041740727268
CXCR3-,HC,PB_32,AGTAGTCCAAGAAGAG-1,-0.09834107806026707
CXCR3-,HC,PB_32,AGTAGTCGTCACTGGC-1,0.77242536818051
CXCR3+,HC,PB_32,AGTAGTCTCGTAGATC-1,-0.20154436056524716
CXCR3-,HC,PB_32,AGTCTTTAGAAGGTTT-1,-0.21892065613823192
CXCR3-,HC,PB_32,AGTCTTTGTAGCTGCC-1,-0.2168522564769926
CXCR3-,HC,PB_32,AGTCTTTGTCATCCCT-1,0.34994956008069605
CXCR3-,HC,PB_32,AGTCTTTGTCTAGTGT-1,0.2085160160938595
CXCR3-,HC,PB_32,AGTCTTTTCGGTCCGA-1,-0.04692065840614701
CXCR3-,HC,PB_32,AGTGAGGAGCGATTCT-1,0.26224425751476504
CXCR3-,HC,PB_32,AGTGAGGTCCAAGCCG-1,-0.09834107806026707
CXCR3-,HC,PB_32,AGTGAGGTCGCCTGTT-1,-0.2785377259177827
CXCR3-,HC,PB_32,AGTGAGGTCTACGAGT-1,-0.09834107806026707
CXCR3-,HC,PB_32,AGTGGGAGTGACTCAT-1-1,0.44261001094606145
CXCR3+,HC,PB_32,AGTTGGTGTAATCGTC-1,-0.14344155476336815
CXCR3-,HC,PB_32,AGTTGGTGTGACAAAT-1,-0.49664996546878315
CXCR3-,HC,PB_32,AGTTGGTTCGTTTATC-1,-0.3214728412403864
CXCR3+,HC,PB_32,ATAACGCAGTTAGCGG-1,0.07884814332476497
CXCR3-,HC,PB_32,ATAAGAGAGACGCTTT-1,-0.09768917368935728
CXCR3-,HC,PB_32,ATAAGAGAGGCTAGCA-1,-0.24905307117481934
CXCR3-,HC,PB_32,ATAAGAGGTCGGCTCA-1,-0.09834107806026707
CXCR3-,HC,PB_32,ATAAGAGTCGTCCAGG-1,0.11454977970877414
CXCR3-,HC,PB_32,ATAAGAGTCGTTGCCT-1,0.4287231321208642
CXCR3-,HC,PB_32,ATAGACCCAGCTCGAC-1,0.02194929921488385
CXCR3-,HC,PB_32,ATAGACCGTACTTCTT-1,-0.29718064175917724
CXCR3-,HC,PB_32,ATAGACCGTGTATGGG-1,-0.09834107806026707
CXCR3-,HC,PB_32,ATAGACCGTTCCCTTG-1,-0.370016348424066
CXCR3-,HC,PB_32,ATCACGACAAGCCCAC-1-1,-0.47403831586081846
CXCR3-,HC,PB_32,ATCATCTAGATAGGAG-1-1,0.3637127703108653
CXCR3-,HC,PB_32,ATCATCTAGTTACGGG-1,-0.09834107806026707
CXCR3-,HC,PB_32,ATCATCTTCCCGACTT-1,0.1240616131753866
CXCR3-,HC,PB_32,ATCATCTTCGAGAGCA-1,-0.5591922048483078
CXCR3-,HC,PB_32,ATCATGGCATCGATTG-1,-0.31817138165938924
CXCR3-,HC,PB_32,ATCATGGGTGCAACGA-1,0.12315963822801228
CXCR3-,HC,PB_32,ATCATGGGTTGGGACA-1,-0.01534132073506259
CXCR3-,HC,PB_32,ATCATGGTCTGAAAGA-1,-0.09834107806026707
CXCR3-,HC,PB_32,ATCCACCCATACGCCG-1,-0.09834107806026707
CXCR3-,HC,PB_32,ATCCACCGTTTGTTGG-1,-0.09834107806026707
CXCR3-,HC,PB_32,ATCCACCTCTATGTGG-1,-0.09834107806026707
CXCR3-,HC,PB_32,ATCCGAATCCGAGCCA-1,-0.5966875344857513
CXCR3-,HC,PB_32,ATCGAGTGTGATGATA-1,-0.8256596935397134
CXCR3+,HC,PB_32,ATCGAGTGTGCACTTA-1,-0.03439700202913111
CXCR3-,HC,PB_32,ATCGAGTTCAGTGTTG-1,-0.45079373282599544
CXCR3-,HC,PB_32,ATCGAGTTCATAACCG-1,0.5513193566481285
CXCR3-,HC,PB_32,ATCGAGTTCCTTCAAT-1,-0.30837932347818064
CXCR3-,HC,PB_32,ATCTGCCCACTCGACG-1,0.4671794304045025
CXCR3-,HC,PB_32,ATCTGCCCAGCAGTTT-1,0.34501130257447626
CXCR3-,HC,PB_32,ATGAGGGCACATTCGA-1,0.2712469955117442
CXCR3-,HC,PB_32,ATGAGGGCAGCCTTTC-1,0.1559958819725019
CXCR3-,HC,PB_32,ATGAGGGCAGGACGTA-1,-0.09834107806026707
CXCR3-,HC,PB_32,ATGAGGGGTACAGTTC-1,-0.4126790603370271
CXCR3-,HC,PB_32,ATGAGGGTCATTTGGG-1,-0.09834107806026707
CXCR3-,HC,PB_32,ATGCGATCATGCCACG-1,0.2873941637282634
CXCR3-,HC,PB_32,ATGGGAGAGAGCTGGT-1,0.153507310582958
CXCR3-,HC,PB_32,ATGGGAGTCGCTAGCG-1,0.1713108964586663
CXCR3-,HC,PB_32,ATGTGTGCATCACCCT-1,-0.09834107806026707
CXCR3-,HC,PB_32,ATGTGTGTCTATCCCG-1,-0.24762886671747797
CXCR3-,HC,PB_32,ATTACTCAGAGTTGGC-1,0.4404212123129487
CXCR3-,HC,PB_32,ATTACTCTCAGCATGT-1,0.882546184833524
CXCR3-,HC,PB_32,ATTATCCCATCATCCC-1,0.48553219789206087
CXCR3-,HC,PB_32,ATTATCCCATGTAGTC-1,0.24959490696697378
CXCR3-,HC,PB_32,ATTATCCGTATTAGCC-1,-0.9273303927178952
CXCR3-,HC,PB_32,ATTATCCTCCTCGCAT-1,0.15506456319262948
CXCR3-,HC,PB_32,ATTCTACAGCCGTCGT-1,-0.09834107806026707
CXCR3-,HC,PB_32,ATTCTACAGTCCCACG-1,0.25796960005186226
CXCR3-,HC,PB_32,ATTCTACGTTGAGTTC-1,-0.09834107806026707
CXCR3-,HC,PB_32,ATTGGTGGTACACCGC-1,0.1941443184726658
CXCR3-,HC,PB_32,ATTGGTGTCCATGCTC-1,0.5262966463014235
CXCR3-,HC,PB_32,ATTTCTGAGCCAGAAC-1,0.28360885698578225
CXCR3-,HC,PB_32,ATTTCTGAGTAGGTGC-1,0.06315077644387898
CXCR3-,HC,PB_32,ATTTCTGGTCATATCG-1,-0.4878461124327142
CXCR3-,HC,PB_32,CAACCAAAGCGTAATA-1,-0.09834107806026707
CXCR3-,HC,PB_32,CAACCTCGTAGAAGGA-1,-0.09834107806026707
CXCR3-,HC,PB_32,CAACCTCGTAGCGTGA-1,-0.4837551066498623
CXCR3-,HC,PB_32,CAACTAGAGTACGCCC-1,-0.09834107806026707
CXCR3-,HC,PB_32,CAACTAGCATGGTCAT-1,0.6664839596716738
CXCR3-,HC,PB_32,CAACTAGTCAATAAGG-1,0.1609602643353993
CXCR3-,HC,PB_32,CAAGAAAAGCAGCGTA-1,0.42093992871301417
CXCR3-,HC,PB_32,CAAGATCAGCCAGGAT-1,0.07140878581303524
CXCR3-,HC,PB_32,CAAGATCAGCCTCGTG-1,-0.27078212685428893
CXCR3-,HC,PB_32,CAAGATCAGTATCTCG-1,-0.09834107806026707
CXCR3-,HC,PB_32,CAAGATCTCCTTTACA-1,-0.09834107806026707
CXCR3-,HC,PB_32,CAAGGCCAGGGTTCCC-1,0.4149467643152976
CXCR3-,HC,PB_32,CAAGGCCCAGTAAGCG-1,0.8439471366779155
CXCR3-,HC,PB_32,CAAGGCCGTGATAAGT-1,-0.09834107806026707
CXCR3-,HC,PB_32,CAAGGCCTCTTACCGC-1,0.41245559273631216
CXCR3-,HC,PB_32,CAAGTTGGTCTCTCGT-1,0.1072655607940352
CXCR3+,HC,PB_32,CAAGTTGGTGAGGCTA-1,0.026778862165865752
CXCR3-,HC,PB_32,CAAGTTGTCCTCCTAG-1,-0.5291939304995837
CXCR3-,HC,PB_32,CACAAACCACTTCTGC-1,-0.09834107806026707
CXCR3-,HC,PB_32,CACAAACGTTCCACGG-1,-0.2837655129318693
CXCR3-,HC,PB_32,CACAAACTCTGGTATG-1,-0.09834107806026707
CXCR3-,HC,PB_32,CACACAAAGATCCGAG-1,-0.09834107806026707
CXCR3+,HC,PB_32,CACACAACACTAGTAC-1-1,-0.516561401084968
CXCR3-,HC,PB_32,CACACAAGTACGCTGC-1,-0.09834107806026707
CXCR3-,HC,PB_32,CACACAAGTTTGGCGC-1,1.1254041102506929
CXCR3-,HC,PB_32,CACACCTAGGAATGGA-1,-0.18182612776558135
CXCR3-,HC,PB_32,CACACCTGTACAGTGG-1,0.08031880673314191
CXCR3+,HC,PB_32,CACACCTGTCACCCAG-1,0.040434277711008715
CXCR3-,HC,PB_32,CACACTCAGAAGGGTA-1,-0.09834107806026707
CXCR3-,HC,PB_32,CACACTCAGGCGATAC-1,0.2590653644643874
CXCR3-,HC,PB_32,CACACTCAGTGGAGAA-1,-0.24084922124726418
CXCR3-,HC,PB_32,CACACTCCAATGAAAC-1,0.07947247167228258
CXCR3-,HC,PB_32,CACACTCGTCCATCCT-1,-0.09834107806026707
CXCR3-,HC,PB_32,CACAGGCAGGCTCTTA-1,-0.09834107806026707
CXCR3+,HC,PB_32,CACAGGCCATCCGGGT-1,0.5488584362829723
CXCR3-,HC,PB_32,CACAGGCTCAGCACAT-1,-0.30652278485293527
CXCR3-,HC,PB_32,CACAGGCTCAGTTCGA-1,-0.5087460330956397
CXCR3-,HC,PB_32,CACAGGCTCCTAGAAC-1,-0.09834107806026707
CXCR3-,HC,PB_32,CACAGGCTCGCAGGCT-1,-0.5123158618228519
CXCR3-,HC,PB_32,CACAGTAAGTGAACGC-1,-0.09834107806026707
CXCR3-,HC,PB_32,CACAGTACATCTACGA-1,-0.17894399658081114
CXCR3-,HC,PB_32,CACAGTAGTCTAAACC-1,-0.19939484847713076
CXCR3-,HC,PB_32,CACAGTAGTGTAAGTA-1,-0.09834107806026707
CXCR3-,HC,PB_32,CACATAGAGTCCGTAT-1-1,0.4064103608608267
CXCR3-,HC,PB_32,CACATTTAGGGCTTGA-1,-0.09834107806026707
CXCR3-,HC,PB_32,CACCAGGCATTTGCCC-1,-0.09834107806026707
CXCR3-,HC,PB_32,CACCTTGAGCAGATCG-1,0.21150984787565524
CXCR3-,HC,PB_32,CACCTTGTCTTAGCCC-1,0.3565059509378032
CXCR3+,HC,PB_32,CACTCCAGTGGACGAT-1,0.22850564072909843
CXCR3-,HC,PB_32,CACTCCAGTGGCTCCA-1,-0.22615908216714406
CXCR3-,HC,PB_32,CAGAATCAGAAGGTGA-1-1,-0.12071731326672437
CXCR3-,HC,PB_32,CAGAATCCACAAGTAA-1,-0.09834107806026707
CXCR3-,HC,PB_32,CAGAATCCATACGCCG-1,0.5137459585058519
CXCR3-,HC,PB_32,CAGAATCCATCCCATC-1,0.5546373505942003
CXCR3-,HC,PB_32,CAGAGAGGTAGGGACT-1,-0.09834107806026707
CXCR3-,HC,PB_32,CAGAGAGTCGCAGGCT-1,-0.2385016977305554
CXCR3-,HC,PB_32,CAGATCACAGTCACTA-1,0.2528416653112899
CXCR3-,HC,PB_32,CAGATCAGTAAGGATT-1,-0.08628032537254518
CXCR3-,HC,PB_32,CAGATCAGTCAACATC-1,0.5238836398584804
CXCR3-,HC,PB_32,CAGATCAGTTGTACAC-1,-0.09834107806026707
CXCR3-,HC,PB_32,CAGCAGCCACTTGGAT-1,-0.5585583766892129
CXCR3-,HC,PB_32,CAGCAGCGTAGGAGTC-1,0.2547047930508453
CXCR3-,HC,PB_32,CAGCATACATCGGAAG-1,-0.23123509027166475
CXCR3-,HC,PB_32,CAGCATATCAGAGGTG-1,-0.25513933093990165
CXCR3-,HC,PB_32,CAGCCGAAGCCCGAAA-1,0.1509030237135772
CXCR3-,HC,PB_32,CAGCCGAGTACGAAAT-1-1,-0.09834107806026707
CXCR3-,HC,PB_32,CAGCCGATCTCGCTTG-1,0.1452143985083971
CXCR3-,HC,PB_32,CAGCGACGTGTTTGTG-1,-0.09834107806026707
CXCR3-,HC,PB_32,CAGCTAAAGAGTTGGC-1,-0.09834107806026707
CXCR3-,HC,PB_32,CAGCTAACACAAGTAA-1,0.13822130949633363
CXCR3-,HC,PB_32,CAGCTAACAGGCTCAC-1,-0.2717068765101052
CXCR3-,HC,PB_32,CAGCTGGCAAGCGCTC-1,0.2009613874161023
CXCR3-,HC,PB_32,CAGCTGGCAGGTGCCT-1,-0.09834107806026707
CXCR3-,HC,PB_32,CAGCTGGGTGCAGACA-1,-0.09834107806026707
CXCR3-,HC,PB_32,CAGCTGGTCAGAGCTT-1,0.008530545440117205
CXCR3-,HC,PB_32,CAGGTGCCAAACCTAC-1,-0.09834107806026707
CXCR3-,HC,PB_32,CAGGTGCCATGGATGG-1,-0.09834107806026707
CXCR3-,HC,PB_32,CAGGTGCTCCGCAAGC-1,-0.09834107806026707
CXCR3-,HC,PB_32,CAGTAACCATAACCTG-1,-0.36084138840455143
CXCR3-,HC,PB_32,CAGTAACGTTTAGGAA-1,-0.09834107806026707
CXCR3-,HC,PB_32,CAGTCCTAGCTCCTCT-1,-0.5543610694370168
CXCR3+,HC,PB_32,CAGTCCTTCTCCGGTT-1,-0.3962149333482455
CXCR3-,HC,PB_32,CATATGGAGGGTTCCC-1,-0.09834107806026707
CXCR3-,HC,PB_32,CATATGGCAATAGCAA-1,0.2487913638867829
CXCR3-,HC,PB_32,CATATTCAGTACCGGA-1,-0.09834107806026707
CXCR3-,HC,PB_32,CATATTCAGTAGTGCG-1,-0.5834300210255107
CXCR3+,HC,PB_32,CATATTCGTGTAATGA-1,-0.09834107806026707
CXCR3-,HC,PB_32,CATCAAGAGAATAGGG-1,-0.09834107806026707
CXCR3-,HC,PB_32,CATCAAGAGGTGCTAG-1,-0.09834107806026707
CXCR3-,HC,PB_32,CATCAAGCAAGCTGTT-1-1,-0.5974619177235603
CXCR3-,HC,PB_32,CATCAAGCATCCTTGC-1,0.22483157634288348
CXCR3-,HC,PB_32,CATCAGAAGTTTCCTT-1,-0.09834107806026707
CXCR3+,HC,PB_32,CATCAGATCATATCGG-1,-0.02463342371646266
CXCR3-,HC,PB_32,CATCAGATCTCGTTTA-1,-0.09834107806026707
CXCR3-,HC,PB_32,CATCCACAGGTGTTAA-1,0.1468325620548724
CXCR3-,HC,PB_32,CATCCACCACATCCAA-1,0.19315149857472078
CXCR3-,HC,PB_32,CATCCACGTCAGGACA-1,0.0065288130304766035
CXCR3-,HC,PB_32,CATCCACTCCTTTCGG-1,-0.2846535365142274
CXCR3-,HC,PB_32,CATCGAACAGTCGTGC-1,0.01033239973023963
CXCR3-,HC,PB_32,CATCGAAGTTGGAGGT-1,-0.09834107806026707
CXCR3-,HC,PB_32,CATCGGGCAGACTCGC-1,-0.09834107806026707
CXCR3-,HC,PB_32,CATCGGGTCAGAGACG-1,-0.09834107806026707
CXCR3-,HC,PB_32,CATGACACAAGCTGAG-1,-0.09834107806026707
CXCR3-,HC,PB_32,CATGACATCAAACCGT-1,-0.09834107806026707
CXCR3+,HC,PB_32,CATGGCGCACCCATTC-1,0.23992420552165766
CXCR3-,HC,PB_32,CATGGCGCAGCCAATT-1-1,-0.09834107806026707
CXCR3-,HC,PB_32,CATGGCGGTCTCAACA-1,-0.09834107806026707
CXCR3-,HC,PB_32,CATTATCAGCCGGTAA-1,-0.09834107806026707
CXCR3-,HC,PB_32,CATTATCGTCTCCATC-1,-0.09834107806026707
CXCR3-,HC,PB_32,CATTATCGTTGTGGAG-1,0.08008234662923573
CXCR3-,HC,PB_32,CATTATCTCACAAACC-1,-0.28931253467297496
CXCR3-,HC,PB_32,CATTCGCAGCTGCCCA-1,-0.09834107806026707
CXCR3-,HC,PB_32,CATTCGCGTATATCCG-1,-0.21398218447876174
CXCR3-,HC,PB_32,CATTCGCGTTCGCTAA-1,0.11954705239442966
CXCR3-,HC,PB_32,CCAATCCGTTACGGAG-1,-0.09834107806026707
CXCR3-,HC,PB_32,CCAATCCGTTCTGAAC-1,0.09537049532496233
CXCR3-,HC,PB_32,CCAATCCTCGGTTAAC-1,-0.09834107806026707
CXCR3-,HC,PB_32,CCACCTACAAACGCGA-1,-0.09834107806026707
CXCR3+,HC,PB_32,CCACCTATCAGCGACC-1,0.14129601291295296
CXCR3-,HC,PB_32,CCACGGAAGGGCTTGA-1,-0.09834107806026707
CXCR3-,HC,PB_32,CCACGGACAAGCGATG-1,-0.09834107806026707
CXCR3+,HC,PB_32,CCACGGATCGTGGTCG-1,-0.09834107806026707
CXCR3+,HC,PB_32,CCACTACAGGAATTAC-1,0.21093128314041895
CXCR3-,HC,PB_32,CCACTACCAAGGTTTC-1,-0.09834107806026707
CXCR3-,HC,PB_32,CCACTACGTCGCATAT-1,0.22369582658806844
CXCR3-,HC,PB_32,CCAGCGACAATTGCTG-1,-0.09834107806026707
CXCR3-,HC,PB_32,CCATGTCTCATCATTC-1,-0.18806392588366996
CXCR3-,HC,PB_32,CCATTCGAGTTAAGTG-1,0.09894837676573476
CXCR3-,HC,PB_32,CCCAATCAGACGCAAC-1,0.0975845260341224
CXCR3-,HC,PB_32,CCCAATCCACGTCTCT-1,-0.09834107806026707
CXCR3-,HC,PB_32,CCCAGTTGTCAGATAA-1,-0.09834107806026707
CXCR3-,HC,PB_32,CCCTCCTTCTGATTCT-1,-0.31545693996269
CXCR3-,HC,PB_32,CCGGGATGTTACCAGT-1,-0.21804082446229373
CXCR3-,HC,PB_32,CCGGGATTCAGGCAAG-1,-0.09834107806026707
CXCR3-,HC,PB_32,CCGGTAGCACAGGTTT-1,-0.29367450452067867
CXCR3-,HC,PB_32,CCGGTAGTCCGTAGTA-1,0.09178807672447105
CXCR3-,HC,PB_32,CCGTACTTCCTGTACC-1,-0.4280345879389818
CXCR3-,HC,PB_32,CCGTTCAAGACTAAGT-1,-0.034540833969264474
CXCR3-,HC,PB_32,CCGTTCAAGAGTGAGA-1,-0.09834107806026707
CXCR3+,HC,PB_32,CCGTTCACACAGGAGT-1,-0.1103028579220849
CXCR3+,HC,PB_32,CCGTTCAGTCTCCCTA-1,-0.7591027793047964
CXCR3-,HC,PB_32,CCTAAAGGTAAACCTC-1,0.3009490996566632
CXCR3-,HC,PB_32,CCTAAAGGTCTGATCA-1,-0.09834107806026707
CXCR3-,HC,PB_32,CCTACACAGGGTTTCT-1,-0.09834107806026707
CXCR3-,HC,PB_32,CCTACACCATCACGAT-1,-0.22685067400310513
CXCR3-,HC,PB_32,CCTACACGTTACGTCA-1,-0.16587670967249452
CXCR3-,HC,PB_32,CCTACACTCCACGCAG-1,-0.09834107806026707
CXCR3-,HC,PB_32,CCTAGCTAGATGTGGC-1,-0.09834107806026707
CXCR3-,HC,PB_32,CCTAGCTAGCTACCGC-1,0.34144988159649736
CXCR3-,HC,PB_32,CCTAGCTCAGTAAGCG-1,-0.3049272761115264
CXCR3-,HC,PB_32,CCTATTACACCATCCT-1,-0.09834107806026707
CXCR3-,HC,PB_32,CCTATTACACGGTAAG-1,0.3071621616921426
CXCR3-,HC,PB_32,CCTATTATCATGTAGC-1,-0.23625960700200954
CXCR3-,HC,PB_32,CCTCAGTAGACCGGAT-1,0.4674669844023404
CXCR3-,HC,PB_32,CCTCAGTTCAAAGACA-1,-0.09834107806026707
CXCR3-,HC,PB_32,CCTCAGTTCCAGGGCT-1-1,-0.09834107806026707
CXCR3-,HC,PB_32,CCTCAGTTCCGCATCT-1,0.7804414945113196
CXCR3-,HC,PB_32,CCTCTGAAGGATTCGG-1,-0.09834107806026707
CXCR3-,HC,PB_32,CCTCTGAAGTCCATAC-1,-0.02536706434358344
CXCR3-,HC,PB_32,CCTCTGATCATTGCGA-1,0.3982164469211571
CXCR3+,HC,PB_32,CCTCTGATCGGCTTGG-1,-0.32039275944895673
CXCR3-,HC,PB_32,CCTCTGATCTGCGACG-1,-0.09834107806026707
CXCR3-,HC,PB_32,CCTTACGGTTCGCTAA-1,0.28535510467947944
CXCR3-,HC,PB_32,CCTTACGTCAGAAATG-1,0.48554311194416033
CXCR3-,HC,PB_32,CCTTCCCCAAGCGAGT-1,-0.09834107806026707
CXCR3-,HC,PB_32,CCTTCGACACTTGGAT-1,-0.09834107806026707
CXCR3+,HC,PB_32,CCTTCGATCAGCATGT-1,0.010656781720714588
CXCR3+,HC,PB_32,CCTTCGATCAGTTCGA-1,0.2273925017142538
CXCR3-,HC,PB_32,CCTTCGATCCTGCTTG-1,0.1640077619735969
CXCR3-,HC,PB_32,CCTTTCTAGACAAAGG-1,-0.09834107806026707
CXCR3-,HC,PB_32,CGAACATCATCACCCT-1,-0.29745782344296734
CXCR3-,HC,PB_32,CGAACATTCCCAGGTG-1,-0.09834107806026707
CXCR3-,HC,PB_32,CGAACATTCGTGGTCG-1,0.2472264541833844
CXCR3+,HC,PB_32,CGAATGTCATCGATTG-1,0.47719312704186734
CXCR3-,HC,PB_32,CGAATGTGTTGCGCAC-1-1,0.19300879483613503
CXCR3-,HC,PB_32,CGAATGTTCTCTAGGA-1,0.39068320290362274
CXCR3-,HC,PB_32,CGACCTTAGCCTCGTG-1,-0.07915611763924264
CXCR3-,HC,PB_32,CGACCTTCACGACGAA-1,-0.1899919058879676
CXCR3-,HC,PB_32,CGACTTCAGCACCGTC-1,0.02388718266869103
CXCR3-,HC,PB_32,CGACTTCAGCGTTGCC-1,-0.34436158287603835
CXCR3-,HC,PB_32,CGACTTCCATCCTAGA-1,-0.28521303825329564
CXCR3-,HC,PB_32,CGACTTCGTGGTAACG-1,-0.09834107806026707
CXCR3-,HC,PB_32,CGACTTCTCACTTACT-1,0.08408557945898851
CXCR3-,HC,PB_32,CGAGAAGCAACGATGG-1,-0.09834107806026707
CXCR3-,HC,PB_32,CGAGCACAGTAATCCC-1,0.27481021417277973
CXCR3-,HC,PB_32,CGAGCACAGTACCGGA-1,-0.09834107806026707
CXCR3-,HC,PB_32,CGAGCCAAGCAGATCG-1,-0.09834107806026707
CXCR3-,HC,PB_32,CGAGCCACAGGTCGTC-1,0.12303586822340326
CXCR3-,HC,PB_32,CGAGCCACATGTTCCC-1,-0.30079868100347934
CXCR3-,HC,PB_32,CGAGCCAGTCGGCACT-1,-0.09834107806026707
CXCR3+,HC,PB_32,CGAGCCAGTCTGGTCG-1,-0.09834107806026707
CXCR3-,HC,PB_32,CGATCGGAGAAAGTGG-1,-0.09834107806026707
CXCR3-,HC,PB_32,CGATCGGCAGTTCCCT-1,-0.09834107806026707
CXCR3-,HC,PB_32,CGATCGGGTAGCTGCC-1,0.356754790580485
CXCR3-,HC,PB_32,CGATGGCAGTCTCAAC-1,-0.09834107806026707
CXCR3-,HC,PB_32,CGATGGCGTCATGCCG-1,0.1570674035412169
CXCR3-,HC,PB_32,CGATGTAAGGCCCTCA-1-1,0.05283213122901782
CXCR3-,HC,PB_32,CGATTGAAGGCTAGCA-1,-0.15402642886690035
CXCR3-,HC,PB_32,CGATTGAGTTCTGGTA-1,-0.30216020554930234
CXCR3-,HC,PB_32,CGATTGATCAGGTTCA-1,-0.03896440993585123
CXCR3-,HC,PB_32,CGCCAAGAGAGCCCAA-1,0.014520062388751285
CXCR3-,HC,PB_32,CGCCAAGAGTTCGATC-1,-0.09834107806026707
CXCR3-,HC,PB_32,CGCCAAGCACACCGAC-1,0.3733783679695163
CXCR3+,HC,PB_32,CGCCAAGCACAGGCCT-1,-0.5227044048894764
CXCR3-,HC,PB_32,CGCCAAGGTATTACCG-1,0.08275572405874702
CXCR3-,HC,PB_32,CGCCAAGGTGCTCTTC-1,0.18197072235796893
CXCR3-,HC,PB_32,CGCCAAGTCGCTTGTC-1,0.52233514816253
CXCR3-,HC,PB_32,CGCGGTAAGCTTTGGT-1,-0.09834107806026707
CXCR3-,HC,PB_32,CGCGGTAAGGAGTTGC-1,-0.3196635394592809
CXCR3-,HC,PB_32,CGCGGTAAGTGCCATT-1,-0.5450657164029573
CXCR3-,HC,PB_32,CGCGGTAGTGCCTGTG-1,-0.3032416472243126
CXCR3-,HC,PB_32,CGCGGTATCCCTAACC-1,0.27979912830962156
CXCR3-,HC,PB_32,CGCGTTTCACCACCAG-1-1,-0.09834107806026707
CXCR3-,HC,PB_32,CGCGTTTTCACAAACC-1,-0.09834107806026707
CXCR3-,HC,PB_32,CGCTATCAGAAGAAGC-1,-0.20069158303316015
CXCR3-,HC,PB_32,CGCTATCAGAGCAATT-1,-0.0011368102298501112
CXCR3-,HC,PB_32,CGCTATCTCGTCACGG-1,-0.16750539274017875
CXCR3-,HC,PB_32,CGCTATCTCGTTTATC-1,-0.09834107806026707
CXCR3-,HC,PB_32,CGCTGGAAGAATTGTG-1,-0.008972943839418648
CXCR3-,HC,PB_32,CGCTGGAAGCGACGTA-1,-0.09834107806026707
CXCR3+,HC,PB_32,CGCTGGACATATGCTG-1,-0.7372929446686809
CXCR3-,HC,PB_32,CGCTGGAGTGGTGTAG-1,-0.0795723552526294
CXCR3-,HC,PB_32,CGCTGGAGTTACCGAT-1,0.10245390137978193
CXCR3-,HC,PB_32,CGCTTCACACCTATCC-1,-0.11404208698020006
CXCR3-,HC,PB_32,CGCTTCATCAACCATG-1,0.5159862944758735
CXCR3-,HC,PB_32,CGGACGTAGTGGTAAT-1,-0.29252687556539064
CXCR3-,HC,PB_32,CGGACGTCACATGGGA-1,0.21074084898419346
CXCR3-,HC,PB_32,CGGACTGAGGTGACCA-1-1,-0.09834107806026707
CXCR3-,HC,PB_32,CGGACTGAGTGCGATG-1,-0.09834107806026707
CXCR3+,HC,PB_32,CGGACTGCACAGCGTC-1,-0.5693689209140492
CXCR3-,HC,PB_32,CGGACTGCATGACATC-1,0.26987858521754615
CXCR3-,HC,PB_32,CGGACTGTCTGTCCGT-1,-0.1459033126300945
CXCR3-,HC,PB_32,CGGAGCTGTACTTCTT-1,-0.09834107806026707
CXCR3-,HC,PB_32,CGGAGCTTCACATAGC-1-1,0.05544787461680175
CXCR3+,HC,PB_32,CGGAGCTTCCTCGCAT-1,-0.1350129344292576
CXCR3-,HC,PB_32,CGGAGTCCAAGGTGTG-1,-0.09834107806026707
CXCR3-,HC,PB_32,CGGCTAGAGGTGCACA-1,-0.1223123821112176
CXCR3-,HC,PB_32,CGGCTAGCAGGGATTG-1,-0.09834107806026707
CXCR3-,HC,PB_32,CGGGTCATCTCCAACC-1,-0.09036195420012474
CXCR3-,HC,PB_32,CGGTTAAAGTTATCGC-1,0.18532834791067046
CXCR3-,HC,PB_32,CGGTTAACAAATTGCC-1,-0.09834107806026707
CXCR3-,HC,PB_32,CGGTTAATCACTTATC-1,-0.05877015816547367
CXCR3-,HC,PB_32,CGTAGCGAGTCCAGGA-1,-0.09834107806026707
CXCR3-,HC,PB_32,CGTAGCGCAGACAGGT-1,-0.09834107806026707
CXCR3-,HC,PB_32,CGTAGCGTCTTGTCAT-1,0.2133665238932387
CXCR3-,HC,PB_32,CGTAGGCAGCAAATCA-1,0.001238677421510229
CXCR3-,HC,PB_32,CGTAGGCCAACTTGAC-1,0.5383711724238373
CXCR3-,HC,PB_32,CGTAGGCGTTTGGGCC-1,0.8687729794745598
CXCR3-,HC,PB_32,CGTCACTCAATCCGAT-1,-0.0899148517609603
CXCR3-,HC,PB_32,CGTCACTGTCTTCGTC-1,-0.09834107806026707
CXCR3-,HC,PB_32,CGTCAGGCAACACGCC-1,-0.09834107806026707
CXCR3-,HC,PB_32,CGTCAGGCACATCCGG-1,0.8050898234939031
CXCR3-,HC,PB_32,CGTCAGGTCACCATAG-1,-0.09834107806026707
CXCR3-,HC,PB_32,CGTCCATGTAGGCTGA-1,-0.09834107806026707
CXCR3-,HC,PB_32,CGTCCATGTTCCAACA-1,0.34665108168410114
CXCR3-,HC,PB_32,CGTCCATTCGGGAGTA-1,-0.26530956779047454
CXCR3-,HC,PB_32,CGTCTACAGGGCTCTC-1,-0.3615017229215184
CXCR3-,HC,PB_32,CGTCTACGTTCCACGG-1,-0.09834107806026707
CXCR3-,HC,PB_32,CGTGAGCAGACGCAAC-1,-0.09834107806026707
CXCR3-,HC,PB_32,CGTGTAATCTCCTATA-1,-0.09834107806026707
CXCR3-,HC,PB_32,CGTGTCTCAGGTGCCT-1,0.22702118531406254
CXCR3-,HC,PB_32,CGTTAGACAGCCTGTG-1,-0.09834107806026707
CXCR3-,HC,PB_32,CGTTAGAGTCCGAAGA-1,0.09973481545052224
CXCR3-,HC,PB_32,CGTTCTGGTACGCACC-1,-0.09834107806026707
CXCR3-,HC,PB_32,CGTTCTGTCAAACCGT-1,0.556857187635208
CXCR3-,HC,PB_32,CTAACTTAGAGGACGG-1,-0.09834107806026707
CXCR3-,HC,PB_32,CTAACTTAGAGTCGGT-1,-0.09834107806026707
CXCR3-,HC,PB_32,CTAACTTAGTGAATTG-1,0.20068967379609376
CXCR3-,HC,PB_32,CTAACTTGTAAGTGGC-1,0.3067294643770354
CXCR3-,HC,PB_32,CTAACTTGTTAAAGTG-1,-0.09834107806026707
CXCR3-,HC,PB_32,CTAAGACAGACCACGA-1,-0.14410894950008662
CXCR3-,HC,PB_32,CTAAGACAGATAGGAG-1,-0.09834107806026707
CXCR3-,HC,PB_32,CTAAGACGTGGCAAAC-1,-0.2335271816652989
CXCR3-,HC,PB_32,CTAATGGAGAGATGAG-1,-0.09834107806026707
CXCR3+,HC,PB_32,CTAATGGTCACGACTA-1,-0.38005646256243253
CXCR3-,HC,PB_32,CTAATGGTCGCGGATC-1,0.20469164305862625
CXCR3-,HC,PB_32,CTACACCAGATGCGAC-1,-0.2742698570068859
CXCR3-,HC,PB_32,CTACACCCACCGGAAA-1,0.17197034341101558
CXCR3-,HC,PB_32,CTACACCTCAGCAACT-1,0.07992142583698279
CXCR3-,HC,PB_32,CTACATTCACGCATCG-1,-0.09834107806026707
CXCR3-,HC,PB_32,CTACATTGTGAGTGAC-1,-0.09834107806026707
CXCR3-,HC,PB_32,CTACATTGTTAAGATG-1,-0.24282618275425089
CXCR3-,HC,PB_32,CTACCCACACAGCGTC-1,-0.24319146497822994
CXCR3-,HC,PB_32,CTACGTCCAGCTGTGC-1,-0.328649879343213
CXCR3-,HC,PB_32,CTACGTCCAGTGAGTG-1,-0.09834107806026707
CXCR3-,HC,PB_32,CTACGTCGTCCGAGTC-1,0.11679646400028305
CXCR3-,HC,PB_32,CTAGCCTAGCTAAGAT-1,-0.09834107806026707
CXCR3+,HC,PB_32,CTAGCCTCAAGGTTTC-1,-0.7374151236971281
CXCR3-,HC,PB_32,CTAGCCTCAATGTTGC-1,-0.09834107806026707
CXCR3-,HC,PB_32,CTAGCCTCATGAACCT-1,0.1374949902738705
CXCR3-,HC,PB_32,CTAGCCTTCGAATGCT-1,-0.366229315981188
CXCR3+,HC,PB_32,CTAGTGAAGCACACAG-1,0.4007543107758149
CXCR3-,HC,PB_32,CTAGTGAAGCCGGTAA-1,0.2720588155605477
CXCR3-,HC,PB_32,CTAGTGAAGGCATGTG-1,0.07945152652505359
CXCR3-,HC,PB_32,CTAGTGACACTCAGGC-1,0.13339686102082268
CXCR3-,HC,PB_32,CTCACACCATCCGGGT-1,0.06609199127422948
CXCR3-,HC,PB_32,CTCAGAAAGTGACATA-1,-0.07638422802564696
CXCR3-,HC,PB_32,CTCAGAACATTTCAGG-1,-0.3374196995781749
CXCR3+,HC,PB_32,CTCAGAAGTTCGCGAC-1,0.8391436784628489
CXCR3-,HC,PB_32,CTCAGAATCCGCATAA-1-1,-0.09834107806026707
CXCR3+,HC,PB_32,CTCATTAAGACTGGGT-1,0.368229638537863
CXCR3-,HC,PB_32,CTCCTAGCATTCCTCG-1,0.125287077202319
CXCR3+,HC,PB_32,CTCCTAGGTAGCGATG-1,-0.3834295981261947
CXCR3-,HC,PB_32,CTCCTAGGTCCGTGAC-1,0.14557073292947603
CXCR3+,HC,PB_32,CTCCTAGGTCCTCCAT-1,-0.09834107806026707
CXCR3-,HC,PB_32,CTCGAAACACGTCTCT-1,-0.09834107806026707
CXCR3-,HC,PB_32,CTCGAAAGTAAAGTCA-1,-0.36515205910820886
CXCR3-,HC,PB_32,CTCGAAAGTACCCAAT-1,-0.24265846060722934
CXCR3+,HC,PB_32,CTCGAAAGTCCCTACT-1,-0.4260899219698038
CXCR3+,HC,PB_32,CTCGAAAGTGTCTGAT-1,0.10180394910927466
CXCR3-,HC,PB_32,CTCGAAAGTTTAGGAA-1,-0.09834107806026707
CXCR3-,HC,PB_32,CTCGAGGCATTACGAC-1,-0.09834107806026707
CXCR3-,HC,PB_32,CTCGAGGTCTGAAAGA-1,0.3334116680732436
CXCR3-,HC,PB_32,CTCGGAGCACAGAGGT-1,-0.09834107806026707
CXCR3-,HC,PB_32,CTCGGGATCCCAGGTG-1,-0.36011887840049
CXCR3+,HC,PB_32,CTCGTACAGATACACA-1,-0.09834107806026707
CXCR3+,HC,PB_32,CTCGTACAGTACCGGA-1,0.47051758956067014
CXCR3-,HC,PB_32,CTCGTACCACCATGTA-1,-0.09834107806026707
CXCR3-,HC,PB_32,CTCGTACCATAAAGGT-1,-0.09834107806026707
CXCR3-,HC,PB_32,CTCGTACCATGCCACG-1,-0.09834107806026707
CXCR3-,HC,PB_32,CTCGTACCATGTAGTC-1,-0.09834107806026707
CXCR3-,HC,PB_32,CTCGTACGTACCGCTG-1,0.06773906201069835
CXCR3-,HC,PB_32,CTCGTCACAAGTACCT-1,-0.09834107806026707
CXCR3-,HC,PB_32,CTCGTCAGTGTAATGA-1,-0.09834107806026707
CXCR3-,HC,PB_32,CTCGTCATCAATCTCT-1,0.3541784930015724
CXCR3-,HC,PB_32,CTCTAATGTCCATCCT-1,-0.09834107806026707
CXCR3-,HC,PB_32,CTCTACGCACAGCCCA-1,0.8038546313965458
CXCR3-,HC,PB_32,CTCTACGGTAAATGAC-1,-0.018773323907792707
CXCR3-,HC,PB_32,CTCTACGGTATGAAAC-1,0.207915530454249
CXCR3-,HC,PB_32,CTCTACGTCTCCAGGG-1,0.03610391742471576
CXCR3+,HC,PB_32,CTCTGGTCAATCGAAA-1,-0.09834107806026707
CXCR3+,HC,PB_32,CTCTGGTCAATCTACG-1,-0.24007150241911954
CXCR3-,HC,PB_32,CTGAAACGTCAGGACA-1,-0.09834107806026707
CXCR3-,HC,PB_32,CTGAAACTCCCGACTT-1,0.055478607978938284
CXCR3-,HC,PB_32,CTGAAGTCACAGACTT-1,-0.5036728654401433
CXCR3-,HC,PB_32,CTGAAGTCATGCCCGA-1,0.11227825283834757
CXCR3-,HC,PB_32,CTGAAGTGTGCCTGCA-1,-0.09834107806026707
CXCR3-,HC,PB_32,CTGATCCTCATTGCCC-1,-0.09834107806026707
CXCR3-,HC,PB_32,CTGCGGACAACGCACC-1,-0.09834107806026707
CXCR3-,HC,PB_32,CTGCGGACACACCGCA-1,-0.09834107806026707
CXCR3-,HC,PB_32,CTGCGGAGTCCGACGT-1,-0.09834107806026707
CXCR3-,HC,PB_32,CTGCGGAGTCGCATAT-1,0.2736323714552374
CXCR3-,HC,PB_32,CTGCGGATCAAACCAC-1,-0.09834107806026707
CXCR3-,HC,PB_32,CTGCGGATCGCGCCAA-1,0.173645611099319
CXCR3-,HC,PB_32,CTGCGGATCTGCGTAA-1,0.5336089966031772
CXCR3-,HC,PB_32,CTGCTGTAGCTACCTA-1,-0.09834107806026707
CXCR3-,HC,PB_32,CTGCTGTAGTCGCCGT-1,-0.009631386392222567
CXCR3+,HC,PB_32,CTGCTGTTCACCTCGT-1,-0.09834107806026707
CXCR3-,HC,PB_32,CTGGTCTAGGCTCTTA-1,-0.540642801552518
CXCR3-,HC,PB_32,CTGGTCTCACACATGT-1,1.0989265194273838
CXCR3-,HC,PB_32,CTGGTCTGTCTGGTCG-1,-0.29268472465105233
CXCR3-,HC,PB_32,CTGGTCTTCCGTAGGC-1,-0.09834107806026707
CXCR3-,HC,PB_32,CTGTGCTCATCCCACT-1,1.1625698628493393
CXCR3+,HC,PB_32,CTGTGCTGTAACGTTC-1,0.4173781679711665
CXCR3-,HC,PB_32,CTGTTTAAGATGTGGC-1,0.4450188124846622
CXCR3-,HC,PB_32,CTGTTTAGTTCAGACT-1,-0.09834107806026707
CXCR3-,HC,PB_32,CTGTTTATCGTAGGTT-1,0.09393386318767025
CXCR3-,HC,PB_32,CTTAACTAGCCTCGTG-1,-0.34884845681650395
CXCR3-,HC,PB_32,CTTACCGAGAAGGTGA-1,0.15719304376943674
CXCR3+,HC,PB_32,CTTACCGAGAGTCTGG-1,0.43411183601050524
CXCR3-,HC,PB_32,CTTACCGGTTGATTGC-1,-0.09834107806026707
CXCR3-,HC,PB_32,CTTAGGAAGTGCGATG-1,-0.09834107806026707
CXCR3-,HC,PB_32,CTTAGGACACCTCGGA-1,0.0811041650398265
CXCR3-,HC,PB_32,CTTCTCTGTCAAAGAT-1,-0.004471285334280817
CXCR3-,HC,PB_32,CTTCTCTGTGTTCGAT-1,-0.23560391446433934
CXCR3-,HC,PB_32,CTTCTCTTCTGTTTGT-1,-0.28928252396698645
CXCR3-,HC,PB_32,CTTGGCTAGCTATGCT-1,0.18512977482798704
CXCR3-,HC,PB_32,CTTGGCTTCAGGTTCA-1,-0.09834107806026707
CXCR3-,HC,PB_32,CTTTGCGCAAATACAG-1,0.15912735159786232
CXCR3-,HC,PB_32,CTTTGCGCACGCCAGT-1,-0.012144401397659257
CXCR3-,HC,PB_32,GAAACTCAGTACGCGA-1,0.2502872585925747
CXCR3-,HC,PB_32,GAAACTCGTATAGTAG-1,-0.09834107806026707
CXCR3-,HC,PB_32,GAAATGAAGGACATTA-1,-0.09834107806026707
CXCR3-,HC,PB_32,GAACATCCATCTGGTA-1,0.4020250098283797
CXCR3-,HC,PB_32,GAACCTAAGGATTCGG-1,0.09911039352019631
CXCR3-,HC,PB_32,GAACCTACAGCTGCTG-1,-0.33313985837666055
CXCR3-,HC,PB_32,GAACCTATCATCGCTC-1,-0.09834107806026707
CXCR3-,HC,PB_32,GAACCTATCCGCAGTG-1,0.5191239003283322
CXCR3-,HC,PB_32,GAACGGAAGAGTCTGG-1,0.2524792348990062
CXCR3-,HC,PB_32,GAACGGAAGATCCCAT-1-1,-0.09834107806026707
CXCR3-,HC,PB_32,GAACGGACAGTAAGAT-1,-0.09834107806026707
CXCR3-,HC,PB_32,GAACGGAGTGAGGCTA-1,0.2902803692462837
CXCR3-,HC,PB_32,GAACGGATCGAATGGG-1,-0.2468515018990278
CXCR3-,HC,PB_32,GAAGCAGCAACTTGAC-1,-0.09834107806026707
CXCR3-,HC,PB_32,GAAGCAGGTGTGACGA-1,-0.09834107806026707
CXCR3-,HC,PB_32,GAAGCAGGTTAAGAAC-1,-0.09834107806026707
CXCR3+,HC,PB_32,GAATAAGGTACCGCTG-1,0.2642850108259035
CXCR3-,HC,PB_32,GAATGAACAAGTTGTC-1,-0.09834107806026707
CXCR3-,HC,PB_32,GAATGAACAGCATGAG-1,0.13725993068460401
CXCR3-,HC,PB_32,GAATGAATCTTGCAAG-1,-0.09834107806026707
CXCR3-,HC,PB_32,GACACGCAGGAGCGTT-1,-0.09834107806026707
CXCR3-,HC,PB_32,GACACGCCAGACTCGC-1,-0.0902461078027812
CXCR3-,HC,PB_32,GACACGCTCGGATGGA-1,0.023282841397465948
CXCR3-,HC,PB_32,GACAGAGAGCGCCTTG-1,-0.09834107806026707
CXCR3-,HC,PB_32,GACAGAGAGGCTACGA-1,-0.09834107806026707
CXCR3-,HC,PB_32,GACAGAGCAGCGTTCG-1,-0.8256596935397134
CXCR3-,HC,PB_32,GACAGAGGTATGGTTC-1,0.6845102090532439
CXCR3-,HC,PB_32,GACAGAGTCCAAACTG-1-1,-0.12110334771685774
CXCR3+,HC,PB_32,GACAGAGTCCACGTGG-1,-0.362156464091024
CXCR3-,HC,PB_32,GACCAATGTTAGATGA-1,-0.09834107806026707
CXCR3-,HC,PB_32,GACCTGGAGGAGTTTA-1,0.5816407685074487
CXCR3-,HC,PB_32,GACCTGGAGTGTGAAT-1,0.18748420189474363
CXCR3-,HC,PB_32,GACCTGGTCATGCAAC-1,0.5467520571482052
CXCR3-,HC,PB_32,GACGCGTGTTAGTGGG-1,-0.6074257828423703
CXCR3-,HC,PB_32,GACGCGTGTTTGCATG-1,-0.09834107806026707
CXCR3-,HC,PB_32,GACGGCTAGAGCAATT-1,0.6664696146531917
CXCR3-,HC,PB_32,GACGGCTAGCGTGAAC-1,-0.09834107806026707
CXCR3-,HC,PB_32,GACGGCTTCGGTGTTA-1,0.2375826711702467
CXCR3-,HC,PB_32,GACGTGCAGACTCGGA-1,0.10505233224680208
CXCR3-,HC,PB_32,GACGTGCAGCAGGTCA-1,-0.09834107806026707
CXCR3-,HC,PB_32,GACGTGCAGTTACCCA-1,-0.34405856607616486
CXCR3-,HC,PB_32,GACGTTAAGGAGTTTA-1,-0.09834107806026707
CXCR3-,HC,PB_32,GACTACAAGTTACCCA-1,-0.09834107806026707
CXCR3-,HC,PB_32,GACTACACAGTTCCCT-1,-0.09834107806026707
CXCR3-,HC,PB_32,GACTACAGTCGTCTTC-1-1,0.46501076473208774
CXCR3-,HC,PB_32,GACTACATCGTTTAGG-1,-0.09834107806026707
CXCR3-,HC,PB_32,GACTGCGCAAGCGATG-1,-0.09834107806026707
CXCR3-,HC,PB_32,GACTGCGGTCACCTAA-1,0.3465520819634209
CXCR3-,HC,PB_32,GACTGCGGTGTTCGAT-1,0.1551506972828008
CXCR3-,HC,PB_32,GACTGCGTCATTTGGG-1,-0.09834107806026707
CXCR3-,HC,PB_32,GACTGCGTCTTGAGAC-1,-0.19915677429556508
CXCR3-,HC,PB_32,GAGCAGAAGCGATAGC-1,0.19210784642856377
CXCR3-,HC,PB_32,GAGCAGACAACACCTA-1,0.09651906684087382
CXCR3-,HC,PB_32,GAGCAGAGTCTAGCCG-1,-0.09834107806026707
CXCR3-,HC,PB_32,GAGCAGATCGTACGGC-1-1,0.20598180432389684
CXCR3-,HC,PB_32,GAGGTGAGTCGCTTCT-1,-0.3071207014516063
CXCR3-,HC,PB_32,GAGGTGAGTGACGGTA-1,0.8901285746159492
CXCR3+,HC,PB_32,GAGTCCGGTAGCGTGA-1,0.06795883204584231
CXCR3-,HC,PB_32,GATCAGTAGCTTTGGT-1,-0.09834107806026707
CXCR3-,HC,PB_32,GATCAGTCATCGGTTA-1,-0.09834107806026707
CXCR3-,HC,PB_32,GATCGATAGGCATGGT-1,-0.09834107806026707
CXCR3-,HC,PB_32,GATCGCGCAAGCGTAG-1,-0.45825523643676824
CXCR3-,HC,PB_32,GATCGCGGTCTTCAAG-1,-0.09834107806026707
CXCR3-,HC,PB_32,GATCGCGTCTACGAGT-1,-0.3668383878666111
CXCR3+,HC,PB_32,GATCGTACATGCGCAC-1,-0.06930139433669395
CXCR3-,HC,PB_32,GATCTAGAGGATGGTC-1,-0.09834107806026707
CXCR3+,HC,PB_32,GATCTAGAGGTGATTA-1,-0.30785163409422944
CXCR3+,HC,PB_32,GATCTAGCATGCAATC-1,-0.5763130593717242
CXCR3-,HC,PB_32,GATCTAGGTACCAGTT-1,-0.09834107806026707
CXCR3-,HC,PB_32,GATCTAGTCCCAAGAT-1,-0.14763535520691531
CXCR3-,HC,PB_32,GATCTAGTCTACGAGT-1,0.0030230000102980776
CXCR3-,HC,PB_32,GATGAAAAGAAACCTA-1,-0.09834107806026707
CXCR3-,HC,PB_32,GATGAAAAGGCTCATT-1,1.179551259873447
CXCR3-,HC,PB_32,GATGAAACATGCTAGT-1,-0.09834107806026707
CXCR3-,HC,PB_32,GATGAAAGTAGCGCTC-1-1,0.24318590685850913
CXCR3-,HC,PB_32,GATGAAAGTCATACTG-1,-0.09834107806026707
CXCR3-,HC,PB_32,GATGAAATCGTGGTCG-1,-0.09834107806026707
CXCR3-,HC,PB_32,GATGAGGCAGCGTAAG-1,-0.09834107806026707
CXCR3-,HC,PB_32,GATGAGGCAGGTGGAT-1,0.12211193428713239
CXCR3-,HC,PB_32,GATGAGGGTTCTCATT-1,-0.09834107806026707
CXCR3+,HC,PB_32,GATGCTACAATCCGAT-1,0.10159078707601465
CXCR3-,HC,PB_32,GATGCTACAGCTGCAC-1,0.09672707941824595
CXCR3-,HC,PB_32,GCAAACTCAGGTCCAC-1,-0.09834107806026707
CXCR3-,HC,PB_32,GCAATCAAGAGTACAT-1,-0.16860020068520246
CXCR3-,HC,PB_32,GCAATCAAGGATGGTC-1,-0.09834107806026707
CXCR3-,HC,PB_32,GCAATCATCAAACCAC-1,-0.09834107806026707
CXCR3-,HC,PB_32,GCAATCATCAATACCG-1,-0.008156875621695092
CXCR3-,HC,PB_32,GCAATCATCATTCACT-1,0.14124893532295235
CXCR3-,HC,PB_32,GCACTCTAGTATCTCG-1,-0.09834107806026707
CXCR3+,HC,PB_32,GCAGCCACAAGGACAC-1,-0.34416316447101875
CXCR3-,HC,PB_32,GCAGTTAAGAGGTTAT-1,-0.10193323418476141
CXCR3-,HC,PB_32,GCAGTTAAGGTGACCA-1,-0.14595422969840627
CXCR3-,HC,PB_32,GCAGTTACACAGCGTC-1,0.7427692366295039
CXCR3-,HC,PB_32,GCATACAAGTTCGCAT-1,-0.2303381800751701
CXCR3-,HC,PB_32,GCATACAGTGCACTTA-1,0.3888620044034227
CXCR3+,HC,PB_32,GCATGATAGAGACGAA-1,0.08762460918574728
CXCR3-,HC,PB_32,GCATGATAGTCCGTAT-1,-0.09834107806026707
CXCR3-,HC,PB_32,GCATGATCAGACTCGC-1,0.39552741838343375
CXCR3-,HC,PB_32,GCATGATGTTAGTGGG-1,-0.019777712584260167
CXCR3-,HC,PB_32,GCATGATTCAACCATG-1,-0.8317550080652092
CXCR3-,HC,PB_32,GCATGCGGTCAGAATA-1,-0.192682863447674
CXCR3-,HC,PB_32,GCATGCGTCCGCGGTA-1,0.23266388005071506
CXCR3-,HC,PB_32,GCCTCTAGTATATGAG-1,0.27227032289880515
CXCR3-,HC,PB_32,GCCTCTAGTCTGATCA-1,-0.09834107806026707
CXCR3+,HC,PB_32,GCCTCTAGTTGGTTTG-1,0.23483149148898463
CXCR3-,HC,PB_32,GCGACCACACCTCGTT-1,0.3805139860011419
CXCR3-,HC,PB_32,GCGACCACAGGGTTAG-1,-0.10960889598735646
CXCR3-,HC,PB_32,GCGACCAGTCTCTCGT-1,-0.35721622592747776
CXCR3-,HC,PB_32,GCGACCATCCGTACAA-1,-0.09834107806026707
CXCR3-,HC,PB_32,GCGAGAAAGGTGCTAG-1,-0.09834107806026707
CXCR3-,HC,PB_32,GCGCAACAGGTGCTAG-1,-0.09834107806026707
CXCR3-,HC,PB_32,GCGCAACCAGATGAGC-1,-0.09834107806026707
CXCR3-,HC,PB_32,GCGCAACGTTATCCGA-1,-0.09834107806026707
CXCR3-,HC,PB_32,GCGCAGTTCACATAGC-1,-0.21076457700485243
CXCR3+,HC,PB_32,GCGCAGTTCGTTGACA-1,-0.09834107806026707
CXCR3-,HC,PB_32,GCGCCAACAAGAAAGG-1,-0.11047675455509036
CXCR3-,HC,PB_32,GCGCCAATCCAAATGC-1,-0.5899534131415133
CXCR3-,HC,PB_32,GCGCCAATCTTAGCCC-1,0.08595067173428109
CXCR3-,HC,PB_32,GCGCGATAGATCGGGT-1,0.20351652404264944
CXCR3-,HC,PB_32,GCGCGATAGCAGACTG-1,-0.10728058847330477
CXCR3-,HC,PB_32,GCTCCTAAGCACCGCT-1,-0.09834107806026707
CXCR3-,HC,PB_32,GCTCCTACATAGACTC-1,-0.24378445340909285
CXCR3-,HC,PB_32,GCTCCTAGTGCAACTT-1,-0.36644369483061895
CXCR3-,HC,PB_32,GCTCTGTAGAAGGACA-1,-0.09834107806026707
CXCR3-,HC,PB_32,GCTCTGTAGGATTCGG-1,0.36626750492278687
CXCR3-,HC,PB_32,GCTCTGTAGGTGTTAA-1,-0.09834107806026707
CXCR3-,HC,PB_32,GCTCTGTTCTCTGTCG-1,0.27833341428974606
CXCR3-,HC,PB_32,GCTCTGTTCTGGTGTA-1,-0.09834107806026707
CXCR3-,HC,PB_32,GCTGCAGAGGACATTA-1,-0.17413664195829076
CXCR3-,HC,PB_32,GCTGCAGTCACAGGCC-1,-0.2400850563868135
CXCR3+,HC,PB_32,GCTGCAGTCATGTAGC-1,0.25900368678486413
CXCR3-,HC,PB_32,GCTGCGAGTCACTTCC-1,0.1238889332214713
CXCR3-,HC,PB_32,GCTGCGAGTCGTTGTA-1,-0.09834107806026707
CXCR3-,HC,PB_32,GCTGCGATCAACACGT-1,-0.3542298698409613
CXCR3-,HC,PB_32,GCTGCGATCCAATGGT-1,-0.09834107806026707
CXCR3-,HC,PB_32,GCTGCGATCTATCGCC-1,0.06615716463417885
CXCR3-,HC,PB_32,GCTGGGTAGAGGTAGA-1,-0.09834107806026707
CXCR3+,HC,PB_32,GCTGGGTCATATACGC-1,0.35042274939136536
CXCR3-,HC,PB_32,GCTGGGTTCCGCAGTG-1,0.4735485935342633
CXCR3-,HC,PB_32,GCTTCCATCCACGTGG-1,0.7622869559334811
CXCR3-,HC,PB_32,GCTTCCATCTTGACGA-1,0.03361803412819954
CXCR3-,HC,PB_32,GCTTGAAAGGTGCTAG-1,0.1100406863768493
CXCR3-,HC,PB_32,GCTTGAATCACTCCTG-1,-0.09834107806026707
CXCR3-,HC,PB_32,GGAAAGCAGACCTAGG-1,-0.09834107806026707
CXCR3-,HC,PB_32,GGAAAGCGTAAGAGAG-1,-0.3155420313223108
CXCR3-,HC,PB_32,GGAAAGCGTCAATGTC-1,-0.09834107806026707
CXCR3-,HC,PB_32,GGAACTTCACGTGAGA-1,0.18661007613387534
CXCR3+,HC,PB_32,GGAACTTGTGACTCAT-1,0.33260552516926545
CXCR3-,HC,PB_32,GGAATAAAGCGTGAGT-1,-0.09834107806026707
CXCR3-,HC,PB_32,GGACAGAAGACTAAGT-1-1,0.2736376203465695
CXCR3-,HC,PB_32,GGACATTAGGCGACAT-1,-0.09834107806026707
CXCR3-,HC,PB_32,GGACATTAGGTGCTAG-1,0.11095116951472592
CXCR3-,HC,PB_32,GGACATTCACAGGCCT-1,0.014205495118883471
CXCR3+,HC,PB_32,GGACATTGTGTTGAGG-1,-0.9340247038729966
CXCR3-,HC,PB_32,GGACATTTCGCATGGC-1,0.21834559726436406
CXCR3-,HC,PB_32,GGACGTCCACATCTTT-1,0.14267835446624894
CXCR3-,HC,PB_32,GGACGTCCAGTCACTA-1,0.7248271698888912
CXCR3-,HC,PB_32,GGACGTCTCCATGAGT-1,-0.8779089080921382
CXCR3+,HC,PB_32,GGACGTCTCTGTGCAA-1,1.0025290247216132
CXCR3-,HC,PB_32,GGAGCAAGTAGCACGA-1,-0.09834107806026707
CXCR3-,HC,PB_32,GGAGCAAGTCGCGGTT-1,-0.3533806867660778
CXCR3-,HC,PB_32,GGAGCAATCTCCAGGG-1,-0.09834107806026707
CXCR3-,HC,PB_32,GGATGTTAGACCACGA-1,-0.09834107806026707
CXCR3-,HC,PB_32,GGATGTTAGAGTCTGG-1,0.4205402223568527
CXCR3-,HC,PB_32,GGATTACCAGCTGTGC-1,-0.09834107806026707
CXCR3-,HC,PB_32,GGATTACTCCCAGGTG-1,-0.09834107806026707
CXCR3+,HC,PB_32,GGCAATTAGATATACG-1,0.07597764089901678
CXCR3-,HC,PB_32,GGCAATTCACAGCCCA-1,0.424833865746065
CXCR3-,HC,PB_32,GGCAATTGTATATGAG-1,-0.42553505148760923
CXCR3-,HC,PB_32,GGCAATTTCTATCGCC-1,-0.723790578576727
CXCR3-,HC,PB_32,GGCCGATAGCTGATAA-1,-0.09834107806026707
CXCR3-,HC,PB_32,GGCCGATAGGACTGGT-1,-0.09834107806026707
CXCR3-,HC,PB_32,GGCCGATAGTGACATA-1,-0.19179321601518382
CXCR3-,HC,PB_32,GGCCGATGTTCGGGCT-1,-0.09834107806026707
CXCR3-,HC,PB_32,GGCCGATTCTCGGACG-1,0.09714265832791238
CXCR3-,HC,PB_32,GGCGACTAGATGGGTC-1,-0.09834107806026707
CXCR3-,HC,PB_32,GGCGACTAGTCGATAA-1,-0.18923997707915816
CXCR3-,HC,PB_32,GGCGACTCACGACGAA-1,0.26239969353300235
CXCR3-,HC,PB_32,GGCTCGAAGCTAAGAT-1,-0.09834107806026707
CXCR3-,HC,PB_32,GGCTCGAAGGCCCTTG-1,0.21488982437433532
CXCR3-,HC,PB_32,GGCTCGAGTCACTGGC-1,-0.09834107806026707
CXCR3-,HC,PB_32,GGCTGGTAGATCTGAA-1,-0.09834107806026707
CXCR3-,HC,PB_32,GGCTGGTAGCGGATCA-1,-0.09834107806026707
CXCR3-,HC,PB_32,GGCTGGTAGTCGTACT-1,0.665047049479497
CXCR3-,HC,PB_32,GGCTGGTAGTGACATA-1,0.1241803673442581
CXCR3+,HC,PB_32,GGCTGGTAGTGACTCT-1,-0.09834107806026707
CXCR3-,HC,PB_32,GGCTGGTTCAGCTTAG-1,0.18292288852290092
CXCR3-,HC,PB_32,GGGAATGAGCTCCTCT-1,-0.29148301820235456
CXCR3-,HC,PB_32,GGGAATGTCACGCATA-1,-0.04578425654596553
CXCR3+,HC,PB_32,GGGAATGTCGCAAACT-1,-0.3482340843906462
CXCR3-,HC,PB_32,GGGACCTAGAAGGACA-1,-0.045168128051223326
CXCR3-,HC,PB_32,GGGAGATAGTACGTTC-1,0.4521984735543977
CXCR3-,HC,PB_32,GGGATGAAGCCTCGTG-1,-0.09834107806026707
CXCR3-,HC,PB_32,GGGATGATCTACCTGC-1,-0.09834107806026707
CXCR3-,HC,PB_32,GGGCACTGTGAGTGAC-1,0.14260514724565956
CXCR3+,HC,PB_32,GGGCATCAGGCAATTA-1,0.12453266980672043
CXCR3-,HC,PB_32,GGGTCTGAGCCCTAAT-1,-0.2376861206464362
CXCR3+,HC,PB_32,GGGTCTGGTAACGACG-1,-0.38734501351426864
CXCR3-,HC,PB_32,GGGTCTGGTACCATCA-1,-0.09834107806026707
CXCR3-,HC,PB_32,GGGTCTGTCCGAACGC-1,0.09798637040929993
CXCR3-,HC,PB_32,GGTATTGTCCAAGTAC-1,0.16259801027074167
CXCR3-,HC,PB_32,GGTGAAGCAGACTCGC-1-1,-0.09834107806026707
CXCR3-,HC,PB_32,GGTGAAGGTAGCTTGT-1,0.4097056361486346
CXCR3-,HC,PB_32,GGTGAAGTCGGCCGAT-1,0.06677855464662788
CXCR3-,HC,PB_32,GGTGCGTAGCTAGCCC-1,-0.09834107806026707
CXCR3+,HC,PB_32,GGTGCGTCAGTTTACG-1,-0.9814401993140586
CXCR3+,HC,PB_32,GGTGCGTTCGCCCTTA-1-1,-0.09834107806026707
CXCR3-,HC,PB_32,GGTGCGTTCGGAAACG-1,0.13574132502064934
CXCR3-,HC,PB_32,GGTGCGTTCTCAAGTG-1,-0.3731273635999807
CXCR3-,HC,PB_32,GGTGTTACACATTCGA-1-1,-0.09834107806026707
CXCR3-,HC,PB_32,GGTGTTATCGCCTGAG-1,0.12292783588766412
CXCR3+,HC,PB_32,GTAACTGTCATCTGCC-1,-0.09834107806026707
CXCR3-,HC,PB_32,GTACTCCAGTGTGAAT-1,-0.09834107806026707
CXCR3-,HC,PB_32,GTACTCCTCGGCGGTT-1,-0.5285124752249583
CXCR3-,HC,PB_32,GTACTCCTCTCTGTCG-1,-0.49130095513277633
CXCR3-,HC,PB_32,GTACTCCTCTGTCAAG-1,0.16875985978631075
CXCR3-,HC,PB_32,GTACTCCTCTTGTACT-1,-0.433469073777004
CXCR3-,HC,PB_32,GTACTTTTCGTACGGC-1,-0.41302640395111695
CXCR3-,HC,PB_32,GTAGGCCAGCAGGTCA-1,-0.09834107806026707
CXCR3-,HC,PB_32,GTAGGCCCATCATCCC-1,-0.03788108980379786
CXCR3-,HC,PB_32,GTAGTCAAGGCTAGGT-1,-0.03917116377620522
CXCR3-,HC,PB_32,GTAGTCATCACTCTTA-1,-0.19680538743704185
CXCR3-,HC,PB_32,GTAGTCATCGTCTGCT-1,-0.4822751677086123
CXCR3-,HC,PB_32,GTATCTTAGTCGATAA-1,-0.2648174616121901
CXCR3-,HC,PB_32,GTATCTTTCCTGCCAT-1,-0.2655098934693561
CXCR3-,HC,PB_32,GTATTCTAGTGTTTGC-1,-0.33241425421172777
CXCR3-,HC,PB_32,GTATTCTAGTTCGATC-1,0.32241067520717376
CXCR3-,HC,PB_32,GTCAAGTAGCCTCGTG-1,-0.09834107806026707
CXCR3-,HC,PB_32,GTCAAGTAGGCGATAC-1,-0.09834107806026707
CXCR3-,HC,PB_32,GTCAAGTGTAGCGCAA-1,-0.33389422417332876
CXCR3-,HC,PB_32,GTCAAGTGTAGGAGTC-1,-0.09834107806026707
CXCR3+,HC,PB_32,GTCAAGTTCCACGAAT-1,-0.09834107806026707
CXCR3-,HC,PB_32,GTCAAGTTCCCAAGTA-1,-0.09834107806026707
CXCR3-,HC,PB_32,GTCAAGTTCTTACCGC-1,0.10818133447286195
CXCR3-,HC,PB_32,GTCACAAAGCCGCCTA-1,-0.09834107806026707
CXCR3-,HC,PB_32,GTCACAAAGGTCATCT-1-1,0.3094592147027459
CXCR3-,HC,PB_32,GTCACAACAGCATGAG-1,0.09600874037260143
CXCR3-,HC,PB_32,GTCACAATCAGGCCCA-1,0.3687349147376428
CXCR3-,HC,PB_32,GTCACAATCCACGTGG-1,0.2159128693807029
CXCR3-,HC,PB_32,GTCACAATCGGTTAAC-1,0.17507174394339958
CXCR3+,HC,PB_32,GTCATTTCATGTTCCC-1,0.07743908569624576
CXCR3-,HC,PB_32,GTCCTCAAGACGCACA-1,-0.09834107806026707
CXCR3-,HC,PB_32,GTCCTCACAATGGACG-1,-0.08801071062376727
CXCR3-,HC,PB_32,GTCCTCACATTGCGGC-1,0.511594574276289
CXCR3-,HC,PB_32,GTCGGGTAGCGATGAC-1,0.2070757367934311
CXCR3-,HC,PB_32,GTCGGGTAGTGACTCT-1,-0.09834107806026707
CXCR3-,HC,PB_32,GTCGGGTGTGTGAAAT-1,0.12815164860735925
CXCR3-,HC,PB_32,GTCGGGTTCGTTGACA-1,-0.09834107806026707
CXCR3-,HC,PB_32,GTCGTAACATTTCAGG-1,-0.9722032026984486
CXCR3-,HC,PB_32,GTCGTAAGTCGACTGC-1,0.06021024944576266
CXCR3-,HC,PB_32,GTCGTAATCACCGGGT-1,-0.09834107806026707
CXCR3-,HC,PB_32,GTCTTCGAGAGGACGG-1,0.1874814677922787
CXCR3-,HC,PB_32,GTCTTCGCACCAGTTA-1,0.21867464171464548
CXCR3-,HC,PB_32,GTGCAGCTCGATGAGG-1,-0.18595993751225753
CXCR3-,HC,PB_32,GTGCATACACCTATCC-1,-0.09834107806026707
CXCR3-,HC,PB_32,GTGCATAGTAAGTGTA-1,0.5461011794933318
CXCR3-,HC,PB_32,GTGCATATCAACACTG-1,0.132785035246871
CXCR3-,HC,PB_32,GTGCGGTTCTGAGTGT-1,-0.09834107806026707
CXCR3+,HC,PB_32,GTGCTTCAGCATGGCA-1,0.01499973950221739
CXCR3-,HC,PB_32,GTGCTTCTCCCGGATG-1,0.27889063257483193
CXCR3-,HC,PB_32,GTGCTTCTCTGAAAGA-1,0.5524034657184089
CXCR3-,HC,PB_32,GTGGGTCCACGGTAAG-1,-0.3670540899227505
CXCR3-,HC,PB_32,GTGGGTCCATTTCAGG-1,-0.09834107806026707
CXCR3-,HC,PB_32,GTGGGTCTCCGAATGT-1,-0.09834107806026707
CXCR3-,HC,PB_32,GTGGGTCTCTCCTATA-1,-0.7074810803840893
CXCR3+,HC,PB_32,GTGTTAGAGTCTCGGC-1,-0.09834107806026707
CXCR3-,HC,PB_32,GTGTTAGCAGACAGGT-1,0.1947601738426985
CXCR3-,HC,PB_32,GTGTTAGTCATGCAAC-1,-0.013148165569725725
CXCR3-,HC,PB_32,GTTAAGCAGTGTACGG-1,0.3820482703297885
CXCR3-,HC,PB_32,GTTAAGCCACGAGAGT-1,0.2970811107834452
CXCR3+,HC,PB_32,GTTACAGTCCAAATGC-1,-0.09834107806026707
CXCR3-,HC,PB_32,GTTCATTGTATATGAG-1,-0.09834107806026707
CXCR3-,HC,PB_32,GTTCATTGTCGTCTTC-1,-0.5050864898039745
CXCR3-,HC,PB_32,GTTCATTGTTATCGGT-1,0.09380552272355884
CXCR3+,HC,PB_32,GTTCGGGCAATGAATG-1,-0.19330265668705326
CXCR3-,HC,PB_32,GTTCGGGGTCAACATC-1,-0.09834107806026707
CXCR3-,HC,PB_32,GTTCGGGGTCCAAGTT-1,-0.09834107806026707
CXCR3-,HC,PB_32,GTTCGGGGTGTCGCTG-1,-0.43486664632042926
CXCR3-,HC,PB_32,GTTCGGGTCTGGGCCA-1,-0.5726404089713732
CXCR3-,HC,PB_32,GTTCTCGCACCTTGTC-1,0.1328038961022883
CXCR3-,HC,PB_32,GTTCTCGCAGTATGCT-1,-0.09834107806026707
CXCR3+,HC,PB_32,GTTCTCGCATCCAACA-1,0.15435397060267636
CXCR3-,HC,PB_32,GTTCTCGCATGACATC-1,-0.09834107806026707
CXCR3-,HC,PB_32,GTTCTCGTCTACGAGT-1,0.1291260683898513
CXCR3-,HC,PB_32,GTTTCTAAGATGTGTA-1,0.3200995102055419
CXCR3-,HC,PB_32,GTTTCTACAATAGCAA-1,-0.09834107806026707
CXCR3-,HC,PB_32,GTTTCTACACATGACT-1,-0.09834107806026707
CXCR3-,HC,PB_32,GTTTCTAGTAGCTGCC-1,-0.09834107806026707
CXCR3-,HC,PB_32,GTTTCTATCCAAACTG-1,-0.09834107806026707
CXCR3-,HC,PB_32,TAAACCGCAGCGTTCG-1,-0.09834107806026707
CXCR3-,HC,PB_32,TAAACCGGTATCGCAT-1,0.734073259740513
CXCR3-,HC,PB_32,TAAGAGAAGGCCCTCA-1,-0.09834107806026707
CXCR3-,HC,PB_32,TAAGAGACAAGCGCTC-1,-0.5434941391209337
CXCR3-,HC,PB_32,TAAGAGACACCATCCT-1,-0.09834107806026707
CXCR3-,HC,PB_32,TAAGCGTAGACACTAA-1,-0.09834107806026707
CXCR3-,HC,PB_32,TAAGCGTGTACAGACG-1,0.18621623089540668
CXCR3-,HC,PB_32,TAAGTGCAGATGCCTT-1,0.5551895349026402
CXCR3-,HC,PB_32,TAAGTGCCAGTTTACG-1,-0.09834107806026707
CXCR3-,HC,PB_32,TAAGTGCTCCCTCAGT-1,0.4474597563709839
CXCR3-,HC,PB_32,TAAGTGCTCGCACTCT-1,0.6513164990495312
CXCR3-,HC,PB_32,TAAGTGCTCTCAACTT-1,-0.09834107806026707
CXCR3-,HC,PB_32,TACACGAAGACAGAGA-1,-0.09834107806026707
CXCR3-,HC,PB_32,TACACGACACCCAGTG-1,-0.3108094769570155
CXCR3-,HC,PB_32,TACACGACATTCTCAT-1,0.11409038558598127
CXCR3-,HC,PB_32,TACAGTGCACAGGAGT-1,0.6179094229907182
CXCR3-,HC,PB_32,TACAGTGCACAGTCGC-1,0.23380387513008435
CXCR3-,HC,PB_32,TACAGTGGTTGCGTTA-1,0.43194511410586767
CXCR3-,HC,PB_32,TACAGTGGTTTGGGCC-1-1,0.22010124720702082
CXCR3-,HC,PB_32,TACCTATGTACCTACA-1,-0.09834107806026707
CXCR3-,HC,PB_32,TACCTATGTTGCTCCT-1,0.46908995125666014
CXCR3-,HC,PB_32,TACCTATTCACTCTTA-1,-0.09834107806026707
CXCR3-,HC,PB_32,TACCTTAAGGTGCAAC-1,-0.09834107806026707
CXCR3-,HC,PB_32,TACCTTACACCACGTG-1,-0.09834107806026707
CXCR3-,HC,PB_32,TACCTTACATCGTCGG-1,0.04654233783535249
CXCR3-,HC,PB_32,TACGGATAGGAGTCTG-1,-0.09834107806026707
CXCR3-,HC,PB_32,TACGGATGTACGAAAT-1,0.08108024503998781
CXCR3-,HC,PB_32,TACGGATGTGTAACGG-1,-0.6677203742390609
CXCR3-,HC,PB_32,TACGGTAAGACTAGAT-1-1,-0.3835203540849373
CXCR3-,HC,PB_32,TACTCATCATCGTCGG-1,0.03783030051209987
CXCR3-,HC,PB_32,TACTCGCAGTTTAGGA-1,0.2075568595512781
CXCR3+,HC,PB_32,TACTCGCCACAGAGGT-1,-0.09834107806026707
CXCR3-,HC,PB_32,TACTCGCGTTACAGAA-1,0.009060779088398878
CXCR3-,HC,PB_32,TACTTACCACGTCAGC-1,-0.09834107806026707
CXCR3-,HC,PB_32,TACTTACCAGACTCGC-1,0.12855223598601684
CXCR3-,HC,PB_32,TACTTACGTAGCTGCC-1,-0.01602145721575838
CXCR3-,HC,PB_32,TACTTACGTGTAACGG-1,-0.09834107806026707
CXCR3-,HC,PB_32,TACTTGTAGGCTATCT-1,0.206131866890662
CXCR3-,HC,PB_32,TACTTGTCACTCTGTC-1,-0.09834107806026707
CXCR3-,HC,PB_32,TACTTGTGTGTAACGG-1,0.484620940534452
CXCR3-,HC,PB_32,TAGACCAAGCAGCGTA-1,0.1396978900402335
CXCR3-,HC,PB_32,TAGACCAGTAACGACG-1,-0.09834107806026707
CXCR3-,HC,PB_32,TAGAGCTCACCTCGGA-1,-0.5141475923488171
CXCR3-,HC,PB_32,TAGAGCTTCAAAGTAG-1-1,0.12226953698072139
CXCR3-,HC,PB_32,TAGCCGGCACTCAGGC-1,-0.09834107806026707
CXCR3-,HC,PB_32,TAGCCGGGTAAGGGCT-1,0.2826326506684521
CXCR3-,HC,PB_32,TAGGCATAGATCACGG-1,-0.21416855245369865
CXCR3+,HC,PB_32,TAGTGGTAGATATGGT-1,-0.40607612694816686
CXCR3-,HC,PB_32,TAGTGGTGTAAATGTG-1,-0.16624467945904753
CXCR3-,HC,PB_32,TAGTGGTGTGCGATAG-1,-0.09834107806026707
CXCR3-,HC,PB_32,TAGTGGTTCCACGAAT-1,-0.09834107806026707
CXCR3-,HC,PB_32,TATCAGGAGCGGCTTC-1,-0.09834107806026707
CXCR3-,HC,PB_32,TATCAGGTCCATGAAC-1,0.08279579752276436
CXCR3+,HC,PB_32,TATCAGGTCGTGACAT-1,-0.09834107806026707
CXCR3+,HC,PB_32,TATCAGGTCTCTAAGG-1,-0.48623373625992056
CXCR3-,HC,PB_32,TATGCCCAGTTGTCGT-1,0.19118526883817916
CXCR3-,HC,PB_32,TATGCCCCATGCCCGA-1,-0.5621415212237573
CXCR3-,HC,PB_32,TATGCCCGTGAGGGAG-1,0.15011394523971427
CXCR3-,HC,PB_32,TATGCCCTCGAGAACG-1,0.10484019673538061
CXCR3-,HC,PB_32,TATTACCTCCATGAAC-1,-0.27561645426198184
CXCR3-,HC,PB_32,TCAACGAGTGAGGGTT-1,-0.29101803848929725
CXCR3-,HC,PB_32,TCAACGATCCATGAGT-1,-0.2377560205533924
CXCR3-,HC,PB_32,TCAATCTCAAATTGCC-1,0.39446011847224816
CXCR3-,HC,PB_32,TCAATCTGTAGCGTGA-1,0.19303883492939194
CXCR3-,HC,PB_32,TCAATCTTCCGAATGT-1,0.033763502416293244
CXCR3-,HC,PB_32,TCAATCTTCTTTACAC-1,0.2045099331903664
CXCR3-,HC,PB_32,TCACAAGAGCAGCCTC-1,0.9711467654532091
CXCR3-,HC,PB_32,TCACAAGCAGCGTAAG-1,0.20737568783344204
CXCR3-,HC,PB_32,TCACGAACACGACTCG-1,0.08858056822585565
CXCR3-,HC,PB_32,TCACGAAGTCTCACCT-1,-0.09834107806026707
CXCR3-,HC,PB_32,TCAGATGCAATGGATA-1,-0.09834107806026707
CXCR3-,HC,PB_32,TCAGCAACAGACACTT-1,0.14208270902831385
CXCR3-,HC,PB_32,TCAGCAACATTCCTGC-1,-0.21756547227813375
CXCR3-,HC,PB_32,TCAGCTCAGATTACCC-1,0.48866736741004674
CXCR3-,HC,PB_32,TCAGCTCGTGACGGTA-1,0.5422717169777599
CXCR3-,HC,PB_32,TCAGCTCTCGAGAACG-1,-0.30073787137584584
CXCR3+,HC,PB_32,TCAGGATTCCCAACGG-1,-0.9708191366574656
CXCR3+,HC,PB_32,TCAGGATTCTGCGACG-1,0.00882667353302989
CXCR3-,HC,PB_32,TCAGGTAAGCGCTCCA-1,0.23502529133461583
CXCR3-,HC,PB_32,TCAGGTACAGCTGCAC-1,-0.09834107806026707
CXCR3+,HC,PB_32,TCAGGTACATTGTGCA-1,-0.09834107806026707
CXCR3-,HC,PB_32,TCAGGTAGTAGCTCCG-1,-0.1841308773088362
CXCR3-,HC,PB_32,TCATTACAGTGCAAGC-1,-0.44356347382003264
CXCR3-,HC,PB_32,TCATTACCATCACGAT-1,-0.21001350814069283
CXCR3-,HC,PB_32,TCATTACGTACCGAGA-1,-0.4523911192839112
CXCR3-,HC,PB_32,TCATTACGTAGCCTCG-1,-0.557858232201123
CXCR3-,HC,PB_32,TCATTTGGTTAAGTAG-1,0.03773475777634513
CXCR3-,HC,PB_32,TCCACACCAAGCCTAT-1,-0.09834107806026707
CXCR3-,HC,PB_32,TCCCGATAGACGACGT-1,0.17909199150851904
CXCR3-,HC,PB_32,TCCCGATAGCAAATCA-1,0.3121873134475562
CXCR3-,HC,PB_32,TCCCGATAGGGAAACA-1,-0.1110975958359773
CXCR3-,HC,PB_32,TCCCGATTCCAAACAC-1,0.4911767987717505
CXCR3-,HC,PB_32,TCGAGGCAGATAGTCA-1,-0.09834107806026707
CXCR3+,HC,PB_32,TCGAGGCAGATGCGAC-1,-0.09834107806026707
CXCR3-,HC,PB_32,TCGCGAGAGGGCATGT-1,-0.09834107806026707
CXCR3-,HC,PB_32,TCGCGAGAGTCCTCCT-1,-0.17765514527200116
CXCR3+,HC,PB_32,TCGCGAGCACAGCGTC-1,-0.7995483504000325
CXCR3-,HC,PB_32,TCGCGAGGTACCATCA-1,0.4729617544069589
CXCR3-,HC,PB_32,TCGCGAGGTAGTGAAT-1,-0.09834107806026707
CXCR3-,HC,PB_32,TCGCGAGGTCTTTCAT-1,-0.28950617500339737
CXCR3-,HC,PB_32,TCGCGAGTCATGTAGC-1,-0.3639850792904058
CXCR3-,HC,PB_32,TCGCGTTAGTCATGCT-1,-0.09834107806026707
CXCR3-,HC,PB_32,TCGGGACAGCCACGTC-1,0.21853482842421132
CXCR3-,HC,PB_32,TCGGGACAGTGTACGG-1,0.06035889175096929
CXCR3+,HC,PB_32,TCGGGACCAAAGGCGT-1-1,-0.20509779386143526
CXCR3+,HC,PB_32,TCGGGACTCCGCATAA-1,0.2153799069350997
CXCR3-,HC,PB_32,TCGGTAACAAGCTGTT-1,-0.2077763911433936
CXCR3-,HC,PB_32,TCGGTAACACATGGGA-1,-0.8525235516199655
CXCR3-,HC,PB_32,TCGGTAATCGCCGTGA-1,0.10791140861489894
CXCR3-,HC,PB_32,TCGTACCCACAACTGT-1-1,-0.08698479712793343
CXCR3-,HC,PB_32,TCTATTGTCAACTCTT-1,-0.09834107806026707
CXCR3-,HC,PB_32,TCTCATACAGACGCTC-1,-0.09834107806026707
CXCR3-,HC,PB_32,TCTCATAGTAGCGTGA-1,-0.09834107806026707
CXCR3-,HC,PB_32,TCTCATATCTGCTGCT-1,-0.20990499739631016
CXCR3-,HC,PB_32,TCTCTAACACTTCTGC-1,0.12916698649947708
CXCR3-,HC,PB_32,TCTCTAAGTAAGAGAG-1,0.0402724909423933
CXCR3-,HC,PB_32,TCTCTAAGTACCAGTT-1,-0.09834107806026707
CXCR3-,HC,PB_32,TCTGAGAAGCAGACTG-1,-0.09834107806026707
CXCR3-,HC,PB_32,TCTGAGAAGGTCATCT-1,-0.47595118631585104
CXCR3-,HC,PB_32,TCTGAGATCACATGCA-1,-0.41503025863043125
CXCR3-,HC,PB_32,TCTGAGATCGCACTCT-1,-0.26570198929011607
CXCR3-,HC,PB_32,TCTGGAACACCGAAAG-1-2,-0.09834107806026707
CXCR3-,HC,PB_32,TCTTCGGCAGGACGTA-1,-0.09834107806026707
CXCR3-,HC,PB_32,TCTTCGGCATCGGACC-1,0.20278223859223582
CXCR3-,HC,PB_32,TCTTCGGCATTACGAC-1,0.25524040535728654
CXCR3-,HC,PB_32,TCTTCGGTCAAGGTAA-1,0.08563780416319622
CXCR3-,HC,PB_32,TCTTCGGTCAGTTGAC-1,0.08440768544487155
CXCR3-,HC,PB_32,TCTTCGGTCCAAACTG-1,-0.09834107806026707
CXCR3-,HC,PB_32,TCTTCGGTCCACTCCA-1,-0.3038984773244155
CXCR3-,HC,PB_32,TCTTTCCCACGAAGCA-1,-0.09834107806026707
CXCR3-,HC,PB_32,TGAAAGAGTGATAAAC-1,0.3324886699883562
CXCR3-,HC,PB_32,TGAAAGATCGGTTAAC-1,-0.5284271066846126
CXCR3+,HC,PB_32,TGACAACCACGACGAA-1,0.3235802476692147
CXCR3-,HC,PB_32,TGACAACGTAGCGATG-1,0.22564344005060577
CXCR3+,HC,PB_32,TGACAACGTGCTCTTC-1,-0.09834107806026707
CXCR3+,HC,PB_32,TGACGGCCACACATGT-1,0.40499041106381833
CXCR3-,HC,PB_32,TGACTAGAGACCGGAT-1,-0.3261798482246338
CXCR3-,HC,PB_32,TGACTAGAGTGCAAGC-1,-0.09834107806026707
CXCR3-,HC,PB_32,TGACTAGAGTTAAGTG-1-1,-0.08257688529696865
CXCR3-,HC,PB_32,TGACTTTAGTCCCACG-1,0.41291101760136717
CXCR3+,HC,PB_32,TGACTTTGTGCGGTAA-1,-0.041637475181024654
CXCR3-,HC,PB_32,TGAGAGGAGACTCGGA-1,0.878993483082981
CXCR3-,HC,PB_32,TGAGAGGCACCGAAAG-1,-0.09834107806026707
CXCR3-,HC,PB_32,TGAGAGGGTTGCGCAC-1,-0.09834107806026707
CXCR3-,HC,PB_32,TGAGCATAGGCAGTCA-1,-0.09834107806026707
CXCR3-,HC,PB_32,TGAGCATGTCAGAATA-1,0.1638813343383037
CXCR3-,HC,PB_32,TGAGGGAAGAGACTTA-1,0.11204380397245954
CXCR3-,HC,PB_32,TGAGGGATCCGTCAAA-1,0.2791617110227286
CXCR3-,HC,PB_32,TGAGGGATCTTTAGGG-1,0.5871860366781705
CXCR3-,HC,PB_32,TGATTTCAGACAAAGG-1-1,-0.23953032256787582
CXCR3-,HC,PB_32,TGATTTCCATCGGAAG-1,-0.5144759115466848
CXCR3+,HC,PB_32,TGCACCTCAATCCGAT-1,-1.2141232913649485
CXCR3-,HC,PB_32,TGCACCTCAATCTGCA-1,-0.09834107806026707
CXCR3-,HC,PB_32,TGCACCTCAGCCTTTC-1-1,0.6178652871371284
CXCR3-,HC,PB_32,TGCACCTCATCCGGGT-1,-0.6365955854075585
CXCR3-,HC,PB_32,TGCACCTGTTTCGCTC-1,-0.09834107806026707
CXCR3-,HC,PB_32,TGCACCTTCGAACGGA-1,0.07395006621845104
CXCR3+,HC,PB_32,TGCCCATAGATCGGGT-1,-0.09834107806026707
CXCR3-,HC,PB_32,TGCCCATGTCTCTCGT-1,0.2362899858468837
CXCR3-,HC,PB_32,TGCCCTAAGCCGATTT-1,-0.09834107806026707
CXCR3+,HC,PB_32,TGCCCTATCCTTAATC-1,-0.09834107806026707
CXCR3-,HC,PB_32,TGCGCAGTCTGTCAAG-1,-0.09834107806026707
CXCR3-,HC,PB_32,TGCGGGTGTGTGCGTC-1,-0.09834107806026707
CXCR3-,HC,PB_32,TGCTACCAGTCTTGCA-1,-0.09834107806026707
CXCR3-,HC,PB_32,TGCTACCCAGATTGCT-1,-0.3769060972020183
CXCR3-,HC,PB_32,TGCTGCTAGATATGCA-1,-0.09834107806026707
CXCR3-,HC,PB_32,TGCTGCTAGTGACTCT-1,-0.43935489883823114
CXCR3-,HC,PB_32,TGCTGCTCAAAGGAAG-1,0.5146665623076522
CXCR3-,HC,PB_32,TGCTGCTCACGGACAA-1,0.44004517588007325
CXCR3-,HC,PB_32,TGCTGCTGTCCGTGAC-1,0.16284649278120916
CXCR3-,HC,PB_32,TGGACGCCAGGTCGTC-1,-0.09834107806026707
CXCR3-,HC,PB_32,TGGACGCTCACCCGAG-1,-0.014411223293360007
CXCR3-,HC,PB_32,TGGCCAGAGTGCCATT-1,-0.09834107806026707
CXCR3-,HC,PB_32,TGGCCAGGTTGTTTGG-1,-0.4545332715848827
CXCR3-,HC,PB_32,TGGCGCAAGATGCGAC-1,-0.09834107806026707
CXCR3-,HC,PB_32,TGGCGCAAGTTTAGGA-1,-0.31845140701589303
CXCR3-,HC,PB_32,TGGCGCAGTAGGGACT-1,0.24715278025401605
CXCR3-,HC,PB_32,TGGGAAGCAACTTGAC-1,0.29367535215753665
CXCR3-,HC,PB_32,TGGGAAGCACCAGCAC-1,-0.09834107806026707
CXCR3-,HC,PB_32,TGGGAAGGTTCTCATT-1,0.36948549720530066
CXCR3-,HC,PB_32,TGGGAAGTCAACCAAC-1,-0.09834107806026707
CXCR3-,HC,PB_32,TGGGCGTGTAAGGGAA-1,-0.09834107806026707
CXCR3-,HC,PB_32,TGGTTAGAGGTAGCTG-1,-0.423024129979156
CXCR3+,HC,PB_32,TGGTTAGCAAACGTGG-1,0.7540011475488253
CXCR3-,HC,PB_32,TGGTTAGCAGTATGCT-1,-0.23555895536925484
CXCR3-,HC,PB_32,TGGTTCCCAAATTGCC-1,0.5751100707622053
CXCR3-,HC,PB_32,TGGTTCCCATTTGCCC-1,-0.09834107806026707
CXCR3-,HC,PB_32,TGGTTCCGTCACACGC-1,0.7536616500552122
CXCR3-,HC,PB_32,TGTATTCGTCGACTGC-1,-0.06335992919051822
CXCR3-,HC,PB_32,TGTATTCTCTGCGACG-1,0.007400979886917537
CXCR3-,HC,PB_32,TGTCCCAAGCCACTAT-1,-0.08381702132506123
CXCR3-,HC,PB_32,TGTCCCATCAACCAAC-1,-0.09834107806026707
CXCR3-,HC,PB_32,TGTGGTAAGTATCTCG-1,0.19132514801077272
CXCR3-,HC,PB_32,TGTGGTATCTTACCTA-1,-0.09834107806026707
CXCR3-,HC,PB_32,TGTGTTTGTCCGTCAG-1,-0.09834107806026707
CXCR3-,HC,PB_32,TGTTCCGAGACTCGGA-1,-0.09834107806026707
CXCR3-,HC,PB_32,TGTTCCGAGCTTATCG-1,-0.09834107806026707
CXCR3-,HC,PB_32,TTAACTCAGGTGCAAC-1,-0.0888522144881823
CXCR3-,HC,PB_32,TTAACTCGTCTCCATC-1,0.07106888521640746
CXCR3-,HC,PB_32,TTAGGACCAGTCAGCC-1,0.34324637516615863
CXCR3-,HC,PB_32,TTAGGACCATTGTGCA-1,0.8631164165254716
CXCR3-,HC,PB_32,TTAGGCACACGAAGCA-1,-0.6896284325638485
CXCR3-,HC,PB_32,TTAGGCACATGAAGTA-1,-0.2694456192164255
CXCR3-,HC,PB_32,TTAGGCATCAGATAAG-1,-0.4283622002640511
CXCR3-,HC,PB_32,TTAGGCATCCGCGTTT-1,-0.011960795840651366
CXCR3-,HC,PB_32,TTAGTTCAGACTAGGC-1,-0.5676512703956244
CXCR3+,HC,PB_32,TTAGTTCAGGCGCTCT-1,0.40271111655672504
CXCR3-,HC,PB_32,TTATGCTAGAGTAATC-1,-0.09834107806026707
CXCR3-,HC,PB_32,TTATGCTTCAAACGGG-1,-0.09834107806026707
CXCR3-,HC,PB_32,TTATGCTTCATAACCG-1,-0.8613822355333738
CXCR3-,HC,PB_32,TTCCCAGGTGCATCTA-1,-0.09834107806026707
CXCR3-,HC,PB_32,TTCGAAGAGCCACGCT-1-1,0.18456134290720044
CXCR3-,HC,PB_32,TTCGAAGGTGAAATCA-1,-0.09834107806026707
CXCR3-,HC,PB_32,TTCTCAAAGTTCGCAT-1,0.3210212288752503
CXCR3-,HC,PB_32,TTCTCAACACCAGGTC-1,-0.09739403020155399
CXCR3-,HC,PB_32,TTCTCAACATCACCCT-1,-0.09834107806026707
CXCR3-,HC,PB_32,TTCTCAATCCTGCTTG-1,-0.09834107806026707
CXCR3-,HC,PB_32,TTCTCCTAGAGTTGGC-1,-0.2848937565004864
CXCR3-,HC,PB_32,TTCTCCTGTACTCGCG-1,-0.4437721394602421
CXCR3-,HC,PB_32,TTCTTAGAGCTAGTGG-1,-0.09834107806026707
CXCR3-,HC,PB_32,TTCTTAGTCCCAACGG-1,-0.09834107806026707
CXCR3-,HC,PB_32,TTCTTAGTCTACTTAC-1,-0.09834107806026707
CXCR3-,HC,PB_32,TTGACTTAGGCGCTCT-1,-0.09834107806026707
CXCR3-,HC,PB_32,TTGACTTCACTTCGAA-1,-0.09834107806026707
CXCR3-,HC,PB_32,TTGACTTTCTGCGACG-1,-0.09834107806026707
CXCR3-,HC,PB_32,TTGCCGTAGAATGTGT-1,-0.5698267840772399
CXCR3-,HC,PB_32,TTGCCGTCAGCTGTAT-1,-0.21858721758747607
CXCR3-,HC,PB_32,TTGCCGTGTGTGTGCC-1,-0.09834107806026707
CXCR3-,HC,PB_32,TTGGAACCAATGAATG-1,-0.09834107806026707
CXCR3-,HC,PB_32,TTGGAACTCCTTTCGG-1,-0.09834107806026707
CXCR3-,HC,PB_32,TTGGCAAAGTACGCGA-1,-0.09834107806026707
CXCR3-,HC,PB_32,TTGTAGGAGAGGTTGC-1,-0.09834107806026707
CXCR3-,HC,PB_32,TTGTAGGAGCGATAGC-1,-0.09834107806026707
CXCR3-,HC,PB_32,TTGTAGGCACATTTCT-1,-0.09834107806026707
CXCR3-,HC,PB_32,TTGTAGGGTATAGTAG-1,-0.21857031274139507
CXCR3-,HC,PB_32,TTGTAGGTCTTCATGT-1,-0.08678839083889475
CXCR3-,HC,PB_32,TTTACTGCAGATCTGT-1,-0.09834107806026707
CXCR3+,HC,PB_32,TTTACTGCAGGACGTA-1,-0.2693825325326206
CXCR3-,HC,PB_32,TTTACTGCAGGGTATG-1,-0.7167049593273369
CXCR3-,HC,PB_32,TTTATGCGTCTGGAGA-1,0.40340467790956275
CXCR3-,HC,PB_32,TTTCCTCAGGACACCA-1,0.2985796121938762
CXCR3-,HC,PB_32,TTTCCTCGTAGGCATG-1,0.16883080493438113
CXCR3-,HC,PB_32,TTTCCTCGTGATAAGT-1,-0.3604736716045486
CXCR3-,HC,PB_32,TTTCCTCGTTAGATGA-1,0.05053937130476915
CXCR3+,HC,PB_32,TTTGCGCGTAAGCACG-1,-0.09834107806026707
CXCR3-,HC,PB_32,TTTGCGCTCCATGAAC-1,-0.09834107806026707
CXCR3-,HC,PB_32,TTTGGTTCACCTCGGA-1,-0.09834107806026707
CXCR3-,HC,PB_32,TTTGTCACAAGCGCTC-1,0.327309887555766
CXCR3-,HC,PB_32,TTTGTCACACTTAAGC-1,0.2187421703058701
CXCR3-,HC,PB_32,TTTGTCATCACATAGC-1,-0.35582346610671617
CXCR3-,HC,PST83775_PB,GSM4104139_AAACCTGCACGTCAGC-1,-0.32438574940018533
CXCR3-,HC,PST83775_PB,GSM4104139_AAACGGGCATTCCTGC-1,-0.002330037189856915
CXCR3-,HC,PST83775_PB,GSM4104139_AAAGCAACAATAAGCA-1,-0.09834107806026707
CXCR3-,HC,PST83775_PB,GSM4104139_AAAGCAAGTCGAGATG-1,-0.18311773392630054
CXCR3-,HC,PST83775_PB,GSM4104139_AAAGTAGAGCCAGGAT-1,-0.09834107806026707
CXCR3-,HC,PST83775_PB,GSM4104139_AAAGTAGTCCTGTAGA-1,-0.09834107806026707
CXCR3-,HC,PST83775_PB,GSM4104139_AAATGCCAGTACGCGA-1,-0.20275372418721646
CXCR3-,HC,PST83775_PB,GSM4104139_AAATGCCGTCCGAAGA-1,0.11064802125358862
CXCR3+,HC,PST83775_PB,GSM4104139_AAATGCCGTTACGTCA-1,-0.330417592798033
CXCR3-,HC,PST83775_PB,GSM4104139_AACACGTAGTAACCCT-1,-0.09834107806026707
CXCR3-,HC,PST83775_PB,GSM4104139_AACCATGAGAAACGCC-1,-0.129957785062394
CXCR3-,HC,PST83775_PB,GSM4104139_AACCATGAGCGATGAC-1,-0.09834107806026707
CXCR3-,HC,PST83775_PB,GSM4104139_AACCATGGTACCGTAT-1,-0.4513339114542426
CXCR3-,HC,PST83775_PB,GSM4104139_AACCGCGAGGAGTAGA-1,-0.09834107806026707
CXCR3-,HC,PST83775_PB,GSM4104139_AACCGCGAGGGCTTGA-1,-0.09834107806026707
CXCR3-,HC,PST83775_PB,GSM4104139_AACGTTGAGGATGGAA-1,-0.7456687324757658
CXCR3-,HC,PST83775_PB,GSM4104139_AACGTTGCATCACGAT-1,-0.09834107806026707
CXCR3-,HC,PST83775_PB,GSM4104139_AACGTTGGTAGCGCTC-1,-0.09834107806026707
CXCR3-,HC,PST83775_PB,GSM4104139_AACGTTGTCCTCAATT-1,-0.09834107806026707
CXCR3-,HC,PST83775_PB,GSM4104139_AACGTTGTCTTTACAC-1,-0.09834107806026707
CXCR3-,HC,PST83775_PB,GSM4104139_AACTCAGGTACAGTTC-1,-0.09834107806026707
CXCR3-,HC,PST83775_PB,GSM4104139_AACTCTTTCACGCATA-1,0.25555096056837917
CXCR3-,HC,PST83775_PB,GSM4104139_AACTTTCAGTTAACGA-1,-0.09834107806026707
CXCR3-,HC,PST83775_PB,GSM4104139_AAGACCTCACAGCGTC-1,0.2715128881558254
CXCR3-,HC,PST83775_PB,GSM4104139_AAGACCTCAGTCAGAG-1,-0.5143371364709045
CXCR3-,HC,PST83775_PB,GSM4104139_AAGCCGCAGACAGGCT-1,0.09509795979095274
CXCR3-,HC,PST83775_PB,GSM4104139_AAGCCGCGTGCGCTTG-1,0.41687584264617117
CXCR3-,HC,PST83775_PB,GSM4104139_AAGGAGCAGGGTCTCC-1,-0.09834107806026707
CXCR3-,HC,PST83775_PB,GSM4104139_AAGGAGCGTACCGCTG-1,-0.09834107806026707
CXCR3-,HC,PST83775_PB,GSM4104139_AAGGCAGGTCTCCATC-1,0.20112446765152506
CXCR3-,HC,PST83775_PB,GSM4104139_AAGGTTCAGTTAACGA-1,-0.09834107806026707
CXCR3-,HC,PST83775_PB,GSM4104139_AAGTCTGCAAGGCTCC-1,-0.5643823320549748
CXCR3-,HC,PST83775_PB,GSM4104139_AAGTCTGGTCCCGACA-1,-0.09834107806026707
CXCR3-,HC,PST83775_PB,GSM4104139_AATCGGTAGTTGTCGT-1,-0.09834107806026707
CXCR3-,HC,PST83775_PB,GSM4104139_AATCGGTCATTAACCG-1,-0.09834107806026707
CXCR3-,HC,PST83775_PB,GSM4104139_AATCGGTGTTCGTTGA-1,-0.09834107806026707
CXCR3-,HC,PST83775_PB,GSM4104139_AATCGGTTCACCTTAT-1,-0.09834107806026707
CXCR3-,HC,PST83775_PB,GSM4104139_AATCGGTTCATGTCTT-1,-0.09834107806026707
CXCR3-,HC,PST83775_PB,GSM4104139_ACACCAAAGAATAGGG-1,-0.09834107806026707
CXCR3-,HC,PST83775_PB,GSM4104139_ACACCAATCACATACG-1,-0.13120562764001045
CXCR3+,HC,PST83775_PB,GSM4104139_ACACCCTTCGGCCGAT-1,-0.09834107806026707
CXCR3-,HC,PST83775_PB,GSM4104139_ACACCGGGTAGCGTGA-1,-0.09834107806026707
CXCR3-,HC,PST83775_PB,GSM4104139_ACACTGAGTGGTAACG-1,-0.09834107806026707
CXCR3-,HC,PST83775_PB,GSM4104139_ACAGCCGAGTCGATAA-1,-0.20945015637017242
CXCR3-,HC,PST83775_PB,GSM4104139_ACAGCTATCTTGGGTA-1,0.20877800693495283
CXCR3-,HC,PST83775_PB,GSM4104139_ACATACGCACCCATTC-1,-0.09834107806026707
CXCR3-,HC,PST83775_PB,GSM4104139_ACATACGCATACAGCT-1,-0.09834107806026707
CXCR3-,HC,PST83775_PB,GSM4104139_ACATACGGTCTCTCGT-1,-0.2422805510499028
CXCR3-,HC,PST83775_PB,GSM4104139_ACATCAGAGTGATCGG-1,-0.09834107806026707
CXCR3-,HC,PST83775_PB,GSM4104139_ACATCAGGTCATATCG-1,-0.09834107806026707
CXCR3-,HC,PST83775_PB,GSM4104139_ACATGGTAGTAACCCT-1,-0.09834107806026707
CXCR3-,HC,PST83775_PB,GSM4104139_ACATGGTTCACGGTTA-1,-0.7188387684062213
CXCR3-,HC,PST83775_PB,GSM4104139_ACATGGTTCGCTTAGA-1,-0.09834107806026707
CXCR3-,HC,PST83775_PB,GSM4104139_ACCCACTCAAGTAATG-1,-0.3615108413088769
CXCR3-,HC,PST83775_PB,GSM4104139_ACCCACTGTTCATGGT-1,0.24927332088579557
CXCR3-,HC,PST83775_PB,GSM4104139_ACCCACTTCCAGAAGG-1,-0.09834107806026707
CXCR3-,HC,PST83775_PB,GSM4104139_ACCGTAAGTAGCAAAT-1,-0.09834107806026707
CXCR3-,HC,PST83775_PB,GSM4104139_ACCTTTATCCGAAGAG-1,-0.09834107806026707
CXCR3-,HC,PST83775_PB,GSM4104139_ACCTTTATCTGGAGCC-1,0.22317198272634312
CXCR3-,HC,PST83775_PB,GSM4104139_ACGAGCCGTGTTTGTG-1,-0.09834107806026707
CXCR3-,HC,PST83775_PB,GSM4104139_ACGATGTTCAACACTG-1,-0.2308749349441965
CXCR3-,HC,PST83775_PB,GSM4104139_ACGCAGCTCTGCCAGG-1,-0.09834107806026707
CXCR3-,HC,PST83775_PB,GSM4104139_ACGCCAGCATATGGTC-1,-0.09834107806026707
CXCR3-,HC,PST83775_PB,GSM4104139_ACGCCGAAGCAAATCA-1,-0.09834107806026707
CXCR3-,HC,PST83775_PB,GSM4104139_ACGGAGAAGTTAGCGG-1,0.19394294619525582
CXCR3-,HC,PST83775_PB,GSM4104139_ACGGAGAGTATCTGCA-1,0.20655428445850682
CXCR3-,HC,PST83775_PB,GSM4104139_ACGGCCACATATACCG-1,-0.09834107806026707
CXCR3-,HC,PST83775_PB,GSM4104139_ACGGCCAGTGCTGTAT-1,-0.09834107806026707
CXCR3-,HC,PST83775_PB,GSM4104139_ACGGCCATCAAAGTAG-1,-0.09834107806026707
CXCR3-,HC,PST83775_PB,GSM4104139_ACGGGTCAGAAGAAGC-1,0.46276093964592874
CXCR3+,HC,PST83775_PB,GSM4104139_ACGGGTCAGCAGACTG-1,-0.22650382325755483
CXCR3-,HC,PST83775_PB,GSM4104139_ACGGGTCCAGATCGGA-1,-0.09834107806026707
CXCR3-,HC,PST83775_PB,GSM4104139_ACGTCAAAGATGTGGC-1,-0.09834107806026707
CXCR3-,HC,PST83775_PB,GSM4104139_ACGTCAATCACCACCT-1,-0.09834107806026707
CXCR3-,HC,PST83775_PB,GSM4104139_ACTGATGCAAGGACAC-1,-0.09834107806026707
CXCR3-,HC,PST83775_PB,GSM4104139_ACTGCTCAGCAAATCA-1,-0.09834107806026707
CXCR3-,HC,PST83775_PB,GSM4104139_ACTGCTCCATCCGGGT-1,-0.09834107806026707
CXCR3-,HC,PST83775_PB,GSM4104139_ACTGCTCGTTTGACAC-1,0.170384462058998
CXCR3-,HC,PST83775_PB,GSM4104139_ACTGCTCTCACGACTA-1,-0.0915505564968513
CXCR3-,HC,PST83775_PB,GSM4104139_ACTGTCCCAGTACACT-1,-0.09834107806026707
CXCR3-,HC,PST83775_PB,GSM4104139_ACTTGTTTCGTACGGC-1,-0.09834107806026707
CXCR3-,HC,PST83775_PB,GSM4104139_ACTTTCATCCAATGGT-1,-0.09834107806026707
CXCR3-,HC,PST83775_PB,GSM4104139_AGAATAGAGAAACCAT-1,-0.33901315542245014
CXCR3-,HC,PST83775_PB,GSM4104139_AGAATAGCAATGGACG-1,-0.09834107806026707
CXCR3-,HC,PST83775_PB,GSM4104139_AGAATAGCATTGGTAC-1,-0.09834107806026707
CXCR3-,HC,PST83775_PB,GSM4104139_AGAATAGGTAGTACCT-1,-0.09834107806026707
CXCR3-,HC,PST83775_PB,GSM4104139_AGACGTTGTACGCTGC-1,-0.09834107806026707
CXCR3-,HC,PST83775_PB,GSM4104139_AGAGCGAAGCGTAATA-1,0.11061367579782698
CXCR3-,HC,PST83775_PB,GSM4104139_AGAGCGAGTTGTCGCG-1,-0.09834107806026707
CXCR3-,HC,PST83775_PB,GSM4104139_AGAGCGATCAGAGGTG-1,-0.05585175843772535
CXCR3-,HC,PST83775_PB,GSM4104139_AGAGTGGAGGAGTTGC-1,-0.3058304663579817
CXCR3-,HC,PST83775_PB,GSM4104139_AGAGTGGCAGCCAATT-1,0.2649484176555807
CXCR3-,HC,PST83775_PB,GSM4104139_AGATCTGAGTCGAGTG-1,-0.2840821405128776
CXCR3-,HC,PST83775_PB,GSM4104139_AGATCTGGTCGCATCG-1,0.24410131031376697
CXCR3-,HC,PST83775_PB,GSM4104139_AGATCTGTCACTTATC-1,-0.09834107806026707
CXCR3-,HC,PST83775_PB,GSM4104139_AGCAGCCAGATGTCGG-1,-0.09834107806026707
CXCR3-,HC,PST83775_PB,GSM4104139_AGCAGCCTCAATCACG-1,-0.23810671555941917
CXCR3-,HC,PST83775_PB,GSM4104139_AGCCTAAGTCGGGTCT-1,0.1452294341705746
CXCR3-,HC,PST83775_PB,GSM4104139_AGCTCTCCACATCCGG-1,-0.09834107806026707
CXCR3-,HC,PST83775_PB,GSM4104139_AGCTCTCTCTTACCTA-1,-0.44681186999328776
CXCR3-,HC,PST83775_PB,GSM4104139_AGGCCACTCACTTACT-1,-0.27242683547063107
CXCR3-,HC,PST83775_PB,GSM4104139_AGGCCGTAGTACGTTC-1,0.4552289522445912
CXCR3-,HC,PST83775_PB,GSM4104139_AGGGAGTTCGGAGGTA-1,-0.09834107806026707
CXCR3-,HC,PST83775_PB,GSM4104139_AGGGATGAGTTACGGG-1,-0.09834107806026707
CXCR3-,HC,PST83775_PB,GSM4104139_AGGGATGCAGTGGAGT-1,-0.09834107806026707
CXCR3-,HC,PST83775_PB,GSM4104139_AGGTCATCAATGACCT-1,-0.09834107806026707
CXCR3-,HC,PST83775_PB,GSM4104139_AGGTCATCACGACGAA-1,-0.09834107806026707
CXCR3-,HC,PST83775_PB,GSM4104139_AGGTCCGGTTAAGAAC-1,-0.09834107806026707
CXCR3-,HC,PST83775_PB,GSM4104139_AGTGAGGGTGCTAGCC-1,-0.09834107806026707
CXCR3-,HC,PST83775_PB,GSM4104139_AGTGAGGTCTCGTATT-1,-0.09834107806026707
CXCR3-,HC,PST83775_PB,GSM4104139_AGTGGGACATACCATG-1,-0.09834107806026707
CXCR3-,HC,PST83775_PB,GSM4104139_AGTGGGAGTCAGCTAT-1,0.5969744353798985
CXCR3-,HC,PST83775_PB,GSM4104139_AGTGGGATCCGATATG-1,-0.09834107806026707
CXCR3-,HC,PST83775_PB,GSM4104139_AGTGTCATCGCTTGTC-1,0.8941135707431132
CXCR3-,HC,PST83775_PB,GSM4104139_ATAAGAGCAAATTGCC-1,-0.23065184081825899
CXCR3-,HC,PST83775_PB,GSM4104139_ATAAGAGTCTTGTACT-1,-0.09834107806026707
CXCR3-,HC,PST83775_PB,GSM4104139_ATAGACCCATTCTTAC-1,-0.09834107806026707
CXCR3-,HC,PST83775_PB,GSM4104139_ATAGACCGTTTGACTG-1,0.19132014184307847
CXCR3-,HC,PST83775_PB,GSM4104139_ATAGACCTCCCTAACC-1,-0.4472368464299155
CXCR3-,HC,PST83775_PB,GSM4104139_ATCACGATCCCTCTTT-1,0.13917079658299475
CXCR3-,HC,PST83775_PB,GSM4104139_ATCACGATCTCATTCA-1,-0.09834107806026707
CXCR3-,HC,PST83775_PB,GSM4104139_ATCATCTCACGACGAA-1,-0.09834107806026707
CXCR3-,HC,PST83775_PB,GSM4104139_ATCATGGCAAGAGGCT-1,-0.09834107806026707
CXCR3-,HC,PST83775_PB,GSM4104139_ATCATGGTCTTTCCTC-1,0.1591517012855553
CXCR3-,HC,PST83775_PB,GSM4104139_ATCCACCGTCTGCAAT-1,0.1779850374294219
CXCR3-,HC,PST83775_PB,GSM4104139_ATCCGAAAGAGTAAGG-1,0.26063285718208296
CXCR3-,HC,PST83775_PB,GSM4104139_ATCGAGTTCCCTAACC-1,0.2215752827084992
CXCR3-,HC,PST83775_PB,GSM4104139_ATGAGGGAGACGACGT-1,-0.09834107806026707
CXCR3-,HC,PST83775_PB,GSM4104139_ATGAGGGGTTTAGCTG-1,-0.09834107806026707
CXCR3-,HC,PST83775_PB,GSM4104139_ATGCGATGTCTCTTAT-1,-0.09834107806026707
CXCR3-,HC,PST83775_PB,GSM4104139_ATGGGAGGTTGGGACA-1,0.0963240625709267
CXCR3-,HC,PST83775_PB,GSM4104139_ATGTGTGCACAGTCGC-1,-0.09834107806026707
CXCR3-,HC,PST83775_PB,GSM4104139_ATTACTCAGTGACTCT-1,-0.09834107806026707
CXCR3-,HC,PST83775_PB,GSM4104139_ATTACTCTCCAGGGCT-1,0.14704282860176732
CXCR3-,HC,PST83775_PB,GSM4104139_ATTATCCTCGTAGGTT-1,-0.735817317695666
CXCR3-,HC,PST83775_PB,GSM4104139_ATTATCCTCTCGTATT-1,-0.09834107806026707
CXCR3-,HC,PST83775_PB,GSM4104139_ATTGGACCAGCCTTGG-1,0.1674572219990965
CXCR3-,HC,PST83775_PB,GSM4104139_ATTGGACTCATGGTCA-1,-0.3235991186920484
CXCR3-,HC,PST83775_PB,GSM4104139_ATTGGTGCAATGAATG-1,-0.3940133568616197
CXCR3-,HC,PST83775_PB,GSM4104139_ATTGGTGCACATGGGA-1,-0.09834107806026707
CXCR3-,HC,PST83775_PB,GSM4104139_ATTGGTGGTAAGGGAA-1,-0.21575280970103
CXCR3-,HC,PST83775_PB,GSM4104139_ATTTCTGGTGCAGACA-1,-0.09834107806026707
CXCR3-,HC,PST83775_PB,GSM4104139_ATTTCTGGTGTCAATC-1,0.18047928332944435
CXCR3-,HC,PST83775_PB,GSM4104139_CAACCAAAGAAACGAG-1,-0.09834107806026707
CXCR3-,HC,PST83775_PB,GSM4104139_CAACCAAGTCTTGTCC-1,-0.43360316559810086
CXCR3-,HC,PST83775_PB,GSM4104139_CAAGATCGTATATCCG-1,0.09273237177388849
CXCR3-,HC,PST83775_PB,GSM4104139_CACACAAAGCCGCCTA-1,-0.09834107806026707
CXCR3-,HC,PST83775_PB,GSM4104139_CACACAACAATCTACG-1,-0.35495305849292824
CXCR3-,HC,PST83775_PB,GSM4104139_CACACAACAGGGTACA-1,-0.09834107806026707
CXCR3-,HC,PST83775_PB,GSM4104139_CACACAAGTCTTCAAG-1,-0.03162225453116983
CXCR3-,HC,PST83775_PB,GSM4104139_CACACCTTCCTTTCTC-1,-0.09834107806026707
CXCR3-,HC,PST83775_PB,GSM4104139_CACACTCTCGGGAGTA-1,-0.09834107806026707
CXCR3-,HC,PST83775_PB,GSM4104139_CACACTCTCGGTCTAA-1,-0.09834107806026707
CXCR3-,HC,PST83775_PB,GSM4104139_CACAGGCCAAGTCTAC-1,-0.09834107806026707
CXCR3-,HC,PST83775_PB,GSM4104139_CACAGGCTCAGTGTTG-1,-0.09834107806026707
CXCR3-,HC,PST83775_PB,GSM4104139_CACATAGCAAGAAAGG-1,0.43264489886032725
CXCR3-,HC,PST83775_PB,GSM4104139_CACCACTAGGAGTAGA-1,0.222042058634234
CXCR3-,HC,PST83775_PB,GSM4104139_CACCACTAGGCTAGGT-1,0.5808665944663696
CXCR3-,HC,PST83775_PB,GSM4104139_CACCACTGTCTAGAGG-1,0.07418073208081699
CXCR3-,HC,PST83775_PB,GSM4104139_CACCACTGTGCTAGCC-1,-0.09834107806026707
CXCR3-,HC,PST83775_PB,GSM4104139_CACCACTTCGAACGGA-1,-0.24563527777154742
CXCR3-,HC,PST83775_PB,GSM4104139_CACCTTGTCTTTAGTC-1,0.0952679774537095
CXCR3-,HC,PST83775_PB,GSM4104139_CACTCCACAATGCCAT-1,0.24725455045042752
CXCR3-,HC,PST83775_PB,GSM4104139_CACTCCACACGGATAG-1,-0.09834107806026707
CXCR3-,HC,PST83775_PB,GSM4104139_CACTCCATCGAACGGA-1,-0.09834107806026707
CXCR3-,HC,PST83775_PB,GSM4104139_CAGAATCAGATCACGG-1,-0.09834107806026707
CXCR3-,HC,PST83775_PB,GSM4104139_CAGAATCCAATGAATG-1,-0.09834107806026707
CXCR3-,HC,PST83775_PB,GSM4104139_CAGAATCTCTATGTGG-1,-0.09834107806026707
CXCR3-,HC,PST83775_PB,GSM4104139_CAGAGAGAGTACGCGA-1,-0.09834107806026707
CXCR3-,HC,PST83775_PB,GSM4104139_CAGAGAGTCATAAAGG-1,-0.3844609071447365
CXCR3-,HC,PST83775_PB,GSM4104139_CAGATCACAGATCGGA-1,-0.09834107806026707
CXCR3+,HC,PST83775_PB,GSM4104139_CAGATCAGTAGCGCAA-1,-0.23230274954262592
CXCR3-,HC,PST83775_PB,GSM4104139_CAGCAGCAGATCACGG-1,-0.09834107806026707
CXCR3-,HC,PST83775_PB,GSM4104139_CAGCAGCAGCTAGTTC-1,-0.09834107806026707
CXCR3-,HC,PST83775_PB,GSM4104139_CAGCAGCGTTCACCTC-1,-0.09834107806026707
CXCR3-,HC,PST83775_PB,GSM4104139_CAGCATAAGGTGATAT-1,-0.09834107806026707
CXCR3-,HC,PST83775_PB,GSM4104139_CAGCATAAGTGGACGT-1,-0.09834107806026707
CXCR3-,HC,PST83775_PB,GSM4104139_CAGCATATCAATCTCT-1,0.1690978939291413
CXCR3-,HC,PST83775_PB,GSM4104139_CAGCATATCCGTTGTC-1,-0.09834107806026707
CXCR3-,HC,PST83775_PB,GSM4104139_CAGCCGAGTACCTACA-1,0.27037367691007996
CXCR3-,HC,PST83775_PB,GSM4104139_CAGCCGAGTCGATTGT-1,0.2730134373414096
CXCR3-,HC,PST83775_PB,GSM4104139_CAGCGACTCCACGCAG-1,0.07632358994019564
CXCR3-,HC,PST83775_PB,GSM4104139_CAGCTAACACCTTGTC-1,-0.09834107806026707
CXCR3-,HC,PST83775_PB,GSM4104139_CAGCTGGCATCAGTCA-1,-0.09834107806026707
CXCR3-,HC,PST83775_PB,GSM4104139_CAGCTGGGTCGTTGTA-1,-0.20150449189634775
CXCR3-,HC,PST83775_PB,GSM4104139_CAGCTGGTCTATCGCC-1,-0.09834107806026707
CXCR3-,HC,PST83775_PB,GSM4104139_CAGGTGCCACCTGGTG-1,0.09974327483916548
CXCR3-,HC,PST83775_PB,GSM4104139_CAGTCCTCACATGACT-1,-0.4802854233284073
CXCR3-,HC,PST83775_PB,GSM4104139_CATCAAGAGATGCCTT-1,-0.4700777622579962
CXCR3-,HC,PST83775_PB,GSM4104139_CATCAAGGTACGCACC-1,-0.09834107806026707
CXCR3-,HC,PST83775_PB,GSM4104139_CATCCACGTGTGCCTG-1,-0.2011822662511608
CXCR3-,HC,PST83775_PB,GSM4104139_CATGCCTCATTTCACT-1,-0.3300771743645684
CXCR3-,HC,PST83775_PB,GSM4104139_CATGCCTGTTGGTAAA-1,-0.09834107806026707
CXCR3-,HC,PST83775_PB,GSM4104139_CATGCCTTCATTGCGA-1,-0.11263600413738059
CXCR3-,HC,PST83775_PB,GSM4104139_CATTCGCGTTAAGGGC-1,-0.09834107806026707
CXCR3-,HC,PST83775_PB,GSM4104139_CCAATCCGTACTTGAC-1,0.48884733821777077
CXCR3+,HC,PST83775_PB,GSM4104139_CCACCTAAGTGGTAAT-1,-0.23211174371035476
CXCR3-,HC,PST83775_PB,GSM4104139_CCACGGAGTAGCGCTC-1,-0.2775146047534617
CXCR3-,HC,PST83775_PB,GSM4104139_CCACGGAGTCTTGCGG-1,-0.09834107806026707
CXCR3-,HC,PST83775_PB,GSM4104139_CCACGGAGTGTTCGAT-1,0.22052215736255484
CXCR3-,HC,PST83775_PB,GSM4104139_CCACTACAGAAACCGC-1,-0.09834107806026707
CXCR3-,HC,PST83775_PB,GSM4104139_CCACTACGTCTGATTG-1,0.193579935172883
CXCR3-,HC,PST83775_PB,GSM4104139_CCCAATCTCACCTCGT-1,-0.09834107806026707
CXCR3-,HC,PST83775_PB,GSM4104139_CCCAGTTTCGCAGGCT-1,-0.09834107806026707
CXCR3-,HC,PST83775_PB,GSM4104139_CCCATACAGACGCTTT-1,0.22714132863526268
CXCR3-,HC,PST83775_PB,GSM4104139_CCCATACTCTTAGCCC-1,-0.09834107806026707
CXCR3-,HC,PST83775_PB,GSM4104139_CCCTCCTCATTCCTCG-1,-0.09834107806026707
CXCR3-,HC,PST83775_PB,GSM4104139_CCGGGATCAAGCTGAG-1,0.4118416625764338
CXCR3-,HC,PST83775_PB,GSM4104139_CCGGGATTCACCCGAG-1,-0.09834107806026707
CXCR3-,HC,PST83775_PB,GSM4104139_CCGGTAGAGAGCTATA-1,-0.37321733513984595
CXCR3-,HC,PST83775_PB,GSM4104139_CCGTACTTCAAACCGT-1,-0.09834107806026707
CXCR3-,HC,PST83775_PB,GSM4104139_CCGTACTTCGCGTAGC-1,-0.09834107806026707
CXCR3-,HC,PST83775_PB,GSM4104139_CCGTGGACAGCTGCTG-1,-0.09834107806026707
CXCR3-,HC,PST83775_PB,GSM4104139_CCGTGGATCTATCCCG-1,-0.09834107806026707
CXCR3-,HC,PST83775_PB,GSM4104139_CCGTTCAAGAAACCTA-1,-0.09834107806026707
CXCR3-,HC,PST83775_PB,GSM4104139_CCGTTCATCCTTCAAT-1,-0.16644816968822035
CXCR3-,HC,PST83775_PB,GSM4104139_CCTACACCATCACGTA-1,-0.09834107806026707
CXCR3-,HC,PST83775_PB,GSM4104139_CCTACACTCTGTTGAG-1,-0.09834107806026707
CXCR3-,HC,PST83775_PB,GSM4104139_CCTACCACAATGCCAT-1,0.10988517646756711
CXCR3-,HC,PST83775_PB,GSM4104139_CCTACCATCCGTAGTA-1,0.21683267103585924
CXCR3-,HC,PST83775_PB,GSM4104139_CCTAGCTCACTCAGGC-1,-0.09834107806026707
CXCR3-,HC,PST83775_PB,GSM4104139_CCTATTAGTATAAACG-1,-0.09834107806026707
CXCR3-,HC,PST83775_PB,GSM4104139_CCTATTAGTGGCGAAT-1,-0.21743266067610406
CXCR3-,HC,PST83775_PB,GSM4104139_CCTCAGTAGACCCACC-1,-0.09834107806026707
CXCR3-,HC,PST83775_PB,GSM4104139_CCTCTGAGTTACAGAA-1,-0.3336371397729274
CXCR3-,HC,PST83775_PB,GSM4104139_CCTCTGAGTTGGTGGA-1,-0.09834107806026707
CXCR3-,HC,PST83775_PB,GSM4104139_CCTTACGAGTGACATA-1,-0.013435451507418919
CXCR3-,HC,PST83775_PB,GSM4104139_CCTTACGCAGACAAGC-1,0.27146237123724537
CXCR3-,HC,PST83775_PB,GSM4104139_CCTTACGGTGTGACCC-1,-0.24940546591200222
CXCR3-,HC,PST83775_PB,GSM4104139_CCTTACGTCCGATATG-1,0.132662915747013
CXCR3-,HC,PST83775_PB,GSM4104139_CCTTCCCGTTACGACT-1,-0.09834107806026707
CXCR3-,HC,PST83775_PB,GSM4104139_CCTTTCTAGATCCCAT-1,-0.09834107806026707
CXCR3-,HC,PST83775_PB,GSM4104139_CGAACATGTAAATACG-1,-0.09834107806026707
CXCR3-,HC,PST83775_PB,GSM4104139_CGAATGTAGACTCGGA-1,-0.2796259067361491
CXCR3-,HC,PST83775_PB,GSM4104139_CGAATGTAGCGATAGC-1,0.30827709956519517
CXCR3-,HC,PST83775_PB,GSM4104139_CGACCTTAGAGTCTGG-1,-0.09834107806026707
CXCR3-,HC,PST83775_PB,GSM4104139_CGACCTTCACAAGACG-1,-0.030234552410749634
CXCR3-,HC,PST83775_PB,GSM4104139_CGACCTTCATCGGACC-1,0.11988248646627978
CXCR3-,HC,PST83775_PB,GSM4104139_CGACTTCAGAGTAAGG-1,-0.32754959095808645
CXCR3-,HC,PST83775_PB,GSM4104139_CGAGAAGAGCTACCGC-1,-0.46657397888557
CXCR3-,HC,PST83775_PB,GSM4104139_CGAGAAGCACGTAAGG-1,-0.09834107806026707
CXCR3-,HC,PST83775_PB,GSM4104139_CGAGAAGCATGGGAAC-1,-0.09834107806026707
CXCR3-,HC,PST83775_PB,GSM4104139_CGAGCACAGTGGGTTG-1,-0.09834107806026707
CXCR3-,HC,PST83775_PB,GSM4104139_CGAGCACGTAAATACG-1,-0.3921039969476604
CXCR3-,HC,PST83775_PB,GSM4104139_CGAGCACTCCTCTAGC-1,-0.09834107806026707
CXCR3-,HC,PST83775_PB,GSM4104139_CGATCGGCAGTAAGCG-1,-0.09834107806026707
CXCR3-,HC,PST83775_PB,GSM4104139_CGATGGCAGCAGACTG-1,-0.09834107806026707
CXCR3-,HC,PST83775_PB,GSM4104139_CGATGGCAGTCTCCTC-1,0.27794667213222796
CXCR3-,HC,PST83775_PB,GSM4104139_CGATGGCGTACTTCTT-1,-0.09834107806026707
CXCR3-,HC,PST83775_PB,GSM4104139_CGATGTAAGGCTAGGT-1,-0.09834107806026707
CXCR3-,HC,PST83775_PB,GSM4104139_CGATGTACACGCTTTC-1,-0.09834107806026707
CXCR3-,HC,PST83775_PB,GSM4104139_CGATGTAGTCATCCCT-1,0.18351899981891337
CXCR3-,HC,PST83775_PB,GSM4104139_CGATGTATCGAACTGT-1,-0.09834107806026707
CXCR3-,HC,PST83775_PB,GSM4104139_CGATTGACACTTCTGC-1,0.012608097112442984
CXCR3-,HC,PST83775_PB,GSM4104139_CGATTGATCGCTTAGA-1,-0.4327142589810495
CXCR3-,HC,PST83775_PB,GSM4104139_CGCCAAGAGCTGCGAA-1,-0.09834107806026707
CXCR3-,HC,PST83775_PB,GSM4104139_CGCCAAGTCTTGCATT-1,-0.09834107806026707
CXCR3-,HC,PST83775_PB,GSM4104139_CGCGGTATCTCGCATC-1,0.19740657130872938
CXCR3-,HC,PST83775_PB,GSM4104139_CGCGTTTTCAGCTGGC-1,0.107918719192041
CXCR3-,HC,PST83775_PB,GSM4104139_CGCGTTTTCGGAAATA-1,-0.5259390465503443
CXCR3-,HC,PST83775_PB,GSM4104139_CGCTATCAGGAGTTTA-1,0.2102309299506713
CXCR3-,HC,PST83775_PB,GSM4104139_CGCTATCTCCTAGTGA-1,-0.09834107806026707
CXCR3-,HC,PST83775_PB,GSM4104139_CGCTGGAAGTTCCACA-1,-0.09834107806026707
CXCR3-,HC,PST83775_PB,GSM4104139_CGCTGGATCTTGACGA-1,-0.09834107806026707
CXCR3-,HC,PST83775_PB,GSM4104139_CGCTTCAAGAGTACAT-1,-0.09834107806026707
CXCR3-,HC,PST83775_PB,GSM4104139_CGCTTCACAGTCTTCC-1,0.14124893532295235
CXCR3-,HC,PST83775_PB,GSM4104139_CGGACACAGTCCTCCT-1,-0.09834107806026707
CXCR3-,HC,PST83775_PB,GSM4104139_CGGACGTAGTAATCCC-1,-0.7396536132012649
CXCR3-,HC,PST83775_PB,GSM4104139_CGGAGTCCATATGAGA-1,0.052479445654256475
CXCR3-,HC,PST83775_PB,GSM4104139_CGGAGTCGTATCAGTC-1,-0.09834107806026707
CXCR3-,HC,PST83775_PB,GSM4104139_CGGAGTCGTCGAATCT-1,-0.09834107806026707
CXCR3-,HC,PST83775_PB,GSM4104139_CGGAGTCTCAACACTG-1,-0.09834107806026707
CXCR3-,HC,PST83775_PB,GSM4104139_CGGAGTCTCCATGAAC-1,-0.33474381464161035
CXCR3-,HC,PST83775_PB,GSM4104139_CGGCTAGTCATGTCCC-1,0.200036120499463
CXCR3-,HC,PST83775_PB,GSM4104139_CGGTTAAGTCAAAGAT-1,0.09765539892969344
CXCR3-,HC,PST83775_PB,GSM4104139_CGGTTAATCAGGCGAA-1,-0.39192039211222146
CXCR3+,HC,PST83775_PB,GSM4104139_CGTCACTAGGCTATCT-1,-0.09834107806026707
CXCR3-,HC,PST83775_PB,GSM4104139_CGTCACTAGTAAGTAC-1,0.5488289984248647
CXCR3-,HC,PST83775_PB,GSM4104139_CGTCACTAGTGGGATC-1,-0.09834107806026707
CXCR3-,HC,PST83775_PB,GSM4104139_CGTCAGGTCTTTAGTC-1,-0.09834107806026707
CXCR3-,HC,PST83775_PB,GSM4104139_CGTCTACTCTTCCTTC-1,0.2382225520420776
CXCR3-,HC,PST83775_PB,GSM4104139_CGTGTAAGTCAGATAA-1,0.28134136607489524
CXCR3-,HC,PST83775_PB,GSM4104139_CGTGTCTCATCAGTCA-1,0.2169497715229359
CXCR3-,HC,PST83775_PB,GSM4104139_CGTGTCTTCCGCTGTT-1,-0.09834107806026707
CXCR3-,HC,PST83775_PB,GSM4104139_CGTTAGATCATTGCGA-1,-0.09834107806026707
CXCR3-,HC,PST83775_PB,GSM4104139_CGTTGGGGTAGGCATG-1,-0.09834107806026707
CXCR3-,HC,PST83775_PB,GSM4104139_CGTTGGGTCACAATGC-1,-0.424839995913143
CXCR3-,HC,PST83775_PB,GSM4104139_CTAACTTAGGCTAGAC-1,-0.09834107806026707
CXCR3-,HC,PST83775_PB,GSM4104139_CTAACTTGTACACCGC-1,-0.09834107806026707
CXCR3-,HC,PST83775_PB,GSM4104139_CTAATGGAGGCAATTA-1,-0.09834107806026707
CXCR3-,HC,PST83775_PB,GSM4104139_CTACACCGTGCTGTAT-1,0.24412690841293844
CXCR3-,HC,PST83775_PB,GSM4104139_CTACCCATCATCTGTT-1,-0.09834107806026707
CXCR3-,HC,PST83775_PB,GSM4104139_CTACCCATCCTTTCGG-1,-0.09834107806026707
CXCR3-,HC,PST83775_PB,GSM4104139_CTACGTCGTAGGCATG-1,-0.09834107806026707
CXCR3-,HC,PST83775_PB,GSM4104139_CTACGTCGTTAGTGGG-1,-0.03230426753945088
CXCR3-,HC,PST83775_PB,GSM4104139_CTAGCCTAGTCCAGGA-1,0.2014462552229466
CXCR3-,HC,PST83775_PB,GSM4104139_CTAGCCTAGTGGGCTA-1,0.013072509935074599
CXCR3-,HC,PST83775_PB,GSM4104139_CTAGCCTGTGTATGGG-1,-0.1099211151156374
CXCR3-,HC,PST83775_PB,GSM4104139_CTAGCCTTCCGTACAA-1,-0.09834107806026707
CXCR3-,HC,PST83775_PB,GSM4104139_CTAGTGAGTGATGTGG-1,0.12205111470607047
CXCR3-,HC,PST83775_PB,GSM4104139_CTAGTGATCCGTTGCT-1,-0.09834107806026707
CXCR3-,HC,PST83775_PB,GSM4104139_CTAGTGATCGGTTCGG-1,-0.09834107806026707
CXCR3-,HC,PST83775_PB,GSM4104139_CTCACACAGCTAGCCC-1,0.27266045404581624
CXCR3-,HC,PST83775_PB,GSM4104139_CTCACACTCTAACCGA-1,-0.28535001630563356
CXCR3-,HC,PST83775_PB,GSM4104139_CTCACACTCTGCAGTA-1,-0.2922040331364296
CXCR3-,HC,PST83775_PB,GSM4104139_CTCATTATCGAACGGA-1,-0.09834107806026707
CXCR3-,HC,PST83775_PB,GSM4104139_CTCCTAGGTCCTAGCG-1,-0.09834107806026707
CXCR3-,HC,PST83775_PB,GSM4104139_CTCGAAAGTGATGTCT-1,-0.31662591149357855
CXCR3-,HC,PST83775_PB,GSM4104139_CTCGAAATCTGCCCTA-1,-0.0048053685921756505
CXCR3-,HC,PST83775_PB,GSM4104139_CTCGAGGAGAGAACAG-1,-0.20252304511801594
CXCR3-,HC,PST83775_PB,GSM4104139_CTCGAGGGTGGGTATG-1,-0.09834107806026707
CXCR3+,HC,PST83775_PB,GSM4104139_CTCGTACAGCACCGCT-1,-0.09834107806026707
CXCR3-,HC,PST83775_PB,GSM4104139_CTCGTACCAGATGGCA-1,0.1057052746677888
CXCR3-,HC,PST83775_PB,GSM4104139_CTCGTCACAGATCTGT-1,-0.09834107806026707
CXCR3-,HC,PST83775_PB,GSM4104139_CTCTAATAGCCTTGAT-1,0.5292853574855139
CXCR3-,HC,PST83775_PB,GSM4104139_CTCTAATTCGAATCCA-1,0.11880545557678489
CXCR3-,HC,PST83775_PB,GSM4104139_CTCTACGGTTGGGACA-1,-0.09834107806026707
CXCR3-,HC,PST83775_PB,GSM4104139_CTCTACGGTTTAGCTG-1,-0.09834107806026707
CXCR3-,HC,PST83775_PB,GSM4104139_CTCTGGTCATACGCTA-1,-0.2206036569663993
CXCR3-,HC,PST83775_PB,GSM4104139_CTCTGGTTCGCGGATC-1,-0.09834107806026707
CXCR3-,HC,PST83775_PB,GSM4104139_CTGAAACAGTCTCCTC-1,-0.3759168399034262
CXCR3-,HC,PST83775_PB,GSM4104139_CTGAAGTCACCGGAAA-1,-0.19173923830620668
CXCR3-,HC,PST83775_PB,GSM4104139_CTGAAGTTCTTGACGA-1,-0.09834107806026707
CXCR3-,HC,PST83775_PB,GSM4104139_CTGATAGCACTTGGAT-1,-0.4012120029566982
CXCR3-,HC,PST83775_PB,GSM4104139_CTGATAGGTGTGGTTT-1,-0.09834107806026707
CXCR3-,HC,PST83775_PB,GSM4104139_CTGATAGGTGTTGAGG-1,-0.09834107806026707
CXCR3-,HC,PST83775_PB,GSM4104139_CTGCGGAAGCTAGTTC-1,-0.09834107806026707
CXCR3-,HC,PST83775_PB,GSM4104139_CTGCGGATCGAACGGA-1,-0.09834107806026707
CXCR3-,HC,PST83775_PB,GSM4104139_CTGCTGTCAACCGCCA-1,-0.38467057189665127
CXCR3-,HC,PST83775_PB,GSM4104139_CTGGTCTAGTGAAGTT-1,-0.25729909152490105
CXCR3-,HC,PST83775_PB,GSM4104139_CTGTGCTGTCGCGGTT-1,-0.09834107806026707
CXCR3-,HC,PST83775_PB,GSM4104139_CTTAACTAGACACGAC-1,-0.09834107806026707
CXCR3-,HC,PST83775_PB,GSM4104139_CTTACCGAGCCAGAAC-1,0.19065312684125793
CXCR3-,HC,PST83775_PB,GSM4104139_CTTACCGCAAGACGTG-1,0.22881288710561307
CXCR3-,HC,PST83775_PB,GSM4104139_CTTAGGAAGAGCTGCA-1,-0.22245970869939352
CXCR3-,HC,PST83775_PB,GSM4104139_CTTAGGATCCTGCTTG-1,0.11207766270581206
CXCR3-,HC,PST83775_PB,GSM4104139_CTTCTCTGTTAAGAAC-1,-0.09834107806026707
CXCR3+,HC,PST83775_PB,GSM4104139_CTTGGCTGTAGGGACT-1,-0.19543084056153956
CXCR3-,HC,PST83775_PB,GSM4104139_CTTGGCTTCAGCATGT-1,-0.09834107806026707
CXCR3-,HC,PST83775_PB,GSM4104139_CTTTGCGTCACATGCA-1,-0.09834107806026707
CXCR3-,HC,PST83775_PB,GSM4104139_GAAACTCGTATATCCG-1,-0.09834107806026707
CXCR3+,HC,PST83775_PB,GSM4104139_GAAATGAAGTCAATAG-1,-0.09834107806026707
CXCR3-,HC,PST83775_PB,GSM4104139_GAAATGACAGTAACGG-1,0.016983006543700392
CXCR3-,HC,PST83775_PB,GSM4104139_GAAATGATCTCCGGTT-1,-0.09834107806026707
CXCR3-,HC,PST83775_PB,GSM4104139_GAAATGATCTGCGTAA-1,-0.14822649528018408
CXCR3-,HC,PST83775_PB,GSM4104139_GAACATCGTAGCGTAG-1,-0.09834107806026707
CXCR3-,HC,PST83775_PB,GSM4104139_GAACATCGTGAGGGAG-1,0.13399324947584842
CXCR3-,HC,PST83775_PB,GSM4104139_GAACATCTCCTTTCTC-1,-0.09834107806026707
CXCR3-,HC,PST83775_PB,GSM4104139_GAACCTATCAAAGTAG-1,0.27746741389064344
CXCR3-,HC,PST83775_PB,GSM4104139_GAACCTATCAACCAAC-1,-0.09834107806026707
CXCR3-,HC,PST83775_PB,GSM4104139_GAACGGAAGTGCCAGA-1,-0.09834107806026707
CXCR3-,HC,PST83775_PB,GSM4104139_GAACGGACAAGGACTG-1,-0.09834107806026707
CXCR3-,HC,PST83775_PB,GSM4104139_GAATAAGTCGTTTATC-1,-0.09834107806026707
CXCR3-,HC,PST83775_PB,GSM4104139_GACCTGGGTGCACTTA-1,-0.09834107806026707
CXCR3-,HC,PST83775_PB,GSM4104139_GACGCGTAGATGCCAG-1,-0.09834107806026707
CXCR3-,HC,PST83775_PB,GSM4104139_GACGGCTTCTAACTCT-1,-0.9883745892517536
CXCR3-,HC,PST83775_PB,GSM4104139_GACGTGCAGCGCTTAT-1,-0.09834107806026707
CXCR3+,HC,PST83775_PB,GSM4104139_GACGTGCTCACGCATA-1,0.03836871495882863
CXCR3-,HC,PST83775_PB,GSM4104139_GACTAACCACAACGTT-1,-0.09834107806026707
CXCR3-,HC,PST83775_PB,GSM4104139_GACTACAGTCTTGTCC-1,0.09117614017058148
CXCR3-,HC,PST83775_PB,GSM4104139_GACTGCGTCGCAGGCT-1,-0.30768356807458414
CXCR3-,HC,PST83775_PB,GSM4104139_GAGCAGACACGAGGTA-1,-0.5055901600727959
CXCR3-,HC,PST83775_PB,GSM4104139_GAGGTGAAGACGACGT-1,-0.2574631647940419
CXCR3-,HC,PST83775_PB,GSM4104139_GAGGTGAAGGACATTA-1,-0.09834107806026707
CXCR3-,HC,PST83775_PB,GSM4104139_GAGGTGATCTAGAGTC-1,-0.09834107806026707
CXCR3-,HC,PST83775_PB,GSM4104139_GAGTCCGAGTATCGAA-1,-0.030802438912787635
CXCR3-,HC,PST83775_PB,GSM4104139_GAGTCCGCAAGGACAC-1,-0.09834107806026707
CXCR3-,HC,PST83775_PB,GSM4104139_GAGTCCGTCCTGCTTG-1,-0.0869144498953733
CXCR3-,HC,PST83775_PB,GSM4104139_GATCAGTCACTTGGAT-1,-0.18174992143613108
CXCR3-,HC,PST83775_PB,GSM4104139_GATCAGTGTAACGACG-1,0.14578092536889686
CXCR3-,HC,PST83775_PB,GSM4104139_GATCGATGTTGTACAC-1,-0.09834107806026707
CXCR3-,HC,PST83775_PB,GSM4104139_GATCGCGGTTCCACTC-1,-0.6368077031369804
CXCR3-,HC,PST83775_PB,GSM4104139_GATCGCGTCCTTGACC-1,-0.09834107806026707
CXCR3-,HC,PST83775_PB,GSM4104139_GATCGTAGTAAGGATT-1,0.18981609525034931
CXCR3-,HC,PST83775_PB,GSM4104139_GATCTAGAGGACTGGT-1,-0.09834107806026707
CXCR3-,HC,PST83775_PB,GSM4104139_GATCTAGAGTGGAGTC-1,-0.09834107806026707
CXCR3-,HC,PST83775_PB,GSM4104139_GATGAGGTCTAACTGG-1,-0.41378072852590514
CXCR3-,HC,PST83775_PB,GSM4104139_GCAAACTGTCGTCTTC-1,-0.09834107806026707
CXCR3-,HC,PST83775_PB,GSM4104139_GCAATCACAAGTTCTG-1,-0.09834107806026707
CXCR3-,HC,PST83775_PB,GSM4104139_GCAATCATCGCGTTTC-1,-0.09834107806026707
CXCR3-,HC,PST83775_PB,GSM4104139_GCAATCATCTTCTGGC-1,-0.09289726909863262
CXCR3-,HC,PST83775_PB,GSM4104139_GCACATACACTATCTT-1,-0.09834107806026707
CXCR3-,HC,PST83775_PB,GSM4104139_GCACATACACTGCCAG-1,-0.08311914996557458
CXCR3-,HC,PST83775_PB,GSM4104139_GCACATATCGCATGGC-1,-0.18399012320771876
CXCR3-,HC,PST83775_PB,GSM4104139_GCACTCTAGCGGCTTC-1,-0.16200516926593325
CXCR3-,HC,PST83775_PB,GSM4104139_GCACTCTCATCTCCCA-1,-0.2786040042521859
CXCR3-,HC,PST83775_PB,GSM4104139_GCAGCCAAGAGACTTA-1,-0.09834107806026707
CXCR3-,HC,PST83775_PB,GSM4104139_GCAGCCAGTAGAAGGA-1,-0.2408653826620042
CXCR3-,HC,PST83775_PB,GSM4104139_GCAGCCATCAAACCGT-1,0.24195570451989432
CXCR3+,HC,PST83775_PB,GSM4104139_GCAGCCATCCCTCTTT-1,0.01487268526585204
CXCR3-,HC,PST83775_PB,GSM4104139_GCAGTTAAGCTAACAA-1,-0.14795612953441362
CXCR3-,HC,PST83775_PB,GSM4104139_GCATACAAGCTGCGAA-1,0.31634030610089703
CXCR3-,HC,PST83775_PB,GSM4104139_GCATACATCACCGGGT-1,-0.09834107806026707
CXCR3-,HC,PST83775_PB,GSM4104139_GCATACATCGACGGAA-1,-0.09834107806026707
CXCR3-,HC,PST83775_PB,GSM4104139_GCATGCGCAAGTTGTC-1,-0.315421497756346
CXCR3-,HC,PST83775_PB,GSM4104139_GCATGCGTCACGCATA-1,-0.09834107806026707
CXCR3-,HC,PST83775_PB,GSM4104139_GCATGTACATCAGTAC-1,-0.09834107806026707
CXCR3-,HC,PST83775_PB,GSM4104139_GCCAAATCACTTCGAA-1,-0.09834107806026707
CXCR3-,HC,PST83775_PB,GSM4104139_GCCAAATTCGGCTACG-1,-0.11761779473960672
CXCR3-,HC,PST83775_PB,GSM4104139_GCCTCTACAAACTGCT-1,-0.09834107806026707
CXCR3-,HC,PST83775_PB,GSM4104139_GCCTCTAGTTATTCTC-1,-0.09834107806026707
CXCR3-,HC,PST83775_PB,GSM4104139_GCCTCTAGTTGCGCAC-1,-0.09834107806026707
CXCR3-,HC,PST83775_PB,GSM4104139_GCGAGAAAGGATGTAT-1,-0.22307056313673926
CXCR3-,HC,PST83775_PB,GSM4104139_GCGAGAAGTTGCGTTA-1,-0.3297711290450506
CXCR3-,HC,PST83775_PB,GSM4104139_GCGAGAATCAACGCTA-1,-0.09834107806026707
CXCR3-,HC,PST83775_PB,GSM4104139_GCGCAGTGTAGCAAAT-1,-0.09834107806026707
CXCR3-,HC,PST83775_PB,GSM4104139_GCGCAGTTCCGAGCCA-1,-0.09834107806026707
CXCR3-,HC,PST83775_PB,GSM4104139_GCGCCAAAGGACCACA-1,-0.09834107806026707
CXCR3-,HC,PST83775_PB,GSM4104139_GCGCGATGTACTTGAC-1,-0.09834107806026707
CXCR3-,HC,PST83775_PB,GSM4104139_GCGGGTTGTACTTCTT-1,-0.09834107806026707
CXCR3-,HC,PST83775_PB,GSM4104139_GCGGGTTTCCAAACAC-1,-0.09834107806026707
CXCR3-,HC,PST83775_PB,GSM4104139_GCTGCGAGTCGCATCG-1,-0.09834107806026707
CXCR3-,HC,PST83775_PB,GSM4104139_GCTGCTTGTAGCGCAA-1,0.22507762937952416
CXCR3-,HC,PST83775_PB,GSM4104139_GCTGCTTTCCTTCAAT-1,-0.27254704069077346
CXCR3-,HC,PST83775_PB,GSM4104139_GCTGGGTTCACTATTC-1,-0.09834107806026707
CXCR3-,HC,PST83775_PB,GSM4104139_GCTGGGTTCGCCGTGA-1,-0.09834107806026707
CXCR3-,HC,PST83775_PB,GSM4104139_GCTTGAAGTCTGGAGA-1,-0.09834107806026707
CXCR3-,HC,PST83775_PB,GSM4104139_GCTTGAATCGTGGTCG-1,-0.09834107806026707
CXCR3-,HC,PST83775_PB,GSM4104139_GGAAAGCGTTCTGGTA-1,-0.35005436837674503
CXCR3-,HC,PST83775_PB,GSM4104139_GGAAAGCTCTGCCCTA-1,-0.09834107806026707
CXCR3-,HC,PST83775_PB,GSM4104139_GGAACTTAGGGATCTG-1,0.2298147218626167
CXCR3-,HC,PST83775_PB,GSM4104139_GGAATAACATTTCAGG-1,-0.09834107806026707
CXCR3-,HC,PST83775_PB,GSM4104139_GGACAAGGTTGGACCC-1,0.039155188895412064
CXCR3-,HC,PST83775_PB,GSM4104139_GGACGTCGTGAAAGAG-1,-0.09834107806026707
CXCR3-,HC,PST83775_PB,GSM4104139_GGAGCAACATTACGAC-1,-0.09834107806026707
CXCR3-,HC,PST83775_PB,GSM4104139_GGATGTTCACTGAAGG-1,-0.04931366004916341
CXCR3-,HC,PST83775_PB,GSM4104139_GGATGTTCATCGGGTC-1,-0.09834107806026707
CXCR3-,HC,PST83775_PB,GSM4104139_GGATTACTCGAATGCT-1,-0.2264846019551725
CXCR3-,HC,PST83775_PB,GSM4104139_GGATTACTCGCGGATC-1,-0.2267348187750263
CXCR3-,HC,PST83775_PB,GSM4104139_GGCAATTGTTCACCTC-1,0.1057171959514271
CXCR3-,HC,PST83775_PB,GSM4104139_GGCAATTTCTGTACGA-1,-0.09834107806026707
CXCR3-,HC,PST83775_PB,GSM4104139_GGCCGATAGAGACTAT-1,0.18259950048099075
CXCR3-,HC,PST83775_PB,GSM4104139_GGCCGATTCAGAGACG-1,-0.18148045401312915
CXCR3-,HC,PST83775_PB,GSM4104139_GGCGTGTTCTGGTATG-1,-0.09834107806026707
CXCR3-,HC,PST83775_PB,GSM4104139_GGCTCGAGTAGCCTAT-1,-0.09834107806026707
CXCR3-,HC,PST83775_PB,GSM4104139_GGGAATGAGACCCACC-1,-0.09834107806026707
CXCR3-,HC,PST83775_PB,GSM4104139_GGGAATGGTAAAGGAG-1,-0.21352993640235227
CXCR3-,HC,PST83775_PB,GSM4104139_GGGACCTGTAGCGTCC-1,-0.09834107806026707
CXCR3-,HC,PST83775_PB,GSM4104139_GGGACCTGTCAGAATA-1,-0.09834107806026707
CXCR3-,HC,PST83775_PB,GSM4104139_GGGAGATAGTGGAGTC-1,-0.09834107806026707
CXCR3-,HC,PST83775_PB,GSM4104139_GGGATGAAGCCTATGT-1,0.24344102058280298
CXCR3-,HC,PST83775_PB,GSM4104139_GGGCACTAGACGCACA-1,-0.09834107806026707
CXCR3-,HC,PST83775_PB,GSM4104139_GGGCACTAGTACCGGA-1,-0.09834107806026707
CXCR3+,HC,PST83775_PB,GSM4104139_GGGCACTAGTCCATAC-1,-0.09834107806026707
CXCR3-,HC,PST83775_PB,GSM4104139_GGGCATCTCTTGAGGT-1,-0.3869737761180231
CXCR3-,HC,PST83775_PB,GSM4104139_GGGTCTGAGATGTCGG-1,-0.37373941809187244
CXCR3-,HC,PST83775_PB,GSM4104139_GGGTCTGAGGAGCGAG-1,-0.09834107806026707
CXCR3-,HC,PST83775_PB,GSM4104139_GGGTCTGCAATAGCAA-1,0.14026507763723406
CXCR3-,HC,PST83775_PB,GSM4104139_GGGTCTGTCATGCATG-1,-0.09834107806026707
CXCR3-,HC,PST83775_PB,GSM4104139_GGGTTGCAGACACTAA-1,-0.4591777145796226
CXCR3-,HC,PST83775_PB,GSM4104139_GGTATTGAGCTGTTCA-1,-0.09834107806026707
CXCR3-,HC,PST83775_PB,GSM4104139_GGTATTGCAACACGCC-1,-0.32572306706143456
CXCR3-,HC,PST83775_PB,GSM4104139_GGTGCGTAGGAATGGA-1,-0.09834107806026707
CXCR3-,HC,PST83775_PB,GSM4104139_GGTGCGTCATAGTAAG-1,-0.09834107806026707
CXCR3-,HC,PST83775_PB,GSM4104139_GGTGCGTTCTTGAGAC-1,-0.09834107806026707
CXCR3-,HC,PST83775_PB,GSM4104139_GGTGTTATCCGAATGT-1,-0.09834107806026707
CXCR3-,HC,PST83775_PB,GSM4104139_GTAACGTGTAAATACG-1,0.31093671333198664
CXCR3-,HC,PST83775_PB,GSM4104139_GTAACGTTCACCTCGT-1,-0.178045328836629
CXCR3-,HC,PST83775_PB,GSM4104139_GTAACTGCACAACTGT-1,-0.421180388141526
CXCR3-,HC,PST83775_PB,GSM4104139_GTACGTAAGGCTAGGT-1,-0.18008447433147134
CXCR3-,HC,PST83775_PB,GSM4104139_GTACGTACATCCAACA-1,-0.09834107806026707
CXCR3-,HC,PST83775_PB,GSM4104139_GTACTCCAGTCCTCCT-1,-0.09834107806026707
CXCR3-,HC,PST83775_PB,GSM4104139_GTACTCCTCGCAAACT-1,-0.09834107806026707
CXCR3-,HC,PST83775_PB,GSM4104139_GTACTTTTCCCAAGTA-1,-0.42747210185622003
CXCR3-,HC,PST83775_PB,GSM4104139_GTAGGCCTCCGAATGT-1,-0.09834107806026707
CXCR3-,HC,PST83775_PB,GSM4104139_GTAGTCAAGCTAACAA-1,-0.05337816693320331
CXCR3-,HC,PST83775_PB,GSM4104139_GTAGTCAGTCACTGGC-1,0.23659646990540031
CXCR3-,HC,PST83775_PB,GSM4104139_GTAGTCAGTTACGGAG-1,-0.09834107806026707
CXCR3-,HC,PST83775_PB,GSM4104139_GTAGTCATCCTTTCTC-1,-0.09834107806026707
CXCR3-,HC,PST83775_PB,GSM4104139_GTATCTTGTCATTAGC-1,-0.2902043487186085
CXCR3-,HC,PST83775_PB,GSM4104139_GTATCTTTCTGCAGTA-1,-0.09834107806026707
CXCR3-,HC,PST83775_PB,GSM4104139_GTATTCTCACCAGGTC-1,0.5448242603274214
CXCR3-,HC,PST83775_PB,GSM4104139_GTATTCTCACGGTGTC-1,-0.09834107806026707
CXCR3-,HC,PST83775_PB,GSM4104139_GTATTCTGTCTGCGGT-1,-0.09834107806026707
CXCR3-,HC,PST83775_PB,GSM4104139_GTCAAGTTCGAGCCCA-1,-0.09834107806026707
CXCR3-,HC,PST83775_PB,GSM4104139_GTCACAACAGCCAATT-1,0.12392794066657367
CXCR3-,HC,PST83775_PB,GSM4104139_GTCACAACATCGATGT-1,-0.5602812884103235
CXCR3-,HC,PST83775_PB,GSM4104139_GTCACGGTCCCACTTG-1,0.29281591246661065
CXCR3-,HC,PST83775_PB,GSM4104139_GTCATTTGTGTCTGAT-1,-0.09834107806026707
CXCR3-,HC,PST83775_PB,GSM4104139_GTCATTTTCTCAAACG-1,-0.09834107806026707
CXCR3-,HC,PST83775_PB,GSM4104139_GTCGGGTCACATAACC-1,-0.09834107806026707
CXCR3-,HC,PST83775_PB,GSM4104139_GTCGGGTTCCAAATGC-1,0.20493257027330497
CXCR3-,HC,PST83775_PB,GSM4104139_GTCGTAACAGCCAGAA-1,-0.09834107806026707
CXCR3-,HC,PST83775_PB,GSM4104139_GTCTCGTTCCGCAGTG-1,0.19512742745342138
CXCR3-,HC,PST83775_PB,GSM4104139_GTCTTCGCAAGAAGAG-1,0.20591410208992958
CXCR3-,HC,PST83775_PB,GSM4104139_GTCTTCGTCGCCAAAT-1,0.23639922396562008
CXCR3-,HC,PST83775_PB,GSM4104139_GTGAAGGAGGATATAC-1,0.2049344360435839
CXCR3-,HC,PST83775_PB,GSM4104139_GTGAAGGGTGCAGACA-1,-0.09834107806026707
CXCR3-,HC,PST83775_PB,GSM4104139_GTGAAGGTCTTACCGC-1,-0.09834107806026707
CXCR3-,HC,PST83775_PB,GSM4104139_GTGCATAGTAGCTGCC-1,-0.09834107806026707
CXCR3-,HC,PST83775_PB,GSM4104139_GTGCATAGTCCCTACT-1,-0.032855505188474576
CXCR3-,HC,PST83775_PB,GSM4104139_GTGCGGTAGGTAGCCA-1,-0.09834107806026707
CXCR3-,HC,PST83775_PB,GSM4104139_GTGCTTCCAAGTCATC-1,0.028988974615163244
CXCR3-,HC,PST83775_PB,GSM4104139_GTGCTTCCACACCGAC-1,-0.09834107806026707
CXCR3-,HC,PST83775_PB,GSM4104139_GTGCTTCGTCCGTTAA-1,-0.09834107806026707
CXCR3-,HC,PST83775_PB,GSM4104139_GTGGGTCCAGCTGTTA-1,-0.09834107806026707
CXCR3-,HC,PST83775_PB,GSM4104139_GTGTTAGAGCTAGTCT-1,-0.09834107806026707
CXCR3-,HC,PST83775_PB,GSM4104139_GTGTTAGCAAGTTAAG-1,-0.09834107806026707
CXCR3-,HC,PST83775_PB,GSM4104139_GTGTTAGCAATGGATA-1,-0.09834107806026707
CXCR3-,HC,PST83775_PB,GSM4104139_GTGTTAGTCTCCCTGA-1,0.2501837432265994
CXCR3-,HC,PST83775_PB,GSM4104139_GTTAAGCGTCGAATCT-1,-0.09834107806026707
CXCR3-,HC,PST83775_PB,GSM4104139_GTTACAGAGTGATCGG-1,0.27497493439242604
CXCR3-,HC,PST83775_PB,GSM4104139_GTTCATTCACTTAAGC-1,0.5667865909384391
CXCR3-,HC,PST83775_PB,GSM4104139_GTTCGGGGTCCGAGTC-1,-0.09834107806026707
CXCR3-,HC,PST83775_PB,GSM4104139_GTTCTCGGTGATAAAC-1,0.26518643604312514
CXCR3-,HC,PST83775_PB,GSM4104139_GTTCTCGTCAGTGTTG-1,-0.09834107806026707
CXCR3-,HC,PST83775_PB,GSM4104139_GTTTCTACAGCTGTTA-1,-0.07349960744034648
CXCR3-,HC,PST83775_PB,GSM4104139_TAAGCGTCATGAGCGA-1,-0.09834107806026707
CXCR3-,HC,PST83775_PB,GSM4104139_TAAGTGCTCGTCGTTC-1,0.4743580835230466
CXCR3-,HC,PST83775_PB,GSM4104139_TACACGATCCCATTTA-1,-0.09834107806026707
CXCR3-,HC,PST83775_PB,GSM4104139_TACACGATCCCTAATT-1,-0.09834107806026707
CXCR3-,HC,PST83775_PB,GSM4104139_TACAGTGGTCCGTCAG-1,0.6557702864193067
CXCR3-,HC,PST83775_PB,GSM4104139_TACCTATCACGGTAGA-1,-0.21649922913000605
CXCR3-,HC,PST83775_PB,GSM4104139_TACCTTAAGTAGGTGC-1,-0.09834107806026707
CXCR3-,HC,PST83775_PB,GSM4104139_TACCTTATCCGATATG-1,-0.09834107806026707
CXCR3-,HC,PST83775_PB,GSM4104139_TACGGATCAGGTGCCT-1,-0.09834107806026707
CXCR3-,HC,PST83775_PB,GSM4104139_TACGGGCAGGATGGAA-1,-0.09834107806026707
CXCR3-,HC,PST83775_PB,GSM4104139_TACGGTATCGAATCCA-1,0.13942183521536047
CXCR3-,HC,PST83775_PB,GSM4104139_TACTCATCATCACGAT-1,-0.09834107806026707
CXCR3-,HC,PST83775_PB,GSM4104139_TACTCATGTTTGTTGG-1,-0.09834107806026707
CXCR3-,HC,PST83775_PB,GSM4104139_TACTCGCAGTTGAGAT-1,-0.09834107806026707
CXCR3-,HC,PST83775_PB,GSM4104139_TACTCGCCAAAGCAAT-1,-0.09834107806026707
CXCR3-,HC,PST83775_PB,GSM4104139_TACTCGCTCCTGTAGA-1,-0.09834107806026707
CXCR3-,HC,PST83775_PB,GSM4104139_TACTTACGTATAATGG-1,0.13259249852978397
CXCR3-,HC,PST83775_PB,GSM4104139_TACTTGTAGCGATCCC-1,-0.09834107806026707
CXCR3-,HC,PST83775_PB,GSM4104139_TACTTGTTCCGCTGTT-1,-0.09834107806026707
CXCR3-,HC,PST83775_PB,GSM4104139_TAGACCACAAGTTCTG-1,-0.09834107806026707
CXCR3-,HC,PST83775_PB,GSM4104139_TAGACCACAATAGCGG-1,0.20023420857727972
CXCR3-,HC,PST83775_PB,GSM4104139_TAGACCACACGAAACG-1,-0.09834107806026707
CXCR3-,HC,PST83775_PB,GSM4104139_TAGACCATCTCACATT-1,0.11822959587315249
CXCR3-,HC,PST83775_PB,GSM4104139_TAGAGCTCAATCGGTT-1,-0.09834107806026707
CXCR3-,HC,PST83775_PB,GSM4104139_TAGAGCTTCGTTACAG-1,-0.09834107806026707
CXCR3-,HC,PST83775_PB,GSM4104139_TAGGCATAGTCATGCT-1,-0.2181562108781193
CXCR3-,HC,PST83775_PB,GSM4104139_TAGGCATCACGTCAGC-1,-0.023889021982025044
CXCR3-,HC,PST83775_PB,GSM4104139_TAGTTGGTCAGTTAGC-1,0.07377747674746885
CXCR3-,HC,PST83775_PB,GSM4104139_TATCTCACAGGCTCAC-1,-0.09834107806026707
CXCR3-,HC,PST83775_PB,GSM4104139_TATGCCCAGAAGGCCT-1,0.1116738113174572
CXCR3-,HC,PST83775_PB,GSM4104139_TATTACCAGAAACGAG-1,0.21531619288532508
CXCR3-,HC,PST83775_PB,GSM4104139_TATTACCCATCAGTAC-1,-0.29243268394074207
CXCR3-,HC,PST83775_PB,GSM4104139_TCAACGAGTAGAGTGC-1,-0.09834107806026707
CXCR3-,HC,PST83775_PB,GSM4104139_TCAACGAGTTCGCGAC-1,-0.09834107806026707
CXCR3-,HC,PST83775_PB,GSM4104139_TCACGAAAGGCGCTCT-1,-0.2080413041910792
CXCR3-,HC,PST83775_PB,GSM4104139_TCACGAAAGTGTACTC-1,-0.09834107806026707
CXCR3-,HC,PST83775_PB,GSM4104139_TCAGATGTCGGTGTCG-1,-0.09834107806026707
CXCR3-,HC,PST83775_PB,GSM4104139_TCAGCAAAGCGATGAC-1,-0.09834107806026707
CXCR3-,HC,PST83775_PB,GSM4104139_TCAGCTCTCCCTTGCA-1,-0.09834107806026707
CXCR3-,HC,PST83775_PB,GSM4104139_TCAGCTCTCTCTGTCG-1,-0.24743754443693586
CXCR3-,HC,PST83775_PB,GSM4104139_TCAGGATCACTTCGAA-1,0.18390786737948334
CXCR3-,HC,PST83775_PB,GSM4104139_TCAGGATTCTGTGCAA-1,-0.09834107806026707
CXCR3-,HC,PST83775_PB,GSM4104139_TCAGGTAAGATAGGAG-1,-0.09834107806026707
CXCR3-,HC,PST83775_PB,GSM4104139_TCAGGTACAGAGTGTG-1,-0.09834107806026707
CXCR3-,HC,PST83775_PB,GSM4104139_TCAGGTAGTTGTCTTT-1,-0.22640784566901284
CXCR3-,HC,PST83775_PB,GSM4104139_TCAGGTATCCATTCTA-1,-0.09834107806026707
CXCR3-,HC,PST83775_PB,GSM4104139_TCATTACAGATGTTAG-1,-0.09834107806026707
CXCR3-,HC,PST83775_PB,GSM4104139_TCATTTGTCTTAGAGC-1,-0.09834107806026707
CXCR3-,HC,PST83775_PB,GSM4104139_TCCACACTCGCTAGCG-1,-0.09834107806026707
CXCR3+,HC,PST83775_PB,GSM4104139_TCCCGATAGCTGATAA-1,-0.09834107806026707
CXCR3-,HC,PST83775_PB,GSM4104139_TCCCGATAGGAGCGTT-1,-0.09834107806026707
CXCR3-,HC,PST83775_PB,GSM4104139_TCCCGATAGTAGGCCA-1,-0.09834107806026707
CXCR3-,HC,PST83775_PB,GSM4104139_TCCCGATGTGATGCCC-1,-0.0002435977886200583
CXCR3-,HC,PST83775_PB,GSM4104139_TCCCGATTCGGTTCGG-1,-0.09834107806026707
CXCR3-,HC,PST83775_PB,GSM4104139_TCGAGGCGTAGTAGTA-1,-0.5650695695417182
CXCR3-,HC,PST83775_PB,GSM4104139_TCGAGGCTCCATTCTA-1,-0.2412099362275137
CXCR3-,HC,PST83775_PB,GSM4104139_TCGAGGCTCGCAAACT-1,0.44255739516574444
CXCR3-,HC,PST83775_PB,GSM4104139_TCGCGAGAGCTGAACG-1,-0.09834107806026707
CXCR3-,HC,PST83775_PB,GSM4104139_TCGCGAGCAATGTAAG-1,0.11118963045859921
CXCR3-,HC,PST83775_PB,GSM4104139_TCGCGAGTCTCTTATG-1,-0.09834107806026707
CXCR3-,HC,PST83775_PB,GSM4104139_TCGGGACAGAGCCTAG-1,-0.09834107806026707
CXCR3-,HC,PST83775_PB,GSM4104139_TCGGGACAGTGAATTG-1,-0.09834107806026707
CXCR3-,HC,PST83775_PB,GSM4104139_TCGTACCGTAAGTAGT-1,0.09044350996552772
CXCR3-,HC,PST83775_PB,GSM4104139_TCGTACCTCCTCGCAT-1,-0.09834107806026707
CXCR3-,HC,PST83775_PB,GSM4104139_TCGTAGACAGGCAGTA-1,-0.09834107806026707
CXCR3-,HC,PST83775_PB,GSM4104139_TCGTAGAGTGCAGTAG-1,-0.2238768572372077
CXCR3-,HC,PST83775_PB,GSM4104139_TCTATTGCACACCGAC-1,-0.09834107806026707
CXCR3-,HC,PST83775_PB,GSM4104139_TCTATTGGTAATCGTC-1,-0.2059747104933217
CXCR3-,HC,PST83775_PB,GSM4104139_TCTATTGGTGGCAAAC-1,-0.5560242676194714
CXCR3-,HC,PST83775_PB,GSM4104139_TCTCATACAAGCGATG-1,-0.09834107806026707
CXCR3-,HC,PST83775_PB,GSM4104139_TCTCTAACACCGTTGG-1,0.08762460918574728
CXCR3-,HC,PST83775_PB,GSM4104139_TCTCTAATCCTTTCTC-1,-0.09834107806026707
CXCR3-,HC,PST83775_PB,GSM4104139_TCTGGAAGTAAGGATT-1,-0.09834107806026707
CXCR3-,HC,PST83775_PB,GSM4104139_TCTTTCCTCTCGAGTA-1,-0.09834107806026707
CXCR3-,HC,PST83775_PB,GSM4104139_TGAAAGACATTAGGCT-1,-0.24507465529403846
CXCR3-,HC,PST83775_PB,GSM4104139_TGAAAGAGTCCGTTAA-1,-0.4128847026107792
CXCR3-,HC,PST83775_PB,GSM4104139_TGACTAGCAAAGGTGC-1,0.17353882020392689
CXCR3-,HC,PST83775_PB,GSM4104139_TGACTAGTCAAAGTAG-1,-0.09834107806026707
CXCR3-,HC,PST83775_PB,GSM4104139_TGACTTTGTGTTTGTG-1,-0.20926911279828234
CXCR3-,HC,PST83775_PB,GSM4104139_TGAGAGGAGAACTCGG-1,-0.09834107806026707
CXCR3-,HC,PST83775_PB,GSM4104139_TGAGCATAGAATGTTG-1,0.22889307733095726
CXCR3-,HC,PST83775_PB,GSM4104139_TGAGCATGTCTCCATC-1,0.2878374456858988
CXCR3-,HC,PST83775_PB,GSM4104139_TGATTTCTCGGATGTT-1,0.261476405531899
CXCR3-,HC,PST83775_PB,GSM4104139_TGCCCATAGCGACGTA-1,-0.3082276340561824
CXCR3-,HC,PST83775_PB,GSM4104139_TGCCCATAGTATCTCG-1,-0.09834107806026707
CXCR3-,HC,PST83775_PB,GSM4104139_TGCCCATAGTTCGCGC-1,-0.09834107806026707
CXCR3-,HC,PST83775_PB,GSM4104139_TGCCCATCACAGAGGT-1,0.346008985115375
CXCR3-,HC,PST83775_PB,GSM4104139_TGCCCTACACCAGATT-1,-0.18582240689078544
CXCR3-,HC,PST83775_PB,GSM4104139_TGCCCTATCTCGCTTG-1,0.245392122231975
CXCR3-,HC,PST83775_PB,GSM4104139_TGCGCAGAGCAATCTC-1,-0.09834107806026707
CXCR3-,HC,PST83775_PB,GSM4104139_TGCGCAGGTCCATGAT-1,-0.09834107806026707
CXCR3-,HC,PST83775_PB,GSM4104139_TGCGTGGCACGAAAGC-1,-0.09834107806026707
CXCR3-,HC,PST83775_PB,GSM4104139_TGCGTGGTCTAACCGA-1,-0.09834107806026707
CXCR3-,HC,PST83775_PB,GSM4104139_TGCTACCGTCGCATAT-1,0.023335665707815756
CXCR3-,HC,PST83775_PB,GSM4104139_TGCTACCTCCCATTAT-1,-0.09834107806026707
CXCR3-,HC,PST83775_PB,GSM4104139_TGCTACCTCGTGTAGT-1,-0.30747695843192907
CXCR3-,HC,PST83775_PB,GSM4104139_TGGCCAGTCAGGTTCA-1,-0.4720957607341327
CXCR3-,HC,PST83775_PB,GSM4104139_TGGGAAGCAAGCTGTT-1,-0.09834107806026707
CXCR3-,HC,PST83775_PB,GSM4104139_TGGTTCCCAAGAAGAG-1,-0.17319170836749906
CXCR3-,HC,PST83775_PB,GSM4104139_TGGTTCCGTACAGCAG-1,-0.09834107806026707
CXCR3-,HC,PST83775_PB,GSM4104139_TGTATTCGTTATTCTC-1,-0.09834107806026707
CXCR3-,HC,PST83775_PB,GSM4104139_TGTATTCTCTGCCAGG-1,-0.09834107806026707
CXCR3-,HC,PST83775_PB,GSM4104139_TGTCCCATCTAACTTC-1,-0.09834107806026707
CXCR3-,HC,PST83775_PB,GSM4104139_TGTGGTAGTAACGACG-1,-0.21029425283210837
CXCR3-,HC,PST83775_PB,GSM4104139_TGTTCCGGTCCAGTTA-1,-0.09834107806026707
CXCR3-,HC,PST83775_PB,GSM4104139_TTAACTCAGCTTATCG-1,-0.09834107806026707
CXCR3+,HC,PST83775_PB,GSM4104139_TTAACTCGTTGGTTTG-1,-0.09834107806026707
CXCR3-,HC,PST83775_PB,GSM4104139_TTAACTCGTTTGGGCC-1,-0.09834107806026707
CXCR3-,HC,PST83775_PB,GSM4104139_TTAACTCTCGCTTGTC-1,0.24405705130230676
CXCR3-,HC,PST83775_PB,GSM4104139_TTAGGCAGTCAGAGGT-1,-0.09834107806026707
CXCR3-,HC,PST83775_PB,GSM4104139_TTCCCAGTCAGAAATG-1,-0.34805970422236315
CXCR3-,HC,PST83775_PB,GSM4104139_TTCTACAGTGAGCGAT-1,-0.09834107806026707
CXCR3-,HC,PST83775_PB,GSM4104139_TTCTACATCAACGGGA-1,-0.09834107806026707
CXCR3-,HC,PST83775_PB,GSM4104139_TTCTCAACACTTCGAA-1,-0.09834107806026707
CXCR3-,HC,PST83775_PB,GSM4104139_TTCTCAAGTGGTTTCA-1,-0.09834107806026707
CXCR3-,HC,PST83775_PB,GSM4104139_TTCTCCTCATGTAGTC-1,-0.09834107806026707
CXCR3-,HC,PST83775_PB,GSM4104139_TTCTCCTGTGTGGCTC-1,-0.09834107806026707
CXCR3+,HC,PST83775_PB,GSM4104139_TTCTTAGTCCAACCAA-1,0.21877556743343265
CXCR3-,HC,PST83775_PB,GSM4104139_TTGAACGGTGGAAAGA-1,-0.2485264030894157
CXCR3-,HC,PST83775_PB,GSM4104139_TTGACTTTCTCGTTTA-1,-0.09834107806026707
CXCR3-,HC,PST83775_PB,GSM4104139_TTGCCGTAGCTGAAAT-1,-0.09834107806026707
CXCR3-,HC,PST83775_PB,GSM4104139_TTGCCGTCACTAAGTC-1,-0.09834107806026707
CXCR3-,HC,PST83775_PB,GSM4104139_TTGCCGTTCAACGGCC-1,-0.4426777793140877
CXCR3-,HC,PST83775_PB,GSM4104139_TTGCCGTTCCAGTATG-1,0.1892730411150547
CXCR3-,HC,PST83775_PB,GSM4104139_TTGCGTCCATCCGGGT-1,-0.09834107806026707
CXCR3-,HC,PST83775_PB,GSM4104139_TTGGAACCACGACGAA-1,-0.09834107806026707
CXCR3-,HC,PST83775_PB,GSM4104139_TTGGAACGTTATCACG-1,-0.09834107806026707
CXCR3-,HC,PST83775_PB,GSM4104139_TTGGCAAAGGTGATTA-1,-0.09834107806026707
CXCR3-,HC,PST83775_PB,GSM4104139_TTGGCAACAAAGCGGT-1,0.026308390252020458
CXCR3-,HC,PST83775_PB,GSM4104139_TTGGCAACATTGTGCA-1,-0.40196869553880193
CXCR3-,HC,PST83775_PB,GSM4104139_TTGTAGGCAAGTACCT-1,-0.09834107806026707
CXCR3-,HC,PST83775_PB,GSM4104139_TTTACTGCAGTCACTA-1,-0.09834107806026707
CXCR3+,HC,PST83775_PB,GSM4104139_TTTACTGGTTGAACTC-1,-0.5192492380776356
CXCR3-,HC,PST83775_PB,GSM4104139_TTTACTGTCACAAACC-1,-0.5156202536904099
CXCR3-,HC,PST83775_PB,GSM4104139_TTTACTGTCGTAGGAG-1,-0.09834107806026707
CXCR3-,HC,PST83775_PB,GSM4104139_TTTCCTCAGTCTCGGC-1,0.4667085059107036
CXCR3-,HC,PST83775_PB,GSM4104139_TTTGGTTAGGGATGGG-1,-0.09834107806026707
CXCR3-,HC,PST83775_PB,GSM4104139_TTTGGTTTCACTATTC-1,-0.31355199597677447
CXCR3-,HC,PST95809_PB,GSM4104141_AAACCTGTCGTCTGCT-1,-0.5406112483972775
CXCR3-,HC,PST95809_PB,GSM4104141_AAACGGGAGCCATCGC-1,-0.09834107806026707
CXCR3-,HC,PST95809_PB,GSM4104141_AAAGTAGAGGCATGGT-1,-0.09834107806026707
CXCR3-,HC,PST95809_PB,GSM4104141_AAATGCCAGGCAAAGA-1,-0.09834107806026707
CXCR3-,HC,PST95809_PB,GSM4104141_AACACGTGTCGCGTGT-1,-0.2548683944551852
CXCR3-,HC,PST95809_PB,GSM4104141_AACGTTGCAGTGAGTG-1,-0.09834107806026707
CXCR3-,HC,PST95809_PB,GSM4104141_AACTCAGGTGCACGAA-1,-0.09834107806026707
CXCR3-,HC,PST95809_PB,GSM4104141_AACTGGTCACCGCTAG-1,-0.25660774651619056
CXCR3-,HC,PST95809_PB,GSM4104141_AACTGGTGTTTGTTTC-1,0.26688357551241754
CXCR3-,HC,PST95809_PB,GSM4104141_AACTGGTTCACAACGT-1,-0.5310528980956499
CXCR3-,HC,PST95809_PB,GSM4104141_AAGACCTTCCCAAGTA-1,-0.25607481246702796
CXCR3-,HC,PST95809_PB,GSM4104141_AAGGAGCCAGCTATTG-1,-0.09834107806026707
CXCR3-,HC,PST95809_PB,GSM4104141_AAGGTTCTCGTGTAGT-1,-0.888451055560882
CXCR3-,HC,PST95809_PB,GSM4104141_AAGTCTGAGCGATAGC-1,-0.472853121316283
CXCR3-,HC,PST95809_PB,GSM4104141_AATCGGTGTAGGACAC-1,0.16338257336041487
CXCR3-,HC,PST95809_PB,GSM4104141_AATCGGTGTTACGGAG-1,-0.09834107806026707
CXCR3-,HC,PST95809_PB,GSM4104141_ACACCCTGTAATCGTC-1,-0.09834107806026707
CXCR3-,HC,PST95809_PB,GSM4104141_ACACCCTTCCGCGCAA-1,-0.09834107806026707
CXCR3-,HC,PST95809_PB,GSM4104141_ACAGCTAAGATACACA-1,-0.32039275944895673
CXCR3-,HC,PST95809_PB,GSM4104141_ACAGCTAGTCAACATC-1,-0.1709960401683061
CXCR3-,HC,PST95809_PB,GSM4104141_ACATCAGGTCATGCAT-1,-0.09834107806026707
CXCR3-,HC,PST95809_PB,GSM4104141_ACCCACTGTCGGCACT-1,-0.8261595289241591
CXCR3-,HC,PST95809_PB,GSM4104141_ACCGTAAAGGACAGAA-1,-0.4312326950570561
CXCR3-,HC,PST95809_PB,GSM4104141_ACCGTAATCTATCCCG-1,-0.09834107806026707
CXCR3-,HC,PST95809_PB,GSM4104141_ACGAGCCAGAGATGAG-1,-0.1922067728842152
CXCR3-,HC,PST95809_PB,GSM4104141_ACGAGCCAGTTTAGGA-1,0.19865792461206416
CXCR3-,HC,PST95809_PB,GSM4104141_ACGATGTTCGTCTGCT-1,-0.47112325061364657
CXCR3-,HC,PST95809_PB,GSM4104141_ACGATGTTCTGTTTGT-1,-0.09834107806026707
CXCR3-,HC,PST95809_PB,GSM4104141_ACGCAGCGTATATCCG-1,-0.09110225254329972
CXCR3-,HC,PST95809_PB,GSM4104141_ACGCCAGTCAGCATGT-1,-0.09834107806026707
CXCR3-,HC,PST95809_PB,GSM4104141_ACGGGCTAGCACCGCT-1,-0.2694456192164255
CXCR3-,HC,PST95809_PB,GSM4104141_ACGGGTCTCAAACCAC-1,-0.09834107806026707
CXCR3-,HC,PST95809_PB,GSM4104141_ACTATCTTCTAACTTC-1,0.3749537096970754
CXCR3-,HC,PST95809_PB,GSM4104141_ACTTGTTTCCTCGCAT-1,-0.09834107806026707
CXCR3-,HC,PST95809_PB,GSM4104141_ACTTTCAAGTAGCGGT-1,-0.09834107806026707
CXCR3+,HC,PST95809_PB,GSM4104141_ACTTTCATCTCTAGGA-1,-0.2682746785718457
CXCR3-,HC,PST95809_PB,GSM4104141_AGATTGCTCGGCTACG-1,-0.4968422545875728
CXCR3-,HC,PST95809_PB,GSM4104141_AGCAGCCCAGGAATGC-1,-0.09834107806026707
CXCR3-,HC,PST95809_PB,GSM4104141_AGCATACAGTCTCAAC-1,-0.09834107806026707
CXCR3-,HC,PST95809_PB,GSM4104141_AGCATACGTGACAAAT-1,0.17103164063074663
CXCR3-,HC,PST95809_PB,GSM4104141_AGCATACGTGTTTGTG-1,-0.09834107806026707
CXCR3-,HC,PST95809_PB,GSM4104141_AGCTCCTTCCATGCTC-1,-0.09834107806026707
CXCR3-,HC,PST95809_PB,GSM4104141_AGCTCTCCAATTGCTG-1,-0.09834107806026707
CXCR3-,HC,PST95809_PB,GSM4104141_AGCTTGACAGCATACT-1,-0.6882875994632552
CXCR3-,HC,PST95809_PB,GSM4104141_AGCTTGAGTAAACACA-1,-0.09834107806026707
CXCR3-,HC,PST95809_PB,GSM4104141_AGCTTGAGTCATGCAT-1,0.15817317877771025
CXCR3-,HC,PST95809_PB,GSM4104141_AGGCCACGTCAAAGCG-1,-0.0906764276323357
CXCR3-,HC,PST95809_PB,GSM4104141_AGGGATGAGCCGGTAA-1,-0.09834107806026707
CXCR3-,HC,PST95809_PB,GSM4104141_AGGGTGAGTAGCTTGT-1,-0.30415708790131185
CXCR3-,HC,PST95809_PB,GSM4104141_AGGTCATGTGGGTATG-1,-0.09834107806026707
CXCR3-,HC,PST95809_PB,GSM4104141_AGGTCCGTCCTTTACA-1,0.07441112341590253
CXCR3-,HC,PST95809_PB,GSM4104141_AGTCTTTAGAGTGAGA-1,-0.09834107806026707
CXCR3-,HC,PST95809_PB,GSM4104141_AGTGAGGTCCGCATAA-1,-0.6526467114417126
CXCR3-,HC,PST95809_PB,GSM4104141_AGTGGGACAGATCCAT-1,-0.2548071324139947
CXCR3-,HC,PST95809_PB,GSM4104141_ATAACGCGTATGGTTC-1,-0.09834107806026707
CXCR3-,HC,PST95809_PB,GSM4104141_ATCATCTAGGCATTGG-1,-0.09834107806026707
CXCR3-,HC,PST95809_PB,GSM4104141_ATCATGGAGGGTATCG-1,-0.3857897657737231
CXCR3-,HC,PST95809_PB,GSM4104141_ATCTACTAGTCCCACG-1,-0.23434518894642278
CXCR3-,HC,PST95809_PB,GSM4104141_ATCTGCCAGCACCGCT-1,-0.09834107806026707
CXCR3-,HC,PST95809_PB,GSM4104141_ATGAGGGCATCCGTGG-1,-0.09834107806026707
CXCR3-,HC,PST95809_PB,GSM4104141_ATTACTCGTTCAACCA-1,-0.35933760108899254
CXCR3-,HC,PST95809_PB,GSM4104141_ATTATCCCACGTAAGG-1,-0.4554554896946235
CXCR3-,HC,PST95809_PB,GSM4104141_ATTCTACCATTAACCG-1,-0.09834107806026707
CXCR3+,HC,PST95809_PB,GSM4104141_ATTGGACAGACAAAGG-1,-0.6112932704692302
CXCR3-,HC,PST95809_PB,GSM4104141_CAACCAAGTAAGTGTA-1,-0.9312154503406751
CXCR3-,HC,PST95809_PB,GSM4104141_CAACCTCGTAGAAAGG-1,-0.09834107806026707
CXCR3-,HC,PST95809_PB,GSM4104141_CAACTAGAGACTGTAA-1,-0.30106316143613754
CXCR3-,HC,PST95809_PB,GSM4104141_CAAGAAAAGGAGTCTG-1,-0.2663664720575342
CXCR3-,HC,PST95809_PB,GSM4104141_CAAGAAATCCTGCCAT-1,0.13105060280391095
CXCR3-,HC,PST95809_PB,GSM4104141_CAAGGCCCATGCAACT-1,-0.09834107806026707
CXCR3-,HC,PST95809_PB,GSM4104141_CAAGGCCGTTAGGGTG-1,-0.09834107806026707
CXCR3-,HC,PST95809_PB,GSM4104141_CACACAATCCACGACG-1,-0.09834107806026707
CXCR3-,HC,PST95809_PB,GSM4104141_CAGAGAGAGAGACGAA-1,-0.09834107806026707
CXCR3-,HC,PST95809_PB,GSM4104141_CAGAGAGTCTAGCACA-1,-0.09834107806026707
CXCR3-,HC,PST95809_PB,GSM4104141_CAGATCATCCTGCTTG-1,-0.09834107806026707
CXCR3-,HC,PST95809_PB,GSM4104141_CAGCCGAGTGTGAAAT-1,0.8357490991633018
CXCR3-,HC,PST95809_PB,GSM4104141_CAGGTGCCATGACGGA-1,-0.5999504113616909
CXCR3-,HC,PST95809_PB,GSM4104141_CAGTAACCAGACACTT-1,-0.09834107806026707
CXCR3-,HC,PST95809_PB,GSM4104141_CAGTAACTCGTACGGC-1,-0.09834107806026707
CXCR3-,HC,PST95809_PB,GSM4104141_CAGTCCTAGTGTTAGA-1,-0.23504442220103142
CXCR3-,HC,PST95809_PB,GSM4104141_CAGTCCTGTCATATCG-1,0.29406744201336704
CXCR3-,HC,PST95809_PB,GSM4104141_CATCAAGAGAAACCTA-1,0.2034945744531744
CXCR3-,HC,PST95809_PB,GSM4104141_CATCGAAGTATAGTAG-1,-0.09834107806026707
CXCR3-,HC,PST95809_PB,GSM4104141_CATGCCTGTCCGCTGA-1,-0.5663929213846882
CXCR3-,HC,PST95809_PB,GSM4104141_CATGGCGTCACAGGCC-1,-0.09834107806026707
CXCR3-,HC,PST95809_PB,GSM4104141_CCAATCCGTTCCATGA-1,-0.09834107806026707
CXCR3-,HC,PST95809_PB,GSM4104141_CCAATCCTCGTTTATC-1,-0.09834107806026707
CXCR3-,HC,PST95809_PB,GSM4104141_CCACTACGTCCGAACC-1,0.18369589257550148
CXCR3-,HC,PST95809_PB,GSM4104141_CCAGCGACACCATCCT-1,-0.09834107806026707
CXCR3-,HC,PST95809_PB,GSM4104141_CCAGCGACATGTCCTC-1,-0.09834107806026707
CXCR3-,HC,PST95809_PB,GSM4104141_CCATGTCGTAAGTAGT-1,-0.2526687156427359
CXCR3-,HC,PST95809_PB,GSM4104141_CCCAATCTCTTGACGA-1,0.17328593201412998
CXCR3-,HC,PST95809_PB,GSM4104141_CCCAGTTGTTAGAACA-1,-0.2132285838859777
CXCR3-,HC,PST95809_PB,GSM4104141_CCCATACAGGGTCGAT-1,-0.09834107806026707
CXCR3-,HC,PST95809_PB,GSM4104141_CCCTCCTCAATGACCT-1,-0.09834107806026707
CXCR3+,HC,PST95809_PB,GSM4104141_CCGTACTGTACTCTCC-1,-0.4051851095592638
CXCR3-,HC,PST95809_PB,GSM4104141_CCTAAAGAGCCATCGC-1,-0.3502254248096423
CXCR3-,HC,PST95809_PB,GSM4104141_CCTAAAGGTCACCCAG-1,0.046790867048748415
CXCR3-,HC,PST95809_PB,GSM4104141_CCTACCATCGTTACGA-1,-0.09834107806026707
CXCR3-,HC,PST95809_PB,GSM4104141_CCTAGCTAGTGCTGCC-1,-0.09834107806026707
CXCR3-,HC,PST95809_PB,GSM4104141_CCTATTAAGATATACG-1,-0.09834107806026707
CXCR3-,HC,PST95809_PB,GSM4104141_CCTATTATCAGCCTAA-1,0.2698801453354258
CXCR3-,HC,PST95809_PB,GSM4104141_CCTCAGTCATCCGTGG-1,-0.2154070255033558
CXCR3-,HC,PST95809_PB,GSM4104141_CCTCTGACAATAAGCA-1,-0.09834107806026707
CXCR3-,HC,PST95809_PB,GSM4104141_CCTCTGACATGTCTCC-1,-0.09834107806026707
CXCR3-,HC,PST95809_PB,GSM4104141_CCTCTGATCTGATACG-1,-0.33145293486596483
CXCR3-,HC,PST95809_PB,GSM4104141_CCTTCCCGTGAAAGAG-1,0.1356177680343827
CXCR3-,HC,PST95809_PB,GSM4104141_CCTTCGACATAGTAAG-1,-0.08247286518085319
CXCR3-,HC,PST95809_PB,GSM4104141_CGAATGTGTTGCCTCT-1,-0.09834107806026707
CXCR3-,HC,PST95809_PB,GSM4104141_CGACCTTGTTCCCGAG-1,-0.09834107806026707
CXCR3-,HC,PST95809_PB,GSM4104141_CGAGAAGGTATATGAG-1,-0.8089150621510577
CXCR3-,HC,PST95809_PB,GSM4104141_CGAGAAGTCCATGAGT-1,-0.09834107806026707
CXCR3-,HC,PST95809_PB,GSM4104141_CGATGGCCATTCCTGC-1,-0.39416572954891266
CXCR3-,HC,PST95809_PB,GSM4104141_CGATTGACAGCTCGAC-1,0.18517684704407264
CXCR3-,HC,PST95809_PB,GSM4104141_CGCGTTTAGCCTTGAT-1,-0.09834107806026707
CXCR3-,HC,PST95809_PB,GSM4104141_CGCTTCACAATGACCT-1,0.21595952184938327
CXCR3-,HC,PST95809_PB,GSM4104141_CGGACGTTCATAGCAC-1,-0.09834107806026707
CXCR3-,HC,PST95809_PB,GSM4104141_CGGACGTTCCGATATG-1,-0.5600703387739071
CXCR3-,HC,PST95809_PB,GSM4104141_CGGAGCTAGTTGAGTA-1,-0.2238219007208231
CXCR3-,HC,PST95809_PB,GSM4104141_CGGGTCAAGACAGGCT-1,-0.09834107806026707
CXCR3-,HC,PST95809_PB,GSM4104141_CGGGTCAAGATATGGT-1,-0.09834107806026707
CXCR3+,HC,PST95809_PB,GSM4104141_CGTAGCGAGTCGTACT-1,-0.40977240690422867
CXCR3-,HC,PST95809_PB,GSM4104141_CGTCTACTCATAGCAC-1,-0.09834107806026707
CXCR3-,HC,PST95809_PB,GSM4104141_CGTCTACTCGCTGATA-1,-0.23612334672060897
CXCR3-,HC,PST95809_PB,GSM4104141_CGTGAGCCATCTCCCA-1,-0.09834107806026707
CXCR3-,HC,PST95809_PB,GSM4104141_CGTGAGCTCATAGCAC-1,-0.31663536988301505
CXCR3-,HC,PST95809_PB,GSM4104141_CGTTCTGAGGTGCACA-1,-0.6487751436507844
CXCR3-,HC,PST95809_PB,GSM4104141_CTAAGACAGCTTCGCG-1,-0.09834107806026707
CXCR3-,HC,PST95809_PB,GSM4104141_CTACACCTCTTGCATT-1,-0.09834107806026707
CXCR3-,HC,PST95809_PB,GSM4104141_CTACATTGTCCAGTGC-1,-0.09834107806026707
CXCR3-,HC,PST95809_PB,GSM4104141_CTACCCATCGCGGATC-1,0.17158726953877532
CXCR3-,HC,PST95809_PB,GSM4104141_CTAGAGTAGCTCTCGG-1,-0.09834107806026707
CXCR3-,HC,PST95809_PB,GSM4104141_CTAGAGTCACGACGAA-1,0.35419599789671297
CXCR3-,HC,PST95809_PB,GSM4104141_CTAGCCTAGAGCTATA-1,-0.09834107806026707
CXCR3-,HC,PST95809_PB,GSM4104141_CTCACACTCGTTACAG-1,-0.09834107806026707
CXCR3-,HC,PST95809_PB,GSM4104141_CTCATTAAGTCTCAAC-1,-0.09834107806026707
CXCR3-,HC,PST95809_PB,GSM4104141_CTCGGAGCATCTCGCT-1,-0.09834107806026707
CXCR3-,HC,PST95809_PB,GSM4104141_CTCTAATAGTGCCATT-1,-0.09834107806026707
CXCR3-,HC,PST95809_PB,GSM4104141_CTCTACGGTGGTACAG-1,-0.09834107806026707
CXCR3-,HC,PST95809_PB,GSM4104141_CTGAAACCACCAGCAC-1,-0.09834107806026707
CXCR3-,HC,PST95809_PB,GSM4104141_CTGCTGTGTTGGTAAA-1,-0.09834107806026707
CXCR3-,HC,PST95809_PB,GSM4104141_CTGCTGTTCCCAAGAT-1,-0.09834107806026707
CXCR3-,HC,PST95809_PB,GSM4104141_CTGCTGTTCGCCGTGA-1,-0.09834107806026707
CXCR3-,HC,PST95809_PB,GSM4104141_CTTAACTTCTGTGCAA-1,0.18093688965831545
CXCR3-,HC,PST95809_PB,GSM4104141_CTTAGGAAGCGATATA-1,-0.27354545269273717
CXCR3-,HC,PST95809_PB,GSM4104141_CTTAGGATCCTTGACC-1,-0.4571768891886109
CXCR3-,HC,PST95809_PB,GSM4104141_CTTCTCTAGAAGGACA-1,-0.09834107806026707
CXCR3-,HC,PST95809_PB,GSM4104141_CTTCTCTAGGTAGCTG-1,0.22017669404570958
CXCR3-,HC,PST95809_PB,GSM4104141_CTTGGCTAGAGCCTAG-1,-0.4034716586211525
CXCR3-,HC,PST95809_PB,GSM4104141_CTTGGCTTCTATCCCG-1,0.12692301181089488
CXCR3-,HC,PST95809_PB,GSM4104141_GAATGAACACCCAGTG-1,-0.8743465843752704
CXCR3-,HC,PST95809_PB,GSM4104141_GAATGAAGTGCCTGGT-1,-0.09834107806026707
CXCR3-,HC,PST95809_PB,GSM4104141_GACAGAGGTGTTTGGT-1,-0.09834107806026707
CXCR3-,HC,PST95809_PB,GSM4104141_GACTACATCTGTGCAA-1,-0.23099949835987904
CXCR3-,HC,PST95809_PB,GSM4104141_GAGCAGAGTTATGCGT-1,-0.5065758656773319
CXCR3-,HC,PST95809_PB,GSM4104141_GAGGTGACACGCCAGT-1,-0.09834107806026707
CXCR3-,HC,PST95809_PB,GSM4104141_GAGTCCGAGAAACCTA-1,-0.09834107806026707
CXCR3-,HC,PST95809_PB,GSM4104141_GATCAGTCAAGTAGTA-1,-0.09834107806026707
CXCR3-,HC,PST95809_PB,GSM4104141_GATCGATGTACAAGTA-1,-0.09834107806026707
CXCR3-,HC,PST95809_PB,GSM4104141_GATCGCGAGAGCCTAG-1,-0.09834107806026707
CXCR3-,HC,PST95809_PB,GSM4104141_GATCGCGCACTTCTGC-1,-0.025706658541429426
CXCR3-,HC,PST95809_PB,GSM4104141_GATCTAGAGTCTCAAC-1,-0.09834107806026707
CXCR3-,HC,PST95809_PB,GSM4104141_GCAATCATCATCGGAT-1,-0.09834107806026707
CXCR3-,HC,PST95809_PB,GSM4104141_GCACATAAGTATTGGA-1,-0.09834107806026707
CXCR3-,HC,PST95809_PB,GSM4104141_GCACTCTCAGGATCGA-1,0.5008287255132248
CXCR3-,HC,PST95809_PB,GSM4104141_GCACTCTTCGCCAGCA-1,-0.09834107806026707
CXCR3-,HC,PST95809_PB,GSM4104141_GCACTCTTCTGTACGA-1,-0.22070735823681323
CXCR3-,HC,PST95809_PB,GSM4104141_GCAGCCACAAGCTGTT-1,-0.09834107806026707
CXCR3-,HC,PST95809_PB,GSM4104141_GCAGTTAAGAAACCGC-1,-0.09834107806026707
CXCR3-,HC,PST95809_PB,GSM4104141_GCATACAAGCGTGAAC-1,-0.09834107806026707
CXCR3-,HC,PST95809_PB,GSM4104141_GCATACATCCTCATTA-1,-0.09834107806026707
CXCR3-,HC,PST95809_PB,GSM4104141_GCATACATCGATAGAA-1,-0.09834107806026707
CXCR3-,HC,PST95809_PB,GSM4104141_GCCTCTACACAGCGTC-1,-0.3142958560957343
CXCR3-,HC,PST95809_PB,GSM4104141_GCGAGAAAGCCATCGC-1,-0.09834107806026707
CXCR3-,HC,PST95809_PB,GSM4104141_GCGAGAAAGGGCTTGA-1,-0.09834107806026707
CXCR3-,HC,PST95809_PB,GSM4104141_GCGCGATCACCCTATC-1,-0.09834107806026707
CXCR3-,HC,PST95809_PB,GSM4104141_GCGGGTTCAAAGGTGC-1,-0.09834107806026707
CXCR3+,HC,PST95809_PB,GSM4104141_GCTCCTATCAACACCA-1,-0.22861760394490657
CXCR3-,HC,PST95809_PB,GSM4104141_GCTCTGTCAATGGACG-1,-0.3257754273343872
CXCR3-,HC,PST95809_PB,GSM4104141_GCTGCGATCACGACTA-1,-0.09834107806026707
CXCR3-,HC,PST95809_PB,GSM4104141_GCTGCTTGTAACGTTC-1,-0.09834107806026707
CXCR3-,HC,PST95809_PB,GSM4104141_GCTGCTTGTCAGTGGA-1,-0.22426309993233545
CXCR3-,HC,PST95809_PB,GSM4104141_GCTGGGTCAATTCCTT-1,-0.09834107806026707
CXCR3-,HC,PST95809_PB,GSM4104141_GCTTCCAGTTGTGGCC-1,0.2777068626048702
CXCR3-,HC,PST95809_PB,GSM4104141_GGAAAGCCATTATCTC-1,-0.23367932296177754
CXCR3-,HC,PST95809_PB,GSM4104141_GGACAAGGTTCTGGTA-1,0.3457514798120056
CXCR3-,HC,PST95809_PB,GSM4104141_GGAGCAAGTCGAGATG-1,-0.09834107806026707
CXCR3-,HC,PST95809_PB,GSM4104141_GGAGCAATCCAAACAC-1,-0.09834107806026707
CXCR3-,HC,PST95809_PB,GSM4104141_GGCAATTCACACATGT-1,-0.09834107806026707
CXCR3-,HC,PST95809_PB,GSM4104141_GGCCGATCATATGGTC-1,-0.09834107806026707
CXCR3-,HC,PST95809_PB,GSM4104141_GGCGACTGTGTGGCTC-1,0.23729340370996307
CXCR3-,HC,PST95809_PB,GSM4104141_GGGAATGCATGTAGTC-1,-0.3936881499797706
CXCR3-,HC,PST95809_PB,GSM4104141_GGGAATGGTTTGTTGG-1,-0.24215509689093911
CXCR3-,HC,PST95809_PB,GSM4104141_GGGACCTGTGAGTATA-1,0.14367601854392048
CXCR3-,HC,PST95809_PB,GSM4104141_GGGAGATCATGCCTAA-1,0.4098281066631892
CXCR3-,HC,PST95809_PB,GSM4104141_GGGAGATTCGGAGCAA-1,-0.29086370549553475
CXCR3-,HC,PST95809_PB,GSM4104141_GGGATGACAGCTCGCA-1,-0.11442301727039673
CXCR3-,HC,PST95809_PB,GSM4104141_GGGCACTTCAGGTAAA-1,-0.09834107806026707
CXCR3-,HC,PST95809_PB,GSM4104141_GGGTCTGCATCTGGTA-1,-0.09834107806026707
CXCR3-,HC,PST95809_PB,GSM4104141_GGGTTGCCAAGCCGTC-1,0.4183922649509221
CXCR3-,HC,PST95809_PB,GSM4104141_GGTGAAGCATACAGCT-1,-0.39409852265142326
CXCR3-,HC,PST95809_PB,GSM4104141_GGTGTTAAGGATGGTC-1,-0.01647531130594531
CXCR3-,HC,PST95809_PB,GSM4104141_GGTGTTATCTTACCGC-1,-0.09834107806026707
CXCR3-,HC,PST95809_PB,GSM4104141_GTACTCCTCTGCAGTA-1,-0.40120666829776525
CXCR3-,HC,PST95809_PB,GSM4104141_GTACTTTGTCCAGTTA-1,-0.25441027112133136
CXCR3-,HC,PST95809_PB,GSM4104141_GTCAAGTGTCAGCTAT-1,-0.23075061765494695
CXCR3+,HC,PST95809_PB,GSM4104141_GTCATTTCAAAGAATC-1,-0.2521376451222799
CXCR3-,HC,PST95809_PB,GSM4104141_GTCCTCAAGCGATCCC-1,-0.09834107806026707
CXCR3-,HC,PST95809_PB,GSM4104141_GTCTCGTTCCCTCAGT-1,-0.09834107806026707
CXCR3-,HC,PST95809_PB,GSM4104141_GTCTCGTTCCTCAATT-1,-0.09834107806026707
CXCR3-,HC,PST95809_PB,GSM4104141_GTGAAGGAGGTACTCT-1,0.4921666922706675
CXCR3-,HC,PST95809_PB,GSM4104141_GTGAAGGCAGACGCAA-1,-0.2507149504002743
CXCR3-,HC,PST95809_PB,GSM4104141_GTGAAGGCAGTTCCCT-1,-0.34946096924541514
CXCR3+,HC,PST95809_PB,GSM4104141_GTGCATACAAACAACA-1,-0.39033872720904256
CXCR3-,HC,PST95809_PB,GSM4104141_GTGCATAGTCTAGTGT-1,-0.09834107806026707
CXCR3-,HC,PST95809_PB,GSM4104141_GTGCTTCAGGATTCGG-1,-0.22472643880250645
CXCR3-,HC,PST95809_PB,GSM4104141_GTGCTTCAGTTTAGGA-1,-0.09834107806026707
CXCR3-,HC,PST95809_PB,GSM4104141_GTGGGTCTCTCGAGTA-1,0.2263330112724384
CXCR3-,HC,PST95809_PB,GSM4104141_GTGTGCGTCGACGGAA-1,-0.09834107806026707
CXCR3-,HC,PST95809_PB,GSM4104141_GTTACAGAGAGAGCTC-1,-0.09834107806026707
CXCR3-,HC,PST95809_PB,GSM4104141_GTTACAGTCAGCGATT-1,-0.26797571699796263
CXCR3-,HC,PST95809_PB,GSM4104141_GTTCATTGTCAGCTAT-1,0.11641350203445408
CXCR3+,HC,PST95809_PB,GSM4104141_TAAACCGTCTTGCAAG-1,-0.7263418964415924
CXCR3-,HC,PST95809_PB,GSM4104141_TAAGCGTGTTTGACTG-1,-0.09834107806026707
CXCR3-,HC,PST95809_PB,GSM4104141_TAAGCGTTCTTTACAC-1,-0.09834107806026707
CXCR3-,HC,PST95809_PB,GSM4104141_TAAGTGCTCGAATGCT-1,-0.09834107806026707
CXCR3-,HC,PST95809_PB,GSM4104141_TACACGAAGAGACTAT-1,-0.09834107806026707
CXCR3-,HC,PST95809_PB,GSM4104141_TACAGTGTCTCTTGAT-1,-0.02326218145711986
CXCR3-,HC,PST95809_PB,GSM4104141_TACCTTAGTGTTTGTG-1,0.2825640469916906
CXCR3-,HC,PST95809_PB,GSM4104141_TACGGATCAGCTCGCA-1,-0.09834107806026707
CXCR3-,HC,PST95809_PB,GSM4104141_TACGGTACACGGTTTA-1,-0.09834107806026707
CXCR3-,HC,PST95809_PB,GSM4104141_TACTCATTCCTGCTTG-1,-0.09834107806026707
CXCR3-,HC,PST95809_PB,GSM4104141_TACTTGTGTGTTGAGG-1,-0.09834107806026707
CXCR3-,HC,PST95809_PB,GSM4104141_TAGACCAAGAAGGACA-1,-0.24751945765788103
CXCR3-,HC,PST95809_PB,GSM4104141_TAGACCAGTAACGACG-1,-0.09834107806026707
CXCR3-,HC,PST95809_PB,GSM4104141_TAGAGCTCACAAGTAA-1,-0.09834107806026707
CXCR3-,HC,PST95809_PB,GSM4104141_TAGCCGGCATGGAATA-1,-0.09834107806026707
CXCR3-,HC,PST95809_PB,GSM4104141_TAGCCGGTCCCAGGTG-1,-0.3671907471561368
CXCR3-,HC,PST95809_PB,GSM4104141_TAGTTGGAGATGAGAG-1,-0.09834107806026707
CXCR3-,HC,PST95809_PB,GSM4104141_TATCTCAAGGTCATCT-1,-0.09834107806026707
CXCR3-,HC,PST95809_PB,GSM4104141_TATGCCCCAAGCTGGA-1,-0.09834107806026707
CXCR3+,HC,PST95809_PB,GSM4104141_TATTACCGTACGAAAT-1,0.016819138435004682
CXCR3-,HC,PST95809_PB,GSM4104141_TCACAAGAGAAACCAT-1,-0.09834107806026707
CXCR3-,HC,PST95809_PB,GSM4104141_TCACAAGTCATGCAAC-1,-0.09834107806026707
CXCR3-,HC,PST95809_PB,GSM4104141_TCACGAATCACAAACC-1,-0.09834107806026707
CXCR3-,HC,PST95809_PB,GSM4104141_TCAGCTCCATACTACG-1,-0.09834107806026707
CXCR3-,HC,PST95809_PB,GSM4104141_TCAGGATAGCCCGAAA-1,-0.09834107806026707
CXCR3+,HC,PST95809_PB,GSM4104141_TCATTACAGATACACA-1,0.3303998446222693
CXCR3-,HC,PST95809_PB,GSM4104141_TCCACACTCAACGGGA-1,-0.09834107806026707
CXCR3-,HC,PST95809_PB,GSM4104141_TCGCGAGAGGGTCGAT-1,0.24580525464457811
CXCR3+,HC,PST95809_PB,GSM4104141_TCGCGAGCAAACCTAC-1,-0.7893448587164801
CXCR3-,HC,PST95809_PB,GSM4104141_TCGCGTTAGGTCGGAT-1,-0.39471388669798374
CXCR3-,HC,PST95809_PB,GSM4104141_TCTCATAAGCTCCTCT-1,-0.09834107806026707
CXCR3-,HC,PST95809_PB,GSM4104141_TCTGAGATCAGCTCTC-1,-0.29019855467065575
CXCR3-,HC,PST95809_PB,GSM4104141_TCTGGAAAGACCGGAT-1,-0.09834107806026707
CXCR3-,HC,PST95809_PB,GSM4104141_TGACAACTCGTACCGG-1,-0.555642391158856
CXCR3-,HC,PST95809_PB,GSM4104141_TGACGGCAGTGTACCT-1,-0.9224497589090959
CXCR3-,HC,PST95809_PB,GSM4104141_TGACGGCTCCAAACAC-1,-0.09834107806026707
CXCR3-,HC,PST95809_PB,GSM4104141_TGACTAGCAAACAACA-1,0.570246769311786
CXCR3-,HC,PST95809_PB,GSM4104141_TGACTTTTCTCTTGAT-1,-0.09834107806026707
CXCR3-,HC,PST95809_PB,GSM4104141_TGAGAGGCAGTCACTA-1,-0.08258186752178112
CXCR3-,HC,PST95809_PB,GSM4104141_TGAGAGGGTCCAGTAT-1,0.1478552948662733
CXCR3-,HC,PST95809_PB,GSM4104141_TGAGAGGTCAATAAGG-1,-0.09834107806026707
CXCR3-,HC,PST95809_PB,GSM4104141_TGATTTCTCGATAGAA-1,-0.09834107806026707
CXCR3-,HC,PST95809_PB,GSM4104141_TGCACCTAGCTAGTCT-1,-0.3421322654565209
CXCR3-,HC,PST95809_PB,GSM4104141_TGCACCTGTGGCTCCA-1,-0.3252126182243877
CXCR3-,HC,PST95809_PB,GSM4104141_TGCGTGGGTTTGACAC-1,-0.22140380227959516
CXCR3-,HC,PST95809_PB,GSM4104141_TGGCCAGGTTTCGCTC-1,-0.09834107806026707
CXCR3+,HC,PST95809_PB,GSM4104141_TGGGAAGGTCTGGTCG-1,-0.6238867649395233
CXCR3-,HC,PST95809_PB,GSM4104141_TGTCCCAGTCGAGATG-1,-0.09834107806026707
CXCR3-,HC,PST95809_PB,GSM4104141_TGTGGTACAGCTCGCA-1,-0.09834107806026707
CXCR3-,HC,PST95809_PB,GSM4104141_TGTGTTTGTGATAAGT-1,0.6575357551546235
CXCR3-,HC,PST95809_PB,GSM4104141_TGTTCCGAGGGATCTG-1,-0.09834107806026707
CXCR3-,HC,PST95809_PB,GSM4104141_TTAGGACAGTACGACG-1,-0.09834107806026707
CXCR3-,HC,PST95809_PB,GSM4104141_TTAGTTCGTGGTCTCG-1,0.2165938462749892
CXCR3-,HC,PST95809_PB,GSM4104141_TTATGCTAGATCGATA-1,-1.000863185624384
CXCR3-,HC,PST95809_PB,GSM4104141_TTCCCAGAGCATGGCA-1,-0.09834107806026707
CXCR3-,HC,PST95809_PB,GSM4104141_TTCCCAGTCCACTCCA-1,-0.09834107806026707
CXCR3-,HC,PST95809_PB,GSM4104141_TTCGAAGCAAGCCATT-1,-0.09834107806026707
CXCR3-,HC,PST95809_PB,GSM4104141_TTCGGTCAGATGAGAG-1,-0.35665456602651385
CXCR3-,HC,PST95809_PB,GSM4104141_TTCGGTCAGCGAAGGG-1,-0.0405903993887286
CXCR3-,HC,PST95809_PB,GSM4104141_TTCGGTCTCGTACGGC-1,-0.7167440623439061
CXCR3-,HC,PST95809_PB,GSM4104141_TTCTCAAAGTTGAGTA-1,-0.40486250906907006
CXCR3-,HC,PST95809_PB,GSM4104141_TTGACTTGTACATCCA-1,-0.09834107806026707
CXCR3-,HC,PST95809_PB,GSM4104141_TTGACTTTCCTCGCAT-1,-0.09834107806026707
CXCR3-,HC,PST95809_PB,GSM4104141_TTGCGTCGTTAAGATG-1,-0.22147393659267797
CXCR3-,HC,PST95809_PB,GSM4104141_TTGTAGGGTTGCCTCT-1,-0.09834107806026707
CXCR3-,HC,PST95809_PB,GSM4104141_TTTACTGCAGTCGTGC-1,-0.2867491395941655
CXCR3-,HC,PST95809_PB,GSM4104141_TTTACTGGTAGAGGAA-1,-0.6998732623027214
CXCR3-,HC,PST95809_PB,GSM4104141_TTTGCGCGTCGCTTCT-1,-0.09834107806026707
CXCR3-,HC,PTC32190_PB,GSM4104140_AAACCTGTCAACACAC-1,-0.09834107806026707
CXCR3-,HC,PTC32190_PB,GSM4104140_AAACCTGTCGCGTTTC-1,-0.09834107806026707
CXCR3-,HC,PTC32190_PB,GSM4104140_AAAGCAACAGGATCGA-1,-0.09834107806026707
CXCR3-,HC,PTC32190_PB,GSM4104140_AAAGTAGGTCTTCGTC-1,-0.09834107806026707
CXCR3-,HC,PTC32190_PB,GSM4104140_AAAGTAGTCAAACAAG-1,0.15988198439322038
CXCR3-,HC,PTC32190_PB,GSM4104140_AAATGCCAGGACCACA-1,-0.09834107806026707
CXCR3-,HC,PTC32190_PB,GSM4104140_AACCGCGCAGTTTACG-1,-0.011920260448427042
CXCR3-,HC,PTC32190_PB,GSM4104140_AACTCCCAGCCGGTAA-1,-0.09834107806026707
CXCR3-,HC,PTC32190_PB,GSM4104140_AACTCCCTCTGCCCTA-1,-0.09834107806026707
CXCR3-,HC,PTC32190_PB,GSM4104140_AAGGAGCCAAGTCTAC-1,0.18893855261691578
CXCR3-,HC,PTC32190_PB,GSM4104140_AAGGCAGTCACTTATC-1,-0.09834107806026707
CXCR3-,HC,PTC32190_PB,GSM4104140_AAGGTTCGTCACCTAA-1,-0.23385369767936545
CXCR3-,HC,PTC32190_PB,GSM4104140_AATCCAGAGCTATGCT-1,-0.09834107806026707
CXCR3-,HC,PTC32190_PB,GSM4104140_ACACCAAAGACTGTAA-1,-0.09834107806026707
CXCR3-,HC,PTC32190_PB,GSM4104140_ACACCCTAGCTAGTCT-1,0.32971472972059956
CXCR3-,HC,PTC32190_PB,GSM4104140_ACACCCTAGGATTCGG-1,-0.09834107806026707
CXCR3-,HC,PTC32190_PB,GSM4104140_ACACCCTTCGGTCCGA-1,0.5266399224023597
CXCR3-,HC,PTC32190_PB,GSM4104140_ACACCGGCAAGAAGAG-1,0.2810672177290168
CXCR3-,HC,PTC32190_PB,GSM4104140_ACACCGGCAAGACGTG-1,-0.09834107806026707
CXCR3-,HC,PTC32190_PB,GSM4104140_ACACCGGGTACAGTGG-1,-0.16339758014562397
CXCR3-,HC,PTC32190_PB,GSM4104140_ACAGCCGGTACGACCC-1,-0.09834107806026707
CXCR3-,HC,PTC32190_PB,GSM4104140_ACAGCCGGTATTCTCT-1,-0.09834107806026707
CXCR3-,HC,PTC32190_PB,GSM4104140_ACATCAGGTGTGGTTT-1,-0.09834107806026707
CXCR3-,HC,PTC32190_PB,GSM4104140_ACATGGTTCCTTTCGG-1,-0.09834107806026707
CXCR3-,HC,PTC32190_PB,GSM4104140_ACCAGTAGTATCTGCA-1,-0.09834107806026707
CXCR3-,HC,PTC32190_PB,GSM4104140_ACCGTAATCTCCAACC-1,-0.09834107806026707
CXCR3-,HC,PTC32190_PB,GSM4104140_ACGAGCCAGTTGTAGA-1,-0.09834107806026707
CXCR3-,HC,PTC32190_PB,GSM4104140_ACGAGCCGTAGCTCCG-1,-0.09834107806026707
CXCR3-,HC,PTC32190_PB,GSM4104140_ACGAGCCTCTTGCCGT-1,-0.09834107806026707
CXCR3-,HC,PTC32190_PB,GSM4104140_ACGCCAGCAAAGGAAG-1,-0.2910695609559269
CXCR3-,HC,PTC32190_PB,GSM4104140_ACGCCAGCAATGTTGC-1,-0.09834107806026707
CXCR3-,HC,PTC32190_PB,GSM4104140_ACGCCAGCATCAGTAC-1,-0.09834107806026707
CXCR3-,HC,PTC32190_PB,GSM4104140_ACGCCGAGTTGCCTCT-1,-1.111523872087461
CXCR3-,HC,PTC32190_PB,GSM4104140_ACGGAGATCACCTTAT-1,-0.09834107806026707
CXCR3-,HC,PTC32190_PB,GSM4104140_ACGGAGATCTGGCGTG-1,-0.09834107806026707
CXCR3-,HC,PTC32190_PB,GSM4104140_ACGGCCAAGCAATATG-1,-0.09834107806026707
CXCR3-,HC,PTC32190_PB,GSM4104140_ACGGGCTGTGATAAAC-1,-0.09834107806026707
CXCR3-,HC,PTC32190_PB,GSM4104140_ACGGGTCTCCTGTACC-1,-0.09834107806026707
CXCR3-,HC,PTC32190_PB,GSM4104140_ACTATCTCAAACTGCT-1,-0.09834107806026707
CXCR3-,HC,PTC32190_PB,GSM4104140_ACTATCTTCCGCATCT-1,0.12169218070009633
CXCR3-,HC,PTC32190_PB,GSM4104140_ACTGAACAGAAACGAG-1,-0.21299555238273893
CXCR3-,HC,PTC32190_PB,GSM4104140_ACTGAACAGGAATCGC-1,-0.24093904478729256
CXCR3-,HC,PTC32190_PB,GSM4104140_ACTGAACCAAAGTCAA-1,0.2204101253732571
CXCR3-,HC,PTC32190_PB,GSM4104140_ACTGAACGTCTCCATC-1,-0.09834107806026707
CXCR3-,HC,PTC32190_PB,GSM4104140_ACTGTCCGTGTTGAGG-1,-0.278029489530875
CXCR3-,HC,PTC32190_PB,GSM4104140_ACTTTCATCTTCGGTC-1,-0.5166133209195822
CXCR3-,HC,PTC32190_PB,GSM4104140_AGAATAGCAGTACACT-1,-0.09834107806026707
CXCR3-,HC,PTC32190_PB,GSM4104140_AGAGCTTAGGGATCTG-1,-0.09834107806026707
CXCR3-,HC,PTC32190_PB,GSM4104140_AGAGTGGCAAACCTAC-1,-0.09834107806026707
CXCR3-,HC,PTC32190_PB,GSM4104140_AGATCTGAGAGTACCG-1,-0.09834107806026707
CXCR3-,HC,PTC32190_PB,GSM4104140_AGATCTGGTCGCCATG-1,-0.09834107806026707
CXCR3-,HC,PTC32190_PB,GSM4104140_AGATTGCTCAGCCTAA-1,-0.09834107806026707
CXCR3-,HC,PTC32190_PB,GSM4104140_AGCAGCCCACATTCGA-1,-0.09834107806026707
CXCR3-,HC,PTC32190_PB,GSM4104140_AGCATACCACTTCTGC-1,-0.09834107806026707
CXCR3-,HC,PTC32190_PB,GSM4104140_AGCATACCAGTCAGAG-1,-0.09834107806026707
CXCR3-,HC,PTC32190_PB,GSM4104140_AGCATACTCCAGTAGT-1,0.38088797433989097
CXCR3-,HC,PTC32190_PB,GSM4104140_AGCCTAAAGCGGCTTC-1,-0.09834107806026707
CXCR3-,HC,PTC32190_PB,GSM4104140_AGCGGTCAGAACAATC-1,-0.09834107806026707
CXCR3-,HC,PTC32190_PB,GSM4104140_AGCGGTCCAAAGTCAA-1,-0.09834107806026707
CXCR3+,HC,PTC32190_PB,GSM4104140_AGCGGTCTCCTGCAGG-1,0.0025209757036988817
CXCR3-,HC,PTC32190_PB,GSM4104140_AGCGTATGTGAGGCTA-1,-0.09834107806026707
CXCR3-,HC,PTC32190_PB,GSM4104140_AGCGTCGGTTCAACCA-1,-0.09834107806026707
CXCR3-,HC,PTC32190_PB,GSM4104140_AGCTCTCGTTGACGTT-1,-0.09834107806026707
CXCR3-,HC,PTC32190_PB,GSM4104140_AGCTTGACAAATCCGT-1,-0.23520054840166246
CXCR3-,HC,PTC32190_PB,GSM4104140_AGCTTGACAGACTCGC-1,-0.09834107806026707
CXCR3-,HC,PTC32190_PB,GSM4104140_AGGCCACGTATGCTTG-1,-0.23470016164318022
CXCR3-,HC,PTC32190_PB,GSM4104140_AGGCCGTAGGATGCGT-1,-0.09834107806026707
CXCR3-,HC,PTC32190_PB,GSM4104140_AGGGAGTCAAAGGCGT-1,0.19868856259817433
CXCR3+,HC,PTC32190_PB,GSM4104140_AGGGATGCATAGGATA-1,0.5298055877906854
CXCR3-,HC,PTC32190_PB,GSM4104140_AGGGTGAAGGATATAC-1,-0.09834107806026707
CXCR3-,HC,PTC32190_PB,GSM4104140_AGGGTGAGTCCTAGCG-1,-0.09834107806026707
CXCR3-,HC,PTC32190_PB,GSM4104140_AGGTCCGAGACTTTCG-1,-1.4424809493535526
CXCR3-,HC,PTC32190_PB,GSM4104140_AGTAGTCCATACTACG-1,-0.26201696089546
CXCR3-,HC,PTC32190_PB,GSM4104140_AGTAGTCGTGCATCTA-1,-0.09834107806026707
CXCR3-,HC,PTC32190_PB,GSM4104140_AGTGGGATCACAGGCC-1,-0.09834107806026707
CXCR3-,HC,PTC32190_PB,GSM4104140_AGTGGGATCTATGTGG-1,0.2166081701544706
CXCR3-,HC,PTC32190_PB,GSM4104140_AGTTGGTAGCTTCGCG-1,0.01977502294499673
CXCR3-,HC,PTC32190_PB,GSM4104140_AGTTGGTGTCTGATCA-1,-0.09834107806026707
CXCR3-,HC,PTC32190_PB,GSM4104140_ATAAGAGTCAGGCAAG-1,-0.09834107806026707
CXCR3-,HC,PTC32190_PB,GSM4104140_ATAGACCTCTGAAAGA-1,-0.09834107806026707
CXCR3-,HC,PTC32190_PB,GSM4104140_ATCACGAGTCAGAATA-1,0.16173758104830466
CXCR3-,HC,PTC32190_PB,GSM4104140_ATCATGGGTTCTGTTT-1,-0.09834107806026707
CXCR3-,HC,PTC32190_PB,GSM4104140_ATCCACCGTTGGGACA-1,0.12599779826295585
CXCR3-,HC,PTC32190_PB,GSM4104140_ATCCGAACATTCTTAC-1,-0.09834107806026707
CXCR3-,HC,PTC32190_PB,GSM4104140_ATGGGAGAGTGGTAAT-1,-0.09834107806026707
CXCR3-,HC,PTC32190_PB,GSM4104140_ATGGGAGGTGACGCCT-1,-0.09834107806026707
CXCR3-,HC,PTC32190_PB,GSM4104140_ATTACTCTCTGTTGAG-1,-0.09834107806026707
CXCR3-,HC,PTC32190_PB,GSM4104140_ATTGGACAGCAATATG-1,-0.09834107806026707
CXCR3-,HC,PTC32190_PB,GSM4104140_ATTGGACCATAGACTC-1,-0.08294077512037455
CXCR3-,HC,PTC32190_PB,GSM4104140_ATTGGTGCAATAACGA-1,-0.09834107806026707
CXCR3-,HC,PTC32190_PB,GSM4104140_CAACCAAAGGCTCATT-1,-0.09834107806026707
CXCR3-,HC,PTC32190_PB,GSM4104140_CAACCAATCTGTCAAG-1,-0.09834107806026707
CXCR3-,HC,PTC32190_PB,GSM4104140_CAACCTCTCAACGAAA-1,-0.22031497075060313
CXCR3-,HC,PTC32190_PB,GSM4104140_CAACTAGGTCAGAATA-1,-0.7693826413619865
CXCR3-,HC,PTC32190_PB,GSM4104140_CAAGATCCAAAGCAAT-1,0.19356511680575422
CXCR3+,HC,PTC32190_PB,GSM4104140_CAAGATCCAATCTACG-1,0.07015545656808538
CXCR3-,HC,PTC32190_PB,GSM4104140_CAAGGCCCATGCTGGC-1,-0.09834107806026707
CXCR3-,HC,PTC32190_PB,GSM4104140_CACACCTTCTGGAGCC-1,-0.09834107806026707
CXCR3-,HC,PTC32190_PB,GSM4104140_CACATTTCACGGCCAT-1,0.09819891412336733
CXCR3-,HC,PTC32190_PB,GSM4104140_CACCAGGGTTGTTTGG-1,-0.09834107806026707
CXCR3-,HC,PTC32190_PB,GSM4104140_CACCTTGAGGATGGAA-1,-0.09834107806026707
CXCR3+,HC,PTC32190_PB,GSM4104140_CACCTTGCAATCACAC-1,-0.09834107806026707
CXCR3-,HC,PTC32190_PB,GSM4104140_CACCTTGGTAAATACG-1,-0.09834107806026707
CXCR3-,HC,PTC32190_PB,GSM4104140_CACCTTGTCACTCCTG-1,-0.09834107806026707
CXCR3-,HC,PTC32190_PB,GSM4104140_CACTCCATCCATGCTC-1,0.0951620527653424
CXCR3-,HC,PTC32190_PB,GSM4104140_CAGAGAGGTAGCCTCG-1,-0.09834107806026707
CXCR3-,HC,PTC32190_PB,GSM4104140_CAGATCACACCTCGTT-1,-0.09834107806026707
CXCR3-,HC,PTC32190_PB,GSM4104140_CAGCAGCAGGTAGCCA-1,-0.1837682695291852
CXCR3-,HC,PTC32190_PB,GSM4104140_CAGCATATCGGTGTTA-1,-0.24339573819726748
CXCR3-,HC,PTC32190_PB,GSM4104140_CAGCCGATCCGAATGT-1,-0.09834107806026707
CXCR3-,HC,PTC32190_PB,GSM4104140_CAGCTAAAGCGTCTAT-1,-0.09834107806026707
CXCR3-,HC,PTC32190_PB,GSM4104140_CAGCTGGCATGTAAGA-1,-0.09834107806026707
CXCR3-,HC,PTC32190_PB,GSM4104140_CAGTAACTCCAGTAGT-1,0.42606023261138987
CXCR3-,HC,PTC32190_PB,GSM4104140_CATATGGCAAGCGATG-1,-0.09834107806026707
CXCR3-,HC,PTC32190_PB,GSM4104140_CATCAGAAGGCCATAG-1,-0.09834107806026707
CXCR3-,HC,PTC32190_PB,GSM4104140_CATCAGAGTACCATCA-1,-0.2631283331944224
CXCR3-,HC,PTC32190_PB,GSM4104140_CATCCACCAGGGAGAG-1,-0.09834107806026707
CXCR3-,HC,PTC32190_PB,GSM4104140_CATCGGGTCCGGCACA-1,-0.09834107806026707
CXCR3-,HC,PTC32190_PB,GSM4104140_CATGACAAGTACTTGC-1,-0.26994263052668455
CXCR3-,HC,PTC32190_PB,GSM4104140_CATGCCTGTAGCAAAT-1,-0.09834107806026707
CXCR3-,HC,PTC32190_PB,GSM4104140_CATGGCGGTCTCTCTG-1,-0.34310617398373333
CXCR3-,HC,PTC32190_PB,GSM4104140_CCACCTAGTTGGGACA-1,-0.37016652610757533
CXCR3-,HC,PTC32190_PB,GSM4104140_CCACTACCAAACCCAT-1,-0.09834107806026707
CXCR3-,HC,PTC32190_PB,GSM4104140_CCACTACTCTTCAACT-1,-0.09834107806026707
CXCR3-,HC,PTC32190_PB,GSM4104140_CCCAATCGTATATGGA-1,-0.46049008802404157
CXCR3-,HC,PTC32190_PB,GSM4104140_CCCATACTCTTGAGGT-1,0.21476103185781129
CXCR3-,HC,PTC32190_PB,GSM4104140_CCGTACTAGTCCCACG-1,0.0213245774316654
CXCR3-,HC,PTC32190_PB,GSM4104140_CCGTTCACAGTTCATG-1,-0.03293522957785005
CXCR3-,HC,PTC32190_PB,GSM4104140_CCTAAAGGTCAGATAA-1,-0.09834107806026707
CXCR3-,HC,PTC32190_PB,GSM4104140_CCTAAAGTCAACACTG-1,-0.09834107806026707
CXCR3-,HC,PTC32190_PB,GSM4104140_CCTACACAGAAACGAG-1,0.21855578951202692
CXCR3-,HC,PTC32190_PB,GSM4104140_CCTACCAGTCAGATAA-1,-0.09834107806026707
CXCR3-,HC,PTC32190_PB,GSM4104140_CCTCAGTGTTTGGCGC-1,-0.5637500942524178
CXCR3-,HC,PTC32190_PB,GSM4104140_CCTCTGACACTGTTAG-1,-0.09834107806026707
CXCR3-,HC,PTC32190_PB,GSM4104140_CCTTACGGTTATCACG-1,-0.09834107806026707
CXCR3-,HC,PTC32190_PB,GSM4104140_CCTTACGGTTTGCATG-1,-0.09834107806026707
CXCR3-,HC,PTC32190_PB,GSM4104140_CCTTCCCCATCCGTGG-1,-0.7110344896680635
CXCR3-,HC,PTC32190_PB,GSM4104140_CGAACATGTGTTCGAT-1,-0.09834107806026707
CXCR3-,HC,PTC32190_PB,GSM4104140_CGAACATTCACTATTC-1,-0.31583386542366604
CXCR3-,HC,PTC32190_PB,GSM4104140_CGATGGCCACCACGTG-1,-0.09834107806026707
CXCR3-,HC,PTC32190_PB,GSM4104140_CGATGGCCAGTCAGAG-1,-0.09834107806026707
CXCR3-,HC,PTC32190_PB,GSM4104140_CGATGGCGTGGCTCCA-1,-1.0803890302589345
CXCR3-,HC,PTC32190_PB,GSM4104140_CGATGTAGTGTGTGCC-1,-0.09834107806026707
CXCR3-,HC,PTC32190_PB,GSM4104140_CGATTGACAAGCTGGA-1,-0.2177651470460269
CXCR3-,HC,PTC32190_PB,GSM4104140_CGATTGACACCCAGTG-1,-0.09834107806026707
CXCR3-,HC,PTC32190_PB,GSM4104140_CGCGTTTCAAGACGTG-1,-0.09834107806026707
CXCR3-,HC,PTC32190_PB,GSM4104140_CGCGTTTCATCGGACC-1,-0.6330648460969123
CXCR3-,HC,PTC32190_PB,GSM4104140_CGCTATCCATAAAGGT-1,-0.09834107806026707
CXCR3-,HC,PTC32190_PB,GSM4104140_CGCTATCCATTTGCTT-1,-0.09834107806026707
CXCR3-,HC,PTC32190_PB,GSM4104140_CGCTTCATCAGATAAG-1,-0.31577657615694044
CXCR3-,HC,PTC32190_PB,GSM4104140_CGGACACCAAAGCAAT-1,-0.3142958560957343
CXCR3-,HC,PTC32190_PB,GSM4104140_CGGACGTCATTACCTT-1,-0.09834107806026707
CXCR3-,HC,PTC32190_PB,GSM4104140_CGTAGGCAGATCGATA-1,-0.5037694486819421
CXCR3-,HC,PTC32190_PB,GSM4104140_CGTAGGCAGCGCTTAT-1,-0.09834107806026707
CXCR3-,HC,PTC32190_PB,GSM4104140_CGTCACTTCCTTTCTC-1,-0.09834107806026707
CXCR3-,HC,PTC32190_PB,GSM4104140_CGTGTCTAGATGCCTT-1,-0.09834107806026707
CXCR3-,HC,PTC32190_PB,GSM4104140_CGTTCTGTCAAGCCTA-1,-0.09834107806026707
CXCR3-,HC,PTC32190_PB,GSM4104140_CGTTGGGGTCAACTGT-1,-0.09834107806026707
CXCR3-,HC,PTC32190_PB,GSM4104140_CGTTGGGTCCTAGTGA-1,-0.275574847174508
CXCR3-,HC,PTC32190_PB,GSM4104140_CTAACTTGTCATATGC-1,-0.09834107806026707
CXCR3-,HC,PTC32190_PB,GSM4104140_CTAAGACCAGCTTAAC-1,0.052490720589698316
CXCR3-,HC,PTC32190_PB,GSM4104140_CTACACCTCCGCGGTA-1,0.311665133127094
CXCR3-,HC,PTC32190_PB,GSM4104140_CTACATTAGAAGCCCA-1,-0.09834107806026707
CXCR3-,HC,PTC32190_PB,GSM4104140_CTACCCAGTTATGCGT-1,-0.09834107806026707
CXCR3-,HC,PTC32190_PB,GSM4104140_CTACGTCAGACAGAGA-1,-0.09834107806026707
CXCR3-,HC,PTC32190_PB,GSM4104140_CTAGAGTGTCTACCTC-1,-0.09834107806026707
CXCR3-,HC,PTC32190_PB,GSM4104140_CTAGAGTGTTCCGTCT-1,-0.09834107806026707
CXCR3-,HC,PTC32190_PB,GSM4104140_CTAGTGACACGACTCG-1,-0.09834107806026707
CXCR3-,HC,PTC32190_PB,GSM4104140_CTCACACAGAAGCCCA-1,-0.09834107806026707
CXCR3-,HC,PTC32190_PB,GSM4104140_CTCAGAAGTACAGTTC-1,-0.3229248270946134
CXCR3-,HC,PTC32190_PB,GSM4104140_CTCATTAGTTGGTTTG-1,0.1490191192162453
CXCR3-,HC,PTC32190_PB,GSM4104140_CTCCTAGCAATGCCAT-1,-0.7046516204750887
CXCR3-,HC,PTC32190_PB,GSM4104140_CTCGAAAGTCCCTACT-1,-0.09834107806026707
CXCR3-,HC,PTC32190_PB,GSM4104140_CTCGAAATCAGCCTAA-1,0.4081950954466222
CXCR3-,HC,PTC32190_PB,GSM4104140_CTCGAGGAGACTACAA-1,-0.31627640034071886
CXCR3-,HC,PTC32190_PB,GSM4104140_CTCTACGCAAAGCAAT-1,-0.45683939964615794
CXCR3-,HC,PTC32190_PB,GSM4104140_CTCTGGTTCTTCTGGC-1,-0.4335474220948676
CXCR3-,HC,PTC32190_PB,GSM4104140_CTGAAACTCGCCCTTA-1,-0.23372287562010235
CXCR3-,HC,PTC32190_PB,GSM4104140_CTGAAGTCACCATCCT-1,0.620315617697352
CXCR3-,HC,PTC32190_PB,GSM4104140_CTGCGGATCCCAACGG-1,-0.27240313303621694
CXCR3-,HC,PTC32190_PB,GSM4104140_CTGTTTAGTCCGTCAG-1,-0.7899648978918059
CXCR3-,HC,PTC32190_PB,GSM4104140_CTGTTTAGTTGATTCG-1,-0.2254758937908221
CXCR3-,HC,PTC32190_PB,GSM4104140_CTTAACTGTAAGGATT-1,-0.20413659141086768
CXCR3-,HC,PTC32190_PB,GSM4104140_CTTACCGAGTAGGCCA-1,0.6026274388235106
CXCR3-,HC,PTC32190_PB,GSM4104140_CTTACCGCATGTAAGA-1,-0.09834107806026707
CXCR3-,HC,PTC32190_PB,GSM4104140_CTTGGCTAGACAAGCC-1,-0.09834107806026707
CXCR3-,HC,PTC32190_PB,GSM4104140_CTTGGCTCACAGTCGC-1,0.11255848754066104
CXCR3-,HC,PTC32190_PB,GSM4104140_GAAATGACATGAGCGA-1,-0.09834107806026707
CXCR3-,HC,PTC32190_PB,GSM4104140_GAAATGAGTAAGTAGT-1,-0.2549911060624675
CXCR3-,HC,PTC32190_PB,GSM4104140_GAAATGAGTCTGCAAT-1,-0.09834107806026707
CXCR3+,HC,PTC32190_PB,GSM4104140_GAACATCCATCAGTAC-1,-0.09834107806026707
CXCR3-,HC,PTC32190_PB,GSM4104140_GAACGGAAGCCAGTAG-1,0.08990941623868329
CXCR3-,HC,PTC32190_PB,GSM4104140_GAACGGATCTGTTTGT-1,-0.09834107806026707
CXCR3-,HC,PTC32190_PB,GSM4104140_GAATGAACATCGGAAG-1,-0.09834107806026707
CXCR3-,HC,PTC32190_PB,GSM4104140_GAATGAAGTAAGCACG-1,-0.7846269758347668
CXCR3-,HC,PTC32190_PB,GSM4104140_GAATGAAGTAGCGCTC-1,-0.25959117393327913
CXCR3-,HC,PTC32190_PB,GSM4104140_GAATGAAGTTGTGGAG-1,0.19716669185778887
CXCR3-,HC,PTC32190_PB,GSM4104140_GACCAATAGCATGGCA-1,-0.09834107806026707
CXCR3-,HC,PTC32190_PB,GSM4104140_GACCTGGGTACTTAGC-1,-0.09834107806026707
CXCR3-,HC,PTC32190_PB,GSM4104140_GACGCGTCAGCCACCA-1,0.017746628910849913
CXCR3-,HC,PTC32190_PB,GSM4104140_GACGGCTCAATAAGCA-1,-0.4534240663437378
CXCR3-,HC,PTC32190_PB,GSM4104140_GACGGCTGTTTGTTTC-1,-0.09834107806026707
CXCR3-,HC,PTC32190_PB,GSM4104140_GACGTGCCATGCGCAC-1,-0.09834107806026707
CXCR3-,HC,PTC32190_PB,GSM4104140_GACGTTACATGACGGA-1,-0.09834107806026707
CXCR3-,HC,PTC32190_PB,GSM4104140_GACTACACACAGGCCT-1,-0.25146539179176447
CXCR3-,HC,PTC32190_PB,GSM4104140_GACTACACATCCTTGC-1,-0.2861361324121517
CXCR3-,HC,PTC32190_PB,GSM4104140_GACTGCGAGAGATGAG-1,-0.0882959346455505
CXCR3-,HC,PTC32190_PB,GSM4104140_GACTGCGGTCCCGACA-1,-0.2389568479791154
CXCR3-,HC,PTC32190_PB,GSM4104140_GAGCAGAAGAACTCGG-1,-0.3523171627290188
CXCR3-,HC,PTC32190_PB,GSM4104140_GAGCAGAAGGCACATG-1,-0.09834107806026707
CXCR3-,HC,PTC32190_PB,GSM4104140_GATCAGTGTAACGCGA-1,-0.09834107806026707
CXCR3-,HC,PTC32190_PB,GSM4104140_GATCGATTCCGCATAA-1,-0.09834107806026707
CXCR3-,HC,PTC32190_PB,GSM4104140_GATCGCGTCGATGAGG-1,-0.3864911147249672
CXCR3-,HC,PTC32190_PB,GSM4104140_GATGAAAAGGCGCTCT-1,0.4390315304731015
CXCR3-,HC,PTC32190_PB,GSM4104140_GATGAGGCAGCGTCCA-1,-0.31495050552614107
CXCR3-,HC,PTC32190_PB,GSM4104140_GATTCAGCATGGTTGT-1,-0.09834107806026707
CXCR3-,HC,PTC32190_PB,GSM4104140_GATTCAGTCTGAGTGT-1,-0.09834107806026707
CXCR3-,HC,PTC32190_PB,GSM4104140_GCAAACTGTACCGTTA-1,-0.09834107806026707
CXCR3-,HC,PTC32190_PB,GSM4104140_GCACATACACCGGAAA-1,-0.09834107806026707
CXCR3-,HC,PTC32190_PB,GSM4104140_GCACTCTGTAGCCTAT-1,-0.09834107806026707
CXCR3-,HC,PTC32190_PB,GSM4104140_GCAGCCACACAAGACG-1,0.2883158888800351
CXCR3-,HC,PTC32190_PB,GSM4104140_GCAGTTAAGCTGCAAG-1,-0.09834107806026707
CXCR3-,HC,PTC32190_PB,GSM4104140_GCAGTTACAGACAGGT-1,-0.09834107806026707
CXCR3-,HC,PTC32190_PB,GSM4104140_GCATACACATTTGCTT-1,-0.09834107806026707
CXCR3-,HC,PTC32190_PB,GSM4104140_GCATGTAAGGCAATTA-1,-0.09834107806026707
CXCR3-,HC,PTC32190_PB,GSM4104140_GCCAAATCATTGTGCA-1,-0.09834107806026707
CXCR3-,HC,PTC32190_PB,GSM4104140_GCCAAATGTTACGACT-1,0.2079784983046867
CXCR3-,HC,PTC32190_PB,GSM4104140_GCCTCTAAGTACGTTC-1,-0.09834107806026707
CXCR3-,HC,PTC32190_PB,GSM4104140_GCGACCAAGCGTTCCG-1,-0.09834107806026707
CXCR3-,HC,PTC32190_PB,GSM4104140_GCGACCAGTGCGATAG-1,-0.09834107806026707
CXCR3-,HC,PTC32190_PB,GSM4104140_GCGCAACCAATCACAC-1,-0.09834107806026707
CXCR3-,HC,PTC32190_PB,GSM4104140_GCGCAACGTCAAAGCG-1,-0.09834107806026707
CXCR3-,HC,PTC32190_PB,GSM4104140_GCGCAACGTCTCAACA-1,-0.09834107806026707
CXCR3-,HC,PTC32190_PB,GSM4104140_GCTGCGAAGTGAACGC-1,-0.35941309992834547
CXCR3-,HC,PTC32190_PB,GSM4104140_GCTGCGAGTTCTGGTA-1,0.2884613747581262
CXCR3-,HC,PTC32190_PB,GSM4104140_GCTGCTTGTTGGTAAA-1,-0.09834107806026707
CXCR3-,HC,PTC32190_PB,GSM4104140_GCTGCTTGTTGTGGCC-1,-0.09834107806026707
CXCR3-,HC,PTC32190_PB,GSM4104140_GCTTCCACACAACGTT-1,-0.09834107806026707
CXCR3-,HC,PTC32190_PB,GSM4104140_GCTTGAATCATGTCTT-1,-0.09834107806026707
CXCR3-,HC,PTC32190_PB,GSM4104140_GGAATAACACCAGTTA-1,-0.09834107806026707
CXCR3-,HC,PTC32190_PB,GSM4104140_GGAATAAGTGTGAATA-1,-0.09834107806026707
CXCR3-,HC,PTC32190_PB,GSM4104140_GGAATAATCCATTCTA-1,-0.09834107806026707
CXCR3-,HC,PTC32190_PB,GSM4104140_GGACGTCGTCAGGACA-1,-0.09834107806026707
CXCR3-,HC,PTC32190_PB,GSM4104140_GGAGCAACACCACGTG-1,-0.3945413946530996
CXCR3-,HC,PTC32190_PB,GSM4104140_GGATTACCAGGTTTCA-1,-0.09834107806026707
CXCR3-,HC,PTC32190_PB,GSM4104140_GGCCGATAGGTTCCTA-1,-0.09834107806026707
CXCR3-,HC,PTC32190_PB,GSM4104140_GGCGACTTCAGTCAGT-1,-0.2565133863299222
CXCR3-,HC,PTC32190_PB,GSM4104140_GGCTGGTAGTCGTACT-1,0.15028527492737334
CXCR3-,HC,PTC32190_PB,GSM4104140_GGCTGGTTCCATGCTC-1,-0.09834107806026707
CXCR3-,HC,PTC32190_PB,GSM4104140_GGGACCTAGGCTACGA-1,-0.09834107806026707
CXCR3+,HC,PTC32190_PB,GSM4104140_GGGACCTAGGTGTTAA-1,-0.375042921037819
CXCR3-,HC,PTC32190_PB,GSM4104140_GGGACCTCATACAGCT-1,-0.09834107806026707
CXCR3-,HC,PTC32190_PB,GSM4104140_GGGATGAAGTTAAGTG-1,-0.09834107806026707
CXCR3-,HC,PTC32190_PB,GSM4104140_GGTATTGGTCTTGCGG-1,-0.09834107806026707
CXCR3-,HC,PTC32190_PB,GSM4104140_GGTGCGTAGGCCATAG-1,-0.24568832387800013
CXCR3-,HC,PTC32190_PB,GSM4104140_GGTGTTACATTCTTAC-1,-0.09834107806026707
CXCR3-,HC,PTC32190_PB,GSM4104140_GGTGTTATCACCGGGT-1,-0.09834107806026707
CXCR3-,HC,PTC32190_PB,GSM4104140_GTACGTACAGTCAGAG-1,-0.6615451578831278
CXCR3-,HC,PTC32190_PB,GSM4104140_GTACGTACATATGCTG-1,-0.3591287703622864
CXCR3-,HC,PTC32190_PB,GSM4104140_GTACTTTAGAAGATTC-1,-0.09834107806026707
CXCR3-,HC,PTC32190_PB,GSM4104140_GTACTTTAGGACTGGT-1,-0.43170906405924697
CXCR3-,HC,PTC32190_PB,GSM4104140_GTACTTTGTGCGAAAC-1,0.32689668076370026
CXCR3+,HC,PTC32190_PB,GSM4104140_GTAGGCCGTCAGGACA-1,-0.09834107806026707
CXCR3-,HC,PTC32190_PB,GSM4104140_GTATCTTAGTCGTACT-1,-0.09834107806026707
CXCR3-,HC,PTC32190_PB,GSM4104140_GTCACAACACCAGCAC-1,0.037214963258392686
CXCR3-,HC,PTC32190_PB,GSM4104140_GTCACAAGTCTTGCGG-1,-0.09834107806026707
CXCR3-,HC,PTC32190_PB,GSM4104140_GTCATTTTCGATGAGG-1,-0.09834107806026707
CXCR3-,HC,PTC32190_PB,GSM4104140_GTCTCGTGTCTAGCGC-1,-0.09834107806026707
CXCR3-,HC,PTC32190_PB,GSM4104140_GTCTCGTTCCAAACTG-1,-0.09834107806026707
CXCR3-,HC,PTC32190_PB,GSM4104140_GTGAAGGAGCTGCAAG-1,-0.09834107806026707
CXCR3-,HC,PTC32190_PB,GSM4104140_GTGCGGTCATTCGACA-1,-0.09834107806026707
CXCR3-,HC,PTC32190_PB,GSM4104140_GTGCGGTGTCTTGCGG-1,-0.09834107806026707
CXCR3-,HC,PTC32190_PB,GSM4104140_GTGGGTCAGACGCTTT-1,-0.09834107806026707
CXCR3-,HC,PTC32190_PB,GSM4104140_GTGGGTCCAAGTCATC-1,-0.09834107806026707
CXCR3-,HC,PTC32190_PB,GSM4104140_GTGTGCGTCACCATAG-1,-0.09834107806026707
CXCR3-,HC,PTC32190_PB,GSM4104140_GTGTTAGCAATGACCT-1,-0.09834107806026707
CXCR3-,HC,PTC32190_PB,GSM4104140_GTGTTAGGTCGACTAT-1,-0.09834107806026707
CXCR3-,HC,PTC32190_PB,GSM4104140_GTTCATTTCCAGAAGG-1,-0.09834107806026707
CXCR3-,HC,PTC32190_PB,GSM4104140_GTTTCTAGTTGCCTCT-1,-0.017373653070470976
CXCR3-,HC,PTC32190_PB,GSM4104140_TAAACCGAGAGACTAT-1,-0.09834107806026707
CXCR3-,HC,PTC32190_PB,GSM4104140_TAAGTGCAGCCCGAAA-1,-0.09834107806026707
CXCR3-,HC,PTC32190_PB,GSM4104140_TAAGTGCCATGTTGAC-1,0.21396989148479567
CXCR3-,HC,PTC32190_PB,GSM4104140_TACACGAGTCACCTAA-1,-0.09834107806026707
CXCR3-,HC,PTC32190_PB,GSM4104140_TACACGATCTAACGGT-1,-0.2739304061541685
CXCR3-,HC,PTC32190_PB,GSM4104140_TACAGTGCACAGGCCT-1,-0.09834107806026707
CXCR3-,HC,PTC32190_PB,GSM4104140_TACCTATAGCTGTCTA-1,0.3042720837737288
CXCR3-,HC,PTC32190_PB,GSM4104140_TACCTTACACCGCTAG-1,-0.09834107806026707
CXCR3-,HC,PTC32190_PB,GSM4104140_TACCTTACATTGTGCA-1,0.21079315378639088
CXCR3-,HC,PTC32190_PB,GSM4104140_TACGGATAGACAAGCC-1,-0.09834107806026707
CXCR3-,HC,PTC32190_PB,GSM4104140_TACTTACCAATGGAAT-1,-0.08146887006389403
CXCR3-,HC,PTC32190_PB,GSM4104140_TACTTACGTAAATACG-1,-0.09834107806026707
CXCR3-,HC,PTC32190_PB,GSM4104140_TACTTGTCATCATCCC-1,-0.521646824226425
CXCR3-,HC,PTC32190_PB,GSM4104140_TAGAGCTCATGTAAGA-1,-0.09834107806026707
CXCR3-,HC,PTC32190_PB,GSM4104140_TAGAGCTTCGGTCTAA-1,0.20569178162222507
CXCR3-,HC,PTC32190_PB,GSM4104140_TAGGCATCATGCCTTC-1,-0.09834107806026707
CXCR3-,HC,PTC32190_PB,GSM4104140_TAGTGGTCAAGAGGCT-1,-0.2548071324139947
CXCR3-,HC,PTC32190_PB,GSM4104140_TAGTGGTCAGCTGGCT-1,0.12324668004849597
CXCR3-,HC,PTC32190_PB,GSM4104140_TAGTTGGGTGGACGAT-1,-0.09834107806026707
CXCR3-,HC,PTC32190_PB,GSM4104140_TATCAGGTCCCTTGTG-1,-0.5718936311456148
CXCR3-,HC,PTC32190_PB,GSM4104140_TATCTCAGTGCCTGCA-1,-0.09834107806026707
CXCR3-,HC,PTC32190_PB,GSM4104140_TATGCCCTCCCAACGG-1,-0.002984811111764233
CXCR3-,HC,PTC32190_PB,GSM4104140_TATTACCCAGCTGGCT-1,-0.09834107806026707
CXCR3-,HC,PTC32190_PB,GSM4104140_TATTACCTCAGCTCTC-1,-0.09834107806026707
CXCR3-,HC,PTC32190_PB,GSM4104140_TCAATCTGTTTACTCT-1,-0.09834107806026707
CXCR3-,HC,PTC32190_PB,GSM4104140_TCACAAGGTGGCGAAT-1,-0.09834107806026707
CXCR3-,HC,PTC32190_PB,GSM4104140_TCAGATGCAACACCTA-1,-0.11964330989928788
CXCR3-,HC,PTC32190_PB,GSM4104140_TCAGATGTCGTGGGAA-1,-0.09834107806026707
CXCR3-,HC,PTC32190_PB,GSM4104140_TCAGCAAAGATATGGT-1,-0.09834107806026707
CXCR3-,HC,PTC32190_PB,GSM4104140_TCAGCAACAGCATGAG-1,-0.09834107806026707
CXCR3-,HC,PTC32190_PB,GSM4104140_TCAGCTCTCTGAGTGT-1,-0.09834107806026707
CXCR3-,HC,PTC32190_PB,GSM4104140_TCAGGATGTAGCGTAG-1,-0.39061511547293276
CXCR3-,HC,PTC32190_PB,GSM4104140_TCAGGATTCCTCAATT-1,-0.09834107806026707
CXCR3-,HC,PTC32190_PB,GSM4104140_TCAGGTATCCGTAGTA-1,-0.09834107806026707
CXCR3-,HC,PTC32190_PB,GSM4104140_TCATTACGTGAGTATA-1,-0.09834107806026707
CXCR3-,HC,PTC32190_PB,GSM4104140_TCATTACTCACCGGGT-1,-0.09834107806026707
CXCR3-,HC,PTC32190_PB,GSM4104140_TCCACACAGGCAGGTT-1,-0.09834107806026707
CXCR3-,HC,PTC32190_PB,GSM4104140_TCGAGGCCAAGTCTGT-1,0.33578914072360316
CXCR3-,HC,PTC32190_PB,GSM4104140_TCGAGGCCAGTTAACC-1,-0.0918266695295503
CXCR3-,HC,PTC32190_PB,GSM4104140_TCGCGAGTCGAACGGA-1,-0.09834107806026707
CXCR3-,HC,PTC32190_PB,GSM4104140_TCGCGTTAGCATCATC-1,-0.09834107806026707
CXCR3-,HC,PTC32190_PB,GSM4104140_TCGGTAATCTTTACAC-1,-0.2247822977824785
CXCR3-,HC,PTC32190_PB,GSM4104140_TCTATTGGTTCCTCCA-1,-0.09834107806026707
CXCR3-,HC,PTC32190_PB,GSM4104140_TCTCATACATTTCAGG-1,-0.09834107806026707
CXCR3-,HC,PTC32190_PB,GSM4104140_TCTCATAGTAGCACGA-1,-0.2903515163885775
CXCR3-,HC,PTC32190_PB,GSM4104140_TCTGGAAAGCGTGAAC-1,-0.09834107806026707
CXCR3-,HC,PTC32190_PB,GSM4104140_TCTGGAAGTTTACTCT-1,-0.6032593736592179
CXCR3+,HC,PTC32190_PB,GSM4104140_TCTTTCCTCAGTACGT-1,-0.09834107806026707
CXCR3-,HC,PTC32190_PB,GSM4104140_TGAAAGACACTACAGT-1,-0.09834107806026707
CXCR3-,HC,PTC32190_PB,GSM4104140_TGACTAGGTTGGACCC-1,-0.09834107806026707
CXCR3-,HC,PTC32190_PB,GSM4104140_TGAGAGGAGGAGTAGA-1,-0.09834107806026707
CXCR3-,HC,PTC32190_PB,GSM4104140_TGAGAGGGTGCTCTTC-1,-0.09834107806026707
CXCR3-,HC,PTC32190_PB,GSM4104140_TGAGAGGGTGGTACAG-1,-0.09834107806026707
CXCR3-,HC,PTC32190_PB,GSM4104140_TGAGCCGCAGACAAAT-1,-0.4695914200258258
CXCR3-,HC,PTC32190_PB,GSM4104140_TGAGCCGGTAAACGCG-1,-0.2708308305013429
CXCR3-,HC,PTC32190_PB,GSM4104140_TGAGCCGTCAATCACG-1,0.1549774343531469
CXCR3-,HC,PTC32190_PB,GSM4104140_TGCACCTCACCGCTAG-1,-0.09834107806026707
CXCR3-,HC,PTC32190_PB,GSM4104140_TGCACCTTCTGCAGTA-1,-0.09834107806026707
CXCR3-,HC,PTC32190_PB,GSM4104140_TGCCAAAAGCCCAGCT-1,-0.09834107806026707
CXCR3-,HC,PTC32190_PB,GSM4104140_TGCCAAACATCGGACC-1,-0.09834107806026707
CXCR3-,HC,PTC32190_PB,GSM4104140_TGCCAAAGTTCAACCA-1,-0.46092701838817407
CXCR3-,HC,PTC32190_PB,GSM4104140_TGCCCATGTCGAGTTT-1,-0.09834107806026707
CXCR3-,HC,PTC32190_PB,GSM4104140_TGCCCATTCTTTACGT-1,0.17164969226631208
CXCR3-,HC,PTC32190_PB,GSM4104140_TGCGGGTTCAATAAGG-1,-0.09834107806026707
CXCR3-,HC,PTC32190_PB,GSM4104140_TGCTGCTCATGATCCA-1,0.09523962315096178
CXCR3-,HC,PTC32190_PB,GSM4104140_TGCTGCTGTAGCGCAA-1,-0.09834107806026707
CXCR3-,HC,PTC32190_PB,GSM4104140_TGGACGCGTTCCATGA-1,-0.09834107806026707
CXCR3-,HC,PTC32190_PB,GSM4104140_TGGCCAGCAGTAAGAT-1,-0.09834107806026707
CXCR3-,HC,PTC32190_PB,GSM4104140_TGGCCAGTCCAAAGTC-1,-0.3730801073248554
CXCR3-,HC,PTC32190_PB,GSM4104140_TGGGAAGGTACGAAAT-1,-0.09834107806026707
CXCR3-,HC,PTC32190_PB,GSM4104140_TGGTTAGCATGGTCTA-1,0.12135072742095808
CXCR3-,HC,PTC32190_PB,GSM4104140_TGTATTCCAAGTTCTG-1,-0.09834107806026707
CXCR3-,HC,PTC32190_PB,GSM4104140_TGTATTCGTCAGATAA-1,-0.09834107806026707
CXCR3-,HC,PTC32190_PB,GSM4104140_TGTTCCGGTCCAACTA-1,-0.09834107806026707
CXCR3-,HC,PTC32190_PB,GSM4104140_TTAACTCAGACGCACA-1,-0.09834107806026707
CXCR3-,HC,PTC32190_PB,GSM4104140_TTAGGACGTATCAGTC-1,-0.09834107806026707
CXCR3-,HC,PTC32190_PB,GSM4104140_TTAGGCACAGACTCGC-1,-0.09834107806026707
CXCR3-,HC,PTC32190_PB,GSM4104140_TTAGTTCAGGACTGGT-1,-0.28715527164913635
CXCR3-,HC,PTC32190_PB,GSM4104140_TTATGCTTCCGGCACA-1,-0.09834107806026707
CXCR3-,HC,PTC32190_PB,GSM4104140_TTATGCTTCTGAAAGA-1,-0.09834107806026707
CXCR3-,HC,PTC32190_PB,GSM4104140_TTCGGTCAGGATCGCA-1,-0.09834107806026707
CXCR3-,HC,PTC32190_PB,GSM4104140_TTCTACATCAGCCTAA-1,-0.09834107806026707
CXCR3-,HC,PTC32190_PB,GSM4104140_TTCTCAAAGACCTTTG-1,-0.09834107806026707
CXCR3-,HC,PTC32190_PB,GSM4104140_TTCTCCTGTTCCGTCT-1,-0.09834107806026707
CXCR3-,HC,PTC32190_PB,GSM4104140_TTCTTAGAGCCACGTC-1,-0.09834107806026707
CXCR3-,HC,PTC32190_PB,GSM4104140_TTCTTAGAGCGTGAAC-1,-0.3051443361847707
CXCR3-,HC,PTC32190_PB,GSM4104140_TTGCCGTCATGCGCAC-1,-0.09834107806026707
CXCR3-,HC,PTC32190_PB,GSM4104140_TTGCCGTGTTCCAACA-1,-0.09834107806026707
CXCR3-,HC,PTC32190_PB,GSM4104140_TTGTAGGGTTAGAACA-1,-0.09834107806026707
CXCR3-,HC,PTC32190_PB,GSM4104140_TTTCCTCTCAGCTTAG-1,0.3406589025106868
CXCR3-,HC,PTC41540_PB,GSM4104142_AAACCTGCAAGGACAC-1,-0.0853485159137922
CXCR3-,HC,PTC41540_PB,GSM4104142_AAACCTGCAAGGGTCA-1,-0.09834107806026707
CXCR3-,HC,PTC41540_PB,GSM4104142_AAACGGGAGATTACCC-1,-0.09834107806026707
CXCR3-,HC,PTC41540_PB,GSM4104142_AAAGTAGAGAGCAATT-1,-0.09834107806026707
CXCR3-,HC,PTC41540_PB,GSM4104142_AAATGCCCATTCACTT-1,-0.09834107806026707
CXCR3-,HC,PTC41540_PB,GSM4104142_AAATGCCTCGCGTTTC-1,-0.09834107806026707
CXCR3-,HC,PTC41540_PB,GSM4104142_AAATGCCTCGGTCCGA-1,-0.2629454787238959
CXCR3-,HC,PTC41540_PB,GSM4104142_AACACGTAGCGACGTA-1,0.42325233011672925
CXCR3+,HC,PTC41540_PB,GSM4104142_AACACGTAGCTCTCGG-1,-0.016815814855912232
CXCR3-,HC,PTC41540_PB,GSM4104142_AACACGTAGTCTCCTC-1,-0.09834107806026707
CXCR3-,HC,PTC41540_PB,GSM4104142_AACACGTGTTCCGGCA-1,-0.5744113386356454
CXCR3-,HC,PTC41540_PB,GSM4104142_AACACGTTCCCTCTTT-1,-0.09834107806026707
CXCR3-,HC,PTC41540_PB,GSM4104142_AACCATGCAATAGCGG-1,-0.09834107806026707
CXCR3-,HC,PTC41540_PB,GSM4104142_AACCATGGTTCCGGCA-1,0.3402323279808697
CXCR3-,HC,PTC41540_PB,GSM4104142_AACCGCGTCCACTCCA-1,-0.09834107806026707
CXCR3-,HC,PTC41540_PB,GSM4104142_AACGTTGTCAGTCCCT-1,-0.09834107806026707
CXCR3-,HC,PTC41540_PB,GSM4104142_AACTCAGGTCAGTGGA-1,-0.09834107806026707
CXCR3-,HC,PTC41540_PB,GSM4104142_AACTCCCAGCGCCTCA-1,-0.09834107806026707
CXCR3-,HC,PTC41540_PB,GSM4104142_AACTCCCGTAGAGCTG-1,-0.09834107806026707
CXCR3-,HC,PTC41540_PB,GSM4104142_AACTCCCGTATAATGG-1,-0.41963422190435073
CXCR3-,HC,PTC41540_PB,GSM4104142_AACTCCCGTCTCTTTA-1,-0.26360664464462247
CXCR3-,HC,PTC41540_PB,GSM4104142_AACTCTTAGCAGGTCA-1,-0.09834107806026707
CXCR3-,HC,PTC41540_PB,GSM4104142_AACTCTTCATGCCTAA-1,-0.09834107806026707
CXCR3-,HC,PTC41540_PB,GSM4104142_AACTGGTCAGACAGGT-1,-0.36774739138500634
CXCR3-,HC,PTC41540_PB,GSM4104142_AACTGGTCAGCCTTGG-1,-0.19072485149161023
CXCR3-,HC,PTC41540_PB,GSM4104142_AACTGGTTCCAAATGC-1,-0.09834107806026707
CXCR3-,HC,PTC41540_PB,GSM4104142_AACTGGTTCTGGGCCA-1,-0.09834107806026707
CXCR3-,HC,PTC41540_PB,GSM4104142_AAGCCGCGTTGAACTC-1,0.40430543149057385
CXCR3-,HC,PTC41540_PB,GSM4104142_AAGCCGCTCCCGACTT-1,-0.09834107806026707
CXCR3-,HC,PTC41540_PB,GSM4104142_AAGCCGCTCGGATGGA-1,-0.09834107806026707
CXCR3-,HC,PTC41540_PB,GSM4104142_AAGGAGCCAACTTGAC-1,-0.09834107806026707
CXCR3-,HC,PTC41540_PB,GSM4104142_AAGGAGCTCTTCCTTC-1,-0.09834107806026707
CXCR3-,HC,PTC41540_PB,GSM4104142_AAGGCAGCAGCGTTCG-1,-0.4301270521065122
CXCR3-,HC,PTC41540_PB,GSM4104142_AAGGCAGCATACTCTT-1,-0.22669624724689202
CXCR3-,HC,PTC41540_PB,GSM4104142_AAGGCAGGTGTTTGGT-1,-0.09834107806026707
CXCR3-,HC,PTC41540_PB,GSM4104142_AAGTCTGGTAAAGTCA-1,-0.09834107806026707
CXCR3-,HC,PTC41540_PB,GSM4104142_AATCCAGAGAACTGTA-1,-0.34177123109266827
CXCR3-,HC,PTC41540_PB,GSM4104142_AATCCAGAGAGCTGCA-1,-0.5039518873783303
CXCR3-,HC,PTC41540_PB,GSM4104142_AATCCAGCAATGGAGC-1,-0.5135147582246542
CXCR3-,HC,PTC41540_PB,GSM4104142_AATCCAGCAATGGTCT-1,-0.09834107806026707
CXCR3-,HC,PTC41540_PB,GSM4104142_AATCCAGTCTACCAGA-1,0.1560303418849396
CXCR3-,HC,PTC41540_PB,GSM4104142_AATCGGTCATTTCACT-1,-0.09834107806026707
CXCR3-,HC,PTC41540_PB,GSM4104142_ACACCAACACAACGTT-1,-0.45611128396463035
CXCR3-,HC,PTC41540_PB,GSM4104142_ACACCAAGTCTAGCCG-1,-0.09834107806026707
CXCR3-,HC,PTC41540_PB,GSM4104142_ACACCAAGTGGTTTCA-1,-0.413367317738975
CXCR3-,HC,PTC41540_PB,GSM4104142_ACACCCTGTGTGACCC-1,-0.33548579489181046
CXCR3-,HC,PTC41540_PB,GSM4104142_ACACCGGAGAGCTGGT-1,-0.09834107806026707
CXCR3-,HC,PTC41540_PB,GSM4104142_ACACCGGAGCTGAACG-1,-0.09834107806026707
CXCR3-,HC,PTC41540_PB,GSM4104142_ACACTGAAGTGTGGCA-1,-0.09834107806026707
CXCR3-,HC,PTC41540_PB,GSM4104142_ACACTGAGTTCAACCA-1,-0.09834107806026707
CXCR3-,HC,PTC41540_PB,GSM4104142_ACAGCCGTCTCTGTCG-1,-0.2643379683190446
CXCR3-,HC,PTC41540_PB,GSM4104142_ACAGCTAAGAAACCTA-1,0.5096033887641672
CXCR3-,HC,PTC41540_PB,GSM4104142_ACAGCTAGTACCGCTG-1,-0.09834107806026707
CXCR3-,HC,PTC41540_PB,GSM4104142_ACATACGCAAAGAATC-1,-0.09834107806026707
CXCR3-,HC,PTC41540_PB,GSM4104142_ACATACGTCACTCTTA-1,-0.09834107806026707
CXCR3-,HC,PTC41540_PB,GSM4104142_ACATCAGCAAAGTGCG-1,-0.09834107806026707
CXCR3-,HC,PTC41540_PB,GSM4104142_ACATCAGCAAGTAATG-1,-0.09834107806026707
CXCR3-,HC,PTC41540_PB,GSM4104142_ACATCAGTCTGCTGTC-1,-0.3022421374589323
CXCR3-,HC,PTC41540_PB,GSM4104142_ACATGGTTCTCTTGAT-1,-0.09834107806026707
CXCR3-,HC,PTC41540_PB,GSM4104142_ACCAGTAAGAGATGAG-1,0.36585278888841566
CXCR3-,HC,PTC41540_PB,GSM4104142_ACCAGTAAGCTTATCG-1,-0.32973324127671566
CXCR3-,HC,PTC41540_PB,GSM4104142_ACCAGTAGTAGCGTAG-1,-0.09834107806026707
CXCR3-,HC,PTC41540_PB,GSM4104142_ACCAGTAGTGAGGCTA-1,-0.3714422648369801
CXCR3-,HC,PTC41540_PB,GSM4104142_ACCAGTATCTGTTTGT-1,-0.09834107806026707
CXCR3-,HC,PTC41540_PB,GSM4104142_ACCCACTAGAATTCCC-1,-0.09834107806026707
CXCR3-,HC,PTC41540_PB,GSM4104142_ACCGTAACAGGGTACA-1,0.16481520942012334
CXCR3-,HC,PTC41540_PB,GSM4104142_ACCGTAACATACGCTA-1,-0.09834107806026707
CXCR3-,HC,PTC41540_PB,GSM4104142_ACCGTAATCAGTTGAC-1,-0.09834107806026707
CXCR3-,HC,PTC41540_PB,GSM4104142_ACCGTAATCTATGTGG-1,-0.38210415427044975
CXCR3-,HC,PTC41540_PB,GSM4104142_ACCTTTAGTGACAAAT-1,0.09063126483992065
CXCR3-,HC,PTC41540_PB,GSM4104142_ACCTTTAGTTTAAGCC-1,-0.09834107806026707
CXCR3-,HC,PTC41540_PB,GSM4104142_ACCTTTATCTTTAGGG-1,-0.47756022582475477
CXCR3-,HC,PTC41540_PB,GSM4104142_ACGAGCCAGATGTCGG-1,-0.09834107806026707
CXCR3-,HC,PTC41540_PB,GSM4104142_ACGAGCCGTCCTCTTG-1,-0.09834107806026707
CXCR3-,HC,PTC41540_PB,GSM4104142_ACGAGCCGTCGGATCC-1,0.3350571404452663
CXCR3-,HC,PTC41540_PB,GSM4104142_ACGAGCCTCCTCCTAG-1,-0.09834107806026707
CXCR3-,HC,PTC41540_PB,GSM4104142_ACGAGGATCACCAGGC-1,-0.2339629426546738
CXCR3-,HC,PTC41540_PB,GSM4104142_ACGATACGTGCTCTTC-1,-0.09834107806026707
CXCR3-,HC,PTC41540_PB,GSM4104142_ACGATACTCTAACTTC-1,-0.09834107806026707
CXCR3-,HC,PTC41540_PB,GSM4104142_ACGATGTAGGTGCACA-1,0.03699205315412174
CXCR3-,HC,PTC41540_PB,GSM4104142_ACGATGTAGTACGCCC-1,-0.09834107806026707
CXCR3-,HC,PTC41540_PB,GSM4104142_ACGATGTCATACTACG-1,-0.09834107806026707
CXCR3-,HC,PTC41540_PB,GSM4104142_ACGATGTCATGACGGA-1,-0.09834107806026707
CXCR3-,HC,PTC41540_PB,GSM4104142_ACGATGTCATGGTTGT-1,0.22380728869283417
CXCR3-,HC,PTC41540_PB,GSM4104142_ACGATGTGTGACAAAT-1,-0.09834107806026707
CXCR3-,HC,PTC41540_PB,GSM4104142_ACGATGTTCTAACTTC-1,-0.09834107806026707
CXCR3-,HC,PTC41540_PB,GSM4104142_ACGCAGCCAATGCCAT-1,-0.09834107806026707
CXCR3-,HC,PTC41540_PB,GSM4104142_ACGCAGCTCCTAAGTG-1,-0.09834107806026707
CXCR3-,HC,PTC41540_PB,GSM4104142_ACGCAGCTCGCACTCT-1,-0.09834107806026707
CXCR3-,HC,PTC41540_PB,GSM4104142_ACGCAGCTCGTAGATC-1,-0.2999817053303926
CXCR3-,HC,PTC41540_PB,GSM4104142_ACGCAGCTCTGGAGCC-1,-0.09834107806026707
CXCR3-,HC,PTC41540_PB,GSM4104142_ACGCCAGCACCGGAAA-1,-0.25338367776952037
CXCR3-,HC,PTC41540_PB,GSM4104142_ACGCCAGTCCGTCAAA-1,-0.09834107806026707
CXCR3-,HC,PTC41540_PB,GSM4104142_ACGCCGAGTATTCTCT-1,-0.09834107806026707
CXCR3-,HC,PTC41540_PB,GSM4104142_ACGCCGAGTTGTACAC-1,-0.09834107806026707
CXCR3-,HC,PTC41540_PB,GSM4104142_ACGGAGACAATGCCAT-1,-0.2982694162019165
CXCR3-,HC,PTC41540_PB,GSM4104142_ACGGAGACACCTCGTT-1,-0.09834107806026707
CXCR3-,HC,PTC41540_PB,GSM4104142_ACGGAGACATTGCGGC-1,-0.09834107806026707
CXCR3-,HC,PTC41540_PB,GSM4104142_ACGGAGATCTCAACTT-1,-0.2602974747536852
CXCR3-,HC,PTC41540_PB,GSM4104142_ACGGCCAAGTTGAGTA-1,-0.09834107806026707
CXCR3-,HC,PTC41540_PB,GSM4104142_ACGGCCACACATCCAA-1,-0.09834107806026707
CXCR3-,HC,PTC41540_PB,GSM4104142_ACGGCCAGTATCACCA-1,-0.09834107806026707
CXCR3-,HC,PTC41540_PB,GSM4104142_ACGGCCATCACCTCGT-1,-0.434906822502719
CXCR3-,HC,PTC41540_PB,GSM4104142_ACGGGCTAGAATTGTG-1,-0.2611011361587803
CXCR3-,HC,PTC41540_PB,GSM4104142_ACGGGTCAGATCGGGT-1,-0.09834107806026707
CXCR3-,HC,PTC41540_PB,GSM4104142_ACGGGTCAGTCTCGGC-1,-0.09834107806026707
CXCR3-,HC,PTC41540_PB,GSM4104142_ACGGGTCGTCTCATCC-1,0.24011616331570232
CXCR3-,HC,PTC41540_PB,GSM4104142_ACGGGTCGTTACGCGC-1,-0.09834107806026707
CXCR3-,HC,PTC41540_PB,GSM4104142_ACGGGTCGTTCAGCGC-1,-0.30591405558273216
CXCR3-,HC,PTC41540_PB,GSM4104142_ACGTCAACATCCGTGG-1,-0.09834107806026707
CXCR3-,HC,PTC41540_PB,GSM4104142_ACGTCAAGTAAATGTG-1,0.20446689729831097
CXCR3-,HC,PTC41540_PB,GSM4104142_ACTATCTAGCAGACTG-1,-0.09834107806026707
CXCR3-,HC,PTC41540_PB,GSM4104142_ACTATCTAGCTGCAAG-1,0.3645976238659191
CXCR3-,HC,PTC41540_PB,GSM4104142_ACTATCTAGTAGGCCA-1,-0.09834107806026707
CXCR3-,HC,PTC41540_PB,GSM4104142_ACTGAACAGCCAGTTT-1,-0.09834107806026707
CXCR3-,HC,PTC41540_PB,GSM4104142_ACTGAACAGTTCGCGC-1,-0.09834107806026707
CXCR3-,HC,PTC41540_PB,GSM4104142_ACTGAACTCGCGCCAA-1,-0.7627995908483022
CXCR3-,HC,PTC41540_PB,GSM4104142_ACTGAACTCGGATGGA-1,-0.09834107806026707
CXCR3-,HC,PTC41540_PB,GSM4104142_ACTGAGTAGCGCCTTG-1,-0.09834107806026707
CXCR3-,HC,PTC41540_PB,GSM4104142_ACTGAGTCAGCATACT-1,-0.2966879242016675
CXCR3-,HC,PTC41540_PB,GSM4104142_ACTGAGTCAGGGTTAG-1,-0.09834107806026707
CXCR3-,HC,PTC41540_PB,GSM4104142_ACTGATGTCACGACTA-1,-0.09834107806026707
CXCR3-,HC,PTC41540_PB,GSM4104142_ACTGCTCAGTGCGATG-1,-0.09834107806026707
CXCR3-,HC,PTC41540_PB,GSM4104142_ACTGCTCAGTGTACTC-1,0.32783106741303314
CXCR3-,HC,PTC41540_PB,GSM4104142_ACTGCTCTCCACTGGG-1,-0.09834107806026707
CXCR3-,HC,PTC41540_PB,GSM4104142_ACTGTCCCAGTCTTCC-1,-0.3701310672865411
CXCR3-,HC,PTC41540_PB,GSM4104142_ACTGTCCGTCATCGGC-1,-0.09834107806026707
CXCR3-,HC,PTC41540_PB,GSM4104142_ACTTACTAGTCGTACT-1,-0.09834107806026707
CXCR3-,HC,PTC41540_PB,GSM4104142_ACTTACTCACCTTGTC-1,-0.09834107806026707
CXCR3-,HC,PTC41540_PB,GSM4104142_AGACGTTCATTACGAC-1,-0.23275087545517964
CXCR3-,HC,PTC41540_PB,GSM4104142_AGAGCGACAAACTGTC-1,-0.09834107806026707
CXCR3-,HC,PTC41540_PB,GSM4104142_AGAGCGATCCTGTACC-1,-0.09834107806026707
CXCR3-,HC,PTC41540_PB,GSM4104142_AGAGCTTGTGTGACCC-1,-0.09834107806026707
CXCR3-,HC,PTC41540_PB,GSM4104142_AGAGTGGAGACCTAGG-1,-0.09834107806026707
CXCR3-,HC,PTC41540_PB,GSM4104142_AGAGTGGAGCGTTGCC-1,-0.09834107806026707
CXCR3-,HC,PTC41540_PB,GSM4104142_AGATCTGAGTGCAAGC-1,-0.26063116359522615
CXCR3-,HC,PTC41540_PB,GSM4104142_AGATCTGGTTATTCTC-1,-0.09834107806026707
CXCR3-,HC,PTC41540_PB,GSM4104142_AGATTGCCATGCTAGT-1,-0.39987570455460963
CXCR3-,HC,PTC41540_PB,GSM4104142_AGCAGCCCAGACAAGC-1,-0.09834107806026707
CXCR3-,HC,PTC41540_PB,GSM4104142_AGCAGCCGTCAGTGGA-1,-0.09834107806026707
CXCR3-,HC,PTC41540_PB,GSM4104142_AGCATACTCCGAGCCA-1,-0.09834107806026707
CXCR3-,HC,PTC41540_PB,GSM4104142_AGCATACTCTGTCCGT-1,-0.3849929079667157
CXCR3-,HC,PTC41540_PB,GSM4104142_AGCCTAACACGCATCG-1,-0.09834107806026707
CXCR3-,HC,PTC41540_PB,GSM4104142_AGCCTAAGTTCCAACA-1,-0.2181727130694329
CXCR3-,HC,PTC41540_PB,GSM4104142_AGCCTAATCCAATGGT-1,-0.09834107806026707
CXCR3-,HC,PTC41540_PB,GSM4104142_AGCGGTCAGACATAAC-1,-0.23740734144005454
CXCR3-,HC,PTC41540_PB,GSM4104142_AGCGGTCAGTTACGGG-1,-0.09834107806026707
CXCR3+,HC,PTC41540_PB,GSM4104142_AGCGGTCGTACCATCA-1,-0.09834107806026707
CXCR3-,HC,PTC41540_PB,GSM4104142_AGCGGTCGTCCATCCT-1,-0.09834107806026707
CXCR3-,HC,PTC41540_PB,GSM4104142_AGCGGTCTCCAGATCA-1,-0.09834107806026707
CXCR3-,HC,PTC41540_PB,GSM4104142_AGCGGTCTCTTGTCAT-1,-0.10713930025023972
CXCR3-,HC,PTC41540_PB,GSM4104142_AGCGTATTCCTCATTA-1,-0.09834107806026707
CXCR3-,HC,PTC41540_PB,GSM4104142_AGCGTATTCGTACCGG-1,-0.09834107806026707
CXCR3-,HC,PTC41540_PB,GSM4104142_AGCTCTCCATTATCTC-1,-0.09834107806026707
CXCR3+,HC,PTC41540_PB,GSM4104142_AGCTCTCCATTGGTAC-1,-0.29369229594568863
CXCR3-,HC,PTC41540_PB,GSM4104142_AGCTCTCGTGCACGAA-1,-0.26719707844688356
CXCR3-,HC,PTC41540_PB,GSM4104142_AGCTCTCTCTTGTCAT-1,-0.612803289615364
CXCR3-,HC,PTC41540_PB,GSM4104142_AGCTTGACACAGTCGC-1,0.16111970561079683
CXCR3-,HC,PTC41540_PB,GSM4104142_AGGCCGTCACCAGTTA-1,-0.09834107806026707
CXCR3-,HC,PTC41540_PB,GSM4104142_AGGCCGTCACTGTTAG-1,-0.442419890590394
CXCR3-,HC,PTC41540_PB,GSM4104142_AGGCCGTGTGAGGGAG-1,-0.228717390633006
CXCR3-,HC,PTC41540_PB,GSM4104142_AGGGAGTGTTCGCTAA-1,-0.24537068013582589
CXCR3-,HC,PTC41540_PB,GSM4104142_AGGGAGTTCATAACCG-1,-0.35082847285950786
CXCR3-,HC,PTC41540_PB,GSM4104142_AGGGATGAGAGGTTGC-1,-0.09834107806026707
CXCR3-,HC,PTC41540_PB,GSM4104142_AGGGATGTCAGAGACG-1,-0.04735788394059764
CXCR3-,HC,PTC41540_PB,GSM4104142_AGGGATGTCGGCTACG-1,-0.09834107806026707
CXCR3-,HC,PTC41540_PB,GSM4104142_AGGGTGACAGTCACTA-1,-0.09834107806026707
CXCR3-,HC,PTC41540_PB,GSM4104142_AGGGTGATCATGTCTT-1,-0.09834107806026707
CXCR3-,HC,PTC41540_PB,GSM4104142_AGGTCATCACCAGCAC-1,-0.09834107806026707
CXCR3-,HC,PTC41540_PB,GSM4104142_AGGTCCGAGACTGTAA-1,-0.09834107806026707
CXCR3-,HC,PTC41540_PB,GSM4104142_AGTCTTTGTAAGGGAA-1,0.24603583871003593
CXCR3-,HC,PTC41540_PB,GSM4104142_AGTCTTTGTAGCAAAT-1,-0.09699153517711478
CXCR3-,HC,PTC41540_PB,GSM4104142_AGTCTTTTCCTGTACC-1,0.03786929292567209
CXCR3-,HC,PTC41540_PB,GSM4104142_AGTGAGGAGACTCGGA-1,-0.09834107806026707
CXCR3-,HC,PTC41540_PB,GSM4104142_AGTGAGGGTTCGGGCT-1,-0.09834107806026707
CXCR3-,HC,PTC41540_PB,GSM4104142_AGTGAGGTCAGGCAAG-1,-0.09834107806026707
CXCR3-,HC,PTC41540_PB,GSM4104142_AGTGAGGTCATGTCTT-1,0.3200169379473414
CXCR3-,HC,PTC41540_PB,GSM4104142_AGTGGGATCACAATGC-1,-0.7231085774340071
CXCR3-,HC,PTC41540_PB,GSM4104142_AGTGGGATCCGGCACA-1,-0.616053176704038
CXCR3-,HC,PTC41540_PB,GSM4104142_AGTGTCACAAGGCTCC-1,-0.09834107806026707
CXCR3-,HC,PTC41540_PB,GSM4104142_AGTGTCATCCCAGGTG-1,-0.09834107806026707
CXCR3-,HC,PTC41540_PB,GSM4104142_AGTTGGTAGCGTAATA-1,-0.09834107806026707
CXCR3-,HC,PTC41540_PB,GSM4104142_AGTTGGTTCACGATGT-1,-0.34719182588938485
CXCR3-,HC,PTC41540_PB,GSM4104142_ATAACGCAGGGATCTG-1,-0.304095814139815
CXCR3-,HC,PTC41540_PB,GSM4104142_ATAAGAGAGATGTAAC-1,0.2831664283672731
CXCR3-,HC,PTC41540_PB,GSM4104142_ATAAGAGCACAGGAGT-1,-0.09834107806026707
CXCR3-,HC,PTC41540_PB,GSM4104142_ATAGACCAGATCGGGT-1,-0.09834107806026707
CXCR3-,HC,PTC41540_PB,GSM4104142_ATAGACCAGGAATCGC-1,-0.3260776322704868
CXCR3-,HC,PTC41540_PB,GSM4104142_ATAGACCCAATAGAGT-1,-0.09834107806026707
CXCR3-,HC,PTC41540_PB,GSM4104142_ATCACGATCCAAAGTC-1,-0.27507746081444634
CXCR3-,HC,PTC41540_PB,GSM4104142_ATCATCTAGTGATCGG-1,-0.25410664486552864
CXCR3-,HC,PTC41540_PB,GSM4104142_ATCATCTTCATATCGG-1,-0.09834107806026707
CXCR3-,HC,PTC41540_PB,GSM4104142_ATCATCTTCCGTTGTC-1,-0.09834107806026707
CXCR3-,HC,PTC41540_PB,GSM4104142_ATCCACCGTCTAACGT-1,-0.09834107806026707
CXCR3-,HC,PTC41540_PB,GSM4104142_ATCCACCTCTTTAGTC-1,-0.09834107806026707
CXCR3-,HC,PTC41540_PB,GSM4104142_ATCCGAAAGATTACCC-1,0.08599020737380551
CXCR3-,HC,PTC41540_PB,GSM4104142_ATCCGAAAGTTAGCGG-1,0.2434600394514588
CXCR3-,HC,PTC41540_PB,GSM4104142_ATCGAGTAGAGATGAG-1,-0.09834107806026707
CXCR3-,HC,PTC41540_PB,GSM4104142_ATCGAGTAGGGTTTCT-1,-0.09834107806026707
CXCR3-,HC,PTC41540_PB,GSM4104142_ATCGAGTCAAGCCCAC-1,-0.09834107806026707
CXCR3-,HC,PTC41540_PB,GSM4104142_ATCTACTAGAGCAATT-1,-0.09834107806026707
CXCR3-,HC,PTC41540_PB,GSM4104142_ATCTACTAGTCTCGGC-1,-0.09834107806026707
CXCR3-,HC,PTC41540_PB,GSM4104142_ATCTGCCGTAAATGTG-1,-0.09834107806026707
CXCR3-,HC,PTC41540_PB,GSM4104142_ATGAGGGAGCTGGAAC-1,-0.09834107806026707
CXCR3-,HC,PTC41540_PB,GSM4104142_ATGCGATCAGATGGCA-1,-0.09834107806026707
CXCR3-,HC,PTC41540_PB,GSM4104142_ATGCGATCATACGCTA-1,-0.6236291046447031
CXCR3-,HC,PTC41540_PB,GSM4104142_ATGGGAGAGCGTGAGT-1,-0.09834107806026707
CXCR3-,HC,PTC41540_PB,GSM4104142_ATGGGAGAGCTGATAA-1,-0.09834107806026707
CXCR3-,HC,PTC41540_PB,GSM4104142_ATGGGAGCAGTCAGAG-1,0.248799300540387
CXCR3-,HC,PTC41540_PB,GSM4104142_ATGGGAGGTAACGTTC-1,0.34580247242229684
CXCR3-,HC,PTC41540_PB,GSM4104142_ATGTGTGAGGGATACC-1,-0.09834107806026707
CXCR3-,HC,PTC41540_PB,GSM4104142_ATGTGTGTCTCTAAGG-1,-0.09834107806026707
CXCR3-,HC,PTC41540_PB,GSM4104142_ATTACTCAGCGTTTAC-1,-0.09834107806026707
CXCR3-,HC,PTC41540_PB,GSM4104142_ATTACTCTCATTATCC-1,0.18619456632042808
CXCR3-,HC,PTC41540_PB,GSM4104142_ATTCTACAGATCCGAG-1,-0.09834107806026707
CXCR3-,HC,PTC41540_PB,GSM4104142_ATTCTACAGGCGCTCT-1,-0.20064507078230026
CXCR3-,HC,PTC41540_PB,GSM4104142_ATTCTACCAGGACCCT-1,-0.09834107806026707
CXCR3-,HC,PTC41540_PB,GSM4104142_ATTCTACGTGCCTGCA-1,-0.09834107806026707
CXCR3-,HC,PTC41540_PB,GSM4104142_ATTGGACGTTAGTGGG-1,-0.09834107806026707
CXCR3-,HC,PTC41540_PB,GSM4104142_ATTGGTGAGCACGCCT-1,-0.09834107806026707
CXCR3-,HC,PTC41540_PB,GSM4104142_ATTGGTGCAACCGCCA-1,-0.09834107806026707
CXCR3-,HC,PTC41540_PB,GSM4104142_ATTGGTGGTGGGTCAA-1,-0.25671801115814963
CXCR3-,HC,PTC41540_PB,GSM4104142_ATTGGTGTCATCATTC-1,-0.09834107806026707
CXCR3-,HC,PTC41540_PB,GSM4104142_ATTGGTGTCCGATATG-1,-0.09834107806026707
CXCR3-,HC,PTC41540_PB,GSM4104142_ATTTCTGGTATTCTCT-1,-0.09834107806026707
CXCR3-,HC,PTC41540_PB,GSM4104142_CAACCAAAGGACAGAA-1,-0.09834107806026707
CXCR3-,HC,PTC41540_PB,GSM4104142_CAACCAAAGGGTGTGT-1,-0.09834107806026707
CXCR3-,HC,PTC41540_PB,GSM4104142_CAACCAACAGATAATG-1,-0.09834107806026707
CXCR3-,HC,PTC41540_PB,GSM4104142_CAACCTCAGGCCCGTT-1,-0.620848339349375
CXCR3-,HC,PTC41540_PB,GSM4104142_CAACCTCAGGGCATGT-1,0.0952679774537095
CXCR3-,HC,PTC41540_PB,GSM4104142_CAACCTCGTGTGGCTC-1,-0.27220464964850677
CXCR3-,HC,PTC41540_PB,GSM4104142_CAACCTCTCCCGACTT-1,-0.29337263631082555
CXCR3-,HC,PTC41540_PB,GSM4104142_CAACTAGAGCTAAGAT-1,-0.09834107806026707
CXCR3-,HC,PTC41540_PB,GSM4104142_CAACTAGCATCGTCGG-1,-0.09834107806026707
CXCR3-,HC,PTC41540_PB,GSM4104142_CAACTAGGTAAAGGAG-1,0.007632519006407427
CXCR3-,HC,PTC41540_PB,GSM4104142_CAACTAGGTTCCGGCA-1,-0.2731894015067173
CXCR3-,HC,PTC41540_PB,GSM4104142_CAAGAAAGTGGTAACG-1,-0.021214196520484778
CXCR3-,HC,PTC41540_PB,GSM4104142_CAAGATCGTATAGGTA-1,0.1392834682997274
CXCR3-,HC,PTC41540_PB,GSM4104142_CAAGGCCCACACGCTG-1,-0.5501029450518923
CXCR3-,HC,PTC41540_PB,GSM4104142_CAAGGCCCACATTCGA-1,-0.29326639173393787
CXCR3-,HC,PTC41540_PB,GSM4104142_CAAGGCCTCGTGGGAA-1,-0.34260870941725274
CXCR3-,HC,PTC41540_PB,GSM4104142_CAAGGCCTCTTTACGT-1,-0.1745612261579259
CXCR3-,HC,PTC41540_PB,GSM4104142_CAAGTTGCACATGGGA-1,-0.09834107806026707
CXCR3-,HC,PTC41540_PB,GSM4104142_CAAGTTGTCGGCTTGG-1,-0.09834107806026707
CXCR3-,HC,PTC41540_PB,GSM4104142_CACAAACAGTACGCGA-1,-0.09834107806026707
CXCR3-,HC,PTC41540_PB,GSM4104142_CACAAACTCTACCTGC-1,-0.09834107806026707
CXCR3-,HC,PTC41540_PB,GSM4104142_CACACAAAGCTACCGC-1,-0.10869926333687181
CXCR3-,HC,PTC41540_PB,GSM4104142_CACACAAGTGCCTTGG-1,-0.22282389319615264
CXCR3-,HC,PTC41540_PB,GSM4104142_CACACAATCGGCGCTA-1,-0.27606661243770036
CXCR3-,HC,PTC41540_PB,GSM4104142_CACACAATCGTTGACA-1,-0.09834107806026707
CXCR3-,HC,PTC41540_PB,GSM4104142_CACACCTCATACGCCG-1,-0.09834107806026707
CXCR3-,HC,PTC41540_PB,GSM4104142_CACACCTTCTCGATGA-1,-0.09834107806026707
CXCR3-,HC,PTC41540_PB,GSM4104142_CACACTCAGCTCCCAG-1,-0.09834107806026707
CXCR3-,HC,PTC41540_PB,GSM4104142_CACACTCAGTGAAGAG-1,-0.25174386813511884
CXCR3-,HC,PTC41540_PB,GSM4104142_CACAGGCCAAGAAGAG-1,-0.09834107806026707
CXCR3-,HC,PTC41540_PB,GSM4104142_CACAGTAGTTCATGGT-1,-0.09834107806026707
CXCR3-,HC,PTC41540_PB,GSM4104142_CACATAGAGGTTCCTA-1,-0.09834107806026707
CXCR3-,HC,PTC41540_PB,GSM4104142_CACATAGCAGCTGTAT-1,-0.09834107806026707
CXCR3-,HC,PTC41540_PB,GSM4104142_CACATAGGTATAGTAG-1,-0.09834107806026707
CXCR3-,HC,PTC41540_PB,GSM4104142_CACATTTGTGACTACT-1,-0.06387331109270834
CXCR3-,HC,PTC41540_PB,GSM4104142_CACCACTCAAGCTGTT-1,-0.23367932296177754
CXCR3-,HC,PTC41540_PB,GSM4104142_CACCACTTCCAGTATG-1,-0.7502419450655005
CXCR3-,HC,PTC41540_PB,GSM4104142_CACCAGGTCGAACGGA-1,-0.09834107806026707
CXCR3-,HC,PTC41540_PB,GSM4104142_CACCAGGTCTACTATC-1,-0.09834107806026707
CXCR3-,HC,PTC41540_PB,GSM4104142_CACCTTGAGAGACTTA-1,-0.09834107806026707
CXCR3-,HC,PTC41540_PB,GSM4104142_CACCTTGAGAGCTGGT-1,-0.09834107806026707
CXCR3-,HC,PTC41540_PB,GSM4104142_CACTCCAAGTGAACGC-1,-0.09834107806026707
CXCR3-,HC,PTC41540_PB,GSM4104142_CAGAATCTCCTAGTGA-1,-0.09834107806026707
CXCR3-,HC,PTC41540_PB,GSM4104142_CAGAATCTCGGCTACG-1,0.23443963259225525
CXCR3-,HC,PTC41540_PB,GSM4104142_CAGAGAGCAAGTAGTA-1,-0.09834107806026707
CXCR3-,HC,PTC41540_PB,GSM4104142_CAGAGAGCACTCGACG-1,-0.09834107806026707
CXCR3-,HC,PTC41540_PB,GSM4104142_CAGAGAGTCACGATGT-1,-0.09834107806026707
CXCR3-,HC,PTC41540_PB,GSM4104142_CAGAGAGTCGCGGATC-1,-0.09834107806026707
CXCR3-,HC,PTC41540_PB,GSM4104142_CAGATCACATTGGTAC-1,-0.09834107806026707
CXCR3-,HC,PTC41540_PB,GSM4104142_CAGCAGCAGGCATGGT-1,-0.09834107806026707
CXCR3-,HC,PTC41540_PB,GSM4104142_CAGCAGCCAGTCAGCC-1,0.01307160445223371
CXCR3-,HC,PTC41540_PB,GSM4104142_CAGCAGCTCGCGCCAA-1,-0.09834107806026707
CXCR3-,HC,PTC41540_PB,GSM4104142_CAGCATAGTACATGTC-1,0.07925957986522013
CXCR3-,HC,PTC41540_PB,GSM4104142_CAGCATATCGGAGCAA-1,0.17133784901295204
CXCR3-,HC,PTC41540_PB,GSM4104142_CAGCCGATCTGGTATG-1,-0.09834107806026707
CXCR3-,HC,PTC41540_PB,GSM4104142_CAGCGACAGGCATTGG-1,-1.3289370656698911
CXCR3-,HC,PTC41540_PB,GSM4104142_CAGCGACCACTACAGT-1,-0.15638860404508767
CXCR3+,HC,PTC41540_PB,GSM4104142_CAGCGACTCAGGCAAG-1,-0.09834107806026707
CXCR3-,HC,PTC41540_PB,GSM4104142_CAGCGACTCGTTACGA-1,-1.331913757244802
CXCR3-,HC,PTC41540_PB,GSM4104142_CAGCGACTCTGGGCCA-1,-0.09834107806026707
CXCR3-,HC,PTC41540_PB,GSM4104142_CAGCTAAAGGTGCACA-1,-0.09834107806026707
CXCR3-,HC,PTC41540_PB,GSM4104142_CAGCTAAAGTTGAGTA-1,-0.541994314718698
CXCR3-,HC,PTC41540_PB,GSM4104142_CAGCTAACAATGGAGC-1,-0.033332489221411125
CXCR3-,HC,PTC41540_PB,GSM4104142_CAGGTGCGTCATACTG-1,-0.09834107806026707
CXCR3-,HC,PTC41540_PB,GSM4104142_CAGGTGCTCCGGGTGT-1,0.27132236336238125
CXCR3-,HC,PTC41540_PB,GSM4104142_CAGTAACAGCGCCTTG-1,-0.09834107806026707
CXCR3-,HC,PTC41540_PB,GSM4104142_CAGTAACCACATCCAA-1,-0.2874000150859337
CXCR3-,HC,PTC41540_PB,GSM4104142_CAGTAACCATTAGGCT-1,-0.22170250600673902
CXCR3-,HC,PTC41540_PB,GSM4104142_CAGTAACGTCGACTGC-1,0.022060656411702358
CXCR3-,HC,PTC41540_PB,GSM4104142_CAGTAACGTCTCACCT-1,-0.09834107806026707
CXCR3-,HC,PTC41540_PB,GSM4104142_CATATGGAGCGGCTTC-1,-0.09834107806026707
CXCR3-,HC,PTC41540_PB,GSM4104142_CATATGGGTGACTCAT-1,-0.3213401431251081
CXCR3-,HC,PTC41540_PB,GSM4104142_CATATGGTCAGCACAT-1,-0.09834107806026707
CXCR3-,HC,PTC41540_PB,GSM4104142_CATATGGTCTTGAGAC-1,-0.09834107806026707
CXCR3-,HC,PTC41540_PB,GSM4104142_CATATTCCAAACAACA-1,-0.09834107806026707
CXCR3-,HC,PTC41540_PB,GSM4104142_CATATTCCAAACCCAT-1,-0.09834107806026707
CXCR3-,HC,PTC41540_PB,GSM4104142_CATATTCGTTTAAGCC-1,-0.09834107806026707
CXCR3-,HC,PTC41540_PB,GSM4104142_CATCAAGCATCCGCGA-1,-0.13561755267860442
CXCR3-,HC,PTC41540_PB,GSM4104142_CATCAAGGTCTCTCTG-1,-0.09834107806026707
CXCR3-,HC,PTC41540_PB,GSM4104142_CATCAGACACCTCGGA-1,-0.09834107806026707
CXCR3-,HC,PTC41540_PB,GSM4104142_CATCAGAGTATATGAG-1,-0.09834107806026707
CXCR3-,HC,PTC41540_PB,GSM4104142_CATCCACTCGAATGCT-1,-0.2653278693415847
CXCR3-,HC,PTC41540_PB,GSM4104142_CATCGAAGTGCTAGCC-1,-0.09834107806026707
CXCR3-,HC,PTC41540_PB,GSM4104142_CATCGAATCCCACTTG-1,-0.12973032271906587
CXCR3-,HC,PTC41540_PB,GSM4104142_CATCGAATCGTTGACA-1,0.16312187992061736
CXCR3-,HC,PTC41540_PB,GSM4104142_CATGACACAACACCTA-1,-0.09834107806026707
CXCR3-,HC,PTC41540_PB,GSM4104142_CATGGCGCAAACTGTC-1,-0.26189753097395035
CXCR3-,HC,PTC41540_PB,GSM4104142_CATGGCGCAGATAATG-1,-0.22690868951944201
CXCR3-,HC,PTC41540_PB,GSM4104142_CATGGCGTCGGGAGTA-1,-0.09834107806026707
CXCR3-,HC,PTC41540_PB,GSM4104142_CATTATCAGATGTGTA-1,-0.09834107806026707
CXCR3-,HC,PTC41540_PB,GSM4104142_CATTATCCACCGTTGG-1,-0.09834107806026707
CXCR3-,HC,PTC41540_PB,GSM4104142_CATTCGCAGGCCCGTT-1,0.0965416175418975
CXCR3-,HC,PTC41540_PB,GSM4104142_CATTCGCCAGTATCTG-1,-0.09834107806026707
CXCR3-,HC,PTC41540_PB,GSM4104142_CATTCGCGTGAAGGCT-1,-0.09834107806026707
CXCR3-,HC,PTC41540_PB,GSM4104142_CCACCTAAGACACTAA-1,-0.09834107806026707
CXCR3-,HC,PTC41540_PB,GSM4104142_CCACCTAAGCGCTCCA-1,-0.09776058922491655
CXCR3-,HC,PTC41540_PB,GSM4104142_CCACCTACAAATTGCC-1,0.24468663794941548
CXCR3-,HC,PTC41540_PB,GSM4104142_CCACCTACATCTCCCA-1,-0.22218029601461572
CXCR3-,HC,PTC41540_PB,GSM4104142_CCACCTATCTTATCTG-1,-0.09834107806026707
CXCR3-,HC,PTC41540_PB,GSM4104142_CCACGGAAGAGGTAGA-1,-0.09834107806026707
CXCR3-,HC,PTC41540_PB,GSM4104142_CCACGGACATGATCCA-1,-0.09834107806026707
CXCR3-,HC,PTC41540_PB,GSM4104142_CCACGGATCAGCTCTC-1,0.021656478649343475
CXCR3-,HC,PTC41540_PB,GSM4104142_CCACTACCAGCGTTCG-1,-0.26765949141285444
CXCR3-,HC,PTC41540_PB,GSM4104142_CCACTACCATGTTCCC-1,-0.09834107806026707
CXCR3-,HC,PTC41540_PB,GSM4104142_CCAGCGAAGTGACATA-1,-0.09834107806026707
CXCR3-,HC,PTC41540_PB,GSM4104142_CCAGCGAGTGTGCCTG-1,-0.09834107806026707
CXCR3-,HC,PTC41540_PB,GSM4104142_CCATGTCCAGCTGCAC-1,-0.09834107806026707
CXCR3-,HC,PTC41540_PB,GSM4104142_CCATTCGAGGGCTCTC-1,0.2872651304577031
CXCR3-,HC,PTC41540_PB,GSM4104142_CCATTCGTCTCCGGTT-1,-0.09834107806026707
CXCR3-,HC,PTC41540_PB,GSM4104142_CCCAATCAGCTGCAAG-1,-0.09834107806026707
CXCR3-,HC,PTC41540_PB,GSM4104142_CCCAATCAGTTCGATC-1,-0.09834107806026707
CXCR3-,HC,PTC41540_PB,GSM4104142_CCCATACAGCGTTGCC-1,-0.09834107806026707
CXCR3-,HC,PTC41540_PB,GSM4104142_CCCATACCAAACGCGA-1,-0.22273404532782162
CXCR3-,HC,PTC41540_PB,GSM4104142_CCCATACCAAGCGCTC-1,-0.09834107806026707
CXCR3-,HC,PTC41540_PB,GSM4104142_CCCTCCTGTGGCGAAT-1,-0.09834107806026707
CXCR3-,HC,PTC41540_PB,GSM4104142_CCCTCCTTCACGACTA-1,-0.8755875679289714
CXCR3-,HC,PTC41540_PB,GSM4104142_CCCTCCTTCGAACTGT-1,-0.07292393638686771
CXCR3-,HC,PTC41540_PB,GSM4104142_CCGGGATGTAGGACAC-1,-0.09834107806026707
CXCR3-,HC,PTC41540_PB,GSM4104142_CCGTACTTCCAAACTG-1,-0.09834107806026707
CXCR3-,HC,PTC41540_PB,GSM4104142_CCGTGGAGTAGATTAG-1,-0.09834107806026707
CXCR3-,HC,PTC41540_PB,GSM4104142_CCTAAAGAGTGTGAAT-1,-0.261744299688983
CXCR3-,HC,PTC41540_PB,GSM4104142_CCTACACAGAAACGAG-1,-0.23912354589605675
CXCR3-,HC,PTC41540_PB,GSM4104142_CCTACACGTGAACCTT-1,0.22109385055160108
CXCR3-,HC,PTC41540_PB,GSM4104142_CCTACCATCTTGACGA-1,-0.5697867823584318
CXCR3+,HC,PTC41540_PB,GSM4104142_CCTAGCTAGACTAGAT-1,-0.10249390907013885
CXCR3-,HC,PTC41540_PB,GSM4104142_CCTAGCTGTGTCTGAT-1,-0.09834107806026707
CXCR3-,HC,PTC41540_PB,GSM4104142_CCTAGCTTCAGTTCGA-1,-0.09834107806026707
CXCR3-,HC,PTC41540_PB,GSM4104142_CCTCAGTCAAGTTAAG-1,-0.09834107806026707
CXCR3-,HC,PTC41540_PB,GSM4104142_CCTCTGAAGACTTGAA-1,-0.09834107806026707
CXCR3-,HC,PTC41540_PB,GSM4104142_CCTCTGAAGCGTGAAC-1,-0.09834107806026707
CXCR3-,HC,PTC41540_PB,GSM4104142_CCTCTGACAAAGGTGC-1,0.04374351368670454
CXCR3-,HC,PTC41540_PB,GSM4104142_CCTCTGAGTACGCTGC-1,-0.08452694117124801
CXCR3-,HC,PTC41540_PB,GSM4104142_CCTTACGCATGTTCCC-1,-0.09834107806026707
CXCR3-,HC,PTC41540_PB,GSM4104142_CCTTCCCCAAAGTCAA-1,0.3125291085054253
CXCR3-,HC,PTC41540_PB,GSM4104142_CCTTCCCCAGGGTTAG-1,-0.09834107806026707
CXCR3-,HC,PTC41540_PB,GSM4104142_CCTTCCCCATACGCCG-1,-0.09834107806026707
CXCR3-,HC,PTC41540_PB,GSM4104142_CCTTCGACATAGAAAC-1,-0.34854606040467023
CXCR3-,HC,PTC41540_PB,GSM4104142_CCTTTCTGTCTCCCTA-1,-0.27993441138792585
CXCR3-,HC,PTC41540_PB,GSM4104142_CGAACATGTAGCGATG-1,0.16028457391041662
CXCR3-,HC,PTC41540_PB,GSM4104142_CGAACATGTAGTGAAT-1,-0.3193683343538169
CXCR3-,HC,PTC41540_PB,GSM4104142_CGAACATTCACATGCA-1,0.342264952461343
CXCR3-,HC,PTC41540_PB,GSM4104142_CGAATGTCAGGGTTAG-1,-0.09834107806026707
CXCR3-,HC,PTC41540_PB,GSM4104142_CGAATGTGTCTTTCAT-1,-0.30064966558292433
CXCR3+,HC,PTC41540_PB,GSM4104142_CGAATGTTCAAACGGG-1,-0.09834107806026707
CXCR3-,HC,PTC41540_PB,GSM4104142_CGACCTTGTTCAGTAC-1,-0.09834107806026707
CXCR3-,HC,PTC41540_PB,GSM4104142_CGAGAAGCATATACGC-1,-0.32190448597408183
CXCR3-,HC,PTC41540_PB,GSM4104142_CGAGAAGGTCCGAATT-1,-0.61406520684946
CXCR3-,HC,PTC41540_PB,GSM4104142_CGAGAAGGTGGGTATG-1,-0.09834107806026707
CXCR3-,HC,PTC41540_PB,GSM4104142_CGAGCACAGTCTTGCA-1,-0.09834107806026707
CXCR3-,HC,PTC41540_PB,GSM4104142_CGAGCCACAGACTCGC-1,-0.09834107806026707
CXCR3-,HC,PTC41540_PB,GSM4104142_CGAGCCATCCCAAGTA-1,-0.09834107806026707
CXCR3+,HC,PTC41540_PB,GSM4104142_CGATCGGGTTATCGGT-1,-0.17395609353082042
CXCR3-,HC,PTC41540_PB,GSM4104142_CGATGGCAGTTGAGTA-1,-0.09834107806026707
CXCR3-,HC,PTC41540_PB,GSM4104142_CGATTGAAGAAACCTA-1,-0.09834107806026707
CXCR3-,HC,PTC41540_PB,GSM4104142_CGATTGAAGCTGAACG-1,-0.09834107806026707
CXCR3-,HC,PTC41540_PB,GSM4104142_CGCCAAGAGTGACTCT-1,-0.09834107806026707
CXCR3-,HC,PTC41540_PB,GSM4104142_CGCCAAGCAGGCTGAA-1,-0.09834107806026707
CXCR3-,HC,PTC41540_PB,GSM4104142_CGCCAAGCATTCCTGC-1,-0.09834107806026707
CXCR3-,HC,PTC41540_PB,GSM4104142_CGCCAAGTCAAACCGT-1,-0.2803491725598442
CXCR3-,HC,PTC41540_PB,GSM4104142_CGCGGTAGTGGGTATG-1,-0.09834107806026707
CXCR3-,HC,PTC41540_PB,GSM4104142_CGCGGTATCCTCATTA-1,-0.09834107806026707
CXCR3-,HC,PTC41540_PB,GSM4104142_CGCGTTTCAAAGGCGT-1,0.3096659203404134
CXCR3-,HC,PTC41540_PB,GSM4104142_CGCTATCAGTCTTGCA-1,-0.09834107806026707
CXCR3-,HC,PTC41540_PB,GSM4104142_CGCTGGATCCCTTGTG-1,-0.2179750149422469
CXCR3-,HC,PTC41540_PB,GSM4104142_CGCTTCACACCTTGTC-1,0.16458480387423516
CXCR3-,HC,PTC41540_PB,GSM4104142_CGCTTCAGTCTCTTTA-1,-0.09834107806026707
CXCR3-,HC,PTC41540_PB,GSM4104142_CGCTTCATCGTGACAT-1,-0.09834107806026707
CXCR3-,HC,PTC41540_PB,GSM4104142_CGGACACAGATATACG-1,-0.0030534315332644913
CXCR3-,HC,PTC41540_PB,GSM4104142_CGGACACAGTGTACGG-1,-0.09834107806026707
CXCR3-,HC,PTC41540_PB,GSM4104142_CGGACACGTACTCTCC-1,-0.09834107806026707
CXCR3-,HC,PTC41540_PB,GSM4104142_CGGACACGTGGTACAG-1,-0.09834107806026707
CXCR3-,HC,PTC41540_PB,GSM4104142_CGGACGTCAACTGCTA-1,-0.22194973414847846
CXCR3-,HC,PTC41540_PB,GSM4104142_CGGACTGGTAGGCATG-1,-0.21548541091209542
CXCR3-,HC,PTC41540_PB,GSM4104142_CGGAGCTAGAAGAAGC-1,-0.09834107806026707
CXCR3-,HC,PTC41540_PB,GSM4104142_CGGAGCTGTCTCTCTG-1,-0.33746949973730056
CXCR3-,HC,PTC41540_PB,GSM4104142_CGGAGTCAGGTTACCT-1,-0.09834107806026707
CXCR3-,HC,PTC41540_PB,GSM4104142_CGGAGTCCAAATTGCC-1,-0.4503289409318679
CXCR3-,HC,PTC41540_PB,GSM4104142_CGGAGTCGTCGAAAGC-1,-0.24459660078390946
CXCR3-,HC,PTC41540_PB,GSM4104142_CGGAGTCTCCTCAACC-1,-0.09834107806026707
CXCR3-,HC,PTC41540_PB,GSM4104142_CGGCTAGCACAGACAG-1,-0.09834107806026707
CXCR3-,HC,PTC41540_PB,GSM4104142_CGGCTAGCATCCTTGC-1,-0.4537604873237317
CXCR3-,HC,PTC41540_PB,GSM4104142_CGGCTAGTCAGTACGT-1,-0.09834107806026707
CXCR3-,HC,PTC41540_PB,GSM4104142_CGGGTCAAGGAGCGAG-1,-0.5553419287201482
CXCR3-,HC,PTC41540_PB,GSM4104142_CGGTTAAAGCCCAACC-1,-0.09834107806026707
CXCR3-,HC,PTC41540_PB,GSM4104142_CGGTTAAAGCGCTTAT-1,-0.09834107806026707
CXCR3-,HC,PTC41540_PB,GSM4104142_CGGTTAACATGTCTCC-1,-0.1560768129174515
CXCR3-,HC,PTC41540_PB,GSM4104142_CGTAGCGAGGCAAAGA-1,-0.09834107806026707
CXCR3-,HC,PTC41540_PB,GSM4104142_CGTAGCGGTGATGTGG-1,-0.3782714322718988
CXCR3-,HC,PTC41540_PB,GSM4104142_CGTAGCGTCGGTTCGG-1,-0.09834107806026707
CXCR3-,HC,PTC41540_PB,GSM4104142_CGTAGGCAGAGTTGGC-1,-0.09834107806026707
CXCR3-,HC,PTC41540_PB,GSM4104142_CGTCACTCACAAGCCC-1,-0.09834107806026707
CXCR3-,HC,PTC41540_PB,GSM4104142_CGTCACTTCAGCGATT-1,-0.8486492079273891
CXCR3-,HC,PTC41540_PB,GSM4104142_CGTCACTTCAGTTAGC-1,-0.31276185322576755
CXCR3-,HC,PTC41540_PB,GSM4104142_CGTCAGGCAGTCACTA-1,-0.09834107806026707
CXCR3-,HC,PTC41540_PB,GSM4104142_CGTCAGGTCAGTACGT-1,-0.09834107806026707
CXCR3-,HC,PTC41540_PB,GSM4104142_CGTCAGGTCTTTACGT-1,-0.09834107806026707
CXCR3-,HC,PTC41540_PB,GSM4104142_CGTCCATAGACTTTCG-1,-0.09834107806026707
CXCR3-,HC,PTC41540_PB,GSM4104142_CGTCCATAGCACGCCT-1,-0.23052666591717172
CXCR3-,HC,PTC41540_PB,GSM4104142_CGTCTACGTGATGTGG-1,-0.09834107806026707
CXCR3-,HC,PTC41540_PB,GSM4104142_CGTGAGCGTGACGCCT-1,-0.09834107806026707
CXCR3-,HC,PTC41540_PB,GSM4104142_CGTGTAACACCTATCC-1,-0.09834107806026707
CXCR3-,HC,PTC41540_PB,GSM4104142_CGTGTAACATCTCGCT-1,0.18613400199629693
CXCR3-,HC,PTC41540_PB,GSM4104142_CGTGTAAGTAATAGCA-1,-0.7224342296400373
CXCR3-,HC,PTC41540_PB,GSM4104142_CGTGTAAGTCAGAATA-1,-0.30922469051196083
CXCR3-,HC,PTC41540_PB,GSM4104142_CGTGTCTCAGCGTTCG-1,-0.09834107806026707
CXCR3-,HC,PTC41540_PB,GSM4104142_CGTGTCTCAGTCTTCC-1,-0.08015417119705813
CXCR3-,HC,PTC41540_PB,GSM4104142_CGTGTCTTCATCACCC-1,-0.09834107806026707
CXCR3-,HC,PTC41540_PB,GSM4104142_CGTTCTGAGATCCCGC-1,-0.2110775023723704
CXCR3-,HC,PTC41540_PB,GSM4104142_CGTTCTGAGTTCCACA-1,-0.7233801322189031
CXCR3-,HC,PTC41540_PB,GSM4104142_CGTTCTGAGTTGTAGA-1,-0.31314444655880225
CXCR3-,HC,PTC41540_PB,GSM4104142_CGTTGGGCAAGACGTG-1,0.11809397857050816
CXCR3-,HC,PTC41540_PB,GSM4104142_CGTTGGGTCAAACAAG-1,-0.09834107806026707
CXCR3-,HC,PTC41540_PB,GSM4104142_CGTTGGGTCTAACGGT-1,-0.09834107806026707
CXCR3-,HC,PTC41540_PB,GSM4104142_CTAACTTAGGTAAACT-1,0.21253777891465084
CXCR3-,HC,PTC41540_PB,GSM4104142_CTAACTTCATCCCATC-1,0.16270402670012646
CXCR3-,HC,PTC41540_PB,GSM4104142_CTACACCCATGCTAGT-1,-0.09834107806026707
CXCR3-,HC,PTC41540_PB,GSM4104142_CTACACCCATGGTAGG-1,-0.09834107806026707
CXCR3-,HC,PTC41540_PB,GSM4104142_CTACATTAGGCAATTA-1,-0.09834107806026707
CXCR3-,HC,PTC41540_PB,GSM4104142_CTACATTCAAGTCTGT-1,-0.09834107806026707
CXCR3-,HC,PTC41540_PB,GSM4104142_CTACATTCACAGACAG-1,-0.4839879179321414
CXCR3-,HC,PTC41540_PB,GSM4104142_CTACATTCAGAGTGTG-1,-0.09834107806026707
CXCR3-,HC,PTC41540_PB,GSM4104142_CTACATTGTAAGTTCC-1,-0.09834107806026707
CXCR3-,HC,PTC41540_PB,GSM4104142_CTACATTTCGTTTATC-1,-0.09834107806026707
CXCR3-,HC,PTC41540_PB,GSM4104142_CTACCCAGTTAAAGTG-1,-0.09834107806026707
CXCR3-,HC,PTC41540_PB,GSM4104142_CTACCCATCCGAATGT-1,-0.5220991502210677
CXCR3-,HC,PTC41540_PB,GSM4104142_CTAGAGTAGCTGAAAT-1,-0.09834107806026707
CXCR3-,HC,PTC41540_PB,GSM4104142_CTAGAGTAGGATCGCA-1,-0.09834107806026707
CXCR3-,HC,PTC41540_PB,GSM4104142_CTAGCCTAGGCCATAG-1,0.14502182947681722
CXCR3-,HC,PTC41540_PB,GSM4104142_CTAGCCTCAACGATCT-1,-0.09834107806026707
CXCR3-,HC,PTC41540_PB,GSM4104142_CTAGCCTGTGCTAGCC-1,-0.14160953609226734
CXCR3-,HC,PTC41540_PB,GSM4104142_CTAGTGAAGTGTCCCG-1,-0.09834107806026707
CXCR3-,HC,PTC41540_PB,GSM4104142_CTAGTGACACAACTGT-1,0.07618857803455019
CXCR3-,HC,PTC41540_PB,GSM4104142_CTAGTGACATCCCATC-1,-0.09834107806026707
CXCR3-,HC,PTC41540_PB,GSM4104142_CTAGTGATCATCTGCC-1,-0.09834107806026707
CXCR3+,HC,PTC41540_PB,GSM4104142_CTCACACAGAAGATTC-1,-0.09834107806026707
CXCR3-,HC,PTC41540_PB,GSM4104142_CTCACACGTTAAGACA-1,0.26233441334265006
CXCR3-,HC,PTC41540_PB,GSM4104142_CTCAGAAGTCACCTAA-1,-0.09834107806026707
CXCR3-,HC,PTC41540_PB,GSM4104142_CTCATTAGTGAGGCTA-1,-0.8055584423813354
CXCR3-,HC,PTC41540_PB,GSM4104142_CTCATTATCGATAGAA-1,-0.09834107806026707
CXCR3-,HC,PTC41540_PB,GSM4104142_CTCCTAGAGATAGCAT-1,-0.09834107806026707
CXCR3-,HC,PTC41540_PB,GSM4104142_CTCCTAGAGGTCGGAT-1,-0.09834107806026707
CXCR3-,HC,PTC41540_PB,GSM4104142_CTCCTAGCAACACGCC-1,0.15749349426925008
CXCR3-,HC,PTC41540_PB,GSM4104142_CTCCTAGCACATCCAA-1,-0.013700827573333987
CXCR3-,HC,PTC41540_PB,GSM4104142_CTCCTAGGTGACTACT-1,-0.09834107806026707
CXCR3-,HC,PTC41540_PB,GSM4104142_CTCGAAACATGATCCA-1,-0.3141723375632691
CXCR3-,HC,PTC41540_PB,GSM4104142_CTCGAAAGTGGACGAT-1,-0.09834107806026707
CXCR3-,HC,PTC41540_PB,GSM4104142_CTCGAGGAGTGTTAGA-1,-0.09834107806026707
CXCR3+,HC,PTC41540_PB,GSM4104142_CTCGAGGGTCTCATCC-1,-0.17689309095438
CXCR3-,HC,PTC41540_PB,GSM4104142_CTCGGAGAGCTTTGGT-1,-0.09834107806026707
CXCR3-,HC,PTC41540_PB,GSM4104142_CTCGGAGTCGGCGGTT-1,-0.1956002176378233
CXCR3-,HC,PTC41540_PB,GSM4104142_CTCGGAGTCTATGTGG-1,-0.09834107806026707
CXCR3-,HC,PTC41540_PB,GSM4104142_CTCGGGACAGATCGGA-1,-0.23630509351087894
CXCR3-,HC,PTC41540_PB,GSM4104142_CTCGGGATCAACGCTA-1,0.2639569033337469
CXCR3-,HC,PTC41540_PB,GSM4104142_CTCGTACAGCATCATC-1,-0.09834107806026707
CXCR3+,HC,PTC41540_PB,GSM4104142_CTCGTACCAGGTGCCT-1,0.1416305664668918
CXCR3-,HC,PTC41540_PB,GSM4104142_CTCGTCATCACTGGGC-1,-0.09834107806026707
CXCR3-,HC,PTC41540_PB,GSM4104142_CTCTAATGTTATGTGC-1,-0.09834107806026707
CXCR3-,HC,PTC41540_PB,GSM4104142_CTCTAATGTTCGTTGA-1,-0.28497946618955944
CXCR3-,HC,PTC41540_PB,GSM4104142_CTCTACGGTAGCCTAT-1,-0.09834107806026707
CXCR3-,HC,PTC41540_PB,GSM4104142_CTCTGGTAGAATCTCC-1,-0.09834107806026707
CXCR3-,HC,PTC41540_PB,GSM4104142_CTCTGGTCAAGACACG-1,-0.3449879629275755
CXCR3-,HC,PTC41540_PB,GSM4104142_CTCTGGTCATTTGCTT-1,-0.09834107806026707
CXCR3+,HC,PTC41540_PB,GSM4104142_CTCTGGTTCATGTCTT-1,0.02154279575110568
CXCR3-,HC,PTC41540_PB,GSM4104142_CTGAAACAGCAGCCTC-1,0.14737116909973919
CXCR3-,HC,PTC41540_PB,GSM4104142_CTGAAACCACCAACCG-1,0.15386334278568042
CXCR3-,HC,PTC41540_PB,GSM4104142_CTGAAGTAGCAACGGT-1,-0.09834107806026707
CXCR3-,HC,PTC41540_PB,GSM4104142_CTGAAGTCAATCGAAA-1,-0.09834107806026707
CXCR3-,HC,PTC41540_PB,GSM4104142_CTGAAGTCATGTTCCC-1,-0.20218509008497063
CXCR3-,HC,PTC41540_PB,GSM4104142_CTGAAGTGTATAGGTA-1,-0.09834107806026707
CXCR3-,HC,PTC41540_PB,GSM4104142_CTGAAGTTCCTAGAAC-1,-0.09834107806026707
CXCR3-,HC,PTC41540_PB,GSM4104142_CTGAAGTTCGTAGGTT-1,-0.09834107806026707
CXCR3-,HC,PTC41540_PB,GSM4104142_CTGATAGCACGTCTCT-1,-0.09834107806026707
CXCR3-,HC,PTC41540_PB,GSM4104142_CTGATCCGTCCCTACT-1,-0.09834107806026707
CXCR3-,HC,PTC41540_PB,GSM4104142_CTGATCCGTCCTCTTG-1,-0.09834107806026707
CXCR3-,HC,PTC41540_PB,GSM4104142_CTGATCCTCGGTGTTA-1,-0.09834107806026707
CXCR3-,HC,PTC41540_PB,GSM4104142_CTGCCTACAGATGAGC-1,-0.09834107806026707
CXCR3-,HC,PTC41540_PB,GSM4104142_CTGCCTAGTCTAGCCG-1,-0.09834107806026707
CXCR3-,HC,PTC41540_PB,GSM4104142_CTGCCTATCCGCATCT-1,-0.09834107806026707
CXCR3+,HC,PTC41540_PB,GSM4104142_CTGCGGACAGCAGTTT-1,0.397694668389163
CXCR3-,HC,PTC41540_PB,GSM4104142_CTGCGGATCTCACATT-1,-0.09834107806026707
CXCR3-,HC,PTC41540_PB,GSM4104142_CTGCTGTAGCCTCGTG-1,-0.09834107806026707
CXCR3-,HC,PTC41540_PB,GSM4104142_CTGCTGTAGGATGGAA-1,-0.09834107806026707
CXCR3+,HC,PTC41540_PB,GSM4104142_CTGCTGTTCAACGAAA-1,-0.09834107806026707
CXCR3-,HC,PTC41540_PB,GSM4104142_CTGCTGTTCCTTGGTC-1,-0.09834107806026707
CXCR3-,HC,PTC41540_PB,GSM4104142_CTGGTCTGTCTCTCTG-1,-0.09834107806026707
CXCR3-,HC,PTC41540_PB,GSM4104142_CTGGTCTGTGTTGGGA-1,-0.540037358215785
CXCR3-,HC,PTC41540_PB,GSM4104142_CTGTGCTGTAAGCACG-1,-0.09834107806026707
CXCR3-,HC,PTC41540_PB,GSM4104142_CTGTGCTTCAACACTG-1,-0.09834107806026707
CXCR3-,HC,PTC41540_PB,GSM4104142_CTGTTTAAGTCTCAAC-1,-0.09834107806026707
CXCR3-,HC,PTC41540_PB,GSM4104142_CTGTTTAGTCTAGAGG-1,-0.2091302974901017
CXCR3-,HC,PTC41540_PB,GSM4104142_CTTAACTAGCGTCTAT-1,-0.7028062705358108
CXCR3+,HC,PTC41540_PB,GSM4104142_CTTAACTCATCCAACA-1,0.514512720997132
CXCR3-,HC,PTC41540_PB,GSM4104142_CTTAACTGTACATGTC-1,-0.33495166794582476
CXCR3-,HC,PTC41540_PB,GSM4104142_CTTACCGAGTGGGATC-1,-0.09834107806026707
CXCR3-,HC,PTC41540_PB,GSM4104142_CTTACCGCACATAACC-1,-0.26606363106225567
CXCR3-,HC,PTC41540_PB,GSM4104142_CTTAGGAAGTCACGCC-1,-0.09834107806026707
CXCR3-,HC,PTC41540_PB,GSM4104142_CTTCTCTAGCGTCTAT-1,-0.09834107806026707
CXCR3-,HC,PTC41540_PB,GSM4104142_CTTCTCTAGGGTGTTG-1,-0.09834107806026707
CXCR3-,HC,PTC41540_PB,GSM4104142_CTTGGCTCACTTCTGC-1,-0.09834107806026707
CXCR3-,HC,PTC41540_PB,GSM4104142_CTTGGCTTCACGCATA-1,0.14377155433830247
CXCR3-,HC,PTC41540_PB,GSM4104142_GAAACTCCATCGGAAG-1,-0.09834107806026707
CXCR3-,HC,PTC41540_PB,GSM4104142_GAAACTCTCAAAGTAG-1,-0.09834107806026707
CXCR3-,HC,PTC41540_PB,GSM4104142_GAAACTCTCTCCGGTT-1,-0.2555383015635573
CXCR3-,HC,PTC41540_PB,GSM4104142_GAAATGAGTGCCTTGG-1,-0.09834107806026707
CXCR3-,HC,PTC41540_PB,GSM4104142_GAAATGAGTGGTCTCG-1,-0.12202916520584571
CXCR3-,HC,PTC41540_PB,GSM4104142_GAACATCCAGAAGCAC-1,-0.09834107806026707
CXCR3-,HC,PTC41540_PB,GSM4104142_GAACATCGTCGATTGT-1,-0.09834107806026707
CXCR3-,HC,PTC41540_PB,GSM4104142_GAACCTATCGAATGCT-1,-0.09834107806026707
CXCR3-,HC,PTC41540_PB,GSM4104142_GAACGGAAGTACGTTC-1,-0.22307621967114596
CXCR3-,HC,PTC41540_PB,GSM4104142_GAAGCAGCAGCTGCTG-1,-0.09834107806026707
CXCR3-,HC,PTC41540_PB,GSM4104142_GAAGCAGGTGCCTGGT-1,0.10383808720160088
CXCR3-,HC,PTC41540_PB,GSM4104142_GAAGCAGTCCACGCAG-1,-0.09834107806026707
CXCR3-,HC,PTC41540_PB,GSM4104142_GAAGCAGTCCAGAAGG-1,-0.24787569636880222
CXCR3-,HC,PTC41540_PB,GSM4104142_GAAGCAGTCGCGATCG-1,0.0874693184558226
CXCR3-,HC,PTC41540_PB,GSM4104142_GACACGCAGAAACGCC-1,-0.24659721019333208
CXCR3-,HC,PTC41540_PB,GSM4104142_GACACGCAGATATACG-1,-0.24705664620149495
CXCR3-,HC,PTC41540_PB,GSM4104142_GACAGAGAGCGTGAGT-1,-0.09834107806026707
CXCR3-,HC,PTC41540_PB,GSM4104142_GACAGAGCACTACAGT-1,-0.09834107806026707
CXCR3-,HC,PTC41540_PB,GSM4104142_GACAGAGTCTGGTTCC-1,-0.15534668813489047
CXCR3-,HC,PTC41540_PB,GSM4104142_GACCAATCAGCCACCA-1,-0.2732430336284865
CXCR3-,HC,PTC41540_PB,GSM4104142_GACCAATGTATCACCA-1,-0.09834107806026707
CXCR3-,HC,PTC41540_PB,GSM4104142_GACCAATGTTCAGACT-1,-0.1890000503126876
CXCR3-,HC,PTC41540_PB,GSM4104142_GACCTGGAGCCACTAT-1,-0.8486732932151207
CXCR3-,HC,PTC41540_PB,GSM4104142_GACGCGTAGTTAAGTG-1,-0.09834107806026707
CXCR3-,HC,PTC41540_PB,GSM4104142_GACGCGTGTCGCTTTC-1,-0.6181665017844925
CXCR3-,HC,PTC41540_PB,GSM4104142_GACGCGTGTTCCAACA-1,-0.09834107806026707
CXCR3-,HC,PTC41540_PB,GSM4104142_GACGGCTTCCGAAGAG-1,0.01031404127928881
CXCR3-,HC,PTC41540_PB,GSM4104142_GACGGCTTCCTAGGGC-1,-0.09834107806026707
CXCR3-,HC,PTC41540_PB,GSM4104142_GACGGCTTCTGACCTC-1,0.10621675055466732
CXCR3-,HC,PTC41540_PB,GSM4104142_GACGTGCCACCCAGTG-1,-0.09834107806026707
CXCR3-,HC,PTC41540_PB,GSM4104142_GACGTGCTCGGCATCG-1,-0.09834107806026707
CXCR3-,HC,PTC41540_PB,GSM4104142_GACGTTACACACCGAC-1,0.18576580833841017
CXCR3-,HC,PTC41540_PB,GSM4104142_GACGTTAGTAAGGGAA-1,0.009893739687444577
CXCR3-,HC,PTC41540_PB,GSM4104142_GACTAACAGCATGGCA-1,-0.30529379698420284
CXCR3-,HC,PTC41540_PB,GSM4104142_GACTACACAGGACGTA-1,-0.04500230910063647
CXCR3-,HC,PTC41540_PB,GSM4104142_GACTACATCCCTAATT-1,-0.20562358574852452
CXCR3-,HC,PTC41540_PB,GSM4104142_GACTACATCGAGGTAG-1,-0.09834107806026707
CXCR3-,HC,PTC41540_PB,GSM4104142_GACTGCGCAGGTCTCG-1,-0.21902116948532388
CXCR3-,HC,PTC41540_PB,GSM4104142_GACTGCGCATGAAGTA-1,-0.09834107806026707
CXCR3-,HC,PTC41540_PB,GSM4104142_GAGCAGACACAGACAG-1,-0.09834107806026707
CXCR3-,HC,PTC41540_PB,GSM4104142_GAGTCCGGTTCGTCTC-1,-0.09834107806026707
CXCR3-,HC,PTC41540_PB,GSM4104142_GATCAGTCAGGAATGC-1,-0.11854551401615894
CXCR3-,HC,PTC41540_PB,GSM4104142_GATCAGTGTTAAGTAG-1,-0.09834107806026707
CXCR3-,HC,PTC41540_PB,GSM4104142_GATCAGTTCGTTTGCC-1,0.16017060382388548
CXCR3-,HC,PTC41540_PB,GSM4104142_GATCGATCATGCAACT-1,-0.09834107806026707
CXCR3-,HC,PTC41540_PB,GSM4104142_GATCGATGTAAGGATT-1,-0.03854385163066067
CXCR3-,HC,PTC41540_PB,GSM4104142_GATCGATTCGATGAGG-1,0.2711576856222836
CXCR3-,HC,PTC41540_PB,GSM4104142_GATCGCGCACATAACC-1,-0.09834107806026707
CXCR3-,HC,PTC41540_PB,GSM4104142_GATCGCGCACGTCTCT-1,-0.37340673683653913
CXCR3-,HC,PTC41540_PB,GSM4104142_GATCGCGGTGTCAATC-1,-0.09834107806026707
CXCR3-,HC,PTC41540_PB,GSM4104142_GATCGCGTCCTAAGTG-1,-0.09834107806026707
CXCR3-,HC,PTC41540_PB,GSM4104142_GATCGTAAGTATTGGA-1,-0.09834107806026707
CXCR3-,HC,PTC41540_PB,GSM4104142_GATCGTACAAAGCGGT-1,-0.09834107806026707
CXCR3+,HC,PTC41540_PB,GSM4104142_GATCTAGAGTCCGGTC-1,-0.09834107806026707
CXCR3-,HC,PTC41540_PB,GSM4104142_GATGAAAAGAGCTGGT-1,-0.11243849229733827
CXCR3-,HC,PTC41540_PB,GSM4104142_GATGAGGTCAAACCGT-1,0.2529813373151496
CXCR3-,HC,PTC41540_PB,GSM4104142_GATGCTACACCGGAAA-1,-0.011178682830960431
CXCR3-,HC,PTC41540_PB,GSM4104142_GATGCTACATGGTAGG-1,-0.09834107806026707
CXCR3-,HC,PTC41540_PB,GSM4104142_GATTCAGAGCAGGCTA-1,-0.09834107806026707
CXCR3-,HC,PTC41540_PB,GSM4104142_GATTCAGCATTGGCGC-1,-0.3251859193665664
CXCR3-,HC,PTC41540_PB,GSM4104142_GATTCAGGTGAAATCA-1,-0.09834107806026707
CXCR3-,HC,PTC41540_PB,GSM4104142_GCAAACTCAGCTCCGA-1,-0.2899006070287809
CXCR3-,HC,PTC41540_PB,GSM4104142_GCAAACTCAGGTCGTC-1,-0.32755374941394205
CXCR3-,HC,PTC41540_PB,GSM4104142_GCAAACTGTAGTGAAT-1,-0.09834107806026707
CXCR3-,HC,PTC41540_PB,GSM4104142_GCAAACTGTTCGTGAT-1,-0.12031514954253865
CXCR3-,HC,PTC41540_PB,GSM4104142_GCAATCACACAGACTT-1,-0.09834107806026707
CXCR3-,HC,PTC41540_PB,GSM4104142_GCAATCACAGACGCCT-1,0.11423628509717235
CXCR3-,HC,PTC41540_PB,GSM4104142_GCAATCAGTCTGATTG-1,-0.34930110328992764
CXCR3-,HC,PTC41540_PB,GSM4104142_GCACATAGTCATCGGC-1,-0.09834107806026707
CXCR3-,HC,PTC41540_PB,GSM4104142_GCACATATCTCCAGGG-1,-0.09834107806026707
CXCR3-,HC,PTC41540_PB,GSM4104142_GCACTCTTCACAATGC-1,0.0487368091466187
CXCR3-,HC,PTC41540_PB,GSM4104142_GCAGCCAAGTGAAGAG-1,-0.09834107806026707
CXCR3-,HC,PTC41540_PB,GSM4104142_GCAGCCAGTTGGTGGA-1,-0.09834107806026707
CXCR3-,HC,PTC41540_PB,GSM4104142_GCAGCCATCGAGAACG-1,-0.09834107806026707
CXCR3-,HC,PTC41540_PB,GSM4104142_GCAGCCATCGGCATCG-1,-0.17797388486281726
CXCR3-,HC,PTC41540_PB,GSM4104142_GCATACAAGAAGGGTA-1,0.18170671480555964
CXCR3-,HC,PTC41540_PB,GSM4104142_GCATACACACCTGGTG-1,-0.32525112025910285
CXCR3-,HC,PTC41540_PB,GSM4104142_GCATACAGTAAATACG-1,-0.09834107806026707
CXCR3-,HC,PTC41540_PB,GSM4104142_GCATACAGTCCGTCAG-1,0.32747236970007737
CXCR3-,HC,PTC41540_PB,GSM4104142_GCATGATGTTAAGAAC-1,0.2050911207093607
CXCR3-,HC,PTC41540_PB,GSM4104142_GCATGCGTCTGGTATG-1,-0.5486026299986525
CXCR3-,HC,PTC41540_PB,GSM4104142_GCATGCGTCTTAGAGC-1,-0.22910825112882804
CXCR3-,HC,PTC41540_PB,GSM4104142_GCATGTAGTGTTGGGA-1,-0.2555461914905951
CXCR3-,HC,PTC41540_PB,GSM4104142_GCATGTATCGGCGCAT-1,-0.09834107806026707
CXCR3-,HC,PTC41540_PB,GSM4104142_GCCAAATTCACTATTC-1,-0.09834107806026707
CXCR3-,HC,PTC41540_PB,GSM4104142_GCCTCTACACTTAACG-1,0.05504583189422739
CXCR3-,HC,PTC41540_PB,GSM4104142_GCCTCTACAGGGAGAG-1,-0.09834107806026707
CXCR3-,HC,PTC41540_PB,GSM4104142_GCCTCTAGTCTCTTAT-1,-0.25246638036973984
CXCR3-,HC,PTC41540_PB,GSM4104142_GCCTCTAGTGCTAGCC-1,-1.268565175886732
CXCR3-,HC,PTC41540_PB,GSM4104142_GCGACCAGTGAGTGAC-1,-0.09834107806026707
CXCR3-,HC,PTC41540_PB,GSM4104142_GCGACCATCGGTGTTA-1,-0.6421832625890627
CXCR3-,HC,PTC41540_PB,GSM4104142_GCGAGAATCCAAGTAC-1,-0.09834107806026707
CXCR3-,HC,PTC41540_PB,GSM4104142_GCGAGAATCGTGACAT-1,-0.09834107806026707
CXCR3-,HC,PTC41540_PB,GSM4104142_GCGAGAATCGTGGGAA-1,-0.09834107806026707
CXCR3-,HC,PTC41540_PB,GSM4104142_GCGCAGTAGACATAAC-1,-0.08417069173393141
CXCR3-,HC,PTC41540_PB,GSM4104142_GCGCAGTCAAGCTGGA-1,0.18082537391532108
CXCR3-,HC,PTC41540_PB,GSM4104142_GCGCAGTCAGTATAAG-1,-0.09834107806026707
CXCR3-,HC,PTC41540_PB,GSM4104142_GCGCAGTTCAACACCA-1,-0.09834107806026707
CXCR3-,HC,PTC41540_PB,GSM4104142_GCGCGATGTCGGGTCT-1,-0.09834107806026707
CXCR3-,HC,PTC41540_PB,GSM4104142_GCGCGATTCAACTCTT-1,-0.34876719600647477
CXCR3-,HC,PTC41540_PB,GSM4104142_GCGGGTTGTCCCGACA-1,0.29646045542076366
CXCR3-,HC,PTC41540_PB,GSM4104142_GCGGGTTTCACAGTAC-1,-0.03700345218343691
CXCR3-,HC,PTC41540_PB,GSM4104142_GCTGCAGAGATGGCGT-1,0.04575453330514206
CXCR3-,HC,PTC41540_PB,GSM4104142_GCTGCAGCACGGCGTT-1,-0.09834107806026707
CXCR3-,HC,PTC41540_PB,GSM4104142_GCTGCAGCAGTAGAGC-1,-0.09834107806026707
CXCR3-,HC,PTC41540_PB,GSM4104142_GCTGCGAGTGTTTGGT-1,-0.09834107806026707
CXCR3-,HC,PTC41540_PB,GSM4104142_GCTGCGATCAGAAATG-1,0.13099355496268286
CXCR3-,HC,PTC41540_PB,GSM4104142_GCTGGGTGTGTGGTTT-1,0.10694075711875806
CXCR3-,HC,PTC41540_PB,GSM4104142_GCTGGGTTCACTGGGC-1,-0.5925567740974615
CXCR3-,HC,PTC41540_PB,GSM4104142_GCTTGAACATTCGACA-1,-0.5150754653819409
CXCR3-,HC,PTC41540_PB,GSM4104142_GCTTGAAGTAACGACG-1,-0.23628234439629106
CXCR3-,HC,PTC41540_PB,GSM4104142_GGAAAGCAGTCTCAAC-1,-0.2962861286600389
CXCR3-,HC,PTC41540_PB,GSM4104142_GGAAAGCCATGTAAGA-1,0.3656382131043408
CXCR3-,HC,PTC41540_PB,GSM4104142_GGAAAGCGTGGCTCCA-1,-0.2670313767559803
CXCR3-,HC,PTC41540_PB,GSM4104142_GGAAAGCTCCAGTAGT-1,-0.09834107806026707
CXCR3-,HC,PTC41540_PB,GSM4104142_GGAACTTGTGAAAGAG-1,-0.09834107806026707
CXCR3-,HC,PTC41540_PB,GSM4104142_GGAACTTTCGTAGATC-1,-0.09834107806026707
CXCR3-,HC,PTC41540_PB,GSM4104142_GGAATAAAGATTACCC-1,-0.09834107806026707
CXCR3-,HC,PTC41540_PB,GSM4104142_GGAATAACACTTCGAA-1,-0.7178253079177186
CXCR3-,HC,PTC41540_PB,GSM4104142_GGAATAATCATCTGCC-1,-0.2254004853398905
CXCR3-,HC,PTC41540_PB,GSM4104142_GGACAAGAGTACGCGA-1,-0.09834107806026707
CXCR3-,HC,PTC41540_PB,GSM4104142_GGACAGAGTCGCGAAA-1,-0.09834107806026707
CXCR3-,HC,PTC41540_PB,GSM4104142_GGACATTAGCTGTTCA-1,-0.09834107806026707
CXCR3-,HC,PTC41540_PB,GSM4104142_GGACGTCCACTAAGTC-1,-0.09834107806026707
CXCR3-,HC,PTC41540_PB,GSM4104142_GGACGTCGTCCTCCAT-1,-0.008409420241842562
CXCR3-,HC,PTC41540_PB,GSM4104142_GGACGTCTCATCTGCC-1,-0.4259630905540259
CXCR3-,HC,PTC41540_PB,GSM4104142_GGAGCAACAGTTCCCT-1,-0.3717872501539966
CXCR3-,HC,PTC41540_PB,GSM4104142_GGATGTTCACATCCGG-1,-0.1553266313531174
CXCR3-,HC,PTC41540_PB,GSM4104142_GGATGTTCACCATCCT-1,-0.3774326306056567
CXCR3-,HC,PTC41540_PB,GSM4104142_GGATGTTCATAACCTG-1,-0.21315351532392965
CXCR3-,HC,PTC41540_PB,GSM4104142_GGATTACGTCTGATCA-1,-0.09834107806026707
CXCR3-,HC,PTC41540_PB,GSM4104142_GGCCGATGTTCACCTC-1,-0.09834107806026707
CXCR3-,HC,PTC41540_PB,GSM4104142_GGCGACTGTATTCTCT-1,-0.09834107806026707
CXCR3-,HC,PTC41540_PB,GSM4104142_GGCGACTGTTTGACTG-1,-0.2798173284991704
CXCR3-,HC,PTC41540_PB,GSM4104142_GGCGACTTCGCCTGTT-1,-0.09834107806026707
CXCR3-,HC,PTC41540_PB,GSM4104142_GGCGTGTAGTTATCGC-1,-1.2906815737738715
CXCR3-,HC,PTC41540_PB,GSM4104142_GGCGTGTCAGGTCTCG-1,-0.09834107806026707
CXCR3-,HC,PTC41540_PB,GSM4104142_GGCGTGTCAGTGACAG-1,-0.27528001961897075
CXCR3-,HC,PTC41540_PB,GSM4104142_GGCTCGATCACCACCT-1,-0.09834107806026707
CXCR3-,HC,PTC41540_PB,GSM4104142_GGCTGGTGTACAAGTA-1,0.19862475350938275
CXCR3-,HC,PTC41540_PB,GSM4104142_GGCTGGTGTGGTGTAG-1,-0.09834107806026707
CXCR3-,HC,PTC41540_PB,GSM4104142_GGCTGGTTCTTTAGTC-1,0.5033236742489574
CXCR3-,HC,PTC41540_PB,GSM4104142_GGGACCTAGAGGGCTT-1,-0.09834107806026707
CXCR3-,HC,PTC41540_PB,GSM4104142_GGGACCTCATCACCCT-1,-0.24608768159591188
CXCR3-,HC,PTC41540_PB,GSM4104142_GGGACCTGTGAAATCA-1,-0.09834107806026707
CXCR3-,HC,PTC41540_PB,GSM4104142_GGGAGATAGAGAGCTC-1,-0.7632703161995743
CXCR3-,HC,PTC41540_PB,GSM4104142_GGGAGATCACTGTGTA-1,-0.09834107806026707
CXCR3-,HC,PTC41540_PB,GSM4104142_GGGAGATCATCTACGA-1,0.12278115419388187
CXCR3-,HC,PTC41540_PB,GSM4104142_GGGATGAAGCCCAGCT-1,-0.09834107806026707
CXCR3-,HC,PTC41540_PB,GSM4104142_GGGATGACAAATTGCC-1,-0.09834107806026707
CXCR3-,HC,PTC41540_PB,GSM4104142_GGGATGAGTCGACTAT-1,-0.09834107806026707
CXCR3-,HC,PTC41540_PB,GSM4104142_GGGCACTCAATCTACG-1,0.5752493200289442
CXCR3-,HC,PTC41540_PB,GSM4104142_GGGCACTTCCTTAATC-1,-0.5915204105382978
CXCR3-,HC,PTC41540_PB,GSM4104142_GGGCACTTCTCTGCTG-1,-0.22925929071651158
CXCR3-,HC,PTC41540_PB,GSM4104142_GGGCATCAGAGAGCTC-1,0.6221983910691222
CXCR3-,HC,PTC41540_PB,GSM4104142_GGGCATCAGATCGGGT-1,0.1418310781494319
CXCR3-,HC,PTC41540_PB,GSM4104142_GGGTCTGTCCATGCTC-1,-0.2666553903793272
CXCR3-,HC,PTC41540_PB,GSM4104142_GGTATTGGTCTAACGT-1,0.31903244362021016
CXCR3-,HC,PTC41540_PB,GSM4104142_GGTGAAGGTCTGATCA-1,-0.09834107806026707
CXCR3-,HC,PTC41540_PB,GSM4104142_GGTGCGTAGTTGAGTA-1,-0.09834107806026707
CXCR3-,HC,PTC41540_PB,GSM4104142_GGTGCGTGTACGCACC-1,-0.09834107806026707
CXCR3-,HC,PTC41540_PB,GSM4104142_GGTGCGTTCTCGTTTA-1,-0.09834107806026707
CXCR3-,HC,PTC41540_PB,GSM4104142_GTAACGTGTCGCCATG-1,-0.8687365243941052
CXCR3-,HC,PTC41540_PB,GSM4104142_GTAACTGCAGTCAGCC-1,-0.09834107806026707
CXCR3-,HC,PTC41540_PB,GSM4104142_GTAACTGGTGATGTGG-1,-0.09834107806026707
CXCR3-,HC,PTC41540_PB,GSM4104142_GTACGTAAGGCCCGTT-1,-0.09834107806026707
CXCR3-,HC,PTC41540_PB,GSM4104142_GTACGTACACGAGAGT-1,-0.2090748838817702
CXCR3-,HC,PTC41540_PB,GSM4104142_GTACGTACATATACCG-1,-0.2031816091307371
CXCR3-,HC,PTC41540_PB,GSM4104142_GTACGTATCCAAGTAC-1,-0.09834107806026707
CXCR3-,HC,PTC41540_PB,GSM4104142_GTACTTTAGTTAAGTG-1,0.2792286436673191
CXCR3-,HC,PTC41540_PB,GSM4104142_GTACTTTCACGTAAGG-1,-0.47304422898798687
CXCR3-,HC,PTC41540_PB,GSM4104142_GTACTTTCATTCGACA-1,-0.09834107806026707
CXCR3-,HC,PTC41540_PB,GSM4104142_GTACTTTTCAAACAAG-1,-0.09834107806026707
CXCR3-,HC,PTC41540_PB,GSM4104142_GTAGGCCTCTAGAGTC-1,-0.09834107806026707
CXCR3-,HC,PTC41540_PB,GSM4104142_GTATCTTAGTTGTAGA-1,-0.9329704703408975
CXCR3-,HC,PTC41540_PB,GSM4104142_GTATTCTAGACAGACC-1,-0.09834107806026707
CXCR3-,HC,PTC41540_PB,GSM4104142_GTATTCTAGTCTCCTC-1,-0.09834107806026707
CXCR3-,HC,PTC41540_PB,GSM4104142_GTATTCTCAATAACGA-1,-0.09834107806026707
CXCR3-,HC,PTC41540_PB,GSM4104142_GTATTCTGTGTGACCC-1,0.03095251921001305
CXCR3-,HC,PTC41540_PB,GSM4104142_GTATTCTGTGTTGGGA-1,-0.5053922133806102
CXCR3-,HC,PTC41540_PB,GSM4104142_GTCAAGTCATCCGTGG-1,-0.09834107806026707
CXCR3-,HC,PTC41540_PB,GSM4104142_GTCAAGTTCCGCGGTA-1,-0.09834107806026707
CXCR3-,HC,PTC41540_PB,GSM4104142_GTCAAGTTCTCCCTGA-1,-0.09834107806026707
CXCR3-,HC,PTC41540_PB,GSM4104142_GTCACAAAGAGTGACC-1,0.31054859042657385
CXCR3-,HC,PTC41540_PB,GSM4104142_GTCACAAAGATGCCTT-1,0.3086758647857142
CXCR3-,HC,PTC41540_PB,GSM4104142_GTCACAAAGGCAAAGA-1,-0.09834107806026707
CXCR3-,HC,PTC41540_PB,GSM4104142_GTCACAAGTTTAGGAA-1,0.15782344265662326
CXCR3-,HC,PTC41540_PB,GSM4104142_GTCATTTCACGGCGTT-1,-0.09834107806026707
CXCR3-,HC,PTC41540_PB,GSM4104142_GTCATTTGTACACCGC-1,-0.09834107806026707
CXCR3-,HC,PTC41540_PB,GSM4104142_GTCCTCACAGCGAACA-1,0.2276616009610189
CXCR3-,HC,PTC41540_PB,GSM4104142_GTCCTCAGTTTGTTTC-1,-0.09834107806026707
CXCR3-,HC,PTC41540_PB,GSM4104142_GTCGGGTCACATGGGA-1,-0.09834107806026707
CXCR3-,HC,PTC41540_PB,GSM4104142_GTCGGGTTCTGTACGA-1,-0.09834107806026707
CXCR3-,HC,PTC41540_PB,GSM4104142_GTCGGGTTCTTGTTTG-1,-0.39222124281187715
CXCR3-,HC,PTC41540_PB,GSM4104142_GTCGTAATCCTCAATT-1,-0.09834107806026707
CXCR3-,HC,PTC41540_PB,GSM4104142_GTCTCGTGTTCCCTTG-1,-0.09834107806026707
CXCR3-,HC,PTC41540_PB,GSM4104142_GTCTTCGTCTGCAAGT-1,-0.09834107806026707
CXCR3-,HC,PTC41540_PB,GSM4104142_GTGAAGGCACATTCGA-1,-0.33247264477786725
CXCR3-,HC,PTC41540_PB,GSM4104142_GTGAAGGGTGAGGGAG-1,-0.74972682489044
CXCR3-,HC,PTC41540_PB,GSM4104142_GTGAAGGTCCTTGGTC-1,0.207384431027329
CXCR3-,HC,PTC41540_PB,GSM4104142_GTGAAGGTCGAGAACG-1,0.2544885494876109
CXCR3-,HC,PTC41540_PB,GSM4104142_GTGCAGCAGCCCTAAT-1,-0.09834107806026707
CXCR3-,HC,PTC41540_PB,GSM4104142_GTGCAGCTCCTTGCCA-1,-0.09834107806026707
CXCR3-,HC,PTC41540_PB,GSM4104142_GTGCATACACACGCTG-1,-0.09834107806026707
CXCR3-,HC,PTC41540_PB,GSM4104142_GTGCATAGTACTTGAC-1,-0.2353346990279235
CXCR3-,HC,PTC41540_PB,GSM4104142_GTGCATAGTAGTAGTA-1,-0.09834107806026707
CXCR3-,HC,PTC41540_PB,GSM4104142_GTGCATATCCTCAACC-1,-0.09834107806026707
CXCR3-,HC,PTC41540_PB,GSM4104142_GTGCATATCGCCGTGA-1,0.2650304265634859
CXCR3-,HC,PTC41540_PB,GSM4104142_GTGCGGTAGACGCACA-1,-0.660556104806559
CXCR3-,HC,PTC41540_PB,GSM4104142_GTGCGGTAGGTAGCCA-1,-0.21418384745346017
CXCR3-,HC,PTC41540_PB,GSM4104142_GTGCGGTCAGTGGAGT-1,-0.09834107806026707
CXCR3-,HC,PTC41540_PB,GSM4104142_GTGCGGTTCATAACCG-1,-0.09834107806026707
CXCR3-,HC,PTC41540_PB,GSM4104142_GTGCTTCAGTAGGCCA-1,-0.09834107806026707
CXCR3-,HC,PTC41540_PB,GSM4104142_GTGCTTCCAGGATCGA-1,-0.09834107806026707
CXCR3-,HC,PTC41540_PB,GSM4104142_GTGCTTCTCCACTGGG-1,-0.09834107806026707
CXCR3-,HC,PTC41540_PB,GSM4104142_GTGTGCGAGGTAGCCA-1,-0.09834107806026707
CXCR3-,HC,PTC41540_PB,GSM4104142_GTGTGCGGTGCCTGGT-1,-0.09834107806026707
CXCR3-,HC,PTC41540_PB,GSM4104142_GTGTGCGTCCACGAAT-1,0.1109181285463386
CXCR3-,HC,PTC41540_PB,GSM4104142_GTGTTAGAGCGTCAAG-1,-0.09834107806026707
CXCR3-,HC,PTC41540_PB,GSM4104142_GTGTTAGAGTACTTGC-1,-0.09834107806026707
CXCR3-,HC,PTC41540_PB,GSM4104142_GTGTTAGGTCCCTTGT-1,-0.16873140951457444
CXCR3-,HC,PTC41540_PB,GSM4104142_GTTAAGCTCGGAGCAA-1,-0.20035675745830273
CXCR3-,HC,PTC41540_PB,GSM4104142_GTTACAGCATCAGTAC-1,0.18261520061736713
CXCR3-,HC,PTC41540_PB,GSM4104142_GTTCATTAGAGTACCG-1,-0.09834107806026707
CXCR3-,HC,PTC41540_PB,GSM4104142_GTTCATTAGATATGCA-1,-0.25797537734161186
CXCR3-,HC,PTC41540_PB,GSM4104142_GTTCATTAGTGGGATC-1,-0.09834107806026707
CXCR3-,HC,PTC41540_PB,GSM4104142_GTTCATTAGTTAACGA-1,0.11755840702453324
CXCR3-,HC,PTC41540_PB,GSM4104142_GTTCATTTCAAGGTAA-1,0.007682881637462732
CXCR3-,HC,PTC41540_PB,GSM4104142_GTTCATTTCATGCATG-1,-0.09834107806026707
CXCR3-,HC,PTC41540_PB,GSM4104142_GTTCATTTCATGTCCC-1,-0.09834107806026707
CXCR3-,HC,PTC41540_PB,GSM4104142_GTTCATTTCTGTTTGT-1,-0.4591384576186347
CXCR3-,HC,PTC41540_PB,GSM4104142_GTTCGGGCACGAGGTA-1,-0.09834107806026707
CXCR3-,HC,PTC41540_PB,GSM4104142_GTTCTCGCACCGAATT-1,-0.09834107806026707
CXCR3-,HC,PTC41540_PB,GSM4104142_GTTCTCGGTCTAGGTT-1,-0.09834107806026707
CXCR3-,HC,PTC41540_PB,GSM4104142_GTTTCTATCGCCAAAT-1,-0.09834107806026707
CXCR3-,HC,PTC41540_PB,GSM4104142_TAAACCGCACACTGCG-1,-0.3528112674033078
CXCR3-,HC,PTC41540_PB,GSM4104142_TAAGAGATCACAATGC-1,-0.5696276281499549
CXCR3-,HC,PTC41540_PB,GSM4104142_TAAGTGCAGACCGGAT-1,0.18844460719469966
CXCR3-,HC,PTC41540_PB,GSM4104142_TAAGTGCCAAAGCAAT-1,-0.09834107806026707
CXCR3-,HC,PTC41540_PB,GSM4104142_TAAGTGCCAATAACGA-1,-0.09834107806026707
CXCR3-,HC,PTC41540_PB,GSM4104142_TAAGTGCCAGTATGCT-1,-0.7875059979634699
CXCR3-,HC,PTC41540_PB,GSM4104142_TAAGTGCCATTAGCCA-1,-0.09834107806026707
CXCR3-,HC,PTC41540_PB,GSM4104142_TAAGTGCTCACGGTTA-1,-0.2206382084294622
CXCR3-,HC,PTC41540_PB,GSM4104142_TAAGTGCTCCACTCCA-1,-0.0025080567488064026
CXCR3-,HC,PTC41540_PB,GSM4104142_TACACGAAGAGGACGG-1,-0.09834107806026707
CXCR3-,HC,PTC41540_PB,GSM4104142_TACAGTGAGCTCTCGG-1,-0.09834107806026707
CXCR3-,HC,PTC41540_PB,GSM4104142_TACAGTGCAGCCAATT-1,-0.0059040208363686664
CXCR3-,HC,PTC41540_PB,GSM4104142_TACAGTGGTTCCTCCA-1,-0.09834107806026707
CXCR3-,HC,PTC41540_PB,GSM4104142_TACCTTAAGCGTGTCC-1,-0.09834107806026707
CXCR3-,HC,PTC41540_PB,GSM4104142_TACCTTAGTGCGAAAC-1,-0.09834107806026707
CXCR3-,HC,PTC41540_PB,GSM4104142_TACCTTATCCTTGACC-1,-0.09834107806026707
CXCR3-,HC,PTC41540_PB,GSM4104142_TACGGATAGGGTGTTG-1,-0.6609704916520219
CXCR3-,HC,PTC41540_PB,GSM4104142_TACGGATGTACTTCTT-1,-0.09834107806026707
CXCR3-,HC,PTC41540_PB,GSM4104142_TACGGGCCACTAAGTC-1,-0.09834107806026707
CXCR3-,HC,PTC41540_PB,GSM4104142_TACGGGCCATGTTCCC-1,-0.25631898021785177
CXCR3-,HC,PTC41540_PB,GSM4104142_TACGGGCGTCGGCTCA-1,-0.09834107806026707
CXCR3-,HC,PTC41540_PB,GSM4104142_TACGGGCTCGCTGATA-1,-0.3387229197010112
CXCR3-,HC,PTC41540_PB,GSM4104142_TACGGTAGTGTCCTCT-1,-0.09834107806026707
CXCR3-,HC,PTC41540_PB,GSM4104142_TACGGTATCCAAATGC-1,-0.25346552069582057
CXCR3-,HC,PTC41540_PB,GSM4104142_TACTCATAGCCAGAAC-1,-0.5418268788404064
CXCR3-,HC,PTC41540_PB,GSM4104142_TACTCATCACTGTGTA-1,0.20061826117688683
CXCR3-,HC,PTC41540_PB,GSM4104142_TACTCATTCCTGCCAT-1,-0.09834107806026707
CXCR3-,HC,PTC41540_PB,GSM4104142_TACTCATTCGCCAAAT-1,-0.09834107806026707
CXCR3-,HC,PTC41540_PB,GSM4104142_TACTCGCAGTGCGTGA-1,-0.2438578347149674
CXCR3-,HC,PTC41540_PB,GSM4104142_TACTCGCTCGGTCTAA-1,-0.09834107806026707
CXCR3-,HC,PTC41540_PB,GSM4104142_TACTTACCAACTTGAC-1,-0.3975542473877347
CXCR3-,HC,PTC41540_PB,GSM4104142_TACTTACCAGCTCGCA-1,-0.8651351165328148
CXCR3-,HC,PTC41540_PB,GSM4104142_TACTTGTGTAAGAGAG-1,-0.32987973796771713
CXCR3-,HC,PTC41540_PB,GSM4104142_TACTTGTGTCTCATCC-1,-0.09834107806026707
CXCR3-,HC,PTC41540_PB,GSM4104142_TAGACCAAGATGAGAG-1,-0.09834107806026707
CXCR3-,HC,PTC41540_PB,GSM4104142_TAGACCAAGGACACCA-1,0.09900139956206473
CXCR3-,HC,PTC41540_PB,GSM4104142_TAGACCAAGGTAGCCA-1,-0.09834107806026707
CXCR3-,HC,PTC41540_PB,GSM4104142_TAGAGCTAGTTCGCGC-1,-0.5235451515976844
CXCR3-,HC,PTC41540_PB,GSM4104142_TAGAGCTCAATCGAAA-1,-0.09834107806026707
CXCR3-,HC,PTC41540_PB,GSM4104142_TAGAGCTGTGTCGCTG-1,-0.24684001977958486
CXCR3-,HC,PTC41540_PB,GSM4104142_TAGAGCTTCGCCAAAT-1,-0.3485289737950212
CXCR3-,HC,PTC41540_PB,GSM4104142_TAGCCGGCACGTAAGG-1,-0.09834107806026707
CXCR3-,HC,PTC41540_PB,GSM4104142_TAGCCGGGTGTGACCC-1,-0.2755332635276467
CXCR3-,HC,PTC41540_PB,GSM4104142_TAGCCGGGTTCAGCGC-1,-0.09834107806026707
CXCR3-,HC,PTC41540_PB,GSM4104142_TAGCCGGTCTCATTCA-1,-0.8281934479196555
CXCR3-,HC,PTC41540_PB,GSM4104142_TAGGCATAGGCAAAGA-1,-0.18940978037992887
CXCR3-,HC,PTC41540_PB,GSM4104142_TAGGCATCAGTAACGG-1,-0.3369863473218114
CXCR3-,HC,PTC41540_PB,GSM4104142_TAGTGGTCAAGTAGTA-1,0.26012468269854233
CXCR3-,HC,PTC41540_PB,GSM4104142_TAGTGGTGTCCGAATT-1,0.5151800797952062
CXCR3-,HC,PTC41540_PB,GSM4104142_TAGTTGGCACGAGAGT-1,-0.308764474509259
CXCR3-,HC,PTC41540_PB,GSM4104142_TAGTTGGTCGGAGGTA-1,-0.429767244142227
CXCR3-,HC,PTC41540_PB,GSM4104142_TATCAGGGTCTCCATC-1,-0.09834107806026707
CXCR3-,HC,PTC41540_PB,GSM4104142_TATCAGGTCCCGACTT-1,-0.09834107806026707
CXCR3-,HC,PTC41540_PB,GSM4104142_TATCAGGTCTCATTCA-1,-0.2695981707236257
CXCR3-,HC,PTC41540_PB,GSM4104142_TATCTCACACCCATGG-1,-0.09834107806026707
CXCR3-,HC,PTC41540_PB,GSM4104142_TATCTCACACCGCTAG-1,-0.09834107806026707
CXCR3-,HC,PTC41540_PB,GSM4104142_TATGCCCCAAAGGCGT-1,0.3089850772376853
CXCR3-,HC,PTC41540_PB,GSM4104142_TATGCCCCAAGCCGTC-1,-0.26933142827184564
CXCR3-,HC,PTC41540_PB,GSM4104142_TATGCCCTCCACGACG-1,-0.09834107806026707
CXCR3-,HC,PTC41540_PB,GSM4104142_TATGCCCTCTTGTACT-1,-0.09834107806026707
CXCR3-,HC,PTC41540_PB,GSM4104142_TATTACCGTAGTAGTA-1,-0.32478144632758943
CXCR3-,HC,PTC41540_PB,GSM4104142_TATTACCGTCTAGAGG-1,0.21995388084554857
CXCR3-,HC,PTC41540_PB,GSM4104142_TCAACGAAGCGTGTCC-1,-0.3638235057299211
CXCR3-,HC,PTC41540_PB,GSM4104142_TCAACGAAGGGTATCG-1,-0.19913489208271612
CXCR3-,HC,PTC41540_PB,GSM4104142_TCAACGAGTACTTCTT-1,-0.09834107806026707
CXCR3-,HC,PTC41540_PB,GSM4104142_TCAACGATCCTCGCAT-1,-0.09834107806026707
CXCR3-,HC,PTC41540_PB,GSM4104142_TCAATCTCAGCGTTCG-1,-0.2242261926877001
CXCR3-,HC,PTC41540_PB,GSM4104142_TCAATCTGTTGTACAC-1,0.23191505249393288
CXCR3-,HC,PTC41540_PB,GSM4104142_TCAATCTTCTAGCACA-1,-0.09834107806026707
CXCR3-,HC,PTC41540_PB,GSM4104142_TCACAAGTCACTTATC-1,-0.09834107806026707
CXCR3-,HC,PTC41540_PB,GSM4104142_TCACGAACACCAACCG-1,-0.09834107806026707
CXCR3-,HC,PTC41540_PB,GSM4104142_TCACGAATCGGGAGTA-1,-0.09834107806026707
CXCR3-,HC,PTC41540_PB,GSM4104142_TCAGATGAGCCCAACC-1,-0.09834107806026707
CXCR3-,HC,PTC41540_PB,GSM4104142_TCAGATGAGTAACCCT-1,-0.09834107806026707
CXCR3-,HC,PTC41540_PB,GSM4104142_TCAGATGCACAACTGT-1,-0.27716544035872653
CXCR3-,HC,PTC41540_PB,GSM4104142_TCAGATGTCTCGCATC-1,-0.09834107806026707
CXCR3-,HC,PTC41540_PB,GSM4104142_TCAGCAACAGATTGCT-1,-0.09834107806026707
CXCR3-,HC,PTC41540_PB,GSM4104142_TCAGGATCACTTCGAA-1,-0.09834107806026707
CXCR3-,HC,PTC41540_PB,GSM4104142_TCAGGATCATGCAACT-1,-0.09834107806026707
CXCR3-,HC,PTC41540_PB,GSM4104142_TCAGGATGTTAAAGTG-1,-0.09834107806026707
CXCR3-,HC,PTC41540_PB,GSM4104142_TCAGGTAAGCTGCAAG-1,-0.2254476009713398
CXCR3-,HC,PTC41540_PB,GSM4104142_TCATTACTCACCGGGT-1,-0.29081232367258103
CXCR3-,HC,PTC41540_PB,GSM4104142_TCATTTGCATGCTGGC-1,-0.09834107806026707
CXCR3-,HC,PTC41540_PB,GSM4104142_TCATTTGTCTTAGCCC-1,-0.09834107806026707
CXCR3-,HC,PTC41540_PB,GSM4104142_TCCACACCAATACGCT-1,-0.09834107806026707
CXCR3-,HC,PTC41540_PB,GSM4104142_TCCACACCACTCTGTC-1,-0.20320617489280624
CXCR3-,HC,PTC41540_PB,GSM4104142_TCGAGGCTCGCGGATC-1,-0.23359889906277034
CXCR3-,HC,PTC41540_PB,GSM4104142_TCGCGAGGTCTCTTAT-1,-0.09834107806026707
CXCR3-,HC,PTC41540_PB,GSM4104142_TCGCGAGTCTTCCTTC-1,0.4247909893967247
CXCR3-,HC,PTC41540_PB,GSM4104142_TCGCGTTAGCCAACAG-1,-0.09834107806026707
CXCR3-,HC,PTC41540_PB,GSM4104142_TCGCGTTCAAAGGTGC-1,-0.09834107806026707
CXCR3+,HC,PTC41540_PB,GSM4104142_TCGCGTTCAAGGACTG-1,-0.09834107806026707
CXCR3-,HC,PTC41540_PB,GSM4104142_TCGCGTTCACTTCGAA-1,-0.22984937110985887
CXCR3-,HC,PTC41540_PB,GSM4104142_TCGCGTTGTTACCAGT-1,-0.09834107806026707
CXCR3-,HC,PTC41540_PB,GSM4104142_TCGCGTTTCACTTACT-1,-0.09834107806026707
CXCR3-,HC,PTC41540_PB,GSM4104142_TCGCGTTTCTCAACTT-1,-0.09834107806026707
CXCR3-,HC,PTC41540_PB,GSM4104142_TCGTACCGTTACTGAC-1,-0.09834107806026707
CXCR3-,HC,PTC41540_PB,GSM4104142_TCGTACCGTTTACTCT-1,-0.09834107806026707
CXCR3-,HC,PTC41540_PB,GSM4104142_TCGTAGAAGCGCTTAT-1,-0.09834107806026707
CXCR3-,HC,PTC41540_PB,GSM4104142_TCGTAGACATGCTGGC-1,-0.09834107806026707
CXCR3-,HC,PTC41540_PB,GSM4104142_TCGTAGAGTATAGGTA-1,-0.24470753348332938
CXCR3+,HC,PTC41540_PB,GSM4104142_TCTATTGAGAATCTCC-1,-0.2333970862650283
CXCR3-,HC,PTC41540_PB,GSM4104142_TCTATTGCACAAGCCC-1,0.01879826196468491
CXCR3-,HC,PTC41540_PB,GSM4104142_TCTATTGTCCAACCAA-1,-0.09834107806026707
CXCR3-,HC,PTC41540_PB,GSM4104142_TCTCATACACAGACAG-1,0.05833710258139307
CXCR3-,HC,PTC41540_PB,GSM4104142_TCTCATAGTACCATCA-1,-0.09834107806026707
CXCR3-,HC,PTC41540_PB,GSM4104142_TCTCATATCAACGGCC-1,-0.09834107806026707
CXCR3-,HC,PTC41540_PB,GSM4104142_TCTCTAAAGCGATTCT-1,-1.380869814754581
CXCR3-,HC,PTC41540_PB,GSM4104142_TCTCTAAAGGTACTCT-1,-0.09834107806026707
CXCR3-,HC,PTC41540_PB,GSM4104142_TCTCTAAGTTCCAACA-1,-0.09834107806026707
CXCR3-,HC,PTC41540_PB,GSM4104142_TCTGGAAAGTAGATGT-1,-0.09834107806026707
CXCR3-,HC,PTC41540_PB,GSM4104142_TCTGGAACACTCAGGC-1,-0.09834107806026707
CXCR3-,HC,PTC41540_PB,GSM4104142_TCTGGAATCAGTACGT-1,-0.45975340684097527
CXCR3-,HC,PTC41540_PB,GSM4104142_TCTTCGGCATTAGCCA-1,-0.19708478781965905
CXCR3-,HC,PTC41540_PB,GSM4104142_TGAAAGAAGACTTGAA-1,-0.31196972809947876
CXCR3-,HC,PTC41540_PB,GSM4104142_TGAAAGACAAGTCATC-1,-0.09834107806026707
CXCR3-,HC,PTC41540_PB,GSM4104142_TGAAAGACATGAGCGA-1,-0.3185471159298384
CXCR3-,HC,PTC41540_PB,GSM4104142_TGACAACAGGGTTCCC-1,-0.09834107806026707
CXCR3-,HC,PTC41540_PB,GSM4104142_TGACAACAGTGGGCTA-1,-0.09834107806026707
CXCR3-,HC,PTC41540_PB,GSM4104142_TGACAACCAGCCTATA-1,-0.09834107806026707
CXCR3-,HC,PTC41540_PB,GSM4104142_TGACAACGTCATGCAT-1,-0.09834107806026707
CXCR3-,HC,PTC41540_PB,GSM4104142_TGACAACTCATGGTCA-1,-0.09834107806026707
CXCR3-,HC,PTC41540_PB,GSM4104142_TGACTAGAGCACAGGT-1,-0.09834107806026707
CXCR3-,HC,PTC41540_PB,GSM4104142_TGACTAGCAATAGCAA-1,-0.09834107806026707
CXCR3-,HC,PTC41540_PB,GSM4104142_TGACTAGGTATGAAAC-1,-0.09834107806026707
CXCR3-,HC,PTC41540_PB,GSM4104142_TGACTTTGTCAAAGCG-1,-0.09834107806026707
CXCR3-,HC,PTC41540_PB,GSM4104142_TGAGCATTCAGTACGT-1,0.4284074352741463
CXCR3-,HC,PTC41540_PB,GSM4104142_TGAGCATTCTTCGAGA-1,-0.23044101404291556
CXCR3-,HC,PTC41540_PB,GSM4104142_TGAGCCGAGAGCTATA-1,-0.47899583010709096
CXCR3-,HC,PTC41540_PB,GSM4104142_TGAGCCGGTGGTGTAG-1,-0.03826766282143874
CXCR3-,HC,PTC41540_PB,GSM4104142_TGAGGGAGTCTTGTCC-1,-0.09834107806026707
CXCR3-,HC,PTC41540_PB,GSM4104142_TGATTTCTCTTGAGGT-1,-0.09834107806026707
CXCR3-,HC,PTC41540_PB,GSM4104142_TGCACCTAGAAGCCCA-1,-0.09834107806026707
CXCR3-,HC,PTC41540_PB,GSM4104142_TGCACCTCAAGCCCAC-1,0.17190623495793658
CXCR3-,HC,PTC41540_PB,GSM4104142_TGCACCTTCTAGCACA-1,-0.09834107806026707
CXCR3-,HC,PTC41540_PB,GSM4104142_TGCCAAAAGACTAGAT-1,0.22760944894929616
CXCR3-,HC,PTC41540_PB,GSM4104142_TGCCCATAGTTCGCGC-1,0.13930691774502077
CXCR3-,HC,PTC41540_PB,GSM4104142_TGCCCATCACTTGGAT-1,0.4079016896143458
CXCR3-,HC,PTC41540_PB,GSM4104142_TGCCCTAAGGCGACAT-1,0.12333318921866146
CXCR3-,HC,PTC41540_PB,GSM4104142_TGCCCTATCCAAGTAC-1,-0.09834107806026707
CXCR3-,HC,PTC41540_PB,GSM4104142_TGCGCAGAGCAATCTC-1,-0.31219374883348794
CXCR3-,HC,PTC41540_PB,GSM4104142_TGCGCAGAGTGCTGCC-1,-0.09834107806026707
CXCR3-,HC,PTC41540_PB,GSM4104142_TGCGCAGCAATCTGCA-1,-0.09834107806026707
CXCR3-,HC,PTC41540_PB,GSM4104142_TGCGTGGAGAAGCCCA-1,-0.09834107806026707
CXCR3-,HC,PTC41540_PB,GSM4104142_TGCGTGGAGCGCTTAT-1,-0.09834107806026707
CXCR3-,HC,PTC41540_PB,GSM4104142_TGCGTGGTCTACGAGT-1,-0.09834107806026707
CXCR3-,HC,PTC41540_PB,GSM4104142_TGCTACCCATGAGCGA-1,-0.09834107806026707
CXCR3-,HC,PTC41540_PB,GSM4104142_TGCTACCCATTACGAC-1,-0.09834107806026707
CXCR3-,HC,PTC41540_PB,GSM4104142_TGCTGCTAGGGTCTCC-1,0.08429929659325607
CXCR3-,HC,PTC41540_PB,GSM4104142_TGCTGCTAGTTTAGGA-1,-0.18165239676715347
CXCR3-,HC,PTC41540_PB,GSM4104142_TGCTGCTCATACAGCT-1,0.6110531213984716
CXCR3+,HC,PTC41540_PB,GSM4104142_TGCTGCTTCGCTTGTC-1,-0.2571609098140799
CXCR3-,HC,PTC41540_PB,GSM4104142_TGGACGCGTAAGTGTA-1,-0.37380746953573774
CXCR3-,HC,PTC41540_PB,GSM4104142_TGGCCAGCAGGGTACA-1,-0.2408653826620042
CXCR3-,HC,PTC41540_PB,GSM4104142_TGGCCAGGTAGCGCAA-1,-0.09834107806026707
CXCR3-,HC,PTC41540_PB,GSM4104142_TGGCCAGGTCCAACTA-1,-0.09834107806026707
CXCR3-,HC,PTC41540_PB,GSM4104142_TGGCCAGTCCGCGGTA-1,-0.09834107806026707
CXCR3-,HC,PTC41540_PB,GSM4104142_TGGCCAGTCGTACGGC-1,-0.09834107806026707
CXCR3-,HC,PTC41540_PB,GSM4104142_TGGCGCAAGTGAAGAG-1,-0.09834107806026707
CXCR3-,HC,PTC41540_PB,GSM4104142_TGGCGCACAAGGTTTC-1,-0.09834107806026707
CXCR3-,HC,PTC41540_PB,GSM4104142_TGGCGCAGTAGGAGTC-1,-0.09834107806026707
CXCR3-,HC,PTC41540_PB,GSM4104142_TGGCTGGAGTCGTTTG-1,-0.09834107806026707
CXCR3-,HC,PTC41540_PB,GSM4104142_TGGCTGGCAACTGCGC-1,-0.09834107806026707
CXCR3-,HC,PTC41540_PB,GSM4104142_TGGCTGGCAAGCCGTC-1,0.0006196212511434064
CXCR3-,HC,PTC41540_PB,GSM4104142_TGGGAAGAGTTAAGTG-1,-0.3456362130707257
CXCR3-,HC,PTC41540_PB,GSM4104142_TGGGAAGGTCTTGTCC-1,-0.09834107806026707
CXCR3-,HC,PTC41540_PB,GSM4104142_TGGGAAGGTGAGTGAC-1,-0.09834107806026707
CXCR3-,HC,PTC41540_PB,GSM4104142_TGGGCGTGTATAGGGC-1,-0.33740848770474674
CXCR3-,HC,PTC41540_PB,GSM4104142_TGGTTAGTCCGAATGT-1,-0.4125644615806846
CXCR3-,HC,PTC41540_PB,GSM4104142_TGGTTCCTCTAACTGG-1,-0.2049832077386647
CXCR3-,HC,PTC41540_PB,GSM4104142_TGTATTCCATTACCTT-1,-0.09834107806026707
CXCR3-,HC,PTC41540_PB,GSM4104142_TGTATTCTCACCCGAG-1,-0.09834107806026707
CXCR3-,HC,PTC41540_PB,GSM4104142_TGTATTCTCTATCCCG-1,0.3094592147027459
CXCR3-,HC,PTC41540_PB,GSM4104142_TGTCCCAAGTAGTGCG-1,-0.4615992533082413
CXCR3-,HC,PTC41540_PB,GSM4104142_TGTGGTACATCGGGTC-1,-0.09834107806026707
CXCR3-,HC,PTC41540_PB,GSM4104142_TGTGTTTTCAGTTAGC-1,-0.09834107806026707
CXCR3-,HC,PTC41540_PB,GSM4104142_TGTTCCGCACCCATTC-1,-0.09834107806026707
CXCR3-,HC,PTC41540_PB,GSM4104142_TGTTCCGTCCAAGTAC-1,0.2730946630165108
CXCR3-,HC,PTC41540_PB,GSM4104142_TTAACTCAGCTAGTCT-1,-0.09834107806026707
CXCR3-,HC,PTC41540_PB,GSM4104142_TTAACTCTCGATCCCT-1,-0.09834107806026707
CXCR3-,HC,PTC41540_PB,GSM4104142_TTAACTCTCTCGATGA-1,-0.45051660790420417
CXCR3-,HC,PTC41540_PB,GSM4104142_TTAGGACGTCGTCTTC-1,-0.3361392206492182
CXCR3-,HC,PTC41540_PB,GSM4104142_TTAGGACGTGTGCGTC-1,-0.09834107806026707
CXCR3-,HC,PTC41540_PB,GSM4104142_TTAGGCAAGCTTTGGT-1,-0.5692167946931636
CXCR3-,HC,PTC41540_PB,GSM4104142_TTAGGCACATCATCCC-1,-0.011732776354917953
CXCR3-,HC,PTC41540_PB,GSM4104142_TTAGGCAGTGCCTGGT-1,-0.09834107806026707
CXCR3-,HC,PTC41540_PB,GSM4104142_TTATGCTAGCGTAATA-1,-0.09834107806026707
CXCR3-,HC,PTC41540_PB,GSM4104142_TTATGCTCACGGTTTA-1,-0.09834107806026707
CXCR3-,HC,PTC41540_PB,GSM4104142_TTATGCTGTTACGGAG-1,-0.09834107806026707
CXCR3+,HC,PTC41540_PB,GSM4104142_TTCCCAGCAATAGCGG-1,0.16159081568219064
CXCR3-,HC,PTC41540_PB,GSM4104142_TTCCCAGTCGGTGTCG-1,-0.10670074902949375
CXCR3-,HC,PTC41540_PB,GSM4104142_TTCGAAGCACCTTGTC-1,-0.09834107806026707
CXCR3+,HC,PTC41540_PB,GSM4104142_TTCGAAGTCCAATGGT-1,-0.40732037281402284
CXCR3-,HC,PTC41540_PB,GSM4104142_TTCGGTCCAAGCGATG-1,0.14565283438589935
CXCR3-,HC,PTC41540_PB,GSM4104142_TTCTACAAGTCCGTAT-1,-0.26182938911294373
CXCR3-,HC,PTC41540_PB,GSM4104142_TTCTACACACTGTTAG-1,-0.09834107806026707
CXCR3-,HC,PTC41540_PB,GSM4104142_TTCTACACATGGGAAC-1,-0.09834107806026707
CXCR3-,HC,PTC41540_PB,GSM4104142_TTCTACAGTAACGACG-1,0.34407104218555695
CXCR3-,HC,PTC41540_PB,GSM4104142_TTCTCCTCAAGGCTCC-1,0.3767225468701429
CXCR3-,HC,PTC41540_PB,GSM4104142_TTCTTAGCACAGAGGT-1,-0.09834107806026707
CXCR3-,HC,PTC41540_PB,GSM4104142_TTCTTAGGTAGAAAGG-1,-0.09834107806026707
CXCR3-,HC,PTC41540_PB,GSM4104142_TTCTTAGTCTTTAGGG-1,-0.09834107806026707
CXCR3-,HC,PTC41540_PB,GSM4104142_TTGAACGTCCTGTACC-1,-0.2702502768475587
CXCR3-,HC,PTC41540_PB,GSM4104142_TTGACTTAGGATGCGT-1,-0.09834107806026707
CXCR3-,HC,PTC41540_PB,GSM4104142_TTGACTTTCGAATGGG-1,0.22729321194147434
CXCR3-,HC,PTC41540_PB,GSM4104142_TTGCCGTAGCGACGTA-1,-0.09834107806026707
CXCR3-,HC,PTC41540_PB,GSM4104142_TTGCCGTGTCTAGCCG-1,-0.09834107806026707
CXCR3-,HC,PTC41540_PB,GSM4104142_TTGCCGTGTGTTGAGG-1,-0.09834107806026707
CXCR3-,HC,PTC41540_PB,GSM4104142_TTGCCGTTCACCGTAA-1,0.046799542251734175
CXCR3-,HC,PTC41540_PB,GSM4104142_TTGCGTCCACAGCGTC-1,-1.1271035220842935
CXCR3-,HC,PTC41540_PB,GSM4104142_TTGCGTCCAGGATCGA-1,-0.17041864079481314
CXCR3-,HC,PTC41540_PB,GSM4104142_TTTACTGTCAAAGTAG-1,-0.4836782641018197
CXCR3-,HC,PTC41540_PB,GSM4104142_TTTGCGCAGGCTAGAC-1,-0.09834107806026707
CXCR3-,HC,PTC41540_PB,GSM4104142_TTTGCGCCAAGAAAGG-1,-0.27704589798299123
CXCR3-,HC,PTC41540_PB,GSM4104142_TTTGCGCGTGTTTGGT-1,-0.09834107806026707
CXCR3-,HC,PTC41540_PB,GSM4104142_TTTGCGCGTTTCCACC-1,-0.22640784566901284
CXCR3-,HC,PTC41540_PB,GSM4104142_TTTGGTTGTAGAGTGC-1,-0.09834107806026707
CXCR3-,HC,PTC41540_PB,GSM4104142_TTTGTCAGTATATGGA-1,-0.09834107806026707
CXCR3-,HC,PTC85037_PB,GSM4104143_AAACCTGAGGTCATCT-1,-0.552069886931664
CXCR3-,HC,PTC85037_PB,GSM4104143_AAACGGGAGAGGTAGA-1,-0.09834107806026707
CXCR3-,HC,PTC85037_PB,GSM4104143_AAAGATGAGATCTGAA-1,-0.09834107806026707
CXCR3-,HC,PTC85037_PB,GSM4104143_AAATGCCAGCTCCCAG-1,-0.3643148907394424
CXCR3-,HC,PTC85037_PB,GSM4104143_AACTCAGCAGTAAGAT-1,-0.2994995553685609
CXCR3-,HC,PTC85037_PB,GSM4104143_AACTCCCTCGCCAAAT-1,0.31169673139608606
CXCR3-,HC,PTC85037_PB,GSM4104143_AATCCAGAGGAGTAGA-1,-0.09834107806026707
CXCR3-,HC,PTC85037_PB,GSM4104143_ACACCAAAGAGTAAGG-1,-0.09834107806026707
CXCR3-,HC,PTC85037_PB,GSM4104143_ACACCAACACCTTGTC-1,-0.21309354251643553
CXCR3-,HC,PTC85037_PB,GSM4104143_ACACCCTCACAGCCCA-1,-0.09834107806026707
CXCR3-,HC,PTC85037_PB,GSM4104143_ACACCGGTCTTCAACT-1,-0.26849976705492656
CXCR3-,HC,PTC85037_PB,GSM4104143_ACATGGTCAGACAAAT-1,-0.09834107806026707
CXCR3-,HC,PTC85037_PB,GSM4104143_ACGAGCCAGTCGCCGT-1,-0.09834107806026707
CXCR3-,HC,PTC85037_PB,GSM4104143_ACGATACGTTCCTCCA-1,-0.09834107806026707
CXCR3-,HC,PTC85037_PB,GSM4104143_ACGCAGCGTGCCTGCA-1,0.16255813048955775
CXCR3-,HC,PTC85037_PB,GSM4104143_ACGCCAGAGATGTCGG-1,-0.09834107806026707
CXCR3-,HC,PTC85037_PB,GSM4104143_ACGGAGAAGCCCAACC-1,-0.09834107806026707
CXCR3-,HC,PTC85037_PB,GSM4104143_ACGGGCTAGTGTACGG-1,-0.028109948214678666
CXCR3-,HC,PTC85037_PB,GSM4104143_ACGGGCTCATTATCTC-1,-0.21342426612047483
CXCR3-,HC,PTC85037_PB,GSM4104143_ACGGGTCAGGAATGGA-1,-0.09834107806026707
CXCR3-,HC,PTC85037_PB,GSM4104143_ACTTACTCAAGCGAGT-1,-0.09834107806026707
CXCR3-,HC,PTC85037_PB,GSM4104143_ACTTGTTAGACAGGCT-1,-0.09834107806026707
CXCR3-,HC,PTC85037_PB,GSM4104143_ACTTGTTTCGAACTGT-1,-0.09834107806026707
CXCR3-,HC,PTC85037_PB,GSM4104143_ACTTTCATCTTGCAAG-1,-0.28398351062962
CXCR3-,HC,PTC85037_PB,GSM4104143_AGATCTGAGCGACGTA-1,-0.09834107806026707
CXCR3-,HC,PTC85037_PB,GSM4104143_AGATCTGCATCACAAC-1,0.1779861207439875
CXCR3-,HC,PTC85037_PB,GSM4104143_AGATTGCCAGGGAGAG-1,-0.09996345604006532
CXCR3-,HC,PTC85037_PB,GSM4104143_AGATTGCGTGATGCCC-1,-0.09834107806026707
CXCR3-,HC,PTC85037_PB,GSM4104143_AGCAGCCGTAAGTGGC-1,-0.09834107806026707
CXCR3-,HC,PTC85037_PB,GSM4104143_AGCGTATAGCCCAGCT-1,-0.21675575147466572
CXCR3-,HC,PTC85037_PB,GSM4104143_AGGCCGTAGCCACTAT-1,-0.09834107806026707
CXCR3-,HC,PTC85037_PB,GSM4104143_AGGCCGTCACCAGCAC-1,0.3536356956815833
CXCR3-,HC,PTC85037_PB,GSM4104143_AGGGATGGTACTCTCC-1,-0.09834107806026707
CXCR3-,HC,PTC85037_PB,GSM4104143_AGGGATGTCCAACCAA-1,0.17257937783899108
CXCR3-,HC,PTC85037_PB,GSM4104143_AGTGAGGCAAGGTTTC-1,-0.019714522359252022
CXCR3-,HC,PTC85037_PB,GSM4104143_AGTGTCAAGTACCGGA-1,-0.16775936076283465
CXCR3-,HC,PTC85037_PB,GSM4104143_ATAGACCCATCACAAC-1,-0.6200492390650287
CXCR3-,HC,PTC85037_PB,GSM4104143_ATAGACCTCTAACTTC-1,-0.09834107806026707
CXCR3-,HC,PTC85037_PB,GSM4104143_ATCATCTAGCCAGGAT-1,-0.5400796114939531
CXCR3-,HC,PTC85037_PB,GSM4104143_ATCATGGCATTCACTT-1,0.2237044571808288
CXCR3-,HC,PTC85037_PB,GSM4104143_ATCGAGTCAAACTGCT-1,-0.09834107806026707
CXCR3-,HC,PTC85037_PB,GSM4104143_ATCTGCCGTCAGATAA-1,0.16028457391041662
CXCR3-,HC,PTC85037_PB,GSM4104143_ATGAGGGGTTCATGGT-1,-0.09834107806026707
CXCR3-,HC,PTC85037_PB,GSM4104143_ATGGGAGTCCCATTAT-1,0.17904089394606032
CXCR3-,HC,PTC85037_PB,GSM4104143_ATTCTACAGAAGATTC-1,0.03798416933583396
CXCR3-,HC,PTC85037_PB,GSM4104143_ATTGGTGGTCATATGC-1,-0.4511700981189505
CXCR3-,HC,PTC85037_PB,GSM4104143_CAACCAAGTAGATTAG-1,-0.3441195451154031
CXCR3-,HC,PTC85037_PB,GSM4104143_CAAGTTGAGTTTCCTT-1,-0.09834107806026707
CXCR3-,HC,PTC85037_PB,GSM4104143_CACACCTGTGTTCGAT-1,-0.09834107806026707
CXCR3-,HC,PTC85037_PB,GSM4104143_CACACCTGTTTGACTG-1,-0.002657798042513125
CXCR3-,HC,PTC85037_PB,GSM4104143_CACACTCCACTCTGTC-1,-0.09834107806026707
CXCR3-,HC,PTC85037_PB,GSM4104143_CACAGGCCAGGGTATG-1,-0.33964073724848903
CXCR3-,HC,PTC85037_PB,GSM4104143_CACCTTGGTAGCAAAT-1,-0.2755332635276467
CXCR3-,HC,PTC85037_PB,GSM4104143_CACCTTGGTGTCCTCT-1,-0.09834107806026707
CXCR3-,HC,PTC85037_PB,GSM4104143_CACCTTGTCATGTCCC-1,-0.09834107806026707
CXCR3-,HC,PTC85037_PB,GSM4104143_CACCTTGTCCGAACGC-1,-0.11133016219236407
CXCR3-,HC,PTC85037_PB,GSM4104143_CAGCAGCAGGTTACCT-1,-0.09834107806026707
CXCR3-,HC,PTC85037_PB,GSM4104143_CAGGTGCTCGGTCCGA-1,-0.30141723189038755
CXCR3+,HC,PTC85037_PB,GSM4104143_CATCAGAAGTATCTCG-1,-0.21447542523435498
CXCR3-,HC,PTC85037_PB,GSM4104143_CATCAGAGTGCGGTAA-1,0.4838600453197839
CXCR3-,HC,PTC85037_PB,GSM4104143_CATCGGGCACATCCAA-1,0.2913748260492285
CXCR3-,HC,PTC85037_PB,GSM4104143_CATCGGGGTAGGGTAC-1,-0.09834107806026707
CXCR3-,HC,PTC85037_PB,GSM4104143_CATTCGCAGGCGATAC-1,-0.32484490533356875
CXCR3-,HC,PTC85037_PB,GSM4104143_CATTCGCGTTAAGACA-1,-0.09834107806026707
CXCR3-,HC,PTC85037_PB,GSM4104143_CCACCTAGTACGAAAT-1,-0.8367546230636876
CXCR3-,HC,PTC85037_PB,GSM4104143_CCACGGACATGAACCT-1,-0.09834107806026707
CXCR3-,HC,PTC85037_PB,GSM4104143_CCACGGATCTTTACAC-1,-0.44582531627375516
CXCR3-,HC,PTC85037_PB,GSM4104143_CCACTACCAAGCGATG-1,-0.09834107806026707
CXCR3-,HC,PTC85037_PB,GSM4104143_CCAGCGAAGGCATGGT-1,-0.09834107806026707
CXCR3-,HC,PTC85037_PB,GSM4104143_CCCAATCTCCCAAGTA-1,-0.041106319137963185
CXCR3-,HC,PTC85037_PB,GSM4104143_CCCAGTTGTTACTGAC-1,0.1215924924950417
CXCR3-,HC,PTC85037_PB,GSM4104143_CCCATACCATACGCCG-1,0.16453411858253222
CXCR3-,HC,PTC85037_PB,GSM4104143_CCGTACTGTTCCGGCA-1,-0.26775235139991244
CXCR3-,HC,PTC85037_PB,GSM4104143_CCTAGCTTCCTCAACC-1,-0.09834107806026707
CXCR3-,HC,PTC85037_PB,GSM4104143_CCTATTATCGAATGGG-1,0.3431944504517111
CXCR3-,HC,PTC85037_PB,GSM4104143_CCTATTATCTAACTGG-1,-0.09834107806026707
CXCR3-,HC,PTC85037_PB,GSM4104143_CCTTACGTCGCCAAAT-1,-0.5338400656030211
CXCR3-,HC,PTC85037_PB,GSM4104143_CCTTCGAAGCAGGTCA-1,-0.22417089628243195
CXCR3-,HC,PTC85037_PB,GSM4104143_CCTTCGACAAACTGTC-1,-0.09834107806026707
CXCR3-,HC,PTC85037_PB,GSM4104143_CCTTTCTCAGCTGCAC-1,0.6164434041595238
CXCR3-,HC,PTC85037_PB,GSM4104143_CGAGCCAAGAGATGAG-1,-0.1787166358359118
CXCR3-,HC,PTC85037_PB,GSM4104143_CGATGTAGTTAAGTAG-1,-0.09834107806026707
CXCR3-,HC,PTC85037_PB,GSM4104143_CGATTGAAGAGACGAA-1,-0.09834107806026707
CXCR3-,HC,PTC85037_PB,GSM4104143_CGCCAAGGTCCTCCAT-1,-0.09834107806026707
CXCR3-,HC,PTC85037_PB,GSM4104143_CGCCAAGTCACTCCTG-1,-0.21349972145263177
CXCR3-,HC,PTC85037_PB,GSM4104143_CGCTATCGTAGAGTGC-1,-0.338312990625511
CXCR3-,HC,PTC85037_PB,GSM4104143_CGCTATCTCCCAAGAT-1,-0.09834107806026707
CXCR3-,HC,PTC85037_PB,GSM4104143_CGCTGGATCTACCTGC-1,0.04124516067148092
CXCR3-,HC,PTC85037_PB,GSM4104143_CGGACACTCGGTGTCG-1,0.34829895953634216
CXCR3-,HC,PTC85037_PB,GSM4104143_CGGACGTAGGCTATCT-1,-0.23564889700003652
CXCR3-,HC,PTC85037_PB,GSM4104143_CGGACGTCAAGCGTAG-1,-0.45110913245375356
CXCR3-,HC,PTC85037_PB,GSM4104143_CGGACTGAGCCTATGT-1,-0.5241089797270816
CXCR3-,HC,PTC85037_PB,GSM4104143_CGGAGTCGTACTTCTT-1,-0.261744299688983
CXCR3-,HC,PTC85037_PB,GSM4104143_CGTAGCGTCGCAGGCT-1,-0.37989668608035093
CXCR3-,HC,PTC85037_PB,GSM4104143_CGTAGGCTCAGGATCT-1,-0.09834107806026707
CXCR3-,HC,PTC85037_PB,GSM4104143_CGTGAGCAGTCGTACT-1,-0.09834107806026707
CXCR3-,HC,PTC85037_PB,GSM4104143_CGTGTAAAGATGTCGG-1,-0.09834107806026707
CXCR3-,HC,PTC85037_PB,GSM4104143_CGTGTAATCACTCTTA-1,-0.08565564498807735
CXCR3-,HC,PTC85037_PB,GSM4104143_CTAACTTGTATTCGTG-1,-0.09834107806026707
CXCR3-,HC,PTC85037_PB,GSM4104143_CTAAGACCAATACGCT-1,0.420310658513743
CXCR3-,HC,PTC85037_PB,GSM4104143_CTAAGACGTCTGATTG-1,-0.09834107806026707
CXCR3-,HC,PTC85037_PB,GSM4104143_CTCACACTCAGGCCCA-1,0.15187740597918134
CXCR3-,HC,PTC85037_PB,GSM4104143_CTCCTAGCACTATCTT-1,-0.09834107806026707
CXCR3-,HC,PTC85037_PB,GSM4104143_CTCGAAACATGCAACT-1,-0.09834107806026707
CXCR3-,HC,PTC85037_PB,GSM4104143_CTCGAGGGTTAAGAAC-1,-0.31664976241918913
CXCR3-,HC,PTC85037_PB,GSM4104143_CTCGGAGAGTTGAGAT-1,-0.09834107806026707
CXCR3-,HC,PTC85037_PB,GSM4104143_CTCGGAGTCGTTGCCT-1,-0.24140771639684397
CXCR3-,HC,PTC85037_PB,GSM4104143_CTCGTCAGTTACGGAG-1,-0.09834107806026707
CXCR3-,HC,PTC85037_PB,GSM4104143_CTCGTCATCCCATTAT-1,-0.3308407486227507
CXCR3-,HC,PTC85037_PB,GSM4104143_CTCTAATTCCGAGCCA-1,0.24363472138017564
CXCR3-,HC,PTC85037_PB,GSM4104143_CTCTACGTCTCCAGGG-1,-0.1029866580080429
CXCR3-,HC,PTC85037_PB,GSM4104143_CTGAAACCAGCTGTGC-1,0.5761947534352946
CXCR3-,HC,PTC85037_PB,GSM4104143_CTGAAGTCACTGTTAG-1,-0.09834107806026707
CXCR3-,HC,PTC85037_PB,GSM4104143_CTGATAGGTAAGAGAG-1,0.7571792702822195
CXCR3-,HC,PTC85037_PB,GSM4104143_CTGATAGTCAAAGACA-1,-0.2535636665138407
CXCR3-,HC,PTC85037_PB,GSM4104143_CTGCCTATCAAGATCC-1,-0.4749330122912471
CXCR3-,HC,PTC85037_PB,GSM4104143_CTTAACTCATTCGACA-1,-0.09834107806026707
CXCR3+,HC,PTC85037_PB,GSM4104143_CTTAACTTCTGACCTC-1,-1.2600451641489498
CXCR3-,HC,PTC85037_PB,GSM4104143_CTTACCGGTATTCTCT-1,0.18245734886850146
CXCR3-,HC,PTC85037_PB,GSM4104143_GAACGGATCAGTTGAC-1,-0.09834107806026707
CXCR3-,HC,PTC85037_PB,GSM4104143_GAACGGATCCTAGAAC-1,-0.09834107806026707
CXCR3-,HC,PTC85037_PB,GSM4104143_GAACGGATCTGAGTGT-1,-0.2584462640890598
CXCR3-,HC,PTC85037_PB,GSM4104143_GAAGCAGGTTCCTCCA-1,-0.6104590170879893
CXCR3-,HC,PTC85037_PB,GSM4104143_GAATAAGCAGTATAAG-1,0.6396731045686154
CXCR3-,HC,PTC85037_PB,GSM4104143_GAATGAACATTGTGCA-1,-0.09834107806026707
CXCR3-,HC,PTC85037_PB,GSM4104143_GACACGCCACGTGAGA-1,-0.09834107806026707
CXCR3-,HC,PTC85037_PB,GSM4104143_GACTACATCCACGAAT-1,0.22621500026657215
CXCR3+,HC,PTC85037_PB,GSM4104143_GACTGCGCAGATCCAT-1,0.21263951933033226
CXCR3-,HC,PTC85037_PB,GSM4104143_GAGTCCGCAAGCTGTT-1,-0.21937447811966235
CXCR3-,HC,PTC85037_PB,GSM4104143_GATCGATAGATGCGAC-1,-0.1965489881555986
CXCR3-,HC,PTC85037_PB,GSM4104143_GATCGCGGTTTAAGCC-1,-0.09834107806026707
CXCR3-,HC,PTC85037_PB,GSM4104143_GATCGTAGTCATACTG-1,0.26268836820169944
CXCR3-,HC,PTC85037_PB,GSM4104143_GATGAAAAGAGGTACC-1,-0.40177910562350055
CXCR3-,HC,PTC85037_PB,GSM4104143_GATGAAAAGTGGTCCC-1,0.6892150458005546
CXCR3-,HC,PTC85037_PB,GSM4104143_GATGAAAGTTCACCTC-1,-0.5640761436491362
CXCR3-,HC,PTC85037_PB,GSM4104143_GCAAACTAGACACTAA-1,-0.09834107806026707
CXCR3+,HC,PTC85037_PB,GSM4104143_GCACATATCGGATGGA-1,-0.1271696705712809
CXCR3-,HC,PTC85037_PB,GSM4104143_GCACTCTTCTGTCAAG-1,-0.22589239831689564
CXCR3-,HC,PTC85037_PB,GSM4104143_GCAGCCAGTAAGTTCC-1,0.25996738661436436
CXCR3-,HC,PTC85037_PB,GSM4104143_GCCTCTACAGCCACCA-1,-0.09834107806026707
CXCR3-,HC,PTC85037_PB,GSM4104143_GCCTCTATCTCTGCTG-1,-0.09834107806026707
CXCR3-,HC,PTC85037_PB,GSM4104143_GCGAGAAGTGTTTGGT-1,-0.09834107806026707
CXCR3-,HC,PTC85037_PB,GSM4104143_GCGCAACCAGTGGAGT-1,-0.09834107806026707
CXCR3-,HC,PTC85037_PB,GSM4104143_GCGCAGTGTCAGAGGT-1,-0.09834107806026707
CXCR3-,HC,PTC85037_PB,GSM4104143_GCGGGTTGTGTCAATC-1,-0.2219851411939035
CXCR3-,HC,PTC85037_PB,GSM4104143_GCTCCTAAGATAGCAT-1,-0.09834107806026707
CXCR3-,HC,PTC85037_PB,GSM4104143_GCTGGGTAGGTGACCA-1,-0.588323079510813
CXCR3-,HC,PTC85037_PB,GSM4104143_GGAACTTCATGCCTAA-1,-0.09834107806026707
CXCR3-,HC,PTC85037_PB,GSM4104143_GGAATAAAGCGTCTAT-1,0.03811031865965729
CXCR3-,HC,PTC85037_PB,GSM4104143_GGACAAGCAAGCCGTC-1,0.11365251232846707
CXCR3-,HC,PTC85037_PB,GSM4104143_GGATGTTAGATGCCAG-1,-0.25246166471109804
CXCR3-,HC,PTC85037_PB,GSM4104143_GGATTACCACATGGGA-1,-0.09834107806026707
CXCR3-,HC,PTC85037_PB,GSM4104143_GGCAATTCACGTAAGG-1,-0.09834107806026707
CXCR3-,HC,PTC85037_PB,GSM4104143_GGGATGAGTAAGGATT-1,0.771294438349815
CXCR3-,HC,PTC85037_PB,GSM4104143_GGGTTGCTCTGCAAGT-1,-0.5456074890325412
CXCR3-,HC,PTC85037_PB,GSM4104143_GGTATTGTCCACGTGG-1,-0.22642702009016985
CXCR3+,HC,PTC85037_PB,GSM4104143_GGTGAAGCAAATCCGT-1,-0.09834107806026707
CXCR3-,HC,PTC85037_PB,GSM4104143_GGTGCGTAGAAACGCC-1,-0.5698716924455259
CXCR3-,HC,PTC85037_PB,GSM4104143_GGTGTTAAGGAATTAC-1,-0.09834107806026707
CXCR3-,HC,PTC85037_PB,GSM4104143_GTAACTGGTATGAAAC-1,-0.09834107806026707
CXCR3-,HC,PTC85037_PB,GSM4104143_GTACTCCTCAAAGACA-1,-0.30765342783112526
CXCR3-,HC,PTC85037_PB,GSM4104143_GTCACAAGTGTAATGA-1,-0.09834107806026707
CXCR3-,HC,PTC85037_PB,GSM4104143_GTCATTTAGCTGATAA-1,-0.197052463214799
CXCR3-,HC,PTC85037_PB,GSM4104143_GTCCTCAGTCGCTTCT-1,-0.07814445767084807
CXCR3-,HC,PTC85037_PB,GSM4104143_GTCGTAACATCGACGC-1,-0.2978357641224694
CXCR3-,HC,PTC85037_PB,GSM4104143_GTCTTCGGTTCGCTAA-1,0.4865110983969794
CXCR3-,HC,PTC85037_PB,GSM4104143_GTGCATAAGAGCTTCT-1,0.03000762488938074
CXCR3-,HC,PTC85037_PB,GSM4104143_GTGCATACATATGAGA-1,-0.09834107806026707
CXCR3+,HC,PTC85037_PB,GSM4104143_GTTAAGCAGGGAAACA-1,-0.07658249397500705
CXCR3-,HC,PTC85037_PB,GSM4104143_GTTAAGCAGGTGGGTT-1,-0.4614316862537667
CXCR3-,HC,PTC85037_PB,GSM4104143_GTTCTCGAGGCGTACA-1,0.2369760239878351
CXCR3-,HC,PTC85037_PB,GSM4104143_GTTCTCGCAAGTTCTG-1,0.3298202798666215
CXCR3-,HC,PTC85037_PB,GSM4104143_GTTTCTATCGCCATAA-1,-0.09834107806026707
CXCR3-,HC,PTC85037_PB,GSM4104143_TAAGTGCTCCAAAGTC-1,-0.48174104818931845
CXCR3-,HC,PTC85037_PB,GSM4104143_TACCTATAGTACATGA-1,-0.09834107806026707
CXCR3-,HC,PTC85037_PB,GSM4104143_TACCTTATCAACGGGA-1,0.03359072707316877
CXCR3-,HC,PTC85037_PB,GSM4104143_TACGGATAGAAACGCC-1,-0.09834107806026707
CXCR3-,HC,PTC85037_PB,GSM4104143_TACGGGCCACTGTGTA-1,-0.09834107806026707
CXCR3-,HC,PTC85037_PB,GSM4104143_TACGGTATCACGCATA-1,-0.09834107806026707
CXCR3-,HC,PTC85037_PB,GSM4104143_TACTCATAGAGCCCAA-1,-0.09834107806026707
CXCR3-,HC,PTC85037_PB,GSM4104143_TACTCATTCGAATCCA-1,-0.23283662121629492
CXCR3-,HC,PTC85037_PB,GSM4104143_TACTCGCCATGACATC-1,-0.09834107806026707
CXCR3-,HC,PTC85037_PB,GSM4104143_TACTTACAGTCAAGCG-1,-0.3116232832945006
CXCR3+,HC,PTC85037_PB,GSM4104143_TACTTACGTTCCCGAG-1,0.10867577727284262
CXCR3+,HC,PTC85037_PB,GSM4104143_TAGTTGGAGGACCACA-1,-0.27782978539512587
CXCR3-,HC,PTC85037_PB,GSM4104143_TAGTTGGAGGGAGTAA-1,-0.3117556331591683
CXCR3-,HC,PTC85037_PB,GSM4104143_TATCAGGAGGATATAC-1,0.13196095323281223
CXCR3-,HC,PTC85037_PB,GSM4104143_TCAGCAAAGTGTTTGC-1,-0.3549504070152048
CXCR3-,HC,PTC85037_PB,GSM4104143_TCAGCAACAAGGTTCT-1,-0.09834107806026707
CXCR3-,HC,PTC85037_PB,GSM4104143_TCAGCTCAGGCAGGTT-1,-0.09834107806026707
CXCR3+,HC,PTC85037_PB,GSM4104143_TCATTACGTAGCCTCG-1,-0.09834107806026707
CXCR3-,HC,PTC85037_PB,GSM4104143_TCATTTGTCGAGAGCA-1,-0.2658464069047227
CXCR3-,HC,PTC85037_PB,GSM4104143_TCGAGGCGTTACGTCA-1,0.20870576619282138
CXCR3-,HC,PTC85037_PB,GSM4104143_TCGCGAGGTGGTACAG-1,-0.2707337277633931
CXCR3-,HC,PTC85037_PB,GSM4104143_TCGTAGAGTGCCTGGT-1,-0.23437993943361324
CXCR3-,HC,PTC85037_PB,GSM4104143_TCGTAGAGTTCACGGC-1,-0.09834107806026707
CXCR3-,HC,PTC85037_PB,GSM4104143_TCGTAGATCAGTGCAT-1,0.19674019394523765
CXCR3-,HC,PTC85037_PB,GSM4104143_TCTATTGGTAGCTCCG-1,0.19448931567921132
CXCR3-,HC,PTC85037_PB,GSM4104143_TCTCATATCATGCAAC-1,-0.23173160729482528
CXCR3-,HC,PTC85037_PB,GSM4104143_TGAAAGAAGCACACAG-1,-0.5673497902615309
CXCR3-,HC,PTC85037_PB,GSM4104143_TGAGAGGCAGATCTGT-1,-0.09834107806026707
CXCR3-,HC,PTC85037_PB,GSM4104143_TGAGGGACAGCCTTGG-1,-0.09834107806026707
CXCR3-,HC,PTC85037_PB,GSM4104143_TGCCAAACACAGACAG-1,-0.09834107806026707
CXCR3-,HC,PTC85037_PB,GSM4104143_TGCCAAAGTAGCTGCC-1,-0.09834107806026707
CXCR3-,HC,PTC85037_PB,GSM4104143_TGCGTGGAGTGCGATG-1,-0.3373155772554594
CXCR3-,HC,PTC85037_PB,GSM4104143_TGCTACCGTGGTCCGT-1,0.1973607178653069
CXCR3-,HC,PTC85037_PB,GSM4104143_TGGCCAGAGTGAAGTT-1,-0.2052772585041953
CXCR3-,HC,PTC85037_PB,GSM4104143_TGGCGCAAGATGGCGT-1,-0.03849416233919034
CXCR3-,HC,PTC85037_PB,GSM4104143_TGGGCGTAGTGCGTGA-1,-0.09834107806026707
CXCR3-,HC,PTC85037_PB,GSM4104143_TGGTTCCAGGACAGAA-1,0.24326114728633288
CXCR3-,HC,PTC85037_PB,GSM4104143_TGGTTCCTCCGTTGCT-1,-0.09834107806026707
CXCR3-,HC,PTC85037_PB,GSM4104143_TGTATTCGTACCTACA-1,-0.23374466366957108
CXCR3-,HC,PTC85037_PB,GSM4104143_TGTCCCAAGCGTAGTG-1,-0.09834107806026707
CXCR3+,HC,PTC85037_PB,GSM4104143_TTAGGACCAAGCTGGA-1,-0.09834107806026707
CXCR3-,HC,PTC85037_PB,GSM4104143_TTAGTTCTCGTAGGAG-1,-0.09834107806026707
CXCR3-,HC,PTC85037_PB,GSM4104143_TTATGCTTCGCCAGCA-1,-0.2380364171620477
CXCR3-,HC,PTC85037_PB,GSM4104143_TTCCCAGGTGGAAAGA-1,-0.09834107806026707
CXCR3-,HC,PTC85037_PB,GSM4104143_TTCGGTCTCACGAAGG-1,-0.053307942177915284
CXCR3-,HC,PTC85037_PB,GSM4104143_TTCGGTCTCGTTGCCT-1,-0.09834107806026707
CXCR3-,HC,PTC85037_PB,GSM4104143_TTCTCAACAGGCTGAA-1,-0.29337263631082555
CXCR3-,HC,PTC85037_PB,GSM4104143_TTCTCCTTCCTTTACA-1,-0.3694658226992114
CXCR3+,HC,PTC85037_PB,GSM4104143_TTCTTAGTCTCGTATT-1,-1.3190691345347854
CXCR3-,HC,PTC85037_PB,GSM4104143_TTGAACGTCCGGCACA-1,-0.09834107806026707
CXCR3-,HC,PTC85037_PB,GSM4104143_TTGACTTCAAGGGTCA-1,-0.3706278069642755
CXCR3-,HC,PTC85037_PB,GSM4104143_TTGCCGTCAATAACGA-1,-0.09834107806026707
CXCR3-,HC,PTC85037_PB,GSM4104143_TTTGTCACACTGAAGG-1,-0.09834107806026707
