cxcr3_group,condition,patient,cell_id,zinc_signature
CXCR3-,HC,PB_2,AAACCTGCAAAGGAAG-1,-0.29997119987097626
CXCR3-,HC,PB_2,AAACCTGCAAGACACG-1,-0.15771626306963724
CXCR3-,HC,PB_2,AAACGGGAGGGTTCCC-1,-0.29997119987097626
CXCR3-,HC,PB_2,AAACGGGCATACGCCG-1,0.14001344093343837
CXCR3-,HC,PB_2,AAACGGGCATCGACGC-1,-0.1753623680014231
CXCR3-,HC,PB_2,AAACGGGGTGCGCTTG-1,-0.29997119987097626
CXCR3-,HC,PB_2,AAACGGGTCCTCATTA-1,-0.1812826111773231
CXCR3-,HC,PB_2,AAAGATGAGTTGAGTA-1,-0.08183873500377449
CXCR3-,HC,PB_2,AAAGATGCAGATGAGC-1,-0.04609849810963417
CXCR3-,HC,PB_2,AAAGATGCAGTCGATT-1,-0.29997119987097626
CXCR3+,HC,PB_2,AAAGATGCATCACAAC-1,0.012817190964211887
CXCR3-,HC,PB_2,AAAGATGGTAAGCACG-1,-0.09667714011185151
CXCR3-,HC,PB_2,AAAGATGTCAACGAAA-1,-0.10395936418555322
CXCR3-,HC,PB_2,AAAGTAGGTTGCCTCT-1,-0.29997119987097626
CXCR3-,HC,PB_2,AAATGCCAGCGCTTAT-1,0.376173398474724
CXCR3-,HC,PB_2,AAATGCCTCATGCATG-1,0.01504316873024785
CXCR3-,HC,PB_2,AAATGCCTCATGGTCA-1,0.18887072068677271
CXCR3-,HC,PB_2,AACACGTGTCAGATAA-1,0.571727113090612
CXCR3+,HC,PB_2,AACACGTTCATCGATG-1,-0.028236745803105645
CXCR3-,HC,PB_2,AACCATGAGAGCTGCA-1,-0.29997119987097626
CXCR3+,HC,PB_2,AACCGCGAGATGCCAG-1,-0.10019846287947982
CXCR3-,HC,PB_2,AACCGCGAGGCCCTTG-1,-0.11070293034128494
CXCR3-,HC,PB_2,AACCGCGCAACACCCG-1,0.5238122771911996
CXCR3-,HC,PB_2,AACGTTGAGAGTCGGT-1,-0.29997119987097626
CXCR3-,HC,PB_2,AACGTTGAGTGGCACA-1,-0.29997119987097626
CXCR3-,HC,PB_2,AACGTTGGTACGCTGC-1-1,-0.16284313526940047
CXCR3-,HC,PB_2,AACGTTGGTCCATCCT-1,-0.13425232340022572
CXCR3-,HC,PB_2,AACGTTGTCTCAACTT-1,-0.05465830389239086
CXCR3-,HC,PB_2,AACTCAGCATTTGCTT-1,-0.07876728951343318
CXCR3-,HC,PB_2,AACTCAGGTATAAACG-1,0.07318515735151133
CXCR3+,HC,PB_2,AACTCAGGTTTGTTGG-1,0.17854262514509509
CXCR3-,HC,PB_2,AACTCCCAGCGATATA-1,-0.0036368388902463683
CXCR3-,HC,PB_2,AACTCCCTCGTAGATC-1,0.3431137335099554
CXCR3-,HC,PB_2,AACTCTTAGAACTCGG-1,-0.20156042885352002
CXCR3-,HC,PB_2,AACTCTTAGGAGTACC-1,-0.1124018714454121
CXCR3-,HC,PB_2,AACTCTTGTGGTCCGT-1,-0.29997119987097626
CXCR3+,HC,PB_2,AACTGGTAGAACTGTA-1,0.1711721717993808
CXCR3-,HC,PB_2,AACTGGTGTACTCGCG-1,-0.29997119987097626
CXCR3-,HC,PB_2,AACTGGTTCAAGGCTT-1,-0.29997119987097626
CXCR3-,HC,PB_2,AACTGGTTCTTGCAAG-1,0.22468425748396664
CXCR3-,HC,PB_2,AACTTTCAGGAGTTTA-1,-0.088986569473568
CXCR3-,HC,PB_2,AACTTTCTCCGTTGTC-1,0.21686074963492868
CXCR3-,HC,PB_2,AACTTTCTCTCCCTGA-1,-0.10948137001794954
CXCR3+,HC,PB_2,AAGACCTTCCTTGACC-1,-0.029261535629065107
CXCR3-,HC,PB_2,AAGCCGCAGCACCGTC-1,-0.03803328303401772
CXCR3-,HC,PB_2,AAGCCGCAGGGCATGT-1,-0.02293759940274141
CXCR3-,HC,PB_2,AAGCCGCCACATTTCT-1,-0.01006713372793427
CXCR3-,HC,PB_2,AAGCCGCTCAGCATGT-1,-0.005303407128319964
CXCR3-,HC,PB_2,AAGCCGCTCTTAACCT-1,-0.29997119987097626
CXCR3-,HC,PB_2,AAGGAGCAGTGTGAAT-1,-0.29997119987097626
CXCR3+,HC,PB_2,AAGGAGCGTACAGACG-1,-0.09012657924112842
CXCR3-,HC,PB_2,AAGGAGCTCCTCTAGC-1,-0.29997119987097626
CXCR3-,HC,PB_2,AAGGTTCAGGTGTTAA-1,0.08597381850700012
CXCR3-,HC,PB_2,AAGGTTCTCATACGGT-1,-0.29997119987097626
CXCR3-,HC,PB_2,AAGGTTCTCCACTCCA-1,-0.12675696351106927
CXCR3+,HC,PB_2,AAGGTTCTCTTGCATT-1,0.47992412338409046
CXCR3-,HC,PB_2,AAGTCTGAGATCTGCT-1,-0.0828117914272833
CXCR3-,HC,PB_2,AAGTCTGAGTGGGATC-1,0.12481613502158814
CXCR3+,HC,PB_2,AAGTCTGCACCGTTGG-1,0.1492770884390189
CXCR3-,HC,PB_2,AAGTCTGGTCCGAGTC-1,-0.14838385195076587
CXCR3-,HC,PB_2,AATCCAGAGTTGTCGT-1,-0.29997119987097626
CXCR3-,HC,PB_2,AATCCAGCAACACGCC-1,0.27952729823657707
CXCR3-,HC,PB_2,AATCCAGTCCACTGGG-1,-0.04129469181030029
CXCR3-,HC,PB_2,AATCCAGTCTGATACG-1,-0.29997119987097626
CXCR3-,HC,PB_2,AATCGGTTCAAGGTAA-1,0.15315174666085093
CXCR3-,HC,PB_2,ACACCAAAGTGCGATG-1,0.031471120249178704
CXCR3-,HC,PB_2,ACACCAAGTCCTCTTG-1,0.07270162197912376
CXCR3-,HC,PB_2,ACACCAAGTGTTCGAT-1,0.05545653404674446
CXCR3-,HC,PB_2,ACACCAATCGATGAGG-1,-0.014498645861329497
CXCR3-,HC,PB_2,ACACCAATCGTAGGTT-1,0.1381268853296565
CXCR3-,HC,PB_2,ACACCCTGTCTAGGTT-1,0.30265204895730585
CXCR3-,HC,PB_2,ACACCCTTCTCCAACC-1,0.09040531019995442
CXCR3-,HC,PB_2,ACACCGGAGATGTGTA-1,0.08189637710885114
CXCR3-,HC,PB_2,ACACCGGCATTCCTCG-1,0.08804114440171502
CXCR3-,HC,PB_2,ACACCGGGTCGCGAAA-1,-0.009822542824772114
CXCR3+,HC,PB_2,ACACCGGGTGACCAAG-1,0.6996858279353679
CXCR3+,HC,PB_2,ACACTGAAGGGAACGG-1,-0.1776740695017811
CXCR3-,HC,PB_2,ACACTGACAACACCTA-1,0.08808019812279362
CXCR3-,HC,PB_2,ACACTGACAGACGTAG-1,0.5345524801609399
CXCR3-,HC,PB_2,ACACTGACAGCTGGCT-1,-0.29997119987097626
CXCR3-,HC,PB_2,ACACTGAGTAATTGGA-1,-0.29997119987097626
CXCR3-,HC,PB_2,ACAGCCGTCGAACTGT-1,-0.06653869059907583
CXCR3-,HC,PB_2,ACAGCCGTCTTGAGAC-1,-0.03244320236508328
CXCR3-,HC,PB_2,ACATACGGTCCGTGAC-1,0.020816730434644302
CXCR3+,HC,PB_2,ACATACGGTCCTCTTG-1,0.06894416039994337
CXCR3-,HC,PB_2,ACATACGTCCATGAGT-1,-0.02510826174131628
CXCR3+,HC,PB_2,ACATCAGTCTAACCGA-1,-0.19799022429998572
CXCR3-,HC,PB_2,ACATGGTCAGTAGAGC-1,0.20033631699271642
CXCR3-,HC,PB_2,ACATGGTGTCTAAACC-1,-0.0177649573098343
CXCR3-,HC,PB_2,ACCAGTACATGCCACG-1-1,-0.29997119987097626
CXCR3-,HC,PB_2,ACCAGTATCAGGATCT-1,-0.29997119987097626
CXCR3+,HC,PB_2,ACCCACTCAGGGTATG-1,-0.06131798100368544
CXCR3+,HC,PB_2,ACCGTAAAGCGTGAAC-1,0.7141067463589689
CXCR3-,HC,PB_2,ACGAGCCAGATCCTGT-1,-0.05978807338657901
CXCR3-,HC,PB_2,ACGAGCCTCGCTGATA-1,-0.023287708382648455
CXCR3+,HC,PB_2,ACGAGGAGTGAGTATA-1,0.8768703837222446
CXCR3-,HC,PB_2,ACGATACCATATGCTG-1,-0.19275206779161258
CXCR3+,HC,PB_2,ACGATGTAGACCGGAT-1,0.16961233340419393
CXCR3-,HC,PB_2,ACGATGTTCCCAAGTA-1,-0.29997119987097626
CXCR3-,HC,PB_2,ACGCAGCAGCTCCCAG-1,0.3973067359906447
CXCR3-,HC,PB_2,ACGCAGCAGGGTATCG-1,-0.051260033039178865
CXCR3-,HC,PB_2,ACGCAGCTCCATGAGT-1,0.01719536018157584
CXCR3-,HC,PB_2,ACGCCAGAGCAGCCTC-1,0.20806263339737469
CXCR3-,HC,PB_2,ACGCCAGGTTGGAGGT-1,-0.29997119987097626
CXCR3+,HC,PB_2,ACGCCAGTCCACGTTC-1,0.17476742677911322
CXCR3-,HC,PB_2,ACGCCGAGTCCATGAT-1,-0.20431058115355577
CXCR3+,HC,PB_2,ACGGAGAGTAAGGGAA-1,0.35369136702327325
CXCR3-,HC,PB_2,ACGGCCAAGCGATATA-1,0.20503947046766843
CXCR3-,HC,PB_2,ACGGCCAGTGTGCGTC-1,-0.0920554109620058
CXCR3-,HC,PB_2,ACGGCCATCCAGATCA-1,-0.016290364575106023
CXCR3-,HC,PB_2,ACGGGCTCACTATCTT-1,-0.20374331246699745
CXCR3-,HC,PB_2,ACGGGCTCAGGGAGAG-1,0.02950329599674823
CXCR3-,HC,PB_2,ACGGGCTTCAACACGT-1,-0.29997119987097626
CXCR3-,HC,PB_2,ACGGGTCCATCTATGG-1,0.8074961012980854
CXCR3-,HC,PB_2,ACTATCTAGAACTCGG-1,-0.018820526511241494
CXCR3-,HC,PB_2,ACTATCTAGCAAATCA-1,0.9584979850172983
CXCR3-,HC,PB_2,ACTATCTGTTCCAACA-1,0.326601951135237
CXCR3-,HC,PB_2,ACTGAACGTAGAAGGA-1,-0.29997119987097626
CXCR3-,HC,PB_2,ACTGAACGTCCGAGTC-1,-0.29997119987097626
CXCR3+,HC,PB_2,ACTGAACGTTACAGAA-1,0.007038158136768684
CXCR3-,HC,PB_2,ACTGAGTAGTACGACG-1,-0.0016516254083636741
CXCR3-,HC,PB_2,ACTGAGTAGTTAACGA-1,0.19514652087163262
CXCR3-,HC,PB_2,ACTGAGTCACAACGCC-1,0.043798690963237234
CXCR3-,HC,PB_2,ACTGAGTCACCGCTAG-1,-0.29997119987097626
CXCR3-,HC,PB_2,ACTGAGTGTATATGGA-1,-0.20922727309989084
CXCR3+,HC,PB_2,ACTGATGAGAGTTGGC-1,-0.003543120467928532
CXCR3-,HC,PB_2,ACTGATGAGTTATCGC-1,0.19271941689999364
CXCR3-,HC,PB_2,ACTGCTCAGAAGAAGC-1,0.053752820298071366
CXCR3-,HC,PB_2,ACTGCTCAGTTCGCAT-1,0.43108812206474173
CXCR3-,HC,PB_2,ACTGCTCGTCGCATAT-1,-0.29997119987097626
CXCR3-,HC,PB_2,ACTGTCCAGAGCAATT-1,-0.29997119987097626
CXCR3-,HC,PB_2,ACTGTCCAGCCTATGT-1,-0.04614642297273098
CXCR3-,HC,PB_2,ACTTACTGTTGCTCCT-1,0.48555801189102166
CXCR3-,HC,PB_2,ACTTGTTTCTGTACGA-1,-0.170839654152394
CXCR3-,HC,PB_2,ACTTTCACAGTTCCCT-1,0.054627747696913156
CXCR3-,HC,PB_2,AGAATAGCAACAACCT-1,0.128983712533026
CXCR3+,HC,PB_2,AGACGTTTCCGTAGTA-1,-0.0975630608461845
CXCR3+,HC,PB_2,AGACGTTTCTGATTCT-1,-0.12514550589322074
CXCR3-,HC,PB_2,AGAGCGAAGAGATGAG-1,-0.1839616871711389
CXCR3-,HC,PB_2,AGAGCGAAGTGAAGAG-1,-0.29997119987097626
CXCR3-,HC,PB_2,AGAGCGAGTCCAGTAT-1,0.03693935425222431
CXCR3-,HC,PB_2,AGAGCTTCAGCTTCGG-1,-0.1008544544882759
CXCR3-,HC,PB_2,AGAGCTTGTAAAGGAG-1,-0.29997119987097626
CXCR3+,HC,PB_2,AGAGCTTTCGGCTACG-1,0.18780130109163254
CXCR3-,HC,PB_2,AGAGTGGAGCCGATTT-1,-0.15341505128995175
CXCR3-,HC,PB_2,AGAGTGGCAAAGTCAA-1,-0.0669123387922161
CXCR3-,HC,PB_2,AGAGTGGCACAAGCCC-1,-0.0010328598152371526
CXCR3-,HC,PB_2,AGATCTGTCTTGCATT-1,0.1807149292110899
CXCR3-,HC,PB_2,AGATTGCGTCTAACGT-1,-0.11953945055297009
CXCR3-,HC,PB_2,AGATTGCGTTCACGGC-1,-0.29997119987097626
CXCR3-,HC,PB_2,AGATTGCTCCGCGCAA-1,-0.29997119987097626
CXCR3+,HC,PB_2,AGCAGCCAGATCCCGC-1,-0.14806136869567205
CXCR3+,HC,PB_2,AGCAGCCCATCGTCGG-1,0.09034013917101769
CXCR3-,HC,PB_2,AGCAGCCTCAAGAAGT-1,-0.07708265485143949
CXCR3-,HC,PB_2,AGCATACAGTGTGAAT-1,-0.29997119987097626
CXCR3-,HC,PB_2,AGCATACTCACGACTA-1,-0.19472370460378577
CXCR3-,HC,PB_2,AGCATACTCCTTAATC-1,0.36633649306764343
CXCR3+,HC,PB_2,AGCCTAAGTCTCCCTA-1,0.6217335925380579
CXCR3+,HC,PB_2,AGCGGTCAGCCTTGAT-1,0.49130163890090855
CXCR3+,HC,PB_2,AGCTCTCTCGTGGACC-1,-0.2118235963793364
CXCR3-,HC,PB_2,AGCTTGAAGCGCCTCA-1,0.11147573422164268
CXCR3-,HC,PB_2,AGCTTGAAGGCTACGA-1,-0.29997119987097626
CXCR3-,HC,PB_2,AGCTTGAAGTGCTGCC-1,-0.29997119987097626
CXCR3+,HC,PB_2,AGCTTGAGTATAGGTA-1,0.40575870377420137
CXCR3-,HC,PB_2,AGGCCACAGTCTCAAC-1,-0.29997119987097626
CXCR3-,HC,PB_2,AGGCCACCATGCCTTC-1,-0.29997119987097626
CXCR3-,HC,PB_2,AGGGAGTTCGTAGGAG-1,-0.146401970884213
CXCR3+,HC,PB_2,AGGGATGAGAGTACCG-1,-0.08166473347484574
CXCR3-,HC,PB_2,AGGGTGAGTAGCGCAA-1,-0.29997119987097626
CXCR3-,HC,PB_2,AGGGTGAGTTCCAACA-1,-0.17066349794824381
CXCR3-,HC,PB_2,AGGTCATCAAGCCGTC-1,-0.1773373959856252
CXCR3-,HC,PB_2,AGGTCATCACCATGTA-1,0.4188852497050819
CXCR3-,HC,PB_2,AGGTCATCAGATTGCT-1,0.12393518434051932
CXCR3-,HC,PB_2,AGGTCATGTAAGAGGA-1,0.023215940883439454
CXCR3-,HC,PB_2,AGGTCCGAGATCGGGT-1,0.1552052638060669
CXCR3-,HC,PB_2,AGGTCCGGTATAGTAG-1,-0.05274256238292041
CXCR3-,HC,PB_2,AGGTCCGGTCAGGACA-1,-0.14895371668517646
CXCR3-,HC,PB_2,AGTAGTCCATCGATTG-1,-0.0703999421695165
CXCR3-,HC,PB_2,AGTAGTCGTGACGCCT-1,-0.29997119987097626
CXCR3-,HC,PB_2,AGTAGTCTCGTTACGA-1,0.020612405866955102
CXCR3+,HC,PB_2,AGTCTTTCAATCCAAC-1,0.01190648796038837
CXCR3-,HC,PB_2,AGTCTTTTCAGTCAGT-1,-0.29997119987097626
CXCR3-,HC,PB_2,AGTGAGGGTCTTGCGG-1,0.0965268197017273
CXCR3-,HC,PB_2,AGTGAGGTCCGCGTTT-1,-0.29997119987097626
CXCR3-,HC,PB_2,AGTGGGACACGAAATA-1,-0.05407415553892432
CXCR3-,HC,PB_2,AGTGGGATCGGAATCT-1,-0.040236034864125254
CXCR3-,HC,PB_2,AGTGTCAAGGGCTCTC-1,-0.29997119987097626
CXCR3-,HC,PB_2,AGTGTCACACAACTGT-1,0.08685020264062546
CXCR3-,HC,PB_2,AGTGTCATCATACGGT-1,-0.29997119987097626
CXCR3-,HC,PB_2,AGTTGGTTCGATCCCT-1,-0.29997119987097626
CXCR3-,HC,PB_2,AGTTGGTTCTACTCAT-1,-0.020117381717669924
CXCR3-,HC,PB_2,ATAACGCAGGCTAGAC-1,0.2701881725316753
CXCR3-,HC,PB_2,ATAACGCGTAGCTTGT-1,0.01632936748857767
CXCR3-,HC,PB_2,ATAACGCTCAGCTCGG-1,-0.07982180780858675
CXCR3+,HC,PB_2,ATAACGCTCTCCAGGG-1,-0.29997119987097626
CXCR3-,HC,PB_2,ATAAGAGAGGCATGGT-1,-0.18509871947798154
CXCR3-,HC,PB_2,ATAAGAGGTACATGTC-1,0.1826632024249499
CXCR3-,HC,PB_2,ATAAGAGGTGATAAGT-1,-0.29997119987097626
CXCR3-,HC,PB_2,ATCACGAAGATCGATA-1,-0.29997119987097626
CXCR3-,HC,PB_2,ATCACGACAGTCCTTC-1,-0.29997119987097626
CXCR3+,HC,PB_2,ATCACGACATGAACCT-1,0.05275423192062985
CXCR3-,HC,PB_2,ATCACGAGTACGCACC-1,-0.14018693484474762
CXCR3-,HC,PB_2,ATCATCTCATGACGGA-1,-0.29997119987097626
CXCR3-,HC,PB_2,ATCATCTGTCTGATCA-1,0.3496573046976633
CXCR3+,HC,PB_2,ATCATCTGTGCGATAG-1,0.021743728872424158
CXCR3+,HC,PB_2,ATCATCTTCAGTTAGC-1,0.17028303637416028
CXCR3-,HC,PB_2,ATCATGGGTCTCCACT-1,-0.08651651181565377
CXCR3-,HC,PB_2,ATCATGGTCATAGCAC-1,0.2842562707761164
CXCR3-,HC,PB_2,ATCATGGTCGATCCCT-1,-0.079439979505506
CXCR3-,HC,PB_2,ATCCACCCAAAGGAAG-1,0.07419565856783099
CXCR3-,HC,PB_2,ATCCACCCAACTTGAC-1,0.2871747984898777
CXCR3-,HC,PB_2,ATCCACCCACTGAAGG-1,0.11799500067418253
CXCR3-,HC,PB_2,ATCCACCGTGTTGGGA-1,0.47203984180027103
CXCR3-,HC,PB_2,ATCCACCGTTCAGCGC-1-1,-0.29997119987097626
CXCR3-,HC,PB_2,ATCCGAAAGTGTACTC-1,-0.03209823201209223
CXCR3-,HC,PB_2,ATCCGAACAGTCTTCC-1,-0.10382876942307027
CXCR3-,HC,PB_2,ATCCGAAGTATATCCG-1,-0.29997119987097626
CXCR3-,HC,PB_2,ATCCGAAGTATATGAG-1,0.13919181438862283
CXCR3+,HC,PB_2,ATCCGAAGTTATTCTC-1,0.11490398839869671
CXCR3+,HC,PB_2,ATCCGAAGTTCAGCGC-1,-0.29997119987097626
CXCR3-,HC,PB_2,ATCGAGTGTACAGTGG-1,0.006582855375908826
CXCR3+,HC,PB_2,ATCTACTGTATCACCA-1,-0.29997119987097626
CXCR3-,HC,PB_2,ATCTACTGTGATGTCT-1,-0.13025862075949232
CXCR3-,HC,PB_2,ATCTACTTCATCTGTT-1,-0.061901245057979684
CXCR3+,HC,PB_2,ATCTGCCAGAAGCCCA-1,-0.29997119987097626
CXCR3-,HC,PB_2,ATCTGCCGTCTGGAGA-1,-0.047902303003694434
CXCR3-,HC,PB_2,ATCTGCCGTCTTTCAT-1,0.4583474523732099
CXCR3+,HC,PB_2,ATCTGCCTCTGAGGGA-1,0.012333020538530057
CXCR3-,HC,PB_2,ATGAGGGCAAGACGTG-1,-0.29997119987097626
CXCR3-,HC,PB_2,ATGAGGGGTATGAATG-1,-0.29997119987097626
CXCR3-,HC,PB_2,ATGCGATCAAATACAG-1,0.26195784600976146
CXCR3-,HC,PB_2,ATGCGATCATCCTTGC-1,-0.02106777944722186
CXCR3-,HC,PB_2,ATGCGATTCAGTCCCT-1,0.20261535662384622
CXCR3-,HC,PB_2,ATGGGAGGTAAGGATT-1,0.04084460724347002
CXCR3-,HC,PB_2,ATGTGTGAGCGAGAAA-1,0.3248544192816557
CXCR3-,HC,PB_2,ATGTGTGGTTACGTCA-1,-0.12967757919009731
CXCR3-,HC,PB_2,ATGTGTGGTTTAAGCC-1,-0.29997119987097626
CXCR3-,HC,PB_2,ATTACTCCACTACAGT-1,0.2577485005722146
CXCR3-,HC,PB_2,ATTACTCCAGAGTGTG-1,-0.29997119987097626
CXCR3-,HC,PB_2,ATTATCCAGTGTGAAT-1,0.565549798744286
CXCR3-,HC,PB_2,ATTATCCAGTTAGGTA-1,0.7739296593557345
CXCR3-,HC,PB_2,ATTATCCGTATATCCG-1,0.01505815315085993
CXCR3-,HC,PB_2,ATTATCCGTCTTCTCG-1,0.10846282558403149
CXCR3-,HC,PB_2,ATTATCCTCCGGGTGT-1,-0.29997119987097626
CXCR3+,HC,PB_2,ATTCTACGTAGGGTAC-1,-0.1288476132170304
CXCR3-,HC,PB_2,ATTGGACCATACCATG-1,-0.17419663117285417
CXCR3-,HC,PB_2,ATTGGACTCGGAAACG-1,0.1617163181029057
CXCR3-,HC,PB_2,ATTGGACTCTGGAGCC-1,-0.29997119987097626
CXCR3-,HC,PB_2,ATTGGTGCAGCGTAAG-1,-0.02096505160660129
CXCR3-,HC,PB_2,ATTGGTGTCGTCGTTC-1,0.4205682692584131
CXCR3+,HC,PB_2,ATTTCTGAGACCCACC-1,-0.29997119987097626
CXCR3-,HC,PB_2,ATTTCTGGTACACCGC-1,-0.29997119987097626
CXCR3-,HC,PB_2,ATTTCTGGTCTTCTCG-1,-0.29997119987097626
CXCR3-,HC,PB_2,ATTTCTGGTGGCCCTA-1,0.034896779934641166
CXCR3-,HC,PB_2,CAACCAAAGCTAACTC-1,0.0016345902362365297
CXCR3-,HC,PB_2,CAACCAAGTAGCAAAT-1,-0.29997119987097626
CXCR3-,HC,PB_2,CAACCAAGTTGGTTTG-1,-0.29997119987097626
CXCR3-,HC,PB_2,CAACCAATCACTTATC-1,-0.12369111171562222
CXCR3-,HC,PB_2,CAACCAATCCGCAGTG-1,0.3205111638483738
CXCR3-,HC,PB_2,CAACCAATCTTACCGC-1,0.8714519117922563
CXCR3+,HC,PB_2,CAACCTCCAAGTTAAG-1,-0.1302391487602915
CXCR3+,HC,PB_2,CAACCTCCACCCATTC-1,-0.29997119987097626
CXCR3-,HC,PB_2,CAACCTCGTGTAATGA-1,0.15884109114908043
CXCR3-,HC,PB_2,CAACCTCGTTATGCGT-1,-0.29997119987097626
CXCR3-,HC,PB_2,CAACTAGAGCCACCTG-1,-0.29997119987097626
CXCR3-,HC,PB_2,CAACTAGGTAAATGTG-1,0.07579007180876719
CXCR3-,HC,PB_2,CAACTAGGTACGACCC-1,-0.18285823055888878
CXCR3-,HC,PB_2,CAAGAAAAGGTGGGTT-1,0.02607047671824549
CXCR3-,HC,PB_2,CAAGAAATCGGGAGTA-1,-0.17391982097793604
CXCR3-,HC,PB_2,CAAGATCCAATCACAC-1,-0.29997119987097626
CXCR3-,HC,PB_2,CAAGATCTCCAGAGGA-1,0.03860338938853406
CXCR3-,HC,PB_2,CAAGATCTCGTACGGC-1,0.1787108879599506
CXCR3-,HC,PB_2,CAAGGCCAGGCCCTTG-1,0.0023309011303040894
CXCR3-,HC,PB_2,CAAGGCCTCCCTCAGT-1,-0.29997119987097626
CXCR3+,HC,PB_2,CAAGGCCTCTGCAAGT-1,0.14847192326426595
CXCR3+,HC,PB_2,CAAGTTGGTGACCAAG-1,0.11357912369626476
CXCR3-,HC,PB_2,CACAAACAGGACCACA-1,0.2599260949757099
CXCR3+,HC,PB_2,CACAAACGTAATCACC-1,0.02208287551428004
CXCR3-,HC,PB_2,CACAAACGTGAAATCA-1,0.2245206574524257
CXCR3-,HC,PB_2,CACAAACGTGGTCCGT-1,0.002117428933253348
CXCR3+,HC,PB_2,CACACAACACAGGAGT-1,-0.29997119987097626
CXCR3+,HC,PB_2,CACACAACACCCTATC-1,0.2225686874256309
CXCR3-,HC,PB_2,CACACAAGTTCGTGAT-1,-0.050459781195470364
CXCR3-,HC,PB_2,CACACCTCACCCTATC-1,-0.0849119061183101
CXCR3-,HC,PB_2,CACACCTGTTCGTCTC-1,0.505472310793588
CXCR3-,HC,PB_2,CACACTCCAGGGTACA-1,-0.29997119987097626
CXCR3-,HC,PB_2,CACACTCGTTTGTTTC-1,-0.29997119987097626
CXCR3-,HC,PB_2,CACACTCTCAGCCTAA-1,-0.004190623084017663
CXCR3-,HC,PB_2,CACACTCTCGGATGGA-1,0.16769234364181154
CXCR3-,HC,PB_2,CACAGGCAGAACTGTA-1,0.272623663491801
CXCR3-,HC,PB_2,CACAGGCGTGTAATGA-1,-0.29997119987097626
CXCR3-,HC,PB_2,CACAGTAAGAAGAAGC-1,0.055840577040417116
CXCR3-,HC,PB_2,CACAGTAAGACCACGA-1,-0.09258652214206323
CXCR3-,HC,PB_2,CACAGTAGTATAGGTA-1,-0.10614798991929635
CXCR3-,HC,PB_2,CACAGTATCAGGCGAA-1,0.12495961171681147
CXCR3-,HC,PB_2,CACATAGAGATATGCA-1,0.3965041735636944
CXCR3-,HC,PB_2,CACATAGGTCGACTAT-1,-0.29997119987097626
CXCR3-,HC,PB_2,CACATAGGTGCAGACA-1,-0.09359429240798302
CXCR3-,HC,PB_2,CACATTTAGATTACCC-1,-0.29997119987097626
CXCR3-,HC,PB_2,CACATTTCACGAAAGC-1,-0.005843335386550955
CXCR3-,HC,PB_2,CACCACTGTCTCCATC-1,-0.04882379689724232
CXCR3+,HC,PB_2,CACCACTTCTAGAGTC-1,0.10683979367319993
CXCR3+,HC,PB_2,CACCAGGAGCTCTCGG-1,0.05374997958716949
CXCR3-,HC,PB_2,CACCAGGAGCTGCCCA-1,-0.024611628709830774
CXCR3-,HC,PB_2,CACCAGGCATAACCTG-1,-0.028402709616714036
CXCR3-,HC,PB_2,CACCTTGCATATGAGA-1,-0.13254420292240557
CXCR3-,HC,PB_2,CACCTTGGTCCCGACA-1,0.3485679466480356
CXCR3-,HC,PB_2,CACCTTGGTCCGTGAC-1,-0.15496766371019025
CXCR3-,HC,PB_2,CACCTTGTCTGTTTGT-1,0.363737322231304
CXCR3-,HC,PB_2,CACTCCAAGGCTACGA-1,0.32159701071372965
CXCR3+,HC,PB_2,CACTCCAAGGCTCATT-1,0.10276710241425017
CXCR3+,HC,PB_2,CACTCCAGTTAAGATG-1,-0.1891542501963632
CXCR3+,HC,PB_2,CACTCCATCAAACCAC-1-1,0.31524025249379134
CXCR3-,HC,PB_2,CACTCCATCACCGTAA-1,0.7134790243942282
CXCR3-,HC,PB_2,CACTCCATCAGGCGAA-1,-0.29997119987097626
CXCR3-,HC,PB_2,CACTCCATCGAGCCCA-1,-0.10838696578487308
CXCR3-,HC,PB_2,CACTCCATCTTACCGC-1,-0.03875442429792829
CXCR3-,HC,PB_2,CAGAATCAGGTCATCT-1,-0.29997119987097626
CXCR3-,HC,PB_2,CAGAATCTCACATAGC-1,-0.13918022190504217
CXCR3+,HC,PB_2,CAGAGAGTCGCCTGAG-1,0.09906769165225252
CXCR3-,HC,PB_2,CAGATCAAGCTGTTCA-1,-0.185877261981926
CXCR3-,HC,PB_2,CAGATCAAGGGTGTGT-1,-0.29997119987097626
CXCR3-,HC,PB_2,CAGCAGCAGAGCCCAA-1,1.4105843211165952
CXCR3-,HC,PB_2,CAGCAGCAGGGTCTCC-1,-0.07688766294795808
CXCR3-,HC,PB_2,CAGCAGCCACCTCGTT-1,0.23703819881331215
CXCR3-,HC,PB_2,CAGCAGCCATAACCTG-1,-0.03310297513380395
CXCR3-,HC,PB_2,CAGCAGCCATCACGTA-1,-0.29997119987097626
CXCR3-,HC,PB_2,CAGCAGCGTAGAGCTG-1,-0.29997119987097626
CXCR3-,HC,PB_2,CAGCAGCGTCAGAGGT-1,-0.046994763022636984
CXCR3-,HC,PB_2,CAGCAGCTCTCTTATG-1,-0.10746132873541825
CXCR3-,HC,PB_2,CAGCATACAAAGGCGT-1,0.27977239325886977
CXCR3-,HC,PB_2,CAGCATACATATACGC-1,0.1666561512785017
CXCR3-,HC,PB_2,CAGCATAGTCCTAGCG-1,0.08177598100588913
CXCR3-,HC,PB_2,CAGCATAGTGCATCTA-1-1,0.007287015686083175
CXCR3-,HC,PB_2,CAGCATAGTTACCAGT-1,-0.29997119987097626
CXCR3-,HC,PB_2,CAGCATAGTTCGCGAC-1,-0.29997119987097626
CXCR3-,HC,PB_2,CAGCGACAGGGAACGG-1,-0.29997119987097626
CXCR3-,HC,PB_2,CAGCGACCACCGGAAA-1,-0.29997119987097626
CXCR3-,HC,PB_2,CAGCTAACAGGTCCAC-1,-0.17192429506798043
CXCR3-,HC,PB_2,CAGCTGGCACCTATCC-1,-0.29997119987097626
CXCR3-,HC,PB_2,CAGCTGGGTTCGTTGA-1-1,-0.17363131945987426
CXCR3-,HC,PB_2,CAGCTGGTCCCTCTTT-1,-0.29997119987097626
CXCR3-,HC,PB_2,CAGCTGGTCGGCTTGG-1,0.2221590262854707
CXCR3-,HC,PB_2,CAGCTGGTCTCCCTGA-1,-0.027700882699193387
CXCR3-,HC,PB_2,CAGGTGCTCGCTAGCG-1,-0.1891542501963632
CXCR3-,HC,PB_2,CAGTAACCAGTGGAGT-1,-0.29997119987097626
CXCR3-,HC,PB_2,CAGTCCTCACCCATTC-1,0.30151675250614973
CXCR3-,HC,PB_2,CAGTCCTTCCCTTGCA-1,0.4349083749337656
CXCR3+,HC,PB_2,CATATGGAGACTCGGA-1,-0.028349446394139232
CXCR3-,HC,PB_2,CATATGGCACACATGT-1,0.01215001123185601
CXCR3-,HC,PB_2,CATATTCAGGTTACCT-1,-0.008795193641550018
CXCR3-,HC,PB_2,CATATTCCAGGGTACA-1,-0.19003417563475203
CXCR3-,HC,PB_2,CATATTCGTGTGGCTC-1,-0.29997119987097626
CXCR3-,HC,PB_2,CATATTCTCGTGGTCG-1,-0.29997119987097626
CXCR3-,HC,PB_2,CATCAAGAGTACACCT-1,-0.02631367117554448
CXCR3-,HC,PB_2,CATCAAGCAAACTGTC-1,0.008830708479910456
CXCR3-,HC,PB_2,CATCAAGGTCAAACTC-1,-0.014606552725230596
CXCR3-,HC,PB_2,CATCAAGTCGGCCGAT-1,-0.14334386719971556
CXCR3-,HC,PB_2,CATCAAGTCTGGTGTA-1,0.19199247138736847
CXCR3-,HC,PB_2,CATCAGAGTCGCTTTC-1,-0.29997119987097626
CXCR3-,HC,PB_2,CATCAGAGTGCTTCTC-1,-0.035680832452494426
CXCR3+,HC,PB_2,CATCCACAGAGTTGGC-1,-0.1380292380188917
CXCR3-,HC,PB_2,CATCCACAGGGTGTTG-1,-0.29997119987097626
CXCR3-,HC,PB_2,CATCCACCACTTACGA-1,-0.29997119987097626
CXCR3-,HC,PB_2,CATCCACGTCGCGTGT-1,-0.29997119987097626
CXCR3-,HC,PB_2,CATCGAAGTCGACTAT-1,0.07245566451274844
CXCR3-,HC,PB_2,CATCGAATCGCCTGTT-1,-0.1583719839869091
CXCR3-,HC,PB_2,CATCGGGGTTAAAGAC-1,-0.15463456088396585
CXCR3-,HC,PB_2,CATGCCTGTAGCGTAG-1,-0.29997119987097626
CXCR3-,HC,PB_2,CATGCCTTCGCGTAGC-1,0.29677493905338287
CXCR3-,HC,PB_2,CATGGCGCATTGGCGC-1-1,-0.29997119987097626
CXCR3-,HC,PB_2,CATGGCGGTTCCACAA-1,-0.29997119987097626
CXCR3-,HC,PB_2,CATGGCGGTTCCGGCA-1,-0.11518779168796857
CXCR3-,HC,PB_2,CATGGCGTCTGCAGTA-1,0.06582261332785845
CXCR3-,HC,PB_2,CATTATCGTCTCCCTA-1,-0.29997119987097626
CXCR3-,HC,PB_2,CATTATCTCCCTCAGT-1,-0.29997119987097626
CXCR3+,HC,PB_2,CATTCGCAGCAAATCA-1,0.07781784253574557
CXCR3-,HC,PB_2,CATTCGCGTAATTGGA-1,-0.1517055119466819
CXCR3-,HC,PB_2,CATTCGCGTGAACCTT-1,0.053099377776519616
CXCR3+,HC,PB_2,CATTCGCTCCGCATCT-1,-0.11544453581549856
CXCR3-,HC,PB_2,CCAATCCAGATCCGAG-1,-0.29997119987097626
CXCR3-,HC,PB_2,CCAATCCAGTGACATA-1,-0.11119879599901224
CXCR3-,HC,PB_2,CCAATCCCATTTCAGG-1,0.002799737567258947
CXCR3-,HC,PB_2,CCAATCCGTACCAGTT-1,0.5240841039739804
CXCR3+,HC,PB_2,CCACCTATCTCTTGAT-1,0.03504649536299696
CXCR3-,HC,PB_2,CCACGGACACCTCGGA-1,0.40034149320588147
CXCR3-,HC,PB_2,CCACTACAGCCTTGAT-1,-0.18287391232875924
CXCR3-,HC,PB_2,CCACTACAGCGACGTA-1,0.036448564233765045
CXCR3-,HC,PB_2,CCACTACCAGGGTTAG-1,0.03535501472744203
CXCR3+,HC,PB_2,CCACTACCATGAGCGA-1,0.15389715796051992
CXCR3-,HC,PB_2,CCACTACTCTCCTATA-1,-0.29997119987097626
CXCR3-,HC,PB_2,CCAGCGACAAGAGTCG-1,0.28818617393988805
CXCR3-,HC,PB_2,CCAGCGAGTTTGGGCC-1,-0.29997119987097626
CXCR3-,HC,PB_2,CCATGTCAGAATGTTG-1,0.24551423190077878
CXCR3-,HC,PB_2,CCATGTCAGATCCCGC-1,-0.29997119987097626
CXCR3-,HC,PB_2,CCATGTCCACATGGGA-1,-0.04812281122775115
CXCR3-,HC,PB_2,CCATGTCCAGACACTT-1,-0.05419273281584015
CXCR3-,HC,PB_2,CCATGTCCAGCCTATA-1,-0.29997119987097626
CXCR3-,HC,PB_2,CCATGTCCAGTGAGTG-1,-0.05434685713493597
CXCR3-,HC,PB_2,CCATGTCCATCGGTTA-1,0.44080469592464666
CXCR3+,HC,PB_2,CCATGTCGTAAGTTCC-1,0.08558575153086086
CXCR3-,HC,PB_2,CCATGTCGTAGCTGCC-1,-0.09960823236035522
CXCR3-,HC,PB_2,CCATGTCTCACGGTTA-1,0.21085820604590053
CXCR3-,HC,PB_2,CCATGTCTCATGTCTT-1,0.3497252398625329
CXCR3-,HC,PB_2,CCATGTCTCATGTGGT-1,-0.29997119987097626
CXCR3-,HC,PB_2,CCATGTCTCCCAACGG-1,-0.1698539881102897
CXCR3-,HC,PB_2,CCATTCGAGATAGGAG-1,0.6178919911248826
CXCR3-,HC,PB_2,CCATTCGGTATAGTAG-1,0.140555953886269
CXCR3-,HC,PB_2,CCATTCGGTGACGCCT-1,0.04639212825244215
CXCR3-,HC,PB_2,CCCAATCAGCTGATAA-1,-0.29997119987097626
CXCR3-,HC,PB_2,CCCAGTTCACGCATCG-1,-0.29997119987097626
CXCR3-,HC,PB_2,CCCAGTTTCCATGAGT-1,-0.11392776811908085
CXCR3-,HC,PB_2,CCCTCCTCAATACGCT-1,-0.11836052717117089
CXCR3-,HC,PB_2,CCCTCCTCAGCCACCA-1,-0.29997119987097626
CXCR3+,HC,PB_2,CCCTCCTCAGTCCTTC-1,0.1568250820752633
CXCR3-,HC,PB_2,CCCTCCTGTATGCTTG-1,0.12190151941135476
CXCR3-,HC,PB_2,CCCTCCTTCCACGTTC-1,0.16095101435788886
CXCR3-,HC,PB_2,CCCTCCTTCCTCAATT-1,0.11252679272146501
CXCR3-,HC,PB_2,CCGGGATAGGGAACGG-1,-0.07453017646319493
CXCR3-,HC,PB_2,CCGGGATCACATCCGG-1,0.200754360711396
CXCR3-,HC,PB_2,CCGGGATCATACCATG-1,-0.14571757602298563
CXCR3-,HC,PB_2,CCGGGATTCAGCAACT-1,-0.0460316169814674
CXCR3-,HC,PB_2,CCGGGATTCAGGATCT-1,0.1861090966316234
CXCR3-,HC,PB_2,CCGGTAGGTACAAGTA-1,0.12772326521372904
CXCR3+,HC,PB_2,CCGGTAGTCTCCAACC-1,0.3695560496307882
CXCR3-,HC,PB_2,CCGTACTGTAGCACGA-1,-0.07736036068363271
CXCR3-,HC,PB_2,CCGTACTTCGCGCCAA-1,-0.09908532710389736
CXCR3+,HC,PB_2,CCGTGGAGTAGTAGTA-1,0.0884179459987353
CXCR3-,HC,PB_2,CCGTTCATCCGCGTTT-1,-0.018610071147599227
CXCR3-,HC,PB_2,CCTAAAGCAGACTCGC-1,-0.29997119987097626
CXCR3-,HC,PB_2,CCTAAAGTCATTCACT-1,-0.29997119987097626
CXCR3-,HC,PB_2,CCTACACAGTTAGGTA-1,0.19275050208067204
CXCR3-,HC,PB_2,CCTACACCAGAAGCAC-1,-0.16458940231114091
CXCR3-,HC,PB_2,CCTACACTCAGCTCGG-1,-0.29997119987097626
CXCR3-,HC,PB_2,CCTACACTCAGTCAGT-1,-0.29997119987097626
CXCR3-,HC,PB_2,CCTACCATCGGCGCAT-1,-0.29997119987097626
CXCR3+,HC,PB_2,CCTACCATCTAAGCCA-1,-0.13441760178459003
CXCR3-,HC,PB_2,CCTAGCTCAAGCCATT-1,0.019888503800382682
CXCR3-,HC,PB_2,CCTAGCTCATCACGTA-1,0.2556376208230427
CXCR3-,HC,PB_2,CCTATTAAGAAACCTA-1,-0.29997119987097626
CXCR3-,HC,PB_2,CCTATTACATTAGGCT-1,-0.29997119987097626
CXCR3-,HC,PB_2,CCTCAGTAGAATCTCC-1,-0.29997119987097626
CXCR3-,HC,PB_2,CCTCAGTAGCAAATCA-1,-0.29997119987097626
CXCR3-,HC,PB_2,CCTCAGTAGTGCGATG-1,0.2687480388736902
CXCR3-,HC,PB_2,CCTCAGTCACAACGCC-1,-0.29997119987097626
CXCR3-,HC,PB_2,CCTTACGAGTCCTCCT-1,0.24654222214913427
CXCR3-,HC,PB_2,CCTTACGGTCCATCCT-1,-0.004948951573854887
CXCR3-,HC,PB_2,CCTTCCCAGGCCCTTG-1,-0.04649254783543218
CXCR3+,HC,PB_2,CCTTCCCCAAGCTGGA-1,-0.29997119987097626
CXCR3-,HC,PB_2,CCTTCCCGTCATATCG-1,0.42804851924115894
CXCR3+,HC,PB_2,CCTTCCCGTGACAAAT-1,0.12447675842191809
CXCR3-,HC,PB_2,CCTTCCCTCTGCGTAA-1,0.3887698897279443
CXCR3+,HC,PB_2,CCTTCGAAGGATGTAT-1,-0.10771608410765736
CXCR3-,HC,PB_2,CCTTCGAAGTATCGAA-1,-0.29997119987097626
CXCR3-,HC,PB_2,CCTTCGATCTACGAGT-1,0.005027490389871555
CXCR3-,HC,PB_2,CCTTTCTAGACAGAGA-1,0.07376653064623315
CXCR3+,HC,PB_2,CCTTTCTAGCTGCGAA-1,0.25117487723081505
CXCR3-,HC,PB_2,CCTTTCTCATTTGCCC-1,-0.001726487899239729
CXCR3-,HC,PB_2,CCTTTCTGTGTGACGA-1,0.19758398447738998
CXCR3-,HC,PB_2,CCTTTCTTCCGTTGCT-1,-0.21062387652256165
CXCR3-,HC,PB_2,CGAACATCAAGGACAC-1,0.572262459889422
CXCR3-,HC,PB_2,CGAACATGTTACCAGT-1,-0.29997119987097626
CXCR3-,HC,PB_2,CGAACATTCGGAGCAA-1,0.1448927483606606
CXCR3-,HC,PB_2,CGAATGTCATCACGAT-1,0.3137342452501025
CXCR3-,HC,PB_2,CGACCTTAGTGGAGTC-1,-0.29997119987097626
CXCR3-,HC,PB_2,CGACCTTAGTGTACTC-1,0.23854733854527724
CXCR3-,HC,PB_2,CGACCTTGTCTCTCTG-1,-0.29997119987097626
CXCR3-,HC,PB_2,CGACTTCCACCTCGTT-1,0.529474827713963
CXCR3-,HC,PB_2,CGACTTCCATCACAAC-1,0.1910591518595528
CXCR3+,HC,PB_2,CGACTTCTCAGCCTAA-1,-0.29997119987097626
CXCR3-,HC,PB_2,CGACTTCTCTAGCACA-1,-0.29997119987097626
CXCR3-,HC,PB_2,CGAGAAGAGGCATGGT-1,-0.29997119987097626
CXCR3-,HC,PB_2,CGAGCACAGCATGGCA-1,-0.29997119987097626
CXCR3-,HC,PB_2,CGAGCACAGGGCATGT-1,0.08348100630940478
CXCR3+,HC,PB_2,CGAGCACCACCTCGGA-1,0.2281272712436774
CXCR3-,HC,PB_2,CGAGCACCACGAAATA-1,-0.29997119987097626
CXCR3-,HC,PB_2,CGAGCACCAGCTGTGC-1,-0.29997119987097626
CXCR3-,HC,PB_2,CGAGCACTCAAGCCTA-1,-0.29997119987097626
CXCR3-,HC,PB_2,CGAGCCAAGGCCCGTT-1,-0.1748371810747451
CXCR3-,HC,PB_2,CGAGCCACACATGTGT-1,-0.29997119987097626
CXCR3-,HC,PB_2,CGAGCCACAGAGTGTG-1,-0.29997119987097626
CXCR3-,HC,PB_2,CGAGCCATCATCATTC-1,0.09922716906653804
CXCR3-,HC,PB_2,CGATCGGAGATAGTCA-1,-0.29997119987097626
CXCR3-,HC,PB_2,CGATCGGTCAGAGCTT-1,-0.14075865348444822
CXCR3-,HC,PB_2,CGATCGGTCTCAACTT-1,0.3286194579833805
CXCR3+,HC,PB_2,CGATGGCAGGTGATTA-1,-0.0967643294283038
CXCR3-,HC,PB_2,CGATGGCCAGGCAGTA-1,0.4249675327539842
CXCR3-,HC,PB_2,CGATGTAAGGCAGGTT-1,0.07280923118769858
CXCR3-,HC,PB_2,CGATGTAAGTTAACGA-1,-0.14915819657775456
CXCR3-,HC,PB_2,CGATGTAGTCGCTTCT-1,-0.29997119987097626
CXCR3+,HC,PB_2,CGATGTAGTCTCACCT-1-1,-0.29997119987097626
CXCR3-,HC,PB_2,CGATTGAAGAGTCTGG-1,0.2765110040023977
CXCR3-,HC,PB_2,CGATTGACAGCCTTTC-1,-0.11323944616129038
CXCR3+,HC,PB_2,CGATTGAGTGACAAAT-1,0.40861158416472143
CXCR3-,HC,PB_2,CGCCAAGGTTTAAGCC-1,-0.29997119987097626
CXCR3-,HC,PB_2,CGCGGTAGTTCTGTTT-1,-0.29997119987097626
CXCR3-,HC,PB_2,CGCGGTATCACCGGGT-1,-0.29997119987097626
CXCR3-,HC,PB_2,CGCGGTATCGTTGCCT-1,-0.29997119987097626
CXCR3-,HC,PB_2,CGCGTTTCAGTTAACC-1,0.17384475704350325
CXCR3-,HC,PB_2,CGCGTTTCATCGACGC-1,-0.013220147851303784
CXCR3-,HC,PB_2,CGCGTTTGTTACCGAT-1,0.16656858486513856
CXCR3-,HC,PB_2,CGCTATCAGCTGAACG-1,0.36702943937226146
CXCR3-,HC,PB_2,CGCTTCACACCAACCG-1,0.02443868170966477
CXCR3-,HC,PB_2,CGCTTCACAGGACCCT-1,-0.29997119987097626
CXCR3-,HC,PB_2,CGGACACGTGGGTATG-1,0.19650128406527698
CXCR3-,HC,PB_2,CGGACGTCACGCCAGT-1,-0.10011567216793685
CXCR3-,HC,PB_2,CGGACGTTCCCGGATG-1,-0.09799883276307218
CXCR3-,HC,PB_2,CGGAGCTCAGGGTTAG-1,0.10494969513681744
CXCR3-,HC,PB_2,CGGAGCTGTGTGCCTG-1,0.370282678262006
CXCR3-,HC,PB_2,CGGAGTCGTCAGCTAT-1,0.155916665486209
CXCR3-,HC,PB_2,CGGCTAGAGCCTTGAT-1,-0.29997119987097626
CXCR3-,HC,PB_2,CGGGTCACAATGACCT-1,0.44907457818056307
CXCR3+,HC,PB_2,CGGGTCACATGCCACG-1,0.3512497307307091
CXCR3-,HC,PB_2,CGGGTCAGTCTCACCT-1,-0.29997119987097626
CXCR3-,HC,PB_2,CGGTTAAAGAAACCAT-1,0.09592632712314045
CXCR3-,HC,PB_2,CGGTTAAAGACAATAC-1,0.2619584115500479
CXCR3-,HC,PB_2,CGGTTAATCGCGTTTC-1,0.39966601106913363
CXCR3-,HC,PB_2,CGTAGCGAGCAACGGT-1,0.14859533249167528
CXCR3-,HC,PB_2,CGTAGCGAGGCCCTTG-1,-0.29997119987097626
CXCR3-,HC,PB_2,CGTAGCGCAGTGAGTG-1,-0.10591776113425598
CXCR3+,HC,PB_2,CGTAGCGGTCCGACGT-1,-0.20653819531614429
CXCR3-,HC,PB_2,CGTAGCGGTGATGTGG-1,-0.09777991158896482
CXCR3-,HC,PB_2,CGTAGGCGTGTAACGG-1,0.4237159913360395
CXCR3-,HC,PB_2,CGTCACTCAGTGGGAT-1,0.011787051773845949
CXCR3-,HC,PB_2,CGTCACTTCAGGTTCA-1,-0.175829000277673
CXCR3-,HC,PB_2,CGTCAGGCAGACGCTC-1,0.6643619761335816
CXCR3-,HC,PB_2,CGTCAGGGTCCAGTTA-1,0.8182177498982807
CXCR3-,HC,PB_2,CGTCCATAGTGAAGAG-1,-0.04996007072016462
CXCR3-,HC,PB_2,CGTCCATCAACACCCG-1,-0.0961297153711762
CXCR3-,HC,PB_2,CGTCCATCAAGCCCAC-1,-0.10923490569406562
CXCR3-,HC,PB_2,CGTCCATTCATCACCC-1,0.30439041438469067
CXCR3-,HC,PB_2,CGTCCATTCTTTAGTC-1,-0.19207670857991951
CXCR3-,HC,PB_2,CGTGAGCAGCTCCTTC-1,-0.009529815945556694
CXCR3-,HC,PB_2,CGTGAGCGTAAGTGTA-1,-0.29997119987097626
CXCR3-,HC,PB_2,CGTGTAAAGGGAAACA-1,-0.29997119987097626
CXCR3+,HC,PB_2,CGTGTCTAGATCGATA-1,0.2585141797551658
CXCR3-,HC,PB_2,CGTGTCTAGGCTACGA-1,-0.09975883323231624
CXCR3-,HC,PB_2,CGTGTCTCAAACTGCT-1,1.12917209316514
CXCR3-,HC,PB_2,CGTGTCTCAAGCCTAT-1,-0.29997119987097626
CXCR3-,HC,PB_2,CGTGTCTGTAAGTGGC-1,-0.1235698416710154
CXCR3+,HC,PB_2,CGTTAGAAGCAGCCTC-1,0.21914843157043576
CXCR3-,HC,PB_2,CGTTAGACATACGCTA-1,-0.29997119987097626
CXCR3-,HC,PB_2,CGTTAGAGTGGTCCGT-1,0.03749529577717059
CXCR3+,HC,PB_2,CGTTCTGAGTGCGATG-1,0.31564941709419264
CXCR3-,HC,PB_2,CTAACTTAGGCTCATT-1,-0.29997119987097626
CXCR3-,HC,PB_2,CTAACTTCAGGATTGG-1,-0.08271382668681958
CXCR3-,HC,PB_2,CTAACTTCATCGATTG-1,-0.29997119987097626
CXCR3-,HC,PB_2,CTAAGACCAGACAGGT-1,-0.29997119987097626
CXCR3-,HC,PB_2,CTAAGACCATTCTTAC-1,0.6210501602844957
CXCR3-,HC,PB_2,CTAATGGGTTGCGTTA-1,-0.29997119987097626
CXCR3-,HC,PB_2,CTAATGGGTTGCTCCT-1,0.013317068215535506
CXCR3-,HC,PB_2,CTACACCCAAACGTGG-1,-0.29997119987097626
CXCR3-,HC,PB_2,CTACACCGTAGGACAC-1,-0.13035111726974571
CXCR3-,HC,PB_2,CTACACCGTCCAAGTT-1,-0.29997119987097626
CXCR3-,HC,PB_2,CTACACCGTGGTCTCG-1,-0.29997119987097626
CXCR3+,HC,PB_2,CTACACCTCCGCTGTT-1,-0.12132513747548977
CXCR3-,HC,PB_2,CTACATTAGACGCACA-1,-0.03275469578793023
CXCR3-,HC,PB_2,CTACATTAGTTGTCGT-1,0.0901569562515426
CXCR3-,HC,PB_2,CTACATTCAGTAACGG-1,-0.06209969857232623
CXCR3-,HC,PB_2,CTACATTCATTTGCTT-1,-0.202523896635434
CXCR3-,HC,PB_2,CTACATTGTACGACCC-1,-0.08746953638971713
CXCR3-,HC,PB_2,CTACATTGTATGAATG-1,0.06620753962726486
CXCR3+,HC,PB_2,CTACATTTCTAACGGT-1,-0.07826827260542175
CXCR3-,HC,PB_2,CTACCCAAGCGTTGCC-1,-0.29997119987097626
CXCR3-,HC,PB_2,CTACCCAAGGCAAAGA-1,-0.29997119987097626
CXCR3-,HC,PB_2,CTACCCACAGCTCGAC-1,-0.29997119987097626
CXCR3+,HC,PB_2,CTACCCAGTCTTCGTC-1,0.014336246998514974
CXCR3-,HC,PB_2,CTACCCATCCTCCTAG-1,-0.19434792833444395
CXCR3-,HC,PB_2,CTACCCATCTTTAGGG-1,-0.29997119987097626
CXCR3+,HC,PB_2,CTACGTCAGACTTGAA-1,-0.11079958851226654
CXCR3-,HC,PB_2,CTACGTCTCTATGTGG-1,0.17001268364765365
CXCR3+,HC,PB_2,CTAGAGTAGCCGATTT-1,-0.29997119987097626
CXCR3-,HC,PB_2,CTAGAGTAGCGGCTTC-1,0.0701707723832374
CXCR3-,HC,PB_2,CTAGAGTGTACTTAGC-1,0.17246376937953284
CXCR3-,HC,PB_2,CTAGAGTGTTTGGCGC-1,0.08350787397640203
CXCR3-,HC,PB_2,CTAGCCTCATGAAGTA-1,-0.14084911313720133
CXCR3+,HC,PB_2,CTAGCCTTCAGTGTTG-1,0.17500814979568458
CXCR3+,HC,PB_2,CTAGCCTTCTACGAGT-1,0.16046810991882116
CXCR3-,HC,PB_2,CTAGCCTTCTCTGAGA-1,-0.01657820922457698
CXCR3-,HC,PB_2,CTAGTGAGTATAGTAG-1,0.12532205017844178
CXCR3-,HC,PB_2,CTAGTGAGTCGCATCG-1,-0.08792756128753505
CXCR3-,HC,PB_2,CTAGTGAGTTACAGAA-1,-0.0028015653257133432
CXCR3-,HC,PB_2,CTAGTGATCAGCTCGG-1,0.6889993737785451
CXCR3-,HC,PB_2,CTAGTGATCGGACAAG-1,-0.033315678311941384
CXCR3-,HC,PB_2,CTCACACGTTCAACCA-1,-0.02960190858979311
CXCR3-,HC,PB_2,CTCATTACATGCCTAA-1,0.8161935239285107
CXCR3-,HC,PB_2,CTCATTAGTGCTAGCC-1,-0.29997119987097626
CXCR3-,HC,PB_2,CTCCTAGAGGCACATG-1,0.0018898190011243615
CXCR3-,HC,PB_2,CTCCTAGTCAGTCAGT-1,-0.29997119987097626
CXCR3-,HC,PB_2,CTCGAAAAGACAAAGG-1,-0.07314946792691643
CXCR3+,HC,PB_2,CTCGAAAAGATGTGGC-1,-0.12300016655867271
CXCR3+,HC,PB_2,CTCGAAAGTCCGAAGA-1,0.002042992643973388
CXCR3-,HC,PB_2,CTCGAAAGTGCGGTAA-1,0.24940466068216618
CXCR3-,HC,PB_2,CTCGAAATCCGGGTGT-1,0.27095008023929984
CXCR3-,HC,PB_2,CTCGAGGAGCTTCGCG-1,-0.1418164690613372
CXCR3-,HC,PB_2,CTCGAGGCAGCTGCAC-1,-0.29997119987097626
CXCR3-,HC,PB_2,CTCGAGGCATTGGGCC-1,0.46952106963118323
CXCR3-,HC,PB_2,CTCGAGGGTCTACCTC-1,-0.09176876682007962
CXCR3+,HC,PB_2,CTCGGAGCAGCGATCC-1,-0.29997119987097626
CXCR3-,HC,PB_2,CTCGGGAAGACCGGAT-1,-0.29997119987097626
CXCR3-,HC,PB_2,CTCGGGAAGCTAGGCA-1,-0.1642179623629088
CXCR3-,HC,PB_2,CTCGTACAGTACGCGA-1,-0.01640037712835176
CXCR3-,HC,PB_2,CTCGTACCAAACGTGG-1,-0.018204420644811672
CXCR3-,HC,PB_2,CTCGTACGTATGAATG-1,-0.29997119987097626
CXCR3-,HC,PB_2,CTCGTACGTTGATTGC-1,-0.29997119987097626
CXCR3-,HC,PB_2,CTCGTCAGTTCTGAAC-1,0.010633876792592518
CXCR3-,HC,PB_2,CTCGTCATCCCTCAGT-1,0.04205526617212355
CXCR3-,HC,PB_2,CTCGTCATCCCTCTTT-1,-0.20420980995972454
CXCR3-,HC,PB_2,CTCTAATCACTGAAGG-1,-0.29997119987097626
CXCR3+,HC,PB_2,CTCTACGAGAAACGCC-1,0.39644142115528613
CXCR3-,HC,PB_2,CTCTACGCACGTAAGG-1,-0.08558222513283667
CXCR3-,HC,PB_2,CTCTGGTAGGTAGCCA-1,0.25262891921287717
CXCR3-,HC,PB_2,CTCTGGTCAAGGTTTC-1,0.11800368356059411
CXCR3-,HC,PB_2,CTCTGGTCATGCTAGT-1,-0.04590321816344645
CXCR3-,HC,PB_2,CTGAAACCAAGCCTAT-1,-0.03728287702692456
CXCR3+,HC,PB_2,CTGAAACCACGGCTAC-1,0.5093398069584941
CXCR3-,HC,PB_2,CTGAAGTGTAGCCTAT-1,-0.0191163913048088
CXCR3-,HC,PB_2,CTGAAGTTCCGCATCT-1,-0.021496444064517645
CXCR3-,HC,PB_2,CTGATAGAGTTCGATC-1,-0.29997119987097626
CXCR3-,HC,PB_2,CTGATAGTCAGAGGTG-1,-0.0038891140287625908
CXCR3-,HC,PB_2,CTGCCTAGTACAAGTA-1,-0.06463797747621422
CXCR3-,HC,PB_2,CTGCGGAAGGCTATCT-1,-0.0698216250128924
CXCR3-,HC,PB_2,CTGCGGACACGTAAGG-1,-0.29997119987097626
CXCR3-,HC,PB_2,CTGCGGAGTACAGCAG-1,0.2496301682929142
CXCR3-,HC,PB_2,CTGCGGAGTGATGCCC-1,-0.29997119987097626
CXCR3+,HC,PB_2,CTGCGGATCGGATGGA-1,-0.19862180816753366
CXCR3-,HC,PB_2,CTGCTGTAGGGAGTAA-1,0.17600550560781375
CXCR3-,HC,PB_2,CTGCTGTGTCTTGCGG-1,-0.29997119987097626
CXCR3-,HC,PB_2,CTGCTGTGTTCCGTCT-1,0.23662055520984482
CXCR3+,HC,PB_2,CTGCTGTGTTGCGTTA-1,-0.08039398667916839
CXCR3-,HC,PB_2,CTGGTCTCATGCCCGA-1,0.030562568148212264
CXCR3+,HC,PB_2,CTGGTCTGTTCAACCA-1,-0.12362212766182978
CXCR3-,HC,PB_2,CTGGTCTTCGGAGGTA-1,0.2505122343077055
CXCR3-,HC,PB_2,CTGGTCTTCTCAAACG-1,-0.29997119987097626
CXCR3-,HC,PB_2,CTGTGCTAGTGAACAT-1,-0.036839001165488196
CXCR3-,HC,PB_2,CTGTGCTCAAACAACA-1,-0.29997119987097626
CXCR3-,HC,PB_2,CTGTTTACAGGCTCAC-1,-0.1874615773750236
CXCR3-,HC,PB_2,CTGTTTAGTTGGTAAA-1,0.40545623743703596
CXCR3-,HC,PB_2,CTGTTTATCCACGCAG-1,-0.18139557148973826
CXCR3+,HC,PB_2,CTTAACTCAGGACCCT-1,-0.06055047397557
CXCR3-,HC,PB_2,CTTAACTCATTGGGCC-1,0.040805649977814475
CXCR3-,HC,PB_2,CTTACCGCACCACCAG-1,0.24631678015777533
CXCR3-,HC,PB_2,CTTACCGTCCGTAGTA-1,-0.20156042885352002
CXCR3-,HC,PB_2,CTTAGGATCCCACTTG-1,-0.29997119987097626
CXCR3-,HC,PB_2,CTTCTCTAGGCGACAT-1,-0.21422669282846107
CXCR3-,HC,PB_2,CTTGGCTCAGGATCGA-1,-0.29997119987097626
CXCR3-,HC,PB_2,CTTGGCTCATGAACCT-1,-0.29997119987097626
CXCR3-,HC,PB_2,CTTGGCTGTAAACACA-1,0.055220039173411124
CXCR3-,HC,PB_2,CTTGGCTTCGGTTAAC-1,-0.29997119987097626
CXCR3-,HC,PB_2,CTTTGCGAGGTCGGAT-1,-0.29997119987097626
CXCR3-,HC,PB_2,CTTTGCGAGTGTGAAT-1,-0.04790384179507652
CXCR3-,HC,PB_2,CTTTGCGGTACGACCC-1,0.5375963102533762
CXCR3-,HC,PB_2,CTTTGCGGTCTCACCT-1,-0.29997119987097626
CXCR3-,HC,PB_2,GAAACTCAGCCCAGCT-1,-0.29997119987097626
CXCR3-,HC,PB_2,GAAACTCAGTTGTCGT-1,-0.29997119987097626
CXCR3+,HC,PB_2,GAAACTCCATGGGACA-1,-0.07345201072472911
CXCR3+,HC,PB_2,GAAATGAAGTACGCGA-1,0.042795875526957614
CXCR3+,HC,PB_2,GAAATGACATGCAATC-1,-0.2082270152764049
CXCR3-,HC,PB_2,GAAATGAGTACCGCTG-1,0.001601134968619736
CXCR3-,HC,PB_2,GAAATGATCTTGCAAG-1,-0.29997119987097626
CXCR3-,HC,PB_2,GAACATCGTAAGTGGC-1,-0.13893579447639698
CXCR3+,HC,PB_2,GAACCTAAGCTTCGCG-1,-0.15352786018260645
CXCR3-,HC,PB_2,GAACCTACAGTTTACG-1,-0.29997119987097626
CXCR3-,HC,PB_2,GAACCTACATCCGTGG-1,0.5101993393694509
CXCR3+,HC,PB_2,GAACCTAGTACTTCTT-1,0.10813866566974058
CXCR3-,HC,PB_2,GAATAAGCACGTCTCT-1,-0.003217256191733218
CXCR3-,HC,PB_2,GAATAAGGTGACTCAT-1,-0.29997119987097626
CXCR3-,HC,PB_2,GACAGAGCACTAAGTC-1,-0.29997119987097626
CXCR3+,HC,PB_2,GACAGAGGTAGCAAAT-1,-0.034439495667454835
CXCR3-,HC,PB_2,GACAGAGGTGATGATA-1,-0.1453151881334425
CXCR3+,HC,PB_2,GACAGAGTCACCTTAT-1,0.02368276894100597
CXCR3-,HC,PB_2,GACCAATAGTGTGGCA-1,-0.29997119987097626
CXCR3-,HC,PB_2,GACCAATGTTGATTCG-1,0.15201000867461928
CXCR3+,HC,PB_2,GACCTGGAGTGTCTCA-1,0.003502937086153473
CXCR3-,HC,PB_2,GACCTGGTCCCTTGCA-1,-0.29997119987097626
CXCR3+,HC,PB_2,GACGCGTCAACCGCCA-1,-0.09096777284698958
CXCR3-,HC,PB_2,GACGCGTCAACGCACC-1,0.12361608360904132
CXCR3-,HC,PB_2,GACGCGTGTAAAGTCA-1,-0.29997119987097626
CXCR3-,HC,PB_2,GACGGCTAGGCGCTCT-1,0.2365391107801138
CXCR3-,HC,PB_2,GACGGCTCACAGATTC-1,-0.17161603068435127
CXCR3+,HC,PB_2,GACGGCTCAGGTGCCT-1,0.2844593436795578
CXCR3-,HC,PB_2,GACGGCTTCAACGCTA-1,0.15993758056827603
CXCR3-,HC,PB_2,GACGTGCCAAGTCTAC-1,-0.07639818140639561
CXCR3-,HC,PB_2,GACGTTACAGATTGCT-1,0.1291645648546384
CXCR3-,HC,PB_2,GACGTTAGTCGATTGT-1,-0.10508359777387023
CXCR3-,HC,PB_2,GACTAACAGGACCACA-1,-0.1342901234644875
CXCR3-,HC,PB_2,GACTAACAGTCCGTAT-1,-0.29997119987097626
CXCR3-,HC,PB_2,GACTAACCACGTGAGA-1,-0.29997119987097626
CXCR3-,HC,PB_2,GACTAACGTCGAGTTT-1-1,0.31482432483159145
CXCR3+,HC,PB_2,GACTACAAGGCAGGTT-1,-0.1787294204520812
CXCR3+,HC,PB_2,GACTACATCCGCAGTG-1,0.13975690281076614
CXCR3-,HC,PB_2,GACTACATCTCTTATG-1,0.002499074627613102
CXCR3-,HC,PB_2,GACTGCGAGTGATCGG-1,0.02362750049328028
CXCR3-,HC,PB_2,GAGCAGACAGGGAGAG-1,0.2388652811784689
CXCR3-,HC,PB_2,GAGCAGAGTAGCCTCG-1,-0.29997119987097626
CXCR3-,HC,PB_2,GAGCAGAGTAGCTCCG-1,-0.29997119987097626
CXCR3+,HC,PB_2,GAGCAGAGTATATGGA-1,0.43012445803460303
CXCR3-,HC,PB_2,GAGGTGAAGTCCCACG-1,-0.29997119987097626
CXCR3-,HC,PB_2,GAGGTGACACAGCGTC-1,0.09453968476086237
CXCR3-,HC,PB_2,GAGGTGAGTAAGTTCC-1,0.49477987513071703
CXCR3+,HC,PB_2,GAGTCCGGTTATCCGA-1,0.1221212836217175
CXCR3-,HC,PB_2,GAGTCCGTCCGCATCT-1,-0.29997119987097626
CXCR3-,HC,PB_2,GATCAGTAGTATTGGA-1,-0.11413018247703778
CXCR3-,HC,PB_2,GATCGATGTTTAGGAA-1,-0.29997119987097626
CXCR3-,HC,PB_2,GATCGATTCTCGAGTA-1,-0.29997119987097626
CXCR3-,HC,PB_2,GATCGCGTCATCGATG-1,-0.15183318079482824
CXCR3-,HC,PB_2,GATCGTACACGCATCG-1,0.0022440923509043286
CXCR3-,HC,PB_2,GATCGTACATGGATGG-1,0.3102980555726805
CXCR3-,HC,PB_2,GATCGTAGTTACGGAG-1,0.7321682724535103
CXCR3-,HC,PB_2,GATCTAGTCGTACCGG-1,0.23743228665039948
CXCR3-,HC,PB_2,GATGAAAAGTAGCGGT-1,-0.011358019507751952
CXCR3-,HC,PB_2,GATGAAAAGTGCGTGA-1,0.15539251377597865
CXCR3-,HC,PB_2,GATGAAACATGTAGTC-1,-0.019941840715085823
CXCR3-,HC,PB_2,GATGCTACAAGCTGGA-1,0.42858306839025906
CXCR3+,HC,PB_2,GATGCTACATGAACCT-1,-0.29997119987097626
CXCR3-,HC,PB_2,GATGCTAGTTTGTGTG-1,0.010005311886468452
CXCR3-,HC,PB_2,GATGCTATCAAACCAC-1,-0.29997119987097626
CXCR3-,HC,PB_2,GATTCAGAGTCAATAG-1,0.16328186945227569
CXCR3-,HC,PB_2,GATTCAGCATACTCTT-1,-0.00986220672539386
CXCR3-,HC,PB_2,GCAAACTAGATATGCA-1,0.21894443376072245
CXCR3+,HC,PB_2,GCAAACTAGGGTCGAT-1,-0.015781428950470574
CXCR3-,HC,PB_2,GCAAACTCATATACCG-1,-0.29997119987097626
CXCR3-,HC,PB_2,GCAATCAAGCTGCGAA-1,-0.29997119987097626
CXCR3-,HC,PB_2,GCACATAGTCATATGC-1,-0.29997119987097626
CXCR3-,HC,PB_2,GCACATAGTGCTCTTC-1,-0.0819342365790411
CXCR3-,HC,PB_2,GCACTCTAGGGCACTA-1,-0.29997119987097626
CXCR3+,HC,PB_2,GCACTCTGTTCAACCA-1,0.9085522881431124
CXCR3-,HC,PB_2,GCACTCTGTTGACGTT-1,-0.29997119987097626
CXCR3-,HC,PB_2,GCAGCCAAGATGCCAG-1,0.07541485430962576
CXCR3-,HC,PB_2,GCAGCCAGTCTCACCT-1,-0.29997119987097626
CXCR3-,HC,PB_2,GCAGCCATCGACGGAA-1,-0.29997119987097626
CXCR3-,HC,PB_2,GCAGTTACAAGTAGTA-1,0.017915309362849612
CXCR3-,HC,PB_2,GCAGTTATCCTCCTAG-1,-0.16015938664673018
CXCR3-,HC,PB_2,GCATGATTCATGTAGC-1,-0.03075803774841895
CXCR3-,HC,PB_2,GCATGCGGTTGTGGCC-1,-0.29997119987097626
CXCR3-,HC,PB_2,GCATGCGTCCTTGACC-1,-0.011802396143979496
CXCR3-,HC,PB_2,GCATGTACACATCCGG-1,0.03166697641601728
CXCR3+,HC,PB_2,GCATGTACAGTCACTA-1,-0.08191427527868067
CXCR3-,HC,PB_2,GCATGTAGTGGTCCGT-1,-0.164388765276831
CXCR3-,HC,PB_2,GCCTCTAAGCTGCGAA-1,-0.29997119987097626
CXCR3-,HC,PB_2,GCCTCTACATGATCCA-1,-0.09324934726734495
CXCR3-,HC,PB_2,GCCTCTATCGACCAGC-1,0.20536017863329986
CXCR3-,HC,PB_2,GCGACCAGTTACGTCA-1,0.03226052883043803
CXCR3-,HC,PB_2,GCGAGAACACCCAGTG-1,-0.29997119987097626
CXCR3-,HC,PB_2,GCGCAACGTCAATACC-1,0.38406900760808504
CXCR3-,HC,PB_2,GCGCAACTCCAGTATG-1,0.07099878450548774
CXCR3-,HC,PB_2,GCGCAGTAGCCAGTAG-1,-0.13548552827510277
CXCR3+,HC,PB_2,GCGCAGTGTATGAAAC-1,0.38610978032289855
CXCR3-,HC,PB_2,GCGCCAACAAAGTCAA-1,-0.29997119987097626
CXCR3+,HC,PB_2,GCGCCAAGTAAACGCG-1,-0.29997119987097626
CXCR3-,HC,PB_2,GCGCCAATCACTATTC-1,0.29593674179114604
CXCR3-,HC,PB_2,GCGCGATAGACCCACC-1,-0.044627342753917325
CXCR3-,HC,PB_2,GCGCGATCAAACCTAC-1,0.22111334617877174
CXCR3-,HC,PB_2,GCGCGATTCCATGCTC-1,0.12636197799992988
CXCR3+,HC,PB_2,GCGGGTTCAGACGTAG-1,0.437705083938437
CXCR3-,HC,PB_2,GCGGGTTCAGCGTTCG-1,0.37691763311766247
CXCR3-,HC,PB_2,GCTCCTACAAACAACA-1,-0.14521530950324513
CXCR3-,HC,PB_2,GCTCCTAGTTGTGGAG-1,-0.29997119987097626
CXCR3-,HC,PB_2,GCTCCTATCAGCGACC-1,0.04013496105860929
CXCR3-,HC,PB_2,GCTCTGTAGATGTTAG-1,0.015784269502994417
CXCR3-,HC,PB_2,GCTCTGTCAGTTTACG-1,0.1519342405254232
CXCR3-,HC,PB_2,GCTGCAGGTGCCTGGT-1,-0.29997119987097626
CXCR3-,HC,PB_2,GCTGCGAAGCTTATCG-1,0.6134439425972584
CXCR3-,HC,PB_2,GCTGCGACAAACTGTC-1,-0.29997119987097626
CXCR3-,HC,PB_2,GCTGCGATCATGCAAC-1,-0.05493677352614805
CXCR3-,HC,PB_2,GCTGCTTAGAGGGATA-1,-0.07934109352758097
CXCR3-,HC,PB_2,GCTGCTTTCATTTGGG-1,-0.29997119987097626
CXCR3-,HC,PB_2,GCTGCTTTCGCCTGAG-1,-0.29997119987097626
CXCR3-,HC,PB_2,GCTGGGTCACACTGCG-1,0.6911724748481864
CXCR3-,HC,PB_2,GCTGGGTCATCACCCT-1,-0.07104727347148
CXCR3-,HC,PB_2,GCTTCCAAGAATAGGG-1,0.08004694387119167
CXCR3-,HC,PB_2,GCTTCCATCCCATTAT-1,-0.29997119987097626
CXCR3+,HC,PB_2,GCTTCCATCGCGTTTC-1,0.40762721439130095
CXCR3-,HC,PB_2,GCTTGAACACCATCCT-1,0.032864186735108616
CXCR3-,HC,PB_2,GCTTGAATCTATCCTA-1,0.47694954035228104
CXCR3-,HC,PB_2,GGAAAGCCAGCGTCCA-1,0.06250217735441428
CXCR3-,HC,PB_2,GGAAAGCCAGTAAGAT-1,0.21688242640711192
CXCR3-,HC,PB_2,GGAAAGCTCCCTAACC-1,0.23562098025575198
CXCR3-,HC,PB_2,GGAACTTCAAATTGCC-1,-0.07071304441269875
CXCR3-,HC,PB_2,GGAACTTTCCTAGTGA-1,-0.11796783340617376
CXCR3-,HC,PB_2,GGAATAACAAGGACTG-1,0.14085924545208156
CXCR3-,HC,PB_2,GGAATAACATCCGCGA-1,0.03479791453905861
CXCR3-,HC,PB_2,GGAATAATCTCGCATC-1,-0.006104578577981333
CXCR3+,HC,PB_2,GGACAAGCAACTGCGC-1,-0.29997119987097626
CXCR3-,HC,PB_2,GGACAGACAACACCCG-1,-0.29997119987097626
CXCR3-,HC,PB_2,GGACAGATCAACGGCC-1,-0.29997119987097626
CXCR3-,HC,PB_2,GGACATTGTGACGCCT-1,-0.15200720090270364
CXCR3-,HC,PB_2,GGACATTGTGTTCTTT-1,0.5395934103154519
CXCR3-,HC,PB_2,GGACATTTCATTGCGA-1,-0.18298748579292096
CXCR3-,HC,PB_2,GGACATTTCTTTACGT-1,-0.09442096635471622
CXCR3-,HC,PB_2,GGACGTCCACACCGCA-1,0.24339525637228668
CXCR3+,HC,PB_2,GGAGCAAAGCCAACAG-1,0.06476124014754878
CXCR3-,HC,PB_2,GGAGCAATCTGCGACG-1,-0.29997119987097626
CXCR3-,HC,PB_2,GGATGTTAGACTACAA-1,-0.29997119987097626
CXCR3-,HC,PB_2,GGCAATTCAGACGCCT-1,-0.29997119987097626
CXCR3+,HC,PB_2,GGCAATTGTCTCTTAT-1,0.12981343650460037
CXCR3-,HC,PB_2,GGCCGATCAAACTGTC-1,-0.044558057566310684
CXCR3-,HC,PB_2,GGCCGATCATTGGTAC-1,0.23868555302048752
CXCR3-,HC,PB_2,GGCGACTAGTGTGAAT-1,-0.035935554002510035
CXCR3-,HC,PB_2,GGCGACTCAATCGGTT-1,-0.0902360961279302
CXCR3-,HC,PB_2,GGCGACTGTCATTAGC-1,-0.11191376631177752
CXCR3-,HC,PB_2,GGCGACTTCCTCTAGC-1,0.0474912533629585
CXCR3-,HC,PB_2,GGCTCGAGTATATCCG-1,-0.18211607732141713
CXCR3+,HC,PB_2,GGCTGGTAGTTTGCGT-1,0.23945007277353758
CXCR3-,HC,PB_2,GGCTGGTCACGCGAAA-1,-0.07257511754646497
CXCR3-,HC,PB_2,GGCTGGTCATATGAGA-1,0.22706857138687395
CXCR3-,HC,PB_2,GGCTGGTTCCTTCAAT-1,0.2509109989720332
CXCR3-,HC,PB_2,GGGAATGAGGCCCTTG-1,-0.29997119987097626
CXCR3-,HC,PB_2,GGGAATGGTTCACGGC-1,-0.02489537150096677
CXCR3-,HC,PB_2,GGGAATGTCAGAAATG-1,0.2962288091264672
CXCR3-,HC,PB_2,GGGACCTAGGATGTAT-1,0.04982673437853492
CXCR3+,HC,PB_2,GGGACCTTCTGATACG-1,0.061672980593751384
CXCR3-,HC,PB_2,GGGAGATAGTTAACGA-1,-0.13373066125360752
CXCR3-,HC,PB_2,GGGAGATAGTTGAGAT-1,-0.19522463629925854
CXCR3-,HC,PB_2,GGGAGATGTACTTGAC-1,-0.10894861361400045
CXCR3-,HC,PB_2,GGGAGATTCCAGTAGT-1,-0.29997119987097626
CXCR3-,HC,PB_2,GGGAGATTCTTGCCGT-1,0.7831802120243271
CXCR3-,HC,PB_2,GGGATGAGTATCACCA-1,0.8956274363024626
CXCR3-,HC,PB_2,GGGATGAGTCCCTTGT-1,0.042454641408510185
CXCR3-,HC,PB_2,GGGATGATCCACGACG-1,0.2929356808495185
CXCR3-,HC,PB_2,GGGCACTAGTGTTGAA-1,-0.14112490366546868
CXCR3+,HC,PB_2,GGGCACTGTCATCCCT-1,0.43996589676523534
CXCR3-,HC,PB_2,GGGCACTTCCAGAGGA-1,0.38492101552195956
CXCR3-,HC,PB_2,GGGCATCTCACTTCAT-1,0.18109090414209486
CXCR3-,HC,PB_2,GGGTCTGAGAGCTGCA-1,-0.29997119987097626
CXCR3-,HC,PB_2,GGGTCTGCAAAGGTGC-1,-0.14479490745825174
CXCR3-,HC,PB_2,GGGTCTGCACCCATTC-1,-0.29997119987097626
CXCR3-,HC,PB_2,GGGTCTGTCGAGAGCA-1,0.4350213489971168
CXCR3-,HC,PB_2,GGGTTGCAGAGTAAGG-1,0.382825396954059
CXCR3-,HC,PB_2,GGGTTGCAGCCTTGAT-1,-0.29997119987097626
CXCR3-,HC,PB_2,GGGTTGCCAACCGCCA-1,-0.0659802461866609
CXCR3-,HC,PB_2,GGGTTGCTCATTATCC-1,-0.11660621325549818
CXCR3-,HC,PB_2,GGTATTGCACGACTCG-1,-0.29997119987097626
CXCR3-,HC,PB_2,GGTATTGTCTTCATGT-1,0.28024281342003704
CXCR3-,HC,PB_2,GGTGCGTCAACTGCTA-1,-0.29997119987097626
CXCR3-,HC,PB_2,GGTGTTATCCGTCATC-1,-0.29997119987097626
CXCR3-,HC,PB_2,GTAACGTAGAAACCGC-1,-0.10894645969751837
CXCR3+,HC,PB_2,GTAACGTGTAGGGTAC-1,0.13084143251143338
CXCR3-,HC,PB_2,GTAACGTGTGAGGGTT-1,-0.04192151177148091
CXCR3-,HC,PB_2,GTAACGTTCAACACTG-1,-0.29997119987097626
CXCR3-,HC,PB_2,GTAACGTTCAGGTAAA-1,0.10864197511706937
CXCR3+,HC,PB_2,GTACGTACATCTCGCT-1,-0.29997119987097626
CXCR3-,HC,PB_2,GTACGTATCACTGGGC-1,0.3480241176269296
CXCR3-,HC,PB_2,GTACTCCCAGTCAGCC-1,-0.2262881186749008
CXCR3-,HC,PB_2,GTACTCCGTCTAGTGT-1,-0.13640046425510546
CXCR3-,HC,PB_2,GTACTTTCACGCATCG-1,-0.03457750913088165
CXCR3-,HC,PB_2,GTACTTTGTGCGAAAC-1,-0.29997119987097626
CXCR3-,HC,PB_2,GTACTTTTCACTTACT-1,-0.034173159249973016
CXCR3-,HC,PB_2,GTACTTTTCCCTAACC-1,0.02412314137911182
CXCR3-,HC,PB_2,GTACTTTTCCCTCTTT-1,-0.29997119987097626
CXCR3-,HC,PB_2,GTACTTTTCCGGCACA-1,0.46590039464987903
CXCR3-,HC,PB_2,GTACTTTTCCTCGCAT-1,0.6132589565315307
CXCR3-,HC,PB_2,GTACTTTTCTCTGTCG-1,-0.29997119987097626
CXCR3-,HC,PB_2,GTAGGCCAGGTGATTA-1,-0.0639223573959211
CXCR3-,HC,PB_2,GTAGGCCCAACCGCCA-1,0.23494584902265486
CXCR3-,HC,PB_2,GTAGGCCCAAGTCTAC-1,0.558548597909945
CXCR3-,HC,PB_2,GTAGGCCCAGTATCTG-1,-0.29997119987097626
CXCR3+,HC,PB_2,GTAGGCCGTCACTGGC-1,0.07221615102627973
CXCR3-,HC,PB_2,GTAGGCCGTCTAAAGA-1,0.30718064965769504
CXCR3-,HC,PB_2,GTAGGCCTCCGAGCCA-1,0.039581202734997926
CXCR3-,HC,PB_2,GTAGGCCTCCGGGTGT-1,-0.29997119987097626
CXCR3-,HC,PB_2,GTAGGCCTCTGGGCCA-1,0.10924492220887652
CXCR3-,HC,PB_2,GTAGTCAAGCCACGCT-1,-0.29997119987097626
CXCR3-,HC,PB_2,GTAGTCAAGGTAGCCA-1,-0.29997119987097626
CXCR3-,HC,PB_2,GTAGTCAGTTATGCGT-1,-0.29997119987097626
CXCR3-,HC,PB_2,GTATCTTCAGCTCCGA-1,0.35562239060672957
CXCR3-,HC,PB_2,GTATCTTGTAAAGTCA-1,-0.29997119987097626
CXCR3-,HC,PB_2,GTATCTTTCTGGAGCC-1,-0.05473296454091826
CXCR3+,HC,PB_2,GTCAAGTGTATATGAG-1,0.1377669430911533
CXCR3-,HC,PB_2,GTCAAGTGTCGAGATG-1,-0.20543360332570254
CXCR3-,HC,PB_2,GTCAAGTTCGGTTCGG-1,-0.29997119987097626
CXCR3-,HC,PB_2,GTCACAAAGTGCAAGC-1,0.06590853969608428
CXCR3-,HC,PB_2,GTCACAACATAGAAAC-1,0.18368702804595066
CXCR3+,HC,PB_2,GTCACAAGTCTAGAGG-1,0.6947314497559455
CXCR3-,HC,PB_2,GTCACGGCAGCTGTTA-1,-0.29997119987097626
CXCR3-,HC,PB_2,GTCACGGCAGGCTGAA-1,-0.01892922593434702
CXCR3-,HC,PB_2,GTCACGGGTTCCACGG-1,-0.29997119987097626
CXCR3-,HC,PB_2,GTCATTTAGGTACTCT-1,-0.022311790900652467
CXCR3-,HC,PB_2,GTCATTTCAAACGTGG-1,-0.03644385172163566
CXCR3+,HC,PB_2,GTCATTTTCCCTTGTG-1,-0.13750096332909736
CXCR3-,HC,PB_2,GTCCTCAAGCCCAACC-1,0.01263519757410352
CXCR3-,HC,PB_2,GTCCTCAGTGTGCGTC-1,0.09665314649627656
CXCR3+,HC,PB_2,GTCCTCATCGTAGGAG-1,0.8171802027267049
CXCR3-,HC,PB_2,GTCGGGTAGATCCGAG-1,-0.29997119987097626
CXCR3+,HC,PB_2,GTCGGGTCACTGCCAG-1,-0.29997119987097626
CXCR3-,HC,PB_2,GTCGGGTCAGTGAGTG-1,0.0715947269948599
CXCR3-,HC,PB_2,GTCGTAACACAGATTC-1,0.3808796397988444
CXCR3-,HC,PB_2,GTCGTAAGTCTAAAGA-1,-0.29997119987097626
CXCR3-,HC,PB_2,GTCGTAAGTGCTTCTC-1,0.2572208392881864
CXCR3-,HC,PB_2,GTCGTAATCTGCAGTA-1,-0.030292272797757102
CXCR3+,HC,PB_2,GTCTCGTAGACAAGCC-1,0.16758557323259007
CXCR3-,HC,PB_2,GTCTCGTAGATATGCA-1,-0.29997119987097626
CXCR3-,HC,PB_2,GTCTCGTGTCATACTG-1,-0.29997119987097626
CXCR3-,HC,PB_2,GTGAAGGAGATCGGGT-1,-0.10072997715348121
CXCR3-,HC,PB_2,GTGAAGGTCAATACCG-1,-0.047503155811308144
CXCR3-,HC,PB_2,GTGAAGGTCAGCTGGC-1,0.24130076978681209
CXCR3-,HC,PB_2,GTGCAGCCAAGTAGTA-1,-0.08287522381605646
CXCR3+,HC,PB_2,GTGCATACAAAGCAAT-1,0.3463711526163352
CXCR3-,HC,PB_2,GTGCATAGTGACTACT-1,0.15521448745748323
CXCR3-,HC,PB_2,GTGCATATCGGCGCTA-1,-0.29997119987097626
CXCR3-,HC,PB_2,GTGCGGTGTCAATGTC-1,-0.11709034104017828
CXCR3-,HC,PB_2,GTGCGGTTCCGTACAA-1,0.05871429426807119
CXCR3-,HC,PB_2,GTGCTTCAGATCCGAG-1,0.20548267851934082
CXCR3-,HC,PB_2,GTGCTTCGTTACGCGC-1,-0.185636611216722
CXCR3+,HC,PB_2,GTGGGTCTCACAATGC-1,-0.15852791904945512
CXCR3-,HC,PB_2,GTGTGCGAGAAGATTC-1,-0.29997119987097626
CXCR3-,HC,PB_2,GTGTGCGAGTGGTAGC-1,-0.025457686024605873
CXCR3-,HC,PB_2,GTGTGCGGTCAGAATA-1,0.028154297967572153
CXCR3-,HC,PB_2,GTGTGCGTCCACTCCA-1,-0.29997119987097626
CXCR3-,HC,PB_2,GTGTTAGCATCACGAT-1,-0.29997119987097626
CXCR3+,HC,PB_2,GTGTTAGCATGAGCGA-1,-0.29997119987097626
CXCR3-,HC,PB_2,GTGTTAGGTCTCCACT-1,-0.16716708444336748
CXCR3-,HC,PB_2,GTGTTAGTCCAAACTG-1,0.06377155381538227
CXCR3-,HC,PB_2,GTGTTAGTCGTCTGAA-1,-0.1156790073489032
CXCR3-,HC,PB_2,GTTAAGCAGCTACCTA-1,-0.29997119987097626
CXCR3-,HC,PB_2,GTTAAGCCATACCATG-1,0.009990738570614752
CXCR3+,HC,PB_2,GTTAAGCGTAGGGACT-1,0.04560998059459471
CXCR3+,HC,PB_2,GTTAAGCGTCAGAATA-1,-0.01974769286262936
CXCR3-,HC,PB_2,GTTAAGCGTTTGGCGC-1,0.2966748602013855
CXCR3-,HC,PB_2,GTTACAGGTAAGCACG-1,-0.29997119987097626
CXCR3-,HC,PB_2,GTTACAGGTCCTCTTG-1,0.07707004358309444
CXCR3-,HC,PB_2,GTTCATTAGGAGTTTA-1,-0.29997119987097626
CXCR3-,HC,PB_2,GTTCATTCACATGACT-1,-0.29997119987097626
CXCR3-,HC,PB_2,GTTCATTCAGCTGTTA-1,-0.0326587641203144
CXCR3+,HC,PB_2,GTTCATTGTATAGTAG-1,-0.29997119987097626
CXCR3-,HC,PB_2,GTTCATTTCAAACCAC-1,0.10682190048933997
CXCR3-,HC,PB_2,GTTCGGGCACGGTGTC-1,0.00413517769337541
CXCR3-,HC,PB_2,GTTCGGGCAGGGTACA-1,-0.011812099987299901
CXCR3+,HC,PB_2,GTTCGGGTCTGAGGGA-1,0.026471123731740282
CXCR3+,HC,PB_2,GTTCTCGAGCCAGTTT-1,0.289094941542083
CXCR3+,HC,PB_2,GTTCTCGAGTGTCCCG-1,0.34790776800099515
CXCR3-,HC,PB_2,GTTCTCGTCTCACATT-1,0.750863686141975
CXCR3-,HC,PB_2,GTTTCTAAGTATCGAA-1,-0.29997119987097626
CXCR3-,HC,PB_2,GTTTCTACAAACCTAC-1,0.05445769095666507
CXCR3-,HC,PB_2,GTTTCTACAGGGAGAG-1,0.0012440437178283961
CXCR3+,HC,PB_2,GTTTCTATCAGCTCTC-1,-0.03724198940904559
CXCR3-,HC,PB_2,TAAACCGCACTACAGT-1,0.017700276886244776
CXCR3-,HC,PB_2,TAAGAGAAGTAGGCCA-1,0.03233676343788499
CXCR3-,HC,PB_2,TAAGAGAGTGTGACCC-1,-0.0775213998376161
CXCR3-,HC,PB_2,TAAGCGTAGCTAACAA-1,-0.29997119987097626
CXCR3-,HC,PB_2,TAAGCGTAGGAGCGAG-1,-0.29997119987097626
CXCR3-,HC,PB_2,TAAGCGTCATACTCTT-1,-0.19193264257450274
CXCR3-,HC,PB_2,TAAGCGTGTAGGGACT-1,-0.08717472633400315
CXCR3+,HC,PB_2,TAAGCGTTCCGCGCAA-1,0.6019042957008168
CXCR3-,HC,PB_2,TAAGCGTTCGGAATCT-1,-0.061633942109797044
CXCR3+,HC,PB_2,TAAGCGTTCGTCTGAA-1,-0.12799944949068043
CXCR3+,HC,PB_2,TAAGTGCGTAGATTAG-1,-0.17979182337297894
CXCR3-,HC,PB_2,TAAGTGCGTCAAAGAT-1,0.268457519494124
CXCR3+,HC,PB_2,TAAGTGCTCATGGTCA-1,-0.06741240626547637
CXCR3-,HC,PB_2,TACACGATCGGCCGAT-1,-0.29997119987097626
CXCR3-,HC,PB_2,TACAGTGAGGATCGCA-1,0.26817879535284816
CXCR3-,HC,PB_2,TACCTATCATGACGGA-1,-0.24228293792745012
CXCR3+,HC,PB_2,TACCTATGTTAAAGTG-1,0.1925273206596192
CXCR3-,HC,PB_2,TACCTATTCAGGCCCA-1,-0.06802659753211052
CXCR3-,HC,PB_2,TACCTATTCCTCCTAG-1,0.058407723653306216
CXCR3+,HC,PB_2,TACCTTACAAAGAATC-1,-0.29997119987097626
CXCR3-,HC,PB_2,TACCTTATCTGGTGTA-1,0.44766388104774374
CXCR3-,HC,PB_2,TACGGATAGGTGATTA-1,-0.29997119987097626
CXCR3+,HC,PB_2,TACGGATCAGACAAGC-1,-0.12772603301329627
CXCR3-,HC,PB_2,TACGGATGTCATCGGC-1,-0.29997119987097626
CXCR3-,HC,PB_2,TACGGATGTTGGAGGT-1,-0.29997119987097626
CXCR3+,HC,PB_2,TACGGGCAGAGGTAGA-1,-0.29997119987097626
CXCR3-,HC,PB_2,TACGGGCAGCTCCCAG-1,-0.29997119987097626
CXCR3-,HC,PB_2,TACGGGCAGGTAGCTG-1,-0.1331123218064888
CXCR3-,HC,PB_2,TACGGTAAGACACTAA-1,0.08525475271800272
CXCR3-,HC,PB_2,TACGGTAAGCTCCTTC-1,-0.030450454054697918
CXCR3-,HC,PB_2,TACGGTACAAATACAG-1,-0.29997119987097626
CXCR3-,HC,PB_2,TACTCATCAGCTGTAT-1,0.38679412580420763
CXCR3-,HC,PB_2,TACTCGCCACCGAAAG-1,-0.037180008706243495
CXCR3-,HC,PB_2,TACTCGCCATCCCACT-1,0.2082108740957322
CXCR3-,HC,PB_2,TACTTACAGAAACCGC-1,0.058496338825208376
CXCR3+,HC,PB_2,TACTTACAGGACATTA-1,-0.14600284645433867
CXCR3-,HC,PB_2,TACTTACTCAACGAAA-1,0.14509003905448345
CXCR3-,HC,PB_2,TACTTACTCCTTTACA-1,-0.29997119987097626
CXCR3+,HC,PB_2,TACTTGTAGATAGCAT-1,0.04871118037276623
CXCR3-,HC,PB_2,TACTTGTAGTATCTCG-1,-0.15128409199291223
CXCR3-,HC,PB_2,TACTTGTCATCTCGCT-1,-0.29997119987097626
CXCR3-,HC,PB_2,TACTTGTGTACCAGTT-1,0.004060102668842777
CXCR3-,HC,PB_2,TACTTGTGTGCGATAG-1,-0.29997119987097626
CXCR3-,HC,PB_2,TACTTGTTCCTATTCA-1,-0.29997119987097626
CXCR3-,HC,PB_2,TACTTGTTCCTCCTAG-1,-0.29997119987097626
CXCR3-,HC,PB_2,TAGACCAGTCTAGCGC-1,-0.29997119987097626
CXCR3-,HC,PB_2,TAGACCAGTCTGCAAT-1,0.051612561635516585
CXCR3+,HC,PB_2,TAGAGCTCACTGTTAG-1,0.07860844607036499
CXCR3-,HC,PB_2,TAGAGCTGTGGCCCTA-1,-0.03592587646654259
CXCR3-,HC,PB_2,TAGAGCTTCCAATGGT-1,-0.10964525896936857
CXCR3-,HC,PB_2,TAGCCGGAGTCCGGTC-1,-0.29997119987097626
CXCR3-,HC,PB_2,TAGCCGGAGTTCGCAT-1,-0.0008658033405303879
CXCR3-,HC,PB_2,TAGCCGGCAGCATGAG-1,-0.011148341738778747
CXCR3-,HC,PB_2,TAGCCGGTCGTAGGTT-1,-0.29997119987097626
CXCR3-,HC,PB_2,TAGGCATAGCGATATA-1,-0.29997119987097626
CXCR3-,HC,PB_2,TAGGCATGTTGTTTGG-1,-0.29997119987097626
CXCR3+,HC,PB_2,TAGTGGTAGGTAAACT-1,-0.29997119987097626
CXCR3-,HC,PB_2,TAGTGGTTCTCTTGAT-1,-0.29997119987097626
CXCR3-,HC,PB_2,TAGTTGGCACCAGGCT-1,0.22254500489257584
CXCR3-,HC,PB_2,TAGTTGGCATTCACTT-1,-0.12829479199239055
CXCR3-,HC,PB_2,TAGTTGGGTGCGATAG-1,-0.06231659224249203
CXCR3+,HC,PB_2,TAGTTGGTCACTTACT-1,0.2690279977300861
CXCR3+,HC,PB_2,TATCAGGTCTGAGGGA-1,-0.06777203336250837
CXCR3-,HC,PB_2,TATCTCAAGATCCCAT-1,-0.006623166936962113
CXCR3+,HC,PB_2,TATCTCAAGTGAAGAG-1,-0.29997119987097626
CXCR3-,HC,PB_2,TATGCCCCAACGATGG-1,0.4475303327530636
CXCR3-,HC,PB_2,TATGCCCCAATCCGAT-1,-0.29997119987097626
CXCR3-,HC,PB_2,TATGCCCGTAAGAGGA-1,-0.11105920032577735
CXCR3-,HC,PB_2,TATGCCCTCCGCTGTT-1,-0.16355672612034425
CXCR3-,HC,PB_2,TATGCCCTCGGCGGTT-1,-0.1022026942334544
CXCR3-,HC,PB_2,TATTACCTCAGCAACT-1,0.16829661672931034
CXCR3-,HC,PB_2,TCAACGAAGCTCCCAG-1,-0.29997119987097626
CXCR3-,HC,PB_2,TCAACGACAGTGGAGT-1,0.01521014699487398
CXCR3-,HC,PB_2,TCAACGAGTCAAACTC-1,0.097720223126927
CXCR3+,HC,PB_2,TCAACGAGTCGAACAG-1,-0.13063422155316104
CXCR3-,HC,PB_2,TCAACGATCCTTAATC-1,-0.07993056557716574
CXCR3-,HC,PB_2,TCAATCTAGCGTTGCC-1,0.2073418540350748
CXCR3+,HC,PB_2,TCAATCTAGGTGCACA-1,-0.29997119987097626
CXCR3-,HC,PB_2,TCAATCTCAATGGACG-1,-0.06140379119260364
CXCR3-,HC,PB_2,TCAATCTGTTCCACAA-1,-0.29997119987097626
CXCR3-,HC,PB_2,TCAATCTTCACGCATA-1,-0.055091189869809265
CXCR3-,HC,PB_2,TCACAAGAGCTCAACT-1,-0.0523251859646756
CXCR3-,HC,PB_2,TCACAAGCATACTCTT-1,-0.29997119987097626
CXCR3+,HC,PB_2,TCACAAGCATTGTGCA-1,-0.29997119987097626
CXCR3-,HC,PB_2,TCACAAGGTGATGATA-1-1,-0.29997119987097626
CXCR3-,HC,PB_2,TCACAAGTCAATCTCT-1,-0.17313737332729953
CXCR3+,HC,PB_2,TCAGATGAGTGAAGAG-1,0.15213217465950354
CXCR3-,HC,PB_2,TCAGATGGTGAGCGAT-1,-0.29997119987097626
CXCR3-,HC,PB_2,TCAGCAAAGTCTCCTC-1,0.3292032704415342
CXCR3-,HC,PB_2,TCAGCTCGTACTCGCG-1,0.32576597587471384
CXCR3-,HC,PB_2,TCAGCTCGTAGGAGTC-1,-0.29997119987097626
CXCR3-,HC,PB_2,TCAGCTCGTTGTCGCG-1,0.3888780628764768
CXCR3-,HC,PB_2,TCAGCTCTCAGCACAT-1,-0.29997119987097626
CXCR3-,HC,PB_2,TCAGCTCTCCATGAAC-1,-0.29997119987097626
CXCR3-,HC,PB_2,TCAGCTCTCCGTCATC-1,-0.0020223622675005376
CXCR3-,HC,PB_2,TCAGCTCTCGCCTGAG-1,-0.04233202134370355
CXCR3-,HC,PB_2,TCAGGATAGTGCCAGA-1,-0.1943881639538446
CXCR3-,HC,PB_2,TCAGGATCACCAGGCT-1,-0.29997119987097626
CXCR3-,HC,PB_2,TCAGGATGTAAGGGCT-1,-0.0703241970259134
CXCR3-,HC,PB_2,TCAGGATGTCAAACTC-1-1,-0.1194425448113479
CXCR3+,HC,PB_2,TCAGGTAGTGCAACTT-1,0.024981028321268646
CXCR3-,HC,PB_2,TCATTACGTGACCAAG-1,0.5087712133172048
CXCR3-,HC,PB_2,TCATTTGCACCAGCAC-1,-0.29997119987097626
CXCR3-,HC,PB_2,TCATTTGGTGACGGTA-1,0.050099377415276716
CXCR3+,HC,PB_2,TCCACACGTAAAGTCA-1,-0.29997119987097626
CXCR3-,HC,PB_2,TCCACACTCCTATGTT-1,-0.034055922371727214
CXCR3-,HC,PB_2,TCCCGATGTGTGGTTT-1,-0.027495825645041338
CXCR3-,HC,PB_2,TCGAGGCCATATACGC-1,-0.29997119987097626
CXCR3-,HC,PB_2,TCGAGGCTCTCGTATT-1,-0.11671684496799714
CXCR3-,HC,PB_2,TCGCGAGCACCATGTA-1,-0.020387864281586822
CXCR3-,HC,PB_2,TCGCGTTTCTCGCTTG-1,-0.29997119987097626
CXCR3-,HC,PB_2,TCGGGACGTTTGACAC-1,-0.29997119987097626
CXCR3-,HC,PB_2,TCGGGACTCGTTTATC-1,0.19757481844020863
CXCR3-,HC,PB_2,TCGGTAACAAGTAGTA-1,-0.08690597339554376
CXCR3-,HC,PB_2,TCGGTAACAGTAACGG-1,0.46884474517638647
CXCR3-,HC,PB_2,TCGTACCAGAGATGAG-1,0.476063727334477
CXCR3-,HC,PB_2,TCGTACCAGCTGAACG-1,-0.18600687913432098
CXCR3-,HC,PB_2,TCGTACCCACACCGCA-1,0.4412114944447919
CXCR3-,HC,PB_2,TCGTACCCATCCCATC-1,-0.29997119987097626
CXCR3-,HC,PB_2,TCGTAGATCTACTATC-1,0.053582731772536016
CXCR3-,HC,PB_2,TCTCATAAGCCTATGT-1,0.7507509898418734
CXCR3-,HC,PB_2,TCTCATAAGGCATGTG-1,-0.29997119987097626
CXCR3-,HC,PB_2,TCTCTAAAGCATCATC-1,-0.21843935769381823
CXCR3-,HC,PB_2,TCTCTAAAGGATGTAT-1,0.07900899597739638
CXCR3+,HC,PB_2,TCTCTAAAGTGTACCT-1,-0.29997119987097626
CXCR3-,HC,PB_2,TCTCTAAGTCTCTTAT-1,-0.13287459928299766
CXCR3-,HC,PB_2,TCTCTAAGTTAGATGA-1,-0.29997119987097626
CXCR3-,HC,PB_2,TCTGAGAAGTTAACGA-1,-0.1974553681205849
CXCR3-,HC,PB_2,TCTGGAAAGGCGATAC-1,0.36859451384861536
CXCR3-,HC,PB_2,TCTGGAAAGTGTTGAA-1,0.048062422072603396
CXCR3-,HC,PB_2,TCTTCGGAGACAGAGA-1-1,-0.13544607018946087
CXCR3-,HC,PB_2,TCTTCGGAGCATCATC-1,-0.20419453931343995
CXCR3-,HC,PB_2,TCTTCGGAGGCAAAGA-1,-0.20937081755167594
CXCR3-,HC,PB_2,TCTTCGGAGGGATCTG-1,-0.17741351162454636
CXCR3-,HC,PB_2,TCTTCGGGTGGCGAAT-1,0.1386988451225133
CXCR3-,HC,PB_2,TCTTCGGTCGACCAGC-1,-0.29997119987097626
CXCR3-,HC,PB_2,TCTTTCCCAGACACTT-1,-0.05328671282383691
CXCR3-,HC,PB_2,TCTTTCCTCTTGAGAC-1,-0.0044339891632714235
CXCR3+,HC,PB_2,TGAAAGACACGGATAG-1,0.26100455449001886
CXCR3-,HC,PB_2,TGAAAGACAGACTCGC-1,-0.29997119987097626
CXCR3-,HC,PB_2,TGAAAGAGTACTCGCG-1,-0.29997119987097626
CXCR3-,HC,PB_2,TGAAAGATCCAGTAGT-1,-0.29997119987097626
CXCR3-,HC,PB_2,TGACAACAGAGGGATA-1,0.346102403642497
CXCR3-,HC,PB_2,TGACAACAGATCCGAG-1,-0.10504024959947926
CXCR3-,HC,PB_2,TGACAACGTTTGGGCC-1,-0.29997119987097626
CXCR3-,HC,PB_2,TGACAACTCCCAAGTA-1,0.4339452743969206
CXCR3-,HC,PB_2,TGACGGCGTAAGTGGC-1,0.2586143458399472
CXCR3-,HC,PB_2,TGACTAGAGGGTCGAT-1,-0.29997119987097626
CXCR3-,HC,PB_2,TGACTAGTCACAGGCC-1,-0.14625271526509726
CXCR3-,HC,PB_2,TGACTAGTCAGGATCT-1,0.012208751610142883
CXCR3-,HC,PB_2,TGACTAGTCGTTGACA-1,0.14858875599114987
CXCR3-,HC,PB_2,TGACTAGTCTCGATGA-1,0.013282955985301841
CXCR3-,HC,PB_2,TGACTAGTCTGACCTC-1,0.20636839542960186
CXCR3-,HC,PB_2,TGACTTTAGAATTGTG-1,-0.29997119987097626
CXCR3-,HC,PB_2,TGACTTTAGGCAATTA-1,-0.10898772034531844
CXCR3-,HC,PB_2,TGACTTTCACATGGGA-1,-0.13115219801286074
CXCR3-,HC,PB_2,TGACTTTGTCTCCATC-1,0.1294710376382043
CXCR3+,HC,PB_2,TGACTTTTCACGAAGG-1,-0.11480147674726747
CXCR3-,HC,PB_2,TGAGAGGGTATCTGCA-1,0.2894922819541998
CXCR3-,HC,PB_2,TGAGAGGTCACCTCGT-1,-0.11888313767118752
CXCR3-,HC,PB_2,TGAGCATGTGACAAAT-1,0.2614899929824078
CXCR3+,HC,PB_2,TGAGCATTCCACGCAG-1,0.13716595265648637
CXCR3-,HC,PB_2,TGAGCCGAGCACGCCT-1,0.368233000719765
CXCR3-,HC,PB_2,TGAGCCGCAATGACCT-1,-0.29997119987097626
CXCR3-,HC,PB_2,TGAGCCGCATTAGGCT-1,0.011853733850617174
CXCR3-,HC,PB_2,TGAGCCGGTTGACGTT-1,0.10427600558215334
CXCR3-,HC,PB_2,TGATTTCCATCTGGTA-1,-0.027982367864111096
CXCR3-,HC,PB_2,TGATTTCTCTTGAGGT-1,-0.10521569830654785
CXCR3-,HC,PB_2,TGCACCTAGTCACGCC-1,-0.29997119987097626
CXCR3-,HC,PB_2,TGCACCTCATACCATG-1,-0.1772491029145368
CXCR3-,HC,PB_2,TGCACCTTCGATGAGG-1,0.7505192123254059
CXCR3-,HC,PB_2,TGCCAAACACCCATGG-1,-0.04308614250565252
CXCR3-,HC,PB_2,TGCCAAACATCCTTGC-1,-0.29997119987097626
CXCR3-,HC,PB_2,TGCCCATGTGCGAAAC-1,-0.29997119987097626
CXCR3+,HC,PB_2,TGCCCATGTTTAAGCC-1,-0.29997119987097626
CXCR3-,HC,PB_2,TGCCCTATCAAACCGT-1,-0.01762500156443535
CXCR3-,HC,PB_2,TGCCCTATCCGGGTGT-1,0.08417813667177222
CXCR3+,HC,PB_2,TGCGCAGCAATGTTGC-1,0.3101310680422416
CXCR3-,HC,PB_2,TGCGGGTAGAGTACCG-1,-0.18296787402461231
CXCR3-,HC,PB_2,TGCGGGTTCCTGCCAT-1,-0.29997119987097626
CXCR3-,HC,PB_2,TGCGTGGGTTCCACAA-1,0.14603334734650666
CXCR3-,HC,PB_2,TGCGTGGTCCAAACTG-1,0.24389831516218838
CXCR3-,HC,PB_2,TGCTACCAGGCGCTCT-1,-0.29997119987097626
CXCR3-,HC,PB_2,TGCTACCCACGGACAA-1,-0.006220760644626669
CXCR3-,HC,PB_2,TGCTACCCAGAGTGTG-1,1.1162544067044398
CXCR3-,HC,PB_2,TGCTACCGTATGCTTG-1,-0.07634295806859819
CXCR3-,HC,PB_2,TGCTACCGTCTTTCAT-1,0.2494301908125697
CXCR3-,HC,PB_2,TGCTGCTAGTTTAGGA-1,-0.29997119987097626
CXCR3-,HC,PB_2,TGGACGCAGCTACCTA-1,0.14769687559250472
CXCR3-,HC,PB_2,TGGCCAGTCCAGAAGG-1,0.05238398021828888
CXCR3+,HC,PB_2,TGGCCAGTCTGGAGCC-1,-0.16817256806368736
CXCR3-,HC,PB_2,TGGCGCAAGCCACGCT-1,0.5155072016591146
CXCR3-,HC,PB_2,TGGCGCACACGTGAGA-1,0.004512892940433143
CXCR3-,HC,PB_2,TGGCGCAGTTTAAGCC-1,-0.29997119987097626
CXCR3-,HC,PB_2,TGGCTGGGTCGACTGC-1,-0.12271976504545969
CXCR3-,HC,PB_2,TGGGAAGAGACTGGGT-1,-0.29997119987097626
CXCR3-,HC,PB_2,TGGGAAGAGCCCAGCT-1,-0.29997119987097626
CXCR3+,HC,PB_2,TGGGAAGTCAAACGGG-1,0.06294775192217439
CXCR3-,HC,PB_2,TGGGCGTAGTGGAGTC-1,-0.29997119987097626
CXCR3+,HC,PB_2,TGGGCGTTCTCTGCTG-1,-0.29997119987097626
CXCR3-,HC,PB_2,TGGTTAGGTACCGTTA-1,-0.1957650069400418
CXCR3-,HC,PB_2,TGGTTCCAGACGCACA-1,-0.09829128672760243
CXCR3-,HC,PB_2,TGGTTCCAGTTCCACA-1,-0.29997119987097626
CXCR3-,HC,PB_2,TGGTTCCGTGTTGAGG-1,-0.29997119987097626
CXCR3-,HC,PB_2,TGGTTCCGTTATCGGT-1,-0.13306566264098402
CXCR3-,HC,PB_2,TGGTTCCGTTGGTTTG-1,-0.29997119987097626
CXCR3-,HC,PB_2,TGGTTCCTCTTAGAGC-1,-0.29997119987097626
CXCR3-,HC,PB_2,TGTATTCAGACGACGT-1,-0.0540106740846461
CXCR3-,HC,PB_2,TGTATTCGTCGAGATG-1,-0.11685680544672426
CXCR3-,HC,PB_2,TGTATTCGTTAGGGTG-1,-0.29997119987097626
CXCR3-,HC,PB_2,TGTCCCAAGATCCCAT-1,-0.11756301961626218
CXCR3-,HC,PB_2,TGTCCCACAGTAACGG-1,-0.09194322473519116
CXCR3-,HC,PB_2,TGTCCCATCCACGACG-1,-0.17820706215247537
CXCR3-,HC,PB_2,TGTGGTACAAGAAGAG-1,0.14614199661605778
CXCR3-,HC,PB_2,TGTGGTAGTGCCTGCA-1,-0.05634928647096584
CXCR3-,HC,PB_2,TGTGGTAGTTGTACAC-1,0.33975823661028076
CXCR3-,HC,PB_2,TGTGTTTGTAAGAGAG-1,-0.15317001484549614
CXCR3-,HC,PB_2,TGTGTTTGTGTGAATA-1,0.08507893901959676
CXCR3-,HC,PB_2,TGTGTTTTCGCGTAGC-1,-0.07957407587650021
CXCR3-,HC,PB_2,TGTTCCGCAATACGCT-1,-0.09512802563611407
CXCR3+,HC,PB_2,TGTTCCGCACGACTCG-1,-0.051175750022328804
CXCR3-,HC,PB_2,TGTTCCGGTAGCGTCC-1,-0.054159493616422985
CXCR3-,HC,PB_2,TGTTCCGGTCGCCATG-1,0.32043181840340385
CXCR3+,HC,PB_2,TGTTCCGTCTCACATT-1,-0.29997119987097626
CXCR3-,HC,PB_2,TTAACTCAGATCCCAT-1,0.08238363912388134
CXCR3-,HC,PB_2,TTAACTCTCGCATGGC-1,0.05019375760561614
CXCR3-,HC,PB_2,TTAACTCTCTAAGCCA-1,-0.29997119987097626
CXCR3-,HC,PB_2,TTAGGACGTGGGTATG-1,0.17899274936941661
CXCR3-,HC,PB_2,TTAGGACTCTCGGACG-1,-0.08412810797809682
CXCR3-,HC,PB_2,TTAGGCACAGACGCAA-1,-0.10781350187577331
CXCR3-,HC,PB_2,TTAGGCACATCGGGTC-1,-0.29997119987097626
CXCR3-,HC,PB_2,TTAGGCATCCAGTAGT-1,-0.1387661012748287
CXCR3-,HC,PB_2,TTAGTTCCAGGACCCT-1,-0.29997119987097626
CXCR3-,HC,PB_2,TTATGCTAGTGGAGTC-1,0.07258796853210181
CXCR3-,HC,PB_2,TTATGCTGTCGACTAT-1,0.026857325087476087
CXCR3-,HC,PB_2,TTCCCAGCACCGCTAG-1,0.42451488498249523
CXCR3+,HC,PB_2,TTCCCAGCAGCTTCGG-1,0.2562509868164092
CXCR3-,HC,PB_2,TTCCCAGTCAGGTAAA-1,-0.29997119987097626
CXCR3-,HC,PB_2,TTCGAAGAGCTCAACT-1,0.08455287649777024
CXCR3-,HC,PB_2,TTCGAAGAGGAATGGA-1,-0.045158608370098226
CXCR3+,HC,PB_2,TTCGAAGCAGTCTTCC-1,0.4466106447872497
CXCR3-,HC,PB_2,TTCGAAGGTAGCGTAG-1,0.06761442642622469
CXCR3-,HC,PB_2,TTCGGTCAGAGTGAGA-1,-0.29997119987097626
CXCR3-,HC,PB_2,TTCGGTCGTACCAGTT-1,-0.11059506502174121
CXCR3+,HC,PB_2,TTCGGTCGTTAGATGA-1,0.6007510815261312
CXCR3-,HC,PB_2,TTCTACAAGGTTACCT-1,-0.0699804175362034
CXCR3-,HC,PB_2,TTCTACACAATGTTGC-1,-0.29997119987097626
CXCR3-,HC,PB_2,TTCTACAGTAGAAAGG-1,0.1471166026612862
CXCR3+,HC,PB_2,TTCTACATCATGTCCC-1,-0.29997119987097626
CXCR3-,HC,PB_2,TTCTCAACACGGTGTC-1,-0.29997119987097626
CXCR3-,HC,PB_2,TTCTCAATCGGCTACG-1,0.0899697085169956
CXCR3-,HC,PB_2,TTCTCCTCATTGGGCC-1,-0.03744715950687093
CXCR3-,HC,PB_2,TTCTCCTGTTGATTGC-1,-0.29997119987097626
CXCR3+,HC,PB_2,TTCTTAGGTACGACCC-1,0.27900264955574955
CXCR3-,HC,PB_2,TTGAACGAGAATGTTG-1,0.1121184859622413
CXCR3-,HC,PB_2,TTGAACGCAGGTTTCA-1,0.3217798007153526
CXCR3-,HC,PB_2,TTGAACGTCCGTCATC-1,0.20228379964134932
CXCR3-,HC,PB_2,TTGACTTAGCTAACTC-1,0.06368611975247442
CXCR3-,HC,PB_2,TTGACTTCAATGTTGC-1,-0.09482620930999516
CXCR3-,HC,PB_2,TTGACTTCAGGGTATG-1,-0.29997119987097626
CXCR3-,HC,PB_2,TTGACTTGTCTCGTTC-1,0.13319133838919167
CXCR3-,HC,PB_2,TTGACTTGTGAGCGAT-1,-0.09689007367895829
CXCR3-,HC,PB_2,TTGACTTGTTTGGCGC-1,-0.29997119987097626
CXCR3-,HC,PB_2,TTGACTTTCCTCAACC-1,-0.29997119987097626
CXCR3-,HC,PB_2,TTGCCGTTCGCATGAT-1,0.15548427327368072
CXCR3-,HC,PB_2,TTGCGTCAGATATACG-1,-0.29997119987097626
CXCR3-,HC,PB_2,TTGCGTCGTACCATCA-1,-0.29997119987097626
CXCR3-,HC,PB_2,TTGCGTCGTAGCTCCG-1,-0.29997119987097626
CXCR3-,HC,PB_2,TTGCGTCGTGGGTCAA-1,-0.29997119987097626
CXCR3-,HC,PB_2,TTGGAACGTTGTCGCG-1,-0.29997119987097626
CXCR3-,HC,PB_2,TTGGAACTCTTGCCGT-1,0.42451488498249523
CXCR3-,HC,PB_2,TTGGCAAAGGAGTCTG-1,-0.29997119987097626
CXCR3-,HC,PB_2,TTGGCAAGTTCCCTTG-1,-0.194300777349843
CXCR3-,HC,PB_2,TTGGCAATCTGAGTGT-1,-0.003985407158686616
CXCR3+,HC,PB_2,TTGTAGGCATACTACG-1,0.09507572089655823
CXCR3-,HC,PB_2,TTGTAGGCATCCGTGG-1,-0.29997119987097626
CXCR3-,HC,PB_2,TTGTAGGGTCGAATCT-1,0.10090193923611677
CXCR3-,HC,PB_2,TTGTAGGTCGAATGCT-1,0.047273840625705124
CXCR3-,HC,PB_2,TTTACTGAGATAGGAG-1,0.08758563853384149
CXCR3+,HC,PB_2,TTTACTGCAATGACCT-1,0.19184827205123264
CXCR3-,HC,PB_2,TTTACTGTCATTCACT-1,-0.04571341011984676
CXCR3-,HC,PB_2,TTTATGCAGCGTTCCG-1,-0.10112285514363868
CXCR3-,HC,PB_2,TTTATGCGTGAGGGAG-1,-0.29997119987097626
CXCR3-,HC,PB_2,TTTATGCTCACCCGAG-1,-0.1302245968469036
CXCR3-,HC,PB_2,TTTATGCTCGGACAAG-1,-0.02482327627396852
CXCR3-,HC,PB_2,TTTCCTCCATCCGGGT-1,0.20544890329445545
CXCR3-,HC,PB_2,TTTCCTCTCTAACCGA-1,-0.29997119987097626
CXCR3-,HC,PB_2,TTTGCGCAGTGTCCCG-1,-0.29997119987097626
CXCR3-,HC,PB_2,TTTGCGCCACCGTTGG-1,0.16635511895390312
CXCR3-,HC,PB_2,TTTGCGCCAGCTCGCA-1,-0.29997119987097626
CXCR3-,HC,PB_2,TTTGCGCCATCGGACC-1,0.4388742763318598
CXCR3-,HC,PB_2,TTTGCGCGTAATTGGA-1,-0.05810485814058521
CXCR3-,HC,PB_2,TTTGCGCGTCGCCATG-1,-0.29997119987097626
CXCR3-,HC,PB_2,TTTGCGCTCTATCCTA-1,-0.29997119987097626
CXCR3-,HC,PB_2,TTTGGTTAGGACGAAA-1,0.012753741088242612
CXCR3-,HC,PB_2,TTTGGTTTCCACGTGG-1,0.1700370533233955
CXCR3-,HC,PB_2,TTTGGTTTCCTGCCAT-1,-0.29997119987097626
CXCR3-,HC,PB_2,TTTGGTTTCGCAAACT-1,-0.29997119987097626
CXCR3-,HC,PB_2,TTTGTCACAAGGTTCT-1,0.2352727764745965
CXCR3-,HC,PB_2,TTTGTCAGTCGGGTCT-1,-0.29997119987097626
CXCR3-,HC,PB_3,AAACCTGAGTTCCACA-1,-0.29997119987097626
CXCR3-,HC,PB_3,AAACCTGTCTGCCAGG-1,0.36601132220564064
CXCR3+,HC,PB_3,AAACGGGCAAGCCTAT-1,0.37911179833654146
CXCR3+,HC,PB_3,AAACGGGCACCATCCT-1,0.17546118408113062
CXCR3-,HC,PB_3,AAACGGGCACCGAAAG-1,0.0422660278006201
CXCR3+,HC,PB_3,AAACGGGCACGTAAGG-1,-0.05889752830530041
CXCR3-,HC,PB_3,AAACGGGCAGTAAGAT-1,-0.29997119987097626
CXCR3-,HC,PB_3,AAACGGGTCTAACGGT-1,0.37105673205554074
CXCR3-,HC,PB_3,AAACGGGTCTCAAGTG-1,-0.1263648304051634
CXCR3-,HC,PB_3,AAACGGGTCTGGTTCC-1,-0.29997119987097626
CXCR3-,HC,PB_3,AAAGATGAGCCAGAAC-1,-0.29997119987097626
CXCR3+,HC,PB_3,AAAGATGCACAGCCCA-1,0.10662041516637537
CXCR3-,HC,PB_3,AAAGATGGTGTGGCTC-1,0.13486897240338067
CXCR3-,HC,PB_3,AAAGCAAAGTCGCCGT-1,-0.015236681814738699
CXCR3-,HC,PB_3,AAAGCAAAGTGTCCAT-1,0.19897682984807888
CXCR3-,HC,PB_3,AAAGTAGAGGATGGTC-1,0.21150011499946247
CXCR3-,HC,PB_3,AAAGTAGGTTCGCTAA-1,0.2181482068697886
CXCR3+,HC,PB_3,AACACGTCATACGCCG-1,-0.29997119987097626
CXCR3-,HC,PB_3,AACACGTGTGCTGTAT-1-1,-0.29997119987097626
CXCR3-,HC,PB_3,AACACGTTCGACCAGC-1,0.2921628608851136
CXCR3-,HC,PB_3,AACCATGAGACGACGT-1,-0.13677174748812562
CXCR3-,HC,PB_3,AACCATGGTTACTGAC-1,-0.10598224491067645
CXCR3-,HC,PB_3,AACCGCGAGGTTACCT-1,0.35541994324167686
CXCR3-,HC,PB_3,AACCGCGCAGGATTGG-1,-0.29997119987097626
CXCR3-,HC,PB_3,AACCGCGGTATGAAAC-1,-0.29997119987097626
CXCR3-,HC,PB_3,AACCGCGGTGCAGGTA-1,0.25030381607559565
CXCR3-,HC,PB_3,AACGTTGAGTAACCCT-1,-0.29997119987097626
CXCR3-,HC,PB_3,AACGTTGCACCATCCT-1,-0.06396355479110656
CXCR3-,HC,PB_3,AACGTTGCAGACTCGC-1,-0.004229999936625095
CXCR3+,HC,PB_3,AACGTTGTCCACGAAT-1,0.22286245716150588
CXCR3-,HC,PB_3,AACGTTGTCTTTACAC-1,0.1813492431177207
CXCR3-,HC,PB_3,AACTCAGCACGAAGCA-1,-0.10511105496983535
CXCR3+,HC,PB_3,AACTCAGGTGTGAATA-1,-0.054285912243067946
CXCR3-,HC,PB_3,AACTCCCCACGGCCAT-1,-0.29997119987097626
CXCR3-,HC,PB_3,AACTCCCCACGTTGGC-1,-0.29997119987097626
CXCR3-,HC,PB_3,AACTCCCCAGGCGATA-1,0.28087784366458834
CXCR3+,HC,PB_3,AACTCCCGTAAGGGCT-1,-0.00687657982214713
CXCR3-,HC,PB_3,AACTCCCGTGTCCTCT-1,-0.29997119987097626
CXCR3-,HC,PB_3,AACTCCCGTTCTCATT-1,0.5400942647814568
CXCR3-,HC,PB_3,AACTCCCTCACTCTTA-1,0.031864622890244686
CXCR3-,HC,PB_3,AACTCTTAGATGAGAG-1,0.08123637579435368
CXCR3-,HC,PB_3,AACTGGTAGTGTTAGA-1,-0.29997119987097626
CXCR3-,HC,PB_3,AACTGGTCAGTCGTGC-1,-0.29997119987097626
CXCR3-,HC,PB_3,AACTGGTTCTGCGTAA-1,-0.15016118952458893
CXCR3+,HC,PB_3,AACTGGTTCTTCTGGC-1,0.16522752967576768
CXCR3-,HC,PB_3,AACTGGTTCTTGTATC-1,-0.29997119987097626
CXCR3-,HC,PB_3,AACTTTCAGCTGCAAG-1,-0.29997119987097626
CXCR3-,HC,PB_3,AACTTTCCACGAAAGC-1,-0.08849615732122344
CXCR3-,HC,PB_3,AACTTTCGTGTCTGAT-1,0.2633224777667856
CXCR3-,HC,PB_3,AACTTTCTCTCGTTTA-1,0.03973740195572982
CXCR3-,HC,PB_3,AAGACCTAGGATGGTC-1,0.5498414295791391
CXCR3-,HC,PB_3,AAGACCTCAGGTTTCA-1,0.49697342229688013
CXCR3-,HC,PB_3,AAGCCGCAGACCGGAT-1,0.02202265960628477
CXCR3-,HC,PB_3,AAGCCGCTCAGTTGAC-1-1,0.3958753697954777
CXCR3-,HC,PB_3,AAGGAGCAGATCACGG-1,-0.29997119987097626
CXCR3-,HC,PB_3,AAGGAGCAGATGAGAG-1,0.016033368443306113
CXCR3-,HC,PB_3,AAGGAGCGTTATGTGC-1,-0.09944997905849443
CXCR3-,HC,PB_3,AAGGAGCGTTGAACTC-1,-0.11627928255687445
CXCR3-,HC,PB_3,AAGGAGCTCCTGCCAT-1,-0.1530047523194988
CXCR3-,HC,PB_3,AAGGCAGAGGTCATCT-1,-0.009324341097636897
CXCR3-,HC,PB_3,AAGGCAGGTAATAGCA-1,0.07581343724671466
CXCR3-,HC,PB_3,AAGGTTCTCACCCGAG-1,-0.07137494836557652
CXCR3-,HC,PB_3,AAGGTTCTCTAACGGT-1,-0.06840936773154939
CXCR3-,HC,PB_3,AAGTCTGCACTTACGA-1,-0.004204910236201636
CXCR3-,HC,PB_3,AAGTCTGTCCCAAGAT-1,-0.17070269065261362
CXCR3+,HC,PB_3,AATCCAGAGACACGAC-1,0.07074606915839335
CXCR3-,HC,PB_3,AATCCAGAGCTAGTGG-1,0.20680179904409135
CXCR3+,HC,PB_3,AATCCAGAGGGCTTCC-1,0.696030185633233
CXCR3-,HC,PB_3,AATCCAGCAGCCTATA-1,0.12346865730829136
CXCR3-,HC,PB_3,AATCCAGCAGTTCATG-1,-0.29997119987097626
CXCR3-,HC,PB_3,AATCCAGGTGCTTCTC-1,0.15392657831924153
CXCR3-,HC,PB_3,AATCCAGTCATCACCC-1,0.11409555603774793
CXCR3-,HC,PB_3,AATCGGTCAAGCGAGT-1,0.14040096737900362
CXCR3-,HC,PB_3,AATCGGTCAAGCGCTC-1,0.21815159362713324
CXCR3+,HC,PB_3,AATCGGTGTGCTAGCC-1,0.2854194731530509
CXCR3-,HC,PB_3,AATCGGTGTGTTCGAT-1,-0.29997119987097626
CXCR3-,HC,PB_3,AATCGGTGTTCGTCTC-1,-0.004526063727731836
CXCR3-,HC,PB_3,AATCGGTTCAGGATCT-1,-0.29997119987097626
CXCR3-,HC,PB_3,AATCGGTTCCTCCTAG-1,-0.06295721040702781
CXCR3-,HC,PB_3,ACACCAAAGATGGCGT-1,-0.29997119987097626
CXCR3-,HC,PB_3,ACACCAAAGCTAGTCT-1,-0.29997119987097626
CXCR3+,HC,PB_3,ACACCAAAGCTTTGGT-1,-0.29997119987097626
CXCR3-,HC,PB_3,ACACCAAAGGATTCGG-1,0.12488129212787435
CXCR3-,HC,PB_3,ACACCAAAGTGACATA-1,-0.14500217504731644
CXCR3-,HC,PB_3,ACACCAAGTGTCGCTG-1,0.11371206859083109
CXCR3-,HC,PB_3,ACACCCTAGGAGTACC-1,-0.29997119987097626
CXCR3-,HC,PB_3,ACACCCTCATTAGGCT-1,-0.29997119987097626
CXCR3-,HC,PB_3,ACACCCTGTAAATGAC-1,-0.18872242722991542
CXCR3-,HC,PB_3,ACACCCTGTTGTCTTT-1,-0.06212095569838893
CXCR3-,HC,PB_3,ACACCCTTCAAAGACA-1,-0.1095086968602671
CXCR3-,HC,PB_3,ACACCGGAGATATGCA-1,-0.10091716287149619
CXCR3-,HC,PB_3,ACACCGGCATGTCCTC-1,0.262175541818123
CXCR3-,HC,PB_3,ACACCGGTCACCCTCA-1,-0.1741229573272595
CXCR3+,HC,PB_3,ACACTGACACCTCGTT-1,0.09490869757965627
CXCR3-,HC,PB_3,ACAGCCGCAGGCTGAA-1,-0.12354922772089891
CXCR3-,HC,PB_3,ACAGCCGGTTTGGGCC-1,-0.1026673520877858
CXCR3-,HC,PB_3,ACAGCTAAGCGCCTTG-1,-0.29997119987097626
CXCR3-,HC,PB_3,ACAGCTAAGGCAAAGA-1,-0.09176876682007962
CXCR3-,HC,PB_3,ACAGCTAGTAGCGTGA-1,0.12032820813101498
CXCR3-,HC,PB_3,ACAGCTAGTCTCACCT-1,0.025335870880700478
CXCR3-,HC,PB_3,ACATACGAGAGGTTGC-1,0.20865543476940204
CXCR3-,HC,PB_3,ACATACGGTCCGTTAA-1,-0.29997119987097626
CXCR3+,HC,PB_3,ACATACGGTTCCCGAG-1,0.06187580552471251
CXCR3+,HC,PB_3,ACATACGTCCAAATGC-1,-0.05611392304031026
CXCR3-,HC,PB_3,ACATACGTCGGAGCAA-1,0.08978241178430925
CXCR3+,HC,PB_3,ACATACGTCTACCAGA-1,0.276131110909711
CXCR3-,HC,PB_3,ACATCAGCAAGGTGTG-1,-0.06970177823896007
CXCR3-,HC,PB_3,ACATCAGCAGACAGGT-1,0.1361994521838331
CXCR3-,HC,PB_3,ACATGGTAGCCTTGAT-1,0.2939794707750843
CXCR3-,HC,PB_3,ACATGGTCAATAGAGT-1,0.31378696974768
CXCR3-,HC,PB_3,ACCAGTAGTAAGCACG-1,0.1654119526906027
CXCR3-,HC,PB_3,ACCAGTATCTCCAACC-1,-0.29997119987097626
CXCR3-,HC,PB_3,ACCCACTAGAATTCCC-1,-0.29997119987097626
CXCR3-,HC,PB_3,ACCCACTAGATCGGGT-1,0.319232646576178
CXCR3-,HC,PB_3,ACCCACTTCGAATGGG-1,0.4546944973624001
CXCR3-,HC,PB_3,ACCGTAACACTGTCGG-1,-0.29997119987097626
CXCR3-,HC,PB_3,ACCGTAACAGCGAACA-1,-0.18081204087814612
CXCR3-,HC,PB_3,ACCGTAACAGTCAGCC-1,-0.14439525053603042
CXCR3-,HC,PB_3,ACCGTAAGTGATGTCT-1,-0.29997119987097626
CXCR3-,HC,PB_3,ACCGTAATCGTTTAGG-1,-0.08967182743714641
CXCR3+,HC,PB_3,ACCGTAATCTAACTGG-1,-0.17863974970231908
CXCR3-,HC,PB_3,ACCGTAATCTGTCAAG-1,0.010369071856947687
CXCR3-,HC,PB_3,ACCTTTAAGTGTCCAT-1,0.019002865029251765
CXCR3-,HC,PB_3,ACCTTTAGTACATCCA-1,-0.29997119987097626
CXCR3+,HC,PB_3,ACCTTTAGTCTCACCT-1,-0.29997119987097626
CXCR3+,HC,PB_3,ACCTTTATCGACAGCC-1,-0.29997119987097626
CXCR3-,HC,PB_3,ACGAGCCTCCTTCAAT-1,-0.29997119987097626
CXCR3-,HC,PB_3,ACGAGGAAGAATTGTG-1,-0.29997119987097626
CXCR3+,HC,PB_3,ACGAGGAGTAGATTAG-1,-0.10711726108944229
CXCR3+,HC,PB_3,ACGATACCAGTGAGTG-1,0.09340874657142346
CXCR3-,HC,PB_3,ACGATACGTACACCGC-1,-0.29997119987097626
CXCR3-,HC,PB_3,ACGATGTAGTGTCTCA-1,-0.1888202449065513
CXCR3-,HC,PB_3,ACGATGTCAACGATGG-1,-0.09429532114313426
CXCR3-,HC,PB_3,ACGATGTGTAGCTCCG-1,0.03769482374701346
CXCR3+,HC,PB_3,ACGATGTGTGGGTATG-1,-0.09750714822405644
CXCR3+,HC,PB_3,ACGATGTTCGTGGTCG-1,0.06567372259598413
CXCR3-,HC,PB_3,ACGCAGCAGCGTTGCC-1,-0.29997119987097626
CXCR3+,HC,PB_3,ACGCAGCCACGTAAGG-1,0.18300380342414727
CXCR3-,HC,PB_3,ACGCAGCTCCACGACG-1,-0.07139627479277713
CXCR3-,HC,PB_3,ACGCAGCTCTCTGCTG-1,-0.04525998538677283
CXCR3+,HC,PB_3,ACGCCAGAGACAGACC-1,0.16667850741677073
CXCR3-,HC,PB_3,ACGCCAGAGCCTATGT-1,0.30196675640884685
CXCR3-,HC,PB_3,ACGCCAGTCATCGATG-1,0.009255858661696505
CXCR3-,HC,PB_3,ACGCCAGTCGTTTGCC-1,0.13147215216945166
CXCR3-,HC,PB_3,ACGCCGAGTAAGCACG-1,-0.12985906325537583
CXCR3-,HC,PB_3,ACGCCGAGTGGAAAGA-1,0.08502561418295608
CXCR3-,HC,PB_3,ACGGAGAAGCGCCTTG-1,-0.29997119987097626
CXCR3-,HC,PB_3,ACGGAGACACGGTGTC-1,-0.22024975825180018
CXCR3+,HC,PB_3,ACGGAGAGTCGAGTTT-1,-0.07136959646681641
CXCR3-,HC,PB_3,ACGGAGATCTCCAACC-1,0.028324211078227673
CXCR3-,HC,PB_3,ACGGCCAAGACTGGGT-1,0.1848927254609254
CXCR3-,HC,PB_3,ACGGCCAGTAGGACAC-1,0.11160078394440227
CXCR3-,HC,PB_3,ACGGCCAGTGATGTCT-1,-0.18785339285028477
CXCR3-,HC,PB_3,ACGGGCTAGAGCTGCA-1,-0.29997119987097626
CXCR3-,HC,PB_3,ACGGGCTCATGTCGAT-1,0.0985632711436157
CXCR3-,HC,PB_3,ACGGGCTTCCCTCTTT-1,0.07826469300679925
CXCR3+,HC,PB_3,ACGGGCTTCCTTTACA-1,-0.09533543902067539
CXCR3+,HC,PB_3,ACGGGTCGTTAGAACA-1,-0.19605496731866295
CXCR3-,HC,PB_3,ACGGGTCTCGCCCTTA-1,-0.19844055807363806
CXCR3-,HC,PB_3,ACGTCAAAGCCAGTTT-1,-0.11795036583120941
CXCR3-,HC,PB_3,ACGTCAAAGCTTCGCG-1,0.641948042271029
CXCR3-,HC,PB_3,ACGTCAATCCAAAGTC-1,-0.014071262588310028
CXCR3-,HC,PB_3,ACTATCTCAATACGCT-1,-0.29997119987097626
CXCR3-,HC,PB_3,ACTATCTGTAGCTTGT-1,0.146521863694608
CXCR3-,HC,PB_3,ACTGAACTCGTAGGTT-1,0.2874711970301872
CXCR3-,HC,PB_3,ACTGAGTAGCGTTCCG-1,0.3625230316356882
CXCR3-,HC,PB_3,ACTGAGTAGGCAAAGA-1,0.47337258976626057
CXCR3-,HC,PB_3,ACTGAGTCACATGACT-1,-0.022507641644382258
CXCR3-,HC,PB_3,ACTGAGTTCAGAGCTT-1,-0.011279106301156047
CXCR3-,HC,PB_3,ACTGATGAGCGAAGGG-1,0.030424069154314424
CXCR3-,HC,PB_3,ACTGATGGTTCAACCA-1,-0.027735450801081644
CXCR3-,HC,PB_3,ACTGCTCAGCCACCTG-1,-0.16672783080270606
CXCR3-,HC,PB_3,ACTGCTCAGGGTTCCC-1,0.02910265924479933
CXCR3-,HC,PB_3,ACTGCTCCAGCGAACA-1,0.1740421475007525
CXCR3-,HC,PB_3,ACTGCTCCAGGCGATA-1,-0.29997119987097626
CXCR3-,HC,PB_3,ACTGTCCAGCTGAAAT-1,0.6191167361734733
CXCR3-,HC,PB_3,ACTTACTTCGCAGGCT-1,0.09815689141296353
CXCR3-,HC,PB_3,ACTTGTTCAAGTTCTG-1,-0.18839961483264936
CXCR3-,HC,PB_3,ACTTTCAAGTACGCCC-1,0.020619295892442206
CXCR3-,HC,PB_3,ACTTTCATCCCTAATT-1,0.024583380312417833
CXCR3+,HC,PB_3,AGAATAGAGACCTAGG-1,0.13328987263600753
CXCR3-,HC,PB_3,AGAATAGAGGAGCGAG-1,-0.048200051185355156
CXCR3-,HC,PB_3,AGAATAGAGTCTCGGC-1,-0.29997119987097626
CXCR3+,HC,PB_3,AGAATAGGTTATCGGT-1,0.8504118955932031
CXCR3-,HC,PB_3,AGAATAGTCCGTTGCT-1,0.060234525207659644
CXCR3-,HC,PB_3,AGAATAGTCTTCGGTC-1,0.46352381627997596
CXCR3-,HC,PB_3,AGAGCGAGTGATGTCT-1,-0.29997119987097626
CXCR3+,HC,PB_3,AGAGCTTAGATGTCGG-1,0.09860689055041429
CXCR3-,HC,PB_3,AGAGCTTAGCAATCTC-1,-0.29997119987097626
CXCR3+,HC,PB_3,AGAGCTTCACATCTTT-1,0.0810967728462993
CXCR3-,HC,PB_3,AGAGCTTTCATTGCGA-1,-0.08877212647376033
CXCR3-,HC,PB_3,AGAGCTTTCCCTGACT-1,0.01926658914343249
CXCR3-,HC,PB_3,AGAGCTTTCTCAAGTG-1,-0.03565822712145038
CXCR3-,HC,PB_3,AGAGTGGTCATATCGG-1,0.07537560973358606
CXCR3+,HC,PB_3,AGATCTGAGTACACCT-1,-0.1878047858457544
CXCR3-,HC,PB_3,AGATCTGCATGAACCT-1,0.19566404994904427
CXCR3+,HC,PB_3,AGATCTGTCACCGTAA-1,0.15442022704410857
CXCR3-,HC,PB_3,AGATCTGTCTGCTTGC-1,-0.24010456663191
CXCR3-,HC,PB_3,AGATTGCGTGCGATAG-1,-0.07642607058358361
CXCR3-,HC,PB_3,AGATTGCGTTATGCGT-1,-0.03086384192925626
CXCR3-,HC,PB_3,AGCAGCCTCGTTTGCC-1,-0.11664875238861194
CXCR3-,HC,PB_3,AGCAGCCTCTTGTTTG-1,-0.29997119987097626
CXCR3-,HC,PB_3,AGCATACAGTGCGATG-1,0.04080770643248915
CXCR3-,HC,PB_3,AGCCTAAAGAGCTATA-1,0.499514464238813
CXCR3+,HC,PB_3,AGCCTAATCGGATGTT-1,-0.01636078272238517
CXCR3-,HC,PB_3,AGCCTAATCGGCTACG-1,0.2201321715827886
CXCR3-,HC,PB_3,AGCGGTCAGTGGTCCC-1,0.5193159154397331
CXCR3-,HC,PB_3,AGCGGTCCACCAGTTA-1,0.07158090218133421
CXCR3-,HC,PB_3,AGCGGTCGTATTACCG-1,-0.19257115314309212
CXCR3-,HC,PB_3,AGCGTATAGAAGAAGC-1,0.7219497005281993
CXCR3-,HC,PB_3,AGCGTATAGATAGCAT-1,0.23229192853229735
CXCR3+,HC,PB_3,AGCGTATAGGATCGCA-1,0.3993277565395073
CXCR3-,HC,PB_3,AGCGTATCACGCTTTC-1,-0.08753973622472788
CXCR3-,HC,PB_3,AGCGTATCAGCCTATA-1,-0.02218070443911564
CXCR3-,HC,PB_3,AGCGTATTCAGCAACT-1,-0.023364377308570907
CXCR3-,HC,PB_3,AGCGTATTCATAACCG-1,-0.0621453282106436
CXCR3-,HC,PB_3,AGCGTATTCCTTGCCA-1,-0.29997119987097626
CXCR3-,HC,PB_3,AGCGTCGAGGCGCTCT-1,-0.29997119987097626
CXCR3-,HC,PB_3,AGCGTCGCATTCGACA-1,0.007097271867118092
CXCR3-,HC,PB_3,AGCTCCTAGATGGGTC-1,-0.29997119987097626
CXCR3+,HC,PB_3,AGCTCCTCATTTGCTT-1,0.5610295548488529
CXCR3-,HC,PB_3,AGCTCCTGTGGGTATG-1,0.5596388359938321
CXCR3-,HC,PB_3,AGCTCCTTCTGTTGAG-1,-0.29997119987097626
CXCR3-,HC,PB_3,AGCTTGAGTACCCAAT-1,-0.0989997981206565
CXCR3+,HC,PB_3,AGCTTGAGTCCCTTGT-1,0.10808397937127087
CXCR3+,HC,PB_3,AGCTTGATCGCCAAAT-1,0.22929818684066822
CXCR3+,HC,PB_3,AGCTTGATCGTCCAGG-1,0.4573092383511329
CXCR3-,HC,PB_3,AGGCCACCACAGTCGC-1,-0.29997119987097626
CXCR3+,HC,PB_3,AGGCCACCACGAAATA-1,0.05877772637765439
CXCR3-,HC,PB_3,AGGCCGTAGCGAGAAA-1,0.004931980046549552
CXCR3-,HC,PB_3,AGGCCGTGTCGTTGTA-1,0.03594001587419282
CXCR3-,HC,PB_3,AGGCCGTTCAAACCAC-1,-0.29997119987097626
CXCR3-,HC,PB_3,AGGGATGCAGACGCCT-1-1,-0.09142081478182004
CXCR3-,HC,PB_3,AGGGTGAGTAGAGCTG-1,0.6160955438533081
CXCR3-,HC,PB_3,AGGGTGAGTCGTGGCT-1,0.29046104229837205
CXCR3-,HC,PB_3,AGGGTGAGTTATCCGA-1,-0.12393992433250291
CXCR3-,HC,PB_3,AGGTCCGAGCTGATAA-1,-0.14856780339409553
CXCR3+,HC,PB_3,AGTAGTCCATCAGTCA-1,0.014257958561495556
CXCR3+,HC,PB_3,AGTAGTCTCCTGCAGG-1,0.1642579172455481
CXCR3-,HC,PB_3,AGTAGTCTCTTTAGTC-1,0.9289480290772286
CXCR3-,HC,PB_3,AGTCTTTAGTGAACAT-1,0.1921923376234461
CXCR3-,HC,PB_3,AGTCTTTCATCTCGCT-1,0.5569575330849373
CXCR3-,HC,PB_3,AGTCTTTGTCCTCTTG-1,-0.29997119987097626
CXCR3-,HC,PB_3,AGTCTTTGTCTCTCTG-1,-0.29997119987097626
CXCR3-,HC,PB_3,AGTCTTTTCGTAGGAG-1,-0.18333429768173487
CXCR3+,HC,PB_3,AGTGAGGTCCCTTGCA-1,-0.1262066648712308
CXCR3-,HC,PB_3,AGTGAGGTCGTGGACC-1,-0.29997119987097626
CXCR3-,HC,PB_3,AGTGGGAAGCTCCTCT-1,-0.29997119987097626
CXCR3-,HC,PB_3,AGTTGGTAGAATGTTG-1,-0.19818635190612338
CXCR3-,HC,PB_3,AGTTGGTCAATAGAGT-1,-0.0677035946893364
CXCR3+,HC,PB_3,AGTTGGTTCCATGAAC-1,-0.13644664069384796
CXCR3-,HC,PB_3,ATAACGCGTTCCGTCT-1,0.5511037728861782
CXCR3-,HC,PB_3,ATAAGAGAGGATATAC-1,-0.0152270294386422
CXCR3-,HC,PB_3,ATAAGAGAGTCTTGCA-1,-0.07129981286461191
CXCR3-,HC,PB_3,ATAAGAGGTTGGGACA-1,0.21369462351345986
CXCR3-,HC,PB_3,ATAGACCCAAGCCGCT-1,0.22217753568960869
CXCR3-,HC,PB_3,ATAGACCGTTAGTGGG-1,0.41842783632425995
CXCR3-,HC,PB_3,ATAGACCTCAAGCCTA-1,-0.29997119987097626
CXCR3-,HC,PB_3,ATCACGAAGATAGTCA-1,-0.16795275341496835
CXCR3-,HC,PB_3,ATCACGACACGACTCG-1,0.19551282209217277
CXCR3-,HC,PB_3,ATCATCTAGGGTATCG-1,-0.29997119987097626
CXCR3-,HC,PB_3,ATCATCTCATGTCGAT-1,-0.29997119987097626
CXCR3+,HC,PB_3,ATCATCTGTGAGGGTT-1,-0.1970741021475473
CXCR3-,HC,PB_3,ATCATCTGTTCAACCA-1,-0.29997119987097626
CXCR3+,HC,PB_3,ATCATCTGTTGTGGCC-1,-0.18841370264085883
CXCR3-,HC,PB_3,ATCATGGAGAAGGTTT-1,-0.29997119987097626
CXCR3-,HC,PB_3,ATCATGGAGTCTTGCA-1,-0.09775462862887793
CXCR3-,HC,PB_3,ATCATGGCATGGGAAC-1,0.1940156678724507
CXCR3+,HC,PB_3,ATCATGGGTCGCATCG-1,0.2571827707104986
CXCR3+,HC,PB_3,ATCATGGTCAAGGTAA-1,-0.15953354344743526
CXCR3-,HC,PB_3,ATCATGGTCATCACCC-1,-0.027323945471069637
CXCR3-,HC,PB_3,ATCATGGTCTGCGGCA-1,0.40650515953568955
CXCR3-,HC,PB_3,ATCCACCAGATATACG-1,-0.29997119987097626
CXCR3-,HC,PB_3,ATCCACCAGGGTATCG-1,-0.18605113501102566
CXCR3-,HC,PB_3,ATCCACCCAAGGTGTG-1,-0.29997119987097626
CXCR3+,HC,PB_3,ATCCACCGTAAGTAGT-1,0.377321853549465
CXCR3-,HC,PB_3,ATCCGAAGTCTGATTG-1,-0.08773704416106294
CXCR3-,HC,PB_3,ATCCGAATCATGCAAC-1,0.4497690270785616
CXCR3-,HC,PB_3,ATCCGAATCCCAAGTA-1,-0.0448299178937721
CXCR3-,HC,PB_3,ATCCGAATCGGTTCGG-1,-0.29997119987097626
CXCR3-,HC,PB_3,ATCCGAATCTTAACCT-1,0.2290944048573032
CXCR3-,HC,PB_3,ATCGAGTAGTGAAGTT-1,0.0976800471803929
CXCR3-,HC,PB_3,ATCGAGTAGTTCGCGC-1,0.11425008781300254
CXCR3-,HC,PB_3,ATCGAGTCAGATGAGC-1,0.8004115050674441
CXCR3-,HC,PB_3,ATCGAGTCATCCAACA-1,0.6693370678426435
CXCR3-,HC,PB_3,ATCGAGTGTAAGGGAA-1,0.34069399279291274
CXCR3-,HC,PB_3,ATCGAGTTCAAGGCTT-1,-0.0993492751900135
CXCR3-,HC,PB_3,ATCTACTAGCATCATC-1,-0.29997119987097626
CXCR3+,HC,PB_3,ATCTGCCCACAGGAGT-1,-0.17977520397860203
CXCR3-,HC,PB_3,ATCTGCCGTATAGGGC-1,0.15907204227636934
CXCR3-,HC,PB_3,ATGAGGGAGCAGCCTC-1,-0.29997119987097626
CXCR3-,HC,PB_3,ATGAGGGCATTCTCAT-1,-0.15422209986357638
CXCR3-,HC,PB_3,ATGAGGGTCGGATGTT-1,0.3116700091308448
CXCR3-,HC,PB_3,ATGAGGGTCTCTTATG-1,-0.08750464033950871
CXCR3-,HC,PB_3,ATGAGGGTCTTATCTG-1,-0.29997119987097626
CXCR3-,HC,PB_3,ATGCGATCACGAGAGT-1,-0.29997119987097626
CXCR3-,HC,PB_3,ATGCGATTCAGTCCCT-1-1,0.4042145196319515
CXCR3-,HC,PB_3,ATGGGAGCAACCGCCA-1,-0.29997119987097626
CXCR3-,HC,PB_3,ATGGGAGGTAATCACC-1,-0.02345437482034298
CXCR3-,HC,PB_3,ATGGGAGTCAACCATG-1,0.8038527946920073
CXCR3-,HC,PB_3,ATGTGTGAGCACACAG-1,-0.14630849001069132
CXCR3-,HC,PB_3,ATGTGTGGTATTCGTG-1,-0.11468371666467135
CXCR3-,HC,PB_3,ATGTGTGGTTATCGGT-1,-0.29997119987097626
CXCR3-,HC,PB_3,ATTACTCCACGACTCG-1,0.35354025733123856
CXCR3-,HC,PB_3,ATTACTCCACTGTTAG-1,-0.29997119987097626
CXCR3-,HC,PB_3,ATTACTCTCAATCACG-1,0.0997690231394713
CXCR3-,HC,PB_3,ATTACTCTCATGCAAC-1,-0.29997119987097626
CXCR3-,HC,PB_3,ATTATCCAGCGACGTA-1,-0.16969467398633672
CXCR3-,HC,PB_3,ATTATCCAGTCTCCTC-1,0.0854402250877814
CXCR3-,HC,PB_3,ATTATCCAGTGGAGAA-1,0.26030776036084674
CXCR3-,HC,PB_3,ATTATCCCATTCCTGC-1,0.041962675521265584
CXCR3-,HC,PB_3,ATTATCCGTCCGCTGA-1,-0.29997119987097626
CXCR3-,HC,PB_3,ATTATCCGTTCAGTAC-1,-0.10036055836684502
CXCR3-,HC,PB_3,ATTCTACGTTCACGGC-1,-0.29997119987097626
CXCR3-,HC,PB_3,ATTGGACAGAGAACAG-1,-0.1824948109268892
CXCR3-,HC,PB_3,ATTGGACCAGCCAGAA-1,-0.06138014303267735
CXCR3-,HC,PB_3,ATTGGACTCACGACTA-1,-0.10139142516010256
CXCR3-,HC,PB_3,ATTGGTGAGGCAAAGA-1,0.8950253680963302
CXCR3-,HC,PB_3,ATTGGTGCAATCTGCA-1,0.36068396306162237
CXCR3+,HC,PB_3,ATTTCTGGTGCTAGCC-1,0.14720761744172564
CXCR3+,HC,PB_3,ATTTCTGTCCTGTAGA-1,-0.05152327828643375
CXCR3-,HC,PB_3,ATTTCTGTCGGGAGTA-1,-0.1683836170795736
CXCR3-,HC,PB_3,CAACCAAAGATCGGGT-1,-0.12080294755739159
CXCR3-,HC,PB_3,CAACCAAAGGCCGAAT-1,-0.29997119987097626
CXCR3+,HC,PB_3,CAACTAGAGGAGCGAG-1,-0.22109353240531204
CXCR3-,HC,PB_3,CAACTAGTCCGAACGC-1,-0.29997119987097626
CXCR3-,HC,PB_3,CAAGAAAAGCCCGAAA-1,-0.1503815898851375
CXCR3-,HC,PB_3,CAAGAAACAGTACACT-1,0.01303573717280653
CXCR3-,HC,PB_3,CAAGAAAGTCCTCTTG-1,-0.29997119987097626
CXCR3-,HC,PB_3,CAAGAAATCACATACG-1,-0.11700942547860668
CXCR3-,HC,PB_3,CAAGATCAGCCCAGCT-1,0.022017014947435274
CXCR3-,HC,PB_3,CAAGATCGTCGGCACT-1,0.33104898476858763
CXCR3-,HC,PB_3,CAAGATCTCGGAATCT-1,-0.12871410720761758
CXCR3-,HC,PB_3,CAAGGCCCAATAACGA-1,-0.18171701261116363
CXCR3-,HC,PB_3,CAAGGCCCACAGAGGT-1,-0.29997119987097626
CXCR3-,HC,PB_3,CAAGGCCTCGATGAGG-1,-0.12738207933979112
CXCR3-,HC,PB_3,CAAGGCCTCTGCGTAA-1,-0.1763271367373398
CXCR3-,HC,PB_3,CAAGTTGAGATATGCA-1,-0.29997119987097626
CXCR3-,HC,PB_3,CAAGTTGAGGTGTTAA-1,-0.29997119987097626
CXCR3-,HC,PB_3,CAAGTTGCAGGGAGAG-1,0.5238746604625273
CXCR3-,HC,PB_3,CAAGTTGTCGCCGTGA-1,-0.29997119987097626
CXCR3-,HC,PB_3,CACAAACAGGTGGGTT-1,-0.29997119987097626
CXCR3+,HC,PB_3,CACACAACACGGCCAT-1,-0.29997119987097626
CXCR3-,HC,PB_3,CACACAATCTTTCCTC-1,-0.11081065145585602
CXCR3-,HC,PB_3,CACACCTAGAAACCGC-1,-0.011376580090933472
CXCR3-,HC,PB_3,CACACCTAGACACGAC-1,0.05790059725807338
CXCR3-,HC,PB_3,CACACCTCATCGGGTC-1,-0.072297650954067
CXCR3-,HC,PB_3,CACACCTTCGTCGTTC-1,-0.09790508150522677
CXCR3-,HC,PB_3,CACACTCCAGCTTCGG-1,-0.013097490089219316
CXCR3-,HC,PB_3,CACACTCCATCCGTGG-1,-0.29997119987097626
CXCR3+,HC,PB_3,CACACTCGTGGGTCAA-1,-0.29997119987097626
CXCR3-,HC,PB_3,CACAGGCCAGACGCTC-1,-0.29997119987097626
CXCR3-,HC,PB_3,CACAGGCCAGGACGTA-1,-0.052849899063554535
CXCR3-,HC,PB_3,CACAGGCGTCCCTTGT-1,-0.15230290145480987
CXCR3-,HC,PB_3,CACAGGCTCCTGCCAT-1,-0.29997119987097626
CXCR3-,HC,PB_3,CACATAGAGACCTAGG-1,-0.29997119987097626
CXCR3-,HC,PB_3,CACATAGAGTACGACG-1,-0.29997119987097626
CXCR3-,HC,PB_3,CACATAGTCAGCACAT-1,-0.009009719746634627
CXCR3-,HC,PB_3,CACATAGTCGAGAACG-1,-0.12575567628345985
CXCR3-,HC,PB_3,CACATAGTCGGATGTT-1,0.05765136580107266
CXCR3-,HC,PB_3,CACATTTCATTCCTCG-1,0.15787685590702558
CXCR3-,HC,PB_3,CACATTTTCGCAGGCT-1,-0.058477909804325615
CXCR3-,HC,PB_3,CACATTTTCTCTAGGA-1,0.026551013658029272
CXCR3-,HC,PB_3,CACATTTTCTTTAGGG-1,0.424081270832629
CXCR3-,HC,PB_3,CACCACTCAGCTCGCA-1,0.012008316494098361
CXCR3-,HC,PB_3,CACCACTCATCACGTA-1,0.017006425035131778
CXCR3+,HC,PB_3,CACCACTTCGTACCGG-1,0.2993949868392121
CXCR3-,HC,PB_3,CACCAGGCACACAGAG-1,-0.29997119987097626
CXCR3-,HC,PB_3,CACCAGGTCGTCTGCT-1,0.45032287904355
CXCR3-,HC,PB_3,CACCAGGTCTCACATT-1,-0.04765797226759988
CXCR3-,HC,PB_3,CACCTTGAGACAAGCC-1,-0.11137436789605183
CXCR3-,HC,PB_3,CACCTTGAGCCGTCGT-1,0.13202092276134203
CXCR3+,HC,PB_3,CACCTTGCAAGACGTG-1,0.18366441125501679
CXCR3-,HC,PB_3,CACCTTGGTAGCCTCG-1,0.501163347920052
CXCR3-,HC,PB_3,CACCTTGGTTGTCTTT-1,0.31810633440971087
CXCR3-,HC,PB_3,CACTCCACACTTACGA-1,-0.0025570960180127944
CXCR3-,HC,PB_3,CAGAATCTCTGACCTC-1,0.17381255073308152
CXCR3-,HC,PB_3,CAGAGAGAGTGACTCT-1,0.7029163531010815
CXCR3-,HC,PB_3,CAGAGAGTCAGGTAAA-1,0.02178292116980266
CXCR3-,HC,PB_3,CAGAGAGTCGTAGATC-1,-0.29997119987097626
CXCR3-,HC,PB_3,CAGAGAGTCTTCAACT-1,-0.07967714863436316
CXCR3-,HC,PB_3,CAGCAGCCACAACGTT-1,-0.19969295040370763
CXCR3-,HC,PB_3,CAGCAGCGTTCCGGCA-1,-0.06004377428112236
CXCR3-,HC,PB_3,CAGCAGCTCAGATAAG-1,-0.29997119987097626
CXCR3-,HC,PB_3,CAGCCGAAGCCCTAAT-1,-0.29997119987097626
CXCR3-,HC,PB_3,CAGCCGAGTAACGCGA-1,-0.29997119987097626
CXCR3-,HC,PB_3,CAGCCGATCGGAAACG-1,-0.06781835620190642
CXCR3-,HC,PB_3,CAGCCGATCGGATGTT-1,-0.29997119987097626
CXCR3-,HC,PB_3,CAGCCGATCTACCTGC-1,0.08513233880330232
CXCR3-,HC,PB_3,CAGCGACAGCTCTCGG-1,-0.29997119987097626
CXCR3-,HC,PB_3,CAGCGACAGGGAGTAA-1,0.6044726695215282
CXCR3-,HC,PB_3,CAGCGACCATTTCAGG-1,-0.03689524028639423
CXCR3+,HC,PB_3,CAGCGACGTAACGACG-1,0.32962419821516276
CXCR3+,HC,PB_3,CAGCTAACATGAGCGA-1,-0.29997119987097626
CXCR3-,HC,PB_3,CAGCTAAGTGGTCCGT-1,0.13958928535077728
CXCR3-,HC,PB_3,CAGCTGGCATGGGAAC-1,-0.29997119987097626
CXCR3-,HC,PB_3,CAGCTGGGTCTCATCC-1,0.7239033626936392
CXCR3-,HC,PB_3,CAGGTGCAGATAGGAG-1,-0.29997119987097626
CXCR3-,HC,PB_3,CAGTAACAGGCTCAGA-1,-0.08809941374921203
CXCR3-,HC,PB_3,CAGTAACGTATATGAG-1,0.6124665603843081
CXCR3+,HC,PB_3,CAGTCCTCAGCGTAAG-1,0.4025946736580334
CXCR3+,HC,PB_3,CAGTCCTGTCTTGCGG-1,0.17942191148616352
CXCR3-,HC,PB_3,CAGTCCTTCGCGTTTC-1,0.13603649933001585
CXCR3-,HC,PB_3,CATATGGTCCGAGCCA-1,0.18307183339637842
CXCR3-,HC,PB_3,CATATGGTCCGTTGCT-1,-0.08578819553599204
CXCR3-,HC,PB_3,CATATTCAGGGCTTGA-1,0.06851816094771888
CXCR3-,HC,PB_3,CATATTCGTAAGGATT-1,-0.29997119987097626
CXCR3-,HC,PB_3,CATATTCGTTGCGCAC-1,0.2227562679673493
CXCR3+,HC,PB_3,CATCAAGGTGTATGGG-1,-0.1387595114418098
CXCR3-,HC,PB_3,CATCAAGGTGTCCTCT-1,0.2024492199030661
CXCR3-,HC,PB_3,CATCAAGTCGGAAATA-1,-0.29997119987097626
CXCR3+,HC,PB_3,CATCAGACAAGGTTTC-1,-0.20868458775586116
CXCR3-,HC,PB_3,CATCAGAGTTTAAGCC-1,-0.08827361335617567
CXCR3-,HC,PB_3,CATCCACAGACCACGA-1,-0.19412555877019927
CXCR3-,HC,PB_3,CATCCACAGCAGGCTA-1,-0.07558138366653884
CXCR3-,HC,PB_3,CATCCACCATGGTCAT-1,0.5272869325371501
CXCR3-,HC,PB_3,CATCCACGTAGGGACT-1,-0.29997119987097626
CXCR3-,HC,PB_3,CATCGAAAGCGCCTCA-1,0.23109398792651312
CXCR3+,HC,PB_3,CATCGAACATCACAAC-1,0.23587423223777607
CXCR3-,HC,PB_3,CATCGGGAGGACACCA-1,-0.29997119987097626
CXCR3-,HC,PB_3,CATCGGGGTACCGTTA-1,-0.29997119987097626
CXCR3-,HC,PB_3,CATCGGGGTCACAAGG-1,0.5665278319551973
CXCR3-,HC,PB_3,CATCGGGGTCTCTTTA-1,-0.29997119987097626
CXCR3-,HC,PB_3,CATGACACACCAGCAC-1,-0.29997119987097626
CXCR3-,HC,PB_3,CATGACACAGGCTGAA-1,0.32300655304564546
CXCR3-,HC,PB_3,CATGCCTAGAACTGTA-1,-0.10609325590827352
CXCR3+,HC,PB_3,CATGCCTCAGCCTGTG-1,0.18618667845467993
CXCR3-,HC,PB_3,CATGCCTGTTCCACTC-1,-0.29997119987097626
CXCR3-,HC,PB_3,CATGGCGGTATATGGA-1,-0.29997119987097626
CXCR3-,HC,PB_3,CATGGCGTCGGATGGA-1,0.025983125944350944
CXCR3-,HC,PB_3,CATTATCGTTTAGCTG-1,-0.19228550583720067
CXCR3-,HC,PB_3,CATTCGCGTTGGACCC-1,-0.06936634558061772
CXCR3-,HC,PB_3,CCAATCCAGGACATTA-1,-0.10815855977819082
CXCR3-,HC,PB_3,CCAATCCTCACAGTAC-1,-0.028790862240406695
CXCR3-,HC,PB_3,CCACCTACAACAACCT-1,0.1953291294475972
CXCR3-,HC,PB_3,CCACCTAGTGTGAAAT-1,-0.19189328578584428
CXCR3-,HC,PB_3,CCACCTAGTTCCATGA-1,-0.29997119987097626
CXCR3-,HC,PB_3,CCACCTATCACGCATA-1,-0.15595725248930448
CXCR3-,HC,PB_3,CCACCTATCTTGTTTG-1,0.07228344101995036
CXCR3-,HC,PB_3,CCACGGATCGCTGATA-1,0.09354486247611773
CXCR3-,HC,PB_3,CCACTACAGATAGCAT-1,-0.29997119987097626
CXCR3-,HC,PB_3,CCACTACCAGATGGCA-1,0.001232134117500053
CXCR3-,HC,PB_3,CCACTACGTACCGGCT-1,-0.10832009507918372
CXCR3-,HC,PB_3,CCAGCGAAGGAATTAC-1,-0.29997119987097626
CXCR3-,HC,PB_3,CCAGCGACACCTCGGA-1,-0.29997119987097626
CXCR3-,HC,PB_3,CCAGCGACACGTAAGG-1,-0.29997119987097626
CXCR3-,HC,PB_3,CCATGTCTCAAGGTAA-1,0.4506886030114991
CXCR3-,HC,PB_3,CCATGTCTCGATAGAA-1,0.017642270180878668
CXCR3-,HC,PB_3,CCATTCGAGACCACGA-1,0.07553844040386302
CXCR3-,HC,PB_3,CCATTCGAGCCCTAAT-1,0.004104020022232456
CXCR3-,HC,PB_3,CCATTCGGTCCGTGAC-1,-0.29997119987097626
CXCR3-,HC,PB_3,CCCAATCAGCCTTGAT-1,-0.29997119987097626
CXCR3-,HC,PB_3,CCCAATCTCTCCAACC-1,0.31677444289033413
CXCR3-,HC,PB_3,CCCTCCTCACCGATAT-1,0.03809830364840105
CXCR3-,HC,PB_3,CCCTCCTTCAAACCAC-1-1,0.8109276759284132
CXCR3-,HC,PB_3,CCGGGATAGGACTGGT-1,-0.11951357758835969
CXCR3-,HC,PB_3,CCGGGATTCCCTTGCA-1,-0.13791444215989185
CXCR3-,HC,PB_3,CCGGTAGAGTCTCAAC-1,0.30984606794345965
CXCR3-,HC,PB_3,CCGGTAGCACCGAAAG-1,-0.29997119987097626
CXCR3-,HC,PB_3,CCGTACTAGTCAATAG-1,-0.13717744589176228
CXCR3-,HC,PB_3,CCGTACTCAAGAAGAG-1,-0.10315416053538248
CXCR3-,HC,PB_3,CCGTACTGTTCGGGCT-1,-0.05913292624174647
CXCR3-,HC,PB_3,CCGTACTTCATGTCCC-1,0.3926546350210815
CXCR3-,HC,PB_3,CCGTGGAAGTGTTAGA-1,0.13103896088728204
CXCR3-,HC,PB_3,CCGTGGACACCCATTC-1,0.46391203491511807
CXCR3+,HC,PB_3,CCGTGGATCGCTTAGA-1,-0.09979205764924341
CXCR3-,HC,PB_3,CCGTTCAGTACCGTTA-1,-0.040669857475309844
CXCR3-,HC,PB_3,CCGTTCAGTCCGTCAG-1,0.43796172553872015
CXCR3+,HC,PB_3,CCGTTCATCATGTCCC-1,-0.11563364875300929
CXCR3-,HC,PB_3,CCGTTCATCTCTGCTG-1,0.03799083548327183
CXCR3-,HC,PB_3,CCGTTCATCTGATACG-1,-0.29997119987097626
CXCR3-,HC,PB_3,CCTAAAGCACAGACTT-1,-0.29997119987097626
CXCR3-,HC,PB_3,CCTACACAGAGTGAGA-1,-0.1779498248691295
CXCR3-,HC,PB_3,CCTACACAGTATCGAA-1,-0.03546698809407563
CXCR3-,HC,PB_3,CCTACACCAGCTGGCT-1,0.1598023154540551
CXCR3-,HC,PB_3,CCTACACTCTTGAGAC-1,-0.29997119987097626
CXCR3+,HC,PB_3,CCTACCACATGTTGAC-1,-0.18701514192703086
CXCR3-,HC,PB_3,CCTACCAGTGCATCTA-1,0.3733009759420152
CXCR3-,HC,PB_3,CCTACCAGTGTGCGTC-1,-0.09793879350864627
CXCR3-,HC,PB_3,CCTAGCTAGAGGTAGA-1,0.26117563699399066
CXCR3-,HC,PB_3,CCTAGCTCACCACGTG-1,0.14959225965516126
CXCR3-,HC,PB_3,CCTATTAGTTGTCGCG-1,0.1297015167300321
CXCR3-,HC,PB_3,CCTCAGTAGCGTGAGT-1,-0.1723818589406109
CXCR3+,HC,PB_3,CCTCAGTAGCTAGTGG-1,-0.2050888094939133
CXCR3-,HC,PB_3,CCTCAGTAGGAGTTGC-1,-0.008090739860644843
CXCR3-,HC,PB_3,CCTCAGTGTCTGATCA-1,-0.29997119987097626
CXCR3-,HC,PB_3,CCTCAGTGTGAGGGTT-1,-0.29997119987097626
CXCR3-,HC,PB_3,CCTCAGTGTGGTTTCA-1,0.36274575379410107
CXCR3-,HC,PB_3,CCTCTGAGTGATAAGT-1,0.24053200939175204
CXCR3-,HC,PB_3,CCTTACGAGTTACCCA-1,-0.29997119987097626
CXCR3-,HC,PB_3,CCTTACGCAGCCACCA-1,-0.29997119987097626
CXCR3-,HC,PB_3,CCTTACGGTGTTCTTT-1,-0.29997119987097626
CXCR3-,HC,PB_3,CCTTCCCCAGCCACCA-1,0.732398514065846
CXCR3-,HC,PB_3,CCTTCCCTCCTTTCTC-1,0.052010072982930956
CXCR3-,HC,PB_3,CCTTCCCTCGACCAGC-1,-0.1642179623629088
CXCR3+,HC,PB_3,CCTTCGACACTTCTGC-1,-0.05874264895499396
CXCR3+,HC,PB_3,CCTTCGAGTGTCAATC-1,-0.29997119987097626
CXCR3-,HC,PB_3,CCTTCGAGTTGCCTCT-1,0.9296634254738557
CXCR3-,HC,PB_3,CCTTCGATCCACGTGG-1,-0.058595291298650924
CXCR3+,HC,PB_3,CCTTTCTCACAACTGT-1,0.04470391521487582
CXCR3+,HC,PB_3,CCTTTCTGTCAGAGGT-1,0.1501497413234997
CXCR3-,HC,PB_3,CGAACATCATTACCTT-1,-0.29997119987097626
CXCR3-,HC,PB_3,CGAATGTCAGACACTT-1,-0.018045779473415128
CXCR3-,HC,PB_3,CGACCTTAGTCCGGTC-1,-0.01884463302377769
CXCR3+,HC,PB_3,CGACCTTCATGAACCT-1,0.053565875945106346
CXCR3-,HC,PB_3,CGACTTCTCAACGCTA-1,0.08067226744327634
CXCR3-,HC,PB_3,CGAGAAGTCTTGACGA-1,0.027164907233318936
CXCR3-,HC,PB_3,CGAGCACGTACCGAGA-1,-0.29997119987097626
CXCR3+,HC,PB_3,CGAGCACGTTCAACCA-1,0.026666356790393437
CXCR3-,HC,PB_3,CGAGCCACACATCTTT-1,-0.29997119987097626
CXCR3-,HC,PB_3,CGATCGGCAATGTAAG-1,-0.0051265470716567495
CXCR3-,HC,PB_3,CGATCGGCACTATCTT-1,0.13327142787317325
CXCR3-,HC,PB_3,CGATCGGGTTCAGACT-1,-0.29997119987097626
CXCR3-,HC,PB_3,CGATCGGTCGTATCAG-1,-0.09083894675303739
CXCR3-,HC,PB_3,CGATGTAAGGCCCTCA-1,-0.29997119987097626
CXCR3-,HC,PB_3,CGATGTAGTCGTGGCT-1,-0.0826768561369559
CXCR3-,HC,PB_3,CGATTGACAACTTGAC-1,0.059820875891905975
CXCR3+,HC,PB_3,CGCCAAGCACAGCCCA-1,-0.006818739448516032
CXCR3-,HC,PB_3,CGCCAAGTCAGGCAAG-1,0.06683169907705401
CXCR3-,HC,PB_3,CGCGGTAAGTACATGA-1,0.021248337349484503
CXCR3-,HC,PB_3,CGCGTTTAGCGTTTAC-1,-0.08806273773971943
CXCR3-,HC,PB_3,CGCGTTTCAGGATTGG-1,0.004544715994935476
CXCR3-,HC,PB_3,CGCGTTTCATATACCG-1,0.054345873980645436
CXCR3-,HC,PB_3,CGCTATCAGAACAACT-1,0.08244082935988231
CXCR3-,HC,PB_3,CGCTGGACAAATACAG-1,0.9168137201682043
CXCR3-,HC,PB_3,CGCTGGACAATCAGAA-1,-0.29997119987097626
CXCR3-,HC,PB_3,CGCTGGACACCCTATC-1,-0.0742905784421788
CXCR3-,HC,PB_3,CGCTGGACAGGTCCAC-1,0.15901774069229213
CXCR3-,HC,PB_3,CGCTGGAGTTGGGACA-1,0.7546796253984244
CXCR3-,HC,PB_3,CGCTTCAAGCCCAACC-1,-0.29997119987097626
CXCR3-,HC,PB_3,CGCTTCACAAGCCGCT-1,-0.29997119987097626
CXCR3-,HC,PB_3,CGGACGTGTCCGAGTC-1,0.08668976475306786
CXCR3-,HC,PB_3,CGGACGTGTCCTCTTG-1,0.20443141074895624
CXCR3-,HC,PB_3,CGGACGTGTGAACCTT-1,0.741804902049552
CXCR3-,HC,PB_3,CGGACTGCACCGAATT-1,0.1149300664347296
CXCR3-,HC,PB_3,CGGACTGGTATGAATG-1,0.24261308369643464
CXCR3-,HC,PB_3,CGGAGCTGTTCCGGCA-1,0.026706230206866393
CXCR3-,HC,PB_3,CGGAGCTTCTCATTCA-1,-0.08152052592431132
CXCR3+,HC,PB_3,CGGCTAGAGGAATCGC-1,-0.09466655019477158
CXCR3-,HC,PB_3,CGGCTAGAGGATTCGG-1,-0.29997119987097626
CXCR3-,HC,PB_3,CGGCTAGCACACCGCA-1,-0.034096644893249685
CXCR3-,HC,PB_3,CGGCTAGGTTTAAGCC-1,-0.07724487710853725
CXCR3-,HC,PB_3,CGGGTCACACGGTAGA-1,0.3737546738567214
CXCR3-,HC,PB_3,CGTAGCGAGCCCAATT-1,0.7741896042029762
CXCR3-,HC,PB_3,CGTAGCGAGGGCACTA-1,0.09878615430078051
CXCR3-,HC,PB_3,CGTAGCGGTTACTGAC-1,-0.29997119987097626
CXCR3-,HC,PB_3,CGTAGGCGTGAGTGAC-1,0.3309670754934074
CXCR3-,HC,PB_3,CGTAGGCTCAAAGACA-1,-0.17830962655317517
CXCR3-,HC,PB_3,CGTCACTCACACGCTG-1,-0.29997119987097626
CXCR3-,HC,PB_3,CGTCACTCATGGTAGG-1,-0.29997119987097626
CXCR3-,HC,PB_3,CGTCAGGAGCACCGTC-1,0.5582838615909942
CXCR3-,HC,PB_3,CGTCCATGTGGCCCTA-1,-0.29997119987097626
CXCR3-,HC,PB_3,CGTCCATTCATAAAGG-1,-0.06362598678855895
CXCR3-,HC,PB_3,CGTCCATTCCGCGTTT-1,-0.04880719667700196
CXCR3+,HC,PB_3,CGTCTACGTCTACCTC-1,0.04500814685535543
CXCR3-,HC,PB_3,CGTCTACGTGTTCGAT-1,0.058559616197725574
CXCR3-,HC,PB_3,CGTGAGCAGTGGTAAT-1,-0.021851753286450525
CXCR3-,HC,PB_3,CGTGAGCAGTGGTCCC-1,-0.14901932696001566
CXCR3-,HC,PB_3,CGTGTAAAGAGCTGCA-1,0.01864750734135266
CXCR3-,HC,PB_3,CGTGTAAAGTTAGGTA-1,-0.29997119987097626
CXCR3+,HC,PB_3,CGTGTAATCGGTGTTA-1,-0.09729636930413287
CXCR3-,HC,PB_3,CGTGTCTAGACATAAC-1,0.19687388585750068
CXCR3-,HC,PB_3,CGTGTCTAGAGAACAG-1,-0.14524618605402853
CXCR3-,HC,PB_3,CGTGTCTAGCCAGTAG-1,-0.15007832695883103
CXCR3-,HC,PB_3,CGTGTCTAGGATGCGT-1,0.17221383162239548
CXCR3-,HC,PB_3,CGTGTCTAGTCGTTTG-1,-0.045370296677555155
CXCR3-,HC,PB_3,CGTGTCTCACATGACT-1,-0.29997119987097626
CXCR3-,HC,PB_3,CGTGTCTGTATCGCAT-1,0.2407077693961774
CXCR3-,HC,PB_3,CGTTAGACACGCGAAA-1,0.30214433172963917
CXCR3-,HC,PB_3,CGTTAGAGTCCGTTAA-1,0.2679148902819937
CXCR3-,HC,PB_3,CGTTCTGAGTGGTAAT-1,-0.29997119987097626
CXCR3-,HC,PB_3,CGTTCTGCACATTTCT-1,-0.29997119987097626
CXCR3-,HC,PB_3,CGTTCTGCAGATCTGT-1,-0.07372580064592242
CXCR3-,HC,PB_3,CGTTCTGCAGGAATGC-1,-0.29997119987097626
CXCR3-,HC,PB_3,CGTTCTGCATCCCATC-1,-0.29997119987097626
CXCR3-,HC,PB_3,CGTTGGGAGACTGTAA-1,0.23382820496495477
CXCR3-,HC,PB_3,CGTTGGGAGCGTAATA-1,0.08188922357730476
CXCR3-,HC,PB_3,CGTTGGGCAGGGCATA-1,0.632930731446794
CXCR3+,HC,PB_3,CGTTGGGGTGAGTGAC-1,0.10769699189723103
CXCR3-,HC,PB_3,CGTTGGGGTTCGCTAA-1,-0.29997119987097626
CXCR3-,HC,PB_3,CGTTGGGTCTTGAGGT-1,0.14214587313209287
CXCR3-,HC,PB_3,CTAAGACTCTCTAAGG-1,-0.13032380577395086
CXCR3-,HC,PB_3,CTAATGGAGACTTTCG-1,-0.08819146370020443
CXCR3-,HC,PB_3,CTAATGGAGGGATCTG-1,0.22179056041962458
CXCR3-,HC,PB_3,CTAATGGCAGGATCGA-1,0.030304581000370496
CXCR3-,HC,PB_3,CTAATGGCATTTCAGG-1,-0.09006985773488799
CXCR3+,HC,PB_3,CTACACCAGATACACA-1,0.32952050136653505
CXCR3-,HC,PB_3,CTACACCCATCCGGGT-1,-0.06066021637521023
CXCR3-,HC,PB_3,CTACATTCACATTCGA-1,-0.06690518112689688
CXCR3-,HC,PB_3,CTACATTCACGGTAGA-1,-0.29997119987097626
CXCR3-,HC,PB_3,CTACATTGTGTAAGTA-1,-0.012865952744786116
CXCR3-,HC,PB_3,CTACATTTCGCCTGAG-1,0.2442495100034563
CXCR3-,HC,PB_3,CTACCCATCGCCTGAG-1,-0.29997119987097626
CXCR3-,HC,PB_3,CTACCCATCGCGCCAA-1,0.15657943131839436
CXCR3-,HC,PB_3,CTACCCATCTGGCGTG-1,-0.29997119987097626
CXCR3-,HC,PB_3,CTACCCATCTTGAGGT-1,0.20144497443442405
CXCR3-,HC,PB_3,CTACGTCAGCTAAGAT-1,0.1965821517960253
CXCR3-,HC,PB_3,CTACGTCGTTAAGATG-1,-0.19649854575236042
CXCR3-,HC,PB_3,CTACGTCTCATGTCCC-1,0.29870194954816637
CXCR3-,HC,PB_3,CTACGTCTCCTTAATC-1,0.06490822953994368
CXCR3-,HC,PB_3,CTACGTCTCTGCAGTA-1,-0.20132439360432633
CXCR3-,HC,PB_3,CTAGAGTAGGAGTCTG-1,-0.07746556757748646
CXCR3-,HC,PB_3,CTAGAGTCAGAGTGTG-1,-0.16708368274351834
CXCR3-,HC,PB_3,CTAGAGTGTTTGGGCC-1,-0.29997119987097626
CXCR3-,HC,PB_3,CTAGAGTTCCTGCAGG-1,-0.29997119987097626
CXCR3-,HC,PB_3,CTAGAGTTCTTGCCGT-1,0.13051377852538257
CXCR3-,HC,PB_3,CTAGCCTGTATGCTTG-1,0.0818979716758395
CXCR3-,HC,PB_3,CTAGCCTGTCCTCTTG-1,0.2332191763616123
CXCR3-,HC,PB_3,CTAGTGAAGCTCCTTC-1,0.005053289854647766
CXCR3-,HC,PB_3,CTAGTGACACATCTTT-1,-0.29997119987097626
CXCR3-,HC,PB_3,CTAGTGACAGTACACT-1,0.15499030876321815
CXCR3-,HC,PB_3,CTAGTGAGTCAACATC-1,-0.20471138046914625
CXCR3-,HC,PB_3,CTCACACAGTCGCCGT-1,0.10805457240033031
CXCR3-,HC,PB_3,CTCACACCAAGCCGCT-1,0.23210996786039528
CXCR3-,HC,PB_3,CTCACACCAGCTTCGG-1,-0.02832756373738312
CXCR3+,HC,PB_3,CTCACACCAGGTCGTC-1,-0.10560120603155958
CXCR3-,HC,PB_3,CTCACACGTCGGATCC-1,-0.08375837171425492
CXCR3-,HC,PB_3,CTCACACGTGCAACGA-1,0.010972170299949473
CXCR3-,HC,PB_3,CTCACACGTTACCAGT-1,-0.29997119987097626
CXCR3-,HC,PB_3,CTCAGAAAGGATGGTC-1,-0.15939381365686556
CXCR3-,HC,PB_3,CTCAGAAAGTTAGCGG-1,-0.15365044192229724
CXCR3-,HC,PB_3,CTCAGAACAGTTAACC-1,-0.11960016408448662
CXCR3+,HC,PB_3,CTCAGAACATCACAAC-1,0.14110352882708196
CXCR3+,HC,PB_3,CTCAGAAGTAGCGCAA-1,0.16877397197364738
CXCR3-,HC,PB_3,CTCAGAAGTCCAGTTA-1,-0.29997119987097626
CXCR3-,HC,PB_3,CTCAGAATCAACACAC-1,-0.29997119987097626
CXCR3-,HC,PB_3,CTCATTATCGGTGTCG-1,-0.11194003567710441
CXCR3-,HC,PB_3,CTCCTAGAGAGAGCTC-1,-0.29997119987097626
CXCR3-,HC,PB_3,CTCCTAGCAGCGATCC-1,-0.29997119987097626
CXCR3-,HC,PB_3,CTCCTAGGTACATCCA-1,-0.11188640782629077
CXCR3-,HC,PB_3,CTCCTAGTCACCTCGT-1,0.1372603921002764
CXCR3-,HC,PB_3,CTCCTAGTCTGTTGAG-1,0.029944847878174783
CXCR3+,HC,PB_3,CTCGAAAAGATAGGAG-1,0.1868088995374117
CXCR3-,HC,PB_3,CTCGAAAAGCGTTCCG-1,-0.29997119987097626
CXCR3-,HC,PB_3,CTCGAAAAGGGTATCG-1,-0.1168675156273447
CXCR3-,HC,PB_3,CTCGAGGCAAAGTGCG-1,0.21789492626534895
CXCR3-,HC,PB_3,CTCGAGGTCTGCGACG-1,-0.29997119987097626
CXCR3-,HC,PB_3,CTCGGAGAGTGCCAGA-1,-0.29997119987097626
CXCR3-,HC,PB_3,CTCGGGAAGAAAGTGG-1,-0.29997119987097626
CXCR3-,HC,PB_3,CTCGGGATCTAACTGG-1,-0.29997119987097626
CXCR3-,HC,PB_3,CTCGTACGTTCCGGCA-1,-0.0652918631060842
CXCR3-,HC,PB_3,CTCGTCAAGGGCATGT-1,-0.00947472759340602
CXCR3+,HC,PB_3,CTCGTCAAGTGGGTTG-1,0.02487526541989613
CXCR3-,HC,PB_3,CTCGTCACAATAAGCA-1,-0.07248449934154809
CXCR3-,HC,PB_3,CTCGTCACACCGGAAA-1,-0.29997119987097626
CXCR3-,HC,PB_3,CTCTAATAGACAGGCT-1,0.15893015405608363
CXCR3+,HC,PB_3,CTCTAATTCTAACTGG-1,0.46212486701986044
CXCR3-,HC,PB_3,CTCTACGAGGCTACGA-1,-0.29997119987097626
CXCR3+,HC,PB_3,CTCTACGAGTCCGTAT-1,0.4060209874829487
CXCR3-,HC,PB_3,CTCTACGAGTGAAGAG-1,-0.1356628823658432
CXCR3-,HC,PB_3,CTCTGGTTCACGGTTA-1,-0.24746273903060276
CXCR3-,HC,PB_3,CTGAAACCAAGCTGGA-1,0.0918473410800309
CXCR3-,HC,PB_3,CTGAAGTGTGCACTTA-1,-0.08788993800081335
CXCR3-,HC,PB_3,CTGAAGTTCCTTAATC-1,0.061214346209482975
CXCR3-,HC,PB_3,CTGATAGGTACCATCA-1,0.5133416602180663
CXCR3-,HC,PB_3,CTGATAGTCTGCGTAA-1,0.3445918520119947
CXCR3-,HC,PB_3,CTGATCCAGATATACG-1,-0.09501469731419432
CXCR3-,HC,PB_3,CTGATCCGTTGAACTC-1,-0.17547040578517933
CXCR3-,HC,PB_3,CTGATCCTCTTCATGT-1,0.08534899900416447
CXCR3-,HC,PB_3,CTGCCTAAGCAATCTC-1,-0.022711529935370466
CXCR3-,HC,PB_3,CTGCCTACATCCCACT-1,-0.00933674313722417
CXCR3-,HC,PB_3,CTGCCTATCCGCAAGC-1,-0.29997119987097626
CXCR3-,HC,PB_3,CTGCCTATCGGACAAG-1,-0.13873960666364088
CXCR3-,HC,PB_3,CTGCTGTAGACTTGAA-1,-0.04065152750696061
CXCR3-,HC,PB_3,CTGCTGTGTCGACTGC-1,0.0916151578864113
CXCR3-,HC,PB_3,CTGGTCTCATAACCTG-1,0.49873646743157735
CXCR3-,HC,PB_3,CTGGTCTGTAGCGTCC-1,0.11803448614073939
CXCR3-,HC,PB_3,CTGGTCTGTATATGGA-1,0.03506804170357536
CXCR3-,HC,PB_3,CTGTGCTAGTTCGATC-1,-0.17680323902110487
CXCR3-,HC,PB_3,CTGTGCTGTGTGCGTC-1,-0.29997119987097626
CXCR3-,HC,PB_3,CTGTGCTTCAAGATCC-1,-0.07860750210767461
CXCR3-,HC,PB_3,CTGTGCTTCCTCAACC-1,-0.29997119987097626
CXCR3-,HC,PB_3,CTGTTTAAGAAGGACA-1,0.1278805197381435
CXCR3-,HC,PB_3,CTGTTTAGTTGCCTCT-1,0.7221128764977424
CXCR3-,HC,PB_3,CTTAACTAGGCTCATT-1,0.07632283175644991
CXCR3-,HC,PB_3,CTTAACTTCGAACGGA-1,-0.04743672908614942
CXCR3+,HC,PB_3,CTTACCGGTACGCTGC-1,0.6518765762434159
CXCR3-,HC,PB_3,CTTACCGGTCAGCTAT-1,0.8418652385043072
CXCR3-,HC,PB_3,CTTAGGAAGGCTAGAC-1,-0.16610641774452176
CXCR3-,HC,PB_3,CTTAGGACAAAGAATC-1,0.6484988528425737
CXCR3-,HC,PB_3,CTTAGGACATCGATGT-1,-0.29997119987097626
CXCR3-,HC,PB_3,CTTAGGAGTAACGCGA-1,0.3131884766249357
CXCR3+,HC,PB_3,CTTAGGAGTTGAGTTC-1,-0.18723213696580038
CXCR3-,HC,PB_3,CTTCTCTGTTTGGGCC-1,-0.29997119987097626
CXCR3-,HC,PB_3,CTTCTCTTCTGCAAGT-1,0.4561768132499551
CXCR3-,HC,PB_3,CTTGGCTCACCACGTG-1,0.001232134117500053
CXCR3-,HC,PB_3,CTTGGCTGTACTCGCG-1,-0.29997119987097626
CXCR3-,HC,PB_3,CTTTGCGAGTAGCGGT-1,-0.02541149129324733
CXCR3-,HC,PB_3,CTTTGCGAGTCCCACG-1,-0.29997119987097626
CXCR3-,HC,PB_3,CTTTGCGTCACCTTAT-1,0.23674364404567735
CXCR3-,HC,PB_3,GAAATGAAGGTGCTTT-1,-0.29997119987097626
CXCR3+,HC,PB_3,GAAATGACAGCTGTAT-1,-0.29997119987097626
CXCR3-,HC,PB_3,GAAATGATCTATCCTA-1,0.5195868035180582
CXCR3-,HC,PB_3,GAAATGATCTTGGGTA-1,0.07397107937336915
CXCR3-,HC,PB_3,GAACATCAGCCGGTAA-1,-0.1205274969989959
CXCR3-,HC,PB_3,GAACATCAGGGCTTGA-1,0.6507740734963018
CXCR3+,HC,PB_3,GAACCTAGTTAAGACA-1,0.34695705005549915
CXCR3-,HC,PB_3,GAACGGACAAAGTCAA-1,0.034005327185756946
CXCR3-,HC,PB_3,GAAGCAGCAATCCGAT-1,-0.11690247625000372
CXCR3-,HC,PB_3,GAATAAGCAAGACACG-1,-0.05237512022371336
CXCR3-,HC,PB_3,GAATAAGCAGCTCCGA-1,-0.29997119987097626
CXCR3-,HC,PB_3,GAATAAGCATCCGTGG-1,-0.11563364875300929
CXCR3-,HC,PB_3,GAATAAGGTGCGCTTG-1,-0.0003963291071485488
CXCR3-,HC,PB_3,GACACGCCAAACGCGA-1,0.17141894938638563
CXCR3-,HC,PB_3,GACACGCGTTGTGGCC-1,0.27941065189946773
CXCR3-,HC,PB_3,GACAGAGCAGTCAGCC-1,-0.08855644459326976
CXCR3-,HC,PB_3,GACAGAGGTCCATCCT-1,0.006053645784730761
CXCR3+,HC,PB_3,GACAGAGTCTAGCACA-1,0.03731637281560407
CXCR3+,HC,PB_3,GACAGAGTCTCTTATG-1,0.09397978143958695
CXCR3-,HC,PB_3,GACCAATGTCATCCCT-1,-0.010918923117117809
CXCR3-,HC,PB_3,GACCAATTCTCGTTTA-1,0.07476406982229243
CXCR3+,HC,PB_3,GACCTGGAGGCCCTTG-1,-0.29997119987097626
CXCR3-,HC,PB_3,GACCTGGAGGGTGTGT-1,0.024364025552494013
CXCR3-,HC,PB_3,GACCTGGCATCACGAT-1,-0.29997119987097626
CXCR3-,HC,PB_3,GACCTGGTCACGCGGT-1,-0.29997119987097626
CXCR3-,HC,PB_3,GACGCGTAGTGACATA-1,0.19881232830590218
CXCR3-,HC,PB_3,GACGCGTTCCAAACTG-1,-0.29997119987097626
CXCR3+,HC,PB_3,GACGCGTTCCCTGACT-1,0.24899391381211133
CXCR3-,HC,PB_3,GACGGCTAGCGTGAGT-1,-0.12142963525762825
CXCR3-,HC,PB_3,GACGTGCAGTGGACGT-1,-0.29997119987097626
CXCR3-,HC,PB_3,GACGTGCCACGCCAGT-1,0.07011062553589134
CXCR3-,HC,PB_3,GACGTTAAGAAACGAG-1,0.19121188377546233
CXCR3-,HC,PB_3,GACGTTACACGAAAGC-1,0.19345561647525314
CXCR3-,HC,PB_3,GACGTTAGTTCGGCAC-1,0.14284986166752336
CXCR3-,HC,PB_3,GACTACAGTCCGAGTC-1,-0.29997119987097626
CXCR3-,HC,PB_3,GACTACAGTGCCTGCA-1,0.5646225615476295
CXCR3-,HC,PB_3,GACTACATCCCAAGAT-1,-0.20269119228799817
CXCR3-,HC,PB_3,GACTACATCCGTAGTA-1,0.8199383376944767
CXCR3-,HC,PB_3,GACTACATCGAGGTAG-1,-0.08378400879784174
CXCR3-,HC,PB_3,GACTGCGAGACTAAGT-1,-0.29997119987097626
CXCR3-,HC,PB_3,GAGCAGAAGGATGCGT-1,-0.29997119987097626
CXCR3-,HC,PB_3,GAGCAGAGTGTATGGG-1,-0.11762337590904096
CXCR3-,HC,PB_3,GAGCAGATCATCGGAT-1,-0.05036320659761691
CXCR3-,HC,PB_3,GAGGTGACACTTAAGC-1,0.2996956610417828
CXCR3+,HC,PB_3,GAGGTGAGTCTCACCT-1,-0.29997119987097626
CXCR3+,HC,PB_3,GAGGTGATCACCGGGT-1,-0.29997119987097626
CXCR3+,HC,PB_3,GATCGATAGTAACCCT-1,-0.024164966875168312
CXCR3-,HC,PB_3,GATCGATCAAATACAG-1,0.21439978278385752
CXCR3-,HC,PB_3,GATCGATCAATGAATG-1,0.5468674699220879
CXCR3-,HC,PB_3,GATCGATGTTTGTGTG-1,-0.29997119987097626
CXCR3-,HC,PB_3,GATCGCGAGACTTGAA-1,-0.14201536376986754
CXCR3-,HC,PB_3,GATCGCGGTGAAAGAG-1,0.0551377023879143
CXCR3+,HC,PB_3,GATCGCGTCCTCAATT-1,-0.21133930746159932
CXCR3-,HC,PB_3,GATCGTAAGCTAGTGG-1-1,-0.10107720697015887
CXCR3-,HC,PB_3,GATCGTAAGGCCCGTT-1,0.15828416947316812
CXCR3-,HC,PB_3,GATCGTAAGGCGCTCT-1,0.03176271555644087
CXCR3-,HC,PB_3,GATCGTAAGTGTCCAT-1,-0.29997119987097626
CXCR3-,HC,PB_3,GATCTAGAGTACACCT-1,0.32131556681368784
CXCR3+,HC,PB_3,GATCTAGAGTCAAGGC-1,-0.29997119987097626
CXCR3-,HC,PB_3,GATCTAGGTCCAGTAT-1,0.03666078917776235
CXCR3+,HC,PB_3,GATCTAGGTCGGATCC-1,-0.1185646692283849
CXCR3-,HC,PB_3,GATCTAGTCTTCGAGA-1,-0.29997119987097626
CXCR3-,HC,PB_3,GATGAAACAGAGCCAA-1,-0.017724786081148934
CXCR3+,HC,PB_3,GATGAAAGTAAATACG-1,-0.1275453621466924
CXCR3-,HC,PB_3,GATGAAAGTATAAACG-1,-0.29997119987097626
CXCR3-,HC,PB_3,GATGCTACACGGATAG-1,0.16566317275731812
CXCR3-,HC,PB_3,GATGCTACAGTTTACG-1,-0.12215936649611227
CXCR3-,HC,PB_3,GATGCTAGTCTCTTTA-1,0.04922540653379426
CXCR3-,HC,PB_3,GATGCTAGTCTTCTCG-1,-0.10614082609469053
CXCR3+,HC,PB_3,GATGCTATCAGCTCGG-1,-0.1275889690209109
CXCR3-,HC,PB_3,GATGCTATCGAACGGA-1,-0.08326391666235208
CXCR3-,HC,PB_3,GATTCAGAGATGCCTT-1,0.2682869836562873
CXCR3-,HC,PB_3,GATTCAGAGCGAGAAA-1,0.02561710291924116
CXCR3-,HC,PB_3,GATTCAGCACGCCAGT-1,0.14738990206770278
CXCR3-,HC,PB_3,GATTCAGGTGTATGGG-1,-0.10163833043273762
CXCR3-,HC,PB_3,GATTCAGTCTTGACGA-1,-0.29997119987097626
CXCR3-,HC,PB_3,GATTCAGTCTTTAGGG-1,-0.29997119987097626
CXCR3-,HC,PB_3,GCAAACTCATAGTAAG-1,-0.16291553669499273
CXCR3-,HC,PB_3,GCAAACTGTAAGTTCC-1,-0.12491782747158352
CXCR3-,HC,PB_3,GCAAACTGTCAGAAGC-1,-0.29997119987097626
CXCR3-,HC,PB_3,GCAAACTTCCCTAACC-1,0.1177203051758399
CXCR3+,HC,PB_3,GCAAACTTCTTATCTG-1,0.12183528936927261
CXCR3-,HC,PB_3,GCAATCAAGAGACTAT-1,-0.19393709624440184
CXCR3-,HC,PB_3,GCAATCACACACCGAC-1,-0.29997119987097626
CXCR3-,HC,PB_3,GCAATCACATATACGC-1,-0.050508567332267225
CXCR3-,HC,PB_3,GCAATCACATGCCTTC-1,-0.05714230919618248
CXCR3-,HC,PB_3,GCAATCAGTCAGAATA-1,0.14240413104348554
CXCR3-,HC,PB_3,GCAATCATCAGTTAGC-1,-0.019612718985572476
CXCR3-,HC,PB_3,GCAATCATCTTGCATT-1,-0.09266954744006647
CXCR3-,HC,PB_3,GCACATAAGAATGTTG-1,-0.12187279955023657
CXCR3-,HC,PB_3,GCACATACAATCTACG-1,0.05272666174942945
CXCR3-,HC,PB_3,GCACATAGTGTGGCTC-1,-0.29997119987097626
CXCR3-,HC,PB_3,GCACTCTAGCATCATC-1,-0.1392795420346031
CXCR3-,HC,PB_3,GCACTCTGTCAGATAA-1,0.008167882297177178
CXCR3-,HC,PB_3,GCAGCCAAGTTGAGTA-1,0.18209908717843576
CXCR3-,HC,PB_3,GCAGCCACAGTTTACG-1,0.005374961054811294
CXCR3-,HC,PB_3,GCAGTTAAGTCTTGCA-1,0.22533550794322646
CXCR3-,HC,PB_3,GCAGTTAAGTGGAGTC-1,-0.29997119987097626
CXCR3-,HC,PB_3,GCAGTTACAGCTCGCA-1,0.15746791164777546
CXCR3-,HC,PB_3,GCATACAGTGCAACTT-1,0.22288726724428254
CXCR3-,HC,PB_3,GCATACAGTTCTGAAC-1,-0.29997119987097626
CXCR3-,HC,PB_3,GCATGATAGCCATCGC-1,-0.0389907193164603
CXCR3-,HC,PB_3,GCATGATCAGCGTAAG-1,0.0007456951178602678
CXCR3-,HC,PB_3,GCATGATGTCAACTGT-1,-0.14052432440137333
CXCR3-,HC,PB_3,GCATGCGAGGAATCGC-1,0.23381600571817146
CXCR3-,HC,PB_3,GCATGTAAGGTGCAAC-1,-0.29997119987097626
CXCR3-,HC,PB_3,GCATGTACATCATCCC-1,0.04370612833455646
CXCR3-,HC,PB_3,GCATGTACATTGTGCA-1,-0.0111897168533829
CXCR3-,HC,PB_3,GCATGTACATTTGCCC-1,-0.16686060073868111
CXCR3-,HC,PB_3,GCATGTATCTGGCGTG-1,-0.15218637066062038
CXCR3-,HC,PB_3,GCCAAATAGAATAGGG-1,0.18137616314239519
CXCR3-,HC,PB_3,GCCAAATAGAGAACAG-1,0.18135383245116476
CXCR3-,HC,PB_3,GCCAAATCAGGAATGC-1,0.06329513243470479
CXCR3-,HC,PB_3,GCCAAATGTCACTGGC-1,-0.29997119987097626
CXCR3-,HC,PB_3,GCCAAATGTTACGGAG-1,-0.17618527414951318
CXCR3+,HC,PB_3,GCCAAATTCAGCAACT-1,-0.018837454088291024
CXCR3-,HC,PB_3,GCGACCAAGGGCACTA-1,-0.29997119987097626
CXCR3-,HC,PB_3,GCGACCAAGTGCCATT-1,-0.17232478104878046
CXCR3-,HC,PB_3,GCGACCAAGTGTACTC-1,-0.02312190797699294
CXCR3-,HC,PB_3,GCGACCACAAGTTAAG-1,-0.29997119987097626
CXCR3+,HC,PB_3,GCGACCACATTGTGCA-1,-0.1576907804308784
CXCR3-,HC,PB_3,GCGAGAACAAATTGCC-1,0.37636323446956566
CXCR3-,HC,PB_3,GCGAGAAGTGCGATAG-1,-0.0636566557774479
CXCR3-,HC,PB_3,GCGAGAATCGATAGAA-1,0.08614683115716795
CXCR3-,HC,PB_3,GCGCAACAGCAATCTC-1,-0.29997119987097626
CXCR3-,HC,PB_3,GCGCAACAGTTGTAGA-1,0.29962024759458455
CXCR3-,HC,PB_3,GCGCAACCAGCGTCCA-1,-0.29997119987097626
CXCR3-,HC,PB_3,GCGCAACGTAAAGGAG-1,0.3423433603035287
CXCR3+,HC,PB_3,GCGCCAAAGCCCAGCT-1,0.4115324570693096
CXCR3+,HC,PB_3,GCGCCAAAGTCACGCC-1,-0.11465198596457545
CXCR3-,HC,PB_3,GCGCCAAAGTGAATTG-1,-0.173725240452234
CXCR3+,HC,PB_3,GCGCCAACATGCCACG-1,0.42576070314926184
CXCR3-,HC,PB_3,GCGCCAAGTTCCCGAG-1,-0.15109267259052647
CXCR3-,HC,PB_3,GCGCCAATCTAAGCCA-1,0.0470466608421664
CXCR3-,HC,PB_3,GCGCCAATCTGCTGCT-1,-0.29997119987097626
CXCR3-,HC,PB_3,GCGCGATCAGCTGCAC-1,-0.29997119987097626
CXCR3-,HC,PB_3,GCGCGATTCATTCACT-1,-0.09950533263724472
CXCR3-,HC,PB_3,GCGGGTTGTAATCGTC-1,-0.12817471747690584
CXCR3+,HC,PB_3,GCGGGTTGTAGGCTGA-1,0.3102676699510954
CXCR3-,HC,PB_3,GCTCCTATCCACTCCA-1,-0.29997119987097626
CXCR3-,HC,PB_3,GCTCCTATCTGCCAGG-1,0.1160089284851866
CXCR3-,HC,PB_3,GCTCTGTAGAGCTGGT-1,-0.29997119987097626
CXCR3+,HC,PB_3,GCTCTGTGTACATCCA-1,-0.29997119987097626
CXCR3+,HC,PB_3,GCTCTGTGTCTCTTAT-1,0.1415591207355468
CXCR3-,HC,PB_3,GCTCTGTTCCGCGGTA-1,0.22041810221930566
CXCR3-,HC,PB_3,GCTCTGTTCTCCCTGA-1,0.13794258239498197
CXCR3-,HC,PB_3,GCTGCAGAGGTGTGGT-1-1,0.041056839977802975
CXCR3-,HC,PB_3,GCTGCAGGTGCTGTAT-1,-0.1705457440305394
CXCR3-,HC,PB_3,GCTGCGAAGATCGGGT-1,-0.20792231075241974
CXCR3-,HC,PB_3,GCTGCGAGTTGGTTTG-1,0.07000945817825012
CXCR3-,HC,PB_3,GCTGCGATCCACTCCA-1,0.4070079627807169
CXCR3-,HC,PB_3,GCTGCGATCTTGAGAC-1,-0.29997119987097626
CXCR3-,HC,PB_3,GCTGCTTAGACACGAC-1,-0.29997119987097626
CXCR3-,HC,PB_3,GCTGCTTAGCGATATA-1,0.3772931416154458
CXCR3-,HC,PB_3,GCTGCTTGTATGCTTG-1,-0.10621211883682292
CXCR3-,HC,PB_3,GCTGCTTGTGAAGGCT-1,0.013974076543343658
CXCR3-,HC,PB_3,GCTGGGTCACAGCGTC-1,-0.29997119987097626
CXCR3-,HC,PB_3,GCTGGGTGTGAACCTT-1,-0.29997119987097626
CXCR3-,HC,PB_3,GCTTCCAAGCCCAATT-1,-0.06729818460204967
CXCR3-,HC,PB_3,GCTTCCAAGGCGATAC-1,0.4320575314253988
CXCR3-,HC,PB_3,GCTTCCACACGGCTAC-1,0.022635111852332104
CXCR3-,HC,PB_3,GCTTCCAGTCCGTGAC-1,0.20736440432949318
CXCR3-,HC,PB_3,GCTTGAACATCCTTGC-1,0.4310367830261925
CXCR3-,HC,PB_3,GCTTGAAGTTCTCATT-1,-0.29997119987097626
CXCR3-,HC,PB_3,GGAAAGCAGAGTCTGG-1,0.36444501230865173
CXCR3-,HC,PB_3,GGAAAGCAGGATATAC-1,-0.18754565217003064
CXCR3+,HC,PB_3,GGAAAGCTCAACGGCC-1,-0.29997119987097626
CXCR3+,HC,PB_3,GGAACTTCACGCCAGT-1,0.05535586225464487
CXCR3-,HC,PB_3,GGAACTTCATATACGC-1,-0.16590314316805374
CXCR3-,HC,PB_3,GGAACTTCATTCCTGC-1,0.2795315038793788
CXCR3-,HC,PB_3,GGACAAGCAAGGACTG-1,-0.00804076548563143
CXCR3-,HC,PB_3,GGACAAGCAGCGTTCG-1,0.28413863750868534
CXCR3-,HC,PB_3,GGACAAGTCAAACCAC-1,-0.20758420597686975
CXCR3-,HC,PB_3,GGACAGAAGCACACAG-1,0.3256057933268902
CXCR3+,HC,PB_3,GGACATTAGCTAGTCT-1,0.11330184037822609
CXCR3-,HC,PB_3,GGACATTCAATGCCAT-1,-0.10095127730488936
CXCR3-,HC,PB_3,GGACATTGTCTCGTTC-1,0.2733961922757761
CXCR3-,HC,PB_3,GGAGCAAAGATGCCTT-1,-0.11051405787835393
CXCR3-,HC,PB_3,GGATGTTAGCTCCCAG-1,-0.29997119987097626
CXCR3-,HC,PB_3,GGATGTTCATTGCGGC-1,-0.29997119987097626
CXCR3-,HC,PB_3,GGATGTTGTACTCTCC-1,0.022785576508785592
CXCR3+,HC,PB_3,GGATGTTGTGGTCCGT-1,-0.15512330714125402
CXCR3-,HC,PB_3,GGATGTTTCTGAGGGA-1,-0.29997119987097626
CXCR3-,HC,PB_3,GGATTACAGGAGTTTA-1,-0.170839654152394
CXCR3-,HC,PB_3,GGATTACGTAGCTCCG-1,-0.29997119987097626
CXCR3-,HC,PB_3,GGATTACTCGCATGGC-1,-0.1767856702819152
CXCR3-,HC,PB_3,GGCAATTGTGAGGCTA-1,-0.29997119987097626
CXCR3-,HC,PB_3,GGCAATTGTTTGTGTG-1,-0.09853557285906327
CXCR3-,HC,PB_3,GGCAATTTCGCCAAAT-1,0.10678473833161575
CXCR3-,HC,PB_3,GGCAATTTCTGCCAGG-1,0.2085428550824763
CXCR3-,HC,PB_3,GGCCGATAGCTTCGCG-1,-0.12545044726616233
CXCR3-,HC,PB_3,GGCCGATAGTGTGGCA-1,-0.19799022429998572
CXCR3-,HC,PB_3,GGCCGATCACCACCAG-1,0.015319649712226768
CXCR3-,HC,PB_3,GGCCGATGTCCTCTTG-1,-0.29997119987097626
CXCR3+,HC,PB_3,GGCCGATGTGCCTGTG-1,0.14055949093264788
CXCR3-,HC,PB_3,GGCCGATTCAGTCCCT-1,0.8144023673349067
CXCR3-,HC,PB_3,GGCGACTAGTGGTCCC-1,-0.10910074604226276
CXCR3-,HC,PB_3,GGCGACTCAGAAGCAC-1,0.30620720923281036
CXCR3-,HC,PB_3,GGCGACTCAGGGTTAG-1,-0.29997119987097626
CXCR3-,HC,PB_3,GGCGACTGTCATGCCG-1,-0.12490811353132251
CXCR3-,HC,PB_3,GGCGACTTCACAGGCC-1,-0.1401115542598113
CXCR3-,HC,PB_3,GGCGACTTCCGCTGTT-1,-0.1268567902633939
CXCR3-,HC,PB_3,GGCGTGTGTTCGTTGA-1,0.3795596855315423
CXCR3+,HC,PB_3,GGCGTGTTCCAGTAGT-1,0.500103962121938
CXCR3-,HC,PB_3,GGCTCGAAGCCGATTT-1,-0.29997119987097626
CXCR3-,HC,PB_3,GGCTGGTAGCCCAATT-1,0.20380643536190876
CXCR3-,HC,PB_3,GGCTGGTAGGGTCGAT-1,-0.29997119987097626
CXCR3+,HC,PB_3,GGCTGGTCAGCCTGTG-1,0.38387099756386556
CXCR3-,HC,PB_3,GGCTGGTGTTGCGTTA-1,0.19511269206688775
CXCR3-,HC,PB_3,GGCTGGTGTTTGACAC-1,-0.14269826444348285
CXCR3-,HC,PB_3,GGGAATGCAACACCCG-1,-0.29997119987097626
CXCR3-,HC,PB_3,GGGAATGTCTGTTGAG-1,0.23342744626101777
CXCR3-,HC,PB_3,GGGACCTAGCGTAATA-1,-0.20768071421787213
CXCR3-,HC,PB_3,GGGACCTGTGATGATA-1,-0.29997119987097626
CXCR3-,HC,PB_3,GGGAGATAGACTGGGT-1,-0.29997119987097626
CXCR3-,HC,PB_3,GGGAGATTCCACGACG-1,0.10257966092836068
CXCR3-,HC,PB_3,GGGCACTAGACTCGGA-1,-0.07571122870238725
CXCR3-,HC,PB_3,GGGCACTAGCAAATCA-1,0.1597736818096517
CXCR3-,HC,PB_3,GGGCATCAGTGAACAT-1,-0.29997119987097626
CXCR3-,HC,PB_3,GGGCATCGTTTCGCTC-1,-0.29997119987097626
CXCR3-,HC,PB_3,GGGCATCTCTGATACG-1,0.299246163740624
CXCR3-,HC,PB_3,GGGTCTGAGAGCTGCA-1-1,-0.014542713240380842
CXCR3-,HC,PB_3,GGGTCTGAGATACACA-1,0.08293916263821702
CXCR3-,HC,PB_3,GGGTCTGGTAGGCATG-1,-0.29997119987097626
CXCR3-,HC,PB_3,GGGTTGCAGCCCGAAA-1,0.41971290651543525
CXCR3-,HC,PB_3,GGGTTGCCAAGTTGTC-1,0.016185807496931943
CXCR3-,HC,PB_3,GGGTTGCCACCCATGG-1,-0.009239255621343399
CXCR3-,HC,PB_3,GGGTTGCGTAGCGTCC-1,0.13317328072472875
CXCR3-,HC,PB_3,GGTATTGAGGGTTCCC-1,0.1416237864140062
CXCR3-,HC,PB_3,GGTATTGCACTTGGAT-1,0.13766642251431974
CXCR3-,HC,PB_3,GGTATTGGTACAGTGG-1,-0.01573178276202996
CXCR3-,HC,PB_3,GGTATTGGTAGGGTAC-1,0.10157788332395305
CXCR3+,HC,PB_3,GGTATTGGTCAAGCGA-1,-0.193785798809979
CXCR3-,HC,PB_3,GGTGAAGAGTTAGCGG-1,-0.29997119987097626
CXCR3-,HC,PB_3,GGTGAAGTCCGAATGT-1,-0.29997119987097626
CXCR3-,HC,PB_3,GGTGCGTCAGGCTGAA-1,-0.29997119987097626
CXCR3-,HC,PB_3,GGTGCGTGTACGCACC-1,0.3497279412707229
CXCR3-,HC,PB_3,GGTGCGTTCCTGCCAT-1,-0.29997119987097626
CXCR3+,HC,PB_3,GGTGTTAAGCTCCTTC-1,0.18129593549860396
CXCR3-,HC,PB_3,GGTGTTAAGTGGTAGC-1,0.5520090977641386
CXCR3-,HC,PB_3,GGTGTTACAGCTCGAC-1,-0.29997119987097626
CXCR3-,HC,PB_3,GTAACGTAGCCCTAAT-1,-0.29997119987097626
CXCR3-,HC,PB_3,GTAACGTAGCCGGTAA-1,-0.29997119987097626
CXCR3-,HC,PB_3,GTAACGTAGCGATGAC-1,0.8108238860304872
CXCR3-,HC,PB_3,GTAACTGCAAAGGCGT-1,0.12272840258218744
CXCR3-,HC,PB_3,GTAACTGCACGTGAGA-1,0.6960082257111039
CXCR3-,HC,PB_3,GTAACTGCATGGAATA-1,-0.29997119987097626
CXCR3-,HC,PB_3,GTACGTAAGCAGATCG-1,0.04967580740541739
CXCR3-,HC,PB_3,GTACGTAGTTTAAGCC-1,-0.05494183801544007
CXCR3-,HC,PB_3,GTACGTATCACGACTA-1,0.11767817515767535
CXCR3+,HC,PB_3,GTACTCCGTTGTGGCC-1,0.25038305704997327
CXCR3+,HC,PB_3,GTACTCCTCCAAACTG-1,0.3836494272481608
CXCR3-,HC,PB_3,GTACTCCTCGACAGCC-1,0.05758670751573943
CXCR3-,HC,PB_3,GTACTTTCAATGACCT-1,-0.08624784029297428
CXCR3-,HC,PB_3,GTACTTTCACGTTGGC-1,0.007724456185558741
CXCR3-,HC,PB_3,GTAGGCCCATAGACTC-1,-0.29997119987097626
CXCR3-,HC,PB_3,GTAGGCCGTGCACCAC-1,0.18466440726540295
CXCR3-,HC,PB_3,GTAGGCCGTTAGTGGG-1,0.444261602876141
CXCR3-,HC,PB_3,GTAGGCCGTTCGCTAA-1,-0.18713075102867674
CXCR3-,HC,PB_3,GTAGTCAAGCTAGGCA-1,0.31311505810606993
CXCR3-,HC,PB_3,GTAGTCACAAAGGCGT-1,0.24020282526743003
CXCR3-,HC,PB_3,GTAGTCACATCCAACA-1,-0.06819007725887215
CXCR3-,HC,PB_3,GTAGTCAGTCTAAAGA-1,-0.29997119987097626
CXCR3-,HC,PB_3,GTATCTTGTTCGGCAC-1,0.2443982017760862
CXCR3-,HC,PB_3,GTATTCTTCCACGCAG-1,0.13434080065230244
CXCR3+,HC,PB_3,GTCAAGTCAGCAGTTT-1,-0.20393659789884996
CXCR3-,HC,PB_3,GTCACAAAGGCGTACA-1,-0.03334312130903966
CXCR3-,HC,PB_3,GTCACAATCAACACCA-1,0.6481602430821878
CXCR3-,HC,PB_3,GTCACAATCACATGCA-1,0.16188683252853364
CXCR3-,HC,PB_3,GTCACGGAGAAGGTGA-1,-0.29997119987097626
CXCR3-,HC,PB_3,GTCACGGAGACGACGT-1,0.007657718728651445
CXCR3-,HC,PB_3,GTCACGGAGGGAAACA-1,-0.29997119987097626
CXCR3-,HC,PB_3,GTCACGGGTAATCACC-1,0.24639840007475936
CXCR3-,HC,PB_3,GTCACGGTCCTCCTAG-1,-0.29997119987097626
CXCR3-,HC,PB_3,GTCATTTCATCCTTGC-1,-0.15198375576054213
CXCR3-,HC,PB_3,GTCCTCAGTACAGACG-1,-0.14530691992977113
CXCR3-,HC,PB_3,GTCCTCAGTCACTTCC-1,-0.07343914436694014
CXCR3-,HC,PB_3,GTCCTCAGTCTCTCGT-1,-0.29997119987097626
CXCR3-,HC,PB_3,GTCGGGTTCTGTGCAA-1,-0.29997119987097626
CXCR3-,HC,PB_3,GTCGTAACAACACCTA-1,0.8495277712234409
CXCR3-,HC,PB_3,GTCGTAACATCCCATC-1,0.29392748116336964
CXCR3+,HC,PB_3,GTCGTAACATGTCCTC-1,0.5122783359006782
CXCR3-,HC,PB_3,GTCGTAAGTTAGTGGG-1,0.13628907538446766
CXCR3-,HC,PB_3,GTCTCGTTCACGCGGT-1,-0.29997119987097626
CXCR3-,HC,PB_3,GTCTTCGAGAGCTATA-1,0.6370476801435706
CXCR3-,HC,PB_3,GTCTTCGAGCTAACAA-1,-0.29997119987097626
CXCR3-,HC,PB_3,GTCTTCGGTTAGGGTG-1,-0.29997119987097626
CXCR3-,HC,PB_3,GTCTTCGTCTGTTTGT-1,-0.29997119987097626
CXCR3-,HC,PB_3,GTGAAGGGTGGCGAAT-1,-0.29997119987097626
CXCR3+,HC,PB_3,GTGCAGCAGCGCTTAT-1,-0.013634669575388222
CXCR3-,HC,PB_3,GTGCAGCAGTGTCTCA-1,-0.13034310684784484
CXCR3+,HC,PB_3,GTGCAGCCAGGATTGG-1,-0.025755143379206168
CXCR3-,HC,PB_3,GTGCATAAGAATAGGG-1,0.005205939263587985
CXCR3-,HC,PB_3,GTGCATAAGTGTGAAT-1,-0.15811651954931127
CXCR3-,HC,PB_3,GTGCATAAGTTAACGA-1,-0.16370079939800183
CXCR3-,HC,PB_3,GTGCGGTCATCCTAGA-1,0.19652518042645514
CXCR3-,HC,PB_3,GTGCTTCAGCTGAAAT-1,0.008597370765203536
CXCR3-,HC,PB_3,GTGCTTCCAAGAGTCG-1,0.5378732275817674
CXCR3-,HC,PB_3,GTGCTTCTCCAAACTG-1,-0.16273863193814325
CXCR3-,HC,PB_3,GTGCTTCTCCTTCAAT-1,0.4267097447609709
CXCR3-,HC,PB_3,GTGGGTCAGTACACCT-1,-0.20548264108739014
CXCR3+,HC,PB_3,GTGGGTCCATGCAATC-1,-0.16504500577913367
CXCR3-,HC,PB_3,GTGGGTCGTGCTAGCC-1,-0.29997119987097626
CXCR3-,HC,PB_3,GTGTGCGAGCGTAATA-1,-0.1840791251138738
CXCR3-,HC,PB_3,GTGTGCGGTCTAGGTT-1,0.08349049940214029
CXCR3+,HC,PB_3,GTGTGCGGTTTGTTGG-1,-0.16749953093243738
CXCR3+,HC,PB_3,GTGTGCGTCTTCAACT-1,0.018425803137938686
CXCR3-,HC,PB_3,GTGTTAGGTCGGCACT-1,-0.09809249389280968
CXCR3-,HC,PB_3,GTTAAGCAGAGCTTCT-1,-0.29997119987097626
CXCR3-,HC,PB_3,GTTAAGCCAGTCGATT-1,0.2633569312015718
CXCR3-,HC,PB_3,GTTAAGCGTCAGAATA-1-1,-0.021367358771841895
CXCR3+,HC,PB_3,GTTACAGAGCCAGTAG-1,-0.09655022171029613
CXCR3-,HC,PB_3,GTTACAGAGTGCCAGA-1,-0.29997119987097626
CXCR3+,HC,PB_3,GTTACAGCACCAACCG-1,0.2929740120999341
CXCR3-,HC,PB_3,GTTACAGCAGCGAACA-1,0.3659555887810229
CXCR3-,HC,PB_3,GTTACAGGTTTCCACC-1,-0.04055099567667046
CXCR3-,HC,PB_3,GTTCATTCAGATTGCT-1,0.4624303129226214
CXCR3-,HC,PB_3,GTTCATTGTCTGCCAG-1,0.30705223495979617
CXCR3-,HC,PB_3,GTTTCTACATCCCATC-1,-0.06572866292094613
CXCR3-,HC,PB_3,TAAGAGACAAGTAGTA-1,0.1775551634561105
CXCR3-,HC,PB_3,TAAGAGAGTTAGATGA-1,-0.29997119987097626
CXCR3+,HC,PB_3,TAAGAGATCCTACAGA-1,0.1413651684261492
CXCR3-,HC,PB_3,TAAGCGTAGTGTTGAA-1,0.3575186602733102
CXCR3-,HC,PB_3,TAAGCGTGTGTTCTTT-1,-0.29997119987097626
CXCR3-,HC,PB_3,TAAGTGCCAGGTCCAC-1,0.05953882055486256
CXCR3-,HC,PB_3,TAAGTGCCATATGCTG-1,-0.29997119987097626
CXCR3+,HC,PB_3,TAAGTGCGTGGTCTCG-1,-0.29997119987097626
CXCR3-,HC,PB_3,TAAGTGCTCGGCGCAT-1,-0.14298251361735062
CXCR3-,HC,PB_3,TACACGAAGTGAACGC-1,-0.13366850956844395
CXCR3-,HC,PB_3,TACACGAGTCTAGCCG-1,0.5686826029366445
CXCR3-,HC,PB_3,TACACGAGTTGGTGGA-1,-0.29997119987097626
CXCR3-,HC,PB_3,TACAGTGCACTACAGT-1,0.13088453978640055
CXCR3-,HC,PB_3,TACAGTGTCCTTGACC-1,0.03539431879219652
CXCR3-,HC,PB_3,TACAGTGTCGAACGGA-1,0.018603652168755196
CXCR3-,HC,PB_3,TACAGTGTCGAGGTAG-1,-0.006708549661687173
CXCR3-,HC,PB_3,TACAGTGTCGGAAATA-1,-0.06278493578605517
CXCR3-,HC,PB_3,TACCTATGTCCAAGTT-1,-0.29997119987097626
CXCR3+,HC,PB_3,TACCTATTCACTTACT-1,-0.07210299429715003
CXCR3-,HC,PB_3,TACCTATTCCCTGACT-1,0.41531499382698905
CXCR3+,HC,PB_3,TACCTATTCTTGTCAT-1,0.17534243817082967
CXCR3-,HC,PB_3,TACCTTAAGATGTGTA-1,0.6707520081761551
CXCR3-,HC,PB_3,TACCTTACACGAAAGC-1,-0.1963671025168618
CXCR3-,HC,PB_3,TACCTTACAGTCAGAG-1,-0.29997119987097626
CXCR3-,HC,PB_3,TACGGATAGAGTCGGT-1,-0.06944884317220075
CXCR3-,HC,PB_3,TACGGATCATTAGCCA-1,0.07434860990251212
CXCR3-,HC,PB_3,TACGGATGTTGAGGTG-1,0.05513771648961381
CXCR3-,HC,PB_3,TACGGGCAGCCTATGT-1,-0.29997119987097626
CXCR3-,HC,PB_3,TACGGGCCACCATGTA-1,0.04668314548814521
CXCR3-,HC,PB_3,TACGGGCCAGCTATTG-1,0.17301185343466902
CXCR3-,HC,PB_3,TACGGGCGTAAGTGGC-1,-0.29997119987097626
CXCR3-,HC,PB_3,TACGGGCGTTAGAACA-1,-0.03952043594474181
CXCR3-,HC,PB_3,TACGGGCGTTAGGGTG-1,0.2670760812489858
CXCR3-,HC,PB_3,TACGGGCTCGAATGGG-1,-0.048422741210321786
CXCR3-,HC,PB_3,TACGGGCTCGCGTTTC-1,0.07961721871924379
CXCR3-,HC,PB_3,TACGGTAAGGAGCGAG-1,-0.29997119987097626
CXCR3-,HC,PB_3,TACGGTATCACAATGC-1,-0.15516139247455105
CXCR3-,HC,PB_3,TACTTACCATGCCTAA-1,0.45426054577235525
CXCR3-,HC,PB_3,TACTTACGTAACGCGA-1-1,-0.1921551174292718
CXCR3-,HC,PB_3,TACTTGTCAATAGCGG-1,0.01753705597884
CXCR3-,HC,PB_3,TACTTGTCAATTGCTG-1,-0.29997119987097626
CXCR3-,HC,PB_3,TACTTGTCATCCGTGG-1,0.34675247898041567
CXCR3-,HC,PB_3,TACTTGTGTCTCAACA-1,-0.29997119987097626
CXCR3+,HC,PB_3,TAGACCAAGATCCGAG-1,0.2712976548751033
CXCR3+,HC,PB_3,TAGACCAAGTGATCGG-1,-0.06424260032522293
CXCR3-,HC,PB_3,TAGACCAAGTGGGCTA-1,-0.02325045605024734
CXCR3-,HC,PB_3,TAGAGCTAGTGGAGAA-1,0.19226224179987733
CXCR3-,HC,PB_3,TAGAGCTTCTCCAACC-1,0.5561009879087043
CXCR3-,HC,PB_3,TAGCCGGCATGAGCGA-1,0.2707891061638356
CXCR3-,HC,PB_3,TAGCCGGGTATAAACG-1,-0.15124131261129464
CXCR3+,HC,PB_3,TAGGCATCAAAGTGCG-1,-0.29997119987097626
CXCR3-,HC,PB_3,TAGGCATTCACCACCT-1,-0.14415182336535556
CXCR3-,HC,PB_3,TAGTGGTAGACGCTTT-1,0.10662318182944251
CXCR3-,HC,PB_3,TAGTGGTGTAGGGTAC-1,0.3931618522470829
CXCR3-,HC,PB_3,TAGTGGTGTATGCTTG-1,0.07311919409767782
CXCR3-,HC,PB_3,TAGTGGTTCTGCTTGC-1,0.09798884258238003
CXCR3-,HC,PB_3,TAGTTGGAGCCACGCT-1,-0.0419377266464084
CXCR3+,HC,PB_3,TAGTTGGAGGTGCTAG-1,0.8810665175249893
CXCR3-,HC,PB_3,TAGTTGGAGTGCCATT-1,0.23439189534883595
CXCR3-,HC,PB_3,TAGTTGGTCCCTAATT-1,0.4678737980064947
CXCR3-,HC,PB_3,TATCAGGAGTTCGCAT-1,-0.05971448627792837
CXCR3-,HC,PB_3,TATCAGGGTGTAAGTA-1,0.019849022074503817
CXCR3-,HC,PB_3,TATCAGGTCAACTCTT-1,0.010230102462862298
CXCR3-,HC,PB_3,TATCAGGTCGGCCGAT-1,-0.29997119987097626
CXCR3-,HC,PB_3,TATGCCCAGCCGTCGT-1,0.1189742841303593
CXCR3+,HC,PB_3,TATGCCCGTGAAAGAG-1,0.18054235751609066
CXCR3-,HC,PB_3,TATGCCCTCTGGTATG-1,-0.29997119987097626
CXCR3-,HC,PB_3,TCAACGACATCGGGTC-1,0.21782302879069854
CXCR3-,HC,PB_3,TCAACGAGTAGCGCTC-1,0.01975721945274186
CXCR3+,HC,PB_3,TCAATCTCACCTGGTG-1,-0.29997119987097626
CXCR3-,HC,PB_3,TCAATCTCACCTTGTC-1,0.023234654441195084
CXCR3-,HC,PB_3,TCACAAGTCGGCCGAT-1,0.06336651917117853
CXCR3-,HC,PB_3,TCACGAACAAGACACG-1,1.0722219148089194
CXCR3-,HC,PB_3,TCACGAACATCCGGGT-1,0.31240311206861454
CXCR3-,HC,PB_3,TCACGAACATGCAATC-1,0.04892180939725762
CXCR3-,HC,PB_3,TCACGAATCAATCACG-1,-0.2057659736327813
CXCR3-,HC,PB_3,TCAGATGAGTTACGGG-1,-0.047158415038501475
CXCR3+,HC,PB_3,TCAGATGAGTTAGGTA-1,-0.228658697134111
CXCR3-,HC,PB_3,TCAGATGAGTTGAGAT-1,0.1752118017386217
CXCR3-,HC,PB_3,TCAGATGCAATCCGAT-1,0.1589420381257592
CXCR3-,HC,PB_3,TCAGATGCACGCATCG-1,-0.29997119987097626
CXCR3-,HC,PB_3,TCAGATGGTCAAAGAT-1,-0.011367893724198747
CXCR3-,HC,PB_3,TCAGATGTCCGTTGCT-1,0.3044405312071429
CXCR3+,HC,PB_3,TCAGCAAAGCTGAAAT-1,0.014420770239367133
CXCR3+,HC,PB_3,TCAGCAACACTTAACG-1,0.6706430639122776
CXCR3-,HC,PB_3,TCAGCTCAGCCCAACC-1,-0.29997119987097626
CXCR3-,HC,PB_3,TCAGCTCCACTACAGT-1,-0.1349848109834177
CXCR3-,HC,PB_3,TCAGCTCGTCCCGACA-1,-0.16270836346690393
CXCR3-,HC,PB_3,TCAGCTCTCTGTTTGT-1,0.4033358848978192
CXCR3-,HC,PB_3,TCAGGATTCCCTGACT-1,-0.29997119987097626
CXCR3+,HC,PB_3,TCAGGATTCGCTGATA-1,-0.29997119987097626
CXCR3+,HC,PB_3,TCAGGTAAGGCGATAC-1,-0.11818460080987822
CXCR3-,HC,PB_3,TCAGGTACAACGATCT-1,0.18969711660857816
CXCR3-,HC,PB_3,TCATTACCAGTTCATG-1,0.046719600924717546
CXCR3-,HC,PB_3,TCATTACCATCCGTGG-1,0.41315694513471485
CXCR3-,HC,PB_3,TCATTACGTAGAGTGC-1,-0.29997119987097626
CXCR3+,HC,PB_3,TCATTACGTATAGGGC-1,0.2867388914294552
CXCR3-,HC,PB_3,TCATTACGTCGGCACT-1,-0.08366547630043215
CXCR3+,HC,PB_3,TCATTACTCACATACG-1-1,0.3218362803910422
CXCR3-,HC,PB_3,TCATTACTCCTTGCCA-1,-0.0858046130930841
CXCR3-,HC,PB_3,TCATTTGCAATGGAAT-1,-0.29997119987097626
CXCR3+,HC,PB_3,TCATTTGGTCCAGTTA-1,-0.29997119987097626
CXCR3-,HC,PB_3,TCATTTGGTGGTAACG-1,-0.12505056514504795
CXCR3+,HC,PB_3,TCATTTGTCTTCCTTC-1,-0.29997119987097626
CXCR3-,HC,PB_3,TCCACACAGCAGGCTA-1,-0.10524859355818064
CXCR3-,HC,PB_3,TCCACACCACCAGGTC-1,0.18597492227696183
CXCR3-,HC,PB_3,TCCACACGTGAAATCA-1,-0.015222343077703652
CXCR3-,HC,PB_3,TCCACACGTGTAACGG-1,0.062247239743476124
CXCR3-,HC,PB_3,TCCACACTCCAGATCA-1,-0.18481255647861153
CXCR3+,HC,PB_3,TCCCGATAGTCAATAG-1,-0.20848385992948867
CXCR3-,HC,PB_3,TCCCGATCACAAGCCC-1,-0.13591857950908973
CXCR3-,HC,PB_3,TCCCGATCAGGTGCCT-1,-0.023717881735474403
CXCR3-,HC,PB_3,TCCCGATCATCAGTCA-1,-0.29997119987097626
CXCR3-,HC,PB_3,TCCCGATTCTGCTTGC-1,0.0879362038492316
CXCR3+,HC,PB_3,TCGAGGCCAGGCAGTA-1,-0.29997119987097626
CXCR3+,HC,PB_3,TCGAGGCGTACAAGTA-1,0.1171210261831691
CXCR3-,HC,PB_3,TCGAGGCGTCCATCCT-1,0.23967893927866155
CXCR3-,HC,PB_3,TCGAGGCGTTATCGGT-1,-0.29997119987097626
CXCR3-,HC,PB_3,TCGCGAGCAATGAATG-1,0.20096127617872203
CXCR3-,HC,PB_3,TCGCGAGCAGGACCCT-1,-0.29997119987097626
CXCR3-,HC,PB_3,TCGCGAGCAGTAAGCG-1,-0.29997119987097626
CXCR3-,HC,PB_3,TCGCGAGGTTCACCTC-1,-0.06421719114801926
CXCR3-,HC,PB_3,TCGCGTTAGCGCCTCA-1,-0.1070402502152743
CXCR3-,HC,PB_3,TCGCGTTAGGGTCTCC-1,-0.16592615309093103
CXCR3-,HC,PB_3,TCGCGTTCAGTATGCT-1,0.22045487405097952
CXCR3-,HC,PB_3,TCGGGACGTGTCCTCT-1,0.008338543707583437
CXCR3-,HC,PB_3,TCGGGACTCATACGGT-1,-0.29997119987097626
CXCR3-,HC,PB_3,TCGGGACTCTGATTCT-1,0.3098429447628922
CXCR3+,HC,PB_3,TCGGTAAAGCCATCGC-1,-0.29997119987097626
CXCR3-,HC,PB_3,TCGGTAACAATACGCT-1,-0.29997119987097626
CXCR3-,HC,PB_3,TCGTAGAGTCCGTCAG-1,0.0900785582195961
CXCR3+,HC,PB_3,TCTATTGGTGTAATGA-1,0.4988987350819217
CXCR3-,HC,PB_3,TCTCATATCTAACCGA-1,-0.2136087572576352
CXCR3-,HC,PB_3,TCTCTAAAGGCTCATT-1,0.4200541922982996
CXCR3-,HC,PB_3,TCTCTAACAGCCTATA-1,-0.13154447575199046
CXCR3-,HC,PB_3,TCTGAGAAGAATGTGT-1,0.22982585866482336
CXCR3-,HC,PB_3,TCTGAGAGTCAGATAA-1,0.10203717931636296
CXCR3-,HC,PB_3,TCTTCGGGTGATGATA-1,-0.12130884261808812
CXCR3-,HC,PB_3,TCTTCGGTCTAACCGA-1,0.20791788306836742
CXCR3-,HC,PB_3,TCTTTCCCAAGCGAGT-1,-0.05098793593662977
CXCR3-,HC,PB_3,TCTTTCCCAGCATACT-1,-0.20629833924708682
CXCR3-,HC,PB_3,TGAAAGAAGAACTCGG-1,-0.006390878986612629
CXCR3-,HC,PB_3,TGAAAGAAGATATGCA-1,-0.29997119987097626
CXCR3-,HC,PB_3,TGAAAGAAGGGAGTAA-1,0.6792228757014068
CXCR3-,HC,PB_3,TGAAAGATCATGTGGT-1,-0.10306578091276834
CXCR3-,HC,PB_3,TGAAAGATCTGATTCT-1,-0.03848666123157955
CXCR3-,HC,PB_3,TGACAACGTCATTAGC-1,-0.29997119987097626
CXCR3-,HC,PB_3,TGACGGCAGAGGGATA-1,-0.05875441994705608
CXCR3-,HC,PB_3,TGACGGCAGGCAATTA-1,0.07477109502777647
CXCR3-,HC,PB_3,TGACGGCAGGTTCCTA-1,0.06511697308095177
CXCR3-,HC,PB_3,TGACGGCTCAAACCAC-1,-0.058280682921583005
CXCR3-,HC,PB_3,TGACGGCTCAGCAACT-1,0.27670465272700945
CXCR3-,HC,PB_3,TGACGGCTCGAACTGT-1,0.5439695050582671
CXCR3+,HC,PB_3,TGACGGCTCTCAAACG-1,-0.016554281444515383
CXCR3-,HC,PB_3,TGACTAGAGTCCAGGA-1,-0.29997119987097626
CXCR3-,HC,PB_3,TGACTAGCAGGCTGAA-1,-0.10978132431137758
CXCR3-,HC,PB_3,TGAGAGGTCCAGATCA-1,-0.29997119987097626
CXCR3+,HC,PB_3,TGAGAGGTCTGAAAGA-1,0.059632257628501786
CXCR3-,HC,PB_3,TGAGCATAGCTTATCG-1,-0.29997119987097626
CXCR3+,HC,PB_3,TGAGCATCAAGTCTAC-1,-0.09860228260848573
CXCR3-,HC,PB_3,TGAGCATCAGATGAGC-1,-0.06153239303100594
CXCR3-,HC,PB_3,TGAGCATGTCCAGTAT-1,-0.10858157341689152
CXCR3-,HC,PB_3,TGAGCATTCTACCTGC-1,-0.047931133876455125
CXCR3-,HC,PB_3,TGAGCCGAGGGTTCCC-1,-0.060641818911620814
CXCR3-,HC,PB_3,TGAGCCGTCTCGAGTA-1,-0.29997119987097626
CXCR3+,HC,PB_3,TGAGGGAAGAGTCGGT-1,-0.29997119987097626
CXCR3-,HC,PB_3,TGAGGGATCAGCGATT-1,-0.29997119987097626
CXCR3-,HC,PB_3,TGATTTCTCTAACTGG-1,-0.09530368895583105
CXCR3-,HC,PB_3,TGCACCTAGCGCCTCA-1,0.12528152459167685
CXCR3-,HC,PB_3,TGCACCTGTTTGACAC-1,-0.29997119987097626
CXCR3-,HC,PB_3,TGCACCTTCCAAACAC-1,0.28963391533838945
CXCR3-,HC,PB_3,TGCCAAACAATAACGA-1,-0.29997119987097626
CXCR3-,HC,PB_3,TGCCAAATCACGGTTA-1,-0.1302432672948884
CXCR3-,HC,PB_3,TGCGCAGCACAACTGT-1,0.05770763250379686
CXCR3-,HC,PB_3,TGCGCAGCAGACAAGC-1,-0.29997119987097626
CXCR3-,HC,PB_3,TGCGCAGCATGACGGA-1,-0.29997119987097626
CXCR3-,HC,PB_3,TGCGCAGGTTCCATGA-1,0.46364026525525537
CXCR3-,HC,PB_3,TGCGGGTCAACGATGG-1,-0.29997119987097626
CXCR3-,HC,PB_3,TGCGGGTCATCTACGA-1,0.5581739069820192
CXCR3-,HC,PB_3,TGCGGGTGTGCTCTTC-1,0.02259782645398079
CXCR3-,HC,PB_3,TGCGTGGGTCTCGTTC-1,0.15574265822357325
CXCR3+,HC,PB_3,TGCTGCTGTGCAGGTA-1,0.8148940321387972
CXCR3-,HC,PB_3,TGCTGCTTCCATGAGT-1,0.28230883637274823
CXCR3-,HC,PB_3,TGGACGCAGCACACAG-1,-0.16461575291659608
CXCR3+,HC,PB_3,TGGACGCCATCACGTA-1,0.16702394956487582
CXCR3-,HC,PB_3,TGGACGCGTGCTAGCC-1,-0.07656278709682961
CXCR3-,HC,PB_3,TGGCCAGAGGAGTAGA-1,-0.29997119987097626
CXCR3-,HC,PB_3,TGGCCAGCAACTGCGC-1,-0.29997119987097626
CXCR3-,HC,PB_3,TGGCCAGCACTGTTAG-1,0.37714093879716326
CXCR3+,HC,PB_3,TGGCCAGGTTATCGGT-1,0.004454321735760024
CXCR3-,HC,PB_3,TGGCCAGTCACTTATC-1,-0.29997119987097626
CXCR3-,HC,PB_3,TGGCGCAAGAACAATC-1,0.3191108210339219
CXCR3-,HC,PB_3,TGGCGCAAGAATTGTG-1,-0.29997119987097626
CXCR3-,HC,PB_3,TGGCGCAAGGATGGAA-1,-0.16441489867018336
CXCR3+,HC,PB_3,TGGCGCAGTACGCACC-1,-0.29997119987097626
CXCR3-,HC,PB_3,TGGCGCATCGAATGGG-1,-0.29997119987097626
CXCR3-,HC,PB_3,TGGCGCATCGTGGTCG-1,-0.29997119987097626
CXCR3-,HC,PB_3,TGGCTGGCAATGGTCT-1,-0.11274765620851102
CXCR3-,HC,PB_3,TGGCTGGGTCGTCTTC-1,-0.29997119987097626
CXCR3+,HC,PB_3,TGGCTGGGTGCTGTAT-1,-0.08713080401756408
CXCR3+,HC,PB_3,TGGGAAGAGGTAGCTG-1,0.021004691798672877
CXCR3-,HC,PB_3,TGGGAAGTCACTCTTA-1,0.8073673162829602
CXCR3-,HC,PB_3,TGGGAAGTCCTAAGTG-1,0.9396276026938056
CXCR3-,HC,PB_3,TGGGCGTAGCGTGAGT-1,0.2591563455170115
CXCR3-,HC,PB_3,TGGGCGTAGCGTTCCG-1-1,-0.06489708719447909
CXCR3-,HC,PB_3,TGGGCGTGTATAATGG-1,0.2618128120430652
CXCR3-,HC,PB_3,TGGGCGTTCAAACGGG-1,-0.29997119987097626
CXCR3-,HC,PB_3,TGGTTAGCACACTGCG-1,-0.29997119987097626
CXCR3-,HC,PB_3,TGGTTAGGTACCAGTT-1,0.09618596709511724
CXCR3-,HC,PB_3,TGGTTAGTCCTTTCTC-1,0.2762620655288963
CXCR3-,HC,PB_3,TGGTTCCAGAGGTACC-1,-0.29997119987097626
CXCR3-,HC,PB_3,TGGTTCCAGGGAACGG-1,-0.29997119987097626
CXCR3-,HC,PB_3,TGGTTCCGTAGCTCCG-1,-0.010699191213694769
CXCR3-,HC,PB_3,TGGTTCCGTCGCATAT-1,-0.29997119987097626
CXCR3-,HC,PB_3,TGTATTCGTCCGTGAC-1,0.4988190694335115
CXCR3-,HC,PB_3,TGTATTCTCTTGCCGT-1,-0.07026202401247165
CXCR3-,HC,PB_3,TGTCCCAAGCTGTCTA-1,0.06753815644757366
CXCR3-,HC,PB_3,TGTCCCAGTGTCCTCT-1,-0.29997119987097626
CXCR3-,HC,PB_3,TGTGGTAAGGAGTTTA-1,-0.1125730299248182
CXCR3-,HC,PB_3,TGTGGTACATGTCTCC-1,-0.29997119987097626
CXCR3-,HC,PB_3,TGTGGTAGTACCGCTG-1,-0.29997119987097626
CXCR3+,HC,PB_3,TGTGGTAGTAGCTCCG-1,0.08557990948730354
CXCR3-,HC,PB_3,TGTGTTTCAATGAAAC-1,0.012122580518495827
CXCR3-,HC,PB_3,TGTGTTTCAGGTCTCG-1,-0.01672830394524889
CXCR3-,HC,PB_3,TGTGTTTCATACTACG-1,-0.23494147282543176
CXCR3-,HC,PB_3,TGTGTTTGTCGCATCG-1,0.1993254895837065
CXCR3-,HC,PB_3,TGTTCCGGTTCACCTC-1,-0.017377015037812384
CXCR3-,HC,PB_3,TGTTCCGTCAATCTCT-1,0.08283654117797154
CXCR3-,HC,PB_3,TTAACTCAGACGACGT-1,-0.29997119987097626
CXCR3-,HC,PB_3,TTAACTCCAAGCCGCT-1,0.23521211958651936
CXCR3-,HC,PB_3,TTAACTCGTCTAGTCA-1,-0.12582535961463506
CXCR3-,HC,PB_3,TTAGGACAGACCGGAT-1,0.39647266771305567
CXCR3-,HC,PB_3,TTAGGACAGGGCTTGA-1,0.07207868247068235
CXCR3-,HC,PB_3,TTAGGACCAGCATACT-1,0.15867694006344593
CXCR3-,HC,PB_3,TTAGGACCATACGCCG-1,-0.09199060468001141
CXCR3-,HC,PB_3,TTAGGACTCGCCAGCA-1,-0.04424717343291271
CXCR3-,HC,PB_3,TTAGGCACATACCATG-1,-0.10480460514986212
CXCR3+,HC,PB_3,TTAGTTCAGGGTCGAT-1,0.07425729035651589
CXCR3-,HC,PB_3,TTAGTTCCAAGGACTG-1,-0.29997119987097626
CXCR3-,HC,PB_3,TTAGTTCCACCACCAG-1,-0.21263489942415909
CXCR3-,HC,PB_3,TTAGTTCGTCTAGTGT-1,0.13680420546878744
CXCR3-,HC,PB_3,TTATGCTAGTACGACG-1,0.1982934027115117
CXCR3-,HC,PB_3,TTATGCTGTAGCGTGA-1,0.35041322737588676
CXCR3-,HC,PB_3,TTATGCTTCAACGCTA-1,-0.17285525383361358
CXCR3-,HC,PB_3,TTATGCTTCACCGGGT-1,0.024348473955764227
CXCR3-,HC,PB_3,TTCCCAGCAGTCAGAG-1,0.10003779447949333
CXCR3-,HC,PB_3,TTCCCAGCATTCCTGC-1,-0.015071744303135277
CXCR3-,HC,PB_3,TTCCCAGGTTCACCTC-1,-0.056463023849566606
CXCR3-,HC,PB_3,TTCGGTCAGGATCGCA-1,0.29869451171181416
CXCR3+,HC,PB_3,TTCTACAAGGCTACGA-1,-0.29997119987097626
CXCR3+,HC,PB_3,TTCTACACACGTCAGC-1,-0.028012519438626916
CXCR3-,HC,PB_3,TTCTCAAAGGATCGCA-1,0.2607814865672036
CXCR3+,HC,PB_3,TTCTCAACAGGGAGAG-1,0.07038601917915385
CXCR3+,HC,PB_3,TTCTCAAGTAAATGTG-1,-0.09715143026690407
CXCR3-,HC,PB_3,TTCTCAATCACTGGGC-1,0.007284376495870469
CXCR3-,HC,PB_3,TTCTCAATCGTTGCCT-1,0.19713665238692793
CXCR3-,HC,PB_3,TTCTCCTTCTGGAGCC-1,-0.29997119987097626
CXCR3+,HC,PB_3,TTCTTAGAGAAGGTTT-1,0.22067178295878895
CXCR3-,HC,PB_3,TTCTTAGAGGGATACC-1,-0.18861038110139408
CXCR3-,HC,PB_3,TTCTTAGCAGGGTTAG-1,-0.01006713372793427
CXCR3-,HC,PB_3,TTCTTAGTCACAAACC-1,-0.29997119987097626
CXCR3-,HC,PB_3,TTCTTAGTCCGAGCCA-1,-0.29997119987097626
CXCR3-,HC,PB_3,TTGAACGCACCTCGTT-1,0.08808463112148479
CXCR3-,HC,PB_3,TTGAACGTCAATACCG-1,0.17448927809223894
CXCR3+,HC,PB_3,TTGACTTCATGGATGG-1,-0.15215779058924647
CXCR3-,HC,PB_3,TTGACTTTCACGAAGG-1,0.06564021859774208
CXCR3-,HC,PB_3,TTGCCGTCACCGCTAG-1,-0.29997119987097626
CXCR3-,HC,PB_3,TTGCCGTCATGAAGTA-1,-0.10379444253777732
CXCR3-,HC,PB_3,TTGCGTCTCGTAGATC-1,-0.29997119987097626
CXCR3-,HC,PB_3,TTGCGTCTCTAACTGG-1,-0.1467159117162334
CXCR3+,HC,PB_3,TTGCGTCTCTCTTATG-1,0.005886679976156185
CXCR3-,HC,PB_3,TTGGCAAAGGCTCATT-1,-0.011844539403531128
CXCR3-,HC,PB_3,TTGGCAATCACTGGGC-1,-0.29997119987097626
CXCR3-,HC,PB_3,TTGTAGGCACGTTGGC-1,-0.29997119987097626
CXCR3-,HC,PB_3,TTGTAGGGTGTTTGGT-1,-0.29997119987097626
CXCR3-,HC,PB_3,TTGTAGGTCCAGAAGG-1,-0.29997119987097626
CXCR3-,HC,PB_3,TTTACTGAGACGCTTT-1,-0.12297000141594751
CXCR3-,HC,PB_3,TTTACTGCAAATACAG-1,0.09768086495472465
CXCR3-,HC,PB_3,TTTACTGCAGGAATGC-1,-0.29997119987097626
CXCR3-,HC,PB_3,TTTACTGCATAGGATA-1,0.11535669132770357
CXCR3-,HC,PB_3,TTTACTGGTAGCGCTC-1,-0.17005249493861255
CXCR3-,HC,PB_3,TTTACTGGTTATGTGC-1,-0.02070619522490087
CXCR3-,HC,PB_3,TTTACTGTCCCTTGCA-1,0.25401480103231144
CXCR3-,HC,PB_3,TTTATGCAGACCTAGG-1,-0.29997119987097626
CXCR3-,HC,PB_3,TTTATGCGTGAAGGCT-1,-0.025991414514056864
CXCR3-,HC,PB_3,TTTATGCGTGGACGAT-1,0.5458228495734091
CXCR3-,HC,PB_3,TTTATGCTCTTCGGTC-1,-0.004658046221913649
CXCR3-,HC,PB_3,TTTCCTCGTCGACTGC-1,-0.29997119987097626
CXCR3-,HC,PB_3,TTTGCGCAGTACGACG-1,-0.1442203299042035
CXCR3+,HC,PB_3,TTTGCGCGTCTTCAAG-1,0.6110477710873339
CXCR3+,HC,PB_3,TTTGGTTCATTTCACT-1,-0.13738351249719058
CXCR3-,HC,PB_3,TTTGGTTGTTAAGAAC-1,-0.10007250439684527
CXCR3-,HC,PB_3,TTTGGTTTCTACCTGC-1,-0.014374872159131314
CXCR3-,HC,PB_3,TTTGTCACATGGTCTA-1,-0.16177922446223253
CXCR3-,HC,PB_32,AAACCTGCACACTGCG-1,-0.02906181193214432
CXCR3+,HC,PB_32,AAACCTGCAGGACCCT-1,-0.05432762447239041
CXCR3+,HC,PB_32,AAACCTGCATGAAGTA-1,0.0717133731919752
CXCR3-,HC,PB_32,AAACCTGGTCTTCTCG-1,-0.11428995693351802
CXCR3-,HC,PB_32,AAACCTGTCTCACATT-1,-0.29997119987097626
CXCR3-,HC,PB_32,AAACGGGAGACGCACA-1,-0.29997119987097626
CXCR3-,HC,PB_32,AAACGGGCACCCAGTG-1,0.3279772713273806
CXCR3-,HC,PB_32,AAACGGGGTACATGTC-1,0.267687273703103
CXCR3-,HC,PB_32,AAACGGGTCAGGCCCA-1,0.0036938619717712235
CXCR3-,HC,PB_32,AAAGATGAGCACCGTC-1,-0.0017303327290102738
CXCR3-,HC,PB_32,AAAGATGCAGTCAGAG-1,-0.29997119987097626
CXCR3-,HC,PB_32,AAAGCAAGTACCATCA-1,-0.29997119987097626
CXCR3-,HC,PB_32,AAAGCAAGTGTGAATA-1,-0.1741229573272595
CXCR3-,HC,PB_32,AAAGCAAGTTAAAGAC-1,0.12442796595279372
CXCR3-,HC,PB_32,AAAGTAGGTTACGCGC-1,-0.14576196082305998
CXCR3-,HC,PB_32,AAATGCCAGAGCTTCT-1,-0.10968698860060948
CXCR3-,HC,PB_32,AAATGCCAGGAATGGA-1,0.12971650942475985
CXCR3+,HC,PB_32,AAATGCCTCAAGGTAA-1,0.26324554771205444
CXCR3+,HC,PB_32,AAATGCCTCTAGAGTC-1,0.21888473295915895
CXCR3-,HC,PB_32,AACACGTCAGGAACGT-1,-0.29997119987097626
CXCR3-,HC,PB_32,AACCATGAGGGTGTGT-1,-0.29997119987097626
CXCR3-,HC,PB_32,AACCGCGCACAGCCCA-1,-0.29997119987097626
CXCR3-,HC,PB_32,AACCGCGTCGTAGGAG-1,-0.29997119987097626
CXCR3-,HC,PB_32,AACGTTGAGCTAACAA-1,0.4366431835698375
CXCR3+,HC,PB_32,AACGTTGCAGGATTGG-1,0.13082371235809084
CXCR3-,HC,PB_32,AACGTTGGTGTATGGG-1,-0.29997119987097626
CXCR3-,HC,PB_32,AACGTTGTCTATCCCG-1,-0.08011985074126615
CXCR3-,HC,PB_32,AACTCAGCATGCCTAA-1,-0.07049002237415655
CXCR3-,HC,PB_32,AACTCAGGTAAGTTCC-1,0.35371083033678014
CXCR3-,HC,PB_32,AACTCAGGTTTGACTG-1,-0.29997119987097626
CXCR3-,HC,PB_32,AACTCCCAGAATTCCC-1,-0.29997119987097626
CXCR3-,HC,PB_32,AACTCCCAGGAGCGAG-1,0.4896432203780753
CXCR3-,HC,PB_32,AACTCCCCAATCGAAA-1,0.0945697559056549
CXCR3-,HC,PB_32,AACTCCCTCGTCCGTT-1,0.18967298859018752
CXCR3-,HC,PB_32,AACTCTTGTAGCCTCG-1,-0.29997119987097626
CXCR3-,HC,PB_32,AACTCTTGTCCATCCT-1,-0.04165586547015188
CXCR3-,HC,PB_32,AACTGGTCAGGAATCG-1,0.2163256916815794
CXCR3-,HC,PB_32,AACTGGTGTGTGGTTT-1,1.101901100242806
CXCR3-,HC,PB_32,AACTGGTTCTCGCTTG-1,-0.29997119987097626
CXCR3-,HC,PB_32,AACTTTCAGAGACTAT-1,-0.19760714608756727
CXCR3-,HC,PB_32,AACTTTCTCCTGCTTG-1,0.2473925130786268
CXCR3-,HC,PB_32,AACTTTCTCTGGCGAC-1,-0.03357342261737362
CXCR3-,HC,PB_32,AAGACCTCAGATTGCT-1,-0.29997119987097626
CXCR3-,HC,PB_32,AAGACCTGTATTCTCT-1,-0.29997119987097626
CXCR3-,HC,PB_32,AAGACCTTCGCCGTGA-1,0.20529400627214986
CXCR3-,HC,PB_32,AAGCCGCAGAAGATTC-1,-0.016374451082234585
CXCR3-,HC,PB_32,AAGCCGCAGGCTAGAC-1,0.1346830958947232
CXCR3-,HC,PB_32,AAGCCGCCAAGACGTG-1,1.0049033921065234
CXCR3-,HC,PB_32,AAGCCGCCAATAGCAA-1,0.13839897904813786
CXCR3-,HC,PB_32,AAGGAGCAGGTTACCT-1,1.0777892380973026
CXCR3-,HC,PB_32,AAGGAGCCACCAGGCT-1,-0.29997119987097626
CXCR3-,HC,PB_32,AAGGAGCTCGTGGTCG-1,0.18383161123357478
CXCR3-,HC,PB_32,AAGGCAGTCGGTGTCG-1,0.04483866277882791
CXCR3+,HC,PB_32,AATCCAGAGAGCCCAA-1,-0.29997119987097626
CXCR3-,HC,PB_32,AATCCAGCATAGACTC-1,0.2068497978299276
CXCR3-,HC,PB_32,AATCCAGTCACTCTTA-1,0.2832545903337249
CXCR3-,HC,PB_32,AATCGGTAGGCAAAGA-1,0.0014924682679549209
CXCR3-,HC,PB_32,AATCGGTAGTTCGATC-1,-0.29997119987097626
CXCR3-,HC,PB_32,AATCGGTCAAAGGAAG-1,0.17086284407560245
CXCR3-,HC,PB_32,AATCGGTCAGTCCTTC-1,-0.0815328654834241
CXCR3-,HC,PB_32,AATCGGTGTCATGCAT-1,-0.0036280021080671776
CXCR3-,HC,PB_32,ACACCAAAGAGGTTGC-1,0.42451488498249523
CXCR3-,HC,PB_32,ACACCAAGTCTAGTGT-1,0.4641851253602677
CXCR3-,HC,PB_32,ACACCCTAGACTCGGA-1,0.3112096450026625
CXCR3-,HC,PB_32,ACACCCTAGGATTCGG-1,0.6904424548222524
CXCR3-,HC,PB_32,ACACCCTCACTTAACG-1,0.14033593902914215
CXCR3-,HC,PB_32,ACACCCTCACTTAAGC-1,-0.027230731803616622
CXCR3-,HC,PB_32,ACACCGGAGGATATAC-1,-0.29997119987097626
CXCR3-,HC,PB_32,ACACCGGTCAAAGTAG-1,-0.29997119987097626
CXCR3+,HC,PB_32,ACACTGATCAACGCTA-1,-0.20347079339001017
CXCR3-,HC,PB_32,ACACTGATCCAGGGCT-1,-0.29997119987097626
CXCR3-,HC,PB_32,ACAGCCGAGATGGGTC-1,-0.29997119987097626
CXCR3-,HC,PB_32,ACAGCCGCACCAGATT-1-1,0.2666297053426657
CXCR3-,HC,PB_32,ACAGCCGTCTAACTCT-1,0.36768131181959546
CXCR3-,HC,PB_32,ACAGCTAAGTGTACTC-1,-0.07090092242603907
CXCR3-,HC,PB_32,ACATACGGTACAGCAG-1,0.14429915814687955
CXCR3-,HC,PB_32,ACATCAGAGCGTGAGT-1,0.2185913028968666
CXCR3+,HC,PB_32,ACATGGTCAGCGAACA-1,-0.15164438043438352
CXCR3-,HC,PB_32,ACATGGTGTCATATCG-1,-0.16282069088277723
CXCR3-,HC,PB_32,ACCAGTAAGCTGAAAT-1,0.03170310703905651
CXCR3-,HC,PB_32,ACCAGTAAGGAACTGC-1,-0.29997119987097626
CXCR3-,HC,PB_32,ACCAGTATCAGCTGGC-1,0.12302799753661461
CXCR3+,HC,PB_32,ACCCACTCAGCTGCAC-1,-0.29997119987097626
CXCR3-,HC,PB_32,ACCGTAATCTGATTCT-1-2,-0.20015871537728908
CXCR3-,HC,PB_32,ACCTTTAAGTACGTAA-1,0.149812913772047
CXCR3-,HC,PB_32,ACCTTTACAAGGACAC-1,1.6613309208302098
CXCR3-,HC,PB_32,ACCTTTAGTGGAAAGA-1,0.9901513519837863
CXCR3-,HC,PB_32,ACGAGCCAGTGCCATT-1,-0.12096068163026528
CXCR3-,HC,PB_32,ACGAGCCAGTGTCTCA-1,0.29658578210114
CXCR3-,HC,PB_32,ACGAGCCCACAAGCCC-1-1,-0.29997119987097626
CXCR3-,HC,PB_32,ACGAGCCCAGCATGAG-1,-0.29997119987097626
CXCR3-,HC,PB_32,ACGAGGACAGCTGCTG-1,0.386440221606244
CXCR3-,HC,PB_32,ACGAGGACATAGTAAG-1-1,0.6606530759060127
CXCR3-,HC,PB_32,ACGAGGAGTCGTGGCT-1,-0.041120804450414335
CXCR3+,HC,PB_32,ACGATACCAGTGAGTG-1-1,0.02949443513370146
CXCR3-,HC,PB_32,ACGATACGTCCAAGTT-1,0.6934826050396751
CXCR3-,HC,PB_32,ACGATACTCAAAGACA-1,0.1505098379371539
CXCR3-,HC,PB_32,ACGATGTAGATCACGG-1,-0.29997119987097626
CXCR3-,HC,PB_32,ACGCAGCCAGCGTTCG-1,-0.29997119987097626
CXCR3-,HC,PB_32,ACGCAGCCATGCAACT-1,0.3837393154151561
CXCR3+,HC,PB_32,ACGCAGCTCAGTTGAC-1,0.24771082225984378
CXCR3-,HC,PB_32,ACGCAGCTCCTTCAAT-1,0.1790248126078501
CXCR3-,HC,PB_32,ACGCCAGCACCAGATT-1,-0.1982208799285736
CXCR3-,HC,PB_32,ACGCCAGCACGTCAGC-1,-0.15481466254923473
CXCR3-,HC,PB_32,ACGCCGAGTCCGAAGA-1,0.21299864395397142
CXCR3-,HC,PB_32,ACGGAGATCTGTTGAG-1,-0.29997119987097626
CXCR3+,HC,PB_32,ACGGCCACAGCAGTTT-1,-0.29997119987097626
CXCR3-,HC,PB_32,ACGGGCTAGGGATGGG-1,-0.16803571150645355
CXCR3-,HC,PB_32,ACGGGCTCACCAGTTA-1,0.33896023558302807
CXCR3-,HC,PB_32,ACGGGCTGTCTCTCGT-1,-0.29997119987097626
CXCR3+,HC,PB_32,ACGGGCTGTTAAGACA-1,0.15161609359031206
CXCR3-,HC,PB_32,ACGGGCTTCCGCAGTG-1,0.013506954899857569
CXCR3-,HC,PB_32,ACGGGCTTCGTCCAGG-1,-0.29997119987097626
CXCR3-,HC,PB_32,ACGGGTCAGCTACCTA-1,0.23151002374400673
CXCR3+,HC,PB_32,ACGGGTCCATAAGACA-1,-0.14014989219239765
CXCR3-,HC,PB_32,ACGGGTCTCTCCAACC-1,-0.29997119987097626
CXCR3-,HC,PB_32,ACGTCAACACTCGACG-1,0.22977207689792004
CXCR3-,HC,PB_32,ACGTCAAGTTGCCTCT-1,-0.13484392609679352
CXCR3-,HC,PB_32,ACGTCAATCAACCATG-1,0.3916955093672619
CXCR3-,HC,PB_32,ACTATCTAGATGCCAG-1,-0.29997119987097626
CXCR3-,HC,PB_32,ACTATCTAGGAATGGA-1,-0.29997119987097626
CXCR3-,HC,PB_32,ACTATCTCAGACTCGC-1,-0.29997119987097626
CXCR3-,HC,PB_32,ACTGAACAGAGGTTAT-1,0.45983313181918295
CXCR3-,HC,PB_32,ACTGAACAGGTTACCT-1,-0.29997119987097626
CXCR3-,HC,PB_32,ACTGAGTCACTTGGAT-1,-0.05068913209570382
CXCR3-,HC,PB_32,ACTGAGTGTAAACGCG-1,0.23211780429246567
CXCR3-,HC,PB_32,ACTGAGTTCGAACGGA-1,-0.29997119987097626
CXCR3-,HC,PB_32,ACTGATGTCAATAAGG-1,0.09961169677550775
CXCR3-,HC,PB_32,ACTGCTCGTCTAAAGA-1,-0.29997119987097626
CXCR3-,HC,PB_32,ACTGTCCGTACAAGTA-1,-0.29997119987097626
CXCR3+,HC,PB_32,ACTGTCCGTTCCATGA-1,-0.031219669392290733
CXCR3-,HC,PB_32,ACTTACTCACGGCCAT-1,-0.29997119987097626
CXCR3-,HC,PB_32,ACTTACTGTACAGACG-1-1,-0.29997119987097626
CXCR3-,HC,PB_32,ACTTACTGTCCGAAGA-1,-0.09093189542593481
CXCR3-,HC,PB_32,ACTTACTGTTGCTCCT-1-1,0.04653585397732653
CXCR3-,HC,PB_32,ACTTGTTGTTTGTTTC-1,0.03161208471140932
CXCR3-,HC,PB_32,ACTTGTTTCTGCTGTC-1,0.3728918221422038
CXCR3-,HC,PB_32,ACTTTCATCGCAAGCC-1,0.06642827570912678
CXCR3+,HC,PB_32,AGAATAGAGAAGGGTA-1,0.07181035830443593
CXCR3-,HC,PB_32,AGAATAGAGAAGGTGA-1,-0.29997119987097626
CXCR3-,HC,PB_32,AGAATAGAGTTGTAGA-1,0.21416945078124233
CXCR3-,HC,PB_32,AGACGTTCACCGAATT-1,-0.17134234708373372
CXCR3+,HC,PB_32,AGACGTTCATTAGCCA-1,0.710902138638798
CXCR3-,HC,PB_32,AGACGTTGTGAGTGAC-1,-0.1274425594534952
CXCR3-,HC,PB_32,AGACGTTTCAGCTCGG-1,-0.29997119987097626
CXCR3-,HC,PB_32,AGAGCTTCATTGGGCC-1,-0.11831925242572582
CXCR3-,HC,PB_32,AGAGTGGGTCAACATC-1,0.2455346777172162
CXCR3-,HC,PB_32,AGATCTGAGCTCCTCT-1,-0.031060535439180813
CXCR3-,HC,PB_32,AGATCTGCAGGCGATA-1,0.005143906251733761
CXCR3-,HC,PB_32,AGATTGCAGAGCTATA-1,0.6777737787458182
CXCR3-,HC,PB_32,AGATTGCTCACTCCTG-1,0.31420740692020804
CXCR3+,HC,PB_32,AGCAGCCGTGAAGGCT-1,0.5282648433027872
CXCR3-,HC,PB_32,AGCCTAACAGACAAAT-1,-0.19334182188586632
CXCR3-,HC,PB_32,AGCCTAATCCACGAAT-1,-0.29997119987097626
CXCR3-,HC,PB_32,AGCCTAATCGCAAACT-1,-0.29997119987097626
CXCR3-,HC,PB_32,AGCGGTCCACAACGTT-1,0.026484157843642647
CXCR3-,HC,PB_32,AGCGGTCGTTACGTCA-1,-0.29997119987097626
CXCR3+,HC,PB_32,AGCGGTCGTTGACGTT-1,0.21838903284736166
CXCR3-,HC,PB_32,AGCGGTCTCCATGCTC-1,0.32808323315291965
CXCR3-,HC,PB_32,AGCGGTCTCTACTTAC-1,0.18141159023811743
CXCR3-,HC,PB_32,AGCGTATAGAGAACAG-1,0.035568576236966666
CXCR3-,HC,PB_32,AGCGTATGTGGTAACG-1,-0.29997119987097626
CXCR3-,HC,PB_32,AGCGTCGTCACCTCGT-1,-0.29997119987097626
CXCR3-,HC,PB_32,AGCTCCTAGCTGATAA-1,0.11104725222182957
CXCR3-,HC,PB_32,AGCTCCTTCCAACCAA-1,-0.29997119987097626
CXCR3-,HC,PB_32,AGCTCCTTCGTGGACC-1-1,0.5777685055155299
CXCR3-,HC,PB_32,AGCTCTCAGAGACTAT-1,-0.19794395253059216
CXCR3-,HC,PB_32,AGCTCTCCAGGTCTCG-1,-0.15171506773791119
CXCR3-,HC,PB_32,AGCTTGATCCAATGGT-1,-0.29997119987097626
CXCR3-,HC,PB_32,AGCTTGATCCGCATAA-1,-0.29997119987097626
CXCR3-,HC,PB_32,AGGCCACCAAGAAAGG-1,0.5704076040721672
CXCR3-,HC,PB_32,AGGCCGTCACGTTGGC-1,-0.0034214372930798653
CXCR3-,HC,PB_32,AGGCCGTCATGTTGAC-1,0.063102528059768
CXCR3-,HC,PB_32,AGGCCGTTCAGAGGTG-1,-0.29997119987097626
CXCR3-,HC,PB_32,AGGGAGTAGTATTGGA-1,-0.29997119987097626
CXCR3-,HC,PB_32,AGGGAGTCACCAGGTC-1,0.27845362764648146
CXCR3-,HC,PB_32,AGGGAGTTCGGCGGTT-1,-0.29997119987097626
CXCR3-,HC,PB_32,AGGGATGCAGGACCCT-1,-0.29997119987097626
CXCR3-,HC,PB_32,AGGGATGGTTGAGTTC-1,-0.06025762629787322
CXCR3-,HC,PB_32,AGGGTGAGTTCCGGCA-1,-0.06624143686575014
CXCR3-,HC,PB_32,AGGGTGATCACGCATA-1,-0.29997119987097626
CXCR3-,HC,PB_32,AGGGTGATCTGCGTAA-1,0.5748317401376433
CXCR3-,HC,PB_32,AGGTCATGTCTGCAAT-1,-0.29997119987097626
CXCR3-,HC,PB_32,AGGTCATTCCTTTACA-1,-0.29997119987097626
CXCR3-,HC,PB_32,AGGTCATTCTATGTGG-1,-0.29997119987097626
CXCR3-,HC,PB_32,AGGTCCGAGATCGGGT-1-1,-0.09932056094377849
CXCR3-,HC,PB_32,AGGTCCGAGATGTAAC-1,0.9312822461049544
CXCR3-,HC,PB_32,AGTAGTCCAAGAAGAG-1,-0.29997119987097626
CXCR3-,HC,PB_32,AGTAGTCGTCACTGGC-1,0.5707952463698006
CXCR3+,HC,PB_32,AGTAGTCTCGTAGATC-1,0.27894613860517387
CXCR3-,HC,PB_32,AGTCTTTAGAAGGTTT-1,-0.17939162179301135
CXCR3-,HC,PB_32,AGTCTTTGTAGCTGCC-1,-0.1814600214542507
CXCR3-,HC,PB_32,AGTCTTTGTCATCCCT-1,0.14831943826998692
CXCR3-,HC,PB_32,AGTCTTTGTCTAGTGT-1,0.006885894283150356
CXCR3-,HC,PB_32,AGTCTTTTCGGTCCGA-1,-0.057390450867629304
CXCR3-,HC,PB_32,AGTGAGGAGCGATTCT-1,0.060614135704055876
CXCR3-,HC,PB_32,AGTGAGGTCCAAGCCG-1,-0.29997119987097626
CXCR3-,HC,PB_32,AGTGAGGTCGCCTGTT-1,0.15502790563559907
CXCR3-,HC,PB_32,AGTGAGGTCTACGAGT-1,-0.29997119987097626
CXCR3-,HC,PB_32,AGTGGGAGTGACTCAT-1-1,0.24097988913535232
CXCR3+,HC,PB_32,AGTTGGTGTAATCGTC-1,0.13982111675450634
CXCR3-,HC,PB_32,AGTTGGTGTGACAAAT-1,0.4849080730521061
CXCR3-,HC,PB_32,AGTTGGTTCGTTTATC-1,0.6904672214454511
CXCR3+,HC,PB_32,ATAACGCAGTTAGCGG-1,-0.12278197848594419
CXCR3-,HC,PB_32,ATAAGAGAGACGCTTT-1,0.059863884539953824
CXCR3-,HC,PB_32,ATAAGAGAGGCTAGCA-1,0.6847148144664741
CXCR3-,HC,PB_32,ATAAGAGGTCGGCTCA-1,-0.29997119987097626
CXCR3-,HC,PB_32,ATAAGAGTCGTCCAGG-1,0.19821392472223037
CXCR3-,HC,PB_32,ATAAGAGTCGTTGCCT-1,0.2270930103101551
CXCR3-,HC,PB_32,ATAGACCCAGCTCGAC-1,0.2287959499783678
CXCR3-,HC,PB_32,ATAGACCGTACTTCTT-1,0.41448060031934436
CXCR3-,HC,PB_32,ATAGACCGTGTATGGG-1,-0.29997119987097626
CXCR3-,HC,PB_32,ATAGACCGTTCCCTTG-1,-0.028295929507177266
CXCR3-,HC,PB_32,ATCACGACAAGCCCAC-1-1,0.07572603792957519
CXCR3-,HC,PB_32,ATCATCTAGATAGGAG-1-1,0.16208264850015616
CXCR3-,HC,PB_32,ATCATCTAGTTACGGG-1,-0.29997119987097626
CXCR3-,HC,PB_32,ATCATCTTCCCGACTT-1,-0.07756850863532254
CXCR3-,HC,PB_32,ATCATCTTCGAGAGCA-1,0.1608799269170645
CXCR3-,HC,PB_32,ATCATGGCATCGATTG-1,0.5286538515183941
CXCR3-,HC,PB_32,ATCATGGGTGCAACGA-1,-0.07847048358269686
CXCR3-,HC,PB_32,ATCATGGGTTGGGACA-1,0.1302817138798332
CXCR3-,HC,PB_32,ATCATGGTCTGAAAGA-1,-0.29997119987097626
CXCR3-,HC,PB_32,ATCCACCCATACGCCG-1,-0.29997119987097626
CXCR3-,HC,PB_32,ATCCACCGTTTGTTGG-1,-0.29997119987097626
CXCR3-,HC,PB_32,ATCCACCTCTATGTGG-1,-0.29997119987097626
CXCR3-,HC,PB_32,ATCCGAATCCGAGCCA-1,0.19837525655450808
CXCR3-,HC,PB_32,ATCGAGTGTGATGATA-1,0.42734741560847017
CXCR3+,HC,PB_32,ATCGAGTGTGCACTTA-1,0.1860028895821951
CXCR3-,HC,PB_32,ATCGAGTTCAGTGTTG-1,0.052481454894752186
CXCR3-,HC,PB_32,ATCGAGTTCATAACCG-1,0.3496892348374194
CXCR3-,HC,PB_32,ATCGAGTTCCTTCAAT-1,-0.08993295445306261
CXCR3-,HC,PB_32,ATCTGCCCACTCGACG-1,0.2655493085937934
CXCR3-,HC,PB_32,ATCTGCCCAGCAGTTT-1,0.36810153921633526
CXCR3-,HC,PB_32,ATGAGGGCACATTCGA-1,0.06961687370103507
CXCR3-,HC,PB_32,ATGAGGGCAGCCTTTC-1,-0.045634239838207254
CXCR3-,HC,PB_32,ATGAGGGCAGGACGTA-1,-0.29997119987097626
CXCR3-,HC,PB_32,ATGAGGGGTACAGTTC-1,0.014366782405783833
CXCR3-,HC,PB_32,ATGAGGGTCATTTGGG-1,-0.29997119987097626
CXCR3-,HC,PB_32,ATGCGATCATGCCACG-1,0.08576404191755428
CXCR3-,HC,PB_32,ATGGGAGAGAGCTGGT-1,-0.04812281122775115
CXCR3-,HC,PB_32,ATGGGAGTCGCTAGCG-1,-0.03031922535204284
CXCR3-,HC,PB_32,ATGTGTGCATCACCCT-1,-0.29997119987097626
CXCR3-,HC,PB_32,ATGTGTGTCTATCCCG-1,-0.1506834112137653
CXCR3-,HC,PB_32,ATTACTCAGAGTTGGC-1,0.7333666398184053
CXCR3-,HC,PB_32,ATTACTCTCAGCATGT-1,0.6809160630228146
CXCR3-,HC,PB_32,ATTATCCCATCATCCC-1,0.868973036563397
CXCR3-,HC,PB_32,ATTATCCCATGTAGTC-1,0.04796478515626463
CXCR3-,HC,PB_32,ATTATCCGTATTAGCC-1,0.529018114786652
CXCR3-,HC,PB_32,ATTATCCTCCTCGCAT-1,-0.04656555861807966
CXCR3-,HC,PB_32,ATTCTACAGCCGTCGT-1,-0.29997119987097626
CXCR3-,HC,PB_32,ATTCTACAGTCCCACG-1,0.5095492846313483
CXCR3-,HC,PB_32,ATTCTACGTTGAGTTC-1,-0.29997119987097626
CXCR3-,HC,PB_32,ATTGGTGGTACACCGC-1,-0.007485803338043356
CXCR3-,HC,PB_32,ATTGGTGTCCATGCTC-1,0.3246665244907144
CXCR3-,HC,PB_32,ATTTCTGAGCCAGAAC-1,0.21778535867847676
CXCR3-,HC,PB_32,ATTTCTGAGTAGGTGC-1,0.5343079102611155
CXCR3-,HC,PB_32,ATTTCTGGTCATATCG-1,0.08953383450147097
CXCR3-,HC,PB_32,CAACCAAAGCGTAATA-1,-0.29997119987097626
CXCR3-,HC,PB_32,CAACCTCGTAGAAGGA-1,-0.29997119987097626
CXCR3-,HC,PB_32,CAACCTCGTAGCGTGA-1,0.08544282871861905
CXCR3-,HC,PB_32,CAACTAGAGTACGCCC-1,-0.29997119987097626
CXCR3-,HC,PB_32,CAACTAGCATGGTCAT-1,0.4648538378609646
CXCR3-,HC,PB_32,CAACTAGTCAATAAGG-1,-0.040669857475309844
CXCR3-,HC,PB_32,CAAGAAAAGCAGCGTA-1,0.21930980690230503
CXCR3-,HC,PB_32,CAAGATCAGCCAGGAT-1,-0.1302213359976739
CXCR3-,HC,PB_32,CAAGATCAGCCTCGTG-1,-0.12753015107695434
CXCR3-,HC,PB_32,CAAGATCAGTATCTCG-1,-0.29997119987097626
CXCR3-,HC,PB_32,CAAGATCTCCTTTACA-1,-0.29997119987097626
CXCR3-,HC,PB_32,CAAGGCCAGGGTTCCC-1,0.21331664250458846
CXCR3-,HC,PB_32,CAAGGCCCAGTAAGCG-1,0.6423170148672063
CXCR3-,HC,PB_32,CAAGGCCGTGATAAGT-1,-0.29997119987097626
CXCR3-,HC,PB_32,CAAGGCCTCTTACCGC-1,0.21082547092560305
CXCR3-,HC,PB_32,CAAGTTGGTCTCTCGT-1,-0.09436456101667397
CXCR3+,HC,PB_32,CAAGTTGGTGAGGCTA-1,-0.1748512596448434
CXCR3-,HC,PB_32,CAAGTTGTCCTCCTAG-1,0.13088165256834053
CXCR3-,HC,PB_32,CACAAACCACTTCTGC-1,-0.29997119987097626
CXCR3-,HC,PB_32,CACAAACGTTCCACGG-1,-0.11454676499937398
CXCR3-,HC,PB_32,CACAAACTCTGGTATG-1,-0.29997119987097626
CXCR3-,HC,PB_32,CACACAAAGATCCGAG-1,-0.29997119987097626
CXCR3+,HC,PB_32,CACACAACACTAGTAC-1-1,0.11824912315372467
CXCR3-,HC,PB_32,CACACAAGTACGCTGC-1,-0.29997119987097626
CXCR3-,HC,PB_32,CACACAAGTTTGGCGC-1,0.9237739884399835
CXCR3-,HC,PB_32,CACACCTAGGAATGGA-1,0.12310816049022669
CXCR3-,HC,PB_32,CACACCTGTACAGTGG-1,-0.12131131507756723
CXCR3+,HC,PB_32,CACACCTGTCACCCAG-1,0.18965813616212981
CXCR3-,HC,PB_32,CACACTCAGAAGGGTA-1,-0.29997119987097626
CXCR3-,HC,PB_32,CACACTCAGGCGATAC-1,0.05743524265367823
CXCR3-,HC,PB_32,CACACTCAGTGGAGAA-1,0.2083766918600079
CXCR3-,HC,PB_32,CACACTCCAATGAAAC-1,-0.12215765013842658
CXCR3-,HC,PB_32,CACACTCGTCCATCCT-1,-0.29997119987097626
CXCR3-,HC,PB_32,CACAGGCAGGCTCTTA-1,-0.29997119987097626
CXCR3+,HC,PB_32,CACAGGCCATCCGGGT-1,0.8924056107009094
CXCR3-,HC,PB_32,CACAGGCTCAGCACAT-1,-0.09178949307830798
CXCR3-,HC,PB_32,CACAGGCTCAGTTCGA-1,0.755112283231692
CXCR3-,HC,PB_32,CACAGGCTCCTAGAAC-1,-0.29997119987097626
CXCR3-,HC,PB_32,CACAGGCTCGCAGGCT-1,0.11400358389160858
CXCR3-,HC,PB_32,CACAGTAAGTGAACGC-1,-0.29997119987097626
CXCR3-,HC,PB_32,CACAGTACATCTACGA-1,0.10850230923381855
CXCR3-,HC,PB_32,CACAGTAGTCTAAACC-1,-0.19891742945411253
CXCR3-,HC,PB_32,CACAGTAGTGTAAGTA-1,-0.29997119987097626
CXCR3-,HC,PB_32,CACATAGAGTCCGTAT-1-1,0.8359284306142547
CXCR3-,HC,PB_32,CACATTTAGGGCTTGA-1,-0.29997119987097626
CXCR3-,HC,PB_32,CACCAGGCATTTGCCC-1,-0.29997119987097626
CXCR3-,HC,PB_32,CACCTTGAGCAGATCG-1,0.5470887804022604
CXCR3-,HC,PB_32,CACCTTGTCTTAGCCC-1,0.39687512028142
CXCR3+,HC,PB_32,CACTCCAGTGGACGAT-1,0.02687551891838929
CXCR3-,HC,PB_32,CACTCCAGTGGCTCCA-1,-0.1721531957640992
CXCR3-,HC,PB_32,CAGAATCAGAAGGTGA-1-1,0.2987634215853987
CXCR3-,HC,PB_32,CAGAATCCACAAGTAA-1,-0.29997119987097626
CXCR3-,HC,PB_32,CAGAATCCATACGCCG-1,0.3121158366951428
CXCR3-,HC,PB_32,CAGAATCCATCCCATC-1,0.6852982831508175
CXCR3-,HC,PB_32,CAGAGAGGTAGGGACT-1,-0.29997119987097626
CXCR3-,HC,PB_32,CAGAGAGTCGCAGGCT-1,0.6179921524806348
CXCR3-,HC,PB_32,CAGATCACAGTCACTA-1,0.28928565718353483
CXCR3-,HC,PB_32,CAGATCAGTAAGGATT-1,0.15314853640935758
CXCR3-,HC,PB_32,CAGATCAGTCAACATC-1,0.3222535180477713
CXCR3-,HC,PB_32,CAGATCAGTTGTACAC-1,-0.29997119987097626
CXCR3-,HC,PB_32,CAGCAGCCACTTGGAT-1,0.16024609875796966
CXCR3-,HC,PB_32,CAGCAGCGTAGGAGTC-1,0.053074671240136144
CXCR3-,HC,PB_32,CAGCATACATCGGAAG-1,0.5619282477237333
CXCR3-,HC,PB_32,CAGCATATCAGAGGTG-1,0.38208920385500356
CXCR3-,HC,PB_32,CAGCCGAAGCCCGAAA-1,-0.05072709809713196
CXCR3-,HC,PB_32,CAGCCGAGTACGAAAT-1-1,-0.29997119987097626
CXCR3-,HC,PB_32,CAGCCGATCTCGCTTG-1,0.06254824570888683
CXCR3-,HC,PB_32,CAGCGACGTGTTTGTG-1,-0.29997119987097626
CXCR3-,HC,PB_32,CAGCTAAAGAGTTGGC-1,-0.29997119987097626
CXCR3-,HC,PB_32,CAGCTAACACAAGTAA-1,-0.06340881231437553
CXCR3-,HC,PB_32,CAGCTAACAGGCTCAC-1,0.3838537762058321
CXCR3-,HC,PB_32,CAGCTGGCAAGCGCTC-1,-0.0006687343946068276
CXCR3-,HC,PB_32,CAGCTGGCAGGTGCCT-1,-0.29997119987097626
CXCR3-,HC,PB_32,CAGCTGGGTGCAGACA-1,-0.29997119987097626
CXCR3-,HC,PB_32,CAGCTGGTCAGAGCTT-1,0.047708673813797016
CXCR3-,HC,PB_32,CAGGTGCCAAACCTAC-1,-0.29997119987097626
CXCR3-,HC,PB_32,CAGGTGCCATGGATGG-1,-0.29997119987097626
CXCR3-,HC,PB_32,CAGGTGCTCCGCAAGC-1,-0.29997119987097626
CXCR3-,HC,PB_32,CAGTAACCATAACCTG-1,-0.03747088952669185
CXCR3-,HC,PB_32,CAGTAACGTTTAGGAA-1,-0.29997119987097626
CXCR3-,HC,PB_32,CAGTCCTAGCTCCTCT-1,0.15604879150577347
CXCR3+,HC,PB_32,CAGTCCTTCTCCGGTT-1,-0.002097344582997786
CXCR3-,HC,PB_32,CATATGGAGGGTTCCC-1,-0.29997119987097626
CXCR3-,HC,PB_32,CATATGGCAATAGCAA-1,0.047161242076073764
CXCR3-,HC,PB_32,CATATTCAGTACCGGA-1,-0.29997119987097626
CXCR3-,HC,PB_32,CATATTCAGTAGTGCG-1,0.1851177430942674
CXCR3+,HC,PB_32,CATATTCGTGTAATGA-1,-0.29997119987097626
CXCR3-,HC,PB_32,CATCAAGAGAATAGGG-1,-0.29997119987097626
CXCR3-,HC,PB_32,CATCAAGAGGTGCTAG-1,-0.29997119987097626
CXCR3-,HC,PB_32,CATCAAGCAAGCTGTT-1-1,0.199149639792317
CXCR3-,HC,PB_32,CATCAAGCATCCTTGC-1,0.02320145453217434
CXCR3-,HC,PB_32,CATCAGAAGTTTCCTT-1,-0.29997119987097626
CXCR3+,HC,PB_32,CATCAGATCATATCGG-1,0.16461696857805982
CXCR3-,HC,PB_32,CATCAGATCTCGTTTA-1,-0.29997119987097626
CXCR3-,HC,PB_32,CATCCACAGGTGTTAA-1,-0.054797559755836736
CXCR3-,HC,PB_32,CATCCACCACATCCAA-1,-0.008478623235988362
CXCR3-,HC,PB_32,CATCCACGTCAGGACA-1,0.07427657108134844
CXCR3-,HC,PB_32,CATCCACTCCTTTCGG-1,-0.11365874141701579
CXCR3-,HC,PB_32,CATCGAACAGTCGTGC-1,0.17280747092495993
CXCR3-,HC,PB_32,CATCGAAGTTGGAGGT-1,-0.29997119987097626
CXCR3-,HC,PB_32,CATCGGGCAGACTCGC-1,-0.29997119987097626
CXCR3-,HC,PB_32,CATCGGGTCAGAGACG-1,-0.29997119987097626
CXCR3-,HC,PB_32,CATGACACAAGCTGAG-1,-0.29997119987097626
CXCR3-,HC,PB_32,CATGACATCAAACCGT-1,-0.29997119987097626
CXCR3+,HC,PB_32,CATGGCGCACCCATTC-1,0.2778064040330202
CXCR3-,HC,PB_32,CATGGCGCAGCCAATT-1-1,-0.29997119987097626
CXCR3-,HC,PB_32,CATGGCGGTCTCAACA-1,-0.29997119987097626
CXCR3-,HC,PB_32,CATTATCAGCCGGTAA-1,-0.29997119987097626
CXCR3-,HC,PB_32,CATTATCGTCTCCATC-1,-0.29997119987097626
CXCR3-,HC,PB_32,CATTATCGTTGTGGAG-1,-0.12154777518147342
CXCR3-,HC,PB_32,CATTATCTCACAAACC-1,-0.10899974325826833
CXCR3-,HC,PB_32,CATTCGCAGCTGCCCA-1,-0.29997119987097626
CXCR3-,HC,PB_32,CATTCGCGTATATCCG-1,0.7431365187302598
CXCR3-,HC,PB_32,CATTCGCGTTCGCTAA-1,-0.08208306941627949
CXCR3-,HC,PB_32,CCAATCCGTTACGGAG-1,-0.29997119987097626
CXCR3-,HC,PB_32,CCAATCCGTTCTGAAC-1,-0.10625962648574681
CXCR3-,HC,PB_32,CCAATCCTCGGTTAAC-1,-0.29997119987097626
CXCR3-,HC,PB_32,CCACCTACAAACGCGA-1,-0.29997119987097626
CXCR3+,HC,PB_32,CCACCTATCAGCGACC-1,-0.060334108897756186
CXCR3-,HC,PB_32,CCACGGAAGGGCTTGA-1,-0.29997119987097626
CXCR3-,HC,PB_32,CCACGGACAAGCGATG-1,-0.29997119987097626
CXCR3+,HC,PB_32,CCACGGATCGTGGTCG-1,-0.29997119987097626
CXCR3+,HC,PB_32,CCACTACAGGAATTAC-1,0.18031373324209138
CXCR3-,HC,PB_32,CCACTACCAAGGTTTC-1,-0.29997119987097626
CXCR3-,HC,PB_32,CCACTACGTCGCATAT-1,0.0220657047773593
CXCR3-,HC,PB_32,CCAGCGACAATTGCTG-1,-0.29997119987097626
CXCR3-,HC,PB_32,CCATGTCTCATCATTC-1,-0.2102483520475733
CXCR3-,HC,PB_32,CCATTCGAGTTAAGTG-1,-0.1026817450449744
CXCR3-,HC,PB_32,CCCAATCAGACGCAAC-1,0.3521060983268796
CXCR3-,HC,PB_32,CCCAATCCACGTCTCT-1,-0.29997119987097626
CXCR3-,HC,PB_32,CCCAGTTGTCAGATAA-1,-0.29997119987097626
CXCR3-,HC,PB_32,CCCTCCTTCTGATTCT-1,-0.0828553379685533
CXCR3-,HC,PB_32,CCGGGATGTTACCAGT-1,-0.18027145346894957
CXCR3-,HC,PB_32,CCGGGATTCAGGCAAG-1,-0.29997119987097626
CXCR3-,HC,PB_32,CCGGTAGCACAGGTTT-1,-0.1046377734105646
CXCR3-,HC,PB_32,CCGGTAGTCCGTAGTA-1,-0.1098420450862381
CXCR3-,HC,PB_32,CCGTACTTCCTGTACC-1,0.029722310007738555
CXCR3-,HC,PB_32,CCGTTCAAGACTAAGT-1,0.0010125552655243508
CXCR3-,HC,PB_32,CCGTTCAAGAGTGAGA-1,-0.29997119987097626
CXCR3+,HC,PB_32,CCGTTCACACAGGAGT-1,0.13943967736782434
CXCR3+,HC,PB_32,CCGTTCAGTCTCCCTA-1,0.36079050137355306
CXCR3-,HC,PB_32,CCTAAAGGTAAACCTC-1,0.09931897784595409
CXCR3-,HC,PB_32,CCTAAAGGTCTGATCA-1,-0.29997119987097626
CXCR3-,HC,PB_32,CCTACACAGGGTTTCT-1,-0.29997119987097626
CXCR3-,HC,PB_32,CCTACACCATCACGAT-1,-0.17146160392813817
CXCR3-,HC,PB_32,CCTACACGTTACGTCA-1,0.013502934392775548
CXCR3-,HC,PB_32,CCTACACTCCACGCAG-1,-0.29997119987097626
CXCR3-,HC,PB_32,CCTAGCTAGATGTGGC-1,-0.29997119987097626
CXCR3-,HC,PB_32,CCTAGCTAGCTACCGC-1,0.13981975978578823
CXCR3-,HC,PB_32,CCTAGCTCAGTAAGCG-1,-0.0933850018197168
CXCR3-,HC,PB_32,CCTATTACACCATCCT-1,-0.29997119987097626
CXCR3-,HC,PB_32,CCTATTACACGGTAAG-1,0.8727090236818787
CXCR3-,HC,PB_32,CCTATTATCATGTAGC-1,-0.16205267092923376
CXCR3-,HC,PB_32,CCTCAGTAGACCGGAT-1,0.4560577625072284
CXCR3-,HC,PB_32,CCTCAGTTCAAAGACA-1,-0.29997119987097626
CXCR3-,HC,PB_32,CCTCAGTTCCAGGGCT-1-1,-0.29997119987097626
CXCR3-,HC,PB_32,CCTCAGTTCCGCATCT-1,0.5788113727006102
CXCR3-,HC,PB_32,CCTCTGAAGGATTCGG-1,-0.29997119987097626
CXCR3-,HC,PB_32,CCTCTGAAGTCCATAC-1,0.07451374188064933
CXCR3-,HC,PB_32,CCTCTGATCATTGCGA-1,0.196586325110448
CXCR3+,HC,PB_32,CCTCTGATCGGCTTGG-1,-0.07791951848228654
CXCR3-,HC,PB_32,CCTCTGATCTGCGACG-1,-0.29997119987097626
CXCR3-,HC,PB_32,CCTTACGGTTCGCTAA-1,0.0837249828687703
CXCR3-,HC,PB_32,CCTTACGTCAGAAATG-1,0.7605041513162085
CXCR3-,HC,PB_32,CCTTCCCCAAGCGAGT-1,-0.29997119987097626
CXCR3-,HC,PB_32,CCTTCGACACTTGGAT-1,-0.29997119987097626
CXCR3+,HC,PB_32,CCTTCGATCAGCATGT-1,-0.036313414281027315
CXCR3+,HC,PB_32,CCTTCGATCAGTTCGA-1,0.3135833638570243
CXCR3-,HC,PB_32,CCTTCGATCCTGCTTG-1,-0.03762235983711224
CXCR3-,HC,PB_32,CCTTTCTAGACAAAGG-1,-0.29997119987097626
CXCR3-,HC,PB_32,CGAACATCATCACCCT-1,-0.1008544544882759
CXCR3-,HC,PB_32,CGAACATTCCCAGGTG-1,-0.29997119987097626
CXCR3-,HC,PB_32,CGAACATTCGTGGTCG-1,0.045596332372675255
CXCR3+,HC,PB_32,CGAATGTCATCGATTG-1,0.7826857840783946
CXCR3-,HC,PB_32,CGAATGTGTTGCGCAC-1-1,-0.00862132697457411
CXCR3-,HC,PB_32,CGAATGTTCTCTAGGA-1,0.1890530810929136
CXCR3-,HC,PB_32,CGACCTTAGCCTCGTG-1,0.10690363222226473
CXCR3-,HC,PB_32,CGACCTTCACGACGAA-1,-0.20832037204327564
CXCR3-,HC,PB_32,CGACTTCAGCACCGTC-1,0.02642735216529715
CXCR3-,HC,PB_32,CGACTTCAGCGTTGCC-1,-0.053950695055204924
CXCR3-,HC,PB_32,CGACTTCCATCCTAGA-1,-0.11309923967794767
CXCR3-,HC,PB_32,CGACTTCGTGGTAACG-1,-0.29997119987097626
CXCR3-,HC,PB_32,CGACTTCTCACTTACT-1,0.15243582869354938
CXCR3-,HC,PB_32,CGAGAAGCAACGATGG-1,-0.29997119987097626
CXCR3-,HC,PB_32,CGAGCACAGTAATCCC-1,0.07318009236207058
CXCR3-,HC,PB_32,CGAGCACAGTACCGGA-1,-0.29997119987097626
CXCR3-,HC,PB_32,CGAGCCAAGCAGATCG-1,-0.29997119987097626
CXCR3-,HC,PB_32,CGAGCCACAGGTCGTC-1,-0.07859425358730589
CXCR3-,HC,PB_32,CGAGCCACATGTTCCC-1,-0.09751359692776394
CXCR3-,HC,PB_32,CGAGCCAGTCGGCACT-1,-0.29997119987097626
CXCR3+,HC,PB_32,CGAGCCAGTCTGGTCG-1,-0.29997119987097626
CXCR3-,HC,PB_32,CGATCGGAGAAAGTGG-1,-0.29997119987097626
CXCR3-,HC,PB_32,CGATCGGCAGTTCCCT-1,-0.29997119987097626
CXCR3-,HC,PB_32,CGATCGGGTAGCTGCC-1,0.15512466876977585
CXCR3-,HC,PB_32,CGATGGCAGTCTCAAC-1,-0.29997119987097626
CXCR3-,HC,PB_32,CGATGGCGTCATGCCG-1,0.19470515549446743
CXCR3-,HC,PB_32,CGATGTAAGGCCCTCA-1-1,-0.14879799058169135
CXCR3-,HC,PB_32,CGATTGAAGGCTAGCA-1,1.100958203188649
CXCR3-,HC,PB_32,CGATTGAGTTCTGGTA-1,-0.09615207238194093
CXCR3-,HC,PB_32,CGATTGATCAGGTTCA-1,0.15129065294672078
CXCR3-,HC,PB_32,CGCCAAGAGAGCCCAA-1,0.10279483526902308
CXCR3-,HC,PB_32,CGCCAAGAGTTCGATC-1,-0.29997119987097626
CXCR3-,HC,PB_32,CGCCAAGCACACCGAC-1,0.17174824615880716
CXCR3+,HC,PB_32,CGCCAAGCACAGGCCT-1,0.12439212695823319
CXCR3-,HC,PB_32,CGCCAAGGTATTACCG-1,-0.11887439775196211
CXCR3-,HC,PB_32,CGCCAAGGTGCTCTTC-1,0.45493315649895044
CXCR3-,HC,PB_32,CGCCAAGTCGCTTGTC-1,0.32070502635182097
CXCR3-,HC,PB_32,CGCGGTAAGCTTTGGT-1,-0.29997119987097626
CXCR3-,HC,PB_32,CGCGGTAAGGAGTTGC-1,0.6358212307794603
CXCR3-,HC,PB_32,CGCGGTAAGTGCCATT-1,0.14675343847171402
CXCR3-,HC,PB_32,CGCGGTAGTGCCTGTG-1,-0.09507063070693064
CXCR3-,HC,PB_32,CGCGGTATCCCTAACC-1,0.07816900649891244
CXCR3-,HC,PB_32,CGCGTTTCACCACCAG-1-1,-0.29997119987097626
CXCR3-,HC,PB_32,CGCGTTTTCACAAACC-1,-0.29997119987097626
CXCR3-,HC,PB_32,CGCTATCAGAAGAAGC-1,0.2632437213275295
CXCR3-,HC,PB_32,CGCTATCAGAGCAATT-1,0.04692036437321749
CXCR3-,HC,PB_32,CGCTATCTCGTCACGG-1,0.24640542620393774
CXCR3-,HC,PB_32,CGCTATCTCGTTTATC-1,-0.29997119987097626
CXCR3-,HC,PB_32,CGCTGGAAGAATTGTG-1,0.20040814910158064
CXCR3-,HC,PB_32,CGCTGGAAGCGACGTA-1,-0.29997119987097626
CXCR3+,HC,PB_32,CGCTGGACATATGCTG-1,0.3389806667374376
CXCR3-,HC,PB_32,CGCTGGAGTGGTGTAG-1,0.4051654486545511
CXCR3-,HC,PB_32,CGCTGGAGTTACCGAT-1,-0.09917622043092723
CXCR3-,HC,PB_32,CGCTTCACACCTATCC-1,0.13098641517268608
CXCR3-,HC,PB_32,CGCTTCATCAACCATG-1,0.6114456273539111
CXCR3-,HC,PB_32,CGGACGTAGTGGTAAT-1,-0.10578540236585263
CXCR3-,HC,PB_32,CGGACGTCACATGGGA-1,0.009110727173484283
CXCR3-,HC,PB_32,CGGACTGAGGTGACCA-1-1,-0.29997119987097626
CXCR3-,HC,PB_32,CGGACTGAGTGCGATG-1,-0.29997119987097626
CXCR3+,HC,PB_32,CGGACTGCACAGCGTC-1,0.171056642982806
CXCR3-,HC,PB_32,CGGACTGCATGACATC-1,0.06824846340683702
CXCR3-,HC,PB_32,CGGACTGTCTGTCCGT-1,0.07575569590051719
CXCR3-,HC,PB_32,CGGAGCTGTACTTCTT-1,-0.29997119987097626
CXCR3-,HC,PB_32,CGGAGCTTCACATAGC-1-1,-0.1461822471939074
CXCR3+,HC,PB_32,CGGAGCTTCCTCGCAT-1,0.17703526320386162
CXCR3-,HC,PB_32,CGGAGTCCAAGGTGTG-1,-0.29997119987097626
CXCR3-,HC,PB_32,CGGCTAGAGGTGCACA-1,0.159001877287772
CXCR3-,HC,PB_32,CGGCTAGCAGGGATTG-1,-0.29997119987097626
CXCR3-,HC,PB_32,CGGGTCATCTCCAACC-1,-0.00042368147275281424
CXCR3-,HC,PB_32,CGGTTAAAGTTATCGC-1,0.4506169638434727
CXCR3-,HC,PB_32,CGGTTAACAAATTGCC-1,-0.29997119987097626
CXCR3-,HC,PB_32,CGGTTAATCACTTATC-1,0.4666076289878011
CXCR3-,HC,PB_32,CGTAGCGAGTCCAGGA-1,-0.29997119987097626
CXCR3-,HC,PB_32,CGTAGCGCAGACAGGT-1,-0.29997119987097626
CXCR3-,HC,PB_32,CGTAGCGTCTTGTCAT-1,0.011736402082529542
CXCR3-,HC,PB_32,CGTAGGCAGCAAATCA-1,0.1698058232032447
CXCR3-,HC,PB_32,CGTAGGCCAACTTGAC-1,0.33674105061312815
CXCR3-,HC,PB_32,CGTAGGCGTTTGGGCC-1,0.6671428576638504
CXCR3-,HC,PB_32,CGTCACTCAATCCGAT-1,0.01636117216142977
CXCR3-,HC,PB_32,CGTCACTGTCTTCGTC-1,-0.29997119987097626
CXCR3-,HC,PB_32,CGTCAGGCAACACGCC-1,-0.29997119987097626
CXCR3-,HC,PB_32,CGTCAGGCACATCCGG-1,0.6034597016831938
CXCR3-,HC,PB_32,CGTCAGGTCACCATAG-1,-0.29997119987097626
CXCR3-,HC,PB_32,CGTCCATGTAGGCTGA-1,-0.29997119987097626
CXCR3-,HC,PB_32,CGTCCATGTTCCAACA-1,0.145020959873392
CXCR3-,HC,PB_32,CGTCCATTCGGGAGTA-1,-0.13300271014076867
CXCR3-,HC,PB_32,CGTCTACAGGGCTCTC-1,-0.03681055500972489
CXCR3-,HC,PB_32,CGTCTACGTTCCACGG-1,-0.29997119987097626
CXCR3-,HC,PB_32,CGTGAGCAGACGCAAC-1,-0.29997119987097626
CXCR3-,HC,PB_32,CGTGTAATCTCCTATA-1,-0.29997119987097626
CXCR3-,HC,PB_32,CGTGTCTCAGGTGCCT-1,0.13471697924718934
CXCR3-,HC,PB_32,CGTTAGACAGCCTGTG-1,-0.29997119987097626
CXCR3-,HC,PB_32,CGTTAGAGTCCGAAGA-1,-0.10189530636018693
CXCR3-,HC,PB_32,CGTTCTGGTACGCACC-1,-0.29997119987097626
CXCR3-,HC,PB_32,CGTTCTGTCAAACCGT-1,0.9310624624420794
CXCR3-,HC,PB_32,CTAACTTAGAGGACGG-1,-0.29997119987097626
CXCR3-,HC,PB_32,CTAACTTAGAGTCGGT-1,-0.29997119987097626
CXCR3-,HC,PB_32,CTAACTTAGTGAATTG-1,-0.0009404480146153789
CXCR3-,HC,PB_32,CTAACTTGTAAGTGGC-1,0.10509934256632632
CXCR3-,HC,PB_32,CTAACTTGTTAAAGTG-1,-0.29997119987097626
CXCR3-,HC,PB_32,CTAAGACAGACCACGA-1,0.1463291428070313
CXCR3-,HC,PB_32,CTAAGACAGATAGGAG-1,-0.29997119987097626
CXCR3-,HC,PB_32,CTAAGACGTGGCAAAC-1,-0.16478509626594434
CXCR3-,HC,PB_32,CTAATGGAGAGATGAG-1,-0.29997119987097626
CXCR3+,HC,PB_32,CTAATGGTCACGACTA-1,0.7476158332304433
CXCR3-,HC,PB_32,CTAATGGTCGCGGATC-1,0.3140485513573446
CXCR3-,HC,PB_32,CTACACCAGATGCGAC-1,-0.12404242092435736
CXCR3-,HC,PB_32,CTACACCCACCGGAAA-1,0.47668176055249
CXCR3-,HC,PB_32,CTACACCTCAGCAACT-1,-0.12170869597372637
CXCR3-,HC,PB_32,CTACATTCACGCATCG-1,-0.29997119987097626
CXCR3-,HC,PB_32,CTACATTGTGAGTGAC-1,-0.29997119987097626
CXCR3-,HC,PB_32,CTACATTGTTAAGATG-1,0.43211337171628866
CXCR3-,HC,PB_32,CTACCCACACAGCGTC-1,-0.15512081295301333
CXCR3-,HC,PB_32,CTACGTCCAGCTGTGC-1,-0.06966239858803025
CXCR3-,HC,PB_32,CTACGTCCAGTGAGTG-1,-0.29997119987097626
CXCR3-,HC,PB_32,CTACGTCGTCCGAGTC-1,-0.0848336578104261
CXCR3-,HC,PB_32,CTAGCCTAGCTAAGAT-1,-0.29997119987097626
CXCR3+,HC,PB_32,CTAGCCTCAAGGTTTC-1,0.3391028457658849
CXCR3-,HC,PB_32,CTAGCCTCAATGTTGC-1,-0.29997119987097626
CXCR3-,HC,PB_32,CTAGCCTCATGAACCT-1,-0.06413513153683867
CXCR3-,HC,PB_32,CTAGCCTTCGAATGCT-1,-0.03208296195005523
CXCR3+,HC,PB_32,CTAGTGAAGCACACAG-1,0.4759199679064408
CXCR3-,HC,PB_32,CTAGTGAAGCCGGTAA-1,0.07042869374983853
CXCR3-,HC,PB_32,CTAGTGAAGGCATGTG-1,0.473506864714698
CXCR3-,HC,PB_32,CTAGTGACACTCAGGC-1,0.2731192067661289
CXCR3-,HC,PB_32,CTCACACCATCCGGGT-1,0.09611681825038346
CXCR3-,HC,PB_32,CTCAGAAAGTGACATA-1,0.23013346271665555
CXCR3-,HC,PB_32,CTCAGAACATTTCAGG-1,0.42589690808564473
CXCR3+,HC,PB_32,CTCAGAAGTTCGCGAC-1,0.6375135566521396
CXCR3-,HC,PB_32,CTCAGAATCCGCATAA-1-1,-0.29997119987097626
CXCR3+,HC,PB_32,CTCATTAAGACTGGGT-1,0.1665995167271539
CXCR3-,HC,PB_32,CTCCTAGCATTCCTCG-1,-0.07634304460839016
CXCR3+,HC,PB_32,CTCCTAGGTAGCGATG-1,0.3952995283704736
CXCR3-,HC,PB_32,CTCCTAGGTCCGTGAC-1,-0.056059388881233095
CXCR3+,HC,PB_32,CTCCTAGGTCCTCCAT-1,-0.29997119987097626
CXCR3-,HC,PB_32,CTCGAAACACGTCTCT-1,-0.29997119987097626
CXCR3-,HC,PB_32,CTCGAAAGTAAAGTCA-1,0.5735927616181319
CXCR3-,HC,PB_32,CTCGAAAGTACCCAAT-1,-0.1556538173240139
CXCR3+,HC,PB_32,CTCGAAAGTCCCTACT-1,0.027777644038560444
CXCR3+,HC,PB_32,CTCGAAAGTGTCTGAT-1,0.4220196766551054
CXCR3-,HC,PB_32,CTCGAAAGTTTAGGAA-1,-0.29997119987097626
CXCR3-,HC,PB_32,CTCGAGGCATTACGAC-1,-0.29997119987097626
CXCR3-,HC,PB_32,CTCGAGGTCTGAAAGA-1,0.1317815462625345
CXCR3-,HC,PB_32,CTCGGAGCACAGAGGT-1,-0.29997119987097626
CXCR3-,HC,PB_32,CTCGGGATCCCAGGTG-1,-0.03819339953075326
CXCR3+,HC,PB_32,CTCGTACAGATACACA-1,-0.29997119987097626
CXCR3+,HC,PB_32,CTCGTACAGTACCGGA-1,0.26888746774996103
CXCR3-,HC,PB_32,CTCGTACCACCATGTA-1,-0.29997119987097626
CXCR3-,HC,PB_32,CTCGTACCATAAAGGT-1,-0.29997119987097626
CXCR3-,HC,PB_32,CTCGTACCATGCCACG-1,-0.29997119987097626
CXCR3-,HC,PB_32,CTCGTACCATGTAGTC-1,-0.29997119987097626
CXCR3-,HC,PB_32,CTCGTACGTACCGCTG-1,0.10008429867481405
CXCR3-,HC,PB_32,CTCGTCACAAGTACCT-1,-0.29997119987097626
CXCR3-,HC,PB_32,CTCGTCAGTGTAATGA-1,-0.29997119987097626
CXCR3-,HC,PB_32,CTCGTCATCAATCTCT-1,0.15254837119086326
CXCR3-,HC,PB_32,CTCTAATGTCCATCCT-1,-0.29997119987097626
CXCR3-,HC,PB_32,CTCTACGCACAGCCCA-1,0.6022245095858364
CXCR3-,HC,PB_32,CTCTACGGTAAATGAC-1,0.6909768011825425
CXCR3-,HC,PB_32,CTCTACGGTATGAAAC-1,0.006285408643539817
CXCR3-,HC,PB_32,CTCTACGTCTCCAGGG-1,0.11542027416112836
CXCR3+,HC,PB_32,CTCTGGTCAATCGAAA-1,-0.29997119987097626
CXCR3+,HC,PB_32,CTCTGGTCAATCTACG-1,0.5462437114625349
CXCR3-,HC,PB_32,CTGAAACGTCAGGACA-1,-0.29997119987097626
CXCR3-,HC,PB_32,CTGAAACTCCCGACTT-1,0.26353113762017377
CXCR3-,HC,PB_32,CTGAAGTCACAGACTT-1,0.10536058750890012
CXCR3-,HC,PB_32,CTGAAGTCATGCCCGA-1,0.9304884074891877
CXCR3-,HC,PB_32,CTGAAGTGTGCCTGCA-1,-0.29997119987097626
CXCR3-,HC,PB_32,CTGATCCTCATTGCCC-1,-0.29997119987097626
CXCR3-,HC,PB_32,CTGCGGACAACGCACC-1,-0.29997119987097626
CXCR3-,HC,PB_32,CTGCGGACACACCGCA-1,-0.29997119987097626
CXCR3-,HC,PB_32,CTGCGGAGTCCGACGT-1,-0.29997119987097626
CXCR3-,HC,PB_32,CTGCGGAGTCGCATAT-1,0.07200224964452825
CXCR3-,HC,PB_32,CTGCGGATCAAACCAC-1,-0.29997119987097626
CXCR3-,HC,PB_32,CTGCGGATCGCGCCAA-1,-0.027984510711390142
CXCR3-,HC,PB_32,CTGCGGATCTGCGTAA-1,0.3319788747924681
CXCR3-,HC,PB_32,CTGCTGTAGCTACCTA-1,-0.29997119987097626
CXCR3-,HC,PB_32,CTGCTGTAGTCGCCGT-1,-0.06308069075834769
CXCR3+,HC,PB_32,CTGCTGTTCACCTCGT-1,-0.29997119987097626
CXCR3-,HC,PB_32,CTGGTCTAGGCTCTTA-1,0.14233052362127482
CXCR3-,HC,PB_32,CTGGTCTCACACATGT-1,0.8972963976166745
CXCR3-,HC,PB_32,CTGGTCTGTCTGGTCG-1,-0.10562755328019094
CXCR3-,HC,PB_32,CTGGTCTTCCGTAGGC-1,-0.29997119987097626
CXCR3-,HC,PB_32,CTGTGCTCATCCCACT-1,0.9609397410386297
CXCR3+,HC,PB_32,CTGTGCTGTAACGTTC-1,0.21574804616045737
CXCR3-,HC,PB_32,CTGTTTAAGATGTGGC-1,0.24338869067395305
CXCR3-,HC,PB_32,CTGTTTAGTTCAGACT-1,-0.29997119987097626
CXCR3-,HC,PB_32,CTGTTTATCGTAGGTT-1,-0.1076962586230389
CXCR3-,HC,PB_32,CTTAACTAGCCTCGTG-1,-0.0494638211147393
CXCR3-,HC,PB_32,CTTACCGAGAAGGTGA-1,0.14313982624887908
CXCR3+,HC,PB_32,CTTACCGAGAGTCTGG-1,0.2324817141997961
CXCR3-,HC,PB_32,CTTACCGGTTGATTGC-1,-0.29997119987097626
CXCR3-,HC,PB_32,CTTAGGAAGTGCGATG-1,-0.29997119987097626
CXCR3-,HC,PB_32,CTTAGGACACCTCGGA-1,-0.12052595677088265
CXCR3-,HC,PB_32,CTTCTCTGTCAAAGAT-1,-0.04930114825624282
CXCR3-,HC,PB_32,CTTCTCTGTGTTCGAT-1,-0.16270836346690393
CXCR3-,HC,PB_32,CTTCTCTTCTGTTTGT-1,-0.10902975396425676
CXCR3-,HC,PB_32,CTTGGCTAGCTATGCT-1,-0.016500346982722104
CXCR3-,HC,PB_32,CTTGGCTTCAGGTTCA-1,-0.29997119987097626
CXCR3-,HC,PB_32,CTTTGCGCAAATACAG-1,-0.04250277021284687
CXCR3-,HC,PB_32,CTTTGCGCACGCCAGT-1,0.007637721707531718
CXCR3-,HC,PB_32,GAAACTCAGTACGCGA-1,0.20349337705755446
CXCR3-,HC,PB_32,GAAACTCGTATAGTAG-1,-0.29997119987097626
CXCR3-,HC,PB_32,GAAATGAAGGACATTA-1,-0.29997119987097626
CXCR3-,HC,PB_32,GAACATCCATCTGGTA-1,0.2003948880176706
CXCR3-,HC,PB_32,GAACCTAAGGATTCGG-1,-0.10251972829051285
CXCR3-,HC,PB_32,GAACCTACAGCTGCTG-1,-0.06517241955458274
CXCR3-,HC,PB_32,GAACCTATCATCGCTC-1,-0.29997119987097626
CXCR3-,HC,PB_32,GAACCTATCCGCAGTG-1,0.3174937785176231
CXCR3-,HC,PB_32,GAACGGAAGAGTCTGG-1,0.05084911308829703
CXCR3-,HC,PB_32,GAACGGAAGATCCCAT-1-1,-0.29997119987097626
CXCR3-,HC,PB_32,GAACGGACAGTAAGAT-1,-0.29997119987097626
CXCR3-,HC,PB_32,GAACGGAGTGAGGCTA-1,0.08865024743557458
CXCR3-,HC,PB_32,GAACGGATCGAATGGG-1,0.24634540485649756
CXCR3-,HC,PB_32,GAAGCAGCAACTTGAC-1,-0.29997119987097626
CXCR3-,HC,PB_32,GAAGCAGGTGTGACGA-1,-0.29997119987097626
CXCR3-,HC,PB_32,GAAGCAGGTTAAGAAC-1,-0.29997119987097626
CXCR3+,HC,PB_32,GAATAAGGTACCGCTG-1,0.06265488901519434
CXCR3-,HC,PB_32,GAATGAACAAGTTGTC-1,-0.29997119987097626
CXCR3-,HC,PB_32,GAATGAACAGCATGAG-1,-0.06437019112610513
CXCR3-,HC,PB_32,GAATGAATCTTGCAAG-1,-0.29997119987097626
CXCR3-,HC,PB_32,GACACGCAGGAGCGTT-1,-0.29997119987097626
CXCR3-,HC,PB_32,GACACGCCAGACTCGC-1,0.011497336384749368
CXCR3-,HC,PB_32,GACACGCTCGGATGGA-1,0.27380127567932094
CXCR3-,HC,PB_32,GACAGAGAGCGCCTTG-1,-0.29997119987097626
CXCR3-,HC,PB_32,GACAGAGAGGCTACGA-1,-0.29997119987097626
CXCR3-,HC,PB_32,GACAGAGCAGCGTTCG-1,0.42734741560847017
CXCR3-,HC,PB_32,GACAGAGGTATGGTTC-1,0.48288008724253473
CXCR3-,HC,PB_32,GACAGAGTCCAAACTG-1-1,0.23174680805513267
CXCR3+,HC,PB_32,GACAGAGTCCACGTGG-1,0.6406470921623281
CXCR3-,HC,PB_32,GACCAATGTTAGATGA-1,-0.29997119987097626
CXCR3-,HC,PB_32,GACCTGGAGGAGTTTA-1,0.7006035461123458
CXCR3-,HC,PB_32,GACCTGGAGTGTGAAT-1,-0.014145919915965513
CXCR3-,HC,PB_32,GACCTGGTCATGCAAC-1,0.708960303849001
CXCR3-,HC,PB_32,GACGCGTGTTAGTGGG-1,0.20911350491112693
CXCR3-,HC,PB_32,GACGCGTGTTTGCATG-1,-0.29997119987097626
CXCR3-,HC,PB_32,GACGGCTAGAGCAATT-1,0.46483949284248244
CXCR3-,HC,PB_32,GACGGCTAGCGTGAAC-1,-0.29997119987097626
CXCR3-,HC,PB_32,GACGGCTTCGGTGTTA-1,0.03595254935953756
CXCR3-,HC,PB_32,GACGTGCAGACTCGGA-1,0.08914680567599274
CXCR3-,HC,PB_32,GACGTGCAGCAGGTCA-1,-0.29997119987097626
CXCR3-,HC,PB_32,GACGTGCAGTTACCCA-1,-0.05425371185507845
CXCR3-,HC,PB_32,GACGTTAAGGAGTTTA-1,-0.29997119987097626
CXCR3-,HC,PB_32,GACTACAAGTTACCCA-1,-0.29997119987097626
CXCR3-,HC,PB_32,GACTACACAGTTCCCT-1,-0.29997119987097626
CXCR3-,HC,PB_32,GACTACAGTCGTCTTC-1-1,0.26338064292137864
CXCR3-,HC,PB_32,GACTACATCGTTTAGG-1,-0.29997119987097626
CXCR3-,HC,PB_32,GACTGCGCAAGCGATG-1,-0.29997119987097626
CXCR3-,HC,PB_32,GACTGCGGTCACCTAA-1,0.1449219601527118
CXCR3-,HC,PB_32,GACTGCGGTGTTCGAT-1,0.13886907447897734
CXCR3-,HC,PB_32,GACTGCGTCATTTGGG-1,-0.29997119987097626
CXCR3-,HC,PB_32,GACTGCGTCTTGAGAC-1,0.3587143105325432
CXCR3-,HC,PB_32,GAGCAGAAGCGATAGC-1,-0.009522275382145376
CXCR3-,HC,PB_32,GAGCAGACAACACCTA-1,-0.10511105496983535
CXCR3-,HC,PB_32,GAGCAGAGTCTAGCCG-1,-0.29997119987097626
CXCR3-,HC,PB_32,GAGCAGATCGTACGGC-1-1,0.004351682513187706
CXCR3-,HC,PB_32,GAGGTGAGTCGCTTCT-1,0.09535851944367131
CXCR3-,HC,PB_32,GAGGTGAGTGACGGTA-1,0.6884984528052398
CXCR3+,HC,PB_32,GAGTCCGGTAGCGTGA-1,-0.13367128976486684
CXCR3-,HC,PB_32,GATCAGTAGCTTTGGT-1,-0.29997119987097626
CXCR3-,HC,PB_32,GATCAGTCATCGGTTA-1,-0.29997119987097626
CXCR3-,HC,PB_32,GATCGATAGGCATGGT-1,-0.29997119987097626
CXCR3-,HC,PB_32,GATCGCGCAAGCGTAG-1,0.6426770266727561
CXCR3-,HC,PB_32,GATCGCGGTCTTCAAG-1,-0.29997119987097626
CXCR3-,HC,PB_32,GATCGCGTCTACGAGT-1,-0.03147389006463221
CXCR3+,HC,PB_32,GATCGTACATGCGCAC-1,0.02490938553149261
CXCR3-,HC,PB_32,GATCTAGAGGATGGTC-1,-0.29997119987097626
CXCR3+,HC,PB_32,GATCTAGAGGTGATTA-1,-0.09046064383701387
CXCR3+,HC,PB_32,GATCTAGCATGCAATC-1,1.2274820077875963
CXCR3-,HC,PB_32,GATCTAGGTACCAGTT-1,-0.29997119987097626
CXCR3-,HC,PB_32,GATCTAGTCCCAAGAT-1,0.3061600125718223
CXCR3-,HC,PB_32,GATCTAGTCTACGAGT-1,0.4157907612665626
CXCR3-,HC,PB_32,GATGAAAAGAAACCTA-1,-0.29997119987097626
CXCR3-,HC,PB_32,GATGAAAAGGCTCATT-1,0.9779211380627377
CXCR3-,HC,PB_32,GATGAAACATGCTAGT-1,-0.29997119987097626
CXCR3-,HC,PB_32,GATGAAAGTAGCGCTC-1-1,0.041555785047799984
CXCR3-,HC,PB_32,GATGAAAGTCATACTG-1,-0.29997119987097626
CXCR3-,HC,PB_32,GATGAAATCGTGGTCG-1,-0.29997119987097626
CXCR3-,HC,PB_32,GATGAGGCAGCGTAAG-1,-0.29997119987097626
CXCR3-,HC,PB_32,GATGAGGCAGGTGGAT-1,0.8108422689583836
CXCR3-,HC,PB_32,GATGAGGGTTCTCATT-1,-0.29997119987097626
CXCR3+,HC,PB_32,GATGCTACAATCCGAT-1,-0.1000393347346945
CXCR3-,HC,PB_32,GATGCTACAGCTGCAC-1,-0.10490304239246322
CXCR3-,HC,PB_32,GCAAACTCAGGTCCAC-1,-0.29997119987097626
CXCR3-,HC,PB_32,GCAATCAAGAGTACAT-1,-0.22971207724604084
CXCR3-,HC,PB_32,GCAATCAAGGATGGTC-1,-0.29997119987097626
CXCR3-,HC,PB_32,GCAATCATCAAACCAC-1,-0.29997119987097626
CXCR3-,HC,PB_32,GCAATCATCAATACCG-1,0.021867951354458896
CXCR3-,HC,PB_32,GCAATCATCATTCACT-1,-0.060381186487756804
CXCR3-,HC,PB_32,GCACTCTAGTATCTCG-1,-0.29997119987097626
CXCR3+,HC,PB_32,GCAGCCACAAGGACAC-1,-0.05414911346022449
CXCR3-,HC,PB_32,GCAGTTAAGAGGTTAT-1,-0.0927582695961924
CXCR3-,HC,PB_32,GCAGTTAAGGTGACCA-1,0.8644425685491116
CXCR3-,HC,PB_32,GCAGTTACACAGCGTC-1,0.8037850382489314
CXCR3-,HC,PB_32,GCATACAAGTTCGCAT-1,-0.16797409785607315
CXCR3-,HC,PB_32,GCATACAGTGCACTTA-1,0.18723188259271364
CXCR3+,HC,PB_32,GCATGATAGAGACGAA-1,-0.11400551262496186
CXCR3-,HC,PB_32,GCATGATAGTCCGTAT-1,-0.29997119987097626
CXCR3-,HC,PB_32,GCATGATCAGACTCGC-1,0.19389729657272464
CXCR3-,HC,PB_32,GCATGATGTTAGTGGG-1,0.42950460949527286
CXCR3-,HC,PB_32,GCATGATTCAACCATG-1,0.43344273013396606
CXCR3-,HC,PB_32,GCATGCGGTCAGAATA-1,-0.2056294144835693
CXCR3-,HC,PB_32,GCATGCGTCCGCGGTA-1,0.03103375824000592
CXCR3-,HC,PB_32,GCCTCTAGTATATGAG-1,0.07064020108809602
CXCR3-,HC,PB_32,GCCTCTAGTCTGATCA-1,-0.29997119987097626
CXCR3+,HC,PB_32,GCCTCTAGTTGGTTTG-1,0.3132496273888262
CXCR3-,HC,PB_32,GCGACCACACCTCGTT-1,0.1788838641904328
CXCR3-,HC,PB_32,GCGACCACAGGGTTAG-1,0.11394728191898891
CXCR3-,HC,PB_32,GCGACCAGTCTCTCGT-1,-0.041096052003765524
CXCR3-,HC,PB_32,GCGACCATCCGTACAA-1,-0.29997119987097626
CXCR3-,HC,PB_32,GCGAGAAAGGTGCTAG-1,-0.29997119987097626
CXCR3-,HC,PB_32,GCGCAACAGGTGCTAG-1,-0.29997119987097626
CXCR3-,HC,PB_32,GCGCAACCAGATGAGC-1,-0.29997119987097626
CXCR3-,HC,PB_32,GCGCAACGTTATCCGA-1,-0.29997119987097626
CXCR3-,HC,PB_32,GCGCAGTTCACATAGC-1,-0.18754770092639084
CXCR3+,HC,PB_32,GCGCAGTTCGTTGACA-1,-0.29997119987097626
CXCR3-,HC,PB_32,GCGCCAACAAGAAAGG-1,0.2533068607501819
CXCR3-,HC,PB_32,GCGCCAATCCAAATGC-1,0.593914101558626
CXCR3-,HC,PB_32,GCGCCAATCTTAGCCC-1,0.1416300537970591
CXCR3-,HC,PB_32,GCGCGATAGATCGGGT-1,0.0018864022319402857
CXCR3-,HC,PB_32,GCGCGATAGCAGACTG-1,0.11459212884284309
CXCR3-,HC,PB_32,GCTCCTAAGCACCGCT-1,-0.29997119987097626
CXCR3-,HC,PB_32,GCTCCTACATAGACTC-1,-0.15452782452215041
CXCR3-,HC,PB_32,GCTCCTAGTGCAACTT-1,-0.03186858310062436
CXCR3-,HC,PB_32,GCTCTGTAGAAGGACA-1,-0.29997119987097626
CXCR3-,HC,PB_32,GCTCTGTAGGATTCGG-1,0.16463738311207776
CXCR3-,HC,PB_32,GCTCTGTAGGTGTTAA-1,-0.29997119987097626
CXCR3-,HC,PB_32,GCTCTGTTCTCTGTCG-1,0.07670329247903691
CXCR3-,HC,PB_32,GCTCTGTTCTGGTGTA-1,-0.29997119987097626
CXCR3-,HC,PB_32,GCTGCAGAGGACATTA-1,0.4201451475423049
CXCR3-,HC,PB_32,GCTGCAGTCACAGGCC-1,-0.15822722154442978
CXCR3+,HC,PB_32,GCTGCAGTCATGTAGC-1,0.15573049290432803
CXCR3-,HC,PB_32,GCTGCGAGTCACTTCC-1,-0.07774118858923784
CXCR3-,HC,PB_32,GCTGCGAGTCGTTGTA-1,-0.29997119987097626
CXCR3-,HC,PB_32,GCTGCGATCAACACGT-1,-0.044082408090282
CXCR3-,HC,PB_32,GCTGCGATCCAATGGT-1,-0.29997119987097626
CXCR3-,HC,PB_32,GCTGCGATCTATCGCC-1,0.09627380849012744
CXCR3-,HC,PB_32,GCTGGGTAGAGGTAGA-1,-0.29997119987097626
CXCR3+,HC,PB_32,GCTGGGTCATATACGC-1,0.1487926275806562
CXCR3-,HC,PB_32,GCTGGGTTCCGCAGTG-1,0.39250762529179123
CXCR3-,HC,PB_32,GCTTCCATCCACGTGG-1,0.7580150021033408
CXCR3-,HC,PB_32,GCTTCCATCTTGACGA-1,0.554325502030857
CXCR3-,HC,PB_32,GCTTGAAAGGTGCTAG-1,-0.09158943543385985
CXCR3-,HC,PB_32,GCTTGAATCACTCCTG-1,-0.29997119987097626
CXCR3-,HC,PB_32,GGAAAGCAGACCTAGG-1,-0.29997119987097626
CXCR3-,HC,PB_32,GGAAAGCGTAAGAGAG-1,-0.08277024660893251
CXCR3-,HC,PB_32,GGAAAGCGTCAATGTC-1,-0.29997119987097626
CXCR3-,HC,PB_32,GGAACTTCACGTGAGA-1,-0.015020045676833812
CXCR3+,HC,PB_32,GGAACTTGTGACTCAT-1,0.13097540335855634
CXCR3-,HC,PB_32,GGAATAAAGCGTGAGT-1,-0.29997119987097626
CXCR3-,HC,PB_32,GGACAGAAGACTAAGT-1-1,0.3916662862748304
CXCR3-,HC,PB_32,GGACATTAGGCGACAT-1,-0.29997119987097626
CXCR3-,HC,PB_32,GGACATTAGGTGCTAG-1,0.18561367389457542
CXCR3-,HC,PB_32,GGACATTCACAGGCCT-1,0.33018608725897913
CXCR3+,HC,PB_32,GGACATTGTGTTGAGG-1,0.5357124259417534
CXCR3-,HC,PB_32,GGACATTTCGCATGGC-1,0.016715475453654927
CXCR3-,HC,PB_32,GGACGTCCACATCTTT-1,-0.05895176734446021
CXCR3-,HC,PB_32,GGACGTCCAGTCACTA-1,1.037959371730968
CXCR3-,HC,PB_32,GGACGTCTCCATGAGT-1,0.47959663016089493
CXCR3+,HC,PB_32,GGACGTCTCTGTGCAA-1,0.8008989029109038
CXCR3-,HC,PB_32,GGAGCAAGTAGCACGA-1,-0.29997119987097626
CXCR3-,HC,PB_32,GGAGCAAGTCGCGGTT-1,-0.044931591165165444
CXCR3-,HC,PB_32,GGAGCAATCTCCAGGG-1,-0.29997119987097626
CXCR3-,HC,PB_32,GGATGTTAGACCACGA-1,-0.29997119987097626
CXCR3-,HC,PB_32,GGATGTTAGAGTCTGG-1,0.21891010054614354
CXCR3-,HC,PB_32,GGATTACCAGCTGTGC-1,-0.29997119987097626
CXCR3-,HC,PB_32,GGATTACTCCCAGGTG-1,-0.29997119987097626
CXCR3+,HC,PB_32,GGCAATTAGATATACG-1,-0.12565248091169237
CXCR3-,HC,PB_32,GGCAATTCACAGCCCA-1,0.22320374393535589
CXCR3-,HC,PB_32,GGCAATTGTATATGAG-1,0.02722277355636595
CXCR3-,HC,PB_32,GGCAATTTCTATCGCC-1,0.32547830064548366
CXCR3-,HC,PB_32,GGCCGATAGCTGATAA-1,-0.29997119987097626
CXCR3-,HC,PB_32,GGCCGATAGGACTGGT-1,-0.29997119987097626
CXCR3-,HC,PB_32,GGCCGATAGTGACATA-1,-0.20651906191605945
CXCR3-,HC,PB_32,GGCCGATGTTCGGGCT-1,-0.29997119987097626
CXCR3-,HC,PB_32,GGCCGATTCTCGGACG-1,0.2249986637328575
CXCR3-,HC,PB_32,GGCGACTAGATGGGTC-1,-0.29997119987097626
CXCR3-,HC,PB_32,GGCGACTAGTCGATAA-1,0.19062464424213824
CXCR3-,HC,PB_32,GGCGACTCACGACGAA-1,0.060769571722293234
CXCR3-,HC,PB_32,GGCTCGAAGCTAAGAT-1,-0.29997119987097626
CXCR3-,HC,PB_32,GGCTCGAAGGCCCTTG-1,0.013259702563626154
CXCR3-,HC,PB_32,GGCTCGAGTCACTGGC-1,-0.29997119987097626
CXCR3-,HC,PB_32,GGCTGGTAGATCTGAA-1,-0.29997119987097626
CXCR3-,HC,PB_32,GGCTGGTAGCGGATCA-1,-0.29997119987097626
CXCR3-,HC,PB_32,GGCTGGTAGTCGTACT-1,0.4634169276687878
CXCR3-,HC,PB_32,GGCTGGTAGTGACATA-1,-0.07744975446645105
CXCR3+,HC,PB_32,GGCTGGTAGTGACTCT-1,-0.29997119987097626
CXCR3-,HC,PB_32,GGCTGGTTCAGCTTAG-1,-0.018707233287808215
CXCR3-,HC,PB_32,GGGAATGAGCTCCTCT-1,-0.10682925972888875
CXCR3-,HC,PB_32,GGGAATGTCACGCATA-1,0.3363396222741401
CXCR3+,HC,PB_32,GGGAATGTCGCAAACT-1,-0.050078193540597095
CXCR3-,HC,PB_32,GGGACCTAGAAGGACA-1,0.34827706815849424
CXCR3-,HC,PB_32,GGGAGATAGTACGTTC-1,0.25056835174368863
CXCR3-,HC,PB_32,GGGATGAAGCCTCGTG-1,-0.29997119987097626
CXCR3-,HC,PB_32,GGGATGATCTACCTGC-1,-0.29997119987097626
CXCR3-,HC,PB_32,GGGCACTGTGAGTGAC-1,-0.059024974565049584
CXCR3+,HC,PB_32,GGGCATCAGGCAATTA-1,0.5411555986670435
CXCR3-,HC,PB_32,GGGTCTGAGCCCTAAT-1,-0.16062615728480706
CXCR3+,HC,PB_32,GGGTCTGGTAACGACG-1,1.041365472286452
CXCR3-,HC,PB_32,GGGTCTGGTACCATCA-1,-0.29997119987097626
CXCR3-,HC,PB_32,GGGTCTGTCCGAACGC-1,-0.10364375140140923
CXCR3-,HC,PB_32,GGTATTGTCCAAGTAC-1,-0.03903211153996746
CXCR3-,HC,PB_32,GGTGAAGCAGACTCGC-1-1,-0.29997119987097626
CXCR3-,HC,PB_32,GGTGAAGGTAGCTTGT-1,0.2080755143379255
CXCR3-,HC,PB_32,GGTGAAGTCGGCCGAT-1,-0.13485156716408125
CXCR3-,HC,PB_32,GGTGCGTAGCTAGCCC-1,-0.29997119987097626
CXCR3+,HC,PB_32,GGTGCGTCAGTTTACG-1,0.5831279213828153
CXCR3+,HC,PB_32,GGTGCGTTCGCCCTTA-1-1,-0.29997119987097626
CXCR3-,HC,PB_32,GGTGCGTTCGGAAACG-1,-0.0658887967900598
CXCR3-,HC,PB_32,GGTGCGTTCTCAAGTG-1,-0.025184914331262513
CXCR3-,HC,PB_32,GGTGTTACACATTCGA-1-1,-0.29997119987097626
CXCR3-,HC,PB_32,GGTGTTATCGCCTGAG-1,-0.07870228592304503
CXCR3+,HC,PB_32,GTAACTGTCATCTGCC-1,-0.29997119987097626
CXCR3-,HC,PB_32,GTACTCCAGTGTGAAT-1,-0.29997119987097626
CXCR3-,HC,PB_32,GTACTCCTCGGCGGTT-1,0.13020019729371496
CXCR3-,HC,PB_32,GTACTCCTCTCTGTCG-1,0.09298867720153307
CXCR3-,HC,PB_32,GTACTCCTCTGTCAAG-1,-0.032870262024398376
CXCR3-,HC,PB_32,GTACTCCTCTTGTACT-1,0.426359399857959
CXCR3-,HC,PB_32,GTACTTTTCGTACGGC-1,0.014714126019873668
CXCR3-,HC,PB_32,GTAGGCCAGCAGGTCA-1,-0.29997119987097626
CXCR3-,HC,PB_32,GTAGGCCCATCATCCC-1,0.10950339993111997
CXCR3-,HC,PB_32,GTAGTCAAGGCTAGGT-1,0.29734545407759877
CXCR3-,HC,PB_32,GTAGTCATCACTCTTA-1,-0.20150689049420145
CXCR3-,HC,PB_32,GTAGTCATCGTCTGCT-1,0.08396288977736902
CXCR3-,HC,PB_32,GTATCTTAGTCGATAA-1,-0.1334948163190532
CXCR3-,HC,PB_32,GTATCTTTCCTGCCAT-1,-0.13280238446188716
CXCR3-,HC,PB_32,GTATTCTAGTGTTTGC-1,-0.06589802371951547
CXCR3-,HC,PB_32,GTATTCTAGTTCGATC-1,0.12078055339646457
CXCR3-,HC,PB_32,GTCAAGTAGCCTCGTG-1,-0.29997119987097626
CXCR3-,HC,PB_32,GTCAAGTAGGCGATAC-1,-0.29997119987097626
CXCR3-,HC,PB_32,GTCAAGTGTAGCGCAA-1,-0.06441805375791453
CXCR3-,HC,PB_32,GTCAAGTGTAGGAGTC-1,-0.29997119987097626
CXCR3+,HC,PB_32,GTCAAGTTCCACGAAT-1,-0.29997119987097626
CXCR3-,HC,PB_32,GTCAAGTTCCCAAGTA-1,-0.29997119987097626
CXCR3-,HC,PB_32,GTCAAGTTCTTACCGC-1,-0.09344878733784721
CXCR3-,HC,PB_32,GTCACAAAGCCGCCTA-1,-0.29997119987097626
CXCR3-,HC,PB_32,GTCACAAAGGTCATCT-1-1,0.10782909289203678
CXCR3-,HC,PB_32,GTCACAACAGCATGAG-1,-0.10562138143810773
CXCR3-,HC,PB_32,GTCACAATCAGGCCCA-1,0.16710479292693364
CXCR3-,HC,PB_32,GTCACAATCCACGTGG-1,0.014282747569993735
CXCR3-,HC,PB_32,GTCACAATCGGTTAAC-1,0.16294964613602997
CXCR3+,HC,PB_32,GTCATTTCATGTTCCC-1,-0.1241910361144634
CXCR3-,HC,PB_32,GTCCTCAAGACGCACA-1,-0.29997119987097626
CXCR3-,HC,PB_32,GTCCTCACAATGGACG-1,0.08813835595061058
CXCR3-,HC,PB_32,GTCCTCACATTGCGGC-1,0.3099644524655799
CXCR3-,HC,PB_32,GTCGGGTAGCGATGAC-1,0.00544561498272197
CXCR3-,HC,PB_32,GTCGGGTAGTGACTCT-1,-0.29997119987097626
CXCR3-,HC,PB_32,GTCGGGTGTGTGAAAT-1,-0.0734784732033499
CXCR3-,HC,PB_32,GTCGGGTTCGTTGACA-1,-0.29997119987097626
CXCR3-,HC,PB_32,GTCGTAACATTTCAGG-1,0.5738909247672055
CXCR3-,HC,PB_32,GTCGTAAGTCGACTGC-1,0.08194881984612225
CXCR3-,HC,PB_32,GTCGTAATCACCGGGT-1,-0.29997119987097626
CXCR3-,HC,PB_32,GTCTTCGAGAGGACGG-1,-0.01414865401843045
CXCR3-,HC,PB_32,GTCTTCGCACCAGTTA-1,0.017044519903936343
CXCR3-,HC,PB_32,GTGCAGCTCGATGAGG-1,-0.21235234041898576
CXCR3-,HC,PB_32,GTGCATACACCTATCC-1,-0.29997119987097626
CXCR3-,HC,PB_32,GTGCATAGTAAGTGTA-1,0.34447105768262276
CXCR3-,HC,PB_32,GTGCATATCAACACTG-1,-0.06884508656383816
CXCR3-,HC,PB_32,GTGCGGTTCTGAGTGT-1,-0.29997119987097626
CXCR3+,HC,PB_32,GTGCTTCAGCATGGCA-1,0.7572061418022161
CXCR3-,HC,PB_32,GTGCTTCTCCCGGATG-1,0.0772605107641228
CXCR3-,HC,PB_32,GTGCTTCTCTGAAAGA-1,0.3507733439076998
CXCR3-,HC,PB_32,GTGGGTCCACGGTAAG-1,-0.03125818800849277
CXCR3-,HC,PB_32,GTGGGTCCATTTCAGG-1,-0.29997119987097626
CXCR3-,HC,PB_32,GTGGGTCTCCGAATGT-1,-0.29997119987097626
CXCR3-,HC,PB_32,GTGGGTCTCTCCTATA-1,0.3091688024528461
CXCR3+,HC,PB_32,GTGTTAGAGTCTCGGC-1,-0.29997119987097626
CXCR3-,HC,PB_32,GTGTTAGCAGACAGGT-1,-0.006869947968010647
CXCR3-,HC,PB_32,GTGTTAGTCATGCAAC-1,0.4934388352030717
CXCR3-,HC,PB_32,GTTAAGCAGTGTACGG-1,0.1804181485190794
CXCR3-,HC,PB_32,GTTAAGCCACGAGAGT-1,0.38571386870028146
CXCR3+,HC,PB_32,GTTACAGTCCAAATGC-1,-0.29997119987097626
CXCR3-,HC,PB_32,GTTCATTGTATATGAG-1,-0.29997119987097626
CXCR3-,HC,PB_32,GTTCATTGTCGTCTTC-1,0.10677421187273126
CXCR3-,HC,PB_32,GTTCATTGTTATCGGT-1,-0.10782459908715032
CXCR3+,HC,PB_32,GTTCGGGCAATGAATG-1,-0.20500962124419
CXCR3-,HC,PB_32,GTTCGGGGTCAACATC-1,-0.29997119987097626
CXCR3-,HC,PB_32,GTTCGGGGTCCAAGTT-1,-0.29997119987097626
CXCR3-,HC,PB_32,GTTCGGGGTGTCGCTG-1,0.03655436838918601
CXCR3-,HC,PB_32,GTTCGGGTCTGGGCCA-1,0.17432813104012998
CXCR3-,HC,PB_32,GTTCTCGCACCTTGTC-1,-0.06882622570842087
CXCR3-,HC,PB_32,GTTCTCGCAGTATGCT-1,-0.29997119987097626
CXCR3+,HC,PB_32,GTTCTCGCATCCAACA-1,0.3298061525592102
CXCR3-,HC,PB_32,GTTCTCGCATGACATC-1,-0.29997119987097626
CXCR3-,HC,PB_32,GTTCTCGTCTACGAGT-1,-0.07250405342085785
CXCR3-,HC,PB_32,GTTTCTAAGATGTGTA-1,0.33910956985150537
CXCR3-,HC,PB_32,GTTTCTACAATAGCAA-1,-0.29997119987097626
CXCR3-,HC,PB_32,GTTTCTACACATGACT-1,-0.29997119987097626
CXCR3-,HC,PB_32,GTTTCTAGTAGCTGCC-1,-0.29997119987097626
CXCR3-,HC,PB_32,GTTTCTATCCAAACTG-1,-0.29997119987097626
CXCR3-,HC,PB_32,TAAACCGCAGCGTTCG-1,-0.29997119987097626
CXCR3-,HC,PB_32,TAAACCGGTATCGCAT-1,0.8401344874885347
CXCR3-,HC,PB_32,TAAGAGAAGGCCCTCA-1,-0.29997119987097626
CXCR3-,HC,PB_32,TAAGAGACAAGCGCTC-1,0.14518186118969043
CXCR3-,HC,PB_32,TAAGAGACACCATCCT-1,-0.29997119987097626
CXCR3-,HC,PB_32,TAAGCGTAGACACTAA-1,-0.29997119987097626
CXCR3-,HC,PB_32,TAAGCGTGTACAGACG-1,-0.015413890915302483
CXCR3-,HC,PB_32,TAAGTGCAGATGCCTT-1,0.3535594130919311
CXCR3-,HC,PB_32,TAAGTGCCAGTTTACG-1,-0.29997119987097626
CXCR3-,HC,PB_32,TAAGTGCTCCCTCAGT-1,0.24582963456027482
CXCR3-,HC,PB_32,TAAGTGCTCGCACTCT-1,0.44968637723882193
CXCR3-,HC,PB_32,TAAGTGCTCTCAACTT-1,-0.29997119987097626
CXCR3-,HC,PB_32,TACACGAAGACAGAGA-1,-0.29997119987097626
CXCR3-,HC,PB_32,TACACGACACCCAGTG-1,-0.0875028009742278
CXCR3-,HC,PB_32,TACACGACATTCTCAT-1,-0.08753973622472788
CXCR3-,HC,PB_32,TACAGTGCACAGGAGT-1,0.4162793011800091
CXCR3-,HC,PB_32,TACAGTGCACAGTCGC-1,0.032173753319375206
CXCR3-,HC,PB_32,TACAGTGGTTGCGTTA-1,0.23031499229515856
CXCR3-,HC,PB_32,TACAGTGGTTTGGGCC-1-1,0.018471125396311683
CXCR3-,HC,PB_32,TACCTATGTACCTACA-1,-0.29997119987097626
CXCR3-,HC,PB_32,TACCTATGTTGCTCCT-1,0.2674598294459511
CXCR3-,HC,PB_32,TACCTATTCACTCTTA-1,-0.29997119987097626
CXCR3-,HC,PB_32,TACCTTAAGGTGCAAC-1,-0.29997119987097626
CXCR3-,HC,PB_32,TACCTTACACCACGTG-1,-0.29997119987097626
CXCR3-,HC,PB_32,TACCTTACATCGTCGG-1,-0.15508778397535666
CXCR3-,HC,PB_32,TACGGATAGGAGTCTG-1,-0.29997119987097626
CXCR3-,HC,PB_32,TACGGATGTACGAAAT-1,-0.12054987677072133
CXCR3-,HC,PB_32,TACGGATGTGTAACGG-1,0.26940809630781776
CXCR3-,HC,PB_32,TACGGTAAGACTAGAT-1-1,-0.014791923846305963
CXCR3-,HC,PB_32,TACTCATCATCGTCGG-1,0.25049888444709517
CXCR3-,HC,PB_32,TACTCGCAGTTTAGGA-1,0.005926737740568939
CXCR3+,HC,PB_32,TACTCGCCACAGAGGT-1,-0.29997119987097626
CXCR3-,HC,PB_32,TACTCGCGTTACAGAA-1,0.7430872613751475
CXCR3-,HC,PB_32,TACTTACCACGTCAGC-1,-0.29997119987097626
CXCR3-,HC,PB_32,TACTTACCAGACTCGC-1,0.21565025028257184
CXCR3-,HC,PB_32,TACTTACGTAGCTGCC-1,0.10935910228908274
CXCR3-,HC,PB_32,TACTTACGTGTAACGG-1,-0.29997119987097626
CXCR3-,HC,PB_32,TACTTGTAGGCTATCT-1,0.004501745079952871
CXCR3-,HC,PB_32,TACTTGTCACTCTGTC-1,-0.29997119987097626
CXCR3-,HC,PB_32,TACTTGTGTGTAACGG-1,0.5275850794621331
CXCR3-,HC,PB_32,TAGACCAAGCAGCGTA-1,-0.061932231770475646
CXCR3-,HC,PB_32,TAGACCAGTAACGACG-1,-0.29997119987097626
CXCR3-,HC,PB_32,TAGAGCTCACCTCGGA-1,0.11583531441757387
CXCR3-,HC,PB_32,TAGAGCTTCAAAGTAG-1-1,-0.07936058482998776
CXCR3-,HC,PB_32,TAGCCGGCACTCAGGC-1,-0.29997119987097626
CXCR3-,HC,PB_32,TAGCCGGGTAAGGGCT-1,0.08100252885774296
CXCR3-,HC,PB_32,TAGGCATAGATCACGG-1,-0.18414372547754462
CXCR3+,HC,PB_32,TAGTGGTAGATATGGT-1,0.5096353537191254
CXCR3-,HC,PB_32,TAGTGGTGTAAATGTG-1,0.385640018651596
CXCR3-,HC,PB_32,TAGTGGTGTGCGATAG-1,-0.29997119987097626
CXCR3-,HC,PB_32,TAGTGGTTCCACGAAT-1,-0.29997119987097626
CXCR3-,HC,PB_32,TATCAGGAGCGGCTTC-1,-0.29997119987097626
CXCR3-,HC,PB_32,TATCAGGTCCATGAAC-1,-0.11883432428794478
CXCR3+,HC,PB_32,TATCAGGTCGTGACAT-1,-0.29997119987097626
CXCR3+,HC,PB_32,TATCAGGTCTCTAAGG-1,0.08792145832867729
CXCR3-,HC,PB_32,TATGCCCAGTTGTCGT-1,0.3164977099226264
CXCR3-,HC,PB_32,TATGCCCCATGCCCGA-1,0.16382924329251408
CXCR3-,HC,PB_32,TATGCCCGTGAGGGAG-1,0.20166491215450102
CXCR3-,HC,PB_32,TATGCCCTCGAGAACG-1,-0.09678992507532855
CXCR3-,HC,PB_32,TATTACCTCCATGAAC-1,-0.12269582366926139
CXCR3-,HC,PB_32,TCAACGAGTGAGGGTT-1,-0.10729423944194602
CXCR3-,HC,PB_32,TCAACGATCCATGAGT-1,-0.16055625737785087
CXCR3-,HC,PB_32,TCAATCTCAAATTGCC-1,0.19282999666153905
CXCR3-,HC,PB_32,TCAATCTGTAGCGTGA-1,0.5669893375829453
CXCR3-,HC,PB_32,TCAATCTTCCGAATGT-1,-0.16786661939441588
CXCR3-,HC,PB_32,TCAATCTTCTTTACAC-1,0.002879811379657252
CXCR3-,HC,PB_32,TCACAAGAGCAGCCTC-1,0.7695166436424997
CXCR3-,HC,PB_32,TCACAAGCAGCGTAAG-1,0.005745566022732874
CXCR3-,HC,PB_32,TCACGAACACGACTCG-1,-0.11304955358485351
CXCR3-,HC,PB_32,TCACGAAGTCTCACCT-1,-0.29997119987097626
CXCR3-,HC,PB_32,TCAGATGCAATGGATA-1,-0.29997119987097626
CXCR3-,HC,PB_32,TCAGCAACAGACACTT-1,-0.0595474127823953
CXCR3-,HC,PB_32,TCAGCAACATTCCTGC-1,-0.1807468056531095
CXCR3-,HC,PB_32,TCAGCTCAGATTACCC-1,0.28703724559933763
CXCR3-,HC,PB_32,TCAGCTCGTGACGGTA-1,0.3406415951670508
CXCR3-,HC,PB_32,TCAGCTCTCGAGAACG-1,0.3958357734106869
CXCR3+,HC,PB_32,TCAGGATTCCCAACGG-1,0.919333805836717
CXCR3+,HC,PB_32,TCAGGATTCTGCGACG-1,0.7230095717847858
CXCR3-,HC,PB_32,TCAGGTAAGCGCTCCA-1,0.03339516952390669
CXCR3-,HC,PB_32,TCAGGTACAGCTGCAC-1,-0.29997119987097626
CXCR3+,HC,PB_32,TCAGGTACATTGTGCA-1,-0.29997119987097626
CXCR3-,HC,PB_32,TCAGGTAGTAGCTCCG-1,0.1347879997667789
CXCR3-,HC,PB_32,TCATTACAGTGCAAGC-1,0.045251195888789376
CXCR3-,HC,PB_32,TCATTACCATCACGAT-1,0.3426362806880632
CXCR3-,HC,PB_32,TCATTACGTACCGAGA-1,0.05407884135266789
CXCR3-,HC,PB_32,TCATTACGTAGCCTCG-1,0.15954595426987966
CXCR3-,HC,PB_32,TCATTTGGTTAAGTAG-1,0.24868345960271387
CXCR3-,HC,PB_32,TCCACACCAAGCCTAT-1,-0.29997119987097626
CXCR3-,HC,PB_32,TCCCGATAGACGACGT-1,0.7862246158095555
CXCR3-,HC,PB_32,TCCCGATAGCAAATCA-1,0.110557191636847
CXCR3-,HC,PB_32,TCCCGATAGGGAAACA-1,0.29160308412813724
CXCR3-,HC,PB_32,TCCCGATTCCAAACAC-1,0.28954667696104147
CXCR3-,HC,PB_32,TCGAGGCAGATAGTCA-1,-0.29997119987097626
CXCR3+,HC,PB_32,TCGAGGCAGATGCGAC-1,-0.29997119987097626
CXCR3-,HC,PB_32,TCGCGAGAGGGCATGT-1,-0.29997119987097626
CXCR3-,HC,PB_32,TCGCGAGAGTCCTCCT-1,-0.22065713265924214
CXCR3+,HC,PB_32,TCGCGAGCACAGCGTC-1,0.4012360724687891
CXCR3-,HC,PB_32,TCGCGAGGTACCATCA-1,0.27133163259624987
CXCR3-,HC,PB_32,TCGCGAGGTAGTGAAT-1,-0.29997119987097626
CXCR3-,HC,PB_32,TCGCGAGGTCTTTCAT-1,-0.10880610292784589
CXCR3-,HC,PB_32,TCGCGAGTCATGTAGC-1,-0.03432719864083749
CXCR3-,HC,PB_32,TCGCGTTAGTCATGCT-1,-0.29997119987097626
CXCR3-,HC,PB_32,TCGGGACAGCCACGTC-1,0.18866495202763714
CXCR3-,HC,PB_32,TCGGGACAGTGTACGG-1,-0.14127123005973988
CXCR3+,HC,PB_32,TCGGGACCAAAGGCGT-1-1,0.3975303248159658
CXCR3+,HC,PB_32,TCGGGACTCCGCATAA-1,0.4795884151268983
CXCR3-,HC,PB_32,TCGGTAACAAGCTGTT-1,-0.1905358867878497
CXCR3-,HC,PB_32,TCGGTAACACATGGGA-1,0.4542112736887224
CXCR3-,HC,PB_32,TCGGTAATCGCCGTGA-1,0.19685184801352834
CXCR3-,HC,PB_32,TCGTACCCACAACTGT-1-1,0.009769172010948481
CXCR3-,HC,PB_32,TCTATTGTCAACTCTT-1,-0.29997119987097626
CXCR3-,HC,PB_32,TCTCATACAGACGCTC-1,-0.29997119987097626
CXCR3-,HC,PB_32,TCTCATAGTAGCGTGA-1,-0.29997119987097626
CXCR3-,HC,PB_32,TCTCATATCTGCTGCT-1,0.13867908377704025
CXCR3-,HC,PB_32,TCTCTAACACTTCTGC-1,-0.07246313531123207
CXCR3-,HC,PB_32,TCTCTAAGTAAGAGAG-1,0.5611375185772424
CXCR3-,HC,PB_32,TCTCTAAGTACCAGTT-1,-0.29997119987097626
CXCR3-,HC,PB_32,TCTGAGAAGCAGACTG-1,-0.29997119987097626
CXCR3-,HC,PB_32,TCTGAGAAGGTCATCT-1,0.07763890838460778
CXCR3-,HC,PB_32,TCTGAGATCACATGCA-1,0.016717980699187982
CXCR3-,HC,PB_32,TCTGAGATCGCACTCT-1,-0.13261028864112723
CXCR3-,HC,PB_32,TCTGGAACACCGAAAG-1-2,-0.29997119987097626
CXCR3-,HC,PB_32,TCTTCGGCAGGACGTA-1,-0.29997119987097626
CXCR3-,HC,PB_32,TCTTCGGCATCGGACC-1,0.33598218799049484
CXCR3-,HC,PB_32,TCTTCGGCATTACGAC-1,0.28305527481233916
CXCR3-,HC,PB_32,TCTTCGGTCAAGGTAA-1,0.3565917645632339
CXCR3-,HC,PB_32,TCTTCGGTCAGTTGAC-1,0.1880414040780277
CXCR3-,HC,PB_32,TCTTCGGTCCAAACTG-1,-0.29997119987097626
CXCR3-,HC,PB_32,TCTTCGGTCCACTCCA-1,0.4067014181809644
CXCR3-,HC,PB_32,TCTTTCCCACGAAGCA-1,-0.29997119987097626
CXCR3-,HC,PB_32,TGAAAGAGTGATAAAC-1,0.20552120671668792
CXCR3-,HC,PB_32,TGAAAGATCGGTTAAC-1,0.514408030321021
CXCR3+,HC,PB_32,TGACAACCACGACGAA-1,0.4698359151014772
CXCR3-,HC,PB_32,TGACAACGTAGCGATG-1,0.024013318239896626
CXCR3+,HC,PB_32,TGACAACGTGCTCTTC-1,-0.29997119987097626
CXCR3+,HC,PB_32,TGACGGCCACACATGT-1,0.7755392607411883
CXCR3-,HC,PB_32,TGACTAGAGACCGGAT-1,-0.07213242970660946
CXCR3-,HC,PB_32,TGACTAGAGTGCAAGC-1,-0.29997119987097626
CXCR3-,HC,PB_32,TGACTAGAGTTAAGTG-1-1,0.29183874124116066
CXCR3-,HC,PB_32,TGACTTTAGTCCCACG-1,0.21128089579065804
CXCR3+,HC,PB_32,TGACTTTGTGCGGTAA-1,0.22783433630391484
CXCR3-,HC,PB_32,TGAGAGGAGACTCGGA-1,0.6773633612722716
CXCR3-,HC,PB_32,TGAGAGGCACCGAAAG-1,-0.29997119987097626
CXCR3-,HC,PB_32,TGAGAGGGTTGCGCAC-1,-0.29997119987097626
CXCR3-,HC,PB_32,TGAGCATAGGCAGTCA-1,-0.29997119987097626
CXCR3-,HC,PB_32,TGAGCATGTCAGAATA-1,-0.03774878747240544
CXCR3-,HC,PB_32,TGAGGGAAGAGACTTA-1,-0.0895863178382496
CXCR3-,HC,PB_32,TGAGGGATCCGTCAAA-1,0.07753158921201943
CXCR3-,HC,PB_32,TGAGGGATCTTTAGGG-1,0.3855559148674614
CXCR3-,HC,PB_32,TGATTTCAGACAAAGG-1-1,-0.15878195536336742
CXCR3-,HC,PB_32,TGATTTCCATCGGAAG-1,0.11616363361544159
CXCR3+,HC,PB_32,TGCACCTCAATCCGAT-1,0.8158110134337051
CXCR3-,HC,PB_32,TGCACCTCAATCTGCA-1,-0.29997119987097626
CXCR3-,HC,PB_32,TGCACCTCAGCCTTTC-1-1,0.5498352419178637
CXCR3-,HC,PB_32,TGCACCTCATCCGGGT-1,0.6856578969307613
CXCR3-,HC,PB_32,TGCACCTGTTTCGCTC-1,-0.29997119987097626
CXCR3-,HC,PB_32,TGCACCTTCGAACGGA-1,-0.1276800555922581
CXCR3+,HC,PB_32,TGCCCATAGATCGGGT-1,-0.29997119987097626
CXCR3-,HC,PB_32,TGCCCATGTCTCTCGT-1,0.03465986403617457
CXCR3-,HC,PB_32,TGCCCTAAGCCGATTT-1,-0.29997119987097626
CXCR3+,HC,PB_32,TGCCCTATCCTTAATC-1,-0.29997119987097626
CXCR3-,HC,PB_32,TGCGCAGTCTGTCAAG-1,-0.29997119987097626
CXCR3-,HC,PB_32,TGCGGGTGTGTGCGTC-1,-0.29997119987097626
CXCR3-,HC,PB_32,TGCTACCAGTCTTGCA-1,-0.29997119987097626
CXCR3-,HC,PB_32,TGCTACCCAGATTGCT-1,-0.021406180729225007
CXCR3-,HC,PB_32,TGCTGCTAGATATGCA-1,-0.29997119987097626
CXCR3-,HC,PB_32,TGCTGCTAGTGACTCT-1,0.04104262090698785
CXCR3-,HC,PB_32,TGCTGCTCAAAGGAAG-1,0.3130364404969431
CXCR3-,HC,PB_32,TGCTGCTCACGGACAA-1,0.23841505406936414
CXCR3-,HC,PB_32,TGCTGCTGTCCGTGAC-1,-0.038783629029499986
CXCR3-,HC,PB_32,TGGACGCCAGGTCGTC-1,-0.29997119987097626
CXCR3-,HC,PB_32,TGGACGCTCACCCGAG-1,0.2812419700242876
CXCR3-,HC,PB_32,TGGCCAGAGTGCCATT-1,-0.29997119987097626
CXCR3-,HC,PB_32,TGGCCAGGTTGTTTGG-1,0.05622099365363942
CXCR3-,HC,PB_32,TGGCGCAAGATGCGAC-1,-0.29997119987097626
CXCR3-,HC,PB_32,TGGCGCAAGTTTAGGA-1,-0.07986087091535021
CXCR3-,HC,PB_32,TGGCGCAGTAGGGACT-1,0.04552265844330689
CXCR3-,HC,PB_32,TGGGAAGCAACTTGAC-1,0.09204523034682746
CXCR3-,HC,PB_32,TGGGAAGCACCAGCAC-1,-0.29997119987097626
CXCR3-,HC,PB_32,TGGGAAGGTTCTCATT-1,0.16785537539459155
CXCR3-,HC,PB_32,TGGGAAGTCAACCAAC-1,-0.29997119987097626
CXCR3-,HC,PB_32,TGGGCGTGTAAGGGAA-1,-0.29997119987097626
CXCR3-,HC,PB_32,TGGTTAGAGGTAGCTG-1,0.02471185204791269
CXCR3+,HC,PB_32,TGGTTAGCAAACGTGG-1,0.5523710257381159
CXCR3-,HC,PB_32,TGGTTAGCAGTATGCT-1,-0.16275332256198843
CXCR3-,HC,PB_32,TGGTTCCCAAATTGCC-1,0.3734799489514962
CXCR3-,HC,PB_32,TGGTTCCCATTTGCCC-1,-0.29997119987097626
CXCR3-,HC,PB_32,TGGTTCCGTCACACGC-1,0.5520315282445029
CXCR3-,HC,PB_32,TGTATTCGTCGACTGC-1,0.816071230145411
CXCR3-,HC,PB_32,TGTATTCTCTGCGACG-1,-0.076650665484862
CXCR3-,HC,PB_32,TGTCCCAAGCCACTAT-1,-0.06162588301604858
CXCR3-,HC,PB_32,TGTCCCATCAACCAAC-1,-0.29997119987097626
CXCR3-,HC,PB_32,TGTGGTAAGTATCTCG-1,-0.010304973799936433
CXCR3-,HC,PB_32,TGTGGTATCTTACCTA-1,-0.29997119987097626
CXCR3-,HC,PB_32,TGTGTTTGTCCGTCAG-1,-0.29997119987097626
CXCR3-,HC,PB_32,TGTTCCGAGACTCGGA-1,-0.29997119987097626
CXCR3-,HC,PB_32,TGTTCCGAGCTTATCG-1,-0.29997119987097626
CXCR3-,HC,PB_32,TTAACTCAGGTGCAAC-1,0.05625406812312191
CXCR3-,HC,PB_32,TTAACTCGTCTCCATC-1,-0.1305612365943017
CXCR3-,HC,PB_32,TTAGGACCAGTCAGCC-1,0.1416162533554495
CXCR3-,HC,PB_32,TTAGGACCATTGTGCA-1,0.6614862947147622
CXCR3-,HC,PB_32,TTAGGCACACGAAGCA-1,0.29131615463260524
CXCR3-,HC,PB_32,TTAGGCACATGAAGTA-1,-0.12886665871481776
CXCR3-,HC,PB_32,TTAGGCATCAGATAAG-1,0.030049922332807868
CXCR3-,HC,PB_32,TTAGGCATCCGCGTTT-1,0.008292952391286388
CXCR3-,HC,PB_32,TTAGTTCAGACTAGGC-1,0.1693389924643811
CXCR3+,HC,PB_32,TTAGTTCAGGCGCTCT-1,0.5975525637832375
CXCR3-,HC,PB_32,TTATGCTAGAGTAATC-1,-0.29997119987097626
CXCR3-,HC,PB_32,TTATGCTTCAAACGGG-1,-0.29997119987097626
CXCR3-,HC,PB_32,TTATGCTTCATAACCG-1,0.4630699576021305
CXCR3-,HC,PB_32,TTCCCAGGTGCATCTA-1,-0.29997119987097626
CXCR3-,HC,PB_32,TTCGAAGAGCCACGCT-1-1,-0.017068778903508698
CXCR3-,HC,PB_32,TTCGAAGGTGAAATCA-1,-0.29997119987097626
CXCR3-,HC,PB_32,TTCTCAAAGTTCGCAT-1,0.3672474337827257
CXCR3-,HC,PB_32,TTCTCAACACCAGGTC-1,0.2422464787825469
CXCR3-,HC,PB_32,TTCTCAACATCACCCT-1,-0.29997119987097626
CXCR3-,HC,PB_32,TTCTCAATCCTGCTTG-1,-0.29997119987097626
CXCR3-,HC,PB_32,TTCTCCTAGAGTTGGC-1,-0.11341852143075691
CXCR3-,HC,PB_32,TTCTCCTGTACTCGCG-1,0.2898433076575415
CXCR3-,HC,PB_32,TTCTTAGAGCTAGTGG-1,-0.29997119987097626
CXCR3-,HC,PB_32,TTCTTAGTCCCAACGG-1,-0.29997119987097626
CXCR3-,HC,PB_32,TTCTTAGTCTACTTAC-1,-0.29997119987097626
CXCR3-,HC,PB_32,TTGACTTAGGCGCTCT-1,-0.29997119987097626
CXCR3-,HC,PB_32,TTGACTTCACTTCGAA-1,-0.29997119987097626
CXCR3-,HC,PB_32,TTGACTTTCTGCGACG-1,-0.29997119987097626
CXCR3-,HC,PB_32,TTGCCGTAGAATGTGT-1,0.17151450614599664
CXCR3-,HC,PB_32,TTGCCGTCAGCTGTAT-1,0.2539806937676176
CXCR3-,HC,PB_32,TTGCCGTGTGTGTGCC-1,-0.29997119987097626
CXCR3-,HC,PB_32,TTGGAACCAATGAATG-1,-0.29997119987097626
CXCR3-,HC,PB_32,TTGGAACTCCTTTCGG-1,-0.29997119987097626
CXCR3-,HC,PB_32,TTGGCAAAGTACGCGA-1,-0.29997119987097626
CXCR3-,HC,PB_32,TTGTAGGAGAGGTTGC-1,-0.29997119987097626
CXCR3-,HC,PB_32,TTGTAGGAGCGATAGC-1,-0.29997119987097626
CXCR3-,HC,PB_32,TTGTAGGCACATTTCT-1,-0.29997119987097626
CXCR3-,HC,PB_32,TTGTAGGGTATAGTAG-1,-0.17974196518984822
CXCR3-,HC,PB_32,TTGTAGGTCTTCATGT-1,0.13406063235509214
CXCR3-,HC,PB_32,TTTACTGCAGATCTGT-1,-0.29997119987097626
CXCR3+,HC,PB_32,TTTACTGCAGGACGTA-1,-0.1289297453986226
CXCR3-,HC,PB_32,TTTACTGCAGGGTATG-1,0.3183926813960936
CXCR3-,HC,PB_32,TTTATGCGTCTGGAGA-1,0.2017745560988536
CXCR3-,HC,PB_32,TTTCCTCAGGACACCA-1,0.09694949038316703
CXCR3-,HC,PB_32,TTTCCTCGTAGGCATG-1,-0.03279931687632805
CXCR3-,HC,PB_32,TTTCCTCGTGATAAGT-1,-0.03783860632669472
CXCR3-,HC,PB_32,TTTCCTCGTTAGATGA-1,-0.15109075050594
CXCR3+,HC,PB_32,TTTGCGCGTAAGCACG-1,-0.29997119987097626
CXCR3-,HC,PB_32,TTTGCGCTCCATGAAC-1,-0.29997119987097626
CXCR3-,HC,PB_32,TTTGGTTCACCTCGGA-1,-0.29997119987097626
CXCR3-,HC,PB_32,TTTGTCACAAGCGCTC-1,0.12567976574505685
CXCR3-,HC,PB_32,TTTGTCACACTTAAGC-1,0.01711204849516095
CXCR3-,HC,PB_32,TTTGTCATCACATAGC-1,-0.04248881182452708
CXCR3-,HC,PST83775_PB,GSM4104139_AAACCTGCACGTCAGC-1,-0.0739265285310579
CXCR3-,HC,PST83775_PB,GSM4104139_AAACGGGCATTCCTGC-1,-0.04358315562735208
CXCR3-,HC,PST83775_PB,GSM4104139_AAAGCAACAATAAGCA-1,-0.29997119987097626
CXCR3-,HC,PST83775_PB,GSM4104139_AAAGCAAGTCGAGATG-1,-0.21519454400494273
CXCR3-,HC,PST83775_PB,GSM4104139_AAAGTAGAGCCAGGAT-1,-0.29997119987097626
CXCR3-,HC,PST83775_PB,GSM4104139_AAAGTAGTCCTGTAGA-1,-0.29997119987097626
CXCR3-,HC,PST83775_PB,GSM4104139_AAATGCCAGTACGCGA-1,-0.1955585537440268
CXCR3-,HC,PST83775_PB,GSM4104139_AAATGCCGTCCGAAGA-1,-0.09098210055712053
CXCR3+,HC,PST83775_PB,GSM4104139_AAATGCCGTTACGTCA-1,-0.06789468513321026
CXCR3-,HC,PST83775_PB,GSM4104139_AACACGTAGTAACCCT-1,-0.29997119987097626
CXCR3-,HC,PST83775_PB,GSM4104139_AACCATGAGAAACGCC-1,0.008335625976353135
CXCR3-,HC,PST83775_PB,GSM4104139_AACCATGAGCGATGAC-1,-0.29997119987097626
CXCR3-,HC,PST83775_PB,GSM4104139_AACCATGGTACCGTAT-1,0.05302163352299939
CXCR3-,HC,PST83775_PB,GSM4104139_AACCGCGAGGAGTAGA-1,-0.29997119987097626
CXCR3-,HC,PST83775_PB,GSM4104139_AACCGCGAGGGCTTGA-1,-0.29997119987097626
CXCR3-,HC,PST83775_PB,GSM4104139_AACGTTGAGGATGGAA-1,0.3473564545445226
CXCR3-,HC,PST83775_PB,GSM4104139_AACGTTGCATCACGAT-1,-0.29997119987097626
CXCR3-,HC,PST83775_PB,GSM4104139_AACGTTGGTAGCGCTC-1,-0.29997119987097626
CXCR3-,HC,PST83775_PB,GSM4104139_AACGTTGTCCTCAATT-1,-0.29997119987097626
CXCR3-,HC,PST83775_PB,GSM4104139_AACGTTGTCTTTACAC-1,-0.29997119987097626
CXCR3-,HC,PST83775_PB,GSM4104139_AACTCAGGTACAGTTC-1,-0.29997119987097626
CXCR3-,HC,PST83775_PB,GSM4104139_AACTCTTTCACGCATA-1,0.053920838757670016
CXCR3-,HC,PST83775_PB,GSM4104139_AACTTTCAGTTAACGA-1,-0.29997119987097626
CXCR3-,HC,PST83775_PB,GSM4104139_AAGACCTCACAGCGTC-1,0.06988276634511625
CXCR3-,HC,PST83775_PB,GSM4104139_AAGACCTCAGTCAGAG-1,0.11602485853966134
CXCR3-,HC,PST83775_PB,GSM4104139_AAGCCGCAGACAGGCT-1,-0.10653216201975642
CXCR3-,HC,PST83775_PB,GSM4104139_AAGCCGCGTGCGCTTG-1,0.3657827886647671
CXCR3-,HC,PST83775_PB,GSM4104139_AAGGAGCAGGGTCTCC-1,-0.29997119987097626
CXCR3-,HC,PST83775_PB,GSM4104139_AAGGAGCGTACCGCTG-1,-0.29997119987097626
CXCR3-,HC,PST83775_PB,GSM4104139_AAGGCAGGTCTCCATC-1,-0.0005056541591841006
CXCR3-,HC,PST83775_PB,GSM4104139_AAGGTTCAGTTAACGA-1,-0.29997119987097626
CXCR3-,HC,PST83775_PB,GSM4104139_AAGTCTGCAAGGCTCC-1,0.1660700541237316
CXCR3-,HC,PST83775_PB,GSM4104139_AAGTCTGGTCCCGACA-1,-0.29997119987097626
CXCR3-,HC,PST83775_PB,GSM4104139_AATCGGTAGTTGTCGT-1,-0.29997119987097626
CXCR3-,HC,PST83775_PB,GSM4104139_AATCGGTCATTAACCG-1,-0.29997119987097626
CXCR3-,HC,PST83775_PB,GSM4104139_AATCGGTGTTCGTTGA-1,-0.29997119987097626
CXCR3-,HC,PST83775_PB,GSM4104139_AATCGGTTCACCTTAT-1,-0.29997119987097626
CXCR3-,HC,PST83775_PB,GSM4104139_AATCGGTTCATGTCTT-1,-0.29997119987097626
CXCR3-,HC,PST83775_PB,GSM4104139_ACACCAAAGAATAGGG-1,-0.29997119987097626
CXCR3-,HC,PST83775_PB,GSM4104139_ACACCAATCACATACG-1,0.15832739937771168
CXCR3+,HC,PST83775_PB,GSM4104139_ACACCCTTCGGCCGAT-1,-0.29997119987097626
CXCR3-,HC,PST83775_PB,GSM4104139_ACACCGGGTAGCGTGA-1,-0.29997119987097626
CXCR3-,HC,PST83775_PB,GSM4104139_ACACTGAGTGGTAACG-1,-0.29997119987097626
CXCR3-,HC,PST83775_PB,GSM4104139_ACAGCCGAGTCGATAA-1,-0.18886212156107085
CXCR3-,HC,PST83775_PB,GSM4104139_ACAGCTATCTTGGGTA-1,0.007147885124243676
CXCR3-,HC,PST83775_PB,GSM4104139_ACATACGCACCCATTC-1,-0.29997119987097626
CXCR3-,HC,PST83775_PB,GSM4104139_ACATACGCATACAGCT-1,-0.29997119987097626
CXCR3-,HC,PST83775_PB,GSM4104139_ACATACGGTCTCTCGT-1,-0.1560317268813405
CXCR3-,HC,PST83775_PB,GSM4104139_ACATCAGAGTGATCGG-1,-0.29997119987097626
CXCR3-,HC,PST83775_PB,GSM4104139_ACATCAGGTCATATCG-1,-0.29997119987097626
CXCR3-,HC,PST83775_PB,GSM4104139_ACATGGTAGTAACCCT-1,-0.29997119987097626
CXCR3-,HC,PST83775_PB,GSM4104139_ACATGGTTCACGGTTA-1,0.32052649047497805
CXCR3-,HC,PST83775_PB,GSM4104139_ACATGGTTCGCTTAGA-1,-0.29997119987097626
CXCR3-,HC,PST83775_PB,GSM4104139_ACCCACTCAAGTAATG-1,0.5994468606814366
CXCR3-,HC,PST83775_PB,GSM4104139_ACCCACTGTTCATGGT-1,0.04764319907508642
CXCR3-,HC,PST83775_PB,GSM4104139_ACCCACTTCCAGAAGG-1,-0.29997119987097626
CXCR3-,HC,PST83775_PB,GSM4104139_ACCGTAAGTAGCAAAT-1,-0.29997119987097626
CXCR3-,HC,PST83775_PB,GSM4104139_ACCTTTATCCGAAGAG-1,-0.29997119987097626
CXCR3-,HC,PST83775_PB,GSM4104139_ACCTTTATCTGGAGCC-1,0.021541860915633957
CXCR3-,HC,PST83775_PB,GSM4104139_ACGAGCCGTGTTTGTG-1,-0.29997119987097626
CXCR3-,HC,PST83775_PB,GSM4104139_ACGATGTTCAACACTG-1,-0.16743734298704677
CXCR3-,HC,PST83775_PB,GSM4104139_ACGCAGCTCTGCCAGG-1,-0.29997119987097626
CXCR3-,HC,PST83775_PB,GSM4104139_ACGCCAGCATATGGTC-1,-0.29997119987097626
CXCR3-,HC,PST83775_PB,GSM4104139_ACGCCGAAGCAAATCA-1,-0.29997119987097626
CXCR3-,HC,PST83775_PB,GSM4104139_ACGGAGAAGTTAGCGG-1,-0.0076871756154533255
CXCR3-,HC,PST83775_PB,GSM4104139_ACGGAGAGTATCTGCA-1,0.004924162647797666
CXCR3-,HC,PST83775_PB,GSM4104139_ACGGCCACATATACCG-1,-0.29997119987097626
CXCR3-,HC,PST83775_PB,GSM4104139_ACGGCCAGTGCTGTAT-1,-0.29997119987097626
CXCR3-,HC,PST83775_PB,GSM4104139_ACGGCCATCAAAGTAG-1,-0.29997119987097626
CXCR3-,HC,PST83775_PB,GSM4104139_ACGGGTCAGAAGAAGC-1,0.26113081783521963
CXCR3+,HC,PST83775_PB,GSM4104139_ACGGGTCAGCAGACTG-1,-0.17180845467368844
CXCR3-,HC,PST83775_PB,GSM4104139_ACGGGTCCAGATCGGA-1,-0.29997119987097626
CXCR3-,HC,PST83775_PB,GSM4104139_ACGTCAAAGATGTGGC-1,-0.29997119987097626
CXCR3-,HC,PST83775_PB,GSM4104139_ACGTCAATCACCACCT-1,-0.29997119987097626
CXCR3-,HC,PST83775_PB,GSM4104139_ACTGATGCAAGGACAC-1,-0.29997119987097626
CXCR3-,HC,PST83775_PB,GSM4104139_ACTGCTCAGCAAATCA-1,-0.29997119987097626
CXCR3-,HC,PST83775_PB,GSM4104139_ACTGCTCCATCCGGGT-1,-0.29997119987097626
CXCR3-,HC,PST83775_PB,GSM4104139_ACTGCTCGTTTGACAC-1,-0.031245659751711154
CXCR3-,HC,PST83775_PB,GSM4104139_ACTGCTCTCACGACTA-1,-0.04504548138306495
CXCR3-,HC,PST83775_PB,GSM4104139_ACTGTCCCAGTACACT-1,-0.29997119987097626
CXCR3-,HC,PST83775_PB,GSM4104139_ACTTGTTTCGTACGGC-1,-0.29997119987097626
CXCR3-,HC,PST83775_PB,GSM4104139_ACTTTCATCCAATGGT-1,-0.29997119987097626
CXCR3-,HC,PST83775_PB,GSM4104139_AGAATAGAGAAACCAT-1,-0.0592991225087931
CXCR3-,HC,PST83775_PB,GSM4104139_AGAATAGCAATGGACG-1,-0.29997119987097626
CXCR3-,HC,PST83775_PB,GSM4104139_AGAATAGCATTGGTAC-1,-0.29997119987097626
CXCR3-,HC,PST83775_PB,GSM4104139_AGAATAGGTAGTACCT-1,-0.29997119987097626
CXCR3-,HC,PST83775_PB,GSM4104139_AGACGTTGTACGCTGC-1,-0.29997119987097626
CXCR3-,HC,PST83775_PB,GSM4104139_AGAGCGAAGCGTAATA-1,-0.09101644601288217
CXCR3-,HC,PST83775_PB,GSM4104139_AGAGCGAGTTGTCGCG-1,-0.29997119987097626
CXCR3-,HC,PST83775_PB,GSM4104139_AGAGCGATCAGAGGTG-1,0.2551169686181577
CXCR3-,HC,PST83775_PB,GSM4104139_AGAGTGGAGGAGTTGC-1,-0.09248181157326155
CXCR3-,HC,PST83775_PB,GSM4104139_AGAGTGGCAGCCAATT-1,0.06331829584487157
CXCR3-,HC,PST83775_PB,GSM4104139_AGATCTGAGTCGAGTG-1,0.3519722735336041
CXCR3-,HC,PST83775_PB,GSM4104139_AGATCTGGTCGCATCG-1,0.04247118850305782
CXCR3-,HC,PST83775_PB,GSM4104139_AGATCTGTCACTTATC-1,-0.29997119987097626
CXCR3-,HC,PST83775_PB,GSM4104139_AGCAGCCAGATGTCGG-1,-0.29997119987097626
CXCR3-,HC,PST83775_PB,GSM4104139_AGCAGCCTCAATCACG-1,-0.1602055623718241
CXCR3-,HC,PST83775_PB,GSM4104139_AGCCTAAGTCGGGTCT-1,-0.05640068764013455
CXCR3-,HC,PST83775_PB,GSM4104139_AGCTCTCCACATCCGG-1,-0.29997119987097626
CXCR3-,HC,PST83775_PB,GSM4104139_AGCTCTCTCTTACCTA-1,0.048499592062044496
CXCR3-,HC,PST83775_PB,GSM4104139_AGGCCACTCACTTACT-1,-0.1258854424606122
CXCR3-,HC,PST83775_PB,GSM4104139_AGGCCGTAGTACGTTC-1,0.25359883043388215
CXCR3-,HC,PST83775_PB,GSM4104139_AGGGAGTTCGGAGGTA-1,-0.29997119987097626
CXCR3-,HC,PST83775_PB,GSM4104139_AGGGATGAGTTACGGG-1,-0.29997119987097626
CXCR3-,HC,PST83775_PB,GSM4104139_AGGGATGCAGTGGAGT-1,-0.29997119987097626
CXCR3-,HC,PST83775_PB,GSM4104139_AGGTCATCAATGACCT-1,-0.29997119987097626
CXCR3-,HC,PST83775_PB,GSM4104139_AGGTCATCACGACGAA-1,-0.29997119987097626
CXCR3-,HC,PST83775_PB,GSM4104139_AGGTCCGGTTAAGAAC-1,-0.29997119987097626
CXCR3-,HC,PST83775_PB,GSM4104139_AGTGAGGGTGCTAGCC-1,-0.29997119987097626
CXCR3-,HC,PST83775_PB,GSM4104139_AGTGAGGTCTCGTATT-1,-0.29997119987097626
CXCR3-,HC,PST83775_PB,GSM4104139_AGTGGGACATACCATG-1,-0.29997119987097626
CXCR3-,HC,PST83775_PB,GSM4104139_AGTGGGAGTCAGCTAT-1,0.39534431356918937
CXCR3-,HC,PST83775_PB,GSM4104139_AGTGGGATCCGATATG-1,-0.29997119987097626
CXCR3-,HC,PST83775_PB,GSM4104139_AGTGTCATCGCTTGTC-1,0.6924834489324038
CXCR3-,HC,PST83775_PB,GSM4104139_ATAAGAGCAAATTGCC-1,0.01868797013044854
CXCR3-,HC,PST83775_PB,GSM4104139_ATAAGAGTCTTGTACT-1,-0.29997119987097626
CXCR3-,HC,PST83775_PB,GSM4104139_ATAGACCCATTCTTAC-1,-0.29997119987097626
CXCR3-,HC,PST83775_PB,GSM4104139_ATAGACCGTTTGACTG-1,-0.010309979967630695
CXCR3-,HC,PST83775_PB,GSM4104139_ATAGACCTCCCTAACC-1,0.04892456849867223
CXCR3-,HC,PST83775_PB,GSM4104139_ATCACGATCCCTCTTT-1,-0.0624593252277144
CXCR3-,HC,PST83775_PB,GSM4104139_ATCACGATCTCATTCA-1,-0.29997119987097626
CXCR3-,HC,PST83775_PB,GSM4104139_ATCATCTCACGACGAA-1,-0.29997119987097626
CXCR3-,HC,PST83775_PB,GSM4104139_ATCATGGCAAGAGGCT-1,-0.29997119987097626
CXCR3-,HC,PST83775_PB,GSM4104139_ATCATGGTCTTTCCTC-1,0.08916182160259252
CXCR3-,HC,PST83775_PB,GSM4104139_ATCCACCGTCTGCAAT-1,-0.02364508438128724
CXCR3-,HC,PST83775_PB,GSM4104139_ATCCGAAAGAGTAAGG-1,0.05900273537137379
CXCR3-,HC,PST83775_PB,GSM4104139_ATCGAGTTCCCTAACC-1,0.01994516089779005
CXCR3-,HC,PST83775_PB,GSM4104139_ATGAGGGAGACGACGT-1,-0.29997119987097626
CXCR3-,HC,PST83775_PB,GSM4104139_ATGAGGGGTTTAGCTG-1,-0.29997119987097626
CXCR3-,HC,PST83775_PB,GSM4104139_ATGCGATGTCTCTTAT-1,-0.29997119987097626
CXCR3-,HC,PST83775_PB,GSM4104139_ATGGGAGGTTGGGACA-1,-0.10530605923978247
CXCR3-,HC,PST83775_PB,GSM4104139_ATGTGTGCACAGTCGC-1,-0.29997119987097626
CXCR3-,HC,PST83775_PB,GSM4104139_ATTACTCAGTGACTCT-1,-0.29997119987097626
CXCR3-,HC,PST83775_PB,GSM4104139_ATTACTCTCCAGGGCT-1,-0.05458729320894184
CXCR3-,HC,PST83775_PB,GSM4104139_ATTATCCTCGTAGGTT-1,0.33750503976442275
CXCR3-,HC,PST83775_PB,GSM4104139_ATTATCCTCTCGTATT-1,-0.29997119987097626
CXCR3-,HC,PST83775_PB,GSM4104139_ATTGGACCAGCCTTGG-1,0.965735779766233
CXCR3-,HC,PST83775_PB,GSM4104139_ATTGGACTCATGGTCA-1,-0.07471315923919487
CXCR3-,HC,PST83775_PB,GSM4104139_ATTGGTGCAATGAATG-1,-0.0042989210696235325
CXCR3-,HC,PST83775_PB,GSM4104139_ATTGGTGCACATGGGA-1,-0.29997119987097626
CXCR3-,HC,PST83775_PB,GSM4104139_ATTGGTGGTAAGGGAA-1,-0.18255946823021324
CXCR3-,HC,PST83775_PB,GSM4104139_ATTTCTGGTGCAGACA-1,-0.29997119987097626
CXCR3-,HC,PST83775_PB,GSM4104139_ATTTCTGGTGTCAATC-1,-0.021150838481264807
CXCR3-,HC,PST83775_PB,GSM4104139_CAACCAAAGAAACGAG-1,-0.29997119987097626
CXCR3-,HC,PST83775_PB,GSM4104139_CAACCAAGTCTTGTCC-1,0.03529088766685763
CXCR3-,HC,PST83775_PB,GSM4104139_CAAGATCGTATATCCG-1,0.14715908749604287
CXCR3-,HC,PST83775_PB,GSM4104139_CACACAAAGCCGCCTA-1,-0.29997119987097626
CXCR3-,HC,PST83775_PB,GSM4104139_CACACAACAATCTACG-1,-0.04335921943831505
CXCR3-,HC,PST83775_PB,GSM4104139_CACACAACAGGGTACA-1,-0.29997119987097626
CXCR3-,HC,PST83775_PB,GSM4104139_CACACAAGTCTTCAAG-1,-0.009714208501268553
CXCR3-,HC,PST83775_PB,GSM4104139_CACACCTTCCTTTCTC-1,-0.29997119987097626
CXCR3-,HC,PST83775_PB,GSM4104139_CACACTCTCGGGAGTA-1,-0.29997119987097626
CXCR3-,HC,PST83775_PB,GSM4104139_CACACTCTCGGTCTAA-1,-0.29997119987097626
CXCR3-,HC,PST83775_PB,GSM4104139_CACAGGCCAAGTCTAC-1,-0.29997119987097626
CXCR3-,HC,PST83775_PB,GSM4104139_CACAGGCTCAGTGTTG-1,-0.29997119987097626
CXCR3-,HC,PST83775_PB,GSM4104139_CACATAGCAAGAAAGG-1,0.23101477704961812
CXCR3-,HC,PST83775_PB,GSM4104139_CACCACTAGGAGTAGA-1,0.020411936823524872
CXCR3-,HC,PST83775_PB,GSM4104139_CACCACTAGGCTAGGT-1,0.37923647265566046
CXCR3-,HC,PST83775_PB,GSM4104139_CACCACTGTCTAGAGG-1,0.1607313306967817
CXCR3-,HC,PST83775_PB,GSM4104139_CACCACTGTGCTAGCC-1,-0.29997119987097626
CXCR3-,HC,PST83775_PB,GSM4104139_CACCACTTCGAACGGA-1,-0.15267700015969585
CXCR3-,HC,PST83775_PB,GSM4104139_CACCTTGTCTTTAGTC-1,-0.10636214435699966
CXCR3-,HC,PST83775_PB,GSM4104139_CACTCCACAATGCCAT-1,0.407016857492212
CXCR3-,HC,PST83775_PB,GSM4104139_CACTCCACACGGATAG-1,-0.29997119987097626
CXCR3-,HC,PST83775_PB,GSM4104139_CACTCCATCGAACGGA-1,-0.29997119987097626
CXCR3-,HC,PST83775_PB,GSM4104139_CAGAATCAGATCACGG-1,-0.29997119987097626
CXCR3-,HC,PST83775_PB,GSM4104139_CAGAATCCAATGAATG-1,-0.29997119987097626
CXCR3-,HC,PST83775_PB,GSM4104139_CAGAATCTCTATGTGG-1,-0.29997119987097626
CXCR3-,HC,PST83775_PB,GSM4104139_CAGAGAGAGTACGCGA-1,-0.29997119987097626
CXCR3-,HC,PST83775_PB,GSM4104139_CAGAGAGTCATAAAGG-1,-0.013851370786506731
CXCR3-,HC,PST83775_PB,GSM4104139_CAGATCACAGATCGGA-1,-0.29997119987097626
CXCR3+,HC,PST83775_PB,GSM4104139_CAGATCAGTAGCGCAA-1,-0.16600952838861738
CXCR3-,HC,PST83775_PB,GSM4104139_CAGCAGCAGATCACGG-1,-0.29997119987097626
CXCR3-,HC,PST83775_PB,GSM4104139_CAGCAGCAGCTAGTTC-1,-0.29997119987097626
CXCR3-,HC,PST83775_PB,GSM4104139_CAGCAGCGTTCACCTC-1,-0.29997119987097626
CXCR3-,HC,PST83775_PB,GSM4104139_CAGCATAAGGTGATAT-1,-0.29997119987097626
CXCR3-,HC,PST83775_PB,GSM4104139_CAGCATAAGTGGACGT-1,-0.29997119987097626
CXCR3-,HC,PST83775_PB,GSM4104139_CAGCATATCAATCTCT-1,0.16301420342609765
CXCR3-,HC,PST83775_PB,GSM4104139_CAGCATATCCGTTGTC-1,-0.29997119987097626
CXCR3-,HC,PST83775_PB,GSM4104139_CAGCCGAGTACCTACA-1,0.06874355509937081
CXCR3-,HC,PST83775_PB,GSM4104139_CAGCCGAGTCGATTGT-1,0.07138331553070043
CXCR3-,HC,PST83775_PB,GSM4104139_CAGCGACTCCACGCAG-1,-0.1253065318705135
CXCR3-,HC,PST83775_PB,GSM4104139_CAGCTAACACCTTGTC-1,-0.29997119987097626
CXCR3-,HC,PST83775_PB,GSM4104139_CAGCTGGCATCAGTCA-1,-0.29997119987097626
CXCR3-,HC,PST83775_PB,GSM4104139_CAGCTGGGTCGTTGTA-1,-0.19680778603489554
CXCR3-,HC,PST83775_PB,GSM4104139_CAGCTGGTCTATCGCC-1,-0.29997119987097626
CXCR3-,HC,PST83775_PB,GSM4104139_CAGGTGCCACCTGGTG-1,0.1771763658731383
CXCR3-,HC,PST83775_PB,GSM4104139_CAGTCCTCACATGACT-1,0.08197314539716406
CXCR3-,HC,PST83775_PB,GSM4104139_CATCAAGAGATGCCTT-1,0.5273832678475311
CXCR3-,HC,PST83775_PB,GSM4104139_CATCAAGGTACGCACC-1,-0.29997119987097626
CXCR3-,HC,PST83775_PB,GSM4104139_CATCCACGTGTGCCTG-1,0.4198758462500913
CXCR3-,HC,PST83775_PB,GSM4104139_CATGCCTCATTTCACT-1,-0.06823510356667487
CXCR3-,HC,PST83775_PB,GSM4104139_CATGCCTGTTGGTAAA-1,-0.29997119987097626
CXCR3-,HC,PST83775_PB,GSM4104139_CATGCCTTCATTGCGA-1,0.7263981012533957
CXCR3-,HC,PST83775_PB,GSM4104139_CATTCGCGTTAAGGGC-1,-0.29997119987097626
CXCR3-,HC,PST83775_PB,GSM4104139_CCAATCCGTACTTGAC-1,0.28721721640706166
CXCR3+,HC,PST83775_PB,GSM4104139_CCACCTAAGTGGTAAT-1,-0.16620053422088854
CXCR3-,HC,PST83775_PB,GSM4104139_CCACGGAGTAGCGCTC-1,-0.1207976731777816
CXCR3-,HC,PST83775_PB,GSM4104139_CCACGGAGTCTTGCGG-1,-0.29997119987097626
CXCR3-,HC,PST83775_PB,GSM4104139_CCACGGAGTGTTCGAT-1,0.018892035551845692
CXCR3-,HC,PST83775_PB,GSM4104139_CCACTACAGAAACCGC-1,-0.29997119987097626
CXCR3-,HC,PST83775_PB,GSM4104139_CCACTACGTCTGATTG-1,-0.008050186637826168
CXCR3-,HC,PST83775_PB,GSM4104139_CCCAATCTCACCTCGT-1,-0.29997119987097626
CXCR3-,HC,PST83775_PB,GSM4104139_CCCAGTTTCGCAGGCT-1,-0.29997119987097626
CXCR3-,HC,PST83775_PB,GSM4104139_CCCATACAGACGCTTT-1,0.025511206824553545
CXCR3-,HC,PST83775_PB,GSM4104139_CCCATACTCTTAGCCC-1,-0.29997119987097626
CXCR3-,HC,PST83775_PB,GSM4104139_CCCTCCTCATTCCTCG-1,-0.29997119987097626
CXCR3-,HC,PST83775_PB,GSM4104139_CCGGGATCAAGCTGAG-1,0.2102115407657247
CXCR3-,HC,PST83775_PB,GSM4104139_CCGGGATTCACCCGAG-1,-0.29997119987097626
CXCR3-,HC,PST83775_PB,GSM4104139_CCGGTAGAGAGCTATA-1,-0.025094942791397335
CXCR3-,HC,PST83775_PB,GSM4104139_CCGTACTTCAAACCGT-1,-0.29997119987097626
CXCR3-,HC,PST83775_PB,GSM4104139_CCGTACTTCGCGTAGC-1,-0.29997119987097626
CXCR3-,HC,PST83775_PB,GSM4104139_CCGTGGACAGCTGCTG-1,-0.29997119987097626
CXCR3-,HC,PST83775_PB,GSM4104139_CCGTGGATCTATCCCG-1,-0.29997119987097626
CXCR3-,HC,PST83775_PB,GSM4104139_CCGTTCAAGAAACCTA-1,-0.29997119987097626
CXCR3-,HC,PST83775_PB,GSM4104139_CCGTTCATCCTTCAAT-1,0.26878806501240265
CXCR3-,HC,PST83775_PB,GSM4104139_CCTACACCATCACGTA-1,-0.29997119987097626
CXCR3-,HC,PST83775_PB,GSM4104139_CCTACACTCTGTTGAG-1,-0.29997119987097626
CXCR3-,HC,PST83775_PB,GSM4104139_CCTACCACAATGCCAT-1,-0.09174494534314204
CXCR3-,HC,PST83775_PB,GSM4104139_CCTACCATCCGTAGTA-1,0.015202549225150075
CXCR3-,HC,PST83775_PB,GSM4104139_CCTAGCTCACTCAGGC-1,-0.29997119987097626
CXCR3-,HC,PST83775_PB,GSM4104139_CCTATTAGTATAAACG-1,-0.29997119987097626
CXCR3-,HC,PST83775_PB,GSM4104139_CCTATTAGTGGCGAAT-1,-0.1808796172551392
CXCR3-,HC,PST83775_PB,GSM4104139_CCTCAGTAGACCCACC-1,-0.29997119987097626
CXCR3-,HC,PST83775_PB,GSM4104139_CCTCTGAGTTACAGAA-1,-0.0646751381583159
CXCR3-,HC,PST83775_PB,GSM4104139_CCTCTGAGTTGGTGGA-1,-0.29997119987097626
CXCR3-,HC,PST83775_PB,GSM4104139_CCTTACGAGTGACATA-1,0.1754222108679268
CXCR3-,HC,PST83775_PB,GSM4104139_CCTTACGCAGACAAGC-1,0.06983224942653624
CXCR3-,HC,PST83775_PB,GSM4104139_CCTTACGGTGTGACCC-1,-0.14890681201924108
CXCR3-,HC,PST83775_PB,GSM4104139_CCTTACGTCCGATATG-1,-0.06896720606369615
CXCR3-,HC,PST83775_PB,GSM4104139_CCTTCCCGTTACGACT-1,-0.29997119987097626
CXCR3-,HC,PST83775_PB,GSM4104139_CCTTTCTAGATCCCAT-1,-0.29997119987097626
CXCR3-,HC,PST83775_PB,GSM4104139_CGAACATGTAAATACG-1,-0.29997119987097626
CXCR3-,HC,PST83775_PB,GSM4104139_CGAATGTAGACTCGGA-1,-0.11868637119509409
CXCR3-,HC,PST83775_PB,GSM4104139_CGAATGTAGCGATAGC-1,0.10664697775448606
CXCR3-,HC,PST83775_PB,GSM4104139_CGACCTTAGAGTCTGG-1,-0.29997119987097626
CXCR3-,HC,PST83775_PB,GSM4104139_CGACCTTCACAAGACG-1,-0.0016982981010433035
CXCR3-,HC,PST83775_PB,GSM4104139_CGACCTTCATCGGACC-1,-0.08174763534442937
CXCR3-,HC,PST83775_PB,GSM4104139_CGACTTCAGAGTAAGG-1,-0.0707626869731568
CXCR3-,HC,PST83775_PB,GSM4104139_CGAGAAGAGCTACCGC-1,0.06826170095432672
CXCR3-,HC,PST83775_PB,GSM4104139_CGAGAAGCACGTAAGG-1,-0.29997119987097626
CXCR3-,HC,PST83775_PB,GSM4104139_CGAGAAGCATGGGAAC-1,-0.29997119987097626
CXCR3-,HC,PST83775_PB,GSM4104139_CGAGCACAGTGGGTTG-1,-0.29997119987097626
CXCR3-,HC,PST83775_PB,GSM4104139_CGAGCACGTAAATACG-1,-0.006208280983582852
CXCR3-,HC,PST83775_PB,GSM4104139_CGAGCACTCCTCTAGC-1,-0.29997119987097626
CXCR3-,HC,PST83775_PB,GSM4104139_CGATCGGCAGTAAGCG-1,-0.29997119987097626
CXCR3-,HC,PST83775_PB,GSM4104139_CGATGGCAGCAGACTG-1,-0.29997119987097626
CXCR3-,HC,PST83775_PB,GSM4104139_CGATGGCAGTCTCCTC-1,0.07631655032151884
CXCR3-,HC,PST83775_PB,GSM4104139_CGATGGCGTACTTCTT-1,-0.29997119987097626
CXCR3-,HC,PST83775_PB,GSM4104139_CGATGTAAGGCTAGGT-1,-0.29997119987097626
CXCR3-,HC,PST83775_PB,GSM4104139_CGATGTACACGCTTTC-1,-0.29997119987097626
CXCR3-,HC,PST83775_PB,GSM4104139_CGATGTAGTCATCCCT-1,-0.018111121991795768
CXCR3-,HC,PST83775_PB,GSM4104139_CGATGTATCGAACTGT-1,-0.29997119987097626
CXCR3-,HC,PST83775_PB,GSM4104139_CGATTGACACTTCTGC-1,-0.0036923367830412374
CXCR3-,HC,PST83775_PB,GSM4104139_CGATTGATCGCTTAGA-1,0.034401981049806234
CXCR3-,HC,PST83775_PB,GSM4104139_CGCCAAGAGCTGCGAA-1,-0.29997119987097626
CXCR3-,HC,PST83775_PB,GSM4104139_CGCCAAGTCTTGCATT-1,-0.29997119987097626
CXCR3-,HC,PST83775_PB,GSM4104139_CGCGGTATCTCGCATC-1,-0.0042235505019797715
CXCR3-,HC,PST83775_PB,GSM4104139_CGCGTTTTCAGCTGGC-1,-0.09371140261866816
CXCR3-,HC,PST83775_PB,GSM4104139_CGCGTTTTCGGAAATA-1,0.127626768619101
CXCR3-,HC,PST83775_PB,GSM4104139_CGCTATCAGGAGTTTA-1,0.008600808139962144
CXCR3-,HC,PST83775_PB,GSM4104139_CGCTATCTCCTAGTGA-1,-0.29997119987097626
CXCR3-,HC,PST83775_PB,GSM4104139_CGCTGGAAGTTCCACA-1,-0.29997119987097626
CXCR3-,HC,PST83775_PB,GSM4104139_CGCTGGATCTTGACGA-1,-0.29997119987097626
CXCR3-,HC,PST83775_PB,GSM4104139_CGCTTCAAGAGTACAT-1,-0.29997119987097626
CXCR3-,HC,PST83775_PB,GSM4104139_CGCTTCACAGTCTTCC-1,-0.060381186487756804
CXCR3-,HC,PST83775_PB,GSM4104139_CGGACACAGTCCTCCT-1,-0.29997119987097626
CXCR3-,HC,PST83775_PB,GSM4104139_CGGACGTAGTAATCCC-1,0.3413413352700217
CXCR3-,HC,PST83775_PB,GSM4104139_CGGAGTCCATATGAGA-1,-0.1491506761564527
CXCR3-,HC,PST83775_PB,GSM4104139_CGGAGTCGTATCAGTC-1,-0.29997119987097626
CXCR3-,HC,PST83775_PB,GSM4104139_CGGAGTCGTCGAATCT-1,-0.29997119987097626
CXCR3-,HC,PST83775_PB,GSM4104139_CGGAGTCTCAACACTG-1,-0.29997119987097626
CXCR3-,HC,PST83775_PB,GSM4104139_CGGAGTCTCCATGAAC-1,-0.06356846328963292
CXCR3-,HC,PST83775_PB,GSM4104139_CGGCTAGTCATGTCCC-1,-0.0015940013112461277
CXCR3-,HC,PST83775_PB,GSM4104139_CGGTTAAGTCAAAGAT-1,-0.10397472288101572
CXCR3-,HC,PST83775_PB,GSM4104139_CGGTTAATCAGGCGAA-1,-0.006391885819021844
CXCR3+,HC,PST83775_PB,GSM4104139_CGTCACTAGGCTATCT-1,-0.29997119987097626
CXCR3-,HC,PST83775_PB,GSM4104139_CGTCACTAGTAAGTAC-1,0.3471988766141556
CXCR3-,HC,PST83775_PB,GSM4104139_CGTCACTAGTGGGATC-1,-0.29997119987097626
CXCR3-,HC,PST83775_PB,GSM4104139_CGTCAGGTCTTTAGTC-1,-0.29997119987097626
CXCR3-,HC,PST83775_PB,GSM4104139_CGTCTACTCTTCCTTC-1,0.036592430231368454
CXCR3-,HC,PST83775_PB,GSM4104139_CGTGTAAGTCAGATAA-1,0.07971124426418609
CXCR3-,HC,PST83775_PB,GSM4104139_CGTGTCTCATCAGTCA-1,0.015319649712226768
CXCR3-,HC,PST83775_PB,GSM4104139_CGTGTCTTCCGCTGTT-1,-0.29997119987097626
CXCR3-,HC,PST83775_PB,GSM4104139_CGTTAGATCATTGCGA-1,-0.29997119987097626
CXCR3-,HC,PST83775_PB,GSM4104139_CGTTGGGGTAGGCATG-1,-0.29997119987097626
CXCR3-,HC,PST83775_PB,GSM4104139_CGTTGGGTCACAATGC-1,0.026527717981899707
CXCR3-,HC,PST83775_PB,GSM4104139_CTAACTTAGGCTAGAC-1,-0.29997119987097626
CXCR3-,HC,PST83775_PB,GSM4104139_CTAACTTGTACACCGC-1,-0.29997119987097626
CXCR3-,HC,PST83775_PB,GSM4104139_CTAATGGAGGCAATTA-1,-0.29997119987097626
CXCR3-,HC,PST83775_PB,GSM4104139_CTACACCGTGCTGTAT-1,0.04249678660222928
CXCR3-,HC,PST83775_PB,GSM4104139_CTACCCATCATCTGTT-1,-0.29997119987097626
CXCR3-,HC,PST83775_PB,GSM4104139_CTACCCATCCTTTCGG-1,-0.29997119987097626
CXCR3-,HC,PST83775_PB,GSM4104139_CTACGTCGTAGGCATG-1,-0.29997119987097626
CXCR3-,HC,PST83775_PB,GSM4104139_CTACGTCGTTAGTGGG-1,0.20190764262912925
CXCR3-,HC,PST83775_PB,GSM4104139_CTAGCCTAGTCCAGGA-1,-0.00018386658776254578
CXCR3-,HC,PST83775_PB,GSM4104139_CTAGCCTAGTGGGCTA-1,0.0768632112813552
CXCR3-,HC,PST83775_PB,GSM4104139_CTAGCCTGTGTATGGG-1,0.12541651832306316
CXCR3-,HC,PST83775_PB,GSM4104139_CTAGCCTTCCGTACAA-1,-0.29997119987097626
CXCR3-,HC,PST83775_PB,GSM4104139_CTAGTGAGTGATGTGG-1,-0.07957900710463868
CXCR3-,HC,PST83775_PB,GSM4104139_CTAGTGATCCGTTGCT-1,-0.29997119987097626
CXCR3-,HC,PST83775_PB,GSM4104139_CTAGTGATCGGTTCGG-1,-0.29997119987097626
CXCR3-,HC,PST83775_PB,GSM4104139_CTCACACAGCTAGCCC-1,0.07103033223510706
CXCR3-,HC,PST83775_PB,GSM4104139_CTCACACTCTAACCGA-1,-0.1129622616256097
CXCR3-,HC,PST83775_PB,GSM4104139_CTCACACTCTGCAGTA-1,-0.1061082447948136
CXCR3-,HC,PST83775_PB,GSM4104139_CTCATTATCGAACGGA-1,-0.29997119987097626
CXCR3-,HC,PST83775_PB,GSM4104139_CTCCTAGGTCCTAGCG-1,-0.29997119987097626
CXCR3-,HC,PST83775_PB,GSM4104139_CTCGAAAGTGATGTCT-1,-0.08168636643766468
CXCR3-,HC,PST83775_PB,GSM4104139_CTCGAAATCTGCCCTA-1,0.146748463316873
CXCR3-,HC,PST83775_PB,GSM4104139_CTCGAGGAGAGAACAG-1,-0.19578923281322735
CXCR3-,HC,PST83775_PB,GSM4104139_CTCGAGGGTGGGTATG-1,-0.29997119987097626
CXCR3+,HC,PST83775_PB,GSM4104139_CTCGTACAGCACCGCT-1,-0.29997119987097626
CXCR3-,HC,PST83775_PB,GSM4104139_CTCGTACCAGATGGCA-1,-0.09592484714292035
CXCR3-,HC,PST83775_PB,GSM4104139_CTCGTCACAGATCTGT-1,-0.29997119987097626
CXCR3-,HC,PST83775_PB,GSM4104139_CTCTAATAGCCTTGAT-1,0.32765523567480476
CXCR3-,HC,PST83775_PB,GSM4104139_CTCTAATTCGAATCCA-1,-0.08282466623392426
CXCR3-,HC,PST83775_PB,GSM4104139_CTCTACGGTTGGGACA-1,-0.29997119987097626
CXCR3-,HC,PST83775_PB,GSM4104139_CTCTACGGTTTAGCTG-1,-0.29997119987097626
CXCR3-,HC,PST83775_PB,GSM4104139_CTCTGGTCATACGCTA-1,-0.17770862096484397
CXCR3-,HC,PST83775_PB,GSM4104139_CTCTGGTTCGCGGATC-1,-0.29997119987097626
CXCR3-,HC,PST83775_PB,GSM4104139_CTGAAACAGTCTCCTC-1,-0.022395438027817
CXCR3-,HC,PST83775_PB,GSM4104139_CTGAAGTCACCGGAAA-1,0.21555107175614033
CXCR3-,HC,PST83775_PB,GSM4104139_CTGAAGTTCTTGACGA-1,-0.29997119987097626
CXCR3-,HC,PST83775_PB,GSM4104139_CTGATAGCACTTGGAT-1,0.0028997250254549434
CXCR3-,HC,PST83775_PB,GSM4104139_CTGATAGGTGTGGTTT-1,-0.29997119987097626
CXCR3-,HC,PST83775_PB,GSM4104139_CTGATAGGTGTTGAGG-1,-0.29997119987097626
CXCR3-,HC,PST83775_PB,GSM4104139_CTGCGGAAGCTAGTTC-1,-0.29997119987097626
CXCR3-,HC,PST83775_PB,GSM4104139_CTGCGGATCGAACGGA-1,-0.29997119987097626
CXCR3-,HC,PST83775_PB,GSM4104139_CTGCTGTCAACCGCCA-1,-0.013641706034592
CXCR3-,HC,PST83775_PB,GSM4104139_CTGGTCTAGTGAAGTT-1,-0.14101318640634225
CXCR3-,HC,PST83775_PB,GSM4104139_CTGTGCTGTCGCGGTT-1,-0.29997119987097626
CXCR3-,HC,PST83775_PB,GSM4104139_CTTAACTAGACACGAC-1,-0.29997119987097626
CXCR3-,HC,PST83775_PB,GSM4104139_CTTACCGAGCCAGAAC-1,-0.010976994969451216
CXCR3-,HC,PST83775_PB,GSM4104139_CTTACCGCAAGACGTG-1,0.027182765294903932
CXCR3-,HC,PST83775_PB,GSM4104139_CTTAGGAAGAGCTGCA-1,0.8066428832175562
CXCR3-,HC,PST83775_PB,GSM4104139_CTTAGGATCCTGCTTG-1,-0.08955245910489709
CXCR3-,HC,PST83775_PB,GSM4104139_CTTCTCTGTTAAGAAC-1,-0.29997119987097626
CXCR3+,HC,PST83775_PB,GSM4104139_CTTGGCTGTAGGGACT-1,0.19205311779610296
CXCR3-,HC,PST83775_PB,GSM4104139_CTTGGCTTCAGCATGT-1,-0.29997119987097626
CXCR3-,HC,PST83775_PB,GSM4104139_CTTTGCGTCACATGCA-1,-0.29997119987097626
CXCR3-,HC,PST83775_PB,GSM4104139_GAAACTCGTATATCCG-1,-0.29997119987097626
CXCR3+,HC,PST83775_PB,GSM4104139_GAAATGAAGTCAATAG-1,-0.29997119987097626
CXCR3-,HC,PST83775_PB,GSM4104139_GAAATGACAGTAACGG-1,0.1650128730064267
CXCR3-,HC,PST83775_PB,GSM4104139_GAAATGATCTCCGGTT-1,-0.29997119987097626
CXCR3-,HC,PST83775_PB,GSM4104139_GAAATGATCTGCGTAA-1,-0.10198249894769881
CXCR3-,HC,PST83775_PB,GSM4104139_GAACATCGTAGCGTAG-1,-0.29997119987097626
CXCR3-,HC,PST83775_PB,GSM4104139_GAACATCGTGAGGGAG-1,-0.06763687233486072
CXCR3-,HC,PST83775_PB,GSM4104139_GAACATCTCCTTTCTC-1,-0.29997119987097626
CXCR3-,HC,PST83775_PB,GSM4104139_GAACCTATCAAAGTAG-1,0.07583729207993431
CXCR3-,HC,PST83775_PB,GSM4104139_GAACCTATCAACCAAC-1,-0.29997119987097626
CXCR3-,HC,PST83775_PB,GSM4104139_GAACGGAAGTGCCAGA-1,-0.29997119987097626
CXCR3-,HC,PST83775_PB,GSM4104139_GAACGGACAAGGACTG-1,-0.29997119987097626
CXCR3-,HC,PST83775_PB,GSM4104139_GAATAAGTCGTTTATC-1,-0.29997119987097626
CXCR3-,HC,PST83775_PB,GSM4104139_GACCTGGGTGCACTTA-1,-0.29997119987097626
CXCR3-,HC,PST83775_PB,GSM4104139_GACGCGTAGATGCCAG-1,-0.29997119987097626
CXCR3-,HC,PST83775_PB,GSM4104139_GACGGCTTCTAACTCT-1,0.5900623113205105
CXCR3-,HC,PST83775_PB,GSM4104139_GACGTGCAGCGCTTAT-1,-0.29997119987097626
CXCR3+,HC,PST83775_PB,GSM4104139_GACGTGCTCACGCATA-1,-0.1632614068518805
CXCR3-,HC,PST83775_PB,GSM4104139_GACTAACCACAACGTT-1,-0.29997119987097626
CXCR3-,HC,PST83775_PB,GSM4104139_GACTACAGTCTTGTCC-1,-0.11045398164012767
CXCR3-,HC,PST83775_PB,GSM4104139_GACTGCGTCGCAGGCT-1,-0.09062870985665913
CXCR3-,HC,PST83775_PB,GSM4104139_GAGCAGACACGAGGTA-1,0.10727788214155268
CXCR3-,HC,PST83775_PB,GSM4104139_GAGGTGAAGACGACGT-1,-0.14084911313720133
CXCR3-,HC,PST83775_PB,GSM4104139_GAGGTGAAGGACATTA-1,-0.29997119987097626
CXCR3-,HC,PST83775_PB,GSM4104139_GAGGTGATCTAGAGTC-1,-0.29997119987097626
CXCR3-,HC,PST83775_PB,GSM4104139_GAGTCCGAGTATCGAA-1,0.05542128035961426
CXCR3-,HC,PST83775_PB,GSM4104139_GAGTCCGCAAGGACAC-1,-0.29997119987097626
CXCR3-,HC,PST83775_PB,GSM4104139_GAGTCCGTCCTGCTTG-1,0.2578745646223071
CXCR3-,HC,PST83775_PB,GSM4104139_GATCAGTCACTTGGAT-1,-0.21656235649511218
CXCR3-,HC,PST83775_PB,GSM4104139_GATCAGTGTAACGACG-1,0.27129781547697646
CXCR3-,HC,PST83775_PB,GSM4104139_GATCGATGTTGTACAC-1,-0.29997119987097626
CXCR3-,HC,PST83775_PB,GSM4104139_GATCGCGGTTCCACTC-1,0.23849542520573705
CXCR3-,HC,PST83775_PB,GSM4104139_GATCGCGTCCTTGACC-1,-0.29997119987097626
CXCR3-,HC,PST83775_PB,GSM4104139_GATCGTAGTAAGGATT-1,-0.011814026560359844
CXCR3-,HC,PST83775_PB,GSM4104139_GATCTAGAGGACTGGT-1,-0.29997119987097626
CXCR3-,HC,PST83775_PB,GSM4104139_GATCTAGAGTGGAGTC-1,-0.29997119987097626
CXCR3-,HC,PST83775_PB,GSM4104139_GATGAGGTCTAACTGG-1,0.015468450594661889
CXCR3-,HC,PST83775_PB,GSM4104139_GCAAACTGTCGTCTTC-1,-0.29997119987097626
CXCR3-,HC,PST83775_PB,GSM4104139_GCAATCACAAGTTCTG-1,-0.29997119987097626
CXCR3-,HC,PST83775_PB,GSM4104139_GCAATCATCGCGTTTC-1,-0.29997119987097626
CXCR3-,HC,PST83775_PB,GSM4104139_GCAATCATCTTCTGGC-1,0.08363954434429177
CXCR3-,HC,PST83775_PB,GSM4104139_GCACATACACTATCTT-1,-0.29997119987097626
CXCR3-,HC,PST83775_PB,GSM4104139_GCACATACACTGCCAG-1,0.2719131777074609
CXCR3-,HC,PST83775_PB,GSM4104139_GCACATATCGCATGGC-1,-0.21432215472352453
CXCR3-,HC,PST83775_PB,GSM4104139_GCACTCTAGCGGCTTC-1,0.202955367334358
CXCR3-,HC,PST83775_PB,GSM4104139_GCACTCTCATCTCCCA-1,-0.11970827367905734
CXCR3-,HC,PST83775_PB,GSM4104139_GCAGCCAAGAGACTTA-1,-0.29997119987097626
CXCR3-,HC,PST83775_PB,GSM4104139_GCAGCCAGTAGAAGGA-1,-0.15744689526923908
CXCR3-,HC,PST83775_PB,GSM4104139_GCAGCCATCAAACCGT-1,0.04032558270918517
CXCR3+,HC,PST83775_PB,GSM4104139_GCAGCCATCCCTCTTT-1,0.1377926455258993
CXCR3-,HC,PST83775_PB,GSM4104139_GCAGTTAAGCTAACAA-1,0.09305807393776223
CXCR3-,HC,PST83775_PB,GSM4104139_GCATACAAGCTGCGAA-1,0.594366429175091
CXCR3-,HC,PST83775_PB,GSM4104139_GCATACATCACCGGGT-1,-0.29997119987097626
CXCR3-,HC,PST83775_PB,GSM4104139_GCATACATCGACGGAA-1,-0.29997119987097626
CXCR3-,HC,PST83775_PB,GSM4104139_GCATGCGCAAGTTGTC-1,-0.08289078017489729
CXCR3-,HC,PST83775_PB,GSM4104139_GCATGCGTCACGCATA-1,-0.29997119987097626
CXCR3-,HC,PST83775_PB,GSM4104139_GCATGTACATCAGTAC-1,-0.29997119987097626
CXCR3-,HC,PST83775_PB,GSM4104139_GCCAAATCACTTCGAA-1,-0.29997119987097626
CXCR3-,HC,PST83775_PB,GSM4104139_GCCAAATTCGGCTACG-1,0.11905276873145922
CXCR3-,HC,PST83775_PB,GSM4104139_GCCTCTACAAACTGCT-1,-0.29997119987097626
CXCR3-,HC,PST83775_PB,GSM4104139_GCCTCTAGTTATTCTC-1,-0.29997119987097626
CXCR3-,HC,PST83775_PB,GSM4104139_GCCTCTAGTTGCGCAC-1,-0.29997119987097626
CXCR3-,HC,PST83775_PB,GSM4104139_GCGAGAAAGGATGTAT-1,0.4433972455619828
CXCR3-,HC,PST83775_PB,GSM4104139_GCGAGAAGTTGCGTTA-1,-0.06854114888619264
CXCR3-,HC,PST83775_PB,GSM4104139_GCGAGAATCAACGCTA-1,-0.29997119987097626
CXCR3-,HC,PST83775_PB,GSM4104139_GCGCAGTGTAGCAAAT-1,-0.29997119987097626
CXCR3-,HC,PST83775_PB,GSM4104139_GCGCAGTTCCGAGCCA-1,-0.29997119987097626
CXCR3-,HC,PST83775_PB,GSM4104139_GCGCCAAAGGACCACA-1,-0.29997119987097626
CXCR3-,HC,PST83775_PB,GSM4104139_GCGCGATGTACTTGAC-1,-0.29997119987097626
CXCR3-,HC,PST83775_PB,GSM4104139_GCGGGTTGTACTTCTT-1,-0.29997119987097626
CXCR3-,HC,PST83775_PB,GSM4104139_GCGGGTTTCCAAACAC-1,-0.29997119987097626
CXCR3-,HC,PST83775_PB,GSM4104139_GCTGCGAGTCGCATCG-1,-0.29997119987097626
CXCR3-,HC,PST83775_PB,GSM4104139_GCTGCTTGTAGCGCAA-1,0.023447507568815005
CXCR3-,HC,PST83775_PB,GSM4104139_GCTGCTTTCCTTCAAT-1,-0.12576523724046978
CXCR3-,HC,PST83775_PB,GSM4104139_GCTGGGTTCACTATTC-1,-0.29997119987097626
CXCR3-,HC,PST83775_PB,GSM4104139_GCTGGGTTCGCCGTGA-1,-0.29997119987097626
CXCR3-,HC,PST83775_PB,GSM4104139_GCTTGAAGTCTGGAGA-1,-0.29997119987097626
CXCR3-,HC,PST83775_PB,GSM4104139_GCTTGAATCGTGGTCG-1,-0.29997119987097626
CXCR3-,HC,PST83775_PB,GSM4104139_GGAAAGCGTTCTGGTA-1,0.3017290253906436
CXCR3-,HC,PST83775_PB,GSM4104139_GGAAAGCTCTGCCCTA-1,-0.29997119987097626
CXCR3-,HC,PST83775_PB,GSM4104139_GGAACTTAGGGATCTG-1,0.028184600051907545
CXCR3-,HC,PST83775_PB,GSM4104139_GGAATAACATTTCAGG-1,-0.29997119987097626
CXCR3-,HC,PST83775_PB,GSM4104139_GGACAAGGTTGGACCC-1,0.2544106054045097
CXCR3-,HC,PST83775_PB,GSM4104139_GGACGTCGTGAAAGAG-1,-0.29997119987097626
CXCR3-,HC,PST83775_PB,GSM4104139_GGAGCAACATTACGAC-1,-0.29997119987097626
CXCR3-,HC,PST83775_PB,GSM4104139_GGATGTTCACTGAAGG-1,0.06458615618639175
CXCR3-,HC,PST83775_PB,GSM4104139_GGATGTTCATCGGGTC-1,-0.29997119987097626
CXCR3-,HC,PST83775_PB,GSM4104139_GGATTACTCGAATGCT-1,-0.17182767597607077
CXCR3-,HC,PST83775_PB,GSM4104139_GGATTACTCGCGGATC-1,-0.17157745915621694
CXCR3-,HC,PST83775_PB,GSM4104139_GGCAATTGTTCACCTC-1,-0.09591292585928206
CXCR3-,HC,PST83775_PB,GSM4104139_GGCAATTTCTGTACGA-1,-0.29997119987097626
CXCR3-,HC,PST83775_PB,GSM4104139_GGCCGATAGAGACTAT-1,-0.019030621329718417
CXCR3-,HC,PST83775_PB,GSM4104139_GGCCGATTCAGAGACG-1,-0.21683182391811412
CXCR3-,HC,PST83775_PB,GSM4104139_GGCGTGTTCTGGTATG-1,-0.29997119987097626
CXCR3-,HC,PST83775_PB,GSM4104139_GGCTCGAGTAGCCTAT-1,-0.29997119987097626
CXCR3-,HC,PST83775_PB,GSM4104139_GGGAATGAGACCCACC-1,-0.29997119987097626
CXCR3-,HC,PST83775_PB,GSM4104139_GGGAATGGTAAAGGAG-1,-0.184782341528891
CXCR3-,HC,PST83775_PB,GSM4104139_GGGACCTGTAGCGTCC-1,-0.29997119987097626
CXCR3-,HC,PST83775_PB,GSM4104139_GGGACCTGTCAGAATA-1,-0.29997119987097626
CXCR3-,HC,PST83775_PB,GSM4104139_GGGAGATAGTGGAGTC-1,-0.29997119987097626
CXCR3-,HC,PST83775_PB,GSM4104139_GGGATGAAGCCTATGT-1,0.041810898772093825
CXCR3-,HC,PST83775_PB,GSM4104139_GGGCACTAGACGCACA-1,-0.29997119987097626
CXCR3-,HC,PST83775_PB,GSM4104139_GGGCACTAGTACCGGA-1,-0.29997119987097626
CXCR3+,HC,PST83775_PB,GSM4104139_GGGCACTAGTCCATAC-1,-0.29997119987097626
CXCR3-,HC,PST83775_PB,GSM4104139_GGGCATCTCTTGAGGT-1,-0.01133850181322021
CXCR3-,HC,PST83775_PB,GSM4104139_GGGTCTGAGATGTCGG-1,0.6946291971901167
CXCR3-,HC,PST83775_PB,GSM4104139_GGGTCTGAGGAGCGAG-1,-0.29997119987097626
CXCR3-,HC,PST83775_PB,GSM4104139_GGGTCTGCAATAGCAA-1,-0.061365044173475096
CXCR3-,HC,PST83775_PB,GSM4104139_GGGTCTGTCATGCATG-1,-0.29997119987097626
CXCR3-,HC,PST83775_PB,GSM4104139_GGGTTGCAGACACTAA-1,0.06086543664837935
CXCR3-,HC,PST83775_PB,GSM4104139_GGTATTGAGCTGTTCA-1,-0.29997119987097626
CXCR3-,HC,PST83775_PB,GSM4104139_GGTATTGCAACACGCC-1,-0.07258921086980871
CXCR3-,HC,PST83775_PB,GSM4104139_GGTGCGTAGGAATGGA-1,-0.29997119987097626
CXCR3-,HC,PST83775_PB,GSM4104139_GGTGCGTCATAGTAAG-1,-0.29997119987097626
CXCR3-,HC,PST83775_PB,GSM4104139_GGTGCGTTCTTGAGAC-1,-0.29997119987097626
CXCR3-,HC,PST83775_PB,GSM4104139_GGTGTTATCCGAATGT-1,-0.29997119987097626
CXCR3-,HC,PST83775_PB,GSM4104139_GTAACGTGTAAATACG-1,0.31415133957669844
CXCR3-,HC,PST83775_PB,GSM4104139_GTAACGTTCACCTCGT-1,0.25303739435665645
CXCR3-,HC,PST83775_PB,GSM4104139_GTAACTGCACAACTGT-1,0.022868110210282757
CXCR3-,HC,PST83775_PB,GSM4104139_GTACGTAAGGCTAGGT-1,0.09009163277801137
CXCR3-,HC,PST83775_PB,GSM4104139_GTACGTACATCCAACA-1,-0.29997119987097626
CXCR3-,HC,PST83775_PB,GSM4104139_GTACTCCAGTCCTCCT-1,-0.29997119987097626
CXCR3-,HC,PST83775_PB,GSM4104139_GTACTCCTCGCAAACT-1,-0.29997119987097626
CXCR3-,HC,PST83775_PB,GSM4104139_GTACTTTTCCCAAGTA-1,0.029159823924976735
CXCR3-,HC,PST83775_PB,GSM4104139_GTAGGCCTCCGAATGT-1,-0.29997119987097626
CXCR3-,HC,PST83775_PB,GSM4104139_GTAGTCAAGCTAACAA-1,-0.10436224550634478
CXCR3-,HC,PST83775_PB,GSM4104139_GTAGTCAGTCACTGGC-1,0.03496634809469116
CXCR3-,HC,PST83775_PB,GSM4104139_GTAGTCAGTTACGGAG-1,-0.29997119987097626
CXCR3-,HC,PST83775_PB,GSM4104139_GTAGTCATCCTTTCTC-1,-0.29997119987097626
CXCR3-,HC,PST83775_PB,GSM4104139_GTATCTTGTCATTAGC-1,0.13351525348313217
CXCR3-,HC,PST83775_PB,GSM4104139_GTATCTTTCTGCAGTA-1,-0.29997119987097626
CXCR3-,HC,PST83775_PB,GSM4104139_GTATTCTCACCAGGTC-1,0.3431941385167123
CXCR3-,HC,PST83775_PB,GSM4104139_GTATTCTCACGGTGTC-1,-0.29997119987097626
CXCR3-,HC,PST83775_PB,GSM4104139_GTATTCTGTCTGCGGT-1,-0.29997119987097626
CXCR3-,HC,PST83775_PB,GSM4104139_GTCAAGTTCGAGCCCA-1,-0.29997119987097626
CXCR3-,HC,PST83775_PB,GSM4104139_GTCACAACAGCCAATT-1,-0.07770218114413548
CXCR3-,HC,PST83775_PB,GSM4104139_GTCACAACATCGATGT-1,0.16196901047908024
CXCR3-,HC,PST83775_PB,GSM4104139_GTCACGGTCCCACTTG-1,0.09118579065590147
CXCR3-,HC,PST83775_PB,GSM4104139_GTCATTTGTGTCTGAT-1,-0.29997119987097626
CXCR3-,HC,PST83775_PB,GSM4104139_GTCATTTTCTCAAACG-1,-0.29997119987097626
CXCR3-,HC,PST83775_PB,GSM4104139_GTCGGGTCACATAACC-1,-0.29997119987097626
CXCR3-,HC,PST83775_PB,GSM4104139_GTCGGGTTCCAAATGC-1,0.0033024484625958322
CXCR3-,HC,PST83775_PB,GSM4104139_GTCGTAACAGCCAGAA-1,-0.29997119987097626
CXCR3-,HC,PST83775_PB,GSM4104139_GTCTCGTTCCGCAGTG-1,-0.006502694357287774
CXCR3-,HC,PST83775_PB,GSM4104139_GTCTTCGCAAGAAGAG-1,0.004283980279220437
CXCR3-,HC,PST83775_PB,GSM4104139_GTCTTCGTCGCCAAAT-1,0.03476910215491093
CXCR3-,HC,PST83775_PB,GSM4104139_GTGAAGGAGGATATAC-1,0.0033043142328747738
CXCR3-,HC,PST83775_PB,GSM4104139_GTGAAGGGTGCAGACA-1,-0.29997119987097626
CXCR3-,HC,PST83775_PB,GSM4104139_GTGAAGGTCTTACCGC-1,-0.29997119987097626
CXCR3-,HC,PST83775_PB,GSM4104139_GTGCATAGTAGCTGCC-1,-0.29997119987097626
CXCR3-,HC,PST83775_PB,GSM4104139_GTGCATAGTCCCTACT-1,-0.06627371604697004
CXCR3-,HC,PST83775_PB,GSM4104139_GTGCGGTAGGTAGCCA-1,-0.29997119987097626
CXCR3-,HC,PST83775_PB,GSM4104139_GTGCTTCCAAGTCATC-1,-0.17264114719554588
CXCR3-,HC,PST83775_PB,GSM4104139_GTGCTTCCACACCGAC-1,-0.29997119987097626
CXCR3-,HC,PST83775_PB,GSM4104139_GTGCTTCGTCCGTTAA-1,-0.29997119987097626
CXCR3-,HC,PST83775_PB,GSM4104139_GTGGGTCCAGCTGTTA-1,-0.29997119987097626
CXCR3-,HC,PST83775_PB,GSM4104139_GTGTTAGAGCTAGTCT-1,-0.29997119987097626
CXCR3-,HC,PST83775_PB,GSM4104139_GTGTTAGCAAGTTAAG-1,-0.29997119987097626
CXCR3-,HC,PST83775_PB,GSM4104139_GTGTTAGCAATGGATA-1,-0.29997119987097626
CXCR3-,HC,PST83775_PB,GSM4104139_GTGTTAGTCTCCCTGA-1,0.04855362141589027
CXCR3-,HC,PST83775_PB,GSM4104139_GTTAAGCGTCGAATCT-1,-0.29997119987097626
CXCR3-,HC,PST83775_PB,GSM4104139_GTTACAGAGTGATCGG-1,0.38469430488472717
CXCR3-,HC,PST83775_PB,GSM4104139_GTTCATTCACTTAAGC-1,0.36515646912773
CXCR3-,HC,PST83775_PB,GSM4104139_GTTCGGGGTCCGAGTC-1,-0.29997119987097626
CXCR3-,HC,PST83775_PB,GSM4104139_GTTCTCGGTGATAAAC-1,0.06355631423241596
CXCR3-,HC,PST83775_PB,GSM4104139_GTTCTCGTCAGTGTTG-1,-0.29997119987097626
CXCR3-,HC,PST83775_PB,GSM4104139_GTTTCTACAGCTGTTA-1,0.3909519546307777
CXCR3-,HC,PST83775_PB,GSM4104139_TAAGCGTCATGAGCGA-1,-0.29997119987097626
CXCR3-,HC,PST83775_PB,GSM4104139_TAAGTGCTCGTCGTTC-1,0.2727279617123375
CXCR3-,HC,PST83775_PB,GSM4104139_TACACGATCCCATTTA-1,-0.29997119987097626
CXCR3-,HC,PST83775_PB,GSM4104139_TACACGATCCCTAATT-1,-0.29997119987097626
CXCR3-,HC,PST83775_PB,GSM4104139_TACAGTGGTCCGTCAG-1,0.4541401646085976
CXCR3-,HC,PST83775_PB,GSM4104139_TACCTATCACGGTAGA-1,-0.18181304880123725
CXCR3-,HC,PST83775_PB,GSM4104139_TACCTTAAGTAGGTGC-1,-0.29997119987097626
CXCR3-,HC,PST83775_PB,GSM4104139_TACCTTATCCGATATG-1,-0.29997119987097626
CXCR3-,HC,PST83775_PB,GSM4104139_TACGGATCAGGTGCCT-1,-0.29997119987097626
CXCR3-,HC,PST83775_PB,GSM4104139_TACGGGCAGGATGGAA-1,-0.29997119987097626
CXCR3-,HC,PST83775_PB,GSM4104139_TACGGTATCGAATCCA-1,-0.062208286595348695
CXCR3-,HC,PST83775_PB,GSM4104139_TACTCATCATCACGAT-1,-0.29997119987097626
CXCR3-,HC,PST83775_PB,GSM4104139_TACTCATGTTTGTTGG-1,-0.29997119987097626
CXCR3-,HC,PST83775_PB,GSM4104139_TACTCGCAGTTGAGAT-1,-0.29997119987097626
CXCR3-,HC,PST83775_PB,GSM4104139_TACTCGCCAAAGCAAT-1,-0.29997119987097626
CXCR3-,HC,PST83775_PB,GSM4104139_TACTCGCTCCTGTAGA-1,-0.29997119987097626
CXCR3-,HC,PST83775_PB,GSM4104139_TACTTACGTATAATGG-1,-0.06903762328092518
CXCR3-,HC,PST83775_PB,GSM4104139_TACTTGTAGCGATCCC-1,-0.29997119987097626
CXCR3-,HC,PST83775_PB,GSM4104139_TACTTGTTCCGCTGTT-1,-0.29997119987097626
CXCR3-,HC,PST83775_PB,GSM4104139_TAGACCACAAGTTCTG-1,-0.29997119987097626
CXCR3-,HC,PST83775_PB,GSM4104139_TAGACCACAATAGCGG-1,-0.0013959132334294213
CXCR3-,HC,PST83775_PB,GSM4104139_TAGACCACACGAAACG-1,-0.29997119987097626
CXCR3-,HC,PST83775_PB,GSM4104139_TAGACCATCTCACATT-1,-0.08340052593755666
CXCR3-,HC,PST83775_PB,GSM4104139_TAGAGCTCAATCGGTT-1,-0.29997119987097626
CXCR3-,HC,PST83775_PB,GSM4104139_TAGAGCTTCGTTACAG-1,-0.29997119987097626
CXCR3-,HC,PST83775_PB,GSM4104139_TAGGCATAGTCATGCT-1,-0.18015606705312395
CXCR3-,HC,PST83775_PB,GSM4104139_TAGGCATCACGTCAGC-1,0.2658633919514516
CXCR3-,HC,PST83775_PB,GSM4104139_TAGTTGGTCAGTTAGC-1,-0.1278526450632403
CXCR3-,HC,PST83775_PB,GSM4104139_TATCTCACAGGCTCAC-1,-0.29997119987097626
CXCR3-,HC,PST83775_PB,GSM4104139_TATGCCCAGAAGGCCT-1,-0.08995631049325195
CXCR3-,HC,PST83775_PB,GSM4104139_TATTACCAGAAACGAG-1,0.013686071074615915
CXCR3-,HC,PST83775_PB,GSM4104139_TATTACCCATCAGTAC-1,-0.10587959399050122
CXCR3-,HC,PST83775_PB,GSM4104139_TCAACGAGTAGAGTGC-1,-0.29997119987097626
CXCR3-,HC,PST83775_PB,GSM4104139_TCAACGAGTTCGCGAC-1,-0.29997119987097626
CXCR3-,HC,PST83775_PB,GSM4104139_TCACGAAAGGCGCTCT-1,0.6103788274137665
CXCR3-,HC,PST83775_PB,GSM4104139_TCACGAAAGTGTACTC-1,-0.29997119987097626
CXCR3-,HC,PST83775_PB,GSM4104139_TCAGATGTCGGTGTCG-1,-0.29997119987097626
CXCR3-,HC,PST83775_PB,GSM4104139_TCAGCAAAGCGATGAC-1,-0.29997119987097626
CXCR3-,HC,PST83775_PB,GSM4104139_TCAGCTCTCCCTTGCA-1,-0.29997119987097626
CXCR3-,HC,PST83775_PB,GSM4104139_TCAGCTCTCTCTGTCG-1,-0.1508747334943074
CXCR3-,HC,PST83775_PB,GSM4104139_TCAGGATCACTTCGAA-1,-0.017722254431225822
CXCR3-,HC,PST83775_PB,GSM4104139_TCAGGATTCTGTGCAA-1,-0.29997119987097626
CXCR3-,HC,PST83775_PB,GSM4104139_TCAGGTAAGATAGGAG-1,-0.29997119987097626
CXCR3-,HC,PST83775_PB,GSM4104139_TCAGGTACAGAGTGTG-1,-0.29997119987097626
CXCR3-,HC,PST83775_PB,GSM4104139_TCAGGTAGTTGTCTTT-1,-0.17190443226223046
CXCR3-,HC,PST83775_PB,GSM4104139_TCAGGTATCCATTCTA-1,-0.29997119987097626
CXCR3-,HC,PST83775_PB,GSM4104139_TCATTACAGATGTTAG-1,-0.29997119987097626
CXCR3-,HC,PST83775_PB,GSM4104139_TCATTTGTCTTAGAGC-1,-0.29997119987097626
CXCR3-,HC,PST83775_PB,GSM4104139_TCCACACTCGCTAGCG-1,-0.29997119987097626
CXCR3+,HC,PST83775_PB,GSM4104139_TCCCGATAGCTGATAA-1,-0.29997119987097626
CXCR3-,HC,PST83775_PB,GSM4104139_TCCCGATAGGAGCGTT-1,-0.29997119987097626
CXCR3-,HC,PST83775_PB,GSM4104139_TCCCGATAGTAGGCCA-1,-0.29997119987097626
CXCR3-,HC,PST83775_PB,GSM4104139_TCCCGATGTGATGCCC-1,0.249284457552426
CXCR3-,HC,PST83775_PB,GSM4104139_TCCCGATTCGGTTCGG-1,-0.29997119987097626
CXCR3-,HC,PST83775_PB,GSM4104139_TCGAGGCGTAGTAGTA-1,0.16675729161047495
CXCR3-,HC,PST83775_PB,GSM4104139_TCGAGGCTCCATTCTA-1,-0.1571023417037296
CXCR3-,HC,PST83775_PB,GSM4104139_TCGAGGCTCGCAAACT-1,0.24092727335503533
CXCR3-,HC,PST83775_PB,GSM4104139_TCGCGAGAGCTGAACG-1,-0.29997119987097626
CXCR3-,HC,PST83775_PB,GSM4104139_TCGCGAGCAATGTAAG-1,-0.09044049135210994
CXCR3-,HC,PST83775_PB,GSM4104139_TCGCGAGTCTCTTATG-1,-0.29997119987097626
CXCR3-,HC,PST83775_PB,GSM4104139_TCGGGACAGAGCCTAG-1,-0.29997119987097626
CXCR3-,HC,PST83775_PB,GSM4104139_TCGGGACAGTGAATTG-1,-0.29997119987097626
CXCR3-,HC,PST83775_PB,GSM4104139_TCGTACCGTAAGTAGT-1,-0.11118661184518143
CXCR3-,HC,PST83775_PB,GSM4104139_TCGTACCTCCTCGCAT-1,-0.29997119987097626
CXCR3-,HC,PST83775_PB,GSM4104139_TCGTAGACAGGCAGTA-1,-0.29997119987097626
CXCR3-,HC,PST83775_PB,GSM4104139_TCGTAGAGTGCAGTAG-1,-0.17443542069403556
CXCR3-,HC,PST83775_PB,GSM4104139_TCTATTGCACACCGAC-1,-0.29997119987097626
CXCR3-,HC,PST83775_PB,GSM4104139_TCTATTGGTAATCGTC-1,-0.19233756743792157
CXCR3-,HC,PST83775_PB,GSM4104139_TCTATTGGTGGCAAAC-1,0.15771198968822817
CXCR3-,HC,PST83775_PB,GSM4104139_TCTCATACAAGCGATG-1,-0.29997119987097626
CXCR3-,HC,PST83775_PB,GSM4104139_TCTCTAACACCGTTGG-1,-0.11400551262496186
CXCR3-,HC,PST83775_PB,GSM4104139_TCTCTAATCCTTTCTC-1,-0.29997119987097626
CXCR3-,HC,PST83775_PB,GSM4104139_TCTGGAAGTAAGGATT-1,-0.29997119987097626
CXCR3-,HC,PST83775_PB,GSM4104139_TCTTTCCTCTCGAGTA-1,-0.29997119987097626
CXCR3-,HC,PST83775_PB,GSM4104139_TGAAAGACATTAGGCT-1,0.27542854599263916
CXCR3-,HC,PST83775_PB,GSM4104139_TGAAAGAGTCCGTTAA-1,0.0145724246795359
CXCR3-,HC,PST83775_PB,GSM4104139_TGACTAGCAAAGGTGC-1,-0.028091301606782276
CXCR3-,HC,PST83775_PB,GSM4104139_TGACTAGTCAAAGTAG-1,-0.29997119987097626
CXCR3-,HC,PST83775_PB,GSM4104139_TGACTTTGTGTTTGTG-1,-0.18904316513296093
CXCR3-,HC,PST83775_PB,GSM4104139_TGAGAGGAGAACTCGG-1,-0.29997119987097626
CXCR3-,HC,PST83775_PB,GSM4104139_TGAGCATAGAATGTTG-1,0.027262955520248124
CXCR3-,HC,PST83775_PB,GSM4104139_TGAGCATGTCTCCATC-1,0.08620732387518969
CXCR3-,HC,PST83775_PB,GSM4104139_TGATTTCTCGGATGTT-1,0.059846283721189844
CXCR3-,HC,PST83775_PB,GSM4104139_TGCCCATAGCGACGTA-1,-0.09008464387506081
CXCR3-,HC,PST83775_PB,GSM4104139_TGCCCATAGTATCTCG-1,-0.29997119987097626
CXCR3-,HC,PST83775_PB,GSM4104139_TGCCCATAGTTCGCGC-1,-0.29997119987097626
CXCR3-,HC,PST83775_PB,GSM4104139_TGCCCATCACAGAGGT-1,0.14437886330466587
CXCR3-,HC,PST83775_PB,GSM4104139_TGCCCTACACCAGATT-1,0.0218412447263488
CXCR3-,HC,PST83775_PB,GSM4104139_TGCCCTATCTCGCTTG-1,0.043762000421265865
CXCR3-,HC,PST83775_PB,GSM4104139_TGCGCAGAGCAATCTC-1,-0.29997119987097626
CXCR3-,HC,PST83775_PB,GSM4104139_TGCGCAGGTCCATGAT-1,-0.29997119987097626
CXCR3-,HC,PST83775_PB,GSM4104139_TGCGTGGCACGAAAGC-1,-0.29997119987097626
CXCR3-,HC,PST83775_PB,GSM4104139_TGCGTGGTCTAACCGA-1,-0.29997119987097626
CXCR3-,HC,PST83775_PB,GSM4104139_TGCTACCGTCGCATAT-1,0.1462689783695845
CXCR3-,HC,PST83775_PB,GSM4104139_TGCTACCTCCCATTAT-1,-0.29997119987097626
CXCR3-,HC,PST83775_PB,GSM4104139_TGCTACCTCGTGTAGT-1,-0.09083531949931424
CXCR3-,HC,PST83775_PB,GSM4104139_TGGCCAGTCAGGTTCA-1,0.6185347354445528
CXCR3-,HC,PST83775_PB,GSM4104139_TGGGAAGCAAGCTGTT-1,-0.29997119987097626
CXCR3-,HC,PST83775_PB,GSM4104139_TGGTTCCCAAGAAGAG-1,0.2913255553432307
CXCR3-,HC,PST83775_PB,GSM4104139_TGGTTCCGTACAGCAG-1,-0.29997119987097626
CXCR3-,HC,PST83775_PB,GSM4104139_TGTATTCGTTATTCTC-1,-0.29997119987097626
CXCR3-,HC,PST83775_PB,GSM4104139_TGTATTCTCTGCCAGG-1,-0.29997119987097626
CXCR3-,HC,PST83775_PB,GSM4104139_TGTCCCATCTAACTTC-1,-0.29997119987097626
CXCR3-,HC,PST83775_PB,GSM4104139_TGTGGTAGTAACGACG-1,-0.18801802509913493
CXCR3-,HC,PST83775_PB,GSM4104139_TGTTCCGGTCCAGTTA-1,-0.29997119987097626
CXCR3-,HC,PST83775_PB,GSM4104139_TTAACTCAGCTTATCG-1,-0.29997119987097626
CXCR3+,HC,PST83775_PB,GSM4104139_TTAACTCGTTGGTTTG-1,-0.29997119987097626
CXCR3-,HC,PST83775_PB,GSM4104139_TTAACTCGTTTGGGCC-1,-0.29997119987097626
CXCR3-,HC,PST83775_PB,GSM4104139_TTAACTCTCGCTTGTC-1,0.7942120071561007
CXCR3-,HC,PST83775_PB,GSM4104139_TTAGGCAGTCAGAGGT-1,-0.29997119987097626
CXCR3-,HC,PST83775_PB,GSM4104139_TTCCCAGTCAGAAATG-1,-0.050252573708880144
CXCR3-,HC,PST83775_PB,GSM4104139_TTCTACAGTGAGCGAT-1,-0.29997119987097626
CXCR3-,HC,PST83775_PB,GSM4104139_TTCTACATCAACGGGA-1,-0.29997119987097626
CXCR3-,HC,PST83775_PB,GSM4104139_TTCTCAACACTTCGAA-1,-0.29997119987097626
CXCR3-,HC,PST83775_PB,GSM4104139_TTCTCAAGTGGTTTCA-1,-0.29997119987097626
CXCR3-,HC,PST83775_PB,GSM4104139_TTCTCCTCATGTAGTC-1,-0.29997119987097626
CXCR3-,HC,PST83775_PB,GSM4104139_TTCTCCTGTGTGGCTC-1,-0.29997119987097626
CXCR3+,HC,PST83775_PB,GSM4104139_TTCTTAGTCCAACCAA-1,0.017145445622723514
CXCR3-,HC,PST83775_PB,GSM4104139_TTGAACGGTGGAAAGA-1,-0.14978587484182754
CXCR3-,HC,PST83775_PB,GSM4104139_TTGACTTTCTCGTTTA-1,-0.29997119987097626
CXCR3-,HC,PST83775_PB,GSM4104139_TTGCCGTAGCTGAAAT-1,-0.29997119987097626
CXCR3-,HC,PST83775_PB,GSM4104139_TTGCCGTCACTAAGTC-1,-0.29997119987097626
CXCR3-,HC,PST83775_PB,GSM4104139_TTGCCGTTCAACGGCC-1,0.044365501382844466
CXCR3-,HC,PST83775_PB,GSM4104139_TTGCCGTTCCAGTATG-1,-0.012357080695654462
CXCR3-,HC,PST83775_PB,GSM4104139_TTGCGTCCATCCGGGT-1,-0.29997119987097626
CXCR3-,HC,PST83775_PB,GSM4104139_TTGGAACCACGACGAA-1,-0.29997119987097626
CXCR3-,HC,PST83775_PB,GSM4104139_TTGGAACGTTATCACG-1,-0.29997119987097626
CXCR3-,HC,PST83775_PB,GSM4104139_TTGGCAAAGGTGATTA-1,-0.29997119987097626
CXCR3-,HC,PST83775_PB,GSM4104139_TTGGCAACAAAGCGGT-1,0.1455419538143818
CXCR3-,HC,PST83775_PB,GSM4104139_TTGGCAACATTGTGCA-1,0.003656417607558717
CXCR3-,HC,PST83775_PB,GSM4104139_TTGTAGGCAAGTACCT-1,-0.29997119987097626
CXCR3-,HC,PST83775_PB,GSM4104139_TTTACTGCAGTCACTA-1,-0.29997119987097626
CXCR3+,HC,PST83775_PB,GSM4104139_TTTACTGGTTGAACTC-1,0.12093696014639237
CXCR3-,HC,PST83775_PB,GSM4104139_TTTACTGTCACAAACC-1,0.11730797575916653
CXCR3-,HC,PST83775_PB,GSM4104139_TTTACTGTCGTAGGAG-1,-0.29997119987097626
CXCR3-,HC,PST83775_PB,GSM4104139_TTTCCTCAGTCTCGGC-1,0.2650783840999945
CXCR3-,HC,PST83775_PB,GSM4104139_TTTGGTTAGGGATGGG-1,-0.29997119987097626
CXCR3-,HC,PST83775_PB,GSM4104139_TTTGGTTTCACTATTC-1,-0.08476028195446882
CXCR3-,HC,PST95809_PB,GSM4104141_AAACCTGTCGTCTGCT-1,0.1422989704660343
CXCR3-,HC,PST95809_PB,GSM4104141_AAACGGGAGCCATCGC-1,-0.29997119987097626
CXCR3-,HC,PST95809_PB,GSM4104141_AAAGTAGAGGCATGGT-1,-0.29997119987097626
CXCR3-,HC,PST95809_PB,GSM4104141_AAATGCCAGGCAAAGA-1,-0.29997119987097626
CXCR3-,HC,PST95809_PB,GSM4104141_AACACGTGTCGCGTGT-1,-0.14344388347605808
CXCR3-,HC,PST95809_PB,GSM4104141_AACGTTGCAGTGAGTG-1,-0.29997119987097626
CXCR3-,HC,PST95809_PB,GSM4104141_AACTCAGGTGCACGAA-1,-0.29997119987097626
CXCR3-,HC,PST95809_PB,GSM4104141_AACTGGTCACCGCTAG-1,-0.14170453141505274
CXCR3-,HC,PST95809_PB,GSM4104141_AACTGGTGTTTGTTTC-1,0.0652534537017084
CXCR3-,HC,PST95809_PB,GSM4104141_AACTGGTTCACAACGT-1,0.7729057175193573
CXCR3-,HC,PST95809_PB,GSM4104141_AAGACCTTCCCAAGTA-1,-0.1422374654642153
CXCR3-,HC,PST95809_PB,GSM4104141_AAGGAGCCAGCTATTG-1,-0.29997119987097626
CXCR3-,HC,PST95809_PB,GSM4104141_AAGGTTCTCGTGTAGT-1,0.4901387776296388
CXCR3-,HC,PST95809_PB,GSM4104141_AAGTCTGAGCGATAGC-1,0.07454084338503975
CXCR3-,HC,PST95809_PB,GSM4104141_AATCGGTGTAGGACAC-1,0.33047134314220944
CXCR3-,HC,PST95809_PB,GSM4104141_AATCGGTGTTACGGAG-1,-0.29997119987097626
CXCR3-,HC,PST95809_PB,GSM4104141_ACACCCTGTAATCGTC-1,-0.29997119987097626
CXCR3-,HC,PST95809_PB,GSM4104141_ACACCCTTCCGCGCAA-1,-0.29997119987097626
CXCR3-,HC,PST95809_PB,GSM4104141_ACAGCTAAGATACACA-1,-0.07791951848228654
CXCR3-,HC,PST95809_PB,GSM4104141_ACAGCTAGTCAACATC-1,0.42563883410511466
CXCR3-,HC,PST95809_PB,GSM4104141_ACATCAGGTCATGCAT-1,-0.29997119987097626
CXCR3-,HC,PST95809_PB,GSM4104141_ACCCACTGTCGGCACT-1,0.42784725099291593
CXCR3-,HC,PST95809_PB,GSM4104141_ACCGTAAAGGACAGAA-1,0.03292041712581284
CXCR3-,HC,PST95809_PB,GSM4104141_ACCGTAATCTATCCCG-1,-0.29997119987097626
CXCR3-,HC,PST95809_PB,GSM4104141_ACGAGCCAGAGATGAG-1,-0.20610550504702804
CXCR3-,HC,PST95809_PB,GSM4104141_ACGAGCCAGTTTAGGA-1,-0.0029721971986449752
CXCR3-,HC,PST95809_PB,GSM4104141_ACGATGTTCGTCTGCT-1,0.07281097268240329
CXCR3-,HC,PST95809_PB,GSM4104141_ACGATGTTCTGTTTGT-1,-0.29997119987097626
CXCR3-,HC,PST95809_PB,GSM4104141_ACGCAGCGTATATCCG-1,0.01910203390312713
CXCR3-,HC,PST95809_PB,GSM4104141_ACGCCAGTCAGCATGT-1,-0.29997119987097626
CXCR3-,HC,PST95809_PB,GSM4104141_ACGGGCTAGCACCGCT-1,-0.12886665871481776
CXCR3-,HC,PST95809_PB,GSM4104141_ACGGGTCTCAAACCAC-1,-0.29997119987097626
CXCR3-,HC,PST95809_PB,GSM4104141_ACTATCTTCTAACTTC-1,0.17332358788636631
CXCR3-,HC,PST95809_PB,GSM4104141_ACTTGTTTCCTCGCAT-1,-0.29997119987097626
CXCR3-,HC,PST95809_PB,GSM4104141_ACTTTCAAGTAGCGGT-1,-0.29997119987097626
CXCR3+,HC,PST95809_PB,GSM4104141_ACTTTCATCTCTAGGA-1,-0.13003759935939754
CXCR3-,HC,PST95809_PB,GSM4104141_AGATTGCTCGGCTACG-1,0.09852997665632957
CXCR3-,HC,PST95809_PB,GSM4104141_AGCAGCCCAGGAATGC-1,-0.29997119987097626
CXCR3-,HC,PST95809_PB,GSM4104141_AGCATACAGTCTCAAC-1,-0.29997119987097626
CXCR3-,HC,PST95809_PB,GSM4104141_AGCATACGTGACAAAT-1,-0.030598481179962497
CXCR3-,HC,PST95809_PB,GSM4104141_AGCATACGTGTTTGTG-1,-0.29997119987097626
CXCR3-,HC,PST95809_PB,GSM4104141_AGCTCCTTCCATGCTC-1,-0.29997119987097626
CXCR3-,HC,PST95809_PB,GSM4104141_AGCTCTCCAATTGCTG-1,-0.29997119987097626
CXCR3-,HC,PST95809_PB,GSM4104141_AGCTTGACAGCATACT-1,0.28997532153201194
CXCR3-,HC,PST95809_PB,GSM4104141_AGCTTGAGTAAACACA-1,-0.29997119987097626
CXCR3-,HC,PST95809_PB,GSM4104141_AGCTTGAGTCATGCAT-1,-0.04345694303299891
CXCR3-,HC,PST95809_PB,GSM4104141_AGGCCACGTCAAAGCG-1,0.19844419510516526
CXCR3-,HC,PST95809_PB,GSM4104141_AGGGATGAGCCGGTAA-1,-0.29997119987097626
CXCR3-,HC,PST95809_PB,GSM4104141_AGGGTGAGTAGCTTGT-1,-0.09415519002993146
CXCR3-,HC,PST95809_PB,GSM4104141_AGGTCATGTGGGTATG-1,-0.29997119987097626
CXCR3-,HC,PST95809_PB,GSM4104141_AGGTCCGTCCTTTACA-1,0.06487051684031696
CXCR3-,HC,PST95809_PB,GSM4104141_AGTCTTTAGAGTGAGA-1,-0.29997119987097626
CXCR3-,HC,PST95809_PB,GSM4104141_AGTGAGGTCCGCATAA-1,0.25433443351046947
CXCR3-,HC,PST95809_PB,GSM4104141_AGTGGGACAGATCCAT-1,-0.14350514551724855
CXCR3-,HC,PST95809_PB,GSM4104141_ATAACGCGTATGGTTC-1,-0.29997119987097626
CXCR3-,HC,PST95809_PB,GSM4104141_ATCATCTAGGCATTGG-1,-0.29997119987097626
CXCR3-,HC,PST95809_PB,GSM4104141_ATCATGGAGGGTATCG-1,-0.012522512157520125
CXCR3-,HC,PST95809_PB,GSM4104141_ATCTACTAGTCCCACG-1,0.5375671688745141
CXCR3-,HC,PST95809_PB,GSM4104141_ATCTGCCAGCACCGCT-1,-0.29997119987097626
CXCR3-,HC,PST95809_PB,GSM4104141_ATGAGGGCATCCGTGG-1,-0.29997119987097626
CXCR3-,HC,PST95809_PB,GSM4104141_ATTACTCGTTCAACCA-1,-0.03897467684225069
CXCR3-,HC,PST95809_PB,GSM4104141_ATTATCCCACGTAAGG-1,0.05714321176338023
CXCR3-,HC,PST95809_PB,GSM4104141_ATTCTACCATTAACCG-1,-0.29997119987097626
CXCR3+,HC,PST95809_PB,GSM4104141_ATTGGACAGACAAAGG-1,0.21298099253798708
CXCR3-,HC,PST95809_PB,GSM4104141_CAACCAAGTAAGTGTA-1,0.5329031724094319
CXCR3-,HC,PST95809_PB,GSM4104141_CAACCTCGTAGAAAGG-1,-0.29997119987097626
CXCR3-,HC,PST95809_PB,GSM4104141_CAACTAGAGACTGTAA-1,-0.0972491164951057
CXCR3-,HC,PST95809_PB,GSM4104141_CAAGAAAAGGAGTCTG-1,-0.13194580587370902
CXCR3-,HC,PST95809_PB,GSM4104141_CAAGAAATCCTGCCAT-1,-0.07057951900679818
CXCR3-,HC,PST95809_PB,GSM4104141_CAAGGCCCATGCAACT-1,-0.29997119987097626
CXCR3-,HC,PST95809_PB,GSM4104141_CAAGGCCGTTAGGGTG-1,-0.29997119987097626
CXCR3-,HC,PST95809_PB,GSM4104141_CACACAATCCACGACG-1,-0.29997119987097626
CXCR3-,HC,PST95809_PB,GSM4104141_CAGAGAGAGAGACGAA-1,-0.29997119987097626
CXCR3-,HC,PST95809_PB,GSM4104141_CAGAGAGTCTAGCACA-1,-0.29997119987097626
CXCR3-,HC,PST95809_PB,GSM4104141_CAGATCATCCTGCTTG-1,-0.29997119987097626
CXCR3-,HC,PST95809_PB,GSM4104141_CAGCCGAGTGTGAAAT-1,0.6341189773525925
CXCR3-,HC,PST95809_PB,GSM4104141_CAGGTGCCATGACGGA-1,0.20163813343044756
CXCR3-,HC,PST95809_PB,GSM4104141_CAGTAACCAGACACTT-1,-0.29997119987097626
CXCR3-,HC,PST95809_PB,GSM4104141_CAGTAACTCGTACGGC-1,-0.29997119987097626
CXCR3-,HC,PST95809_PB,GSM4104141_CAGTCCTAGTGTTAGA-1,-0.16326785573021185
CXCR3-,HC,PST95809_PB,GSM4104141_CAGTCCTGTCATATCG-1,0.09243732020265796
CXCR3-,HC,PST95809_PB,GSM4104141_CATCAAGAGAAACCTA-1,0.0018644526424652483
CXCR3-,HC,PST95809_PB,GSM4104141_CATCGAAGTATAGTAG-1,-0.29997119987097626
CXCR3-,HC,PST95809_PB,GSM4104141_CATGCCTGTCCGCTGA-1,0.16808064345344492
CXCR3-,HC,PST95809_PB,GSM4104141_CATGGCGTCACAGGCC-1,-0.29997119987097626
CXCR3-,HC,PST95809_PB,GSM4104141_CCAATCCGTTCCATGA-1,-0.29997119987097626
CXCR3-,HC,PST95809_PB,GSM4104141_CCAATCCTCGTTTATC-1,-0.29997119987097626
CXCR3-,HC,PST95809_PB,GSM4104141_CCACTACGTCCGAACC-1,-0.017934229235207665
CXCR3-,HC,PST95809_PB,GSM4104141_CCAGCGACACCATCCT-1,-0.29997119987097626
CXCR3-,HC,PST95809_PB,GSM4104141_CCAGCGACATGTCCTC-1,-0.29997119987097626
CXCR3-,HC,PST95809_PB,GSM4104141_CCATGTCGTAAGTAGT-1,-0.14564356228850736
CXCR3-,HC,PST95809_PB,GSM4104141_CCCAATCTCTTGACGA-1,-0.028344189796579176
CXCR3-,HC,PST95809_PB,GSM4104141_CCCAGTTGTTAGAACA-1,-0.1850836940452656
CXCR3-,HC,PST95809_PB,GSM4104141_CCCATACAGGGTCGAT-1,-0.29997119987097626
CXCR3-,HC,PST95809_PB,GSM4104141_CCCTCCTCAATGACCT-1,-0.29997119987097626
CXCR3+,HC,PST95809_PB,GSM4104141_CCGTACTGTACTCTCC-1,0.006872831628020516
CXCR3-,HC,PST95809_PB,GSM4104141_CCTAAAGAGCCATCGC-1,-0.04808685312160093
CXCR3-,HC,PST95809_PB,GSM4104141_CCTAAAGGTCACCCAG-1,-0.15483925476196075
CXCR3-,HC,PST95809_PB,GSM4104141_CCTACCATCGTTACGA-1,-0.29997119987097626
CXCR3-,HC,PST95809_PB,GSM4104141_CCTAGCTAGTGCTGCC-1,-0.29997119987097626
CXCR3-,HC,PST95809_PB,GSM4104141_CCTATTAAGATATACG-1,-0.29997119987097626
CXCR3-,HC,PST95809_PB,GSM4104141_CCTATTATCAGCCTAA-1,0.06825002352471667
CXCR3-,HC,PST95809_PB,GSM4104141_CCTCAGTCATCCGTGG-1,-0.1829052524278875
CXCR3-,HC,PST95809_PB,GSM4104141_CCTCTGACAATAAGCA-1,-0.29997119987097626
CXCR3-,HC,PST95809_PB,GSM4104141_CCTCTGACATGTCTCC-1,-0.29997119987097626
CXCR3-,HC,PST95809_PB,GSM4104141_CCTCTGATCTGATACG-1,-0.06685934306527844
CXCR3-,HC,PST95809_PB,GSM4104141_CCTTCCCGTGAAAGAG-1,0.37539796389361335
CXCR3-,HC,PST95809_PB,GSM4104141_CCTTCGACATAGTAAG-1,0.4747118664823159
CXCR3-,HC,PST95809_PB,GSM4104141_CGAATGTGTTGCCTCT-1,-0.29997119987097626
CXCR3-,HC,PST95809_PB,GSM4104141_CGACCTTGTTCCCGAG-1,-0.29997119987097626
CXCR3-,HC,PST95809_PB,GSM4104141_CGAGAAGGTATATGAG-1,0.41060278421981444
CXCR3-,HC,PST95809_PB,GSM4104141_CGAGAAGTCCATGAGT-1,-0.29997119987097626
CXCR3-,HC,PST95809_PB,GSM4104141_CGATGGCCATTCCTGC-1,-0.004146548382330607
CXCR3-,HC,PST95809_PB,GSM4104141_CGATTGACAGCTCGAC-1,-0.016453274766636515
CXCR3-,HC,PST95809_PB,GSM4104141_CGCGTTTAGCCTTGAT-1,-0.29997119987097626
CXCR3-,HC,PST95809_PB,GSM4104141_CGCTTCACAATGACCT-1,0.363811776291237
CXCR3-,HC,PST95809_PB,GSM4104141_CGGACGTTCATAGCAC-1,-0.29997119987097626
CXCR3-,HC,PST95809_PB,GSM4104141_CGGACGTTCCGATATG-1,0.16175806084266384
CXCR3-,HC,PST95809_PB,GSM4104141_CGGAGCTAGTTGAGTA-1,-0.17449037721042013
CXCR3-,HC,PST95809_PB,GSM4104141_CGGGTCAAGACAGGCT-1,-0.29997119987097626
CXCR3-,HC,PST95809_PB,GSM4104141_CGGGTCAAGATATGGT-1,-0.29997119987097626
CXCR3+,HC,PST95809_PB,GSM4104141_CGTAGCGAGTCGTACT-1,0.011460128972985364
CXCR3-,HC,PST95809_PB,GSM4104141_CGTCTACTCATAGCAC-1,-0.29997119987097626
CXCR3-,HC,PST95809_PB,GSM4104141_CGTCTACTCGCTGATA-1,-0.16218893121063432
CXCR3-,HC,PST95809_PB,GSM4104141_CGTGAGCCATCTCCCA-1,-0.29997119987097626
CXCR3-,HC,PST95809_PB,GSM4104141_CGTGAGCTCATAGCAC-1,-0.08167690804822825
CXCR3-,HC,PST95809_PB,GSM4104141_CGTTCTGAGGTGCACA-1,0.2504628657195411
CXCR3-,HC,PST95809_PB,GSM4104141_CTAAGACAGCTTCGCG-1,-0.29997119987097626
CXCR3-,HC,PST95809_PB,GSM4104141_CTACACCTCTTGCATT-1,-0.29997119987097626
CXCR3-,HC,PST95809_PB,GSM4104141_CTACATTGTCCAGTGC-1,-0.29997119987097626
CXCR3-,HC,PST95809_PB,GSM4104141_CTACCCATCGCGGATC-1,-0.03004285227193382
CXCR3-,HC,PST95809_PB,GSM4104141_CTAGAGTAGCTCTCGG-1,-0.29997119987097626
CXCR3-,HC,PST95809_PB,GSM4104141_CTAGAGTCACGACGAA-1,0.15256587608600383
CXCR3-,HC,PST95809_PB,GSM4104141_CTAGCCTAGAGCTATA-1,-0.29997119987097626
CXCR3-,HC,PST95809_PB,GSM4104141_CTCACACTCGTTACAG-1,-0.29997119987097626
CXCR3-,HC,PST95809_PB,GSM4104141_CTCATTAAGTCTCAAC-1,-0.29997119987097626
CXCR3-,HC,PST95809_PB,GSM4104141_CTCGGAGCATCTCGCT-1,-0.29997119987097626
CXCR3-,HC,PST95809_PB,GSM4104141_CTCTAATAGTGCCATT-1,-0.29997119987097626
CXCR3-,HC,PST95809_PB,GSM4104141_CTCTACGGTGGTACAG-1,-0.29997119987097626
CXCR3-,HC,PST95809_PB,GSM4104141_CTGAAACCACCAGCAC-1,-0.29997119987097626
CXCR3-,HC,PST95809_PB,GSM4104141_CTGCTGTGTTGGTAAA-1,-0.29997119987097626
CXCR3-,HC,PST95809_PB,GSM4104141_CTGCTGTTCCCAAGAT-1,-0.29997119987097626
CXCR3-,HC,PST95809_PB,GSM4104141_CTGCTGTTCGCCGTGA-1,-0.29997119987097626
CXCR3-,HC,PST95809_PB,GSM4104141_CTTAACTTCTGTGCAA-1,-0.020693232152393704
CXCR3-,HC,PST95809_PB,GSM4104141_CTTAGGAAGCGATATA-1,-0.12476682523850612
CXCR3-,HC,PST95809_PB,GSM4104141_CTTAGGATCCTTGACC-1,0.6275106361610845
CXCR3-,HC,PST95809_PB,GSM4104141_CTTCTCTAGAAGGACA-1,-0.29997119987097626
CXCR3-,HC,PST95809_PB,GSM4104141_CTTCTCTAGGTAGCTG-1,0.7875891331795054
CXCR3-,HC,PST95809_PB,GSM4104141_CTTGGCTAGAGCCTAG-1,0.005159380689909224
CXCR3-,HC,PST95809_PB,GSM4104141_CTTGGCTTCTATCCCG-1,0.2426471874892719
CXCR3-,HC,PST95809_PB,GSM4104141_GAATGAACACCCAGTG-1,0.47603430644402717
CXCR3-,HC,PST95809_PB,GSM4104141_GAATGAAGTGCCTGGT-1,-0.29997119987097626
CXCR3-,HC,PST95809_PB,GSM4104141_GACAGAGGTGTTTGGT-1,-0.29997119987097626
CXCR3-,HC,PST95809_PB,GSM4104141_GACTACATCTGTGCAA-1,-0.16731277957136426
CXCR3-,HC,PST95809_PB,GSM4104141_GAGCAGAGTTATGCGT-1,0.10826358774608871
CXCR3-,HC,PST95809_PB,GSM4104141_GAGGTGACACGCCAGT-1,-0.29997119987097626
CXCR3-,HC,PST95809_PB,GSM4104141_GAGTCCGAGAAACCTA-1,-0.29997119987097626
CXCR3-,HC,PST95809_PB,GSM4104141_GATCAGTCAAGTAGTA-1,-0.29997119987097626
CXCR3-,HC,PST95809_PB,GSM4104141_GATCGATGTACAAGTA-1,-0.29997119987097626
CXCR3-,HC,PST95809_PB,GSM4104141_GATCGCGAGAGCCTAG-1,-0.29997119987097626
CXCR3-,HC,PST95809_PB,GSM4104141_GATCGCGCACTTCTGC-1,0.042688622993600114
CXCR3-,HC,PST95809_PB,GSM4104141_GATCTAGAGTCTCAAC-1,-0.29997119987097626
CXCR3-,HC,PST95809_PB,GSM4104141_GCAATCATCATCGGAT-1,-0.29997119987097626
CXCR3-,HC,PST95809_PB,GSM4104141_GCACATAAGTATTGGA-1,-0.29997119987097626
CXCR3-,HC,PST95809_PB,GSM4104141_GCACTCTCAGGATCGA-1,0.5498311662624749
CXCR3-,HC,PST95809_PB,GSM4104141_GCACTCTTCGCCAGCA-1,-0.29997119987097626
CXCR3-,HC,PST95809_PB,GSM4104141_GCACTCTTCTGTACGA-1,-0.17760491969443007
CXCR3-,HC,PST95809_PB,GSM4104141_GCAGCCACAAGCTGTT-1,-0.29997119987097626
CXCR3-,HC,PST95809_PB,GSM4104141_GCAGTTAAGAAACCGC-1,-0.29997119987097626
CXCR3-,HC,PST95809_PB,GSM4104141_GCATACAAGCGTGAAC-1,-0.29997119987097626
CXCR3-,HC,PST95809_PB,GSM4104141_GCATACATCCTCATTA-1,-0.29997119987097626
CXCR3-,HC,PST95809_PB,GSM4104141_GCATACATCGATAGAA-1,-0.29997119987097626
CXCR3-,HC,PST95809_PB,GSM4104141_GCCTCTACACAGCGTC-1,-0.08401642183550896
CXCR3-,HC,PST95809_PB,GSM4104141_GCGAGAAAGCCATCGC-1,-0.29997119987097626
CXCR3-,HC,PST95809_PB,GSM4104141_GCGAGAAAGGGCTTGA-1,-0.29997119987097626
CXCR3-,HC,PST95809_PB,GSM4104141_GCGCGATCACCCTATC-1,-0.29997119987097626
CXCR3-,HC,PST95809_PB,GSM4104141_GCGGGTTCAAAGGTGC-1,-0.29997119987097626
CXCR3+,HC,PST95809_PB,GSM4104141_GCTCCTATCAACACCA-1,-0.16969467398633672
CXCR3-,HC,PST95809_PB,GSM4104141_GCTCTGTCAATGGACG-1,-0.07253685059685609
CXCR3-,HC,PST95809_PB,GSM4104141_GCTGCGATCACGACTA-1,-0.29997119987097626
CXCR3-,HC,PST95809_PB,GSM4104141_GCTGCTTGTAACGTTC-1,-0.29997119987097626
CXCR3-,HC,PST95809_PB,GSM4104141_GCTGCTTGTCAGTGGA-1,-0.17404917799890782
CXCR3-,HC,PST95809_PB,GSM4104141_GCTGGGTCAATTCCTT-1,-0.29997119987097626
CXCR3-,HC,PST95809_PB,GSM4104141_GCTTCCAGTTGTGGCC-1,0.07607674079416107
CXCR3-,HC,PST95809_PB,GSM4104141_GGAAAGCCATTATCTC-1,-0.16463295496946576
CXCR3-,HC,PST95809_PB,GSM4104141_GGACAAGGTTCTGGTA-1,0.1441213580012965
CXCR3-,HC,PST95809_PB,GSM4104141_GGAGCAAGTCGAGATG-1,-0.29997119987097626
CXCR3-,HC,PST95809_PB,GSM4104141_GGAGCAATCCAAACAC-1,-0.29997119987097626
CXCR3-,HC,PST95809_PB,GSM4104141_GGCAATTCACACATGT-1,-0.29997119987097626
CXCR3-,HC,PST95809_PB,GSM4104141_GGCCGATCATATGGTC-1,-0.29997119987097626
CXCR3-,HC,PST95809_PB,GSM4104141_GGCGACTGTGTGGCTC-1,0.03566328189925394
CXCR3-,HC,PST95809_PB,GSM4104141_GGGAATGCATGTAGTC-1,-0.0046241279514726485
CXCR3-,HC,PST95809_PB,GSM4104141_GGGAATGGTTTGTTGG-1,-0.15615718104030415
CXCR3-,HC,PST95809_PB,GSM4104141_GGGACCTGTGAGTATA-1,-0.05795410326678868
CXCR3-,HC,PST95809_PB,GSM4104141_GGGAGATCATGCCTAA-1,0.20819798485248012
CXCR3-,HC,PST95809_PB,GSM4104141_GGGAGATTCGGAGCAA-1,-0.1074485724357085
CXCR3-,HC,PST95809_PB,GSM4104141_GGGATGACAGCTCGCA-1,0.0879651352024439
CXCR3-,HC,PST95809_PB,GSM4104141_GGGCACTTCAGGTAAA-1,-0.29997119987097626
CXCR3-,HC,PST95809_PB,GSM4104141_GGGTCTGCATCTGGTA-1,-0.29997119987097626
CXCR3-,HC,PST95809_PB,GSM4104141_GGGTTGCCAAGCCGTC-1,0.21676214314021297
CXCR3-,HC,PST95809_PB,GSM4104141_GGTGAAGCATACAGCT-1,-0.004213755279819994
CXCR3-,HC,PST95809_PB,GSM4104141_GGTGTTAAGGATGGTC-1,0.08623838672086472
CXCR3-,HC,PST95809_PB,GSM4104141_GGTGTTATCTTACCGC-1,-0.29997119987097626
CXCR3-,HC,PST95809_PB,GSM4104141_GTACTCCTCTGCAGTA-1,0.00289439036652198
CXCR3-,HC,PST95809_PB,GSM4104141_GTACTTTGTCCAGTTA-1,-0.1439020068099119
CXCR3-,HC,PST95809_PB,GSM4104141_GTCAAGTGTCAGCTAT-1,-0.16756166027629632
CXCR3+,HC,PST95809_PB,GSM4104141_GTCATTTCAAAGAATC-1,-0.1461746328089634
CXCR3-,HC,PST95809_PB,GSM4104141_GTCCTCAAGCGATCCC-1,-0.29997119987097626
CXCR3-,HC,PST95809_PB,GSM4104141_GTCTCGTTCCCTCAGT-1,-0.29997119987097626
CXCR3-,HC,PST95809_PB,GSM4104141_GTCTCGTTCCTCAATT-1,-0.29997119987097626
CXCR3-,HC,PST95809_PB,GSM4104141_GTGAAGGAGGTACTCT-1,0.2905365704599584
CXCR3-,HC,PST95809_PB,GSM4104141_GTGAAGGCAGACGCAA-1,-0.14759732753096896
CXCR3-,HC,PST95809_PB,GSM4104141_GTGAAGGCAGTTCCCT-1,0.7070134365523632
CXCR3+,HC,PST95809_PB,GSM4104141_GTGCATACAAACAACA-1,-0.00797355072220074
CXCR3-,HC,PST95809_PB,GSM4104141_GTGCATAGTCTAGTGT-1,-0.29997119987097626
CXCR3-,HC,PST95809_PB,GSM4104141_GTGCTTCAGGATTCGG-1,-0.17358583912873685
CXCR3-,HC,PST95809_PB,GSM4104141_GTGCTTCAGTTTAGGA-1,-0.29997119987097626
CXCR3-,HC,PST95809_PB,GSM4104141_GTGGGTCTCTCGAGTA-1,0.024702889461729254
CXCR3-,HC,PST95809_PB,GSM4104141_GTGTGCGTCGACGGAA-1,-0.29997119987097626
CXCR3-,HC,PST95809_PB,GSM4104141_GTTACAGAGAGAGCTC-1,-0.29997119987097626
CXCR3-,HC,PST95809_PB,GSM4104141_GTTACAGTCAGCGATT-1,-0.13033656093328064
CXCR3-,HC,PST95809_PB,GSM4104141_GTTCATTGTCAGCTAT-1,0.3308310018753074
CXCR3+,HC,PST95809_PB,GSM4104141_TAAACCGTCTTGCAAG-1,0.3280296185103491
CXCR3-,HC,PST95809_PB,GSM4104141_TAAGCGTGTTTGACTG-1,-0.29997119987097626
CXCR3-,HC,PST95809_PB,GSM4104141_TAAGCGTTCTTTACAC-1,-0.29997119987097626
CXCR3-,HC,PST95809_PB,GSM4104141_TAAGTGCTCGAATGCT-1,-0.29997119987097626
CXCR3-,HC,PST95809_PB,GSM4104141_TACACGAAGAGACTAT-1,-0.29997119987097626
CXCR3-,HC,PST95809_PB,GSM4104141_TACAGTGTCTCTTGAT-1,0.2706273712319528
CXCR3-,HC,PST95809_PB,GSM4104141_TACCTTAGTGTTTGTG-1,0.08093392518098144
CXCR3-,HC,PST95809_PB,GSM4104141_TACGGATCAGCTCGCA-1,-0.29997119987097626
CXCR3-,HC,PST95809_PB,GSM4104141_TACGGTACACGGTTTA-1,-0.29997119987097626
CXCR3-,HC,PST95809_PB,GSM4104141_TACTCATTCCTGCTTG-1,-0.29997119987097626
CXCR3-,HC,PST95809_PB,GSM4104141_TACTTGTGTGTTGAGG-1,-0.29997119987097626
CXCR3-,HC,PST95809_PB,GSM4104141_TAGACCAAGAAGGACA-1,-0.15079282027336222
CXCR3-,HC,PST95809_PB,GSM4104141_TAGACCAGTAACGACG-1,-0.29997119987097626
CXCR3-,HC,PST95809_PB,GSM4104141_TAGAGCTCACAAGTAA-1,-0.29997119987097626
CXCR3-,HC,PST95809_PB,GSM4104141_TAGCCGGCATGGAATA-1,-0.29997119987097626
CXCR3-,HC,PST95809_PB,GSM4104141_TAGCCGGTCCCAGGTG-1,-0.031121530775106487
CXCR3-,HC,PST95809_PB,GSM4104141_TAGTTGGAGATGAGAG-1,-0.29997119987097626
CXCR3-,HC,PST95809_PB,GSM4104141_TATCTCAAGGTCATCT-1,-0.29997119987097626
CXCR3-,HC,PST95809_PB,GSM4104141_TATGCCCCAAGCTGGA-1,-0.29997119987097626
CXCR3+,HC,PST95809_PB,GSM4104141_TATTACCGTACGAAAT-1,-0.18481098337570448
CXCR3-,HC,PST95809_PB,GSM4104141_TCACAAGAGAAACCAT-1,-0.29997119987097626
CXCR3-,HC,PST95809_PB,GSM4104141_TCACAAGTCATGCAAC-1,-0.29997119987097626
CXCR3-,HC,PST95809_PB,GSM4104141_TCACGAATCACAAACC-1,-0.29997119987097626
CXCR3-,HC,PST95809_PB,GSM4104141_TCAGCTCCATACTACG-1,-0.29997119987097626
CXCR3-,HC,PST95809_PB,GSM4104141_TCAGGATAGCCCGAAA-1,-0.29997119987097626
CXCR3+,HC,PST95809_PB,GSM4104141_TCATTACAGATACACA-1,0.12876972281156016
CXCR3-,HC,PST95809_PB,GSM4104141_TCCACACTCAACGGGA-1,-0.29997119987097626
CXCR3-,HC,PST95809_PB,GSM4104141_TCGCGAGAGGGTCGAT-1,0.044175132833868966
CXCR3+,HC,PST95809_PB,GSM4104141_TCGCGAGCAAACCTAC-1,0.3910325807852368
CXCR3-,HC,PST95809_PB,GSM4104141_TCGCGTTAGGTCGGAT-1,-0.0035983912332595252
CXCR3-,HC,PST95809_PB,GSM4104141_TCTCATAAGCTCCTCT-1,-0.29997119987097626
CXCR3-,HC,PST95809_PB,GSM4104141_TCTGAGATCAGCTCTC-1,-0.10811372326058755
CXCR3-,HC,PST95809_PB,GSM4104141_TCTGGAAAGACCGGAT-1,-0.29997119987097626
CXCR3-,HC,PST95809_PB,GSM4104141_TGACAACTCGTACCGG-1,0.15733011322761284
CXCR3-,HC,PST95809_PB,GSM4104141_TGACGGCAGTGTACCT-1,0.5241374809778526
CXCR3-,HC,PST95809_PB,GSM4104141_TGACGGCTCCAAACAC-1,-0.29997119987097626
CXCR3-,HC,PST95809_PB,GSM4104141_TGACTAGCAAACAACA-1,0.3686166475010769
CXCR3-,HC,PST95809_PB,GSM4104141_TGACTTTTCTCTTGAT-1,-0.29997119987097626
CXCR3-,HC,PST95809_PB,GSM4104141_TGAGAGGCAGTCACTA-1,0.08340793601661037
CXCR3-,HC,PST95809_PB,GSM4104141_TGAGAGGGTCCAGTAT-1,-0.05377482694443585
CXCR3-,HC,PST95809_PB,GSM4104141_TGAGAGGTCAATAAGG-1,-0.29997119987097626
CXCR3-,HC,PST95809_PB,GSM4104141_TGATTTCTCGATAGAA-1,-0.29997119987097626
CXCR3-,HC,PST95809_PB,GSM4104141_TGCACCTAGCTAGTCT-1,-0.05618001247472236
CXCR3-,HC,PST95809_PB,GSM4104141_TGCACCTGTGGCTCCA-1,-0.07309965970685559
CXCR3-,HC,PST95809_PB,GSM4104141_TGCGTGGGTTTGACAC-1,-0.1769084756516481
CXCR3-,HC,PST95809_PB,GSM4104141_TGGCCAGGTTTCGCTC-1,-0.29997119987097626
CXCR3+,HC,PST95809_PB,GSM4104141_TGGGAAGGTCTGGTCG-1,0.22557448700828017
CXCR3-,HC,PST95809_PB,GSM4104141_TGTCCCAGTCGAGATG-1,-0.29997119987097626
CXCR3-,HC,PST95809_PB,GSM4104141_TGTGGTACAGCTCGCA-1,-0.29997119987097626
CXCR3-,HC,PST95809_PB,GSM4104141_TGTGTTTGTGATAAGT-1,0.4559056333439143
CXCR3-,HC,PST95809_PB,GSM4104141_TGTTCCGAGGGATCTG-1,-0.29997119987097626
CXCR3-,HC,PST95809_PB,GSM4104141_TTAGGACAGTACGACG-1,-0.29997119987097626
CXCR3-,HC,PST95809_PB,GSM4104141_TTAGTTCGTGGTCTCG-1,1.0725949676625581
CXCR3-,HC,PST95809_PB,GSM4104141_TTATGCTAGATCGATA-1,0.6025509076931408
CXCR3-,HC,PST95809_PB,GSM4104141_TTCCCAGAGCATGGCA-1,-0.29997119987097626
CXCR3-,HC,PST95809_PB,GSM4104141_TTCCCAGTCCACTCCA-1,-0.29997119987097626
CXCR3-,HC,PST95809_PB,GSM4104141_TTCGAAGCAAGCCATT-1,-0.29997119987097626
CXCR3-,HC,PST95809_PB,GSM4104141_TTCGGTCAGATGAGAG-1,-0.04165771190472941
CXCR3-,HC,PST95809_PB,GSM4104141_TTCGGTCAGCGAAGGG-1,0.13893315569493883
CXCR3-,HC,PST95809_PB,GSM4104141_TTCGGTCTCGTACGGC-1,0.3184317844126628
CXCR3-,HC,PST95809_PB,GSM4104141_TTCTCAAAGTTGAGTA-1,0.41887327426471815
CXCR3-,HC,PST95809_PB,GSM4104141_TTGACTTGTACATCCA-1,-0.29997119987097626
CXCR3-,HC,PST95809_PB,GSM4104141_TTGACTTTCCTCGCAT-1,-0.29997119987097626
CXCR3-,HC,PST95809_PB,GSM4104141_TTGCGTCGTTAAGATG-1,-0.17683834133856527
CXCR3-,HC,PST95809_PB,GSM4104141_TTGTAGGGTTGCCTCT-1,-0.29997119987097626
CXCR3-,HC,PST95809_PB,GSM4104141_TTTACTGCAGTCGTGC-1,-0.1115631383370778
CXCR3-,HC,PST95809_PB,GSM4104141_TTTACTGGTAGAGGAA-1,0.3015609843714781
CXCR3-,HC,PST95809_PB,GSM4104141_TTTGCGCGTCGCTTCT-1,-0.29997119987097626
CXCR3-,HC,PTC32190_PB,GSM4104140_AAACCTGTCAACACAC-1,-0.29997119987097626
CXCR3-,HC,PTC32190_PB,GSM4104140_AAACCTGTCGCGTTTC-1,-0.29997119987097626
CXCR3-,HC,PTC32190_PB,GSM4104140_AAAGCAACAGGATCGA-1,-0.29997119987097626
CXCR3-,HC,PTC32190_PB,GSM4104140_AAAGTAGGTCTTCGTC-1,-0.29997119987097626
CXCR3-,HC,PTC32190_PB,GSM4104140_AAAGTAGTCAAACAAG-1,-0.041748137417488784
CXCR3-,HC,PTC32190_PB,GSM4104140_AAATGCCAGGACCACA-1,-0.29997119987097626
CXCR3-,HC,PTC32190_PB,GSM4104140_AACCGCGCAGTTTACG-1,0.8585628430513453
CXCR3-,HC,PTC32190_PB,GSM4104140_AACTCCCAGCCGGTAA-1,-0.29997119987097626
CXCR3-,HC,PTC32190_PB,GSM4104140_AACTCCCTCTGCCCTA-1,-0.29997119987097626
CXCR3-,HC,PTC32190_PB,GSM4104140_AAGGAGCCAAGTCTAC-1,-0.01269156919379338
CXCR3-,HC,PTC32190_PB,GSM4104140_AAGGCAGTCACTTATC-1,-0.29997119987097626
CXCR3-,HC,PTC32190_PB,GSM4104140_AAGGTTCGTCACCTAA-1,-0.16445858025187782
CXCR3-,HC,PTC32190_PB,GSM4104140_AATCCAGAGCTATGCT-1,-0.29997119987097626
CXCR3-,HC,PTC32190_PB,GSM4104140_ACACCAAAGACTGTAA-1,-0.29997119987097626
CXCR3-,HC,PTC32190_PB,GSM4104140_ACACCCTAGCTAGTCT-1,0.12808460790989046
CXCR3-,HC,PTC32190_PB,GSM4104140_ACACCCTAGGATTCGG-1,-0.29997119987097626
CXCR3-,HC,PTC32190_PB,GSM4104140_ACACCCTTCGGTCCGA-1,0.3250098005916506
CXCR3-,HC,PTC32190_PB,GSM4104140_ACACCGGCAAGAAGAG-1,0.07943709591830768
CXCR3-,HC,PTC32190_PB,GSM4104140_ACACCGGCAAGACGTG-1,-0.29997119987097626
CXCR3-,HC,PTC32190_PB,GSM4104140_ACACCGGGTACAGTGG-1,-0.23491469778561933
CXCR3-,HC,PTC32190_PB,GSM4104140_ACAGCCGGTACGACCC-1,-0.29997119987097626
CXCR3-,HC,PTC32190_PB,GSM4104140_ACAGCCGGTATTCTCT-1,-0.29997119987097626
CXCR3-,HC,PTC32190_PB,GSM4104140_ACATCAGGTGTGGTTT-1,-0.29997119987097626
CXCR3-,HC,PTC32190_PB,GSM4104140_ACATGGTTCCTTTCGG-1,-0.29997119987097626
CXCR3-,HC,PTC32190_PB,GSM4104140_ACCAGTAGTATCTGCA-1,-0.29997119987097626
CXCR3-,HC,PTC32190_PB,GSM4104140_ACCGTAATCTCCAACC-1,-0.29997119987097626
CXCR3-,HC,PTC32190_PB,GSM4104140_ACGAGCCAGTTGTAGA-1,-0.29997119987097626
CXCR3-,HC,PTC32190_PB,GSM4104140_ACGAGCCGTAGCTCCG-1,-0.29997119987097626
CXCR3-,HC,PTC32190_PB,GSM4104140_ACGAGCCTCTTGCCGT-1,-0.29997119987097626
CXCR3-,HC,PTC32190_PB,GSM4104140_ACGCCAGCAAAGGAAG-1,-0.10724271697531636
CXCR3-,HC,PTC32190_PB,GSM4104140_ACGCCAGCAATGTTGC-1,-0.29997119987097626
CXCR3-,HC,PTC32190_PB,GSM4104140_ACGCCAGCATCAGTAC-1,-0.29997119987097626
CXCR3-,HC,PTC32190_PB,GSM4104140_ACGCCGAGTTGCCTCT-1,0.7132115941562177
CXCR3-,HC,PTC32190_PB,GSM4104140_ACGGAGATCACCTTAT-1,-0.29997119987097626
CXCR3-,HC,PTC32190_PB,GSM4104140_ACGGAGATCTGGCGTG-1,-0.29997119987097626
CXCR3-,HC,PTC32190_PB,GSM4104140_ACGGCCAAGCAATATG-1,-0.29997119987097626
CXCR3-,HC,PTC32190_PB,GSM4104140_ACGGGCTGTGATAAAC-1,-0.29997119987097626
CXCR3-,HC,PTC32190_PB,GSM4104140_ACGGGTCTCCTGTACC-1,-0.29997119987097626
CXCR3-,HC,PTC32190_PB,GSM4104140_ACTATCTCAAACTGCT-1,-0.29997119987097626
CXCR3-,HC,PTC32190_PB,GSM4104140_ACTATCTTCCGCATCT-1,0.7478068758470112
CXCR3-,HC,PTC32190_PB,GSM4104140_ACTGAACAGAAACGAG-1,-0.18531672554850434
CXCR3-,HC,PTC32190_PB,GSM4104140_ACTGAACAGGAATCGC-1,-0.15737323314395074
CXCR3-,HC,PTC32190_PB,GSM4104140_ACTGAACCAAAGTCAA-1,0.01878000356254796
CXCR3-,HC,PTC32190_PB,GSM4104140_ACTGAACGTCTCCATC-1,-0.29997119987097626
CXCR3-,HC,PTC32190_PB,GSM4104140_ACTGTCCGTGTTGAGG-1,-0.12028278840036828
CXCR3-,HC,PTC32190_PB,GSM4104140_ACTTTCATCTTCGGTC-1,0.11830104298833896
CXCR3-,HC,PTC32190_PB,GSM4104140_AGAATAGCAGTACACT-1,-0.29997119987097626
CXCR3-,HC,PTC32190_PB,GSM4104140_AGAGCTTAGGGATCTG-1,-0.29997119987097626
CXCR3-,HC,PTC32190_PB,GSM4104140_AGAGTGGCAAACCTAC-1,-0.29997119987097626
CXCR3-,HC,PTC32190_PB,GSM4104140_AGATCTGAGAGTACCG-1,-0.29997119987097626
CXCR3-,HC,PTC32190_PB,GSM4104140_AGATCTGGTCGCCATG-1,-0.29997119987097626
CXCR3-,HC,PTC32190_PB,GSM4104140_AGATTGCTCAGCCTAA-1,-0.29997119987097626
CXCR3-,HC,PTC32190_PB,GSM4104140_AGCAGCCCACATTCGA-1,-0.29997119987097626
CXCR3-,HC,PTC32190_PB,GSM4104140_AGCATACCACTTCTGC-1,-0.29997119987097626
CXCR3-,HC,PTC32190_PB,GSM4104140_AGCATACCAGTCAGAG-1,-0.29997119987097626
CXCR3-,HC,PTC32190_PB,GSM4104140_AGCATACTCCAGTAGT-1,0.17925785252918186
CXCR3-,HC,PTC32190_PB,GSM4104140_AGCCTAAAGCGGCTTC-1,-0.29997119987097626
CXCR3-,HC,PTC32190_PB,GSM4104140_AGCGGTCAGAACAATC-1,-0.29997119987097626
CXCR3-,HC,PTC32190_PB,GSM4104140_AGCGGTCCAAAGTCAA-1,-0.29997119987097626
CXCR3+,HC,PTC32190_PB,GSM4104140_AGCGGTCTCCTGCAGG-1,0.13882425125280937
CXCR3-,HC,PTC32190_PB,GSM4104140_AGCGTATGTGAGGCTA-1,-0.29997119987097626
CXCR3-,HC,PTC32190_PB,GSM4104140_AGCGTCGGTTCAACCA-1,-0.29997119987097626
CXCR3-,HC,PTC32190_PB,GSM4104140_AGCTCTCGTTGACGTT-1,-0.29997119987097626
CXCR3-,HC,PTC32190_PB,GSM4104140_AGCTTGACAAATCCGT-1,-0.16311172952958078
CXCR3-,HC,PTC32190_PB,GSM4104140_AGCTTGACAGACTCGC-1,-0.29997119987097626
CXCR3-,HC,PTC32190_PB,GSM4104140_AGGCCACGTATGCTTG-1,-0.16361211628806308
CXCR3-,HC,PTC32190_PB,GSM4104140_AGGCCGTAGGATGCGT-1,-0.29997119987097626
CXCR3-,HC,PTC32190_PB,GSM4104140_AGGGAGTCAAAGGCGT-1,-0.0029415592125348056
CXCR3+,HC,PTC32190_PB,GSM4104140_AGGGATGCATAGGATA-1,0.3281754659799763
CXCR3-,HC,PTC32190_PB,GSM4104140_AGGGTGAAGGATATAC-1,-0.29997119987097626
CXCR3-,HC,PTC32190_PB,GSM4104140_AGGGTGAGTCCTAGCG-1,-0.29997119987097626
CXCR3-,HC,PTC32190_PB,GSM4104140_AGGTCCGAGACTTTCG-1,1.0441686714223093
CXCR3-,HC,PTC32190_PB,GSM4104140_AGTAGTCCATACTACG-1,-0.13629531703578326
CXCR3-,HC,PTC32190_PB,GSM4104140_AGTAGTCGTGCATCTA-1,-0.29997119987097626
CXCR3-,HC,PTC32190_PB,GSM4104140_AGTGGGATCACAGGCC-1,-0.29997119987097626
CXCR3-,HC,PTC32190_PB,GSM4104140_AGTGGGATCTATGTGG-1,0.014978048343761421
CXCR3-,HC,PTC32190_PB,GSM4104140_AGTTGGTAGCTTCGCG-1,1.0159016274703512
CXCR3-,HC,PTC32190_PB,GSM4104140_AGTTGGTGTCTGATCA-1,-0.29997119987097626
CXCR3-,HC,PTC32190_PB,GSM4104140_ATAAGAGTCAGGCAAG-1,-0.29997119987097626
CXCR3-,HC,PTC32190_PB,GSM4104140_ATAGACCTCTGAAAGA-1,-0.29997119987097626
CXCR3-,HC,PTC32190_PB,GSM4104140_ATCACGAGTCAGAATA-1,-0.039892540762404505
CXCR3-,HC,PTC32190_PB,GSM4104140_ATCATGGGTTCTGTTT-1,-0.29997119987097626
CXCR3-,HC,PTC32190_PB,GSM4104140_ATCCACCGTTGGGACA-1,-0.07563232354775329
CXCR3-,HC,PTC32190_PB,GSM4104140_ATCCGAACATTCTTAC-1,-0.29997119987097626
CXCR3-,HC,PTC32190_PB,GSM4104140_ATGGGAGAGTGGTAAT-1,-0.29997119987097626
CXCR3-,HC,PTC32190_PB,GSM4104140_ATGGGAGGTGACGCCT-1,-0.29997119987097626
CXCR3-,HC,PTC32190_PB,GSM4104140_ATTACTCTCTGTTGAG-1,-0.29997119987097626
CXCR3-,HC,PTC32190_PB,GSM4104140_ATTGGACAGCAATATG-1,-0.29997119987097626
CXCR3-,HC,PTC32190_PB,GSM4104140_ATTGGACCATAGACTC-1,0.27817780609562603
CXCR3-,HC,PTC32190_PB,GSM4104140_ATTGGTGCAATAACGA-1,-0.29997119987097626
CXCR3-,HC,PTC32190_PB,GSM4104140_CAACCAAAGGCTCATT-1,-0.29997119987097626
CXCR3-,HC,PTC32190_PB,GSM4104140_CAACCAATCTGTCAAG-1,-0.29997119987097626
CXCR3-,HC,PTC32190_PB,GSM4104140_CAACCTCTCAACGAAA-1,0.5338151107810035
CXCR3-,HC,PTC32190_PB,GSM4104140_CAACTAGGTCAGAATA-1,0.3710703634307432
CXCR3-,HC,PTC32190_PB,GSM4104140_CAAGATCCAAAGCAAT-1,-0.00806500500495492
CXCR3+,HC,PTC32190_PB,GSM4104140_CAAGATCCAATCTACG-1,-0.13147466524262377
CXCR3-,HC,PTC32190_PB,GSM4104140_CAAGGCCCATGCTGGC-1,-0.29997119987097626
CXCR3-,HC,PTC32190_PB,GSM4104140_CACACCTTCTGGAGCC-1,-0.29997119987097626
CXCR3-,HC,PTC32190_PB,GSM4104140_CACATTTCACGGCCAT-1,0.17345629437133708
CXCR3-,HC,PTC32190_PB,GSM4104140_CACCAGGGTTGTTTGG-1,-0.29997119987097626
CXCR3-,HC,PTC32190_PB,GSM4104140_CACCTTGAGGATGGAA-1,-0.29997119987097626
CXCR3+,HC,PTC32190_PB,GSM4104140_CACCTTGCAATCACAC-1,-0.29997119987097626
CXCR3-,HC,PTC32190_PB,GSM4104140_CACCTTGGTAAATACG-1,-0.29997119987097626
CXCR3-,HC,PTC32190_PB,GSM4104140_CACCTTGTCACTCCTG-1,-0.29997119987097626
CXCR3-,HC,PTC32190_PB,GSM4104140_CACTCCATCCATGCTC-1,0.10869516638175133
CXCR3-,HC,PTC32190_PB,GSM4104140_CAGAGAGGTAGCCTCG-1,-0.29997119987097626
CXCR3-,HC,PTC32190_PB,GSM4104140_CAGATCACACCTCGTT-1,-0.29997119987097626
CXCR3-,HC,PTC32190_PB,GSM4104140_CAGCAGCAGGTAGCCA-1,-0.21454400840205803
CXCR3-,HC,PTC32190_PB,GSM4104140_CAGCATATCGGTGTTA-1,-0.15491653973397582
CXCR3-,HC,PTC32190_PB,GSM4104140_CAGCCGATCCGAATGT-1,-0.29997119987097626
CXCR3-,HC,PTC32190_PB,GSM4104140_CAGCTAAAGCGTCTAT-1,-0.29997119987097626
CXCR3-,HC,PTC32190_PB,GSM4104140_CAGCTGGCATGTAAGA-1,-0.29997119987097626
CXCR3-,HC,PTC32190_PB,GSM4104140_CAGTAACTCCAGTAGT-1,0.22443011080068076
CXCR3-,HC,PTC32190_PB,GSM4104140_CATATGGCAAGCGATG-1,-0.29997119987097626
CXCR3-,HC,PTC32190_PB,GSM4104140_CATCAGAAGGCCATAG-1,-0.29997119987097626
CXCR3-,HC,PTC32190_PB,GSM4104140_CATCAGAGTACCATCA-1,-0.13518394473682085
CXCR3-,HC,PTC32190_PB,GSM4104140_CATCCACCAGGGAGAG-1,-0.29997119987097626
CXCR3-,HC,PTC32190_PB,GSM4104140_CATCGGGTCCGGCACA-1,-0.29997119987097626
CXCR3-,HC,PTC32190_PB,GSM4104140_CATGACAAGTACTTGC-1,-0.12836964740455872
CXCR3-,HC,PTC32190_PB,GSM4104140_CATGCCTGTAGCAAAT-1,-0.29997119987097626
CXCR3-,HC,PTC32190_PB,GSM4104140_CATGGCGGTCTCTCTG-1,-0.055206103947509924
CXCR3-,HC,PTC32190_PB,GSM4104140_CCACCTAGTTGGGACA-1,-0.028145751823667946
CXCR3-,HC,PTC32190_PB,GSM4104140_CCACTACCAAACCCAT-1,-0.29997119987097626
CXCR3-,HC,PTC32190_PB,GSM4104140_CCACTACTCTTCAACT-1,-0.29997119987097626
CXCR3-,HC,PTC32190_PB,GSM4104140_CCCAATCGTATATGGA-1,0.06217781009279829
CXCR3-,HC,PTC32190_PB,GSM4104140_CCCATACTCTTGAGGT-1,0.013130910047102142
CXCR3-,HC,PTC32190_PB,GSM4104140_CCGTACTAGTCCCACG-1,1.0048402930631062
CXCR3-,HC,PTC32190_PB,GSM4104140_CCGTTCACAGTTCATG-1,0.008587147586868071
CXCR3-,HC,PTC32190_PB,GSM4104140_CCTAAAGGTCAGATAA-1,-0.29997119987097626
CXCR3-,HC,PTC32190_PB,GSM4104140_CCTAAAGTCAACACTG-1,-0.29997119987097626
CXCR3-,HC,PTC32190_PB,GSM4104140_CCTACACAGAAACGAG-1,0.016925667701317777
CXCR3-,HC,PTC32190_PB,GSM4104140_CCTACCAGTCAGATAA-1,-0.29997119987097626
CXCR3-,HC,PTC32190_PB,GSM4104140_CCTCAGTGTTTGGCGC-1,0.6619623128361541
CXCR3-,HC,PTC32190_PB,GSM4104140_CCTCTGACACTGTTAG-1,-0.29997119987097626
CXCR3-,HC,PTC32190_PB,GSM4104140_CCTTACGGTTATCACG-1,-0.29997119987097626
CXCR3-,HC,PTC32190_PB,GSM4104140_CCTTACGGTTTGCATG-1,-0.29997119987097626
CXCR3-,HC,PTC32190_PB,GSM4104140_CCTTCCCCATCCGTGG-1,0.3127222117368203
CXCR3-,HC,PTC32190_PB,GSM4104140_CGAACATGTGTTCGAT-1,-0.29997119987097626
CXCR3-,HC,PTC32190_PB,GSM4104140_CGAACATTCACTATTC-1,-0.08247841250757719
CXCR3-,HC,PTC32190_PB,GSM4104140_CGATGGCCACCACGTG-1,-0.29997119987097626
CXCR3-,HC,PTC32190_PB,GSM4104140_CGATGGCCAGTCAGAG-1,-0.29997119987097626
CXCR3-,HC,PTC32190_PB,GSM4104140_CGATGGCGTGGCTCCA-1,0.6820767523276912
CXCR3-,HC,PTC32190_PB,GSM4104140_CGATGTAGTGTGTGCC-1,-0.29997119987097626
CXCR3-,HC,PTC32190_PB,GSM4104140_CGATTGACAAGCTGGA-1,0.2874657901999954
CXCR3-,HC,PTC32190_PB,GSM4104140_CGATTGACACCCAGTG-1,-0.29997119987097626
CXCR3-,HC,PTC32190_PB,GSM4104140_CGCGTTTCAAGACGTG-1,-0.29997119987097626
CXCR3-,HC,PTC32190_PB,GSM4104140_CGCGTTTCATCGGACC-1,0.23475256816566895
CXCR3-,HC,PTC32190_PB,GSM4104140_CGCTATCCATAAAGGT-1,-0.29997119987097626
CXCR3-,HC,PTC32190_PB,GSM4104140_CGCTATCCATTTGCTT-1,-0.29997119987097626
CXCR3-,HC,PTC32190_PB,GSM4104140_CGCTTCATCAGATAAG-1,-0.08253570177430285
CXCR3-,HC,PTC32190_PB,GSM4104140_CGGACACCAAAGCAAT-1,-0.08401642183550896
CXCR3-,HC,PTC32190_PB,GSM4104140_CGGACGTCATTACCTT-1,-0.29997119987097626
CXCR3-,HC,PTC32190_PB,GSM4104140_CGTAGGCAGATCGATA-1,0.1054571707506988
CXCR3-,HC,PTC32190_PB,GSM4104140_CGTAGGCAGCGCTTAT-1,-0.29997119987097626
CXCR3-,HC,PTC32190_PB,GSM4104140_CGTCACTTCCTTTCTC-1,-0.29997119987097626
CXCR3-,HC,PTC32190_PB,GSM4104140_CGTGTCTAGATGCCTT-1,-0.29997119987097626
CXCR3-,HC,PTC32190_PB,GSM4104140_CGTTCTGTCAAGCCTA-1,-0.29997119987097626
CXCR3-,HC,PTC32190_PB,GSM4104140_CGTTGGGGTCAACTGT-1,-0.29997119987097626
CXCR3-,HC,PTC32190_PB,GSM4104140_CGTTGGGTCCTAGTGA-1,-0.12273743075673534
CXCR3-,HC,PTC32190_PB,GSM4104140_CTAACTTGTCATATGC-1,-0.29997119987097626
CXCR3-,HC,PTC32190_PB,GSM4104140_CTAAGACCAGCTTAAC-1,1.0459155037746848
CXCR3-,HC,PTC32190_PB,GSM4104140_CTACACCTCCGCGGTA-1,0.11003501131638489
CXCR3-,HC,PTC32190_PB,GSM4104140_CTACATTAGAAGCCCA-1,-0.29997119987097626
CXCR3-,HC,PTC32190_PB,GSM4104140_CTACCCAGTTATGCGT-1,-0.29997119987097626
CXCR3-,HC,PTC32190_PB,GSM4104140_CTACGTCAGACAGAGA-1,-0.29997119987097626
CXCR3-,HC,PTC32190_PB,GSM4104140_CTAGAGTGTCTACCTC-1,-0.29997119987097626
CXCR3-,HC,PTC32190_PB,GSM4104140_CTAGAGTGTTCCGTCT-1,-0.29997119987097626
CXCR3-,HC,PTC32190_PB,GSM4104140_CTAGTGACACGACTCG-1,-0.29997119987097626
CXCR3-,HC,PTC32190_PB,GSM4104140_CTCACACAGAAGCCCA-1,-0.29997119987097626
CXCR3-,HC,PTC32190_PB,GSM4104140_CTCAGAAGTACAGTTC-1,-0.0753874508366298
CXCR3-,HC,PTC32190_PB,GSM4104140_CTCATTAGTTGGTTTG-1,-0.05261100259446385
CXCR3-,HC,PTC32190_PB,GSM4104140_CTCCTAGCAATGCCAT-1,0.3063393425438455
CXCR3-,HC,PTC32190_PB,GSM4104140_CTCGAAAGTCCCTACT-1,-0.29997119987097626
CXCR3-,HC,PTC32190_PB,GSM4104140_CTCGAAATCAGCCTAA-1,0.20656497363591306
CXCR3-,HC,PTC32190_PB,GSM4104140_CTCGAGGAGACTACAA-1,-0.08203587759052446
CXCR3-,HC,PTC32190_PB,GSM4104140_CTCTACGCAAAGCAAT-1,0.05852712171491471
CXCR3-,HC,PTC32190_PB,GSM4104140_CTCTGGTTCTTCTGGC-1,0.035235144163624325
CXCR3-,HC,PTC32190_PB,GSM4104140_CTGAAACTCGCCCTTA-1,-0.16458940231114091
CXCR3-,HC,PTC32190_PB,GSM4104140_CTGAAGTCACCATCCT-1,0.4186854958866429
CXCR3-,HC,PTC32190_PB,GSM4104140_CTGCGGATCCCAACGG-1,-0.12590914489502633
CXCR3-,HC,PTC32190_PB,GSM4104140_CTGTTTAGTCCGTCAG-1,0.3916526199605626
CXCR3-,HC,PTC32190_PB,GSM4104140_CTGTTTAGTTGATTCG-1,-0.17283638414042118
CXCR3-,HC,PTC32190_PB,GSM4104140_CTTAACTGTAAGGATT-1,-0.1941756865203756
CXCR3-,HC,PTC32190_PB,GSM4104140_CTTACCGAGTAGGCCA-1,0.40099731701280145
CXCR3-,HC,PTC32190_PB,GSM4104140_CTTACCGCATGTAAGA-1,-0.29997119987097626
CXCR3-,HC,PTC32190_PB,GSM4104140_CTTGGCTAGACAAGCC-1,-0.29997119987097626
CXCR3-,HC,PTC32190_PB,GSM4104140_CTTGGCTCACAGTCGC-1,-0.08907163427004809
CXCR3-,HC,PTC32190_PB,GSM4104140_GAAATGACATGAGCGA-1,-0.29997119987097626
CXCR3-,HC,PTC32190_PB,GSM4104140_GAAATGAGTAAGTAGT-1,-0.14332117186877577
CXCR3-,HC,PTC32190_PB,GSM4104140_GAAATGAGTCTGCAAT-1,-0.29997119987097626
CXCR3+,HC,PTC32190_PB,GSM4104140_GAACATCCATCAGTAC-1,-0.29997119987097626
CXCR3-,HC,PTC32190_PB,GSM4104140_GAACGGAAGCCAGTAG-1,-0.11172070557202586
CXCR3-,HC,PTC32190_PB,GSM4104140_GAACGGATCTGTTTGT-1,-0.29997119987097626
CXCR3-,HC,PTC32190_PB,GSM4104140_GAATGAACATCGGAAG-1,-0.29997119987097626
CXCR3-,HC,PTC32190_PB,GSM4104140_GAATGAAGTAAGCACG-1,0.3863146979035235
CXCR3-,HC,PTC32190_PB,GSM4104140_GAATGAAGTAGCGCTC-1,-0.13872110399796417
CXCR3-,HC,PTC32190_PB,GSM4104140_GAATGAAGTTGTGGAG-1,-0.0044634299529202615
CXCR3-,HC,PTC32190_PB,GSM4104140_GACCAATAGCATGGCA-1,-0.29997119987097626
CXCR3-,HC,PTC32190_PB,GSM4104140_GACCTGGGTACTTAGC-1,-0.29997119987097626
CXCR3-,HC,PTC32190_PB,GSM4104140_GACGCGTCAGCCACCA-1,0.11430943985347837
CXCR3-,HC,PTC32190_PB,GSM4104140_GACGGCTCAATAAGCA-1,0.05511178841249453
CXCR3-,HC,PTC32190_PB,GSM4104140_GACGGCTGTTTGTTTC-1,-0.29997119987097626
CXCR3-,HC,PTC32190_PB,GSM4104140_GACGTGCCATGCGCAC-1,-0.29997119987097626
CXCR3-,HC,PTC32190_PB,GSM4104140_GACGTTACATGACGGA-1,-0.29997119987097626
CXCR3-,HC,PTC32190_PB,GSM4104140_GACTACACACAGGCCT-1,-0.1468468861394788
CXCR3-,HC,PTC32190_PB,GSM4104140_GACTACACATCCTTGC-1,-0.11217614551909162
CXCR3-,HC,PTC32190_PB,GSM4104140_GACTGCGAGAGATGAG-1,0.19043074782199093
CXCR3-,HC,PTC32190_PB,GSM4104140_GACTGCGGTCCCGACA-1,-0.15935542995212787
CXCR3-,HC,PTC32190_PB,GSM4104140_GAGCAGAAGAACTCGG-1,-0.04599511520222447
CXCR3-,HC,PTC32190_PB,GSM4104140_GAGCAGAAGGCACATG-1,-0.29997119987097626
CXCR3-,HC,PTC32190_PB,GSM4104140_GATCAGTGTAACGCGA-1,-0.29997119987097626
CXCR3-,HC,PTC32190_PB,GSM4104140_GATCGATTCCGCATAA-1,-0.29997119987097626
CXCR3-,HC,PTC32190_PB,GSM4104140_GATCGCGTCGATGAGG-1,-0.011821163206276035
CXCR3-,HC,PTC32190_PB,GSM4104140_GATGAAAAGGCGCTCT-1,0.2374014086623924
CXCR3-,HC,PTC32190_PB,GSM4104140_GATGAGGCAGCGTCCA-1,-0.08336177240510222
CXCR3-,HC,PTC32190_PB,GSM4104140_GATTCAGCATGGTTGT-1,-0.29997119987097626
CXCR3-,HC,PTC32190_PB,GSM4104140_GATTCAGTCTGAGTGT-1,-0.29997119987097626
CXCR3-,HC,PTC32190_PB,GSM4104140_GCAAACTGTACCGTTA-1,-0.29997119987097626
CXCR3-,HC,PTC32190_PB,GSM4104140_GCACATACACCGGAAA-1,-0.29997119987097626
CXCR3-,HC,PTC32190_PB,GSM4104140_GCACTCTGTAGCCTAT-1,-0.29997119987097626
CXCR3-,HC,PTC32190_PB,GSM4104140_GCAGCCACACAAGACG-1,0.086685767069326
CXCR3-,HC,PTC32190_PB,GSM4104140_GCAGTTAAGCTGCAAG-1,-0.29997119987097626
CXCR3-,HC,PTC32190_PB,GSM4104140_GCAGTTACAGACAGGT-1,-0.29997119987097626
CXCR3-,HC,PTC32190_PB,GSM4104140_GCATACACATTTGCTT-1,-0.29997119987097626
CXCR3-,HC,PTC32190_PB,GSM4104140_GCATGTAAGGCAATTA-1,-0.29997119987097626
CXCR3-,HC,PTC32190_PB,GSM4104140_GCCAAATCATTGTGCA-1,-0.29997119987097626
CXCR3-,HC,PTC32190_PB,GSM4104140_GCCAAATGTTACGACT-1,0.006348376493977554
CXCR3-,HC,PTC32190_PB,GSM4104140_GCCTCTAAGTACGTTC-1,-0.29997119987097626
CXCR3-,HC,PTC32190_PB,GSM4104140_GCGACCAAGCGTTCCG-1,-0.29997119987097626
CXCR3-,HC,PTC32190_PB,GSM4104140_GCGACCAGTGCGATAG-1,-0.29997119987097626
CXCR3-,HC,PTC32190_PB,GSM4104140_GCGCAACCAATCACAC-1,-0.29997119987097626
CXCR3-,HC,PTC32190_PB,GSM4104140_GCGCAACGTCAAAGCG-1,-0.29997119987097626
CXCR3-,HC,PTC32190_PB,GSM4104140_GCGCAACGTCTCAACA-1,-0.29997119987097626
CXCR3-,HC,PTC32190_PB,GSM4104140_GCTGCGAAGTGAACGC-1,-0.038899178002897834
CXCR3-,HC,PTC32190_PB,GSM4104140_GCTGCGAGTTCTGGTA-1,0.08683125294741707
CXCR3-,HC,PTC32190_PB,GSM4104140_GCTGCTTGTTGGTAAA-1,-0.29997119987097626
CXCR3-,HC,PTC32190_PB,GSM4104140_GCTGCTTGTTGTGGCC-1,-0.29997119987097626
CXCR3-,HC,PTC32190_PB,GSM4104140_GCTTCCACACAACGTT-1,-0.29997119987097626
CXCR3-,HC,PTC32190_PB,GSM4104140_GCTTGAATCATGTCTT-1,-0.29997119987097626
CXCR3-,HC,PTC32190_PB,GSM4104140_GGAATAACACCAGTTA-1,-0.29997119987097626
CXCR3-,HC,PTC32190_PB,GSM4104140_GGAATAAGTGTGAATA-1,-0.29997119987097626
CXCR3-,HC,PTC32190_PB,GSM4104140_GGAATAATCCATTCTA-1,-0.29997119987097626
CXCR3-,HC,PTC32190_PB,GSM4104140_GGACGTCGTCAGGACA-1,-0.29997119987097626
CXCR3-,HC,PTC32190_PB,GSM4104140_GGAGCAACACCACGTG-1,-0.0037708832781436614
CXCR3-,HC,PTC32190_PB,GSM4104140_GGATTACCAGGTTTCA-1,-0.29997119987097626
CXCR3-,HC,PTC32190_PB,GSM4104140_GGCCGATAGGTTCCTA-1,-0.29997119987097626
CXCR3-,HC,PTC32190_PB,GSM4104140_GGCGACTTCAGTCAGT-1,-0.14179889160132106
CXCR3-,HC,PTC32190_PB,GSM4104140_GGCTGGTAGTCGTACT-1,-0.05134484688333581
CXCR3-,HC,PTC32190_PB,GSM4104140_GGCTGGTTCCATGCTC-1,-0.29997119987097626
CXCR3-,HC,PTC32190_PB,GSM4104140_GGGACCTAGGCTACGA-1,-0.29997119987097626
CXCR3+,HC,PTC32190_PB,GSM4104140_GGGACCTAGGTGTTAA-1,-0.023269356893424225
CXCR3-,HC,PTC32190_PB,GSM4104140_GGGACCTCATACAGCT-1,-0.29997119987097626
CXCR3-,HC,PTC32190_PB,GSM4104140_GGGATGAAGTTAAGTG-1,-0.29997119987097626
CXCR3-,HC,PTC32190_PB,GSM4104140_GGTATTGGTCTTGCGG-1,-0.29997119987097626
CXCR3-,HC,PTC32190_PB,GSM4104140_GGTGCGTAGGCCATAG-1,-0.15262395405324317
CXCR3-,HC,PTC32190_PB,GSM4104140_GGTGTTACATTCTTAC-1,-0.29997119987097626
CXCR3-,HC,PTC32190_PB,GSM4104140_GGTGTTATCACCGGGT-1,-0.29997119987097626
CXCR3-,HC,PTC32190_PB,GSM4104140_GTACGTACAGTCAGAG-1,0.26323287995188455
CXCR3-,HC,PTC32190_PB,GSM4104140_GTACGTACATATGCTG-1,-0.039183507568956895
CXCR3-,HC,PTC32190_PB,GSM4104140_GTACTTTAGAAGATTC-1,-0.29997119987097626
CXCR3-,HC,PTC32190_PB,GSM4104140_GTACTTTAGGACTGGT-1,0.03339678612800371
CXCR3-,HC,PTC32190_PB,GSM4104140_GTACTTTGTGCGAAAC-1,0.12526655895299116
CXCR3+,HC,PTC32190_PB,GSM4104140_GTAGGCCGTCAGGACA-1,-0.29997119987097626
CXCR3-,HC,PTC32190_PB,GSM4104140_GTATCTTAGTCGTACT-1,-0.29997119987097626
CXCR3-,HC,PTC32190_PB,GSM4104140_GTCACAACACCAGCAC-1,0.40272220109114226
CXCR3-,HC,PTC32190_PB,GSM4104140_GTCACAAGTCTTGCGG-1,-0.29997119987097626
CXCR3-,HC,PTC32190_PB,GSM4104140_GTCATTTTCGATGAGG-1,-0.29997119987097626
CXCR3-,HC,PTC32190_PB,GSM4104140_GTCTCGTGTCTAGCGC-1,-0.29997119987097626
CXCR3-,HC,PTC32190_PB,GSM4104140_GTCTCGTTCCAAACTG-1,-0.29997119987097626
CXCR3-,HC,PTC32190_PB,GSM4104140_GTGAAGGAGCTGCAAG-1,-0.29997119987097626
CXCR3-,HC,PTC32190_PB,GSM4104140_GTGCGGTCATTCGACA-1,-0.29997119987097626
CXCR3-,HC,PTC32190_PB,GSM4104140_GTGCGGTGTCTTGCGG-1,-0.29997119987097626
CXCR3-,HC,PTC32190_PB,GSM4104140_GTGGGTCAGACGCTTT-1,-0.29997119987097626
CXCR3-,HC,PTC32190_PB,GSM4104140_GTGGGTCCAAGTCATC-1,-0.29997119987097626
CXCR3-,HC,PTC32190_PB,GSM4104140_GTGTGCGTCACCATAG-1,-0.29997119987097626
CXCR3-,HC,PTC32190_PB,GSM4104140_GTGTTAGCAATGACCT-1,-0.29997119987097626
CXCR3-,HC,PTC32190_PB,GSM4104140_GTGTTAGGTCGACTAT-1,-0.29997119987097626
CXCR3-,HC,PTC32190_PB,GSM4104140_GTTCATTTCCAGAAGG-1,-0.29997119987097626
CXCR3-,HC,PTC32190_PB,GSM4104140_GTTTCTAGTTGCCTCT-1,0.10939946635135682
CXCR3-,HC,PTC32190_PB,GSM4104140_TAAACCGAGAGACTAT-1,-0.29997119987097626
CXCR3-,HC,PTC32190_PB,GSM4104140_TAAGTGCAGCCCGAAA-1,-0.29997119987097626
CXCR3-,HC,PTC32190_PB,GSM4104140_TAAGTGCCATGTTGAC-1,0.012339769674086518
CXCR3-,HC,PTC32190_PB,GSM4104140_TACACGAGTCACCTAA-1,-0.29997119987097626
CXCR3-,HC,PTC32190_PB,GSM4104140_TACACGATCTAACGGT-1,-0.12438187177707476
CXCR3-,HC,PTC32190_PB,GSM4104140_TACAGTGCACAGGCCT-1,-0.29997119987097626
CXCR3-,HC,PTC32190_PB,GSM4104140_TACCTATAGCTGTCTA-1,0.10264196196301957
CXCR3-,HC,PTC32190_PB,GSM4104140_TACCTTACACCGCTAG-1,-0.29997119987097626
CXCR3-,HC,PTC32190_PB,GSM4104140_TACCTTACATTGTGCA-1,0.009163031975681706
CXCR3-,HC,PTC32190_PB,GSM4104140_TACGGATAGACAAGCC-1,-0.29997119987097626
CXCR3-,HC,PTC32190_PB,GSM4104140_TACTTACCAATGGAAT-1,0.33391381839711404
CXCR3-,HC,PTC32190_PB,GSM4104140_TACTTACGTAAATACG-1,-0.29997119987097626
CXCR3-,HC,PTC32190_PB,GSM4104140_TACTTGTCATCATCCC-1,0.12333454629518181
CXCR3-,HC,PTC32190_PB,GSM4104140_TAGAGCTCATGTAAGA-1,-0.29997119987097626
CXCR3-,HC,PTC32190_PB,GSM4104140_TAGAGCTTCGGTCTAA-1,0.004061659811515929
CXCR3-,HC,PTC32190_PB,GSM4104140_TAGGCATCATGCCTTC-1,-0.29997119987097626
CXCR3-,HC,PTC32190_PB,GSM4104140_TAGTGGTCAAGAGGCT-1,-0.14350514551724855
CXCR3-,HC,PTC32190_PB,GSM4104140_TAGTGGTCAGCTGGCT-1,-0.07838344176221317
CXCR3-,HC,PTC32190_PB,GSM4104140_TAGTTGGGTGGACGAT-1,-0.29997119987097626
CXCR3-,HC,PTC32190_PB,GSM4104140_TATCAGGTCCCTTGTG-1,0.17358135321437146
CXCR3-,HC,PTC32190_PB,GSM4104140_TATCTCAGTGCCTGCA-1,-0.29997119987097626
CXCR3-,HC,PTC32190_PB,GSM4104140_TATGCCCTCCCAACGG-1,0.04032542846186193
CXCR3-,HC,PTC32190_PB,GSM4104140_TATTACCCAGCTGGCT-1,-0.29997119987097626
CXCR3-,HC,PTC32190_PB,GSM4104140_TATTACCTCAGCTCTC-1,-0.29997119987097626
CXCR3-,HC,PTC32190_PB,GSM4104140_TCAATCTGTTTACTCT-1,-0.29997119987097626
CXCR3-,HC,PTC32190_PB,GSM4104140_TCACAAGGTGGCGAAT-1,-0.29997119987097626
CXCR3-,HC,PTC32190_PB,GSM4104140_TCAGATGCAACACCTA-1,0.16308201991528024
CXCR3-,HC,PTC32190_PB,GSM4104140_TCAGATGTCGTGGGAA-1,-0.29997119987097626
CXCR3-,HC,PTC32190_PB,GSM4104140_TCAGCAAAGATATGGT-1,-0.29997119987097626
CXCR3-,HC,PTC32190_PB,GSM4104140_TCAGCAACAGCATGAG-1,-0.29997119987097626
CXCR3-,HC,PTC32190_PB,GSM4104140_TCAGCTCTCTGAGTGT-1,-0.29997119987097626
CXCR3-,HC,PTC32190_PB,GSM4104140_TCAGGATGTAGCGTAG-1,-0.00769716245831052
CXCR3-,HC,PTC32190_PB,GSM4104140_TCAGGATTCCTCAATT-1,-0.29997119987097626
CXCR3-,HC,PTC32190_PB,GSM4104140_TCAGGTATCCGTAGTA-1,-0.29997119987097626
CXCR3-,HC,PTC32190_PB,GSM4104140_TCATTACGTGAGTATA-1,-0.29997119987097626
CXCR3-,HC,PTC32190_PB,GSM4104140_TCATTACTCACCGGGT-1,-0.29997119987097626
CXCR3-,HC,PTC32190_PB,GSM4104140_TCCACACAGGCAGGTT-1,-0.29997119987097626
CXCR3-,HC,PTC32190_PB,GSM4104140_TCGAGGCCAAGTCTGT-1,0.13415901891289406
CXCR3-,HC,PTC32190_PB,GSM4104140_TCGAGGCCAGTTAACC-1,0.013082921650764206
CXCR3-,HC,PTC32190_PB,GSM4104140_TCGCGAGTCGAACGGA-1,-0.29997119987097626
CXCR3-,HC,PTC32190_PB,GSM4104140_TCGCGTTAGCATCATC-1,-0.29997119987097626
CXCR3-,HC,PTC32190_PB,GSM4104140_TCGGTAATCTTTACAC-1,-0.1735299801487648
CXCR3-,HC,PTC32190_PB,GSM4104140_TCTATTGGTTCCTCCA-1,-0.29997119987097626
CXCR3-,HC,PTC32190_PB,GSM4104140_TCTCATACATTTCAGG-1,-0.29997119987097626
CXCR3-,HC,PTC32190_PB,GSM4104140_TCTCATAGTAGCACGA-1,-0.10796076154266578
CXCR3-,HC,PTC32190_PB,GSM4104140_TCTGGAAAGCGTGAAC-1,-0.29997119987097626
CXCR3-,HC,PTC32190_PB,GSM4104140_TCTGGAAGTTTACTCT-1,0.20494709572797468
CXCR3+,HC,PTC32190_PB,GSM4104140_TCTTTCCTCAGTACGT-1,-0.29997119987097626
CXCR3-,HC,PTC32190_PB,GSM4104140_TGAAAGACACTACAGT-1,-0.29997119987097626
CXCR3-,HC,PTC32190_PB,GSM4104140_TGACTAGGTTGGACCC-1,-0.29997119987097626
CXCR3-,HC,PTC32190_PB,GSM4104140_TGAGAGGAGGAGTAGA-1,-0.29997119987097626
CXCR3-,HC,PTC32190_PB,GSM4104140_TGAGAGGGTGCTCTTC-1,-0.29997119987097626
CXCR3-,HC,PTC32190_PB,GSM4104140_TGAGAGGGTGGTACAG-1,-0.29997119987097626
CXCR3-,HC,PTC32190_PB,GSM4104140_TGAGCCGCAGACAAAT-1,0.07127914209458253
CXCR3-,HC,PTC32190_PB,GSM4104140_TGAGCCGGTAAACGCG-1,-0.12748144742990042
CXCR3-,HC,PTC32190_PB,GSM4104140_TGAGCCGTCAATCACG-1,-0.04665268745756226
CXCR3-,HC,PTC32190_PB,GSM4104140_TGCACCTCACCGCTAG-1,-0.29997119987097626
CXCR3-,HC,PTC32190_PB,GSM4104140_TGCACCTTCTGCAGTA-1,-0.29997119987097626
CXCR3-,HC,PTC32190_PB,GSM4104140_TGCCAAAAGCCCAGCT-1,-0.29997119987097626
CXCR3-,HC,PTC32190_PB,GSM4104140_TGCCAAACATCGGACC-1,-0.29997119987097626
CXCR3-,HC,PTC32190_PB,GSM4104140_TGCCAAAGTTCAACCA-1,0.06261474045693081
CXCR3-,HC,PTC32190_PB,GSM4104140_TGCCCATGTCGAGTTT-1,-0.29997119987097626
CXCR3-,HC,PTC32190_PB,GSM4104140_TGCCCATTCTTTACGT-1,-0.02998042954439706
CXCR3-,HC,PTC32190_PB,GSM4104140_TGCGGGTTCAATAAGG-1,-0.29997119987097626
CXCR3-,HC,PTC32190_PB,GSM4104140_TGCTGCTCATGATCCA-1,-0.10639049865974738
CXCR3-,HC,PTC32190_PB,GSM4104140_TGCTGCTGTAGCGCAA-1,-0.29997119987097626
CXCR3-,HC,PTC32190_PB,GSM4104140_TGGACGCGTTCCATGA-1,-0.29997119987097626
CXCR3-,HC,PTC32190_PB,GSM4104140_TGGCCAGCAGTAAGAT-1,-0.29997119987097626
CXCR3-,HC,PTC32190_PB,GSM4104140_TGGCCAGTCCAAAGTC-1,-0.02523217060638786
CXCR3-,HC,PTC32190_PB,GSM4104140_TGGGAAGGTACGAAAT-1,-0.29997119987097626
CXCR3-,HC,PTC32190_PB,GSM4104140_TGGTTAGCATGGTCTA-1,-0.08027939438975107
CXCR3-,HC,PTC32190_PB,GSM4104140_TGTATTCCAAGTTCTG-1,-0.29997119987097626
CXCR3-,HC,PTC32190_PB,GSM4104140_TGTATTCGTCAGATAA-1,-0.29997119987097626
CXCR3-,HC,PTC32190_PB,GSM4104140_TGTTCCGGTCCAACTA-1,-0.29997119987097626
CXCR3-,HC,PTC32190_PB,GSM4104140_TTAACTCAGACGCACA-1,-0.29997119987097626
CXCR3-,HC,PTC32190_PB,GSM4104140_TTAGGACGTATCAGTC-1,-0.29997119987097626
CXCR3-,HC,PTC32190_PB,GSM4104140_TTAGGCACAGACTCGC-1,-0.29997119987097626
CXCR3-,HC,PTC32190_PB,GSM4104140_TTAGTTCAGGACTGGT-1,-0.11115700628210691
CXCR3-,HC,PTC32190_PB,GSM4104140_TTATGCTTCCGGCACA-1,-0.29997119987097626
CXCR3-,HC,PTC32190_PB,GSM4104140_TTATGCTTCTGAAAGA-1,-0.29997119987097626
CXCR3-,HC,PTC32190_PB,GSM4104140_TTCGGTCAGGATCGCA-1,-0.29997119987097626
CXCR3-,HC,PTC32190_PB,GSM4104140_TTCTACATCAGCCTAA-1,-0.29997119987097626
CXCR3-,HC,PTC32190_PB,GSM4104140_TTCTCAAAGACCTTTG-1,-0.29997119987097626
CXCR3-,HC,PTC32190_PB,GSM4104140_TTCTCCTGTTCCGTCT-1,-0.29997119987097626
CXCR3-,HC,PTC32190_PB,GSM4104140_TTCTTAGAGCCACGTC-1,-0.29997119987097626
CXCR3-,HC,PTC32190_PB,GSM4104140_TTCTTAGAGCGTGAAC-1,-0.09316794174647251
CXCR3-,HC,PTC32190_PB,GSM4104140_TTGCCGTCATGCGCAC-1,-0.29997119987097626
CXCR3-,HC,PTC32190_PB,GSM4104140_TTGCCGTGTTCCAACA-1,-0.29997119987097626
CXCR3-,HC,PTC32190_PB,GSM4104140_TTGTAGGGTTAGAACA-1,-0.29997119987097626
CXCR3-,HC,PTC32190_PB,GSM4104140_TTTCCTCTCAGCTTAG-1,0.13902878069997768
CXCR3-,HC,PTC41540_PB,GSM4104142_AAACCTGCAAGGACAC-1,0.021765547684260866
CXCR3-,HC,PTC41540_PB,GSM4104142_AAACCTGCAAGGGTCA-1,-0.29997119987097626
CXCR3-,HC,PTC41540_PB,GSM4104142_AAACGGGAGATTACCC-1,-0.29997119987097626
CXCR3-,HC,PTC41540_PB,GSM4104142_AAAGTAGAGAGCAATT-1,-0.29997119987097626
CXCR3-,HC,PTC41540_PB,GSM4104142_AAATGCCCATTCACTT-1,-0.29997119987097626
CXCR3-,HC,PTC41540_PB,GSM4104142_AAATGCCTCGCGTTTC-1,-0.29997119987097626
CXCR3-,HC,PTC41540_PB,GSM4104142_AAATGCCTCGGTCCGA-1,-0.1353667992073474
CXCR3-,HC,PTC41540_PB,GSM4104142_AACACGTAGCGACGTA-1,0.8073311361128261
CXCR3+,HC,PTC41540_PB,GSM4104142_AACACGTAGCTCTCGG-1,0.12263825307646835
CXCR3-,HC,PTC41540_PB,GSM4104142_AACACGTAGTCTCCTC-1,-0.29997119987097626
CXCR3-,HC,PTC41540_PB,GSM4104142_AACACGTGTTCCGGCA-1,0.17609906070440215
CXCR3-,HC,PTC41540_PB,GSM4104142_AACACGTTCCCTCTTT-1,-0.29997119987097626
CXCR3-,HC,PTC41540_PB,GSM4104142_AACCATGCAATAGCGG-1,-0.29997119987097626
CXCR3-,HC,PTC41540_PB,GSM4104142_AACCATGGTTCCGGCA-1,0.13860220617016059
CXCR3-,HC,PTC41540_PB,GSM4104142_AACCGCGTCCACTCCA-1,-0.29997119987097626
CXCR3-,HC,PTC41540_PB,GSM4104142_AACGTTGTCAGTCCCT-1,-0.29997119987097626
CXCR3-,HC,PTC41540_PB,GSM4104142_AACTCAGGTCAGTGGA-1,-0.29997119987097626
CXCR3-,HC,PTC41540_PB,GSM4104142_AACTCCCAGCGCCTCA-1,-0.29997119987097626
CXCR3-,HC,PTC41540_PB,GSM4104142_AACTCCCGTAGAGCTG-1,-0.29997119987097626
CXCR3-,HC,PTC41540_PB,GSM4104142_AACTCCCGTATAATGG-1,0.021321943973107462
CXCR3-,HC,PTC41540_PB,GSM4104142_AACTCCCGTCTCTTTA-1,-0.1347056332866208
CXCR3-,HC,PTC41540_PB,GSM4104142_AACTCTTAGCAGGTCA-1,-0.29997119987097626
CXCR3-,HC,PTC41540_PB,GSM4104142_AACTCTTCATGCCTAA-1,-0.29997119987097626
CXCR3-,HC,PTC41540_PB,GSM4104142_AACTGGTCAGACAGGT-1,-0.030564886546236934
CXCR3-,HC,PTC41540_PB,GSM4104142_AACTGGTCAGCCTTGG-1,-0.20758742643963307
CXCR3-,HC,PTC41540_PB,GSM4104142_AACTGGTTCCAAATGC-1,-0.29997119987097626
CXCR3-,HC,PTC41540_PB,GSM4104142_AACTGGTTCTGGGCCA-1,-0.29997119987097626
CXCR3-,HC,PTC41540_PB,GSM4104142_AAGCCGCGTTGAACTC-1,0.20267530967986475
CXCR3-,HC,PTC41540_PB,GSM4104142_AAGCCGCTCCCGACTT-1,-0.29997119987097626
CXCR3-,HC,PTC41540_PB,GSM4104142_AAGCCGCTCGGATGGA-1,-0.29997119987097626
CXCR3-,HC,PTC41540_PB,GSM4104142_AAGGAGCCAACTTGAC-1,-0.29997119987097626
CXCR3-,HC,PTC41540_PB,GSM4104142_AAGGAGCTCTTCCTTC-1,-0.29997119987097626
CXCR3-,HC,PTC41540_PB,GSM4104142_AAGGCAGCAGCGTTCG-1,0.03181477417526895
CXCR3-,HC,PTC41540_PB,GSM4104142_AAGGCAGCATACTCTT-1,-0.17161603068435127
CXCR3-,HC,PTC41540_PB,GSM4104142_AAGGCAGGTGTTTGGT-1,-0.29997119987097626
CXCR3-,HC,PTC41540_PB,GSM4104142_AAGTCTGGTAAAGTCA-1,-0.29997119987097626
CXCR3-,HC,PTC41540_PB,GSM4104142_AATCCAGAGAACTGTA-1,-0.05654104683857497
CXCR3-,HC,PTC41540_PB,GSM4104142_AATCCAGAGAGCTGCA-1,0.10563960944708695
CXCR3-,HC,PTC41540_PB,GSM4104142_AATCCAGCAATGGAGC-1,0.11520248029341096
CXCR3-,HC,PTC41540_PB,GSM4104142_AATCCAGCAATGGTCT-1,-0.29997119987097626
CXCR3-,HC,PTC41540_PB,GSM4104142_AATCCAGTCTACCAGA-1,-0.04559977992576954
CXCR3-,HC,PTC41540_PB,GSM4104142_AATCGGTCATTTCACT-1,-0.29997119987097626
CXCR3-,HC,PTC41540_PB,GSM4104142_ACACCAACACAACGTT-1,0.05779900603338707
CXCR3-,HC,PTC41540_PB,GSM4104142_ACACCAAGTCTAGCCG-1,-0.29997119987097626
CXCR3-,HC,PTC41540_PB,GSM4104142_ACACCAAGTGGTTTCA-1,0.015055039807731723
CXCR3-,HC,PTC41540_PB,GSM4104142_ACACCCTGTGTGACCC-1,-0.06282648303943282
CXCR3-,HC,PTC41540_PB,GSM4104142_ACACCGGAGAGCTGGT-1,-0.29997119987097626
CXCR3-,HC,PTC41540_PB,GSM4104142_ACACCGGAGCTGAACG-1,-0.29997119987097626
CXCR3-,HC,PTC41540_PB,GSM4104142_ACACTGAAGTGTGGCA-1,-0.29997119987097626
CXCR3-,HC,PTC41540_PB,GSM4104142_ACACTGAGTTCAACCA-1,-0.29997119987097626
CXCR3-,HC,PTC41540_PB,GSM4104142_ACAGCCGTCTCTGTCG-1,-0.1339743096121987
CXCR3-,HC,PTC41540_PB,GSM4104142_ACAGCTAAGAAACCTA-1,0.579743050371618
CXCR3-,HC,PTC41540_PB,GSM4104142_ACAGCTAGTACCGCTG-1,-0.29997119987097626
CXCR3-,HC,PTC41540_PB,GSM4104142_ACATACGCAAAGAATC-1,-0.29997119987097626
CXCR3-,HC,PTC41540_PB,GSM4104142_ACATACGTCACTCTTA-1,-0.29997119987097626
CXCR3-,HC,PTC41540_PB,GSM4104142_ACATCAGCAAAGTGCG-1,-0.29997119987097626
CXCR3-,HC,PTC41540_PB,GSM4104142_ACATCAGCAAGTAATG-1,-0.29997119987097626
CXCR3-,HC,PTC41540_PB,GSM4104142_ACATCAGTCTGCTGTC-1,-0.09607014047231097
CXCR3-,HC,PTC41540_PB,GSM4104142_ACATGGTTCTCTTGAT-1,-0.29997119987097626
CXCR3-,HC,PTC41540_PB,GSM4104142_ACCAGTAAGAGATGAG-1,0.16422266707770652
CXCR3-,HC,PTC41540_PB,GSM4104142_ACCAGTAAGCTTATCG-1,-0.06857903665452758
CXCR3-,HC,PTC41540_PB,GSM4104142_ACCAGTAGTAGCGTAG-1,-0.29997119987097626
CXCR3-,HC,PTC41540_PB,GSM4104142_ACCAGTAGTGAGGCTA-1,-0.026870013094263116
CXCR3-,HC,PTC41540_PB,GSM4104142_ACCAGTATCTGTTTGT-1,-0.29997119987097626
CXCR3-,HC,PTC41540_PB,GSM4104142_ACCCACTAGAATTCCC-1,-0.29997119987097626
CXCR3-,HC,PTC41540_PB,GSM4104142_ACCGTAACAGGGTACA-1,0.15560009919195356
CXCR3-,HC,PTC41540_PB,GSM4104142_ACCGTAACATACGCTA-1,-0.29997119987097626
CXCR3-,HC,PTC41540_PB,GSM4104142_ACCGTAATCAGTTGAC-1,-0.29997119987097626
CXCR3-,HC,PTC41540_PB,GSM4104142_ACCGTAATCTATGTGG-1,-0.016208123660793477
CXCR3-,HC,PTC41540_PB,GSM4104142_ACCTTTAGTGACAAAT-1,-0.1109988569707885
CXCR3-,HC,PTC41540_PB,GSM4104142_ACCTTTAGTTTAAGCC-1,-0.29997119987097626
CXCR3-,HC,PTC41540_PB,GSM4104142_ACCTTTATCTTTAGGG-1,0.07924794789351156
CXCR3-,HC,PTC41540_PB,GSM4104142_ACGAGCCAGATGTCGG-1,-0.29997119987097626
CXCR3-,HC,PTC41540_PB,GSM4104142_ACGAGCCGTCCTCTTG-1,-0.29997119987097626
CXCR3-,HC,PTC41540_PB,GSM4104142_ACGAGCCGTCGGATCC-1,0.5350917147632295
CXCR3-,HC,PTC41540_PB,GSM4104142_ACGAGCCTCCTCCTAG-1,-0.29997119987097626
CXCR3-,HC,PTC41540_PB,GSM4104142_ACGAGGATCACCAGGC-1,-0.1643493352765695
CXCR3-,HC,PTC41540_PB,GSM4104142_ACGATACGTGCTCTTC-1,-0.29997119987097626
CXCR3-,HC,PTC41540_PB,GSM4104142_ACGATACTCTAACTTC-1,-0.29997119987097626
CXCR3-,HC,PTC41540_PB,GSM4104142_ACGATGTAGGTGCACA-1,-0.1646380686565874
CXCR3-,HC,PTC41540_PB,GSM4104142_ACGATGTAGTACGCCC-1,-0.29997119987097626
CXCR3-,HC,PTC41540_PB,GSM4104142_ACGATGTCATACTACG-1,-0.29997119987097626
CXCR3-,HC,PTC41540_PB,GSM4104142_ACGATGTCATGACGGA-1,-0.29997119987097626
CXCR3-,HC,PTC41540_PB,GSM4104142_ACGATGTCATGGTTGT-1,0.022177166882125027
CXCR3-,HC,PTC41540_PB,GSM4104142_ACGATGTGTGACAAAT-1,-0.29997119987097626
CXCR3-,HC,PTC41540_PB,GSM4104142_ACGATGTTCTAACTTC-1,-0.29997119987097626
CXCR3-,HC,PTC41540_PB,GSM4104142_ACGCAGCCAATGCCAT-1,-0.29997119987097626
CXCR3-,HC,PTC41540_PB,GSM4104142_ACGCAGCTCCTAAGTG-1,-0.29997119987097626
CXCR3-,HC,PTC41540_PB,GSM4104142_ACGCAGCTCGCACTCT-1,-0.29997119987097626
CXCR3-,HC,PTC41540_PB,GSM4104142_ACGCAGCTCGTAGATC-1,-0.0983305726008507
CXCR3-,HC,PTC41540_PB,GSM4104142_ACGCAGCTCTGGAGCC-1,-0.29997119987097626
CXCR3-,HC,PTC41540_PB,GSM4104142_ACGCCAGCACCGGAAA-1,-0.1449286001617229
CXCR3-,HC,PTC41540_PB,GSM4104142_ACGCCAGTCCGTCAAA-1,-0.29997119987097626
CXCR3-,HC,PTC41540_PB,GSM4104142_ACGCCGAGTATTCTCT-1,-0.29997119987097626
CXCR3-,HC,PTC41540_PB,GSM4104142_ACGCCGAGTTGTACAC-1,-0.29997119987097626
CXCR3-,HC,PTC41540_PB,GSM4104142_ACGGAGACAATGCCAT-1,-0.10004286172932675
CXCR3-,HC,PTC41540_PB,GSM4104142_ACGGAGACACCTCGTT-1,-0.29997119987097626
CXCR3-,HC,PTC41540_PB,GSM4104142_ACGGAGACATTGCGGC-1,-0.29997119987097626
CXCR3-,HC,PTC41540_PB,GSM4104142_ACGGAGATCTCAACTT-1,-0.13801480317755807
CXCR3-,HC,PTC41540_PB,GSM4104142_ACGGCCAAGTTGAGTA-1,-0.29997119987097626
CXCR3-,HC,PTC41540_PB,GSM4104142_ACGGCCACACATCCAA-1,-0.29997119987097626
CXCR3-,HC,PTC41540_PB,GSM4104142_ACGGCCAGTATCACCA-1,-0.29997119987097626
CXCR3-,HC,PTC41540_PB,GSM4104142_ACGGCCATCACCTCGT-1,0.03659454457147569
CXCR3-,HC,PTC41540_PB,GSM4104142_ACGGGCTAGAATTGTG-1,-0.13721114177246302
CXCR3-,HC,PTC41540_PB,GSM4104142_ACGGGTCAGATCGGGT-1,-0.29997119987097626
CXCR3-,HC,PTC41540_PB,GSM4104142_ACGGGTCAGTCTCGGC-1,-0.29997119987097626
CXCR3-,HC,PTC41540_PB,GSM4104142_ACGGGTCGTCTCATCC-1,0.03848604150499318
CXCR3-,HC,PTC41540_PB,GSM4104142_ACGGGTCGTTACGCGC-1,-0.29997119987097626
CXCR3-,HC,PTC41540_PB,GSM4104142_ACGGGTCGTTCAGCGC-1,-0.09239822234851111
CXCR3-,HC,PTC41540_PB,GSM4104142_ACGTCAACATCCGTGG-1,-0.29997119987097626
CXCR3-,HC,PTC41540_PB,GSM4104142_ACGTCAAGTAAATGTG-1,0.0028367754876018137
CXCR3-,HC,PTC41540_PB,GSM4104142_ACTATCTAGCAGACTG-1,-0.29997119987097626
CXCR3-,HC,PTC41540_PB,GSM4104142_ACTATCTAGCTGCAAG-1,0.16296750205520996
CXCR3-,HC,PTC41540_PB,GSM4104142_ACTATCTAGTAGGCCA-1,-0.29997119987097626
CXCR3-,HC,PTC41540_PB,GSM4104142_ACTGAACAGCCAGTTT-1,-0.29997119987097626
CXCR3-,HC,PTC41540_PB,GSM4104142_ACTGAACAGTTCGCGC-1,-0.29997119987097626
CXCR3-,HC,PTC41540_PB,GSM4104142_ACTGAACTCGCGCCAA-1,0.36448731291705894
CXCR3-,HC,PTC41540_PB,GSM4104142_ACTGAACTCGGATGGA-1,-0.29997119987097626
CXCR3-,HC,PTC41540_PB,GSM4104142_ACTGAGTAGCGCCTTG-1,-0.29997119987097626
CXCR3-,HC,PTC41540_PB,GSM4104142_ACTGAGTCAGCATACT-1,-0.10162435372957579
CXCR3-,HC,PTC41540_PB,GSM4104142_ACTGAGTCAGGGTTAG-1,-0.29997119987097626
CXCR3-,HC,PTC41540_PB,GSM4104142_ACTGATGTCACGACTA-1,-0.29997119987097626
CXCR3-,HC,PTC41540_PB,GSM4104142_ACTGCTCAGTGCGATG-1,-0.29997119987097626
CXCR3-,HC,PTC41540_PB,GSM4104142_ACTGCTCAGTGTACTC-1,0.6203367490249626
CXCR3-,HC,PTC41540_PB,GSM4104142_ACTGCTCTCCACTGGG-1,-0.29997119987097626
CXCR3-,HC,PTC41540_PB,GSM4104142_ACTGTCCCAGTCTTCC-1,-0.02818121064470217
CXCR3-,HC,PTC41540_PB,GSM4104142_ACTGTCCGTCATCGGC-1,-0.29997119987097626
CXCR3-,HC,PTC41540_PB,GSM4104142_ACTTACTAGTCGTACT-1,-0.29997119987097626
CXCR3-,HC,PTC41540_PB,GSM4104142_ACTTACTCACCTTGTC-1,-0.29997119987097626
CXCR3-,HC,PTC41540_PB,GSM4104142_AGACGTTCATTACGAC-1,-0.16556140247606363
CXCR3-,HC,PTC41540_PB,GSM4104142_AGAGCGACAAACTGTC-1,-0.29997119987097626
CXCR3-,HC,PTC41540_PB,GSM4104142_AGAGCGATCCTGTACC-1,-0.29997119987097626
CXCR3-,HC,PTC41540_PB,GSM4104142_AGAGCTTGTGTGACCC-1,-0.29997119987097626
CXCR3-,HC,PTC41540_PB,GSM4104142_AGAGTGGAGACCTAGG-1,-0.29997119987097626
CXCR3-,HC,PTC41540_PB,GSM4104142_AGAGTGGAGCGTTGCC-1,-0.29997119987097626
CXCR3-,HC,PTC41540_PB,GSM4104142_AGATCTGAGTGCAAGC-1,-0.13768111433601715
CXCR3-,HC,PTC41540_PB,GSM4104142_AGATCTGGTTATTCTC-1,-0.29997119987097626
CXCR3-,HC,PTC41540_PB,GSM4104142_AGATTGCCATGCTAGT-1,0.001563426623366393
CXCR3-,HC,PTC41540_PB,GSM4104142_AGCAGCCCAGACAAGC-1,-0.29997119987097626
CXCR3-,HC,PTC41540_PB,GSM4104142_AGCAGCCGTCAGTGGA-1,-0.29997119987097626
CXCR3-,HC,PTC41540_PB,GSM4104142_AGCATACTCCGAGCCA-1,-0.29997119987097626
CXCR3-,HC,PTC41540_PB,GSM4104142_AGCATACTCTGTCCGT-1,-0.013319369964527539
CXCR3-,HC,PTC41540_PB,GSM4104142_AGCCTAACACGCATCG-1,-0.29997119987097626
CXCR3-,HC,PTC41540_PB,GSM4104142_AGCCTAAGTTCCAACA-1,-0.1801395648618104
CXCR3-,HC,PTC41540_PB,GSM4104142_AGCCTAATCCAATGGT-1,-0.29997119987097626
CXCR3-,HC,PTC41540_PB,GSM4104142_AGCGGTCAGACATAAC-1,-0.16090493649118875
CXCR3-,HC,PTC41540_PB,GSM4104142_AGCGGTCAGTTACGGG-1,-0.29997119987097626
CXCR3+,HC,PTC41540_PB,GSM4104142_AGCGGTCGTACCATCA-1,-0.29997119987097626
CXCR3-,HC,PTC41540_PB,GSM4104142_AGCGGTCGTCCATCCT-1,-0.29997119987097626
CXCR3-,HC,PTC41540_PB,GSM4104142_AGCGGTCTCCAGATCA-1,-0.29997119987097626
CXCR3-,HC,PTC41540_PB,GSM4104142_AGCGGTCTCTTGTCAT-1,0.2497491650782398
CXCR3-,HC,PTC41540_PB,GSM4104142_AGCGTATTCCTCATTA-1,-0.29997119987097626
CXCR3-,HC,PTC41540_PB,GSM4104142_AGCGTATTCGTACCGG-1,-0.29997119987097626
CXCR3-,HC,PTC41540_PB,GSM4104142_AGCTCTCCATTATCTC-1,-0.29997119987097626
CXCR3+,HC,PTC41540_PB,GSM4104142_AGCTCTCCATTGGTAC-1,-0.1046199819855546
CXCR3-,HC,PTC41540_PB,GSM4104142_AGCTCTCGTGCACGAA-1,-0.1311151994843597
CXCR3-,HC,PTC41540_PB,GSM4104142_AGCTCTCTCTTGTCAT-1,0.21449101168412069
CXCR3-,HC,PTC41540_PB,GSM4104142_AGCTTGACACAGTCGC-1,-0.04051041619991234
CXCR3-,HC,PTC41540_PB,GSM4104142_AGGCCGTCACCAGTTA-1,-0.29997119987097626
CXCR3-,HC,PTC41540_PB,GSM4104142_AGGCCGTCACTGTTAG-1,0.04410761265915072
CXCR3-,HC,PTC41540_PB,GSM4104142_AGGCCGTGTGAGGGAG-1,-0.16959488729823727
CXCR3-,HC,PTC41540_PB,GSM4104142_AGGGAGTGTTCGCTAA-1,-0.15294159779541738
CXCR3-,HC,PTC41540_PB,GSM4104142_AGGGAGTTCATAACCG-1,-0.04748380507173544
CXCR3-,HC,PTC41540_PB,GSM4104142_AGGGATGAGAGGTTGC-1,-0.29997119987097626
CXCR3-,HC,PTC41540_PB,GSM4104142_AGGGATGTCAGAGACG-1,0.07152915704479068
CXCR3-,HC,PTC41540_PB,GSM4104142_AGGGATGTCGGCTACG-1,-0.29997119987097626
CXCR3-,HC,PTC41540_PB,GSM4104142_AGGGTGACAGTCACTA-1,-0.29997119987097626
CXCR3-,HC,PTC41540_PB,GSM4104142_AGGGTGATCATGTCTT-1,-0.29997119987097626
CXCR3-,HC,PTC41540_PB,GSM4104142_AGGTCATCACCAGCAC-1,-0.29997119987097626
CXCR3-,HC,PTC41540_PB,GSM4104142_AGGTCCGAGACTGTAA-1,-0.29997119987097626
CXCR3-,HC,PTC41540_PB,GSM4104142_AGTCTTTGTAAGGGAA-1,0.044405716899326785
CXCR3-,HC,PTC41540_PB,GSM4104142_AGTCTTTGTAGCAAAT-1,0.16362038003550092
CXCR3-,HC,PTC41540_PB,GSM4104142_AGTCTTTTCCTGTACC-1,1.3755229003088973
CXCR3-,HC,PTC41540_PB,GSM4104142_AGTGAGGAGACTCGGA-1,-0.29997119987097626
CXCR3-,HC,PTC41540_PB,GSM4104142_AGTGAGGGTTCGGGCT-1,-0.29997119987097626
CXCR3-,HC,PTC41540_PB,GSM4104142_AGTGAGGTCAGGCAAG-1,-0.29997119987097626
CXCR3-,HC,PTC41540_PB,GSM4104142_AGTGAGGTCATGTCTT-1,0.11838681613663218
CXCR3-,HC,PTC41540_PB,GSM4104142_AGTGGGATCACAATGC-1,0.3247962995027639
CXCR3-,HC,PTC41540_PB,GSM4104142_AGTGGGATCCGGCACA-1,0.7741293241381954
CXCR3-,HC,PTC41540_PB,GSM4104142_AGTGTCACAAGGCTCC-1,-0.29997119987097626
CXCR3-,HC,PTC41540_PB,GSM4104142_AGTGTCATCCCAGGTG-1,-0.29997119987097626
CXCR3-,HC,PTC41540_PB,GSM4104142_AGTTGGTAGCGTAATA-1,-0.29997119987097626
CXCR3-,HC,PTC41540_PB,GSM4104142_AGTTGGTTCACGATGT-1,-0.05112045204185841
CXCR3-,HC,PTC41540_PB,GSM4104142_ATAACGCAGGGATCTG-1,-0.09421646379142826
CXCR3-,HC,PTC41540_PB,GSM4104142_ATAAGAGAGATGTAAC-1,0.081536306556564
CXCR3-,HC,PTC41540_PB,GSM4104142_ATAAGAGCACAGGAGT-1,-0.29997119987097626
CXCR3-,HC,PTC41540_PB,GSM4104142_ATAGACCAGATCGGGT-1,-0.29997119987097626
CXCR3-,HC,PTC41540_PB,GSM4104142_ATAGACCAGGAATCGC-1,-0.07223464566075645
CXCR3-,HC,PTC41540_PB,GSM4104142_ATAGACCCAATAGAGT-1,-0.29997119987097626
CXCR3-,HC,PTC41540_PB,GSM4104142_ATCACGATCCAAAGTC-1,-0.12323481711679694
CXCR3-,HC,PTC41540_PB,GSM4104142_ATCATCTAGTGATCGG-1,-0.14420563306571463
CXCR3-,HC,PTC41540_PB,GSM4104142_ATCATCTTCATATCGG-1,-0.29997119987097626
CXCR3-,HC,PTC41540_PB,GSM4104142_ATCATCTTCCGTTGTC-1,-0.29997119987097626
CXCR3-,HC,PTC41540_PB,GSM4104142_ATCCACCGTCTAACGT-1,-0.29997119987097626
CXCR3-,HC,PTC41540_PB,GSM4104142_ATCCACCTCTTTAGTC-1,-0.29997119987097626
CXCR3-,HC,PTC41540_PB,GSM4104142_ATCCGAAAGATTACCC-1,-0.11563991443690362
CXCR3-,HC,PTC41540_PB,GSM4104142_ATCCGAAAGTTAGCGG-1,0.04182991764074966
CXCR3-,HC,PTC41540_PB,GSM4104142_ATCGAGTAGAGATGAG-1,-0.29997119987097626
CXCR3-,HC,PTC41540_PB,GSM4104142_ATCGAGTAGGGTTTCT-1,-0.29997119987097626
CXCR3-,HC,PTC41540_PB,GSM4104142_ATCGAGTCAAGCCCAC-1,-0.29997119987097626
CXCR3-,HC,PTC41540_PB,GSM4104142_ATCTACTAGAGCAATT-1,-0.29997119987097626
CXCR3-,HC,PTC41540_PB,GSM4104142_ATCTACTAGTCTCGGC-1,-0.29997119987097626
CXCR3-,HC,PTC41540_PB,GSM4104142_ATCTGCCGTAAATGTG-1,-0.29997119987097626
CXCR3-,HC,PTC41540_PB,GSM4104142_ATGAGGGAGCTGGAAC-1,-0.29997119987097626
CXCR3-,HC,PTC41540_PB,GSM4104142_ATGCGATCAGATGGCA-1,-0.29997119987097626
CXCR3-,HC,PTC41540_PB,GSM4104142_ATGCGATCATACGCTA-1,0.22531682671345993
CXCR3-,HC,PTC41540_PB,GSM4104142_ATGGGAGAGCGTGAGT-1,-0.29997119987097626
CXCR3-,HC,PTC41540_PB,GSM4104142_ATGGGAGAGCTGATAA-1,-0.29997119987097626
CXCR3-,HC,PTC41540_PB,GSM4104142_ATGGGAGCAGTCAGAG-1,0.41017696651881747
CXCR3-,HC,PTC41540_PB,GSM4104142_ATGGGAGGTAACGTTC-1,0.14417235061158773
CXCR3-,HC,PTC41540_PB,GSM4104142_ATGTGTGAGGGATACC-1,-0.29997119987097626
CXCR3-,HC,PTC41540_PB,GSM4104142_ATGTGTGTCTCTAAGG-1,-0.29997119987097626
CXCR3-,HC,PTC41540_PB,GSM4104142_ATTACTCAGCGTTTAC-1,-0.29997119987097626
CXCR3-,HC,PTC41540_PB,GSM4104142_ATTACTCTCATTATCC-1,-0.015435555490281071
CXCR3-,HC,PTC41540_PB,GSM4104142_ATTCTACAGATCCGAG-1,-0.29997119987097626
CXCR3-,HC,PTC41540_PB,GSM4104142_ATTCTACAGGCGCTCT-1,0.22356839708275927
CXCR3-,HC,PTC41540_PB,GSM4104142_ATTCTACCAGGACCCT-1,-0.29997119987097626
CXCR3-,HC,PTC41540_PB,GSM4104142_ATTCTACGTGCCTGCA-1,-0.29997119987097626
CXCR3-,HC,PTC41540_PB,GSM4104142_ATTGGACGTTAGTGGG-1,-0.29997119987097626
CXCR3-,HC,PTC41540_PB,GSM4104142_ATTGGTGAGCACGCCT-1,-0.29997119987097626
CXCR3-,HC,PTC41540_PB,GSM4104142_ATTGGTGCAACCGCCA-1,-0.29997119987097626
CXCR3-,HC,PTC41540_PB,GSM4104142_ATTGGTGGTGGGTCAA-1,-0.14159426677309364
CXCR3-,HC,PTC41540_PB,GSM4104142_ATTGGTGTCATCATTC-1,-0.29997119987097626
CXCR3-,HC,PTC41540_PB,GSM4104142_ATTGGTGTCCGATATG-1,-0.29997119987097626
CXCR3-,HC,PTC41540_PB,GSM4104142_ATTTCTGGTATTCTCT-1,-0.29997119987097626
CXCR3-,HC,PTC41540_PB,GSM4104142_CAACCAAAGGACAGAA-1,-0.29997119987097626
CXCR3-,HC,PTC41540_PB,GSM4104142_CAACCAAAGGGTGTGT-1,-0.29997119987097626
CXCR3-,HC,PTC41540_PB,GSM4104142_CAACCAACAGATAATG-1,-0.29997119987097626
CXCR3-,HC,PTC41540_PB,GSM4104142_CAACCTCAGGCCCGTT-1,0.22253606141813176
CXCR3-,HC,PTC41540_PB,GSM4104142_CAACCTCAGGGCATGT-1,-0.10636214435699966
CXCR3-,HC,PTC41540_PB,GSM4104142_CAACCTCGTGTGGCTC-1,-0.1261076282827365
CXCR3-,HC,PTC41540_PB,GSM4104142_CAACCTCTCCCGACTT-1,-0.1049396416204177
CXCR3-,HC,PTC41540_PB,GSM4104142_CAACTAGAGCTAAGAT-1,-0.29997119987097626
CXCR3-,HC,PTC41540_PB,GSM4104142_CAACTAGCATCGTCGG-1,-0.29997119987097626
CXCR3-,HC,PTC41540_PB,GSM4104142_CAACTAGGTAAAGGAG-1,0.18005843500384405
CXCR3-,HC,PTC41540_PB,GSM4104142_CAACTAGGTTCCGGCA-1,-0.125122876424526
CXCR3-,HC,PTC41540_PB,GSM4104142_CAAGAAAGTGGTAACG-1,-0.024729534255141104
CXCR3-,HC,PTC41540_PB,GSM4104142_CAAGATCGTATAGGTA-1,-0.062346653510981766
CXCR3-,HC,PTC41540_PB,GSM4104142_CAAGGCCCACACGCTG-1,0.15179066712064904
CXCR3-,HC,PTC41540_PB,GSM4104142_CAAGGCCCACATTCGA-1,-0.10504588619730537
CXCR3-,HC,PTC41540_PB,GSM4104142_CAAGGCCTCGTGGGAA-1,0.38168353314263664
CXCR3-,HC,PTC41540_PB,GSM4104142_CAAGGCCTCTTTACGT-1,0.1660241524208946
CXCR3-,HC,PTC41540_PB,GSM4104142_CAAGTTGCACATGGGA-1,-0.29997119987097626
CXCR3-,HC,PTC41540_PB,GSM4104142_CAAGTTGTCGGCTTGG-1,-0.29997119987097626
CXCR3-,HC,PTC41540_PB,GSM4104142_CACAAACAGTACGCGA-1,-0.29997119987097626
CXCR3-,HC,PTC41540_PB,GSM4104142_CACAAACTCTACCTGC-1,-0.29997119987097626
CXCR3-,HC,PTC41540_PB,GSM4104142_CACACAAAGCTACCGC-1,0.41496306651796544
CXCR3-,HC,PTC41540_PB,GSM4104142_CACACAAGTGCCTTGG-1,-0.17548838473509062
CXCR3-,HC,PTC41540_PB,GSM4104142_CACACAATCGGCGCTA-1,0.31089310559215066
CXCR3-,HC,PTC41540_PB,GSM4104142_CACACAATCGTTGACA-1,-0.29997119987097626
CXCR3-,HC,PTC41540_PB,GSM4104142_CACACCTCATACGCCG-1,-0.29997119987097626
CXCR3-,HC,PTC41540_PB,GSM4104142_CACACCTTCTCGATGA-1,-0.29997119987097626
CXCR3-,HC,PTC41540_PB,GSM4104142_CACACTCAGCTCCCAG-1,-0.29997119987097626
CXCR3-,HC,PTC41540_PB,GSM4104142_CACACTCAGTGAAGAG-1,0.2011885275482897
CXCR3-,HC,PTC41540_PB,GSM4104142_CACAGGCCAAGAAGAG-1,-0.29997119987097626
CXCR3-,HC,PTC41540_PB,GSM4104142_CACAGTAGTTCATGGT-1,-0.29997119987097626
CXCR3-,HC,PTC41540_PB,GSM4104142_CACATAGAGGTTCCTA-1,-0.29997119987097626
CXCR3-,HC,PTC41540_PB,GSM4104142_CACATAGCAGCTGTAT-1,-0.29997119987097626
CXCR3-,HC,PTC41540_PB,GSM4104142_CACATAGGTATAGTAG-1,-0.29997119987097626
CXCR3-,HC,PTC41540_PB,GSM4104142_CACATTTGTGACTACT-1,0.053412103151366526
CXCR3-,HC,PTC41540_PB,GSM4104142_CACCACTCAAGCTGTT-1,-0.16463295496946576
CXCR3-,HC,PTC41540_PB,GSM4104142_CACCACTTCCAGTATG-1,0.3519296671342572
CXCR3-,HC,PTC41540_PB,GSM4104142_CACCAGGTCGAACGGA-1,-0.29997119987097626
CXCR3-,HC,PTC41540_PB,GSM4104142_CACCAGGTCTACTATC-1,-0.29997119987097626
CXCR3-,HC,PTC41540_PB,GSM4104142_CACCTTGAGAGACTTA-1,-0.29997119987097626
CXCR3-,HC,PTC41540_PB,GSM4104142_CACCTTGAGAGCTGGT-1,-0.29997119987097626
CXCR3-,HC,PTC41540_PB,GSM4104142_CACTCCAAGTGAACGC-1,-0.29997119987097626
CXCR3-,HC,PTC41540_PB,GSM4104142_CAGAATCTCCTAGTGA-1,-0.29997119987097626
CXCR3-,HC,PTC41540_PB,GSM4104142_CAGAATCTCGGCTACG-1,0.0328095107815461
CXCR3-,HC,PTC41540_PB,GSM4104142_CAGAGAGCAAGTAGTA-1,-0.29997119987097626
CXCR3-,HC,PTC41540_PB,GSM4104142_CAGAGAGCACTCGACG-1,-0.29997119987097626
CXCR3-,HC,PTC41540_PB,GSM4104142_CAGAGAGTCACGATGT-1,-0.29997119987097626
CXCR3-,HC,PTC41540_PB,GSM4104142_CAGAGAGTCGCGGATC-1,-0.29997119987097626
CXCR3-,HC,PTC41540_PB,GSM4104142_CAGATCACATTGGTAC-1,-0.29997119987097626
CXCR3-,HC,PTC41540_PB,GSM4104142_CAGCAGCAGGCATGGT-1,-0.29997119987097626
CXCR3-,HC,PTC41540_PB,GSM4104142_CAGCAGCCAGTCAGCC-1,-0.002454586007045456
CXCR3-,HC,PTC41540_PB,GSM4104142_CAGCAGCTCGCGCCAA-1,-0.29997119987097626
CXCR3-,HC,PTC41540_PB,GSM4104142_CAGCATAGTACATGTC-1,0.4792446429585861
CXCR3-,HC,PTC41540_PB,GSM4104142_CAGCATATCGGAGCAA-1,-0.030292272797757102
CXCR3-,HC,PTC41540_PB,GSM4104142_CAGCCGATCTGGTATG-1,-0.29997119987097626
CXCR3-,HC,PTC41540_PB,GSM4104142_CAGCGACAGGCATTGG-1,0.9306247877386478
CXCR3-,HC,PTC41540_PB,GSM4104142_CAGCGACCACTACAGT-1,0.25485873580756013
CXCR3+,HC,PTC41540_PB,GSM4104142_CAGCGACTCAGGCAAG-1,-0.29997119987097626
CXCR3-,HC,PTC41540_PB,GSM4104142_CAGCGACTCGTTACGA-1,0.933601479313559
CXCR3-,HC,PTC41540_PB,GSM4104142_CAGCGACTCTGGGCCA-1,-0.29997119987097626
CXCR3-,HC,PTC41540_PB,GSM4104142_CAGCTAAAGGTGCACA-1,-0.29997119987097626
CXCR3-,HC,PTC41540_PB,GSM4104142_CAGCTAAAGTTGAGTA-1,0.14368203678745467
CXCR3-,HC,PTC41540_PB,GSM4104142_CAGCTAACAATGGAGC-1,0.06401710137771201
CXCR3-,HC,PTC41540_PB,GSM4104142_CAGGTGCGTCATACTG-1,-0.29997119987097626
CXCR3-,HC,PTC41540_PB,GSM4104142_CAGGTGCTCCGGGTGT-1,0.06969224155167209
CXCR3-,HC,PTC41540_PB,GSM4104142_CAGTAACAGCGCCTTG-1,-0.29997119987097626
CXCR3-,HC,PTC41540_PB,GSM4104142_CAGTAACCACATCCAA-1,-0.11091226284530954
CXCR3-,HC,PTC41540_PB,GSM4104142_CAGTAACCATTAGGCT-1,-0.17660977192450428
CXCR3-,HC,PTC41540_PB,GSM4104142_CAGTAACGTCGACTGC-1,0.2862009464045582
CXCR3-,HC,PTC41540_PB,GSM4104142_CAGTAACGTCTCACCT-1,-0.29997119987097626
CXCR3-,HC,PTC41540_PB,GSM4104142_CATATGGAGCGGCTTC-1,-0.29997119987097626
CXCR3-,HC,PTC41540_PB,GSM4104142_CATATGGGTGACTCAT-1,0.3491583181447298
CXCR3-,HC,PTC41540_PB,GSM4104142_CATATGGTCAGCACAT-1,-0.29997119987097626
CXCR3-,HC,PTC41540_PB,GSM4104142_CATATGGTCTTGAGAC-1,-0.29997119987097626
CXCR3-,HC,PTC41540_PB,GSM4104142_CATATTCCAAACAACA-1,-0.29997119987097626
CXCR3-,HC,PTC41540_PB,GSM4104142_CATATTCCAAACCCAT-1,-0.29997119987097626
CXCR3-,HC,PTC41540_PB,GSM4104142_CATATTCGTTTAAGCC-1,-0.29997119987097626
CXCR3-,HC,PTC41540_PB,GSM4104142_CATCAAGCATCCGCGA-1,0.0723946122276282
CXCR3-,HC,PTC41540_PB,GSM4104142_CATCAAGGTCTCTCTG-1,-0.29997119987097626
CXCR3-,HC,PTC41540_PB,GSM4104142_CATCAGACACCTCGGA-1,-0.29997119987097626
CXCR3-,HC,PTC41540_PB,GSM4104142_CATCAGAGTATATGAG-1,-0.29997119987097626
CXCR3-,HC,PTC41540_PB,GSM4104142_CATCCACTCGAATGCT-1,-0.13298440858965851
CXCR3-,HC,PTC41540_PB,GSM4104142_CATCGAAGTGCTAGCC-1,-0.29997119987097626
CXCR3-,HC,PTC41540_PB,GSM4104142_CATCGAATCCCACTTG-1,0.0928824435159629
CXCR3-,HC,PTC41540_PB,GSM4104142_CATCGAATCGTTGACA-1,0.32984338218323356
CXCR3-,HC,PTC41540_PB,GSM4104142_CATGACACAACACCTA-1,-0.29997119987097626
CXCR3-,HC,PTC41540_PB,GSM4104142_CATGGCGCAAACTGTC-1,-0.13641474695729294
CXCR3-,HC,PTC41540_PB,GSM4104142_CATGGCGCAGATAATG-1,-0.17140358841180126
CXCR3-,HC,PTC41540_PB,GSM4104142_CATGGCGTCGGGAGTA-1,-0.29997119987097626
CXCR3-,HC,PTC41540_PB,GSM4104142_CATTATCAGATGTGTA-1,-0.29997119987097626
CXCR3-,HC,PTC41540_PB,GSM4104142_CATTATCCACCGTTGG-1,-0.29997119987097626
CXCR3-,HC,PTC41540_PB,GSM4104142_CATTCGCAGGCCCGTT-1,-0.10508850426881167
CXCR3-,HC,PTC41540_PB,GSM4104142_CATTCGCCAGTATCTG-1,-0.29997119987097626
CXCR3-,HC,PTC41540_PB,GSM4104142_CATTCGCGTGAAGGCT-1,-0.29997119987097626
CXCR3-,HC,PTC41540_PB,GSM4104142_CCACCTAAGACACTAA-1,-0.29997119987097626
CXCR3-,HC,PTC41540_PB,GSM4104142_CCACCTAAGCGCTCCA-1,0.1582278568849121
CXCR3-,HC,PTC41540_PB,GSM4104142_CCACCTACAAATTGCC-1,0.04305651613870633
CXCR3-,HC,PTC41540_PB,GSM4104142_CCACCTACATCTCCCA-1,-0.17613198191662757
CXCR3-,HC,PTC41540_PB,GSM4104142_CCACCTATCTTATCTG-1,-0.29997119987097626
CXCR3-,HC,PTC41540_PB,GSM4104142_CCACGGAAGAGGTAGA-1,-0.29997119987097626
CXCR3-,HC,PTC41540_PB,GSM4104142_CCACGGACATGATCCA-1,-0.29997119987097626
CXCR3-,HC,PTC41540_PB,GSM4104142_CCACGGATCAGCTCTC-1,-0.1799736431613657
CXCR3-,HC,PTC41540_PB,GSM4104142_CCACTACCAGCGTTCG-1,-0.13065278651838885
CXCR3-,HC,PTC41540_PB,GSM4104142_CCACTACCATGTTCCC-1,-0.29997119987097626
CXCR3-,HC,PTC41540_PB,GSM4104142_CCAGCGAAGTGACATA-1,-0.29997119987097626
CXCR3-,HC,PTC41540_PB,GSM4104142_CCAGCGAGTGTGCCTG-1,-0.29997119987097626
CXCR3-,HC,PTC41540_PB,GSM4104142_CCATGTCCAGCTGCAC-1,-0.29997119987097626
CXCR3-,HC,PTC41540_PB,GSM4104142_CCATTCGAGGGCTCTC-1,0.085635008646994
CXCR3-,HC,PTC41540_PB,GSM4104142_CCATTCGTCTCCGGTT-1,-0.29997119987097626
CXCR3-,HC,PTC41540_PB,GSM4104142_CCCAATCAGCTGCAAG-1,-0.29997119987097626
CXCR3-,HC,PTC41540_PB,GSM4104142_CCCAATCAGTTCGATC-1,-0.29997119987097626
CXCR3-,HC,PTC41540_PB,GSM4104142_CCCATACAGCGTTGCC-1,-0.29997119987097626
CXCR3-,HC,PTC41540_PB,GSM4104142_CCCATACCAAACGCGA-1,-0.17557823260342165
CXCR3-,HC,PTC41540_PB,GSM4104142_CCCATACCAAGCGCTC-1,-0.29997119987097626
CXCR3-,HC,PTC41540_PB,GSM4104142_CCCTCCTGTGGCGAAT-1,-0.29997119987097626
CXCR3-,HC,PTC41540_PB,GSM4104142_CCCTCCTTCACGACTA-1,0.9068364390594329
CXCR3-,HC,PTC41540_PB,GSM4104142_CCCTCCTTCGAACTGT-1,0.19648983511764193
CXCR3-,HC,PTC41540_PB,GSM4104142_CCGGGATGTAGGACAC-1,-0.29997119987097626
CXCR3-,HC,PTC41540_PB,GSM4104142_CCGTACTTCCAAACTG-1,-0.29997119987097626
CXCR3-,HC,PTC41540_PB,GSM4104142_CCGTGGAGTAGATTAG-1,-0.29997119987097626
CXCR3-,HC,PTC41540_PB,GSM4104142_CCTAAAGAGTGTGAAT-1,-0.13656797824226033
CXCR3-,HC,PTC41540_PB,GSM4104142_CCTACACAGAAACGAG-1,-0.15918873203518652
CXCR3-,HC,PTC41540_PB,GSM4104142_CCTACACGTGAACCTT-1,0.019463728740891924
CXCR3-,HC,PTC41540_PB,GSM4104142_CCTACCATCTTGACGA-1,0.17147450442718853
CXCR3+,HC,PTC41540_PB,GSM4104142_CCTAGCTAGACTAGAT-1,0.6661283456248616
CXCR3-,HC,PTC41540_PB,GSM4104142_CCTAGCTGTGTCTGAT-1,-0.29997119987097626
CXCR3-,HC,PTC41540_PB,GSM4104142_CCTAGCTTCAGTTCGA-1,-0.29997119987097626
CXCR3-,HC,PTC41540_PB,GSM4104142_CCTCAGTCAAGTTAAG-1,-0.29997119987097626
CXCR3-,HC,PTC41540_PB,GSM4104142_CCTCTGAAGACTTGAA-1,-0.29997119987097626
CXCR3-,HC,PTC41540_PB,GSM4104142_CCTCTGAAGCGTGAAC-1,-0.29997119987097626
CXCR3-,HC,PTC41540_PB,GSM4104142_CCTCTGACAAAGGTGC-1,-0.15788660812400462
CXCR3-,HC,PTC41540_PB,GSM4104142_CCTCTGAGTACGCTGC-1,0.2186309043762451
CXCR3-,HC,PTC41540_PB,GSM4104142_CCTTACGCATGTTCCC-1,-0.29997119987097626
CXCR3-,HC,PTC41540_PB,GSM4104142_CCTTCCCCAAAGTCAA-1,0.11089898669471622
CXCR3-,HC,PTC41540_PB,GSM4104142_CCTTCCCCAGGGTTAG-1,-0.29997119987097626
CXCR3-,HC,PTC41540_PB,GSM4104142_CCTTCCCCATACGCCG-1,-0.29997119987097626
CXCR3-,HC,PTC41540_PB,GSM4104142_CCTTCGACATAGAAAC-1,-0.04976621752657308
CXCR3-,HC,PTC41540_PB,GSM4104142_CCTTTCTGTCTCCCTA-1,0.3901659567135675
CXCR3-,HC,PTC41540_PB,GSM4104142_CGAACATGTAGCGATG-1,-0.04134554790029254
CXCR3-,HC,PTC41540_PB,GSM4104142_CGAACATGTAGTGAAT-1,-0.0789439435774264
CXCR3-,HC,PTC41540_PB,GSM4104142_CGAACATTCACATGCA-1,0.1406348306506339
CXCR3-,HC,PTC41540_PB,GSM4104142_CGAATGTCAGGGTTAG-1,-0.29997119987097626
CXCR3-,HC,PTC41540_PB,GSM4104142_CGAATGTGTCTTTCAT-1,-0.09766261234831893
CXCR3+,HC,PTC41540_PB,GSM4104142_CGAATGTTCAAACGGG-1,-0.29997119987097626
CXCR3-,HC,PTC41540_PB,GSM4104142_CGACCTTGTTCAGTAC-1,-0.29997119987097626
CXCR3-,HC,PTC41540_PB,GSM4104142_CGAGAAGCATATACGC-1,-0.07640779195716142
CXCR3-,HC,PTC41540_PB,GSM4104142_CGAGAAGGTCCGAATT-1,0.21575292891821668
CXCR3-,HC,PTC41540_PB,GSM4104142_CGAGAAGGTGGGTATG-1,-0.29997119987097626
CXCR3-,HC,PTC41540_PB,GSM4104142_CGAGCACAGTCTTGCA-1,-0.29997119987097626
CXCR3-,HC,PTC41540_PB,GSM4104142_CGAGCCACAGACTCGC-1,-0.29997119987097626
CXCR3-,HC,PTC41540_PB,GSM4104142_CGAGCCATCCCAAGTA-1,-0.29997119987097626
CXCR3+,HC,PTC41540_PB,GSM4104142_CGATCGGGTTATCGGT-1,-0.22435618440042285
CXCR3-,HC,PTC41540_PB,GSM4104142_CGATGGCAGTTGAGTA-1,-0.29997119987097626
CXCR3-,HC,PTC41540_PB,GSM4104142_CGATTGAAGAAACCTA-1,-0.29997119987097626
CXCR3-,HC,PTC41540_PB,GSM4104142_CGATTGAAGCTGAACG-1,-0.29997119987097626
CXCR3-,HC,PTC41540_PB,GSM4104142_CGCCAAGAGTGACTCT-1,-0.29997119987097626
CXCR3-,HC,PTC41540_PB,GSM4104142_CGCCAAGCAGGCTGAA-1,-0.29997119987097626
CXCR3-,HC,PTC41540_PB,GSM4104142_CGCCAAGCATTCCTGC-1,-0.29997119987097626
CXCR3-,HC,PTC41540_PB,GSM4104142_CGCCAAGTCAAACCGT-1,-0.11796310537139908
CXCR3-,HC,PTC41540_PB,GSM4104142_CGCGGTAGTGGGTATG-1,-0.29997119987097626
CXCR3-,HC,PTC41540_PB,GSM4104142_CGCGGTATCCTCATTA-1,-0.29997119987097626
CXCR3-,HC,PTC41540_PB,GSM4104142_CGCGTTTCAAAGGCGT-1,0.5356088893032008
CXCR3-,HC,PTC41540_PB,GSM4104142_CGCTATCAGTCTTGCA-1,-0.29997119987097626
CXCR3-,HC,PTC41540_PB,GSM4104142_CGCTGGATCCCTTGTG-1,-0.18033726298899636
CXCR3-,HC,PTC41540_PB,GSM4104142_CGCTTCACACCTTGTC-1,-0.03704531793647401
CXCR3-,HC,PTC41540_PB,GSM4104142_CGCTTCAGTCTCTTTA-1,-0.29997119987097626
CXCR3-,HC,PTC41540_PB,GSM4104142_CGCTTCATCGTGACAT-1,-0.29997119987097626
CXCR3-,HC,PTC41540_PB,GSM4104142_CGGACACAGATATACG-1,0.15047895216869242
CXCR3-,HC,PTC41540_PB,GSM4104142_CGGACACAGTGTACGG-1,-0.29997119987097626
CXCR3-,HC,PTC41540_PB,GSM4104142_CGGACACGTACTCTCC-1,-0.29997119987097626
CXCR3-,HC,PTC41540_PB,GSM4104142_CGGACACGTGGTACAG-1,-0.29997119987097626
CXCR3-,HC,PTC41540_PB,GSM4104142_CGGACGTCAACTGCTA-1,-0.17636254378276478
CXCR3-,HC,PTC41540_PB,GSM4104142_CGGACTGGTAGGCATG-1,-0.18282686701914783
CXCR3-,HC,PTC41540_PB,GSM4104142_CGGAGCTAGAAGAAGC-1,-0.29997119987097626
CXCR3-,HC,PTC41540_PB,GSM4104142_CGGAGCTGTCTCTCTG-1,-0.06084277819394268
CXCR3-,HC,PTC41540_PB,GSM4104142_CGGAGTCAGGTTACCT-1,-0.29997119987097626
CXCR3-,HC,PTC41540_PB,GSM4104142_CGGAGTCCAAATTGCC-1,0.375292726675111
CXCR3-,HC,PTC41540_PB,GSM4104142_CGGAGTCGTCGAAAGC-1,-0.1537156771473338
CXCR3-,HC,PTC41540_PB,GSM4104142_CGGAGTCTCCTCAACC-1,-0.29997119987097626
CXCR3-,HC,PTC41540_PB,GSM4104142_CGGCTAGCACAGACAG-1,-0.29997119987097626
CXCR3-,HC,PTC41540_PB,GSM4104142_CGGCTAGCATCCTTGC-1,0.05544820939248845
CXCR3-,HC,PTC41540_PB,GSM4104142_CGGCTAGTCAGTACGT-1,-0.29997119987097626
CXCR3-,HC,PTC41540_PB,GSM4104142_CGGGTCAAGGAGCGAG-1,1.4187506299330295
CXCR3-,HC,PTC41540_PB,GSM4104142_CGGTTAAAGCCCAACC-1,-0.29997119987097626
CXCR3-,HC,PTC41540_PB,GSM4104142_CGGTTAAAGCGCTTAT-1,-0.29997119987097626
CXCR3-,HC,PTC41540_PB,GSM4104142_CGGTTAACATGTCTCC-1,0.19699964433845493
CXCR3-,HC,PTC41540_PB,GSM4104142_CGTAGCGAGGCAAAGA-1,-0.29997119987097626
CXCR3-,HC,PTC41540_PB,GSM4104142_CGTAGCGGTGATGTGG-1,-0.02004084565934446
CXCR3-,HC,PTC41540_PB,GSM4104142_CGTAGCGTCGGTTCGG-1,-0.29997119987097626
CXCR3-,HC,PTC41540_PB,GSM4104142_CGTAGGCAGAGTTGGC-1,-0.29997119987097626
CXCR3-,HC,PTC41540_PB,GSM4104142_CGTCACTCACAAGCCC-1,-0.29997119987097626
CXCR3-,HC,PTC41540_PB,GSM4104142_CGTCACTTCAGCGATT-1,0.9967999546126768
CXCR3-,HC,PTC41540_PB,GSM4104142_CGTCACTTCAGTTAGC-1,-0.08555042470547572
CXCR3-,HC,PTC41540_PB,GSM4104142_CGTCAGGCAGTCACTA-1,-0.29997119987097626
CXCR3-,HC,PTC41540_PB,GSM4104142_CGTCAGGTCAGTACGT-1,-0.29997119987097626
CXCR3-,HC,PTC41540_PB,GSM4104142_CGTCAGGTCTTTACGT-1,-0.29997119987097626
CXCR3-,HC,PTC41540_PB,GSM4104142_CGTCCATAGACTTTCG-1,-0.29997119987097626
CXCR3-,HC,PTC41540_PB,GSM4104142_CGTCCATAGCACGCCT-1,1.2023511859223055
CXCR3-,HC,PTC41540_PB,GSM4104142_CGTCTACGTGATGTGG-1,-0.29997119987097626
CXCR3-,HC,PTC41540_PB,GSM4104142_CGTGAGCGTGACGCCT-1,-0.29997119987097626
CXCR3-,HC,PTC41540_PB,GSM4104142_CGTGTAACACCTATCC-1,-0.29997119987097626
CXCR3-,HC,PTC41540_PB,GSM4104142_CGTGTAACATCTCGCT-1,-0.015496119814412223
CXCR3-,HC,PTC41540_PB,GSM4104142_CGTGTAAGTAATAGCA-1,0.7858842010177948
CXCR3-,HC,PTC41540_PB,GSM4104142_CGTGTAAGTCAGAATA-1,-0.08908758741928247
CXCR3-,HC,PTC41540_PB,GSM4104142_CGTGTCTCAGCGTTCG-1,-0.29997119987097626
CXCR3-,HC,PTC41540_PB,GSM4104142_CGTGTCTCAGTCTTCC-1,0.3833067559071571
CXCR3-,HC,PTC41540_PB,GSM4104142_CGTGTCTTCATCACCC-1,-0.29997119987097626
CXCR3-,HC,PTC41540_PB,GSM4104142_CGTTCTGAGATCCCGC-1,0.329183984331585
CXCR3-,HC,PTC41540_PB,GSM4104142_CGTTCTGAGTTCCACA-1,0.3250678542876598
CXCR3-,HC,PTC41540_PB,GSM4104142_CGTTCTGAGTTGTAGA-1,-0.08516783137244101
CXCR3-,HC,PTC41540_PB,GSM4104142_CGTTGGGCAAGACGTG-1,0.4635026851354335
CXCR3-,HC,PTC41540_PB,GSM4104142_CGTTGGGTCAAACAAG-1,-0.29997119987097626
CXCR3-,HC,PTC41540_PB,GSM4104142_CGTTGGGTCTAACGGT-1,-0.29997119987097626
CXCR3-,HC,PTC41540_PB,GSM4104142_CTAACTTAGGTAAACT-1,0.010907657103941688
CXCR3-,HC,PTC41540_PB,GSM4104142_CTAACTTCATCCCATC-1,0.3993698089987168
CXCR3-,HC,PTC41540_PB,GSM4104142_CTACACCCATGCTAGT-1,-0.29997119987097626
CXCR3-,HC,PTC41540_PB,GSM4104142_CTACACCCATGGTAGG-1,-0.29997119987097626
CXCR3-,HC,PTC41540_PB,GSM4104142_CTACATTAGGCAATTA-1,-0.29997119987097626
CXCR3-,HC,PTC41540_PB,GSM4104142_CTACATTCAAGTCTGT-1,-0.29997119987097626
CXCR3-,HC,PTC41540_PB,GSM4104142_CTACATTCACAGACAG-1,0.0856756400008982
CXCR3-,HC,PTC41540_PB,GSM4104142_CTACATTCAGAGTGTG-1,-0.29997119987097626
CXCR3-,HC,PTC41540_PB,GSM4104142_CTACATTGTAAGTTCC-1,-0.29997119987097626
CXCR3-,HC,PTC41540_PB,GSM4104142_CTACATTTCGTTTATC-1,-0.29997119987097626
CXCR3-,HC,PTC41540_PB,GSM4104142_CTACCCAGTTAAAGTG-1,-0.29997119987097626
CXCR3-,HC,PTC41540_PB,GSM4104142_CTACCCATCCGAATGT-1,0.12378687228982439
CXCR3-,HC,PTC41540_PB,GSM4104142_CTAGAGTAGCTGAAAT-1,-0.29997119987097626
CXCR3-,HC,PTC41540_PB,GSM4104142_CTAGAGTAGGATCGCA-1,-0.29997119987097626
CXCR3-,HC,PTC41540_PB,GSM4104142_CTAGCCTAGGCCATAG-1,-0.05660829233389195
CXCR3-,HC,PTC41540_PB,GSM4104142_CTAGCCTCAACGATCT-1,-0.29997119987097626
CXCR3-,HC,PTC41540_PB,GSM4104142_CTAGCCTGTGCTAGCC-1,0.09148905377151563
CXCR3-,HC,PTC41540_PB,GSM4104142_CTAGTGAAGTGTCCCG-1,-0.29997119987097626
CXCR3-,HC,PTC41540_PB,GSM4104142_CTAGTGACACAACTGT-1,-0.12544154377615896
CXCR3-,HC,PTC41540_PB,GSM4104142_CTAGTGACATCCCATC-1,-0.29997119987097626
CXCR3-,HC,PTC41540_PB,GSM4104142_CTAGTGATCATCTGCC-1,-0.29997119987097626
CXCR3+,HC,PTC41540_PB,GSM4104142_CTCACACAGAAGATTC-1,-0.29997119987097626
CXCR3-,HC,PTC41540_PB,GSM4104142_CTCACACGTTAAGACA-1,0.0607042915319409
CXCR3-,HC,PTC41540_PB,GSM4104142_CTCAGAAGTCACCTAA-1,-0.29997119987097626
CXCR3-,HC,PTC41540_PB,GSM4104142_CTCATTAGTGAGGCTA-1,0.40724616445009215
CXCR3-,HC,PTC41540_PB,GSM4104142_CTCATTATCGATAGAA-1,-0.29997119987097626
CXCR3-,HC,PTC41540_PB,GSM4104142_CTCCTAGAGATAGCAT-1,-0.29997119987097626
CXCR3-,HC,PTC41540_PB,GSM4104142_CTCCTAGAGGTCGGAT-1,-0.29997119987097626
CXCR3-,HC,PTC41540_PB,GSM4104142_CTCCTAGCAACACGCC-1,-0.04413662754145906
CXCR3-,HC,PTC41540_PB,GSM4104142_CTCCTAGCACATCCAA-1,0.09932727915857013
CXCR3-,HC,PTC41540_PB,GSM4104142_CTCCTAGGTGACTACT-1,-0.29997119987097626
CXCR3-,HC,PTC41540_PB,GSM4104142_CTCGAAACATGATCCA-1,-0.08413994036797412
CXCR3-,HC,PTC41540_PB,GSM4104142_CTCGAAAGTGGACGAT-1,-0.29997119987097626
CXCR3-,HC,PTC41540_PB,GSM4104142_CTCGAGGAGTGTTAGA-1,-0.29997119987097626
CXCR3+,HC,PTC41540_PB,GSM4104142_CTCGAGGGTCTCATCC-1,-0.2214191869768633
CXCR3-,HC,PTC41540_PB,GSM4104142_CTCGGAGAGCTTTGGT-1,-0.29997119987097626
CXCR3-,HC,PTC41540_PB,GSM4104142_CTCGGAGTCGGCGGTT-1,-0.20271206029341998
CXCR3-,HC,PTC41540_PB,GSM4104142_CTCGGAGTCTATGTGG-1,-0.29997119987097626
CXCR3-,HC,PTC41540_PB,GSM4104142_CTCGGGACAGATCGGA-1,-0.16200718442036435
CXCR3-,HC,PTC41540_PB,GSM4104142_CTCGGGATCAACGCTA-1,0.06232678152303772
CXCR3-,HC,PTC41540_PB,GSM4104142_CTCGTACAGCATCATC-1,-0.29997119987097626
CXCR3+,HC,PTC41540_PB,GSM4104142_CTCGTACCAGGTGCCT-1,-0.05999955534381738
CXCR3-,HC,PTC41540_PB,GSM4104142_CTCGTCATCACTGGGC-1,-0.29997119987097626
CXCR3-,HC,PTC41540_PB,GSM4104142_CTCTAATGTTATGTGC-1,-0.29997119987097626
CXCR3-,HC,PTC41540_PB,GSM4104142_CTCTAATGTTCGTTGA-1,-0.11333281174168383
CXCR3-,HC,PTC41540_PB,GSM4104142_CTCTACGGTAGCCTAT-1,-0.29997119987097626
CXCR3-,HC,PTC41540_PB,GSM4104142_CTCTGGTAGAATCTCC-1,-0.29997119987097626
CXCR3-,HC,PTC41540_PB,GSM4104142_CTCTGGTCAAGACACG-1,-0.05332431500366778
CXCR3-,HC,PTC41540_PB,GSM4104142_CTCTGGTCATTTGCTT-1,-0.29997119987097626
CXCR3+,HC,PTC41540_PB,GSM4104142_CTCTGGTTCATGTCTT-1,0.0008451607670876984
CXCR3-,HC,PTC41540_PB,GSM4104142_CTGAAACAGCAGCCTC-1,0.2750191390673146
CXCR3-,HC,PTC41540_PB,GSM4104142_CTGAAACCACCAACCG-1,-0.047766779025028724
CXCR3-,HC,PTC41540_PB,GSM4104142_CTGAAGTAGCAACGGT-1,-0.29997119987097626
CXCR3-,HC,PTC41540_PB,GSM4104142_CTGAAGTCAATCGAAA-1,-0.29997119987097626
CXCR3-,HC,PTC41540_PB,GSM4104142_CTGAAGTCATGTTCCC-1,-0.19612718784627267
CXCR3-,HC,PTC41540_PB,GSM4104142_CTGAAGTGTATAGGTA-1,-0.29997119987097626
CXCR3-,HC,PTC41540_PB,GSM4104142_CTGAAGTTCCTAGAAC-1,-0.29997119987097626
CXCR3-,HC,PTC41540_PB,GSM4104142_CTGAAGTTCGTAGGTT-1,-0.29997119987097626
CXCR3-,HC,PTC41540_PB,GSM4104142_CTGATAGCACGTCTCT-1,-0.29997119987097626
CXCR3-,HC,PTC41540_PB,GSM4104142_CTGATCCGTCCCTACT-1,-0.29997119987097626
CXCR3-,HC,PTC41540_PB,GSM4104142_CTGATCCGTCCTCTTG-1,-0.29997119987097626
CXCR3-,HC,PTC41540_PB,GSM4104142_CTGATCCTCGGTGTTA-1,-0.29997119987097626
CXCR3-,HC,PTC41540_PB,GSM4104142_CTGCCTACAGATGAGC-1,-0.29997119987097626
CXCR3-,HC,PTC41540_PB,GSM4104142_CTGCCTAGTCTAGCCG-1,-0.29997119987097626
CXCR3-,HC,PTC41540_PB,GSM4104142_CTGCCTATCCGCATCT-1,-0.29997119987097626
CXCR3+,HC,PTC41540_PB,GSM4104142_CTGCGGACAGCAGTTT-1,0.19606454657845387
CXCR3-,HC,PTC41540_PB,GSM4104142_CTGCGGATCTCACATT-1,-0.29997119987097626
CXCR3-,HC,PTC41540_PB,GSM4104142_CTGCTGTAGCCTCGTG-1,-0.29997119987097626
CXCR3-,HC,PTC41540_PB,GSM4104142_CTGCTGTAGGATGGAA-1,-0.29997119987097626
CXCR3+,HC,PTC41540_PB,GSM4104142_CTGCTGTTCAACGAAA-1,-0.29997119987097626
CXCR3-,HC,PTC41540_PB,GSM4104142_CTGCTGTTCCTTGGTC-1,-0.29997119987097626
CXCR3-,HC,PTC41540_PB,GSM4104142_CTGGTCTGTCTCTCTG-1,-0.29997119987097626
CXCR3-,HC,PTC41540_PB,GSM4104142_CTGGTCTGTGTTGGGA-1,0.1417250802845417
CXCR3-,HC,PTC41540_PB,GSM4104142_CTGTGCTGTAAGCACG-1,-0.29997119987097626
CXCR3-,HC,PTC41540_PB,GSM4104142_CTGTGCTTCAACACTG-1,-0.29997119987097626
CXCR3-,HC,PTC41540_PB,GSM4104142_CTGTTTAAGTCTCAAC-1,-0.29997119987097626
CXCR3-,HC,PTC41540_PB,GSM4104142_CTGTTTAGTCTAGAGG-1,-0.1891819804411416
CXCR3-,HC,PTC41540_PB,GSM4104142_CTTAACTAGCGTCTAT-1,0.3044939926045676
CXCR3+,HC,PTC41540_PB,GSM4104142_CTTAACTCATCCAACA-1,0.4189841519174366
CXCR3-,HC,PTC41540_PB,GSM4104142_CTTAACTGTACATGTC-1,-0.0633606099854185
CXCR3-,HC,PTC41540_PB,GSM4104142_CTTACCGAGTGGGATC-1,-0.29997119987097626
CXCR3-,HC,PTC41540_PB,GSM4104142_CTTACCGCACATAACC-1,-0.1322486468689876
CXCR3-,HC,PTC41540_PB,GSM4104142_CTTAGGAAGTCACGCC-1,-0.29997119987097626
CXCR3-,HC,PTC41540_PB,GSM4104142_CTTCTCTAGCGTCTAT-1,-0.29997119987097626
CXCR3-,HC,PTC41540_PB,GSM4104142_CTTCTCTAGGGTGTTG-1,-0.29997119987097626
CXCR3-,HC,PTC41540_PB,GSM4104142_CTTGGCTCACTTCTGC-1,-0.29997119987097626
CXCR3-,HC,PTC41540_PB,GSM4104142_CTTGGCTTCACGCATA-1,-0.05785856747240669
CXCR3-,HC,PTC41540_PB,GSM4104142_GAAACTCCATCGGAAG-1,-0.29997119987097626
CXCR3-,HC,PTC41540_PB,GSM4104142_GAAACTCTCAAAGTAG-1,-0.29997119987097626
CXCR3-,HC,PTC41540_PB,GSM4104142_GAAACTCTCTCCGGTT-1,0.3690866381655035
CXCR3-,HC,PTC41540_PB,GSM4104142_GAAATGAGTGCCTTGG-1,-0.29997119987097626
CXCR3-,HC,PTC41540_PB,GSM4104142_GAAATGAGTGGTCTCG-1,0.2149440966213474
CXCR3-,HC,PTC41540_PB,GSM4104142_GAACATCCAGAAGCAC-1,-0.29997119987097626
CXCR3-,HC,PTC41540_PB,GSM4104142_GAACATCGTCGATTGT-1,-0.29997119987097626
CXCR3-,HC,PTC41540_PB,GSM4104142_GAACCTATCGAATGCT-1,-0.29997119987097626
CXCR3-,HC,PTC41540_PB,GSM4104142_GAACGGAAGTACGTTC-1,-0.17523605826009733
CXCR3-,HC,PTC41540_PB,GSM4104142_GAAGCAGCAGCTGCTG-1,-0.29997119987097626
CXCR3-,HC,PTC41540_PB,GSM4104142_GAAGCAGGTGCCTGGT-1,-0.09779203460910828
CXCR3-,HC,PTC41540_PB,GSM4104142_GAAGCAGTCCACGCAG-1,-0.29997119987097626
CXCR3-,HC,PTC41540_PB,GSM4104142_GAAGCAGTCCAGAAGG-1,-0.15043658156244108
CXCR3-,HC,PTC41540_PB,GSM4104142_GAAGCAGTCGCGATCG-1,-0.11416080335488654
CXCR3-,HC,PTC41540_PB,GSM4104142_GACACGCAGAAACGCC-1,-0.15171506773791119
CXCR3-,HC,PTC41540_PB,GSM4104142_GACACGCAGATATACG-1,-0.15125563172974835
CXCR3-,HC,PTC41540_PB,GSM4104142_GACAGAGAGCGTGAGT-1,-0.29997119987097626
CXCR3-,HC,PTC41540_PB,GSM4104142_GACAGAGCACTACAGT-1,-0.29997119987097626
CXCR3-,HC,PTC41540_PB,GSM4104142_GACAGAGTCTGGTTCC-1,0.03827898827532737
CXCR3-,HC,PTC41540_PB,GSM4104142_GACCAATCAGCCACCA-1,-0.1250692443027568
CXCR3-,HC,PTC41540_PB,GSM4104142_GACCAATGTATCACCA-1,-0.29997119987097626
CXCR3-,HC,PTC41540_PB,GSM4104142_GACCAATGTTCAGACT-1,0.06442516815373922
CXCR3-,HC,PTC41540_PB,GSM4104142_GACCTGGAGCCACTAT-1,0.4503610152838776
CXCR3-,HC,PTC41540_PB,GSM4104142_GACGCGTAGTTAAGTG-1,-0.29997119987097626
CXCR3-,HC,PTC41540_PB,GSM4104142_GACGCGTGTCGCTTTC-1,0.2198542238532493
CXCR3-,HC,PTC41540_PB,GSM4104142_GACGCGTGTTCCAACA-1,-0.29997119987097626
CXCR3-,HC,PTC41540_PB,GSM4104142_GACGGCTTCCGAAGAG-1,0.18735857839245854
CXCR3-,HC,PTC41540_PB,GSM4104142_GACGGCTTCCTAGGGC-1,-0.29997119987097626
CXCR3-,HC,PTC41540_PB,GSM4104142_GACGGCTTCTGACCTC-1,0.18154295244141086
CXCR3-,HC,PTC41540_PB,GSM4104142_GACGTGCCACCCAGTG-1,-0.29997119987097626
CXCR3-,HC,PTC41540_PB,GSM4104142_GACGTGCTCGGCATCG-1,-0.29997119987097626
CXCR3-,HC,PTC41540_PB,GSM4104142_GACGTTACACACCGAC-1,0.9150494786084137
CXCR3-,HC,PTC41540_PB,GSM4104142_GACGTTAGTAAGGGAA-1,-0.19173638212326458
CXCR3-,HC,PTC41540_PB,GSM4104142_GACTAACAGCATGGCA-1,-0.09301848094704047
CXCR3-,HC,PTC41540_PB,GSM4104142_GACTACACAGGACGTA-1,0.11294541693626191
CXCR3-,HC,PTC41540_PB,GSM4104142_GACTACATCCCTAATT-1,0.5727644351662224
CXCR3-,HC,PTC41540_PB,GSM4104142_GACTACATCGAGGTAG-1,-0.29997119987097626
CXCR3-,HC,PTC41540_PB,GSM4104142_GACTGCGCAGGTCTCG-1,-0.17929110844591942
CXCR3-,HC,PTC41540_PB,GSM4104142_GACTGCGCATGAAGTA-1,-0.29997119987097626
CXCR3-,HC,PTC41540_PB,GSM4104142_GAGCAGACACAGACAG-1,-0.29997119987097626
CXCR3-,HC,PTC41540_PB,GSM4104142_GAGTCCGGTTCGTCTC-1,-0.29997119987097626
CXCR3-,HC,PTC41540_PB,GSM4104142_GATCAGTCAGGAATGC-1,0.050673233916336345
CXCR3-,HC,PTC41540_PB,GSM4104142_GATCAGTGTTAAGTAG-1,-0.29997119987097626
CXCR3-,HC,PTC41540_PB,GSM4104142_GATCAGTTCGTTTGCC-1,-0.04145951798682366
CXCR3-,HC,PTC41540_PB,GSM4104142_GATCGATCATGCAACT-1,-0.29997119987097626
CXCR3-,HC,PTC41540_PB,GSM4104142_GATCGATGTAAGGATT-1,-0.017872063512520037
CXCR3-,HC,PTC41540_PB,GSM4104142_GATCGATTCGATGAGG-1,0.06952756381157443
CXCR3-,HC,PTC41540_PB,GSM4104142_GATCGCGCACATAACC-1,-0.29997119987097626
CXCR3-,HC,PTC41540_PB,GSM4104142_GATCGCGCACGTCTCT-1,-0.02490554109470416
CXCR3-,HC,PTC41540_PB,GSM4104142_GATCGCGGTGTCAATC-1,-0.29997119987097626
CXCR3-,HC,PTC41540_PB,GSM4104142_GATCGCGTCCTAAGTG-1,-0.29997119987097626
CXCR3-,HC,PTC41540_PB,GSM4104142_GATCGTAAGTATTGGA-1,-0.29997119987097626
CXCR3-,HC,PTC41540_PB,GSM4104142_GATCGTACAAAGCGGT-1,-0.29997119987097626
CXCR3+,HC,PTC41540_PB,GSM4104142_GATCTAGAGTCCGGTC-1,-0.29997119987097626
CXCR3-,HC,PTC41540_PB,GSM4104142_GATGAAAAGAGCTGGT-1,0.006468665325631887
CXCR3-,HC,PTC41540_PB,GSM4104142_GATGAGGTCAAACCGT-1,0.051351215504440474
CXCR3-,HC,PTC41540_PB,GSM4104142_GATGCTACACCGGAAA-1,0.07135946891269422
CXCR3-,HC,PTC41540_PB,GSM4104142_GATGCTACATGGTAGG-1,-0.29997119987097626
CXCR3-,HC,PTC41540_PB,GSM4104142_GATTCAGAGCAGGCTA-1,-0.29997119987097626
CXCR3-,HC,PTC41540_PB,GSM4104142_GATTCAGCATTGGCGC-1,-0.07312635856467689
CXCR3-,HC,PTC41540_PB,GSM4104142_GATTCAGGTGAAATCA-1,-0.29997119987097626
CXCR3-,HC,PTC41540_PB,GSM4104142_GCAAACTCAGCTCCGA-1,-0.10841167090246238
CXCR3-,HC,PTC41540_PB,GSM4104142_GCAAACTCAGGTCGTC-1,-0.07075852851730123
CXCR3-,HC,PTC41540_PB,GSM4104142_GCAAACTGTAGTGAAT-1,-0.29997119987097626
CXCR3-,HC,PTC41540_PB,GSM4104142_GCAAACTGTTCGTGAT-1,0.12076132200133952
CXCR3-,HC,PTC41540_PB,GSM4104142_GCAATCACACAGACTT-1,-0.29997119987097626
CXCR3-,HC,PTC41540_PB,GSM4104142_GCAATCACAGACGCCT-1,-0.0873938367135368
CXCR3-,HC,PTC41540_PB,GSM4104142_GCAATCAGTCTGATTG-1,0.9612325784383848
CXCR3-,HC,PTC41540_PB,GSM4104142_GCACATAGTCATCGGC-1,-0.29997119987097626
CXCR3-,HC,PTC41540_PB,GSM4104142_GCACATATCTCCAGGG-1,-0.29997119987097626
CXCR3-,HC,PTC41540_PB,GSM4104142_GCACTCTTCACAATGC-1,-0.15289331266409048
CXCR3-,HC,PTC41540_PB,GSM4104142_GCAGCCAAGTGAAGAG-1,-0.29997119987097626
CXCR3-,HC,PTC41540_PB,GSM4104142_GCAGCCAGTTGGTGGA-1,-0.29997119987097626
CXCR3-,HC,PTC41540_PB,GSM4104142_GCAGCCATCGAGAACG-1,-0.29997119987097626
CXCR3-,HC,PTC41540_PB,GSM4104142_GCAGCCATCGGCATCG-1,-0.22033839306842598
CXCR3-,HC,PTC41540_PB,GSM4104142_GCATACAAGAAGGGTA-1,-0.0199234070051495
CXCR3-,HC,PTC41540_PB,GSM4104142_GCATACACACCTGGTG-1,-0.07306115767214037
CXCR3-,HC,PTC41540_PB,GSM4104142_GCATACAGTAAATACG-1,-0.29997119987097626
CXCR3-,HC,PTC41540_PB,GSM4104142_GCATACAGTCCGTCAG-1,0.12584224788936824
CXCR3-,HC,PTC41540_PB,GSM4104142_GCATGATGTTAAGAAC-1,0.003460998898651559
CXCR3-,HC,PTC41540_PB,GSM4104142_GCATGCGTCTGGTATG-1,0.15029035206740932
CXCR3-,HC,PTC41540_PB,GSM4104142_GCATGCGTCTTAGAGC-1,-0.16920402680241525
CXCR3-,HC,PTC41540_PB,GSM4104142_GCATGTAGTGTTGGGA-1,-0.1427660864406482
CXCR3-,HC,PTC41540_PB,GSM4104142_GCATGTATCGGCGCAT-1,-0.29997119987097626
CXCR3-,HC,PTC41540_PB,GSM4104142_GCCAAATTCACTATTC-1,-0.29997119987097626
CXCR3-,HC,PTC41540_PB,GSM4104142_GCCTCTACACTTAACG-1,-0.14658428991648176
CXCR3-,HC,PTC41540_PB,GSM4104142_GCCTCTACAGGGAGAG-1,-0.29997119987097626
CXCR3-,HC,PTC41540_PB,GSM4104142_GCCTCTAGTCTCTTAT-1,0.048251940707277154
CXCR3-,HC,PTC41540_PB,GSM4104142_GCCTCTAGTGCTAGCC-1,1.2674873027916225
CXCR3-,HC,PTC41540_PB,GSM4104142_GCGACCAGTGAGTGAC-1,-0.29997119987097626
CXCR3-,HC,PTC41540_PB,GSM4104142_GCGACCATCGGTGTTA-1,0.24387098465781937
CXCR3-,HC,PTC41540_PB,GSM4104142_GCGAGAATCCAAGTAC-1,-0.29997119987097626
CXCR3-,HC,PTC41540_PB,GSM4104142_GCGAGAATCGTGACAT-1,-0.29997119987097626
CXCR3-,HC,PTC41540_PB,GSM4104142_GCGAGAATCGTGGGAA-1,-0.29997119987097626
CXCR3-,HC,PTC41540_PB,GSM4104142_GCGCAGTAGACATAAC-1,0.030167159230426805
CXCR3-,HC,PTC41540_PB,GSM4104142_GCGCAGTCAAGCTGGA-1,-0.02080474789538808
CXCR3-,HC,PTC41540_PB,GSM4104142_GCGCAGTCAGTATAAG-1,-0.29997119987097626
CXCR3-,HC,PTC41540_PB,GSM4104142_GCGCAGTTCAACACCA-1,-0.29997119987097626
CXCR3-,HC,PTC41540_PB,GSM4104142_GCGCGATGTCGGGTCT-1,-0.29997119987097626
CXCR3-,HC,PTC41540_PB,GSM4104142_GCGCGATTCAACTCTT-1,-0.049545081924768496
CXCR3-,HC,PTC41540_PB,GSM4104142_GCGGGTTGTCCCGACA-1,0.09483033361005452
CXCR3-,HC,PTC41540_PB,GSM4104142_GCGGGTTTCACAGTAC-1,0.3303039904232192
CXCR3-,HC,PTC41540_PB,GSM4104142_GCTGCAGAGATGGCGT-1,-0.15587558850556713
CXCR3-,HC,PTC41540_PB,GSM4104142_GCTGCAGCACGGCGTT-1,-0.29997119987097626
CXCR3-,HC,PTC41540_PB,GSM4104142_GCTGCAGCAGTAGAGC-1,-0.29997119987097626
CXCR3-,HC,PTC41540_PB,GSM4104142_GCTGCGAGTGTTTGGT-1,-0.29997119987097626
CXCR3-,HC,PTC41540_PB,GSM4104142_GCTGCGATCAGAAATG-1,0.08444395977251308
CXCR3-,HC,PTC41540_PB,GSM4104142_GCTGGGTGTGTGGTTT-1,-0.0946893646919511
CXCR3-,HC,PTC41540_PB,GSM4104142_GCTGGGTTCACTGGGC-1,0.19424449616621817
CXCR3-,HC,PTC41540_PB,GSM4104142_GCTTGAACATTCGACA-1,0.11676318745069768
CXCR3-,HC,PTC41540_PB,GSM4104142_GCTTGAAGTAACGACG-1,-0.16202993353495224
CXCR3-,HC,PTC41540_PB,GSM4104142_GGAAAGCAGTCTCAAC-1,-0.10202614927120436
CXCR3-,HC,PTC41540_PB,GSM4104142_GGAAAGCCATGTAAGA-1,0.16400809129363167
CXCR3-,HC,PTC41540_PB,GSM4104142_GGAAAGCGTGGCTCCA-1,-0.13128090117526295
CXCR3-,HC,PTC41540_PB,GSM4104142_GGAAAGCTCCAGTAGT-1,-0.29997119987097626
CXCR3-,HC,PTC41540_PB,GSM4104142_GGAACTTGTGAAAGAG-1,-0.29997119987097626
CXCR3-,HC,PTC41540_PB,GSM4104142_GGAACTTTCGTAGATC-1,-0.29997119987097626
CXCR3-,HC,PTC41540_PB,GSM4104142_GGAATAAAGATTACCC-1,-0.29997119987097626
CXCR3-,HC,PTC41540_PB,GSM4104142_GGAATAACACTTCGAA-1,0.31951302998647535
CXCR3-,HC,PTC41540_PB,GSM4104142_GGAATAATCATCTGCC-1,-0.1729117925913528
CXCR3-,HC,PTC41540_PB,GSM4104142_GGACAAGAGTACGCGA-1,-0.29997119987097626
CXCR3-,HC,PTC41540_PB,GSM4104142_GGACAGAGTCGCGAAA-1,-0.29997119987097626
CXCR3-,HC,PTC41540_PB,GSM4104142_GGACATTAGCTGTTCA-1,-0.29997119987097626
CXCR3-,HC,PTC41540_PB,GSM4104142_GGACGTCCACTAAGTC-1,-0.29997119987097626
CXCR3-,HC,PTC41540_PB,GSM4104142_GGACGTCGTCCTCCAT-1,0.13190313769686868
CXCR3-,HC,PTC41540_PB,GSM4104142_GGACGTCTCATCTGCC-1,0.027650812622782635
CXCR3-,HC,PTC41540_PB,GSM4104142_GGAGCAACAGTTCCCT-1,-0.026525027777246656
CXCR3-,HC,PTC41540_PB,GSM4104142_GGATGTTCACATCCGG-1,0.2691473855806888
CXCR3-,HC,PTC41540_PB,GSM4104142_GGATGTTCACCATCCT-1,-0.02087964732558662
CXCR3-,HC,PTC41540_PB,GSM4104142_GGATGTTCATAACCTG-1,-0.18515876260731362
CXCR3-,HC,PTC41540_PB,GSM4104142_GGATTACGTCTGATCA-1,-0.29997119987097626
CXCR3-,HC,PTC41540_PB,GSM4104142_GGCCGATGTTCACCTC-1,-0.29997119987097626
CXCR3-,HC,PTC41540_PB,GSM4104142_GGCGACTGTATTCTCT-1,-0.29997119987097626
CXCR3-,HC,PTC41540_PB,GSM4104142_GGCGACTGTTTGACTG-1,-0.11849494943207291
CXCR3-,HC,PTC41540_PB,GSM4104142_GGCGACTTCGCCTGTT-1,-0.29997119987097626
CXCR3-,HC,PTC41540_PB,GSM4104142_GGCGTGTAGTTATCGC-1,0.8923692958426283
CXCR3-,HC,PTC41540_PB,GSM4104142_GGCGTGTCAGGTCTCG-1,-0.29997119987097626
CXCR3-,HC,PTC41540_PB,GSM4104142_GGCGTGTCAGTGACAG-1,-0.12303225831227252
CXCR3-,HC,PTC41540_PB,GSM4104142_GGCTCGATCACCACCT-1,-0.29997119987097626
CXCR3-,HC,PTC41540_PB,GSM4104142_GGCTGGTGTACAAGTA-1,-0.0030053683013264087
CXCR3-,HC,PTC41540_PB,GSM4104142_GGCTGGTGTGGTGTAG-1,-0.29997119987097626
CXCR3-,HC,PTC41540_PB,GSM4104142_GGCTGGTTCTTTAGTC-1,0.30169355243824836
CXCR3-,HC,PTC41540_PB,GSM4104142_GGGACCTAGAGGGCTT-1,-0.29997119987097626
CXCR3-,HC,PTC41540_PB,GSM4104142_GGGACCTCATCACCCT-1,-0.1522245963353314
CXCR3-,HC,PTC41540_PB,GSM4104142_GGGACCTGTGAAATCA-1,-0.29997119987097626
CXCR3-,HC,PTC41540_PB,GSM4104142_GGGAGATAGAGAGCTC-1,0.364958038268331
CXCR3-,HC,PTC41540_PB,GSM4104142_GGGAGATCACTGTGTA-1,-0.29997119987097626
CXCR3-,HC,PTC41540_PB,GSM4104142_GGGAGATCATCTACGA-1,-0.07884896761682728
CXCR3-,HC,PTC41540_PB,GSM4104142_GGGATGAAGCCCAGCT-1,-0.29997119987097626
CXCR3-,HC,PTC41540_PB,GSM4104142_GGGATGACAAATTGCC-1,-0.29997119987097626
CXCR3-,HC,PTC41540_PB,GSM4104142_GGGATGAGTCGACTAT-1,-0.29997119987097626
CXCR3-,HC,PTC41540_PB,GSM4104142_GGGCACTCAATCTACG-1,0.3736191982182352
CXCR3-,HC,PTC41540_PB,GSM4104142_GGGCACTTCCTTAATC-1,0.19320813260705466
CXCR3-,HC,PTC41540_PB,GSM4104142_GGGCACTTCTCTGCTG-1,-0.1690529872147317
CXCR3-,HC,PTC41540_PB,GSM4104142_GGGCATCAGAGAGCTC-1,0.4205682692584131
CXCR3-,HC,PTC41540_PB,GSM4104142_GGGCATCAGATCGGGT-1,-0.05979904366127724
CXCR3-,HC,PTC41540_PB,GSM4104142_GGGTCTGTCCATGCTC-1,0.2087778894214171
CXCR3-,HC,PTC41540_PB,GSM4104142_GGTATTGGTCTAACGT-1,0.11740232180950096
CXCR3-,HC,PTC41540_PB,GSM4104142_GGTGAAGGTCTGATCA-1,-0.29997119987097626
CXCR3-,HC,PTC41540_PB,GSM4104142_GGTGCGTAGTTGAGTA-1,-0.29997119987097626
CXCR3-,HC,PTC41540_PB,GSM4104142_GGTGCGTGTACGCACC-1,-0.29997119987097626
CXCR3-,HC,PTC41540_PB,GSM4104142_GGTGCGTTCTCGTTTA-1,-0.29997119987097626
CXCR3-,HC,PTC41540_PB,GSM4104142_GTAACGTGTCGCCATG-1,0.47042424646286196
CXCR3-,HC,PTC41540_PB,GSM4104142_GTAACTGCAGTCAGCC-1,-0.29997119987097626
CXCR3-,HC,PTC41540_PB,GSM4104142_GTAACTGGTGATGTGG-1,-0.29997119987097626
CXCR3-,HC,PTC41540_PB,GSM4104142_GTACGTAAGGCCCGTT-1,-0.29997119987097626
CXCR3-,HC,PTC41540_PB,GSM4104142_GTACGTACACGAGAGT-1,-0.18923739404947307
CXCR3-,HC,PTC41540_PB,GSM4104142_GTACGTACATATACCG-1,-0.19513066880050614
CXCR3-,HC,PTC41540_PB,GSM4104142_GTACGTATCCAAGTAC-1,-0.29997119987097626
CXCR3-,HC,PTC41540_PB,GSM4104142_GTACTTTAGTTAAGTG-1,0.07759852185660997
CXCR3-,HC,PTC41540_PB,GSM4104142_GTACTTTCACGTAAGG-1,0.07473195105674359
CXCR3-,HC,PTC41540_PB,GSM4104142_GTACTTTCATTCGACA-1,-0.29997119987097626
CXCR3-,HC,PTC41540_PB,GSM4104142_GTACTTTTCAAACAAG-1,-0.29997119987097626
CXCR3-,HC,PTC41540_PB,GSM4104142_GTAGGCCTCTAGAGTC-1,-0.29997119987097626
CXCR3-,HC,PTC41540_PB,GSM4104142_GTATCTTAGTTGTAGA-1,0.5346581924096542
CXCR3-,HC,PTC41540_PB,GSM4104142_GTATTCTAGACAGACC-1,-0.29997119987097626
CXCR3-,HC,PTC41540_PB,GSM4104142_GTATTCTAGTCTCCTC-1,-0.29997119987097626
CXCR3-,HC,PTC41540_PB,GSM4104142_GTATTCTCAATAACGA-1,-0.29997119987097626
CXCR3-,HC,PTC41540_PB,GSM4104142_GTATTCTGTGTGACCC-1,0.045294638691203856
CXCR3-,HC,PTC41540_PB,GSM4104142_GTATTCTGTGTTGGGA-1,0.10707993544936693
CXCR3-,HC,PTC41540_PB,GSM4104142_GTCAAGTCATCCGTGG-1,-0.29997119987097626
CXCR3-,HC,PTC41540_PB,GSM4104142_GTCAAGTTCCGCGGTA-1,-0.29997119987097626
CXCR3-,HC,PTC41540_PB,GSM4104142_GTCAAGTTCTCCCTGA-1,-0.29997119987097626
CXCR3-,HC,PTC41540_PB,GSM4104142_GTCACAAAGAGTGACC-1,0.10891846861586475
CXCR3-,HC,PTC41540_PB,GSM4104142_GTCACAAAGATGCCTT-1,0.10704574297500506
CXCR3-,HC,PTC41540_PB,GSM4104142_GTCACAAAGGCAAAGA-1,-0.29997119987097626
CXCR3-,HC,PTC41540_PB,GSM4104142_GTCACAAGTTTAGGAA-1,-0.04380667915408586
CXCR3-,HC,PTC41540_PB,GSM4104142_GTCATTTCACGGCGTT-1,-0.29997119987097626
CXCR3-,HC,PTC41540_PB,GSM4104142_GTCATTTGTACACCGC-1,-0.29997119987097626
CXCR3-,HC,PTC41540_PB,GSM4104142_GTCCTCACAGCGAACA-1,0.026031479150309757
CXCR3-,HC,PTC41540_PB,GSM4104142_GTCCTCAGTTTGTTTC-1,-0.29997119987097626
CXCR3-,HC,PTC41540_PB,GSM4104142_GTCGGGTCACATGGGA-1,-0.29997119987097626
CXCR3-,HC,PTC41540_PB,GSM4104142_GTCGGGTTCTGTACGA-1,-0.29997119987097626
CXCR3-,HC,PTC41540_PB,GSM4104142_GTCGGGTTCTTGTTTG-1,-0.006091035119366087
CXCR3-,HC,PTC41540_PB,GSM4104142_GTCGTAATCCTCAATT-1,-0.29997119987097626
CXCR3-,HC,PTC41540_PB,GSM4104142_GTCTCGTGTTCCCTTG-1,-0.29997119987097626
CXCR3-,HC,PTC41540_PB,GSM4104142_GTCTTCGTCTGCAAGT-1,-0.29997119987097626
CXCR3-,HC,PTC41540_PB,GSM4104142_GTGAAGGCACATTCGA-1,-0.065839633153376
CXCR3-,HC,PTC41540_PB,GSM4104142_GTGAAGGGTGAGGGAG-1,0.35141454695919666
CXCR3-,HC,PTC41540_PB,GSM4104142_GTGAAGGTCCTTGGTC-1,0.005754309216619854
CXCR3-,HC,PTC41540_PB,GSM4104142_GTGAAGGTCGAGAACG-1,0.05285842767690174
CXCR3-,HC,PTC41540_PB,GSM4104142_GTGCAGCAGCCCTAAT-1,-0.29997119987097626
CXCR3-,HC,PTC41540_PB,GSM4104142_GTGCAGCTCCTTGCCA-1,-0.29997119987097626
CXCR3-,HC,PTC41540_PB,GSM4104142_GTGCATACACACGCTG-1,-0.29997119987097626
CXCR3-,HC,PTC41540_PB,GSM4104142_GTGCATAGTACTTGAC-1,-0.1629775789033198
CXCR3-,HC,PTC41540_PB,GSM4104142_GTGCATAGTAGTAGTA-1,-0.29997119987097626
CXCR3-,HC,PTC41540_PB,GSM4104142_GTGCATATCCTCAACC-1,-0.29997119987097626
CXCR3-,HC,PTC41540_PB,GSM4104142_GTGCATATCGCCGTGA-1,0.06340030475277676
CXCR3-,HC,PTC41540_PB,GSM4104142_GTGCGGTAGACGCACA-1,0.26224382687531567
CXCR3-,HC,PTC41540_PB,GSM4104142_GTGCGGTAGGTAGCCA-1,-0.1841284304777831
CXCR3-,HC,PTC41540_PB,GSM4104142_GTGCGGTCAGTGGAGT-1,-0.29997119987097626
CXCR3-,HC,PTC41540_PB,GSM4104142_GTGCGGTTCATAACCG-1,-0.29997119987097626
CXCR3-,HC,PTC41540_PB,GSM4104142_GTGCTTCAGTAGGCCA-1,-0.29997119987097626
CXCR3-,HC,PTC41540_PB,GSM4104142_GTGCTTCCAGGATCGA-1,-0.29997119987097626
CXCR3-,HC,PTC41540_PB,GSM4104142_GTGCTTCTCCACTGGG-1,-0.29997119987097626
CXCR3-,HC,PTC41540_PB,GSM4104142_GTGTGCGAGGTAGCCA-1,-0.29997119987097626
CXCR3-,HC,PTC41540_PB,GSM4104142_GTGTGCGGTGCCTGGT-1,-0.29997119987097626
CXCR3-,HC,PTC41540_PB,GSM4104142_GTGTGCGTCCACGAAT-1,-0.09071199326437054
CXCR3-,HC,PTC41540_PB,GSM4104142_GTGTTAGAGCGTCAAG-1,-0.29997119987097626
CXCR3-,HC,PTC41540_PB,GSM4104142_GTGTTAGAGTACTTGC-1,-0.29997119987097626
CXCR3-,HC,PTC41540_PB,GSM4104142_GTGTTAGGTCCCTTGT-1,-0.22958086841666883
CXCR3-,HC,PTC41540_PB,GSM4104142_GTTAAGCTCGGAGCAA-1,-0.19795552047294054
CXCR3-,HC,PTC41540_PB,GSM4104142_GTTACAGCATCAGTAC-1,-0.019014921193342017
CXCR3-,HC,PTC41540_PB,GSM4104142_GTTCATTAGAGTACCG-1,-0.29997119987097626
CXCR3-,HC,PTC41540_PB,GSM4104142_GTTCATTAGATATGCA-1,-0.1403369005896314
CXCR3-,HC,PTC41540_PB,GSM4104142_GTTCATTAGTGGGATC-1,-0.29997119987097626
CXCR3-,HC,PTC41540_PB,GSM4104142_GTTCATTAGTTAACGA-1,-0.08407171478617591
CXCR3-,HC,PTC41540_PB,GSM4104142_GTTCATTTCAAGGTAA-1,0.07839508020916743
CXCR3-,HC,PTC41540_PB,GSM4104142_GTTCATTTCATGCATG-1,-0.29997119987097626
CXCR3-,HC,PTC41540_PB,GSM4104142_GTTCATTTCATGTCCC-1,-0.29997119987097626
CXCR3-,HC,PTC41540_PB,GSM4104142_GTTCATTTCTGTTTGT-1,0.06082617968739141
CXCR3-,HC,PTC41540_PB,GSM4104142_GTTCGGGCACGAGGTA-1,-0.29997119987097626
CXCR3-,HC,PTC41540_PB,GSM4104142_GTTCTCGCACCGAATT-1,-0.29997119987097626
CXCR3-,HC,PTC41540_PB,GSM4104142_GTTCTCGGTCTAGGTT-1,-0.29997119987097626
CXCR3-,HC,PTC41540_PB,GSM4104142_GTTTCTATCGCCAAAT-1,-0.29997119987097626
CXCR3-,HC,PTC41540_PB,GSM4104142_TAAACCGCACACTGCG-1,-0.04550101052793546
CXCR3-,HC,PTC41540_PB,GSM4104142_TAAGAGATCACAATGC-1,0.408051864176706
CXCR3-,HC,PTC41540_PB,GSM4104142_TAAGTGCAGACCGGAT-1,-0.013185514616009494
CXCR3-,HC,PTC41540_PB,GSM4104142_TAAGTGCCAAAGCAAT-1,-0.29997119987097626
CXCR3-,HC,PTC41540_PB,GSM4104142_TAAGTGCCAATAACGA-1,-0.29997119987097626
CXCR3-,HC,PTC41540_PB,GSM4104142_TAAGTGCCAGTATGCT-1,0.3891937200322267
CXCR3-,HC,PTC41540_PB,GSM4104142_TAAGTGCCATTAGCCA-1,-0.29997119987097626
CXCR3-,HC,PTC41540_PB,GSM4104142_TAAGTGCTCACGGTTA-1,-0.1776740695017811
CXCR3-,HC,PTC41540_PB,GSM4104142_TAAGTGCTCCACTCCA-1,0.09782180129218022
CXCR3-,HC,PTC41540_PB,GSM4104142_TACACGAAGAGGACGG-1,-0.29997119987097626
CXCR3-,HC,PTC41540_PB,GSM4104142_TACAGTGAGCTCTCGG-1,-0.29997119987097626
CXCR3-,HC,PTC41540_PB,GSM4104142_TACAGTGCAGCCAATT-1,0.029907683949948454
CXCR3-,HC,PTC41540_PB,GSM4104142_TACAGTGGTTCCTCCA-1,-0.29997119987097626
CXCR3-,HC,PTC41540_PB,GSM4104142_TACCTTAAGCGTGTCC-1,-0.29997119987097626
CXCR3-,HC,PTC41540_PB,GSM4104142_TACCTTAGTGCGAAAC-1,-0.29997119987097626
CXCR3-,HC,PTC41540_PB,GSM4104142_TACCTTATCCTTGACC-1,-0.29997119987097626
CXCR3-,HC,PTC41540_PB,GSM4104142_TACGGATAGGGTGTTG-1,0.2626582137207786
CXCR3-,HC,PTC41540_PB,GSM4104142_TACGGATGTACTTCTT-1,-0.29997119987097626
CXCR3-,HC,PTC41540_PB,GSM4104142_TACGGGCCACTAAGTC-1,-0.29997119987097626
CXCR3-,HC,PTC41540_PB,GSM4104142_TACGGGCCATGTTCCC-1,-0.14199329771339148
CXCR3-,HC,PTC41540_PB,GSM4104142_TACGGGCGTCGGCTCA-1,-0.29997119987097626
CXCR3-,HC,PTC41540_PB,GSM4104142_TACGGGCTCGCTGATA-1,-0.05958935823023204
CXCR3-,HC,PTC41540_PB,GSM4104142_TACGGTAGTGTCCTCT-1,-0.29997119987097626
CXCR3-,HC,PTC41540_PB,GSM4104142_TACGGTATCCAAATGC-1,0.1688164446638329
CXCR3-,HC,PTC41540_PB,GSM4104142_TACTCATAGCCAGAAC-1,0.14351460090916304
CXCR3-,HC,PTC41540_PB,GSM4104142_TACTCATCACTGTGTA-1,-0.0010118606338223035
CXCR3-,HC,PTC41540_PB,GSM4104142_TACTCATTCCTGCCAT-1,-0.29997119987097626
CXCR3-,HC,PTC41540_PB,GSM4104142_TACTCATTCGCCAAAT-1,-0.29997119987097626
CXCR3-,HC,PTC41540_PB,GSM4104142_TACTCGCAGTGCGTGA-1,-0.1544544432162759
CXCR3-,HC,PTC41540_PB,GSM4104142_TACTCGCTCGGTCTAA-1,-0.29997119987097626
CXCR3-,HC,PTC41540_PB,GSM4104142_TACTTACCAACTTGAC-1,-0.0007580305435085524
CXCR3-,HC,PTC41540_PB,GSM4104142_TACTTACCAGCTCGCA-1,0.8936632359600285
CXCR3-,HC,PTC41540_PB,GSM4104142_TACTTGTGTAAGAGAG-1,-0.06843253996352613
CXCR3-,HC,PTC41540_PB,GSM4104142_TACTTGTGTCTCATCC-1,-0.29997119987097626
CXCR3-,HC,PTC41540_PB,GSM4104142_TAGACCAAGATGAGAG-1,-0.29997119987097626
CXCR3-,HC,PTC41540_PB,GSM4104142_TAGACCAAGGACACCA-1,-0.10262872224864443
CXCR3-,HC,PTC41540_PB,GSM4104142_TAGACCAAGGTAGCCA-1,-0.29997119987097626
CXCR3-,HC,PTC41540_PB,GSM4104142_TAGAGCTAGTTCGCGC-1,0.4438358023233035
CXCR3-,HC,PTC41540_PB,GSM4104142_TAGAGCTCAATCGAAA-1,-0.29997119987097626
CXCR3-,HC,PTC41540_PB,GSM4104142_TAGAGCTGTGTCGCTG-1,-0.15147225815165838
CXCR3-,HC,PTC41540_PB,GSM4104142_TAGAGCTTCGCCAAAT-1,-0.049783304136222055
CXCR3-,HC,PTC41540_PB,GSM4104142_TAGCCGGCACGTAAGG-1,-0.29997119987097626
CXCR3-,HC,PTC41540_PB,GSM4104142_TAGCCGGGTGTGACCC-1,-0.12277901440359659
CXCR3-,HC,PTC41540_PB,GSM4104142_TAGCCGGGTTCAGCGC-1,-0.29997119987097626
CXCR3-,HC,PTC41540_PB,GSM4104142_TAGCCGGTCTCATTCA-1,0.4298811699884123
CXCR3-,HC,PTC41540_PB,GSM4104142_TAGGCATAGGCAAAGA-1,-0.20890249755131443
CXCR3-,HC,PTC41540_PB,GSM4104142_TAGGCATCAGTAACGG-1,-0.06132593060943185
CXCR3-,HC,PTC41540_PB,GSM4104142_TAGTGGTCAAGTAGTA-1,0.05849456088783321
CXCR3-,HC,PTC41540_PB,GSM4104142_TAGTGGTGTCCGAATT-1,1.3406505866942482
CXCR3-,HC,PTC41540_PB,GSM4104142_TAGTTGGCACGAGAGT-1,0.36805814057325165
CXCR3-,HC,PTC41540_PB,GSM4104142_TAGTTGGTCGGAGGTA-1,0.031454966210983724
CXCR3-,HC,PTC41540_PB,GSM4104142_TATCAGGGTCTCCATC-1,-0.29997119987097626
CXCR3-,HC,PTC41540_PB,GSM4104142_TATCAGGTCCCGACTT-1,-0.29997119987097626
CXCR3-,HC,PTC41540_PB,GSM4104142_TATCAGGTCTCATTCA-1,-0.12871410720761758
CXCR3-,HC,PTC41540_PB,GSM4104142_TATCTCACACCCATGG-1,-0.29997119987097626
CXCR3-,HC,PTC41540_PB,GSM4104142_TATCTCACACCGCTAG-1,-0.29997119987097626
CXCR3-,HC,PTC41540_PB,GSM4104142_TATGCCCCAAAGGCGT-1,0.10735495542697618
CXCR3-,HC,PTC41540_PB,GSM4104142_TATGCCCCAAGCCGTC-1,-0.12898084965939763
CXCR3-,HC,PTC41540_PB,GSM4104142_TATGCCCTCCACGACG-1,-0.29997119987097626
CXCR3-,HC,PTC41540_PB,GSM4104142_TATGCCCTCTTGTACT-1,-0.29997119987097626
CXCR3-,HC,PTC41540_PB,GSM4104142_TATTACCGTAGTAGTA-1,-0.07353083160365381
CXCR3-,HC,PTC41540_PB,GSM4104142_TATTACCGTCTAGAGG-1,0.251055147636338
CXCR3-,HC,PTC41540_PB,GSM4104142_TCAACGAAGCGTGTCC-1,-0.034488772201322154
CXCR3-,HC,PTC41540_PB,GSM4104142_TCAACGAAGGGTATCG-1,-0.19917738584852712
CXCR3-,HC,PTC41540_PB,GSM4104142_TCAACGAGTACTTCTT-1,-0.29997119987097626
CXCR3-,HC,PTC41540_PB,GSM4104142_TCAACGATCCTCGCAT-1,-0.29997119987097626
CXCR3-,HC,PTC41540_PB,GSM4104142_TCAATCTCAGCGTTCG-1,-0.17408608524354316
CXCR3-,HC,PTC41540_PB,GSM4104142_TCAATCTGTTGTACAC-1,0.3191473510073156
CXCR3-,HC,PTC41540_PB,GSM4104142_TCAATCTTCTAGCACA-1,-0.29997119987097626
CXCR3-,HC,PTC41540_PB,GSM4104142_TCACAAGTCACTTATC-1,-0.29997119987097626
CXCR3-,HC,PTC41540_PB,GSM4104142_TCACGAACACCAACCG-1,-0.29997119987097626
CXCR3-,HC,PTC41540_PB,GSM4104142_TCACGAATCGGGAGTA-1,-0.29997119987097626
CXCR3-,HC,PTC41540_PB,GSM4104142_TCAGATGAGCCCAACC-1,-0.29997119987097626
CXCR3-,HC,PTC41540_PB,GSM4104142_TCAGATGAGTAACCCT-1,-0.29997119987097626
CXCR3-,HC,PTC41540_PB,GSM4104142_TCAGATGCACAACTGT-1,0.26802015418951325
CXCR3-,HC,PTC41540_PB,GSM4104142_TCAGATGTCTCGCATC-1,-0.29997119987097626
CXCR3-,HC,PTC41540_PB,GSM4104142_TCAGCAACAGATTGCT-1,-0.29997119987097626
CXCR3-,HC,PTC41540_PB,GSM4104142_TCAGGATCACTTCGAA-1,-0.29997119987097626
CXCR3-,HC,PTC41540_PB,GSM4104142_TCAGGATCATGCAACT-1,-0.29997119987097626
CXCR3-,HC,PTC41540_PB,GSM4104142_TCAGGATGTTAAAGTG-1,-0.29997119987097626
CXCR3-,HC,PTC41540_PB,GSM4104142_TCAGGTAAGCTGCAAG-1,-0.17286467695990343
CXCR3-,HC,PTC41540_PB,GSM4104142_TCATTACTCACCGGGT-1,-0.10749995425866223
CXCR3-,HC,PTC41540_PB,GSM4104142_TCATTTGCATGCTGGC-1,-0.29997119987097626
CXCR3-,HC,PTC41540_PB,GSM4104142_TCATTTGTCTTAGCCC-1,-0.29997119987097626
CXCR3-,HC,PTC41540_PB,GSM4104142_TCCACACCAATACGCT-1,-0.29997119987097626
CXCR3-,HC,PTC41540_PB,GSM4104142_TCCACACCACTCTGTC-1,-0.19510610303843703
CXCR3-,HC,PTC41540_PB,GSM4104142_TCGAGGCTCGCGGATC-1,-0.16471337886847293
CXCR3-,HC,PTC41540_PB,GSM4104142_TCGCGAGGTCTCTTAT-1,-0.29997119987097626
CXCR3-,HC,PTC41540_PB,GSM4104142_TCGCGAGTCTTCCTTC-1,0.5757576421257129
CXCR3-,HC,PTC41540_PB,GSM4104142_TCGCGTTAGCCAACAG-1,-0.29997119987097626
CXCR3-,HC,PTC41540_PB,GSM4104142_TCGCGTTCAAAGGTGC-1,-0.29997119987097626
CXCR3+,HC,PTC41540_PB,GSM4104142_TCGCGTTCAAGGACTG-1,-0.29997119987097626
CXCR3-,HC,PTC41540_PB,GSM4104142_TCGCGTTCACTTCGAA-1,0.2723281321401417
CXCR3-,HC,PTC41540_PB,GSM4104142_TCGCGTTGTTACCAGT-1,-0.29997119987097626
CXCR3-,HC,PTC41540_PB,GSM4104142_TCGCGTTTCACTTACT-1,-0.29997119987097626
CXCR3-,HC,PTC41540_PB,GSM4104142_TCGCGTTTCTCAACTT-1,-0.29997119987097626
CXCR3-,HC,PTC41540_PB,GSM4104142_TCGTACCGTTACTGAC-1,-0.29997119987097626
CXCR3-,HC,PTC41540_PB,GSM4104142_TCGTACCGTTTACTCT-1,-0.29997119987097626
CXCR3-,HC,PTC41540_PB,GSM4104142_TCGTAGAAGCGCTTAT-1,-0.29997119987097626
CXCR3-,HC,PTC41540_PB,GSM4104142_TCGTAGACATGCTGGC-1,-0.29997119987097626
CXCR3-,HC,PTC41540_PB,GSM4104142_TCGTAGAGTATAGGTA-1,-0.15360474444791386
CXCR3+,HC,PTC41540_PB,GSM4104142_TCTATTGAGAATCTCC-1,-0.164915191666215
CXCR3-,HC,PTC41540_PB,GSM4104142_TCTATTGCACAAGCCC-1,0.1606401089140366
CXCR3-,HC,PTC41540_PB,GSM4104142_TCTATTGTCCAACCAA-1,-0.29997119987097626
CXCR3-,HC,PTC41540_PB,GSM4104142_TCTCATACACAGACAG-1,0.1184224759624529
CXCR3-,HC,PTC41540_PB,GSM4104142_TCTCATAGTACCATCA-1,-0.29997119987097626
CXCR3-,HC,PTC41540_PB,GSM4104142_TCTCATATCAACGGCC-1,-0.29997119987097626
CXCR3-,HC,PTC41540_PB,GSM4104142_TCTCTAAAGCGATTCT-1,0.9825575368233379
CXCR3-,HC,PTC41540_PB,GSM4104142_TCTCTAAAGGTACTCT-1,-0.29997119987097626
CXCR3-,HC,PTC41540_PB,GSM4104142_TCTCTAAGTTCCAACA-1,-0.29997119987097626
CXCR3-,HC,PTC41540_PB,GSM4104142_TCTGGAAAGTAGATGT-1,-0.29997119987097626
CXCR3-,HC,PTC41540_PB,GSM4104142_TCTGGAACACTCAGGC-1,-0.29997119987097626
CXCR3-,HC,PTC41540_PB,GSM4104142_TCTGGAATCAGTACGT-1,0.061441128909732017
CXCR3-,HC,PTC41540_PB,GSM4104142_TCTTCGGCATTAGCCA-1,-0.20122749011158425
CXCR3-,HC,PTC41540_PB,GSM4104142_TGAAAGAAGACTTGAA-1,-0.08634254983176455
CXCR3-,HC,PTC41540_PB,GSM4104142_TGAAAGACAAGTCATC-1,-0.29997119987097626
CXCR3-,HC,PTC41540_PB,GSM4104142_TGAAAGACATGAGCGA-1,-0.07976516200140485
CXCR3-,HC,PTC41540_PB,GSM4104142_TGACAACAGGGTTCCC-1,-0.29997119987097626
CXCR3-,HC,PTC41540_PB,GSM4104142_TGACAACAGTGGGCTA-1,-0.29997119987097626
CXCR3-,HC,PTC41540_PB,GSM4104142_TGACAACCAGCCTATA-1,-0.29997119987097626
CXCR3-,HC,PTC41540_PB,GSM4104142_TGACAACGTCATGCAT-1,-0.29997119987097626
CXCR3-,HC,PTC41540_PB,GSM4104142_TGACAACTCATGGTCA-1,-0.29997119987097626
CXCR3-,HC,PTC41540_PB,GSM4104142_TGACTAGAGCACAGGT-1,-0.29997119987097626
CXCR3-,HC,PTC41540_PB,GSM4104142_TGACTAGCAATAGCAA-1,-0.29997119987097626
CXCR3-,HC,PTC41540_PB,GSM4104142_TGACTAGGTATGAAAC-1,-0.29997119987097626
CXCR3-,HC,PTC41540_PB,GSM4104142_TGACTTTGTCAAAGCG-1,-0.29997119987097626
CXCR3-,HC,PTC41540_PB,GSM4104142_TGAGCATTCAGTACGT-1,0.7714762998832135
CXCR3-,HC,PTC41540_PB,GSM4104142_TGAGCATTCTTCGAGA-1,-0.1678712638883277
CXCR3-,HC,PTC41540_PB,GSM4104142_TGAGCCGAGAGCTATA-1,0.08068355217584769
CXCR3-,HC,PTC41540_PB,GSM4104142_TGAGCCGGTGGTGTAG-1,0.11947903830906796
CXCR3-,HC,PTC41540_PB,GSM4104142_TGAGGGAGTCTTGTCC-1,-0.29997119987097626
CXCR3-,HC,PTC41540_PB,GSM4104142_TGATTTCTCTTGAGGT-1,-0.29997119987097626
CXCR3-,HC,PTC41540_PB,GSM4104142_TGCACCTAGAAGCCCA-1,-0.29997119987097626
CXCR3-,HC,PTC41540_PB,GSM4104142_TGCACCTCAAGCCCAC-1,-0.029723886852772562
CXCR3-,HC,PTC41540_PB,GSM4104142_TGCACCTTCTAGCACA-1,-0.29997119987097626
CXCR3-,HC,PTC41540_PB,GSM4104142_TGCCAAAAGACTAGAT-1,0.02597932713858702
CXCR3-,HC,PTC41540_PB,GSM4104142_TGCCCATAGTTCGCGC-1,0.3179047226623824
CXCR3-,HC,PTC41540_PB,GSM4104142_TGCCCATCACTTGGAT-1,0.5707333159682583
CXCR3-,HC,PTC41540_PB,GSM4104142_TGCCCTAAGGCGACAT-1,-0.07829693259204769
CXCR3-,HC,PTC41540_PB,GSM4104142_TGCCCTATCCAAGTAC-1,-0.29997119987097626
CXCR3-,HC,PTC41540_PB,GSM4104142_TGCGCAGAGCAATCTC-1,-0.08611852909775533
CXCR3-,HC,PTC41540_PB,GSM4104142_TGCGCAGAGTGCTGCC-1,-0.29997119987097626
CXCR3-,HC,PTC41540_PB,GSM4104142_TGCGCAGCAATCTGCA-1,-0.29997119987097626
CXCR3-,HC,PTC41540_PB,GSM4104142_TGCGTGGAGAAGCCCA-1,-0.29997119987097626
CXCR3-,HC,PTC41540_PB,GSM4104142_TGCGTGGAGCGCTTAT-1,-0.29997119987097626
CXCR3-,HC,PTC41540_PB,GSM4104142_TGCGTGGTCTACGAGT-1,-0.29997119987097626
CXCR3-,HC,PTC41540_PB,GSM4104142_TGCTACCCATGAGCGA-1,-0.29997119987097626
CXCR3-,HC,PTC41540_PB,GSM4104142_TGCTACCCATTACGAC-1,-0.29997119987097626
CXCR3-,HC,PTC41540_PB,GSM4104142_TGCTGCTAGGGTCTCC-1,-0.11733082521745308
CXCR3-,HC,PTC41540_PB,GSM4104142_TGCTGCTAGTTTAGGA-1,-0.21665988116408982
CXCR3-,HC,PTC41540_PB,GSM4104142_TGCTGCTCATACAGCT-1,0.7658170045678185
CXCR3+,HC,PTC41540_PB,GSM4104142_TGCTGCTTCGCTTGTC-1,-0.1411513681171634
CXCR3-,HC,PTC41540_PB,GSM4104142_TGGACGCGTAAGTGTA-1,-0.024504808395505537
CXCR3-,HC,PTC41540_PB,GSM4104142_TGGCCAGCAGGGTACA-1,-0.15744689526923908
CXCR3-,HC,PTC41540_PB,GSM4104142_TGGCCAGGTAGCGCAA-1,-0.29997119987097626
CXCR3-,HC,PTC41540_PB,GSM4104142_TGGCCAGGTCCAACTA-1,-0.29997119987097626
CXCR3-,HC,PTC41540_PB,GSM4104142_TGGCCAGTCCGCGGTA-1,-0.29997119987097626
CXCR3-,HC,PTC41540_PB,GSM4104142_TGGCCAGTCGTACGGC-1,-0.29997119987097626
CXCR3-,HC,PTC41540_PB,GSM4104142_TGGCGCAAGTGAAGAG-1,-0.29997119987097626
CXCR3-,HC,PTC41540_PB,GSM4104142_TGGCGCACAAGGTTTC-1,-0.29997119987097626
CXCR3-,HC,PTC41540_PB,GSM4104142_TGGCGCAGTAGGAGTC-1,-0.29997119987097626
CXCR3-,HC,PTC41540_PB,GSM4104142_TGGCTGGAGTCGTTTG-1,-0.29997119987097626
CXCR3-,HC,PTC41540_PB,GSM4104142_TGGCTGGCAACTGCGC-1,-0.29997119987097626
CXCR3-,HC,PTC41540_PB,GSM4104142_TGGCTGGCAAGCCGTC-1,0.25411769016831753
CXCR3-,HC,PTC41540_PB,GSM4104142_TGGGAAGAGTTAAGTG-1,-0.0526760648605176
CXCR3-,HC,PTC41540_PB,GSM4104142_TGGGAAGGTCTTGTCC-1,-0.29997119987097626
CXCR3-,HC,PTC41540_PB,GSM4104142_TGGGAAGGTGAGTGAC-1,-0.29997119987097626
CXCR3-,HC,PTC41540_PB,GSM4104142_TGGGCGTGTATAGGGC-1,-0.06090379022649655
CXCR3-,HC,PTC41540_PB,GSM4104142_TGGTTAGTCCGAATGT-1,0.014252183649441332
CXCR3-,HC,PTC41540_PB,GSM4104142_TGGTTCCTCTAACTGG-1,-0.19332907019257853
CXCR3-,HC,PTC41540_PB,GSM4104142_TGTATTCCATTACCTT-1,-0.29997119987097626
CXCR3-,HC,PTC41540_PB,GSM4104142_TGTATTCTCACCCGAG-1,-0.29997119987097626
CXCR3-,HC,PTC41540_PB,GSM4104142_TGTATTCTCTATCCCG-1,0.10782909289203678
CXCR3-,HC,PTC41540_PB,GSM4104142_TGTCCCAAGTAGTGCG-1,0.06328697537699814
CXCR3-,HC,PTC41540_PB,GSM4104142_TGTGGTACATCGGGTC-1,-0.29997119987097626
CXCR3-,HC,PTC41540_PB,GSM4104142_TGTGTTTTCAGTTAGC-1,-0.29997119987097626
CXCR3-,HC,PTC41540_PB,GSM4104142_TGTTCCGCACCCATTC-1,-0.29997119987097626
CXCR3-,HC,PTC41540_PB,GSM4104142_TGTTCCGTCCAAGTAC-1,0.07146454120580167
CXCR3-,HC,PTC41540_PB,GSM4104142_TTAACTCAGCTAGTCT-1,-0.29997119987097626
CXCR3-,HC,PTC41540_PB,GSM4104142_TTAACTCTCGATCCCT-1,-0.29997119987097626
CXCR3-,HC,PTC41540_PB,GSM4104142_TTAACTCTCTCGATGA-1,0.05220432997296091
CXCR3-,HC,PTC41540_PB,GSM4104142_TTAGGACGTCGTCTTC-1,0.3571595951791295
CXCR3-,HC,PTC41540_PB,GSM4104142_TTAGGACGTGTGCGTC-1,-0.29997119987097626
CXCR3-,HC,PTC41540_PB,GSM4104142_TTAGGCAAGCTTTGGT-1,0.17090451676192034
CXCR3-,HC,PTC41540_PB,GSM4104142_TTAGGCACATCATCCC-1,0.009106682465589464
CXCR3-,HC,PTC41540_PB,GSM4104142_TTAGGCAGTGCCTGGT-1,-0.29997119987097626
CXCR3-,HC,PTC41540_PB,GSM4104142_TTATGCTAGCGTAATA-1,-0.29997119987097626
CXCR3-,HC,PTC41540_PB,GSM4104142_TTATGCTCACGGTTTA-1,-0.29997119987097626
CXCR3-,HC,PTC41540_PB,GSM4104142_TTATGCTGTTACGGAG-1,-0.29997119987097626
CXCR3+,HC,PTC41540_PB,GSM4104142_TTCCCAGCAATAGCGG-1,-0.04003930612851849
CXCR3-,HC,PTC41540_PB,GSM4104142_TTCCCAGTCGGTGTCG-1,-0.11825443949080916
CXCR3-,HC,PTC41540_PB,GSM4104142_TTCGAAGCACCTTGTC-1,-0.29997119987097626
CXCR3+,HC,PTC41540_PB,GSM4104142_TTCGAAGTCCAATGGT-1,0.009008094882779602
CXCR3-,HC,PTC41540_PB,GSM4104142_TTCGGTCCAAGCGATG-1,-0.055977287424809806
CXCR3-,HC,PTC41540_PB,GSM4104142_TTCTACAAGTCCGTAT-1,-0.13648288881829956
CXCR3-,HC,PTC41540_PB,GSM4104142_TTCTACACACTGTTAG-1,-0.29997119987097626
CXCR3-,HC,PTC41540_PB,GSM4104142_TTCTACACATGGGAAC-1,-0.29997119987097626
CXCR3-,HC,PTC41540_PB,GSM4104142_TTCTACAGTAACGACG-1,0.14244092037484785
CXCR3-,HC,PTC41540_PB,GSM4104142_TTCTCCTCAAGGCTCC-1,0.17509242505943376
CXCR3-,HC,PTC41540_PB,GSM4104142_TTCTTAGCACAGAGGT-1,-0.29997119987097626
CXCR3-,HC,PTC41540_PB,GSM4104142_TTCTTAGGTAGAAAGG-1,-0.29997119987097626
CXCR3-,HC,PTC41540_PB,GSM4104142_TTCTTAGTCTTTAGGG-1,-0.29997119987097626
CXCR3-,HC,PTC41540_PB,GSM4104142_TTGAACGTCCTGTACC-1,-0.12806200108368457
CXCR3-,HC,PTC41540_PB,GSM4104142_TTGACTTAGGATGCGT-1,-0.29997119987097626
CXCR3-,HC,PTC41540_PB,GSM4104142_TTGACTTTCGAATGGG-1,0.025663090130765193
CXCR3-,HC,PTC41540_PB,GSM4104142_TTGCCGTAGCGACGTA-1,-0.29997119987097626
CXCR3-,HC,PTC41540_PB,GSM4104142_TTGCCGTGTCTAGCCG-1,-0.29997119987097626
CXCR3-,HC,PTC41540_PB,GSM4104142_TTGCCGTGTGTTGAGG-1,-0.29997119987097626
CXCR3-,HC,PTC41540_PB,GSM4104142_TTGCCGTTCACCGTAA-1,-0.154830579558975
CXCR3-,HC,PTC41540_PB,GSM4104142_TTGCGTCCACAGCGTC-1,0.7287912441530501
CXCR3-,HC,PTC41540_PB,GSM4104142_TTGCGTCCAGGATCGA-1,0.009161186102585015
CXCR3-,HC,PTC41540_PB,GSM4104142_TTTACTGTCAAAGTAG-1,1.0065162260007658
CXCR3-,HC,PTC41540_PB,GSM4104142_TTTGCGCAGGCTAGAC-1,-0.29997119987097626
CXCR3-,HC,PTC41540_PB,GSM4104142_TTTGCGCCAAGAAAGG-1,-0.12126637994825204
CXCR3-,HC,PTC41540_PB,GSM4104142_TTTGCGCGTGTTTGGT-1,-0.29997119987097626
CXCR3-,HC,PTC41540_PB,GSM4104142_TTTGCGCGTTTCCACC-1,-0.17190443226223046
CXCR3-,HC,PTC41540_PB,GSM4104142_TTTGGTTGTAGAGTGC-1,-0.29997119987097626
CXCR3-,HC,PTC41540_PB,GSM4104142_TTTGTCAGTATATGGA-1,-0.29997119987097626
CXCR3-,HC,PTC85037_PB,GSM4104143_AAACCTGAGGTCATCT-1,0.15375760900042076
CXCR3-,HC,PTC85037_PB,GSM4104143_AAACGGGAGAGGTAGA-1,-0.29997119987097626
CXCR3-,HC,PTC85037_PB,GSM4104143_AAAGATGAGATCTGAA-1,-0.29997119987097626
CXCR3-,HC,PTC85037_PB,GSM4104143_AAATGCCAGCTCCCAG-1,-0.03399738719180092
CXCR3-,HC,PTC85037_PB,GSM4104143_AACTCAGCAGTAAGAT-1,-0.0988127225626824
CXCR3-,HC,PTC85037_PB,GSM4104143_AACTCCCTCGCCAAAT-1,0.11006660958537691
CXCR3-,HC,PTC85037_PB,GSM4104143_AATCCAGAGGAGTAGA-1,-0.29997119987097626
CXCR3-,HC,PTC85037_PB,GSM4104143_ACACCAAAGAGTAAGG-1,-0.29997119987097626
CXCR3-,HC,PTC85037_PB,GSM4104143_ACACCAACACCTTGTC-1,-0.18521873541480774
CXCR3-,HC,PTC85037_PB,GSM4104143_ACACCCTCACAGCCCA-1,-0.29997119987097626
CXCR3-,HC,PTC85037_PB,GSM4104143_ACACCGGTCTTCAACT-1,-0.1298125108763167
CXCR3-,HC,PTC85037_PB,GSM4104143_ACATGGTCAGACAAAT-1,-0.29997119987097626
CXCR3-,HC,PTC85037_PB,GSM4104143_ACGAGCCAGTCGCCGT-1,-0.29997119987097626
CXCR3-,HC,PTC85037_PB,GSM4104143_ACGATACGTTCCTCCA-1,-0.29997119987097626
CXCR3-,HC,PTC85037_PB,GSM4104143_ACGCAGCGTGCCTGCA-1,-0.03907199132115141
CXCR3-,HC,PTC85037_PB,GSM4104143_ACGCCAGAGATGTCGG-1,-0.29997119987097626
CXCR3-,HC,PTC85037_PB,GSM4104143_ACGGAGAAGCCCAACC-1,-0.29997119987097626
CXCR3-,HC,PTC85037_PB,GSM4104143_ACGGGCTAGTGTACGG-1,0.0649278868365456
CXCR3-,HC,PTC85037_PB,GSM4104143_ACGGGCTCATTATCTC-1,-0.18488801181076847
CXCR3-,HC,PTC85037_PB,GSM4104143_ACGGGTCAGGAATGGA-1,-0.29997119987097626
CXCR3-,HC,PTC85037_PB,GSM4104143_ACTTACTCAAGCGAGT-1,-0.29997119987097626
CXCR3-,HC,PTC85037_PB,GSM4104143_ACTTGTTAGACAGGCT-1,-0.29997119987097626
CXCR3-,HC,PTC85037_PB,GSM4104143_ACTTGTTTCGAACTGT-1,-0.29997119987097626
CXCR3-,HC,PTC85037_PB,GSM4104143_ACTTTCATCTTGCAAG-1,-0.11432876730162324
CXCR3-,HC,PTC85037_PB,GSM4104143_AGATCTGAGCGACGTA-1,-0.29997119987097626
CXCR3-,HC,PTC85037_PB,GSM4104143_AGATCTGCATCACAAC-1,-0.02364400106672162
CXCR3-,HC,PTC85037_PB,GSM4104143_AGATTGCCAGGGAGAG-1,0.06807836217131522
CXCR3-,HC,PTC85037_PB,GSM4104143_AGATTGCGTGATGCCC-1,-0.29997119987097626
CXCR3-,HC,PTC85037_PB,GSM4104143_AGCAGCCGTAAGTGGC-1,-0.29997119987097626
CXCR3-,HC,PTC85037_PB,GSM4104143_AGCGTATAGCCCAGCT-1,-0.18155652645657755
CXCR3-,HC,PTC85037_PB,GSM4104143_AGGCCGTAGCCACTAT-1,-0.29997119987097626
CXCR3-,HC,PTC85037_PB,GSM4104143_AGGCCGTCACCAGCAC-1,0.15200557387087418
CXCR3-,HC,PTC85037_PB,GSM4104143_AGGGATGGTACTCTCC-1,-0.29997119987097626
CXCR3-,HC,PTC85037_PB,GSM4104143_AGGGATGTCCAACCAA-1,-0.029050743971718064
CXCR3-,HC,PTC85037_PB,GSM4104143_AGTGAGGCAAGGTTTC-1,0.14026518971731816
CXCR3-,HC,PTC85037_PB,GSM4104143_AGTGTCAAGTACCGGA-1,0.24841169478321642
CXCR3-,HC,PTC85037_PB,GSM4104143_ATAGACCCATCACAAC-1,0.22173696113378552
CXCR3-,HC,PTC85037_PB,GSM4104143_ATAGACCTCTAACTTC-1,-0.29997119987097626
CXCR3-,HC,PTC85037_PB,GSM4104143_ATCATCTAGCCAGGAT-1,0.14176733356270987
CXCR3-,HC,PTC85037_PB,GSM4104143_ATCATGGCATTCACTT-1,0.022074335370119633
CXCR3-,HC,PTC85037_PB,GSM4104143_ATCGAGTCAAACTGCT-1,-0.29997119987097626
CXCR3-,HC,PTC85037_PB,GSM4104143_ATCTGCCGTCAGATAA-1,-0.04134554790029254
CXCR3-,HC,PTC85037_PB,GSM4104143_ATGAGGGGTTCATGGT-1,-0.29997119987097626
CXCR3-,HC,PTC85037_PB,GSM4104143_ATGGGAGTCCCATTAT-1,-0.02258922786464884
CXCR3-,HC,PTC85037_PB,GSM4104143_ATTCTACAGAAGATTC-1,0.06612905917654603
CXCR3-,HC,PTC85037_PB,GSM4104143_ATTGGTGGTCATATGC-1,0.052857820187707176
CXCR3-,HC,PTC85037_PB,GSM4104143_CAACCAAGTAGATTAG-1,-0.05419273281584015
CXCR3-,HC,PTC85037_PB,GSM4104143_CAAGTTGAGTTTCCTT-1,-0.29997119987097626
CXCR3-,HC,PTC85037_PB,GSM4104143_CACACCTGTGTTCGAT-1,-0.29997119987097626
CXCR3-,HC,PTC85037_PB,GSM4104143_CACACCTGTTTGACTG-1,-0.20428791985322228
CXCR3-,HC,PTC85037_PB,GSM4104143_CACACTCCACTCTGTC-1,-0.29997119987097626
CXCR3-,HC,PTC85037_PB,GSM4104143_CACAGGCCAGGGTATG-1,-0.058671540682754264
CXCR3-,HC,PTC85037_PB,GSM4104143_CACCTTGGTAGCAAAT-1,-0.12277901440359659
CXCR3-,HC,PTC85037_PB,GSM4104143_CACCTTGGTGTCCTCT-1,-0.29997119987097626
CXCR3-,HC,PTC85037_PB,GSM4104143_CACCTTGTCATGTCCC-1,-0.29997119987097626
CXCR3-,HC,PTC85037_PB,GSM4104143_CACCTTGTCCGAACGC-1,-0.017623449884298648
CXCR3-,HC,PTC85037_PB,GSM4104143_CAGCAGCAGGTTACCT-1,-0.29997119987097626
CXCR3-,HC,PTC85037_PB,GSM4104143_CAGGTGCTCGGTCCGA-1,-0.09689504604085572
CXCR3+,HC,PTC85037_PB,GSM4104143_CATCAGAAGTATCTCG-1,-0.1838368526968883
CXCR3-,HC,PTC85037_PB,GSM4104143_CATCAGAGTGCGGTAA-1,0.2822299235090748
CXCR3-,HC,PTC85037_PB,GSM4104143_CATCGGGCACATCCAA-1,0.08974470423851934
CXCR3-,HC,PTC85037_PB,GSM4104143_CATCGGGGTAGGGTAC-1,-0.29997119987097626
CXCR3-,HC,PTC85037_PB,GSM4104143_CATTCGCAGGCGATAC-1,-0.07346737259767451
CXCR3-,HC,PTC85037_PB,GSM4104143_CATTCGCGTTAAGACA-1,-0.29997119987097626
CXCR3-,HC,PTC85037_PB,GSM4104143_CCACCTAGTACGAAAT-1,0.4384423451324445
CXCR3-,HC,PTC85037_PB,GSM4104143_CCACGGACATGAACCT-1,-0.29997119987097626
CXCR3-,HC,PTC85037_PB,GSM4104143_CCACGGATCTTTACAC-1,0.047513038342511874
CXCR3-,HC,PTC85037_PB,GSM4104143_CCACTACCAAGCGATG-1,-0.29997119987097626
CXCR3-,HC,PTC85037_PB,GSM4104143_CCAGCGAAGGCATGGT-1,-0.29997119987097626
CXCR3-,HC,PTC85037_PB,GSM4104143_CCCAATCTCCCAAGTA-1,-0.029960749124178114
CXCR3-,HC,PTC85037_PB,GSM4104143_CCCAGTTGTTACTGAC-1,-0.08003762931566745
CXCR3-,HC,PTC85037_PB,GSM4104143_CCCATACCATACGCCG-1,0.469745216334918
CXCR3-,HC,PTC85037_PB,GSM4104143_CCGTACTGTTCCGGCA-1,-0.13055992653133083
CXCR3-,HC,PTC85037_PB,GSM4104143_CCTAGCTTCCTCAACC-1,-0.29997119987097626
CXCR3-,HC,PTC85037_PB,GSM4104143_CCTATTATCGAATGGG-1,0.141564328641002
CXCR3-,HC,PTC85037_PB,GSM4104143_CCTATTATCTAACTGG-1,-0.29997119987097626
CXCR3-,HC,PTC85037_PB,GSM4104143_CCTTACGTCGCCAAAT-1,0.13552778767177784
CXCR3-,HC,PTC85037_PB,GSM4104143_CCTTCGAAGCAGGTCA-1,-0.17414138164881132
CXCR3-,HC,PTC85037_PB,GSM4104143_CCTTCGACAAACTGTC-1,-0.29997119987097626
CXCR3-,HC,PTC85037_PB,GSM4104143_CCTTTCTCAGCTGCAC-1,0.4148132823488147
CXCR3-,HC,PTC85037_PB,GSM4104143_CGAGCCAAGAGATGAG-1,-0.2195956420953315
CXCR3-,HC,PTC85037_PB,GSM4104143_CGATGTAGTTAAGTAG-1,-0.29997119987097626
CXCR3-,HC,PTC85037_PB,GSM4104143_CGATTGAAGAGACGAA-1,-0.29997119987097626
CXCR3-,HC,PTC85037_PB,GSM4104143_CGCCAAGGTCCTCCAT-1,-0.29997119987097626
CXCR3-,HC,PTC85037_PB,GSM4104143_CGCCAAGTCACTCCTG-1,-0.18481255647861153
CXCR3-,HC,PTC85037_PB,GSM4104143_CGCTATCGTAGAGTGC-1,-0.059999287305732264
CXCR3-,HC,PTC85037_PB,GSM4104143_CGCTATCTCCCAAGAT-1,-0.29997119987097626
CXCR3-,HC,PTC85037_PB,GSM4104143_CGCTGGATCTACCTGC-1,0.07278012567773103
CXCR3-,HC,PTC85037_PB,GSM4104143_CGGACACTCGGTGTCG-1,0.14666883772563305
CXCR3-,HC,PTC85037_PB,GSM4104143_CGGACGTAGGCTATCT-1,-0.16266338093120677
CXCR3-,HC,PTC85037_PB,GSM4104143_CGGACGTCAAGCGTAG-1,0.052796854522510296
CXCR3-,HC,PTC85037_PB,GSM4104143_CGGACTGAGCCTATGT-1,0.12579670179583832
CXCR3-,HC,PTC85037_PB,GSM4104143_CGGAGTCGTACTTCTT-1,-0.13656797824226033
CXCR3-,HC,PTC85037_PB,GSM4104143_CGTAGCGTCGCAGGCT-1,-0.018415591850892272
CXCR3-,HC,PTC85037_PB,GSM4104143_CGTAGGCTCAGGATCT-1,-0.29997119987097626
CXCR3-,HC,PTC85037_PB,GSM4104143_CGTGAGCAGTCGTACT-1,-0.29997119987097626
CXCR3-,HC,PTC85037_PB,GSM4104143_CGTGTAAAGATGTCGG-1,-0.29997119987097626
CXCR3-,HC,PTC85037_PB,GSM4104143_CGTGTAATCACTCTTA-1,0.17625777754377062
CXCR3-,HC,PTC85037_PB,GSM4104143_CTAACTTGTATTCGTG-1,-0.29997119987097626
CXCR3-,HC,PTC85037_PB,GSM4104143_CTAAGACCAATACGCT-1,0.4838727435647373
CXCR3-,HC,PTC85037_PB,GSM4104143_CTAAGACGTCTGATTG-1,-0.29997119987097626
CXCR3-,HC,PTC85037_PB,GSM4104143_CTCACACTCAGGCCCA-1,-0.04975271583152783
CXCR3-,HC,PTC85037_PB,GSM4104143_CTCCTAGCACTATCTT-1,-0.29997119987097626
CXCR3-,HC,PTC85037_PB,GSM4104143_CTCGAAACATGCAACT-1,-0.29997119987097626
CXCR3-,HC,PTC85037_PB,GSM4104143_CTCGAGGGTTAAGAAC-1,-0.08166251551205415
CXCR3-,HC,PTC85037_PB,GSM4104143_CTCGGAGAGTTGAGAT-1,-0.29997119987097626
CXCR3-,HC,PTC85037_PB,GSM4104143_CTCGGAGTCGTTGCCT-1,-0.1569045615343993
CXCR3-,HC,PTC85037_PB,GSM4104143_CTCGTCAGTTACGGAG-1,-0.29997119987097626
CXCR3-,HC,PTC85037_PB,GSM4104143_CTCGTCATCCCATTAT-1,0.3397518491655322
CXCR3-,HC,PTC85037_PB,GSM4104143_CTCTAATTCCGAGCCA-1,0.042004599569466484
CXCR3-,HC,PTC85037_PB,GSM4104143_CTCTACGTCTCCAGGG-1,-0.12931780349381336
CXCR3-,HC,PTC85037_PB,GSM4104143_CTGAAACCAGCTGTGC-1,0.3745646316245854
CXCR3-,HC,PTC85037_PB,GSM4104143_CTGAAGTCACTGTTAG-1,-0.29997119987097626
CXCR3-,HC,PTC85037_PB,GSM4104143_CTGATAGGTAAGAGAG-1,0.5555491484715102
CXCR3-,HC,PTC85037_PB,GSM4104143_CTGATAGTCAAAGACA-1,-0.14474861141740258
CXCR3-,HC,PTC85037_PB,GSM4104143_CTGCCTATCAAGATCC-1,0.07662073436000381
CXCR3-,HC,PTC85037_PB,GSM4104143_CTTAACTCATTCGACA-1,-0.29997119987097626
CXCR3+,HC,PTC85037_PB,GSM4104143_CTTAACTTCTGACCTC-1,0.8617328862177066
CXCR3-,HC,PTC85037_PB,GSM4104143_CTTACCGGTATTCTCT-1,-0.019172772942207702
CXCR3-,HC,PTC85037_PB,GSM4104143_GAACGGATCAGTTGAC-1,-0.29997119987097626
CXCR3-,HC,PTC85037_PB,GSM4104143_GAACGGATCCTAGAAC-1,-0.29997119987097626
CXCR3-,HC,PTC85037_PB,GSM4104143_GAACGGATCTGAGTGT-1,-0.13986601384218347
CXCR3-,HC,PTC85037_PB,GSM4104143_GAAGCAGGTTCCTCCA-1,0.5788265290572193
CXCR3-,HC,PTC85037_PB,GSM4104143_GAATAAGCAGTATAAG-1,0.665529885885613
CXCR3-,HC,PTC85037_PB,GSM4104143_GAATGAACATTGTGCA-1,-0.29997119987097626
CXCR3-,HC,PTC85037_PB,GSM4104143_GACACGCCACGTGAGA-1,-0.29997119987097626
CXCR3-,HC,PTC85037_PB,GSM4104143_GACTACATCCACGAAT-1,0.024584878455863008
CXCR3+,HC,PTC85037_PB,GSM4104143_GACTGCGCAGATCCAT-1,0.3362045798235865
CXCR3-,HC,PTC85037_PB,GSM4104143_GAGTCCGCAAGCTGTT-1,-0.17893779981158092
CXCR3-,HC,PTC85037_PB,GSM4104143_GATCGATAGATGCGAC-1,-0.2017632897756447
CXCR3-,HC,PTC85037_PB,GSM4104143_GATCGCGGTTTAAGCC-1,-0.29997119987097626
CXCR3-,HC,PTC85037_PB,GSM4104143_GATCGTAGTCATACTG-1,0.0610582463909903
CXCR3-,HC,PTC85037_PB,GSM4104143_GATGAAAAGAGGTACC-1,0.003466827692257257
CXCR3-,HC,PTC85037_PB,GSM4104143_GATGAAAAGTGGTCCC-1,0.4875849239898454
CXCR3-,HC,PTC85037_PB,GSM4104143_GATGAAAGTTCACCTC-1,0.16576386571789287
CXCR3-,HC,PTC85037_PB,GSM4104143_GCAAACTAGACACTAA-1,-0.29997119987097626
CXCR3+,HC,PTC85037_PB,GSM4104143_GCACATATCGGATGGA-1,0.2520032687191462
CXCR3-,HC,PTC85037_PB,GSM4104143_GCACTCTTCTGTCAAG-1,-0.17241987961434763
CXCR3-,HC,PTC85037_PB,GSM4104143_GCAGCCAGTAAGTTCC-1,0.05833726480365521
CXCR3-,HC,PTC85037_PB,GSM4104143_GCCTCTACAGCCACCA-1,-0.29997119987097626
CXCR3-,HC,PTC85037_PB,GSM4104143_GCCTCTATCTCTGCTG-1,-0.29997119987097626
CXCR3-,HC,PTC85037_PB,GSM4104143_GCGAGAAGTGTTTGGT-1,-0.29997119987097626
CXCR3-,HC,PTC85037_PB,GSM4104143_GCGCAACCAGTGGAGT-1,-0.29997119987097626
CXCR3-,HC,PTC85037_PB,GSM4104143_GCGCAGTGTCAGAGGT-1,-0.29997119987097626
CXCR3-,HC,PTC85037_PB,GSM4104143_GCGGGTTGTGTCAATC-1,-0.1763271367373398
CXCR3-,HC,PTC85037_PB,GSM4104143_GCTCCTAAGATAGCAT-1,-0.29997119987097626
CXCR3-,HC,PTC85037_PB,GSM4104143_GCTGGGTAGGTGACCA-1,0.7243688163512753
CXCR3-,HC,PTC85037_PB,GSM4104143_GGAACTTCATGCCTAA-1,-0.29997119987097626
CXCR3-,HC,PTC85037_PB,GSM4104143_GGAATAAAGCGTCTAT-1,0.06440883832225855
CXCR3-,HC,PTC85037_PB,GSM4104143_GGACAAGCAAGCCGTC-1,-0.08797760948224208
CXCR3-,HC,PTC85037_PB,GSM4104143_GGATGTTAGATGCCAG-1,-0.14585061322014528
CXCR3-,HC,PTC85037_PB,GSM4104143_GGATTACCACATGGGA-1,-0.29997119987097626
CXCR3-,HC,PTC85037_PB,GSM4104143_GGCAATTCACGTAAGG-1,-0.29997119987097626
CXCR3-,HC,PTC85037_PB,GSM4104143_GGGATGAGTAAGGATT-1,0.5696643165391057
CXCR3-,HC,PTC85037_PB,GSM4104143_GGGTTGCTCTGCAAGT-1,0.14729521110129795
CXCR3-,HC,PTC85037_PB,GSM4104143_GGTATTGTCCACGTGG-1,-0.17188525784107345
CXCR3+,HC,PTC85037_PB,GSM4104143_GGTGAAGCAAATCCGT-1,-0.29997119987097626
CXCR3-,HC,PTC85037_PB,GSM4104143_GGTGCGTAGAAACGCC-1,0.1715594145142827
CXCR3-,HC,PTC85037_PB,GSM4104143_GGTGTTAAGGAATTAC-1,-0.29997119987097626
CXCR3-,HC,PTC85037_PB,GSM4104143_GTAACTGGTATGAAAC-1,-0.29997119987097626
CXCR3-,HC,PTC85037_PB,GSM4104143_GTACTCCTCAAAGACA-1,-0.09065885010011805
CXCR3-,HC,PTC85037_PB,GSM4104143_GTCACAAGTGTAATGA-1,-0.29997119987097626
CXCR3-,HC,PTC85037_PB,GSM4104143_GTCATTTAGCTGATAA-1,-0.20125981471644425
CXCR3-,HC,PTC85037_PB,GSM4104143_GTCCTCAGTCGCTTCT-1,0.6862867262471201
CXCR3-,HC,PTC85037_PB,GSM4104143_GTCGTAACATCGACGC-1,-0.10047651380877383
CXCR3-,HC,PTC85037_PB,GSM4104143_GTCTTCGGTTCGCTAA-1,0.2848809765862703
CXCR3-,HC,PTC85037_PB,GSM4104143_GTGCATAAGAGCTTCT-1,0.41866347884691557
CXCR3-,HC,PTC85037_PB,GSM4104143_GTGCATACATATGAGA-1,-0.29997119987097626
CXCR3+,HC,PTC85037_PB,GSM4104143_GTTAAGCAGGGAAACA-1,0.06912663596939891
CXCR3-,HC,PTC85037_PB,GSM4104143_GTTAAGCAGGTGGGTT-1,0.06311940832252338
CXCR3-,HC,PTC85037_PB,GSM4104143_GTTCTCGAGGCGTACA-1,0.03534590217712595
CXCR3-,HC,PTC85037_PB,GSM4104143_GTTCTCGCAAGTTCTG-1,0.31975329089311216
CXCR3-,HC,PTC85037_PB,GSM4104143_GTTTCTATCGCCATAA-1,-0.29997119987097626
CXCR3-,HC,PTC85037_PB,GSM4104143_TAAGTGCTCCAAAGTC-1,0.08342877025807525
CXCR3-,HC,PTC85037_PB,GSM4104143_TACCTATAGTACATGA-1,-0.29997119987097626
CXCR3-,HC,PTC85037_PB,GSM4104143_TACCTTATCAACGGGA-1,-0.1680393947375404
CXCR3-,HC,PTC85037_PB,GSM4104143_TACGGATAGAAACGCC-1,-0.29997119987097626
CXCR3-,HC,PTC85037_PB,GSM4104143_TACGGGCCACTGTGTA-1,-0.29997119987097626
CXCR3-,HC,PTC85037_PB,GSM4104143_TACGGTATCACGCATA-1,-0.29997119987097626
CXCR3-,HC,PTC85037_PB,GSM4104143_TACTCATAGAGCCCAA-1,-0.29997119987097626
CXCR3-,HC,PTC85037_PB,GSM4104143_TACTCATTCGAATCCA-1,-0.16547565671494832
CXCR3-,HC,PTC85037_PB,GSM4104143_TACTCGCCATGACATC-1,-0.29997119987097626
CXCR3-,HC,PTC85037_PB,GSM4104143_TACTTACAGTCAAGCG-1,-0.08668899463674262
CXCR3+,HC,PTC85037_PB,GSM4104143_TACTTACGTTCCCGAG-1,-0.09295434453786654
CXCR3+,HC,PTC85037_PB,GSM4104143_TAGTTGGAGGACCACA-1,-0.12048249253611742
CXCR3-,HC,PTC85037_PB,GSM4104143_TAGTTGGAGGGAGTAA-1,0.7647452864599912
CXCR3-,HC,PTC85037_PB,GSM4104143_TATCAGGAGGATATAC-1,-0.06966916857789693
CXCR3-,HC,PTC85037_PB,GSM4104143_TCAGCAAAGTGTTTGC-1,-0.043361870916038416
CXCR3-,HC,PTC85037_PB,GSM4104143_TCAGCAACAAGGTTCT-1,-0.29997119987097626
CXCR3-,HC,PTC85037_PB,GSM4104143_TCAGCTCAGGCAGGTT-1,-0.29997119987097626
CXCR3+,HC,PTC85037_PB,GSM4104143_TCATTACGTAGCCTCG-1,-0.29997119987097626
CXCR3-,HC,PTC85037_PB,GSM4104143_TCATTTGTCGAGAGCA-1,-0.13246587102652052
CXCR3-,HC,PTC85037_PB,GSM4104143_TCGAGGCGTTACGTCA-1,0.3723129720978606
CXCR3-,HC,PTC85037_PB,GSM4104143_TCGCGAGGTGGTACAG-1,-0.12757855016785016
CXCR3-,HC,PTC85037_PB,GSM4104143_TCGTAGAGTGCCTGGT-1,-0.16393233849763006
CXCR3-,HC,PTC85037_PB,GSM4104143_TCGTAGAGTTCACGGC-1,-0.29997119987097626
CXCR3-,HC,PTC85037_PB,GSM4104143_TCGTAGATCAGTGCAT-1,-0.004889927865471488
CXCR3-,HC,PTC85037_PB,GSM4104143_TCTATTGGTAGCTCCG-1,-0.007140806131497832
CXCR3-,HC,PTC85037_PB,GSM4104143_TCTCATATCATGCAAC-1,-0.166580670636418
CXCR3-,HC,PTC85037_PB,GSM4104143_TGAAAGAAGCACACAG-1,0.16903751233028766
CXCR3-,HC,PTC85037_PB,GSM4104143_TGAGAGGCAGATCTGT-1,-0.29997119987097626
CXCR3-,HC,PTC85037_PB,GSM4104143_TGAGGGACAGCCTTGG-1,-0.29997119987097626
CXCR3-,HC,PTC85037_PB,GSM4104143_TGCCAAACACAGACAG-1,-0.29997119987097626
CXCR3-,HC,PTC85037_PB,GSM4104143_TGCCAAAGTAGCTGCC-1,-0.29997119987097626
CXCR3-,HC,PTC85037_PB,GSM4104143_TGCGTGGAGTGCGATG-1,-0.06099670067578383
CXCR3-,HC,PTC85037_PB,GSM4104143_TGCTACCGTGGTCCGT-1,-0.004269403945402254
CXCR3-,HC,PTC85037_PB,GSM4104143_TGGCCAGAGTGAAGTT-1,-0.19303501942704798
CXCR3-,HC,PTC85037_PB,GSM4104143_TGGCGCAAGATGGCGT-1,-0.08639631604084018
CXCR3-,HC,PTC85037_PB,GSM4104143_TGGGCGTAGTGCGTGA-1,-0.29997119987097626
CXCR3-,HC,PTC85037_PB,GSM4104143_TGGTTCCAGGACAGAA-1,0.041631025475623744
CXCR3-,HC,PTC85037_PB,GSM4104143_TGGTTCCTCCGTTGCT-1,-0.29997119987097626
CXCR3-,HC,PTC85037_PB,GSM4104143_TGTATTCGTACCTACA-1,-0.16456761426167216
CXCR3-,HC,PTC85037_PB,GSM4104143_TGTCCCAAGCGTAGTG-1,-0.29997119987097626
CXCR3+,HC,PTC85037_PB,GSM4104143_TTAGGACCAAGCTGGA-1,-0.29997119987097626
CXCR3-,HC,PTC85037_PB,GSM4104143_TTAGTTCTCGTAGGAG-1,-0.29997119987097626
CXCR3-,HC,PTC85037_PB,GSM4104143_TTATGCTTCGCCAGCA-1,-0.16027586076919556
CXCR3-,HC,PTC85037_PB,GSM4104143_TTCCCAGGTGGAAAGA-1,-0.29997119987097626
CXCR3-,HC,PTC85037_PB,GSM4104143_TTCGGTCTCACGAAGG-1,0.15783237248797716
CXCR3-,HC,PTC85037_PB,GSM4104143_TTCGGTCTCGTTGCCT-1,-0.29997119987097626
CXCR3-,HC,PTC85037_PB,GSM4104143_TTCTCAACAGGCTGAA-1,-0.1049396416204177
CXCR3-,HC,PTC85037_PB,GSM4104143_TTCTCCTTCCTTTACA-1,-0.02884645523203187
CXCR3+,HC,PTC85037_PB,GSM4104143_TTCTTAGTCTCGTATT-1,1.7629079040451905
CXCR3-,HC,PTC85037_PB,GSM4104143_TTGAACGTCCGGCACA-1,-0.29997119987097626
CXCR3-,HC,PTC85037_PB,GSM4104143_TTGACTTCAAGGGTCA-1,-0.0276844709669678
CXCR3-,HC,PTC85037_PB,GSM4104143_TTGCCGTCAATAACGA-1,-0.29997119987097626
CXCR3-,HC,PTC85037_PB,GSM4104143_TTTGTCACACTGAAGG-1,-0.29997119987097626
