cxcr3_group,condition,patient,cell_id,zinc_signature
CXCR3-,MS,CSF_6,AAACCTGCAATGTTGC-1,0.5973307121652337
CXCR3-,MS,CSF_6,AAACCTGCATTCCTGC-1,0.04484950963009176
CXCR3-,MS,CSF_6,AAACCTGGTGTGCCTG-1,0.12363603466400673
CXCR3-,MS,CSF_6,AAAGATGAGCGGCTTC-1,0.2239097708721742
CXCR3-,MS,CSF_6,AAAGATGCAGCTCGAC-1,0.6743973607364596
CXCR3-,MS,CSF_6,AACACGTGTGCTGTAT-1,0.32290489616528145
CXCR3+,MS,CSF_6,AACCATGAGCACGCCT-1,0.6375676250965521
CXCR3+,MS,CSF_6,AACCATGCAAGAAAGG-1,0.02242468886094887
CXCR3-,MS,CSF_6,AACCATGTCCGTCAAA-1,0.314365283922888
CXCR3-,MS,CSF_6,AACCGCGTCTAACTGG-1,0.24667940408969585
CXCR3-,MS,CSF_6,AACGTTGGTCTAGCGC-1,0.26193006509127065
CXCR3+,MS,CSF_6,AACGTTGTCCTAGTGA-1,-0.29997119987097626
CXCR3-,MS,CSF_6,AACTGGTAGAGACTTA-1,-0.29997119987097626
CXCR3-,MS,CSF_6,AAGACCTGTAGGGTAC-1,-0.29997119987097626
CXCR3-,MS,CSF_6,AAGCCGCTCTAACTTC-1,0.19649318736884727
CXCR3-,MS,CSF_6,AAGGCAGAGTTGTAGA-1,-0.29997119987097626
CXCR3-,MS,CSF_6,ACACCAAAGGGAGTAA-1,0.2551291845622773
CXCR3+,MS,CSF_6,ACACCAAAGTCCAGGA-1,-0.03173556360821346
CXCR3-,MS,CSF_6,ACACCCTCAAAGAATC-1,-0.09098647478093906
CXCR3-,MS,CSF_6,ACACCCTTCAAACCGT-1,0.07897077306077169
CXCR3-,MS,CSF_6,ACACTGATCAAGAAGT-1,0.4463814581717614
CXCR3-,MS,CSF_6,ACACTGATCAGCGACC-1,0.05157862676481671
CXCR3-,MS,CSF_6,ACAGCTAAGCGTTCCG-1,0.8331134890447328
CXCR3+,MS,CSF_6,ACATACGGTTGCGCAC-1,0.190533303438224
CXCR3-,MS,CSF_6,ACATACGTCAAGGTAA-1,0.23925797919550046
CXCR3+,MS,CSF_6,ACATCAGCATATACGC-1,-0.034175601151362346
CXCR3-,MS,CSF_6,ACCAGTAAGATGTTAG-1,-0.10933920195006329
CXCR3-,MS,CSF_6,ACGAGCCGTACCGCTG-1,-0.05795128738842757
CXCR3-,MS,CSF_6,ACGATACAGGTGTTAA-1,-0.09202398813118037
CXCR3-,MS,CSF_6,ACGATGTAGCTGGAAC-1,-0.15560422046318223
CXCR3-,MS,CSF_6,ACGATGTAGCTGTTCA-1,0.16641546923240388
CXCR3-,MS,CSF_6,ACGATGTCAGCTGTTA-1,-0.1023215386190237
CXCR3+,MS,CSF_6,ACGCCAGTCACTTCAT-1,-0.29997119987097626
CXCR3-,MS,CSF_6,ACGCCAGTCAGCATGT-1,0.13160057363326222
CXCR3-,MS,CSF_6,ACGCCGAAGGCGACAT-1,-0.29997119987097626
CXCR3+,MS,CSF_6,ACGCCGAGTGCAACTT-1,0.3455619043925459
CXCR3-,MS,CSF_6,ACGGAGATCGATAGAA-1,-0.29997119987097626
CXCR3-,MS,CSF_6,ACGTCAACATGAACCT-1,-0.18299916724251525
CXCR3-,MS,CSF_6,ACTATCTTCTAACTTC-1,-0.29997119987097626
CXCR3+,MS,CSF_6,ACTATCTTCTGACCTC-1,-0.14642911685776278
CXCR3-,MS,CSF_6,ACTGAACAGAATGTTG-1,-0.29997119987097626
CXCR3-,MS,CSF_6,ACTGAACAGCTGTTCA-1,-0.29997119987097626
CXCR3+,MS,CSF_6,ACTGATGAGAGGTTAT-1,-0.29997119987097626
CXCR3-,MS,CSF_6,ACTGATGAGTTGAGAT-1,0.303061960000177
CXCR3-,MS,CSF_6,ACTTACTTCCAAGTAC-1,-0.07572038203486088
CXCR3-,MS,CSF_6,ACTTGTTGTGAAAGAG-1,-0.10662724862415399
CXCR3-,MS,CSF_6,ACTTTCACAGCTGCAC-1,-0.29997119987097626
CXCR3-,MS,CSF_6,AGACGTTAGCGTAGTG-1,1.1111667495047821
CXCR3-,MS,CSF_6,AGACGTTGTTCGTGAT-1,-0.019521773956156306
CXCR3-,MS,CSF_6,AGAGCGAGTACGCTGC-1,0.11835369678038367
CXCR3-,MS,CSF_6,AGATCTGTCAACACAC-1,0.03237843321508988
CXCR3-,MS,CSF_6,AGATCTGTCTGAGGGA-1,0.3321869860690563
CXCR3-,MS,CSF_6,AGATTGCCAAGCCGCT-1,-0.07848545281823228
CXCR3-,MS,CSF_6,AGATTGCGTACCGAGA-1,0.3009335322778393
CXCR3+,MS,CSF_6,AGCAGCCCATGAGCGA-1,0.23062784945792836
CXCR3-,MS,CSF_6,AGCAGCCTCACATAGC-1,-0.29997119987097626
CXCR3-,MS,CSF_6,AGCCTAACACCACCAG-1,-0.10039890194025203
CXCR3-,MS,CSF_6,AGCTCCTGTTGAGTTC-1,-0.29997119987097626
CXCR3+,MS,CSF_6,AGCTCCTTCTTACCTA-1,0.5077282446902411
CXCR3-,MS,CSF_6,AGGCCACCACCACGTG-1,0.1369135071205394
CXCR3-,MS,CSF_6,AGGCCGTAGGCGCTCT-1,0.42229047416573895
CXCR3+,MS,CSF_6,AGGCCGTAGTGCCAGA-1,-0.011301692586378701
CXCR3-,MS,CSF_6,AGGGTGACAATGCCAT-1,0.2562719295942704
CXCR3-,MS,CSF_6,AGGTCATAGTGCAAGC-1,-0.29997119987097626
CXCR3-,MS,CSF_6,AGGTCCGGTTGCTCCT-1,-0.03475224351105257
CXCR3+,MS,CSF_6,AGTAGTCGTGCGATAG-1,0.40319009647879656
CXCR3-,MS,CSF_6,AGTGGGATCCACGAAT-1,-0.29997119987097626
CXCR3+,MS,CSF_6,ATAACGCGTGTTAAGA-1,-0.29997119987097626
CXCR3-,MS,CSF_6,ATAAGAGAGCGAAGGG-1,0.6579859128153626
CXCR3+,MS,CSF_6,ATCATCTAGAGTAATC-1,-0.009196544653218286
CXCR3-,MS,CSF_6,ATCATGGGTAGCGCTC-1,-0.29997119987097626
CXCR3-,MS,CSF_6,ATCATGGTCAGGCCCA-1,0.14521949192700187
CXCR3-,MS,CSF_6,ATCTACTAGCTGCGAA-1,0.10183068875422474
CXCR3-,MS,CSF_6,ATCTGCCTCCTTGGTC-1,0.3333390785345474
CXCR3+,MS,CSF_6,ATGAGGGGTAAACGCG-1,0.0401482186583344
CXCR3-,MS,CSF_6,ATGCGATAGTCTCAAC-1,0.2881841404007214
CXCR3-,MS,CSF_6,ATGCGATGTGAAAGAG-1,-0.29997119987097626
CXCR3-,MS,CSF_6,ATTCTACGTGGGTCAA-1,0.08236627128824874
CXCR3-,MS,CSF_6,ATTGGTGCACTAAGTC-1,-0.29997119987097626
CXCR3-,MS,CSF_6,ATTTCTGAGCGAAGGG-1,0.47797617074390975
CXCR3+,MS,CSF_6,CAACCAATCGTGACAT-1,0.24974231297261454
CXCR3+,MS,CSF_6,CAACTAGCAAGCGAGT-1,0.4109587777920182
CXCR3-,MS,CSF_6,CAAGATCAGGCTCTTA-1,-0.05019188725296072
CXCR3+,MS,CSF_6,CAAGTTGTCCAAAGTC-1,0.5435828901775549
CXCR3-,MS,CSF_6,CACACAACACCAGGTC-1,-0.29997119987097626
CXCR3+,MS,CSF_6,CACACCTCACGGTGTC-1,0.4154260235960203
CXCR3+,MS,CSF_6,CACACCTTCCTGTACC-1,0.1118470866244605
CXCR3-,MS,CSF_6,CACACCTTCGTACGGC-1,-0.29997119987097626
CXCR3+,MS,CSF_6,CACAGGCCACCGCTAG-1,0.5035886035423996
CXCR3+,MS,CSF_6,CACAGGCTCACGATGT-1,-0.1302991860144056
CXCR3-,MS,CSF_6,CACAGTAGTACAGCAG-1,0.5939299872746807
CXCR3-,MS,CSF_6,CACAGTAGTCTAAAGA-1,0.19550589551843406
CXCR3-,MS,CSF_6,CACAGTATCATTTGGG-1,0.4944486070948431
CXCR3-,MS,CSF_6,CACATAGGTATCTGCA-1,0.5662195226344349
CXCR3-,MS,CSF_6,CACATAGTCGATGAGG-1,0.18153605853794352
CXCR3-,MS,CSF_6,CACCAGGAGCTCCCAG-1,-0.027260493307956612
CXCR3-,MS,CSF_6,CACCAGGAGGTGCAAC-1,-0.29997119987097626
CXCR3-,MS,CSF_6,CACCTTGGTACCGTTA-1,-0.29997119987097626
CXCR3-,MS,CSF_6,CACCTTGGTTCCCGAG-1,0.3171087823466441
CXCR3-,MS,CSF_6,CACCTTGTCGCCGTGA-1,0.13622209904554677
CXCR3-,MS,CSF_6,CACTCCAGTTGATTCG-1,0.5086200959513112
CXCR3-,MS,CSF_6,CAGAATCTCATTATCC-1,0.18036341752404808
CXCR3-,MS,CSF_6,CAGCAGCGTTACGTCA-1,0.17884719025651433
CXCR3+,MS,CSF_6,CAGCATACACGGTAGA-1,-0.29997119987097626
CXCR3-,MS,CSF_6,CAGCCGACACACCGAC-1,0.16165926232544603
CXCR3-,MS,CSF_6,CAGCCGATCCTAAGTG-1,-0.12435492325598271
CXCR3-,MS,CSF_6,CAGCTAACATCGGGTC-1,-0.29997119987097626
CXCR3-,MS,CSF_6,CAGCTGGGTACATCCA-1,0.19881852760019503
CXCR3-,MS,CSF_6,CAGGTGCAGTTAACGA-1,0.43866741546959503
CXCR3-,MS,CSF_6,CAGGTGCGTAAAGGAG-1,0.09383105521962289
CXCR3-,MS,CSF_6,CAGTAACGTCCTCTTG-1,0.2899722438147541
CXCR3-,MS,CSF_6,CATATGGCATTTCACT-1,-0.026618434811987498
CXCR3-,MS,CSF_6,CATCAAGAGACCTAGG-1,-0.29997119987097626
CXCR3+,MS,CSF_6,CATCAAGGTTTCGCTC-1,0.16949771100590744
CXCR3-,MS,CSF_6,CATGACACACATAACC-1,-0.04984693167410541
CXCR3-,MS,CSF_6,CATGACACAGGGCATA-1,0.4969446787717731
CXCR3+,MS,CSF_6,CATGCCTTCAGTCAGT-1,0.21161826625798566
CXCR3-,MS,CSF_6,CATGCCTTCCACGAAT-1,-0.02876611552093743
CXCR3-,MS,CSF_6,CATGGCGCAGCCAATT-1,0.253508499110628
CXCR3-,MS,CSF_6,CATTCGCGTCGGCTCA-1,0.475106462894255
CXCR3-,MS,CSF_6,CCACCTATCGTAGGAG-1,0.389611815520208
CXCR3-,MS,CSF_6,CCACGGAGTTGGAGGT-1,-0.04077575806520579
CXCR3-,MS,CSF_6,CCACGGATCTTCGAGA-1,-0.1211690748976676
CXCR3-,MS,CSF_6,CCAGCGAAGGATCGCA-1,-0.29997119987097626
CXCR3+,MS,CSF_6,CCAGCGATCAACACGT-1,0.5228228784622985
CXCR3+,MS,CSF_6,CCCTCCTAGATGTTAG-1,-0.05357827709272082
CXCR3-,MS,CSF_6,CCTACACGTGCAACTT-1,0.33270871935785673
CXCR3+,MS,CSF_6,CCTAGCTCATGGAATA-1,-0.03208296195005523
CXCR3-,MS,CSF_6,CCTAGCTTCGACGGAA-1,2.0794315322420953
CXCR3-,MS,CSF_6,CCTCTGAAGCGATTCT-1,0.6252931248196646
CXCR3+,MS,CSF_6,CCTCTGACAAGTACCT-1,-0.1730246943022363
CXCR3-,MS,CSF_6,CCTTTCTCAGCCAATT-1,-0.29997119987097626
CXCR3-,MS,CSF_6,CCTTTCTGTATGAATG-1,0.1671328400799632
CXCR3-,MS,CSF_6,CGAACATGTCGGATCC-1,-0.29997119987097626
CXCR3-,MS,CSF_6,CGAACATGTTATCGGT-1,0.1267835005308688
CXCR3-,MS,CSF_6,CGAACATTCAGGCCCA-1,1.078089764543806
CXCR3-,MS,CSF_6,CGAATGTCAAGCCTAT-1,-0.29997119987097626
CXCR3-,MS,CSF_6,CGACTTCTCCTTGCCA-1,-0.29997119987097626
CXCR3-,MS,CSF_6,CGAGAAGGTGCCTTGG-1,0.8536071326556136
CXCR3+,MS,CSF_6,CGAGCCAGTACAGTTC-1,0.18948219044929066
CXCR3-,MS,CSF_6,CGAGCCATCTTCAACT-1,0.18760394562923768
CXCR3+,MS,CSF_6,CGATGGCTCAAAGACA-1,-0.005902130439216994
CXCR3+,MS,CSF_6,CGATGTAAGGATGCGT-1,-0.29997119987097626
CXCR3+,MS,CSF_6,CGATGTAGTCGGATCC-1,0.7597489776449236
CXCR3-,MS,CSF_6,CGATTGACATTCTCAT-1,0.4454596949934169
CXCR3+,MS,CSF_6,CGCCAAGCATCCGCGA-1,-0.003990232238279641
CXCR3-,MS,CSF_6,CGCGTTTTCCCGGATG-1,-0.29997119987097626
CXCR3+,MS,CSF_6,CGCTGGAAGACTAGAT-1,0.31618048446528074
CXCR3-,MS,CSF_6,CGCTGGATCACTTACT-1,0.22543818956870781
CXCR3-,MS,CSF_6,CGCTTCAAGGAGTTTA-1,0.4958589239516035
CXCR3-,MS,CSF_6,CGGACTGAGCCACTAT-1,0.001007675887356412
CXCR3-,MS,CSF_6,CGGAGCTAGGGCACTA-1,0.5160342645782916
CXCR3-,MS,CSF_6,CGGAGTCAGCCACGTC-1,0.20082499190048383
CXCR3+,MS,CSF_6,CGGAGTCTCAACCATG-1,0.7060708349127905
CXCR3-,MS,CSF_6,CGGGTCATCCAGAAGG-1,0.2937724555972122
CXCR3-,MS,CSF_6,CGGGTCATCGCCAAAT-1,0.4198782805326066
CXCR3-,MS,CSF_6,CGGTTAAAGCTCTCGG-1,-0.15653726416927793
CXCR3-,MS,CSF_6,CGGTTAACAAGCGCTC-1,0.1678020700329945
CXCR3+,MS,CSF_6,CGTAGCGAGCAAATCA-1,0.4124543735818814
CXCR3-,MS,CSF_6,CGTAGCGCAGTATAAG-1,-0.29997119987097626
CXCR3-,MS,CSF_6,CGTCACTAGGATTCGG-1,-0.29997119987097626
CXCR3-,MS,CSF_6,CGTCACTCAAGTAGTA-1,-0.09790396215163023
CXCR3-,MS,CSF_6,CGTCACTCAGTAACGG-1,0.14585461429956675
CXCR3+,MS,CSF_6,CGTCAGGGTCACCCAG-1,0.14660751546788778
CXCR3+,MS,CSF_6,CGTCCATGTGACCAAG-1,0.23363292579502162
CXCR3-,MS,CSF_6,CGTCTACAGAGAGCTC-1,-0.29997119987097626
CXCR3-,MS,CSF_6,CGTCTACCAGTCGTGC-1,0.16158057173421017
CXCR3-,MS,CSF_6,CGTGAGCCAGACGCAA-1,0.02389821682263915
CXCR3-,MS,CSF_6,CGTGTAAGTATCGCAT-1,0.5511404716985167
CXCR3+,MS,CSF_6,CGTGTAAGTCTTCGTC-1,-0.12399899093226487
CXCR3-,MS,CSF_6,CGTGTCTAGCTTTGGT-1,0.030593409587518248
CXCR3+,MS,CSF_6,CGTGTCTGTAGAGCTG-1,-0.1893756819438688
CXCR3-,MS,CSF_6,CGTGTCTGTCGACTAT-1,-0.29997119987097626
CXCR3-,MS,CSF_6,CGTTAGACATCGTCGG-1,0.6142071715845419
CXCR3-,MS,CSF_6,CGTTCTGCATTTGCCC-1,0.08788640126602756
CXCR3-,MS,CSF_6,CTAACTTTCACAAACC-1,0.6811343945889526
CXCR3-,MS,CSF_6,CTAAGACGTGTTTGTG-1,0.2764942892713504
CXCR3-,MS,CSF_6,CTACACCCATGCAACT-1,-0.29997119987097626
CXCR3-,MS,CSF_6,CTACATTCAATCAGAA-1,2.7289408448209764
CXCR3-,MS,CSF_6,CTACCCAAGTGTCCCG-1,0.1767517156795053
CXCR3-,MS,CSF_6,CTACGTCCACGACGAA-1,0.04438389262039417
CXCR3-,MS,CSF_6,CTAGAGTGTGTGGCTC-1,0.08276768020808702
CXCR3-,MS,CSF_6,CTAGTGACATTTCACT-1,0.488438705697282
CXCR3-,MS,CSF_6,CTCAGAAAGAGACGAA-1,0.20084102313551663
CXCR3-,MS,CSF_6,CTCAGAAGTGCAGACA-1,-0.03002443950579161
CXCR3-,MS,CSF_6,CTCAGAATCCAAGCCG-1,0.7227962165080165
CXCR3-,MS,CSF_6,CTCGAGGTCAGGTAAA-1,-0.1586136634847651
CXCR3-,MS,CSF_6,CTCGGAGCAAGCGCTC-1,0.1823993954616807
CXCR3-,MS,CSF_6,CTCGTACCAGCGTTCG-1,0.11164752647059391
CXCR3+,MS,CSF_6,CTCGTCACAATCCGAT-1,0.3470703763713042
CXCR3-,MS,CSF_6,CTCTGGTTCATGTCTT-1,0.5798967325901921
CXCR3-,MS,CSF_6,CTGAAACAGATGTGGC-1,-0.29997119987097626
CXCR3+,MS,CSF_6,CTGATCCGTTCTGTTT-1,-0.17523605826009733
CXCR3+,MS,CSF_6,CTGCCTAAGCTGTCTA-1,0.013674712336478354
CXCR3-,MS,CSF_6,CTGCCTACAATGGAGC-1,0.1889316141591968
CXCR3-,MS,CSF_6,CTGCTGTAGAACTCGG-1,0.05108888216910074
CXCR3-,MS,CSF_6,CTGCTGTGTTGAGTTC-1,-0.206047483670538
CXCR3-,MS,CSF_6,CTGTGCTCAACTTGAC-1,0.28656562358006504
CXCR3-,MS,CSF_6,CTGTTTATCCCAAGAT-1,-0.08080993113177816
CXCR3-,MS,CSF_6,CTTAACTAGTGTGGCA-1,0.1332539974413975
CXCR3-,MS,CSF_6,CTTAGGATCATATCGG-1,-0.06948427169118718
CXCR3-,MS,CSF_6,CTTCTCTCAAGAAGAG-1,0.2627850220695022
CXCR3-,MS,CSF_6,CTTGGCTCATGCTGGC-1,-0.038416202322688456
CXCR3-,MS,CSF_6,CTTGGCTGTAGCCTCG-1,0.12576631299543092
CXCR3-,MS,CSF_6,GAACGGATCTACCAGA-1,-0.0790188266213133
CXCR3-,MS,CSF_6,GAAGCAGGTTTAAGCC-1,-0.047380382005610795
CXCR3-,MS,CSF_6,GAAGCAGTCATGCTCC-1,-0.29997119987097626
CXCR3-,MS,CSF_6,GAAGCAGTCCCACTTG-1,-0.06907039179723738
CXCR3+,MS,CSF_6,GAATAAGCATCACCCT-1,0.44191461021734985
CXCR3-,MS,CSF_6,GAATGAAAGAAACCAT-1,0.1877243340342709
CXCR3-,MS,CSF_6,GACCAATCAATTCCTT-1,0.4825851994930281
CXCR3-,MS,CSF_6,GACTAACTCCATGAGT-1,-0.16006470773034193
CXCR3-,MS,CSF_6,GACTACAAGGTTACCT-1,-0.0656631457151764
CXCR3+,MS,CSF_6,GAGCAGAAGCCAGTAG-1,0.47740376418230285
CXCR3-,MS,CSF_6,GAGCAGACAAACTGCT-1,0.2809438404336237
CXCR3-,MS,CSF_6,GAGCAGATCTCAACTT-1,-0.10918003570197152
CXCR3+,MS,CSF_6,GAGGTGAAGAGTCTGG-1,-0.08852979313913414
CXCR3+,MS,CSF_6,GAGGTGATCAGCGATT-1,0.07782226261195657
CXCR3-,MS,CSF_6,GATCAGTCAAGCCGCT-1,-0.0750929543945911
CXCR3+,MS,CSF_6,GATCGATAGCGAAGGG-1,0.02216926191997318
CXCR3+,MS,CSF_6,GATCTAGAGTATGACA-1,-0.03923971733123497
CXCR3-,MS,CSF_6,GATCTAGCAACGATGG-1,0.1787629543405294
CXCR3+,MS,CSF_6,GATCTAGGTAGCGTGA-1,-0.29997119987097626
CXCR3-,MS,CSF_6,GATCTAGTCATTATCC-1,-0.07910512247979837
CXCR3+,MS,CSF_6,GATGCTATCGCACTCT-1,0.6264078557139244
CXCR3-,MS,CSF_6,GATTCAGTCGCTTAGA-1,0.2374228860714291
CXCR3-,MS,CSF_6,GCAAACTGTCAACTGT-1,0.5863433000124144
CXCR3-,MS,CSF_6,GCAATCATCTCGTTTA-1,0.4427862398785963
CXCR3-,MS,CSF_6,GCACTCTGTAAGTTCC-1,-0.29997119987097626
CXCR3-,MS,CSF_6,GCAGCCAAGTCCAGGA-1,-0.08029780304290919
CXCR3+,MS,CSF_6,GCATGCGAGGATTCGG-1,0.08632609270219037
CXCR3-,MS,CSF_6,GCATGCGTCTAGCACA-1,-0.20434077266266362
CXCR3-,MS,CSF_6,GCATGTAAGTGGGCTA-1,-0.08830840280582798
CXCR3-,MS,CSF_6,GCATGTAGTCACCCAG-1,-0.08394674924811087
CXCR3-,MS,CSF_6,GCATGTAGTTATCGGT-1,-0.11292441465354966
CXCR3-,MS,CSF_6,GCCTCTAAGAGTGAGA-1,-0.29997119987097626
CXCR3-,MS,CSF_6,GCGAGAAAGCTACCTA-1,0.0833665905757813
CXCR3-,MS,CSF_6,GCGCAGTCAGATCGGA-1,-0.29997119987097626
CXCR3+,MS,CSF_6,GCGCCAACACTGTGTA-1,-0.1364664032322439
CXCR3-,MS,CSF_6,GCGCGATAGTTCGCGC-1,0.2965898495433132
CXCR3-,MS,CSF_6,GCTCTGTTCATGCATG-1,-0.18488801181076847
CXCR3-,MS,CSF_6,GCTCTGTTCCTCAACC-1,0.023407446138022796
CXCR3-,MS,CSF_6,GCTGCAGTCTCCAACC-1,-0.29997119987097626
CXCR3+,MS,CSF_6,GCTTCCACATCACAAC-1,0.6185999935278993
CXCR3-,MS,CSF_6,GCTTGAACAGGCTGAA-1,0.2608943459216333
CXCR3-,MS,CSF_6,GCTTGAAGTATGCTTG-1,0.7422325738807253
CXCR3-,MS,CSF_6,GGACATTAGCGTAATA-1,-0.29997119987097626
CXCR3+,MS,CSF_6,GGACGTCTCACAAACC-1,0.39344178550141995
CXCR3-,MS,CSF_6,GGACGTCTCCGAGCCA-1,0.14593002388680434
CXCR3-,MS,CSF_6,GGCCGATAGCGCTTAT-1,0.5614518697681115
CXCR3+,MS,CSF_6,GGCCGATCAACTGCTA-1,0.06337408167140864
CXCR3-,MS,CSF_6,GGCTCGATCAAACAAG-1,-0.11725616309286249
CXCR3-,MS,CSF_6,GGGAATGAGAATGTGT-1,0.11267589662322045
CXCR3-,MS,CSF_6,GGGAATGCAAGAAGAG-1,-0.07331294228903909
CXCR3-,MS,CSF_6,GGGACCTCAAGCTGGA-1,0.005588763058114351
CXCR3+,MS,CSF_6,GGGACCTTCATAGCAC-1,0.12741557027366443
CXCR3-,MS,CSF_6,GGGAGATAGAGACTTA-1,0.10874115771989287
CXCR3-,MS,CSF_6,GGGAGATTCAGTTGAC-1,-0.29997119987097626
CXCR3-,MS,CSF_6,GGGATGAGTCCTAGCG-1,-0.29997119987097626
CXCR3-,MS,CSF_6,GGGCACTTCGCATGAT-1,0.5124738569628915
CXCR3-,MS,CSF_6,GGGTCTGGTGTGACCC-1,0.22246003800997988
CXCR3-,MS,CSF_6,GGGTCTGTCGCTAGCG-1,-0.14101091925906
CXCR3-,MS,CSF_6,GGGTTGCGTAAGGGAA-1,0.09943540123060077
CXCR3+,MS,CSF_6,GGGTTGCTCACCACCT-1,0.3470537747454611
CXCR3-,MS,CSF_6,GGTGAAGCAACGATGG-1,-0.29997119987097626
CXCR3-,MS,CSF_6,GGTGCGTGTTTGGGCC-1,0.2918264802130385
CXCR3-,MS,CSF_6,GGTGTTAAGTAGTGCG-1,-0.07633776777186634
CXCR3+,MS,CSF_6,GTAACGTGTCATCGGC-1,-0.29997119987097626
CXCR3-,MS,CSF_6,GTACGTAGTAGCGTGA-1,0.21176627361351702
CXCR3-,MS,CSF_6,GTACTCCAGTGCCATT-1,-0.02271868346265351
CXCR3-,MS,CSF_6,GTACTCCCAGCCACCA-1,0.22236396978653222
CXCR3+,MS,CSF_6,GTACTTTGTCACAAGG-1,0.04677986633131042
CXCR3-,MS,CSF_6,GTAGGCCCAGTCAGCC-1,0.45548333868498503
CXCR3-,MS,CSF_6,GTATTCTAGCGAGAAA-1,-0.29997119987097626
CXCR3-,MS,CSF_6,GTCATTTAGGGCATGT-1,-0.16408630816189623
CXCR3-,MS,CSF_6,GTCGGGTAGAGTCTGG-1,0.01328387835995253
CXCR3-,MS,CSF_6,GTCGTAACAGTCGTGC-1,-0.29997119987097626
CXCR3-,MS,CSF_6,GTGAAGGTCGGTTCGG-1,-0.29997119987097626
CXCR3-,MS,CSF_6,GTGCAGCTCGCGATCG-1,0.424144374801314
CXCR3+,MS,CSF_6,GTGCATAGTCCCTTGT-1,-0.29997119987097626
CXCR3-,MS,CSF_6,GTGCATATCGAGAACG-1,0.13140092906585216
CXCR3-,MS,CSF_6,GTGGGTCAGGTAAACT-1,-0.29997119987097626
CXCR3+,MS,CSF_6,GTTCATTGTTCACCTC-1,0.11920562116979282
CXCR3-,MS,CSF_6,GTTCATTTCGGAATCT-1,0.7912862000780289
CXCR3-,MS,CSF_6,GTTCGGGAGCCGATTT-1,-0.11627928255687445
CXCR3-,MS,CSF_6,GTTCGGGCACCTCGGA-1,-0.004771420586494062
CXCR3-,MS,CSF_6,GTTCTCGGTGTAACGG-1,0.1867050797049032
CXCR3+,MS,CSF_6,GTTTCTACAGGTCTCG-1,0.06491835494076319
CXCR3+,MS,CSF_6,GTTTCTATCGGCGGTT-1,0.6134358406861536
CXCR3-,MS,CSF_6,TAAGCGTGTCTAGTCA-1,0.17356230225313404
CXCR3-,MS,CSF_6,TAAGCGTGTTTCGCTC-1,0.11818446573352895
CXCR3-,MS,CSF_6,TAAGTGCAGGTCATCT-1,-0.29997119987097626
CXCR3-,MS,CSF_6,TACAGTGCAGATGGCA-1,0.17013638988700405
CXCR3-,MS,CSF_6,TACCTATGTGCCTTGG-1,-0.020190999141721292
CXCR3-,MS,CSF_6,TACGGATAGAAGGCCT-1,-0.29997119987097626
CXCR3+,MS,CSF_6,TACGGTAGTTAAGACA-1,-0.29997119987097626
CXCR3-,MS,CSF_6,TACTCGCCAAGCGATG-1,-0.29997119987097626
CXCR3+,MS,CSF_6,TACTTACGTAACGCGA-1,0.004845816651861774
CXCR3-,MS,CSF_6,TAGAGCTAGCGTAGTG-1,0.24396548214722907
CXCR3-,MS,CSF_6,TAGAGCTCAAGGTTTC-1,0.28326552153548945
CXCR3+,MS,CSF_6,TAGAGCTGTTCATGGT-1,0.3529992300731708
CXCR3-,MS,CSF_6,TAGGCATTCGAATGCT-1,0.23382577570693286
CXCR3-,MS,CSF_6,TCAACGAAGACCTTTG-1,0.17985776953187327
CXCR3-,MS,CSF_6,TCAACGACACCAACCG-1,-0.045998163540771
CXCR3-,MS,CSF_6,TCAACGATCCCGGATG-1,-0.16251648001440325
CXCR3-,MS,CSF_6,TCAATCTGTCAGTGGA-1,0.058534765331162274
CXCR3-,MS,CSF_6,TCACAAGCACCCATTC-1,0.38462410159210353
CXCR3-,MS,CSF_6,TCACAAGCAGCCACCA-1,-0.136921683623366
CXCR3-,MS,CSF_6,TCAGATGAGAACAACT-1,0.3894313082904044
CXCR3-,MS,CSF_6,TCAGATGAGTCCGGTC-1,0.04514732303030106
CXCR3-,MS,CSF_6,TCAGATGTCTTGTATC-1,-0.053413160780462376
CXCR3-,MS,CSF_6,TCAGCAACATCACCCT-1,0.11605735366260464
CXCR3-,MS,CSF_6,TCAGCAAGTCGGATCC-1,-0.020116752721253562
CXCR3-,MS,CSF_6,TCAGCTCTCTAACGGT-1,0.24730712140529626
CXCR3-,MS,CSF_6,TCAGGATCACATGACT-1,-0.29997119987097626
CXCR3-,MS,CSF_6,TCAGGATTCTTCGGTC-1,-0.08363349389990796
CXCR3-,MS,CSF_6,TCATTACAGATACACA-1,-0.13947332734603987
CXCR3-,MS,CSF_6,TCATTTGGTCTAGAGG-1,0.013528056670889474
CXCR3-,MS,CSF_6,TCCACACCAGAGTGTG-1,0.16707874969766107
CXCR3-,MS,CSF_6,TCCACACGTACTTCTT-1,-0.06292931225145695
CXCR3-,MS,CSF_6,TCGCGAGCAAGTAGTA-1,-0.29997119987097626
CXCR3-,MS,CSF_6,TCGCGTTCACTGCCAG-1,0.035783302990389974
CXCR3-,MS,CSF_6,TCGGGACAGAGATGAG-1,0.4005569348723475
CXCR3-,MS,CSF_6,TCGGGACAGTGTGAAT-1,0.05455093008864664
CXCR3+,MS,CSF_6,TCGGGACGTCCGCTGA-1,-0.05225516586213987
CXCR3-,MS,CSF_6,TCGGTAAAGAAACGCC-1,0.04882829793834171
CXCR3+,MS,CSF_6,TCGGTAAGTTAGGGTG-1,0.18068921115501618
CXCR3-,MS,CSF_6,TCGTACCTCCACGCAG-1,0.11433258680031291
CXCR3+,MS,CSF_6,TCGTAGATCCTCCTAG-1,-0.14960674871330953
CXCR3-,MS,CSF_6,TCTATTGAGACAGGCT-1,0.2658699209963236
CXCR3-,MS,CSF_6,TCTGAGAGTCATATGC-1,0.26226921589872604
CXCR3-,MS,CSF_6,TCTTCGGCAGATCTGT-1,-0.08258186570272663
CXCR3-,MS,CSF_6,TCTTCGGTCGCCATAA-1,0.395137426178443
CXCR3-,MS,CSF_6,TGAAAGAAGAGTTGGC-1,1.0684342244328737
CXCR3-,MS,CSF_6,TGACAACAGTTCGCAT-1,-0.1416385003019653
CXCR3-,MS,CSF_6,TGACAACTCCATGAGT-1,0.054358636132362456
CXCR3-,MS,CSF_6,TGACGGCGTGTGCGTC-1,0.31004948635703966
CXCR3-,MS,CSF_6,TGAGCATCACTCTGTC-1,-0.29997119987097626
CXCR3+,MS,CSF_6,TGAGCATCACTGTTAG-1,0.15497433492474397
CXCR3+,MS,CSF_6,TGAGCCGCAGACGCAA-1,0.29623054719153025
CXCR3-,MS,CSF_6,TGAGGGAGTGACGGTA-1,-0.08776752600465335
CXCR3-,MS,CSF_6,TGCACCTGTCAACATC-1,0.27428809037915103
CXCR3-,MS,CSF_6,TGCCAAATCCTCAATT-1,-0.29997119987097626
CXCR3-,MS,CSF_6,TGCGCAGAGGGTCGAT-1,-0.014522377500962037
CXCR3+,MS,CSF_6,TGCGTGGCAGACAGGT-1,0.11913284450471522
CXCR3-,MS,CSF_6,TGCGTGGGTGTGAAAT-1,-0.29997119987097626
CXCR3-,MS,CSF_6,TGCTACCAGGAGTTTA-1,0.15535719979738435
CXCR3-,MS,CSF_6,TGCTACCGTGATAAAC-1,0.05344022180989816
CXCR3+,MS,CSF_6,TGCTGCTAGTCCCACG-1,0.38931701398989577
CXCR3-,MS,CSF_6,TGGCCAGTCTGTACGA-1,-0.20499970586503427
CXCR3+,MS,CSF_6,TGGCGCAAGTGTCTCA-1,0.017341263807033252
CXCR3-,MS,CSF_6,TGGCGCAGTCCCTTGT-1,0.5120177266043315
CXCR3+,MS,CSF_6,TGGTTAGAGAAACCTA-1,-0.13146152192703378
CXCR3-,MS,CSF_6,TGGTTAGCATCTCGCT-1,-0.10077467142437888
CXCR3-,MS,CSF_6,TGGTTAGTCATATCGG-1,0.35046213340011245
CXCR3-,MS,CSF_6,TGGTTCCAGTTGAGAT-1,0.3594880927107174
CXCR3-,MS,CSF_6,TGTATTCGTTAGTGGG-1,0.6263429402261499
CXCR3-,MS,CSF_6,TGTGGTAGTGATGATA-1,-0.05497631139244253
CXCR3-,MS,CSF_6,TGTGTTTAGTAGGCCA-1,0.23271379198875
CXCR3-,MS,CSF_6,TGTTCCGTCAAACAAG-1,-0.29997119987097626
CXCR3-,MS,CSF_6,TGTTCCGTCGTACGGC-1,-0.10848001610036258
CXCR3-,MS,CSF_6,TTAGGACGTAAACGCG-1,-0.11865821460359528
CXCR3-,MS,CSF_6,TTAGGACTCTAGAGTC-1,-0.13258974821927724
CXCR3-,MS,CSF_6,TTAGGCATCTGCGTAA-1,-0.29997119987097626
CXCR3-,MS,CSF_6,TTATGCTTCAGTTCGA-1,0.5970051564243672
CXCR3-,MS,CSF_6,TTATGCTTCGCGTAGC-1,-0.012801182998630506
CXCR3-,MS,CSF_6,TTCCCAGAGGGAAACA-1,0.49306550904308155
CXCR3-,MS,CSF_6,TTCGAAGCACCTATCC-1,-0.29997119987097626
CXCR3+,MS,CSF_6,TTCGAAGCATGCGCAC-1,0.07423591450492328
CXCR3-,MS,CSF_6,TTCGGTCGTATGAAAC-1,-0.29997119987097626
CXCR3-,MS,CSF_6,TTCGGTCTCGCTAGCG-1,0.054224799286155055
CXCR3-,MS,CSF_6,TTCTACACATCACGAT-1,0.04669271759815641
CXCR3-,MS,CSF_6,TTCTACATCACAAACC-1,0.6750887381073003
CXCR3-,MS,CSF_6,TTCTCCTAGAATGTTG-1,0.28414045361557466
CXCR3-,MS,CSF_6,TTCTCCTTCTTAGCCC-1,-0.29997119987097626
CXCR3-,MS,CSF_6,TTGAACGGTCTCCCTA-1,-0.10189857181397545
CXCR3-,MS,CSF_6,TTGCGTCTCCTTTCGG-1,-0.026235481777335055
CXCR3-,MS,CSF_6,TTGGAACCAAATACAG-1,0.516430976173424
CXCR3-,MS,CSF_6,TTGGCAAAGTGTCCCG-1,-0.08834319225548029
CXCR3-,MS,CSF_6,TTTACTGAGACGCAAC-1,-0.29997119987097626
CXCR3-,MS,CSF_6,TTTATGCAGTAGTGCG-1,-0.08589360394576342
CXCR3+,MS,CSF_6,TTTCCTCTCTTGCAAG-1,0.7744103289922585
CXCR3-,MS,CSF_6,TTTGTCAGTTCGTGAT-1,0.03746085609512247
CXCR3-,MS,CSF_7,AAACCTGCAGTATGCT-1,-0.18707298163877278
CXCR3+,MS,CSF_7,AAACGGGCACCGGAAA-1,0.2597620402600174
CXCR3-,MS,CSF_7,AAAGATGAGCTGAAAT-1,-0.29997119987097626
CXCR3+,MS,CSF_7,AAAGATGTCTAGAGTC-1,0.8179321239260716
CXCR3-,MS,CSF_7,AACCATGGTGCCTGTG-1,-0.29997119987097626
CXCR3+,MS,CSF_7,AACTCAGAGCCACGTC-1,0.39444892140914906
CXCR3-,MS,CSF_7,AAGCCGCCAGACAAGC-1,0.33333121483672545
CXCR3-,MS,CSF_7,AAGGCAGCATTAACCG-1,0.4016001555800775
CXCR3+,MS,CSF_7,AAGGTTCCACCAGGCT-1,0.08300546709256296
CXCR3-,MS,CSF_7,AAGGTTCGTCATGCAT-1,-0.29997119987097626
CXCR3-,MS,CSF_7,AAGTCTGAGGACATTA-1,0.7891879673353561
CXCR3+,MS,CSF_7,AAGTCTGCATGTCGAT-1,-0.07408564660937346
CXCR3-,MS,CSF_7,ACACCAAAGGAGCGAG-1,0.061363242762935984
CXCR3-,MS,CSF_7,ACATACGCATGGATGG-1,0.15626390832928047
CXCR3-,MS,CSF_7,ACATACGGTCATGCAT-1,0.2230677242741694
CXCR3-,MS,CSF_7,ACATCAGGTCTAGGTT-1,0.054634048159838126
CXCR3-,MS,CSF_7,ACATCAGTCAAGCCTA-1,0.005278888899461376
CXCR3-,MS,CSF_7,ACATGGTAGGAATCGC-1,0.2724871975054034
CXCR3-,MS,CSF_7,ACCCACTAGGCATGTG-1,0.2524345322021014
CXCR3+,MS,CSF_7,ACCCACTTCTGCTGTC-1,0.005637325921199222
CXCR3-,MS,CSF_7,ACCGTAACAACAACCT-1,0.8768299551504359
CXCR3+,MS,CSF_7,ACCTTTACATAGAAAC-1,-0.29997119987097626
CXCR3-,MS,CSF_7,ACCTTTAGTAAATGAC-1,0.32865420707466486
CXCR3-,MS,CSF_7,ACCTTTAGTCTAACGT-1,0.39518410557758443
CXCR3+,MS,CSF_7,ACGAGCCAGGAGCGAG-1,0.03349563236038233
CXCR3+,MS,CSF_7,ACGATACAGCACACAG-1,0.22930399248050917
CXCR3-,MS,CSF_7,ACGATACCATGACATC-1,0.7437989877106316
CXCR3+,MS,CSF_7,ACGATACGTTGAGTTC-1,0.010767612401161484
CXCR3-,MS,CSF_7,ACGATACTCCACTGGG-1,-0.12715390572391558
CXCR3+,MS,CSF_7,ACGATGTTCCTTTCGG-1,-0.0749602275993277
CXCR3-,MS,CSF_7,ACGCAGCCACTGTCGG-1,0.8529236066586618
CXCR3-,MS,CSF_7,ACGCCAGAGAATAGGG-1,0.012805239148528222
CXCR3-,MS,CSF_7,ACGGCCACAAACAACA-1,-0.29997119987097626
CXCR3+,MS,CSF_7,ACGTCAAGTCATACTG-1,0.06979471028153074
CXCR3-,MS,CSF_7,ACTATCTAGTTCGATC-1,0.01877206830809189
CXCR3+,MS,CSF_7,ACTGATGCACAGACAG-1,0.17856256542130924
CXCR3-,MS,CSF_7,ACTTACTGTACCCAAT-1,-0.022513534568017923
CXCR3-,MS,CSF_7,AGAGCGAAGGTGCTAG-1,0.3754816356464529
CXCR3-,MS,CSF_7,AGAGCGACAACCGCCA-1,-0.13452771453595241
CXCR3-,MS,CSF_7,AGAGCGAGTCGAACAG-1,0.1976496922435084
CXCR3-,MS,CSF_7,AGAGCGATCTGGCGTG-1,0.4922734558477665
CXCR3-,MS,CSF_7,AGAGCTTAGTGTTTGC-1,-0.15555263591946109
CXCR3-,MS,CSF_7,AGAGCTTGTTCGCGAC-1,1.1227510239999277
CXCR3-,MS,CSF_7,AGCGTCGCACGCCAGT-1,-0.29997119987097626
CXCR3+,MS,CSF_7,AGCTCCTTCCGTACAA-1,0.13861219814343545
CXCR3+,MS,CSF_7,AGCTTGAAGTGGAGAA-1,-0.07738289306636352
CXCR3+,MS,CSF_7,AGGGTGAAGTGCAAGC-1,0.23669054038556842
CXCR3-,MS,CSF_7,AGGTCATAGTCAATAG-1,-0.10729822832529735
CXCR3-,MS,CSF_7,AGTAGTCAGCTGGAAC-1,0.13999764687602786
CXCR3-,MS,CSF_7,AGTGGGAAGACGCTTT-1,-0.17615172712665186
CXCR3-,MS,CSF_7,ATAACGCGTACAGCAG-1,0.15947092325474704
CXCR3-,MS,CSF_7,ATAAGAGGTCAAAGCG-1,-0.06449011301839505
CXCR3-,MS,CSF_7,ATAGACCAGACGCAAC-1,0.6094867706722058
CXCR3+,MS,CSF_7,ATAGACCTCTGCTGCT-1,0.0027162658007976242
CXCR3+,MS,CSF_7,ATCACGAGTAAGCACG-1,0.0843374072991483
CXCR3-,MS,CSF_7,ATCATCTAGCTACCGC-1,0.500061238076619
CXCR3+,MS,CSF_7,ATCCGAACAAGTCATC-1,0.21837373499784882
CXCR3-,MS,CSF_7,ATCCGAACATAGAAAC-1,0.08561913341693014
CXCR3-,MS,CSF_7,ATCCGAAGTTAAGAAC-1,-0.023613635796837035
CXCR3+,MS,CSF_7,ATCTACTGTCTAGAGG-1,0.407691032877116
CXCR3+,MS,CSF_7,ATCTGCCGTCTGATTG-1,-0.29997119987097626
CXCR3-,MS,CSF_7,ATCTGCCTCTCCAACC-1,1.6894292145384011
CXCR3+,MS,CSF_7,ATTACTCGTTAAGAAC-1,0.24979241327473917
CXCR3-,MS,CSF_7,ATTGGTGCATTGTGCA-1,0.5216259210735688
CXCR3-,MS,CSF_7,CAACCAAAGCCACTAT-1,0.509020973959194
CXCR3-,MS,CSF_7,CAACCTCCAGGGAGAG-1,0.2350842776596196
CXCR3-,MS,CSF_7,CAACTAGTCTCCCTGA-1,0.20792490982099948
CXCR3+,MS,CSF_7,CAAGAAAGTGGGTCAA-1,-0.29997119987097626
CXCR3-,MS,CSF_7,CAAGAAATCGGTGTTA-1,-0.29997119987097626
CXCR3-,MS,CSF_7,CAAGATCCACCGAATT-1,-0.29997119987097626
CXCR3+,MS,CSF_7,CAAGTTGTCCTATGTT-1,0.6086252889358296
CXCR3-,MS,CSF_7,CACACCTAGACACTAA-1,-0.29997119987097626
CXCR3+,MS,CSF_7,CACACTCCATTACCTT-1,0.33910152484746214
CXCR3-,MS,CSF_7,CACATTTGTCTAGCCG-1,-0.1346703887546101
CXCR3-,MS,CSF_7,CACATTTTCGGTCCGA-1,0.2512706312787249
CXCR3-,MS,CSF_7,CACCACTAGTGCCAGA-1,0.1386546112941965
CXCR3+,MS,CSF_7,CAGAATCCACATTCGA-1,0.12262360662851919
CXCR3-,MS,CSF_7,CAGCATAGTGCATCTA-1,0.13772708005892187
CXCR3-,MS,CSF_7,CAGCGACTCTCCTATA-1,0.05662458923520058
CXCR3+,MS,CSF_7,CAGCTAACAGCTTCGG-1,0.2599808156417836
CXCR3+,MS,CSF_7,CATCAGATCTGTCTAT-1,-0.29997119987097626
CXCR3-,MS,CSF_7,CATGACAAGGAGCGTT-1,0.5031028822104099
CXCR3-,MS,CSF_7,CATTATCTCCGCGGTA-1,0.14581112965244597
CXCR3-,MS,CSF_7,CCAATCCTCCTCAACC-1,-0.03805585059948089
CXCR3+,MS,CSF_7,CCAGCGAAGCCGCCTA-1,0.1763818184364788
CXCR3-,MS,CSF_7,CCCAGTTGTCACCCAG-1,0.26603731552600357
CXCR3-,MS,CSF_7,CCGGTAGGTCTTGCGG-1,0.11906769524374554
CXCR3-,MS,CSF_7,CCGTACTAGAAGGCCT-1,0.10385978994934393
CXCR3-,MS,CSF_7,CCGTACTCAAGTAGTA-1,-0.29997119987097626
CXCR3-,MS,CSF_7,CCGTTCATCCTGCAGG-1,0.02274321097817086
CXCR3-,MS,CSF_7,CCTACCAAGTAGGTGC-1,-0.0767574181956647
CXCR3-,MS,CSF_7,CCTACCATCCCTTGCA-1,-0.07412615018106708
CXCR3+,MS,CSF_7,CCTATTATCTGTCCGT-1,-0.29997119987097626
CXCR3-,MS,CSF_7,CCTCAGTGTTCCAACA-1,-0.29997119987097626
CXCR3-,MS,CSF_7,CCTTCGAGTATTAGCC-1,-0.041930309134885026
CXCR3-,MS,CSF_7,CCTTTCTAGGTGATAT-1,0.046039858048838
CXCR3-,MS,CSF_7,CGAACATAGTGGAGTC-1,0.21243449920348184
CXCR3-,MS,CSF_7,CGACTTCTCGCTGATA-1,0.746468439796803
CXCR3-,MS,CSF_7,CGAGCCAGTGCACGAA-1,0.48657709899245827
CXCR3-,MS,CSF_7,CGATGGCAGCGCTTAT-1,-0.29997119987097626
CXCR3-,MS,CSF_7,CGATGGCTCACAGTAC-1,0.055636958905163424
CXCR3-,MS,CSF_7,CGATGTAAGAAGGCCT-1,0.018176490043715448
CXCR3-,MS,CSF_7,CGATGTACATTGTGCA-1,-0.29997119987097626
CXCR3+,MS,CSF_7,CGATGTATCCAATGGT-1,0.6189096433091291
CXCR3+,MS,CSF_7,CGCCAAGTCACGCATA-1,0.5180797052914995
CXCR3+,MS,CSF_7,CGCGGTAAGACTGGGT-1,-0.1576429173926198
CXCR3-,MS,CSF_7,CGCGTTTAGGATGGAA-1,0.41789767000131794
CXCR3-,MS,CSF_7,CGCTATCAGGTGTGGT-1,1.028964063272875
CXCR3-,MS,CSF_7,CGCTGGAAGGAGTAGA-1,0.19396928286840848
CXCR3-,MS,CSF_7,CGGAGCTGTACTTAGC-1,-0.29997119987097626
CXCR3-,MS,CSF_7,CGGAGTCGTATGAATG-1,-0.00846553915023542
CXCR3-,MS,CSF_7,CGGCTAGTCTAGAGTC-1,-0.022899245533997692
CXCR3-,MS,CSF_7,CGGGTCAAGCAGGCTA-1,0.2233087191698255
CXCR3+,MS,CSF_7,CGGGTCAAGCTGCGAA-1,0.12418004888605376
CXCR3+,MS,CSF_7,CGTAGGCTCCTAGAAC-1,0.350993372370203
CXCR3-,MS,CSF_7,CGTCACTCAACTGGCC-1,-0.019036200147291498
CXCR3-,MS,CSF_7,CGTCCATCAAGTCTAC-1,0.6975469032602748
CXCR3-,MS,CSF_7,CGTGTAATCTGAAAGA-1,0.9495185617552417
CXCR3+,MS,CSF_7,CGTTCTGAGCCAGTAG-1,0.7462917515739989
CXCR3-,MS,CSF_7,CGTTCTGAGGCTATCT-1,-0.17875181027041925
CXCR3-,MS,CSF_7,CGTTGGGCATTGCGGC-1,0.412224397507143
CXCR3-,MS,CSF_7,CTAACTTGTCCGTTAA-1,-0.06939611892435082
CXCR3-,MS,CSF_7,CTAATGGCAAGTACCT-1,0.3870020317632319
CXCR3+,MS,CSF_7,CTACCCAAGTAGTGCG-1,0.16575841564627278
CXCR3-,MS,CSF_7,CTACCCACAGGGATTG-1,-0.10043047337790079
CXCR3+,MS,CSF_7,CTAGTGACAGCCTTTC-1,0.6822845446092182
CXCR3+,MS,CSF_7,CTCACACCACAAGTAA-1,0.5883985254911013
CXCR3-,MS,CSF_7,CTCAGAAAGTCCAGGA-1,-0.0695057910487199
CXCR3-,MS,CSF_7,CTCAGAATCCAACCAA-1,0.28291587977787697
CXCR3+,MS,CSF_7,CTGAAACAGAACTGTA-1,-0.29997119987097626
CXCR3-,MS,CSF_7,CTGAAACAGCTGAACG-1,0.07976568286018625
CXCR3-,MS,CSF_7,CTGAAGTAGATGAGAG-1,0.16387059448464852
CXCR3-,MS,CSF_7,CTGCTGTTCACCCGAG-1,-0.29997119987097626
CXCR3+,MS,CSF_7,CTGGTCTCACCTCGTT-1,0.035203414928227574
CXCR3-,MS,CSF_7,CTGTTTAGTGAAAGAG-1,1.0976432670314127
CXCR3-,MS,CSF_7,CTTAGGAAGATGCGAC-1,0.10360802735820664
CXCR3-,MS,CSF_7,CTTAGGAAGCAATATG-1,-0.14413159227925773
CXCR3+,MS,CSF_7,CTTAGGATCCCTAATT-1,0.4767302302303501
CXCR3-,MS,CSF_7,GAACCTACACGCTTTC-1,-0.0537279960251005
CXCR3-,MS,CSF_7,GAATAAGCAACACCTA-1,0.5050583193728487
CXCR3-,MS,CSF_7,GAATGAACACTGTCGG-1,-0.29997119987097626
CXCR3-,MS,CSF_7,GAGGTGACAGTGACAG-1,0.13774913628061267
CXCR3-,MS,CSF_7,GAGTCCGAGCTAAACA-1,-0.05444122994964242
CXCR3-,MS,CSF_7,GATCGATAGAAACCAT-1,0.09845901632945651
CXCR3-,MS,CSF_7,GATCGATGTCGGCTCA-1,0.08191275687643569
CXCR3-,MS,CSF_7,GATGAGGTCCCAAGTA-1,-0.026383036385222967
CXCR3-,MS,CSF_7,GATTCAGCAAGGGTCA-1,0.5848217154862364
CXCR3-,MS,CSF_7,GCAATCATCGGATGGA-1,-0.010965998578302069
CXCR3-,MS,CSF_7,GCACATACACTGCCAG-1,0.03724146339865838
CXCR3-,MS,CSF_7,GCACTCTCACCGGAAA-1,-0.29997119987097626
CXCR3-,MS,CSF_7,GCAGTTAAGCTAGTGG-1,-0.29997119987097626
CXCR3+,MS,CSF_7,GCATACAGTCCGAAGA-1,0.25779707294130866
CXCR3-,MS,CSF_7,GCATGATCAAGTCTAC-1,-0.1498083717353886
CXCR3-,MS,CSF_7,GCATGATTCGGCTTGG-1,0.20107146787782806
CXCR3-,MS,CSF_7,GCCAAATCACATAACC-1,0.3598845525619622
CXCR3+,MS,CSF_7,GCGCAACTCGTACCGG-1,0.1871465819077763
CXCR3-,MS,CSF_7,GCTCTGTGTAAACCTC-1,0.7048727431958082
CXCR3-,MS,CSF_7,GCTCTGTGTTCGCGAC-1,-0.29997119987097626
CXCR3-,MS,CSF_7,GCTCTGTTCTCTTGAT-1,0.3924547343963029
CXCR3-,MS,CSF_7,GCTGGGTCACGACGAA-1,0.34338074714873584
CXCR3-,MS,CSF_7,GGAATAAAGTTCGATC-1,-0.1578139166619845
CXCR3-,MS,CSF_7,GGACAAGTCGCAAGCC-1,-0.29997119987097626
CXCR3-,MS,CSF_7,GGACGTCTCAGCATGT-1,0.29723876227998514
CXCR3-,MS,CSF_7,GGAGCAACACAACGTT-1,-0.29997119987097626
CXCR3-,MS,CSF_7,GGATTACGTATGAAAC-1,0.18825214371209878
CXCR3-,MS,CSF_7,GGCAATTCACCAACCG-1,-0.03722481870427428
CXCR3-,MS,CSF_7,GGCGTGTGTCGGCTCA-1,-0.29997119987097626
CXCR3-,MS,CSF_7,GGGAGATGTAAGAGAG-1,0.206727929938229
CXCR3-,MS,CSF_7,GGGCACTGTAATCGTC-1,-0.18399051763318994
CXCR3-,MS,CSF_7,GGGCATCTCACAAACC-1,0.2884235523100315
CXCR3+,MS,CSF_7,GGGTTGCAGCTGAACG-1,-0.03993291598819319
CXCR3+,MS,CSF_7,GGTGAAGTCCGCGGTA-1,0.6117457544426094
CXCR3-,MS,CSF_7,GGTGTTACACATTCGA-1,0.21223674983879834
CXCR3-,MS,CSF_7,GTAACTGAGTACGACG-1,-0.05279157078627759
CXCR3-,MS,CSF_7,GTAACTGGTCTAGCGC-1,-0.29997119987097626
CXCR3-,MS,CSF_7,GTACGTATCTACTTAC-1,1.0295890249177702
CXCR3-,MS,CSF_7,GTATTCTAGACATAAC-1,-0.11693182808374647
CXCR3-,MS,CSF_7,GTCACAATCATTATCC-1,0.3083616486918737
CXCR3+,MS,CSF_7,GTCACAATCCGAAGAG-1,0.4205682692584131
CXCR3-,MS,CSF_7,GTCATTTTCAGCAACT-1,-0.29997119987097626
CXCR3+,MS,CSF_7,GTCCTCACAGCTCGAC-1,0.5753973573961488
CXCR3-,MS,CSF_7,GTCGGGTGTCAGAAGC-1,-0.29997119987097626
CXCR3+,MS,CSF_7,GTGAAGGAGGCCATAG-1,0.9073100740665457
CXCR3-,MS,CSF_7,GTGCTTCGTTAAAGTG-1,0.013203438016869897
CXCR3-,MS,CSF_7,GTGCTTCTCGCATGAT-1,-0.15870988719974005
CXCR3-,MS,CSF_7,GTGGGTCAGAACAACT-1,0.2868297383440203
CXCR3+,MS,CSF_7,GTGGGTCTCAACGCTA-1,-0.16959488729823727
CXCR3+,MS,CSF_7,GTTAAGCGTACCCAAT-1,0.2684267479094351
CXCR3+,MS,CSF_7,GTTCGGGCATGCCACG-1,0.4232770005867891
CXCR3+,MS,CSF_7,TAAACCGCAAGCGAGT-1,-0.08589360394576342
CXCR3-,MS,CSF_7,TAAGAGAGTGTAATGA-1,0.07397780933717524
CXCR3+,MS,CSF_7,TAAGCGTCATCGGTTA-1,0.1706279649126346
CXCR3-,MS,CSF_7,TACCTATAGCCATCGC-1,-0.29997119987097626
CXCR3-,MS,CSF_7,TACGGGCGTCGCGGTT-1,-0.29997119987097626
CXCR3-,MS,CSF_7,TACGGTAAGTCGTACT-1,0.45356486288607956
CXCR3-,MS,CSF_7,TACGGTATCTGATACG-1,0.09604574672366793
CXCR3+,MS,CSF_7,TACTCATTCTTACCGC-1,-0.06595639084504226
CXCR3-,MS,CSF_7,TAGACCAGTCTCGTTC-1,-0.29997119987097626
CXCR3+,MS,CSF_7,TAGTGGTGTCCTCTTG-1,0.3216739508899809
CXCR3-,MS,CSF_7,TAGTTGGTCTAACGGT-1,-0.005303407128319964
CXCR3+,MS,CSF_7,TATCAGGTCTCAAACG-1,0.018151902191620644
CXCR3+,MS,CSF_7,TATTACCTCGCCTGAG-1,0.10659616512744662
CXCR3+,MS,CSF_7,TCAACGAAGCCACGCT-1,0.6444671935702312
CXCR3-,MS,CSF_7,TCAACGAAGTCCAGGA-1,0.1676548066165633
CXCR3-,MS,CSF_7,TCAGCAAAGACTTGAA-1,0.27274241916099234
CXCR3-,MS,CSF_7,TCAGCTCCAACTGGCC-1,0.6909910505077793
CXCR3+,MS,CSF_7,TCAGGATCACTTGGAT-1,0.01586863123287809
CXCR3-,MS,CSF_7,TCAGGATCATGCTGGC-1,0.46026046230464657
CXCR3-,MS,CSF_7,TCATTACCACCGAAAG-1,0.758477487572886
CXCR3-,MS,CSF_7,TCATTTGTCAACACAC-1,-0.04970155156061366
CXCR3-,MS,CSF_7,TCATTTGTCCACTCCA-1,0.38305547320364663
CXCR3-,MS,CSF_7,TCCACACTCAGTTGAC-1,-0.11094512259285402
CXCR3-,MS,CSF_7,TCTCATAAGTGCGATG-1,0.1004018780001333
CXCR3+,MS,CSF_7,TCTGAGATCGGTTCGG-1,-0.09515674286479985
CXCR3-,MS,CSF_7,TCTGGAACAACTGGCC-1,0.6125969445676553
CXCR3+,MS,CSF_7,TCTGGAATCTTTAGGG-1,-0.17776905799743073
CXCR3-,MS,CSF_7,TCTTCGGTCTCAAACG-1,0.5989689254044589
CXCR3-,MS,CSF_7,TGACTAGAGAAACCGC-1,-0.29997119987097626
CXCR3+,MS,CSF_7,TGACTAGCATCAGTCA-1,-0.08061446227935162
CXCR3-,MS,CSF_7,TGAGAGGAGAGCCTAG-1,0.15170983202903068
CXCR3-,MS,CSF_7,TGAGCCGCATTCGACA-1,-0.041706786150308775
CXCR3-,MS,CSF_7,TGAGGGACAAGTAGTA-1,-0.29997119987097626
CXCR3-,MS,CSF_7,TGCACCTAGTCAATAG-1,0.12320155980173829
CXCR3+,MS,CSF_7,TGCCAAACAACTGCGC-1,0.04025348792139195
CXCR3-,MS,CSF_7,TGCGCAGGTGGTACAG-1,-0.038978539460631054
CXCR3+,MS,CSF_7,TGCGGGTCACCAGGTC-1,0.3036535329294015
CXCR3-,MS,CSF_7,TGTATTCTCTTGCATT-1,-0.29997119987097626
CXCR3-,MS,CSF_7,TGTCCCACACCACGTG-1,-0.04970155156061366
CXCR3-,MS,CSF_7,TGTCCCAGTTACGTCA-1,0.39284596737586963
CXCR3-,MS,CSF_7,TGTTCCGCATAGACTC-1,-0.18418961047682927
CXCR3+,MS,CSF_7,TTAACTCTCCGTAGGC-1,0.0321277668217458
CXCR3-,MS,CSF_7,TTCGGTCAGACGCAAC-1,0.05157129249488236
CXCR3-,MS,CSF_7,TTCGGTCTCCACTCCA-1,0.18671513505917464
CXCR3+,MS,CSF_7,TTCTACACACAACGTT-1,0.1501321445421528
CXCR3-,MS,CSF_7,TTCTACACATTGTGCA-1,0.33039140497414243
CXCR3-,MS,CSF_7,TTCTCCTTCCATTCTA-1,-0.034385747253944145
CXCR3+,MS,CSF_7,TTCTCCTTCCGTCATC-1,-0.11441391606411255
CXCR3-,MS,CSF_7,TTCTTAGTCCGATATG-1,0.06702555776666677
CXCR3-,MS,CSF_7,TTGACTTGTGAAGGCT-1,0.1425859174870174
CXCR3+,MS,CSF_7,TTGCCGTAGAAGGTGA-1,0.7599788267721177
CXCR3-,MS,CSF_7,TTGCCGTTCCACGAAT-1,-0.29997119987097626
CXCR3-,MS,CSF_7,TTGGAACCAACTTGAC-1,0.13731359070870117
CXCR3-,MS,CSF_7,TTGGCAATCGCACTCT-1,0.21128607900011503
CXCR3+,MS,CSF_7,TTGTAGGCATCACGTA-1,-0.027324840896145067
CXCR3-,MS,CSF_7,TTTGCGCAGATGGGTC-1,-0.06487896342189224
CXCR3-,MS,CSF_7,TTTGCGCCAAGGGTCA-1,0.1006649675608503
CXCR3-,MS,CSF_8,AAACCTGAGTTCGATC-1,-0.29997119987097626
CXCR3-,MS,CSF_8,AAACCTGGTTTGGGCC-1,0.35145435079368836
CXCR3-,MS,CSF_8,AAACCTGTCATTGCGA-1,0.3704725976212172
CXCR3+,MS,CSF_8,AAACGGGAGGCCATAG-1,1.1466470241563091
CXCR3+,MS,CSF_8,AAACGGGCACGGCTAC-1,0.3955650407169191
CXCR3-,MS,CSF_8,AAACGGGCACTTACGA-1,-0.29997119987097626
CXCR3-,MS,CSF_8,AAACGGGCATTAGCCA-1,0.32270826727148316
CXCR3-,MS,CSF_8,AAAGTAGAGAGTCTGG-1,0.9442101416586821
CXCR3-,MS,CSF_8,AAAGTAGGTAAGTGTA-1,-0.29997119987097626
CXCR3-,MS,CSF_8,AACACGTGTCTCAACA-1,0.010430913315039005
CXCR3+,MS,CSF_8,AACCATGGTTATTCTC-1,0.05252262955407749
CXCR3-,MS,CSF_8,AACGTTGGTACGCTGC-1,-0.020376779020493157
CXCR3-,MS,CSF_8,AACGTTGTCACTGGGC-1,0.0428172287168665
CXCR3+,MS,CSF_8,AACTCAGAGGCACATG-1,0.006872831628020516
CXCR3-,MS,CSF_8,AACTCCCTCGTCGTTC-1,-0.29997119987097626
CXCR3-,MS,CSF_8,AACTGGTTCGGCGGTT-1,0.5879040895219639
CXCR3+,MS,CSF_8,AACTTTCAGAGCCCAA-1,-0.11647984200371922
CXCR3-,MS,CSF_8,AACTTTCGTCAGTGGA-1,0.012876672931699537
CXCR3-,MS,CSF_8,AAGCCGCGTAGGCTGA-1,-0.12964321105136997
CXCR3-,MS,CSF_8,AAGGCAGAGGCCCTCA-1,0.0030545212654806697
CXCR3-,MS,CSF_8,AAGGCAGGTGTTCTTT-1,-0.29997119987097626
CXCR3-,MS,CSF_8,AAGGTTCGTAATAGCA-1,-0.29997119987097626
CXCR3+,MS,CSF_8,AAGTCTGCATGTCGAT-1-1,-0.05121595949348938
CXCR3-,MS,CSF_8,AAGTCTGTCTGAGGGA-1,0.14785032406532955
CXCR3-,MS,CSF_8,AATCCAGAGAGTAAGG-1,-0.29997119987097626
CXCR3+,MS,CSF_8,AATCCAGTCAACGCTA-1,0.1344205695511466
CXCR3-,MS,CSF_8,AATCCAGTCCAGTATG-1,0.16089505157621647
CXCR3+,MS,CSF_8,ACACCAATCAAACCAC-1,-0.011175081865527027
CXCR3+,MS,CSF_8,ACACCGGCAGCCTTTC-1,0.02881535955967299
CXCR3+,MS,CSF_8,ACACCGGGTTGAGTTC-1,0.3240607785674764
CXCR3+,MS,CSF_8,ACACTGACAGACGCTC-1,0.029783706813411963
CXCR3+,MS,CSF_8,ACACTGATCTGCTGCT-1,0.12851133958554345
CXCR3-,MS,CSF_8,ACAGCCGGTCACTGGC-1,0.6336507653541572
CXCR3-,MS,CSF_8,ACAGCCGGTGTTGGGA-1,0.06057174010815701
CXCR3-,MS,CSF_8,ACAGCCGTCTTCGAGA-1,-0.01748505063847653
CXCR3-,MS,CSF_8,ACAGCTATCCGAATGT-1,-0.29997119987097626
CXCR3+,MS,CSF_8,ACAGCTATCCGCGCAA-1,0.3156224349079169
CXCR3-,MS,CSF_8,ACATACGCAGGATTGG-1,-0.29997119987097626
CXCR3-,MS,CSF_8,ACATCAGCAAGAGTCG-1,0.71270520692862
CXCR3+,MS,CSF_8,ACATGGTAGACAGAGA-1,-0.19268753578495584
CXCR3+,MS,CSF_8,ACATGGTCAACTTGAC-1,0.19936893138061199
CXCR3-,MS,CSF_8,ACATGGTGTTAGGGTG-1,-0.08397832937075204
CXCR3-,MS,CSF_8,ACCCACTCAAGGACAC-1,0.03758214954398436
CXCR3-,MS,CSF_8,ACCCACTGTGAGGCTA-1,-0.29997119987097626
CXCR3-,MS,CSF_8,ACCGTAAGTAGAAAGG-1,0.15015495079929594
CXCR3+,MS,CSF_8,ACCGTAATCGAATGCT-1,0.2243840171573573
CXCR3+,MS,CSF_8,ACCGTAATCTTTACGT-1,0.08534294745260443
CXCR3-,MS,CSF_8,ACCTTTACATCAGTAC-1,0.03281424823120766
CXCR3-,MS,CSF_8,ACGAGCCCACCGGAAA-1,-0.13598722534326854
CXCR3-,MS,CSF_8,ACGAGCCGTCACTGGC-1,0.28988401964821536
CXCR3+,MS,CSF_8,ACGAGCCTCGGCTACG-1,0.5397165934005851
CXCR3+,MS,CSF_8,ACGATGTCACAGCCCA-1,-0.21037098747286445
CXCR3+,MS,CSF_8,ACGATGTGTTAAGACA-1,0.637404609875395
CXCR3-,MS,CSF_8,ACGCAGCAGATATACG-1,0.958660900346224
CXCR3-,MS,CSF_8,ACGGGCTGTATCTGCA-1,-0.1717315577438528
CXCR3-,MS,CSF_8,ACGGGTCAGTGAATTG-1,-0.29997119987097626
CXCR3-,MS,CSF_8,ACGGGTCGTAAGTTCC-1,-0.29997119987097626
CXCR3+,MS,CSF_8,ACGTCAACACATCCAA-1,-0.14725266658525982
CXCR3-,MS,CSF_8,ACGTCAACAGCTGCTG-1,-0.17285525383361358
CXCR3+,MS,CSF_8,ACGTCAACATGTTCCC-1,-0.29997119987097626
CXCR3+,MS,CSF_8,ACTATCTTCGCTTAGA-1,-0.1487653949522961
CXCR3-,MS,CSF_8,ACTATCTTCTACTCAT-1,0.28047450548540337
CXCR3+,MS,CSF_8,ACTGAGTGTTCAGCGC-1,-0.1029831462402392
CXCR3-,MS,CSF_8,ACTGAGTTCTTCGAGA-1,0.07175628744197297
CXCR3+,MS,CSF_8,ACTGCTCTCCTATGTT-1,-0.0032554916505959336
CXCR3+,MS,CSF_8,ACTGCTCTCTGACCTC-1,-0.29997119987097626
CXCR3+,MS,CSF_8,ACTGTCCGTTAAGACA-1,-0.29997119987097626
CXCR3-,MS,CSF_8,ACTGTCCTCCTGTACC-1,0.06207949508409126
CXCR3-,MS,CSF_8,ACTTACTTCCGCGGTA-1,0.864132752739948
CXCR3+,MS,CSF_8,ACTTGTTCAGGAATGC-1,-0.15771626306963724
CXCR3-,MS,CSF_8,ACTTGTTTCGGAATCT-1,-0.1379815057872726
CXCR3+,MS,CSF_8,ACTTTCAAGGAATTAC-1,-0.29997119987097626
CXCR3-,MS,CSF_8,AGAATAGAGTCCGGTC-1,-0.29997119987097626
CXCR3-,MS,CSF_8,AGAATAGGTAACGCGA-1,0.06078824416745791
CXCR3-,MS,CSF_8,AGAGCGAAGATCGATA-1,-0.29997119987097626
CXCR3+,MS,CSF_8,AGAGCTTAGACTTTCG-1,-0.29997119987097626
CXCR3-,MS,CSF_8,AGAGCTTTCACTATTC-1,-0.05846460495589589
CXCR3-,MS,CSF_8,AGAGTGGTCAAGATCC-1,-0.1453168587495395
CXCR3+,MS,CSF_8,AGATCTGAGATGTGGC-1,-0.10103372121570689
CXCR3-,MS,CSF_8,AGATCTGGTCTTGTCC-1,0.1613741833563668
CXCR3+,MS,CSF_8,AGCAGCCGTCTAGCGC-1,0.21446862475245448
CXCR3-,MS,CSF_8,AGCAGCCTCCTATTCA-1,-0.29997119987097626
CXCR3+,MS,CSF_8,AGCATACGTCTCCATC-1,0.3902237800101333
CXCR3-,MS,CSF_8,AGCGGTCCAGCCTATA-1,-0.15312615745920669
CXCR3+,MS,CSF_8,AGCGTATTCAGGATCT-1,0.0366145983438414
CXCR3-,MS,CSF_8,AGCTCCTAGCTCTCGG-1,-0.2010222089462023
CXCR3-,MS,CSF_8,AGCTCTCGTCAATGTC-1,0.10976358062177208
CXCR3-,MS,CSF_8,AGCTCTCGTCGGCACT-1,0.5369218436323673
CXCR3-,MS,CSF_8,AGGGAGTAGCACACAG-1,-0.29997119987097626
CXCR3-,MS,CSF_8,AGGGAGTGTATATGGA-1,0.3885730925589496
CXCR3+,MS,CSF_8,AGGGAGTTCAGAGGTG-1,0.37353543844736004
CXCR3+,MS,CSF_8,AGGGTGATCCATGAAC-1,-0.29997119987097626
CXCR3+,MS,CSF_8,AGGTCATCACGGCGTT-1,0.10960580091697694
CXCR3+,MS,CSF_8,AGGTCATGTCACTGGC-1,-0.11331421070441383
CXCR3+,MS,CSF_8,AGGTCATGTTAGAACA-1,-0.04441938829751838
CXCR3-,MS,CSF_8,AGGTCATTCGAGAACG-1,-0.29997119987097626
CXCR3-,MS,CSF_8,AGGTCATTCTTCGAGA-1,0.24747902586753392
CXCR3+,MS,CSF_8,AGTAGTCAGATACACA-1,0.5017008173184562
CXCR3-,MS,CSF_8,AGTCTTTAGGTAGCCA-1,-0.29997119987097626
CXCR3-,MS,CSF_8,AGTGAGGCATGGATGG-1,-0.29997119987097626
CXCR3-,MS,CSF_8,AGTGAGGGTTTGGGCC-1,-0.09378646919276809
CXCR3-,MS,CSF_8,AGTGGGAAGTCTCGGC-1,-0.021075289630684963
CXCR3-,MS,CSF_8,AGTGGGATCATCACCC-1,0.48916521777154603
CXCR3-,MS,CSF_8,AGTGTCACAAGTCTGT-1,-0.29997119987097626
CXCR3+,MS,CSF_8,AGTGTCAGTGTTAAGA-1,0.24409660865447744
CXCR3-,MS,CSF_8,AGTGTCATCTGAGGGA-1,-0.29997119987097626
CXCR3-,MS,CSF_8,AGTTGGTCACACTGCG-1,-0.008673579063304257
CXCR3+,MS,CSF_8,AGTTGGTGTCTCACCT-1,0.1524794382967185
CXCR3-,MS,CSF_8,AGTTGGTTCGGATGGA-1,0.02556763396131521
CXCR3+,MS,CSF_8,ATAACGCAGCACAGGT-1,0.04179728384671814
CXCR3-,MS,CSF_8,ATAACGCAGCCATCGC-1,-0.29997119987097626
CXCR3+,MS,CSF_8,ATAACGCAGTACACCT-1,-0.29997119987097626
CXCR3+,MS,CSF_8,ATAACGCCAAGAAAGG-1,0.08368914828411182
CXCR3-,MS,CSF_8,ATAAGAGCAGGTCTCG-1,0.15374428332621812
CXCR3+,MS,CSF_8,ATAAGAGGTAGGACAC-1,0.31644529514019354
CXCR3-,MS,CSF_8,ATAGACCCAATGAAAC-1,0.08057040454223664
CXCR3+,MS,CSF_8,ATCACGACAAGTAGTA-1,0.6859609345946582
CXCR3+,MS,CSF_8,ATCACGAGTTAGGGTG-1,0.5528976380368513
CXCR3+,MS,CSF_8,ATCATCTAGAGACGAA-1,-0.29997119987097626
CXCR3-,MS,CSF_8,ATCATCTAGAGGGCTT-1,0.005238075933794281
CXCR3-,MS,CSF_8,ATCATCTAGCAGCGTA-1,-0.29997119987097626
CXCR3-,MS,CSF_8,ATCATCTCAAACCTAC-1,-0.09096323492260734
CXCR3-,MS,CSF_8,ATCATCTTCTTGAGGT-1,0.25847519415618286
CXCR3-,MS,CSF_8,ATCATGGAGGTAGCTG-1,-0.29997119987097626
CXCR3-,MS,CSF_8,ATCCACCAGGGCTTGA-1,-0.29997119987097626
CXCR3+,MS,CSF_8,ATCCACCTCAACACGT-1,0.7151113875338994
CXCR3-,MS,CSF_8,ATCCGAATCTGATTCT-1,-0.29997119987097626
CXCR3-,MS,CSF_8,ATCGAGTGTAAACCTC-1,0.11573936226848423
CXCR3+,MS,CSF_8,ATCTACTTCTGAAAGA-1,0.5004170435349562
CXCR3+,MS,CSF_8,ATGAGGGAGATCCTGT-1,0.18203072860167113
CXCR3-,MS,CSF_8,ATGAGGGCAAGAAAGG-1,0.033911388802554274
CXCR3-,MS,CSF_8,ATGAGGGCATATACCG-1,0.4220451997406607
CXCR3-,MS,CSF_8,ATGAGGGCATTGGGCC-1,-0.159284053286574
CXCR3+,MS,CSF_8,ATGCGATAGACAATAC-1,0.03050953676951949
CXCR3-,MS,CSF_8,ATGCGATTCGGTTCGG-1,0.33237419067103163
CXCR3+,MS,CSF_8,ATTACTCCATGGTCTA-1,0.17717968991913713
CXCR3+,MS,CSF_8,ATTCTACAGACCTTTG-1,0.35926288507642784
CXCR3+,MS,CSF_8,ATTGGACCAGGAACGT-1,0.02543459259346151
CXCR3-,MS,CSF_8,ATTGGACGTTCCACGG-1,1.1808397803793664
CXCR3-,MS,CSF_8,ATTGGTGGTACAGTGG-1,-0.29997119987097626
CXCR3-,MS,CSF_8,ATTTCTGTCGGCGGTT-1,-0.29997119987097626
CXCR3-,MS,CSF_8,ATTTCTGTCTAAGCCA-1,0.28348473474315095
CXCR3+,MS,CSF_8,CAACCAATCGCGGATC-1,0.9001965377321042
CXCR3-,MS,CSF_8,CAACCTCTCCGAACGC-1,-0.29997119987097626
CXCR3-,MS,CSF_8,CAACTAGAGAATTCCC-1,0.08143524220542508
CXCR3-,MS,CSF_8,CAACTAGGTCGAACAG-1,-0.061809389319806514
CXCR3-,MS,CSF_8,CAAGAAATCAGAAATG-1,0.4250827503044185
CXCR3+,MS,CSF_8,CAAGATCTCTGTACGA-1,0.09998509120831896
CXCR3+,MS,CSF_8,CAAGTTGCAAGGTGTG-1,0.0799107477671769
CXCR3+,MS,CSF_8,CAAGTTGCATCAGTAC-1,0.2601623747856773
CXCR3+,MS,CSF_8,CAAGTTGTCTGCAGTA-1,0.018116661738907865
CXCR3-,MS,CSF_8,CACAAACCACCAGTTA-1,-0.29997119987097626
CXCR3+,MS,CSF_8,CACAAACCAGCTGGCT-1,0.6073512249522137
CXCR3-,MS,CSF_8,CACAAACGTCAGAGGT-1,-0.024250169825812944
CXCR3+,MS,CSF_8,CACACCTCAAGGACTG-1,0.17664381077714428
CXCR3+,MS,CSF_8,CACACTCCACGGCGTT-1,0.6987955958497203
CXCR3+,MS,CSF_8,CACAGTACACCAACCG-1,0.3991897675628855
CXCR3+,MS,CSF_8,CACAGTATCGGCGCAT-1,0.1922499450579873
CXCR3+,MS,CSF_8,CACATAGTCATCTGCC-1,-0.07173032263374661
CXCR3+,MS,CSF_8,CACATAGTCTCTGTCG-1,0.6601272343898342
CXCR3-,MS,CSF_8,CACCACTAGGGATGGG-1,0.05682685506604065
CXCR3-,MS,CSF_8,CACCACTGTCCATCCT-1,0.10758173322830171
CXCR3+,MS,CSF_8,CACCACTTCCGGGTGT-1,-0.15975837408377683
CXCR3-,MS,CSF_8,CACCAGGGTAGCGCTC-1,-0.29997119987097626
CXCR3+,MS,CSF_8,CACCAGGTCAGTTTGG-1,-0.29997119987097626
CXCR3+,MS,CSF_8,CACCAGGTCGGATGTT-1,0.012749728046828454
CXCR3-,MS,CSF_8,CAGAATCAGACTAGAT-1,0.23168576217941678
CXCR3-,MS,CSF_8,CAGAATCGTATCTGCA-1,0.29736814759208013
CXCR3-,MS,CSF_8,CAGATCAAGGGTTTCT-1,-0.29997119987097626
CXCR3-,MS,CSF_8,CAGATCAAGGTGCTTT-1,-0.29997119987097626
CXCR3-,MS,CSF_8,CAGCAGCGTTCAGCGC-1,-0.09303811103671891
CXCR3+,MS,CSF_8,CAGCATAGTCGGCATC-1,-0.29997119987097626
CXCR3+,MS,CSF_8,CAGCCGATCAACACTG-1,-0.17939162179301135
CXCR3-,MS,CSF_8,CAGCGACGTTGATTGC-1,0.035009282115348136
CXCR3+,MS,CSF_8,CAGCGACTCTGATACG-1,0.5911043164532506
CXCR3+,MS,CSF_8,CAGCTAATCACCCTCA-1,0.29697450325975566
CXCR3+,MS,CSF_8,CAGCTGGAGGATTCGG-1,-0.29997119987097626
CXCR3-,MS,CSF_8,CAGCTGGCAGCGTCCA-1,0.03189732621983339
CXCR3-,MS,CSF_8,CAGGTGCAGGGATGGG-1,-0.29997119987097626
CXCR3-,MS,CSF_8,CAGGTGCCAATCCAAC-1,0.2818911548532488
CXCR3-,MS,CSF_8,CAGTAACGTATCAGTC-1,-0.29997119987097626
CXCR3-,MS,CSF_8,CATATGGAGGAGTAGA-1,0.40095710030701187
CXCR3-,MS,CSF_8,CATATGGGTTCGTGAT-1,-0.2125602938142111
CXCR3-,MS,CSF_8,CATATTCGTAGCCTAT-1,0.38412868106083614
CXCR3-,MS,CSF_8,CATCAAGAGTCAAGCG-1,-0.29997119987097626
CXCR3-,MS,CSF_8,CATCAGAAGCGAGAAA-1,0.3097541623246533
CXCR3+,MS,CSF_8,CATCAGAGTGATAAAC-1,-0.09184953202543564
CXCR3-,MS,CSF_8,CATCGAACATTCTCAT-1,-0.29997119987097626
CXCR3-,MS,CSF_8,CATCGAAGTATAAACG-1,0.6744748996340864
CXCR3-,MS,CSF_8,CATCGGGAGTGCAAGC-1,0.20518885047459415
CXCR3-,MS,CSF_8,CATCGGGTCGGTCCGA-1,0.8526787515989245
CXCR3-,MS,CSF_8,CATGCCTCACTTAACG-1,0.36074399675988006
CXCR3+,MS,CSF_8,CATGCCTTCTACTATC-1,-0.0024307693617952202
CXCR3-,MS,CSF_8,CATGGCGAGTCCGTAT-1,0.22188789359152308
CXCR3-,MS,CSF_8,CATGGCGCACAACTGT-1,-0.10985036793083047
CXCR3-,MS,CSF_8,CATTATCCACGAAAGC-1,0.36792502106288466
CXCR3+,MS,CSF_8,CATTATCTCGTTTGCC-1,0.4343617587913635
CXCR3+,MS,CSF_8,CATTCGCGTAGCGTCC-1,0.6665312142151691
CXCR3-,MS,CSF_8,CCACCTAAGTGGTAAT-1,-0.29997119987097626
CXCR3-,MS,CSF_8,CCACGGACACGGTGTC-1,-0.0982865057455751
CXCR3-,MS,CSF_8,CCACGGATCAGCGACC-1,0.19979877651395514
CXCR3-,MS,CSF_8,CCACGGATCCTCATTA-1,-0.29997119987097626
CXCR3+,MS,CSF_8,CCACTACCACAGCCCA-1,-0.1713842381860493
CXCR3-,MS,CSF_8,CCACTACCACGGATAG-1,0.1673755346445658
CXCR3-,MS,CSF_8,CCAGCGACATTTGCCC-1,-0.20511847358923624
CXCR3+,MS,CSF_8,CCAGCGATCCAAAGTC-1,0.2578929979069137
CXCR3-,MS,CSF_8,CCAGCGATCTGATTCT-1,-0.29997119987097626
CXCR3-,MS,CSF_8,CCATGTCAGCCACTAT-1,-0.29997119987097626
CXCR3-,MS,CSF_8,CCATGTCCACAACGCC-1,-0.01932028400890164
CXCR3-,MS,CSF_8,CCATGTCGTCGCATAT-1,-0.167685696278194
CXCR3-,MS,CSF_8,CCATTCGAGGGTTCCC-1,0.09705972985803792
CXCR3+,MS,CSF_8,CCATTCGGTGGTACAG-1,-0.01086862122779809
CXCR3+,MS,CSF_8,CCCAATCGTTAGATGA-1,0.12050435433026199
CXCR3-,MS,CSF_8,CCCAGTTAGAGCCTAG-1,0.19463701045968243
CXCR3-,MS,CSF_8,CCCAGTTGTGACGGTA-1,-0.29997119987097626
CXCR3-,MS,CSF_8,CCCTCCTTCCAGTAGT-1,0.3388256456223347
CXCR3-,MS,CSF_8,CCCTCCTTCTCCAGGG-1,0.3196326308171225
CXCR3+,MS,CSF_8,CCGGGATGTAGATTAG-1,-0.29997119987097626
CXCR3-,MS,CSF_8,CCGGTAGTCATGTAGC-1,0.0010517234942147371
CXCR3-,MS,CSF_8,CCGTTCAAGCGAAGGG-1,-0.06619049153370117
CXCR3+,MS,CSF_8,CCGTTCACACCGAAAG-1,-0.04808285336890943
CXCR3-,MS,CSF_8,CCGTTCAGTGTCTGAT-1,0.013276455639373599
CXCR3+,MS,CSF_8,CCGTTCATCATGCAAC-1,0.5755508897888123
CXCR3-,MS,CSF_8,CCTAAAGTCTTCGAGA-1,0.3955430122215039
CXCR3+,MS,CSF_8,CCTACACTCCTCAATT-1,-0.02555012832333805
CXCR3-,MS,CSF_8,CCTACCAGTCAGAGGT-1,0.1883463454836957
CXCR3+,MS,CSF_8,CCTACCAGTCGAATCT-1,0.377795376592459
CXCR3+,MS,CSF_8,CCTACCAGTGCTTCTC-1,0.7005235023604918
CXCR3-,MS,CSF_8,CCTAGCTGTACTCTCC-1,-0.1116017042212155
CXCR3+,MS,CSF_8,CCTCAGTCACTGTTAG-1,0.2087025195761409
CXCR3-,MS,CSF_8,CCTCTGACAATCCAAC-1,0.5260329988149915
CXCR3-,MS,CSF_8,CCTTACGAGCGCTTAT-1,0.21582875886274944
CXCR3-,MS,CSF_8,CCTTACGGTCGGGTCT-1,-0.0883641397907146
CXCR3+,MS,CSF_8,CCTTCCCCAACACGCC-1,0.6189590375727472
CXCR3-,MS,CSF_8,CCTTTCTAGGGAGTAA-1,-0.29997119987097626
CXCR3-,MS,CSF_8,CCTTTCTCACGAGGTA-1,-0.29997119987097626
CXCR3-,MS,CSF_8,CCTTTCTCATCGATTG-1,0.4205682692584131
CXCR3-,MS,CSF_8,CCTTTCTGTACGAAAT-1,-0.07283215543516401
CXCR3-,MS,CSF_8,CGAACATAGACCGGAT-1,0.8172908093456372
CXCR3-,MS,CSF_8,CGAACATCATGTAGTC-1,0.4303149693405386
CXCR3-,MS,CSF_8,CGACCTTCATCCAACA-1,-0.29997119987097626
CXCR3+,MS,CSF_8,CGACCTTGTTCTGTTT-1,-0.15618223905523917
CXCR3-,MS,CSF_8,CGACTTCAGAGCTATA-1,0.19651268700431726
CXCR3+,MS,CSF_8,CGAGCCACATACGCCG-1,-0.06765643609637441
CXCR3+,MS,CSF_8,CGATTGAAGCGTAATA-1,0.5298498516827478
CXCR3-,MS,CSF_8,CGATTGACAGTTTACG-1,0.18125330999615283
CXCR3-,MS,CSF_8,CGCGGTAAGTGGAGAA-1,0.03446427857681056
CXCR3-,MS,CSF_8,CGCTGGATCAGCACAT-1,-0.29997119987097626
CXCR3+,MS,CSF_8,CGCTGGATCTGGCGAC-1,0.9211341467717802
CXCR3-,MS,CSF_8,CGCTTCACAAATCCGT-1,0.12951210679644645
CXCR3-,MS,CSF_8,CGCTTCACAGAGTGTG-1,-0.29997119987097626
CXCR3-,MS,CSF_8,CGGACACAGCAACGGT-1,-0.29997119987097626
CXCR3+,MS,CSF_8,CGGACACAGCTTTGGT-1,0.7231885333962423
CXCR3-,MS,CSF_8,CGGACACGTGTCTGAT-1,0.33009946242701715
CXCR3+,MS,CSF_8,CGGACGTCAGCCAATT-1,0.19577952061155163
CXCR3+,MS,CSF_8,CGGACTGAGCCCAATT-1,-0.05850721478753908
CXCR3-,MS,CSF_8,CGGACTGAGGCGATAC-1,0.5712318390206456
CXCR3-,MS,CSF_8,CGGACTGTCAGCTTAG-1,-0.029962052304738234
CXCR3-,MS,CSF_8,CGGACTGTCGCGATCG-1,-0.1042905703915024
CXCR3-,MS,CSF_8,CGGAGCTTCTACTCAT-1,-0.025452501556852625
CXCR3+,MS,CSF_8,CGGGTCAGTAGAGTGC-1,0.06827486754025024
CXCR3+,MS,CSF_8,CGGTTAAAGCAGATCG-1,-0.13395594908160377
CXCR3+,MS,CSF_8,CGGTTAATCTCTAGGA-1,0.5512680227216118
CXCR3+,MS,CSF_8,CGTAGGCCACAAGCCC-1,0.14483112111197746
CXCR3-,MS,CSF_8,CGTAGGCCAGATCTGT-1,-0.29997119987097626
CXCR3+,MS,CSF_8,CGTCACTCACGTCTCT-1,0.004367361192107534
CXCR3-,MS,CSF_8,CGTCAGGCAGGTGGAT-1,0.483701119839242
CXCR3-,MS,CSF_8,CGTCAGGGTGAGGGTT-1,0.4722094630112474
CXCR3-,MS,CSF_8,CGTCTACCACATTCGA-1,-0.29997119987097626
CXCR3-,MS,CSF_8,CGTGAGCAGCTGATAA-1,-0.29997119987097626
CXCR3-,MS,CSF_8,CGTGTAAAGATATACG-1,-0.09224602042601993
CXCR3-,MS,CSF_8,CGTGTAAGTCGACTGC-1,0.40525633430208313
CXCR3-,MS,CSF_8,CGTTAGACAGTACACT-1,0.212157878985066
CXCR3-,MS,CSF_8,CGTTCTGCATGTTGAC-1,-0.14678870653885331
CXCR3-,MS,CSF_8,CGTTCTGGTAAGTAGT-1,0.2810853835662533
CXCR3-,MS,CSF_8,CGTTCTGGTGTTGGGA-1,0.09327240580910312
CXCR3-,MS,CSF_8,CTAACTTGTCAAGCGA-1,-0.07758512275758515
CXCR3+,MS,CSF_8,CTAAGACGTGACGCCT-1,0.3161861117336183
CXCR3+,MS,CSF_8,CTACGTCAGCATGGCA-1,0.4012965738018058
CXCR3-,MS,CSF_8,CTACGTCAGGTTCCTA-1,0.16783970580106417
CXCR3-,MS,CSF_8,CTAGCCTTCTGCTGCT-1,0.02164662107242172
CXCR3-,MS,CSF_8,CTAGTGACAGGGATTG-1,0.29685128937312516
CXCR3+,MS,CSF_8,CTAGTGATCGGCCGAT-1,0.8346054379515836
CXCR3+,MS,CSF_8,CTCACACGTAAGGGCT-1,0.7548417696552768
CXCR3+,MS,CSF_8,CTCACACTCACATACG-1,0.011218630186297207
CXCR3+,MS,CSF_8,CTCAGAAAGCTGGAAC-1,-0.29997119987097626
CXCR3-,MS,CSF_8,CTCAGAACAGTACACT-1,0.07015851348848848
CXCR3-,MS,CSF_8,CTCCTAGCATGAAGTA-1,0.07105892789481717
CXCR3+,MS,CSF_8,CTCCTAGGTCACTTCC-1,-0.11159552154346951
CXCR3-,MS,CSF_8,CTCCTAGGTCGCTTTC-1,-0.03195056311441745
CXCR3-,MS,CSF_8,CTCGAAACACGTCAGC-1,-0.29997119987097626
CXCR3-,MS,CSF_8,CTCGAAACATGATCCA-1,-0.29997119987097626
CXCR3-,MS,CSF_8,CTCGAGGCAAAGCGGT-1,0.14755789432738325
CXCR3-,MS,CSF_8,CTCGAGGCACTAGTAC-1,0.8843792658038397
CXCR3-,MS,CSF_8,CTCGGAGCAAGGACTG-1,-0.29997119987097626
CXCR3-,MS,CSF_8,CTCGGAGTCTGGTATG-1,-0.09447079714808124
CXCR3-,MS,CSF_8,CTCGTACCAATAGAGT-1,0.04750315238737969
CXCR3+,MS,CSF_8,CTCTAATGTAGCAAAT-1,-0.29997119987097626
CXCR3-,MS,CSF_8,CTCTAATGTATTCTCT-1,0.2659114022104458
CXCR3-,MS,CSF_8,CTCTACGCAGGTCCAC-1,-0.29997119987097626
CXCR3+,MS,CSF_8,CTCTACGCATCACGAT-1,0.23520779780447962
CXCR3-,MS,CSF_8,CTCTGGTCATTACGAC-1,0.03190325938304033
CXCR3-,MS,CSF_8,CTCTGGTTCAGGTTCA-1,-0.037097344838687825
CXCR3-,MS,CSF_8,CTGAAACCACGAGAGT-1,-0.29997119987097626
CXCR3-,MS,CSF_8,CTGAAGTCAACGCACC-1,-0.29997119987097626
CXCR3-,MS,CSF_8,CTGAAGTTCCGCAGTG-1,-0.29997119987097626
CXCR3-,MS,CSF_8,CTGATAGTCGGCTTGG-1,0.8848024370838993
CXCR3-,MS,CSF_8,CTGCCTAGTACCGGCT-1,0.06549290889229169
CXCR3+,MS,CSF_8,CTGCCTAGTGATAAAC-1,0.05946314274528471
CXCR3-,MS,CSF_8,CTGCGGATCTGATTCT-1,0.68699339163176
CXCR3+,MS,CSF_8,CTGCTGTAGCCAGTAG-1,0.1700810680615856
CXCR3+,MS,CSF_8,CTGGTCTCAGGTCTCG-1,-0.29997119987097626
CXCR3-,MS,CSF_8,CTGGTCTGTTATCCGA-1,-0.29997119987097626
CXCR3-,MS,CSF_8,CTGGTCTTCATCGGAT-1,0.2195466103735961
CXCR3+,MS,CSF_8,CTGTGCTTCGGTTAAC-1,-0.1334348356321036
CXCR3-,MS,CSF_8,CTGTTTACAAAGTCAA-1,-0.29997119987097626
CXCR3+,MS,CSF_8,CTGTTTACAGTAAGCG-1,0.3922785689102802
CXCR3+,MS,CSF_8,CTTAGGATCACCTTAT-1,0.0923096945160307
CXCR3+,MS,CSF_8,CTTCTCTAGCGAGAAA-1,0.007677829935762127
CXCR3+,MS,CSF_8,CTTGGCTCACTCTGTC-1,0.4668077136270504
CXCR3+,MS,CSF_8,CTTGGCTGTGTCGCTG-1,0.6614987793247736
CXCR3+,MS,CSF_8,GAAACTCCAAACTGTC-1,-0.13400259071137463
CXCR3-,MS,CSF_8,GAAACTCTCCTCTAGC-1,-0.09037248068188289
CXCR3+,MS,CSF_8,GAAATGACACTGCCAG-1,0.3356030425802127
CXCR3+,MS,CSF_8,GAAATGAGTCATGCAT-1,0.012052678391378944
CXCR3-,MS,CSF_8,GAACATCGTTTCCACC-1,-0.0060235804065288156
CXCR3+,MS,CSF_8,GAACATCTCATGTAGC-1,0.03711824173565321
CXCR3+,MS,CSF_8,GAACATCTCTTGACGA-1,0.9018745271317082
CXCR3-,MS,CSF_8,GAACCTAAGGCAATTA-1,-0.29997119987097626
CXCR3+,MS,CSF_8,GAACGGAGTGAAATCA-1,-0.29997119987097626
CXCR3-,MS,CSF_8,GAACGGATCCCTAATT-1,0.33845915238489377
CXCR3+,MS,CSF_8,GAATAAGAGTGAAGTT-1,-0.150759347066594
CXCR3-,MS,CSF_8,GAATAAGTCATGTGGT-1,0.18406790515599236
CXCR3-,MS,CSF_8,GAATGAAAGTTAGGTA-1,0.15612150587965398
CXCR3-,MS,CSF_8,GACACGCCAAGGGTCA-1,-0.29997119987097626
CXCR3+,MS,CSF_8,GACACGCCATTCGACA-1,0.15182295356689562
CXCR3+,MS,CSF_8,GACAGAGAGAGTAAGG-1,-0.10955127743357772
CXCR3-,MS,CSF_8,GACCAATAGCAGGTCA-1,0.05093609160845214
CXCR3-,MS,CSF_8,GACCTGGAGGCTATCT-1,0.17580596975620108
CXCR3-,MS,CSF_8,GACGGCTGTCGCGTGT-1,-0.053989117602291525
CXCR3+,MS,CSF_8,GACGGCTTCCACGTTC-1,0.46598862357151394
CXCR3-,MS,CSF_8,GACTAACGTGCAACGA-1,0.04777773307158772
CXCR3-,MS,CSF_8,GAGGTGACAGAGCCAA-1,-0.15921257113826312
CXCR3-,MS,CSF_8,GAGTCCGAGATCCCGC-1,0.6030040151883603
CXCR3+,MS,CSF_8,GATCGATCATAGACTC-1,0.9689563066367786
CXCR3-,MS,CSF_8,GATCGATGTCTTGATG-1,0.8783801012370358
CXCR3-,MS,CSF_8,GATCGCGAGAACAACT-1,0.13701736280048457
CXCR3-,MS,CSF_8,GATCGCGAGCTTATCG-1,-0.29997119987097626
CXCR3-,MS,CSF_8,GATCGTATCGGCGCAT-1,0.32444181049510296
CXCR3-,MS,CSF_8,GATGAAATCACGATGT-1,-0.056851551639482134
CXCR3-,MS,CSF_8,GATGAGGCACATGGGA-1,-0.29997119987097626
CXCR3-,MS,CSF_8,GATGAGGGTTCCACTC-1,0.21970696538976614
CXCR3-,MS,CSF_8,GATTCAGGTTCCAACA-1,0.09722236222064094
CXCR3+,MS,CSF_8,GATTCAGTCACCAGGC-1,0.20017761866989178
CXCR3-,MS,CSF_8,GATTCAGTCCTTTCTC-1,-0.29997119987097626
CXCR3-,MS,CSF_8,GCAAACTAGGGTGTGT-1,-0.29997119987097626
CXCR3-,MS,CSF_8,GCAAACTGTATAGGGC-1,-0.29997119987097626
CXCR3+,MS,CSF_8,GCAAACTGTCTGCAAT-1,-0.29997119987097626
CXCR3+,MS,CSF_8,GCAAACTGTGCAACGA-1,0.5643529514751697
CXCR3-,MS,CSF_8,GCAGTTAAGTGACTCT-1,0.1268209745428719
CXCR3-,MS,CSF_8,GCATGCGGTAAAGTCA-1,0.10033524927485823
CXCR3+,MS,CSF_8,GCATGCGTCTATGTGG-1,0.25681420940045974
CXCR3+,MS,CSF_8,GCCAAATTCACAGGCC-1,0.5810293979678527
CXCR3+,MS,CSF_8,GCCTCTATCCCATTTA-1,0.46889954795492367
CXCR3+,MS,CSF_8,GCGACCAGTAAGAGAG-1,-0.19332907019257853
CXCR3+,MS,CSF_8,GCGAGAAAGCGGATCA-1,0.575708360616788
CXCR3-,MS,CSF_8,GCGAGAATCTTTAGTC-1,-0.05848010119914883
CXCR3+,MS,CSF_8,GCGCAGTAGATCACGG-1,-0.028007741139503946
CXCR3-,MS,CSF_8,GCGGGTTTCTTGAGAC-1,-0.29997119987097626
CXCR3+,MS,CSF_8,GCTCCTAGTATAAACG-1,0.011269709318284795
CXCR3+,MS,CSF_8,GCTCTGTCAGCCTGTG-1,-0.13543601933653643
CXCR3+,MS,CSF_8,GCTCTGTTCAACGAAA-1,-0.03632953463629847
CXCR3-,MS,CSF_8,GCTGCAGAGTCCAGGA-1,-0.29997119987097626
CXCR3+,MS,CSF_8,GCTGCAGCATGCAACT-1,0.08020881444337902
CXCR3-,MS,CSF_8,GCTGCAGGTAATAGCA-1,-0.29997119987097626
CXCR3+,MS,CSF_8,GCTGCAGTCACAACGT-1,0.30159022864242324
CXCR3-,MS,CSF_8,GCTGCGACAAGGCTCC-1,0.4156718584814416
CXCR3-,MS,CSF_8,GCTGCGATCAGCTCGG-1,-0.10169378482427878
CXCR3-,MS,CSF_8,GCTGCGATCTTCAACT-1,0.01521014699487398
CXCR3-,MS,CSF_8,GCTGCTTGTCCGAGTC-1,0.890145951624488
CXCR3-,MS,CSF_8,GCTGGGTGTTGTTTGG-1,-0.29997119987097626
CXCR3-,MS,CSF_8,GCTTCCACAGTATAAG-1,-0.29997119987097626
CXCR3+,MS,CSF_8,GCTTCCAGTAGCGCAA-1,0.7817836927079121
CXCR3+,MS,CSF_8,GCTTCCAGTGAGGCTA-1,0.6216189729641796
CXCR3-,MS,CSF_8,GGAACTTAGGCAATTA-1,0.012261138593086767
CXCR3-,MS,CSF_8,GGACAAGGTCATGCAT-1,-0.29997119987097626
CXCR3+,MS,CSF_8,GGACAAGGTTTCGCTC-1,-0.06033191500858973
CXCR3-,MS,CSF_8,GGACAAGTCACAACGT-1,0.6292152661784362
CXCR3+,MS,CSF_8,GGACAGACAGGGAGAG-1,0.37790381683117596
CXCR3-,MS,CSF_8,GGACATTAGAAGGTTT-1,-0.29997119987097626
CXCR3-,MS,CSF_8,GGACATTCATTGTGCA-1,-0.29997119987097626
CXCR3+,MS,CSF_8,GGACGTCCATTGGCGC-1,0.13525446409498912
CXCR3-,MS,CSF_8,GGAGCAAGTGCCTTGG-1,-0.29997119987097626
CXCR3-,MS,CSF_8,GGATTACCATCACGAT-1,1.2250861290168253
CXCR3-,MS,CSF_8,GGCAATTGTTACGGAG-1,-0.29997119987097626
CXCR3+,MS,CSF_8,GGCAATTTCCAAATGC-1,-0.19710320451359067
CXCR3-,MS,CSF_8,GGCTGGTGTACAGACG-1,-0.16764438219837832
CXCR3+,MS,CSF_8,GGCTGGTGTTCATGGT-1,-0.29997119987097626
CXCR3-,MS,CSF_8,GGCTGGTTCTGTTGAG-1,0.020925805838897218
CXCR3-,MS,CSF_8,GGGAGATTCTACCTGC-1,0.303523870326706
CXCR3+,MS,CSF_8,GGGATGAGTTACCAGT-1,0.3637382545013623
CXCR3-,MS,CSF_8,GGGCACTCATCTATGG-1,-0.29997119987097626
CXCR3+,MS,CSF_8,GGGCACTTCAAGGTAA-1,0.0973336040888868
CXCR3-,MS,CSF_8,GGGCATCGTTCAGACT-1,-0.11139826268578419
CXCR3+,MS,CSF_8,GGGCATCTCCACGCAG-1,0.363625950351619
CXCR3+,MS,CSF_8,GGGTCTGGTAGCGATG-1,0.05707034871777972
CXCR3-,MS,CSF_8,GGGTTGCCACCCATTC-1,-0.002285326225395504
CXCR3-,MS,CSF_8,GGTATTGGTGTTGAGG-1,-0.29997119987097626
CXCR3-,MS,CSF_8,GGTGAAGCAATAACGA-1,-0.00024115865577669014
CXCR3+,MS,CSF_8,GGTGAAGGTGCAACTT-1,-0.16632500407907908
CXCR3+,MS,CSF_8,GGTGCGTTCACCACCT-1,-0.005661658106120309
CXCR3-,MS,CSF_8,GTACTTTGTGACCAAG-1,0.07986165030474544
CXCR3+,MS,CSF_8,GTAGGCCCACATCTTT-1,-0.29997119987097626
CXCR3+,MS,CSF_8,GTCACAACACTGTTAG-1,0.007244447753664999
CXCR3-,MS,CSF_8,GTCACAATCCTTTCGG-1,-0.29997119987097626
CXCR3-,MS,CSF_8,GTCACAATCGCGCCAA-1,-0.29997119987097626
CXCR3+,MS,CSF_8,GTCACGGAGAGACTAT-1,0.244837304143982
CXCR3+,MS,CSF_8,GTCATTTTCGTACCGG-1,0.3454006355689338
CXCR3-,MS,CSF_8,GTCCTCAAGATTACCC-1,0.6825919690476087
CXCR3-,MS,CSF_8,GTCCTCAAGGCTCAGA-1,-0.09394030993366467
CXCR3-,MS,CSF_8,GTCCTCATCAGTCCCT-1,-0.29997119987097626
CXCR3-,MS,CSF_8,GTCCTCATCTGCTGTC-1,0.0874679303170071
CXCR3-,MS,CSF_8,GTCGGGTAGTGGTAGC-1,0.09187404910293838
CXCR3-,MS,CSF_8,GTCGTAACAGGATCGA-1,0.04679858604347209
CXCR3+,MS,CSF_8,GTCTCGTGTTCCCTTG-1,0.1870105330142849
CXCR3+,MS,CSF_8,GTCTTCGAGAGTCGGT-1,0.1103452206614791
CXCR3+,MS,CSF_8,GTCTTCGGTGAACCTT-1,0.16772062653271907
CXCR3-,MS,CSF_8,GTGCATATCATGCAAC-1,-0.057018187940197605
CXCR3-,MS,CSF_8,GTGCGGTAGATATGGT-1,0.37412975678007904
CXCR3+,MS,CSF_8,GTGCGGTGTCCCTTGT-1,0.29915057334293654
CXCR3-,MS,CSF_8,GTGCGGTGTTGCTCCT-1,-0.29997119987097626
CXCR3+,MS,CSF_8,GTGCTTCCAGAGTGTG-1,0.15336020116391127
CXCR3+,MS,CSF_8,GTGCTTCCATGTTCCC-1,-0.13442528355919078
CXCR3+,MS,CSF_8,GTGCTTCTCACGACTA-1,0.36042772099016546
CXCR3+,MS,CSF_8,GTTAAGCTCGCAAGCC-1,0.25535141932018984
CXCR3-,MS,CSF_8,GTTACAGTCCAGTATG-1,0.38834760777457145
CXCR3-,MS,CSF_8,GTTCATTCACCAGGCT-1,-0.29997119987097626
CXCR3+,MS,CSF_8,GTTTCTAAGCTGAACG-1,0.7976196545308268
CXCR3+,MS,CSF_8,GTTTCTACACCACGTG-1,0.0189502935654658
CXCR3+,MS,CSF_8,GTTTCTATCCGTACAA-1,-0.29997119987097626
CXCR3-,MS,CSF_8,TAAACCGAGTGAACAT-1,-0.1242802098399624
CXCR3-,MS,CSF_8,TAAACCGCACGCTTTC-1,0.41712722464676677
CXCR3-,MS,CSF_8,TAAACCGGTGTGGTTT-1,0.3957314047579044
CXCR3-,MS,CSF_8,TAAACCGGTTTGACTG-1,0.041358666765327845
CXCR3-,MS,CSF_8,TAAGAGAAGGTTACCT-1,0.09459464153239763
CXCR3-,MS,CSF_8,TAAGAGAGTTAGGGTG-1,0.1460733401715482
CXCR3-,MS,CSF_8,TAAGCGTAGGCAATTA-1,-0.29997119987097626
CXCR3+,MS,CSF_8,TAAGCGTGTCTGCCAG-1,0.14133561684800017
CXCR3-,MS,CSF_8,TAAGCGTTCTTCTGGC-1,0.9505119794583078
CXCR3-,MS,CSF_8,TACACGAAGTTGTCGT-1,-0.11042026782616003
CXCR3-,MS,CSF_8,TACACGAGTGAGGCTA-1,0.12369934496602451
CXCR3-,MS,CSF_8,TACACGAGTTGCGTTA-1,-0.1353321539818339
CXCR3-,MS,CSF_8,TACAGTGAGTGTTAGA-1,0.43597773831042985
CXCR3-,MS,CSF_8,TACAGTGCATTACCTT-1,-0.00806690641041952
CXCR3-,MS,CSF_8,TACCTATCAGCGTTCG-1,-0.29997119987097626
CXCR3-,MS,CSF_8,TACCTTACAAGCCTAT-1,-0.29997119987097626
CXCR3-,MS,CSF_8,TACCTTAGTAAAGGAG-1,0.39422686069604956
CXCR3-,MS,CSF_8,TACCTTATCACTTACT-1,-0.29997119987097626
CXCR3+,MS,CSF_8,TACCTTATCCAAAGTC-1,0.42451488498249523
CXCR3-,MS,CSF_8,TACGGATGTCTGATCA-1,0.05372627845999932
CXCR3+,MS,CSF_8,TACGGATTCCCGACTT-1,0.041197095328440216
CXCR3-,MS,CSF_8,TACGGGCAGGTGCTTT-1,0.0911065029949227
CXCR3-,MS,CSF_8,TACGGGCTCAGCACAT-1,-0.29997119987097626
CXCR3+,MS,CSF_8,TACGGTATCCTCAATT-1,0.11946985322802105
CXCR3+,MS,CSF_8,TACTCATAGAGCTATA-1,-0.16175481257054442
CXCR3-,MS,CSF_8,TACTCATAGCTGGAAC-1,-0.06184157557014177
CXCR3+,MS,CSF_8,TACTCATCAGGACGTA-1,0.06349934625754856
CXCR3-,MS,CSF_8,TACTTACCAATAAGCA-1,0.24696118876135814
CXCR3+,MS,CSF_8,TACTTACTCTCTAGGA-1,0.12096487165013235
CXCR3-,MS,CSF_8,TAGACCAGTCATCGGC-1,0.3459945457058223
CXCR3-,MS,CSF_8,TAGAGCTAGGAGTAGA-1,-0.29997119987097626
CXCR3-,MS,CSF_8,TAGTGGTCAGCTTAAC-1,0.15112891292304645
CXCR3-,MS,CSF_8,TAGTGGTCATGCCACG-1,-0.128809498780843
CXCR3-,MS,CSF_8,TAGTTGGCAACTGCTA-1,-0.07847890517808247
CXCR3-,MS,CSF_8,TAGTTGGGTCTCTTAT-1,-0.29997119987097626
CXCR3+,MS,CSF_8,TATCAGGCATCTCCCA-1,0.30513678353800444
CXCR3+,MS,CSF_8,TATCAGGTCTACTATC-1,0.1604091505111857
CXCR3+,MS,CSF_8,TCAACGAGTTGTGGCC-1,0.7561965355780461
CXCR3-,MS,CSF_8,TCAATCTAGGCTAGCA-1,0.7772374763957136
CXCR3+,MS,CSF_8,TCAATCTTCCGCTGTT-1,0.26611912155704687
CXCR3-,MS,CSF_8,TCACAAGCACTGTTAG-1,-0.29997119987097626
CXCR3+,MS,CSF_8,TCACGAAAGTGTTAGA-1,0.01731687293262474
CXCR3+,MS,CSF_8,TCAGCTCAGGAATCGC-1,0.4236510749973859
CXCR3-,MS,CSF_8,TCAGGATGTCTCTCTG-1,0.3703227767436824
CXCR3+,MS,CSF_8,TCAGGATGTCTTGTCC-1,0.44731269538302537
CXCR3-,MS,CSF_8,TCAGGTAAGATATGCA-1,1.1579988912846948
CXCR3+,MS,CSF_8,TCAGGTATCTGAGTGT-1,-0.29997119987097626
CXCR3-,MS,CSF_8,TCATTACCACCGTTGG-1,0.10319722707130767
CXCR3+,MS,CSF_8,TCATTTGAGACTTGAA-1,-0.0751733954031151
CXCR3+,MS,CSF_8,TCCACACCAAGTAGTA-1,-0.29997119987097626
CXCR3-,MS,CSF_8,TCCACACTCCACGACG-1,-0.29997119987097626
CXCR3-,MS,CSF_8,TCCACACTCGCCCTTA-1,0.38030548966676364
CXCR3+,MS,CSF_8,TCCCGATAGCGCCTCA-1,0.4223499580592132
CXCR3-,MS,CSF_8,TCCCGATCAAGCCCAC-1,-0.29997119987097626
CXCR3+,MS,CSF_8,TCCCGATCACACATGT-1,0.01060506901222146
CXCR3-,MS,CSF_8,TCGAGGCCATTAGCCA-1,1.078812564007839
CXCR3-,MS,CSF_8,TCGCGAGAGGCAGTCA-1,-0.29997119987097626
CXCR3+,MS,CSF_8,TCGGGACCACGACGAA-1,0.2916204318095502
CXCR3+,MS,CSF_8,TCGGGACTCTTGCAAG-1,-0.29997119987097626
CXCR3+,MS,CSF_8,TCGGTAAGTTCAACCA-1,-0.19735000256667204
CXCR3+,MS,CSF_8,TCGTACCAGCATGGCA-1,0.07383880837910943
CXCR3+,MS,CSF_8,TCGTACCAGCCCAGCT-1,0.20854481521275287
CXCR3-,MS,CSF_8,TCGTACCGTAGCGATG-1,0.5631347489719881
CXCR3+,MS,CSF_8,TCGTAGAAGTGGGCTA-1,0.08058322452675244
CXCR3+,MS,CSF_8,TCTATTGCAAGTAATG-1,-0.29997119987097626
CXCR3+,MS,CSF_8,TCTATTGGTGGCCCTA-1,-0.1910859910857867
CXCR3-,MS,CSF_8,TCTCATAGTACTCAAC-1,0.16764524144951895
CXCR3-,MS,CSF_8,TCTCATAGTTGGTAAA-1,-0.08275077921106168
CXCR3-,MS,CSF_8,TCTCTAACACAACGTT-1,-0.29997119987097626
CXCR3-,MS,CSF_8,TCTCTAACAGGTGGAT-1,-0.22244381131721075
CXCR3+,MS,CSF_8,TCTGAGAGTTTGACTG-1,-0.050896821821930775
CXCR3-,MS,CSF_8,TCTGGAATCGCAAGCC-1,-0.29997119987097626
CXCR3-,MS,CSF_8,TCTTCGGGTCAAAGAT-1,0.06702555776666677
CXCR3+,MS,CSF_8,TGACAACGTGCAGACA-1,0.5090423316887672
CXCR3+,MS,CSF_8,TGACGGCAGGACCACA-1,-0.29997119987097626
CXCR3+,MS,CSF_8,TGACGGCAGGTGACCA-1,1.5216654720880032
CXCR3-,MS,CSF_8,TGACGGCCAACACCCG-1,-0.29997119987097626
CXCR3+,MS,CSF_8,TGACGGCCACAGATTC-1,0.5807491279750217
CXCR3-,MS,CSF_8,TGACGGCGTCGCATCG-1,-0.09409384594659663
CXCR3-,MS,CSF_8,TGACGGCTCCTTTACA-1,-0.12478703104662023
CXCR3+,MS,CSF_8,TGACTAGAGGGAGTAA-1,0.0695170330420202
CXCR3-,MS,CSF_8,TGACTTTCAATCCGAT-1,-0.29997119987097626
CXCR3-,MS,CSF_8,TGACTTTGTAGCTTGT-1,0.1281054651909373
CXCR3-,MS,CSF_8,TGACTTTGTATAGTAG-1,0.13898084725125856
CXCR3-,MS,CSF_8,TGAGCCGGTACTTAGC-1,0.009110727173484283
CXCR3-,MS,CSF_8,TGAGGGATCAGGATCT-1,-0.29997119987097626
CXCR3+,MS,CSF_8,TGAGGGATCCTCCTAG-1,-0.29997119987097626
CXCR3-,MS,CSF_8,TGCACCTCACCACCAG-1,-0.059465061842616844
CXCR3+,MS,CSF_8,TGCACCTTCAGGCAAG-1,0.3682828559011151
CXCR3+,MS,CSF_8,TGCCCTAGTGTAAGTA-1,0.45966072609358416
CXCR3+,MS,CSF_8,TGCGCAGAGTAAGTAC-1,-0.07201991125181124
CXCR3+,MS,CSF_8,TGCGCAGTCAATCTCT-1,0.37042990842624185
CXCR3-,MS,CSF_8,TGCGCAGTCATTATCC-1,0.5574024904996556
CXCR3+,MS,CSF_8,TGCGGGTGTTCCGGCA-1,0.3543302152236411
CXCR3+,MS,CSF_8,TGCGGGTTCCAAAGTC-1,-0.29997119987097626
CXCR3+,MS,CSF_8,TGCGTGGAGTTACCCA-1,0.13950919186191382
CXCR3-,MS,CSF_8,TGCTACCTCGCCTGTT-1,-0.009387202997367065
CXCR3+,MS,CSF_8,TGCTACCTCGGAAACG-1,0.3122509257375862
CXCR3-,MS,CSF_8,TGCTGCTCAGCTGCAC-1,-0.29997119987097626
CXCR3+,MS,CSF_8,TGCTGCTTCTCGGACG-1,0.46228040357248856
CXCR3+,MS,CSF_8,TGGACGCGTAGAGGAA-1,0.2831676180322499
CXCR3+,MS,CSF_8,TGGCCAGTCGTGGGAA-1,0.37789184891840943
CXCR3-,MS,CSF_8,TGGCGCAGTAAGTGTA-1,-0.29997119987097626
CXCR3-,MS,CSF_8,TGGTTAGAGAGGTTAT-1,0.10875917451072621
CXCR3+,MS,CSF_8,TGGTTAGGTGCACCAC-1,-0.01287202039707929
CXCR3+,MS,CSF_8,TGGTTCCAGACTAAGT-1,0.18131092462274395
CXCR3+,MS,CSF_8,TGGTTCCCAGAGTGTG-1,1.0761503808607853
CXCR3-,MS,CSF_8,TGTATTCGTCTGGTCG-1,0.2398441791618302
CXCR3+,MS,CSF_8,TGTATTCTCAACGCTA-1,-0.29997119987097626
CXCR3-,MS,CSF_8,TGTCCCACAAGCCGTC-1,0.03278167318543141
CXCR3+,MS,CSF_8,TGTGGTAGTGTTCTTT-1,0.1998349126262657
CXCR3-,MS,CSF_8,TGTGTTTAGAGGTTGC-1,-0.29997119987097626
CXCR3-,MS,CSF_8,TGTGTTTGTAGCGCAA-1,0.018987121087349366
CXCR3+,MS,CSF_8,TGTTCCGGTCCGCTGA-1,-0.29997119987097626
CXCR3+,MS,CSF_8,TGTTCCGTCAACGGCC-1,0.7759785328332176
CXCR3+,MS,CSF_8,TTAGGACCAGGGTATG-1,0.4897837625725094
CXCR3-,MS,CSF_8,TTAGGACCATTTCACT-1,0.47817072813190614
CXCR3+,MS,CSF_8,TTAGTTCAGTGGAGAA-1,0.7341219878647162
CXCR3-,MS,CSF_8,TTAGTTCTCAACACTG-1,0.7382405876925355
CXCR3+,MS,CSF_8,TTAGTTCTCTATGTGG-1,0.18395905192115772
CXCR3+,MS,CSF_8,TTCGAAGAGCTGATAA-1,0.3476262527884194
CXCR3+,MS,CSF_8,TTCGAAGCAGACGTAG-1,0.2089781862397058
CXCR3-,MS,CSF_8,TTCGGTCTCTCTGTCG-1,0.19333328814516246
CXCR3+,MS,CSF_8,TTCTACACAGACGCCT-1,0.061917547900445076
CXCR3+,MS,CSF_8,TTCTCAATCAAACCGT-1,-0.02064000329273532
CXCR3-,MS,CSF_8,TTCTCCTTCAGTCCCT-1,-0.29997119987097626
CXCR3-,MS,CSF_8,TTCTCCTTCCAGGGCT-1,-0.29997119987097626
CXCR3+,MS,CSF_8,TTCTCCTTCTCTGAGA-1,-0.19711305313358457
CXCR3-,MS,CSF_8,TTCTTAGAGAAACCGC-1,-0.16097441446711705
CXCR3-,MS,CSF_8,TTGAACGGTCCTCCAT-1,-0.29997119987097626
CXCR3+,MS,CSF_8,TTGACTTAGGCATTGG-1,-0.07660111471201005
CXCR3-,MS,CSF_8,TTGACTTGTGCCTGCA-1,0.2015802505746138
CXCR3+,MS,CSF_8,TTGACTTTCACCTTAT-1,0.13536488108952965
CXCR3-,MS,CSF_8,TTGCCGTAGGCTAGCA-1,1.1551142338328773
CXCR3-,MS,CSF_8,TTGGAACAGCACACAG-1,-0.17529022951595774
CXCR3+,MS,CSF_8,TTGGAACCACGAGAGT-1,-0.29997119987097626
CXCR3+,MS,CSF_8,TTGGCAAAGATGCCAG-1,-0.29997119987097626
CXCR3-,MS,CSF_8,TTGTAGGAGAAACCAT-1,-0.29997119987097626
CXCR3-,MS,CSF_8,TTGTAGGTCCGCATAA-1,0.5574131860841052
CXCR3+,MS,CSF_8,TTTATGCAGTCCGTAT-1,-0.29997119987097626
CXCR3+,MS,CSF_8,TTTATGCCACCGAATT-1,0.011395115240545456
CXCR3-,MS,CSF_8,TTTATGCCACCGATAT-1,-0.29997119987097626
CXCR3+,MS,CSF_8,TTTATGCGTGGAAAGA-1,-0.09394030993366467
CXCR3-,MS,CSF_8,TTTCCTCTCCGCGGTA-1,-0.29997119987097626
CXCR3-,MS,CSF_8,TTTGCGCGTATAGTAG-1,-0.16275332256198843
CXCR3+,MS,CSF_8,TTTGCGCGTTCGTTGA-1,1.0572620010445217
CXCR3+,MS,CSF_8,TTTGTCATCTTACCTA-1,-0.004741250325578943
CXCR3-,MS,CSF_9,AAACCTGCAGTGAGTG-1,0.02389821682263915
CXCR3-,MS,CSF_9,AAAGATGAGTACGTTC-1,-0.29997119987097626
CXCR3-,MS,CSF_9,AAAGATGCAGATGGCA-1,-0.29997119987097626
CXCR3-,MS,CSF_9,AAAGTAGCACACAGAG-1,-0.03770424082573579
CXCR3-,MS,CSF_9,AACCGCGAGCAATATG-1,0.19881595771348254
CXCR3-,MS,CSF_9,AACCGCGGTTAAGTAG-1,0.16549111981622075
CXCR3+,MS,CSF_9,AACCGCGGTTTCGCTC-1,0.4791354445679394
CXCR3+,MS,CSF_9,AACGTTGAGGACATTA-1,0.503176725738139
CXCR3-,MS,CSF_9,AACTCTTTCTATCCCG-1,0.08164944695194103
CXCR3-,MS,CSF_9,AACTTTCCAGACTCGC-1,-0.11865821460359528
CXCR3+,MS,CSF_9,AAGACCTGTCCTAGCG-1,0.16385721509986922
CXCR3-,MS,CSF_9,AAGGCAGTCTTGAGAC-1,0.1918675100132208
CXCR3-,MS,CSF_9,AAGGTTCAGAGTACAT-1,0.8364404130987666
CXCR3-,MS,CSF_9,AAGTCTGTCGGATGGA-1,1.098540697270871
CXCR3+,MS,CSF_9,AATCCAGTCAACACCA-1,-0.18592385875428458
CXCR3+,MS,CSF_9,ACACCCTTCCTTTACA-1,0.7079885439764908
CXCR3-,MS,CSF_9,ACACCGGAGCGAGAAA-1,0.15646153257896114
CXCR3-,MS,CSF_9,ACAGCCGAGACTCGGA-1,0.7651003620804548
CXCR3+,MS,CSF_9,ACAGCCGAGTAGGTGC-1,-0.11704594019534421
CXCR3-,MS,CSF_9,ACAGCCGGTGAGGGAG-1,-0.29997119987097626
CXCR3-,MS,CSF_9,ACAGCCGTCAGAGCTT-1,0.009544711427915385
CXCR3+,MS,CSF_9,ACAGCTAGTCTCCACT-1,-0.05135684332001165
CXCR3+,MS,CSF_9,ACATACGGTAAGTGTA-1,0.3766421642477904
CXCR3-,MS,CSF_9,ACATCAGAGCTCAACT-1,0.36517500586969714
CXCR3-,MS,CSF_9,ACATCAGTCGAATGCT-1,0.049202739531939356
CXCR3+,MS,CSF_9,ACCAGTACATGCCACG-1,-0.006365863313751096
CXCR3-,MS,CSF_9,ACCCACTCATTACGAC-1,-0.09894917605569607
CXCR3-,MS,CSF_9,ACCGTAAGTTGCGTTA-1,0.44188425071598403
CXCR3+,MS,CSF_9,ACCTTTAGTTCTCATT-1,0.17516741773406835
CXCR3-,MS,CSF_9,ACCTTTATCTTTAGGG-1,-0.01054474254847647
CXCR3+,MS,CSF_9,ACGATACCACACCGCA-1,-0.08746695034110065
CXCR3-,MS,CSF_9,ACGCAGCAGTGGGTTG-1,-0.09703680546187551
CXCR3+,MS,CSF_9,ACGCAGCGTGACGGTA-1,0.27409970137196943
CXCR3+,MS,CSF_9,ACGCCAGAGCGATGAC-1,-0.29997119987097626
CXCR3-,MS,CSF_9,ACGCCGACATTCACTT-1,-0.02234428893126639
CXCR3-,MS,CSF_9,ACGGAGAGTGAAATCA-1,0.026988211642435842
CXCR3-,MS,CSF_9,ACGGAGATCCTTGGTC-1,0.08771032729163857
CXCR3-,MS,CSF_9,ACGGCCAAGGCATTGG-1,0.4602698152202135
CXCR3+,MS,CSF_9,ACGGCCAGTCTGATTG-1,0.15164377001479643
CXCR3+,MS,CSF_9,ACGGGTCGTGCTTCTC-1,0.44132464973524393
CXCR3-,MS,CSF_9,ACTATCTCACCAGGTC-1,-0.12568276479586463
CXCR3-,MS,CSF_9,ACTATCTGTCTAGCGC-1,0.2587952683683203
CXCR3-,MS,CSF_9,ACTGAGTAGTTCCACA-1,-0.05098747090986088
CXCR3-,MS,CSF_9,ACTGATGAGCGTTGCC-1,-0.29997119987097626
CXCR3-,MS,CSF_9,ACTGATGTCACTGGGC-1,-0.29997119987097626
CXCR3+,MS,CSF_9,ACTGATGTCAGAAATG-1,0.1621555158335994
CXCR3-,MS,CSF_9,ACTGCTCAGACCCACC-1,-0.013846631133318429
CXCR3+,MS,CSF_9,ACTTGTTTCCCTCAGT-1,0.002783955018623163
CXCR3+,MS,CSF_9,ACTTTCACAGCATACT-1,-0.29997119987097626
CXCR3-,MS,CSF_9,ACTTTCACATCGACGC-1,0.07839854824895584
CXCR3-,MS,CSF_9,ACTTTCATCTAACTCT-1,-0.29997119987097626
CXCR3-,MS,CSF_9,AGAATAGTCACGCGGT-1,0.5316738912945788
CXCR3-,MS,CSF_9,AGACGTTCAAGGTTTC-1,0.16349639485219417
CXCR3-,MS,CSF_9,AGACGTTGTCTGCCAG-1,-0.14879410955356517
CXCR3-,MS,CSF_9,AGAGCGATCCAACCAA-1,-0.117355682549614
CXCR3-,MS,CSF_9,AGAGTGGAGATAGCAT-1,0.2436729268917482
CXCR3-,MS,CSF_9,AGAGTGGCAGGGCATA-1,0.15890167494829763
CXCR3-,MS,CSF_9,AGATCTGAGAGGTAGA-1,-0.29997119987097626
CXCR3-,MS,CSF_9,AGATCTGTCACAATGC-1,0.1068730281960165
CXCR3-,MS,CSF_9,AGATTGCTCCGGGTGT-1,0.4445021395490163
CXCR3-,MS,CSF_9,AGCGTATAGGCGCTCT-1,-0.12131131507756723
CXCR3-,MS,CSF_9,AGCGTATGTCGGGTCT-1,-0.09458115315315761
CXCR3-,MS,CSF_9,AGCGTCGCACTATCTT-1,-0.29997119987097626
CXCR3+,MS,CSF_9,AGCTCTCCAGCCTTGG-1,0.5298295808413072
CXCR3-,MS,CSF_9,AGCTTGACACTTCTGC-1,0.11625680731018646
CXCR3+,MS,CSF_9,AGGCCACAGCCAGTAG-1,0.8359647273342856
CXCR3-,MS,CSF_9,AGGCCGTCAAACCTAC-1,0.28000014293001624
CXCR3-,MS,CSF_9,AGGGAGTTCCTGCAGG-1,0.08240033857256014
CXCR3+,MS,CSF_9,AGGGTGAGTCTGGAGA-1,0.17941749083510022
CXCR3-,MS,CSF_9,AGGTCCGAGCCTCGTG-1,-0.016709812183869417
CXCR3+,MS,CSF_9,AGTAGTCAGTTAACGA-1,0.8475159299475029
CXCR3-,MS,CSF_9,AGTCTTTTCGAATGGG-1,0.2141526617377216
CXCR3-,MS,CSF_9,AGTGGGATCTGATACG-1,0.09397569651082714
CXCR3-,MS,CSF_9,AGTGTCAAGAGTAAGG-1,-0.29997119987097626
CXCR3-,MS,CSF_9,AGTTGGTCAGACAAAT-1,-0.08906788514774956
CXCR3-,MS,CSF_9,ATAACGCAGAGCTGGT-1,0.9075610498797504
CXCR3-,MS,CSF_9,ATAAGAGAGCAGCCTC-1,-0.29997119987097626
CXCR3+,MS,CSF_9,ATCATCTAGTGTCCCG-1,-0.29997119987097626
CXCR3-,MS,CSF_9,ATCATGGAGAAGGACA-1,0.014511078876508552
CXCR3-,MS,CSF_9,ATCATGGGTGTAATGA-1,-0.29997119987097626
CXCR3+,MS,CSF_9,ATCCACCGTACTCGCG-1,0.20491261541845396
CXCR3-,MS,CSF_9,ATCCGAACATCGGTTA-1,0.8370492578960852
CXCR3-,MS,CSF_9,ATCCGAAGTCTGCGGT-1,0.07729655247809622
CXCR3-,MS,CSF_9,ATCCGAATCTGAAAGA-1,0.26279788883509597
CXCR3+,MS,CSF_9,ATCGAGTAGAGCCCAA-1,-0.1746536898194993
CXCR3-,MS,CSF_9,ATCGAGTAGGGTTTCT-1,-0.29997119987097626
CXCR3-,MS,CSF_9,ATGAGGGCACAACTGT-1,0.23295465272866614
CXCR3+,MS,CSF_9,ATGAGGGGTTCAGGCC-1,0.14758233513696095
CXCR3+,MS,CSF_9,ATGCGATGTCCCTTGT-1,-0.047538445139849096
CXCR3-,MS,CSF_9,ATGGGAGCACCACCAG-1,-0.14765588028395435
CXCR3-,MS,CSF_9,ATGGGAGTCTGCAAGT-1,0.08999038212043926
CXCR3+,MS,CSF_9,ATGTGTGCAGCTCCGA-1,0.7223138866295641
CXCR3-,MS,CSF_9,ATTATCCAGACTTTCG-1,0.045903293865414474
CXCR3-,MS,CSF_9,ATTATCCGTCCGTCAG-1,-0.10190167961797246
CXCR3-,MS,CSF_9,ATTCTACAGCATGGCA-1,0.04287868542153116
CXCR3+,MS,CSF_9,ATTCTACCACGTGAGA-1,-0.00932879266832974
CXCR3-,MS,CSF_9,ATTCTACGTATAGGGC-1,-0.16454582621220343
CXCR3-,MS,CSF_9,ATTCTACGTGCAACTT-1,-0.29997119987097626
CXCR3-,MS,CSF_9,ATTGGACGTCATATGC-1,-0.08234340016331967
CXCR3-,MS,CSF_9,ATTGGACTCAGCTTAG-1,0.2162171377659463
CXCR3-,MS,CSF_9,ATTGGACTCCGAGCCA-1,-0.29997119987097626
CXCR3+,MS,CSF_9,ATTGGTGGTACCGTAT-1,0.30627448062123974
CXCR3+,MS,CSF_9,ATTGGTGTCCCTAACC-1,0.04722028284299218
CXCR3-,MS,CSF_9,ATTTCTGAGAATGTGT-1,0.16561527506761947
CXCR3-,MS,CSF_9,ATTTCTGTCGACGGAA-1,0.18049586099559303
CXCR3+,MS,CSF_9,CAACCTCAGACCGGAT-1,0.12502167153373486
CXCR3-,MS,CSF_9,CAACCTCCACGAAATA-1,0.050852400003480173
CXCR3-,MS,CSF_9,CAACTAGAGTTACCCA-1,0.0004588794472396177
CXCR3-,MS,CSF_9,CAAGATCAGGGTCTCC-1,-0.29997119987097626
CXCR3-,MS,CSF_9,CAAGATCGTACAGTGG-1,0.6374011669678749
CXCR3-,MS,CSF_9,CAAGATCGTTAAGGGC-1,0.02298342349948603
CXCR3-,MS,CSF_9,CAAGGCCCAGGAATCG-1,-0.29997119987097626
CXCR3-,MS,CSF_9,CAAGTTGAGAGTGACC-1,-0.16471993136274574
CXCR3-,MS,CSF_9,CACACAACATTGTGCA-1,0.5519795749068322
CXCR3-,MS,CSF_9,CACACTCAGATGTCGG-1,0.0001919297727525558
CXCR3-,MS,CSF_9,CACAGTAGTCCATGAT-1,-0.29997119987097626
CXCR3-,MS,CSF_9,CACATAGCATGGGACA-1,0.10293672605550803
CXCR3-,MS,CSF_9,CACATTTGTGCCTGTG-1,-0.10934548481914927
CXCR3-,MS,CSF_9,CACATTTTCCATGAAC-1,0.6304238274571909
CXCR3+,MS,CSF_9,CACCACTGTTGGTAAA-1,-0.29997119987097626
CXCR3-,MS,CSF_9,CACCAGGAGCCCAATT-1,-0.08624267290246848
CXCR3-,MS,CSF_9,CACCTTGTCAGAGACG-1,0.19972279681850513
CXCR3-,MS,CSF_9,CACTCCAAGTCGCCGT-1,0.3037334410365918
CXCR3-,MS,CSF_9,CAGAATCCAATGCCAT-1,-0.29997119987097626
CXCR3-,MS,CSF_9,CAGAATCGTCGACTGC-1,0.2616073738275048
CXCR3-,MS,CSF_9,CAGAGAGAGCCATCGC-1,0.017131188951105467
CXCR3-,MS,CSF_9,CAGAGAGGTGTGACCC-1,0.37828475119318233
CXCR3-,MS,CSF_9,CAGATCAAGGTCATCT-1,0.07611538389891313
CXCR3-,MS,CSF_9,CAGCATAGTAGATTAG-1,0.12498127087719804
CXCR3+,MS,CSF_9,CAGCTAAAGACTAAGT-1,0.2254435001543946
CXCR3-,MS,CSF_9,CAGCTAAAGGTGATTA-1,0.4728061119358209
CXCR3-,MS,CSF_9,CAGCTGGAGTAATCCC-1,-0.0841211310522673
CXCR3-,MS,CSF_9,CAGTAACGTAAATGAC-1,-0.036233768888533475
CXCR3-,MS,CSF_9,CAGTCCTCACGCCAGT-1,-0.06087135183791779
CXCR3-,MS,CSF_9,CATATGGTCGGCCGAT-1,-0.29997119987097626
CXCR3-,MS,CSF_9,CATATTCAGCCACCTG-1,-0.29997119987097626
CXCR3-,MS,CSF_9,CATATTCCATACTCTT-1,0.05763999040608308
CXCR3-,MS,CSF_9,CATATTCTCATAAAGG-1,0.41296637958272225
CXCR3+,MS,CSF_9,CATCGAAAGATAGCAT-1,-0.29997119987097626
CXCR3+,MS,CSF_9,CATCGAAGTTTGTTGG-1,0.5985843417958171
CXCR3-,MS,CSF_9,CATCGGGAGATAGCAT-1,-0.09555243806945042
CXCR3+,MS,CSF_9,CATGGCGCACAGATTC-1,0.29765618044631614
CXCR3+,MS,CSF_9,CATTCGCGTATGCTTG-1,0.6163913995929822
CXCR3-,MS,CSF_9,CATTCGCTCCTTGGTC-1,-0.29997119987097626
CXCR3+,MS,CSF_9,CCAGCGAGTGAGCGAT-1,0.6029049307789778
CXCR3-,MS,CSF_9,CCAGCGATCTTCCTTC-1,0.0726697578638308
CXCR3-,MS,CSF_9,CCCAATCGTTCCGGCA-1,-0.29997119987097626
CXCR3-,MS,CSF_9,CCCAGTTCACCTCGTT-1,-0.13841301230544945
CXCR3+,MS,CSF_9,CCCTCCTAGGGTTTCT-1,-0.0054141597868003445
CXCR3-,MS,CSF_9,CCGGGATCAACTTGAC-1,0.7609690602563993
CXCR3+,MS,CSF_9,CCGGGATTCACCTCGT-1,-0.05908755942800483
CXCR3+,MS,CSF_9,CCGGTAGTCTCTGCTG-1,0.24632136335139862
CXCR3-,MS,CSF_9,CCGTACTCACCCAGTG-1,0.29090252934810235
CXCR3+,MS,CSF_9,CCGTGGAAGACACGAC-1,-0.29997119987097626
CXCR3-,MS,CSF_9,CCGTTCAGTGCCTGCA-1,0.37010805020381626
CXCR3-,MS,CSF_9,CCTACCAAGCGCTTAT-1,-0.058444831690855105
CXCR3-,MS,CSF_9,CCTAGCTGTCTCTTTA-1,0.16061762703946122
CXCR3-,MS,CSF_9,CCTAGCTTCTGGCGTG-1,-0.29997119987097626
CXCR3-,MS,CSF_9,CCTCTGATCGGCGCAT-1,0.9140417278767765
CXCR3-,MS,CSF_9,CCTTACGCACAGACAG-1,-0.06305814256996453
CXCR3-,MS,CSF_9,CCTTCGATCTGTCAAG-1,0.03077687256547912
CXCR3-,MS,CSF_9,CCTTTCTGTACATGTC-1,-0.07133420848581612
CXCR3-,MS,CSF_9,CGAACATCATATACGC-1,0.16759746938407266
CXCR3-,MS,CSF_9,CGAACATTCCTACAGA-1,0.04401434225559098
CXCR3-,MS,CSF_9,CGAATGTTCACTCTTA-1,0.07970647398910899
CXCR3-,MS,CSF_9,CGAATGTTCAGATAAG-1,0.15979448903122198
CXCR3-,MS,CSF_9,CGACCTTAGGTGTGGT-1,0.00768760495613785
CXCR3-,MS,CSF_9,CGACCTTTCGTTTGCC-1,-0.29997119987097626
CXCR3+,MS,CSF_9,CGAGCACGTCTGCGGT-1,-0.16084695613577085
CXCR3-,MS,CSF_9,CGAGCCACAAGTCTAC-1,-0.016215704960150668
CXCR3+,MS,CSF_9,CGAGCCACACTGAAGG-1,-0.11024352934965873
CXCR3-,MS,CSF_9,CGATGGCGTATCACCA-1,0.038050480244008776
CXCR3+,MS,CSF_9,CGATTGATCGTTTATC-1,0.061650128219382636
CXCR3-,MS,CSF_9,CGCCAAGTCCAAACTG-1,-0.1547628865179805
CXCR3-,MS,CSF_9,CGCGGTAAGCTCAACT-1,0.87383437370444
CXCR3-,MS,CSF_9,CGCTGGACAGGGCATA-1,-0.29997119987097626
CXCR3+,MS,CSF_9,CGCTTCAAGAGTAAGG-1,0.2923494141964529
CXCR3-,MS,CSF_9,CGCTTCACAACTGCGC-1,0.09282615241632511
CXCR3-,MS,CSF_9,CGCTTCATCCTGCAGG-1,0.7940657198857162
CXCR3-,MS,CSF_9,CGCTTCATCGTGGGAA-1,0.06394848386136076
CXCR3+,MS,CSF_9,CGGACACCACATGTGT-1,0.5797521446930057
CXCR3+,MS,CSF_9,CGGAGCTAGCGCTTAT-1,0.09190453951473554
CXCR3-,MS,CSF_9,CGGAGTCAGCTAAACA-1,-0.014205550692135622
CXCR3-,MS,CSF_9,CGGCTAGTCTGCGACG-1,0.1685784673349006
CXCR3+,MS,CSF_9,CGTAGCGAGAAGGACA-1,0.450023285620673
CXCR3-,MS,CSF_9,CGTAGCGCAGGTGCCT-1,0.5175532152029055
CXCR3-,MS,CSF_9,CGTAGGCGTGTCTGAT-1,-0.29997119987097626
CXCR3-,MS,CSF_9,CGTCCATAGTTTGCGT-1,0.07731994796181621
CXCR3-,MS,CSF_9,CGTCTACGTAGAGCTG-1,-0.29997119987097626
CXCR3-,MS,CSF_9,CGTGTAACACATGGGA-1,0.035104601918651994
CXCR3-,MS,CSF_9,CGTGTCTCATACAGCT-1,0.3501778840396272
CXCR3-,MS,CSF_9,CGTTCTGCATTCACTT-1,-0.002510258399296813
CXCR3-,MS,CSF_9,CGTTCTGTCATTTGGG-1,-0.10208469028784609
CXCR3-,MS,CSF_9,CGTTGGGTCGGATGGA-1,-0.015005269964054864
CXCR3+,MS,CSF_9,CTACACCCATCTCGCT-1,-0.29997119987097626
CXCR3-,MS,CSF_9,CTACGTCAGCTGCCCA-1,0.17630995941487912
CXCR3-,MS,CSF_9,CTCAGAATCTGGGCCA-1,0.12822822626802335
CXCR3-,MS,CSF_9,CTCCTAGAGTACGCCC-1,0.2210113217752568
CXCR3+,MS,CSF_9,CTCGAAAAGGCTCTTA-1,0.2431388487409951
CXCR3+,MS,CSF_9,CTCGAGGCAATGGACG-1,0.4395317147520067
CXCR3-,MS,CSF_9,CTCGGAGGTATGCTTG-1,0.26226921589872604
CXCR3-,MS,CSF_9,CTCTAATAGCGATGAC-1,-0.29997119987097626
CXCR3-,MS,CSF_9,CTCTGGTAGGTGGGTT-1,0.15083867431603878
CXCR3-,MS,CSF_9,CTCTGGTAGTGCCAGA-1,-0.06257187186946085
CXCR3-,MS,CSF_9,CTGAAACAGCGTTCCG-1,-0.29997119987097626
CXCR3-,MS,CSF_9,CTGAAACAGGCTATCT-1,0.42451488498249523
CXCR3-,MS,CSF_9,CTGAAACTCTAACTGG-1,0.42644443643776775
CXCR3+,MS,CSF_9,CTGATAGCACCGAATT-1,0.3401263504506897
CXCR3+,MS,CSF_9,CTGATAGCAGCCAATT-1,0.07761799705975359
CXCR3-,MS,CSF_9,CTGATAGGTTGGTAAA-1,-0.29997119987097626
CXCR3+,MS,CSF_9,CTGATAGTCAACACTG-1,-0.29997119987097626
CXCR3-,MS,CSF_9,CTGCCTAAGGTGATAT-1,0.24503487120086412
CXCR3-,MS,CSF_9,CTTAACTCACAGAGGT-1,-0.29997119987097626
CXCR3+,MS,CSF_9,CTTACCGTCCAAGTAC-1,0.7498320833901896
CXCR3-,MS,CSF_9,CTTCTCTGTACTCGCG-1,-0.03712138587558832
CXCR3-,MS,CSF_9,CTTCTCTTCTGTCAAG-1,-0.29997119987097626
CXCR3-,MS,CSF_9,CTTGGCTTCAGGTAAA-1,-0.29997119987097626
CXCR3-,MS,CSF_9,CTTTGCGCATATACGC-1,-0.16452402644242836
CXCR3-,MS,CSF_9,CTTTGCGGTGACTCAT-1,0.08090215872749311
CXCR3-,MS,CSF_9,GAAACTCGTCCATCCT-1,0.43234557053890205
CXCR3-,MS,CSF_9,GAAATGAAGCACCGTC-1,0.042428725142636736
CXCR3-,MS,CSF_9,GAAATGAGTCTCTTAT-1,-0.0751811815279455
CXCR3-,MS,CSF_9,GAATAAGCATGTCTCC-1,-0.29997119987097626
CXCR3+,MS,CSF_9,GACCAATAGGCATTGG-1,0.07178392636140485
CXCR3-,MS,CSF_9,GACGCGTCAAACCTAC-1,-0.001685325088436234
CXCR3-,MS,CSF_9,GACGCGTTCAAGGCTT-1,-0.29997119987097626
CXCR3-,MS,CSF_9,GACGGCTAGACACTAA-1,0.3034950890709783
CXCR3-,MS,CSF_9,GACGGCTAGTGGGATC-1,-0.14722377603015466
CXCR3-,MS,CSF_9,GACGTGCGTATTAGCC-1,-0.1624379291186297
CXCR3-,MS,CSF_9,GACGTTACAAACCTAC-1,0.2198685800554784
CXCR3-,MS,CSF_9,GACTAACCAGGAATGC-1,0.13425424141235406
CXCR3+,MS,CSF_9,GACTACAAGAAACCTA-1,0.0943064641372124
CXCR3+,MS,CSF_9,GACTACAAGACAGAGA-1,0.2163994493146685
CXCR3-,MS,CSF_9,GACTACAAGTACGATA-1,0.23449770005737539
CXCR3-,MS,CSF_9,GAGGTGAAGCCATCGC-1,0.04693017651387378
CXCR3+,MS,CSF_9,GAGGTGATCTTGGGTA-1,-0.018696527298496822
CXCR3-,MS,CSF_9,GAGTCCGCACAGACAG-1,-0.29997119987097626
CXCR3-,MS,CSF_9,GAGTCCGGTGTTCGAT-1,-0.05862031221481949
CXCR3-,MS,CSF_9,GATCGTAAGCCACCTG-1,0.2905634775434912
CXCR3+,MS,CSF_9,GATCGTAAGTATCTCG-1,-0.29997119987097626
CXCR3+,MS,CSF_9,GATGAGGCACCACGTG-1,0.07222013252571936
CXCR3-,MS,CSF_9,GATGCTACACTTGGAT-1,-0.0505261772279686
CXCR3-,MS,CSF_9,GATTCAGAGGGATGGG-1,-0.29997119987097626
CXCR3-,MS,CSF_9,GCAAACTGTGGCAAAC-1,0.3353256900279081
CXCR3-,MS,CSF_9,GCAAACTTCGCGTAGC-1,-0.009376682355497712
CXCR3-,MS,CSF_9,GCACATATCCTCAATT-1,0.14500323462366865
CXCR3+,MS,CSF_9,GCAGCCATCTACTTAC-1,0.7528720071585352
CXCR3-,MS,CSF_9,GCAGTTATCGTGTAGT-1,-0.29997119987097626
CXCR3-,MS,CSF_9,GCATACAAGTGTTAGA-1,0.1576690815697436
CXCR3-,MS,CSF_9,GCATACAAGTTCCACA-1,-0.08676454436861529
CXCR3-,MS,CSF_9,GCCAAATTCTTGCATT-1,-0.29997119987097626
CXCR3-,MS,CSF_9,GCGACCACAAACCCAT-1,0.16480585648511434
CXCR3-,MS,CSF_9,GCGACCAGTAGCGTCC-1,-0.17917358893434163
CXCR3+,MS,CSF_9,GCGACCATCCAGAGGA-1,0.3328874158398998
CXCR3-,MS,CSF_9,GCGCAACAGATGGCGT-1,0.7799929876752943
CXCR3-,MS,CSF_9,GCGCAACTCGCATGAT-1,0.39896139187101437
CXCR3+,MS,CSF_9,GCTCCTAGTGGACGAT-1,0.24611788942896598
CXCR3-,MS,CSF_9,GCTCCTATCTCACATT-1,0.037294942614922326
CXCR3+,MS,CSF_9,GCTCTGTGTGAGGCTA-1,0.5559531177936743
CXCR3-,MS,CSF_9,GCTGCAGGTCGGCACT-1,-0.29997119987097626
CXCR3-,MS,CSF_9,GCTGCTTAGAGACTTA-1,0.28412356057619037
CXCR3-,MS,CSF_9,GCTGCTTAGGACATTA-1,-0.03795746254863797
CXCR3-,MS,CSF_9,GCTGCTTTCACAGGCC-1,0.15511848281136728
CXCR3-,MS,CSF_9,GCTTCCAAGTACGCGA-1,-0.08286662731108742
CXCR3-,MS,CSF_9,GCTTCCACATGAACCT-1,0.4832069703316969
CXCR3-,MS,CSF_9,GCTTCCATCCCTCAGT-1,-0.12437770764166171
CXCR3-,MS,CSF_9,GGAAAGCGTCATATCG-1,0.5023541720870365
CXCR3-,MS,CSF_9,GGAACTTCATCGGTTA-1,0.12431279063019973
CXCR3-,MS,CSF_9,GGAACTTTCAATACCG-1,-0.29997119987097626
CXCR3-,MS,CSF_9,GGAATAACACCTTGTC-1,0.047616557401073054
CXCR3-,MS,CSF_9,GGAATAATCAAACGGG-1,0.054153505910729746
CXCR3-,MS,CSF_9,GGACAGAGTCCAGTGC-1,0.30043360632051636
CXCR3-,MS,CSF_9,GGACGTCAGCTAAGAT-1,0.7638114082229344
CXCR3-,MS,CSF_9,GGACGTCAGTTTCCTT-1,-0.29997119987097626
CXCR3+,MS,CSF_9,GGATGTTCACTGTGTA-1,0.14122063284058867
CXCR3-,MS,CSF_9,GGATTACCAAAGGAAG-1,-0.29997119987097626
CXCR3-,MS,CSF_9,GGCCGATGTGACTACT-1,0.5076189819092857
CXCR3+,MS,CSF_9,GGCTCGAAGAGGGCTT-1,1.3835747192708683
CXCR3-,MS,CSF_9,GGCTCGACAACAACCT-1,0.06742524987270158
CXCR3-,MS,CSF_9,GGCTGGTCAACACCTA-1,-0.05208234528175574
CXCR3-,MS,CSF_9,GGGATGAGTGATGTCT-1,-0.16036948257616507
CXCR3-,MS,CSF_9,GGGCATCGTCCGTTAA-1,0.0879204377427827
CXCR3-,MS,CSF_9,GGGCATCTCTGCCCTA-1,-0.10282191964428573
CXCR3-,MS,CSF_9,GGGTCTGCAAGCGAGT-1,-0.11347914230152857
CXCR3-,MS,CSF_9,GGGTTGCCATACGCCG-1,0.8742886671721789
CXCR3+,MS,CSF_9,GGTATTGAGCTACCGC-1,0.18218924941615716
CXCR3+,MS,CSF_9,GGTATTGAGGACAGAA-1,-0.13788282512301453
CXCR3+,MS,CSF_9,GGTATTGTCTTCTGGC-1,0.9233321276476921
CXCR3+,MS,CSF_9,GGTGAAGTCACCGTAA-1,-0.29997119987097626
CXCR3+,MS,CSF_9,GGTGCGTGTACTCAAC-1,0.3862382227522884
CXCR3+,MS,CSF_9,GTAACGTAGGGCACTA-1,0.2576405605332509
CXCR3-,MS,CSF_9,GTAACTGAGGAATGGA-1,0.1204317234148777
CXCR3-,MS,CSF_9,GTAACTGGTGCTGTAT-1,0.1955067688293314
CXCR3+,MS,CSF_9,GTACGTACATTATCTC-1,-0.16990821060508768
CXCR3+,MS,CSF_9,GTACGTATCATGTCTT-1,0.1444676496804655
CXCR3-,MS,CSF_9,GTAGTCATCCACTCCA-1,-0.07868907379595932
CXCR3+,MS,CSF_9,GTAGTCATCCTAAGTG-1,-0.12852754821653412
CXCR3-,MS,CSF_9,GTATTCTAGCCAGGAT-1,0.20109351615606283
CXCR3-,MS,CSF_9,GTATTCTTCTAAGCCA-1,1.2065954653012896
CXCR3-,MS,CSF_9,GTCAAGTAGGCTAGGT-1,-0.07802003182937851
CXCR3-,MS,CSF_9,GTCACAAAGCCACTAT-1,0.08793620919429439
CXCR3-,MS,CSF_9,GTCACAACAGTAAGAT-1,-0.29997119987097626
CXCR3+,MS,CSF_9,GTCACAATCCGAACGC-1,0.5062381350509706
CXCR3-,MS,CSF_9,GTCATTTAGTATCGAA-1,0.7281252368893519
CXCR3-,MS,CSF_9,GTCATTTCAAGAAAGG-1,0.2864548780239805
CXCR3-,MS,CSF_9,GTCGGGTAGCTGTCTA-1,-0.032144513568986184
CXCR3-,MS,CSF_9,GTCGGGTCAGGTGGAT-1,-0.29997119987097626
CXCR3+,MS,CSF_9,GTCGTAACAGGGTTAG-1,0.3562773922782391
CXCR3+,MS,CSF_9,GTCGTAAGTTCCGTCT-1,-0.0991161689424233
CXCR3-,MS,CSF_9,GTCTTCGTCGCCATAA-1,-0.15079282027336222
CXCR3-,MS,CSF_9,GTGCAGCCAGAGTGTG-1,0.19087496475000362
CXCR3+,MS,CSF_9,GTGCGGTAGACACTAA-1,0.12254164942971815
CXCR3-,MS,CSF_9,GTGGGTCAGAGGTACC-1,0.005958429286642951
CXCR3-,MS,CSF_9,GTGTGCGGTGCCTGTG-1,0.2209010321681619
CXCR3-,MS,CSF_9,GTGTGCGGTGGCGAAT-1,-0.1134336858315318
CXCR3+,MS,CSF_9,GTGTTAGGTCTGCGGT-1,0.3648892134899218
CXCR3-,MS,CSF_9,GTTCATTGTTGTGGCC-1,0.1778634782210533
CXCR3-,MS,CSF_9,GTTTCTAGTATTAGCC-1,0.6856103172463726
CXCR3-,MS,CSF_9,GTTTCTATCGTGTAGT-1,-0.04047946872116607
CXCR3-,MS,CSF_9,TAAACCGGTCATCGGC-1,0.48897796625304524
CXCR3+,MS,CSF_9,TAAACCGTCGGATGGA-1,1.1874989002994083
CXCR3-,MS,CSF_9,TACACGAAGTTAGCGG-1,-0.29997119987097626
CXCR3+,MS,CSF_9,TACACGAGTAGTAGTA-1,0.5030605312481772
CXCR3-,MS,CSF_9,TACACGATCCGATATG-1,-0.1459686249845889
CXCR3+,MS,CSF_9,TACAGTGTCACCACCT-1,0.7744624360411352
CXCR3+,MS,CSF_9,TACCTATAGGCCATAG-1,0.3290825548125375
CXCR3-,MS,CSF_9,TACCTTAAGACCTAGG-1,-0.17800137077637185
CXCR3+,MS,CSF_9,TACGGGCGTCAAAGCG-1,0.7940959078025874
CXCR3-,MS,CSF_9,TACGGTATCGCGTAGC-1,-0.29997119987097626
CXCR3-,MS,CSF_9,TACTCATGTGCCTGGT-1,0.4792062145381288
CXCR3-,MS,CSF_9,TACTCATGTGGCGAAT-1,-0.29997119987097626
CXCR3-,MS,CSF_9,TACTCGCAGGAATTAC-1,-0.1240580412685353
CXCR3-,MS,CSF_9,TACTTGTAGCCCGAAA-1,-0.29997119987097626
CXCR3-,MS,CSF_9,TAGAGCTGTTCAGGCC-1,-0.29997119987097626
CXCR3+,MS,CSF_9,TAGCCGGCATCCGCGA-1,-0.29997119987097626
CXCR3+,MS,CSF_9,TAGCCGGGTACCGTTA-1,-0.0016881304401849936
CXCR3-,MS,CSF_9,TAGGCATAGAGCAATT-1,-0.29997119987097626
CXCR3-,MS,CSF_9,TAGTTGGCACGCTTTC-1,0.5030969902478714
CXCR3-,MS,CSF_9,TATCAGGGTTGTTTGG-1,-0.10189857181397545
CXCR3-,MS,CSF_9,TATCTCAGTTATCCGA-1,0.006339393203730987
CXCR3-,MS,CSF_9,TATGCCCCAGGCGATA-1,-0.29997119987097626
CXCR3-,MS,CSF_9,TATGCCCTCCCGACTT-1,-0.1161531933339118
CXCR3-,MS,CSF_9,TCAACGAAGTAAGTAC-1,0.15329336271401917
CXCR3-,MS,CSF_9,TCAACGACACACTGCG-1,0.7568380249121596
CXCR3-,MS,CSF_9,TCACAAGTCGCCTGAG-1,0.05196155580734748
CXCR3-,MS,CSF_9,TCACGAATCGAACGGA-1,-0.16845318707877086
CXCR3+,MS,CSF_9,TCAGCTCAGGCGTACA-1,-0.1912245806497009
CXCR3-,MS,CSF_9,TCAGGATGTCAAAGCG-1,0.14200565217944922
CXCR3+,MS,CSF_9,TCAGGTAAGAGATGAG-1,-0.08278999323826608
CXCR3-,MS,CSF_9,TCCACACGTCAAGCGA-1,0.11839203807671869
CXCR3-,MS,CSF_9,TCCACACGTCTAGTCA-1,0.30224330346564976
CXCR3-,MS,CSF_9,TCCCGATTCATCATTC-1,0.566589856750738
CXCR3+,MS,CSF_9,TCGAGGCAGCCCAATT-1,-0.021515924266905347
CXCR3-,MS,CSF_9,TCGAGGCTCACAGTAC-1,0.1594701078381617
CXCR3+,MS,CSF_9,TCGCGAGAGATCCCGC-1,-0.1215560054560301
CXCR3+,MS,CSF_9,TCGCGTTCAAGGCTCC-1,0.6382656673064463
CXCR3-,MS,CSF_9,TCGGGACCAAGGGTCA-1,0.00502618610183192
CXCR3-,MS,CSF_9,TCGGGACTCAGCTCTC-1,0.48495098971747447
CXCR3-,MS,CSF_9,TCGTACCGTTCTGTTT-1,-0.10501932798316004
CXCR3-,MS,CSF_9,TCGTAGAAGAGGGCTT-1,0.05034500265331188
CXCR3-,MS,CSF_9,TCGTAGAAGTAGGTGC-1,0.08335606579802936
CXCR3+,MS,CSF_9,TCGTAGATCAACGGGA-1,0.2576882453958084
CXCR3-,MS,CSF_9,TCTCATATCTTGCCGT-1,-0.062265364034186324
CXCR3+,MS,CSF_9,TCTCTAACACTAAGTC-1,0.2853604213989778
CXCR3-,MS,CSF_9,TCTGAGAAGGAGCGTT-1,0.5679179112127634
CXCR3-,MS,CSF_9,TCTGAGATCAAGCCTA-1,0.08419013197265697
CXCR3-,MS,CSF_9,TCTTTCCAGTGCGATG-1,0.41391152086179445
CXCR3-,MS,CSF_9,TCTTTCCGTACAGTGG-1,-0.29997119987097626
CXCR3-,MS,CSF_9,TGAAAGATCAATACCG-1,-0.29997119987097626
CXCR3+,MS,CSF_9,TGACTAGCATGCCCGA-1,0.0771911330004443
CXCR3+,MS,CSF_9,TGAGCATAGAGTGAGA-1,0.06938677332702123
CXCR3-,MS,CSF_9,TGAGGGACACCGGAAA-1,-0.13386109145304428
CXCR3-,MS,CSF_9,TGCACCTTCCGTACAA-1,0.2681583205762284
CXCR3+,MS,CSF_9,TGCCAAAGTTATCGGT-1,-0.16561540749766077
CXCR3-,MS,CSF_9,TGCCCTATCCAACCAA-1,-0.1488282638829347
CXCR3+,MS,CSF_9,TGCGCAGAGGACCACA-1,0.25444034654494124
CXCR3-,MS,CSF_9,TGCGCAGGTCACCTAA-1,-0.02215514482294242
CXCR3-,MS,CSF_9,TGCGCAGGTGGAAAGA-1,-0.0279630740794814
CXCR3-,MS,CSF_9,TGCGTGGAGACCACGA-1,0.049272508421688274
CXCR3-,MS,CSF_9,TGCGTGGGTAGGAGTC-1,0.7075858811163213
CXCR3+,MS,CSF_9,TGCTACCAGCAATATG-1,-0.15844457959348104
CXCR3-,MS,CSF_9,TGGCCAGGTGAGGGAG-1,1.687985124213985
CXCR3-,MS,CSF_9,TGGCGCACAAACGCGA-1,-0.08895687797021219
CXCR3-,MS,CSF_9,TGGGAAGAGGTGATAT-1,-0.0743209245159051
CXCR3-,MS,CSF_9,TGGGCGTAGCTGCCCA-1,-0.15930785722873161
CXCR3-,MS,CSF_9,TGGGCGTAGTAACCCT-1,0.7154827885831491
CXCR3-,MS,CSF_9,TGGTTAGCATCGGAAG-1,-0.29997119987097626
CXCR3+,MS,CSF_9,TGTATTCAGTACGCGA-1,0.2865767244996351
CXCR3-,MS,CSF_9,TGTGTTTGTCCATGAT-1,-0.07907547460651952
CXCR3-,MS,CSF_9,TGTGTTTTCGTGTAGT-1,-0.29997119987097626
CXCR3-,MS,CSF_9,TGTTCCGAGACACTAA-1,0.29249602591300355
CXCR3+,MS,CSF_9,TTAGTTCGTACCCAAT-1,0.546579076709344
CXCR3-,MS,CSF_9,TTAGTTCTCCTGCTTG-1,0.409876658419903
CXCR3-,MS,CSF_9,TTCCCAGTCGCCCTTA-1,0.14000992204773355
CXCR3+,MS,CSF_9,TTCGAAGAGGACTGGT-1,0.40570500064586856
CXCR3-,MS,CSF_9,TTCGAAGAGGCCATAG-1,0.5583681565575612
CXCR3-,MS,CSF_9,TTCGGTCAGATATGCA-1,0.0631696073534244
CXCR3-,MS,CSF_9,TTCGGTCCACATTTCT-1,-0.176873420215413
CXCR3-,MS,CSF_9,TTCGGTCTCAAGGCTT-1,0.12636013292404594
CXCR3-,MS,CSF_9,TTCTACAGTAGATTAG-1,1.490440859654649
CXCR3-,MS,CSF_9,TTGACTTGTCCATCCT-1,0.4448647567488111
CXCR3-,MS,CSF_9,TTGCCGTAGACATAAC-1,-0.0759868760457222
CXCR3-,MS,CSF_9,TTGCGTCAGATACACA-1,0.03017845276103379
CXCR3-,MS,CSF_9,TTGCGTCAGCGTTGCC-1,0.7052308784846152
CXCR3-,MS,CSF_9,TTGGCAACAGCCTTGG-1,0.20311607989328456
CXCR3+,MS,CSF_9,TTGGCAAGTGCGAAAC-1,0.5182953100774892
CXCR3+,MS,CSF_9,TTGTAGGGTAAAGTCA-1,0.1646169273561866
CXCR3-,MS,CSF_9,TTGTAGGGTGATGATA-1,0.28854753370301206
CXCR3+,MS,CSF_9,TTTACTGAGTGTACCT-1,-0.06914986791804588
CXCR3-,MS,CSF_9,TTTACTGCACCGTTGG-1,0.6039286518844973
CXCR3-,MS,CSF_9,TTTATGCTCCAATGGT-1,1.0588397969237324
CXCR3+,MS,CSF_9,TTTGCGCGTCATCGGC-1,0.1910916580697428
CXCR3-,MS,CSF_9,TTTGCGCGTTACGCGC-1,0.19976885251666981
CXCR3-,MS,CSF_9,TTTGGTTCAGCGTAAG-1,0.46589201574263983
CXCR3-,MS,CSF_10,AAACCTGAGCTGCAAG-1,0.3402002688033882
CXCR3+,MS,CSF_10,AAACGGGAGAAGATTC-1,-0.29997119987097626
CXCR3-,MS,CSF_10,AAAGATGTCTCTTATG-1,-0.1701712685229677
CXCR3-,MS,CSF_10,AAAGCAAGTCGAACAG-1,-0.12811978219389486
CXCR3+,MS,CSF_10,AACCGCGAGTGAAGTT-1,0.34773815819834025
CXCR3+,MS,CSF_10,AACCGCGCACAGTCGC-1,0.27949609566988814
CXCR3+,MS,CSF_10,AAGCCGCCATAGGATA-1,-0.10667360234051092
CXCR3-,MS,CSF_10,AATCGGTCACACCGAC-1,1.0639656040497474
CXCR3+,MS,CSF_10,AATCGGTGTTACTGAC-1,-0.17144226542269253
CXCR3-,MS,CSF_10,ACACCCTGTGTGGTTT-1,0.5450834031046046
CXCR3-,MS,CSF_10,ACAGCCGCAGAGCCAA-1,0.33608656864403313
CXCR3-,MS,CSF_10,ACAGCTACACTGTTAG-1,0.17614464697621954
CXCR3+,MS,CSF_10,ACATACGCAGACACTT-1,0.28362974239591293
CXCR3-,MS,CSF_10,ACCAGTAGTTACCGAT-1,-0.1762562523246518
CXCR3-,MS,CSF_10,ACCCACTCATACCATG-1,-0.29997119987097626
CXCR3-,MS,CSF_10,ACCCACTGTGCTAGCC-1,0.18641159536244592
CXCR3-,MS,CSF_10,ACCTTTACACCACCAG-1,0.1121216621483392
CXCR3-,MS,CSF_10,ACCTTTATCAAACGGG-1,0.3188522398165673
CXCR3-,MS,CSF_10,ACCTTTATCTGCAGTA-1,-0.003972801134033802
CXCR3+,MS,CSF_10,ACGATACCATTTCACT-1,0.5724606302305743
CXCR3+,MS,CSF_10,ACGATACGTCAAACTC-1,0.4788605236601761
CXCR3-,MS,CSF_10,ACGATGTCAAGTTCTG-1,-0.29997119987097626
CXCR3-,MS,CSF_10,ACGATGTGTAAACACA-1,-0.11929698791707728
CXCR3-,MS,CSF_10,ACTATCTAGTTGAGAT-1,0.9014188454134472
CXCR3-,MS,CSF_10,ACTGAGTCAATGAAAC-1,0.2600508312011134
CXCR3+,MS,CSF_10,ACTGAGTCACAGACTT-1,-0.015074325656754076
CXCR3+,MS,CSF_10,ACTGATGGTGCACTTA-1,0.05823856258323318
CXCR3+,MS,CSF_10,ACTGTCCGTCCGACGT-1,0.36876483618580863
CXCR3+,MS,CSF_10,ACTGTCCTCATTATCC-1,-0.06929635468475603
CXCR3+,MS,CSF_10,AGACGTTTCGGACAAG-1,-0.1072369998748364
CXCR3-,MS,CSF_10,AGCAGCCTCGGCTTGG-1,0.5089171436157126
CXCR3+,MS,CSF_10,AGCATACAGCTCCTCT-1,0.4180418576840892
CXCR3+,MS,CSF_10,AGCCTAACATGTCCTC-1,0.5466384527267506
CXCR3-,MS,CSF_10,AGCTTGACACATTCGA-1,0.21227512222262654
CXCR3+,MS,CSF_10,AGGGATGGTTATCACG-1,0.2217433518826511
CXCR3+,MS,CSF_10,AGTAGTCTCTGGTTCC-1,-0.29997119987097626
CXCR3-,MS,CSF_10,AGTCTTTAGTTCGATC-1,0.10568174701112858
CXCR3-,MS,CSF_10,AGTGGGACACATTTCT-1,-0.29997119987097626
CXCR3-,MS,CSF_10,AGTTGGTTCCTGTACC-1,0.12442145586471488
CXCR3+,MS,CSF_10,ATAACGCTCGCACTCT-1,-0.12846549606973107
CXCR3+,MS,CSF_10,ATAAGAGGTATCGCAT-1,0.13544970742269152
CXCR3-,MS,CSF_10,ATAGACCTCCATGCTC-1,0.6980845217723698
CXCR3-,MS,CSF_10,ATAGACCTCGTAGGAG-1,-0.29997119987097626
CXCR3+,MS,CSF_10,ATAGACCTCTTTAGGG-1,-0.1810072660206963
CXCR3+,MS,CSF_10,ATCATGGCACTATCTT-1,0.10923746472968508
CXCR3+,MS,CSF_10,ATCTGCCTCAATCACG-1,0.4637468464265949
CXCR3+,MS,CSF_10,ATGCGATGTCGGCACT-1,0.180712700871194
CXCR3-,MS,CSF_10,ATGGGAGCAGAAGCAC-1,-0.17130675524089714
CXCR3-,MS,CSF_10,ATGGGAGCAGCCTGTG-1,-0.002210000528143717
CXCR3-,MS,CSF_10,ATGTGTGTCATGTCTT-1,0.03484393461386134
CXCR3-,MS,CSF_10,ATTATCCGTTCTGGTA-1,0.03565141388596614
CXCR3-,MS,CSF_10,ATTCTACTCACATGCA-1,0.38079013227823755
CXCR3+,MS,CSF_10,CAACTAGCATGTCTCC-1,-0.29997119987097626
CXCR3-,MS,CSF_10,CAACTAGGTGCAACTT-1,0.1204829373812122
CXCR3-,MS,CSF_10,CAAGTTGAGTCATCCA-1,-0.13329216434314015
CXCR3+,MS,CSF_10,CACACAAGTCTAGTCA-1,0.07599155671868031
CXCR3-,MS,CSF_10,CACAGGCAGGTGTGGT-1,0.0038070557999318705
CXCR3-,MS,CSF_10,CACATAGAGCTATGCT-1,0.46590672055469556
CXCR3+,MS,CSF_10,CACATAGTCTATCCCG-1,-0.15870988719974005
CXCR3+,MS,CSF_10,CACTCCAAGATGAGAG-1,0.31178160092360857
CXCR3+,MS,CSF_10,CACTCCATCAAACCAC-1,0.06719642507184766
CXCR3-,MS,CSF_10,CAGAGAGGTTGTGGCC-1,-0.29997119987097626
CXCR3+,MS,CSF_10,CAGATCAGTCCGAAGA-1,-0.29997119987097626
CXCR3-,MS,CSF_10,CAGCAGCAGGTGCTAG-1,1.033257553907207
CXCR3-,MS,CSF_10,CAGCGACTCTCCCTGA-1,0.26562735486487526
CXCR3-,MS,CSF_10,CAGCTGGTCACCAGGC-1,-0.29997119987097626
CXCR3+,MS,CSF_10,CAGTAACGTAAGAGGA-1,-0.14868119612237535
CXCR3-,MS,CSF_10,CATATTCAGATCCTGT-1,0.21505143499795207
CXCR3+,MS,CSF_10,CATCGAAAGTTCGCGC-1,-0.006788778170490902
CXCR3-,MS,CSF_10,CATGACAGTTTGACAC-1,-0.12405604726108173
CXCR3+,MS,CSF_10,CATTATCGTCCAACTA-1,-0.29997119987097626
CXCR3-,MS,CSF_10,CCAATCCTCGAATGGG-1,0.29020594259683197
CXCR3+,MS,CSF_10,CCACCTATCTAGCACA-1,-0.1569045615343993
CXCR3-,MS,CSF_10,CCACGGAAGTGGACGT-1,0.09283699257059123
CXCR3-,MS,CSF_10,CCAGCGAAGTCGTACT-1,0.8348368486250816
CXCR3-,MS,CSF_10,CCCAGTTTCACAACGT-1,0.03458767265820125
CXCR3+,MS,CSF_10,CCCAGTTTCTGGGCCA-1,0.0353770415044125
CXCR3-,MS,CSF_10,CCCTCCTAGTTCGCAT-1,1.3686825457235956
CXCR3+,MS,CSF_10,CCGGGATAGCTATGCT-1,-0.29997119987097626
CXCR3+,MS,CSF_10,CCGGGATGTCCTGCTT-1,-0.29997119987097626
CXCR3+,MS,CSF_10,CCGGTAGGTGACAAAT-1,-0.030608753144746304
CXCR3+,MS,CSF_10,CCGGTAGTCTTGTTTG-1,-0.29997119987097626
CXCR3-,MS,CSF_10,CCGTGGATCGTGGACC-1,0.6151419657136837
CXCR3-,MS,CSF_10,CCGTTCACAGGAATCG-1,-0.29997119987097626
CXCR3-,MS,CSF_10,CCGTTCATCGCCAAAT-1,0.18842933453026833
CXCR3+,MS,CSF_10,CCTAAAGAGATAGCAT-1,-0.1799908107338613
CXCR3+,MS,CSF_10,CCTACACAGTGGAGAA-1,-0.16609450060951486
CXCR3+,MS,CSF_10,CCTACCAGTGCCTGCA-1,-0.29997119987097626
CXCR3-,MS,CSF_10,CCTCAGTGTCCTAGCG-1,-0.028277059309874515
CXCR3-,MS,CSF_10,CCTCTGACAAGGTTCT-1,-0.006179779559928893
CXCR3+,MS,CSF_10,CGACTTCCAGCTTAAC-1,0.3702890771188677
CXCR3-,MS,CSF_10,CGAGAAGAGCCCGAAA-1,-0.06320942875673133
CXCR3-,MS,CSF_10,CGAGAAGCACACTGCG-1,0.2660150566427197
CXCR3+,MS,CSF_10,CGAGCACGTTCCGGCA-1,-0.18909874282558106
CXCR3-,MS,CSF_10,CGAGCACTCAATAAGG-1,0.2103150112440231
CXCR3-,MS,CSF_10,CGATTGACAGCTCGAC-1,-0.10935120008420661
CXCR3+,MS,CSF_10,CGCTTCAGTTGTACAC-1,0.5729697682578845
CXCR3+,MS,CSF_10,CGGACACAGTCCAGGA-1,0.15699461040596346
CXCR3+,MS,CSF_10,CGGACACCATGGATGG-1,0.629708682496331
CXCR3+,MS,CSF_10,CGGACGTCACCAGTTA-1,-0.29997119987097626
CXCR3+,MS,CSF_10,CGGACTGGTCTCCACT-1,-0.022351029452653468
CXCR3+,MS,CSF_10,CGGCTAGCAATGCCAT-1,-0.0076368245145993574
CXCR3-,MS,CSF_10,CGGTTAAAGGCTCTTA-1,0.06973567915192423
CXCR3+,MS,CSF_10,CGTAGCGGTTCACGGC-1,-0.008621558744905796
CXCR3+,MS,CSF_10,CGTAGGCCATTCACTT-1,0.19951857274794418
CXCR3+,MS,CSF_10,CGTAGGCTCGACCAGC-1,0.04613382611031781
CXCR3+,MS,CSF_10,CGTAGGCTCGGAGCAA-1,0.7548383734939714
CXCR3-,MS,CSF_10,CGTCAGGAGGCGTACA-1,-0.29997119987097626
CXCR3-,MS,CSF_10,CGTCTACAGACTAGGC-1,0.48568676070294653
CXCR3-,MS,CSF_10,CGTGTAACATATACCG-1,-0.29997119987097626
CXCR3+,MS,CSF_10,CGTTAGACACAACGTT-1,-0.29997119987097626
CXCR3+,MS,CSF_10,CTAACTTAGTCGATAA-1,-0.053849431608507796
CXCR3-,MS,CSF_10,CTAATGGCACAGAGGT-1,-0.03879142728128004
CXCR3+,MS,CSF_10,CTACACCTCCCTCTTT-1,0.11150084920962344
CXCR3-,MS,CSF_10,CTACATTAGTTACCCA-1,0.3611832111980532
CXCR3+,MS,CSF_10,CTAGAGTTCCGCAGTG-1,0.05072284678930038
CXCR3-,MS,CSF_10,CTCACACAGGTGCTAG-1,-0.29997119987097626
CXCR3+,MS,CSF_10,CTCCTAGGTTCGGGCT-1,-0.07914232148237958
CXCR3-,MS,CSF_10,CTCCTAGTCGAGAACG-1,-0.29997119987097626
CXCR3-,MS,CSF_10,CTCGAAAAGTGGACGT-1,0.044234667596836155
CXCR3+,MS,CSF_10,CTCGGAGCATCGTCGG-1,0.20165885307946782
CXCR3+,MS,CSF_10,CTCGTACCACTGTGTA-1,0.12813368513236137
CXCR3-,MS,CSF_10,CTCGTCATCCCAAGAT-1,-0.07959389802662804
CXCR3+,MS,CSF_10,CTCTAATAGTACGTTC-1,0.42033521592074813
CXCR3+,MS,CSF_10,CTCTAATGTTGGACCC-1,-0.29997119987097626
CXCR3-,MS,CSF_10,CTGAAGTCAAGCTGTT-1,-0.0625011742169183
CXCR3+,MS,CSF_10,CTGAAGTCACCAGGTC-1,-0.09748424928071191
CXCR3+,MS,CSF_10,CTGATCCGTGCTTCTC-1,0.056803068907104445
CXCR3-,MS,CSF_10,CTGCCTACATTAACCG-1,0.3746982866362499
CXCR3-,MS,CSF_10,CTGCTGTCACGGCCAT-1,0.09174366617561205
CXCR3-,MS,CSF_10,CTTAGGAAGAGGTACC-1,0.5347973517084793
CXCR3+,MS,CSF_10,CTTGGCTCAAGCCGCT-1,0.2870518032848735
CXCR3+,MS,CSF_10,CTTGGCTGTCGGCATC-1,0.23897194125715385
CXCR3+,MS,CSF_10,CTTGGCTTCCATGAGT-1,0.42167226603961167
CXCR3+,MS,CSF_10,GAAACTCAGTGTTGAA-1,0.8028139077201413
CXCR3+,MS,CSF_10,GAACATCAGCGCCTTG-1,0.08668660166988484
CXCR3-,MS,CSF_10,GAACATCCAGACTCGC-1,-0.07640779195716142
CXCR3-,MS,CSF_10,GAACATCTCGCCGTGA-1,-0.1505389856464194
CXCR3+,MS,CSF_10,GAACGGAGTACCGAGA-1,-0.17290196914981829
CXCR3-,MS,CSF_10,GAAGCAGTCGCAAACT-1,0.5422520886374761
CXCR3-,MS,CSF_10,GAATGAAGTAGTAGTA-1,0.3566641897140315
CXCR3+,MS,CSF_10,GACACGCAGGTGTTAA-1,0.25582257177684936
CXCR3-,MS,CSF_10,GACAGAGTCCAAACTG-1,0.042657180248208956
CXCR3-,MS,CSF_10,GACCAATAGCGACGTA-1,0.8370710792780968
CXCR3-,MS,CSF_10,GACCAATCATGAGCGA-1,0.06311284647788219
CXCR3+,MS,CSF_10,GACCAATGTTGTGGCC-1,-0.1351934324361039
CXCR3-,MS,CSF_10,GACCTGGAGAAGGACA-1,0.2390908121939636
CXCR3-,MS,CSF_10,GACGCGTGTGTCCTCT-1,0.14054557712756946
CXCR3+,MS,CSF_10,GACGGCTCAGACGCAA-1,0.022483546725921837
CXCR3+,MS,CSF_10,GAGGTGAAGTCAATAG-1,-0.29997119987097626
CXCR3-,MS,CSF_10,GAGGTGATCCCGACTT-1,0.06246398437239547
CXCR3+,MS,CSF_10,GATCAGTCAAACCCAT-1,0.20037903645031827
CXCR3-,MS,CSF_10,GATCGATTCTGTGCAA-1,0.021467511690487502
CXCR3+,MS,CSF_10,GATCGCGCACGCTTTC-1,-0.29997119987097626
CXCR3-,MS,CSF_10,GATCGTACACTTAACG-1,-0.012865129621499157
CXCR3-,MS,CSF_10,GCAAACTGTCGGCATC-1,0.3041549641247284
CXCR3+,MS,CSF_10,GCAGCCAAGCTAACAA-1,0.21926394402619429
CXCR3-,MS,CSF_10,GCAGTTACACCGATAT-1,0.3374793614553471
CXCR3+,MS,CSF_10,GCATGCGTCAACACTG-1,0.025983125944350944
CXCR3+,MS,CSF_10,GCCAAATTCCACTGGG-1,0.40034374337201806
CXCR3-,MS,CSF_10,GCCTCTAGTTTAGCTG-1,-0.1445982398871799
CXCR3-,MS,CSF_10,GCGAGAAAGGCAAAGA-1,0.12319147869146664
CXCR3+,MS,CSF_10,GCGCAGTAGGTGCTAG-1,-0.29997119987097626
CXCR3-,MS,CSF_10,GCGCAGTCATACGCTA-1,-0.13558411039953203
CXCR3-,MS,CSF_10,GCGCCAACATGAGCGA-1,0.5399157455834944
CXCR3+,MS,CSF_10,GCTCCTAGTTGGGACA-1,0.45460178245644084
CXCR3+,MS,CSF_10,GCTCTGTAGAGATGAG-1,-0.29997119987097626
CXCR3-,MS,CSF_10,GCTGCAGCATGGAATA-1,-0.29997119987097626
CXCR3+,MS,CSF_10,GCTGCAGGTTGCCTCT-1,-0.29997119987097626
CXCR3-,MS,CSF_10,GCTGCGAAGCCTTGAT-1,0.20737510309781385
CXCR3-,MS,CSF_10,GCTGGGTAGGTAAACT-1,-0.035639056781749966
CXCR3+,MS,CSF_10,GCTGGGTCACGCGAAA-1,0.01839275969274976
CXCR3+,MS,CSF_10,GGAACTTCAGTCAGCC-1,-0.10717260937118063
CXCR3+,MS,CSF_10,GGACATTAGTTTGCGT-1,0.28049238292437934
CXCR3-,MS,CSF_10,GGCAATTAGTTCGCAT-1,-0.29997119987097626
CXCR3-,MS,CSF_10,GGCCGATTCCTCAATT-1,0.07824158100921534
CXCR3-,MS,CSF_10,GGCGTGTAGCTACCTA-1,-0.29997119987097626
CXCR3-,MS,CSF_10,GGCGTGTCAGCCTATA-1,-0.29997119987097626
CXCR3+,MS,CSF_10,GGGAATGTCAGATAAG-1,0.0934919590441224
CXCR3-,MS,CSF_10,GGGATGAAGCTAAACA-1,0.21656011729948746
CXCR3+,MS,CSF_10,GGGCATCCACCGCTAG-1,0.3753046253620632
CXCR3-,MS,CSF_10,GGGTTGCTCATCGATG-1,-0.29997119987097626
CXCR3+,MS,CSF_10,GGTGAAGCAGCCTTTC-1,0.42938543591731715
CXCR3-,MS,CSF_10,GGTGTTAGTTCCATGA-1,-0.04881678950777295
CXCR3-,MS,CSF_10,GTAGTCAAGCCCGAAA-1,-0.11845078731781888
CXCR3-,MS,CSF_10,GTAGTCACACGGCGTT-1,0.40433443007284886
CXCR3-,MS,CSF_10,GTAGTCATCCGAACGC-1,0.009163131094921903
CXCR3-,MS,CSF_10,GTAGTCATCGTACGGC-1,0.11660948318562818
CXCR3+,MS,CSF_10,GTATCTTCAGCAGTTT-1,-0.0963608344783031
CXCR3-,MS,CSF_10,GTATCTTGTCTAACGT-1,-0.11222936260558185
CXCR3+,MS,CSF_10,GTCACGGAGACAATAC-1,-0.12063849802501472
CXCR3-,MS,CSF_10,GTCATTTAGAGCTATA-1,-0.11434006051177559
CXCR3+,MS,CSF_10,GTCATTTTCCATGAGT-1,0.17588573667001198
CXCR3-,MS,CSF_10,GTCGGGTGTTACGTCA-1,-0.15029903204734413
CXCR3-,MS,CSF_10,GTGCATATCAGTCAGT-1,0.45300758359276927
CXCR3+,MS,CSF_10,GTGCGGTTCAACACCA-1,0.10994413602615213
CXCR3-,MS,CSF_10,GTTACAGAGTCAATAG-1,-0.29997119987097626
CXCR3-,MS,CSF_10,GTTTCTACAGTTTACG-1,-0.12181635532281944
CXCR3+,MS,CSF_10,TAAACCGGTGGTACAG-1,0.08402037378711377
CXCR3+,MS,CSF_10,TACACGAGTCTTGCGG-1,-0.006305029215374129
CXCR3-,MS,CSF_10,TACCTTAGTTAAAGAC-1,0.6596641838336073
CXCR3-,MS,CSF_10,TACGGTAAGACTAGAT-1,0.6532344485734328
CXCR3-,MS,CSF_10,TACGGTACAAGTTGTC-1,0.08155906671175471
CXCR3+,MS,CSF_10,TACGGTATCTTGCAAG-1,-0.29997119987097626
CXCR3+,MS,CSF_10,TACTTACAGCTAGTTC-1,-0.15761845711330766
CXCR3-,MS,CSF_10,TACTTACCAACACCCG-1,1.0683743321177663
CXCR3-,MS,CSF_10,TACTTACTCTCGGACG-1,0.39389680962173834
CXCR3-,MS,CSF_10,TACTTGTTCATGCATG-1,-0.29997119987097626
CXCR3-,MS,CSF_10,TAGCCGGTCAGTTGAC-1,0.4562178227851374
CXCR3+,MS,CSF_10,TAGTGGTGTTGCGCAC-1,-0.29997119987097626
CXCR3+,MS,CSF_10,TAGTTGGTCGAGCCCA-1,0.23071632866681865
CXCR3-,MS,CSF_10,TATCAGGAGCCCGAAA-1,0.39354947063500134
CXCR3+,MS,CSF_10,TATCAGGCACCGTTGG-1,0.055730816347506255
CXCR3-,MS,CSF_10,TATCAGGGTACTTAGC-1,0.27722212896540077
CXCR3-,MS,CSF_10,TATGCCCCAATCCAAC-1,0.3135253500157221
CXCR3-,MS,CSF_10,TCACAAGCAACTGCGC-1,-0.29997119987097626
CXCR3-,MS,CSF_10,TCAGATGGTAGCCTAT-1,0.38545323235944495
CXCR3-,MS,CSF_10,TCAGATGTCCCACTTG-1,0.4037092482247318
CXCR3+,MS,CSF_10,TCAGCAAGTGGTGTAG-1,-0.29997119987097626
CXCR3-,MS,CSF_10,TCAGCTCAGGGCTTCC-1,-0.06659791116192774
CXCR3+,MS,CSF_10,TCAGGATCACCAACCG-1,-0.11805201561522365
CXCR3+,MS,CSF_10,TCAGGATTCCCATTTA-1,-0.08615254142672699
CXCR3+,MS,CSF_10,TCAGGTATCTGCAGTA-1,-0.10572683730742316
CXCR3+,MS,CSF_10,TCCACACCAGATCTGT-1,0.3034337661555458
CXCR3-,MS,CSF_10,TCGAGGCAGCTGTTCA-1,-0.029540344248033756
CXCR3+,MS,CSF_10,TCGAGGCGTTCGAATC-1,-0.03677786452428945
CXCR3-,MS,CSF_10,TCGAGGCTCTCTGTCG-1,0.36664036814675965
CXCR3-,MS,CSF_10,TCGCGAGAGGCAAAGA-1,-0.024438144844744734
CXCR3-,MS,CSF_10,TCGCGTTCAACTGCGC-1,-0.10612626403486794
CXCR3+,MS,CSF_10,TCGTACCGTGGCAAAC-1,-0.10139338706578319
CXCR3+,MS,CSF_10,TCTCATAAGTGCAAGC-1,0.11967075633817863
CXCR3+,MS,CSF_10,TCTCATACATCTATGG-1,0.28741197513531663
CXCR3+,MS,CSF_10,TCTGAGATCCGGCACA-1,0.23162346953221585
CXCR3+,MS,CSF_10,TGACAACAGAGCTATA-1,0.8488292976025607
CXCR3-,MS,CSF_10,TGACGGCAGACAGGCT-1,0.3444150727149094
CXCR3-,MS,CSF_10,TGACTAGAGTGATCGG-1,-0.29997119987097626
CXCR3+,MS,CSF_10,TGACTTTAGTTTAGGA-1,0.16157537563027466
CXCR3+,MS,CSF_10,TGAGAGGAGGGCTTCC-1,-0.29997119987097626
CXCR3-,MS,CSF_10,TGAGCATAGACATAAC-1,0.16848744510329192
CXCR3-,MS,CSF_10,TGAGGGAGTCTCTTAT-1,1.1511885015680166
CXCR3+,MS,CSF_10,TGATTTCGTCGAGATG-1,0.13267369674592894
CXCR3+,MS,CSF_10,TGCACCTCACTCAGGC-1,-0.1635345513007666
CXCR3-,MS,CSF_10,TGCCCTAAGGTGTTAA-1,0.03170171145933159
CXCR3-,MS,CSF_10,TGCCCTACAAAGCAAT-1,0.007239180332660403
CXCR3-,MS,CSF_10,TGCGGGTAGGTGTTAA-1,-0.07554582828174554
CXCR3+,MS,CSF_10,TGCTACCGTAATAGCA-1,0.9059243849516815
CXCR3+,MS,CSF_10,TGCTGCTTCAGATAAG-1,-0.08999720682519886
CXCR3-,MS,CSF_10,TGGACGCAGGTAAACT-1,1.1834663910936722
CXCR3-,MS,CSF_10,TGGACGCGTACCATCA-1,-0.29997119987097626
CXCR3-,MS,CSF_10,TGGCTGGTCATGTCTT-1,-0.14602754296451328
CXCR3+,MS,CSF_10,TGGGCGTGTCTAAAGA-1,1.021206987492669
CXCR3-,MS,CSF_10,TGGGCGTGTTGGTTTG-1,-0.1361585527812105
CXCR3+,MS,CSF_10,TGGTTCCGTGCGATAG-1,0.06252979458341631
CXCR3+,MS,CSF_10,TGGTTCCTCGGTCTAA-1,-0.021061968410866765
CXCR3-,MS,CSF_10,TGTGGTACACAACTGT-1,0.30541253730894713
CXCR3+,MS,CSF_10,TGTGGTAGTAGCAAAT-1,0.22270276876108117
CXCR3-,MS,CSF_10,TTAGGCAAGATCGATA-1,-0.29997119987097626
CXCR3+,MS,CSF_10,TTCCCAGAGGCTAGAC-1,-0.07167161070229959
CXCR3+,MS,CSF_10,TTCTCAAAGTGGAGAA-1,0.03640069415755631
CXCR3-,MS,CSF_10,TTCTTAGGTTGAACTC-1,-0.05745588356750348
CXCR3+,MS,CSF_10,TTGCCGTTCAACGGGA-1,-0.29997119987097626
CXCR3+,MS,CSF_10,TTGCGTCAGCGATGAC-1,-0.07696618690696153
CXCR3+,MS,CSF_10,TTGGCAAAGATATGGT-1,0.1720337876468498
CXCR3+,MS,CSF_10,TTGGCAAGTCTGATCA-1,-0.18346620972948674
CXCR3+,MS,CSF_10,TTGTAGGAGTACGATA-1,-0.11837951387054109
CXCR3-,MS,CSF_10,TTTGCGCCACGTCTCT-1,0.2171564372095858
CXCR3-,MS,CSF_10,TTTGGTTCACTGCCAG-1,0.33895683666408516
CXCR3-,MS,CSF_16,AAACCTGAGCCTCGTG-1,0.06407377635886184
CXCR3+,MS,CSF_16,AAACCTGAGCTTATCG-1,-0.29997119987097626
CXCR3-,MS,CSF_16,AAAGATGAGGGTCTCC-1,0.6023179799239725
CXCR3+,MS,CSF_16,AAAGATGCAAATCCGT-1,0.6029833939578945
CXCR3-,MS,CSF_16,AAAGATGTCACGCGGT-1,-0.13681517022544087
CXCR3+,MS,CSF_16,AAAGATGTCCGAACGC-1,0.2301396149731266
CXCR3-,MS,CSF_16,AAAGCAAAGGCTCTTA-1,-0.29997119987097626
CXCR3-,MS,CSF_16,AAAGCAACAGTAAGAT-1,0.9896013592834202
CXCR3-,MS,CSF_16,AAAGCAACAGTAAGCG-1,-0.12781592513187592
CXCR3+,MS,CSF_16,AAAGCAAGTCGACTGC-1,0.014649411941797887
CXCR3-,MS,CSF_16,AAAGCAAGTCTAGCCG-1,-0.029809491221486954
CXCR3-,MS,CSF_16,AAAGCAAGTGGCGAAT-1,0.1370518812203917
CXCR3-,MS,CSF_16,AAAGTAGGTAAGTAGT-1,0.16276623170654994
CXCR3-,MS,CSF_16,AAATGCCCAATGGAAT-1,-0.012857670884897187
CXCR3-,MS,CSF_16,AAATGCCCAGTATGCT-1,-0.29997119987097626
CXCR3-,MS,CSF_16,AAATGCCTCCACGCAG-1,-0.1387170335892878
CXCR3+,MS,CSF_16,AACACGTGTCTTCAAG-1,0.6944390810042222
CXCR3+,MS,CSF_16,AACACGTTCTTGAGGT-1,-0.29997119987097626
CXCR3-,MS,CSF_16,AACCATGAGGGAGTAA-1,0.03433161412439879
CXCR3-,MS,CSF_16,AACCATGCAGCTGCTG-1,-0.10135283824226506
CXCR3+,MS,CSF_16,AACCATGGTATAGGTA-1,-0.11189152381006544
CXCR3-,MS,CSF_16,AACCGCGAGGGCTTCC-1,0.01586832048530145
CXCR3-,MS,CSF_16,AACCGCGCACACCGCA-1,0.08035838071214477
CXCR3-,MS,CSF_16,AACCGCGCACCAGGTC-1,0.23243846945111496
CXCR3-,MS,CSF_16,AACCGCGCATTGGCGC-1,0.012103543496399749
CXCR3-,MS,CSF_16,AACCGCGGTCTCTTTA-1,0.1753880770796208
CXCR3-,MS,CSF_16,AACCGCGTCAGGCAAG-1,0.07451384797145835
CXCR3+,MS,CSF_16,AACTCAGAGATGAGAG-1,0.17881717128577806
CXCR3-,MS,CSF_16,AACTCAGTCTAGAGTC-1,-0.29997119987097626
CXCR3+,MS,CSF_16,AACTCCCCATGTTCCC-1,-0.19711774217739617
CXCR3-,MS,CSF_16,AACTCTTAGCTTTGGT-1,0.010198356647138751
CXCR3-,MS,CSF_16,AACTCTTTCACTTCAT-1,-0.29997119987097626
CXCR3-,MS,CSF_16,AACTGGTAGAACAATC-1,0.08475608769587421
CXCR3-,MS,CSF_16,AACTGGTAGAGAACAG-1,0.3286732214231601
CXCR3-,MS,CSF_16,AAGACCTAGAGGACGG-1,-0.13590449676860902
CXCR3-,MS,CSF_16,AAGACCTGTCTTTCAT-1,-0.29997119987097626
CXCR3-,MS,CSF_16,AAGGAGCAGATCCCAT-1,-0.13988846506417976
CXCR3-,MS,CSF_16,AAGGAGCCATTGGTAC-1,-0.1864037755879033
CXCR3-,MS,CSF_16,AAGGAGCTCTCGATGA-1,-0.08375007329162601
CXCR3-,MS,CSF_16,AAGGCAGCAAGCTGTT-1,-0.13317270229397762
CXCR3-,MS,CSF_16,AAGGCAGCAATCAGAA-1,0.3726378078644873
CXCR3+,MS,CSF_16,AATCCAGTCTTGCATT-1,0.3595711222649447
CXCR3-,MS,CSF_16,AATCGGTAGTGTTGAA-1,-0.29997119987097626
CXCR3+,MS,CSF_16,AATCGGTAGTTCGCGC-1,0.8803482077531025
CXCR3+,MS,CSF_16,AATCGGTCACCCATGG-1,-0.06571296169222356
CXCR3-,MS,CSF_16,AATCGGTTCTGCTGCT-1,-0.0014648822338285683
CXCR3+,MS,CSF_16,ACACCCTCAAGTCATC-1,-0.08653303964872283
CXCR3-,MS,CSF_16,ACACCCTCATGAAGTA-1,0.19420525845779266
CXCR3+,MS,CSF_16,ACACCGGCAAAGGTGC-1,0.43788630588138344
CXCR3+,MS,CSF_16,ACACTGACAGTGGGAT-1,0.2620149273729836
CXCR3+,MS,CSF_16,ACACTGACATAGACTC-1,-0.29997119987097626
CXCR3+,MS,CSF_16,ACACTGAGTACGACCC-1,-0.06072996040439468
CXCR3-,MS,CSF_16,ACACTGATCAACACGT-1,-0.007227596791711477
CXCR3-,MS,CSF_16,ACAGCCGTCGGTTCGG-1,0.3356388337101242
CXCR3-,MS,CSF_16,ACAGCTATCACTGGGC-1,0.556797710570509
CXCR3-,MS,CSF_16,ACATCAGTCTTATCTG-1,0.07861413318922664
CXCR3-,MS,CSF_16,ACATGGTCAGACACTT-1,-0.05560813691751449
CXCR3-,MS,CSF_16,ACATGGTGTCCGTGAC-1,-0.17089282393849028
CXCR3+,MS,CSF_16,ACCAGTAAGCGATTCT-1,0.19402884974874504
CXCR3-,MS,CSF_16,ACCAGTAGTGTTTGTG-1,-0.29997119987097626
CXCR3-,MS,CSF_16,ACCAGTATCAGTCCCT-1,0.2791323973556593
CXCR3+,MS,CSF_16,ACCCACTAGCGACGTA-1,0.7563986566645975
CXCR3-,MS,CSF_16,ACCCACTCAAGCTGTT-1,0.21761806798788258
CXCR3-,MS,CSF_16,ACCCACTGTTGGTGGA-1,0.08704572421501511
CXCR3+,MS,CSF_16,ACCCACTTCGGTCTAA-1,-0.29997119987097626
CXCR3-,MS,CSF_16,ACCGTAAAGCAAATCA-1,0.1914432041398329
CXCR3+,MS,CSF_16,ACCGTAACACAGATTC-1,0.245394409301055
CXCR3+,MS,CSF_16,ACCGTAAGTGCGGTAA-1,0.1096475278861636
CXCR3+,MS,CSF_16,ACCGTAATCCTTTACA-1,-0.020915747757961806
CXCR3-,MS,CSF_16,ACCTTTACAATAACGA-1,0.04183668158343836
CXCR3-,MS,CSF_16,ACCTTTAGTGGTAACG-1,-0.10143831760029011
CXCR3-,MS,CSF_16,ACCTTTATCTTGTACT-1,0.12666363075861167
CXCR3-,MS,CSF_16,ACGAGCCCAGCTGTTA-1,0.33717831954169386
CXCR3-,MS,CSF_16,ACGAGCCTCGTGGACC-1,-0.29997119987097626
CXCR3-,MS,CSF_16,ACGAGCCTCTGTCAAG-1,-0.29997119987097626
CXCR3+,MS,CSF_16,ACGAGGACAAGCGTAG-1,0.1584286748671899
CXCR3+,MS,CSF_16,ACGAGGATCAGGCGAA-1,-0.01454868469828335
CXCR3-,MS,CSF_16,ACGAGGATCCATGAGT-1,0.42638335588934295
CXCR3+,MS,CSF_16,ACGATACTCTCATTCA-1,0.3794606677176793
CXCR3-,MS,CSF_16,ACGATGTCATCACGTA-1,0.13478444974589396
CXCR3+,MS,CSF_16,ACGATGTGTCAACATC-1,0.05370132342143236
CXCR3+,MS,CSF_16,ACGATGTTCGGCGGTT-1,0.5459907784021573
CXCR3+,MS,CSF_16,ACGATGTTCTCGGACG-1,0.15591698749157204
CXCR3-,MS,CSF_16,ACGATGTTCTTAGAGC-1,0.2403837703039786
CXCR3-,MS,CSF_16,ACGCAGCTCGCCATAA-1,0.14599497017661162
CXCR3-,MS,CSF_16,ACGCCAGAGCGCCTTG-1,0.351958210292498
CXCR3+,MS,CSF_16,ACGCCGAGTCAAAGAT-1,0.0009170116377461568
CXCR3+,MS,CSF_16,ACGCCGATCAACCAAC-1,0.08173380748947902
CXCR3-,MS,CSF_16,ACGCCGATCACCACCT-1,0.5236014470505472
CXCR3-,MS,CSF_16,ACGCCGATCAGCCTAA-1,-0.23779835023491477
CXCR3-,MS,CSF_16,ACGGAGACACCTCGGA-1,0.5705061057004072
CXCR3+,MS,CSF_16,ACGGCCAAGGCAATTA-1,0.6535736392562684
CXCR3-,MS,CSF_16,ACGGCCAGTTAAGGGC-1,-0.15959527480499716
CXCR3-,MS,CSF_16,ACGGGCTAGAAACGAG-1,-0.021049099524120773
CXCR3-,MS,CSF_16,ACGGGCTGTGTAATGA-1,-0.0344570273924915
CXCR3-,MS,CSF_16,ACGGGTCAGTTCGCAT-1,0.23468296213074832
CXCR3-,MS,CSF_16,ACGGGTCCACAGACAG-1,-0.29997119987097626
CXCR3-,MS,CSF_16,ACGGGTCCATCTACGA-1,0.9339470969654896
CXCR3+,MS,CSF_16,ACGGGTCGTAGGGACT-1,0.3148969712490235
CXCR3+,MS,CSF_16,ACGTCAACAACTGCTA-1,0.035442646483076254
CXCR3+,MS,CSF_16,ACGTCAACAATGAATG-1,-0.29997119987097626
CXCR3-,MS,CSF_16,ACGTCAATCGTCGTTC-1,-0.029460109017865766
CXCR3-,MS,CSF_16,ACGTCAATCTAAGCCA-1,-0.1647386335789172
CXCR3+,MS,CSF_16,ACTATCTAGCTAACTC-1,0.061099061320255776
CXCR3-,MS,CSF_16,ACTATCTAGGCATGGT-1,0.304699718855375
CXCR3-,MS,CSF_16,ACTATCTAGGCCGAAT-1,-0.29997119987097626
CXCR3+,MS,CSF_16,ACTATCTTCAGAGACG-1,0.02936434409917889
CXCR3-,MS,CSF_16,ACTATCTTCATACGGT-1,-0.07984619093095612
CXCR3+,MS,CSF_16,ACTGAGTTCACCTTAT-1,-0.1033789652312223
CXCR3-,MS,CSF_16,ACTGATGAGCCGCCTA-1,0.15128676539423896
CXCR3-,MS,CSF_16,ACTGATGCAGCTGCTG-1,0.1696387584468393
CXCR3-,MS,CSF_16,ACTGATGGTAGTACCT-1,-0.014450008606374659
CXCR3-,MS,CSF_16,ACTGATGTCTCATTCA-1,-0.29997119987097626
CXCR3+,MS,CSF_16,ACTGCTCCACATAACC-1,-0.29997119987097626
CXCR3-,MS,CSF_16,ACTGCTCCAGCCAGAA-1,-0.12991674689707985
CXCR3-,MS,CSF_16,ACTGCTCTCAGAGACG-1,0.3897017222474385
CXCR3-,MS,CSF_16,ACTGTCCAGAAACGCC-1,0.5261538000016668
CXCR3-,MS,CSF_16,ACTGTCCTCAGAGACG-1,-0.16964597386231994
CXCR3+,MS,CSF_16,ACTTACTTCCTACAGA-1,0.08923113963796254
CXCR3-,MS,CSF_16,ACTTGTTCAGTAACGG-1,0.199482895940861
CXCR3+,MS,CSF_16,ACTTGTTGTAACGCGA-1,-0.13678119923364102
CXCR3-,MS,CSF_16,ACTTTCACATGGGAAC-1,0.430646744568211
CXCR3-,MS,CSF_16,ACTTTCAGTAGAAAGG-1,-0.12438720439729256
CXCR3-,MS,CSF_16,ACTTTCAGTTGAGGTG-1,-0.29997119987097626
CXCR3-,MS,CSF_16,AGACGTTCATTGAGCT-1,0.437017950469547
CXCR3+,MS,CSF_16,AGACGTTGTAACGACG-1,0.020944049599972
CXCR3+,MS,CSF_16,AGACGTTTCCCGGATG-1,0.48795892985242045
CXCR3+,MS,CSF_16,AGACGTTTCGTCTGAA-1,1.121389787474595
CXCR3-,MS,CSF_16,AGAGCGAGTGGTCTCG-1,0.4254168307844165
CXCR3-,MS,CSF_16,AGAGCTTTCAGCAACT-1,0.625411397630751
CXCR3-,MS,CSF_16,AGAGCTTTCGGTGTCG-1,-0.29997119987097626
CXCR3-,MS,CSF_16,AGAGTGGAGACTTTCG-1,0.5169634746674647
CXCR3+,MS,CSF_16,AGATCTGGTACTTGAC-1,-0.022691424245158832
CXCR3-,MS,CSF_16,AGATCTGGTTACAGAA-1,-0.06877664995586852
CXCR3-,MS,CSF_16,AGATCTGTCATTGCCC-1,0.37133987761466297
CXCR3-,MS,CSF_16,AGCAGCCCATCACCCT-1,0.3279834412416543
CXCR3-,MS,CSF_16,AGCAGCCGTCTCTTTA-1,-0.29997119987097626
CXCR3-,MS,CSF_16,AGCAGCCGTGTAATGA-1,0.5409424026692117
CXCR3+,MS,CSF_16,AGCATACCAAGGTTTC-1,0.6802046567129939
CXCR3+,MS,CSF_16,AGCATACCAGCATACT-1,0.8666767872550138
CXCR3-,MS,CSF_16,AGCATACTCAGTACGT-1,-0.12330288609658435
CXCR3-,MS,CSF_16,AGCCTAAAGCGAAGGG-1,0.4034994722946735
CXCR3-,MS,CSF_16,AGCCTAAAGTTGAGAT-1,-0.10649674781374567
CXCR3+,MS,CSF_16,AGCCTAACAATGCCAT-1,0.10194194934742946
CXCR3-,MS,CSF_16,AGCCTAATCATGTGGT-1,-0.1452806870937355
CXCR3+,MS,CSF_16,AGCGGTCCAAGCGAGT-1,0.2835943223074084
CXCR3-,MS,CSF_16,AGCGGTCCAGTATAAG-1,0.016524034212538213
CXCR3-,MS,CSF_16,AGCGTATCAGGATCGA-1,0.11266446679460426
CXCR3-,MS,CSF_16,AGCGTATTCGCAGGCT-1,0.7226341848911539
CXCR3-,MS,CSF_16,AGCGTCGCATCAGTAC-1,-0.015643549435791576
CXCR3+,MS,CSF_16,AGCGTCGGTCACTTCC-1,0.1890024510017929
CXCR3-,MS,CSF_16,AGCGTCGGTCTGCCAG-1,-0.07670139189218073
CXCR3-,MS,CSF_16,AGCGTCGTCTGAGGGA-1,0.43459725816413514
CXCR3-,MS,CSF_16,AGCTCCTAGAGCTTCT-1,0.10698943133818342
CXCR3+,MS,CSF_16,AGCTCCTCACTTAACG-1,0.0902550201859363
CXCR3-,MS,CSF_16,AGCTCCTGTGACGGTA-1,-0.29997119987097626
CXCR3+,MS,CSF_16,AGCTCCTGTTCACGGC-1,-0.17631228133807827
CXCR3-,MS,CSF_16,AGCTCTCGTTAAGGGC-1,0.0691958379413939
CXCR3-,MS,CSF_16,AGCTCTCTCCTCATTA-1,0.17451965066639516
CXCR3+,MS,CSF_16,AGCTTGACAAGGTTTC-1,0.2715806685188852
CXCR3-,MS,CSF_16,AGCTTGAGTCTCTTTA-1,-0.14448254862134965
CXCR3-,MS,CSF_16,AGGCCACAGCACAGGT-1,0.030304840880243798
CXCR3+,MS,CSF_16,AGGCCACGTAAATGAC-1,0.6991094540467203
CXCR3-,MS,CSF_16,AGGGAGTAGGCGACAT-1,0.015176252976998659
CXCR3-,MS,CSF_16,AGGGAGTAGTCCAGGA-1,0.09871522739566793
CXCR3-,MS,CSF_16,AGGGAGTAGTGTACTC-1,-0.024028221261370997
CXCR3-,MS,CSF_16,AGGGAGTCAGCTATTG-1,-0.030474550537005367
CXCR3-,MS,CSF_16,AGGGAGTGTACCGGCT-1,0.18236511559148919
CXCR3-,MS,CSF_16,AGGGATGGTCTGGAGA-1,0.18395591857235247
CXCR3+,MS,CSF_16,AGGGATGTCTTTACGT-1,0.3571252303460636
CXCR3-,MS,CSF_16,AGGGTGAAGTATGACA-1,0.5681508087375609
CXCR3-,MS,CSF_16,AGGGTGACACAAGACG-1,0.18121895784424016
CXCR3+,MS,CSF_16,AGGGTGATCCAGGGCT-1,-0.024560012579326548
CXCR3-,MS,CSF_16,AGGTCCGCATCCAACA-1,-0.12092551657117012
CXCR3-,MS,CSF_16,AGGTCCGGTTCCAACA-1,0.2773582585382311
CXCR3+,MS,CSF_16,AGGTCCGTCCAATGGT-1,0.2000085403305097
CXCR3-,MS,CSF_16,AGTAGTCAGGCAGTCA-1,-0.0006750526164395991
CXCR3-,MS,CSF_16,AGTCTTTAGTATTGGA-1,0.6353071713244691
CXCR3-,MS,CSF_16,AGTCTTTGTAAGTGTA-1,0.3432309111346368
CXCR3-,MS,CSF_16,AGTCTTTGTTCGTGAT-1,-0.29997119987097626
CXCR3-,MS,CSF_16,AGTGAGGCATCATCCC-1,0.1658461059551743
CXCR3-,MS,CSF_16,AGTGGGAAGACTAGAT-1,0.11782021746678979
CXCR3-,MS,CSF_16,AGTGGGACATCCGGGT-1,-0.29997119987097626
CXCR3-,MS,CSF_16,AGTGGGAGTACGCTGC-1,-0.29997119987097626
CXCR3+,MS,CSF_16,AGTGGGAGTCAATACC-1,0.4732090773410188
CXCR3+,MS,CSF_16,AGTGGGAGTGATGATA-1,0.5190215707914037
CXCR3+,MS,CSF_16,AGTGTCAAGAGCAATT-1,0.21434823612829887
CXCR3-,MS,CSF_16,AGTGTCAAGTAGCCGA-1,-0.29997119987097626
CXCR3-,MS,CSF_16,AGTGTCACAGCCAGAA-1,-0.29997119987097626
CXCR3-,MS,CSF_16,AGTTGGTCATTCACTT-1,0.4352922100727755
CXCR3-,MS,CSF_16,AGTTGGTGTCATATGC-1,0.17388599699234583
CXCR3+,MS,CSF_16,AGTTGGTTCACCATAG-1,0.09334199984717048
CXCR3+,MS,CSF_16,ATAACGCGTCGCGAAA-1,0.11399485741288784
CXCR3-,MS,CSF_16,ATAGACCTCTCGCTTG-1,0.30835376540105475
CXCR3+,MS,CSF_16,ATCACGAAGGATGGAA-1,0.6589450954468576
CXCR3-,MS,CSF_16,ATCACGACAAGCCCAC-1,-0.29997119987097626
CXCR3-,MS,CSF_16,ATCACGACACGAAGCA-1,0.3709853285255604
CXCR3+,MS,CSF_16,ATCACGACAGGAACGT-1,-0.09784434990272164
CXCR3-,MS,CSF_16,ATCACGAGTTCGCGAC-1,0.03226495229317546
CXCR3-,MS,CSF_16,ATCATCTCAGCTCGAC-1,0.07060462090936194
CXCR3-,MS,CSF_16,ATCATCTGTCCGAACC-1,-0.1095277797402608
CXCR3+,MS,CSF_16,ATCATCTTCTCAACTT-1,-0.21150987893978293
CXCR3-,MS,CSF_16,ATCATGGTCACAATGC-1,0.04736880699557692
CXCR3-,MS,CSF_16,ATCATGGTCCGTCATC-1,-0.29997119987097626
CXCR3-,MS,CSF_16,ATCCACCAGAGTACCG-1,-0.13955789187566056
CXCR3-,MS,CSF_16,ATCCACCCACTTACGA-1,-0.29997119987097626
CXCR3+,MS,CSF_16,ATCCACCGTTACCGAT-1,-0.059023075340094454
CXCR3-,MS,CSF_16,ATCCGAAAGGACACCA-1,0.17083052624329206
CXCR3-,MS,CSF_16,ATCCGAACAGCAGTTT-1,-0.07617362229218276
CXCR3-,MS,CSF_16,ATCCGAAGTTACGCGC-1,0.93326042518743
CXCR3+,MS,CSF_16,ATCCGAATCATCGGAT-1,-0.12657607763953407
CXCR3-,MS,CSF_16,ATCGAGTCATGTCGAT-1,-0.04921743686814315
CXCR3-,MS,CSF_16,ATCTACTAGAGTACCG-1,0.037556390292004714
CXCR3-,MS,CSF_16,ATCTACTAGGTGTTAA-1,-0.027697540409696905
CXCR3-,MS,CSF_16,ATGAGGGCACTGTTAG-1,0.2876668416909407
CXCR3-,MS,CSF_16,ATGAGGGGTAGGCTGA-1,-0.29997119987097626
CXCR3-,MS,CSF_16,ATGAGGGTCTTTAGTC-1,-0.22951243354800394
CXCR3-,MS,CSF_16,ATGCGATCAGCTTAAC-1,0.7856803722484532
CXCR3-,MS,CSF_16,ATGCGATCATGCCTTC-1,0.4493671379613284
CXCR3-,MS,CSF_16,ATGCGATGTCTTCGTC-1,0.8754137560786605
CXCR3-,MS,CSF_16,ATGCGATGTTGGTTTG-1,0.6142976619166681
CXCR3-,MS,CSF_16,ATGGGAGCACTTCTGC-1,-0.03143071401677841
CXCR3-,MS,CSF_16,ATGGGAGGTAGTACCT-1,0.2731873569403369
CXCR3+,MS,CSF_16,ATGGGAGGTATTAGCC-1,-0.032194650011340205
CXCR3-,MS,CSF_16,ATGGGAGGTCGGCTCA-1,-0.29997119987097626
CXCR3+,MS,CSF_16,ATGGGAGTCGAATCCA-1,-0.009951212410258065
CXCR3-,MS,CSF_16,ATGGGAGTCGCCTGTT-1,-0.1945997037628071
CXCR3-,MS,CSF_16,ATTATCCAGGCACATG-1,-0.0648575144966696
CXCR3+,MS,CSF_16,ATTATCCCATGGGACA-1,0.27567292911910285
CXCR3-,MS,CSF_16,ATTATCCGTGGAAAGA-1,0.10247815508614262
CXCR3+,MS,CSF_16,ATTATCCTCGAGCCCA-1,0.37228831038541293
CXCR3-,MS,CSF_16,ATTCTACAGCCACCTG-1,-0.017734791534831883
CXCR3-,MS,CSF_16,ATTCTACCAGCTGTGC-1,-0.09066230685202156
CXCR3-,MS,CSF_16,ATTCTACGTATATCCG-1,-0.027474126896797863
CXCR3-,MS,CSF_16,ATTCTACTCCGAAGAG-1,0.28182419493346156
CXCR3-,MS,CSF_16,ATTCTACTCGCAGGCT-1,0.50609245972545
CXCR3-,MS,CSF_16,ATTGGACCAGGTCTCG-1,-0.29997119987097626
CXCR3-,MS,CSF_16,ATTGGACGTCATTAGC-1,0.7818396657596688
CXCR3-,MS,CSF_16,ATTGGACTCTCAACTT-1,0.053298426900602554
CXCR3-,MS,CSF_16,ATTGGTGAGGGAACGG-1,0.14693684146290373
CXCR3+,MS,CSF_16,ATTGGTGAGGTAAACT-1,0.7943300713370381
CXCR3+,MS,CSF_16,ATTGGTGGTCAATGTC-1,1.2747809108454777
CXCR3-,MS,CSF_16,ATTGGTGGTCTTTCAT-1,0.10411547885222532
CXCR3+,MS,CSF_16,ATTGGTGTCGCACTCT-1,0.0034461550449265766
CXCR3-,MS,CSF_16,CAACCAAAGGGATGGG-1,0.006130631581441686
CXCR3-,MS,CSF_16,CAACCAAGTGATAAAC-1,0.10543694200586969
CXCR3-,MS,CSF_16,CAACCAAGTTCTGTTT-1,0.23247294612813257
CXCR3-,MS,CSF_16,CAACTAGAGGCTATCT-1,0.06636296473250504
CXCR3-,MS,CSF_16,CAACTAGCAAGTAATG-1,-0.14821217412685694
CXCR3+,MS,CSF_16,CAACTAGCAGATCGGA-1,0.35407400606007255
CXCR3+,MS,CSF_16,CAACTAGTCACAGGCC-1,-0.29997119987097626
CXCR3-,MS,CSF_16,CAACTAGTCAGGCCCA-1,-0.09331694306252192
CXCR3+,MS,CSF_16,CAAGAAAGTATTCGTG-1,-0.29997119987097626
CXCR3-,MS,CSF_16,CAAGAAAGTTCTGAAC-1,-0.29997119987097626
CXCR3-,MS,CSF_16,CAAGAAATCCTCGCAT-1,0.05923337535455685
CXCR3-,MS,CSF_16,CAAGATCGTGAAAGAG-1,0.945865640551653
CXCR3-,MS,CSF_16,CAAGATCTCAGCTTAG-1,-0.16683559920154759
CXCR3-,MS,CSF_16,CAAGATCTCTCGAGTA-1,0.08433747516746724
CXCR3-,MS,CSF_16,CAAGGCCAGATCTGAA-1,0.19541869381233665
CXCR3-,MS,CSF_16,CAAGGCCAGTCGATAA-1,-0.29997119987097626
CXCR3+,MS,CSF_16,CAAGGCCGTCGACTGC-1,-0.1319479440675487
CXCR3-,MS,CSF_16,CAAGGCCGTCTCTCTG-1,-0.053428006384284965
CXCR3-,MS,CSF_16,CAAGGCCTCTATCGCC-1,0.07267364157364856
CXCR3-,MS,CSF_16,CAAGTTGAGATATGGT-1,0.18912216917930585
CXCR3-,MS,CSF_16,CAAGTTGCAAGCGAGT-1,0.2877999713381539
CXCR3+,MS,CSF_16,CAAGTTGCATGAGCGA-1,0.11008885197621272
CXCR3-,MS,CSF_16,CAAGTTGGTCGTTGTA-1,-0.0868460401282342
CXCR3-,MS,CSF_16,CAAGTTGGTTAAGGGC-1,0.14371386390474322
CXCR3-,MS,CSF_16,CACAAACGTTGGACCC-1,-0.1399829749365529
CXCR3-,MS,CSF_16,CACACCTGTTATCGGT-1,0.46676323265194153
CXCR3-,MS,CSF_16,CACACTCGTCTTGTCC-1,-0.028216093418683384
CXCR3-,MS,CSF_16,CACACTCGTTCTCATT-1,0.27710269087799894
CXCR3+,MS,CSF_16,CACACTCTCAACCAAC-1,0.29562604838433487
CXCR3-,MS,CSF_16,CACACTCTCGTGGGAA-1,-0.29997119987097626
CXCR3+,MS,CSF_16,CACACTCTCTGCAAGT-1,0.021918923038963572
CXCR3+,MS,CSF_16,CACAGGCGTGCGATAG-1,-0.29997119987097626
CXCR3-,MS,CSF_16,CACAGGCTCCAACCAA-1,0.4638236674115201
CXCR3-,MS,CSF_16,CACAGTAAGGAGCGAG-1,0.3585991895172099
CXCR3-,MS,CSF_16,CACAGTAGTCGCTTTC-1,0.0822256311444749
CXCR3+,MS,CSF_16,CACAGTATCGTGGGAA-1,-0.2137345622913874
CXCR3-,MS,CSF_16,CACATAGAGACGCAAC-1,0.29643093030398215
CXCR3-,MS,CSF_16,CACATAGAGGCATGTG-1,0.23446554027717975
CXCR3-,MS,CSF_16,CACATAGCAGATAATG-1,0.23461823457383027
CXCR3-,MS,CSF_16,CACATAGCATGTTCCC-1,0.2710684106560244
CXCR3+,MS,CSF_16,CACATTTCACTGTTAG-1,-0.2082546048775073
CXCR3+,MS,CSF_16,CACATTTTCATTGCCC-1,0.01979493925065388
CXCR3+,MS,CSF_16,CACCACTCATCACAAC-1,0.3566215228777931
CXCR3-,MS,CSF_16,CACCACTTCACAGGCC-1,0.4414065017250146
CXCR3-,MS,CSF_16,CACCACTTCTCCAGGG-1,0.12423106141694037
CXCR3+,MS,CSF_16,CACCAGGCAGGGTACA-1,0.19258398066930565
CXCR3+,MS,CSF_16,CACCTTGAGAACAATC-1,-0.29997119987097626
CXCR3+,MS,CSF_16,CACCTTGAGGTGGGTT-1,0.5570390805829076
CXCR3-,MS,CSF_16,CACCTTGAGTGCTGCC-1,0.13605816116880726
CXCR3-,MS,CSF_16,CACCTTGGTCCTCCAT-1,-0.16320406846615867
CXCR3-,MS,CSF_16,CACCTTGTCGGTCCGA-1,-0.0421655154004136
CXCR3-,MS,CSF_16,CACTCCAAGAGACGAA-1,0.6242387294198065
CXCR3-,MS,CSF_16,CACTCCACAAGTCATC-1,0.18098603435670832
CXCR3-,MS,CSF_16,CACTCCATCTGGTTCC-1,0.31714019960825557
CXCR3+,MS,CSF_16,CAGAATCCAGTTCCCT-1,0.41335031477670603
CXCR3+,MS,CSF_16,CAGAGAGAGCTCAACT-1,0.34007435133819575
CXCR3-,MS,CSF_16,CAGATCAAGACTAGGC-1,-0.052497845579970524
CXCR3-,MS,CSF_16,CAGATCAGTTGCGTTA-1,0.14786319151737284
CXCR3+,MS,CSF_16,CAGCAGCAGAGTAATC-1,0.2788180449444487
CXCR3+,MS,CSF_16,CAGCAGCCAGCAGTTT-1,-0.10945344495524696
CXCR3-,MS,CSF_16,CAGCAGCGTCTACCTC-1,-0.29997119987097626
CXCR3-,MS,CSF_16,CAGCATAGTCTGCAAT-1,-0.29997119987097626
CXCR3+,MS,CSF_16,CAGCATAGTGCCTTGG-1,-0.29997119987097626
CXCR3-,MS,CSF_16,CAGCCGAAGAATTCCC-1,-0.29997119987097626
CXCR3-,MS,CSF_16,CAGCCGAAGCAGCCTC-1,0.07471074105263904
CXCR3-,MS,CSF_16,CAGCCGAGTTGAGTTC-1,-0.29997119987097626
CXCR3-,MS,CSF_16,CAGCCGATCTGATTCT-1,0.3738625633758971
CXCR3-,MS,CSF_16,CAGCGACCACTAGTAC-1,-0.29997119987097626
CXCR3+,MS,CSF_16,CAGCGACGTTGTCTTT-1,-0.29997119987097626
CXCR3-,MS,CSF_16,CAGCTAAAGCCAGGAT-1,0.4193012817536033
CXCR3-,MS,CSF_16,CAGCTAAAGTCAAGCG-1,0.17430501658690575
CXCR3-,MS,CSF_16,CAGCTAAGTAAAGGAG-1,-0.29997119987097626
CXCR3+,MS,CSF_16,CAGCTGGAGAAACCGC-1,0.16619236872305718
CXCR3-,MS,CSF_16,CAGCTGGCACAGGCCT-1,0.19835815281231498
CXCR3+,MS,CSF_16,CAGCTGGGTTCGTTGA-1,-0.014252429463207561
CXCR3-,MS,CSF_16,CAGCTGGTCCACGCAG-1,0.0889891435881213
CXCR3-,MS,CSF_16,CAGGTGCAGCCACGTC-1,-0.1301779588444901
CXCR3+,MS,CSF_16,CAGGTGCTCCGTAGGC-1,0.10271079008578991
CXCR3-,MS,CSF_16,CAGTAACCAGCTGTTA-1,-0.07824243871945477
CXCR3-,MS,CSF_16,CAGTAACTCTCGCATC-1,0.39598331219577826
CXCR3+,MS,CSF_16,CAGTCCTAGAGTCTGG-1,0.27802550942509524
CXCR3-,MS,CSF_16,CATATGGAGAGCCTAG-1,0.3723717421082392
CXCR3-,MS,CSF_16,CATATTCAGACCTTTG-1,-0.29997119987097626
CXCR3-,MS,CSF_16,CATATTCCACGGATAG-1,0.642715721416342
CXCR3-,MS,CSF_16,CATCAAGTCCATTCTA-1,0.2432636798371692
CXCR3-,MS,CSF_16,CATCAGACACGGTAGA-1,0.8648139056281533
CXCR3-,MS,CSF_16,CATCAGAGTAGCAAAT-1,0.29618629665789786
CXCR3-,MS,CSF_16,CATCAGAGTGATAAAC-1-1,0.11099866290325498
CXCR3+,MS,CSF_16,CATCAGATCCATGAGT-1,-0.08398378144385207
CXCR3-,MS,CSF_16,CATCCACAGTGTTGAA-1,-0.29997119987097626
CXCR3-,MS,CSF_16,CATCCACGTCTAGAGG-1,-0.008350629955251423
CXCR3+,MS,CSF_16,CATCGAACAAGTCTAC-1,-0.29997119987097626
CXCR3-,MS,CSF_16,CATCGGGCAAACGCGA-1,0.1019501326319238
CXCR3+,MS,CSF_16,CATGACACAGAGTGTG-1,0.1735955649843901
CXCR3+,MS,CSF_16,CATGACACATGCTAGT-1,0.18764994663870935
CXCR3-,MS,CSF_16,CATGACATCTGTCAAG-1,-0.18876437420627296
CXCR3-,MS,CSF_16,CATGCCTGTACACCGC-1,0.455498352584628
CXCR3-,MS,CSF_16,CATGCCTGTTGGTTTG-1,0.143256021353344
CXCR3-,MS,CSF_16,CATGCCTTCCTTTCGG-1,0.19897852927165793
CXCR3-,MS,CSF_16,CATGCCTTCTCTTATG-1,0.13003040803585367
CXCR3-,MS,CSF_16,CATGGCGCATTGGCGC-1,-0.04326985196082437
CXCR3-,MS,CSF_16,CATGGCGTCCGCAAGC-1,-0.10040150014044066
CXCR3-,MS,CSF_16,CCACCTAAGGGCTTGA-1,-0.29997119987097626
CXCR3-,MS,CSF_16,CCACCTAAGGTGCTTT-1,0.17180572057818994
CXCR3-,MS,CSF_16,CCACGGACATGTCCTC-1,-0.06775495028760427
CXCR3-,MS,CSF_16,CCACTACAGCCGTCGT-1,0.11117745605486697
CXCR3+,MS,CSF_16,CCACTACGTAGCGTGA-1,-0.14800159996467846
CXCR3+,MS,CSF_16,CCACTACGTCGACTAT-1,-0.17571062214093083
CXCR3-,MS,CSF_16,CCACTACTCAACCATG-1,0.30023795045761886
CXCR3-,MS,CSF_16,CCAGCGACAAGCTGTT-1,-0.14912609117045678
CXCR3-,MS,CSF_16,CCAGCGACACCGAAAG-1,0.05141116958337657
CXCR3+,MS,CSF_16,CCAGCGAGTCGTCTTC-1,0.11130405025072895
CXCR3-,MS,CSF_16,CCAGCGATCAACACTG-1,0.46207688832797594
CXCR3-,MS,CSF_16,CCAGCGATCAGAGGTG-1,-0.06503480248324842
CXCR3+,MS,CSF_16,CCATGTCAGTCACGCC-1,0.30090278861376396
CXCR3-,MS,CSF_16,CCATGTCCAGGACCCT-1,0.4226018014924095
CXCR3+,MS,CSF_16,CCATTCGCAGCGAACA-1,0.21194652575761874
CXCR3+,MS,CSF_16,CCATTCGGTATCAGTC-1,-0.13074082075249277
CXCR3-,MS,CSF_16,CCATTCGGTCTGCGGT-1,0.07639481781970515
CXCR3-,MS,CSF_16,CCATTCGTCACCTCGT-1,-0.0772772923757934
CXCR3+,MS,CSF_16,CCATTCGTCATCACCC-1,-0.29997119987097626
CXCR3+,MS,CSF_16,CCCAATCAGTGATCGG-1,0.26131805860790763
CXCR3-,MS,CSF_16,CCCAATCTCGGTGTTA-1,-0.007008850638988373
CXCR3-,MS,CSF_16,CCCAGTTTCTCTAAGG-1,0.26767018705706974
CXCR3+,MS,CSF_16,CCCATACAGCTCCTTC-1,-0.12388340079918761
CXCR3-,MS,CSF_16,CCCATACCAATCAGAA-1,0.2431324595396554
CXCR3+,MS,CSF_16,CCCATACCAATCTGCA-1,-0.004859214884175749
CXCR3-,MS,CSF_16,CCCTCCTCAATAGAGT-1,0.4180303844073742
CXCR3+,MS,CSF_16,CCCTCCTTCAAACCAC-1,0.2882648576195523
CXCR3-,MS,CSF_16,CCGGGATTCAACGGGA-1,-0.12925888373533892
CXCR3+,MS,CSF_16,CCGGTAGCAACCGCCA-1,0.12604561774969206
CXCR3-,MS,CSF_16,CCGGTAGGTCGCTTCT-1,-0.29997119987097626
CXCR3-,MS,CSF_16,CCGGTAGTCTTGCCGT-1,-0.29997119987097626
CXCR3-,MS,CSF_16,CCGTACTAGAACAACT-1,-0.06015741601352348
CXCR3+,MS,CSF_16,CCGTACTGTAGAGTGC-1,0.38153884829282203
CXCR3-,MS,CSF_16,CCGTACTTCATCTGCC-1,-0.0426750716855239
CXCR3-,MS,CSF_16,CCGTGGAGTTATCACG-1,-0.29997119987097626
CXCR3-,MS,CSF_16,CCGTTCAAGCACCGTC-1,-0.038049328682864106
CXCR3-,MS,CSF_16,CCGTTCACAGATAATG-1,0.1174867894982735
CXCR3-,MS,CSF_16,CCGTTCACATTTGCTT-1,0.38584712024601325
CXCR3-,MS,CSF_16,CCGTTCATCCGTTGTC-1,0.9007583750328682
CXCR3-,MS,CSF_16,CCGTTCATCTTGTATC-1,-0.29997119987097626
CXCR3-,MS,CSF_16,CCTAAAGCATGCCACG-1,-0.29997119987097626
CXCR3+,MS,CSF_16,CCTACACAGATAGCAT-1,0.04025762924668409
CXCR3-,MS,CSF_16,CCTACACCACTGCCAG-1,-0.29997119987097626
CXCR3-,MS,CSF_16,CCTACCAAGAGGACGG-1,-0.029135327960374567
CXCR3-,MS,CSF_16,CCTACCAAGGACGAAA-1,-0.04526500194194198
CXCR3+,MS,CSF_16,CCTACCACATAAAGGT-1,-0.15691345355001599
CXCR3+,MS,CSF_16,CCTACCAGTGGACGAT-1,0.2503608812807233
CXCR3-,MS,CSF_16,CCTACCATCTGGGCCA-1,0.024902736695608083
CXCR3+,MS,CSF_16,CCTAGCTCAATACGCT-1,-0.09186440845019668
CXCR3+,MS,CSF_16,CCTAGCTGTCGACTAT-1,0.1554563171471392
CXCR3-,MS,CSF_16,CCTAGCTTCGATGAGG-1,0.4402635933437157
CXCR3-,MS,CSF_16,CCTATTAAGAGGTACC-1,0.263941788644641
CXCR3-,MS,CSF_16,CCTATTAGTACAGCAG-1,0.09463466416319402
CXCR3+,MS,CSF_16,CCTCAGTCATTTCAGG-1,0.07678123782419008
CXCR3-,MS,CSF_16,CCTCTGAAGGTGTGGT-1,0.6942374096641621
CXCR3-,MS,CSF_16,CCTCTGAAGTACACCT-1,-0.16051407081721766
CXCR3-,MS,CSF_16,CCTCTGAAGTACGCGA-1,-0.29997119987097626
CXCR3-,MS,CSF_16,CCTCTGACACAGAGGT-1,0.24053988447315175
CXCR3-,MS,CSF_16,CCTCTGATCCCTCTTT-1,0.17899292964025765
CXCR3+,MS,CSF_16,CCTCTGATCCGCAAGC-1,0.7241819057069294
CXCR3-,MS,CSF_16,CCTTACGCAGCTCGAC-1,-0.13378497298411582
CXCR3-,MS,CSF_16,CCTTACGGTATAAACG-1,-0.14351291010207248
CXCR3-,MS,CSF_16,CCTTACGTCTTCGGTC-1,0.17086744840905327
CXCR3+,MS,CSF_16,CCTTCCCAGTTGTCGT-1,0.21906442682357793
CXCR3-,MS,CSF_16,CCTTCCCCAATGAATG-1,0.05118410124758107
CXCR3-,MS,CSF_16,CCTTCCCCATGCGCAC-1,-0.13697004636606916
CXCR3-,MS,CSF_16,CCTTCCCGTGAGGCTA-1,-0.29997119987097626
CXCR3+,MS,CSF_16,CCTTCCCGTTGGTGGA-1,-0.29997119987097626
CXCR3-,MS,CSF_16,CCTTCCCTCACATAGC-1,-0.02952061915437107
CXCR3-,MS,CSF_16,CCTTTCTTCGCGTAGC-1,0.15658458449327875
CXCR3+,MS,CSF_16,CGAACATCAACTTGAC-1,0.3661202230298987
CXCR3-,MS,CSF_16,CGAACATCATCTCCCA-1,0.04205818512953165
CXCR3-,MS,CSF_16,CGAACATGTACCATCA-1,0.1923577104265642
CXCR3-,MS,CSF_16,CGACCTTCACATCTTT-1,-0.29997119987097626
CXCR3+,MS,CSF_16,CGACCTTCAGGGTACA-1,0.35853611575184263
CXCR3+,MS,CSF_16,CGACCTTGTGCACCAC-1,-0.11469016154189007
CXCR3+,MS,CSF_16,CGACCTTTCAGAGCTT-1,0.7441687508700575
CXCR3-,MS,CSF_16,CGACCTTTCGGCCGAT-1,-0.08431734919511856
CXCR3+,MS,CSF_16,CGACTTCTCTTCCTTC-1,-0.12121805284332525
CXCR3+,MS,CSF_16,CGAGAAGAGGCTAGGT-1,-0.008428074218558929
CXCR3+,MS,CSF_16,CGAGAAGCACCTATCC-1,0.21004544559765378
CXCR3+,MS,CSF_16,CGAGAAGCATGTAGTC-1,0.7857269508569028
CXCR3-,MS,CSF_16,CGAGCACAGGTGCTTT-1,0.1379643011393332
CXCR3-,MS,CSF_16,CGAGCACTCATATCGG-1,-0.12893709033886588
CXCR3-,MS,CSF_16,CGAGCCACATTACGAC-1,-0.018392822707392276
CXCR3+,MS,CSF_16,CGAGCCAGTCTTCGTC-1,0.06852249132955722
CXCR3-,MS,CSF_16,CGAGCCAGTTCCACAA-1,0.3024583523682976
CXCR3+,MS,CSF_16,CGATCGGCACAGGAGT-1,0.23691585108074312
CXCR3+,MS,CSF_16,CGATCGGTCTGCGGCA-1,0.06568579768876417
CXCR3+,MS,CSF_16,CGATTGAAGAAACCAT-1,0.2929916526108181
CXCR3-,MS,CSF_16,CGATTGACACTGTGTA-1,-0.06054005444720702
CXCR3-,MS,CSF_16,CGATTGAGTAGTACCT-1,-0.29997119987097626
CXCR3-,MS,CSF_16,CGCCAAGTCGTCCAGG-1,-0.29997119987097626
CXCR3+,MS,CSF_16,CGCGGTAAGGTCATCT-1,0.5539422881483749
CXCR3-,MS,CSF_16,CGCGGTAAGTAATCCC-1,-0.15599274619254386
CXCR3-,MS,CSF_16,CGCGGTACACACCGAC-1,0.08108427059702042
CXCR3+,MS,CSF_16,CGCGGTACACAGACTT-1,-0.29997119987097626
CXCR3-,MS,CSF_16,CGCGGTAGTAGCGTCC-1,0.22520866645675044
CXCR3-,MS,CSF_16,CGCGGTAGTTCCTCCA-1,0.010743741882467597
CXCR3+,MS,CSF_16,CGCGGTATCCGTAGGC-1,0.6864365872905477
CXCR3-,MS,CSF_16,CGCGTTTGTGCTCTTC-1,0.2085645972751435
CXCR3-,MS,CSF_16,CGCTATCAGGCTAGAC-1,-0.2050888094939133
CXCR3+,MS,CSF_16,CGCTATCAGTACGTTC-1,0.2965135563528555
CXCR3-,MS,CSF_16,CGCTATCTCCAGAGGA-1,-0.11807151022853193
CXCR3+,MS,CSF_16,CGCTATCTCGGGAGTA-1,0.6990710559532848
CXCR3-,MS,CSF_16,CGCTTCAAGCACACAG-1,0.04054002411717962
CXCR3+,MS,CSF_16,CGCTTCACACCTGGTG-1,-0.2050888094939133
CXCR3-,MS,CSF_16,CGCTTCATCGGATGTT-1,-0.1947360929675773
CXCR3-,MS,CSF_16,CGGACACAGGTGCAAC-1,0.24993392624667868
CXCR3-,MS,CSF_16,CGGACACCACGTCTCT-1,0.4910409403134303
CXCR3-,MS,CSF_16,CGGACACGTAGTAGTA-1,-0.19080499674150855
CXCR3-,MS,CSF_16,CGGACGTCAAGTTGTC-1,0.2783496377793263
CXCR3-,MS,CSF_16,CGGACGTCAGCTGTGC-1,-0.29997119987097626
CXCR3-,MS,CSF_16,CGGACGTGTGGGTATG-1,-0.07897997985455794
CXCR3+,MS,CSF_16,CGGACTGTCACCTCGT-1,1.2429081038645517
CXCR3-,MS,CSF_16,CGGACTGTCATGTGGT-1,-0.0012457681304433984
CXCR3-,MS,CSF_16,CGGAGCTAGATCGATA-1,-0.036554329689770564
CXCR3+,MS,CSF_16,CGGAGCTCAGACGCAA-1,0.22193058176196986
CXCR3-,MS,CSF_16,CGGAGTCGTGCGAAAC-1,-0.18354677454540308
CXCR3-,MS,CSF_16,CGGAGTCGTGTAAGTA-1,-0.05552240188753148
CXCR3+,MS,CSF_16,CGGAGTCTCTTGCCGT-1,-0.11267357529409196
CXCR3-,MS,CSF_16,CGGCTAGAGTTAGCGG-1,-0.08012749247668371
CXCR3-,MS,CSF_16,CGGCTAGCAAGTTAAG-1,-0.29997119987097626
CXCR3-,MS,CSF_16,CGGCTAGTCGAACGGA-1,0.07727830728924574
CXCR3-,MS,CSF_16,CGGCTAGTCGAGCCCA-1,0.708739446433667
CXCR3-,MS,CSF_16,CGGGTCACAAAGGCGT-1,0.15657461999733416
CXCR3-,MS,CSF_16,CGGGTCACACCAGATT-1,0.7459790744080772
CXCR3-,MS,CSF_16,CGGTTAAGTACCGTTA-1,-0.12702068077348855
CXCR3-,MS,CSF_16,CGGTTAATCCGTCAAA-1,0.3738036609892831
CXCR3-,MS,CSF_16,CGGTTAATCCGTTGTC-1,-0.12731688838152536
CXCR3-,MS,CSF_16,CGGTTAATCGCCTGTT-1,0.8351015923409937
CXCR3+,MS,CSF_16,CGTAGGCAGTGTGGCA-1,-0.1537110685653976
CXCR3-,MS,CSF_16,CGTAGGCGTACCTACA-1,0.48008048709867934
CXCR3-,MS,CSF_16,CGTCAGGCAATGGTCT-1,-0.07220607761059543
CXCR3-,MS,CSF_16,CGTCAGGGTCTCTCTG-1,-0.07028713692970996
CXCR3-,MS,CSF_16,CGTCAGGGTGGGTCAA-1,-0.0896486576961858
CXCR3-,MS,CSF_16,CGTCAGGTCAAACAAG-1,-0.29997119987097626
CXCR3-,MS,CSF_16,CGTCCATAGCAATCTC-1,0.9460673101752165
CXCR3+,MS,CSF_16,CGTCCATCAAGAAAGG-1,-0.29997119987097626
CXCR3+,MS,CSF_16,CGTCCATCAGCCTGTG-1,-0.21808702770505833
CXCR3-,MS,CSF_16,CGTCCATCAGGTGGAT-1,0.4883302652781744
CXCR3-,MS,CSF_16,CGTCTACAGATCACGG-1,0.35777976123801214
CXCR3+,MS,CSF_16,CGTGAGCAGGGCTCTC-1,0.07560384869913168
CXCR3+,MS,CSF_16,CGTGTAAGTACCCAAT-1,-0.18472185302791835
CXCR3-,MS,CSF_16,CGTGTCTGTAGCAAAT-1,-0.062319826502158115
CXCR3-,MS,CSF_16,CGTGTCTGTGCAACTT-1,-0.29997119987097626
CXCR3-,MS,CSF_16,CGTTAGAAGGTAGCTG-1,0.42454247848817295
CXCR3+,MS,CSF_16,CGTTAGAGTGCGGTAA-1,0.38395131896072604
CXCR3+,MS,CSF_16,CGTTAGAGTTGAACTC-1,0.02962374728572497
CXCR3+,MS,CSF_16,CGTTAGATCTAGAGTC-1,-0.09316170693065533
CXCR3+,MS,CSF_16,CGTTCTGAGGATATAC-1,0.33461863289719346
CXCR3-,MS,CSF_16,CGTTGGGCAAACCCAT-1,0.28035692033763865
CXCR3-,MS,CSF_16,CGTTGGGCAAGAGTCG-1,0.5131096051426396
CXCR3-,MS,CSF_16,CGTTGGGTCAAAGACA-1,-0.16477439073348712
CXCR3-,MS,CSF_16,CTAACTTCAACGCACC-1,-0.20656901496598518
CXCR3+,MS,CSF_16,CTAACTTCACCAGGCT-1,0.5977212402337909
CXCR3-,MS,CSF_16,CTAACTTCATGCCTAA-1,-0.29997119987097626
CXCR3-,MS,CSF_16,CTAAGACAGGAGTACC-1,-0.11963396511296769
CXCR3-,MS,CSF_16,CTAAGACGTAGCGCTC-1,-0.2155736783342809
CXCR3-,MS,CSF_16,CTACACCAGCCCGAAA-1,-0.10395840621692794
CXCR3+,MS,CSF_16,CTACACCAGTGCGTGA-1,0.11185435431084263
CXCR3+,MS,CSF_16,CTACACCGTCGGCACT-1,-0.29997119987097626
CXCR3-,MS,CSF_16,CTACATTCAATGGTCT-1,-0.14735197636490852
CXCR3-,MS,CSF_16,CTACATTCATCTACGA-1,-0.22138608297163226
CXCR3-,MS,CSF_16,CTACATTGTTCCGGCA-1,-0.16483624896979573
CXCR3-,MS,CSF_16,CTACATTTCCAACCAA-1,0.2954728386518612
CXCR3-,MS,CSF_16,CTACCCAAGCTCAACT-1,-0.13026331359894086
CXCR3+,MS,CSF_16,CTACCCACACTGTCGG-1,0.2780166817306629
CXCR3-,MS,CSF_16,CTACCCAGTAGAGGAA-1,0.1618998568849816
CXCR3+,MS,CSF_16,CTACCCATCAAGGTAA-1,0.24628829978184053
CXCR3-,MS,CSF_16,CTAGAGTCACCCTATC-1,0.36842176637781315
CXCR3-,MS,CSF_16,CTAGCCTAGCGTTGCC-1,0.3972579298387675
CXCR3-,MS,CSF_16,CTAGCCTCAAGCTGTT-1,0.0950887580139271
CXCR3-,MS,CSF_16,CTAGCCTCACAGGCCT-1,-0.056334902740898855
CXCR3+,MS,CSF_16,CTAGCCTTCTGTCAAG-1,-0.29997119987097626
CXCR3+,MS,CSF_16,CTAGTGAGTCTAAACC-1,0.27076990073658663
CXCR3+,MS,CSF_16,CTCACACCAGGACGTA-1,0.17630839854998923
CXCR3-,MS,CSF_16,CTCACACGTCCAGTTA-1,0.2213763154414657
CXCR3-,MS,CSF_16,CTCACACTCGAACGGA-1,0.18662101560543992
CXCR3-,MS,CSF_16,CTCAGAAAGATATACG-1,0.06004577581044631
CXCR3-,MS,CSF_16,CTCAGAATCGAGAGCA-1,-0.07672671195562854
CXCR3-,MS,CSF_16,CTCATTACATCCGGGT-1,-0.1164315593945737
CXCR3-,MS,CSF_16,CTCATTAGTCTGCGGT-1,0.41699635063388385
CXCR3-,MS,CSF_16,CTCATTATCAGCTCGG-1,-0.11233093238004009
CXCR3-,MS,CSF_16,CTCATTATCGATAGAA-1,-0.12307158497373723
CXCR3-,MS,CSF_16,CTCATTATCTTCGAGA-1,0.42422135637174707
CXCR3-,MS,CSF_16,CTCCTAGGTTCAACCA-1,-0.29997119987097626
CXCR3-,MS,CSF_16,CTCGAAACAATCCGAT-1,0.01849777668014504
CXCR3-,MS,CSF_16,CTCGAAATCTCTAGGA-1,-0.1518261985061864
CXCR3-,MS,CSF_16,CTCGAGGAGAGCAATT-1,-0.29997119987097626
CXCR3+,MS,CSF_16,CTCGAGGAGATAGGAG-1,-0.08249175102893545
CXCR3+,MS,CSF_16,CTCGAGGAGCCACGCT-1,-0.16912352001822978
CXCR3-,MS,CSF_16,CTCGAGGAGTCCGTAT-1,0.14615034198359209
CXCR3+,MS,CSF_16,CTCGAGGGTGTAATGA-1,0.13362994811817303
CXCR3-,MS,CSF_16,CTCGAGGTCCCTGACT-1,-0.13944254877591783
CXCR3-,MS,CSF_16,CTCGAGGTCTAACGGT-1,0.27837431691074793
CXCR3-,MS,CSF_16,CTCGGAGGTGACGCCT-1,-0.13276461209949014
CXCR3-,MS,CSF_16,CTCGGAGTCTTATCTG-1,-0.018945847011441676
CXCR3-,MS,CSF_16,CTCGGGACAAGGACTG-1,0.13458968918744682
CXCR3+,MS,CSF_16,CTCGGGACATTGGGCC-1,-0.29997119987097626
CXCR3+,MS,CSF_16,CTCGGGAGTGATGCCC-1,0.2588734820510225
CXCR3+,MS,CSF_16,CTCGGGAGTTATCACG-1,-0.02627195989459603
CXCR3-,MS,CSF_16,CTCGGGATCGTTGCCT-1,-0.29997119987097626
CXCR3-,MS,CSF_16,CTCGTACTCGTAGGTT-1,0.07161123045692812
CXCR3-,MS,CSF_16,CTCGTCAAGCGACGTA-1,0.2589007292151965
CXCR3-,MS,CSF_16,CTCTAATAGATGCGAC-1,-0.29997119987097626
CXCR3-,MS,CSF_16,CTCTAATAGGACAGAA-1,0.11662597870647533
CXCR3+,MS,CSF_16,CTCTAATCACAGATTC-1,0.18081889064384132
CXCR3-,MS,CSF_16,CTCTACGAGACCCACC-1,1.1566191741006713
CXCR3-,MS,CSF_16,CTCTACGAGCGCCTTG-1,-0.03605458969212705
CXCR3-,MS,CSF_16,CTCTACGCAAGCTGGA-1,0.715273521825173
CXCR3-,MS,CSF_16,CTCTACGTCCTCAACC-1,0.23727886092439796
CXCR3-,MS,CSF_16,CTCTACGTCGTTTATC-1,-0.09371431352853306
CXCR3-,MS,CSF_16,CTGAAACTCATGCATG-1,0.1806846444744019
CXCR3-,MS,CSF_16,CTGAAGTCATCAGTAC-1,0.6860214593959428
CXCR3+,MS,CSF_16,CTGAAGTGTGATGATA-1,-0.06110590090764271
CXCR3+,MS,CSF_16,CTGATAGAGAAGAAGC-1,0.00035197055217623633
CXCR3-,MS,CSF_16,CTGATAGAGTGGCACA-1,-0.29997119987097626
CXCR3+,MS,CSF_16,CTGATAGGTCTCTTAT-1,0.29723404806695203
CXCR3-,MS,CSF_16,CTGATCCAGGTTCCTA-1,-0.12089426350935964
CXCR3-,MS,CSF_16,CTGCCTAAGTAGCCGA-1,-0.1397225768071865
CXCR3+,MS,CSF_16,CTGCCTACATTACGAC-1,0.2957686211014495
CXCR3-,MS,CSF_16,CTGCCTAGTGCACGAA-1,0.35488125185803543
CXCR3+,MS,CSF_16,CTGCCTAGTGGCAAAC-1,-0.024546691882215914
CXCR3-,MS,CSF_16,CTGCCTATCTTGCCGT-1,-0.09450250781712435
CXCR3-,MS,CSF_16,CTGCGGATCCACTGGG-1,-0.29997119987097626
CXCR3-,MS,CSF_16,CTGCGGATCTGATTCT-1-1,0.36921714041563447
CXCR3+,MS,CSF_16,CTGCTGTAGATTACCC-1,0.4249800787251579
CXCR3-,MS,CSF_16,CTGCTGTCAAAGCGGT-1,0.4205682692584131
CXCR3+,MS,CSF_16,CTGGTCTCACGGACAA-1,0.10972551243938722
CXCR3-,MS,CSF_16,CTGGTCTCATAAGACA-1,0.19838943299127626
CXCR3-,MS,CSF_16,CTGTGCTTCCAAACTG-1,-0.29997119987097626
CXCR3-,MS,CSF_16,CTGTTTAAGACTTTCG-1,1.213220756208566
CXCR3-,MS,CSF_16,CTGTTTACAGGAATGC-1,-0.05937434454637454
CXCR3+,MS,CSF_16,CTGTTTAGTCTTGCGG-1,0.38563970320253466
CXCR3+,MS,CSF_16,CTTACCGGTCTTCTCG-1,0.01973176389849583
CXCR3-,MS,CSF_16,CTTACCGGTGTCGCTG-1,-0.29997119987097626
CXCR3-,MS,CSF_16,CTTAGGATCAGAGCTT-1,0.3764189047439407
CXCR3-,MS,CSF_16,CTTAGGATCGGCATCG-1,-0.018118770716987233
CXCR3-,MS,CSF_16,CTTCTCTAGGAGTAGA-1,-0.29997119987097626
CXCR3-,MS,CSF_16,CTTCTCTCAGCTGGCT-1,0.009321298897197208
CXCR3+,MS,CSF_16,CTTCTCTTCAACTCTT-1,-0.15051992287606009
CXCR3-,MS,CSF_16,CTTGGCTGTCTAGTCA-1,-0.29997119987097626
CXCR3+,MS,CSF_16,CTTTGCGGTCTCCATC-1,0.6078349513285773
CXCR3+,MS,CSF_16,GAAACTCCACCCATGG-1,0.33664584542883297
CXCR3-,MS,CSF_16,GAAATGACAGGCTCAC-1,-0.019428519080529612
CXCR3+,MS,CSF_16,GAACCTAAGATGCCAG-1,0.4961754816233546
CXCR3-,MS,CSF_16,GAACCTACATGGTAGG-1,0.07992590177986202
CXCR3-,MS,CSF_16,GAACCTATCAGAGACG-1,-0.11693182808374647
CXCR3-,MS,CSF_16,GAACGGACATTACCTT-1,0.1391865916842336
CXCR3-,MS,CSF_16,GAACGGAGTCTGGAGA-1,-0.1593454947190595
CXCR3-,MS,CSF_16,GAACGGAGTGTCTGAT-1,-0.29997119987097626
CXCR3+,MS,CSF_16,GAAGCAGAGGAGTTGC-1,-0.11088835948583427
CXCR3+,MS,CSF_16,GAAGCAGCAGCCTTTC-1,0.034160361304743966
CXCR3+,MS,CSF_16,GAAGCAGGTCAAAGCG-1,0.07066240007479714
CXCR3+,MS,CSF_16,GAATAAGAGTCAAGGC-1,0.3117570740814463
CXCR3-,MS,CSF_16,GAATAAGCAATGTTGC-1,-0.04068847777833477
CXCR3-,MS,CSF_16,GAATGAAAGTCCAGGA-1,-0.29997119987097626
CXCR3-,MS,CSF_16,GAATGAATCAAAGTAG-1,0.017200411368374992
CXCR3-,MS,CSF_16,GACACGCAGCGTTCCG-1,0.04302558330900357
CXCR3+,MS,CSF_16,GACACGCAGGAGTAGA-1,0.047176287905007976
CXCR3-,MS,CSF_16,GACAGAGCAAGGTTTC-1,-0.1570668544894366
CXCR3-,MS,CSF_16,GACCAATAGACAATAC-1,-0.040269005683769434
CXCR3-,MS,CSF_16,GACCAATCACAGTCGC-1,0.02232137390031646
CXCR3+,MS,CSF_16,GACCAATGTACTTCTT-1,0.45744054982986176
CXCR3+,MS,CSF_16,GACCAATTCTCCCTGA-1,0.18917512898356212
CXCR3+,MS,CSF_16,GACCTGGAGGTGATAT-1,0.05572519068535258
CXCR3+,MS,CSF_16,GACCTGGAGTGGAGTC-1,-0.03392432039875459
CXCR3-,MS,CSF_16,GACCTGGCATTCTTAC-1,0.43246674551278247
CXCR3-,MS,CSF_16,GACCTGGGTCGATTGT-1,0.24622133712722638
CXCR3-,MS,CSF_16,GACCTGGGTGGACGAT-1,0.018406934679841398
CXCR3-,MS,CSF_16,GACCTGGGTTATGTGC-1,-0.1464094058133036
CXCR3-,MS,CSF_16,GACGCGTCAAGCTGAG-1,-0.09338977356253188
CXCR3+,MS,CSF_16,GACGGCTCAGAGTGTG-1,-0.29997119987097626
CXCR3-,MS,CSF_16,GACGGCTGTTCAGTAC-1,-0.29997119987097626
CXCR3-,MS,CSF_16,GACGTGCAGTTTAGGA-1,0.07004407961609561
CXCR3+,MS,CSF_16,GACGTGCCACGGCCAT-1,-0.08757481408432548
CXCR3-,MS,CSF_16,GACGTGCGTGATGTCT-1,-0.29997119987097626
CXCR3+,MS,CSF_16,GACGTGCTCCACTCCA-1,0.3475058089317436
CXCR3-,MS,CSF_16,GACGTTAGTTCCATGA-1,0.14075630605746295
CXCR3+,MS,CSF_16,GACGTTAGTTGAGGTG-1,0.681973894552362
CXCR3-,MS,CSF_16,GACGTTATCCTGCCAT-1,0.1937507045089189
CXCR3-,MS,CSF_16,GACTAACCATCGGGTC-1,-0.0204733957692412
CXCR3+,MS,CSF_16,GACTAACCATCTCCCA-1,0.26122045201324173
CXCR3-,MS,CSF_16,GACTAACGTCGAGTTT-1,-0.06211088045117536
CXCR3-,MS,CSF_16,GACTACAAGGTGCTTT-1,-0.1445697385529394
CXCR3-,MS,CSF_16,GACTACACATGGTCTA-1,-0.11562298723122262
CXCR3+,MS,CSF_16,GACTACAGTCTCTCGT-1,-0.29997119987097626
CXCR3+,MS,CSF_16,GACTGCGCACAGGAGT-1,0.19066661722149472
CXCR3-,MS,CSF_16,GACTGCGGTCCGTCAG-1,-0.29997119987097626
CXCR3-,MS,CSF_16,GACTGCGGTGATGTGG-1,-0.12127779699506545
CXCR3-,MS,CSF_16,GACTGCGGTGTCGCTG-1,-0.29997119987097626
CXCR3-,MS,CSF_16,GAGCAGAAGACTTTCG-1,-0.06194140944054799
CXCR3-,MS,CSF_16,GAGCAGAAGTGAATTG-1,-0.13759274934751106
CXCR3-,MS,CSF_16,GAGGTGAAGATCTGCT-1,-0.031198435184939526
CXCR3-,MS,CSF_16,GAGGTGAAGCGAAGGG-1,0.03332617896554679
CXCR3+,MS,CSF_16,GAGGTGACATTAGCCA-1,-0.009370969569726637
CXCR3-,MS,CSF_16,GAGGTGATCCCGGATG-1,0.10659888949966285
CXCR3-,MS,CSF_16,GAGTCCGAGTGGAGAA-1,-0.09338634606889297
CXCR3-,MS,CSF_16,GAGTCCGCACCATGTA-1,0.1934084075939463
CXCR3+,MS,CSF_16,GAGTCCGTCGAACTGT-1,-0.028960152045265607
CXCR3-,MS,CSF_16,GATCAGTAGCTAGTTC-1,0.10178135681818527
CXCR3-,MS,CSF_16,GATCAGTTCCTCAATT-1,0.4984239599538194
CXCR3-,MS,CSF_16,GATCGATCACAGCGTC-1,-0.11551849953961867
CXCR3-,MS,CSF_16,GATCGATGTAAGTGGC-1,-0.1115793783361793
CXCR3+,MS,CSF_16,GATCGTATCACAAACC-1,0.031875260352319995
CXCR3-,MS,CSF_16,GATCTAGTCTCAAGTG-1,0.2017005449593771
CXCR3-,MS,CSF_16,GATGAAAGTCAGAATA-1,-0.14873395112869597
CXCR3-,MS,CSF_16,GATGAAATCCTAGAAC-1,-0.15038034914535503
CXCR3-,MS,CSF_16,GATGCTATCGCCGTGA-1,-0.29997119987097626
CXCR3-,MS,CSF_16,GATTCAGAGGACGAAA-1,0.2691153336678714
CXCR3+,MS,CSF_16,GATTCAGCAAGGCTCC-1,0.26482312714176615
CXCR3-,MS,CSF_16,GATTCAGCACATTAGC-1,-0.29997119987097626
CXCR3+,MS,CSF_16,GATTCAGGTAGTACCT-1,0.13300506796037365
CXCR3-,MS,CSF_16,GATTCAGTCCCATTTA-1,-0.13545006826349265
CXCR3-,MS,CSF_16,GATTCAGTCCTTGGTC-1,0.3391499190620628
CXCR3-,MS,CSF_16,GCAAACTCACCAGGTC-1,-0.06867437594395549
CXCR3+,MS,CSF_16,GCAAACTCATGAGCGA-1,0.3401480478016944
CXCR3+,MS,CSF_16,GCAATCAAGACCTAGG-1,0.34291946639282883
CXCR3-,MS,CSF_16,GCAATCAAGCCCAATT-1,0.21098096126984037
CXCR3+,MS,CSF_16,GCACATAAGAAGAAGC-1,-0.012504417212236591
CXCR3+,MS,CSF_16,GCACTCTAGAGTTGGC-1,0.08530956726950989
CXCR3+,MS,CSF_16,GCACTCTGTAAGAGGA-1,0.06798128630011048
CXCR3-,MS,CSF_16,GCACTCTTCGATCCCT-1,0.0026504097882849337
CXCR3+,MS,CSF_16,GCAGCCACAAAGGCGT-1,-0.013671402577226996
CXCR3-,MS,CSF_16,GCAGCCACAGACAAGC-1,-0.29997119987097626
CXCR3+,MS,CSF_16,GCAGCCATCCAAGTAC-1,0.4642839912240873
CXCR3-,MS,CSF_16,GCAGTTAAGTACGTTC-1,-0.08752039481112776
CXCR3-,MS,CSF_16,GCAGTTAGTACCGAGA-1,-0.29997119987097626
CXCR3-,MS,CSF_16,GCAGTTAGTTCGAATC-1,-0.139114440006853
CXCR3-,MS,CSF_16,GCATACAAGAGATGAG-1,0.24197261614998467
CXCR3-,MS,CSF_16,GCATACAAGCTAGTGG-1,0.37432632950016503
CXCR3+,MS,CSF_16,GCATACACACATGACT-1,-0.18163682227524908
CXCR3-,MS,CSF_16,GCATACATCAGAGCTT-1,0.6245526381038013
CXCR3-,MS,CSF_16,GCATGCGAGGGTATCG-1,0.10066718127503198
CXCR3+,MS,CSF_16,GCATGCGTCATTCACT-1,0.4792391087828451
CXCR3-,MS,CSF_16,GCATGTAGTACAGCAG-1,0.4248502846683599
CXCR3-,MS,CSF_16,GCCAAATAGTGCCAGA-1,0.07793512183284133
CXCR3-,MS,CSF_16,GCCAAATCACGGTTTA-1,-0.019361041549715168
CXCR3-,MS,CSF_16,GCCAAATGTTAGATGA-1,0.7441020577474179
CXCR3-,MS,CSF_16,GCCTCTAAGAATGTTG-1,-0.12359910894307022
CXCR3-,MS,CSF_16,GCCTCTAAGACTACAA-1,-0.15764937939647153
CXCR3-,MS,CSF_16,GCCTCTAAGATCGATA-1,-0.29997119987097626
CXCR3-,MS,CSF_16,GCCTCTACAAACGCGA-1,0.30182457828870785
CXCR3-,MS,CSF_16,GCCTCTACATACTCTT-1,-0.29997119987097626
CXCR3+,MS,CSF_16,GCCTCTACATCGGAAG-1,-0.02053723916159642
CXCR3-,MS,CSF_16,GCCTCTAGTATCGCAT-1,-0.29997119987097626
CXCR3-,MS,CSF_16,GCCTCTAGTCTAGGTT-1,0.356364995424285
CXCR3-,MS,CSF_16,GCCTCTAGTTGACGTT-1,0.10059748491068073
CXCR3-,MS,CSF_16,GCCTCTATCAACCATG-1,0.35619311005721727
CXCR3+,MS,CSF_16,GCGAGAATCACAAACC-1,0.7882455991269739
CXCR3-,MS,CSF_16,GCGCAACGTTAGGGTG-1,0.10037399576818361
CXCR3+,MS,CSF_16,GCGCAACTCCACGCAG-1,0.24778347802407344
CXCR3-,MS,CSF_16,GCGCAACTCGACGGAA-1,-0.022195665125225087
CXCR3+,MS,CSF_16,GCGCAACTCTGCTGTC-1,0.3013501552809354
CXCR3-,MS,CSF_16,GCGCAGTAGATCACGG-1-1,-0.12923748732252166
CXCR3+,MS,CSF_16,GCGCAGTGTGGTAACG-1,-0.10570326687480507
CXCR3+,MS,CSF_16,GCGCCAAAGCACCGCT-1,0.03335395028415803
CXCR3+,MS,CSF_16,GCGCCAAGTATGCTTG-1,-0.08603921325848564
CXCR3-,MS,CSF_16,GCGCGATAGACTACAA-1,0.23303386408908758
CXCR3-,MS,CSF_16,GCGCGATAGGCAATTA-1,0.3255543211123781
CXCR3-,MS,CSF_16,GCGCGATCATGACATC-1,0.13410590628001026
CXCR3-,MS,CSF_16,GCGCGATGTGTTAAGA-1,-0.13160036861002447
CXCR3+,MS,CSF_16,GCGGGTTAGACTGTAA-1,0.2796096867524006
CXCR3+,MS,CSF_16,GCGGGTTAGCACAGGT-1,0.30300528580653324
CXCR3-,MS,CSF_16,GCGGGTTCAAGTCATC-1,-0.2007942607083768
CXCR3-,MS,CSF_16,GCGGGTTGTACTCTCC-1,0.25651307597149814
CXCR3-,MS,CSF_16,GCGGGTTGTATCTGCA-1,-0.29997119987097626
CXCR3-,MS,CSF_16,GCGGGTTTCAGTCAGT-1,0.5410949823016561
CXCR3+,MS,CSF_16,GCGGGTTTCTTGTATC-1,-0.03227742228535898
CXCR3-,MS,CSF_16,GCTCCTATCATGCAAC-1,-0.04169834443931247
CXCR3+,MS,CSF_16,GCTCTGTAGTCGAGTG-1,-0.1724135389286227
CXCR3-,MS,CSF_16,GCTCTGTCACGTCAGC-1,0.31206041002337986
CXCR3+,MS,CSF_16,GCTGCAGAGGCTCAGA-1,-0.16417412841723206
CXCR3-,MS,CSF_16,GCTGCAGAGGTGTGGT-1,-0.1186281251041398
CXCR3+,MS,CSF_16,GCTGCAGGTTAAAGTG-1,0.9875607980832585
CXCR3-,MS,CSF_16,GCTGCAGTCCCAGGTG-1,0.0571083309061763
CXCR3-,MS,CSF_16,GCTGCAGTCCGATATG-1,-0.060510430326592
CXCR3-,MS,CSF_16,GCTGCTTAGCGTAATA-1,0.1521523044286861
CXCR3-,MS,CSF_16,GCTGCTTGTGCAACTT-1,0.4536772736284064
CXCR3+,MS,CSF_16,GCTGCTTTCCTTTCTC-1,-0.1478044922093472
CXCR3+,MS,CSF_16,GCTGCTTTCGGAATCT-1,-0.2093615454328568
CXCR3-,MS,CSF_16,GCTGGGTGTTGGTGGA-1,0.29287701255366244
CXCR3+,MS,CSF_16,GCTTGAACAAGGGTCA-1,0.28565624166723946
CXCR3+,MS,CSF_16,GCTTGAAGTGCGGTAA-1,-0.08509014930976395
CXCR3-,MS,CSF_16,GGAAAGCAGAAGATTC-1,0.3398686890333746
CXCR3-,MS,CSF_16,GGAAAGCAGTAGCCGA-1,0.2267659976202876
CXCR3-,MS,CSF_16,GGAAAGCGTCTAGTGT-1,-0.29997119987097626
CXCR3+,MS,CSF_16,GGAAAGCTCAGATAAG-1,0.4865708412305639
CXCR3-,MS,CSF_16,GGAAAGCTCTTCGGTC-1,-0.13208296825906063
CXCR3+,MS,CSF_16,GGAACTTCAGGGATTG-1,0.2934247823067317
CXCR3-,MS,CSF_16,GGAACTTGTACATGTC-1,0.023904432692308193
CXCR3+,MS,CSF_16,GGAATAAAGAATTGTG-1,0.1435020003084392
CXCR3-,MS,CSF_16,GGAATAACAACACGCC-1,-0.29997119987097626
CXCR3-,MS,CSF_16,GGAATAACACGGTAAG-1,-0.1962832671656784
CXCR3-,MS,CSF_16,GGAATAACATGGGAAC-1,0.043009277085846946
CXCR3+,MS,CSF_16,GGAATAATCAAGGCTT-1,0.19504043134029372
CXCR3-,MS,CSF_16,GGACAAGCAAAGGAAG-1,0.23356544532903306
CXCR3-,MS,CSF_16,GGACAGAAGACTAAGT-1,-0.16826608697006923
CXCR3+,MS,CSF_16,GGACAGAGTAAGGGCT-1,0.014467612313206717
CXCR3-,MS,CSF_16,GGACAGAGTTGATTCG-1,-0.12568276479586463
CXCR3-,MS,CSF_16,GGACAGATCGTTACAG-1,0.6640958551524562
CXCR3+,MS,CSF_16,GGACATTCATCATCCC-1,0.38171228745076086
CXCR3-,MS,CSF_16,GGACGTCCAGGGTATG-1,0.17209464471604033
CXCR3-,MS,CSF_16,GGACGTCTCAGAAATG-1,0.1447420371458294
CXCR3-,MS,CSF_16,GGAGCAAAGGCCCTCA-1,0.2357038446366673
CXCR3-,MS,CSF_16,GGATTACGTTCACGGC-1,0.18569684502426745
CXCR3-,MS,CSF_16,GGCAATTAGTCACGCC-1,0.10002152619107756
CXCR3+,MS,CSF_16,GGCCGATAGACCTAGG-1,0.04706524271571623
CXCR3-,MS,CSF_16,GGCCGATAGTACGTAA-1,0.22627767718699077
CXCR3-,MS,CSF_16,GGCGACTAGTGCCAGA-1,-0.13672553617924413
CXCR3-,MS,CSF_16,GGCGTGTCACATTTCT-1,0.24225353963820834
CXCR3+,MS,CSF_16,GGCGTGTTCGTACCGG-1,-0.15150949556622337
CXCR3-,MS,CSF_16,GGCGTGTTCTACGAGT-1,1.7445518905081236
CXCR3-,MS,CSF_16,GGCTCGAAGTCCATAC-1,0.3098930407863235
CXCR3-,MS,CSF_16,GGCTCGACAGCCTGTG-1,0.47980548745791324
CXCR3-,MS,CSF_16,GGCTCGAGTCGACTAT-1,0.21060615817540204
CXCR3-,MS,CSF_16,GGCTCGAGTGAGGCTA-1,0.135769820250566
CXCR3-,MS,CSF_16,GGCTCGAGTTGTACAC-1,-0.12138231800097678
CXCR3+,MS,CSF_16,GGCTCGATCTCAAGTG-1,0.45494002553734897
CXCR3+,MS,CSF_16,GGCTCGATCTCGCATC-1,-0.29997119987097626
CXCR3-,MS,CSF_16,GGCTGGTAGTACACCT-1,0.03227958786857875
CXCR3+,MS,CSF_16,GGGAATGAGCTAGGCA-1,-0.09523882168899853
CXCR3-,MS,CSF_16,GGGAATGCAGACGTAG-1,0.2832704863340236
CXCR3+,MS,CSF_16,GGGAATGCAGCTCGCA-1,-0.18548776332632227
CXCR3-,MS,CSF_16,GGGAATGCAGGCTGAA-1,0.1323741216003802
CXCR3-,MS,CSF_16,GGGAATGTCCACTGGG-1,-0.29997119987097626
CXCR3-,MS,CSF_16,GGGACCTAGCCACGTC-1,-0.1484028457945304
CXCR3-,MS,CSF_16,GGGACCTTCCCTAACC-1,-0.29997119987097626
CXCR3-,MS,CSF_16,GGGACCTTCGGCGCAT-1,-0.17872919708034882
CXCR3-,MS,CSF_16,GGGAGATAGGACACCA-1,-0.29997119987097626
CXCR3+,MS,CSF_16,GGGAGATCATGAGCGA-1,0.4139104473888075
CXCR3+,MS,CSF_16,GGGATGAAGAAACCGC-1,0.24618466470603906
CXCR3-,MS,CSF_16,GGGATGACACTCAGGC-1,-0.017857795156493838
CXCR3+,MS,CSF_16,GGGATGACAGTATAAG-1,0.3465225338905717
CXCR3-,MS,CSF_16,GGGCACTCACCCATTC-1,-0.29997119987097626
CXCR3-,MS,CSF_16,GGGTCTGAGCTGCAAG-1,0.3238009513720968
CXCR3-,MS,CSF_16,GGGTCTGCAATCACAC-1,-0.1661887586088581
CXCR3-,MS,CSF_16,GGGTCTGCACGGTAAG-1,0.1573792566464096
CXCR3-,MS,CSF_16,GGGTCTGGTCGAATCT-1,0.3267083494850961
CXCR3-,MS,CSF_16,GGGTTGCGTCGACTGC-1,-0.11529477249282924
CXCR3-,MS,CSF_16,GGGTTGCTCCACGCAG-1,0.1966066224742254
CXCR3-,MS,CSF_16,GGTATTGAGGAACTGC-1,0.1773508517085334
CXCR3-,MS,CSF_16,GGTATTGCACCCAGTG-1,-0.29997119987097626
CXCR3+,MS,CSF_16,GGTATTGGTCACCTAA-1,0.9386067750674189
CXCR3+,MS,CSF_16,GGTGCGTAGATTACCC-1,0.0333969476191047
CXCR3+,MS,CSF_16,GGTGCGTGTCTGCGGT-1,-0.29997119987097626
CXCR3-,MS,CSF_16,GGTGCGTTCGCCCTTA-1,0.5227259647113082
CXCR3-,MS,CSF_16,GGTGTTAGTACCGCTG-1,0.05402984214963965
CXCR3-,MS,CSF_16,GGTGTTAGTTAAGTAG-1,0.46021139350264745
CXCR3-,MS,CSF_16,GGTGTTATCCAAACAC-1,-0.14486537677249764
CXCR3-,MS,CSF_16,GGTGTTATCCGGGTGT-1,0.09915035000931281
CXCR3+,MS,CSF_16,GTAACGTAGTTAGGTA-1,0.10003359523556286
CXCR3-,MS,CSF_16,GTAACGTCAGGATCGA-1,0.20690533513788448
CXCR3-,MS,CSF_16,GTAACGTGTACCATCA-1,0.6814275377020593
CXCR3-,MS,CSF_16,GTAACTGAGGGTCGAT-1,0.6247300642414271
CXCR3-,MS,CSF_16,GTAACTGCAGACAAGC-1,-0.29997119987097626
CXCR3-,MS,CSF_16,GTAACTGCAGGGCATA-1,-0.29997119987097626
CXCR3+,MS,CSF_16,GTAACTGGTAGCGCTC-1,-0.12713694442540321
CXCR3-,MS,CSF_16,GTAACTGGTATGAAAC-1,-0.15258933823330542
CXCR3+,MS,CSF_16,GTACGTATCCCACTTG-1,-0.0725372921863887
CXCR3-,MS,CSF_16,GTACGTATCCGTTGTC-1,-0.12917320795596202
CXCR3-,MS,CSF_16,GTACTCCAGCCCTAAT-1,0.2201093155688983
CXCR3+,MS,CSF_16,GTACTCCAGTAGCCGA-1,0.285260367917742
CXCR3+,MS,CSF_16,GTACTCCCACCCATTC-1,-0.29997119987097626
CXCR3+,MS,CSF_16,GTACTCCCAGCTGTGC-1,0.11718740259057125
CXCR3+,MS,CSF_16,GTACTTTGTGCTGTAT-1,0.3601995010768219
CXCR3-,MS,CSF_16,GTAGTCAAGAGAGCTC-1,0.04444902139804964
CXCR3-,MS,CSF_16,GTAGTCACAAAGCAAT-1,-0.29997119987097626
CXCR3-,MS,CSF_16,GTAGTCAGTGCAGGTA-1,0.5612446114980976
CXCR3-,MS,CSF_16,GTAGTCAGTGCCTGGT-1,-0.11916628292733653
CXCR3-,MS,CSF_16,GTATCTTCATATACGC-1,-0.15326358596980696
CXCR3-,MS,CSF_16,GTATCTTGTCAGAAGC-1,0.23336670835725243
CXCR3-,MS,CSF_16,GTCAAGTAGATAGCAT-1,0.20760347463647885
CXCR3-,MS,CSF_16,GTCACAAAGTTACGGG-1,0.6332510649838523
CXCR3+,MS,CSF_16,GTCATTTAGTACGCGA-1,0.07077319802557222
CXCR3-,MS,CSF_16,GTCATTTGTTAGTGGG-1,0.15235178275912795
CXCR3+,MS,CSF_16,GTCATTTTCCTTGCCA-1,0.06489641442646328
CXCR3+,MS,CSF_16,GTCATTTTCTCTAGGA-1,0.08161239987467882
CXCR3+,MS,CSF_16,GTCCTCAGTGCAACGA-1,0.26157454647338546
CXCR3-,MS,CSF_16,GTCGGGTGTTCGCGAC-1,0.3904902438802987
CXCR3-,MS,CSF_16,GTCGTAACATGTCGAT-1,-0.29997119987097626
CXCR3-,MS,CSF_16,GTCGTAAGTGTGACCC-1,0.6191013204037316
CXCR3-,MS,CSF_16,GTCTCGTAGGTGTGGT-1,-0.18362096465427707
CXCR3-,MS,CSF_16,GTCTCGTAGTCCGGTC-1,-0.13453256773895336
CXCR3-,MS,CSF_16,GTCTCGTCAGTCACTA-1,0.29062556324174915
CXCR3+,MS,CSF_16,GTCTCGTTCACCAGGC-1,0.3241744456813245
CXCR3-,MS,CSF_16,GTCTCGTTCATTGCCC-1,-0.01874659802321951
CXCR3-,MS,CSF_16,GTCTTCGAGTGCCATT-1,-0.29997119987097626
CXCR3-,MS,CSF_16,GTCTTCGCAATTGCTG-1,-0.2066719415918369
CXCR3+,MS,CSF_16,GTCTTCGGTAACGACG-1,1.004001343982212
CXCR3+,MS,CSF_16,GTCTTCGGTCGAGTTT-1,0.5278318550015773
CXCR3-,MS,CSF_16,GTCTTCGGTTTGACTG-1,0.5142593811174118
CXCR3-,MS,CSF_16,GTCTTCGTCCACGCAG-1,0.2285722151434865
CXCR3-,MS,CSF_16,GTCTTCGTCCCTTGCA-1,0.2518905502548134
CXCR3-,MS,CSF_16,GTGAAGGGTGCATCTA-1,0.2051251086193057
CXCR3-,MS,CSF_16,GTGAAGGTCGCCTGAG-1,-0.10818320041595145
CXCR3-,MS,CSF_16,GTGAAGGTCGGCATCG-1,-0.29997119987097626
CXCR3+,MS,CSF_16,GTGCAGCCACATGTGT-1,0.07520521444111275
CXCR3-,MS,CSF_16,GTGCAGCTCAACGAAA-1,0.4980320529148549
CXCR3-,MS,CSF_16,GTGCAGCTCTAGAGTC-1,-0.29997119987097626
CXCR3+,MS,CSF_16,GTGCATAAGACTGTAA-1,0.36527238291136854
CXCR3+,MS,CSF_16,GTGCATAAGTACTTGC-1,0.5087034769442533
CXCR3+,MS,CSF_16,GTGCATATCAGTGTTG-1,0.18718223021250371
CXCR3+,MS,CSF_16,GTGCGGTGTCTAGTGT-1,0.05283892278797956
CXCR3+,MS,CSF_16,GTGCTTCAGACCTAGG-1,0.29904933559260166
CXCR3-,MS,CSF_16,GTGCTTCAGTCCTCCT-1,-0.29997119987097626
CXCR3+,MS,CSF_16,GTGCTTCCAAGTAATG-1,0.071508997222809
CXCR3-,MS,CSF_16,GTGCTTCGTCATATGC-1,0.00952436315300083
CXCR3-,MS,CSF_16,GTGGGTCCATACAGCT-1,0.16606300487507245
CXCR3-,MS,CSF_16,GTGTGCGGTATGAAAC-1,0.4699003055592722
CXCR3+,MS,CSF_16,GTGTTAGAGATGTCGG-1,0.1743917977995845
CXCR3+,MS,CSF_16,GTGTTAGGTTAAAGTG-1,0.816137628531437
CXCR3-,MS,CSF_16,GTGTTAGGTTAAGGGC-1,-0.29997119987097626
CXCR3-,MS,CSF_16,GTTAAGCAGAATTCCC-1,-0.024268669971287498
CXCR3-,MS,CSF_16,GTTAAGCCAACTGCTA-1,0.13572162478584568
CXCR3-,MS,CSF_16,GTTAAGCCAAGTTGTC-1,-0.29997119987097626
CXCR3-,MS,CSF_16,GTTAAGCCAGGATTGG-1,-0.04369500741722583
CXCR3-,MS,CSF_16,GTTAAGCCAGTGGAGT-1,-0.03851878256918877
CXCR3-,MS,CSF_16,GTTAAGCCATATACGC-1,0.616433618945241
CXCR3+,MS,CSF_16,GTTAAGCGTGCCTGCA-1,0.6725367604755004
CXCR3+,MS,CSF_16,GTTAAGCGTTAGGGTG-1,-0.1302391487602915
CXCR3-,MS,CSF_16,GTTACAGAGAAGGACA-1,-0.06759301161871145
CXCR3+,MS,CSF_16,GTTACAGCAGGGTATG-1,0.3404385607138832
CXCR3-,MS,CSF_16,GTTACAGGTGAGTATA-1,-0.13975983576699547
CXCR3-,MS,CSF_16,GTTCATTCACGGTAGA-1,0.010769752490857256
CXCR3+,MS,CSF_16,GTTCATTTCGGCGCAT-1,0.40262264879682197
CXCR3-,MS,CSF_16,GTTCGGGTCCAAACAC-1,0.11571778749854444
CXCR3-,MS,CSF_16,GTTCTCGCAGCCTTGG-1,0.053169875526891654
CXCR3-,MS,CSF_16,GTTCTCGGTGTATGGG-1,-0.009014891022159586
CXCR3-,MS,CSF_16,GTTCTCGTCACCTTAT-1,0.11893634413276602
CXCR3-,MS,CSF_16,GTTTCTAGTTGACGTT-1,-0.16418052428351063
CXCR3+,MS,CSF_16,TAAACCGAGGACATTA-1,0.2738212446759113
CXCR3+,MS,CSF_16,TAAACCGCAAGGACAC-1,0.3102702949375855
CXCR3-,MS,CSF_16,TAAACCGGTGGTCCGT-1,-0.11654716917545284
CXCR3-,MS,CSF_16,TAAGAGAAGGCAAAGA-1,0.21840398194486893
CXCR3+,MS,CSF_16,TAAGAGACATAGAAAC-1,0.15197074417404743
CXCR3-,MS,CSF_16,TAAGCGTCACCGAATT-1,0.16139194149293462
CXCR3+,MS,CSF_16,TAAGCGTTCACCGGGT-1,0.06459225840825902
CXCR3+,MS,CSF_16,TAAGTGCTCACGACTA-1,-0.29997119987097626
CXCR3-,MS,CSF_16,TAAGTGCTCTCGTTTA-1,0.33774329991902013
CXCR3-,MS,CSF_16,TACACGAAGCGATATA-1,0.047064802061914136
CXCR3+,MS,CSF_16,TACACGAGTACCGCTG-1,-0.17882278175822078
CXCR3-,MS,CSF_16,TACACGATCATTATCC-1,0.2539281476878673
CXCR3+,MS,CSF_16,TACAGTGAGCGTAATA-1,0.05697047365722433
CXCR3-,MS,CSF_16,TACAGTGCAAGAAAGG-1,0.17859524353319148
CXCR3-,MS,CSF_16,TACAGTGCACGGTAGA-1,-0.13473211136986063
CXCR3+,MS,CSF_16,TACAGTGCAGTCCTTC-1,0.014979602204419058
CXCR3-,MS,CSF_16,TACAGTGCATGTCCTC-1,-0.08771432529846523
CXCR3+,MS,CSF_16,TACCTATAGGACAGCT-1,-0.028850295173723065
CXCR3-,MS,CSF_16,TACCTTAAGAACTGTA-1,-0.18728481968155017
CXCR3+,MS,CSF_16,TACCTTACATAAGACA-1,0.264327527851684
CXCR3+,MS,CSF_16,TACCTTATCACGCGGT-1,-0.15544375786165757
CXCR3-,MS,CSF_16,TACGGATTCTTGTACT-1,0.0795447082112263
CXCR3-,MS,CSF_16,TACGGGCAGAACAACT-1,-0.015294846572280021
CXCR3-,MS,CSF_16,TACGGGCCATTTGCTT-1,-0.12919936913128763
CXCR3-,MS,CSF_16,TACGGGCGTACAGTGG-1,-0.13118963120703203
CXCR3-,MS,CSF_16,TACGGGCGTGTCAATC-1,0.04997436655786252
CXCR3-,MS,CSF_16,TACGGTAAGGATGTAT-1,1.2235334122496806
CXCR3+,MS,CSF_16,TACTCATAGGTAGCTG-1,0.060018835144672926
CXCR3-,MS,CSF_16,TACTCATTCTGCGTAA-1,0.22665904522513533
CXCR3+,MS,CSF_16,TACTTACAGCCCTAAT-1,0.005315414818068663
CXCR3-,MS,CSF_16,TACTTGTAGAGCTGGT-1,-0.0959514672691493
CXCR3+,MS,CSF_16,TACTTGTTCACCGTAA-1,0.30915541718288253
CXCR3-,MS,CSF_16,TAGACCAAGCGTCTAT-1,-0.15594839415064254
CXCR3+,MS,CSF_16,TAGACCACAAGTCTAC-1,0.11363854140746966
CXCR3+,MS,CSF_16,TAGACCAGTTAGATGA-1,-0.08732896263157534
CXCR3+,MS,CSF_16,TAGAGCTCAAGTAATG-1,0.43547011051830015
CXCR3-,MS,CSF_16,TAGAGCTGTACCGCTG-1,-0.29997119987097626
CXCR3-,MS,CSF_16,TAGAGCTGTGGACGAT-1,0.06731462083127648
CXCR3+,MS,CSF_16,TAGAGCTTCGTCACGG-1,0.4205682692584131
CXCR3-,MS,CSF_16,TAGAGCTTCTCAAACG-1,-0.29997119987097626
CXCR3-,MS,CSF_16,TAGCCGGAGTCCTCCT-1,-0.29997119987097626
CXCR3-,MS,CSF_16,TAGCCGGCAAGTAGTA-1,0.2352819898730983
CXCR3+,MS,CSF_16,TAGGCATAGCAGATCG-1,0.34958483379829747
CXCR3+,MS,CSF_16,TAGGCATCAAGCTGAG-1,0.1764026598132205
CXCR3+,MS,CSF_16,TAGGCATCACAACTGT-1,-0.16671273400938022
CXCR3+,MS,CSF_16,TAGGCATTCTTGTACT-1,0.050244903664441676
CXCR3-,MS,CSF_16,TAGTGGTAGCCTCGTG-1,0.04101158452611516
CXCR3-,MS,CSF_16,TAGTGGTAGTTGTAGA-1,-0.1366793832180674
CXCR3-,MS,CSF_16,TAGTGGTGTACTTGAC-1,-0.29997119987097626
CXCR3+,MS,CSF_16,TAGTGGTTCTGTTTGT-1,0.3448646887185491
CXCR3+,MS,CSF_16,TAGTTGGAGAGATGAG-1,-0.054039173149788636
CXCR3+,MS,CSF_16,TAGTTGGAGCACACAG-1,-0.1316998211901748
CXCR3-,MS,CSF_16,TATCAGGCACGCTTTC-1,0.7393086102711084
CXCR3-,MS,CSF_16,TATCAGGCATTGTGCA-1,0.2658283865793191
CXCR3+,MS,CSF_16,TATCAGGTCTATCGCC-1,0.11631022225927239
CXCR3-,MS,CSF_16,TATCTCAAGAGGTTGC-1,-0.09108328694532168
CXCR3+,MS,CSF_16,TATCTCAAGTATGACA-1,0.05376829900996457
CXCR3-,MS,CSF_16,TATCTCAGTCAGCTAT-1,0.046851147692093045
CXCR3-,MS,CSF_16,TATGCCCAGGAGCGAG-1,-0.025867237886752447
CXCR3+,MS,CSF_16,TATTACCAGCTACCGC-1,-0.009611418881655929
CXCR3-,MS,CSF_16,TATTACCAGCTCCCAG-1,-0.043493589121674094
CXCR3-,MS,CSF_16,TATTACCAGTCTTGCA-1,0.04152355351240411
CXCR3-,MS,CSF_16,TATTACCCACCATCCT-1,-0.11144079113510222
CXCR3-,MS,CSF_16,TATTACCCAGTAACGG-1,-0.15097948735672814
CXCR3+,MS,CSF_16,TATTACCGTTTAAGCC-1,-0.1560607078942364
CXCR3+,MS,CSF_16,TCAACGAAGACTAAGT-1,0.13147476318780119
CXCR3-,MS,CSF_16,TCAACGACAAAGCAAT-1,0.042906798055941775
CXCR3-,MS,CSF_16,TCAATCTAGTGCAAGC-1,0.6134755813441763
CXCR3-,MS,CSF_16,TCAATCTGTGCACGAA-1,-0.0030148429841662184
CXCR3-,MS,CSF_16,TCACAAGAGCTAGCCC-1,-0.19357066086697294
CXCR3-,MS,CSF_16,TCACAAGAGGCCCTTG-1,0.036507596952234884
CXCR3-,MS,CSF_16,TCACAAGAGTAAGTAC-1,0.07733890249423311
CXCR3-,MS,CSF_16,TCACAAGTCATTCACT-1,-0.29997119987097626
CXCR3-,MS,CSF_16,TCACAAGTCCGGCACA-1,0.048682568240175805
CXCR3-,MS,CSF_16,TCACAAGTCCGTCAAA-1,-0.09084741975931239
CXCR3-,MS,CSF_16,TCACAAGTCTTAGAGC-1,-0.09806451544096483
CXCR3+,MS,CSF_16,TCACGAAGTCGCTTCT-1,0.1310397918733035
CXCR3-,MS,CSF_16,TCACGAAGTGCTTCTC-1,-0.047205794636878885
CXCR3-,MS,CSF_16,TCACGAATCGCCTGAG-1,-0.12369111171562222
CXCR3+,MS,CSF_16,TCACGAATCGTTTATC-1,0.008932442517460278
CXCR3-,MS,CSF_16,TCAGATGAGAGCCTAG-1,-0.1046199819855546
CXCR3-,MS,CSF_16,TCAGATGAGGTACTCT-1,0.17010904933512003
CXCR3-,MS,CSF_16,TCAGATGAGTGTGAAT-1,-0.29997119987097626
CXCR3-,MS,CSF_16,TCAGCAAAGAGGTACC-1,-0.13313379056227245
CXCR3-,MS,CSF_16,TCAGCAACACTTAAGC-1,0.061440721526943985
CXCR3-,MS,CSF_16,TCAGGATAGGTGTTAA-1,-0.1381956846650436
CXCR3-,MS,CSF_16,TCAGGATAGTCAAGGC-1,-0.16314450575214284
CXCR3-,MS,CSF_16,TCAGGATGTCAAACTC-1,-0.07116585642560135
CXCR3+,MS,CSF_16,TCAGGATGTCGCATAT-1,-0.0590896174870825
CXCR3+,MS,CSF_16,TCAGGATGTCGCTTTC-1,0.03571628705594919
CXCR3-,MS,CSF_16,TCAGGTAAGTAGCCGA-1,-0.29997119987097626
CXCR3+,MS,CSF_16,TCAGGTACAAGCCCAC-1,0.48019348815886687
CXCR3-,MS,CSF_16,TCAGGTACAGACAAAT-1,0.47946571769298274
CXCR3-,MS,CSF_16,TCAGGTAGTGTTCGAT-1,-0.29997119987097626
CXCR3+,MS,CSF_16,TCAGGTATCGGTCTAA-1,0.23577671808763503
CXCR3-,MS,CSF_16,TCAGGTATCTAACTCT-1,0.19736273560427395
CXCR3-,MS,CSF_16,TCATTACCAATAGAGT-1,-0.29997119987097626
CXCR3-,MS,CSF_16,TCATTACGTTATCGGT-1,0.2682301920154001
CXCR3+,MS,CSF_16,TCATTACTCAAGATCC-1,0.12861817295717778
CXCR3-,MS,CSF_16,TCATTACTCACATACG-1,0.004551005676303018
CXCR3-,MS,CSF_16,TCATTACTCGGGAGTA-1,0.8721315464806507
CXCR3+,MS,CSF_16,TCATTACTCTTGTCAT-1,-0.1315636303266268
CXCR3-,MS,CSF_16,TCATTTGAGAGCCCAA-1,0.08214913299933926
CXCR3-,MS,CSF_16,TCATTTGCACTTAACG-1,0.09192432771319577
CXCR3-,MS,CSF_16,TCATTTGCAGGTGCCT-1,-0.11949527539101712
CXCR3+,MS,CSF_16,TCCACACAGATCGGGT-1,-0.012944053147333398
CXCR3-,MS,CSF_16,TCCACACCACCACGTG-1,0.22968432546664969
CXCR3-,MS,CSF_16,TCCACACTCAAAGTAG-1,0.2178429800565548
CXCR3-,MS,CSF_16,TCCCGATAGAGAACAG-1,-0.06870554760620051
CXCR3+,MS,CSF_16,TCCCGATAGGCAGGTT-1,-0.01678697570217134
CXCR3+,MS,CSF_16,TCCCGATAGTGACTCT-1,0.37261596023589194
CXCR3+,MS,CSF_16,TCCCGATTCGTCCGTT-1,0.0651738701316362
CXCR3+,MS,CSF_16,TCGAGGCGTAAGAGAG-1,0.19568143478276606
CXCR3-,MS,CSF_16,TCGAGGCGTGGCCCTA-1,-0.29997119987097626
CXCR3+,MS,CSF_16,TCGAGGCTCAGCTCGG-1,0.09561768226271983
CXCR3-,MS,CSF_16,TCGAGGCTCATGGTCA-1,-0.01436572285297578
CXCR3-,MS,CSF_16,TCGCGAGGTAGCGCAA-1,-0.29997119987097626
CXCR3-,MS,CSF_16,TCGCGAGGTTGGGACA-1,0.08803356003356934
CXCR3+,MS,CSF_16,TCGCGAGTCCCTAATT-1,0.3825492924156512
CXCR3-,MS,CSF_16,TCGCGTTTCGTCACGG-1,0.031179539619005135
CXCR3-,MS,CSF_16,TCGGGACAGGCCATAG-1,0.29743519600906726
CXCR3-,MS,CSF_16,TCGGGACCAGTTAACC-1,-0.08877620468000502
CXCR3+,MS,CSF_16,TCGGTAACATGTCGAT-1,-0.1962352959518669
CXCR3-,MS,CSF_16,TCGTACCAGTGGTAGC-1,0.04245955257557021
CXCR3-,MS,CSF_16,TCGTACCAGTTCCACA-1,0.6632032061423182
CXCR3+,MS,CSF_16,TCGTACCCAGGGTTAG-1,0.11306274298292686
CXCR3+,MS,CSF_16,TCGTAGAGTTCTGAAC-1,-0.09564990996104021
CXCR3-,MS,CSF_16,TCTATTGAGATGCCAG-1,-0.29997119987097626
CXCR3-,MS,CSF_16,TCTATTGAGTCACGCC-1,0.16283560778828612
CXCR3-,MS,CSF_16,TCTCATAGTAAGTAGT-1,-0.005461691052139609
CXCR3-,MS,CSF_16,TCTCATAGTCTCTCTG-1,-0.14415321303497267
CXCR3-,MS,CSF_16,TCTCATAGTGTAAGTA-1,-0.11587721428834201
CXCR3-,MS,CSF_16,TCTCATATCTCTTGAT-1,0.16338706160965236
CXCR3-,MS,CSF_16,TCTCTAATCAAACCAC-1,0.0003742816730138987
CXCR3+,MS,CSF_16,TCTGAGAGTCGGGTCT-1,0.4067427008438796
CXCR3-,MS,CSF_16,TCTGGAAGTTGATTGC-1,0.043854470135372706
CXCR3-,MS,CSF_16,TCTTCGGAGACAGAGA-1,0.2599150508273838
CXCR3-,MS,CSF_16,TCTTCGGCACAGTCGC-1,-0.29997119987097626
CXCR3-,MS,CSF_16,TCTTCGGCACGTCTCT-1,0.35648995233986813
CXCR3-,MS,CSF_16,TCTTCGGCATTAGGCT-1,-0.07143914539966503
CXCR3-,MS,CSF_16,TCTTCGGTCATATCGG-1,-0.06302218692174284
CXCR3-,MS,CSF_16,TCTTCGGTCGAATCCA-1,0.042886598081341785
CXCR3+,MS,CSF_16,TCTTTCCAGTAGGTGC-1,0.34911966964638014
CXCR3-,MS,CSF_16,TCTTTCCCATACGCCG-1,0.03798507788841304
CXCR3-,MS,CSF_16,TCTTTCCGTAAGAGGA-1,0.3967247069828471
CXCR3+,MS,CSF_16,TGAAAGAAGATGTAAC-1,-0.02956293603805976
CXCR3+,MS,CSF_16,TGAAAGACACCTGGTG-1,0.42067778926732785
CXCR3-,MS,CSF_16,TGAAAGAGTATAGGTA-1,-0.19845039868744738
CXCR3-,MS,CSF_16,TGACAACTCACGGTTA-1,0.33318432724487757
CXCR3+,MS,CSF_16,TGACAACTCAGCGATT-1,0.14795054703635332
CXCR3-,MS,CSF_16,TGACGGCAGGCAGTCA-1,0.1642689423424064
CXCR3-,MS,CSF_16,TGACGGCGTGACAAAT-1,0.17534507442374903
CXCR3-,MS,CSF_16,TGACTAGAGGATTCGG-1,-0.11809203286746757
CXCR3+,MS,CSF_16,TGACTAGGTAAGTTCC-1,0.4291811009805565
CXCR3-,MS,CSF_16,TGACTAGTCTCTAAGG-1,0.13384021638909485
CXCR3+,MS,CSF_16,TGACTTTTCAGCTCTC-1,0.5316438224388725
CXCR3-,MS,CSF_16,TGAGAGGAGAGAGCTC-1,-0.29997119987097626
CXCR3-,MS,CSF_16,TGAGAGGAGCTAAGAT-1,-0.29997119987097626
CXCR3-,MS,CSF_16,TGAGAGGCAGTGGGAT-1,-0.11118320957819296
CXCR3-,MS,CSF_16,TGAGAGGTCCAAGTAC-1,0.4219950999758257
CXCR3+,MS,CSF_16,TGAGCATCATGCTGGC-1,0.0742419662120907
CXCR3-,MS,CSF_16,TGAGCATCATGTTGAC-1,0.003688043627308124
CXCR3-,MS,CSF_16,TGAGCATTCTACCAGA-1,0.10374661150986404
CXCR3+,MS,CSF_16,TGAGCCGAGCTCCCAG-1,0.10438602947078134
CXCR3+,MS,CSF_16,TGAGCCGCACCTCGTT-1,0.1991096184549214
CXCR3-,MS,CSF_16,TGAGGGAGTAGCTAAA-1,0.3529775412037063
CXCR3-,MS,CSF_16,TGATTTCAGATGTTAG-1,0.13600281851535612
CXCR3+,MS,CSF_16,TGCACCTGTACAGTGG-1,0.12773077883669412
CXCR3-,MS,CSF_16,TGCACCTTCTCAAACG-1,-0.15272313357438014
CXCR3+,MS,CSF_16,TGCCAAACAGGAACGT-1,0.7329186585272252
CXCR3+,MS,CSF_16,TGCCAAAGTTATGTGC-1,-0.17182706255966076
CXCR3-,MS,CSF_16,TGCCCATAGGACAGCT-1,-0.1313532020852655
CXCR3+,MS,CSF_16,TGCCCATCATGCTAGT-1,0.3297592924491581
CXCR3+,MS,CSF_16,TGCCCATGTGCAGTAG-1,0.07256191967001302
CXCR3+,MS,CSF_16,TGCCCTACAAGTTAAG-1,0.13102220466077522
CXCR3-,MS,CSF_16,TGCCCTACACGTTGGC-1,-0.06065726037878693
CXCR3+,MS,CSF_16,TGCCCTATCAGCTGGC-1,0.28180299695203664
CXCR3-,MS,CSF_16,TGCGCAGAGAAACCGC-1,-0.29997119987097626
CXCR3-,MS,CSF_16,TGCGCAGAGTAAGTAC-1-1,-0.07864722179862142
CXCR3+,MS,CSF_16,TGCGCAGCACGCCAGT-1,0.19583811343164897
CXCR3-,MS,CSF_16,TGCGCAGGTAAATACG-1,-0.29997119987097626
CXCR3-,MS,CSF_16,TGCGCAGGTCAATGTC-1,-0.11384995151071346
CXCR3-,MS,CSF_16,TGCGCAGTCGTACGGC-1,-0.29997119987097626
CXCR3-,MS,CSF_16,TGCGCAGTCTACTCAT-1,-0.10500117003628988
CXCR3+,MS,CSF_16,TGCGCAGTCTCTGCTG-1,0.44164994163090465
CXCR3-,MS,CSF_16,TGCGGGTCAGTCCTTC-1,-0.02485986616182766
CXCR3-,MS,CSF_16,TGCGGGTTCGGAAACG-1,-0.004058990938639785
CXCR3-,MS,CSF_16,TGCGTGGGTAATCACC-1,-0.03218025155802499
CXCR3-,MS,CSF_16,TGCGTGGTCTCCAGGG-1,0.11967376247491293
CXCR3-,MS,CSF_16,TGCTACCCACGGTAGA-1,0.07028204443268891
CXCR3-,MS,CSF_16,TGCTACCGTCCAGTTA-1,-0.08491249333706105
CXCR3-,MS,CSF_16,TGCTACCGTCTTCGTC-1,0.0649189245203583
CXCR3-,MS,CSF_16,TGCTGCTAGGACATTA-1,-0.29997119987097626
CXCR3-,MS,CSF_16,TGCTGCTTCTGTCTCG-1,0.19282088565634306
CXCR3-,MS,CSF_16,TGGACGCAGTGAAGAG-1,0.04616944491337355
CXCR3-,MS,CSF_16,TGGCCAGAGTAGCCGA-1,0.19469952319766431
CXCR3+,MS,CSF_16,TGGCCAGCACCTGGTG-1,0.2745433759326253
CXCR3-,MS,CSF_16,TGGCGCAAGGATATAC-1,0.42451488498249523
CXCR3-,MS,CSF_16,TGGCGCAGTCTTGATG-1,-0.13149546680992882
CXCR3-,MS,CSF_16,TGGCGCATCACCGGGT-1,-0.1168818250094794
CXCR3-,MS,CSF_16,TGGCTGGAGCCAGGAT-1,-0.0529125712435224
CXCR3-,MS,CSF_16,TGGCTGGGTAAGTTCC-1,0.07294070205435856
CXCR3+,MS,CSF_16,TGGGAAGAGATGCCTT-1,0.3777447637644084
CXCR3-,MS,CSF_16,TGGGAAGAGCAGCGTA-1,0.4252167778443077
CXCR3-,MS,CSF_16,TGGGAAGAGCGATAGC-1,-0.15887028431932887
CXCR3-,MS,CSF_16,TGGGAAGTCGAATGGG-1,0.13790315224021316
CXCR3-,MS,CSF_16,TGGGCGTAGATGCCTT-1,0.07438226265188252
CXCR3-,MS,CSF_16,TGGGCGTAGCGTTCCG-1,0.1367516826738445
CXCR3-,MS,CSF_16,TGGGCGTTCTTGCATT-1,-0.12560369027143603
CXCR3-,MS,CSF_16,TGGTTAGGTCGCCATG-1,0.6482779359119862
CXCR3-,MS,CSF_16,TGGTTAGTCGAACGGA-1,-0.03647305818295977
CXCR3+,MS,CSF_16,TGGTTCCAGTCCGTAT-1,0.28863030630012104
CXCR3-,MS,CSF_16,TGGTTCCAGTGGGATC-1,0.0738712305777088
CXCR3-,MS,CSF_16,TGGTTCCCACCACCAG-1,0.701162436608139
CXCR3-,MS,CSF_16,TGGTTCCGTACTCTCC-1,-0.09001494627637285
CXCR3-,MS,CSF_16,TGTATTCCACTCTGTC-1,0.11434638694346454
CXCR3-,MS,CSF_16,TGTATTCTCCTTAATC-1,0.36609805952046687
CXCR3-,MS,CSF_16,TGTCCCAGTCAAAGAT-1,0.2053878956933524
CXCR3+,MS,CSF_16,TGTCCCATCGCAAACT-1,0.13587168121275237
CXCR3-,MS,CSF_16,TGTGGTAAGAGCCTAG-1,0.126126155659079
CXCR3-,MS,CSF_16,TGTGGTATCCAAAGTC-1,0.16042537261523032
CXCR3-,MS,CSF_16,TGTTCCGTCACAATGC-1,0.12479373467053947
CXCR3+,MS,CSF_16,TGTTCCGTCACATAGC-1,0.2521597637201355
CXCR3-,MS,CSF_16,TTAACTCGTTCGTTGA-1,-0.29997119987097626
CXCR3+,MS,CSF_16,TTAACTCTCCCTAATT-1,0.07101049514765641
CXCR3-,MS,CSF_16,TTAGGACAGTCCCACG-1,0.12416390613062475
CXCR3-,MS,CSF_16,TTAGGACCATCATCCC-1,-0.1345862237118149
CXCR3+,MS,CSF_16,TTAGGACGTCACCTAA-1,0.2632023731904782
CXCR3-,MS,CSF_16,TTAGGCAGTTTACTCT-1,0.7196835332195314
CXCR3-,MS,CSF_16,TTATGCTAGATGTGGC-1,0.19288589263285183
CXCR3-,MS,CSF_16,TTATGCTAGCTTCGCG-1,-0.29997119987097626
CXCR3+,MS,CSF_16,TTATGCTAGGCCCTTG-1,0.1849894694633578
CXCR3-,MS,CSF_16,TTATGCTTCCTACAGA-1,0.19539371198582337
CXCR3-,MS,CSF_16,TTCCCAGAGACAAGCC-1,0.004860003058984993
CXCR3+,MS,CSF_16,TTCCCAGGTCCCTTGT-1,-0.12972898549920026
CXCR3-,MS,CSF_16,TTCGAAGCAGTAAGCG-1,-0.047653366943180724
CXCR3-,MS,CSF_16,TTCGGTCTCCATGCTC-1,-0.13385017178274236
CXCR3-,MS,CSF_16,TTCTACAGTGCACCAC-1,-0.0015350061392233525
CXCR3-,MS,CSF_16,TTCTCAAGTGTATGGG-1,-0.14475190167330276
CXCR3+,MS,CSF_16,TTGAACGGTAAGCACG-1,0.27091689684775905
CXCR3-,MS,CSF_16,TTGAACGGTGAGGGTT-1,-0.29997119987097626
CXCR3-,MS,CSF_16,TTGAACGGTTAAGAAC-1,0.13533178399097032
CXCR3-,MS,CSF_16,TTGAACGTCACATAGC-1,0.4372570345719655
CXCR3-,MS,CSF_16,TTGAACGTCCAGGGCT-1,0.03370945518805933
CXCR3-,MS,CSF_16,TTGACTTAGCTACCTA-1,0.06545723407077322
CXCR3-,MS,CSF_16,TTGACTTCACAGATTC-1,-0.1185646692283849
CXCR3+,MS,CSF_16,TTGCCGTAGCGATTCT-1,0.6200775297048579
CXCR3-,MS,CSF_16,TTGCCGTAGCTCCTCT-1,0.5155553336971194
CXCR3+,MS,CSF_16,TTGCCGTTCCTTGGTC-1,-0.07400066625157976
CXCR3-,MS,CSF_16,TTGCCGTTCGCGGATC-1,0.07631303092191198
CXCR3-,MS,CSF_16,TTGCGTCAGCTGAACG-1,0.3713981467724361
CXCR3-,MS,CSF_16,TTGCGTCAGTCTTGCA-1,0.32450247101772695
CXCR3-,MS,CSF_16,TTGGAACGTGAGTATA-1,-0.14347653455819023
CXCR3-,MS,CSF_16,TTGGCAAAGAGGTACC-1,-0.1221884054320742
CXCR3-,MS,CSF_16,TTGGCAACAGCTCGCA-1,-0.14070082709953058
CXCR3-,MS,CSF_16,TTGGCAAGTAAGTGGC-1,0.4233487727616568
CXCR3+,MS,CSF_16,TTGTAGGGTACGAAAT-1,0.6241339020533007
CXCR3-,MS,CSF_16,TTTACTGAGGCGATAC-1,-0.1362428752510269
CXCR3+,MS,CSF_16,TTTACTGCAGCTCCGA-1,0.13769593062449423
CXCR3+,MS,CSF_16,TTTACTGGTAATTGGA-1,-0.17217229986341825
CXCR3-,MS,CSF_16,TTTACTGTCGATGAGG-1,0.041903722709344234
CXCR3+,MS,CSF_16,TTTATGCAGTGCTGCC-1,-0.08398958774751684
CXCR3+,MS,CSF_16,TTTCCTCAGGAGTACC-1,0.22237708502277664
CXCR3-,MS,CSF_16,TTTCCTCGTAGCACGA-1,-0.29997119987097626
CXCR3-,MS,CSF_16,TTTCCTCGTGTTTGTG-1,0.5633545781188868
CXCR3-,MS,CSF_16,TTTCCTCTCCAGATCA-1,0.1070058783999185
CXCR3-,MS,CSF_16,TTTGCGCAGACTAGGC-1,-0.035093191730193055
CXCR3+,MS,CSF_16,TTTGCGCCATGTTGAC-1,-0.29997119987097626
CXCR3-,MS,CSF_16,TTTGGTTAGCTGGAAC-1,-0.12007472154866562
CXCR3+,MS,CSF_16,TTTGGTTGTCGAATCT-1,0.29594431448744757
CXCR3-,MS,CSF_16,TTTGGTTTCGAATGGG-1,-0.29997119987097626
CXCR3+,MS,CSF_22,AACCGCGAGTGCTGCC-1,0.06945555496299861
CXCR3+,MS,CSF_22,AACGTTGCATAGGATA-1,-0.29997119987097626
CXCR3+,MS,CSF_22,AACTCAGCACCACGTG-1,0.4735304991052571
CXCR3-,MS,CSF_22,AAGGCAGTCGTAGGTT-1,-0.29997119987097626
CXCR3+,MS,CSF_22,ACACCGGCAATCGGTT-1,0.3665872837283076
CXCR3+,MS,CSF_22,ACGCCAGCACAGGTTT-1,-0.14121650427261842
CXCR3-,MS,CSF_22,ACTTACTGTAAGGATT-1,1.6009159739075247
CXCR3-,MS,CSF_22,ACTTGTTTCTGCTTGC-1,-0.054258598483878095
CXCR3-,MS,CSF_22,AGATTGCAGGGTTCCC-1,-0.12277901440359659
CXCR3+,MS,CSF_22,AGCAGCCAGAGCCCAA-1,0.2411122907006644
CXCR3+,MS,CSF_22,AGCATACCACAGGCCT-1,0.06247154306557116
CXCR3-,MS,CSF_22,AGGTCATGTACAAGTA-1,-0.10873228403648912
CXCR3+,MS,CSF_22,ATAACGCAGCGTCTAT-1,-0.09706311290063899
CXCR3-,MS,CSF_22,ATTCTACAGTTGCAGG-1,-0.1563323878996416
CXCR3+,MS,CSF_22,ATTGGACTCCACGCAG-1,0.4205682692584131
CXCR3-,MS,CSF_22,CACCTTGTCTCAACTT-1,-0.13319214880154936
CXCR3+,MS,CSF_22,CAGCAGCGTTATCGGT-1,-0.29997119987097626
CXCR3+,MS,CSF_22,CATATGGTCGACGGAA-1,-0.29997119987097626
CXCR3+,MS,CSF_22,CATATTCTCTTACCTA-1,-0.0648758660535873
CXCR3+,MS,CSF_22,CATCAGAGTTCAGGCC-1,-0.01124120903454329
CXCR3-,MS,CSF_22,CCATTCGTCTTCTGGC-1,-0.29997119987097626
CXCR3+,MS,CSF_22,CCGTTCAAGTCTCGGC-1,0.12351965190781813
CXCR3-,MS,CSF_22,CCTACCACATTGTGCA-1,0.1243388046250613
CXCR3-,MS,CSF_22,CGAATGTAGCCGGTAA-1,-0.09133672525714233
CXCR3-,MS,CSF_22,CGAGAAGAGTGACATA-1,-0.158081667060109
CXCR3+,MS,CSF_22,CGCTGGAAGTAGGTGC-1,0.15318728123685357
CXCR3+,MS,CSF_22,CGGAGTCGTCTTGATG-1,0.18575979951372318
CXCR3+,MS,CSF_22,CGTGTAAGTGAAATCA-1,0.23091832241572718
CXCR3+,MS,CSF_22,CTCTAATCAGGATTGG-1,0.35456593916975093
CXCR3-,MS,CSF_22,CTGCCTACATTCTCAT-1,0.24453084999560243
CXCR3-,MS,CSF_22,CTGGTCTCACAAGCCC-1,0.24439986863035795
CXCR3-,MS,CSF_22,GAATAAGTCGTTACAG-1,0.0056235400602802
CXCR3-,MS,CSF_22,GACACGCTCAAGGCTT-1,0.011023948670593855
CXCR3-,MS,CSF_22,GACAGAGCAGGGATTG-1,0.16012473047084502
CXCR3-,MS,CSF_22,GACGCGTAGTATGACA-1,-0.00550183371234452
CXCR3+,MS,CSF_22,GACGCGTGTCCAGTTA-1,1.0663717245278392
CXCR3+,MS,CSF_22,GAGGTGATCCAACCAA-1,-0.07524625707176731
CXCR3+,MS,CSF_22,GAGTCCGGTAGGGTAC-1,-0.06829256536794319
CXCR3-,MS,CSF_22,GATCGCGCACTGTGTA-1,-0.13411009233159085
CXCR3+,MS,CSF_22,GATCGCGCATGCCTTC-1,0.3680824082877444
CXCR3+,MS,CSF_22,GATCGCGTCAACTCTT-1,0.07629101190124152
CXCR3-,MS,CSF_22,GATGAAAAGACAGAGA-1,0.6885640081668986
CXCR3-,MS,CSF_22,GCAATCAAGATGCCTT-1,0.4607214291468743
CXCR3-,MS,CSF_22,GCAGCCATCGTCTGCT-1,-0.15220922229945075
CXCR3+,MS,CSF_22,GCCAAATTCTTACCGC-1,0.36388734737206585
CXCR3-,MS,CSF_22,GCCTCTACAAGCGCTC-1,-0.29997119987097626
CXCR3-,MS,CSF_22,GCGACCAGTCCGAATT-1,0.26098254586370473
CXCR3+,MS,CSF_22,GCGCGATCACATAACC-1,0.13403206813711482
CXCR3+,MS,CSF_22,GGAAAGCCAACACGCC-1,-0.009252662199477327
CXCR3+,MS,CSF_22,GGACATTAGGCTATCT-1,-0.14556518108883104
CXCR3-,MS,CSF_22,GGGCACTAGACACTAA-1,0.03211022308894328
CXCR3+,MS,CSF_22,GGTATTGCAAACCCAT-1,0.7589170131129711
CXCR3-,MS,CSF_22,GTAACGTTCTCTAAGG-1,0.4724323317686218
CXCR3-,MS,CSF_22,GTAACTGTCGAACGGA-1,-0.29997119987097626
CXCR3-,MS,CSF_22,GTATCTTTCAGCAACT-1,-0.1414429178384696
CXCR3+,MS,CSF_22,GTATTCTCACAGACAG-1,0.2626886807100776
CXCR3-,MS,CSF_22,GTCGGGTGTCTAGCCG-1,-0.01623602805866404
CXCR3-,MS,CSF_22,GTCTTCGCAATGACCT-1,0.13892586215756147
CXCR3-,MS,CSF_22,GTTACAGGTTCTGGTA-1,0.10981024327591789
CXCR3+,MS,CSF_22,GTTCATTAGAACAATC-1,0.4552001732117417
CXCR3-,MS,CSF_22,GTTCTCGAGCAGGCTA-1,0.13530020835215179
CXCR3-,MS,CSF_22,TACGGGCGTAAGGGCT-1,0.1622817950282025
CXCR3+,MS,CSF_22,TACGGGCTCTTTACAC-1,-0.29997119987097626
CXCR3-,MS,CSF_22,TACTCATGTTTAAGCC-1,-0.11840149154314851
CXCR3-,MS,CSF_22,TACTTACTCTGTACGA-1,-0.10681964774386712
CXCR3-,MS,CSF_22,TACTTGTGTGAGGGAG-1,0.11624036428302408
CXCR3+,MS,CSF_22,TAGCCGGTCGGCGGTT-1,-0.29997119987097626
CXCR3+,MS,CSF_22,TCACAAGGTGATGATA-1,-0.205236913144861
CXCR3+,MS,CSF_22,TCGCGAGAGGCTATCT-1,0.30530015613471356
CXCR3-,MS,CSF_22,TCGCGAGTCTGTTGAG-1,-0.19568010504098235
CXCR3-,MS,CSF_22,TCGCGTTAGACGCACA-1,-0.29997119987097626
CXCR3+,MS,CSF_22,TCTCTAACAGGGCATA-1,0.08963367255356303
CXCR3+,MS,CSF_22,TCTTCGGGTAGAAGGA-1,0.43288427406356783
CXCR3-,MS,CSF_22,TGACAACAGGTGGGTT-1,-0.11275217513463216
CXCR3+,MS,CSF_22,TGCGGGTTCGAGCCCA-1,-0.29997119987097626
CXCR3+,MS,CSF_22,TGCGTGGCAGGAATCG-1,-0.14490007609404204
CXCR3+,MS,CSF_22,TTAACTCCAGCGATCC-1,-0.29997119987097626
CXCR3-,MS,CSF_22,TTAACTCTCAAGGCTT-1,-0.02118964222309785
CXCR3+,MS,CSF_22,TTCCCAGAGAAACCTA-1,0.1624536986998641
CXCR3+,MS,CSF_22,TTCCCAGAGACTGGGT-1,0.11065829037085628
CXCR3+,MS,CSF_22,TTCTACAGTTCGAATC-1,0.926435814933737
CXCR3-,MS,CSF_22,TTCTTAGCAGCTCGCA-1,0.013830818595630052
CXCR3+,MS,CSF_22,TTGACTTGTCATACTG-1,0.518599039142092
CXCR3+,MS,CSF_22,TTTGGTTGTGCAACTT-1,-0.29997119987097626
CXCR3+,MS,CSF_24,AAACCTGAGTCTCGGC-1,0.12730910775618873
CXCR3-,MS,CSF_24,AACCGCGAGCAGACTG-1,0.06793998155793461
CXCR3-,MS,CSF_24,AACTCCCGTAAGCACG-1,0.10814981213324258
CXCR3+,MS,CSF_24,AAGGTTCGTGAGTATA-1,0.42781985755764934
CXCR3+,MS,CSF_24,AATCCAGGTACAAGTA-1,0.9858511832916095
CXCR3-,MS,CSF_24,AATCCAGGTATAGTAG-1,-0.29997119987097626
CXCR3-,MS,CSF_24,ACACCCTCATGTTGAC-1,-0.29997119987097626
CXCR3+,MS,CSF_24,ACACCGGTCAACCATG-1,0.1954995690488702
CXCR3-,MS,CSF_24,ACACTGATCTATGTGG-1,-0.29997119987097626
CXCR3+,MS,CSF_24,ACAGCTACAATAGAGT-1,0.08122762567220053
CXCR3-,MS,CSF_24,ACAGCTACAATGACCT-1,0.17442866817083194
CXCR3-,MS,CSF_24,ACATACGCACCAGTTA-1,-0.08886341169432252
CXCR3-,MS,CSF_24,ACATCAGTCATCACCC-1,-0.13982067969729636
CXCR3-,MS,CSF_24,ACCCACTGTATAAACG-1,0.13402250438693314
CXCR3-,MS,CSF_24,ACCGTAACAGACGCCT-1,0.15046826966466317
CXCR3+,MS,CSF_24,ACCGTAAGTCATGCCG-1,-0.04215648066584809
CXCR3-,MS,CSF_24,ACGAGGACAGGGCATA-1,0.0891737395420081
CXCR3+,MS,CSF_24,ACGCAGCCATGACATC-1,0.35586469399942394
CXCR3-,MS,CSF_24,ACGCAGCTCCGCGCAA-1,0.5532831995829507
CXCR3+,MS,CSF_24,ACGCCAGGTCCAGTAT-1,0.6272456450168874
CXCR3-,MS,CSF_24,ACGGGCTAGGCAATTA-1,0.3968459219567175
CXCR3-,MS,CSF_24,ACGTCAATCTCTAGGA-1,-0.08594706440427248
CXCR3-,MS,CSF_24,ACTATCTCAGGGTATG-1,-0.020393859082877892
CXCR3-,MS,CSF_24,ACTATCTTCTGCCAGG-1,-0.06804208106013379
CXCR3-,MS,CSF_24,ACTGAACCAGCTATTG-1,-0.29997119987097626
CXCR3-,MS,CSF_24,ACTGAACGTCTGCAAT-1,-0.16041623487811815
CXCR3+,MS,CSF_24,ACTGAGTGTTCGGCAC-1,-0.14310586984148108
CXCR3-,MS,CSF_24,ACTGCTCTCATGTGGT-1,0.7761396420172136
CXCR3-,MS,CSF_24,ACTTGTTAGTCATGCT-1,0.4709460947122304
CXCR3-,MS,CSF_24,ACTTTCAAGGCGATAC-1,0.16633072619053163
CXCR3-,MS,CSF_24,ACTTTCAGTTACGTCA-1,-0.1416730506722485
CXCR3-,MS,CSF_24,AGAATAGAGGATATAC-1,0.22393106015099046
CXCR3+,MS,CSF_24,AGAATAGGTACTTGAC-1,0.15726240453008297
CXCR3-,MS,CSF_24,AGACGTTCAAAGCGGT-1,-0.023935295270284866
CXCR3-,MS,CSF_24,AGAGCGAAGACGCACA-1,0.34583177356486566
CXCR3-,MS,CSF_24,AGAGCTTCAAGCCGCT-1,0.5176408620085062
CXCR3-,MS,CSF_24,AGAGCTTGTCCGACGT-1,-0.06567412759794108
CXCR3-,MS,CSF_24,AGATCTGAGCGATAGC-1,0.3148921586713366
CXCR3+,MS,CSF_24,AGCCTAATCTGCCCTA-1,0.25754041199636574
CXCR3-,MS,CSF_24,AGCGTCGTCCACGTGG-1,0.25855787166049965
CXCR3+,MS,CSF_24,AGCTCCTCAGGATCGA-1,0.06340548410778037
CXCR3+,MS,CSF_24,AGGCCACAGTATCTCG-1,0.2358539896397876
CXCR3-,MS,CSF_24,AGGCCGTCAATAGAGT-1,-0.29997119987097626
CXCR3-,MS,CSF_24,AGGGTGATCAGAGGTG-1,0.09150247375598072
CXCR3+,MS,CSF_24,AGGGTGATCTGATTCT-1,0.36948200602062004
CXCR3-,MS,CSF_24,AGGTCATAGCTGTCTA-1,0.004942622491520491
CXCR3+,MS,CSF_24,AGGTCATAGGGAGTAA-1,0.311028617759907
CXCR3+,MS,CSF_24,AGGTCCGCACCAGATT-1,0.03124437377733602
CXCR3-,MS,CSF_24,AGGTCCGCAGCATGAG-1,0.33715356769255556
CXCR3-,MS,CSF_24,AGTCTTTCACAGCGTC-1,-0.042247858475586486
CXCR3-,MS,CSF_24,AGTCTTTCATCGGTTA-1,-0.29997119987097626
CXCR3-,MS,CSF_24,AGTCTTTGTACAGTTC-1,0.10960468871365969
CXCR3-,MS,CSF_24,AGTGAGGAGTTCGCAT-1,0.16137666165358114
CXCR3-,MS,CSF_24,AGTGGGATCTTAGCCC-1,0.3864630460361339
CXCR3-,MS,CSF_24,AGTGTCAAGGTGATAT-1,-0.29997119987097626
CXCR3-,MS,CSF_24,ATAAGAGGTAAGTGGC-1,0.038665623027738905
CXCR3-,MS,CSF_24,ATAGACCCAGGTCGTC-1,-0.29997119987097626
CXCR3-,MS,CSF_24,ATCACGAGTGCAGGTA-1,-0.29997119987097626
CXCR3-,MS,CSF_24,ATCACGAGTTTGACTG-1,-0.15401483796642457
CXCR3-,MS,CSF_24,ATCATCTAGTCTCCTC-1,0.07796129518079799
CXCR3+,MS,CSF_24,ATCATCTCAGCCACCA-1,0.03925586461370093
CXCR3+,MS,CSF_24,ATCATGGGTCTGCGGT-1,-0.06370557439604248
CXCR3-,MS,CSF_24,ATCCACCGTATCAGTC-1,0.3370180928653169
CXCR3-,MS,CSF_24,ATCCGAACACGTCAGC-1,-0.29997119987097626
CXCR3-,MS,CSF_24,ATCCGAAGTACAGTGG-1,0.18638768507453501
CXCR3-,MS,CSF_24,ATCTGCCGTCTACCTC-1,-0.29997119987097626
CXCR3-,MS,CSF_24,ATGGGAGCAAATCCGT-1,-0.29997119987097626
CXCR3-,MS,CSF_24,ATGTGTGCAAGTTAAG-1,-0.18901535284603824
CXCR3-,MS,CSF_24,ATTACTCCATTGGGCC-1,0.15975398091003412
CXCR3+,MS,CSF_24,ATTACTCGTAGCTAAA-1,0.5289627098305518
CXCR3-,MS,CSF_24,ATTACTCTCTGCTGTC-1,0.3989908498506054
CXCR3-,MS,CSF_24,ATTCTACGTTGGTTTG-1,0.8429885589606533
CXCR3-,MS,CSF_24,ATTCTACTCCCTTGCA-1,-0.29997119987097626
CXCR3-,MS,CSF_24,ATTGGTGAGGCATGTG-1,0.056975809886595244
CXCR3-,MS,CSF_24,ATTGGTGCACTACAGT-1,-0.29997119987097626
CXCR3+,MS,CSF_24,ATTGGTGCAGTTCCCT-1,0.5191488819448279
CXCR3+,MS,CSF_24,ATTGGTGGTTAGATGA-1,-0.20763644043349966
CXCR3+,MS,CSF_24,ATTTCTGCAATGGATA-1,-0.10134599645422204
CXCR3-,MS,CSF_24,CAACCAAGTATAAACG-1,0.11579888323518171
CXCR3-,MS,CSF_24,CAACCTCAGAGCTGCA-1,-0.29997119987097626
CXCR3-,MS,CSF_24,CAAGAAAAGCTCCCAG-1,0.045149331747945255
CXCR3-,MS,CSF_24,CAAGAAATCATGGTCA-1,0.5432401681173021
CXCR3+,MS,CSF_24,CAAGATCCACTAAGTC-1,-0.29997119987097626
CXCR3-,MS,CSF_24,CAAGATCCAGCAGTTT-1,0.11055285319938725
CXCR3+,MS,CSF_24,CACATTTAGAGTAATC-1,0.10412966888229477
CXCR3+,MS,CSF_24,CACCACTGTAAACGCG-1,0.21321666899563851
CXCR3+,MS,CSF_24,CACCACTTCGGAAACG-1,-0.29997119987097626
CXCR3-,MS,CSF_24,CACCAGGTCCGTAGGC-1,-0.03680008951416142
CXCR3-,MS,CSF_24,CACCTTGGTCAGTGGA-1,0.42140179928132016
CXCR3-,MS,CSF_24,CAGCAGCAGCCGGTAA-1,0.3150348513817104
CXCR3-,MS,CSF_24,CAGCGACCATCCAACA-1,-0.29997119987097626
CXCR3-,MS,CSF_24,CAGCTGGTCTTGAGAC-1,-0.29997119987097626
CXCR3-,MS,CSF_24,CAGGTGCAGCTAGGCA-1,-0.0765944037969877
CXCR3-,MS,CSF_24,CAGTCCTAGAGAGCTC-1,-0.12425987510847866
CXCR3-,MS,CSF_24,CATCAGAGTCTAAAGA-1,0.06491251206452182
CXCR3-,MS,CSF_24,CATCCACGTACCAGTT-1,-0.13334738733994322
CXCR3+,MS,CSF_24,CATCGAACATTTCAGG-1,-0.29997119987097626
CXCR3-,MS,CSF_24,CCAATCCCATTAGCCA-1,0.7609079370761862
CXCR3-,MS,CSF_24,CCACCTACATCTGGTA-1,0.16069434268665775
CXCR3-,MS,CSF_24,CCACGGAAGTGGTCCC-1,-0.29997119987097626
CXCR3-,MS,CSF_24,CCAGCGATCACTGGGC-1,-0.07573208885900651
CXCR3+,MS,CSF_24,CCATTCGTCGTTTAGG-1,-0.29997119987097626
CXCR3+,MS,CSF_24,CCCAATCAGAGCCCAA-1,-0.29997119987097626
CXCR3+,MS,CSF_24,CCCTCCTGTAGCTAAA-1,-0.09402485137474534
CXCR3-,MS,CSF_24,CCGGTAGCATCTATGG-1,0.05677243479885363
CXCR3-,MS,CSF_24,CCGTACTCAATAAGCA-1,-0.10429895107485081
CXCR3-,MS,CSF_24,CCGTGGAGTTGCGTTA-1,-0.04378643336988723
CXCR3+,MS,CSF_24,CCTAGCTTCCGCTGTT-1,-0.0789010928945368
CXCR3-,MS,CSF_24,CCTAGCTTCCTGCTTG-1,-0.06854192076884646
CXCR3-,MS,CSF_24,CCTAGCTTCTCATTCA-1,-0.16022900298448547
CXCR3+,MS,CSF_24,CCTTCGACACCCATTC-1,0.3117155484223461
CXCR3+,MS,CSF_24,CCTTTCTAGGAGTAGA-1,0.068719502604918
CXCR3-,MS,CSF_24,CGAACATGTATTACCG-1,0.6246267019621082
CXCR3+,MS,CSF_24,CGAATGTCAGTAACGG-1,-0.05086936086954116
CXCR3+,MS,CSF_24,CGAATGTTCGAATCCA-1,-0.29997119987097626
CXCR3+,MS,CSF_24,CGATCGGCAGCTGTTA-1,0.0024073768013436986
CXCR3+,MS,CSF_24,CGATTGACATGAACCT-1,-0.013536350891102231
CXCR3+,MS,CSF_24,CGCGGTAGTATATGGA-1,-0.29997119987097626
CXCR3-,MS,CSF_24,CGCGTTTGTACAGACG-1,-0.13538683799694404
CXCR3-,MS,CSF_24,CGCGTTTTCTAACCGA-1,-0.1349848109834177
CXCR3-,MS,CSF_24,CGCTATCAGTGAACGC-1,-0.011479981464691254
CXCR3-,MS,CSF_24,CGCTGGACAATGGACG-1,0.1547630667422284
CXCR3-,MS,CSF_24,CGGACACCATAGAAAC-1,0.02730950940349849
CXCR3-,MS,CSF_24,CGGACACTCAATCACG-1,-0.1315162683772339
CXCR3-,MS,CSF_24,CGGACGTCATGAAGTA-1,0.02748236585504135
CXCR3-,MS,CSF_24,CGGACTGCAAGTACCT-1,-0.29997119987097626
CXCR3+,MS,CSF_24,CGGAGCTCACTGAAGG-1,0.2907322825967528
CXCR3+,MS,CSF_24,CGGAGCTTCGCACTCT-1,-0.29997119987097626
CXCR3-,MS,CSF_24,CGGAGTCGTGCCTTGG-1,-0.09271262570855597
CXCR3-,MS,CSF_24,CGGCTAGCAGTCACTA-1,-0.03648145613923396
CXCR3-,MS,CSF_24,CGGGTCAGTAGCGTGA-1,-0.04514828710599146
CXCR3-,MS,CSF_24,CGGTTAAAGCGGCTTC-1,-0.29997119987097626
CXCR3-,MS,CSF_24,CGTAGGCAGTAGATGT-1,-0.29997119987097626
CXCR3-,MS,CSF_24,CGTCAGGAGTCCGGTC-1,-0.051700943037678415
CXCR3-,MS,CSF_24,CGTGAGCTCGCGTAGC-1,0.43599640625148534
CXCR3-,MS,CSF_24,CGTTAGATCGGTCTAA-1,0.030599090435088547
CXCR3+,MS,CSF_24,CTACACCCAACCGCCA-1,0.5572252652388653
CXCR3+,MS,CSF_24,CTACACCCAGTGACAG-1,-0.29997119987097626
CXCR3-,MS,CSF_24,CTACCCATCTCTGAGA-1,0.24553418962667894
CXCR3-,MS,CSF_24,CTACGTCAGCACACAG-1,-0.29997119987097626
CXCR3-,MS,CSF_24,CTACGTCGTTCTGGTA-1,-0.29997119987097626
CXCR3-,MS,CSF_24,CTAGAGTCACTTAAGC-1,-0.10056111097986872
CXCR3-,MS,CSF_24,CTAGAGTTCGTCCAGG-1,-0.29997119987097626
CXCR3-,MS,CSF_24,CTAGCCTGTCTAGCCG-1,-0.13199435138253074
CXCR3-,MS,CSF_24,CTAGCCTTCGACGGAA-1,0.6876043832409984
CXCR3+,MS,CSF_24,CTCACACAGATATGGT-1,-0.29997119987097626
CXCR3-,MS,CSF_24,CTCACACCACATGACT-1,-0.29997119987097626
CXCR3-,MS,CSF_24,CTCATTAGTTAGGGTG-1,-0.29997119987097626
CXCR3-,MS,CSF_24,CTCCTAGGTAGGACAC-1,-0.29997119987097626
CXCR3+,MS,CSF_24,CTCGGGACAATAAGCA-1,-0.02102621578669035
CXCR3-,MS,CSF_24,CTCTAATGTCGGCTCA-1,0.05488417883570475
CXCR3-,MS,CSF_24,CTCTACGAGGGATACC-1,-0.05490038271466598
CXCR3-,MS,CSF_24,CTCTACGCATGATCCA-1,-0.29997119987097626
CXCR3+,MS,CSF_24,CTCTACGGTAAGCACG-1,-0.29997119987097626
CXCR3-,MS,CSF_24,CTCTGGTAGCTTATCG-1,0.0277237777960117
CXCR3-,MS,CSF_24,CTGAAGTCAGTATGCT-1,0.38046962431278775
CXCR3-,MS,CSF_24,CTGAAGTGTGGTCCGT-1,-0.29997119987097626
CXCR3-,MS,CSF_24,CTGATAGCAATCGAAA-1,0.10921707094705904
CXCR3-,MS,CSF_24,CTGCCTATCTCCCTGA-1,-0.012398779022445005
CXCR3-,MS,CSF_24,CTGCGGAGTCTTGCGG-1,-0.08358369644226503
CXCR3+,MS,CSF_24,CTGCTGTGTGTGGCTC-1,-0.29997119987097626
CXCR3-,MS,CSF_24,CTGCTGTTCTAACTGG-1,0.22753399254128914
CXCR3-,MS,CSF_24,CTGGTCTCAAATTGCC-1,0.05603132335910978
CXCR3+,MS,CSF_24,CTGGTCTCAGCGTAAG-1,0.15610303454254887
CXCR3-,MS,CSF_24,CTGTGCTGTCTTCTCG-1,0.3503448609317518
CXCR3-,MS,CSF_24,CTGTTTAGTCGCATAT-1,-0.29997119987097626
CXCR3+,MS,CSF_24,CTTAACTCAGTAAGAT-1,-0.29997119987097626
CXCR3-,MS,CSF_24,CTTAACTGTCAAACTC-1,-0.29997119987097626
CXCR3-,MS,CSF_24,CTTACCGCAAGGCTCC-1,-0.29997119987097626
CXCR3-,MS,CSF_24,CTTCTCTAGTCCGGTC-1,-0.12767550054181756
CXCR3-,MS,CSF_24,CTTTGCGCACATCCAA-1,0.33365850674562936
CXCR3+,MS,CSF_24,GAAATGACAGTGGAGT-1,0.2278166111874837
CXCR3-,MS,CSF_24,GAACCTAAGAAGATTC-1,-0.29997119987097626
CXCR3-,MS,CSF_24,GAACGGAAGGCTCAGA-1,-0.29997119987097626
CXCR3-,MS,CSF_24,GAACGGATCCGCATCT-1,0.25559323314775734
CXCR3-,MS,CSF_24,GAAGCAGAGTTCGCGC-1,-0.29997119987097626
CXCR3-,MS,CSF_24,GAAGCAGCAGCCACCA-1,0.422987271841944
CXCR3-,MS,CSF_24,GAATAAGCAACGATCT-1,-0.29997119987097626
CXCR3-,MS,CSF_24,GACACGCGTCGCGGTT-1,0.10730635385033674
CXCR3+,MS,CSF_24,GACAGAGTCACCACCT-1,0.02256105707890204
CXCR3-,MS,CSF_24,GACCAATGTCAAGCGA-1,0.31064804121290485
CXCR3+,MS,CSF_24,GACCTGGAGTGAAGTT-1,-0.29997119987097626
CXCR3-,MS,CSF_24,GACGCGTAGCTCCTTC-1,-0.29997119987097626
CXCR3+,MS,CSF_24,GACGCGTTCTTTAGTC-1,0.3630306617431235
CXCR3+,MS,CSF_24,GACGTTATCTCTGAGA-1,0.14885958796990642
CXCR3+,MS,CSF_24,GACTAACCAAGGTTTC-1,0.21823433195721523
CXCR3-,MS,CSF_24,GACTAACCACAGCGTC-1,-0.29997119987097626
CXCR3-,MS,CSF_24,GACTGCGCAATCACAC-1,-0.29997119987097626
CXCR3-,MS,CSF_24,GAGCAGACACCTTGTC-1,-0.29997119987097626
CXCR3-,MS,CSF_24,GAGTCCGAGTGACTCT-1,-0.29997119987097626
CXCR3-,MS,CSF_24,GATCAGTGTAGCACGA-1,0.15048653801860765
CXCR3-,MS,CSF_24,GATCGATGTGTAACGG-1,-0.29997119987097626
CXCR3-,MS,CSF_24,GATCGCGTCCAAACAC-1,-0.29997119987097626
CXCR3+,MS,CSF_24,GATCTAGAGAATTCCC-1,0.035713402677930835
CXCR3+,MS,CSF_24,GATCTAGCAATGGACG-1,0.22866466305169242
CXCR3+,MS,CSF_24,GATGCTAAGATGAGAG-1,0.4403270371410359
CXCR3-,MS,CSF_24,GATTCAGCAGTAACGG-1,-0.29997119987097626
CXCR3-,MS,CSF_24,GCAATCAAGCCCAGCT-1,0.4969751881072813
CXCR3-,MS,CSF_24,GCACTCTCAACGCACC-1,0.36894048637801197
CXCR3-,MS,CSF_24,GCACTCTTCGAGAACG-1,-0.14151540083179445
CXCR3+,MS,CSF_24,GCACTCTTCGAGGTAG-1,0.05246037342761841
CXCR3-,MS,CSF_24,GCAGCCAAGCCGATTT-1,-0.29997119987097626
CXCR3-,MS,CSF_24,GCATGATCACTAGTAC-1,-0.006381195442610827
CXCR3-,MS,CSF_24,GCCAAATTCTTCAACT-1,0.15543333174166146
CXCR3-,MS,CSF_24,GCGCAACGTACAGTGG-1,-0.29997119987097626
CXCR3-,MS,CSF_24,GCGCAACGTGTGGTTT-1,-0.29997119987097626
CXCR3-,MS,CSF_24,GCGCCAAAGATAGCAT-1,-0.11241671652683527
CXCR3+,MS,CSF_24,GCGGGTTTCCGTCATC-1,0.41890821193376915
CXCR3-,MS,CSF_24,GCTCTGTCATGGGAAC-1,-0.29997119987097626
CXCR3-,MS,CSF_24,GCTGCAGTCCGCGCAA-1,-0.29997119987097626
CXCR3-,MS,CSF_24,GCTGCAGTCGTCCGTT-1,-0.020182747138742928
CXCR3-,MS,CSF_24,GCTGCGACAAGCGCTC-1,0.11342994729635301
CXCR3-,MS,CSF_24,GCTTCCAGTCGTTGTA-1,-0.29997119987097626
CXCR3-,MS,CSF_24,GGACAGAAGTCACGCC-1,-0.1067865756427578
CXCR3+,MS,CSF_24,GGACATTCACAGTCGC-1,0.3388175710040558
CXCR3-,MS,CSF_24,GGACATTCACGTCTCT-1,-0.20578544692174972
CXCR3+,MS,CSF_24,GGATGTTCAAACTGTC-1,-0.1910093765052018
CXCR3-,MS,CSF_24,GGCCGATTCTTTCCTC-1,-0.008639954697658199
CXCR3-,MS,CSF_24,GGCGACTTCGGTGTCG-1,0.18918443489787246
CXCR3-,MS,CSF_24,GGGAATGGTCATGCCG-1,-0.29997119987097626
CXCR3+,MS,CSF_24,GGGAGATTCAAGGTAA-1,-0.08633894141745437
CXCR3-,MS,CSF_24,GGGATGACATCACCCT-1,-0.29997119987097626
CXCR3-,MS,CSF_24,GGGATGAGTTTAGGAA-1,0.21364488883823735
CXCR3-,MS,CSF_24,GGTATTGAGAGGGATA-1,-0.13697490727806172
CXCR3-,MS,CSF_24,GGTATTGCAATTCCTT-1,0.5602813302924273
CXCR3-,MS,CSF_24,GGTGAAGGTAAAGTCA-1,0.15908903693302565
CXCR3+,MS,CSF_24,GGTGAAGTCTGTACGA-1,0.8113280846307109
CXCR3+,MS,CSF_24,GGTGCGTAGACAAGCC-1,-0.06460281773588347
CXCR3-,MS,CSF_24,GTAACTGAGGCATTGG-1,-0.08363349389990796
CXCR3+,MS,CSF_24,GTACTTTCACGGATAG-1,0.02089025115078937
CXCR3-,MS,CSF_24,GTAGGCCAGGATTCGG-1,-0.07248672167569736
CXCR3-,MS,CSF_24,GTAGTCAGTAGCGTCC-1,-0.07563473918165155
CXCR3+,MS,CSF_24,GTATCTTAGAGGTTGC-1,0.15358285304109745
CXCR3+,MS,CSF_24,GTATCTTCACAAGCCC-1,0.06055938963121529
CXCR3-,MS,CSF_24,GTATCTTTCATGTCCC-1,-0.04047730929385722
CXCR3-,MS,CSF_24,GTCACAACAATGCCAT-1,0.20788911149570036
CXCR3-,MS,CSF_24,GTCACAACAGGACGTA-1,0.23449821818832173
CXCR3-,MS,CSF_24,GTCACGGTCAAACCAC-1,0.10550437804067128
CXCR3-,MS,CSF_24,GTCGGGTCAATCTGCA-1,0.2824918289616468
CXCR3-,MS,CSF_24,GTCGTAACAACACGCC-1,-0.29997119987097626
CXCR3-,MS,CSF_24,GTGCAGCTCTCGCATC-1,0.2009404417369571
CXCR3-,MS,CSF_24,GTGCGGTCAGGCTGAA-1,0.8400794203771689
CXCR3-,MS,CSF_24,GTGCTTCAGGGCACTA-1,0.6612701399874455
CXCR3+,MS,CSF_24,GTGTGCGTCAGTCAGT-1,0.09473447895247995
CXCR3+,MS,CSF_24,GTGTTAGGTCAACTGT-1,-0.29997119987097626
CXCR3+,MS,CSF_24,GTGTTAGTCTCGCATC-1,0.3288663965014648
CXCR3+,MS,CSF_24,GTTACAGCAAACAACA-1,-0.20163509813788302
CXCR3+,MS,CSF_24,GTTCTCGGTCGCATAT-1,0.2994344903475122
CXCR3-,MS,CSF_24,GTTTCTACAGTAAGAT-1,0.15772061764944412
CXCR3+,MS,CSF_24,TAAACCGGTGGTACAG-1-1,-0.1343198594037463
CXCR3+,MS,CSF_24,TAAGAGATCGCGTAGC-1,0.33635506303243073
CXCR3-,MS,CSF_24,TACACGATCCGGCACA-1,0.6043783489613445
CXCR3-,MS,CSF_24,TACAGTGAGCGATATA-1,-0.15708866251394824
CXCR3-,MS,CSF_24,TACAGTGCACAACGCC-1,0.5607930493250326
CXCR3-,MS,CSF_24,TACAGTGCATTGGTAC-1,-0.29997119987097626
CXCR3-,MS,CSF_24,TACCTATCAACGATCT-1,-0.29997119987097626
CXCR3-,MS,CSF_24,TACCTATGTCGGCACT-1,0.41772120855636874
CXCR3+,MS,CSF_24,TACCTTAAGGTTACCT-1,0.7196237630858409
CXCR3-,MS,CSF_24,TACCTTAGTACCGAGA-1,-0.03992150303461436
CXCR3-,MS,CSF_24,TACGGTAAGAAACCTA-1,-0.13221237252089416
CXCR3-,MS,CSF_24,TACTCATCAAGCCGCT-1,0.12731588884177308
CXCR3-,MS,CSF_24,TACTCGCAGCCACGTC-1,0.6811118672545173
CXCR3-,MS,CSF_24,TACTCGCGTAGGCTGA-1,0.19280864356451427
CXCR3-,MS,CSF_24,TACTTACCAATGGACG-1,-0.15195693969965754
CXCR3-,MS,CSF_24,TACTTGTGTCTAGTCA-1,0.02205169343145951
CXCR3-,MS,CSF_24,TAGACCACAGTAAGCG-1,-0.29997119987097626
CXCR3+,MS,CSF_24,TAGCCGGTCGTTGACA-1,0.25005018314107347
CXCR3-,MS,CSF_24,TAGCCGGTCTCGGACG-1,0.4189180087465779
CXCR3+,MS,CSF_24,TAGGCATAGAAGGACA-1,0.4128593921726402
CXCR3-,MS,CSF_24,TATCTCACAACGATGG-1,-0.08117455655360532
CXCR3-,MS,CSF_24,TATGCCCCATCCGCGA-1,-0.29997119987097626
CXCR3-,MS,CSF_24,TATTACCAGTCGTTTG-1,0.03735175754964794
CXCR3-,MS,CSF_24,TATTACCGTACCGAGA-1,-0.05207793522200906
CXCR3-,MS,CSF_24,TCAATCTGTCGGCACT-1,0.3746850171816708
CXCR3+,MS,CSF_24,TCACAAGAGCTAGCCC-1-1,0.1665560426069678
CXCR3-,MS,CSF_24,TCACAAGTCTGTACGA-1,-0.0812983287008888
CXCR3-,MS,CSF_24,TCAGCAAGTTCCATGA-1,0.32676030855264443
CXCR3-,MS,CSF_24,TCAGCTCCATTCCTGC-1,1.4156639464621883
CXCR3-,MS,CSF_24,TCATTACGTCTCTCTG-1,-0.29997119987097626
CXCR3-,MS,CSF_24,TCATTTGCAACACCCG-1,-0.29997119987097626
CXCR3+,MS,CSF_24,TCCACACCATTGAGCT-1,0.09126612988650795
CXCR3-,MS,CSF_24,TCCACACGTGTTGAGG-1,-0.29997119987097626
CXCR3-,MS,CSF_24,TCGAGGCTCCTTAATC-1,-0.29997119987097626
CXCR3-,MS,CSF_24,TCGGTAAGTCCGTCAG-1,0.13084264359261644
CXCR3-,MS,CSF_24,TCGGTAATCGACGGAA-1,-0.045608709711360086
CXCR3-,MS,CSF_24,TCGTACCAGACTGTAA-1,0.07326227090653734
CXCR3-,MS,CSF_24,TCGTACCTCTCAACTT-1,0.2001250485766277
CXCR3-,MS,CSF_24,TCTATTGGTAAGGATT-1,-0.04616182483947214
CXCR3-,MS,CSF_24,TCTATTGGTTGAGTTC-1,0.14055255280171552
CXCR3+,MS,CSF_24,TCTCATACAGTCGTGC-1,0.7864444866958914
CXCR3-,MS,CSF_24,TCTCTAAGTCCTGCTT-1,-0.29997119987097626
CXCR3-,MS,CSF_24,TCTTCGGGTACTCTCC-1,0.4321788716620021
CXCR3-,MS,CSF_24,TGACGGCTCCCAACGG-1,-0.12019660898791874
CXCR3-,MS,CSF_24,TGAGAGGCACCGGAAA-1,-0.29997119987097626
CXCR3-,MS,CSF_24,TGAGCATCAGGATTGG-1,0.29023733041563854
CXCR3-,MS,CSF_24,TGAGCCGAGGATCGCA-1,-0.07179011975221201
CXCR3-,MS,CSF_24,TGAGGGAAGACGCACA-1,-0.29997119987097626
CXCR3-,MS,CSF_24,TGATTTCAGTTGCAGG-1,0.14182654226095281
CXCR3-,MS,CSF_24,TGATTTCTCTGAGGGA-1,0.12053685642552536
CXCR3-,MS,CSF_24,TGCACCTGTAATCGTC-1,-0.10942629208686729
CXCR3+,MS,CSF_24,TGCCAAAGTGCGATAG-1,-0.1331491766059058
CXCR3-,MS,CSF_24,TGCCAAAGTTCCCGAG-1,-0.29997119987097626
CXCR3-,MS,CSF_24,TGCCCTATCAGTTTGG-1,-0.29997119987097626
CXCR3+,MS,CSF_24,TGCGGGTGTATCTGCA-1,-0.29997119987097626
CXCR3+,MS,CSF_24,TGCTACCAGCCCAACC-1,0.17495984354333882
CXCR3-,MS,CSF_24,TGCTGCTAGTGCAAGC-1,-0.29997119987097626
CXCR3-,MS,CSF_24,TGGCCAGAGGCTAGAC-1,-0.29997119987097626
CXCR3-,MS,CSF_24,TGGCGCAAGCCTATGT-1,-0.1755346543350688
CXCR3-,MS,CSF_24,TGGCGCAGTCCATCCT-1,-0.29997119987097626
CXCR3+,MS,CSF_24,TGGCTGGCATGCTAGT-1,-0.10093521057665177
CXCR3-,MS,CSF_24,TGGCTGGCATTTGCTT-1,0.1314123376039907
CXCR3-,MS,CSF_24,TGGGAAGAGGCATTGG-1,0.3461576452719295
CXCR3-,MS,CSF_24,TGGTTCCCATCGGAAG-1,0.004391553505793626
CXCR3-,MS,CSF_24,TGGTTCCGTCTTGATG-1,0.37859524514534615
CXCR3-,MS,CSF_24,TGTGGTACACCACCAG-1,-0.29997119987097626
CXCR3-,MS,CSF_24,TGTGTTTGTGTCGCTG-1,-0.29997119987097626
CXCR3-,MS,CSF_24,TTAACTCCACTAAGTC-1,-0.29997119987097626
CXCR3+,MS,CSF_24,TTAGGACTCTTACCTA-1,0.5904896668520816
CXCR3-,MS,CSF_24,TTCCCAGCAACAACCT-1,0.2131835976168007
CXCR3-,MS,CSF_24,TTCGGTCAGGCTCTTA-1,-0.0241433402154287
CXCR3-,MS,CSF_24,TTCTACAAGCCCAACC-1,0.42451488498249523
CXCR3+,MS,CSF_24,TTCTACAGTACATCCA-1,-0.03997614325294409
CXCR3+,MS,CSF_24,TTCTCCTGTCGCGAAA-1,-0.29997119987097626
CXCR3-,MS,CSF_24,TTGAACGCACATCCGG-1,0.2456647582177202
CXCR3-,MS,CSF_24,TTGACTTTCCTTGCCA-1,-0.01627938974318182
CXCR3-,MS,CSF_24,TTGCGTCAGAGCTGGT-1,-0.29997119987097626
CXCR3-,MS,CSF_24,TTGCGTCTCTATCCCG-1,0.08313727679229972
CXCR3+,MS,CSF_24,TTGGAACAGGCATGGT-1,0.42451488498249523
CXCR3-,MS,CSF_24,TTTATGCTCTTCGAGA-1,0.004207081966558184
CXCR3-,MS,CSF_24,TTTCCTCTCAGAAATG-1,0.2656250726498473
CXCR3-,MS,CSF_25,AAATGCCCAGACACTT-1,0.47427310099708847
CXCR3-,MS,CSF_25,AACCATGCAATGGAAT-1,0.2305701160270936
CXCR3-,MS,CSF_25,AACCATGGTTCGGCAC-1,0.05089129935686652
CXCR3-,MS,CSF_25,AACCGCGGTTCACGGC-1,0.2592318653020621
CXCR3-,MS,CSF_25,AACGTTGAGACACGAC-1,0.15544519884041524
CXCR3-,MS,CSF_25,AACTTTCGTCGGATCC-1,-0.29997119987097626
CXCR3-,MS,CSF_25,AAGACCTTCTTTAGTC-1,0.11378204004841641
CXCR3-,MS,CSF_25,AAGGTTCAGAAGGACA-1,-0.29997119987097626
CXCR3+,MS,CSF_25,AATCGGTTCAGTGCAT-1,-0.29997119987097626
CXCR3-,MS,CSF_25,AATCGGTTCGCCTGTT-1,1.1327039336144977
CXCR3+,MS,CSF_25,ACACCCTGTGGTCTCG-1,0.059046592722990524
CXCR3-,MS,CSF_25,ACACCGGGTTATCCGA-1,0.1027621060762778
CXCR3-,MS,CSF_25,ACACTGAAGAATTGTG-1,-0.29997119987097626
CXCR3+,MS,CSF_25,ACAGCTAAGTAGGCCA-1,0.3783283199124841
CXCR3-,MS,CSF_25,ACAGCTACACCAGGTC-1,-0.13754717467527008
CXCR3-,MS,CSF_25,ACATGGTTCCACGCAG-1,0.24929995344104544
CXCR3-,MS,CSF_25,ACGAGCCAGGTAGCCA-1,-0.06580125118672979
CXCR3-,MS,CSF_25,ACGAGCCCAAGCCTAT-1,-0.019909082151892517
CXCR3-,MS,CSF_25,ACGCCAGGTGTGGCTC-1,0.40779401972950824
CXCR3-,MS,CSF_25,ACGCCGACAAGTAATG-1,0.0867481426874959
CXCR3+,MS,CSF_25,ACGGAGAGTAGTGAAT-1,-0.0847251976453702
CXCR3-,MS,CSF_25,ACGTCAATCCTCTAGC-1,-0.29997119987097626
CXCR3-,MS,CSF_25,ACTGAACAGAGACGAA-1,-0.29997119987097626
CXCR3-,MS,CSF_25,ACTGAACAGGATGGTC-1,-0.29997119987097626
CXCR3+,MS,CSF_25,ACTGAGTTCGTGGGAA-1,0.220868333017696
CXCR3-,MS,CSF_25,ACTGATGGTATGAAAC-1,-0.1243321208446821
CXCR3-,MS,CSF_25,ACTGATGTCTGCTGCT-1,-0.29997119987097626
CXCR3-,MS,CSF_25,ACTTACTAGCTAGTCT-1,-0.14882229689029045
CXCR3-,MS,CSF_25,ACTTACTTCCACTGGG-1,0.6144123772191025
CXCR3-,MS,CSF_25,AGCGGTCGTGTGCCTG-1,-0.29997119987097626
CXCR3-,MS,CSF_25,AGCGGTCTCTACCAGA-1,0.04477606717815034
CXCR3+,MS,CSF_25,AGCGTATAGCAGCCTC-1,-0.29997119987097626
CXCR3-,MS,CSF_25,AGCGTCGGTTATGCGT-1,-0.29997119987097626
CXCR3-,MS,CSF_25,AGCTTGACATCCCACT-1,0.3389454494352973
CXCR3-,MS,CSF_25,AGGGAGTAGCGATGAC-1,-0.29997119987097626
CXCR3-,MS,CSF_25,AGGGTGATCGAGAACG-1,0.005471814288791684
CXCR3+,MS,CSF_25,AGGTCATGTTACGACT-1,0.34004971253685323
CXCR3-,MS,CSF_25,AGTAGTCCAGGGCATA-1,0.42457873272383917
CXCR3-,MS,CSF_25,AGTAGTCTCTTCGAGA-1,-0.024733765947533296
CXCR3-,MS,CSF_25,AGTGAGGTCCTTTCGG-1,-0.0004649523056530531
CXCR3+,MS,CSF_25,ATAGACCTCGAGAGCA-1,-0.29997119987097626
CXCR3-,MS,CSF_25,ATCACGACAATGTAAG-1,-0.29997119987097626
CXCR3-,MS,CSF_25,ATCATCTCAGATCTGT-1,-0.29997119987097626
CXCR3-,MS,CSF_25,ATCATCTTCAACACGT-1,-0.29997119987097626
CXCR3-,MS,CSF_25,ATCCGAATCGATGAGG-1,-0.29997119987097626
CXCR3-,MS,CSF_25,ATCTGCCTCGTTACGA-1,0.04401434225559098
CXCR3-,MS,CSF_25,ATGTGTGAGAAGATTC-1,0.29816914579789927
CXCR3+,MS,CSF_25,ATGTGTGGTTGGTAAA-1,0.33564457958223876
CXCR3-,MS,CSF_25,ATTGGACCACCCAGTG-1,-0.29997119987097626
CXCR3-,MS,CSF_25,ATTGGTGAGACAGAGA-1,0.0037679435603850753
CXCR3-,MS,CSF_25,ATTGGTGTCGTTTATC-1,-0.29997119987097626
CXCR3-,MS,CSF_25,ATTTCTGAGTCCGTAT-1,0.3591099213415627
CXCR3+,MS,CSF_25,CAACCAACATATGCTG-1,-0.29997119987097626
CXCR3-,MS,CSF_25,CAACTAGAGCACAGGT-1,-0.29997119987097626
CXCR3+,MS,CSF_25,CAAGAAAAGCTGTCTA-1,-0.026243042723317376
CXCR3-,MS,CSF_25,CAAGATCAGGCAATTA-1,0.6354611418807788
CXCR3-,MS,CSF_25,CAAGTTGAGTCCCACG-1,-0.1379815057872726
CXCR3-,MS,CSF_25,CACAAACCAGTCCTTC-1,-0.15174198928155277
CXCR3-,MS,CSF_25,CACACAAAGTGCGTGA-1,-0.04411491427196699
CXCR3-,MS,CSF_25,CACACAAGTTGATTCG-1,0.6905208401251499
CXCR3-,MS,CSF_25,CACACTCCAGACTCGC-1,-0.29997119987097626
CXCR3-,MS,CSF_25,CACCAGGTCGATGAGG-1,0.315372711648482
CXCR3-,MS,CSF_25,CACTCCAGTGATAAGT-1,0.4053833203309682
CXCR3-,MS,CSF_25,CAGAGAGCAAGTTGTC-1,0.39544673323701424
CXCR3+,MS,CSF_25,CAGCAGCGTAGCTAAA-1,0.18676293631899807
CXCR3-,MS,CSF_25,CAGCAGCGTCCTCCAT-1,-0.11980750653804632
CXCR3-,MS,CSF_25,CAGCCGACAAGAAGAG-1,-0.18157260671686323
CXCR3-,MS,CSF_25,CAGCGACAGCGGATCA-1,-0.29997119987097626
CXCR3-,MS,CSF_25,CAGTCCTCACCTGGTG-1,-0.05631755708340387
CXCR3-,MS,CSF_25,CATCAGACATATGAGA-1,-0.009582665754647585
CXCR3-,MS,CSF_25,CATCCACTCCTTGACC-1,-0.017868316977498723
CXCR3-,MS,CSF_25,CATCGGGTCTTGGGTA-1,0.3562429602622438
CXCR3-,MS,CSF_25,CATGCCTTCACGAAGG-1,-0.05114077882141159
CXCR3-,MS,CSF_25,CATGGCGCAGTCCTTC-1,0.9874687396555436
CXCR3-,MS,CSF_25,CATTCGCAGTTGCAGG-1,0.07458148144454188
CXCR3-,MS,CSF_25,CCACGGAGTGATGATA-1,0.10558611985057396
CXCR3-,MS,CSF_25,CCACTACAGCACACAG-1,0.3530795860297152
CXCR3-,MS,CSF_25,CCGGGATTCGCGTAGC-1,0.29669160310580256
CXCR3-,MS,CSF_25,CCGTACTTCAAAGACA-1,-0.013030548195626197
CXCR3-,MS,CSF_25,CCGTTCATCCAAATGC-1,0.10359782939866989
CXCR3-,MS,CSF_25,CCTCAGTTCTTGTATC-1,-0.29997119987097626
CXCR3-,MS,CSF_25,CCTCTGAGTAACGTTC-1,0.6007693910607569
CXCR3-,MS,CSF_25,CCTTCGATCCTATGTT-1,0.010802297139390167
CXCR3-,MS,CSF_25,CGAGAAGCAAAGGTGC-1,0.14526872688935874
CXCR3-,MS,CSF_25,CGAGCACGTCCTAGCG-1,-0.29997119987097626
CXCR3-,MS,CSF_25,CGAGCCATCCGGGTGT-1,0.1460007021105226
CXCR3-,MS,CSF_25,CGATGGCAGCCAGGAT-1,-0.29997119987097626
CXCR3-,MS,CSF_25,CGCCAAGTCTACTCAT-1,-0.29997119987097626
CXCR3-,MS,CSF_25,CGCTATCCAATGGAAT-1,-0.16860760385385934
CXCR3-,MS,CSF_25,CGGACACCAAATCCGT-1,-0.13953019422844418
CXCR3-,MS,CSF_25,CGGACACCACATTAGC-1,-0.29997119987097626
CXCR3-,MS,CSF_25,CGTTAGAGTCCTCTTG-1,-0.29997119987097626
CXCR3-,MS,CSF_25,CGTTCTGCATACCATG-1,0.6481317402219491
CXCR3-,MS,CSF_25,CTAACTTAGTCACGCC-1,-0.05435759519760374
CXCR3-,MS,CSF_25,CTAATGGGTAAGTAGT-1,0.006475315652421479
CXCR3-,MS,CSF_25,CTAGAGTGTGCTAGCC-1,0.15542021653006316
CXCR3+,MS,CSF_25,CTAGTGAGTCTGCGGT-1,-0.11412572471475046
CXCR3-,MS,CSF_25,CTCGTCAGTTTGACTG-1,-0.11625240945937228
CXCR3+,MS,CSF_25,CTGAAGTCAGAAGCAC-1,0.006112831342518483
CXCR3-,MS,CSF_25,CTGATAGTCCGAATGT-1,0.04802619674063618
CXCR3-,MS,CSF_25,CTGCCTAAGCTGATAA-1,0.03871237739058153
CXCR3+,MS,CSF_25,CTGCGGACATCTCGCT-1,-0.29997119987097626
CXCR3-,MS,CSF_25,CTTGGCTCATCAGTCA-1,-0.29997119987097626
CXCR3+,MS,CSF_25,CTTTGCGTCCAGATCA-1,0.1418752616247374
CXCR3-,MS,CSF_25,GAAATGAAGCAGCGTA-1,-0.29997119987097626
CXCR3-,MS,CSF_25,GAAATGAAGTGTACGG-1,-0.060033142408756256
CXCR3-,MS,CSF_25,GAAATGATCAGTCAGT-1,-0.29997119987097626
CXCR3+,MS,CSF_25,GAAGCAGAGGGATGGG-1,-0.19117931988509795
CXCR3+,MS,CSF_25,GAATAAGTCACAGGCC-1,-0.06767274714876391
CXCR3-,MS,CSF_25,GAATGAAGTAAACGCG-1,-0.02895978291626283
CXCR3-,MS,CSF_25,GACGGCTCAAGTTAAG-1,0.07040306114883303
CXCR3-,MS,CSF_25,GACGGCTTCGCGTAGC-1,-0.032418400042338286
CXCR3-,MS,CSF_25,GACGTGCGTTTCGCTC-1,0.29598546345737686
CXCR3-,MS,CSF_25,GACTGCGGTAGCTAAA-1,0.3753396316150156
CXCR3-,MS,CSF_25,GAGCAGACAGTGGGAT-1,0.08685143235730551
CXCR3-,MS,CSF_25,GAGGTGACACTGTCGG-1,0.043262776348733815
CXCR3-,MS,CSF_25,GATCAGTAGGCTAGCA-1,0.10218678495469684
CXCR3+,MS,CSF_25,GATCGATAGACTAGGC-1,0.8723350284777387
CXCR3-,MS,CSF_25,GATGAGGCACTCAGGC-1,-0.04836380737182387
CXCR3+,MS,CSF_25,GCAATCAGTCAGCTAT-1,0.1413210941026111
CXCR3-,MS,CSF_25,GCAATCATCAAAGTAG-1,0.22879187748175878
CXCR3+,MS,CSF_25,GCATACAAGTTTAGGA-1,-0.11751864922507184
CXCR3-,MS,CSF_25,GCATACATCGTGACAT-1,0.06080149416066795
CXCR3+,MS,CSF_25,GCATGTAGTACCGTAT-1,-0.29997119987097626
CXCR3-,MS,CSF_25,GCCAAATCAGACTCGC-1,0.09911252713261944
CXCR3-,MS,CSF_25,GCGACCAAGAATTGTG-1,-0.29997119987097626
CXCR3-,MS,CSF_25,GCGACCAGTTATGTGC-1,0.5309187388834335
CXCR3-,MS,CSF_25,GCGAGAATCTTATCTG-1,-0.29997119987097626
CXCR3+,MS,CSF_25,GCGCCAAGTCCAGTAT-1,0.2177136391480456
CXCR3-,MS,CSF_25,GCTCTGTGTCGTCTTC-1,-0.29997119987097626
CXCR3-,MS,CSF_25,GCTGCAGCATATGGTC-1,-0.29997119987097626
CXCR3-,MS,CSF_25,GCTTGAAGTTCCACAA-1,0.4330369519088242
CXCR3-,MS,CSF_25,GGAAAGCCACGGACAA-1,0.23014701083302325
CXCR3+,MS,CSF_25,GGACAAGTCAGCACAT-1,-0.14120880777808784
CXCR3-,MS,CSF_25,GGACAGAGTCGCGGTT-1,0.10564672591341874
CXCR3-,MS,CSF_25,GGACATTAGCAATATG-1,-0.29997119987097626
CXCR3-,MS,CSF_25,GGAGCAAGTCTTTCAT-1,0.08249846261787334
CXCR3-,MS,CSF_25,GGATGTTGTTCTGGTA-1,-0.12681755067779876
CXCR3-,MS,CSF_25,GGCCGATAGCGCCTCA-1,-0.1382473809363842
CXCR3-,MS,CSF_25,GGCTGGTGTCCGAATT-1,0.6322759101154471
CXCR3-,MS,CSF_25,GGGAGATGTATGGTTC-1,-0.29997119987097626
CXCR3-,MS,CSF_25,GGTGTTACAGACAAAT-1,0.33440035935105916
CXCR3+,MS,CSF_25,GTACGTATCGCATGGC-1,-0.29997119987097626
CXCR3-,MS,CSF_25,GTCACAAAGGTACTCT-1,0.28076598696327265
CXCR3-,MS,CSF_25,GTCACAACAATCTGCA-1,-0.15003451217093938
CXCR3-,MS,CSF_25,GTGCAGCTCTCATTCA-1,-0.29997119987097626
CXCR3+,MS,CSF_25,GTGTTAGGTGACCAAG-1,-0.29997119987097626
CXCR3-,MS,CSF_25,GTTAAGCAGTTCCACA-1,0.10776086075192746
CXCR3+,MS,CSF_25,GTTCGGGCAAGAGGCT-1,0.5523119242500117
CXCR3-,MS,CSF_25,GTTCGGGTCTGTTTGT-1,-0.0005870578662461641
CXCR3-,MS,CSF_25,GTTTCTAGTCATATCG-1,0.1657240785527454
CXCR3-,MS,CSF_25,TAAGAGACAACTTGAC-1,-0.29997119987097626
CXCR3-,MS,CSF_25,TAAGAGATCAGCCTAA-1,-0.019504233186042726
CXCR3-,MS,CSF_25,TAAGTGCAGGCATGTG-1,-0.13851220125792602
CXCR3-,MS,CSF_25,TACACGACAGGGTACA-1,0.15742797679813245
CXCR3+,MS,CSF_25,TACAGTGGTGAAAGAG-1,0.7549242646947081
CXCR3-,MS,CSF_25,TACAGTGGTGGTAACG-1,0.02039232598325997
CXCR3+,MS,CSF_25,TACAGTGTCGCATGAT-1,-0.04273939711470394
CXCR3-,MS,CSF_25,TACTCATGTCTGATTG-1,-0.05059888924217366
CXCR3-,MS,CSF_25,TACTCGCTCAACGCTA-1,0.2064021829499579
CXCR3-,MS,CSF_25,TACTCGCTCCAATGGT-1,0.1676301778288857
CXCR3-,MS,CSF_25,TAGCCGGTCTGTGCAA-1,-0.06174853266093855
CXCR3-,MS,CSF_25,TATTACCAGTCAAGCG-1,-0.29997119987097626
CXCR3+,MS,CSF_25,TATTACCTCGTGGACC-1,0.04137471384491672
CXCR3+,MS,CSF_25,TCAATCTCACACCGCA-1,-0.29997119987097626
CXCR3-,MS,CSF_25,TCAATCTCACACGCTG-1,0.24763765696627388
CXCR3-,MS,CSF_25,TCAATCTCAGCGTTCG-1,-0.29997119987097626
CXCR3-,MS,CSF_25,TCAGATGAGTTGTAGA-1,-0.29997119987097626
CXCR3+,MS,CSF_25,TCAGCAATCGTTTAGG-1,0.038390338524953264
CXCR3-,MS,CSF_25,TCAGCTCCATAAGACA-1,-0.29997119987097626
CXCR3-,MS,CSF_25,TCAGGATGTGAGGCTA-1,0.5973144883453549
CXCR3+,MS,CSF_25,TCAGGTACAGGGAGAG-1,0.20022694036850236
CXCR3-,MS,CSF_25,TCAGGTACATATGCTG-1,-0.04954545723458368
CXCR3-,MS,CSF_25,TCCACACAGAAACGAG-1,-0.29997119987097626
CXCR3-,MS,CSF_25,TCGGTAAAGAAGGCCT-1,0.31929203079276813
CXCR3-,MS,CSF_25,TCTGAGACACGCTTTC-1,0.14083439336883052
CXCR3-,MS,CSF_25,TCTTTCCTCAAAGTAG-1,-0.06289105063363903
CXCR3-,MS,CSF_25,TGAAAGAAGTACGTAA-1,-0.029792890977463092
CXCR3-,MS,CSF_25,TGACAACAGTGCGATG-1,-0.29997119987097626
CXCR3-,MS,CSF_25,TGACAACCAGGGCATA-1,-0.29997119987097626
CXCR3-,MS,CSF_25,TGACGGCGTCCATGAT-1,-0.036815474863779875
CXCR3-,MS,CSF_25,TGACTTTGTACCGAGA-1,-0.29997119987097626
CXCR3-,MS,CSF_25,TGATTTCAGTCCAGGA-1,-0.13864421878843486
CXCR3-,MS,CSF_25,TGCGGGTAGAAACCTA-1,0.08758239595001449
CXCR3+,MS,CSF_25,TGCTACCAGTATCGAA-1,0.23072101132495054
CXCR3-,MS,CSF_25,TGCTGCTTCGGAATCT-1,-0.29997119987097626
CXCR3-,MS,CSF_25,TGGCGCACATTCTCAT-1,0.5112568281581894
CXCR3-,MS,CSF_25,TGGGCGTGTCCGAGTC-1,0.7789797198873385
CXCR3-,MS,CSF_25,TGGGCGTTCAGTGTTG-1,-0.14432669210980426
CXCR3-,MS,CSF_25,TGGTTCCCAGTAAGAT-1,-0.14980135267962424
CXCR3-,MS,CSF_25,TGGTTCCTCTGATACG-1,-0.29997119987097626
CXCR3-,MS,CSF_25,TGTATTCTCACTATTC-1,-0.29997119987097626
CXCR3+,MS,CSF_25,TGTTCCGTCACTCCTG-1,0.247264744063776
CXCR3-,MS,CSF_25,TTATGCTTCTGCTGTC-1,0.43646656166506753
CXCR3-,MS,CSF_25,TTCGAAGCATTTCAGG-1,-0.16534679194684246
CXCR3+,MS,CSF_25,TTCGAAGTCTTGTATC-1,-0.08567161380325392
CXCR3-,MS,CSF_25,TTCTTAGGTAAGAGGA-1,-0.29997119987097626
CXCR3-,MS,CSF_25,TTGAACGAGGCGTACA-1,0.14695866939847518
CXCR3-,MS,CSF_25,TTGTAGGTCCTAAGTG-1,-0.030835324025951925
CXCR3+,MS,CSF_25,TTTACTGCACCTCGTT-1,-0.29997119987097626
CXCR3+,MS,CSF_25,TTTGCGCTCTACCAGA-1,0.034147163725858985
CXCR3+,MS,CSF_25,TTTGTCATCCTCAATT-1,-0.29997119987097626
CXCR3+,MS,CSF_27,AAACCTGAGAGCAATT-1,0.3661171386535961
CXCR3-,MS,CSF_27,AAACGGGGTTCACGGC-1,-0.29997119987097626
CXCR3-,MS,CSF_27,AAAGTAGGTCTAGCCG-1,-0.29997119987097626
CXCR3-,MS,CSF_27,AAATGCCGTAAATGTG-1,0.25574291539806976
CXCR3-,MS,CSF_27,AACGTTGTCAGGCAAG-1,-0.29997119987097626
CXCR3-,MS,CSF_27,AAGACCTTCAACGGGA-1,0.5871318122985131
CXCR3-,MS,CSF_27,AAGTCTGAGTTCCACA-1,-0.29997119987097626
CXCR3-,MS,CSF_27,AATCCAGCAGCCTGTG-1,-0.29997119987097626
CXCR3-,MS,CSF_27,AATCCAGGTCCGCTGA-1,0.0657680717674323
CXCR3-,MS,CSF_27,AATCCAGGTTCTGTTT-1,-0.29997119987097626
CXCR3-,MS,CSF_27,AATCCAGTCCACGTTC-1,0.266781603304877
CXCR3+,MS,CSF_27,AATCGGTTCTAAGCCA-1,0.344428499082877
CXCR3-,MS,CSF_27,ACACCAACACCGGAAA-1,-0.29997119987097626
CXCR3-,MS,CSF_27,ACACCCTAGCCATCGC-1,0.34582730967212444
CXCR3-,MS,CSF_27,ACACTGACATGCAATC-1,0.005856343498405311
CXCR3-,MS,CSF_27,ACAGCCGGTAGGGACT-1,-0.050833946690851214
CXCR3-,MS,CSF_27,ACATCAGGTATCGCAT-1,-0.29997119987097626
CXCR3-,MS,CSF_27,ACATCAGTCACTCCTG-1,0.5202206470450078
CXCR3-,MS,CSF_27,ACATGGTGTAATCACC-1,-0.29997119987097626
CXCR3+,MS,CSF_27,ACCAGTATCACCATAG-1,-0.09009995130919214
CXCR3-,MS,CSF_27,ACCGTAAGTCGAGATG-1,-0.004211112014098438
CXCR3+,MS,CSF_27,ACCTTTACATCGTCGG-1,-0.29997119987097626
CXCR3-,MS,CSF_27,ACCTTTATCTATCCTA-1,-0.29997119987097626
CXCR3-,MS,CSF_27,ACGAGCCGTCAATACC-1,0.03992659014985857
CXCR3-,MS,CSF_27,ACGCCAGCAGTCGATT-1,-0.09674701857189917
CXCR3-,MS,CSF_27,ACGGAGAAGTCTCAAC-1,-0.017904380673327103
CXCR3-,MS,CSF_27,ACGGCCATCATATCGG-1,-0.08715296046245354
CXCR3+,MS,CSF_27,ACGTCAACACGTCTCT-1,-0.14298251361735062
CXCR3-,MS,CSF_27,ACTGAACCACTTACGA-1,0.026907945475048583
CXCR3+,MS,CSF_27,ACTGAACTCTCGTTTA-1,0.21829761411494406
CXCR3-,MS,CSF_27,ACTGAGTTCGGCGGTT-1,0.1585891418360721
CXCR3-,MS,CSF_27,ACTGATGAGCGACGTA-1,-0.29997119987097626
CXCR3-,MS,CSF_27,ACTGTCCGTAGCGCTC-1,0.4262624611855162
CXCR3-,MS,CSF_27,ACTTACTAGGCAAAGA-1,-0.29997119987097626
CXCR3-,MS,CSF_27,ACTTGTTTCAACGGGA-1,-0.29997119987097626
CXCR3-,MS,CSF_27,AGAATAGCAGGGTACA-1,-0.29997119987097626
CXCR3-,MS,CSF_27,AGAGCGATCCGCAAGC-1,-0.03134578025108815
CXCR3-,MS,CSF_27,AGAGTGGGTAAATGAC-1,-0.29997119987097626
CXCR3-,MS,CSF_27,AGATCTGTCCTACAGA-1,-0.29997119987097626
CXCR3-,MS,CSF_27,AGATTGCAGGAATCGC-1,0.30808213930575484
CXCR3-,MS,CSF_27,AGCATACAGGTGATTA-1,-0.19622277907868524
CXCR3-,MS,CSF_27,AGCGGTCAGAGACTAT-1,-0.29997119987097626
CXCR3-,MS,CSF_27,AGCGGTCTCAACCAAC-1,-0.29997119987097626
CXCR3-,MS,CSF_27,AGCGTATCACAAGTAA-1,-0.29997119987097626
CXCR3+,MS,CSF_27,AGCGTCGGTTATCACG-1,-0.10022220660201062
CXCR3-,MS,CSF_27,AGCTCTCTCTTGAGAC-1,-0.29997119987097626
CXCR3-,MS,CSF_27,AGCTTGAGTGACAAAT-1,-0.16371168029034225
CXCR3+,MS,CSF_27,AGGGAGTAGAAGCCCA-1,0.19301482030837044
CXCR3-,MS,CSF_27,AGGTCATCACGACGAA-1,-0.29997119987097626
CXCR3+,MS,CSF_27,AGGTCATTCAGTCAGT-1,0.21000614948960838
CXCR3+,MS,CSF_27,AGGTCCGAGCACAGGT-1,0.20922885247794992
CXCR3-,MS,CSF_27,AGTAGTCCAATTGCTG-1,-0.29997119987097626
CXCR3-,MS,CSF_27,AGTAGTCTCCTTCAAT-1,-0.29997119987097626
CXCR3-,MS,CSF_27,AGTCTTTTCTACTTAC-1,-0.29997119987097626
CXCR3-,MS,CSF_27,AGTGTCACATATGGTC-1,0.0808189113260316
CXCR3-,MS,CSF_27,AGTTGGTCAACGATCT-1,0.27787635391594373
CXCR3-,MS,CSF_27,ATAGACCAGACGACGT-1,0.36821075460488073
CXCR3-,MS,CSF_27,ATAGACCCAGCTTAAC-1,0.24862785872900525
CXCR3-,MS,CSF_27,ATCACGAAGAGGTTAT-1,-0.29997119987097626
CXCR3-,MS,CSF_27,ATCCACCTCGGCGCTA-1,0.22460022124634857
CXCR3-,MS,CSF_27,ATCGAGTGTGTGCCTG-1,0.153378439338225
CXCR3+,MS,CSF_27,ATGTGTGGTCCAACTA-1,-0.06478128941516195
CXCR3-,MS,CSF_27,ATTATCCCAAAGGCGT-1,0.7614475278054016
CXCR3-,MS,CSF_27,ATTATCCGTAGCTCCG-1,-0.043361870916038416
CXCR3+,MS,CSF_27,ATTCTACTCGAGAACG-1,0.14360832996916012
CXCR3-,MS,CSF_27,CAAGATCCAGACAGGT-1,0.24526497241925188
CXCR3-,MS,CSF_27,CAAGGCCAGAGGTTAT-1,0.06956421400180456
CXCR3-,MS,CSF_27,CACAAACCACGGCTAC-1,0.14384699194833891
CXCR3-,MS,CSF_27,CACACAACATACTCTT-1,-0.03480451849452566
CXCR3-,MS,CSF_27,CACATAGAGTCCGTAT-1,-0.12662108318277748
CXCR3-,MS,CSF_27,CACATAGTCATATCGG-1,-0.08862798732683097
CXCR3-,MS,CSF_27,CACCACTGTCTTTCAT-1,0.6091239666201859
CXCR3-,MS,CSF_27,CACCAGGCACTGAAGG-1,0.2635583632124742
CXCR3-,MS,CSF_27,CACTCCATCGCTGATA-1,-0.29997119987097626
CXCR3-,MS,CSF_27,CAGAGAGGTGGGTCAA-1,0.06720622343905845
CXCR3-,MS,CSF_27,CAGATCAAGGCAGTCA-1,-0.29997119987097626
CXCR3-,MS,CSF_27,CAGCAGCAGGCATTGG-1,-0.29997119987097626
CXCR3-,MS,CSF_27,CAGCTGGTCGTGGGAA-1,0.1008985831493088
CXCR3-,MS,CSF_27,CAGGTGCTCGCATGGC-1,0.7914055181519879
CXCR3-,MS,CSF_27,CAGTAACGTATAGGTA-1,0.027686949328253156
CXCR3-,MS,CSF_27,CAGTCCTAGTTAACGA-1,-0.053611583241617466
CXCR3+,MS,CSF_27,CATCGAACAAGAAAGG-1,0.22166610093127695
CXCR3-,MS,CSF_27,CATTATCCAAAGCAAT-1,0.1116611374881551
CXCR3-,MS,CSF_27,CATTATCTCATGCTCC-1,-0.29997119987097626
CXCR3-,MS,CSF_27,CATTCGCGTCTAAAGA-1,-0.29997119987097626
CXCR3+,MS,CSF_27,CCACCTAAGAGTGACC-1,0.21374519217024032
CXCR3-,MS,CSF_27,CCATGTCAGTCTCCTC-1,-0.14387156917437108
CXCR3-,MS,CSF_27,CCCAATCTCATGCATG-1,-0.11715649943113834
CXCR3-,MS,CSF_27,CCGGGATAGGGTGTTG-1,-0.29997119987097626
CXCR3-,MS,CSF_27,CCGTGGAGTTGTCTTT-1,0.05055603502950804
CXCR3-,MS,CSF_27,CCGTTCACAAAGGAAG-1,-0.29997119987097626
CXCR3-,MS,CSF_27,CCGTTCACACATTCGA-1,-0.29997119987097626
CXCR3-,MS,CSF_27,CCTACACGTAGGAGTC-1,-0.29997119987097626
CXCR3-,MS,CSF_27,CCTACACGTTAAAGAC-1,-0.29997119987097626
CXCR3-,MS,CSF_27,CCTCAGTAGTACGATA-1,0.031477012594411234
CXCR3-,MS,CSF_27,CCTTTCTGTAACGACG-1,-0.29997119987097626
CXCR3-,MS,CSF_27,CGAACATTCATCGATG-1,-0.07330530921675411
CXCR3-,MS,CSF_27,CGAATGTTCTCCCTGA-1,0.1403260885701097
CXCR3-,MS,CSF_27,CGACCTTTCCTTAATC-1,0.7727020815487734
CXCR3-,MS,CSF_27,CGACTTCAGTGAAGTT-1,-0.29997119987097626
CXCR3-,MS,CSF_27,CGAGCACTCCACGTTC-1,-0.02820913932608016
CXCR3-,MS,CSF_27,CGATCGGAGAAACCAT-1,-0.01392749593752923
CXCR3+,MS,CSF_27,CGATCGGCAAGCGAGT-1,-0.09080458989547242
CXCR3-,MS,CSF_27,CGATGGCTCAAACCGT-1,0.24106966506172792
CXCR3-,MS,CSF_27,CGCTATCTCTCGAGTA-1,-0.03780682997389788
CXCR3-,MS,CSF_27,CGGACACCAGGTCTCG-1,-0.29997119987097626
CXCR3-,MS,CSF_27,CGGACGTAGCGAAGGG-1,0.27256451507184287
CXCR3-,MS,CSF_27,CGGACGTAGTTCGATC-1,0.8136647053141982
CXCR3-,MS,CSF_27,CGGACGTGTGCCTGCA-1,-0.12436541831951246
CXCR3-,MS,CSF_27,CGGAGTCGTGCCTTGG-1-1,0.16733939784991336
CXCR3-,MS,CSF_27,CGGGTCAAGTTCGCAT-1,-0.10754705290388554
CXCR3+,MS,CSF_27,CGGGTCACATCACGAT-1,-0.29997119987097626
CXCR3-,MS,CSF_27,CGGGTCATCTCGATGA-1,-0.29997119987097626
CXCR3-,MS,CSF_27,CGGTTAAAGCCTATGT-1,0.7726350202981032
CXCR3-,MS,CSF_27,CGTCTACTCCGCATAA-1,-0.29997119987097626
CXCR3-,MS,CSF_27,CGTTCTGTCAATAAGG-1,-0.29997119987097626
CXCR3-,MS,CSF_27,CGTTCTGTCATGCTCC-1,-0.29997119987097626
CXCR3-,MS,CSF_27,CTAAGACGTCAGAAGC-1,-0.29997119987097626
CXCR3+,MS,CSF_27,CTAATGGCAACAACCT-1,-0.29997119987097626
CXCR3-,MS,CSF_27,CTAATGGCAATCTACG-1,-0.29997119987097626
CXCR3+,MS,CSF_27,CTACACCGTTCAGCGC-1,0.2959520247218158
CXCR3-,MS,CSF_27,CTAGAGTGTAGGCTGA-1,-0.29997119987097626
CXCR3+,MS,CSF_27,CTAGCCTCAGCTCGCA-1,1.234824037340985
CXCR3-,MS,CSF_27,CTAGCCTTCTCTAAGG-1,0.05510276092774867
CXCR3-,MS,CSF_27,CTCACACGTGCTCTTC-1,0.7177131693722142
CXCR3-,MS,CSF_27,CTCAGAAGTCCCTACT-1,-0.29997119987097626
CXCR3+,MS,CSF_27,CTCAGAATCTTGTACT-1,-0.003941298265398828
CXCR3-,MS,CSF_27,CTCATTATCTTTCCTC-1,0.45082640582520633
CXCR3-,MS,CSF_27,CTCGGAGAGTGGGTTG-1,0.40991495681341356
CXCR3+,MS,CSF_27,CTCGGAGCACGCATCG-1,-0.07531233633902563
CXCR3-,MS,CSF_27,CTCGTACCAACTGCGC-1,0.4853674125328431
CXCR3-,MS,CSF_27,CTCGTCACAAACCTAC-1,-0.29997119987097626
CXCR3+,MS,CSF_27,CTCTACGGTCCATCCT-1,0.8006673084229226
CXCR3-,MS,CSF_27,CTCTGGTTCTTGCAAG-1,-0.29997119987097626
CXCR3-,MS,CSF_27,CTGAAACGTCGACTAT-1,-0.29997119987097626
CXCR3+,MS,CSF_27,CTGATAGCACAAGACG-1,0.0594469683753878
CXCR3-,MS,CSF_27,CTGCCTAGTCGAACAG-1,0.03665007291498853
CXCR3-,MS,CSF_27,CTGCCTATCAGCTGGC-1,-0.10909767663696561
CXCR3-,MS,CSF_27,CTGCTGTGTTGTGGCC-1,0.22830101482114867
CXCR3-,MS,CSF_27,CTGTTTACAAGTCTAC-1,0.523345625411401
CXCR3-,MS,CSF_27,CTTAGGATCAGTACGT-1,-0.29997119987097626
CXCR3-,MS,CSF_27,CTTTGCGTCTGGCGTG-1,-0.29997119987097626
CXCR3+,MS,CSF_27,GAAATGAGTGAAGGCT-1,0.06411713677324674
CXCR3+,MS,CSF_27,GAACATCTCCGTCAAA-1,0.5364952043198862
CXCR3-,MS,CSF_27,GAACCTAAGGCTATCT-1,-0.29997119987097626
CXCR3-,MS,CSF_27,GAACGGAAGAATGTGT-1,-0.03632953463629847
CXCR3-,MS,CSF_27,GAATAAGCAATCTGCA-1,0.013177901618902881
CXCR3-,MS,CSF_27,GAATGAAAGGGAAACA-1,0.44772795479921346
CXCR3+,MS,CSF_27,GACCTGGGTACGAAAT-1,-0.1414522401009784
CXCR3-,MS,CSF_27,GACGCGTTCGGCGCTA-1,-0.29997119987097626
CXCR3-,MS,CSF_27,GACGTGCTCGAGAGCA-1,0.6401739070732749
CXCR3-,MS,CSF_27,GAGTCCGGTCATGCAT-1,-0.29997119987097626
CXCR3-,MS,CSF_27,GAGTCCGGTGTAACGG-1,-0.29997119987097626
CXCR3+,MS,CSF_27,GATCAGTAGGACAGAA-1,0.28282416563652824
CXCR3-,MS,CSF_27,GATCGTAAGCTAGTGG-1,0.14854152610265767
CXCR3-,MS,CSF_27,GATCTAGGTTGTCGCG-1,-0.29997119987097626
CXCR3-,MS,CSF_27,GATGAAAAGTTGTCGT-1,0.7082231103824378
CXCR3-,MS,CSF_27,GCAATCAAGGTGGGTT-1,-0.29997119987097626
CXCR3-,MS,CSF_27,GCAATCATCGTACGGC-1,-0.0847613570422627
CXCR3-,MS,CSF_27,GCATACAAGCTCCCAG-1,-0.29997119987097626
CXCR3-,MS,CSF_27,GCCAAATTCTTCGAGA-1,-0.061010365431554366
CXCR3-,MS,CSF_27,GCCTCTATCATGGTCA-1,-0.0012360343200450746
CXCR3+,MS,CSF_27,GCGAGAAAGAAACGCC-1,-0.29997119987097626
CXCR3-,MS,CSF_27,GCGAGAACAAGTTCTG-1,-0.29997119987097626
CXCR3-,MS,CSF_27,GCTGCAGAGAGTCTGG-1,-0.29997119987097626
CXCR3-,MS,CSF_27,GCTGGGTAGAACTCGG-1,0.14912984290998005
CXCR3-,MS,CSF_27,GCTGGGTGTGTGACCC-1,0.1574295883581345
CXCR3-,MS,CSF_27,GCTTCCAAGTGAACGC-1,-0.09923944616841925
CXCR3-,MS,CSF_27,GCTTCCACAACAACCT-1,-0.1339318821032816
CXCR3-,MS,CSF_27,GCTTCCAGTACCGGCT-1,-0.03739975736172276
CXCR3-,MS,CSF_27,GGAACTTAGCTGCCCA-1,-0.04196112287730092
CXCR3-,MS,CSF_27,GGAACTTGTTCGTTGA-1,0.6446252620923164
CXCR3-,MS,CSF_27,GGAACTTTCTTTCCTC-1,-0.29997119987097626
CXCR3+,MS,CSF_27,GGAATAAAGAGTACCG-1,-0.14242452155325305
CXCR3-,MS,CSF_27,GGACAAGCACCACGTG-1,-0.13540142099224825
CXCR3-,MS,CSF_27,GGACAGATCGACCAGC-1,-0.29997119987097626
CXCR3-,MS,CSF_27,GGACATTCAGCCAATT-1,0.42451488498249523
CXCR3-,MS,CSF_27,GGATTACCAGTCCTTC-1,0.12392032746677725
CXCR3-,MS,CSF_27,GGCAATTAGATAGCAT-1,0.35910889367327126
CXCR3-,MS,CSF_27,GGCGACTAGGAGCGAG-1,-0.29997119987097626
CXCR3-,MS,CSF_27,GGCTCGACACCTATCC-1,0.08478507991510446
CXCR3-,MS,CSF_27,GGCTGGTTCATCGATG-1,0.008905360637925195
CXCR3-,MS,CSF_27,GGCTGGTTCTAAGCCA-1,-0.29997119987097626
CXCR3+,MS,CSF_27,GGGAGATAGACCGGAT-1,-0.14540612060255403
CXCR3-,MS,CSF_27,GGGTCTGAGGCTAGAC-1,0.1518351816782121
CXCR3-,MS,CSF_27,GGGTTGCTCCGCTGTT-1,-0.0818566037848903
CXCR3-,MS,CSF_27,GGTGAAGTCCACGCAG-1,-0.29997119987097626
CXCR3-,MS,CSF_27,GGTGTTACACGCATCG-1,-0.052296523990909075
CXCR3-,MS,CSF_27,GTAACGTTCTTGTATC-1,-0.29997119987097626
CXCR3+,MS,CSF_27,GTACGTATCCGTCATC-1,-0.12361298867902927
CXCR3-,MS,CSF_27,GTACTCCTCGTTGCCT-1,-0.29997119987097626
CXCR3-,MS,CSF_27,GTACTTTGTCGTCTTC-1,-0.29997119987097626
CXCR3+,MS,CSF_27,GTATCTTAGCAGACTG-1,0.38004138672071036
CXCR3-,MS,CSF_27,GTATTCTCAACACCTA-1,-0.29997119987097626
CXCR3-,MS,CSF_27,GTATTCTCAGATGGGT-1,0.2063718595372234
CXCR3+,MS,CSF_27,GTATTCTGTCGCGTGT-1,-0.29997119987097626
CXCR3-,MS,CSF_27,GTATTCTTCGGAAATA-1,0.035168312118784906
CXCR3-,MS,CSF_27,GTCAAGTTCAACTCTT-1,-0.29997119987097626
CXCR3-,MS,CSF_27,GTCACGGTCGCAAGCC-1,-0.29997119987097626
CXCR3-,MS,CSF_27,GTCTCGTGTCGGCATC-1,-0.29997119987097626
CXCR3-,MS,CSF_27,GTGAAGGGTCAAGCGA-1,0.10490841518253499
CXCR3-,MS,CSF_27,GTGCTTCCACCAGTTA-1,-0.29997119987097626
CXCR3-,MS,CSF_27,GTGTTAGCAGGGAGAG-1,0.1273476155467486
CXCR3-,MS,CSF_27,GTTAAGCCATTGCGGC-1,0.1900326154481388
CXCR3+,MS,CSF_27,GTTAAGCGTCTTCTCG-1,0.1036266607340568
CXCR3+,MS,CSF_27,GTTACAGCATGCTGGC-1,-0.29997119987097626
CXCR3-,MS,CSF_27,GTTCATTGTCTCACCT-1,0.5864712652635778
CXCR3-,MS,CSF_27,GTTCGGGGTATTACCG-1,-0.29997119987097626
CXCR3+,MS,CSF_27,TAAGCGTGTCCCGACA-1,-0.29997119987097626
CXCR3-,MS,CSF_27,TAAGTGCGTGTGACCC-1,-0.29997119987097626
CXCR3-,MS,CSF_27,TACACGATCGCATGGC-1,0.2260524919536601
CXCR3-,MS,CSF_27,TACAGTGCATCGTCGG-1,-0.09621177562238944
CXCR3-,MS,CSF_27,TACAGTGGTAGGGACT-1,0.14349326387515787
CXCR3+,MS,CSF_27,TACCTATGTTAGAACA-1,-0.29997119987097626
CXCR3-,MS,CSF_27,TACGGATCAACAACCT-1,-0.008672792913440098
CXCR3-,MS,CSF_27,TACTCATAGGTGCTAG-1,0.07765973040296681
CXCR3-,MS,CSF_27,TACTCATGTCGTTGTA-1,0.7066506917053139
CXCR3-,MS,CSF_27,TACTCGCAGAGATGAG-1,-0.29997119987097626
CXCR3-,MS,CSF_27,TAGGCATCAACACCTA-1,-0.29997119987097626
CXCR3-,MS,CSF_27,TATCTCAGTATATCCG-1,0.7179625807110209
CXCR3-,MS,CSF_27,TATTACCAGACTAAGT-1,-0.05469606831460636
CXCR3-,MS,CSF_27,TCAACGATCCTTTCTC-1,0.4480745448213815
CXCR3+,MS,CSF_27,TCAATCTGTATAATGG-1,0.13880828805724157
CXCR3+,MS,CSF_27,TCAATCTGTGCAACTT-1,-0.15623406840058449
CXCR3-,MS,CSF_27,TCACAAGTCATGCAAC-1,-0.016923426346861618
CXCR3+,MS,CSF_27,TCACGAAGTTGGTGGA-1,0.12312555533595416
CXCR3-,MS,CSF_27,TCAGGATCAGGCGATA-1,-0.29997119987097626
CXCR3-,MS,CSF_27,TCAGGATTCGCATGGC-1,0.39030964263576606
CXCR3-,MS,CSF_27,TCCCGATGTCGGCATC-1,-0.29997119987097626
CXCR3-,MS,CSF_27,TCGAGGCCAATGGAGC-1,0.3299015701468339
CXCR3-,MS,CSF_27,TCGCGTTAGACAAAGG-1,0.31041764265874267
CXCR3+,MS,CSF_27,TCGGGACCATTACCTT-1,0.20412885653179694
CXCR3-,MS,CSF_27,TCGTACCGTTAAAGTG-1,-0.29997119987097626
CXCR3-,MS,CSF_27,TCGTAGAGTAGGGTAC-1,0.21985488192770603
CXCR3-,MS,CSF_27,TCGTAGATCGAACTGT-1,0.21179224126226884
CXCR3-,MS,CSF_27,TCTCATAAGGTGACCA-1,-0.29997119987097626
CXCR3-,MS,CSF_27,TCTGGAAAGTCGATAA-1,-0.29997119987097626
CXCR3-,MS,CSF_27,TCTTCGGCAACACCTA-1,-0.14325973402299036
CXCR3-,MS,CSF_27,TGACAACCACGGTGTC-1,-0.29997119987097626
CXCR3-,MS,CSF_27,TGACGGCAGTGTACGG-1,-0.29997119987097626
CXCR3-,MS,CSF_27,TGACTAGAGTCTCCTC-1,0.3552970824856042
CXCR3-,MS,CSF_27,TGAGAGGCACCAGGCT-1,0.3571213648379469
CXCR3-,MS,CSF_27,TGAGCATAGCGCTCCA-1,-0.29997119987097626
CXCR3-,MS,CSF_27,TGCACCTGTCTAAAGA-1,0.0733724641615739
CXCR3-,MS,CSF_27,TGCCCTATCTGCTGCT-1,-0.29997119987097626
CXCR3-,MS,CSF_27,TGCGGGTGTACTTCTT-1,0.2933276678023626
CXCR3-,MS,CSF_27,TGCGTGGTCATGTAGC-1,0.13057300759914
CXCR3-,MS,CSF_27,TGCTGCTGTTCCGTCT-1,0.05264389838498044
CXCR3-,MS,CSF_27,TGGACGCGTACGCTGC-1,0.3427296611134623
CXCR3-,MS,CSF_27,TGGCCAGGTGAGTGAC-1,0.011481426362943485
CXCR3+,MS,CSF_27,TGGCGCAAGGGATGGG-1,1.129705707766446
CXCR3-,MS,CSF_27,TGGTTAGCAGACAGGT-1,-0.29997119987097626
CXCR3-,MS,CSF_27,TGGTTAGGTCCGAAGA-1,0.7095493903297676
CXCR3-,MS,CSF_27,TGTATTCGTGTTGAGG-1,0.08118785560231574
CXCR3+,MS,CSF_27,TGTTCCGGTTAAAGAC-1,0.2975573902844225
CXCR3-,MS,CSF_27,TTAGGACTCACAGGCC-1,0.1096321614452463
CXCR3-,MS,CSF_27,TTAGTTCCAAGGTGTG-1,-0.29997119987097626
CXCR3-,MS,CSF_27,TTAGTTCGTCCAGTGC-1,-0.13219391970161518
CXCR3-,MS,CSF_27,TTCTTAGCACAGCGTC-1,-0.29997119987097626
CXCR3+,MS,CSF_27,TTGACTTCATTATCTC-1,0.05411109597731716
CXCR3-,MS,CSF_27,TTGGAACCATCGGTTA-1,-0.29997119987097626
CXCR3-,MS,CSF_27,TTGGAACGTGCTCTTC-1,-0.29997119987097626
CXCR3-,MS,CSF_27,TTTATGCTCAGTCAGT-1,0.23919160690978386
CXCR3-,MS,CSF_28,AAAGATGCAATGAATG-1,-0.29997119987097626
CXCR3-,MS,CSF_28,AAAGATGTCTTAGCCC-1,-0.1311151994843597
CXCR3-,MS,CSF_28,AAAGCAATCGTTACGA-1,-0.06222689560816762
CXCR3-,MS,CSF_28,AAAGTAGCAAGCCGCT-1,0.1724871917207384
CXCR3-,MS,CSF_28,AAAGTAGCAATGGATA-1,-0.020863971429551164
CXCR3+,MS,CSF_28,AAATGCCCAGCCTATA-1,0.04134508254154941
CXCR3+,MS,CSF_28,AACACGTGTAAGTAGT-1,0.9252532078993913
CXCR3+,MS,CSF_28,AACCGCGAGATTACCC-1,0.3045820557046942
CXCR3-,MS,CSF_28,AACCGCGTCAGCATGT-1,0.25482405792266316
CXCR3+,MS,CSF_28,AACCGCGTCTCAAGTG-1,0.878015779077346
CXCR3-,MS,CSF_28,AACGTTGAGTGCAAGC-1,0.9469984072405679
CXCR3+,MS,CSF_28,AACGTTGCAACTTGAC-1,0.08937616748661782
CXCR3-,MS,CSF_28,AACGTTGGTCAACTGT-1,0.16047474945911838
CXCR3-,MS,CSF_28,AACTCAGCACTGTCGG-1,0.13901441178615476
CXCR3-,MS,CSF_28,AACTGGTAGGATGCGT-1,0.40040316877795756
CXCR3-,MS,CSF_28,AACTTTCAGACCCACC-1,0.7625194459208842
CXCR3-,MS,CSF_28,AAGACCTTCACGACTA-1,0.04593206514215547
CXCR3-,MS,CSF_28,AAGGAGCGTAGCGCAA-1,-0.29997119987097626
CXCR3-,MS,CSF_28,AAGTCTGCAAGTTGTC-1,-0.10197872662483728
CXCR3+,MS,CSF_28,AAGTCTGGTACGACCC-1,0.4361096803178521
CXCR3-,MS,CSF_28,AATCCAGAGCCACTAT-1,0.36472711740079017
CXCR3-,MS,CSF_28,AATCCAGTCCCAACGG-1,-0.10072997715348121
CXCR3-,MS,CSF_28,AATCGGTAGTGTTAGA-1,-0.29997119987097626
CXCR3+,MS,CSF_28,ACACCCTAGATGTCGG-1,-0.29997119987097626
CXCR3+,MS,CSF_28,ACACCCTAGTGCCAGA-1,0.15403216541240528
CXCR3+,MS,CSF_28,ACACCCTGTGCAGGTA-1,0.16900174436697143
CXCR3+,MS,CSF_28,ACACCGGAGATGCCTT-1,0.9402494186285643
CXCR3-,MS,CSF_28,ACAGCCGTCCGGCACA-1,0.2898576117510055
CXCR3-,MS,CSF_28,ACATACGGTTGCCTCT-1,-0.10089849171790381
CXCR3-,MS,CSF_28,ACATCAGCATATGAGA-1,-0.03435082750605166
CXCR3+,MS,CSF_28,ACATGGTCATGCATGT-1,0.19664146902036156
CXCR3-,MS,CSF_28,ACATGGTGTCGCATCG-1,1.3441494268155658
CXCR3-,MS,CSF_28,ACATGGTGTTGAGGTG-1,-0.29997119987097626
CXCR3+,MS,CSF_28,ACCGTAACAGACGCCT-1-1,0.08136686266485196
CXCR3-,MS,CSF_28,ACCGTAATCGTGGGAA-1,-0.15325764757593063
CXCR3+,MS,CSF_28,ACGATACCACGGTAGA-1,0.2523704285945913
CXCR3-,MS,CSF_28,ACGATACTCCGAAGAG-1,0.041336600832437655
CXCR3-,MS,CSF_28,ACGATACTCTCGTATT-1,-0.29997119987097626
CXCR3-,MS,CSF_28,ACGATGTCAGATCTGT-1,-0.29997119987097626
CXCR3-,MS,CSF_28,ACGATGTGTTCCTCCA-1,-0.07639618338726208
CXCR3-,MS,CSF_28,ACGCAGCAGATGCGAC-1,0.8480001547548639
CXCR3+,MS,CSF_28,ACGCAGCAGCCAGAAC-1,0.636220513671531
CXCR3-,MS,CSF_28,ACGCAGCGTACCCAAT-1,0.11351790475727243
CXCR3-,MS,CSF_28,ACGCCAGGTGAGTATA-1,-0.29997119987097626
CXCR3+,MS,CSF_28,ACGCCGATCAACACAC-1,-0.10137870022438723
CXCR3-,MS,CSF_28,ACGCCGATCAAGCCTA-1,0.11730160683971007
CXCR3+,MS,CSF_28,ACGGAGAGTACCGGCT-1,0.17238835981177072
CXCR3+,MS,CSF_28,ACGGCCAAGCAGACTG-1,1.1968676759074903
CXCR3-,MS,CSF_28,ACGGCCATCAACCATG-1,-0.01832681306281608
CXCR3-,MS,CSF_28,ACGGGCTAGGCTAGAC-1,-0.05296271852276217
CXCR3-,MS,CSF_28,ACGGGCTCAATTGCTG-1,-0.29997119987097626
CXCR3-,MS,CSF_28,ACGGGTCTCTGGCGTG-1,-0.013565415276821554
CXCR3-,MS,CSF_28,ACGTCAAGTGGACGAT-1,-0.29997119987097626
CXCR3-,MS,CSF_28,ACGTCAATCACTTCAT-1,0.08057123675240054
CXCR3-,MS,CSF_28,ACTATCTTCACGCGGT-1,-0.29997119987097626
CXCR3-,MS,CSF_28,ACTGAGTAGGTGCTAG-1,-0.15182268359063952
CXCR3-,MS,CSF_28,ACTGATGAGTCTCCTC-1,-0.09925361704623015
CXCR3+,MS,CSF_28,ACTGTCCTCATCTGCC-1,0.14735986507654883
CXCR3-,MS,CSF_28,ACTTACTCAAATCCGT-1,-0.29997119987097626
CXCR3-,MS,CSF_28,ACTTACTTCCAAAGTC-1,-0.29997119987097626
CXCR3+,MS,CSF_28,ACTTTCAAGTGTCCAT-1,0.5124123824548514
CXCR3-,MS,CSF_28,ACTTTCAGTAGGACAC-1,-0.10039184631584096
CXCR3-,MS,CSF_28,AGAATAGTCGTCACGG-1,0.29285835641765867
CXCR3-,MS,CSF_28,AGAGCTTAGATGGCGT-1,0.7312780717235162
CXCR3-,MS,CSF_28,AGAGTGGCACATAACC-1,-0.17296827274756038
CXCR3-,MS,CSF_28,AGAGTGGTCCTACAGA-1,-0.29997119987097626
CXCR3-,MS,CSF_28,AGATTGCTCAACGAAA-1,-0.29997119987097626
CXCR3-,MS,CSF_28,AGCCTAAAGATCGGGT-1,-0.29997119987097626
CXCR3+,MS,CSF_28,AGCCTAAAGTGTCCAT-1,0.24476522037528267
CXCR3+,MS,CSF_28,AGCCTAACAAAGTCAA-1,-0.29997119987097626
CXCR3-,MS,CSF_28,AGCCTAATCTATCCCG-1,-0.11374940911908483
CXCR3-,MS,CSF_28,AGCTTGAAGTGGACGT-1,-0.29997119987097626
CXCR3+,MS,CSF_28,AGCTTGAGTGCACCAC-1,-0.29997119987097626
CXCR3-,MS,CSF_28,AGGCCACCATCCTAGA-1,-0.29997119987097626
CXCR3+,MS,CSF_28,AGGCCGTAGGCTACGA-1,-0.012252872005247304
CXCR3-,MS,CSF_28,AGGCCGTTCCTTGCCA-1,-0.29997119987097626
CXCR3-,MS,CSF_28,AGGGAGTAGACAGGCT-1,-0.04165771190472941
CXCR3-,MS,CSF_28,AGGGATGAGACTTTCG-1,0.17751177550654856
CXCR3-,MS,CSF_28,AGGTCATTCAGTGCAT-1,-0.29997119987097626
CXCR3+,MS,CSF_28,AGTAGTCGTAGGAGTC-1,0.06740959757794644
CXCR3-,MS,CSF_28,AGTAGTCTCAGTTGAC-1,-0.29997119987097626
CXCR3-,MS,CSF_28,AGTCTTTTCCCGACTT-1,-0.00606686485264515
CXCR3-,MS,CSF_28,AGTGAGGAGCGGCTTC-1,-0.022813310345248392
CXCR3-,MS,CSF_28,AGTGAGGCAGGAATCG-1,-0.03480451849452566
CXCR3+,MS,CSF_28,AGTGGGACAAAGGTGC-1,0.1615719550463969
CXCR3-,MS,CSF_28,AGTGGGACATTAGGCT-1,0.07893560619642495
CXCR3-,MS,CSF_28,AGTGTCAAGCGGATCA-1,0.18839760150067358
CXCR3-,MS,CSF_28,AGTGTCACAGATCGGA-1,-0.07429259936641805
CXCR3-,MS,CSF_28,AGTTGGTGTAAAGGAG-1,0.17673569652863286
CXCR3-,MS,CSF_28,ATAACGCTCCGAACGC-1,0.33737420309445915
CXCR3-,MS,CSF_28,ATCATGGAGGCACATG-1,0.22515254431650603
CXCR3-,MS,CSF_28,ATCATGGCACCGATAT-1,-0.29997119987097626
CXCR3-,MS,CSF_28,ATCATGGGTGACCAAG-1,-0.29997119987097626
CXCR3+,MS,CSF_28,ATCCACCAGACCACGA-1,-0.025539608264346973
CXCR3-,MS,CSF_28,ATCCACCTCGTGGACC-1,-0.29997119987097626
CXCR3-,MS,CSF_28,ATCCACCTCTTTACAC-1,0.4044963722442958
CXCR3-,MS,CSF_28,ATCCGAACATTAGGCT-1,0.16025173899027081
CXCR3-,MS,CSF_28,ATCCGAAGTCAGAATA-1,0.1086883907674894
CXCR3-,MS,CSF_28,ATCTACTAGTAGATGT-1,-0.29997119987097626
CXCR3-,MS,CSF_28,ATGGGAGCAAGGACAC-1,-0.29997119987097626
CXCR3-,MS,CSF_28,ATTACTCCATCAGTCA-1,0.48142167513615325
CXCR3-,MS,CSF_28,ATTATCCAGCTGAACG-1,-0.29997119987097626
CXCR3-,MS,CSF_28,ATTATCCGTCGGATCC-1,-0.29997119987097626
CXCR3+,MS,CSF_28,ATTCTACGTGTCGCTG-1,0.14054663382397817
CXCR3-,MS,CSF_28,ATTGGACAGAACAACT-1,0.5631247647574389
CXCR3-,MS,CSF_28,ATTGGACAGTTAGCGG-1,0.02488104604724409
CXCR3-,MS,CSF_28,ATTGGTGTCAGTCAGT-1,0.09619603234017085
CXCR3-,MS,CSF_28,ATTTCTGAGAAGGTTT-1,0.14606721616596532
CXCR3-,MS,CSF_28,ATTTCTGCAAGCGAGT-1,-0.29997119987097626
CXCR3-,MS,CSF_28,CAACCAAGTCTAGAGG-1,-0.29997119987097626
CXCR3+,MS,CSF_28,CAACCTCGTGATAAAC-1,0.04464115736118065
CXCR3+,MS,CSF_28,CAACCTCGTGCCTGGT-1,0.13591314330044
CXCR3-,MS,CSF_28,CAACTAGAGATGCCTT-1,0.1875052524905058
CXCR3-,MS,CSF_28,CAACTAGGTCATTAGC-1,-0.29997119987097626
CXCR3-,MS,CSF_28,CAAGATCGTCAGCTAT-1,0.17044531593777937
CXCR3-,MS,CSF_28,CAAGATCTCTATCCTA-1,0.43258452897668714
CXCR3-,MS,CSF_28,CAAGGCCAGTGTCTCA-1,-0.14353577067769066
CXCR3-,MS,CSF_28,CAAGGCCGTAGGCTGA-1,-0.29997119987097626
CXCR3-,MS,CSF_28,CACACAAGTCGGCTCA-1,0.07948467027872078
CXCR3-,MS,CSF_28,CACACCTCATGCTAGT-1,-0.29997119987097626
CXCR3-,MS,CSF_28,CACACCTGTGTCAATC-1,0.4039095578254665
CXCR3-,MS,CSF_28,CACACTCAGCCCAACC-1,0.11234314534325117
CXCR3+,MS,CSF_28,CACACTCGTCGCTTTC-1,-0.29997119987097626
CXCR3-,MS,CSF_28,CACAGTAAGAGACGAA-1,0.19113658432783187
CXCR3-,MS,CSF_28,CACATTTAGACTTTCG-1,0.4433780281156471
CXCR3+,MS,CSF_28,CACATTTCAAATTGCC-1,0.2767695650836594
CXCR3-,MS,CSF_28,CACATTTCATCACAAC-1,0.08024392783614444
CXCR3+,MS,CSF_28,CAGAATCGTCGACTAT-1,-0.29997119987097626
CXCR3+,MS,CSF_28,CAGCAGCGTGCTCTTC-1,-0.29997119987097626
CXCR3-,MS,CSF_28,CAGCATATCACAATGC-1,-0.29997119987097626
CXCR3-,MS,CSF_28,CAGCCGACAGATGGGT-1,-0.29997119987097626
CXCR3-,MS,CSF_28,CAGCCGATCGGCATCG-1,0.08630125804418974
CXCR3-,MS,CSF_28,CAGCTAAAGGCTAGGT-1,-0.13300589586101316
CXCR3-,MS,CSF_28,CAGCTAATCTGTACGA-1,0.17532316749743557
CXCR3-,MS,CSF_28,CAGCTGGCATGGTCTA-1,-0.03121066871179485
CXCR3-,MS,CSF_28,CAGCTGGGTCGAAAGC-1,-0.028984449240957225
CXCR3-,MS,CSF_28,CAGTAACTCAACACGT-1,-0.29997119987097626
CXCR3-,MS,CSF_28,CATATGGTCAGTTCGA-1,-0.29997119987097626
CXCR3-,MS,CSF_28,CATCAAGGTGCGCTTG-1,0.4546299702613212
CXCR3+,MS,CSF_28,CATCAAGTCCGCATAA-1,-0.29997119987097626
CXCR3+,MS,CSF_28,CATCAGAAGCCCAATT-1,0.18242389831644487
CXCR3-,MS,CSF_28,CATCCACAGCCTTGAT-1,-0.07836280214947602
CXCR3-,MS,CSF_28,CATCGAACAGCAGTTT-1,-0.12277901440359659
CXCR3-,MS,CSF_28,CATCGAAGTAAAGTCA-1,-0.29997119987097626
CXCR3-,MS,CSF_28,CATCGGGAGCTGAACG-1,-0.005708504736795675
CXCR3-,MS,CSF_28,CATCGGGGTATGAAAC-1,-0.29997119987097626
CXCR3-,MS,CSF_28,CATGACAAGGAATTAC-1,-0.043339528193817846
CXCR3-,MS,CSF_28,CATGACACACTCAGGC-1,-0.29997119987097626
CXCR3+,MS,CSF_28,CATGGCGAGATCCGAG-1,-0.29997119987097626
CXCR3-,MS,CSF_28,CATGGCGGTCAACATC-1,-0.29997119987097626
CXCR3+,MS,CSF_28,CATTATCAGGTAAACT-1,0.10933992177795868
CXCR3-,MS,CSF_28,CATTATCCATCACAAC-1,-0.29997119987097626
CXCR3-,MS,CSF_28,CATTCGCCAAGGTTCT-1,0.25058392789270517
CXCR3-,MS,CSF_28,CATTCGCTCCGCGTTT-1,0.6018795560851259
CXCR3-,MS,CSF_28,CCAATCCAGCTAAGAT-1,0.6831027229373238
CXCR3-,MS,CSF_28,CCACTACCATTACGAC-1,0.13002978963560155
CXCR3+,MS,CSF_28,CCAGCGAAGAGCCCAA-1,-0.06345741566372992
CXCR3-,MS,CSF_28,CCAGCGATCTACGAGT-1,0.10577339994092097
CXCR3+,MS,CSF_28,CCCAGTTAGCGTCTAT-1,-0.02623117235793046
CXCR3-,MS,CSF_28,CCCAGTTGTCATCCCT-1,-0.29997119987097626
CXCR3-,MS,CSF_28,CCCTCCTGTCTACCTC-1,-0.13697490727806172
CXCR3-,MS,CSF_28,CCGGGATAGGAGTCTG-1,0.5387427660929474
CXCR3-,MS,CSF_28,CCGGGATGTTAGATGA-1,-0.29997119987097626
CXCR3-,MS,CSF_28,CCGGTAGAGAATGTTG-1,-0.29997119987097626
CXCR3-,MS,CSF_28,CCGTACTCAAAGTCAA-1,-0.29997119987097626
CXCR3-,MS,CSF_28,CCGTTCACACTTAACG-1,-0.07315973799710666
CXCR3-,MS,CSF_28,CCGTTCAGTCGACTAT-1,-0.12022564555181761
CXCR3-,MS,CSF_28,CCTACACGTCTAGCGC-1,0.5561431854737013
CXCR3-,MS,CSF_28,CCTACACGTTGATTCG-1,0.02219363294539121
CXCR3+,MS,CSF_28,CCTATTAGTCACCCAG-1,0.30777500589945894
CXCR3-,MS,CSF_28,CCTCAGTTCCGTAGTA-1,0.06686026823856836
CXCR3-,MS,CSF_28,CCTCTGACAGTTTACG-1,0.0714514857317814
CXCR3-,MS,CSF_28,CCTTACGAGCCACCTG-1,0.5747300152707944
CXCR3+,MS,CSF_28,CCTTCCCGTGTAACGG-1,-0.12006714648419001
CXCR3-,MS,CSF_28,CGAACATGTATAGGGC-1,0.4094239815632756
CXCR3-,MS,CSF_28,CGAACATTCGACGGAA-1,0.5533570431719446
CXCR3+,MS,CSF_28,CGAGCACAGGCATTGG-1,-0.29997119987097626
CXCR3-,MS,CSF_28,CGAGCCAAGTCATCCA-1,0.07033160528346317
CXCR3-,MS,CSF_28,CGAGCCAGTGTTGAGG-1,0.8753377341685722
CXCR3+,MS,CSF_28,CGATCGGCAACTGCTA-1,-0.12582958745565365
CXCR3-,MS,CSF_28,CGATCGGGTCAACATC-1,-0.29997119987097626
CXCR3-,MS,CSF_28,CGATGGCCAAAGCGGT-1,0.11088019569058326
CXCR3-,MS,CSF_28,CGATGGCCACATTAGC-1,0.36847658968696095
CXCR3+,MS,CSF_28,CGATGGCCAGGATTGG-1,-0.29997119987097626
CXCR3-,MS,CSF_28,CGATGGCGTATCTGCA-1,-0.29997119987097626
CXCR3+,MS,CSF_28,CGCGGTAAGCCACGCT-1,-0.29997119987097626
CXCR3-,MS,CSF_28,CGCGGTAGTGTTTGTG-1,-0.08267791597131938
CXCR3+,MS,CSF_28,CGCTATCCAGACACTT-1,-0.10872244081048432
CXCR3-,MS,CSF_28,CGCTGGACACATCCGG-1,0.05547825770846569
CXCR3-,MS,CSF_28,CGCTGGAGTCAACATC-1,-0.04334686056200066
CXCR3-,MS,CSF_28,CGCTGGATCGCAAACT-1,-0.0867999286637798
CXCR3+,MS,CSF_28,CGGAGTCAGTAAGTAC-1,0.06052106027678101
CXCR3-,MS,CSF_28,CGGAGTCGTACAAGTA-1,-0.29997119987097626
CXCR3-,MS,CSF_28,CGGAGTCTCCGAACGC-1,0.319462278159743
CXCR3-,MS,CSF_28,CGGGTCAGTCCGTTAA-1,-0.29997119987097626
CXCR3-,MS,CSF_28,CGGGTCAGTTGAACTC-1,0.2501083154885511
CXCR3-,MS,CSF_28,CGGTTAACAGTAACGG-1,0.5533225268219147
CXCR3+,MS,CSF_28,CGTAGCGTCCGATATG-1,-0.05536377515366638
CXCR3-,MS,CSF_28,CGTCAGGTCCCGGATG-1,-0.29997119987097626
CXCR3+,MS,CSF_28,CGTCTACAGCCACTAT-1,0.134939584802972
CXCR3-,MS,CSF_28,CGTCTACAGCGCCTTG-1,-0.29997119987097626
CXCR3+,MS,CSF_28,CGTCTACAGGGCTTCC-1,-0.29997119987097626
CXCR3-,MS,CSF_28,CGTCTACAGTACATGA-1,-0.29997119987097626
CXCR3-,MS,CSF_28,CGTCTACTCGTTGACA-1,-0.29997119987097626
CXCR3-,MS,CSF_28,CGTGAGCCACGAGGTA-1,-0.29997119987097626
CXCR3-,MS,CSF_28,CGTGAGCGTAAAGTCA-1,0.3632520642800536
CXCR3-,MS,CSF_28,CGTGTCTTCAGGTTCA-1,-0.29997119987097626
CXCR3-,MS,CSF_28,CGTTCTGGTATTACCG-1,0.5233982586267777
CXCR3-,MS,CSF_28,CGTTCTGGTTCCCGAG-1,0.27331186950614866
CXCR3-,MS,CSF_28,CGTTGGGGTCCGCTGA-1,0.019831846702975314
CXCR3+,MS,CSF_28,CTAACTTCAGTAGAGC-1,-0.29997119987097626
CXCR3+,MS,CSF_28,CTAAGACAGTGGAGTC-1,-0.06593941080579621
CXCR3-,MS,CSF_28,CTAAGACGTCAAACTC-1,0.7521275526151384
CXCR3-,MS,CSF_28,CTAAGACTCATTATCC-1,-0.29997119987097626
CXCR3+,MS,CSF_28,CTACGTCCATGGGACA-1,0.526769887435447
CXCR3-,MS,CSF_28,CTAGAGTAGAGGTACC-1,0.1439622868116966
CXCR3-,MS,CSF_28,CTAGAGTGTAAGTTCC-1,0.023861651479017438
CXCR3-,MS,CSF_28,CTAGCCTCAAACAACA-1,0.6233827931146811
CXCR3-,MS,CSF_28,CTAGTGACAGGAACGT-1,-0.29997119987097626
CXCR3-,MS,CSF_28,CTAGTGACAGTCCTTC-1,0.0652534537017084
CXCR3-,MS,CSF_28,CTCGAAAAGATAGTCA-1,-0.29997119987097626
CXCR3-,MS,CSF_28,CTCGGAGGTCAATACC-1,-0.29997119987097626
CXCR3-,MS,CSF_28,CTCGGAGTCGGCTACG-1,0.2786019590761509
CXCR3-,MS,CSF_28,CTCGGGACACCCATTC-1,-0.08709844046945125
CXCR3+,MS,CSF_28,CTCGGGATCAGGTAAA-1,0.4434786932452917
CXCR3-,MS,CSF_28,CTCGTACTCCGAATGT-1,-0.29997119987097626
CXCR3-,MS,CSF_28,CTCTAATCATCACGAT-1,-0.29997119987097626
CXCR3+,MS,CSF_28,CTCTACGAGGCCCTCA-1,0.3804291667489531
CXCR3-,MS,CSF_28,CTCTACGCAATCCGAT-1,0.31053089895465796
CXCR3-,MS,CSF_28,CTCTACGGTGATAAAC-1,0.42451488498249523
CXCR3-,MS,CSF_28,CTGAAGTTCCGCGCAA-1,0.3994706015698691
CXCR3-,MS,CSF_28,CTGATAGAGTTAGGTA-1,-0.29997119987097626
CXCR3-,MS,CSF_28,CTGATCCAGTGGGCTA-1,0.19562677647790086
CXCR3+,MS,CSF_28,CTGCCTAAGCCAGAAC-1,0.9662125994446441
CXCR3-,MS,CSF_28,CTGCGGACAGCAGTTT-1,-0.12039036909217764
CXCR3+,MS,CSF_28,CTGCGGAGTCCAACTA-1,0.6027207359013339
CXCR3+,MS,CSF_28,CTGCGGATCAGTTTGG-1,0.7946783488055031
CXCR3-,MS,CSF_28,CTGCTGTTCACCGGGT-1,1.0395293971704984
CXCR3+,MS,CSF_28,CTGGTCTCACACAGAG-1,-0.29997119987097626
CXCR3-,MS,CSF_28,CTGTGCTAGTCCAGGA-1,-0.29997119987097626
CXCR3+,MS,CSF_28,CTGTTTAAGCACGCCT-1,0.24187140490136522
CXCR3-,MS,CSF_28,CTGTTTAGTAAAGTCA-1,-0.29997119987097626
CXCR3-,MS,CSF_28,CTTAACTAGCCCAACC-1,-0.29997119987097626
CXCR3-,MS,CSF_28,CTTAACTAGTGTTGAA-1,-0.29997119987097626
CXCR3-,MS,CSF_28,CTTCTCTCACACGCTG-1,-0.09505794050114667
CXCR3-,MS,CSF_28,CTTGGCTAGACGACGT-1,0.2116856599463645
CXCR3-,MS,CSF_28,GAAACTCGTTGCCTCT-1,-0.02642498384117479
CXCR3-,MS,CSF_28,GAAATGACAAAGGCGT-1,0.3547504721189409
CXCR3+,MS,CSF_28,GAACCTACAAAGCGGT-1,-0.0931302282322803
CXCR3-,MS,CSF_28,GAACCTACATGCCTAA-1,-0.021473489797708155
CXCR3-,MS,CSF_28,GAATAAGGTCAAGCGA-1,-0.29997119987097626
CXCR3-,MS,CSF_28,GAATAAGTCCCACTTG-1,0.3529292414231837
CXCR3-,MS,CSF_28,GAATGAATCATTGCGA-1,0.5206011464772862
CXCR3-,MS,CSF_28,GACACGCCACGAGGTA-1,-0.056102856085239856
CXCR3+,MS,CSF_28,GACAGAGTCGCGTTTC-1,0.14930357975059505
CXCR3-,MS,CSF_28,GACCAATCACCGCTAG-1,-0.07036918639589683
CXCR3-,MS,CSF_28,GACGCGTGTCGAAAGC-1,0.5512689681689066
CXCR3-,MS,CSF_28,GACGGCTTCAGGTAAA-1,-0.29997119987097626
CXCR3-,MS,CSF_28,GACGTGCAGATATGCA-1,0.12859100886145122
CXCR3-,MS,CSF_28,GACGTTAAGGGCACTA-1,0.09705276638047203
CXCR3-,MS,CSF_28,GACGTTATCTGGAGCC-1,0.5467555982673288
CXCR3+,MS,CSF_28,GACTACACAAGACACG-1,0.06714927865063491
CXCR3+,MS,CSF_28,GACTACACAAGACGTG-1,-0.29997119987097626
CXCR3-,MS,CSF_28,GACTACACAGGCTCAC-1,-0.29997119987097626
CXCR3-,MS,CSF_28,GACTGCGAGATGTGTA-1,-0.29997119987097626
CXCR3+,MS,CSF_28,GACTGCGTCCAGATCA-1,0.10110048427427218
CXCR3+,MS,CSF_28,GAGCAGAGTGTTGGGA-1,0.17582368663904804
CXCR3+,MS,CSF_28,GATCGTAAGGCAGTCA-1,0.03965996250134956
CXCR3+,MS,CSF_28,GATGAAAGTAGCGCTC-1,0.15081148843059242
CXCR3-,MS,CSF_28,GATGAAAGTCAAAGCG-1,0.08340793601661037
CXCR3+,MS,CSF_28,GATGAGGAGATCGATA-1,-0.030730577944354572
CXCR3-,MS,CSF_28,GATGAGGTCGGTCTAA-1,-0.09793375891780372
CXCR3-,MS,CSF_28,GATGCTACACCGTTGG-1,0.013727087621434073
CXCR3-,MS,CSF_28,GATGCTAGTTGTGGAG-1,0.033849250490793716
CXCR3-,MS,CSF_28,GATTCAGAGTTACGGG-1,-0.29997119987097626
CXCR3+,MS,CSF_28,GATTCAGTCGCCAAAT-1,0.05194379247963304
CXCR3+,MS,CSF_28,GCAAACTGTGCCTGCA-1,0.23081012475085588
CXCR3-,MS,CSF_28,GCAATCATCCGTAGGC-1,0.33101643055709706
CXCR3-,MS,CSF_28,GCAGCCAAGTACGATA-1,-0.12139368591561595
CXCR3-,MS,CSF_28,GCAGCCACAACACCCG-1,-0.29997119987097626
CXCR3-,MS,CSF_28,GCATACAAGAGCCTAG-1,0.20877180524817468
CXCR3-,MS,CSF_28,GCATGATAGACTCGGA-1,0.39048320782323553
CXCR3-,MS,CSF_28,GCCTCTAAGGCTATCT-1,0.8025144289721453
CXCR3-,MS,CSF_28,GCGACCAAGCTCTCGG-1,-0.29997119987097626
CXCR3-,MS,CSF_28,GCGCCAAAGCGTTCCG-1,0.2155100143562109
CXCR3+,MS,CSF_28,GCGCCAATCTGTCAAG-1,0.23359311000185587
CXCR3+,MS,CSF_28,GCGGGTTCATCGGGTC-1,0.5943781812169104
CXCR3-,MS,CSF_28,GCTCCTAAGCTAGCCC-1,0.36324518756626084
CXCR3-,MS,CSF_28,GCTCCTAGTACAGCAG-1,0.12979702702974286
CXCR3-,MS,CSF_28,GCTCTGTGTGTGTGCC-1,0.1401034132745591
CXCR3-,MS,CSF_28,GCTGCAGGTGATAAAC-1,0.5097561991171087
CXCR3+,MS,CSF_28,GCTGCAGTCAGCAACT-1,-0.10682925972888875
CXCR3-,MS,CSF_28,GCTGCTTTCTATCCTA-1,-0.29997119987097626
CXCR3-,MS,CSF_28,GCTGGGTGTCAACATC-1,-0.29997119987097626
CXCR3+,MS,CSF_28,GGAACTTGTCAGAAGC-1,-0.29997119987097626
CXCR3-,MS,CSF_28,GGACAAGGTACGACCC-1,0.5743055115743342
CXCR3-,MS,CSF_28,GGACAGAGTACCGAGA-1,0.8591791970362462
CXCR3-,MS,CSF_28,GGACATTCAAAGGCGT-1,-0.29997119987097626
CXCR3-,MS,CSF_28,GGACATTCATCCGTGG-1,0.4134324045214706
CXCR3-,MS,CSF_28,GGACATTGTCATATCG-1,-0.29997119987097626
CXCR3-,MS,CSF_28,GGACATTTCGCCTGTT-1,-0.29997119987097626
CXCR3-,MS,CSF_28,GGACGTCTCCTAAGTG-1,-0.09080329962241881
CXCR3-,MS,CSF_28,GGATTACGTCGGCTCA-1,1.1741277609174665
CXCR3-,MS,CSF_28,GGCAATTTCAAGGTAA-1,-0.29997119987097626
CXCR3-,MS,CSF_28,GGCGACTGTCAATGTC-1,-0.09931092934418717
CXCR3-,MS,CSF_28,GGCTCGAAGACTTTCG-1,-0.29997119987097626
CXCR3-,MS,CSF_28,GGCTCGAAGTATTGGA-1,-0.29997119987097626
CXCR3-,MS,CSF_28,GGCTCGAGTGCAACGA-1,0.4226706600216201
CXCR3-,MS,CSF_28,GGCTGGTTCTAACGGT-1,0.1659878418459677
CXCR3-,MS,CSF_28,GGGAATGCACAACGTT-1,-0.29997119987097626
CXCR3-,MS,CSF_28,GGGAATGTCTGTCCGT-1,0.02437535927797239
CXCR3-,MS,CSF_28,GGGACCTAGACTGTAA-1,0.3135894192050336
CXCR3+,MS,CSF_28,GGGACCTGTCACTGGC-1,0.16135768130112066
CXCR3-,MS,CSF_28,GGGACCTTCCAATGGT-1,-0.29997119987097626
CXCR3+,MS,CSF_28,GGGAGATTCGTAGGAG-1,0.1781415063509038
CXCR3-,MS,CSF_28,GGGATGAAGTACTTGC-1,0.431628112140379
CXCR3+,MS,CSF_28,GGGTCTGAGCAGACTG-1,-0.12498873751857131
CXCR3-,MS,CSF_28,GGGTCTGTCGTACGGC-1,-0.29997119987097626
CXCR3+,MS,CSF_28,GGGTTGCCACCCAGTG-1,0.22844943765524905
CXCR3-,MS,CSF_28,GGGTTGCCAGGTCCAC-1,-0.29997119987097626
CXCR3+,MS,CSF_28,GGGTTGCCATACGCCG-1-1,1.065314697950593
CXCR3-,MS,CSF_28,GGTATTGGTAGCGCAA-1,-0.29997119987097626
CXCR3-,MS,CSF_28,GGTGAAGGTAAAGTCA-1-1,0.3565919140013242
CXCR3-,MS,CSF_28,GGTGTTAAGATAGTCA-1,-0.29997119987097626
CXCR3-,MS,CSF_28,GTACGTATCTGCGTAA-1,0.8376889714094149
CXCR3-,MS,CSF_28,GTACTCCGTCACCCAG-1,-0.07562351047210535
CXCR3-,MS,CSF_28,GTAGTCACATGCATGT-1,0.048219808182661174
CXCR3-,MS,CSF_28,GTATCTTGTACCAGTT-1,0.112466810670362
CXCR3-,MS,CSF_28,GTATCTTTCTCTGAGA-1,-0.16220801656508974
CXCR3-,MS,CSF_28,GTATTCTAGTACATGA-1,0.04992066075410527
CXCR3+,MS,CSF_28,GTATTCTGTGCTTCTC-1,-0.29997119987097626
CXCR3-,MS,CSF_28,GTCAAGTGTCTAGCGC-1,-0.29997119987097626
CXCR3-,MS,CSF_28,GTCACAATCTCTGCTG-1,-0.29997119987097626
CXCR3+,MS,CSF_28,GTCACGGCAGTCGTGC-1,0.08099221656359523
CXCR3-,MS,CSF_28,GTCACGGGTGGCCCTA-1,-0.29997119987097626
CXCR3-,MS,CSF_28,GTCATTTTCGCAGGCT-1,-0.03551862151909855
CXCR3-,MS,CSF_28,GTCGGGTTCAGTGTTG-1,-0.29997119987097626
CXCR3+,MS,CSF_28,GTCGTAAGTCCCTTGT-1,-0.038181040502806664
CXCR3+,MS,CSF_28,GTCGTAAGTTACGTCA-1,0.321915017466688
CXCR3+,MS,CSF_28,GTCGTAATCGTCACGG-1,1.1612561555851388
CXCR3-,MS,CSF_28,GTGAAGGAGGATGGTC-1,0.8945075920877121
CXCR3-,MS,CSF_28,GTGCAGCAGGAATTAC-1,-0.29997119987097626
CXCR3+,MS,CSF_28,GTGCAGCAGGACAGCT-1,0.0787754590491359
CXCR3-,MS,CSF_28,GTGCAGCTCAGCTCTC-1,-0.12223651658446817
CXCR3-,MS,CSF_28,GTGCATAAGTCGTACT-1,-0.14722377603015466
CXCR3-,MS,CSF_28,GTGCTTCTCAGCTTAG-1,0.46589880294757907
CXCR3+,MS,CSF_28,GTGGGTCAGATGCGAC-1,-0.12458475027965892
CXCR3-,MS,CSF_28,GTGTGCGGTTCGTCTC-1,-0.11313368282600227
CXCR3-,MS,CSF_28,GTGTTAGAGAATGTTG-1,0.3843742093044165
CXCR3+,MS,CSF_28,GTGTTAGCAACGATCT-1,-0.29997119987097626
CXCR3+,MS,CSF_28,GTTAAGCGTGCATCTA-1,0.36164887412763225
CXCR3+,MS,CSF_28,GTTACAGTCCAAGCCG-1,-0.29997119987097626
CXCR3-,MS,CSF_28,GTTCGGGGTGTAACGG-1,0.6218151227529722
CXCR3-,MS,CSF_28,GTTCGGGTCCTTCAAT-1,-0.29997119987097626
CXCR3+,MS,CSF_28,GTTCTCGTCAGCGACC-1,-0.1553855858611317
CXCR3-,MS,CSF_28,GTTTCTACATTTGCTT-1,0.24595237199508402
CXCR3-,MS,CSF_28,GTTTCTATCCACGACG-1,-0.12311080455551196
CXCR3-,MS,CSF_28,TAAACCGGTCAAAGAT-1,-0.29997119987097626
CXCR3-,MS,CSF_28,TAAACCGGTGTTCGAT-1,0.2327875206751143
CXCR3-,MS,CSF_28,TAAACCGTCAAGGTAA-1,-0.29997119987097626
CXCR3-,MS,CSF_28,TAAGAGAAGTTAGGTA-1,-0.29997119987097626
CXCR3-,MS,CSF_28,TAAGAGAGTCGGATCC-1,0.25441950577318123
CXCR3-,MS,CSF_28,TAAGCGTGTCTAACGT-1,-0.29997119987097626
CXCR3+,MS,CSF_28,TAAGTGCGTTGGTGGA-1,-0.29997119987097626
CXCR3-,MS,CSF_28,TACAGTGAGACACTAA-1,-0.29997119987097626
CXCR3-,MS,CSF_28,TACGGATAGACAGAGA-1,0.23015687549008937
CXCR3+,MS,CSF_28,TACGGTACAGACGCCT-1,-0.12871410720761758
CXCR3+,MS,CSF_28,TACGGTAGTAATCGTC-1,-0.17398740297348314
CXCR3-,MS,CSF_28,TACGGTATCGTGGGAA-1,-0.08359620197232857
CXCR3-,MS,CSF_28,TACTCATAGAAACCTA-1,0.19211202768657193
CXCR3+,MS,CSF_28,TACTCATGTCGGGTCT-1,0.3355391483060911
CXCR3-,MS,CSF_28,TACTCGCAGCCGTCGT-1,0.0189239007504021
CXCR3-,MS,CSF_28,TACTCGCGTAAGAGGA-1,-0.1068810634828704
CXCR3-,MS,CSF_28,TACTTACGTCGAAAGC-1,-0.29997119987097626
CXCR3-,MS,CSF_28,TACTTACTCGCCCTTA-1,0.19387022381878385
CXCR3+,MS,CSF_28,TACTTACTCTGCGGCA-1,0.04033898749972732
CXCR3+,MS,CSF_28,TAGACCAAGAGTGACC-1,0.188485891636523
CXCR3-,MS,CSF_28,TAGAGCTTCGTATCAG-1,0.029087036874659824
CXCR3-,MS,CSF_28,TAGCCGGAGTATCGAA-1,-0.11299085917305655
CXCR3-,MS,CSF_28,TAGGCATAGAGCCTAG-1,0.16050022609890693
CXCR3-,MS,CSF_28,TAGTGGTGTCTTCGTC-1,0.018860449243978655
CXCR3-,MS,CSF_28,TAGTGGTTCCGAAGAG-1,-0.09856240026007164
CXCR3-,MS,CSF_28,TAGTTGGAGCCTTGAT-1,-0.01436047136791698
CXCR3-,MS,CSF_28,TATCAGGTCAGGCAAG-1,-0.29997119987097626
CXCR3+,MS,CSF_28,TATCTCATCGCCTGAG-1,-0.11371911950837894
CXCR3+,MS,CSF_28,TATGCCCTCTTGTTTG-1,-0.29997119987097626
CXCR3-,MS,CSF_28,TCAACGACAAAGAATC-1,0.20351971081004824
CXCR3-,MS,CSF_28,TCAATCTAGGCGTACA-1,-0.16697924309380557
CXCR3-,MS,CSF_28,TCAATCTTCGTCTGCT-1,-0.29997119987097626
CXCR3+,MS,CSF_28,TCAGCTCCAGCAGTTT-1,-0.29997119987097626
CXCR3+,MS,CSF_28,TCAGGATGTCAACATC-1,-0.14007929997678928
CXCR3-,MS,CSF_28,TCATTACAGGACAGAA-1,0.3202761803878315
CXCR3+,MS,CSF_28,TCATTACAGGCCCGTT-1,0.3117677993908402
CXCR3+,MS,CSF_28,TCATTTGCATCGATTG-1,-0.29997119987097626
CXCR3-,MS,CSF_28,TCGTACCTCGTCCAGG-1,-0.29997119987097626
CXCR3-,MS,CSF_28,TCGTAGAAGCTAACTC-1,-0.09433889411135861
CXCR3+,MS,CSF_28,TCGTAGACACAGTCGC-1,-0.08310308180377134
CXCR3+,MS,CSF_28,TCTATTGGTCAAAGCG-1,0.07449916091822444
CXCR3-,MS,CSF_28,TCTATTGGTTCGCTAA-1,-0.29997119987097626
CXCR3+,MS,CSF_28,TCTCTAACACGAGGTA-1,0.6157448202512795
CXCR3+,MS,CSF_28,TCTGAGACATTTGCTT-1,0.15774522514645933
CXCR3-,MS,CSF_28,TCTGGAAAGATAGCAT-1,-0.29997119987097626
CXCR3-,MS,CSF_28,TCTTCGGAGGGTCTCC-1,-0.29997119987097626
CXCR3-,MS,CSF_28,TCTTCGGCAGGAACGT-1,0.004009462541947085
CXCR3-,MS,CSF_28,TCTTCGGGTGTTCGAT-1,-0.0927944624649389
CXCR3-,MS,CSF_28,TCTTTCCTCGATCCCT-1,0.09887070876631927
CXCR3-,MS,CSF_28,TGAAAGAAGACGCACA-1,-0.29997119987097626
CXCR3-,MS,CSF_28,TGAAAGACATCTCGCT-1,0.05089129935686652
CXCR3-,MS,CSF_28,TGAAAGATCCGCAGTG-1,0.5790785741957994
CXCR3+,MS,CSF_28,TGACAACGTGACTCAT-1,-0.01952064156225607
CXCR3-,MS,CSF_28,TGACAACTCAAACCAC-1,-0.29997119987097626
CXCR3-,MS,CSF_28,TGACTTTAGCTGATAA-1,0.11439250979116257
CXCR3-,MS,CSF_28,TGAGCCGCACAAGTAA-1,-0.29997119987097626
CXCR3-,MS,CSF_28,TGAGGGAGTTCGTGAT-1,-0.29997119987097626
CXCR3+,MS,CSF_28,TGCACCTAGGACTGGT-1,0.36109118258443074
CXCR3-,MS,CSF_28,TGCCCTAAGTAGGCCA-1,-0.1411354871020853
CXCR3-,MS,CSF_28,TGCGCAGGTGGTGTAG-1,0.004401010163409325
CXCR3-,MS,CSF_28,TGCGCAGTCCAAACAC-1,0.044475896524598726
CXCR3+,MS,CSF_28,TGCGTGGCATACCATG-1,-0.29997119987097626
CXCR3-,MS,CSF_28,TGCTACCTCAGCGACC-1,-0.29997119987097626
CXCR3-,MS,CSF_28,TGCTGCTCAGTGGGAT-1,0.5255059405845346
CXCR3-,MS,CSF_28,TGCTGCTTCCCTTGCA-1,0.24839604888708514
CXCR3-,MS,CSF_28,TGGACGCAGGTGTTAA-1,-0.09894917605569607
CXCR3-,MS,CSF_28,TGGCCAGGTATATGGA-1,-0.0022862332637632677
CXCR3-,MS,CSF_28,TGGCGCATCTTGTACT-1,-0.08296161770635997
CXCR3+,MS,CSF_28,TGGCTGGGTTCCACAA-1,-0.10089849171790381
CXCR3+,MS,CSF_28,TGGGCGTGTGAAATCA-1,0.29563607254651864
CXCR3-,MS,CSF_28,TGGTTAGCACTACAGT-1,-0.29997119987097626
CXCR3-,MS,CSF_28,TGGTTCCTCCCTGACT-1,-0.29997119987097626
CXCR3-,MS,CSF_28,TGTATTCCAGCTGGCT-1,-0.29997119987097626
CXCR3-,MS,CSF_28,TGTGGTAAGTGTGGCA-1,-0.10630915941515827
CXCR3+,MS,CSF_28,TGTGGTAGTCCTCTTG-1,-0.0028824765696781212
CXCR3-,MS,CSF_28,TGTGGTATCGGTCTAA-1,-0.29997119987097626
CXCR3-,MS,CSF_28,TGTTCCGGTTGGTTTG-1,-0.29997119987097626
CXCR3+,MS,CSF_28,TTAACTCAGCGGCTTC-1,-0.010402098945483326
CXCR3-,MS,CSF_28,TTAACTCAGCGTCAAG-1,0.24573504914176272
CXCR3-,MS,CSF_28,TTAGGACTCAATACCG-1,0.13192101565798445
CXCR3-,MS,CSF_28,TTAGGCAAGAGTAATC-1,-0.06966239858803025
CXCR3+,MS,CSF_28,TTCGAAGAGAACAATC-1,-0.02849883990046408
CXCR3-,MS,CSF_28,TTCGAAGGTTGGTTTG-1,0.3099705802694314
CXCR3-,MS,CSF_28,TTCGGTCCAGCGTAAG-1,-0.29997119987097626
CXCR3-,MS,CSF_28,TTCGGTCGTTGAACTC-1,-0.29997119987097626
CXCR3-,MS,CSF_28,TTCTACAAGTGCAAGC-1,-0.29997119987097626
CXCR3+,MS,CSF_28,TTCTCAAAGAAAGTGG-1,0.16665513145431068
CXCR3-,MS,CSF_28,TTCTCAATCACTCTTA-1,0.090598697738702
CXCR3-,MS,CSF_28,TTCTCCTGTCTTGCGG-1,0.03927718223019478
CXCR3+,MS,CSF_28,TTCTTAGTCACATACG-1,-0.11496537918058707
CXCR3-,MS,CSF_28,TTGAACGGTTTAGGAA-1,0.10613718863273844
CXCR3+,MS,CSF_28,TTGCGTCAGGCTAGAC-1,-0.29997119987097626
CXCR3-,MS,CSF_28,TTGCGTCCAGGAATGC-1,-0.29997119987097626
CXCR3-,MS,CSF_28,TTGCGTCTCTCTTGAT-1,-0.03146905747708405
CXCR3-,MS,CSF_28,TTTGCGCGTGTCCTCT-1,0.2476072147753578
CXCR3-,MS,CSF_28,TTTGTCAGTCATCCCT-1,0.4205682692584131
CXCR3-,MS,CSF_29,AAACGGGCAATGAATG-1,-0.29997119987097626
CXCR3-,MS,CSF_29,AAAGTAGTCTAGCACA-1,-0.29997119987097626
CXCR3-,MS,CSF_29,AAATGCCCAGCTGCTG-1,-0.10734572674765672
CXCR3-,MS,CSF_29,AAATGCCGTTAAGACA-1,-0.29997119987097626
CXCR3+,MS,CSF_29,AACCATGAGTGACATA-1,-0.29997119987097626
CXCR3-,MS,CSF_29,AACTCTTTCGGTGTTA-1,-0.29997119987097626
CXCR3-,MS,CSF_29,AAGCCGCTCAGTTGAC-1,-0.29997119987097626
CXCR3-,MS,CSF_29,AAGGAGCAGTATTGGA-1,-0.29997119987097626
CXCR3-,MS,CSF_29,AAGGAGCTCTGGGCCA-1,-0.29997119987097626
CXCR3-,MS,CSF_29,ACAGCCGTCATGCTCC-1,-0.29997119987097626
CXCR3-,MS,CSF_29,ACAGCTAAGTTGAGAT-1,-0.29997119987097626
CXCR3-,MS,CSF_29,ACATACGAGCGCCTTG-1,-0.29997119987097626
CXCR3-,MS,CSF_29,ACATCAGTCAACGAAA-1,-0.29997119987097626
CXCR3+,MS,CSF_29,ACATGGTCACGACTCG-1,-0.11380445572090257
CXCR3-,MS,CSF_29,ACATGGTTCTAAGCCA-1,-0.29997119987097626
CXCR3-,MS,CSF_29,ACGAGGAGTCGGCATC-1,1.1743691388995383
CXCR3-,MS,CSF_29,ACGAGGAGTCTCTCGT-1,-0.013618710484245095
CXCR3-,MS,CSF_29,ACGAGGATCCTTCAAT-1,0.051442474804661735
CXCR3-,MS,CSF_29,ACGAGGATCTCGAGTA-1,-0.29997119987097626
CXCR3-,MS,CSF_29,ACGATGTTCGTCGTTC-1,-0.29997119987097626
CXCR3-,MS,CSF_29,ACGCAGCAGTCTCAAC-1,-0.08053776297601767
CXCR3-,MS,CSF_29,ACGGCCAAGACAATAC-1,-0.29997119987097626
CXCR3-,MS,CSF_29,ACGGGCTGTCTGCAAT-1,1.0462882460505236
CXCR3-,MS,CSF_29,ACGGGTCGTGTGACGA-1,-0.29997119987097626
CXCR3-,MS,CSF_29,ACGTCAATCACTTCAT-1-1,-0.29997119987097626
CXCR3-,MS,CSF_29,ACTGAACAGGATATAC-1,-0.04413929845721113
CXCR3+,MS,CSF_29,ACTTACTTCGAGCCCA-1,-0.29997119987097626
CXCR3-,MS,CSF_29,AGACGTTAGTGAAGTT-1,0.6092452309321926
CXCR3-,MS,CSF_29,AGACGTTTCTCGTTTA-1,-0.29997119987097626
CXCR3-,MS,CSF_29,AGATCTGCAGACTCGC-1,-0.29997119987097626
CXCR3+,MS,CSF_29,AGATTGCCATTGGTAC-1,-0.29997119987097626
CXCR3-,MS,CSF_29,AGCCTAATCCCTTGCA-1,0.13186058155679997
CXCR3+,MS,CSF_29,AGCTCTCAGGATGGTC-1,-0.29997119987097626
CXCR3-,MS,CSF_29,AGCTTGAGTCTCCACT-1,-0.29997119987097626
CXCR3-,MS,CSF_29,AGGCCGTCAAGTTGTC-1,-0.14157850296107885
CXCR3-,MS,CSF_29,AGGGAGTAGAATTGTG-1,-0.29997119987097626
CXCR3-,MS,CSF_29,AGGTCCGGTCCCGACA-1,0.4128593921726402
CXCR3-,MS,CSF_29,AGTAGTCAGTCCAGGA-1,-0.29997119987097626
CXCR3-,MS,CSF_29,AGTTGGTCACTGAAGG-1,-0.11022254625836138
CXCR3-,MS,CSF_29,ATAGACCAGTACTTGC-1,0.2812092699719425
CXCR3-,MS,CSF_29,ATCCGAAAGCTGAACG-1,0.0325364996793955
CXCR3-,MS,CSF_29,ATCTACTCAGCCTGTG-1,-0.012965914551197515
CXCR3-,MS,CSF_29,ATGAGGGGTAGTACCT-1,-0.055851541217140754
CXCR3-,MS,CSF_29,ATTCTACTCGTGACAT-1,-0.29997119987097626
CXCR3-,MS,CSF_29,ATTGGACAGCGATAGC-1,-0.29997119987097626
CXCR3-,MS,CSF_29,ATTGGACTCGTGGGAA-1,0.28500379177066365
CXCR3-,MS,CSF_29,CAACCTCCAGGCGATA-1,-0.29997119987097626
CXCR3-,MS,CSF_29,CAACCTCGTGACTCAT-1,-0.29997119987097626
CXCR3-,MS,CSF_29,CAAGTTGGTACTCAAC-1,-0.29997119987097626
CXCR3-,MS,CSF_29,CAAGTTGGTGCCTTGG-1,-0.29997119987097626
CXCR3-,MS,CSF_29,CACACAATCCGCTGTT-1,-0.29997119987097626
CXCR3-,MS,CSF_29,CACACCTTCGGCGGTT-1,0.07743560006933878
CXCR3-,MS,CSF_29,CACACTCAGACTACAA-1,0.28243799570234324
CXCR3-,MS,CSF_29,CACACTCGTCTAGAGG-1,-0.29997119987097626
CXCR3+,MS,CSF_29,CACAGGCCACACGCTG-1,-0.29997119987097626
CXCR3-,MS,CSF_29,CACAGGCGTTCGTCTC-1,-0.29997119987097626
CXCR3-,MS,CSF_29,CACAGGCTCTCGTATT-1,1.3528711362445052
CXCR3-,MS,CSF_29,CACAGTAGTCGCATCG-1,0.29638410860965586
CXCR3-,MS,CSF_29,CAGAGAGGTACCGAGA-1,0.09445917865919581
CXCR3-,MS,CSF_29,CAGCAGCTCACGGTTA-1,-0.1772577993818342
CXCR3-,MS,CSF_29,CAGCAGCTCGCGCCAA-1,0.20493290306451586
CXCR3-,MS,CSF_29,CAGCTAAAGCTAGTCT-1,-0.08960956298202587
CXCR3-,MS,CSF_29,CAGCTAAAGGCTCATT-1,-0.29997119987097626
CXCR3-,MS,CSF_29,CAGCTAAGTACGCTGC-1,-0.29997119987097626
CXCR3+,MS,CSF_29,CATATTCCATGCAACT-1,-0.29997119987097626
CXCR3-,MS,CSF_29,CATCCACCAGGTTTCA-1,-0.29997119987097626
CXCR3-,MS,CSF_29,CATCCACTCGGCCGAT-1,-0.29997119987097626
CXCR3+,MS,CSF_29,CATCGAATCTGCGACG-1,0.49347314097327144
CXCR3-,MS,CSF_29,CATCGGGCAGCCTTTC-1,-0.29997119987097626
CXCR3-,MS,CSF_29,CATGACAAGTGAATTG-1,0.11962430461316176
CXCR3-,MS,CSF_29,CATTCGCCAGACGCTC-1,-0.29997119987097626
CXCR3-,MS,CSF_29,CCATGTCGTTAAGGGC-1,-0.29997119987097626
CXCR3+,MS,CSF_29,CCGGGATTCATAAAGG-1,-0.062124696217715006
CXCR3-,MS,CSF_29,CCGTACTGTTGCGTTA-1,0.40445065597920615
CXCR3-,MS,CSF_29,CCGTACTTCAGGATCT-1,-0.16634865545229574
CXCR3-,MS,CSF_29,CCGTTCATCGTACCGG-1,-0.29997119987097626
CXCR3-,MS,CSF_29,CCTCAGTAGTGACATA-1,0.23084440419846844
CXCR3-,MS,CSF_29,CCTCTGACATTCGACA-1,-0.29997119987097626
CXCR3+,MS,CSF_29,CCTTCCCAGGTGTGGT-1,0.389400964403061
CXCR3-,MS,CSF_29,CGACCTTCAGCTTAAC-1,0.09387956802479114
CXCR3-,MS,CSF_29,CGACTTCCACGAAATA-1,-0.11300335372926673
CXCR3-,MS,CSF_29,CGAGAAGAGGACTGGT-1,0.42542962674954904
CXCR3+,MS,CSF_29,CGAGCACAGCCCAATT-1,-0.007585893110267
CXCR3-,MS,CSF_29,CGATCGGCAAACCTAC-1,-0.29997119987097626
CXCR3-,MS,CSF_29,CGATGGCGTCATGCAT-1,-0.29997119987097626
CXCR3-,MS,CSF_29,CGATGTAGTATCTGCA-1,0.34089633760265936
CXCR3-,MS,CSF_29,CGATGTAGTCTCACCT-1,0.02721686857771239
CXCR3+,MS,CSF_29,CGATTGACAGGACCCT-1,-0.11284774251245255
CXCR3-,MS,CSF_29,CGCCAAGAGAAGGGTA-1,-0.29997119987097626
CXCR3+,MS,CSF_29,CGCCAAGCACAAGTAA-1,-0.29997119987097626
CXCR3-,MS,CSF_29,CGCGTTTGTGTTAAGA-1,-0.04396853359397305
CXCR3-,MS,CSF_29,CGCTATCCAGCCTGTG-1,-0.011617865084217428
CXCR3-,MS,CSF_29,CGCTTCACATATGCTG-1,-0.29997119987097626
CXCR3-,MS,CSF_29,CGGACGTGTTCTCATT-1,-0.05169420791797078
CXCR3-,MS,CSF_29,CGGAGCTAGTCCGTAT-1,-0.29997119987097626
CXCR3-,MS,CSF_29,CGGCTAGGTCAAACTC-1,-0.29997119987097626
CXCR3-,MS,CSF_29,CGGCTAGTCCCGGATG-1,-0.29997119987097626
CXCR3+,MS,CSF_29,CGGTTAAGTAGATTAG-1,-0.29997119987097626
CXCR3-,MS,CSF_29,CGGTTAAGTCTAGTCA-1,-0.29997119987097626
CXCR3-,MS,CSF_29,CGTCCATGTAGCGTGA-1,-0.29997119987097626
CXCR3-,MS,CSF_29,CGTCTACGTCAACATC-1,0.16473456881151383
CXCR3-,MS,CSF_29,CTAAGACGTGCGGTAA-1,-0.0886903477015185
CXCR3-,MS,CSF_29,CTACACCAGCCCAACC-1,-0.08366638316663673
CXCR3-,MS,CSF_29,CTACGTCAGTACCGGA-1,-0.29997119987097626
CXCR3-,MS,CSF_29,CTAGTGATCTCTAAGG-1,-0.29997119987097626
CXCR3-,MS,CSF_29,CTCATTATCATTTGGG-1,-0.29997119987097626
CXCR3-,MS,CSF_29,CTCATTATCCAAAGTC-1,-0.29997119987097626
CXCR3-,MS,CSF_29,CTCGGAGCAAACAACA-1,-0.1443569187798311
CXCR3+,MS,CSF_29,CTCGTACCAGTCGATT-1,-0.29997119987097626
CXCR3-,MS,CSF_29,CTCGTACGTCGAATCT-1,-0.29997119987097626
CXCR3-,MS,CSF_29,CTCTACGTCAACACCA-1,0.03319011116054254
CXCR3+,MS,CSF_29,CTCTACGTCCAAACAC-1,-0.29997119987097626
CXCR3-,MS,CSF_29,CTGAAACCAAACAACA-1,0.10055592033831406
CXCR3+,MS,CSF_29,CTGAAGTAGCTTTGGT-1,-0.29997119987097626
CXCR3-,MS,CSF_29,CTGATCCCACCAGTTA-1,-0.29997119987097626
CXCR3-,MS,CSF_29,CTGCTGTTCCCAAGAT-1,-0.29997119987097626
CXCR3-,MS,CSF_29,CTTAACTAGTTAGCGG-1,0.12294910315213405
CXCR3+,MS,CSF_29,CTTACCGGTCCAACTA-1,-0.29997119987097626
CXCR3-,MS,CSF_29,CTTCTCTCAAGAAGAG-1-1,-0.04975271583152783
CXCR3-,MS,CSF_29,CTTGGCTTCAGCAACT-1,-0.29997119987097626
CXCR3-,MS,CSF_29,GAACATCTCTCTAGGA-1,-0.29997119987097626
CXCR3-,MS,CSF_29,GAACCTAGTCTGCAAT-1,-0.03593297648239258
CXCR3-,MS,CSF_29,GAAGCAGAGAGCTGCA-1,0.1590320974181923
CXCR3-,MS,CSF_29,GAATGAAGTACGCTGC-1,-0.29997119987097626
CXCR3+,MS,CSF_29,GACGCGTGTTGGGACA-1,-0.29997119987097626
CXCR3-,MS,CSF_29,GACGGCTTCTCAAGTG-1,-0.29997119987097626
CXCR3-,MS,CSF_29,GACTAACAGGACTGGT-1,-0.29997119987097626
CXCR3-,MS,CSF_29,GAGCAGAGTTCCCTTG-1,-0.29997119987097626
CXCR3-,MS,CSF_29,GATCAGTGTACGACCC-1,-0.29997119987097626
CXCR3-,MS,CSF_29,GATCGATGTAAGGATT-1,-0.29997119987097626
CXCR3-,MS,CSF_29,GATCTAGTCGCGCCAA-1,0.16704412293197982
CXCR3-,MS,CSF_29,GCAATCAGTCCCTTGT-1,0.08939173066509738
CXCR3-,MS,CSF_29,GCACATAGTCGTGGCT-1,0.013858700095133823
CXCR3-,MS,CSF_29,GCAGTTAGTGTGACCC-1,-0.29997119987097626
CXCR3-,MS,CSF_29,GCATGATCATACTACG-1,0.22073208808833794
CXCR3-,MS,CSF_29,GCATGATGTTCCGGCA-1,-0.29997119987097626
CXCR3-,MS,CSF_29,GCGACCACAGCTGCTG-1,0.08380751440549634
CXCR3-,MS,CSF_29,GCGCCAAAGTGGTAGC-1,-0.29997119987097626
CXCR3-,MS,CSF_29,GCGGGTTCATGTCCTC-1,-0.08993400450187188
CXCR3-,MS,CSF_29,GCTCCTAAGCAGACTG-1,0.888370498139624
CXCR3-,MS,CSF_29,GCTCCTACAATGTAAG-1,-0.29997119987097626
CXCR3-,MS,CSF_29,GCTCTGTGTACAGTGG-1,0.6015734958696991
CXCR3+,MS,CSF_29,GCTGCAGAGTTTAGGA-1,-0.29997119987097626
CXCR3+,MS,CSF_29,GCTGCAGTCCTTAATC-1,-0.29997119987097626
CXCR3+,MS,CSF_29,GCTGCGAGTGCTTCTC-1,-0.29997119987097626
CXCR3-,MS,CSF_29,GCTGCGATCTTCGGTC-1,0.1986995368704977
CXCR3-,MS,CSF_29,GCTGGGTGTGTAAGTA-1,-0.29997119987097626
CXCR3-,MS,CSF_29,GGAACTTCAGTGGAGT-1,-0.29997119987097626
CXCR3-,MS,CSF_29,GGACAAGTCTTGGGTA-1,-0.15013439906071355
CXCR3+,MS,CSF_29,GGCAATTAGCCTATGT-1,0.3490707071520199
CXCR3+,MS,CSF_29,GGCAATTTCAGGCCCA-1,0.06956797775035774
CXCR3-,MS,CSF_29,GGCCGATAGTATCTCG-1,-0.10867189112928008
CXCR3+,MS,CSF_29,GGCCGATCAAATTGCC-1,0.49424211926590067
CXCR3-,MS,CSF_29,GGCCGATCAGTCGATT-1,0.1773098561649791
CXCR3-,MS,CSF_29,GGCGACTAGGCTCTTA-1,-0.29997119987097626
CXCR3-,MS,CSF_29,GGCGACTAGTGAATTG-1,0.04483294803688514
CXCR3-,MS,CSF_29,GGGAGATTCCCAAGTA-1,0.15369078224908278
CXCR3-,MS,CSF_29,GGGTCTGGTAAATGTG-1,-0.29997119987097626
CXCR3+,MS,CSF_29,GGTGCGTAGAGGGATA-1,1.2315727463320294
CXCR3-,MS,CSF_29,GGTGCGTAGGTCATCT-1,-0.10042006881348524
CXCR3-,MS,CSF_29,GTAACTGCAGTACACT-1,-0.09378646919276809
CXCR3-,MS,CSF_29,GTACTTTGTTGGTAAA-1,-0.29997119987097626
CXCR3-,MS,CSF_29,GTACTTTTCGAGAGCA-1,-0.0927944624649389
CXCR3-,MS,CSF_29,GTATTCTAGAAACCTA-1,-0.29997119987097626
CXCR3-,MS,CSF_29,GTCACAAAGTCACGCC-1,-0.29997119987097626
CXCR3-,MS,CSF_29,GTCTCGTAGAAGAAGC-1,-0.29997119987097626
CXCR3-,MS,CSF_29,GTCTTCGAGCAGATCG-1,-0.29997119987097626
CXCR3-,MS,CSF_29,GTGCTTCGTCCGAATT-1,0.06431378320524736
CXCR3-,MS,CSF_29,GTGCTTCTCGGCGGTT-1,-0.29997119987097626
CXCR3-,MS,CSF_29,GTGTGCGAGTACTTGC-1,-0.29997119987097626
CXCR3-,MS,CSF_29,GTGTTAGGTCAGAAGC-1,-0.29997119987097626
CXCR3-,MS,CSF_29,GTGTTAGTCCTGCCAT-1,0.8167868216816434
CXCR3-,MS,CSF_29,GTTAAGCGTCTGATCA-1,-0.29997119987097626
CXCR3-,MS,CSF_29,GTTACAGGTCATCCCT-1,0.4625888179659145
CXCR3-,MS,CSF_29,GTTCATTGTTCCATGA-1,0.05625924357849166
CXCR3-,MS,CSF_29,TAAGCGTAGAGACTAT-1,-0.29997119987097626
CXCR3-,MS,CSF_29,TACACGACAAGCTGTT-1,-0.29997119987097626
CXCR3-,MS,CSF_29,TACACGAGTTGTCGCG-1,-0.14480865454673467
CXCR3-,MS,CSF_29,TACCTATCAACGATGG-1,0.6311213919890158
CXCR3-,MS,CSF_29,TACGGATTCAAGAAGT-1,-0.29997119987097626
CXCR3+,MS,CSF_29,TACGGGCTCGTCGTTC-1,-0.059038674444054584
CXCR3-,MS,CSF_29,TAGAGCTCACCCATTC-1,0.13641201032798947
CXCR3-,MS,CSF_29,TAGTGGTAGCACAGGT-1,-0.29997119987097626
CXCR3+,MS,CSF_29,TAGTTGGCACATTTCT-1,0.09132404113018859
CXCR3-,MS,CSF_29,TATCAGGAGCTGTCTA-1,-0.29997119987097626
CXCR3+,MS,CSF_29,TCACAAGGTCATTAGC-1,0.05820833832107773
CXCR3-,MS,CSF_29,TCACGAACACTGTGTA-1,-0.29997119987097626
CXCR3-,MS,CSF_29,TCAGCAACACCAGGCT-1,-0.29997119987097626
CXCR3-,MS,CSF_29,TCAGCAACACTGCCAG-1,-0.29997119987097626
CXCR3-,MS,CSF_29,TCAGCTCTCTTGCATT-1,0.03809776011517006
CXCR3+,MS,CSF_29,TCATTACAGGTGCAAC-1,-0.29997119987097626
CXCR3-,MS,CSF_29,TCGGGACCACAAGACG-1,0.6346528585574792
CXCR3-,MS,CSF_29,TCGTAGACATTCACTT-1,-0.048515848365990245
CXCR3+,MS,CSF_29,TCTCTAACAATGAAAC-1,-0.1833875400306626
CXCR3-,MS,CSF_29,TCTGAGATCAACCAAC-1,-0.29997119987097626
CXCR3-,MS,CSF_29,TCTGGAAAGGGAAACA-1,0.5273627606733088
CXCR3+,MS,CSF_29,TCTTTCCAGCCGTCGT-1,-0.14017730833742237
CXCR3-,MS,CSF_29,TGACGGCAGTCTCCTC-1,0.027534265689838903
CXCR3-,MS,CSF_29,TGACGGCAGTGCGATG-1,-0.29997119987097626
CXCR3-,MS,CSF_29,TGACGGCTCCGCGGTA-1,0.12734349516419202
CXCR3+,MS,CSF_29,TGACTAGAGCTGATAA-1,-0.29997119987097626
CXCR3-,MS,CSF_29,TGACTTTCACCTCGGA-1,-0.29997119987097626
CXCR3-,MS,CSF_29,TGAGCATTCCAACCAA-1,-0.29997119987097626
CXCR3-,MS,CSF_29,TGAGGGAGTATTCGTG-1,-0.29997119987097626
CXCR3-,MS,CSF_29,TGATTTCTCCTCAATT-1,-0.29997119987097626
CXCR3-,MS,CSF_29,TGCACCTCACGCGAAA-1,-0.09433889411135861
CXCR3-,MS,CSF_29,TGCCAAATCAACCATG-1,-0.050833946690851214
CXCR3-,MS,CSF_29,TGCGCAGAGCCTATGT-1,-0.29997119987097626
CXCR3+,MS,CSF_29,TGCGCAGGTAGCTAAA-1,-0.29997119987097626
CXCR3-,MS,CSF_29,TGCTACCTCGTAGGAG-1,-0.29997119987097626
CXCR3-,MS,CSF_29,TGCTGCTAGACTACAA-1,-0.29997119987097626
CXCR3+,MS,CSF_29,TGCTGCTGTCTCGTTC-1,-0.29997119987097626
CXCR3-,MS,CSF_29,TGGGAAGGTAAATACG-1,-0.08338523645837626
CXCR3-,MS,CSF_29,TGGGAAGTCGTGACAT-1,-0.29997119987097626
CXCR3-,MS,CSF_29,TGGGCGTGTATAAACG-1,-0.29997119987097626
CXCR3-,MS,CSF_29,TGGTTCCTCACGAAGG-1,-0.29997119987097626
CXCR3-,MS,CSF_29,TGTATTCAGTGCGATG-1,-0.29997119987097626
CXCR3-,MS,CSF_29,TGTATTCCAACACGCC-1,0.10001643329964002
CXCR3-,MS,CSF_29,TGTCCCATCACTCTTA-1,0.08343983421274358
CXCR3-,MS,CSF_29,TGTGGTACATTAGGCT-1,-0.29997119987097626
CXCR3-,MS,CSF_29,TTAGTTCAGCTAGTGG-1,-0.29997119987097626
CXCR3-,MS,CSF_29,TTATGCTCATGAACCT-1,-0.29997119987097626
CXCR3-,MS,CSF_29,TTCGAAGCAGAAGCAC-1,-0.29997119987097626
CXCR3-,MS,CSF_29,TTCTCAACATGACGGA-1,0.06384300248446591
CXCR3+,MS,CSF_29,TTGACTTGTAGCTCCG-1,0.02616416038796508
CXCR3-,MS,CSF_29,TTGCCGTGTACAAGTA-1,-0.29997119987097626
CXCR3-,MS,CSF_29,TTTCCTCAGTTCCACA-1,0.331149065629437
CXCR3+,MS,CSF_29,TTTGTCATCTACCAGA-1,-0.1021779975600247
CXCR3-,MS,CSF_31,AAACCTGCACAAGACG-1,0.09458809552934368
CXCR3-,MS,CSF_31,AAACCTGCATGAACCT-1,-0.07053981555681564
CXCR3+,MS,CSF_31,AAACCTGTCTGTCTAT-1,-0.16086318802856928
CXCR3+,MS,CSF_31,AAACGGGCATGGTAGG-1,0.0554279892152005
CXCR3-,MS,CSF_31,AAACGGGTCCCTCTTT-1,-0.06767596814237609
CXCR3-,MS,CSF_31,AAAGATGGTGAGCGAT-1,0.8506604297635336
CXCR3+,MS,CSF_31,AAAGATGTCGCCTGTT-1,0.11411873594739766
CXCR3+,MS,CSF_31,AAAGCAACATTTGCTT-1,-0.1266830340010205
CXCR3-,MS,CSF_31,AAAGCAATCGGAAACG-1,-0.10953602370258465
CXCR3-,MS,CSF_31,AAAGTAGAGCCCAACC-1,-0.11007389761316931
CXCR3+,MS,CSF_31,AAAGTAGAGGGTATCG-1,-0.1099449169025395
CXCR3-,MS,CSF_31,AAAGTAGCACCACGTG-1,0.05090667507321293
CXCR3-,MS,CSF_31,AAAGTAGTCACCGGGT-1,-0.29997119987097626
CXCR3-,MS,CSF_31,AAAGTAGTCATTGCGA-1,0.2854407509399524
CXCR3+,MS,CSF_31,AAATGCCGTCCGAAGA-1,0.2786167376334579
CXCR3+,MS,CSF_31,AACACGTCATCTACGA-1,-0.10044829131112953
CXCR3-,MS,CSF_31,AACCATGGTCTTGATG-1,0.08142136784347051
CXCR3+,MS,CSF_31,AACCATGGTTCATGGT-1,0.49071994208276054
CXCR3-,MS,CSF_31,AACCATGTCTAACCGA-1,0.23540261831813855
CXCR3+,MS,CSF_31,AACCGCGCAGTCCTTC-1,0.011464924738988826
CXCR3+,MS,CSF_31,AACGTTGTCCAATGGT-1,0.11274510234363586
CXCR3+,MS,CSF_31,AACTCAGGTCGGCATC-1,-0.13947896955937011
CXCR3-,MS,CSF_31,AACTCTTAGACAATAC-1,-0.08904191248551505
CXCR3-,MS,CSF_31,AACTCTTAGCTGATAA-1,0.24643275537339643
CXCR3-,MS,CSF_31,AACTCTTAGGATGGAA-1,0.6864551914091084
CXCR3+,MS,CSF_31,AACTCTTAGGCTACGA-1,-0.15431702132065167
CXCR3+,MS,CSF_31,AACTCTTCATCCAACA-1,-0.011719137395130166
CXCR3+,MS,CSF_31,AACTCTTGTACCGTAT-1,0.9323021686454295
CXCR3-,MS,CSF_31,AACTGGTAGCGCTTAT-1,-0.29997119987097626
CXCR3+,MS,CSF_31,AACTGGTCATGCAATC-1,-0.29997119987097626
CXCR3+,MS,CSF_31,AACTTTCAGTGTGGCA-1,0.17173817572298425
CXCR3+,MS,CSF_31,AACTTTCTCAACACTG-1,0.8615098015778376
CXCR3+,MS,CSF_31,AAGACCTCACCATCCT-1,0.09499214956094142
CXCR3+,MS,CSF_31,AAGACCTTCCATGCTC-1,0.02343375357678628
CXCR3+,MS,CSF_31,AAGGAGCGTAAACGCG-1,-0.29997119987097626
CXCR3+,MS,CSF_31,AAGGAGCGTGTATGGG-1,0.4055773923514033
CXCR3-,MS,CSF_31,AAGGCAGTCGTTACGA-1,-0.29997119987097626
CXCR3-,MS,CSF_31,AAGGTTCCAATCGAAA-1,-0.17618527414951318
CXCR3-,MS,CSF_31,AAGTCTGCACACCGCA-1,-0.003946699034957606
CXCR3-,MS,CSF_31,AAGTCTGTCAGCATGT-1,0.5278948999099514
CXCR3-,MS,CSF_31,AATCCAGCACATTAGC-1,0.43765290938567775
CXCR3-,MS,CSF_31,AATCCAGTCCCTCTTT-1,0.638486518745279
CXCR3-,MS,CSF_31,AATCGGTAGGTCATCT-1,0.14980198583071722
CXCR3-,MS,CSF_31,AATCGGTGTGCAGACA-1,0.06304234220757622
CXCR3-,MS,CSF_31,ACACCAACATTACCTT-1,0.07572413473479152
CXCR3+,MS,CSF_31,ACACTGAAGTACGACG-1,0.7128930374911485
CXCR3-,MS,CSF_31,ACACTGAGTTGCGCAC-1,0.0329735953600278
CXCR3+,MS,CSF_31,ACAGCCGAGCTCCCAG-1,-0.170329246531999
CXCR3-,MS,CSF_31,ACAGCCGGTCTAGTGT-1,0.14504961591769602
CXCR3-,MS,CSF_31,ACAGCCGTCTGTCCGT-1,-0.29997119987097626
CXCR3+,MS,CSF_31,ACAGCTAAGTTCCACA-1,0.1643183230108432
CXCR3-,MS,CSF_31,ACAGCTATCGGATGGA-1,0.13721574235974457
CXCR3+,MS,CSF_31,ACATACGCATACTCTT-1,0.1547903361305236
CXCR3+,MS,CSF_31,ACCAGTAAGACCACGA-1,-0.29997119987097626
CXCR3+,MS,CSF_31,ACCAGTAAGAGCTTCT-1,0.11470056958548372
CXCR3+,MS,CSF_31,ACCCACTAGGCTAGCA-1,0.09077547805117424
CXCR3-,MS,CSF_31,ACCCACTCACGTCAGC-1,-0.18509351975210864
CXCR3-,MS,CSF_31,ACCCACTGTCTCTCTG-1,-0.29997119987097626
CXCR3-,MS,CSF_31,ACCGTAACAGCTGCTG-1,0.8883584595418176
CXCR3+,MS,CSF_31,ACGAGCCAGATGAGAG-1,0.8279287335983564
CXCR3+,MS,CSF_31,ACGAGCCAGTATGACA-1,0.14766038323459543
CXCR3+,MS,CSF_31,ACGAGCCGTTAAAGAC-1,0.4405592860556688
CXCR3+,MS,CSF_31,ACGAGCCTCCTAGGGC-1,0.2926831571475116
CXCR3+,MS,CSF_31,ACGAGGACAATTCCTT-1,0.5381379700598469
CXCR3+,MS,CSF_31,ACGAGGACAGCTTCGG-1,-0.03474479961022612
CXCR3+,MS,CSF_31,ACGATGTTCAGCAACT-1,0.07245923652919518
CXCR3+,MS,CSF_31,ACGCAGCAGAGAACAG-1,0.18151173604505463
CXCR3-,MS,CSF_31,ACGCAGCAGCCAGTTT-1,0.5386545510648135
CXCR3+,MS,CSF_31,ACGCAGCAGGGATCTG-1,0.8412497394595653
CXCR3-,MS,CSF_31,ACGCCAGAGAAACGAG-1,-0.09436678803986179
CXCR3+,MS,CSF_31,ACGCCAGAGCATCATC-1,0.6807415339368058
CXCR3+,MS,CSF_31,ACGCCAGAGTCGTACT-1,0.044044275736982455
CXCR3+,MS,CSF_31,ACGCCAGCACTGAAGG-1,0.0008410932857191458
CXCR3+,MS,CSF_31,ACGCCAGCATTGAGCT-1,-0.12845603806540212
CXCR3+,MS,CSF_31,ACGCCAGGTCGGATCC-1,0.29516179839328477
CXCR3+,MS,CSF_31,ACGCCGACACATAACC-1,-0.13350607165398148
CXCR3+,MS,CSF_31,ACGGCCAGTTTGTGTG-1,-0.29997119987097626
CXCR3+,MS,CSF_31,ACGGGCTAGAGACTTA-1,-0.14991229709935053
CXCR3+,MS,CSF_31,ACGGGCTTCAGTTAGC-1,0.13695430824124658
CXCR3-,MS,CSF_31,ACGGGTCGTACCAGTT-1,0.39324073409533644
CXCR3+,MS,CSF_31,ACGGGTCGTCCAGTAT-1,-0.18730992643411884
CXCR3-,MS,CSF_31,ACGGGTCGTCCGTCAG-1,0.398989970276851
CXCR3-,MS,CSF_31,ACGGGTCGTCGAGATG-1,0.3788760938693016
CXCR3-,MS,CSF_31,ACGGGTCTCTATCGCC-1,-0.29997119987097626
CXCR3-,MS,CSF_31,ACGTCAACAATCTACG-1,0.36080220402283697
CXCR3+,MS,CSF_31,ACTATCTTCGAGGTAG-1,-0.06544141492478935
CXCR3+,MS,CSF_31,ACTGAACAGCTAACAA-1,0.16293605158732435
CXCR3+,MS,CSF_31,ACTGAACCACATCCGG-1,-0.029521425116445642
CXCR3-,MS,CSF_31,ACTGAGTGTAGCGTAG-1,0.05742919637133682
CXCR3-,MS,CSF_31,ACTGATGCAGTCACTA-1,0.27413258377138744
CXCR3+,MS,CSF_31,ACTGATGCAGTGACAG-1,-0.29997119987097626
CXCR3+,MS,CSF_31,ACTGCTCGTGTTAAGA-1,0.42192129190932376
CXCR3+,MS,CSF_31,ACTGCTCTCAATCTCT-1,0.011882056144974966
CXCR3+,MS,CSF_31,ACTTACTAGATATACG-1,0.09511911547052805
CXCR3-,MS,CSF_31,ACTTACTCAGTACACT-1,0.03731487673895008
CXCR3+,MS,CSF_31,ACTTACTTCAGAGCTT-1,0.4982626026344489
CXCR3-,MS,CSF_31,ACTTGTTTCCGCGTTT-1,0.2013033330957084
CXCR3+,MS,CSF_31,AGAATAGGTGCCTGGT-1,0.4768552144867218
CXCR3+,MS,CSF_31,AGACGTTGTAGAGTGC-1,-0.29997119987097626
CXCR3+,MS,CSF_31,AGAGCTTGTGCGCTTG-1,-0.29997119987097626
CXCR3-,MS,CSF_31,AGAGTGGAGCCAGTTT-1,-0.08159811281341077
CXCR3-,MS,CSF_31,AGATCTGCATTACGAC-1,0.5579513554880569
CXCR3-,MS,CSF_31,AGATTGCAGCAGCCTC-1,0.13204606986241949
CXCR3+,MS,CSF_31,AGCAGCCAGGAGTTTA-1,-0.18358263640584363
CXCR3+,MS,CSF_31,AGCAGCCCAGCTGTTA-1,0.12782152595593727
CXCR3-,MS,CSF_31,AGCAGCCTCTCGAGTA-1,-0.07605865696367546
CXCR3+,MS,CSF_31,AGCGTATGTAGCTAAA-1,0.23523145843580262
CXCR3-,MS,CSF_31,AGCGTATGTTATCACG-1,-0.29997119987097626
CXCR3+,MS,CSF_31,AGCGTCGCAAGCCGCT-1,0.22652592713084574
CXCR3-,MS,CSF_31,AGCTCCTGTATCGCAT-1,0.20386952206955325
CXCR3+,MS,CSF_31,AGCTCTCAGTTGTAGA-1,-0.02641263885488946
CXCR3+,MS,CSF_31,AGCTCTCCAAAGCAAT-1,0.527582227193632
CXCR3-,MS,CSF_31,AGCTCTCCATCAGTCA-1,0.025308397988283136
CXCR3+,MS,CSF_31,AGGCCACGTTCCACAA-1,0.36775385054792376
CXCR3+,MS,CSF_31,AGGCCACTCTTCTGGC-1,0.7962621422416004
CXCR3+,MS,CSF_31,AGGGATGCAACTGGCC-1,-0.29997119987097626
CXCR3+,MS,CSF_31,AGGGATGCAGCTATTG-1,-0.29997119987097626
CXCR3-,MS,CSF_31,AGGGTGAGTTTAGCTG-1,0.8670297294825716
CXCR3-,MS,CSF_31,AGGTCATAGGGCTTCC-1,-0.12998236128477283
CXCR3+,MS,CSF_31,AGGTCCGGTAGCGATG-1,0.003125600311367327
CXCR3+,MS,CSF_31,AGGTCCGGTTGTGGAG-1,0.2683681814501376
CXCR3+,MS,CSF_31,AGGTCCGTCTTGAGGT-1,-0.033857077349802
CXCR3-,MS,CSF_31,AGTGAGGCAAGCTGAG-1,-0.07242911491498642
CXCR3-,MS,CSF_31,AGTGAGGCACTGCCAG-1,-0.11590228874835572
CXCR3+,MS,CSF_31,AGTGAGGGTGCACTTA-1,0.3869088810128948
CXCR3-,MS,CSF_31,AGTGTCATCTTCGGTC-1,0.0878349569037387
CXCR3-,MS,CSF_31,AGTTGGTAGATCTGCT-1,0.07088841197596664
CXCR3+,MS,CSF_31,AGTTGGTCACCGAATT-1,-0.15403519374879296
CXCR3+,MS,CSF_31,ATAACGCCAGCATACT-1,0.14430223357845098
CXCR3-,MS,CSF_31,ATAAGAGTCCGCAGTG-1,-0.29997119987097626
CXCR3-,MS,CSF_31,ATAGACCAGGGATGGG-1,-0.17189484505165195
CXCR3-,MS,CSF_31,ATAGACCCACCTTGTC-1,0.11629773353327189
CXCR3+,MS,CSF_31,ATCACGAGTGATGATA-1,0.4010499626965001
CXCR3+,MS,CSF_31,ATCATCTAGCGATAGC-1,0.513276067920489
CXCR3+,MS,CSF_31,ATCATCTAGGGAACGG-1,-0.07112277438199088
CXCR3-,MS,CSF_31,ATCATCTCACTCTGTC-1,-0.06783705984363628
CXCR3+,MS,CSF_31,ATCATCTGTGGTTTCA-1,-0.046759290983595284
CXCR3+,MS,CSF_31,ATCATGGCACCTTGTC-1,0.08989700683210768
CXCR3+,MS,CSF_31,ATCATGGGTTACGTCA-1,0.2710252498289993
CXCR3-,MS,CSF_31,ATCATGGTCACAACGT-1,-0.01687713568493802
CXCR3+,MS,CSF_31,ATCCACCCAATGAAAC-1,-0.29997119987097626
CXCR3+,MS,CSF_31,ATCCACCGTTCAGCGC-1,-0.1491737068350034
CXCR3-,MS,CSF_31,ATCCGAAAGCGCTCCA-1,-0.17597178876969974
CXCR3+,MS,CSF_31,ATCCGAACAAGGACTG-1,0.22250315268695672
CXCR3+,MS,CSF_31,ATCGAGTAGTAAGTAC-1,0.08672030908029747
CXCR3-,MS,CSF_31,ATCTACTTCTGCGTAA-1,-0.07151143734880173
CXCR3+,MS,CSF_31,ATGAGGGAGCTTATCG-1,-0.11559809156330458
CXCR3-,MS,CSF_31,ATGCGATGTGACGCCT-1,0.5385346561500473
CXCR3-,MS,CSF_31,ATGCGATTCCCAACGG-1,0.12845339589890825
CXCR3+,MS,CSF_31,ATGGGAGGTACAAGTA-1,-0.29997119987097626
CXCR3-,MS,CSF_31,ATGTGTGCAGGTGCCT-1,-0.012080649710113677
CXCR3+,MS,CSF_31,ATTACTCAGGCACATG-1,0.02633152344316649
CXCR3+,MS,CSF_31,ATTACTCAGGCGACAT-1,-0.0774068283698316
CXCR3+,MS,CSF_31,ATTATCCTCCTTTCTC-1,0.30897554790763343
CXCR3+,MS,CSF_31,ATTCTACAGGATGCGT-1,0.46110724027263317
CXCR3-,MS,CSF_31,ATTGGACTCTTGCAAG-1,-0.29997119987097626
CXCR3+,MS,CSF_31,ATTTCTGGTAAATACG-1,-0.11586234488501933
CXCR3+,MS,CSF_31,ATTTCTGGTTATCACG-1,-0.1757932416230581
CXCR3-,MS,CSF_31,CAACCAAAGGACGAAA-1,0.25638269756513593
CXCR3+,MS,CSF_31,CAACCTCCACGGCGTT-1,0.15192110399916395
CXCR3-,MS,CSF_31,CAACCTCCATTTGCCC-1,0.37384466794584575
CXCR3+,MS,CSF_31,CAACCTCTCGGCGCTA-1,-0.14291258908408694
CXCR3-,MS,CSF_31,CAACCTCTCTGCGTAA-1,-0.29997119987097626
CXCR3+,MS,CSF_31,CAACTAGGTAATTGGA-1,-0.11330418324166976
CXCR3-,MS,CSF_31,CAAGAAAAGAGTACCG-1,-0.0532700928415295
CXCR3+,MS,CSF_31,CAAGATCTCCCTGACT-1,0.09215980240303501
CXCR3+,MS,CSF_31,CAAGGCCGTCACCCAG-1,-0.13821420074916205
CXCR3-,MS,CSF_31,CAAGGCCGTCTTGCGG-1,-0.06439419094668924
CXCR3+,MS,CSF_31,CAAGTTGAGGATGCGT-1,-0.080385157776284
CXCR3-,MS,CSF_31,CAAGTTGTCGCATGGC-1,0.2120910306474322
CXCR3+,MS,CSF_31,CACACAACATGCTAGT-1,-0.29997119987097626
CXCR3+,MS,CSF_31,CACACTCAGCCCAATT-1,0.16368401775438504
CXCR3-,MS,CSF_31,CACACTCCAGATAATG-1,0.6798350793048767
CXCR3-,MS,CSF_31,CACACTCCAGCTTAAC-1,0.3379142403981242
CXCR3+,MS,CSF_31,CACACTCGTGCTCTTC-1,-0.14458805491217613
CXCR3+,MS,CSF_31,CACAGGCAGTGGTAAT-1,-0.11597337376600307
CXCR3-,MS,CSF_31,CACAGTATCATAGCAC-1,-0.29997119987097626
CXCR3-,MS,CSF_31,CACATAGTCACGCGGT-1,-0.29997119987097626
CXCR3-,MS,CSF_31,CACATTTCACGTGAGA-1,-0.29997119987097626
CXCR3+,MS,CSF_31,CACATTTTCGGAGCAA-1,0.06672376229878438
CXCR3+,MS,CSF_31,CACATTTTCTAAGCCA-1,0.6279839500591841
CXCR3+,MS,CSF_31,CACATTTTCTATCGCC-1,-0.29997119987097626
CXCR3-,MS,CSF_31,CACCACTGTAAAGGAG-1,0.053555928558276324
CXCR3+,MS,CSF_31,CACCACTGTCGCGAAA-1,0.831712715895671
CXCR3-,MS,CSF_31,CACCACTTCATTATCC-1,-0.29997119987097626
CXCR3+,MS,CSF_31,CACCAGGTCACTTATC-1,0.16924204283962133
CXCR3+,MS,CSF_31,CACCTTGGTAACGTTC-1,0.11241534476318152
CXCR3+,MS,CSF_31,CACTCCAAGTGCAAGC-1,-0.29997119987097626
CXCR3-,MS,CSF_31,CAGAATCTCTTCTGGC-1,-0.026833361809346055
CXCR3+,MS,CSF_31,CAGATCAGTCTAGGTT-1,-0.29997119987097626
CXCR3+,MS,CSF_31,CAGATCATCGGACAAG-1,0.3212746539187159
CXCR3+,MS,CSF_31,CAGCATAAGTCGTACT-1,-0.14036543950938432
CXCR3+,MS,CSF_31,CAGGTGCCAACACCCG-1,0.4448752432714479
CXCR3-,MS,CSF_31,CAGGTGCCAAGGACTG-1,0.46381160473174887
CXCR3+,MS,CSF_31,CATATGGAGACTAGGC-1,-0.29997119987097626
CXCR3-,MS,CSF_31,CATATGGAGGAACTGC-1,-0.29997119987097626
CXCR3-,MS,CSF_31,CATATGGAGGTGCTAG-1,-0.29997119987097626
CXCR3-,MS,CSF_31,CATATGGCACAGATTC-1,-0.05442998526229197
CXCR3-,MS,CSF_31,CATATGGGTCTAGGTT-1,0.9581786875295737
CXCR3+,MS,CSF_31,CATATGGTCGTTTAGG-1,0.1559798519486495
CXCR3+,MS,CSF_31,CATCAAGAGCTAAACA-1,0.11858840832362724
CXCR3+,MS,CSF_31,CATCAAGGTGCTAGCC-1,-0.1697345464684737
CXCR3+,MS,CSF_31,CATCAGAAGTTAGGTA-1,-0.29997119987097626
CXCR3+,MS,CSF_31,CATCAGATCACCCTCA-1,0.020179340927158323
CXCR3+,MS,CSF_31,CATCAGATCTTTCCTC-1,0.695836602625235
CXCR3-,MS,CSF_31,CATCCACCACGACGAA-1,-0.03246459005801882
CXCR3+,MS,CSF_31,CATCGAAGTCTAGCGC-1,0.1511391014907759
CXCR3+,MS,CSF_31,CATCGAATCATGTCTT-1,0.747022712647044
CXCR3+,MS,CSF_31,CATGACATCCTCAACC-1,-0.11387590840579084
CXCR3+,MS,CSF_31,CATGCCTAGGTAAACT-1,0.7240949087208588
CXCR3+,MS,CSF_31,CATGGCGCAAGCTGTT-1,-0.06760223986083239
CXCR3-,MS,CSF_31,CATGGCGTCCACTCCA-1,0.019264904513492116
CXCR3+,MS,CSF_31,CATTATCAGTCCGTAT-1,0.08512226472314781
CXCR3+,MS,CSF_31,CATTCGCAGCTAACTC-1,0.6117137655770117
CXCR3+,MS,CSF_31,CATTCGCAGTGCAAGC-1,0.18351122113178214
CXCR3-,MS,CSF_31,CATTCGCTCCAGGGCT-1,0.3930575109212559
CXCR3-,MS,CSF_31,CCAATCCAGATGTAAC-1,-0.016075663338261877
CXCR3-,MS,CSF_31,CCACCTACAGAAGCAC-1,-0.29997119987097626
CXCR3+,MS,CSF_31,CCACCTATCCACTCCA-1,-0.29997119987097626
CXCR3+,MS,CSF_31,CCACTACAGCGGATCA-1,-0.29997119987097626
CXCR3+,MS,CSF_31,CCAGCGACAAACGCGA-1,0.1297967187664266
CXCR3-,MS,CSF_31,CCATGTCCAGGGCATA-1,-0.29997119987097626
CXCR3+,MS,CSF_31,CCATGTCGTATCGCAT-1,-0.29997119987097626
CXCR3+,MS,CSF_31,CCATGTCTCGTGGACC-1,-0.0640608061968144
CXCR3+,MS,CSF_31,CCCAGTTCACTTACGA-1,-0.005937756749073804
CXCR3+,MS,CSF_31,CCCAGTTGTTGAGGTG-1,-0.29997119987097626
CXCR3-,MS,CSF_31,CCGGGATCAAGTCTAC-1,-0.29997119987097626
CXCR3-,MS,CSF_31,CCGGGATCACCGAATT-1,-0.10019846287947982
CXCR3-,MS,CSF_31,CCGGGATTCTCGTATT-1,0.26876057462503244
CXCR3-,MS,CSF_31,CCGGGATTCTGATTCT-1,0.04980318923502279
CXCR3+,MS,CSF_31,CCGGTAGCACGGATAG-1,-0.29997119987097626
CXCR3+,MS,CSF_31,CCGTACTCACTGTGTA-1,0.06987578415111152
CXCR3-,MS,CSF_31,CCGTACTCAGCTCCGA-1,0.016530360377369942
CXCR3-,MS,CSF_31,CCGTACTCAGGATTGG-1,-0.14865293846381208
CXCR3+,MS,CSF_31,CCGTGGACAGCATACT-1,-0.10816464799159438
CXCR3+,MS,CSF_31,CCGTGGAGTCGGCACT-1,-0.29997119987097626
CXCR3+,MS,CSF_31,CCGTTCAAGAGTGACC-1,0.2893907524782308
CXCR3-,MS,CSF_31,CCTAAAGCATTTCACT-1,-0.29997119987097626
CXCR3-,MS,CSF_31,CCTAAAGGTTCGGGCT-1,0.1909968393506343
CXCR3+,MS,CSF_31,CCTACACCAGTGACAG-1,0.7472724355968536
CXCR3-,MS,CSF_31,CCTACACGTCGACTAT-1,0.21369290742298164
CXCR3-,MS,CSF_31,CCTACACTCTCCAACC-1,-0.29997119987097626
CXCR3+,MS,CSF_31,CCTAGCTAGCGCTTAT-1,0.3254643196705121
CXCR3+,MS,CSF_31,CCTATTACATACTACG-1,-0.29997119987097626
CXCR3+,MS,CSF_31,CCTATTAGTACTTCTT-1,0.36628931589998187
CXCR3+,MS,CSF_31,CCTCAGTGTCGGGTCT-1,0.060579862937386056
CXCR3-,MS,CSF_31,CCTTACGCACCAGTTA-1,-0.004032835687766578
CXCR3+,MS,CSF_31,CCTTACGCATCCCACT-1,0.18423775228087344
CXCR3-,MS,CSF_31,CCTTCCCAGATGAGAG-1,0.53560520982916
CXCR3-,MS,CSF_31,CCTTCCCAGTTGTAGA-1,-0.0021733694931426024
CXCR3-,MS,CSF_31,CCTTTCTTCTTCGGTC-1,0.807401231559151
CXCR3+,MS,CSF_31,CGAATGTCAGTGGAGT-1,0.08782429354814918
CXCR3-,MS,CSF_31,CGAATGTGTAAGCACG-1,0.06665938491677885
CXCR3-,MS,CSF_31,CGAATGTGTTGCGCAC-1,0.12861937520788944
CXCR3+,MS,CSF_31,CGAATGTTCGCGGATC-1,-0.29997119987097626
CXCR3-,MS,CSF_31,CGACCTTAGACCTTTG-1,0.25595732158371964
CXCR3+,MS,CSF_31,CGACCTTCAATCAGAA-1,0.4451469030691779
CXCR3-,MS,CSF_31,CGAGAAGAGAACAATC-1,0.07459803789081987
CXCR3-,MS,CSF_31,CGAGAAGCACAGACTT-1,0.017339886875029853
CXCR3+,MS,CSF_31,CGAGAAGGTATAATGG-1,0.4290884861014499
CXCR3-,MS,CSF_31,CGAGAAGTCTCTAAGG-1,-0.29997119987097626
CXCR3+,MS,CSF_31,CGAGCACCAGCTGGCT-1,-0.29997119987097626
CXCR3-,MS,CSF_31,CGAGCCACATCATCCC-1,0.9280348748246542
CXCR3-,MS,CSF_31,CGAGCCAGTCGAGATG-1,-0.18606586743608333
CXCR3+,MS,CSF_31,CGAGCCAGTCTACCTC-1,0.10713042868712917
CXCR3+,MS,CSF_31,CGAGCCAGTGAGGCTA-1,-0.29997119987097626
CXCR3-,MS,CSF_31,CGATGGCAGATGTAAC-1,0.10873930305181172
CXCR3+,MS,CSF_31,CGATGGCTCGTTTAGG-1,0.0354872987885575
CXCR3-,MS,CSF_31,CGATGTACAAGCTGAG-1,-0.29997119987097626
CXCR3-,MS,CSF_31,CGATTGAGTAGAGCTG-1,0.13692515260294608
CXCR3+,MS,CSF_31,CGCCAAGGTACACCGC-1,-0.19951426261339003
CXCR3-,MS,CSF_31,CGCCAAGGTCTGCGGT-1,-0.29997119987097626
CXCR3+,MS,CSF_31,CGCTATCTCAGCCTAA-1,0.2721141314809897
CXCR3+,MS,CSF_31,CGCTGGAAGGTGTTAA-1,0.5280990480812814
CXCR3-,MS,CSF_31,CGCTGGAGTCACACGC-1,-0.29997119987097626
CXCR3+,MS,CSF_31,CGCTGGAGTTAAGAAC-1,-0.13153786889156321
CXCR3-,MS,CSF_31,CGCTTCACAATCCGAT-1,-0.29997119987097626
CXCR3-,MS,CSF_31,CGCTTCATCACGGTTA-1,0.059301833339232495
CXCR3-,MS,CSF_31,CGGACGTAGAACTCGG-1,0.1474123859123637
CXCR3-,MS,CSF_31,CGGACGTGTGTTTGGT-1,-0.29997119987097626
CXCR3+,MS,CSF_31,CGGACTGAGATCTGCT-1,-0.12032583708552089
CXCR3+,MS,CSF_31,CGGACTGAGGGATACC-1,0.2059936646520615
CXCR3+,MS,CSF_31,CGGCTAGCATGAGCGA-1,0.7447275770922769
CXCR3-,MS,CSF_31,CGGCTAGGTCACTTCC-1,0.21818890637385732
CXCR3-,MS,CSF_31,CGGGTCAAGAGAACAG-1,0.10963618785262631
CXCR3+,MS,CSF_31,CGGGTCAAGCGTTGCC-1,0.31238394287771704
CXCR3+,MS,CSF_31,CGGGTCAGTTCACGGC-1,-0.0002096751664596124
CXCR3+,MS,CSF_31,CGGTTAAAGGACGAAA-1,0.4937788234799561
CXCR3-,MS,CSF_31,CGGTTAATCCGCGCAA-1,0.5156791100044935
CXCR3+,MS,CSF_31,CGTAGCGGTGACGGTA-1,0.4492408707763286
CXCR3-,MS,CSF_31,CGTAGCGGTTAGATGA-1,0.5138047923206784
CXCR3+,MS,CSF_31,CGTAGGCGTACCATCA-1,0.050185905752276376
CXCR3+,MS,CSF_31,CGTCACTAGATATGGT-1,-0.10219086300119781
CXCR3-,MS,CSF_31,CGTCACTAGCATGGCA-1,-0.12338415800721433
CXCR3+,MS,CSF_31,CGTCACTTCTTGAGGT-1,0.4570549491335174
CXCR3-,MS,CSF_31,CGTCAGGCAGCAGTTT-1,0.6823426642247749
CXCR3+,MS,CSF_31,CGTCAGGCAGGCTGAA-1,-0.29997119987097626
CXCR3+,MS,CSF_31,CGTCAGGGTTGGACCC-1,-0.29997119987097626
CXCR3-,MS,CSF_31,CGTCTACAGAAACGAG-1,-0.29997119987097626
CXCR3+,MS,CSF_31,CGTGAGCAGACGCACA-1,-0.29997119987097626
CXCR3-,MS,CSF_31,CGTGAGCCAACCGCCA-1,-0.09695782060809198
CXCR3+,MS,CSF_31,CGTGAGCCACGGTAAG-1,0.2848292481022559
CXCR3+,MS,CSF_31,CGTGAGCGTTCGAATC-1,0.9967745195132424
CXCR3-,MS,CSF_31,CGTGAGCTCCGGGTGT-1,0.7617352049217444
CXCR3+,MS,CSF_31,CGTGTAACAGAGCCAA-1,-0.1512652295100382
CXCR3-,MS,CSF_31,CGTGTCTTCGTTTATC-1,0.43589538916292964
CXCR3-,MS,CSF_31,CGTTAGACAGATTGCT-1,0.6076151331823676
CXCR3+,MS,CSF_31,CGTTAGAGTGCACTTA-1,0.06000324926238051
CXCR3-,MS,CSF_31,CGTTGGGGTCCGTCAG-1,0.4674976646272619
CXCR3+,MS,CSF_31,CTAAGACTCTACTCAT-1,-0.29997119987097626
CXCR3+,MS,CSF_31,CTAATGGGTAGAAAGG-1,0.11645517236875665
CXCR3-,MS,CSF_31,CTACCCAAGCCCAATT-1,1.1685210436635203
CXCR3+,MS,CSF_31,CTACCCAAGGGAAACA-1,-0.05575666991146293
CXCR3-,MS,CSF_31,CTACGTCAGAGATGAG-1,-0.29997119987097626
CXCR3-,MS,CSF_31,CTACGTCCACCGAAAG-1,0.46068745533619826
CXCR3-,MS,CSF_31,CTACGTCCAGGGTTAG-1,0.7507043289246047
CXCR3+,MS,CSF_31,CTAGAGTAGCCTCGTG-1,0.3795524604265844
CXCR3-,MS,CSF_31,CTAGAGTCATCCGGGT-1,-0.05375621988876127
CXCR3+,MS,CSF_31,CTAGCCTCATGTCTCC-1,1.0515344406993923
CXCR3+,MS,CSF_31,CTAGCCTGTTCAGACT-1,-0.29997119987097626
CXCR3+,MS,CSF_31,CTCACACCAAGCCATT-1,-0.29997119987097626
CXCR3+,MS,CSF_31,CTCACACTCCAGAGGA-1,0.08165952815593285
CXCR3+,MS,CSF_31,CTCAGAAAGATCACGG-1,0.09095615933007516
CXCR3+,MS,CSF_31,CTCATTACAGCTCGCA-1,-0.1391042173713016
CXCR3+,MS,CSF_31,CTCATTACATGGTTGT-1,0.004334430849139093
CXCR3+,MS,CSF_31,CTCATTAGTGATAAAC-1,-0.01553772234905737
CXCR3+,MS,CSF_31,CTCATTATCACAATGC-1,-0.29997119987097626
CXCR3+,MS,CSF_31,CTCCTAGAGAAGGCCT-1,-0.29997119987097626
CXCR3-,MS,CSF_31,CTCCTAGTCAACCAAC-1,-0.29997119987097626
CXCR3+,MS,CSF_31,CTCGAAAGTACATCCA-1,-0.09533695301613143
CXCR3+,MS,CSF_31,CTCGAGGCAGCCTATA-1,0.20651775824544724
CXCR3-,MS,CSF_31,CTCGGGATCGGAGGTA-1,-0.0267192984866108
CXCR3-,MS,CSF_31,CTCGTACGTATTCTCT-1,-0.29997119987097626
CXCR3+,MS,CSF_31,CTCGTACTCAAACCGT-1,-0.10867189112928008
CXCR3+,MS,CSF_31,CTCGTACTCACTCTTA-1,0.7039169602357438
CXCR3-,MS,CSF_31,CTCGTACTCGAGAACG-1,0.3428331115137266
CXCR3-,MS,CSF_31,CTCTACGAGACAAGCC-1,-0.29997119987097626
CXCR3+,MS,CSF_31,CTCTACGCATACCATG-1,-0.29997119987097626
CXCR3-,MS,CSF_31,CTCTGGTAGACCGGAT-1,0.1085151477966086
CXCR3+,MS,CSF_31,CTGAAACAGCGATTCT-1,0.19408028834239702
CXCR3-,MS,CSF_31,CTGATAGAGAGGGATA-1,0.3489706053067045
CXCR3+,MS,CSF_31,CTGATAGAGGGTCTCC-1,0.572720156110974
CXCR3-,MS,CSF_31,CTGATAGAGTGGCACA-1-1,0.30846633736053375
CXCR3+,MS,CSF_31,CTGATAGGTACAGTGG-1,0.4017775041005807
CXCR3-,MS,CSF_31,CTGATAGGTGTGAATA-1,-0.29997119987097626
CXCR3+,MS,CSF_31,CTGCCTATCGAATCCA-1,0.21319902683199585
CXCR3-,MS,CSF_31,CTGCGGAAGACTTTCG-1,0.11239306182305217
CXCR3-,MS,CSF_31,CTGCGGAGTCGGATCC-1,0.11011680280983215
CXCR3+,MS,CSF_31,CTGCGGATCCAAACTG-1,0.16948847754896182
CXCR3-,MS,CSF_31,CTGCTGTAGTCATCCA-1,-0.29997119987097626
CXCR3-,MS,CSF_31,CTGCTGTCAAGTCTGT-1,-0.09865233364788804
CXCR3-,MS,CSF_31,CTGGTCTAGCTAGTCT-1,0.042522911389848435
CXCR3+,MS,CSF_31,CTGGTCTAGTGCAAGC-1,0.7816556474685549
CXCR3-,MS,CSF_31,CTGTGCTAGACCTTTG-1,0.30018877452937953
CXCR3-,MS,CSF_31,CTGTGCTGTGCGATAG-1,-0.17819492232010456
CXCR3-,MS,CSF_31,CTGTTTAGTTACCGAT-1,-0.29997119987097626
CXCR3-,MS,CSF_31,CTGTTTAGTTGGAGGT-1,-0.29997119987097626
CXCR3-,MS,CSF_31,CTTAACTAGCGTTGCC-1,0.052158905844317816
CXCR3+,MS,CSF_31,CTTAGGATCACGATGT-1,-0.10961796817829417
CXCR3+,MS,CSF_31,CTTCTCTGTGCAGTAG-1,0.2127163956591361
CXCR3+,MS,CSF_31,CTTCTCTTCCTGCAGG-1,0.0021700038927503335
CXCR3+,MS,CSF_31,CTTGGCTTCCTTTCGG-1,0.08305304897894006
CXCR3-,MS,CSF_31,CTTGGCTTCTTCGAGA-1,0.22236227051663593
CXCR3+,MS,CSF_31,GAAACTCAGCTGGAAC-1,0.07053267977820284
CXCR3-,MS,CSF_31,GAAACTCTCCACGCAG-1,0.11253939681609594
CXCR3-,MS,CSF_31,GAAATGACATAGTAAG-1,-0.03698580948827747
CXCR3+,MS,CSF_31,GAACATCGTTCTGAAC-1,0.2330842884151148
CXCR3-,MS,CSF_31,GAACCTAGTGAAATCA-1,-0.29997119987097626
CXCR3-,MS,CSF_31,GAACGGAGTTCACCTC-1,0.28601077252431445
CXCR3-,MS,CSF_31,GAACGGATCATGCATG-1,-0.29997119987097626
CXCR3+,MS,CSF_31,GAACGGATCGCGGATC-1,-0.09179666899581022
CXCR3+,MS,CSF_31,GAACGGATCTATGTGG-1,0.11218756245957537
CXCR3-,MS,CSF_31,GAATGAACATGGTCTA-1,0.15839330683809516
CXCR3+,MS,CSF_31,GACACGCCACGGATAG-1,-0.07858197568228552
CXCR3+,MS,CSF_31,GACACGCGTGGTACAG-1,0.13794230950629396
CXCR3+,MS,CSF_31,GACACGCGTTACGCGC-1,-0.29997119987097626
CXCR3-,MS,CSF_31,GACACGCTCCGCGGTA-1,-0.20660512412544568
CXCR3+,MS,CSF_31,GACAGAGAGAGCTTCT-1,-0.10527734442460315
CXCR3-,MS,CSF_31,GACCAATCAACTGGCC-1,-0.29997119987097626
CXCR3+,MS,CSF_31,GACCAATCACGCGAAA-1,0.09936165112930286
CXCR3-,MS,CSF_31,GACCAATGTACTCTCC-1,0.5239401295049072
CXCR3+,MS,CSF_31,GACGCGTCAGGAACGT-1,-0.29997119987097626
CXCR3-,MS,CSF_31,GACGGCTGTTAGAACA-1,0.14670154863385926
CXCR3+,MS,CSF_31,GACGGCTTCAAGATCC-1,-0.1714229269172469
CXCR3+,MS,CSF_31,GACGTGCCAACTGGCC-1,-0.05325008041601008
CXCR3+,MS,CSF_31,GACGTGCCATCACAAC-1,-0.10843560975365348
CXCR3+,MS,CSF_31,GACGTGCTCCACGTGG-1,0.13848568655078372
CXCR3+,MS,CSF_31,GACGTTAAGGCTAGGT-1,-0.29997119987097626
CXCR3-,MS,CSF_31,GACGTTAGTGCAGTAG-1,-0.1689318578488041
CXCR3+,MS,CSF_31,GACGTTATCCGTAGTA-1,0.30698908874469816
CXCR3+,MS,CSF_31,GACTAACCACGTTGGC-1,-0.29997119987097626
CXCR3-,MS,CSF_31,GACTAACTCCGAACGC-1,0.38546060784291075
CXCR3+,MS,CSF_31,GACTAACTCTGTTTGT-1,0.771886616293134
CXCR3+,MS,CSF_31,GACTAACTCTTTACAC-1,0.34825143021248817
CXCR3+,MS,CSF_31,GACTACAGTTTCGCTC-1,-0.11387148168739818
CXCR3-,MS,CSF_31,GACTGCGAGAGTGAGA-1,-0.1437341788901503
CXCR3-,MS,CSF_31,GACTGCGGTTACGCGC-1,0.7235838227327491
CXCR3+,MS,CSF_31,GAGCAGACACAACGTT-1,0.22069572762502668
CXCR3+,MS,CSF_31,GAGCAGACATTAGGCT-1,-0.043670974504113357
CXCR3+,MS,CSF_31,GAGTCCGTCAGAGGTG-1,0.0807146706322206
CXCR3-,MS,CSF_31,GATCGATTCGTGGACC-1,-0.06543701719030429
CXCR3+,MS,CSF_31,GATCGCGCAATGGAAT-1,0.2863549159941067
CXCR3+,MS,CSF_31,GATCGCGTCACCTTAT-1,-0.02700362787226468
CXCR3-,MS,CSF_31,GATCGTAAGTGGGCTA-1,-0.06166808001919987
CXCR3-,MS,CSF_31,GATCTAGCAAGCTGAG-1,0.10439757043931837
CXCR3-,MS,CSF_31,GATCTAGCACGTGAGA-1,0.2333175466136498
CXCR3+,MS,CSF_31,GATGAAAAGGCAGGTT-1,-0.29997119987097626
CXCR3+,MS,CSF_31,GATGAAACAAGCGAGT-1,0.31353025772928694
CXCR3-,MS,CSF_31,GATGAAAGTCCAACTA-1,-0.29997119987097626
CXCR3+,MS,CSF_31,GATGAAAGTTATTCTC-1,0.22503643181019542
CXCR3-,MS,CSF_31,GATGAGGGTATTCTCT-1,0.15631958559966302
CXCR3+,MS,CSF_31,GATGCTAGTTATGCGT-1,0.763415257663117
CXCR3+,MS,CSF_31,GATTCAGAGCTAGTGG-1,-0.08811264545747075
CXCR3-,MS,CSF_31,GATTCAGGTCTAAACC-1,0.10520725934139039
CXCR3-,MS,CSF_31,GCAAACTTCGGCTTGG-1,-0.29997119987097626
CXCR3+,MS,CSF_31,GCAATCACAGGCTGAA-1,0.15077125861019658
CXCR3+,MS,CSF_31,GCAATCACAGTACACT-1,-0.054258598483878095
CXCR3+,MS,CSF_31,GCAATCATCGGTTAAC-1,0.14376863744799806
CXCR3+,MS,CSF_31,GCAATCATCTGATACG-1,0.03357753689100218
CXCR3-,MS,CSF_31,GCACATAAGAGTAATC-1,-0.29997119987097626
CXCR3+,MS,CSF_31,GCACATACATCGATTG-1,-0.29997119987097626
CXCR3+,MS,CSF_31,GCACATAGTCGATTGT-1,0.30590867033574887
CXCR3+,MS,CSF_31,GCAGCCATCCACGTGG-1,0.296034032057737
CXCR3+,MS,CSF_31,GCATACAAGGTCATCT-1,0.43313036288343393
CXCR3-,MS,CSF_31,GCATACACAGTGGAGT-1,0.4956805267894612
CXCR3-,MS,CSF_31,GCATGATAGGATGTAT-1,0.10822415736743467
CXCR3+,MS,CSF_31,GCATGATTCTTCGAGA-1,0.1610160831913366
CXCR3+,MS,CSF_31,GCATGCGAGAACAACT-1,0.13282949143537642
CXCR3-,MS,CSF_31,GCATGCGAGGTGCTTT-1,-0.19259704329977662
CXCR3+,MS,CSF_31,GCATGCGCACAAGCCC-1,0.23573715445478263
CXCR3-,MS,CSF_31,GCATGCGTCATACGGT-1,-0.29997119987097626
CXCR3+,MS,CSF_31,GCATGTACAGGGATTG-1,0.9009291156890908
CXCR3-,MS,CSF_31,GCATGTACAGTCAGCC-1,0.31409326016181777
CXCR3+,MS,CSF_31,GCATGTAGTCACTGGC-1,0.3245602877199097
CXCR3+,MS,CSF_31,GCATGTATCTGATACG-1,0.7276584520905447
CXCR3-,MS,CSF_31,GCCAAATCAGATCCAT-1,0.6173174479172252
CXCR3+,MS,CSF_31,GCCAAATCATACTACG-1,0.4524590011517204
CXCR3+,MS,CSF_31,GCCAAATCATCAGTAC-1,-0.10247161467422103
CXCR3+,MS,CSF_31,GCCAAATGTTTGGCGC-1,0.24106635131675994
CXCR3+,MS,CSF_31,GCCAAATTCTGGTGTA-1,0.8143463086958909
CXCR3+,MS,CSF_31,GCCTCTAGTATGGTTC-1,0.7226307112957874
CXCR3+,MS,CSF_31,GCCTCTAGTTTGTGTG-1,-0.16346799168111462
CXCR3-,MS,CSF_31,GCGACCAAGATGCGAC-1,-0.29997119987097626
CXCR3-,MS,CSF_31,GCGAGAAAGATGTGTA-1,0.07452971933320132
CXCR3-,MS,CSF_31,GCGAGAAAGCAGGTCA-1,0.4277785953968949
CXCR3-,MS,CSF_31,GCGCAACCATTCCTGC-1,-0.1721149992857675
CXCR3+,MS,CSF_31,GCGCAGTAGCTAACTC-1,0.2842586634675257
CXCR3+,MS,CSF_31,GCGCAGTTCAGAGGTG-1,0.10467058620820592
CXCR3-,MS,CSF_31,GCGCCAAGTAAGAGAG-1,0.25013970467738517
CXCR3+,MS,CSF_31,GCGCCAAGTAGCGTAG-1,-0.0010032029245880297
CXCR3-,MS,CSF_31,GCGCGATGTGAGCGAT-1,-0.04706383203655128
CXCR3-,MS,CSF_31,GCGGGTTTCACTTACT-1,0.1753142129420077
CXCR3-,MS,CSF_31,GCTCCTATCAACACAC-1,0.2158611216259053
CXCR3-,MS,CSF_31,GCTCCTATCTCATTCA-1,0.031683997978773894
CXCR3-,MS,CSF_31,GCTCTGTTCACCAGGC-1,-0.29997119987097626
CXCR3-,MS,CSF_31,GCTGCAGCAAGACACG-1,-0.20037886961140464
CXCR3+,MS,CSF_31,GCTGCTTCAGACGCCT-1,-0.06511505182436506
CXCR3-,MS,CSF_31,GCTGGGTAGGATGGTC-1,-0.201603207971627
CXCR3+,MS,CSF_31,GCTGGGTCATGCTAGT-1,-0.1449286001617229
CXCR3+,MS,CSF_31,GCTGGGTTCTCTGTCG-1,0.06682490648117397
CXCR3+,MS,CSF_31,GCTTGAACATCTACGA-1,0.08247958344830977
CXCR3+,MS,CSF_31,GCTTGAAGTAGCCTCG-1,-0.29997119987097626
CXCR3-,MS,CSF_31,GGAATAAAGTTATCGC-1,0.7156345372952565
CXCR3+,MS,CSF_31,GGAATAATCAAGAAGT-1,-0.08840986251807872
CXCR3-,MS,CSF_31,GGACAAGAGCGATATA-1,0.05710843368295967
CXCR3+,MS,CSF_31,GGACAAGAGGCAGGTT-1,0.24351024009631264
CXCR3+,MS,CSF_31,GGACAAGGTCAAAGCG-1,-0.29997119987097626
CXCR3-,MS,CSF_31,GGACAAGTCACAGGCC-1,0.12030367273930101
CXCR3-,MS,CSF_31,GGACAAGTCTGCGTAA-1,0.16989505238140662
CXCR3+,MS,CSF_31,GGACAGACAAGGGTCA-1,-0.024901475147154177
CXCR3+,MS,CSF_31,GGACAGACAGAGTGTG-1,0.5075330596887832
CXCR3-,MS,CSF_31,GGACAGAGTAGAAAGG-1,0.044744754408057745
CXCR3-,MS,CSF_31,GGACATTAGATATGGT-1,0.4923782823051939
CXCR3+,MS,CSF_31,GGATGTTAGATGCCAG-1,-0.1641743099098328
CXCR3-,MS,CSF_31,GGATGTTAGTCTCAAC-1,0.27659324786856804
CXCR3-,MS,CSF_31,GGATGTTGTATAAACG-1,-0.18158866353653627
CXCR3+,MS,CSF_31,GGATGTTGTTCCACAA-1,-0.1950815255560616
CXCR3+,MS,CSF_31,GGATTACTCCGCGGTA-1,-0.29997119987097626
CXCR3-,MS,CSF_31,GGCAATTCATTCCTGC-1,0.09550140040991505
CXCR3-,MS,CSF_31,GGCAATTGTCGACTAT-1,0.23791905572346012
CXCR3+,MS,CSF_31,GGCCGATAGATTACCC-1,0.09040276629989653
CXCR3+,MS,CSF_31,GGCCGATTCCGAATGT-1,-0.029919723321362453
CXCR3+,MS,CSF_31,GGCGACTAGGCTAGCA-1,-0.29997119987097626
CXCR3-,MS,CSF_31,GGCGACTGTCGAGTTT-1,-0.29997119987097626
CXCR3+,MS,CSF_31,GGCGTGTCAATGAATG-1,0.03598567466243747
CXCR3+,MS,CSF_31,GGCGTGTCATGATCCA-1,0.1376677062663767
CXCR3+,MS,CSF_31,GGCGTGTGTCGACTAT-1,0.03225396787766943
CXCR3-,MS,CSF_31,GGCTCGATCCTGCTTG-1,0.6280082223436427
CXCR3-,MS,CSF_31,GGCTCGATCGGCTTGG-1,-0.29997119987097626
CXCR3+,MS,CSF_31,GGCTGGTGTGCGAAAC-1,-0.29997119987097626
CXCR3+,MS,CSF_31,GGGAATGAGATCTGCT-1,-0.29997119987097626
CXCR3-,MS,CSF_31,GGGAATGAGCGATATA-1,0.20892905209768378
CXCR3+,MS,CSF_31,GGGACCTGTACTTAGC-1,0.5548775116235093
CXCR3+,MS,CSF_31,GGGAGATCACCGAAAG-1,0.39297088265918884
CXCR3-,MS,CSF_31,GGGAGATTCTCGATGA-1,-0.16502340525456619
CXCR3-,MS,CSF_31,GGGCACTAGCGTTTAC-1,-0.10488645487028905
CXCR3+,MS,CSF_31,GGGCACTCACGGACAA-1,-0.19121923924846027
CXCR3+,MS,CSF_31,GGGCATCTCCTTGCCA-1,0.32114410901439444
CXCR3+,MS,CSF_31,GGGTCTGAGTAATCCC-1,-0.07580811989625899
CXCR3+,MS,CSF_31,GGGTCTGGTACACCGC-1,0.8979553040635923
CXCR3+,MS,CSF_31,GGGTCTGGTATTCGTG-1,-0.0054996153896644095
CXCR3-,MS,CSF_31,GGGTTGCAGATCGATA-1,-0.29997119987097626
CXCR3-,MS,CSF_31,GGGTTGCTCCACGAAT-1,0.19897191276110923
CXCR3-,MS,CSF_31,GGTGTTAGTCTTGCGG-1,0.1268529113588313
CXCR3+,MS,CSF_31,GTAACGTTCGATCCCT-1,0.11494067347983415
CXCR3+,MS,CSF_31,GTAACTGGTCCTAGCG-1,0.8491207746115689
CXCR3+,MS,CSF_31,GTACGTACACTTACGA-1,-0.29997119987097626
CXCR3-,MS,CSF_31,GTACGTACATCCGTGG-1,-0.028324934873909417
CXCR3+,MS,CSF_31,GTACTCCAGAAAGTGG-1,0.0162831163817801
CXCR3-,MS,CSF_31,GTACTTTCAAAGCAAT-1,-0.12066657653668368
CXCR3-,MS,CSF_31,GTACTTTTCTCGATGA-1,0.10073881780149394
CXCR3-,MS,CSF_31,GTAGGCCCAACAACCT-1,-0.0642449009937611
CXCR3+,MS,CSF_31,GTAGGCCTCATGCTCC-1,-0.13995788637909096
CXCR3-,MS,CSF_31,GTAGTCACAGGACGTA-1,-0.11252270109049632
CXCR3-,MS,CSF_31,GTAGTCAGTAGTGAAT-1,0.5093673091728562
CXCR3+,MS,CSF_31,GTAGTCAGTCTCCCTA-1,-0.29997119987097626
CXCR3-,MS,CSF_31,GTATCTTAGTGGTCCC-1,-0.05068018813876098
CXCR3-,MS,CSF_31,GTATTCTCAGGTCTCG-1,0.4288706481006503
CXCR3+,MS,CSF_31,GTATTCTTCCTACAGA-1,0.2975358173822262
CXCR3-,MS,CSF_31,GTCAAGTTCTGCTGCT-1,0.2834094813953771
CXCR3+,MS,CSF_31,GTCACAAAGCGGCTTC-1,0.10104543618279396
CXCR3-,MS,CSF_31,GTCACAAAGGAATCGC-1,-0.14342792357948056
CXCR3+,MS,CSF_31,GTCACAAAGGCGACAT-1,0.18020955787441784
CXCR3-,MS,CSF_31,GTCACGGGTTCGTTGA-1,0.27264612042209957
CXCR3-,MS,CSF_31,GTCATTTCACTACAGT-1,-0.15632610014942755
CXCR3-,MS,CSF_31,GTCATTTGTCTAAAGA-1,0.33499494379414424
CXCR3-,MS,CSF_31,GTCATTTTCTATCGCC-1,-0.29997119987097626
CXCR3-,MS,CSF_31,GTCCTCAAGGCTATCT-1,-0.29997119987097626
CXCR3+,MS,CSF_31,GTCCTCACATTATCTC-1,-0.10412042398025902
CXCR3-,MS,CSF_31,GTCCTCAGTCTTCTCG-1,0.08443864033201953
CXCR3+,MS,CSF_31,GTCGGGTGTGTTAAGA-1,-0.0625011742169183
CXCR3+,MS,CSF_31,GTCGGGTTCCACGACG-1,0.03289069681228983
CXCR3-,MS,CSF_31,GTCGTAATCGACGGAA-1,-0.07431678829833666
CXCR3+,MS,CSF_31,GTCTCGTAGTTATCGC-1,-0.29997119987097626
CXCR3+,MS,CSF_31,GTCTCGTGTTGATTCG-1,-0.12269651199361953
CXCR3-,MS,CSF_31,GTCTCGTTCGCAAACT-1,-0.29997119987097626
CXCR3-,MS,CSF_31,GTGAAGGAGCGTGTCC-1,-0.29997119987097626
CXCR3+,MS,CSF_31,GTGAAGGCAATGGAGC-1,0.703273408169313
CXCR3-,MS,CSF_31,GTGAAGGCATATACGC-1,0.43014252187343216
CXCR3+,MS,CSF_31,GTGAAGGGTAAGTGTA-1,0.19290036337417035
CXCR3+,MS,CSF_31,GTGCAGCAGCGTCAAG-1,0.02820468824134117
CXCR3+,MS,CSF_31,GTGCAGCTCCAGTATG-1,-0.03135948901104778
CXCR3+,MS,CSF_31,GTGCATAAGCGAAGGG-1,0.28923818261280976
CXCR3+,MS,CSF_31,GTGCGGTCATTAACCG-1,0.921710691564195
CXCR3+,MS,CSF_31,GTGCGGTGTAGCTCCG-1,0.28381433748132545
CXCR3-,MS,CSF_31,GTGCTTCCATCGGTTA-1,-0.29997119987097626
CXCR3+,MS,CSF_31,GTGGGTCAGAGCTGGT-1,-0.29997119987097626
CXCR3-,MS,CSF_31,GTGGGTCAGAGTGACC-1,0.37758355109171937
CXCR3-,MS,CSF_31,GTGTGCGCACAGGAGT-1,0.13385869546371934
CXCR3-,MS,CSF_31,GTGTTAGTCCTTCAAT-1,0.3903731553096065
CXCR3+,MS,CSF_31,GTTAAGCCACACAGAG-1,-0.29997119987097626
CXCR3+,MS,CSF_31,GTTACAGCAAGTCATC-1,0.10137149932128556
CXCR3+,MS,CSF_31,GTTACAGTCTTAGAGC-1,-0.1946741394283133
CXCR3+,MS,CSF_31,GTTCATTAGTACTTGC-1,0.6933913529492042
CXCR3-,MS,CSF_31,GTTCGGGCACTACAGT-1,0.08749320770728805
CXCR3+,MS,CSF_31,GTTCGGGGTAGAAAGG-1,0.007238326452882716
CXCR3-,MS,CSF_31,GTTCGGGTCTATGTGG-1,-0.29997119987097626
CXCR3-,MS,CSF_31,GTTCTCGGTACCGTTA-1,-0.15966381465230084
CXCR3+,MS,CSF_31,GTTTCTACATTATCTC-1,-0.29997119987097626
CXCR3+,MS,CSF_31,TAAACCGGTCCTCCAT-1,-0.29997119987097626
CXCR3-,MS,CSF_31,TAAGCGTTCAACGCTA-1,-0.29997119987097626
CXCR3-,MS,CSF_31,TAAGCGTTCCAGAGGA-1,-0.29997119987097626
CXCR3+,MS,CSF_31,TAAGTGCAGGCCCGTT-1,-0.29997119987097626
CXCR3+,MS,CSF_31,TACACGAAGCCAGTTT-1,0.2277738915500536
CXCR3+,MS,CSF_31,TACACGAAGTTAAGTG-1,0.17775310687893667
CXCR3-,MS,CSF_31,TACACGACACCAGGTC-1,-0.10892421760427341
CXCR3+,MS,CSF_31,TACACGATCTAACGGT-1,0.28601035199248714
CXCR3+,MS,CSF_31,TACAGTGAGAAGGGTA-1,-0.20010351273447152
CXCR3-,MS,CSF_31,TACAGTGAGTTCGATC-1,0.14333105090106682
CXCR3-,MS,CSF_31,TACAGTGGTTGCCTCT-1,0.4184932015503737
CXCR3+,MS,CSF_31,TACCTATAGGATATAC-1,-0.29997119987097626
CXCR3-,MS,CSF_31,TACCTTAGTCCGTTAA-1,-0.08597526103831706
CXCR3+,MS,CSF_31,TACGGGCAGCAGACTG-1,0.17007529223510695
CXCR3+,MS,CSF_31,TACGGTAGTGACTACT-1,-0.09850792289145735
CXCR3-,MS,CSF_31,TACTCATTCAGGATCT-1,-0.06433450635864275
CXCR3+,MS,CSF_31,TACTCGCTCAGTACGT-1,0.9982199254221188
CXCR3-,MS,CSF_31,TACTTACGTTAAAGTG-1,0.11165305609171791
CXCR3+,MS,CSF_31,TAGACCATCTTACCTA-1,0.7573012031253318
CXCR3+,MS,CSF_31,TAGCCGGAGCGGCTTC-1,-0.08812402597908098
CXCR3+,MS,CSF_31,TAGCCGGAGGCAAAGA-1,0.2581364454590648
CXCR3+,MS,CSF_31,TAGTGGTAGTGGGATC-1,0.32481454354891764
CXCR3-,MS,CSF_31,TAGTGGTCATGTCGAT-1,0.46281322820306264
CXCR3-,MS,CSF_31,TAGTGGTTCTTACCGC-1,0.012478018619152717
CXCR3+,MS,CSF_31,TAGTTGGCAATGACCT-1,-0.18028790877903786
CXCR3+,MS,CSF_31,TATCAGGAGATAGGAG-1,-0.011234822021871331
CXCR3+,MS,CSF_31,TATCAGGAGCAGCGTA-1,0.21437432020188218
CXCR3-,MS,CSF_31,TATCAGGGTATCACCA-1,-0.29997119987097626
CXCR3+,MS,CSF_31,TATCTCAAGACAGGCT-1,0.8869021683377415
CXCR3+,MS,CSF_31,TATCTCAGTAGGGTAC-1,-0.29997119987097626
CXCR3-,MS,CSF_31,TATCTCATCCTTAATC-1,-0.29997119987097626
CXCR3+,MS,CSF_31,TATTACCAGATATGGT-1,-0.29997119987097626
CXCR3+,MS,CSF_31,TATTACCCATTACCTT-1,-0.18954111406772642
CXCR3+,MS,CSF_31,TCAACGAGTACTTGAC-1,0.5468142953159221
CXCR3-,MS,CSF_31,TCAACGATCCTTTCGG-1,-0.02509205514261913
CXCR3-,MS,CSF_31,TCAATCTCACGCCAGT-1,0.07661637591058844
CXCR3-,MS,CSF_31,TCACAAGAGTTAAGTG-1,0.6845367233939083
CXCR3+,MS,CSF_31,TCACAAGTCCTGCCAT-1,0.19680744525212251
CXCR3-,MS,CSF_31,TCAGATGTCGGATGGA-1,0.14644649474344168
CXCR3-,MS,CSF_31,TCAGCTCAGCAGGCTA-1,0.17705114116316084
CXCR3-,MS,CSF_31,TCAGCTCCAGGATTGG-1,0.522104264585436
CXCR3+,MS,CSF_31,TCAGGATAGGTGTGGT-1,0.31546383653047416
CXCR3+,MS,CSF_31,TCAGGATCAATGAATG-1,0.2982361023102042
CXCR3-,MS,CSF_31,TCAGGATCAGGGTTAG-1,0.2559685003486932
CXCR3+,MS,CSF_31,TCAGGTAGTGATGCCC-1,0.21930760978676653
CXCR3+,MS,CSF_31,TCATTTGCATTCGACA-1,0.060106615890363715
CXCR3-,MS,CSF_31,TCATTTGGTCCTCTTG-1,-0.29997119987097626
CXCR3+,MS,CSF_31,TCCCGATAGTGCAAGC-1,0.656918798317965
CXCR3-,MS,CSF_31,TCGAGGCGTCTCATCC-1,-0.10274092316062647
CXCR3-,MS,CSF_31,TCGCGTTCAAAGTCAA-1,-0.17854818166822994
CXCR3+,MS,CSF_31,TCGCGTTCAAGCGAGT-1,0.04325641784449848
CXCR3+,MS,CSF_31,TCGCGTTCAAGCTGTT-1,-0.29997119987097626
CXCR3-,MS,CSF_31,TCGCGTTCATACTCTT-1,-0.29997119987097626
CXCR3+,MS,CSF_31,TCGGGACCAGCTGCTG-1,0.8414080843624169
CXCR3+,MS,CSF_31,TCGGGACTCCTTCAAT-1,-0.1135639930499445
CXCR3+,MS,CSF_31,TCGGTAAGTAGAGCTG-1,0.20590401605279335
CXCR3-,MS,CSF_31,TCGTAGAGTTACCGAT-1,-0.12345808330862404
CXCR3-,MS,CSF_31,TCTCATACAGTCGTGC-1-1,0.007166584255302366
CXCR3-,MS,CSF_31,TCTCATAGTCTCACCT-1,-0.23186231394623416
CXCR3+,MS,CSF_31,TCTCATATCACGACTA-1,0.2555765477574729
CXCR3+,MS,CSF_31,TCTCTAAAGACACGAC-1,-0.12032844680545567
CXCR3-,MS,CSF_31,TCTCTAACAGCCTGTG-1,-0.29997119987097626
CXCR3-,MS,CSF_31,TCTGAGACAGATAATG-1,-0.29997119987097626
CXCR3+,MS,CSF_31,TCTGAGATCACCATAG-1,0.1542746244284649
CXCR3-,MS,CSF_31,TCTGGAATCCGCGGTA-1,-0.031417739795445716
CXCR3-,MS,CSF_31,TCTGGAATCGGACAAG-1,0.8119124930352282
CXCR3+,MS,CSF_31,TCTTCGGAGAGAACAG-1,0.31788907858559906
CXCR3+,MS,CSF_31,TCTTTCCAGGCAGGTT-1,0.28456834313470575
CXCR3+,MS,CSF_31,TGAAAGATCTGCGACG-1,0.39066960279225926
CXCR3+,MS,CSF_31,TGACTAGGTTATGTGC-1,0.5628928874312614
CXCR3+,MS,CSF_31,TGACTTTAGACCTTTG-1,-0.16666036312134297
CXCR3-,MS,CSF_31,TGACTTTAGAGCTTCT-1,-0.29997119987097626
CXCR3+,MS,CSF_31,TGACTTTTCGTCCGTT-1,-0.014443703990317108
CXCR3-,MS,CSF_31,TGAGAGGTCTGCGTAA-1,-0.29997119987097626
CXCR3+,MS,CSF_31,TGAGCATCATTACCTT-1,0.21438626874369363
CXCR3-,MS,CSF_31,TGAGCATTCACGCATA-1,-0.29997119987097626
CXCR3+,MS,CSF_31,TGAGCCGAGTGGGTTG-1,0.12597527008879977
CXCR3-,MS,CSF_31,TGAGGGAAGTGCCATT-1,0.8140493536596238
CXCR3-,MS,CSF_31,TGAGGGAGTGCAACGA-1,0.8209985885144626
CXCR3-,MS,CSF_31,TGATTTCCACGAAGCA-1,0.1820351624426396
CXCR3+,MS,CSF_31,TGATTTCTCAATCACG-1,0.6945371700422536
CXCR3-,MS,CSF_31,TGCACCTAGCTAGTCT-1,-0.29997119987097626
CXCR3+,MS,CSF_31,TGCACCTTCATGTGGT-1,0.04888526799206445
CXCR3+,MS,CSF_31,TGCCAAATCATCTGTT-1,0.21411762385702873
CXCR3+,MS,CSF_31,TGCCAAATCGGTCCGA-1,-0.11431541080006047
CXCR3+,MS,CSF_31,TGCCCTAGTGCACTTA-1,-0.11648061072431826
CXCR3-,MS,CSF_31,TGCCCTAGTGTGTGCC-1,-0.02160645900366592
CXCR3+,MS,CSF_31,TGCCCTAGTTGGAGGT-1,0.6777585650333054
CXCR3+,MS,CSF_31,TGCGCAGAGGCTAGCA-1,0.20434758736278105
CXCR3-,MS,CSF_31,TGCGCAGGTAGATTAG-1,0.7027213117014465
CXCR3+,MS,CSF_31,TGCGCAGTCGTCCGTT-1,-0.16925429519626758
CXCR3-,MS,CSF_31,TGCGTGGAGCCATCGC-1,-0.07954170529769167
CXCR3-,MS,CSF_31,TGCTACCAGGGTCTCC-1,0.26997071920777393
CXCR3-,MS,CSF_31,TGCTACCTCAAAGTAG-1,-0.07665965124812057
CXCR3-,MS,CSF_31,TGCTACCTCCTTTACA-1,-0.08394295399143499
CXCR3-,MS,CSF_31,TGCTACCTCGGAGGTA-1,-0.017041545159102424
CXCR3+,MS,CSF_31,TGCTGCTAGCTGAAAT-1,-0.031241670563716944
CXCR3+,MS,CSF_31,TGCTGCTCAGCTCCGA-1,-0.29997119987097626
CXCR3-,MS,CSF_31,TGGACGCAGTAAGTAC-1,-0.29997119987097626
CXCR3-,MS,CSF_31,TGGACGCGTGTGGTTT-1,-0.29997119987097626
CXCR3+,MS,CSF_31,TGGCCAGTCAGTTGAC-1,0.4304488366353568
CXCR3-,MS,CSF_31,TGGCGCATCCCTCTTT-1,0.1780508313203803
CXCR3-,MS,CSF_31,TGGCTGGTCGCTGATA-1,-0.07877565484477865
CXCR3-,MS,CSF_31,TGGGAAGAGTGAACGC-1,-0.06094006644631098
CXCR3+,MS,CSF_31,TGGGAAGGTGGAAAGA-1,-0.29997119987097626
CXCR3+,MS,CSF_31,TGGGCGTCATGGAATA-1,-0.08346177653896655
CXCR3+,MS,CSF_31,TGGTTCCGTTATGTGC-1,-0.29997119987097626
CXCR3+,MS,CSF_31,TGTATTCAGGGTTCCC-1,-0.29997119987097626
CXCR3+,MS,CSF_31,TGTATTCGTGGGTCAA-1,0.11364141524530659
CXCR3+,MS,CSF_31,TGTCCCAAGCGACGTA-1,0.33415094026719894
CXCR3+,MS,CSF_31,TGTCCCACAAGTTCTG-1,-0.008985304036366814
CXCR3+,MS,CSF_31,TGTCCCATCTGTCTCG-1,0.2062242073189588
CXCR3+,MS,CSF_31,TGTGGTATCGGCGGTT-1,0.2548248929703129
CXCR3+,MS,CSF_31,TGTGTTTAGTCATCCA-1,0.3700400372595819
CXCR3+,MS,CSF_31,TGTTCCGGTAGGCATG-1,-0.09034299270702587
CXCR3+,MS,CSF_31,TTAACTCAGGACAGCT-1,-0.29997119987097626
CXCR3-,MS,CSF_31,TTAACTCCACACGCTG-1,0.7806926009074714
CXCR3-,MS,CSF_31,TTAACTCGTTCCAACA-1,-0.29997119987097626
CXCR3+,MS,CSF_31,TTAGGACCAAGCGTAG-1,0.08547975209997065
CXCR3+,MS,CSF_31,TTAGGACCACAACGTT-1,-0.29997119987097626
CXCR3+,MS,CSF_31,TTAGGCAAGATGTGTA-1,1.3601816307071373
CXCR3+,MS,CSF_31,TTAGGCACACGCATCG-1,0.1591884214646889
CXCR3+,MS,CSF_31,TTAGGCAGTGCGATAG-1,0.40718311447748284
CXCR3-,MS,CSF_31,TTAGTTCCATACCATG-1,-0.1290378689496964
CXCR3+,MS,CSF_31,TTAGTTCGTCACACGC-1,-0.1987243491276208
CXCR3-,MS,CSF_31,TTATGCTAGAAACGCC-1,-0.29997119987097626
CXCR3+,MS,CSF_31,TTCCCAGTCATTGCGA-1,-0.29997119987097626
CXCR3-,MS,CSF_31,TTCCCAGTCCAGTATG-1,-0.13339919418055196
CXCR3+,MS,CSF_31,TTCCCAGTCGGCGCTA-1,0.2952549108138559
CXCR3-,MS,CSF_31,TTCGAAGTCTCAACTT-1,0.1893151933045136
CXCR3-,MS,CSF_31,TTCGAAGTCTTATCTG-1,-0.29997119987097626
CXCR3+,MS,CSF_31,TTCTCAAAGATTACCC-1,0.19747514058758525
CXCR3-,MS,CSF_31,TTCTCAAGTGTGACGA-1,-0.1688509642945097
CXCR3-,MS,CSF_31,TTCTCAATCTACTTAC-1,0.06563156208747879
CXCR3-,MS,CSF_31,TTCTCAATCTGAAAGA-1,-0.11814763823379738
CXCR3-,MS,CSF_31,TTCTCCTAGATCTGAA-1,-0.29997119987097626
CXCR3-,MS,CSF_31,TTCTCCTAGGTGATTA-1,-0.12778921875655572
CXCR3+,MS,CSF_31,TTCTTAGAGACACGAC-1,0.41251129835643585
CXCR3+,MS,CSF_31,TTCTTAGCATACTCTT-1,0.37160741864611696
CXCR3+,MS,CSF_31,TTGAACGTCTATCCCG-1,-0.29997119987097626
CXCR3+,MS,CSF_31,TTGAACGTCTGCCCTA-1,0.029370667100777754
CXCR3-,MS,CSF_31,TTGACTTGTATGGTTC-1,-0.09764006296613566
CXCR3+,MS,CSF_31,TTGCCGTGTAAAGGAG-1,-0.29997119987097626
CXCR3+,MS,CSF_31,TTGCCGTGTAACGCGA-1,-0.05762936542661585
CXCR3+,MS,CSF_31,TTGCCGTGTCTAGTGT-1,-0.14963458444084493
CXCR3-,MS,CSF_31,TTGCGTCAGTGCTGCC-1,-0.29997119987097626
CXCR3+,MS,CSF_31,TTGCGTCGTAATCACC-1,0.09117946866157299
CXCR3-,MS,CSF_31,TTGGAACGTAAGGGAA-1,0.01454416144678423
CXCR3-,MS,CSF_31,TTGGAACTCACTCCTG-1,-0.0036414579894633115
CXCR3+,MS,CSF_31,TTGGCAAAGGGATACC-1,0.2074792125846228
CXCR3-,MS,CSF_31,TTGGCAATCACGGTTA-1,-0.12848464705027543
CXCR3-,MS,CSF_31,TTGTAGGTCTGCAGTA-1,0.5371285657070459
CXCR3-,MS,CSF_31,TTTATGCCACTTCTGC-1,0.009218678103954112
CXCR3+,MS,CSF_31,TTTATGCGTCTCAACA-1,-0.005449053964580127
CXCR3+,MS,CSF_31,TTTCCTCCAGGTGCCT-1,0.011063823587288777
CXCR3+,MS,CSF_31,TTTCCTCGTCTTGCGG-1,0.4622339991484945
CXCR3+,MS,CSF_31,TTTCCTCTCTGAGGGA-1,0.19913791728616884
CXCR3+,MS,CSF_31,TTTGCGCTCTTTACGT-1,0.2025854996280337
CXCR3+,MS,CSF_31,TTTGTCACAAGCCGCT-1,0.29484733014140174
CXCR3+,MS,CSF_31,TTTGTCACACCACGTG-1,0.07921994712377169
CXCR3-,MS,MS19270_CSF,GSM4104122_AAACCTGAGTGGGCTA-1,0.07795457785586594
CXCR3-,MS,MS19270_CSF,GSM4104122_AAACGGGCAGCTTCGG-1,0.03700347978519906
CXCR3-,MS,MS19270_CSF,GSM4104122_AAACGGGGTCACCTAA-1,-0.21310427425209036
CXCR3-,MS,MS19270_CSF,GSM4104122_AAACGGGGTGTGAAAT-1,-0.1330417365577724
CXCR3+,MS,MS19270_CSF,GSM4104122_AAACGGGTCCTTGACC-1,-0.17019104067974755
CXCR3-,MS,MS19270_CSF,GSM4104122_AAAGATGGTAGGACAC-1,0.1495664732859821
CXCR3+,MS,MS19270_CSF,GSM4104122_AAAGATGGTTGTGGAG-1,0.15515696816652177
CXCR3-,MS,MS19270_CSF,GSM4104122_AAAGATGTCCCTGACT-1,0.13377705943150703
CXCR3-,MS,MS19270_CSF,GSM4104122_AAAGATGTCTTGAGGT-1,-0.22322082660586304
CXCR3+,MS,MS19270_CSF,GSM4104122_AAAGCAAGTTCCACGG-1,-0.29997119987097626
CXCR3-,MS,MS19270_CSF,GSM4104122_AAAGTAGAGACTCGGA-1,-0.29997119987097626
CXCR3-,MS,MS19270_CSF,GSM4104122_AAAGTAGAGCCAGTTT-1,0.6059091737672576
CXCR3-,MS,MS19270_CSF,GSM4104122_AAAGTAGCATTACGAC-1,0.3595926792796105
CXCR3-,MS,MS19270_CSF,GSM4104122_AAAGTAGGTAGCAAAT-1,-0.29997119987097626
CXCR3+,MS,MS19270_CSF,GSM4104122_AACACGTTCTGAGGGA-1,0.08425150643731696
CXCR3-,MS,MS19270_CSF,GSM4104122_AACCATGGTCCGTTAA-1,0.29090821742679596
CXCR3-,MS,MS19270_CSF,GSM4104122_AACTCAGCATCACAAC-1,0.03978799585018833
CXCR3-,MS,MS19270_CSF,GSM4104122_AACTCCCAGCCATCGC-1,-0.29997119987097626
CXCR3-,MS,MS19270_CSF,GSM4104122_AACTCCCGTCTTCGTC-1,-0.13697490727806172
CXCR3-,MS,MS19270_CSF,GSM4104122_AACTCTTCACATTAGC-1,-0.29997119987097626
CXCR3-,MS,MS19270_CSF,GSM4104122_AACTCTTGTTCCCGAG-1,-0.29997119987097626
CXCR3+,MS,MS19270_CSF,GSM4104122_AACTGGTGTAGTACCT-1,-0.03057611100958386
CXCR3-,MS,MS19270_CSF,GSM4104122_AAGACCTGTCCATCCT-1,0.08061643713470547
CXCR3+,MS,MS19270_CSF,GSM4104122_AAGCCGCGTTGCCTCT-1,-0.29997119987097626
CXCR3-,MS,MS19270_CSF,GSM4104122_AAGGCAGAGCTCTCGG-1,1.0267042973270435
CXCR3-,MS,MS19270_CSF,GSM4104122_AAGGCAGGTCCAGTGC-1,-0.29997119987097626
CXCR3-,MS,MS19270_CSF,GSM4104122_AAGGTTCGTAAGTGTA-1,0.20703198147544608
CXCR3-,MS,MS19270_CSF,GSM4104122_AAGGTTCTCTTGCAAG-1,0.2572601024426602
CXCR3-,MS,MS19270_CSF,GSM4104122_AAGTCTGGTGCAACTT-1,0.25891002346903813
CXCR3+,MS,MS19270_CSF,GSM4104122_AAGTCTGGTGTGCGTC-1,-0.29997119987097626
CXCR3+,MS,MS19270_CSF,GSM4104122_AATCCAGTCGATAGAA-1,-0.29997119987097626
CXCR3-,MS,MS19270_CSF,GSM4104122_AATCGGTGTTCGGGCT-1,0.11805113735492319
CXCR3+,MS,MS19270_CSF,GSM4104122_ACACCCTGTGCGATAG-1,0.5026104725742517
CXCR3-,MS,MS19270_CSF,GSM4104122_ACACCCTTCAGTACGT-1,-0.021288866433425525
CXCR3-,MS,MS19270_CSF,GSM4104122_ACACCGGAGGTGACCA-1,-0.23858852742757639
CXCR3-,MS,MS19270_CSF,GSM4104122_ACACCGGCAGATAATG-1,0.024247320620902974
CXCR3-,MS,MS19270_CSF,GSM4104122_ACAGCCGGTATCTGCA-1,0.053288841344615055
CXCR3-,MS,MS19270_CSF,GSM4104122_ACAGCTACAGGACCCT-1,-0.29997119987097626
CXCR3+,MS,MS19270_CSF,GSM4104122_ACATACGCACTGTCGG-1,-0.29997119987097626
CXCR3-,MS,MS19270_CSF,GSM4104122_ACATACGCACTTAACG-1,0.33867075943751823
CXCR3-,MS,MS19270_CSF,GSM4104122_ACATCAGCACTGTCGG-1,-0.29997119987097626
CXCR3-,MS,MS19270_CSF,GSM4104122_ACATCAGGTGGTTTCA-1,0.6184633251166708
CXCR3-,MS,MS19270_CSF,GSM4104122_ACATCAGTCGGCTACG-1,0.5218877457747176
CXCR3-,MS,MS19270_CSF,GSM4104122_ACATGGTCATCCTAGA-1,-0.009557542293112453
CXCR3-,MS,MS19270_CSF,GSM4104122_ACCAGTACACCAGTTA-1,-0.29997119987097626
CXCR3+,MS,MS19270_CSF,GSM4104122_ACCAGTATCATCGATG-1,-0.21330308293809538
CXCR3-,MS,MS19270_CSF,GSM4104122_ACCCACTCACAACTGT-1,0.09719962379513858
CXCR3-,MS,MS19270_CSF,GSM4104122_ACCCACTCAGACAGGT-1,0.014952284892936953
CXCR3-,MS,MS19270_CSF,GSM4104122_ACCGTAAAGCAGCGTA-1,0.10762813111094507
CXCR3-,MS,MS19270_CSF,GSM4104122_ACCGTAACAGCGAACA-1,-0.29997119987097626
CXCR3+,MS,MS19270_CSF,GSM4104122_ACCGTAAGTCCATGAT-1,-0.06790504843507851
CXCR3+,MS,MS19270_CSF,GSM4104122_ACCTTTACACCCATTC-1,0.12921081051249828
CXCR3-,MS,MS19270_CSF,GSM4104122_ACCTTTATCACCAGGC-1,0.25343166733606726
CXCR3-,MS,MS19270_CSF,GSM4104122_ACGAGCCTCGCCGTGA-1,-0.29997119987097626
CXCR3-,MS,MS19270_CSF,GSM4104122_ACGAGGAGTGATGTGG-1,-0.29997119987097626
CXCR3-,MS,MS19270_CSF,GSM4104122_ACGAGGATCCCTCAGT-1,-0.0991161689424233
CXCR3-,MS,MS19270_CSF,GSM4104122_ACGAGGATCCTATGTT-1,-0.10392267064010416
CXCR3-,MS,MS19270_CSF,GSM4104122_ACGATACCAGTAAGCG-1,-0.07269805169012833
CXCR3-,MS,MS19270_CSF,GSM4104122_ACGATACGTCCGAGTC-1,0.018125229153084406
CXCR3+,MS,MS19270_CSF,GSM4104122_ACGATACTCGAATCCA-1,0.22989007084654475
CXCR3-,MS,MS19270_CSF,GSM4104122_ACGATACTCGACCAGC-1,0.10659961293981428
CXCR3-,MS,MS19270_CSF,GSM4104122_ACGATGTCATTAGGCT-1,-0.15655692552832484
CXCR3+,MS,MS19270_CSF,GSM4104122_ACGATGTGTAGCGATG-1,-0.29997119987097626
CXCR3-,MS,MS19270_CSF,GSM4104122_ACGATGTGTCAGAATA-1,-0.29997119987097626
CXCR3-,MS,MS19270_CSF,GSM4104122_ACGCAGCCAAACTGCT-1,0.31944753092968803
CXCR3-,MS,MS19270_CSF,GSM4104122_ACGCAGCGTTATCCGA-1,-0.13857824518409945
CXCR3-,MS,MS19270_CSF,GSM4104122_ACGCCAGCACACCGAC-1,0.012094803816630766
CXCR3-,MS,MS19270_CSF,GSM4104122_ACGCCGACACCATGTA-1,-0.20633681115261732
CXCR3+,MS,MS19270_CSF,GSM4104122_ACGGCCACATTGCGGC-1,-0.29997119987097626
CXCR3-,MS,MS19270_CSF,GSM4104122_ACGGCCATCTCGTTTA-1,0.3002197352548773
CXCR3-,MS,MS19270_CSF,GSM4104122_ACGGGTCCACCGAAAG-1,-0.01653613946950616
CXCR3-,MS,MS19270_CSF,GSM4104122_ACGGGTCGTAGCTCCG-1,0.03259032425496787
CXCR3-,MS,MS19270_CSF,GSM4104122_ACGTCAATCCTCTAGC-1,0.22396811451697443
CXCR3+,MS,MS19270_CSF,GSM4104122_ACTGAACCACGACTCG-1,-0.29997119987097626
CXCR3-,MS,MS19270_CSF,GSM4104122_ACTGATGCATACAGCT-1,-0.04348441408028913
CXCR3-,MS,MS19270_CSF,GSM4104122_ACTGCTCCAGTGGAGT-1,-0.29997119987097626
CXCR3-,MS,MS19270_CSF,GSM4104122_ACTGCTCGTTGAACTC-1,-0.0813876519198691
CXCR3-,MS,MS19270_CSF,GSM4104122_ACTGCTCTCATCGATG-1,-0.07413336112789981
CXCR3+,MS,MS19270_CSF,GSM4104122_ACTGTCCCATTGGGCC-1,-0.29997119987097626
CXCR3-,MS,MS19270_CSF,GSM4104122_ACTGTCCGTGTCAATC-1,0.0057344808126099656
CXCR3+,MS,MS19270_CSF,GSM4104122_ACTGTCCTCCTCAACC-1,-0.29997119987097626
CXCR3+,MS,MS19270_CSF,GSM4104122_ACTTACTAGCGTGAAC-1,0.02321548581982134
CXCR3-,MS,MS19270_CSF,GSM4104122_ACTTACTAGCTCCTCT-1,-0.07801982087718409
CXCR3-,MS,MS19270_CSF,GSM4104122_ACTTACTAGTCCATAC-1,-0.29997119987097626
CXCR3-,MS,MS19270_CSF,GSM4104122_ACTTGTTCACGTTGGC-1,0.4787898068631734
CXCR3+,MS,MS19270_CSF,GSM4104122_ACTTTCAAGCAAATCA-1,0.0005072696724977962
CXCR3-,MS,MS19270_CSF,GSM4104122_ACTTTCAAGTACGCGA-1,0.35412687076158583
CXCR3+,MS,MS19270_CSF,GSM4104122_AGACGTTCATCGATGT-1,-0.03536726257125937
CXCR3-,MS,MS19270_CSF,GSM4104122_AGACGTTGTATCTGCA-1,-0.1664331354203273
CXCR3+,MS,MS19270_CSF,GSM4104122_AGAGCGACACAGTCGC-1,-0.07342264295270683
CXCR3-,MS,MS19270_CSF,GSM4104122_AGAGCTTTCACATACG-1,-0.29997119987097626
CXCR3+,MS,MS19270_CSF,GSM4104122_AGATCTGAGCTGTCTA-1,-0.1444127173633429
CXCR3-,MS,MS19270_CSF,GSM4104122_AGATTGCAGGCTAGGT-1,0.0424834476338508
CXCR3-,MS,MS19270_CSF,GSM4104122_AGATTGCCACGGTAAG-1,-0.01002172442956638
CXCR3-,MS,MS19270_CSF,GSM4104122_AGATTGCTCCTATTCA-1,-0.008009633415007492
CXCR3-,MS,MS19270_CSF,GSM4104122_AGCAGCCAGACAGACC-1,-0.29997119987097626
CXCR3+,MS,MS19270_CSF,GSM4104122_AGCAGCCTCTGCGACG-1,-0.08158689375220317
CXCR3-,MS,MS19270_CSF,GSM4104122_AGCATACTCCAAACAC-1,0.06659424369884369
CXCR3-,MS,MS19270_CSF,GSM4104122_AGCCTAAGTATGCTTG-1,-0.29997119987097626
CXCR3+,MS,MS19270_CSF,GSM4104122_AGCGGTCAGATAGCAT-1,-0.29997119987097626
CXCR3+,MS,MS19270_CSF,GSM4104122_AGCGGTCAGGTTCCTA-1,-0.29997119987097626
CXCR3-,MS,MS19270_CSF,GSM4104122_AGCGGTCTCGGAGGTA-1,0.15611954043836515
CXCR3-,MS,MS19270_CSF,GSM4104122_AGCGTATCAGCGTTCG-1,-0.29997119987097626
CXCR3+,MS,MS19270_CSF,GSM4104122_AGCGTCGAGCCCTAAT-1,0.6681397182360881
CXCR3+,MS,MS19270_CSF,GSM4104122_AGCGTCGCATTCCTCG-1,-0.10270018408828206
CXCR3-,MS,MS19270_CSF,GSM4104122_AGCTCCTGTGCACTTA-1,-0.29997119987097626
CXCR3-,MS,MS19270_CSF,GSM4104122_AGCTCCTTCGGTCCGA-1,-0.29997119987097626
CXCR3-,MS,MS19270_CSF,GSM4104122_AGCTCTCAGCGACGTA-1,-0.29997119987097626
CXCR3-,MS,MS19270_CSF,GSM4104122_AGCTTGAAGGCTAGCA-1,0.06854336496995152
CXCR3-,MS,MS19270_CSF,GSM4104122_AGGGATGCACAGACAG-1,-0.29997119987097626
CXCR3-,MS,MS19270_CSF,GSM4104122_AGGGATGGTCTCTTTA-1,-0.29997119987097626
CXCR3+,MS,MS19270_CSF,GSM4104122_AGGTCATAGCAATCTC-1,-0.00920789405565781
CXCR3-,MS,MS19270_CSF,GSM4104122_AGGTCATGTTCAACCA-1,-0.14007929997678928
CXCR3-,MS,MS19270_CSF,GSM4104122_AGGTCATGTTCCTCCA-1,0.17528443051254564
CXCR3-,MS,MS19270_CSF,GSM4104122_AGGTCCGTCATTTGGG-1,0.2293268754824634
CXCR3+,MS,MS19270_CSF,GSM4104122_AGTAGTCTCCATGCTC-1,-0.1567061601888335
CXCR3+,MS,MS19270_CSF,GSM4104122_AGTAGTCTCTACTTAC-1,-0.29997119987097626
CXCR3-,MS,MS19270_CSF,GSM4104122_AGTCTTTGTGGCAAAC-1,-0.1450212427845768
CXCR3-,MS,MS19270_CSF,GSM4104122_AGTCTTTGTTAAGGGC-1,-0.1824173595159537
CXCR3+,MS,MS19270_CSF,GSM4104122_AGTGTCAAGACACTAA-1,0.06378819493184226
CXCR3-,MS,MS19270_CSF,GSM4104122_AGTGTCAAGCTCAACT-1,-0.29997119987097626
CXCR3+,MS,MS19270_CSF,GSM4104122_AGTGTCACAATGGACG-1,0.5048489011402426
CXCR3+,MS,MS19270_CSF,GSM4104122_ATAACGCAGCCAGGAT-1,-0.29997119987097626
CXCR3+,MS,MS19270_CSF,GSM4104122_ATAGACCAGGCTAGAC-1,-0.0378027229195967
CXCR3-,MS,MS19270_CSF,GSM4104122_ATAGACCCACCATGTA-1,-0.1663909188769242
CXCR3+,MS,MS19270_CSF,GSM4104122_ATCACGAAGATGTTAG-1,0.12287608917917378
CXCR3+,MS,MS19270_CSF,GSM4104122_ATCACGACACTCAGGC-1,0.012715380476671232
CXCR3+,MS,MS19270_CSF,GSM4104122_ATCACGACATCACAAC-1,0.06175875117772235
CXCR3-,MS,MS19270_CSF,GSM4104122_ATCACGAGTCCTCCAT-1,-0.29997119987097626
CXCR3+,MS,MS19270_CSF,GSM4104122_ATCATCTCAAGAGTCG-1,-0.29997119987097626
CXCR3+,MS,MS19270_CSF,GSM4104122_ATCATCTCATTTCAGG-1,-0.29997119987097626
CXCR3-,MS,MS19270_CSF,GSM4104122_ATCATGGTCATAGCAC-1,0.3730224761686631
CXCR3+,MS,MS19270_CSF,GSM4104122_ATCCACCAGTTCGCGC-1,0.8224031569497056
CXCR3+,MS,MS19270_CSF,GSM4104122_ATCCACCCACTCGACG-1,-0.08197713942612382
CXCR3+,MS,MS19270_CSF,GSM4104122_ATCCGAACATGTCTCC-1,-0.29997119987097626
CXCR3+,MS,MS19270_CSF,GSM4104122_ATCGAGTTCTCAACTT-1,-0.15202131246587067
CXCR3-,MS,MS19270_CSF,GSM4104122_ATCTACTCAGCTATTG-1,-0.0953414491148854
CXCR3+,MS,MS19270_CSF,GSM4104122_ATCTGCCTCTGCCCTA-1,0.04076196852809055
CXCR3+,MS,MS19270_CSF,GSM4104122_ATGAGGGAGTGTACCT-1,0.2265290475980883
CXCR3-,MS,MS19270_CSF,GSM4104122_ATGAGGGGTCGGGTCT-1,0.05206429441143982
CXCR3-,MS,MS19270_CSF,GSM4104122_ATGAGGGGTTACCGAT-1,0.04295745826617942
CXCR3-,MS,MS19270_CSF,GSM4104122_ATGGGAGGTACGAAAT-1,-0.06272173254875614
CXCR3-,MS,MS19270_CSF,GSM4104122_ATGGGAGGTTCAACCA-1,0.054695576954649404
CXCR3+,MS,MS19270_CSF,GSM4104122_ATGTGTGTCAACCATG-1,0.2525910826735794
CXCR3-,MS,MS19270_CSF,GSM4104122_ATTACTCCACATTAGC-1,0.3054277747865965
CXCR3-,MS,MS19270_CSF,GSM4104122_ATTACTCCAGTTTACG-1,-0.1982553727901048
CXCR3-,MS,MS19270_CSF,GSM4104122_ATTATCCCACTCGACG-1,-0.29997119987097626
CXCR3+,MS,MS19270_CSF,GSM4104122_ATTATCCCATGGTAGG-1,0.9015874142781384
CXCR3-,MS,MS19270_CSF,GSM4104122_ATTATCCGTACTTCTT-1,0.30615652468211507
CXCR3-,MS,MS19270_CSF,GSM4104122_ATTCTACAGGCATTGG-1,0.23943432365927006
CXCR3+,MS,MS19270_CSF,GSM4104122_ATTCTACTCAAACAAG-1,-0.12201482296161235
CXCR3-,MS,MS19270_CSF,GSM4104122_ATTGGACAGATAGCAT-1,-0.29997119987097626
CXCR3+,MS,MS19270_CSF,GSM4104122_ATTGGTGGTCACCCAG-1,-0.047402571414769654
CXCR3-,MS,MS19270_CSF,GSM4104122_ATTGGTGGTTAAGATG-1,0.35608937157275894
CXCR3-,MS,MS19270_CSF,GSM4104122_ATTTCTGTCACATAGC-1,0.5206348731355906
CXCR3+,MS,MS19270_CSF,GSM4104122_CAACCAACATACGCTA-1,0.00478915776511178
CXCR3-,MS,MS19270_CSF,GSM4104122_CAACCAACATGATCCA-1,-0.29997119987097626
CXCR3+,MS,MS19270_CSF,GSM4104122_CAACCAATCTAACTGG-1,0.324778294267211
CXCR3-,MS,MS19270_CSF,GSM4104122_CAACCTCCATGTAAGA-1,0.8992923829235716
CXCR3-,MS,MS19270_CSF,GSM4104122_CAACTAGGTTCCCGAG-1,-0.29997119987097626
CXCR3-,MS,MS19270_CSF,GSM4104122_CAAGATCGTTCCGTCT-1,0.3334113791177079
CXCR3-,MS,MS19270_CSF,GSM4104122_CAAGGCCGTTGAGGTG-1,0.38685333924585
CXCR3-,MS,MS19270_CSF,GSM4104122_CAAGTTGAGCTCCCAG-1,0.21492240693141249
CXCR3-,MS,MS19270_CSF,GSM4104122_CACACAAAGCTGAAAT-1,-0.29997119987097626
CXCR3-,MS,MS19270_CSF,GSM4104122_CACACAACAAATTGCC-1,-0.1313727883768955
CXCR3-,MS,MS19270_CSF,GSM4104122_CACACCTAGCGAGAAA-1,-0.013968315916497295
CXCR3-,MS,MS19270_CSF,GSM4104122_CACAGTACAGTCAGCC-1,-0.29997119987097626
CXCR3-,MS,MS19270_CSF,GSM4104122_CACATAGGTCGAAAGC-1,-0.018968135140907328
CXCR3-,MS,MS19270_CSF,GSM4104122_CACATTTCACGAGAGT-1,-0.29997119987097626
CXCR3+,MS,MS19270_CSF,GSM4104122_CACATTTTCCCAAGTA-1,-0.058607758775702665
CXCR3-,MS,MS19270_CSF,GSM4104122_CACATTTTCCGTCATC-1,-0.09961115671115402
CXCR3+,MS,MS19270_CSF,GSM4104122_CACCACTCACCGAATT-1,0.2694448924942037
CXCR3+,MS,MS19270_CSF,GSM4104122_CACCAGGAGACGCAAC-1,0.001101654832053394
CXCR3-,MS,MS19270_CSF,GSM4104122_CACCAGGAGCTAGTTC-1,0.044020824041956244
CXCR3+,MS,MS19270_CSF,GSM4104122_CACCAGGCACAGACTT-1,0.1688155276233682
CXCR3-,MS,MS19270_CSF,GSM4104122_CACCAGGCAGTGGAGT-1,0.218327450307862
CXCR3-,MS,MS19270_CSF,GSM4104122_CACCAGGGTGATGATA-1,0.6008669001696277
CXCR3-,MS,MS19270_CSF,GSM4104122_CACCAGGTCAAAGACA-1,0.2982782588991787
CXCR3-,MS,MS19270_CSF,GSM4104122_CACCTTGCAACACCTA-1,0.18813337326987023
CXCR3-,MS,MS19270_CSF,GSM4104122_CACCTTGGTGCAGACA-1,-0.29997119987097626
CXCR3+,MS,MS19270_CSF,GSM4104122_CACCTTGTCGTACCGG-1,-0.1616137568856015
CXCR3-,MS,MS19270_CSF,GSM4104122_CAGAATCAGCTAGGCA-1,0.24745708914868597
CXCR3-,MS,MS19270_CSF,GSM4104122_CAGAGAGTCAACTCTT-1,-0.0625315766915401
CXCR3+,MS,MS19270_CSF,GSM4104122_CAGATCACAGTGGAGT-1,0.4205682692584131
CXCR3+,MS,MS19270_CSF,GSM4104122_CAGATCAGTCCGTTAA-1,-0.020965705834839993
CXCR3-,MS,MS19270_CSF,GSM4104122_CAGATCATCCGCAAGC-1,-0.29997119987097626
CXCR3-,MS,MS19270_CSF,GSM4104122_CAGCAGCAGTCTCAAC-1,0.03364055198948041
CXCR3-,MS,MS19270_CSF,GSM4104122_CAGCAGCCACGGTGTC-1,-0.29997119987097626
CXCR3-,MS,MS19270_CSF,GSM4104122_CAGCAGCGTCGGCTCA-1,-0.29997119987097626
CXCR3+,MS,MS19270_CSF,GSM4104122_CAGCAGCTCACTATTC-1,-0.11148997056687933
CXCR3+,MS,MS19270_CSF,GSM4104122_CAGCAGCTCGCCTGAG-1,-0.2262361959029921
CXCR3-,MS,MS19270_CSF,GSM4104122_CAGCCGACATGACGGA-1,-0.29997119987097626
CXCR3+,MS,MS19270_CSF,GSM4104122_CAGCGACTCAGTTCGA-1,-0.16860760385385934
CXCR3-,MS,MS19270_CSF,GSM4104122_CAGCTGGAGTAGCGGT-1,-0.29997119987097626
CXCR3-,MS,MS19270_CSF,GSM4104122_CAGCTGGTCCGAGCCA-1,0.15058933746267145
CXCR3-,MS,MS19270_CSF,GSM4104122_CAGGTGCAGCCACGTC-1,0.2877918161141168
CXCR3-,MS,MS19270_CSF,GSM4104122_CAGTAACCAAGGCTCC-1,0.18762648300230128
CXCR3+,MS,MS19270_CSF,GSM4104122_CAGTAACTCGTCCGTT-1,-0.29997119987097626
CXCR3-,MS,MS19270_CSF,GSM4104122_CAGTCCTAGAGGGATA-1,-0.14865293846381208
CXCR3-,MS,MS19270_CSF,GSM4104122_CAGTCCTAGGCAAAGA-1,0.07703813938476842
CXCR3-,MS,MS19270_CSF,GSM4104122_CAGTCCTCAATTGCTG-1,0.08024502962789283
CXCR3+,MS,MS19270_CSF,GSM4104122_CATATGGCACATGACT-1,0.47063262467406936
CXCR3-,MS,MS19270_CSF,GSM4104122_CATATGGGTGTTTGGT-1,-0.29997119987097626
CXCR3-,MS,MS19270_CSF,GSM4104122_CATATTCCAAAGGCGT-1,0.21952176767804163
CXCR3+,MS,MS19270_CSF,GSM4104122_CATCAAGCAAGCCATT-1,0.035156097864553634
CXCR3-,MS,MS19270_CSF,GSM4104122_CATCAAGGTGGGTATG-1,0.22001142907616564
CXCR3+,MS,MS19270_CSF,GSM4104122_CATCCACAGAATTGTG-1,-0.19401256329686514
CXCR3-,MS,MS19270_CSF,GSM4104122_CATCGAAGTCCGTGAC-1,0.16570822808878943
CXCR3+,MS,MS19270_CSF,GSM4104122_CATGACAGTCAGAAGC-1,-0.29997119987097626
CXCR3-,MS,MS19270_CSF,GSM4104122_CATGGCGTCCCAACGG-1,-0.08131710853753756
CXCR3+,MS,MS19270_CSF,GSM4104122_CATTCGCAGACTACAA-1,-0.06810875032335117
CXCR3-,MS,MS19270_CSF,GSM4104122_CCAATCCCACCACGTG-1,0.4563527369350758
CXCR3-,MS,MS19270_CSF,GSM4104122_CCAATCCGTGCACGAA-1,0.3989200509115576
CXCR3-,MS,MS19270_CSF,GSM4104122_CCAATCCTCACATGCA-1,-0.29997119987097626
CXCR3-,MS,MS19270_CSF,GSM4104122_CCACCTAAGCTATGCT-1,0.6089192942644532
CXCR3-,MS,MS19270_CSF,GSM4104122_CCACGGAAGGCAGTCA-1,-0.1943756818276024
CXCR3+,MS,MS19270_CSF,GSM4104122_CCACGGACATTTGCTT-1,-0.29997119987097626
CXCR3-,MS,MS19270_CSF,GSM4104122_CCACGGAGTACACCGC-1,-0.03609261983115425
CXCR3+,MS,MS19270_CSF,GSM4104122_CCACGGAGTCCAGTAT-1,0.30532735948326334
CXCR3+,MS,MS19270_CSF,GSM4104122_CCACTACGTAAGTGGC-1,-0.10944297008277586
CXCR3-,MS,MS19270_CSF,GSM4104122_CCAGCGAAGAATGTGT-1,-0.29997119987097626
CXCR3+,MS,MS19270_CSF,GSM4104122_CCAGCGAGTGACAAAT-1,0.08204537064712894
CXCR3+,MS,MS19270_CSF,GSM4104122_CCATGTCTCAACGAAA-1,0.012211372096284064
CXCR3-,MS,MS19270_CSF,GSM4104122_CCATTCGCACAGACTT-1,0.0031576828569119014
CXCR3-,MS,MS19270_CSF,GSM4104122_CCATTCGGTACTCAAC-1,-0.03750598724770872
CXCR3-,MS,MS19270_CSF,GSM4104122_CCCAATCCAGCAGTTT-1,-0.29997119987097626
CXCR3-,MS,MS19270_CSF,GSM4104122_CCCAATCCAGCGTAAG-1,-0.29997119987097626
CXCR3-,MS,MS19270_CSF,GSM4104122_CCCAATCTCGGCTTGG-1,-0.08877191274683649
CXCR3+,MS,MS19270_CSF,GSM4104122_CCCAGTTTCTAACTGG-1,-0.29997119987097626
CXCR3-,MS,MS19270_CSF,GSM4104122_CCCTCCTAGACAATAC-1,0.4438916460380245
CXCR3-,MS,MS19270_CSF,GSM4104122_CCGGGATGTAGGACAC-1,-0.05988630640104516
CXCR3+,MS,MS19270_CSF,GSM4104122_CCGGGATTCAAGGTAA-1,-0.29997119987097626
CXCR3-,MS,MS19270_CSF,GSM4104122_CCGGGATTCAGCAACT-1,1.0361825623539054
CXCR3-,MS,MS19270_CSF,GSM4104122_CCGTACTCACATTAGC-1,-0.06716722812272316
CXCR3-,MS,MS19270_CSF,GSM4104122_CCGTGGACAACTGGCC-1,-0.19392450863540267
CXCR3-,MS,MS19270_CSF,GSM4104122_CCGTGGACACATGTGT-1,0.12438997985175886
CXCR3-,MS,MS19270_CSF,GSM4104122_CCGTGGATCAATCTCT-1,-0.29997119987097626
CXCR3+,MS,MS19270_CSF,GSM4104122_CCGTTCAAGGTACTCT-1,0.41648227823644873
CXCR3-,MS,MS19270_CSF,GSM4104122_CCGTTCACAGATCCAT-1,-0.29997119987097626
CXCR3+,MS,MS19270_CSF,GSM4104122_CCTAAAGTCTTTAGGG-1,-0.09482662293900372
CXCR3-,MS,MS19270_CSF,GSM4104122_CCTACACCAAACCTAC-1,-0.29997119987097626
CXCR3-,MS,MS19270_CSF,GSM4104122_CCTACCACATCTACGA-1,-0.13799814862226217
CXCR3-,MS,MS19270_CSF,GSM4104122_CCTCAGTAGGTGATAT-1,-0.1772577993818342
CXCR3-,MS,MS19270_CSF,GSM4104122_CCTCAGTGTTATGCGT-1,-0.29997119987097626
CXCR3-,MS,MS19270_CSF,GSM4104122_CCTCTGATCAGCTTAG-1,-0.29997119987097626
CXCR3-,MS,MS19270_CSF,GSM4104122_CCTCTGATCCAGAGGA-1,-0.06268349530219844
CXCR3-,MS,MS19270_CSF,GSM4104122_CCTTACGAGACTGGGT-1,-0.1288295134292675
CXCR3-,MS,MS19270_CSF,GSM4104122_CCTTCGAGTCTCCACT-1,0.283692137163711
CXCR3+,MS,MS19270_CSF,GSM4104122_CCTTTCTCACATTTCT-1,-0.29997119987097626
CXCR3-,MS,MS19270_CSF,GSM4104122_CCTTTCTCAGATTGCT-1,-0.29997119987097626
CXCR3+,MS,MS19270_CSF,GSM4104122_CCTTTCTCATGCATGT-1,0.5717953172090766
CXCR3-,MS,MS19270_CSF,GSM4104122_CCTTTCTGTTGTGGCC-1,-0.29997119987097626
CXCR3-,MS,MS19270_CSF,GSM4104122_CGAACATGTCGCCATG-1,0.04526174660201205
CXCR3-,MS,MS19270_CSF,GSM4104122_CGAATGTTCGCAAACT-1,0.44107381177086413
CXCR3+,MS,MS19270_CSF,GSM4104122_CGAGAAGAGGCTAGCA-1,0.5411963183466072
CXCR3+,MS,MS19270_CSF,GSM4104122_CGAGAAGGTCAATACC-1,-0.29997119987097626
CXCR3+,MS,MS19270_CSF,GSM4104122_CGAGAAGGTCATTAGC-1,0.16197735839705904
CXCR3-,MS,MS19270_CSF,GSM4104122_CGAGCCACAGCGTAAG-1,-0.29997119987097626
CXCR3+,MS,MS19270_CSF,GSM4104122_CGATCGGAGATCGATA-1,-0.29997119987097626
CXCR3+,MS,MS19270_CSF,GSM4104122_CGATGGCAGCGGATCA-1,0.1688479522708419
CXCR3-,MS,MS19270_CSF,GSM4104122_CGATGGCAGTACGCCC-1,0.046069113157841395
CXCR3-,MS,MS19270_CSF,GSM4104122_CGATGGCCAGGTCGTC-1,-0.29997119987097626
CXCR3-,MS,MS19270_CSF,GSM4104122_CGATGGCTCTCTAGGA-1,0.32343139985255337
CXCR3-,MS,MS19270_CSF,GSM4104122_CGATGTAAGCTACCGC-1,-0.16232888737060455
CXCR3+,MS,MS19270_CSF,GSM4104122_CGCCAAGTCGGAATCT-1,-0.12759794727482743
CXCR3-,MS,MS19270_CSF,GSM4104122_CGCGGTAGTCTGATCA-1,-0.06342093317870509
CXCR3+,MS,MS19270_CSF,GSM4104122_CGCGTTTTCTGCGTAA-1,0.4387405185228765
CXCR3-,MS,MS19270_CSF,GSM4104122_CGCTATCGTGCAGACA-1,-0.29997119987097626
CXCR3+,MS,MS19270_CSF,GSM4104122_CGCTATCGTGTCTGAT-1,0.0050350472714655314
CXCR3+,MS,MS19270_CSF,GSM4104122_CGCTATCTCACCAGGC-1,0.11804813936806635
CXCR3+,MS,MS19270_CSF,GSM4104122_CGCTATCTCGAGCCCA-1,-0.2164767570371879
CXCR3-,MS,MS19270_CSF,GSM4104122_CGCTTCAAGCGTTTAC-1,0.10216994263502886
CXCR3-,MS,MS19270_CSF,GSM4104122_CGCTTCACAAAGTCAA-1,0.08631111551461
CXCR3-,MS,MS19270_CSF,GSM4104122_CGCTTCACATGTCCTC-1,0.1414592098168618
CXCR3-,MS,MS19270_CSF,GSM4104122_CGCTTCATCGCAAGCC-1,-0.1650882185485749
CXCR3+,MS,MS19270_CSF,GSM4104122_CGGACACGTGTAATGA-1,0.06724842432395303
CXCR3-,MS,MS19270_CSF,GSM4104122_CGGACACTCCTTGCCA-1,0.4075597701523706
CXCR3+,MS,MS19270_CSF,GSM4104122_CGGACACTCTTCGGTC-1,-0.29997119987097626
CXCR3-,MS,MS19270_CSF,GSM4104122_CGGACGTAGCTCAACT-1,-0.14135737594153783
CXCR3-,MS,MS19270_CSF,GSM4104122_CGGACGTAGGCTCAGA-1,0.7621493617094274
CXCR3-,MS,MS19270_CSF,GSM4104122_CGGACGTCAATGCCAT-1,-0.18695344520063975
CXCR3-,MS,MS19270_CSF,GSM4104122_CGGACGTTCGAATCCA-1,0.42734954421995003
CXCR3-,MS,MS19270_CSF,GSM4104122_CGGACTGAGAAGAAGC-1,0.1951442099885655
CXCR3-,MS,MS19270_CSF,GSM4104122_CGGACTGCAAGAAGAG-1,-0.29997119987097626
CXCR3-,MS,MS19270_CSF,GSM4104122_CGGACTGGTACAAGTA-1,-0.09314350003941674
CXCR3-,MS,MS19270_CSF,GSM4104122_CGGACTGGTACAGACG-1,0.7207824349471549
CXCR3-,MS,MS19270_CSF,GSM4104122_CGGAGCTAGGCTAGCA-1,-0.07442450345474047
CXCR3-,MS,MS19270_CSF,GSM4104122_CGGAGCTCATGCCCGA-1,-0.29997119987097626
CXCR3-,MS,MS19270_CSF,GSM4104122_CGGAGTCCAGATCGGA-1,-0.046759290983595284
CXCR3-,MS,MS19270_CSF,GSM4104122_CGGCTAGGTCTACCTC-1,-0.29997119987097626
CXCR3-,MS,MS19270_CSF,GSM4104122_CGGGTCATCTCTTGAT-1,-0.29997119987097626
CXCR3-,MS,MS19270_CSF,GSM4104122_CGGTTAAAGAAACCGC-1,-0.12855905731512404
CXCR3+,MS,MS19270_CSF,GSM4104122_CGTAGCGGTGCCTGGT-1,-0.29997119987097626
CXCR3+,MS,MS19270_CSF,GSM4104122_CGTAGCGTCGTACGGC-1,-0.29997119987097626
CXCR3+,MS,MS19270_CSF,GSM4104122_CGTCACTAGACCTAGG-1,-0.29997119987097626
CXCR3-,MS,MS19270_CSF,GSM4104122_CGTCACTAGATATGGT-1,0.5546336896049902
CXCR3+,MS,MS19270_CSF,GSM4104122_CGTCACTGTTAGGGTG-1,-0.09074586340732219
CXCR3+,MS,MS19270_CSF,GSM4104122_CGTCAGGCACAGGAGT-1,0.3249643576794022
CXCR3-,MS,MS19270_CSF,GSM4104122_CGTCAGGCAGCTTAAC-1,-0.29997119987097626
CXCR3-,MS,MS19270_CSF,GSM4104122_CGTCCATGTCTCCATC-1,-0.29997119987097626
CXCR3+,MS,MS19270_CSF,GSM4104122_CGTCCATTCACAACGT-1,-0.29997119987097626
CXCR3+,MS,MS19270_CSF,GSM4104122_CGTCTACCATATGGTC-1,-0.29997119987097626
CXCR3-,MS,MS19270_CSF,GSM4104122_CGTGAGCTCTTAGAGC-1,-0.29997119987097626
CXCR3+,MS,MS19270_CSF,GSM4104122_CGTGTAAGTTTAGCTG-1,0.4065130973040672
CXCR3-,MS,MS19270_CSF,GSM4104122_CGTGTCTCACCTTGTC-1,-0.18102349864496434
CXCR3-,MS,MS19270_CSF,GSM4104122_CGTGTCTTCGTCTGAA-1,-0.29997119987097626
CXCR3+,MS,MS19270_CSF,GSM4104122_CGTTAGAAGGAATCGC-1,0.6627973015257732
CXCR3+,MS,MS19270_CSF,GSM4104122_CGTTCTGAGTTTAGGA-1,0.36576380355590243
CXCR3-,MS,MS19270_CSF,GSM4104122_CGTTCTGTCCATGAGT-1,-0.1076026124218127
CXCR3-,MS,MS19270_CSF,GSM4104122_CTAACTTAGAGGGCTT-1,0.33505488813592954
CXCR3-,MS,MS19270_CSF,GSM4104122_CTAACTTTCTGATTCT-1,0.19059621826602
CXCR3+,MS,MS19270_CSF,GSM4104122_CTAAGACAGGCATGGT-1,-0.12588993578663438
CXCR3-,MS,MS19270_CSF,GSM4104122_CTAAGACCAATCCAAC-1,-0.29997119987097626
CXCR3+,MS,MS19270_CSF,GSM4104122_CTAAGACGTTGTCTTT-1,-0.26907188974351487
CXCR3-,MS,MS19270_CSF,GSM4104122_CTAAGACTCAAGGTAA-1,-0.15605683177750082
CXCR3-,MS,MS19270_CSF,GSM4104122_CTAAGACTCGCGGATC-1,-0.29997119987097626
CXCR3-,MS,MS19270_CSF,GSM4104122_CTAATGGGTCAATACC-1,0.5328858738356129
CXCR3+,MS,MS19270_CSF,GSM4104122_CTAATGGGTCAGTGGA-1,0.6082674862691065
CXCR3-,MS,MS19270_CSF,GSM4104122_CTACACCGTAAGAGGA-1,0.5448325265848707
CXCR3-,MS,MS19270_CSF,GSM4104122_CTACACCGTACAGCAG-1,-0.2232082214164044
CXCR3-,MS,MS19270_CSF,GSM4104122_CTACATTGTAGAGCTG-1,-0.29997119987097626
CXCR3+,MS,MS19270_CSF,GSM4104122_CTACCCAAGGCAAAGA-1,0.1965097649548526
CXCR3+,MS,MS19270_CSF,GSM4104122_CTACCCACAATGGATA-1,0.3804729243511593
CXCR3-,MS,MS19270_CSF,GSM4104122_CTACCCAGTATAGGTA-1,-0.0038607055386192485
CXCR3-,MS,MS19270_CSF,GSM4104122_CTACCCAGTTGCTCCT-1,-0.29997119987097626
CXCR3+,MS,MS19270_CSF,GSM4104122_CTACGTCGTACTTCTT-1,-0.29997119987097626
CXCR3+,MS,MS19270_CSF,GSM4104122_CTACGTCGTTGGACCC-1,0.3031114227423533
CXCR3-,MS,MS19270_CSF,GSM4104122_CTAGAGTTCGGTCTAA-1,-0.1522245963353314
CXCR3+,MS,MS19270_CSF,GSM4104122_CTAGCCTGTGCCTTGG-1,0.5003689888199851
CXCR3-,MS,MS19270_CSF,GSM4104122_CTAGCCTGTTCCCTTG-1,-0.29997119987097626
CXCR3-,MS,MS19270_CSF,GSM4104122_CTAGTGACAACACGCC-1,0.24409944787987772
CXCR3-,MS,MS19270_CSF,GSM4104122_CTCACACCAGACGCCT-1,-0.29997119987097626
CXCR3+,MS,MS19270_CSF,GSM4104122_CTCAGAAAGAGGTTGC-1,0.021978236553147085
CXCR3+,MS,MS19270_CSF,GSM4104122_CTCAGAACAGACGCCT-1,-0.07735166964056485
CXCR3-,MS,MS19270_CSF,GSM4104122_CTCATTAAGTTGTAGA-1,-0.29997119987097626
CXCR3-,MS,MS19270_CSF,GSM4104122_CTCATTACAATAACGA-1,0.10718555484143646
CXCR3-,MS,MS19270_CSF,GSM4104122_CTCATTACAATGTTGC-1,0.09337217413647769
CXCR3-,MS,MS19270_CSF,GSM4104122_CTCCTAGAGCCAGAAC-1,0.04163457681635215
CXCR3-,MS,MS19270_CSF,GSM4104122_CTCGAAAGTACGCACC-1,-0.29997119987097626
CXCR3-,MS,MS19270_CSF,GSM4104122_CTCGGAGAGTCCTCCT-1,-0.028034717143174674
CXCR3+,MS,MS19270_CSF,GSM4104122_CTCGGGAGTGAGGGTT-1,-0.29997119987097626
CXCR3-,MS,MS19270_CSF,GSM4104122_CTCGTCACAGACTCGC-1,0.4205682692584131
CXCR3-,MS,MS19270_CSF,GSM4104122_CTCTAATAGGCAATTA-1,-0.17198109478593945
CXCR3-,MS,MS19270_CSF,GSM4104122_CTCTACGAGCAATATG-1,0.10092682805981323
CXCR3-,MS,MS19270_CSF,GSM4104122_CTCTACGCAGACGCAA-1,-0.01971065614304811
CXCR3-,MS,MS19270_CSF,GSM4104122_CTCTACGTCAAGCCTA-1,-0.29997119987097626
CXCR3-,MS,MS19270_CSF,GSM4104122_CTCTACGTCTTGGGTA-1,-0.29997119987097626
CXCR3+,MS,MS19270_CSF,GSM4104122_CTCTGGTGTTGGTGGA-1,-0.11158357910412331
CXCR3-,MS,MS19270_CSF,GSM4104122_CTGAAACAGATCCCAT-1,-0.29997119987097626
CXCR3-,MS,MS19270_CSF,GSM4104122_CTGAAACCACAGGTTT-1,-0.29997119987097626
CXCR3-,MS,MS19270_CSF,GSM4104122_CTGAAGTGTTGTGGAG-1,-0.29997119987097626
CXCR3+,MS,MS19270_CSF,GSM4104122_CTGATAGAGAGGTACC-1,-0.05037296588284316
CXCR3-,MS,MS19270_CSF,GSM4104122_CTGATCCAGCGTTGCC-1,0.35183017100397906
CXCR3+,MS,MS19270_CSF,GSM4104122_CTGCGGACATGCAATC-1,0.030885654121207647
CXCR3-,MS,MS19270_CSF,GSM4104122_CTGCTGTTCTTGTATC-1,-0.29997119987097626
CXCR3+,MS,MS19270_CSF,GSM4104122_CTGGTCTAGTAGATGT-1,-0.29997119987097626
CXCR3-,MS,MS19270_CSF,GSM4104122_CTGTGCTAGGCCGAAT-1,0.146966676845964
CXCR3-,MS,MS19270_CSF,GSM4104122_CTGTGCTGTCAGGACA-1,0.09443248561246036
CXCR3-,MS,MS19270_CSF,GSM4104122_CTGTGCTGTTCCCTTG-1,-0.29997119987097626
CXCR3-,MS,MS19270_CSF,GSM4104122_CTTACCGAGCCCGAAA-1,-0.29997119987097626
CXCR3+,MS,MS19270_CSF,GSM4104122_CTTACCGGTTACGCGC-1,0.26426573192671243
CXCR3+,MS,MS19270_CSF,GSM4104122_CTTAGGAGTCTCAACA-1,-0.14576196082305998
CXCR3-,MS,MS19270_CSF,GSM4104122_CTTAGGATCATGTAGC-1,-0.29997119987097626
CXCR3-,MS,MS19270_CSF,GSM4104122_CTTAGGATCGTACGGC-1,-0.13350607165398148
CXCR3-,MS,MS19270_CSF,GSM4104122_CTTCTCTCAGTCGTGC-1,-0.29997119987097626
CXCR3-,MS,MS19270_CSF,GSM4104122_CTTCTCTGTCGACTAT-1,-0.08753375608718554
CXCR3-,MS,MS19270_CSF,GSM4104122_CTTGGCTAGTCCATAC-1,-0.29997119987097626
CXCR3-,MS,MS19270_CSF,GSM4104122_CTTTGCGTCGCAAACT-1,-0.29997119987097626
CXCR3+,MS,MS19270_CSF,GSM4104122_GAAACTCAGCCAGTAG-1,-0.10074986037876489
CXCR3+,MS,MS19270_CSF,GSM4104122_GAAACTCCACTTAACG-1,0.3590904442012852
CXCR3-,MS,MS19270_CSF,GSM4104122_GAAACTCTCAACTCTT-1,-0.29997119987097626
CXCR3+,MS,MS19270_CSF,GSM4104122_GAAATGACAGTAGAGC-1,-0.29997119987097626
CXCR3+,MS,MS19270_CSF,GSM4104122_GAAATGATCAGGCAAG-1,0.1681967328794137
CXCR3-,MS,MS19270_CSF,GSM4104122_GAACCTACACCGAAAG-1,-0.29997119987097626
CXCR3-,MS,MS19270_CSF,GSM4104122_GAACCTAGTAGCGATG-1,0.04575120713097285
CXCR3-,MS,MS19270_CSF,GSM4104122_GAAGCAGTCAGTCAGT-1,-0.29997119987097626
CXCR3-,MS,MS19270_CSF,GSM4104122_GAATGAAAGGGCACTA-1,0.17645874773614165
CXCR3-,MS,MS19270_CSF,GSM4104122_GAATGAATCCTATTCA-1,-0.29997119987097626
CXCR3+,MS,MS19270_CSF,GSM4104122_GACAGAGGTCTGATTG-1,-0.29997119987097626
CXCR3+,MS,MS19270_CSF,GSM4104122_GACCAATAGTTTCCTT-1,0.0867189087369474
CXCR3-,MS,MS19270_CSF,GSM4104122_GACCAATCACATCCAA-1,-0.29997119987097626
CXCR3-,MS,MS19270_CSF,GSM4104122_GACGCGTTCCTTCAAT-1,-0.09541456547196166
CXCR3+,MS,MS19270_CSF,GSM4104122_GACGCGTTCTTTACGT-1,0.37552333054197895
CXCR3-,MS,MS19270_CSF,GSM4104122_GACGGCTGTCAGTGGA-1,0.7905013718452649
CXCR3+,MS,MS19270_CSF,GSM4104122_GACGTGCAGTCCATAC-1,-0.12301824736490397
CXCR3-,MS,MS19270_CSF,GSM4104122_GACGTTACACCCATTC-1,-0.06169730777332325
CXCR3-,MS,MS19270_CSF,GSM4104122_GACTACATCTCGCATC-1,-0.29997119987097626
CXCR3+,MS,MS19270_CSF,GSM4104122_GAGCAGATCTGACCTC-1,-0.29997119987097626
CXCR3-,MS,MS19270_CSF,GSM4104122_GAGGTGACATTCTTAC-1,-0.07492167508841126
CXCR3+,MS,MS19270_CSF,GSM4104122_GAGGTGATCCATGCTC-1,-0.10239831587842893
CXCR3+,MS,MS19270_CSF,GSM4104122_GAGTCCGAGCTTCGCG-1,0.12460179643255952
CXCR3+,MS,MS19270_CSF,GSM4104122_GATCAGTAGGACCACA-1,-0.19563424712098462
CXCR3+,MS,MS19270_CSF,GSM4104122_GATCGTACAATCACAC-1,0.024034516306499314
CXCR3+,MS,MS19270_CSF,GSM4104122_GATGAAACAACGCACC-1,0.1780552331165905
CXCR3-,MS,MS19270_CSF,GSM4104122_GATGAAATCATACGGT-1,0.4274412258971942
CXCR3-,MS,MS19270_CSF,GSM4104122_GATGAGGAGCCCTAAT-1,-0.14468850968653885
CXCR3+,MS,MS19270_CSF,GSM4104122_GATGAGGGTACCCAAT-1,0.4452138219260058
CXCR3-,MS,MS19270_CSF,GSM4104122_GATGCTACAGGTCTCG-1,0.6437934836191345
CXCR3+,MS,MS19270_CSF,GSM4104122_GATGCTAGTGCGAAAC-1,0.3366531258877846
CXCR3-,MS,MS19270_CSF,GSM4104122_GATTCAGCAGCTGCTG-1,-0.29997119987097626
CXCR3+,MS,MS19270_CSF,GSM4104122_GCAAACTCAAGTACCT-1,-0.29997119987097626
CXCR3+,MS,MS19270_CSF,GSM4104122_GCAAACTGTGAGTATA-1,-0.08391646025562013
CXCR3-,MS,MS19270_CSF,GSM4104122_GCAAACTGTGTGACGA-1,-0.15471159845747745
CXCR3-,MS,MS19270_CSF,GSM4104122_GCAAACTTCGGTTCGG-1,-0.29997119987097626
CXCR3-,MS,MS19270_CSF,GSM4104122_GCACATAAGTGTACTC-1,0.11687340598733388
CXCR3-,MS,MS19270_CSF,GSM4104122_GCAGCCAAGCAGCGTA-1,-0.29997119987097626
CXCR3-,MS,MS19270_CSF,GSM4104122_GCAGCCAAGTACGCCC-1,0.30703838835750824
CXCR3+,MS,MS19270_CSF,GSM4104122_GCAGTTACAATGTAAG-1,-0.16941482823207896
CXCR3-,MS,MS19270_CSF,GSM4104122_GCATACAGTCAAGCGA-1,0.3760547708404029
CXCR3-,MS,MS19270_CSF,GSM4104122_GCATGCGCAAGGTGTG-1,-0.16697924309380557
CXCR3+,MS,MS19270_CSF,GSM4104122_GCATGCGTCCCTGACT-1,-0.20328218873472298
CXCR3+,MS,MS19270_CSF,GSM4104122_GCATGTACACGTCAGC-1,-0.1630447010976756
CXCR3+,MS,MS19270_CSF,GSM4104122_GCATGTATCTTAGAGC-1,0.07533114192883787
CXCR3+,MS,MS19270_CSF,GSM4104122_GCGACCACAGCGTTCG-1,-0.09213643758630893
CXCR3+,MS,MS19270_CSF,GSM4104122_GCGAGAATCCCTGACT-1,-0.29997119987097626
CXCR3-,MS,MS19270_CSF,GSM4104122_GCGCAGTTCAGGTTCA-1,-0.12066930066254163
CXCR3-,MS,MS19270_CSF,GSM4104122_GCGCCAAGTCCTGCTT-1,-0.29997119987097626
CXCR3-,MS,MS19270_CSF,GSM4104122_GCGCCAAGTGCGGTAA-1,-0.29997119987097626
CXCR3-,MS,MS19270_CSF,GSM4104122_GCGCGATCACATAACC-1,-0.29997119987097626
CXCR3-,MS,MS19270_CSF,GSM4104122_GCGCGATGTAACGTTC-1,0.043238447332272036
CXCR3-,MS,MS19270_CSF,GSM4104122_GCTCTGTCACTGTCGG-1,-0.29997119987097626
CXCR3-,MS,MS19270_CSF,GSM4104122_GCTGCAGAGGTGCTTT-1,0.2303613232363694
CXCR3-,MS,MS19270_CSF,GSM4104122_GCTGCGACATTCTTAC-1,-0.29997119987097626
CXCR3-,MS,MS19270_CSF,GSM4104122_GCTGCTTAGTGAAGTT-1,-0.29997119987097626
CXCR3-,MS,MS19270_CSF,GSM4104122_GCTGGGTCACTGCCAG-1,-0.29997119987097626
CXCR3-,MS,MS19270_CSF,GSM4104122_GCTGGGTGTCTCCACT-1,0.0723799425690302
CXCR3-,MS,MS19270_CSF,GSM4104122_GCTGGGTTCCAGAGGA-1,-0.07915469812586481
CXCR3-,MS,MS19270_CSF,GSM4104122_GCTTCCACAATGTTGC-1,0.7878095143282001
CXCR3-,MS,MS19270_CSF,GSM4104122_GCTTCCAGTGGTACAG-1,-0.29997119987097626
CXCR3+,MS,MS19270_CSF,GSM4104122_GGAAAGCAGACGCAAC-1,0.13376377261255437
CXCR3-,MS,MS19270_CSF,GSM4104122_GGAACTTTCAATCTCT-1,-0.29997119987097626
CXCR3+,MS,MS19270_CSF,GSM4104122_GGAATAACATCCGGGT-1,0.5743283864971175
CXCR3-,MS,MS19270_CSF,GSM4104122_GGAATAATCCTTTCTC-1,-0.07758512275758515
CXCR3+,MS,MS19270_CSF,GSM4104122_GGACAAGGTGACGGTA-1,-0.003365014980641282
CXCR3+,MS,MS19270_CSF,GSM4104122_GGACGTCCAGCGAACA-1,0.09810132021790782
CXCR3+,MS,MS19270_CSF,GSM4104122_GGACGTCGTCTCCATC-1,-0.17379018266961235
CXCR3+,MS,MS19270_CSF,GSM4104122_GGAGCAATCCTTGCCA-1,-0.29997119987097626
CXCR3-,MS,MS19270_CSF,GSM4104122_GGATTACCAGCTGGCT-1,-0.29997119987097626
CXCR3+,MS,MS19270_CSF,GSM4104122_GGATTACCATTCTCAT-1,-0.14270412118107786
CXCR3+,MS,MS19270_CSF,GSM4104122_GGATTACGTAGCGTCC-1,0.04061288483121241
CXCR3+,MS,MS19270_CSF,GSM4104122_GGATTACTCTACGAGT-1,-0.29997119987097626
CXCR3-,MS,MS19270_CSF,GSM4104122_GGCGACTAGCTTCGCG-1,-0.1296620455836434
CXCR3-,MS,MS19270_CSF,GSM4104122_GGCGACTTCTAGCACA-1,0.13043399022388696
CXCR3-,MS,MS19270_CSF,GSM4104122_GGCGTGTAGAATTGTG-1,-0.04273939711470394
CXCR3-,MS,MS19270_CSF,GSM4104122_GGCGTGTGTGAGCGAT-1,0.19730846517377584
CXCR3-,MS,MS19270_CSF,GSM4104122_GGCGTGTTCACATGCA-1,0.6825438022779639
CXCR3-,MS,MS19270_CSF,GSM4104122_GGCTGGTAGGGAACGG-1,-0.045960830818957264
CXCR3-,MS,MS19270_CSF,GSM4104122_GGCTGGTGTCCGCTGA-1,-0.29997119987097626
CXCR3-,MS,MS19270_CSF,GSM4104122_GGCTGGTGTCTGGTCG-1,-0.1765921445837829
CXCR3+,MS,MS19270_CSF,GSM4104122_GGCTGGTTCACTATTC-1,-0.06364807306055262
CXCR3-,MS,MS19270_CSF,GSM4104122_GGGAATGCAAGCCTAT-1,-0.0077922844644903655
CXCR3+,MS,MS19270_CSF,GSM4104122_GGGACCTAGAGACGAA-1,0.29391652060971285
CXCR3-,MS,MS19270_CSF,GSM4104122_GGGACCTAGGGTCTCC-1,-0.15630738848623824
CXCR3-,MS,MS19270_CSF,GSM4104122_GGGACCTGTCTTGTCC-1,-0.29997119987097626
CXCR3-,MS,MS19270_CSF,GSM4104122_GGGATGAAGTTTGCGT-1,-0.29997119987097626
CXCR3+,MS,MS19270_CSF,GSM4104122_GGGATGACAATAGCAA-1,0.4021251069034827
CXCR3-,MS,MS19270_CSF,GSM4104122_GGGATGAGTATCTGCA-1,-0.02238513354785183
CXCR3+,MS,MS19270_CSF,GSM4104122_GGGATGATCTTCGAGA-1,-0.1946369391760197
CXCR3-,MS,MS19270_CSF,GSM4104122_GGGCACTCAAAGGTGC-1,0.23421442609677018
CXCR3+,MS,MS19270_CSF,GSM4104122_GGGCACTCAAGCCGTC-1,0.009950153578026533
CXCR3-,MS,MS19270_CSF,GSM4104122_GGGCACTTCAACGGGA-1,-0.06509282623295506
CXCR3-,MS,MS19270_CSF,GSM4104122_GGGCATCAGAGTCTGG-1,-0.29997119987097626
CXCR3-,MS,MS19270_CSF,GSM4104122_GGGTCTGTCTGCTGTC-1,-0.08035155881636255
CXCR3-,MS,MS19270_CSF,GSM4104122_GGGTTGCAGCGATATA-1,-0.03581036632503858
CXCR3-,MS,MS19270_CSF,GSM4104122_GGTATTGAGCTACCTA-1,0.07966067746285481
CXCR3-,MS,MS19270_CSF,GSM4104122_GGTATTGGTCACCCAG-1,-0.29997119987097626
CXCR3-,MS,MS19270_CSF,GSM4104122_GGTGAAGTCTGCTGTC-1,-0.29997119987097626
CXCR3+,MS,MS19270_CSF,GSM4104122_GTAACGTAGAGGGCTT-1,-0.09101004081640855
CXCR3-,MS,MS19270_CSF,GSM4104122_GTAACTGGTATAGTAG-1,-0.29997119987097626
CXCR3-,MS,MS19270_CSF,GSM4104122_GTAACTGGTGTCAATC-1,0.2962696197867043
CXCR3-,MS,MS19270_CSF,GSM4104122_GTACGTACAGGTCCAC-1,0.013716948208391025
CXCR3-,MS,MS19270_CSF,GSM4104122_GTACGTATCTCTAGGA-1,-0.29997119987097626
CXCR3-,MS,MS19270_CSF,GSM4104122_GTACTCCAGAGATGAG-1,-0.29997119987097626
CXCR3+,MS,MS19270_CSF,GSM4104122_GTACTCCAGATGTTAG-1,-0.29997119987097626
CXCR3+,MS,MS19270_CSF,GSM4104122_GTACTCCGTGATGCCC-1,-0.29997119987097626
CXCR3-,MS,MS19270_CSF,GSM4104122_GTACTTTTCGCAAACT-1,-0.019322655001771827
CXCR3-,MS,MS19270_CSF,GSM4104122_GTAGGCCAGATGGGTC-1,0.4308211804342479
CXCR3+,MS,MS19270_CSF,GSM4104122_GTAGGCCGTGAAGGCT-1,0.08221742142347865
CXCR3-,MS,MS19270_CSF,GSM4104122_GTAGGCCGTTGACGTT-1,0.3369470460476913
CXCR3+,MS,MS19270_CSF,GSM4104122_GTAGGCCTCATTCACT-1,-0.29997119987097626
CXCR3+,MS,MS19270_CSF,GSM4104122_GTAGGCCTCGCTTAGA-1,0.4845516132765505
CXCR3+,MS,MS19270_CSF,GSM4104122_GTAGTCAGTCTAGCCG-1,-0.08926591711094979
CXCR3-,MS,MS19270_CSF,GSM4104122_GTATTCTAGCTGCAAG-1,-0.048984665538147974
CXCR3-,MS,MS19270_CSF,GSM4104122_GTCAAGTGTAGTAGTA-1,-0.19357066086697294
CXCR3-,MS,MS19270_CSF,GSM4104122_GTCACAACAACTGGCC-1,-0.07086567555777634
CXCR3-,MS,MS19270_CSF,GSM4104122_GTCACAATCGGTGTCG-1,-0.1079199800819703
CXCR3-,MS,MS19270_CSF,GSM4104122_GTCACGGTCTACTCAT-1,0.4642035851209153
CXCR3-,MS,MS19270_CSF,GSM4104122_GTCATTTAGAATAGGG-1,-0.09475420756084706
CXCR3+,MS,MS19270_CSF,GSM4104122_GTCATTTTCCTCCTAG-1,-0.12806200108368457
CXCR3-,MS,MS19270_CSF,GSM4104122_GTCCTCACATAGACTC-1,-0.09385654217221681
CXCR3+,MS,MS19270_CSF,GSM4104122_GTCCTCATCCCTCTTT-1,-0.16443674532118374
CXCR3+,MS,MS19270_CSF,GSM4104122_GTCGGGTGTCGAGTTT-1,-0.29997119987097626
CXCR3+,MS,MS19270_CSF,GSM4104122_GTCGTAAAGTGTACCT-1,0.7897431217224901
CXCR3-,MS,MS19270_CSF,GSM4104122_GTGCATAAGGGTTTCT-1,-0.29997119987097626
CXCR3-,MS,MS19270_CSF,GSM4104122_GTGGGTCGTTGTGGAG-1,-0.12592238884118
CXCR3-,MS,MS19270_CSF,GSM4104122_GTGTGCGCAGCCTTTC-1,-0.06238997440491638
CXCR3-,MS,MS19270_CSF,GSM4104122_GTGTGCGGTCTAACGT-1,-0.16756166027629632
CXCR3-,MS,MS19270_CSF,GSM4104122_GTGTTAGAGCCAGTTT-1,0.45940121837146275
CXCR3-,MS,MS19270_CSF,GSM4104122_GTGTTAGGTCAGCTAT-1,0.1868000399448468
CXCR3-,MS,MS19270_CSF,GSM4104122_GTTAAGCTCTGCAAGT-1,0.037865678983821996
CXCR3-,MS,MS19270_CSF,GSM4104122_GTTACAGCATACGCTA-1,-0.056357164321137285
CXCR3-,MS,MS19270_CSF,GSM4104122_GTTACAGTCGCTGATA-1,-0.29997119987097626
CXCR3+,MS,MS19270_CSF,GSM4104122_GTTCATTAGTATTGGA-1,0.2716390915704396
CXCR3-,MS,MS19270_CSF,GSM4104122_GTTCATTCACGTCAGC-1,-0.29997119987097626
CXCR3+,MS,MS19270_CSF,GSM4104122_GTTCGGGTCGGCGCTA-1,-0.03125681115229954
CXCR3+,MS,MS19270_CSF,GSM4104122_GTTCGGGTCTGCGTAA-1,0.22571530899998402
CXCR3+,MS,MS19270_CSF,GSM4104122_GTTTCTAGTTCTCATT-1,-0.29997119987097626
CXCR3-,MS,MS19270_CSF,GSM4104122_TAAACCGAGAATAGGG-1,-0.052109036440239044
CXCR3-,MS,MS19270_CSF,GSM4104122_TAAACCGCATTACCTT-1,-0.10958957138093142
CXCR3-,MS,MS19270_CSF,GSM4104122_TAAACCGGTGCTCTTC-1,0.19584127770931578
CXCR3-,MS,MS19270_CSF,GSM4104122_TAAGAGACATGCAACT-1,-0.13242970216118402
CXCR3+,MS,MS19270_CSF,GSM4104122_TAAGTGCCAGCTCCGA-1,0.18289970433514577
CXCR3-,MS,MS19270_CSF,GSM4104122_TACCTATAGAGTTGGC-1,-0.29997119987097626
CXCR3-,MS,MS19270_CSF,GSM4104122_TACCTATAGGTTCCTA-1,0.22284455649786544
CXCR3+,MS,MS19270_CSF,GSM4104122_TACCTATGTTTGTTGG-1,-0.04109794680701258
CXCR3-,MS,MS19270_CSF,GSM4104122_TACCTTAAGAATGTTG-1,-0.29997119987097626
CXCR3-,MS,MS19270_CSF,GSM4104122_TACGGATAGTGCCATT-1,-0.29997119987097626
CXCR3-,MS,MS19270_CSF,GSM4104122_TACGGATCAGCGATCC-1,-0.29997119987097626
CXCR3-,MS,MS19270_CSF,GSM4104122_TACGGATCATCACCCT-1,0.23786372361238697
CXCR3+,MS,MS19270_CSF,GSM4104122_TACTCATCATCGTCGG-1,0.11945595851320033
CXCR3+,MS,MS19270_CSF,GSM4104122_TACTCATGTAGGCTGA-1,-0.028139040856836783
CXCR3+,MS,MS19270_CSF,GSM4104122_TACTCATTCTGCAGTA-1,-0.028558130336192877
CXCR3-,MS,MS19270_CSF,GSM4104122_TACTCGCCACTGTCGG-1,0.09872561703832432
CXCR3+,MS,MS19270_CSF,GSM4104122_TACTCGCGTCGGATCC-1,-0.21976541659268461
CXCR3-,MS,MS19270_CSF,GSM4104122_TACTTACAGGGTCGAT-1,0.02708922688649421
CXCR3-,MS,MS19270_CSF,GSM4104122_TACTTGTAGTGACTCT-1,-0.29997119987097626
CXCR3-,MS,MS19270_CSF,GSM4104122_TAGCCGGGTTTCCACC-1,-0.04027369036419154
CXCR3+,MS,MS19270_CSF,GSM4104122_TAGGCATCAGCCTTTC-1,-0.04223974491008624
CXCR3+,MS,MS19270_CSF,GSM4104122_TAGGCATTCTAACGGT-1,0.19011114380566657
CXCR3+,MS,MS19270_CSF,GSM4104122_TAGTGGTAGCTACCGC-1,-0.14581486561259216
CXCR3-,MS,MS19270_CSF,GSM4104122_TAGTGGTGTATAGGTA-1,0.3657561952550671
CXCR3-,MS,MS19270_CSF,GSM4104122_TAGTTGGCACATCCGG-1,0.7337297891745828
CXCR3-,MS,MS19270_CSF,GSM4104122_TATCAGGGTTCATGGT-1,-0.29997119987097626
CXCR3-,MS,MS19270_CSF,GSM4104122_TATCAGGTCAAGGTAA-1,-0.046432311426267935
CXCR3-,MS,MS19270_CSF,GSM4104122_TATGCCCCACGAAACG-1,-0.29997119987097626
CXCR3-,MS,MS19270_CSF,GSM4104122_TATGCCCTCTTGTCAT-1,0.6617286117510687
CXCR3-,MS,MS19270_CSF,GSM4104122_TATTACCCAGGCGATA-1,-0.29997119987097626
CXCR3-,MS,MS19270_CSF,GSM4104122_TCAACGAGTCCAGTTA-1,1.2603218100228801
CXCR3-,MS,MS19270_CSF,GSM4104122_TCAACGATCTCAACTT-1,-0.22845275963157455
CXCR3+,MS,MS19270_CSF,GSM4104122_TCAACGATCTCCAACC-1,-0.29997119987097626
CXCR3-,MS,MS19270_CSF,GSM4104122_TCAATCTCATGCAACT-1,-0.09689007367895829
CXCR3-,MS,MS19270_CSF,GSM4104122_TCAATCTTCAGTTTGG-1,-0.29997119987097626
CXCR3-,MS,MS19270_CSF,GSM4104122_TCACAAGAGGTGATTA-1,-0.29997119987097626
CXCR3-,MS,MS19270_CSF,GSM4104122_TCACAAGCACCATCCT-1,-0.29997119987097626
CXCR3-,MS,MS19270_CSF,GSM4104122_TCACGAAAGTACGCCC-1,-0.29997119987097626
CXCR3-,MS,MS19270_CSF,GSM4104122_TCAGATGAGAGTAAGG-1,-0.29997119987097626
CXCR3-,MS,MS19270_CSF,GSM4104122_TCAGGATCAGGCTCAC-1,-0.29997119987097626
CXCR3+,MS,MS19270_CSF,GSM4104122_TCAGGTAAGATGTCGG-1,-0.29997119987097626
CXCR3-,MS,MS19270_CSF,GSM4104122_TCAGGTAAGCGATATA-1,0.18489798215990158
CXCR3-,MS,MS19270_CSF,GSM4104122_TCAGGTAAGTGGACGT-1,-0.08809941374921203
CXCR3-,MS,MS19270_CSF,GSM4104122_TCATTACCAAGCCTAT-1,-0.29997119987097626
CXCR3+,MS,MS19270_CSF,GSM4104122_TCCACACCATGTAAGA-1,-0.015478583973335347
CXCR3-,MS,MS19270_CSF,GSM4104122_TCCCGATCACTTAACG-1,0.2232432909673691
CXCR3-,MS,MS19270_CSF,GSM4104122_TCCCGATGTTATCCGA-1,-0.29997119987097626
CXCR3-,MS,MS19270_CSF,GSM4104122_TCGCGTTTCTACTCAT-1,-0.07135839723591834
CXCR3-,MS,MS19270_CSF,GSM4104122_TCGCGTTTCTCATTCA-1,-0.29997119987097626
CXCR3-,MS,MS19270_CSF,GSM4104122_TCGGGACAGACTTGAA-1,0.21816822444770526
CXCR3+,MS,MS19270_CSF,GSM4104122_TCGGGACAGATCCCGC-1,-0.29997119987097626
CXCR3-,MS,MS19270_CSF,GSM4104122_TCGGGACCACAAGCCC-1,-0.17130675524089714
CXCR3-,MS,MS19270_CSF,GSM4104122_TCGGGACGTTTCCACC-1,-0.29997119987097626
CXCR3-,MS,MS19270_CSF,GSM4104122_TCGGGACTCCGTAGGC-1,-0.29997119987097626
CXCR3-,MS,MS19270_CSF,GSM4104122_TCGGGACTCTGATACG-1,-0.29997119987097626
CXCR3+,MS,MS19270_CSF,GSM4104122_TCGGTAAAGGGTGTTG-1,-0.024731922028917025
CXCR3-,MS,MS19270_CSF,GSM4104122_TCTATTGTCAGTTCGA-1,-0.29997119987097626
CXCR3-,MS,MS19270_CSF,GSM4104122_TCTCATAGTTAAAGAC-1,-0.2008268900412014
CXCR3-,MS,MS19270_CSF,GSM4104122_TCTCATATCAGTTTGG-1,-0.29997119987097626
CXCR3+,MS,MS19270_CSF,GSM4104122_TCTCATATCGACAGCC-1,-0.01921978753820775
CXCR3+,MS,MS19270_CSF,GSM4104122_TCTGGAAAGCGAGAAA-1,-0.14112820355179095
CXCR3-,MS,MS19270_CSF,GSM4104122_TCTGGAACACGGCTAC-1,-0.13605581257591573
CXCR3-,MS,MS19270_CSF,GSM4104122_TCTGGAACAGCTGTTA-1,-0.29997119987097626
CXCR3-,MS,MS19270_CSF,GSM4104122_TCTTCGGCAAGTCTGT-1,-0.29997119987097626
CXCR3+,MS,MS19270_CSF,GSM4104122_TGAAAGACAAAGGAAG-1,-0.29997119987097626
CXCR3-,MS,MS19270_CSF,GSM4104122_TGACAACCACTGTTAG-1,0.5751017504682487
CXCR3-,MS,MS19270_CSF,GSM4104122_TGACAACCATGGAATA-1,-0.00790298844538827
CXCR3-,MS,MS19270_CSF,GSM4104122_TGACGGCAGAAACGAG-1,-0.008112371970515462
CXCR3+,MS,MS19270_CSF,GSM4104122_TGACTAGGTTCACGGC-1,-0.29997119987097626
CXCR3-,MS,MS19270_CSF,GSM4104122_TGACTTTTCAGGCCCA-1,-0.29997119987097626
CXCR3-,MS,MS19270_CSF,GSM4104122_TGAGCATCACTACAGT-1,0.04296730055223771
CXCR3-,MS,MS19270_CSF,GSM4104122_TGAGCCGCACCGGAAA-1,-0.29997119987097626
CXCR3+,MS,MS19270_CSF,GSM4104122_TGAGGGAAGGGCACTA-1,0.027700950961884026
CXCR3+,MS,MS19270_CSF,GSM4104122_TGAGGGACAACGATCT-1,-0.09686546398767705
CXCR3-,MS,MS19270_CSF,GSM4104122_TGAGGGAGTCGCTTCT-1,-0.06565729086385412
CXCR3-,MS,MS19270_CSF,GSM4104122_TGATTTCAGCAGGCTA-1,-0.29997119987097626
CXCR3+,MS,MS19270_CSF,GSM4104122_TGATTTCGTACCAGTT-1,0.10692105489002753
CXCR3+,MS,MS19270_CSF,GSM4104122_TGATTTCGTCTGCCAG-1,0.606453396411671
CXCR3+,MS,MS19270_CSF,GSM4104122_TGCCAAAAGAATAGGG-1,0.016562347852804922
CXCR3+,MS,MS19270_CSF,GSM4104122_TGCCCATCAAGAGGCT-1,-0.29997119987097626
CXCR3-,MS,MS19270_CSF,GSM4104122_TGCCCTACAATCTGCA-1,-0.05545494949152304
CXCR3-,MS,MS19270_CSF,GSM4104122_TGCCCTATCATAAAGG-1,0.06369820743141283
CXCR3+,MS,MS19270_CSF,GSM4104122_TGCGCAGCAAGAAGAG-1,0.3305324247926667
CXCR3+,MS,MS19270_CSF,GSM4104122_TGCGCAGCACAGCCCA-1,-0.15952168249742862
CXCR3-,MS,MS19270_CSF,GSM4104122_TGCGGGTCAAGGCTCC-1,0.5500426892201693
CXCR3-,MS,MS19270_CSF,GSM4104122_TGCGTGGGTCGACTAT-1,0.038587425715839174
CXCR3+,MS,MS19270_CSF,GSM4104122_TGCTGCTAGAGGGATA-1,0.33175119130006686
CXCR3-,MS,MS19270_CSF,GSM4104122_TGGACGCTCGCAGGCT-1,0.566660366045622
CXCR3+,MS,MS19270_CSF,GSM4104122_TGGCCAGCACGCGAAA-1,0.03658815458552719
CXCR3+,MS,MS19270_CSF,GSM4104122_TGGCGCAGTGCGATAG-1,-0.14084911313720133
CXCR3-,MS,MS19270_CSF,GSM4104122_TGGCGCAGTTGATTCG-1,0.07337066777207399
CXCR3-,MS,MS19270_CSF,GSM4104122_TGGGAAGAGGGCTCTC-1,0.04162184208139049
CXCR3-,MS,MS19270_CSF,GSM4104122_TGGGAAGGTAAAGGAG-1,-0.29997119987097626
CXCR3-,MS,MS19270_CSF,GSM4104122_TGGGCGTAGGTGCAAC-1,-0.028312086439373108
CXCR3-,MS,MS19270_CSF,GSM4104122_TGGTTCCTCATCGGAT-1,0.5017580564658101
CXCR3-,MS,MS19270_CSF,GSM4104122_TGTATTCAGGGCTTCC-1,-0.13660197885092565
CXCR3+,MS,MS19270_CSF,GSM4104122_TGTGGTAGTATCACCA-1,0.07686243770182903
CXCR3-,MS,MS19270_CSF,GSM4104122_TGTGTTTCACCATGTA-1,-0.29997119987097626
CXCR3-,MS,MS19270_CSF,GSM4104122_TGTGTTTGTCGTCTTC-1,-0.29997119987097626
CXCR3-,MS,MS19270_CSF,GSM4104122_TGTGTTTGTTACAGAA-1,0.08039612933949943
CXCR3-,MS,MS19270_CSF,GSM4104122_TGTTCCGCAATCTACG-1,0.40115710273452976
CXCR3-,MS,MS19270_CSF,GSM4104122_TGTTCCGCACATCCGG-1,-0.29997119987097626
CXCR3+,MS,MS19270_CSF,GSM4104122_TTAGGACTCTAACGGT-1,-0.02773997609640443
CXCR3-,MS,MS19270_CSF,GSM4104122_TTAGGCACACCGATAT-1,-0.14476367030757187
CXCR3-,MS,MS19270_CSF,GSM4104122_TTAGGCAGTGAAGGCT-1,-0.1267782993718973
CXCR3-,MS,MS19270_CSF,GSM4104122_TTAGTTCCAAACTGCT-1,-0.29997119987097626
CXCR3+,MS,MS19270_CSF,GSM4104122_TTAGTTCCAGCGTAAG-1,0.3158319329592795
CXCR3+,MS,MS19270_CSF,GSM4104122_TTAGTTCGTTATTCTC-1,0.6774957965465526
CXCR3-,MS,MS19270_CSF,GSM4104122_TTCCCAGCACTTAACG-1,-0.1544028855887272
CXCR3+,MS,MS19270_CSF,GSM4104122_TTCCCAGTCCAGAGGA-1,0.36274710972467294
CXCR3-,MS,MS19270_CSF,GSM4104122_TTCGAAGAGCTAGCCC-1,0.5517910872548123
CXCR3+,MS,MS19270_CSF,GSM4104122_TTCGGTCAGCAGGCTA-1,-0.13314949070520427
CXCR3-,MS,MS19270_CSF,GSM4104122_TTCGGTCCACTTAAGC-1,-0.29997119987097626
CXCR3-,MS,MS19270_CSF,GSM4104122_TTCGGTCCATAGAAAC-1,0.3113892676722337
CXCR3-,MS,MS19270_CSF,GSM4104122_TTCTACATCTCTGAGA-1,-0.04566071142199738
CXCR3-,MS,MS19270_CSF,GSM4104122_TTCTCCTCACGGTGTC-1,-0.08884171883307736
CXCR3+,MS,MS19270_CSF,GSM4104122_TTCTCCTTCACAAACC-1,0.16934222328267987
CXCR3+,MS,MS19270_CSF,GSM4104122_TTCTCCTTCGAATGGG-1,-0.1373121239318082
CXCR3-,MS,MS19270_CSF,GSM4104122_TTCTTAGTCAACGGGA-1,-0.29997119987097626
CXCR3-,MS,MS19270_CSF,GSM4104122_TTCTTAGTCCACTGGG-1,0.9568639277685843
CXCR3-,MS,MS19270_CSF,GSM4104122_TTGAACGGTAGAAGGA-1,-0.29997119987097626
CXCR3-,MS,MS19270_CSF,GSM4104122_TTGAACGTCTGCAGTA-1,0.22843877820730402
CXCR3-,MS,MS19270_CSF,GSM4104122_TTGACTTAGAGTGAGA-1,-0.29997119987097626
CXCR3-,MS,MS19270_CSF,GSM4104122_TTGACTTAGCTTTGGT-1,0.16466766018048654
CXCR3+,MS,MS19270_CSF,GSM4104122_TTGACTTAGTAGATGT-1,-0.29997119987097626
CXCR3-,MS,MS19270_CSF,GSM4104122_TTGACTTTCGCGATCG-1,-0.29997119987097626
CXCR3+,MS,MS19270_CSF,GSM4104122_TTGACTTTCGGAGGTA-1,0.10941262679771142
CXCR3+,MS,MS19270_CSF,GSM4104122_TTGCCGTCAAGTCTGT-1,0.23809231415920323
CXCR3+,MS,MS19270_CSF,GSM4104122_TTGCCGTTCTACTATC-1,0.016020686205272288
CXCR3+,MS,MS19270_CSF,GSM4104122_TTGGAACCAATGACCT-1,-0.29997119987097626
CXCR3-,MS,MS19270_CSF,GSM4104122_TTGGAACGTGTGCGTC-1,-0.29997119987097626
CXCR3+,MS,MS19270_CSF,GSM4104122_TTGGAACTCATTTGGG-1,-0.18214786279218595
CXCR3-,MS,MS19270_CSF,GSM4104122_TTGTAGGAGGAGTTTA-1,0.03461403512795177
CXCR3-,MS,MS19270_CSF,GSM4104122_TTGTAGGAGTTGAGTA-1,-0.29997119987097626
CXCR3-,MS,MS19270_CSF,GSM4104122_TTGTAGGCAGACGCAA-1,-0.29997119987097626
CXCR3-,MS,MS19270_CSF,GSM4104122_TTTACTGGTCCCGACA-1,0.5839170057536823
CXCR3-,MS,MS19270_CSF,GSM4104122_TTTACTGTCCCATTAT-1,-0.29997119987097626
CXCR3-,MS,MS19270_CSF,GSM4104122_TTTATGCCATTGGGCC-1,-0.07461249424128094
CXCR3-,MS,MS19270_CSF,GSM4104122_TTTATGCGTGCCTGGT-1,-0.29997119987097626
CXCR3+,MS,MS19270_CSF,GSM4104122_TTTATGCTCTGGCGAC-1,0.4936740586494805
CXCR3-,MS,MS19270_CSF,GSM4104122_TTTGGTTCAAACTGTC-1,0.1607596529398292
CXCR3-,MS,MS19270_CSF,GSM4104122_TTTGGTTCACCGAATT-1,-0.29997119987097626
CXCR3+,MS,MS19270_CSF,GSM4104122_TTTGGTTCACGGCCAT-1,-0.05742753880914977
CXCR3-,MS,MS49131_CSF,GSM4104125_AAACGGGAGTACGTAA-1,-0.29997119987097626
CXCR3+,MS,MS49131_CSF,GSM4104125_AAAGCAATCGCCTGTT-1,-0.29997119987097626
CXCR3-,MS,MS49131_CSF,GSM4104125_AACGTTGTCCTCAATT-1,1.0831363765372883
CXCR3-,MS,MS49131_CSF,GSM4104125_AACTCCCAGAGGTTGC-1,0.32162038912374935
CXCR3-,MS,MS49131_CSF,GSM4104125_AACTCCCCAAAGGTGC-1,-0.29997119987097626
CXCR3-,MS,MS49131_CSF,GSM4104125_AACTCTTAGTCGAGTG-1,0.223835511946556
CXCR3-,MS,MS49131_CSF,GSM4104125_AAGGCAGTCCGCAAGC-1,-0.18005697186309805
CXCR3+,MS,MS49131_CSF,GSM4104125_AAGGTTCCAATTCCTT-1,0.10904981345346425
CXCR3-,MS,MS49131_CSF,GSM4104125_AAGTCTGAGTTGAGTA-1,-0.29997119987097626
CXCR3-,MS,MS49131_CSF,GSM4104125_AATCCAGCATGCTGGC-1,-0.13514940450947246
CXCR3-,MS,MS49131_CSF,GSM4104125_AATCCAGTCCGCGTTT-1,-0.19589812617934574
CXCR3-,MS,MS49131_CSF,GSM4104125_AATCGGTAGTCCAGGA-1,-0.29997119987097626
CXCR3+,MS,MS49131_CSF,GSM4104125_AATCGGTTCAGAGCTT-1,-0.16241533236802416
CXCR3+,MS,MS49131_CSF,GSM4104125_ACAGCCGAGGTGTGGT-1,0.7120995366876454
CXCR3-,MS,MS49131_CSF,GSM4104125_ACATACGCACTTGGAT-1,0.02256658317254025
CXCR3-,MS,MS49131_CSF,GSM4104125_ACATGGTGTGCATCTA-1,-0.29997119987097626
CXCR3-,MS,MS49131_CSF,GSM4104125_ACCAGTACAAGCGTAG-1,0.47429649761676046
CXCR3-,MS,MS49131_CSF,GSM4104125_ACCCACTCATGGTTGT-1,0.1863245429893421
CXCR3+,MS,MS49131_CSF,GSM4104125_ACGAGGAGTCATGCCG-1,-0.29997119987097626
CXCR3+,MS,MS49131_CSF,GSM4104125_ACGGGTCCATGAGCGA-1,0.22078528540552125
CXCR3-,MS,MS49131_CSF,GSM4104125_ACTATCTAGTAAGTAC-1,-0.29997119987097626
CXCR3-,MS,MS49131_CSF,GSM4104125_ACTGATGGTTCGCGAC-1,-0.29997119987097626
CXCR3+,MS,MS49131_CSF,GSM4104125_ACTTGTTGTTAAGATG-1,0.5730608563790829
CXCR3-,MS,MS49131_CSF,GSM4104125_ACTTTCAGTTATCACG-1,0.9774160510667523
CXCR3+,MS,MS49131_CSF,GSM4104125_AGAGCGAGTTTGGGCC-1,0.17067950089789358
CXCR3-,MS,MS49131_CSF,GSM4104125_AGAGTGGGTCTGCCAG-1,0.16931182485721608
CXCR3-,MS,MS49131_CSF,GSM4104125_AGGCCACGTCATATCG-1,0.41173089653083345
CXCR3-,MS,MS49131_CSF,GSM4104125_AGGGAGTGTCAGTGGA-1,-0.02770044367901749
CXCR3-,MS,MS49131_CSF,GSM4104125_AGGGATGAGGGTGTTG-1,0.380995425606582
CXCR3-,MS,MS49131_CSF,GSM4104125_AGGGTGAAGCCGATTT-1,-0.29997119987097626
CXCR3-,MS,MS49131_CSF,GSM4104125_AGGTCCGGTATATGAG-1,-0.29997119987097626
CXCR3+,MS,MS49131_CSF,GSM4104125_AGTAGTCAGCTCCTTC-1,-0.29997119987097626
CXCR3-,MS,MS49131_CSF,GSM4104125_AGTAGTCGTTGCTCCT-1,-0.03450292885972291
CXCR3-,MS,MS49131_CSF,GSM4104125_AGTCTTTGTCACAAGG-1,-0.29997119987097626
CXCR3-,MS,MS49131_CSF,GSM4104125_AGTGGGATCACGATGT-1,0.6292669930475853
CXCR3+,MS,MS49131_CSF,GSM4104125_AGTGTCAGTATGAATG-1,-0.08616102853244494
CXCR3-,MS,MS49131_CSF,GSM4104125_ATCCACCGTCTTCTCG-1,0.08264347234896495
CXCR3-,MS,MS49131_CSF,GSM4104125_ATCTGCCGTAGGCATG-1,0.24331246812482724
CXCR3-,MS,MS49131_CSF,GSM4104125_ATGCGATCATGATCCA-1,-0.013154325728190799
CXCR3-,MS,MS49131_CSF,GSM4104125_ATTCTACGTCATATGC-1,-0.29997119987097626
CXCR3-,MS,MS49131_CSF,GSM4104125_ATTGGTGCAAGTAGTA-1,0.36956622878497125
CXCR3-,MS,MS49131_CSF,GSM4104125_CAACCAACAACTTGAC-1,0.05972044345895565
CXCR3+,MS,MS49131_CSF,GSM4104125_CAACTAGCAGTACACT-1,-0.29997119987097626
CXCR3-,MS,MS49131_CSF,GSM4104125_CAAGAAAAGACAAGCC-1,-0.29997119987097626
CXCR3-,MS,MS49131_CSF,GSM4104125_CACACAAGTCACTGGC-1,-0.09756046767183157
CXCR3-,MS,MS49131_CSF,GSM4104125_CACACCTAGAAGCCCA-1,-0.1281775164228798
CXCR3+,MS,MS49131_CSF,GSM4104125_CACAGTATCTTGGGTA-1,0.09851715484116592
CXCR3-,MS,MS49131_CSF,GSM4104125_CACATTTCAGCCTTTC-1,-0.29997119987097626
CXCR3-,MS,MS49131_CSF,GSM4104125_CACATTTGTCTAGTCA-1,0.19902612304426756
CXCR3-,MS,MS49131_CSF,GSM4104125_CACCACTGTGGTACAG-1,0.04113375455805689
CXCR3-,MS,MS49131_CSF,GSM4104125_CACCAGGAGCGCTTAT-1,-0.0759868760457222
CXCR3-,MS,MS49131_CSF,GSM4104125_CACTCCATCTCGTTTA-1,0.08548510432441833
CXCR3+,MS,MS49131_CSF,GSM4104125_CAGAATCCAGCGTTCG-1,-0.29997119987097626
CXCR3-,MS,MS49131_CSF,GSM4104125_CAGAATCGTAAGTAGT-1,-0.29997119987097626
CXCR3+,MS,MS49131_CSF,GSM4104125_CAGAATCTCTTGTTTG-1,0.5894737997078827
CXCR3-,MS,MS49131_CSF,GSM4104125_CAGAGAGAGGAGTCTG-1,0.06791183314838967
CXCR3-,MS,MS49131_CSF,GSM4104125_CAGATCATCGTGACAT-1,-0.29997119987097626
CXCR3+,MS,MS49131_CSF,GSM4104125_CAGCAGCTCACTTACT-1,-0.29997119987097626
CXCR3+,MS,MS49131_CSF,GSM4104125_CAGGTGCAGAGCTGCA-1,0.5809998866965118
CXCR3-,MS,MS49131_CSF,GSM4104125_CAGTAACTCCTACAGA-1,-0.29997119987097626
CXCR3+,MS,MS49131_CSF,GSM4104125_CATATGGCATCGATGT-1,0.21654160494947927
CXCR3+,MS,MS49131_CSF,GSM4104125_CATATTCTCCTGCAGG-1,0.7233670988401342
CXCR3+,MS,MS49131_CSF,GSM4104125_CATCAAGGTTCGCTAA-1,0.2370410176223612
CXCR3-,MS,MS49131_CSF,GSM4104125_CATCAGAGTTCACGGC-1,0.06687698998879367
CXCR3+,MS,MS49131_CSF,GSM4104125_CATCCACCAGACGCCT-1,0.06445879746056385
CXCR3-,MS,MS49131_CSF,GSM4104125_CATCGAAAGGCTCATT-1,-0.29997119987097626
CXCR3-,MS,MS49131_CSF,GSM4104125_CATTATCCAAGACGTG-1,-0.29997119987097626
CXCR3-,MS,MS49131_CSF,GSM4104125_CATTCGCAGACCTAGG-1,0.4611555151555177
CXCR3-,MS,MS49131_CSF,GSM4104125_CCACGGATCAACTCTT-1,0.25801956164224915
CXCR3-,MS,MS49131_CSF,GSM4104125_CCATTCGCACTTCTGC-1,0.019888503800382682
CXCR3-,MS,MS49131_CSF,GSM4104125_CCCTCCTTCCGCGGTA-1,-0.08775002312609773
CXCR3+,MS,MS49131_CSF,GSM4104125_CCTACACTCGAATGCT-1,-0.29997119987097626
CXCR3-,MS,MS49131_CSF,GSM4104125_CCTCAGTGTATCACCA-1,0.1760620695469645
CXCR3-,MS,MS49131_CSF,GSM4104125_CCTTACGAGGGAGTAA-1,-0.10778189794775317
CXCR3+,MS,MS49131_CSF,GSM4104125_CGAGAAGGTAGAGTGC-1,-0.29997119987097626
CXCR3-,MS,MS49131_CSF,GSM4104125_CGAGCACTCCACTCCA-1,-0.29997119987097626
CXCR3-,MS,MS49131_CSF,GSM4104125_CGCGGTAGTGATGTGG-1,0.29570366075983545
CXCR3-,MS,MS49131_CSF,GSM4104125_CGCGTTTCATCTATGG-1,-0.14552495278844083
CXCR3+,MS,MS49131_CSF,GSM4104125_CGGACACAGAAGAAGC-1,-0.08512619420134888
CXCR3-,MS,MS49131_CSF,GSM4104125_CGGACACGTAAGGATT-1,0.5640245818587726
CXCR3-,MS,MS49131_CSF,GSM4104125_CGGACACTCTGTCAAG-1,-0.12397434500565051
CXCR3-,MS,MS49131_CSF,GSM4104125_CGGAGCTCAAGTAATG-1,0.5570086694092495
CXCR3-,MS,MS49131_CSF,GSM4104125_CGGAGCTTCGTTGCCT-1,-0.29997119987097626
CXCR3-,MS,MS49131_CSF,GSM4104125_CGGCTAGAGTCACGCC-1,-0.09853557285906327
CXCR3+,MS,MS49131_CSF,GSM4104125_CGGTTAATCACGGTTA-1,-0.15645723260267605
CXCR3-,MS,MS49131_CSF,GSM4104125_CGTCACTTCACGGTTA-1,0.4539878605746271
CXCR3+,MS,MS49131_CSF,GSM4104125_CGTCACTTCTTTCCTC-1,0.18103009816803825
CXCR3-,MS,MS49131_CSF,GSM4104125_CGTGTAAAGATGGGTC-1,0.07445259437374553
CXCR3-,MS,MS49131_CSF,GSM4104125_CGTTCTGGTATTAGCC-1,0.4007437646256178
CXCR3-,MS,MS49131_CSF,GSM4104125_CTAGCCTCACCGAATT-1,0.06304999231963561
CXCR3-,MS,MS49131_CSF,GSM4104125_CTCAGAAAGAGTAAGG-1,0.3219035518637198
CXCR3-,MS,MS49131_CSF,GSM4104125_CTCAGAAAGCTGCAAG-1,-0.09650958860625214
CXCR3-,MS,MS49131_CSF,GSM4104125_CTCAGAAAGGGATCTG-1,-0.14132571939413865
CXCR3-,MS,MS49131_CSF,GSM4104125_CTCGAGGAGTCAAGGC-1,-0.1265831545095218
CXCR3+,MS,MS49131_CSF,GSM4104125_CTCGTACGTCAGGACA-1,0.037661757165092916
CXCR3-,MS,MS49131_CSF,GSM4104125_CTCTACGAGCGTTTAC-1,0.028181686433385478
CXCR3+,MS,MS49131_CSF,GSM4104125_CTGAAACCAAGTCATC-1,-0.2317582911826259
CXCR3-,MS,MS49131_CSF,GSM4104125_CTGAAACCACGACTCG-1,0.6060982695385089
CXCR3-,MS,MS49131_CSF,GSM4104125_CTGGTCTGTAAGAGAG-1,-0.29997119987097626
CXCR3-,MS,MS49131_CSF,GSM4104125_CTTAACTAGTACATGA-1,0.3403346225659315
CXCR3-,MS,MS49131_CSF,GSM4104125_CTTTGCGTCGCGTTTC-1,0.10895190213460608
CXCR3+,MS,MS49131_CSF,GSM4104125_GAAACTCGTGTAATGA-1,-0.29997119987097626
CXCR3-,MS,MS49131_CSF,GSM4104125_GAACATCCAAGGACAC-1,0.01106335369680377
CXCR3-,MS,MS49131_CSF,GSM4104125_GAACGGAAGAATGTGT-1,0.0038109360059512187
CXCR3-,MS,MS49131_CSF,GSM4104125_GACAGAGTCTTAGAGC-1,-0.07606049939346896
CXCR3+,MS,MS49131_CSF,GSM4104125_GACCTGGTCGAACGGA-1,0.8289492122810741
CXCR3-,MS,MS49131_CSF,GSM4104125_GACGCGTAGGTTACCT-1,-0.29997119987097626
CXCR3-,MS,MS49131_CSF,GSM4104125_GACGTGCCATGCAATC-1,-0.18163682227524908
CXCR3+,MS,MS49131_CSF,GSM4104125_GACGTTAAGGTGATTA-1,-0.29997119987097626
CXCR3-,MS,MS49131_CSF,GSM4104125_GACGTTACATACTACG-1,-0.1567061601888335
CXCR3+,MS,MS49131_CSF,GSM4104125_GACGTTAGTTGGTTTG-1,0.041425292129125504
CXCR3-,MS,MS49131_CSF,GSM4104125_GACTAACTCATACGGT-1,0.43145945363365307
CXCR3-,MS,MS49131_CSF,GSM4104125_GAGCAGACATTCCTCG-1,-0.29997119987097626
CXCR3+,MS,MS49131_CSF,GSM4104125_GATCGCGAGAAGGTTT-1,-0.019917425831192017
CXCR3-,MS,MS49131_CSF,GSM4104125_GATCGTAGTCGAAAGC-1,1.1564530781086155
CXCR3-,MS,MS49131_CSF,GSM4104125_GATTCAGCACCACCAG-1,-0.29997119987097626
CXCR3-,MS,MS49131_CSF,GSM4104125_GCAATCAGTCCCTACT-1,-0.001678329366443457
CXCR3-,MS,MS49131_CSF,GSM4104125_GCACATACAAATCCGT-1,-0.06624072692084271
CXCR3-,MS,MS49131_CSF,GSM4104125_GCACTCTTCACATGCA-1,0.16613938905992523
CXCR3-,MS,MS49131_CSF,GSM4104125_GCATACATCAACACAC-1,-0.17427941169646782
CXCR3-,MS,MS49131_CSF,GSM4104125_GCCAAATTCGAGAACG-1,-0.29997119987097626
CXCR3+,MS,MS49131_CSF,GSM4104125_GCGACCACAACACCCG-1,-0.014728837270995974
CXCR3-,MS,MS49131_CSF,GSM4104125_GCGAGAAAGCTAGTCT-1,-0.29997119987097626
CXCR3+,MS,MS49131_CSF,GSM4104125_GCGAGAACAACACCTA-1,-0.15486536887653604
CXCR3+,MS,MS49131_CSF,GSM4104125_GCGCAACAGAGTTGGC-1,0.2789540194365843
CXCR3-,MS,MS49131_CSF,GSM4104125_GCTGCAGGTAGCGCAA-1,0.06149925344026535
CXCR3-,MS,MS49131_CSF,GSM4104125_GGAAAGCGTCCGCTGA-1,-0.0754935049654171
CXCR3-,MS,MS49131_CSF,GSM4104125_GGACAAGGTTGGTTTG-1,-0.29997119987097626
CXCR3+,MS,MS49131_CSF,GSM4104125_GGAGCAACACACGCTG-1,-0.29997119987097626
CXCR3-,MS,MS49131_CSF,GSM4104125_GGATGTTAGAAACCTA-1,-0.29997119987097626
CXCR3-,MS,MS49131_CSF,GSM4104125_GGGAATGCACGAGGTA-1,-0.08471188137255917
CXCR3-,MS,MS49131_CSF,GSM4104125_GGGACCTGTGAGGCTA-1,-0.29997119987097626
CXCR3+,MS,MS49131_CSF,GSM4104125_GGGAGATAGGCTAGCA-1,-0.15648217341454776
CXCR3+,MS,MS49131_CSF,GSM4104125_GGTATTGGTATCGCAT-1,0.08971359525177436
CXCR3-,MS,MS49131_CSF,GSM4104125_GGTATTGGTGGCTCCA-1,0.13941628339907258
CXCR3-,MS,MS49131_CSF,GSM4104125_GTACGTAAGTTGAGTA-1,0.08701476813106121
CXCR3+,MS,MS49131_CSF,GSM4104125_GTAGTCACAGCTGGCT-1,-0.09238992780755233
CXCR3+,MS,MS49131_CSF,GSM4104125_GTCAAGTAGTACGCCC-1,0.5586670551920817
CXCR3-,MS,MS49131_CSF,GSM4104125_GTCCTCACACAGCGTC-1,-0.29997119987097626
CXCR3+,MS,MS49131_CSF,GSM4104125_GTCTCGTTCCGTACAA-1,0.2213103301871426
CXCR3-,MS,MS49131_CSF,GSM4104125_GTGCAGCGTGGCGAAT-1,-0.29997119987097626
CXCR3+,MS,MS49131_CSF,GSM4104125_GTGCATAAGTGGCACA-1,-0.29997119987097626
CXCR3-,MS,MS49131_CSF,GSM4104125_GTGCATACATCCCACT-1,0.14383096944875856
CXCR3-,MS,MS49131_CSF,GSM4104125_GTGCATATCTACTCAT-1,0.44444156612205193
CXCR3-,MS,MS49131_CSF,GSM4104125_GTGCTTCCAAGTACCT-1,-0.29997119987097626
CXCR3+,MS,MS49131_CSF,GSM4104125_GTGCTTCTCGTGGTCG-1,-0.14643852722630507
CXCR3-,MS,MS49131_CSF,GSM4104125_GTGTGCGTCACGAAGG-1,-0.11880338101347121
CXCR3-,MS,MS49131_CSF,GSM4104125_GTTTCTAGTCTAGTGT-1,-0.29997119987097626
CXCR3-,MS,MS49131_CSF,GSM4104125_TAAGAGACAGGACGTA-1,-0.22018528770397025
CXCR3-,MS,MS49131_CSF,GSM4104125_TAAGCGTAGTTCCACA-1,-0.29997119987097626
CXCR3+,MS,MS49131_CSF,GSM4104125_TACAGTGTCCCACTTG-1,-0.16749953093243738
CXCR3+,MS,MS49131_CSF,GSM4104125_TACCTATTCTCGCTTG-1,-0.29997119987097626
CXCR3+,MS,MS49131_CSF,GSM4104125_TACGGGCCAGTCAGCC-1,0.061810756873000826
CXCR3+,MS,MS49131_CSF,GSM4104125_TACGGGCGTTCGTCTC-1,0.02830589439784784
CXCR3-,MS,MS49131_CSF,GSM4104125_TCAACGAAGGTCGGAT-1,0.20598437979118264
CXCR3-,MS,MS49131_CSF,GSM4104125_TCAATCTAGGTAGCCA-1,-0.29997119987097626
CXCR3+,MS,MS49131_CSF,GSM4104125_TCAGATGTCTTCGGTC-1,0.3972385012915161
CXCR3+,MS,MS49131_CSF,GSM4104125_TCAGCTCCATCAGTCA-1,-0.0766694859198331
CXCR3-,MS,MS49131_CSF,GSM4104125_TCCACACCAGTTTACG-1,-0.29997119987097626
CXCR3+,MS,MS49131_CSF,GSM4104125_TCGCGAGCACTTCGAA-1,-0.29997119987097626
CXCR3-,MS,MS49131_CSF,GSM4104125_TCGGGACCATGGAATA-1,0.019514493531451134
CXCR3-,MS,MS49131_CSF,GSM4104125_TCGGTAACATAGTAAG-1,-0.29997119987097626
CXCR3-,MS,MS49131_CSF,GSM4104125_TCTATTGTCGTCTGCT-1,0.2933638696782932
CXCR3+,MS,MS49131_CSF,GSM4104125_TGAAAGACATCATCCC-1,0.9028757618482259
CXCR3-,MS,MS49131_CSF,GSM4104125_TGACAACAGTTAGCGG-1,-0.13764765286144304
CXCR3-,MS,MS49131_CSF,GSM4104125_TGACAACTCTGTACGA-1,-0.29997119987097626
CXCR3+,MS,MS49131_CSF,GSM4104125_TGAGAGGGTCTAGAGG-1,-0.0509705181031766
CXCR3+,MS,MS49131_CSF,GSM4104125_TGAGAGGTCGATGAGG-1,0.07102012017568007
CXCR3-,MS,MS49131_CSF,GSM4104125_TGATTTCCAATGGAGC-1,0.2069652006908312
CXCR3+,MS,MS49131_CSF,GSM4104125_TGATTTCTCAGCATGT-1,0.047254010125611715
CXCR3-,MS,MS49131_CSF,GSM4104125_TGCACCTTCTACCAGA-1,-0.14462834935414343
CXCR3-,MS,MS49131_CSF,GSM4104125_TGCGTGGCAGTCAGCC-1,0.17236475048466823
CXCR3-,MS,MS49131_CSF,GSM4104125_TGGCCAGAGAGGTACC-1,-0.29997119987097626
CXCR3-,MS,MS49131_CSF,GSM4104125_TGGCGCAAGATATACG-1,0.17249797673162695
CXCR3-,MS,MS49131_CSF,GSM4104125_TGGGAAGCAGCATGAG-1,0.36097056169935887
CXCR3-,MS,MS49131_CSF,GSM4104125_TGGGCGTCATTTCAGG-1,0.7742789982587116
CXCR3-,MS,MS49131_CSF,GSM4104125_TGTATTCGTAGCCTCG-1,-0.29997119987097626
CXCR3+,MS,MS49131_CSF,GSM4104125_TTAACTCTCAGGTAAA-1,0.01097548546259064
CXCR3-,MS,MS49131_CSF,GSM4104125_TTATGCTGTCGTGGCT-1,-0.14432669210980426
CXCR3-,MS,MS49131_CSF,GSM4104125_TTATGCTGTTGTCTTT-1,-0.055635882152056115
CXCR3-,MS,MS49131_CSF,GSM4104125_TTCCCAGGTAAATGTG-1,-0.29997119987097626
CXCR3-,MS,MS49131_CSF,GSM4104125_TTCGAAGTCCTAGGGC-1,0.023763463588918073
CXCR3-,MS,MS49131_CSF,GSM4104125_TTGACTTGTTGGACCC-1,-0.1183186301467347
CXCR3+,MS,MS49131_CSF,GSM4104125_TTTACTGTCTGCCCTA-1,-0.052522034415794075
CXCR3+,MS,MS49131_CSF,GSM4104125_TTTATGCCAAGTAGTA-1,-0.29997119987097626
CXCR3-,MS,MS49131_CSF,GSM4104125_TTTATGCCAGGTGGAT-1,0.14755572924052546
CXCR3+,MS,MS49131_CSF,GSM4104125_TTTGTCAAGATATGGT-1,-0.29997119987097626
CXCR3-,MS,MS58637_CSF,GSM4104123_AAACCTGCATGCCTAA-1,0.3046187533676336
CXCR3-,MS,MS58637_CSF,GSM4104123_AAAGATGAGCCACCTG-1,0.4389035838381125
CXCR3-,MS,MS58637_CSF,GSM4104123_AACTGGTGTATTAGCC-1,-0.14164154648883162
CXCR3+,MS,MS58637_CSF,GSM4104123_AACTGGTTCCCAACGG-1,0.4205682692584131
CXCR3+,MS,MS58637_CSF,GSM4104123_AAGCCGCCAGGTCCAC-1,-0.29997119987097626
CXCR3-,MS,MS58637_CSF,GSM4104123_AATCGGTAGCTAACAA-1,-0.29997119987097626
CXCR3-,MS,MS58637_CSF,GSM4104123_ACACTGACACTCTGTC-1,-0.29997119987097626
CXCR3-,MS,MS58637_CSF,GSM4104123_ACAGCCGAGAGCTTCT-1,0.14671286355122543
CXCR3-,MS,MS58637_CSF,GSM4104123_ACATCAGGTAGCCTCG-1,-0.29997119987097626
CXCR3+,MS,MS58637_CSF,GSM4104123_ACCCACTAGACGCTTT-1,-0.29997119987097626
CXCR3-,MS,MS58637_CSF,GSM4104123_ACCGTAAGTCTGCAAT-1,0.022020948224364765
CXCR3-,MS,MS58637_CSF,GSM4104123_ACGGAGACAATGAAAC-1,-0.010726766334284139
CXCR3-,MS,MS58637_CSF,GSM4104123_ACGGGCTCAACTGCTA-1,-0.15532440639428366
CXCR3-,MS,MS58637_CSF,GSM4104123_ACGGGCTTCTTGACGA-1,-0.29997119987097626
CXCR3-,MS,MS58637_CSF,GSM4104123_ACTGAACAGCGAAGGG-1,-0.29997119987097626
CXCR3-,MS,MS58637_CSF,GSM4104123_ACTGAACGTTTGGCGC-1,-0.29997119987097626
CXCR3-,MS,MS58637_CSF,GSM4104123_ACTGAGTGTGATGCCC-1,0.014961221699573955
CXCR3-,MS,MS58637_CSF,GSM4104123_ACTTACTCAGGGAGAG-1,-0.11379655991145318
CXCR3-,MS,MS58637_CSF,GSM4104123_ACTTTCACAATAACGA-1,-0.10857072144503362
CXCR3-,MS,MS58637_CSF,GSM4104123_AGACGTTCACCCTATC-1,-0.29997119987097626
CXCR3-,MS,MS58637_CSF,GSM4104123_AGACGTTCAGCCACCA-1,-0.29997119987097626
CXCR3+,MS,MS58637_CSF,GSM4104123_AGAGCGACACGCGAAA-1,-0.29997119987097626
CXCR3-,MS,MS58637_CSF,GSM4104123_AGAGTGGGTTATTCTC-1,0.02414361554356773
CXCR3-,MS,MS58637_CSF,GSM4104123_AGAGTGGGTTCGCTAA-1,0.33305200037901256
CXCR3-,MS,MS58637_CSF,GSM4104123_AGCAGCCGTGACTACT-1,-0.29997119987097626
CXCR3-,MS,MS58637_CSF,GSM4104123_AGCAGCCGTGTGACGA-1,0.08605288629937224
CXCR3-,MS,MS58637_CSF,GSM4104123_AGCAGCCTCCGTTGTC-1,-0.29997119987097626
CXCR3-,MS,MS58637_CSF,GSM4104123_AGCGTATGTGCTAGCC-1,0.10629192844920025
CXCR3+,MS,MS58637_CSF,GSM4104123_AGGGTGAGTTCCACTC-1,0.6659728986936816
CXCR3-,MS,MS58637_CSF,GSM4104123_AGGGTGATCTGAAAGA-1,0.3414086934806231
CXCR3-,MS,MS58637_CSF,GSM4104123_AGGTCATGTCCTAGCG-1,-0.29997119987097626
CXCR3-,MS,MS58637_CSF,GSM4104123_AGTAGTCCAAGAGGCT-1,-0.29997119987097626
CXCR3-,MS,MS58637_CSF,GSM4104123_AGTCTTTGTCTTTCAT-1,0.13415901891289406
CXCR3-,MS,MS58637_CSF,GSM4104123_AGTGTCATCCCTCTTT-1,-0.29997119987097626
CXCR3+,MS,MS58637_CSF,GSM4104123_AGTTGGTGTCCGAAGA-1,0.6110238332912584
CXCR3-,MS,MS58637_CSF,GSM4104123_ATAACGCAGCCTATGT-1,0.37418290679243366
CXCR3-,MS,MS58637_CSF,GSM4104123_ATCACGATCCAATGGT-1,-0.29997119987097626
CXCR3+,MS,MS58637_CSF,GSM4104123_ATCATGGAGATGCGAC-1,-0.019379032144592228
CXCR3+,MS,MS58637_CSF,GSM4104123_ATCATGGCAAGGTGTG-1,-0.29997119987097626
CXCR3-,MS,MS58637_CSF,GSM4104123_ATCATGGGTCGGCTCA-1,-0.29997119987097626
CXCR3-,MS,MS58637_CSF,GSM4104123_ATCCACCCACATCTTT-1,-0.29997119987097626
CXCR3+,MS,MS58637_CSF,GSM4104123_ATGAGGGGTCTCACCT-1,-0.000179552639153099
CXCR3-,MS,MS58637_CSF,GSM4104123_ATGGGAGCACCCATGG-1,-0.16945488823911722
CXCR3-,MS,MS58637_CSF,GSM4104123_ATGTGTGAGATGCGAC-1,-0.29997119987097626
CXCR3+,MS,MS58637_CSF,GSM4104123_ATGTGTGTCAGCTCTC-1,-0.29997119987097626
CXCR3-,MS,MS58637_CSF,GSM4104123_ATTATCCAGACGACGT-1,-0.29997119987097626
CXCR3-,MS,MS58637_CSF,GSM4104123_ATTATCCGTGTGCGTC-1,0.18839760150067358
CXCR3+,MS,MS58637_CSF,GSM4104123_ATTGGACTCCAACCAA-1,0.01866291800993891
CXCR3-,MS,MS58637_CSF,GSM4104123_ATTGGTGAGGATGGTC-1,-0.13151955005276833
CXCR3-,MS,MS58637_CSF,GSM4104123_ATTTCTGGTCCAACTA-1,0.5139453535227334
CXCR3-,MS,MS58637_CSF,GSM4104123_ATTTCTGTCACTTATC-1,-0.1353667992073474
CXCR3-,MS,MS58637_CSF,GSM4104123_CACACCTTCCTTTCGG-1,-0.09593842082684689
CXCR3-,MS,MS58637_CSF,GSM4104123_CACACTCGTACAGTGG-1,0.5423247006096096
CXCR3-,MS,MS58637_CSF,GSM4104123_CACAGTAGTGATAAAC-1,-0.29997119987097626
CXCR3-,MS,MS58637_CSF,GSM4104123_CACCACTAGAAACGAG-1,-0.29997119987097626
CXCR3-,MS,MS58637_CSF,GSM4104123_CACCACTGTATGCTTG-1,0.0016308506643853019
CXCR3-,MS,MS58637_CSF,GSM4104123_CACCAGGCATGCTGGC-1,0.6451215366041145
CXCR3+,MS,MS58637_CSF,GSM4104123_CACCTTGAGGACTGGT-1,0.16342755445418428
CXCR3-,MS,MS58637_CSF,GSM4104123_CACCTTGGTTGGAGGT-1,0.013040582433694976
CXCR3-,MS,MS58637_CSF,GSM4104123_CAGAATCGTAACGACG-1,-0.29997119987097626
CXCR3-,MS,MS58637_CSF,GSM4104123_CAGCAGCAGCAACGGT-1,-0.29997119987097626
CXCR3-,MS,MS58637_CSF,GSM4104123_CAGGTGCCAAGTTAAG-1,-0.29997119987097626
CXCR3-,MS,MS58637_CSF,GSM4104123_CAGTAACCACGCGAAA-1,0.1666615974546053
CXCR3+,MS,MS58637_CSF,GSM4104123_CAGTCCTTCTTGCATT-1,-0.29997119987097626
CXCR3-,MS,MS58637_CSF,GSM4104123_CATATTCCACAGTCGC-1,-0.29997119987097626
CXCR3-,MS,MS58637_CSF,GSM4104123_CATCCACTCACCCGAG-1,-0.29997119987097626
CXCR3-,MS,MS58637_CSF,GSM4104123_CATCGAACAACGATGG-1,-0.29997119987097626
CXCR3-,MS,MS58637_CSF,GSM4104123_CATCGGGGTCGCGGTT-1,0.012478018619152717
CXCR3-,MS,MS58637_CSF,GSM4104123_CATGACATCGGCGGTT-1,-0.29997119987097626
CXCR3-,MS,MS58637_CSF,GSM4104123_CATTATCAGTTTAGGA-1,0.09762958713853113
CXCR3-,MS,MS58637_CSF,GSM4104123_CCACGGATCCCGGATG-1,-0.29997119987097626
CXCR3-,MS,MS58637_CSF,GSM4104123_CCATGTCTCTATGTGG-1,-0.29997119987097626
CXCR3+,MS,MS58637_CSF,GSM4104123_CCCAATCGTAAATGTG-1,-0.29997119987097626
CXCR3-,MS,MS58637_CSF,GSM4104123_CCTAAAGTCGCGATCG-1,-0.29997119987097626
CXCR3-,MS,MS58637_CSF,GSM4104123_CCTACACAGCCGTCGT-1,-0.29997119987097626
CXCR3-,MS,MS58637_CSF,GSM4104123_CCTACCATCACCACCT-1,0.18398186345974193
CXCR3-,MS,MS58637_CSF,GSM4104123_CGAACATGTCTAGCGC-1,-0.29997119987097626
CXCR3+,MS,MS58637_CSF,GSM4104123_CGCTGGACATCTGGTA-1,0.12579519518071464
CXCR3-,MS,MS58637_CSF,GSM4104123_CGCTTCACACCTGGTG-1,-0.29997119987097626
CXCR3-,MS,MS58637_CSF,GSM4104123_CGCTTCATCAGTACGT-1,-0.29997119987097626
CXCR3-,MS,MS58637_CSF,GSM4104123_CGCTTCATCTGCAGTA-1,-0.29997119987097626
CXCR3+,MS,MS58637_CSF,GSM4104123_CGGACGTTCTACGAGT-1,0.13043246627299715
CXCR3-,MS,MS58637_CSF,GSM4104123_CGTAGCGAGACAGACC-1,0.3329157643280664
CXCR3-,MS,MS58637_CSF,GSM4104123_CGTAGCGGTTCACCTC-1,0.32584505114911405
CXCR3-,MS,MS58637_CSF,GSM4104123_CGTCACTAGGCGTACA-1,-0.29997119987097626
CXCR3-,MS,MS58637_CSF,GSM4104123_CGTGAGCTCTTATCTG-1,-0.29997119987097626
CXCR3+,MS,MS58637_CSF,GSM4104123_CGTGTCTGTGAAGGCT-1,-0.12156305606240067
CXCR3-,MS,MS58637_CSF,GSM4104123_CGTTAGACACGCGAAA-1,-0.29997119987097626
CXCR3-,MS,MS58637_CSF,GSM4104123_CGTTGGGGTGATGCCC-1,-0.04334686056200066
CXCR3-,MS,MS58637_CSF,GSM4104123_CTAATGGGTGCCTGCA-1,-0.29997119987097626
CXCR3-,MS,MS58637_CSF,GSM4104123_CTAATGGTCTTGCAAG-1,0.07308504862595948
CXCR3+,MS,MS58637_CSF,GSM4104123_CTACCCAAGCCAGTTT-1,-0.1286759224495922
CXCR3-,MS,MS58637_CSF,GSM4104123_CTCAGAACACCTGGTG-1,0.3091331176794872
CXCR3+,MS,MS58637_CSF,GSM4104123_CTCCTAGAGTCCTCCT-1,-0.29997119987097626
CXCR3-,MS,MS58637_CSF,GSM4104123_CTCGAAAAGGAATCGC-1,-0.29997119987097626
CXCR3+,MS,MS58637_CSF,GSM4104123_CTCGAGGAGGCTCTTA-1,0.2771695328065853
CXCR3+,MS,MS58637_CSF,GSM4104123_CTCGTACTCCGATATG-1,-0.29997119987097626
CXCR3-,MS,MS58637_CSF,GSM4104123_CTCGTCACAGTCGATT-1,-0.29997119987097626
CXCR3-,MS,MS58637_CSF,GSM4104123_CTCTAATCAAGGCTCC-1,-0.29997119987097626
CXCR3-,MS,MS58637_CSF,GSM4104123_CTCTACGTCTTACCGC-1,-0.29997119987097626
CXCR3+,MS,MS58637_CSF,GSM4104123_CTGAAACCATTTCAGG-1,-0.00029765363607233065
CXCR3-,MS,MS58637_CSF,GSM4104123_CTGATCCCAGCGTAAG-1,-0.29997119987097626
CXCR3-,MS,MS58637_CSF,GSM4104123_CTGCGGATCTGCGACG-1,-0.29997119987097626
CXCR3-,MS,MS58637_CSF,GSM4104123_CTTAGGACAAGTCTAC-1,0.3260632084910802
CXCR3-,MS,MS58637_CSF,GSM4104123_CTTCTCTCAATAGCGG-1,-0.29997119987097626
CXCR3-,MS,MS58637_CSF,GSM4104123_CTTGGCTGTTCCATGA-1,-0.29997119987097626
CXCR3+,MS,MS58637_CSF,GSM4104123_CTTTGCGAGTGTGGCA-1,-0.29997119987097626
CXCR3+,MS,MS58637_CSF,GSM4104123_GAAACTCCAGTCGATT-1,0.14756370272286604
CXCR3-,MS,MS58637_CSF,GSM4104123_GAAACTCTCCTAAGTG-1,0.24249189721035996
CXCR3-,MS,MS58637_CSF,GSM4104123_GAAATGATCGAATGGG-1,-0.03403553091333016
CXCR3-,MS,MS58637_CSF,GSM4104123_GAACCTAGTACCGTAT-1,0.20298983418973449
CXCR3-,MS,MS58637_CSF,GSM4104123_GAACCTAGTTTGACAC-1,0.2017009027001111
CXCR3-,MS,MS58637_CSF,GSM4104123_GAACCTATCTCTGTCG-1,0.18352712923234818
CXCR3-,MS,MS58637_CSF,GSM4104123_GACAGAGGTCGCTTCT-1,0.08766068978627317
CXCR3-,MS,MS58637_CSF,GSM4104123_GACCAATAGGTTCCTA-1,-0.29997119987097626
CXCR3+,MS,MS58637_CSF,GSM4104123_GACCAATAGTACGACG-1,-0.29997119987097626
CXCR3-,MS,MS58637_CSF,GSM4104123_GACGCGTCAGGAACGT-1,0.42025657928278665
CXCR3-,MS,MS58637_CSF,GSM4104123_GACGTTAAGAGACGAA-1,-0.055851541217140754
CXCR3-,MS,MS58637_CSF,GSM4104123_GACGTTAAGGCTAGCA-1,-0.29997119987097626
CXCR3-,MS,MS58637_CSF,GSM4104123_GACGTTAGTTCGTGAT-1,0.2266613458858319
CXCR3-,MS,MS58637_CSF,GSM4104123_GATCAGTGTTCGTGAT-1,0.15289676089498275
CXCR3-,MS,MS58637_CSF,GSM4104123_GATCTAGTCTCGTTTA-1,0.6491160046619584
CXCR3-,MS,MS58637_CSF,GSM4104123_GCAAACTGTTCCACTC-1,0.4233350663355428
CXCR3-,MS,MS58637_CSF,GSM4104123_GCAAACTTCTTGAGGT-1,0.06472304322249424
CXCR3-,MS,MS58637_CSF,GSM4104123_GCAATCAGTGTGACCC-1,-0.29997119987097626
CXCR3+,MS,MS58637_CSF,GSM4104123_GCACTCTTCTGCTGCT-1,-0.29997119987097626
CXCR3-,MS,MS58637_CSF,GSM4104123_GCAGTTATCTGTCCGT-1,0.0022490005596738083
CXCR3-,MS,MS58637_CSF,GSM4104123_GCATACAAGAGCTGCA-1,0.019240170515465005
CXCR3-,MS,MS58637_CSF,GSM4104123_GCCAAATGTTTGGCGC-1,0.5447031532316464
CXCR3+,MS,MS58637_CSF,GSM4104123_GCCTCTAAGGGTATCG-1,0.23381670637582921
CXCR3+,MS,MS58637_CSF,GSM4104123_GCGAGAACACCAACCG-1,-0.29997119987097626
CXCR3-,MS,MS58637_CSF,GSM4104123_GCGCGATTCATAAAGG-1,-0.29997119987097626
CXCR3-,MS,MS58637_CSF,GSM4104123_GCGCGATTCTCCAACC-1,0.15807719663584943
CXCR3-,MS,MS58637_CSF,GSM4104123_GCGCGATTCTCCCTGA-1,0.24723873175755587
CXCR3-,MS,MS58637_CSF,GSM4104123_GCGGGTTTCCAGTAGT-1,-0.29997119987097626
CXCR3-,MS,MS58637_CSF,GSM4104123_GCTCTGTCAGTATAAG-1,-0.020319345299087587
CXCR3-,MS,MS58637_CSF,GSM4104123_GCTGCTTCAGGGTATG-1,0.03667717612691008
CXCR3-,MS,MS58637_CSF,GSM4104123_GCTGCTTCATACTCTT-1,-0.29997119987097626
CXCR3-,MS,MS58637_CSF,GSM4104123_GCTGCTTGTTTGGCGC-1,0.2685082403270826
CXCR3-,MS,MS58637_CSF,GSM4104123_GCTGGGTTCAAAGTAG-1,-0.29997119987097626
CXCR3-,MS,MS58637_CSF,GSM4104123_GGAACTTAGCCGGTAA-1,0.14777253238899896
CXCR3-,MS,MS58637_CSF,GSM4104123_GGAATAATCAACGGCC-1,-0.0013356172355937699
CXCR3-,MS,MS58637_CSF,GSM4104123_GGACAAGCAATACGCT-1,0.10258110663133192
CXCR3+,MS,MS58637_CSF,GSM4104123_GGACGTCGTGGTTTCA-1,0.8482070291704936
CXCR3-,MS,MS58637_CSF,GSM4104123_GGACGTCTCGTTGCCT-1,0.4580062343751427
CXCR3+,MS,MS58637_CSF,GSM4104123_GGAGCAAAGTGAAGAG-1,-0.16693742504081774
CXCR3-,MS,MS58637_CSF,GSM4104123_GGATGTTAGGAGCGAG-1,-0.29997119987097626
CXCR3+,MS,MS58637_CSF,GSM4104123_GGCGTGTGTTCAGGCC-1,-0.29997119987097626
CXCR3-,MS,MS58637_CSF,GSM4104123_GGCTCGAAGCACGCCT-1,-0.11805201561522365
CXCR3-,MS,MS58637_CSF,GSM4104123_GGGAATGTCTAACCGA-1,-0.29997119987097626
CXCR3-,MS,MS58637_CSF,GSM4104123_GGGATGACAAACAACA-1,-0.29997119987097626
CXCR3-,MS,MS58637_CSF,GSM4104123_GGGCACTGTTCCATGA-1,-0.13063423327346738
CXCR3-,MS,MS58637_CSF,GSM4104123_GGGCATCCAACTGCTA-1,0.009070175661491835
CXCR3-,MS,MS58637_CSF,GSM4104123_GGGCATCCAGACGCAA-1,-0.038921957212881324
CXCR3-,MS,MS58637_CSF,GSM4104123_GGTGCGTAGACCCACC-1,-0.29997119987097626
CXCR3-,MS,MS58637_CSF,GSM4104123_GTAACGTGTTCAGGCC-1,-0.05029882353238131
CXCR3-,MS,MS58637_CSF,GSM4104123_GTAACGTTCAGCGATT-1,-0.16491131627059832
CXCR3-,MS,MS58637_CSF,GSM4104123_GTACTCCTCGGCGCAT-1,0.1776793157422092
CXCR3-,MS,MS58637_CSF,GSM4104123_GTACTTTTCTGTTGAG-1,-0.29997119987097626
CXCR3-,MS,MS58637_CSF,GSM4104123_GTAGTCACACATTAGC-1,0.22044205141481377
CXCR3+,MS,MS58637_CSF,GSM4104123_GTCAAGTTCTTTACGT-1,-0.29997119987097626
CXCR3-,MS,MS58637_CSF,GSM4104123_GTCACAAAGGCGATAC-1,-0.29997119987097626
CXCR3-,MS,MS58637_CSF,GSM4104123_GTCATTTAGTATCTCG-1,-0.29997119987097626
CXCR3-,MS,MS58637_CSF,GSM4104123_GTCGGGTAGAGGTAGA-1,-0.11831811345015553
CXCR3-,MS,MS58637_CSF,GSM4104123_GTCGGGTTCGAGCCCA-1,-0.29997119987097626
CXCR3-,MS,MS58637_CSF,GSM4104123_GTCTCGTAGTCCAGGA-1,-0.29997119987097626
CXCR3+,MS,MS58637_CSF,GSM4104123_GTGAAGGTCATCTGTT-1,0.40653636042488267
CXCR3-,MS,MS58637_CSF,GSM4104123_GTGTGCGTCCAGAGGA-1,-0.29997119987097626
CXCR3-,MS,MS58637_CSF,GSM4104123_GTTCTCGAGATCTGAA-1,-0.29997119987097626
CXCR3-,MS,MS58637_CSF,GSM4104123_TACACGAGTCTTGATG-1,-0.29997119987097626
CXCR3-,MS,MS58637_CSF,GSM4104123_TACGGTACAATGGATA-1,-0.2108752360722827
CXCR3-,MS,MS58637_CSF,GSM4104123_TACGGTAGTTCGTTGA-1,0.4131707310650981
CXCR3-,MS,MS58637_CSF,GSM4104123_TACTCGCGTCGTCTTC-1,-0.29997119987097626
CXCR3-,MS,MS58637_CSF,GSM4104123_TAGCCGGAGCGTAATA-1,-0.29997119987097626
CXCR3-,MS,MS58637_CSF,GSM4104123_TAGTGGTAGGCAGTCA-1,0.1166242869575768
CXCR3-,MS,MS58637_CSF,GSM4104123_TAGTGGTGTTAAAGTG-1,-0.011753757263429547
CXCR3+,MS,MS58637_CSF,GSM4104123_TATCAGGTCGCGGATC-1,0.09379279913292324
CXCR3+,MS,MS58637_CSF,GSM4104123_TATGCCCAGGATCGCA-1,0.09962873072951384
CXCR3-,MS,MS58637_CSF,GSM4104123_TATGCCCTCGTCCAGG-1,-0.02184270351417658
CXCR3+,MS,MS58637_CSF,GSM4104123_TCACGAAAGTTTCCTT-1,0.009880979380402524
CXCR3-,MS,MS58637_CSF,GSM4104123_TCAGATGCATTTCACT-1,-0.006957862940144146
CXCR3-,MS,MS58637_CSF,GSM4104123_TCAGCTCAGTGAAGTT-1,-0.09178949307830798
CXCR3-,MS,MS58637_CSF,GSM4104123_TCATTACGTACACCGC-1,0.0066515446495007
CXCR3-,MS,MS58637_CSF,GSM4104123_TCCACACTCCTAGGGC-1,0.219192141781892
CXCR3+,MS,MS58637_CSF,GSM4104123_TCCCGATCAATTCCTT-1,-0.09564243204321313
CXCR3+,MS,MS58637_CSF,GSM4104123_TCGAGGCGTAAACACA-1,-0.29997119987097626
CXCR3-,MS,MS58637_CSF,GSM4104123_TCGCGAGGTCTAGGTT-1,-0.29997119987097626
CXCR3-,MS,MS58637_CSF,GSM4104123_TCGGGACGTGCCTGGT-1,1.1671183791324735
CXCR3-,MS,MS58637_CSF,GSM4104123_TCGTACCAGTGAAGTT-1,-0.09506932704249957
CXCR3-,MS,MS58637_CSF,GSM4104123_TCGTACCGTGGTCTCG-1,-0.015841213044075268
CXCR3+,MS,MS58637_CSF,GSM4104123_TCGTACCTCGTAGGAG-1,-0.29997119987097626
CXCR3+,MS,MS58637_CSF,GSM4104123_TCGTAGATCCATTCTA-1,-0.29997119987097626
CXCR3-,MS,MS58637_CSF,GSM4104123_TCGTAGATCGCCATAA-1,-0.29997119987097626
CXCR3+,MS,MS58637_CSF,GSM4104123_TCTCTAAAGACACGAC-1,-0.29997119987097626
CXCR3-,MS,MS58637_CSF,GSM4104123_TCTGAGAGTCAACTGT-1,-0.29997119987097626
CXCR3-,MS,MS58637_CSF,GSM4104123_TCTGGAACAATCGAAA-1,-0.29997119987097626
CXCR3-,MS,MS58637_CSF,GSM4104123_TCTGGAACACTTAAGC-1,-0.29997119987097626
CXCR3-,MS,MS58637_CSF,GSM4104123_TCTGGAACAGCTGCTG-1,-0.29997119987097626
CXCR3+,MS,MS58637_CSF,GSM4104123_TCTTTCCTCGATAGAA-1,0.42451488498249523
CXCR3-,MS,MS58637_CSF,GSM4104123_TGACTAGGTCTGATCA-1,-0.29997119987097626
CXCR3-,MS,MS58637_CSF,GSM4104123_TGAGAGGGTACCTACA-1,-0.29997119987097626
CXCR3-,MS,MS58637_CSF,GSM4104123_TGCACCTTCGTGTAGT-1,-0.29997119987097626
CXCR3+,MS,MS58637_CSF,GSM4104123_TGCCCATTCTGGTGTA-1,0.23368711602134423
CXCR3+,MS,MS58637_CSF,GSM4104123_TGCCCTAGTCTGCAAT-1,-0.1260679784864198
CXCR3-,MS,MS58637_CSF,GSM4104123_TGCGCAGGTACTCGCG-1,-0.0044634299529202615
CXCR3-,MS,MS58637_CSF,GSM4104123_TGCGCAGGTTCAGACT-1,-0.0732672738798412
CXCR3-,MS,MS58637_CSF,GSM4104123_TGCGTGGTCATTGCGA-1,-0.12198471752325972
CXCR3-,MS,MS58637_CSF,GSM4104123_TGCTACCTCCGAGCCA-1,0.20571152497875217
CXCR3-,MS,MS58637_CSF,GSM4104123_TGGACGCGTTCGCGAC-1,-0.29997119987097626
CXCR3-,MS,MS58637_CSF,GSM4104123_TGGCTGGGTATGAATG-1,0.05686434039603234
CXCR3-,MS,MS58637_CSF,GSM4104123_TGGTTCCTCAACCATG-1,-0.29997119987097626
CXCR3-,MS,MS58637_CSF,GSM4104123_TGTGGTATCCCGACTT-1,-0.29997119987097626
CXCR3-,MS,MS58637_CSF,GSM4104123_TGTTCCGTCATTGCGA-1,-0.29997119987097626
CXCR3-,MS,MS58637_CSF,GSM4104123_TTAGGCAAGTCCGTAT-1,0.25000326717080906
CXCR3-,MS,MS58637_CSF,GSM4104123_TTAGGCATCTCGTATT-1,-0.29997119987097626
CXCR3-,MS,MS58637_CSF,GSM4104123_TTCTCAATCAAAGACA-1,-0.29997119987097626
CXCR3-,MS,MS58637_CSF,GSM4104123_TTCTCCTGTGATGATA-1,-0.29997119987097626
CXCR3+,MS,MS58637_CSF,GSM4104123_TTGAACGAGGTGCAAC-1,-0.166028384576828
CXCR3+,MS,MS60249_CSF,GSM4104126_AAACCTGCACCGCTAG-1,0.19393635426709102
CXCR3-,MS,MS60249_CSF,GSM4104126_AAACCTGCAGGTCGTC-1,-0.1100317723867433
CXCR3+,MS,MS60249_CSF,GSM4104126_AAACCTGGTAAACACA-1,0.03993546835580603
CXCR3-,MS,MS60249_CSF,GSM4104126_AAACCTGTCAGAGCTT-1,-0.29997119987097626
CXCR3-,MS,MS60249_CSF,GSM4104126_AAACCTGTCATCGATG-1,-0.29997119987097626
CXCR3-,MS,MS60249_CSF,GSM4104126_AAACCTGTCCAAGTAC-1,-0.29997119987097626
CXCR3+,MS,MS60249_CSF,GSM4104126_AAACGGGCACATCCAA-1,-0.29997119987097626
CXCR3+,MS,MS60249_CSF,GSM4104126_AAACGGGGTTACGCGC-1,-0.29997119987097626
CXCR3-,MS,MS60249_CSF,GSM4104126_AAACGGGTCTGTTGAG-1,0.16969203783402048
CXCR3-,MS,MS60249_CSF,GSM4104126_AAAGATGAGAGGTTGC-1,-0.29997119987097626
CXCR3-,MS,MS60249_CSF,GSM4104126_AAAGATGAGGATGTAT-1,-0.07259215059078823
CXCR3+,MS,MS60249_CSF,GSM4104126_AAAGATGCAGGAATGC-1,-0.29997119987097626
CXCR3+,MS,MS60249_CSF,GSM4104126_AAAGCAACATGACGGA-1,-0.036832696965278744
CXCR3+,MS,MS60249_CSF,GSM4104126_AAAGCAAGTAAGTGGC-1,-0.10359828334274727
CXCR3-,MS,MS60249_CSF,GSM4104126_AAAGCAATCAAGCCTA-1,0.7059206388798874
CXCR3+,MS,MS60249_CSF,GSM4104126_AAAGTAGAGCTAAGAT-1,-0.29997119987097626
CXCR3-,MS,MS60249_CSF,GSM4104126_AAAGTAGGTTGTACAC-1,-0.29997119987097626
CXCR3+,MS,MS60249_CSF,GSM4104126_AAAGTAGTCTCTTGAT-1,-0.1308442937503528
CXCR3-,MS,MS60249_CSF,GSM4104126_AAAGTAGTCTTTAGTC-1,-0.10211739888450065
CXCR3-,MS,MS60249_CSF,GSM4104126_AAATGCCGTGACGCCT-1,-0.29997119987097626
CXCR3+,MS,MS60249_CSF,GSM4104126_AAATGCCTCTGTCTAT-1,-0.29997119987097626
CXCR3+,MS,MS60249_CSF,GSM4104126_AACACGTGTCTCTTAT-1,-0.0664853428734512
CXCR3+,MS,MS60249_CSF,GSM4104126_AACACGTTCAACACAC-1,-0.25162697266012496
CXCR3-,MS,MS60249_CSF,GSM4104126_AACACGTTCCAAACTG-1,-0.29997119987097626
CXCR3-,MS,MS60249_CSF,GSM4104126_AACACGTTCGCCATAA-1,-0.29997119987097626
CXCR3+,MS,MS60249_CSF,GSM4104126_AACACGTTCTGCAGTA-1,0.06663113496926232
CXCR3+,MS,MS60249_CSF,GSM4104126_AACACGTTCTGTCTCG-1,-0.29997119987097626
CXCR3-,MS,MS60249_CSF,GSM4104126_AACCATGCATGTCTCC-1,-0.29997119987097626
CXCR3-,MS,MS60249_CSF,GSM4104126_AACCGCGAGGCGTACA-1,0.42973568875296664
CXCR3+,MS,MS60249_CSF,GSM4104126_AACGTTGCATCACAAC-1,0.12641173485152807
CXCR3+,MS,MS60249_CSF,GSM4104126_AACGTTGTCAACTCTT-1,-0.20464150400280268
CXCR3-,MS,MS60249_CSF,GSM4104126_AACGTTGTCGCAAACT-1,-0.02479930710760365
CXCR3+,MS,MS60249_CSF,GSM4104126_AACTCAGCACCGATAT-1,-0.29997119987097626
CXCR3+,MS,MS60249_CSF,GSM4104126_AACTCAGGTCTTCAAG-1,0.02738596692160231
CXCR3+,MS,MS60249_CSF,GSM4104126_AACTCAGTCGCTTGTC-1,0.2262678565739738
CXCR3-,MS,MS60249_CSF,GSM4104126_AACTCAGTCGTGGTCG-1,-0.29997119987097626
CXCR3+,MS,MS60249_CSF,GSM4104126_AACTCAGTCGTTTAGG-1,0.6459472403858934
CXCR3+,MS,MS60249_CSF,GSM4104126_AACTCCCAGCATCATC-1,0.33102311742840157
CXCR3-,MS,MS60249_CSF,GSM4104126_AACTCCCGTACCGGCT-1,-0.01257635558958975
CXCR3+,MS,MS60249_CSF,GSM4104126_AACTCCCGTAGAGCTG-1,-0.29997119987097626
CXCR3+,MS,MS60249_CSF,GSM4104126_AACTCCCGTCATGCCG-1,-0.29997119987097626
CXCR3-,MS,MS60249_CSF,GSM4104126_AACTCTTAGGCTCATT-1,-0.29997119987097626
CXCR3-,MS,MS60249_CSF,GSM4104126_AACTCTTCAAGTTCTG-1,0.39379246538889634
CXCR3-,MS,MS60249_CSF,GSM4104126_AACTCTTGTGAGTGAC-1,0.17768485002205975
CXCR3+,MS,MS60249_CSF,GSM4104126_AACTCTTTCAACGGCC-1,-0.08437868672515049
CXCR3-,MS,MS60249_CSF,GSM4104126_AACTGGTTCTCTTATG-1,0.2657161755231866
CXCR3-,MS,MS60249_CSF,GSM4104126_AACTTTCGTGTGACGA-1,-0.09680625300009445
CXCR3+,MS,MS60249_CSF,GSM4104126_AACTTTCTCTTAGCCC-1,0.43411892457917906
CXCR3+,MS,MS60249_CSF,GSM4104126_AAGACCTCAGACGCTC-1,-0.017894569819176115
CXCR3-,MS,MS60249_CSF,GSM4104126_AAGACCTTCAGCTCGG-1,0.06382383958952036
CXCR3+,MS,MS60249_CSF,GSM4104126_AAGCCGCCATGTTCCC-1,0.19746636334478565
CXCR3+,MS,MS60249_CSF,GSM4104126_AAGCCGCGTATCGCAT-1,-0.14864456088063532
CXCR3-,MS,MS60249_CSF,GSM4104126_AAGGAGCAGACCACGA-1,-0.29997119987097626
CXCR3-,MS,MS60249_CSF,GSM4104126_AAGGCAGAGGAGTACC-1,-0.29997119987097626
CXCR3-,MS,MS60249_CSF,GSM4104126_AAGGTTCGTAAGAGAG-1,-0.29997119987097626
CXCR3-,MS,MS60249_CSF,GSM4104126_AAGGTTCTCAAGCCTA-1,-0.29997119987097626
CXCR3+,MS,MS60249_CSF,GSM4104126_AAGTCTGAGCGTCTAT-1,-0.10561343383338166
CXCR3+,MS,MS60249_CSF,GSM4104126_AAGTCTGAGGCGATAC-1,-0.1603402890446944
CXCR3-,MS,MS60249_CSF,GSM4104126_AAGTCTGAGGTCGGAT-1,0.3347811539854323
CXCR3+,MS,MS60249_CSF,GSM4104126_AAGTCTGAGTCCTCCT-1,0.05891527908075587
CXCR3-,MS,MS60249_CSF,GSM4104126_AAGTCTGGTTCAGGCC-1,-0.29997119987097626
CXCR3-,MS,MS60249_CSF,GSM4104126_AAGTCTGTCCCTAATT-1,-0.29997119987097626
CXCR3-,MS,MS60249_CSF,GSM4104126_AAGTCTGTCGGTCCGA-1,-0.29997119987097626
CXCR3+,MS,MS60249_CSF,GSM4104126_AATCCAGAGATTACCC-1,-0.29997119987097626
CXCR3+,MS,MS60249_CSF,GSM4104126_AATCCAGCAGCCTTTC-1,-0.04460252141203307
CXCR3-,MS,MS60249_CSF,GSM4104126_AATCCAGGTGTCAATC-1,0.3821070445331097
CXCR3-,MS,MS60249_CSF,GSM4104126_AATCCAGTCCACGTTC-1,0.05951426388835019
CXCR3+,MS,MS60249_CSF,GSM4104126_AATCGGTCAAGGACTG-1,0.22844892282611381
CXCR3+,MS,MS60249_CSF,GSM4104126_AATCGGTGTGGGTATG-1,0.18220893311166236
CXCR3-,MS,MS60249_CSF,GSM4104126_AATCGGTGTTTGTTTC-1,-0.29997119987097626
CXCR3-,MS,MS60249_CSF,GSM4104126_ACACCAAAGTAGGTGC-1,0.41356633505151386
CXCR3+,MS,MS60249_CSF,GSM4104126_ACACCAACAGCATGAG-1,-0.29997119987097626
CXCR3-,MS,MS60249_CSF,GSM4104126_ACACCAAGTACCGCTG-1,0.30850047311675555
CXCR3+,MS,MS60249_CSF,GSM4104126_ACACCCTAGTGCCAGA-1,0.10715231976130798
CXCR3-,MS,MS60249_CSF,GSM4104126_ACACCGGGTAGCGTGA-1,-0.29997119987097626
CXCR3+,MS,MS60249_CSF,GSM4104126_ACACCGGGTCCTAGCG-1,-0.20881485896072668
CXCR3+,MS,MS60249_CSF,GSM4104126_ACACTGACAACGATGG-1,0.2501209536727802
CXCR3+,MS,MS60249_CSF,GSM4104126_ACACTGACAGATGGCA-1,-0.07867039162766822
CXCR3+,MS,MS60249_CSF,GSM4104126_ACACTGACAGTCAGCC-1,-0.1433925032330729
CXCR3-,MS,MS60249_CSF,GSM4104126_ACAGCCGAGCTAAACA-1,-0.29997119987097626
CXCR3+,MS,MS60249_CSF,GSM4104126_ACAGCCGCAGTAAGCG-1,-0.29997119987097626
CXCR3-,MS,MS60249_CSF,GSM4104126_ACAGCCGGTTCCGGCA-1,-0.15878195536336742
CXCR3-,MS,MS60249_CSF,GSM4104126_ACAGCCGTCTTAGAGC-1,0.03335091549941205
CXCR3+,MS,MS60249_CSF,GSM4104126_ACAGCTACACATCCGG-1,0.30414093859360275
CXCR3-,MS,MS60249_CSF,GSM4104126_ACATACGCATACGCTA-1,-0.29997119987097626
CXCR3-,MS,MS60249_CSF,GSM4104126_ACATACGGTTCCAACA-1,0.1267226010798504
CXCR3-,MS,MS60249_CSF,GSM4104126_ACATACGTCACCCGAG-1,0.6544541842303193
CXCR3+,MS,MS60249_CSF,GSM4104126_ACATACGTCTTGTCAT-1,0.09843493938928323
CXCR3-,MS,MS60249_CSF,GSM4104126_ACATCAGGTTAAGACA-1,-0.19198587610449147
CXCR3-,MS,MS60249_CSF,GSM4104126_ACATCAGTCCGCAGTG-1,0.24199554244864435
CXCR3+,MS,MS60249_CSF,GSM4104126_ACATGGTAGGCTAGCA-1,-0.11818519345605924
CXCR3-,MS,MS60249_CSF,GSM4104126_ACATGGTAGTGAACGC-1,-0.11700258778645027
CXCR3+,MS,MS60249_CSF,GSM4104126_ACATGGTCAAGCGATG-1,0.3821527115781049
CXCR3-,MS,MS60249_CSF,GSM4104126_ACATGGTGTCTCAACA-1,-0.29997119987097626
CXCR3-,MS,MS60249_CSF,GSM4104126_ACCAGTAAGTACTTGC-1,-0.29997119987097626
CXCR3-,MS,MS60249_CSF,GSM4104126_ACCAGTACACGGACAA-1,-0.29997119987097626
CXCR3+,MS,MS60249_CSF,GSM4104126_ACCAGTAGTATAGTAG-1,-0.29997119987097626
CXCR3-,MS,MS60249_CSF,GSM4104126_ACCAGTAGTGCTCTTC-1,-0.29997119987097626
CXCR3-,MS,MS60249_CSF,GSM4104126_ACCCACTAGAGCCCAA-1,-0.11629796629007964
CXCR3-,MS,MS60249_CSF,GSM4104126_ACCCACTAGCTACCGC-1,-0.2511690309910192
CXCR3-,MS,MS60249_CSF,GSM4104126_ACCGTAACACGAAAGC-1,-0.29997119987097626
CXCR3-,MS,MS60249_CSF,GSM4104126_ACCGTAAGTTGCGCAC-1,-0.16570007266640005
CXCR3-,MS,MS60249_CSF,GSM4104126_ACCGTAATCCCAACGG-1,0.26177164868347436
CXCR3+,MS,MS60249_CSF,GSM4104126_ACCGTAATCCTTGGTC-1,0.017468707977670146
CXCR3+,MS,MS60249_CSF,GSM4104126_ACCTTTAAGAGGTACC-1,-0.11149333033883968
CXCR3+,MS,MS60249_CSF,GSM4104126_ACCTTTAAGATGTCGG-1,0.05638352433338186
CXCR3+,MS,MS60249_CSF,GSM4104126_ACCTTTAGTCTAAACC-1,0.11565622845076173
CXCR3+,MS,MS60249_CSF,GSM4104126_ACCTTTATCCTCTAGC-1,-0.29997119987097626
CXCR3-,MS,MS60249_CSF,GSM4104126_ACGAGCCCAAACTGCT-1,-0.11183577333387003
CXCR3+,MS,MS60249_CSF,GSM4104126_ACGAGCCCACTAAGTC-1,0.16046473317942425
CXCR3-,MS,MS60249_CSF,GSM4104126_ACGAGCCCAGGTCCAC-1,0.10058928311166646
CXCR3+,MS,MS60249_CSF,GSM4104126_ACGAGCCGTGTCTGAT-1,0.06703262287266519
CXCR3-,MS,MS60249_CSF,GSM4104126_ACGAGCCTCACAATGC-1,0.07397107937336915
CXCR3+,MS,MS60249_CSF,GSM4104126_ACGAGGAAGAGTCGGT-1,-0.29997119987097626
CXCR3-,MS,MS60249_CSF,GSM4104126_ACGAGGACATGGTTGT-1,0.26135490497102026
CXCR3-,MS,MS60249_CSF,GSM4104126_ACGAGGAGTGGTCCGT-1,-0.29997119987097626
CXCR3+,MS,MS60249_CSF,GSM4104126_ACGATACAGCGTTCCG-1,-0.29997119987097626
CXCR3+,MS,MS60249_CSF,GSM4104126_ACGATACGTTAGAACA-1,-0.008196526297417584
CXCR3-,MS,MS60249_CSF,GSM4104126_ACGATACTCACTTATC-1,0.05872646768330057
CXCR3-,MS,MS60249_CSF,GSM4104126_ACGATGTGTCTCCATC-1,-0.19081395105554516
CXCR3-,MS,MS60249_CSF,GSM4104126_ACGCAGCAGTGCCAGA-1,-0.29997119987097626
CXCR3+,MS,MS60249_CSF,GSM4104126_ACGCAGCGTTGCGTTA-1,-0.009458474742704833
CXCR3+,MS,MS60249_CSF,GSM4104126_ACGCCAGTCAATCTCT-1,0.006503360462188071
CXCR3+,MS,MS60249_CSF,GSM4104126_ACGCCAGTCGAGCCCA-1,-0.19781350450072122
CXCR3-,MS,MS60249_CSF,GSM4104126_ACGCCAGTCGGCATCG-1,-0.009027125069354538
CXCR3-,MS,MS60249_CSF,GSM4104126_ACGCCGAAGCACAGGT-1,-0.29997119987097626
CXCR3+,MS,MS60249_CSF,GSM4104126_ACGCCGAGTTAAGAAC-1,-0.2379119375837186
CXCR3+,MS,MS60249_CSF,GSM4104126_ACGGAGACAAATCCGT-1,0.18788723343652602
CXCR3+,MS,MS60249_CSF,GSM4104126_ACGGAGACACCCAGTG-1,0.2272768928420633
CXCR3-,MS,MS60249_CSF,GSM4104126_ACGGAGACAGATAATG-1,0.2217525025521562
CXCR3-,MS,MS60249_CSF,GSM4104126_ACGGAGAGTCGAATCT-1,-0.013473244138732157
CXCR3+,MS,MS60249_CSF,GSM4104126_ACGGAGAGTGATAAGT-1,0.0311890832337145
CXCR3+,MS,MS60249_CSF,GSM4104126_ACGGAGAGTGCACGAA-1,-0.22327375728356277
CXCR3+,MS,MS60249_CSF,GSM4104126_ACGGAGATCATTATCC-1,-0.29997119987097626
CXCR3+,MS,MS60249_CSF,GSM4104126_ACGGCCAAGGCAAAGA-1,0.1325491946615192
CXCR3-,MS,MS60249_CSF,GSM4104126_ACGGCCACATATGGTC-1,-0.29997119987097626
CXCR3-,MS,MS60249_CSF,GSM4104126_ACGGCCAGTTCCCGAG-1,-0.05944786312817454
CXCR3-,MS,MS60249_CSF,GSM4104126_ACGGCCATCCAGTATG-1,0.09923045132543815
CXCR3-,MS,MS60249_CSF,GSM4104126_ACGGGCTCAAGCCTAT-1,-0.12196728986732763
CXCR3+,MS,MS60249_CSF,GSM4104126_ACGGGCTGTACATCCA-1,-0.29997119987097626
CXCR3+,MS,MS60249_CSF,GSM4104126_ACGGGCTTCTTATCTG-1,-0.29997119987097626
CXCR3-,MS,MS60249_CSF,GSM4104126_ACGGGTCCAAGCTGTT-1,-0.013708099245137892
CXCR3-,MS,MS60249_CSF,GSM4104126_ACGGGTCTCCCGACTT-1,0.07665021515446878
CXCR3-,MS,MS60249_CSF,GSM4104126_ACGGGTCTCCTGCTTG-1,0.05051251092563273
CXCR3-,MS,MS60249_CSF,GSM4104126_ACGTCAAGTATATGGA-1,0.08698739703471749
CXCR3+,MS,MS60249_CSF,GSM4104126_ACTATCTAGCGGCTTC-1,-0.005019227110494731
CXCR3-,MS,MS60249_CSF,GSM4104126_ACTATCTCAACACCTA-1,-0.1857175026509505
CXCR3+,MS,MS60249_CSF,GSM4104126_ACTATCTTCAAGAAGT-1,0.28161167721661107
CXCR3+,MS,MS60249_CSF,GSM4104126_ACTATCTTCACTTATC-1,0.09977755566576887
CXCR3+,MS,MS60249_CSF,GSM4104126_ACTATCTTCGAGAACG-1,-0.050698005290986614
CXCR3+,MS,MS60249_CSF,GSM4104126_ACTGAACTCAACACAC-1,0.03818009546805252
CXCR3+,MS,MS60249_CSF,GSM4104126_ACTGAACTCGTAGGTT-1,0.2850791235895563
CXCR3-,MS,MS60249_CSF,GSM4104126_ACTGAGTAGGTGCTAG-1,-0.29997119987097626
CXCR3-,MS,MS60249_CSF,GSM4104126_ACTGAGTTCATGCTCC-1,-0.16168779435254685
CXCR3+,MS,MS60249_CSF,GSM4104126_ACTGAGTTCGCCAGCA-1,-0.15962831384442522
CXCR3+,MS,MS60249_CSF,GSM4104126_ACTGATGAGCTCCTCT-1,0.2991751762603793
CXCR3-,MS,MS60249_CSF,GSM4104126_ACTGATGCACAACGCC-1,-0.29997119987097626
CXCR3-,MS,MS60249_CSF,GSM4104126_ACTGATGGTAGCGATG-1,-0.29997119987097626
CXCR3-,MS,MS60249_CSF,GSM4104126_ACTGATGGTGTTGGGA-1,-0.29997119987097626
CXCR3+,MS,MS60249_CSF,GSM4104126_ACTGATGTCGATCCCT-1,-0.16177126141318096
CXCR3+,MS,MS60249_CSF,GSM4104126_ACTGATGTCTATCCTA-1,0.087294090557437
CXCR3+,MS,MS60249_CSF,GSM4104126_ACTGCTCAGCGCCTCA-1,0.11879856629465399
CXCR3-,MS,MS60249_CSF,GSM4104126_ACTGCTCCATTTGCTT-1,0.05888494872497309
CXCR3+,MS,MS60249_CSF,GSM4104126_ACTGCTCGTCATGCAT-1,-0.050941237757302506
CXCR3+,MS,MS60249_CSF,GSM4104126_ACTGCTCGTGGAAAGA-1,-0.1327264532019364
CXCR3-,MS,MS60249_CSF,GSM4104126_ACTGCTCTCGCAAGCC-1,0.3737455074159318
CXCR3+,MS,MS60249_CSF,GSM4104126_ACTGTCCAGGTGACCA-1,0.9588760762395907
CXCR3-,MS,MS60249_CSF,GSM4104126_ACTGTCCGTACGCTGC-1,-0.29997119987097626
CXCR3+,MS,MS60249_CSF,GSM4104126_ACTGTCCGTACTTCTT-1,0.6916948943394136
CXCR3-,MS,MS60249_CSF,GSM4104126_ACTGTCCTCCTCGCAT-1,0.7928711895457222
CXCR3-,MS,MS60249_CSF,GSM4104126_ACTTACTCAACCGCCA-1,0.0954414634168258
CXCR3-,MS,MS60249_CSF,GSM4104126_ACTTACTGTCTAAACC-1,0.31577181913886243
CXCR3-,MS,MS60249_CSF,GSM4104126_ACTTACTTCCAAGCCG-1,-0.29997119987097626
CXCR3-,MS,MS60249_CSF,GSM4104126_ACTTGTTAGCAAATCA-1,-0.29997119987097626
CXCR3+,MS,MS60249_CSF,GSM4104126_ACTTTCACATATACGC-1,-0.29997119987097626
CXCR3+,MS,MS60249_CSF,GSM4104126_AGAATAGCACACCGAC-1,-0.07527123136968301
CXCR3-,MS,MS60249_CSF,GSM4104126_AGACGTTAGAGAACAG-1,-0.29997119987097626
CXCR3+,MS,MS60249_CSF,GSM4104126_AGACGTTAGAGTTGGC-1,-0.13479883717407368
CXCR3+,MS,MS60249_CSF,GSM4104126_AGACGTTAGCCAGAAC-1,-0.18030304034814362
CXCR3+,MS,MS60249_CSF,GSM4104126_AGACGTTAGGTAAACT-1,-0.29997119987097626
CXCR3-,MS,MS60249_CSF,GSM4104126_AGAGCGACAGAAGCAC-1,0.06713977573742001
CXCR3-,MS,MS60249_CSF,GSM4104126_AGAGCGAGTACAGTTC-1,-0.29997119987097626
CXCR3-,MS,MS60249_CSF,GSM4104126_AGAGCTTGTTAAGACA-1,-0.061206444015329924
CXCR3+,MS,MS60249_CSF,GSM4104126_AGAGCTTTCCTAGTGA-1,-0.29997119987097626
CXCR3+,MS,MS60249_CSF,GSM4104126_AGAGCTTTCTGCGTAA-1,-0.29997119987097626
CXCR3+,MS,MS60249_CSF,GSM4104126_AGAGTGGGTTCAGGCC-1,0.36915347669030735
CXCR3-,MS,MS60249_CSF,GSM4104126_AGATCTGAGACAGAGA-1,0.258557364441036
CXCR3+,MS,MS60249_CSF,GSM4104126_AGATCTGTCGTTACGA-1,0.07137756482831045
CXCR3-,MS,MS60249_CSF,GSM4104126_AGATTGCAGGAGTTGC-1,0.4347315824627496
CXCR3-,MS,MS60249_CSF,GSM4104126_AGATTGCAGTTAGGTA-1,0.04405696130975329
CXCR3+,MS,MS60249_CSF,GSM4104126_AGATTGCCACCGTTGG-1,0.14589909898389747
CXCR3-,MS,MS60249_CSF,GSM4104126_AGATTGCGTCCCTACT-1,0.3389317105584659
CXCR3-,MS,MS60249_CSF,GSM4104126_AGATTGCGTGTTCGAT-1,-0.06335625879956557
CXCR3+,MS,MS60249_CSF,GSM4104126_AGCAGCCAGGCCCTCA-1,-0.29997119987097626
CXCR3+,MS,MS60249_CSF,GSM4104126_AGCAGCCAGTACGATA-1,-0.10531084716252316
CXCR3-,MS,MS60249_CSF,GSM4104126_AGCAGCCTCTCCTATA-1,-0.29997119987097626
CXCR3-,MS,MS60249_CSF,GSM4104126_AGCATACCAAAGAATC-1,-0.29997119987097626
CXCR3+,MS,MS60249_CSF,GSM4104126_AGCGTATAGTGGGCTA-1,0.10630294858593715
CXCR3-,MS,MS60249_CSF,GSM4104126_AGCGTATCACTTCTGC-1,-0.29997119987097626
CXCR3-,MS,MS60249_CSF,GSM4104126_AGCGTATGTCAGAATA-1,0.026497285764178695
CXCR3-,MS,MS60249_CSF,GSM4104126_AGCGTATTCAGGCAAG-1,-0.29997119987097626
CXCR3+,MS,MS60249_CSF,GSM4104126_AGCGTATTCATACGGT-1,-0.29997119987097626
CXCR3-,MS,MS60249_CSF,GSM4104126_AGCGTCGAGGTGATAT-1,0.2055978318004312
CXCR3+,MS,MS60249_CSF,GSM4104126_AGCGTCGCACGAAATA-1,-0.29997119987097626
CXCR3-,MS,MS60249_CSF,GSM4104126_AGCGTCGCATCGACGC-1,-0.29997119987097626
CXCR3+,MS,MS60249_CSF,GSM4104126_AGCGTCGTCCGTCAAA-1,0.1019853267623008
CXCR3-,MS,MS60249_CSF,GSM4104126_AGCTCCTAGGACACCA-1,-0.29997119987097626
CXCR3+,MS,MS60249_CSF,GSM4104126_AGCTCCTCACGGCTAC-1,-0.17053265244836804
CXCR3-,MS,MS60249_CSF,GSM4104126_AGCTCTCAGAACAATC-1,-0.29997119987097626
CXCR3+,MS,MS60249_CSF,GSM4104126_AGCTCTCAGACAAGCC-1,0.3134025247676493
CXCR3+,MS,MS60249_CSF,GSM4104126_AGCTCTCTCCAGAAGG-1,-0.29997119987097626
CXCR3-,MS,MS60249_CSF,GSM4104126_AGGCCACAGATATGGT-1,0.03356150344725728
CXCR3-,MS,MS60249_CSF,GSM4104126_AGGCCACAGCATGGCA-1,-0.14579151943562593
CXCR3+,MS,MS60249_CSF,GSM4104126_AGGCCACAGGATGCGT-1,0.10119127353928582
CXCR3-,MS,MS60249_CSF,GSM4104126_AGGCCACTCAGGATCT-1,-0.29997119987097626
CXCR3-,MS,MS60249_CSF,GSM4104126_AGGCCGTAGACACTAA-1,0.0809892135364769
CXCR3+,MS,MS60249_CSF,GSM4104126_AGGCCGTAGTCTCAAC-1,-0.022300030900032918
CXCR3-,MS,MS60249_CSF,GSM4104126_AGGGAGTAGAGCTGGT-1,-0.29997119987097626
CXCR3+,MS,MS60249_CSF,GSM4104126_AGGGATGAGCGACGTA-1,-0.29997119987097626
CXCR3-,MS,MS60249_CSF,GSM4104126_AGGGTGAAGACAATAC-1,-0.29997119987097626
CXCR3-,MS,MS60249_CSF,GSM4104126_AGGGTGAAGCTGAACG-1,-0.29997119987097626
CXCR3-,MS,MS60249_CSF,GSM4104126_AGGGTGACAGGTCCAC-1,0.23295689209936252
CXCR3+,MS,MS60249_CSF,GSM4104126_AGGGTGAGTACCCAAT-1,-0.29997119987097626
CXCR3-,MS,MS60249_CSF,GSM4104126_AGGTCATCATGAAGTA-1,-0.29997119987097626
CXCR3-,MS,MS60249_CSF,GSM4104126_AGGTCCGAGCGCTCCA-1,-0.18534216239246826
CXCR3+,MS,MS60249_CSF,GSM4104126_AGGTCCGAGGACAGCT-1,-0.08692844341093221
CXCR3-,MS,MS60249_CSF,GSM4104126_AGGTCCGAGGTGTGGT-1,-0.29997119987097626
CXCR3+,MS,MS60249_CSF,GSM4104126_AGGTCCGGTCTTGATG-1,-0.29997119987097626
CXCR3+,MS,MS60249_CSF,GSM4104126_AGTAGTCAGAACTCGG-1,-0.1558304068813739
CXCR3+,MS,MS60249_CSF,GSM4104126_AGTAGTCAGAGTAAGG-1,-0.29997119987097626
CXCR3+,MS,MS60249_CSF,GSM4104126_AGTAGTCGTTCGGGCT-1,-0.08011985074126615
CXCR3+,MS,MS60249_CSF,GSM4104126_AGTCTTTCAAGTTCTG-1,0.1312908283119974
CXCR3-,MS,MS60249_CSF,GSM4104126_AGTCTTTTCGCATGGC-1,-0.10712462814989733
CXCR3-,MS,MS60249_CSF,GSM4104126_AGTCTTTTCTAACTTC-1,-0.29997119987097626
CXCR3+,MS,MS60249_CSF,GSM4104126_AGTCTTTTCTTGAGGT-1,-0.29997119987097626
CXCR3-,MS,MS60249_CSF,GSM4104126_AGTGAGGCACATAACC-1,-0.13765160824604017
CXCR3-,MS,MS60249_CSF,GSM4104126_AGTGAGGGTACTTCTT-1,0.0328095107815461
CXCR3+,MS,MS60249_CSF,GSM4104126_AGTGGGAAGATATACG-1,-0.29997119987097626
CXCR3-,MS,MS60249_CSF,GSM4104126_AGTGGGAAGTGTTAGA-1,0.5308372415458301
CXCR3+,MS,MS60249_CSF,GSM4104126_AGTGGGACAATCCGAT-1,-0.29997119987097626
CXCR3-,MS,MS60249_CSF,GSM4104126_AGTGTCACACTTAACG-1,-0.29997119987097626
CXCR3-,MS,MS60249_CSF,GSM4104126_AGTTGGTTCCAGATCA-1,-0.29997119987097626
CXCR3-,MS,MS60249_CSF,GSM4104126_ATAACGCCAAACTGTC-1,-0.29997119987097626
CXCR3+,MS,MS60249_CSF,GSM4104126_ATAACGCTCAGGCAAG-1,-0.29997119987097626
CXCR3-,MS,MS60249_CSF,GSM4104126_ATAACGCTCTCGTTTA-1,0.26700423815116686
CXCR3-,MS,MS60249_CSF,GSM4104126_ATAAGAGCAAGCGAGT-1,0.02857060293329153
CXCR3+,MS,MS60249_CSF,GSM4104126_ATAAGAGTCTCCTATA-1,0.11767794024084703
CXCR3-,MS,MS60249_CSF,GSM4104126_ATAAGAGTCTCGATGA-1,-0.29997119987097626
CXCR3+,MS,MS60249_CSF,GSM4104126_ATAGACCAGAGCCTAG-1,-0.16225694414827127
CXCR3+,MS,MS60249_CSF,GSM4104126_ATCACGAAGCCATCGC-1,-0.1255248744951242
CXCR3+,MS,MS60249_CSF,GSM4104126_ATCACGACACACTGCG-1,-0.037232262492912685
CXCR3-,MS,MS60249_CSF,GSM4104126_ATCATCTCACCGAATT-1,-0.29997119987097626
CXCR3+,MS,MS60249_CSF,GSM4104126_ATCATCTCATGTTGAC-1,-0.0593406468704372
CXCR3-,MS,MS60249_CSF,GSM4104126_ATCATCTTCATGTGGT-1,-0.29997119987097626
CXCR3-,MS,MS60249_CSF,GSM4104126_ATCATGGAGGCGATAC-1,-0.29997119987097626
CXCR3-,MS,MS60249_CSF,GSM4104126_ATCATGGAGGGTATCG-1,0.0015893172200740807
CXCR3-,MS,MS60249_CSF,GSM4104126_ATCATGGTCCGGCACA-1,-0.29997119987097626
CXCR3-,MS,MS60249_CSF,GSM4104126_ATCCACCGTTAGTGGG-1,-0.058767084619962
CXCR3-,MS,MS60249_CSF,GSM4104126_ATCCACCTCGTTACAG-1,-0.29997119987097626
CXCR3-,MS,MS60249_CSF,GSM4104126_ATCCGAAAGCGTGTCC-1,0.3221087927088905
CXCR3-,MS,MS60249_CSF,GSM4104126_ATCGAGTAGTCGAGTG-1,-0.013677057965306086
CXCR3+,MS,MS60249_CSF,GSM4104126_ATCGAGTCAGGTCGTC-1,-0.12507639381558883
CXCR3+,MS,MS60249_CSF,GSM4104126_ATCGAGTCATCAGTCA-1,-0.15030729077126376
CXCR3+,MS,MS60249_CSF,GSM4104126_ATCGAGTGTGACGCCT-1,-0.29997119987097626
CXCR3-,MS,MS60249_CSF,GSM4104126_ATCTACTAGGAGCGTT-1,-0.29997119987097626
CXCR3-,MS,MS60249_CSF,GSM4104126_ATCTGCCAGCCGGTAA-1,-0.29997119987097626
CXCR3-,MS,MS60249_CSF,GSM4104126_ATCTGCCCAGCTATTG-1,-0.01723216018940545
CXCR3-,MS,MS60249_CSF,GSM4104126_ATCTGCCTCAGCGACC-1,-0.015781428950470574
CXCR3-,MS,MS60249_CSF,GSM4104126_ATGAGGGAGTGTCCCG-1,-0.29997119987097626
CXCR3-,MS,MS60249_CSF,GSM4104126_ATGAGGGCACGACGAA-1,-0.29997119987097626
CXCR3-,MS,MS60249_CSF,GSM4104126_ATGAGGGCATCTATGG-1,-0.29997119987097626
CXCR3-,MS,MS60249_CSF,GSM4104126_ATGAGGGGTCATGCCG-1,-0.29997119987097626
CXCR3+,MS,MS60249_CSF,GSM4104126_ATGAGGGGTTACCGAT-1,-0.0212411415044029
CXCR3-,MS,MS60249_CSF,GSM4104126_ATGCGATAGCTGAAAT-1,-0.08189249136287484
CXCR3+,MS,MS60249_CSF,GSM4104126_ATGCGATAGGGTCGAT-1,0.41937471808016497
CXCR3+,MS,MS60249_CSF,GSM4104126_ATGGGAGAGATGCGAC-1,-0.1355747248031609
CXCR3+,MS,MS60249_CSF,GSM4104126_ATGGGAGTCCATGCTC-1,-0.19855239347649428
CXCR3-,MS,MS60249_CSF,GSM4104126_ATTACTCAGATGTTAG-1,-0.29997119987097626
CXCR3+,MS,MS60249_CSF,GSM4104126_ATTACTCCAATGCCAT-1,0.09219100927887562
CXCR3-,MS,MS60249_CSF,GSM4104126_ATTACTCCACACATGT-1,-0.29997119987097626
CXCR3+,MS,MS60249_CSF,GSM4104126_ATTACTCCAGTCAGCC-1,-0.1693809357025336
CXCR3+,MS,MS60249_CSF,GSM4104126_ATTACTCGTCAGATAA-1,0.03248105315226606
CXCR3-,MS,MS60249_CSF,GSM4104126_ATTACTCGTGCAGACA-1,0.018675920662087897
CXCR3+,MS,MS60249_CSF,GSM4104126_ATTATCCCACTTCGAA-1,0.12026747313159
CXCR3-,MS,MS60249_CSF,GSM4104126_ATTATCCGTAGAAGGA-1,-0.14908399134036052
CXCR3-,MS,MS60249_CSF,GSM4104126_ATTATCCGTGTAAGTA-1,-0.29997119987097626
CXCR3-,MS,MS60249_CSF,GSM4104126_ATTCTACTCAACACGT-1,-0.29997119987097626
CXCR3+,MS,MS60249_CSF,GSM4104126_ATTCTACTCCCTTGTG-1,0.0855063996039681
CXCR3-,MS,MS60249_CSF,GSM4104126_ATTCTACTCTGGTATG-1,0.18514959216812607
CXCR3+,MS,MS60249_CSF,GSM4104126_ATTGGACAGTTTGCGT-1,0.25431066418103015
CXCR3-,MS,MS60249_CSF,GSM4104126_ATTGGACCAAGGACTG-1,-0.29997119987097626
CXCR3+,MS,MS60249_CSF,GSM4104126_ATTGGACCATCGGAAG-1,-0.06979340487608961
CXCR3-,MS,MS60249_CSF,GSM4104126_ATTGGTGGTAGCCTCG-1,-0.29997119987097626
CXCR3+,MS,MS60249_CSF,GSM4104126_ATTGGTGGTCAATGTC-1,-0.18748681665843123
CXCR3-,MS,MS60249_CSF,GSM4104126_ATTGGTGTCTCTGTCG-1,0.1370852034746278
CXCR3-,MS,MS60249_CSF,GSM4104126_ATTTCTGAGTGGTAGC-1,-0.29997119987097626
CXCR3+,MS,MS60249_CSF,GSM4104126_ATTTCTGTCGGAGGTA-1,0.05873060191664402
CXCR3-,MS,MS60249_CSF,GSM4104126_CAACCAAAGTGAAGAG-1,1.049516986115096
CXCR3+,MS,MS60249_CSF,GSM4104126_CAACCAACAGGCTCAC-1,-0.29997119987097626
CXCR3+,MS,MS60249_CSF,GSM4104126_CAACCAAGTCATGCCG-1,0.26240779992588104
CXCR3-,MS,MS60249_CSF,GSM4104126_CAACCAAGTTCGTGAT-1,0.5333513702226078
CXCR3+,MS,MS60249_CSF,GSM4104126_CAACCAATCAACCAAC-1,0.35906450853360977
CXCR3+,MS,MS60249_CSF,GSM4104126_CAACCTCTCGCTGATA-1,-0.09572145855262233
CXCR3-,MS,MS60249_CSF,GSM4104126_CAACTAGCATCGTCGG-1,-0.29997119987097626
CXCR3+,MS,MS60249_CSF,GSM4104126_CAACTAGGTAAACACA-1,-0.29997119987097626
CXCR3-,MS,MS60249_CSF,GSM4104126_CAACTAGTCCGTAGTA-1,0.009347817545264767
CXCR3+,MS,MS60249_CSF,GSM4104126_CAACTAGTCGTGACAT-1,-0.18865493118666518
CXCR3+,MS,MS60249_CSF,GSM4104126_CAACTAGTCTTGTACT-1,-0.29997119987097626
CXCR3+,MS,MS60249_CSF,GSM4104126_CAAGAAAGTCGTCTTC-1,0.09133625652010131
CXCR3-,MS,MS60249_CSF,GSM4104126_CAAGATCGTCTCCACT-1,-0.12893709033886588
CXCR3+,MS,MS60249_CSF,GSM4104126_CAAGTTGAGGTGTTAA-1,0.2382422302951844
CXCR3-,MS,MS60249_CSF,GSM4104126_CAAGTTGAGTCTTGCA-1,-0.29997119987097626
CXCR3-,MS,MS60249_CSF,GSM4104126_CAAGTTGCATTCTCAT-1,-0.029605027949340664
CXCR3+,MS,MS60249_CSF,GSM4104126_CACAAACAGAGTAAGG-1,-0.09512493820713586
CXCR3+,MS,MS60249_CSF,GSM4104126_CACAAACTCTACCAGA-1,-0.2351731812962313
CXCR3-,MS,MS60249_CSF,GSM4104126_CACAAACTCTACGAGT-1,-0.29997119987097626
CXCR3+,MS,MS60249_CSF,GSM4104126_CACAAACTCTGCCCTA-1,0.1787823152734845
CXCR3-,MS,MS60249_CSF,GSM4104126_CACACAAGTTGGGACA-1,0.013826370994722907
CXCR3-,MS,MS60249_CSF,GSM4104126_CACACCTCAATGTTGC-1,-0.07803906098953498
CXCR3-,MS,MS60249_CSF,GSM4104126_CACACCTCACCAGATT-1,-0.04044365395008353
CXCR3-,MS,MS60249_CSF,GSM4104126_CACACCTCATAGACTC-1,0.39703698038041046
CXCR3-,MS,MS60249_CSF,GSM4104126_CACACTCAGGAGTTTA-1,0.3135667345881653
CXCR3+,MS,MS60249_CSF,GSM4104126_CACAGGCAGTACGTAA-1,-0.29997119987097626
CXCR3+,MS,MS60249_CSF,GSM4104126_CACAGGCGTATCACCA-1,-0.29997119987097626
CXCR3-,MS,MS60249_CSF,GSM4104126_CACAGGCGTGCCTGGT-1,0.07759852185660997
CXCR3+,MS,MS60249_CSF,GSM4104126_CACAGGCGTTTAGCTG-1,-0.29997119987097626
CXCR3+,MS,MS60249_CSF,GSM4104126_CACAGTAAGAAGGACA-1,-0.07518243796199826
CXCR3-,MS,MS60249_CSF,GSM4104126_CACAGTACAAGCTGTT-1,-0.29997119987097626
CXCR3-,MS,MS60249_CSF,GSM4104126_CACAGTAGTCAAAGAT-1,-0.29997119987097626
CXCR3+,MS,MS60249_CSF,GSM4104126_CACAGTAGTTCCATGA-1,-0.29997119987097626
CXCR3+,MS,MS60249_CSF,GSM4104126_CACAGTATCATCTGTT-1,-0.29997119987097626
CXCR3-,MS,MS60249_CSF,GSM4104126_CACATAGAGACAGGCT-1,-0.29997119987097626
CXCR3-,MS,MS60249_CSF,GSM4104126_CACATAGAGGTGCAAC-1,-0.29997119987097626
CXCR3+,MS,MS60249_CSF,GSM4104126_CACATAGCACTGCCAG-1,-0.13190012523076936
CXCR3+,MS,MS60249_CSF,GSM4104126_CACATAGCATGAAGTA-1,-0.13737508208300558
CXCR3+,MS,MS60249_CSF,GSM4104126_CACATTTCAAGACGTG-1,-0.29997119987097626
CXCR3+,MS,MS60249_CSF,GSM4104126_CACATTTCAATCTGCA-1,0.06850107148069659
CXCR3-,MS,MS60249_CSF,GSM4104126_CACATTTCAGTAGAGC-1,-0.141877429374043
CXCR3-,MS,MS60249_CSF,GSM4104126_CACATTTTCAGTTGAC-1,-0.29997119987097626
CXCR3+,MS,MS60249_CSF,GSM4104126_CACCACTAGACAGACC-1,-0.21844881981157557
CXCR3-,MS,MS60249_CSF,GSM4104126_CACCACTAGAGCTATA-1,-0.29997119987097626
CXCR3-,MS,MS60249_CSF,GSM4104126_CACCAGGCAGCTATTG-1,-0.29997119987097626
CXCR3-,MS,MS60249_CSF,GSM4104126_CACCTTGAGAGATGAG-1,-0.29997119987097626
CXCR3+,MS,MS60249_CSF,GSM4104126_CACCTTGAGCCACGCT-1,-0.10986329688801845
CXCR3+,MS,MS60249_CSF,GSM4104126_CACCTTGAGGCAGTCA-1,-0.04811421998966164
CXCR3-,MS,MS60249_CSF,GSM4104126_CACCTTGCAAGCGCTC-1,0.16665919058407955
CXCR3-,MS,MS60249_CSF,GSM4104126_CACCTTGCAGGGAGAG-1,-0.29997119987097626
CXCR3-,MS,MS60249_CSF,GSM4104126_CACTCCAAGACTTTCG-1,0.0961063111772719
CXCR3+,MS,MS60249_CSF,GSM4104126_CACTCCAAGCATGGCA-1,0.11914896294146529
CXCR3+,MS,MS60249_CSF,GSM4104126_CACTCCAGTACGCTGC-1,-0.01832773171783244
CXCR3+,MS,MS60249_CSF,GSM4104126_CAGAGAGTCAGGCCCA-1,-0.1030331040061802
CXCR3+,MS,MS60249_CSF,GSM4104126_CAGATCAAGCCAACAG-1,-0.29997119987097626
CXCR3-,MS,MS60249_CSF,GSM4104126_CAGATCAAGCGAAGGG-1,-0.29997119987097626
CXCR3-,MS,MS60249_CSF,GSM4104126_CAGATCACAATGGATA-1,-0.29997119987097626
CXCR3-,MS,MS60249_CSF,GSM4104126_CAGATCACAGAGCCAA-1,-0.29997119987097626
CXCR3+,MS,MS60249_CSF,GSM4104126_CAGCAGCAGCCCAGCT-1,-0.061897075005392065
CXCR3+,MS,MS60249_CSF,GSM4104126_CAGCAGCAGCTAACAA-1,0.2913347517694472
CXCR3-,MS,MS60249_CSF,GSM4104126_CAGCAGCCACAGAGGT-1,-0.29997119987097626
CXCR3+,MS,MS60249_CSF,GSM4104126_CAGCAGCGTCAATACC-1,-0.29997119987097626
CXCR3-,MS,MS60249_CSF,GSM4104126_CAGCAGCTCTCGCTTG-1,-0.29997119987097626
CXCR3+,MS,MS60249_CSF,GSM4104126_CAGCCGAAGCTGCCCA-1,-0.29997119987097626
CXCR3-,MS,MS60249_CSF,GSM4104126_CAGCCGACAGCCACCA-1,-0.29997119987097626
CXCR3-,MS,MS60249_CSF,GSM4104126_CAGCCGATCCCATTTA-1,-0.29997119987097626
CXCR3+,MS,MS60249_CSF,GSM4104126_CAGCGACAGATGTTAG-1,0.1084371456249047
CXCR3-,MS,MS60249_CSF,GSM4104126_CAGCGACAGGCCCGTT-1,0.1158611486644275
CXCR3-,MS,MS60249_CSF,GSM4104126_CAGCGACCATGCAATC-1,0.12340112377654042
CXCR3-,MS,MS60249_CSF,GSM4104126_CAGCGACCATGGTAGG-1,0.04503298709471865
CXCR3+,MS,MS60249_CSF,GSM4104126_CAGCGACGTCTCAACA-1,-0.20720819565481693
CXCR3-,MS,MS60249_CSF,GSM4104126_CAGCGACGTTACGCGC-1,-0.29997119987097626
CXCR3-,MS,MS60249_CSF,GSM4104126_CAGCGACTCGTGTAGT-1,-0.29997119987097626
CXCR3+,MS,MS60249_CSF,GSM4104126_CAGCTAAAGTAGCCGA-1,-0.10766015604030184
CXCR3+,MS,MS60249_CSF,GSM4104126_CAGCTAAAGTATGACA-1,-0.29997119987097626
CXCR3+,MS,MS60249_CSF,GSM4104126_CAGCTGGAGCAGGTCA-1,0.043291299447598526
CXCR3-,MS,MS60249_CSF,GSM4104126_CAGCTGGAGGTGGGTT-1,-0.29997119987097626
CXCR3-,MS,MS60249_CSF,GSM4104126_CAGCTGGAGTCCTCCT-1,-0.29997119987097626
CXCR3-,MS,MS60249_CSF,GSM4104126_CAGCTGGGTAACGCGA-1,-0.29997119987097626
CXCR3+,MS,MS60249_CSF,GSM4104126_CAGCTGGGTCGTTGTA-1,-0.06014200184191705
CXCR3-,MS,MS60249_CSF,GSM4104126_CAGCTGGTCACTTCAT-1,-0.147944725169846
CXCR3-,MS,MS60249_CSF,GSM4104126_CAGCTGGTCGCTAGCG-1,-0.036657351371061034
CXCR3-,MS,MS60249_CSF,GSM4104126_CAGGTGCAGCCATCGC-1,-0.29997119987097626
CXCR3+,MS,MS60249_CSF,GSM4104126_CAGGTGCAGCTAACAA-1,0.05536074040217683
CXCR3+,MS,MS60249_CSF,GSM4104126_CAGGTGCAGGGATGGG-1,-0.29997119987097626
CXCR3+,MS,MS60249_CSF,GSM4104126_CAGTAACAGACCACGA-1,-0.29997119987097626
CXCR3+,MS,MS60249_CSF,GSM4104126_CAGTAACAGATGGCGT-1,-0.22394461998346765
CXCR3-,MS,MS60249_CSF,GSM4104126_CAGTAACTCCTTGGTC-1,-0.29997119987097626
CXCR3-,MS,MS60249_CSF,GSM4104126_CAGTAACTCGTAGGAG-1,-0.29997119987097626
CXCR3-,MS,MS60249_CSF,GSM4104126_CAGTCCTCAGCCTTGG-1,-0.29997119987097626
CXCR3-,MS,MS60249_CSF,GSM4104126_CATATGGAGCAGACTG-1,-0.29997119987097626
CXCR3+,MS,MS60249_CSF,GSM4104126_CATATGGGTAGGGACT-1,-0.29997119987097626
CXCR3+,MS,MS60249_CSF,GSM4104126_CATATTCGTGCTAGCC-1,0.0738149307390656
CXCR3+,MS,MS60249_CSF,GSM4104126_CATATTCTCCAAACTG-1,0.48318964128638875
CXCR3+,MS,MS60249_CSF,GSM4104126_CATATTCTCTTGGGTA-1,-0.29997119987097626
CXCR3+,MS,MS60249_CSF,GSM4104126_CATCAGACAGATGGCA-1,0.04628965862702399
CXCR3+,MS,MS60249_CSF,GSM4104126_CATCAGATCAACGCTA-1,0.0558735761838033
CXCR3-,MS,MS60249_CSF,GSM4104126_CATCCACGTCATCGGC-1,0.006889626544199715
CXCR3+,MS,MS60249_CSF,GSM4104126_CATCCACTCCTCCTAG-1,0.4450503715472052
CXCR3+,MS,MS60249_CSF,GSM4104126_CATCCACTCGATCCCT-1,-0.03053761234936484
CXCR3-,MS,MS60249_CSF,GSM4104126_CATCCACTCGCTAGCG-1,-0.29997119987097626
CXCR3-,MS,MS60249_CSF,GSM4104126_CATCGGGAGGGTGTTG-1,0.12852987812036426
CXCR3-,MS,MS60249_CSF,GSM4104126_CATCGGGAGTGTGGCA-1,-0.29997119987097626
CXCR3-,MS,MS60249_CSF,GSM4104126_CATCGGGCAGTCGTGC-1,-0.29997119987097626
CXCR3-,MS,MS60249_CSF,GSM4104126_CATGACACATGCAACT-1,-0.29997119987097626
CXCR3-,MS,MS60249_CSF,GSM4104126_CATGCCTAGCTCCTCT-1,0.15697204620005087
CXCR3+,MS,MS60249_CSF,GSM4104126_CATGCCTCAGGACGTA-1,-0.037530348281622994
CXCR3+,MS,MS60249_CSF,GSM4104126_CATGCCTGTCAAAGCG-1,-0.13751334444334615
CXCR3-,MS,MS60249_CSF,GSM4104126_CATGGCGAGAACAATC-1,0.0907680214062003
CXCR3-,MS,MS60249_CSF,GSM4104126_CATGGCGTCCACGTTC-1,-0.29997119987097626
CXCR3+,MS,MS60249_CSF,GSM4104126_CATTATCGTCGCTTTC-1,0.11707505580647662
CXCR3+,MS,MS60249_CSF,GSM4104126_CATTCGCCAACCGCCA-1,0.0481551550351863
CXCR3-,MS,MS60249_CSF,GSM4104126_CATTCGCCAGGTCCAC-1,-0.29997119987097626
CXCR3-,MS,MS60249_CSF,GSM4104126_CCAATCCCAAGACGTG-1,-0.08533254191460693
CXCR3+,MS,MS60249_CSF,GSM4104126_CCAATCCCAGTAGAGC-1,0.17562321308106865
CXCR3-,MS,MS60249_CSF,GSM4104126_CCAATCCGTAGAAAGG-1,0.127686791292245
CXCR3+,MS,MS60249_CSF,GSM4104126_CCAATCCGTTCCGTCT-1,-0.18994929676471012
CXCR3-,MS,MS60249_CSF,GSM4104126_CCAATCCGTTTGACAC-1,-0.10912546698427761
CXCR3+,MS,MS60249_CSF,GSM4104126_CCAATCCTCAGAAATG-1,-0.005806942459794533
CXCR3-,MS,MS60249_CSF,GSM4104126_CCAATCCTCGTGGTCG-1,-0.29997119987097626
CXCR3+,MS,MS60249_CSF,GSM4104126_CCAATCCTCTACCTGC-1,-0.13394556234069013
CXCR3+,MS,MS60249_CSF,GSM4104126_CCACCTACAAGAAAGG-1,-0.028734114863655867
CXCR3-,MS,MS60249_CSF,GSM4104126_CCACCTACAGCTATTG-1,-0.11565770939584698
CXCR3-,MS,MS60249_CSF,GSM4104126_CCACCTACATAGAAAC-1,-0.29997119987097626
CXCR3-,MS,MS60249_CSF,GSM4104126_CCACCTATCACCTTAT-1,-0.29997119987097626
CXCR3-,MS,MS60249_CSF,GSM4104126_CCACCTATCTGCCCTA-1,-0.29997119987097626
CXCR3-,MS,MS60249_CSF,GSM4104126_CCACGGACAATCACAC-1,0.43039902465429136
CXCR3+,MS,MS60249_CSF,GSM4104126_CCACGGACAATGTTGC-1,0.18645599686553324
CXCR3-,MS,MS60249_CSF,GSM4104126_CCACGGACACATGACT-1,0.2637531789777497
CXCR3+,MS,MS60249_CSF,GSM4104126_CCACGGACACTGTTAG-1,-0.1789616733098762
CXCR3-,MS,MS60249_CSF,GSM4104126_CCACGGATCTCTAGGA-1,-0.29997119987097626
CXCR3-,MS,MS60249_CSF,GSM4104126_CCACTACAGAAACCTA-1,-0.14065749784900097
CXCR3-,MS,MS60249_CSF,GSM4104126_CCACTACCAGTCACTA-1,-0.29997119987097626
CXCR3+,MS,MS60249_CSF,GSM4104126_CCACTACCATATACCG-1,-0.29997119987097626
CXCR3+,MS,MS60249_CSF,GSM4104126_CCACTACGTGGCGAAT-1,-0.07607497683631008
CXCR3-,MS,MS60249_CSF,GSM4104126_CCAGCGAGTTGGGACA-1,-0.29997119987097626
CXCR3+,MS,MS60249_CSF,GSM4104126_CCAGCGATCCAAGCCG-1,0.39260238058088637
CXCR3+,MS,MS60249_CSF,GSM4104126_CCAGCGATCCCAAGAT-1,0.6282639047992119
CXCR3-,MS,MS60249_CSF,GSM4104126_CCATGTCCAGATCTGT-1,0.1324198922011354
CXCR3-,MS,MS60249_CSF,GSM4104126_CCATGTCTCCCTTGTG-1,-0.29997119987097626
CXCR3+,MS,MS60249_CSF,GSM4104126_CCATTCGAGATGTAAC-1,-0.29997119987097626
CXCR3-,MS,MS60249_CSF,GSM4104126_CCATTCGGTCTAGAGG-1,0.0007220889523537531
CXCR3-,MS,MS60249_CSF,GSM4104126_CCATTCGTCGGCATCG-1,-0.29997119987097626
CXCR3+,MS,MS60249_CSF,GSM4104126_CCCAATCAGACTCGGA-1,-0.1369410941942977
CXCR3+,MS,MS60249_CSF,GSM4104126_CCCAATCAGCGTCAAG-1,-0.10710548757813436
CXCR3-,MS,MS60249_CSF,GSM4104126_CCCAATCAGCTGCCCA-1,-0.29997119987097626
CXCR3-,MS,MS60249_CSF,GSM4104126_CCCAATCTCGACAGCC-1,0.18287360990303428
CXCR3+,MS,MS60249_CSF,GSM4104126_CCCAGTTAGATATGGT-1,0.09927352843924642
CXCR3-,MS,MS60249_CSF,GSM4104126_CCCAGTTAGCTAGTTC-1,-0.1199258658028128
CXCR3+,MS,MS60249_CSF,GSM4104126_CCCAGTTCAGGATCGA-1,0.11060768183851266
CXCR3+,MS,MS60249_CSF,GSM4104126_CCCAGTTGTACTTCTT-1,0.0072942179323402445
CXCR3+,MS,MS60249_CSF,GSM4104126_CCCAGTTGTCGTGGCT-1,0.4034243215247847
CXCR3-,MS,MS60249_CSF,GSM4104126_CCCATACAGTAGCCGA-1,-0.29997119987097626
CXCR3-,MS,MS60249_CSF,GSM4104126_CCCATACAGTTAGGTA-1,-0.008506976353635485
CXCR3+,MS,MS60249_CSF,GSM4104126_CCCATACCAGTCAGCC-1,0.2076921285089289
CXCR3+,MS,MS60249_CSF,GSM4104126_CCCATACTCGCTAGCG-1,-0.02600598077128987
CXCR3+,MS,MS60249_CSF,GSM4104126_CCCTCCTGTTGAGGTG-1,-0.29997119987097626
CXCR3+,MS,MS60249_CSF,GSM4104126_CCCTCCTTCGTACCGG-1,-0.29997119987097626
CXCR3-,MS,MS60249_CSF,GSM4104126_CCGGTAGCATCCTTGC-1,0.053702546457271
CXCR3-,MS,MS60249_CSF,GSM4104126_CCGTACTCAACACCTA-1,-0.14229834114697867
CXCR3-,MS,MS60249_CSF,GSM4104126_CCGTACTGTTACAGAA-1,0.4377817759975494
CXCR3-,MS,MS60249_CSF,GSM4104126_CCGTGGAAGTTACGGG-1,0.15191220899648955
CXCR3+,MS,MS60249_CSF,GSM4104126_CCGTGGACATACTCTT-1,0.6296434195762978
CXCR3-,MS,MS60249_CSF,GSM4104126_CCGTGGACATGGGACA-1,-0.29997119987097626
CXCR3-,MS,MS60249_CSF,GSM4104126_CCGTGGAGTGTTGGGA-1,-0.1719388620755861
CXCR3+,MS,MS60249_CSF,GSM4104126_CCGTTCACAGATGGGT-1,-0.15683319672403773
CXCR3-,MS,MS60249_CSF,GSM4104126_CCGTTCACAGGATTGG-1,-0.29997119987097626
CXCR3+,MS,MS60249_CSF,GSM4104126_CCGTTCAGTGACAAAT-1,0.10624988208730872
CXCR3+,MS,MS60249_CSF,GSM4104126_CCTAAAGCAGATCCAT-1,-0.04494630009814372
CXCR3-,MS,MS60249_CSF,GSM4104126_CCTAAAGGTACCGAGA-1,-0.29997119987097626
CXCR3-,MS,MS60249_CSF,GSM4104126_CCTAAAGGTATAAACG-1,0.2581017616912909
CXCR3-,MS,MS60249_CSF,GSM4104126_CCTACCAAGGCTCTTA-1,-0.29997119987097626
CXCR3-,MS,MS60249_CSF,GSM4104126_CCTACCACATCCTAGA-1,-0.09788210076423752
CXCR3-,MS,MS60249_CSF,GSM4104126_CCTACCACATCTCCCA-1,-0.29997119987097626
CXCR3+,MS,MS60249_CSF,GSM4104126_CCTACCAGTAGGCATG-1,0.09860034592809767
CXCR3-,MS,MS60249_CSF,GSM4104126_CCTACCATCCACGTTC-1,-0.08069584032514857
CXCR3-,MS,MS60249_CSF,GSM4104126_CCTACCATCTGGCGTG-1,-0.29997119987097626
CXCR3-,MS,MS60249_CSF,GSM4104126_CCTAGCTTCGCATGAT-1,-0.29997119987097626
CXCR3-,MS,MS60249_CSF,GSM4104126_CCTATTAAGCGATCCC-1,0.6597574055911888
CXCR3-,MS,MS60249_CSF,GSM4104126_CCTATTAAGCGTCAAG-1,-0.29997119987097626
CXCR3+,MS,MS60249_CSF,GSM4104126_CCTCAGTCATTGTGCA-1,-0.29997119987097626
CXCR3-,MS,MS60249_CSF,GSM4104126_CCTCTGACACTTAAGC-1,-0.29997119987097626
CXCR3+,MS,MS60249_CSF,GSM4104126_CCTCTGACAGCATGAG-1,0.31280492973422425
CXCR3-,MS,MS60249_CSF,GSM4104126_CCTCTGAGTGCAGACA-1,-0.29997119987097626
CXCR3-,MS,MS60249_CSF,GSM4104126_CCTTACGAGCTTCGCG-1,-0.29997119987097626
CXCR3-,MS,MS60249_CSF,GSM4104126_CCTTACGCAAATTGCC-1,-0.08615251798611433
CXCR3+,MS,MS60249_CSF,GSM4104126_CCTTACGCAGGCGATA-1,-0.08133179348440187
CXCR3-,MS,MS60249_CSF,GSM4104126_CCTTACGGTGCGAAAC-1,-0.29997119987097626
CXCR3-,MS,MS60249_CSF,GSM4104126_CCTTACGTCCGTCAAA-1,-0.29997119987097626
CXCR3-,MS,MS60249_CSF,GSM4104126_CCTTCCCAGCTGAACG-1,0.17713446739007857
CXCR3-,MS,MS60249_CSF,GSM4104126_CCTTCCCGTCCGTTAA-1,-0.03736941515901417
CXCR3+,MS,MS60249_CSF,GSM4104126_CCTTCCCTCTCTGAGA-1,0.6582905594078975
CXCR3+,MS,MS60249_CSF,GSM4104126_CCTTCGAAGCAGATCG-1,0.37708052898087935
CXCR3-,MS,MS60249_CSF,GSM4104126_CCTTCGAAGGGCTTCC-1,-0.29997119987097626
CXCR3+,MS,MS60249_CSF,GSM4104126_CCTTCGACAGTTCCCT-1,-0.29997119987097626
CXCR3-,MS,MS60249_CSF,GSM4104126_CCTTCGAGTAATAGCA-1,-0.11505807508335646
CXCR3+,MS,MS60249_CSF,GSM4104126_CCTTCGATCAACACCA-1,-0.11571948949738273
CXCR3-,MS,MS60249_CSF,GSM4104126_CCTTCGATCTGTACGA-1,0.13648382212079999
CXCR3-,MS,MS60249_CSF,GSM4104126_CCTTTCTTCGGCGCAT-1,-0.29997119987097626
CXCR3-,MS,MS60249_CSF,GSM4104126_CCTTTCTTCTTGTCAT-1,-0.29997119987097626
CXCR3+,MS,MS60249_CSF,GSM4104126_CGAACATAGCGATATA-1,-0.03233579183461983
CXCR3+,MS,MS60249_CSF,GSM4104126_CGAACATCATTACGAC-1,0.3765507478296362
CXCR3-,MS,MS60249_CSF,GSM4104126_CGAACATGTTACCGAT-1,0.16869641558458506
CXCR3+,MS,MS60249_CSF,GSM4104126_CGAATGTAGTGGGATC-1,0.534257468262658
CXCR3+,MS,MS60249_CSF,GSM4104126_CGAATGTCAGACGCAA-1,0.08594014340518907
CXCR3+,MS,MS60249_CSF,GSM4104126_CGACCTTAGTATGACA-1,-0.05622764928320963
CXCR3+,MS,MS60249_CSF,GSM4104126_CGACCTTCAGCATACT-1,0.24667597981010309
CXCR3+,MS,MS60249_CSF,GSM4104126_CGACCTTGTCCGCTGA-1,-0.24408328246260033
CXCR3-,MS,MS60249_CSF,GSM4104126_CGACTTCAGACGCACA-1,-0.29997119987097626
CXCR3-,MS,MS60249_CSF,GSM4104126_CGACTTCAGACTACAA-1,-0.29997119987097626
CXCR3-,MS,MS60249_CSF,GSM4104126_CGACTTCAGGGCATGT-1,0.3161452540227802
CXCR3+,MS,MS60249_CSF,GSM4104126_CGAGAAGAGATATGGT-1,0.03829973060291307
CXCR3-,MS,MS60249_CSF,GSM4104126_CGAGAAGGTAGAAAGG-1,0.12385445781547763
CXCR3-,MS,MS60249_CSF,GSM4104126_CGAGAAGGTTCAGCGC-1,-0.29997119987097626
CXCR3-,MS,MS60249_CSF,GSM4104126_CGAGCACGTTAAAGAC-1,0.42451488498249523
CXCR3+,MS,MS60249_CSF,GSM4104126_CGAGCCACACCCTATC-1,0.13326382187878288
CXCR3+,MS,MS60249_CSF,GSM4104126_CGAGCCAGTATTCGTG-1,0.11909416010315683
CXCR3-,MS,MS60249_CSF,GSM4104126_CGAGCCAGTGTCTGAT-1,-0.29997119987097626
CXCR3-,MS,MS60249_CSF,GSM4104126_CGATGGCAGATATGGT-1,-0.29997119987097626
CXCR3-,MS,MS60249_CSF,GSM4104126_CGATGGCCAGTTCATG-1,0.016628637213604795
CXCR3-,MS,MS60249_CSF,GSM4104126_CGATGTACAGCATACT-1,-0.29997119987097626
CXCR3-,MS,MS60249_CSF,GSM4104126_CGATGTAGTGACGCCT-1,0.4205682692584131
CXCR3+,MS,MS60249_CSF,GSM4104126_CGATGTATCGGCGCAT-1,-0.29997119987097626
CXCR3-,MS,MS60249_CSF,GSM4104126_CGATGTATCTTGGGTA-1,-0.29997119987097626
CXCR3+,MS,MS60249_CSF,GSM4104126_CGCCAAGAGGCTAGGT-1,-0.07610775370745293
CXCR3-,MS,MS60249_CSF,GSM4104126_CGCCAAGCATCACCCT-1,0.04051004612903645
CXCR3+,MS,MS60249_CSF,GSM4104126_CGCGGTAAGAAGGTTT-1,0.2305409476528629
CXCR3+,MS,MS60249_CSF,GSM4104126_CGCGGTAAGGCAGGTT-1,0.031214621864986945
CXCR3+,MS,MS60249_CSF,GSM4104126_CGCGGTAGTCGAATCT-1,-0.29997119987097626
CXCR3-,MS,MS60249_CSF,GSM4104126_CGCGGTATCCGAACGC-1,-0.29997119987097626
CXCR3+,MS,MS60249_CSF,GSM4104126_CGCGTTTCAAAGAATC-1,-0.06713007776556681
CXCR3+,MS,MS60249_CSF,GSM4104126_CGCTATCAGAGCTGGT-1,0.38043546609876266
CXCR3+,MS,MS60249_CSF,GSM4104126_CGCTATCAGCTGGAAC-1,-0.10425862972816724
CXCR3+,MS,MS60249_CSF,GSM4104126_CGCTATCCAATGCCAT-1,0.20756153109554173
CXCR3+,MS,MS60249_CSF,GSM4104126_CGCTATCGTTAAAGTG-1,0.08278853648675184
CXCR3-,MS,MS60249_CSF,GSM4104126_CGCTATCTCCTCATTA-1,0.10772663202559962
CXCR3+,MS,MS60249_CSF,GSM4104126_CGCTGGACATATGCTG-1,0.2123252077432654
CXCR3+,MS,MS60249_CSF,GSM4104126_CGCTGGATCCACGCAG-1,-0.048867915315579935
CXCR3-,MS,MS60249_CSF,GSM4104126_CGCTTCACAACTGGCC-1,0.24185340860358348
CXCR3+,MS,MS60249_CSF,GSM4104126_CGCTTCACAGTAAGCG-1,-0.0477243180415247
CXCR3-,MS,MS60249_CSF,GSM4104126_CGCTTCAGTCTTGATG-1,-0.29997119987097626
CXCR3-,MS,MS60249_CSF,GSM4104126_CGCTTCAGTTTGTTGG-1,-0.29997119987097626
CXCR3-,MS,MS60249_CSF,GSM4104126_CGCTTCATCCGCAGTG-1,-0.29997119987097626
CXCR3+,MS,MS60249_CSF,GSM4104126_CGGACACGTCAGATAA-1,-0.29997119987097626
CXCR3+,MS,MS60249_CSF,GSM4104126_CGGACACTCAGAGGTG-1,-0.29997119987097626
CXCR3-,MS,MS60249_CSF,GSM4104126_CGGACACTCTCAAGTG-1,0.17934914319153883
CXCR3-,MS,MS60249_CSF,GSM4104126_CGGACGTAGATACACA-1,-0.29997119987097626
CXCR3+,MS,MS60249_CSF,GSM4104126_CGGACGTAGTTTGCGT-1,0.1761838263762953
CXCR3+,MS,MS60249_CSF,GSM4104126_CGGACGTGTCTTCAAG-1,-0.05977890472493872
CXCR3-,MS,MS60249_CSF,GSM4104126_CGGACGTTCAGAAATG-1,-0.29997119987097626
CXCR3+,MS,MS60249_CSF,GSM4104126_CGGACGTTCTTGACGA-1,-0.07306474062785226
CXCR3+,MS,MS60249_CSF,GSM4104126_CGGACTGCATATGAGA-1,0.22250266407944133
CXCR3+,MS,MS60249_CSF,GSM4104126_CGGACTGGTGGGTCAA-1,-0.20240769721479568
CXCR3-,MS,MS60249_CSF,GSM4104126_CGGACTGGTGTAACGG-1,-0.29997119987097626
CXCR3+,MS,MS60249_CSF,GSM4104126_CGGAGCTGTTCACCTC-1,0.24423381483806159
CXCR3-,MS,MS60249_CSF,GSM4104126_CGGAGTCAGCCAGGAT-1,-0.029855439884350913
CXCR3-,MS,MS60249_CSF,GSM4104126_CGGAGTCAGCTACCTA-1,-0.29997119987097626
CXCR3-,MS,MS60249_CSF,GSM4104126_CGGAGTCCACATTAGC-1,-0.16820781767006118
CXCR3-,MS,MS60249_CSF,GSM4104126_CGGAGTCTCGCGGATC-1,-0.29997119987097626
CXCR3+,MS,MS60249_CSF,GSM4104126_CGGCTAGCATGGGACA-1,-0.12103059494454019
CXCR3-,MS,MS60249_CSF,GSM4104126_CGGCTAGGTGGCAAAC-1,-0.29997119987097626
CXCR3-,MS,MS60249_CSF,GSM4104126_CGGGTCAAGATGTCGG-1,-0.29997119987097626
CXCR3-,MS,MS60249_CSF,GSM4104126_CGGGTCACAGCTGTGC-1,0.3668751739740677
CXCR3+,MS,MS60249_CSF,GSM4104126_CGGGTCATCGGCGGTT-1,0.14053800065049957
CXCR3+,MS,MS60249_CSF,GSM4104126_CGGGTCATCTCTTGAT-1,0.20564711398441268
CXCR3-,MS,MS60249_CSF,GSM4104126_CGGTTAACACAGAGGT-1,-0.29997119987097626
CXCR3-,MS,MS60249_CSF,GSM4104126_CGGTTAACACATGTGT-1,-0.049077620252057315
CXCR3-,MS,MS60249_CSF,GSM4104126_CGGTTAAGTGAGGGAG-1,-0.29997119987097626
CXCR3+,MS,MS60249_CSF,GSM4104126_CGTAGCGAGACACGAC-1,0.02558630427520884
CXCR3-,MS,MS60249_CSF,GSM4104126_CGTAGGCAGCCTCGTG-1,-0.29997119987097626
CXCR3+,MS,MS60249_CSF,GSM4104126_CGTAGGCTCCACGCAG-1,-0.06193529829712268
CXCR3+,MS,MS60249_CSF,GSM4104126_CGTAGGCTCTTAGCCC-1,0.12579519518071464
CXCR3+,MS,MS60249_CSF,GSM4104126_CGTCACTAGAAACCAT-1,-0.04606392282223503
CXCR3+,MS,MS60249_CSF,GSM4104126_CGTCACTCAATAAGCA-1,0.7468012075175651
CXCR3-,MS,MS60249_CSF,GSM4104126_CGTCACTGTATAGTAG-1,-0.29997119987097626
CXCR3+,MS,MS60249_CSF,GSM4104126_CGTCACTGTTCAGTAC-1,-0.29997119987097626
CXCR3-,MS,MS60249_CSF,GSM4104126_CGTCACTGTTGTGGCC-1,-0.29997119987097626
CXCR3-,MS,MS60249_CSF,GSM4104126_CGTCAGGGTGGGTCAA-1,-0.29997119987097626
CXCR3-,MS,MS60249_CSF,GSM4104126_CGTCCATGTACAGCAG-1,0.05902563437234555
CXCR3-,MS,MS60249_CSF,GSM4104126_CGTCCATTCTTTACAC-1,-0.29997119987097626
CXCR3+,MS,MS60249_CSF,GSM4104126_CGTCTACCATACGCCG-1,-0.058597343187241344
CXCR3-,MS,MS60249_CSF,GSM4104126_CGTCTACGTGGTCCGT-1,-0.29997119987097626
CXCR3+,MS,MS60249_CSF,GSM4104126_CGTGTCTTCAACGGCC-1,0.003908233543344908
CXCR3+,MS,MS60249_CSF,GSM4104126_CGTGTCTTCTTTAGGG-1,-0.29997119987097626
CXCR3+,MS,MS60249_CSF,GSM4104126_CGTTAGAAGTAAGTAC-1,0.007143811433144688
CXCR3+,MS,MS60249_CSF,GSM4104126_CGTTAGACATATACCG-1,-0.22225458863934452
CXCR3-,MS,MS60249_CSF,GSM4104126_CGTTAGACATTTGCCC-1,-0.07985726016855137
CXCR3+,MS,MS60249_CSF,GSM4104126_CGTTAGAGTCGCGAAA-1,0.017024568356295757
CXCR3-,MS,MS60249_CSF,GSM4104126_CGTTAGATCTTACCGC-1,-0.29997119987097626
CXCR3-,MS,MS60249_CSF,GSM4104126_CGTTCTGAGAGTCTGG-1,-0.29997119987097626
CXCR3-,MS,MS60249_CSF,GSM4104126_CGTTCTGAGGGAAACA-1,0.37480062377524875
CXCR3+,MS,MS60249_CSF,GSM4104126_CGTTCTGCACTTAAGC-1,-0.29997119987097626
CXCR3-,MS,MS60249_CSF,GSM4104126_CGTTCTGGTACGCTGC-1,-0.29997119987097626
CXCR3-,MS,MS60249_CSF,GSM4104126_CGTTCTGGTATGCTTG-1,-0.002880614930946062
CXCR3-,MS,MS60249_CSF,GSM4104126_CGTTCTGTCCCTCTTT-1,0.06251523503566411
CXCR3-,MS,MS60249_CSF,GSM4104126_CGTTGGGAGGATGGAA-1,-0.19308628404693842
CXCR3+,MS,MS60249_CSF,GSM4104126_CGTTGGGAGTTTGCGT-1,0.46854259292715106
CXCR3-,MS,MS60249_CSF,GSM4104126_CGTTGGGGTGGTGTAG-1,0.17374446635004154
CXCR3-,MS,MS60249_CSF,GSM4104126_CGTTGGGTCGTTTAGG-1,-0.29997119987097626
CXCR3-,MS,MS60249_CSF,GSM4104126_CTAACTTAGGCATTGG-1,0.5016024353441068
CXCR3+,MS,MS60249_CSF,GSM4104126_CTAACTTAGTACGACG-1,0.052179112891134305
CXCR3+,MS,MS60249_CSF,GSM4104126_CTAACTTTCGCCAGCA-1,-0.2183174840884386
CXCR3-,MS,MS60249_CSF,GSM4104126_CTAAGACCAAGACACG-1,-0.15907194060668214
CXCR3-,MS,MS60249_CSF,GSM4104126_CTAAGACGTCCGTCAG-1,-0.29997119987097626
CXCR3-,MS,MS60249_CSF,GSM4104126_CTAATGGCATCCTTGC-1,-0.10475039141667772
CXCR3-,MS,MS60249_CSF,GSM4104126_CTACACCAGTGCCAGA-1,-0.03483563371602439
CXCR3+,MS,MS60249_CSF,GSM4104126_CTACACCAGTTTGCGT-1,-0.29997119987097626
CXCR3-,MS,MS60249_CSF,GSM4104126_CTACACCCATACGCCG-1,-0.07824728037213792
CXCR3+,MS,MS60249_CSF,GSM4104126_CTACATTCAGCTGGCT-1,0.10989070756521706
CXCR3-,MS,MS60249_CSF,GSM4104126_CTACATTCAGGTCTCG-1,-0.29997119987097626
CXCR3+,MS,MS60249_CSF,GSM4104126_CTACATTTCTTGCATT-1,0.8655198658885537
CXCR3-,MS,MS60249_CSF,GSM4104126_CTACCCAAGCAATCTC-1,-0.045472495935756425
CXCR3-,MS,MS60249_CSF,GSM4104126_CTACCCAAGTTGAGTA-1,-0.060455144135125094
CXCR3+,MS,MS60249_CSF,GSM4104126_CTACCCATCTTCAACT-1,-0.29997119987097626
CXCR3-,MS,MS60249_CSF,GSM4104126_CTACGTCCATCCCACT-1,-0.29997119987097626
CXCR3-,MS,MS60249_CSF,GSM4104126_CTACGTCCATGCCACG-1,-0.29997119987097626
CXCR3-,MS,MS60249_CSF,GSM4104126_CTACGTCGTAGCCTCG-1,-0.29997119987097626
CXCR3+,MS,MS60249_CSF,GSM4104126_CTACGTCGTCGAATCT-1,0.06295441354822708
CXCR3+,MS,MS60249_CSF,GSM4104126_CTACGTCTCGGCGCAT-1,-0.0248640983789464
CXCR3-,MS,MS60249_CSF,GSM4104126_CTAGAGTAGCTGGAAC-1,-0.060685687935628285
CXCR3+,MS,MS60249_CSF,GSM4104126_CTAGAGTGTTGGTAAA-1,-0.04671031128219001
CXCR3-,MS,MS60249_CSF,GSM4104126_CTAGAGTTCGCTGATA-1,-0.29997119987097626
CXCR3-,MS,MS60249_CSF,GSM4104126_CTAGAGTTCTACCAGA-1,0.21346797848549248
CXCR3-,MS,MS60249_CSF,GSM4104126_CTAGCCTAGGCCCGTT-1,0.3345783738608238
CXCR3+,MS,MS60249_CSF,GSM4104126_CTAGCCTAGGGAACGG-1,-0.1333635292883877
CXCR3+,MS,MS60249_CSF,GSM4104126_CTAGCCTCAAAGTGCG-1,-0.29997119987097626
CXCR3+,MS,MS60249_CSF,GSM4104126_CTAGCCTGTAATAGCA-1,-0.29997119987097626
CXCR3-,MS,MS60249_CSF,GSM4104126_CTAGCCTTCTCAAACG-1,-0.17644500399775495
CXCR3-,MS,MS60249_CSF,GSM4104126_CTAGTGAAGTTGTCGT-1,-0.10006318586513463
CXCR3+,MS,MS60249_CSF,GSM4104126_CTAGTGACAATGGAGC-1,-0.05257325433338481
CXCR3-,MS,MS60249_CSF,GSM4104126_CTAGTGATCATACGGT-1,-0.10376081320967742
CXCR3-,MS,MS60249_CSF,GSM4104126_CTCACACCAAGACACG-1,-0.29997119987097626
CXCR3-,MS,MS60249_CSF,GSM4104126_CTCACACGTGCAGGTA-1,0.17432613126407662
CXCR3-,MS,MS60249_CSF,GSM4104126_CTCAGAACACACCGAC-1,-0.025222543490033215
CXCR3-,MS,MS60249_CSF,GSM4104126_CTCAGAACACGGTTTA-1,-0.29997119987097626
CXCR3-,MS,MS60249_CSF,GSM4104126_CTCAGAACATACTACG-1,-0.29997119987097626
CXCR3+,MS,MS60249_CSF,GSM4104126_CTCAGAAGTCGAATCT-1,0.24447754169081845
CXCR3+,MS,MS60249_CSF,GSM4104126_CTCAGAATCTTACCGC-1,-0.1269351756721335
CXCR3-,MS,MS60249_CSF,GSM4104126_CTCATTACAGTTAACC-1,-0.29997119987097626
CXCR3-,MS,MS60249_CSF,GSM4104126_CTCCTAGAGAGCTGCA-1,-0.29997119987097626
CXCR3-,MS,MS60249_CSF,GSM4104126_CTCCTAGGTAGGCTGA-1,-0.29997119987097626
CXCR3+,MS,MS60249_CSF,GSM4104126_CTCCTAGTCGTTTATC-1,0.25028840732308727
CXCR3-,MS,MS60249_CSF,GSM4104126_CTCGAAACAATACGCT-1,-0.05210641136953278
CXCR3+,MS,MS60249_CSF,GSM4104126_CTCGAAAGTGAAGGCT-1,-0.007386906262272837
CXCR3+,MS,MS60249_CSF,GSM4104126_CTCGAAATCTACCTGC-1,-0.23168013936478316
CXCR3-,MS,MS60249_CSF,GSM4104126_CTCGAAATCTCAACTT-1,-0.29997119987097626
CXCR3+,MS,MS60249_CSF,GSM4104126_CTCGAAATCTGCTTGC-1,0.043712014324008876
CXCR3+,MS,MS60249_CSF,GSM4104126_CTCGAGGCAAGGTGTG-1,-0.29997119987097626
CXCR3+,MS,MS60249_CSF,GSM4104126_CTCGAGGCAGCCAATT-1,0.0790941773707476
CXCR3+,MS,MS60249_CSF,GSM4104126_CTCGAGGCATGAGCGA-1,-0.02533230190353992
CXCR3-,MS,MS60249_CSF,GSM4104126_CTCGAGGTCCCATTAT-1,-0.29997119987097626
CXCR3-,MS,MS60249_CSF,GSM4104126_CTCGAGGTCCGCAGTG-1,-0.29997119987097626
CXCR3-,MS,MS60249_CSF,GSM4104126_CTCGGAGGTCATCCCT-1,0.016223660076631324
CXCR3-,MS,MS60249_CSF,GSM4104126_CTCGTACAGGAGTTGC-1,-0.29997119987097626
CXCR3-,MS,MS60249_CSF,GSM4104126_CTCGTACAGTCGCCGT-1,-0.03336181984562835
CXCR3-,MS,MS60249_CSF,GSM4104126_CTCGTACTCTCAACTT-1,-0.007464888919921432
CXCR3-,MS,MS60249_CSF,GSM4104126_CTCTACGAGTAATCCC-1,-0.29997119987097626
CXCR3-,MS,MS60249_CSF,GSM4104126_CTCTACGCAGACAAGC-1,0.024935875694294927
CXCR3-,MS,MS60249_CSF,GSM4104126_CTCTACGCAGCTATTG-1,0.7367180148432688
CXCR3+,MS,MS60249_CSF,GSM4104126_CTCTACGCAGTAACGG-1,0.3259028550262704
CXCR3-,MS,MS60249_CSF,GSM4104126_CTCTACGGTTGGTTTG-1,-0.29997119987097626
CXCR3-,MS,MS60249_CSF,GSM4104126_CTCTACGTCTCCAACC-1,0.03251806678210202
CXCR3+,MS,MS60249_CSF,GSM4104126_CTCTGGTCAACGATCT-1,0.11743311950909432
CXCR3-,MS,MS60249_CSF,GSM4104126_CTGAAACGTGACGGTA-1,-0.29997119987097626
CXCR3-,MS,MS60249_CSF,GSM4104126_CTGAAGTCAGCTATTG-1,0.030599785312722012
CXCR3+,MS,MS60249_CSF,GSM4104126_CTGATAGAGATAGTCA-1,-0.11114403668896088
CXCR3-,MS,MS60249_CSF,GSM4104126_CTGATAGGTAAGTTCC-1,-0.29997119987097626
CXCR3+,MS,MS60249_CSF,GSM4104126_CTGATCCCAGCTATTG-1,-0.13176534641624713
CXCR3+,MS,MS60249_CSF,GSM4104126_CTGATCCTCAGCGACC-1,0.16883325073576236
CXCR3-,MS,MS60249_CSF,GSM4104126_CTGATCCTCATGCAAC-1,0.047998459120976396
CXCR3-,MS,MS60249_CSF,GSM4104126_CTGATCCTCTACTATC-1,-0.29997119987097626
CXCR3-,MS,MS60249_CSF,GSM4104126_CTGCCTAAGAGCCCAA-1,-0.1962712772923021
CXCR3+,MS,MS60249_CSF,GSM4104126_CTGCGGAAGATGCGAC-1,0.14777347568740537
CXCR3+,MS,MS60249_CSF,GSM4104126_CTGCGGACACACTGCG-1,-0.0717129314840128
CXCR3-,MS,MS60249_CSF,GSM4104126_CTGGTCTGTCTGGTCG-1,-0.29997119987097626
CXCR3-,MS,MS60249_CSF,GSM4104126_CTGTGCTCAAATTGCC-1,-0.29997119987097626
CXCR3-,MS,MS60249_CSF,GSM4104126_CTGTGCTGTCTGCGGT-1,-0.29997119987097626
CXCR3+,MS,MS60249_CSF,GSM4104126_CTGTGCTTCATGTCTT-1,0.43859766660699057
CXCR3+,MS,MS60249_CSF,GSM4104126_CTGTTTACAAGCGATG-1,0.4593878097147431
CXCR3-,MS,MS60249_CSF,GSM4104126_CTGTTTATCTTGGGTA-1,-0.07109789529978093
CXCR3+,MS,MS60249_CSF,GSM4104126_CTTAACTAGCCACGCT-1,-0.056357164321137285
CXCR3-,MS,MS60249_CSF,GSM4104126_CTTAACTGTCCGACGT-1,-0.29997119987097626
CXCR3-,MS,MS60249_CSF,GSM4104126_CTTAACTTCTTACCGC-1,0.08080532273363118
CXCR3-,MS,MS60249_CSF,GSM4104126_CTTACCGAGAGACTTA-1,-0.13311338279037188
CXCR3+,MS,MS60249_CSF,GSM4104126_CTTACCGCAACTGCTA-1,0.10941485053268975
CXCR3+,MS,MS60249_CSF,GSM4104126_CTTACCGGTCTGCAAT-1,-0.29997119987097626
CXCR3-,MS,MS60249_CSF,GSM4104126_CTTACCGGTGTTTGGT-1,-0.29997119987097626
CXCR3+,MS,MS60249_CSF,GSM4104126_CTTACCGTCATAAAGG-1,-0.020339686908739423
CXCR3+,MS,MS60249_CSF,GSM4104126_CTTACCGTCTCCTATA-1,0.028217277546134584
CXCR3-,MS,MS60249_CSF,GSM4104126_CTTCTCTTCATTTGGG-1,-0.29997119987097626
CXCR3-,MS,MS60249_CSF,GSM4104126_CTTGGCTAGCGATATA-1,0.048783912473162445
CXCR3+,MS,MS60249_CSF,GSM4104126_CTTGGCTCAAGCTGTT-1,0.23996404937187105
CXCR3-,MS,MS60249_CSF,GSM4104126_CTTGGCTTCAGTTCGA-1,-0.11765102877473192
CXCR3+,MS,MS60249_CSF,GSM4104126_CTTGGCTTCATAAAGG-1,-0.29997119987097626
CXCR3-,MS,MS60249_CSF,GSM4104126_CTTTGCGAGTGCGTGA-1,-0.29997119987097626
CXCR3-,MS,MS60249_CSF,GSM4104126_CTTTGCGGTTGAGGTG-1,-0.14519046654747983
CXCR3-,MS,MS60249_CSF,GSM4104126_CTTTGCGTCTAACCGA-1,-0.29997119987097626
CXCR3-,MS,MS60249_CSF,GSM4104126_GAAACTCCATCACAAC-1,-0.14248676810017533
CXCR3-,MS,MS60249_CSF,GSM4104126_GAAACTCGTCGACTGC-1,0.12374065801193525
CXCR3+,MS,MS60249_CSF,GSM4104126_GAAACTCGTTATCGGT-1,0.054193056351568854
CXCR3-,MS,MS60249_CSF,GSM4104126_GAAATGAAGTCGAGTG-1,-0.29997119987097626
CXCR3-,MS,MS60249_CSF,GSM4104126_GAACATCAGAGGTTGC-1,0.06629618554931443
CXCR3+,MS,MS60249_CSF,GSM4104126_GAACATCAGCCAGAAC-1,0.25716719641615515
CXCR3-,MS,MS60249_CSF,GSM4104126_GAACATCAGGATTCGG-1,-0.11091226284530954
CXCR3-,MS,MS60249_CSF,GSM4104126_GAACATCCATACAGCT-1,0.0006243745942644223
CXCR3-,MS,MS60249_CSF,GSM4104126_GAACCTACAATGTAAG-1,0.2088152805688636
CXCR3-,MS,MS60249_CSF,GSM4104126_GAACCTAGTGATAAGT-1,-0.19838571383227843
CXCR3-,MS,MS60249_CSF,GSM4104126_GAACGGAAGGTGTGGT-1,-0.29997119987097626
CXCR3-,MS,MS60249_CSF,GSM4104126_GAACGGACAGTCAGAG-1,-0.29997119987097626
CXCR3-,MS,MS60249_CSF,GSM4104126_GAACGGAGTACATGTC-1,-0.29997119987097626
CXCR3-,MS,MS60249_CSF,GSM4104126_GAACGGATCAGGTAAA-1,0.14258774077483097
CXCR3-,MS,MS60249_CSF,GSM4104126_GAAGCAGAGATCCGAG-1,-0.29997119987097626
CXCR3-,MS,MS60249_CSF,GSM4104126_GAAGCAGAGCCACCTG-1,0.07025099768578813
CXCR3+,MS,MS60249_CSF,GSM4104126_GAAGCAGAGGGAAACA-1,-0.29997119987097626
CXCR3+,MS,MS60249_CSF,GSM4104126_GAAGCAGAGGGATGGG-1,-0.04513149924926949
CXCR3-,MS,MS60249_CSF,GSM4104126_GAAGCAGCACGGTTTA-1,0.7202118308171743
CXCR3-,MS,MS60249_CSF,GSM4104126_GAAGCAGGTATAGTAG-1,-0.008185890846290341
CXCR3-,MS,MS60249_CSF,GSM4104126_GAAGCAGTCGTCCGTT-1,-0.29997119987097626
CXCR3-,MS,MS60249_CSF,GSM4104126_GAAGCAGTCGTCTGCT-1,0.18532308371591813
CXCR3+,MS,MS60249_CSF,GSM4104126_GAATAAGCAAGGTGTG-1,0.21432027252087954
CXCR3+,MS,MS60249_CSF,GSM4104126_GAATAAGGTACACCGC-1,-0.08851400888125042
CXCR3-,MS,MS60249_CSF,GSM4104126_GAATGAACAGCTCGAC-1,0.12533653158355723
CXCR3+,MS,MS60249_CSF,GSM4104126_GAATGAATCGGCCGAT-1,0.08214927142682157
CXCR3-,MS,MS60249_CSF,GSM4104126_GACACGCCAAGCCATT-1,-0.29997119987097626
CXCR3+,MS,MS60249_CSF,GSM4104126_GACACGCGTATGGTTC-1,0.37035354982927876
CXCR3-,MS,MS60249_CSF,GSM4104126_GACACGCGTTCACGGC-1,-0.29997119987097626
CXCR3-,MS,MS60249_CSF,GSM4104126_GACACGCGTTCAGACT-1,0.3393799938046885
CXCR3+,MS,MS60249_CSF,GSM4104126_GACAGAGCACGCATCG-1,0.13705154782098278
CXCR3-,MS,MS60249_CSF,GSM4104126_GACCTGGCATCACAAC-1,-0.1330417365577724
CXCR3+,MS,MS60249_CSF,GSM4104126_GACCTGGGTCCCGACA-1,-0.29997119987097626
CXCR3+,MS,MS60249_CSF,GSM4104126_GACGCGTAGAGTGACC-1,0.17715653803976797
CXCR3-,MS,MS60249_CSF,GSM4104126_GACGCGTAGAGTTGGC-1,-0.16806074213633007
CXCR3-,MS,MS60249_CSF,GSM4104126_GACGCGTAGCTGGAAC-1,0.1310224745028525
CXCR3-,MS,MS60249_CSF,GSM4104126_GACGCGTAGGGAACGG-1,-0.29997119987097626
CXCR3-,MS,MS60249_CSF,GSM4104126_GACGCGTAGGTGGGTT-1,-0.06702883206767342
CXCR3-,MS,MS60249_CSF,GSM4104126_GACGCGTCAACAACCT-1,-0.20376369407970651
CXCR3-,MS,MS60249_CSF,GSM4104126_GACGCGTCAGGACGTA-1,0.3084577093768767
CXCR3-,MS,MS60249_CSF,GSM4104126_GACGCGTCAGGGATTG-1,-0.29997119987097626
CXCR3+,MS,MS60249_CSF,GSM4104126_GACGCGTGTCTCTCGT-1,-0.29997119987097626
CXCR3-,MS,MS60249_CSF,GSM4104126_GACGCGTTCAGGCGAA-1,-0.013782804273094501
CXCR3+,MS,MS60249_CSF,GSM4104126_GACGGCTAGTATCTCG-1,-0.29997119987097626
CXCR3-,MS,MS60249_CSF,GSM4104126_GACGGCTCACGGTTTA-1,-0.29997119987097626
CXCR3-,MS,MS60249_CSF,GSM4104126_GACGGCTGTACTTAGC-1,0.046997104163960586
CXCR3-,MS,MS60249_CSF,GSM4104126_GACGGCTTCGTTACAG-1,0.29390657471574844
CXCR3+,MS,MS60249_CSF,GSM4104126_GACGTTACAGCGTCCA-1,-0.20099270569968178
CXCR3-,MS,MS60249_CSF,GSM4104126_GACTAACAGAAACCTA-1,0.003871796537763198
CXCR3-,MS,MS60249_CSF,GSM4104126_GACTAACCAATCACAC-1,0.10304864052826848
CXCR3-,MS,MS60249_CSF,GSM4104126_GACTACAAGGTCGGAT-1,-0.29997119987097626
CXCR3+,MS,MS60249_CSF,GSM4104126_GACTACACACGAGGTA-1,0.10135702522647295
CXCR3-,MS,MS60249_CSF,GSM4104126_GACTACAGTGCCTTGG-1,-0.09403247842264917
CXCR3-,MS,MS60249_CSF,GSM4104126_GACTGCGGTGATAAGT-1,-0.29997119987097626
CXCR3-,MS,MS60249_CSF,GSM4104126_GAGCAGAGTACAGTTC-1,0.0038686607786552357
CXCR3+,MS,MS60249_CSF,GSM4104126_GAGCAGAGTATTCTCT-1,-0.29997119987097626
CXCR3-,MS,MS60249_CSF,GSM4104126_GAGCAGAGTCTCTTTA-1,0.03693935425222431
CXCR3-,MS,MS60249_CSF,GSM4104126_GAGTCCGAGACCTAGG-1,-0.29997119987097626
CXCR3-,MS,MS60249_CSF,GSM4104126_GAGTCCGAGGGCATGT-1,-0.29997119987097626
CXCR3-,MS,MS60249_CSF,GSM4104126_GAGTCCGAGGGTTTCT-1,-0.29997119987097626
CXCR3+,MS,MS60249_CSF,GSM4104126_GAGTCCGCACACATGT-1,0.0624161709443886
CXCR3-,MS,MS60249_CSF,GSM4104126_GAGTCCGCATTCCTGC-1,-0.29997119987097626
CXCR3+,MS,MS60249_CSF,GSM4104126_GAGTCCGGTCTGATCA-1,-0.29997119987097626
CXCR3+,MS,MS60249_CSF,GSM4104126_GAGTCCGGTGTTGGGA-1,-0.17026229536932277
CXCR3+,MS,MS60249_CSF,GSM4104126_GAGTCCGTCCGCATAA-1,0.04358295420768891
CXCR3-,MS,MS60249_CSF,GSM4104126_GATCGATAGGTGGGTT-1,0.7552496029763621
CXCR3-,MS,MS60249_CSF,GSM4104126_GATCGATCATTCGACA-1,-0.29997119987097626
CXCR3-,MS,MS60249_CSF,GSM4104126_GATCGATGTAAGTGTA-1,0.021696733265982076
CXCR3+,MS,MS60249_CSF,GSM4104126_GATCGATGTGGTCCGT-1,0.2662537427435242
CXCR3-,MS,MS60249_CSF,GSM4104126_GATCGATGTTCCAACA-1,-0.03468504467468343
CXCR3-,MS,MS60249_CSF,GSM4104126_GATCGATTCGAGAGCA-1,-0.29997119987097626
CXCR3-,MS,MS60249_CSF,GSM4104126_GATCGCGAGGCTCATT-1,0.10884988277547583
CXCR3+,MS,MS60249_CSF,GSM4104126_GATCGCGGTTGAGGTG-1,-0.111874202121608
CXCR3-,MS,MS60249_CSF,GSM4104126_GATCGTAAGATCGGGT-1,0.6281942459972404
CXCR3-,MS,MS60249_CSF,GSM4104126_GATCGTAAGTCCCACG-1,0.10331726438112589
CXCR3+,MS,MS60249_CSF,GSM4104126_GATCGTACAAATCCGT-1,-0.03997614325294409
CXCR3+,MS,MS60249_CSF,GSM4104126_GATCGTAGTGTGAAAT-1,-0.29997119987097626
CXCR3-,MS,MS60249_CSF,GSM4104126_GATCTAGAGGAGTAGA-1,-0.29997119987097626
CXCR3+,MS,MS60249_CSF,GSM4104126_GATCTAGCAGCGAACA-1,-0.29997119987097626
CXCR3+,MS,MS60249_CSF,GSM4104126_GATCTAGCATCTACGA-1,0.1202848858667562
CXCR3+,MS,MS60249_CSF,GSM4104126_GATCTAGCATGCCACG-1,0.05427098385796821
CXCR3-,MS,MS60249_CSF,GSM4104126_GATCTAGCATTCCTCG-1,0.08102043026743204
CXCR3-,MS,MS60249_CSF,GSM4104126_GATGAAAGTTCGAATC-1,-0.29997119987097626
CXCR3-,MS,MS60249_CSF,GSM4104126_GATGAAATCCGCAGTG-1,-0.29997119987097626
CXCR3+,MS,MS60249_CSF,GSM4104126_GATGAGGAGAACAATC-1,0.2220709507558207
CXCR3-,MS,MS60249_CSF,GSM4104126_GATGAGGGTGGTCCGT-1,0.028613189948171507
CXCR3-,MS,MS60249_CSF,GSM4104126_GATGAGGTCTAACCGA-1,-0.06737314147429549
CXCR3+,MS,MS60249_CSF,GSM4104126_GATGCTAAGAGCAATT-1,0.14696343628590489
CXCR3-,MS,MS60249_CSF,GSM4104126_GATGCTAGTGTATGGG-1,0.05290084631359193
CXCR3-,MS,MS60249_CSF,GSM4104126_GATTCAGAGTTCGCAT-1,-0.29997119987097626
CXCR3-,MS,MS60249_CSF,GSM4104126_GATTCAGTCCAAACAC-1,-0.1974028135963493
CXCR3-,MS,MS60249_CSF,GSM4104126_GCAAACTAGTCATCCA-1,-0.29997119987097626
CXCR3+,MS,MS60249_CSF,GSM4104126_GCAAACTGTCTAGCGC-1,0.3286644666792061
CXCR3+,MS,MS60249_CSF,GSM4104126_GCAAACTGTTTGCATG-1,-0.16357887749930924
CXCR3+,MS,MS60249_CSF,GSM4104126_GCAATCAAGAATGTTG-1,-0.08360617666236443
CXCR3-,MS,MS60249_CSF,GSM4104126_GCAATCAGTACAGCAG-1,-0.16360104059858058
CXCR3+,MS,MS60249_CSF,GSM4104126_GCACTCTAGGAATGGA-1,-0.29997119987097626
CXCR3-,MS,MS60249_CSF,GSM4104126_GCACTCTTCCCTGACT-1,-0.29997119987097626
CXCR3-,MS,MS60249_CSF,GSM4104126_GCAGCCACATTGGTAC-1,0.18323895922363578
CXCR3+,MS,MS60249_CSF,GSM4104126_GCAGCCAGTCCAACTA-1,-0.29997119987097626
CXCR3-,MS,MS60249_CSF,GSM4104126_GCAGCCATCCACTCCA-1,-0.1354071325378892
CXCR3-,MS,MS60249_CSF,GSM4104126_GCAGTTATCACATACG-1,-0.29997119987097626
CXCR3-,MS,MS60249_CSF,GSM4104126_GCAGTTATCAGCGACC-1,-0.02539735660381253
CXCR3+,MS,MS60249_CSF,GSM4104126_GCAGTTATCCCTTGCA-1,-0.15385893445161378
CXCR3+,MS,MS60249_CSF,GSM4104126_GCATACAGTTGCGTTA-1,0.07629116158934703
CXCR3-,MS,MS60249_CSF,GSM4104126_GCATACATCGACAGCC-1,-0.29997119987097626
CXCR3-,MS,MS60249_CSF,GSM4104126_GCATGATAGAAGCCCA-1,0.05851983221008429
CXCR3-,MS,MS60249_CSF,GSM4104126_GCATGATAGAGGTAGA-1,-0.29997119987097626
CXCR3-,MS,MS60249_CSF,GSM4104126_GCATGATCAACACCTA-1,0.04981504143538754
CXCR3-,MS,MS60249_CSF,GSM4104126_GCATGATTCCTCGCAT-1,0.013450202768106696
CXCR3+,MS,MS60249_CSF,GSM4104126_GCATGCGCACACTGCG-1,-0.20335568102276777
CXCR3-,MS,MS60249_CSF,GSM4104126_GCATGCGCACATCCAA-1,0.012953651961339527
CXCR3-,MS,MS60249_CSF,GSM4104126_GCATGCGCACGGTAGA-1,0.11334579265130075
CXCR3+,MS,MS60249_CSF,GSM4104126_GCATGCGGTGGCCCTA-1,0.038257389375997874
CXCR3-,MS,MS60249_CSF,GSM4104126_GCATGTACAGGATCGA-1,-0.29997119987097626
CXCR3-,MS,MS60249_CSF,GSM4104126_GCATGTAGTTTGGCGC-1,-0.29997119987097626
CXCR3+,MS,MS60249_CSF,GSM4104126_GCCAAATCACGTTGGC-1,0.03674770197699758
CXCR3+,MS,MS60249_CSF,GSM4104126_GCCAAATGTCGTTGTA-1,-0.29997119987097626
CXCR3+,MS,MS60249_CSF,GSM4104126_GCCAAATTCACCACCT-1,-0.29997119987097626
CXCR3-,MS,MS60249_CSF,GSM4104126_GCCTCTAAGGGTGTGT-1,-0.0026857955712507675
CXCR3+,MS,MS60249_CSF,GSM4104126_GCCTCTAGTACAGTTC-1,-0.29997119987097626
CXCR3-,MS,MS60249_CSF,GSM4104126_GCCTCTATCCGAATGT-1,0.5991679855503745
CXCR3-,MS,MS60249_CSF,GSM4104126_GCGACCACAAACCTAC-1,-0.29997119987097626
CXCR3-,MS,MS60249_CSF,GSM4104126_GCGACCAGTCAATACC-1,-0.009426551377759055
CXCR3+,MS,MS60249_CSF,GSM4104126_GCGACCAGTTGGGACA-1,-0.16409199757594642
CXCR3+,MS,MS60249_CSF,GSM4104126_GCGACCATCTCGATGA-1,-0.1169249048213141
CXCR3+,MS,MS60249_CSF,GSM4104126_GCGAGAACAGCTGTGC-1,-0.17897155429381328
CXCR3-,MS,MS60249_CSF,GSM4104126_GCGAGAAGTTCCATGA-1,0.7435081762764192
CXCR3-,MS,MS60249_CSF,GSM4104126_GCGAGAATCGATCCCT-1,-0.29997119987097626
CXCR3-,MS,MS60249_CSF,GSM4104126_GCGAGAATCGGTCTAA-1,-0.11606994773041616
CXCR3-,MS,MS60249_CSF,GSM4104126_GCGCAACCACGTCAGC-1,-0.1259715553412613
CXCR3+,MS,MS60249_CSF,GSM4104126_GCGCAGTGTCAAAGCG-1,-0.07670318509128804
CXCR3+,MS,MS60249_CSF,GSM4104126_GCGCAGTTCAGAGACG-1,-0.29997119987097626
CXCR3+,MS,MS60249_CSF,GSM4104126_GCGCCAATCGGAGCAA-1,-0.25944220184479544
CXCR3+,MS,MS60249_CSF,GSM4104126_GCGCCAATCGTGTAGT-1,-0.29997119987097626
CXCR3-,MS,MS60249_CSF,GSM4104126_GCGCGATAGGACTGGT-1,0.3586224506250857
CXCR3-,MS,MS60249_CSF,GSM4104126_GCGCGATAGTTCGATC-1,-0.29997119987097626
CXCR3+,MS,MS60249_CSF,GSM4104126_GCGCGATCAAACAACA-1,-0.09004193395585387
CXCR3+,MS,MS60249_CSF,GSM4104126_GCGCGATTCAGGCCCA-1,-0.16490042465489177
CXCR3+,MS,MS60249_CSF,GSM4104126_GCGGGTTCAGCCAGAA-1,-0.29997119987097626
CXCR3+,MS,MS60249_CSF,GSM4104126_GCGGGTTCATGTCCTC-1,-0.29997119987097626
CXCR3-,MS,MS60249_CSF,GSM4104126_GCGGGTTGTCCTAGCG-1,-0.13505441788271563
CXCR3-,MS,MS60249_CSF,GSM4104126_GCGGGTTGTGGTAACG-1,0.19719250406638195
CXCR3+,MS,MS60249_CSF,GSM4104126_GCTCCTAAGTGGAGTC-1,-0.20479835411569605
CXCR3-,MS,MS60249_CSF,GSM4104126_GCTCCTAGTAACGTTC-1,0.27138211892913544
CXCR3+,MS,MS60249_CSF,GSM4104126_GCTCCTAGTCGAAAGC-1,0.11057103684239904
CXCR3-,MS,MS60249_CSF,GSM4104126_GCTCCTAGTTATCGGT-1,-0.29997119987097626
CXCR3-,MS,MS60249_CSF,GSM4104126_GCTCCTATCTCCGGTT-1,-0.29997119987097626
CXCR3-,MS,MS60249_CSF,GSM4104126_GCTCTGTCAGTTCCCT-1,-0.1444356519634566
CXCR3+,MS,MS60249_CSF,GSM4104126_GCTCTGTCATGACGGA-1,-0.0016768302108784042
CXCR3-,MS,MS60249_CSF,GSM4104126_GCTGCAGAGGACAGAA-1,-0.29997119987097626
CXCR3-,MS,MS60249_CSF,GSM4104126_GCTGCAGAGTCTCGGC-1,-0.29997119987097626
CXCR3-,MS,MS60249_CSF,GSM4104126_GCTGCAGTCAGCGATT-1,0.12153503306000199
CXCR3-,MS,MS60249_CSF,GSM4104126_GCTGCGACAGCTTCGG-1,-0.29997119987097626
CXCR3-,MS,MS60249_CSF,GSM4104126_GCTGCTTTCATAACCG-1,0.03418404336138844
CXCR3-,MS,MS60249_CSF,GSM4104126_GCTGGGTGTTTGGGCC-1,0.26320946465206013
CXCR3+,MS,MS60249_CSF,GSM4104126_GCTGGGTTCACCATAG-1,-0.29997119987097626
CXCR3-,MS,MS60249_CSF,GSM4104126_GCTGGGTTCTTACCGC-1,-0.29997119987097626
CXCR3-,MS,MS60249_CSF,GSM4104126_GCTTCCACAATACGCT-1,-0.29997119987097626
CXCR3-,MS,MS60249_CSF,GSM4104126_GCTTCCACATGTAGTC-1,-0.29997119987097626
CXCR3+,MS,MS60249_CSF,GSM4104126_GCTTCCAGTAGTGAAT-1,0.267261718887845
CXCR3-,MS,MS60249_CSF,GSM4104126_GCTTCCATCTTGCCGT-1,-0.29997119987097626
CXCR3-,MS,MS60249_CSF,GSM4104126_GCTTGAAAGAGGGATA-1,0.561700850497068
CXCR3+,MS,MS60249_CSF,GSM4104126_GCTTGAAAGAGTCTGG-1,-0.29997119987097626
CXCR3+,MS,MS60249_CSF,GSM4104126_GCTTGAAAGCCTCGTG-1,0.13814379651365663
CXCR3-,MS,MS60249_CSF,GSM4104126_GCTTGAAAGCTGCCCA-1,-0.29997119987097626
CXCR3-,MS,MS60249_CSF,GSM4104126_GGAAAGCAGCCGCCTA-1,-0.29997119987097626
CXCR3+,MS,MS60249_CSF,GSM4104126_GGAAAGCAGCCTCGTG-1,0.0009023310290641288
CXCR3-,MS,MS60249_CSF,GSM4104126_GGAAAGCTCATCGATG-1,0.054228273168410404
CXCR3-,MS,MS60249_CSF,GSM4104126_GGAACTTAGGTGGGTT-1,-0.11032147736409868
CXCR3-,MS,MS60249_CSF,GSM4104126_GGAACTTGTGCACTTA-1,-0.29997119987097626
CXCR3+,MS,MS60249_CSF,GSM4104126_GGAATAAAGGATGGTC-1,-0.05598253477815757
CXCR3-,MS,MS60249_CSF,GSM4104126_GGAATAAAGTAGTGCG-1,-0.29997119987097626
CXCR3-,MS,MS60249_CSF,GSM4104126_GGACAAGCAAACCTAC-1,-0.29997119987097626
CXCR3+,MS,MS60249_CSF,GSM4104126_GGACAAGCAGATTGCT-1,-0.29997119987097626
CXCR3+,MS,MS60249_CSF,GSM4104126_GGACAAGGTGCACGAA-1,-0.29997119987097626
CXCR3+,MS,MS60249_CSF,GSM4104126_GGACAGAAGAATGTTG-1,0.03337024591861452
CXCR3+,MS,MS60249_CSF,GSM4104126_GGACAGAAGGACACCA-1,0.09139536687526566
CXCR3+,MS,MS60249_CSF,GSM4104126_GGACAGAGTACCGCTG-1,-0.031087432921518488
CXCR3-,MS,MS60249_CSF,GSM4104126_GGACAGATCTGAGTGT-1,-0.29997119987097626
CXCR3+,MS,MS60249_CSF,GSM4104126_GGACAGATCTTGCAAG-1,0.204101170759626
CXCR3+,MS,MS60249_CSF,GSM4104126_GGACATTTCGGGAGTA-1,-0.19760966139035543
CXCR3+,MS,MS60249_CSF,GSM4104126_GGAGCAAAGCTAGCCC-1,0.01046780704651516
CXCR3-,MS,MS60249_CSF,GSM4104126_GGATGTTTCGCATGGC-1,-0.29997119987097626
CXCR3-,MS,MS60249_CSF,GSM4104126_GGATGTTTCGCGGATC-1,-0.29997119987097626
CXCR3+,MS,MS60249_CSF,GSM4104126_GGATGTTTCTAACTGG-1,-0.16894532976706064
CXCR3-,MS,MS60249_CSF,GSM4104126_GGATTACCAAAGGCGT-1,0.2782683343764825
CXCR3+,MS,MS60249_CSF,GSM4104126_GGCAATTAGATATACG-1,0.24513080470967336
CXCR3+,MS,MS60249_CSF,GSM4104126_GGCAATTGTGACCAAG-1,-0.026823193590484788
CXCR3+,MS,MS60249_CSF,GSM4104126_GGCAATTGTGGTAACG-1,-0.16745808792925207
CXCR3-,MS,MS60249_CSF,GSM4104126_GGCAATTTCTTGACGA-1,-0.29997119987097626
CXCR3-,MS,MS60249_CSF,GSM4104126_GGCCGATAGACTTTCG-1,-0.29997119987097626
CXCR3+,MS,MS60249_CSF,GSM4104126_GGCCGATTCTGCAAGT-1,0.7501000911365506
CXCR3+,MS,MS60249_CSF,GSM4104126_GGCGACTAGAGGGATA-1,-0.29997119987097626
CXCR3+,MS,MS60249_CSF,GSM4104126_GGCGACTGTCTGGTCG-1,-0.29997119987097626
CXCR3+,MS,MS60249_CSF,GSM4104126_GGCGTGTCAAGACACG-1,-0.09999539523389919
CXCR3+,MS,MS60249_CSF,GSM4104126_GGCGTGTCACCAGGTC-1,-0.1851737645994169
CXCR3+,MS,MS60249_CSF,GSM4104126_GGCGTGTCAGGCTCAC-1,-0.29997119987097626
CXCR3-,MS,MS60249_CSF,GSM4104126_GGCGTGTGTTGGTTTG-1,-0.29997119987097626
CXCR3+,MS,MS60249_CSF,GSM4104126_GGCTCGACATACTACG-1,-0.19994859372539256
CXCR3+,MS,MS60249_CSF,GSM4104126_GGCTCGATCTATGTGG-1,0.09686650502924486
CXCR3-,MS,MS60249_CSF,GSM4104126_GGCTGGTAGCGTAGTG-1,-0.29997119987097626
CXCR3+,MS,MS60249_CSF,GSM4104126_GGCTGGTAGGACATTA-1,-0.29997119987097626
CXCR3-,MS,MS60249_CSF,GSM4104126_GGCTGGTTCAGGTTCA-1,-0.19692847041574815
CXCR3+,MS,MS60249_CSF,GSM4104126_GGGAATGGTCTAGCCG-1,-0.21264814558669468
CXCR3-,MS,MS60249_CSF,GSM4104126_GGGACCTAGGTGATAT-1,0.36890712248657215
CXCR3-,MS,MS60249_CSF,GSM4104126_GGGACCTAGGTGATTA-1,-0.29997119987097626
CXCR3-,MS,MS60249_CSF,GSM4104126_GGGACCTAGTGCTGCC-1,-0.29997119987097626
CXCR3+,MS,MS60249_CSF,GSM4104126_GGGACCTCAAGACGTG-1,0.2902717423955239
CXCR3+,MS,MS60249_CSF,GSM4104126_GGGACCTCATCCCATC-1,0.03841277665555468
CXCR3-,MS,MS60249_CSF,GSM4104126_GGGACCTGTTAGAACA-1,-0.29997119987097626
CXCR3-,MS,MS60249_CSF,GSM4104126_GGGAGATTCGGAAATA-1,-0.09384804768222953
CXCR3-,MS,MS60249_CSF,GSM4104126_GGGATGAGTTATCCGA-1,-0.1549421134423894
CXCR3+,MS,MS60249_CSF,GSM4104126_GGGATGATCGGAGGTA-1,0.11415371424260999
CXCR3-,MS,MS60249_CSF,GSM4104126_GGGCACTAGAAAGTGG-1,-0.29997119987097626
CXCR3-,MS,MS60249_CSF,GSM4104126_GGGCACTAGTGAACGC-1,0.11899792749270234
CXCR3-,MS,MS60249_CSF,GSM4104126_GGGCACTTCAACACCA-1,-0.29997119987097626
CXCR3+,MS,MS60249_CSF,GSM4104126_GGGCATCCACAACTGT-1,-0.03651798896385776
CXCR3+,MS,MS60249_CSF,GSM4104126_GGGCATCCATCATCCC-1,0.18562865262493175
CXCR3-,MS,MS60249_CSF,GSM4104126_GGGCATCCATGTTGAC-1,-0.09809804172324989
CXCR3-,MS,MS60249_CSF,GSM4104126_GGGCATCGTAGAAGGA-1,-0.29997119987097626
CXCR3+,MS,MS60249_CSF,GSM4104126_GGGTCTGAGCTAAACA-1,-0.29997119987097626
CXCR3-,MS,MS60249_CSF,GSM4104126_GGGTCTGAGCTCAACT-1,0.19045609845312322
CXCR3-,MS,MS60249_CSF,GSM4104126_GGGTCTGAGGCTACGA-1,0.07122826853493582
CXCR3+,MS,MS60249_CSF,GSM4104126_GGGTCTGAGGGAGTAA-1,0.24994449639451594
CXCR3+,MS,MS60249_CSF,GSM4104126_GGGTCTGCACGGTGTC-1,-0.09388563491868997
CXCR3-,MS,MS60249_CSF,GSM4104126_GGGTCTGTCAACCATG-1,-0.08999874747404259
CXCR3-,MS,MS60249_CSF,GSM4104126_GGGTCTGTCCAGGGCT-1,-0.29997119987097626
CXCR3+,MS,MS60249_CSF,GSM4104126_GGGTTGCCAGATGGGT-1,-0.29997119987097626
CXCR3+,MS,MS60249_CSF,GSM4104126_GGTATTGCATGCTGGC-1,-0.29997119987097626
CXCR3-,MS,MS60249_CSF,GSM4104126_GGTATTGGTTCACGGC-1,0.054877969913987225
CXCR3+,MS,MS60249_CSF,GSM4104126_GGTATTGTCACTTCAT-1,-0.29997119987097626
CXCR3+,MS,MS60249_CSF,GSM4104126_GGTGAAGTCTCTAGGA-1,0.13285708428318085
CXCR3-,MS,MS60249_CSF,GSM4104126_GGTGCGTAGGCTCTTA-1,-0.17853543532459
CXCR3-,MS,MS60249_CSF,GSM4104126_GGTGCGTGTCAAAGAT-1,0.07733825844059063
CXCR3-,MS,MS60249_CSF,GSM4104126_GGTGCGTGTCAATACC-1,0.15927164502179322
CXCR3+,MS,MS60249_CSF,GSM4104126_GGTGCGTTCACAGGCC-1,-0.20588267858306905
CXCR3-,MS,MS60249_CSF,GSM4104126_GGTGCGTTCACAGTAC-1,0.1319822871142611
CXCR3+,MS,MS60249_CSF,GSM4104126_GGTGCGTTCCCTTGTG-1,-0.060333467131593196
CXCR3+,MS,MS60249_CSF,GSM4104126_GGTGCGTTCTTCATGT-1,-0.29997119987097626
CXCR3+,MS,MS60249_CSF,GSM4104126_GGTGTTATCATTGCCC-1,-0.29997119987097626
CXCR3+,MS,MS60249_CSF,GSM4104126_GTAACGTCAAGGACTG-1,-0.29997119987097626
CXCR3-,MS,MS60249_CSF,GSM4104126_GTAACGTGTTACAGAA-1,-0.29997119987097626
CXCR3+,MS,MS60249_CSF,GSM4104126_GTAACTGGTCTAAACC-1,-0.29997119987097626
CXCR3+,MS,MS60249_CSF,GSM4104126_GTACGTAAGTTCGCGC-1,0.07872279952548257
CXCR3+,MS,MS60249_CSF,GSM4104126_GTACGTAGTCGTTGTA-1,-0.1502400659402799
CXCR3-,MS,MS60249_CSF,GSM4104126_GTACTCCAGAAGATTC-1,-0.29997119987097626
CXCR3-,MS,MS60249_CSF,GSM4104126_GTACTCCAGTTAACGA-1,-0.29997119987097626
CXCR3-,MS,MS60249_CSF,GSM4104126_GTACTCCCAATGACCT-1,-0.29997119987097626
CXCR3-,MS,MS60249_CSF,GSM4104126_GTACTTTCACCAGGTC-1,-0.29997119987097626
CXCR3+,MS,MS60249_CSF,GSM4104126_GTACTTTGTGTAATGA-1,-0.1676840063768345
CXCR3-,MS,MS60249_CSF,GSM4104126_GTAGGCCGTTAAAGTG-1,-0.29997119987097626
CXCR3-,MS,MS60249_CSF,GSM4104126_GTAGTCAAGCGCTTAT-1,-0.29997119987097626
CXCR3-,MS,MS60249_CSF,GSM4104126_GTAGTCAAGTCCGTAT-1,-0.29997119987097626
CXCR3+,MS,MS60249_CSF,GSM4104126_GTAGTCAGTATCTGCA-1,-0.29997119987097626
CXCR3-,MS,MS60249_CSF,GSM4104126_GTAGTCATCACGATGT-1,0.004280446283751317
CXCR3+,MS,MS60249_CSF,GSM4104126_GTAGTCATCAGCAACT-1,0.09426823391487985
CXCR3+,MS,MS60249_CSF,GSM4104126_GTCAAGTAGCTAGGCA-1,-0.20168721236920306
CXCR3-,MS,MS60249_CSF,GSM4104126_GTCAAGTGTCCGCTGA-1,-0.29997119987097626
CXCR3-,MS,MS60249_CSF,GSM4104126_GTCAAGTGTCTCACCT-1,-0.29997119987097626
CXCR3+,MS,MS60249_CSF,GSM4104126_GTCAAGTTCCTCAATT-1,0.0946425343863895
CXCR3-,MS,MS60249_CSF,GSM4104126_GTCACAAAGAGTGAGA-1,-0.29997119987097626
CXCR3+,MS,MS60249_CSF,GSM4104126_GTCACAAGTTCGTCTC-1,-0.29997119987097626
CXCR3-,MS,MS60249_CSF,GSM4104126_GTCACGGCACAACTGT-1,-0.07421417807179796
CXCR3+,MS,MS60249_CSF,GSM4104126_GTCATTTAGTCGTTTG-1,-0.13599714676981667
CXCR3-,MS,MS60249_CSF,GSM4104126_GTCATTTGTGTTGGGA-1,-0.15160045641246386
CXCR3+,MS,MS60249_CSF,GSM4104126_GTCCTCAAGAAGATTC-1,-0.020763948326117214
CXCR3+,MS,MS60249_CSF,GSM4104126_GTCCTCACACTGCCAG-1,-0.09076525424194094
CXCR3+,MS,MS60249_CSF,GSM4104126_GTCCTCACATGCTAGT-1,0.28494259164455704
CXCR3+,MS,MS60249_CSF,GSM4104126_GTCCTCAGTAAATGTG-1,-0.20736248168503782
CXCR3+,MS,MS60249_CSF,GSM4104126_GTCCTCATCCAATGGT-1,-0.09123989103382102
CXCR3-,MS,MS60249_CSF,GSM4104126_GTCCTCATCCTTTCTC-1,-0.29997119987097626
CXCR3-,MS,MS60249_CSF,GSM4104126_GTCGGGTCACCCAGTG-1,0.33777034496074393
CXCR3+,MS,MS60249_CSF,GSM4104126_GTCGGGTCATAGAAAC-1,-0.0649372228066749
CXCR3+,MS,MS60249_CSF,GSM4104126_GTCGGGTGTCTGCGGT-1,-0.15277464437921034
CXCR3-,MS,MS60249_CSF,GSM4104126_GTCGGGTTCGCTTGTC-1,-0.14369257698383087
CXCR3+,MS,MS60249_CSF,GSM4104126_GTCGGGTTCTTTACAC-1,0.13874008327927984
CXCR3-,MS,MS60249_CSF,GSM4104126_GTCTCGTAGATCCCAT-1,-0.29997119987097626
CXCR3-,MS,MS60249_CSF,GSM4104126_GTCTCGTTCCACGACG-1,-0.29997119987097626
CXCR3+,MS,MS60249_CSF,GSM4104126_GTCTCGTTCTGCAGTA-1,0.1374315143984026
CXCR3-,MS,MS60249_CSF,GSM4104126_GTCTTCGCACTAGTAC-1,0.04684280252767029
CXCR3-,MS,MS60249_CSF,GSM4104126_GTCTTCGCAGGTTTCA-1,0.008961484649817972
CXCR3+,MS,MS60249_CSF,GSM4104126_GTCTTCGTCGATAGAA-1,0.03629838713319163
CXCR3-,MS,MS60249_CSF,GSM4104126_GTGAAGGCAGGCAGTA-1,-0.29997119987097626
CXCR3+,MS,MS60249_CSF,GSM4104126_GTGAAGGGTGAGGCTA-1,0.17185373746574367
CXCR3-,MS,MS60249_CSF,GSM4104126_GTGAAGGTCTAACTTC-1,-0.29997119987097626
CXCR3-,MS,MS60249_CSF,GSM4104126_GTGAAGGTCTGCGGCA-1,-0.29997119987097626
CXCR3-,MS,MS60249_CSF,GSM4104126_GTGCAGCGTGCAGACA-1,-0.29997119987097626
CXCR3-,MS,MS60249_CSF,GSM4104126_GTGCAGCGTGGTACAG-1,-0.29997119987097626
CXCR3+,MS,MS60249_CSF,GSM4104126_GTGCAGCTCGAATGGG-1,-0.29997119987097626
CXCR3-,MS,MS60249_CSF,GSM4104126_GTGCATACACCTGGTG-1,-0.29997119987097626
CXCR3+,MS,MS60249_CSF,GSM4104126_GTGCGGTAGACAAGCC-1,0.5966333321408754
CXCR3-,MS,MS60249_CSF,GSM4104126_GTGCGGTCAGCCAGAA-1,-0.06873752577486322
CXCR3-,MS,MS60249_CSF,GSM4104126_GTGCGGTTCTGAGTGT-1,-0.16375587756551527
CXCR3+,MS,MS60249_CSF,GSM4104126_GTGCTTCCAGTATAAG-1,0.5586430622629616
CXCR3+,MS,MS60249_CSF,GSM4104126_GTGCTTCTCATAGCAC-1,-0.09931092934418717
CXCR3-,MS,MS60249_CSF,GSM4104126_GTGTGCGAGCAGCGTA-1,-0.25283942076957483
CXCR3+,MS,MS60249_CSF,GSM4104126_GTGTGCGCATAGACTC-1,-0.29997119987097626
CXCR3-,MS,MS60249_CSF,GSM4104126_GTGTTAGCATTCTTAC-1,-0.29997119987097626
CXCR3+,MS,MS60249_CSF,GSM4104126_GTGTTAGTCATGCTCC-1,-0.10027879224097516
CXCR3+,MS,MS60249_CSF,GSM4104126_GTGTTAGTCGAATCCA-1,0.05625560241913923
CXCR3-,MS,MS60249_CSF,GSM4104126_GTTAAGCCACATGTGT-1,0.009980113165613758
CXCR3+,MS,MS60249_CSF,GSM4104126_GTTACAGAGATTACCC-1,-0.2137295151173446
CXCR3+,MS,MS60249_CSF,GSM4104126_GTTACAGTCTGCTGTC-1,-0.02027811986669792
CXCR3-,MS,MS60249_CSF,GSM4104126_GTTCATTCATGCCACG-1,0.06201302884015785
CXCR3-,MS,MS60249_CSF,GSM4104126_GTTCATTTCTGCCAGG-1,-0.29997119987097626
CXCR3+,MS,MS60249_CSF,GSM4104126_GTTCGGGAGTAGGCCA-1,-0.2478361831512174
CXCR3+,MS,MS60249_CSF,GSM4104126_GTTCGGGGTATCGCAT-1,0.17051959967290012
CXCR3-,MS,MS60249_CSF,GSM4104126_GTTCGGGTCCGAATGT-1,-0.29997119987097626
CXCR3-,MS,MS60249_CSF,GSM4104126_GTTCTCGAGTCCCACG-1,0.10558148842974936
CXCR3+,MS,MS60249_CSF,GSM4104126_GTTCTCGGTCGTGGCT-1,-0.29997119987097626
CXCR3+,MS,MS60249_CSF,GSM4104126_GTTCTCGGTCTTGATG-1,0.02598185676741844
CXCR3-,MS,MS60249_CSF,GSM4104126_GTTCTCGTCAACGGGA-1,0.059451614102196695
CXCR3+,MS,MS60249_CSF,GSM4104126_GTTTCTAAGCTTATCG-1,0.35030139117585973
CXCR3-,MS,MS60249_CSF,GSM4104126_GTTTCTAAGTTATCGC-1,-0.29997119987097626
CXCR3-,MS,MS60249_CSF,GSM4104126_GTTTCTACATGGTCTA-1,0.010669986396499345
CXCR3+,MS,MS60249_CSF,GSM4104126_GTTTCTAGTCTAGTGT-1,0.10383322195723453
CXCR3-,MS,MS60249_CSF,GSM4104126_TAAACCGAGTCGTACT-1,-0.29997119987097626
CXCR3+,MS,MS60249_CSF,GSM4104126_TAAACCGTCAGCTCTC-1,-0.04128899467123764
CXCR3+,MS,MS60249_CSF,GSM4104126_TAAGAGAAGCTAGCCC-1,-0.29997119987097626
CXCR3-,MS,MS60249_CSF,GSM4104126_TAAGAGAAGCTAGTTC-1,-0.14632137104422355
CXCR3-,MS,MS60249_CSF,GSM4104126_TAAGAGACAATGTTGC-1,-0.09862022825150725
CXCR3+,MS,MS60249_CSF,GSM4104126_TAAGAGATCTCTTGAT-1,0.009034331856921105
CXCR3+,MS,MS60249_CSF,GSM4104126_TAAGTGCCAGTTAACC-1,-0.06162545745265737
CXCR3-,MS,MS60249_CSF,GSM4104126_TAAGTGCGTCACCCAG-1,0.4508849312235143
CXCR3+,MS,MS60249_CSF,GSM4104126_TAAGTGCGTCCGCTGA-1,0.19844862566265248
CXCR3+,MS,MS60249_CSF,GSM4104126_TACACGAGTGCGAAAC-1,-0.025766154642992995
CXCR3-,MS,MS60249_CSF,GSM4104126_TACAGTGAGCTCCCAG-1,-0.29997119987097626
CXCR3+,MS,MS60249_CSF,GSM4104126_TACCTATAGGAACTGC-1,-0.29997119987097626
CXCR3-,MS,MS60249_CSF,GSM4104126_TACCTATAGGAATTAC-1,-0.29997119987097626
CXCR3+,MS,MS60249_CSF,GSM4104126_TACCTATCATTTCAGG-1,0.13804703988081982
CXCR3+,MS,MS60249_CSF,GSM4104126_TACCTATTCATGTGGT-1,0.0719468222829899
CXCR3+,MS,MS60249_CSF,GSM4104126_TACCTTATCGAACTGT-1,-0.16803571150645355
CXCR3-,MS,MS60249_CSF,GSM4104126_TACCTTATCGAGCCCA-1,-0.10175904952746036
CXCR3-,MS,MS60249_CSF,GSM4104126_TACCTTATCGCCATAA-1,0.17477101039393417
CXCR3+,MS,MS60249_CSF,GSM4104126_TACGGATCAATAACGA-1,-0.29997119987097626
CXCR3+,MS,MS60249_CSF,GSM4104126_TACGGATGTAGAAAGG-1,-0.17069706126175996
CXCR3-,MS,MS60249_CSF,GSM4104126_TACGGATGTTCAGCGC-1,-0.21457978910230874
CXCR3+,MS,MS60249_CSF,GSM4104126_TACGGGCAGGGTGTTG-1,0.15113384555974865
CXCR3-,MS,MS60249_CSF,GSM4104126_TACGGGCGTACATCCA-1,-0.29997119987097626
CXCR3+,MS,MS60249_CSF,GSM4104126_TACGGGCGTCTAACGT-1,-0.29997119987097626
CXCR3+,MS,MS60249_CSF,GSM4104126_TACGGGCGTTATTCTC-1,-0.0892837384660328
CXCR3-,MS,MS60249_CSF,GSM4104126_TACGGGCGTTGTGGAG-1,0.000798515041189258
CXCR3-,MS,MS60249_CSF,GSM4104126_TACGGGCTCTAACCGA-1,-0.18906130061724197
CXCR3-,MS,MS60249_CSF,GSM4104126_TACGGTACACCAGATT-1,0.12597837587719046
CXCR3+,MS,MS60249_CSF,GSM4104126_TACGGTAGTAGCGATG-1,-0.29997119987097626
CXCR3-,MS,MS60249_CSF,GSM4104126_TACGGTAGTCCGTCAG-1,-0.12502900849112356
CXCR3+,MS,MS60249_CSF,GSM4104126_TACTCATAGAGGTTGC-1,-0.10435254803570104
CXCR3-,MS,MS60249_CSF,GSM4104126_TACTCATCATTCCTCG-1,-0.03789820426735274
CXCR3-,MS,MS60249_CSF,GSM4104126_TACTCATCATTTGCTT-1,0.4458534220888688
CXCR3+,MS,MS60249_CSF,GSM4104126_TACTCATGTTGGTAAA-1,-0.29997119987097626
CXCR3+,MS,MS60249_CSF,GSM4104126_TACTCATTCACGCGGT-1,-0.04029796394139952
CXCR3-,MS,MS60249_CSF,GSM4104126_TACTCGCAGCGTAGTG-1,-0.29997119987097626
CXCR3+,MS,MS60249_CSF,GSM4104126_TACTCGCAGCTAAACA-1,0.037184134833324514
CXCR3-,MS,MS60249_CSF,GSM4104126_TACTCGCGTCTAGGTT-1,0.07981399463782055
CXCR3+,MS,MS60249_CSF,GSM4104126_TACTTACAGAGTACAT-1,0.0323979334891849
CXCR3+,MS,MS60249_CSF,GSM4104126_TACTTACAGCGAAGGG-1,0.3382237514229339
CXCR3-,MS,MS60249_CSF,GSM4104126_TACTTGTCAGGAATCG-1,-0.014288422958455707
CXCR3-,MS,MS60249_CSF,GSM4104126_TACTTGTGTCAATGTC-1,0.12340112377654042
CXCR3+,MS,MS60249_CSF,GSM4104126_TACTTGTTCTTCGGTC-1,0.4327893834911952
CXCR3+,MS,MS60249_CSF,GSM4104126_TAGACCACAAGCCGCT-1,-0.11239314390147295
CXCR3+,MS,MS60249_CSF,GSM4104126_TAGAGCTGTATATCCG-1,-0.10553133496553689
CXCR3-,MS,MS60249_CSF,GSM4104126_TAGAGCTTCAGTCAGT-1,-0.29997119987097626
CXCR3+,MS,MS60249_CSF,GSM4104126_TAGGCATAGATCTGAA-1,-0.0500997799010167
CXCR3-,MS,MS60249_CSF,GSM4104126_TAGGCATCAATCTGCA-1,-0.29997119987097626
CXCR3-,MS,MS60249_CSF,GSM4104126_TAGGCATCAGATGGCA-1,-0.29997119987097626
CXCR3-,MS,MS60249_CSF,GSM4104126_TAGGCATGTCCCGACA-1,-0.29997119987097626
CXCR3-,MS,MS60249_CSF,GSM4104126_TAGGCATGTTCGTGAT-1,-0.29997119987097626
CXCR3-,MS,MS60249_CSF,GSM4104126_TAGTGGTAGACTACAA-1,-0.29997119987097626
CXCR3-,MS,MS60249_CSF,GSM4104126_TAGTGGTCATTAGCCA-1,-0.29997119987097626
CXCR3+,MS,MS60249_CSF,GSM4104126_TAGTGGTGTAGCGCTC-1,-0.006496909076544074
CXCR3-,MS,MS60249_CSF,GSM4104126_TAGTTGGAGGGAACGG-1,-0.29997119987097626
CXCR3-,MS,MS60249_CSF,GSM4104126_TAGTTGGCAGACGCAA-1,0.4597002032303491
CXCR3-,MS,MS60249_CSF,GSM4104126_TAGTTGGGTAAAGGAG-1,-0.19936480644534743
CXCR3-,MS,MS60249_CSF,GSM4104126_TAGTTGGGTCAGAGGT-1,0.1768791973035175
CXCR3+,MS,MS60249_CSF,GSM4104126_TAGTTGGGTCCGACGT-1,0.014816005077340577
CXCR3+,MS,MS60249_CSF,GSM4104126_TAGTTGGGTTATCACG-1,0.188806647579552
CXCR3-,MS,MS60249_CSF,GSM4104126_TATCAGGAGCGCTCCA-1,-0.10214717721135329
CXCR3-,MS,MS60249_CSF,GSM4104126_TATCAGGAGTTCGCGC-1,-0.29997119987097626
CXCR3-,MS,MS60249_CSF,GSM4104126_TATCAGGCACTTCTGC-1,-0.10932615378957793
CXCR3-,MS,MS60249_CSF,GSM4104126_TATCAGGGTTGAGTTC-1,-0.29997119987097626
CXCR3-,MS,MS60249_CSF,GSM4104126_TATCAGGTCACCTCGT-1,-0.29997119987097626
CXCR3-,MS,MS60249_CSF,GSM4104126_TATCAGGTCAGTTGAC-1,0.2092847828523925
CXCR3-,MS,MS60249_CSF,GSM4104126_TATCTCAAGAGCCCAA-1,-0.29997119987097626
CXCR3+,MS,MS60249_CSF,GSM4104126_TATCTCAAGTTACGGG-1,-0.05454140790132768
CXCR3-,MS,MS60249_CSF,GSM4104126_TATCTCACAGACAGGT-1,-0.29997119987097626
CXCR3+,MS,MS60249_CSF,GSM4104126_TATGCCCAGAGAGCTC-1,-0.14497129097889827
CXCR3-,MS,MS60249_CSF,GSM4104126_TATGCCCAGCGAGAAA-1,0.382374159253961
CXCR3-,MS,MS60249_CSF,GSM4104126_TATGCCCCATCCGTGG-1,-0.09054674211684012
CXCR3+,MS,MS60249_CSF,GSM4104126_TATGCCCCATGCCCGA-1,0.189520089704272
CXCR3+,MS,MS60249_CSF,GSM4104126_TATGCCCGTAGCTTGT-1,-0.2067005508595901
CXCR3-,MS,MS60249_CSF,GSM4104126_TATGCCCTCGACAGCC-1,-0.29997119987097626
CXCR3-,MS,MS60249_CSF,GSM4104126_TATTACCCACTTAACG-1,0.2579036675580994
CXCR3+,MS,MS60249_CSF,GSM4104126_TATTACCTCACCTTAT-1,-0.29997119987097626
CXCR3+,MS,MS60249_CSF,GSM4104126_TCAACGAAGGAGTCTG-1,0.08826544574174464
CXCR3+,MS,MS60249_CSF,GSM4104126_TCAACGAAGTGAAGAG-1,-0.1704230189026832
CXCR3+,MS,MS60249_CSF,GSM4104126_TCAACGAGTATTCGTG-1,-0.29997119987097626
CXCR3+,MS,MS60249_CSF,GSM4104126_TCAACGAGTCCATGAT-1,0.16343438878999447
CXCR3+,MS,MS60249_CSF,GSM4104126_TCAACGAGTGGCCCTA-1,0.04854486109435251
CXCR3-,MS,MS60249_CSF,GSM4104126_TCAACGATCCTCTAGC-1,-0.29997119987097626
CXCR3+,MS,MS60249_CSF,GSM4104126_TCAATCTCAGTCCTTC-1,-0.29997119987097626
CXCR3-,MS,MS60249_CSF,GSM4104126_TCAATCTTCATTGCCC-1,0.014699300131625015
CXCR3-,MS,MS60249_CSF,GSM4104126_TCACGAACAGATCCAT-1,-0.016807552319203046
CXCR3+,MS,MS60249_CSF,GSM4104126_TCAGATGCACGACGAA-1,0.055515035389842385
CXCR3-,MS,MS60249_CSF,GSM4104126_TCAGATGGTACCGGCT-1,-0.29997119987097626
CXCR3-,MS,MS60249_CSF,GSM4104126_TCAGATGTCCTCCTAG-1,0.042343083768119065
CXCR3-,MS,MS60249_CSF,GSM4104126_TCAGCAATCATCATTC-1,-0.29997119987097626
CXCR3-,MS,MS60249_CSF,GSM4104126_TCAGCAATCATGGTCA-1,-0.29997119987097626
CXCR3-,MS,MS60249_CSF,GSM4104126_TCAGCTCCACCTTGTC-1,-0.29997119987097626
CXCR3+,MS,MS60249_CSF,GSM4104126_TCAGCTCCACGGACAA-1,-0.29997119987097626
CXCR3+,MS,MS60249_CSF,GSM4104126_TCAGCTCCACTAGTAC-1,0.07342016264306916
CXCR3-,MS,MS60249_CSF,GSM4104126_TCAGCTCCAGCTGCAC-1,-0.05888747989213666
CXCR3-,MS,MS60249_CSF,GSM4104126_TCAGGATGTAGCCTAT-1,-0.29997119987097626
CXCR3-,MS,MS60249_CSF,GSM4104126_TCAGGATTCCGCTGTT-1,0.18157676184308216
CXCR3-,MS,MS60249_CSF,GSM4104126_TCAGGTAGTTAAGGGC-1,-0.29997119987097626
CXCR3+,MS,MS60249_CSF,GSM4104126_TCATTACGTACCGAGA-1,0.07517617805987922
CXCR3+,MS,MS60249_CSF,GSM4104126_TCATTACTCGCTTGTC-1,-0.18429174984942454
CXCR3+,MS,MS60249_CSF,GSM4104126_TCATTTGAGAGACTAT-1,0.17008786106317939
CXCR3-,MS,MS60249_CSF,GSM4104126_TCATTTGCACAACGCC-1,-0.29997119987097626
CXCR3-,MS,MS60249_CSF,GSM4104126_TCATTTGTCGCATGGC-1,-0.29997119987097626
CXCR3+,MS,MS60249_CSF,GSM4104126_TCCCGATAGGATGGTC-1,-0.1353841100997978
CXCR3-,MS,MS60249_CSF,GSM4104126_TCCCGATAGTATTGGA-1,-0.29997119987097626
CXCR3-,MS,MS60249_CSF,GSM4104126_TCCCGATAGTTTAGGA-1,-0.29997119987097626
CXCR3+,MS,MS60249_CSF,GSM4104126_TCGAGGCAGACACGAC-1,-0.11174774093769223
CXCR3-,MS,MS60249_CSF,GSM4104126_TCGAGGCTCACGCATA-1,-0.07799101931681454
CXCR3-,MS,MS60249_CSF,GSM4104126_TCGCGAGAGCGAGAAA-1,-0.29997119987097626
CXCR3-,MS,MS60249_CSF,GSM4104126_TCGCGAGTCGCAAGCC-1,-0.077224336478448
CXCR3+,MS,MS60249_CSF,GSM4104126_TCGCGTTAGATCCCGC-1,-0.29997119987097626
CXCR3-,MS,MS60249_CSF,GSM4104126_TCGCGTTGTATGAAAC-1,-0.13442528355919078
CXCR3-,MS,MS60249_CSF,GSM4104126_TCGCGTTGTTCCATGA-1,-0.29997119987097626
CXCR3-,MS,MS60249_CSF,GSM4104126_TCGTACCAGTGGGCTA-1,0.21723132593655234
CXCR3+,MS,MS60249_CSF,GSM4104126_TCGTACCGTTCCATGA-1,-0.17824668879679623
CXCR3+,MS,MS60249_CSF,GSM4104126_TCGTAGAAGCAGGCTA-1,-0.17380451520010226
CXCR3-,MS,MS60249_CSF,GSM4104126_TCGTAGAAGGTGGGTT-1,-0.29997119987097626
CXCR3-,MS,MS60249_CSF,GSM4104126_TCGTAGACAGCCTTTC-1,-0.29997119987097626
CXCR3+,MS,MS60249_CSF,GSM4104126_TCGTAGACAGTAAGCG-1,-0.09409384594659663
CXCR3+,MS,MS60249_CSF,GSM4104126_TCGTAGACATCGACGC-1,-0.07112758460861836
CXCR3-,MS,MS60249_CSF,GSM4104126_TCTATTGGTCCATCCT-1,-0.09315244611904729
CXCR3+,MS,MS60249_CSF,GSM4104126_TCTATTGTCTACCAGA-1,-0.1445303990385875
CXCR3-,MS,MS60249_CSF,GSM4104126_TCTCATAAGGTACTCT-1,-0.29997119987097626
CXCR3-,MS,MS60249_CSF,GSM4104126_TCTCATACACATCCAA-1,0.13737488768618428
CXCR3+,MS,MS60249_CSF,GSM4104126_TCTCATAGTTCGCTAA-1,-0.29997119987097626
CXCR3+,MS,MS60249_CSF,GSM4104126_TCTCTAAAGCCACGCT-1,-0.29997119987097626
CXCR3+,MS,MS60249_CSF,GSM4104126_TCTCTAAGTAAAGTCA-1,-0.031017047885332872
CXCR3-,MS,MS60249_CSF,GSM4104126_TCTCTAAGTGTTGAGG-1,-0.29997119987097626
CXCR3-,MS,MS60249_CSF,GSM4104126_TCTGAGAAGAGGTTAT-1,-0.29997119987097626
CXCR3+,MS,MS60249_CSF,GSM4104126_TCTGAGAAGAGTCGGT-1,-0.05554204922443245
CXCR3+,MS,MS60249_CSF,GSM4104126_TCTGAGAAGATGCCTT-1,0.17824721691947068
CXCR3-,MS,MS60249_CSF,GSM4104126_TCTGAGACAGCTGCTG-1,0.2168638811603288
CXCR3-,MS,MS60249_CSF,GSM4104126_TCTGAGATCTGTCAAG-1,-0.028093931096249882
CXCR3-,MS,MS60249_CSF,GSM4104126_TCTGGAAGTAATCGTC-1,-0.29997119987097626
CXCR3-,MS,MS60249_CSF,GSM4104126_TCTGGAAGTTCCCTTG-1,-0.10734572674765672
CXCR3+,MS,MS60249_CSF,GSM4104126_TCTGGAATCCCATTAT-1,-0.034596664504214246
CXCR3-,MS,MS60249_CSF,GSM4104126_TCTTCGGCATGCCACG-1,0.6098378573971969
CXCR3-,MS,MS60249_CSF,GSM4104126_TCTTCGGGTCAGAATA-1,-0.29997119987097626
CXCR3-,MS,MS60249_CSF,GSM4104126_TCTTCGGTCTAACTCT-1,-0.29997119987097626
CXCR3+,MS,MS60249_CSF,GSM4104126_TCTTTCCCAAGGTTTC-1,-0.29997119987097626
CXCR3-,MS,MS60249_CSF,GSM4104126_TCTTTCCGTGGGTCAA-1,-0.29997119987097626
CXCR3-,MS,MS60249_CSF,GSM4104126_TGAAAGAGTGCCTTGG-1,0.02057021744832377
CXCR3-,MS,MS60249_CSF,GSM4104126_TGAAAGATCCTCGCAT-1,-0.29997119987097626
CXCR3+,MS,MS60249_CSF,GSM4104126_TGAAAGATCTTCGGTC-1,0.17906165388596504
CXCR3-,MS,MS60249_CSF,GSM4104126_TGACAACAGAAGGGTA-1,-0.015862690619276386
CXCR3-,MS,MS60249_CSF,GSM4104126_TGACAACAGATGTTAG-1,-0.14646778111090647
CXCR3+,MS,MS60249_CSF,GSM4104126_TGACAACAGCAGCGTA-1,0.04101536766497865
CXCR3-,MS,MS60249_CSF,GSM4104126_TGACAACCATCTACGA-1,-0.14370650857852468
CXCR3-,MS,MS60249_CSF,GSM4104126_TGACTAGGTAGGCTGA-1,-0.29997119987097626
CXCR3-,MS,MS60249_CSF,GSM4104126_TGACTTTAGTCCTCCT-1,-0.03282333891885319
CXCR3-,MS,MS60249_CSF,GSM4104126_TGACTTTGTTGGTAAA-1,0.4487306617298728
CXCR3+,MS,MS60249_CSF,GSM4104126_TGACTTTTCAGTGCAT-1,0.14131720734066636
CXCR3-,MS,MS60249_CSF,GSM4104126_TGACTTTTCTGCGTAA-1,0.003602179419598716
CXCR3+,MS,MS60249_CSF,GSM4104126_TGACTTTTCTTGTTTG-1,0.34471927972173944
CXCR3-,MS,MS60249_CSF,GSM4104126_TGAGCATCATGTCTCC-1,0.06103324833767778
CXCR3+,MS,MS60249_CSF,GSM4104126_TGAGCATGTCGTCTTC-1,0.04536907641990466
CXCR3+,MS,MS60249_CSF,GSM4104126_TGAGCATGTTTGCATG-1,0.2136417833896977
CXCR3+,MS,MS60249_CSF,GSM4104126_TGAGCATTCGGACAAG-1,-0.10134599645422204
CXCR3-,MS,MS60249_CSF,GSM4104126_TGAGCCGCAATGGTCT-1,-0.29997119987097626
CXCR3-,MS,MS60249_CSF,GSM4104126_TGAGCCGTCTTACCTA-1,0.022099036707413835
CXCR3+,MS,MS60249_CSF,GSM4104126_TGAGGGAAGGACGAAA-1,0.36026186344176464
CXCR3+,MS,MS60249_CSF,GSM4104126_TGAGGGACATGCATGT-1,-0.17787345524518536
CXCR3-,MS,MS60249_CSF,GSM4104126_TGATTTCAGTGGACGT-1,-0.29997119987097626
CXCR3+,MS,MS60249_CSF,GSM4104126_TGATTTCCAATGTTGC-1,-0.01545460078134715
CXCR3+,MS,MS60249_CSF,GSM4104126_TGCACCTTCCAGTATG-1,0.24616498646078552
CXCR3-,MS,MS60249_CSF,GSM4104126_TGCCAAATCGAACGGA-1,-0.29997119987097626
CXCR3+,MS,MS60249_CSF,GSM4104126_TGCCAAATCGGCTTGG-1,0.13342951154395372
CXCR3-,MS,MS60249_CSF,GSM4104126_TGCCAAATCTCGGACG-1,-0.29997119987097626
CXCR3+,MS,MS60249_CSF,GSM4104126_TGCCCATGTGGTACAG-1,0.03672734848475583
CXCR3+,MS,MS60249_CSF,GSM4104126_TGCCCATTCCTCAATT-1,0.016047912647010203
CXCR3+,MS,MS60249_CSF,GSM4104126_TGCCCATTCGGTTAAC-1,-0.07220407815183126
CXCR3-,MS,MS60249_CSF,GSM4104126_TGCCCATTCTTGTTTG-1,-0.12015347826062184
CXCR3-,MS,MS60249_CSF,GSM4104126_TGCCCTAAGGAACTGC-1,-0.29997119987097626
CXCR3-,MS,MS60249_CSF,GSM4104126_TGCGCAGCACCACCAG-1,0.1599890411273633
CXCR3-,MS,MS60249_CSF,GSM4104126_TGCGCAGTCAGCACAT-1,-0.29997119987097626
CXCR3+,MS,MS60249_CSF,GSM4104126_TGCGCAGTCCTAGAAC-1,-0.0024283586293938103
CXCR3+,MS,MS60249_CSF,GSM4104126_TGCGGGTAGAATCTCC-1,0.32718676928805285
CXCR3+,MS,MS60249_CSF,GSM4104126_TGCGGGTGTCAGGACA-1,-0.2054203062153746
CXCR3+,MS,MS60249_CSF,GSM4104126_TGCGTGGAGAAGATTC-1,-0.29997119987097626
CXCR3+,MS,MS60249_CSF,GSM4104126_TGCGTGGAGTTAGCGG-1,-0.12049777397939203
CXCR3-,MS,MS60249_CSF,GSM4104126_TGCGTGGTCCGCAGTG-1,0.692137754626618
CXCR3+,MS,MS60249_CSF,GSM4104126_TGCGTGGTCCGTAGGC-1,-0.0444160991603626
CXCR3+,MS,MS60249_CSF,GSM4104126_TGCTACCCACCGCTAG-1,-0.0005056307245176987
CXCR3-,MS,MS60249_CSF,GSM4104126_TGCTACCCACTCAGGC-1,0.9109268183254304
CXCR3-,MS,MS60249_CSF,GSM4104126_TGCTACCGTGAACCTT-1,-0.05302549592731894
CXCR3-,MS,MS60249_CSF,GSM4104126_TGCTACCTCAACACTG-1,0.11021395163015137
CXCR3+,MS,MS60249_CSF,GSM4104126_TGCTGCTGTATATGAG-1,-0.29997119987097626
CXCR3-,MS,MS60249_CSF,GSM4104126_TGCTGCTGTATATGGA-1,-0.29997119987097626
CXCR3-,MS,MS60249_CSF,GSM4104126_TGCTGCTGTCAAGCGA-1,-0.29997119987097626
CXCR3-,MS,MS60249_CSF,GSM4104126_TGCTGCTGTCTCATCC-1,-0.29997119987097626
CXCR3+,MS,MS60249_CSF,GSM4104126_TGCTGCTGTTGGTAAA-1,0.03516174504150545
CXCR3-,MS,MS60249_CSF,GSM4104126_TGCTGCTTCCTTAATC-1,-0.29997119987097626
CXCR3+,MS,MS60249_CSF,GSM4104126_TGCTGCTTCGACAGCC-1,-0.041887743657304896
CXCR3-,MS,MS60249_CSF,GSM4104126_TGGACGCCACACCGCA-1,-0.29997119987097626
CXCR3+,MS,MS60249_CSF,GSM4104126_TGGACGCGTCAGATAA-1,-0.20217514576046494
CXCR3-,MS,MS60249_CSF,GSM4104126_TGGACGCTCTGTGCAA-1,-0.29997119987097626
CXCR3-,MS,MS60249_CSF,GSM4104126_TGGCCAGAGGAGTTTA-1,-0.09931092934418717
CXCR3-,MS,MS60249_CSF,GSM4104126_TGGCCAGGTGCATCTA-1,-0.29997119987097626
CXCR3-,MS,MS60249_CSF,GSM4104126_TGGCCAGTCAGCTCTC-1,-0.10084235145057982
CXCR3+,MS,MS60249_CSF,GSM4104126_TGGCGCAAGAGACTAT-1,0.0012662852815872475
CXCR3-,MS,MS60249_CSF,GSM4104126_TGGCGCAAGTGAACGC-1,0.25305541302845913
CXCR3-,MS,MS60249_CSF,GSM4104126_TGGCTGGGTGTATGGG-1,-0.29997119987097626
CXCR3-,MS,MS60249_CSF,GSM4104126_TGGCTGGGTTTCCACC-1,-0.29997119987097626
CXCR3+,MS,MS60249_CSF,GSM4104126_TGGGAAGGTAAGGATT-1,-0.29997119987097626
CXCR3-,MS,MS60249_CSF,GSM4104126_TGGGCGTCATGTAAGA-1,-0.29997119987097626
CXCR3-,MS,MS60249_CSF,GSM4104126_TGGGCGTGTAAAGTCA-1,0.0660941327992017
CXCR3+,MS,MS60249_CSF,GSM4104126_TGGGCGTGTCCATCCT-1,0.20263698929566692
CXCR3+,MS,MS60249_CSF,GSM4104126_TGGTTAGCAAGTCTAC-1,-0.0028346939629261747
CXCR3-,MS,MS60249_CSF,GSM4104126_TGGTTAGGTTAGGGTG-1,-0.29997119987097626
CXCR3-,MS,MS60249_CSF,GSM4104126_TGGTTAGTCTGCTTGC-1,0.3608881674215561
CXCR3-,MS,MS60249_CSF,GSM4104126_TGGTTAGTCTTACCTA-1,-0.15317878163463147
CXCR3+,MS,MS60249_CSF,GSM4104126_TGGTTCCAGAGTAATC-1,0.08299642931132303
CXCR3-,MS,MS60249_CSF,GSM4104126_TGGTTCCCACGGATAG-1,-0.29997119987097626
CXCR3+,MS,MS60249_CSF,GSM4104126_TGGTTCCTCCATTCTA-1,-0.11404284662464723
CXCR3-,MS,MS60249_CSF,GSM4104126_TGGTTCCTCCCTGACT-1,0.053686515790075474
CXCR3+,MS,MS60249_CSF,GSM4104126_TGTATTCCAGAGTGTG-1,-0.19435072929542438
CXCR3-,MS,MS60249_CSF,GSM4104126_TGTATTCTCTGTCAAG-1,-0.29997119987097626
CXCR3+,MS,MS60249_CSF,GSM4104126_TGTCCCACACGGCGTT-1,0.40704466214752244
CXCR3-,MS,MS60249_CSF,GSM4104126_TGTCCCACATTCCTGC-1,-0.29997119987097626
CXCR3+,MS,MS60249_CSF,GSM4104126_TGTCCCAGTTAAAGTG-1,-0.29997119987097626
CXCR3-,MS,MS60249_CSF,GSM4104126_TGTGGTATCCAAACTG-1,-0.29997119987097626
CXCR3+,MS,MS60249_CSF,GSM4104126_TGTGTTTAGGCTAGGT-1,-0.06053722441780374
CXCR3-,MS,MS60249_CSF,GSM4104126_TGTGTTTCATCTATGG-1,-0.29997119987097626
CXCR3+,MS,MS60249_CSF,GSM4104126_TGTTCCGAGCCACGCT-1,-0.02560219197578437
CXCR3-,MS,MS60249_CSF,GSM4104126_TGTTCCGAGGGTATCG-1,-0.29997119987097626
CXCR3-,MS,MS60249_CSF,GSM4104126_TGTTCCGCAATCACAC-1,-0.29997119987097626
CXCR3+,MS,MS60249_CSF,GSM4104126_TTAACTCGTCTGCCAG-1,0.24124565720926266
CXCR3-,MS,MS60249_CSF,GSM4104126_TTAGGACAGTGAACGC-1,-0.29997119987097626
CXCR3+,MS,MS60249_CSF,GSM4104126_TTAGGACCAATGGAGC-1,-0.12397434500565051
CXCR3+,MS,MS60249_CSF,GSM4104126_TTAGGACGTAGCCTAT-1,-0.29997119987097626
CXCR3-,MS,MS60249_CSF,GSM4104126_TTAGGACTCACCATAG-1,-0.29997119987097626
CXCR3+,MS,MS60249_CSF,GSM4104126_TTAGGCAAGCCTTGAT-1,-0.12458475027965892
CXCR3-,MS,MS60249_CSF,GSM4104126_TTAGTTCTCTGTCAAG-1,0.5858256622725143
CXCR3+,MS,MS60249_CSF,GSM4104126_TTATGCTAGATCGGGT-1,0.04595744001808581
CXCR3+,MS,MS60249_CSF,GSM4104126_TTATGCTGTTGTACAC-1,-0.17180845467368844
CXCR3+,MS,MS60249_CSF,GSM4104126_TTATGCTTCTCCCTGA-1,-0.05100482528587092
CXCR3+,MS,MS60249_CSF,GSM4104126_TTCCCAGTCATATCGG-1,-0.29997119987097626
CXCR3+,MS,MS60249_CSF,GSM4104126_TTCGAAGCACCAGATT-1,0.039764525261808056
CXCR3+,MS,MS60249_CSF,GSM4104126_TTCGGTCAGGCTCATT-1,-0.06815497243386924
CXCR3+,MS,MS60249_CSF,GSM4104126_TTCGGTCCACACTGCG-1,0.08444169811761182
CXCR3-,MS,MS60249_CSF,GSM4104126_TTCGGTCTCCAGAAGG-1,0.017707055348714862
CXCR3-,MS,MS60249_CSF,GSM4104126_TTCTACACATCGGGTC-1,0.9577627488948764
CXCR3+,MS,MS60249_CSF,GSM4104126_TTCTCAATCCAACCAA-1,0.023224893790075512
CXCR3-,MS,MS60249_CSF,GSM4104126_TTCTCAATCTATGTGG-1,0.19132803181634986
CXCR3-,MS,MS60249_CSF,GSM4104126_TTCTCCTAGAAGGCCT-1,0.008560857663935677
CXCR3+,MS,MS60249_CSF,GSM4104126_TTCTCCTTCCCATTAT-1,-0.29997119987097626
CXCR3-,MS,MS60249_CSF,GSM4104126_TTCTTAGAGTTGTAGA-1,-0.29997119987097626
CXCR3+,MS,MS60249_CSF,GSM4104126_TTCTTAGCATCTCGCT-1,-0.05369602407581361
CXCR3-,MS,MS60249_CSF,GSM4104126_TTGAACGCAAGTTCTG-1,-0.29997119987097626
CXCR3+,MS,MS60249_CSF,GSM4104126_TTGAACGCATAGGATA-1,0.22464808682390272
CXCR3+,MS,MS60249_CSF,GSM4104126_TTGAACGGTGAGGGTT-1,-0.1322493424029539
CXCR3+,MS,MS60249_CSF,GSM4104126_TTGACTTAGCCGATTT-1,-0.20326265854890946
CXCR3-,MS,MS60249_CSF,GSM4104126_TTGACTTAGTCAAGCG-1,-0.29997119987097626
CXCR3+,MS,MS60249_CSF,GSM4104126_TTGACTTGTACTCAAC-1,0.046369887259071416
CXCR3-,MS,MS60249_CSF,GSM4104126_TTGACTTGTGTGAAAT-1,-0.29997119987097626
CXCR3-,MS,MS60249_CSF,GSM4104126_TTGCCGTAGGTTCCTA-1,-0.29997119987097626
CXCR3-,MS,MS60249_CSF,GSM4104126_TTGCGTCCAGTGAGTG-1,-0.29997119987097626
CXCR3-,MS,MS60249_CSF,GSM4104126_TTGCGTCGTGGTCTCG-1,0.14198960238323483
CXCR3+,MS,MS60249_CSF,GSM4104126_TTGGAACAGATCCTGT-1,0.5727568508503477
CXCR3-,MS,MS60249_CSF,GSM4104126_TTGGAACCACCATGTA-1,0.274595179323306
CXCR3+,MS,MS60249_CSF,GSM4104126_TTGGAACTCGTTGCCT-1,-0.16385747156847666
CXCR3-,MS,MS60249_CSF,GSM4104126_TTGGCAAAGGCTATCT-1,0.20878666408961277
CXCR3+,MS,MS60249_CSF,GSM4104126_TTGGCAACAGGTTTCA-1,-0.29997119987097626
CXCR3-,MS,MS60249_CSF,GSM4104126_TTGGCAAGTCACCCAG-1,-0.07242911491498642
CXCR3-,MS,MS60249_CSF,GSM4104126_TTGTAGGAGTAATCCC-1,-0.29997119987097626
CXCR3-,MS,MS60249_CSF,GSM4104126_TTGTAGGTCAACGCTA-1,0.06325691803887176
CXCR3-,MS,MS60249_CSF,GSM4104126_TTGTAGGTCATCACCC-1,0.12304566139649586
CXCR3+,MS,MS60249_CSF,GSM4104126_TTTACTGCAAGGTGTG-1,0.40026951369311375
CXCR3+,MS,MS60249_CSF,GSM4104126_TTTACTGCAATAGCAA-1,-0.29997119987097626
CXCR3-,MS,MS60249_CSF,GSM4104126_TTTACTGTCGTGGGAA-1,-0.29997119987097626
CXCR3+,MS,MS60249_CSF,GSM4104126_TTTATGCTCAGCTCTC-1,0.2538213892529358
CXCR3-,MS,MS60249_CSF,GSM4104126_TTTGCGCCATGCCCGA-1,-0.00962688336878897
CXCR3+,MS,MS60249_CSF,GSM4104126_TTTGGTTGTCACCTAA-1,0.356631323723623
CXCR3-,MS,MS60249_CSF,GSM4104126_TTTGGTTGTCCATCCT-1,-0.1733246755427702
CXCR3-,MS,MS60249_CSF,GSM4104126_TTTGGTTGTTGATTGC-1,-0.29997119987097626
CXCR3-,MS,MS60249_CSF,GSM4104126_TTTGTCAAGTGAACGC-1,-0.14110373679223548
CXCR3+,MS,MS71658_CSF,GSM4104124_AAAGATGTCCTTGCCA-1,0.7371569287106753
CXCR3-,MS,MS71658_CSF,GSM4104124_AACGTTGTCTTGTTTG-1,0.33650880654680193
CXCR3-,MS,MS71658_CSF,GSM4104124_AACTCAGAGGAGCGTT-1,0.4749122939883837
CXCR3-,MS,MS71658_CSF,GSM4104124_AACTCCCGTGTGTGCC-1,-0.29997119987097626
CXCR3-,MS,MS71658_CSF,GSM4104124_AACTTTCAGAAGGACA-1,-0.29997119987097626
CXCR3+,MS,MS71658_CSF,GSM4104124_AAGACCTAGTGCGTGA-1,-0.29997119987097626
CXCR3-,MS,MS71658_CSF,GSM4104124_AAGACCTCAGGGAGAG-1,0.28387246090800156
CXCR3-,MS,MS71658_CSF,GSM4104124_AAGCCGCGTAGAGCTG-1,-0.29997119987097626
CXCR3+,MS,MS71658_CSF,GSM4104124_AAGGAGCGTCCAGTTA-1,-0.29997119987097626
CXCR3+,MS,MS71658_CSF,GSM4104124_AAGGCAGTCCGGCACA-1,-0.29997119987097626
CXCR3-,MS,MS71658_CSF,GSM4104124_AAGTCTGGTCGTCTTC-1,-0.29997119987097626
CXCR3-,MS,MS71658_CSF,GSM4104124_AATCGGTAGTTGAGAT-1,-0.025693407960060845
CXCR3-,MS,MS71658_CSF,GSM4104124_ACACCGGTCCTGTACC-1,0.3323487818064305
CXCR3-,MS,MS71658_CSF,GSM4104124_ACACCGGTCGTTTGCC-1,-0.29997119987097626
CXCR3-,MS,MS71658_CSF,GSM4104124_ACACTGACACTCTGTC-1,0.2165202044738798
CXCR3-,MS,MS71658_CSF,GSM4104124_ACACTGACACTTAAGC-1,0.0017395150576461507
CXCR3-,MS,MS71658_CSF,GSM4104124_ACAGCCGGTTTACTCT-1,-0.29997119987097626
CXCR3+,MS,MS71658_CSF,GSM4104124_ACAGCTATCGAGAGCA-1,-0.05068913209570382
CXCR3-,MS,MS71658_CSF,GSM4104124_ACATCAGCATCTCCCA-1,-0.29997119987097626
CXCR3-,MS,MS71658_CSF,GSM4104124_ACATCAGTCACCTTAT-1,0.3531916084603518
CXCR3-,MS,MS71658_CSF,GSM4104124_ACATCAGTCTCGCTTG-1,0.11347642312893792
CXCR3-,MS,MS71658_CSF,GSM4104124_ACATGGTAGCCGATTT-1,-0.29997119987097626
CXCR3-,MS,MS71658_CSF,GSM4104124_ACCAGTATCCGTCAAA-1,-0.29997119987097626
CXCR3+,MS,MS71658_CSF,GSM4104124_ACCGTAATCGACGGAA-1,0.0351664359506117
CXCR3-,MS,MS71658_CSF,GSM4104124_ACCGTAATCGTGGACC-1,-0.29997119987097626
CXCR3-,MS,MS71658_CSF,GSM4104124_ACGAGCCAGATTACCC-1,-0.29997119987097626
CXCR3-,MS,MS71658_CSF,GSM4104124_ACGAGGAGTTGGTAAA-1,-0.29997119987097626
CXCR3-,MS,MS71658_CSF,GSM4104124_ACGCCAGAGCGATCCC-1,-0.29997119987097626
CXCR3-,MS,MS71658_CSF,GSM4104124_ACGCCAGCAGGGTTAG-1,-0.29997119987097626
CXCR3-,MS,MS71658_CSF,GSM4104124_ACGCCAGGTAGCACGA-1,-0.29997119987097626
CXCR3-,MS,MS71658_CSF,GSM4104124_ACGGCCACAGAAGCAC-1,-0.29997119987097626
CXCR3+,MS,MS71658_CSF,GSM4104124_ACGGGTCCACGTAAGG-1,-0.29997119987097626
CXCR3-,MS,MS71658_CSF,GSM4104124_ACGTCAAAGAGTAATC-1,-0.29997119987097626
CXCR3-,MS,MS71658_CSF,GSM4104124_ACTGAACAGATCTGCT-1,0.24662516929212155
CXCR3+,MS,MS71658_CSF,GSM4104124_ACTGAACCAAGAAAGG-1,-0.29997119987097626
CXCR3-,MS,MS71658_CSF,GSM4104124_ACTGAGTCACATCCAA-1,-0.29997119987097626
CXCR3+,MS,MS71658_CSF,GSM4104124_AGAATAGTCCAAGTAC-1,-0.29997119987097626
CXCR3-,MS,MS71658_CSF,GSM4104124_AGAGCTTTCAACGAAA-1,0.2621256169304062
CXCR3-,MS,MS71658_CSF,GSM4104124_AGAGTGGCATTACCTT-1,-0.29997119987097626
CXCR3-,MS,MS71658_CSF,GSM4104124_AGATCTGAGAACAATC-1,-0.29997119987097626
CXCR3-,MS,MS71658_CSF,GSM4104124_AGCGTATCACGGATAG-1,-0.29997119987097626
CXCR3-,MS,MS71658_CSF,GSM4104124_AGCGTCGCATCCTTGC-1,-0.18585908607149104
CXCR3-,MS,MS71658_CSF,GSM4104124_AGCTCTCCACATCCAA-1,-0.29997119987097626
CXCR3-,MS,MS71658_CSF,GSM4104124_AGGCCGTGTAATCACC-1,-0.29997119987097626
CXCR3-,MS,MS71658_CSF,GSM4104124_AGGCCGTGTACTCAAC-1,-0.29997119987097626
CXCR3+,MS,MS71658_CSF,GSM4104124_AGGCCGTGTTGAGTTC-1,-0.29997119987097626
CXCR3-,MS,MS71658_CSF,GSM4104124_AGGCCGTTCGATGAGG-1,-0.29997119987097626
CXCR3-,MS,MS71658_CSF,GSM4104124_AGGCCGTTCTTGAGGT-1,-0.29997119987097626
CXCR3-,MS,MS71658_CSF,GSM4104124_AGGGTGAGTCATCGGC-1,-0.1177402442478007
CXCR3+,MS,MS71658_CSF,GSM4104124_AGGTCATGTGTCAATC-1,0.08488340594833352
CXCR3-,MS,MS71658_CSF,GSM4104124_AGGTCATTCCAAACAC-1,-0.29997119987097626
CXCR3-,MS,MS71658_CSF,GSM4104124_AGGTCCGCATAGAAAC-1,0.02875449402253876
CXCR3-,MS,MS71658_CSF,GSM4104124_AGTAGTCCACAGGAGT-1,-0.29997119987097626
CXCR3-,MS,MS71658_CSF,GSM4104124_AGTGGGATCTTGGGTA-1,-0.01553639521083899
CXCR3+,MS,MS71658_CSF,GSM4104124_AGTGTCACATTCTTAC-1,-0.29997119987097626
CXCR3-,MS,MS71658_CSF,GSM4104124_ATCATGGAGGTAAACT-1,0.01263519757410352
CXCR3-,MS,MS71658_CSF,GSM4104124_ATCCGAAGTATTACCG-1,-0.13379024220127528
CXCR3-,MS,MS71658_CSF,GSM4104124_ATCCGAATCACTCTTA-1,-0.29997119987097626
CXCR3-,MS,MS71658_CSF,GSM4104124_ATCCGAATCAGTTGAC-1,-0.29997119987097626
CXCR3-,MS,MS71658_CSF,GSM4104124_ATCTGCCCAGAAGCAC-1,0.013956412062948684
CXCR3-,MS,MS71658_CSF,GSM4104124_ATGAGGGAGACGCTTT-1,-0.07565243363723782
CXCR3-,MS,MS71658_CSF,GSM4104124_ATGAGGGTCGCTAGCG-1,-0.08102128490806702
CXCR3-,MS,MS71658_CSF,GSM4104124_ATGCGATAGCGTCTAT-1,-0.1239206319552195
CXCR3-,MS,MS71658_CSF,GSM4104124_ATGCGATAGGTACTCT-1,0.005952765293913991
CXCR3-,MS,MS71658_CSF,GSM4104124_ATGGGAGCACCACGTG-1,-0.29997119987097626
CXCR3-,MS,MS71658_CSF,GSM4104124_ATGGGAGCATTGTGCA-1,-0.29997119987097626
CXCR3+,MS,MS71658_CSF,GSM4104124_ATTCTACAGGCTAGCA-1,-0.29997119987097626
CXCR3-,MS,MS71658_CSF,GSM4104124_ATTCTACCAACGATCT-1,-0.29997119987097626
CXCR3-,MS,MS71658_CSF,GSM4104124_ATTGGTGCAAACGCGA-1,-0.2076154379717634
CXCR3-,MS,MS71658_CSF,GSM4104124_ATTTCTGCATGCCTTC-1,-0.29997119987097626
CXCR3+,MS,MS71658_CSF,GSM4104124_CAACCAAAGACAAAGG-1,0.19834856271378615
CXCR3-,MS,MS71658_CSF,GSM4104124_CAACCAACACATTTCT-1,-0.29997119987097626
CXCR3-,MS,MS71658_CSF,GSM4104124_CAAGAAAGTGAGGCTA-1,0.33254457549086375
CXCR3+,MS,MS71658_CSF,GSM4104124_CAAGAAATCTGTCCGT-1,0.575296866882255
CXCR3-,MS,MS71658_CSF,GSM4104124_CAAGATCCAATCTACG-1,0.6574572527857979
CXCR3-,MS,MS71658_CSF,GSM4104124_CAAGTTGTCGAGGTAG-1,-0.29997119987097626
CXCR3-,MS,MS71658_CSF,GSM4104124_CACACAATCGTCACGG-1,-0.29997119987097626
CXCR3-,MS,MS71658_CSF,GSM4104124_CACATTTCATGGTTGT-1,-0.1563823515655293
CXCR3-,MS,MS71658_CSF,GSM4104124_CACCAGGCATACGCCG-1,-0.29997119987097626
CXCR3+,MS,MS71658_CSF,GSM4104124_CACCTTGGTATAAACG-1,-0.29997119987097626
CXCR3+,MS,MS71658_CSF,GSM4104124_CACTCCAGTTGGTAAA-1,0.18113853713847822
CXCR3-,MS,MS71658_CSF,GSM4104124_CACTCCATCCCAAGAT-1,-0.29997119987097626
CXCR3-,MS,MS71658_CSF,GSM4104124_CAGAGAGCATCATCCC-1,-0.0720784276226267
CXCR3-,MS,MS71658_CSF,GSM4104124_CAGAGAGCATGAGCGA-1,0.08936289934728868
CXCR3-,MS,MS71658_CSF,GSM4104124_CAGAGAGGTAAGTGTA-1,-0.29997119987097626
CXCR3-,MS,MS71658_CSF,GSM4104124_CAGATCAAGTCCTCCT-1,-0.01883219205667037
CXCR3-,MS,MS71658_CSF,GSM4104124_CAGATCATCCCTAATT-1,-0.29997119987097626
CXCR3-,MS,MS71658_CSF,GSM4104124_CAGCGACCATCGATTG-1,-0.29997119987097626
CXCR3-,MS,MS71658_CSF,GSM4104124_CAGCGACTCGTTTATC-1,-0.29997119987097626
CXCR3-,MS,MS71658_CSF,GSM4104124_CAGCTAAAGAAACGCC-1,-0.0593406468704372
CXCR3-,MS,MS71658_CSF,GSM4104124_CAGCTGGCAGATGGCA-1,-0.29997119987097626
CXCR3-,MS,MS71658_CSF,GSM4104124_CAGGTGCGTGTCTGAT-1,-0.29997119987097626
CXCR3-,MS,MS71658_CSF,GSM4104124_CAGTAACGTCCTCTTG-1,0.5096360095443617
CXCR3-,MS,MS71658_CSF,GSM4104124_CAGTCCTAGACTCGGA-1,-0.16630638030736097
CXCR3-,MS,MS71658_CSF,GSM4104124_CATCAAGAGGAGTAGA-1,0.18016937659505272
CXCR3-,MS,MS71658_CSF,GSM4104124_CATCAGACATGGGACA-1,-0.29997119987097626
CXCR3-,MS,MS71658_CSF,GSM4104124_CATCAGAGTCTCTCGT-1,0.0662569856344809
CXCR3-,MS,MS71658_CSF,GSM4104124_CATCGAACAGGATCGA-1,-0.29997119987097626
CXCR3-,MS,MS71658_CSF,GSM4104124_CATCGGGGTTCCAACA-1,-0.29997119987097626
CXCR3-,MS,MS71658_CSF,GSM4104124_CATCGGGTCTACGAGT-1,-0.29997119987097626
CXCR3-,MS,MS71658_CSF,GSM4104124_CATGACATCATATCGG-1,-0.29997119987097626
CXCR3+,MS,MS71658_CSF,GSM4104124_CATGCCTCACCATGTA-1,-0.29997119987097626
CXCR3+,MS,MS71658_CSF,GSM4104124_CATGCCTCAGGACGTA-1,-0.29997119987097626
CXCR3+,MS,MS71658_CSF,GSM4104124_CATGCCTTCAGCAACT-1,-0.29997119987097626
CXCR3+,MS,MS71658_CSF,GSM4104124_CATGGCGGTCTCTTTA-1,-0.29997119987097626
CXCR3-,MS,MS71658_CSF,GSM4104124_CATGGCGGTGCGATAG-1,0.05752049626985102
CXCR3-,MS,MS71658_CSF,GSM4104124_CCACCTACAGGCAGTA-1,0.17626365140176095
CXCR3-,MS,MS71658_CSF,GSM4104124_CCACGGAAGGATGGAA-1,-0.29997119987097626
CXCR3+,MS,MS71658_CSF,GSM4104124_CCACGGATCAACACAC-1,0.07307619765373828
CXCR3-,MS,MS71658_CSF,GSM4104124_CCAGCGAAGCCACTAT-1,-0.29997119987097626
CXCR3-,MS,MS71658_CSF,GSM4104124_CCATTCGTCTCCAGGG-1,0.3588415920554801
CXCR3-,MS,MS71658_CSF,GSM4104124_CCCAGTTAGCTAAACA-1,0.05257220632209018
CXCR3-,MS,MS71658_CSF,GSM4104124_CCCAGTTAGTGGGCTA-1,-0.08352360971074708
CXCR3-,MS,MS71658_CSF,GSM4104124_CCCAGTTGTGGGTATG-1,-0.16375587756551527
CXCR3+,MS,MS71658_CSF,GSM4104124_CCCTCCTGTTCGTTGA-1,-0.29997119987097626
CXCR3-,MS,MS71658_CSF,GSM4104124_CCGGGATAGATCACGG-1,-0.29997119987097626
CXCR3-,MS,MS71658_CSF,GSM4104124_CCGTACTAGGCCCGTT-1,-0.04687724339488537
CXCR3-,MS,MS71658_CSF,GSM4104124_CCGTACTAGTGGTCCC-1,-0.29997119987097626
CXCR3+,MS,MS71658_CSF,GSM4104124_CCGTTCATCTTCCTTC-1,-0.29997119987097626
CXCR3-,MS,MS71658_CSF,GSM4104124_CCTAAAGTCATGCAAC-1,-0.29997119987097626
CXCR3+,MS,MS71658_CSF,GSM4104124_CCTACCAGTAGAGCTG-1,0.4144735973913842
CXCR3-,MS,MS71658_CSF,GSM4104124_CCTAGCTTCAGTCAGT-1,0.23529199664507292
CXCR3-,MS,MS71658_CSF,GSM4104124_CCTTACGCAAACAACA-1,-0.03711457467804793
CXCR3+,MS,MS71658_CSF,GSM4104124_CCTTTCTCAAGAGGCT-1,-0.29997119987097626
CXCR3-,MS,MS71658_CSF,GSM4104124_CCTTTCTGTTCCATGA-1,-0.039245744918535296
CXCR3+,MS,MS71658_CSF,GSM4104124_CGAATGTAGTATGACA-1,-0.29997119987097626
CXCR3-,MS,MS71658_CSF,GSM4104124_CGACCTTGTCTCTTAT-1,-0.29997119987097626
CXCR3-,MS,MS71658_CSF,GSM4104124_CGACTTCTCCTGCTTG-1,-0.29997119987097626
CXCR3+,MS,MS71658_CSF,GSM4104124_CGATGGCAGTGAAGTT-1,-0.29997119987097626
CXCR3+,MS,MS71658_CSF,GSM4104124_CGATGTAGTGTGCGTC-1,-0.03684114288723991
CXCR3+,MS,MS71658_CSF,GSM4104124_CGCTATCAGCCTTGAT-1,0.004085987345265314
CXCR3-,MS,MS71658_CSF,GSM4104124_CGCTATCTCACCTCGT-1,-0.10242611985046467
CXCR3-,MS,MS71658_CSF,GSM4104124_CGCTTCATCAGCCTAA-1,-0.11654792526319416
CXCR3-,MS,MS71658_CSF,GSM4104124_CGGACACTCGTCACGG-1,0.022001504494964248
CXCR3-,MS,MS71658_CSF,GSM4104124_CGGACGTAGGTGCAAC-1,0.045050538836419074
CXCR3-,MS,MS71658_CSF,GSM4104124_CGGACTGTCATGTAGC-1,-0.29997119987097626
CXCR3+,MS,MS71658_CSF,GSM4104124_CGGAGTCCACCAGCAC-1,0.7978894716982673
CXCR3-,MS,MS71658_CSF,GSM4104124_CGGGTCAGTAGATTAG-1,-0.29997119987097626
CXCR3-,MS,MS71658_CSF,GSM4104124_CGGTTAAAGAGACTAT-1,-0.29997119987097626
CXCR3-,MS,MS71658_CSF,GSM4104124_CGTCACTAGCACCGTC-1,-0.29997119987097626
CXCR3-,MS,MS71658_CSF,GSM4104124_CGTCACTCAGGCGATA-1,-0.15106546975953297
CXCR3+,MS,MS71658_CSF,GSM4104124_CGTCAGGCATACTACG-1,-0.29997119987097626
CXCR3-,MS,MS71658_CSF,GSM4104124_CGTCTACTCAGTCCCT-1,-0.29997119987097626
CXCR3-,MS,MS71658_CSF,GSM4104124_CGTGAGCGTGGCAAAC-1,-0.06831346652248979
CXCR3+,MS,MS71658_CSF,GSM4104124_CGTGTAAAGTCCCACG-1,0.07589712145729723
CXCR3-,MS,MS71658_CSF,GSM4104124_CGTGTCTAGGTAGCCA-1,-0.29997119987097626
CXCR3+,MS,MS71658_CSF,GSM4104124_CTAACTTCACCCATTC-1,-0.004830918358960577
CXCR3-,MS,MS71658_CSF,GSM4104124_CTACATTCACCCATTC-1,0.4079237163273696
CXCR3-,MS,MS71658_CSF,GSM4104124_CTACATTCATCTATGG-1,0.043291299447598526
CXCR3+,MS,MS71658_CSF,GSM4104124_CTACCCACATGCAATC-1,-0.29997119987097626
CXCR3-,MS,MS71658_CSF,GSM4104124_CTAGCCTAGTATCGAA-1,-0.005801678396394815
CXCR3-,MS,MS71658_CSF,GSM4104124_CTCATTACACTCTGTC-1,-0.2125104825123057
CXCR3-,MS,MS71658_CSF,GSM4104124_CTCATTAGTTATCACG-1,0.06356990743682232
CXCR3-,MS,MS71658_CSF,GSM4104124_CTCCTAGTCCCATTAT-1,-0.11041424797015588
CXCR3+,MS,MS71658_CSF,GSM4104124_CTCGAGGAGACCCACC-1,0.11685797586954665
CXCR3-,MS,MS71658_CSF,GSM4104124_CTCGGAGAGGGAACGG-1,-0.29997119987097626
CXCR3+,MS,MS71658_CSF,GSM4104124_CTCGGAGCAAGCTGTT-1,-0.09549221913552335
CXCR3-,MS,MS71658_CSF,GSM4104124_CTCGTCATCTGATTCT-1,0.27973918912305706
CXCR3-,MS,MS71658_CSF,GSM4104124_CTCTGGTAGCGAGAAA-1,-0.29997119987097626
CXCR3-,MS,MS71658_CSF,GSM4104124_CTGAAGTAGGTACTCT-1,-0.29997119987097626
CXCR3+,MS,MS71658_CSF,GSM4104124_CTGATAGGTAAGAGAG-1,-0.05646993411341174
CXCR3-,MS,MS71658_CSF,GSM4104124_CTGCTGTCAATGTAAG-1,-0.19476084625454773
CXCR3+,MS,MS71658_CSF,GSM4104124_CTGGTCTAGCGATTCT-1,0.013794363390342266
CXCR3+,MS,MS71658_CSF,GSM4104124_CTGGTCTCACCCTATC-1,-0.15649762310324175
CXCR3+,MS,MS71658_CSF,GSM4104124_CTGGTCTGTTAAGGGC-1,-0.01283768488233306
CXCR3-,MS,MS71658_CSF,GSM4104124_CTGTTTACAATAGAGT-1,-0.29997119987097626
CXCR3-,MS,MS71658_CSF,GSM4104124_CTTAACTGTCCAACTA-1,0.09069780745378582
CXCR3-,MS,MS71658_CSF,GSM4104124_CTTAACTTCCTCAACC-1,-0.29997119987097626
CXCR3+,MS,MS71658_CSF,GSM4104124_CTTACCGCAGGCTCAC-1,-0.29997119987097626
CXCR3-,MS,MS71658_CSF,GSM4104124_CTTAGGAGTGTTAAGA-1,0.06737799353593903
CXCR3-,MS,MS71658_CSF,GSM4104124_CTTGGCTCACAACTGT-1,-0.29997119987097626
CXCR3-,MS,MS71658_CSF,GSM4104124_CTTTGCGAGCCCGAAA-1,0.16931589292399588
CXCR3-,MS,MS71658_CSF,GSM4104124_GAAACTCCAACGATGG-1,0.21699466832570943
CXCR3+,MS,MS71658_CSF,GSM4104124_GAACATCAGGATGGAA-1,-0.29997119987097626
CXCR3-,MS,MS71658_CSF,GSM4104124_GAACATCTCCGTTGCT-1,-0.29997119987097626
CXCR3-,MS,MS71658_CSF,GSM4104124_GAACGGATCTTGTACT-1,-0.29997119987097626
CXCR3-,MS,MS71658_CSF,GSM4104124_GAAGCAGTCAAAGTAG-1,-0.29997119987097626
CXCR3-,MS,MS71658_CSF,GSM4104124_GAATAAGCAGTACACT-1,-0.04714360909054586
CXCR3-,MS,MS71658_CSF,GSM4104124_GACACGCAGGTAGCTG-1,0.032458569775551664
CXCR3+,MS,MS71658_CSF,GSM4104124_GACAGAGCACAGGTTT-1,-0.29997119987097626
CXCR3-,MS,MS71658_CSF,GSM4104124_GACAGAGCAGCCACCA-1,0.1201548584536998
CXCR3+,MS,MS71658_CSF,GSM4104124_GACAGAGGTGTTCGAT-1,-0.05959927964608884
CXCR3-,MS,MS71658_CSF,GSM4104124_GACCTGGAGTCGATAA-1,-0.09150447866895838
CXCR3-,MS,MS71658_CSF,GSM4104124_GACGTGCAGCTAAACA-1,-0.29997119987097626
CXCR3-,MS,MS71658_CSF,GSM4104124_GACGTGCGTGGTCTCG-1,-0.12130884261808812
CXCR3-,MS,MS71658_CSF,GSM4104124_GACGTGCTCTCCGGTT-1,-0.29997119987097626
CXCR3-,MS,MS71658_CSF,GSM4104124_GACGTTAGTGCTAGCC-1,-0.29997119987097626
CXCR3-,MS,MS71658_CSF,GSM4104124_GACTAACCAGACGCTC-1,0.5173504157060573
CXCR3-,MS,MS71658_CSF,GSM4104124_GACTAACCAGATAATG-1,-0.29997119987097626
CXCR3-,MS,MS71658_CSF,GSM4104124_GACTACAAGAAACGCC-1,-0.29997119987097626
CXCR3-,MS,MS71658_CSF,GSM4104124_GACTGCGTCAAACCGT-1,0.3556477366043737
CXCR3-,MS,MS71658_CSF,GSM4104124_GAGTCCGTCATAACCG-1,0.04540154169681743
CXCR3-,MS,MS71658_CSF,GSM4104124_GATCGCGAGAAACCGC-1,-0.0958489529282893
CXCR3+,MS,MS71658_CSF,GSM4104124_GATCGCGAGACGCACA-1,-0.08433020628374187
CXCR3+,MS,MS71658_CSF,GSM4104124_GATCGTAGTCGAATCT-1,0.27387872621000503
CXCR3-,MS,MS71658_CSF,GSM4104124_GATGAAACAATGGAAT-1,-0.29997119987097626
CXCR3+,MS,MS71658_CSF,GSM4104124_GATGAAAGTGTAACGG-1,-0.29997119987097626
CXCR3-,MS,MS71658_CSF,GSM4104124_GATGAAATCGTCCAGG-1,-0.29997119987097626
CXCR3-,MS,MS71658_CSF,GSM4104124_GATGAGGGTAAGTAGT-1,0.05343259585267319
CXCR3+,MS,MS71658_CSF,GSM4104124_GATGCTAAGGTGATTA-1,-0.29997119987097626
CXCR3-,MS,MS71658_CSF,GSM4104124_GCAAACTGTAGCCTAT-1,-0.29997119987097626
CXCR3-,MS,MS71658_CSF,GSM4104124_GCAATCACAAGACACG-1,-0.29997119987097626
CXCR3-,MS,MS71658_CSF,GSM4104124_GCAATCATCGTAGGTT-1,0.06906375167467384
CXCR3-,MS,MS71658_CSF,GSM4104124_GCATGCGAGAACAACT-1,-0.29997119987097626
CXCR3-,MS,MS71658_CSF,GSM4104124_GCGCAGTTCGTTTAGG-1,-0.16419604539007043
CXCR3-,MS,MS71658_CSF,GSM4104124_GCGCCAAAGAAGCCCA-1,0.11773432710260323
CXCR3-,MS,MS71658_CSF,GSM4104124_GCGCGATAGTCGTTTG-1,0.00586060221001767
CXCR3+,MS,MS71658_CSF,GSM4104124_GCGGGTTGTGATGTCT-1,0.08631740557201527
CXCR3-,MS,MS71658_CSF,GSM4104124_GCTGCTTTCGGACAAG-1,-0.09110966908588737
CXCR3-,MS,MS71658_CSF,GSM4104124_GCTGGGTGTTCCAACA-1,-0.29997119987097626
CXCR3-,MS,MS71658_CSF,GSM4104124_GCTTCCAAGTGTTGAA-1,-0.0076488051440700856
CXCR3+,MS,MS71658_CSF,GSM4104124_GGAAAGCAGTTTGCGT-1,0.23641297044594953
CXCR3-,MS,MS71658_CSF,GSM4104124_GGAAAGCTCCAAGCCG-1,-0.11159552154346951
CXCR3-,MS,MS71658_CSF,GSM4104124_GGACAAGGTAGCCTCG-1,-0.29997119987097626
CXCR3+,MS,MS71658_CSF,GSM4104124_GGACAGATCTATGTGG-1,-0.29997119987097626
CXCR3+,MS,MS71658_CSF,GSM4104124_GGACATTAGCCGATTT-1,-0.29997119987097626
CXCR3-,MS,MS71658_CSF,GSM4104124_GGACGTCCATCTGGTA-1,-0.29997119987097626
CXCR3+,MS,MS71658_CSF,GSM4104124_GGACGTCGTGAAATCA-1,0.06189676713139124
CXCR3+,MS,MS71658_CSF,GSM4104124_GGATGTTAGCTAGTTC-1,-0.08851694122190443
CXCR3-,MS,MS71658_CSF,GSM4104124_GGCAATTCATAAGACA-1,0.2163452582013019
CXCR3-,MS,MS71658_CSF,GSM4104124_GGCCGATAGAGTACCG-1,-0.29997119987097626
CXCR3-,MS,MS71658_CSF,GSM4104124_GGCCGATGTGAGGGAG-1,0.17660172623738354
CXCR3+,MS,MS71658_CSF,GSM4104124_GGCTCGAAGTATTGGA-1,-0.18273264747655546
CXCR3-,MS,MS71658_CSF,GSM4104124_GGGAATGAGGTACTCT-1,-0.11091528842578742
CXCR3-,MS,MS71658_CSF,GSM4104124_GGGAGATGTAAATACG-1,-0.29997119987097626
CXCR3-,MS,MS71658_CSF,GSM4104124_GGGCATCGTCTTGCGG-1,-0.29997119987097626
CXCR3-,MS,MS71658_CSF,GSM4104124_GGGCATCTCACGACTA-1,-0.29997119987097626
CXCR3-,MS,MS71658_CSF,GSM4104124_GGTGAAGAGAACAATC-1,-0.29997119987097626
CXCR3-,MS,MS71658_CSF,GSM4104124_GGTGCGTAGACTTGAA-1,0.0770653885468829
CXCR3-,MS,MS71658_CSF,GSM4104124_GGTGCGTCATTCCTCG-1,-0.050941237757302506
CXCR3-,MS,MS71658_CSF,GSM4104124_GTAACGTGTTGACGTT-1,-0.29997119987097626
CXCR3+,MS,MS71658_CSF,GSM4104124_GTACTCCAGGTGCTTT-1,0.017326896458488807
CXCR3-,MS,MS71658_CSF,GSM4104124_GTACTCCCAGCCACCA-1,-0.29997119987097626
CXCR3-,MS,MS71658_CSF,GSM4104124_GTAGGCCTCCCGACTT-1,-0.29997119987097626
CXCR3+,MS,MS71658_CSF,GSM4104124_GTAGTCAAGAGGGCTT-1,0.29599911994624345
CXCR3-,MS,MS71658_CSF,GSM4104124_GTATTCTGTCCGAGTC-1,-0.1274517982527602
CXCR3+,MS,MS71658_CSF,GSM4104124_GTCAAGTGTGCAGTAG-1,-0.29997119987097626
CXCR3-,MS,MS71658_CSF,GSM4104124_GTCGTAATCGAATCCA-1,-0.29997119987097626
CXCR3-,MS,MS71658_CSF,GSM4104124_GTGCAGCCACCGGAAA-1,0.2451447734849512
CXCR3-,MS,MS71658_CSF,GSM4104124_GTGCTTCGTCTGGTCG-1,-0.29997119987097626
CXCR3-,MS,MS71658_CSF,GSM4104124_GTGTGCGAGAAGGGTA-1,-0.15098380266502076
CXCR3+,MS,MS71658_CSF,GSM4104124_GTGTGCGGTAATAGCA-1,-0.29997119987097626
CXCR3-,MS,MS71658_CSF,GSM4104124_GTGTGCGGTCTGCAAT-1,0.4896807950638156
CXCR3-,MS,MS71658_CSF,GSM4104124_GTTAAGCCAAGCTGAG-1,-0.29997119987097626
CXCR3-,MS,MS71658_CSF,GSM4104124_GTTACAGAGCTACCGC-1,-0.29997119987097626
CXCR3-,MS,MS71658_CSF,GSM4104124_GTTCATTCAAGAGGCT-1,0.5673524969458053
CXCR3-,MS,MS71658_CSF,GSM4104124_GTTCGGGGTTTAAGCC-1,-0.29997119987097626
CXCR3-,MS,MS71658_CSF,GSM4104124_TAAACCGGTGGGTCAA-1,-0.13818100884163353
CXCR3+,MS,MS71658_CSF,GSM4104124_TAAACCGTCTCCTATA-1,0.08528429681865364
CXCR3-,MS,MS71658_CSF,GSM4104124_TAAGCGTCACCTTGTC-1,-0.03892435745874482
CXCR3+,MS,MS71658_CSF,GSM4104124_TAAGCGTCATGGTCAT-1,-0.29997119987097626
CXCR3+,MS,MS71658_CSF,GSM4104124_TAAGTGCGTCATGCCG-1,-0.29997119987097626
CXCR3-,MS,MS71658_CSF,GSM4104124_TACACGAGTCGGCATC-1,-0.061241634156445054
CXCR3-,MS,MS71658_CSF,GSM4104124_TACCTTAGTTTGACTG-1,0.06048750149844774
CXCR3-,MS,MS71658_CSF,GSM4104124_TACGGATAGCGTTTAC-1,-0.29997119987097626
CXCR3-,MS,MS71658_CSF,GSM4104124_TACGGGCTCACCTCGT-1,-0.29997119987097626
CXCR3-,MS,MS71658_CSF,GSM4104124_TACGGTATCTCTAGGA-1,0.3024064364937122
CXCR3-,MS,MS71658_CSF,GSM4104124_TACTCGCGTCTTGTCC-1,-0.29997119987097626
CXCR3-,MS,MS71658_CSF,GSM4104124_TACTCGCGTTGCTCCT-1,-0.29997119987097626
CXCR3-,MS,MS71658_CSF,GSM4104124_TACTTGTGTGTGAAAT-1,0.24775853618981641
CXCR3+,MS,MS71658_CSF,GSM4104124_TAGAGCTAGCGTGTCC-1,-0.29997119987097626
CXCR3+,MS,MS71658_CSF,GSM4104124_TAGTGGTAGTTGTCGT-1,0.06362574326721802
CXCR3-,MS,MS71658_CSF,GSM4104124_TATCTCAAGTGTACTC-1,-0.29997119987097626
CXCR3-,MS,MS71658_CSF,GSM4104124_TATCTCAGTTACCGAT-1,-0.29997119987097626
CXCR3-,MS,MS71658_CSF,GSM4104124_TATGCCCGTTGCGTTA-1,-0.29997119987097626
CXCR3-,MS,MS71658_CSF,GSM4104124_TCAATCTTCCATGAGT-1,-0.29997119987097626
CXCR3+,MS,MS71658_CSF,GSM4104124_TCATTTGAGTCAAGCG-1,-0.29997119987097626
CXCR3+,MS,MS71658_CSF,GSM4104124_TCATTTGTCTATCCCG-1,-0.03350802724256373
CXCR3-,MS,MS71658_CSF,GSM4104124_TCGCGAGCAATCTGCA-1,-0.29997119987097626
CXCR3-,MS,MS71658_CSF,GSM4104124_TCGCGTTCAGCGTTCG-1,-0.29997119987097626
CXCR3+,MS,MS71658_CSF,GSM4104124_TCGGGACCAAAGCGGT-1,-0.09966159259059482
CXCR3-,MS,MS71658_CSF,GSM4104124_TCGGGACCATCTCCCA-1,-0.29997119987097626
CXCR3-,MS,MS71658_CSF,GSM4104124_TCGGGACCATGCTGGC-1,-0.11620684090835856
CXCR3-,MS,MS71658_CSF,GSM4104124_TCGTACCAGCTGTCTA-1,-0.055406900406930255
CXCR3-,MS,MS71658_CSF,GSM4104124_TCGTAGACACGAAATA-1,-0.29997119987097626
CXCR3-,MS,MS71658_CSF,GSM4104124_TCTATTGAGACGCTTT-1,0.03423712164318547
CXCR3-,MS,MS71658_CSF,GSM4104124_TCTATTGGTGCAACTT-1,-0.29997119987097626
CXCR3+,MS,MS71658_CSF,GSM4104124_TCTCATAGTGCACGAA-1,-0.29997119987097626
CXCR3-,MS,MS71658_CSF,GSM4104124_TCTGGAATCAGGCGAA-1,-0.15858957825525558
CXCR3-,MS,MS71658_CSF,GSM4104124_TCTTCGGAGTGACTCT-1,-0.29997119987097626
CXCR3+,MS,MS71658_CSF,GSM4104124_TGAAAGATCTTGTTTG-1,-0.29997119987097626
CXCR3-,MS,MS71658_CSF,GSM4104124_TGACGGCAGTGCCAGA-1,-0.05068913209570382
CXCR3-,MS,MS71658_CSF,GSM4104124_TGACGGCAGTTACGGG-1,-0.07541410926442263
CXCR3-,MS,MS71658_CSF,GSM4104124_TGACTAGCAATAGCGG-1,-0.29997119987097626
CXCR3-,MS,MS71658_CSF,GSM4104124_TGACTAGTCCAAACAC-1,-0.10596912988789242
CXCR3-,MS,MS71658_CSF,GSM4104124_TGACTTTTCGGGAGTA-1,-0.29997119987097626
CXCR3-,MS,MS71658_CSF,GSM4104124_TGAGCCGAGAAACGAG-1,-0.29997119987097626
CXCR3-,MS,MS71658_CSF,GSM4104124_TGAGGGAGTGCTTCTC-1,-0.29997119987097626
CXCR3-,MS,MS71658_CSF,GSM4104124_TGATTTCAGTGAATTG-1,-0.29997119987097626
CXCR3-,MS,MS71658_CSF,GSM4104124_TGATTTCTCCTAGTGA-1,-0.036635754421649604
CXCR3+,MS,MS71658_CSF,GSM4104124_TGCACCTCAAGCGCTC-1,0.010667614543409936
CXCR3-,MS,MS71658_CSF,GSM4104124_TGCCAAACACCTATCC-1,-0.011008286027981882
CXCR3-,MS,MS71658_CSF,GSM4104124_TGCCCTACAGTCACTA-1,0.08800602025879015
CXCR3-,MS,MS71658_CSF,GSM4104124_TGCGGGTCATGACGGA-1,-0.29997119987097626
CXCR3-,MS,MS71658_CSF,GSM4104124_TGCGGGTGTCTCCATC-1,0.469488441390937
CXCR3-,MS,MS71658_CSF,GSM4104124_TGCTACCGTACAGTGG-1,0.7990717123176238
CXCR3-,MS,MS71658_CSF,GSM4104124_TGCTACCTCATGTGGT-1,-0.29997119987097626
CXCR3-,MS,MS71658_CSF,GSM4104124_TGGACGCCATTCCTGC-1,-0.29997119987097626
CXCR3+,MS,MS71658_CSF,GSM4104124_TGGACGCGTGATGATA-1,-0.14414502736167864
CXCR3-,MS,MS71658_CSF,GSM4104124_TGGCGCAAGAAGAAGC-1,-0.29997119987097626
CXCR3-,MS,MS71658_CSF,GSM4104124_TGGCTGGAGTGTTTGC-1,-0.1863011760262845
CXCR3-,MS,MS71658_CSF,GSM4104124_TGGCTGGCAGATCGGA-1,-0.29997119987097626
CXCR3-,MS,MS71658_CSF,GSM4104124_TGTATTCTCAGGCCCA-1,-0.29997119987097626
CXCR3-,MS,MS71658_CSF,GSM4104124_TGTTCCGGTTACAGAA-1,-0.29997119987097626
CXCR3-,MS,MS71658_CSF,GSM4104124_TTAACTCTCAGCGACC-1,-0.29997119987097626
CXCR3-,MS,MS71658_CSF,GSM4104124_TTAGTTCAGAGCAATT-1,0.15319713622695688
CXCR3+,MS,MS71658_CSF,GSM4104124_TTCGAAGCATGTTGAC-1,0.008781422092908981
CXCR3-,MS,MS71658_CSF,GSM4104124_TTCTCCTGTCCCTTGT-1,-0.29997119987097626
CXCR3-,MS,MS71658_CSF,GSM4104124_TTGCGTCAGTTGAGTA-1,-0.29997119987097626
CXCR3+,MS,MS71658_CSF,GSM4104124_TTGGAACTCGTATCAG-1,-0.29997119987097626
CXCR3-,MS,MS71658_CSF,GSM4104124_TTGGCAAGTCGTCTTC-1,-0.29997119987097626
CXCR3-,MS,MS71658_CSF,GSM4104124_TTGGCAATCCGGGTGT-1,-0.13982067969729636
CXCR3-,MS,MS71658_CSF,GSM4104124_TTGTAGGGTAGAGTGC-1,-0.29997119987097626
CXCR3-,MS,MS71658_CSF,GSM4104124_TTTCCTCAGTGAAGTT-1,-0.29997119987097626
CXCR3-,MS,MS71658_CSF,GSM4104124_TTTGCGCGTTCTCATT-1,0.6446118036182946
CXCR3-,MS,MS71658_CSF,GSM4104124_TTTGGTTCAGTCGATT-1,-0.29997119987097626
CXCR3+,MS,MS71658_CSF,GSM4104124_TTTGTCATCCTCGCAT-1,0.8281197951382759
CXCR3-,MS,MS71658_CSF,GSM4104124_TTTGTCATCGTCTGCT-1,-0.006066909102555996
CXCR3-,MS,MS74594_CSF,GSM4104127_AACACGTCACTTACGA-1,-0.13433743986324231
CXCR3+,MS,MS74594_CSF,GSM4104127_AACTCAGCATGGTCTA-1,-0.14136792421723546
CXCR3-,MS,MS74594_CSF,GSM4104127_AAGGCAGTCAGATAAG-1,0.14960207218820765
CXCR3-,MS,MS74594_CSF,GSM4104127_AATCGGTCACAGCCCA-1,-0.20424006593051722
CXCR3-,MS,MS74594_CSF,GSM4104127_ACACCCTCATATGGTC-1,-0.29997119987097626
CXCR3-,MS,MS74594_CSF,GSM4104127_ACAGCTATCCGCATAA-1,-0.29997119987097626
CXCR3-,MS,MS74594_CSF,GSM4104127_ACCAGTACATTGAGCT-1,0.5338775728517188
CXCR3-,MS,MS74594_CSF,GSM4104127_ACGCCGACACCGAAAG-1,-0.29997119987097626
CXCR3-,MS,MS74594_CSF,GSM4104127_ACTGAACCACATGGGA-1,-0.29997119987097626
CXCR3-,MS,MS74594_CSF,GSM4104127_AGTAGTCCATCTATGG-1,-0.29997119987097626
CXCR3+,MS,MS74594_CSF,GSM4104127_AGTGGGAGTTAGAACA-1,0.26869946279273105
CXCR3+,MS,MS74594_CSF,GSM4104127_AGTGTCATCATAACCG-1,-0.29997119987097626
CXCR3+,MS,MS74594_CSF,GSM4104127_ATCCACCAGCCGATTT-1,-0.14652429761104124
CXCR3-,MS,MS74594_CSF,GSM4104127_ATGTGTGCATGCTAGT-1,0.08481672198828184
CXCR3-,MS,MS74594_CSF,GSM4104127_ATTCTACAGATTACCC-1,-0.29997119987097626
CXCR3-,MS,MS74594_CSF,GSM4104127_ATTCTACTCGATAGAA-1,-0.14479490745825174
CXCR3-,MS,MS74594_CSF,GSM4104127_CAAGGCCTCGGAGCAA-1,0.11547612425093948
CXCR3-,MS,MS74594_CSF,GSM4104127_CAAGTTGTCAGCTTAG-1,-0.29997119987097626
CXCR3+,MS,MS74594_CSF,GSM4104127_CACATAGAGCTTCGCG-1,0.13604900015701005
CXCR3-,MS,MS74594_CSF,GSM4104127_CAGCTAAGTCTGATTG-1,-0.1972679018208256
CXCR3+,MS,MS74594_CSF,GSM4104127_CATATGGTCCTGCCAT-1,-0.1648284965602869
CXCR3-,MS,MS74594_CSF,GSM4104127_CATGCCTCAATAAGCA-1,-0.29997119987097626
CXCR3+,MS,MS74594_CSF,GSM4104127_CCACGGACATTGGGCC-1,0.5439443281433365
CXCR3-,MS,MS74594_CSF,GSM4104127_CCAGCGATCATTTGGG-1,-0.29997119987097626
CXCR3+,MS,MS74594_CSF,GSM4104127_CCTACCACACGGTGTC-1,0.09566062537003242
CXCR3-,MS,MS74594_CSF,GSM4104127_CCTCTGAAGAGACGAA-1,-0.29997119987097626
CXCR3+,MS,MS74594_CSF,GSM4104127_CGACCTTAGACTGGGT-1,0.7616800119333347
CXCR3-,MS,MS74594_CSF,GSM4104127_CGCTATCAGCCACGTC-1,0.2732849131671639
CXCR3-,MS,MS74594_CSF,GSM4104127_CGGACTGTCTCCTATA-1,-0.15530180375065653
CXCR3+,MS,MS74594_CSF,GSM4104127_CGTGAGCTCTGTCTCG-1,-0.10072997715348121
CXCR3-,MS,MS74594_CSF,GSM4104127_CGTGTCTCACGGTGTC-1,-0.14604226366926462
CXCR3+,MS,MS74594_CSF,GSM4104127_CGTTAGACAAGTAGTA-1,-0.29997119987097626
CXCR3-,MS,MS74594_CSF,GSM4104127_CGTTGGGGTTTGACTG-1,0.491935760376094
CXCR3-,MS,MS74594_CSF,GSM4104127_CTAACTTGTCTAGAGG-1,-0.29997119987097626
CXCR3+,MS,MS74594_CSF,GSM4104127_CTACACCCACCGAATT-1,0.9069421903414163
CXCR3-,MS,MS74594_CSF,GSM4104127_CTACCCATCAGCCTAA-1,-0.12757686514159097
CXCR3+,MS,MS74594_CSF,GSM4104127_CTAGAGTCAAATTGCC-1,-0.29997119987097626
CXCR3-,MS,MS74594_CSF,GSM4104127_CTCACACTCTACCTGC-1,-0.04806427846418628
CXCR3-,MS,MS74594_CSF,GSM4104127_CTGCCTAGTACCGAGA-1,-0.29997119987097626
CXCR3+,MS,MS74594_CSF,GSM4104127_CTGTGCTGTGCCTGGT-1,0.09364746553562715
CXCR3-,MS,MS74594_CSF,GSM4104127_GACTAACCAGATGGCA-1,-0.29997119987097626
CXCR3+,MS,MS74594_CSF,GSM4104127_GATGAGGGTACTCAAC-1,-0.29997119987097626
CXCR3-,MS,MS74594_CSF,GSM4104127_GATGCTATCTCCTATA-1,-0.13204595011086484
CXCR3-,MS,MS74594_CSF,GSM4104127_GCATGCGCAGGATCGA-1,-0.05970230087425108
CXCR3-,MS,MS74594_CSF,GSM4104127_GCCAAATAGAATAGGG-1,-0.29997119987097626
CXCR3+,MS,MS74594_CSF,GSM4104127_GCGGGTTTCGGAGCAA-1,-0.036295212344115264
CXCR3+,MS,MS74594_CSF,GSM4104127_GCTCCTAAGGTGATTA-1,-0.29997119987097626
CXCR3+,MS,MS74594_CSF,GSM4104127_GCTGCGAGTGCGGTAA-1,0.07294951774260243
CXCR3+,MS,MS74594_CSF,GSM4104127_GCTGGGTAGTACCGGA-1,-0.29997119987097626
CXCR3+,MS,MS74594_CSF,GSM4104127_GGAAAGCGTTACAGAA-1,0.22405008808054158
CXCR3-,MS,MS74594_CSF,GSM4104127_GGGACCTGTGCGAAAC-1,0.37079370039050497
CXCR3-,MS,MS74594_CSF,GSM4104127_GGGAGATAGTGGTAGC-1,-0.15496766371019025
CXCR3+,MS,MS74594_CSF,GSM4104127_GGTGTTAGTCTTGATG-1,-0.021529617016758866
CXCR3-,MS,MS74594_CSF,GSM4104127_GTAACTGAGGTGCTTT-1,-0.12425987510847866
CXCR3-,MS,MS74594_CSF,GSM4104127_GTATCTTAGCCCAACC-1,-0.03103655045300881
CXCR3-,MS,MS74594_CSF,GSM4104127_GTATTCTTCTGCGGCA-1,-0.29997119987097626
CXCR3-,MS,MS74594_CSF,GSM4104127_GTCATTTCATGGGACA-1,-0.29997119987097626
CXCR3-,MS,MS74594_CSF,GSM4104127_GTGCTTCGTCTCTTAT-1,0.614472268755023
CXCR3-,MS,MS74594_CSF,GSM4104127_GTTCGGGTCTGGAGCC-1,0.0072066228929023824
CXCR3-,MS,MS74594_CSF,GSM4104127_GTTCTCGGTATATGGA-1,0.09398194386449474
CXCR3-,MS,MS74594_CSF,GSM4104127_TAAGCGTAGTGTGAAT-1,-0.29997119987097626
CXCR3+,MS,MS74594_CSF,GSM4104127_TACAGTGAGATAGCAT-1,0.21410358327552595
CXCR3+,MS,MS74594_CSF,GSM4104127_TAGACCAGTGGACGAT-1,-0.29997119987097626
CXCR3-,MS,MS74594_CSF,GSM4104127_TCAGCAATCTTCGAGA-1,-0.1762207749573888
CXCR3-,MS,MS74594_CSF,GSM4104127_TCAGGATTCCGAAGAG-1,-0.29997119987097626
CXCR3-,MS,MS74594_CSF,GSM4104127_TGAAAGAAGTACGACG-1,0.08832247848865689
CXCR3-,MS,MS74594_CSF,GSM4104127_TGCACCTCAAATACAG-1,-0.05626284223233403
CXCR3-,MS,MS74594_CSF,GSM4104127_TGCTACCTCTCGGACG-1,-0.29997119987097626
CXCR3-,MS,MS74594_CSF,GSM4104127_TGGCGCACACCTGGTG-1,-0.05928852115992866
CXCR3-,MS,MS74594_CSF,GSM4104127_TGGGAAGGTAACGACG-1,-0.10475308015661791
CXCR3+,MS,MS74594_CSF,GSM4104127_TGTCCCAAGCTACCTA-1,0.6103501608494477
CXCR3+,MS,MS74594_CSF,GSM4104127_TGTTCCGAGGCGTACA-1,-0.29997119987097626
CXCR3-,MS,MS74594_CSF,GSM4104127_TTCTCCTGTCGGCATC-1,-0.14827072312481077
CXCR3+,MS,MS74594_CSF,GSM4104127_TTTGGTTTCACCTTAT-1,-0.29997119987097626
