cxcr3_group,condition,patient,cell_id,zinc_signature
CXCR3-,MS,CSF_6,AAACCTGCAATGTTGC-1,0.798960833975943
CXCR3-,MS,CSF_6,AAACCTGCATTCCTGC-1,0.2464796314408009
CXCR3-,MS,CSF_6,AAACCTGGTGTGCCTG-1,-0.18193029167846655
CXCR3-,MS,CSF_6,AAAGATGAGCGGCTTC-1,-0.6222220488034175
CXCR3-,MS,CSF_6,AAAGATGCAGCTCGAC-1,0.7290651315893355
CXCR3-,MS,CSF_6,AACACGTGTGCTGTAT-1,0.25653511797032086
CXCR3+,MS,CSF_6,AACCATGAGCACGCCT-1,-0.4786751349468671
CXCR3+,MS,CSF_6,AACCATGCAAGAAAGG-1,-0.09069652398444625
CXCR3-,MS,CSF_6,AACCATGTCCGTCAAA-1,0.515995405733597
CXCR3-,MS,CSF_6,AACCGCGTCTAACTGG-1,0.44830952590040496
CXCR3-,MS,CSF_6,AACGTTGGTCTAGCGC-1,-0.03352421960240936
CXCR3+,MS,CSF_6,AACGTTGTCCTAGTGA-1,-0.09834107806026707
CXCR3-,MS,CSF_6,AACTGGTAGAGACTTA-1,-0.09834107806026707
CXCR3-,MS,CSF_6,AAGACCTGTAGGGTAC-1,-0.09834107806026707
CXCR3-,MS,CSF_6,AAGCCGCTCTAACTTC-1,0.39812330917955635
CXCR3-,MS,CSF_6,AAGGCAGAGTTGTAGA-1,-0.09834107806026707
CXCR3-,MS,CSF_6,ACACCAAAGGGAGTAA-1,-0.6534414624935205
CXCR3+,MS,CSF_6,ACACCAAAGTCCAGGA-1,0.1698945582024957
CXCR3-,MS,CSF_6,ACACCCTCAAAGAATC-1,0.11064364702977007
CXCR3-,MS,CSF_6,ACACCCTTCAAACCGT-1,0.2806008948714808
CXCR3-,MS,CSF_6,ACACTGATCAAGAAGT-1,0.6480115799824705
CXCR3-,MS,CSF_6,ACACTGATCAGCGACC-1,0.25320874857552583
CXCR3-,MS,CSF_6,ACAGCTAAGCGTTCCG-1,-0.11124100891063378
CXCR3+,MS,CSF_6,ACATACGGTTGCGCAC-1,0.3921634252489331
CXCR3-,MS,CSF_6,ACATACGTCAAGGTAA-1,0.12206867146333719
CXCR3+,MS,CSF_6,ACATCAGCATATACGC-1,-0.10472217069815695
CXCR3-,MS,CSF_6,ACCAGTAAGATGTTAG-1,0.09229091986064586
CXCR3-,MS,CSF_6,ACGAGCCGTACCGCTG-1,-0.04271008789788534
CXCR3-,MS,CSF_6,ACGATACAGGTGTTAA-1,0.10960613367952879
CXCR3-,MS,CSF_6,ACGATGTAGCTGGAAC-1,0.04602590134752691
CXCR3-,MS,CSF_6,ACGATGTAGCTGTTCA-1,0.368045591043113
CXCR3-,MS,CSF_6,ACGATGTCAGCTGTTA-1,0.09930858319168546
CXCR3+,MS,CSF_6,ACGCCAGTCACTTCAT-1,-0.09834107806026707
CXCR3-,MS,CSF_6,ACGCCAGTCAGCATGT-1,0.21950829355028784
CXCR3-,MS,CSF_6,ACGCCGAAGGCGACAT-1,-0.09834107806026707
CXCR3+,MS,CSF_6,ACGCCGAGTGCAACTT-1,0.547192026203255
CXCR3-,MS,CSF_6,ACGGAGATCGATAGAA-1,-0.09834107806026707
CXCR3-,MS,CSF_6,ACGTCAACATGAACCT-1,-0.21531311068872805
CXCR3-,MS,CSF_6,ACTATCTTCTAACTTC-1,-0.09834107806026707
CXCR3+,MS,CSF_6,ACTATCTTCTGACCTC-1,-0.0630477089238098
CXCR3-,MS,CSF_6,ACTGAACAGAATGTTG-1,-0.09834107806026707
CXCR3-,MS,CSF_6,ACTGAACAGCTGTTCA-1,-0.09834107806026707
CXCR3+,MS,CSF_6,ACTGATGAGAGGTTAT-1,-0.09834107806026707
CXCR3-,MS,CSF_6,ACTGATGAGTTGAGAT-1,0.5046920818108861
CXCR3-,MS,CSF_6,ACTTACTTCCAAGTAC-1,0.12590973977584827
CXCR3-,MS,CSF_6,ACTTGTTGTGAAAGAG-1,0.09500287318655518
CXCR3-,MS,CSF_6,ACTTTCACAGCTGCAC-1,-0.09834107806026707
CXCR3-,MS,CSF_6,AGACGTTAGCGTAGTG-1,-0.8030587693268018
CXCR3-,MS,CSF_6,AGACGTTGTTCGTGAT-1,0.18210834785455285
CXCR3-,MS,CSF_6,AGAGCGAGTACGCTGC-1,-0.24205055091209693
CXCR3-,MS,CSF_6,AGATCTGTCAACACAC-1,0.23400855502579904
CXCR3-,MS,CSF_6,AGATCTGTCTGAGGGA-1,0.5338171078797653
CXCR3-,MS,CSF_6,AGATTGCCAAGCCGCT-1,-0.319826825113011
CXCR3-,MS,CSF_6,AGATTGCGTACCGAGA-1,-0.12414418715734746
CXCR3+,MS,CSF_6,AGCAGCCCATGAGCGA-1,0.43225797126863746
CXCR3-,MS,CSF_6,AGCAGCCTCACATAGC-1,-0.09834107806026707
CXCR3-,MS,CSF_6,AGCCTAACACCACCAG-1,-0.2979133759909912
CXCR3-,MS,CSF_6,AGCTCCTGTTGAGTTC-1,-0.09834107806026707
CXCR3+,MS,CSF_6,AGCTCCTTCTTACCTA-1,0.21308589582050336
CXCR3-,MS,CSF_6,AGGCCACCACCACGTG-1,0.3385436289312485
CXCR3-,MS,CSF_6,AGGCCGTAGGCGCTCT-1,0.29636374838588786
CXCR3+,MS,CSF_6,AGGCCGTAGTGCCAGA-1,0.19032842922433044
CXCR3-,MS,CSF_6,AGGGTGACAATGCCAT-1,0.4579020514049795
CXCR3-,MS,CSF_6,AGGTCATAGTGCAAGC-1,-0.09834107806026707
CXCR3-,MS,CSF_6,AGGTCCGGTTGCTCCT-1,0.16687787829965656
CXCR3+,MS,CSF_6,AGTAGTCGTGCGATAG-1,-0.21356164309121659
CXCR3-,MS,CSF_6,AGTGGGATCCACGAAT-1,-0.09834107806026707
CXCR3+,MS,CSF_6,ATAACGCGTGTTAAGA-1,-0.09834107806026707
CXCR3-,MS,CSF_6,ATAAGAGAGCGAAGGG-1,-0.7162801698298223
CXCR3+,MS,CSF_6,ATCATCTAGAGTAATC-1,-0.03670488121649819
CXCR3-,MS,CSF_6,ATCATGGGTAGCGCTC-1,-0.09834107806026707
CXCR3-,MS,CSF_6,ATCATGGTCAGGCCCA-1,0.346849613737711
CXCR3-,MS,CSF_6,ATCTACTAGCTGCGAA-1,-0.108125218635114
CXCR3-,MS,CSF_6,ATCTGCCTCCTTGGTC-1,0.2854266262740511
CXCR3+,MS,CSF_6,ATGAGGGGTAAACGCG-1,0.24177834046904353
CXCR3-,MS,CSF_6,ATGCGATAGTCTCAAC-1,0.48981426221143043
CXCR3-,MS,CSF_6,ATGCGATGTGAAAGAG-1,-0.09834107806026707
CXCR3-,MS,CSF_6,ATTCTACGTGGGTCAA-1,0.28399639309895786
CXCR3-,MS,CSF_6,ATTGGTGCACTAAGTC-1,-0.09834107806026707
CXCR3-,MS,CSF_6,ATTTCTGAGCGAAGGG-1,0.679606292554619
CXCR3+,MS,CSF_6,CAACCAATCGTGACAT-1,0.4513724347833236
CXCR3+,MS,CSF_6,CAACTAGCAAGCGAGT-1,0.6125888996027273
CXCR3-,MS,CSF_6,CAAGATCAGGCTCTTA-1,-0.3481203906782825
CXCR3+,MS,CSF_6,CAAGTTGTCCAAAGTC-1,0.6227083501548716
CXCR3-,MS,CSF_6,CACACAACACCAGGTC-1,-0.09834107806026707
CXCR3+,MS,CSF_6,CACACCTCACGGTGTC-1,0.6170561454067294
CXCR3+,MS,CSF_6,CACACCTTCCTGTACC-1,0.31347720843516963
CXCR3-,MS,CSF_6,CACACCTTCGTACGGC-1,-0.09834107806026707
CXCR3+,MS,CSF_6,CACAGGCCACCGCTAG-1,0.7052187253531089
CXCR3+,MS,CSF_6,CACAGGCTCACGATGT-1,0.07133093579630356
CXCR3-,MS,CSF_6,CACAGTAGTACAGCAG-1,-0.3174695025440571
CXCR3-,MS,CSF_6,CACAGTAGTCTAAAGA-1,0.2876977272882086
CXCR3-,MS,CSF_6,CACAGTATCATTTGGG-1,0.6960787289055524
CXCR3-,MS,CSF_6,CACATAGGTATCTGCA-1,0.19892631215107975
CXCR3-,MS,CSF_6,CACATAGTCGATGAGG-1,0.38316618034865263
CXCR3-,MS,CSF_6,CACCAGGAGCTCCCAG-1,0.17436962850275253
CXCR3-,MS,CSF_6,CACCAGGAGGTGCAAC-1,-0.09834107806026707
CXCR3-,MS,CSF_6,CACCTTGGTACCGTTA-1,-0.09834107806026707
CXCR3-,MS,CSF_6,CACCTTGGTTCCCGAG-1,0.5187389041573531
CXCR3-,MS,CSF_6,CACCTTGTCGCCGTGA-1,0.3378522208562559
CXCR3-,MS,CSF_6,CACTCCAGTTGATTCG-1,0.4638088836271395
CXCR3-,MS,CSF_6,CAGAATCTCATTATCC-1,0.3819935393347572
CXCR3-,MS,CSF_6,CAGCAGCGTTACGTCA-1,0.38047731206722346
CXCR3+,MS,CSF_6,CAGCATACACGGTAGA-1,-0.09834107806026707
CXCR3-,MS,CSF_6,CAGCCGACACACCGAC-1,0.14000533597740666
CXCR3-,MS,CSF_6,CAGCCGATCCTAAGTG-1,0.07727519855472643
CXCR3-,MS,CSF_6,CAGCTAACATCGGGTC-1,-0.09834107806026707
CXCR3-,MS,CSF_6,CAGCTGGGTACATCCA-1,0.40044864941090413
CXCR3-,MS,CSF_6,CAGGTGCAGTTAACGA-1,0.37219337342951675
CXCR3-,MS,CSF_6,CAGGTGCGTAAAGGAG-1,0.29546117703033203
CXCR3-,MS,CSF_6,CAGTAACGTCCTCTTG-1,0.49160236562546317
CXCR3-,MS,CSF_6,CATATGGCATTTCACT-1,0.17501168699872166
CXCR3-,MS,CSF_6,CATCAAGAGACCTAGG-1,-0.09834107806026707
CXCR3+,MS,CSF_6,CATCAAGGTTTCGCTC-1,0.37112783281661654
CXCR3-,MS,CSF_6,CATGACACACATAACC-1,0.15178319013660374
CXCR3-,MS,CSF_6,CATGACACAGGGCATA-1,0.6985748005824824
CXCR3+,MS,CSF_6,CATGCCTTCAGTCAGT-1,-0.609930544189229
CXCR3-,MS,CSF_6,CATGCCTTCCACGAAT-1,0.17286400628977172
CXCR3-,MS,CSF_6,CATGGCGCAGCCAATT-1,0.22252497014902414
CXCR3-,MS,CSF_6,CATTCGCGTCGGCTCA-1,0.6767365847049642
CXCR3-,MS,CSF_6,CCACCTATCGTAGGAG-1,0.44605169669028333
CXCR3-,MS,CSF_6,CCACGGAGTTGGAGGT-1,-0.35753651986603746
CXCR3-,MS,CSF_6,CCACGGATCTTCGAGA-1,0.08046104691304155
CXCR3-,MS,CSF_6,CCAGCGAAGGATCGCA-1,-0.09834107806026707
CXCR3+,MS,CSF_6,CCAGCGATCAACACGT-1,-0.387749480426251
CXCR3+,MS,CSF_6,CCCTCCTAGATGTTAG-1,0.059045207233994125
CXCR3-,MS,CSF_6,CCTACACGTGCAACTT-1,0.5343388411685658
CXCR3+,MS,CSF_6,CCTAGCTCATGGAATA-1,-0.366229315981188
CXCR3-,MS,CSF_6,CCTAGCTTCGACGGAA-1,-0.32066918689742435
CXCR3-,MS,CSF_6,CCTCTGAAGCGATTCT-1,0.8269232466303739
CXCR3+,MS,CSF_6,CCTCTGACAAGTACCT-1,-0.22528758362900694
CXCR3-,MS,CSF_6,CCTTTCTCAGCCAATT-1,-0.09834107806026707
CXCR3-,MS,CSF_6,CCTTTCTGTATGAATG-1,0.3687629618906723
CXCR3-,MS,CSF_6,CGAACATGTCGGATCC-1,-0.09834107806026707
CXCR3-,MS,CSF_6,CGAACATGTTATCGGT-1,0.06645612626469298
CXCR3-,MS,CSF_6,CGAACATTCAGGCCCA-1,1.279719886354515
CXCR3-,MS,CSF_6,CGAATGTCAAGCCTAT-1,-0.09834107806026707
CXCR3-,MS,CSF_6,CGACTTCTCCTTGCCA-1,-0.09834107806026707
CXCR3-,MS,CSF_6,CGAGAAGGTGCCTTGG-1,0.42128052596482884
CXCR3+,MS,CSF_6,CGAGCCAGTACAGTTC-1,0.39111231225999976
CXCR3-,MS,CSF_6,CGAGCCATCTTCAACT-1,0.38923406743994676
CXCR3+,MS,CSF_6,CGATGGCTCAAAGACA-1,0.19572799137149216
CXCR3+,MS,CSF_6,CGATGTAAGGATGCGT-1,-0.09834107806026707
CXCR3+,MS,CSF_6,CGATGTAGTCGGATCC-1,-0.24653167767874354
CXCR3-,MS,CSF_6,CGATTGACATTCTCAT-1,0.647089816804126
CXCR3+,MS,CSF_6,CGCCAAGCATCCGCGA-1,-0.3943220456929636
CXCR3-,MS,CSF_6,CGCGTTTTCCCGGATG-1,-0.09834107806026707
CXCR3+,MS,CSF_6,CGCTGGAAGACTAGAT-1,-0.05085824097256991
CXCR3-,MS,CSF_6,CGCTGGATCACTTACT-1,0.05788961374600559
CXCR3-,MS,CSF_6,CGCTTCAAGGAGTTTA-1,-0.04656377986382693
CXCR3-,MS,CSF_6,CGGACTGAGCCACTAT-1,0.20263779769806556
CXCR3-,MS,CSF_6,CGGAGCTAGGGCACTA-1,-0.3491688694740501
CXCR3-,MS,CSF_6,CGGAGTCAGCCACGTC-1,-0.16415389542204295
CXCR3+,MS,CSF_6,CGGAGTCTCAACCATG-1,-0.04201963637018175
CXCR3-,MS,CSF_6,CGGGTCATCCAGAAGG-1,-0.5552130253635039
CXCR3-,MS,CSF_6,CGGGTCATCGCCAAAT-1,0.5184961452979818
CXCR3-,MS,CSF_6,CGGTTAAAGCTCTCGG-1,0.04509285764143122
CXCR3-,MS,CSF_6,CGGTTAACAAGCGCTC-1,0.36943219184370363
CXCR3+,MS,CSF_6,CGTAGCGAGCAAATCA-1,0.11860925057628131
CXCR3-,MS,CSF_6,CGTAGCGCAGTATAAG-1,-0.09834107806026707
CXCR3-,MS,CSF_6,CGTCACTAGGATTCGG-1,-0.09834107806026707
CXCR3-,MS,CSF_6,CGTCACTCAAGTAGTA-1,0.10372615965907893
CXCR3-,MS,CSF_6,CGTCACTCAGTAACGG-1,0.20423006889923578
CXCR3+,MS,CSF_6,CGTCAGGGTCACCCAG-1,0.34823763727859686
CXCR3+,MS,CSF_6,CGTCCATGTGACCAAG-1,0.43526304760573076
CXCR3-,MS,CSF_6,CGTCTACAGAGAGCTC-1,-0.09834107806026707
CXCR3-,MS,CSF_6,CGTCTACCAGTCGTGC-1,0.17729623266563113
CXCR3-,MS,CSF_6,CGTGAGCCAGACGCAA-1,-0.42221049475388245
CXCR3-,MS,CSF_6,CGTGTAAGTATCGCAT-1,0.7527705935092259
CXCR3+,MS,CSF_6,CGTGTAAGTCTTCGTC-1,0.07763113087844428
CXCR3-,MS,CSF_6,CGTGTCTAGCTTTGGT-1,0.2322235313982274
CXCR3+,MS,CSF_6,CGTGTCTGTAGAGCTG-1,-0.20893659598737443
CXCR3-,MS,CSF_6,CGTGTCTGTCGACTAT-1,-0.09834107806026707
CXCR3-,MS,CSF_6,CGTTAGACATCGTCGG-1,0.6081492693458441
CXCR3-,MS,CSF_6,CGTTCTGCATTTGCCC-1,0.28951652307673675
CXCR3-,MS,CSF_6,CTAACTTTCACAAACC-1,0.8827645163996619
CXCR3-,MS,CSF_6,CTAAGACGTGTTTGTG-1,0.19304307878331
CXCR3-,MS,CSF_6,CTACACCCATGCAACT-1,-0.09834107806026707
CXCR3-,MS,CSF_6,CTACATTCAATCAGAA-1,-0.4805612490664708
CXCR3-,MS,CSF_6,CTACCCAAGTGTCCCG-1,0.3783818374902144
CXCR3-,MS,CSF_6,CTACGTCCACGACGAA-1,0.24601401443110332
CXCR3-,MS,CSF_6,CTAGAGTGTGTGGCTC-1,0.28439780201879616
CXCR3-,MS,CSF_6,CTAGTGACATTTCACT-1,0.6900688275079913
CXCR3-,MS,CSF_6,CTCAGAAAGAGACGAA-1,0.40247114494622577
CXCR3-,MS,CSF_6,CTCAGAAGTGCAGACA-1,0.17160568230491752
CXCR3-,MS,CSF_6,CTCAGAATCCAAGCCG-1,0.9244263383187258
CXCR3-,MS,CSF_6,CTCGAGGTCAGGTAAA-1,-0.23969861444647814
CXCR3-,MS,CSF_6,CTCGGAGCAAGCGCTC-1,0.3840295172723898
CXCR3-,MS,CSF_6,CTCGTACCAGCGTTCG-1,-0.5099598044018371
CXCR3+,MS,CSF_6,CTCGTCACAATCCGAT-1,-0.21428251114132504
CXCR3-,MS,CSF_6,CTCTGGTTCATGTCTT-1,-0.35427764511053833
CXCR3-,MS,CSF_6,CTGAAACAGATGTGGC-1,-0.09834107806026707
CXCR3+,MS,CSF_6,CTGATCCGTTCTGTTT-1,-0.22307621967114596
CXCR3+,MS,CSF_6,CTGCCTAAGCTGTCTA-1,-0.17538928718097305
CXCR3-,MS,CSF_6,CTGCCTACAATGGAGC-1,-0.1307634950539461
CXCR3-,MS,CSF_6,CTGCTGTAGAACTCGG-1,0.2527190039798099
CXCR3-,MS,CSF_6,CTGCTGTGTTGAGTTC-1,-0.19226479426070525
CXCR3-,MS,CSF_6,CTGTGCTCAACTTGAC-1,0.48819574539077415
CXCR3-,MS,CSF_6,CTGTTTATCCCAAGAT-1,0.12082019067893099
CXCR3-,MS,CSF_6,CTTAACTAGTGTGGCA-1,0.0906693151514787
CXCR3-,MS,CSF_6,CTTAGGATCATATCGG-1,-0.3288280062400561
CXCR3-,MS,CSF_6,CTTCTCTCAAGAAGAG-1,0.46441514388021127
CXCR3-,MS,CSF_6,CTTGGCTCATGCTGGC-1,0.1632139194880207
CXCR3-,MS,CSF_6,CTTGGCTGTAGCCTCG-1,0.32739643480614006
CXCR3-,MS,CSF_6,GAACGGATCTACCAGA-1,0.12261129518939584
CXCR3-,MS,CSF_6,GAAGCAGGTTTAAGCC-1,0.15424973980509835
CXCR3-,MS,CSF_6,GAAGCAGTCATGCTCC-1,-0.09834107806026707
CXCR3-,MS,CSF_6,GAAGCAGTCCCACTTG-1,-0.32924188613400585
CXCR3+,MS,CSF_6,GAATAAGCATCACCCT-1,-0.5128794278013686
CXCR3-,MS,CSF_6,GAATGAAAGAAACCAT-1,0.38935445584498
CXCR3-,MS,CSF_6,GACCAATCAATTCCTT-1,0.0965932053070883
CXCR3-,MS,CSF_6,GACTAACTCCATGAGT-1,-0.23824757020090134
CXCR3-,MS,CSF_6,GACTACAAGGTTACCT-1,0.13596697609553274
CXCR3+,MS,CSF_6,GAGCAGAAGCCAGTAG-1,0.42869304185762347
CXCR3-,MS,CSF_6,GAGCAGACAAACTGCT-1,0.05902424105906901
CXCR3-,MS,CSF_6,GAGCAGATCTCAACTT-1,0.09245008610873763
CXCR3+,MS,CSF_6,GAGGTGAAGAGTCTGG-1,0.113100328671575
CXCR3+,MS,CSF_6,GAGGTGATCAGCGATT-1,0.2794523844226657
CXCR3-,MS,CSF_6,GATCAGTCAAGCCGCT-1,0.12653716741611803
CXCR3+,MS,CSF_6,GATCGATAGCGAAGGG-1,0.22379938373068234
CXCR3+,MS,CSF_6,GATCTAGAGTATGACA-1,0.16239040447947417
CXCR3-,MS,CSF_6,GATCTAGCAACGATGG-1,0.3803930761512385
CXCR3+,MS,CSF_6,GATCTAGGTAGCGTGA-1,-0.09834107806026707
CXCR3-,MS,CSF_6,GATCTAGTCATTATCC-1,0.12252499933091078
CXCR3+,MS,CSF_6,GATGCTATCGCACTCT-1,-0.2652463681828429
CXCR3-,MS,CSF_6,GATTCAGTCGCTTAGA-1,-0.6357351640026724
CXCR3-,MS,CSF_6,GCAAACTGTCAACTGT-1,0.6126439212002672
CXCR3-,MS,CSF_6,GCAATCATCTCGTTTA-1,0.6444163616893055
CXCR3-,MS,CSF_6,GCACTCTGTAAGTTCC-1,-0.09834107806026707
CXCR3-,MS,CSF_6,GCAGCCAAGTCCAGGA-1,-0.3180144748883341
CXCR3+,MS,CSF_6,GCATGCGAGGATTCGG-1,-0.3031714229297821
CXCR3-,MS,CSF_6,GCATGCGTCTAGCACA-1,-0.19397150526857962
CXCR3-,MS,CSF_6,GCATGTAAGTGGGCTA-1,0.11332171900488117
CXCR3-,MS,CSF_6,GCATGTAGTCACCCAG-1,0.11768337256259828
CXCR3-,MS,CSF_6,GCATGTAGTTATCGGT-1,0.0887057071571595
CXCR3-,MS,CSF_6,GCCTCTAAGAGTGAGA-1,-0.09834107806026707
CXCR3-,MS,CSF_6,GCGAGAAAGCTACCTA-1,0.28499671238649044
CXCR3-,MS,CSF_6,GCGCAGTCAGATCGGA-1,-0.09834107806026707
CXCR3+,MS,CSF_6,GCGCCAACACTGTGTA-1,0.06516371857846524
CXCR3-,MS,CSF_6,GCGCGATAGTTCGCGC-1,0.4982199713540223
CXCR3-,MS,CSF_6,GCTCTGTTCATGCATG-1,-0.21342426612047483
CXCR3-,MS,CSF_6,GCTCTGTTCCTCAACC-1,0.22503756794873195
CXCR3-,MS,CSF_6,GCTGCAGTCTCCAACC-1,-0.09834107806026707
CXCR3+,MS,CSF_6,GCTTCCACATCACAAC-1,0.7161747041486184
CXCR3-,MS,CSF_6,GCTTGAACAGGCTGAA-1,0.20616058161422757
CXCR3-,MS,CSF_6,GCTTGAAGTATGCTTG-1,0.9438626956914346
CXCR3-,MS,CSF_6,GGACATTAGCGTAATA-1,-0.09834107806026707
CXCR3+,MS,CSF_6,GGACGTCTCACAAACC-1,-0.300041506586935
CXCR3-,MS,CSF_6,GGACGTCTCCGAGCCA-1,0.3475601456975134
CXCR3-,MS,CSF_6,GGCCGATAGCGCTTAT-1,0.7630819915788207
CXCR3+,MS,CSF_6,GGCCGATCAACTGCTA-1,0.037722827646225796
CXCR3-,MS,CSF_6,GGCTCGATCAAACAAG-1,0.08437395871784666
CXCR3-,MS,CSF_6,GGGAATGAGAATGTGT-1,0.31430601843392963
CXCR3-,MS,CSF_6,GGGAATGCAAGAAGAG-1,0.12831717952167004
CXCR3-,MS,CSF_6,GGGACCTCAAGCTGGA-1,0.2072188848688235
CXCR3+,MS,CSF_6,GGGACCTTCATAGCAC-1,0.32904569208437356
CXCR3-,MS,CSF_6,GGGAGATAGAGACTTA-1,0.31037127953060206
CXCR3-,MS,CSF_6,GGGAGATTCAGTTGAC-1,-0.09834107806026707
CXCR3-,MS,CSF_6,GGGATGAGTCCTAGCG-1,-0.09834107806026707
CXCR3-,MS,CSF_6,GGGCACTTCGCATGAT-1,-0.07711079035985736
CXCR3-,MS,CSF_6,GGGTCTGGTGTGACCC-1,0.1249109398490116
CXCR3-,MS,CSF_6,GGGTCTGTCGCTAGCG-1,0.060619202551649154
CXCR3-,MS,CSF_6,GGGTTGCGTAAGGGAA-1,0.3010655230413099
CXCR3+,MS,CSF_6,GGGTTGCTCACCACCT-1,-0.23981636921081662
CXCR3-,MS,CSF_6,GGTGAAGCAACGATGG-1,-0.09834107806026707
CXCR3-,MS,CSF_6,GGTGCGTGTTTGGGCC-1,0.22295406500728668
CXCR3-,MS,CSF_6,GGTGTTAAGTAGTGCG-1,-0.32197451015937695
CXCR3+,MS,CSF_6,GTAACGTGTCATCGGC-1,-0.09834107806026707
CXCR3-,MS,CSF_6,GTACGTAGTAGCGTGA-1,0.2259035857441318
CXCR3-,MS,CSF_6,GTACTCCAGTGCCATT-1,0.17891143834805565
CXCR3-,MS,CSF_6,GTACTCCCAGCCACCA-1,0.12486988674348017
CXCR3+,MS,CSF_6,GTACTTTGTCACAAGG-1,-0.21746239580548138
CXCR3-,MS,CSF_6,GTAGGCCCAGTCAGCC-1,-0.4003381719747295
CXCR3-,MS,CSF_6,GTATTCTAGCGAGAAA-1,-0.09834107806026707
CXCR3-,MS,CSF_6,GTCATTTAGGGCATGT-1,-0.234225969769347
CXCR3-,MS,CSF_6,GTCGGGTAGAGTCTGG-1,0.2149140001706617
CXCR3-,MS,CSF_6,GTCGTAACAGTCGTGC-1,-0.09834107806026707
CXCR3-,MS,CSF_6,GTGAAGGTCGGTTCGG-1,-0.09834107806026707
CXCR3-,MS,CSF_6,GTGCAGCTCGCGATCG-1,0.22345513515104784
CXCR3+,MS,CSF_6,GTGCATAGTCCCTTGT-1,-0.09834107806026707
CXCR3-,MS,CSF_6,GTGCATATCGAGAACG-1,0.33303105087656126
CXCR3-,MS,CSF_6,GTGGGTCAGGTAAACT-1,-0.09834107806026707
CXCR3+,MS,CSF_6,GTTCATTGTTCACCTC-1,-0.5175178991010361
CXCR3-,MS,CSF_6,GTTCATTTCGGAATCT-1,-0.6565936756796498
CXCR3-,MS,CSF_6,GTTCGGGAGCCGATTT-1,0.0853508392538347
CXCR3-,MS,CSF_6,GTTCGGGCACCTCGGA-1,0.1968587012242151
CXCR3-,MS,CSF_6,GTTCTCGGTGTAACGG-1,0.3883352015156123
CXCR3+,MS,CSF_6,GTTTCTACAGGTCTCG-1,0.26654847675147236
CXCR3+,MS,CSF_6,GTTTCTATCGGCGGTT-1,-0.7935723223670738
CXCR3-,MS,CSF_6,TAAGCGTGTCTAGTCA-1,0.3751924240638432
CXCR3-,MS,CSF_6,TAAGCGTGTTTCGCTC-1,0.3198145875442381
CXCR3-,MS,CSF_6,TAAGTGCAGGTCATCT-1,-0.09834107806026707
CXCR3-,MS,CSF_6,TACAGTGCAGATGGCA-1,-0.5684486678182473
CXCR3-,MS,CSF_6,TACCTATGTGCCTTGG-1,0.18143912266898785
CXCR3-,MS,CSF_6,TACGGATAGAAGGCCT-1,-0.09834107806026707
CXCR3+,MS,CSF_6,TACGGTAGTTAAGACA-1,-0.09834107806026707
CXCR3-,MS,CSF_6,TACTCGCCAAGCGATG-1,-0.09834107806026707
CXCR3+,MS,CSF_6,TACTTACGTAACGCGA-1,0.05904030981479818
CXCR3-,MS,CSF_6,TAGAGCTAGCGTAGTG-1,-0.1246519558231276
CXCR3-,MS,CSF_6,TAGAGCTCAAGGTTTC-1,-0.3475913126644504
CXCR3+,MS,CSF_6,TAGAGCTGTTCATGGT-1,0.21335356901286168
CXCR3-,MS,CSF_6,TAGGCATTCGAATGCT-1,-0.39294504610543773
CXCR3-,MS,CSF_6,TCAACGAAGACCTTTG-1,0.2191508542604626
CXCR3-,MS,CSF_6,TCAACGACACCAACCG-1,0.15563195826993814
CXCR3-,MS,CSF_6,TCAACGATCCCGGATG-1,0.03911364179630589
CXCR3-,MS,CSF_6,TCAATCTGTCAGTGGA-1,0.2601648871418714
CXCR3-,MS,CSF_6,TCACAAGCACCCATTC-1,0.17771217645163598
CXCR3-,MS,CSF_6,TCACAAGCAGCCACCA-1,0.06470843818734316
CXCR3-,MS,CSF_6,TCAGATGAGAACAACT-1,0.48040314993360533
CXCR3-,MS,CSF_6,TCAGATGAGTCCGGTC-1,0.24677744484101022
CXCR3-,MS,CSF_6,TCAGATGTCTTGTATC-1,0.14821696103024679
CXCR3-,MS,CSF_6,TCAGCAACATCACCCT-1,-0.514369631593848
CXCR3-,MS,CSF_6,TCAGCAAGTCGGATCC-1,0.18151336908945556
CXCR3-,MS,CSF_6,TCAGCTCTCTAACGGT-1,0.08113473893488533
CXCR3-,MS,CSF_6,TCAGGATCACATGACT-1,-0.09834107806026707
CXCR3-,MS,CSF_6,TCAGGATTCTTCGGTC-1,0.11799662791080119
CXCR3-,MS,CSF_6,TCATTACAGATACACA-1,0.0621567944646693
CXCR3-,MS,CSF_6,TCATTTGGTCTAGAGG-1,-0.010493840368201541
CXCR3-,MS,CSF_6,TCCACACCAGAGTGTG-1,0.3687088715083702
CXCR3-,MS,CSF_6,TCCACACGTACTTCTT-1,-0.3353829656797863
CXCR3-,MS,CSF_6,TCGCGAGCAAGTAGTA-1,-0.09834107806026707
CXCR3-,MS,CSF_6,TCGCGTTCACTGCCAG-1,-0.43409558092163325
CXCR3-,MS,CSF_6,TCGGGACAGAGATGAG-1,0.6021870566830566
CXCR3-,MS,CSF_6,TCGGGACAGTGTGAAT-1,0.2561810518993558
CXCR3+,MS,CSF_6,TCGGGACGTCCGCTGA-1,0.14937495594856928
CXCR3-,MS,CSF_6,TCGGTAAAGAAACGCC-1,0.25045841974905086
CXCR3+,MS,CSF_6,TCGGTAAGTTAGGGTG-1,0.38231933296572534
CXCR3-,MS,CSF_6,TCGTACCTCCACGCAG-1,-0.5126448647315561
CXCR3+,MS,CSF_6,TCGTAGATCCTCCTAG-1,-0.2487055292179337
CXCR3-,MS,CSF_6,TCTATTGAGACAGGCT-1,-0.11235737444016167
CXCR3-,MS,CSF_6,TCTGAGAGTCATATGC-1,0.46389933770943514
CXCR3-,MS,CSF_6,TCTTCGGCAGATCTGT-1,0.11904825610798252
CXCR3-,MS,CSF_6,TCTTCGGTCGCCATAA-1,0.596767547989152
CXCR3-,MS,CSF_6,TGAAAGAAGAGTTGGC-1,-0.08916315321831161
CXCR3-,MS,CSF_6,TGACAACAGTTCGCAT-1,0.05999162150874388
CXCR3-,MS,CSF_6,TGACAACTCCATGAGT-1,-0.033922397543026075
CXCR3-,MS,CSF_6,TGACGGCGTGTGCGTC-1,0.5116796081677487
CXCR3-,MS,CSF_6,TGAGCATCACTCTGTC-1,-0.09834107806026707
CXCR3+,MS,CSF_6,TGAGCATCACTGTTAG-1,-0.02656401143675307
CXCR3+,MS,CSF_6,TGAGCCGCAGACGCAA-1,-0.2042576050527603
CXCR3-,MS,CSF_6,TGAGGGAGTGACGGTA-1,0.1138625958060558
CXCR3-,MS,CSF_6,TGCACCTGTCAACATC-1,0.4759182121898601
CXCR3-,MS,CSF_6,TGCCAAATCCTCAATT-1,-0.09834107806026707
CXCR3-,MS,CSF_6,TGCGCAGAGGGTCGAT-1,0.1871077443097471
CXCR3+,MS,CSF_6,TGCGTGGCAGACAGGT-1,0.32076296631542434
CXCR3-,MS,CSF_6,TGCGTGGGTGTGAAAT-1,-0.09834107806026707
CXCR3-,MS,CSF_6,TGCTACCAGGAGTTTA-1,0.3569873216080935
CXCR3-,MS,CSF_6,TGCTACCGTGATAAAC-1,-0.08672032375570413
CXCR3+,MS,CSF_6,TGCTGCTAGTCCCACG-1,-0.10310799562712263
CXCR3-,MS,CSF_6,TGGCCAGTCTGTACGA-1,-0.19331257206620903
CXCR3+,MS,CSF_6,TGGCGCAAGTGTCTCA-1,0.2189713856177424
CXCR3-,MS,CSF_6,TGGCGCAGTCCCTTGT-1,-0.21246332090781436
CXCR3+,MS,CSF_6,TGGTTAGAGAAACCTA-1,0.07016859988367538
CXCR3-,MS,CSF_6,TGGTTAGCATCTCGCT-1,0.10085545038633027
CXCR3-,MS,CSF_6,TGGTTAGTCATATCGG-1,-0.7487744113313557
CXCR3-,MS,CSF_6,TGGTTCCAGTTGAGAT-1,-0.11467636468831036
CXCR3-,MS,CSF_6,TGTATTCGTTAGTGGG-1,0.8279730620368593
CXCR3-,MS,CSF_6,TGTGGTAGTGATGATA-1,0.1466538104182666
CXCR3-,MS,CSF_6,TGTGTTTAGTAGGCCA-1,0.4343439137994591
CXCR3-,MS,CSF_6,TGTTCCGTCAAACAAG-1,-0.09834107806026707
CXCR3-,MS,CSF_6,TGTTCCGTCGTACGGC-1,0.09315010571034657
CXCR3-,MS,CSF_6,TTAGGACGTAAACGCG-1,0.08297190720711388
CXCR3-,MS,CSF_6,TTAGGACTCTAGAGTC-1,0.0690403735914319
CXCR3-,MS,CSF_6,TTAGGCATCTGCGTAA-1,-0.09834107806026707
CXCR3-,MS,CSF_6,TTATGCTTCAGTTCGA-1,0.6591565889958186
CXCR3-,MS,CSF_6,TTATGCTTCGCGTAGC-1,0.18882893881207866
CXCR3-,MS,CSF_6,TTCCCAGAGGGAAACA-1,0.4030178815832124
CXCR3-,MS,CSF_6,TTCGAAGCACCTATCC-1,-0.09834107806026707
CXCR3+,MS,CSF_6,TTCGAAGCATGCGCAC-1,0.2758660363156324
CXCR3-,MS,CSF_6,TTCGGTCGTATGAAAC-1,-0.09834107806026707
CXCR3-,MS,CSF_6,TTCGGTCTCGCTAGCG-1,0.2558549210968642
CXCR3-,MS,CSF_6,TTCTACACATCACGAT-1,0.24832283940886554
CXCR3-,MS,CSF_6,TTCTACATCACAAACC-1,0.8767188599180097
CXCR3-,MS,CSF_6,TTCTCCTAGAATGTTG-1,0.2866298191746554
CXCR3-,MS,CSF_6,TTCTCCTTCTTAGCCC-1,-0.09834107806026707
CXCR3-,MS,CSF_6,TTGAACGGTCTCCCTA-1,-0.29641370611726775
CXCR3-,MS,CSF_6,TTGCGTCTCCTTTCGG-1,0.1753946400333741
CXCR3-,MS,CSF_6,TTGGAACCAAATACAG-1,0.7180610979841333
CXCR3-,MS,CSF_6,TTGGCAAAGTGTCCCG-1,0.11328692955522886
CXCR3-,MS,CSF_6,TTTACTGAGACGCAAC-1,-0.09834107806026707
CXCR3-,MS,CSF_6,TTTATGCAGTAGTGCG-1,0.11573651786494572
CXCR3+,MS,CSF_6,TTTCCTCTCTTGCAAG-1,0.9760404508029678
CXCR3-,MS,CSF_6,TTTGTCAGTTCGTGAT-1,-0.43577313402636575
CXCR3-,MS,CSF_7,AAACCTGCAGTATGCT-1,-0.2112392962924705
CXCR3+,MS,CSF_7,AAACGGGCACCGGAAA-1,0.3198111156314806
CXCR3-,MS,CSF_7,AAAGATGAGCTGAAAT-1,-0.09834107806026707
CXCR3+,MS,CSF_7,AAAGATGTCTAGAGTC-1,0.7651416098489063
CXCR3-,MS,CSF_7,AACCATGGTGCCTGTG-1,-0.09834107806026707
CXCR3+,MS,CSF_7,AACTCAGAGCCACGTC-1,0.38988270052030166
CXCR3-,MS,CSF_7,AAGCCGCCAGACAAGC-1,-0.04953654477849139
CXCR3-,MS,CSF_7,AAGGCAGCATTAACCG-1,-0.7999124335113208
CXCR3+,MS,CSF_7,AAGGTTCCACCAGGCT-1,0.13413480714236695
CXCR3-,MS,CSF_7,AAGGTTCGTCATGCAT-1,-0.09834107806026707
CXCR3-,MS,CSF_7,AAGTCTGAGGACATTA-1,-0.6561954814741766
CXCR3+,MS,CSF_7,AAGTCTGCATGTCGAT-1,0.1275444752013357
CXCR3-,MS,CSF_7,ACACCAAAGGAGCGAG-1,-0.4596755206941792
CXCR3-,MS,CSF_7,ACATACGCATGGATGG-1,-0.20215386990367112
CXCR3-,MS,CSF_7,ACATACGGTCATGCAT-1,0.42469784608487854
CXCR3-,MS,CSF_7,ACATCAGGTCTAGGTT-1,-0.01683108633116248
CXCR3-,MS,CSF_7,ACATCAGTCAAGCCTA-1,-0.4035911668307047
CXCR3-,MS,CSF_7,ACATGGTAGGAATCGC-1,-0.16484660173996818
CXCR3-,MS,CSF_7,ACCCACTAGGCATGTG-1,-0.019778829370507584
CXCR3+,MS,CSF_7,ACCCACTTCTGCTGTC-1,-0.028093532238555357
CXCR3-,MS,CSF_7,ACCGTAACAACAACCT-1,0.06282081178584176
CXCR3+,MS,CSF_7,ACCTTTACATAGAAAC-1,-0.09834107806026707
CXCR3-,MS,CSF_7,ACCTTTAGTAAATGAC-1,0.5302843288853739
CXCR3-,MS,CSF_7,ACCTTTAGTCTAACGT-1,-0.11550058475186623
CXCR3+,MS,CSF_7,ACGAGCCAGGAGCGAG-1,0.23512575417109147
CXCR3+,MS,CSF_7,ACGATACAGCACACAG-1,0.4309341142912183
CXCR3-,MS,CSF_7,ACGATACCATGACATC-1,0.17985042874289608
CXCR3+,MS,CSF_7,ACGATACGTTGAGTTC-1,-0.40907989033240477
CXCR3-,MS,CSF_7,ACGATACTCCACTGGG-1,0.07447621608679357
CXCR3+,MS,CSF_7,ACGATGTTCCTTTCGG-1,0.12666989421138145
CXCR3-,MS,CSF_7,ACGCAGCCACTGTCGG-1,0.18990049355913344
CXCR3-,MS,CSF_7,ACGCCAGAGAATAGGG-1,-0.03204111065402287
CXCR3-,MS,CSF_7,ACGGCCACAAACAACA-1,-0.09834107806026707
CXCR3+,MS,CSF_7,ACGTCAAGTCATACTG-1,0.2714248320922399
CXCR3-,MS,CSF_7,ACTATCTAGTTCGATC-1,0.22040219011880105
CXCR3+,MS,CSF_7,ACTGATGCACAGACAG-1,0.3801926872320184
CXCR3-,MS,CSF_7,ACTTACTGTACCCAAT-1,0.17911658724269122
CXCR3-,MS,CSF_7,AGAGCGAAGGTGCTAG-1,-0.15429347891000944
CXCR3-,MS,CSF_7,AGAGCGACAACCGCCA-1,0.06710240727475672
CXCR3-,MS,CSF_7,AGAGCGAGTCGAACAG-1,0.08695868491578085
CXCR3-,MS,CSF_7,AGAGCGATCTGGCGTG-1,0.27832658047895004
CXCR3-,MS,CSF_7,AGAGCTTAGTGTTTGC-1,-0.24275964201178216
CXCR3-,MS,CSF_7,AGAGCTTGTTCGCGAC-1,0.43397355472211363
CXCR3-,MS,CSF_7,AGCGTCGCACGCCAGT-1,-0.09834107806026707
CXCR3+,MS,CSF_7,AGCTCCTTCCGTACAA-1,-0.5369244760746786
CXCR3+,MS,CSF_7,AGCTTGAAGTGGAGAA-1,-0.3209293848648797
CXCR3+,MS,CSF_7,AGGGTGAAGTGCAAGC-1,0.4383206621962775
CXCR3-,MS,CSF_7,AGGTCATAGTCAATAG-1,0.0943318934854118
CXCR3-,MS,CSF_7,AGTAGTCAGCTGGAAC-1,-0.11031804714195283
CXCR3-,MS,CSF_7,AGTGGGAAGACGCTTT-1,0.025478394684057316
CXCR3-,MS,CSF_7,ATAACGCGTACAGCAG-1,0.3611010450654562
CXCR3-,MS,CSF_7,ATAAGAGGTCAAAGCG-1,0.1371400087923141
CXCR3-,MS,CSF_7,ATAGACCAGACGCAAC-1,0.8111168924829152
CXCR3+,MS,CSF_7,ATAGACCTCTGCTGCT-1,-0.047008346982361095
CXCR3+,MS,CSF_7,ATCACGAGTAAGCACG-1,0.28596752910985745
CXCR3-,MS,CSF_7,ATCATCTAGCTACCGC-1,0.7016913598873282
CXCR3+,MS,CSF_7,ATCCGAACAAGTCATC-1,-0.6166860129290921
CXCR3-,MS,CSF_7,ATCCGAACATAGAAAC-1,-0.4839314113481734
CXCR3-,MS,CSF_7,ATCCGAAGTTAAGAAC-1,0.17801648601387213
CXCR3+,MS,CSF_7,ATCTACTGTCTAGAGG-1,-0.11670820271964177
CXCR3+,MS,CSF_7,ATCTGCCGTCTGATTG-1,-0.09834107806026707
CXCR3-,MS,CSF_7,ATCTGCCTCTCCAACC-1,-0.9213567159783809
CXCR3+,MS,CSF_7,ATTACTCGTTAAGAAC-1,0.2769140256552783
CXCR3-,MS,CSF_7,ATTGGTGCATTGTGCA-1,-0.919938199004812
CXCR3-,MS,CSF_7,CAACCAAAGCCACTAT-1,0.1630093726376911
CXCR3-,MS,CSF_7,CAACCTCCAGGGAGAG-1,0.4367143994703287
CXCR3-,MS,CSF_7,CAACTAGTCTCCCTGA-1,-0.08481211948639182
CXCR3+,MS,CSF_7,CAAGAAAGTGGGTCAA-1,-0.09834107806026707
CXCR3-,MS,CSF_7,CAAGAAATCGGTGTTA-1,-0.09834107806026707
CXCR3-,MS,CSF_7,CAAGATCCACCGAATT-1,-0.09834107806026707
CXCR3+,MS,CSF_7,CAAGTTGTCCTATGTT-1,-0.10018553021693967
CXCR3-,MS,CSF_7,CACACCTAGACACTAA-1,-0.09834107806026707
CXCR3+,MS,CSF_7,CACACTCCATTACCTT-1,0.5407316466581712
CXCR3-,MS,CSF_7,CACATTTGTCTAGCCG-1,0.06695973305609906
CXCR3-,MS,CSF_7,CACATTTTCGGTCCGA-1,-0.01878611623108612
CXCR3-,MS,CSF_7,CACCACTAGTGCCAGA-1,-0.08665729014489014
CXCR3+,MS,CSF_7,CAGAATCCACATTCGA-1,0.32425372843922834
CXCR3-,MS,CSF_7,CAGCATAGTGCATCTA-1,0.339357201869631
CXCR3-,MS,CSF_7,CAGCGACTCTCCTATA-1,0.25825471104590975
CXCR3+,MS,CSF_7,CAGCTAACAGCTTCGG-1,-0.019389974689184304
CXCR3+,MS,CSF_7,CATCAGATCTGTCTAT-1,-0.09834107806026707
CXCR3-,MS,CSF_7,CATGACAAGGAGCGTT-1,-0.257594379253413
CXCR3-,MS,CSF_7,CATTATCTCCGCGGTA-1,-0.5441234075836892
CXCR3-,MS,CSF_7,CCAATCCTCCTCAACC-1,0.16357427121122825
CXCR3+,MS,CSF_7,CCAGCGAAGCCGCCTA-1,0.3780119402471879
CXCR3-,MS,CSF_7,CCCAGTTGTCACCCAG-1,0.1136152433239778
CXCR3-,MS,CSF_7,CCGGTAGGTCTTGCGG-1,0.05857872139388222
CXCR3-,MS,CSF_7,CCGTACTAGAAGGCCT-1,0.305489911760053
CXCR3-,MS,CSF_7,CCGTACTCAAGTAGTA-1,-0.09834107806026707
CXCR3-,MS,CSF_7,CCGTTCATCCTGCAGG-1,-0.024161552784625777
CXCR3-,MS,CSF_7,CCTACCAAGTAGGTGC-1,0.12487270361504445
CXCR3-,MS,CSF_7,CCTACCATCCCTTGCA-1,0.12750397162964205
CXCR3+,MS,CSF_7,CCTATTATCTGTCCGT-1,-0.09834107806026707
CXCR3-,MS,CSF_7,CCTCAGTGTTCCAACA-1,-0.09834107806026707
CXCR3-,MS,CSF_7,CCTTCGAGTATTAGCC-1,0.15969981267582414
CXCR3-,MS,CSF_7,CCTTTCTAGGTGATAT-1,-0.4443521359800813
CXCR3-,MS,CSF_7,CGAACATAGTGGAGTC-1,0.41406462101419095
CXCR3-,MS,CSF_7,CGACTTCTCGCTGATA-1,0.607205727823222
CXCR3-,MS,CSF_7,CGAGCCAGTGCACGAA-1,0.2608548024570683
CXCR3-,MS,CSF_7,CGATGGCAGCGCTTAT-1,-0.09834107806026707
CXCR3-,MS,CSF_7,CGATGGCTCACAGTAC-1,0.03482546473556104
CXCR3-,MS,CSF_7,CGATGTAAGAAGGCCT-1,0.2198066118544246
CXCR3-,MS,CSF_7,CGATGTACATTGTGCA-1,-0.09834107806026707
CXCR3+,MS,CSF_7,CGATGTATCCAATGGT-1,0.34066529078715024
CXCR3+,MS,CSF_7,CGCCAAGTCACGCATA-1,0.16552648557347682
CXCR3+,MS,CSF_7,CGCGGTAAGACTGGGT-1,-0.24066936053862348
CXCR3-,MS,CSF_7,CGCGTTTAGGATGGAA-1,0.0231523076258822
CXCR3-,MS,CSF_7,CGCTATCAGGTGTGGT-1,-0.6818727138933777
CXCR3-,MS,CSF_7,CGCTGGAAGGAGTAGA-1,0.3955994046791176
CXCR3-,MS,CSF_7,CGGAGCTGTACTTAGC-1,-0.09834107806026707
CXCR3-,MS,CSF_7,CGGAGTCGTATGAATG-1,0.19316458266047373
CXCR3-,MS,CSF_7,CGGCTAGTCTAGAGTC-1,0.030061486908982565
CXCR3-,MS,CSF_7,CGGGTCAAGCAGGCTA-1,-0.1537350677080705
CXCR3+,MS,CSF_7,CGGGTCAAGCTGCGAA-1,-0.0765452265245893
CXCR3+,MS,CSF_7,CGTAGGCTCCTAGAAC-1,-0.46951573785635053
CXCR3-,MS,CSF_7,CGTCACTCAACTGGCC-1,-0.03879061644831674
CXCR3-,MS,CSF_7,CGTCCATCAAGTCTAC-1,-0.08133509997646103
CXCR3-,MS,CSF_7,CGTGTAATCTGAAAGA-1,0.601992815293243
CXCR3+,MS,CSF_7,CGTTCTGAGCCAGTAG-1,-0.09479267991413802
CXCR3-,MS,CSF_7,CGTTCTGAGGCTATCT-1,-0.21956046766082402
CXCR3-,MS,CSF_7,CGTTGGGCATTGCGGC-1,-0.28416822996942487
CXCR3-,MS,CSF_7,CTAACTTGTCCGTTAA-1,0.1322340028863583
CXCR3-,MS,CSF_7,CTAATGGCAAGTACCT-1,-0.11315474808922331
CXCR3+,MS,CSF_7,CTACCCAAGTAGTGCG-1,-0.564070693577516
CXCR3-,MS,CSF_7,CTACCCACAGGGATTG-1,0.10119964843280838
CXCR3+,MS,CSF_7,CTAGTGACAGCCTTTC-1,0.020183308015960306
CXCR3+,MS,CSF_7,CTCACACCACAAGTAA-1,-0.30510950494112266
CXCR3-,MS,CSF_7,CTCAGAAAGTCCAGGA-1,0.13212433076198923
CXCR3-,MS,CSF_7,CTCAGAATCCAACCAA-1,0.1212308426084476
CXCR3+,MS,CSF_7,CTGAAACAGAACTGTA-1,-0.09834107806026707
CXCR3-,MS,CSF_7,CTGAAACAGCTGAACG-1,0.28139580467089537
CXCR3-,MS,CSF_7,CTGAAGTAGATGAGAG-1,0.36550071629535763
CXCR3-,MS,CSF_7,CTGCTGTTCACCCGAG-1,-0.09834107806026707
CXCR3+,MS,CSF_7,CTGGTCTCACCTCGTT-1,-0.4335156928594709
CXCR3-,MS,CSF_7,CTGTTTAGTGAAAGAG-1,0.8466808127990386
CXCR3-,MS,CSF_7,CTTAGGAAGATGCGAC-1,-0.50192030528945
CXCR3-,MS,CSF_7,CTTAGGAAGCAATATG-1,0.05749852953145141
CXCR3+,MS,CSF_7,CTTAGGATCCCTAATT-1,-0.3806238985650861
CXCR3-,MS,CSF_7,GAACCTACACGCTTTC-1,0.14790212578560866
CXCR3-,MS,CSF_7,GAATAAGCAACACCTA-1,-0.020372837865373996
CXCR3-,MS,CSF_7,GAATGAACACTGTCGG-1,-0.09834107806026707
CXCR3-,MS,CSF_7,GAGGTGACAGTGACAG-1,0.06157075092056503
CXCR3-,MS,CSF_7,GAGTCCGAGCTAAACA-1,0.1471888918610667
CXCR3-,MS,CSF_7,GATCGATAGAAACCAT-1,0.3000891381401657
CXCR3-,MS,CSF_7,GATCGATGTCGGCTCA-1,0.28354287868714484
CXCR3-,MS,CSF_7,GATGAGGTCCCAAGTA-1,0.012810707026907524
CXCR3-,MS,CSF_7,GATTCAGCAAGGGTCA-1,0.20791553536145932
CXCR3-,MS,CSF_7,GCAATCATCGGATGGA-1,0.19066412323240708
CXCR3-,MS,CSF_7,GCACATACACTGCCAG-1,0.23887158520936752
CXCR3-,MS,CSF_7,GCACTCTCACCGGAAA-1,-0.09834107806026707
CXCR3-,MS,CSF_7,GCAGTTAAGCTAGTGG-1,-0.09834107806026707
CXCR3+,MS,CSF_7,GCATACAGTCCGAAGA-1,-0.24996451744023482
CXCR3-,MS,CSF_7,GCATGATCAAGTCTAC-1,0.05182175007532055
CXCR3-,MS,CSF_7,GCATGATTCGGCTTGG-1,0.08779489065171338
CXCR3-,MS,CSF_7,GCCAAATCACATAACC-1,0.3166089816544622
CXCR3+,MS,CSF_7,GCGCAACTCGTACCGG-1,-0.33149130784713343
CXCR3-,MS,CSF_7,GCTCTGTGTAAACCTC-1,0.9065028650065176
CXCR3-,MS,CSF_7,GCTCTGTGTTCGCGAC-1,-0.09834107806026707
CXCR3-,MS,CSF_7,GCTCTGTTCTCTTGAT-1,0.5940848562070121
CXCR3-,MS,CSF_7,GCTGGGTCACGACGAA-1,-0.2291324796942066
CXCR3-,MS,CSF_7,GGAATAAAGTTCGATC-1,-0.2404983612692588
CXCR3-,MS,CSF_7,GGACAAGTCGCAAGCC-1,-0.09834107806026707
CXCR3-,MS,CSF_7,GGACGTCTCAGCATGT-1,-0.16232383544827442
CXCR3-,MS,CSF_7,GGAGCAACACAACGTT-1,-0.09834107806026707
CXCR3-,MS,CSF_7,GGATTACGTATGAAAC-1,0.15202006917885402
CXCR3-,MS,CSF_7,GGCAATTCACCAACCG-1,0.1644053031064349
CXCR3-,MS,CSF_7,GGCGTGTGTCGGCTCA-1,-0.09834107806026707
CXCR3-,MS,CSF_7,GGGAGATGTAAGAGAG-1,0.25200458265782305
CXCR3-,MS,CSF_7,GGGCACTGTAATCGTC-1,-0.21432176029805336
CXCR3-,MS,CSF_7,GGGCATCTCACAAACC-1,0.4900536741207406
CXCR3+,MS,CSF_7,GGGTTGCAGCTGAACG-1,0.16169720582251595
CXCR3+,MS,CSF_7,GGTGAAGTCCGCGGTA-1,-0.028080931553651402
CXCR3-,MS,CSF_7,GGTGTTACACATTCGA-1,-0.08469726390103723
CXCR3-,MS,CSF_7,GTAACTGAGTACGACG-1,0.14883855102443158
CXCR3-,MS,CSF_7,GTAACTGGTCTAGCGC-1,-0.09834107806026707
CXCR3-,MS,CSF_7,GTACGTATCTACTTAC-1,1.2312191467284792
CXCR3-,MS,CSF_7,GTATTCTAGACATAAC-1,0.08469829372696268
CXCR3-,MS,CSF_7,GTCACAATCATTATCC-1,-0.15958149456351414
CXCR3+,MS,CSF_7,GTCACAATCCGAAGAG-1,0.6221983910691222
CXCR3-,MS,CSF_7,GTCATTTTCAGCAACT-1,-0.09834107806026707
CXCR3+,MS,CSF_7,GTCCTCACAGCTCGAC-1,0.4011801097791302
CXCR3-,MS,CSF_7,GTCGGGTGTCAGAAGC-1,-0.09834107806026707
CXCR3+,MS,CSF_7,GTGAAGGAGGCCATAG-1,-0.047466219532346435
CXCR3-,MS,CSF_7,GTGCTTCGTTAAAGTG-1,-0.4115157159481132
CXCR3-,MS,CSF_7,GTGCTTCTCGCATGAT-1,-0.23960239073150325
CXCR3-,MS,CSF_7,GTGGGTCAGAACAACT-1,0.17509836630454315
CXCR3+,MS,CSF_7,GTGGGTCTCAACGCTA-1,-0.228717390633006
CXCR3+,MS,CSF_7,GTTAAGCGTACCCAAT-1,0.4700568697201442
CXCR3+,MS,CSF_7,GTTCGGGCATGCCACG-1,0.2487107537484861
CXCR3+,MS,CSF_7,TAAACCGCAAGCGAGT-1,0.11573651786494572
CXCR3-,MS,CSF_7,TAAGAGAGTGTAATGA-1,0.006445095466858786
CXCR3+,MS,CSF_7,TAAGCGTCATCGGTTA-1,-0.5689402428438778
CXCR3-,MS,CSF_7,TACCTATAGCCATCGC-1,-0.09834107806026707
CXCR3-,MS,CSF_7,TACGGGCGTCGCGGTT-1,-0.09834107806026707
CXCR3-,MS,CSF_7,TACGGTAAGTCGTACT-1,0.10377119684943381
CXCR3-,MS,CSF_7,TACGGTATCTGATACG-1,0.29767586853437705
CXCR3+,MS,CSF_7,TACTCATTCTTACCGC-1,-0.332355887086201
CXCR3-,MS,CSF_7,TAGACCAGTCTCGTTC-1,-0.09834107806026707
CXCR3+,MS,CSF_7,TAGTGGTGTCCTCTTG-1,0.03344012127005736
CXCR3-,MS,CSF_7,TAGTTGGTCTAACGGT-1,-0.39300887080292324
CXCR3+,MS,CSF_7,TATCAGGTCTCAAACG-1,0.2197820240023298
CXCR3+,MS,CSF_7,TATTACCTCGCCTGAG-1,0.30822628693815574
CXCR3+,MS,CSF_7,TCAACGAAGCCACGCT-1,-0.4918452387142055
CXCR3-,MS,CSF_7,TCAACGAAGTCCAGGA-1,0.3692849284272724
CXCR3-,MS,CSF_7,TCAGCAAAGACTTGAA-1,0.1047516881632977
CXCR3-,MS,CSF_7,TCAGCTCCAACTGGCC-1,0.5216789854962792
CXCR3+,MS,CSF_7,TCAGGATCACTTGGAT-1,0.21749875304358723
CXCR3-,MS,CSF_7,TCAGGATCATGCTGGC-1,0.05489785254211952
CXCR3-,MS,CSF_7,TCATTACCACCGAAAG-1,-0.7175900771475324
CXCR3-,MS,CSF_7,TCATTTGTCAACACAC-1,0.15192857025009548
CXCR3-,MS,CSF_7,TCATTTGTCCACTCCA-1,0.5846855950143557
CXCR3-,MS,CSF_7,TCCACACTCAGTTGAC-1,0.09068499921785513
CXCR3-,MS,CSF_7,TCTCATAAGTGCGATG-1,-0.4987141559313765
CXCR3+,MS,CSF_7,TCTGAGATCGGTTCGG-1,-0.3031555350664434
CXCR3-,MS,CSF_7,TCTGGAACAACTGGCC-1,0.8142270663783647
CXCR3+,MS,CSF_7,TCTGGAATCTTTAGGG-1,0.0238610638132784
CXCR3-,MS,CSF_7,TCTTCGGTCTCAAACG-1,-0.7257780473071916
CXCR3-,MS,CSF_7,TGACTAGAGAAACCGC-1,-0.09834107806026707
CXCR3+,MS,CSF_7,TGACTAGCATCAGTCA-1,-0.31769781565189165
CXCR3-,MS,CSF_7,TGAGAGGAGAGCCTAG-1,0.06985199718664699
CXCR3-,MS,CSF_7,TGAGCCGCATTCGACA-1,-0.35660549178093454
CXCR3-,MS,CSF_7,TGAGGGACAAGTAGTA-1,-0.09834107806026707
CXCR3-,MS,CSF_7,TGCACCTAGTCAATAG-1,0.3248316816124474
CXCR3+,MS,CSF_7,TGCCAAACAACTGCGC-1,0.2418836097321011
CXCR3-,MS,CSF_7,TGCGCAGGTGGTACAG-1,0.1626515823500781
CXCR3+,MS,CSF_7,TGCGGGTCACCAGGTC-1,0.21331900997396236
CXCR3-,MS,CSF_7,TGTATTCTCTTGCATT-1,-0.09834107806026707
CXCR3-,MS,CSF_7,TGTCCCACACCACGTG-1,0.15192857025009548
CXCR3-,MS,CSF_7,TGTCCCAGTTACGTCA-1,0.31417882150783466
CXCR3-,MS,CSF_7,TGTTCCGCATAGACTC-1,-0.21412266745441402
CXCR3+,MS,CSF_7,TTAACTCTCCGTAGGC-1,-0.4304400447529891
CXCR3-,MS,CSF_7,TTCGGTCAGACGCAAC-1,-0.02382377791186027
CXCR3-,MS,CSF_7,TTCGGTCTCCACTCCA-1,0.20745320003548318
CXCR3+,MS,CSF_7,TTCTACACACAACGTT-1,0.1432164799643373
CXCR3-,MS,CSF_7,TTCTACACATTGTGCA-1,0.3104430879251823
CXCR3-,MS,CSF_7,TTCTCCTTCCATTCTA-1,0.16724437455676502
CXCR3+,MS,CSF_7,TTCTCCTTCCGTCATC-1,0.08721620574659661
CXCR3-,MS,CSF_7,TTCTTAGTCCGATATG-1,0.00449696932791231
CXCR3-,MS,CSF_7,TTGACTTGTGAAGGCT-1,-0.5408981954182607
CXCR3+,MS,CSF_7,TTGCCGTAGAAGGTGA-1,0.2827878335554176
CXCR3-,MS,CSF_7,TTGCCGTTCCACGAAT-1,-0.09834107806026707
CXCR3-,MS,CSF_7,TTGGAACCAACTTGAC-1,-0.11845786289313313
CXCR3-,MS,CSF_7,TTGGCAATCGCACTCT-1,-0.6095983569313583
CXCR3+,MS,CSF_7,TTGTAGGCATCACGTA-1,0.17430528091456407
CXCR3-,MS,CSF_7,TTTGCGCAGATGGGTC-1,0.1367511583888169
CXCR3-,MS,CSF_7,TTTGCGCCAAGGGTCA-1,0.3022950893715594
CXCR3-,MS,CSF_8,AAACCTGAGTTCGATC-1,-0.09834107806026707
CXCR3-,MS,CSF_8,AAACCTGGTTTGGGCC-1,0.06761825389129018
CXCR3-,MS,CSF_8,AAACCTGTCATTGCGA-1,0.03562268393245401
CXCR3+,MS,CSF_8,AAACGGGAGGCCATAG-1,-0.10388036382877382
CXCR3+,MS,CSF_8,AAACGGGCACGGCTAC-1,0.06269133606926387
CXCR3-,MS,CSF_8,AAACGGGCACTTACGA-1,-0.09834107806026707
CXCR3-,MS,CSF_8,AAACGGGCATTAGCCA-1,0.5243383890821922
CXCR3-,MS,CSF_8,AAAGTAGAGAGTCTGG-1,-0.6292639205426108
CXCR3-,MS,CSF_8,AAAGTAGGTAAGTGTA-1,-0.09834107806026707
CXCR3-,MS,CSF_8,AACACGTGTCTCAACA-1,-0.4087431912462823
CXCR3+,MS,CSF_8,AACCATGGTTATTCTC-1,-0.23812763380325386
CXCR3-,MS,CSF_8,AACGTTGGTACGCTGC-1,-0.37793549891075007
CXCR3-,MS,CSF_8,AACGTTGTCACTGGGC-1,0.24444735052757566
CXCR3+,MS,CSF_8,AACTCAGAGGCACATG-1,-0.4051851095592638
CXCR3-,MS,CSF_8,AACTCCCTCGTCGTTC-1,-0.09834107806026707
CXCR3-,MS,CSF_8,AACTGGTTCGGCGGTT-1,-0.3269532444819717
CXCR3+,MS,CSF_8,AACTTTCAGAGCCCAA-1,-0.28183243592752405
CXCR3-,MS,CSF_8,AACTTTCGTCAGTGGA-1,0.2145067947424087
CXCR3-,MS,CSF_8,AAGCCGCGTAGGCTGA-1,-0.2686690668798733
CXCR3-,MS,CSF_8,AAGGCAGAGGCCCTCA-1,0.2046846430761898
CXCR3-,MS,CSF_8,AAGGCAGGTGTTCTTT-1,-0.09834107806026707
CXCR3-,MS,CSF_8,AAGGTTCGTAATAGCA-1,-0.09834107806026707
CXCR3+,MS,CSF_8,AAGTCTGCATGTCGAT-1-1,0.15041416231721977
CXCR3-,MS,CSF_8,AAGTCTGTCTGAGGGA-1,-0.00341528207043486
CXCR3-,MS,CSF_8,AATCCAGAGAGTAAGG-1,-0.09834107806026707
CXCR3+,MS,CSF_8,AATCCAGTCAACGCTA-1,-0.5327328474823899
CXCR3-,MS,CSF_8,AATCCAGTCCAGTATG-1,0.3625251733869256
CXCR3+,MS,CSF_8,ACACCAATCAAACCAC-1,0.19045503994518212
CXCR3+,MS,CSF_8,ACACCGGCAGCCTTTC-1,0.23044548137038215
CXCR3+,MS,CSF_8,ACACCGGGTTGAGTTC-1,-0.7223730564987196
CXCR3+,MS,CSF_8,ACACTGACAGACGCTC-1,-0.24888471421268962
CXCR3+,MS,CSF_8,ACACTGATCTGCTGCT-1,-0.5268236175167867
CXCR3-,MS,CSF_8,ACAGCCGGTCACTGGC-1,0.4170091264215424
CXCR3-,MS,CSF_8,ACAGCCGGTGTTGGGA-1,-0.4588840180394003
CXCR3-,MS,CSF_8,ACAGCCGTCTTCGAGA-1,0.1841450711722326
CXCR3-,MS,CSF_8,ACAGCTATCCGAATGT-1,-0.09834107806026707
CXCR3+,MS,CSF_8,ACAGCTATCCGCGCAA-1,0.1315591406453955
CXCR3-,MS,CSF_8,ACATACGCAGGATTGG-1,-0.09834107806026707
CXCR3-,MS,CSF_8,ACATCAGCAAGAGTCG-1,-0.827364356886177
CXCR3+,MS,CSF_8,ACATGGTAGACAGAGA-1,-0.20562474214628743
CXCR3+,MS,CSF_8,ACATGGTCAACTTGAC-1,0.4009990531913211
CXCR3-,MS,CSF_8,ACATGGTGTTAGGGTG-1,-0.3143339485604912
CXCR3-,MS,CSF_8,ACCCACTCAAGGACAC-1,-0.4358944274752276
CXCR3-,MS,CSF_8,ACCCACTGTGAGGCTA-1,-0.09834107806026707
CXCR3-,MS,CSF_8,ACCGTAAGTAGAAAGG-1,0.07022013693842577
CXCR3+,MS,CSF_8,ACCGTAATCGAATGCT-1,-0.08734225201887427
CXCR3+,MS,CSF_8,ACCGTAATCTTTACGT-1,-0.2030846769824361
CXCR3-,MS,CSF_8,ACCTTTACATCAGTAC-1,-0.08940187544557379
CXCR3-,MS,CSF_8,ACGAGCCCACCGGAAA-1,-0.2623250525879747
CXCR3-,MS,CSF_8,ACGAGCCGTCACTGGC-1,0.49151414145892447
CXCR3+,MS,CSF_8,ACGAGCCTCGGCTACG-1,-0.9380288713318283
CXCR3+,MS,CSF_8,ACGATGTCACAGCCCA-1,-0.18794129045837885
CXCR3+,MS,CSF_8,ACGATGTGTTAAGACA-1,-0.17438731374118438
CXCR3-,MS,CSF_8,ACGCAGCAGATATACG-1,0.6951436611086678
CXCR3-,MS,CSF_8,ACGGGCTGTATCTGCA-1,-0.22658072018739045
CXCR3-,MS,CSF_8,ACGGGTCAGTGAATTG-1,-0.09834107806026707
CXCR3-,MS,CSF_8,ACGGGTCGTAAGTTCC-1,-0.09834107806026707
CXCR3+,MS,CSF_8,ACGTCAACACATCCAA-1,-0.2510596113459835
CXCR3-,MS,CSF_8,ACGTCAACAGCTGCTG-1,-0.2254570240976297
CXCR3+,MS,CSF_8,ACGTCAACATGTTCCC-1,-0.09834107806026707
CXCR3+,MS,CSF_8,ACTATCTTCGCTTAGA-1,0.05286472685841307
CXCR3-,MS,CSF_8,ACTATCTTCTACTCAT-1,0.2330699383968757
CXCR3+,MS,CSF_8,ACTGAGTGTTCAGCGC-1,-0.29532913169100405
CXCR3-,MS,CSF_8,ACTGAGTTCTTCGAGA-1,0.12588704557908312
CXCR3+,MS,CSF_8,ACTGCTCTCCTATGTT-1,0.06089773408121731
CXCR3+,MS,CSF_8,ACTGCTCTCTGACCTC-1,-0.09834107806026707
CXCR3+,MS,CSF_8,ACTGTCCGTTAAGACA-1,-0.09834107806026707
CXCR3-,MS,CSF_8,ACTGTCCTCCTGTACC-1,-0.009697071386728293
CXCR3-,MS,CSF_8,ACTTACTTCCGCGGTA-1,1.0657628745506573
CXCR3+,MS,CSF_8,ACTTGTTCAGGAATGC-1,-0.24059601486160603
CXCR3-,MS,CSF_8,ACTTGTTTCGGAATCT-1,-0.26033077214397066
CXCR3+,MS,CSF_8,ACTTTCAAGGAATTAC-1,-0.09834107806026707
CXCR3-,MS,CSF_8,AGAATAGAGTCCGGTC-1,-0.09834107806026707
CXCR3-,MS,CSF_8,AGAATAGGTAACGCGA-1,-0.45910052209870117
CXCR3-,MS,CSF_8,AGAGCGAAGATCGATA-1,-0.09834107806026707
CXCR3+,MS,CSF_8,AGAGCTTAGACTTTCG-1,-0.09834107806026707
CXCR3-,MS,CSF_8,AGAGCTTTCACTATTC-1,0.14316551685481324
CXCR3-,MS,CSF_8,AGAGTGGTCAAGATCC-1,-0.25299541918170376
CXCR3+,MS,CSF_8,AGATCTGAGATGTGGC-1,0.10059640059500227
CXCR3-,MS,CSF_8,AGATCTGGTCTTGTCC-1,0.3630043051670759
CXCR3+,MS,CSF_8,AGCAGCCGTCTAGCGC-1,-0.23818613444927225
CXCR3-,MS,CSF_8,AGCAGCCTCCTATTCA-1,-0.09834107806026707
CXCR3+,MS,CSF_8,AGCATACGTCTCCATC-1,-0.17548953155497463
CXCR3-,MS,CSF_8,AGCGGTCCAGCCTATA-1,-0.24518612047203656
CXCR3+,MS,CSF_8,AGCGTATTCAGGATCT-1,-0.4349268762750847
CXCR3-,MS,CSF_8,AGCTCCTAGCTCTCGG-1,-0.19729006898504098
CXCR3-,MS,CSF_8,AGCTCTCGTCAATGTC-1,-0.5080758585530153
CXCR3-,MS,CSF_8,AGCTCTCGTCGGCACT-1,-0.3330646244852736
CXCR3-,MS,CSF_8,AGGGAGTAGCACACAG-1,-0.09834107806026707
CXCR3-,MS,CSF_8,AGGGAGTGTATATGGA-1,-0.2855146031108879
CXCR3+,MS,CSF_8,AGGGAGTTCAGAGGTG-1,0.5751655602580692
CXCR3+,MS,CSF_8,AGGGTGATCCATGAAC-1,-0.09834107806026707
CXCR3+,MS,CSF_8,AGGTCATCACGGCGTT-1,-0.23748352889211422
CXCR3+,MS,CSF_8,AGGTCATGTCACTGGC-1,-0.2849980672268294
CXCR3+,MS,CSF_8,AGGTCATGTTAGAACA-1,-0.3538928896337249
CXCR3-,MS,CSF_8,AGGTCATTCGAGAACG-1,-0.09834107806026707
CXCR3-,MS,CSF_8,AGGTCATTCTTCGAGA-1,-0.6457913037987772
CXCR3+,MS,CSF_8,AGTAGTCAGATACACA-1,0.060759451473531234
CXCR3-,MS,CSF_8,AGTCTTTAGGTAGCCA-1,-0.09834107806026707
CXCR3-,MS,CSF_8,AGTGAGGCATGGATGG-1,-0.09834107806026707
CXCR3-,MS,CSF_8,AGTGAGGGTTTGGGCC-1,-0.3045258087384752
CXCR3-,MS,CSF_8,AGTGGGAAGTCTCGGC-1,-0.3772369883005583
CXCR3-,MS,CSF_8,AGTGGGATCATCACCC-1,-0.5411342067030808
CXCR3-,MS,CSF_8,AGTGTCACAAGTCTGT-1,-0.09834107806026707
CXCR3+,MS,CSF_8,AGTGTCAGTGTTAAGA-1,-0.1394684938001929
CXCR3-,MS,CSF_8,AGTGTCATCTGAGGGA-1,-0.09834107806026707
CXCR3-,MS,CSF_8,AGTTGGTCACACTGCG-1,0.1929565427474049
CXCR3+,MS,CSF_8,AGTTGGTGTCTCACCT-1,0.1352256489326569
CXCR3-,MS,CSF_8,AGTTGGTTCGGATGGA-1,0.22719775577202436
CXCR3+,MS,CSF_8,ATAACGCAGCACAGGT-1,-0.4401095617779614
CXCR3-,MS,CSF_8,ATAACGCAGCCATCGC-1,-0.09834107806026707
CXCR3+,MS,CSF_8,ATAACGCAGTACACCT-1,-0.09834107806026707
CXCR3+,MS,CSF_8,ATAACGCCAAGAAAGG-1,-0.4820014262153552
CXCR3-,MS,CSF_8,ATAAGAGCAGGTCTCG-1,-0.001738242146101505
CXCR3+,MS,CSF_8,ATAAGAGGTAGGACAC-1,0.0658563157652229
CXCR3-,MS,CSF_8,ATAGACCCAATGAAAC-1,0.2822005263529458
CXCR3+,MS,CSF_8,ATCACGACAAGTAGTA-1,-1.0842732125259016
CXCR3+,MS,CSF_8,ATCACGAGTTAGGGTG-1,-0.5023567734101493
CXCR3+,MS,CSF_8,ATCATCTAGAGACGAA-1,-0.09834107806026707
CXCR3-,MS,CSF_8,ATCATCTAGAGGGCTT-1,-0.4035503538650375
CXCR3-,MS,CSF_8,ATCATCTAGCAGCGTA-1,-0.09834107806026707
CXCR3-,MS,CSF_8,ATCATCTCAAACCTAC-1,-0.30734904300863597
CXCR3-,MS,CSF_8,ATCATCTTCTTGAGGT-1,0.1107834141486089
CXCR3-,MS,CSF_8,ATCATGGAGGTAGCTG-1,-0.09834107806026707
CXCR3-,MS,CSF_8,ATCCACCAGGGCTTGA-1,-0.09834107806026707
CXCR3+,MS,CSF_8,ATCCACCTCAACACGT-1,0.6468891211609237
CXCR3-,MS,CSF_8,ATCCGAATCTGATTCT-1,-0.09834107806026707
CXCR3-,MS,CSF_8,ATCGAGTGTAAACCTC-1,0.31736948407919335
CXCR3+,MS,CSF_8,ATCTACTTCTGAAAGA-1,0.2791874690021685
CXCR3+,MS,CSF_8,ATGAGGGAGATCCTGT-1,-0.5803430065329145
CXCR3-,MS,CSF_8,ATGAGGGCAAGAAAGG-1,-0.43222366673379753
CXCR3-,MS,CSF_8,ATGAGGGCATATACCG-1,0.09065431333811633
CXCR3-,MS,CSF_8,ATGAGGGCATTGGGCC-1,-0.23902822464466927
CXCR3+,MS,CSF_8,ATGCGATAGACAATAC-1,0.23213965858022864
CXCR3-,MS,CSF_8,ATGCGATTCGGTTCGG-1,-0.7306864686022748
CXCR3+,MS,CSF_8,ATTACTCCATGGTCTA-1,-0.08564068472996056
CXCR3+,MS,CSF_8,ATTCTACAGACCTTTG-1,-0.2122824450580089
CXCR3+,MS,CSF_8,ATTGGACCAGGAACGT-1,-0.4237468705247048
CXCR3-,MS,CSF_8,ATTGGACGTTCCACGG-1,-0.13807312005183098
CXCR3-,MS,CSF_8,ATTGGTGGTACAGTGG-1,-0.09834107806026707
CXCR3-,MS,CSF_8,ATTTCTGTCGGCGGTT-1,-0.09834107806026707
CXCR3-,MS,CSF_8,ATTTCTGTCTAAGCCA-1,-0.036920849599341846
CXCR3+,MS,CSF_8,CAACCAATCGCGGATC-1,0.3677740547609676
CXCR3-,MS,CSF_8,CAACCTCTCCGAACGC-1,-0.09834107806026707
CXCR3-,MS,CSF_8,CAACTAGAGAATTCCC-1,0.2830653640161342
CXCR3-,MS,CSF_8,CAACTAGGTCGAACAG-1,-0.33650288861143673
CXCR3-,MS,CSF_8,CAAGAAATCAGAAATG-1,-0.002939068111836577
CXCR3+,MS,CSF_8,CAAGATCTCTGTACGA-1,-0.04667646749365414
CXCR3+,MS,CSF_8,CAAGTTGCAAGGTGTG-1,0.04535245942108858
CXCR3+,MS,CSF_8,CAAGTTGCATCAGTAC-1,0.03951852883500765
CXCR3+,MS,CSF_8,CAAGTTGTCTGCAGTA-1,-0.41642893967015115
CXCR3-,MS,CSF_8,CACAAACCACCAGTTA-1,-0.09834107806026707
CXCR3+,MS,CSF_8,CACAAACCAGCTGGCT-1,-1.005663502883457
CXCR3-,MS,CSF_8,CACAAACGTCAGAGGT-1,-0.37406210810543034
CXCR3+,MS,CSF_8,CACACCTCAAGGACTG-1,0.2517436528840262
CXCR3+,MS,CSF_8,CACACTCCACGGCGTT-1,-0.6205081928040085
CXCR3+,MS,CSF_8,CACAGTACACCAACCG-1,-0.5410401916409485
CXCR3+,MS,CSF_8,CACAGTATCGGCGCAT-1,-0.0345392158779335
CXCR3+,MS,CSF_8,CACATAGTCATCTGCC-1,-0.3265819552974966
CXCR3+,MS,CSF_8,CACATAGTCTCTGTCG-1,-0.24945124437468844
CXCR3-,MS,CSF_8,CACCACTAGGGATGGG-1,-0.011438612356070228
CXCR3-,MS,CSF_8,CACCACTGTCCATCCT-1,-0.505894011159545
CXCR3+,MS,CSF_8,CACCACTTCCGGGTGT-1,-0.23855390384746647
CXCR3-,MS,CSF_8,CACCAGGGTAGCGCTC-1,-0.09834107806026707
CXCR3+,MS,CSF_8,CACCAGGTCAGTTTGG-1,-0.09834107806026707
CXCR3+,MS,CSF_8,CACCAGGTCGGATGTT-1,0.2143798498575376
CXCR3-,MS,CSF_8,CAGAATCAGACTAGAT-1,-0.6299980401106601
CXCR3-,MS,CSF_8,CAGAATCGTATCTGCA-1,0.49899826940278924
CXCR3-,MS,CSF_8,CAGATCAAGGGTTTCT-1,-0.09834107806026707
CXCR3-,MS,CSF_8,CAGATCAAGGTGCTTT-1,-0.09834107806026707
CXCR3-,MS,CSF_8,CAGCAGCGTTCAGCGC-1,-0.3052741668945243
CXCR3+,MS,CSF_8,CAGCATAGTCGGCATC-1,-0.09834107806026707
CXCR3+,MS,CSF_8,CAGCCGATCAACACTG-1,-0.21892065613823192
CXCR3-,MS,CSF_8,CAGCGACGTTGATTGC-1,-0.43332156004659134
CXCR3+,MS,CSF_8,CAGCGACTCTGATACG-1,-0.015972603081591003
CXCR3+,MS,CSF_8,CAGCTAATCACCCTCA-1,-0.2232812886038537
CXCR3+,MS,CSF_8,CAGCTGGAGGATTCGG-1,-0.09834107806026707
CXCR3-,MS,CSF_8,CAGCTGGCAGCGTCCA-1,0.025935553933659723
CXCR3-,MS,CSF_8,CAGGTGCAGGGATGGG-1,-0.09834107806026707
CXCR3-,MS,CSF_8,CAGGTGCCAATCCAAC-1,0.4835212766639579
CXCR3-,MS,CSF_8,CAGTAACGTATCAGTC-1,-0.09834107806026707
CXCR3-,MS,CSF_8,CATATGGAGGAGTAGA-1,-0.7992693782382551
CXCR3-,MS,CSF_8,CATATGGGTTCGTGAT-1,-0.18575198411703214
CXCR3-,MS,CSF_8,CATATTCGTAGCCTAT-1,0.04893655371437343
CXCR3-,MS,CSF_8,CATCAAGAGTCAAGCG-1,-0.09834107806026707
CXCR3-,MS,CSF_8,CATCAGAAGCGAGAAA-1,-0.7080664402558965
CXCR3+,MS,CSF_8,CATCAGAGTGATAAAC-1,-0.040022236013333025
CXCR3-,MS,CSF_8,CATCGAACATTCTCAT-1,-0.09834107806026707
CXCR3-,MS,CSF_8,CATCGAAGTATAAACG-1,0.8761050214447957
CXCR3-,MS,CSF_8,CATCGGGAGTGCAAGC-1,0.01693292617223035
CXCR3-,MS,CSF_8,CATCGGGTCGGTCCGA-1,-0.1531801308692102
CXCR3-,MS,CSF_8,CATGCCTCACTTAACG-1,-0.33079367911711177
CXCR3+,MS,CSF_8,CATGCCTTCTACTATC-1,0.19919935244891393
CXCR3-,MS,CSF_8,CATGGCGAGTCCGTAT-1,-0.6202001715227663
CXCR3-,MS,CSF_8,CATGGCGCACAACTGT-1,-0.28846191000041277
CXCR3-,MS,CSF_8,CATTATCCACGAAAGC-1,-0.47950606890649483
CXCR3+,MS,CSF_8,CATTATCTCGTTTGCC-1,-0.8326740367226068
CXCR3+,MS,CSF_8,CATTCGCGTAGCGTCC-1,-0.28901453898298995
CXCR3-,MS,CSF_8,CCACCTAAGTGGTAAT-1,-0.09834107806026707
CXCR3-,MS,CSF_8,CCACGGACACGGTGTC-1,-0.30002577218566817
CXCR3-,MS,CSF_8,CCACGGATCAGCGACC-1,0.03252604480399419
CXCR3-,MS,CSF_8,CCACGGATCCTCATTA-1,-0.09834107806026707
CXCR3+,MS,CSF_8,CCACTACCACAGCCCA-1,-0.226928039745194
CXCR3-,MS,CSF_8,CCACTACCACGGATAG-1,0.36900565645527494
CXCR3-,MS,CSF_8,CCAGCGACATTTGCCC-1,-0.19319380434200703
CXCR3+,MS,CSF_8,CCAGCGATCCAAAGTC-1,0.03553118040349769
CXCR3-,MS,CSF_8,CCAGCGATCTGATTCT-1,-0.09834107806026707
CXCR3-,MS,CSF_8,CCATGTCAGCCACTAT-1,-0.09834107806026707
CXCR3-,MS,CSF_8,CCATGTCCACAACGCC-1,-0.3789919939223417
CXCR3-,MS,CSF_8,CCATGTCGTCGCATAT-1,-0.23062658165304928
CXCR3-,MS,CSF_8,CCATTCGAGGGTTCCC-1,-0.08060959334500796
CXCR3+,MS,CSF_8,CCATTCGGTGGTACAG-1,-0.38744365670344516
CXCR3+,MS,CSF_8,CCCAATCGTTAGATGA-1,-0.5188166322615052
CXCR3-,MS,CSF_8,CCCAGTTAGAGCCTAG-1,0.11302124682425267
CXCR3-,MS,CSF_8,CCCAGTTGTGACGGTA-1,-0.09834107806026707
CXCR3-,MS,CSF_8,CCCTCCTTCCAGTAGT-1,-0.2113355459991306
CXCR3-,MS,CSF_8,CCCTCCTTCTCCAGGG-1,0.0389690157336073
CXCR3+,MS,CSF_8,CCGGGATGTAGATTAG-1,-0.09834107806026707
CXCR3-,MS,CSF_8,CCGGTAGTCATGTAGC-1,0.2026818453049239
CXCR3-,MS,CSF_8,CCGTTCAAGCGAAGGG-1,-0.1444723618908426
CXCR3+,MS,CSF_8,CCGTTCACACCGAAAG-1,-0.35022942456233386
CXCR3-,MS,CSF_8,CCGTTCAGTGTCTGAT-1,0.21490657745008274
CXCR3+,MS,CSF_8,CCGTTCATCATGCAAC-1,0.018375154589932313
CXCR3-,MS,CSF_8,CCTAAAGTCTTCGAGA-1,0.597173134032213
CXCR3+,MS,CSF_8,CCTACACTCCTCAATT-1,0.1760799934873711
CXCR3-,MS,CSF_8,CCTACCAGTCAGAGGT-1,-0.03503203176534627
CXCR3+,MS,CSF_8,CCTACCAGTCGAATCT-1,-0.18246316751385683
CXCR3+,MS,CSF_8,CCTACCAGTGCTTCTC-1,0.35013638941520775
CXCR3-,MS,CSF_8,CCTAGCTGTACTCTCC-1,0.09002841758949365
CXCR3+,MS,CSF_8,CCTCAGTCACTGTTAG-1,-0.24261189260951216
CXCR3-,MS,CSF_8,CCTCTGACAATCCAAC-1,0.010725588975949682
CXCR3-,MS,CSF_8,CCTTACGAGCGCTTAT-1,-0.6141410367939927
CXCR3-,MS,CSF_8,CCTTACGGTCGGGTCT-1,-0.3099481381405287
CXCR3+,MS,CSF_8,CCTTCCCCAACACGCC-1,0.2315905767386093
CXCR3-,MS,CSF_8,CCTTTCTAGGGAGTAA-1,-0.09834107806026707
CXCR3-,MS,CSF_8,CCTTTCTCACGAGGTA-1,-0.09834107806026707
CXCR3-,MS,CSF_8,CCTTTCTCATCGATTG-1,0.6221983910691222
CXCR3-,MS,CSF_8,CCTTTCTGTACGAAAT-1,-0.32548012249607927
CXCR3-,MS,CSF_8,CGAACATAGACCGGAT-1,-0.4205940958825985
CXCR3-,MS,CSF_8,CGAACATCATGTAGTC-1,0.032088589998043045
CXCR3-,MS,CSF_8,CGACCTTCATCCAACA-1,-0.09834107806026707
CXCR3+,MS,CSF_8,CGACCTTGTTCTGTTT-1,-0.2421300388760041
CXCR3-,MS,CSF_8,CGACTTCAGAGCTATA-1,0.3981428088150264
CXCR3+,MS,CSF_8,CGAGCCACATACGCCG-1,-0.3306558418348689
CXCR3+,MS,CSF_8,CGATTGAAGCGTAATA-1,0.7314799734934571
CXCR3-,MS,CSF_8,CGATTGACAGTTTACG-1,-0.12221891005330417
CXCR3-,MS,CSF_8,CGCGGTAAGTGGAGAA-1,-0.43277655650805386
CXCR3-,MS,CSF_8,CGCTGGATCAGCACAT-1,-0.09834107806026707
CXCR3+,MS,CSF_8,CGCTGGATCTGGCGAC-1,-0.7125741221013474
CXCR3-,MS,CSF_8,CGCTTCACAAATCCGT-1,0.3311422286071556
CXCR3-,MS,CSF_8,CGCTTCACAGAGTGTG-1,-0.09834107806026707
CXCR3-,MS,CSF_8,CGGACACAGCAACGGT-1,-0.09834107806026707
CXCR3+,MS,CSF_8,CGGACACAGCTTTGGT-1,-0.8400194737982302
CXCR3-,MS,CSF_8,CGGACACGTGTCTGAT-1,-0.3169784422326346
CXCR3+,MS,CSF_8,CGGACGTCAGCCAATT-1,0.1309788804687559
CXCR3+,MS,CSF_8,CGGACTGAGCCCAATT-1,-0.3398050631437042
CXCR3-,MS,CSF_8,CGGACTGAGGCGATAC-1,0.7728619608313548
CXCR3-,MS,CSF_8,CGGACTGTCAGCTTAG-1,-0.36835022562650505
CXCR3-,MS,CSF_8,CGGACTGTCGCGATCG-1,0.09733955141920676
CXCR3-,MS,CSF_8,CGGAGCTTCTACTCAT-1,0.17617762025385653
CXCR3+,MS,CSF_8,CGGGTCAGTAGAGTGC-1,-0.2519482553124583
CXCR3+,MS,CSF_8,CGGTTAAAGCAGATCG-1,-0.2643563288496395
CXCR3+,MS,CSF_8,CGGTTAATCTCTAGGA-1,-0.49746155645505113
CXCR3+,MS,CSF_8,CGTAGGCCACAAGCCC-1,-0.5431433990432206
CXCR3-,MS,CSF_8,CGTAGGCCAGATCTGT-1,-0.09834107806026707
CXCR3+,MS,CSF_8,CGTCACTCACGTCTCT-1,-0.05441605023990181
CXCR3-,MS,CSF_8,CGTCAGGCAGGTGGAT-1,-0.005281298929265765
CXCR3-,MS,CSF_8,CGTCAGGGTGAGGGTT-1,0.4367527897442994
CXCR3-,MS,CSF_8,CGTCTACCACATTCGA-1,-0.09834107806026707
CXCR3-,MS,CSF_8,CGTGAGCAGCTGATAA-1,-0.09834107806026707
CXCR3-,MS,CSF_8,CGTGTAAAGATATACG-1,0.10938410138468924
CXCR3-,MS,CSF_8,CGTGTAAGTCGACTGC-1,0.20880458348595646
CXCR3-,MS,CSF_8,CGTTAGACAGTACACT-1,0.14415154753592654
CXCR3-,MS,CSF_8,CGTTCTGCATGTTGAC-1,-0.25152357139238996
CXCR3-,MS,CSF_8,CGTTCTGGTAAGTAGT-1,-0.3096021583741238
CXCR3-,MS,CSF_8,CGTTCTGGTGTTGGGA-1,-0.4915846837403464
CXCR3-,MS,CSF_8,CTAACTTGTCAAGCGA-1,0.12404499905312398
CXCR3+,MS,CSF_8,CTAAGACGTGACGCCT-1,0.5178162335443274
CXCR3+,MS,CSF_8,CTACGTCAGCATGGCA-1,-0.39186371200129017
CXCR3-,MS,CSF_8,CTACGTCAGGTTCCTA-1,-0.14518274511809803
CXCR3-,MS,CSF_8,CTAGCCTTCTGCTGCT-1,-0.419958899003665
CXCR3-,MS,CSF_8,CTAGTGACAGGGATTG-1,-0.23177174630579073
CXCR3+,MS,CSF_8,CTAGTGATCGGCCGAT-1,0.4563203970761501
CXCR3+,MS,CSF_8,CTCACACGTAAGGGCT-1,-0.3940289243346067
CXCR3+,MS,CSF_8,CTCACACTCACATACG-1,-0.40953090811754045
CXCR3+,MS,CSF_8,CTCAGAAAGCTGGAAC-1,-0.09834107806026707
CXCR3-,MS,CSF_8,CTCAGAACAGTACACT-1,0.07691498473583247
CXCR3-,MS,CSF_8,CTCCTAGCATGAAGTA-1,0.2726890497055263
CXCR3+,MS,CSF_8,CTCCTAGGTCACTTCC-1,-0.2867167563877738
CXCR3-,MS,CSF_8,CTCCTAGGTCGCTTTC-1,0.16967955869629167
CXCR3-,MS,CSF_8,CTCGAAACACGTCAGC-1,-0.09834107806026707
CXCR3-,MS,CSF_8,CTCGAAACATGATCCA-1,-0.09834107806026707
CXCR3-,MS,CSF_8,CTCGAGGCAAAGCGGT-1,-0.5458701722586266
CXCR3-,MS,CSF_8,CTCGAGGCACTAGTAC-1,-0.28204155543227644
CXCR3-,MS,CSF_8,CTCGGAGCAAGGACTG-1,-0.09834107806026707
CXCR3-,MS,CSF_8,CTCGGAGTCTGGTATG-1,0.10715932466262792
CXCR3-,MS,CSF_8,CTCGTACCAATAGAGT-1,-0.445815430318623
CXCR3+,MS,CSF_8,CTCTAATGTAGCAAAT-1,-0.09834107806026707
CXCR3-,MS,CSF_8,CTCTAATGTATTCTCT-1,-0.6642236801416891
CXCR3-,MS,CSF_8,CTCTACGCAGGTCCAC-1,-0.09834107806026707
CXCR3+,MS,CSF_8,CTCTACGCATCACGAT-1,-0.33996055718599866
CXCR3-,MS,CSF_8,CTCTGGTCATTACGAC-1,0.23353338119374947
CXCR3-,MS,CSF_8,CTCTGGTTCAGGTTCA-1,-0.3612149330925555
CXCR3-,MS,CSF_8,CTGAAACCACGAGAGT-1,-0.09834107806026707
CXCR3-,MS,CSF_8,CTGAAGTCAACGCACC-1,-0.09834107806026707
CXCR3-,MS,CSF_8,CTGAAGTTCCGCAGTG-1,-0.09834107806026707
CXCR3-,MS,CSF_8,CTGATAGTCGGCTTGG-1,-0.4429688184141044
CXCR3-,MS,CSF_8,CTGCCTAGTACCGGCT-1,0.26712303070300086
CXCR3+,MS,CSF_8,CTGCCTAGTGATAAAC-1,-0.457775420676528
CXCR3-,MS,CSF_8,CTGCGGATCTGATTCT-1,-1.0853056695630035
CXCR3+,MS,CSF_8,CTGCTGTAGCCAGTAG-1,-0.03918690422736727
CXCR3+,MS,CSF_8,CTGGTCTCAGGTCTCG-1,-0.09834107806026707
CXCR3-,MS,CSF_8,CTGGTCTGTTATCCGA-1,-0.09834107806026707
CXCR3-,MS,CSF_8,CTGGTCTTCATCGGAT-1,-0.6178588883048394
CXCR3+,MS,CSF_8,CTGTGCTTCGGTTAAC-1,-0.2648774422991397
CXCR3-,MS,CSF_8,CTGTTTACAAAGTCAA-1,-0.09834107806026707
CXCR3+,MS,CSF_8,CTGTTTACAGTAAGCG-1,0.1740563143421783
CXCR3+,MS,CSF_8,CTTAGGATCACCTTAT-1,-0.49062197244727396
CXCR3+,MS,CSF_8,CTTCTCTAGCGAGAAA-1,-0.06770193375091262
CXCR3+,MS,CSF_8,CTTGGCTCACTCTGTC-1,0.6684378354377596
CXCR3+,MS,CSF_8,CTTGGCTGTGTCGCTG-1,-0.5617511330286695
CXCR3+,MS,CSF_8,GAAACTCCAAACTGTC-1,-0.26430968721986864
CXCR3-,MS,CSF_8,GAAACTCTCCTCTAGC-1,0.11125764112882626
CXCR3+,MS,CSF_8,GAAATGACACTGCCAG-1,-0.038439636055776445
CXCR3+,MS,CSF_8,GAAATGAGTCATGCAT-1,0.2136828002020881
CXCR3-,MS,CSF_8,GAACATCGTTTCCACC-1,0.03909568031935046
CXCR3+,MS,CSF_8,GAACATCTCATGTAGC-1,-0.4354305196668965
CXCR3+,MS,CSF_8,GAACATCTCTTGACGA-1,0.46293973866218235
CXCR3-,MS,CSF_8,GAACCTAAGGCAATTA-1,-0.09834107806026707
CXCR3+,MS,CSF_8,GAACGGAGTGAAATCA-1,-0.09834107806026707
CXCR3-,MS,CSF_8,GAACGGATCCCTAATT-1,-0.3149604626937381
CXCR3+,MS,CSF_8,GAATAAGAGTGAAGTT-1,0.05087077474411516
CXCR3-,MS,CSF_8,GAATAAGTCATGTGGT-1,-0.5823801830872356
CXCR3-,MS,CSF_8,GAATGAAAGTTAGGTA-1,-0.5544337838108973
CXCR3-,MS,CSF_8,GACACGCCAAGGGTCA-1,-0.09834107806026707
CXCR3+,MS,CSF_8,GACACGCCATTCGACA-1,-0.21721590760729642
CXCR3+,MS,CSF_8,GACAGAGAGAGTAAGG-1,-0.28876100049766557
CXCR3-,MS,CSF_8,GACCAATAGCAGGTCA-1,0.005278087151888441
CXCR3-,MS,CSF_8,GACCTGGAGGCTATCT-1,0.3774360915669102
CXCR3-,MS,CSF_8,GACGGCTGTCGCGTGT-1,-0.3443231603289517
CXCR3+,MS,CSF_8,GACGGCTTCCACGTTC-1,-0.8643009015027572
CXCR3-,MS,CSF_8,GACTAACGTGCAACGA-1,-0.0008965625410157615
CXCR3-,MS,CSF_8,GAGGTGACAGAGCCAA-1,-0.23909970679298015
CXCR3-,MS,CSF_8,GAGTCCGAGATCCCGC-1,0.5072143725477968
CXCR3+,MS,CSF_8,GATCGATCATAGACTC-1,0.6010986041524904
CXCR3-,MS,CSF_8,GATCGATGTCTTGATG-1,0.009463676923312831
CXCR3-,MS,CSF_8,GATCGCGAGAACAACT-1,-0.00571157069442401
CXCR3-,MS,CSF_8,GATCGCGAGCTTATCG-1,-0.09834107806026707
CXCR3-,MS,CSF_8,GATCGTATCGGCGCAT-1,0.079346411868446
CXCR3-,MS,CSF_8,GATGAAATCACGATGT-1,0.144778570171227
CXCR3-,MS,CSF_8,GATGAGGCACATGGGA-1,-0.09834107806026707
CXCR3-,MS,CSF_8,GATGAGGGTTCCACTC-1,0.3141322187339161
CXCR3-,MS,CSF_8,GATTCAGGTTCCAACA-1,0.2988524840313501
CXCR3+,MS,CSF_8,GATTCAGTCACCAGGC-1,0.4018077404806009
CXCR3-,MS,CSF_8,GATTCAGTCCTTTCTC-1,-0.09834107806026707
CXCR3-,MS,CSF_8,GCAAACTAGGGTGTGT-1,-0.09834107806026707
CXCR3-,MS,CSF_8,GCAAACTGTATAGGGC-1,-0.09834107806026707
CXCR3+,MS,CSF_8,GCAAACTGTCTGCAAT-1,-0.09834107806026707
CXCR3+,MS,CSF_8,GCAAACTGTGCAACGA-1,-0.3534614555905735
CXCR3-,MS,CSF_8,GCAGTTAAGTGACTCT-1,-0.5251332524741152
CXCR3-,MS,CSF_8,GCATGCGGTAAAGTCA-1,0.30196537108556737
CXCR3+,MS,CSF_8,GCATGCGTCTATGTGG-1,0.039695377174073496
CXCR3+,MS,CSF_8,GCCAAATTCACAGGCC-1,0.606735131567279
CXCR3+,MS,CSF_8,GCCTCTATCCCATTTA-1,-0.8672118258861669
CXCR3+,MS,CSF_8,GCGACCAGTAAGAGAG-1,-0.2049832077386647
CXCR3+,MS,CSF_8,GCGAGAAAGCGGATCA-1,-0.9740206385480314
CXCR3-,MS,CSF_8,GCGAGAATCTTTAGTC-1,-0.3398321767320945
CXCR3+,MS,CSF_8,GCGCAGTAGATCACGG-1,-0.09638138698904705
CXCR3-,MS,CSF_8,GCGGGTTTCTTGAGAC-1,-0.09834107806026707
CXCR3+,MS,CSF_8,GCTCCTAGTATAAACG-1,0.21289983112899397
CXCR3+,MS,CSF_8,GCTCTGTCAGCCTGTG-1,-0.26287625859470687
CXCR3+,MS,CSF_8,GCTCTGTTCAACGAAA-1,0.16530058717441068
CXCR3-,MS,CSF_8,GCTGCAGAGTCCAGGA-1,-0.09834107806026707
CXCR3+,MS,CSF_8,GCTGCAGCATGCAACT-1,-0.05781870569187654
CXCR3-,MS,CSF_8,GCTGCAGGTAATAGCA-1,-0.09834107806026707
CXCR3+,MS,CSF_8,GCTGCAGTCACAACGT-1,0.1618263919458624
CXCR3-,MS,CSF_8,GCTGCGACAAGGCTCC-1,-0.2928811176517816
CXCR3-,MS,CSF_8,GCTGCGATCAGCTCGG-1,-0.29661849310696453
CXCR3-,MS,CSF_8,GCTGCGATCTTCAACT-1,0.21684026880558313
CXCR3-,MS,CSF_8,GCTGCTTGTCCGAGTC-1,0.0748038999250084
CXCR3-,MS,CSF_8,GCTGGGTGTTGTTTGG-1,-0.09834107806026707
CXCR3-,MS,CSF_8,GCTTCCACAGTATAAG-1,-0.09834107806026707
CXCR3+,MS,CSF_8,GCTTCCAGTAGCGCAA-1,-0.7961370722493543
CXCR3+,MS,CSF_8,GCTTCCAGTGAGGCTA-1,0.5139280213034827
CXCR3-,MS,CSF_8,GGAACTTAGGCAATTA-1,0.2138912604037959
CXCR3-,MS,CSF_8,GGACAAGGTCATGCAT-1,-0.09834107806026707
CXCR3+,MS,CSF_8,GGACAAGGTTTCGCTC-1,-0.33798036292265354
CXCR3-,MS,CSF_8,GGACAAGTCACAACGT-1,-0.32494857383780956
CXCR3+,MS,CSF_8,GGACAGACAGGGAGAG-1,-0.43955430006861584
CXCR3-,MS,CSF_8,GGACATTAGAAGGTTT-1,-0.09834107806026707
CXCR3-,MS,CSF_8,GGACATTCATTGTGCA-1,-0.09834107806026707
CXCR3+,MS,CSF_8,GGACGTCCATTGGCGC-1,-0.08674786073546041
CXCR3-,MS,CSF_8,GGAGCAAGTGCCTTGG-1,-0.09834107806026707
CXCR3-,MS,CSF_8,GGATTACCATCACGAT-1,0.03334683461441782
CXCR3-,MS,CSF_8,GGCAATTGTTACGGAG-1,-0.09834107806026707
CXCR3+,MS,CSF_8,GGCAATTTCCAAATGC-1,0.0045269172971184836
CXCR3-,MS,CSF_8,GGCTGGTGTACAGACG-1,-0.23066789573286497
CXCR3+,MS,CSF_8,GGCTGGTGTTCATGGT-1,-0.09834107806026707
CXCR3-,MS,CSF_8,GGCTGGTTCTGTTGAG-1,-0.4192380837701405
CXCR3-,MS,CSF_8,GGGAGATTCTACCTGC-1,-0.12610417601473412
CXCR3+,MS,CSF_8,GGGATGAGTTACCAGT-1,-0.09844163792271396
CXCR3-,MS,CSF_8,GGGCACTCATCTATGG-1,-0.09834107806026707
CXCR3+,MS,CSF_8,GGGCACTTCAAGGTAA-1,-0.49564588202013005
CXCR3-,MS,CSF_8,GGGCATCGTTCAGACT-1,-0.28691401524545906
CXCR3+,MS,CSF_8,GGGCATCTCCACGCAG-1,-0.7619382282828623
CXCR3+,MS,CSF_8,GGGTCTGGTAGCGATG-1,0.2587004705284889
CXCR3-,MS,CSF_8,GGGTTGCCACCCATTC-1,-0.10841005532546277
CXCR3-,MS,CSF_8,GGTATTGGTGTTGAGG-1,-0.09834107806026707
CXCR3-,MS,CSF_8,GGTGAAGCAATAACGA-1,-0.39807111927546657
CXCR3+,MS,CSF_8,GGTGAAGGTGCAACTT-1,-0.2319872738521642
CXCR3+,MS,CSF_8,GGTGCGTTCACCACCT-1,0.19596846370458884
CXCR3-,MS,CSF_8,GTACTTTGTGACCAAG-1,-0.21704927252586065
CXCR3+,MS,CSF_8,GTAGGCCCACATCTTT-1,-0.09834107806026707
CXCR3+,MS,CSF_8,GTCACAACACTGTTAG-1,-0.057917892635362414
CXCR3-,MS,CSF_8,GTCACAATCCTTTCGG-1,-0.09834107806026707
CXCR3-,MS,CSF_8,GTCACAATCGCGCCAA-1,-0.09834107806026707
CXCR3+,MS,CSF_8,GTCACGGAGAGACTAT-1,-0.22429831452823362
CXCR3+,MS,CSF_8,GTCATTTTCGTACCGG-1,-0.04264398052145825
CXCR3-,MS,CSF_8,GTCCTCAAGATTACCC-1,0.13880983179161555
CXCR3-,MS,CSF_8,GTCCTCAAGGCTCAGA-1,-0.3043719679975786
CXCR3-,MS,CSF_8,GTCCTCATCAGTCCCT-1,-0.09834107806026707
CXCR3-,MS,CSF_8,GTCCTCATCTGCTGTC-1,-0.06275946764337258
CXCR3-,MS,CSF_8,GTCGGGTAGTGGTAGC-1,-0.49018632703418163
CXCR3-,MS,CSF_8,GTCGTAACAGGATCGA-1,0.24842870785418122
CXCR3+,MS,CSF_8,GTCTCGTGTTCCCTTG-1,0.068700184342004
CXCR3+,MS,CSF_8,GTCTTCGAGAGTCGGT-1,0.3119753424721882
CXCR3+,MS,CSF_8,GTCTTCGGTGAACCTT-1,-0.5660329044639623
CXCR3-,MS,CSF_8,GTGCATATCATGCAAC-1,-0.34129408999104566
CXCR3-,MS,CSF_8,GTGCGGTAGATATGGT-1,0.18772924563606966
CXCR3+,MS,CSF_8,GTGCGGTGTCCCTTGT-1,-0.1112603474682486
CXCR3-,MS,CSF_8,GTGCGGTGTTGCTCCT-1,-0.09834107806026707
CXCR3+,MS,CSF_8,GTGCTTCCAGAGTGTG-1,0.10134498539779968
CXCR3+,MS,CSF_8,GTGCTTCCATGTTCCC-1,-0.2638869943720525
CXCR3+,MS,CSF_8,GTGCTTCTCACGACTA-1,0.5620578428008746
CXCR3+,MS,CSF_8,GTTAAGCTCGCAAGCC-1,-0.20325708401793754
CXCR3-,MS,CSF_8,GTTACAGTCCAGTATG-1,-0.29552756218030524
CXCR3-,MS,CSF_8,GTTCATTCACCAGGCT-1,-0.09834107806026707
CXCR3+,MS,CSF_8,GTTTCTAAGCTGAACG-1,-0.0035855923655680705
CXCR3+,MS,CSF_8,GTTTCTACACCACGTG-1,-0.41726257149670903
CXCR3+,MS,CSF_8,GTTTCTATCCGTACAA-1,-0.09834107806026707
CXCR3-,MS,CSF_8,TAAACCGAGTGAACAT-1,-0.27403206809128083
CXCR3-,MS,CSF_8,TAAACCGCACGCTTTC-1,-0.06642588432798936
CXCR3-,MS,CSF_8,TAAACCGGTGTGGTTT-1,0.07698402236477027
CXCR3-,MS,CSF_8,TAAACCGGTTTGACTG-1,0.24298878857603698
CXCR3-,MS,CSF_8,TAAGAGAAGGTTACCT-1,-0.4929069194636409
CXCR3-,MS,CSF_8,TAAGAGAGTTAGGGTG-1,0.3477034619822573
CXCR3-,MS,CSF_8,TAAGCGTAGGCAATTA-1,-0.09834107806026707
CXCR3+,MS,CSF_8,TAAGCGTGTCTGCCAG-1,-0.5396478947792434
CXCR3-,MS,CSF_8,TAAGCGTTCTTCTGGC-1,-0.3339576833303382
CXCR3-,MS,CSF_8,TACACGAAGTTGTCGT-1,-0.28789201010508325
CXCR3-,MS,CSF_8,TACACGAGTGAGGCTA-1,0.3253294667767337
CXCR3-,MS,CSF_8,TACACGAGTTGCGTTA-1,-0.26298012394940934
CXCR3-,MS,CSF_8,TACAGTGAGTGTTAGA-1,-0.04614134418851786
CXCR3-,MS,CSF_8,TACAGTGCATTACCTT-1,0.19356321540028962
CXCR3-,MS,CSF_8,TACCTATCAGCGTTCG-1,-0.09834107806026707
CXCR3-,MS,CSF_8,TACCTTACAAGCCTAT-1,-0.09834107806026707
CXCR3-,MS,CSF_8,TACCTTAGTAAAGGAG-1,0.5958569825067587
CXCR3-,MS,CSF_8,TACCTTATCACTTACT-1,-0.09834107806026707
CXCR3+,MS,CSF_8,TACCTTATCCAAAGTC-1,0.6261450067932044
CXCR3-,MS,CSF_8,TACGGATGTCTGATCA-1,0.25535640027070844
CXCR3+,MS,CSF_8,TACGGATTCCCGACTT-1,0.24282721713914937
CXCR3-,MS,CSF_8,TACGGGCAGGTGCTTT-1,-0.489418780926166
CXCR3-,MS,CSF_8,TACGGGCTCAGCACAT-1,-0.09834107806026707
CXCR3+,MS,CSF_8,TACGGTATCCTCAATT-1,-0.009431158129980617
CXCR3+,MS,CSF_8,TACTCATAGAGCTATA-1,-0.23655746536069883
CXCR3-,MS,CSF_8,TACTCATAGCTGGAAC-1,-0.3364707023611015
CXCR3+,MS,CSF_8,TACTCATCAGGACGTA-1,-0.1969325776559173
CXCR3-,MS,CSF_8,TACTTACCAATAAGCA-1,0.055231482865642514
CXCR3+,MS,CSF_8,TACTTACTCTCTAGGA-1,0.03281143872136608
CXCR3-,MS,CSF_8,TAGACCAGTCATCGGC-1,0.16365482107367432
CXCR3-,MS,CSF_8,TAGAGCTAGGAGTAGA-1,-0.09834107806026707
CXCR3-,MS,CSF_8,TAGTGGTCAGCTTAAC-1,-0.0025428486617949625
CXCR3-,MS,CSF_8,TAGTGGTCATGCCACG-1,-0.2695027791504003
CXCR3-,MS,CSF_8,TAGTTGGCAACTGCTA-1,0.12315121663262667
CXCR3-,MS,CSF_8,TAGTTGGGTCTCTTAT-1,-0.09834107806026707
CXCR3+,MS,CSF_8,TATCAGGCATCTCCCA-1,-0.16039459167778064
CXCR3+,MS,CSF_8,TATCAGGTCTACTATC-1,-0.558721428442429
CXCR3+,MS,CSF_8,TCAACGAGTTGTGGCC-1,-0.42918887335929423
CXCR3-,MS,CSF_8,TCAATCTAGGCTAGCA-1,0.21720032102491377
CXCR3+,MS,CSF_8,TCAATCTTCCGCTGTT-1,-0.3280452617580965
CXCR3-,MS,CSF_8,TCACAAGCACTGTTAG-1,-0.09834107806026707
CXCR3+,MS,CSF_8,TCACGAAAGTGTTAGA-1,0.21894699474333387
CXCR3+,MS,CSF_8,TCAGCTCAGGAATCGC-1,-0.02676681588041286
CXCR3-,MS,CSF_8,TCAGGATGTCTCTCTG-1,0.5719528985543915
CXCR3+,MS,CSF_8,TCAGGATGTCTTGTCC-1,-0.45837622296577557
CXCR3-,MS,CSF_8,TCAGGTAAGATATGCA-1,0.21937953873728544
CXCR3+,MS,CSF_8,TCAGGTATCTGAGTGT-1,-0.09834107806026707
CXCR3-,MS,CSF_8,TCATTACCACCGTTGG-1,-0.501509505002551
CXCR3+,MS,CSF_8,TCATTTGAGACTTGAA-1,0.12645672640759403
CXCR3+,MS,CSF_8,TCCACACCAAGTAGTA-1,-0.09834107806026707
CXCR3-,MS,CSF_8,TCCACACTCCACGACG-1,-0.09834107806026707
CXCR3-,MS,CSF_8,TCCACACTCGCCCTTA-1,-0.11544716367744305
CXCR3+,MS,CSF_8,TCCCGATAGCGCCTCA-1,-0.2443101913438356
CXCR3-,MS,CSF_8,TCCCGATCAAGCCCAC-1,-0.09834107806026707
CXCR3+,MS,CSF_8,TCCCGATCACACATGT-1,-0.18276797068439504
CXCR3-,MS,CSF_8,TCGAGGCCATTAGCCA-1,0.3553867979062625
CXCR3-,MS,CSF_8,TCGCGAGAGGCAGTCA-1,-0.09834107806026707
CXCR3+,MS,CSF_8,TCGGGACCACGACGAA-1,-0.6899327097407936
CXCR3+,MS,CSF_8,TCGGGACTCTTGCAAG-1,-0.09834107806026707
CXCR3+,MS,CSF_8,TCGGTAAGTTCAACCA-1,-0.20096227536457123
CXCR3+,MS,CSF_8,TCGTACCAGCATGGCA-1,0.2754689301898186
CXCR3+,MS,CSF_8,TCGTACCAGCCCAGCT-1,0.41017493702346197
CXCR3-,MS,CSF_8,TCGTACCGTAGCGATG-1,0.7647648707826974
CXCR3+,MS,CSF_8,TCGTAGAAGTGGGCTA-1,-0.03037376696370307
CXCR3+,MS,CSF_8,TCTATTGCAAGTAATG-1,-0.09834107806026707
CXCR3+,MS,CSF_8,TCTATTGGTGGCCCTA-1,-0.20722628684545658
CXCR3-,MS,CSF_8,TCTCATAGTACTCAAC-1,-0.11985323566786375
CXCR3-,MS,CSF_8,TCTCATAGTTGGTAAA-1,0.11887934259964747
CXCR3-,MS,CSF_8,TCTCTAACACAACGTT-1,-0.09834107806026707
CXCR3-,MS,CSF_8,TCTCTAACAGGTGGAT-1,-0.1758684666140325
CXCR3+,MS,CSF_8,TCTGAGAGTTTGACTG-1,0.15073329998877835
CXCR3-,MS,CSF_8,TCTGGAATCGCAAGCC-1,-0.09834107806026707
CXCR3-,MS,CSF_8,TCTTCGGGTCAAAGAT-1,0.00449696932791231
CXCR3+,MS,CSF_8,TGACAACGTGCAGACA-1,-0.33859549332402966
CXCR3+,MS,CSF_8,TGACGGCAGGACCACA-1,-0.09834107806026707
CXCR3+,MS,CSF_8,TGACGGCAGGTGACCA-1,-1.50420940588317
CXCR3-,MS,CSF_8,TGACGGCCAACACCCG-1,-0.09834107806026707
CXCR3+,MS,CSF_8,TGACGGCCACAGATTC-1,-0.26201891527399085
CXCR3-,MS,CSF_8,TGACGGCGTCGCATCG-1,-0.30421843198464665
CXCR3-,MS,CSF_8,TGACGGCTCCTTTACA-1,-0.27352524688462304
CXCR3+,MS,CSF_8,TGACTAGAGGGAGTAA-1,-0.25398163172014276
CXCR3-,MS,CSF_8,TGACTTTCAATCCGAT-1,-0.09834107806026707
CXCR3-,MS,CSF_8,TGACTTTGTAGCTTGT-1,0.021612484065959867
CXCR3-,MS,CSF_8,TGACTTTGTATAGTAG-1,-0.5372931251825018
CXCR3-,MS,CSF_8,TGAGCCGGTACTTAGC-1,0.21074084898419346
CXCR3-,MS,CSF_8,TGAGGGATCAGGATCT-1,-0.09834107806026707
CXCR3+,MS,CSF_8,TGAGGGATCCTCCTAG-1,-0.09834107806026707
CXCR3-,MS,CSF_8,TGCACCTCACCACCAG-1,-0.33884721608862645
CXCR3+,MS,CSF_8,TGCACCTTCAGGCAAG-1,-0.004812681329183602
CXCR3+,MS,CSF_8,TGCCCTAGTGTAAGTA-1,-0.5082702044231836
CXCR3+,MS,CSF_8,TGCGCAGAGTAAGTAC-1,0.1296102105588979
CXCR3+,MS,CSF_8,TGCGCAGTCAATCTCT-1,-0.3626545516615628
CXCR3-,MS,CSF_8,TGCGCAGTCATTATCC-1,-0.08077907260679372
CXCR3+,MS,CSF_8,TGCGGGTGTTCCGGCA-1,-0.7526424931548844
CXCR3+,MS,CSF_8,TGCGGGTTCCAAAGTC-1,-0.09834107806026707
CXCR3+,MS,CSF_8,TGCGTGGAGTTACCCA-1,-0.5378214697931571
CXCR3-,MS,CSF_8,TGCTACCTCGCCTGTT-1,0.1922429188133421
CXCR3+,MS,CSF_8,TGCTACCTCGGAAACG-1,-0.019256892099658307
CXCR3-,MS,CSF_8,TGCTGCTCAGCTGCAC-1,-0.09834107806026707
CXCR3+,MS,CSF_8,TGCTGCTTCTCGGACG-1,0.13190372069110196
CXCR3+,MS,CSF_8,TGGACGCGTAGAGGAA-1,-0.2402311143745067
CXCR3+,MS,CSF_8,TGGCCAGTCGTGGGAA-1,-0.4350820897839777
CXCR3-,MS,CSF_8,TGGCGCAGTAAGTGTA-1,-0.09834107806026707
CXCR3-,MS,CSF_8,TGGTTAGAGAGGTTAT-1,0.31038929632143536
CXCR3+,MS,CSF_8,TGGTTAGGTGCACCAC-1,-0.38544025753416394
CXCR3+,MS,CSF_8,TGGTTCCAGACTAAGT-1,-0.14653161137849832
CXCR3+,MS,CSF_8,TGGTTCCCAGAGTGTG-1,0.5608970774035588
CXCR3-,MS,CSF_8,TGTATTCGTCTGGTCG-1,0.4414743009725393
CXCR3+,MS,CSF_8,TGTATTCTCAACGCTA-1,-0.09834107806026707
CXCR3-,MS,CSF_8,TGTCCCACAAGCCGTC-1,-0.43109395111667465
CXCR3+,MS,CSF_8,TGTGGTAGTGTTCTTT-1,-0.11194695584110745
CXCR3-,MS,CSF_8,TGTGTTTAGAGGTTGC-1,-0.09834107806026707
CXCR3-,MS,CSF_8,TGTGTTTGTAGCGCAA-1,-0.23076118197990655
CXCR3+,MS,CSF_8,TGTTCCGGTCCGCTGA-1,-0.09834107806026707
CXCR3+,MS,CSF_8,TGTTCCGTCAACGGCC-1,-0.4747256604685647
CXCR3+,MS,CSF_8,TTAGGACCAGGGTATG-1,0.6914138843832187
CXCR3-,MS,CSF_8,TTAGGACCATTTCACT-1,0.3511449657868139
CXCR3+,MS,CSF_8,TTAGTTCAGTGGAGAA-1,-0.3601220156556728
CXCR3-,MS,CSF_8,TTAGTTCTCAACACTG-1,-0.4686848857426095
CXCR3+,MS,CSF_8,TTAGTTCTCTATGTGG-1,-0.5822713298524009
CXCR3+,MS,CSF_8,TTCGAAGAGCTGATAA-1,0.03461117817556368
CXCR3+,MS,CSF_8,TTCGAAGCAGACGTAG-1,-0.10692813250707674
CXCR3-,MS,CSF_8,TTCGGTCTCTCTGTCG-1,0.3949634099558716
CXCR3+,MS,CSF_8,TTCTACACAGACGCCT-1,0.26354766971115423
CXCR3+,MS,CSF_8,TTCTCAATCAAACCGT-1,0.18099011851797384
CXCR3-,MS,CSF_8,TTCTCCTTCAGTCCCT-1,-0.09834107806026707
CXCR3-,MS,CSF_8,TTCTCCTTCCAGGGCT-1,-0.09834107806026707
CXCR3+,MS,CSF_8,TTCTCCTTCTCTGAGA-1,-0.2011992247976587
CXCR3-,MS,CSF_8,TTCTTAGAGAAACCGC-1,-0.23733786346412625
CXCR3-,MS,CSF_8,TTGAACGGTCCTCCAT-1,-0.09834107806026707
CXCR3+,MS,CSF_8,TTGACTTAGGCATTGG-1,-0.15915836792384233
CXCR3-,MS,CSF_8,TTGACTTGTGCCTGCA-1,0.4032103723853229
CXCR3+,MS,CSF_8,TTGACTTTCACCTTAT-1,-0.07494385440158806
CXCR3-,MS,CSF_8,TTGCCGTAGGCTAGCA-1,-0.3480538100683372
CXCR3-,MS,CSF_8,TTGGAACAGCACACAG-1,-0.22302204841528553
CXCR3+,MS,CSF_8,TTGGAACCACGAGAGT-1,-0.09834107806026707
CXCR3+,MS,CSF_8,TTGGCAAAGATGCCAG-1,-0.09834107806026707
CXCR3-,MS,CSF_8,TTGTAGGAGAAACCAT-1,-0.09834107806026707
CXCR3-,MS,CSF_8,TTGTAGGTCCGCATAA-1,0.3214441525562613
CXCR3+,MS,CSF_8,TTTATGCAGTCCGTAT-1,-0.09834107806026707
CXCR3+,MS,CSF_8,TTTATGCCACCGAATT-1,-0.20638659501825082
CXCR3-,MS,CSF_8,TTTATGCCACCGATAT-1,-0.09834107806026707
CXCR3+,MS,CSF_8,TTTATGCGTGGAAAGA-1,-0.3043719679975786
CXCR3-,MS,CSF_8,TTTCCTCTCCGCGGTA-1,-0.09834107806026707
CXCR3-,MS,CSF_8,TTTGCGCGTATAGTAG-1,-0.23555895536925484
CXCR3+,MS,CSF_8,TTTGCGCGTTCGTTGA-1,-1.455574278975765
CXCR3+,MS,CSF_8,TTTGTCATCTTACCTA-1,-0.1612585920984819
CXCR3-,MS,CSF_9,AAACCTGCAGTGAGTG-1,-0.42221049475388245
CXCR3-,MS,CSF_9,AAAGATGAGTACGTTC-1,-0.09834107806026707
CXCR3-,MS,CSF_9,AAAGATGCAGATGGCA-1,-0.09834107806026707
CXCR3-,MS,CSF_9,AAAGTAGCACACAGAG-1,-0.3606080371055075
CXCR3-,MS,CSF_9,AACCGCGAGCAATATG-1,0.11480704816900285
CXCR3-,MS,CSF_9,AACCGCGGTTAAGTAG-1,0.3671212416269299
CXCR3+,MS,CSF_9,AACCGCGGTTTCGCTC-1,-0.19604375229503862
CXCR3+,MS,CSF_9,AACGTTGAGGACATTA-1,0.7048068475488483
CXCR3-,MS,CSF_9,AACTCTTTCTATCCCG-1,-0.01062129404993988
CXCR3-,MS,CSF_9,AACTTTCCAGACTCGC-1,0.08297190720711388
CXCR3+,MS,CSF_9,AAGACCTGTCCTAGCG-1,-0.13363330031940193
CXCR3-,MS,CSF_9,AAGGCAGTCTTGAGAC-1,0.39349763182392994
CXCR3-,MS,CSF_9,AAGGTTCAGAGTACAT-1,0.12783693034342716
CXCR3-,MS,CSF_9,AAGTCTGTCGGATGGA-1,-1.134782277983856
CXCR3+,MS,CSF_9,AATCCAGTCAACACCA-1,-0.2123884191769587
CXCR3+,MS,CSF_9,ACACCCTTCCTTTACA-1,-0.22479352000479658
CXCR3-,MS,CSF_9,ACACCGGAGCGAGAAA-1,0.014116044064223466
CXCR3-,MS,CSF_9,ACAGCCGAGACTCGGA-1,-0.45294894206687736
CXCR3+,MS,CSF_9,ACAGCCGAGTAGGTGC-1,0.08458418161536493
CXCR3-,MS,CSF_9,ACAGCCGGTGAGGGAG-1,-0.09834107806026707
CXCR3-,MS,CSF_9,ACAGCCGTCAGAGCTT-1,0.21117483323862454
CXCR3+,MS,CSF_9,ACAGCTAGTCTCCACT-1,0.1502732784906975
CXCR3+,MS,CSF_9,ACATACGGTAAGTGTA-1,-0.3681781240610807
CXCR3-,MS,CSF_9,ACATCAGAGCTCAACT-1,-0.3825958956018489
CXCR3-,MS,CSF_9,ACATCAGTCGAATGCT-1,-0.4475150174631826
CXCR3+,MS,CSF_9,ACCAGTACATGCCACG-1,0.19526425849695808
CXCR3-,MS,CSF_9,ACCCACTCATTACGAC-1,-0.2993631018755472
CXCR3-,MS,CSF_9,ACCGTAAGTTGCGTTA-1,0.04330205452003662
CXCR3+,MS,CSF_9,ACCTTTAGTTCTCATT-1,0.21610196652518915
CXCR3-,MS,CSF_9,ACCTTTATCTTTAGGG-1,0.19108537926223268
CXCR3+,MS,CSF_9,ACGATACCACACCGCA-1,-0.3108453275901426
CXCR3-,MS,CSF_9,ACGCAGCAGTGGGTTG-1,0.10459331634883363
CXCR3+,MS,CSF_9,ACGCAGCGTGACGGTA-1,0.1980599437952011
CXCR3+,MS,CSF_9,ACGCCAGAGCGATGAC-1,-0.09834107806026707
CXCR3-,MS,CSF_9,ACGCCGACATTCACTT-1,0.17928583287944275
CXCR3-,MS,CSF_9,ACGGAGAGTGAAATCA-1,0.228618333453145
CXCR3-,MS,CSF_9,ACGGAGATCCTTGGTC-1,-0.48602260522288177
CXCR3-,MS,CSF_9,ACGGCCAAGGCATTGG-1,-0.011752626267253898
CXCR3+,MS,CSF_9,ACGGCCAGTCTGATTG-1,-0.28406189109574703
CXCR3+,MS,CSF_9,ACGGGTCGTGCTTCTC-1,-0.3130323449939362
CXCR3-,MS,CSF_9,ACTATCTCACCAGGTC-1,0.07594735701484454
CXCR3-,MS,CSF_9,ACTATCTGTCTAGCGC-1,-0.16907378879044158
CXCR3-,MS,CSF_9,ACTGAGTAGTTCCACA-1,0.15064265090084827
CXCR3-,MS,CSF_9,ACTGATGAGCGTTGCC-1,-0.09834107806026707
CXCR3-,MS,CSF_9,ACTGATGTCACTGGGC-1,-0.09834107806026707
CXCR3+,MS,CSF_9,ACTGATGTCAGAAATG-1,-0.5604677937648427
CXCR3-,MS,CSF_9,ACTGCTCAGACCCACC-1,0.18778349067739072
CXCR3+,MS,CSF_9,ACTTGTTTCCCTCAGT-1,-0.03416534614076293
CXCR3+,MS,CSF_9,ACTTTCACAGCATACT-1,-0.09834107806026707
CXCR3-,MS,CSF_9,ACTTTCACATCGACGC-1,0.07105720214520987
CXCR3-,MS,CSF_9,ACTTTCATCTAACTCT-1,-0.09834107806026707
CXCR3-,MS,CSF_9,AGAATAGTCACGCGGT-1,0.21549601396746193
CXCR3-,MS,CSF_9,AGACGTTCAAGGTTTC-1,0.3651265166629033
CXCR3-,MS,CSF_9,AGACGTTGTCTGCCAG-1,-0.2495181683776781
CXCR3-,MS,CSF_9,AGAGCGATCCAACCAA-1,0.08427443926109515
CXCR3-,MS,CSF_9,AGAGTGGAGATAGCAT-1,-0.6419852048229915
CXCR3-,MS,CSF_9,AGAGTGGCAGGGCATA-1,-0.5572139528795409
CXCR3-,MS,CSF_9,AGATCTGAGAGGTAGA-1,-0.09834107806026707
CXCR3-,MS,CSF_9,AGATCTGTCACAATGC-1,0.11765083961636978
CXCR3-,MS,CSF_9,AGATTGCTCCGGGTGT-1,0.6461322613597255
CXCR3-,MS,CSF_9,AGCGTATAGGCGCTCT-1,0.08031880673314191
CXCR3-,MS,CSF_9,AGCGTATGTCGGGTCT-1,-0.3037311247780856
CXCR3-,MS,CSF_9,AGCGTCGCACTATCTT-1,-0.09834107806026707
CXCR3+,MS,CSF_9,AGCTCTCCAGCCTTGG-1,-0.9281418587725504
CXCR3-,MS,CSF_9,AGCTTGACACTTCTGC-1,0.31788692912089556
CXCR3+,MS,CSF_9,AGGCCACAGCCAGTAG-1,-0.3710287868598562
CXCR3-,MS,CSF_9,AGGCCGTCAAACCTAC-1,-0.014836243699361635
CXCR3-,MS,CSF_9,AGGGAGTTCCTGCAGG-1,-0.0827253502206826
CXCR3+,MS,CSF_9,AGGGTGAGTCTGGAGA-1,0.38104761264580933
CXCR3-,MS,CSF_9,AGGTCCGAGCCTCGTG-1,-0.3816024657473739
CXCR3+,MS,CSF_9,AGTAGTCAGTTAACGA-1,0.10900237074528417
CXCR3-,MS,CSF_9,AGTCTTTTCGAATGGG-1,0.23672266059351088
CXCR3-,MS,CSF_9,AGTGGGATCTGATACG-1,0.29560581832153626
CXCR3-,MS,CSF_9,AGTGTCAAGAGTAAGG-1,-0.09834107806026707
CXCR3-,MS,CSF_9,AGTTGGTCAGACAAAT-1,0.11256223666295959
CXCR3-,MS,CSF_9,ATAACGCAGAGCTGGT-1,0.7586611406956097
CXCR3-,MS,CSF_9,ATAAGAGAGCAGCCTC-1,-0.09834107806026707
CXCR3+,MS,CSF_9,ATCATCTAGTGTCCCG-1,-0.09834107806026707
CXCR3-,MS,CSF_9,ATCATGGAGAAGGACA-1,-0.03167951974033413
CXCR3-,MS,CSF_9,ATCATGGGTGTAATGA-1,-0.09834107806026707
CXCR3+,MS,CSF_9,ATCCACCGTACTCGCG-1,0.20266284517524835
CXCR3-,MS,CSF_9,ATCCGAACATCGGTTA-1,0.2104886499468571
CXCR3-,MS,CSF_9,ATCCGAAGTCTGCGGT-1,0.05691281331930665
CXCR3-,MS,CSF_9,ATCCGAATCTGAAAGA-1,-0.19934658186397552
CXCR3+,MS,CSF_9,ATCGAGTAGAGCCCAA-1,0.02697643199120984
CXCR3-,MS,CSF_9,ATCGAGTAGGGTTTCT-1,-0.09834107806026707
CXCR3-,MS,CSF_9,ATGAGGGCACAACTGT-1,0.4345847745393753
CXCR3+,MS,CSF_9,ATGAGGGGTTCAGGCC-1,0.34921245694767006
CXCR3+,MS,CSF_9,ATGCGATGTCCCTTGT-1,-0.3507738327913942
CXCR3-,MS,CSF_9,ATGGGAGCACCACCAG-1,-0.2506563976472889
CXCR3-,MS,CSF_9,ATGGGAGTCTGCAAGT-1,0.29162050393114836
CXCR3+,MS,CSF_9,ATGTGTGCAGCTCCGA-1,0.08856191346610885
CXCR3-,MS,CSF_9,ATTATCCAGACTTTCG-1,0.2475334156761236
CXCR3-,MS,CSF_9,ATTATCCGTCCGTCAG-1,-0.2964105983132708
CXCR3-,MS,CSF_9,ATTCTACAGCATGGCA-1,0.2445088072322403
CXCR3+,MS,CSF_9,ATTCTACCACGTGAGA-1,-0.38898348526291354
CXCR3-,MS,CSF_9,ATTCTACGTATAGGGC-1,-0.23376645171903984
CXCR3-,MS,CSF_9,ATTCTACGTGCAACTT-1,-0.09834107806026707
CXCR3-,MS,CSF_9,ATTGGACGTCATATGC-1,0.11928672164738947
CXCR3-,MS,CSF_9,ATTGGACTCAGCTTAG-1,0.4178472595766554
CXCR3-,MS,CSF_9,ATTGGACTCCGAGCCA-1,-0.09834107806026707
CXCR3+,MS,CSF_9,ATTGGTGGTACCGTAT-1,-0.01319044760392174
CXCR3+,MS,CSF_9,ATTGGTGTCCCTAACC-1,0.2488504046537013
CXCR3-,MS,CSF_9,ATTTCTGAGAATGTGT-1,0.3672453968783286
CXCR3-,MS,CSF_9,ATTTCTGTCGACGGAA-1,-0.1204444136688976
CXCR3+,MS,CSF_9,CAACCTCAGACCGGAT-1,0.326651793344444
CXCR3-,MS,CSF_9,CAACCTCCACGAAATA-1,0.25248252181418934
CXCR3-,MS,CSF_9,CAACTAGAGTTACCCA-1,0.026657131164473807
CXCR3-,MS,CSF_9,CAAGATCAGGGTCTCC-1,-0.09834107806026707
CXCR3-,MS,CSF_9,CAAGATCGTACAGTGG-1,-0.6445932915161736
CXCR3-,MS,CSF_9,CAAGATCGTTAAGGGC-1,0.22461354531019517
CXCR3-,MS,CSF_9,CAAGGCCCAGGAATCG-1,-0.09834107806026707
CXCR3-,MS,CSF_9,CAAGTTGAGAGTGACC-1,-0.2335923465684975
CXCR3-,MS,CSF_9,CACACAACATTGTGCA-1,-0.3565111272103249
CXCR3-,MS,CSF_9,CACACTCAGATGTCGG-1,0.2018220515834617
CXCR3-,MS,CSF_9,CACAGTAGTCCATGAT-1,-0.09834107806026707
CXCR3-,MS,CSF_9,CACATAGCATGGGACA-1,0.052538068653696146
CXCR3-,MS,CSF_9,CACATTTGTGCCTGTG-1,-0.288966793112094
CXCR3-,MS,CSF_9,CACATTTTCCATGAAC-1,-0.31221797787361744
CXCR3+,MS,CSF_9,CACCACTGTTGGTAAA-1,-0.09834107806026707
CXCR3-,MS,CSF_9,CACCAGGAGCCCAATT-1,-0.10415926263924938
CXCR3-,MS,CSF_9,CACCTTGTCAGAGACG-1,0.40135291862921424
CXCR3-,MS,CSF_9,CACTCCAAGTCGCCGT-1,-0.1747623884984795
CXCR3-,MS,CSF_9,CAGAATCCAATGCCAT-1,-0.09834107806026707
CXCR3-,MS,CSF_9,CAGAATCGTCGACTGC-1,-0.38722771457734034
CXCR3-,MS,CSF_9,CAGAGAGAGCCATCGC-1,0.21876131076181463
CXCR3-,MS,CSF_9,CAGAGAGGTGTGACCC-1,-0.2804190555807349
CXCR3-,MS,CSF_9,CAGATCAAGGTCATCT-1,-0.4744276618301564
CXCR3-,MS,CSF_9,CAGCATAGTAGATTAG-1,0.16326805010423479
CXCR3+,MS,CSF_9,CAGCTAAAGACTAAGT-1,0.047971757875471414
CXCR3-,MS,CSF_9,CAGCTAAAGGTGATTA-1,-0.11123435643165795
CXCR3-,MS,CSF_9,CAGCTGGAGTAATCCC-1,-0.3141911468789759
CXCR3-,MS,CSF_9,CAGTAACGTAAATGAC-1,0.16539635292217567
CXCR3-,MS,CSF_9,CAGTCCTCACGCCAGT-1,0.14075876997279138
CXCR3-,MS,CSF_9,CATATGGTCGGCCGAT-1,-0.09834107806026707
CXCR3-,MS,CSF_9,CATATTCAGCCACCTG-1,-0.09834107806026707
CXCR3-,MS,CSF_9,CATATTCCATACTCTT-1,0.25927011221679225
CXCR3-,MS,CSF_9,CATATTCTCATAAAGG-1,0.324333621665886
CXCR3+,MS,CSF_9,CATCGAAAGATAGCAT-1,-0.09834107806026707
CXCR3+,MS,CSF_9,CATCGAAGTTTGTTGG-1,-0.9968966197270603
CXCR3-,MS,CSF_9,CATCGGGAGATAGCAT-1,-0.3027598398617929
CXCR3+,MS,CSF_9,CATGGCGCACAGATTC-1,0.30995824111917736
CXCR3+,MS,CSF_9,CATTCGCGTATGCTTG-1,-0.44241539243426253
CXCR3-,MS,CSF_9,CATTCGCTCCTTGGTC-1,-0.09834107806026707
CXCR3+,MS,CSF_9,CCAGCGAGTGAGCGAT-1,0.21099452354973078
CXCR3-,MS,CSF_9,CCAGCGATCTTCCTTC-1,0.006078559641670938
CXCR3-,MS,CSF_9,CCCAATCGTTCCGGCA-1,-0.09834107806026707
CXCR3-,MS,CSF_9,CCCAGTTCACCTCGTT-1,-0.2598992656257938
CXCR3+,MS,CSF_9,CCCTCCTAGGGTTTCT-1,-0.3928981181444429
CXCR3-,MS,CSF_9,CCGGGATCAACTTGAC-1,0.9625991820671087
CXCR3+,MS,CSF_9,CCGGGATTCACCTCGT-1,-0.047648509353281195
CXCR3+,MS,CSF_9,CCGGTAGTCTCTGCTG-1,-0.14285326353041916
CXCR3-,MS,CSF_9,CCGTACTCACCCAGTG-1,0.49253265115881145
CXCR3+,MS,CSF_9,CCGTGGAAGACACGAC-1,-0.09834107806026707
CXCR3-,MS,CSF_9,CCGTTCAGTGCCTGCA-1,-0.02215333214657466
CXCR3-,MS,CSF_9,CCTACCAAGCGCTTAT-1,0.14318529011985406
CXCR3-,MS,CSF_9,CCTAGCTGTCTCTTTA-1,0.007530427453169072
CXCR3-,MS,CSF_9,CCTAGCTTCTGGCGTG-1,-0.09834107806026707
CXCR3-,MS,CSF_9,CCTCTGATCGGCGCAT-1,1.1156718496874858
CXCR3-,MS,CSF_9,CCTTACGCACAGACAG-1,0.13857197924074463
CXCR3-,MS,CSF_9,CCTTCGATCTGTCAAG-1,0.23240699437618825
CXCR3-,MS,CSF_9,CCTTTCTGTACATGTC-1,0.13029591332489304
CXCR3-,MS,CSF_9,CGAACATCATATACGC-1,-0.19550699802537203
CXCR3-,MS,CSF_9,CGAACATTCCTACAGA-1,0.2456444640663001
CXCR3-,MS,CSF_9,CGAATGTTCACTCTTA-1,0.2813365957998181
CXCR3-,MS,CSF_9,CGAATGTTCAGATAAG-1,-0.18072510840712172
CXCR3-,MS,CSF_9,CGACCTTAGGTGTGGT-1,0.20931772676684698
CXCR3-,MS,CSF_9,CGACCTTTCGTTTGCC-1,-0.09834107806026707
CXCR3+,MS,CSF_9,CGAGCACGTCTGCGGT-1,-0.23746532179547244
CXCR3-,MS,CSF_9,CGAGCCACAAGTCTAC-1,0.18541441685055848
CXCR3+,MS,CSF_9,CGAGCCACACTGAAGG-1,0.09138659246105042
CXCR3-,MS,CSF_9,CGATGGCGTATCACCA-1,0.028239759358838108
CXCR3+,MS,CSF_9,CGATTGATCGTTTATC-1,-0.07953971808879305
CXCR3-,MS,CSF_9,CGCCAAGTCCAAACTG-1,-0.24354939141326273
CXCR3-,MS,CSF_9,CGCGGTAAGCTCAACT-1,0.10603271254416599
CXCR3-,MS,CSF_9,CGCTGGACAGGGCATA-1,-0.09834107806026707
CXCR3+,MS,CSF_9,CGCTTCAAGAGTAAGG-1,0.12876350598742153
CXCR3-,MS,CSF_9,CGCTTCACAACTGCGC-1,0.29445627422703424
CXCR3-,MS,CSF_9,CGCTTCATCCTGCAGG-1,-0.4287586001473954
CXCR3-,MS,CSF_9,CGCTTCATCGTGGGAA-1,-0.021200155151940053
CXCR3+,MS,CSF_9,CGGACACCACATGTGT-1,0.36433734854087485
CXCR3+,MS,CSF_9,CGGAGCTAGCGCTTAT-1,0.14827708752494115
CXCR3-,MS,CSF_9,CGGAGTCAGCTAAACA-1,-0.03776665216752941
CXCR3-,MS,CSF_9,CGGCTAGTCTGCGACG-1,0.37020858914560967
CXCR3+,MS,CSF_9,CGTAGCGAGAAGGACA-1,0.1107728299811396
CXCR3-,MS,CSF_9,CGTAGCGCAGGTGCCT-1,-0.3195890414739252
CXCR3-,MS,CSF_9,CGTAGGCGTGTCTGAT-1,-0.09834107806026707
CXCR3-,MS,CSF_9,CGTCCATAGTTTGCGT-1,0.27895006977252534
CXCR3-,MS,CSF_9,CGTCTACGTAGAGCTG-1,-0.09834107806026707
CXCR3-,MS,CSF_9,CGTGTAACACATGGGA-1,0.23673472372936114
CXCR3-,MS,CSF_9,CGTGTCTCATACAGCT-1,-0.7484901619708705
CXCR3-,MS,CSF_9,CGTTCTGCATTCACTT-1,-0.029966345836954535
CXCR3-,MS,CSF_9,CGTTCTGTCATTTGGG-1,-0.2962275876433972
CXCR3-,MS,CSF_9,CGTTGGGTCGGATGGA-1,-0.03793617056804771
CXCR3+,MS,CSF_9,CTACACCCATCTCGCT-1,-0.09834107806026707
CXCR3-,MS,CSF_9,CTACGTCAGCTGCCCA-1,0.03512011310670341
CXCR3-,MS,CSF_9,CTCAGAATCTGGGCCA-1,0.32985834807873243
CXCR3-,MS,CSF_9,CTCCTAGAGTACGCCC-1,0.17064965366022458
CXCR3+,MS,CSF_9,CTCGAAAAGGCTCTTA-1,0.11183228841550087
CXCR3+,MS,CSF_9,CTCGAGGCAATGGACG-1,0.09432548237023086
CXCR3-,MS,CSF_9,CTCGGAGGTATGCTTG-1,0.46389933770943514
CXCR3-,MS,CSF_9,CTCTAATAGCGATGAC-1,-0.09834107806026707
CXCR3-,MS,CSF_9,CTCTGGTAGGTGGGTT-1,0.3524687961267479
CXCR3-,MS,CSF_9,CTCTGGTAGTGCCAGA-1,0.1390582499412483
CXCR3-,MS,CSF_9,CTGAAACAGCGTTCCG-1,-0.09834107806026707
CXCR3-,MS,CSF_9,CTGAAACAGGCTATCT-1,0.6261450067932044
CXCR3-,MS,CSF_9,CTGAAACTCTAACTGG-1,0.32435939220192306
CXCR3+,MS,CSF_9,CTGATAGCACCGAATT-1,0.06337643001363176
CXCR3+,MS,CSF_9,CTGATAGCAGCCAATT-1,-0.05905505415409001
CXCR3-,MS,CSF_9,CTGATAGGTTGGTAAA-1,-0.09834107806026707
CXCR3+,MS,CSF_9,CTGATAGTCAACACTG-1,-0.09834107806026707
CXCR3-,MS,CSF_9,CTGCCTAAGGTGATAT-1,-0.6433471491321072
CXCR3-,MS,CSF_9,CTTAACTCACAGAGGT-1,-0.09834107806026707
CXCR3+,MS,CSF_9,CTTACCGTCCAAGTAC-1,0.4841301600912486
CXCR3-,MS,CSF_9,CTTCTCTGTACTCGCG-1,-0.36119089205565497
CXCR3-,MS,CSF_9,CTTCTCTTCTGTCAAG-1,-0.09834107806026707
CXCR3-,MS,CSF_9,CTTGGCTTCAGGTAAA-1,-0.09834107806026707
CXCR3-,MS,CSF_9,CTTTGCGCATATACGC-1,-0.23378825148881494
CXCR3-,MS,CSF_9,CTTTGCGGTGACTCAT-1,-0.05838763839957723
CXCR3-,MS,CSF_9,GAAACTCGTCCATCCT-1,0.2474748016869413
CXCR3-,MS,CSF_9,GAAATGAAGCACCGTC-1,-0.44074100307388
CXCR3-,MS,CSF_9,GAAATGAGTCTCTTAT-1,0.12644894028276363
CXCR3-,MS,CSF_9,GAATAAGCATGTCTCC-1,-0.09834107806026707
CXCR3+,MS,CSF_9,GACCAATAGGCATTGG-1,0.005830336244246924
CXCR3-,MS,CSF_9,GACGCGTCAAACCTAC-1,-0.3966269528428071
CXCR3-,MS,CSF_9,GACGCGTTCAAGGCTT-1,-0.09834107806026707
CXCR3-,MS,CSF_9,GACGGCTAGACACTAA-1,-0.7018073670022215
CXCR3-,MS,CSF_9,GACGGCTAGTGGGATC-1,-0.2510885019010886
CXCR3-,MS,CSF_9,GACGTGCGTATTAGCC-1,-0.23587434881261357
CXCR3-,MS,CSF_9,GACGTTACAAACCTAC-1,-0.204022849533287
CXCR3-,MS,CSF_9,GACTAACCAGGAATGC-1,0.3358843632230632
CXCR3+,MS,CSF_9,GACTACAAGAAACCTA-1,0.2959365859479215
CXCR3+,MS,CSF_9,GACTACAAGACAGAGA-1,-0.41005813545986847
CXCR3-,MS,CSF_9,GACTACAAGTACGATA-1,-0.2838041991112404
CXCR3-,MS,CSF_9,GAGGTGAAGCCATCGC-1,0.11834007679155605
CXCR3+,MS,CSF_9,GAGGTGATCTTGGGTA-1,-0.05478295850316214
CXCR3-,MS,CSF_9,GAGTCCGCACAGACAG-1,-0.09834107806026707
CXCR3-,MS,CSF_9,GAGTCCGGTGTTCGAT-1,0.14300980959588966
CXCR3-,MS,CSF_9,GATCGTAAGCCACCTG-1,0.29631381729851874
CXCR3+,MS,CSF_9,GATCGTAAGTATCTCG-1,-0.09834107806026707
CXCR3+,MS,CSF_9,GATGAGGCACCACGTG-1,0.2738502543364285
CXCR3-,MS,CSF_9,GATGCTACACTTGGAT-1,0.15110394458274054
CXCR3-,MS,CSF_9,GATTCAGAGGGATGGG-1,-0.09834107806026707
CXCR3-,MS,CSF_9,GCAAACTGTGGCAAAC-1,0.34894988674824046
CXCR3-,MS,CSF_9,GCAAACTTCGCGTAGC-1,-0.3889355955757456
CXCR3-,MS,CSF_9,GCACATATCCTCAATT-1,0.34663335643437776
CXCR3+,MS,CSF_9,GCAGCCATCTACTTAC-1,-0.18468094324266043
CXCR3-,MS,CSF_9,GCAGTTATCGTGTAGT-1,-0.09834107806026707
CXCR3-,MS,CSF_9,GCATACAAGTGTTAGA-1,0.3592992033804527
CXCR3-,MS,CSF_9,GCATACAAGTTCCACA-1,0.11486557744209384
CXCR3-,MS,CSF_9,GCCAAATTCTTGCATT-1,-0.09834107806026707
CXCR3-,MS,CSF_9,GCGACCACAAACCCAT-1,-0.12744895527707273
CXCR3-,MS,CSF_9,GCGACCAGTAGCGTCC-1,-0.21913868899690161
CXCR3+,MS,CSF_9,GCGACCATCCAGAGGA-1,-0.1119878378995424
CXCR3-,MS,CSF_9,GCGCAACAGATGGCGT-1,-0.14353931681285886
CXCR3-,MS,CSF_9,GCGCAACTCGCATGAT-1,0.6005915136817235
CXCR3+,MS,CSF_9,GCTCCTAGTGGACGAT-1,-0.07582652428696547
CXCR3-,MS,CSF_9,GCTCCTATCTCACATT-1,-0.026849969829284243
CXCR3+,MS,CSF_9,GCTCTGTGTGAGGCTA-1,0.3571127101575799
CXCR3-,MS,CSF_9,GCTGCAGGTCGGCACT-1,-0.09834107806026707
CXCR3-,MS,CSF_9,GCTGCTTAGAGACTTA-1,0.028130709592567867
CXCR3-,MS,CSF_9,GCTGCTTAGGACATTA-1,0.1636726592620712
CXCR3-,MS,CSF_9,GCTGCTTTCACAGGCC-1,0.3567486046220764
CXCR3-,MS,CSF_9,GCTTCCAAGTACGCGA-1,0.11876349449962173
CXCR3-,MS,CSF_9,GCTTCCACATGAACCT-1,0.6848370921424062
CXCR3-,MS,CSF_9,GCTTCCATCCCTCAGT-1,0.07725241416904742
CXCR3-,MS,CSF_9,GGAAAGCGTCATATCG-1,-0.40706688212822834
CXCR3-,MS,CSF_9,GGAACTTCATCGGTTA-1,0.06054288110734975
CXCR3-,MS,CSF_9,GGAACTTTCAATACCG-1,-0.09834107806026707
CXCR3-,MS,CSF_9,GGAATAACACCTTGTC-1,0.2492466792117822
CXCR3-,MS,CSF_9,GGAATAATCAAACGGG-1,0.25578362772143887
CXCR3-,MS,CSF_9,GGACAGAGTCCAGTGC-1,0.5020637281312255
CXCR3-,MS,CSF_9,GGACGTCAGCTAAGAT-1,0.9654415300336437
CXCR3-,MS,CSF_9,GGACGTCAGTTTCCTT-1,-0.09834107806026707
CXCR3+,MS,CSF_9,GGATGTTCACTGTGTA-1,0.3428507546512978
CXCR3-,MS,CSF_9,GGATTACCAAAGGAAG-1,-0.09834107806026707
CXCR3-,MS,CSF_9,GGCCGATGTGACTACT-1,0.7092491037199949
CXCR3+,MS,CSF_9,GGCTCGAAGAGGGCTT-1,-1.2395061152988642
CXCR3-,MS,CSF_9,GGCTCGACAACAACCT-1,0.2690553716834107
CXCR3-,MS,CSF_9,GGCTGGTCAACACCTA-1,-0.34622993264948754
CXCR3-,MS,CSF_9,GGGATGAGTGATGTCT-1,-0.2379427953550782
CXCR3-,MS,CSF_9,GGGCATCGTCCGTTAA-1,0.28955055955349185
CXCR3-,MS,CSF_9,GGGCATCTCTGCCCTA-1,0.09880820216642341
CXCR3-,MS,CSF_9,GGGTCTGCAAGCGAGT-1,0.08815097950918058
CXCR3-,MS,CSF_9,GGGTTGCCATACGCCG-1,-0.6308702083223794
CXCR3+,MS,CSF_9,GGTATTGAGCTACCGC-1,-0.5805015273474005
CXCR3+,MS,CSF_9,GGTATTGAGGACAGAA-1,0.06374729668769462
CXCR3+,MS,CSF_9,GGTATTGTCTTCTGGC-1,-0.3636150904555587
CXCR3+,MS,CSF_9,GGTGAAGTCACCGTAA-1,-0.09834107806026707
CXCR3+,MS,CSF_9,GGTGCGTGTACTCAAC-1,0.5878683445629976
CXCR3+,MS,CSF_9,GTAACGTAGGGCACTA-1,-0.6559528384644941
CXCR3-,MS,CSF_9,GTAACTGAGGAATGGA-1,0.3220618452255869
CXCR3-,MS,CSF_9,GTAACTGGTGCTGTAT-1,0.2848429831225535
CXCR3+,MS,CSF_9,GTACGTACATTATCTC-1,0.031721911205621484
CXCR3+,MS,CSF_9,GTACGTATCATGTCTT-1,-0.12953775804037646
CXCR3-,MS,CSF_9,GTAGTCATCCACTCCA-1,-0.31962320413528394
CXCR3+,MS,CSF_9,GTAGTCATCCTAAGTG-1,0.07310257359417503
CXCR3-,MS,CSF_9,GTATTCTAGCCAGGAT-1,-0.1103703982820793
CXCR3-,MS,CSF_9,GTATTCTTCTAAGCCA-1,1.4082255871119984
CXCR3-,MS,CSF_9,GTCAAGTAGGCTAGGT-1,-0.3202922461018648
CXCR3-,MS,CSF_9,GTCACAAAGCCACTAT-1,0.2895663310050035
CXCR3-,MS,CSF_9,GTCACAACAGTAAGAT-1,-0.09834107806026707
CXCR3+,MS,CSF_9,GTCACAATCCGAACGC-1,0.11688882273160296
CXCR3-,MS,CSF_9,GTCATTTAGTATCGAA-1,0.582660057251808
CXCR3-,MS,CSF_9,GTCATTTCAAGAAAGG-1,0.2836129809611972
CXCR3-,MS,CSF_9,GTCGGGTAGCTGTCTA-1,0.16948560824172296
CXCR3-,MS,CSF_9,GTCGGGTCAGGTGGAT-1,-0.09834107806026707
CXCR3+,MS,CSF_9,GTCGTAACAGGGTTAG-1,0.33618578888585254
CXCR3+,MS,CSF_9,GTCGTAAGTTCCGTCT-1,0.10251395286828587
CXCR3-,MS,CSF_9,GTCTTCGTCGCCATAA-1,-0.24751945765788103
CXCR3-,MS,CSF_9,GTGCAGCCAGAGTGTG-1,-0.20650369306958022
CXCR3+,MS,CSF_9,GTGCGGTAGACACTAA-1,-0.05476563351077283
CXCR3-,MS,CSF_9,GTGGGTCAGAGGTACC-1,0.2075885510973521
CXCR3-,MS,CSF_9,GTGTGCGGTGCCTGTG-1,-0.11252042431345467
CXCR3-,MS,CSF_9,GTGTGCGGTGGCGAAT-1,0.08819643597917735
CXCR3+,MS,CSF_9,GTGTTAGGTCTGCGGT-1,-0.39261161973847514
CXCR3-,MS,CSF_9,GTTCATTGTTGTGGCC-1,-0.5761757561522965
CXCR3-,MS,CSF_9,GTTTCTAGTATTAGCC-1,0.4468337673840859
CXCR3-,MS,CSF_9,GTTTCTATCGTGTAGT-1,-0.3578328092100772
CXCR3-,MS,CSF_9,TAAACCGGTCATCGGC-1,0.6906080880637545
CXCR3+,MS,CSF_9,TAAACCGTCGGATGGA-1,0.5632035505522275
CXCR3-,MS,CSF_9,TACACGAAGTTAGCGG-1,-0.09834107806026707
CXCR3+,MS,CSF_9,TACACGAGTAGTAGTA-1,-0.38428982849238114
CXCR3-,MS,CSF_9,TACACGATCCGATATG-1,-0.25234365294665434
CXCR3+,MS,CSF_9,TACAGTGTCACCACCT-1,0.29145252816333417
CXCR3+,MS,CSF_9,TACCTATAGGCCATAG-1,0.10664644764540819
CXCR3-,MS,CSF_9,TACCTTAAGACCTAGG-1,-0.22031090715487145
CXCR3+,MS,CSF_9,TACGGGCGTCAAAGCG-1,0.18622488071365997
CXCR3-,MS,CSF_9,TACGGTATCGCGTAGC-1,-0.09834107806026707
CXCR3-,MS,CSF_9,TACTCATGTGCCTGGT-1,0.680836336348838
CXCR3-,MS,CSF_9,TACTCATGTGGCGAAT-1,-0.09834107806026707
CXCR3-,MS,CSF_9,TACTCGCAGGAATTAC-1,0.07757208054217384
CXCR3-,MS,CSF_9,TACTTGTAGCCCGAAA-1,-0.09834107806026707
CXCR3-,MS,CSF_9,TAGAGCTGTTCAGGCC-1,-0.09834107806026707
CXCR3+,MS,CSF_9,TAGCCGGCATCCGCGA-1,-0.09834107806026707
CXCR3+,MS,CSF_9,TAGCCGGGTACCGTTA-1,-0.39662414749105823
CXCR3-,MS,CSF_9,TAGGCATAGAGCAATT-1,-0.09834107806026707
CXCR3-,MS,CSF_9,TAGTTGGCACGCTTTC-1,0.07904534352049682
CXCR3-,MS,CSF_9,TATCAGGGTTGTTTGG-1,-0.29641370611726775
CXCR3-,MS,CSF_9,TATCTCAGTTATCCGA-1,-0.40465167113497424
CXCR3-,MS,CSF_9,TATGCCCCAGGCGATA-1,-0.09834107806026707
CXCR3-,MS,CSF_9,TATGCCCTCCCGACTT-1,0.08547692847679735
CXCR3-,MS,CSF_9,TCAACGAAGTAAGTAC-1,-0.0397903373120558
CXCR3-,MS,CSF_9,TCAACGACACACTGCG-1,0.19887341881556894
CXCR3-,MS,CSF_9,TCACAAGTCGCCTGAG-1,-0.14289127786432423
CXCR3-,MS,CSF_9,TCACGAATCGAACGGA-1,0.0331769347319383
CXCR3+,MS,CSF_9,TCAGCTCAGGCGTACA-1,0.010405541161008244
CXCR3-,MS,CSF_9,TCAGGATGTCAAAGCG-1,-0.5403179301106925
CXCR3+,MS,CSF_9,TCAGGTAAGAGATGAG-1,0.11884012857244307
CXCR3-,MS,CSF_9,TCCACACGTCAAGCGA-1,0.3200221598874278
CXCR3-,MS,CSF_9,TCCACACGTCTAGTCA-1,-0.26570254065228316
CXCR3-,MS,CSF_9,TCCCGATTCATCATTC-1,0.7682199785614473
CXCR3+,MS,CSF_9,TCGAGGCAGCCCAATT-1,0.1801141975438038
CXCR3-,MS,CSF_9,TCGAGGCTCACAGTAC-1,0.36110022964887084
CXCR3+,MS,CSF_9,TCGCGAGAGATCCCGC-1,0.08007411635467905
CXCR3+,MS,CSF_9,TCGCGTTCAAGGCTCC-1,-0.09506409335634479
CXCR3-,MS,CSF_9,TCGGGACCAAGGGTCA-1,0.20665630791254105
CXCR3-,MS,CSF_9,TCGGGACTCAGCTCTC-1,-0.015927732923362043
CXCR3-,MS,CSF_9,TCGTACCGTTCTGTTT-1,-0.29329294994808325
CXCR3-,MS,CSF_9,TCGTAGAAGAGGGCTT-1,0.011898432360180764
CXCR3-,MS,CSF_9,TCGTAGAAGTAGGTGC-1,-0.01708628374311919
CXCR3+,MS,CSF_9,TCGTAGATCAACGGGA-1,-0.17560541195046384
CXCR3-,MS,CSF_9,TCTCATATCTTGCCGT-1,0.13936475777652282
CXCR3+,MS,CSF_9,TCTCTAACACTAAGTC-1,0.21504441560397852
CXCR3-,MS,CSF_9,TCTGAGAAGGAGCGTT-1,0.7695480330234726
CXCR3-,MS,CSF_9,TCTGAGATCAAGCCTA-1,-0.48250240990390025
CXCR3-,MS,CSF_9,TCTTTCCAGTGCGATG-1,-0.8122237987930377
CXCR3-,MS,CSF_9,TCTTTCCGTACAGTGG-1,-0.09834107806026707
CXCR3-,MS,CSF_9,TGAAAGATCAATACCG-1,-0.09834107806026707
CXCR3+,MS,CSF_9,TGACTAGCATGCCCGA-1,-0.01839307924479729
CXCR3+,MS,CSF_9,TGAGCATAGAGTGAGA-1,0.27101689513773036
CXCR3-,MS,CSF_9,TGAGGGACACCGGAAA-1,-0.264451186478199
CXCR3-,MS,CSF_9,TGCACCTTCCGTACAA-1,-0.268077541614277
CXCR3+,MS,CSF_9,TGCCAAAGTTATCGGT-1,-0.0674578929243421
CXCR3-,MS,CSF_9,TGCCCTATCCAACCAA-1,0.052801857927774476
CXCR3+,MS,CSF_9,TGCGCAGAGGACCACA-1,0.39093930205881383
CXCR3-,MS,CSF_9,TGCGCAGGTCACCTAA-1,-0.37615713310830085
CXCR3-,MS,CSF_9,TGCGCAGGTGGAAAGA-1,0.17366704773122774
CXCR3-,MS,CSF_9,TGCGTGGAGACCACGA-1,0.15417050594930679
CXCR3-,MS,CSF_9,TGCGTGGGTAGGAGTC-1,-0.5843797848420105
CXCR3+,MS,CSF_9,TGCTACCAGCAATATG-1,0.043185542217228104
CXCR3-,MS,CSF_9,TGGCCAGGTGAGGGAG-1,-0.5315897403027493
CXCR3-,MS,CSF_9,TGGCGCACAAACGCGA-1,0.11267324384049696
CXCR3-,MS,CSF_9,TGGGAAGAGGTGATAT-1,-0.0967106985766102
CXCR3-,MS,CSF_9,TGGGCGTAGCTGCCCA-1,-0.23900442070251168
CXCR3-,MS,CSF_9,TGGGCGTAGTAACCCT-1,-1.1137950665143923
CXCR3-,MS,CSF_9,TGGTTAGCATCGGAAG-1,-0.09834107806026707
CXCR3+,MS,CSF_9,TGTATTCAGTACGCGA-1,-0.022711544156816182
CXCR3-,MS,CSF_9,TGTGTTTGTCCATGAT-1,0.12255464720418963
CXCR3-,MS,CSF_9,TGTGTTTTCGTGTAGT-1,-0.09834107806026707
CXCR3-,MS,CSF_9,TGTTCCGAGACACTAA-1,-0.6908083038442469
CXCR3+,MS,CSF_9,TTAGTTCGTACCCAAT-1,-0.07621957486015997
CXCR3-,MS,CSF_9,TTAGTTCTCCTGCTTG-1,-0.13528770572709722
CXCR3-,MS,CSF_9,TTCCCAGTCGCCCTTA-1,0.34164004385844265
CXCR3+,MS,CSF_9,TTCGAAGAGGACTGGT-1,-0.18611678390048386
CXCR3-,MS,CSF_9,TTCGAAGAGGCCATAG-1,0.7599982783682705
CXCR3-,MS,CSF_9,TTCGGTCAGATATGCA-1,0.2647997291641336
CXCR3-,MS,CSF_9,TTCGGTCCACATTTCT-1,-0.22143885771583025
CXCR3-,MS,CSF_9,TTCGGTCTCAAGGCTT-1,0.08384429571351361
CXCR3-,MS,CSF_9,TTCTACAGTAGATTAG-1,1.6920709814653578
CXCR3-,MS,CSF_9,TTGACTTGTCCATCCT-1,0.1458907320598503
CXCR3-,MS,CSF_9,TTGCCGTAGACATAAC-1,-0.32232540188552106
CXCR3-,MS,CSF_9,TTGCGTCAGATACACA-1,0.025291877937024514
CXCR3-,MS,CSF_9,TTGCGTCAGCGTTGCC-1,-0.07775103129280415
CXCR3-,MS,CSF_9,TTGGCAACAGCCTTGG-1,-0.2656185560984526
CXCR3+,MS,CSF_9,TTGGCAAGTGCGAAAC-1,-0.09018686660698008
CXCR3+,MS,CSF_9,TTGTAGGGTAAAGTCA-1,0.1467647167726316
CXCR3-,MS,CSF_9,TTGTAGGGTGATGATA-1,-0.4261041266310918
CXCR3+,MS,CSF_9,TTTACTGAGTGTACCT-1,-0.09219263120594527
CXCR3-,MS,CSF_9,TTTACTGCACCGTTGG-1,-0.24707894832376434
CXCR3-,MS,CSF_9,TTTATGCTCCAATGGT-1,-0.437392518711726
CXCR3+,MS,CSF_9,TTTGCGCGTCATCGGC-1,-0.5894039360009861
CXCR3-,MS,CSF_9,TTTGCGCGTTACGCGC-1,0.10912238188793323
CXCR3-,MS,CSF_9,TTTGGTTCAGCGTAAG-1,0.0865072494063073
CXCR3-,MS,CSF_10,AAACCTGAGCTGCAAG-1,-0.30757595498916085
CXCR3+,MS,CSF_10,AAACGGGAGAAGATTC-1,-0.09834107806026707
CXCR3-,MS,CSF_10,AAAGATGTCTCTTATG-1,-0.22814100940827559
CXCR3-,MS,CSF_10,AAAGCAAGTCGAACAG-1,-0.2701924957373484
CXCR3+,MS,CSF_10,AACCGCGAGTGAAGTT-1,0.5493682800090494
CXCR3+,MS,CSF_10,AACCGCGCACAGTCGC-1,-0.31262976562572586
CXCR3+,MS,CSF_10,AAGCCGCCATAGGATA-1,-0.29163867559073237
CXCR3-,MS,CSF_10,AATCGGTCACACCGAC-1,-0.13091868683209174
CXCR3+,MS,CSF_10,AATCGGTGTTACTGAC-1,-0.22687001250855074
CXCR3-,MS,CSF_10,ACACCCTGTGTGGTTT-1,-0.9433956810358478
CXCR3-,MS,CSF_10,ACAGCCGCAGAGCCAA-1,0.015377364617177544
CXCR3-,MS,CSF_10,ACAGCTACACTGTTAG-1,-0.5744569249074628
CXCR3+,MS,CSF_10,ACATACGCAGACACTT-1,0.02114937594805934
CXCR3-,MS,CSF_10,ACCAGTAGTTACCGAT-1,-0.22205602560659146
CXCR3-,MS,CSF_10,ACCCACTCATACCATG-1,-0.09834107806026707
CXCR3-,MS,CSF_10,ACCCACTGTGCTAGCC-1,-0.3273499385112468
CXCR3-,MS,CSF_10,ACCTTTACACCACCAG-1,-0.5104339400795824
CXCR3-,MS,CSF_10,ACCTTTATCAAACGGG-1,0.5204823616272763
CXCR3-,MS,CSF_10,ACCTTTATCTGCAGTA-1,0.19765732067667535
CXCR3+,MS,CSF_10,ACGATACCATTTCACT-1,-0.5476559786269485
CXCR3+,MS,CSF_10,ACGATACGTCAAACTC-1,0.22101304961707882
CXCR3-,MS,CSF_10,ACGATGTCAAGTTCTG-1,-0.09834107806026707
CXCR3-,MS,CSF_10,ACGATGTGTAAACACA-1,0.08233313389363187
CXCR3-,MS,CSF_10,ACTATCTAGTTGAGAT-1,1.1030489672241566
CXCR3-,MS,CSF_10,ACTGAGTCAATGAAAC-1,0.4616809530118225
CXCR3+,MS,CSF_10,ACTGAGTCACAGACTT-1,0.18655579615395507
CXCR3+,MS,CSF_10,ACTGATGGTGCACTTA-1,0.0020347202527696445
CXCR3+,MS,CSF_10,ACTGTCCGTCCGACGT-1,-0.7670771141170519
CXCR3+,MS,CSF_10,ACTGTCCTCATTATCC-1,-0.3290159232464872
CXCR3+,MS,CSF_10,AGACGTTTCGGACAAG-1,0.09439312193587276
CXCR3-,MS,CSF_10,AGCAGCCTCGGCTTGG-1,0.7105472654264219
CXCR3+,MS,CSF_10,AGCATACAGCTCCTCT-1,0.6196719794947984
CXCR3+,MS,CSF_10,AGCCTAACATGTCCTC-1,0.7482685745374599
CXCR3-,MS,CSF_10,AGCTTGACACATTCGA-1,-0.18252113661863043
CXCR3+,MS,CSF_10,AGGGATGGTTATCACG-1,-0.20377092691701545
CXCR3+,MS,CSF_10,AGTAGTCTCTGGTTCC-1,-0.09834107806026707
CXCR3-,MS,CSF_10,AGTCTTTAGTTCGATC-1,-0.1170026762339141
CXCR3-,MS,CSF_10,AGTGGGACACATTTCT-1,-0.09834107806026707
CXCR3-,MS,CSF_10,AGTTGGTTCCTGTACC-1,0.07567795874868066
CXCR3+,MS,CSF_10,ATAACGCTCGCACTCT-1,-0.2698467818615122
CXCR3+,MS,CSF_10,ATAAGAGGTATCGCAT-1,0.1172738991813463
CXCR3-,MS,CSF_10,ATAGACCTCCATGCTC-1,0.1654982372993686
CXCR3-,MS,CSF_10,ATAGACCTCGTAGGAG-1,-0.09834107806026707
CXCR3+,MS,CSF_10,ATAGACCTCTTTAGGG-1,-0.217305011910547
CXCR3+,MS,CSF_10,ATCATGGCACTATCTT-1,-0.5075497426609283
CXCR3+,MS,CSF_10,ATCTGCCTCAATCACG-1,-0.3203216718551824
CXCR3+,MS,CSF_10,ATGCGATGTCGGCACT-1,-0.05951319479717992
CXCR3-,MS,CSF_10,ATGGGAGCAGAAGCAC-1,-0.22700552269034616
CXCR3-,MS,CSF_10,ATGGGAGCAGCCTGTG-1,0.19942012128256545
CXCR3-,MS,CSF_10,ATGTGTGTCATGTCTT-1,0.23647405642457048
CXCR3-,MS,CSF_10,ATTATCCGTTCTGGTA-1,0.2372815356966753
CXCR3-,MS,CSF_10,ATTCTACTCACATGCA-1,-0.08022115652734993
CXCR3+,MS,CSF_10,CAACTAGCATGTCTCC-1,-0.09834107806026707
CXCR3-,MS,CSF_10,CAACTAGGTGCAACTT-1,0.019476536377593105
CXCR3-,MS,CSF_10,CAAGTTGAGTCATCCA-1,-0.2650201135881031
CXCR3+,MS,CSF_10,CACACAAGTCTAGTCA-1,0.0416566808518675
CXCR3-,MS,CSF_10,CACAGGCAGGTGTGGT-1,0.205437177610641
CXCR3-,MS,CSF_10,CACATAGAGCTATGCT-1,0.6675368423654048
CXCR3+,MS,CSF_10,CACATAGTCTATCCCG-1,-0.23960239073150325
CXCR3+,MS,CSF_10,CACTCCAAGATGAGAG-1,0.5134117227343177
CXCR3+,MS,CSF_10,CACTCCATCAAACCAC-1,0.04166242099119698
CXCR3-,MS,CSF_10,CAGAGAGGTTGTGGCC-1,-0.09834107806026707
CXCR3+,MS,CSF_10,CAGATCAGTCCGAAGA-1,-0.09834107806026707
CXCR3-,MS,CSF_10,CAGCAGCAGGTGCTAG-1,-1.0456234644643156
CXCR3-,MS,CSF_10,CAGCGACTCTCCCTGA-1,0.06298627818141843
CXCR3-,MS,CSF_10,CAGCTGGTCACCAGGC-1,-0.09834107806026707
CXCR3+,MS,CSF_10,CAGTAACGTAAGAGGA-1,-0.24963108180886792
CXCR3-,MS,CSF_10,CATATTCAGATCCTGT-1,-0.6133637129291953
CXCR3+,MS,CSF_10,CATCGAAAGTTCGCGC-1,-0.39152349976075235
CXCR3-,MS,CSF_10,CATGACAGTTTGACAC-1,-0.2742562306701615
CXCR3+,MS,CSF_10,CATTATCGTCCAACTA-1,-0.09834107806026707
CXCR3-,MS,CSF_10,CCAATCCTCGAATGGG-1,0.4918360644075411
CXCR3+,MS,CSF_10,CCACCTATCTAGCACA-1,-0.24140771639684397
CXCR3-,MS,CSF_10,CCACGGAAGTGGACGT-1,0.2944671143813004
CXCR3-,MS,CSF_10,CCAGCGAAGTCGTACT-1,0.5735310138731775
CXCR3-,MS,CSF_10,CCCAGTTTCACAACGT-1,0.2362177944689104
CXCR3+,MS,CSF_10,CCCAGTTTCTGGGCCA-1,-0.08512029924897398
CXCR3-,MS,CSF_10,CCCTCCTAGTTCGCAT-1,0.4640049998935675
CXCR3+,MS,CSF_10,CCGGGATAGCTATGCT-1,-0.09834107806026707
CXCR3+,MS,CSF_10,CCGGGATGTCCTGCTT-1,-0.09834107806026707
CXCR3+,MS,CSF_10,CCGGTAGGTGACAAAT-1,-0.367703524786497
CXCR3+,MS,CSF_10,CCGGTAGTCTTGTTTG-1,-0.09834107806026707
CXCR3-,MS,CSF_10,CCGTGGATCGTGGACC-1,0.15813316581154788
CXCR3-,MS,CSF_10,CCGTTCACAGGAATCG-1,-0.09834107806026707
CXCR3-,MS,CSF_10,CCGTTCATCGCCAAAT-1,-0.5867416124615116
CXCR3+,MS,CSF_10,CCTAAAGAGATAGCAT-1,-0.21832146719738196
CXCR3+,MS,CSF_10,CCTACACAGTGGAGAA-1,-0.23221777732172844
CXCR3+,MS,CSF_10,CCTACCAGTGCCTGCA-1,-0.09834107806026707
CXCR3-,MS,CSF_10,CCTCAGTGTCCTAGCG-1,-0.37003521862136873
CXCR3-,MS,CSF_10,CCTCTGACAAGGTTCT-1,-0.3921324983713144
CXCR3+,MS,CSF_10,CGACTTCCAGCTTAAC-1,0.5719191989295768
CXCR3-,MS,CSF_10,CGAGAAGAGCCCGAAA-1,-0.33510284917451194
CXCR3-,MS,CSF_10,CGAGAAGCACACTGCG-1,-0.664327334573963
CXCR3+,MS,CSF_10,CGAGCACGTTCCGGCA-1,-0.20921353510566223
CXCR3-,MS,CSF_10,CGAGCACTCAATAAGG-1,0.41194513305473224
CXCR3-,MS,CSF_10,CGATTGACAGCTCGAC-1,-0.2889610778470367
CXCR3+,MS,CSF_10,CGCTTCAGTTGTACAC-1,0.46979689206965086
CXCR3+,MS,CSF_10,CGGACACAGTCCAGGA-1,-0.038213887845542756
CXCR3+,MS,CSF_10,CGGACACCATGGATGG-1,0.14985117199534054
CXCR3+,MS,CSF_10,CGGACGTCACCAGTTA-1,-0.09834107806026707
CXCR3+,MS,CSF_10,CGGACTGGTCTCCACT-1,-0.12404247163040989
CXCR3+,MS,CSF_10,CGGCTAGCAATGCCAT-1,0.03846065985886423
CXCR3-,MS,CSF_10,CGGTTAAAGGCTCTTA-1,0.005256386368103201
CXCR3+,MS,CSF_10,CGTAGCGGTTCACGGC-1,0.19300856306580336
CXCR3+,MS,CSF_10,CGTAGGCCATTCACTT-1,0.0887056039125395
CXCR3+,MS,CSF_10,CGTAGGCTCGACCAGC-1,-0.024976370623764295
CXCR3+,MS,CSF_10,CGTAGGCTCGGAGCAA-1,0.4768536357322825
CXCR3-,MS,CSF_10,CGTCAGGAGGCGTACA-1,-0.09834107806026707
CXCR3-,MS,CSF_10,CGTCTACAGACTAGGC-1,-0.8839990386341897
CXCR3-,MS,CSF_10,CGTGTAACATATACCG-1,-0.09834107806026707
CXCR3+,MS,CSF_10,CGTTAGACACAACGTT-1,-0.09834107806026707
CXCR3+,MS,CSF_10,CTAACTTAGTCGATAA-1,-0.3444628463227355
CXCR3-,MS,CSF_10,CTAATGGCACAGAGGT-1,0.16283869452942912
CXCR3+,MS,CSF_10,CTACACCTCCCTCTTT-1,0.14713517075004384
CXCR3-,MS,CSF_10,CTACATTAGTTACCCA-1,-0.4213582678793036
CXCR3+,MS,CSF_10,CTAGAGTTCCGCAGTG-1,-0.44903512472054363
CXCR3-,MS,CSF_10,CTCACACAGGTGCTAG-1,-0.09834107806026707
CXCR3+,MS,CSF_10,CTCCTAGGTTCGGGCT-1,-0.3191699564488637
CXCR3-,MS,CSF_10,CTCCTAGTCGAGAACG-1,-0.09834107806026707
CXCR3-,MS,CSF_10,CTCGAAAAGTGGACGT-1,-0.02537893978126812
CXCR3+,MS,CSF_10,CTCGGAGCATCGTCGG-1,-0.5999711310107111
CXCR3+,MS,CSF_10,CTCGTACCACTGTGTA-1,-0.5264459630636047
CXCR3-,MS,CSF_10,CTCGTCATCCCAAGAT-1,0.1220362237840811
CXCR3+,MS,CSF_10,CTCTAATAGTACGTTC-1,-0.25227564372251604
CXCR3+,MS,CSF_10,CTCTAATGTTGGACCC-1,-0.09834107806026707
CXCR3-,MS,CSF_10,CTGAAGTCAAGCTGTT-1,-0.33581110371432493
CXCR3+,MS,CSF_10,CTGAAGTCACCAGGTC-1,-0.3008280286505314
CXCR3+,MS,CSF_10,CTGATCCGTGCTTCTC-1,0.018405173817209002
CXCR3-,MS,CSF_10,CTGCCTACATTAACCG-1,-0.0703963762237227
CXCR3-,MS,CSF_10,CTGCTGTCACGGCCAT-1,0.29337378798632113
CXCR3-,MS,CSF_10,CTTAGGAAGAGGTACC-1,-0.9331096296397225
CXCR3+,MS,CSF_10,CTTGGCTCAAGCCGCT-1,0.2628276606397401
CXCR3+,MS,CSF_10,CTTGGCTGTCGGCATC-1,-0.024785235362364544
CXCR3+,MS,CSF_10,CTTGGCTTCCATGAGT-1,0.043648229480284274
CXCR3+,MS,CSF_10,GAAACTCAGTGTTGAA-1,0.027893373900932068
CXCR3+,MS,CSF_10,GAACATCAGCGCCTTG-1,-0.08211293434577448
CXCR3-,MS,CSF_10,GAACATCCAGACTCGC-1,-0.32190448597408183
CXCR3-,MS,CSF_10,GAACATCTCGCCGTGA-1,-0.24777329228482387
CXCR3+,MS,CSF_10,GAACGGAGTACCGAGA-1,-0.22541030878142498
CXCR3-,MS,CSF_10,GAAGCAGTCGCAAACT-1,0.5098129488790389
CXCR3-,MS,CSF_10,GAATGAAGTAGTAGTA-1,-0.2145572649001176
CXCR3+,MS,CSF_10,GACACGCAGGTGTTAA-1,-0.016335345370701613
CXCR3-,MS,CSF_10,GACAGAGTCCAAACTG-1,-0.027142475272588618
CXCR3-,MS,CSF_10,GACCAATAGCGACGTA-1,1.0387012010888061
CXCR3-,MS,CSF_10,GACCAATCATGAGCGA-1,-0.01488213948219633
CXCR3+,MS,CSF_10,GACCAATGTTGTGGCC-1,-0.26311884549513936
CXCR3-,MS,CSF_10,GACCTGGAGAAGGACA-1,-0.2481660642132542
CXCR3-,MS,CSF_10,GACGCGTGTGTCCTCT-1,0.08453626844158267
CXCR3+,MS,CSF_10,GACGGCTCAGACGCAA-1,-0.4207958246571651
CXCR3+,MS,CSF_10,GAGGTGAAGTCAATAG-1,-0.09834107806026707
CXCR3-,MS,CSF_10,GAGGTGATCCCGACTT-1,0.26409410618310464
CXCR3+,MS,CSF_10,GATCAGTCAAACCCAT-1,0.4020091582610274
CXCR3-,MS,CSF_10,GATCGATTCTGTGCAA-1,0.22309763350119666
CXCR3+,MS,CSF_10,GATCGCGCACGCTTTC-1,-0.09834107806026707
CXCR3-,MS,CSF_10,GATCGTACACTTAACG-1,0.18876499218921
CXCR3-,MS,CSF_10,GCAAACTGTCGGCATC-1,-0.7024672420559716
CXCR3+,MS,CSF_10,GCAGCCAAGCTAACAA-1,0.4208940658369034
CXCR3-,MS,CSF_10,GCAGTTACACCGATAT-1,-0.26046677512602096
CXCR3+,MS,CSF_10,GCATGCGTCAACACTG-1,0.2276132477550601
CXCR3+,MS,CSF_10,GCCAAATTCCACTGGG-1,0.4234181978783673
CXCR3-,MS,CSF_10,GCCTCTAGTTTAGCTG-1,-0.2537140380440634
CXCR3-,MS,CSF_10,GCGAGAAAGGCAAAGA-1,0.32482160050217573
CXCR3+,MS,CSF_10,GCGCAGTAGGTGCTAG-1,-0.09834107806026707
CXCR3-,MS,CSF_10,GCGCAGTCATACGCTA-1,0.06604601141117712
CXCR3-,MS,CSF_10,GCGCCAACATGAGCGA-1,-0.9382280235147377
CXCR3+,MS,CSF_10,GCTCCTAGTTGGGACA-1,-0.49214720592328004
CXCR3+,MS,CSF_10,GCTCTGTAGAGATGAG-1,-0.09834107806026707
CXCR3-,MS,CSF_10,GCTGCAGCATGGAATA-1,-0.09834107806026707
CXCR3+,MS,CSF_10,GCTGCAGGTTGCCTCT-1,-0.09834107806026707
CXCR3-,MS,CSF_10,GCTGCGAAGCCTTGAT-1,0.16891193685091846
CXCR3-,MS,CSF_10,GCTGGGTAGGTAAACT-1,-0.36267322114949335
CXCR3+,MS,CSF_10,GCTGGGTCACGCGAAA-1,0.08555873704809094
CXCR3+,MS,CSF_10,GGAACTTCAGTCAGCC-1,0.09445751243952853
CXCR3+,MS,CSF_10,GGACATTAGTTTGCGT-1,-0.6788046608556225
CXCR3-,MS,CSF_10,GGCAATTAGTTCGCAT-1,-0.09834107806026707
CXCR3-,MS,CSF_10,GGCCGATTCCTCAATT-1,0.04249452543261832
CXCR3-,MS,CSF_10,GGCGTGTAGCTACCTA-1,-0.09834107806026707
CXCR3-,MS,CSF_10,GGCGTGTCAGCCTATA-1,-0.09834107806026707
CXCR3+,MS,CSF_10,GGGAATGTCAGATAAG-1,0.04924168058093729
CXCR3-,MS,CSF_10,GGGATGAAGCTAAACA-1,-0.20954794388783113
CXCR3+,MS,CSF_10,GGGCATCCACCGCTAG-1,0.3084574087684158
CXCR3-,MS,CSF_10,GGGTTGCTCATCGATG-1,-0.09834107806026707
CXCR3+,MS,CSF_10,GGTGAAGCAGCCTTTC-1,-0.2457319446085695
CXCR3-,MS,CSF_10,GGTGTTAGTTCCATGA-1,0.1528133323029362
CXCR3-,MS,CSF_10,GTAGTCAAGCCCGAAA-1,-0.2798614906134244
CXCR3-,MS,CSF_10,GTAGTCACACGGCGTT-1,0.2681788069428923
CXCR3-,MS,CSF_10,GTAGTCATCCGAACGC-1,-0.4074754090261652
CXCR3-,MS,CSF_10,GTAGTCATCGTACGGC-1,-0.14545856288551187
CXCR3+,MS,CSF_10,GTATCTTCAGCAGTTT-1,-0.30195144345294017
CXCR3-,MS,CSF_10,GTATCTTGTCTAACGT-1,-0.2860829153256614
CXCR3+,MS,CSF_10,GTCACGGAGACAATAC-1,-0.09157168529791275
CXCR3-,MS,CSF_10,GTCATTTAGAGCTATA-1,0.08729006129893357
CXCR3+,MS,CSF_10,GTCATTTTCCATGAGT-1,-0.07321107133515625
CXCR3-,MS,CSF_10,GTCGGGTGTTACGTCA-1,-0.24801324588389914
CXCR3-,MS,CSF_10,GTGCATATCAGTCAGT-1,0.15440495174639207
CXCR3+,MS,CSF_10,GTGCGGTTCAACACCA-1,0.3115742578368613
CXCR3-,MS,CSF_10,GTTACAGAGTCAATAG-1,-0.09834107806026707
CXCR3-,MS,CSF_10,GTTTCTACAGTTTACG-1,-0.27649592260842387
CXCR3+,MS,CSF_10,TAAACCGGTGGTACAG-1,-0.48233265171835704
CXCR3+,MS,CSF_10,TACACGAGTCTTGCGG-1,0.195325092595335
CXCR3-,MS,CSF_10,TACCTTAGTTAAAGAC-1,-0.31105689389854957
CXCR3-,MS,CSF_10,TACGGTAAGACTAGAT-1,0.00873270365891903
CXCR3-,MS,CSF_10,TACGGTACAAGTTGTC-1,0.28318918852246383
CXCR3+,MS,CSF_10,TACGGTATCTTGCAAG-1,-0.09834107806026707
CXCR3+,MS,CSF_10,TACTTACAGCTAGTTC-1,-0.2406938208179356
CXCR3-,MS,CSF_10,TACTTACCAACACCCG-1,-0.5543390799636735
CXCR3-,MS,CSF_10,TACTTACTCTCGGACG-1,-0.22335495950865
CXCR3-,MS,CSF_10,TACTTGTTCATGCATG-1,-0.09834107806026707
CXCR3-,MS,CSF_10,TAGCCGGTCAGTTGAC-1,0.6578479445958465
CXCR3+,MS,CSF_10,TAGTGGTGTTGCGCAC-1,-0.09834107806026707
CXCR3+,MS,CSF_10,TAGTTGGTCGAGCCCA-1,-0.24260290189483177
CXCR3-,MS,CSF_10,TATCAGGAGCCCGAAA-1,0.312175262513047
CXCR3+,MS,CSF_10,TATCAGGCACCGTTGG-1,0.2573609381582154
CXCR3-,MS,CSF_10,TATCAGGGTACTTAGC-1,0.09365273323365002
CXCR3-,MS,CSF_10,TATGCCCCAATCCAAC-1,0.0002387214174321655
CXCR3-,MS,CSF_10,TCACAAGCAACTGCGC-1,-0.09834107806026707
CXCR3-,MS,CSF_10,TCAGATGGTAGCCTAT-1,-0.7837655102906881
CXCR3-,MS,CSF_10,TCAGATGTCCCACTTG-1,0.35430444935914923
CXCR3+,MS,CSF_10,TCAGCAAGTGGTGTAG-1,-0.09834107806026707
CXCR3-,MS,CSF_10,TCAGCTCAGGGCTTCC-1,0.1350322106487814
CXCR3+,MS,CSF_10,TCAGGATCACCAACCG-1,-0.28026026231601964
CXCR3+,MS,CSF_10,TCAGGATTCCCATTTA-1,-0.3121597365045163
CXCR3+,MS,CSF_10,TCAGGTATCTGCAGTA-1,-0.2925854406238201
CXCR3+,MS,CSF_10,TCCACACCAGATCTGT-1,0.23752255666607955
CXCR3-,MS,CSF_10,TCGAGGCAGCTGTTCA-1,-0.36877193368320954
CXCR3+,MS,CSF_10,TCGAGGCGTTCGAATC-1,0.010921727123047132
CXCR3-,MS,CSF_10,TCGAGGCTCTCTGTCG-1,0.2769628068789273
CXCR3-,MS,CSF_10,TCGCGAGAGGCAAAGA-1,-0.37387413308649853
CXCR3-,MS,CSF_10,TCGCGTTCAACTGCGC-1,-0.29218601389637533
CXCR3+,MS,CSF_10,TCGTACCGTGGCAAAC-1,0.10023673474492598
CXCR3+,MS,CSF_10,TCTCATAAGTGCAAGC-1,-0.0018816698317087877
CXCR3+,MS,CSF_10,TCTCATACATCTATGG-1,-0.08269480219792412
CXCR3+,MS,CSF_10,TCTGAGATCCGGCACA-1,-0.2032391457899624
CXCR3+,MS,CSF_10,TGACAACAGAGCTATA-1,0.4098119984975546
CXCR3-,MS,CSF_10,TGACGGCAGACAGGCT-1,0.5460451945256185
CXCR3-,MS,CSF_10,TGACTAGAGTGATCGG-1,-0.09834107806026707
CXCR3+,MS,CSF_10,TGACTTTAGTTTAGGA-1,0.0932666368371909
CXCR3+,MS,CSF_10,TGAGAGGAGGGCTTCC-1,-0.09834107806026707
CXCR3-,MS,CSF_10,TGAGCATAGACATAAC-1,-0.31336143036571207
CXCR3-,MS,CSF_10,TGAGGGAGTCTCTTAT-1,-0.868386713092284
CXCR3+,MS,CSF_10,TGATTTCGTCGAGATG-1,0.1712687551903817
CXCR3+,MS,CSF_10,TGCACCTCACTCAGGC-1,-0.2347777266304767
CXCR3-,MS,CSF_10,TGCCCTAAGGTGTTAA-1,0.23333183327004073
CXCR3-,MS,CSF_10,TGCCCTACAAAGCAAT-1,0.20886930214336957
CXCR3-,MS,CSF_10,TGCGGGTAGGTGTTAA-1,-0.32276644964949774
CXCR3+,MS,CSF_10,TGCTACCGTAATAGCA-1,0.13684227537585383
CXCR3+,MS,CSF_10,TGCTGCTTCAGATAAG-1,0.11163291498551028
CXCR3-,MS,CSF_10,TGGACGCAGGTAAACT-1,0.35151437337603475
CXCR3-,MS,CSF_10,TGGACGCGTACCATCA-1,-0.09834107806026707
CXCR3-,MS,CSF_10,TGGCTGGTCATGTCTT-1,-0.25228473496673
CXCR3+,MS,CSF_10,TGGGCGTGTCTAAAGA-1,-1.0600058137418684
CXCR3-,MS,CSF_10,TGGGCGTGTTGGTTTG-1,-0.26215372515003277
CXCR3+,MS,CSF_10,TGGTTCCGTGCGATAG-1,-0.4608420725146596
CXCR3+,MS,CSF_10,TGGTTCCTCGGTCTAA-1,-0.3772503095203765
CXCR3-,MS,CSF_10,TGTGGTACACAACTGT-1,-0.08825786259639067
CXCR3+,MS,CSF_10,TGTGGTAGTAGCAAAT-1,-0.22482998205492238
CXCR3-,MS,CSF_10,TTAGGCAAGATCGATA-1,-0.09834107806026707
CXCR3+,MS,CSF_10,TTCCCAGAGGCTAGAC-1,-0.32664066722894364
CXCR3+,MS,CSF_10,TTCTCAAAGTGGAGAA-1,-0.27598417930865443
CXCR3-,MS,CSF_10,TTCTTAGGTTGAACTC-1,-0.34085639436373977
CXCR3+,MS,CSF_10,TTGCCGTTCAACGGGA-1,-0.09834107806026707
CXCR3+,MS,CSF_10,TTGCGTCAGCGATGAC-1,-0.3213460910242817
CXCR3+,MS,CSF_10,TTGGCAAAGATATGGT-1,0.003930273742944539
CXCR3+,MS,CSF_10,TTGGCAAGTCTGATCA-1,-0.21484606820175656
CXCR3+,MS,CSF_10,TTGTAGGAGTACGATA-1,-0.2799327640607022
CXCR3-,MS,CSF_10,TTTGCGCCACGTCTCT-1,-0.6154687151408291
CXCR3-,MS,CSF_10,TTTGGTTCACTGCCAG-1,-0.13171109253970323
CXCR3-,MS,CSF_16,AAACCTGAGCCTCGTG-1,0.265703898169571
CXCR3+,MS,CSF_16,AAACCTGAGCTTATCG-1,-0.09834107806026707
CXCR3-,MS,CSF_16,AAAGATGAGGGTCTCC-1,0.8039481017346819
CXCR3+,MS,CSF_16,AAAGATGCAAATCCGT-1,0.8046135157686037
CXCR3-,MS,CSF_16,AAAGATGTCACGCGGT-1,0.06481495158526827
CXCR3+,MS,CSF_16,AAAGATGTCCGAACGC-1,0.43176973678383573
CXCR3-,MS,CSF_16,AAAGCAAAGGCTCTTA-1,-0.09834107806026707
CXCR3-,MS,CSF_16,AAAGCAACAGTAAGAT-1,0.9387209972914172
CXCR3-,MS,CSF_16,AAAGCAACAGTAAGCG-1,0.07381419667883324
CXCR3+,MS,CSF_16,AAAGCAAGTCGACTGC-1,0.21627953375250702
CXCR3-,MS,CSF_16,AAAGCAAGTCTAGCCG-1,-0.36850278670975634
CXCR3-,MS,CSF_16,AAAGCAAGTGGCGAAT-1,0.13199885460587402
CXCR3-,MS,CSF_16,AAAGTAGGTAAGTAGT-1,0.3643963535172591
CXCR3-,MS,CSF_16,AAATGCCCAATGGAAT-1,0.18877245092581196
CXCR3-,MS,CSF_16,AAATGCCCAGTATGCT-1,-0.09834107806026707
CXCR3-,MS,CSF_16,AAATGCCTCCACGCAG-1,0.06291308822142135
CXCR3+,MS,CSF_16,AACACGTGTCTTCAAG-1,0.8960692028149316
CXCR3+,MS,CSF_16,AACACGTTCTTGAGGT-1,-0.09834107806026707
CXCR3-,MS,CSF_16,AACCATGAGGGAGTAA-1,-0.4326438920556421
CXCR3-,MS,CSF_16,AACCATGCAGCTGCTG-1,0.10027728356844409
CXCR3+,MS,CSF_16,AACCATGGTATAGGTA-1,0.0897385980006437
CXCR3-,MS,CSF_16,AACCGCGAGGGCTTCC-1,-0.08615971618055081
CXCR3-,MS,CSF_16,AACCGCGCACACCGCA-1,0.2819885025228539
CXCR3-,MS,CSF_16,AACCGCGCACCAGGTC-1,0.2794758169095425
CXCR3-,MS,CSF_16,AACCGCGCATTGGCGC-1,-0.13784576168660215
CXCR3-,MS,CSF_16,AACCGCGGTCTCTTTA-1,0.37701819889032995
CXCR3-,MS,CSF_16,AACCGCGTCAGGCAAG-1,0.2761439697821675
CXCR3+,MS,CSF_16,AACTCAGAGATGAGAG-1,0.17822632313809153
CXCR3-,MS,CSF_16,AACTCAGTCTAGAGTC-1,-0.09834107806026707
CXCR3+,MS,CSF_16,AACTCCCCATGTTCCC-1,0.0045123796333130005
CXCR3-,MS,CSF_16,AACTCTTAGCTTTGGT-1,0.2118284784578479
CXCR3-,MS,CSF_16,AACTCTTTCACTTCAT-1,-0.09834107806026707
CXCR3-,MS,CSF_16,AACTGGTAGAACAATC-1,0.2863862095065834
CXCR3-,MS,CSF_16,AACTGGTAGAGAACAG-1,0.5303033432338692
CXCR3-,MS,CSF_16,AAGACCTAGAGGACGG-1,0.06572562504210014
CXCR3-,MS,CSF_16,AAGACCTGTCTTTCAT-1,-0.09834107806026707
CXCR3-,MS,CSF_16,AAGGAGCAGATCCCAT-1,0.06174165674652941
CXCR3-,MS,CSF_16,AAGGAGCCATTGGTAC-1,-0.21190850234333997
CXCR3-,MS,CSF_16,AAGGAGCTCTCGATGA-1,0.11788004851908314
CXCR3-,MS,CSF_16,AAGGCAGCAAGCTGTT-1,0.06845741951673155
CXCR3-,MS,CSF_16,AAGGCAGCAATCAGAA-1,-0.4338321710839522
CXCR3+,MS,CSF_16,AATCCAGTCTTGCATT-1,0.05462873847083317
CXCR3-,MS,CSF_16,AATCGGTAGTGTTGAA-1,-0.09834107806026707
CXCR3+,MS,CSF_16,AATCGGTAGTTCGCGC-1,-0.4369627063528293
CXCR3+,MS,CSF_16,AATCGGTCACCCATGG-1,0.1359171601184856
CXCR3-,MS,CSF_16,AATCGGTTCTGCTGCT-1,0.20016523957688057
CXCR3+,MS,CSF_16,ACACCCTCAAGTCATC-1,-0.31177923828252047
CXCR3-,MS,CSF_16,ACACCCTCATGAAGTA-1,0.3958353802685018
CXCR3+,MS,CSF_16,ACACCGGCAAAGGTGC-1,0.0026341554462324507
CXCR3+,MS,CSF_16,ACACTGACAGTGGGAT-1,-0.6603272053042268
CXCR3+,MS,CSF_16,ACACTGACATAGACTC-1,-0.09834107806026707
CXCR3+,MS,CSF_16,ACACTGAGTACGACCC-1,-0.14554987300449837
CXCR3-,MS,CSF_16,ACACTGATCAACACGT-1,-0.0892066430421671
CXCR3-,MS,CSF_16,ACAGCCGTCGGTTCGG-1,0.5372689555208333
CXCR3-,MS,CSF_16,ACAGCTATCACTGGGC-1,0.7584278323812184
CXCR3-,MS,CSF_16,ACATCAGTCTTATCTG-1,0.28024425499993577
CXCR3-,MS,CSF_16,ACATGGTCAGACACTT-1,-0.34270414101372876
CXCR3-,MS,CSF_16,ACATGGTGTCCGTGAC-1,0.030737297872218895
CXCR3+,MS,CSF_16,ACCAGTAAGCGATTCT-1,0.3956589715594542
CXCR3-,MS,CSF_16,ACCAGTAGTGTTTGTG-1,-0.09834107806026707
CXCR3-,MS,CSF_16,ACCAGTATCAGTCCCT-1,0.4807625191663684
CXCR3+,MS,CSF_16,ACCCACTAGCGACGTA-1,-0.5527883421331327
CXCR3-,MS,CSF_16,ACCCACTCAAGCTGTT-1,0.056286188691305035
CXCR3-,MS,CSF_16,ACCCACTGTTGGTGGA-1,0.1919145733407892
CXCR3+,MS,CSF_16,ACCCACTTCGGTCTAA-1,-0.09834107806026707
CXCR3-,MS,CSF_16,ACCGTAAAGCAAATCA-1,0.393073325950542
CXCR3+,MS,CSF_16,ACCGTAACACAGATTC-1,-0.040190145593779945
CXCR3+,MS,CSF_16,ACCGTAAGTGCGGTAA-1,0.31127764969687277
CXCR3+,MS,CSF_16,ACCGTAATCCTTTACA-1,-0.0956467456080078
CXCR3-,MS,CSF_16,ACCTTTACAATAACGA-1,0.08723114682226847
CXCR3-,MS,CSF_16,ACCTTTAGTGGTAACG-1,0.10019180421041905
CXCR3-,MS,CSF_16,ACCTTTATCTTGTACT-1,0.32829375256932075
CXCR3-,MS,CSF_16,ACGAGCCCAGCTGTTA-1,0.5388084413524029
CXCR3-,MS,CSF_16,ACGAGCCTCGTGGACC-1,-0.09834107806026707
CXCR3-,MS,CSF_16,ACGAGCCTCTGTCAAG-1,-0.09834107806026707
CXCR3+,MS,CSF_16,ACGAGGACAAGCGTAG-1,0.2814642566522652
CXCR3+,MS,CSF_16,ACGAGGATCAGGCGAA-1,0.1870814371124258
CXCR3-,MS,CSF_16,ACGAGGATCCATGAGT-1,0.44528164064082437
CXCR3+,MS,CSF_16,ACGATACTCTCATTCA-1,0.4837576655171197
CXCR3-,MS,CSF_16,ACGATGTCATCACGTA-1,0.3364145715566031
CXCR3+,MS,CSF_16,ACGATGTGTCAACATC-1,0.2553314452321415
CXCR3+,MS,CSF_16,ACGATGTTCGGCGGTT-1,0.7476209002128665
CXCR3+,MS,CSF_16,ACGATGTTCTCGGACG-1,-0.32704670851464934
CXCR3-,MS,CSF_16,ACGATGTTCTTAGAGC-1,0.2137896645157174
CXCR3-,MS,CSF_16,ACGCAGCTCGCCATAA-1,-0.09924639001588288
CXCR3-,MS,CSF_16,ACGCCAGAGCGCCTTG-1,0.5535883321032071
CXCR3+,MS,CSF_16,ACGCCGAGTCAAAGAT-1,0.2025471334484553
CXCR3+,MS,CSF_16,ACGCCGATCAACCAAC-1,0.12230433053860991
CXCR3-,MS,CSF_16,ACGCCGATCACCACCT-1,0.5191652132769882
CXCR3-,MS,CSF_16,ACGCCGATCAGCCTAA-1,-0.16051392769632852
CXCR3-,MS,CSF_16,ACGGAGACACCTCGGA-1,0.6013292414920814
CXCR3+,MS,CSF_16,ACGGCCAAGGCAATTA-1,0.4476252480427697
CXCR3-,MS,CSF_16,ACGGCCAGTTAAGGGC-1,0.04203484700571198
CXCR3-,MS,CSF_16,ACGGGCTAGAAACGAG-1,0.18058102228658837
CXCR3-,MS,CSF_16,ACGGGCTGTGTAATGA-1,0.16717309441821765
CXCR3-,MS,CSF_16,ACGGGTCAGTTCGCAT-1,0.2552733914727595
CXCR3-,MS,CSF_16,ACGGGTCCACAGACAG-1,-0.09834107806026707
CXCR3-,MS,CSF_16,ACGGGTCCATCTACGA-1,0.4811596956935789
CXCR3+,MS,CSF_16,ACGGGTCGTAGGGACT-1,0.5165270930597325
CXCR3+,MS,CSF_16,ACGTCAACAACTGCTA-1,0.2370727682937854
CXCR3+,MS,CSF_16,ACGTCAACAATGAATG-1,-0.09834107806026707
CXCR3-,MS,CSF_16,ACGTCAATCGTCGTTC-1,0.17217001279284339
CXCR3-,MS,CSF_16,ACGTCAATCTAAGCCA-1,0.03689148823179196
CXCR3+,MS,CSF_16,ACTATCTAGCTAACTC-1,0.26272918313096494
CXCR3-,MS,CSF_16,ACTATCTAGGCATGGT-1,0.5063298406660841
CXCR3-,MS,CSF_16,ACTATCTAGGCCGAAT-1,-0.09834107806026707
CXCR3+,MS,CSF_16,ACTATCTTCAGAGACG-1,0.052785262580969564
CXCR3-,MS,CSF_16,ACTATCTTCATACGGT-1,-0.31846608700028717
CXCR3+,MS,CSF_16,ACTGAGTTCACCTTAT-1,0.09825115657948687
CXCR3-,MS,CSF_16,ACTGATGAGCCGCCTA-1,0.04870876158536587
CXCR3-,MS,CSF_16,ACTGATGCAGCTGCTG-1,0.15368512028579193
CXCR3-,MS,CSF_16,ACTGATGGTAGTACCT-1,0.1871801132043345
CXCR3-,MS,CSF_16,ACTGATGTCTCATTCA-1,-0.09834107806026707
CXCR3+,MS,CSF_16,ACTGCTCCACATAACC-1,-0.09834107806026707
CXCR3-,MS,CSF_16,ACTGCTCCAGCCAGAA-1,0.0717133749136293
CXCR3-,MS,CSF_16,ACTGCTCTCAGAGACG-1,-0.36719065028118275
CXCR3-,MS,CSF_16,ACTGTCCAGAAACGCC-1,0.5166531717855082
CXCR3-,MS,CSF_16,ACTGTCCTCAGAGACG-1,0.031984147948389205
CXCR3+,MS,CSF_16,ACTTACTTCCTACAGA-1,0.03154263095023423
CXCR3-,MS,CSF_16,ACTTGTTCAGTAACGG-1,0.22297294078939006
CXCR3+,MS,CSF_16,ACTTGTTGTAACGCGA-1,0.06484892257706813
CXCR3-,MS,CSF_16,ACTTTCACATGGGAAC-1,0.6322768663789201
CXCR3-,MS,CSF_16,ACTTTCAGTAGAAAGG-1,0.0772429174134166
CXCR3-,MS,CSF_16,ACTTTCAGTTGAGGTG-1,-0.09834107806026707
CXCR3-,MS,CSF_16,AGACGTTCATTGAGCT-1,0.2481602880942013
CXCR3+,MS,CSF_16,AGACGTTGTAACGACG-1,0.0062344410595033895
CXCR3+,MS,CSF_16,AGACGTTTCCCGGATG-1,-0.4949513257550954
CXCR3+,MS,CSF_16,AGACGTTTCGTCTGAA-1,0.692642610943494
CXCR3-,MS,CSF_16,AGAGCGAGTGGTCTCG-1,0.18556242194549988
CXCR3-,MS,CSF_16,AGAGCTTTCAGCAACT-1,0.4236891986979002
CXCR3-,MS,CSF_16,AGAGCTTTCGGTGTCG-1,-0.09834107806026707
CXCR3-,MS,CSF_16,AGAGTGGAGACTTTCG-1,0.5310552519958502
CXCR3+,MS,CSF_16,AGATCTGGTACTTGAC-1,0.1789386975655503
CXCR3-,MS,CSF_16,AGATCTGGTTACAGAA-1,0.13285347185484062
CXCR3-,MS,CSF_16,AGATCTGTCATTGCCC-1,0.5729699994253721
CXCR3-,MS,CSF_16,AGCAGCCCATCACCCT-1,0.5296135630523634
CXCR3-,MS,CSF_16,AGCAGCCGTCTCTTTA-1,-0.09834107806026707
CXCR3-,MS,CSF_16,AGCAGCCGTGTAATGA-1,0.742572524479921
CXCR3+,MS,CSF_16,AGCATACCAAGGTTTC-1,0.8818347785237032
CXCR3+,MS,CSF_16,AGCATACCAGCATACT-1,-0.37795767450799467
CXCR3-,MS,CSF_16,AGCATACTCAGTACGT-1,0.0783272357141248
CXCR3-,MS,CSF_16,AGCCTAAAGCGAAGGG-1,0.21428056180789015
CXCR3-,MS,CSF_16,AGCCTAAAGTTGAGAT-1,0.09513337399696346
CXCR3+,MS,CSF_16,AGCCTAACAATGCCAT-1,0.3035720711581386
CXCR3-,MS,CSF_16,AGCCTAATCATGTGGT-1,0.056349434716973644
CXCR3+,MS,CSF_16,AGCGGTCCAAGCGAGT-1,0.0575729710922706
CXCR3-,MS,CSF_16,AGCGGTCCAGTATAAG-1,0.21815415602324736
CXCR3-,MS,CSF_16,AGCGTATCAGGATCGA-1,0.08340181133913471
CXCR3-,MS,CSF_16,AGCGTATTCGCAGGCT-1,-0.3822275699771775
CXCR3-,MS,CSF_16,AGCGTCGCATCAGTAC-1,0.18598657237491759
CXCR3+,MS,CSF_16,AGCGTCGGTCACTTCC-1,0.11989077746260655
CXCR3-,MS,CSF_16,AGCGTCGGTCTGCCAG-1,0.12492872991852842
CXCR3-,MS,CSF_16,AGCGTCGTCTGAGGGA-1,0.6362273799748442
CXCR3-,MS,CSF_16,AGCTCCTAGAGCTTCT-1,0.3086195531488926
CXCR3+,MS,CSF_16,AGCTCCTCACTTAACG-1,-0.4885672981171796
CXCR3-,MS,CSF_16,AGCTCCTGTGACGGTA-1,-0.09834107806026707
CXCR3+,MS,CSF_16,AGCTCCTGTTCACGGC-1,0.025317840472630863
CXCR3-,MS,CSF_16,AGCTCTCGTTAAGGGC-1,-0.4675081158726372
CXCR3-,MS,CSF_16,AGCTCTCTCCTCATTA-1,0.23086974256967122
CXCR3+,MS,CSF_16,AGCTTGACAAGGTTTC-1,-0.2505143300924047
CXCR3-,MS,CSF_16,AGCTTGAGTCTCTTTA-1,0.0571475731893595
CXCR3-,MS,CSF_16,AGGCCACAGCACAGGT-1,0.23193496269095296
CXCR3+,MS,CSF_16,AGGCCACGTAAATGAC-1,-0.007883482089935088
CXCR3-,MS,CSF_16,AGGGAGTAGGCGACAT-1,-0.21235554489490222
CXCR3-,MS,CSF_16,AGGGAGTAGTCCAGGA-1,-0.19974080825545407
CXCR3-,MS,CSF_16,AGGGAGTAGTGTACTC-1,-0.03984878706433975
CXCR3-,MS,CSF_16,AGGGAGTCAGCTATTG-1,-0.041215230848290575
CXCR3-,MS,CSF_16,AGGGAGTGTACCGGCT-1,-0.22101586432411965
CXCR3-,MS,CSF_16,AGGGATGGTCTGGAGA-1,0.3855860403830616
CXCR3+,MS,CSF_16,AGGGATGTCTTTACGT-1,0.3023023843655176
CXCR3-,MS,CSF_16,AGGGTGAAGTATGACA-1,0.5483133189052637
CXCR3-,MS,CSF_16,AGGGTGACACAAGACG-1,0.38284907965494924
CXCR3+,MS,CSF_16,AGGGTGATCCAGGGCT-1,0.1770701092313826
CXCR3-,MS,CSF_16,AGGTCCGCATCCAACA-1,0.08070460523953903
CXCR3-,MS,CSF_16,AGGTCCGGTTCCAACA-1,0.23820755342119013
CXCR3+,MS,CSF_16,AGGTCCGTCCAATGGT-1,0.12719102460473744
CXCR3-,MS,CSF_16,AGTAGTCAGGCAGTCA-1,0.20095506919426956
CXCR3-,MS,CSF_16,AGTCTTTAGTATTGGA-1,0.8369372931351784
CXCR3-,MS,CSF_16,AGTCTTTGTAAGTGTA-1,0.427708284913572
CXCR3-,MS,CSF_16,AGTCTTTGTTCGTGAT-1,-0.09834107806026707
CXCR3-,MS,CSF_16,AGTGAGGCATCATCCC-1,0.3674762277658834
CXCR3-,MS,CSF_16,AGTGGGAAGACTAGAT-1,0.31945033927749894
CXCR3-,MS,CSF_16,AGTGGGACATCCGGGT-1,-0.09834107806026707
CXCR3-,MS,CSF_16,AGTGGGAGTACGCTGC-1,-0.09834107806026707
CXCR3+,MS,CSF_16,AGTGGGAGTCAATACC-1,0.1068799269646328
CXCR3+,MS,CSF_16,AGTGGGAGTGATGATA-1,-0.11696453967559758
CXCR3+,MS,CSF_16,AGTGTCAAGAGCAATT-1,0.415978357939008
CXCR3-,MS,CSF_16,AGTGTCAAGTAGCCGA-1,-0.09834107806026707
CXCR3-,MS,CSF_16,AGTGTCACAGCCAGAA-1,-0.09834107806026707
CXCR3-,MS,CSF_16,AGTTGGTCATTCACTT-1,0.43481479104975723
CXCR3-,MS,CSF_16,AGTTGGTGTCATATGC-1,0.37551611880305497
CXCR3+,MS,CSF_16,AGTTGGTTCACCATAG-1,-0.01863895078129835
CXCR3+,MS,CSF_16,ATAACGCGTCGCGAAA-1,-0.2883495845412645
CXCR3-,MS,CSF_16,ATAGACCTCTCGCTTG-1,0.5099838872117638
CXCR3+,MS,CSF_16,ATCACGAAGGATGGAA-1,0.6884533935493437
CXCR3-,MS,CSF_16,ATCACGACAAGCCCAC-1,-0.09834107806026707
CXCR3-,MS,CSF_16,ATCACGACACGAAGCA-1,0.37553671789923665
CXCR3+,MS,CSF_16,ATCACGACAGGAACGT-1,0.10378577190798752
CXCR3-,MS,CSF_16,ATCACGAGTTCGCGAC-1,0.2338950741038846
CXCR3-,MS,CSF_16,ATCATCTCAGCTCGAC-1,0.2722347427200711
CXCR3-,MS,CSF_16,ATCATCTGTCCGAACC-1,0.09210234207044835
CXCR3+,MS,CSF_16,ATCATCTTCTCAACTT-1,-0.1868023989914603
CXCR3-,MS,CSF_16,ATCATGGTCACAATGC-1,-0.03378838793435842
CXCR3-,MS,CSF_16,ATCATGGTCCGTCATC-1,-0.09834107806026707
CXCR3-,MS,CSF_16,ATCCACCAGAGTACCG-1,0.062072229935048594
CXCR3-,MS,CSF_16,ATCCACCCACTTACGA-1,-0.09834107806026707
CXCR3+,MS,CSF_16,ATCCACCGTTACCGAT-1,0.1426070464706147
CXCR3-,MS,CSF_16,ATCCGAAAGGACACCA-1,0.3724606480540012
CXCR3-,MS,CSF_16,ATCCGAACAGCAGTTT-1,0.1254564995185264
CXCR3-,MS,CSF_16,ATCCGAAGTTACGCGC-1,0.8584609104265749
CXCR3+,MS,CSF_16,ATCCGAATCATCGGAT-1,0.07505404417117509
CXCR3-,MS,CSF_16,ATCGAGTCATGTCGAT-1,0.15241268494256602
CXCR3-,MS,CSF_16,ATCTACTAGAGTACCG-1,0.0030737345454925186
CXCR3-,MS,CSF_16,ATCTACTAGGTGTTAA-1,0.17393258140101223
CXCR3-,MS,CSF_16,ATGAGGGCACTGTTAG-1,0.4892969635016498
CXCR3-,MS,CSF_16,ATGAGGGGTAGGCTGA-1,-0.09834107806026707
CXCR3-,MS,CSF_16,ATGAGGGTCTTTAGTC-1,-0.1687998443832393
CXCR3-,MS,CSF_16,ATGCGATCAGCTTAAC-1,0.4909300013434605
CXCR3-,MS,CSF_16,ATGCGATCATGCCTTC-1,0.2211943673882249
CXCR3-,MS,CSF_16,ATGCGATGTCTTCGTC-1,-0.8807878523754779
CXCR3-,MS,CSF_16,ATGCGATGTTGGTTTG-1,0.8159277837273775
CXCR3-,MS,CSF_16,ATGGGAGCACTTCTGC-1,0.17019940779393075
CXCR3-,MS,CSF_16,ATGGGAGGTAGTACCT-1,-0.19223115363470436
CXCR3+,MS,CSF_16,ATGGGAGGTATTAGCC-1,-0.36611762791990304
CXCR3-,MS,CSF_16,ATGGGAGGTCGGCTCA-1,-0.09834107806026707
CXCR3+,MS,CSF_16,ATGGGAGTCGAATCCA-1,0.1916789094004511
CXCR3-,MS,CSF_16,ATGGGAGTCGCCTGTT-1,-0.20371257416843616
CXCR3-,MS,CSF_16,ATTATCCAGGCACATG-1,0.13677260731403956
CXCR3+,MS,CSF_16,ATTATCCCATGGGACA-1,0.20384291805141536
CXCR3-,MS,CSF_16,ATTATCCGTGGAAAGA-1,-0.5007904330173859
CXCR3+,MS,CSF_16,ATTATCCTCGAGCCCA-1,0.573918432196122
CXCR3-,MS,CSF_16,ATTCTACAGCCACCTG-1,0.18389533027587726
CXCR3-,MS,CSF_16,ATTCTACCAGCTGTGC-1,-0.050229082443889475
CXCR3-,MS,CSF_16,ATTCTACGTATATCCG-1,-0.0219832729285729
CXCR3-,MS,CSF_16,ATTCTACTCCGAAGAG-1,0.4834543167441706
CXCR3-,MS,CSF_16,ATTCTACTCGCAGGCT-1,0.47086109762740297
CXCR3-,MS,CSF_16,ATTGGACCAGGTCTCG-1,-0.09834107806026707
CXCR3-,MS,CSF_16,ATTGGACGTCATTAGC-1,0.5060773868792388
CXCR3-,MS,CSF_16,ATTGGACTCTCAACTT-1,0.14498792634104402
CXCR3-,MS,CSF_16,ATTGGTGAGGGAACGG-1,-0.042864931165072895
CXCR3+,MS,CSF_16,ATTGGTGAGGTAAACT-1,0.05231540095813122
CXCR3+,MS,CSF_16,ATTGGTGGTCAATGTC-1,-0.42818317454246413
CXCR3-,MS,CSF_16,ATTGGTGGTCTTTCAT-1,0.30574560066293444
CXCR3+,MS,CSF_16,ATTGGTGTCGCACTCT-1,0.20507627685563573
CXCR3-,MS,CSF_16,CAACCAAAGGGATGGG-1,-0.04483338126761167
CXCR3-,MS,CSF_16,CAACCAAGTGATAAAC-1,0.3070670638165788
CXCR3-,MS,CSF_16,CAACCAAGTTCTGTTT-1,0.4341030679388417
CXCR3-,MS,CSF_16,CAACTAGAGGCTATCT-1,-0.4646752426637484
CXCR3-,MS,CSF_16,CAACTAGCAAGTAATG-1,0.0534179476838522
CXCR3+,MS,CSF_16,CAACTAGCAGATCGGA-1,0.18250340971698448
CXCR3+,MS,CSF_16,CAACTAGTCACAGGCC-1,-0.09834107806026707
CXCR3-,MS,CSF_16,CAACTAGTCAGGCCCA-1,-0.05453608260180882
CXCR3+,MS,CSF_16,CAAGAAAGTATTCGTG-1,-0.09834107806026707
CXCR3-,MS,CSF_16,CAAGAAAGTTCTGAAC-1,-0.09834107806026707
CXCR3-,MS,CSF_16,CAAGAAATCCTCGCAT-1,0.11865865295318437
CXCR3-,MS,CSF_16,CAAGATCGTGAAAGAG-1,-0.09472235016699557
CXCR3-,MS,CSF_16,CAAGATCTCAGCTTAG-1,0.034794522609161584
CXCR3-,MS,CSF_16,CAAGATCTCTCGAGTA-1,0.2859675969781764
CXCR3-,MS,CSF_16,CAAGGCCAGATCTGAA-1,0.3970488156230458
CXCR3-,MS,CSF_16,CAAGGCCAGTCGATAA-1,-0.09834107806026707
CXCR3+,MS,CSF_16,CAAGGCCGTCGACTGC-1,0.06968217774316045
CXCR3-,MS,CSF_16,CAAGGCCGTCTCTCTG-1,0.14820211542642417
CXCR3-,MS,CSF_16,CAAGGCCTCTATCGCC-1,-0.14551316384782412
CXCR3-,MS,CSF_16,CAAGTTGAGATATGGT-1,0.2828842289897339
CXCR3-,MS,CSF_16,CAAGTTGCAAGCGAGT-1,-0.20408092631884836
CXCR3+,MS,CSF_16,CAAGTTGCATGAGCGA-1,0.17299930330594543
CXCR3-,MS,CSF_16,CAAGTTGGTCGTTGTA-1,-0.311466237803009
CXCR3-,MS,CSF_16,CAAGTTGGTTAAGGGC-1,0.11174337231524482
CXCR3-,MS,CSF_16,CACAAACGTTGGACCC-1,0.06164714687415625
CXCR3-,MS,CSF_16,CACACCTGTTATCGGT-1,0.6683933544626507
CXCR3-,MS,CSF_16,CACACTCGTCTTGTCC-1,0.17341402839202577
CXCR3-,MS,CSF_16,CACACTCGTTCTCATT-1,0.478732812688708
CXCR3+,MS,CSF_16,CACACTCTCAACCAAC-1,-0.16863685294758368
CXCR3-,MS,CSF_16,CACACTCTCGTGGGAA-1,-0.09834107806026707
CXCR3+,MS,CSF_16,CACACTCTCTGCAAGT-1,-0.04545634023610645
CXCR3+,MS,CSF_16,CACAGGCGTGCGATAG-1,-0.09834107806026707
CXCR3-,MS,CSF_16,CACAGGCTCCAACCAA-1,0.13613867835256052
CXCR3-,MS,CSF_16,CACAGTAAGGAGCGAG-1,0.008316839786169396
CXCR3-,MS,CSF_16,CACAGTAGTCGCTTTC-1,-0.00952856654617995
CXCR3+,MS,CSF_16,CACAGTATCGTGGGAA-1,-0.012104440480678253
CXCR3-,MS,CSF_16,CACATAGAGACGCAAC-1,-0.017951399960581243
CXCR3-,MS,CSF_16,CACATAGAGGCATGTG-1,-0.11288968158117076
CXCR3-,MS,CSF_16,CACATAGCAGATAATG-1,0.43624835638453935
CXCR3-,MS,CSF_16,CACATAGCATGTTCCC-1,-0.08086890399890154
CXCR3+,MS,CSF_16,CACATTTCACTGTTAG-1,-0.19005767305373597
CXCR3+,MS,CSF_16,CACATTTTCATTGCCC-1,-0.4181072171818972
CXCR3+,MS,CSF_16,CACCACTCATCACAAC-1,0.24143469980406532
CXCR3-,MS,CSF_16,CACCACTTCACAGGCC-1,0.20677439117559013
CXCR3-,MS,CSF_16,CACCACTTCTCCAGGG-1,0.32586118322764956
CXCR3+,MS,CSF_16,CACCAGGCAGGGTACA-1,-0.23705391119090782
CXCR3+,MS,CSF_16,CACCTTGAGAACAATC-1,-0.09834107806026707
CXCR3+,MS,CSF_16,CACCTTGAGGTGGGTT-1,0.7586692023936169
CXCR3-,MS,CSF_16,CACCTTGAGTGCTGCC-1,0.032669948087570004
CXCR3-,MS,CSF_16,CACCTTGGTCCTCCAT-1,0.038426053344550494
CXCR3-,MS,CSF_16,CACCTTGTCGGTCCGA-1,0.15946460641029556
CXCR3-,MS,CSF_16,CACTCCAAGAGACGAA-1,0.5554697778523426
CXCR3-,MS,CSF_16,CACTCCACAAGTCATC-1,-0.2342515922868253
CXCR3-,MS,CSF_16,CACTCCATCTGGTTCC-1,0.3922824416428709
CXCR3+,MS,CSF_16,CAGAATCCAGTTCCCT-1,0.6149804365874152
CXCR3+,MS,CSF_16,CAGAGAGAGCTCAACT-1,0.2213872914130157
CXCR3-,MS,CSF_16,CAGATCAAGACTAGGC-1,0.1491322762307386
CXCR3-,MS,CSF_16,CAGATCAGTTGCGTTA-1,-0.026985760036520107
CXCR3+,MS,CSF_16,CAGCAGCAGAGTAATC-1,0.2832620528715231
CXCR3+,MS,CSF_16,CAGCAGCCAGCAGTTT-1,0.09217667685546219
CXCR3-,MS,CSF_16,CAGCAGCGTCTACCTC-1,-0.09834107806026707
CXCR3-,MS,CSF_16,CAGCATAGTCTGCAAT-1,-0.09834107806026707
CXCR3+,MS,CSF_16,CAGCATAGTGCCTTGG-1,-0.09834107806026707
CXCR3-,MS,CSF_16,CAGCCGAAGAATTCCC-1,-0.09834107806026707
CXCR3-,MS,CSF_16,CAGCCGAAGCAGCCTC-1,0.2763408628633482
CXCR3-,MS,CSF_16,CAGCCGAGTTGAGTTC-1,-0.09834107806026707
CXCR3-,MS,CSF_16,CAGCCGATCTGATTCT-1,0.4365687297662859
CXCR3-,MS,CSF_16,CAGCGACCACTAGTAC-1,-0.09834107806026707
CXCR3+,MS,CSF_16,CAGCGACGTTGTCTTT-1,-0.09834107806026707
CXCR3-,MS,CSF_16,CAGCTAAAGCCAGGAT-1,0.16295783207651615
CXCR3-,MS,CSF_16,CAGCTAAAGTCAAGCG-1,0.18337735004335512
CXCR3-,MS,CSF_16,CAGCTAAGTAAAGGAG-1,-0.09834107806026707
CXCR3+,MS,CSF_16,CAGCTGGAGAAACCGC-1,0.3678224905337663
CXCR3-,MS,CSF_16,CAGCTGGCACAGGCCT-1,0.25383803541115024
CXCR3+,MS,CSF_16,CAGCTGGGTTCGTTGA-1,0.07896687468135291
CXCR3-,MS,CSF_16,CAGCTGGTCCACGCAG-1,0.29061926539883043
CXCR3-,MS,CSF_16,CAGGTGCAGCCACGTC-1,0.07145216296621906
CXCR3+,MS,CSF_16,CAGGTGCTCCGTAGGC-1,0.017595319539404946
CXCR3-,MS,CSF_16,CAGTAACCAGCTGTTA-1,0.12338768309125438
CXCR3-,MS,CSF_16,CAGTAACTCTCGCATC-1,0.042733093535907186
CXCR3+,MS,CSF_16,CAGTCCTAGAGTCTGG-1,0.4796556312358043
CXCR3-,MS,CSF_16,CATATGGAGAGCCTAG-1,0.2511829501625676
CXCR3-,MS,CSF_16,CATATTCAGACCTTTG-1,-0.09834107806026707
CXCR3-,MS,CSF_16,CATATTCCACGGATAG-1,0.8443458432270514
CXCR3-,MS,CSF_16,CATCAAGTCCATTCTA-1,0.22607713577197172
CXCR3-,MS,CSF_16,CATCAGACACGGTAGA-1,-0.46103789573014353
CXCR3-,MS,CSF_16,CATCAGAGTAGCAAAT-1,0.49781641846860697
CXCR3-,MS,CSF_16,CATCAGAGTGATAAAC-1-1,0.31262878471396416
CXCR3+,MS,CSF_16,CATCAGATCCATGAGT-1,0.11764634036685707
CXCR3-,MS,CSF_16,CATCCACAGTGTTGAA-1,-0.09834107806026707
CXCR3-,MS,CSF_16,CATCCACGTCTAGAGG-1,-0.036525570661395376
CXCR3+,MS,CSF_16,CATCGAACAAGTCTAC-1,-0.09834107806026707
CXCR3-,MS,CSF_16,CATCGGGCAAACGCGA-1,0.303580254442633
CXCR3+,MS,CSF_16,CATGACACAGAGTGTG-1,0.37522568679509927
CXCR3+,MS,CSF_16,CATGACACATGCTAGT-1,0.27004838420101407
CXCR3-,MS,CSF_16,CATGACATCTGTCAAG-1,-0.20954790372497034
CXCR3-,MS,CSF_16,CATGCCTGTACACCGC-1,-0.011543297528146186
CXCR3-,MS,CSF_16,CATGCCTGTTGGTTTG-1,0.34488614316405314
CXCR3-,MS,CSF_16,CATGCCTTCCTTTCGG-1,0.2074158330904982
CXCR3-,MS,CSF_16,CATGCCTTCTCTTATG-1,0.16470753215824702
CXCR3-,MS,CSF_16,CATGGCGCATTGGCGC-1,-0.002752850803040552
CXCR3-,MS,CSF_16,CATGGCGTCCGCAAGC-1,0.1012286216702685
CXCR3-,MS,CSF_16,CCACCTAAGGGCTTGA-1,-0.09834107806026707
CXCR3-,MS,CSF_16,CCACCTAAGGTGCTTT-1,0.3094130713219086
CXCR3-,MS,CSF_16,CCACGGACATGTCCTC-1,0.13387517152310488
CXCR3-,MS,CSF_16,CCACTACAGCCGTCGT-1,-0.045230686582055216
CXCR3+,MS,CSF_16,CCACTACGTAGCGTGA-1,0.05362852184603069
CXCR3+,MS,CSF_16,CCACTACGTCGACTAT-1,0.02591949966977831
CXCR3-,MS,CSF_16,CCACTACTCAACCATG-1,0.3840937026293873
CXCR3-,MS,CSF_16,CCAGCGACAAGCTGTT-1,0.05250403064025239
CXCR3-,MS,CSF_16,CCAGCGACACCGAAAG-1,0.00012158137553134171
CXCR3+,MS,CSF_16,CCAGCGAGTCGTCTTC-1,0.31293417206143814
CXCR3-,MS,CSF_16,CCAGCGATCAACACTG-1,0.6637070101386852
CXCR3-,MS,CSF_16,CCAGCGATCAGAGGTG-1,-0.03250834285222948
CXCR3+,MS,CSF_16,CCATGTCAGTCACGCC-1,0.37312130798611914
CXCR3-,MS,CSF_16,CCATGTCCAGGACCCT-1,0.6242319233031186
CXCR3+,MS,CSF_16,CCATTCGCAGCGAACA-1,0.41357664756832785
CXCR3+,MS,CSF_16,CCATTCGGTATCAGTC-1,-0.035324533465939036
CXCR3-,MS,CSF_16,CCATTCGGTCTGCGGT-1,0.2780249396304143
CXCR3-,MS,CSF_16,CCATTCGTCACCTCGT-1,0.12435282943491575
CXCR3+,MS,CSF_16,CCATTCGTCATCACCC-1,-0.09834107806026707
CXCR3+,MS,CSF_16,CCCAATCAGTGATCGG-1,0.46294818041861674
CXCR3-,MS,CSF_16,CCCAATCTCGGTGTTA-1,-0.036241150501061435
CXCR3-,MS,CSF_16,CCCAGTTTCTCTAAGG-1,0.2947270375702972
CXCR3+,MS,CSF_16,CCCATACAGCTCCTTC-1,0.07774672101152154
CXCR3-,MS,CSF_16,CCCATACCAATCAGAA-1,0.12022208466251724
CXCR3+,MS,CSF_16,CCCATACCAATCTGCA-1,0.1967709069265334
CXCR3-,MS,CSF_16,CCCTCCTCAATAGAGT-1,0.6196605062180833
CXCR3+,MS,CSF_16,CCCTCCTTCAAACCAC-1,0.13838905340956875
CXCR3-,MS,CSF_16,CCGGGATTCAACGGGA-1,0.07237123807537023
CXCR3+,MS,CSF_16,CCGGTAGCAACCGCCA-1,-0.06551070907492167
CXCR3-,MS,CSF_16,CCGGTAGGTCGCTTCT-1,-0.09834107806026707
CXCR3-,MS,CSF_16,CCGGTAGTCTTGCCGT-1,-0.09834107806026707
CXCR3-,MS,CSF_16,CCGTACTAGAACAACT-1,0.14147270579718568
CXCR3+,MS,CSF_16,CCGTACTGTAGAGTGC-1,0.26902541531713753
CXCR3-,MS,CSF_16,CCGTACTTCATCTGCC-1,-0.3556372062457194
CXCR3-,MS,CSF_16,CCGTGGAGTTATCACG-1,-0.09834107806026707
CXCR3-,MS,CSF_16,CCGTTCAAGCACCGTC-1,-0.024946604565112378
CXCR3-,MS,CSF_16,CCGTTCACAGATAATG-1,0.3191169113089826
CXCR3-,MS,CSF_16,CCGTTCACATTTGCTT-1,0.2946289328133043
CXCR3-,MS,CSF_16,CCGTTCATCCGTTGTC-1,-0.19517205643819585
CXCR3-,MS,CSF_16,CCGTTCATCTTGTATC-1,-0.09834107806026707
CXCR3-,MS,CSF_16,CCTAAAGCATGCCACG-1,-0.09834107806026707
CXCR3+,MS,CSF_16,CCTACACAGATAGCAT-1,-0.4385699071779273
CXCR3-,MS,CSF_16,CCTACACCACTGCCAG-1,-0.09834107806026707
CXCR3-,MS,CSF_16,CCTACCAAGAGGACGG-1,0.1724947938503346
CXCR3-,MS,CSF_16,CCTACCAAGGACGAAA-1,0.06295947050891108
CXCR3+,MS,CSF_16,CCTACCACATAAAGGT-1,0.04471666826069319
CXCR3+,MS,CSF_16,CCTACCAGTGGACGAT-1,0.009205730220240238
CXCR3-,MS,CSF_16,CCTACCATCTGGGCCA-1,-0.10718489762265755
CXCR3+,MS,CSF_16,CCTAGCTCAATACGCT-1,0.10976571336051247
CXCR3+,MS,CSF_16,CCTAGCTGTCGACTAT-1,-0.0771810442285558
CXCR3-,MS,CSF_16,CCTAGCTTCGATGAGG-1,0.6418937151544248
CXCR3-,MS,CSF_16,CCTATTAAGAGGTACC-1,0.46557191045535007
CXCR3-,MS,CSF_16,CCTATTAGTACAGCAG-1,0.19821830551781733
CXCR3+,MS,CSF_16,CCTCAGTCATTTCAGG-1,0.12863247842212627
CXCR3-,MS,CSF_16,CCTCTGAAGGTGTGGT-1,0.21276229466671212
CXCR3-,MS,CSF_16,CCTCTGAAGTACACCT-1,0.041116050993491485
CXCR3-,MS,CSF_16,CCTCTGAAGTACGCGA-1,-0.09834107806026707
CXCR3-,MS,CSF_16,CCTCTGACACAGAGGT-1,0.4421700062838609
CXCR3-,MS,CSF_16,CCTCTGATCCCTCTTT-1,0.06116146632423612
CXCR3+,MS,CSF_16,CCTCTGATCCGCAAGC-1,0.5444270050600408
CXCR3-,MS,CSF_16,CCTTACGCAGCTCGAC-1,-0.2645273049471274
CXCR3-,MS,CSF_16,CCTTACGGTATAAACG-1,0.05811721170863669
CXCR3-,MS,CSF_16,CCTTACGTCTTCGGTC-1,0.09114021582730894
CXCR3+,MS,CSF_16,CCTTCCCAGTTGTCGT-1,0.1923815045539429
CXCR3-,MS,CSF_16,CCTTCCCCAATGAATG-1,0.2528142230582902
CXCR3-,MS,CSF_16,CCTTCCCCATGCGCAC-1,0.06466007544463999
CXCR3-,MS,CSF_16,CCTTCCCGTGAGGCTA-1,-0.09834107806026707
CXCR3+,MS,CSF_16,CCTTCCCGTTGGTGGA-1,-0.09834107806026707
CXCR3-,MS,CSF_16,CCTTCCCTCACATAGC-1,0.1721095026563381
CXCR3-,MS,CSF_16,CCTTTCTTCGCGTAGC-1,0.3582147063039879
CXCR3+,MS,CSF_16,CGAACATCAACTTGAC-1,-0.2574568088660338
CXCR3-,MS,CSF_16,CGAACATCATCTCCCA-1,-0.08742173473585081
CXCR3-,MS,CSF_16,CGAACATGTACCATCA-1,0.00422029116736955
CXCR3-,MS,CSF_16,CGACCTTCACATCTTT-1,-0.09834107806026707
CXCR3+,MS,CSF_16,CGACCTTCAGGGTACA-1,0.36652849284519434
CXCR3+,MS,CSF_16,CGACCTTGTGCACCAC-1,0.08693996026881909
CXCR3+,MS,CSF_16,CGACCTTTCAGAGCTT-1,-0.6456141507247747
CXCR3-,MS,CSF_16,CGACCTTTCGGCCGAT-1,0.11731277261559059
CXCR3+,MS,CSF_16,CGACTTCTCTTCCTTC-1,0.08041206896738388
CXCR3+,MS,CSF_16,CGAGAAGAGGCTAGGT-1,0.19320204759215023
CXCR3+,MS,CSF_16,CGAGAAGCACCTATCC-1,-0.608357723528897
CXCR3+,MS,CSF_16,CGAGAAGCATGTAGTC-1,-0.524948558502261
CXCR3-,MS,CSF_16,CGAGCACAGGTGCTTT-1,0.33959442295004233
CXCR3-,MS,CSF_16,CGAGCACTCATATCGG-1,0.07269303147184325
CXCR3-,MS,CSF_16,CGAGCCACATTACGAC-1,0.18323729910331688
CXCR3+,MS,CSF_16,CGAGCCAGTCTTCGTC-1,0.026504509291339757
CXCR3-,MS,CSF_16,CGAGCCAGTTCCACAA-1,0.06696941736378262
CXCR3+,MS,CSF_16,CGATCGGCACAGGAGT-1,0.20238056355171866
CXCR3+,MS,CSF_16,CGATCGGTCTGCGGCA-1,0.2673159194994733
CXCR3+,MS,CSF_16,CGATTGAAGAAACCAT-1,0.28312436570241406
CXCR3-,MS,CSF_16,CGATTGACACTGTGTA-1,-0.04096705690595554
CXCR3-,MS,CSF_16,CGATTGAGTAGTACCT-1,-0.09834107806026707
CXCR3-,MS,CSF_16,CGCCAAGTCGTCCAGG-1,-0.09834107806026707
CXCR3+,MS,CSF_16,CGCGGTAAGGTCATCT-1,0.5193543490727441
CXCR3-,MS,CSF_16,CGCGGTAAGTAATCCC-1,0.04563737561816532
CXCR3-,MS,CSF_16,CGCGGTACACACCGAC-1,0.28271439240772955
CXCR3+,MS,CSF_16,CGCGGTACACAGACTT-1,-0.09834107806026707
CXCR3-,MS,CSF_16,CGCGGTAGTAGCGTCC-1,0.4268387882674595
CXCR3-,MS,CSF_16,CGCGGTAGTTCCTCCA-1,0.21237386369317673
CXCR3+,MS,CSF_16,CGCGGTATCCGTAGGC-1,0.11177765112175966
CXCR3-,MS,CSF_16,CGCGTTTGTGCTCTTC-1,0.41019471908585264
CXCR3-,MS,CSF_16,CGCTATCAGGCTAGAC-1,-0.19322346843733
CXCR3+,MS,CSF_16,CGCTATCAGTACGTTC-1,0.12249093430898284
CXCR3-,MS,CSF_16,CGCTATCTCCAGAGGA-1,-0.28024076770271134
CXCR3+,MS,CSF_16,CGCTATCTCGGGAGTA-1,0.7929664342482247
CXCR3-,MS,CSF_16,CGCTTCAAGCACACAG-1,-0.11400590604814435
CXCR3+,MS,CSF_16,CGCTTCACACCTGGTG-1,-0.19322346843733
CXCR3-,MS,CSF_16,CGCTTCATCGGATGTT-1,-0.20357618496366597
CXCR3-,MS,CSF_16,CGGACACAGGTGCAAC-1,0.45156404805738776
CXCR3-,MS,CSF_16,CGGACACCACGTCTCT-1,-0.024517691337704223
CXCR3-,MS,CSF_16,CGGACACGTAGTAGTA-1,-0.20750728118973474
CXCR3-,MS,CSF_16,CGGACGTCAAGTTGTC-1,-0.36378766889856523
CXCR3-,MS,CSF_16,CGGACGTCAGCTGTGC-1,-0.09834107806026707
CXCR3-,MS,CSF_16,CGGACGTGTGGGTATG-1,0.1226501419561512
CXCR3+,MS,CSF_16,CGGACTGTCACCTCGT-1,-0.989545857578377
CXCR3-,MS,CSF_16,CGGACTGTCATGTGGT-1,0.20038435368026578
CXCR3-,MS,CSF_16,CGGAGCTAGATCGATA-1,0.16507579212093862
CXCR3+,MS,CSF_16,CGGAGCTCAGACGCAA-1,0.2630972096523891
CXCR3-,MS,CSF_16,CGGAGTCGTGCGAAAC-1,0.01808334726530606
CXCR3-,MS,CSF_16,CGGAGTCGTGTAAGTA-1,0.14610771992317767
CXCR3+,MS,CSF_16,CGGAGTCTCTTGCCGT-1,0.0889565465166172
CXCR3-,MS,CSF_16,CGGCTAGAGTTAGCGG-1,0.12150262933402543
CXCR3-,MS,CSF_16,CGGCTAGCAAGTTAAG-1,-0.09834107806026707
CXCR3-,MS,CSF_16,CGGCTAGTCGAACGGA-1,0.07091924005907449
CXCR3-,MS,CSF_16,CGGCTAGTCGAGCCCA-1,-0.06254869929063553
CXCR3-,MS,CSF_16,CGGGTCACAAAGGCGT-1,0.2382303769083824
CXCR3-,MS,CSF_16,CGGGTCACACCAGATT-1,0.3510676573486938
CXCR3-,MS,CSF_16,CGGTTAAGTACCGTTA-1,0.0746094410372206
CXCR3-,MS,CSF_16,CGGTTAATCCGTCAAA-1,0.08207100280529991
CXCR3-,MS,CSF_16,CGGTTAATCCGTTGTC-1,0.07431323342918382
CXCR3-,MS,CSF_16,CGGTTAATCGCCTGTT-1,1.036731714151703
CXCR3+,MS,CSF_16,CGTAGGCAGTGTGGCA-1,0.04791905324531157
CXCR3-,MS,CSF_16,CGTAGGCGTACCTACA-1,0.07347406576771016
CXCR3-,MS,CSF_16,CGTCAGGCAATGGTCT-1,-0.034517842707560455
CXCR3-,MS,CSF_16,CGTCAGGGTCTCTCTG-1,-0.045545621211803014
CXCR3-,MS,CSF_16,CGTCAGGGTGGGTCAA-1,0.11198146411452335
CXCR3-,MS,CSF_16,CGTCAGGTCAAACAAG-1,-0.09834107806026707
CXCR3-,MS,CSF_16,CGTCCATAGCAATCTC-1,-0.05528342687612431
CXCR3+,MS,CSF_16,CGTCCATCAAGAAAGG-1,-0.09834107806026707
CXCR3+,MS,CSF_16,CGTCCATCAGCCTGTG-1,-0.18022525022618494
CXCR3-,MS,CSF_16,CGTCCATCAGGTGGAT-1,0.21953020227988942
CXCR3-,MS,CSF_16,CGTCTACAGATCACGG-1,0.2935766376327359
CXCR3+,MS,CSF_16,CGTGAGCAGGGCTCTC-1,0.143681021270152
CXCR3+,MS,CSF_16,CGTGTAAGTACCCAAT-1,-0.21359042490332492
CXCR3-,MS,CSF_16,CGTGTCTGTAGCAAAT-1,0.13931029530855105
CXCR3-,MS,CSF_16,CGTGTCTGTGCAACTT-1,-0.09834107806026707
CXCR3-,MS,CSF_16,CGTTAGAAGGTAGCTG-1,0.09767835171382676
CXCR3+,MS,CSF_16,CGTTAGAGTGCGGTAA-1,0.585581440771435
CXCR3+,MS,CSF_16,CGTTAGAGTTGAACTC-1,0.2312538690964341
CXCR3+,MS,CSF_16,CGTTAGATCTAGAGTC-1,-0.3051505710005879
CXCR3+,MS,CSF_16,CGTTCTGAGGATATAC-1,0.5362487547079026
CXCR3-,MS,CSF_16,CGTTGGGCAAACCCAT-1,0.3051154422200314
CXCR3-,MS,CSF_16,CGTTGGGCAAGAGTCG-1,-0.0037619765748131417
CXCR3-,MS,CSF_16,CGTTGGGTCAAAGACA-1,0.03685573107722201
CXCR3-,MS,CSF_16,CTAACTTCAACGCACC-1,-0.0049388931552760374
CXCR3+,MS,CSF_16,CTAACTTCACCAGGCT-1,0.4159218626065653
CXCR3-,MS,CSF_16,CTAACTTCATGCCTAA-1,-0.09834107806026707
CXCR3-,MS,CSF_16,CTAAGACAGGAGTACC-1,0.08199615669774148
CXCR3-,MS,CSF_16,CTAAGACGTAGCGCTC-1,-0.18273859959696237
CXCR3-,MS,CSF_16,CTACACCAGCCCGAAA-1,-0.2943538717143154
CXCR3+,MS,CSF_16,CTACACCAGTGCGTGA-1,0.10615654676384866
CXCR3+,MS,CSF_16,CTACACCGTCGGCACT-1,-0.09834107806026707
CXCR3-,MS,CSF_16,CTACATTCAATGGTCT-1,0.05427814544580064
CXCR3-,MS,CSF_16,CTACATTCATCTACGA-1,-0.176926194959611
CXCR3-,MS,CSF_16,CTACATTGTTCCGGCA-1,0.03679387284091341
CXCR3-,MS,CSF_16,CTACATTTCCAACCAA-1,0.33110716019228154
CXCR3-,MS,CSF_16,CTACCCAAGCTCAACT-1,-0.2680489643323024
CXCR3+,MS,CSF_16,CTACCCACACTGTCGG-1,0.1578473220296343
CXCR3-,MS,CSF_16,CTACCCAGTAGAGGAA-1,-0.12004356475826239
CXCR3+,MS,CSF_16,CTACCCATCAAGGTAA-1,0.2990312382346675
CXCR3-,MS,CSF_16,CTAGAGTCACCCTATC-1,0.31343427807816854
CXCR3-,MS,CSF_16,CTAGCCTAGCGTTGCC-1,0.5988880516494766
CXCR3-,MS,CSF_16,CTAGCCTCAAGCTGTT-1,0.29671887982463624
CXCR3-,MS,CSF_16,CTAGCCTCACAGGCCT-1,-0.34197737519034443
CXCR3+,MS,CSF_16,CTAGCCTTCTGTCAAG-1,-0.09834107806026707
CXCR3+,MS,CSF_16,CTAGTGAGTCTAAACC-1,0.351382022970419
CXCR3+,MS,CSF_16,CTCACACCAGGACGTA-1,0.37793852036069836
CXCR3-,MS,CSF_16,CTCACACGTCCAGTTA-1,0.2648763689665355
CXCR3-,MS,CSF_16,CTCACACTCGAACGGA-1,0.38825113741614903
CXCR3-,MS,CSF_16,CTCAGAAAGATATACG-1,0.04612204782464831
CXCR3-,MS,CSF_16,CTCAGAATCGAGAGCA-1,0.12490340985508061
CXCR3-,MS,CSF_16,CTCATTACATCCGGGT-1,-0.05615243403914309
CXCR3-,MS,CSF_16,CTCATTAGTCTGCGGT-1,0.1776318620845058
CXCR3-,MS,CSF_16,CTCATTATCAGCTCGG-1,0.08929918943066906
CXCR3-,MS,CSF_16,CTCATTATCGATAGAA-1,-0.1031566945155037
CXCR3-,MS,CSF_16,CTCATTATCTTCGAGA-1,0.6258514781824562
CXCR3-,MS,CSF_16,CTCCTAGGTTCAACCA-1,-0.09834107806026707
CXCR3-,MS,CSF_16,CTCGAAACAATCCGAT-1,0.22012789849085418
CXCR3-,MS,CSF_16,CTCGAAATCTCTAGGA-1,0.04980392330452278
CXCR3-,MS,CSF_16,CTCGAGGAGAGCAATT-1,-0.09834107806026707
CXCR3+,MS,CSF_16,CTCGAGGAGATAGGAG-1,0.1191383707817737
CXCR3+,MS,CSF_16,CTCGAGGAGCCACGCT-1,-0.2291887579130135
CXCR3-,MS,CSF_16,CTCGAGGAGTCCGTAT-1,0.3477804637943012
CXCR3+,MS,CSF_16,CTCGAGGGTGTAATGA-1,-0.2162109903192298
CXCR3-,MS,CSF_16,CTCGAGGTCCCTGACT-1,0.06218757303479133
CXCR3-,MS,CSF_16,CTCGAGGTCTAACGGT-1,0.04345987709645132
CXCR3-,MS,CSF_16,CTCGGAGGTGACGCCT-1,-0.2655476658317531
CXCR3-,MS,CSF_16,CTCGGAGTCTTATCTG-1,0.18268427479926747
CXCR3-,MS,CSF_16,CTCGGGACAAGGACTG-1,0.20222468831973522
CXCR3+,MS,CSF_16,CTCGGGACATTGGGCC-1,-0.09834107806026707
CXCR3+,MS,CSF_16,CTCGGGAGTGATGCCC-1,0.46050360386173156
CXCR3+,MS,CSF_16,CTCGGGAGTTATCACG-1,0.17535816191611311
CXCR3-,MS,CSF_16,CTCGGGATCGTTGCCT-1,-0.09834107806026707
CXCR3-,MS,CSF_16,CTCGTACTCGTAGGTT-1,0.17612409285836714
CXCR3-,MS,CSF_16,CTCGTCAAGCGACGTA-1,0.25631421762735884
CXCR3-,MS,CSF_16,CTCTAATAGATGCGAC-1,-0.09834107806026707
CXCR3-,MS,CSF_16,CTCTAATAGGACAGAA-1,-0.03658217034897325
CXCR3+,MS,CSF_16,CTCTAATCACAGATTC-1,0.13415525426124716
CXCR3-,MS,CSF_16,CTCTACGAGACCCACC-1,-0.6541204646118227
CXCR3-,MS,CSF_16,CTCTACGAGCGCCTTG-1,-0.36225768823911625
CXCR3-,MS,CSF_16,CTCTACGCAAGCTGGA-1,0.49603599611437577
CXCR3-,MS,CSF_16,CTCTACGTCCTCAACC-1,0.4389089827351071
CXCR3-,MS,CSF_16,CTCTACGTCGTTTATC-1,0.10791580828217609
CXCR3-,MS,CSF_16,CTGAAACTCATGCATG-1,0.382314766285111
CXCR3-,MS,CSF_16,CTGAAGTCATCAGTAC-1,0.7313732923187398
CXCR3+,MS,CSF_16,CTGAAGTGTGATGATA-1,0.14052422090306646
CXCR3+,MS,CSF_16,CTGATAGAGAAGAAGC-1,0.2019820923628854
CXCR3-,MS,CSF_16,CTGATAGAGTGGCACA-1,-0.09834107806026707
CXCR3+,MS,CSF_16,CTGATAGGTCTCTTAT-1,0.4988641698776611
CXCR3-,MS,CSF_16,CTGATCCAGGTTCCTA-1,0.08073585830134952
CXCR3-,MS,CSF_16,CTGCCTAAGTAGCCGA-1,0.06190754500352267
CXCR3+,MS,CSF_16,CTGCCTACATTACGAC-1,-0.16400360183000218
CXCR3-,MS,CSF_16,CTGCCTAGTGCACGAA-1,0.5565113736687445
CXCR3+,MS,CSF_16,CTGCCTAGTGGCAAAC-1,0.05959902066817372
CXCR3-,MS,CSF_16,CTGCCTATCTTGCCGT-1,0.10712761399358481
CXCR3-,MS,CSF_16,CTGCGGATCCACTGGG-1,-0.09834107806026707
CXCR3-,MS,CSF_16,CTGCGGATCTGATTCT-1-1,0.03450417906377951
CXCR3+,MS,CSF_16,CTGCTGTAGATTACCC-1,0.2238626901950508
CXCR3-,MS,CSF_16,CTGCTGTCAAAGCGGT-1,0.6221983910691222
CXCR3+,MS,CSF_16,CTGGTCTCACGGACAA-1,0.3113556342500963
CXCR3-,MS,CSF_16,CTGGTCTCATAAGACA-1,0.06405794154489311
CXCR3-,MS,CSF_16,CTGTGCTTCCAAACTG-1,-0.09834107806026707
CXCR3-,MS,CSF_16,CTGTTTAAGACTTTCG-1,0.21654856280637252
CXCR3-,MS,CSF_16,CTGTTTACAGGAATGC-1,0.1422557772643346
CXCR3+,MS,CSF_16,CTGTTTAGTCTTGCGG-1,-0.37241779574078804
CXCR3+,MS,CSF_16,CTTACCGGTCTTCTCG-1,-0.10704413178941466
CXCR3-,MS,CSF_16,CTTACCGGTGTCGCTG-1,-0.09834107806026707
CXCR3-,MS,CSF_16,CTTAGGATCAGAGCTT-1,0.5780490265546498
CXCR3-,MS,CSF_16,CTTAGGATCGGCATCG-1,0.1835113510937219
CXCR3-,MS,CSF_16,CTTCTCTAGGAGTAGA-1,-0.09834107806026707
CXCR3-,MS,CSF_16,CTTCTCTCAGCTGGCT-1,-0.18241899127896608
CXCR3+,MS,CSF_16,CTTCTCTTCAACTCTT-1,0.051110198934649076
CXCR3-,MS,CSF_16,CTTGGCTGTCTAGTCA-1,-0.09834107806026707
CXCR3+,MS,CSF_16,CTTTGCGGTCTCCATC-1,0.48232355965899093
CXCR3+,MS,CSF_16,GAAACTCCACCCATGG-1,0.5382759672395421
CXCR3-,MS,CSF_16,GAAATGACAGGCTCAC-1,0.18220160273017955
CXCR3+,MS,CSF_16,GAACCTAAGATGCCAG-1,0.049846333537054775
CXCR3-,MS,CSF_16,GAACCTACATGGTAGG-1,-0.11581780813909849
CXCR3-,MS,CSF_16,GAACCTATCAGAGACG-1,0.08469829372696268
CXCR3-,MS,CSF_16,GAACGGACATTACCTT-1,0.34081671349494275
CXCR3-,MS,CSF_16,GAACGGAGTCTGGAGA-1,0.042284627091649665
CXCR3-,MS,CSF_16,GAACGGAGTGTCTGAT-1,-0.09834107806026707
CXCR3+,MS,CSF_16,GAAGCAGAGGAGTTGC-1,0.09074176232487488
CXCR3+,MS,CSF_16,GAAGCAGCAGCCTTTC-1,0.23579048311545311
CXCR3+,MS,CSF_16,GAAGCAGGTCAAAGCG-1,0.1091194243633469
CXCR3+,MS,CSF_16,GAATAAGAGTCAAGGC-1,0.5133871958921554
CXCR3-,MS,CSF_16,GAATAAGCAATGTTGC-1,0.16094164403237438
CXCR3-,MS,CSF_16,GAATGAAAGTCCAGGA-1,-0.09834107806026707
CXCR3-,MS,CSF_16,GAATGAATCAAAGTAG-1,0.03234640681059304
CXCR3-,MS,CSF_16,GACACGCAGCGTTCCG-1,0.2446557051197127
CXCR3+,MS,CSF_16,GACACGCAGGAGTAGA-1,-0.0890940216415942
CXCR3-,MS,CSF_16,GACAGAGCAAGGTTTC-1,0.04456326732127255
CXCR3-,MS,CSF_16,GACCAATAGACAATAC-1,0.16136111612693974
CXCR3-,MS,CSF_16,GACCAATCACAGTCGC-1,0.2239514957110256
CXCR3+,MS,CSF_16,GACCAATGTACTTCTT-1,0.5598168438747674
CXCR3+,MS,CSF_16,GACCAATTCTCCCTGA-1,0.2791076841831958
CXCR3+,MS,CSF_16,GACCTGGAGGTGATAT-1,-0.4540374686165958
CXCR3+,MS,CSF_16,GACCTGGAGTGGAGTC-1,0.03902273321511603
CXCR3-,MS,CSF_16,GACCTGGCATTCTTAC-1,0.6340968673234916
CXCR3-,MS,CSF_16,GACCTGGGTCGATTGT-1,0.4478514589379355
CXCR3-,MS,CSF_16,GACCTGGGTGGACGAT-1,-0.04380057482503698
CXCR3-,MS,CSF_16,GACCTGGGTTATGTGC-1,0.055220715997405544
CXCR3-,MS,CSF_16,GACGCGTCAAGCTGAG-1,-0.3049225043687113
CXCR3+,MS,CSF_16,GACGGCTCAGAGTGTG-1,-0.09834107806026707
CXCR3-,MS,CSF_16,GACGGCTGTTCAGTAC-1,-0.09834107806026707
CXCR3-,MS,CSF_16,GACGTGCAGTTTAGGA-1,0.27167420142680476
CXCR3+,MS,CSF_16,GACGTGCCACGGCCAT-1,0.11405530772638366
CXCR3-,MS,CSF_16,GACGTGCGTGATGTCT-1,-0.09834107806026707
CXCR3+,MS,CSF_16,GACGTGCTCCACTCCA-1,-0.09685472770978425
CXCR3-,MS,CSF_16,GACGTTAGTTCCATGA-1,-0.1853085862542901
CXCR3+,MS,CSF_16,GACGTTAGTTGAGGTG-1,0.6460389717274374
CXCR3-,MS,CSF_16,GACGTTATCCTGCCAT-1,0.12215221637248776
CXCR3-,MS,CSF_16,GACTAACCATCGGGTC-1,-0.0908549410587446
CXCR3+,MS,CSF_16,GACTAACCATCTCCCA-1,0.2948679887711268
CXCR3-,MS,CSF_16,GACTAACGTCGAGTTT-1,0.016428423565931043
CXCR3-,MS,CSF_16,GACTACAAGGTGCTTT-1,0.05706038325776976
CXCR3-,MS,CSF_16,GACTACACATGGTCTA-1,0.08600713457948654
CXCR3+,MS,CSF_16,GACTACAGTCTCTCGT-1,-0.09834107806026707
CXCR3+,MS,CSF_16,GACTGCGCACAGGAGT-1,0.11383927849991704
CXCR3-,MS,CSF_16,GACTGCGGTCCGTCAG-1,-0.09834107806026707
CXCR3-,MS,CSF_16,GACTGCGGTGATGTGG-1,0.0803523248156437
CXCR3-,MS,CSF_16,GACTGCGGTGTCGCTG-1,-0.09834107806026707
CXCR3-,MS,CSF_16,GAGCAGAAGACTTTCG-1,0.13968871237016117
CXCR3-,MS,CSF_16,GAGCAGAAGTGAATTG-1,0.06403737246319809
CXCR3-,MS,CSF_16,GAGGTGAAGATCTGCT-1,-0.09213303852210812
CXCR3-,MS,CSF_16,GAGGTGAAGCGAAGGG-1,0.23495630077625593
CXCR3+,MS,CSF_16,GAGGTGACATTAGCCA-1,-0.11170980807624134
CXCR3-,MS,CSF_16,GAGGTGATCCCGGATG-1,0.308229011310372
CXCR3-,MS,CSF_16,GAGTCCGAGTGGAGAA-1,0.10824377574181618
CXCR3-,MS,CSF_16,GAGTCCGCACCATGTA-1,0.3950385294046554
CXCR3+,MS,CSF_16,GAGTCCGTCGAACTGT-1,0.17266996976544352
CXCR3-,MS,CSF_16,GATCAGTAGCTAGTTC-1,0.3034114786288944
CXCR3-,MS,CSF_16,GATCAGTTCCTCAATT-1,-0.00426206622935115
CXCR3-,MS,CSF_16,GATCGATCACAGCGTC-1,0.08611162227109048
CXCR3-,MS,CSF_16,GATCGATGTAAGTGGC-1,0.09005074347452983
CXCR3+,MS,CSF_16,GATCGTATCACAAACC-1,-0.43018753828356326
CXCR3-,MS,CSF_16,GATCTAGTCTCAAGTG-1,-0.24822237232120642
CXCR3-,MS,CSF_16,GATGAAAGTCAGAATA-1,0.052896170682013195
CXCR3-,MS,CSF_16,GATGAAATCCTAGAAC-1,-0.24793192878588824
CXCR3-,MS,CSF_16,GATGCTATCGCCGTGA-1,-0.09834107806026707
CXCR3-,MS,CSF_16,GATTCAGAGGACGAAA-1,-0.2915115292515217
CXCR3+,MS,CSF_16,GATTCAGCAAGGCTCC-1,0.06588858329134961
CXCR3-,MS,CSF_16,GATTCAGCACATTAGC-1,-0.09834107806026707
CXCR3+,MS,CSF_16,GATTCAGGTAGTACCT-1,-0.19193292783839885
CXCR3-,MS,CSF_16,GATTCAGTCCCATTTA-1,-0.2628622096677506
CXCR3-,MS,CSF_16,GATTCAGTCCTTGGTC-1,0.05105171631087673
CXCR3-,MS,CSF_16,GCAAACTCACCAGGTC-1,0.13295574586675366
CXCR3+,MS,CSF_16,GCAAACTCATGAGCGA-1,0.20947809195117234
CXCR3+,MS,CSF_16,GCAATCAAGACCTAGG-1,0.0576272935718475
CXCR3-,MS,CSF_16,GCAATCAAGCCCAATT-1,-0.05159519464814599
CXCR3+,MS,CSF_16,GCACATAAGAAGAAGC-1,-0.11156565741432176
CXCR3+,MS,CSF_16,GCACTCTAGAGTTGGC-1,0.07336607880073179
CXCR3+,MS,CSF_16,GCACTCTGTAAGAGGA-1,0.26961140811081963
CXCR3-,MS,CSF_16,GCACTCTTCGATCCCT-1,0.2042805315989941
CXCR3+,MS,CSF_16,GCAGCCACAAAGGCGT-1,0.0012626199495012203
CXCR3-,MS,CSF_16,GCAGCCACAGACAAGC-1,-0.09834107806026707
CXCR3+,MS,CSF_16,GCAGCCATCCAAGTAC-1,-0.19371569175700437
CXCR3-,MS,CSF_16,GCAGTTAAGTACGTTC-1,0.11410972699958137
CXCR3-,MS,CSF_16,GCAGTTAGTACCGAGA-1,-0.09834107806026707
CXCR3-,MS,CSF_16,GCAGTTAGTTCGAATC-1,-0.2591978379243903
CXCR3-,MS,CSF_16,GCATACAAGAGATGAG-1,0.44360273796069377
CXCR3-,MS,CSF_16,GCATACAAGCTAGTGG-1,0.3559733102270997
CXCR3+,MS,CSF_16,GCATACACACATGACT-1,-0.21667545565599422
CXCR3-,MS,CSF_16,GCATACATCAGAGCTT-1,0.8261827599145107
CXCR3-,MS,CSF_16,GCATGCGAGGGTATCG-1,0.30229730308574115
CXCR3+,MS,CSF_16,GCATGCGTCATTCACT-1,-0.16068064546861205
CXCR3-,MS,CSF_16,GCATGTAGTACAGCAG-1,0.626480406479069
CXCR3-,MS,CSF_16,GCCAAATAGTGCCAGA-1,-0.119282446512477
CXCR3-,MS,CSF_16,GCCAAATCACGGTTTA-1,-0.077133224951513
CXCR3-,MS,CSF_16,GCCAAATGTTAGATGA-1,0.2487258116716343
CXCR3-,MS,CSF_16,GCCTCTAAGAATGTTG-1,0.07803101286763893
CXCR3-,MS,CSF_16,GCCTCTAAGACTACAA-1,0.04398074241423761
CXCR3-,MS,CSF_16,GCCTCTAAGATCGATA-1,-0.09834107806026707
CXCR3-,MS,CSF_16,GCCTCTACAAACGCGA-1,0.377893780865397
CXCR3-,MS,CSF_16,GCCTCTACATACTCTT-1,-0.09834107806026707
CXCR3+,MS,CSF_16,GCCTCTACATCGGAAG-1,-0.03910879526650359
CXCR3-,MS,CSF_16,GCCTCTAGTATCGCAT-1,-0.09834107806026707
CXCR3-,MS,CSF_16,GCCTCTAGTCTAGGTT-1,0.5579951172349941
CXCR3-,MS,CSF_16,GCCTCTAGTTGACGTT-1,0.044015391680977886
CXCR3-,MS,CSF_16,GCCTCTATCAACCATG-1,0.5578232318679264
CXCR3+,MS,CSF_16,GCGAGAATCACAAACC-1,0.5823574145312185
CXCR3-,MS,CSF_16,GCGCAACGTTAGGGTG-1,0.09458029267479197
CXCR3+,MS,CSF_16,GCGCAACTCCACGCAG-1,0.4494135998347825
CXCR3-,MS,CSF_16,GCGCAACTCGACGGAA-1,0.17943445668548405
CXCR3+,MS,CSF_16,GCGCAACTCTGCTGTC-1,-0.1285451387140287
CXCR3-,MS,CSF_16,GCGCAGTAGATCACGG-1-1,0.07239263448818747
CXCR3+,MS,CSF_16,GCGCAGTGTGGTAACG-1,0.0959268549359041
CXCR3+,MS,CSF_16,GCGCCAAAGCACCGCT-1,-0.4316662282154013
CXCR3+,MS,CSF_16,GCGCCAAGTATGCTTG-1,0.11559090855222352
CXCR3-,MS,CSF_16,GCGCGATAGACTACAA-1,0.43466398589979666
CXCR3-,MS,CSF_16,GCGCGATAGGCAATTA-1,0.3207864729914986
CXCR3-,MS,CSF_16,GCGCGATCATGACATC-1,0.3357360280907194
CXCR3-,MS,CSF_16,GCGCGATGTGTTAAGA-1,-0.26671190932121874
CXCR3+,MS,CSF_16,GCGGGTTAGACTGTAA-1,0.4812398085631097
CXCR3+,MS,CSF_16,GCGGGTTAGCACAGGT-1,0.3340964650039901
CXCR3-,MS,CSF_16,GCGGGTTCAAGTCATC-1,-0.1975180172228665
CXCR3-,MS,CSF_16,GCGGGTTGTACTCTCC-1,0.45814319778220725
CXCR3-,MS,CSF_16,GCGGGTTGTATCTGCA-1,-0.09834107806026707
CXCR3-,MS,CSF_16,GCGGGTTTCAGTCAGT-1,0.3129265763464256
CXCR3+,MS,CSF_16,GCGGGTTTCTTGTATC-1,-0.1789216881943216
CXCR3-,MS,CSF_16,GCTCCTATCATGCAAC-1,-0.16402878666138276
CXCR3+,MS,CSF_16,GCTCTGTAGTCGAGTG-1,-0.22589873900262056
CXCR3-,MS,CSF_16,GCTCTGTCACGTCAGC-1,0.3123954660758174
CXCR3+,MS,CSF_16,GCTGCAGAGGCTCAGA-1,-0.23413814951401118
CXCR3-,MS,CSF_16,GCTGCAGAGGTGTGGT-1,0.08300199670656935
CXCR3+,MS,CSF_16,GCTGCAGGTTAAAGTG-1,0.47875335177983247
CXCR3-,MS,CSF_16,GCTGCAGTCCCAGGTG-1,-0.030326682025501928
CXCR3-,MS,CSF_16,GCTGCAGTCCGATATG-1,0.14111969148411715
CXCR3-,MS,CSF_16,GCTGCTTAGCGTAATA-1,0.3537824262393952
CXCR3-,MS,CSF_16,GCTGCTTGTGCAACTT-1,0.30124498626155555
CXCR3+,MS,CSF_16,GCTGCTTTCCTTTCTC-1,0.05382562960136197
CXCR3+,MS,CSF_16,GCTGCTTTCGGAATCT-1,-0.007731423622147626
CXCR3-,MS,CSF_16,GCTGGGTGTTGGTGGA-1,-0.05265408928149579
CXCR3+,MS,CSF_16,GCTTGAACAAGGGTCA-1,0.3597743281111673
CXCR3+,MS,CSF_16,GCTTGAAGTGCGGTAA-1,0.1165399725009452
CXCR3-,MS,CSF_16,GGAAAGCAGAAGATTC-1,0.5414988108440837
CXCR3-,MS,CSF_16,GGAAAGCAGTAGCCGA-1,-0.00219821458201655
CXCR3-,MS,CSF_16,GGAAAGCGTCTAGTGT-1,-0.09834107806026707
CXCR3+,MS,CSF_16,GGAAAGCTCAGATAAG-1,0.6882009630412732
CXCR3-,MS,CSF_16,GGAAAGCTCTTCGGTC-1,-0.2662293096721826
CXCR3+,MS,CSF_16,GGAACTTCAGGGATTG-1,-0.2885328689257188
CXCR3-,MS,CSF_16,GGAACTTGTACATGTC-1,-0.42221671062355143
CXCR3+,MS,CSF_16,GGAATAAAGAATTGTG-1,0.3451321221191483
CXCR3-,MS,CSF_16,GGAATAACAACACGCC-1,-0.09834107806026707
CXCR3-,MS,CSF_16,GGAATAACACGGTAAG-1,-0.2020290107655649
CXCR3-,MS,CSF_16,GGAATAACATGGGAAC-1,0.2446393988965561
CXCR3+,MS,CSF_16,GGAATAATCAAGGCTT-1,0.20181965640528962
CXCR3-,MS,CSF_16,GGACAAGCAAAGGAAG-1,0.43519556713974217
CXCR3-,MS,CSF_16,GGACAGAAGACTAAGT-1,0.03336403484063992
CXCR3+,MS,CSF_16,GGACAGAGTAAGGGCT-1,-0.41277989024445
CXCR3-,MS,CSF_16,GGACAGAGTTGATTCG-1,0.07594735701484454
CXCR3-,MS,CSF_16,GGACAGATCGTTACAG-1,-0.1903521229379729
CXCR3+,MS,CSF_16,GGACATTCATCATCCC-1,-0.449011953062951
CXCR3-,MS,CSF_16,GGACGTCCAGGGTATG-1,0.0796127506753058
CXCR3-,MS,CSF_16,GGACGTCTCAGAAATG-1,-0.13082074544906458
CXCR3-,MS,CSF_16,GGAGCAAAGGCCCTCA-1,0.26549377682375985
CXCR3-,MS,CSF_16,GGATTACGTTCACGGC-1,0.3873269668349765
CXCR3-,MS,CSF_16,GGCAATTAGTCACGCC-1,-0.21484448962795394
CXCR3+,MS,CSF_16,GGCCGATAGACCTAGG-1,0.24869536452642538
CXCR3-,MS,CSF_16,GGCCGATAGTACGTAA-1,0.4279077989976999
CXCR3-,MS,CSF_16,GGCGACTAGTGCCAGA-1,0.06490458563146505
CXCR3-,MS,CSF_16,GGCGTGTCACATTTCT-1,0.24581228938751348
CXCR3+,MS,CSF_16,GGCGTGTTCGTACCGG-1,0.050120626244485766
CXCR3-,MS,CSF_16,GGCGTGTTCTACGAGT-1,0.7217501166162819
CXCR3-,MS,CSF_16,GGCTCGAAGTCCATAC-1,0.17268196036192127
CXCR3-,MS,CSF_16,GGCTCGACAGCCTGTG-1,0.6814356092686225
CXCR3-,MS,CSF_16,GGCTCGAGTCGACTAT-1,0.4122362799861112
CXCR3-,MS,CSF_16,GGCTCGAGTGAGGCTA-1,-0.030808635296292578
CXCR3-,MS,CSF_16,GGCTCGAGTTGTACAC-1,0.08024780380973237
CXCR3+,MS,CSF_16,GGCTCGATCTCAAGTG-1,0.6565701473480582
CXCR3+,MS,CSF_16,GGCTCGATCTCGCATC-1,-0.09834107806026707
CXCR3-,MS,CSF_16,GGCTGGTAGTACACCT-1,0.2339097096792879
CXCR3+,MS,CSF_16,GGGAATGAGCTAGGCA-1,0.10639130012171064
CXCR3-,MS,CSF_16,GGGAATGCAGACGTAG-1,0.4849006081447326
CXCR3+,MS,CSF_16,GGGAATGCAGCTCGCA-1,-0.212824514604921
CXCR3-,MS,CSF_16,GGGAATGCAGGCTGAA-1,0.3340042434110893
CXCR3-,MS,CSF_16,GGGAATGTCCACTGGG-1,-0.09834107806026707
CXCR3-,MS,CSF_16,GGGACCTAGCCACGTC-1,0.05322727601617875
CXCR3-,MS,CSF_16,GGGACCTTCCCTAACC-1,-0.09834107806026707
CXCR3-,MS,CSF_16,GGGACCTTCGGCGCAT-1,0.02290092473036035
CXCR3-,MS,CSF_16,GGGAGATAGGACACCA-1,-0.09834107806026707
CXCR3+,MS,CSF_16,GGGAGATCATGAGCGA-1,-0.07264457207214085
CXCR3+,MS,CSF_16,GGGATGAAGAAACCGC-1,0.2147126338812395
CXCR3-,MS,CSF_16,GGGATGACACTCAGGC-1,0.1837723266542153
CXCR3+,MS,CSF_16,GGGATGACAGTATAAG-1,0.22974246712794508
CXCR3-,MS,CSF_16,GGGCACTCACCCATTC-1,-0.09834107806026707
CXCR3-,MS,CSF_16,GGGTCTGAGCTGCAAG-1,0.5254310731828059
CXCR3-,MS,CSF_16,GGGTCTGCAATCACAC-1,-0.23212351932238517
CXCR3-,MS,CSF_16,GGGTCTGCACGGTAAG-1,0.3590093784571187
CXCR3-,MS,CSF_16,GGGTCTGGTCGAATCT-1,0.5283384712958051
CXCR3-,MS,CSF_16,GGGTTGCGTCGACTGC-1,0.08633534931787991
CXCR3-,MS,CSF_16,GGGTTGCTCCACGCAG-1,0.1982136833727322
CXCR3-,MS,CSF_16,GGTATTGAGGAACTGC-1,0.24251723932110275
CXCR3-,MS,CSF_16,GGTATTGCACCCAGTG-1,-0.09834107806026707
CXCR3+,MS,CSF_16,GGTATTGGTCACCTAA-1,0.06610769250347856
CXCR3+,MS,CSF_16,GGTGCGTAGATTACCC-1,-0.13841087803758081
CXCR3+,MS,CSF_16,GGTGCGTGTCTGCGGT-1,-0.09834107806026707
CXCR3-,MS,CSF_16,GGTGCGTTCGCCCTTA-1,0.038288973322820344
CXCR3-,MS,CSF_16,GGTGTTAGTACCGCTG-1,0.2556599639603488
CXCR3-,MS,CSF_16,GGTGTTAGTTAAGTAG-1,0.099560475093581
CXCR3-,MS,CSF_16,GGTGTTATCCAAACAC-1,0.056764745038211516
CXCR3-,MS,CSF_16,GGTGTTATCCGGGTGT-1,-0.49746262794055607
CXCR3+,MS,CSF_16,GTAACGTAGTTAGGTA-1,0.301663717046272
CXCR3-,MS,CSF_16,GTAACGTCAGGATCGA-1,0.4085354569485936
CXCR3-,MS,CSF_16,GTAACGTGTACCATCA-1,0.550411854913425
CXCR3-,MS,CSF_16,GTAACTGAGGGTCGAT-1,0.32565756424294456
CXCR3-,MS,CSF_16,GTAACTGCAGACAAGC-1,-0.09834107806026707
CXCR3-,MS,CSF_16,GTAACTGCAGGGCATA-1,-0.09834107806026707
CXCR3+,MS,CSF_16,GTAACTGGTAGCGCTC-1,-0.27117533350584005
CXCR3-,MS,CSF_16,GTAACTGGTATGAAAC-1,0.04904078357740376
CXCR3+,MS,CSF_16,GTACGTATCCCACTTG-1,0.12909282962432045
CXCR3-,MS,CSF_16,GTACGTATCCGTTGTC-1,0.07245691385474713
CXCR3-,MS,CSF_16,GTACTCCAGCCCTAAT-1,0.015585760169852013
CXCR3+,MS,CSF_16,GTACTCCAGTAGCCGA-1,0.06645847004925513
CXCR3+,MS,CSF_16,GTACTCCCACCCATTC-1,-0.09834107806026707
CXCR3+,MS,CSF_16,GTACTCCCAGCTGTGC-1,0.31881752440128036
CXCR3+,MS,CSF_16,GTACTTTGTGCTGTAT-1,0.3314821211530811
CXCR3-,MS,CSF_16,GTAGTCAAGAGAGCTC-1,0.2460791432087588
CXCR3-,MS,CSF_16,GTAGTCACAAAGCAAT-1,-0.09834107806026707
CXCR3-,MS,CSF_16,GTAGTCAGTGCAGGTA-1,0.43896193992197047
CXCR3-,MS,CSF_16,GTAGTCAGTGCCTGGT-1,-0.2791459950039067
CXCR3-,MS,CSF_16,GTATCTTCATATACGC-1,0.04836653584090222
CXCR3-,MS,CSF_16,GTATCTTGTCAGAAGC-1,-0.0005303625362275291
CXCR3-,MS,CSF_16,GTCAAGTAGATAGCAT-1,-0.17578512577797611
CXCR3-,MS,CSF_16,GTCACAAAGTTACGGG-1,-0.0519204551485803
CXCR3+,MS,CSF_16,GTCATTTAGTACGCGA-1,-0.2472758401959794
CXCR3-,MS,CSF_16,GTCATTTGTTAGTGGG-1,-0.031269041676801876
CXCR3+,MS,CSF_16,GTCATTTTCCTTGCCA-1,0.09004529283150584
CXCR3+,MS,CSF_16,GTCATTTTCTCTAGGA-1,0.12728539819345766
CXCR3+,MS,CSF_16,GTCCTCAGTGCAACGA-1,0.313482425385354
CXCR3-,MS,CSF_16,GTCGGGTGTTCGCGAC-1,0.37977483254946237
CXCR3-,MS,CSF_16,GTCGTAACATGTCGAT-1,-0.09834107806026707
CXCR3-,MS,CSF_16,GTCGTAAGTGTGACCC-1,0.3662584357727744
CXCR3-,MS,CSF_16,GTCTCGTAGGTGTGGT-1,-0.2146913132769662
CXCR3-,MS,CSF_16,GTCTCGTAGTCCGGTC-1,0.06709755407175577
CXCR3-,MS,CSF_16,GTCTCGTCAGTCACTA-1,0.059717828886544644
CXCR3+,MS,CSF_16,GTCTCGTTCACCAGGC-1,-0.30649211372822605
CXCR3-,MS,CSF_16,GTCTCGTTCATTGCCC-1,-0.11127849305149103
CXCR3-,MS,CSF_16,GTCTTCGAGTGCCATT-1,-0.09834107806026707
CXCR3-,MS,CSF_16,GTCTTCGCAATTGCTG-1,-0.19164033633940636
CXCR3+,MS,CSF_16,GTCTTCGGTAACGACG-1,1.019109224988243
CXCR3+,MS,CSF_16,GTCTTCGGTCGAGTTT-1,0.42495924287657577
CXCR3-,MS,CSF_16,GTCTTCGGTTTGACTG-1,-0.516134818792892
CXCR3-,MS,CSF_16,GTCTTCGTCCACGCAG-1,0.2746048862229414
CXCR3-,MS,CSF_16,GTCTTCGTCCCTTGCA-1,0.4535206720655225
CXCR3-,MS,CSF_16,GTGAAGGGTGCATCTA-1,0.2925301445978082
CXCR3-,MS,CSF_16,GTGAAGGTCGCCTGAG-1,0.09344692139475771
CXCR3-,MS,CSF_16,GTGAAGGTCGGCATCG-1,-0.09834107806026707
CXCR3+,MS,CSF_16,GTGCAGCCACATGTGT-1,-0.473517492372356
CXCR3-,MS,CSF_16,GTGCAGCTCAACGAAA-1,0.6996621747255641
CXCR3-,MS,CSF_16,GTGCAGCTCTAGAGTC-1,-0.09834107806026707
CXCR3+,MS,CSF_16,GTGCATAAGACTGTAA-1,-0.6271400607682234
CXCR3+,MS,CSF_16,GTGCATAAGTACTTGC-1,0.7103335987549626
CXCR3+,MS,CSF_16,GTGCATATCAGTGTTG-1,0.38881235202321285
CXCR3+,MS,CSF_16,GTGCGGTGTCTAGTGT-1,0.08381983734347738
CXCR3+,MS,CSF_16,GTGCTTCAGACCTAGG-1,0.01807933742687515
CXCR3-,MS,CSF_16,GTGCTTCAGTCCTCCT-1,-0.09834107806026707
CXCR3+,MS,CSF_16,GTGCTTCCAAGTAATG-1,0.1302000093501254
CXCR3-,MS,CSF_16,GTGCTTCGTCATATGC-1,0.029810287216234504
CXCR3-,MS,CSF_16,GTGGGTCCATACAGCT-1,0.3676931266857816
CXCR3-,MS,CSF_16,GTGTGCGGTATGAAAC-1,-0.09385695534339353
CXCR3+,MS,CSF_16,GTGTTAGAGATGTCGG-1,0.23127890241862617
CXCR3+,MS,CSF_16,GTGTTAGGTTAAAGTG-1,0.7067406140504687
CXCR3-,MS,CSF_16,GTGTTAGGTTAAGGGC-1,-0.09834107806026707
CXCR3-,MS,CSF_16,GTTAAGCAGAATTCCC-1,0.08343291859308154
CXCR3-,MS,CSF_16,GTTAAGCCAACTGCTA-1,-0.08029475119822323
CXCR3-,MS,CSF_16,GTTAAGCCAAGTTGTC-1,-0.09834107806026707
CXCR3-,MS,CSF_16,GTTAAGCCAGGATTGG-1,0.15793511439348332
CXCR3-,MS,CSF_16,GTTAAGCCAGTGGAGT-1,0.16311133924152038
CXCR3-,MS,CSF_16,GTTAAGCCATATACGC-1,0.645014753898306
CXCR3+,MS,CSF_16,GTTAAGCGTGCCTGCA-1,0.37904547013485573
CXCR3+,MS,CSF_16,GTTAAGCGTTAGGGTG-1,0.07139097305041765
CXCR3-,MS,CSF_16,GTTACAGAGAAGGACA-1,0.13403711019199768
CXCR3+,MS,CSF_16,GTTACAGCAGGGTATG-1,0.31961840815297454
CXCR3-,MS,CSF_16,GTTACAGGTGAGTATA-1,0.06187028604371369
CXCR3-,MS,CSF_16,GTTCATTCACGGTAGA-1,0.21239987430156643
CXCR3+,MS,CSF_16,GTTCATTTCGGCGCAT-1,0.19750359976025686
CXCR3-,MS,CSF_16,GTTCGGGTCCAAACAC-1,0.3173479093092536
CXCR3-,MS,CSF_16,GTTCTCGCAGCCTTGG-1,0.02786994940427742
CXCR3-,MS,CSF_16,GTTCTCGGTGTATGGG-1,-0.03146150856856851
CXCR3-,MS,CSF_16,GTTCTCGTCACCTTAT-1,0.23392828554324527
CXCR3-,MS,CSF_16,GTTTCTAGTTGACGTT-1,0.03744959752719851
CXCR3+,MS,CSF_16,TAAACCGAGGACATTA-1,0.47545136648662034
CXCR3+,MS,CSF_16,TAAACCGCAAGGACAC-1,0.5119004167482946
CXCR3-,MS,CSF_16,TAAACCGGTGGTCCGT-1,0.08508295263525631
CXCR3-,MS,CSF_16,TAAGAGAAGGCAAAGA-1,0.16601829828106945
CXCR3+,MS,CSF_16,TAAGAGACATAGAAAC-1,-0.20931578954563437
CXCR3-,MS,CSF_16,TAAGCGTCACCGAATT-1,0.3630220633036437
CXCR3+,MS,CSF_16,TAAGCGTTCACCGGGT-1,0.26622238021896816
CXCR3+,MS,CSF_16,TAAGTGCTCACGACTA-1,-0.09834107806026707
CXCR3-,MS,CSF_16,TAAGTGCTCTCGTTTA-1,0.2900260880331791
CXCR3-,MS,CSF_16,TACACGAAGCGATATA-1,-0.17657462220866002
CXCR3+,MS,CSF_16,TACACGAGTACCGCTG-1,0.0228073400524884
CXCR3-,MS,CSF_16,TACACGATCATTATCC-1,-0.2905466521547226
CXCR3+,MS,CSF_16,TACAGTGAGCGTAATA-1,0.25860059546793346
CXCR3-,MS,CSF_16,TACAGTGCAAGAAAGG-1,-0.1609228277112398
CXCR3-,MS,CSF_16,TACAGTGCACGGTAGA-1,0.06689801044084852
CXCR3+,MS,CSF_16,TACAGTGCAGTCCTTC-1,-0.0899516529932569
CXCR3-,MS,CSF_16,TACAGTGCATGTCCTC-1,0.11391579651224391
CXCR3+,MS,CSF_16,TACCTATAGGACAGCT-1,0.17277982663698607
CXCR3-,MS,CSF_16,TACCTTAAGAACTGTA-1,0.014345302129158985
CXCR3+,MS,CSF_16,TACCTTACATAAGACA-1,-0.09343086892157595
CXCR3+,MS,CSF_16,TACCTTATCACGCGGT-1,0.046186363949051616
CXCR3-,MS,CSF_16,TACGGATTCTTGTACT-1,0.28117483002193544
CXCR3-,MS,CSF_16,TACGGGCAGAACAACT-1,-0.03799755281201443
CXCR3-,MS,CSF_16,TACGGGCCATTTGCTT-1,0.07243075267942152
CXCR3-,MS,CSF_16,TACGGGCGTACAGTGG-1,-0.2671226467242112
CXCR3-,MS,CSF_16,TACGGGCGTGTCAATC-1,-0.08718088149903813
CXCR3-,MS,CSF_16,TACGGTAAGGATGTAT-1,1.4251635340603894
CXCR3+,MS,CSF_16,TACTCATAGGTAGCTG-1,-0.4583311130759162
CXCR3-,MS,CSF_16,TACTCATTCTGCGTAA-1,0.42828916703584446
CXCR3+,MS,CSF_16,TACTTACAGCCCTAAT-1,-0.13881114001110811
CXCR3-,MS,CSF_16,TACTTGTAGAGCTGGT-1,0.10567865454155985
CXCR3+,MS,CSF_16,TACTTGTTCACCGTAA-1,0.3655840820197994
CXCR3-,MS,CSF_16,TAGACCAAGCGTCTAT-1,0.04568172766006661
CXCR3+,MS,CSF_16,TAGACCACAAGTCTAC-1,0.1155995555571632
CXCR3+,MS,CSF_16,TAGACCAGTTAGATGA-1,0.11430115917913379
CXCR3+,MS,CSF_16,TAGAGCTCAAGTAATG-1,0.6371002323290093
CXCR3-,MS,CSF_16,TAGAGCTGTACCGCTG-1,-0.09834107806026707
CXCR3-,MS,CSF_16,TAGAGCTGTGGACGAT-1,0.26894474264198565
CXCR3+,MS,CSF_16,TAGAGCTTCGTCACGG-1,0.6221983910691222
CXCR3-,MS,CSF_16,TAGAGCTTCTCAAACG-1,-0.09834107806026707
CXCR3-,MS,CSF_16,TAGCCGGAGTCCTCCT-1,-0.09834107806026707
CXCR3-,MS,CSF_16,TAGCCGGCAAGTAGTA-1,-0.009790959891248563
CXCR3+,MS,CSF_16,TAGGCATAGCAGATCG-1,0.5512149556090066
CXCR3+,MS,CSF_16,TAGGCATCAAGCTGAG-1,-0.5747149377444638
CXCR3+,MS,CSF_16,TAGGCATCACAACTGT-1,0.03491738780132891
CXCR3+,MS,CSF_16,TAGGCATTCTTGTACT-1,-0.10787476999087812
CXCR3-,MS,CSF_16,TAGTGGTAGCCTCGTG-1,0.2426417063368243
CXCR3-,MS,CSF_16,TAGTGGTAGTTGTAGA-1,0.06495073859264175
CXCR3-,MS,CSF_16,TAGTGGTGTACTTGAC-1,-0.09834107806026707
CXCR3+,MS,CSF_16,TAGTGGTTCTGTTTGT-1,0.02210137361217785
CXCR3+,MS,CSF_16,TAGTTGGAGAGATGAG-1,0.14759094866092054
CXCR3+,MS,CSF_16,TAGTTGGAGCACACAG-1,0.06993030062053437
CXCR3-,MS,CSF_16,TATCAGGCACGCTTTC-1,0.1291172408252211
CXCR3-,MS,CSF_16,TATCAGGCATTGTGCA-1,-0.1475066723394835
CXCR3+,MS,CSF_16,TATCAGGTCTATCGCC-1,0.3179403440699815
CXCR3-,MS,CSF_16,TATCTCAAGAGGTTGC-1,0.11054683486538745
CXCR3+,MS,CSF_16,TATCTCAAGTATGACA-1,0.2553984208206737
CXCR3-,MS,CSF_16,TATCTCAGTCAGCTAT-1,0.15218412680871543
CXCR3-,MS,CSF_16,TATGCCCAGGAGCGAG-1,0.1757628839239567
CXCR3+,MS,CSF_16,TATTACCAGCTACCGC-1,-0.004109946315895364
CXCR3-,MS,CSF_16,TATTACCAGCTCCCAG-1,0.15813653268903508
CXCR3-,MS,CSF_16,TATTACCAGTCTTGCA-1,0.06335635876608062
CXCR3-,MS,CSF_16,TATTACCCACCATCCT-1,0.09018933067560693
CXCR3-,MS,CSF_16,TATTACCCAGTAACGG-1,0.050650634453980985
CXCR3+,MS,CSF_16,TATTACCGTTTAAGCC-1,-0.24225157003700687
CXCR3+,MS,CSF_16,TCAACGAAGACTAAGT-1,-0.25514493939957383
CXCR3-,MS,CSF_16,TCAACGACAAAGCAAT-1,-0.10366672408400882
CXCR3-,MS,CSF_16,TCAATCTAGTGCAAGC-1,0.35119825222212653
CXCR3-,MS,CSF_16,TCAATCTGTGCACGAA-1,-0.3952974349470771
CXCR3-,MS,CSF_16,TCACAAGAGCTAGCCC-1,-0.20474161706427033
CXCR3-,MS,CSF_16,TCACAAGAGGCCCTTG-1,-0.4348198748834782
CXCR3-,MS,CSF_16,TCACAAGAGTAAGTAC-1,0.27896902430494225
CXCR3-,MS,CSF_16,TCACAAGTCATTCACT-1,-0.09834107806026707
CXCR3-,MS,CSF_16,TCACAAGTCCGGCACA-1,-0.0443486500306607
CXCR3-,MS,CSF_16,TCACAAGTCCGTCAAA-1,0.11078270205139676
CXCR3-,MS,CSF_16,TCACAAGTCTTAGAGC-1,-0.30024776249027846
CXCR3+,MS,CSF_16,TCACGAAGTCGCTTCT-1,0.16037698303867298
CXCR3-,MS,CSF_16,TCACGAAGTGCTTCTC-1,-0.04024011592153215
CXCR3-,MS,CSF_16,TCACGAATCGCCTGAG-1,0.07793901009508693
CXCR3+,MS,CSF_16,TCACGAATCGTTTATC-1,0.06743864885455446
CXCR3-,MS,CSF_16,TCAGATGAGAGCCTAG-1,-0.29369229594568863
CXCR3-,MS,CSF_16,TCAGATGAGGTACTCT-1,0.37173917114582916
CXCR3-,MS,CSF_16,TCAGATGAGTGTGAAT-1,-0.09834107806026707
CXCR3-,MS,CSF_16,TCAGCAAAGAGGTACC-1,0.06849633124843671
CXCR3-,MS,CSF_16,TCAGCAACACTTAAGC-1,-0.16310139275720606
CXCR3-,MS,CSF_16,TCAGGATAGGTGTTAA-1,0.06343443714566556
CXCR3-,MS,CSF_16,TCAGGATAGTCAAGGC-1,0.038485616058566326
CXCR3-,MS,CSF_16,TCAGGATGTCAAACTC-1,0.1304642653851078
CXCR3+,MS,CSF_16,TCAGGATGTCGCATAT-1,0.14254050432362667
CXCR3+,MS,CSF_16,TCAGGATGTCGCTTTC-1,0.23734640886665834
CXCR3-,MS,CSF_16,TCAGGTAAGTAGCCGA-1,-0.09834107806026707
CXCR3+,MS,CSF_16,TCAGGTACAAGCCCAC-1,-0.3571141994891353
CXCR3-,MS,CSF_16,TCAGGTACAGACAAAT-1,0.42294995112983436
CXCR3-,MS,CSF_16,TCAGGTAGTGTTCGAT-1,-0.09834107806026707
CXCR3+,MS,CSF_16,TCAGGTATCGGTCTAA-1,0.4374068398983441
CXCR3-,MS,CSF_16,TCAGGTATCTAACTCT-1,0.28290829810218787
CXCR3-,MS,CSF_16,TCATTACCAATAGAGT-1,-0.09834107806026707
CXCR3-,MS,CSF_16,TCATTACGTTATCGGT-1,0.32367595680250677
CXCR3+,MS,CSF_16,TCATTACTCAAGATCC-1,0.20198268044193474
CXCR3-,MS,CSF_16,TCATTACTCACATACG-1,0.20618112748701217
CXCR3-,MS,CSF_16,TCATTACTCGGGAGTA-1,0.6937765632230507
CXCR3+,MS,CSF_16,TCATTACTCTTGTCAT-1,0.07006649148408237
CXCR3-,MS,CSF_16,TCATTTGAGAGCCCAA-1,0.2837792548100484
CXCR3-,MS,CSF_16,TCATTTGCACTTAACG-1,-0.010309460414693463
CXCR3-,MS,CSF_16,TCATTTGCAGGTGCCT-1,0.08213484641969204
CXCR3+,MS,CSF_16,TCCACACAGATCGGGT-1,0.18868606866337576
CXCR3-,MS,CSF_16,TCCACACCACCACGTG-1,0.1613340762320888
CXCR3-,MS,CSF_16,TCCACACTCAAAGTAG-1,-0.031792275730734745
CXCR3-,MS,CSF_16,TCCCGATAGAGAACAG-1,0.13292457420450862
CXCR3+,MS,CSF_16,TCCCGATAGGCAGGTT-1,-0.0332480093648867
CXCR3+,MS,CSF_16,TCCCGATAGTGACTCT-1,-0.42494293801153626
CXCR3+,MS,CSF_16,TCCCGATTCGTCCGTT-1,0.26680399194234533
CXCR3+,MS,CSF_16,TCGAGGCGTAAGAGAG-1,-0.2845552505472947
CXCR3-,MS,CSF_16,TCGAGGCGTGGCCCTA-1,-0.09834107806026707
CXCR3+,MS,CSF_16,TCGAGGCTCAGCTCGG-1,0.19884564748112582
CXCR3-,MS,CSF_16,TCGAGGCTCATGGTCA-1,-0.03269145725290314
CXCR3-,MS,CSF_16,TCGCGAGGTAGCGCAA-1,-0.09834107806026707
CXCR3-,MS,CSF_16,TCGCGAGGTTGGGACA-1,0.28966368184427843
CXCR3+,MS,CSF_16,TCGCGAGTCCCTAATT-1,0.33812402977894884
CXCR3-,MS,CSF_16,TCGCGTTTCGTCACGG-1,0.2328096614297143
CXCR3-,MS,CSF_16,TCGGGACAGGCCATAG-1,0.4990653178197763
CXCR3-,MS,CSF_16,TCGGGACCAGTTAACC-1,0.11285391713070413
CXCR3+,MS,CSF_16,TCGGTAACATGTCGAT-1,-0.20207698197937637
CXCR3-,MS,CSF_16,TCGTACCAGTGGTAGC-1,-0.0023867972269808746
CXCR3-,MS,CSF_16,TCGTACCAGTTCCACA-1,0.13998189808271672
CXCR3+,MS,CSF_16,TCGTACCCAGGGTTAG-1,0.017397285574200966
CXCR3+,MS,CSF_16,TCGTAGAGTTCTGAAC-1,0.10598021184966895
CXCR3-,MS,CSF_16,TCTATTGAGATGCCAG-1,-0.09834107806026707
CXCR3-,MS,CSF_16,TCTATTGAGTCACGCC-1,0.3644657295989952
CXCR3-,MS,CSF_16,TCTCATAGTAAGTAGT-1,-0.030644765720636902
CXCR3-,MS,CSF_16,TCTCATAGTCTCTCTG-1,0.05747690877573651
CXCR3-,MS,CSF_16,TCTCATAGTGTAAGTA-1,0.08575290752236715
CXCR3-,MS,CSF_16,TCTCATATCTCTTGAT-1,-0.013905648117117602
CXCR3-,MS,CSF_16,TCTCTAATCAAACCAC-1,-0.1065171763746664
CXCR3+,MS,CSF_16,TCTGAGAGTCGGGTCT-1,-0.043644677952137265
CXCR3-,MS,CSF_16,TCTGGAAGTTGATTGC-1,-0.04526303794800257
CXCR3-,MS,CSF_16,TCTTCGGAGACAGAGA-1,-0.2114847935071292
CXCR3-,MS,CSF_16,TCTTCGGCACAGTCGC-1,-0.09834107806026707
CXCR3-,MS,CSF_16,TCTTCGGCACGTCTCT-1,0.5581200741505772
CXCR3-,MS,CSF_16,TCTTCGGCATTAGGCT-1,-0.1045622488790977
CXCR3-,MS,CSF_16,TCTTCGGTCATATCGG-1,0.1386079348889663
CXCR3-,MS,CSF_16,TCTTCGGTCGAATCCA-1,0.03446656186414491
CXCR3+,MS,CSF_16,TCTTTCCAGTAGGTGC-1,0.041304932354808185
CXCR3-,MS,CSF_16,TCTTTCCCATACGCCG-1,-0.02670368021015
CXCR3-,MS,CSF_16,TCTTTCCGTAAGAGGA-1,-0.3440617784486613
CXCR3+,MS,CSF_16,TGAAAGAAGATGTAAC-1,0.09249917468364835
CXCR3+,MS,CSF_16,TGAAAGACACCTGGTG-1,0.622307911078037
CXCR3-,MS,CSF_16,TGAAAGAGTATAGGTA-1,-0.1998618792437959
CXCR3-,MS,CSF_16,TGACAACTCACGGTTA-1,0.5348144490555866
CXCR3+,MS,CSF_16,TGACAACTCAGCGATT-1,-0.06382263742766732
CXCR3-,MS,CSF_16,TGACGGCAGGCAGTCA-1,-0.5625812202736497
CXCR3-,MS,CSF_16,TGACGGCGTGACAAAT-1,0.3769751962344582
CXCR3-,MS,CSF_16,TGACTAGAGGATTCGG-1,0.08353808894324158
CXCR3+,MS,CSF_16,TGACTAGGTAAGTTCC-1,0.4466578317006135
CXCR3-,MS,CSF_16,TGACTAGTCTCTAAGG-1,0.335470338199804
CXCR3+,MS,CSF_16,TGACTTTTCAGCTCTC-1,0.30479649618311627
CXCR3-,MS,CSF_16,TGAGAGGAGAGAGCTC-1,-0.09834107806026707
CXCR3-,MS,CSF_16,TGAGAGGAGCTAAGAT-1,-0.09834107806026707
CXCR3-,MS,CSF_16,TGAGAGGCAGTGGGAT-1,-0.28712906835305024
CXCR3-,MS,CSF_16,TGAGAGGTCCAAGTAC-1,0.6236252217865348
CXCR3+,MS,CSF_16,TGAGCATCATGCTGGC-1,0.09271771495720364
CXCR3-,MS,CSF_16,TGAGCATCATGTTGAC-1,0.20531816543801726
CXCR3-,MS,CSF_16,TGAGCATTCTACCAGA-1,0.11010420557185584
CXCR3+,MS,CSF_16,TGAGCCGAGCTCCCAG-1,0.24263250609917178
CXCR3+,MS,CSF_16,TGAGCCGCACCTCGTT-1,0.4007397402656305
CXCR3-,MS,CSF_16,TGAGGGAGTAGCTAAA-1,0.1605920097257021
CXCR3-,MS,CSF_16,TGATTTCAGATGTTAG-1,0.3376329403260652
CXCR3+,MS,CSF_16,TGCACCTGTACAGTGG-1,0.10125934778332187
CXCR3-,MS,CSF_16,TGCACCTTCTCAAACG-1,0.04890698823632903
CXCR3+,MS,CSF_16,TGCCAAACAGGAACGT-1,0.5513309019305497
CXCR3+,MS,CSF_16,TGCCAAAGTTATGTGC-1,0.029803059251048366
CXCR3-,MS,CSF_16,TGCCCATAGGACAGCT-1,0.07027691972544366
CXCR3+,MS,CSF_16,TGCCCATCATGCTAGT-1,0.03052045209009022
CXCR3+,MS,CSF_16,TGCCCATGTGCAGTAG-1,-0.14549902127925343
CXCR3+,MS,CSF_16,TGCCCTACAAGTTAAG-1,0.33265232647148435
CXCR3-,MS,CSF_16,TGCCCTACACGTTGGC-1,0.14097286143192223
CXCR3+,MS,CSF_16,TGCCCTATCAGCTGGC-1,0.4834331187627457
CXCR3-,MS,CSF_16,TGCGCAGAGAAACCGC-1,-0.09834107806026707
CXCR3-,MS,CSF_16,TGCGCAGAGTAAGTAC-1-1,0.12298290001208771
CXCR3+,MS,CSF_16,TGCGCAGCACGCCAGT-1,0.3974682352423581
CXCR3-,MS,CSF_16,TGCGCAGGTAAATACG-1,-0.09834107806026707
CXCR3-,MS,CSF_16,TGCGCAGGTCAATGTC-1,0.08778017029999567
CXCR3-,MS,CSF_16,TGCGCAGTCGTACGGC-1,-0.09834107806026707
CXCR3-,MS,CSF_16,TGCGCAGTCTACTCAT-1,0.09662895177441928
CXCR3+,MS,CSF_16,TGCGCAGTCTCTGCTG-1,0.17613137081136135
CXCR3-,MS,CSF_16,TGCGGGTCAGTCCTTC-1,0.1767702556488815
CXCR3-,MS,CSF_16,TGCGGGTTCGGAAACG-1,0.19757113087206937
CXCR3-,MS,CSF_16,TGCGTGGGTAATCACC-1,-0.3661320263732183
CXCR3-,MS,CSF_16,TGCGTGGTCTCCAGGG-1,0.32130388428562207
CXCR3-,MS,CSF_16,TGCTACCCACGGTAGA-1,-0.026581298604870986
CXCR3-,MS,CSF_16,TGCTACCGTCCAGTTA-1,-0.048907423346482085
CXCR3-,MS,CSF_16,TGCTACCGTCTTCGTC-1,-0.10827423076041846
CXCR3-,MS,CSF_16,TGCTGCTAGGACATTA-1,-0.09834107806026707
CXCR3-,MS,CSF_16,TGCTGCTTCTGTCTCG-1,0.39445100746705214
CXCR3-,MS,CSF_16,TGGACGCAGTGAAGAG-1,0.04957618228956974
CXCR3-,MS,CSF_16,TGGCCAGAGTAGCCGA-1,0.10789565791317442
CXCR3+,MS,CSF_16,TGGCCAGCACCTGGTG-1,0.24249492086541521
CXCR3-,MS,CSF_16,TGGCGCAAGGATATAC-1,0.6261450067932044
CXCR3-,MS,CSF_16,TGGCGCAGTCTTGATG-1,0.07013465500078031
CXCR3-,MS,CSF_16,TGGCGCATCACCGGGT-1,0.08474829680122975
CXCR3-,MS,CSF_16,TGGCTGGAGCCAGGAT-1,0.14871755056718675
CXCR3-,MS,CSF_16,TGGCTGGGTAAGTTCC-1,0.2745708238650677
CXCR3+,MS,CSF_16,TGGGAAGAGATGCCTT-1,0.38076892650854965
CXCR3-,MS,CSF_16,TGGGAAGAGCAGCGTA-1,0.22573575679281616
CXCR3-,MS,CSF_16,TGGGAAGAGCGATAGC-1,0.04275983749138026
CXCR3-,MS,CSF_16,TGGGAAGTCGAATGGG-1,0.33953327405092226
CXCR3-,MS,CSF_16,TGGGCGTAGATGCCTT-1,0.12890031831169016
CXCR3-,MS,CSF_16,TGGGCGTAGCGTTCCG-1,0.3383818044845536
CXCR3-,MS,CSF_16,TGGGCGTTCTTGCATT-1,-0.27270858765980727
CXCR3-,MS,CSF_16,TGGTTAGGTCGCCATG-1,0.6481271124591664
CXCR3-,MS,CSF_16,TGGTTAGTCGAACGGA-1,0.16515706362774937
CXCR3+,MS,CSF_16,TGGTTCCAGTCCGTAT-1,0.2375362128018716
CXCR3-,MS,CSF_16,TGGTTCCAGTGGGATC-1,0.27550135238841794
CXCR3-,MS,CSF_16,TGGTTCCCACCACCAG-1,0.38536140261209756
CXCR3-,MS,CSF_16,TGGTTCCGTACTCTCC-1,0.1116151755343363
CXCR3-,MS,CSF_16,TGTATTCCACTCTGTC-1,0.02614634652558074
CXCR3-,MS,CSF_16,TGTATTCTCCTTAATC-1,0.4233852016351874
CXCR3-,MS,CSF_16,TGTCCCAGTCAAAGAT-1,0.14640514529127074
CXCR3+,MS,CSF_16,TGTCCCATCGCAAACT-1,0.3375018030234615
CXCR3-,MS,CSF_16,TGTGGTAAGAGCCTAG-1,0.21075428773834595
CXCR3-,MS,CSF_16,TGTGGTATCCAAAGTC-1,-0.1444403517229553
CXCR3-,MS,CSF_16,TGTTCCGTCACAATGC-1,0.3264238564812486
CXCR3+,MS,CSF_16,TGTTCCGTCACATAGC-1,-0.1978867005031992
CXCR3-,MS,CSF_16,TTAACTCGTTCGTTGA-1,-0.09834107806026707
CXCR3+,MS,CSF_16,TTAACTCTCCCTAATT-1,0.12320805907735802
CXCR3-,MS,CSF_16,TTAGGACAGTCCCACG-1,-0.21621248647662855
CXCR3-,MS,CSF_16,TTAGGACCATCATCCC-1,0.06704389809889426
CXCR3+,MS,CSF_16,TTAGGACGTCACCTAA-1,0.11612408089747761
CXCR3-,MS,CSF_16,TTAGGCAGTTTACTCT-1,0.21514483062788559
CXCR3-,MS,CSF_16,TTATGCTAGATGTGGC-1,0.39451601444356094
CXCR3-,MS,CSF_16,TTATGCTAGCTTCGCG-1,-0.09834107806026707
CXCR3+,MS,CSF_16,TTATGCTAGGCCCTTG-1,0.05590340811172012
CXCR3-,MS,CSF_16,TTATGCTTCCTACAGA-1,0.3970238337965325
CXCR3-,MS,CSF_16,TTCCCAGAGACAAGCC-1,0.20649012486969415
CXCR3+,MS,CSF_16,TTCCCAGGTCCCTTGT-1,0.07190113631150889
CXCR3-,MS,CSF_16,TTCGAAGCAGTAAGCG-1,-0.08170170476082093
CXCR3-,MS,CSF_16,TTCGGTCTCCATGCTC-1,0.06777995002796679
CXCR3-,MS,CSF_16,TTCTACAGTGCACCAC-1,0.2000951156714858
CXCR3-,MS,CSF_16,TTCTCAAGTGTATGGG-1,0.05687822013740639
CXCR3+,MS,CSF_16,TTGAACGGTAAGCACG-1,0.47254701865846815
CXCR3-,MS,CSF_16,TTGAACGGTGAGGGTT-1,-0.09834107806026707
CXCR3-,MS,CSF_16,TTGAACGGTTAAGAAC-1,0.33696190580167945
CXCR3-,MS,CSF_16,TTGAACGTCACATAGC-1,-0.1530757110346356
CXCR3-,MS,CSF_16,TTGAACGTCCAGGGCT-1,0.23533957699876848
CXCR3-,MS,CSF_16,TTGACTTAGCTACCTA-1,-0.027604900240286303
CXCR3-,MS,CSF_16,TTGACTTCACAGATTC-1,0.08306545258232426
CXCR3+,MS,CSF_16,TTGCCGTAGCGATTCT-1,0.036475182601004234
CXCR3-,MS,CSF_16,TTGCCGTAGCTCCTCT-1,0.050660368516934784
CXCR3+,MS,CSF_16,TTGCCGTTCCTTGGTC-1,-0.05044156535815032
CXCR3-,MS,CSF_16,TTGCCGTTCGCGGATC-1,0.2779431527326211
CXCR3-,MS,CSF_16,TTGCGTCAGCTGAACG-1,-0.09197980206096863
CXCR3-,MS,CSF_16,TTGCGTCAGTCTTGCA-1,0.24482591357318176
CXCR3-,MS,CSF_16,TTGGAACGTGAGTATA-1,-0.06516853078651992
CXCR3-,MS,CSF_16,TTGGCAAAGAGGTACC-1,0.07944171637863495
CXCR3-,MS,CSF_16,TTGGCAACAGCTCGCA-1,0.060929294711178576
CXCR3-,MS,CSF_16,TTGGCAAGTAAGTGGC-1,0.16722895118509057
CXCR3+,MS,CSF_16,TTGTAGGGTACGAAAT-1,0.5926106624607621
CXCR3-,MS,CSF_16,TTTACTGAGGCGATAC-1,-0.26206940268021633
CXCR3+,MS,CSF_16,TTTACTGCAGCTCCGA-1,0.33932605243520336
CXCR3+,MS,CSF_16,TTTACTGGTAATTGGA-1,-0.22613997806782504
CXCR3-,MS,CSF_16,TTTACTGTCGATGAGG-1,0.2435338445200534
CXCR3+,MS,CSF_16,TTTATGCAGTGCTGCC-1,0.005267502757666887
CXCR3+,MS,CSF_16,TTTCCTCAGGAGTACC-1,-0.05808706408095547
CXCR3-,MS,CSF_16,TTTCCTCGTAGCACGA-1,-0.09834107806026707
CXCR3-,MS,CSF_16,TTTCCTCGTGTTTGTG-1,0.7649846999295962
CXCR3-,MS,CSF_16,TTTCCTCTCCAGATCA-1,0.3086360002106276
CXCR3-,MS,CSF_16,TTTGCGCAGACTAGGC-1,0.1665369300805161
CXCR3+,MS,CSF_16,TTTGCGCCATGTTGAC-1,-0.09834107806026707
CXCR3-,MS,CSF_16,TTTGGTTAGCTGGAAC-1,0.08155540026204353
CXCR3+,MS,CSF_16,TTTGGTTGTCGAATCT-1,0.4975744362981566
CXCR3-,MS,CSF_16,TTTGGTTTCGAATGGG-1,-0.09834107806026707
CXCR3+,MS,CSF_22,AACCGCGAGTGCTGCC-1,-0.013424196828970178
CXCR3+,MS,CSF_22,AACGTTGCATAGGATA-1,-0.09834107806026707
CXCR3+,MS,CSF_22,AACTCAGCACCACGTG-1,-0.4647594684106621
CXCR3-,MS,CSF_22,AAGGCAGTCGTAGGTT-1,-0.09834107806026707
CXCR3+,MS,CSF_22,ACACCGGCAATCGGTT-1,0.5682174055390167
CXCR3+,MS,CSF_22,ACGCCAGCACAGGTTT-1,0.060413617538090734
CXCR3-,MS,CSF_22,ACTTACTGTAAGGATT-1,-1.6955955609553857
CXCR3-,MS,CSF_22,ACTTGTTTCTGCTTGC-1,0.14737152332683107
CXCR3-,MS,CSF_22,AGATTGCAGGGTTCCC-1,-0.2755332635276467
CXCR3+,MS,CSF_22,AGCAGCCAGAGCCCAA-1,0.30714237435710856
CXCR3+,MS,CSF_22,AGCATACCACAGGCCT-1,-0.10972464813897757
CXCR3-,MS,CSF_22,AGGTCATGTACAAGTA-1,-0.28957999389475414
CXCR3+,MS,CSF_22,ATAACGCAGCGTCTAT-1,0.10456700891007016
CXCR3-,MS,CSF_22,ATTCTACAGTTGCAGG-1,-0.2419798900316017
CXCR3+,MS,CSF_22,ATTGGACTCCACGCAG-1,0.6221983910691222
CXCR3-,MS,CSF_22,CACCTTGTCTCAACTT-1,0.0684379730091598
CXCR3+,MS,CSF_22,CAGCAGCGTTATCGGT-1,-0.09834107806026707
CXCR3+,MS,CSF_22,CATATGGTCGACGGAA-1,-0.09834107806026707
CXCR3+,MS,CSF_22,CATATTCTCTTACCTA-1,-0.16666478502968093
CXCR3+,MS,CSF_22,CATCAGAGTTCAGGCC-1,0.19038891277616585
CXCR3-,MS,CSF_22,CCATTCGTCTTCTGGC-1,-0.09834107806026707
CXCR3+,MS,CSF_22,CCGTTCAAGTCTCGGC-1,-0.018132262341681655
CXCR3-,MS,CSF_22,CCTACCACATTGTGCA-1,-0.15205331477072778
CXCR3-,MS,CSF_22,CGAATGTAGCCGGTAA-1,0.11029339655356682
CXCR3-,MS,CSF_22,CGAGAAGAGTGACATA-1,-0.24023061087113426
CXCR3+,MS,CSF_22,CGCTGGAAGTAGGTGC-1,-0.14977155684271162
CXCR3+,MS,CSF_22,CGGAGTCGTCTTGATG-1,0.053366048734752244
CXCR3+,MS,CSF_22,CGTGTAAGTGAAATCA-1,-0.08421031587947037
CXCR3+,MS,CSF_22,CTCTAATCAGGATTGG-1,-0.4262168933661603
CXCR3-,MS,CSF_22,CTGCCTACATTCTCAT-1,0.4461609718063115
CXCR3-,MS,CSF_22,CTGGTCTCACAAGCCC-1,0.44602999044106706
CXCR3-,MS,CSF_22,GAATAAGTCGTTACAG-1,-0.4039358179915235
CXCR3-,MS,CSF_22,GACACGCTCAAGGCTT-1,-0.0111955293391264
CXCR3-,MS,CSF_22,GACAGAGCAGGGATTG-1,0.36175485228155413
CXCR3-,MS,CSF_22,GACGCGTAGTATGACA-1,-0.07476605875873107
CXCR3+,MS,CSF_22,GACGCGTGTCCAGTTA-1,0.41034912933932804
CXCR3+,MS,CSF_22,GAGGTGATCCAACCAA-1,0.12638386473894184
CXCR3+,MS,CSF_22,GAGTCCGGTAGGGTAC-1,-0.33001971256330004
CXCR3-,MS,CSF_22,GATCGCGCACTGTGTA-1,-0.2642021855996524
CXCR3+,MS,CSF_22,GATCGCGCATGCCTTC-1,-0.320810166771547
CXCR3+,MS,CSF_22,GATCGCGTCAACTCTT-1,0.09592848657611741
CXCR3-,MS,CSF_22,GATGAAAAGACAGAGA-1,0.04566310472103268
CXCR3-,MS,CSF_22,GCAATCAAGATGCCTT-1,0.024855915365977484
CXCR3-,MS,CSF_22,GCAGCCATCGTCTGCT-1,0.04942089951125838
CXCR3+,MS,CSF_22,GCCAAATTCTTACCGC-1,-0.08144430744257135
CXCR3-,MS,CSF_22,GCCTCTACAAGCGCTC-1,-0.09834107806026707
CXCR3-,MS,CSF_22,GCGACCAGTCCGAATT-1,0.12267052701257808
CXCR3+,MS,CSF_22,GCGCGATCACATAACC-1,0.33566218994782393
CXCR3+,MS,CSF_22,GGAAAGCCAACACGCC-1,0.19237745961123182
CXCR3+,MS,CSF_22,GGACATTAGGCTATCT-1,0.05606494072187811
CXCR3-,MS,CSF_22,GGGCACTAGACACTAA-1,0.23374034489965242
CXCR3+,MS,CSF_22,GGTATTGCAAACCCAT-1,0.9605471349236804
CXCR3-,MS,CSF_22,GTAACGTTCTCTAAGG-1,0.11692174547560698
CXCR3-,MS,CSF_22,GTAACTGTCGAACGGA-1,-0.09834107806026707
CXCR3-,MS,CSF_22,GTATCTTTCAGCAACT-1,0.06018720397223954
CXCR3+,MS,CSF_22,GTATTCTCACAGACAG-1,0.028999970632181984
CXCR3-,MS,CSF_22,GTCGGGTGTCTAGCCG-1,-0.10606500534582097
CXCR3-,MS,CSF_22,GTCTTCGCAATGACCT-1,-0.03654217987902491
CXCR3-,MS,CSF_22,GTTACAGGTTCTGGTA-1,0.311440365086627
CXCR3+,MS,CSF_22,GTTCATTAGAACAATC-1,0.4006584109626452
CXCR3-,MS,CSF_22,GTTCTCGAGCAGGCTA-1,0.3369303301628609
CXCR3-,MS,CSF_22,TACGGGCGTAAGGGCT-1,-0.01578233982104246
CXCR3+,MS,CSF_22,TACGGGCTCTTTACAC-1,-0.09834107806026707
CXCR3-,MS,CSF_22,TACTCATGTTTAAGCC-1,-0.27991078638809475
CXCR3-,MS,CSF_22,TACTTACTCTGTACGA-1,0.09481047406684204
CXCR3-,MS,CSF_22,TACTTGTGTGAGGGAG-1,-0.5145526422142673
CXCR3+,MS,CSF_22,TAGCCGGTCGGCGGTT-1,-0.09834107806026707
CXCR3+,MS,CSF_22,TCACAAGGTGATGATA-1,-0.1930753647863823
CXCR3+,MS,CSF_22,TCGCGAGAGGCTATCT-1,0.26249140502836477
CXCR3-,MS,CSF_22,TCGCGAGTCTGTTGAG-1,-0.20263217289026095
CXCR3-,MS,CSF_22,TCGCGTTAGACGCACA-1,-0.09834107806026707
CXCR3+,MS,CSF_22,TCTCTAACAGGGCATA-1,-0.1974310551568708
CXCR3+,MS,CSF_22,TCTTCGGGTAGAAGGA-1,0.6345143958742769
CXCR3-,MS,CSF_22,TGACAACAGGTGGGTT-1,-0.2855601027966111
CXCR3+,MS,CSF_22,TGCGGGTTCGAGCCCA-1,-0.09834107806026707
CXCR3+,MS,CSF_22,TGCGTGGCAGGAATCG-1,0.05673004571666712
CXCR3+,MS,CSF_22,TTAACTCCAGCGATCC-1,-0.09834107806026707
CXCR3-,MS,CSF_22,TTAACTCTCAAGGCTT-1,0.005469186687139542
CXCR3+,MS,CSF_22,TTCCCAGAGAAACCTA-1,0.3640838205105732
CXCR3+,MS,CSF_22,TTCCCAGAGACTGGGT-1,-0.2024677149131173
CXCR3+,MS,CSF_22,TTCTACAGTTCGAATC-1,-0.37959977688490565
CXCR3-,MS,CSF_22,TTCTTAGCAGCTCGCA-1,-0.41214309652687336
CXCR3+,MS,CSF_22,TTGACTTGTCATACTG-1,0.2794966022037235
CXCR3+,MS,CSF_22,TTTGGTTGTGCAACTT-1,-0.09834107806026707
CXCR3+,MS,CSF_24,AAACCTGAGTCTCGGC-1,-0.525621385687432
CXCR3-,MS,CSF_24,AACCGCGAGCAGACTG-1,-0.013772568367173919
CXCR3-,MS,CSF_24,AACTCCCGTAAGCACG-1,0.3097799339439517
CXCR3+,MS,CSF_24,AAGGTTCGTGAGTATA-1,0.12354540670136957
CXCR3+,MS,CSF_24,AATCCAGGTACAAGTA-1,0.8696192605023746
CXCR3-,MS,CSF_24,AATCCAGGTATAGTAG-1,-0.09834107806026707
CXCR3-,MS,CSF_24,ACACCCTCATGTTGAC-1,-0.09834107806026707
CXCR3+,MS,CSF_24,ACACCGGTCAACCATG-1,-0.3532206098470932
CXCR3-,MS,CSF_24,ACACTGATCTATGTGG-1,-0.09834107806026707
CXCR3+,MS,CSF_24,ACAGCTACAATAGAGT-1,-0.01753745427057634
CXCR3-,MS,CSF_24,ACAGCTACAATGACCT-1,0.3760587899815411
CXCR3-,MS,CSF_24,ACATACGCACCAGTTA-1,0.11276671011638663
CXCR3-,MS,CSF_24,ACATCAGTCATCACCC-1,-0.2584915982339469
CXCR3-,MS,CSF_24,ACCCACTGTATAAACG-1,0.023270528025673372
CXCR3-,MS,CSF_24,ACCGTAACAGACGCCT-1,0.3520983914753723
CXCR3+,MS,CSF_24,ACCGTAAGTCATGCCG-1,0.1594736411448611
CXCR3-,MS,CSF_24,ACGAGGACAGGGCATA-1,0.29080386135271724
CXCR3+,MS,CSF_24,ACGCAGCCATGACATC-1,0.30890162553372036
CXCR3-,MS,CSF_24,ACGCAGCTCCGCGCAA-1,-0.2165604202990567
CXCR3+,MS,CSF_24,ACGCCAGGTCCAGTAT-1,0.6882316806486534
CXCR3-,MS,CSF_24,ACGGGCTAGGCAATTA-1,0.5984760437674266
CXCR3-,MS,CSF_24,ACGTCAATCTCTAGGA-1,0.11568305740643667
CXCR3-,MS,CSF_24,ACTATCTCAGGGTATG-1,-0.37791841884836536
CXCR3-,MS,CSF_24,ACTATCTTCTGCCAGG-1,0.13358804075057534
CXCR3-,MS,CSF_24,ACTGAACCAGCTATTG-1,-0.09834107806026707
CXCR3-,MS,CSF_24,ACTGAACGTCTGCAAT-1,-0.23789604305312512
CXCR3+,MS,CSF_24,ACTGAGTGTTCGGCAC-1,-0.2552064080897622
CXCR3-,MS,CSF_24,ACTGCTCTCATGTGGT-1,0.977769763827923
CXCR3-,MS,CSF_24,ACTTGTTAGTCATGCT-1,0.397554845078845
CXCR3-,MS,CSF_24,ACTTTCAAGGCGATAC-1,-0.11979276290230174
CXCR3-,MS,CSF_24,ACTTTCAGTTACGTCA-1,-0.25663922725899474
CXCR3-,MS,CSF_24,AGAATAGAGGATATAC-1,0.42556118196169956
CXCR3+,MS,CSF_24,AGAATAGGTACTTGAC-1,-0.07134941766418719
CXCR3-,MS,CSF_24,AGACGTTCAAAGCGGT-1,-0.37437698266095837
CXCR3-,MS,CSF_24,AGAGCGAAGACGCACA-1,0.5474618953755748
CXCR3-,MS,CSF_24,AGAGCTTCAAGCCGCT-1,-0.1346631786912794
CXCR3-,MS,CSF_24,AGAGCTTGTCCGACGT-1,0.13595599421276808
CXCR3-,MS,CSF_24,AGATCTGAGCGATAGC-1,0.5165222804820456
CXCR3+,MS,CSF_24,AGCCTAATCTGCCCTA-1,0.1399019352443853
CXCR3-,MS,CSF_24,AGCGTCGTCCACGTGG-1,-0.656870149591743
CXCR3+,MS,CSF_24,AGCTCCTCAGGATCGA-1,0.1644848827696452
CXCR3+,MS,CSF_24,AGGCCACAGTATCTCG-1,0.1254674055486933
CXCR3-,MS,CSF_24,AGGCCGTCAATAGAGT-1,-0.09834107806026707
CXCR3-,MS,CSF_24,AGGGTGATCAGAGGTG-1,0.29313259556668986
CXCR3+,MS,CSF_24,AGGGTGATCTGATTCT-1,0.5711121278313291
CXCR3-,MS,CSF_24,AGGTCATAGCTGTCTA-1,-0.40325490042276374
CXCR3+,MS,CSF_24,AGGTCATAGGGAGTAA-1,0.14064347223528864
CXCR3+,MS,CSF_24,AGGTCCGCACCAGATT-1,0.23287449558804516
CXCR3-,MS,CSF_24,AGGTCCGCAGCATGAG-1,0.3687156101968477
CXCR3-,MS,CSF_24,AGTCTTTCACAGCGTC-1,0.15938226333512268
CXCR3-,MS,CSF_24,AGTCTTTCATCGGTTA-1,-0.09834107806026707
CXCR3-,MS,CSF_24,AGTCTTTGTACAGTTC-1,0.3112348105243688
CXCR3-,MS,CSF_24,AGTGAGGAGTTCGCAT-1,0.007704900068739711
CXCR3-,MS,CSF_24,AGTGGGATCTTAGCCC-1,0.588093167846843
CXCR3-,MS,CSF_24,AGTGTCAAGGTGATAT-1,-0.09834107806026707
CXCR3-,MS,CSF_24,ATAAGAGGTAAGTGGC-1,0.24029574483844804
CXCR3-,MS,CSF_24,ATAGACCCAGGTCGTC-1,-0.09834107806026707
CXCR3-,MS,CSF_24,ATCACGAGTGCAGGTA-1,-0.09834107806026707
CXCR3-,MS,CSF_24,ATCACGAGTTTGACTG-1,-0.24429743996481873
CXCR3-,MS,CSF_24,ATCATCTAGTCTCCTC-1,0.27959141699150714
CXCR3+,MS,CSF_24,ATCATCTCAGCCACCA-1,0.2408859864244101
CXCR3+,MS,CSF_24,ATCATGGGTCTGCGGT-1,0.13792454741466667
CXCR3-,MS,CSF_24,ATCCACCGTATCAGTC-1,0.538648214676026
CXCR3-,MS,CSF_24,ATCCGAACACGTCAGC-1,-0.09834107806026707
CXCR3-,MS,CSF_24,ATCCGAAGTACAGTGG-1,0.3880178068852441
CXCR3-,MS,CSF_24,ATCTGCCGTCTACCTC-1,-0.09834107806026707
CXCR3-,MS,CSF_24,ATGGGAGCAAATCCGT-1,-0.09834107806026707
CXCR3-,MS,CSF_24,ATGTGTGCAAGTTAAG-1,-0.20929692508520503
CXCR3-,MS,CSF_24,ATTACTCCATTGGGCC-1,0.00733190870800834
CXCR3+,MS,CSF_24,ATTACTCGTAGCTAAA-1,0.4107672753384404
CXCR3-,MS,CSF_24,ATTACTCTCTGCTGTC-1,0.6006209716613145
CXCR3-,MS,CSF_24,ATTCTACGTTGGTTTG-1,-0.225599653427335
CXCR3-,MS,CSF_24,ATTCTACTCCCTTGCA-1,-0.09834107806026707
CXCR3-,MS,CSF_24,ATTGGTGAGGCATGTG-1,-0.4552880878178385
CXCR3-,MS,CSF_24,ATTGGTGCACTACAGT-1,-0.09834107806026707
CXCR3+,MS,CSF_24,ATTGGTGCAGTTCCCT-1,-0.917461159876071
CXCR3+,MS,CSF_24,ATTGGTGGTTAGATGA-1,-0.00600631862279052
CXCR3+,MS,CSF_24,ATTTCTGCAATGGATA-1,-0.2969662814770212
CXCR3-,MS,CSF_24,CAACCAAGTATAAACG-1,-0.514111161166425
CXCR3-,MS,CSF_24,CAACCTCAGAGCTGCA-1,-0.09834107806026707
CXCR3-,MS,CSF_24,CAAGAAAAGCTCCCAG-1,-0.4434616096791885
CXCR3-,MS,CSF_24,CAAGAAATCATGGTCA-1,-0.3233574211431343
CXCR3+,MS,CSF_24,CAAGATCCACTAAGTC-1,-0.09834107806026707
CXCR3-,MS,CSF_24,CAAGATCCAGCAGTTT-1,0.31218297501009634
CXCR3+,MS,CSF_24,CACATTTAGAGTAATC-1,0.3057597906930039
CXCR3+,MS,CSF_24,CACCACTGTAAACGCG-1,0.08156009641622944
CXCR3+,MS,CSF_24,CACCACTTCGGAAACG-1,-0.09834107806026707
CXCR3-,MS,CSF_24,CACCAGGTCCGTAGGC-1,-0.3615121884170818
CXCR3-,MS,CSF_24,CACCTTGGTCAGTGGA-1,0.13497621298825208
CXCR3-,MS,CSF_24,CAGCAGCAGCCGGTAA-1,0.021481122091009417
CXCR3-,MS,CSF_24,CAGCGACCATCCAACA-1,-0.09834107806026707
CXCR3-,MS,CSF_24,CAGCTGGTCTTGAGAC-1,-0.09834107806026707
CXCR3-,MS,CSF_24,CAGGTGCAGCTAGGCA-1,0.12503571801372143
CXCR3-,MS,CSF_24,CAGTCCTAGAGAGCTC-1,-0.2740524028227646
CXCR3-,MS,CSF_24,CATCAGAGTCTAAAGA-1,0.26654263387523097
CXCR3-,MS,CSF_24,CATCCACGTACCAGTT-1,0.06828273447076592
CXCR3+,MS,CSF_24,CATCGAACATTTCAGG-1,-0.09834107806026707
CXCR3-,MS,CSF_24,CCAATCCCATTAGCCA-1,0.006749123567222558
CXCR3-,MS,CSF_24,CCACCTACATCTGGTA-1,0.24122955627034814
CXCR3-,MS,CSF_24,CCACGGAAGTGGTCCC-1,-0.09834107806026707
CXCR3-,MS,CSF_24,CCAGCGATCACTGGGC-1,0.12589803295170263
CXCR3+,MS,CSF_24,CCATTCGTCGTTTAGG-1,-0.09834107806026707
CXCR3+,MS,CSF_24,CCCAATCAGAGCCCAA-1,-0.09834107806026707
CXCR3+,MS,CSF_24,CCCTCCTGTAGCTAAA-1,0.10760527043596382
CXCR3-,MS,CSF_24,CCGGTAGCATCTATGG-1,0.2584025566095628
CXCR3-,MS,CSF_24,CCGTACTCAATAAGCA-1,-0.2940133268563924
CXCR3-,MS,CSF_24,CCGTGGAGTTGCGTTA-1,0.15784368844082192
CXCR3+,MS,CSF_24,CCTAGCTTCCGCTGTT-1,0.12272902891617235
CXCR3-,MS,CSF_24,CCTAGCTTCCTGCTTG-1,0.13308820104186267
CXCR3-,MS,CSF_24,CCTAGCTTCTCATTCA-1,-0.2380832749467578
CXCR3+,MS,CSF_24,CCTTCGACACCCATTC-1,0.13410752933608158
CXCR3+,MS,CSF_24,CCTTTCTAGGAGTAGA-1,0.27034962441562715
CXCR3-,MS,CSF_24,CGAACATGTATTACCG-1,0.41813995836542706
CXCR3+,MS,CSF_24,CGAATGTCAGTAACGG-1,-0.3474429170617021
CXCR3+,MS,CSF_24,CGAATGTTCGAATCCA-1,-0.09834107806026707
CXCR3+,MS,CSF_24,CGATCGGCAGCTGTTA-1,0.20403749861205284
CXCR3+,MS,CSF_24,CGATTGACATGAACCT-1,-0.384775927040141
CXCR3+,MS,CSF_24,CGCGGTAGTATATGGA-1,-0.09834107806026707
CXCR3-,MS,CSF_24,CGCGTTTGTACAGACG-1,0.06624328381376511
CXCR3-,MS,CSF_24,CGCGTTTTCTAACCGA-1,-0.26332746694782555
CXCR3-,MS,CSF_24,CGCTATCAGTGAACGC-1,0.1901501403460179
CXCR3-,MS,CSF_24,CGCTGGACAATGGACG-1,0.3563931885529375
CXCR3-,MS,CSF_24,CGGACACCATAGAAAC-1,-0.42562178733474176
CXCR3-,MS,CSF_24,CGGACACTCAATCACG-1,0.07011385343347525
CXCR3-,MS,CSF_24,CGGACGTCATGAAGTA-1,0.22911248766575049
CXCR3-,MS,CSF_24,CGGACTGCAAGTACCT-1,-0.09834107806026707
CXCR3+,MS,CSF_24,CGGAGCTCACTGAAGG-1,0.4923624044074619
CXCR3+,MS,CSF_24,CGGAGCTTCGCACTCT-1,-0.09834107806026707
CXCR3-,MS,CSF_24,CGGAGTCGTGCCTTGG-1,-0.3055996522226873
CXCR3-,MS,CSF_24,CGGCTAGCAGTCACTA-1,-0.3618308217920093
CXCR3-,MS,CSF_24,CGGGTCAGTAGCGTGA-1,0.1564818347047177
CXCR3-,MS,CSF_24,CGGTTAAAGCGGCTTC-1,-0.09834107806026707
CXCR3-,MS,CSF_24,CGTAGGCAGTAGATGT-1,-0.09834107806026707
CXCR3-,MS,CSF_24,CGTCAGGAGTCCGGTC-1,0.14992917877303075
CXCR3-,MS,CSF_24,CGTGAGCTCGCGTAGC-1,0.1852183365273399
CXCR3-,MS,CSF_24,CGTTAGATCGGTCTAA-1,0.05818363602054878
CXCR3+,MS,CSF_24,CTACACCCAACCGCCA-1,0.15825156269255566
CXCR3+,MS,CSF_24,CTACACCCAGTGACAG-1,-0.09834107806026707
CXCR3-,MS,CSF_24,CTACCCATCTCTGAGA-1,-0.07964123642610613
CXCR3-,MS,CSF_24,CTACGTCAGCACACAG-1,-0.09834107806026707
CXCR3-,MS,CSF_24,CTACGTCGTTCTGGTA-1,-0.09834107806026707
CXCR3-,MS,CSF_24,CTAGAGTCACTTAAGC-1,-0.29775116695137455
CXCR3-,MS,CSF_24,CTAGAGTTCGTCCAGG-1,-0.09834107806026707
CXCR3-,MS,CSF_24,CTAGCCTGTCTAGCCG-1,-0.2663179265487125
CXCR3-,MS,CSF_24,CTAGCCTTCGACGGAA-1,0.2646406029784222
CXCR3+,MS,CSF_24,CTCACACAGATATGGT-1,-0.09834107806026707
CXCR3-,MS,CSF_24,CTCACACCACATGACT-1,-0.09834107806026707
CXCR3-,MS,CSF_24,CTCATTAGTTAGGGTG-1,-0.09834107806026707
CXCR3-,MS,CSF_24,CTCCTAGGTAGGACAC-1,-0.09834107806026707
CXCR3+,MS,CSF_24,CTCGGGACAATAAGCA-1,0.1806039060240188
CXCR3-,MS,CSF_24,CTCTAATGTCGGCTCA-1,0.2565143006464139
CXCR3-,MS,CSF_24,CTCTACGAGGGATACC-1,0.14672973909604317
CXCR3-,MS,CSF_24,CTCTACGCATGATCCA-1,-0.09834107806026707
CXCR3+,MS,CSF_24,CTCTACGGTAAGCACG-1,-0.09834107806026707
CXCR3-,MS,CSF_24,CTCTGGTAGCTTATCG-1,0.22935389960672084
CXCR3-,MS,CSF_24,CTGAAGTCAGTATGCT-1,0.24896522841056992
CXCR3-,MS,CSF_24,CTGAAGTGTGGTCCGT-1,-0.09834107806026707
CXCR3-,MS,CSF_24,CTGATAGCAATCGAAA-1,0.31084719275776823
CXCR3-,MS,CSF_24,CTGCCTATCTCCCTGA-1,0.18923134278826415
CXCR3-,MS,CSF_24,CTGCGGAGTCTTGCGG-1,0.11804642536844412
CXCR3+,MS,CSF_24,CTGCTGTGTGTGGCTC-1,-0.09834107806026707
CXCR3-,MS,CSF_24,CTGCTGTTCTAACTGG-1,0.42916411435199825
CXCR3-,MS,CSF_24,CTGGTCTCAAATTGCC-1,-0.45434360129035306
CXCR3+,MS,CSF_24,CTGGTCTCAGCGTAAG-1,-0.10929028848198451
CXCR3-,MS,CSF_24,CTGTGCTGTCTTCTCG-1,-0.3217477627523501
CXCR3-,MS,CSF_24,CTGTTTAGTCGCATAT-1,-0.09834107806026707
CXCR3+,MS,CSF_24,CTTAACTCAGTAAGAT-1,-0.09834107806026707
CXCR3-,MS,CSF_24,CTTAACTGTCAAACTC-1,-0.09834107806026707
CXCR3-,MS,CSF_24,CTTACCGCAAGGCTCC-1,-0.09834107806026707
CXCR3-,MS,CSF_24,CTTCTCTAGTCCGGTC-1,-0.2706367773894257
CXCR3-,MS,CSF_24,CTTTGCGCACATCCAA-1,0.5352886285563384
CXCR3+,MS,CSF_24,GAAATGACAGTGGAGT-1,0.4294467329981928
CXCR3-,MS,CSF_24,GAACCTAAGAAGATTC-1,-0.09834107806026707
CXCR3-,MS,CSF_24,GAACGGAAGGCTCAGA-1,-0.09834107806026707
CXCR3-,MS,CSF_24,GAACGGATCCGCATCT-1,0.008832427674028365
CXCR3-,MS,CSF_24,GAAGCAGAGTTCGCGC-1,-0.09834107806026707
CXCR3-,MS,CSF_24,GAAGCAGCAGCCACCA-1,0.6246173936526531
CXCR3-,MS,CSF_24,GAATAAGCAACGATCT-1,-0.09834107806026707
CXCR3-,MS,CSF_24,GACACGCGTCGCGGTT-1,0.13964705834632068
CXCR3+,MS,CSF_24,GACAGAGTCACCACCT-1,-0.04346487540057648
CXCR3-,MS,CSF_24,GACCAATGTCAAGCGA-1,-0.20775610250009385
CXCR3+,MS,CSF_24,GACCTGGAGTGAAGTT-1,-0.09834107806026707
CXCR3-,MS,CSF_24,GACGCGTAGCTCCTTC-1,-0.09834107806026707
CXCR3+,MS,CSF_24,GACGCGTTCTTTAGTC-1,0.2202520026765637
CXCR3+,MS,CSF_24,GACGTTATCTCTGAGA-1,-0.11055928966462204
CXCR3+,MS,CSF_24,GACTAACCAAGGTTTC-1,0.4198644537679243
CXCR3-,MS,CSF_24,GACTAACCACAGCGTC-1,-0.09834107806026707
CXCR3-,MS,CSF_24,GACTGCGCAATCACAC-1,-0.09834107806026707
CXCR3-,MS,CSF_24,GAGCAGACACCTTGTC-1,-0.09834107806026707
CXCR3-,MS,CSF_24,GAGTCCGAGTGACTCT-1,-0.09834107806026707
CXCR3-,MS,CSF_24,GATCAGTGTAGCACGA-1,-0.5487988159498509
CXCR3-,MS,CSF_24,GATCGATGTGTAACGG-1,-0.09834107806026707
CXCR3-,MS,CSF_24,GATCGCGTCCAAACAC-1,-0.09834107806026707
CXCR3+,MS,CSF_24,GATCTAGAGAATTCCC-1,-0.08337928280233567
CXCR3+,MS,CSF_24,GATCTAGCAATGGACG-1,-0.043049070877319316
CXCR3+,MS,CSF_24,GATGCTAAGATGAGAG-1,0.10167782482011282
CXCR3-,MS,CSF_24,GATTCAGCAGTAACGG-1,-0.09834107806026707
CXCR3-,MS,CSF_24,GCAATCAAGCCCAGCT-1,-0.8952874660385246
CXCR3-,MS,CSF_24,GCACTCTCAACGCACC-1,0.5705706081887211
CXCR3-,MS,CSF_24,GCACTCTTCGAGAACG-1,-0.2567968770994488
CXCR3+,MS,CSF_24,GCACTCTTCGAGGTAG-1,-0.4507726513588617
CXCR3-,MS,CSF_24,GCAGCCAAGCCGATTT-1,-0.09834107806026707
CXCR3-,MS,CSF_24,GCATGATCACTAGTAC-1,-0.3919310824886324
CXCR3-,MS,CSF_24,GCCAAATTCTTCAACT-1,0.24333430076224058
CXCR3-,MS,CSF_24,GCGCAACGTACAGTGG-1,-0.09834107806026707
CXCR3-,MS,CSF_24,GCGCAACGTGTGGTTT-1,-0.09834107806026707
CXCR3-,MS,CSF_24,GCGCCAAAGATAGCAT-1,-0.28589556140440797
CXCR3+,MS,CSF_24,GCGGGTTTCCGTCATC-1,0.43357660489301164
CXCR3-,MS,CSF_24,GCTCTGTCATGGGAAC-1,-0.09834107806026707
CXCR3-,MS,CSF_24,GCTGCAGTCCGCGCAA-1,-0.09834107806026707
CXCR3-,MS,CSF_24,GCTGCAGTCGTCCGTT-1,0.18144737467196623
CXCR3-,MS,CSF_24,GCTGCGACAAGCGCTC-1,0.3150600691070622
CXCR3-,MS,CSF_24,GCTTCCAGTCGTTGTA-1,-0.09834107806026707
CXCR3-,MS,CSF_24,GGACAGAAGTCACGCC-1,0.09484354616795136
CXCR3+,MS,CSF_24,GGACATTCACAGTCGC-1,0.24956094211711338
CXCR3-,MS,CSF_24,GGACATTCACGTCTCT-1,-0.19252683100949358
CXCR3+,MS,CSF_24,GGATGTTCAAACTGTC-1,0.010620745305507372
CXCR3-,MS,CSF_24,GGCCGATTCTTTCCTC-1,-0.3896723232335851
CXCR3-,MS,CSF_24,GGCGACTTCGGTGTCG-1,0.15515198981561662
CXCR3-,MS,CSF_24,GGGAATGGTCATGCCG-1,-0.09834107806026707
CXCR3+,MS,CSF_24,GGGAGATTCAAGGTAA-1,0.11529118039325478
CXCR3-,MS,CSF_24,GGGATGACATCACCCT-1,-0.09834107806026707
CXCR3-,MS,CSF_24,GGGATGAGTTTAGGAA-1,-0.11232289531803298
CXCR3-,MS,CSF_24,GGTATTGAGAGGGATA-1,-0.2613373706531816
CXCR3-,MS,CSF_24,GGTATTGCAATTCCTT-1,-0.47522168729175274
CXCR3-,MS,CSF_24,GGTGAAGGTAAAGTCA-1,0.15409547915282987
CXCR3+,MS,CSF_24,GGTGAAGTCTGTACGA-1,-0.5538556045941296
CXCR3+,MS,CSF_24,GGTGCGTAGACAAGCC-1,0.1370273040748257
CXCR3-,MS,CSF_24,GTAACTGAGGCATTGG-1,0.11799662791080119
CXCR3+,MS,CSF_24,GTACTTTCACGGATAG-1,-0.41920252908203265
CXCR3-,MS,CSF_24,GTAGGCCAGGATTCGG-1,0.12914340013501177
CXCR3-,MS,CSF_24,GTAGTCAGTAGCGTCC-1,-0.3226775387495917
CXCR3+,MS,CSF_24,GTATCTTAGAGGTTGC-1,0.3552129748518066
CXCR3+,MS,CSF_24,GTATCTTCACAAGCCC-1,0.2621895114419244
CXCR3-,MS,CSF_24,GTATCTTTCATGTCCC-1,0.16115281251685193
CXCR3-,MS,CSF_24,GTCACAACAATGCCAT-1,0.40951923330640944
CXCR3-,MS,CSF_24,GTCACAACAGGACGTA-1,0.43612833999903083
CXCR3-,MS,CSF_24,GTCACGGTCAAACCAC-1,-0.01239145319771833
CXCR3-,MS,CSF_24,GTCGGGTCAATCTGCA-1,0.4841219507723559
CXCR3-,MS,CSF_24,GTCGTAACAACACGCC-1,-0.09834107806026707
CXCR3-,MS,CSF_24,GTGCAGCTCTCGCATC-1,0.06202754622086892
CXCR3-,MS,CSF_24,GTGCGGTCAGGCTGAA-1,0.12791436492341268
CXCR3-,MS,CSF_24,GTGCTTCAGGGCACTA-1,0.8629002617981548
CXCR3+,MS,CSF_24,GTGTGCGTCAGTCAGT-1,0.29636460076318905
CXCR3+,MS,CSF_24,GTGTTAGGTCAACTGT-1,-0.09834107806026707
CXCR3+,MS,CSF_24,GTGTTAGTCTCGCATC-1,-0.3165505627899856
CXCR3+,MS,CSF_24,GTTACAGCAAACAACA-1,-4.976327173888961e-06
CXCR3+,MS,CSF_24,GTTCTCGGTCGCATAT-1,0.5010646121582213
CXCR3-,MS,CSF_24,GTTTCTACAGTAAGAT-1,0.3593507394601532
CXCR3+,MS,CSF_24,TAAACCGGTGGTACAG-1-1,-0.263992418527497
CXCR3+,MS,CSF_24,TAAGAGATCGCGTAGC-1,0.10901631421813078
CXCR3-,MS,CSF_24,TACACGATCCGGCACA-1,0.6627647034459011
CXCR3-,MS,CSF_24,TACAGTGAGCGATATA-1,0.04454145929676094
CXCR3-,MS,CSF_24,TACAGTGCACAACGCC-1,0.13257610955125607
CXCR3-,MS,CSF_24,TACAGTGCATTGGTAC-1,-0.09834107806026707
CXCR3-,MS,CSF_24,TACCTATCAACGATCT-1,-0.09834107806026707
CXCR3-,MS,CSF_24,TACCTATGTCGGCACT-1,0.6193513303670778
CXCR3+,MS,CSF_24,TACCTTAAGGTTACCT-1,0.46597481565376514
CXCR3-,MS,CSF_24,TACCTTAGTACCGAGA-1,-0.16861288499358537
CXCR3-,MS,CSF_24,TACGGTAAGAAACCTA-1,-0.2660999054103491
CXCR3-,MS,CSF_24,TACTCATCAAGCCGCT-1,-0.00012435041639732462
CXCR3-,MS,CSF_24,TACTCGCAGCCACGTC-1,-0.3914530609326262
CXCR3-,MS,CSF_24,TACTCGCGTAGGCTGA-1,-0.06551138918574868
CXCR3-,MS,CSF_24,TACTTACCAATGGACG-1,-0.24635533823158573
CXCR3-,MS,CSF_24,TACTTGTGTCTAGTCA-1,-0.13058506589847887
CXCR3-,MS,CSF_24,TAGACCACAGTAAGCG-1,-0.09834107806026707
CXCR3+,MS,CSF_24,TAGCCGGTCGTTGACA-1,-0.6483624610723168
CXCR3-,MS,CSF_24,TAGCCGGTCTCGGACG-1,0.3206517919224603
CXCR3+,MS,CSF_24,TAGGCATAGAAGGACA-1,-0.2921165782620981
CXCR3-,MS,CSF_24,TATCTCACAACGATGG-1,0.12045556525710381
CXCR3-,MS,CSF_24,TATGCCCCATCCGCGA-1,-0.09834107806026707
CXCR3-,MS,CSF_24,TATTACCAGTCGTTTG-1,0.23898187936035709
CXCR3-,MS,CSF_24,TATTACCGTACCGAGA-1,-0.3462343427092342
CXCR3-,MS,CSF_24,TCAATCTGTCGGCACT-1,-0.772997295112914
CXCR3+,MS,CSF_24,TCACAAGAGCTAGCCC-1-1,0.008895438846766326
CXCR3-,MS,CSF_24,TCACAAGTCTGTACGA-1,0.12033179310982035
CXCR3-,MS,CSF_24,TCAGCAAGTTCCATGA-1,-0.37662418681294507
CXCR3-,MS,CSF_24,TCAGCTCCATTCCTGC-1,0.02331095809539128
CXCR3-,MS,CSF_24,TCATTACGTCTCTCTG-1,-0.09834107806026707
CXCR3-,MS,CSF_24,TCATTTGCAACACCCG-1,-0.09834107806026707
CXCR3+,MS,CSF_24,TCCACACCATTGAGCT-1,-0.48957840781775125
CXCR3-,MS,CSF_24,TCCACACGTGTTGAGG-1,-0.09834107806026707
CXCR3-,MS,CSF_24,TCGAGGCTCCTTAATC-1,-0.09834107806026707
CXCR3-,MS,CSF_24,TCGGTAAGTCCGTCAG-1,-0.007020440644819611
CXCR3-,MS,CSF_24,TCGGTAATCGACGGAA-1,0.15602141209934908
CXCR3-,MS,CSF_24,TCGTACCAGACTGTAA-1,0.27489239271724647
CXCR3-,MS,CSF_24,TCGTACCTCTCAACTT-1,-0.12134743191128416
CXCR3-,MS,CSF_24,TCTATTGGTAAGGATT-1,-0.3521504530917711
CXCR3-,MS,CSF_24,TCTATTGGTTGAGTTC-1,-0.5388648307329588
CXCR3+,MS,CSF_24,TCTCATACAGTCGTGC-1,0.8437925509629193
CXCR3-,MS,CSF_24,TCTCTAAGTCCTGCTT-1,-0.09834107806026707
CXCR3-,MS,CSF_24,TCTTCGGGTACTCTCC-1,0.4530014099505861
CXCR3-,MS,CSF_24,TGACGGCTCCCAACGG-1,-0.2781156689433245
CXCR3-,MS,CSF_24,TGAGAGGCACCGGAAA-1,-0.09834107806026707
CXCR3-,MS,CSF_24,TGAGCATCAGGATTGG-1,-0.6885496083468816
CXCR3-,MS,CSF_24,TGAGCCGAGGATCGCA-1,0.12984000205849713
CXCR3-,MS,CSF_24,TGAGGGAAGACGCACA-1,-0.09834107806026707
CXCR3-,MS,CSF_24,TGATTTCAGTTGCAGG-1,0.3434566640716619
CXCR3-,MS,CSF_24,TGATTTCTCTGAGGGA-1,0.3221669782362345
CXCR3-,MS,CSF_24,TGCACCTGTAATCGTC-1,-0.28888598584437597
CXCR3+,MS,CSF_24,TGCCAAAGTGCGATAG-1,-0.26516310132533744
CXCR3-,MS,CSF_24,TGCCAAAGTTCCCGAG-1,-0.09834107806026707
CXCR3-,MS,CSF_24,TGCCCTATCAGTTTGG-1,-0.09834107806026707
CXCR3+,MS,CSF_24,TGCGGGTGTATCTGCA-1,-0.09834107806026707
CXCR3+,MS,CSF_24,TGCTACCAGCCCAACC-1,0.37658996535404793
CXCR3-,MS,CSF_24,TGCTGCTAGTGCAAGC-1,-0.09834107806026707
CXCR3-,MS,CSF_24,TGGCCAGAGGCTAGAC-1,-0.09834107806026707
CXCR3-,MS,CSF_24,TGGCGCAAGCCTATGT-1,0.02609546747564037
CXCR3-,MS,CSF_24,TGGCGCAGTCCATCCT-1,-0.09834107806026707
CXCR3+,MS,CSF_24,TGGCTGGCATGCTAGT-1,-0.2973770673545915
CXCR3-,MS,CSF_24,TGGCTGGCATTTGCTT-1,-0.006899681247135898
CXCR3-,MS,CSF_24,TGGGAAGAGGCATTGG-1,-0.16460126002789527
CXCR3-,MS,CSF_24,TGGTTCCCATCGGAAG-1,0.05880576725151138
CXCR3-,MS,CSF_24,TGGTTCCGTCTTGATG-1,-0.437228528050511
CXCR3-,MS,CSF_24,TGTGGTACACCACCAG-1,-0.09834107806026707
CXCR3-,MS,CSF_24,TGTGTTTGTGTCGCTG-1,-0.09834107806026707
CXCR3-,MS,CSF_24,TTAACTCCACTAAGTC-1,-0.09834107806026707
CXCR3+,MS,CSF_24,TTAGGACTCTTACCTA-1,0.7921197886627909
CXCR3-,MS,CSF_24,TTCCCAGCAACAACCT-1,0.028930178596335145
CXCR3-,MS,CSF_24,TTCGGTCAGGCTCTTA-1,0.17748678159528047
CXCR3-,MS,CSF_24,TTCTACAAGCCCAACC-1,0.6261450067932044
CXCR3+,MS,CSF_24,TTCTACAGTACATCCA-1,-0.35833613467829917
CXCR3+,MS,CSF_24,TTCTCCTGTCGCGAAA-1,-0.09834107806026707
CXCR3-,MS,CSF_24,TTGAACGCACATCCGG-1,-0.6439770361489634
CXCR3-,MS,CSF_24,TTGACTTTCCTTGCCA-1,-0.38203288818806147
CXCR3-,MS,CSF_24,TTGCGTCAGAGCTGGT-1,-0.09834107806026707
CXCR3-,MS,CSF_24,TTGCGTCTCTATCCCG-1,0.28476739860300887
CXCR3+,MS,CSF_24,TTGGAACAGGCATGGT-1,0.6261450067932044
CXCR3-,MS,CSF_24,TTTATGCTCTTCGAGA-1,-0.40251935989780147
CXCR3-,MS,CSF_24,TTTCCTCTCAGAAATG-1,0.46725519446055636
CXCR3-,MS,CSF_25,AAATGCCCAGACACTT-1,0.6759032228077977
CXCR3-,MS,CSF_25,AACCATGCAATGGAAT-1,0.10033364608454831
CXCR3-,MS,CSF_25,AACCATGGTTCGGCAC-1,0.25252142116757564
CXCR3-,MS,CSF_25,AACCGCGGTTCACGGC-1,0.2356132874444226
CXCR3-,MS,CSF_25,AACGTTGAGACACGAC-1,0.35707532065112435
CXCR3-,MS,CSF_25,AACTTTCGTCGGATCC-1,-0.09834107806026707
CXCR3-,MS,CSF_25,AAGACCTTCTTTAGTC-1,0.3154121618591256
CXCR3-,MS,CSF_25,AAGGTTCAGAAGGACA-1,-0.09834107806026707
CXCR3+,MS,CSF_25,AATCGGTTCAGTGCAT-1,-0.09834107806026707
CXCR3-,MS,CSF_25,AATCGGTTCGCCTGTT-1,1.3343340554252066
CXCR3+,MS,CSF_25,ACACCCTGTGGTCTCG-1,0.26067671453369967
CXCR3-,MS,CSF_25,ACACCGGGTTATCCGA-1,-0.5010743840075211
CXCR3-,MS,CSF_25,ACACTGAAGAATTGTG-1,-0.09834107806026707
CXCR3+,MS,CSF_25,ACAGCTAAGTAGGCCA-1,-0.12665766543819448
CXCR3-,MS,CSF_25,ACAGCTACACCAGGTC-1,-0.2607651032559732
CXCR3-,MS,CSF_25,ACATGGTTCCACGCAG-1,0.45093007525175455
CXCR3-,MS,CSF_25,ACGAGCCAGGTAGCCA-1,0.13582887062397936
CXCR3-,MS,CSF_25,ACGAGCCCAAGCCTAT-1,0.18172103965881664
CXCR3-,MS,CSF_25,ACGCCAGGTGTGGCTC-1,0.4942076232751917
CXCR3-,MS,CSF_25,ACGCCGACAAGTAATG-1,-0.01636725711849201
CXCR3+,MS,CSF_25,ACGGAGAGTAGTGAAT-1,0.11690492416533894
CXCR3-,MS,CSF_25,ACGTCAATCCTCTAGC-1,-0.09834107806026707
CXCR3-,MS,CSF_25,ACTGAACAGAGACGAA-1,-0.09834107806026707
CXCR3-,MS,CSF_25,ACTGAACAGGATGGTC-1,-0.09834107806026707
CXCR3+,MS,CSF_25,ACTGAGTTCGTGGGAA-1,0.42249845482840515
CXCR3-,MS,CSF_25,ACTGATGGTATGAAAC-1,0.07729800096602704
CXCR3-,MS,CSF_25,ACTGATGTCTGCTGCT-1,-0.09834107806026707
CXCR3-,MS,CSF_25,ACTTACTAGCTAGTCT-1,-0.2494899810409528
CXCR3-,MS,CSF_25,ACTTACTTCCACTGGG-1,-0.4479375066864352
CXCR3-,MS,CSF_25,AGCGGTCGTGTGCCTG-1,-0.09834107806026707
CXCR3-,MS,CSF_25,AGCGGTCTCTACCAGA-1,0.2464061889888595
CXCR3+,MS,CSF_25,AGCGTATAGCAGCCTC-1,-0.09834107806026707
CXCR3-,MS,CSF_25,AGCGTCGGTTATGCGT-1,-0.09834107806026707
CXCR3-,MS,CSF_25,AGCTTGACATCCCACT-1,0.16690053715605857
CXCR3-,MS,CSF_25,AGGGAGTAGCGATGAC-1,-0.09834107806026707
CXCR3-,MS,CSF_25,AGGGTGATCGAGAACG-1,-0.403784092220035
CXCR3+,MS,CSF_25,AGGTCATGTTACGACT-1,0.5416798343475623
CXCR3-,MS,CSF_25,AGTAGTCCAGGGCATA-1,0.04143128989676421
CXCR3-,MS,CSF_25,AGTAGTCTCTTCGAGA-1,0.17689635586317584
CXCR3-,MS,CSF_25,AGTGAGGTCCTTTCGG-1,0.20116516950505609
CXCR3+,MS,CSF_25,ATAGACCTCGAGAGCA-1,-0.09834107806026707
CXCR3-,MS,CSF_25,ATCACGACAATGTAAG-1,-0.09834107806026707
CXCR3-,MS,CSF_25,ATCATCTCAGATCTGT-1,-0.09834107806026707
CXCR3-,MS,CSF_25,ATCATCTTCAACACGT-1,-0.09834107806026707
CXCR3-,MS,CSF_25,ATCCGAATCGATGAGG-1,-0.09834107806026707
CXCR3-,MS,CSF_25,ATCTGCCTCGTTACGA-1,0.2456444640663001
CXCR3-,MS,CSF_25,ATGTGTGAGAAGATTC-1,0.12564782650693082
CXCR3+,MS,CSF_25,ATGTGTGGTTGGTAAA-1,0.5372747013929479
CXCR3-,MS,CSF_25,ATTGGACCACCCAGTG-1,-0.09834107806026707
CXCR3-,MS,CSF_25,ATTGGTGAGACAGAGA-1,-0.40208022149162836
CXCR3-,MS,CSF_25,ATTGGTGTCGTTTATC-1,-0.09834107806026707
CXCR3-,MS,CSF_25,ATTTCTGAGTCCGTAT-1,0.5607400431522718
CXCR3+,MS,CSF_25,CAACCAACATATGCTG-1,-0.09834107806026707
CXCR3-,MS,CSF_25,CAACTAGAGCACAGGT-1,-0.09834107806026707
CXCR3+,MS,CSF_25,CAAGAAAAGCTGTCTA-1,-0.3720692352079259
CXCR3-,MS,CSF_25,CAAGATCAGGCAATTA-1,0.254033649576176
CXCR3-,MS,CSF_25,CAAGTTGAGTCCCACG-1,-0.26033077214397066
CXCR3-,MS,CSF_25,CACAAACCAGTCCTTC-1,-0.2465702886496905
CXCR3-,MS,CSF_25,CACACAAAGTGCGTGA-1,0.15751520753874218
CXCR3-,MS,CSF_25,CACACAAGTTGATTCG-1,-1.088833118056393
CXCR3-,MS,CSF_25,CACACTCCAGACTCGC-1,-0.09834107806026707
CXCR3-,MS,CSF_25,CACCAGGTCGATGAGG-1,0.5170028334591911
CXCR3-,MS,CSF_25,CACTCCAGTGATAAGT-1,0.6070134421416773
CXCR3-,MS,CSF_25,CAGAGAGCAAGTTGTC-1,0.5970768550477233
CXCR3+,MS,CSF_25,CAGCAGCGTAGCTAAA-1,0.10965639646001081
CXCR3-,MS,CSF_25,CAGCAGCGTCCTCCAT-1,-0.2785047713931969
CXCR3-,MS,CSF_25,CAGCCGACAAGAAGAG-1,-0.21673967121438004
CXCR3-,MS,CSF_25,CAGCGACAGCGGATCA-1,-0.09834107806026707
CXCR3-,MS,CSF_25,CAGTCCTCACCTGGTG-1,0.14531256472730528
CXCR3-,MS,CSF_25,CATCAGACATATGAGA-1,0.19204745605606158
CXCR3-,MS,CSF_25,CATCCACTCCTTGACC-1,0.18376180483321042
CXCR3-,MS,CSF_25,CATCGGGTCTTGGGTA-1,0.5578730820729528
CXCR3-,MS,CSF_25,CATGCCTTCACGAAGG-1,0.15048934298929756
CXCR3-,MS,CSF_25,CATGGCGCAGTCCTTC-1,-1.3857810175867868
CXCR3-,MS,CSF_25,CATTCGCAGTTGCAGG-1,-0.05966931061932638
CXCR3-,MS,CSF_25,CCACGGAGTGATGATA-1,-0.012374126191409096
CXCR3-,MS,CSF_25,CCACTACAGCACACAG-1,0.5547097078404243
CXCR3-,MS,CSF_25,CCGGGATTCGCGTAGC-1,-0.12578986540397313
CXCR3-,MS,CSF_25,CCGTACTTCAAAGACA-1,-0.3852817297356171
CXCR3-,MS,CSF_25,CCGTTCATCCAAATGC-1,-0.23229497293147094
CXCR3-,MS,CSF_25,CCTCAGTTCTTGTATC-1,-0.09834107806026707
CXCR3-,MS,CSF_25,CCTCTGAGTAACGTTC-1,0.15382949599598192
CXCR3-,MS,CSF_25,CCTTCGATCCTATGTT-1,0.21243241895009932
CXCR3-,MS,CSF_25,CGAGAAGCAAAGGTGC-1,0.3468988487000679
CXCR3-,MS,CSF_25,CGAGCACGTCCTAGCG-1,-0.09834107806026707
CXCR3-,MS,CSF_25,CGAGCCATCCGGGTGT-1,0.34763082392123174
CXCR3-,MS,CSF_25,CGATGGCAGCCAGGAT-1,-0.09834107806026707
CXCR3-,MS,CSF_25,CGCCAAGTCTACTCAT-1,-0.09834107806026707
CXCR3-,MS,CSF_25,CGCTATCCAATGGAAT-1,-0.2297046740773839
CXCR3-,MS,CSF_25,CGGACACCAAATCCGT-1,0.062099927582265
CXCR3-,MS,CSF_25,CGGACACCACATTAGC-1,-0.09834107806026707
CXCR3-,MS,CSF_25,CGTTAGAGTCCTCTTG-1,-0.09834107806026707
CXCR3-,MS,CSF_25,CGTTCTGCATACCATG-1,-1.0464440181531924
CXCR3-,MS,CSF_25,CTAACTTAGTCACGCC-1,0.14727252661310541
CXCR3-,MS,CSF_25,CTAATGGGTAAGTAGT-1,0.20810543746313062
CXCR3-,MS,CSF_25,CTAGAGTGTGCTAGCC-1,-0.0018106739188300683
CXCR3+,MS,CSF_25,CTAGTGAGTCTGCGGT-1,-0.2841865532164928
CXCR3-,MS,CSF_25,CTCGTCAGTTTGACTG-1,-0.28205986847187103
CXCR3+,MS,CSF_25,CTGAAGTCAGAAGCAC-1,0.20774295315322763
CXCR3-,MS,CSF_25,CTGATAGTCCGAATGT-1,-0.012031710600751366
CXCR3-,MS,CSF_25,CTGCCTAAGCTGATAA-1,0.24034249920129067
CXCR3+,MS,CSF_25,CTGCGGACATCTCGCT-1,-0.09834107806026707
CXCR3-,MS,CSF_25,CTTGGCTCATCAGTCA-1,-0.09834107806026707
CXCR3+,MS,CSF_25,CTTTGCGTCCAGATCA-1,0.3435053834354465
CXCR3-,MS,CSF_25,GAAATGAAGCAGCGTA-1,-0.09834107806026707
CXCR3-,MS,CSF_25,GAAATGAAGTGTACGG-1,0.1415969794019529
CXCR3-,MS,CSF_25,GAAATGATCAGTCAGT-1,-0.09834107806026707
CXCR3+,MS,CSF_25,GAAGCAGAGGGATGGG-1,-0.20713295804614532
CXCR3+,MS,CSF_25,GAATAAGTCACAGGCC-1,0.13395737466194524
CXCR3-,MS,CSF_25,GAATGAAGTAAACGCG-1,0.17267033889444633
CXCR3-,MS,CSF_25,GACGGCTCAAGTTAAG-1,0.2720331829595422
CXCR3-,MS,CSF_25,GACGGCTTCGCGTAGC-1,0.16921172176837088
CXCR3-,MS,CSF_25,GACGTGCGTTTCGCTC-1,-0.2995410991078229
CXCR3-,MS,CSF_25,GACTGCGGTAGCTAAA-1,0.5769697534257247
CXCR3-,MS,CSF_25,GAGCAGACAGTGGGAT-1,0.28848155416801463
CXCR3-,MS,CSF_25,GAGGTGACACTGTCGG-1,-0.4415750542799771
CXCR3-,MS,CSF_25,GATCAGTAGGCTAGCA-1,-0.01309469131295747
CXCR3+,MS,CSF_25,GATCGATAGACTAGGC-1,0.5464704128925213
CXCR3-,MS,CSF_25,GATGAGGCACTCAGGC-1,-0.34994847055941936
CXCR3+,MS,CSF_25,GCAATCAGTCAGCTAT-1,0.34295121591332023
CXCR3-,MS,CSF_25,GCAATCATCAAAGTAG-1,0.4304219992924679
CXCR3+,MS,CSF_25,GCATACAAGTTTAGGA-1,-0.28079362870617136
CXCR3-,MS,CSF_25,GCATACATCGTGACAT-1,0.2624316159713771
CXCR3+,MS,CSF_25,GCATGTAGTACCGTAT-1,-0.09834107806026707
CXCR3-,MS,CSF_25,GCCAAATCAGACTCGC-1,0.3007426489433285
CXCR3-,MS,CSF_25,GCGACCAAGAATTGTG-1,-0.09834107806026707
CXCR3-,MS,CSF_25,GCGACCAGTTATGTGC-1,-0.2234847853663872
CXCR3-,MS,CSF_25,GCGAGAATCTTATCTG-1,-0.09834107806026707
CXCR3+,MS,CSF_25,GCGCCAAGTCCAGTAT-1,-0.6160259170792888
CXCR3-,MS,CSF_25,GCTCTGTGTCGTCTTC-1,-0.09834107806026707
CXCR3-,MS,CSF_25,GCTGCAGCATATGGTC-1,-0.09834107806026707
CXCR3-,MS,CSF_25,GCTTGAAGTTCCACAA-1,-0.11414743031531807
CXCR3-,MS,CSF_25,GGAAAGCCACGGACAA-1,0.43177713264373235
CXCR3+,MS,CSF_25,GGACAAGTCAGCACAT-1,0.06042131403262131
CXCR3-,MS,CSF_25,GGACAGAGTCGCGGTT-1,-0.005105250447841
CXCR3-,MS,CSF_25,GGACATTAGCAATATG-1,-0.09834107806026707
CXCR3-,MS,CSF_25,GGAGCAAGTCTTTCAT-1,-0.4808107405491166
CXCR3-,MS,CSF_25,GGATGTTGTTCTGGTA-1,-0.27149472725344453
CXCR3-,MS,CSF_25,GGCCGATAGCGCCTCA-1,-0.2600648969948591
CXCR3-,MS,CSF_25,GGCTGGTGTCCGAATT-1,0.15266641796344832
CXCR3-,MS,CSF_25,GGGAGATGTATGGTTC-1,-0.09834107806026707
CXCR3-,MS,CSF_25,GGTGTTACAGACAAAT-1,-0.7327126372823024
CXCR3+,MS,CSF_25,GTACGTATCGCATGGC-1,-0.09834107806026707
CXCR3-,MS,CSF_25,GTCACAAAGGTACTCT-1,-0.6790782648945158
CXCR3-,MS,CSF_25,GTCACAACAATCTGCA-1,0.05159560963976978
CXCR3-,MS,CSF_25,GTGCAGCTCTCATTCA-1,-0.09834107806026707
CXCR3+,MS,CSF_25,GTGTTAGGTGACCAAG-1,-0.09834107806026707
CXCR3-,MS,CSF_25,GTTAAGCAGTTCCACA-1,0.3093909825626366
CXCR3+,MS,CSF_25,GTTCGGGCAAGAGGCT-1,0.5403258207474153
CXCR3-,MS,CSF_25,GTTCGGGTCTGTTTGT-1,0.20104306394446297
CXCR3-,MS,CSF_25,GTTTCTAGTCATATCG-1,0.3673542003634545
CXCR3-,MS,CSF_25,TAAGAGACAACTTGAC-1,-0.09834107806026707
CXCR3-,MS,CSF_25,TAAGAGATCAGCCTAA-1,-0.09549783619648079
CXCR3-,MS,CSF_25,TAAGTGCAGGCATGTG-1,-0.2598000766733172
CXCR3-,MS,CSF_25,TACACGACAGGGTACA-1,0.3590580986088416
CXCR3+,MS,CSF_25,TACAGTGGTGAAAGAG-1,-0.1255397117388324
CXCR3-,MS,CSF_25,TACAGTGGTGGTAACG-1,0.22202244779396912
CXCR3+,MS,CSF_25,TACAGTGTCGCATGAT-1,0.1588907246960052
CXCR3-,MS,CSF_25,TACTCATGTCTGATTG-1,-0.3477133886890696
CXCR3-,MS,CSF_25,TACTCGCTCAACGCTA-1,-0.14904398625983414
CXCR3-,MS,CSF_25,TACTCGCTCCAATGGT-1,0.3692602996395948
CXCR3-,MS,CSF_25,TAGCCGGTCTGTGCAA-1,0.1398815891497706
CXCR3-,MS,CSF_25,TATTACCAGTCAAGCG-1,-0.09834107806026707
CXCR3+,MS,CSF_25,TATTACCTCGTGGACC-1,0.24300483565562586
CXCR3+,MS,CSF_25,TCAATCTCACACCGCA-1,-0.09834107806026707
CXCR3-,MS,CSF_25,TCAATCTCACACGCTG-1,0.09032092699381469
CXCR3-,MS,CSF_25,TCAATCTCAGCGTTCG-1,-0.09834107806026707
CXCR3-,MS,CSF_25,TCAGATGAGTTGTAGA-1,-0.09834107806026707
CXCR3+,MS,CSF_25,TCAGCAATCGTTTAGG-1,0.2400204603356624
CXCR3-,MS,CSF_25,TCAGCTCCATAAGACA-1,-0.09834107806026707
CXCR3-,MS,CSF_25,TCAGGATGTGAGGCTA-1,0.7989446101560642
CXCR3+,MS,CSF_25,TCAGGTACAGGGAGAG-1,0.032677820394651155
CXCR3-,MS,CSF_25,TCAGGTACATATGCTG-1,0.1520846645761255
CXCR3-,MS,CSF_25,TCCACACAGAAACGAG-1,-0.09834107806026707
CXCR3-,MS,CSF_25,TCGGTAAAGAAGGCCT-1,0.5209221526034772
CXCR3-,MS,CSF_25,TCTGAGACACGCTTTC-1,0.34246451517953963
CXCR3-,MS,CSF_25,TCTTTCCTCAAAGTAG-1,0.13873907117707013
CXCR3-,MS,CSF_25,TGAAAGAAGTACGTAA-1,0.17183723083324606
CXCR3-,MS,CSF_25,TGACAACAGTGCGATG-1,-0.09834107806026707
CXCR3-,MS,CSF_25,TGACAACCAGGGCATA-1,-0.09834107806026707
CXCR3-,MS,CSF_25,TGACGGCGTCCATGAT-1,0.1648146469469293
CXCR3-,MS,CSF_25,TGACTTTGTACCGAGA-1,-0.09834107806026707
CXCR3-,MS,CSF_25,TGATTTCAGTCCAGGA-1,-0.2596680591428084
CXCR3-,MS,CSF_25,TGCGGGTAGAAACCTA-1,-0.4858946738812578
CXCR3+,MS,CSF_25,TGCTACCAGTATCGAA-1,-0.6290332892561937
CXCR3-,MS,CSF_25,TGCTGCTTCGGAATCT-1,-0.09834107806026707
CXCR3-,MS,CSF_25,TGGCGCACATTCTCAT-1,-0.9095691060894326
CXCR3-,MS,CSF_25,TGGGCGTGTCCGAGTC-1,-0.6333468655510889
CXCR3-,MS,CSF_25,TGGGCGTTCAGTGTTG-1,-0.25398558582143904
CXCR3-,MS,CSF_25,TGGTTCCCAGTAAGAT-1,-0.24851092525161902
CXCR3-,MS,CSF_25,TGGTTCCTCTGATACG-1,-0.09834107806026707
CXCR3-,MS,CSF_25,TGTATTCTCACTATTC-1,-0.09834107806026707
CXCR3+,MS,CSF_25,TGTTCCGTCACTCCTG-1,0.44889486587448507
CXCR3-,MS,CSF_25,TTATGCTTCTGCTGTC-1,0.6380966834757766
CXCR3-,MS,CSF_25,TTCGAAGCATTTCAGG-1,-0.2329654859844008
CXCR3+,MS,CSF_25,TTCGAAGTCTTGTATC-1,0.11595850800745523
CXCR3-,MS,CSF_25,TTCTTAGGTAAGAGGA-1,-0.09834107806026707
CXCR3-,MS,CSF_25,TTGAACGAGGCGTACA-1,0.3485887912091843
CXCR3-,MS,CSF_25,TTGTAGGTCCTAAGTG-1,0.17079479778475723
CXCR3+,MS,CSF_25,TTTACTGCACCTCGTT-1,-0.09834107806026707
CXCR3+,MS,CSF_25,TTTGCGCTCTACCAGA-1,0.23577728553656813
CXCR3+,MS,CSF_25,TTTGTCATCCTCAATT-1,-0.09834107806026707
CXCR3+,MS,CSF_27,AAACCTGAGAGCAATT-1,0.5677472604643051
CXCR3-,MS,CSF_27,AAACGGGGTTCACGGC-1,-0.09834107806026707
CXCR3-,MS,CSF_27,AAAGTAGGTCTAGCCG-1,-0.09834107806026707
CXCR3-,MS,CSF_27,AAATGCCGTAAATGTG-1,0.4573730372087788
CXCR3-,MS,CSF_27,AACGTTGTCAGGCAAG-1,-0.09834107806026707
CXCR3-,MS,CSF_27,AAGACCTTCAACGGGA-1,0.7887619341092224
CXCR3-,MS,CSF_27,AAGTCTGAGTTCCACA-1,-0.09834107806026707
CXCR3-,MS,CSF_27,AATCCAGCAGCCTGTG-1,-0.09834107806026707
CXCR3-,MS,CSF_27,AATCCAGGTCCGCTGA-1,0.26739819357814143
CXCR3-,MS,CSF_27,AATCCAGGTTCTGTTT-1,-0.09834107806026707
CXCR3-,MS,CSF_27,AATCCAGTCCACGTTC-1,0.46841172511558604
CXCR3+,MS,CSF_27,AATCGGTTCTAAGCCA-1,-0.7427407770141202
CXCR3-,MS,CSF_27,ACACCAACACCGGAAA-1,-0.09834107806026707
CXCR3-,MS,CSF_27,ACACCCTAGCCATCGC-1,-0.01336743462696315
CXCR3-,MS,CSF_27,ACACTGACATGCAATC-1,0.20748646530911447
CXCR3-,MS,CSF_27,ACAGCCGGTAGGGACT-1,0.15079617511985793
CXCR3-,MS,CSF_27,ACATCAGGTATCGCAT-1,-0.09834107806026707
CXCR3-,MS,CSF_27,ACATCAGTCACTCCTG-1,0.3909694798150705
CXCR3-,MS,CSF_27,ACATGGTGTAATCACC-1,-0.09834107806026707
CXCR3+,MS,CSF_27,ACCAGTATCACCATAG-1,0.111530170501517
CXCR3-,MS,CSF_27,ACCGTAAGTCGAGATG-1,0.1974190097966107
CXCR3+,MS,CSF_27,ACCTTTACATCGTCGG-1,-0.09834107806026707
CXCR3-,MS,CSF_27,ACCTTTATCTATCCTA-1,-0.09834107806026707
CXCR3-,MS,CSF_27,ACGAGCCGTCAATACC-1,0.24155671196056772
CXCR3-,MS,CSF_27,ACGCCAGCAGTCGATT-1,-0.30156525935934414
CXCR3-,MS,CSF_27,ACGGAGAAGTCTCAAC-1,0.18372574113738205
CXCR3-,MS,CSF_27,ACGGCCATCATATCGG-1,0.11447716134825561
CXCR3+,MS,CSF_27,ACGTCAACACGTCTCT-1,-0.25532976431389265
CXCR3-,MS,CSF_27,ACTGAACCACTTACGA-1,0.22853806728575773
CXCR3+,MS,CSF_27,ACTGAACTCTCGTTTA-1,-0.6166098920461873
CXCR3-,MS,CSF_27,ACTGAGTTCGGCGGTT-1,0.3602192636467812
CXCR3-,MS,CSF_27,ACTGATGAGCGACGTA-1,-0.09834107806026707
CXCR3-,MS,CSF_27,ACTGTCCGTAGCGCTC-1,0.34249991248010747
CXCR3-,MS,CSF_27,ACTTACTAGGCAAAGA-1,-0.09834107806026707
CXCR3-,MS,CSF_27,ACTTGTTTCAACGGGA-1,-0.09834107806026707
CXCR3-,MS,CSF_27,AGAATAGCAGGGTACA-1,-0.09834107806026707
CXCR3-,MS,CSF_27,AGAGCGATCCGCAAGC-1,0.170284341559621
CXCR3-,MS,CSF_27,AGAGTGGGTAAATGAC-1,-0.09834107806026707
CXCR3-,MS,CSF_27,AGATCTGTCCTACAGA-1,-0.09834107806026707
CXCR3-,MS,CSF_27,AGATTGCAGGAATCGC-1,0.509712261116464
CXCR3-,MS,CSF_27,AGCATACAGGTGATTA-1,0.005407342732023923
CXCR3-,MS,CSF_27,AGCGGTCAGAGACTAT-1,-0.09834107806026707
CXCR3-,MS,CSF_27,AGCGGTCTCAACCAAC-1,-0.09834107806026707
CXCR3-,MS,CSF_27,AGCGTATCACAAGTAA-1,-0.09834107806026707
CXCR3+,MS,CSF_27,AGCGTCGGTTATCACG-1,-0.29809007132923265
CXCR3-,MS,CSF_27,AGCTCTCTCTTGAGAC-1,-0.09834107806026707
CXCR3-,MS,CSF_27,AGCTTGAGTGACAAAT-1,-0.23460059764090105
CXCR3+,MS,CSF_27,AGGGAGTAGAAGCCCA-1,-0.5913270982396136
CXCR3-,MS,CSF_27,AGGTCATCACGACGAA-1,-0.09834107806026707
CXCR3+,MS,CSF_27,AGGTCATTCAGTCAGT-1,-0.10506726324940721
CXCR3+,MS,CSF_27,AGGTCCGAGCACAGGT-1,-0.6075411304091932
CXCR3-,MS,CSF_27,AGTAGTCCAATTGCTG-1,-0.09834107806026707
CXCR3-,MS,CSF_27,AGTAGTCTCCTTCAAT-1,-0.09834107806026707
CXCR3-,MS,CSF_27,AGTCTTTTCTACTTAC-1,-0.09834107806026707
CXCR3-,MS,CSF_27,AGTGTCACATATGGTC-1,0.28244903313674075
CXCR3-,MS,CSF_27,AGTTGGTCAACGATCT-1,0.47950647572665284
CXCR3-,MS,CSF_27,ATAGACCAGACGACGT-1,0.5698408764155898
CXCR3-,MS,CSF_27,ATAGACCCAGCTTAAC-1,-0.6469401366602485
CXCR3-,MS,CSF_27,ATCACGAAGAGGTTAT-1,-0.09834107806026707
CXCR3-,MS,CSF_27,ATCCACCTCGGCGCTA-1,0.4262303430570577
CXCR3-,MS,CSF_27,ATCGAGTGTGTGCCTG-1,0.35500856114893414
CXCR3+,MS,CSF_27,ATGTGTGGTCCAACTA-1,0.1368488323955472
CXCR3-,MS,CSF_27,ATTATCCCAAAGGCGT-1,0.5137599225522098
CXCR3-,MS,CSF_27,ATTATCCGTAGCTCCG-1,-0.3549504070152048
CXCR3+,MS,CSF_27,ATTCTACTCGAGAACG-1,-0.5419206079004033
CXCR3-,MS,CSF_27,CAAGATCCAGACAGGT-1,-0.2059309848473134
CXCR3-,MS,CSF_27,CAAGGCCAGAGGTTAT-1,0.2711943358125137
CXCR3-,MS,CSF_27,CACAAACCACGGCTAC-1,0.34547711375904805
CXCR3-,MS,CSF_27,CACACAACATACTCTT-1,0.16682560331618349
CXCR3-,MS,CSF_27,CACATAGAGTCCGTAT-1,-0.2716911947484658
CXCR3-,MS,CSF_27,CACATAGTCATATCGG-1,-0.3096842906044123
CXCR3-,MS,CSF_27,CACCACTGTCTTTCAT-1,-0.5685074200214802
CXCR3-,MS,CSF_27,CACCAGGCACTGAAGG-1,0.25136738875521736
CXCR3-,MS,CSF_27,CACTCCATCGCTGATA-1,-0.09834107806026707
CXCR3-,MS,CSF_27,CAGAGAGGTGGGTCAA-1,0.11862519569890631
CXCR3-,MS,CSF_27,CAGATCAAGGCAGTCA-1,-0.09834107806026707
CXCR3-,MS,CSF_27,CAGCAGCAGGCATTGG-1,-0.09834107806026707
CXCR3-,MS,CSF_27,CAGCTGGTCGTGGGAA-1,0.30252870496001794
CXCR3-,MS,CSF_27,CAGGTGCTCGCATGGC-1,0.39762621661704384
CXCR3-,MS,CSF_27,CAGTAACGTATAGGTA-1,0.2293170711389623
CXCR3-,MS,CSF_27,CAGTCCTAGTTAACGA-1,0.1480185385690917
CXCR3+,MS,CSF_27,CATCGAACAAGAAAGG-1,-0.61997837886252
CXCR3-,MS,CSF_27,CATTATCCAAAGCAAT-1,0.3132912592988642
CXCR3-,MS,CSF_27,CATTATCTCATGCTCC-1,-0.09834107806026707
CXCR3-,MS,CSF_27,CATTCGCGTCTAAAGA-1,-0.09834107806026707
CXCR3+,MS,CSF_27,CCACCTAAGAGTGACC-1,0.114924557975456
CXCR3-,MS,CSF_27,CCATGTCAGTCTCCTC-1,-0.2544407087568722
CXCR3-,MS,CSF_27,CCCAATCTCATGCATG-1,0.0844736223795708
CXCR3-,MS,CSF_27,CCGGGATAGGGTGTTG-1,-0.09834107806026707
CXCR3-,MS,CSF_27,CCGTGGAGTTGTCTTT-1,0.25218615684021717
CXCR3-,MS,CSF_27,CCGTTCACAAAGGAAG-1,-0.09834107806026707
CXCR3-,MS,CSF_27,CCGTTCACACATTCGA-1,-0.09834107806026707
CXCR3-,MS,CSF_27,CCTACACGTAGGAGTC-1,-0.09834107806026707
CXCR3-,MS,CSF_27,CCTACACGTTAAAGAC-1,-0.09834107806026707
CXCR3-,MS,CSF_27,CCTCAGTAGTACGATA-1,0.23310713440512038
CXCR3-,MS,CSF_27,CCTTTCTGTAACGACG-1,-0.09834107806026707
CXCR3-,MS,CSF_27,CGAACATTCATCGATG-1,0.12832481259395503
CXCR3-,MS,CSF_27,CGAATGTTCTCCCTGA-1,0.3419562103808188
CXCR3-,MS,CSF_27,CGACCTTTCCTTAATC-1,0.9743322033594827
CXCR3-,MS,CSF_27,CGACTTCAGTGAAGTT-1,-0.09834107806026707
CXCR3-,MS,CSF_27,CGAGCACTCCACGTTC-1,0.17342098248462898
CXCR3-,MS,CSF_27,CGATCGGAGAAACCAT-1,0.18770262587317993
CXCR3+,MS,CSF_27,CGATCGGCAAGCGAGT-1,0.11082553191523672
CXCR3-,MS,CSF_27,CGATGGCTCAAACCGT-1,0.44269978687243705
CXCR3-,MS,CSF_27,CGCTATCTCTCGAGTA-1,0.16382329183681127
CXCR3-,MS,CSF_27,CGGACACCAGGTCTCG-1,-0.09834107806026707
CXCR3-,MS,CSF_27,CGGACGTAGCGAAGGG-1,0.4741946368825519
CXCR3-,MS,CSF_27,CGGACGTAGTTCGATC-1,0.09632085819177064
CXCR3-,MS,CSF_27,CGGACGTGTGCCTGCA-1,0.0772647034911967
CXCR3-,MS,CSF_27,CGGAGTCGTGCCTTGG-1-1,-0.06971967104790948
CXCR3-,MS,CSF_27,CGGGTCAAGTTCGCAT-1,0.09408306890682362
CXCR3+,MS,CSF_27,CGGGTCACATCACGAT-1,-0.09834107806026707
CXCR3-,MS,CSF_27,CGGGTCATCTCGATGA-1,-0.09834107806026707
CXCR3-,MS,CSF_27,CGGTTAAAGCCTATGT-1,0.9742651421088125
CXCR3-,MS,CSF_27,CGTCTACTCCGCATAA-1,-0.09834107806026707
CXCR3-,MS,CSF_27,CGTTCTGTCAATAAGG-1,-0.09834107806026707
CXCR3-,MS,CSF_27,CGTTCTGTCATGCTCC-1,-0.09834107806026707
CXCR3-,MS,CSF_27,CTAAGACGTCAGAAGC-1,-0.09834107806026707
CXCR3+,MS,CSF_27,CTAATGGCAACAACCT-1,-0.09834107806026707
CXCR3-,MS,CSF_27,CTAATGGCAATCTACG-1,-0.09834107806026707
CXCR3+,MS,CSF_27,CTACACCGTTCAGCGC-1,-0.01992998411705162
CXCR3-,MS,CSF_27,CTAGAGTGTAGGCTGA-1,-0.09834107806026707
CXCR3+,MS,CSF_27,CTAGCCTCAGCTCGCA-1,1.4364541591516937
CXCR3-,MS,CSF_27,CTAGCCTTCTCTAAGG-1,0.2567328827384578
CXCR3-,MS,CSF_27,CTCACACGTGCTCTTC-1,0.5304978910689521
CXCR3-,MS,CSF_27,CTCAGAAGTCCCTACT-1,-0.09834107806026707
CXCR3+,MS,CSF_27,CTCAGAATCTTGTACT-1,-0.3943709796658444
CXCR3-,MS,CSF_27,CTCATTATCTTTCCTC-1,-0.13288066007225366
CXCR3-,MS,CSF_27,CTCGGAGAGTGGGTTG-1,0.6115450786241227
CXCR3+,MS,CSF_27,CTCGGAGCACGCATCG-1,-0.3229999415922177
CXCR3-,MS,CSF_27,CTCGTACCAACTGCGC-1,-0.2570449726110242
CXCR3-,MS,CSF_27,CTCGTCACAAACCTAC-1,-0.09834107806026707
CXCR3+,MS,CSF_27,CTCTACGGTCCATCCT-1,0.4070663595441519
CXCR3-,MS,CSF_27,CTCTGGTTCTTGCAAG-1,-0.09834107806026707
CXCR3-,MS,CSF_27,CTGAAACGTCGACTAT-1,-0.09834107806026707
CXCR3+,MS,CSF_27,CTGATAGCACAAGACG-1,0.2610770901860969
CXCR3-,MS,CSF_27,CTGCCTAGTCGAACAG-1,0.23828019472569767
CXCR3-,MS,CSF_27,CTGCCTATCAGCTGGC-1,0.09253244517374352
CXCR3-,MS,CSF_27,CTGCTGTGTTGTGGCC-1,0.4299311366318578
CXCR3-,MS,CSF_27,CTGTTTACAAGTCTAC-1,0.7249757472221102
CXCR3-,MS,CSF_27,CTTAGGATCAGTACGT-1,-0.09834107806026707
CXCR3-,MS,CSF_27,CTTTGCGTCTGGCGTG-1,-0.09834107806026707
CXCR3+,MS,CSF_27,GAAATGAGTGAAGGCT-1,0.26574725858395587
CXCR3+,MS,CSF_27,GAACATCTCCGTCAAA-1,0.7381253261305956
CXCR3-,MS,CSF_27,GAACCTAAGGCTATCT-1,-0.09834107806026707
CXCR3-,MS,CSF_27,GAACGGAAGAATGTGT-1,0.16530058717441068
CXCR3-,MS,CSF_27,GAATAAGCAATCTGCA-1,0.21480802342961205
CXCR3-,MS,CSF_27,GAATGAAAGGGAAACA-1,0.6493580766099226
CXCR3+,MS,CSF_27,GACCTGGGTACGAAAT-1,-0.2568600378302649
CXCR3-,MS,CSF_27,GACGCGTTCGGCGCTA-1,-0.09834107806026707
CXCR3-,MS,CSF_27,GACGTGCTCGAGAGCA-1,-1.0384861850045182
CXCR3-,MS,CSF_27,GAGTCCGGTCATGCAT-1,-0.09834107806026707
CXCR3-,MS,CSF_27,GAGTCCGGTGTAACGG-1,-0.09834107806026707
CXCR3+,MS,CSF_27,GATCAGTAGGACAGAA-1,0.48445428744723734
CXCR3-,MS,CSF_27,GATCGTAAGCTAGTGG-1,0.3501716479133668
CXCR3-,MS,CSF_27,GATCTAGGTTGTCGCG-1,-0.09834107806026707
CXCR3-,MS,CSF_27,GATGAAAAGTTGTCGT-1,0.9098532321931472
CXCR3-,MS,CSF_27,GCAATCAAGGTGGGTT-1,-0.09834107806026707
CXCR3-,MS,CSF_27,GCAATCATCGTACGGC-1,0.11686876476844645
CXCR3-,MS,CSF_27,GCATACAAGCTCCCAG-1,-0.09834107806026707
CXCR3-,MS,CSF_27,GCCAAATTCTTCGAGA-1,0.14061975637915478
CXCR3-,MS,CSF_27,GCCTCTATCATGGTCA-1,0.20039408749066406
CXCR3+,MS,CSF_27,GCGAGAAAGAAACGCC-1,-0.09834107806026707
CXCR3-,MS,CSF_27,GCGAGAACAAGTTCTG-1,-0.09834107806026707
CXCR3-,MS,CSF_27,GCTGCAGAGAGTCTGG-1,-0.09834107806026707
CXCR3-,MS,CSF_27,GCTGGGTAGAACTCGG-1,0.35075996472068915
CXCR3-,MS,CSF_27,GCTGGGTGTGTGACCC-1,0.0719818705678873
CXCR3-,MS,CSF_27,GCTTCCAAGTGAACGC-1,0.10239067564228992
CXCR3-,MS,CSF_27,GCTTCCACAACAACCT-1,-0.26438039582796163
CXCR3-,MS,CSF_27,GCTTCCAGTACCGGCT-1,0.1642303644489864
CXCR3-,MS,CSF_27,GGAACTTAGCTGCCCA-1,0.15966899893340822
CXCR3-,MS,CSF_27,GGAACTTGTTCGTTGA-1,0.34782647428411756
CXCR3-,MS,CSF_27,GGAACTTTCTTTCCTC-1,-0.09834107806026707
CXCR3+,MS,CSF_27,GGAATAAAGAGTACCG-1,-0.25588775637799027
CXCR3-,MS,CSF_27,GGACAAGCACCACGTG-1,-0.262910856938995
CXCR3-,MS,CSF_27,GGACAGATCGACCAGC-1,-0.09834107806026707
CXCR3-,MS,CSF_27,GGACATTCAGCCAATT-1,0.6261450067932044
CXCR3-,MS,CSF_27,GGATTACCAGTCCTTC-1,0.3255504492774864
CXCR3-,MS,CSF_27,GGCAATTAGATAGCAT-1,0.5607390154839803
CXCR3-,MS,CSF_27,GGCGACTAGGAGCGAG-1,-0.09834107806026707
CXCR3-,MS,CSF_27,GGCTCGACACCTATCC-1,0.2864152017258136
CXCR3-,MS,CSF_27,GGCTGGTTCATCGATG-1,0.21053548244863435
CXCR3-,MS,CSF_27,GGCTGGTTCTAAGCCA-1,-0.09834107806026707
CXCR3+,MS,CSF_27,GGGAGATAGACCGGAT-1,-0.2529061573286892
CXCR3-,MS,CSF_27,GGGTCTGAGGCTAGAC-1,-0.06467851839049694
CXCR3-,MS,CSF_27,GGGTTGCTCCGCTGTT-1,-0.31645567414635295
CXCR3-,MS,CSF_27,GGTGAAGTCCACGCAG-1,-0.09834107806026707
CXCR3-,MS,CSF_27,GGTGTTACACGCATCG-1,0.14933359781980007
CXCR3-,MS,CSF_27,GTAACGTTCTTGTATC-1,-0.09834107806026707
CXCR3+,MS,CSF_27,GTACGTATCCGTCATC-1,0.07801713313167988
CXCR3-,MS,CSF_27,GTACTCCTCGTTGCCT-1,-0.09834107806026707
CXCR3-,MS,CSF_27,GTACTTTGTCGTCTTC-1,-0.09834107806026707
CXCR3+,MS,CSF_27,GTATCTTAGCAGACTG-1,-0.184422001512654
CXCR3-,MS,CSF_27,GTATTCTCAACACCTA-1,-0.09834107806026707
CXCR3-,MS,CSF_27,GTATTCTCAGATGGGT-1,0.4080019813479325
CXCR3+,MS,CSF_27,GTATTCTGTCGCGTGT-1,-0.09834107806026707
CXCR3-,MS,CSF_27,GTATTCTTCGGAAATA-1,0.23679843392949404
CXCR3-,MS,CSF_27,GTCAAGTTCAACTCTT-1,-0.09834107806026707
CXCR3-,MS,CSF_27,GTCACGGTCGCAAGCC-1,-0.09834107806026707
CXCR3-,MS,CSF_27,GTCTCGTGTCGGCATC-1,-0.09834107806026707
CXCR3-,MS,CSF_27,GTGAAGGGTCAAGCGA-1,0.3065385369932442
CXCR3-,MS,CSF_27,GTGCTTCCACCAGTTA-1,-0.09834107806026707
CXCR3-,MS,CSF_27,GTGTTAGCAGGGAGAG-1,0.3289777373574577
CXCR3-,MS,CSF_27,GTTAAGCCATTGCGGC-1,-0.057810963641701955
CXCR3+,MS,CSF_27,GTTAAGCGTCTTCTCG-1,0.30525678254476596
CXCR3+,MS,CSF_27,GTTACAGCATGCTGGC-1,-0.09834107806026707
CXCR3-,MS,CSF_27,GTTCATTGTCTCACCT-1,0.7881013870742872
CXCR3-,MS,CSF_27,GTTCGGGGTATTACCG-1,-0.09834107806026707
CXCR3+,MS,CSF_27,TAAGCGTGTCCCGACA-1,-0.09834107806026707
CXCR3-,MS,CSF_27,TAAGTGCGTGTGACCC-1,-0.09834107806026707
CXCR3-,MS,CSF_27,TACACGATCGCATGGC-1,0.42768261376436917
CXCR3-,MS,CSF_27,TACAGTGCATCGTCGG-1,-0.3021005023088538
CXCR3-,MS,CSF_27,TACAGTGGTAGGGACT-1,0.345123385685867
CXCR3+,MS,CSF_27,TACCTATGTTAGAACA-1,-0.09834107806026707
CXCR3-,MS,CSF_27,TACGGATCAACAACCT-1,0.19295732889726905
CXCR3-,MS,CSF_27,TACTCATAGGTGCTAG-1,0.2792898522136759
CXCR3-,MS,CSF_27,TACTCATGTCGTTGTA-1,0.35007504562438385
CXCR3-,MS,CSF_27,TACTCGCAGAGATGAG-1,-0.09834107806026707
CXCR3-,MS,CSF_27,TAGGCATCAACACCTA-1,-0.09834107806026707
CXCR3-,MS,CSF_27,TATCTCAGTATATCCG-1,0.5089384845561972
CXCR3-,MS,CSF_27,TATTACCAGACTAAGT-1,0.1469340534961028
CXCR3-,MS,CSF_27,TCAACGATCCTTTCTC-1,0.6497046666320907
CXCR3+,MS,CSF_27,TCAATCTGTATAATGG-1,0.34043840986795065
CXCR3+,MS,CSF_27,TCAATCTGTGCAACTT-1,0.04539605341012468
CXCR3-,MS,CSF_27,TCACAAGTCATGCAAC-1,0.18470669546384752
CXCR3+,MS,CSF_27,TCACGAAGTTGGTGGA-1,-0.11780515861220832
CXCR3-,MS,CSF_27,TCAGGATCAGGCGATA-1,-0.09834107806026707
CXCR3-,MS,CSF_27,TCAGGATTCGCATGGC-1,0.5919397644464751
CXCR3-,MS,CSF_27,TCCCGATGTCGGCATC-1,-0.09834107806026707
CXCR3-,MS,CSF_27,TCGAGGCCAATGGAGC-1,-0.1780749400059761
CXCR3-,MS,CSF_27,TCGCGTTAGACAAAGG-1,-0.27415598192396184
CXCR3+,MS,CSF_27,TCGGGACCATTACCTT-1,0.40575897834250607
CXCR3-,MS,CSF_27,TCGTACCGTTAAAGTG-1,-0.09834107806026707
CXCR3-,MS,CSF_27,TCGTAGAGTAGGGTAC-1,0.42148500373841513
CXCR3-,MS,CSF_27,TCGTAGATCGAACTGT-1,0.41342236307297797
CXCR3-,MS,CSF_27,TCTCATAAGGTGACCA-1,-0.09834107806026707
CXCR3-,MS,CSF_27,TCTGGAAAGTCGATAA-1,-0.09834107806026707
CXCR3-,MS,CSF_27,TCTTCGGCAACACCTA-1,-0.25505254390825294
CXCR3-,MS,CSF_27,TGACAACCACGGTGTC-1,-0.09834107806026707
CXCR3-,MS,CSF_27,TGACGGCAGTGTACGG-1,-0.09834107806026707
CXCR3-,MS,CSF_27,TGACTAGAGTCTCCTC-1,0.5569272042963133
CXCR3-,MS,CSF_27,TGAGAGGCACCAGGCT-1,-0.08488152905093571
CXCR3-,MS,CSF_27,TGAGCATAGCGCTCCA-1,-0.09834107806026707
CXCR3-,MS,CSF_27,TGCACCTGTCTAAAGA-1,0.27500258597228305
CXCR3-,MS,CSF_27,TGCCCTATCTGCTGCT-1,-0.09834107806026707
CXCR3-,MS,CSF_27,TGCGGGTGTACTTCTT-1,0.4949577896130717
CXCR3-,MS,CSF_27,TGCGTGGTCATGTAGC-1,0.33220312940984914
CXCR3-,MS,CSF_27,TGCTGCTGTTCCGTCT-1,-0.4509561763162237
CXCR3-,MS,CSF_27,TGGACGCGTACGCTGC-1,0.5443597829241714
CXCR3-,MS,CSF_27,TGGCCAGGTGAGTGAC-1,0.21311154817365266
CXCR3+,MS,CSF_27,TGGCGCAAGGGATGGG-1,0.695880526742193
CXCR3-,MS,CSF_27,TGGTTAGCAGACAGGT-1,-0.09834107806026707
CXCR3-,MS,CSF_27,TGGTTAGGTCCGAAGA-1,-0.2327759568372
CXCR3-,MS,CSF_27,TGTATTCGTGTTGAGG-1,0.2828179774130249
CXCR3+,MS,CSF_27,TGTTCCGGTTAAAGAC-1,-0.08242455617979597
CXCR3-,MS,CSF_27,TTAGGACTCACAGGCC-1,0.31126228325595545
CXCR3-,MS,CSF_27,TTAGTTCCAAGGTGTG-1,-0.09834107806026707
CXCR3-,MS,CSF_27,TTAGTTCGTCCAGTGC-1,0.06943620210909397
CXCR3-,MS,CSF_27,TTCTTAGCACAGCGTC-1,-0.09834107806026707
CXCR3+,MS,CSF_27,TTGACTTCATTATCTC-1,0.25574121778802633
CXCR3-,MS,CSF_27,TTGGAACCATCGGTTA-1,-0.09834107806026707
CXCR3-,MS,CSF_27,TTGGAACGTGCTCTTC-1,-0.09834107806026707
CXCR3-,MS,CSF_27,TTTATGCTCAGTCAGT-1,0.44082172872049297
CXCR3-,MS,CSF_28,AAAGATGCAATGAATG-1,-0.09834107806026707
CXCR3-,MS,CSF_28,AAAGATGTCTTAGCCC-1,-0.26719707844688356
CXCR3-,MS,CSF_28,AAAGCAATCGTTACGA-1,-0.33608538232307567
CXCR3-,MS,CSF_28,AAAGTAGCAAGCCGCT-1,-0.5707994696519816
CXCR3-,MS,CSF_28,AAAGTAGCAATGGATA-1,0.18076615038115798
CXCR3+,MS,CSF_28,AAATGCCCAGCCTATA-1,0.03400373643780346
CXCR3+,MS,CSF_28,AACACGTGTAAGTAGT-1,-0.7969539859214541
CXCR3+,MS,CSF_28,AACCGCGAGATTACCC-1,-0.7028943336359375
CXCR3-,MS,CSF_28,AACCGCGTCAGCATGT-1,0.4564541797333722
CXCR3+,MS,CSF_28,AACCGCGTCTCAAGTG-1,0.17264411269835372
CXCR3-,MS,CSF_28,AACGTTGAGTGCAAGC-1,-0.3060087019076156
CXCR3+,MS,CSF_28,AACGTTGCAACTTGAC-1,0.29100628929732697
CXCR3-,MS,CSF_28,AACGTTGGTCAACTGT-1,0.07311580131552632
CXCR3-,MS,CSF_28,AACTCAGCACTGTCGG-1,0.34064453359686386
CXCR3-,MS,CSF_28,AACTGGTAGGATGCGT-1,-0.7987154467092007
CXCR3-,MS,CSF_28,AACTTTCAGACCCACC-1,0.9641495677315934
CXCR3-,MS,CSF_28,AAGACCTTCACGACTA-1,0.2475621869528646
CXCR3-,MS,CSF_28,AAGGAGCGTAGCGCAA-1,-0.09834107806026707
CXCR3-,MS,CSF_28,AAGTCTGCAAGTTGTC-1,0.09965139518587186
CXCR3+,MS,CSF_28,AAGTCTGGTACGACCC-1,0.6377398021285613
CXCR3-,MS,CSF_28,AATCCAGAGCCACTAT-1,0.5663572392114993
CXCR3-,MS,CSF_28,AATCCAGTCCCAACGG-1,-0.29758230077776204
CXCR3-,MS,CSF_28,AATCGGTAGTGTTAGA-1,-0.09834107806026707
CXCR3+,MS,CSF_28,ACACCCTAGATGTCGG-1,-0.09834107806026707
CXCR3+,MS,CSF_28,ACACCCTAGTGCCAGA-1,0.3556622872231144
CXCR3+,MS,CSF_28,ACACCCTGTGCAGGTA-1,-0.049101000985089446
CXCR3+,MS,CSF_28,ACACCGGAGATGCCTT-1,-0.24242407533953444
CXCR3-,MS,CSF_28,ACAGCCGTCCGGCACA-1,0.4914877335617146
CXCR3-,MS,CSF_28,ACATACGGTTGCCTCT-1,-0.29741378621333947
CXCR3-,MS,CSF_28,ACATCAGCATATGAGA-1,-0.3639614504251916
CXCR3+,MS,CSF_28,ACATGGTCATGCATGT-1,0.006927093238819936
CXCR3-,MS,CSF_28,ACATGGTGTCGCATCG-1,-0.2524450492288105
CXCR3-,MS,CSF_28,ACATGGTGTTGAGGTG-1,-0.09834107806026707
CXCR3+,MS,CSF_28,ACCGTAACAGACGCCT-1-1,0.2829969844755611
CXCR3-,MS,CSF_28,ACCGTAATCGTGGGAA-1,-0.24505463035531264
CXCR3+,MS,CSF_28,ACGATACCACGGTAGA-1,0.45400055040530035
CXCR3-,MS,CSF_28,ACGATACTCCGAAGAG-1,-0.4396488787636809
CXCR3-,MS,CSF_28,ACGATACTCTCGTATT-1,-0.09834107806026707
CXCR3-,MS,CSF_28,ACGATGTCAGATCTGT-1,-0.09834107806026707
CXCR3-,MS,CSF_28,ACGATGTGTTCCTCCA-1,-0.32191609454398123
CXCR3-,MS,CSF_28,ACGCAGCAGATGCGAC-1,0.07947551375863848
CXCR3+,MS,CSF_28,ACGCAGCAGCCAGAAC-1,-0.2518453257759417
CXCR3-,MS,CSF_28,ACGCAGCGTACCCAAT-1,0.31514802656798163
CXCR3-,MS,CSF_28,ACGCCAGGTGAGTATA-1,-0.09834107806026707
CXCR3+,MS,CSF_28,ACGCCGATCAACACAC-1,0.10025142158632191
CXCR3-,MS,CSF_28,ACGCCGATCAAGCCTA-1,0.3189317286504192
CXCR3+,MS,CSF_28,ACGGAGAGTACCGGCT-1,0.15091286340730967
CXCR3+,MS,CSF_28,ACGGCCAAGCAGACTG-1,0.31088741072409276
CXCR3-,MS,CSF_28,ACGGCCATCAACCATG-1,0.18330330874789308
CXCR3-,MS,CSF_28,ACGGGCTAGGCTAGAC-1,0.14866740328794698
CXCR3-,MS,CSF_28,ACGGGCTCAATTGCTG-1,-0.09834107806026707
CXCR3-,MS,CSF_28,ACGGGTCTCTGGCGTG-1,0.1880647065338876
CXCR3-,MS,CSF_28,ACGTCAAGTGGACGAT-1,-0.09834107806026707
CXCR3-,MS,CSF_28,ACGTCAATCACTTCAT-1,0.2822013585631097
CXCR3-,MS,CSF_28,ACTATCTTCACGCGGT-1,-0.09834107806026707
CXCR3-,MS,CSF_28,ACTGAGTAGGTGCTAG-1,-0.24648959434060375
CXCR3-,MS,CSF_28,ACTGATGAGTCTCCTC-1,-0.2990586608850131
CXCR3+,MS,CSF_28,ACTGTCCTCATCTGCC-1,0.34898998688725796
CXCR3-,MS,CSF_28,ACTTACTCAAATCCGT-1,-0.09834107806026707
CXCR3-,MS,CSF_28,ACTTACTTCCAAAGTC-1,-0.09834107806026707
CXCR3+,MS,CSF_28,ACTTTCAAGTGTCCAT-1,-0.13452809434653293
CXCR3-,MS,CSF_28,ACTTTCAGTAGGACAC-1,-0.2979204316154023
CXCR3-,MS,CSF_28,AGAATAGTCGTCACGG-1,-0.6911706343489019
CXCR3-,MS,CSF_28,AGAGCTTAGATGGCGT-1,0.3610457133365455
CXCR3-,MS,CSF_28,AGAGTGGCACATAACC-1,-0.2253440051836829
CXCR3-,MS,CSF_28,AGAGTGGTCCTACAGA-1,-0.09834107806026707
CXCR3-,MS,CSF_28,AGATTGCTCAACGAAA-1,-0.09834107806026707
CXCR3-,MS,CSF_28,AGCCTAAAGATCGGGT-1,-0.09834107806026707
CXCR3+,MS,CSF_28,AGCCTAAAGTGTCCAT-1,0.05515803851544151
CXCR3+,MS,CSF_28,AGCCTAACAAAGTCAA-1,-0.09834107806026707
CXCR3-,MS,CSF_28,AGCCTAATCTATCCCG-1,-0.2845628688121584
CXCR3-,MS,CSF_28,AGCTTGAAGTGGACGT-1,-0.09834107806026707
CXCR3+,MS,CSF_28,AGCTTGAGTGCACCAC-1,-0.09834107806026707
CXCR3-,MS,CSF_28,AGGCCACCATCCTAGA-1,-0.09834107806026707
CXCR3+,MS,CSF_28,AGGCCGTAGGCTACGA-1,-0.06117487841893465
CXCR3-,MS,CSF_28,AGGCCGTTCCTTGCCA-1,-0.09834107806026707
CXCR3-,MS,CSF_28,AGGGAGTAGACAGGCT-1,-0.35665456602651385
CXCR3-,MS,CSF_28,AGGGATGAGACTTTCG-1,0.37914189731725767
CXCR3-,MS,CSF_28,AGGTCATTCAGTGCAT-1,-0.09834107806026707
CXCR3+,MS,CSF_28,AGTAGTCGTAGGAGTC-1,0.2690397193886556
CXCR3-,MS,CSF_28,AGTAGTCTCAGTTGAC-1,-0.09834107806026707
CXCR3-,MS,CSF_28,AGTCTTTTCCCGACTT-1,0.195563256958064
CXCR3-,MS,CSF_28,AGTGAGGAGCGGCTTC-1,-0.3754989675859949
CXCR3-,MS,CSF_28,AGTGAGGCAGGAATCG-1,0.16682560331618349
CXCR3+,MS,CSF_28,AGTGGGACAAAGGTGC-1,0.2174148155322935
CXCR3-,MS,CSF_28,AGTGGGACATTAGGCT-1,-0.4772478841276682
CXCR3-,MS,CSF_28,AGTGTCAAGCGGATCA-1,0.3900277233113827
CXCR3-,MS,CSF_28,AGTGTCACAGATCGGA-1,-0.3240196785648252
CXCR3-,MS,CSF_28,AGTTGGTGTAAAGGAG-1,0.03523941109113504
CXCR3-,MS,CSF_28,ATAACGCTCCGAACGC-1,0.23670651894379682
CXCR3-,MS,CSF_28,ATCATGGAGGCACATG-1,0.4267826661272151
CXCR3-,MS,CSF_28,ATCATGGCACCGATAT-1,-0.09834107806026707
CXCR3-,MS,CSF_28,ATCATGGGTGACCAAG-1,-0.09834107806026707
CXCR3+,MS,CSF_28,ATCCACCAGACCACGA-1,0.003849383963479201
CXCR3-,MS,CSF_28,ATCCACCTCGTGGACC-1,-0.09834107806026707
CXCR3-,MS,CSF_28,ATCCACCTCTTTACAC-1,-0.802808650175539
CXCR3-,MS,CSF_28,ATCCGAACATTAGGCT-1,-0.0708681349963153
CXCR3-,MS,CSF_28,ATCCGAAGTCAGAATA-1,0.3103185125781986
CXCR3-,MS,CSF_28,ATCTACTAGTAGATGT-1,-0.09834107806026707
CXCR3-,MS,CSF_28,ATGGGAGCAAGGACAC-1,-0.09834107806026707
CXCR3-,MS,CSF_28,ATTACTCCATCAGTCA-1,-0.19725545344978815
CXCR3-,MS,CSF_28,ATTATCCAGCTGAACG-1,-0.09834107806026707
CXCR3-,MS,CSF_28,ATTATCCGTCGGATCC-1,-0.09834107806026707
CXCR3+,MS,CSF_28,ATTCTACGTGTCGCTG-1,0.011012779386797003
CXCR3-,MS,CSF_28,ATTGGACAGAACAACT-1,0.06627546984348917
CXCR3-,MS,CSF_28,ATTGGACAGTTAGCGG-1,-0.06402517005689971
CXCR3-,MS,CSF_28,ATTGGTGTCAGTCAGT-1,-0.4945083102714141
CXCR3-,MS,CSF_28,ATTTCTGAGAAGGTTT-1,0.2230174341695321
CXCR3-,MS,CSF_28,ATTTCTGCAAGCGAGT-1,-0.09834107806026707
CXCR3-,MS,CSF_28,CAACCAAGTCTAGAGG-1,-0.09834107806026707
CXCR3+,MS,CSF_28,CAACCTCGTGATAAAC-1,-0.4429534352924239
CXCR3+,MS,CSF_28,CAACCTCGTGCCTGGT-1,-0.5342254212316833
CXCR3-,MS,CSF_28,CAACTAGAGATGCCTT-1,0.3891353743012149
CXCR3-,MS,CSF_28,CAACTAGGTCATTAGC-1,-0.09834107806026707
CXCR3-,MS,CSF_28,CAAGATCGTCAGCTAT-1,0.37207543774848845
CXCR3-,MS,CSF_28,CAAGATCTCTATCCTA-1,0.6342146507873963
CXCR3-,MS,CSF_28,CAAGGCCAGTGTCTCA-1,-0.25477650725355266
CXCR3-,MS,CSF_28,CAAGGCCGTAGGCTGA-1,-0.09834107806026707
CXCR3-,MS,CSF_28,CACACAAGTCGGCTCA-1,0.2811147920894299
CXCR3-,MS,CSF_28,CACACCTCATGCTAGT-1,-0.09834107806026707
CXCR3-,MS,CSF_28,CACACCTGTGTCAATC-1,0.6055396796361757
CXCR3-,MS,CSF_28,CACACTCAGCCCAACC-1,-0.010941823389663445
CXCR3+,MS,CSF_28,CACACTCGTCGCTTTC-1,-0.09834107806026707
CXCR3-,MS,CSF_28,CACAGTAAGAGACGAA-1,-0.10001807413274681
CXCR3-,MS,CSF_28,CACATTTAGACTTTCG-1,0.6450081499263562
CXCR3+,MS,CSF_28,CACATTTCAAATTGCC-1,-0.3767958399025395
CXCR3-,MS,CSF_28,CACATTTCATCACAAC-1,-0.017745971045920923
CXCR3+,MS,CSF_28,CAGAATCGTCGACTAT-1,-0.09834107806026707
CXCR3+,MS,CSF_28,CAGCAGCGTGCTCTTC-1,-0.09834107806026707
CXCR3-,MS,CSF_28,CAGCATATCACAATGC-1,-0.09834107806026707
CXCR3-,MS,CSF_28,CAGCCGACAGATGGGT-1,-0.09834107806026707
CXCR3-,MS,CSF_28,CAGCCGATCGGCATCG-1,0.2879313798548989
CXCR3-,MS,CSF_28,CAGCTAAAGGCTAGGT-1,-0.2653063820702301
CXCR3-,MS,CSF_28,CAGCTAATCTGTACGA-1,0.3769532893081447
CXCR3-,MS,CSF_28,CAGCTGGCATGGTCTA-1,-0.3671016092194484
CXCR3-,MS,CSF_28,CAGCTGGGTCGAAAGC-1,0.1726456725697519
CXCR3-,MS,CSF_28,CAGTAACTCAACACGT-1,-0.09834107806026707
CXCR3-,MS,CSF_28,CATATGGTCAGTTCGA-1,-0.09834107806026707
CXCR3-,MS,CSF_28,CATCAAGGTGCGCTTG-1,-0.8529422481925643
CXCR3+,MS,CSF_28,CATCAAGTCCGCATAA-1,-0.09834107806026707
CXCR3+,MS,CSF_28,CATCAGAAGCCCAATT-1,0.384054020127154
CXCR3-,MS,CSF_28,CATCCACAGCCTTGAT-1,0.12326731966123312
CXCR3-,MS,CSF_28,CATCGAACAGCAGTTT-1,-0.2755332635276467
CXCR3-,MS,CSF_28,CATCGAAGTAAAGTCA-1,-0.09834107806026707
CXCR3-,MS,CSF_28,CATCGGGAGCTGAACG-1,-0.39260377319444756
CXCR3-,MS,CSF_28,CATCGGGGTATGAAAC-1,-0.09834107806026707
CXCR3-,MS,CSF_28,CATGACAAGGAATTAC-1,-0.35497274973742543
CXCR3-,MS,CSF_28,CATGACACACTCAGGC-1,-0.09834107806026707
CXCR3+,MS,CSF_28,CATGGCGAGATCCGAG-1,-0.09834107806026707
CXCR3-,MS,CSF_28,CATGGCGGTCAACATC-1,-0.09834107806026707
CXCR3+,MS,CSF_28,CATTATCAGGTAAACT-1,-0.21662920187955698
CXCR3-,MS,CSF_28,CATTATCCATCACAAC-1,-0.09834107806026707
CXCR3-,MS,CSF_28,CATTCGCCAAGGTTCT-1,0.4522140497034143
CXCR3-,MS,CSF_28,CATTCGCTCCGCGTTT-1,-1.0001918340163694
CXCR3-,MS,CSF_28,CCAATCCAGCTAAGAT-1,0.884732844748033
CXCR3-,MS,CSF_28,CCACTACCATTACGAC-1,-0.5283420675668448
CXCR3+,MS,CSF_28,CCAGCGAAGAGCCCAA-1,0.13817270614697924
CXCR3-,MS,CSF_28,CCAGCGATCTACGAGT-1,0.3074035217516301
CXCR3+,MS,CSF_28,CCCAGTTAGCGTCTAT-1,0.1753989494527787
CXCR3-,MS,CSF_28,CCCAGTTGTCATCCCT-1,-0.09834107806026707
CXCR3-,MS,CSF_28,CCCTCCTGTCTACCTC-1,-0.2613373706531816
CXCR3-,MS,CSF_28,CCGGGATAGGAGTCTG-1,0.7403728879036567
CXCR3-,MS,CSF_28,CCGGGATGTTAGATGA-1,-0.09834107806026707
CXCR3-,MS,CSF_28,CCGGTAGAGAATGTTG-1,-0.09834107806026707
CXCR3-,MS,CSF_28,CCGTACTCAAAGTCAA-1,-0.09834107806026707
CXCR3-,MS,CSF_28,CCGTTCACACTTAACG-1,-0.3251525399341366
CXCR3-,MS,CSF_28,CCGTTCAGTCGACTAT-1,0.08140447625889154
CXCR3-,MS,CSF_28,CCTACACGTCTAGCGC-1,-0.9544554634049446
CXCR3-,MS,CSF_28,CCTACACGTTGATTCG-1,-0.42050591087663447
CXCR3+,MS,CSF_28,CCTATTAGTCACCCAG-1,-0.7060872838307023
CXCR3-,MS,CSF_28,CCTCAGTTCCGTAGTA-1,0.2684903900492775
CXCR3-,MS,CSF_28,CCTCTGACAGTTTACG-1,0.27308160754249056
CXCR3-,MS,CSF_28,CCTTACGAGCCACCTG-1,-0.6293315434480673
CXCR3+,MS,CSF_28,CCTTCCCGTGTAACGG-1,-0.27824513144705326
CXCR3-,MS,CSF_28,CGAACATGTATAGGGC-1,0.3114340826812102
CXCR3-,MS,CSF_28,CGAACATTCGACGGAA-1,-0.9516693211031878
CXCR3+,MS,CSF_28,CGAGCACAGGCATTGG-1,-0.09834107806026707
CXCR3-,MS,CSF_28,CGAGCCAAGTCATCCA-1,0.2719617270941723
CXCR3-,MS,CSF_28,CGAGCCAGTGTTGAGG-1,0.13685285341706283
CXCR3+,MS,CSF_28,CGATCGGCAACTGCTA-1,-0.27248269047558965
CXCR3-,MS,CSF_28,CGATCGGGTCAACATC-1,-0.09834107806026707
CXCR3-,MS,CSF_28,CGATGGCCAAAGCGGT-1,0.31251031750129243
CXCR3-,MS,CSF_28,CGATGGCCACATTAGC-1,-0.7667888676182042
CXCR3+,MS,CSF_28,CGATGGCCAGGATTGG-1,-0.09834107806026707
CXCR3-,MS,CSF_28,CGATGGCGTATCTGCA-1,-0.09834107806026707
CXCR3+,MS,CSF_28,CGCGGTAAGCCACGCT-1,-0.09834107806026707
CXCR3-,MS,CSF_28,CGCGGTAGTGTTTGTG-1,-0.3156343619599239
CXCR3+,MS,CSF_28,CGCTATCCAGACACTT-1,-0.2895898371207589
CXCR3-,MS,CSF_28,CGCTGGACACATCCGG-1,0.2571083795191748
CXCR3-,MS,CSF_28,CGCTGGAGTCAACATC-1,0.15828326124870848
CXCR3-,MS,CSF_28,CGCTGGATCGCAAACT-1,0.11483019314692935
CXCR3+,MS,CSF_28,CGGAGTCAGTAAGTAC-1,-0.45883333820802424
CXCR3-,MS,CSF_28,CGGAGTCGTACAAGTA-1,-0.09834107806026707
CXCR3-,MS,CSF_28,CGGAGTCTCCGAACGC-1,-0.7177745560909862
CXCR3-,MS,CSF_28,CGGGTCAGTCCGTTAA-1,-0.09834107806026707
CXCR3-,MS,CSF_28,CGGGTCAGTTGAACTC-1,0.45173843729926016
CXCR3-,MS,CSF_28,CGGTTAACAGTAACGG-1,0.3888152013906788
CXCR3+,MS,CSF_28,CGTAGCGTCCGATATG-1,-0.3429485027775768
CXCR3-,MS,CSF_28,CGTCAGGTCCCGGATG-1,-0.09834107806026707
CXCR3+,MS,CSF_28,CGTCTACAGCCACTAT-1,0.33656970661368113
CXCR3-,MS,CSF_28,CGTCTACAGCGCCTTG-1,-0.09834107806026707
CXCR3+,MS,CSF_28,CGTCTACAGGGCTTCC-1,-0.09834107806026707
CXCR3-,MS,CSF_28,CGTCTACAGTACATGA-1,-0.09834107806026707
CXCR3-,MS,CSF_28,CGTCTACTCGTTGACA-1,-0.09834107806026707
CXCR3-,MS,CSF_28,CGTGAGCCACGAGGTA-1,-0.09834107806026707
CXCR3-,MS,CSF_28,CGTGAGCGTAAAGTCA-1,0.5648821860907627
CXCR3-,MS,CSF_28,CGTGTCTTCAGGTTCA-1,-0.09834107806026707
CXCR3-,MS,CSF_28,CGTTCTGGTATTACCG-1,-0.9217105365580209
CXCR3-,MS,CSF_28,CGTTCTGGTTCCCGAG-1,0.47494199131685777
CXCR3-,MS,CSF_28,CGTTGGGGTCCGCTGA-1,0.22146196851368447
CXCR3+,MS,CSF_28,CTAACTTCAGTAGAGC-1,-0.09834107806026707
CXCR3+,MS,CSF_28,CTAAGACAGTGGAGTC-1,0.13569071100491295
CXCR3-,MS,CSF_28,CTAAGACGTCAAACTC-1,0.012124620013840721
CXCR3-,MS,CSF_28,CTAAGACTCATTATCC-1,-0.09834107806026707
CXCR3+,MS,CSF_28,CTACGTCCATGGGACA-1,0.14176843823775506
CXCR3-,MS,CSF_28,CTAGAGTAGAGGTACC-1,0.3455924086224057
CXCR3-,MS,CSF_28,CTAGAGTGTAAGTTCC-1,0.22549177328972658
CXCR3-,MS,CSF_28,CTAGCCTCAAACAACA-1,-0.010597610339716481
CXCR3-,MS,CSF_28,CTAGTGACAGGAACGT-1,-0.09834107806026707
CXCR3-,MS,CSF_28,CTAGTGACAGTCCTTC-1,0.26688357551241754
CXCR3-,MS,CSF_28,CTCGAAAAGATAGTCA-1,-0.09834107806026707
CXCR3-,MS,CSF_28,CTCGGAGGTCAATACC-1,-0.09834107806026707
CXCR3-,MS,CSF_28,CTCGGAGTCGGCTACG-1,-0.6769142370073941
CXCR3-,MS,CSF_28,CTCGGGACACCCATTC-1,-0.311213837461792
CXCR3+,MS,CSF_28,CTCGGGATCAGGTAAA-1,-0.841790971176535
CXCR3-,MS,CSF_28,CTCGTACTCCGAATGT-1,-0.09834107806026707
CXCR3-,MS,CSF_28,CTCTAATCATCACGAT-1,-0.09834107806026707
CXCR3+,MS,CSF_28,CTCTACGAGGCCCTCA-1,0.390283947856039
CXCR3-,MS,CSF_28,CTCTACGCAATCCGAT-1,0.5121610207653671
CXCR3-,MS,CSF_28,CTCTACGGTGATAAAC-1,0.6261450067932044
CXCR3-,MS,CSF_28,CTGAAGTTCCGCGCAA-1,-0.007990234501996651
CXCR3-,MS,CSF_28,CTGATAGAGTTAGGTA-1,-0.09834107806026707
CXCR3-,MS,CSF_28,CTGATCCAGTGGGCTA-1,-0.593939054409144
CXCR3+,MS,CSF_28,CTGCCTAAGCCAGAAC-1,0.3223605381939497
CXCR3-,MS,CSF_28,CTGCGGACAGCAGTTT-1,-0.2779219088390656
CXCR3+,MS,CSF_28,CTGCGGAGTCCAACTA-1,0.8043508577120432
CXCR3+,MS,CSF_28,CTGCGGATCAGTTTGG-1,-0.3485808895130803
CXCR3-,MS,CSF_28,CTGCTGTTCACCGGGT-1,-0.2643641432823627
CXCR3+,MS,CSF_28,CTGGTCTCACACAGAG-1,-0.09834107806026707
CXCR3-,MS,CSF_28,CTGTGCTAGTCCAGGA-1,-0.09834107806026707
CXCR3+,MS,CSF_28,CTGTTTAAGCACGCCT-1,-0.6401836828326085
CXCR3-,MS,CSF_28,CTGTTTAGTAAAGTCA-1,-0.09834107806026707
CXCR3-,MS,CSF_28,CTTAACTAGCCCAACC-1,-0.09834107806026707
CXCR3-,MS,CSF_28,CTTAACTAGTGTTGAA-1,-0.09834107806026707
CXCR3-,MS,CSF_28,CTTCTCTCACACGCTG-1,0.10657218130956249
CXCR3-,MS,CSF_28,CTTGGCTAGACGACGT-1,0.08451129726540883
CXCR3-,MS,CSF_28,GAAACTCGTTGCCTCT-1,0.17520513796953435
CXCR3-,MS,CSF_28,GAAATGACAAAGGCGT-1,0.55638059392965
CXCR3+,MS,CSF_28,GAACCTACAAAGCGGT-1,0.10849989357842886
CXCR3-,MS,CSF_28,GAACCTACATGCCTAA-1,0.180156632013001
CXCR3-,MS,CSF_28,GAATAAGGTCAAGCGA-1,-0.09834107806026707
CXCR3-,MS,CSF_28,GAATAAGTCCCACTTG-1,0.19757381095271404
CXCR3-,MS,CSF_28,GAATGAATCATTGCGA-1,0.7222312682879954
CXCR3-,MS,CSF_28,GACACGCCACGAGGTA-1,-0.34220942184600345
CXCR3+,MS,CSF_28,GACAGAGTCGCGTTTC-1,-0.5476158576818382
CXCR3-,MS,CSF_28,GACCAATCACCGCTAG-1,0.13126093541481232
CXCR3-,MS,CSF_28,GACGCGTGTCGAAAGC-1,0.1127811923216906
CXCR3-,MS,CSF_28,GACGGCTTCAGGTAAA-1,-0.09834107806026707
CXCR3-,MS,CSF_28,GACGTGCAGATATGCA-1,0.33022113067216036
CXCR3-,MS,CSF_28,GACGTTAAGGGCACTA-1,0.2986828881911811
CXCR3-,MS,CSF_28,GACGTTATCTGGAGCC-1,0.35607291421735854
CXCR3+,MS,CSF_28,GACTACACAAGACACG-1,0.2687794004613441
CXCR3+,MS,CSF_28,GACTACACAAGACGTG-1,-0.09834107806026707
CXCR3-,MS,CSF_28,GACTACACAGGCTCAC-1,-0.09834107806026707
CXCR3-,MS,CSF_28,GACTGCGAGATGTGTA-1,-0.09834107806026707
CXCR3+,MS,CSF_28,GACTGCGTCCAGATCA-1,0.014045279589546156
CXCR3+,MS,CSF_28,GAGCAGAGTGTTGGGA-1,0.3774538084497571
CXCR3+,MS,CSF_28,GATCGTAAGGCAGTCA-1,0.007938267046373028
CXCR3+,MS,CSF_28,GATGAAAGTAGCGCTC-1,0.35244161024130155
CXCR3-,MS,CSF_28,GATGAAAGTCAAAGCG-1,-0.08258186752178112
CXCR3+,MS,CSF_28,GATGAGGAGATCGATA-1,0.1708995438663546
CXCR3-,MS,CSF_28,GATGAGGTCGGTCTAA-1,0.10369636289290544
CXCR3-,MS,CSF_28,GATGCTACACCGTTGG-1,0.21535720943214323
CXCR3-,MS,CSF_28,GATGCTAGTTGTGGAG-1,-0.432161528422037
CXCR3-,MS,CSF_28,GATTCAGAGTTACGGG-1,-0.09834107806026707
CXCR3+,MS,CSF_28,GATTCAGTCGCCAAAT-1,-0.4502560704108763
CXCR3+,MS,CSF_28,GCAAACTGTGCCTGCA-1,-0.6291224026820992
CXCR3-,MS,CSF_28,GCAATCATCCGTAGGC-1,0.32217633856100836
CXCR3-,MS,CSF_28,GCAGCCAAGTACGATA-1,-0.27691859201562735
CXCR3-,MS,CSF_28,GCAGCCACAACACCCG-1,-0.09834107806026707
CXCR3-,MS,CSF_28,GCATACAAGAGCCTAG-1,-0.06281312956348173
CXCR3-,MS,CSF_28,GCATGATAGACTCGGA-1,0.5921133296339446
CXCR3-,MS,CSF_28,GCCTCTAAGGCTATCT-1,-0.539065753074471
CXCR3-,MS,CSF_28,GCGACCAAGCTCTCGG-1,-0.09834107806026707
CXCR3-,MS,CSF_28,GCGCCAAAGCGTTCCG-1,0.046104561943867806
CXCR3+,MS,CSF_28,GCGCCAATCTGTCAAG-1,0.014759820666628303
CXCR3+,MS,CSF_28,GCGGGTTCATCGGGTC-1,0.12347302204823096
CXCR3-,MS,CSF_28,GCTCCTAAGCTAGCCC-1,-0.128851586660439
CXCR3-,MS,CSF_28,GCTCCTAGTACAGCAG-1,0.331427148840452
CXCR3-,MS,CSF_28,GCTCTGTGTGTGTGCC-1,0.3417335350852682
CXCR3-,MS,CSF_28,GCTGCAGGTGATAAAC-1,0.711386320927818
CXCR3+,MS,CSF_28,GCTGCAGTCAGCAACT-1,-0.29148301820235456
CXCR3-,MS,CSF_28,GCTGCTTTCTATCCTA-1,-0.09834107806026707
CXCR3-,MS,CSF_28,GCTGGGTGTCAACATC-1,-0.09834107806026707
CXCR3+,MS,CSF_28,GGAACTTGTCAGAAGC-1,-0.09834107806026707
CXCR3-,MS,CSF_28,GGACAAGGTACGACCC-1,-0.06780039028455762
CXCR3-,MS,CSF_28,GGACAGAGTACCGAGA-1,-1.2574914749674895
CXCR3-,MS,CSF_28,GGACATTCAAAGGCGT-1,-0.09834107806026707
CXCR3-,MS,CSF_28,GGACATTCATCCGTGG-1,-0.22884460548015437
CXCR3-,MS,CSF_28,GGACATTGTCATATCG-1,-0.09834107806026707
CXCR3-,MS,CSF_28,GGACATTTCGCCTGTT-1,-0.09834107806026707
CXCR3-,MS,CSF_28,GGACGTCTCCTAAGTG-1,-0.30750897830882445
CXCR3-,MS,CSF_28,GGATTACGTCGGCTCA-1,0.19170005800751316
CXCR3-,MS,CSF_28,GGCAATTTCAAGGTAA-1,-0.09834107806026707
CXCR3-,MS,CSF_28,GGCGACTGTCAATGTC-1,-0.2990013485870561
CXCR3-,MS,CSF_28,GGCTCGAAGACTTTCG-1,-0.09834107806026707
CXCR3-,MS,CSF_28,GGCTCGAAGTATTGGA-1,-0.09834107806026707
CXCR3-,MS,CSF_28,GGCTCGAGTGCAACGA-1,0.6243007818323293
CXCR3-,MS,CSF_28,GGCTGGTTCTAACGGT-1,-0.5643001197772108
CXCR3-,MS,CSF_28,GGGAATGCACAACGTT-1,-0.09834107806026707
CXCR3-,MS,CSF_28,GGGAATGTCTGTCCGT-1,0.22600548108868154
CXCR3-,MS,CSF_28,GGGACCTAGACTGTAA-1,-0.7119016971362767
CXCR3+,MS,CSF_28,GGGACCTGTCACTGGC-1,0.10042307796395203
CXCR3-,MS,CSF_28,GGGACCTTCCAATGGT-1,-0.09834107806026707
CXCR3+,MS,CSF_28,GGGAGATTCGTAGGAG-1,0.3797716281616129
CXCR3-,MS,CSF_28,GGGATGAAGTACTTGC-1,0.6332582339510882
CXCR3+,MS,CSF_28,GGGTCTGAGCAGACTG-1,-0.273323540412672
CXCR3-,MS,CSF_28,GGGTCTGTCGTACGGC-1,-0.09834107806026707
CXCR3+,MS,CSF_28,GGGTTGCCACCCAGTG-1,0.022915574399874118
CXCR3-,MS,CSF_28,GGGTTGCCAGGTCCAC-1,-0.09834107806026707
CXCR3+,MS,CSF_28,GGGTTGCCATACGCCG-1-1,-0.5880989558822766
CXCR3-,MS,CSF_28,GGTATTGGTAGCGCAA-1,-0.09834107806026707
CXCR3-,MS,CSF_28,GGTGAAGGTAAAGTCA-1-1,0.015143639589213245
CXCR3-,MS,CSF_28,GGTGTTAAGATAGTCA-1,-0.09834107806026707
CXCR3-,MS,CSF_28,GTACGTATCTGCGTAA-1,0.6211156851076345
CXCR3-,MS,CSF_28,GTACTCCGTCACCCAG-1,-0.32268876745913794
CXCR3-,MS,CSF_28,GTAGTCACATGCATGT-1,-0.44653208611390444
CXCR3-,MS,CSF_28,GTATCTTGTACCAGTT-1,0.3140969324810712
CXCR3-,MS,CSF_28,GTATCTTTCTCTGAGA-1,0.03942210524561939
CXCR3-,MS,CSF_28,GTATTCTAGTACATGA-1,-0.4482329386853485
CXCR3+,MS,CSF_28,GTATTCTGTGCTTCTC-1,-0.09834107806026707
CXCR3-,MS,CSF_28,GTCAAGTGTCTAGCGC-1,-0.09834107806026707
CXCR3-,MS,CSF_28,GTCACAATCTCTGCTG-1,-0.09834107806026707
CXCR3+,MS,CSF_28,GTCACGGCAGTCGTGC-1,0.043518783305100915
CXCR3-,MS,CSF_28,GTCACGGGTGGCCCTA-1,-0.09834107806026707
CXCR3-,MS,CSF_28,GTCATTTTCGCAGGCT-1,0.16611150029161062
CXCR3-,MS,CSF_28,GTCGGGTTCAGTGTTG-1,-0.09834107806026707
CXCR3+,MS,CSF_28,GTCGTAAGTCCCTTGT-1,0.1634490813079025
CXCR3+,MS,CSF_28,GTCGTAAGTTACGTCA-1,0.5235451392773971
CXCR3+,MS,CSF_28,GTCGTAATCGTCACGG-1,0.24309243119370352
CXCR3-,MS,CSF_28,GTGAAGGAGGATGGTC-1,-0.7162042818058147
CXCR3-,MS,CSF_28,GTGCAGCAGGAATTAC-1,-0.09834107806026707
CXCR3+,MS,CSF_28,GTGCAGCAGGACAGCT-1,-0.47708773698037915
CXCR3-,MS,CSF_28,GTGCAGCTCAGCTCTC-1,-0.2760757613467751
CXCR3-,MS,CSF_28,GTGCATAAGTCGTACT-1,-0.2510885019010886
CXCR3-,MS,CSF_28,GTGCTTCTCAGCTTAG-1,0.5025961797128051
CXCR3+,MS,CSF_28,GTGGGTCAGATGCGAC-1,-0.27372752765158437
CXCR3-,MS,CSF_28,GTGTGCGGTTCGTCTC-1,-0.28517859510524096
CXCR3-,MS,CSF_28,GTGTTAGAGAATGTTG-1,-0.220966872716356
CXCR3+,MS,CSF_28,GTGTTAGCAACGATCT-1,-0.09834107806026707
CXCR3+,MS,CSF_28,GTTAAGCGTGCATCTA-1,-0.16618987760873402
CXCR3+,MS,CSF_28,GTTACAGTCCAAGCCG-1,-0.09834107806026707
CXCR3-,MS,CSF_28,GTTCGGGGTGTAACGG-1,0.11474095992619082
CXCR3-,MS,CSF_28,GTTCGGGTCCTTCAAT-1,-0.09834107806026707
CXCR3+,MS,CSF_28,GTTCTCGTCAGCGACC-1,-0.24292669207011158
CXCR3-,MS,CSF_28,GTTTCTACATTTGCTT-1,-0.6442646499263274
CXCR3-,MS,CSF_28,GTTTCTATCCACGACG-1,-0.2752014733757313
CXCR3-,MS,CSF_28,TAAACCGGTCAAAGAT-1,-0.09834107806026707
CXCR3-,MS,CSF_28,TAAACCGGTGTTCGAT-1,0.43441764248582343
CXCR3-,MS,CSF_28,TAAACCGTCAAGGTAA-1,-0.09834107806026707
CXCR3-,MS,CSF_28,TAAGAGAAGTTAGGTA-1,-0.09834107806026707
CXCR3-,MS,CSF_28,TAAGAGAGTCGGATCC-1,0.45604962758389034
CXCR3-,MS,CSF_28,TAAGCGTGTCTAACGT-1,-0.09834107806026707
CXCR3+,MS,CSF_28,TAAGTGCGTTGGTGGA-1,-0.09834107806026707
CXCR3-,MS,CSF_28,TACAGTGAGACACTAA-1,-0.09834107806026707
CXCR3-,MS,CSF_28,TACGGATAGACAGAGA-1,0.4317869973007985
CXCR3+,MS,CSF_28,TACGGTACAGACGCCT-1,-0.2695981707236257
CXCR3+,MS,CSF_28,TACGGTAGTAATCGTC-1,0.02764271883722601
CXCR3-,MS,CSF_28,TACGGTATCGTGGGAA-1,-0.31471607595891465
CXCR3-,MS,CSF_28,TACTCATAGAAACCTA-1,-0.03416731290421593
CXCR3+,MS,CSF_28,TACTCATGTCGGGTCT-1,0.39012635377324967
CXCR3-,MS,CSF_28,TACTCGCAGCCGTCGT-1,-0.41723617868164536
CXCR3-,MS,CSF_28,TACTCGCGTAAGAGGA-1,-0.2914312144483729
CXCR3-,MS,CSF_28,TACTTACGTCGAAAGC-1,-0.09834107806026707
CXCR3-,MS,CSF_28,TACTTACTCGCCCTTA-1,-0.5921825017500272
CXCR3+,MS,CSF_28,TACTTACTCTGCGGCA-1,-0.4386512654309706
CXCR3+,MS,CSF_28,TAGACCAAGAGTGACC-1,-0.2163745290207817
CXCR3-,MS,CSF_28,TAGAGCTTCGTATCAG-1,0.23071715868536896
CXCR3-,MS,CSF_28,TAGCCGGAGTATCGAA-1,-0.2853214187581867
CXCR3-,MS,CSF_28,TAGGCATAGAGCCTAG-1,-0.0007338521802951391
CXCR3-,MS,CSF_28,TAGTGGTGTCTTCGTC-1,0.2204905710546878
CXCR3-,MS,CSF_28,TAGTGGTTCCGAAGAG-1,-0.2997498776711716
CXCR3-,MS,CSF_28,TAGTTGGAGCCTTGAT-1,0.18726965044279217
CXCR3-,MS,CSF_28,TATCAGGTCAGGCAAG-1,-0.09834107806026707
CXCR3+,MS,CSF_28,TATCTCATCGCCTGAG-1,0.0879110023023302
CXCR3+,MS,CSF_28,TATGCCCTCTTGTTTG-1,-0.09834107806026707
CXCR3-,MS,CSF_28,TCAACGACAAAGAATC-1,0.4051498326207574
CXCR3-,MS,CSF_28,TCAATCTAGGCGTACA-1,-0.23133303483743767
CXCR3-,MS,CSF_28,TCAATCTTCGTCTGCT-1,-0.09834107806026707
CXCR3+,MS,CSF_28,TCAGCTCCAGCAGTTT-1,-0.09834107806026707
CXCR3+,MS,CSF_28,TCAGGATGTCAACATC-1,-0.258232977954454
CXCR3-,MS,CSF_28,TCATTACAGGACAGAA-1,-0.7185884583190748
CXCR3+,MS,CSF_28,TCATTACAGGCCCGTT-1,0.5133979212015493
CXCR3+,MS,CSF_28,TCATTTGCATCGATTG-1,-0.09834107806026707
CXCR3-,MS,CSF_28,TCGTACCTCGTCCAGG-1,-0.09834107806026707
CXCR3-,MS,CSF_28,TCGTAGAAGCTAACTC-1,-0.3039733838198847
CXCR3+,MS,CSF_28,TCGTAGACACAGTCGC-1,-0.31520919612747195
CXCR3+,MS,CSF_28,TCTATTGGTCAAAGCG-1,0.27612928272893356
CXCR3-,MS,CSF_28,TCTATTGGTTCGCTAA-1,-0.09834107806026707
CXCR3+,MS,CSF_28,TCTCTAACACGAGGTA-1,0.0060436671841930245
CXCR3+,MS,CSF_28,TCTGAGACATTTGCTT-1,0.35937534695716844
CXCR3-,MS,CSF_28,TCTGGAAAGATAGCAT-1,-0.09834107806026707
CXCR3-,MS,CSF_28,TCTTCGGAGGGTCTCC-1,-0.09834107806026707
CXCR3-,MS,CSF_28,TCTTCGGCAGGAACGT-1,0.20563958435265622
CXCR3-,MS,CSF_28,TCTTCGGGTGTTCGAT-1,-0.30551781546630435
CXCR3-,MS,CSF_28,TCTTTCCTCGATCCCT-1,-0.4971829866975625
CXCR3-,MS,CSF_28,TGAAAGAAGACGCACA-1,-0.09834107806026707
CXCR3-,MS,CSF_28,TGAAAGACATCTCGCT-1,0.25252142116757564
CXCR3-,MS,CSF_28,TGAAAGATCCGCAGTG-1,-0.3537914022617669
CXCR3+,MS,CSF_28,TGACAACGTGACTCAT-1,0.18210948024845308
CXCR3-,MS,CSF_28,TGACAACTCAAACCAC-1,-0.09834107806026707
CXCR3-,MS,CSF_28,TGACTTTAGCTGATAA-1,0.3160226316018718
CXCR3-,MS,CSF_28,TGAGCCGCACAAGTAA-1,-0.09834107806026707
CXCR3-,MS,CSF_28,TGAGGGAGTTCGTGAT-1,-0.09834107806026707
CXCR3+,MS,CSF_28,TGCACCTAGGACTGGT-1,-0.11421154514923505
CXCR3-,MS,CSF_28,TGCCCTAAGTAGGCCA-1,-0.25717679082915795
CXCR3-,MS,CSF_28,TGCGCAGGTGGTGTAG-1,0.20603113197411846
CXCR3-,MS,CSF_28,TGCGCAGTCCAAACAC-1,0.24610601833530787
CXCR3+,MS,CSF_28,TGCGTGGCATACCATG-1,-0.09834107806026707
CXCR3-,MS,CSF_28,TGCTACCTCAGCGACC-1,-0.09834107806026707
CXCR3-,MS,CSF_28,TGCTGCTCAGTGGGAT-1,0.47573408516528776
CXCR3-,MS,CSF_28,TGCTGCTTCCCTTGCA-1,0.05531972667519912
CXCR3-,MS,CSF_28,TGGACGCAGGTGTTAA-1,-0.2993631018755472
CXCR3-,MS,CSF_28,TGGCCAGGTATATGGA-1,-0.39602604466748
CXCR3-,MS,CSF_28,TGGCGCATCTTGTACT-1,-0.3153506602248833
CXCR3+,MS,CSF_28,TGGCTGGGTTCCACAA-1,-0.29741378621333947
CXCR3+,MS,CSF_28,TGGGCGTGTGAAATCA-1,0.49726619435722774
CXCR3-,MS,CSF_28,TGGTTAGCACTACAGT-1,-0.09834107806026707
CXCR3-,MS,CSF_28,TGGTTCCTCCCTGACT-1,-0.09834107806026707
CXCR3-,MS,CSF_28,TGTATTCCAGCTGGCT-1,-0.09834107806026707
CXCR3-,MS,CSF_28,TGTGGTAAGTGTGGCA-1,-0.292003118516085
CXCR3+,MS,CSF_28,TGTGGTAGTCCTCTTG-1,0.19874764524103103
CXCR3-,MS,CSF_28,TGTGGTATCGGTCTAA-1,-0.09834107806026707
CXCR3-,MS,CSF_28,TGTTCCGGTTGGTTTG-1,-0.09834107806026707
CXCR3+,MS,CSF_28,TTAACTCAGCGGCTTC-1,0.19122802286522583
CXCR3-,MS,CSF_28,TTAACTCAGCGTCAAG-1,-0.0323435917142478
CXCR3-,MS,CSF_28,TTAGGACTCAATACCG-1,0.3335511374686936
CXCR3-,MS,CSF_28,TTAGGCAAGAGTAATC-1,-0.328649879343213
CXCR3+,MS,CSF_28,TTCGAAGAGAACAATC-1,0.17313128191024507
CXCR3-,MS,CSF_28,TTCGAAGGTTGGTTTG-1,-0.7082828582006747
CXCR3-,MS,CSF_28,TTCGGTCCAGCGTAAG-1,-0.09834107806026707
CXCR3-,MS,CSF_28,TTCGGTCGTTGAACTC-1,-0.09834107806026707
CXCR3-,MS,CSF_28,TTCTACAAGTGCAAGC-1,-0.09834107806026707
CXCR3+,MS,CSF_28,TTCTCAAAGAAAGTGG-1,-0.5649674093855539
CXCR3-,MS,CSF_28,TTCTCAATCACTCTTA-1,0.29222881954941116
CXCR3-,MS,CSF_28,TTCTCCTGTCTTGCGG-1,-0.437589460161438
CXCR3+,MS,CSF_28,TTCTTAGTCACATACG-1,-0.28334689875065616
CXCR3-,MS,CSF_28,TTGAACGGTTTAGGAA-1,-0.20162846937328477
CXCR3+,MS,CSF_28,TTGCGTCAGGCTAGAC-1,-0.09834107806026707
CXCR3-,MS,CSF_28,TTGCGTCCAGGAATGC-1,-0.09834107806026707
CXCR3-,MS,CSF_28,TTGCGTCTCTCTTGAT-1,0.1701610643336251
CXCR3-,MS,CSF_28,TTTGCGCGTGTCCTCT-1,0.44923733658606685
CXCR3-,MS,CSF_28,TTTGTCAGTCATCCCT-1,0.6221983910691222
CXCR3-,MS,CSF_29,AAACGGGCAATGAATG-1,-0.09834107806026707
CXCR3-,MS,CSF_29,AAAGTAGTCTAGCACA-1,-0.09834107806026707
CXCR3-,MS,CSF_29,AAATGCCCAGCTGCTG-1,-0.29096655118358655
CXCR3-,MS,CSF_29,AAATGCCGTTAAGACA-1,-0.09834107806026707
CXCR3+,MS,CSF_29,AACCATGAGTGACATA-1,-0.09834107806026707
CXCR3-,MS,CSF_29,AACTCTTTCGGTGTTA-1,-0.09834107806026707
CXCR3-,MS,CSF_29,AAGCCGCTCAGTTGAC-1,-0.09834107806026707
CXCR3-,MS,CSF_29,AAGGAGCAGTATTGGA-1,-0.09834107806026707
CXCR3-,MS,CSF_29,AAGGAGCTCTGGGCCA-1,-0.09834107806026707
CXCR3-,MS,CSF_29,ACAGCCGTCATGCTCC-1,-0.09834107806026707
CXCR3-,MS,CSF_29,ACAGCTAAGTTGAGAT-1,-0.09834107806026707
CXCR3-,MS,CSF_29,ACATACGAGCGCCTTG-1,-0.09834107806026707
CXCR3-,MS,CSF_29,ACATCAGTCAACGAAA-1,-0.09834107806026707
CXCR3+,MS,CSF_29,ACATGGTCACGACTCG-1,0.08782566608980658
CXCR3-,MS,CSF_29,ACATGGTTCTAAGCCA-1,-0.09834107806026707
CXCR3-,MS,CSF_29,ACGAGGAGTCGGCATC-1,-1.5726814168307814
CXCR3-,MS,CSF_29,ACGAGGAGTCTCTCGT-1,0.18801141132646407
CXCR3-,MS,CSF_29,ACGAGGATCCTTCAAT-1,0.2530725966153709
CXCR3-,MS,CSF_29,ACGAGGATCTCGAGTA-1,-0.09834107806026707
CXCR3-,MS,CSF_29,ACGATGTTCGTCGTTC-1,-0.09834107806026707
CXCR3-,MS,CSF_29,ACGCAGCAGTCTCAAC-1,0.12109235883469148
CXCR3-,MS,CSF_29,ACGGCCAAGACAATAC-1,-0.09834107806026707
CXCR3-,MS,CSF_29,ACGGGCTGTCTGCAAT-1,0.5150146721678885
CXCR3-,MS,CSF_29,ACGGGTCGTGTGACGA-1,-0.09834107806026707
CXCR3-,MS,CSF_29,ACGTCAATCACTTCAT-1-1,-0.09834107806026707
CXCR3-,MS,CSF_29,ACTGAACAGGATATAC-1,-0.35417297947403215
CXCR3+,MS,CSF_29,ACTTACTTCGAGCCCA-1,-0.09834107806026707
CXCR3-,MS,CSF_29,AGACGTTAGTGAAGTT-1,0.5692296763426661
CXCR3-,MS,CSF_29,AGACGTTTCTCGTTTA-1,-0.09834107806026707
CXCR3-,MS,CSF_29,AGATCTGCAGACTCGC-1,-0.09834107806026707
CXCR3+,MS,CSF_29,AGATTGCCATTGGTAC-1,-0.09834107806026707
CXCR3-,MS,CSF_29,AGCCTAATCCCTTGCA-1,-0.5301728594880432
CXCR3+,MS,CSF_29,AGCTCTCAGGATGGTC-1,-0.09834107806026707
CXCR3-,MS,CSF_29,AGCTTGAGTCTCCACT-1,-0.09834107806026707
CXCR3-,MS,CSF_29,AGGCCGTCAAGTTGTC-1,-0.2567337749701644
CXCR3-,MS,CSF_29,AGGGAGTAGAATTGTG-1,-0.09834107806026707
CXCR3-,MS,CSF_29,AGGTCCGGTCCCGACA-1,-0.2921165782620981
CXCR3-,MS,CSF_29,AGTAGTCAGTCCAGGA-1,-0.09834107806026707
CXCR3-,MS,CSF_29,AGTTGGTCACTGAAGG-1,-0.28808973167288193
CXCR3-,MS,CSF_29,ATAGACCAGTACTTGC-1,-0.12507761844026843
CXCR3-,MS,CSF_29,ATCCGAAAGCTGAACG-1,0.23416662149010464
CXCR3-,MS,CSF_29,ATCTACTCAGCCTGTG-1,0.00853146725560111
CXCR3-,MS,CSF_29,ATGAGGGGTAGTACCT-1,-0.34246073671410254
CXCR3-,MS,CSF_29,ATTCTACTCGTGACAT-1,-0.09834107806026707
CXCR3-,MS,CSF_29,ATTGGACAGCGATAGC-1,-0.09834107806026707
CXCR3-,MS,CSF_29,ATTGGACTCGTGGGAA-1,-0.6833160697019068
CXCR3-,MS,CSF_29,CAACCTCCAGGCGATA-1,-0.09834107806026707
CXCR3-,MS,CSF_29,CAACCTCGTGACTCAT-1,-0.09834107806026707
CXCR3-,MS,CSF_29,CAAGTTGGTACTCAAC-1,-0.09834107806026707
CXCR3-,MS,CSF_29,CAAGTTGGTGCCTTGG-1,-0.09834107806026707
CXCR3-,MS,CSF_29,CACACAATCCGCTGTT-1,-0.09834107806026707
CXCR3-,MS,CSF_29,CACACCTTCGGCGGTT-1,-0.47574787800058205
CXCR3-,MS,CSF_29,CACACTCAGACTACAA-1,-0.6807502736335865
CXCR3-,MS,CSF_29,CACACTCGTCTAGAGG-1,-0.09834107806026707
CXCR3+,MS,CSF_29,CACAGGCCACACGCTG-1,-0.09834107806026707
CXCR3-,MS,CSF_29,CACAGGCGTTCGTCTC-1,-0.09834107806026707
CXCR3-,MS,CSF_29,CACAGGCTCTCGTATT-1,-0.43015302534545635
CXCR3-,MS,CSF_29,CACAGTAGTCGCATCG-1,0.06756479011210728
CXCR3-,MS,CSF_29,CAGAGAGGTACCGAGA-1,0.29608930046990495
CXCR3-,MS,CSF_29,CAGCAGCTCACGGTTA-1,-0.2210544785494091
CXCR3-,MS,CSF_29,CAGCAGCTCGCGCCAA-1,0.40656302487522494
CXCR3-,MS,CSF_29,CAGCTAAAGCTAGTCT-1,-0.3087027149492174
CXCR3-,MS,CSF_29,CAGCTAAAGGCTCATT-1,-0.09834107806026707
CXCR3-,MS,CSF_29,CAGCTAAGTACGCTGC-1,-0.09834107806026707
CXCR3+,MS,CSF_29,CATATTCCATGCAACT-1,-0.09834107806026707
CXCR3-,MS,CSF_29,CATCCACCAGGTTTCA-1,-0.09834107806026707
CXCR3-,MS,CSF_29,CATCCACTCGGCCGAT-1,-0.09834107806026707
CXCR3+,MS,CSF_29,CATCGAATCTGCGACG-1,-0.0051571609591266054
CXCR3-,MS,CSF_29,CATCGGGCAGCCTTTC-1,-0.09834107806026707
CXCR3-,MS,CSF_29,CATGACAAGTGAATTG-1,-0.0441395594988887
CXCR3-,MS,CSF_29,CATTCGCCAGACGCTC-1,-0.09834107806026707
CXCR3-,MS,CSF_29,CCATGTCGTTAAGGGC-1,-0.09834107806026707
CXCR3+,MS,CSF_29,CCGGGATTCATAAAGG-1,-0.33618758171352825
CXCR3-,MS,CSF_29,CCGTACTGTTGCGTTA-1,0.6060807777899152
CXCR3-,MS,CSF_29,CCGTACTTCAGGATCT-1,-0.23196362247894756
CXCR3-,MS,CSF_29,CCGTTCATCGTACCGG-1,-0.09834107806026707
CXCR3-,MS,CSF_29,CCTCAGTAGTGACATA-1,-0.39330766482076973
CXCR3-,MS,CSF_29,CCTCTGACATTCGACA-1,-0.09834107806026707
CXCR3+,MS,CSF_29,CCTTCCCAGGTGTGGT-1,-0.20656559080040937
CXCR3-,MS,CSF_29,CGACCTTCAGCTTAAC-1,0.29550968983550024
CXCR3-,MS,CSF_29,CGACTTCCACGAAATA-1,0.08862676808144242
CXCR3-,MS,CSF_29,CGAGAAGAGGACTGGT-1,0.6270597485602581
CXCR3+,MS,CSF_29,CGAGCACAGCCCAATT-1,0.19404422870044216
CXCR3-,MS,CSF_29,CGATCGGCAAACCTAC-1,-0.09834107806026707
CXCR3-,MS,CSF_29,CGATGGCGTCATGCAT-1,-0.09834107806026707
CXCR3-,MS,CSF_29,CGATGTAGTATCTGCA-1,0.20510908370067624
CXCR3-,MS,CSF_29,CGATGTAGTCTCACCT-1,0.22884699038842155
CXCR3+,MS,CSF_29,CGATTGACAGGACCCT-1,-0.28546453541879074
CXCR3-,MS,CSF_29,CGCCAAGAGAAGGGTA-1,-0.09834107806026707
CXCR3+,MS,CSF_29,CGCCAAGCACAAGTAA-1,-0.09834107806026707
CXCR3-,MS,CSF_29,CGCGTTTGTGTTAAGA-1,-0.35434374433727023
CXCR3-,MS,CSF_29,CGCTATCCAGCCTGTG-1,0.19001225672649172
CXCR3-,MS,CSF_29,CGCTTCACATATGCTG-1,-0.09834107806026707
CXCR3-,MS,CSF_29,CGGACGTGTTCTCATT-1,-0.3466180700132725
CXCR3-,MS,CSF_29,CGGAGCTAGTCCGTAT-1,-0.09834107806026707
CXCR3-,MS,CSF_29,CGGCTAGGTCAAACTC-1,-0.09834107806026707
CXCR3-,MS,CSF_29,CGGCTAGTCCCGGATG-1,-0.09834107806026707
CXCR3+,MS,CSF_29,CGGTTAAGTAGATTAG-1,-0.09834107806026707
CXCR3-,MS,CSF_29,CGGTTAAGTCTAGTCA-1,-0.09834107806026707
CXCR3-,MS,CSF_29,CGTCCATGTAGCGTGA-1,-0.09834107806026707
CXCR3-,MS,CSF_29,CGTCTACGTCAACATC-1,-0.2274874813613091
CXCR3-,MS,CSF_29,CTAAGACGTGCGGTAA-1,0.11293977410919065
CXCR3-,MS,CSF_29,CTACACCAGCCCAACC-1,-0.3146458947646065
CXCR3-,MS,CSF_29,CTACGTCAGTACCGGA-1,-0.09834107806026707
CXCR3-,MS,CSF_29,CTAGTGATCTCTAAGG-1,-0.09834107806026707
CXCR3-,MS,CSF_29,CTCATTATCATTTGGG-1,-0.09834107806026707
CXCR3-,MS,CSF_29,CTCATTATCCAAAGTC-1,-0.09834107806026707
CXCR3-,MS,CSF_29,CTCGGAGCAAACAACA-1,-0.2539553591514122
CXCR3+,MS,CSF_29,CTCGTACCAGTCGATT-1,-0.09834107806026707
CXCR3-,MS,CSF_29,CTCGTACGTCGAATCT-1,-0.09834107806026707
CXCR3-,MS,CSF_29,CTCTACGTCAACACCA-1,0.23482023297125168
CXCR3+,MS,CSF_29,CTCTACGTCCAAACAC-1,-0.09834107806026707
CXCR3-,MS,CSF_29,CTGAAACCAAACAACA-1,0.30218604214902317
CXCR3+,MS,CSF_29,CTGAAGTAGCTTTGGT-1,-0.09834107806026707
CXCR3-,MS,CSF_29,CTGATCCCACCAGTTA-1,-0.09834107806026707
CXCR3-,MS,CSF_29,CTGCTGTTCCCAAGAT-1,-0.09834107806026707
CXCR3-,MS,CSF_29,CTTAACTAGTTAGCGG-1,0.32457922496284325
CXCR3+,MS,CSF_29,CTTACCGGTCCAACTA-1,-0.09834107806026707
CXCR3-,MS,CSF_29,CTTCTCTCAAGAAGAG-1-1,0.15187740597918134
CXCR3-,MS,CSF_29,CTTGGCTTCAGCAACT-1,-0.09834107806026707
CXCR3-,MS,CSF_29,GAACATCTCTCTAGGA-1,-0.09834107806026707
CXCR3-,MS,CSF_29,GAACCTAGTCTGCAAT-1,0.16569714532831656
CXCR3-,MS,CSF_29,GAAGCAGAGAGCTGCA-1,0.3606622192289014
CXCR3-,MS,CSF_29,GAATGAAGTACGCTGC-1,-0.09834107806026707
CXCR3+,MS,CSF_29,GACGCGTGTTGGGACA-1,-0.09834107806026707
CXCR3-,MS,CSF_29,GACGGCTTCTCAAGTG-1,-0.09834107806026707
CXCR3-,MS,CSF_29,GACTAACAGGACTGGT-1,-0.09834107806026707
CXCR3-,MS,CSF_29,GAGCAGAGTTCCCTTG-1,-0.09834107806026707
CXCR3-,MS,CSF_29,GATCAGTGTACGACCC-1,-0.09834107806026707
CXCR3-,MS,CSF_29,GATCGATGTAAGGATT-1,-0.09834107806026707
CXCR3-,MS,CSF_29,GATCTAGTCGCGCCAA-1,0.26881228883597996
CXCR3-,MS,CSF_29,GCAATCAGTCCCTTGT-1,-0.4877040085963406
CXCR3-,MS,CSF_29,GCACATAGTCGTGGCT-1,-0.4121709780263771
CXCR3-,MS,CSF_29,GCAGTTAGTGTGACCC-1,-0.09834107806026707
CXCR3-,MS,CSF_29,GCATGATCATACTACG-1,0.25153440528360566
CXCR3-,MS,CSF_29,GCATGATGTTCCGGCA-1,-0.09834107806026707
CXCR3-,MS,CSF_29,GCGACCACAGCTGCTG-1,0.2854376362162055
CXCR3-,MS,CSF_29,GCGCCAAAGTGGTAGC-1,-0.09834107806026707
CXCR3-,MS,CSF_29,GCGGGTTCATGTCCTC-1,-0.3083782734293714
CXCR3-,MS,CSF_29,GCTCCTAAGCAGACTG-1,-0.31309779699704954
CXCR3-,MS,CSF_29,GCTCCTACAATGTAAG-1,-0.09834107806026707
CXCR3-,MS,CSF_29,GCTCTGTGTACAGTGG-1,0.07557521296952403
CXCR3+,MS,CSF_29,GCTGCAGAGTTTAGGA-1,-0.09834107806026707
CXCR3+,MS,CSF_29,GCTGCAGTCCTTAATC-1,-0.09834107806026707
CXCR3+,MS,CSF_29,GCTGCGAGTGCTTCTC-1,-0.09834107806026707
CXCR3-,MS,CSF_29,GCTGCGATCTTCGGTC-1,-0.5970118148017409
CXCR3-,MS,CSF_29,GCTGGGTGTGTAAGTA-1,-0.09834107806026707
CXCR3-,MS,CSF_29,GGAACTTCAGTGGAGT-1,-0.09834107806026707
CXCR3-,MS,CSF_29,GGACAAGTCTTGGGTA-1,-0.24817787887052972
CXCR3+,MS,CSF_29,GGCAATTAGCCTATGT-1,-0.11600949915555166
CXCR3+,MS,CSF_29,GGCAATTTCAGGCCCA-1,0.05265662936623784
CXCR3-,MS,CSF_29,GGCCGATAGTATCTCG-1,-0.2896403868019632
CXCR3+,MS,CSF_29,GGCCGATCAAATTGCC-1,0.6958722410766099
CXCR3-,MS,CSF_29,GGCCGATCAGTCGATT-1,-0.5756221340962223
CXCR3-,MS,CSF_29,GGCGACTAGGCTCTTA-1,-0.09834107806026707
CXCR3-,MS,CSF_29,GGCGACTAGTGAATTG-1,0.24646306984759428
CXCR3-,MS,CSF_29,GGGAGATTCCCAAGTA-1,-0.13059927089312037
CXCR3-,MS,CSF_29,GGGTCTGGTAAATGTG-1,-0.09834107806026707
CXCR3+,MS,CSF_29,GGTGCGTAGAGGGATA-1,-1.6298850242632725
CXCR3-,MS,CSF_29,GGTGCGTAGGTCATCT-1,-0.297892209117758
CXCR3-,MS,CSF_29,GTAACTGCAGTACACT-1,-0.3045258087384752
CXCR3-,MS,CSF_29,GTACTTTGTTGGTAAA-1,-0.09834107806026707
CXCR3-,MS,CSF_29,GTACTTTTCGAGAGCA-1,-0.30551781546630435
CXCR3-,MS,CSF_29,GTATTCTAGAAACCTA-1,-0.09834107806026707
CXCR3-,MS,CSF_29,GTCACAAAGTCACGCC-1,-0.09834107806026707
CXCR3-,MS,CSF_29,GTCTCGTAGAAGAAGC-1,-0.09834107806026707
CXCR3-,MS,CSF_29,GTCTTCGAGCAGATCG-1,-0.09834107806026707
CXCR3-,MS,CSF_29,GTGCTTCGTCCGAATT-1,-0.46262606113649063
CXCR3-,MS,CSF_29,GTGCTTCTCGGCGGTT-1,-0.09834107806026707
CXCR3-,MS,CSF_29,GTGTGCGAGTACTTGC-1,-0.09834107806026707
CXCR3-,MS,CSF_29,GTGTTAGGTCAGAAGC-1,-0.09834107806026707
CXCR3-,MS,CSF_29,GTGTTAGTCCTGCCAT-1,-0.32401933262705745
CXCR3-,MS,CSF_29,GTTAAGCGTCTGATCA-1,-0.09834107806026707
CXCR3-,MS,CSF_29,GTTACAGGTCATCCCT-1,-0.8609010958971577
CXCR3-,MS,CSF_29,GTTCATTGTTCCATGA-1,0.2578893653892008
CXCR3-,MS,CSF_29,TAAGCGTAGAGACTAT-1,-0.09834107806026707
CXCR3-,MS,CSF_29,TACACGACAAGCTGTT-1,-0.09834107806026707
CXCR3-,MS,CSF_29,TACACGAGTTGTCGCG-1,-0.2535036233845086
CXCR3-,MS,CSF_29,TACCTATCAACGATGG-1,-0.11841885953278271
CXCR3-,MS,CSF_29,TACGGATTCAAGAAGT-1,-0.09834107806026707
CXCR3+,MS,CSF_29,TACGGGCTCGTCGTTC-1,0.14259144736665458
CXCR3-,MS,CSF_29,TAGAGCTCACCCATTC-1,0.33804213213869855
CXCR3-,MS,CSF_29,TAGTGGTAGCACAGGT-1,-0.09834107806026707
CXCR3+,MS,CSF_29,TAGTTGGCACATTTCT-1,0.2929541629408977
CXCR3-,MS,CSF_29,TATCAGGAGCTGTCTA-1,-0.09834107806026707
CXCR3+,MS,CSF_29,TCACAAGGTCATTAGC-1,-0.456520616252321
CXCR3-,MS,CSF_29,TCACGAACACTGTGTA-1,-0.09834107806026707
CXCR3-,MS,CSF_29,TCAGCAACACCAGGCT-1,-0.09834107806026707
CXCR3-,MS,CSF_29,TCAGCAACACTGCCAG-1,-0.09834107806026707
CXCR3-,MS,CSF_29,TCAGCTCTCTTGCATT-1,0.2397278819258792
CXCR3+,MS,CSF_29,TCATTACAGGTGCAAC-1,-0.09834107806026707
CXCR3-,MS,CSF_29,TCGGGACCACAAGACG-1,-1.0329651364887227
CXCR3-,MS,CSF_29,TCGTAGACATTCACTT-1,-0.34979642956525303
CXCR3+,MS,CSF_29,TCTCTAACAATGAAAC-1,0.018242581780046552
CXCR3-,MS,CSF_29,TCTGAGATCAACCAAC-1,-0.09834107806026707
CXCR3-,MS,CSF_29,TCTGGAAAGGGAAACA-1,-0.6141737008973186
CXCR3+,MS,CSF_29,TCTTTCCAGCCGTCGT-1,0.061452813473286794
CXCR3-,MS,CSF_29,TGACGGCAGTCTCCTC-1,0.22916438750054804
CXCR3-,MS,CSF_29,TGACGGCAGTGCGATG-1,-0.09834107806026707
CXCR3-,MS,CSF_29,TGACGGCTCCGCGGTA-1,0.0794492809345012
CXCR3+,MS,CSF_29,TGACTAGAGCTGATAA-1,-0.09834107806026707
CXCR3-,MS,CSF_29,TGACTTTCACCTCGGA-1,-0.09834107806026707
CXCR3-,MS,CSF_29,TGAGCATTCCAACCAA-1,-0.09834107806026707
CXCR3-,MS,CSF_29,TGAGGGAGTATTCGTG-1,-0.09834107806026707
CXCR3-,MS,CSF_29,TGATTTCTCCTCAATT-1,-0.09834107806026707
CXCR3-,MS,CSF_29,TGCACCTCACGCGAAA-1,-0.3039733838198847
CXCR3-,MS,CSF_29,TGCCAAATCAACCATG-1,0.15079617511985793
CXCR3-,MS,CSF_29,TGCGCAGAGCCTATGT-1,-0.09834107806026707
CXCR3+,MS,CSF_29,TGCGCAGGTAGCTAAA-1,-0.09834107806026707
CXCR3-,MS,CSF_29,TGCTACCTCGTAGGAG-1,-0.09834107806026707
CXCR3-,MS,CSF_29,TGCTGCTAGACTACAA-1,-0.09834107806026707
CXCR3+,MS,CSF_29,TGCTGCTGTCTCGTTC-1,-0.09834107806026707
CXCR3-,MS,CSF_29,TGGGAAGGTAAATACG-1,-0.314927041472867
CXCR3-,MS,CSF_29,TGGGAAGTCGTGACAT-1,-0.09834107806026707
CXCR3-,MS,CSF_29,TGGGCGTGTATAAACG-1,-0.09834107806026707
CXCR3-,MS,CSF_29,TGGTTCCTCACGAAGG-1,-0.09834107806026707
CXCR3-,MS,CSF_29,TGTATTCAGTGCGATG-1,-0.09834107806026707
CXCR3-,MS,CSF_29,TGTATTCCAACACGCC-1,-0.4983287112308833
CXCR3-,MS,CSF_29,TGTCCCATCACTCTTA-1,0.2850699560234527
CXCR3-,MS,CSF_29,TGTGGTACATTAGGCT-1,-0.09834107806026707
CXCR3-,MS,CSF_29,TTAGTTCAGCTAGTGG-1,-0.09834107806026707
CXCR3-,MS,CSF_29,TTATGCTCATGAACCT-1,-0.09834107806026707
CXCR3-,MS,CSF_29,TTCGAAGCAGAAGCAC-1,-0.09834107806026707
CXCR3-,MS,CSF_29,TTCTCAACATGACGGA-1,-0.46215528041570914
CXCR3+,MS,CSF_29,TTGACTTGTAGCTCCG-1,-0.42447643831920834
CXCR3-,MS,CSF_29,TTGCCGTGTACAAGTA-1,-0.09834107806026707
CXCR3-,MS,CSF_29,TTTCCTCAGTTCCACA-1,0.2275153469962809
CXCR3+,MS,CSF_29,TTTGTCATCTACCAGA-1,-0.2961342803712186
CXCR3-,MS,CSF_31,AAACCTGCACAAGACG-1,0.29621821734005277
CXCR3-,MS,CSF_31,AAACCTGCATGAACCT-1,0.1310903062538935
CXCR3+,MS,CSF_31,AAACCTGTCTGTCTAT-1,0.04076693378213991
CXCR3+,MS,CSF_31,AAACGGGCATGGTAGG-1,0.03399939747667489
CXCR3-,MS,CSF_31,AAACGGGTCCCTCTTT-1,0.13395415366833305
CXCR3-,MS,CSF_31,AAAGATGGTGAGCGAT-1,1.052290551574243
CXCR3+,MS,CSF_31,AAAGATGTCGCCTGTT-1,0.31574885775810685
CXCR3+,MS,CSF_31,AAAGCAACATTTGCTT-1,0.07494708780968866
CXCR3-,MS,CSF_31,AAAGCAATCGGAAACG-1,0.0920940981081245
CXCR3-,MS,CSF_31,AAAGTAGAGCCCAACC-1,-0.288238380318074
CXCR3+,MS,CSF_31,AAAGTAGAGGGTATCG-1,0.09168520490816964
CXCR3-,MS,CSF_31,AAAGTAGCACCACGTG-1,-0.4492189530044562
CXCR3-,MS,CSF_31,AAAGTAGTCACCGGGT-1,-0.09834107806026707
CXCR3-,MS,CSF_31,AAAGTAGTCATTGCGA-1,0.2512651540361736
CXCR3+,MS,CSF_31,AAATGCCGTCCGAAGA-1,-0.6769290155647012
CXCR3+,MS,CSF_31,AACACGTCATCTACGA-1,-0.2978639866201137
CXCR3-,MS,CSF_31,AACCATGGTCTTGATG-1,-0.47973364577471383
CXCR3+,MS,CSF_31,AACCATGGTTCATGGT-1,0.14067810786090432
CXCR3-,MS,CSF_31,AACCATGTCTAACCGA-1,0.4370327401288477
CXCR3+,MS,CSF_31,AACCGCGCAGTCCTTC-1,0.21309504654969796
CXCR3+,MS,CSF_31,AACGTTGTCCAATGGT-1,0.11475025516697075
CXCR3+,MS,CSF_31,AACTCAGGTCGGCATC-1,0.06215115225133904
CXCR3-,MS,CSF_31,AACTCTTAGACAATAC-1,0.1125882093251941
CXCR3-,MS,CSF_31,AACTCTTAGCTGATAA-1,-0.12687873309416903
CXCR3-,MS,CSF_31,AACTCTTAGGATGGAA-1,-0.2441547727866746
CXCR3+,MS,CSF_31,AACTCTTAGGCTACGA-1,0.047313100490057505
CXCR3+,MS,CSF_31,AACTCTTCATCCAACA-1,-0.07612735038462577
CXCR3+,MS,CSF_31,AACTCTTGTACCGTAT-1,-0.9506592233590287
CXCR3-,MS,CSF_31,AACTGGTAGCGCTTAT-1,-0.09834107806026707
CXCR3+,MS,CSF_31,AACTGGTCATGCAATC-1,-0.09834107806026707
CXCR3+,MS,CSF_31,AACTTTCAGTGTGGCA-1,-0.5700504536542275
CXCR3+,MS,CSF_31,AACTTTCTCAACACTG-1,-0.4358900304254335
CXCR3+,MS,CSF_31,AAGACCTCACCATCCT-1,-0.49330442749218467
CXCR3+,MS,CSF_31,AAGACCTTCCATGCTC-1,0.22506387538749542
CXCR3+,MS,CSF_31,AAGGAGCGTAAACGCG-1,-0.09834107806026707
CXCR3+,MS,CSF_31,AAGGAGCGTGTATGGG-1,0.323622607135052
CXCR3-,MS,CSF_31,AAGGCAGTCGTTACGA-1,-0.09834107806026707
CXCR3-,MS,CSF_31,AAGGTTCCAATCGAAA-1,-0.2221270037817301
CXCR3-,MS,CSF_31,AAGTCTGCACACCGCA-1,0.19768342277575154
CXCR3-,MS,CSF_31,AAGTCTGTCAGCATGT-1,0.4903229223158286
CXCR3-,MS,CSF_31,AATCCAGCACATTAGC-1,0.18876950424848762
CXCR3-,MS,CSF_31,AATCCAGTCCCTCTTT-1,-0.2060192244368794
CXCR3-,MS,CSF_31,AATCGGTAGGTCATCT-1,-0.011575680147713248
CXCR3-,MS,CSF_31,AATCGGTGTGCAGACA-1,0.26467246401828537
CXCR3-,MS,CSF_31,ACACCAACATTACCTT-1,-0.47403641266603475
CXCR3+,MS,CSF_31,ACACTGAAGTACGACG-1,-0.07539500125483997
CXCR3-,MS,CSF_31,ACACTGAGTTGCGCAC-1,0.23460371717073694
CXCR3+,MS,CSF_31,ACAGCCGAGCTCCCAG-1,-0.22798303139924428
CXCR3-,MS,CSF_31,ACAGCCGGTCTAGTGT-1,0.08763220618852806
CXCR3-,MS,CSF_31,ACAGCCGTCTGTCCGT-1,-0.09834107806026707
CXCR3+,MS,CSF_31,ACAGCTAAGTTCCACA-1,0.09293673608398285
CXCR3-,MS,CSF_31,ACAGCTATCGGATGGA-1,-0.007697059254373266
CXCR3+,MS,CSF_31,ACATACGCATACTCTT-1,0.3564204579412327
CXCR3+,MS,CSF_31,ACCAGTAAGACCACGA-1,-0.09834107806026707
CXCR3+,MS,CSF_31,ACCAGTAAGAGCTTCT-1,0.03019741472303905
CXCR3+,MS,CSF_31,ACCCACTAGGCTAGCA-1,0.047983979235744205
CXCR3-,MS,CSF_31,ACCCACTCACGTCAGC-1,-0.21321875817913463
CXCR3-,MS,CSF_31,ACCCACTGTCTCTCTG-1,-0.09834107806026707
CXCR3-,MS,CSF_31,ACCGTAACAGCTGCTG-1,-0.6154797098903136
CXCR3+,MS,CSF_31,ACGAGCCAGATGAGAG-1,-0.35876336255290664
CXCR3+,MS,CSF_31,ACGAGCCAGTATGACA-1,0.11361204541695522
CXCR3+,MS,CSF_31,ACGAGCCGTTAAAGAC-1,-0.1956665683435628
CXCR3+,MS,CSF_31,ACGAGCCTCCTAGGGC-1,0.49431327895822064
CXCR3+,MS,CSF_31,ACGAGGACAATTCCTT-1,-0.0032436869724750844
CXCR3+,MS,CSF_31,ACGAGGACAGCTTCGG-1,0.16688532220048305
CXCR3+,MS,CSF_31,ACGATGTTCAGCAACT-1,-0.47077151446043847
CXCR3+,MS,CSF_31,ACGCAGCAGAGAACAG-1,-0.5798240139762979
CXCR3-,MS,CSF_31,ACGCAGCAGCCAGTTT-1,0.7402846728755229
CXCR3+,MS,CSF_31,ACGCAGCAGGGATCTG-1,0.8334195862599919
CXCR3-,MS,CSF_31,ACGCCAGAGAAACGAG-1,0.10726333377084736
CXCR3+,MS,CSF_31,ACGCCAGAGCATCATC-1,-0.3844382898159484
CXCR3+,MS,CSF_31,ACGCCAGAGTCGTACT-1,0.2456743975476916
CXCR3+,MS,CSF_31,ACGCCAGCACTGAAGG-1,0.2024712150964283
CXCR3+,MS,CSF_31,ACGCCAGCATTGAGCT-1,0.07317408374530701
CXCR3+,MS,CSF_31,ACGCCAGGTCGGATCC-1,-0.0341562402539189
CXCR3+,MS,CSF_31,ACGCCGACACATAACC-1,-0.26480620627726176
CXCR3+,MS,CSF_31,ACGGCCAGTTTGTGTG-1,-0.09834107806026707
CXCR3+,MS,CSF_31,ACGGGCTAGAGACTTA-1,-0.24839998083189277
CXCR3+,MS,CSF_31,ACGGGCTTCAGTTAGC-1,0.3385844300519557
CXCR3-,MS,CSF_31,ACGGGTCGTACCAGTT-1,0.5948708559060455
CXCR3+,MS,CSF_31,ACGGGTCGTCCAGTAT-1,0.014320195376590338
CXCR3-,MS,CSF_31,ACGGGTCGTCCGTCAG-1,0.6006200920875601
CXCR3-,MS,CSF_31,ACGGGTCGTCGAGATG-1,0.17484988457601533
CXCR3-,MS,CSF_31,ACGGGTCTCTATCGCC-1,-0.09834107806026707
CXCR3-,MS,CSF_31,ACGTCAACAATCTACG-1,-0.037261072395070025
CXCR3+,MS,CSF_31,ACTATCTTCGAGGTAG-1,-0.3328708630064539
CXCR3+,MS,CSF_31,ACTGAACAGCTAACAA-1,0.3645661733980335
CXCR3+,MS,CSF_31,ACTGAACCACATCCGG-1,0.1721086966942635
CXCR3-,MS,CSF_31,ACTGAGTGTAGCGTAG-1,0.0018079235873463353
CXCR3-,MS,CSF_31,ACTGATGCAGTCACTA-1,0.06768578297868115
CXCR3+,MS,CSF_31,ACTGATGCAGTGACAG-1,-0.09834107806026707
CXCR3+,MS,CSF_31,ACTGCTCGTGTTAAGA-1,-0.2952209824298843
CXCR3+,MS,CSF_31,ACTGCTCTCAATCTCT-1,-0.11053043442454324
CXCR3+,MS,CSF_31,ACTTACTAGATATACG-1,0.03350755269418545
CXCR3-,MS,CSF_31,ACTTACTCAGTACACT-1,0.23894499854965923
CXCR3+,MS,CSF_31,ACTTACTTCAGAGCTT-1,0.6998927244451582
CXCR3-,MS,CSF_31,ACTTGTTTCCGCGTTT-1,0.13642571398093267
CXCR3+,MS,CSF_31,AGAATAGGTGCCTGGT-1,0.678485336297431
CXCR3+,MS,CSF_31,AGACGTTGTAGAGTGC-1,-0.09834107806026707
CXCR3+,MS,CSF_31,AGAGCTTGTGCGCTTG-1,-0.09834107806026707
CXCR3-,MS,CSF_31,AGAGTGGAGCCAGTTT-1,0.12003200899729838
CXCR3-,MS,CSF_31,AGATCTGCATTACGAC-1,-0.3231718284387002
CXCR3-,MS,CSF_31,AGATTGCAGCAGCCTC-1,0.10621868307369908
CXCR3+,MS,CSF_31,AGCAGCCAGGAGTTTA-1,0.018047485404865515
CXCR3+,MS,CSF_31,AGCAGCCCAGCTGTTA-1,0.23479026134590805
CXCR3-,MS,CSF_31,AGCAGCCTCTCGAGTA-1,0.1255714648470337
CXCR3+,MS,CSF_31,AGCGTATGTAGCTAAA-1,0.4368615802465117
CXCR3-,MS,CSF_31,AGCGTATGTTATCACG-1,-0.09834107806026707
CXCR3+,MS,CSF_31,AGCGTCGCAAGCCGCT-1,0.42815604894155485
CXCR3-,MS,CSF_31,AGCTCCTGTATCGCAT-1,-0.03263147272202766
CXCR3+,MS,CSF_31,AGCTCTCAGTTGTAGA-1,0.17521748295581968
CXCR3+,MS,CSF_31,AGCTCTCCAAAGCAAT-1,0.31823286909751886
CXCR3-,MS,CSF_31,AGCTCTCCATCAGTCA-1,0.2269385197989923
CXCR3+,MS,CSF_31,AGGCCACGTTCCACAA-1,0.4351964505732817
CXCR3+,MS,CSF_31,AGGCCACTCTTCTGGC-1,-0.06188171774514458
CXCR3+,MS,CSF_31,AGGGATGCAACTGGCC-1,-0.09834107806026707
CXCR3+,MS,CSF_31,AGGGATGCAGCTATTG-1,-0.09834107806026707
CXCR3-,MS,CSF_31,AGGGTGAGTTTAGCTG-1,-0.057076873620690395
CXCR3-,MS,CSF_31,AGGTCATAGGGCTTCC-1,-0.26832991664647043
CXCR3+,MS,CSF_31,AGGTCCGGTAGCGATG-1,-0.40143787824261057
CXCR3+,MS,CSF_31,AGGTCCGGTTGTGGAG-1,-0.3412248316543076
CXCR3+,MS,CSF_31,AGGTCCGTCTTGAGGT-1,-0.36445520058144126
CXCR3-,MS,CSF_31,AGTGAGGCAAGCTGAG-1,0.12920100689572273
CXCR3-,MS,CSF_31,AGTGAGGCACTGCCAG-1,-0.28240998918288757
CXCR3+,MS,CSF_31,AGTGAGGGTGCACTTA-1,-0.785221158944138
CXCR3-,MS,CSF_31,AGTGTCATCTTCGGTC-1,-0.047313858888874294
CXCR3-,MS,CSF_31,AGTTGGTAGATCTGCT-1,0.2725185337866758
CXCR3+,MS,CSF_31,AGTTGGTCACCGAATT-1,-0.06740667494592364
CXCR3+,MS,CSF_31,ATAACGCCAGCATACT-1,-0.086506852985663
CXCR3-,MS,CSF_31,ATAAGAGTCCGCAGTG-1,-0.09834107806026707
CXCR3-,MS,CSF_31,ATAGACCAGGGATGGG-1,-0.22641743287959135
CXCR3-,MS,CSF_31,ATAGACCCACCTTGTC-1,0.07954430213328421
CXCR3+,MS,CSF_31,ATCACGAGTGATGATA-1,0.3525938523065486
CXCR3+,MS,CSF_31,ATCATCTAGCGATAGC-1,-0.2816865902744206
CXCR3+,MS,CSF_31,ATCATCTAGGGAACGG-1,-0.32718950354925236
CXCR3-,MS,CSF_31,ATCATCTCACTCTGTC-1,0.13379306196707288
CXCR3+,MS,CSF_31,ATCATCTGTGGTTTCA-1,0.15487083082711386
CXCR3+,MS,CSF_31,ATCATGGCACCTTGTC-1,0.06350988165364643
CXCR3+,MS,CSF_31,ATCATGGGTTACGTCA-1,0.24563760893380618
CXCR3-,MS,CSF_31,ATCATGGTCACAACGT-1,-0.3814351422463052
CXCR3+,MS,CSF_31,ATCCACCCAATGAAAC-1,-0.09834107806026707
CXCR3+,MS,CSF_31,ATCCACCGTTCAGCGC-1,-0.24913857109623988
CXCR3-,MS,CSF_31,ATCCGAAAGCGCTCCA-1,-0.2223404891615435
CXCR3+,MS,CSF_31,ATCCGAACAAGGACTG-1,0.04062192643846517
CXCR3+,MS,CSF_31,ATCGAGTAGTAAGTAC-1,-0.14791467229976238
CXCR3-,MS,CSF_31,ATCTACTTCTGCGTAA-1,0.1301186844619074
CXCR3+,MS,CSF_31,ATGAGGGAGCTTATCG-1,0.08603203024740456
CXCR3-,MS,CSF_31,ATGCGATGTGACGCCT-1,0.12332070512490934
CXCR3-,MS,CSF_31,ATGCGATTCCCAACGG-1,-0.18543843376855756
CXCR3+,MS,CSF_31,ATGGGAGGTACAAGTA-1,-0.09834107806026707
CXCR3-,MS,CSF_31,ATGTGTGCAGGTGCCT-1,0.18954947210059547
CXCR3+,MS,CSF_31,ATTACTCAGGCACATG-1,-0.10722379250084346
CXCR3+,MS,CSF_31,ATTACTCAGGCGACAT-1,0.12422329344087754
CXCR3+,MS,CSF_31,ATTATCCTCCTTTCTC-1,0.26611501648791563
CXCR3+,MS,CSF_31,ATTCTACAGGATGCGT-1,-0.8594195182038764
CXCR3-,MS,CSF_31,ATTGGACTCTTGCAAG-1,-0.09834107806026707
CXCR3+,MS,CSF_31,ATTTCTGGTAAATACG-1,-0.28244993304622396
CXCR3+,MS,CSF_31,ATTTCTGGTTATCACG-1,-0.2225190363081852
CXCR3-,MS,CSF_31,CAACCAAAGGACGAAA-1,0.45801281937584504
CXCR3+,MS,CSF_31,CAACCTCCACGGCGTT-1,0.1573482112212563
CXCR3-,MS,CSF_31,CAACCTCCATTTGCCC-1,-0.2143604110989119
CXCR3+,MS,CSF_31,CAACCTCTCGGCGCTA-1,0.058717532726622224
CXCR3-,MS,CSF_31,CAACCTCTCTGCGTAA-1,-0.09834107806026707
CXCR3+,MS,CSF_31,CAACTAGGTAATTGGA-1,0.08832593856903939
CXCR3-,MS,CSF_31,CAAGAAAAGAGTACCG-1,0.14836002896917963
CXCR3+,MS,CSF_31,CAAGATCTCCCTGACT-1,-0.49047208033427825
CXCR3+,MS,CSF_31,CAAGGCCGTCACCCAG-1,-0.2600980771820812
CXCR3-,MS,CSF_31,CAAGGCCGTCTTGCGG-1,0.13723593086401992
CXCR3+,MS,CSF_31,CAAGTTGAGGATGCGT-1,-0.3179271201549593
CXCR3-,MS,CSF_31,CAAGTTGTCGCATGGC-1,-0.14961360767429221
CXCR3+,MS,CSF_31,CACACAACATGCTAGT-1,-0.09834107806026707
CXCR3+,MS,CSF_31,CACACTCAGCCCAATT-1,-0.19260070697571696
CXCR3-,MS,CSF_31,CACACTCCAGATAATG-1,0.3910165445544435
CXCR3-,MS,CSF_31,CACACTCCAGCTTAAC-1,-0.3422239269849911
CXCR3+,MS,CSF_31,CACACTCGTGCTCTTC-1,0.05704206689853302
CXCR3+,MS,CSF_31,CACAGGCAGTGGTAAT-1,-0.28233890416524016
CXCR3-,MS,CSF_31,CACAGTATCATAGCAC-1,-0.09834107806026707
CXCR3-,MS,CSF_31,CACATAGTCACGCGGT-1,-0.09834107806026707
CXCR3-,MS,CSF_31,CACATTTCACGTGAGA-1,-0.09834107806026707
CXCR3+,MS,CSF_31,CACATTTTCGGAGCAA-1,-0.11521045886696338
CXCR3+,MS,CSF_31,CACATTTTCTAAGCCA-1,-0.6247442772458361
CXCR3+,MS,CSF_31,CACATTTTCTATCGCC-1,-0.09834107806026707
CXCR3-,MS,CSF_31,CACCACTGTAAAGGAG-1,0.25518605036898545
CXCR3+,MS,CSF_31,CACCACTGTCGCGAAA-1,-0.7658617233170876
CXCR3-,MS,CSF_31,CACCACTTCATTATCC-1,-0.09834107806026707
CXCR3+,MS,CSF_31,CACCAGGTCACTTATC-1,-0.24257016291159225
CXCR3+,MS,CSF_31,CACCTTGGTAACGTTC-1,0.31404546657389065
CXCR3+,MS,CSF_31,CACTCCAAGTGCAAGC-1,-0.09834107806026707
CXCR3-,MS,CSF_31,CAGAATCTCTTCTGGC-1,0.1747967600013631
CXCR3+,MS,CSF_31,CAGATCAGTCTAGGTT-1,-0.09834107806026707
CXCR3+,MS,CSF_31,CAGATCATCGGACAAG-1,0.3153128816325422
CXCR3+,MS,CSF_31,CAGCATAAGTCGTACT-1,0.061264682301324834
CXCR3+,MS,CSF_31,CAGGTGCCAACACCCG-1,0.4052792390958538
CXCR3-,MS,CSF_31,CAGGTGCCAAGGACTG-1,-0.8621238826629921
CXCR3+,MS,CSF_31,CATATGGAGACTAGGC-1,-0.09834107806026707
CXCR3-,MS,CSF_31,CATATGGAGGAACTGC-1,-0.09834107806026707
CXCR3-,MS,CSF_31,CATATGGAGGTGCTAG-1,-0.09834107806026707
CXCR3-,MS,CSF_31,CATATGGCACAGATTC-1,-0.34388229266895126
CXCR3-,MS,CSF_31,CATATGGGTCTAGGTT-1,-0.2944881614255242
CXCR3+,MS,CSF_31,CATATGGTCGTTTAGG-1,-0.045942394906933796
CXCR3+,MS,CSF_31,CATCAAGAGCTAAACA-1,0.3202185301343364
CXCR3+,MS,CSF_31,CATCAAGGTGCTAGCC-1,-0.22857773146276955
CXCR3+,MS,CSF_31,CATCAGAAGTTAGGTA-1,-0.09834107806026707
CXCR3+,MS,CSF_31,CATCAGATCACCCTCA-1,0.22180946273786747
CXCR3+,MS,CSF_31,CATCAGATCTTTCCTC-1,-0.2551186556580091
CXCR3-,MS,CSF_31,CATCCACCACGACGAA-1,-0.36584768787322447
CXCR3+,MS,CSF_31,CATCGAAGTCTAGCGC-1,0.352769223301485
CXCR3+,MS,CSF_31,CATCGAATCATGTCTT-1,0.2957439476804913
CXCR3+,MS,CSF_31,CATGACATCCTCAACC-1,0.0877542134049183
CXCR3+,MS,CSF_31,CATGCCTAGGTAAACT-1,0.6788225207407634
CXCR3+,MS,CSF_31,CATGGCGCAAGCTGTT-1,0.13402788194987675
CXCR3-,MS,CSF_31,CATGGCGTCCACTCCA-1,0.22089502632420127
CXCR3+,MS,CSF_31,CATTATCAGTCCGTAT-1,0.06622200090689026
CXCR3+,MS,CSF_31,CATTCGCAGCTAACTC-1,-0.2544252982228238
CXCR3+,MS,CSF_31,CATTCGCAGTGCAAGC-1,0.38514134294249125
CXCR3-,MS,CSF_31,CATTCGCTCCAGGGCT-1,-0.28376809144448717
CXCR3-,MS,CSF_31,CCAATCCAGATGTAAC-1,0.18555445847244728
CXCR3-,MS,CSF_31,CCACCTACAGAAGCAC-1,-0.09834107806026707
CXCR3+,MS,CSF_31,CCACCTATCCACTCCA-1,-0.09834107806026707
CXCR3+,MS,CSF_31,CCACTACAGCGGATCA-1,-0.09834107806026707
CXCR3+,MS,CSF_31,CCAGCGACAAACGCGA-1,0.33142684057713573
CXCR3-,MS,CSF_31,CCATGTCCAGGGCATA-1,-0.09834107806026707
CXCR3+,MS,CSF_31,CCATGTCGTATCGCAT-1,-0.09834107806026707
CXCR3+,MS,CSF_31,CCATGTCTCGTGGACC-1,0.13756931561389477
CXCR3+,MS,CSF_31,CCCAGTTCACTTACGA-1,0.19569236506163534
CXCR3+,MS,CSF_31,CCCAGTTGTTGAGGTG-1,-0.09834107806026707
CXCR3-,MS,CSF_31,CCGGGATCAAGTCTAC-1,-0.09834107806026707
CXCR3-,MS,CSF_31,CCGGGATCACCGAATT-1,0.10143165893122934
CXCR3-,MS,CSF_31,CCGGGATTCTCGTATT-1,0.47039069643574155
CXCR3-,MS,CSF_31,CCGGGATTCTGATTCT-1,-0.08720351565944276
CXCR3+,MS,CSF_31,CCGGTAGCACGGATAG-1,-0.09834107806026707
CXCR3+,MS,CSF_31,CCGTACTCACTGTGTA-1,-0.4681880620823548
CXCR3-,MS,CSF_31,CCGTACTCAGCTCCGA-1,0.2181604821880791
CXCR3-,MS,CSF_31,CCGTACTCAGGATTGG-1,-0.24965933946743118
CXCR3+,MS,CSF_31,CCGTGGACAGCATACT-1,-0.29014762993964893
CXCR3+,MS,CSF_31,CCGTGGAGTCGGCACT-1,-0.09834107806026707
CXCR3+,MS,CSF_31,CCGTTCAAGAGTGACC-1,-0.1680079938348653
CXCR3-,MS,CSF_31,CCTAAAGCATTTCACT-1,-0.09834107806026707
CXCR3-,MS,CSF_31,CCTAAAGGTTCGGGCT-1,0.15707561997545666
CXCR3+,MS,CSF_31,CCTACACCAGTGACAG-1,0.048750206333017486
CXCR3-,MS,CSF_31,CCTACACGTCGACTAT-1,0.08956688950777705
CXCR3-,MS,CSF_31,CCTACACTCTCCAACC-1,-0.09834107806026707
CXCR3+,MS,CSF_31,CCTAGCTAGCGCTTAT-1,-0.35684419397834966
CXCR3+,MS,CSF_31,CCTATTACATACTACG-1,-0.09834107806026707
CXCR3+,MS,CSF_31,CCTATTAGTACTTCTT-1,0.2540346321828396
CXCR3+,MS,CSF_31,CCTCAGTGTCGGGTCT-1,0.2622099847480952
CXCR3-,MS,CSF_31,CCTTACGCACCAGTTA-1,0.19759728612294256
CXCR3+,MS,CSF_31,CCTTACGCATCCCACT-1,-0.5825500302121167
CXCR3-,MS,CSF_31,CCTTCCCAGATGAGAG-1,-0.302119205111537
CXCR3-,MS,CSF_31,CCTTCCCAGTTGTAGA-1,0.19945675231756654
CXCR3-,MS,CSF_31,CCTTTCTTCTTCGGTC-1,0.2432586602165487
CXCR3+,MS,CSF_31,CGAATGTCAGTGGAGT-1,-0.05697064866550727
CXCR3-,MS,CSF_31,CGAATGTGTAAGCACG-1,-0.46497166284802216
CXCR3-,MS,CSF_31,CGAATGTGTTGCGCAC-1,0.09773427774706316
CXCR3+,MS,CSF_31,CGAATGTTCGCGGATC-1,-0.09834107806026707
CXCR3-,MS,CSF_31,CGACCTTAGACCTTTG-1,0.10287012199742747
CXCR3+,MS,CSF_31,CGACCTTCAATCAGAA-1,0.1403336002576617
CXCR3-,MS,CSF_31,CGAGAAGAGAACAATC-1,0.276228159701529
CXCR3-,MS,CSF_31,CGAGAAGCACAGACTT-1,-0.031079890565296458
CXCR3+,MS,CSF_31,CGAGAAGGTATAATGG-1,-0.005236938919452776
CXCR3-,MS,CSF_31,CGAGAAGTCTCTAAGG-1,-0.09834107806026707
CXCR3+,MS,CSF_31,CGAGCACCAGCTGGCT-1,-0.09834107806026707
CXCR3-,MS,CSF_31,CGAGCCACATCATCCC-1,0.30808713449751746
CXCR3-,MS,CSF_31,CGAGCCAGTCGAGATG-1,-0.21224641049515997
CXCR3+,MS,CSF_31,CGAGCCAGTCTACCTC-1,0.3087605504978383
CXCR3+,MS,CSF_31,CGAGCCAGTGAGGCTA-1,-0.09834107806026707
CXCR3-,MS,CSF_31,CGATGGCAGATGTAAC-1,-0.5070515809830549
CXCR3+,MS,CSF_31,CGATGGCTCGTTTAGG-1,0.23711742059926663
CXCR3-,MS,CSF_31,CGATGTACAAGCTGAG-1,-0.09834107806026707
CXCR3-,MS,CSF_31,CGATTGAGTAGAGCTG-1,0.33855527441365524
CXCR3+,MS,CSF_31,CGCCAAGGTACACCGC-1,-0.19879801531785327
CXCR3-,MS,CSF_31,CGCCAAGGTCTGCGGT-1,-0.09834107806026707
CXCR3+,MS,CSF_31,CGCTATCTCAGCCTAA-1,0.07486325127633002
CXCR3+,MS,CSF_31,CGCTGGAAGGTGTTAA-1,-0.38595085037794824
CXCR3-,MS,CSF_31,CGCTGGAGTCACACGC-1,-0.09834107806026707
CXCR3+,MS,CSF_31,CGCTGGAGTTAAGAAC-1,-0.2667744090396801
CXCR3-,MS,CSF_31,CGCTTCACAATCCGAT-1,-0.09834107806026707
CXCR3-,MS,CSF_31,CGCTTCATCACGGTTA-1,0.26093195514994166
CXCR3-,MS,CSF_31,CGGACGTAGAACTCGG-1,0.1769138344794328
CXCR3-,MS,CSF_31,CGGACGTGTGTTTGGT-1,-0.09834107806026707
CXCR3+,MS,CSF_31,CGGACTGAGATCTGCT-1,-0.2779864408457224
CXCR3+,MS,CSF_31,CGGACTGAGGGATACC-1,-0.6043059425833048
CXCR3+,MS,CSF_31,CGGCTAGCATGAGCGA-1,0.3861712528731623
CXCR3-,MS,CSF_31,CGGCTAGGTCACTTCC-1,0.41981902818456646
CXCR3-,MS,CSF_31,CGGGTCAAGAGAACAG-1,0.3112663096633354
CXCR3+,MS,CSF_31,CGGGTCAAGCGTTGCC-1,-0.7106962208089602
CXCR3+,MS,CSF_31,CGGGTCAGTTCACGGC-1,-0.034799913067605374
CXCR3+,MS,CSF_31,CGGTTAAAGGACGAAA-1,0.36875637845396875
CXCR3-,MS,CSF_31,CGGTTAATCCGCGCAA-1,-0.09971019242261454
CXCR3+,MS,CSF_31,CGTAGCGGTGACGGTA-1,0.12716084203666095
CXCR3-,MS,CSF_31,CGTAGCGGTTAGATGA-1,0.22759075867196202
CXCR3+,MS,CSF_31,CGTAGGCGTACCATCA-1,0.25181602756298554
CXCR3+,MS,CSF_31,CGTCACTAGATATGGT-1,-0.2961214149300454
CXCR3-,MS,CSF_31,CGTCACTAGCATGGCA-1,-0.27492811992402894
CXCR3+,MS,CSF_31,CGTCACTTCTTGAGGT-1,0.6586850709442266
CXCR3-,MS,CSF_31,CGTCAGGCAGCAGTTT-1,0.6040019026062354
CXCR3+,MS,CSF_31,CGTCAGGCAGGCTGAA-1,-0.09834107806026707
CXCR3+,MS,CSF_31,CGTCAGGGTTGGACCC-1,-0.09834107806026707
CXCR3-,MS,CSF_31,CGTCTACAGAAACGAG-1,-0.09834107806026707
CXCR3+,MS,CSF_31,CGTGAGCAGACGCACA-1,-0.09834107806026707
CXCR3-,MS,CSF_31,CGTGAGCCAACCGCCA-1,0.10467230120261717
CXCR3+,MS,CSF_31,CGTGAGCCACGGTAAG-1,0.20359976232287288
CXCR3+,MS,CSF_31,CGTGAGCGTTCGAATC-1,0.3752855478373992
CXCR3-,MS,CSF_31,CGTGAGCTCCGGGTGT-1,0.2790635318758278
CXCR3+,MS,CSF_31,CGTGTAACAGAGCCAA-1,0.050364892300670976
CXCR3-,MS,CSF_31,CGTGTCTTCGTTTATC-1,0.10367112355973751
CXCR3-,MS,CSF_31,CGTTAGACAGATTGCT-1,0.46573482018763857
CXCR3+,MS,CSF_31,CGTTAGAGTGCACTTA-1,0.26163337107308965
CXCR3-,MS,CSF_31,CGTTGGGGTCCGTCAG-1,0.6691277864379711
CXCR3+,MS,CSF_31,CTAAGACTCTACTCAT-1,-0.09834107806026707
CXCR3+,MS,CSF_31,CTAATGGGTAGAAAGG-1,0.31808529417946574
CXCR3-,MS,CSF_31,CTACCCAAGCCCAATT-1,-0.4786941658010223
CXCR3+,MS,CSF_31,CTACCCAAGGGAAACA-1,0.0030428136509439824
CXCR3-,MS,CSF_31,CTACGTCAGAGATGAG-1,-0.09834107806026707
CXCR3-,MS,CSF_31,CTACGTCCACCGAAAG-1,0.27352278525901114
CXCR3-,MS,CSF_31,CTACGTCCAGGGTTAG-1,0.4055917672298245
CXCR3+,MS,CSF_31,CTAGAGTAGCCTCGTG-1,-0.04104553184527637
CXCR3-,MS,CSF_31,CTAGAGTCATCCGGGT-1,0.14787390192194788
CXCR3+,MS,CSF_31,CTAGCCTCATGTCTCC-1,0.24718678010961886
CXCR3+,MS,CSF_31,CTAGCCTGTTCAGACT-1,-0.09834107806026707
CXCR3+,MS,CSF_31,CTCACACCAAGCCATT-1,-0.09834107806026707
CXCR3+,MS,CSF_31,CTCACACTCCAGAGGA-1,0.06009015209776303
CXCR3+,MS,CSF_31,CTCAGAAAGATCACGG-1,-0.0285211528786676
CXCR3+,MS,CSF_31,CTCATTACAGCTCGCA-1,-0.25920806055994167
CXCR3+,MS,CSF_31,CTCATTACATGGTTGT-1,0.20596455265984823
CXCR3+,MS,CSF_31,CTCATTAGTGATAAAC-1,-0.38277455558218587
CXCR3+,MS,CSF_31,CTCATTATCACAATGC-1,-0.09834107806026707
CXCR3+,MS,CSF_31,CTCCTAGAGAAGGCCT-1,-0.09834107806026707
CXCR3-,MS,CSF_31,CTCCTAGTCAACCAAC-1,-0.09834107806026707
CXCR3+,MS,CSF_31,CTCGAAAGTACATCCA-1,0.10629316879457772
CXCR3+,MS,CSF_31,CTCGAGGCAGCCTATA-1,0.4081478800561564
CXCR3-,MS,CSF_31,CTCGGGATCGGAGGTA-1,0.17491082332409835
CXCR3-,MS,CSF_31,CTCGTACGTATTCTCT-1,-0.09834107806026707
CXCR3+,MS,CSF_31,CTCGTACTCAAACCGT-1,-0.2896403868019632
CXCR3+,MS,CSF_31,CTCGTACTCACTCTTA-1,0.18635023310350102
CXCR3-,MS,CSF_31,CTCGTACTCGAGAACG-1,-0.08121853521364793
CXCR3-,MS,CSF_31,CTCTACGAGACAAGCC-1,-0.09834107806026707
CXCR3+,MS,CSF_31,CTCTACGCATACCATG-1,-0.09834107806026707
CXCR3-,MS,CSF_31,CTCTGGTAGACCGGAT-1,-0.2093837959632355
CXCR3+,MS,CSF_31,CTGAAACAGCGATTCT-1,-0.5923925662736401
CXCR3-,MS,CSF_31,CTGATAGAGAGGGATA-1,-0.7472828832379478
CXCR3+,MS,CSF_31,CTGATAGAGGGTCTCC-1,-0.15392163463225303
CXCR3-,MS,CSF_31,CTGATAGAGTGGCACA-1-1,0.5100964591712428
CXCR3+,MS,CSF_31,CTGATAGGTACAGTGG-1,0.28183727638831696
CXCR3-,MS,CSF_31,CTGATAGGTGTGAATA-1,-0.09834107806026707
CXCR3+,MS,CSF_31,CTGCCTATCGAATCCA-1,-0.6115113047632391
CXCR3-,MS,CSF_31,CTGCGGAAGACTTTCG-1,0.055211558419708213
CXCR3-,MS,CSF_31,CTGCGGAGTCGGATCC-1,0.3117469246205413
CXCR3+,MS,CSF_31,CTGCGGATCCAAACTG-1,-0.03656995495312506
CXCR3-,MS,CSF_31,CTGCTGTAGTCATCCA-1,-0.09834107806026707
CXCR3-,MS,CSF_31,CTGCTGTCAAGTCTGT-1,0.10297778816282112
CXCR3-,MS,CSF_31,CTGGTCTAGCTAGTCT-1,0.05776411088039065
CXCR3+,MS,CSF_31,CTGGTCTAGTGCAAGC-1,0.19659687705503812
CXCR3-,MS,CSF_31,CTGTGCTAGACCTTTG-1,-0.04220352149209039
CXCR3-,MS,CSF_31,CTGTGCTGTGCGATAG-1,0.023435199490604564
CXCR3-,MS,CSF_31,CTGTTTAGTTACCGAT-1,-0.09834107806026707
CXCR3-,MS,CSF_31,CTGTTTAGTTGGAGGT-1,-0.09834107806026707
CXCR3-,MS,CSF_31,CTTAACTAGCGTTGCC-1,0.06137401607248761
CXCR3+,MS,CSF_31,CTTAGGATCACGATGT-1,0.09201215363241498
CXCR3+,MS,CSF_31,CTTCTCTGTGCAGTAG-1,0.41434651746984524
CXCR3+,MS,CSF_31,CTTCTCTTCCTGCAGG-1,0.014803400063796117
CXCR3+,MS,CSF_31,CTTGGCTTCCTTTCGG-1,-0.1087678835487232
CXCR3-,MS,CSF_31,CTTGGCTTCTTCGAGA-1,-0.6206745484478792
CXCR3+,MS,CSF_31,GAAACTCAGCTGGAAC-1,-0.4688449577094461
CXCR3-,MS,CSF_31,GAAACTCTCCACGCAG-1,-0.09278612956037162
CXCR3-,MS,CSF_31,GAAATGACATAGTAAG-1,-0.3613264684429658
CXCR3+,MS,CSF_31,GAACATCGTTCTGAAC-1,-0.2722084306433245
CXCR3-,MS,CSF_31,GAACCTAGTGAAATCA-1,-0.09834107806026707
CXCR3-,MS,CSF_31,GAACGGAGTTCACCTC-1,0.03948807195794189
CXCR3-,MS,CSF_31,GAACGGATCATGCATG-1,-0.09834107806026707
CXCR3+,MS,CSF_31,GAACGGATCGCGGATC-1,-0.306515608935433
CXCR3+,MS,CSF_31,GAACGGATCTATGTGG-1,0.3138176842702845
CXCR3-,MS,CSF_31,GAATGAACATGGTCTA-1,-0.5567055847693384
CXCR3+,MS,CSF_31,GACACGCCACGGATAG-1,0.12304814612842363
CXCR3+,MS,CSF_31,GACACGCGTGGTACAG-1,0.08879373997771298
CXCR3+,MS,CSF_31,GACACGCGTTACGCGC-1,-0.09834107806026707
CXCR3-,MS,CSF_31,GACACGCTCCGCGGTA-1,-0.1917071538057976
CXCR3+,MS,CSF_31,GACAGAGAGAGCTTCT-1,0.09635277738610601
CXCR3-,MS,CSF_31,GACCAATCAACTGGCC-1,-0.09834107806026707
CXCR3+,MS,CSF_31,GACCAATCACGCGAAA-1,-0.10921184139974967
CXCR3-,MS,CSF_31,GACCAATGTACTCTCC-1,0.24036486983101119
CXCR3+,MS,CSF_31,GACGCGTCAGGAACGT-1,-0.09834107806026707
CXCR3-,MS,CSF_31,GACGGCTGTTAGAACA-1,0.34833167044456836
CXCR3+,MS,CSF_31,GACGGCTTCAAGATCC-1,-0.22688935101399638
CXCR3+,MS,CSF_31,GACGTGCCAACTGGCC-1,-0.3450621975152332
CXCR3+,MS,CSF_31,GACGTGCCATCACAAC-1,-0.2898766681775898
CXCR3+,MS,CSF_31,GACGTGCTCCACGTGG-1,0.2621245828245374
CXCR3+,MS,CSF_31,GACGTTAAGGCTAGGT-1,-0.09834107806026707
CXCR3-,MS,CSF_31,GACGTTAGTGCAGTAG-1,-0.2293804200824392
CXCR3+,MS,CSF_31,GACGTTATCCGTAGTA-1,-0.038163115072592256
CXCR3+,MS,CSF_31,GACTAACCACGTTGGC-1,-0.09834107806026707
CXCR3-,MS,CSF_31,GACTAACTCCGAACGC-1,-0.23685546614083788
CXCR3+,MS,CSF_31,GACTAACTCTGTTTGT-1,0.22071674774903952
CXCR3+,MS,CSF_31,GACTAACTCTTTACAC-1,0.09460892483757635
CXCR3+,MS,CSF_31,GACTACAGTTTCGCTC-1,0.08775864012331096
CXCR3-,MS,CSF_31,GACTGCGAGAGTGAGA-1,0.05789594292055883
CXCR3-,MS,CSF_31,GACTGCGGTTACGCGC-1,0.13197867229511756
CXCR3+,MS,CSF_31,GAGCAGACACAACGTT-1,0.11781002238250751
CXCR3+,MS,CSF_31,GAGCAGACATTAGGCT-1,-0.04401250829553358
CXCR3+,MS,CSF_31,GAGTCCGTCAGAGGTG-1,-0.14256347455708132
CXCR3-,MS,CSF_31,GATCGATTCGTGGACC-1,-0.332875260740939
CXCR3+,MS,CSF_31,GATCGCGCAATGGAAT-1,-0.17600386627618672
CXCR3+,MS,CSF_31,GATCGCGTCACCTTAT-1,-0.03559642140477587
CXCR3-,MS,CSF_31,GATCGTAAGTGGGCTA-1,0.13996204179150928
CXCR3-,MS,CSF_31,GATCTAGCAAGCTGAG-1,0.30602769225002746
CXCR3-,MS,CSF_31,GATCTAGCACGTGAGA-1,0.4349476684243589
CXCR3+,MS,CSF_31,GATGAAAAGGCAGGTT-1,-0.09834107806026707
CXCR3+,MS,CSF_31,GATGAAACAAGCGAGT-1,-0.11157042636188061
CXCR3-,MS,CSF_31,GATGAAAGTCCAACTA-1,-0.09834107806026707
CXCR3+,MS,CSF_31,GATGAAAGTTATTCTC-1,0.42666655362090455
CXCR3-,MS,CSF_31,GATGAGGGTATTCTCT-1,0.35794970741037213
CXCR3+,MS,CSF_31,GATGCTAGTTATGCGT-1,0.23370026560270593
CXCR3+,MS,CSF_31,GATTCAGAGCTAGTGG-1,-0.3101996324737725
CXCR3-,MS,CSF_31,GATTCAGGTCTAAACC-1,-0.11698084797333062
CXCR3-,MS,CSF_31,GCAAACTTCGGCTTGG-1,-0.09834107806026707
CXCR3+,MS,CSF_31,GCAATCACAGGCTGAA-1,-0.07766790003120985
CXCR3+,MS,CSF_31,GCAATCACAGTACACT-1,0.14737152332683107
CXCR3+,MS,CSF_31,GCAATCATCGGTTAAC-1,0.0260015420543447
CXCR3+,MS,CSF_31,GCAATCATCTGATACG-1,-0.11576170376282076
CXCR3-,MS,CSF_31,GCACATAAGAGTAATC-1,-0.09834107806026707
CXCR3+,MS,CSF_31,GCACATACATCGATTG-1,-0.09834107806026707
CXCR3+,MS,CSF_31,GCACATAGTCGATTGT-1,0.5075387921464579
CXCR3+,MS,CSF_31,GCAGCCATCCACGTGG-1,0.49766415386844604
CXCR3+,MS,CSF_31,GCATACAAGGTCATCT-1,-0.5401755643064786
CXCR3-,MS,CSF_31,GCATACACAGTGGAGT-1,-0.3755317634777548
CXCR3-,MS,CSF_31,GCATGATAGGATGTAT-1,-0.5065364352986779
CXCR3+,MS,CSF_31,GCATGATTCTTCGAGA-1,-0.00043880565913555013
CXCR3+,MS,CSF_31,GCATGCGAGAACAACT-1,0.08587618643214415
CXCR3-,MS,CSF_31,GCATGCGAGGTGCTTT-1,-0.20571523463146665
CXCR3+,MS,CSF_31,GCATGCGCACAAGCCC-1,-0.4460178939930653
CXCR3-,MS,CSF_31,GCATGCGTCATACGGT-1,-0.09834107806026707
CXCR3+,MS,CSF_31,GCATGTACAGGGATTG-1,1.1025592374998001
CXCR3-,MS,CSF_31,GCATGTACAGTCAGCC-1,0.16378384261708095
CXCR3+,MS,CSF_31,GCATGTAGTCACTGGC-1,0.5261904095306188
CXCR3+,MS,CSF_31,GCATGTATCTGATACG-1,0.5191425126034284
CXCR3-,MS,CSF_31,GCCAAATCAGATCCAT-1,0.618480192002736
CXCR3+,MS,CSF_31,GCCAAATCATACTACG-1,-0.5165265977272656
CXCR3+,MS,CSF_31,GCCAAATCATCAGTAC-1,-0.29584066325702224
CXCR3+,MS,CSF_31,GCCAAATGTTTGGCGC-1,-0.6393786292480031
CXCR3+,MS,CSF_31,GCCAAATTCTGGTGTA-1,-1.2126585866271342
CXCR3+,MS,CSF_31,GCCTCTAGTATGGTTC-1,0.2031194747587857
CXCR3+,MS,CSF_31,GCCTCTAGTTTGTGTG-1,-0.23484428625012863
CXCR3-,MS,CSF_31,GCGACCAAGATGCGAC-1,-0.09834107806026707
CXCR3-,MS,CSF_31,GCGAGAAAGATGTGTA-1,-0.11556956295989969
CXCR3-,MS,CSF_31,GCGAGAAAGCAGGTCA-1,0.30140645109525244
CXCR3-,MS,CSF_31,GCGCAACCATTCCTGC-1,-0.22619727864547576
CXCR3+,MS,CSF_31,GCGCAGTAGCTAACTC-1,0.4858887852782348
CXCR3+,MS,CSF_31,GCGCAGTTCAGAGGTG-1,-0.026071745754805625
CXCR3-,MS,CSF_31,GCGCCAAGTAAGAGAG-1,0.4517698264880942
CXCR3+,MS,CSF_31,GCGCCAAGTAGCGTAG-1,-0.3973090750066552
CXCR3-,MS,CSF_31,GCGCGATGTGAGCGAT-1,0.15456628977415784
CXCR3-,MS,CSF_31,GCGGGTTTCACTTACT-1,0.37694433475271677
CXCR3-,MS,CSF_31,GCTCCTATCAACACAC-1,0.4174912434366144
CXCR3-,MS,CSF_31,GCTCCTATCTCATTCA-1,-0.028039335139731066
CXCR3-,MS,CSF_31,GCTCTGTTCACCAGGC-1,-0.09834107806026707
CXCR3-,MS,CSF_31,GCTGCAGCAAGACACG-1,-0.1979334083198386
CXCR3+,MS,CSF_31,GCTGCTTCAGACGCCT-1,0.13651506998634408
CXCR3-,MS,CSF_31,GCTGGGTAGGATGGTC-1,-0.19670906995961626
CXCR3+,MS,CSF_31,GCTGGGTCATGCTAGT-1,-0.25338367776952037
CXCR3+,MS,CSF_31,GCTGGGTTCTCTGTCG-1,0.2684550282918831
CXCR3+,MS,CSF_31,GCTTGAACATCTACGA-1,0.2841097052590189
CXCR3+,MS,CSF_31,GCTTGAAGTAGCCTCG-1,-0.09834107806026707
CXCR3-,MS,CSF_31,GGAATAAAGTTATCGC-1,-0.3434025968832231
CXCR3+,MS,CSF_31,GGAATAATCAAGAAGT-1,0.11322025929263042
CXCR3-,MS,CSF_31,GGACAAGAGCGATATA-1,0.2587385554936688
CXCR3+,MS,CSF_31,GGACAAGAGGCAGGTT-1,0.4451403619070217
CXCR3+,MS,CSF_31,GGACAAGGTCAAAGCG-1,-0.09834107806026707
CXCR3-,MS,CSF_31,GGACAAGTCACAGGCC-1,0.32193379455001014
CXCR3-,MS,CSF_31,GGACAAGTCTGCGTAA-1,0.042836708025121344
CXCR3+,MS,CSF_31,GGACAGACAAGGGTCA-1,-0.03511321803373556
CXCR3+,MS,CSF_31,GGACAGACAGAGTGTG-1,-0.2501680128662606
CXCR3-,MS,CSF_31,GGACAGAGTAGAAAGG-1,-0.443057032339301
CXCR3-,MS,CSF_31,GGACATTAGATATGGT-1,-0.2072439385340005
CXCR3+,MS,CSF_31,GGATGTTAGATGCCAG-1,0.03745581190087633
CXCR3-,MS,CSF_31,GGATGTTAGTCTCAAC-1,0.47822336967927714
CXCR3-,MS,CSF_31,GGATGTTGTATAAACG-1,-0.21672361439470697
CXCR3+,MS,CSF_31,GGATGTTGTTCCACAA-1,-0.20323075237518168
CXCR3+,MS,CSF_31,GGATTACTCCGCGGTA-1,-0.09834107806026707
CXCR3-,MS,CSF_31,GGCAATTCATTCCTGC-1,0.2971315222206242
CXCR3-,MS,CSF_31,GGCAATTGTCGACTAT-1,0.4395491775341692
CXCR3+,MS,CSF_31,GGCCGATAGATTACCC-1,0.06371984403026146
CXCR3+,MS,CSF_31,GGCCGATTCCGAATGT-1,-0.036266718636013065
CXCR3+,MS,CSF_31,GGCGACTAGGCTAGCA-1,-0.09834107806026707
CXCR3-,MS,CSF_31,GGCGACTGTCGAGTTT-1,-0.09834107806026707
CXCR3+,MS,CSF_31,GGCGTGTCAATGAATG-1,0.23761579647314662
CXCR3+,MS,CSF_31,GGCGTGTCATGATCCA-1,0.3392978280770858
CXCR3+,MS,CSF_31,GGCGTGTGTCGACTAT-1,-0.03425177751358117
CXCR3-,MS,CSF_31,GGCTCGATCCTGCTTG-1,0.6498057846361831
CXCR3-,MS,CSF_31,GGCTCGATCGGCTTGG-1,-0.09834107806026707
CXCR3+,MS,CSF_31,GGCTGGTGTGCGAAAC-1,-0.09834107806026707
CXCR3+,MS,CSF_31,GGGAATGAGATCTGCT-1,-0.09834107806026707
CXCR3-,MS,CSF_31,GGGAATGAGCGATATA-1,0.41055917390839286
CXCR3+,MS,CSF_31,GGGACCTGTACTTAGC-1,-0.20794281580105903
CXCR3+,MS,CSF_31,GGGAGATCACCGAAAG-1,0.5946010044698979
CXCR3-,MS,CSF_31,GGGAGATTCTCGATGA-1,-0.23328887267667708
CXCR3-,MS,CSF_31,GGGCACTAGCGTTTAC-1,-0.2934258230609542
CXCR3+,MS,CSF_31,GGGCACTCACGGACAA-1,-0.207093038682783
CXCR3+,MS,CSF_31,GGGCATCTCCTTGCCA-1,0.2194575317531804
CXCR3+,MS,CSF_31,GGGTCTGAGTAATCCC-1,0.12582200191445017
CXCR3+,MS,CSF_31,GGGTCTGGTACACCGC-1,-0.8545945768621896
CXCR3+,MS,CSF_31,GGGTCTGGTATTCGTG-1,-0.030653483054785633
CXCR3-,MS,CSF_31,GGGTTGCAGATCGATA-1,-0.09834107806026707
CXCR3-,MS,CSF_31,GGGTTGCTCCACGAAT-1,0.011387069758627768
CXCR3-,MS,CSF_31,GGTGTTAGTCTTGCGG-1,-0.5251651892900745
CXCR3+,MS,CSF_31,GTAACGTTCGATCCCT-1,-0.13930960010016163
CXCR3+,MS,CSF_31,GTAACTGGTCCTAGCG-1,0.7644689828242387
CXCR3+,MS,CSF_31,GTACGTACACTTACGA-1,-0.09834107806026707
CXCR3-,MS,CSF_31,GTACGTACATCCGTGG-1,0.17330518693679972
CXCR3+,MS,CSF_31,GTACTCCAGAAAGTGG-1,-0.4145953943130234
CXCR3-,MS,CSF_31,GTACTTTCAAAGCAAT-1,0.08096354527402548
CXCR3-,MS,CSF_31,GTACTTTTCTCGATGA-1,-0.49905109573273726
CXCR3-,MS,CSF_31,GTAGGCCCAACAACCT-1,0.13738522081694807
CXCR3+,MS,CSF_31,GTAGGCCTCATGCTCC-1,0.0616722354316182
CXCR3-,MS,CSF_31,GTAGTCACAGGACGTA-1,0.08910742072021284
CXCR3-,MS,CSF_31,GTAGTCAGTAGTGAAT-1,0.03738588667843678
CXCR3+,MS,CSF_31,GTAGTCAGTCTCCCTA-1,-0.09834107806026707
CXCR3-,MS,CSF_31,GTATCTTAGTGGTCCC-1,0.15094993367194817
CXCR3-,MS,CSF_31,GTATTCTCAGGTCTCG-1,0.6305007699113594
CXCR3+,MS,CSF_31,GTATTCTTCCTACAGA-1,-0.15816915053045738
CXCR3-,MS,CSF_31,GTCAAGTTCTGCTGCT-1,0.48503960320608613
CXCR3+,MS,CSF_31,GTCACAAAGCGGCTTC-1,-0.08002418229291026
CXCR3-,MS,CSF_31,GTCACAAAGGAATCGC-1,0.05820219823122859
CXCR3+,MS,CSF_31,GTCACAAAGGCGACAT-1,0.2018836584600705
CXCR3-,MS,CSF_31,GTCACGGGTTCGTTGA-1,0.32899621232537557
CXCR3-,MS,CSF_31,GTCATTTCACTACAGT-1,-0.24198617778181572
CXCR3-,MS,CSF_31,GTCATTTGTCTAAAGA-1,-0.4097600404262175
CXCR3-,MS,CSF_31,GTCATTTTCTATCGCC-1,-0.09834107806026707
CXCR3-,MS,CSF_31,GTCCTCAAGGCTATCT-1,-0.09834107806026707
CXCR3+,MS,CSF_31,GTCCTCACATTATCTC-1,0.09750969783045015
CXCR3-,MS,CSF_31,GTCCTCAGTCTTCTCG-1,0.2860687621427287
CXCR3+,MS,CSF_31,GTCGGGTGTGTTAAGA-1,-0.33581110371432493
CXCR3+,MS,CSF_31,GTCGGGTTCCACGACG-1,-0.43120297474353314
CXCR3-,MS,CSF_31,GTCGTAATCGACGGAA-1,0.12731333351237248
CXCR3+,MS,CSF_31,GTCTCGTAGTTATCGC-1,-0.09834107806026707
CXCR3+,MS,CSF_31,GTCTCGTGTTGATTCG-1,0.07893360981708962
CXCR3-,MS,CSF_31,GTCTCGTTCGCAAACT-1,-0.09834107806026707
CXCR3-,MS,CSF_31,GTGAAGGAGCGTGTCC-1,-0.09834107806026707
CXCR3+,MS,CSF_31,GTGAAGGCAATGGAGC-1,0.314911368808724
CXCR3-,MS,CSF_31,GTGAAGGCATATACGC-1,-0.017109972651003637
CXCR3+,MS,CSF_31,GTGAAGGGTAAGTGTA-1,0.1956965431123758
CXCR3+,MS,CSF_31,GTGCAGCAGCGTCAAG-1,0.12090654086140187
CXCR3+,MS,CSF_31,GTGCAGCTCCAGTATG-1,0.17027063279966134
CXCR3+,MS,CSF_31,GTGCATAAGCGAAGGG-1,-0.2975295456163917
CXCR3+,MS,CSF_31,GTGCGGTCATTAACCG-1,-0.3355967577968387
CXCR3+,MS,CSF_31,GTGCGGTGTAGCTCCG-1,0.4854444592920345
CXCR3-,MS,CSF_31,GTGCTTCCATCGGTTA-1,-0.09834107806026707
CXCR3+,MS,CSF_31,GTGGGTCAGAGCTGGT-1,-0.09834107806026707
CXCR3-,MS,CSF_31,GTGGGTCAGAGTGACC-1,0.5792136729024284
CXCR3-,MS,CSF_31,GTGTGCGCACAGGAGT-1,-0.5321709733949626
CXCR3-,MS,CSF_31,GTGTTAGTCCTTCAAT-1,0.14445599995541047
CXCR3+,MS,CSF_31,GTTAAGCCACACAGAG-1,-0.09834107806026707
CXCR3+,MS,CSF_31,GTTACAGCAAGTCATC-1,0.3030016211319947
CXCR3+,MS,CSF_31,GTTACAGTCTTAGAGC-1,-0.20363813850292997
CXCR3+,MS,CSF_31,GTTCATTAGTACTTGC-1,-0.31638250522078637
CXCR3-,MS,CSF_31,GTTCGGGCACTACAGT-1,-0.04829011456139413
CXCR3+,MS,CSF_31,GTTCGGGGTAGAAAGG-1,0.0027549237257384817
CXCR3-,MS,CSF_31,GTTCGGGTCTATGTGG-1,-0.09834107806026707
CXCR3-,MS,CSF_31,GTTCTCGGTACCGTTA-1,-0.23864846327894243
CXCR3+,MS,CSF_31,GTTTCTACATTATCTC-1,-0.09834107806026707
CXCR3+,MS,CSF_31,TAAACCGGTCCTCCAT-1,-0.09834107806026707
CXCR3-,MS,CSF_31,TAAGCGTTCAACGCTA-1,-0.09834107806026707
CXCR3-,MS,CSF_31,TAAGCGTTCCAGAGGA-1,-0.09834107806026707
CXCR3+,MS,CSF_31,TAAGTGCAGGCCCGTT-1,-0.09834107806026707
CXCR3+,MS,CSF_31,TACACGAAGCCAGTTT-1,0.21650141405931983
CXCR3+,MS,CSF_31,TACACGAAGTTAAGTG-1,-0.19678041991140724
CXCR3-,MS,CSF_31,TACACGACACCAGGTC-1,-0.28938806032696984
CXCR3+,MS,CSF_31,TACACGATCTAACGGT-1,-0.007596133764760078
CXCR3+,MS,CSF_31,TACAGTGAGAAGGGTA-1,-0.19820876519677172
CXCR3-,MS,CSF_31,TACAGTGAGTTCGATC-1,-0.15445749100232947
CXCR3-,MS,CSF_31,TACAGTGGTTGCCTCT-1,0.6201233233610829
CXCR3+,MS,CSF_31,TACCTATAGGATATAC-1,-0.09834107806026707
CXCR3-,MS,CSF_31,TACCTTAGTCCGTTAA-1,0.11565486077239209
CXCR3+,MS,CSF_31,TACGGGCAGCAGACTG-1,-0.5683875701663502
CXCR3+,MS,CSF_31,TACGGTAGTGACTACT-1,-0.2998043550397859
CXCR3-,MS,CSF_31,TACTCATTCAGGATCT-1,0.1372956154520664
CXCR3+,MS,CSF_31,TACTCGCTCAGTACGT-1,0.20664330410233386
CXCR3-,MS,CSF_31,TACTTACGTTAAAGTG-1,-0.5099653340229612
CXCR3+,MS,CSF_31,TAGACCATCTTACCTA-1,0.9589313249360412
CXCR3+,MS,CSF_31,TAGCCGGAGCGGCTTC-1,-0.31018825195216226
CXCR3+,MS,CSF_31,TAGCCGGAGGCAAAGA-1,0.15619384982636322
CXCR3+,MS,CSF_31,TAGTGGTAGTGGGATC-1,0.5264446653596268
CXCR3-,MS,CSF_31,TAGTGGTCATGTCGAT-1,0.05513836950996252
CXCR3-,MS,CSF_31,TAGTGGTTCTTACCGC-1,0.21410814042986187
CXCR3+,MS,CSF_31,TAGTTGGCAATGACCT-1,-0.2180243691522054
CXCR3+,MS,CSF_31,TATCAGGAGATAGGAG-1,0.00978362118703018
CXCR3+,MS,CSF_31,TATCAGGAGCAGCGTA-1,0.2720151225601312
CXCR3-,MS,CSF_31,TATCAGGGTATCACCA-1,-0.09834107806026707
CXCR3+,MS,CSF_31,TATCTCAAGACAGGCT-1,0.5276688112643647
CXCR3+,MS,CSF_31,TATCTCAGTAGGGTAC-1,-0.09834107806026707
CXCR3-,MS,CSF_31,TATCTCATCCTTAATC-1,-0.09834107806026707
CXCR3+,MS,CSF_31,TATTACCAGATATGGT-1,-0.09834107806026707
CXCR3+,MS,CSF_31,TATTACCCATTACCTT-1,-0.20877116386351682
CXCR3+,MS,CSF_31,TCAACGAGTACTTGAC-1,-0.35747614323181554
CXCR3-,MS,CSF_31,TCAACGATCCTTTCGG-1,0.17653806666809002
CXCR3-,MS,CSF_31,TCAATCTCACGCCAGT-1,0.27824649772129756
CXCR3-,MS,CSF_31,TCACAAGAGTTAAGTG-1,0.0854594393378735
CXCR3+,MS,CSF_31,TCACAAGTCCTGCCAT-1,-0.1990249093755008
CXCR3-,MS,CSF_31,TCAGATGTCGGATGGA-1,-0.0037128551183820253
CXCR3-,MS,CSF_31,TCAGCTCAGCAGGCTA-1,0.37868126297387
CXCR3-,MS,CSF_31,TCAGCTCCAGGATTGG-1,0.2485202674447926
CXCR3+,MS,CSF_31,TCAGGATAGGTGTGGT-1,-0.2822107114209631
CXCR3+,MS,CSF_31,TCAGGATCAATGAATG-1,0.06616438967213362
CXCR3-,MS,CSF_31,TCAGGATCAGGGTTAG-1,0.4575986221594022
CXCR3+,MS,CSF_31,TCAGGTAGTGATGCCC-1,-0.6176198877180098
CXCR3+,MS,CSF_31,TCATTTGCATTCGACA-1,0.05114261681574706
CXCR3-,MS,CSF_31,TCATTTGGTCCTCTTG-1,-0.09834107806026707
CXCR3+,MS,CSF_31,TCCCGATAGTGCAAGC-1,-1.0552310762492083
CXCR3-,MS,CSF_31,TCGAGGCGTCTCATCC-1,0.0988891986500827
CXCR3-,MS,CSF_31,TCGCGTTCAAAGTCAA-1,-0.21976409626301333
CXCR3+,MS,CSF_31,TCGCGTTCAAGCGAGT-1,0.24488653965520762
CXCR3+,MS,CSF_31,TCGCGTTCAAGCTGTT-1,-0.09834107806026707
CXCR3-,MS,CSF_31,TCGCGTTCATACTCTT-1,-0.09834107806026707
CXCR3+,MS,CSF_31,TCGGGACCAGCTGCTG-1,1.0430382061731263
CXCR3+,MS,CSF_31,TCGGGACTCCTTCAAT-1,0.08806612876076465
CXCR3+,MS,CSF_31,TCGGTAAGTAGAGCTG-1,0.40753413786350245
CXCR3-,MS,CSF_31,TCGTAGAGTTACCGAT-1,0.07817203850208511
CXCR3-,MS,CSF_31,TCTCATACAGTCGTGC-1-1,0.2087967060660115
CXCR3-,MS,CSF_31,TCTCATAGTCTCACCT-1,-0.16644996398500908
CXCR3+,MS,CSF_31,TCTCATATCACGACTA-1,0.457206669568182
CXCR3+,MS,CSF_31,TCTCTAAAGACACGAC-1,-0.0602617754428814
CXCR3-,MS,CSF_31,TCTCTAACAGCCTGTG-1,-0.09834107806026707
CXCR3-,MS,CSF_31,TCTGAGACAGATAATG-1,-0.09834107806026707
CXCR3+,MS,CSF_31,TCTGAGATCACCATAG-1,0.07080705239278691
CXCR3-,MS,CSF_31,TCTGGAATCCGCGGTA-1,0.17021238201526342
CXCR3-,MS,CSF_31,TCTGGAATCGGACAAG-1,0.2347538503042057
CXCR3+,MS,CSF_31,TCTTCGGAGAGAACAG-1,0.27969074438055186
CXCR3+,MS,CSF_31,TCTTTCCAGGCAGGTT-1,-0.5082476060569834
CXCR3+,MS,CSF_31,TGAAAGATCTGCGACG-1,-0.18865562143604495
CXCR3+,MS,CSF_31,TGACTAGGTTATGTGC-1,0.061343177412552095
CXCR3+,MS,CSF_31,TGACTTTAGACCTTTG-1,0.03496975868936618
CXCR3-,MS,CSF_31,TGACTTTAGAGCTTCT-1,-0.09834107806026707
CXCR3+,MS,CSF_31,TGACTTTTCGTCCGTT-1,0.18718641782039205
CXCR3-,MS,CSF_31,TGAGAGGTCTGCGTAA-1,-0.09834107806026707
CXCR3+,MS,CSF_31,TGAGCATCATTACCTT-1,0.4160163905544027
CXCR3-,MS,CSF_31,TGAGCATTCACGCATA-1,-0.09834107806026707
CXCR3+,MS,CSF_31,TGAGCCGAGTGGGTTG-1,0.32760539189950894
CXCR3-,MS,CSF_31,TGAGGGAAGTGCCATT-1,0.11189905997639826
CXCR3-,MS,CSF_31,TGAGGGAGTGCAACGA-1,0.7884341352407381
CXCR3-,MS,CSF_31,TGATTTCCACGAAGCA-1,-0.5803474403738829
CXCR3+,MS,CSF_31,TGATTTCTCAATCACG-1,-0.17495093279755378
CXCR3-,MS,CSF_31,TGCACCTAGCTAGTCT-1,-0.09834107806026707
CXCR3+,MS,CSF_31,TGCACCTTCATGTGGT-1,-0.08145717696032287
CXCR3+,MS,CSF_31,TGCCAAATCATCTGTT-1,-0.3138726130711071
CXCR3+,MS,CSF_31,TGCCAAATCGGTCCGA-1,0.0873147110106487
CXCR3+,MS,CSF_31,TGCCCTAGTGCACTTA-1,0.08514951108639089
CXCR3-,MS,CSF_31,TGCCCTAGTGTGTGCC-1,0.18002366280704324
CXCR3+,MS,CSF_31,TGCCCTAGTTGGAGGT-1,-0.4592807600534328
CXCR3+,MS,CSF_31,TGCGCAGAGGCTAGCA-1,0.10762094997826224
CXCR3-,MS,CSF_31,TGCGCAGGTAGATTAG-1,0.6210511328006092
CXCR3+,MS,CSF_31,TGCGCAGTCGTCCGTT-1,-0.2290579827349757
CXCR3-,MS,CSF_31,TGCGTGGAGCCATCGC-1,-0.3187705726335516
CXCR3-,MS,CSF_31,TGCTACCAGGGTCTCC-1,0.471600841018483
CXCR3-,MS,CSF_31,TGCTACCTCAAAGTAG-1,0.12497047056258857
CXCR3-,MS,CSF_31,TGCTACCTCCTTTACA-1,0.11768716781927416
CXCR3-,MS,CSF_31,TGCTACCTCGGAGGTA-1,0.18458857665160672
CXCR3+,MS,CSF_31,TGCTGCTAGCTGAAAT-1,-0.09670879764631346
CXCR3+,MS,CSF_31,TGCTGCTCAGCTCCGA-1,-0.09834107806026707
CXCR3-,MS,CSF_31,TGGACGCAGTAAGTAC-1,-0.09834107806026707
CXCR3-,MS,CSF_31,TGGACGCGTGTGGTTT-1,-0.09834107806026707
CXCR3+,MS,CSF_31,TGGCCAGTCAGTTGAC-1,0.07034504454402536
CXCR3-,MS,CSF_31,TGGCGCATCCCTCTTT-1,-0.17424486066119352
CXCR3-,MS,CSF_31,TGGCTGGTCGCTGATA-1,0.1228544669659305
CXCR3-,MS,CSF_31,TGGGAAGAGTGAACGC-1,0.1406900553643982
CXCR3+,MS,CSF_31,TGGGAAGGTGGAAAGA-1,-0.09834107806026707
CXCR3+,MS,CSF_31,TGGGCGTCATGGAATA-1,0.1181683452717426
CXCR3+,MS,CSF_31,TGGTTCCGTTATGTGC-1,-0.09834107806026707
CXCR3+,MS,CSF_31,TGTATTCAGGGTTCCC-1,-0.09834107806026707
CXCR3+,MS,CSF_31,TGTATTCGTGGGTCAA-1,-0.08732357304544414
CXCR3+,MS,CSF_31,TGTCCCAAGCGACGTA-1,-0.19034758815500646
CXCR3+,MS,CSF_31,TGTCCCACAAGTTCTG-1,-0.17744253378676206
CXCR3+,MS,CSF_31,TGTCCCATCTGTCTCG-1,0.4078543291296679
CXCR3+,MS,CSF_31,TGTGGTATCGGCGGTT-1,-0.6531371709015561
CXCR3+,MS,CSF_31,TGTGTTTAGTCATCCA-1,0.32277644459816485
CXCR3+,MS,CSF_31,TGTTCCGGTAGGCATG-1,-0.30796928522421746
CXCR3+,MS,CSF_31,TTAACTCAGGACAGCT-1,-0.09834107806026707
CXCR3-,MS,CSF_31,TTAACTCCACACGCTG-1,0.9823227227181807
CXCR3-,MS,CSF_31,TTAACTCGTTCCAACA-1,-0.09834107806026707
CXCR3+,MS,CSF_31,TTAGGACCAAGCGTAG-1,-0.4837920300312139
CXCR3+,MS,CSF_31,TTAGGACCACAACGTT-1,-0.09834107806026707
CXCR3+,MS,CSF_31,TTAGGCAAGATGTGTA-1,-1.1681651247727114
CXCR3+,MS,CSF_31,TTAGGCACACGCATCG-1,0.36081854327539803
CXCR3+,MS,CSF_31,TTAGGCAGTGCGATAG-1,0.19060982817570232
CXCR3-,MS,CSF_31,TTAGTTCCATACCATG-1,-0.26927440898154686
CXCR3+,MS,CSF_31,TTAGTTCGTCACACGC-1,-0.19958792880362244
CXCR3-,MS,CSF_31,TTATGCTAGAAACGCC-1,-0.09834107806026707
CXCR3+,MS,CSF_31,TTCCCAGTCATTGCGA-1,-0.09834107806026707
CXCR3-,MS,CSF_31,TTCCCAGTCCAGTATG-1,-0.2649130837506913
CXCR3+,MS,CSF_31,TTCCCAGTCGGCGCTA-1,0.16681209166786695
CXCR3-,MS,CSF_31,TTCGAAGTCTCAACTT-1,-0.5876274712357569
CXCR3-,MS,CSF_31,TTCGAAGTCTTATCTG-1,-0.09834107806026707
CXCR3+,MS,CSF_31,TTCTCAAAGATTACCC-1,-0.05696200155654701
CXCR3-,MS,CSF_31,TTCTCAAGTGTGACGA-1,-0.2294613136367336
CXCR3-,MS,CSF_31,TTCTCAATCTACTTAC-1,-0.4639438400187221
CXCR3-,MS,CSF_31,TTCTCAATCTGAAAGA-1,0.08348248357691176
CXCR3-,MS,CSF_31,TTCTCCTAGATCTGAA-1,-0.09834107806026707
CXCR3-,MS,CSF_31,TTCTCCTAGGTGATTA-1,0.07384090305415345
CXCR3+,MS,CSF_31,TTCTTAGAGACACGAC-1,0.4177894873662904
CXCR3+,MS,CSF_31,TTCTTAGCATACTCTT-1,-0.2922869222492637
CXCR3+,MS,CSF_31,TTGAACGTCTATCCCG-1,-0.09834107806026707
CXCR3+,MS,CSF_31,TTGAACGTCTGCCCTA-1,0.2310007889114869
CXCR3-,MS,CSF_31,TTGACTTGTATGGTTC-1,0.10399005884457349
CXCR3+,MS,CSF_31,TTGCCGTGTAAAGGAG-1,-0.09834107806026707
CXCR3+,MS,CSF_31,TTGCCGTGTAACGCGA-1,-0.08322199447953262
CXCR3+,MS,CSF_31,TTGCCGTGTCTAGTGT-1,-0.2486776934903983
CXCR3-,MS,CSF_31,TTGCGTCAGTGCTGCC-1,-0.09834107806026707
CXCR3+,MS,CSF_31,TTGCGTCGTAATCACC-1,-0.48949174659281625
CXCR3-,MS,CSF_31,TTGGAACGTAAGGGAA-1,0.21617428325749338
CXCR3-,MS,CSF_31,TTGGAACTCACTCCTG-1,0.19798866382124583
CXCR3+,MS,CSF_31,TTGGCAAAGGGATACC-1,0.027515392541420183
CXCR3-,MS,CSF_31,TTGGCAATCACGGTTA-1,-0.26982763088096784
CXCR3-,MS,CSF_31,TTGTAGGTCTGCAGTA-1,0.29086032098576503
CXCR3-,MS,CSF_31,TTTATGCCACTTCTGC-1,-0.40753095603519746
CXCR3+,MS,CSF_31,TTTATGCGTCTCAACA-1,-0.3928632239666632
CXCR3+,MS,CSF_31,TTTCCTCCAGGTGCCT-1,0.21269394539799794
CXCR3+,MS,CSF_31,TTTCCTCGTCTTGCGG-1,0.6638641209592037
CXCR3+,MS,CSF_31,TTTCCTCTCTGAGGGA-1,-0.09050566551980728
CXCR3+,MS,CSF_31,TTTGCGCTCTTTACGT-1,-0.600897777559277
CXCR3+,MS,CSF_31,TTTGTCACAAGCCGCT-1,0.49647745195211085
CXCR3+,MS,CSF_31,TTTGTCACACCACGTG-1,0.05907737771768682
CXCR3-,MS,MS19270_CSF,GSM4104122_AAACCTGAGTGGGCTA-1,0.27958469966657507
CXCR3-,MS,MS19270_CSF,GSM4104122_AAACGGGCAGCTTCGG-1,0.2386336015959082
CXCR3-,MS,MS19270_CSF,GSM4104122_AAACGGGGTCACCTAA-1,-0.18520800367915294
CXCR3-,MS,MS19270_CSF,GSM4104122_AAACGGGGTGTGAAAT-1,-0.2652705413734709
CXCR3+,MS,MS19270_CSF,GSM4104122_AAACGGGTCCTTGACC-1,-0.22812123725149572
CXCR3-,MS,MS19270_CSF,GSM4104122_AAAGATGGTAGGACAC-1,-0.5478787512172254
CXCR3+,MS,MS19270_CSF,GSM4104122_AAAGATGGTTGTGGAG-1,0.08585510569364617
CXCR3-,MS,MS19270_CSF,GSM4104122_AAAGATGTCCCTGACT-1,0.014846747075145788
CXCR3-,MS,MS19270_CSF,GSM4104122_AAAGATGTCTTGAGGT-1,-0.17509145132538023
CXCR3+,MS,MS19270_CSF,GSM4104122_AAAGCAAGTTCCACGG-1,-0.09834107806026707
CXCR3-,MS,MS19270_CSF,GSM4104122_AAAGTAGAGACTCGGA-1,-0.09834107806026707
CXCR3-,MS,MS19270_CSF,GSM4104122_AAAGTAGAGCCAGTTT-1,-0.43810600068801975
CXCR3-,MS,MS19270_CSF,GSM4104122_AAAGTAGCATTACGAC-1,0.5612228010903196
CXCR3-,MS,MS19270_CSF,GSM4104122_AAAGTAGGTAGCAAAT-1,-0.09834107806026707
CXCR3+,MS,MS19270_CSF,GSM4104122_AACACGTTCTGAGGGA-1,0.28588162824802615
CXCR3-,MS,MS19270_CSF,GSM4104122_AACCATGGTCCGTTAA-1,0.15416109387694243
CXCR3-,MS,MS19270_CSF,GSM4104122_AACTCAGCATCACAAC-1,0.24141811766089746
CXCR3-,MS,MS19270_CSF,GSM4104122_AACTCCCAGCCATCGC-1,-0.09834107806026707
CXCR3-,MS,MS19270_CSF,GSM4104122_AACTCCCGTCTTCGTC-1,-0.2613373706531816
CXCR3-,MS,MS19270_CSF,GSM4104122_AACTCTTCACATTAGC-1,-0.09834107806026707
CXCR3-,MS,MS19270_CSF,GSM4104122_AACTCTTGTTCCCGAG-1,-0.09834107806026707
CXCR3+,MS,MS19270_CSF,GSM4104122_AACTGGTGTAGTACCT-1,0.17105401080112528
CXCR3-,MS,MS19270_CSF,GSM4104122_AAGACCTGTCCATCCT-1,-0.47892871506594875
CXCR3+,MS,MS19270_CSF,GSM4104122_AAGCCGCGTTGCCTCT-1,-0.09834107806026707
CXCR3-,MS,MS19270_CSF,GSM4104122_AAGGCAGAGCTCTCGG-1,-0.08433441108057335
CXCR3-,MS,MS19270_CSF,GSM4104122_AAGGCAGGTCCAGTGC-1,-0.09834107806026707
CXCR3-,MS,MS19270_CSF,GSM4104122_AAGGTTCGTAAGTGTA-1,-0.06329339545546422
CXCR3-,MS,MS19270_CSF,GSM4104122_AAGGTTCTCTTGCAAG-1,0.1641420439124182
CXCR3-,MS,MS19270_CSF,GSM4104122_AAGTCTGGTGCAACTT-1,0.46054014527974724
CXCR3+,MS,MS19270_CSF,GSM4104122_AAGTCTGGTGTGCGTC-1,-0.09834107806026707
CXCR3+,MS,MS19270_CSF,GSM4104122_AATCCAGTCGATAGAA-1,-0.09834107806026707
CXCR3-,MS,MS19270_CSF,GSM4104122_AATCGGTGTTCGGGCT-1,0.3196812591656323
CXCR3+,MS,MS19270_CSF,GSM4104122_ACACCCTGTGCGATAG-1,-0.209539657839176
CXCR3-,MS,MS19270_CSF,GSM4104122_ACACCCTTCAGTACGT-1,0.18034125537728363
CXCR3-,MS,MS19270_CSF,GSM4104122_ACACCGGAGGTGACCA-1,-0.15972375050366688
CXCR3-,MS,MS19270_CSF,GSM4104122_ACACCGGCAGATAATG-1,-0.2471558800668419
CXCR3-,MS,MS19270_CSF,GSM4104122_ACAGCCGGTATCTGCA-1,0.2549189631553242
CXCR3-,MS,MS19270_CSF,GSM4104122_ACAGCTACAGGACCCT-1,-0.09834107806026707
CXCR3+,MS,MS19270_CSF,GSM4104122_ACATACGCACTGTCGG-1,-0.09834107806026707
CXCR3-,MS,MS19270_CSF,GSM4104122_ACATACGCACTTAACG-1,-0.20949490168350754
CXCR3-,MS,MS19270_CSF,GSM4104122_ACATCAGCACTGTCGG-1,-0.09834107806026707
CXCR3-,MS,MS19270_CSF,GSM4104122_ACATCAGGTGGTTTCA-1,-0.5695671779106621
CXCR3-,MS,MS19270_CSF,GSM4104122_ACATCAGTCGGCTACG-1,-0.9202000237059609
CXCR3-,MS,MS19270_CSF,GSM4104122_ACATGGTCATCCTAGA-1,-0.38875473563813084
CXCR3-,MS,MS19270_CSF,GSM4104122_ACCAGTACACCAGTTA-1,-0.09834107806026707
CXCR3+,MS,MS19270_CSF,GSM4104122_ACCAGTATCATCGATG-1,-0.011672961127386234
CXCR3-,MS,MS19270_CSF,GSM4104122_ACCCACTCACAACTGT-1,0.19246875091540422
CXCR3-,MS,MS19270_CSF,GSM4104122_ACCCACTCAGACAGGT-1,-0.4132645628241803
CXCR3-,MS,MS19270_CSF,GSM4104122_ACCGTAAAGCAGCGTA-1,-0.5059404090421883
CXCR3-,MS,MS19270_CSF,GSM4104122_ACCGTAACAGCGAACA-1,-0.09834107806026707
CXCR3+,MS,MS19270_CSF,GSM4104122_ACCGTAAGTCCATGAT-1,0.13372507337563064
CXCR3+,MS,MS19270_CSF,GSM4104122_ACCTTTACACCCATTC-1,0.3308409323232074
CXCR3-,MS,MS19270_CSF,GSM4104122_ACCTTTATCACCAGGC-1,-0.6517439452673105
CXCR3-,MS,MS19270_CSF,GSM4104122_ACGAGCCTCGCCGTGA-1,-0.09834107806026707
CXCR3-,MS,MS19270_CSF,GSM4104122_ACGAGGAGTGATGTGG-1,-0.09834107806026707
CXCR3-,MS,MS19270_CSF,GSM4104122_ACGAGGATCCCTCAGT-1,0.10251395286828587
CXCR3-,MS,MS19270_CSF,GSM4104122_ACGAGGATCCTATGTT-1,-0.2943896072911391
CXCR3-,MS,MS19270_CSF,GSM4104122_ACGATACCAGTAAGCG-1,-0.32561422624111497
CXCR3-,MS,MS19270_CSF,GSM4104122_ACGATACGTCCGAGTC-1,-0.4164375070843277
CXCR3+,MS,MS19270_CSF,GSM4104122_ACGATACTCGAATCCA-1,0.4315201926572539
CXCR3-,MS,MS19270_CSF,GSM4104122_ACGATACTCGACCAGC-1,-0.004886218682034982
CXCR3-,MS,MS19270_CSF,GSM4104122_ACGATGTCATTAGGCT-1,-0.2417553524029184
CXCR3+,MS,MS19270_CSF,GSM4104122_ACGATGTGTAGCGATG-1,-0.09834107806026707
CXCR3-,MS,MS19270_CSF,GSM4104122_ACGATGTGTCAGAATA-1,-0.09834107806026707
CXCR3-,MS,MS19270_CSF,GSM4104122_ACGCAGCCAAACTGCT-1,0.5210776527403971
CXCR3-,MS,MS19270_CSF,GSM4104122_ACGCAGCGTTATCCGA-1,-0.25973403274714385
CXCR3-,MS,MS19270_CSF,GSM4104122_ACGCCAGCACACCGAC-1,-0.042696647838534565
CXCR3-,MS,MS19270_CSF,GSM4104122_ACGCCGACACCATGTA-1,-0.19197546677862598
CXCR3+,MS,MS19270_CSF,GSM4104122_ACGGCCACATTGCGGC-1,-0.09834107806026707
CXCR3-,MS,MS19270_CSF,GSM4104122_ACGGCCATCTCGTTTA-1,-0.6985320131861206
CXCR3-,MS,MS19270_CSF,GSM4104122_ACGGGTCCACCGAAAG-1,-0.0822145133534069
CXCR3-,MS,MS19270_CSF,GSM4104122_ACGGGTCGTAGCTCCG-1,0.02619506471884747
CXCR3-,MS,MS19270_CSF,GSM4104122_ACGTCAATCCTCTAGC-1,-0.2452904343003573
CXCR3+,MS,MS19270_CSF,GSM4104122_ACTGAACCACGACTCG-1,-0.09834107806026707
CXCR3-,MS,MS19270_CSF,GSM4104122_ACTGATGCATACAGCT-1,0.15814570773042003
CXCR3-,MS,MS19270_CSF,GSM4104122_ACTGCTCCAGTGGAGT-1,-0.09834107806026707
CXCR3-,MS,MS19270_CSF,GSM4104122_ACTGCTCGTTGAACTC-1,-0.3169246260113741
CXCR3-,MS,MS19270_CSF,GSM4104122_ACTGCTCTCATCGATG-1,0.12749676068280932
CXCR3+,MS,MS19270_CSF,GSM4104122_ACTGTCCCATTGGGCC-1,-0.09834107806026707
CXCR3-,MS,MS19270_CSF,GSM4104122_ACTGTCCGTGTCAATC-1,0.20736460262331913
CXCR3+,MS,MS19270_CSF,GSM4104122_ACTGTCCTCCTCAACC-1,-0.09834107806026707
CXCR3+,MS,MS19270_CSF,GSM4104122_ACTTACTAGCGTGAAC-1,0.2248456076305305
CXCR3-,MS,MS19270_CSF,GSM4104122_ACTTACTAGCTCCTCT-1,0.12361030093352506
CXCR3-,MS,MS19270_CSF,GSM4104122_ACTTACTAGTCCATAC-1,-0.09834107806026707
CXCR3-,MS,MS19270_CSF,GSM4104122_ACTTGTTCACGTTGGC-1,-0.22722241168008858
CXCR3+,MS,MS19270_CSF,GSM4104122_ACTTTCAAGCAAATCA-1,0.20213739148320695
CXCR3-,MS,MS19270_CSF,GSM4104122_ACTTTCAAGTACGCGA-1,-0.7524391486928289
CXCR3+,MS,MS19270_CSF,GSM4104122_AGACGTTCATCGATGT-1,0.03701454820849346
CXCR3-,MS,MS19270_CSF,GSM4104122_AGACGTTGTATCTGCA-1,-0.23187914251091593
CXCR3+,MS,MS19270_CSF,GSM4104122_AGAGCGACACAGTCGC-1,-0.32488963497853646
CXCR3-,MS,MS19270_CSF,GSM4104122_AGAGCTTTCACATACG-1,-0.09834107806026707
CXCR3+,MS,MS19270_CSF,GSM4104122_AGATCTGAGCTGTCTA-1,0.05721740444736625
CXCR3-,MS,MS19270_CSF,GSM4104122_AGATTGCAGGCTAGGT-1,0.24411356944455995
CXCR3-,MS,MS19270_CSF,GSM4104122_AGATTGCCACGGTAAG-1,-0.3882905535016769
CXCR3-,MS,MS19270_CSF,GSM4104122_AGATTGCTCCTATTCA-1,0.19362048839570165
CXCR3-,MS,MS19270_CSF,GSM4104122_AGCAGCCAGACAGACC-1,-0.09834107806026707
CXCR3+,MS,MS19270_CSF,GSM4104122_AGCAGCCTCTGCGACG-1,-0.3167253841790401
CXCR3-,MS,MS19270_CSF,GSM4104122_AGCATACTCCAAACAC-1,0.2682243655095528
CXCR3-,MS,MS19270_CSF,GSM4104122_AGCCTAAGTATGCTTG-1,-0.09834107806026707
CXCR3+,MS,MS19270_CSF,GSM4104122_AGCGGTCAGATAGCAT-1,-0.09834107806026707
CXCR3+,MS,MS19270_CSF,GSM4104122_AGCGGTCAGGTTCCTA-1,-0.09834107806026707
CXCR3-,MS,MS19270_CSF,GSM4104122_AGCGGTCTCGGAGGTA-1,0.17945725675550764
CXCR3-,MS,MS19270_CSF,GSM4104122_AGCGTATCAGCGTTCG-1,-0.09834107806026707
CXCR3+,MS,MS19270_CSF,GSM4104122_AGCGTCGAGCCCTAAT-1,-0.42527090913824594
CXCR3+,MS,MS19270_CSF,GSM4104122_AGCGTCGCATTCCTCG-1,-0.2956120938429612
CXCR3-,MS,MS19270_CSF,GSM4104122_AGCTCCTGTGCACTTA-1,-0.09834107806026707
CXCR3-,MS,MS19270_CSF,GSM4104122_AGCTCCTTCGGTCCGA-1,-0.09834107806026707
CXCR3-,MS,MS19270_CSF,GSM4104122_AGCTCTCAGCGACGTA-1,-0.09834107806026707
CXCR3-,MS,MS19270_CSF,GSM4104122_AGCTTGAAGGCTAGCA-1,0.27017348678066067
CXCR3-,MS,MS19270_CSF,GSM4104122_AGGGATGCACAGACAG-1,-0.09834107806026707
CXCR3-,MS,MS19270_CSF,GSM4104122_AGGGATGGTCTCTTTA-1,-0.09834107806026707
CXCR3+,MS,MS19270_CSF,GSM4104122_AGGTCATAGCAATCTC-1,-0.3891043838755855
CXCR3-,MS,MS19270_CSF,GSM4104122_AGGTCATGTTCAACCA-1,-0.258232977954454
CXCR3-,MS,MS19270_CSF,GSM4104122_AGGTCATGTTCCTCCA-1,0.023895362669893765
CXCR3-,MS,MS19270_CSF,GSM4104122_AGGTCCGTCATTTGGG-1,-0.1918253000920054
CXCR3+,MS,MS19270_CSF,GSM4104122_AGTAGTCTCCATGCTC-1,-0.2416061177424098
CXCR3+,MS,MS19270_CSF,GSM4104122_AGTAGTCTCTACTTAC-1,-0.09834107806026707
CXCR3-,MS,MS19270_CSF,GSM4104122_AGTCTTTGTGGCAAAC-1,-0.25329103514666645
CXCR3-,MS,MS19270_CSF,GSM4104122_AGTCTTTGTTAAGGGC-1,-0.21589491841528957
CXCR3+,MS,MS19270_CSF,GSM4104122_AGTGTCAAGACACTAA-1,0.07453141389967953
CXCR3-,MS,MS19270_CSF,GSM4104122_AGTGTCAAGCTCAACT-1,-0.09834107806026707
CXCR3+,MS,MS19270_CSF,GSM4104122_AGTGTCACAATGGACG-1,-0.9031611790714859
CXCR3+,MS,MS19270_CSF,GSM4104122_ATAACGCAGCCAGGAT-1,-0.09834107806026707
CXCR3+,MS,MS19270_CSF,GSM4104122_ATAGACCAGGCTAGAC-1,-0.36050955501164655
CXCR3-,MS,MS19270_CSF,GSM4104122_ATAGACCCACCATGTA-1,-0.23192135905431907
CXCR3+,MS,MS19270_CSF,GSM4104122_ATCACGAAGATGTTAG-1,-0.008709130175294066
CXCR3+,MS,MS19270_CSF,GSM4104122_ATCACGACACTCAGGC-1,0.2143455022873804
CXCR3+,MS,MS19270_CSF,GSM4104122_ATCACGACATCACAAC-1,0.2633888729884315
CXCR3-,MS,MS19270_CSF,GSM4104122_ATCACGAGTCCTCCAT-1,-0.09834107806026707
CXCR3+,MS,MS19270_CSF,GSM4104122_ATCATCTCAAGAGTCG-1,-0.09834107806026707
CXCR3+,MS,MS19270_CSF,GSM4104122_ATCATCTCATTTCAGG-1,-0.09834107806026707
CXCR3-,MS,MS19270_CSF,GSM4104122_ATCATGGTCATAGCAC-1,-0.11285329744428803
CXCR3+,MS,MS19270_CSF,GSM4104122_ATCCACCAGTTCGCGC-1,-1.2207154348809488
CXCR3+,MS,MS19270_CSF,GSM4104122_ATCCACCCACTCGACG-1,-0.14734339778340688
CXCR3+,MS,MS19270_CSF,GSM4104122_ATCCGAACATGTCTCC-1,-0.09834107806026707
CXCR3+,MS,MS19270_CSF,GSM4104122_ATCGAGTTCTCAACTT-1,-0.2462909654653726
CXCR3-,MS,MS19270_CSF,GSM4104122_ATCTACTCAGCTATTG-1,-0.3029708288163579
CXCR3+,MS,MS19270_CSF,GSM4104122_ATCTGCCTCTGCCCTA-1,-0.05350768447141136
CXCR3+,MS,MS19270_CSF,GSM4104122_ATGAGGGAGTGTACCT-1,0.17994624065019557
CXCR3-,MS,MS19270_CSF,GSM4104122_ATGAGGGGTCGGGTCT-1,0.25369441622214894
CXCR3-,MS,MS19270_CSF,GSM4104122_ATGAGGGGTTACCGAT-1,0.24458758007688858
CXCR3-,MS,MS19270_CSF,GSM4104122_ATGGGAGGTACGAAAT-1,0.138908389261953
CXCR3-,MS,MS19270_CSF,GSM4104122_ATGGGAGGTTCAACCA-1,-0.4530078548858927
CXCR3+,MS,MS19270_CSF,GSM4104122_ATGTGTGTCAACCATG-1,0.006318046439721426
CXCR3-,MS,MS19270_CSF,GSM4104122_ATTACTCCACATTAGC-1,0.018445970616429115
CXCR3-,MS,MS19270_CSF,GSM4104122_ATTACTCCAGTTTACG-1,-0.2000569051411385
CXCR3-,MS,MS19270_CSF,GSM4104122_ATTATCCCACTCGACG-1,-0.09834107806026707
CXCR3+,MS,MS19270_CSF,GSM4104122_ATTATCCCATGGTAGG-1,0.8190431065479231
CXCR3-,MS,MS19270_CSF,GSM4104122_ATTATCCGTACTTCTT-1,-0.17506911999422206
CXCR3-,MS,MS19270_CSF,GSM4104122_ATTCTACAGGCATTGG-1,-0.6377466015905133
CXCR3+,MS,MS19270_CSF,GSM4104122_ATTCTACTCAAACAAG-1,0.0050285937552319165
CXCR3-,MS,MS19270_CSF,GSM4104122_ATTGGACAGATAGCAT-1,-0.09834107806026707
CXCR3+,MS,MS19270_CSF,GSM4104122_ATTGGTGGTCACCCAG-1,-0.04480350378843363
CXCR3-,MS,MS19270_CSF,GSM4104122_ATTGGTGGTTAAGATG-1,-0.012017160855888744
CXCR3-,MS,MS19270_CSF,GSM4104122_ATTTCTGTCACATAGC-1,0.2769879138117403
CXCR3+,MS,MS19270_CSF,GSM4104122_CAACCAACATACGCTA-1,-0.03374029853438993
CXCR3-,MS,MS19270_CSF,GSM4104122_CAACCAACATGATCCA-1,-0.09834107806026707
CXCR3+,MS,MS19270_CSF,GSM4104122_CAACCAATCTAACTGG-1,0.30822352159446276
CXCR3-,MS,MS19270_CSF,GSM4104122_CAACCTCCATGTAAGA-1,-1.2976046608548149
CXCR3-,MS,MS19270_CSF,GSM4104122_CAACTAGGTTCCCGAG-1,-0.09834107806026707
CXCR3-,MS,MS19270_CSF,GSM4104122_CAAGATCGTTCCGTCT-1,-0.7317236570489511
CXCR3-,MS,MS19270_CSF,GSM4104122_CAAGGCCGTTGAGGTG-1,-0.06989291589570153
CXCR3-,MS,MS19270_CSF,GSM4104122_CAAGTTGAGCTCCCAG-1,0.13802817935796088
CXCR3-,MS,MS19270_CSF,GSM4104122_CACACAAAGCTGAAAT-1,-0.09834107806026707
CXCR3-,MS,MS19270_CSF,GSM4104122_CACACAACAAATTGCC-1,-0.26693948955434776
CXCR3-,MS,MS19270_CSF,GSM4104122_CACACCTAGCGAGAAA-1,0.18766180589421186
CXCR3-,MS,MS19270_CSF,GSM4104122_CACAGTACAGTCAGCC-1,-0.09834107806026707
CXCR3-,MS,MS19270_CSF,GSM4104122_CACATAGGTCGAAAGC-1,0.18266198666980182
CXCR3-,MS,MS19270_CSF,GSM4104122_CACATTTCACGAGAGT-1,-0.09834107806026707
CXCR3+,MS,MS19270_CSF,GSM4104122_CACATTTTCCCAAGTA-1,-0.3397045191555406
CXCR3-,MS,MS19270_CSF,GSM4104122_CACATTTTCCGTCATC-1,-0.2987011212200893
CXCR3+,MS,MS19270_CSF,GSM4104122_CACCACTCACCGAATT-1,0.09038495494502204
CXCR3+,MS,MS19270_CSF,GSM4104122_CACCAGGAGACGCAAC-1,0.20273177664276254
CXCR3-,MS,MS19270_CSF,GSM4104122_CACCAGGAGCTAGTTC-1,0.04865800605797309
CXCR3+,MS,MS19270_CSF,GSM4104122_CACCAGGCACAGACTT-1,0.07004740603670472
CXCR3-,MS,MS19270_CSF,GSM4104122_CACCAGGCAGTGGAGT-1,-0.6166397282391053
CXCR3-,MS,MS19270_CSF,GSM4104122_CACCAGGGTGATGATA-1,0.49775150036363985
CXCR3-,MS,MS19270_CSF,GSM4104122_CACCAGGTCAAAGACA-1,-0.696590536830422
CXCR3-,MS,MS19270_CSF,GSM4104122_CACCTTGCAACACCTA-1,-0.034116674715670654
CXCR3-,MS,MS19270_CSF,GSM4104122_CACCTTGGTGCAGACA-1,-0.09834107806026707
CXCR3+,MS,MS19270_CSF,GSM4104122_CACCTTGTCGTACCGG-1,0.040016364925107635
CXCR3-,MS,MS19270_CSF,GSM4104122_CAGAATCAGCTAGGCA-1,-0.6457693670799293
CXCR3-,MS,MS19270_CSF,GSM4104122_CAGAGAGTCAACTCTT-1,-0.3357807012397032
CXCR3+,MS,MS19270_CSF,GSM4104122_CAGATCACAGTGGAGT-1,0.6221983910691222
CXCR3+,MS,MS19270_CSF,GSM4104122_CAGATCAGTCCGTTAA-1,0.0033792074890340623
CXCR3-,MS,MS19270_CSF,GSM4104122_CAGATCATCCGCAAGC-1,-0.09834107806026707
CXCR3-,MS,MS19270_CSF,GSM4104122_CAGCAGCAGTCTCAAC-1,-0.43195282992072365
CXCR3-,MS,MS19270_CSF,GSM4104122_CAGCAGCCACGGTGTC-1,-0.09834107806026707
CXCR3-,MS,MS19270_CSF,GSM4104122_CAGCAGCGTCGGCTCA-1,-0.09834107806026707
CXCR3+,MS,MS19270_CSF,GSM4104122_CAGCAGCTCACTATTC-1,0.09014015124382982
CXCR3+,MS,MS19270_CSF,GSM4104122_CAGCAGCTCGCCTGAG-1,-0.024606074092282944
CXCR3-,MS,MS19270_CSF,GSM4104122_CAGCCGACATGACGGA-1,-0.09834107806026707
CXCR3+,MS,MS19270_CSF,GSM4104122_CAGCGACTCAGTTCGA-1,-0.2297046740773839
CXCR3-,MS,MS19270_CSF,GSM4104122_CAGCTGGAGTAGCGGT-1,-0.09834107806026707
CXCR3-,MS,MS19270_CSF,GSM4104122_CAGCTGGTCCGAGCCA-1,-0.5489016153939147
CXCR3-,MS,MS19270_CSF,GSM4104122_CAGGTGCAGCCACGTC-1,0.4894219379248259
CXCR3-,MS,MS19270_CSF,GSM4104122_CAGTAACCAAGGCTCC-1,0.3892566048130104
CXCR3+,MS,MS19270_CSF,GSM4104122_CAGTAACTCGTCCGTT-1,-0.09834107806026707
CXCR3-,MS,MS19270_CSF,GSM4104122_CAGTCCTAGAGGGATA-1,-0.24965933946743118
CXCR3-,MS,MS19270_CSF,GSM4104122_CAGTCCTAGGCAAAGA-1,0.27866826119547755
CXCR3-,MS,MS19270_CSF,GSM4104122_CAGTCCTCAATTGCTG-1,-0.4785573075591361
CXCR3+,MS,MS19270_CSF,GSM4104122_CATATGGCACATGACT-1,-0.48905787984053906
CXCR3-,MS,MS19270_CSF,GSM4104122_CATATGGGTGTTTGGT-1,-0.09834107806026707
CXCR3-,MS,MS19270_CSF,GSM4104122_CATATTCCAAAGGCGT-1,0.11732266142098668
CXCR3+,MS,MS19270_CSF,GSM4104122_CATCAAGCAAGCCATT-1,0.23678621967526278
CXCR3-,MS,MS19270_CSF,GSM4104122_CATCAAGGTGGGTATG-1,0.42164155088687477
CXCR3+,MS,MS19270_CSF,GSM4104122_CATCCACAGAATTGTG-1,-0.20429971463437815
CXCR3-,MS,MS19270_CSF,GSM4104122_CATCGAAGTCCGTGAC-1,0.36733834989949854
CXCR3+,MS,MS19270_CSF,GSM4104122_CATGACAGTCAGAAGC-1,-0.09834107806026707
CXCR3-,MS,MS19270_CSF,GSM4104122_CATGGCGTCCCAACGG-1,-0.05199244907116048
CXCR3+,MS,MS19270_CSF,GSM4104122_CATTCGCAGACTACAA-1,0.13352137148735796
CXCR3-,MS,MS19270_CSF,GSM4104122_CCAATCCCACCACGTG-1,-0.854665014866319
CXCR3-,MS,MS19270_CSF,GSM4104122_CCAATCCGTGCACGAA-1,0.41359801936107227
CXCR3-,MS,MS19270_CSF,GSM4104122_CCAATCCTCACATGCA-1,-0.09834107806026707
CXCR3-,MS,MS19270_CSF,GSM4104122_CCACCTAAGCTATGCT-1,0.13190532127756455
CXCR3-,MS,MS19270_CSF,GSM4104122_CCACGGAAGGCAGTCA-1,-0.20393659610364084
CXCR3+,MS,MS19270_CSF,GSM4104122_CCACGGACATTTGCTT-1,-0.09834107806026707
CXCR3-,MS,MS19270_CSF,GSM4104122_CCACGGAGTACACCGC-1,0.1655375019795549
CXCR3+,MS,MS19270_CSF,GSM4104122_CCACGGAGTCCAGTAT-1,-0.3591851837037396
CXCR3+,MS,MS19270_CSF,GSM4104122_CCACTACGTAAGTGGC-1,-0.28886930784846737
CXCR3-,MS,MS19270_CSF,GSM4104122_CCAGCGAAGAATGTGT-1,-0.09834107806026707
CXCR3+,MS,MS19270_CSF,GSM4104122_CCAGCGAGTGACAAAT-1,0.06025033181086812
CXCR3+,MS,MS19270_CSF,GSM4104122_CCATGTCTCAACGAAA-1,-0.17399582272936528
CXCR3-,MS,MS19270_CSF,GSM4104122_CCATTCGCACAGACTT-1,-0.034086126159951644
CXCR3-,MS,MS19270_CSF,GSM4104122_CCATTCGGTACTCAAC-1,-0.3608062906835346
CXCR3-,MS,MS19270_CSF,GSM4104122_CCCAATCCAGCAGTTT-1,-0.09834107806026707
CXCR3-,MS,MS19270_CSF,GSM4104122_CCCAATCCAGCGTAAG-1,-0.09834107806026707
CXCR3-,MS,MS19270_CSF,GSM4104122_CCCAATCTCGGCTTGG-1,-0.3095403651844068
CXCR3+,MS,MS19270_CSF,GSM4104122_CCCAGTTTCTAACTGG-1,-0.09834107806026707
CXCR3-,MS,MS19270_CSF,GSM4104122_CCCTCCTAGACAATAC-1,0.6455217678487336
CXCR3-,MS,MS19270_CSF,GSM4104122_CCGGGATGTAGGACAC-1,-0.3384259715301981
CXCR3+,MS,MS19270_CSF,GSM4104122_CCGGGATTCAAGGTAA-1,-0.09834107806026707
CXCR3-,MS,MS19270_CSF,GSM4104122_CCGGGATTCAGCAACT-1,-0.30745289727346803
CXCR3-,MS,MS19270_CSF,GSM4104122_CCGTACTCACATTAGC-1,-0.3311450498085201
CXCR3-,MS,MS19270_CSF,GSM4104122_CCGTGGACAACTGGCC-1,-0.2043877692958406
CXCR3-,MS,MS19270_CSF,GSM4104122_CCGTGGACACATGTGT-1,0.32602010166246803
CXCR3-,MS,MS19270_CSF,GSM4104122_CCGTGGATCAATCTCT-1,-0.09834107806026707
CXCR3+,MS,MS19270_CSF,GSM4104122_CCGTTCAAGGTACTCT-1,0.16958412066741677
CXCR3-,MS,MS19270_CSF,GSM4104122_CCGTTCACAGATCCAT-1,-0.09834107806026707
CXCR3+,MS,MS19270_CSF,GSM4104122_CCTAAAGTCTTTAGGG-1,-0.3034856549922395
CXCR3-,MS,MS19270_CSF,GSM4104122_CCTACACCAAACCTAC-1,-0.09834107806026707
CXCR3-,MS,MS19270_CSF,GSM4104122_CCTACCACATCTACGA-1,-0.26031412930898107
CXCR3-,MS,MS19270_CSF,GSM4104122_CCTCAGTAGGTGATAT-1,-0.2210544785494091
CXCR3-,MS,MS19270_CSF,GSM4104122_CCTCAGTGTTATGCGT-1,-0.09834107806026707
CXCR3-,MS,MS19270_CSF,GSM4104122_CCTCTGATCAGCTTAG-1,-0.09834107806026707
CXCR3-,MS,MS19270_CSF,GSM4104122_CCTCTGATCCAGAGGA-1,-0.33562878262904483
CXCR3-,MS,MS19270_CSF,GSM4104122_CCTTACGAGACTGGGT-1,0.07280060838144166
CXCR3-,MS,MS19270_CSF,GSM4104122_CCTTCGAGTCTCCACT-1,0.24358130681223525
CXCR3+,MS,MS19270_CSF,GSM4104122_CCTTTCTCACATTTCT-1,-0.09834107806026707
CXCR3-,MS,MS19270_CSF,GSM4104122_CCTTTCTCAGATTGCT-1,-0.09834107806026707
CXCR3+,MS,MS19270_CSF,GSM4104122_CCTTTCTCATGCATGT-1,-0.6614150762277656
CXCR3-,MS,MS19270_CSF,GSM4104122_CCTTTCTGTTGTGGCC-1,-0.09834107806026707
CXCR3-,MS,MS19270_CSF,GSM4104122_CGAACATGTCGCCATG-1,0.2468918684127212
CXCR3-,MS,MS19270_CSF,GSM4104122_CGAATGTTCGCAAACT-1,-0.20567247184257287
CXCR3+,MS,MS19270_CSF,GSM4104122_CGAGAAGAGGCTAGCA-1,0.3765082657917521
CXCR3+,MS,MS19270_CSF,GSM4104122_CGAGAAGGTCAATACC-1,-0.09834107806026707
CXCR3+,MS,MS19270_CSF,GSM4104122_CGAGAAGGTCATTAGC-1,0.2275515423480982
CXCR3-,MS,MS19270_CSF,GSM4104122_CGAGCCACAGCGTAAG-1,-0.09834107806026707
CXCR3+,MS,MS19270_CSF,GSM4104122_CGATCGGAGATCGATA-1,-0.09834107806026707
CXCR3+,MS,MS19270_CSF,GSM4104122_CGATGGCAGCGGATCA-1,0.10200073567719455
CXCR3-,MS,MS19270_CSF,GSM4104122_CGATGGCAGTACGCCC-1,-0.44438139108908464
CXCR3-,MS,MS19270_CSF,GSM4104122_CGATGGCCAGGTCGTC-1,-0.09834107806026707
CXCR3-,MS,MS19270_CSF,GSM4104122_CGATGGCTCTCTAGGA-1,0.012999102784753675
CXCR3-,MS,MS19270_CSF,GSM4104122_CGATGTAAGCTACCGC-1,0.0393012344401046
CXCR3+,MS,MS19270_CSF,GSM4104122_CGCCAAGTCGGAATCT-1,-0.27071433065641587
CXCR3-,MS,MS19270_CSF,GSM4104122_CGCGGTAGTCTGATCA-1,0.13820918863200407
CXCR3+,MS,MS19270_CSF,GSM4104122_CGCGTTTTCTGCGTAA-1,-0.8370527964541198
CXCR3-,MS,MS19270_CSF,GSM4104122_CGCTATCGTGCAGACA-1,-0.09834107806026707
CXCR3+,MS,MS19270_CSF,GSM4104122_CGCTATCGTGTCTGAT-1,-0.4033473252027088
CXCR3+,MS,MS19270_CSF,GSM4104122_CGCTATCTCACCAGGC-1,-0.1326846943007153
CXCR3+,MS,MS19270_CSF,GSM4104122_CGCTATCTCGAGCCCA-1,-0.014846635226478746
CXCR3-,MS,MS19270_CSF,GSM4104122_CGCTTCAAGCGTTTAC-1,0.05225092704949395
CXCR3-,MS,MS19270_CSF,GSM4104122_CGCTTCACAAAGTCAA-1,-0.016459894810157052
CXCR3-,MS,MS19270_CSF,GSM4104122_CGCTTCACATGTCCTC-1,0.02535440547008949
CXCR3-,MS,MS19270_CSF,GSM4104122_CGCTTCATCGCAAGCC-1,-0.2332240593826684
CXCR3+,MS,MS19270_CSF,GSM4104122_CGGACACGTGTAATGA-1,0.26887854613466217
CXCR3-,MS,MS19270_CSF,GSM4104122_CGGACACTCCTTGCCA-1,0.6091898919630797
CXCR3+,MS,MS19270_CSF,GSM4104122_CGGACACTCTTCGGTC-1,-0.09834107806026707
CXCR3-,MS,MS19270_CSF,GSM4104122_CGGACGTAGCTCAACT-1,-0.25695490198970544
CXCR3-,MS,MS19270_CSF,GSM4104122_CGGACGTAGGCTCAGA-1,0.2874566235968832
CXCR3-,MS,MS19270_CSF,GSM4104122_CGGACGTCAATGCCAT-1,-0.05625650427255631
CXCR3-,MS,MS19270_CSF,GSM4104122_CGGACGTTCGAATCCA-1,0.45739503768658313
CXCR3-,MS,MS19270_CSF,GSM4104122_CGGACTGAGAAGAAGC-1,-0.03462998908178029
CXCR3-,MS,MS19270_CSF,GSM4104122_CGGACTGCAAGAAGAG-1,-0.09834107806026707
CXCR3-,MS,MS19270_CSF,GSM4104122_CGGACTGGTACAAGTA-1,0.10848662177129242
CXCR3-,MS,MS19270_CSF,GSM4104122_CGGACTGGTACAGACG-1,-0.34121381315721105
CXCR3-,MS,MS19270_CSF,GSM4104122_CGGAGCTAGGCTAGCA-1,0.1272056183559687
CXCR3-,MS,MS19270_CSF,GSM4104122_CGGAGCTCATGCCCGA-1,-0.09834107806026707
CXCR3-,MS,MS19270_CSF,GSM4104122_CGGAGTCCAGATCGGA-1,0.15487083082711386
CXCR3-,MS,MS19270_CSF,GSM4104122_CGGCTAGGTCTACCTC-1,-0.09834107806026707
CXCR3-,MS,MS19270_CSF,GSM4104122_CGGGTCATCTCTTGAT-1,-0.09834107806026707
CXCR3-,MS,MS19270_CSF,GSM4104122_CGGTTAAAGAAACCGC-1,-0.2697532206161192
CXCR3+,MS,MS19270_CSF,GSM4104122_CGTAGCGGTGCCTGGT-1,-0.09834107806026707
CXCR3+,MS,MS19270_CSF,GSM4104122_CGTAGCGTCGTACGGC-1,-0.09834107806026707
CXCR3+,MS,MS19270_CSF,GSM4104122_CGTCACTAGACCTAGG-1,-0.09834107806026707
CXCR3-,MS,MS19270_CSF,GSM4104122_CGTCACTAGATATGGT-1,-0.9529459675362334
CXCR3+,MS,MS19270_CSF,GSM4104122_CGTCACTGTTAGGGTG-1,0.11088425840338696
CXCR3+,MS,MS19270_CSF,GSM4104122_CGTCAGGCACAGGAGT-1,-0.7232766356106454
CXCR3-,MS,MS19270_CSF,GSM4104122_CGTCAGGCAGCTTAAC-1,-0.09834107806026707
CXCR3-,MS,MS19270_CSF,GSM4104122_CGTCCATGTCTCCATC-1,-0.09834107806026707
CXCR3+,MS,MS19270_CSF,GSM4104122_CGTCCATTCACAACGT-1,-0.09834107806026707
CXCR3+,MS,MS19270_CSF,GSM4104122_CGTCTACCATATGGTC-1,-0.09834107806026707
CXCR3-,MS,MS19270_CSF,GSM4104122_CGTGAGCTCTTAGAGC-1,-0.09834107806026707
CXCR3+,MS,MS19270_CSF,GSM4104122_CGTGTAAGTTTAGCTG-1,0.02783755745797015
CXCR3-,MS,MS19270_CSF,GSM4104122_CGTGTCTCACCTTGTC-1,-0.21728877928627896
CXCR3-,MS,MS19270_CSF,GSM4104122_CGTGTCTTCGTCTGAA-1,-0.09834107806026707
CXCR3+,MS,MS19270_CSF,GSM4104122_CGTTAGAAGGAATCGC-1,-0.5459623870159862
CXCR3+,MS,MS19270_CSF,GSM4104122_CGTTCTGAGTTTAGGA-1,-0.7640760814871458
CXCR3-,MS,MS19270_CSF,GSM4104122_CGTTCTGTCCATGAGT-1,-0.2907096655094306
CXCR3-,MS,MS19270_CSF,GSM4104122_CTAACTTAGAGGGCTT-1,0.5366850099466386
CXCR3-,MS,MS19270_CSF,GSM4104122_CTAACTTTCTGATTCT-1,-0.003706096272311205
CXCR3+,MS,MS19270_CSF,GSM4104122_CTAAGACAGGCATGGT-1,-0.27242234214460886
CXCR3-,MS,MS19270_CSF,GSM4104122_CTAAGACCAATCCAAC-1,-0.09834107806026707
CXCR3+,MS,MS19270_CSF,GSM4104122_CTAAGACGTTGTCTTT-1,-0.1292403881877284
CXCR3-,MS,MS19270_CSF,GSM4104122_CTAAGACTCAAGGTAA-1,-0.24225544615374245
CXCR3-,MS,MS19270_CSF,GSM4104122_CTAAGACTCGCGGATC-1,-0.09834107806026707
CXCR3-,MS,MS19270_CSF,GSM4104122_CTAATGGGTCAATACC-1,-0.9311981517668562
CXCR3+,MS,MS19270_CSF,GSM4104122_CTAATGGGTCAGTGGA-1,0.06278453660191238
CXCR3-,MS,MS19270_CSF,GSM4104122_CTACACCGTAAGAGGA-1,-0.20881538323134335
CXCR3-,MS,MS19270_CSF,GSM4104122_CTACACCGTACAGCAG-1,-0.1751040565148389
CXCR3-,MS,MS19270_CSF,GSM4104122_CTACATTGTAGAGCTG-1,-0.09834107806026707
CXCR3+,MS,MS19270_CSF,GSM4104122_CTACCCAAGGCAAAGA-1,-0.1941574670807173
CXCR3+,MS,MS19270_CSF,GSM4104122_CTACCCACAATGGATA-1,0.1108365768057533
CXCR3-,MS,MS19270_CSF,GSM4104122_CTACCCAGTATAGGTA-1,0.1977694162720899
CXCR3-,MS,MS19270_CSF,GSM4104122_CTACCCAGTTGCTCCT-1,-0.09834107806026707
CXCR3+,MS,MS19270_CSF,GSM4104122_CTACGTCGTACTTCTT-1,-0.09834107806026707
CXCR3+,MS,MS19270_CSF,GSM4104122_CTACGTCGTTGGACCC-1,0.17749411155698064
CXCR3-,MS,MS19270_CSF,GSM4104122_CTAGAGTTCGGTCTAA-1,-0.24608768159591188
CXCR3+,MS,MS19270_CSF,GSM4104122_CTAGCCTGTGCCTTGG-1,-0.038935561156561035
CXCR3-,MS,MS19270_CSF,GSM4104122_CTAGCCTGTTCCCTTG-1,-0.09834107806026707
CXCR3-,MS,MS19270_CSF,GSM4104122_CTAGTGACAACACGCC-1,0.4457295696905868
CXCR3-,MS,MS19270_CSF,GSM4104122_CTCACACCAGACGCCT-1,-0.09834107806026707
CXCR3+,MS,MS19270_CSF,GSM4104122_CTCAGAAAGAGGTTGC-1,0.054101670010372756
CXCR3+,MS,MS19270_CSF,GSM4104122_CTCAGAACAGACGCCT-1,-0.32096060829067846
CXCR3-,MS,MS19270_CSF,GSM4104122_CTCATTAAGTTGTAGA-1,-0.09834107806026707
CXCR3-,MS,MS19270_CSF,GSM4104122_CTCATTACAATAACGA-1,0.3088156766521456
CXCR3-,MS,MS19270_CSF,GSM4104122_CTCATTACAATGTTGC-1,-0.014963145381232794
CXCR3-,MS,MS19270_CSF,GSM4104122_CTCCTAGAGCCAGAAC-1,0.2432646986270613
CXCR3-,MS,MS19270_CSF,GSM4104122_CTCGAAAGTACGCACC-1,-0.09834107806026707
CXCR3-,MS,MS19270_CSF,GSM4104122_CTCGGAGAGTCCTCCT-1,-0.37027756078806856
CXCR3+,MS,MS19270_CSF,GSM4104122_CTCGGGAGTGAGGGTT-1,-0.09834107806026707
CXCR3-,MS,MS19270_CSF,GSM4104122_CTCGTCACAGACTCGC-1,0.6221983910691222
CXCR3-,MS,MS19270_CSF,GSM4104122_CTCTAATAGGCAATTA-1,-0.22633118314530384
CXCR3-,MS,MS19270_CSF,GSM4104122_CTCTACGAGCAATATG-1,-0.08004166761286988
CXCR3-,MS,MS19270_CSF,GSM4104122_CTCTACGCAGACGCAA-1,0.18191946566766104
CXCR3-,MS,MS19270_CSF,GSM4104122_CTCTACGTCAAGCCTA-1,-0.09834107806026707
CXCR3-,MS,MS19270_CSF,GSM4104122_CTCTACGTCTTGGGTA-1,-0.09834107806026707
CXCR3+,MS,MS19270_CSF,GSM4104122_CTCTGGTGTTGGTGGA-1,0.09004654270658584
CXCR3-,MS,MS19270_CSF,GSM4104122_CTGAAACAGATCCCAT-1,-0.09834107806026707
CXCR3-,MS,MS19270_CSF,GSM4104122_CTGAAACCACAGGTTT-1,-0.09834107806026707
CXCR3-,MS,MS19270_CSF,GSM4104122_CTGAAGTGTTGTGGAG-1,-0.09834107806026707
CXCR3+,MS,MS19270_CSF,GSM4104122_CTGATAGAGAGGTACC-1,-0.3479393120484001
CXCR3-,MS,MS19270_CSF,GSM4104122_CTGATCCAGCGTTGCC-1,-0.7501424489352224
CXCR3+,MS,MS19270_CSF,GSM4104122_CTGCGGACATGCAATC-1,-0.42919793205245094
CXCR3-,MS,MS19270_CSF,GSM4104122_CTGCTGTTCTTGTATC-1,-0.09834107806026707
CXCR3+,MS,MS19270_CSF,GSM4104122_CTGGTCTAGTAGATGT-1,-0.09834107806026707
CXCR3-,MS,MS19270_CSF,GSM4104122_CTGTGCTAGGCCGAAT-1,-0.5452789547772072
CXCR3-,MS,MS19270_CSF,GSM4104122_CTGTGCTGTCAGGACA-1,0.2960626074231695
CXCR3-,MS,MS19270_CSF,GSM4104122_CTGTGCTGTTCCCTTG-1,-0.09834107806026707
CXCR3-,MS,MS19270_CSF,GSM4104122_CTTACCGAGCCCGAAA-1,-0.09834107806026707
CXCR3+,MS,MS19270_CSF,GSM4104122_CTTACCGGTTACGCGC-1,0.4658958537374215
CXCR3+,MS,MS19270_CSF,GSM4104122_CTTAGGAGTCTCAACA-1,-0.2525503171081833
CXCR3-,MS,MS19270_CSF,GSM4104122_CTTAGGATCATGTAGC-1,-0.09834107806026707
CXCR3-,MS,MS19270_CSF,GSM4104122_CTTAGGATCGTACGGC-1,-0.26480620627726176
CXCR3-,MS,MS19270_CSF,GSM4104122_CTTCTCTCAGTCGTGC-1,-0.09834107806026707
CXCR3-,MS,MS19270_CSF,GSM4104122_CTTCTCTGTCGACTAT-1,-0.31077852184405774
CXCR3-,MS,MS19270_CSF,GSM4104122_CTTGGCTAGTCCATAC-1,-0.09834107806026707
CXCR3-,MS,MS19270_CSF,GSM4104122_CTTTGCGTCGCAAACT-1,-0.09834107806026707
CXCR3+,MS,MS19270_CSF,GSM4104122_GAAACTCAGCCAGTAG-1,0.017585603140506938
CXCR3+,MS,MS19270_CSF,GSM4104122_GAAACTCCACTTAACG-1,-0.7574027221325285
CXCR3-,MS,MS19270_CSF,GSM4104122_GAAACTCTCAACTCTT-1,-0.09834107806026707
CXCR3+,MS,MS19270_CSF,GSM4104122_GAAATGACAGTAGAGC-1,-0.09834107806026707
CXCR3+,MS,MS19270_CSF,GSM4104122_GAAATGATCAGGCAAG-1,0.07697634229027613
CXCR3-,MS,MS19270_CSF,GSM4104122_GAACCTACACCGAAAG-1,-0.09834107806026707
CXCR3-,MS,MS19270_CSF,GSM4104122_GAACCTAGTAGCGATG-1,0.04518307293695517
CXCR3-,MS,MS19270_CSF,GSM4104122_GAAGCAGTCAGTCAGT-1,-0.09834107806026707
CXCR3-,MS,MS19270_CSF,GSM4104122_GAATGAAAGGGCACTA-1,0.09944536087187068
CXCR3-,MS,MS19270_CSF,GSM4104122_GAATGAATCCTATTCA-1,-0.09834107806026707
CXCR3+,MS,MS19270_CSF,GSM4104122_GACAGAGGTCTGATTG-1,-0.09834107806026707
CXCR3+,MS,MS19270_CSF,GSM4104122_GACCAATAGTTTCCTT-1,0.08475631593631745
CXCR3-,MS,MS19270_CSF,GSM4104122_GACCAATCACATCCAA-1,-0.09834107806026707
CXCR3-,MS,MS19270_CSF,GSM4104122_GACGCGTTCCTTCAAT-1,-0.3028977124592816
CXCR3+,MS,MS19270_CSF,GSM4104122_GACGCGTTCTTTACGT-1,-0.7738356084732221
CXCR3-,MS,MS19270_CSF,GSM4104122_GACGGCTGTCAGTGGA-1,-0.5494460371912941
CXCR3+,MS,MS19270_CSF,GSM4104122_GACGTGCAGTCCATAC-1,0.07861187444580518
CXCR3-,MS,MS19270_CSF,GSM4104122_GACGTTACACCCATTC-1,0.13993281403738592
CXCR3-,MS,MS19270_CSF,GSM4104122_GACTACATCTCGCATC-1,-0.09834107806026707
CXCR3+,MS,MS19270_CSF,GSM4104122_GAGCAGATCTGACCTC-1,-0.09834107806026707
CXCR3-,MS,MS19270_CSF,GSM4104122_GAGGTGACATTCTTAC-1,-0.323390602842832
CXCR3+,MS,MS19270_CSF,GSM4104122_GAGGTGATCCATGCTC-1,-0.29591396205281434
CXCR3+,MS,MS19270_CSF,GSM4104122_GAGTCCGAGCTTCGCG-1,-0.19594578238937457
CXCR3+,MS,MS19270_CSF,GSM4104122_GATCAGTAGGACCACA-1,0.0059958746897245275
CXCR3+,MS,MS19270_CSF,GSM4104122_GATCGTACAATCACAC-1,0.22566463811720847
CXCR3+,MS,MS19270_CSF,GSM4104122_GATGAAACAACGCACC-1,-0.19254486933970058
CXCR3-,MS,MS19270_CSF,GSM4104122_GATGAAATCATACGGT-1,-0.00888579994529721
CXCR3-,MS,MS19270_CSF,GSM4104122_GATGAGGAGCCCTAAT-1,-0.25362376824470445
CXCR3+,MS,MS19270_CSF,GSM4104122_GATGAGGGTACCCAAT-1,-0.09122487389960583
CXCR3-,MS,MS19270_CSF,GSM4104122_GATGCTACAGGTCTCG-1,-0.20031088301584418
CXCR3+,MS,MS19270_CSF,GSM4104122_GATGCTAGTGCGAAAC-1,-0.7349654038190279
CXCR3-,MS,MS19270_CSF,GSM4104122_GATTCAGCAGCTGCTG-1,-0.09834107806026707
CXCR3+,MS,MS19270_CSF,GSM4104122_GCAAACTCAAGTACCT-1,-0.09834107806026707
CXCR3+,MS,MS19270_CSF,GSM4104122_GCAAACTGTGAGTATA-1,0.11771366155508901
CXCR3-,MS,MS19270_CSF,GSM4104122_GCAAACTGTGTGACGA-1,-0.24360067947376582
CXCR3-,MS,MS19270_CSF,GSM4104122_GCAAACTTCGGTTCGG-1,-0.09834107806026707
CXCR3-,MS,MS19270_CSF,GSM4104122_GCACATAAGTGTACTC-1,-0.5151856839185772
CXCR3-,MS,MS19270_CSF,GSM4104122_GCAGCCAAGCAGCGTA-1,-0.09834107806026707
CXCR3-,MS,MS19270_CSF,GSM4104122_GCAGCCAAGTACGCCC-1,-0.7053506662887514
CXCR3+,MS,MS19270_CSF,GSM4104122_GCAGTTACAATGTAAG-1,-0.2288974496991643
CXCR3-,MS,MS19270_CSF,GSM4104122_GCATACAGTCAAGCGA-1,0.577684892651112
CXCR3-,MS,MS19270_CSF,GSM4104122_GCATGCGCAAGGTGTG-1,-0.23133303483743767
CXCR3+,MS,MS19270_CSF,GSM4104122_GCATGCGTCCCTGACT-1,-0.1950300891965203
CXCR3+,MS,MS19270_CSF,GSM4104122_GCATGTACACGTCAGC-1,-0.23526757683356767
CXCR3+,MS,MS19270_CSF,GSM4104122_GCATGTATCTTAGAGC-1,-0.4736434198600811
CXCR3+,MS,MS19270_CSF,GSM4104122_GCGACCACAGCGTTCG-1,-0.30617584034493434
CXCR3+,MS,MS19270_CSF,GSM4104122_GCGAGAATCCCTGACT-1,-0.09834107806026707
CXCR3-,MS,MS19270_CSF,GSM4104122_GCGCAGTTCAGGTTCA-1,-0.27764297726870163
CXCR3-,MS,MS19270_CSF,GSM4104122_GCGCCAAGTCCTGCTT-1,-0.09834107806026707
CXCR3-,MS,MS19270_CSF,GSM4104122_GCGCCAAGTGCGGTAA-1,-0.09834107806026707
CXCR3-,MS,MS19270_CSF,GSM4104122_GCGCGATCACATAACC-1,-0.09834107806026707
CXCR3-,MS,MS19270_CSF,GSM4104122_GCGCGATGTAACGTTC-1,0.10841468000215913
CXCR3-,MS,MS19270_CSF,GSM4104122_GCTCTGTCACTGTCGG-1,-0.09834107806026707
CXCR3-,MS,MS19270_CSF,GSM4104122_GCTGCAGAGGTGCTTT-1,-0.05798786893844584
CXCR3-,MS,MS19270_CSF,GSM4104122_GCTGCGACATTCTTAC-1,-0.09834107806026707
CXCR3-,MS,MS19270_CSF,GSM4104122_GCTGCTTAGTGAAGTT-1,-0.09834107806026707
CXCR3-,MS,MS19270_CSF,GSM4104122_GCTGGGTCACTGCCAG-1,-0.09834107806026707
CXCR3-,MS,MS19270_CSF,GSM4104122_GCTGGGTGTCTCCACT-1,0.06077678835548254
CXCR3-,MS,MS19270_CSF,GSM4104122_GCTGGGTTCCAGAGGA-1,-0.31915757980537846
CXCR3-,MS,MS19270_CSF,GSM4104122_GCTTCCACAATGTTGC-1,-0.5935884549175139
CXCR3-,MS,MS19270_CSF,GSM4104122_GCTTCCAGTGGTACAG-1,-0.09834107806026707
CXCR3+,MS,MS19270_CSF,GSM4104122_GGAAAGCAGACGCAAC-1,0.03508197716656335
CXCR3-,MS,MS19270_CSF,GSM4104122_GGAACTTTCAATCTCT-1,-0.09834107806026707
CXCR3+,MS,MS19270_CSF,GSM4104122_GGAATAACATCCGGGT-1,-0.9726406644283606
CXCR3-,MS,MS19270_CSF,GSM4104122_GGAATAATCCTTTCTC-1,0.12404499905312398
CXCR3+,MS,MS19270_CSF,GSM4104122_GGACAAGGTGACGGTA-1,0.024792829388984416
CXCR3+,MS,MS19270_CSF,GSM4104122_GGACGTCCAGCGAACA-1,0.05054980651117131
CXCR3+,MS,MS19270_CSF,GSM4104122_GGACGTCGTCTCCATC-1,-0.22452209526163092
CXCR3+,MS,MS19270_CSF,GSM4104122_GGAGCAATCCTTGCCA-1,-0.09834107806026707
CXCR3-,MS,MS19270_CSF,GSM4104122_GGATTACCAGCTGGCT-1,-0.09834107806026707
CXCR3+,MS,MS19270_CSF,GSM4104122_GGATTACCATTCTCAT-1,-0.2556081567501654
CXCR3+,MS,MS19270_CSF,GSM4104122_GGATTACGTAGCGTCC-1,-0.4389251627624557
CXCR3+,MS,MS19270_CSF,GSM4104122_GGATTACTCTACGAGT-1,-0.09834107806026707
CXCR3-,MS,MS19270_CSF,GSM4104122_GGCGACTAGCTTCGCG-1,-0.2686502323475999
CXCR3-,MS,MS19270_CSF,GSM4104122_GGCGACTTCTAGCACA-1,-0.5287462681551303
CXCR3-,MS,MS19270_CSF,GSM4104122_GGCGTGTAGAATTGTG-1,0.1588907246960052
CXCR3-,MS,MS19270_CSF,GSM4104122_GGCGTGTGTGAGCGAT-1,-0.11187818010107788
CXCR3-,MS,MS19270_CSF,GSM4104122_GGCGTGTTCACATGCA-1,-1.080856080209207
CXCR3-,MS,MS19270_CSF,GSM4104122_GGCTGGTAGGGAACGG-1,-0.352351447112286
CXCR3-,MS,MS19270_CSF,GSM4104122_GGCTGGTGTCCGCTGA-1,-0.09834107806026707
CXCR3-,MS,MS19270_CSF,GSM4104122_GGCTGGTGTCTGGTCG-1,-0.22172013334746035
CXCR3+,MS,MS19270_CSF,GSM4104122_GGCTGGTTCACTATTC-1,-0.33466420487069065
CXCR3-,MS,MS19270_CSF,GSM4104122_GGGAATGCAAGCCTAT-1,-0.39051999346675287
CXCR3+,MS,MS19270_CSF,GSM4104122_GGGACCTAGAGACGAA-1,0.4955466424204219
CXCR3-,MS,MS19270_CSF,GSM4104122_GGGACCTAGGGTCTCC-1,-0.24200488944500506
CXCR3-,MS,MS19270_CSF,GSM4104122_GGGACCTGTCTTGTCC-1,-0.09834107806026707
CXCR3-,MS,MS19270_CSF,GSM4104122_GGGATGAAGTTTGCGT-1,-0.09834107806026707
CXCR3+,MS,MS19270_CSF,GSM4104122_GGGATGACAATAGCAA-1,0.039029797068345244
CXCR3-,MS,MS19270_CSF,GSM4104122_GGGATGAGTATCTGCA-1,0.1792449882628573
CXCR3+,MS,MS19270_CSF,GSM4104122_GGGATGATCTTCGAGA-1,-0.20367533875522356
CXCR3-,MS,MS19270_CSF,GSM4104122_GGGCACTCAAAGGTGC-1,-0.045424894506123824
CXCR3+,MS,MS19270_CSF,GSM4104122_GGGCACTCAAGCCGTC-1,0.2115802753887357
CXCR3-,MS,MS19270_CSF,GSM4104122_GGGCACTTCAACGGGA-1,0.1365372955777541
CXCR3-,MS,MS19270_CSF,GSM4104122_GGGCATCAGAGTCTGG-1,-0.09834107806026707
CXCR3-,MS,MS19270_CSF,GSM4104122_GGGTCTGTCTGCTGTC-1,-0.3179607191148807
CXCR3-,MS,MS19270_CSF,GSM4104122_GGGTTGCAGCGATATA-1,-0.3625019116062047
CXCR3-,MS,MS19270_CSF,GSM4104122_GGTATTGAGCTACCTA-1,0.28129079927356393
CXCR3-,MS,MS19270_CSF,GSM4104122_GGTATTGGTCACCCAG-1,-0.09834107806026707
CXCR3-,MS,MS19270_CSF,GSM4104122_GGTGAAGTCTGCTGTC-1,-0.09834107806026707
CXCR3+,MS,MS19270_CSF,GSM4104122_GTAACGTAGAGGGCTT-1,0.11062008099430058
CXCR3-,MS,MS19270_CSF,GSM4104122_GTAACTGGTATAGTAG-1,-0.09834107806026707
CXCR3-,MS,MS19270_CSF,GSM4104122_GTAACTGGTGTCAATC-1,0.4978997415974134
CXCR3-,MS,MS19270_CSF,GSM4104122_GTACGTACAGGTCCAC-1,0.03570816512243306
CXCR3-,MS,MS19270_CSF,GSM4104122_GTACGTATCTCTAGGA-1,-0.09834107806026707
CXCR3-,MS,MS19270_CSF,GSM4104122_GTACTCCAGAGATGAG-1,-0.09834107806026707
CXCR3+,MS,MS19270_CSF,GSM4104122_GTACTCCAGATGTTAG-1,-0.09834107806026707
CXCR3+,MS,MS19270_CSF,GSM4104122_GTACTCCGTGATGCCC-1,-0.09834107806026707
CXCR3-,MS,MS19270_CSF,GSM4104122_GTACTTTTCGCAAACT-1,-0.3789896229294714
CXCR3-,MS,MS19270_CSF,GSM4104122_GTAGGCCAGATGGGTC-1,0.052985509566500125
CXCR3+,MS,MS19270_CSF,GSM4104122_GTAGGCCGTGAAGGCT-1,-0.017327644905605313
CXCR3-,MS,MS19270_CSF,GSM4104122_GTAGGCCGTTGACGTT-1,0.5385771678584004
CXCR3+,MS,MS19270_CSF,GSM4104122_GTAGGCCTCATTCACT-1,-0.09834107806026707
CXCR3+,MS,MS19270_CSF,GSM4104122_GTAGGCCTCGCTTAGA-1,-0.3348336640196533
CXCR3+,MS,MS19270_CSF,GSM4104122_GTAGTCAGTCTAGCCG-1,-0.11943889040859769
CXCR3-,MS,MS19270_CSF,GSM4104122_GTATTCTAGCTGCAAG-1,-0.0043527703104175785
CXCR3-,MS,MS19270_CSF,GSM4104122_GTCAAGTGTAGTAGTA-1,-0.20474161706427033
CXCR3-,MS,MS19270_CSF,GSM4104122_GTCACAACAACTGGCC-1,-0.3274466023734669
CXCR3-,MS,MS19270_CSF,GSM4104122_GTCACAATCGGTGTCG-1,0.09371014172873886
CXCR3-,MS,MS19270_CSF,GSM4104122_GTCACGGTCTACTCAT-1,-0.8625158630521585
CXCR3-,MS,MS19270_CSF,GSM4104122_GTCATTTAGAATAGGG-1,-0.3035580703703962
CXCR3+,MS,MS19270_CSF,GSM4104122_GTCATTTTCCTCCTAG-1,-0.2702502768475587
CXCR3-,MS,MS19270_CSF,GSM4104122_GTCCTCACATAGACTC-1,-0.30445573575902646
CXCR3+,MS,MS19270_CSF,GSM4104122_GTCCTCATCCCTCTTT-1,-0.23387553261005953
CXCR3+,MS,MS19270_CSF,GSM4104122_GTCGGGTGTCGAGTTT-1,-0.09834107806026707
CXCR3+,MS,MS19270_CSF,GSM4104122_GTCGTAAAGTGTACCT-1,-0.5686818774748953
CXCR3-,MS,MS19270_CSF,GSM4104122_GTGCATAAGGGTTTCT-1,-0.09834107806026707
CXCR3-,MS,MS19270_CSF,GSM4104122_GTGGGTCGTTGTGGAG-1,-0.2723898890900633
CXCR3-,MS,MS19270_CSF,GSM4104122_GTGTGCGCAGCCTTTC-1,0.13924014740579277
CXCR3-,MS,MS19270_CSF,GSM4104122_GTGTGCGGTCTAACGT-1,-0.23075061765494695
CXCR3-,MS,MS19270_CSF,GSM4104122_GTGTTAGAGCCAGTTT-1,-0.06688799438734284
CXCR3-,MS,MS19270_CSF,GSM4104122_GTGTTAGGTCAGCTAT-1,-0.5851123178760901
CXCR3-,MS,MS19270_CSF,GSM4104122_GTTAAGCTCTGCAAGT-1,0.23949580079453114
CXCR3-,MS,MS19270_CSF,GSM4104122_GTTACAGCATACGCTA-1,0.14527295748957186
CXCR3-,MS,MS19270_CSF,GSM4104122_GTTACAGTCGCTGATA-1,-0.09834107806026707
CXCR3+,MS,MS19270_CSF,GSM4104122_GTTCATTAGTATTGGA-1,0.47326921338114863
CXCR3-,MS,MS19270_CSF,GSM4104122_GTTCATTCACGTCAGC-1,-0.09834107806026707
CXCR3+,MS,MS19270_CSF,GSM4104122_GTTCGGGTCGGCGCTA-1,0.028894926193622845
CXCR3+,MS,MS19270_CSF,GSM4104122_GTTCGGGTCTGCGTAA-1,0.42734543081069315
CXCR3+,MS,MS19270_CSF,GSM4104122_GTTTCTAGTTCTCATT-1,-0.09834107806026707
CXCR3-,MS,MS19270_CSF,GSM4104122_TAAACCGAGAATAGGG-1,-0.34620324149100423
CXCR3-,MS,MS19270_CSF,GSM4104122_TAAACCGCATTACCTT-1,-0.28872270655031185
CXCR3-,MS,MS19270_CSF,GSM4104122_TAAACCGGTGCTCTTC-1,0.3974713995200249
CXCR3-,MS,MS19270_CSF,GSM4104122_TAAGAGACATGCAACT-1,-0.26588257577005925
CXCR3+,MS,MS19270_CSF,GSM4104122_TAAGTGCCAGCTCCGA-1,0.3845298261458549
CXCR3-,MS,MS19270_CSF,GSM4104122_TACCTATAGAGTTGGC-1,-0.09834107806026707
CXCR3-,MS,MS19270_CSF,GSM4104122_TACCTATAGGTTCCTA-1,0.12507525722155627
CXCR3+,MS,MS19270_CSF,GSM4104122_TACCTATGTTTGTTGG-1,-0.056891930955223324
CXCR3-,MS,MS19270_CSF,GSM4104122_TACCTTAAGAATGTTG-1,-0.09834107806026707
CXCR3-,MS,MS19270_CSF,GSM4104122_TACGGATAGTGCCATT-1,-0.09834107806026707
CXCR3-,MS,MS19270_CSF,GSM4104122_TACGGATCAGCGATCC-1,-0.09834107806026707
CXCR3-,MS,MS19270_CSF,GSM4104122_TACGGATCATCACCCT-1,-0.14593591128593167
CXCR3+,MS,MS19270_CSF,GSM4104122_TACTCATCATCGTCGG-1,0.05872411647555257
CXCR3+,MS,MS19270_CSF,GSM4104122_TACTCATGTAGGCTGA-1,0.17349108095387236
CXCR3+,MS,MS19270_CSF,GSM4104122_TACTCATTCTGCAGTA-1,0.17307199147451627
CXCR3-,MS,MS19270_CSF,GSM4104122_TACTCGCCACTGTCGG-1,-0.4970378949695676
CXCR3+,MS,MS19270_CSF,GSM4104122_TACTCGCGTCGGATCC-1,-0.17854686133855865
CXCR3-,MS,MS19270_CSF,GSM4104122_TACTTACAGGGTCGAT-1,0.22871934869720337
CXCR3-,MS,MS19270_CSF,GSM4104122_TACTTGTAGTGACTCT-1,-0.09834107806026707
CXCR3-,MS,MS19270_CSF,GSM4104122_TAGCCGGGTTTCCACC-1,0.16135643144651762
CXCR3+,MS,MS19270_CSF,GSM4104122_TAGGCATCAGCCTTTC-1,0.1593903769006229
CXCR3+,MS,MS19270_CSF,GSM4104122_TAGGCATTCTAACGGT-1,0.13371243966214905
CXCR3+,MS,MS19270_CSF,GSM4104122_TAGTGGTAGCTACCGC-1,-0.2524974123186511
CXCR3-,MS,MS19270_CSF,GSM4104122_TAGTGGTGTATAGGTA-1,-0.7640684731863103
CXCR3-,MS,MS19270_CSF,GSM4104122_TAGTTGGCACATCCGG-1,0.07015964678219465
CXCR3-,MS,MS19270_CSF,GSM4104122_TATCAGGGTTCATGGT-1,-0.09834107806026707
CXCR3-,MS,MS19270_CSF,GSM4104122_TATCAGGTCAAGGTAA-1,0.1551978103844412
CXCR3-,MS,MS19270_CSF,GSM4104122_TATGCCCCACGAAACG-1,-0.09834107806026707
CXCR3-,MS,MS19270_CSF,GSM4104122_TATGCCCTCTTGTCAT-1,-0.3265040288222681
CXCR3-,MS,MS19270_CSF,GSM4104122_TATTACCCAGGCGATA-1,-0.09834107806026707
CXCR3-,MS,MS19270_CSF,GSM4104122_TCAACGAGTCCAGTTA-1,-1.6586340879541233
CXCR3-,MS,MS19270_CSF,GSM4104122_TCAACGATCTCAACTT-1,-0.16985951829966872
CXCR3+,MS,MS19270_CSF,GSM4104122_TCAACGATCTCCAACC-1,-0.09834107806026707
CXCR3-,MS,MS19270_CSF,GSM4104122_TCAATCTCATGCAACT-1,-0.30142220425228494
CXCR3-,MS,MS19270_CSF,GSM4104122_TCAATCTTCAGTTTGG-1,-0.09834107806026707
CXCR3-,MS,MS19270_CSF,GSM4104122_TCACAAGAGGTGATTA-1,-0.09834107806026707
CXCR3-,MS,MS19270_CSF,GSM4104122_TCACAAGCACCATCCT-1,-0.09834107806026707
CXCR3-,MS,MS19270_CSF,GSM4104122_TCACGAAAGTACGCCC-1,-0.09834107806026707
CXCR3-,MS,MS19270_CSF,GSM4104122_TCAGATGAGAGTAAGG-1,-0.09834107806026707
CXCR3-,MS,MS19270_CSF,GSM4104122_TCAGGATCAGGCTCAC-1,-0.09834107806026707
CXCR3+,MS,MS19270_CSF,GSM4104122_TCAGGTAAGATGTCGG-1,-0.09834107806026707
CXCR3-,MS,MS19270_CSF,GSM4104122_TCAGGTAAGCGATATA-1,-0.583210260091145
CXCR3-,MS,MS19270_CSF,GSM4104122_TCAGGTAAGTGGACGT-1,0.11353070806149712
CXCR3-,MS,MS19270_CSF,GSM4104122_TCATTACCAAGCCTAT-1,-0.09834107806026707
CXCR3+,MS,MS19270_CSF,GSM4104122_TCCACACCATGTAAGA-1,0.10349976649660568
CXCR3-,MS,MS19270_CSF,GSM4104122_TCCCGATCACTTAACG-1,0.09758992961237493
CXCR3-,MS,MS19270_CSF,GSM4104122_TCCCGATGTTATCCGA-1,-0.09834107806026707
CXCR3-,MS,MS19270_CSF,GSM4104122_TCGCGTTTCTACTCAT-1,-0.3269538806953249
CXCR3-,MS,MS19270_CSF,GSM4104122_TCGCGTTTCTCATTCA-1,-0.09834107806026707
CXCR3-,MS,MS19270_CSF,GSM4104122_TCGGGACAGACTTGAA-1,0.2513720826237188
CXCR3+,MS,MS19270_CSF,GSM4104122_TCGGGACAGATCCCGC-1,-0.09834107806026707
CXCR3-,MS,MS19270_CSF,GSM4104122_TCGGGACCACAAGCCC-1,-0.22700552269034616
CXCR3-,MS,MS19270_CSF,GSM4104122_TCGGGACGTTTCCACC-1,-0.09834107806026707
CXCR3-,MS,MS19270_CSF,GSM4104122_TCGGGACTCCGTAGGC-1,-0.09834107806026707
CXCR3-,MS,MS19270_CSF,GSM4104122_TCGGGACTCTGATACG-1,-0.09834107806026707
CXCR3+,MS,MS19270_CSF,GSM4104122_TCGGTAAAGGGTGTTG-1,0.17689819978179214
CXCR3-,MS,MS19270_CSF,GSM4104122_TCTATTGTCAGTTCGA-1,-0.09834107806026707
CXCR3-,MS,MS19270_CSF,GSM4104122_TCTCATAGTTAAAGAC-1,-0.19748538789004183
CXCR3-,MS,MS19270_CSF,GSM4104122_TCTCATATCAGTTTGG-1,-0.09834107806026707
CXCR3+,MS,MS19270_CSF,GSM4104122_TCTCATATCGACAGCC-1,-0.17920793757616585
CXCR3+,MS,MS19270_CSF,GSM4104122_TCTGGAAAGCGAGAAA-1,-0.25718407437945234
CXCR3-,MS,MS19270_CSF,GSM4104122_TCTGGAACACGGCTAC-1,-0.26225646535532754
CXCR3-,MS,MS19270_CSF,GSM4104122_TCTGGAACAGCTGTTA-1,-0.09834107806026707
CXCR3-,MS,MS19270_CSF,GSM4104122_TCTTCGGCAAGTCTGT-1,-0.09834107806026707
CXCR3+,MS,MS19270_CSF,GSM4104122_TGAAAGACAAAGGAAG-1,-0.09834107806026707
CXCR3-,MS,MS19270_CSF,GSM4104122_TGACAACCACTGTTAG-1,-0.14970152953471463
CXCR3-,MS,MS19270_CSF,GSM4104122_TGACAACCATGGAATA-1,0.1937271333653209
CXCR3-,MS,MS19270_CSF,GSM4104122_TGACGGCAGAAACGAG-1,-0.3901999059607278
CXCR3+,MS,MS19270_CSF,GSM4104122_TGACTAGGTTCACGGC-1,-0.09834107806026707
CXCR3-,MS,MS19270_CSF,GSM4104122_TGACTTTTCAGGCCCA-1,-0.09834107806026707
CXCR3-,MS,MS19270_CSF,GSM4104122_TGAGCATCACTACAGT-1,-0.4412795784834809
CXCR3-,MS,MS19270_CSF,GSM4104122_TGAGCCGCACCGGAAA-1,-0.09834107806026707
CXCR3+,MS,MS19270_CSF,GSM4104122_TGAGGGAAGGGCACTA-1,0.22933107277259318
CXCR3+,MS,MS19270_CSF,GSM4104122_TGAGGGACAACGATCT-1,-0.3014468139435662
CXCR3-,MS,MS19270_CSF,GSM4104122_TGAGGGAGTCGCTTCT-1,-0.3326549870673891
CXCR3-,MS,MS19270_CSF,GSM4104122_TGATTTCAGCAGGCTA-1,-0.09834107806026707
CXCR3+,MS,MS19270_CSF,GSM4104122_TGATTTCGTACCAGTT-1,0.1384447644885674
CXCR3+,MS,MS19270_CSF,GSM4104122_TGATTTCGTCTGCCAG-1,-0.2225066624074816
CXCR3+,MS,MS19270_CSF,GSM4104122_TGCCAAAAGAATAGGG-1,-0.06217017354405095
CXCR3+,MS,MS19270_CSF,GSM4104122_TGCCCATCAAGAGGCT-1,-0.09834107806026707
CXCR3-,MS,MS19270_CSF,GSM4104122_TGCCCTACAATCTGCA-1,-0.3428573284397202
CXCR3-,MS,MS19270_CSF,GSM4104122_TGCCCTATCATAAAGG-1,-0.4620104853626561
CXCR3+,MS,MS19270_CSF,GSM4104122_TGCGCAGCAAGAAGAG-1,0.24202762918034887
CXCR3+,MS,MS19270_CSF,GSM4104122_TGCGCAGCACAGCCCA-1,-0.23879059543381467
CXCR3-,MS,MS19270_CSF,GSM4104122_TGCGGGTCAAGGCTCC-1,0.08570175945704235
CXCR3-,MS,MS19270_CSF,GSM4104122_TGCGTGGGTCGACTAT-1,-0.4368997036470824
CXCR3+,MS,MS19270_CSF,GSM4104122_TGCTGCTAGAGGGATA-1,0.014485023897000904
CXCR3-,MS,MS19270_CSF,GSM4104122_TGGACGCTCGCAGGCT-1,-0.21123933669038944
CXCR3+,MS,MS19270_CSF,GSM4104122_TGGCCAGCACGCGAAA-1,-0.04662223273684104
CXCR3+,MS,MS19270_CSF,GSM4104122_TGGCGCAGTGCGATAG-1,-0.2574631647940419
CXCR3-,MS,MS19270_CSF,GSM4104122_TGGCGCAGTTGATTCG-1,0.040680736898772864
CXCR3-,MS,MS19270_CSF,GSM4104122_TGGGAAGAGGGCTCTC-1,0.24325196389209963
CXCR3-,MS,MS19270_CSF,GSM4104122_TGGGAAGGTAAAGGAG-1,-0.09834107806026707
CXCR3-,MS,MS19270_CSF,GSM4104122_TGGGCGTAGGTGCAAC-1,-0.37000019149187013
CXCR3-,MS,MS19270_CSF,GSM4104122_TGGTTCCTCATCGGAT-1,-0.05912707865628443
CXCR3-,MS,MS19270_CSF,GSM4104122_TGTATTCAGGGCTTCC-1,-0.2617102990803176
CXCR3+,MS,MS19270_CSF,GSM4104122_TGTGGTAGTATCACCA-1,-0.4751747156330723
CXCR3-,MS,MS19270_CSF,GSM4104122_TGTGTTTCACCATGTA-1,-0.09834107806026707
CXCR3-,MS,MS19270_CSF,GSM4104122_TGTGTTTGTCGTCTTC-1,-0.09834107806026707
CXCR3-,MS,MS19270_CSF,GSM4104122_TGTGTTTGTTACAGAA-1,0.2820262511502086
CXCR3-,MS,MS19270_CSF,GSM4104122_TGTTCCGCAATCTACG-1,-0.3092785073355068
CXCR3-,MS,MS19270_CSF,GSM4104122_TGTTCCGCACATCCGG-1,-0.09834107806026707
CXCR3+,MS,MS19270_CSF,GSM4104122_TTAGGACTCTAACGGT-1,0.17389014571430472
CXCR3-,MS,MS19270_CSF,GSM4104122_TTAGGCACACCGATAT-1,-0.2535486076236714
CXCR3-,MS,MS19270_CSF,GSM4104122_TTAGGCAGTGAAGGCT-1,-0.27153397855934597
CXCR3-,MS,MS19270_CSF,GSM4104122_TTAGTTCCAAACTGCT-1,-0.09834107806026707
CXCR3+,MS,MS19270_CSF,GSM4104122_TTAGTTCCAGCGTAAG-1,0.3655775619233764
CXCR3+,MS,MS19270_CSF,GSM4104122_TTAGTTCGTTATTCTC-1,-0.5153212828905868
CXCR3-,MS,MS19270_CSF,GSM4104122_TTCCCAGCACTTAACG-1,-0.24390939234251605
CXCR3+,MS,MS19270_CSF,GSM4104122_TTCCCAGTCCAGAGGA-1,-0.03771044530931097
CXCR3-,MS,MS19270_CSF,GSM4104122_TTCGAAGAGCTAGCCC-1,0.18443021456729156
CXCR3+,MS,MS19270_CSF,GSM4104122_TTCGGTCAGCAGGCTA-1,0.018023329355758327
CXCR3-,MS,MS19270_CSF,GSM4104122_TTCGGTCCACTTAAGC-1,-0.09834107806026707
CXCR3-,MS,MS19270_CSF,GSM4104122_TTCGGTCCATAGAAAC-1,0.5130193894829428
CXCR3-,MS,MS19270_CSF,GSM4104122_TTCTACATCTCTGAGA-1,-0.3526515665092459
CXCR3-,MS,MS19270_CSF,GSM4104122_TTCTCCTCACGGTGTC-1,-0.30947055909816595
CXCR3+,MS,MS19270_CSF,GSM4104122_TTCTCCTTCACAAACC-1,0.370972345093389
CXCR3+,MS,MS19270_CSF,GSM4104122_TTCTCCTTCGAATGGG-1,-0.2610001539994351
CXCR3-,MS,MS19270_CSF,GSM4104122_TTCTTAGTCAACGGGA-1,-0.09834107806026707
CXCR3-,MS,MS19270_CSF,GSM4104122_TTCTTAGTCCACTGGG-1,0.3658528531471399
CXCR3-,MS,MS19270_CSF,GSM4104122_TTGAACGGTAGAAGGA-1,-0.09834107806026707
CXCR3-,MS,MS19270_CSF,GSM4104122_TTGAACGTCTGCAGTA-1,-0.02881332226598554
CXCR3-,MS,MS19270_CSF,GSM4104122_TTGACTTAGAGTGAGA-1,-0.09834107806026707
CXCR3-,MS,MS19270_CSF,GSM4104122_TTGACTTAGCTTTGGT-1,-0.10836040114081714
CXCR3+,MS,MS19270_CSF,GSM4104122_TTGACTTAGTAGATGT-1,-0.09834107806026707
CXCR3-,MS,MS19270_CSF,GSM4104122_TTGACTTTCGCGATCG-1,-0.09834107806026707
CXCR3+,MS,MS19270_CSF,GSM4104122_TTGACTTTCGGAGGTA-1,-0.5077249047289546
CXCR3+,MS,MS19270_CSF,GSM4104122_TTGCCGTCAAGTCTGT-1,0.43972243596991234
CXCR3+,MS,MS19270_CSF,GSM4104122_TTGCCGTTCTACTATC-1,-0.41433296413651555
CXCR3+,MS,MS19270_CSF,GSM4104122_TTGGAACCAATGACCT-1,-0.09834107806026707
CXCR3-,MS,MS19270_CSF,GSM4104122_TTGGAACGTGTGCGTC-1,-0.09834107806026707
CXCR3+,MS,MS19270_CSF,GSM4104122_TTGGAACTCATTTGGG-1,-0.21616441513905735
CXCR3-,MS,MS19270_CSF,GSM4104122_TTGTAGGAGGAGTTTA-1,-0.054316624555470545
CXCR3-,MS,MS19270_CSF,GSM4104122_TTGTAGGAGTTGAGTA-1,-0.09834107806026707
CXCR3-,MS,MS19270_CSF,GSM4104122_TTGTAGGCAGACGCAA-1,-0.09834107806026707
CXCR3-,MS,MS19270_CSF,GSM4104122_TTTACTGGTCCCGACA-1,-0.22080476807867802
CXCR3-,MS,MS19270_CSF,GSM4104122_TTTACTGTCCCATTAT-1,-0.09834107806026707
CXCR3-,MS,MS19270_CSF,GSM4104122_TTTATGCCATTGGGCC-1,-0.1428104719937313
CXCR3-,MS,MS19270_CSF,GSM4104122_TTTATGCGTGCCTGGT-1,-0.09834107806026707
CXCR3+,MS,MS19270_CSF,GSM4104122_TTTATGCTCTGGCGAC-1,0.060019188677089476
CXCR3-,MS,MS19270_CSF,GSM4104122_TTTGGTTCAAACTGTC-1,-0.11953647207241953
CXCR3-,MS,MS19270_CSF,GSM4104122_TTTGGTTCACCGAATT-1,-0.09834107806026707
CXCR3+,MS,MS19270_CSF,GSM4104122_TTTGGTTCACGGCCAT-1,0.1442025830015594
CXCR3-,MS,MS49131_CSF,GSM4104125_AAACGGGAGTACGTAA-1,-0.09834107806026707
CXCR3+,MS,MS49131_CSF,GSM4104125_AAAGCAATCGCCTGTT-1,-0.09834107806026707
CXCR3-,MS,MS49131_CSF,GSM4104125_AACGTTGTCCTCAATT-1,-1.4814486544685315
CXCR3-,MS,MS49131_CSF,GSM4104125_AACTCCCAGAGGTTGC-1,-0.7199326670549926
CXCR3-,MS,MS49131_CSF,GSM4104125_AACTCCCCAAAGGTGC-1,-0.09834107806026707
CXCR3-,MS,MS49131_CSF,GSM4104125_AACTCTTAGTCGAGTG-1,-0.6221477898777993
CXCR3-,MS,MS49131_CSF,GSM4104125_AAGGCAGTCCGCAAGC-1,-0.21825530606814522
CXCR3+,MS,MS49131_CSF,GSM4104125_AAGGTTCCAATTCCTT-1,-0.08744588071672603
CXCR3-,MS,MS49131_CSF,GSM4104125_AAGTCTGAGTTGAGTA-1,-0.09834107806026707
CXCR3-,MS,MS49131_CSF,GSM4104125_AATCCAGCATGCTGGC-1,0.06648071730123668
CXCR3-,MS,MS49131_CSF,GSM4104125_AATCCAGTCCGCGTTT-1,-0.20241415175189753
CXCR3-,MS,MS49131_CSF,GSM4104125_AATCGGTAGTCCAGGA-1,-0.09834107806026707
CXCR3+,MS,MS49131_CSF,GSM4104125_AATCGGTTCAGAGCTT-1,-0.23589694556321913
CXCR3+,MS,MS49131_CSF,GSM4104125_ACAGCCGAGGTGTGGT-1,-0.6013285300153075
CXCR3-,MS,MS49131_CSF,GSM4104125_ACATACGCACTTGGAT-1,0.2241967049832494
CXCR3-,MS,MS49131_CSF,GSM4104125_ACATGGTGTGCATCTA-1,-0.09834107806026707
CXCR3-,MS,MS49131_CSF,GSM4104125_ACCAGTACAAGCGTAG-1,-0.8726087755480035
CXCR3-,MS,MS49131_CSF,GSM4104125_ACCCACTCATGGTTGT-1,0.007414226870777941
CXCR3+,MS,MS49131_CSF,GSM4104125_ACGAGGAGTCATGCCG-1,-0.09834107806026707
CXCR3+,MS,MS49131_CSF,GSM4104125_ACGGGTCCATGAGCGA-1,0.4224154072162304
CXCR3-,MS,MS49131_CSF,GSM4104125_ACTATCTAGTAAGTAC-1,-0.09834107806026707
CXCR3-,MS,MS49131_CSF,GSM4104125_ACTGATGGTTCGCGAC-1,-0.09834107806026707
CXCR3+,MS,MS49131_CSF,GSM4104125_ACTTGTTGTTAAGATG-1,-0.43489940143113065
CXCR3-,MS,MS49131_CSF,GSM4104125_ACTTTCAGTTATCACG-1,-0.16377200179676057
CXCR3+,MS,MS49131_CSF,GSM4104125_AGAGCGAGTTTGGGCC-1,-0.1013647521936095
CXCR3-,MS,MS49131_CSF,GSM4104125_AGAGTGGGTCTGCCAG-1,-0.5676241027884593
CXCR3-,MS,MS49131_CSF,GSM4104125_AGGCCACGTCATATCG-1,-0.11368799338320147
CXCR3-,MS,MS49131_CSF,GSM4104125_AGGGAGTGTCAGTGGA-1,-0.37061183425222577
CXCR3-,MS,MS49131_CSF,GSM4104125_AGGGATGAGGGTGTTG-1,-0.7793077035378253
CXCR3-,MS,MS49131_CSF,GSM4104125_AGGGTGAAGCCGATTT-1,-0.09834107806026707
CXCR3-,MS,MS49131_CSF,GSM4104125_AGGTCCGGTATATGAG-1,-0.09834107806026707
CXCR3+,MS,MS49131_CSF,GSM4104125_AGTAGTCAGCTCCTTC-1,-0.09834107806026707
CXCR3-,MS,MS49131_CSF,GSM4104125_AGTAGTCGTTGCTCCT-1,0.011866150172341633
CXCR3-,MS,MS49131_CSF,GSM4104125_AGTCTTTGTCACAAGG-1,-0.09834107806026707
CXCR3-,MS,MS49131_CSF,GSM4104125_AGTGGGATCACGATGT-1,-0.059852181266265715
CXCR3+,MS,MS49131_CSF,GSM4104125_AGTGTCAGTATGAATG-1,0.1154690932782642
CXCR3-,MS,MS49131_CSF,GSM4104125_ATCCACCGTCTTCTCG-1,-0.017237333875267824
CXCR3-,MS,MS49131_CSF,GSM4104125_ATCTGCCGTAGGCATG-1,-0.6416247460560704
CXCR3-,MS,MS49131_CSF,GSM4104125_ATGCGATCATGATCCA-1,-0.38515795220305243
CXCR3-,MS,MS49131_CSF,GSM4104125_ATTCTACGTCATATGC-1,-0.09834107806026707
CXCR3-,MS,MS49131_CSF,GSM4104125_ATTGGTGCAAGTAGTA-1,-0.7678785067162145
CXCR3-,MS,MS49131_CSF,GSM4104125_CAACCAACAACTTGAC-1,-0.45803272139019885
CXCR3+,MS,MS49131_CSF,GSM4104125_CAACTAGCAGTACACT-1,-0.09834107806026707
CXCR3-,MS,MS49131_CSF,GSM4104125_CAAGAAAAGACAAGCC-1,-0.09834107806026707
CXCR3-,MS,MS49131_CSF,GSM4104125_CACACAAGTCACTGGC-1,0.10406965413887759
CXCR3-,MS,MS49131_CSF,GSM4104125_CACACCTAGAAGCCCA-1,-0.27013476150836346
CXCR3+,MS,MS49131_CSF,GSM4104125_CACAGTATCTTGGGTA-1,-0.49682943277240926
CXCR3-,MS,MS49131_CSF,GSM4104125_CACATTTCAGCCTTTC-1,-0.09834107806026707
CXCR3-,MS,MS49131_CSF,GSM4104125_CACATTTGTCTAGTCA-1,-0.5973384009755108
CXCR3-,MS,MS49131_CSF,GSM4104125_CACCACTGTGGTACAG-1,0.24276387636876604
CXCR3-,MS,MS49131_CSF,GSM4104125_CACCAGGAGCGCTTAT-1,-0.32232540188552106
CXCR3-,MS,MS49131_CSF,GSM4104125_CACTCCATCTCGTTTA-1,-0.48379738225566166
CXCR3+,MS,MS49131_CSF,GSM4104125_CAGAATCCAGCGTTCG-1,-0.09834107806026707
CXCR3-,MS,MS49131_CSF,GSM4104125_CAGAATCGTAAGTAGT-1,-0.09834107806026707
CXCR3+,MS,MS49131_CSF,GSM4104125_CAGAATCTCTTGTTTG-1,0.5083406782871506
CXCR3-,MS,MS49131_CSF,GSM4104125_CAGAGAGAGGAGTCTG-1,0.26954195495909883
CXCR3-,MS,MS49131_CSF,GSM4104125_CAGATCATCGTGACAT-1,-0.09834107806026707
CXCR3+,MS,MS49131_CSF,GSM4104125_CAGCAGCTCACTTACT-1,-0.09834107806026707
CXCR3+,MS,MS49131_CSF,GSM4104125_CAGGTGCAGAGCTGCA-1,-0.6896163791683106
CXCR3-,MS,MS49131_CSF,GSM4104125_CAGTAACTCCTACAGA-1,-0.09834107806026707
CXCR3+,MS,MS49131_CSF,GSM4104125_CATATGGCATCGATGT-1,-0.08458259437444006
CXCR3+,MS,MS49131_CSF,GSM4104125_CATATTCTCCTGCAGG-1,-1.1216793767713773
CXCR3+,MS,MS49131_CSF,GSM4104125_CATCAAGGTTCGCTAA-1,-0.6353532955536044
CXCR3-,MS,MS49131_CSF,GSM4104125_CATCAGAGTTCACGGC-1,0.2685071117995028
CXCR3+,MS,MS49131_CSF,GSM4104125_CATCCACCAGACGCCT-1,0.026450069218956096
CXCR3-,MS,MS49131_CSF,GSM4104125_CATCGAAAGGCTCATT-1,-0.09834107806026707
CXCR3-,MS,MS49131_CSF,GSM4104125_CATTATCCAAGACGTG-1,-0.09834107806026707
CXCR3-,MS,MS49131_CSF,GSM4104125_CATTCGCAGACCTAGG-1,-0.859467793086761
CXCR3-,MS,MS49131_CSF,GSM4104125_CCACGGATCAACTCTT-1,0.45964968345295826
CXCR3-,MS,MS49131_CSF,GSM4104125_CCATTCGCACTTCTGC-1,0.22151862561109184
CXCR3-,MS,MS49131_CSF,GSM4104125_CCCTCCTTCCGCGGTA-1,0.11388009868461142
CXCR3+,MS,MS49131_CSF,GSM4104125_CCTACACTCGAATGCT-1,-0.09834107806026707
CXCR3-,MS,MS49131_CSF,GSM4104125_CCTCAGTGTATCACCA-1,-0.5743743474782077
CXCR3-,MS,MS49131_CSF,GSM4104125_CCTTACGAGGGAGTAA-1,-0.2905303799834901
CXCR3+,MS,MS49131_CSF,GSM4104125_CGAGAAGGTAGAGTGC-1,-0.09834107806026707
CXCR3-,MS,MS49131_CSF,GSM4104125_CGAGCACTCCACTCCA-1,-0.09834107806026707
CXCR3-,MS,MS49131_CSF,GSM4104125_CGCGGTAGTGATGTGG-1,0.016570099289056284
CXCR3-,MS,MS49131_CSF,GSM4104125_CGCGTTTCATCTATGG-1,-0.25278732514280244
CXCR3+,MS,MS49131_CSF,GSM4104125_CGGACACAGAAGAAGC-1,-0.3131860837298944
CXCR3-,MS,MS49131_CSF,GSM4104125_CGGACACGTAAGGATT-1,-0.19453945377428108
CXCR3-,MS,MS49131_CSF,GSM4104125_CGGACACTCTGTCAAG-1,-0.2743379329255928
CXCR3-,MS,MS49131_CSF,GSM4104125_CGGAGCTCAAGTAATG-1,-0.9553209473404928
CXCR3-,MS,MS49131_CSF,GSM4104125_CGGAGCTTCGTTGCCT-1,-0.09834107806026707
CXCR3-,MS,MS49131_CSF,GSM4104125_CGGCTAGAGTCACGCC-1,-0.29977670507217996
CXCR3+,MS,MS49131_CSF,GSM4104125_CGGTTAATCACGGTTA-1,-0.24185504532856725
CXCR3-,MS,MS49131_CSF,GSM4104125_CGTCACTTCACGGTTA-1,-0.4368716600343065
CXCR3+,MS,MS49131_CSF,GSM4104125_CGTCACTTCTTTCCTC-1,-0.021326419872283103
CXCR3-,MS,MS49131_CSF,GSM4104125_CGTGTAAAGATGGGTC-1,0.2760827161844547
CXCR3-,MS,MS49131_CSF,GSM4104125_CGTTCTGGTATTAGCC-1,-0.7990560425568611
CXCR3-,MS,MS49131_CSF,GSM4104125_CTAGCCTCACCGAATT-1,0.26468011413034476
CXCR3-,MS,MS49131_CSF,GSM4104125_CTCAGAAAGAGTAAGG-1,0.004074648225134782
CXCR3-,MS,MS49131_CSF,GSM4104125_CTCAGAAAGCTGCAAG-1,-0.30180268932499116
CXCR3-,MS,MS49131_CSF,GSM4104125_CTCAGAAAGGGATCTG-1,-0.2569865585371046
CXCR3-,MS,MS49131_CSF,GSM4104125_CTCGAGGAGTCAAGGC-1,-0.27172912342172145
CXCR3+,MS,MS49131_CSF,GSM4104125_CTCGTACGTCAGGACA-1,-0.07433613464034401
CXCR3-,MS,MS49131_CSF,GSM4104125_CTCTACGAGCGTTTAC-1,0.2298118082440946
CXCR3+,MS,MS49131_CSF,GSM4104125_CTGAAACCAAGTCATC-1,-0.03012816937191674
CXCR3-,MS,MS49131_CSF,GSM4104125_CTGAAACCACGACTCG-1,-0.5510206433207998
CXCR3-,MS,MS49131_CSF,GSM4104125_CTGGTCTGTAAGAGAG-1,-0.09834107806026707
CXCR3-,MS,MS49131_CSF,GSM4104125_CTTAACTAGTACATGA-1,-0.0012730948935020248
CXCR3-,MS,MS49131_CSF,GSM4104125_CTTTGCGTCGCGTTTC-1,0.3105820239453152
CXCR3+,MS,MS49131_CSF,GSM4104125_GAAACTCGTGTAATGA-1,-0.09834107806026707
CXCR3-,MS,MS49131_CSF,GSM4104125_GAACATCCAAGGACAC-1,-0.011184487454236749
CXCR3-,MS,MS49131_CSF,GSM4104125_GAACGGAAGAATGTGT-1,-0.4021232139371945
CXCR3-,MS,MS49131_CSF,GSM4104125_GACAGAGTCTTAGAGC-1,0.12556962241724018
CXCR3+,MS,MS49131_CSF,GSM4104125_GACCTGGTCGAACGGA-1,0.7191087710243772
CXCR3-,MS,MS49131_CSF,GSM4104125_GACGCGTAGGTTACCT-1,-0.09834107806026707
CXCR3-,MS,MS49131_CSF,GSM4104125_GACGTGCCATGCAATC-1,-0.21667545565599422
CXCR3+,MS,MS49131_CSF,GSM4104125_GACGTTAAGGTGATTA-1,-0.09834107806026707
CXCR3-,MS,MS49131_CSF,GSM4104125_GACGTTACATACTACG-1,-0.2416061177424098
CXCR3+,MS,MS49131_CSF,GSM4104125_GACGTTAGTTGGTTTG-1,-0.4397375700603688
CXCR3-,MS,MS49131_CSF,GSM4104125_GACTAACTCATACGGT-1,-0.22136216939143585
CXCR3-,MS,MS49131_CSF,GSM4104125_GAGCAGACATTCCTCG-1,-0.09834107806026707
CXCR3+,MS,MS49131_CSF,GSM4104125_GATCGCGAGAAGGTTT-1,-0.3783948521000512
CXCR3-,MS,MS49131_CSF,GSM4104125_GATCGTAGTCGAAAGC-1,-0.6376325571761632
CXCR3-,MS,MS49131_CSF,GSM4104125_GATTCAGCACCACCAG-1,-0.09834107806026707
CXCR3-,MS,MS49131_CSF,GSM4104125_GCAATCAGTCCCTACT-1,0.1999517924442657
CXCR3-,MS,MS49131_CSF,GSM4104125_GCACATACAAATCCGT-1,-0.33207155101040053
CXCR3-,MS,MS49131_CSF,GSM4104125_GCACTCTTCACATGCA-1,0.36776951087063436
CXCR3-,MS,MS49131_CSF,GSM4104125_GCATACATCAACACAC-1,-0.22403286623477547
CXCR3-,MS,MS49131_CSF,GSM4104125_GCCAAATTCGAGAACG-1,-0.09834107806026707
CXCR3+,MS,MS49131_CSF,GSM4104125_GCGACCACAACACCCG-1,-0.38358344066024724
CXCR3-,MS,MS49131_CSF,GSM4104125_GCGAGAAAGCTAGTCT-1,-0.09834107806026707
CXCR3+,MS,MS49131_CSF,GSM4104125_GCGAGAACAACACCTA-1,-0.24344690905470726
CXCR3+,MS,MS49131_CSF,GSM4104125_GCGCAACAGAGTTGGC-1,-0.6772662973678275
CXCR3-,MS,MS49131_CSF,GSM4104125_GCTGCAGGTAGCGCAA-1,0.2631293752509745
CXCR3-,MS,MS49131_CSF,GSM4104125_GGAAAGCGTCCGCTGA-1,-0.3228187729658262
CXCR3-,MS,MS49131_CSF,GSM4104125_GGACAAGGTTGGTTTG-1,-0.09834107806026707
CXCR3+,MS,MS49131_CSF,GSM4104125_GGAGCAACACACGCTG-1,-0.09834107806026707
CXCR3-,MS,MS49131_CSF,GSM4104125_GGATGTTAGAAACCTA-1,-0.09834107806026707
CXCR3-,MS,MS49131_CSF,GSM4104125_GGGAATGCACGAGGTA-1,-0.3136003965586841
CXCR3-,MS,MS49131_CSF,GSM4104125_GGGACCTGTGAGGCTA-1,-0.09834107806026707
CXCR3+,MS,MS49131_CSF,GSM4104125_GGGAGATAGGCTAGCA-1,-0.24183010451669554
CXCR3+,MS,MS49131_CSF,GSM4104125_GGTATTGGTATCGCAT-1,-0.48802587318301766
CXCR3-,MS,MS49131_CSF,GSM4104125_GGTATTGGTGGCTCCA-1,0.08942361740855567
CXCR3-,MS,MS49131_CSF,GSM4104125_GTACGTAAGTTGAGTA-1,0.28864488994177034
CXCR3+,MS,MS49131_CSF,GSM4104125_GTAGTCACAGCTGGCT-1,-0.3059223501236909
CXCR3+,MS,MS49131_CSF,GSM4104125_GTCAAGTAGTACGCCC-1,0.25373712144195604
CXCR3-,MS,MS49131_CSF,GSM4104125_GTCCTCACACAGCGTC-1,-0.09834107806026707
CXCR3+,MS,MS49131_CSF,GSM4104125_GTCTCGTTCCGTACAA-1,0.12441963195460691
CXCR3-,MS,MS49131_CSF,GSM4104125_GTGCAGCGTGGCGAAT-1,-0.09834107806026707
CXCR3+,MS,MS49131_CSF,GSM4104125_GTGCATAAGTGGCACA-1,-0.09834107806026707
CXCR3-,MS,MS49131_CSF,GSM4104125_GTGCATACATCCCACT-1,-0.5421432473800019
CXCR3-,MS,MS49131_CSF,GSM4104125_GTGCATATCTACTCAT-1,-0.1728787481219605
CXCR3-,MS,MS49131_CSF,GSM4104125_GTGCTTCCAAGTACCT-1,-0.09834107806026707
CXCR3+,MS,MS49131_CSF,GSM4104125_GTGCTTCTCGTGGTCG-1,-0.25187375070493817
CXCR3-,MS,MS49131_CSF,GSM4104125_GTGTGCGTCACGAAGG-1,-0.27950889691777203
CXCR3-,MS,MS49131_CSF,GSM4104125_GTTTCTAGTCTAGTGT-1,-0.09834107806026707
CXCR3-,MS,MS49131_CSF,GSM4104125_TAAGAGACAGGACGTA-1,-0.0185551658932611
CXCR3-,MS,MS49131_CSF,GSM4104125_TAAGCGTAGTTCCACA-1,-0.09834107806026707
CXCR3+,MS,MS49131_CSF,GSM4104125_TACAGTGTCCCACTTG-1,-0.2308127469988059
CXCR3+,MS,MS49131_CSF,GSM4104125_TACCTATTCTCGCTTG-1,-0.09834107806026707
CXCR3+,MS,MS49131_CSF,GSM4104125_TACGGGCCAGTCAGCC-1,0.11778535554912148
CXCR3+,MS,MS49131_CSF,GSM4104125_TACGGGCGTTCGTCTC-1,-0.14616099574401423
CXCR3-,MS,MS49131_CSF,GSM4104125_TCAACGAAGGTCGGAT-1,-0.6042966577224258
CXCR3-,MS,MS49131_CSF,GSM4104125_TCAATCTAGGTAGCCA-1,-0.09834107806026707
CXCR3+,MS,MS49131_CSF,GSM4104125_TCAGATGTCTTCGGTC-1,0.5988686231022252
CXCR3+,MS,MS49131_CSF,GSM4104125_TCAGCTCCATCAGTCA-1,-0.0923929331938838
CXCR3-,MS,MS49131_CSF,GSM4104125_TCCACACCAGTTTACG-1,-0.09834107806026707
CXCR3+,MS,MS49131_CSF,GSM4104125_TCGCGAGCACTTCGAA-1,-0.09834107806026707
CXCR3-,MS,MS49131_CSF,GSM4104125_TCGGGACCATGGAATA-1,0.2211446153421603
CXCR3-,MS,MS49131_CSF,GSM4104125_TCGGTAACATAGTAAG-1,-0.09834107806026707
CXCR3-,MS,MS49131_CSF,GSM4104125_TCTATTGTCGTCTGCT-1,-0.6916761476095364
CXCR3+,MS,MS49131_CSF,GSM4104125_TGAAAGACATCATCCC-1,-0.37906723635371165
CXCR3-,MS,MS49131_CSF,GSM4104125_TGACAACAGTTAGCGG-1,-0.2606646250698002
CXCR3-,MS,MS49131_CSF,GSM4104125_TGACAACTCTGTACGA-1,-0.09834107806026707
CXCR3+,MS,MS49131_CSF,GSM4104125_TGAGAGGGTCTAGAGG-1,0.15065960370753256
CXCR3+,MS,MS49131_CSF,GSM4104125_TGAGAGGTCGATGAGG-1,0.005616306187881924
CXCR3-,MS,MS49131_CSF,GSM4104125_TGATTTCCAATGGAGC-1,0.09149418362919703
CXCR3+,MS,MS49131_CSF,GSM4104125_TGATTTCTCAGCATGT-1,-0.445566288056855
CXCR3-,MS,MS49131_CSF,GSM4104125_TGCACCTTCTACCAGA-1,-0.2536839285770998
CXCR3-,MS,MS49131_CSF,GSM4104125_TGCGTGGCAGTCAGCC-1,-0.5706770284159114
CXCR3-,MS,MS49131_CSF,GSM4104125_TGGCCAGAGAGGTACC-1,-0.09834107806026707
CXCR3-,MS,MS49131_CSF,GSM4104125_TGGCGCAAGATATACG-1,0.2165327926736469
CXCR3-,MS,MS49131_CSF,GSM4104125_TGGGAAGCAGCATGAG-1,-0.1645208390806274
CXCR3-,MS,MS49131_CSF,GSM4104125_TGGGCGTCATTTCAGG-1,0.20678443000382343
CXCR3-,MS,MS49131_CSF,GSM4104125_TGTATTCGTAGCCTCG-1,-0.09834107806026707
CXCR3+,MS,MS49131_CSF,GSM4104125_TTAACTCTCAGGTAAA-1,0.2126056072732998
CXCR3-,MS,MS49131_CSF,GSM4104125_TTATGCTGTCGTGGCT-1,-0.25398558582143904
CXCR3-,MS,MS49131_CSF,GSM4104125_TTATGCTGTTGTCTTT-1,0.14599423965865305
CXCR3-,MS,MS49131_CSF,GSM4104125_TTCCCAGGTAAATGTG-1,-0.09834107806026707
CXCR3-,MS,MS49131_CSF,GSM4104125_TTCGAAGTCCTAGGGC-1,-0.4220757415201613
CXCR3-,MS,MS49131_CSF,GSM4104125_TTGACTTGTTGGACCC-1,-0.2799936477845085
CXCR3+,MS,MS49131_CSF,GSM4104125_TTTACTGTCTGCCCTA-1,-0.3457902435154492
CXCR3+,MS,MS49131_CSF,GSM4104125_TTTATGCCAAGTAGTA-1,-0.09834107806026707
CXCR3-,MS,MS49131_CSF,GSM4104125_TTTATGCCAGGTGGAT-1,-0.039455848163984335
CXCR3+,MS,MS49131_CSF,GSM4104125_TTTGTCAAGATATGGT-1,-0.09834107806026707
CXCR3-,MS,MS58637_CSF,GSM4104123_AAACCTGCATGCCTAA-1,0.16002005596317811
CXCR3-,MS,MS58637_CSF,GSM4104123_AAAGATGAGCCACCTG-1,-0.3092575188647905
CXCR3-,MS,MS58637_CSF,GSM4104123_AACTGGTGTATTAGCC-1,-0.25667073144241165
CXCR3+,MS,MS58637_CSF,GSM4104123_AACTGGTTCCCAACGG-1,0.6221983910691222
CXCR3+,MS,MS58637_CSF,GSM4104123_AAGCCGCCAGGTCCAC-1,-0.09834107806026707
CXCR3-,MS,MS58637_CSF,GSM4104123_AATCGGTAGCTAACAA-1,-0.09834107806026707
CXCR3-,MS,MS58637_CSF,GSM4104123_ACACTGACACTCTGTC-1,-0.09834107806026707
CXCR3-,MS,MS58637_CSF,GSM4104123_ACAGCCGAGAGCTTCT-1,0.34834298536193453
CXCR3-,MS,MS58637_CSF,GSM4104123_ACATCAGGTAGCCTCG-1,-0.09834107806026707
CXCR3+,MS,MS58637_CSF,GSM4104123_ACCCACTAGACGCTTT-1,-0.09834107806026707
CXCR3-,MS,MS58637_CSF,GSM4104123_ACCGTAAGTCTGCAAT-1,0.22365107003507392
CXCR3-,MS,MS58637_CSF,GSM4104123_ACGGAGACAATGAAAC-1,-0.3875855115969591
CXCR3-,MS,MS58637_CSF,GSM4104123_ACGGGCTCAACTGCTA-1,-0.24298787153695958
CXCR3-,MS,MS58637_CSF,GSM4104123_ACGGGCTTCTTGACGA-1,-0.09834107806026707
CXCR3-,MS,MS58637_CSF,GSM4104123_ACTGAACAGCGAAGGG-1,-0.09834107806026707
CXCR3-,MS,MS58637_CSF,GSM4104123_ACTGAACGTTTGGCGC-1,-0.09834107806026707
CXCR3-,MS,MS58637_CSF,GSM4104123_ACTGAGTGTGATGCCC-1,0.2165913435102831
CXCR3-,MS,MS58637_CSF,GSM4104123_ACTTACTCAGGGAGAG-1,-0.2845157180197901
CXCR3-,MS,MS58637_CSF,GSM4104123_ACTTTCACAATAACGA-1,-0.2897415564862097
CXCR3-,MS,MS58637_CSF,GSM4104123_AGACGTTCACCCTATC-1,-0.09834107806026707
CXCR3-,MS,MS58637_CSF,GSM4104123_AGACGTTCAGCCACCA-1,-0.09834107806026707
CXCR3+,MS,MS58637_CSF,GSM4104123_AGAGCGACACGCGAAA-1,-0.09834107806026707
CXCR3-,MS,MS58637_CSF,GSM4104123_AGAGTGGGTTATTCTC-1,0.2257737373542769
CXCR3-,MS,MS58637_CSF,GSM4104123_AGAGTGGGTTCGCTAA-1,0.17217051579546278
CXCR3-,MS,MS58637_CSF,GSM4104123_AGCAGCCGTGACTACT-1,-0.09834107806026707
CXCR3-,MS,MS58637_CSF,GSM4104123_AGCAGCCGTGTGACGA-1,0.28768300811008135
CXCR3-,MS,MS58637_CSF,GSM4104123_AGCAGCCTCCGTTGTC-1,-0.09834107806026707
CXCR3-,MS,MS58637_CSF,GSM4104123_AGCGTATGTGCTAGCC-1,-0.5046042063804436
CXCR3+,MS,MS58637_CSF,GSM4104123_AGGGTGAGTTCCACTC-1,-0.29354234276225727
CXCR3-,MS,MS58637_CSF,GSM4104123_AGGGTGATCTGAAAGA-1,-0.7397209714118664
CXCR3-,MS,MS58637_CSF,GSM4104123_AGGTCATGTCCTAGCG-1,-0.09834107806026707
CXCR3-,MS,MS58637_CSF,GSM4104123_AGTAGTCCAAGAGGCT-1,-0.09834107806026707
CXCR3-,MS,MS58637_CSF,GSM4104123_AGTCTTTGTCTTTCAT-1,0.33578914072360316
CXCR3-,MS,MS58637_CSF,GSM4104123_AGTGTCATCCCTCTTT-1,-0.09834107806026707
CXCR3+,MS,MS58637_CSF,GSM4104123_AGTTGGTGTCCGAAGA-1,0.07739827026341375
CXCR3-,MS,MS58637_CSF,GSM4104123_ATAACGCAGCCTATGT-1,0.08832828201145507
CXCR3-,MS,MS58637_CSF,GSM4104123_ATCACGATCCAATGGT-1,-0.09834107806026707
CXCR3+,MS,MS58637_CSF,GSM4104123_ATCATGGAGATGCGAC-1,-0.37893324578665105
CXCR3+,MS,MS58637_CSF,GSM4104123_ATCATGGCAAGGTGTG-1,-0.09834107806026707
CXCR3-,MS,MS58637_CSF,GSM4104123_ATCATGGGTCGGCTCA-1,-0.09834107806026707
CXCR3-,MS,MS58637_CSF,GSM4104123_ATCCACCCACATCTTT-1,-0.09834107806026707
CXCR3+,MS,MS58637_CSF,GSM4104123_ATGAGGGGTCTCACCT-1,0.20145056917155604
CXCR3-,MS,MS58637_CSF,GSM4104123_ATGGGAGCACCCATGG-1,-0.22885738969212602
CXCR3-,MS,MS58637_CSF,GSM4104123_ATGTGTGAGATGCGAC-1,-0.09834107806026707
CXCR3+,MS,MS58637_CSF,GSM4104123_ATGTGTGTCAGCTCTC-1,-0.09834107806026707
CXCR3-,MS,MS58637_CSF,GSM4104123_ATTATCCAGACGACGT-1,-0.09834107806026707
CXCR3-,MS,MS58637_CSF,GSM4104123_ATTATCCGTGTGCGTC-1,0.3900277233113827
CXCR3+,MS,MS58637_CSF,GSM4104123_ATTGGACTCCAACCAA-1,0.22029303982064805
CXCR3-,MS,MS58637_CSF,GSM4104123_ATTGGTGAGGATGGTC-1,-0.2667927278784749
CXCR3-,MS,MS58637_CSF,GSM4104123_ATTTCTGGTCCAACTA-1,0.1035242909690371
CXCR3-,MS,MS58637_CSF,GSM4104123_ATTTCTGTCACTTATC-1,-0.2629454787238959
CXCR3-,MS,MS58637_CSF,GSM4104123_CACACCTTCCTTTCGG-1,-0.021935801263915762
CXCR3-,MS,MS58637_CSF,GSM4104123_CACACTCGTACAGTGG-1,0.743954822420319
CXCR3-,MS,MS58637_CSF,GSM4104123_CACAGTAGTGATAAAC-1,-0.09834107806026707
CXCR3-,MS,MS58637_CSF,GSM4104123_CACCACTAGAAACGAG-1,-0.09834107806026707
CXCR3-,MS,MS58637_CSF,GSM4104123_CACCACTGTATGCTTG-1,0.20326097247509445
CXCR3-,MS,MS58637_CSF,GSM4104123_CACCAGGCATGCTGGC-1,0.3050894649938626
CXCR3+,MS,MS58637_CSF,GSM4104123_CACCTTGAGGACTGGT-1,-0.5617398323854276
CXCR3-,MS,MS58637_CSF,GSM4104123_CACCTTGGTTGGAGGT-1,0.21467070424440413
CXCR3-,MS,MS58637_CSF,GSM4104123_CAGAATCGTAACGACG-1,-0.09834107806026707
CXCR3-,MS,MS58637_CSF,GSM4104123_CAGCAGCAGCAACGGT-1,-0.09834107806026707
CXCR3-,MS,MS58637_CSF,GSM4104123_CAGGTGCCAAGTTAAG-1,-0.09834107806026707
CXCR3-,MS,MS58637_CSF,GSM4104123_CAGTAACCACGCGAAA-1,0.36829171926531445
CXCR3+,MS,MS58637_CSF,GSM4104123_CAGTCCTTCTTGCATT-1,-0.09834107806026707
CXCR3-,MS,MS58637_CSF,GSM4104123_CATATTCCACAGTCGC-1,-0.09834107806026707
CXCR3-,MS,MS58637_CSF,GSM4104123_CATCCACTCACCCGAG-1,-0.09834107806026707
CXCR3-,MS,MS58637_CSF,GSM4104123_CATCGAACAACGATGG-1,-0.09834107806026707
CXCR3-,MS,MS58637_CSF,GSM4104123_CATCGGGGTCGCGGTT-1,0.21410814042986187
CXCR3-,MS,MS58637_CSF,GSM4104123_CATGACATCGGCGGTT-1,-0.09834107806026707
CXCR3-,MS,MS58637_CSF,GSM4104123_CATTATCAGTTTAGGA-1,0.2992597089492403
CXCR3-,MS,MS58637_CSF,GSM4104123_CCACGGATCCCGGATG-1,-0.09834107806026707
CXCR3-,MS,MS58637_CSF,GSM4104123_CCATGTCTCTATGTGG-1,-0.09834107806026707
CXCR3+,MS,MS58637_CSF,GSM4104123_CCCAATCGTAAATGTG-1,-0.09834107806026707
CXCR3-,MS,MS58637_CSF,GSM4104123_CCTAAAGTCGCGATCG-1,-0.09834107806026707
CXCR3-,MS,MS58637_CSF,GSM4104123_CCTACACAGCCGTCGT-1,-0.09834107806026707
CXCR3-,MS,MS58637_CSF,GSM4104123_CCTACCATCACCACCT-1,-0.5822941413909851
CXCR3-,MS,MS58637_CSF,GSM4104123_CGAACATGTCTAGCGC-1,-0.09834107806026707
CXCR3+,MS,MS58637_CSF,GSM4104123_CGCTGGACATCTGGTA-1,0.3274253169914238
CXCR3-,MS,MS58637_CSF,GSM4104123_CGCTTCACACCTGGTG-1,-0.09834107806026707
CXCR3-,MS,MS58637_CSF,GSM4104123_CGCTTCATCAGTACGT-1,-0.09834107806026707
CXCR3-,MS,MS58637_CSF,GSM4104123_CGCTTCATCTGCAGTA-1,-0.09834107806026707
CXCR3+,MS,MS58637_CSF,GSM4104123_CGGACGTTCTACGAGT-1,0.33206258808370626
CXCR3-,MS,MS58637_CSF,GSM4104123_CGTAGCGAGACAGACC-1,-0.09335120017558644
CXCR3-,MS,MS58637_CSF,GSM4104123_CGTAGCGGTTCACCTC-1,-0.7241573290803573
CXCR3-,MS,MS58637_CSF,GSM4104123_CGTCACTAGGCGTACA-1,-0.09834107806026707
CXCR3-,MS,MS58637_CSF,GSM4104123_CGTGAGCTCTTATCTG-1,-0.09834107806026707
CXCR3+,MS,MS58637_CSF,GSM4104123_CGTGTCTGTGAAGGCT-1,-0.2767492218688426
CXCR3-,MS,MS58637_CSF,GSM4104123_CGTTAGACACGCGAAA-1,-0.09834107806026707
CXCR3-,MS,MS58637_CSF,GSM4104123_CGTTGGGGTGATGCCC-1,0.15828326124870848
CXCR3-,MS,MS58637_CSF,GSM4104123_CTAATGGGTGCCTGCA-1,-0.09834107806026707
CXCR3-,MS,MS58637_CSF,GSM4104123_CTAATGGTCTTGCAAG-1,-0.47139732655720273
CXCR3+,MS,MS58637_CSF,GSM4104123_CTACCCAAGCCAGTTT-1,-0.2696363554816511
CXCR3-,MS,MS58637_CSF,GSM4104123_CTCAGAACACCTGGTG-1,-0.7074453956107305
CXCR3+,MS,MS58637_CSF,GSM4104123_CTCCTAGAGTCCTCCT-1,-0.09834107806026707
CXCR3-,MS,MS58637_CSF,GSM4104123_CTCGAAAAGGAATCGC-1,-0.09834107806026707
CXCR3+,MS,MS58637_CSF,GSM4104123_CTCGAGGAGGCTCTTA-1,-0.6754818107378285
CXCR3+,MS,MS58637_CSF,GSM4104123_CTCGTACTCCGATATG-1,-0.09834107806026707
CXCR3-,MS,MS58637_CSF,GSM4104123_CTCGTCACAGTCGATT-1,-0.09834107806026707
CXCR3-,MS,MS58637_CSF,GSM4104123_CTCTAATCAAGGCTCC-1,-0.09834107806026707
CXCR3-,MS,MS58637_CSF,GSM4104123_CTCTACGTCTTACCGC-1,-0.09834107806026707
CXCR3+,MS,MS58637_CSF,GSM4104123_CTGAAACCATTTCAGG-1,-0.1283472371911867
CXCR3-,MS,MS58637_CSF,GSM4104123_CTGATCCCAGCGTAAG-1,-0.09834107806026707
CXCR3-,MS,MS58637_CSF,GSM4104123_CTGCGGATCTGCGACG-1,-0.09834107806026707
CXCR3-,MS,MS58637_CSF,GSM4104123_CTTAGGACAAGTCTAC-1,-0.7243754864223234
CXCR3-,MS,MS58637_CSF,GSM4104123_CTTCTCTCAATAGCGG-1,-0.09834107806026707
CXCR3-,MS,MS58637_CSF,GSM4104123_CTTGGCTGTTCCATGA-1,-0.09834107806026707
CXCR3+,MS,MS58637_CSF,GSM4104123_CTTTGCGAGTGTGGCA-1,-0.09834107806026707
CXCR3+,MS,MS58637_CSF,GSM4104123_GAAACTCCAGTCGATT-1,0.34919382453357517
CXCR3-,MS,MS58637_CSF,GSM4104123_GAAACTCTCCTAAGTG-1,-0.6408041751416033
CXCR3-,MS,MS58637_CSF,GSM4104123_GAAATGATCGAATGGG-1,-0.36427674701791307
CXCR3-,MS,MS58637_CSF,GSM4104123_GAACCTAGTACCGTAT-1,0.4046199560004436
CXCR3-,MS,MS58637_CSF,GSM4104123_GAACCTAGTTTGACAC-1,0.4033310245108202
CXCR3-,MS,MS58637_CSF,GSM4104123_GAACCTATCTCTGTCG-1,0.3851572510430573
CXCR3-,MS,MS58637_CSF,GSM4104123_GACAGAGGTCGCTTCT-1,0.2892908115969823
CXCR3-,MS,MS58637_CSF,GSM4104123_GACCAATAGGTTCCTA-1,-0.09834107806026707
CXCR3+,MS,MS58637_CSF,GSM4104123_GACCAATAGTACGACG-1,-0.09834107806026707
CXCR3-,MS,MS58637_CSF,GSM4104123_GACGCGTCAGGAACGT-1,0.24268608170272107
CXCR3-,MS,MS58637_CSF,GSM4104123_GACGTTAAGAGACGAA-1,-0.34246073671410254
CXCR3-,MS,MS58637_CSF,GSM4104123_GACGTTAAGGCTAGCA-1,-0.09834107806026707
CXCR3-,MS,MS58637_CSF,GSM4104123_GACGTTAGTTCGTGAT-1,0.428291467696541
CXCR3-,MS,MS58637_CSF,GSM4104123_GATCAGTGTTCGTGAT-1,0.3545268827056919
CXCR3-,MS,MS58637_CSF,GSM4104123_GATCTAGTCTCGTTTA-1,-0.3769879509019976
CXCR3-,MS,MS58637_CSF,GSM4104123_GCAAACTGTTCCACTC-1,0.030841973985851867
CXCR3-,MS,MS58637_CSF,GSM4104123_GCAAACTTCTTGAGGT-1,0.2663531650332034
CXCR3-,MS,MS58637_CSF,GSM4104123_GCAATCAGTGTGACCC-1,-0.09834107806026707
CXCR3+,MS,MS58637_CSF,GSM4104123_GCACTCTTCTGCTGCT-1,-0.09834107806026707
CXCR3-,MS,MS58637_CSF,GSM4104123_GCAGTTATCTGTCCGT-1,0.20387912237038294
CXCR3-,MS,MS58637_CSF,GSM4104123_GCATACAAGAGCTGCA-1,0.22087029232617414
CXCR3-,MS,MS58637_CSF,GSM4104123_GCCAAATGTTTGGCGC-1,-0.9430154311628896
CXCR3+,MS,MS58637_CSF,GSM4104123_GCCTCTAAGGGTATCG-1,0.31658664248789764
CXCR3+,MS,MS58637_CSF,GSM4104123_GCGAGAACACCAACCG-1,-0.09834107806026707
CXCR3-,MS,MS58637_CSF,GSM4104123_GCGCGATTCATAAAGG-1,-0.09834107806026707
CXCR3-,MS,MS58637_CSF,GSM4104123_GCGCGATTCTCCAACC-1,0.35970731844655857
CXCR3-,MS,MS58637_CSF,GSM4104123_GCGCGATTCTCCCTGA-1,0.44886885356826495
CXCR3-,MS,MS58637_CSF,GSM4104123_GCGGGTTTCCAGTAGT-1,-0.09834107806026707
CXCR3-,MS,MS58637_CSF,GSM4104123_GCTCTGTCAGTATAAG-1,0.18131077651162156
CXCR3-,MS,MS58637_CSF,GSM4104123_GCTGCTTCAGGGTATG-1,-0.4349894540581533
CXCR3-,MS,MS58637_CSF,GSM4104123_GCTGCTTCATACTCTT-1,-0.09834107806026707
CXCR3-,MS,MS58637_CSF,GSM4104123_GCTGCTTGTTTGGCGC-1,0.4701383621377917
CXCR3-,MS,MS58637_CSF,GSM4104123_GCTGGGTTCAAAGTAG-1,-0.09834107806026707
CXCR3-,MS,MS58637_CSF,GSM4104123_GGAACTTAGCCGGTAA-1,-0.5460848103202423
CXCR3-,MS,MS58637_CSF,GSM4104123_GGAATAATCAACGGCC-1,0.20029450457511538
CXCR3-,MS,MS58637_CSF,GSM4104123_GGACAAGCAATACGCT-1,-0.5008933845625753
CXCR3+,MS,MS58637_CSF,GSM4104123_GGACGTCGTGGTTTCA-1,0.04908394887012148
CXCR3-,MS,MS58637_CSF,GSM4104123_GGACGTCTCGTTGCCT-1,0.6596363561858519
CXCR3+,MS,MS58637_CSF,GSM4104123_GGAGCAAAGTGAAGAG-1,-0.23137485289042556
CXCR3-,MS,MS58637_CSF,GSM4104123_GGATGTTAGGAGCGAG-1,-0.09834107806026707
CXCR3+,MS,MS58637_CSF,GSM4104123_GGCGTGTGTTCAGGCC-1,-0.09834107806026707
CXCR3-,MS,MS58637_CSF,GSM4104123_GGCTCGAAGCACGCCT-1,-0.28026026231601964
CXCR3-,MS,MS58637_CSF,GSM4104123_GGGAATGTCTAACCGA-1,-0.09834107806026707
CXCR3-,MS,MS58637_CSF,GSM4104123_GGGATGACAAACAACA-1,-0.09834107806026707
CXCR3-,MS,MS58637_CSF,GSM4104123_GGGCACTGTTCCATGA-1,-0.2676780446577759
CXCR3-,MS,MS58637_CSF,GSM4104123_GGGCATCCAACTGCTA-1,-0.40738245359273506
CXCR3-,MS,MS58637_CSF,GSM4104123_GGGCATCCAGACGCAA-1,-0.35939032071836197
CXCR3-,MS,MS58637_CSF,GSM4104123_GGTGCGTAGACCCACC-1,-0.09834107806026707
CXCR3-,MS,MS58637_CSF,GSM4104123_GTAACGTGTTCAGGCC-1,0.15133129827832784
CXCR3-,MS,MS58637_CSF,GSM4104123_GTAACGTTCAGCGATT-1,-0.23340096166064495
CXCR3-,MS,MS58637_CSF,GSM4104123_GTACTCCTCGGCGCAT-1,-0.5759915936734525
CXCR3-,MS,MS58637_CSF,GSM4104123_GTACTTTTCTGTTGAG-1,-0.09834107806026707
CXCR3-,MS,MS58637_CSF,GSM4104123_GTAGTCACACATTAGC-1,0.4220721732255229
CXCR3+,MS,MS58637_CSF,GSM4104123_GTCAAGTTCTTTACGT-1,-0.09834107806026707
CXCR3-,MS,MS58637_CSF,GSM4104123_GTCACAAAGGCGATAC-1,-0.09834107806026707
CXCR3-,MS,MS58637_CSF,GSM4104123_GTCATTTAGTATCTCG-1,-0.09834107806026707
CXCR3-,MS,MS58637_CSF,GSM4104123_GTCGGGTAGAGGTAGA-1,-0.27999416448108777
CXCR3-,MS,MS58637_CSF,GSM4104123_GTCGGGTTCGAGCCCA-1,-0.09834107806026707
CXCR3-,MS,MS58637_CSF,GSM4104123_GTCTCGTAGTCCAGGA-1,-0.09834107806026707
CXCR3+,MS,MS58637_CSF,GSM4104123_GTGAAGGTCATCTGTT-1,0.40826668344578143
CXCR3-,MS,MS58637_CSF,GSM4104123_GTGTGCGTCCAGAGGA-1,-0.09834107806026707
CXCR3-,MS,MS58637_CSF,GSM4104123_GTTCTCGAGATCTGAA-1,-0.09834107806026707
CXCR3-,MS,MS58637_CSF,GSM4104123_TACACGAGTCTTGATG-1,-0.09834107806026707
CXCR3-,MS,MS58637_CSF,GSM4104123_TACGGTACAATGGATA-1,-0.1874370418589606
CXCR3-,MS,MS58637_CSF,GSM4104123_TACGGTAGTTCGTTGA-1,-0.004506441929606491
CXCR3-,MS,MS58637_CSF,GSM4104123_TACTCGCGTCGTCTTC-1,-0.09834107806026707
CXCR3-,MS,MS58637_CSF,GSM4104123_TAGCCGGAGCGTAATA-1,-0.09834107806026707
CXCR3-,MS,MS58637_CSF,GSM4104123_TAGTGGTAGGCAGTCA-1,0.318254408768286
CXCR3-,MS,MS58637_CSF,GSM4104123_TAGTGGTGTTAAAGTG-1,-0.12836780892027014
CXCR3+,MS,MS58637_CSF,GSM4104123_TATCAGGTCGCGGATC-1,-0.4921050770641665
CXCR3+,MS,MS58637_CSF,GSM4104123_TATGCCCAGGATCGCA-1,-0.4979410086607571
CXCR3-,MS,MS58637_CSF,GSM4104123_TATGCCCTCGTCCAGG-1,0.17978741829653258
CXCR3+,MS,MS58637_CSF,GSM4104123_TCACGAAAGTTTCCTT-1,0.2115111011911117
CXCR3-,MS,MS58637_CSF,GSM4104123_TCAGATGCATTTCACT-1,0.194672258870565
CXCR3-,MS,MS58637_CSF,GSM4104123_TCAGCTCAGTGAAGTT-1,-0.30652278485293527
CXCR3-,MS,MS58637_CSF,GSM4104123_TCATTACGTACACCGC-1,-0.404963822580744
CXCR3-,MS,MS58637_CSF,GSM4104123_TCCACACTCCTAGGGC-1,-0.6175044197131353
CXCR3+,MS,MS58637_CSF,GSM4104123_TCCCGATCAATTCCTT-1,-0.30266984588803014
CXCR3+,MS,MS58637_CSF,GSM4104123_TCGAGGCGTAAACACA-1,-0.09834107806026707
CXCR3-,MS,MS58637_CSF,GSM4104123_TCGCGAGGTCTAGGTT-1,-0.09834107806026707
CXCR3-,MS,MS58637_CSF,GSM4104123_TCGGGACGTGCCTGGT-1,-0.30160796440292065
CXCR3-,MS,MS58637_CSF,GSM4104123_TCGTACCAGTGAAGTT-1,-0.3032429508887437
CXCR3-,MS,MS58637_CSF,GSM4104123_TCGTACCGTGGTCTCG-1,0.18578890876663387
CXCR3+,MS,MS58637_CSF,GSM4104123_TCGTACCTCGTAGGAG-1,-0.09834107806026707
CXCR3+,MS,MS58637_CSF,GSM4104123_TCGTAGATCCATTCTA-1,-0.09834107806026707
CXCR3-,MS,MS58637_CSF,GSM4104123_TCGTAGATCGCCATAA-1,-0.09834107806026707
CXCR3+,MS,MS58637_CSF,GSM4104123_TCTCTAAAGACACGAC-1,-0.09834107806026707
CXCR3-,MS,MS58637_CSF,GSM4104123_TCTGAGAGTCAACTGT-1,-0.09834107806026707
CXCR3-,MS,MS58637_CSF,GSM4104123_TCTGGAACAATCGAAA-1,-0.09834107806026707
CXCR3-,MS,MS58637_CSF,GSM4104123_TCTGGAACACTTAAGC-1,-0.09834107806026707
CXCR3-,MS,MS58637_CSF,GSM4104123_TCTGGAACAGCTGCTG-1,-0.09834107806026707
CXCR3+,MS,MS58637_CSF,GSM4104123_TCTTTCCTCGATAGAA-1,0.6261450067932044
CXCR3-,MS,MS58637_CSF,GSM4104123_TGACTAGGTCTGATCA-1,-0.09834107806026707
CXCR3-,MS,MS58637_CSF,GSM4104123_TGAGAGGGTACCTACA-1,-0.09834107806026707
CXCR3-,MS,MS58637_CSF,GSM4104123_TGCACCTTCGTGTAGT-1,-0.09834107806026707
CXCR3+,MS,MS58637_CSF,GSM4104123_TGCCCATTCTGGTGTA-1,0.02727541437752804
CXCR3+,MS,MS58637_CSF,GSM4104123_TGCCCTAGTCTGCAAT-1,-0.2722442994448235
CXCR3-,MS,MS58637_CSF,GSM4104123_TGCGCAGGTACTCGCG-1,0.19716669185778887
CXCR3-,MS,MS58637_CSF,GSM4104123_TGCGCAGGTTCAGACT-1,-0.004226586645681596
CXCR3-,MS,MS58637_CSF,GSM4104123_TGCGTGGTCATTGCGA-1,-0.2763275604079835
CXCR3-,MS,MS58637_CSF,GSM4104123_TGCTACCTCCGAGCCA-1,0.22585075766879048
CXCR3-,MS,MS58637_CSF,GSM4104123_TGGACGCGTTCGCGAC-1,-0.09834107806026707
CXCR3-,MS,MS58637_CSF,GSM4104123_TGGCTGGGTATGAATG-1,-0.4551766183272756
CXCR3-,MS,MS58637_CSF,GSM4104123_TGGTTCCTCAACCATG-1,-0.09834107806026707
CXCR3-,MS,MS58637_CSF,GSM4104123_TGTGGTATCCCGACTT-1,-0.09834107806026707
CXCR3-,MS,MS58637_CSF,GSM4104123_TGTTCCGTCATTGCGA-1,-0.09834107806026707
CXCR3-,MS,MS58637_CSF,GSM4104123_TTAGGCAAGTCCGTAT-1,0.45163338898151817
CXCR3-,MS,MS58637_CSF,GSM4104123_TTAGGCATCTCGTATT-1,-0.09834107806026707
CXCR3-,MS,MS58637_CSF,GSM4104123_TTCTCAATCAAAGACA-1,-0.09834107806026707
CXCR3-,MS,MS58637_CSF,GSM4104123_TTCTCCTGTGATGATA-1,-0.09834107806026707
CXCR3+,MS,MS58637_CSF,GSM4104123_TTGAACGAGGTGCAAC-1,0.03560173723388115
CXCR3+,MS,MS60249_CSF,GSM4104126_AAACCTGCACCGCTAG-1,0.3955664760778001
CXCR3-,MS,MS60249_CSF,GSM4104126_AAACCTGCAGGTCGTC-1,0.09159834942396584
CXCR3+,MS,MS60249_CSF,GSM4104126_AAACCTGGTAAACACA-1,0.027626642388962536
CXCR3-,MS,MS60249_CSF,GSM4104126_AAACCTGTCAGAGCTT-1,-0.09834107806026707
CXCR3-,MS,MS60249_CSF,GSM4104126_AAACCTGTCATCGATG-1,-0.09834107806026707
CXCR3-,MS,MS60249_CSF,GSM4104126_AAACCTGTCCAAGTAC-1,-0.09834107806026707
CXCR3+,MS,MS60249_CSF,GSM4104126_AAACGGGCACATCCAA-1,-0.09834107806026707
CXCR3+,MS,MS60249_CSF,GSM4104126_AAACGGGGTTACGCGC-1,-0.09834107806026707
CXCR3-,MS,MS60249_CSF,GSM4104126_AAACGGGTCTGTTGAG-1,-0.5680043157652637
CXCR3-,MS,MS60249_CSF,GSM4104126_AAAGATGAGAGGTTGC-1,-0.09834107806026707
CXCR3-,MS,MS60249_CSF,GSM4104126_AAAGATGAGGATGTAT-1,-0.325720127340455
CXCR3+,MS,MS60249_CSF,GSM4104126_AAAGATGCAGGAATGC-1,-0.09834107806026707
CXCR3+,MS,MS60249_CSF,GSM4104126_AAAGCAACATGACGGA-1,-0.037855743129215635
CXCR3+,MS,MS60249_CSF,GSM4104126_AAAGCAAGTAAGTGGC-1,0.03246228583313242
CXCR3-,MS,MS60249_CSF,GSM4104126_AAAGCAATCAAGCCTA-1,0.31411735294147747
CXCR3+,MS,MS60249_CSF,GSM4104126_AAAGTAGAGCTAAGAT-1,-0.09834107806026707
CXCR3-,MS,MS60249_CSF,GSM4104126_AAAGTAGGTTGTACAC-1,-0.09834107806026707
CXCR3+,MS,MS60249_CSF,GSM4104126_AAAGTAGTCTCTTGAT-1,0.07078582806035637
CXCR3-,MS,MS60249_CSF,GSM4104126_AAAGTAGTCTTTAGTC-1,0.09951272292620851
CXCR3-,MS,MS60249_CSF,GSM4104126_AAATGCCGTGACGCCT-1,-0.09834107806026707
CXCR3+,MS,MS60249_CSF,GSM4104126_AAATGCCTCTGTCTAT-1,-0.09834107806026707
CXCR3+,MS,MS60249_CSF,GSM4104126_AACACGTGTCTCTTAT-1,0.13514477893725793
CXCR3+,MS,MS60249_CSF,GSM4104126_AACACGTTCAACACAC-1,-0.14668530527111834
CXCR3-,MS,MS60249_CSF,GSM4104126_AACACGTTCCAAACTG-1,-0.09834107806026707
CXCR3-,MS,MS60249_CSF,GSM4104126_AACACGTTCGCCATAA-1,-0.09834107806026707
CXCR3+,MS,MS60249_CSF,GSM4104126_AACACGTTCTGCAGTA-1,0.2682612567799715
CXCR3+,MS,MS60249_CSF,GSM4104126_AACACGTTCTGTCTCG-1,-0.09834107806026707
CXCR3-,MS,MS60249_CSF,GSM4104126_AACCATGCATGTCTCC-1,-0.09834107806026707
CXCR3-,MS,MS60249_CSF,GSM4104126_AACCGCGAGGCGTACA-1,0.463823761999486
CXCR3+,MS,MS60249_CSF,GSM4104126_AACGTTGCATCACAAC-1,0.21357740701383898
CXCR3+,MS,MS60249_CSF,GSM4104126_AACGTTGTCAACTCTT-1,-0.1936707739284406
CXCR3-,MS,MS60249_CSF,GSM4104126_AACGTTGTCGCAAACT-1,0.1768308147031055
CXCR3+,MS,MS60249_CSF,GSM4104126_AACTCAGCACCGATAT-1,-0.09834107806026707
CXCR3+,MS,MS60249_CSF,GSM4104126_AACTCAGGTCTTCAAG-1,0.09245371643609258
CXCR3+,MS,MS60249_CSF,GSM4104126_AACTCAGTCGCTTGTC-1,0.4278979783846829
CXCR3-,MS,MS60249_CSF,GSM4104126_AACTCAGTCGTGGTCG-1,-0.09834107806026707
CXCR3+,MS,MS60249_CSF,GSM4104126_AACTCAGTCGTTTAGG-1,0.3968194199416418
CXCR3+,MS,MS60249_CSF,GSM4104126_AACTCCCAGCATCATC-1,0.31085274745570024
CXCR3-,MS,MS60249_CSF,GSM4104126_AACTCCCGTACCGGCT-1,0.02447217327361012
CXCR3+,MS,MS60249_CSF,GSM4104126_AACTCCCGTAGAGCTG-1,-0.09834107806026707
CXCR3+,MS,MS60249_CSF,GSM4104126_AACTCCCGTCATGCCG-1,-0.09834107806026707
CXCR3-,MS,MS60249_CSF,GSM4104126_AACTCTTAGGCTCATT-1,-0.09834107806026707
CXCR3-,MS,MS60249_CSF,GSM4104126_AACTCTTCAAGTTCTG-1,0.2301553492621012
CXCR3-,MS,MS60249_CSF,GSM4104126_AACTCTTGTGAGTGAC-1,0.37931497183276885
CXCR3+,MS,MS60249_CSF,GSM4104126_AACTCTTTCAACGGCC-1,0.026193820175685698
CXCR3-,MS,MS60249_CSF,GSM4104126_AACTGGTTCTCTTATG-1,0.4673462973338957
CXCR3-,MS,MS60249_CSF,GSM4104126_AACTTTCGTGTGACGA-1,-0.30150602493114886
CXCR3+,MS,MS60249_CSF,GSM4104126_AACTTTCTCTTAGCCC-1,0.11970799043519904
CXCR3+,MS,MS60249_CSF,GSM4104126_AAGACCTCAGACGCTC-1,0.18373555199153305
CXCR3-,MS,MS60249_CSF,GSM4104126_AAGACCTTCAGCTCGG-1,-0.4621361175207636
CXCR3+,MS,MS60249_CSF,GSM4104126_AAGCCGCCATGTTCCC-1,0.39909648515549473
CXCR3+,MS,MS60249_CSF,GSM4104126_AAGCCGCGTATCGCAT-1,0.052985560930073845
CXCR3-,MS,MS60249_CSF,GSM4104126_AAGGAGCAGACCACGA-1,-0.09834107806026707
CXCR3-,MS,MS60249_CSF,GSM4104126_AAGGCAGAGGAGTACC-1,-0.09834107806026707
CXCR3-,MS,MS60249_CSF,GSM4104126_AAGGTTCGTAAGAGAG-1,-0.09834107806026707
CXCR3-,MS,MS60249_CSF,GSM4104126_AAGGTTCTCAAGCCTA-1,-0.09834107806026707
CXCR3+,MS,MS60249_CSF,GSM4104126_AAGTCTGAGCGTCTAT-1,0.0960166879773275
CXCR3+,MS,MS60249_CSF,GSM4104126_AAGTCTGAGGCGATAC-1,0.041289832766014715
CXCR3-,MS,MS60249_CSF,GSM4104126_AAGTCTGAGGTCGGAT-1,-0.011859494332228089
CXCR3+,MS,MS60249_CSF,GSM4104126_AAGTCTGAGTCCTCCT-1,-0.08137429054801601
CXCR3-,MS,MS60249_CSF,GSM4104126_AAGTCTGGTTCAGGCC-1,-0.09834107806026707
CXCR3-,MS,MS60249_CSF,GSM4104126_AAGTCTGTCCCTAATT-1,-0.09834107806026707
CXCR3-,MS,MS60249_CSF,GSM4104126_AAGTCTGTCGGTCCGA-1,-0.09834107806026707
CXCR3+,MS,MS60249_CSF,GSM4104126_AATCCAGAGATTACCC-1,-0.09834107806026707
CXCR3+,MS,MS60249_CSF,GSM4104126_AATCCAGCAGCCTTTC-1,0.010786341287838138
CXCR3-,MS,MS60249_CSF,GSM4104126_AATCCAGGTGTCAATC-1,0.5837371663438188
CXCR3-,MS,MS60249_CSF,GSM4104126_AATCCAGTCCACGTTC-1,0.1945367479520616
CXCR3+,MS,MS60249_CSF,GSM4104126_AATCGGTCAAGGACTG-1,-0.07979422462248972
CXCR3+,MS,MS60249_CSF,GSM4104126_AATCGGTGTGGGTATG-1,0.29339109518690176
CXCR3-,MS,MS60249_CSF,GSM4104126_AATCGGTGTTTGTTTC-1,-0.09834107806026707
CXCR3-,MS,MS60249_CSF,GSM4104126_ACACCAAAGTAGGTGC-1,-0.8118786129827572
CXCR3+,MS,MS60249_CSF,GSM4104126_ACACCAACAGCATGAG-1,-0.09834107806026707
CXCR3-,MS,MS60249_CSF,GSM4104126_ACACCAAGTACCGCTG-1,0.34837278710451364
CXCR3+,MS,MS60249_CSF,GSM4104126_ACACCCTAGTGCCAGA-1,0.16458140753038028
CXCR3-,MS,MS60249_CSF,GSM4104126_ACACCGGGTAGCGTGA-1,-0.09834107806026707
CXCR3+,MS,MS60249_CSF,GSM4104126_ACACCGGGTCCTAGCG-1,-0.18949741897051656
CXCR3+,MS,MS60249_CSF,GSM4104126_ACACTGACAACGATGG-1,0.4517510754834893
CXCR3+,MS,MS60249_CSF,GSM4104126_ACACTGACAGATGGCA-1,-0.3196418863035751
CXCR3+,MS,MS60249_CSF,GSM4104126_ACACTGACAGTCAGCC-1,0.05823761857763625
CXCR3-,MS,MS60249_CSF,GSM4104126_ACAGCCGAGCTAAACA-1,-0.09834107806026707
CXCR3+,MS,MS60249_CSF,GSM4104126_ACAGCCGCAGTAAGCG-1,-0.09834107806026707
CXCR3-,MS,MS60249_CSF,GSM4104126_ACAGCCGGTTCCGGCA-1,-0.23953032256787582
CXCR3-,MS,MS60249_CSF,GSM4104126_ACAGCCGTCTTAGAGC-1,0.23498103731012118
CXCR3+,MS,MS60249_CSF,GSM4104126_ACAGCTACACATCCGG-1,-0.12613256353202207
CXCR3-,MS,MS60249_CSF,GSM4104126_ACATACGCATACGCTA-1,-0.09834107806026707
CXCR3-,MS,MS60249_CSF,GSM4104126_ACATACGGTTCCAACA-1,0.06144529607858568
CXCR3-,MS,MS60249_CSF,GSM4104126_ACATACGTCACCCGAG-1,0.8560843060410287
CXCR3+,MS,MS60249_CSF,GSM4104126_ACATACGTCTTGTCAT-1,-0.04591912180166239
CXCR3-,MS,MS60249_CSF,GSM4104126_ACATCAGGTTAAGACA-1,0.009644245706217695
CXCR3-,MS,MS60249_CSF,GSM4104126_ACATCAGTCCGCAGTG-1,0.26026600747433437
CXCR3+,MS,MS60249_CSF,GSM4104126_ACATGGTAGGCTAGCA-1,-0.28012708447518403
CXCR3-,MS,MS60249_CSF,GSM4104126_ACATGGTAGTGAACGC-1,-0.0739263639789107
CXCR3+,MS,MS60249_CSF,GSM4104126_ACATGGTCAAGCGATG-1,0.31258282094261397
CXCR3-,MS,MS60249_CSF,GSM4104126_ACATGGTGTCTCAACA-1,-0.09834107806026707
CXCR3-,MS,MS60249_CSF,GSM4104126_ACCAGTAAGTACTTGC-1,-0.09834107806026707
CXCR3-,MS,MS60249_CSF,GSM4104126_ACCAGTACACGGACAA-1,-0.09834107806026707
CXCR3+,MS,MS60249_CSF,GSM4104126_ACCAGTAGTATAGTAG-1,-0.09834107806026707
CXCR3-,MS,MS60249_CSF,GSM4104126_ACCAGTAGTGCTCTTC-1,-0.09834107806026707
CXCR3-,MS,MS60249_CSF,GSM4104126_ACCCACTAGAGCCCAA-1,-0.28201431164116364
CXCR3-,MS,MS60249_CSF,GSM4104126_ACCCACTAGCTACCGC-1,-0.14714324694022402
CXCR3-,MS,MS60249_CSF,GSM4104126_ACCGTAACACGAAAGC-1,-0.09834107806026707
CXCR3-,MS,MS60249_CSF,GSM4104126_ACCGTAAGTTGCGCAC-1,0.03593004914430908
CXCR3-,MS,MS60249_CSF,GSM4104126_ACCGTAATCCCAACGG-1,0.12483105936120521
CXCR3+,MS,MS60249_CSF,GSM4104126_ACCGTAATCCTTGGTC-1,0.2190988297883793
CXCR3+,MS,MS60249_CSF,GSM4104126_ACCTTTAAGAGGTACC-1,0.09013679147186947
CXCR3+,MS,MS60249_CSF,GSM4104126_ACCTTTAAGATGTCGG-1,0.258013646144091
CXCR3+,MS,MS60249_CSF,GSM4104126_ACCTTTAGTCTAAACC-1,-0.513968506382005
CXCR3+,MS,MS60249_CSF,GSM4104126_ACCTTTATCCTCTAGC-1,-0.09834107806026707
CXCR3-,MS,MS60249_CSF,GSM4104126_ACGAGCCCAAACTGCT-1,0.08979434847683912
CXCR3+,MS,MS60249_CSF,GSM4104126_ACGAGCCCACTAAGTC-1,0.014928587703373923
CXCR3-,MS,MS60249_CSF,GSM4104126_ACGAGCCCAGGTCCAC-1,0.1736845048381696
CXCR3+,MS,MS60249_CSF,GSM4104126_ACGAGCCGTGTCTGAT-1,0.05401789840526246
CXCR3-,MS,MS60249_CSF,GSM4104126_ACGAGCCTCACAATGC-1,0.2756012011840783
CXCR3+,MS,MS60249_CSF,GSM4104126_ACGAGGAAGAGTCGGT-1,-0.09834107806026707
CXCR3-,MS,MS60249_CSF,GSM4104126_ACGAGGACATGGTTGT-1,0.46298502678172937
CXCR3-,MS,MS60249_CSF,GSM4104126_ACGAGGAGTGGTCCGT-1,-0.09834107806026707
CXCR3+,MS,MS60249_CSF,GSM4104126_ACGATACAGCGTTCCG-1,-0.09834107806026707
CXCR3+,MS,MS60249_CSF,GSM4104126_ACGATACGTTAGAACA-1,0.19343359551329156
CXCR3-,MS,MS60249_CSF,GSM4104126_ACGATACTCACTTATC-1,-0.01589039782369723
CXCR3-,MS,MS60249_CSF,GSM4104126_ACGATGTGTCTCCATC-1,-0.2074983268756981
CXCR3-,MS,MS60249_CSF,GSM4104126_ACGCAGCAGTGCCAGA-1,-0.09834107806026707
CXCR3+,MS,MS60249_CSF,GSM4104126_ACGCAGCGTTGCGTTA-1,0.19217164706800433
CXCR3+,MS,MS60249_CSF,GSM4104126_ACGCCAGTCAATCTCT-1,-0.09018360094925072
CXCR3+,MS,MS60249_CSF,GSM4104126_ACGCCAGTCGAGCCCA-1,-0.20049877343052205
CXCR3-,MS,MS60249_CSF,GSM4104126_ACGCCAGTCGGCATCG-1,0.010610349605521343
CXCR3-,MS,MS60249_CSF,GSM4104126_ACGCCGAAGCACAGGT-1,-0.09834107806026707
CXCR3+,MS,MS60249_CSF,GSM4104126_ACGCCGAGTTAAGAAC-1,-0.16040034034752468
CXCR3+,MS,MS60249_CSF,GSM4104126_ACGGAGACAAATCCGT-1,0.2914908286126773
CXCR3+,MS,MS60249_CSF,GSM4104126_ACGGAGACACCCAGTG-1,0.04567888810030344
CXCR3-,MS,MS60249_CSF,GSM4104126_ACGGAGACAGATAATG-1,0.08937558385714442
CXCR3-,MS,MS60249_CSF,GSM4104126_ACGGAGAGTCGAATCT-1,-0.3848390337925111
CXCR3+,MS,MS60249_CSF,GSM4104126_ACGGAGAGTGATAAGT-1,0.23281920504442363
CXCR3+,MS,MS60249_CSF,GSM4104126_ACGGAGAGTGCACGAA-1,-0.021643635472853622
CXCR3+,MS,MS60249_CSF,GSM4104126_ACGGAGATCATTATCC-1,-0.09834107806026707
CXCR3+,MS,MS60249_CSF,GSM4104126_ACGGCCAAGGCAAAGA-1,0.06850628316203479
CXCR3-,MS,MS60249_CSF,GSM4104126_ACGGCCACATATGGTC-1,-0.09834107806026707
CXCR3-,MS,MS60249_CSF,GSM4104126_ACGGCCAGTTCCCGAG-1,0.14218225868253462
CXCR3-,MS,MS60249_CSF,GSM4104126_ACGGCCATCCAGTATG-1,0.06738459347346028
CXCR3-,MS,MS60249_CSF,GSM4104126_ACGGGCTCAAGCCTAT-1,-0.2763449880639156
CXCR3+,MS,MS60249_CSF,GSM4104126_ACGGGCTGTACATCCA-1,-0.09834107806026707
CXCR3+,MS,MS60249_CSF,GSM4104126_ACGGGCTTCTTATCTG-1,-0.09834107806026707
CXCR3-,MS,MS60249_CSF,GSM4104126_ACGGGTCCAAGCTGTT-1,-0.037556957681562655
CXCR3-,MS,MS60249_CSF,GSM4104126_ACGGGTCTCCCGACTT-1,0.2782803369651779
CXCR3-,MS,MS60249_CSF,GSM4104126_ACGGGTCTCCTGCTTG-1,-0.105898796182579
CXCR3-,MS,MS60249_CSF,GSM4104126_ACGTCAAGTATATGGA-1,0.28861751884542663
CXCR3+,MS,MS60249_CSF,GSM4104126_ACTATCTAGCGGCTTC-1,0.0967619014523072
CXCR3-,MS,MS60249_CSF,GSM4104126_ACTATCTCAACACCTA-1,0.015912619159758664
CXCR3+,MS,MS60249_CSF,GSM4104126_ACTATCTTCAAGAAGT-1,0.21377777491420863
CXCR3+,MS,MS60249_CSF,GSM4104126_ACTATCTTCACTTATC-1,-0.08178354877161388
CXCR3+,MS,MS60249_CSF,GSM4104126_ACTATCTTCGAGAACG-1,0.15093211651972255
CXCR3+,MS,MS60249_CSF,GSM4104126_ACTGAACTCAACACAC-1,0.23981021727876167
CXCR3+,MS,MS60249_CSF,GSM4104126_ACTGAACTCGTAGGTT-1,0.31838370752223494
CXCR3-,MS,MS60249_CSF,GSM4104126_ACTGAGTAGGTGCTAG-1,-0.09834107806026707
CXCR3-,MS,MS60249_CSF,GSM4104126_ACTGAGTTCATGCTCC-1,-0.2366244835786964
CXCR3+,MS,MS60249_CSF,GSM4104126_ACTGAGTTCGCCAGCA-1,-0.23868396408681808
CXCR3+,MS,MS60249_CSF,GSM4104126_ACTGATGAGCTCCTCT-1,0.5008052980710884
CXCR3-,MS,MS60249_CSF,GSM4104126_ACTGATGCACAACGCC-1,-0.09834107806026707
CXCR3-,MS,MS60249_CSF,GSM4104126_ACTGATGGTAGCGATG-1,-0.09834107806026707
CXCR3-,MS,MS60249_CSF,GSM4104126_ACTGATGGTGTTGGGA-1,-0.09834107806026707
CXCR3+,MS,MS60249_CSF,GSM4104126_ACTGATGTCGATCCCT-1,0.03985886039752822
CXCR3+,MS,MS60249_CSF,GSM4104126_ACTGATGTCTATCCTA-1,0.2889242123681462
CXCR3+,MS,MS60249_CSF,GSM4104126_ACTGCTCAGCGCCTCA-1,0.3204286881053631
CXCR3-,MS,MS60249_CSF,GSM4104126_ACTGCTCCATTTGCTT-1,-0.06279994034706372
CXCR3+,MS,MS60249_CSF,GSM4104126_ACTGCTCGTCATGCAT-1,0.15068888405340664
CXCR3+,MS,MS60249_CSF,GSM4104126_ACTGCTCGTGGAAAGA-1,0.06890366860877274
CXCR3-,MS,MS60249_CSF,GSM4104126_ACTGCTCTCGCAAGCC-1,0.5753756292266409
CXCR3+,MS,MS60249_CSF,GSM4104126_ACTGTCCAGGTGACCA-1,0.5135753785175988
CXCR3-,MS,MS60249_CSF,GSM4104126_ACTGTCCGTACGCTGC-1,-0.09834107806026707
CXCR3+,MS,MS60249_CSF,GSM4104126_ACTGTCCGTACTTCTT-1,0.8933250161501229
CXCR3-,MS,MS60249_CSF,GSM4104126_ACTGTCCTCCTCGCAT-1,0.24989547078181312
CXCR3-,MS,MS60249_CSF,GSM4104126_ACTTACTCAACCGCCA-1,-0.04710923103184063
CXCR3-,MS,MS60249_CSF,GSM4104126_ACTTACTGTCTAAACC-1,-0.7140840970701057
CXCR3-,MS,MS60249_CSF,GSM4104126_ACTTACTTCCAAGCCG-1,-0.09834107806026707
CXCR3-,MS,MS60249_CSF,GSM4104126_ACTTGTTAGCAAATCA-1,-0.09834107806026707
CXCR3+,MS,MS60249_CSF,GSM4104126_ACTTTCACATATACGC-1,-0.09834107806026707
CXCR3+,MS,MS60249_CSF,GSM4104126_AGAATAGCACACCGAC-1,0.12635889044102613
CXCR3-,MS,MS60249_CSF,GSM4104126_AGACGTTAGAGAACAG-1,-0.09834107806026707
CXCR3+,MS,MS60249_CSF,GSM4104126_AGACGTTAGAGTTGGC-1,0.06683128463663547
CXCR3+,MS,MS60249_CSF,GSM4104126_AGACGTTAGCCAGAAC-1,0.02132708146256554
CXCR3+,MS,MS60249_CSF,GSM4104126_AGACGTTAGGTAAACT-1,-0.09834107806026707
CXCR3-,MS,MS60249_CSF,GSM4104126_AGAGCGACAGAAGCAC-1,-0.020523689405255903
CXCR3-,MS,MS60249_CSF,GSM4104126_AGAGCGAGTACAGTTC-1,-0.09834107806026707
CXCR3-,MS,MS60249_CSF,GSM4104126_AGAGCTTGTTAAGACA-1,0.14042367779537923
CXCR3+,MS,MS60249_CSF,GSM4104126_AGAGCTTTCCTAGTGA-1,-0.09834107806026707
CXCR3+,MS,MS60249_CSF,GSM4104126_AGAGCTTTCTGCGTAA-1,-0.09834107806026707
CXCR3+,MS,MS60249_CSF,GSM4104126_AGAGTGGGTTCAGGCC-1,0.34000211726375396
CXCR3-,MS,MS60249_CSF,GSM4104126_AGATCTGAGACAGAGA-1,-0.08346340984287137
CXCR3+,MS,MS60249_CSF,GSM4104126_AGATCTGTCGTTACGA-1,-0.006593957078494036
CXCR3-,MS,MS60249_CSF,GSM4104126_AGATTGCAGGAGTTGC-1,0.6363617042734587
CXCR3-,MS,MS60249_CSF,GSM4104126_AGATTGCAGTTAGGTA-1,0.24568708312046245
CXCR3+,MS,MS60249_CSF,GSM4104126_AGATTGCCACCGTTGG-1,-0.035059043209880146
CXCR3-,MS,MS60249_CSF,GSM4104126_AGATTGCGTCCCTACT-1,0.540561832369175
CXCR3-,MS,MS60249_CSF,GSM4104126_AGATTGCGTGTTCGAT-1,0.13827386301114358
CXCR3+,MS,MS60249_CSF,GSM4104126_AGCAGCCAGGCCCTCA-1,-0.09834107806026707
CXCR3+,MS,MS60249_CSF,GSM4104126_AGCAGCCAGTACGATA-1,-0.2930014307687201
CXCR3-,MS,MS60249_CSF,GSM4104126_AGCAGCCTCTCCTATA-1,-0.09834107806026707
CXCR3-,MS,MS60249_CSF,GSM4104126_AGCATACCAAAGAATC-1,-0.09834107806026707
CXCR3+,MS,MS60249_CSF,GSM4104126_AGCGTATAGTGGGCTA-1,0.30793307039664636
CXCR3-,MS,MS60249_CSF,GSM4104126_AGCGTATCACTTCTGC-1,-0.09834107806026707
CXCR3-,MS,MS60249_CSF,GSM4104126_AGCGTATGTCAGAATA-1,0.22812740757488784
CXCR3-,MS,MS60249_CSF,GSM4104126_AGCGTATTCAGGCAAG-1,-0.09834107806026707
CXCR3+,MS,MS60249_CSF,GSM4104126_AGCGTATTCATACGGT-1,-0.09834107806026707
CXCR3-,MS,MS60249_CSF,GSM4104126_AGCGTCGAGGTGATAT-1,0.40722795361114034
CXCR3+,MS,MS60249_CSF,GSM4104126_AGCGTCGCACGAAATA-1,-0.09834107806026707
CXCR3-,MS,MS60249_CSF,GSM4104126_AGCGTCGCATCGACGC-1,-0.09834107806026707
CXCR3+,MS,MS60249_CSF,GSM4104126_AGCGTCGTCCGTCAAA-1,0.30361544857301
CXCR3-,MS,MS60249_CSF,GSM4104126_AGCTCCTAGGACACCA-1,-0.09834107806026707
CXCR3+,MS,MS60249_CSF,GSM4104126_AGCTCCTCACGGCTAC-1,-0.22777962548287523
CXCR3-,MS,MS60249_CSF,GSM4104126_AGCTCTCAGAACAATC-1,-0.09834107806026707
CXCR3+,MS,MS60249_CSF,GSM4104126_AGCTCTCAGACAAGCC-1,0.23174990081792668
CXCR3+,MS,MS60249_CSF,GSM4104126_AGCTCTCTCCAGAAGG-1,-0.09834107806026707
CXCR3-,MS,MS60249_CSF,GSM4104126_AGGCCACAGATATGGT-1,-0.4318737813785005
CXCR3-,MS,MS60249_CSF,GSM4104126_AGGCCACAGCATGGCA-1,-0.25252075849561734
CXCR3+,MS,MS60249_CSF,GSM4104126_AGGCCACAGGATGCGT-1,-0.4995035514705291
CXCR3-,MS,MS60249_CSF,GSM4104126_AGGCCACTCAGGATCT-1,-0.09834107806026707
CXCR3-,MS,MS60249_CSF,GSM4104126_AGGCCGTAGACACTAA-1,0.14600758540039596
CXCR3+,MS,MS60249_CSF,GSM4104126_AGGCCGTAGTCTCAAC-1,-0.3760122470312104
CXCR3-,MS,MS60249_CSF,GSM4104126_AGGGAGTAGAGCTGGT-1,-0.09834107806026707
CXCR3+,MS,MS60249_CSF,GSM4104126_AGGGATGAGCGACGTA-1,-0.09834107806026707
CXCR3-,MS,MS60249_CSF,GSM4104126_AGGGTGAAGACAATAC-1,-0.09834107806026707
CXCR3-,MS,MS60249_CSF,GSM4104126_AGGGTGAAGCTGAACG-1,-0.09834107806026707
CXCR3-,MS,MS60249_CSF,GSM4104126_AGGGTGACAGGTCCAC-1,0.43458701391007165
CXCR3+,MS,MS60249_CSF,GSM4104126_AGGGTGAGTACCCAAT-1,-0.09834107806026707
CXCR3-,MS,MS60249_CSF,GSM4104126_AGGTCATCATGAAGTA-1,-0.09834107806026707
CXCR3-,MS,MS60249_CSF,GSM4104126_AGGTCCGAGCGCTCCA-1,0.016287959418240894
CXCR3+,MS,MS60249_CSF,GSM4104126_AGGTCCGAGGACAGCT-1,-0.14165199186793667
CXCR3-,MS,MS60249_CSF,GSM4104126_AGGTCCGAGGTGTGGT-1,-0.09834107806026707
CXCR3+,MS,MS60249_CSF,GSM4104126_AGGTCCGGTCTTGATG-1,-0.09834107806026707
CXCR3+,MS,MS60249_CSF,GSM4104126_AGTAGTCAGAACTCGG-1,0.045799714929335246
CXCR3+,MS,MS60249_CSF,GSM4104126_AGTAGTCAGAGTAAGG-1,-0.09834107806026707
CXCR3+,MS,MS60249_CSF,GSM4104126_AGTAGTCGTTCGGGCT-1,0.121510271069443
CXCR3+,MS,MS60249_CSF,GSM4104126_AGTCTTTCAAGTTCTG-1,0.05191148686595975
CXCR3-,MS,MS60249_CSF,GSM4104126_AGTCTTTTCGCATGGC-1,0.09450549366081183
CXCR3-,MS,MS60249_CSF,GSM4104126_AGTCTTTTCTAACTTC-1,-0.09834107806026707
CXCR3+,MS,MS60249_CSF,GSM4104126_AGTCTTTTCTTGAGGT-1,-0.09834107806026707
CXCR3-,MS,MS60249_CSF,GSM4104126_AGTGAGGCACATAACC-1,0.06397851356466899
CXCR3-,MS,MS60249_CSF,GSM4104126_AGTGAGGGTACTTCTT-1,0.23443963259225525
CXCR3+,MS,MS60249_CSF,GSM4104126_AGTGGGAAGATATACG-1,-0.09834107806026707
CXCR3-,MS,MS60249_CSF,GSM4104126_AGTGGGAAGTGTTAGA-1,-0.18152950297690212
CXCR3+,MS,MS60249_CSF,GSM4104126_AGTGGGACAATCCGAT-1,-0.09834107806026707
CXCR3-,MS,MS60249_CSF,GSM4104126_AGTGTCACACTTAACG-1,-0.09834107806026707
CXCR3-,MS,MS60249_CSF,GSM4104126_AGTTGGTTCCAGATCA-1,-0.09834107806026707
CXCR3-,MS,MS60249_CSF,GSM4104126_ATAACGCCAAACTGTC-1,-0.09834107806026707
CXCR3+,MS,MS60249_CSF,GSM4104126_ATAACGCTCAGGCAAG-1,-0.09834107806026707
CXCR3-,MS,MS60249_CSF,GSM4104126_ATAACGCTCTCGTTTA-1,-0.20384474695615898
CXCR3-,MS,MS60249_CSF,GSM4104126_ATAAGAGCAAGCGAGT-1,-0.4268828808645348
CXCR3+,MS,MS60249_CSF,GSM4104126_ATAAGAGTCTCCTATA-1,0.16162610795816423
CXCR3-,MS,MS60249_CSF,GSM4104126_ATAAGAGTCTCGATGA-1,-0.09834107806026707
CXCR3+,MS,MS60249_CSF,GSM4104126_ATAGACCAGAGCCTAG-1,-0.23605533378297203
CXCR3+,MS,MS60249_CSF,GSM4104126_ATCACGAAGCCATCGC-1,0.07610524731558496
CXCR3+,MS,MS60249_CSF,GSM4104126_ATCACGACACACTGCG-1,0.010733087100472188
CXCR3-,MS,MS60249_CSF,GSM4104126_ATCATCTCACCGAATT-1,-0.09834107806026707
CXCR3+,MS,MS60249_CSF,GSM4104126_ATCATCTCATGTTGAC-1,-0.3389716310608061
CXCR3-,MS,MS60249_CSF,GSM4104126_ATCATCTTCATGTGGT-1,-0.09834107806026707
CXCR3-,MS,MS60249_CSF,GSM4104126_ATCATGGAGGCGATAC-1,-0.09834107806026707
CXCR3-,MS,MS60249_CSF,GSM4104126_ATCATGGAGGGTATCG-1,0.20321943903078324
CXCR3-,MS,MS60249_CSF,GSM4104126_ATCATGGTCCGGCACA-1,-0.09834107806026707
CXCR3-,MS,MS60249_CSF,GSM4104126_ATCCACCGTTAGTGGG-1,-0.3395451933112813
CXCR3-,MS,MS60249_CSF,GSM4104126_ATCCACCTCGTTACAG-1,-0.09834107806026707
CXCR3-,MS,MS60249_CSF,GSM4104126_ATCCGAAAGCGTGTCC-1,-0.7204210706401337
CXCR3-,MS,MS60249_CSF,GSM4104126_ATCGAGTAGTCGAGTG-1,0.18795306384540306
CXCR3+,MS,MS60249_CSF,GSM4104126_ATCGAGTCAGGTCGTC-1,-0.2732358841156544
CXCR3+,MS,MS60249_CSF,GSM4104126_ATCGAGTCATCAGTCA-1,0.05132283103944541
CXCR3+,MS,MS60249_CSF,GSM4104126_ATCGAGTGTGACGCCT-1,-0.09834107806026707
CXCR3-,MS,MS60249_CSF,GSM4104126_ATCTACTAGGAGCGTT-1,-0.09834107806026707
CXCR3-,MS,MS60249_CSF,GSM4104126_ATCTGCCAGCCGGTAA-1,-0.09834107806026707
CXCR3-,MS,MS60249_CSF,GSM4104126_ATCTGCCCAGCTATTG-1,-0.07677490682796721
CXCR3-,MS,MS60249_CSF,GSM4104126_ATCTGCCTCAGCGACC-1,-0.3825308489807727
CXCR3-,MS,MS60249_CSF,GSM4104126_ATGAGGGAGTGTCCCG-1,-0.09834107806026707
CXCR3-,MS,MS60249_CSF,GSM4104126_ATGAGGGCACGACGAA-1,-0.09834107806026707
CXCR3-,MS,MS60249_CSF,GSM4104126_ATGAGGGCATCTATGG-1,-0.09834107806026707
CXCR3-,MS,MS60249_CSF,GSM4104126_ATGAGGGGTCATGCCG-1,-0.09834107806026707
CXCR3+,MS,MS60249_CSF,GSM4104126_ATGAGGGGTTACCGAT-1,0.18038898030630626
CXCR3-,MS,MS60249_CSF,GSM4104126_ATGCGATAGCTGAAAT-1,-0.31641978656836844
CXCR3+,MS,MS60249_CSF,GSM4104126_ATGCGATAGGGTCGAT-1,0.3087596341177066
CXCR3+,MS,MS60249_CSF,GSM4104126_ATGGGAGAGATGCGAC-1,-0.06897974194705221
CXCR3+,MS,MS60249_CSF,GSM4104126_ATGGGAGTCCATGCTC-1,-0.199759884454749
CXCR3-,MS,MS60249_CSF,GSM4104126_ATTACTCAGATGTTAG-1,-0.09834107806026707
CXCR3+,MS,MS60249_CSF,GSM4104126_ATTACTCCAATGCCAT-1,0.18807541732058322
CXCR3-,MS,MS60249_CSF,GSM4104126_ATTACTCCACACATGT-1,-0.09834107806026707
CXCR3+,MS,MS60249_CSF,GSM4104126_ATTACTCCAGTCAGCC-1,0.03224918610817553
CXCR3+,MS,MS60249_CSF,GSM4104126_ATTACTCGTCAGATAA-1,0.15898947304603353
CXCR3-,MS,MS60249_CSF,GSM4104126_ATTACTCGTGCAGACA-1,-0.41698819859333114
CXCR3+,MS,MS60249_CSF,GSM4104126_ATTATCCCACTTCGAA-1,0.32189759494229914
CXCR3-,MS,MS60249_CSF,GSM4104126_ATTATCCGTAGAAGGA-1,-0.24922828659088278
CXCR3-,MS,MS60249_CSF,GSM4104126_ATTATCCGTGTAAGTA-1,-0.09834107806026707
CXCR3-,MS,MS60249_CSF,GSM4104126_ATTCTACTCAACACGT-1,-0.09834107806026707
CXCR3+,MS,MS60249_CSF,GSM4104126_ATTCTACTCCCTTGTG-1,0.046010838453628015
CXCR3-,MS,MS60249_CSF,GSM4104126_ATTCTACTCTGGTATG-1,-0.5834618700993692
CXCR3+,MS,MS60249_CSF,GSM4104126_ATTGGACAGTTTGCGT-1,0.45594078599173926
CXCR3-,MS,MS60249_CSF,GSM4104126_ATTGGACCAAGGACTG-1,-0.09834107806026707
CXCR3+,MS,MS60249_CSF,GSM4104126_ATTGGACCATCGGAAG-1,-0.17821381202496647
CXCR3-,MS,MS60249_CSF,GSM4104126_ATTGGTGGTAGCCTCG-1,-0.09834107806026707
CXCR3+,MS,MS60249_CSF,GSM4104126_ATTGGTGGTCAATGTC-1,0.014143305152277926
CXCR3-,MS,MS60249_CSF,GSM4104126_ATTGGTGTCTCTGTCG-1,0.33871532528533693
CXCR3-,MS,MS60249_CSF,GSM4104126_ATTTCTGAGTGGTAGC-1,-0.09834107806026707
CXCR3+,MS,MS60249_CSF,GSM4104126_ATTTCTGTCGGAGGTA-1,-0.022306202026662527
CXCR3-,MS,MS60249_CSF,GSM4104126_CAACCAAAGTGAAGAG-1,0.7083822756965991
CXCR3+,MS,MS60249_CSF,GSM4104126_CAACCAACAGGCTCAC-1,-0.09834107806026707
CXCR3+,MS,MS60249_CSF,GSM4104126_CAACCAAGTCATGCCG-1,-0.23580728495768916
CXCR3-,MS,MS60249_CSF,GSM4104126_CAACCAAGTTCGTGAT-1,-0.3223293339976627
CXCR3+,MS,MS60249_CSF,GSM4104126_CAACCAATCAACCAAC-1,0.5606946303443189
CXCR3+,MS,MS60249_CSF,GSM4104126_CAACCTCTCGCTGATA-1,-0.0649763517240329
CXCR3-,MS,MS60249_CSF,GSM4104126_CAACTAGCATCGTCGG-1,-0.09834107806026707
CXCR3+,MS,MS60249_CSF,GSM4104126_CAACTAGGTAAACACA-1,-0.09834107806026707
CXCR3-,MS,MS60249_CSF,GSM4104126_CAACTAGTCCGTAGTA-1,0.21097793935597392
CXCR3+,MS,MS60249_CSF,GSM4104126_CAACTAGTCGTGACAT-1,0.012975190624043972
CXCR3+,MS,MS60249_CSF,GSM4104126_CAACTAGTCTTGTACT-1,-0.09834107806026707
CXCR3+,MS,MS60249_CSF,GSM4104126_CAAGAAAGTCGTCTTC-1,0.05863587113355319
CXCR3-,MS,MS60249_CSF,GSM4104126_CAAGATCGTCTCCACT-1,0.07269303147184325
CXCR3+,MS,MS60249_CSF,GSM4104126_CAAGTTGAGGTGTTAA-1,0.43987235210589354
CXCR3-,MS,MS60249_CSF,GSM4104126_CAAGTTGAGTCTTGCA-1,-0.09834107806026707
CXCR3-,MS,MS60249_CSF,GSM4104126_CAAGTTGCATTCTCAT-1,0.1720250938613685
CXCR3+,MS,MS60249_CSF,GSM4104126_CACAAACAGAGTAAGG-1,-0.3031873397241074
CXCR3+,MS,MS60249_CSF,GSM4104126_CACAAACTCTACCAGA-1,-0.03354305948552215
CXCR3-,MS,MS60249_CSF,GSM4104126_CACAAACTCTACGAGT-1,-0.09834107806026707
CXCR3+,MS,MS60249_CSF,GSM4104126_CACAAACTCTGCCCTA-1,0.10624601510569728
CXCR3-,MS,MS60249_CSF,GSM4104126_CACACAAGTTGGGACA-1,0.019168423953773488
CXCR3-,MS,MS60249_CSF,GSM4104126_CACACCTCAATGTTGC-1,-0.3202732169417083
CXCR3-,MS,MS60249_CSF,GSM4104126_CACACCTCACCAGATT-1,0.16118646786062563
CXCR3-,MS,MS60249_CSF,GSM4104126_CACACCTCATAGACTC-1,-0.006629307742493516
CXCR3-,MS,MS60249_CSF,GSM4104126_CACACTCAGGAGTTTA-1,-0.7118790125194087
CXCR3+,MS,MS60249_CSF,GSM4104126_CACAGGCAGTACGTAA-1,-0.09834107806026707
CXCR3+,MS,MS60249_CSF,GSM4104126_CACAGGCGTATCACCA-1,-0.09834107806026707
CXCR3-,MS,MS60249_CSF,GSM4104126_CACAGGCGTGCCTGGT-1,0.2792286436673191
CXCR3+,MS,MS60249_CSF,GSM4104126_CACAGGCGTTTAGCTG-1,-0.09834107806026707
CXCR3+,MS,MS60249_CSF,GSM4104126_CACAGTAAGAAGGACA-1,0.12644768384871088
CXCR3-,MS,MS60249_CSF,GSM4104126_CACAGTACAAGCTGTT-1,-0.09834107806026707
CXCR3-,MS,MS60249_CSF,GSM4104126_CACAGTAGTCAAAGAT-1,-0.09834107806026707
CXCR3+,MS,MS60249_CSF,GSM4104126_CACAGTAGTTCCATGA-1,-0.09834107806026707
CXCR3+,MS,MS60249_CSF,GSM4104126_CACAGTATCATCTGTT-1,-0.09834107806026707
CXCR3-,MS,MS60249_CSF,GSM4104126_CACATAGAGACAGGCT-1,-0.09834107806026707
CXCR3-,MS,MS60249_CSF,GSM4104126_CACATAGAGGTGCAAC-1,-0.09834107806026707
CXCR3+,MS,MS60249_CSF,GSM4104126_CACATAGCACTGCCAG-1,0.0697299965799398
CXCR3+,MS,MS60249_CSF,GSM4104126_CACATAGCATGAAGTA-1,0.06425503972770358
CXCR3+,MS,MS60249_CSF,GSM4104126_CACATTTCAAGACGTG-1,-0.09834107806026707
CXCR3+,MS,MS60249_CSF,GSM4104126_CACATTTCAATCTGCA-1,0.01968719220576965
CXCR3-,MS,MS60249_CSF,GSM4104126_CACATTTCAGTAGAGC-1,-0.2564348485572003
CXCR3-,MS,MS60249_CSF,GSM4104126_CACATTTTCAGTTGAC-1,-0.09834107806026707
CXCR3+,MS,MS60249_CSF,GSM4104126_CACCACTAGACAGACC-1,-0.01681869800086644
CXCR3-,MS,MS60249_CSF,GSM4104126_CACCACTAGAGCTATA-1,-0.09834107806026707
CXCR3-,MS,MS60249_CSF,GSM4104126_CACCAGGCAGCTATTG-1,-0.09834107806026707
CXCR3-,MS,MS60249_CSF,GSM4104126_CACCTTGAGAGATGAG-1,-0.09834107806026707
CXCR3+,MS,MS60249_CSF,GSM4104126_CACCTTGAGCCACGCT-1,0.0917668249226907
CXCR3+,MS,MS60249_CSF,GSM4104126_CACCTTGAGGCAGTCA-1,-0.35019805794158165
CXCR3-,MS,MS60249_CSF,GSM4104126_CACCTTGCAAGCGCTC-1,0.01715290565712621
CXCR3-,MS,MS60249_CSF,GSM4104126_CACCTTGCAGGGAGAG-1,-0.09834107806026707
CXCR3-,MS,MS60249_CSF,GSM4104126_CACTCCAAGACTTTCG-1,-0.24486091763894408
CXCR3+,MS,MS60249_CSF,GSM4104126_CACTCCAAGCATGGCA-1,0.3207790847521745
CXCR3+,MS,MS60249_CSF,GSM4104126_CACTCCAGTACGCTGC-1,-0.08667545081737027
CXCR3+,MS,MS60249_CSF,GSM4104126_CAGAGAGTCAGGCCCA-1,-0.06316778359761195
CXCR3+,MS,MS60249_CSF,GSM4104126_CAGATCAAGCCAACAG-1,-0.09834107806026707
CXCR3-,MS,MS60249_CSF,GSM4104126_CAGATCAAGCGAAGGG-1,-0.09834107806026707
CXCR3-,MS,MS60249_CSF,GSM4104126_CAGATCACAATGGATA-1,-0.09834107806026707
CXCR3-,MS,MS60249_CSF,GSM4104126_CAGATCACAGAGCCAA-1,-0.09834107806026707
CXCR3+,MS,MS60249_CSF,GSM4104126_CAGCAGCAGCCCAGCT-1,-0.20371387553156417
CXCR3+,MS,MS60249_CSF,GSM4104126_CAGCAGCAGCTAACAA-1,0.4929648735801563
CXCR3-,MS,MS60249_CSF,GSM4104126_CAGCAGCCACAGAGGT-1,-0.09834107806026707
CXCR3+,MS,MS60249_CSF,GSM4104126_CAGCAGCGTCAATACC-1,-0.09834107806026707
CXCR3-,MS,MS60249_CSF,GSM4104126_CAGCAGCTCTCGCTTG-1,-0.09834107806026707
CXCR3+,MS,MS60249_CSF,GSM4104126_CAGCCGAAGCTGCCCA-1,-0.09834107806026707
CXCR3-,MS,MS60249_CSF,GSM4104126_CAGCCGACAGCCACCA-1,-0.09834107806026707
CXCR3-,MS,MS60249_CSF,GSM4104126_CAGCCGATCCCATTTA-1,-0.09834107806026707
CXCR3+,MS,MS60249_CSF,GSM4104126_CAGCGACAGATGTTAG-1,0.3100672674356138
CXCR3-,MS,MS60249_CSF,GSM4104126_CAGCGACAGGCCCGTT-1,0.31749127047513664
CXCR3-,MS,MS60249_CSF,GSM4104126_CAGCGACCATGCAATC-1,0.32503124558724955
CXCR3-,MS,MS60249_CSF,GSM4104126_CAGCGACCATGGTAGG-1,0.2466631089054278
CXCR3+,MS,MS60249_CSF,GSM4104126_CAGCGACGTCTCAACA-1,-0.0055780738441078
CXCR3-,MS,MS60249_CSF,GSM4104126_CAGCGACGTTACGCGC-1,-0.09834107806026707
CXCR3-,MS,MS60249_CSF,GSM4104126_CAGCGACTCGTGTAGT-1,-0.09834107806026707
CXCR3+,MS,MS60249_CSF,GSM4104126_CAGCTAAAGTAGCCGA-1,-0.016160255995371863
CXCR3+,MS,MS60249_CSF,GSM4104126_CAGCTAAAGTATGACA-1,-0.09834107806026707
CXCR3+,MS,MS60249_CSF,GSM4104126_CAGCTGGAGCAGGTCA-1,0.24492142125830768
CXCR3-,MS,MS60249_CSF,GSM4104126_CAGCTGGAGGTGGGTT-1,-0.09834107806026707
CXCR3-,MS,MS60249_CSF,GSM4104126_CAGCTGGAGTCCTCCT-1,-0.09834107806026707
CXCR3-,MS,MS60249_CSF,GSM4104126_CAGCTGGGTAACGCGA-1,-0.09834107806026707
CXCR3+,MS,MS60249_CSF,GSM4104126_CAGCTGGGTCGTTGTA-1,0.017989939488053712
CXCR3-,MS,MS60249_CSF,GSM4104126_CAGCTGGTCACTTCAT-1,0.05368539664086317
CXCR3-,MS,MS60249_CSF,GSM4104126_CAGCTGGTCGCTAGCG-1,0.16497277043964814
CXCR3-,MS,MS60249_CSF,GSM4104126_CAGGTGCAGCCATCGC-1,-0.09834107806026707
CXCR3+,MS,MS60249_CSF,GSM4104126_CAGGTGCAGCTAACAA-1,-0.11164401950446769
CXCR3+,MS,MS60249_CSF,GSM4104126_CAGGTGCAGGGATGGG-1,-0.09834107806026707
CXCR3+,MS,MS60249_CSF,GSM4104126_CAGTAACAGACCACGA-1,-0.09834107806026707
CXCR3+,MS,MS60249_CSF,GSM4104126_CAGTAACAGATGGCGT-1,-0.1743676579477756
CXCR3-,MS,MS60249_CSF,GSM4104126_CAGTAACTCCTTGGTC-1,-0.09834107806026707
CXCR3-,MS,MS60249_CSF,GSM4104126_CAGTAACTCGTAGGAG-1,-0.09834107806026707
CXCR3-,MS,MS60249_CSF,GSM4104126_CAGTCCTCAGCCTTGG-1,-0.09834107806026707
CXCR3-,MS,MS60249_CSF,GSM4104126_CATATGGAGCAGACTG-1,-0.09834107806026707
CXCR3+,MS,MS60249_CSF,GSM4104126_CATATGGGTAGGGACT-1,-0.09834107806026707
CXCR3+,MS,MS60249_CSF,GSM4104126_CATATTCGTGCTAGCC-1,-0.4721272086703089
CXCR3+,MS,MS60249_CSF,GSM4104126_CATATTCTCCAAACTG-1,0.6848197630970979
CXCR3+,MS,MS60249_CSF,GSM4104126_CATATTCTCTTGGGTA-1,-0.09834107806026707
CXCR3+,MS,MS60249_CSF,GSM4104126_CATCAGACAGATGGCA-1,0.24791978043773313
CXCR3+,MS,MS60249_CSF,GSM4104126_CATCAGATCAACGCTA-1,0.25750369799451245
CXCR3-,MS,MS60249_CSF,GSM4104126_CATCCACGTCATCGGC-1,0.20851974835490886
CXCR3+,MS,MS60249_CSF,GSM4104126_CATCCACTCCTCCTAG-1,-0.3143013913527823
CXCR3+,MS,MS60249_CSF,GSM4104126_CATCCACTCGATCCCT-1,0.1710925094613443
CXCR3-,MS,MS60249_CSF,GSM4104126_CATCCACTCGCTAGCG-1,-0.09834107806026707
CXCR3-,MS,MS60249_CSF,GSM4104126_CATCGGGAGGGTGTTG-1,0.3301599999310734
CXCR3-,MS,MS60249_CSF,GSM4104126_CATCGGGAGTGTGGCA-1,-0.09834107806026707
CXCR3-,MS,MS60249_CSF,GSM4104126_CATCGGGCAGTCGTGC-1,-0.09834107806026707
CXCR3-,MS,MS60249_CSF,GSM4104126_CATGACACATGCAACT-1,-0.09834107806026707
CXCR3-,MS,MS60249_CSF,GSM4104126_CATGCCTAGCTCCTCT-1,-0.555284324131294
CXCR3+,MS,MS60249_CSF,GSM4104126_CATGCCTCAGGACGTA-1,0.16409977352908614
CXCR3+,MS,MS60249_CSF,GSM4104126_CATGCCTGTCAAAGCG-1,0.064116777367363
CXCR3-,MS,MS60249_CSF,GSM4104126_CATGGCGAGAACAATC-1,0.12052011417070041
CXCR3-,MS,MS60249_CSF,GSM4104126_CATGGCGTCCACGTTC-1,-0.09834107806026707
CXCR3+,MS,MS60249_CSF,GSM4104126_CATTATCGTCGCTTTC-1,0.3187051776171858
CXCR3+,MS,MS60249_CSF,GSM4104126_CATTCGCCAACCGCCA-1,0.0504247414099541
CXCR3-,MS,MS60249_CSF,GSM4104126_CATTCGCCAGGTCCAC-1,-0.09834107806026707
CXCR3-,MS,MS60249_CSF,GSM4104126_CCAATCCCAAGACGTG-1,-0.31297973601663637
CXCR3+,MS,MS60249_CSF,GSM4104126_CCAATCCCAGTAGAGC-1,-0.19333487210569264
CXCR3-,MS,MS60249_CSF,GSM4104126_CCAATCCGTAGAAAGG-1,0.08441122038474502
CXCR3+,MS,MS60249_CSF,GSM4104126_CCAATCCGTTCCGTCT-1,-0.07501947297778346
CXCR3-,MS,MS60249_CSF,GSM4104126_CCAATCCGTTTGACAC-1,-0.28918681094696563
CXCR3+,MS,MS60249_CSF,GSM4104126_CCAATCCTCAGAAATG-1,0.19582317935091462
CXCR3-,MS,MS60249_CSF,GSM4104126_CCAATCCTCGTGGTCG-1,-0.09834107806026707
CXCR3+,MS,MS60249_CSF,GSM4104126_CCAATCCTCTACCTGC-1,0.06768455947001902
CXCR3+,MS,MS60249_CSF,GSM4104126_CCACCTACAAGAAAGG-1,0.1728960069470533
CXCR3-,MS,MS60249_CSF,GSM4104126_CCACCTACAGCTATTG-1,-0.28265456853539633
CXCR3-,MS,MS60249_CSF,GSM4104126_CCACCTACATAGAAAC-1,-0.09834107806026707
CXCR3-,MS,MS60249_CSF,GSM4104126_CCACCTATCACCTTAT-1,-0.09834107806026707
CXCR3-,MS,MS60249_CSF,GSM4104126_CCACCTATCTGCCCTA-1,-0.09834107806026707
CXCR3-,MS,MS60249_CSF,GSM4104126_CCACGGACAATCACAC-1,0.48305969304803725
CXCR3+,MS,MS60249_CSF,GSM4104126_CCACGGACAATGTTGC-1,0.3880861186762424
CXCR3-,MS,MS60249_CSF,GSM4104126_CCACGGACACATGACT-1,0.46538330078845874
CXCR3+,MS,MS60249_CSF,GSM4104126_CCACGGACACTGTTAG-1,0.02266844850083296
CXCR3-,MS,MS60249_CSF,GSM4104126_CCACGGATCTCTAGGA-1,-0.09834107806026707
CXCR3-,MS,MS60249_CSF,GSM4104126_CCACTACAGAAACCTA-1,-0.2576547800822423
CXCR3-,MS,MS60249_CSF,GSM4104126_CCACTACCAGTCACTA-1,-0.09834107806026707
CXCR3+,MS,MS60249_CSF,GSM4104126_CCACTACCATATACCG-1,-0.09834107806026707
CXCR3+,MS,MS60249_CSF,GSM4104126_CCACTACGTGGCGAAT-1,0.12555514497439907
CXCR3-,MS,MS60249_CSF,GSM4104126_CCAGCGAGTTGGGACA-1,-0.09834107806026707
CXCR3+,MS,MS60249_CSF,GSM4104126_CCAGCGATCCAAGCCG-1,-0.011849013111715715
CXCR3+,MS,MS60249_CSF,GSM4104126_CCAGCGATCCCAAGAT-1,0.27521191999390066
CXCR3-,MS,MS60249_CSF,GSM4104126_CCATGTCCAGATCTGT-1,0.022821451829554307
CXCR3-,MS,MS60249_CSF,GSM4104126_CCATGTCTCCCTTGTG-1,-0.09834107806026707
CXCR3+,MS,MS60249_CSF,GSM4104126_CCATTCGAGATGTAAC-1,-0.09834107806026707
CXCR3-,MS,MS60249_CSF,GSM4104126_CCATTCGGTCTAGAGG-1,0.2023522107630629
CXCR3-,MS,MS60249_CSF,GSM4104126_CCATTCGTCGGCATCG-1,-0.09834107806026707
CXCR3+,MS,MS60249_CSF,GSM4104126_CCCAATCAGACTCGGA-1,-0.26137118373694557
CXCR3+,MS,MS60249_CSF,GSM4104126_CCCAATCAGCGTCAAG-1,-0.2912067903531089
CXCR3-,MS,MS60249_CSF,GSM4104126_CCCAATCAGCTGCCCA-1,-0.09834107806026707
CXCR3-,MS,MS60249_CSF,GSM4104126_CCCAATCTCGACAGCC-1,0.21477919802649148
CXCR3+,MS,MS60249_CSF,GSM4104126_CCCAGTTAGATATGGT-1,0.3009036502499555
CXCR3-,MS,MS60249_CSF,GSM4104126_CCCAGTTAGCTAGTTC-1,0.08170425600789635
CXCR3+,MS,MS60249_CSF,GSM4104126_CCCAGTTCAGGATCGA-1,-0.04431744223566577
CXCR3+,MS,MS60249_CSF,GSM4104126_CCCAGTTGTACTTCTT-1,0.10643387073555768
CXCR3+,MS,MS60249_CSF,GSM4104126_CCCAGTTGTCGTGGCT-1,0.5395774459597577
CXCR3-,MS,MS60249_CSF,GSM4104126_CCCATACAGTAGCCGA-1,-0.09834107806026707
CXCR3-,MS,MS60249_CSF,GSM4104126_CCCATACAGTTAGGTA-1,-0.38980530157760773
CXCR3+,MS,MS60249_CSF,GSM4104126_CCCATACCAGTCAGCC-1,0.29354022727415685
CXCR3+,MS,MS60249_CSF,GSM4104126_CCCATACTCGCTAGCG-1,0.05991224058671459
CXCR3+,MS,MS60249_CSF,GSM4104126_CCCTCCTGTTGAGGTG-1,-0.09834107806026707
CXCR3+,MS,MS60249_CSF,GSM4104126_CCCTCCTTCGTACCGG-1,-0.09834107806026707
CXCR3-,MS,MS60249_CSF,GSM4104126_CCGGTAGCATCCTTGC-1,0.2553326682679801
CXCR3-,MS,MS60249_CSF,GSM4104126_CCGTACTCAACACCTA-1,0.059331780663730495
CXCR3-,MS,MS60249_CSF,GSM4104126_CCGTACTGTTACAGAA-1,0.49018157381298694
CXCR3-,MS,MS60249_CSF,GSM4104126_CCGTGGAAGTTACGGG-1,-0.5502244869277328
CXCR3+,MS,MS60249_CSF,GSM4104126_CCGTGGACATACTCTT-1,0.5428128332366234
CXCR3-,MS,MS60249_CSF,GSM4104126_CCGTGGACATGGGACA-1,-0.09834107806026707
CXCR3-,MS,MS60249_CSF,GSM4104126_CCGTGGAGTGTTGGGA-1,0.02969125973512307
CXCR3+,MS,MS60249_CSF,GSM4104126_CCGTTCACAGATGGGT-1,-0.1347460166464262
CXCR3-,MS,MS60249_CSF,GSM4104126_CCGTTCACAGGATTGG-1,-0.09834107806026707
CXCR3+,MS,MS60249_CSF,GSM4104126_CCGTTCAGTGACAAAT-1,0.30788000389801784
CXCR3+,MS,MS60249_CSF,GSM4104126_CCTAAAGCAGATCCAT-1,0.15668382171256542
CXCR3-,MS,MS60249_CSF,GSM4104126_CCTAAAGGTACCGAGA-1,-0.09834107806026707
CXCR3-,MS,MS60249_CSF,GSM4104126_CCTAAAGGTATAAACG-1,-0.08347554584984172
CXCR3-,MS,MS60249_CSF,GSM4104126_CCTACCAAGGCTCTTA-1,-0.09834107806026707
CXCR3-,MS,MS60249_CSF,GSM4104126_CCTACCACATCCTAGA-1,0.10374802104647163
CXCR3-,MS,MS60249_CSF,GSM4104126_CCTACCACATCTCCCA-1,-0.09834107806026707
CXCR3+,MS,MS60249_CSF,GSM4104126_CCTACCAGTAGGCATG-1,-0.08225063039584003
CXCR3-,MS,MS60249_CSF,GSM4104126_CCTACCATCCACGTTC-1,0.12093428148556058
CXCR3-,MS,MS60249_CSF,GSM4104126_CCTACCATCTGGCGTG-1,-0.09834107806026707
CXCR3-,MS,MS60249_CSF,GSM4104126_CCTAGCTTCGCATGAT-1,-0.09834107806026707
CXCR3-,MS,MS60249_CSF,GSM4104126_CCTATTAAGCGATCCC-1,-0.3592332067893012
CXCR3-,MS,MS60249_CSF,GSM4104126_CCTATTAAGCGTCAAG-1,-0.09834107806026707
CXCR3+,MS,MS60249_CSF,GSM4104126_CCTCAGTCATTGTGCA-1,-0.09834107806026707
CXCR3-,MS,MS60249_CSF,GSM4104126_CCTCTGACACTTAAGC-1,-0.09834107806026707
CXCR3+,MS,MS60249_CSF,GSM4104126_CCTCTGACAGCATGAG-1,-0.17946002826546295
CXCR3-,MS,MS60249_CSF,GSM4104126_CCTCTGAGTGCAGACA-1,-0.09834107806026707
CXCR3-,MS,MS60249_CSF,GSM4104126_CCTTACGAGCTTCGCG-1,-0.09834107806026707
CXCR3-,MS,MS60249_CSF,GSM4104126_CCTTACGCAAATTGCC-1,-0.31215975994512896
CXCR3+,MS,MS60249_CSF,GSM4104126_CCTTACGCAGGCGATA-1,-0.03006863052678599
CXCR3-,MS,MS60249_CSF,GSM4104126_CCTTACGGTGCGAAAC-1,-0.09834107806026707
CXCR3-,MS,MS60249_CSF,GSM4104126_CCTTACGTCCGTCAAA-1,-0.09834107806026707
CXCR3-,MS,MS60249_CSF,GSM4104126_CCTTCCCAGCTGAACG-1,0.011327008377579892
CXCR3-,MS,MS60249_CSF,GSM4104126_CCTTCCCGTCCGTTAA-1,0.16426070665169498
CXCR3+,MS,MS60249_CSF,GSM4104126_CCTTCCCTCTCTGAGA-1,0.8599206812186068
CXCR3+,MS,MS60249_CSF,GSM4104126_CCTTCGAAGCAGATCG-1,-0.09229597032461734
CXCR3-,MS,MS60249_CSF,GSM4104126_CCTTCGAAGGGCTTCC-1,-0.09834107806026707
CXCR3+,MS,MS60249_CSF,GSM4104126_CCTTCGACAGTTCCCT-1,-0.09834107806026707
CXCR3-,MS,MS60249_CSF,GSM4104126_CCTTCGAGTAATAGCA-1,-0.2832542028478868
CXCR3+,MS,MS60249_CSF,GSM4104126_CCTTCGATCAACACCA-1,-0.07141429780862017
CXCR3-,MS,MS60249_CSF,GSM4104126_CCTTCGATCTGTACGA-1,-0.5347961000520433
CXCR3-,MS,MS60249_CSF,GSM4104126_CCTTTCTTCGGCGCAT-1,-0.09834107806026707
CXCR3-,MS,MS60249_CSF,GSM4104126_CCTTTCTTCTTGTCAT-1,-0.09834107806026707
CXCR3+,MS,MS60249_CSF,GSM4104126_CGAACATAGCGATATA-1,0.012057225592489926
CXCR3+,MS,MS60249_CSF,GSM4104126_CGAACATCATTACGAC-1,0.4963080544512618
CXCR3-,MS,MS60249_CSF,GSM4104126_CGAACATGTTACCGAT-1,0.37032653739529414
CXCR3+,MS,MS60249_CSF,GSM4104126_CGAATGTAGTGGGATC-1,-0.9325697461939011
CXCR3+,MS,MS60249_CSF,GSM4104126_CGAATGTCAGACGCAA-1,0.1330682996628205
CXCR3+,MS,MS60249_CSF,GSM4104126_CGACCTTAGTATGACA-1,0.14540247252749955
CXCR3+,MS,MS60249_CSF,GSM4104126_CGACCTTCAGCATACT-1,-0.03133846497612374
CXCR3+,MS,MS60249_CSF,GSM4104126_CGACCTTGTCCGCTGA-1,-0.1542289954686429
CXCR3-,MS,MS60249_CSF,GSM4104126_CGACTTCAGACGCACA-1,-0.09834107806026707
CXCR3-,MS,MS60249_CSF,GSM4104126_CGACTTCAGACTACAA-1,-0.09834107806026707
CXCR3-,MS,MS60249_CSF,GSM4104126_CGACTTCAGGGCATGT-1,0.32198488795482244
CXCR3+,MS,MS60249_CSF,GSM4104126_CGAGAAGAGATATGGT-1,0.1423551728888781
CXCR3-,MS,MS60249_CSF,GSM4104126_CGAGAAGGTAGAAAGG-1,0.32548457962618677
CXCR3-,MS,MS60249_CSF,GSM4104126_CGAGAAGGTTCAGCGC-1,-0.09834107806026707
CXCR3-,MS,MS60249_CSF,GSM4104126_CGAGCACGTTAAAGAC-1,0.6261450067932044
CXCR3+,MS,MS60249_CSF,GSM4104126_CGAGCCACACCCTATC-1,-0.014766044583943419
CXCR3+,MS,MS60249_CSF,GSM4104126_CGAGCCAGTATTCGTG-1,-0.12293718296469788
CXCR3-,MS,MS60249_CSF,GSM4104126_CGAGCCAGTGTCTGAT-1,-0.09834107806026707
CXCR3-,MS,MS60249_CSF,GSM4104126_CGATGGCAGATATGGT-1,-0.09834107806026707
CXCR3-,MS,MS60249_CSF,GSM4104126_CGATGGCCAGTTCATG-1,-0.41494091514484804
CXCR3-,MS,MS60249_CSF,GSM4104126_CGATGTACAGCATACT-1,-0.09834107806026707
CXCR3-,MS,MS60249_CSF,GSM4104126_CGATGTAGTGACGCCT-1,0.6221983910691222
CXCR3+,MS,MS60249_CSF,GSM4104126_CGATGTATCGGCGCAT-1,-0.09834107806026707
CXCR3-,MS,MS60249_CSF,GSM4104126_CGATGTATCTTGGGTA-1,-0.09834107806026707
CXCR3+,MS,MS60249_CSF,GSM4104126_CGCCAAGAGGCTAGGT-1,0.1255223681032562
CXCR3-,MS,MS60249_CSF,GSM4104126_CGCCAAGCATCACCCT-1,0.2421401679397456
CXCR3+,MS,MS60249_CSF,GSM4104126_CGCGGTAAGAAGGTTT-1,0.06733398389164817
CXCR3+,MS,MS60249_CSF,GSM4104126_CGCGGTAAGGCAGGTT-1,0.2328447436756961
CXCR3+,MS,MS60249_CSF,GSM4104126_CGCGGTAGTCGAATCT-1,-0.09834107806026707
CXCR3-,MS,MS60249_CSF,GSM4104126_CGCGGTATCCGAACGC-1,-0.09834107806026707
CXCR3+,MS,MS60249_CSF,GSM4104126_CGCGTTTCAAAGAATC-1,-0.09392169415611266
CXCR3+,MS,MS60249_CSF,GSM4104126_CGCTATCAGAGCTGGT-1,-0.11301314877720128
CXCR3+,MS,MS60249_CSF,GSM4104126_CGCTATCAGCTGGAAC-1,0.09737149208254192
CXCR3+,MS,MS60249_CSF,GSM4104126_CGCTATCCAATGCCAT-1,-0.23630851367478778
CXCR3+,MS,MS60249_CSF,GSM4104126_CGCTATCGTTAAAGTG-1,-0.0815629856644056
CXCR3-,MS,MS60249_CSF,GSM4104126_CGCTATCTCCTCATTA-1,0.1487743986542733
CXCR3+,MS,MS60249_CSF,GSM4104126_CGCTGGACATATGCTG-1,-0.6106374856745086
CXCR3+,MS,MS60249_CSF,GSM4104126_CGCTGGATCCACGCAG-1,-0.0451141162283195
CXCR3-,MS,MS60249_CSF,GSM4104126_CGCTTCACAACTGGCC-1,-0.2484855340871747
CXCR3+,MS,MS60249_CSF,GSM4104126_CGCTTCACAGTAAGCG-1,0.15390580376918445
CXCR3-,MS,MS60249_CSF,GSM4104126_CGCTTCAGTCTTGATG-1,-0.09834107806026707
CXCR3-,MS,MS60249_CSF,GSM4104126_CGCTTCAGTTTGTTGG-1,-0.09834107806026707
CXCR3-,MS,MS60249_CSF,GSM4104126_CGCTTCATCCGCAGTG-1,-0.09834107806026707
CXCR3+,MS,MS60249_CSF,GSM4104126_CGGACACGTCAGATAA-1,-0.09834107806026707
CXCR3+,MS,MS60249_CSF,GSM4104126_CGGACACTCAGAGGTG-1,-0.09834107806026707
CXCR3-,MS,MS60249_CSF,GSM4104126_CGGACACTCTCAAGTG-1,-0.012734098392640423
CXCR3-,MS,MS60249_CSF,GSM4104126_CGGACGTAGATACACA-1,-0.09834107806026707
CXCR3+,MS,MS60249_CSF,GSM4104126_CGGACGTAGTTTGCGT-1,0.37781394818700437
CXCR3+,MS,MS60249_CSF,GSM4104126_CGGACGTGTCTTCAAG-1,-0.03103556073225731
CXCR3-,MS,MS60249_CSF,GSM4104126_CGGACGTTCAGAAATG-1,-0.09834107806026707
CXCR3+,MS,MS60249_CSF,GSM4104126_CGGACGTTCTTGACGA-1,-0.325247537303391
CXCR3+,MS,MS60249_CSF,GSM4104126_CGGACTGCATATGAGA-1,-0.04410566961475087
CXCR3+,MS,MS60249_CSF,GSM4104126_CGGACTGGTGGGTCAA-1,-0.0007775754040865326
CXCR3-,MS,MS60249_CSF,GSM4104126_CGGACTGGTGTAACGG-1,-0.09834107806026707
CXCR3+,MS,MS60249_CSF,GSM4104126_CGGAGCTGTTCACCTC-1,0.327431717935795
CXCR3-,MS,MS60249_CSF,GSM4104126_CGGAGTCAGCCAGGAT-1,0.17177468192635822
CXCR3-,MS,MS60249_CSF,GSM4104126_CGGAGTCAGCTACCTA-1,-0.09834107806026707
CXCR3-,MS,MS60249_CSF,GSM4104126_CGGAGTCCACATTAGC-1,0.03342230414064797
CXCR3-,MS,MS60249_CSF,GSM4104126_CGGAGTCTCGCGGATC-1,-0.09834107806026707
CXCR3+,MS,MS60249_CSF,GSM4104126_CGGCTAGCATGGGACA-1,0.08059952686616897
CXCR3-,MS,MS60249_CSF,GSM4104126_CGGCTAGGTGGCAAAC-1,-0.09834107806026707
CXCR3-,MS,MS60249_CSF,GSM4104126_CGGGTCAAGATGTCGG-1,-0.09834107806026707
CXCR3-,MS,MS60249_CSF,GSM4104126_CGGGTCACAGCTGTGC-1,0.5685052957847768
CXCR3+,MS,MS60249_CSF,GSM4104126_CGGGTCATCGGCGGTT-1,0.3421681224612087
CXCR3+,MS,MS60249_CSF,GSM4104126_CGGGTCATCTCTTGAT-1,0.13074772023699727
CXCR3-,MS,MS60249_CSF,GSM4104126_CGGTTAACACAGAGGT-1,-0.09834107806026707
CXCR3-,MS,MS60249_CSF,GSM4104126_CGGTTAACACATGTGT-1,0.15255250155865183
CXCR3-,MS,MS60249_CSF,GSM4104126_CGGTTAAGTGAGGGAG-1,-0.09834107806026707
CXCR3+,MS,MS60249_CSF,GSM4104126_CGTAGCGAGACACGAC-1,0.14205363300751378
CXCR3-,MS,MS60249_CSF,GSM4104126_CGTAGGCAGCCTCGTG-1,-0.09834107806026707
CXCR3+,MS,MS60249_CSF,GSM4104126_CGTAGGCTCCACGCAG-1,0.0014857588100081673
CXCR3+,MS,MS60249_CSF,GSM4104126_CGTAGGCTCTTAGCCC-1,0.3274253169914238
CXCR3+,MS,MS60249_CSF,GSM4104126_CGTCACTAGAAACCAT-1,0.15556619898847415
CXCR3+,MS,MS60249_CSF,GSM4104126_CGTCACTCAATAAGCA-1,-0.09594538271056494
CXCR3-,MS,MS60249_CSF,GSM4104126_CGTCACTGTATAGTAG-1,-0.09834107806026707
CXCR3+,MS,MS60249_CSF,GSM4104126_CGTCACTGTTCAGTAC-1,-0.09834107806026707
CXCR3-,MS,MS60249_CSF,GSM4104126_CGTCACTGTTGTGGCC-1,-0.09834107806026707
CXCR3-,MS,MS60249_CSF,GSM4104126_CGTCAGGGTGGGTCAA-1,-0.09834107806026707
CXCR3-,MS,MS60249_CSF,GSM4104126_CGTCCATGTACAGCAG-1,0.13306905677923506
CXCR3-,MS,MS60249_CSF,GSM4104126_CGTCCATTCTTTACAC-1,-0.09834107806026707
CXCR3+,MS,MS60249_CSF,GSM4104126_CGTCTACCATACGCCG-1,0.1430327786234678
CXCR3-,MS,MS60249_CSF,GSM4104126_CGTCTACGTGGTCCGT-1,-0.09834107806026707
CXCR3+,MS,MS60249_CSF,GSM4104126_CGTGTCTTCAACGGCC-1,0.20553835535405404
CXCR3+,MS,MS60249_CSF,GSM4104126_CGTGTCTTCTTTAGGG-1,-0.09834107806026707
CXCR3+,MS,MS60249_CSF,GSM4104126_CGTTAGAAGTAAGTAC-1,-0.14534683907961696
CXCR3+,MS,MS60249_CSF,GSM4104126_CGTTAGACATATACCG-1,-0.02062446682863536
CXCR3-,MS,MS60249_CSF,GSM4104126_CGTTAGACATTTGCCC-1,-0.3184550177626919
CXCR3+,MS,MS60249_CSF,GSM4104126_CGTTAGAGTCGCGAAA-1,0.020366070507455352
CXCR3-,MS,MS60249_CSF,GSM4104126_CGTTAGATCTTACCGC-1,-0.09834107806026707
CXCR3-,MS,MS60249_CSF,GSM4104126_CGTTCTGAGAGTCTGG-1,-0.09834107806026707
CXCR3-,MS,MS60249_CSF,GSM4104126_CGTTCTGAGGGAAACA-1,0.5764307455859579
CXCR3+,MS,MS60249_CSF,GSM4104126_CGTTCTGCACTTAAGC-1,-0.09834107806026707
CXCR3-,MS,MS60249_CSF,GSM4104126_CGTTCTGGTACGCTGC-1,-0.09834107806026707
CXCR3-,MS,MS60249_CSF,GSM4104126_CGTTCTGGTATGCTTG-1,0.1987495068797631
CXCR3-,MS,MS60249_CSF,GSM4104126_CGTTCTGTCCCTCTTT-1,-0.11501685040117796
CXCR3-,MS,MS60249_CSF,GSM4104126_CGTTGGGAGGATGGAA-1,-0.20522599388430487
CXCR3+,MS,MS60249_CSF,GSM4104126_CGTTGGGAGTTTGCGT-1,0.4511373398321861
CXCR3-,MS,MS60249_CSF,GSM4104126_CGTTGGGGTGGTGTAG-1,0.37537458816075064
CXCR3-,MS,MS60249_CSF,GSM4104126_CGTTGGGTCGTTTAGG-1,-0.09834107806026707
CXCR3-,MS,MS60249_CSF,GSM4104126_CTAACTTAGGCATTGG-1,0.28120326620187425
CXCR3+,MS,MS60249_CSF,GSM4104126_CTAACTTAGTACGACG-1,0.07901231651895964
CXCR3+,MS,MS60249_CSF,GSM4104126_CTAACTTTCGCCAGCA-1,-0.17999479384280465
CXCR3-,MS,MS60249_CSF,GSM4104126_CTAAGACCAAGACACG-1,0.042558181204027025
CXCR3-,MS,MS60249_CSF,GSM4104126_CTAAGACGTCCGTCAG-1,-0.09834107806026707
CXCR3-,MS,MS60249_CSF,GSM4104126_CTAATGGCATCCTTGC-1,0.09687973039403144
CXCR3-,MS,MS60249_CSF,GSM4104126_CTACACCAGTGCCAGA-1,0.16679448809468475
CXCR3+,MS,MS60249_CSF,GSM4104126_CTACACCAGTTTGCGT-1,-0.09834107806026707
CXCR3-,MS,MS60249_CSF,GSM4104126_CTACACCCATACGCCG-1,0.12338284143857123
CXCR3+,MS,MS60249_CSF,GSM4104126_CTACATTCAGCTGGCT-1,-0.2122458211529978
CXCR3-,MS,MS60249_CSF,GSM4104126_CTACATTCAGGTCTCG-1,-0.09834107806026707
CXCR3+,MS,MS60249_CSF,GSM4104126_CTACATTTCTTGCATT-1,-0.6599117281822958
CXCR3-,MS,MS60249_CSF,GSM4104126_CTACCCAAGCAATCTC-1,0.15615762587495272
CXCR3-,MS,MS60249_CSF,GSM4104126_CTACCCAAGTTGAGTA-1,-0.3378571337961182
CXCR3+,MS,MS60249_CSF,GSM4104126_CTACCCATCTTCAACT-1,-0.09834107806026707
CXCR3-,MS,MS60249_CSF,GSM4104126_CTACGTCCATCCCACT-1,-0.09834107806026707
CXCR3-,MS,MS60249_CSF,GSM4104126_CTACGTCCATGCCACG-1,-0.09834107806026707
CXCR3-,MS,MS60249_CSF,GSM4104126_CTACGTCGTAGCCTCG-1,-0.09834107806026707
CXCR3+,MS,MS60249_CSF,GSM4104126_CTACGTCGTCGAATCT-1,0.2645845353589362
CXCR3+,MS,MS60249_CSF,GSM4104126_CTACGTCTCGGCGCAT-1,-0.37344817955229687
CXCR3-,MS,MS60249_CSF,GSM4104126_CTAGAGTAGCTGGAAC-1,0.14094443387508088
CXCR3+,MS,MS60249_CSF,GSM4104126_CTAGAGTGTTGGTAAA-1,0.15491981052851914
CXCR3-,MS,MS60249_CSF,GSM4104126_CTAGAGTTCGCTGATA-1,-0.09834107806026707
CXCR3-,MS,MS60249_CSF,GSM4104126_CTAGAGTTCTACCAGA-1,0.4150981002962016
CXCR3-,MS,MS60249_CSF,GSM4104126_CTAGCCTAGGCCCGTT-1,-0.732890651792067
CXCR3+,MS,MS60249_CSF,GSM4104126_CTAGCCTAGGGAACGG-1,-0.26494874864285556
CXCR3+,MS,MS60249_CSF,GSM4104126_CTAGCCTCAAAGTGCG-1,-0.09834107806026707
CXCR3+,MS,MS60249_CSF,GSM4104126_CTAGCCTGTAATAGCA-1,-0.09834107806026707
CXCR3-,MS,MS60249_CSF,GSM4104126_CTAGCCTTCTCAAACG-1,0.025185117812954187
CXCR3-,MS,MS60249_CSF,GSM4104126_CTAGTGAAGTTGTCGT-1,0.10156693594557453
CXCR3+,MS,MS60249_CSF,GSM4104126_CTAGTGACAATGGAGC-1,-0.34573902359785846
CXCR3-,MS,MS60249_CSF,GSM4104126_CTAGTGATCATACGGT-1,-0.29455146472156585
CXCR3-,MS,MS60249_CSF,GSM4104126_CTCACACCAAGACACG-1,-0.09834107806026707
CXCR3-,MS,MS60249_CSF,GSM4104126_CTCACACGTGCAGGTA-1,0.3759562530747857
CXCR3-,MS,MS60249_CSF,GSM4104126_CTCAGAACACACCGAC-1,-0.37308973444121
CXCR3-,MS,MS60249_CSF,GSM4104126_CTCAGAACACGGTTTA-1,-0.09834107806026707
CXCR3-,MS,MS60249_CSF,GSM4104126_CTCAGAACATACTACG-1,-0.09834107806026707
CXCR3+,MS,MS60249_CSF,GSM4104126_CTCAGAAGTCGAATCT-1,0.17602452592680398
CXCR3+,MS,MS60249_CSF,GSM4104126_CTCAGAATCTTACCGC-1,-0.27137710225910977
CXCR3-,MS,MS60249_CSF,GSM4104126_CTCATTACAGTTAACC-1,-0.09834107806026707
CXCR3-,MS,MS60249_CSF,GSM4104126_CTCCTAGAGAGCTGCA-1,-0.09834107806026707
CXCR3-,MS,MS60249_CSF,GSM4104126_CTCCTAGGTAGGCTGA-1,-0.09834107806026707
CXCR3+,MS,MS60249_CSF,GSM4104126_CTCCTAGTCGTTTATC-1,0.4519185291337964
CXCR3-,MS,MS60249_CSF,GSM4104126_CTCGAAACAATACGCT-1,0.14952371044117638
CXCR3+,MS,MS60249_CSF,GSM4104126_CTCGAAAGTGAAGGCT-1,-0.1495780915479337
CXCR3+,MS,MS60249_CSF,GSM4104126_CTCGAAATCTACCTGC-1,-0.16663213856646011
CXCR3-,MS,MS60249_CSF,GSM4104126_CTCGAAATCTCAACTT-1,-0.09834107806026707
CXCR3+,MS,MS60249_CSF,GSM4104126_CTCGAAATCTGCTTGC-1,-0.053119519841313946
CXCR3+,MS,MS60249_CSF,GSM4104126_CTCGAGGCAAGGTGTG-1,-0.09834107806026707
CXCR3+,MS,MS60249_CSF,GSM4104126_CTCGAGGCAGCCAATT-1,0.28072429918145675
CXCR3+,MS,MS60249_CSF,GSM4104126_CTCGAGGCATGAGCGA-1,0.17629781990716922
CXCR3-,MS,MS60249_CSF,GSM4104126_CTCGAGGTCCCATTAT-1,-0.09834107806026707
CXCR3-,MS,MS60249_CSF,GSM4104126_CTCGAGGTCCGCAGTG-1,-0.09834107806026707
CXCR3-,MS,MS60249_CSF,GSM4104126_CTCGGAGGTCATCCCT-1,0.21785378188734048
CXCR3-,MS,MS60249_CSF,GSM4104126_CTCGTACAGGAGTTGC-1,-0.09834107806026707
CXCR3-,MS,MS60249_CSF,GSM4104126_CTCGTACAGTCGCCGT-1,0.1682683019650808
CXCR3-,MS,MS60249_CSF,GSM4104126_CTCGTACTCTCAACTT-1,0.19416523289078771
CXCR3-,MS,MS60249_CSF,GSM4104126_CTCTACGAGTAATCCC-1,-0.09834107806026707
CXCR3-,MS,MS60249_CSF,GSM4104126_CTCTACGCAGACAAGC-1,-0.4232481536255382
CXCR3-,MS,MS60249_CSF,GSM4104126_CTCTACGCAGCTATTG-1,-0.15918723504154905
CXCR3+,MS,MS60249_CSF,GSM4104126_CTCTACGCAGTAACGG-1,0.017485080365786478
CXCR3-,MS,MS60249_CSF,GSM4104126_CTCTACGGTTGGTTTG-1,-0.09834107806026707
CXCR3-,MS,MS60249_CSF,GSM4104126_CTCTACGTCTCCAACC-1,0.23414818859281117
CXCR3+,MS,MS60249_CSF,GSM4104126_CTCTGGTCAACGATCT-1,0.3190632413198035
CXCR3-,MS,MS60249_CSF,GSM4104126_CTGAAACGTGACGGTA-1,-0.09834107806026707
CXCR3-,MS,MS60249_CSF,GSM4104126_CTGAAGTCAGCTATTG-1,0.03889307000737075
CXCR3+,MS,MS60249_CSF,GSM4104126_CTGATAGAGATAGTCA-1,0.09048608512174827
CXCR3-,MS,MS60249_CSF,GSM4104126_CTGATAGGTAAGTTCC-1,-0.09834107806026707
CXCR3+,MS,MS60249_CSF,GSM4104126_CTGATCCCAGCTATTG-1,0.06986477539446202
CXCR3+,MS,MS60249_CSF,GSM4104126_CTGATCCTCAGCGACC-1,0.21289470693407195
CXCR3-,MS,MS60249_CSF,GSM4104126_CTGATCCTCATGCAAC-1,0.24962858093168555
CXCR3-,MS,MS60249_CSF,GSM4104126_CTGATCCTCTACTATC-1,-0.09834107806026707
CXCR3-,MS,MS60249_CSF,GSM4104126_CTGCCTAAGAGCCCAA-1,-0.2020410006389412
CXCR3+,MS,MS60249_CSF,GSM4104126_CTGCGGAAGATGCGAC-1,0.3494035974981145
CXCR3+,MS,MS60249_CSF,GSM4104126_CTGCGGACACACTGCG-1,-0.14474525697845436
CXCR3-,MS,MS60249_CSF,GSM4104126_CTGGTCTGTCTGGTCG-1,-0.09834107806026707
CXCR3-,MS,MS60249_CSF,GSM4104126_CTGTGCTCAAATTGCC-1,-0.09834107806026707
CXCR3-,MS,MS60249_CSF,GSM4104126_CTGTGCTGTCTGCGGT-1,-0.09834107806026707
CXCR3+,MS,MS60249_CSF,GSM4104126_CTGTGCTTCATGTCTT-1,0.6402277884176997
CXCR3+,MS,MS60249_CSF,GSM4104126_CTGTTTACAAGCGATG-1,0.6610179315254523
CXCR3-,MS,MS60249_CSF,GSM4104126_CTGTTTATCTTGGGTA-1,0.039285340374121035
CXCR3+,MS,MS60249_CSF,GSM4104126_CTTAACTAGCCACGCT-1,0.14527295748957186
CXCR3-,MS,MS60249_CSF,GSM4104126_CTTAACTGTCCGACGT-1,-0.09834107806026707
CXCR3-,MS,MS60249_CSF,GSM4104126_CTTAACTTCTTACCGC-1,-0.017626970831192197
CXCR3-,MS,MS60249_CSF,GSM4104126_CTTACCGAGAGACTTA-1,-0.2651988951408714
CXCR3+,MS,MS60249_CSF,GSM4104126_CTTACCGCAACTGCTA-1,0.23430552240378594
CXCR3+,MS,MS60249_CSF,GSM4104126_CTTACCGGTCTGCAAT-1,-0.09834107806026707
CXCR3-,MS,MS60249_CSF,GSM4104126_CTTACCGGTGTTTGGT-1,-0.09834107806026707
CXCR3+,MS,MS60249_CSF,GSM4104126_CTTACCGTCATAAAGG-1,-0.04839867609243791
CXCR3+,MS,MS60249_CSF,GSM4104126_CTTACCGTCTCCTATA-1,0.22984739935684373
CXCR3-,MS,MS60249_CSF,GSM4104126_CTTCTCTTCATTTGGG-1,-0.09834107806026707
CXCR3-,MS,MS60249_CSF,GSM4104126_CTTGGCTAGCGATATA-1,0.2504140342838716
CXCR3+,MS,MS60249_CSF,GSM4104126_CTTGGCTCAAGCTGTT-1,-0.6382763273031143
CXCR3-,MS,MS60249_CSF,GSM4104126_CTTGGCTTCAGTTCGA-1,-0.28066124915651136
CXCR3+,MS,MS60249_CSF,GSM4104126_CTTGGCTTCATAAAGG-1,-0.09834107806026707
CXCR3-,MS,MS60249_CSF,GSM4104126_CTTTGCGAGTGCGTGA-1,-0.09834107806026707
CXCR3-,MS,MS60249_CSF,GSM4104126_CTTTGCGGTTGAGGTG-1,0.05643965526322936
CXCR3-,MS,MS60249_CSF,GSM4104126_CTTTGCGTCTAACCGA-1,-0.09834107806026707
CXCR3-,MS,MS60249_CSF,GSM4104126_GAAACTCCATCACAAC-1,-0.25582550983106794
CXCR3-,MS,MS60249_CSF,GSM4104126_GAAACTCGTCGACTGC-1,0.32537077982264445
CXCR3+,MS,MS60249_CSF,GSM4104126_GAAACTCGTTATCGGT-1,0.07479951222545578
CXCR3-,MS,MS60249_CSF,GSM4104126_GAAATGAAGTCGAGTG-1,-0.09834107806026707
CXCR3-,MS,MS60249_CSF,GSM4104126_GAACATCAGAGGTTGC-1,0.2000226205585192
CXCR3+,MS,MS60249_CSF,GSM4104126_GAACATCAGCCAGAAC-1,0.006606639963020371
CXCR3-,MS,MS60249_CSF,GSM4104126_GAACATCAGGATTCGG-1,-0.2874000150859337
CXCR3-,MS,MS60249_CSF,GSM4104126_GAACATCCATACAGCT-1,0.20225449640497356
CXCR3-,MS,MS60249_CSF,GSM4104126_GAACCTACAATGTAAG-1,0.41044540237957267
CXCR3-,MS,MS60249_CSF,GSM4104126_GAACCTAGTGATAAGT-1,0.00324440797843073
CXCR3-,MS,MS60249_CSF,GSM4104126_GAACGGAAGGTGTGGT-1,-0.09834107806026707
CXCR3-,MS,MS60249_CSF,GSM4104126_GAACGGACAGTCAGAG-1,-0.09834107806026707
CXCR3-,MS,MS60249_CSF,GSM4104126_GAACGGAGTACATGTC-1,-0.09834107806026707
CXCR3-,MS,MS60249_CSF,GSM4104126_GAACGGATCAGGTAAA-1,0.34421786258554005
CXCR3-,MS,MS60249_CSF,GSM4104126_GAAGCAGAGATCCGAG-1,-0.09834107806026707
CXCR3-,MS,MS60249_CSF,GSM4104126_GAAGCAGAGCCACCTG-1,0.2718811194964973
CXCR3+,MS,MS60249_CSF,GSM4104126_GAAGCAGAGGGAAACA-1,-0.09834107806026707
CXCR3+,MS,MS60249_CSF,GSM4104126_GAAGCAGAGGGATGGG-1,0.15649862256143968
CXCR3-,MS,MS60249_CSF,GSM4104126_GAAGCAGCACGGTTTA-1,0.9218419526278837
CXCR3-,MS,MS60249_CSF,GSM4104126_GAAGCAGGTATAGTAG-1,0.19344423096441882
CXCR3-,MS,MS60249_CSF,GSM4104126_GAAGCAGTCGTCCGTT-1,-0.09834107806026707
CXCR3-,MS,MS60249_CSF,GSM4104126_GAAGCAGTCGTCTGCT-1,0.38695320552662726
CXCR3+,MS,MS60249_CSF,GSM4104126_GAATAAGCAAGGTGTG-1,-0.12982913197195736
CXCR3+,MS,MS60249_CSF,GSM4104126_GAATAAGGTACACCGC-1,0.11311611292945871
CXCR3-,MS,MS60249_CSF,GSM4104126_GAATGAACAGCTCGAC-1,0.14383061972948477
CXCR3+,MS,MS60249_CSF,GSM4104126_GAATGAATCGGCCGAT-1,0.2837793932375307
CXCR3-,MS,MS60249_CSF,GSM4104126_GACACGCCAAGCCATT-1,-0.09834107806026707
CXCR3+,MS,MS60249_CSF,GSM4104126_GACACGCGTATGGTTC-1,0.5719836716399878
CXCR3-,MS,MS60249_CSF,GSM4104126_GACACGCGTTCACGGC-1,-0.09834107806026707
CXCR3-,MS,MS60249_CSF,GSM4104126_GACACGCGTTCAGACT-1,-0.7376922717359317
CXCR3+,MS,MS60249_CSF,GSM4104126_GACAGAGCACGCATCG-1,0.22266761968178214
CXCR3-,MS,MS60249_CSF,GSM4104126_GACCTGGCATCACAAC-1,-0.2652705413734709
CXCR3+,MS,MS60249_CSF,GSM4104126_GACCTGGGTCCCGACA-1,-0.09834107806026707
CXCR3+,MS,MS60249_CSF,GSM4104126_GACGCGTAGAGTGACC-1,0.13472637026636472
CXCR3-,MS,MS60249_CSF,GSM4104126_GACGCGTAGAGTTGGC-1,0.0335693796743791
CXCR3-,MS,MS60249_CSF,GSM4104126_GACGCGTAGCTGGAAC-1,0.01633592558450841
CXCR3-,MS,MS60249_CSF,GSM4104126_GACGCGTAGGGAACGG-1,-0.09834107806026707
CXCR3-,MS,MS60249_CSF,GSM4104126_GACGCGTAGGTGGGTT-1,0.13460128974303573
CXCR3-,MS,MS60249_CSF,GSM4104126_GACGCGTCAACAACCT-1,-0.19454858385153675
CXCR3-,MS,MS60249_CSF,GSM4104126_GACGCGTCAGGACGTA-1,0.5100878311875858
CXCR3-,MS,MS60249_CSF,GSM4104126_GACGCGTCAGGGATTG-1,-0.09834107806026707
CXCR3+,MS,MS60249_CSF,GSM4104126_GACGCGTGTCTCTCGT-1,-0.09834107806026707
CXCR3-,MS,MS60249_CSF,GSM4104126_GACGCGTTCAGGCGAA-1,0.18784731753761466
CXCR3+,MS,MS60249_CSF,GSM4104126_GACGGCTAGTATCTCG-1,-0.09834107806026707
CXCR3-,MS,MS60249_CSF,GSM4104126_GACGGCTCACGGTTTA-1,-0.09834107806026707
CXCR3-,MS,MS60249_CSF,GSM4104126_GACGGCTGTACTTAGC-1,0.24862722597466974
CXCR3-,MS,MS60249_CSF,GSM4104126_GACGGCTTCGTTACAG-1,0.07370402543251954
CXCR3+,MS,MS60249_CSF,GSM4104126_GACGTTACAGCGTCCA-1,-0.1973195722315615
CXCR3-,MS,MS60249_CSF,GSM4104126_GACTAACAGAAACCTA-1,0.20550191834847234
CXCR3-,MS,MS60249_CSF,GSM4104126_GACTAACCAATCACAC-1,-0.5013609184595118
CXCR3-,MS,MS60249_CSF,GSM4104126_GACTACAAGGTCGGAT-1,-0.09834107806026707
CXCR3+,MS,MS60249_CSF,GSM4104126_GACTACACACGAGGTA-1,0.30298714703718205
CXCR3-,MS,MS60249_CSF,GSM4104126_GACTACAGTGCCTTGG-1,-0.30427979950859413
CXCR3-,MS,MS60249_CSF,GSM4104126_GACTGCGGTGATAAGT-1,-0.09834107806026707
CXCR3-,MS,MS60249_CSF,GSM4104126_GAGCAGAGTACAGTTC-1,0.20549878258936438
CXCR3+,MS,MS60249_CSF,GSM4104126_GAGCAGAGTATTCTCT-1,-0.09834107806026707
CXCR3-,MS,MS60249_CSF,GSM4104126_GAGCAGAGTCTCTTTA-1,0.23856947606293347
CXCR3-,MS,MS60249_CSF,GSM4104126_GAGTCCGAGACCTAGG-1,-0.09834107806026707
CXCR3-,MS,MS60249_CSF,GSM4104126_GAGTCCGAGGGCATGT-1,-0.09834107806026707
CXCR3-,MS,MS60249_CSF,GSM4104126_GAGTCCGAGGGTTTCT-1,-0.09834107806026707
CXCR3+,MS,MS60249_CSF,GSM4104126_GAGTCCGCACACATGT-1,-0.03550139314348381
CXCR3-,MS,MS60249_CSF,GSM4104126_GAGTCCGCATTCCTGC-1,-0.09834107806026707
CXCR3+,MS,MS60249_CSF,GSM4104126_GAGTCCGGTCTGATCA-1,-0.09834107806026707
CXCR3+,MS,MS60249_CSF,GSM4104126_GAGTCCGGTGTTGGGA-1,-0.22804998256192044
CXCR3+,MS,MS60249_CSF,GSM4104126_GAGTCCGTCCGCATAA-1,0.08433084417028244
CXCR3-,MS,MS60249_CSF,GSM4104126_GATCGATAGGTGGGTT-1,-0.5701790417027598
CXCR3-,MS,MS60249_CSF,GSM4104126_GATCGATCATTCGACA-1,-0.09834107806026707
CXCR3-,MS,MS60249_CSF,GSM4104126_GATCGATGTAAGTGTA-1,-0.0853580490226504
CXCR3+,MS,MS60249_CSF,GSM4104126_GATCGATGTGGTCCGT-1,0.15732772102385326
CXCR3-,MS,MS60249_CSF,GSM4104126_GATCGATGTTCCAACA-1,0.16694507713602572
CXCR3-,MS,MS60249_CSF,GSM4104126_GATCGATTCGAGAGCA-1,-0.09834107806026707
CXCR3-,MS,MS60249_CSF,GSM4104126_GATCGCGAGGCTCATT-1,-0.002271703606236517
CXCR3+,MS,MS60249_CSF,GSM4104126_GATCGCGGTTGAGGTG-1,0.08975591968910115
CXCR3-,MS,MS60249_CSF,GSM4104126_GATCGTAAGATCGGGT-1,0.23884493367787288
CXCR3-,MS,MS60249_CSF,GSM4104126_GATCGTAAGTCCCACG-1,0.304947386191835
CXCR3+,MS,MS60249_CSF,GSM4104126_GATCGTACAAATCCGT-1,-0.35833613467829917
CXCR3+,MS,MS60249_CSF,GSM4104126_GATCGTAGTGTGAAAT-1,-0.09834107806026707
CXCR3-,MS,MS60249_CSF,GSM4104126_GATCTAGAGGAGTAGA-1,-0.09834107806026707
CXCR3+,MS,MS60249_CSF,GSM4104126_GATCTAGCAGCGAACA-1,-0.09834107806026707
CXCR3+,MS,MS60249_CSF,GSM4104126_GATCTAGCATCTACGA-1,0.3219150076774654
CXCR3+,MS,MS60249_CSF,GSM4104126_GATCTAGCATGCCACG-1,-0.07611086996125481
CXCR3-,MS,MS60249_CSF,GSM4104126_GATCTAGCATTCCTCG-1,0.28265055207814116
CXCR3-,MS,MS60249_CSF,GSM4104126_GATGAAAGTTCGAATC-1,-0.09834107806026707
CXCR3-,MS,MS60249_CSF,GSM4104126_GATGAAATCCGCAGTG-1,-0.09834107806026707
CXCR3+,MS,MS60249_CSF,GSM4104126_GATGAGGAGAACAATC-1,0.20492946523780917
CXCR3-,MS,MS60249_CSF,GSM4104126_GATGAGGGTGGTCCGT-1,0.23024331175888066
CXCR3-,MS,MS60249_CSF,GSM4104126_GATGAGGTCTAACCGA-1,-0.3309391364569478
CXCR3+,MS,MS60249_CSF,GSM4104126_GATGCTAAGAGCAATT-1,0.1974367907903804
CXCR3-,MS,MS60249_CSF,GSM4104126_GATGCTAGTGTATGGG-1,0.13515749160990806
CXCR3-,MS,MS60249_CSF,GSM4104126_GATTCAGAGTTCGCAT-1,-0.09834107806026707
CXCR3-,MS,MS60249_CSF,GSM4104126_GATTCAGTCCAAACAC-1,0.004227308214359841
CXCR3-,MS,MS60249_CSF,GSM4104126_GCAAACTAGTCATCCA-1,-0.09834107806026707
CXCR3+,MS,MS60249_CSF,GSM4104126_GCAAACTGTCTAGCGC-1,0.42302378157993953
CXCR3+,MS,MS60249_CSF,GSM4104126_GCAAACTGTTTGCATG-1,-0.234733400431934
CXCR3+,MS,MS60249_CSF,GSM4104126_GCAATCAAGAATGTTG-1,-0.07690805791476678
CXCR3-,MS,MS60249_CSF,GSM4104126_GCAATCAGTACAGCAG-1,-0.2347112373326627
CXCR3+,MS,MS60249_CSF,GSM4104126_GCACTCTAGGAATGGA-1,-0.09834107806026707
CXCR3-,MS,MS60249_CSF,GSM4104126_GCACTCTTCCCTGACT-1,-0.09834107806026707
CXCR3-,MS,MS60249_CSF,GSM4104126_GCAGCCACATTGGTAC-1,0.38486908103434486
CXCR3+,MS,MS60249_CSF,GSM4104126_GCAGCCAGTCCAACTA-1,-0.09834107806026707
CXCR3-,MS,MS60249_CSF,GSM4104126_GCAGCCATCCACTCCA-1,0.06622298927281996
CXCR3-,MS,MS60249_CSF,GSM4104126_GCAGTTATCACATACG-1,-0.09834107806026707
CXCR3-,MS,MS60249_CSF,GSM4104126_GCAGTTATCAGCGACC-1,-0.3729149213274307
CXCR3+,MS,MS60249_CSF,GSM4104126_GCAGTTATCCCTTGCA-1,-0.24445334347962946
CXCR3+,MS,MS60249_CSF,GSM4104126_GCATACAGTTGCGTTA-1,0.2142935042368693
CXCR3-,MS,MS60249_CSF,GSM4104126_GCATACATCGACAGCC-1,-0.09834107806026707
CXCR3-,MS,MS60249_CSF,GSM4104126_GCATGATAGAAGCCCA-1,0.26014995402079344
CXCR3-,MS,MS60249_CSF,GSM4104126_GCATGATAGAGGTAGA-1,-0.09834107806026707
CXCR3-,MS,MS60249_CSF,GSM4104126_GCATGATCAACACCTA-1,-0.4481273193666308
CXCR3-,MS,MS60249_CSF,GSM4104126_GCATGATTCCTCGCAT-1,0.21508032457881585
CXCR3+,MS,MS60249_CSF,GSM4104126_GCATGCGCACACTGCG-1,-0.19495659690847547
CXCR3-,MS,MS60249_CSF,GSM4104126_GCATGCGCACATCCAA-1,0.03197413455004915
CXCR3-,MS,MS60249_CSF,GSM4104126_GCATGCGCACGGTAGA-1,0.09103229844141127
CXCR3+,MS,MS60249_CSF,GSM4104126_GCATGCGGTGGCCCTA-1,-0.17455008757633964
CXCR3-,MS,MS60249_CSF,GSM4104126_GCATGTACAGGATCGA-1,-0.09834107806026707
CXCR3-,MS,MS60249_CSF,GSM4104126_GCATGTAGTTTGGCGC-1,-0.09834107806026707
CXCR3+,MS,MS60249_CSF,GSM4104126_GCCAAATCACGTTGGC-1,0.23837782378770675
CXCR3+,MS,MS60249_CSF,GSM4104126_GCCAAATGTCGTTGTA-1,-0.09834107806026707
CXCR3+,MS,MS60249_CSF,GSM4104126_GCCAAATTCACCACCT-1,-0.09834107806026707
CXCR3-,MS,MS60249_CSF,GSM4104126_GCCTCTAAGGGTGTGT-1,0.19894432623945837
CXCR3+,MS,MS60249_CSF,GSM4104126_GCCTCTAGTACAGTTC-1,-0.09834107806026707
CXCR3-,MS,MS60249_CSF,GSM4104126_GCCTCTATCCGAATGT-1,-0.43790335801715136
CXCR3-,MS,MS60249_CSF,GSM4104126_GCGACCACAAACCTAC-1,-0.09834107806026707
CXCR3-,MS,MS60249_CSF,GSM4104126_GCGACCAGTCAATACC-1,0.0754234109394288
CXCR3+,MS,MS60249_CSF,GSM4104126_GCGACCAGTTGGGACA-1,0.037538124234762764
CXCR3+,MS,MS60249_CSF,GSM4104126_GCGACCATCTCGATGA-1,-0.2813873731099292
CXCR3+,MS,MS60249_CSF,GSM4104126_GCGAGAACAGCTGTGC-1,-0.21934072363742999
CXCR3-,MS,MS60249_CSF,GSM4104126_GCGAGAAGTTCCATGA-1,0.6784590248541388
CXCR3-,MS,MS60249_CSF,GSM4104126_GCGAGAATCGATCCCT-1,-0.09834107806026707
CXCR3-,MS,MS60249_CSF,GSM4104126_GCGAGAATCGGTCTAA-1,-0.2822423302008271
CXCR3-,MS,MS60249_CSF,GSM4104126_GCGCAACCACGTCAGC-1,-0.27234072258998193
CXCR3+,MS,MS60249_CSF,GSM4104126_GCGCAGTGTCAAAGCG-1,-0.32160909283995526
CXCR3+,MS,MS60249_CSF,GSM4104126_GCGCAGTTCAGAGACG-1,-0.09834107806026707
CXCR3+,MS,MS60249_CSF,GSM4104126_GCGCCAATCGGAGCAA-1,-0.13887007608644783
CXCR3+,MS,MS60249_CSF,GSM4104126_GCGCCAATCGTGTAGT-1,-0.09834107806026707
CXCR3-,MS,MS60249_CSF,GSM4104126_GCGCGATAGGACTGGT-1,0.403518181668626
CXCR3-,MS,MS60249_CSF,GSM4104126_GCGCGATAGTTCGATC-1,-0.09834107806026707
CXCR3+,MS,MS60249_CSF,GSM4104126_GCGCGATCAAACAACA-1,0.11158818785485528
CXCR3+,MS,MS60249_CSF,GSM4104126_GCGCGATTCAGGCCCA-1,0.0367296971558174
CXCR3+,MS,MS60249_CSF,GSM4104126_GCGGGTTCAGCCAGAA-1,-0.09834107806026707
CXCR3+,MS,MS60249_CSF,GSM4104126_GCGGGTTCATGTCCTC-1,-0.09834107806026707
CXCR3-,MS,MS60249_CSF,GSM4104126_GCGGGTTGTCCTAGCG-1,-0.26325786004852764
CXCR3-,MS,MS60249_CSF,GSM4104126_GCGGGTTGTGGTAACG-1,0.39882262587709105
CXCR3+,MS,MS60249_CSF,GSM4104126_GCTCCTAAGTGGAGTC-1,-0.003168232304986894
CXCR3-,MS,MS60249_CSF,GSM4104126_GCTCCTAGTAACGTTC-1,-0.6696943968603788
CXCR3+,MS,MS60249_CSF,GSM4104126_GCTCCTAGTCGAAAGC-1,0.0025132231018314332
CXCR3-,MS,MS60249_CSF,GSM4104126_GCTCCTAGTTATCGGT-1,-0.09834107806026707
CXCR3-,MS,MS60249_CSF,GSM4104126_GCTCCTATCTCCGGTT-1,-0.09834107806026707
CXCR3-,MS,MS60249_CSF,GSM4104126_GCTCTGTCAGTTCCCT-1,0.057194469847252564
CXCR3+,MS,MS60249_CSF,GSM4104126_GCTCTGTCATGACGGA-1,0.19995329159983075
CXCR3-,MS,MS60249_CSF,GSM4104126_GCTGCAGAGGACAGAA-1,-0.09834107806026707
CXCR3-,MS,MS60249_CSF,GSM4104126_GCTGCAGAGTCTCGGC-1,-0.09834107806026707
CXCR3-,MS,MS60249_CSF,GSM4104126_GCTGCAGTCAGCGATT-1,0.3231651548707112
CXCR3-,MS,MS60249_CSF,GSM4104126_GCTGCGACAGCTTCGG-1,-0.09834107806026707
CXCR3-,MS,MS60249_CSF,GSM4104126_GCTGCTTTCATAACCG-1,0.23581416517209758
CXCR3-,MS,MS60249_CSF,GSM4104126_GCTGGGTGTTTGGGCC-1,0.021037669964215158
CXCR3+,MS,MS60249_CSF,GSM4104126_GCTGGGTTCACCATAG-1,-0.09834107806026707
CXCR3-,MS,MS60249_CSF,GSM4104126_GCTGGGTTCTTACCGC-1,-0.09834107806026707
CXCR3-,MS,MS60249_CSF,GSM4104126_GCTTCCACAATACGCT-1,-0.09834107806026707
CXCR3-,MS,MS60249_CSF,GSM4104126_GCTTCCACATGTAGTC-1,-0.09834107806026707
CXCR3+,MS,MS60249_CSF,GSM4104126_GCTTCCAGTAGTGAAT-1,0.3833413750476498
CXCR3-,MS,MS60249_CSF,GSM4104126_GCTTCCATCTTGCCGT-1,-0.09834107806026707
CXCR3-,MS,MS60249_CSF,GSM4104126_GCTTGAAAGAGGGATA-1,-0.3074625066360754
CXCR3+,MS,MS60249_CSF,GSM4104126_GCTTGAAAGAGTCTGG-1,-0.09834107806026707
CXCR3+,MS,MS60249_CSF,GSM4104126_GCTTGAAAGCCTCGTG-1,0.3397739183243657
CXCR3-,MS,MS60249_CSF,GSM4104126_GCTTGAAAGCTGCCCA-1,-0.09834107806026707
CXCR3-,MS,MS60249_CSF,GSM4104126_GGAAAGCAGCCGCCTA-1,-0.09834107806026707
CXCR3+,MS,MS60249_CSF,GSM4104126_GGAAAGCAGCCTCGTG-1,-0.04076931201464317
CXCR3-,MS,MS60249_CSF,GSM4104126_GGAAAGCTCATCGATG-1,-0.4525405510996537
CXCR3-,MS,MS60249_CSF,GSM4104126_GGAACTTAGGTGGGTT-1,-0.2879908005671446
CXCR3-,MS,MS60249_CSF,GSM4104126_GGAACTTGTGCACTTA-1,-0.09834107806026707
CXCR3+,MS,MS60249_CSF,GSM4104126_GGAATAAAGGATGGTC-1,0.14564758703255157
CXCR3-,MS,MS60249_CSF,GSM4104126_GGAATAAAGTAGTGCG-1,-0.09834107806026707
CXCR3-,MS,MS60249_CSF,GSM4104126_GGACAAGCAAACCTAC-1,-0.09834107806026707
CXCR3+,MS,MS60249_CSF,GSM4104126_GGACAAGCAGATTGCT-1,-0.09834107806026707
CXCR3+,MS,MS60249_CSF,GSM4104126_GGACAAGGTGCACGAA-1,-0.09834107806026707
CXCR3+,MS,MS60249_CSF,GSM4104126_GGACAGAAGAATGTTG-1,0.23500036772932367
CXCR3+,MS,MS60249_CSF,GSM4104126_GGACAGAAGGACACCA-1,0.29302548868597483
CXCR3+,MS,MS60249_CSF,GSM4104126_GGACAGAGTACCGCTG-1,0.17054268888919064
CXCR3-,MS,MS60249_CSF,GSM4104126_GGACAGATCTGAGTGT-1,-0.09834107806026707
CXCR3+,MS,MS60249_CSF,GSM4104126_GGACAGATCTTGCAAG-1,0.235208090328485
CXCR3+,MS,MS60249_CSF,GSM4104126_GGACATTTCGGGAGTA-1,0.00402046042035374
CXCR3+,MS,MS60249_CSF,GSM4104126_GGAGCAAAGCTAGCCC-1,-0.4087800849777584
CXCR3-,MS,MS60249_CSF,GSM4104126_GGATGTTTCGCATGGC-1,-0.09834107806026707
CXCR3-,MS,MS60249_CSF,GSM4104126_GGATGTTTCGCGGATC-1,-0.09834107806026707
CXCR3+,MS,MS60249_CSF,GSM4104126_GGATGTTTCTAACTGG-1,-0.22936694816418263
CXCR3-,MS,MS60249_CSF,GSM4104126_GGATTACCAAAGGCGT-1,0.47989845618719157
CXCR3+,MS,MS60249_CSF,GSM4104126_GGCAATTAGATATACG-1,0.203301097672352
CXCR3+,MS,MS60249_CSF,GSM4104126_GGCAATTGTGACCAAG-1,-0.3714890843407585
CXCR3+,MS,MS60249_CSF,GSM4104126_GGCAATTGTGGTAACG-1,-0.2308541900019912
CXCR3-,MS,MS60249_CSF,GSM4104126_GGCAATTTCTTGACGA-1,-0.09834107806026707
CXCR3-,MS,MS60249_CSF,GSM4104126_GGCCGATAGACTTTCG-1,-0.09834107806026707
CXCR3+,MS,MS60249_CSF,GSM4104126_GGCCGATTCTGCAAGT-1,0.29266656919098466
CXCR3+,MS,MS60249_CSF,GSM4104126_GGCGACTAGAGGGATA-1,-0.09834107806026707
CXCR3+,MS,MS60249_CSF,GSM4104126_GGCGACTGTCTGGTCG-1,-0.09834107806026707
CXCR3+,MS,MS60249_CSF,GSM4104126_GGCGTGTCAAGACACG-1,-0.2983168826973441
CXCR3+,MS,MS60249_CSF,GSM4104126_GGCGTGTCACCAGGTC-1,-0.2131385133318264
CXCR3+,MS,MS60249_CSF,GSM4104126_GGCGTGTCAGGCTCAC-1,-0.09834107806026707
CXCR3-,MS,MS60249_CSF,GSM4104126_GGCGTGTGTTGGTTTG-1,-0.09834107806026707
CXCR3+,MS,MS60249_CSF,GSM4104126_GGCTCGACATACTACG-1,-0.19836368420585074
CXCR3+,MS,MS60249_CSF,GSM4104126_GGCTCGATCTATGTGG-1,0.1336591444443269
CXCR3-,MS,MS60249_CSF,GSM4104126_GGCTGGTAGCGTAGTG-1,-0.09834107806026707
CXCR3+,MS,MS60249_CSF,GSM4104126_GGCTGGTAGGACATTA-1,-0.09834107806026707
CXCR3-,MS,MS60249_CSF,GSM4104126_GGCTGGTTCAGGTTCA-1,0.0047016513949609895
CXCR3+,MS,MS60249_CSF,GSM4104126_GGGAATGGTCTAGCCG-1,-0.011018023775985533
CXCR3-,MS,MS60249_CSF,GSM4104126_GGGACCTAGGTGATAT-1,-0.4151979363488953
CXCR3-,MS,MS60249_CSF,GSM4104126_GGGACCTAGGTGATTA-1,-0.09834107806026707
CXCR3-,MS,MS60249_CSF,GSM4104126_GGGACCTAGTGCTGCC-1,-0.09834107806026707
CXCR3+,MS,MS60249_CSF,GSM4104126_GGGACCTCAAGACGTG-1,0.491901864206233
CXCR3+,MS,MS60249_CSF,GSM4104126_GGGACCTCATCCCATC-1,-0.23361192802242145
CXCR3-,MS,MS60249_CSF,GSM4104126_GGGACCTGTTAGAACA-1,-0.09834107806026707
CXCR3-,MS,MS60249_CSF,GSM4104126_GGGAGATTCGGAAATA-1,-0.30446423024901376
CXCR3-,MS,MS60249_CSF,GSM4104126_GGGATGAGTTATCCGA-1,-0.2433701644888539
CXCR3+,MS,MS60249_CSF,GSM4104126_GGGATGATCGGAGGTA-1,-0.11812348085548734
CXCR3-,MS,MS60249_CSF,GSM4104126_GGGCACTAGAAAGTGG-1,-0.09834107806026707
CXCR3-,MS,MS60249_CSF,GSM4104126_GGGCACTAGTGAACGC-1,0.32062804930341154
CXCR3-,MS,MS60249_CSF,GSM4104126_GGGCACTTCAACACCA-1,-0.09834107806026707
CXCR3+,MS,MS60249_CSF,GSM4104126_GGGCATCCACAACTGT-1,0.1651121328468514
CXCR3+,MS,MS60249_CSF,GSM4104126_GGGCATCCATCATCCC-1,0.3872587744356409
CXCR3-,MS,MS60249_CSF,GSM4104126_GGGCATCCATGTTGAC-1,-0.3002142362079934
CXCR3-,MS,MS60249_CSF,GSM4104126_GGGCATCGTAGAAGGA-1,-0.09834107806026707
CXCR3+,MS,MS60249_CSF,GSM4104126_GGGTCTGAGCTAAACA-1,-0.09834107806026707
CXCR3-,MS,MS60249_CSF,GSM4104126_GGGTCTGAGCTCAACT-1,0.1112346058761512
CXCR3-,MS,MS60249_CSF,GSM4104126_GGGTCTGAGGCTACGA-1,-0.08429663756507554
CXCR3+,MS,MS60249_CSF,GSM4104126_GGGTCTGAGGGAGTAA-1,0.15549037233331806
CXCR3+,MS,MS60249_CSF,GSM4104126_GGGTCTGCACGGTGTC-1,-0.3044266430125533
CXCR3-,MS,MS60249_CSF,GSM4104126_GGGTCTGTCAACCATG-1,-0.3083135304572007
CXCR3-,MS,MS60249_CSF,GSM4104126_GGGTCTGTCCAGGGCT-1,-0.09834107806026707
CXCR3+,MS,MS60249_CSF,GSM4104126_GGGTTGCCAGATGGGT-1,-0.09834107806026707
CXCR3+,MS,MS60249_CSF,GSM4104126_GGTATTGCATGCTGGC-1,-0.09834107806026707
CXCR3-,MS,MS60249_CSF,GSM4104126_GGTATTGGTTCACGGC-1,0.25650809172469635
CXCR3+,MS,MS60249_CSF,GSM4104126_GGTATTGTCACTTCAT-1,-0.09834107806026707
CXCR3+,MS,MS60249_CSF,GSM4104126_GGTGAAGTCTCTAGGA-1,0.33448720609389
CXCR3-,MS,MS60249_CSF,GSM4104126_GGTGCGTAGGCTCTTA-1,0.023094686486119155
CXCR3-,MS,MS60249_CSF,GSM4104126_GGTGCGTGTCAAAGAT-1,0.2789683802512998
CXCR3-,MS,MS60249_CSF,GSM4104126_GGTGCGTGTCAATACC-1,0.36090176683250236
CXCR3+,MS,MS60249_CSF,GSM4104126_GGTGCGTTCACAGGCC-1,-0.1924295993481742
CXCR3-,MS,MS60249_CSF,GSM4104126_GGTGCGTTCACAGTAC-1,0.2299164478098359
CXCR3+,MS,MS60249_CSF,GSM4104126_GGTGCGTTCCCTTGTG-1,0.14129665467911595
CXCR3+,MS,MS60249_CSF,GSM4104126_GGTGCGTTCTTCATGT-1,-0.09834107806026707
CXCR3+,MS,MS60249_CSF,GSM4104126_GGTGTTATCATTGCCC-1,-0.09834107806026707
CXCR3+,MS,MS60249_CSF,GSM4104126_GTAACGTCAAGGACTG-1,-0.09834107806026707
CXCR3-,MS,MS60249_CSF,GSM4104126_GTAACGTGTTACAGAA-1,-0.09834107806026707
CXCR3+,MS,MS60249_CSF,GSM4104126_GTAACTGGTCTAAACC-1,-0.09834107806026707
CXCR3+,MS,MS60249_CSF,GSM4104126_GTACGTAAGTTCGCGC-1,0.19522382999864138
CXCR3+,MS,MS60249_CSF,GSM4104126_GTACGTAGTCGTTGTA-1,0.05139005587042927
CXCR3-,MS,MS60249_CSF,GSM4104126_GTACTCCAGAAGATTC-1,-0.09834107806026707
CXCR3-,MS,MS60249_CSF,GSM4104126_GTACTCCAGTTAACGA-1,-0.09834107806026707
CXCR3-,MS,MS60249_CSF,GSM4104126_GTACTCCCAATGACCT-1,-0.09834107806026707
CXCR3-,MS,MS60249_CSF,GSM4104126_GTACTTTCACCAGGTC-1,-0.09834107806026707
CXCR3+,MS,MS60249_CSF,GSM4104126_GTACTTTGTGTAATGA-1,0.033946115433874643
CXCR3-,MS,MS60249_CSF,GSM4104126_GTAGGCCGTTAAAGTG-1,-0.09834107806026707
CXCR3-,MS,MS60249_CSF,GSM4104126_GTAGTCAAGCGCTTAT-1,-0.09834107806026707
CXCR3-,MS,MS60249_CSF,GSM4104126_GTAGTCAAGTCCGTAT-1,-0.09834107806026707
CXCR3+,MS,MS60249_CSF,GSM4104126_GTAGTCAGTATCTGCA-1,-0.09834107806026707
CXCR3-,MS,MS60249_CSF,GSM4104126_GTAGTCATCACGATGT-1,-0.40259272421499454
CXCR3+,MS,MS60249_CSF,GSM4104126_GTAGTCATCAGCAACT-1,-0.07392659127069165
CXCR3+,MS,MS60249_CSF,GSM4104126_GTCAAGTAGCTAGGCA-1,-5.709055849389966e-05
CXCR3-,MS,MS60249_CSF,GSM4104126_GTCAAGTGTCCGCTGA-1,-0.09834107806026707
CXCR3-,MS,MS60249_CSF,GSM4104126_GTCAAGTGTCTCACCT-1,-0.09834107806026707
CXCR3+,MS,MS60249_CSF,GSM4104126_GTCAAGTTCCTCAATT-1,-0.22673361405304257
CXCR3-,MS,MS60249_CSF,GSM4104126_GTCACAAAGAGTGAGA-1,-0.09834107806026707
CXCR3+,MS,MS60249_CSF,GSM4104126_GTCACAAGTTCGTCTC-1,-0.09834107806026707
CXCR3-,MS,MS60249_CSF,GSM4104126_GTCACGGCACAACTGT-1,-0.3240980998594453
CXCR3+,MS,MS60249_CSF,GSM4104126_GTCATTTAGTCGTTTG-1,-0.06670897010687653
CXCR3-,MS,MS60249_CSF,GSM4104126_GTCATTTGTGTTGGGA-1,0.050029665398245285
CXCR3+,MS,MS60249_CSF,GSM4104126_GTCCTCAAGAAGATTC-1,0.06822855626365129
CXCR3+,MS,MS60249_CSF,GSM4104126_GTCCTCACACTGCCAG-1,-0.0609767362520672
CXCR3+,MS,MS60249_CSF,GSM4104126_GTCCTCACATGCTAGT-1,0.48657271345526615
CXCR3+,MS,MS60249_CSF,GSM4104126_GTCCTCAGTAAATGTG-1,-0.09864785430312918
CXCR3+,MS,MS60249_CSF,GSM4104126_GTCCTCATCCAATGGT-1,0.11039023077688813
CXCR3-,MS,MS60249_CSF,GSM4104126_GTCCTCATCCTTTCTC-1,-0.09834107806026707
CXCR3-,MS,MS60249_CSF,GSM4104126_GTCGGGTCACCCAGTG-1,0.1124414274509241
CXCR3+,MS,MS60249_CSF,GSM4104126_GTCGGGTCATAGAAAC-1,-0.10398366051055473
CXCR3+,MS,MS60249_CSF,GSM4104126_GTCGGGTGTCTGCGGT-1,0.04885547743149884
CXCR3-,MS,MS60249_CSF,GSM4104126_GTCGGGTTCGCTTGTC-1,0.057937544826878296
CXCR3+,MS,MS60249_CSF,GSM4104126_GTCGGGTTCTTTACAC-1,-0.1147676385728291
CXCR3-,MS,MS60249_CSF,GSM4104126_GTCTCGTAGATCCCAT-1,-0.09834107806026707
CXCR3-,MS,MS60249_CSF,GSM4104126_GTCTCGTTCCACGACG-1,-0.09834107806026707
CXCR3+,MS,MS60249_CSF,GSM4104126_GTCTCGTTCTGCAGTA-1,0.23783366687925508
CXCR3-,MS,MS60249_CSF,GSM4104126_GTCTTCGCACTAGTAC-1,-0.08397609774977104
CXCR3-,MS,MS60249_CSF,GSM4104126_GTCTTCGCAGGTTTCA-1,0.21059160646052713
CXCR3+,MS,MS60249_CSF,GSM4104126_GTCTTCGTCGATAGAA-1,0.23792850894390077
CXCR3-,MS,MS60249_CSF,GSM4104126_GTGAAGGCAGGCAGTA-1,-0.09834107806026707
CXCR3+,MS,MS60249_CSF,GSM4104126_GTGAAGGGTGAGGCTA-1,0.10328520636253392
CXCR3-,MS,MS60249_CSF,GSM4104126_GTGAAGGTCTAACTTC-1,-0.09834107806026707
CXCR3-,MS,MS60249_CSF,GSM4104126_GTGAAGGTCTGCGGCA-1,-0.09834107806026707
CXCR3-,MS,MS60249_CSF,GSM4104126_GTGCAGCGTGCAGACA-1,-0.09834107806026707
CXCR3-,MS,MS60249_CSF,GSM4104126_GTGCAGCGTGGTACAG-1,-0.09834107806026707
CXCR3+,MS,MS60249_CSF,GSM4104126_GTGCAGCTCGAATGGG-1,-0.09834107806026707
CXCR3-,MS,MS60249_CSF,GSM4104126_GTGCATACACCTGGTG-1,-0.09834107806026707
CXCR3+,MS,MS60249_CSF,GSM4104126_GTGCGGTAGACAAGCC-1,0.6964675537378621
CXCR3-,MS,MS60249_CSF,GSM4104126_GTGCGGTCAGCCAGAA-1,-0.32957475215638005
CXCR3-,MS,MS60249_CSF,GSM4104126_GTGCGGTTCTGAGTGT-1,-0.23455640036572803
CXCR3+,MS,MS60249_CSF,GSM4104126_GTGCTTCCAGTATAAG-1,0.5129585575699952
CXCR3+,MS,MS60249_CSF,GSM4104126_GTGCTTCTCATAGCAC-1,-0.2990013485870561
CXCR3-,MS,MS60249_CSF,GSM4104126_GTGTGCGAGCAGCGTA-1,-0.14547285716166844
CXCR3+,MS,MS60249_CSF,GSM4104126_GTGTGCGCATAGACTC-1,-0.09834107806026707
CXCR3-,MS,MS60249_CSF,GSM4104126_GTGTTAGCATTCTTAC-1,-0.09834107806026707
CXCR3+,MS,MS60249_CSF,GSM4104126_GTGTTAGTCATGCTCC-1,-0.2980334856902681
CXCR3+,MS,MS60249_CSF,GSM4104126_GTGTTAGTCGAATCCA-1,-0.21495538858890514
CXCR3-,MS,MS60249_CSF,GSM4104126_GTTAAGCCACATGTGT-1,0.21161023497632292
CXCR3+,MS,MS60249_CSF,GSM4104126_GTTACAGAGATTACCC-1,-0.012099393306635437
CXCR3+,MS,MS60249_CSF,GSM4104126_GTTACAGTCTGCTGTC-1,-0.11135913257295098
CXCR3-,MS,MS60249_CSF,GSM4104126_GTTCATTCATGCCACG-1,0.263643150650867
CXCR3-,MS,MS60249_CSF,GSM4104126_GTTCATTTCTGCCAGG-1,-0.09834107806026707
CXCR3+,MS,MS60249_CSF,GSM4104126_GTTCGGGAGTAGGCCA-1,-0.15047609478002588
CXCR3+,MS,MS60249_CSF,GSM4104126_GTTCGGGGTATCGCAT-1,0.37214972148360925
CXCR3-,MS,MS60249_CSF,GSM4104126_GTTCGGGTCCGAATGT-1,-0.09834107806026707
CXCR3-,MS,MS60249_CSF,GSM4104126_GTTCTCGAGTCCCACG-1,0.18681016229003755
CXCR3+,MS,MS60249_CSF,GSM4104126_GTTCTCGGTCGTGGCT-1,-0.09834107806026707
CXCR3+,MS,MS60249_CSF,GSM4104126_GTTCTCGGTCTTGATG-1,0.2276119785781276
CXCR3-,MS,MS60249_CSF,GSM4104126_GTTCTCGTCAACGGGA-1,0.26108173591290584
CXCR3+,MS,MS60249_CSF,GSM4104126_GTTTCTAAGCTTATCG-1,-0.22822456471408742
CXCR3-,MS,MS60249_CSF,GSM4104126_GTTTCTAAGTTATCGC-1,-0.09834107806026707
CXCR3-,MS,MS60249_CSF,GSM4104126_GTTTCTACATGGTCTA-1,-0.026361028738624257
CXCR3+,MS,MS60249_CSF,GSM4104126_GTTTCTAGTCTAGTGT-1,0.13220752019582713
CXCR3-,MS,MS60249_CSF,GSM4104126_TAAACCGAGTCGTACT-1,-0.09834107806026707
CXCR3+,MS,MS60249_CSF,GSM4104126_TAAACCGTCAGCTCTC-1,0.05868513222241824
CXCR3+,MS,MS60249_CSF,GSM4104126_TAAGAGAAGCTAGCCC-1,-0.09834107806026707
CXCR3-,MS,MS60249_CSF,GSM4104126_TAAGAGAAGCTAGTTC-1,-0.25199090688701975
CXCR3-,MS,MS60249_CSF,GSM4104126_TAAGAGACAATGTTGC-1,-0.29969204967973606
CXCR3+,MS,MS60249_CSF,GSM4104126_TAAGAGATCTCTTGAT-1,-0.10990964825789776
CXCR3+,MS,MS60249_CSF,GSM4104126_TAAGTGCCAGTTAACC-1,-0.33668682047858584
CXCR3-,MS,MS60249_CSF,GSM4104126_TAAGTGCGTCACCCAG-1,-0.5344303303245634
CXCR3+,MS,MS60249_CSF,GSM4104126_TAAGTGCGTCCGCTGA-1,0.3135993303426872
CXCR3+,MS,MS60249_CSF,GSM4104126_TACACGAGTGCGAAAC-1,0.06654428662684815
CXCR3-,MS,MS60249_CSF,GSM4104126_TACAGTGAGCTCCCAG-1,-0.09834107806026707
CXCR3+,MS,MS60249_CSF,GSM4104126_TACCTATAGGAACTGC-1,-0.09834107806026707
CXCR3-,MS,MS60249_CSF,GSM4104126_TACCTATAGGAATTAC-1,-0.09834107806026707
CXCR3+,MS,MS60249_CSF,GSM4104126_TACCTATCATTTCAGG-1,0.08419147743869355
CXCR3+,MS,MS60249_CSF,GSM4104126_TACCTATTCATGTGGT-1,0.21197352554071397
CXCR3+,MS,MS60249_CSF,GSM4104126_TACCTTATCGAACTGT-1,-0.23027656642478972
CXCR3-,MS,MS60249_CSF,GSM4104126_TACCTTATCGAGCCCA-1,0.0998710722832488
CXCR3-,MS,MS60249_CSF,GSM4104126_TACCTTATCGCCATAA-1,-0.03523750827837572
CXCR3+,MS,MS60249_CSF,GSM4104126_TACGGATCAATAACGA-1,-0.09834107806026707
CXCR3+,MS,MS60249_CSF,GSM4104126_TACGGATGTAGAAAGG-1,0.03093306054894921
CXCR3-,MS,MS60249_CSF,GSM4104126_TACGGATGTTCAGCGC-1,-0.1837324888289345
CXCR3+,MS,MS60249_CSF,GSM4104126_TACGGGCAGGGTGTTG-1,0.24150132960700782
CXCR3-,MS,MS60249_CSF,GSM4104126_TACGGGCGTACATCCA-1,-0.09834107806026707
CXCR3+,MS,MS60249_CSF,GSM4104126_TACGGGCGTCTAACGT-1,-0.09834107806026707
CXCR3+,MS,MS60249_CSF,GSM4104126_TACGGGCGTTATTCTC-1,-0.30902853946521047
CXCR3-,MS,MS60249_CSF,GSM4104126_TACGGGCGTTGTGGAG-1,0.10192518169848573
CXCR3-,MS,MS60249_CSF,GSM4104126_TACGGGCTCTAACCGA-1,0.012568821193467191
CXCR3-,MS,MS60249_CSF,GSM4104126_TACGGTACACCAGATT-1,0.32760849768789957
CXCR3+,MS,MS60249_CSF,GSM4104126_TACGGTAGTAGCGATG-1,-0.09834107806026707
CXCR3-,MS,MS60249_CSF,GSM4104126_TACGGTAGTCCGTCAG-1,-0.2732832694401197
CXCR3+,MS,MS60249_CSF,GSM4104126_TACTCATAGAGGTTGC-1,-0.29395972989554225
CXCR3-,MS,MS60249_CSF,GSM4104126_TACTCATCATTCCTCG-1,0.16373191754335642
CXCR3-,MS,MS60249_CSF,GSM4104126_TACTCATCATTTGCTT-1,-0.844165700020112
CXCR3+,MS,MS60249_CSF,GSM4104126_TACTCATGTTGGTAAA-1,-0.09834107806026707
CXCR3+,MS,MS60249_CSF,GSM4104126_TACTCATTCACGCGGT-1,-0.1875480656144156
CXCR3-,MS,MS60249_CSF,GSM4104126_TACTCGCAGCGTAGTG-1,-0.09834107806026707
CXCR3+,MS,MS60249_CSF,GSM4104126_TACTCGCAGCTAAACA-1,0.1095353310313607
CXCR3-,MS,MS60249_CSF,GSM4104126_TACTCGCGTCTAGGTT-1,0.2814441164485297
CXCR3+,MS,MS60249_CSF,GSM4104126_TACTTACAGAGTACAT-1,0.11325166983802434
CXCR3+,MS,MS60249_CSF,GSM4104126_TACTTACAGCGAAGGG-1,-0.7365360293541771
CXCR3-,MS,MS60249_CSF,GSM4104126_TACTTGTCAGGAATCG-1,0.18734169885225344
CXCR3-,MS,MS60249_CSF,GSM4104126_TACTTGTGTCAATGTC-1,0.32503124558724955
CXCR3+,MS,MS60249_CSF,GSM4104126_TACTTGTTCTTCGGTC-1,0.5000604216724845
CXCR3+,MS,MS60249_CSF,GSM4104126_TAGACCACAAGCCGCT-1,-0.09061320894965418
CXCR3+,MS,MS60249_CSF,GSM4104126_TAGAGCTGTATATCCG-1,-0.05712519637136128
CXCR3-,MS,MS60249_CSF,GSM4104126_TAGAGCTTCAGTCAGT-1,-0.09834107806026707
CXCR3+,MS,MS60249_CSF,GSM4104126_TAGGCATAGATCTGAA-1,0.04300906035637706
CXCR3-,MS,MS60249_CSF,GSM4104126_TAGGCATCAATCTGCA-1,-0.09834107806026707
CXCR3-,MS,MS60249_CSF,GSM4104126_TAGGCATCAGATGGCA-1,-0.09834107806026707
CXCR3-,MS,MS60249_CSF,GSM4104126_TAGGCATGTCCCGACA-1,-0.09834107806026707
CXCR3-,MS,MS60249_CSF,GSM4104126_TAGGCATGTTCGTGAT-1,-0.09834107806026707
CXCR3-,MS,MS60249_CSF,GSM4104126_TAGTGGTAGACTACAA-1,-0.09834107806026707
CXCR3-,MS,MS60249_CSF,GSM4104126_TAGTGGTCATTAGCCA-1,-0.09834107806026707
CXCR3+,MS,MS60249_CSF,GSM4104126_TAGTGGTGTAGCGCTC-1,-0.3918153688546992
CXCR3-,MS,MS60249_CSF,GSM4104126_TAGTTGGAGGGAACGG-1,-0.09834107806026707
CXCR3-,MS,MS60249_CSF,GSM4104126_TAGTTGGCAGACGCAA-1,-0.29823071015250724
CXCR3-,MS,MS60249_CSF,GSM4104126_TAGTTGGGTAAAGGAG-1,-0.19894747148589584
CXCR3-,MS,MS60249_CSF,GSM4104126_TAGTTGGGTCAGAGGT-1,0.37850931911422664
CXCR3+,MS,MS60249_CSF,GSM4104126_TAGTTGGGTCCGACGT-1,0.1261545570601035
CXCR3+,MS,MS60249_CSF,GSM4104126_TAGTTGGGTTATCACG-1,0.11052974137099521
CXCR3-,MS,MS60249_CSF,GSM4104126_TATCAGGAGCGCTCCA-1,0.09948294459935587
CXCR3-,MS,MS60249_CSF,GSM4104126_TATCAGGAGTTCGCGC-1,-0.09834107806026707
CXCR3-,MS,MS60249_CSF,GSM4104126_TATCAGGCACTTCTGC-1,-0.28898612414166536
CXCR3-,MS,MS60249_CSF,GSM4104126_TATCAGGGTTGAGTTC-1,-0.09834107806026707
CXCR3-,MS,MS60249_CSF,GSM4104126_TATCAGGTCACCTCGT-1,-0.09834107806026707
CXCR3-,MS,MS60249_CSF,GSM4104126_TATCAGGTCAGTTGAC-1,0.04201205114243153
CXCR3-,MS,MS60249_CSF,GSM4104126_TATCTCAAGAGCCCAA-1,-0.09834107806026707
CXCR3+,MS,MS60249_CSF,GSM4104126_TATCTCAAGTTACGGG-1,-0.20696214338676983
CXCR3-,MS,MS60249_CSF,GSM4104126_TATCTCACAGACAGGT-1,-0.09834107806026707
CXCR3+,MS,MS60249_CSF,GSM4104126_TATGCCCAGAGAGCTC-1,0.05665883083181089
CXCR3-,MS,MS60249_CSF,GSM4104126_TATGCCCAGCGAGAAA-1,0.15718054096042247
CXCR3-,MS,MS60249_CSF,GSM4104126_TATGCCCCATCCGTGG-1,-0.3077655358144032
CXCR3+,MS,MS60249_CSF,GSM4104126_TATGCCCCATGCCCGA-1,0.39115021151498114
CXCR3+,MS,MS60249_CSF,GSM4104126_TATGCCCGTAGCTTGT-1,-0.19161172707165314
CXCR3-,MS,MS60249_CSF,GSM4104126_TATGCCCTCGACAGCC-1,-0.09834107806026707
CXCR3-,MS,MS60249_CSF,GSM4104126_TATTACCCACTTAACG-1,0.057983905360951625
CXCR3+,MS,MS60249_CSF,GSM4104126_TATTACCTCACCTTAT-1,-0.09834107806026707
CXCR3+,MS,MS60249_CSF,GSM4104126_TCAACGAAGGAGTCTG-1,-0.48657772367298785
CXCR3+,MS,MS60249_CSF,GSM4104126_TCAACGAAGTGAAGAG-1,-0.10517781223004
CXCR3+,MS,MS60249_CSF,GSM4104126_TCAACGAGTATTCGTG-1,-0.09834107806026707
CXCR3+,MS,MS60249_CSF,GSM4104126_TCAACGAGTCCATGAT-1,0.3650645106007036
CXCR3+,MS,MS60249_CSF,GSM4104126_TCAACGAGTGGCCCTA-1,0.2501749829050616
CXCR3-,MS,MS60249_CSF,GSM4104126_TCAACGATCCTCTAGC-1,-0.09834107806026707
CXCR3+,MS,MS60249_CSF,GSM4104126_TCAATCTCAGTCCTTC-1,-0.09834107806026707
CXCR3-,MS,MS60249_CSF,GSM4104126_TCAATCTTCATTGCCC-1,0.21632942194233418
CXCR3-,MS,MS60249_CSF,GSM4104126_TCACGAACAGATCCAT-1,0.18482256949150613
CXCR3+,MS,MS60249_CSF,GSM4104126_TCAGATGCACGACGAA-1,-0.12159214024250845
CXCR3-,MS,MS60249_CSF,GSM4104126_TCAGATGGTACCGGCT-1,-0.09834107806026707
CXCR3-,MS,MS60249_CSF,GSM4104126_TCAGATGTCCTCCTAG-1,0.2439732055788282
CXCR3-,MS,MS60249_CSF,GSM4104126_TCAGCAATCATCATTC-1,-0.09834107806026707
CXCR3-,MS,MS60249_CSF,GSM4104126_TCAGCAATCATGGTCA-1,-0.09834107806026707
CXCR3-,MS,MS60249_CSF,GSM4104126_TCAGCTCCACCTTGTC-1,-0.09834107806026707
CXCR3+,MS,MS60249_CSF,GSM4104126_TCAGCTCCACGGACAA-1,-0.09834107806026707
CXCR3+,MS,MS60249_CSF,GSM4104126_TCAGCTCCACTAGTAC-1,-0.02857555142627147
CXCR3-,MS,MS60249_CSF,GSM4104126_TCAGCTCCAGCTGCAC-1,0.1427426419185725
CXCR3-,MS,MS60249_CSF,GSM4104126_TCAGGATGTAGCCTAT-1,-0.09834107806026707
CXCR3-,MS,MS60249_CSF,GSM4104126_TCAGGATTCCGCTGTT-1,0.3832068836537913
CXCR3-,MS,MS60249_CSF,GSM4104126_TCAGGTAGTTAAGGGC-1,-0.09834107806026707
CXCR3+,MS,MS60249_CSF,GSM4104126_TCATTACGTACCGAGA-1,0.006780896524849684
CXCR3+,MS,MS60249_CSF,GSM4104126_TCATTACTCGCTTGTC-1,0.017338371961284616
CXCR3+,MS,MS60249_CSF,GSM4104126_TCATTTGAGAGACTAT-1,0.20459552127633732
CXCR3-,MS,MS60249_CSF,GSM4104126_TCATTTGCACAACGCC-1,-0.09834107806026707
CXCR3-,MS,MS60249_CSF,GSM4104126_TCATTTGTCGCATGGC-1,-0.09834107806026707
CXCR3+,MS,MS60249_CSF,GSM4104126_TCCCGATAGGATGGTC-1,-0.26292816783144546
CXCR3-,MS,MS60249_CSF,GSM4104126_TCCCGATAGTATTGGA-1,-0.09834107806026707
CXCR3-,MS,MS60249_CSF,GSM4104126_TCCCGATAGTTTAGGA-1,-0.09834107806026707
CXCR3+,MS,MS60249_CSF,GSM4104126_TCGAGGCAGACACGAC-1,-0.28656453699355106
CXCR3-,MS,MS60249_CSF,GSM4104126_TCGAGGCTCACGCATA-1,-0.3203212586144287
CXCR3-,MS,MS60249_CSF,GSM4104126_TCGCGAGAGCGAGAAA-1,-0.09834107806026707
CXCR3-,MS,MS60249_CSF,GSM4104126_TCGCGAGTCGCAAGCC-1,0.12440578533226114
CXCR3+,MS,MS60249_CSF,GSM4104126_TCGCGTTAGATCCCGC-1,-0.09834107806026707
CXCR3-,MS,MS60249_CSF,GSM4104126_TCGCGTTGTATGAAAC-1,-0.2638869943720525
CXCR3-,MS,MS60249_CSF,GSM4104126_TCGCGTTGTTCCATGA-1,-0.09834107806026707
CXCR3-,MS,MS60249_CSF,GSM4104126_TCGTACCAGTGGGCTA-1,-0.6155436038677956
CXCR3+,MS,MS60249_CSF,GSM4104126_TCGTACCGTTCCATGA-1,0.023383433013912932
CXCR3+,MS,MS60249_CSF,GSM4104126_TCGTAGAAGCAGGCTA-1,-0.025462131537540626
CXCR3-,MS,MS60249_CSF,GSM4104126_TCGTAGAAGGTGGGTT-1,-0.09834107806026707
CXCR3-,MS,MS60249_CSF,GSM4104126_TCGTAGACAGCCTTTC-1,-0.09834107806026707
CXCR3+,MS,MS60249_CSF,GSM4104126_TCGTAGACAGTAAGCG-1,-0.30421843198464665
CXCR3+,MS,MS60249_CSF,GSM4104126_TCGTAGACATCGACGC-1,0.1305025372020908
CXCR3-,MS,MS60249_CSF,GSM4104126_TCTATTGGTCCATCCT-1,0.10847767569166188
CXCR3+,MS,MS60249_CSF,GSM4104126_TCTATTGTCTACCAGA-1,0.05709972277212167
CXCR3-,MS,MS60249_CSF,GSM4104126_TCTCATAAGGTACTCT-1,-0.09834107806026707
CXCR3-,MS,MS60249_CSF,GSM4104126_TCTCATACACATCCAA-1,0.3390050094968934
CXCR3+,MS,MS60249_CSF,GSM4104126_TCTCATAGTTCGCTAA-1,-0.09834107806026707
CXCR3+,MS,MS60249_CSF,GSM4104126_TCTCTAAAGCCACGCT-1,-0.09834107806026707
CXCR3+,MS,MS60249_CSF,GSM4104126_TCTCTAAGTAAAGTCA-1,0.17061307392537625
CXCR3-,MS,MS60249_CSF,GSM4104126_TCTCTAAGTGTTGAGG-1,-0.09834107806026707
CXCR3-,MS,MS60249_CSF,GSM4104126_TCTGAGAAGAGGTTAT-1,-0.09834107806026707
CXCR3+,MS,MS60249_CSF,GSM4104126_TCTGAGAAGAGTCGGT-1,0.03283703797260066
CXCR3+,MS,MS60249_CSF,GSM4104126_TCTGAGAAGATGCCTT-1,0.08512159207708637
CXCR3-,MS,MS60249_CSF,GSM4104126_TCTGAGACAGCTGCTG-1,0.011213686148306534
CXCR3-,MS,MS60249_CSF,GSM4104126_TCTGAGATCTGTCAAG-1,-0.0417570932317041
CXCR3-,MS,MS60249_CSF,GSM4104126_TCTGGAAGTAATCGTC-1,-0.09834107806026707
CXCR3-,MS,MS60249_CSF,GSM4104126_TCTGGAAGTTCCCTTG-1,-0.29096655118358655
CXCR3+,MS,MS60249_CSF,GSM4104126_TCTGGAATCCCATTAT-1,0.012071773309245082
CXCR3-,MS,MS60249_CSF,GSM4104126_TCTTCGGCATGCCACG-1,0.6093953752081652
CXCR3-,MS,MS60249_CSF,GSM4104126_TCTTCGGGTCAGAATA-1,-0.09834107806026707
CXCR3-,MS,MS60249_CSF,GSM4104126_TCTTCGGTCTAACTCT-1,-0.09834107806026707
CXCR3+,MS,MS60249_CSF,GSM4104126_TCTTTCCCAAGGTTTC-1,-0.09834107806026707
CXCR3-,MS,MS60249_CSF,GSM4104126_TCTTTCCGTGGGTCAA-1,-0.09834107806026707
CXCR3-,MS,MS60249_CSF,GSM4104126_TGAAAGAGTGCCTTGG-1,0.2222003392590329
CXCR3-,MS,MS60249_CSF,GSM4104126_TGAAAGATCCTCGCAT-1,-0.09834107806026707
CXCR3+,MS,MS60249_CSF,GSM4104126_TGAAAGATCTTCGGTC-1,-0.5773739318172083
CXCR3-,MS,MS60249_CSF,GSM4104126_TGACAACAGAAGGGTA-1,0.18576743119143277
CXCR3-,MS,MS60249_CSF,GSM4104126_TGACAACAGATGTTAG-1,-0.25184449682033677
CXCR3+,MS,MS60249_CSF,GSM4104126_TGACAACAGCAGCGTA-1,0.14810936382885864
CXCR3-,MS,MS60249_CSF,GSM4104126_TGACAACCATCTACGA-1,-0.062421886887743916
CXCR3-,MS,MS60249_CSF,GSM4104126_TGACTAGGTAGGCTGA-1,-0.09834107806026707
CXCR3-,MS,MS60249_CSF,GSM4104126_TGACTTTAGTCCTCCT-1,0.16880678289185597
CXCR3-,MS,MS60249_CSF,GSM4104126_TGACTTTGTTGGTAAA-1,0.6503607835405819
CXCR3+,MS,MS60249_CSF,GSM4104126_TGACTTTTCAGTGCAT-1,0.013766211187670963
CXCR3-,MS,MS60249_CSF,GSM4104126_TGACTTTTCTGCGTAA-1,0.08110567792411814
CXCR3+,MS,MS60249_CSF,GSM4104126_TGACTTTTCTTGTTTG-1,0.5463494015324485
CXCR3-,MS,MS60249_CSF,GSM4104126_TGAGCATCATGTCTCC-1,0.056059521315793545
CXCR3+,MS,MS60249_CSF,GSM4104126_TGAGCATGTCGTCTTC-1,-0.0015715045990385582
CXCR3+,MS,MS60249_CSF,GSM4104126_TGAGCATGTTTGCATG-1,0.4152719052004068
CXCR3+,MS,MS60249_CSF,GSM4104126_TGAGCATTCGGACAAG-1,-0.2969662814770212
CXCR3-,MS,MS60249_CSF,GSM4104126_TGAGCCGCAATGGTCT-1,-0.09834107806026707
CXCR3-,MS,MS60249_CSF,GSM4104126_TGAGCCGTCTTACCTA-1,0.22372915851812297
CXCR3+,MS,MS60249_CSF,GSM4104126_TGAGGGAAGGACGAAA-1,-0.1909224468849128
CXCR3+,MS,MS60249_CSF,GSM4104126_TGAGGGACATGCATGT-1,0.023756666565523766
CXCR3-,MS,MS60249_CSF,GSM4104126_TGATTTCAGTGGACGT-1,-0.09834107806026707
CXCR3+,MS,MS60249_CSF,GSM4104126_TGATTTCCAATGTTGC-1,-0.38285767714989616
CXCR3+,MS,MS60249_CSF,GSM4104126_TGCACCTTCCAGTATG-1,-0.16469309367889853
CXCR3-,MS,MS60249_CSF,GSM4104126_TGCCAAATCGAACGGA-1,-0.09834107806026707
CXCR3+,MS,MS60249_CSF,GSM4104126_TGCCAAATCGGCTTGG-1,0.06215488789420794
CXCR3-,MS,MS60249_CSF,GSM4104126_TGCCAAATCTCGGACG-1,-0.09834107806026707
CXCR3+,MS,MS60249_CSF,GSM4104126_TGCCCATGTGGTACAG-1,0.23835747029546497
CXCR3+,MS,MS60249_CSF,GSM4104126_TGCCCATTCCTCAATT-1,0.21767803445771935
CXCR3+,MS,MS60249_CSF,GSM4104126_TGCCCATTCGGTTAAC-1,0.1294260436588779
CXCR3-,MS,MS60249_CSF,GSM4104126_TGCCCATTCTTGTTTG-1,-0.27815879967062146
CXCR3-,MS,MS60249_CSF,GSM4104126_TGCCCTAAGGAACTGC-1,-0.09834107806026707
CXCR3-,MS,MS60249_CSF,GSM4104126_TGCGCAGCACCACCAG-1,0.36161916293807245
CXCR3-,MS,MS60249_CSF,GSM4104126_TGCGCAGTCAGCACAT-1,-0.09834107806026707
CXCR3+,MS,MS60249_CSF,GSM4104126_TGCGCAGTCCTAGAAC-1,-0.016052492144766856
CXCR3+,MS,MS60249_CSF,GSM4104126_TGCGGGTAGAATCTCC-1,0.3385947588478736
CXCR3+,MS,MS60249_CSF,GSM4104126_TGCGGGTGTCAGGACA-1,-0.06293408495384996
CXCR3+,MS,MS60249_CSF,GSM4104126_TGCGTGGAGAAGATTC-1,-0.09834107806026707
CXCR3+,MS,MS60249_CSF,GSM4104126_TGCGTGGAGTTAGCGG-1,-0.27781450395185125
CXCR3-,MS,MS60249_CSF,GSM4104126_TGCGTGGTCCGCAGTG-1,0.8937678764373274
CXCR3+,MS,MS60249_CSF,GSM4104126_TGCGTGGTCCGTAGGC-1,-0.013057817998865597
CXCR3+,MS,MS60249_CSF,GSM4104126_TGCTACCCACCGCTAG-1,0.03686801285833046
CXCR3-,MS,MS60249_CSF,GSM4104126_TGCTACCCACTCAGGC-1,-0.28414264270736417
CXCR3-,MS,MS60249_CSF,GSM4104126_TGCTACCGTGAACCTT-1,0.06623420750857807
CXCR3-,MS,MS60249_CSF,GSM4104126_TGCTACCTCAACACTG-1,0.31184407344086057
CXCR3+,MS,MS60249_CSF,GSM4104126_TGCTGCTGTATATGAG-1,-0.09834107806026707
CXCR3-,MS,MS60249_CSF,GSM4104126_TGCTGCTGTATATGGA-1,-0.09834107806026707
CXCR3-,MS,MS60249_CSF,GSM4104126_TGCTGCTGTCAAGCGA-1,-0.09834107806026707
CXCR3-,MS,MS60249_CSF,GSM4104126_TGCTGCTGTCTCATCC-1,-0.09834107806026707
CXCR3+,MS,MS60249_CSF,GSM4104126_TGCTGCTGTTGGTAAA-1,-0.05424455732983987
CXCR3-,MS,MS60249_CSF,GSM4104126_TGCTGCTTCCTTAATC-1,-0.09834107806026707
CXCR3+,MS,MS60249_CSF,GSM4104126_TGCTGCTTCGACAGCC-1,-0.12418284271884936
CXCR3-,MS,MS60249_CSF,GSM4104126_TGGACGCCACACCGCA-1,-0.09834107806026707
CXCR3+,MS,MS60249_CSF,GSM4104126_TGGACGCGTCAGATAA-1,-0.0005450239497557677
CXCR3-,MS,MS60249_CSF,GSM4104126_TGGACGCTCTGTGCAA-1,-0.09834107806026707
CXCR3-,MS,MS60249_CSF,GSM4104126_TGGCCAGAGGAGTTTA-1,-0.2990013485870561
CXCR3-,MS,MS60249_CSF,GSM4104126_TGGCCAGGTGCATCTA-1,-0.09834107806026707
CXCR3-,MS,MS60249_CSF,GSM4104126_TGGCCAGTCAGCTCTC-1,-0.29746992648066345
CXCR3+,MS,MS60249_CSF,GSM4104126_TGGCGCAAGAGACTAT-1,-0.3995785632128305
CXCR3-,MS,MS60249_CSF,GSM4104126_TGGCGCAAGTGAACGC-1,0.11066400543518262
CXCR3-,MS,MS60249_CSF,GSM4104126_TGGCTGGGTGTATGGG-1,-0.09834107806026707
CXCR3-,MS,MS60249_CSF,GSM4104126_TGGCTGGGTTTCCACC-1,-0.09834107806026707
CXCR3+,MS,MS60249_CSF,GSM4104126_TGGGAAGGTAAGGATT-1,-0.09834107806026707
CXCR3-,MS,MS60249_CSF,GSM4104126_TGGGCGTCATGTAAGA-1,-0.09834107806026707
CXCR3-,MS,MS60249_CSF,GSM4104126_TGGGCGTGTAAAGTCA-1,-0.464406410730445
CXCR3+,MS,MS60249_CSF,GSM4104126_TGGGCGTGTCCATCCT-1,0.40426711110637603
CXCR3+,MS,MS60249_CSF,GSM4104126_TGGTTAGCAAGTCTAC-1,0.19879542784778298
CXCR3-,MS,MS60249_CSF,GSM4104126_TGGTTAGGTTAGGGTG-1,-0.09834107806026707
CXCR3-,MS,MS60249_CSF,GSM4104126_TGGTTAGTCTGCTTGC-1,-0.12874315465429742
CXCR3-,MS,MS60249_CSF,GSM4104126_TGGTTAGTCTTACCTA-1,-0.2451334962966118
CXCR3+,MS,MS60249_CSF,GSM4104126_TGGTTCCAGAGTAATC-1,0.20758563146298134
CXCR3-,MS,MS60249_CSF,GSM4104126_TGGTTCCCACGGATAG-1,-0.09834107806026707
CXCR3+,MS,MS60249_CSF,GSM4104126_TGGTTCCTCCATTCTA-1,0.08758727518606192
CXCR3-,MS,MS60249_CSF,GSM4104126_TGGTTCCTCCCTGACT-1,0.2553166376007846
CXCR3+,MS,MS60249_CSF,GSM4104126_TGTATTCCAGAGTGTG-1,-0.2039615486358189
CXCR3-,MS,MS60249_CSF,GSM4104126_TGTATTCTCTGTCAAG-1,-0.09834107806026707
CXCR3+,MS,MS60249_CSF,GSM4104126_TGTCCCACACGGCGTT-1,0.26470612515459235
CXCR3-,MS,MS60249_CSF,GSM4104126_TGTCCCACATTCCTGC-1,-0.09834107806026707
CXCR3+,MS,MS60249_CSF,GSM4104126_TGTCCCAGTTAAAGTG-1,-0.09834107806026707
CXCR3-,MS,MS60249_CSF,GSM4104126_TGTGGTATCCAAACTG-1,-0.09834107806026707
CXCR3+,MS,MS60249_CSF,GSM4104126_TGTGTTTAGGCTAGGT-1,-0.3377750535134395
CXCR3-,MS,MS60249_CSF,GSM4104126_TGTGTTTCATCTATGG-1,-0.09834107806026707
CXCR3+,MS,MS60249_CSF,GSM4104126_TGTTCCGAGCCACGCT-1,0.035778202654377325
CXCR3-,MS,MS60249_CSF,GSM4104126_TGTTCCGAGGGTATCG-1,-0.09834107806026707
CXCR3-,MS,MS60249_CSF,GSM4104126_TGTTCCGCAATCACAC-1,-0.09834107806026707
CXCR3+,MS,MS60249_CSF,GSM4104126_TTAACTCGTCTGCCAG-1,0.24863159433326537
CXCR3-,MS,MS60249_CSF,GSM4104126_TTAGGACAGTGAACGC-1,-0.09834107806026707
CXCR3+,MS,MS60249_CSF,GSM4104126_TTAGGACCAATGGAGC-1,-0.2743379329255928
CXCR3+,MS,MS60249_CSF,GSM4104126_TTAGGACGTAGCCTAT-1,-0.09834107806026707
CXCR3-,MS,MS60249_CSF,GSM4104126_TTAGGACTCACCATAG-1,-0.09834107806026707
CXCR3+,MS,MS60249_CSF,GSM4104126_TTAGGCAAGCCTTGAT-1,-0.27372752765158437
CXCR3-,MS,MS60249_CSF,GSM4104126_TTAGTTCTCTGTCAAG-1,0.20549911982099814
CXCR3+,MS,MS60249_CSF,GSM4104126_TTATGCTAGATCGGGT-1,-0.44426971794932907
CXCR3+,MS,MS60249_CSF,GSM4104126_TTATGCTGTTGTACAC-1,-0.22650382325755483
CXCR3+,MS,MS60249_CSF,GSM4104126_TTATGCTTCTCCCTGA-1,-0.3473074526453724
CXCR3+,MS,MS60249_CSF,GSM4104126_TTCCCAGTCATATCGG-1,-0.09834107806026707
CXCR3+,MS,MS60249_CSF,GSM4104126_TTCGAAGCACCAGATT-1,-0.4380768031930513
CXCR3+,MS,MS60249_CSF,GSM4104126_TTCGGTCAGGCTCATT-1,0.1334751493768399
CXCR3+,MS,MS60249_CSF,GSM4104126_TTCGGTCCACACTGCG-1,0.2860718199283209
CXCR3-,MS,MS60249_CSF,GSM4104126_TTCGGTCTCCAGAAGG-1,0.219337177159424
CXCR3-,MS,MS60249_CSF,GSM4104126_TTCTACACATCGGGTC-1,-1.35607502682612
CXCR3+,MS,MS60249_CSF,GSM4104126_TTCTCAATCCAACCAA-1,0.22485501560078466
CXCR3-,MS,MS60249_CSF,GSM4104126_TTCTCAATCTATGTGG-1,0.39295815362705894
CXCR3-,MS,MS60249_CSF,GSM4104126_TTCTCCTAGAAGGCCT-1,0.21019097947464482
CXCR3+,MS,MS60249_CSF,GSM4104126_TTCTCCTTCCCATTAT-1,-0.09834107806026707
CXCR3-,MS,MS60249_CSF,GSM4104126_TTCTTAGAGTTGTAGA-1,-0.09834107806026707
CXCR3+,MS,MS60249_CSF,GSM4104126_TTCTTAGCATCTCGCT-1,-0.3446162538554297
CXCR3-,MS,MS60249_CSF,GSM4104126_TTGAACGCAAGTTCTG-1,-0.09834107806026707
CXCR3+,MS,MS60249_CSF,GSM4104126_TTGAACGCATAGGATA-1,0.2586451518917644
CXCR3+,MS,MS60249_CSF,GSM4104126_TTGAACGGTGAGGGTT-1,-0.2660629355282893
CXCR3+,MS,MS60249_CSF,GSM4104126_TTGACTTAGCCGATTT-1,-0.0016325367382003123
CXCR3-,MS,MS60249_CSF,GSM4104126_TTGACTTAGTCAAGCG-1,-0.09834107806026707
CXCR3+,MS,MS60249_CSF,GSM4104126_TTGACTTGTACTCAAC-1,-0.16211883352310938
CXCR3-,MS,MS60249_CSF,GSM4104126_TTGACTTGTGTGAAAT-1,-0.09834107806026707
CXCR3-,MS,MS60249_CSF,GSM4104126_TTGCCGTAGGTTCCTA-1,-0.09834107806026707
CXCR3-,MS,MS60249_CSF,GSM4104126_TTGCGTCCAGTGAGTG-1,-0.09834107806026707
CXCR3-,MS,MS60249_CSF,GSM4104126_TTGCGTCGTGGTCTCG-1,0.34361972419394393
CXCR3+,MS,MS60249_CSF,GSM4104126_TTGGAACAGATCCTGT-1,0.42755167635461844
CXCR3-,MS,MS60249_CSF,GSM4104126_TTGGAACCACCATGTA-1,-0.6729074572545493
CXCR3+,MS,MS60249_CSF,GSM4104126_TTGGAACTCGTTGCCT-1,-0.23445480636276655
CXCR3-,MS,MS60249_CSF,GSM4104126_TTGGCAAAGGCTATCT-1,0.4104167859003219
CXCR3+,MS,MS60249_CSF,GSM4104126_TTGGCAACAGGTTTCA-1,-0.09834107806026707
CXCR3-,MS,MS60249_CSF,GSM4104126_TTGGCAAGTCACCCAG-1,0.12920100689572273
CXCR3-,MS,MS60249_CSF,GSM4104126_TTGTAGGAGTAATCCC-1,-0.09834107806026707
CXCR3-,MS,MS60249_CSF,GSM4104126_TTGTAGGTCAACGCTA-1,-0.46156919597011503
CXCR3-,MS,MS60249_CSF,GSM4104126_TTGTAGGTCATCACCC-1,0.324675783207205
CXCR3+,MS,MS60249_CSF,GSM4104126_TTTACTGCAAGGTGTG-1,0.2793857309993919
CXCR3+,MS,MS60249_CSF,GSM4104126_TTTACTGCAATAGCAA-1,-0.09834107806026707
CXCR3-,MS,MS60249_CSF,GSM4104126_TTTACTGTCGTGGGAA-1,-0.09834107806026707
CXCR3+,MS,MS60249_CSF,GSM4104126_TTTATGCTCAGCTCTC-1,0.1595824340464885
CXCR3-,MS,MS60249_CSF,GSM4104126_TTTGCGCCATGCCCGA-1,-0.06957970298938546
CXCR3+,MS,MS60249_CSF,GSM4104126_TTTGGTTGTCACCTAA-1,0.3126854023306756
CXCR3-,MS,MS60249_CSF,GSM4104126_TTTGGTTGTCCATCCT-1,-0.2249876023884731
CXCR3-,MS,MS60249_CSF,GSM4104126_TTTGGTTGTTGATTGC-1,-0.09834107806026707
CXCR3-,MS,MS60249_CSF,GSM4104126_TTTGTCAAGTGAACGC-1,-0.2572085411390078
CXCR3+,MS,MS71658_CSF,GSM4104124_AAAGATGTCCTTGCCA-1,0.3515249876819414
CXCR3-,MS,MS71658_CSF,GSM4104124_AACGTTGTCTTGTTTG-1,0.059516961365979136
CXCR3-,MS,MS71658_CSF,GSM4104124_AACTCAGAGGAGCGTT-1,-0.44916461059188334
CXCR3-,MS,MS71658_CSF,GSM4104124_AACTCCCGTGTGTGCC-1,-0.09834107806026707
CXCR3-,MS,MS71658_CSF,GSM4104124_AACTTTCAGAAGGACA-1,-0.09834107806026707
CXCR3+,MS,MS71658_CSF,GSM4104124_AAGACCTAGTGCGTGA-1,-0.09834107806026707
CXCR3-,MS,MS71658_CSF,GSM4104124_AAGACCTCAGGGAGAG-1,0.4855025827187106
CXCR3-,MS,MS71658_CSF,GSM4104124_AAGCCGCGTAGAGCTG-1,-0.09834107806026707
CXCR3+,MS,MS71658_CSF,GSM4104124_AAGGAGCGTCCAGTTA-1,-0.09834107806026707
CXCR3+,MS,MS71658_CSF,GSM4104124_AAGGCAGTCCGGCACA-1,-0.09834107806026707
CXCR3-,MS,MS71658_CSF,GSM4104124_AAGTCTGGTCGTCTTC-1,-0.09834107806026707
CXCR3-,MS,MS71658_CSF,GSM4104124_AATCGGTAGTTGAGAT-1,0.1759367138506483
CXCR3-,MS,MS71658_CSF,GSM4104124_ACACCGGTCCTGTACC-1,0.023639281290649215
CXCR3-,MS,MS71658_CSF,GSM4104124_ACACCGGTCGTTTGCC-1,-0.09834107806026707
CXCR3-,MS,MS71658_CSF,GSM4104124_ACACTGACACTCTGTC-1,-0.03038155851876664
CXCR3-,MS,MS71658_CSF,GSM4104124_ACACTGACACTTAAGC-1,-0.40005179298888943
CXCR3-,MS,MS71658_CSF,GSM4104124_ACAGCCGGTTTACTCT-1,-0.09834107806026707
CXCR3+,MS,MS71658_CSF,GSM4104124_ACAGCTATCGAGAGCA-1,-0.3476231458355394
CXCR3-,MS,MS71658_CSF,GSM4104124_ACATCAGCATCTCCCA-1,-0.09834107806026707
CXCR3-,MS,MS71658_CSF,GSM4104124_ACATCAGTCACCTTAT-1,0.5548217302710609
CXCR3-,MS,MS71658_CSF,GSM4104124_ACATCAGTCTCGCTTG-1,-0.051603931519417716
CXCR3-,MS,MS71658_CSF,GSM4104124_ACATGGTAGCCGATTT-1,-0.09834107806026707
CXCR3-,MS,MS71658_CSF,GSM4104124_ACCAGTATCCGTCAAA-1,-0.09834107806026707
CXCR3+,MS,MS71658_CSF,GSM4104124_ACCGTAATCGACGGAA-1,0.23679655776132086
CXCR3-,MS,MS71658_CSF,GSM4104124_ACCGTAATCGTGGACC-1,-0.09834107806026707
CXCR3-,MS,MS71658_CSF,GSM4104124_ACGAGCCAGATTACCC-1,-0.09834107806026707
CXCR3-,MS,MS71658_CSF,GSM4104124_ACGAGGAGTTGGTAAA-1,-0.09834107806026707
CXCR3-,MS,MS71658_CSF,GSM4104124_ACGCCAGAGCGATCCC-1,-0.09834107806026707
CXCR3-,MS,MS71658_CSF,GSM4104124_ACGCCAGCAGGGTTAG-1,-0.09834107806026707
CXCR3-,MS,MS71658_CSF,GSM4104124_ACGCCAGGTAGCACGA-1,-0.09834107806026707
CXCR3-,MS,MS71658_CSF,GSM4104124_ACGGCCACAGAAGCAC-1,-0.09834107806026707
CXCR3+,MS,MS71658_CSF,GSM4104124_ACGGGTCCACGTAAGG-1,-0.09834107806026707
CXCR3-,MS,MS71658_CSF,GSM4104124_ACGTCAAAGAGTAATC-1,-0.09834107806026707
CXCR3-,MS,MS71658_CSF,GSM4104124_ACTGAACAGATCTGCT-1,0.026618958580544336
CXCR3+,MS,MS71658_CSF,GSM4104124_ACTGAACCAAGAAAGG-1,-0.09834107806026707
CXCR3-,MS,MS71658_CSF,GSM4104124_ACTGAGTCACATCCAA-1,-0.09834107806026707
CXCR3+,MS,MS71658_CSF,GSM4104124_AGAATAGTCCAAGTAC-1,-0.09834107806026707
CXCR3-,MS,MS71658_CSF,GSM4104124_AGAGCTTTCAACGAAA-1,-0.6604378948616495
CXCR3-,MS,MS71658_CSF,GSM4104124_AGAGTGGCATTACCTT-1,-0.09834107806026707
CXCR3-,MS,MS71658_CSF,GSM4104124_AGATCTGAGAACAATC-1,-0.09834107806026707
CXCR3-,MS,MS71658_CSF,GSM4104124_AGCGTATCACGGATAG-1,-0.09834107806026707
CXCR3-,MS,MS71658_CSF,GSM4104124_AGCGTCGCATCCTTGC-1,-0.21245319185975223
CXCR3-,MS,MS71658_CSF,GSM4104124_AGCTCTCCACATCCAA-1,-0.09834107806026707
CXCR3-,MS,MS71658_CSF,GSM4104124_AGGCCGTGTAATCACC-1,-0.09834107806026707
CXCR3-,MS,MS71658_CSF,GSM4104124_AGGCCGTGTACTCAAC-1,-0.09834107806026707
CXCR3+,MS,MS71658_CSF,GSM4104124_AGGCCGTGTTGAGTTC-1,-0.09834107806026707
CXCR3-,MS,MS71658_CSF,GSM4104124_AGGCCGTTCGATGAGG-1,-0.09834107806026707
CXCR3-,MS,MS71658_CSF,GSM4104124_AGGCCGTTCTTGAGGT-1,-0.09834107806026707
CXCR3-,MS,MS71658_CSF,GSM4104124_AGGGTGAGTCATCGGC-1,-0.2805720336834426
CXCR3+,MS,MS71658_CSF,GSM4104124_AGGTCATGTGTCAATC-1,-0.4831956838795768
CXCR3-,MS,MS71658_CSF,GSM4104124_AGGTCATTCCAAACAC-1,-0.09834107806026707
CXCR3-,MS,MS71658_CSF,GSM4104124_AGGTCCGCATAGAAAC-1,0.2303846158332479
CXCR3-,MS,MS71658_CSF,GSM4104124_AGTAGTCCACAGGAGT-1,-0.09834107806026707
CXCR3-,MS,MS71658_CSF,GSM4104124_AGTGGGATCTTGGGTA-1,-0.3827758827204043
CXCR3+,MS,MS71658_CSF,GSM4104124_AGTGTCACATTCTTAC-1,-0.09834107806026707
CXCR3-,MS,MS71658_CSF,GSM4104124_ATCATGGAGGTAAACT-1,0.2142653193848127
CXCR3-,MS,MS71658_CSF,GSM4104124_ATCCGAAGTATTACCG-1,-0.26452203572996796
CXCR3-,MS,MS71658_CSF,GSM4104124_ATCCGAATCACTCTTA-1,-0.09834107806026707
CXCR3-,MS,MS71658_CSF,GSM4104124_ATCCGAATCAGTTGAC-1,-0.09834107806026707
CXCR3-,MS,MS71658_CSF,GSM4104124_ATCTGCCCAGAAGCAC-1,-0.412268689994192
CXCR3-,MS,MS71658_CSF,GSM4104124_ATGAGGGAGACGCTTT-1,0.12597768817347132
CXCR3-,MS,MS71658_CSF,GSM4104124_ATGAGGGTCGCTAGCG-1,-0.31729099302317626
CXCR3-,MS,MS71658_CSF,GSM4104124_ATGCGATAGCGTCTAT-1,0.07770948985548964
CXCR3-,MS,MS71658_CSF,GSM4104124_ATGCGATAGGTACTCT-1,-0.4042650432251573
CXCR3-,MS,MS71658_CSF,GSM4104124_ATGGGAGCACCACGTG-1,-0.09834107806026707
CXCR3-,MS,MS71658_CSF,GSM4104124_ATGGGAGCATTGTGCA-1,-0.09834107806026707
CXCR3+,MS,MS71658_CSF,GSM4104124_ATTCTACAGGCTAGCA-1,-0.09834107806026707
CXCR3-,MS,MS71658_CSF,GSM4104124_ATTCTACCAACGATCT-1,-0.09834107806026707
CXCR3-,MS,MS71658_CSF,GSM4104124_ATTGGTGCAAACGCGA-1,-0.1906968399594799
CXCR3-,MS,MS71658_CSF,GSM4104124_ATTTCTGCATGCCTTC-1,-0.09834107806026707
CXCR3+,MS,MS71658_CSF,GSM4104124_CAACCAAAGACAAAGG-1,-0.14823758137884693
CXCR3-,MS,MS71658_CSF,GSM4104124_CAACCAACACATTTCT-1,-0.09834107806026707
CXCR3-,MS,MS71658_CSF,GSM4104124_CAAGAAAGTGAGGCTA-1,-0.730856853422107
CXCR3+,MS,MS71658_CSF,GSM4104124_CAAGAAATCTGTCCGT-1,-0.5943767658575011
CXCR3-,MS,MS71658_CSF,GSM4104124_CAAGATCCAATCTACG-1,0.8590873745965073
CXCR3-,MS,MS71658_CSF,GSM4104124_CAAGTTGTCGAGGTAG-1,-0.09834107806026707
CXCR3-,MS,MS71658_CSF,GSM4104124_CACACAATCGTCACGG-1,-0.09834107806026707
CXCR3-,MS,MS71658_CSF,GSM4104124_CACATTTCATGGTTGT-1,-0.241929926365714
CXCR3-,MS,MS71658_CSF,GSM4104124_CACCAGGCATACGCCG-1,-0.09834107806026707
CXCR3+,MS,MS71658_CSF,GSM4104124_CACCTTGGTATAAACG-1,-0.09834107806026707
CXCR3+,MS,MS71658_CSF,GSM4104124_CACTCCAGTTGGTAAA-1,-0.218271832360579
CXCR3-,MS,MS71658_CSF,GSM4104124_CACTCCATCCCAAGAT-1,-0.09834107806026707
CXCR3-,MS,MS71658_CSF,GSM4104124_CAGAGAGCATCATCCC-1,-0.32623385030861657
CXCR3-,MS,MS71658_CSF,GSM4104124_CAGAGAGCATGAGCGA-1,0.010756230599811725
CXCR3-,MS,MS71658_CSF,GSM4104124_CAGAGAGGTAAGTGTA-1,-0.09834107806026707
CXCR3-,MS,MS71658_CSF,GSM4104124_CAGATCAAGTCCTCCT-1,0.18279792975403877
CXCR3-,MS,MS71658_CSF,GSM4104124_CAGATCATCCCTAATT-1,-0.09834107806026707
CXCR3-,MS,MS71658_CSF,GSM4104124_CAGCGACCATCGATTG-1,-0.09834107806026707
CXCR3-,MS,MS71658_CSF,GSM4104124_CAGCGACTCGTTTATC-1,-0.09834107806026707
CXCR3-,MS,MS71658_CSF,GSM4104124_CAGCTAAAGAAACGCC-1,-0.3389716310608061
CXCR3-,MS,MS71658_CSF,GSM4104124_CAGCTGGCAGATGGCA-1,-0.09834107806026707
CXCR3-,MS,MS71658_CSF,GSM4104124_CAGGTGCGTGTCTGAT-1,-0.09834107806026707
CXCR3-,MS,MS71658_CSF,GSM4104124_CAGTAACGTCCTCTTG-1,0.48088841467090043
CXCR3-,MS,MS71658_CSF,GSM4104124_CAGTCCTAGACTCGGA-1,-0.2320058976238823
CXCR3-,MS,MS71658_CSF,GSM4104124_CATCAAGAGGAGTAGA-1,0.08145980402305797
CXCR3-,MS,MS71658_CSF,GSM4104124_CATCAGACATGGGACA-1,-0.09834107806026707
CXCR3-,MS,MS71658_CSF,GSM4104124_CATCAGAGTCTCTCGT-1,-0.4645692635657242
CXCR3-,MS,MS71658_CSF,GSM4104124_CATCGAACAGGATCGA-1,-0.09834107806026707
CXCR3-,MS,MS71658_CSF,GSM4104124_CATCGGGGTTCCAACA-1,-0.09834107806026707
CXCR3-,MS,MS71658_CSF,GSM4104124_CATCGGGTCTACGAGT-1,-0.09834107806026707
CXCR3-,MS,MS71658_CSF,GSM4104124_CATGACATCATATCGG-1,-0.09834107806026707
CXCR3+,MS,MS71658_CSF,GSM4104124_CATGCCTCACCATGTA-1,-0.09834107806026707
CXCR3+,MS,MS71658_CSF,GSM4104124_CATGCCTCAGGACGTA-1,-0.09834107806026707
CXCR3+,MS,MS71658_CSF,GSM4104124_CATGCCTTCAGCAACT-1,-0.09834107806026707
CXCR3+,MS,MS71658_CSF,GSM4104124_CATGGCGGTCTCTTTA-1,-0.09834107806026707
CXCR3-,MS,MS71658_CSF,GSM4104124_CATGGCGGTGCGATAG-1,-0.4558327742010943
CXCR3-,MS,MS71658_CSF,GSM4104124_CCACCTACAGGCAGTA-1,0.37789377321247003
CXCR3-,MS,MS71658_CSF,GSM4104124_CCACGGAAGGATGGAA-1,-0.09834107806026707
CXCR3+,MS,MS71658_CSF,GSM4104124_CCACGGATCAACACAC-1,0.2747063194644474
CXCR3-,MS,MS71658_CSF,GSM4104124_CCAGCGAAGCCACTAT-1,-0.09834107806026707
CXCR3-,MS,MS71658_CSF,GSM4104124_CCATTCGTCTCCAGGG-1,-0.7571538699867233
CXCR3-,MS,MS71658_CSF,GSM4104124_CCCAGTTAGCTAAACA-1,0.2542023281327993
CXCR3-,MS,MS71658_CSF,GSM4104124_CCCAGTTAGTGGGCTA-1,0.11810651209996206
CXCR3-,MS,MS71658_CSF,GSM4104124_CCCAGTTGTGGGTATG-1,-0.23455640036572803
CXCR3+,MS,MS71658_CSF,GSM4104124_CCCTCCTGTTCGTTGA-1,-0.09834107806026707
CXCR3-,MS,MS71658_CSF,GSM4104124_CCGGGATAGATCACGG-1,-0.09834107806026707
CXCR3-,MS,MS71658_CSF,GSM4104124_CCGTACTAGGCCCGTT-1,0.1547528784158238
CXCR3-,MS,MS71658_CSF,GSM4104124_CCGTACTAGTGGTCCC-1,-0.09834107806026707
CXCR3+,MS,MS71658_CSF,GSM4104124_CCGTTCATCTTCCTTC-1,-0.09834107806026707
CXCR3-,MS,MS71658_CSF,GSM4104124_CCTAAAGTCATGCAAC-1,-0.09834107806026707
CXCR3+,MS,MS71658_CSF,GSM4104124_CCTACCAGTAGAGCTG-1,0.6161037192020933
CXCR3-,MS,MS71658_CSF,GSM4104124_CCTAGCTTCAGTCAGT-1,-0.16609857425179603
CXCR3-,MS,MS71658_CSF,GSM4104124_CCTTACGCAAACAACA-1,0.1645155471326612
CXCR3+,MS,MS71658_CSF,GSM4104124_CCTTTCTCAAGAGGCT-1,-0.09834107806026707
CXCR3-,MS,MS71658_CSF,GSM4104124_CCTTTCTGTTCCATGA-1,0.16238437689217383
CXCR3+,MS,MS71658_CSF,GSM4104124_CGAATGTAGTATGACA-1,-0.09834107806026707
CXCR3-,MS,MS71658_CSF,GSM4104124_CGACCTTGTCTCTTAT-1,-0.09834107806026707
CXCR3-,MS,MS71658_CSF,GSM4104124_CGACTTCTCCTGCTTG-1,-0.09834107806026707
CXCR3+,MS,MS71658_CSF,GSM4104124_CGATGGCAGTGAAGTT-1,-0.09834107806026707
CXCR3+,MS,MS71658_CSF,GSM4104124_CGATGTAGTGTGCGTC-1,-0.36147113504400336
CXCR3+,MS,MS71658_CSF,GSM4104124_CGCTATCAGCCTTGAT-1,0.20571610915597446
CXCR3-,MS,MS71658_CSF,GSM4104124_CGCTATCTCACCTCGT-1,0.09920400196024448
CXCR3-,MS,MS71658_CSF,GSM4104124_CGCTTCATCAGCCTAA-1,-0.2817643526680491
CXCR3-,MS,MS71658_CSF,GSM4104124_CGGACACTCGTCACGG-1,0.2236316263056734
CXCR3-,MS,MS71658_CSF,GSM4104124_CGGACGTAGGTGCAAC-1,0.2466806606471282
CXCR3-,MS,MS71658_CSF,GSM4104124_CGGACTGTCATGTAGC-1,-0.09834107806026707
CXCR3+,MS,MS71658_CSF,GSM4104124_CGGAGTCCACCAGCAC-1,0.18051256605697502
CXCR3-,MS,MS71658_CSF,GSM4104124_CGGGTCAGTAGATTAG-1,-0.09834107806026707
CXCR3-,MS,MS71658_CSF,GSM4104124_CGGTTAAAGAGACTAT-1,-0.09834107806026707
CXCR3-,MS,MS71658_CSF,GSM4104124_CGTCACTAGCACCGTC-1,-0.09834107806026707
CXCR3-,MS,MS71658_CSF,GSM4104124_CGTCACTCAGGCGATA-1,-0.24724680817171032
CXCR3+,MS,MS71658_CSF,GSM4104124_CGTCAGGCATACTACG-1,-0.09834107806026707
CXCR3-,MS,MS71658_CSF,GSM4104124_CGTCTACTCAGTCCCT-1,-0.09834107806026707
CXCR3-,MS,MS71658_CSF,GSM4104124_CGTGAGCGTGGCAAAC-1,-0.3299988114087534
CXCR3+,MS,MS71658_CSF,GSM4104124_CGTGTAAAGTCCCACG-1,0.2775272432680064
CXCR3-,MS,MS71658_CSF,GSM4104124_CGTGTCTAGGTAGCCA-1,-0.09834107806026707
CXCR3+,MS,MS71658_CSF,GSM4104124_CTAACTTCACCCATTC-1,0.19679920345174856
CXCR3-,MS,MS71658_CSF,GSM4104124_CTACATTCACCCATTC-1,0.6095538381380787
CXCR3-,MS,MS71658_CSF,GSM4104124_CTACATTCATCTATGG-1,0.24492142125830768
CXCR3+,MS,MS71658_CSF,GSM4104124_CTACCCACATGCAATC-1,-0.09834107806026707
CXCR3-,MS,MS71658_CSF,GSM4104124_CTAGCCTAGTATCGAA-1,0.19582844341431432
CXCR3-,MS,MS71658_CSF,GSM4104124_CTCATTACACTCTGTC-1,-0.18580179541893757
CXCR3-,MS,MS71658_CSF,GSM4104124_CTCATTAGTTATCACG-1,-0.02128040289913724
CXCR3-,MS,MS71658_CSF,GSM4104124_CTCCTAGTCCCATTAT-1,-0.28789802996108743
CXCR3+,MS,MS71658_CSF,GSM4104124_CTCGAGGAGACCCACC-1,0.3184880976802558
CXCR3-,MS,MS71658_CSF,GSM4104124_CTCGGAGAGGGAACGG-1,-0.09834107806026707
CXCR3+,MS,MS71658_CSF,GSM4104124_CTCGGAGCAAGCTGTT-1,-0.30282005879571994
CXCR3-,MS,MS71658_CSF,GSM4104124_CTCGTCATCTGATTCT-1,0.48136931093376617
CXCR3-,MS,MS71658_CSF,GSM4104124_CTCTGGTAGCGAGAAA-1,-0.09834107806026707
CXCR3-,MS,MS71658_CSF,GSM4104124_CTGAAGTAGGTACTCT-1,-0.09834107806026707
CXCR3+,MS,MS71658_CSF,GSM4104124_CTGATAGGTAAGAGAG-1,-0.3418423438178316
CXCR3-,MS,MS71658_CSF,GSM4104124_CTGCTGTCAATGTAAG-1,-0.20355143167669557
CXCR3+,MS,MS71658_CSF,GSM4104124_CTGGTCTAGCGATTCT-1,0.21542448520105142
CXCR3+,MS,MS71658_CSF,GSM4104124_CTGGTCTCACCCTATC-1,0.04513249870746742
CXCR3+,MS,MS71658_CSF,GSM4104124_CTGGTCTGTTAAGGGC-1,0.18879243692837608
CXCR3-,MS,MS71658_CSF,GSM4104124_CTGTTTACAATAGAGT-1,-0.09834107806026707
CXCR3-,MS,MS71658_CSF,GSM4104124_CTTAACTGTCCAACTA-1,0.2923279292644949
CXCR3-,MS,MS71658_CSF,GSM4104124_CTTAACTTCCTCAACC-1,-0.09834107806026707
CXCR3+,MS,MS71658_CSF,GSM4104124_CTTACCGCAGGCTCAC-1,-0.09834107806026707
CXCR3-,MS,MS71658_CSF,GSM4104124_CTTAGGAGTGTTAAGA-1,0.2690081153466482
CXCR3-,MS,MS71658_CSF,GSM4104124_CTTGGCTCACAACTGT-1,-0.09834107806026707
CXCR3-,MS,MS71658_CSF,GSM4104124_CTTTGCGAGCCCGAAA-1,0.03316026979403933
CXCR3-,MS,MS71658_CSF,GSM4104124_GAAACTCCAACGATGG-1,-0.6153069462569528
CXCR3+,MS,MS71658_CSF,GSM4104124_GAACATCAGGATGGAA-1,-0.09834107806026707
CXCR3-,MS,MS71658_CSF,GSM4104124_GAACATCTCCGTTGCT-1,-0.09834107806026707
CXCR3-,MS,MS71658_CSF,GSM4104124_GAACGGATCTTGTACT-1,-0.09834107806026707
CXCR3-,MS,MS71658_CSF,GSM4104124_GAAGCAGTCAAAGTAG-1,-0.09834107806026707
CXCR3-,MS,MS71658_CSF,GSM4104124_GAATAAGCAGTACACT-1,-0.09824700851202184
CXCR3-,MS,MS71658_CSF,GSM4104124_GACACGCAGGTAGCTG-1,-0.4307708477067949
CXCR3+,MS,MS71658_CSF,GSM4104124_GACAGAGCACAGGTTT-1,-0.09834107806026707
CXCR3-,MS,MS71658_CSF,GSM4104124_GACAGAGCAGCCACCA-1,0.12622798896073956
CXCR3+,MS,MS71658_CSF,GSM4104124_GACAGAGGTGTTCGAT-1,0.1420308421646203
CXCR3-,MS,MS71658_CSF,GSM4104124_GACCTGGAGTCGATAA-1,-0.3068077992622849
CXCR3-,MS,MS71658_CSF,GSM4104124_GACGTGCAGCTAAACA-1,-0.09834107806026707
CXCR3-,MS,MS71658_CSF,GSM4104124_GACGTGCGTGGTCTCG-1,-0.27700343531315513
CXCR3-,MS,MS71658_CSF,GSM4104124_GACGTGCTCTCCGGTT-1,-0.09834107806026707
CXCR3-,MS,MS71658_CSF,GSM4104124_GACGTTAGTGCTAGCC-1,-0.09834107806026707
CXCR3-,MS,MS71658_CSF,GSM4104124_GACTAACCAGACGCTC-1,0.1260323905206363
CXCR3-,MS,MS71658_CSF,GSM4104124_GACTAACCAGATAATG-1,-0.09834107806026707
CXCR3-,MS,MS71658_CSF,GSM4104124_GACTACAAGAAACGCC-1,-0.09834107806026707
CXCR3-,MS,MS71658_CSF,GSM4104124_GACTGCGTCAAACCGT-1,0.5572778584150828
CXCR3-,MS,MS71658_CSF,GSM4104124_GAGTCCGTCATAACCG-1,0.24703166350752656
CXCR3-,MS,MS71658_CSF,GSM4104124_GATCGCGAGAAACCGC-1,0.10578116888241987
CXCR3+,MS,MS71658_CSF,GSM4104124_GATCGCGAGACGCACA-1,0.11729991552696728
CXCR3+,MS,MS71658_CSF,GSM4104124_GATCGTAGTCGAATCT-1,-0.6721910041412483
CXCR3-,MS,MS71658_CSF,GSM4104124_GATGAAACAATGGAAT-1,-0.09834107806026707
CXCR3+,MS,MS71658_CSF,GSM4104124_GATGAAAGTGTAACGG-1,-0.09834107806026707
CXCR3-,MS,MS71658_CSF,GSM4104124_GATGAAATCGTCCAGG-1,-0.09834107806026707
CXCR3-,MS,MS71658_CSF,GSM4104124_GATGAGGGTAAGTAGT-1,0.25506271766338234
CXCR3+,MS,MS71658_CSF,GSM4104124_GATGCTAAGGTGATTA-1,-0.09834107806026707
CXCR3-,MS,MS71658_CSF,GSM4104124_GCAAACTGTAGCCTAT-1,-0.09834107806026707
CXCR3-,MS,MS71658_CSF,GSM4104124_GCAATCACAAGACACG-1,-0.09834107806026707
CXCR3-,MS,MS71658_CSF,GSM4104124_GCAATCATCGTAGGTT-1,0.270693873485383
CXCR3-,MS,MS71658_CSF,GSM4104124_GCATGCGAGAACAACT-1,-0.09834107806026707
CXCR3-,MS,MS71658_CSF,GSM4104124_GCGCAGTTCGTTTAGG-1,-0.2341162325411728
CXCR3-,MS,MS71658_CSF,GSM4104124_GCGCCAAAGAAGCCCA-1,-0.5160466050338465
CXCR3-,MS,MS71658_CSF,GSM4104124_GCGCGATAGTCGTTTG-1,0.20749072402072682
CXCR3+,MS,MS71658_CSF,GSM4104124_GCGGGTTGTGATGTCT-1,-0.4846296835032585
CXCR3-,MS,MS71658_CSF,GSM4104124_GCTGCTTTCGGACAAG-1,-0.30720260884535594
CXCR3-,MS,MS71658_CSF,GSM4104124_GCTGGGTGTTCCAACA-1,-0.09834107806026707
CXCR3-,MS,MS71658_CSF,GSM4104124_GCTTCCAAGTGTTGAA-1,-0.3906634727871732
CXCR3+,MS,MS71658_CSF,GSM4104124_GGAAAGCAGTTTGCGT-1,-0.24391588652373258
CXCR3-,MS,MS71658_CSF,GSM4104124_GGAAAGCTCCAAGCCG-1,-0.2867167563877738
CXCR3-,MS,MS71658_CSF,GSM4104124_GGACAAGGTAGCCTCG-1,-0.09834107806026707
CXCR3+,MS,MS71658_CSF,GSM4104124_GGACAGATCTATGTGG-1,-0.09834107806026707
CXCR3+,MS,MS71658_CSF,GSM4104124_GGACATTAGCCGATTT-1,-0.09834107806026707
CXCR3-,MS,MS71658_CSF,GSM4104124_GGACGTCCATCTGGTA-1,-0.09834107806026707
CXCR3+,MS,MS71658_CSF,GSM4104124_GGACGTCGTGAAATCA-1,-0.4602090450626345
CXCR3+,MS,MS71658_CSF,GSM4104124_GGATGTTAGCTAGTTC-1,0.11311318058880472
CXCR3-,MS,MS71658_CSF,GSM4104124_GGCAATTCATAAGACA-1,0.417975380012011
CXCR3-,MS,MS71658_CSF,GSM4104124_GGCCGATAGAGTACCG-1,-0.09834107806026707
CXCR3-,MS,MS71658_CSF,GSM4104124_GGCCGATGTGAGGGAG-1,0.10531417782790546
CXCR3+,MS,MS71658_CSF,GSM4104124_GGCTCGAAGTATTGGA-1,-0.21557963045468778
CXCR3-,MS,MS71658_CSF,GSM4104124_GGGAATGAGGTACTCT-1,-0.05826644582112909
CXCR3-,MS,MS71658_CSF,GSM4104124_GGGAGATGTAAATACG-1,-0.09834107806026707
CXCR3-,MS,MS71658_CSF,GSM4104124_GGGCATCGTCTTGCGG-1,-0.09834107806026707
CXCR3-,MS,MS71658_CSF,GSM4104124_GGGCATCTCACGACTA-1,-0.09834107806026707
CXCR3-,MS,MS71658_CSF,GSM4104124_GGTGAAGAGAACAATC-1,-0.09834107806026707
CXCR3-,MS,MS71658_CSF,GSM4104124_GGTGCGTAGACTTGAA-1,-0.4753776664781261
CXCR3-,MS,MS71658_CSF,GSM4104124_GGTGCGTCATTCCTCG-1,0.15068888405340664
CXCR3-,MS,MS71658_CSF,GSM4104124_GTAACGTGTTGACGTT-1,-0.09834107806026707
CXCR3+,MS,MS71658_CSF,GSM4104124_GTACTCCAGGTGCTTT-1,-0.4156391743897321
CXCR3-,MS,MS71658_CSF,GSM4104124_GTACTCCCAGCCACCA-1,-0.09834107806026707
CXCR3-,MS,MS71658_CSF,GSM4104124_GTAGGCCTCCCGACTT-1,-0.09834107806026707
CXCR3+,MS,MS71658_CSF,GSM4104124_GTAGTCAAGAGGGCTT-1,-0.6943113978774866
CXCR3-,MS,MS71658_CSF,GSM4104124_GTATTCTGTCCGAGTC-1,0.07417832355794894
CXCR3+,MS,MS71658_CSF,GSM4104124_GTCAAGTGTGCAGTAG-1,-0.09834107806026707
CXCR3-,MS,MS71658_CSF,GSM4104124_GTCGTAATCGAATCCA-1,-0.09834107806026707
CXCR3-,MS,MS71658_CSF,GSM4104124_GTGCAGCCACCGGAAA-1,-0.0009829485274818037
CXCR3-,MS,MS71658_CSF,GSM4104124_GTGCTTCGTCTGGTCG-1,-0.09834107806026707
CXCR3-,MS,MS71658_CSF,GSM4104124_GTGTGCGAGAAGGGTA-1,-0.24732847526622254
CXCR3+,MS,MS71658_CSF,GSM4104124_GTGTGCGGTAATAGCA-1,-0.09834107806026707
CXCR3-,MS,MS71658_CSF,GSM4104124_GTGTGCGGTCTGCAAT-1,0.691310916874525
CXCR3-,MS,MS71658_CSF,GSM4104124_GTTAAGCCAAGCTGAG-1,-0.09834107806026707
CXCR3-,MS,MS71658_CSF,GSM4104124_GTTACAGAGCTACCGC-1,-0.09834107806026707
CXCR3-,MS,MS71658_CSF,GSM4104124_GTTCATTCAAGAGGCT-1,0.3256682176188872
CXCR3-,MS,MS71658_CSF,GSM4104124_GTTCGGGGTTTAAGCC-1,-0.09834107806026707
CXCR3-,MS,MS71658_CSF,GSM4104124_TAAACCGGTGGGTCAA-1,-0.2601312690896097
CXCR3+,MS,MS71658_CSF,GSM4104124_TAAACCGTCTCCTATA-1,-0.4835965747498969
CXCR3-,MS,MS71658_CSF,GSM4104124_TAAGCGTCACCTTGTC-1,-0.35938792047249846
CXCR3+,MS,MS71658_CSF,GSM4104124_TAAGCGTCATGGTCAT-1,-0.09834107806026707
CXCR3+,MS,MS71658_CSF,GSM4104124_TAAGTGCGTCATGCCG-1,-0.09834107806026707
CXCR3-,MS,MS71658_CSF,GSM4104124_TACACGAGTCGGCATC-1,0.1403884876542641
CXCR3-,MS,MS71658_CSF,GSM4104124_TACCTTAGTTTGACTG-1,0.2621176233091569
CXCR3-,MS,MS71658_CSF,GSM4104124_TACGGATAGCGTTTAC-1,-0.09834107806026707
CXCR3-,MS,MS71658_CSF,GSM4104124_TACGGGCTCACCTCGT-1,-0.09834107806026707
CXCR3-,MS,MS71658_CSF,GSM4104124_TACGGTATCTCTAGGA-1,0.5040365583044213
CXCR3-,MS,MS71658_CSF,GSM4104124_TACTCGCGTCTTGTCC-1,-0.09834107806026707
CXCR3-,MS,MS71658_CSF,GSM4104124_TACTCGCGTTGCTCCT-1,-0.09834107806026707
CXCR3-,MS,MS71658_CSF,GSM4104124_TACTTGTGTGTGAAAT-1,0.2640965571077031
CXCR3+,MS,MS71658_CSF,GSM4104124_TAGAGCTAGCGTGTCC-1,-0.09834107806026707
CXCR3+,MS,MS71658_CSF,GSM4104124_TAGTGGTAGTTGTCGT-1,-0.4619380211984613
CXCR3-,MS,MS71658_CSF,GSM4104124_TATCTCAAGTGTACTC-1,-0.09834107806026707
CXCR3-,MS,MS71658_CSF,GSM4104124_TATCTCAGTTACCGAT-1,-0.09834107806026707
CXCR3-,MS,MS71658_CSF,GSM4104124_TATGCCCGTTGCGTTA-1,-0.09834107806026707
CXCR3-,MS,MS71658_CSF,GSM4104124_TCAATCTTCCATGAGT-1,-0.09834107806026707
CXCR3+,MS,MS71658_CSF,GSM4104124_TCATTTGAGTCAAGCG-1,-0.09834107806026707
CXCR3+,MS,MS71658_CSF,GSM4104124_TCATTTGTCTATCCCG-1,-0.36480425068867955
CXCR3-,MS,MS71658_CSF,GSM4104124_TCGCGAGCAATCTGCA-1,-0.09834107806026707
CXCR3-,MS,MS71658_CSF,GSM4104124_TCGCGTTCAGCGTTCG-1,-0.09834107806026707
CXCR3+,MS,MS71658_CSF,GSM4104124_TCGGGACCAAAGCGGT-1,-0.2986506853406484
CXCR3-,MS,MS71658_CSF,GSM4104124_TCGGGACCATCTCCCA-1,-0.09834107806026707
CXCR3-,MS,MS71658_CSF,GSM4104124_TCGGGACCATGCTGGC-1,-0.2821054370228847
CXCR3-,MS,MS71658_CSF,GSM4104124_TCGTACCAGCTGTCTA-1,-0.34290537752431305
CXCR3-,MS,MS71658_CSF,GSM4104124_TCGTAGACACGAAATA-1,-0.09834107806026707
CXCR3-,MS,MS71658_CSF,GSM4104124_TCTATTGAGACGCTTT-1,0.23586724345389462
CXCR3-,MS,MS71658_CSF,GSM4104124_TCTATTGGTGCAACTT-1,-0.09834107806026707
CXCR3+,MS,MS71658_CSF,GSM4104124_TCTCATAGTGCACGAA-1,-0.09834107806026707
CXCR3-,MS,MS71658_CSF,GSM4104124_TCTGGAATCAGGCGAA-1,-0.23972269967598772
CXCR3-,MS,MS71658_CSF,GSM4104124_TCTTCGGAGTGACTCT-1,-0.09834107806026707
CXCR3+,MS,MS71658_CSF,GSM4104124_TGAAAGATCTTGTTTG-1,-0.09834107806026707
CXCR3-,MS,MS71658_CSF,GSM4104124_TGACGGCAGTGCCAGA-1,-0.3476231458355394
CXCR3-,MS,MS71658_CSF,GSM4104124_TGACGGCAGTTACGGG-1,0.1262160125462865
CXCR3-,MS,MS71658_CSF,GSM4104124_TGACTAGCAATAGCGG-1,-0.09834107806026707
CXCR3-,MS,MS71658_CSF,GSM4104124_TGACTAGTCCAAACAC-1,-0.2923431480433508
CXCR3-,MS,MS71658_CSF,GSM4104124_TGACTTTTCGGGAGTA-1,-0.09834107806026707
CXCR3-,MS,MS71658_CSF,GSM4104124_TGAGCCGAGAAACGAG-1,-0.09834107806026707
CXCR3-,MS,MS71658_CSF,GSM4104124_TGAGGGAGTGCTTCTC-1,-0.09834107806026707
CXCR3-,MS,MS71658_CSF,GSM4104124_TGATTTCAGTGAATTG-1,-0.09834107806026707
CXCR3-,MS,MS71658_CSF,GSM4104124_TGATTTCTCCTAGTGA-1,-0.3616765235095936
CXCR3+,MS,MS71658_CSF,GSM4104124_TGCACCTCAAGCGCTC-1,-0.4089798924746532
CXCR3-,MS,MS71658_CSF,GSM4104124_TGCCAAACACCTATCC-1,-0.3873039919032614
CXCR3-,MS,MS71658_CSF,GSM4104124_TGCCCTACAGTCACTA-1,0.28963614206949934
CXCR3-,MS,MS71658_CSF,GSM4104124_TGCGGGTCATGACGGA-1,-0.09834107806026707
CXCR3-,MS,MS71658_CSF,GSM4104124_TGCGGGTGTCTCCATC-1,-0.25476977225727143
CXCR3-,MS,MS71658_CSF,GSM4104124_TGCTACCGTACAGTGG-1,-0.5734325324623892
CXCR3-,MS,MS71658_CSF,GSM4104124_TGCTACCTCATGTGGT-1,-0.09834107806026707
CXCR3-,MS,MS71658_CSF,GSM4104124_TGGACGCCATTCCTGC-1,-0.09834107806026707
CXCR3+,MS,MS71658_CSF,GSM4104124_TGGACGCGTGATGATA-1,-0.25416725056956463
CXCR3-,MS,MS71658_CSF,GSM4104124_TGGCGCAAGAAGAAGC-1,-0.09834107806026707
CXCR3-,MS,MS71658_CSF,GSM4104124_TGGCTGGAGTGTTTGC-1,-0.21201110190495878
CXCR3-,MS,MS71658_CSF,GSM4104124_TGGCTGGCAGATCGGA-1,-0.09834107806026707
CXCR3-,MS,MS71658_CSF,GSM4104124_TGTATTCTCAGGCCCA-1,-0.09834107806026707
CXCR3-,MS,MS71658_CSF,GSM4104124_TGTTCCGGTTACAGAA-1,-0.09834107806026707
CXCR3-,MS,MS71658_CSF,GSM4104124_TTAACTCTCAGCGACC-1,-0.09834107806026707
CXCR3-,MS,MS71658_CSF,GSM4104124_TTAGTTCAGAGCAATT-1,0.354827258037666
CXCR3+,MS,MS71658_CSF,GSM4104124_TTCGAAGCATGTTGAC-1,-0.40709370002415224
CXCR3-,MS,MS71658_CSF,GSM4104124_TTCTCCTGTCCCTTGT-1,-0.09834107806026707
CXCR3-,MS,MS71658_CSF,GSM4104124_TTGCGTCAGTTGAGTA-1,-0.09834107806026707
CXCR3+,MS,MS71658_CSF,GSM4104124_TTGGAACTCGTATCAG-1,-0.09834107806026707
CXCR3-,MS,MS71658_CSF,GSM4104124_TTGGCAAGTCGTCTTC-1,-0.09834107806026707
CXCR3-,MS,MS71658_CSF,GSM4104124_TTGGCAATCCGGGTGT-1,-0.2584915982339469
CXCR3-,MS,MS71658_CSF,GSM4104124_TTGTAGGGTAGAGTGC-1,-0.09834107806026707
CXCR3-,MS,MS71658_CSF,GSM4104124_TTTCCTCAGTGAAGTT-1,-0.09834107806026707
CXCR3-,MS,MS71658_CSF,GSM4104124_TTTGCGCGTTCTCATT-1,0.36339763643642786
CXCR3-,MS,MS71658_CSF,GSM4104124_TTTGGTTCAGTCGATT-1,-0.09834107806026707
CXCR3+,MS,MS71658_CSF,GSM4104124_TTTGTCATCCTCGCAT-1,-0.6532806871658289
CXCR3-,MS,MS71658_CSF,GSM4104124_TTTGTCATCGTCTGCT-1,0.19556321270815316
CXCR3-,MS,MS74594_CSF,GSM4104127_AACACGTCACTTACGA-1,-0.263974838068001
CXCR3+,MS,MS74594_CSF,GSM4104127_AACTCAGCATGGTCTA-1,-0.2569443537140078
CXCR3-,MS,MS74594_CSF,GSM4104127_AAGGCAGTCAGATAAG-1,0.014987013003581724
CXCR3-,MS,MS74594_CSF,GSM4104127_AATCGGTCACAGCCCA-1,-0.19407221200072605
CXCR3-,MS,MS74594_CSF,GSM4104127_ACACCCTCATATGGTC-1,-0.09834107806026707
CXCR3-,MS,MS74594_CSF,GSM4104127_ACAGCTATCCGCATAA-1,-0.09834107806026707
CXCR3-,MS,MS74594_CSF,GSM4104127_ACCAGTACATTGAGCT-1,-0.9321898507829621
CXCR3-,MS,MS74594_CSF,GSM4104127_ACGCCGACACCGAAAG-1,-0.09834107806026707
CXCR3-,MS,MS74594_CSF,GSM4104127_ACTGAACCACATGGGA-1,-0.09834107806026707
CXCR3-,MS,MS74594_CSF,GSM4104127_AGTAGTCCATCTATGG-1,-0.09834107806026707
CXCR3+,MS,MS74594_CSF,GSM4104127_AGTGGGAGTTAGAACA-1,-0.6670117407239742
CXCR3+,MS,MS74594_CSF,GSM4104127_AGTGTCATCATAACCG-1,-0.09834107806026707
CXCR3+,MS,MS74594_CSF,GSM4104127_ATCCACCAGCCGATTT-1,0.05510582419966791
CXCR3-,MS,MS74594_CSF,GSM4104127_ATGTGTGCATGCTAGT-1,-0.4831289999195251
CXCR3-,MS,MS74594_CSF,GSM4104127_ATTCTACAGATTACCC-1,-0.09834107806026707
CXCR3-,MS,MS74594_CSF,GSM4104127_ATTCTACTCGATAGAA-1,-0.2535173704729915
CXCR3-,MS,MS74594_CSF,GSM4104127_CAAGGCCTCGGAGCAA-1,0.31710624606164867
CXCR3-,MS,MS74594_CSF,GSM4104127_CAAGTTGTCAGCTTAG-1,-0.09834107806026707
CXCR3+,MS,MS74594_CSF,GSM4104127_CACATAGAGCTTCGCG-1,0.33767912196771915
CXCR3-,MS,MS74594_CSF,GSM4104127_CAGCTAAGTCTGATTG-1,-0.2010443761104177
CXCR3+,MS,MS74594_CSF,GSM4104127_CATATGGTCCTGCCAT-1,-0.23348378137095635
CXCR3-,MS,MS74594_CSF,GSM4104127_CATGCCTCAATAAGCA-1,-0.09834107806026707
CXCR3+,MS,MS74594_CSF,GSM4104127_CCACGGACATTGGGCC-1,0.40578674525385355
CXCR3-,MS,MS74594_CSF,GSM4104127_CCAGCGATCATTTGGG-1,-0.09834107806026707
CXCR3+,MS,MS74594_CSF,GSM4104127_CCTACCACACGGTGTC-1,-0.2131979036198674
CXCR3-,MS,MS74594_CSF,GSM4104127_CCTCTGAAGAGACGAA-1,-0.09834107806026707
CXCR3+,MS,MS74594_CSF,GSM4104127_CGACCTTAGACTGGGT-1,-0.5434673354540618
CXCR3-,MS,MS74594_CSF,GSM4104127_CGCTATCAGCCACGTC-1,0.01749824807089124
CXCR3-,MS,MS74594_CSF,GSM4104127_CGGACTGTCTCCTATA-1,-0.24301047418058674
CXCR3+,MS,MS74594_CSF,GSM4104127_CGTGAGCTCTGTCTCG-1,-0.29758230077776204
CXCR3-,MS,MS74594_CSF,GSM4104127_CGTGTCTCACGGTGTC-1,-0.25227001426197865
CXCR3+,MS,MS74594_CSF,GSM4104127_CGTTAGACAAGTAGTA-1,-0.09834107806026707
CXCR3-,MS,MS74594_CSF,GSM4104127_CGTTGGGGTTTGACTG-1,-0.3567877294908253
CXCR3-,MS,MS74594_CSF,GSM4104127_CTAACTTGTCTAGAGG-1,-0.09834107806026707
CXCR3+,MS,MS74594_CSF,GSM4104127_CTACACCCACCGAATT-1,-0.9390792686156917
CXCR3-,MS,MS74594_CSF,GSM4104127_CTACCCATCAGCCTAA-1,0.07405325666911818
CXCR3+,MS,MS74594_CSF,GSM4104127_CTAGAGTCAAATTGCC-1,-0.09834107806026707
CXCR3-,MS,MS74594_CSF,GSM4104127_CTCACACTCTACCTGC-1,0.15356584334652285
CXCR3-,MS,MS74594_CSF,GSM4104127_CTGCCTAGTACCGAGA-1,-0.09834107806026707
CXCR3+,MS,MS74594_CSF,GSM4104127_CTGTGCTGTGCCTGGT-1,-0.022408405292034188
CXCR3-,MS,MS74594_CSF,GSM4104127_GACTAACCAGATGGCA-1,-0.09834107806026707
CXCR3+,MS,MS74594_CSF,GSM4104127_GATGAGGGTACTCAAC-1,-0.09834107806026707
CXCR3-,MS,MS74594_CSF,GSM4104127_GATGCTATCTCCTATA-1,-0.2662663278203784
CXCR3-,MS,MS74594_CSF,GSM4104127_GCATGCGCAGGATCGA-1,0.1419278209364581
CXCR3-,MS,MS74594_CSF,GSM4104127_GCCAAATAGAATAGGG-1,-0.09834107806026707
CXCR3+,MS,MS74594_CSF,GSM4104127_GCGGGTTTCGGAGCAA-1,0.16533490946659388
CXCR3+,MS,MS74594_CSF,GSM4104127_GCTCCTAAGGTGATTA-1,-0.09834107806026707
CXCR3+,MS,MS74594_CSF,GSM4104127_GCTGCGAGTGCGGTAA-1,-0.4712617956738457
CXCR3+,MS,MS74594_CSF,GSM4104127_GCTGGGTAGTACCGGA-1,-0.09834107806026707
CXCR3+,MS,MS74594_CSF,GSM4104127_GGAAAGCGTTACAGAA-1,0.4256802098912507
CXCR3-,MS,MS74594_CSF,GSM4104127_GGGACCTGTGCGAAAC-1,0.5724238222012141
CXCR3-,MS,MS74594_CSF,GSM4104127_GGGAGATAGTGGTAGC-1,-0.243344614221053
CXCR3+,MS,MS74594_CSF,GSM4104127_GGTGTTAGTCTTGATG-1,-0.3767826609144844
CXCR3-,MS,MS74594_CSF,GSM4104127_GTAACTGAGGTGCTTT-1,-0.2740524028227646
CXCR3-,MS,MS74594_CSF,GSM4104127_GTATCTTAGCCCAACC-1,-0.11071310789755394
CXCR3-,MS,MS74594_CSF,GSM4104127_GTATTCTTCTGCGGCA-1,-0.09834107806026707
CXCR3-,MS,MS74594_CSF,GSM4104127_GTCATTTCATGGGACA-1,-0.09834107806026707
CXCR3-,MS,MS74594_CSF,GSM4104127_GTGCTTCGTCTCTTAT-1,-1.0127845466862664
CXCR3-,MS,MS74594_CSF,GSM4104127_GTTCGGGTCTGGAGCC-1,-0.11247244118812152
CXCR3-,MS,MS74594_CSF,GSM4104127_GTTCTCGGTATATGGA-1,0.29561206567520387
CXCR3-,MS,MS74594_CSF,GSM4104127_TAAGCGTAGTGTGAAT-1,-0.09834107806026707
CXCR3+,MS,MS74594_CSF,GSM4104127_TACAGTGAGATAGCAT-1,0.03761583103490177
CXCR3+,MS,MS74594_CSF,GSM4104127_TAGACCAGTGGACGAT-1,-0.09834107806026707
CXCR3-,MS,MS74594_CSF,GSM4104127_TCAGCAATCTTCGAGA-1,-0.22209150297385444
CXCR3-,MS,MS74594_CSF,GSM4104127_TCAGGATTCCGAAGAG-1,-0.09834107806026707
CXCR3-,MS,MS74594_CSF,GSM4104127_TGAAAGAAGTACGACG-1,-0.4866347564199001
CXCR3-,MS,MS74594_CSF,GSM4104127_TGCACCTCAAATACAG-1,-0.04668163651561895
CXCR3-,MS,MS74594_CSF,GSM4104127_TGCTACCTCTCGGACG-1,-0.09834107806026707
CXCR3-,MS,MS74594_CSF,GSM4104127_TGGCGCACACCTGGTG-1,0.1423416006507805
CXCR3-,MS,MS74594_CSF,GSM4104127_TGGGAAGGTAACGACG-1,-0.29355919777462536
CXCR3+,MS,MS74594_CSF,GSM4104127_TGTCCCAAGCTACCTA-1,0.811980282660157
CXCR3+,MS,MS74594_CSF,GSM4104127_TGTTCCGAGGCGTACA-1,-0.09834107806026707
CXCR3-,MS,MS74594_CSF,GSM4104127_TTCTCCTGTCGGCATC-1,0.05335939868589841
CXCR3+,MS,MS74594_CSF,GSM4104127_TTTGGTTTCACCTTAT-1,-0.09834107806026707
