cxcr3_group,condition,patient,cell_id,zinc_signature
CXCR3+,HC,CSF_2,AACGTTGAGATAGCAT-1,-0.06820486765369228
CXCR3-,HC,CSF_2,ACCGTAACACCACGTG-1,-0.3398641441318735
CXCR3-,HC,CSF_2,AGCATACGTGTAACGG-1,0.5157943931727396
CXCR3+,HC,CSF_2,AGGCCACTCCAACCAA-1,0.3412716004262474
CXCR3+,HC,CSF_2,ATCACGAGTTTGACAC-1,-0.21166016077249908
CXCR3+,HC,CSF_2,ATCATCTCATAGAAAC-1,0.11504233809721243
CXCR3-,HC,CSF_2,ATCTACTCAGCTGTAT-1,-0.09834107806026707
CXCR3-,HC,CSF_2,CAACCAACAACACGCC-1,-0.27840976273565193
CXCR3+,HC,CSF_2,CAACCAAGTCTCAACA-1,-0.380929320467395
CXCR3+,HC,CSF_2,CAAGGCCGTTCGTCTC-1,-0.09834107806026707
CXCR3+,HC,CSF_2,CACAGTACAGATGGCA-1,-0.09834107806026707
CXCR3+,HC,CSF_2,CAGCTGGTCAAGAAGT-1,-0.09834107806026707
CXCR3-,HC,CSF_2,CCCAATCGTATTCGTG-1,-0.5213554087447452
CXCR3-,HC,CSF_2,CCTTACGGTGTGACGA-1,-0.09834107806026707
CXCR3-,HC,CSF_2,CGGTTAAAGACACTAA-1,-0.09834107806026707
CXCR3+,HC,CSF_2,CTAGAGTAGAAACCAT-1,0.1446439929956967
CXCR3+,HC,CSF_2,CTAGAGTGTTGAGGTG-1,-0.46711313375954716
CXCR3-,HC,CSF_2,CTCAGAAGTAGAGCTG-1,-0.09834107806026707
CXCR3+,HC,CSF_2,CTGGTCTGTAGTGAAT-1,-0.08920348693166992
CXCR3-,HC,CSF_2,GAACATCCATACCATG-1,-0.2857585472066456
CXCR3-,HC,CSF_2,GACACGCTCGGTTCGG-1,-0.09834107806026707
CXCR3+,HC,CSF_2,GACCAATAGCGATGAC-1,-0.3061295766500299
CXCR3+,HC,CSF_2,GACGTGCCAGCCACCA-1,-0.29633389870540733
CXCR3-,HC,CSF_2,GACGTGCGTCTCCCTA-1,-0.5267545270287689
CXCR3+,HC,CSF_2,GACGTGCTCTCGGACG-1,-0.09834107806026707
CXCR3-,HC,CSF_2,GATCAGTCAATCCGAT-1,-0.09834107806026707
CXCR3-,HC,CSF_2,GATCGTAGTCCTCTTG-1,-0.04680687899244597
CXCR3-,HC,CSF_2,GCAGCCAGTTTCCACC-1,-0.8936874090466166
CXCR3-,HC,CSF_2,GCATGATCACATTTCT-1,-0.3946795367024876
CXCR3-,HC,CSF_2,GCCTCTATCGCCCTTA-1,-0.2778481804131468
CXCR3-,HC,CSF_2,GGAATAATCTGCCAGG-1,0.18755885922239912
CXCR3-,HC,CSF_2,GGGACCTGTAGGAGTC-1,-0.1979663658212405
CXCR3+,HC,CSF_2,GGTGCGTCACTGCCAG-1,0.24620112613007675
CXCR3+,HC,CSF_2,GTAACGTCAAAGGAAG-1,-0.09834107806026707
CXCR3+,HC,CSF_2,GTAGGCCCACTTCTGC-1,0.5138518803860451
CXCR3-,HC,CSF_2,GTCAAGTCATACTCTT-1,-0.09834107806026707
CXCR3+,HC,CSF_2,GTCATTTCACCGTTGG-1,-0.4317884420435339
CXCR3-,HC,CSF_2,GTCGTAACACGGCGTT-1,0.03422459208572164
CXCR3-,HC,CSF_2,GTCTCGTCAAATCCGT-1,-0.41102454132002997
CXCR3-,HC,CSF_2,GTCTCGTTCTGTTTGT-1,-0.6019138730468073
CXCR3+,HC,CSF_2,GTGCTTCAGGTGCACA-1,-0.09875464007390654
CXCR3-,HC,CSF_2,GTTCATTAGCTAGGCA-1,-0.4705525561789005
CXCR3-,HC,CSF_2,TAAGTGCAGGCATGGT-1,-0.3008573762975834
CXCR3-,HC,CSF_2,TAAGTGCTCTAACTCT-1,0.09089760107721805
CXCR3-,HC,CSF_2,TACCTTACATCACAAC-1,0.3758004473972889
CXCR3+,HC,CSF_2,TAGAGCTAGGCTCTTA-1,0.22189192663311372
CXCR3-,HC,CSF_2,TCAACGAAGTCGTACT-1,-0.09834107806026707
CXCR3+,HC,CSF_2,TCAGATGGTAGCCTCG-1,-0.29810650077448575
CXCR3+,HC,CSF_2,TCAGCTCAGAGCTGCA-1,-0.015187802918004669
CXCR3-,HC,CSF_2,TCAGCTCTCCGCAGTG-1,0.5956825618852222
CXCR3-,HC,CSF_2,TCAGGATAGATGTGGC-1,0.0735710308429998
CXCR3-,HC,CSF_2,TCGCGTTAGCCCAGCT-1,-0.22702490807701708
CXCR3+,HC,CSF_2,TCGGGACAGGAATTAC-1,-0.09834107806026707
CXCR3-,HC,CSF_2,TCGGGACTCCTCGCAT-1,-0.21799145853202884
CXCR3-,HC,CSF_2,TCTCATATCTCGTTTA-1,0.07744945175992111
CXCR3-,HC,CSF_2,TGACGGCTCAGATAAG-1,-0.007785932168076104
CXCR3-,HC,CSF_2,TGACTAGGTTCCAACA-1,-0.4101623129520698
CXCR3-,HC,CSF_2,TGCGGGTAGTGTGAAT-1,-0.38074640377676394
CXCR3+,HC,CSF_2,TGGCCAGCATCCCATC-1,0.116004922905396
CXCR3-,HC,CSF_2,TGTCCCAAGCAATATG-1,-0.2837188778329795
CXCR3+,HC,CSF_2,TGTGTTTTCTTTAGGG-1,-0.022844018217305646
CXCR3-,HC,CSF_2,TGTTCCGAGCACGCCT-1,-0.3110278899605988
CXCR3+,HC,CSF_2,TTGACTTTCGAATCCA-1,-0.09834107806026707
CXCR3-,HC,CSF_2,TTTCCTCAGCAGGTCA-1,-0.037229346019249196
CXCR3-,HC,CSF_3,AAAGATGTCCGTCATC-1,-0.6762231424296967
CXCR3-,HC,CSF_3,AACACGTAGATGCCTT-1,-0.26563914204995986
CXCR3+,HC,CSF_3,AACTCTTCAGGACCCT-1,-0.2658464069047227
CXCR3-,HC,CSF_3,AAGACCTAGTGGTAAT-1,0.16973073866960986
CXCR3+,HC,CSF_3,AAGCCGCGTACCATCA-1,0.3156767353309117
CXCR3-,HC,CSF_3,ACATCAGTCCCTTGTG-1,-0.3123427224071805
CXCR3-,HC,CSF_3,ACCAGTACAGTCAGAG-1,0.19743952588286123
CXCR3-,HC,CSF_3,ACCTTTATCTTCGAGA-1,0.207384431027329
CXCR3-,HC,CSF_3,ACGGAGAAGGCCCTTG-1,-0.09834107806026707
CXCR3-,HC,CSF_3,ACGGGTCAGTAGATGT-1,-0.09834107806026707
CXCR3-,HC,CSF_3,ACGTCAATCTGTTGAG-1,-0.2813346041958219
CXCR3+,HC,CSF_3,AGAGCGAGTGACAAAT-1,-0.09834107806026707
CXCR3-,HC,CSF_3,AGAGCGATCCGTCAAA-1,-0.09834107806026707
CXCR3+,HC,CSF_3,AGAGCTTAGATACACA-1,0.0903363836964688
CXCR3+,HC,CSF_3,AGAGCTTGTGCAGGTA-1,-0.3075409981857199
CXCR3-,HC,CSF_3,AGATCTGGTCCAACTA-1,-0.2893587348616245
CXCR3-,HC,CSF_3,AGCGTATAGTAGTGCG-1,-0.09834107806026707
CXCR3-,HC,CSF_3,AGCTCTCAGCATCATC-1,-0.09834107806026707
CXCR3-,HC,CSF_3,AGGGATGCACAGCCCA-1,-0.09834107806026707
CXCR3+,HC,CSF_3,AGGGATGCAGACGCCT-1,-0.09834107806026707
CXCR3-,HC,CSF_3,AGTAGTCAGTGCCAGA-1,-0.09834107806026707
CXCR3-,HC,CSF_3,AGTCTTTGTCTTGTCC-1,-0.09834107806026707
CXCR3-,HC,CSF_3,ATAGACCCAAGGTTCT-1,0.41754815328165373
CXCR3-,HC,CSF_3,ATCCGAAAGTTTCCTT-1,-0.09834107806026707
CXCR3+,HC,CSF_3,CAAGGCCCAGCATACT-1,-0.09834107806026707
CXCR3-,HC,CSF_3,CACAAACGTATAATGG-1,0.2168462350761587
CXCR3-,HC,CSF_3,CACATTTCAGCTGTTA-1,-0.09834107806026707
CXCR3-,HC,CSF_3,CACCAGGCAAGTCTGT-1,0.19799264208108971
CXCR3-,HC,CSF_3,CACTCCACAGATTGCT-1,-0.6273117243554452
CXCR3-,HC,CSF_3,CATGACAAGTAAGTAC-1,-0.0607928508071669
CXCR3-,HC,CSF_3,CATGACACAGGGTATG-1,-0.09834107806026707
CXCR3+,HC,CSF_3,CCAATCCAGAGTACAT-1,0.356041591030733
CXCR3-,HC,CSF_3,CCAATCCCAGACAAGC-1,-0.09834107806026707
CXCR3-,HC,CSF_3,CCACCTAGTCATTAGC-1,-0.09834107806026707
CXCR3-,HC,CSF_3,CCGGGATAGCGATCCC-1,-0.09834107806026707
CXCR3-,HC,CSF_3,CCTACACCAGCCTTGG-1,0.5489431346288258
CXCR3-,HC,CSF_3,CGAACATGTGTTGGGA-1,-0.09834107806026707
CXCR3-,HC,CSF_3,CGAATGTGTAGCTTGT-1,0.21820026515503538
CXCR3-,HC,CSF_3,CGCCAAGCAGCAGTTT-1,-0.09834107806026707
CXCR3+,HC,CSF_3,CGCGGTAAGGCAAAGA-1,-0.3692822014824433
CXCR3-,HC,CSF_3,CGCGGTATCAAGCCTA-1,-0.09834107806026707
CXCR3-,HC,CSF_3,CGCTATCGTGATGCCC-1,0.25446330937162714
CXCR3-,HC,CSF_3,CGCTATCGTTCAACCA-1,-0.09834107806026707
CXCR3-,HC,CSF_3,CGCTGGAGTCTCAACA-1,0.2764536273960398
CXCR3-,HC,CSF_3,CGCTTCAGTAGCCTAT-1,-0.12319250058040117
CXCR3+,HC,CSF_3,CGGACGTTCCTACAGA-1,-0.09834107806026707
CXCR3-,HC,CSF_3,CGGGTCATCCCTAACC-1,-0.09834107806026707
CXCR3-,HC,CSF_3,CGTAGCGGTTCCACAA-1,-0.6666232839924155
CXCR3-,HC,CSF_3,CGTGTAACAGCTTAAC-1,-0.09834107806026707
CXCR3-,HC,CSF_3,CGTGTCTGTCACCCAG-1,0.5610433075172176
CXCR3-,HC,CSF_3,CGTTGGGAGTTAAGTG-1,0.1115642749775492
CXCR3-,HC,CSF_3,CTAATGGTCAACACGT-1,-0.6475138496581281
CXCR3-,HC,CSF_3,CTCACACCAACTGCGC-1,-0.2644866052439303
CXCR3-,HC,CSF_3,CTCAGAACAAGTCTGT-1,-0.6061452237669611
CXCR3-,HC,CSF_3,CTCATTACAGCGTCCA-1,-0.09834107806026707
CXCR3+,HC,CSF_3,CTCGAAATCACTTACT-1,-0.09834107806026707
CXCR3-,HC,CSF_3,CTCGAGGGTAGCTTGT-1,0.37799197256637956
CXCR3+,HC,CSF_3,CTCGAGGGTCAATGTC-1,0.2708790599371264
CXCR3-,HC,CSF_3,CTGCTGTTCGTCGTTC-1,-0.09834107806026707
CXCR3-,HC,CSF_3,CTTGGCTAGCACCGTC-1,-0.46865557237123784
CXCR3-,HC,CSF_3,GAAATGAGTCGAAAGC-1,-0.09834107806026707
CXCR3-,HC,CSF_3,GACCAATTCTACCTGC-1,-0.26477062342724184
CXCR3+,HC,CSF_3,GACGTTAAGTCAATAG-1,-0.09834107806026707
CXCR3+,HC,CSF_3,GATCGTACACCAGGCT-1,0.34770443931801565
CXCR3+,HC,CSF_3,GATTCAGTCGAATCCA-1,-0.09834107806026707
CXCR3-,HC,CSF_3,GCAATCATCTGCGGCA-1,0.16468738603323027
CXCR3-,HC,CSF_3,GCTCCTACACGCCAGT-1,-0.09834107806026707
CXCR3-,HC,CSF_3,GCTCTGTCAGGAATCG-1,-0.09834107806026707
CXCR3-,HC,CSF_3,GCTGCAGCAACTGGCC-1,-0.5819679466174824
CXCR3-,HC,CSF_3,GCTGCGAAGTGAAGTT-1,-0.31835691879870404
CXCR3+,HC,CSF_3,GCTGCTTAGCCAGGAT-1,-0.3716640809488684
CXCR3-,HC,CSF_3,GCTGCTTCAAGCGAGT-1,0.1162919629034599
CXCR3-,HC,CSF_3,GCTTGAAGTTCAGGCC-1,-0.09834107806026707
CXCR3-,HC,CSF_3,GCTTGAATCAGCCTAA-1,-0.09834107806026707
CXCR3+,HC,CSF_3,GGAACTTCACCCATGG-1,-0.23631638447781259
CXCR3+,HC,CSF_3,GGACATTCATTAACCG-1,0.13416658385297617
CXCR3-,HC,CSF_3,GGACGTCAGACAATAC-1,-0.08286190593481077
CXCR3-,HC,CSF_3,GGACGTCGTAGGCTGA-1,-0.4194906096000911
CXCR3-,HC,CSF_3,GGAGCAAAGCAACGGT-1,-0.09834107806026707
CXCR3+,HC,CSF_3,GGATGTTGTTTGGGCC-1,-0.11410467562418693
CXCR3-,HC,CSF_3,GGATTACGTATATCCG-1,-0.30121048568671427
CXCR3-,HC,CSF_3,GGATTACTCTCCAACC-1,-0.8555735993302911
CXCR3+,HC,CSF_3,GGCTCGAGTAGAGGAA-1,-0.6922596989617655
CXCR3-,HC,CSF_3,GGCTCGAGTGAGGGAG-1,-0.7732413201347256
CXCR3-,HC,CSF_3,GGCTGGTAGCGATATA-1,-0.026065563390821316
CXCR3-,HC,CSF_3,GGGAATGGTAGTACCT-1,-0.3581897159784592
CXCR3+,HC,CSF_3,GGGATGATCTCGTATT-1,-0.09834107806026707
CXCR3-,HC,CSF_3,GGGTTGCGTCGCCATG-1,-0.09834107806026707
CXCR3-,HC,CSF_3,GGTGAAGCACGAAAGC-1,-0.09834107806026707
CXCR3-,HC,CSF_3,GGTGAAGTCTGGTTCC-1,-1.4372036352120447
CXCR3-,HC,CSF_3,GTACGTAAGGATATAC-1,-0.24779330261529747
CXCR3-,HC,CSF_3,GTACTCCAGCGATAGC-1,-0.5067146730951977
CXCR3-,HC,CSF_3,GTAGTCAGTAGGACAC-1,-0.09834107806026707
CXCR3-,HC,CSF_3,GTCGGGTGTTATCCGA-1,-0.28228901607544893
CXCR3-,HC,CSF_3,GTCGTAACAGTCACTA-1,-0.2853214187581867
CXCR3-,HC,CSF_3,GTGCGGTTCGAATGCT-1,0.06137095897179222
CXCR3-,HC,CSF_3,GTTAAGCCAGACAAAT-1,0.1534420479580775
CXCR3-,HC,CSF_3,GTTACAGCAAGTTAAG-1,-0.09834107806026707
CXCR3-,HC,CSF_3,TACACGAAGAGACTTA-1,-0.09834107806026707
CXCR3-,HC,CSF_3,TACCTTAGTCCGAATT-1,-0.09834107806026707
CXCR3-,HC,CSF_3,TACTCATAGCATCATC-1,-0.24817780399818382
CXCR3+,HC,CSF_3,TACTTACAGCAGGCTA-1,-0.3985047740484281
CXCR3-,HC,CSF_3,TACTTACTCCCTGACT-1,-0.09834107806026707
CXCR3+,HC,CSF_3,TAGACCACATCTATGG-1,-0.09834107806026707
CXCR3-,HC,CSF_3,TATCAGGTCCTATGTT-1,-0.2890508762375394
CXCR3-,HC,CSF_3,TATTACCTCGCTAGCG-1,-0.09834107806026707
CXCR3+,HC,CSF_3,TCGAGGCGTCCTCTTG-1,-0.09834107806026707
CXCR3-,HC,CSF_3,TCGCGAGTCCAAGCCG-1,-0.09834107806026707
CXCR3+,HC,CSF_3,TCGTAGAGTTACTGAC-1,0.17795296431980925
CXCR3-,HC,CSF_3,TCTTTCCGTCCAGTTA-1,-0.09834107806026707
CXCR3-,HC,CSF_3,TGAGCCGCAGCTTCGG-1,-0.278029489530875
CXCR3-,HC,CSF_3,TGATTTCAGGCTAGGT-1,-0.09834107806026707
CXCR3-,HC,CSF_3,TGATTTCCATGCAACT-1,-0.09834107806026707
CXCR3+,HC,CSF_3,TGCGCAGTCCGAGCCA-1,-0.09834107806026707
CXCR3-,HC,CSF_3,TGCGGGTAGATGTGTA-1,-0.09834107806026707
CXCR3+,HC,CSF_3,TGGTTAGTCTCAACTT-1,0.6618532711742526
CXCR3-,HC,CSF_3,TGTGGTAAGTAGCCGA-1,-0.09834107806026707
CXCR3-,HC,CSF_3,TTCTCCTAGATGTGGC-1,-0.4927925823799621
CXCR3-,HC,CSF_3,TTGTAGGTCTAACGGT-1,0.14783550541299567
CXCR3-,HC,CSF_3,TTTGCGCAGCAGCCTC-1,-0.3585356927361384
CXCR3+,HC,CSF_32,AAACCTGAGAAACCGC-1,-0.42479683871402446
CXCR3+,HC,CSF_32,AAAGTAGGTACAGACG-1,-0.30168712880253057
CXCR3-,HC,CSF_32,AAATGCCGTCGGATCC-1,-0.09834107806026707
CXCR3-,HC,CSF_32,AACCATGGTTGGTGGA-1,0.10860658557482868
CXCR3-,HC,CSF_32,AACCGCGCAGGTTTCA-1,-0.08364806767229839
CXCR3-,HC,CSF_32,AACTCAGAGGTTCCTA-1,-0.6846101401930194
CXCR3+,HC,CSF_32,AACTCTTGTGTATGGG-1,-0.09834107806026707
CXCR3-,HC,CSF_32,AACTCTTTCTGATACG-1,-0.09834107806026707
CXCR3-,HC,CSF_32,AACTGGTCATTGTGCA-1,-0.11150113547746542
CXCR3-,HC,CSF_32,AAGACCTTCTGCAGTA-1,0.06512761218028597
CXCR3+,HC,CSF_32,AAGGCAGAGTGTACGG-1,0.16870995920116375
CXCR3+,HC,CSF_32,AAGGTTCCATGCGCAC-1,0.10402666372486559
CXCR3-,HC,CSF_32,AATCGGTGTTTGTGTG-1,0.24739608507043137
CXCR3-,HC,CSF_32,ACACCCTTCTCGCTTG-1,-1.1409027097365239
CXCR3-,HC,CSF_32,ACACCGGTCTGCGGCA-1,-0.6979066429528972
CXCR3-,HC,CSF_32,ACACTGACACGAAAGC-1,-0.4667275085560526
CXCR3+,HC,CSF_32,ACAGCCGTCGTGGGAA-1,-0.7328884765949656
CXCR3-,HC,CSF_32,ACAGCTAGTGCAACTT-1,-0.26797225583198037
CXCR3+,HC,CSF_32,ACAGCTAGTTCGCGAC-1,-0.017978189438430325
CXCR3-,HC,CSF_32,ACCAGTAAGTCACGCC-1,-0.022280293486296947
CXCR3+,HC,CSF_32,ACCGTAAAGGAGTTGC-1,-0.275015530715795
CXCR3-,HC,CSF_32,ACGAGCCTCACCTTAT-1,-0.11751380230249724
CXCR3+,HC,CSF_32,ACGATGTCAAGGGTCA-1,-0.2550679209501588
CXCR3-,HC,CSF_32,ACGATGTGTTCTGAAC-1,-0.15448403060437524
CXCR3-,HC,CSF_32,ACGCCAGAGTGCAAGC-1,-0.15366821290600113
CXCR3-,HC,CSF_32,ACGGGCTAGCTAAACA-1,-0.21514138476037084
CXCR3-,HC,CSF_32,ACGGGCTCAATCACAC-1,0.1853063176519051
CXCR3+,HC,CSF_32,ACGGGCTTCCCAAGAT-1,0.07254083054549643
CXCR3+,HC,CSF_32,ACGGGCTTCGGAAACG-1,-0.22011377958036377
CXCR3-,HC,CSF_32,ACGTCAAAGATATGCA-1,0.6117266135537148
CXCR3-,HC,CSF_32,ACTATCTGTCGGATCC-1,-0.2369686034928717
CXCR3+,HC,CSF_32,ACTGAACTCGTCCAGG-1,0.5998453015599777
CXCR3+,HC,CSF_32,ACTGAGTTCTGTGCAA-1,-0.5014933669050359
CXCR3-,HC,CSF_32,ACTGCTCAGATGCCAG-1,-0.4370137692708146
CXCR3-,HC,CSF_32,ACTGCTCCAGTATCTG-1,-0.2844243282071994
CXCR3-,HC,CSF_32,ACTGCTCGTGGCTCCA-1,-0.09834107806026707
CXCR3-,HC,CSF_32,ACTGTCCCACAGCGTC-1,0.023404321193647788
CXCR3+,HC,CSF_32,AGAATAGCACTAAGTC-1,0.21954231229978435
CXCR3-,HC,CSF_32,AGAGCGAAGAAACCTA-1,-0.4428013703526384
CXCR3-,HC,CSF_32,AGAGTGGTCTGCCAGG-1,-0.7327973833325859
CXCR3+,HC,CSF_32,AGATTGCCACACATGT-1,-0.09834107806026707
CXCR3-,HC,CSF_32,AGCAGCCTCTTGCATT-1,-0.5497702051747558
CXCR3-,HC,CSF_32,AGCCTAAAGGCTACGA-1,-0.36232684513347946
CXCR3+,HC,CSF_32,AGCCTAAGTATAAACG-1,-0.136685884297312
CXCR3-,HC,CSF_32,AGCCTAATCAGCTTAG-1,-0.2317526569649952
CXCR3-,HC,CSF_32,AGCGGTCTCCGAGCCA-1,-0.26008148122831704
CXCR3-,HC,CSF_32,AGCGTATAGACTAAGT-1,-1.049043510246331
CXCR3-,HC,CSF_32,AGCTCCTTCGCCCTTA-1,-0.9138183308488017
CXCR3-,HC,CSF_32,AGCTCTCGTCCATCCT-1,-0.09834107806026707
CXCR3-,HC,CSF_32,AGCTCTCGTCGATTGT-1,-0.09834107806026707
CXCR3-,HC,CSF_32,AGCTCTCTCCGAGCCA-1,0.2531452959388814
CXCR3-,HC,CSF_32,AGGCCACCAAACCCAT-1,-0.293906168095611
CXCR3+,HC,CSF_32,AGGCCACCACACATGT-1,-0.22899772864012968
CXCR3-,HC,CSF_32,AGGTCCGCAGTGAGTG-1,-0.2909195844268216
CXCR3+,HC,CSF_32,AGTGAGGCACACAGAG-1,-0.2626690201381677
CXCR3-,HC,CSF_32,AGTGAGGTCTTCGAGA-1,0.20101568396744554
CXCR3+,HC,CSF_32,AGTGGGAAGGCTCTTA-1,-0.4449730176046257
CXCR3-,HC,CSF_32,AGTGTCAAGTCCATAC-1,-0.37556022047570686
CXCR3+,HC,CSF_32,AGTTGGTGTATTCGTG-1,0.7413983611528935
CXCR3-,HC,CSF_32,AGTTGGTGTCTCATCC-1,0.18990509839973102
CXCR3-,HC,CSF_32,AGTTGGTTCAGAGCTT-1,-0.6749499242444645
CXCR3-,HC,CSF_32,ATCGAGTGTCCAGTAT-1,0.19719006408616566
CXCR3-,HC,CSF_32,ATCTGCCCACAGGCCT-1,-0.09834107806026707
CXCR3+,HC,CSF_32,ATGCGATGTTCGGGCT-1,-0.3715738731954797
CXCR3+,HC,CSF_32,ATGGGAGTCTGTGCAA-1,-0.17965593969716345
CXCR3+,HC,CSF_32,ATTATCCCAATCGAAA-1,-0.33445337654775303
CXCR3+,HC,CSF_32,ATTCTACAGGCCCTTG-1,0.39042788574054166
CXCR3-,HC,CSF_32,ATTGGACGTAACGTTC-1,0.6008488925066927
CXCR3-,HC,CSF_32,ATTGGACGTAAGAGAG-1,0.29184884718039494
CXCR3-,HC,CSF_32,CAACCAAAGCAGGCTA-1,-0.1242525695559399
CXCR3+,HC,CSF_32,CAAGGCCGTAACGCGA-1,-0.02668111348686732
CXCR3-,HC,CSF_32,CAAGGCCGTGGGTCAA-1,0.2596874246453507
CXCR3-,HC,CSF_32,CAAGTTGAGGTAGCCA-1,-0.08136590541159112
CXCR3-,HC,CSF_32,CAAGTTGGTTCCCGAG-1,-0.3365517351467943
CXCR3-,HC,CSF_32,CAAGTTGTCCACTCCA-1,-0.563363350218459
CXCR3-,HC,CSF_32,CACACAAAGTCAAGGC-1,-0.23914739671943971
CXCR3-,HC,CSF_32,CACACAAAGTGAAGAG-1,0.025280026574441488
CXCR3-,HC,CSF_32,CACACCTGTGTAAGTA-1,-0.223190043491288
CXCR3-,HC,CSF_32,CACACCTTCGGTGTTA-1,-0.35536944328639775
CXCR3-,HC,CSF_32,CACACTCCAACGATGG-1,0.07168841446267409
CXCR3+,HC,CSF_32,CACACTCCATAGACTC-1,-0.33606648710915266
CXCR3+,HC,CSF_32,CACAGGCCAAGGACAC-1,0.08027246728332549
CXCR3-,HC,CSF_32,CACATAGCACTAAGTC-1,-0.09834107806026707
CXCR3-,HC,CSF_32,CACATAGTCTCTTATG-1,-0.1969149259474365
CXCR3-,HC,CSF_32,CACATTTAGTATGACA-1,-0.21182071724892312
CXCR3+,HC,CSF_32,CACCACTGTTCCAACA-1,-0.34565734974691287
CXCR3-,HC,CSF_32,CACCAGGGTCAATGTC-1,0.090782606116819
CXCR3-,HC,CSF_32,CACCTTGAGGCACATG-1,0.2759678280548783
CXCR3-,HC,CSF_32,CACCTTGGTGGCTCCA-1,0.009539872068472371
CXCR3+,HC,CSF_32,CAGAATCAGGCCCTTG-1,0.04505008007624305
CXCR3+,HC,CSF_32,CAGAATCAGGCGACAT-1,-0.09834107806026707
CXCR3-,HC,CSF_32,CAGATCAGTTCACGGC-1,-0.09834107806026707
CXCR3+,HC,CSF_32,CAGATCATCATCTGCC-1,-0.3749472091383136
CXCR3-,HC,CSF_32,CAGCAGCCACTGAAGG-1,0.46904891696241285
CXCR3-,HC,CSF_32,CAGCCGACACCAGGTC-1,0.018780514045018317
CXCR3-,HC,CSF_32,CAGTCCTAGACACGAC-1,0.07567184164258063
CXCR3-,HC,CSF_32,CATCAGAGTGGTCCGT-1,-0.11655932623091318
CXCR3+,HC,CSF_32,CATCCACCAGATGAGC-1,-0.23039985232708218
CXCR3-,HC,CSF_32,CATGGCGAGTGAATTG-1,0.2533209579065552
CXCR3+,HC,CSF_32,CATTCGCAGCTAGCCC-1,-0.6143388390700656
CXCR3-,HC,CSF_32,CCACTACGTCGCTTCT-1,-0.3612902739499456
CXCR3-,HC,CSF_32,CCATTCGAGCTAGTTC-1,0.4103813900094219
CXCR3-,HC,CSF_32,CCATTCGGTATTACCG-1,0.09111072874182573
CXCR3-,HC,CSF_32,CCCAGTTAGTACGACG-1,-0.3403609031912843
CXCR3+,HC,CSF_32,CCCAGTTGTGACTACT-1,-0.06794798767080247
CXCR3+,HC,CSF_32,CCCTCCTAGGACTGGT-1,0.3817304187756795
CXCR3+,HC,CSF_32,CCCTCCTTCGCCTGTT-1,0.11468881819686562
CXCR3-,HC,CSF_32,CCGGTAGAGAGGTTGC-1,0.07835011520956463
CXCR3-,HC,CSF_32,CCGTACTAGCCTATGT-1,0.10921393030349184
CXCR3+,HC,CSF_32,CCTATTATCCGCATCT-1,-0.2833394218994182
CXCR3-,HC,CSF_32,CCTCAGTGTTCTCATT-1,-0.09834107806026707
CXCR3+,HC,CSF_32,CCTCTGACAATGTTGC-1,-0.499818157099865
CXCR3-,HC,CSF_32,CCTTACGTCTATCGCC-1,0.569517502064152
CXCR3-,HC,CSF_32,CCTTCCCAGTACGATA-1,-0.26260008129633056
CXCR3+,HC,CSF_32,CCTTCCCTCCCAACGG-1,-0.6564753581377808
CXCR3-,HC,CSF_32,CCTTTCTGTGCACTTA-1,-0.25689880130033377
CXCR3-,HC,CSF_32,CGAACATAGCACACAG-1,-0.24665108844153424
CXCR3+,HC,CSF_32,CGAACATAGCGCCTTG-1,-0.09834107806026707
CXCR3-,HC,CSF_32,CGAACATCATCCAACA-1,0.13644426102635296
CXCR3-,HC,CSF_32,CGAACATGTTGGACCC-1,0.11640839007225692
CXCR3+,HC,CSF_32,CGAGCACAGTCAAGCG-1,-0.21876130264248436
CXCR3+,HC,CSF_32,CGAGCACTCTGAAAGA-1,-0.23066444607303196
CXCR3-,HC,CSF_32,CGAGCCAAGGACACCA-1,-0.3875135520723379
CXCR3-,HC,CSF_32,CGAGCCACAATAACGA-1,-0.1569367687144086
CXCR3-,HC,CSF_32,CGATGGCAGCTTTGGT-1,-0.7391833859073442
CXCR3-,HC,CSF_32,CGATGGCCACCGATAT-1,-0.714936788262268
CXCR3-,HC,CSF_32,CGATGTACACGGTAAG-1,-0.41382855840620447
CXCR3+,HC,CSF_32,CGATTGAAGCGATATA-1,-0.2633808011903883
CXCR3-,HC,CSF_32,CGATTGAAGGGTATCG-1,-0.32799808925318225
CXCR3-,HC,CSF_32,CGATTGAGTCCTAGCG-1,-0.19278066354385034
CXCR3+,HC,CSF_32,CGCCAAGGTAATAGCA-1,-0.42733420310652165
CXCR3-,HC,CSF_32,CGCGTTTTCAAGCCTA-1,-0.09834107806026707
CXCR3-,HC,CSF_32,CGCTTCAGTTGAGTTC-1,-0.24265846060722934
CXCR3-,HC,CSF_32,CGGACACCACGCCAGT-1,0.7972337084071504
CXCR3-,HC,CSF_32,CGGACACGTTGTCGCG-1,-0.015617075931210518
CXCR3-,HC,CSF_32,CGGAGCTGTCCTCCAT-1,-0.0047727647226474745
CXCR3-,HC,CSF_32,CGGCTAGTCGCCAAAT-1,-0.04429751047566494
CXCR3+,HC,CSF_32,CGTAGCGCACGGTGTC-1,-0.09834107806026707
CXCR3-,HC,CSF_32,CGTAGCGGTGTCCTCT-1,-0.34098327984767834
CXCR3+,HC,CSF_32,CGTCACTGTACGAAAT-1,0.1418310781494319
CXCR3+,HC,CSF_32,CGTCACTGTATGGTTC-1,-0.42593592607784275
CXCR3-,HC,CSF_32,CGTCAGGCACCTGGTG-1,0.23260896914309614
CXCR3+,HC,CSF_32,CGTCCATTCCTCGCAT-1,-0.3238487392001706
CXCR3-,HC,CSF_32,CGTTAGAGTACAGTGG-1,-0.29213371788952786
CXCR3+,HC,CSF_32,CGTTCTGCATGATCCA-1,0.3825816567923988
CXCR3-,HC,CSF_32,CGTTGGGGTCTGCAAT-1,-0.36884266779438873
CXCR3-,HC,CSF_32,CTAACTTCAAACTGCT-1,-0.577508515349776
CXCR3-,HC,CSF_32,CTAACTTGTTCCACTC-1,0.41526347706956085
CXCR3+,HC,CSF_32,CTAAGACGTTGGAGGT-1,-0.5190694819637519
CXCR3-,HC,CSF_32,CTAATGGAGTGACATA-1,-0.28871107199269685
CXCR3-,HC,CSF_32,CTAATGGTCTGGTTCC-1,-0.1998991914751054
CXCR3-,HC,CSF_32,CTACACCGTTGATTGC-1,0.3001268192857438
CXCR3+,HC,CSF_32,CTACATTAGCTAACTC-1,0.1854236814312101
CXCR3+,HC,CSF_32,CTACATTTCTGCGACG-1,-0.5008003776817034
CXCR3-,HC,CSF_32,CTACCCATCGCGTAGC-1,-1.3623532635672402
CXCR3+,HC,CSF_32,CTAGAGTTCTTGTCAT-1,-0.37575715102458673
CXCR3-,HC,CSF_32,CTAGTGAGTTGAGGTG-1,-0.09834107806026707
CXCR3-,HC,CSF_32,CTAGTGATCTGTCAAG-1,0.21927339112704733
CXCR3-,HC,CSF_32,CTCACACGTTTGTTTC-1,-0.24684001977958486
CXCR3-,HC,CSF_32,CTCAGAACAAGCTGAG-1,0.1826163003860676
CXCR3+,HC,CSF_32,CTCAGAATCTCACATT-1,-0.3919691395029023
CXCR3-,HC,CSF_32,CTCGAAATCGTCACGG-1,0.2624344571255412
CXCR3-,HC,CSF_32,CTCGTACCAAGAGGCT-1,0.06747951572621054
CXCR3-,HC,CSF_32,CTCGTACCACTCGACG-1,-0.20356080431891632
CXCR3-,HC,CSF_32,CTCTAATTCAACCAAC-1,0.2072188848688235
CXCR3+,HC,CSF_32,CTCTGGTTCGTACCGG-1,-0.23394986371279128
CXCR3-,HC,CSF_32,CTGAAACCAGCTTCGG-1,-0.09834107806026707
CXCR3-,HC,CSF_32,CTGAAACTCGGTTCGG-1,-0.09834107806026707
CXCR3+,HC,CSF_32,CTGCTGTTCCACGCAG-1,-0.39729077981551264
CXCR3-,HC,CSF_32,CTGTGCTAGCGATATA-1,-0.09834107806026707
CXCR3+,HC,CSF_32,CTGTGCTCAGGCTCAC-1,-0.4318896410891432
CXCR3-,HC,CSF_32,CTGTTTAAGGAGTTTA-1,0.06458806076863165
CXCR3+,HC,CSF_32,CTGTTTACATGCATGT-1,-0.4129351424815866
CXCR3-,HC,CSF_32,CTGTTTATCACTCTTA-1,0.4798042046401876
CXCR3-,HC,CSF_32,CTTAACTAGCTGAACG-1,-0.09834107806026707
CXCR3-,HC,CSF_32,CTTAGGAAGCACACAG-1,-1.3046756256786427
CXCR3-,HC,CSF_32,CTTCTCTCACTTGGAT-1,0.13064338294225727
CXCR3+,HC,CSF_32,CTTGGCTAGTTAACGA-1,0.6850350149374842
CXCR3-,HC,CSF_32,CTTGGCTCATCCTAGA-1,-0.09834107806026707
CXCR3-,HC,CSF_32,GAAATGATCTCTGCTG-1,0.24959213942930597
CXCR3+,HC,CSF_32,GAACGGACAACGATCT-1,-0.09819236349121585
CXCR3+,HC,CSF_32,GAAGCAGGTATAATGG-1,-0.29123456854352875
CXCR3-,HC,CSF_32,GAATGAATCTTACCGC-1,0.2310070158632549
CXCR3-,HC,CSF_32,GACAGAGCAGGCTCAC-1,0.0859578340349703
CXCR3-,HC,CSF_32,GACCAATCATTGAGCT-1,-0.1171626852418868
CXCR3-,HC,CSF_32,GACCAATGTAAGGGCT-1,-0.09834107806026707
CXCR3+,HC,CSF_32,GACCAATTCCGCTGTT-1,-0.44594548937695694
CXCR3-,HC,CSF_32,GACGTGCAGCCGATTT-1,-0.09834107806026707
CXCR3-,HC,CSF_32,GACTAACAGATGTCGG-1,-0.23789604305312512
CXCR3+,HC,CSF_32,GACTGCGCAGCTTCGG-1,-0.029587554857047765
CXCR3-,HC,CSF_32,GAGGTGATCTAAGCCA-1,-0.42324800020033326
CXCR3-,HC,CSF_32,GAGTCCGCATCGATGT-1,-0.16414210070122467
CXCR3-,HC,CSF_32,GAGTCCGGTCGCATAT-1,-0.22413810724902403
CXCR3+,HC,CSF_32,GAGTCCGTCCAATGGT-1,-0.7161704111559801
CXCR3+,HC,CSF_32,GATCGATAGTAATCCC-1,-0.23740734144005454
CXCR3+,HC,CSF_32,GATCGATCACATAACC-1,0.21231913544537995
CXCR3-,HC,CSF_32,GATGCTAAGACTGTAA-1,-0.09834107806026707
CXCR3+,HC,CSF_32,GCACATAAGAACAATC-1,0.2409586356312943
CXCR3-,HC,CSF_32,GCACATAGTACCTACA-1,-0.5966875344857513
CXCR3-,HC,CSF_32,GCAGCCAAGTCACGCC-1,-0.2584091418684228
CXCR3-,HC,CSF_32,GCAGCCAGTCTAGCCG-1,-0.0339442594740556
CXCR3+,HC,CSF_32,GCATGCGGTAATTGGA-1,0.2508705674042326
CXCR3-,HC,CSF_32,GCATGCGTCATCGGAT-1,-0.09834107806026707
CXCR3-,HC,CSF_32,GCATGTACAGTCGATT-1,-0.38208283491627787
CXCR3-,HC,CSF_32,GCATGTAGTTACCAGT-1,-0.2555152264412694
CXCR3-,HC,CSF_32,GCGAGAATCTTAGCCC-1,-0.17650450645509758
CXCR3-,HC,CSF_32,GCGCAACAGCCAGGAT-1,0.5505257295758011
CXCR3+,HC,CSF_32,GCGCAACTCCATGAGT-1,-0.2246334616123851
CXCR3-,HC,CSF_32,GCGCCAATCGTACGGC-1,0.026261932575104407
CXCR3-,HC,CSF_32,GCGCGATCACACGCTG-1,0.305409512992966
CXCR3-,HC,CSF_32,GCGGGTTTCCTATGTT-1,0.32353448272803614
CXCR3-,HC,CSF_32,GCTCCTAAGGGAAACA-1,0.06224370482039614
CXCR3-,HC,CSF_32,GCTTCCACACTGAAGG-1,0.12116460549925599
CXCR3-,HC,CSF_32,GCTTCCAGTGAGTATA-1,-0.11343169468037925
CXCR3-,HC,CSF_32,GGAATAACAGCGTCCA-1,-0.2116028634903467
CXCR3+,HC,CSF_32,GGAATAAGTTCGAATC-1,0.05513079122829926
CXCR3-,HC,CSF_32,GGACAAGGTCTTCTCG-1,-0.3117422643743299
CXCR3-,HC,CSF_32,GGACGTCCAAAGTGCG-1,-0.09834107806026707
CXCR3-,HC,CSF_32,GGACGTCGTGGCGAAT-1,0.3827749247335649
CXCR3-,HC,CSF_32,GGATGTTCAAAGGTGC-1,-0.44970355474821994
CXCR3+,HC,CSF_32,GGATTACTCTTTACGT-1,-0.9534090846663155
CXCR3+,HC,CSF_32,GGCCGATCACTCAGGC-1,-0.5098580648087083
CXCR3-,HC,CSF_32,GGCGACTCATACTCTT-1,-0.001641196231189111
CXCR3-,HC,CSF_32,GGCTCGACAAACTGTC-1,-0.11135200534953382
CXCR3-,HC,CSF_32,GGGAATGGTCTAGCCG-1,-0.6257974063312643
CXCR3+,HC,CSF_32,GGGACCTAGTAGCGGT-1,-0.851404257050028
CXCR3-,HC,CSF_32,GGGAGATTCGTATCAG-1,-0.2509441428880136
CXCR3-,HC,CSF_32,GGGTTGCTCTGCGGCA-1,0.034644702655386904
CXCR3-,HC,CSF_32,GGTGTTAAGTACGCCC-1,-0.35699863914020336
CXCR3-,HC,CSF_32,GTAACGTGTTCGGCAC-1,-0.3778833212000855
CXCR3+,HC,CSF_32,GTAACGTTCCGAAGAG-1,-0.2493773137361959
CXCR3+,HC,CSF_32,GTAACTGAGCCCGAAA-1,0.5411978817968394
CXCR3-,HC,CSF_32,GTACTTTCAGGATTGG-1,-0.09834107806026707
CXCR3-,HC,CSF_32,GTAGTCACAGCGTAAG-1,-0.09834107806026707
CXCR3+,HC,CSF_32,GTATCTTAGGTGGGTT-1,-0.15717332317498395
CXCR3+,HC,CSF_32,GTATCTTAGTGGGATC-1,-0.2314376620120517
CXCR3-,HC,CSF_32,GTATCTTGTTACGTCA-1,-0.5516768123424229
CXCR3-,HC,CSF_32,GTATCTTTCTTTAGGG-1,0.20171728941327519
CXCR3-,HC,CSF_32,GTATTCTAGACCCACC-1,0.12161671349301474
CXCR3+,HC,CSF_32,GTCACAAAGGGCTCTC-1,0.5795366241842375
CXCR3-,HC,CSF_32,GTCACAACAGGTTTCA-1,0.26909928106169695
CXCR3+,HC,CSF_32,GTCACGGTCAGGATCT-1,-0.4060626115995224
CXCR3-,HC,CSF_32,GTCATTTTCTTGTACT-1,0.0687808497749568
CXCR3+,HC,CSF_32,GTCCTCAAGAATCTCC-1,-0.3140550480451442
CXCR3-,HC,CSF_32,GTCGTAATCCAGAAGG-1,-0.2152974875203892
CXCR3-,HC,CSF_32,GTCTTCGCACGAAATA-1,-0.20977205458354467
CXCR3-,HC,CSF_32,GTGCTTCGTGAGTGAC-1,-0.09834107806026707
CXCR3-,HC,CSF_32,GTGCTTCTCGAGGTAG-1,0.31005008464589745
CXCR3-,HC,CSF_32,GTGTTAGAGACGCACA-1,-0.24547781134299182
CXCR3+,HC,CSF_32,GTTTCTATCCACGTTC-1,-0.3643221749009338
CXCR3-,HC,CSF_32,TAAACCGGTTAAGAAC-1,-0.6879365848673212
CXCR3+,HC,CSF_32,TACACGACATGGATGG-1,-0.09834107806026707
CXCR3-,HC,CSF_32,TACACGACATGGGACA-1,-0.09834107806026707
CXCR3+,HC,CSF_32,TACACGATCACTTCAT-1,0.12577866728558992
CXCR3-,HC,CSF_32,TACCTATGTGAAATCA-1,-0.09834107806026707
CXCR3-,HC,CSF_32,TACCTTATCACGCATA-1,-0.4047022052675204
CXCR3-,HC,CSF_32,TACCTTATCGGACAAG-1,-0.5959258847512034
CXCR3+,HC,CSF_32,TACTCATCAAGGGTCA-1,-0.09834107806026707
CXCR3+,HC,CSF_32,TACTTACCACCATCCT-1,-0.263032103507986
CXCR3-,HC,CSF_32,TACTTACCATTCTTAC-1,-0.6406839481185197
CXCR3-,HC,CSF_32,TAGAGCTAGAAGGTGA-1,0.3086975422712478
CXCR3-,HC,CSF_32,TAGAGCTAGTGAAGAG-1,-0.30350335293134906
CXCR3+,HC,CSF_32,TAGTTGGGTTAGGGTG-1,-0.4609407576576145
CXCR3+,HC,CSF_32,TATCAGGGTACGCACC-1,-0.09834107806026707
CXCR3-,HC,CSF_32,TATCAGGGTCAGGACA-1,-0.5126448647315561
CXCR3-,HC,CSF_32,TATCTCAGTGCGCTTG-1,0.6221983910691222
CXCR3-,HC,CSF_32,TCAACGAGTCTTGCGG-1,-0.27044326341159974
CXCR3+,HC,CSF_32,TCAATCTAGGATGTAT-1,-0.037382173601773094
CXCR3+,HC,CSF_32,TCAATCTCATTACGAC-1,0.22554135924341615
CXCR3+,HC,CSF_32,TCACGAAGTGTTTGGT-1,-0.40928966206094625
CXCR3-,HC,CSF_32,TCACGAAGTTAGAACA-1,-0.09834107806026707
CXCR3+,HC,CSF_32,TCAGCTCAGGCACATG-1,0.40829069378297894
CXCR3-,HC,CSF_32,TCAGGATGTCGCTTCT-1,-0.09834107806026707
CXCR3+,HC,CSF_32,TCAGGTAAGGGAACGG-1,0.1087750083196488
CXCR3+,HC,CSF_32,TCCACACAGAATTGTG-1,-0.09834107806026707
CXCR3+,HC,CSF_32,TCCACACAGGAATTAC-1,-0.09834107806026707
CXCR3+,HC,CSF_32,TCCACACGTGTCAATC-1,-0.3063754137211333
CXCR3+,HC,CSF_32,TCCCGATAGCGTTGCC-1,-0.09834107806026707
CXCR3-,HC,CSF_32,TCGCGTTTCAGCTTAG-1,0.09133242546819802
CXCR3-,HC,CSF_32,TCGGTAAGTGAAATCA-1,-0.025317068308440067
CXCR3+,HC,CSF_32,TCGTAGATCGTACCGG-1,0.060510970996926525
CXCR3-,HC,CSF_32,TCTATTGGTGTCTGAT-1,-0.09834107806026707
CXCR3-,HC,CSF_32,TCTCATAAGAATTCCC-1,-0.35485385941566594
CXCR3-,HC,CSF_32,TCTGAGAAGCCGATTT-1,-0.4561105689108345
CXCR3-,HC,CSF_32,TGAAAGAGTAACGCGA-1,-0.09834107806026707
CXCR3-,HC,CSF_32,TGAAAGATCGTCTGAA-1,-0.03400531202748316
CXCR3+,HC,CSF_32,TGACGGCAGAGCAATT-1,-0.22383912305213977
CXCR3-,HC,CSF_32,TGACGGCAGTACGCGA-1,-0.33812502035257946
CXCR3-,HC,CSF_32,TGACGGCTCTGTTGAG-1,0.0681473391437162
CXCR3+,HC,CSF_32,TGACTAGTCCGTTGCT-1,-0.36505421885053024
CXCR3-,HC,CSF_32,TGACTTTCAGGGTACA-1,0.30434618125499924
CXCR3-,HC,CSF_32,TGAGAGGCACCAGGCT-1-1,-0.028807467559531643
CXCR3+,HC,CSF_32,TGAGCATAGGATATAC-1,0.3747210164805916
CXCR3+,HC,CSF_32,TGAGCCGAGAGTACAT-1,0.05506854584498728
CXCR3-,HC,CSF_32,TGATTTCGTCGCGAAA-1,-0.2234932867719234
CXCR3-,HC,CSF_32,TGATTTCGTTTAGGAA-1,-0.1700740016637064
CXCR3+,HC,CSF_32,TGCACCTCAGACGCCT-1,0.2709754385857896
CXCR3+,HC,CSF_32,TGCCCATTCGCCGTGA-1,-0.46398056953571276
CXCR3-,HC,CSF_32,TGCGCAGGTCGCTTCT-1,-0.3291530320939894
CXCR3+,HC,CSF_32,TGCGTGGTCCAGAGGA-1,-0.08476205773209497
CXCR3-,HC,CSF_32,TGCTGCTCACAAGCCC-1,-0.33910073585460904
CXCR3-,HC,CSF_32,TGGACGCAGGAACTGC-1,-0.46153285993794296
CXCR3-,HC,CSF_32,TGGCGCAGTCAATACC-1,-0.220110659753755
CXCR3+,HC,CSF_32,TGGCGCATCCGCAAGC-1,0.2162298636280187
CXCR3-,HC,CSF_32,TGGCTGGTCGGCTTGG-1,-0.4902736964491747
CXCR3-,HC,CSF_32,TGGGAAGTCATGTAGC-1,-0.3498563303528584
CXCR3-,HC,CSF_32,TGGGCGTAGTTGCAGG-1,0.1911637372420502
CXCR3-,HC,CSF_32,TGGGCGTCAGTCCTTC-1,-0.09834107806026707
CXCR3+,HC,CSF_32,TGGGCGTTCAGCATGT-1,-0.9557473007611896
CXCR3+,HC,CSF_32,TGGTTAGGTCTCACCT-1,-0.11254313511691187
CXCR3+,HC,CSF_32,TGGTTCCAGCTGTCTA-1,-0.5152612723408503
CXCR3-,HC,CSF_32,TGTGGTAAGCTAAGAT-1,-0.278029489530875
CXCR3-,HC,CSF_32,TGTGGTATCCCATTTA-1,-0.2350889828057007
CXCR3+,HC,CSF_32,TTAGGACAGAAGGCCT-1,0.49487573370957344
CXCR3-,HC,CSF_32,TTCCCAGCAAACTGTC-1,0.2280769936747072
CXCR3-,HC,CSF_32,TTCGGTCCAATGGATA-1,-0.0022288747573434415
CXCR3+,HC,CSF_32,TTCGGTCGTCCGTTAA-1,-0.09834107806026707
CXCR3+,HC,CSF_32,TTCTACATCTTTACAC-1,-0.09834107806026707
CXCR3-,HC,CSF_32,TTCTCCTAGTTAACGA-1,-0.2891364245163001
CXCR3-,HC,CSF_32,TTCTTAGTCCATGCTC-1,-0.09834107806026707
CXCR3+,HC,CSF_32,TTGCCGTTCAACTCTT-1,-0.380791761306206
CXCR3-,HC,CSF_32,TTGCGTCCACCGTTGG-1,0.13406738087667328
CXCR3-,HC,CSF_32,TTGGAACAGCTAGTCT-1,0.04582010736647758
CXCR3+,HC,CSF_32,TTGGAACAGTCGTTTG-1,-0.09834107806026707
CXCR3+,HC,CSF_32,TTGGAACGTCAGATAA-1,-0.6745389222402443
CXCR3-,HC,CSF_32,TTGGCAAAGTGTGGCA-1,-0.09834107806026707
CXCR3-,HC,CSF_32,TTGGCAACAAGTTAAG-1,-0.02785243790250715
CXCR3-,HC,CSF_32,TTGTAGGAGAGCTGCA-1,0.5100140275422119
CXCR3-,HC,CSF_32,TTGTAGGGTCTAGCCG-1,-0.22696677535761692
CXCR3-,HC,CSF_32,TTTACTGTCCAATGGT-1,-0.24826159917504634
CXCR3-,HC,CSF_32,TTTCCTCTCTCGTTTA-1,-0.47966667157196713
CXCR3-,HC,PTC45044_CSF,GSM4104132_AAACCTGAGGGTCTCC-1,-0.3158341668574587
CXCR3-,HC,PTC45044_CSF,GSM4104132_AAACCTGCACAACGCC-1,-0.47133439768167934
CXCR3-,HC,PTC45044_CSF,GSM4104132_AAACCTGGTCTAGTGT-1,-0.0014536944828448409
CXCR3+,HC,PTC45044_CSF,GSM4104132_AAACGGGAGATGTCGG-1,-0.08259592346769551
CXCR3-,HC,PTC45044_CSF,GSM4104132_AAACGGGCAGGTGGAT-1,-0.5218117102699754
CXCR3-,HC,PTC45044_CSF,GSM4104132_AAACGGGGTTAAGAAC-1,-0.5900399801613773
CXCR3-,HC,PTC45044_CSF,GSM4104132_AAACGGGTCAACTCTT-1,-0.2549604105801874
CXCR3-,HC,PTC45044_CSF,GSM4104132_AAACGGGTCCTGTACC-1,0.19288408146572092
CXCR3-,HC,PTC45044_CSF,GSM4104132_AACACGTAGAGACGAA-1,-1.1476076010108227
CXCR3-,HC,PTC45044_CSF,GSM4104132_AACCATGCACGACTCG-1,-0.4574854272122642
CXCR3-,HC,PTC45044_CSF,GSM4104132_AACCATGGTCCGTCAG-1,-0.09098055630950487
CXCR3-,HC,PTC45044_CSF,GSM4104132_AACTCAGGTGGCTCCA-1,-0.08214654214537646
CXCR3-,HC,PTC45044_CSF,GSM4104132_AACTCTTGTTTGCATG-1,-0.3447165206329568
CXCR3-,HC,PTC45044_CSF,GSM4104132_AACTGGTAGCTTATCG-1,-0.09834107806026707
CXCR3-,HC,PTC45044_CSF,GSM4104132_AACTGGTGTACCGGCT-1,-0.09834107806026707
CXCR3-,HC,PTC45044_CSF,GSM4104132_AACTTTCTCTGCTGCT-1,-0.5340335137244705
CXCR3-,HC,PTC45044_CSF,GSM4104132_AAGACCTAGCACAGGT-1,-0.4415442100900243
CXCR3-,HC,PTC45044_CSF,GSM4104132_AAGACCTAGTGCCAGA-1,-0.3557758911533888
CXCR3-,HC,PTC45044_CSF,GSM4104132_AAGACCTCACTTAAGC-1,-0.42538892238337167
CXCR3-,HC,PTC45044_CSF,GSM4104132_AAGACCTGTATTAGCC-1,0.13846681218870308
CXCR3+,HC,PTC45044_CSF,GSM4104132_AAGACCTTCATAGCAC-1,0.19339877439128017
CXCR3-,HC,PTC45044_CSF,GSM4104132_AAGCCGCCATCGATTG-1,-0.09834107806026707
CXCR3-,HC,PTC45044_CSF,GSM4104132_AAGCCGCTCTGTGCAA-1,-0.32765278600243636
CXCR3-,HC,PTC45044_CSF,GSM4104132_AAGGAGCCACTGCCAG-1,-0.09834107806026707
CXCR3+,HC,PTC45044_CSF,GSM4104132_AAGGCAGAGAGCCCAA-1,-0.5653537515146448
CXCR3+,HC,PTC45044_CSF,GSM4104132_AAGGTTCAGTACGCGA-1,-0.09834107806026707
CXCR3-,HC,PTC45044_CSF,GSM4104132_AAGGTTCCAGCTCGAC-1,-0.1195337239660662
CXCR3-,HC,PTC45044_CSF,GSM4104132_AAGTCTGCAGTAGAGC-1,-0.7038276198155989
CXCR3-,HC,PTC45044_CSF,GSM4104132_AATCCAGTCCGCGCAA-1,-0.3645554104317771
CXCR3-,HC,PTC45044_CSF,GSM4104132_AATCCAGTCGGAGGTA-1,-1.045993968279337
CXCR3+,HC,PTC45044_CSF,GSM4104132_AATCCAGTCTATGTGG-1,-0.09834107806026707
CXCR3+,HC,PTC45044_CSF,GSM4104132_AATCGGTCACCAACCG-1,-0.09834107806026707
CXCR3-,HC,PTC45044_CSF,GSM4104132_AATCGGTGTAACGACG-1,-0.09834107806026707
CXCR3+,HC,PTC45044_CSF,GSM4104132_ACACCAACACGACTCG-1,-0.22320282242013004
CXCR3-,HC,PTC45044_CSF,GSM4104132_ACACCCTAGTGGGTTG-1,0.3007303833303246
CXCR3-,HC,PTC45044_CSF,GSM4104132_ACACCCTTCGATGAGG-1,-0.34584195132805456
CXCR3-,HC,PTC45044_CSF,GSM4104132_ACACCGGTCAGCTCGG-1,0.002476532531225769
CXCR3-,HC,PTC45044_CSF,GSM4104132_ACAGCTAGTCAAAGAT-1,-0.736178004552232
CXCR3-,HC,PTC45044_CSF,GSM4104132_ACAGCTAGTGCAGTAG-1,-0.7948675978112979
CXCR3+,HC,PTC45044_CSF,GSM4104132_ACATCAGAGTGTGAAT-1,-0.5899854234997698
CXCR3+,HC,PTC45044_CSF,GSM4104132_ACATCAGCATCACCCT-1,0.05836122517046665
CXCR3-,HC,PTC45044_CSF,GSM4104132_ACATGGTGTAGCTTGT-1,0.6261450067932044
CXCR3+,HC,PTC45044_CSF,GSM4104132_ACATGGTGTATAGGGC-1,-0.5193286350476621
CXCR3-,HC,PTC45044_CSF,GSM4104132_ACATGGTTCTTGCCGT-1,-0.40110862025843946
CXCR3+,HC,PTC45044_CSF,GSM4104132_ACCGTAACACGACTCG-1,-0.054005140690296285
CXCR3-,HC,PTC45044_CSF,GSM4104132_ACCTTTATCAACGGGA-1,-0.2816736627060528
CXCR3+,HC,PTC45044_CSF,GSM4104132_ACGAGCCAGTATGACA-1,-0.8326139619186004
CXCR3-,HC,PTC45044_CSF,GSM4104132_ACGAGCCCACGAAGCA-1,-0.024892850417951955
CXCR3-,HC,PTC45044_CSF,GSM4104132_ACGATACGTCATGCAT-1,-0.12117768971552692
CXCR3-,HC,PTC45044_CSF,GSM4104132_ACGATACTCCTCATTA-1,0.17429116398818967
CXCR3-,HC,PTC45044_CSF,GSM4104132_ACGATGTGTCTAACGT-1,-0.306724942711117
CXCR3-,HC,PTC45044_CSF,GSM4104132_ACGATGTTCTTCTGGC-1,-0.9333047011133535
CXCR3-,HC,PTC45044_CSF,GSM4104132_ACGCCAGAGATCCGAG-1,-0.37334032156600927
CXCR3-,HC,PTC45044_CSF,GSM4104132_ACGCCGAAGCTCCCAG-1,-0.09834107806026707
CXCR3-,HC,PTC45044_CSF,GSM4104132_ACGCCGAAGGGCACTA-1,-0.4984919571160444
CXCR3+,HC,PTC45044_CSF,GSM4104132_ACGCCGATCTGAGTGT-1,-0.09834107806026707
CXCR3+,HC,PTC45044_CSF,GSM4104132_ACGGGCTAGATGCCTT-1,-0.3117529481123909
CXCR3+,HC,PTC45044_CSF,GSM4104132_ACGGGCTTCAGCTGGC-1,-0.09834107806026707
CXCR3-,HC,PTC45044_CSF,GSM4104132_ACGTCAATCTCGGACG-1,-0.09834107806026707
CXCR3+,HC,PTC45044_CSF,GSM4104132_ACTATCTCAATGAATG-1,-0.4682121451331939
CXCR3+,HC,PTC45044_CSF,GSM4104132_ACTATCTGTCAACTGT-1,-0.09834107806026707
CXCR3+,HC,PTC45044_CSF,GSM4104132_ACTGATGTCGTCACGG-1,-0.5944647747442982
CXCR3+,HC,PTC45044_CSF,GSM4104132_ACTTACTGTCCTGCTT-1,-1.0520509181727942
CXCR3-,HC,PTC45044_CSF,GSM4104132_ACTTTCAAGGCTCATT-1,-0.2803491725598442
CXCR3+,HC,PTC45044_CSF,GSM4104132_ACTTTCAAGTATCTCG-1,-0.09834107806026707
CXCR3-,HC,PTC45044_CSF,GSM4104132_ACTTTCACATTCTTAC-1,0.0623561125965784
CXCR3-,HC,PTC45044_CSF,GSM4104132_ACTTTCAGTACTCAAC-1,-0.7629148422436982
CXCR3+,HC,PTC45044_CSF,GSM4104132_ACTTTCAGTTCAGTAC-1,-0.09834107806026707
CXCR3-,HC,PTC45044_CSF,GSM4104132_AGACGTTTCACATGCA-1,-0.09834107806026707
CXCR3-,HC,PTC45044_CSF,GSM4104132_AGAGCGATCGCATGAT-1,-0.04745824797076416
CXCR3-,HC,PTC45044_CSF,GSM4104132_AGAGCTTCATGGTCAT-1,-0.09834107806026707
CXCR3-,HC,PTC45044_CSF,GSM4104132_AGAGCTTGTGACGCCT-1,-0.2265230211193245
CXCR3-,HC,PTC45044_CSF,GSM4104132_AGATCTGCACCAGGTC-1,-0.36373032671200195
CXCR3-,HC,PTC45044_CSF,GSM4104132_AGCAGCCCAGTCAGCC-1,0.10818903458952388
CXCR3-,HC,PTC45044_CSF,GSM4104132_AGCCTAATCGGCTACG-1,-0.09834107806026707
CXCR3-,HC,PTC45044_CSF,GSM4104132_AGCGGTCAGATGGGTC-1,-0.09834107806026707
CXCR3-,HC,PTC45044_CSF,GSM4104132_AGCGGTCGTTGAGTTC-1,-0.09834107806026707
CXCR3-,HC,PTC45044_CSF,GSM4104132_AGCGTATCATTCCTGC-1,-0.26069809826468066
CXCR3-,HC,PTC45044_CSF,GSM4104132_AGCGTCGGTACCGAGA-1,-0.540719177378611
CXCR3+,HC,PTC45044_CSF,GSM4104132_AGCTCTCTCTTGTACT-1,-0.15362814238822903
CXCR3-,HC,PTC45044_CSF,GSM4104132_AGCTTGACAGCCTTTC-1,-0.09834107806026707
CXCR3-,HC,PTC45044_CSF,GSM4104132_AGGCCACTCGGTGTCG-1,-0.09834107806026707
CXCR3+,HC,PTC45044_CSF,GSM4104132_AGGCCGTGTAAATGTG-1,-0.38145250815218035
CXCR3-,HC,PTC45044_CSF,GSM4104132_AGGCCGTTCTCTAAGG-1,-0.09834107806026707
CXCR3+,HC,PTC45044_CSF,GSM4104132_AGGGAGTGTTTGACTG-1,-0.25359371737927255
CXCR3+,HC,PTC45044_CSF,GSM4104132_AGGGATGGTACCGCTG-1,-0.6219825551866268
CXCR3-,HC,PTC45044_CSF,GSM4104132_AGGGTGAAGGAATTAC-1,-0.3758574506700714
CXCR3+,HC,PTC45044_CSF,GSM4104132_AGGTCCGAGTGCCAGA-1,-0.09834107806026707
CXCR3-,HC,PTC45044_CSF,GSM4104132_AGGTCCGCACCACGTG-1,0.19562330714279672
CXCR3-,HC,PTC45044_CSF,GSM4104132_AGTAGTCTCTAACCGA-1,-0.09834107806026707
CXCR3-,HC,PTC45044_CSF,GSM4104132_AGTTGGTAGCTGATAA-1,-0.06990324092222301
CXCR3-,HC,PTC45044_CSF,GSM4104132_AGTTGGTCAGTCGTGC-1,-0.14994690128703983
CXCR3-,HC,PTC45044_CSF,GSM4104132_ATAGACCAGATTACCC-1,0.2861263386137956
CXCR3-,HC,PTC45044_CSF,GSM4104132_ATAGACCAGCTGAAAT-1,0.11633149728915004
CXCR3-,HC,PTC45044_CSF,GSM4104132_ATAGACCTCCTTAATC-1,0.1922420214390639
CXCR3-,HC,PTC45044_CSF,GSM4104132_ATCACGAGTCTTGTCC-1,-0.09834107806026707
CXCR3-,HC,PTC45044_CSF,GSM4104132_ATCACGATCCTGTACC-1,-0.27180934715658545
CXCR3-,HC,PTC45044_CSF,GSM4104132_ATCATCTGTTGAGGTG-1,-0.3446710755141597
CXCR3-,HC,PTC45044_CSF,GSM4104132_ATCATCTTCCTCCTAG-1,-0.09834107806026707
CXCR3-,HC,PTC45044_CSF,GSM4104132_ATCATGGAGGCGACAT-1,-0.09834107806026707
CXCR3-,HC,PTC45044_CSF,GSM4104132_ATCCACCAGCTGTTCA-1,-0.9709586862066422
CXCR3-,HC,PTC45044_CSF,GSM4104132_ATCTACTAGATCCCAT-1,-0.09834107806026707
CXCR3-,HC,PTC45044_CSF,GSM4104132_ATGAGGGTCAACACGT-1,-0.09834107806026707
CXCR3-,HC,PTC45044_CSF,GSM4104132_ATGAGGGTCGTAGGTT-1,-0.09834107806026707
CXCR3-,HC,PTC45044_CSF,GSM4104132_ATGCGATAGCGGATCA-1,-0.4054136533618097
CXCR3-,HC,PTC45044_CSF,GSM4104132_ATGCGATGTTACGCGC-1,-0.25054164412800517
CXCR3-,HC,PTC45044_CSF,GSM4104132_ATGGGAGCACGTTGGC-1,0.4796484260279329
CXCR3-,HC,PTC45044_CSF,GSM4104132_ATGGGAGTCACGCATA-1,-0.8658014743949882
CXCR3-,HC,PTC45044_CSF,GSM4104132_ATGTGTGAGTCCCACG-1,-0.09834107806026707
CXCR3-,HC,PTC45044_CSF,GSM4104132_ATTATCCCAATGGATA-1,-0.3938244036442991
CXCR3-,HC,PTC45044_CSF,GSM4104132_ATTCTACGTCGGCTCA-1,-0.5225631811545492
CXCR3-,HC,PTC45044_CSF,GSM4104132_ATTGGACGTAGATTAG-1,-0.3850285516905621
CXCR3-,HC,PTC45044_CSF,GSM4104132_ATTGGACGTGGCAAAC-1,0.013174876766495838
CXCR3-,HC,PTC45044_CSF,GSM4104132_CAACCAATCTAACTTC-1,-0.36884266779438873
CXCR3-,HC,PTC45044_CSF,GSM4104132_CAACCTCCATCGACGC-1,-0.5259640619014085
CXCR3-,HC,PTC45044_CSF,GSM4104132_CAACCTCCATGCCTTC-1,-0.592491998986835
CXCR3+,HC,PTC45044_CSF,GSM4104132_CAACCTCGTGCAGTAG-1,-0.060822321048153896
CXCR3-,HC,PTC45044_CSF,GSM4104132_CAACTAGAGAATGTTG-1,-0.09834107806026707
CXCR3+,HC,PTC45044_CSF,GSM4104132_CAAGGCCAGTGAAGTT-1,-0.6120230038092419
CXCR3+,HC,PTC45044_CSF,GSM4104132_CAAGTTGCAGGCTGAA-1,0.040179388646690774
CXCR3-,HC,PTC45044_CSF,GSM4104132_CACAAACAGCGTAGTG-1,0.11275939966015582
CXCR3-,HC,PTC45044_CSF,GSM4104132_CACAAACCAATCACAC-1,-0.1953609241434697
CXCR3-,HC,PTC45044_CSF,GSM4104132_CACACCTAGTGTCCCG-1,-0.09834107806026707
CXCR3-,HC,PTC45044_CSF,GSM4104132_CACACTCCAAAGCGGT-1,-0.5284421338271388
CXCR3+,HC,PTC45044_CSF,GSM4104132_CACACTCTCAATACCG-1,-0.49123392491959655
CXCR3+,HC,PTC45044_CSF,GSM4104132_CACAGGCCACAAGCCC-1,0.2615305603027467
CXCR3-,HC,PTC45044_CSF,GSM4104132_CACAGGCGTTCACCTC-1,-0.22095010922153438
CXCR3-,HC,PTC45044_CSF,GSM4104132_CACAGTACATGCTAGT-1,-0.6404272415722866
CXCR3-,HC,PTC45044_CSF,GSM4104132_CACATTTGTATTAGCC-1,-0.09834107806026707
CXCR3-,HC,PTC45044_CSF,GSM4104132_CACATTTTCTCGTTTA-1,-0.8673948256278139
CXCR3+,HC,PTC45044_CSF,GSM4104132_CACCAGGCACCAGATT-1,-0.09834107806026707
CXCR3+,HC,PTC45044_CSF,GSM4104132_CACCTTGTCTTACCGC-1,-1.096227487150351
CXCR3+,HC,PTC45044_CSF,GSM4104132_CAGAGAGCACGGCTAC-1,0.025597837686423954
CXCR3-,HC,PTC45044_CSF,GSM4104132_CAGATCAAGGACATTA-1,-0.2738897835724264
CXCR3+,HC,PTC45044_CSF,GSM4104132_CAGCATAAGGTCGGAT-1,-0.8456086718259416
CXCR3+,HC,PTC45044_CSF,GSM4104132_CAGCCGAGTCTACCTC-1,-0.23145860619946462
CXCR3-,HC,PTC45044_CSF,GSM4104132_CAGCTAAAGCTTTGGT-1,-0.014692906738307254
CXCR3-,HC,PTC45044_CSF,GSM4104132_CAGCTGGCAAGGCTCC-1,-0.6897048105886483
CXCR3-,HC,PTC45044_CSF,GSM4104132_CAGCTGGGTACGCTGC-1,0.07165938020774516
CXCR3-,HC,PTC45044_CSF,GSM4104132_CAGCTGGGTTATCGGT-1,-0.09834107806026707
CXCR3-,HC,PTC45044_CSF,GSM4104132_CAGTAACAGCTGGAAC-1,0.1298189267344505
CXCR3-,HC,PTC45044_CSF,GSM4104132_CAGTAACAGTACGACG-1,-0.2845628688121584
CXCR3+,HC,PTC45044_CSF,GSM4104132_CAGTAACCAAAGCGGT-1,-0.19042705022805384
CXCR3-,HC,PTC45044_CSF,GSM4104132_CAGTAACTCTGCCAGG-1,-0.17260412647744675
CXCR3-,HC,PTC45044_CSF,GSM4104132_CAGTCCTCAAGCCCAC-1,-0.09834107806026707
CXCR3+,HC,PTC45044_CSF,GSM4104132_CATATGGAGATAGTCA-1,-0.3428573284397202
CXCR3-,HC,PTC45044_CSF,GSM4104132_CATATGGCATGAGCGA-1,-0.09834107806026707
CXCR3-,HC,PTC45044_CSF,GSM4104132_CATATGGTCAGTCCCT-1,-0.514519456527378
CXCR3-,HC,PTC45044_CSF,GSM4104132_CATCAAGCAAGTAATG-1,-0.9993104838819503
CXCR3-,HC,PTC45044_CSF,GSM4104132_CATCAAGCAATAGCGG-1,-0.4249224388114681
CXCR3-,HC,PTC45044_CSF,GSM4104132_CATCAAGGTACTTAGC-1,-0.525302868965397
CXCR3-,HC,PTC45044_CSF,GSM4104132_CATCAAGGTCCGCTGA-1,-0.2285748554955551
CXCR3-,HC,PTC45044_CSF,GSM4104132_CATCAGAAGCCTTGAT-1,-0.5303632697277006
CXCR3-,HC,PTC45044_CSF,GSM4104132_CATCAGACAAGCCATT-1,-0.9382280235147377
CXCR3-,HC,PTC45044_CSF,GSM4104132_CATCAGATCCAGTAGT-1,-0.542020693610443
CXCR3-,HC,PTC45044_CSF,GSM4104132_CATCCACCAGCTCGCA-1,-0.09834107806026707
CXCR3-,HC,PTC45044_CSF,GSM4104132_CATCGAAAGAAGAAGC-1,-0.2858866873171955
CXCR3-,HC,PTC45044_CSF,GSM4104132_CATCGAAAGAGCTGGT-1,-0.38196092303484586
CXCR3-,HC,PTC45044_CSF,GSM4104132_CATGACAAGCAGACTG-1,-0.7543779836041732
CXCR3-,HC,PTC45044_CSF,GSM4104132_CATGACACAATCAGAA-1,-0.1307804861678364
CXCR3-,HC,PTC45044_CSF,GSM4104132_CATGACAGTACTTCTT-1,-0.09834107806026707
CXCR3+,HC,PTC45044_CSF,GSM4104132_CATGCCTAGCCGGTAA-1,-1.065902860150946
CXCR3-,HC,PTC45044_CSF,GSM4104132_CATGCCTTCTTTCCTC-1,-0.004201483675008071
CXCR3-,HC,PTC45044_CSF,GSM4104132_CATGGCGTCGCAGGCT-1,-0.44175141380105626
CXCR3-,HC,PTC45044_CSF,GSM4104132_CATTATCTCGTAGATC-1,-0.743652487156787
CXCR3-,HC,PTC45044_CSF,GSM4104132_CCAATCCAGCTTTGGT-1,-0.5384896695308478
CXCR3-,HC,PTC45044_CSF,GSM4104132_CCAGCGAGTATGCTTG-1,-0.2445575018419903
CXCR3+,HC,PTC45044_CSF,GSM4104132_CCATTCGAGAGTACAT-1,-0.09834107806026707
CXCR3+,HC,PTC45044_CSF,GSM4104132_CCATTCGGTCGCGAAA-1,0.011366208047479644
CXCR3-,HC,PTC45044_CSF,GSM4104132_CCATTCGTCAATCACG-1,-0.11551314206185088
CXCR3+,HC,PTC45044_CSF,GSM4104132_CCCAGTTTCCGAGCCA-1,0.4260505565321302
CXCR3-,HC,PTC45044_CSF,GSM4104132_CCCATACCAACAACCT-1,-0.2417553524029184
CXCR3+,HC,PTC45044_CSF,GSM4104132_CCCATACGTTCCTCCA-1,-1.0013115158674357
CXCR3+,HC,PTC45044_CSF,GSM4104132_CCCATACTCTTCGGTC-1,-1.0480360079424467
CXCR3-,HC,PTC45044_CSF,GSM4104132_CCCTCCTTCGGATGTT-1,-0.2651988951408714
CXCR3-,HC,PTC45044_CSF,GSM4104132_CCGGGATAGAGACGAA-1,0.20156327664764323
CXCR3+,HC,PTC45044_CSF,GSM4104132_CCGGGATAGTGCCAGA-1,-0.24876123583392346
CXCR3-,HC,PTC45044_CSF,GSM4104132_CCGGGATGTAGTAGTA-1,-1.1638059321764582
CXCR3+,HC,PTC45044_CSF,GSM4104132_CCGGGATGTGTTGGGA-1,-0.6630036167549747
CXCR3-,HC,PTC45044_CSF,GSM4104132_CCGGTAGAGACGACGT-1,-0.18437331862320053
CXCR3+,HC,PTC45044_CSF,GSM4104132_CCGGTAGTCTCCTATA-1,0.385952112394463
CXCR3-,HC,PTC45044_CSF,GSM4104132_CCGTACTCAGTCTTCC-1,0.1358391849873981
CXCR3-,HC,PTC45044_CSF,GSM4104132_CCGTGGACAGACTCGC-1,-0.7646519328531572
CXCR3-,HC,PTC45044_CSF,GSM4104132_CCGTGGATCTACCTGC-1,-0.3626573759701705
CXCR3+,HC,PTC45044_CSF,GSM4104132_CCTAAAGCAATCTGCA-1,-0.25852400488095123
CXCR3-,HC,PTC45044_CSF,GSM4104132_CCTAAAGGTCCGTTAA-1,-0.09834107806026707
CXCR3-,HC,PTC45044_CSF,GSM4104132_CCTACACAGTACCGGA-1,-0.7976212513506505
CXCR3-,HC,PTC45044_CSF,GSM4104132_CCTACACAGTCCTCCT-1,0.13218057589841267
CXCR3-,HC,PTC45044_CSF,GSM4104132_CCTACACGTAGAGCTG-1,-0.28446860238834076
CXCR3-,HC,PTC45044_CSF,GSM4104132_CCTAGCTGTGACTCAT-1,-0.08597891775205514
CXCR3+,HC,PTC45044_CSF,GSM4104132_CCTATTACATTCACTT-1,-0.5296367308066343
CXCR3-,HC,PTC45044_CSF,GSM4104132_CCTCTGAGTAGAAAGG-1,-0.9980618883243721
CXCR3+,HC,PTC45044_CSF,GSM4104132_CCTCTGAGTATGAATG-1,-0.09834107806026707
CXCR3-,HC,PTC45044_CSF,GSM4104132_CCTTCCCCACTCTGTC-1,-0.09834107806026707
CXCR3+,HC,PTC45044_CSF,GSM4104132_CCTTTCTCAGTGAGTG-1,-0.4400449512088724
CXCR3-,HC,PTC45044_CSF,GSM4104132_CCTTTCTCATAGACTC-1,-0.23283662121629492
CXCR3-,HC,PTC45044_CSF,GSM4104132_CCTTTCTGTGTTCGAT-1,0.3080843793427722
CXCR3-,HC,PTC45044_CSF,GSM4104132_CCTTTCTTCCCTAATT-1,-0.07397173526854536
CXCR3-,HC,PTC45044_CSF,GSM4104132_CGAACATAGAATAGGG-1,-0.09834107806026707
CXCR3-,HC,PTC45044_CSF,GSM4104132_CGAACATAGGGTTTCT-1,-0.11265854035589203
CXCR3+,HC,PTC45044_CSF,GSM4104132_CGAACATGTCGGGTCT-1,-0.6199847304150276
CXCR3-,HC,PTC45044_CSF,GSM4104132_CGACCTTAGCGTGAAC-1,-1.4219032158696925
CXCR3+,HC,PTC45044_CSF,GSM4104132_CGACTTCAGGCCGAAT-1,-0.24505463035531264
CXCR3-,HC,PTC45044_CSF,GSM4104132_CGACTTCCATATGGTC-1,-0.030066348970618724
CXCR3+,HC,PTC45044_CSF,GSM4104132_CGAGAAGCAGGGATTG-1,-0.009435344241064292
CXCR3+,HC,PTC45044_CSF,GSM4104132_CGAGCACTCAAAGACA-1,-0.09834107806026707
CXCR3+,HC,PTC45044_CSF,GSM4104132_CGATGGCCAATGAATG-1,-1.3235441291633696
CXCR3+,HC,PTC45044_CSF,GSM4104132_CGATGTACATCAGTCA-1,-0.33608538232307567
CXCR3-,HC,PTC45044_CSF,GSM4104132_CGATGTAGTCCGTCAG-1,-0.9922168396688872
CXCR3+,HC,PTC45044_CSF,GSM4104132_CGATTGACACAGGTTT-1,-0.7887835450767555
CXCR3-,HC,PTC45044_CSF,GSM4104132_CGATTGATCCGCAGTG-1,-1.1614086969469573
CXCR3-,HC,PTC45044_CSF,GSM4104132_CGCCAAGAGTGGCACA-1,-0.344733468195911
CXCR3-,HC,PTC45044_CSF,GSM4104132_CGCGTTTAGTGCTGCC-1,-0.3887660027431406
CXCR3-,HC,PTC45044_CSF,GSM4104132_CGCTATCCATGATCCA-1,-0.3844731035255056
CXCR3+,HC,PTC45044_CSF,GSM4104132_CGCTGGAAGTTCCACA-1,-0.5600393450970135
CXCR3-,HC,PTC45044_CSF,GSM4104132_CGCTGGAGTGTTGGGA-1,-0.605503651796392
CXCR3+,HC,PTC45044_CSF,GSM4104132_CGCTGGATCTATGTGG-1,0.17136919143725357
CXCR3-,HC,PTC45044_CSF,GSM4104132_CGCTTCAAGCCACTAT-1,-0.4656050305671889
CXCR3-,HC,PTC45044_CSF,GSM4104132_CGGACACAGGTAGCCA-1,0.08969806812989832
CXCR3-,HC,PTC45044_CSF,GSM4104132_CGGACACTCCCAAGAT-1,-0.3243360799545284
CXCR3-,HC,PTC45044_CSF,GSM4104132_CGGACGTAGATCGGGT-1,-0.31489183367264967
CXCR3-,HC,PTC45044_CSF,GSM4104132_CGGACGTCATCGATGT-1,-0.5396223164106358
CXCR3-,HC,PTC45044_CSF,GSM4104132_CGGACTGAGAAACCGC-1,-0.5109691949192744
CXCR3-,HC,PTC45044_CSF,GSM4104132_CGGAGTCAGACGCACA-1,-0.7488906341403878
CXCR3-,HC,PTC45044_CSF,GSM4104132_CGGCTAGGTCGTGGCT-1,0.26180166216892264
CXCR3-,HC,PTC45044_CSF,GSM4104132_CGGGTCACATGTCCTC-1,-0.5935621197643686
CXCR3+,HC,PTC45044_CSF,GSM4104132_CGGGTCATCAGCTCGG-1,-0.06286892201276871
CXCR3+,HC,PTC45044_CSF,GSM4104132_CGGTTAACAACTGGCC-1,-0.45770792443956804
CXCR3+,HC,PTC45044_CSF,GSM4104132_CGGTTAAGTTCAGACT-1,-0.08459553992816879
CXCR3+,HC,PTC45044_CSF,GSM4104132_CGTAGCGCAGTGGAGT-1,-0.4227299982921222
CXCR3+,HC,PTC45044_CSF,GSM4104132_CGTAGCGTCCGTAGTA-1,-0.09834107806026707
CXCR3-,HC,PTC45044_CSF,GSM4104132_CGTCACTTCATTGCCC-1,-0.0873686749863143
CXCR3-,HC,PTC45044_CSF,GSM4104132_CGTCAGGAGTTCCACA-1,-0.37299353357655807
CXCR3-,HC,PTC45044_CSF,GSM4104132_CGTCAGGTCGCATGAT-1,-0.25576334532629
CXCR3-,HC,PTC45044_CSF,GSM4104132_CGTCCATAGTCAATAG-1,-0.09834107806026707
CXCR3-,HC,PTC45044_CSF,GSM4104132_CGTCCATCAGGGTACA-1,-0.09834107806026707
CXCR3+,HC,PTC45044_CSF,GSM4104132_CGTCTACCACCAACCG-1,-0.2834768021173087
CXCR3+,HC,PTC45044_CSF,GSM4104132_CGTCTACTCTCTGCTG-1,-0.09834107806026707
CXCR3-,HC,PTC45044_CSF,GSM4104132_CGTGAGCCAGTTCATG-1,0.3622702191521701
CXCR3-,HC,PTC45044_CSF,GSM4104132_CGTGTCTTCAGTCAGT-1,-0.23898062848066037
CXCR3-,HC,PTC45044_CSF,GSM4104132_CGTTAGACATCGGACC-1,-0.7113702695122688
CXCR3-,HC,PTC45044_CSF,GSM4104132_CGTTAGAGTCATATGC-1,0.15359984424940198
CXCR3+,HC,PTC45044_CSF,GSM4104132_CGTTCTGTCTGCAGTA-1,-0.4143812996827446
CXCR3-,HC,PTC45044_CSF,GSM4104132_CGTTGGGTCCTCAACC-1,-0.2944435207002603
CXCR3-,HC,PTC45044_CSF,GSM4104132_CGTTGGGTCGCCCTTA-1,-0.4312972417442906
CXCR3-,HC,PTC45044_CSF,GSM4104132_CTAACTTAGACTGTAA-1,-0.2608657338061285
CXCR3-,HC,PTC45044_CSF,GSM4104132_CTAATGGCACTTCGAA-1,0.1761923882936806
CXCR3-,HC,PTC45044_CSF,GSM4104132_CTAATGGGTCACTTCC-1,-0.4886226814612897
CXCR3-,HC,PTC45044_CSF,GSM4104132_CTACACCAGGTGATAT-1,0.1684071579899147
CXCR3-,HC,PTC45044_CSF,GSM4104132_CTACACCCATGTCTCC-1,-0.09184481923899726
CXCR3-,HC,PTC45044_CSF,GSM4104132_CTACATTCACGGCGTT-1,-0.2208112587524347
CXCR3-,HC,PTC45044_CSF,GSM4104132_CTACCCAAGACTCGGA-1,0.13258849776988763
CXCR3-,HC,PTC45044_CSF,GSM4104132_CTACGTCCAATCGGTT-1,-0.853804675162781
CXCR3-,HC,PTC45044_CSF,GSM4104132_CTACGTCTCTGCGGCA-1,-0.5628224733038356
CXCR3-,HC,PTC45044_CSF,GSM4104132_CTAGCCTCAGTCACTA-1,-0.8047119628792991
CXCR3-,HC,PTC45044_CSF,GSM4104132_CTCACACGTGCAACTT-1,-0.5014172058602376
CXCR3+,HC,PTC45044_CSF,GSM4104132_CTCAGAATCTGCAGTA-1,-1.1770753186850553
CXCR3-,HC,PTC45044_CSF,GSM4104132_CTCATTACATCACGAT-1,-0.09834107806026707
CXCR3-,HC,PTC45044_CSF,GSM4104132_CTCATTAGTAAGTGGC-1,0.10536611091988415
CXCR3-,HC,PTC45044_CSF,GSM4104132_CTCCTAGAGGCAAAGA-1,-0.47601503667986655
CXCR3-,HC,PTC45044_CSF,GSM4104132_CTCCTAGGTTCCCTTG-1,-0.3500868785102016
CXCR3+,HC,PTC45044_CSF,GSM4104132_CTCCTAGTCCCTTGCA-1,-0.5413530338354994
CXCR3-,HC,PTC45044_CSF,GSM4104132_CTCGAGGGTGATGTGG-1,-0.22948155460576666
CXCR3-,HC,PTC45044_CSF,GSM4104132_CTCGAGGTCACAACGT-1,-0.47305146657016506
CXCR3-,HC,PTC45044_CSF,GSM4104132_CTCGGGAGTATCAGTC-1,-0.3457287331689001
CXCR3-,HC,PTC45044_CSF,GSM4104132_CTCTAATAGGCTATCT-1,0.26307008196517845
CXCR3-,HC,PTC45044_CSF,GSM4104132_CTCTAATTCCCAACGG-1,-0.09834107806026707
CXCR3-,HC,PTC45044_CSF,GSM4104132_CTCTAATTCGTCCGTT-1,-0.8652997524059592
CXCR3+,HC,PTC45044_CSF,GSM4104132_CTCTACGAGCAGGCTA-1,-0.09834107806026707
CXCR3+,HC,PTC45044_CSF,GSM4104132_CTCTACGAGCATGGCA-1,-0.1940123785466885
CXCR3-,HC,PTC45044_CSF,GSM4104132_CTCTACGGTCGCTTTC-1,-0.30461931454730234
CXCR3-,HC,PTC45044_CSF,GSM4104132_CTGAAACAGTACGCGA-1,-0.3267840629234711
CXCR3-,HC,PTC45044_CSF,GSM4104132_CTGAAACTCAACCAAC-1,-0.09834107806026707
CXCR3-,HC,PTC45044_CSF,GSM4104132_CTGAAGTTCAGTTAGC-1,0.37545559717138766
CXCR3-,HC,PTC45044_CSF,GSM4104132_CTGATAGCAAGTCATC-1,-0.46431729107006453
CXCR3-,HC,PTC45044_CSF,GSM4104132_CTGATAGTCCCTTGCA-1,-0.24523879152868666
CXCR3+,HC,PTC45044_CSF,GSM4104132_CTGATCCCAATAGCAA-1,-0.7922404664825208
CXCR3-,HC,PTC45044_CSF,GSM4104132_CTGATCCCATTTCACT-1,-0.5510278085371914
CXCR3-,HC,PTC45044_CSF,GSM4104132_CTGCGGATCCTACAGA-1,-0.06376883741502666
CXCR3+,HC,PTC45044_CSF,GSM4104132_CTGGTCTCACGGCTAC-1,-0.09834107806026707
CXCR3-,HC,PTC45044_CSF,GSM4104132_CTGTGCTCACGTCAGC-1,-0.09834107806026707
CXCR3-,HC,PTC45044_CSF,GSM4104132_CTGTGCTTCTCGATGA-1,-0.02905928293470363
CXCR3+,HC,PTC45044_CSF,GSM4104132_CTGTTTACAGCGTTCG-1,-0.21795857135246496
CXCR3-,HC,PTC45044_CSF,GSM4104132_CTTAACTCATCTGGTA-1,0.3925937091523561
CXCR3-,HC,PTC45044_CSF,GSM4104132_CTTACCGCAGCCAATT-1,-0.20536710637252634
CXCR3+,HC,PTC45044_CSF,GSM4104132_CTTACCGCAGGACCCT-1,-0.09834107806026707
CXCR3-,HC,PTC45044_CSF,GSM4104132_CTTACCGGTAGCGTGA-1,-0.5013128198387694
CXCR3-,HC,PTC45044_CSF,GSM4104132_CTTAGGATCCGCATCT-1,-0.3378571337961182
CXCR3-,HC,PTC45044_CSF,GSM4104132_CTTCTCTCAAGTCTGT-1,-0.09834107806026707
CXCR3-,HC,PTC45044_CSF,GSM4104132_CTTGGCTTCGCCATAA-1,-0.3056861296713492
CXCR3-,HC,PTC45044_CSF,GSM4104132_CTTTGCGGTTACGACT-1,-0.09834107806026707
CXCR3+,HC,PTC45044_CSF,GSM4104132_CTTTGCGTCCAGTATG-1,-0.09834107806026707
CXCR3-,HC,PTC45044_CSF,GSM4104132_GAAACTCTCAGTTTGG-1,-0.09834107806026707
CXCR3-,HC,PTC45044_CSF,GSM4104132_GAAATGAAGTTGTAGA-1,-0.08574238298459327
CXCR3-,HC,PTC45044_CSF,GSM4104132_GAAATGACAAACCTAC-1,-0.09834107806026707
CXCR3+,HC,PTC45044_CSF,GSM4104132_GAAATGACAAGCGAGT-1,-0.29179900755662386
CXCR3-,HC,PTC45044_CSF,GSM4104132_GAAATGATCCTATGTT-1,0.14664147635884733
CXCR3+,HC,PTC45044_CSF,GSM4104132_GAACATCCATACGCTA-1,-0.8557581304504077
CXCR3-,HC,PTC45044_CSF,GSM4104132_GAACCTACAATGTAAG-1,0.1153267269190135
CXCR3-,HC,PTC45044_CSF,GSM4104132_GAACCTAGTGGACGAT-1,-0.09834107806026707
CXCR3-,HC,PTC45044_CSF,GSM4104132_GAAGCAGGTCATTAGC-1,-0.26452203572996796
CXCR3-,HC,PTC45044_CSF,GSM4104132_GAATGAAGTGTTTGTG-1,-0.06439581751276567
CXCR3-,HC,PTC45044_CSF,GSM4104132_GACACGCAGGTTCCTA-1,-0.8085847915799231
CXCR3-,HC,PTC45044_CSF,GSM4104132_GACAGAGGTGTGCCTG-1,-0.31415626724733586
CXCR3-,HC,PTC45044_CSF,GSM4104132_GACCAATAGTCCTCCT-1,-0.9126202981162576
CXCR3-,HC,PTC45044_CSF,GSM4104132_GACCAATAGTGGGCTA-1,-0.8685170046332668
CXCR3-,HC,PTC45044_CSF,GSM4104132_GACCAATCACATTCGA-1,0.5643498359663416
CXCR3-,HC,PTC45044_CSF,GSM4104132_GACCAATGTTGGGACA-1,-0.39443728656476684
CXCR3-,HC,PTC45044_CSF,GSM4104132_GACCTGGCAATGCCAT-1,-0.22301067493131482
CXCR3+,HC,PTC45044_CSF,GSM4104132_GACCTGGCAGTCGATT-1,-0.09834107806026707
CXCR3+,HC,PTC45044_CSF,GSM4104132_GACCTGGGTGCAGTAG-1,-0.09834107806026707
CXCR3-,HC,PTC45044_CSF,GSM4104132_GACGCGTTCCTACAGA-1,-0.48318336554818797
CXCR3-,HC,PTC45044_CSF,GSM4104132_GACGGCTAGAGGTTGC-1,-1.0053928642519392
CXCR3+,HC,PTC45044_CSF,GSM4104132_GACGTGCCATAGACTC-1,-0.42764373033861525
CXCR3-,HC,PTC45044_CSF,GSM4104132_GACTAACGTCTAGAGG-1,-0.4567854568704263
CXCR3-,HC,PTC45044_CSF,GSM4104132_GACTACACAGGACGTA-1,-0.08283077004355506
CXCR3-,HC,PTC45044_CSF,GSM4104132_GACTGCGAGCAGACTG-1,0.1423709134957004
CXCR3-,HC,PTC45044_CSF,GSM4104132_GACTGCGCACGTCTCT-1,-0.204236905512752
CXCR3-,HC,PTC45044_CSF,GSM4104132_GACTGCGGTCTAAACC-1,-1.017302970116164
CXCR3+,HC,PTC45044_CSF,GSM4104132_GACTGCGGTGTCTGAT-1,-0.37860489242966266
CXCR3-,HC,PTC45044_CSF,GSM4104132_GAGCAGACATCCGGGT-1,-0.09834107806026707
CXCR3-,HC,PTC45044_CSF,GSM4104132_GAGTCCGTCTGTGCAA-1,-0.3762836044876311
CXCR3-,HC,PTC45044_CSF,GSM4104132_GATCAGTCAATGCCAT-1,-0.03218340507334094
CXCR3-,HC,PTC45044_CSF,GSM4104132_GATCGCGGTACGAAAT-1,-1.05515344650759
CXCR3-,HC,PTC45044_CSF,GSM4104132_GATCGCGTCACAAACC-1,0.12996452305238218
CXCR3+,HC,PTC45044_CSF,GSM4104132_GATCGTATCAACCAAC-1,-0.0029354346668998238
CXCR3-,HC,PTC45044_CSF,GSM4104132_GATGAAAGTTGTCTTT-1,0.23528431713949774
CXCR3-,HC,PTC45044_CSF,GSM4104132_GATGAGGGTGTAATGA-1,-0.19947425355252113
CXCR3+,HC,PTC45044_CSF,GSM4104132_GATGAGGGTTAAGATG-1,-0.8783013525463023
CXCR3-,HC,PTC45044_CSF,GSM4104132_GATTCAGTCAACGAAA-1,-1.2222345120030635
CXCR3+,HC,PTC45044_CSF,GSM4104132_GCAAACTAGCAGACTG-1,-0.09834107806026707
CXCR3-,HC,PTC45044_CSF,GSM4104132_GCAATCAGTACCGCTG-1,-0.649687953573188
CXCR3-,HC,PTC45044_CSF,GSM4104132_GCAATCAGTCTAGTCA-1,0.1436483678345996
CXCR3-,HC,PTC45044_CSF,GSM4104132_GCACATACACAGATTC-1,-0.3628467855947168
CXCR3-,HC,PTC45044_CSF,GSM4104132_GCACATACAGACAGGT-1,-0.6190594062122015
CXCR3-,HC,PTC45044_CSF,GSM4104132_GCACATAGTAAGAGAG-1,-0.5118506268480154
CXCR3-,HC,PTC45044_CSF,GSM4104132_GCACATATCCTCCTAG-1,-0.09834107806026707
CXCR3-,HC,PTC45044_CSF,GSM4104132_GCACTCTCACAACGTT-1,0.13503796042584768
CXCR3-,HC,PTC45044_CSF,GSM4104132_GCACTCTGTGGTCCGT-1,0.24100916441730508
CXCR3+,HC,PTC45044_CSF,GSM4104132_GCAGCCACACATTTCT-1,-0.23303001799105758
CXCR3-,HC,PTC45044_CSF,GSM4104132_GCAGTTAAGATAGTCA-1,-0.5283046629597606
CXCR3-,HC,PTC45044_CSF,GSM4104132_GCATGATAGAGTACCG-1,-0.4582672992919036
CXCR3-,HC,PTC45044_CSF,GSM4104132_GCATGCGAGGGTATCG-1,-0.6593683476299074
CXCR3+,HC,PTC45044_CSF,GSM4104132_GCATGCGAGGGTCGAT-1,-0.3521187041950542
CXCR3-,HC,PTC45044_CSF,GSM4104132_GCATGTACAGACAGGT-1,0.22139580681586107
CXCR3+,HC,PTC45044_CSF,GSM4104132_GCCAAATTCAAGGCTT-1,-0.24085035017441395
CXCR3-,HC,PTC45044_CSF,GSM4104132_GCCTCTAAGCGATGAC-1,0.31238423135900817
CXCR3-,HC,PTC45044_CSF,GSM4104132_GCCTCTACATGGGAAC-1,-0.5264079586423219
CXCR3-,HC,PTC45044_CSF,GSM4104132_GCGAGAACACCGTTGG-1,-0.09834107806026707
CXCR3-,HC,PTC45044_CSF,GSM4104132_GCGAGAATCCTCATTA-1,-0.32315598575070437
CXCR3-,HC,PTC45044_CSF,GSM4104132_GCGCAACGTACGACCC-1,-0.53284523711614
CXCR3-,HC,PTC45044_CSF,GSM4104132_GCGCAGTAGGGAAACA-1,0.04533698044932228
CXCR3+,HC,PTC45044_CSF,GSM4104132_GCGCCAAAGGCATGGT-1,0.04534170875779834
CXCR3-,HC,PTC45044_CSF,GSM4104132_GCGCCAACATTTCAGG-1,-0.5265766534418325
CXCR3-,HC,PTC45044_CSF,GSM4104132_GCTCCTACAAGCGATG-1,-0.5481213344478161
CXCR3+,HC,PTC45044_CSF,GSM4104132_GCTCCTACAGCTGTGC-1,-0.26752970074054844
CXCR3-,HC,PTC45044_CSF,GSM4104132_GCTCTGTAGTGCCAGA-1,-0.09834107806026707
CXCR3-,HC,PTC45044_CSF,GSM4104132_GCTCTGTGTTGAGGTG-1,-0.3657653195633636
CXCR3-,HC,PTC45044_CSF,GSM4104132_GCTGCAGCACATCTTT-1,-0.5706447265612562
CXCR3-,HC,PTC45044_CSF,GSM4104132_GCTGGGTAGATATACG-1,-0.09834107806026707
CXCR3+,HC,PTC45044_CSF,GSM4104132_GCTGGGTCAGTACACT-1,-0.6150934549292122
CXCR3-,HC,PTC45044_CSF,GSM4104132_GCTTCCAAGAATTGTG-1,-0.2986234108908299
CXCR3-,HC,PTC45044_CSF,GSM4104132_GCTTCCAGTACCCAAT-1,-1.1191903668479368
CXCR3-,HC,PTC45044_CSF,GSM4104132_GCTTGAACACAGACAG-1,-0.24259110400674694
CXCR3-,HC,PTC45044_CSF,GSM4104132_GGAACTTCACGGTAGA-1,-0.09834107806026707
CXCR3-,HC,PTC45044_CSF,GSM4104132_GGAACTTGTCCGTGAC-1,-0.6997552128762194
CXCR3+,HC,PTC45044_CSF,GSM4104132_GGAATAAAGCGATAGC-1,-0.3867162472115095
CXCR3-,HC,PTC45044_CSF,GSM4104132_GGAATAAAGCGGATCA-1,-0.09834107806026707
CXCR3-,HC,PTC45044_CSF,GSM4104132_GGAATAAAGTTCGCAT-1,0.17193079990695428
CXCR3+,HC,PTC45044_CSF,GSM4104132_GGAATAAAGTTTGCGT-1,-0.2136055440984915
CXCR3-,HC,PTC45044_CSF,GSM4104132_GGAATAACATAGACTC-1,-0.02222842596304369
CXCR3+,HC,PTC45044_CSF,GSM4104132_GGAATAAGTCCAGTTA-1,-0.5674632992798031
CXCR3+,HC,PTC45044_CSF,GSM4104132_GGAATAAGTGAGGGTT-1,-1.2376800531910135
CXCR3-,HC,PTC45044_CSF,GSM4104132_GGAATAATCAGTTAGC-1,-0.09834107806026707
CXCR3-,HC,PTC45044_CSF,GSM4104132_GGACAGACAGCTTCGG-1,-0.09834107806026707
CXCR3-,HC,PTC45044_CSF,GSM4104132_GGACAGAGTCGAAAGC-1,-0.09834107806026707
CXCR3+,HC,PTC45044_CSF,GSM4104132_GGATGTTAGAAACCTA-1,-0.006228360637696416
CXCR3+,HC,PTC45044_CSF,GSM4104132_GGCAATTAGGAGTTTA-1,-1.0445268052463206
CXCR3-,HC,PTC45044_CSF,GSM4104132_GGCCGATGTATCGCAT-1,-0.29583009218343254
CXCR3-,HC,PTC45044_CSF,GSM4104132_GGCCGATTCGCCTGTT-1,-0.5307633922919158
CXCR3-,HC,PTC45044_CSF,GSM4104132_GGCGACTAGCCTATGT-1,0.06174872990263337
CXCR3-,HC,PTC45044_CSF,GSM4104132_GGCGACTGTGGTTTCA-1,-0.09834107806026707
CXCR3-,HC,PTC45044_CSF,GSM4104132_GGCTGGTCAATTGCTG-1,-0.2091302974901017
CXCR3-,HC,PTC45044_CSF,GSM4104132_GGGAATGAGTCTTGCA-1,-0.4037724429901182
CXCR3-,HC,PTC45044_CSF,GSM4104132_GGGAATGCATCGACGC-1,-0.3792960780778759
CXCR3-,HC,PTC45044_CSF,GSM4104132_GGGAATGTCCGCAGTG-1,-0.09834107806026707
CXCR3-,HC,PTC45044_CSF,GSM4104132_GGGACCTTCGAGCCCA-1,0.12514456196959575
CXCR3-,HC,PTC45044_CSF,GSM4104132_GGGAGATAGTCAATAG-1,-0.32812211394914226
CXCR3-,HC,PTC45044_CSF,GSM4104132_GGGAGATCAACGATCT-1,-0.8725393215505092
CXCR3-,HC,PTC45044_CSF,GSM4104132_GGGAGATGTCCCGACA-1,-0.4323066289152288
CXCR3-,HC,PTC45044_CSF,GSM4104132_GGGATGAGTCGGGTCT-1,-0.1655196829301027
CXCR3+,HC,PTC45044_CSF,GSM4104132_GGGCACTGTTTAGGAA-1,-0.20765509769317733
CXCR3-,HC,PTC45044_CSF,GSM4104132_GGGCACTTCAACACTG-1,-0.09834107806026707
CXCR3-,HC,PTC45044_CSF,GSM4104132_GGGCACTTCAACTCTT-1,-0.10815121660513885
CXCR3-,HC,PTC45044_CSF,GSM4104132_GGGCATCAGAGTCTGG-1,0.6511271477635816
CXCR3-,HC,PTC45044_CSF,GSM4104132_GGGTCTGGTATCACCA-1,-0.6112907825183476
CXCR3-,HC,PTC45044_CSF,GSM4104132_GGTATTGTCAGTTAGC-1,-0.09834107806026707
CXCR3-,HC,PTC45044_CSF,GSM4104132_GGTGAAGCATGTCCTC-1,-0.24995313351224402
CXCR3-,HC,PTC45044_CSF,GSM4104132_GTAACTGAGCGACGTA-1,-0.4340992502009975
CXCR3-,HC,PTC45044_CSF,GSM4104132_GTAACTGTCATTATCC-1,-0.13479633313197614
CXCR3-,HC,PTC45044_CSF,GSM4104132_GTACGTAAGGAGTACC-1,-0.2780281034655032
CXCR3-,HC,PTC45044_CSF,GSM4104132_GTACGTATCACGCGGT-1,-0.3895407931875397
CXCR3-,HC,PTC45044_CSF,GSM4104132_GTACGTATCGCCAGCA-1,-0.09834107806026707
CXCR3-,HC,PTC45044_CSF,GSM4104132_GTAGGCCAGGATGGAA-1,-0.7537366020756427
CXCR3+,HC,PTC45044_CSF,GSM4104132_GTAGGCCGTTCCCTTG-1,-0.21103015914630577
CXCR3-,HC,PTC45044_CSF,GSM4104132_GTATCTTAGGAGTAGA-1,0.15376590095150133
CXCR3-,HC,PTC45044_CSF,GSM4104132_GTATCTTCAATGTTGC-1,-0.27645379982747137
CXCR3-,HC,PTC45044_CSF,GSM4104132_GTATCTTTCGAGCCCA-1,-0.3658728443837064
CXCR3-,HC,PTC45044_CSF,GSM4104132_GTCACAAAGATAGGAG-1,0.014230379396053603
CXCR3-,HC,PTC45044_CSF,GSM4104132_GTCACAACAGGGTTAG-1,-0.2409636339899743
CXCR3+,HC,PTC45044_CSF,GSM4104132_GTCACGGGTACCGAGA-1,-0.22426309993233545
CXCR3-,HC,PTC45044_CSF,GSM4104132_GTCATTTAGGTTACCT-1,-1.0869892069455611
CXCR3-,HC,PTC45044_CSF,GSM4104132_GTCATTTAGTAGATGT-1,-0.5226512103222973
CXCR3-,HC,PTC45044_CSF,GSM4104132_GTCCTCACAATGACCT-1,-0.29184671102810206
CXCR3-,HC,PTC45044_CSF,GSM4104132_GTCCTCATCCAAGCCG-1,-0.23933855491569317
CXCR3-,HC,PTC45044_CSF,GSM4104132_GTCGTAATCTGATTCT-1,-0.2864984774026711
CXCR3-,HC,PTC45044_CSF,GSM4104132_GTCTCGTAGTTGTAGA-1,-0.24239368716691287
CXCR3-,HC,PTC45044_CSF,GSM4104132_GTCTTCGAGATACACA-1,-0.36517630980829097
CXCR3+,HC,PTC45044_CSF,GSM4104132_GTCTTCGTCAGTTGAC-1,-0.09834107806026707
CXCR3-,HC,PTC45044_CSF,GSM4104132_GTGCAGCAGGACAGCT-1,-0.3429485027775768
CXCR3-,HC,PTC45044_CSF,GSM4104132_GTGCAGCCAAACAACA-1,-0.5685733372803307
CXCR3-,HC,PTC45044_CSF,GSM4104132_GTGCAGCCACACAGAG-1,-0.34155367909274476
CXCR3+,HC,PTC45044_CSF,GSM4104132_GTGCATAAGTCGATAA-1,-0.23685367416899297
CXCR3-,HC,PTC45044_CSF,GSM4104132_GTGCGGTAGCGTCTAT-1,-0.22857773146276955
CXCR3-,HC,PTC45044_CSF,GSM4104132_GTGCGGTTCCAATGGT-1,0.3764364147977367
CXCR3+,HC,PTC45044_CSF,GSM4104132_GTGTTAGCACGAGAGT-1,-0.33490345975146407
CXCR3-,HC,PTC45044_CSF,GSM4104132_GTTAAGCGTAGAAAGG-1,-0.24864985776286294
CXCR3-,HC,PTC45044_CSF,GSM4104132_GTTACAGAGGCATTGG-1,-0.7537938358710833
CXCR3-,HC,PTC45044_CSF,GSM4104132_GTTACAGCATATGAGA-1,-0.09834107806026707
CXCR3-,HC,PTC45044_CSF,GSM4104132_GTTCATTGTTCGTCTC-1,-0.6330755261488495
CXCR3-,HC,PTC45044_CSF,GSM4104132_GTTCGGGGTCACAAGG-1,-0.67613607668157
CXCR3+,HC,PTC45044_CSF,GSM4104132_GTTCTCGAGGGAAACA-1,-0.9423012274594905
CXCR3-,HC,PTC45044_CSF,GSM4104132_GTTTCTAGTCCCTTGT-1,-0.037381400215951786
CXCR3-,HC,PTC45044_CSF,GSM4104132_GTTTCTATCATTTGGG-1,-0.9416572067298388
CXCR3+,HC,PTC45044_CSF,GSM4104132_GTTTCTATCTCTTATG-1,-0.09834107806026707
CXCR3+,HC,PTC45044_CSF,GSM4104132_GTTTCTATCTGTACGA-1,-0.3505738140435547
CXCR3-,HC,PTC45044_CSF,GSM4104132_TAAACCGCATACCATG-1,-0.09834107806026707
CXCR3-,HC,PTC45044_CSF,GSM4104132_TAAGAGAAGTGTCCAT-1,0.05897357126859269
CXCR3-,HC,PTC45044_CSF,GSM4104132_TAAGCGTAGTGTCCCG-1,-0.582610728568662
CXCR3-,HC,PTC45044_CSF,GSM4104132_TACAGTGAGAGACGAA-1,-0.37989668608035093
CXCR3-,HC,PTC45044_CSF,GSM4104132_TACAGTGAGCACAGGT-1,-0.2608657338061285
CXCR3-,HC,PTC45044_CSF,GSM4104132_TACAGTGTCTTTAGGG-1,-0.09834107806026707
CXCR3-,HC,PTC45044_CSF,GSM4104132_TACCTTACAGCTGTTA-1,-0.09834107806026707
CXCR3-,HC,PTC45044_CSF,GSM4104132_TACGGATAGATCACGG-1,-0.25657882303056123
CXCR3-,HC,PTC45044_CSF,GSM4104132_TACGGATCACGCCAGT-1,-0.28784265589512475
CXCR3-,HC,PTC45044_CSF,GSM4104132_TACGGTAGTCTAGGTT-1,-0.25146539179176447
CXCR3-,HC,PTC45044_CSF,GSM4104132_TACGGTATCCGCGCAA-1,-0.23957836410352534
CXCR3+,HC,PTC45044_CSF,GSM4104132_TACTCGCGTTACTGAC-1,0.09138627874017659
CXCR3-,HC,PTC45044_CSF,GSM4104132_TACTCGCGTTCAGGCC-1,-0.2786783842908734
CXCR3-,HC,PTC45044_CSF,GSM4104132_TACTTACCAAACGTGG-1,-0.18789758543607168
CXCR3-,HC,PTC45044_CSF,GSM4104132_TACTTACGTCATACTG-1,-0.3255739552685627
CXCR3-,HC,PTC45044_CSF,GSM4104132_TAGACCACATCACCCT-1,-0.26960901853834723
CXCR3-,HC,PTC45044_CSF,GSM4104132_TAGACCAGTTCGCGAC-1,-0.8904133446089032
CXCR3+,HC,PTC45044_CSF,GSM4104132_TAGCCGGCATCTGGTA-1,-0.2918988077897419
CXCR3-,HC,PTC45044_CSF,GSM4104132_TAGCCGGGTAAGTGTA-1,-0.35275097957055984
CXCR3-,HC,PTC45044_CSF,GSM4104132_TAGGCATAGAGCTATA-1,-0.14535075056669117
CXCR3-,HC,PTC45044_CSF,GSM4104132_TAGTGGTCACGAAACG-1,-1.1248813285241832
CXCR3-,HC,PTC45044_CSF,GSM4104132_TAGTGGTTCGACAGCC-1,-0.25305500521908897
CXCR3-,HC,PTC45044_CSF,GSM4104132_TAGTTGGCACATGGGA-1,-0.44032158124119464
CXCR3-,HC,PTC45044_CSF,GSM4104132_TAGTTGGCACTACAGT-1,-0.364171562509265
CXCR3-,HC,PTC45044_CSF,GSM4104132_TATCAGGAGACGACGT-1,-0.009960451643335493
CXCR3+,HC,PTC45044_CSF,GSM4104132_TATCAGGGTAAAGGAG-1,-0.23251571922896078
CXCR3-,HC,PTC45044_CSF,GSM4104132_TATCTCACAATGTTGC-1,-0.23639617201137467
CXCR3-,HC,PTC45044_CSF,GSM4104132_TATCTCAGTTATTCTC-1,-0.38588722209937204
CXCR3-,HC,PTC45044_CSF,GSM4104132_TATGCCCCATACAGCT-1,-0.09834107806026707
CXCR3-,HC,PTC45044_CSF,GSM4104132_TCAACGAAGAGACTTA-1,-0.3031253090003537
CXCR3-,HC,PTC45044_CSF,GSM4104132_TCAATCTCATCGGAAG-1,-0.6208472310451925
CXCR3-,HC,PTC45044_CSF,GSM4104132_TCACGAATCACCAGGC-1,-0.5923925662736401
CXCR3-,HC,PTC45044_CSF,GSM4104132_TCACGAATCCACTGGG-1,-0.09834107806026707
CXCR3-,HC,PTC45044_CSF,GSM4104132_TCAGCAACAGGTTTCA-1,-0.17039217383664257
CXCR3+,HC,PTC45044_CSF,GSM4104132_TCAGCTCAGTCAAGCG-1,0.01871085849524422
CXCR3-,HC,PTC45044_CSF,GSM4104132_TCAGGATCAGATCCAT-1,-0.03423554872512543
CXCR3-,HC,PTC45044_CSF,GSM4104132_TCAGGATGTATCAGTC-1,-0.09834107806026707
CXCR3-,HC,PTC45044_CSF,GSM4104132_TCAGGATGTGCACCAC-1,-0.5547388237984766
CXCR3-,HC,PTC45044_CSF,GSM4104132_TCATTTGCACGACTCG-1,-0.09834107806026707
CXCR3-,HC,PTC45044_CSF,GSM4104132_TCCACACCATAGAAAC-1,0.2954200389893998
CXCR3-,HC,PTC45044_CSF,GSM4104132_TCCCGATAGTATCGAA-1,-0.09834107806026707
CXCR3-,HC,PTC45044_CSF,GSM4104132_TCCCGATTCGGAATCT-1,-0.43652378020910654
CXCR3-,HC,PTC45044_CSF,GSM4104132_TCGAGGCTCGGAGCAA-1,-0.6636004718784463
CXCR3-,HC,PTC45044_CSF,GSM4104132_TCGGTAAAGATCTGAA-1,-0.09834107806026707
CXCR3+,HC,PTC45044_CSF,GSM4104132_TCGGTAACATGGATGG-1,-0.6080654760251455
CXCR3+,HC,PTC45044_CSF,GSM4104132_TCGTAGACAGCCTGTG-1,0.12695276148613407
CXCR3-,HC,PTC45044_CSF,GSM4104132_TCTATTGGTAGGACAC-1,-0.09834107806026707
CXCR3-,HC,PTC45044_CSF,GSM4104132_TCTATTGGTCGTCTTC-1,-0.41998736581427576
CXCR3-,HC,PTC45044_CSF,GSM4104132_TCTGAGACAACTGGCC-1,-0.5709241961177535
CXCR3-,HC,PTC45044_CSF,GSM4104132_TCTGGAACATCCTTGC-1,-0.8070981690339595
CXCR3+,HC,PTC45044_CSF,GSM4104132_TCTTTCCAGCCTCGTG-1,-0.5913972507912842
CXCR3+,HC,PTC45044_CSF,GSM4104132_TCTTTCCTCCCAAGAT-1,-0.4494750216540589
CXCR3+,HC,PTC45044_CSF,GSM4104132_TGACAACCATCCGGGT-1,-0.49236643928876805
CXCR3-,HC,PTC45044_CSF,GSM4104132_TGACAACCATGGTCAT-1,0.5119387478933318
CXCR3-,HC,PTC45044_CSF,GSM4104132_TGACGGCCACAGTCGC-1,-0.292534488789304
CXCR3-,HC,PTC45044_CSF,GSM4104132_TGACGGCGTATAGTAG-1,-0.09834107806026707
CXCR3-,HC,PTC45044_CSF,GSM4104132_TGACGGCTCCCTAATT-1,-0.09834107806026707
CXCR3-,HC,PTC45044_CSF,GSM4104132_TGACTAGAGCGATTCT-1,-0.09834107806026707
CXCR3-,HC,PTC45044_CSF,GSM4104132_TGACTAGTCAGCTCTC-1,-0.24313160435517336
CXCR3-,HC,PTC45044_CSF,GSM4104132_TGACTTTTCGGTGTCG-1,-0.16356677156479865
CXCR3-,HC,PTC45044_CSF,GSM4104132_TGAGAGGAGAAACGCC-1,0.24723043101713219
CXCR3-,HC,PTC45044_CSF,GSM4104132_TGAGAGGCAAGCCTAT-1,0.42893363740395707
CXCR3+,HC,PTC45044_CSF,GSM4104132_TGAGCATTCATCGCTC-1,-0.09834107806026707
CXCR3+,HC,PTC45044_CSF,GSM4104132_TGAGCCGCAAGACACG-1,-0.4528573414161815
CXCR3-,HC,PTC45044_CSF,GSM4104132_TGAGCCGGTGAAAGAG-1,-0.19835003000350124
CXCR3+,HC,PTC45044_CSF,GSM4104132_TGAGGGACAGCTCGCA-1,-1.3648966219115688
CXCR3-,HC,PTC45044_CSF,GSM4104132_TGAGGGAGTCCGTGAC-1,-0.5161027925316961
CXCR3-,HC,PTC45044_CSF,GSM4104132_TGCACCTTCGCCTGAG-1,-0.3172492228551565
CXCR3-,HC,PTC45044_CSF,GSM4104132_TGCCAAATCCTATGTT-1,0.19691535145881708
CXCR3-,HC,PTC45044_CSF,GSM4104132_TGCCCATGTCCAGTTA-1,0.029434971200940994
CXCR3+,HC,PTC45044_CSF,GSM4104132_TGCCCTATCTTCGGTC-1,-0.09834107806026707
CXCR3-,HC,PTC45044_CSF,GSM4104132_TGCGCAGTCTGTCTCG-1,-0.33426708492851337
CXCR3-,HC,PTC45044_CSF,GSM4104132_TGCGGGTCAAATTGCC-1,-0.23387553261005953
CXCR3-,HC,PTC45044_CSF,GSM4104132_TGCGTGGCAACAACCT-1,0.2821323456626726
CXCR3-,HC,PTC45044_CSF,GSM4104132_TGGACGCAGTCGATAA-1,-0.09834107806026707
CXCR3-,HC,PTC45044_CSF,GSM4104132_TGGCGCAAGGTGCACA-1,-0.37263471953671873
CXCR3-,HC,PTC45044_CSF,GSM4104132_TGGCTGGTCACGATGT-1,-0.8337416986659557
CXCR3-,HC,PTC45044_CSF,GSM4104132_TGGCTGGTCCTAGGGC-1,0.13837126396669033
CXCR3+,HC,PTC45044_CSF,GSM4104132_TGGTTAGAGCGTGTCC-1,0.16084345665794927
CXCR3+,HC,PTC45044_CSF,GSM4104132_TGGTTAGCATTAACCG-1,-0.09834107806026707
CXCR3-,HC,PTC45044_CSF,GSM4104132_TGGTTCCGTAGCGTGA-1,-0.5878665952850053
CXCR3-,HC,PTC45044_CSF,GSM4104132_TGGTTCCGTTCCAACA-1,0.01409675025681123
CXCR3-,HC,PTC45044_CSF,GSM4104132_TGTATTCGTCGGCACT-1,-0.27586661248030403
CXCR3+,HC,PTC45044_CSF,GSM4104132_TGTGGTAAGGGAGTAA-1,-0.9939214602835279
CXCR3-,HC,PTC45044_CSF,GSM4104132_TGTGGTATCGAGGTAG-1,-0.09834107806026707
CXCR3-,HC,PTC45044_CSF,GSM4104132_TGTGTTTGTAAACACA-1,0.021865817757217125
CXCR3+,HC,PTC45044_CSF,GSM4104132_TGTTCCGCAATCTGCA-1,0.16654394018269028
CXCR3-,HC,PTC45044_CSF,GSM4104132_TTAGGACAGGGTATCG-1,-0.6486954777994557
CXCR3-,HC,PTC45044_CSF,GSM4104132_TTAGGACTCGCCAAAT-1,-0.385166485770802
CXCR3-,HC,PTC45044_CSF,GSM4104132_TTAGGCAAGAAGGTTT-1,-0.3090938684526977
CXCR3-,HC,PTC45044_CSF,GSM4104132_TTAGTTCCAACTGCGC-1,-0.49904642454299314
CXCR3+,HC,PTC45044_CSF,GSM4104132_TTATGCTTCGCAGGCT-1,-0.09834107806026707
CXCR3-,HC,PTC45044_CSF,GSM4104132_TTATGCTTCTACTTAC-1,0.012948081275921841
CXCR3-,HC,PTC45044_CSF,GSM4104132_TTCCCAGGTCTGCCAG-1,0.11458293569569587
CXCR3-,HC,PTC45044_CSF,GSM4104132_TTCGAAGAGGGTTCCC-1,-0.22738707197079133
CXCR3-,HC,PTC45044_CSF,GSM4104132_TTCGGTCCAGGATTGG-1,-0.37066705178993425
CXCR3-,HC,PTC45044_CSF,GSM4104132_TTCTACAGTATCACCA-1,-0.09834107806026707
CXCR3-,HC,PTC45044_CSF,GSM4104132_TTCTCAAAGAACTCGG-1,-0.09834107806026707
CXCR3+,HC,PTC45044_CSF,GSM4104132_TTCTCAATCTCTTGAT-1,-0.5286724286979693
CXCR3-,HC,PTC45044_CSF,GSM4104132_TTGAACGAGGGTCGAT-1,-0.25816849282902254
CXCR3-,HC,PTC45044_CSF,GSM4104132_TTGACTTAGATGCCTT-1,0.10422563758107592
CXCR3-,HC,PTC45044_CSF,GSM4104132_TTGACTTGTCTTGCGG-1,-0.21504731558904314
CXCR3+,HC,PTC45044_CSF,GSM4104132_TTGCCGTAGACCCACC-1,-0.2946220909896927
CXCR3-,HC,PTC45044_CSF,GSM4104132_TTGCGTCCATCGGAAG-1,-0.40740234463649966
CXCR3+,HC,PTC45044_CSF,GSM4104132_TTGGCAATCACTATTC-1,-0.21097980871030914
CXCR3-,HC,PTC45044_CSF,GSM4104132_TTTCCTCAGAATGTTG-1,-0.3643293788004253
CXCR3-,HC,PTC45044_CSF,GSM4104132_TTTGCGCTCAATCTCT-1,-0.09834107806026707
CXCR3-,HC,PTC45044_CSF,GSM4104132_TTTGGTTGTGATGCCC-1,0.05173763202472
CXCR3-,HC,PTC45044_CSF,GSM4104132_TTTGGTTTCCGCATCT-1,-0.09834107806026707
CXCR3-,HC,PTC45044_CSF,GSM4104132_TTTGTCAAGACACTAA-1,-0.3905971247233754
CXCR3+,HC,PTC45044_CSF,GSM4104132_TTTGTCAAGTACGTTC-1,-0.26704976591661317
CXCR3-,HC,PTC45044_CSF,GSM4104132_TTTGTCACAATCGGTT-1,-0.6561315980887347
CXCR3-,HC,PST83775_CSF,GSM4104128_AAAGCAACAAGACGTG-1,-0.31779284289983795
CXCR3-,HC,PST83775_CSF,GSM4104128_AAATGCCCAAGCGAGT-1,-0.09834107806026707
CXCR3-,HC,PST83775_CSF,GSM4104128_AACTTTCGTATGAAAC-1,-0.26697623271469445
CXCR3-,HC,PST83775_CSF,GSM4104128_AATCCAGAGCACCGCT-1,0.20072031631729184
CXCR3-,HC,PST83775_CSF,GSM4104128_AATCCAGCAACACCTA-1,-0.09834107806026707
CXCR3-,HC,PST83775_CSF,GSM4104128_ACACCCTTCATGTAGC-1,-0.09834107806026707
CXCR3+,HC,PST83775_CSF,GSM4104128_ACAGCCGAGAAACCGC-1,0.088956177965607
CXCR3-,HC,PST83775_CSF,GSM4104128_ACCTTTATCACTCCTG-1,0.08469748803911593
CXCR3+,HC,PST83775_CSF,GSM4104128_ACGAGCCCATATGCTG-1,-0.09834107806026707
CXCR3-,HC,PST83775_CSF,GSM4104128_ACGAGGAGTTTCCACC-1,-0.09834107806026707
CXCR3-,HC,PST83775_CSF,GSM4104128_ACGCCGAGTCCGCTGA-1,-0.49789063457715915
CXCR3-,HC,PST83775_CSF,GSM4104128_ACGCCGAGTCGGCTCA-1,-0.09834107806026707
CXCR3-,HC,PST83775_CSF,GSM4104128_ACTGAACAGGCATTGG-1,-0.23831812644501207
CXCR3-,HC,PST83775_CSF,GSM4104128_ACTGATGAGGGTATCG-1,-0.3951749448722804
CXCR3+,HC,PST83775_CSF,GSM4104128_ACTGTCCAGTCAATAG-1,-0.09834107806026707
CXCR3+,HC,PST83775_CSF,GSM4104128_ACTTACTTCCCTTGTG-1,-0.09834107806026707
CXCR3-,HC,PST83775_CSF,GSM4104128_ACTTTCACATATACGC-1,0.05497398673087677
CXCR3-,HC,PST83775_CSF,GSM4104128_AGACGTTTCGAATGGG-1,-0.09834107806026707
CXCR3-,HC,PST83775_CSF,GSM4104128_AGATCTGTCCTACAGA-1,-0.40310428082306043
CXCR3+,HC,PST83775_CSF,GSM4104128_AGCAGCCCAAGTAGTA-1,-0.09834107806026707
CXCR3+,HC,PST83775_CSF,GSM4104128_AGCGGTCAGACAATAC-1,-0.09834107806026707
CXCR3-,HC,PST83775_CSF,GSM4104128_AGGTCATAGGCTCAGA-1,-0.09834107806026707
CXCR3-,HC,PST83775_CSF,GSM4104128_AGTGAGGCATCACGTA-1,-0.3592541494646396
CXCR3-,HC,PST83775_CSF,GSM4104128_AGTGTCACATGGTCAT-1,-0.50192030528945
CXCR3-,HC,PST83775_CSF,GSM4104128_ATAAGAGCATGACATC-1,-0.30448484826959366
CXCR3-,HC,PST83775_CSF,GSM4104128_ATCACGAAGCAGACTG-1,-0.09834107806026707
CXCR3-,HC,PST83775_CSF,GSM4104128_ATCCGAACACCGATAT-1,-0.789026431396632
CXCR3-,HC,PST83775_CSF,GSM4104128_ATCCGAATCTAACGGT-1,-0.09834107806026707
CXCR3-,HC,PST83775_CSF,GSM4104128_ATCTGCCAGCTAACTC-1,0.06398135291943097
CXCR3-,HC,PST83775_CSF,GSM4104128_ATGCGATTCGCGGATC-1,0.3038352170625328
CXCR3-,HC,PST83775_CSF,GSM4104128_ATTGGACCACGTCAGC-1,-0.09834107806026707
CXCR3+,HC,PST83775_CSF,GSM4104128_ATTTCTGAGAGGACGG-1,-0.25225057016657776
CXCR3-,HC,PST83775_CSF,GSM4104128_CACAAACGTCAGAAGC-1,-0.09834107806026707
CXCR3-,HC,PST83775_CSF,GSM4104128_CACACAAAGAAGATTC-1,0.03227151240764155
CXCR3-,HC,PST83775_CSF,GSM4104128_CACAGTAAGTCAATAG-1,-0.09834107806026707
CXCR3+,HC,PST83775_CSF,GSM4104128_CACATAGAGTCTCCTC-1,-0.7304572982014371
CXCR3-,HC,PST83775_CSF,GSM4104128_CACTCCAAGTGTACGG-1,-0.2265230211193245
CXCR3+,HC,PST83775_CSF,GSM4104128_CAGCCGACAAGGACAC-1,-0.33145293486596483
CXCR3-,HC,PST83775_CSF,GSM4104128_CAGCTAAGTTGTGGCC-1,-0.09834107806026707
CXCR3-,HC,PST83775_CSF,GSM4104128_CAGTCCTAGGACTGGT-1,-0.09834107806026707
CXCR3+,HC,PST83775_CSF,GSM4104128_CATCAAGCACAACGCC-1,-0.09834107806026707
CXCR3-,HC,PST83775_CSF,GSM4104128_CCATGTCCATGTTGAC-1,-0.31808772680290087
CXCR3-,HC,PST83775_CSF,GSM4104128_CCCATACAGCTGCAAG-1,-0.09834107806026707
CXCR3-,HC,PST83775_CSF,GSM4104128_CCGGGATTCGTCGTTC-1,-0.21509988137825428
CXCR3-,HC,PST83775_CSF,GSM4104128_CCTACCAAGCGCTTAT-1,-0.4216486181154753
CXCR3-,HC,PST83775_CSF,GSM4104128_CCTACCACATGAGCGA-1,-0.09834107806026707
CXCR3-,HC,PST83775_CSF,GSM4104128_CCTAGCTTCGCGATCG-1,0.9854134427091636
CXCR3-,HC,PST83775_CSF,GSM4104128_CGAATGTAGACTTGAA-1,0.2643728165406184
CXCR3-,HC,PST83775_CSF,GSM4104128_CGAATGTGTCTGCCAG-1,-0.09834107806026707
CXCR3-,HC,PST83775_CSF,GSM4104128_CGACTTCCAAACGCGA-1,-0.08268807793193281
CXCR3-,HC,PST83775_CSF,GSM4104128_CGCCAAGGTCAGGACA-1,0.007948335870238259
CXCR3-,HC,PST83775_CSF,GSM4104128_CGCTGGACATCCCACT-1,-0.09834107806026707
CXCR3-,HC,PST83775_CSF,GSM4104128_CGTAGGCAGAGCAATT-1,-0.5128650022550062
CXCR3-,HC,PST83775_CSF,GSM4104128_CGTCAGGAGTAGGCCA-1,0.07251201021162836
CXCR3-,HC,PST83775_CSF,GSM4104128_CGTTGGGCATTCGACA-1,0.47616916583254426
CXCR3-,HC,PST83775_CSF,GSM4104128_CTACCCATCAACACCA-1,-0.09834107806026707
CXCR3-,HC,PST83775_CSF,GSM4104128_CTCGAAATCGTGTAGT-1,-0.3635947474237903
CXCR3-,HC,PST83775_CSF,GSM4104128_CTCGAGGGTATGGTTC-1,0.05012979331354025
CXCR3+,HC,PST83775_CSF,GSM4104128_CTCGGGAAGCGCCTCA-1,-0.27578175756323403
CXCR3+,HC,PST83775_CSF,GSM4104128_CTCTGGTCAAAGCGGT-1,0.04035671691946334
CXCR3-,HC,PST83775_CSF,GSM4104128_CTGAAGTCATCTCGCT-1,-0.2379194250642548
CXCR3-,HC,PST83775_CSF,GSM4104128_CTGCCTATCTCCCTGA-1,-0.7267869961305754
CXCR3+,HC,PST83775_CSF,GSM4104128_CTGCCTATCTGGTGTA-1,-0.09834107806026707
CXCR3-,HC,PST83775_CSF,GSM4104128_CTGTTTAAGTAAGTAC-1,-0.09834107806026707
CXCR3-,HC,PST83775_CSF,GSM4104128_GAAACTCGTCCGAATT-1,-0.3552406427366438
CXCR3+,HC,PST83775_CSF,GSM4104128_GAAATGAGTTCGTGAT-1,-0.02373718701752075
CXCR3-,HC,PST83775_CSF,GSM4104128_GAGCAGATCATACGGT-1,-0.37189070923320505
CXCR3-,HC,PST83775_CSF,GSM4104128_GAGTCCGAGGCTAGGT-1,-0.35093905911686435
CXCR3-,HC,PST83775_CSF,GSM4104128_GATCTAGAGCCGTCGT-1,-0.2255325028703993
CXCR3-,HC,PST83775_CSF,GSM4104128_GATGAGGGTCTTCAAG-1,-0.350781507360436
CXCR3-,HC,PST83775_CSF,GSM4104128_GCATACAAGCTCAACT-1,-0.19298390735129112
CXCR3-,HC,PST83775_CSF,GSM4104128_GCATGCGCAAGTCTAC-1,-0.09834107806026707
CXCR3-,HC,PST83775_CSF,GSM4104128_GCCTCTACAAATTGCC-1,-0.33927584107521863
CXCR3-,HC,PST83775_CSF,GSM4104128_GCGCAACGTCGTTGTA-1,0.24352640551510377
CXCR3+,HC,PST83775_CSF,GSM4104128_GCGCAGTAGCGACGTA-1,-0.4998195168466912
CXCR3-,HC,PST83775_CSF,GSM4104128_GCTGCTTCATAAGACA-1,-0.09834107806026707
CXCR3-,HC,PST83775_CSF,GSM4104128_GGACATTAGACAGAGA-1,-0.09834107806026707
CXCR3-,HC,PST83775_CSF,GSM4104128_GGACATTGTCTTCTCG-1,0.1546746958012102
CXCR3-,HC,PST83775_CSF,GSM4104128_GGATGTTAGCATGGCA-1,-0.2670129875953475
CXCR3-,HC,PST83775_CSF,GSM4104128_GGGAATGCAGATCGGA-1,-0.26678643971996213
CXCR3-,HC,PST83775_CSF,GSM4104128_GGGAGATGTTTGGGCC-1,0.11622013080145759
CXCR3-,HC,PST83775_CSF,GSM4104128_GGGTCTGCAGTTCATG-1,-0.14982824044713197
CXCR3-,HC,PST83775_CSF,GSM4104128_GTACTTTGTCTACCTC-1,-0.10265525751389973
CXCR3-,HC,PST83775_CSF,GSM4104128_GTATTCTTCTGATACG-1,-0.15810211613375075
CXCR3-,HC,PST83775_CSF,GSM4104128_GTGTGCGGTCACCTAA-1,-0.4087919191753353
CXCR3+,HC,PST83775_CSF,GSM4104128_GTTAAGCCAATGGACG-1,0.027751010457293734
CXCR3-,HC,PST83775_CSF,GSM4104128_GTTTCTACATCCAACA-1,-0.27538380087693987
CXCR3-,HC,PST83775_CSF,GSM4104128_TACACGAAGATCGATA-1,-0.09834107806026707
CXCR3-,HC,PST83775_CSF,GSM4104128_TACACGAGTTAAGAAC-1,0.058514107150626125
CXCR3-,HC,PST83775_CSF,GSM4104128_TACACGATCGACGGAA-1,0.06742731760162556
CXCR3-,HC,PST83775_CSF,GSM4104128_TACGGGCGTACTTGAC-1,0.20916741914475862
CXCR3-,HC,PST83775_CSF,GSM4104128_TACTTGTAGGCATGTG-1,-0.09834107806026707
CXCR3-,HC,PST83775_CSF,GSM4104128_TAGAGCTCAAACCCAT-1,-0.09834107806026707
CXCR3-,HC,PST83775_CSF,GSM4104128_TAGCCGGGTCTCATCC-1,-0.09834107806026707
CXCR3+,HC,PST83775_CSF,GSM4104128_TATCAGGCAATAGCGG-1,-0.26525474219352047
CXCR3-,HC,PST83775_CSF,GSM4104128_TCAATCTTCAATAAGG-1,-0.3528456693452561
CXCR3-,HC,PST83775_CSF,GSM4104128_TCGGTAAAGGATGCGT-1,-0.4298360737996995
CXCR3-,HC,PST83775_CSF,GSM4104128_TCTATTGTCTGCCAGG-1,-0.09834107806026707
CXCR3+,HC,PST83775_CSF,GSM4104128_TCTCATAAGACAAGCC-1,-0.25049152657506074
CXCR3-,HC,PST83775_CSF,GSM4104128_TCTGAGAGTAGCGCAA-1,-0.8226237553594896
CXCR3-,HC,PST83775_CSF,GSM4104128_TGACAACCAGGGTATG-1,-0.2769822215586966
CXCR3-,HC,PST83775_CSF,GSM4104128_TGAGCATCAGACAGGT-1,-0.4700594474998026
CXCR3-,HC,PST83775_CSF,GSM4104128_TGATTTCTCCATGCTC-1,0.46207961553546645
CXCR3-,HC,PST83775_CSF,GSM4104128_TGCCAAAGTCTTGATG-1,0.059338120128938465
CXCR3+,HC,PST83775_CSF,GSM4104128_TGGCTGGGTCATCGGC-1,-0.3560672562070873
CXCR3-,HC,PST83775_CSF,GSM4104128_TGGCTGGTCCATTCTA-1,-0.09834107806026707
CXCR3+,HC,PST83775_CSF,GSM4104128_TTAACTCTCCCTAATT-1,-0.09834107806026707
CXCR3-,HC,PST83775_CSF,GSM4104128_TTCGAAGCACAAGTAA-1,-0.22374871912809433
CXCR3+,HC,PST95809_CSF,GSM4104130_AAACGGGAGGCCCTTG-1,0.13473210167885272
CXCR3-,HC,PST95809_CSF,GSM4104130_AATCCAGGTAATCGTC-1,-0.12862984179363945
CXCR3-,HC,PST95809_CSF,GSM4104130_ACACCGGAGAGTACCG-1,-0.09834107806026707
CXCR3-,HC,PST95809_CSF,GSM4104130_ACACCGGGTGATGTGG-1,-0.09834107806026707
CXCR3-,HC,PST95809_CSF,GSM4104130_ACAGCCGGTACTCTCC-1,-1.0669593527279353
CXCR3+,HC,PST95809_CSF,GSM4104130_ACATACGAGCTAGCCC-1,-0.09834107806026707
CXCR3+,HC,PST95809_CSF,GSM4104130_ACATACGAGTGATCGG-1,-0.2991160200641955
CXCR3+,HC,PST95809_CSF,GSM4104130_ACATGGTAGCTGATAA-1,-0.4787844989924377
CXCR3-,HC,PST95809_CSF,GSM4104130_ACGCCAGGTCAAGCGA-1,-0.05001962155538316
CXCR3+,HC,PST95809_CSF,GSM4104130_AGCGTCGCAGCGTCCA-1,-0.10107489671178903
CXCR3-,HC,PST95809_CSF,GSM4104130_AGGGAGTTCCGCATCT-1,-1.0639292020814712
CXCR3+,HC,PST95809_CSF,GSM4104130_AGTGGGATCCCAACGG-1,-0.09834107806026707
CXCR3+,HC,PST95809_CSF,GSM4104130_ATCATCTCATAGTAAG-1,-0.08011131090885802
CXCR3+,HC,PST95809_CSF,GSM4104130_ATCGAGTAGAGTGACC-1,-0.25836217089113717
CXCR3-,HC,PST95809_CSF,GSM4104130_ATCGAGTTCGTGACAT-1,-0.683616898264349
CXCR3+,HC,PST95809_CSF,GSM4104130_ATGGGAGAGGCCATAG-1,-0.09834107806026707
CXCR3-,HC,PST95809_CSF,GSM4104130_ATTGGACAGGGTATCG-1,0.22223097934232178
CXCR3-,HC,PST95809_CSF,GSM4104130_CAAGGCCTCCGCATAA-1,0.3874354494938043
CXCR3-,HC,PST95809_CSF,GSM4104130_CACAGGCAGAACTGTA-1,-0.09834107806026707
CXCR3-,HC,PST95809_CSF,GSM4104130_CACCTTGGTGAGGCTA-1,-0.4104878461875927
CXCR3-,HC,PST95809_CSF,GSM4104130_CAGAATCCAGGGTTAG-1,-0.6158737088966711
CXCR3-,HC,PST95809_CSF,GSM4104130_CATCCACGTGTGAATA-1,-0.6427549577550691
CXCR3-,HC,PST95809_CSF,GSM4104130_CCAATCCGTCTCCCTA-1,-0.3578884581834872
CXCR3-,HC,PST95809_CSF,GSM4104130_CCCAATCGTTTAAGCC-1,-0.6109454093927899
CXCR3+,HC,PST95809_CSF,GSM4104130_CCCAGTTCACATCCAA-1,0.37075371364715043
CXCR3-,HC,PST95809_CSF,GSM4104130_CCGTTCAGTCCGACGT-1,-0.5266240160364332
CXCR3-,HC,PST95809_CSF,GSM4104130_CCTTTCTCATCACAAC-1,0.06083473210947783
CXCR3+,HC,PST95809_CSF,GSM4104130_CGATTGAAGCACGCCT-1,-0.09834107806026707
CXCR3-,HC,PST95809_CSF,GSM4104130_CGGTTAATCCGAACGC-1,-0.09834107806026707
CXCR3-,HC,PST95809_CSF,GSM4104130_CGTCACTGTTCTGAAC-1,-0.09834107806026707
CXCR3-,HC,PST95809_CSF,GSM4104130_CGTTGGGGTCTAGAGG-1,-0.253864761183476
CXCR3-,HC,PST95809_CSF,GSM4104130_CTAACTTTCTAACTTC-1,-0.09834107806026707
CXCR3+,HC,PST95809_CSF,GSM4104130_CTACCCATCACCATAG-1,0.5985894323969837
CXCR3-,HC,PST95809_CSF,GSM4104130_CTACCCATCGCTAGCG-1,-0.09834107806026707
CXCR3-,HC,PST95809_CSF,GSM4104130_CTCACACCACCCATGG-1,-0.09834107806026707
CXCR3-,HC,PST95809_CSF,GSM4104130_CTTTGCGCAGGATTGG-1,-0.09834107806026707
CXCR3+,HC,PST95809_CSF,GSM4104130_GAAATGAGTGCACCAC-1,-0.09834107806026707
CXCR3-,HC,PST95809_CSF,GSM4104130_GACAGAGGTGAACCTT-1,-0.09834107806026707
CXCR3-,HC,PST95809_CSF,GSM4104130_GACGGCTGTGACCAAG-1,-0.09834107806026707
CXCR3-,HC,PST95809_CSF,GSM4104130_GACGTTACAGATGGGT-1,-0.6580706497594532
CXCR3-,HC,PST95809_CSF,GSM4104130_GGAATAACAGCTGTAT-1,-0.09834107806026707
CXCR3-,HC,PST95809_CSF,GSM4104130_GGACATTAGCTAGTTC-1,-0.3870052773232101
CXCR3+,HC,PST95809_CSF,GSM4104130_GGATGTTCATGCCTTC-1,0.2132452943540986
CXCR3+,HC,PST95809_CSF,GSM4104130_GGCCGATGTTGTGGCC-1,-0.2644866052439303
CXCR3-,HC,PST95809_CSF,GSM4104130_GGCTCGATCAGTTGAC-1,0.0929149140569908
CXCR3-,HC,PST95809_CSF,GSM4104130_GGGTCTGAGTTACCCA-1,-0.6993141884425688
CXCR3-,HC,PST95809_CSF,GSM4104130_GGTATTGAGCAGATCG-1,-0.35129381244286156
CXCR3+,HC,PST95809_CSF,GSM4104130_GGTATTGAGCTTCGCG-1,0.030970826609259063
CXCR3+,HC,PST95809_CSF,GSM4104130_GGTGAAGGTTTGGGCC-1,-0.534575335210964
CXCR3+,HC,PST95809_CSF,GSM4104130_GTATCTTTCTTCTGGC-1,-0.09834107806026707
CXCR3-,HC,PST95809_CSF,GSM4104130_GTCATTTGTCAACATC-1,-0.4395198405315213
CXCR3+,HC,PST95809_CSF,GSM4104130_GTGTGCGTCACTGGGC-1,-0.09834107806026707
CXCR3-,HC,PST95809_CSF,GSM4104130_GTTCATTGTCTCCACT-1,-0.09834107806026707
CXCR3+,HC,PST95809_CSF,GSM4104130_TACGGGCCAGGTTTCA-1,-0.09834107806026707
CXCR3-,HC,PST95809_CSF,GSM4104130_TACGGGCCATTCGACA-1,0.12411279070105052
CXCR3+,HC,PST95809_CSF,GSM4104130_TACTCATGTGCACTTA-1,-0.2628071087873558
CXCR3-,HC,PST95809_CSF,GSM4104130_TACTTGTCATGCCTAA-1,-0.09834107806026707
CXCR3-,HC,PST95809_CSF,GSM4104130_TCAACGAAGTAGGCCA-1,-0.09834107806026707
CXCR3-,HC,PST95809_CSF,GSM4104130_TCAGCAACACAGGAGT-1,-0.3370988840927153
CXCR3+,HC,PST95809_CSF,GSM4104130_TCAGCTCTCCGTAGGC-1,-0.09834107806026707
CXCR3-,HC,PST95809_CSF,GSM4104130_TCAGGATGTCTTCAAG-1,-0.5558871920077464
CXCR3+,HC,PST95809_CSF,GSM4104130_TCATTACTCTCCAGGG-1,-0.09834107806026707
CXCR3-,HC,PST95809_CSF,GSM4104130_TCCACACTCGGAGCAA-1,-0.09834107806026707
CXCR3+,HC,PST95809_CSF,GSM4104130_TCCCGATCAGCTCCGA-1,-0.5365872161594687
CXCR3-,HC,PST95809_CSF,GSM4104130_TCGCGTTGTTGGAGGT-1,-0.2937457053816376
CXCR3+,HC,PST95809_CSF,GSM4104130_TCTATTGTCTTTCCTC-1,-0.09834107806026707
CXCR3+,HC,PST95809_CSF,GSM4104130_TCTGGAAAGAGTAATC-1,-0.09834107806026707
CXCR3+,HC,PST95809_CSF,GSM4104130_TGCGTGGCAGGGTTAG-1,-0.09834107806026707
CXCR3-,HC,PST95809_CSF,GSM4104130_TTGAACGCAGATCGGA-1,-0.09834107806026707
CXCR3-,HC,PST95809_CSF,GSM4104130_TTGAACGGTTGCGTTA-1,0.5038325709014516
CXCR3+,HC,PST95809_CSF,GSM4104130_TTTCCTCAGCTATGCT-1,-0.15666662637187825
CXCR3-,HC,PTC32190_CSF,GSM4104129_AAACGGGTCCCTTGCA-1,-0.3752156823064712
CXCR3-,HC,PTC32190_CSF,GSM4104129_AAAGCAACACGAAGCA-1,0.4617997845159129
CXCR3-,HC,PTC32190_CSF,GSM4104129_AAAGTAGGTTACGTCA-1,-0.09834107806026707
CXCR3+,HC,PTC32190_CSF,GSM4104129_AACACGTAGACTAGAT-1,-0.540215282109279
CXCR3+,HC,PTC32190_CSF,GSM4104129_AACACGTAGCCACGTC-1,0.18983134675953295
CXCR3+,HC,PTC32190_CSF,GSM4104129_AACTCAGTCTAACTGG-1,-0.3772712647109335
CXCR3-,HC,PTC32190_CSF,GSM4104129_AACTCTTGTTGATTCG-1,-0.09834107806026707
CXCR3-,HC,PTC32190_CSF,GSM4104129_AAGACCTAGCTTTGGT-1,-0.09834107806026707
CXCR3-,HC,PTC32190_CSF,GSM4104129_AATCGGTTCCTAAGTG-1,-0.09834107806026707
CXCR3-,HC,PTC32190_CSF,GSM4104129_ACACCCTCATAGACTC-1,0.04026104471245497
CXCR3-,HC,PTC32190_CSF,GSM4104129_ACAGCCGTCCGTAGGC-1,-0.191879454029165
CXCR3-,HC,PTC32190_CSF,GSM4104129_ACAGCTAGTCAGCTAT-1,0.3795969776648737
CXCR3-,HC,PTC32190_CSF,GSM4104129_ACCAGTAAGCTGAAAT-1,0.06926619857860501
CXCR3+,HC,PTC32190_CSF,GSM4104129_ACCGTAAGTAAGTGGC-1,-0.09834107806026707
CXCR3+,HC,PTC32190_CSF,GSM4104129_ACCGTAAGTGCTGTAT-1,-0.09834107806026707
CXCR3-,HC,PTC32190_CSF,GSM4104129_ACGAGCCAGTCCCACG-1,-0.09834107806026707
CXCR3-,HC,PTC32190_CSF,GSM4104129_ACGATACGTCTAGCCG-1,-0.43720089807199375
CXCR3-,HC,PTC32190_CSF,GSM4104129_ACGATGTCAATCGGTT-1,0.05619743217661488
CXCR3-,HC,PTC32190_CSF,GSM4104129_ACGGAGATCTACTATC-1,0.13531266760245614
CXCR3-,HC,PTC32190_CSF,GSM4104129_ACGGCCATCTTCGAGA-1,0.29269404719646336
CXCR3-,HC,PTC32190_CSF,GSM4104129_ACGGGTCTCACCTCGT-1,-0.09834107806026707
CXCR3-,HC,PTC32190_CSF,GSM4104129_ACTGATGCACATTTCT-1,0.161963385509365
CXCR3-,HC,PTC32190_CSF,GSM4104129_ACTGCTCCAACTGCTA-1,-0.09834107806026707
CXCR3-,HC,PTC32190_CSF,GSM4104129_ACTGTCCAGCATGGCA-1,-0.5940959248196955
CXCR3+,HC,PTC32190_CSF,GSM4104129_ACTGTCCGTAATCGTC-1,-0.21234970155485228
CXCR3-,HC,PTC32190_CSF,GSM4104129_AGAATAGTCAACCATG-1,-0.2548990547765463
CXCR3-,HC,PTC32190_CSF,GSM4104129_AGACGTTTCGACAGCC-1,-0.26697623271469445
CXCR3-,HC,PTC32190_CSF,GSM4104129_AGCGTATCAGGACCCT-1,-0.09834107806026707
CXCR3-,HC,PTC32190_CSF,GSM4104129_AGCTCTCAGAAGGACA-1,-0.24826159917504634
CXCR3-,HC,PTC32190_CSF,GSM4104129_AGCTTGAGTACCGTTA-1,-0.31391257863810823
CXCR3-,HC,PTC32190_CSF,GSM4104129_AGGCCACAGAGGGCTT-1,-0.09834107806026707
CXCR3-,HC,PTC32190_CSF,GSM4104129_AGGCCACGTGACAAAT-1,-0.09834107806026707
CXCR3-,HC,PTC32190_CSF,GSM4104129_AGGTCATAGTGAAGAG-1,-0.09834107806026707
CXCR3-,HC,PTC32190_CSF,GSM4104129_AGTAGTCAGCCCAGCT-1,-0.23912354589605675
CXCR3-,HC,PTC32190_CSF,GSM4104129_AGTGAGGCAGATCTGT-1,-0.09834107806026707
CXCR3-,HC,PTC32190_CSF,GSM4104129_AGTGGGAGTACTTCTT-1,-0.09834107806026707
CXCR3-,HC,PTC32190_CSF,GSM4104129_AGTTGGTGTAAGGGCT-1,-0.22444797604439568
CXCR3-,HC,PTC32190_CSF,GSM4104129_ATCATGGCAGATTGCT-1,-0.3767947708081224
CXCR3-,HC,PTC32190_CSF,GSM4104129_ATCCACCAGATAGGAG-1,-0.23831812644501207
CXCR3-,HC,PTC32190_CSF,GSM4104129_ATCGAGTAGCTCCTTC-1,-0.09834107806026707
CXCR3-,HC,PTC32190_CSF,GSM4104129_ATTACTCGTCAAACTC-1,0.9231282751767341
CXCR3-,HC,PTC32190_CSF,GSM4104129_CAACCAAAGACTAGGC-1,-0.09834107806026707
CXCR3-,HC,PTC32190_CSF,GSM4104129_CAACCTCCACACCGAC-1,0.09699526187916131
CXCR3-,HC,PTC32190_CSF,GSM4104129_CAAGATCCAAGTTCTG-1,-0.09834107806026707
CXCR3+,HC,PTC32190_CSF,GSM4104129_CAAGTTGAGAACTCGG-1,-0.41894413239901607
CXCR3-,HC,PTC32190_CSF,GSM4104129_CAAGTTGAGGCATTGG-1,-0.5532549678515687
CXCR3-,HC,PTC32190_CSF,GSM4104129_CACACTCAGTGGTAGC-1,0.06630257008314668
CXCR3+,HC,PTC32190_CSF,GSM4104129_CACACTCGTCCGAACC-1,-0.09834107806026707
CXCR3-,HC,PTC32190_CSF,GSM4104129_CACACTCTCGCCAGCA-1,-0.09834107806026707
CXCR3+,HC,PTC32190_CSF,GSM4104129_CACATAGAGCACAGGT-1,-0.3278676306287484
CXCR3-,HC,PTC32190_CSF,GSM4104129_CAGAGAGCAAGCCTAT-1,-0.09834107806026707
CXCR3-,HC,PTC32190_CSF,GSM4104129_CAGAGAGGTCCGAGTC-1,-0.09834107806026707
CXCR3-,HC,PTC32190_CSF,GSM4104129_CAGCAGCGTACAGACG-1,-0.09834107806026707
CXCR3+,HC,PTC32190_CSF,GSM4104129_CAGCAGCGTGTTCTTT-1,0.1517508698378555
CXCR3+,HC,PTC32190_CSF,GSM4104129_CAGCATAGTCTTCTCG-1,-0.5171893803447635
CXCR3-,HC,PTC32190_CSF,GSM4104129_CAGCATATCTTAACCT-1,-0.09834107806026707
CXCR3-,HC,PTC32190_CSF,GSM4104129_CAGCCGAGTTCCACAA-1,-0.2708998813267665
CXCR3-,HC,PTC32190_CSF,GSM4104129_CAGCTGGTCAACACAC-1,-0.09834107806026707
CXCR3-,HC,PTC32190_CSF,GSM4104129_CAGTAACAGGAGTCTG-1,-0.26595493694134487
CXCR3-,HC,PTC32190_CSF,GSM4104129_CATCAAGGTTTGTGTG-1,-0.09834107806026707
CXCR3+,HC,PTC32190_CSF,GSM4104129_CATCGGGAGCGTCTAT-1,-0.09834107806026707
CXCR3-,HC,PTC32190_CSF,GSM4104129_CATCGGGTCGGAATCT-1,-0.09072255461897852
CXCR3-,HC,PTC32190_CSF,GSM4104129_CATTATCGTTGGTAAA-1,-0.20801927230804163
CXCR3+,HC,PTC32190_CSF,GSM4104129_CATTCGCAGTGTGAAT-1,-0.4445858519273564
CXCR3-,HC,PTC32190_CSF,GSM4104129_CCAATCCTCAACCATG-1,-0.2576228070865722
CXCR3-,HC,PTC32190_CSF,GSM4104129_CCATTCGCAACTGCTA-1,0.19651908917318422
CXCR3-,HC,PTC32190_CSF,GSM4104129_CCCAATCCAGAAGCAC-1,-0.09834107806026707
CXCR3-,HC,PTC32190_CSF,GSM4104129_CCCAGTTCACGCATCG-1,-0.7204192520905652
CXCR3-,HC,PTC32190_CSF,GSM4104129_CCCATACAGTGGGTTG-1,-0.09834107806026707
CXCR3-,HC,PTC32190_CSF,GSM4104129_CCCTCCTGTGTGAAAT-1,-0.30523753606071236
CXCR3-,HC,PTC32190_CSF,GSM4104129_CCGTGGAAGCAGCGTA-1,-0.7646617447553463
CXCR3-,HC,PTC32190_CSF,GSM4104129_CCGTGGATCCCAAGAT-1,-0.09834107806026707
CXCR3-,HC,PTC32190_CSF,GSM4104129_CCGTTCAAGTATCTCG-1,0.04816682096658993
CXCR3-,HC,PTC32190_CSF,GSM4104129_CCTCTGAAGAGGGATA-1,-0.09834107806026707
CXCR3-,HC,PTC32190_CSF,GSM4104129_CCTTCGAAGTTAACGA-1,0.06798183698967963
CXCR3+,HC,PTC32190_CSF,GSM4104129_CGACCTTAGAATTGTG-1,0.09575160488074123
CXCR3+,HC,PTC32190_CSF,GSM4104129_CGAGAAGAGGTCATCT-1,-0.09834107806026707
CXCR3-,HC,PTC32190_CSF,GSM4104129_CGAGAAGGTAAAGTCA-1,-0.8228070003445423
CXCR3-,HC,PTC32190_CSF,GSM4104129_CGAGAAGTCAGCTGGC-1,-0.09834107806026707
CXCR3-,HC,PTC32190_CSF,GSM4104129_CGAGCACAGCTCCCAG-1,0.23336453561793502
CXCR3-,HC,PTC32190_CSF,GSM4104129_CGAGCACTCAGCATGT-1,-0.09834107806026707
CXCR3-,HC,PTC32190_CSF,GSM4104129_CGAGCCATCTACTATC-1,-0.09834107806026707
CXCR3+,HC,PTC32190_CSF,GSM4104129_CGATCGGGTCATATCG-1,0.023105975926095174
CXCR3+,HC,PTC32190_CSF,GSM4104129_CGATGGCTCTAACTCT-1,-0.09834107806026707
CXCR3-,HC,PTC32190_CSF,GSM4104129_CGGACGTAGCTGATAA-1,-0.09834107806026707
CXCR3-,HC,PTC32190_CSF,GSM4104129_CGGACGTGTTATCGGT-1,0.1638446692324695
CXCR3-,HC,PTC32190_CSF,GSM4104129_CGGACTGGTCTAGCCG-1,-0.2058448026179524
CXCR3-,HC,PTC32190_CSF,GSM4104129_CGGGTCAAGACTAAGT-1,-0.09834107806026707
CXCR3-,HC,PTC32190_CSF,GSM4104129_CGGTTAAGTGTGACGA-1,-0.09834107806026707
CXCR3-,HC,PTC32190_CSF,GSM4104129_CGGTTAATCGGTTAAC-1,-0.5831923749491208
CXCR3-,HC,PTC32190_CSF,GSM4104129_CGTCAGGCATGCCCGA-1,0.19859699918545506
CXCR3-,HC,PTC32190_CSF,GSM4104129_CGTGTAACAGCTGTTA-1,-0.09834107806026707
CXCR3-,HC,PTC32190_CSF,GSM4104129_CGTGTAATCTAACTCT-1,-0.48602260522288177
CXCR3-,HC,PTC32190_CSF,GSM4104129_CGTTGGGAGGGCTTCC-1,-0.09834107806026707
CXCR3-,HC,PTC32190_CSF,GSM4104129_CTAATGGCAGATAATG-1,0.20225013536763276
CXCR3-,HC,PTC32190_CSF,GSM4104129_CTAATGGCAGCAGTTT-1,-0.08584712435763746
CXCR3-,HC,PTC32190_CSF,GSM4104129_CTACACCAGCAGCCTC-1,-0.09834107806026707
CXCR3+,HC,PTC32190_CSF,GSM4104129_CTACACCAGCCTTGAT-1,0.18757213017175736
CXCR3-,HC,PTC32190_CSF,GSM4104129_CTACCCACATCAGTCA-1,-0.5473442681356736
CXCR3-,HC,PTC32190_CSF,GSM4104129_CTACGTCTCCAGTAGT-1,0.13801372788568442
CXCR3-,HC,PTC32190_CSF,GSM4104129_CTACGTCTCCGGCACA-1,-0.09834107806026707
CXCR3-,HC,PTC32190_CSF,GSM4104129_CTACGTCTCGGCTACG-1,-0.09834107806026707
CXCR3-,HC,PTC32190_CSF,GSM4104129_CTAGAGTTCCTTGCCA-1,0.166812369247411
CXCR3-,HC,PTC32190_CSF,GSM4104129_CTAGTGAGTATCGCAT-1,-0.25584988932711344
CXCR3-,HC,PTC32190_CSF,GSM4104129_CTCGAGGTCCGAGCCA-1,0.19624891633675526
CXCR3-,HC,PTC32190_CSF,GSM4104129_CTGGTCTCATATGCTG-1,-0.33506288617629953
CXCR3-,HC,PTC32190_CSF,GSM4104129_CTGTTTACACTGTGTA-1,-0.09834107806026707
CXCR3+,HC,PTC32190_CSF,GSM4104129_CTTACCGAGACCTAGG-1,-0.5086128212330797
CXCR3-,HC,PTC32190_CSF,GSM4104129_CTTACCGTCCATGCTC-1,-0.09834107806026707
CXCR3-,HC,PTC32190_CSF,GSM4104129_GAACATCCAGATCTGT-1,-0.23743052420597663
CXCR3-,HC,PTC32190_CSF,GSM4104129_GAACGGAGTTGCCTCT-1,-0.09834107806026707
CXCR3-,HC,PTC32190_CSF,GSM4104129_GACGCGTCACATTCGA-1,-0.09834107806026707
CXCR3-,HC,PTC32190_CSF,GSM4104129_GACGGCTTCTGGGCCA-1,-0.3108094769570155
CXCR3-,HC,PTC32190_CSF,GSM4104129_GACGTGCCAGAAGCAC-1,-0.2561060353630929
CXCR3-,HC,PTC32190_CSF,GSM4104129_GACTACAGTTTGGGCC-1,-0.08360767289708675
CXCR3-,HC,PTC32190_CSF,GSM4104129_GACTACATCCCGACTT-1,-0.046550246356422374
CXCR3-,HC,PTC32190_CSF,GSM4104129_GACTGCGAGTTTAGGA-1,-0.03525191589667563
CXCR3-,HC,PTC32190_CSF,GSM4104129_GACTGCGCAGCTATTG-1,0.14026507763723406
CXCR3-,HC,PTC32190_CSF,GSM4104129_GACTGCGGTATAGGGC-1,-0.09834107806026707
CXCR3-,HC,PTC32190_CSF,GSM4104129_GATGAAAAGATAGTCA-1,-0.09834107806026707
CXCR3-,HC,PTC32190_CSF,GSM4104129_GCAAACTAGTACACCT-1,0.08706594123114868
CXCR3+,HC,PTC32190_CSF,GSM4104129_GCACATACATCAGTAC-1,-0.09834107806026707
CXCR3-,HC,PTC32190_CSF,GSM4104129_GCACTCTGTTGATTGC-1,-0.09834107806026707
CXCR3-,HC,PTC32190_CSF,GSM4104129_GCATACACAGCTGTGC-1,-0.4225616928855683
CXCR3-,HC,PTC32190_CSF,GSM4104129_GCATGCGTCAGAGCTT-1,-0.3706775889215809
CXCR3+,HC,PTC32190_CSF,GSM4104129_GCCAAATGTAGTAGTA-1,0.0859578340349703
CXCR3-,HC,PTC32190_CSF,GSM4104129_GCGAGAAGTCCTCTTG-1,-0.09834107806026707
CXCR3-,HC,PTC32190_CSF,GSM4104129_GCGCCAAAGTGTACTC-1,-0.09834107806026707
CXCR3-,HC,PTC32190_CSF,GSM4104129_GCGCGATAGTCGATAA-1,-0.38701604463977235
CXCR3-,HC,PTC32190_CSF,GSM4104129_GCTGCGAGTCTAAACC-1,-0.09834107806026707
CXCR3-,HC,PTC32190_CSF,GSM4104129_GCTGCGAGTTTACTCT-1,0.44294044933415033
CXCR3-,HC,PTC32190_CSF,GSM4104129_GCTGCTTCAAGCCGTC-1,-0.09834107806026707
CXCR3-,HC,PTC32190_CSF,GSM4104129_GGAACTTTCTGCGGCA-1,-0.09834107806026707
CXCR3-,HC,PTC32190_CSF,GSM4104129_GGAATAACAGTAAGCG-1,-0.09834107806026707
CXCR3-,HC,PTC32190_CSF,GSM4104129_GGAATAATCGACCAGC-1,-0.2363733877358678
CXCR3-,HC,PTC32190_CSF,GSM4104129_GGACATTCAGCCACCA-1,-0.4008466289234261
CXCR3-,HC,PTC32190_CSF,GSM4104129_GGACATTGTCAACATC-1,0.034513305588044545
CXCR3-,HC,PTC32190_CSF,GSM4104129_GGATTACGTGCATCTA-1,0.0853508392538347
CXCR3-,HC,PTC32190_CSF,GSM4104129_GGCGACTAGCTATGCT-1,-0.2510008676671586
CXCR3+,HC,PTC32190_CSF,GSM4104129_GGCTCGACAGACTCGC-1,-0.09834107806026707
CXCR3-,HC,PTC32190_CSF,GSM4104129_GGCTGGTAGAGGGATA-1,-0.3291288552800114
CXCR3-,HC,PTC32190_CSF,GSM4104129_GGGACCTAGATGTGTA-1,0.24966473394091873
CXCR3-,HC,PTC32190_CSF,GSM4104129_GGGACCTCAATCCAAC-1,-0.48805126462101694
CXCR3-,HC,PTC32190_CSF,GSM4104129_GGGTCTGCATGTCTCC-1,-1.6622132097182454
CXCR3-,HC,PTC32190_CSF,GSM4104129_GGGTCTGGTTATGCGT-1,-0.3036986598394934
CXCR3+,HC,PTC32190_CSF,GSM4104129_GGGTTGCCATGCTGGC-1,-0.05734840722131048
CXCR3-,HC,PTC32190_CSF,GSM4104129_GGGTTGCTCGGAGGTA-1,-0.23079202549721325
CXCR3-,HC,PTC32190_CSF,GSM4104129_GGTGCGTCAAGTCATC-1,-0.3217624413279859
CXCR3-,HC,PTC32190_CSF,GSM4104129_GGTGTTAGTTCTGTTT-1,-0.3308818241589907
CXCR3-,HC,PTC32190_CSF,GSM4104129_GTAACTGGTCAAAGCG-1,0.19699457772757073
CXCR3-,HC,PTC32190_CSF,GSM4104129_GTAGTCATCGCCAAAT-1,-0.09834107806026707
CXCR3-,HC,PTC32190_CSF,GSM4104129_GTATTCTGTAGCCTCG-1,0.15775681162319513
CXCR3+,HC,PTC32190_CSF,GSM4104129_GTCACGGGTAGAGCTG-1,-0.2321541360583528
CXCR3-,HC,PTC32190_CSF,GSM4104129_GTCATTTGTCTCGTTC-1,-0.5647569047099923
CXCR3-,HC,PTC32190_CSF,GSM4104129_GTGCATACAAGTAGTA-1,0.2830419151381029
CXCR3-,HC,PTC32190_CSF,GSM4104129_GTGCTTCAGAGAGCTC-1,0.1513096349506071
CXCR3+,HC,PTC32190_CSF,GSM4104129_GTTACAGCACATCCAA-1,-0.22470783867635966
CXCR3-,HC,PTC32190_CSF,GSM4104129_GTTACAGGTACCATCA-1,-0.09834107806026707
CXCR3-,HC,PTC32190_CSF,GSM4104129_TAAGAGACACGAAATA-1,-0.3290159232464872
CXCR3-,HC,PTC32190_CSF,GSM4104129_TAAGAGACAGTATGCT-1,0.15025203792565023
CXCR3+,HC,PTC32190_CSF,GSM4104129_TACCTTACAACAACCT-1,-0.09834107806026707
CXCR3-,HC,PTC32190_CSF,GSM4104129_TACCTTACAGTGACAG-1,0.0261976733881723
CXCR3+,HC,PTC32190_CSF,GSM4104129_TACCTTAGTCCAAGTT-1,-0.2313121258109437
CXCR3+,HC,PTC32190_CSF,GSM4104129_TACCTTATCACGAAGG-1,-0.09834107806026707
CXCR3-,HC,PTC32190_CSF,GSM4104129_TACTCATAGGCCCGTT-1,-0.09834107806026707
CXCR3-,HC,PTC32190_CSF,GSM4104129_TAGAGCTGTCTCCATC-1,0.20003478420898976
CXCR3-,HC,PTC32190_CSF,GSM4104129_TAGTTGGAGCCAGTTT-1,-0.3127739274374695
CXCR3-,HC,PTC32190_CSF,GSM4104129_TCAATCTAGCGCCTCA-1,-0.33689408228643297
CXCR3-,HC,PTC32190_CSF,GSM4104129_TCAGCAAAGGACACCA-1,-0.09834107806026707
CXCR3+,HC,PTC32190_CSF,GSM4104129_TCAGCTCTCACTTCAT-1,0.14663137327907289
CXCR3-,HC,PTC32190_CSF,GSM4104129_TCAGGATAGCGTCTAT-1,0.06469911642940425
CXCR3-,HC,PTC32190_CSF,GSM4104129_TCAGGTATCATCGATG-1,-0.2382710811354007
CXCR3-,HC,PTC32190_CSF,GSM4104129_TCATTACTCACAACGT-1,-0.09834107806026707
CXCR3-,HC,PTC32190_CSF,GSM4104129_TCATTTGAGTTGTCGT-1,0.08321202715070287
CXCR3-,HC,PTC32190_CSF,GSM4104129_TCATTTGGTCTAGTCA-1,-0.09834107806026707
CXCR3-,HC,PTC32190_CSF,GSM4104129_TCCACACGTAGGCTGA-1,-0.09834107806026707
CXCR3-,HC,PTC32190_CSF,GSM4104129_TCCCGATGTCTCAACA-1,-0.39995291691169177
CXCR3-,HC,PTC32190_CSF,GSM4104129_TCGAGGCCATTAGCCA-1,-0.09834107806026707
CXCR3-,HC,PTC32190_CSF,GSM4104129_TCTATTGGTCTCTTAT-1,-0.06725220407763197
CXCR3-,HC,PTC32190_CSF,GSM4104129_TCTGGAACAATGTTGC-1,0.06423275317729986
CXCR3-,HC,PTC32190_CSF,GSM4104129_TGAGCCGTCCCAACGG-1,0.07691988798184776
CXCR3-,HC,PTC32190_CSF,GSM4104129_TGATTTCTCGTTTAGG-1,0.3039356483457519
CXCR3-,HC,PTC32190_CSF,GSM4104129_TGCACCTCAATGCCAT-1,-0.09834107806026707
CXCR3+,HC,PTC32190_CSF,GSM4104129_TGCTACCGTGTAATGA-1,-0.09834107806026707
CXCR3-,HC,PTC32190_CSF,GSM4104129_TGCTGCTAGAAGCCCA-1,-0.32138089559394156
CXCR3-,HC,PTC32190_CSF,GSM4104129_TGCTGCTAGTGGAGAA-1,-0.09834107806026707
CXCR3+,HC,PTC32190_CSF,GSM4104129_TGGCCAGCATCACGTA-1,0.050135716853433064
CXCR3-,HC,PTC32190_CSF,GSM4104129_TGGCTGGCAAGTTGTC-1,-0.26660028171790334
CXCR3-,HC,PTC32190_CSF,GSM4104129_TGGTTCCGTTAAGAAC-1,-0.09834107806026707
CXCR3-,HC,PTC32190_CSF,GSM4104129_TGTGTTTAGGAGTCTG-1,-0.09834107806026707
CXCR3+,HC,PTC32190_CSF,GSM4104129_TGTTCCGCAAGAAGAG-1,0.11039856817527428
CXCR3-,HC,PTC32190_CSF,GSM4104129_TGTTCCGTCGCTAGCG-1,0.18552323807653154
CXCR3-,HC,PTC32190_CSF,GSM4104129_TTCCCAGCATCCCATC-1,-0.20471625432137072
CXCR3-,HC,PTC32190_CSF,GSM4104129_TTCGAAGGTAGAGCTG-1,0.11948351001521404
CXCR3-,HC,PTC32190_CSF,GSM4104129_TTCGGTCAGCAATATG-1,-0.09834107806026707
CXCR3-,HC,PTC32190_CSF,GSM4104129_TTCTCAATCTGTCCGT-1,-0.09834107806026707
CXCR3-,HC,PTC32190_CSF,GSM4104129_TTGCCGTTCGTTTGCC-1,-0.6883934664571146
CXCR3-,HC,PTC32190_CSF,GSM4104129_TTGGAACCAAACAACA-1,-0.09834107806026707
CXCR3-,HC,PTC32190_CSF,GSM4104129_TTGGCAACAGACTCGC-1,-0.09834107806026707
CXCR3-,HC,PTC32190_CSF,GSM4104129_TTGGCAAGTATTCGTG-1,-0.3086225404198237
CXCR3-,HC,PTC32190_CSF,GSM4104129_TTGTAGGAGGGTTCCC-1,-0.09834107806026707
CXCR3+,HC,PTC41540_CSF,GSM4104131_AAACGGGCACTTAAGC-1,-0.24064490025931135
CXCR3-,HC,PTC41540_CSF,GSM4104131_AAAGATGCATACCATG-1,-1.123862994129573
CXCR3-,HC,PTC41540_CSF,GSM4104131_AACCGCGCATTTGCTT-1,-0.09834107806026707
CXCR3+,HC,PTC41540_CSF,GSM4104131_AACTCAGCACCACGTG-1,-0.09834107806026707
CXCR3-,HC,PTC41540_CSF,GSM4104131_ACACCGGTCACATAGC-1,-0.5644556664129449
CXCR3-,HC,PTC41540_CSF,GSM4104131_ACGAGGACAAAGTCAA-1,-0.09834107806026707
CXCR3-,HC,PTC41540_CSF,GSM4104131_ACGATGTTCACCAGGC-1,0.20153224326294183
CXCR3-,HC,PTC41540_CSF,GSM4104131_ACGGAGACAGGGTATG-1,-0.23283662121629492
CXCR3+,HC,PTC41540_CSF,GSM4104131_ACGGAGAGTGCTGTAT-1,-0.09834107806026707
CXCR3+,HC,PTC41540_CSF,GSM4104131_ACGTCAAGTCGGCTCA-1,-0.09834107806026707
CXCR3-,HC,PTC41540_CSF,GSM4104131_ACTTTCAGTGCAACGA-1,-0.4660459215357771
CXCR3-,HC,PTC41540_CSF,GSM4104131_AGATTGCCAAGCGATG-1,-0.34927616516723387
CXCR3+,HC,PTC41540_CSF,GSM4104131_AGTTGGTCACATGGGA-1,-0.429208658368862
CXCR3-,HC,PTC41540_CSF,GSM4104131_CACACTCGTCCTAGCG-1,-0.09834107806026707
CXCR3-,HC,PTC41540_CSF,GSM4104131_CACATAGCACCTATCC-1,-0.23842241677024686
CXCR3-,HC,PTC41540_CSF,GSM4104131_CACATTTGTACAGTTC-1,-0.09834107806026707
CXCR3-,HC,PTC41540_CSF,GSM4104131_CAGATCACACTCGACG-1,-0.02106242698442056
CXCR3-,HC,PTC41540_CSF,GSM4104131_CATCGAAGTAATAGCA-1,-0.20313251276751787
CXCR3-,HC,PTC41540_CSF,GSM4104131_CATTATCGTAGAGTGC-1,0.2558917770031853
CXCR3-,HC,PTC41540_CSF,GSM4104131_CCACCTACACGACGAA-1,-0.09834107806026707
CXCR3-,HC,PTC41540_CSF,GSM4104131_CCATTCGAGTCGTACT-1,-0.09834107806026707
CXCR3+,HC,PTC41540_CSF,GSM4104131_CCCTCCTGTTGCGTTA-1,-0.7239783552155684
CXCR3-,HC,PTC41540_CSF,GSM4104131_CCGTACTAGTAGCGGT-1,-0.09834107806026707
CXCR3-,HC,PTC41540_CSF,GSM4104131_CCTAAAGCAGGGCATA-1,-0.09834107806026707
CXCR3-,HC,PTC41540_CSF,GSM4104131_CCTCTGAGTATGAAAC-1,-0.09834107806026707
CXCR3+,HC,PTC41540_CSF,GSM4104131_CCTTTCTAGGGAACGG-1,0.2177189688799192
CXCR3-,HC,PTC41540_CSF,GSM4104131_CGACTTCTCCGCAAGC-1,-0.257399406327603
CXCR3-,HC,PTC41540_CSF,GSM4104131_CGAGCCAAGGGAAACA-1,0.06089242710574055
CXCR3-,HC,PTC41540_CSF,GSM4104131_CGGGTCATCAGCACAT-1,-0.2131385133318264
CXCR3-,HC,PTC41540_CSF,GSM4104131_CGTAGCGAGTACGACG-1,-0.23824757020090134
CXCR3-,HC,PTC41540_CSF,GSM4104131_CGTTAGATCCTCGCAT-1,0.2153415280926049
CXCR3-,HC,PTC41540_CSF,GSM4104131_CGTTGGGAGTCTCAAC-1,-0.09834107806026707
CXCR3+,HC,PTC41540_CSF,GSM4104131_CTACCCACATTACCTT-1,-0.09834107806026707
CXCR3-,HC,PTC41540_CSF,GSM4104131_CTCAGAATCTTCATGT-1,-0.16317994488368934
CXCR3-,HC,PTC41540_CSF,GSM4104131_CTGATAGCACGAAGCA-1,0.14094443387508088
CXCR3-,HC,PTC41540_CSF,GSM4104131_CTGCGGACACCACGTG-1,-0.09834107806026707
CXCR3-,HC,PTC41540_CSF,GSM4104131_CTTAACTCATCACCCT-1,-0.24964179962038383
CXCR3-,HC,PTC41540_CSF,GSM4104131_CTTACCGTCACGAAGG-1,-0.09834107806026707
CXCR3-,HC,PTC41540_CSF,GSM4104131_GAACGGATCAACGAAA-1,-0.09834107806026707
CXCR3-,HC,PTC41540_CSF,GSM4104131_GAATAAGAGCGATAGC-1,-0.34364085875699313
CXCR3-,HC,PTC41540_CSF,GSM4104131_GACACGCCACATGACT-1,-0.08721824431750892
CXCR3+,HC,PTC41540_CSF,GSM4104131_GACGTTACATTCTCAT-1,-0.3426918611549436
CXCR3-,HC,PTC41540_CSF,GSM4104131_GCGCAACGTGCTCTTC-1,-0.3377815684958651
CXCR3-,HC,PTC41540_CSF,GSM4104131_GGATTACTCTAACCGA-1,-0.32377735129238455
CXCR3+,HC,PTC41540_CSF,GSM4104131_GGCCGATCAGCTGTGC-1,-0.13256495191886927
CXCR3-,HC,PTC41540_CSF,GSM4104131_GGCCGATGTGGTGTAG-1,-0.41545029023714203
CXCR3-,HC,PTC41540_CSF,GSM4104131_GGGTCTGAGAAACCGC-1,-0.2696363554816511
CXCR3+,HC,PTC41540_CSF,GSM4104131_GGTGTTAGTCGTTGTA-1,-0.0287336260126293
CXCR3-,HC,PTC41540_CSF,GSM4104131_GTACGTAGTCTGATTG-1,-0.32919513143432916
CXCR3-,HC,PTC41540_CSF,GSM4104131_GTACTTTGTCTCCACT-1,0.3234420850366086
CXCR3+,HC,PTC41540_CSF,GSM4104131_GTCCTCACATCCTAGA-1,0.23224898140659683
CXCR3-,HC,PTC41540_CSF,GSM4104131_GTGCATAGTATATCCG-1,-0.09834107806026707
CXCR3-,HC,PTC41540_CSF,GSM4104131_GTGGGTCGTCGGCATC-1,0.44651327150233566
CXCR3-,HC,PTC41540_CSF,GSM4104131_GTTAAGCAGTCTCAAC-1,-0.09834107806026707
CXCR3-,HC,PTC41540_CSF,GSM4104131_GTTCATTCAGTAACGG-1,-0.09834107806026707
CXCR3-,HC,PTC41540_CSF,GSM4104131_TAGACCAGTTGCGCAC-1,-0.09834107806026707
CXCR3-,HC,PTC41540_CSF,GSM4104131_TAGACCATCGAATCCA-1,-0.09834107806026707
CXCR3+,HC,PTC41540_CSF,GSM4104131_TAGAGCTTCTTCGGTC-1,-0.09834107806026707
CXCR3-,HC,PTC41540_CSF,GSM4104131_TATCTCAGTATGAATG-1,0.23166850706665879
CXCR3-,HC,PTC41540_CSF,GSM4104131_TCGTAGATCCTCGCAT-1,-0.24141092617673648
CXCR3-,HC,PTC41540_CSF,GSM4104131_TCTTTCCCATAGAAAC-1,-1.2984343999955303
CXCR3+,HC,PTC41540_CSF,GSM4104131_TCTTTCCTCCATGAGT-1,-0.2703407182700524
CXCR3-,HC,PTC41540_CSF,GSM4104131_TGACAACAGGGATCTG-1,0.08583100576152282
CXCR3-,HC,PTC41540_CSF,GSM4104131_TGACTTTCACTCAGGC-1,-0.09834107806026707
CXCR3-,HC,PTC41540_CSF,GSM4104131_TGAGAGGTCGCCGTGA-1,-0.23194249076663329
CXCR3-,HC,PTC41540_CSF,GSM4104131_TGAGCCGCAATAGCAA-1,-0.2881639756109125
CXCR3-,HC,PTC41540_CSF,GSM4104131_TGAGCCGGTACCGTAT-1,-0.09834107806026707
CXCR3-,HC,PTC41540_CSF,GSM4104131_TGGGAAGAGGGTCTCC-1,-0.43406774037204177
CXCR3-,HC,PTC41540_CSF,GSM4104131_TGGGAAGGTCTAGCCG-1,-0.2481787014483694
CXCR3-,HC,PTC41540_CSF,GSM4104131_TGGGCGTCACACCGCA-1,-0.30848626433190235
CXCR3-,HC,PTC41540_CSF,GSM4104131_TGGTTAGCACACATGT-1,-0.36157376998451635
CXCR3-,HC,PTC41540_CSF,GSM4104131_TTAACTCGTCAACATC-1,-0.039803233378289914
CXCR3-,HC,PTC41540_CSF,GSM4104131_TTGCGTCGTATCGCAT-1,-0.23576151742356807
CXCR3-,HC,PTC41540_CSF,GSM4104131_TTGTAGGCAGTGACAG-1,-0.33810375016194144
CXCR3-,HC,PTC41540_CSF,GSM4104131_TTTATGCCACATGACT-1,-0.22816079328536176
CXCR3+,HC,PTC41540_CSF,GSM4104131_TTTGGTTTCTGATACG-1,-0.4089798924746532
CXCR3-,HC,PTC85037_CSF,GSM4104133_AAACGGGTCGTTGCCT-1,-0.27821597579328156
CXCR3-,HC,PTC85037_CSF,GSM4104133_AAAGATGTCGAATCCA-1,-0.3402243188712414
CXCR3-,HC,PTC85037_CSF,GSM4104133_AAATGCCGTTCGTCTC-1,0.4267012813759293
CXCR3-,HC,PTC85037_CSF,GSM4104133_AATCGGTCAAGCTGGA-1,-0.5839074725014444
CXCR3-,HC,PTC85037_CSF,GSM4104133_ACCAGTAAGCTAAACA-1,-0.4533494716599538
CXCR3-,HC,PTC85037_CSF,GSM4104133_ACCTTTACACTGTGTA-1,0.0761832979912155
CXCR3-,HC,PTC85037_CSF,GSM4104133_ACTGATGAGAGTACCG-1,-0.2258544128040779
CXCR3+,HC,PTC85037_CSF,GSM4104133_ACTTTCAAGCGAAGGG-1,-0.09834107806026707
CXCR3-,HC,PTC85037_CSF,GSM4104133_AGACGTTAGTTACCCA-1,-0.09834107806026707
CXCR3-,HC,PTC85037_CSF,GSM4104133_AGCCTAAAGACGCACA-1,-0.09834107806026707
CXCR3-,HC,PTC85037_CSF,GSM4104133_AGCCTAAAGGAGTACC-1,-0.09834107806026707
CXCR3+,HC,PTC85037_CSF,GSM4104133_AGCGGTCAGGTGATTA-1,-0.09834107806026707
CXCR3+,HC,PTC85037_CSF,GSM4104133_AGGTCATAGAAACGCC-1,-0.09834107806026707
CXCR3-,HC,PTC85037_CSF,GSM4104133_AGTGGGAAGAAGGCCT-1,-0.09834107806026707
CXCR3-,HC,PTC85037_CSF,GSM4104133_AGTGTCACAATGCCAT-1,-0.09834107806026707
CXCR3-,HC,PTC85037_CSF,GSM4104133_ATAAGAGTCATCATTC-1,-0.2958782086009856
CXCR3+,HC,PTC85037_CSF,GSM4104133_ATCATGGAGAAACCTA-1,-0.40328549340337894
CXCR3-,HC,PTC85037_CSF,GSM4104133_ATCATGGGTAGCCTAT-1,-0.09834107806026707
CXCR3+,HC,PTC85037_CSF,GSM4104133_ATCCGAAGTAAATGTG-1,-0.27858240209736584
CXCR3+,HC,PTC85037_CSF,GSM4104133_ATCTGCCGTCACTGGC-1,-0.21449081399656716
CXCR3-,HC,PTC85037_CSF,GSM4104133_ATTGGACTCTGTCAAG-1,-0.09834107806026707
CXCR3-,HC,PTC85037_CSF,GSM4104133_CAAGATCCAGTCCTTC-1,-0.33242119759861816
CXCR3+,HC,PTC85037_CSF,GSM4104133_CAAGGCCAGAAACCTA-1,-0.09834107806026707
CXCR3-,HC,PTC85037_CSF,GSM4104133_CACACAAGTATTACCG-1,-0.382860913318515
CXCR3-,HC,PTC85037_CSF,GSM4104133_CACAGGCGTCTGATCA-1,-0.09834107806026707
CXCR3-,HC,PTC85037_CSF,GSM4104133_CACCACTAGGGATCTG-1,-0.33083809366349676
CXCR3-,HC,PTC85037_CSF,GSM4104133_CACCTTGTCACCAGGC-1,-0.3300976081787629
CXCR3+,HC,PTC85037_CSF,GSM4104133_CATCAGAAGTGGAGTC-1,-0.09834107806026707
CXCR3-,HC,PTC85037_CSF,GSM4104133_CATTATCTCGCGCCAA-1,0.24161443450341394
CXCR3-,HC,PTC85037_CSF,GSM4104133_CGAACATTCGCTTGTC-1,-0.2419798900316017
CXCR3-,HC,PTC85037_CSF,GSM4104133_CGTGAGCCAGCTGGCT-1,-0.09834107806026707
CXCR3-,HC,PTC85037_CSF,GSM4104133_CTAAGACCAATCTACG-1,0.23189354245387542
CXCR3+,HC,PTC85037_CSF,GSM4104133_CTACATTTCTGTCTCG-1,-0.09834107806026707
CXCR3-,HC,PTC85037_CSF,GSM4104133_CTCGTACCAATTGCTG-1,-0.09834107806026707
CXCR3-,HC,PTC85037_CSF,GSM4104133_CTGAAGTTCGTGGTCG-1,0.47914512377634183
CXCR3-,HC,PTC85037_CSF,GSM4104133_CTTAGGAGTCGCTTCT-1,-0.09834107806026707
CXCR3-,HC,PTC85037_CSF,GSM4104133_CTTGGCTCACATCCAA-1,-0.401117142891681
CXCR3-,HC,PTC85037_CSF,GSM4104133_GAACATCCAATGCCAT-1,-0.21799145853202884
CXCR3+,HC,PTC85037_CSF,GSM4104133_GACACGCGTACAAGTA-1,-0.26644543176128405
CXCR3-,HC,PTC85037_CSF,GSM4104133_GACGCGTAGACGCTTT-1,0.1270411553168647
CXCR3+,HC,PTC85037_CSF,GSM4104133_GATCGTAAGATCACGG-1,0.2513077730661439
CXCR3-,HC,PTC85037_CSF,GSM4104133_GCAAACTAGACTGGGT-1,-0.09834107806026707
CXCR3-,HC,PTC85037_CSF,GSM4104133_GCACTCTTCTTGAGAC-1,-0.09834107806026707
CXCR3-,HC,PTC85037_CSF,GSM4104133_GCGCCAAGTTAAGGGC-1,0.014012937152369176
CXCR3-,HC,PTC85037_CSF,GSM4104133_GCTGGGTGTGTTCTTT-1,-0.09834107806026707
CXCR3+,HC,PTC85037_CSF,GSM4104133_GGAAAGCAGTCCGGTC-1,-0.32932147633657394
CXCR3-,HC,PTC85037_CSF,GSM4104133_GGCGACTGTGTGAATA-1,-0.2692934075981089
CXCR3-,HC,PTC85037_CSF,GSM4104133_GGGCATCAGGTAAACT-1,-0.3159576825538057
CXCR3-,HC,PTC85037_CSF,GSM4104133_GGGCATCCAAAGGAAG-1,-0.09834107806026707
CXCR3-,HC,PTC85037_CSF,GSM4104133_GGGTTGCGTCGCATCG-1,-0.0055361410336114735
CXCR3-,HC,PTC85037_CSF,GSM4104133_GTAACTGCATTCCTGC-1,-0.2872248056247323
CXCR3-,HC,PTC85037_CSF,GSM4104133_GTAGGCCGTCTGGTCG-1,-0.4415463244168369
CXCR3-,HC,PTC85037_CSF,GSM4104133_GTATTCTGTCTAAAGA-1,-0.4278092179742853
CXCR3-,HC,PTC85037_CSF,GSM4104133_GTATTCTTCCTACAGA-1,-0.6059040115198029
CXCR3-,HC,PTC85037_CSF,GSM4104133_GTCTTCGGTAGCTAAA-1,-0.09834107806026707
CXCR3-,HC,PTC85037_CSF,GSM4104133_GTTCGGGAGGCCCTTG-1,-0.09834107806026707
CXCR3-,HC,PTC85037_CSF,GSM4104133_TACAGTGAGTACACCT-1,-0.09834107806026707
CXCR3+,HC,PTC85037_CSF,GSM4104133_TACCTATCAAACAACA-1,-0.09834107806026707
CXCR3-,HC,PTC85037_CSF,GSM4104133_TACTCGCCAGACGCCT-1,-0.09834107806026707
CXCR3-,HC,PTC85037_CSF,GSM4104133_TAGTGGTAGCTGTCTA-1,-0.09834107806026707
CXCR3+,HC,PTC85037_CSF,GSM4104133_TCATTACGTGAGCGAT-1,-0.19164987080860638
CXCR3-,HC,PTC85037_CSF,GSM4104133_TCGTAGAAGTCGATAA-1,0.09167951124791344
CXCR3+,HC,PTC85037_CSF,GSM4104133_TCTTCGGGTTGGGACA-1,-0.24375483666293332
CXCR3-,HC,PTC85037_CSF,GSM4104133_TCTTTCCAGCGTGTCC-1,-0.09834107806026707
CXCR3-,HC,PTC85037_CSF,GSM4104133_TGACAACTCTCGTTTA-1,-0.28412081512262616
CXCR3+,HC,PTC85037_CSF,GSM4104133_TGACGGCCAGGCGATA-1,-0.09834107806026707
CXCR3-,HC,PTC85037_CSF,GSM4104133_TGCGGGTTCTCTGTCG-1,-0.09834107806026707
CXCR3-,HC,PTC85037_CSF,GSM4104133_TGGGAAGGTTGTGGAG-1,-0.09834107806026707
CXCR3-,HC,PTC85037_CSF,GSM4104133_TTAGGCAAGTAACCCT-1,-0.09834107806026707
CXCR3-,HC,PTC85037_CSF,GSM4104133_TTAGTTCAGTGGGCTA-1,-0.34958032477915085
CXCR3-,HC,PTC85037_CSF,GSM4104133_TTGGAACCAGACTCGC-1,-0.09834107806026707
CXCR3-,HC,PTC85037_CSF,GSM4104133_TTTGCGCCATTACGAC-1,-1.0863177339730428
CXCR3-,HC,PTC85037_CSF,GSM4104133_TTTGCGCGTCTCTTAT-1,-0.36126614186029443
