cxcr3_group,condition,patient,cell_id,zinc_signature
CXCR3+,HC,CSF_2,AACGTTGAGATAGCAT-1,0.033047901937576916
CXCR3-,HC,CSF_2,ACCGTAACACCACGTG-1,0.396051635823326
CXCR3-,HC,CSF_2,AGCATACGTGTAACGG-1,0.3141642713620305
CXCR3+,HC,CSF_2,AGGCCACTCCAACCAA-1,0.5509419606480762
CXCR3+,HC,CSF_2,ATCACGAGTTTGACAC-1,-0.18665211715874422
CXCR3+,HC,CSF_2,ATCATCTCATAGAAAC-1,0.15973295079067715
CXCR3-,HC,CSF_2,ATCTACTCAGCTGTAT-1,-0.29997119987097626
CXCR3-,HC,CSF_2,CAACCAACAACACGCC-1,-0.11990251519559135
CXCR3+,HC,CSF_2,CAACCAAGTCTCAACA-1,-0.017382957463848214
CXCR3+,HC,CSF_2,CAAGGCCGTTCGTCTC-1,-0.29997119987097626
CXCR3+,HC,CSF_2,CACAGTACAGATGGCA-1,-0.29997119987097626
CXCR3+,HC,CSF_2,CAGCTGGTCAAGAAGT-1,-0.29997119987097626
CXCR3-,HC,CSF_2,CCCAATCGTATTCGTG-1,0.12304313081350186
CXCR3-,HC,CSF_2,CCTTACGGTGTGACGA-1,-0.29997119987097626
CXCR3-,HC,CSF_2,CGGTTAAAGACACTAA-1,-0.29997119987097626
CXCR3+,HC,CSF_2,CTAGAGTAGAAACCAT-1,-0.05698612881501247
CXCR3+,HC,CSF_2,CTAGAGTGTTGAGGTG-1,0.06880085582830384
CXCR3-,HC,CSF_2,CTCAGAAGTAGAGCTG-1,-0.29997119987097626
CXCR3+,HC,CSF_2,CTGGTCTGTAGTGAAT-1,0.04306680714400384
CXCR3-,HC,CSF_2,GAACATCCATACCATG-1,0.42849218683170537
CXCR3-,HC,CSF_2,GACACGCTCGGTTCGG-1,-0.29997119987097626
CXCR3+,HC,CSF_2,GACCAATAGCGATGAC-1,-0.0921827012812134
CXCR3+,HC,CSF_2,GACGTGCCAGCCACCA-1,-0.10197837922583587
CXCR3-,HC,CSF_2,GACGTGCGTCTCCCTA-1,0.1284422490975256
CXCR3+,HC,CSF_2,GACGTGCTCTCGGACG-1,-0.29997119987097626
CXCR3-,HC,CSF_2,GATCAGTCAATCCGAT-1,-0.29997119987097626
CXCR3-,HC,CSF_2,GATCGTAGTCCTCTTG-1,-0.05685368559845385
CXCR3-,HC,CSF_2,GCAGCCAGTTTCCACC-1,0.4953751311153733
CXCR3-,HC,CSF_2,GCATGATCACATTTCT-1,-0.00363274122875566
CXCR3-,HC,CSF_2,GCCTCTATCGCCCTTA-1,0.12006906212407184
CXCR3-,HC,CSF_2,GGAATAATCTGCCAGG-1,-0.014071262588310028
CXCR3-,HC,CSF_2,GGGACCTGTAGGAGTC-1,-0.20034591211000277
CXCR3+,HC,CSF_2,GGTGCGTCACTGCCAG-1,0.22916589352869546
CXCR3+,HC,CSF_2,GTAACGTCAAAGGAAG-1,-0.29997119987097626
CXCR3+,HC,CSF_2,GTAGGCCCACTTCTGC-1,0.3122217585753361
CXCR3-,HC,CSF_2,GTCAAGTCATACTCTT-1,-0.29997119987097626
CXCR3+,HC,CSF_2,GTCATTTCACCGTTGG-1,0.5114807448503904
CXCR3-,HC,CSF_2,GTCGTAACACGGCGTT-1,0.3293708322192405
CXCR3-,HC,CSF_2,GTCTCGTCAAATCCGT-1,0.01271226338878671
CXCR3-,HC,CSF_2,GTCTCGTTCTGTTTGT-1,0.2036015951155641
CXCR3+,HC,CSF_2,GTGCTTCAGGTGCACA-1,0.4220959575965418
CXCR3-,HC,CSF_2,GTTCATTAGCTAGGCA-1,0.07224027824765723
CXCR3-,HC,CSF_2,TAAGTGCAGGCATGGT-1,-0.09745490163365989
CXCR3-,HC,CSF_2,TAAGTGCTCTAACTCT-1,-0.11073252073349109
CXCR3-,HC,CSF_2,TACCTTACATCACAAC-1,0.1741703255865798
CXCR3+,HC,CSF_2,TAGAGCTAGGCTCTTA-1,0.020261804822404583
CXCR3-,HC,CSF_2,TCAACGAAGTCGTACT-1,-0.29997119987097626
CXCR3+,HC,CSF_2,TCAGATGGTAGCCTCG-1,-0.10020577715675752
CXCR3+,HC,CSF_2,TCAGCTCAGAGCTGCA-1,0.16561065481783435
CXCR3-,HC,CSF_2,TCAGCTCTCCGCAGTG-1,0.3940524400745131
CXCR3-,HC,CSF_2,TCAGGATAGATGTGGC-1,-0.12805909096770934
CXCR3-,HC,CSF_2,TCGCGTTAGCCCAGCT-1,-0.17128736985422618
CXCR3+,HC,CSF_2,TCGGGACAGGAATTAC-1,-0.29997119987097626
CXCR3-,HC,CSF_2,TCGGGACTCCTCGCAT-1,-0.18032081939921443
CXCR3-,HC,CSF_2,TCTCATATCTCGTTTA-1,-0.12418067005078803
CXCR3-,HC,CSF_2,TGACGGCTCAGATAAG-1,0.02319173227214991
CXCR3-,HC,CSF_2,TGACTAGGTTCCAACA-1,0.011850035020826504
CXCR3-,HC,CSF_2,TGCGGGTAGTGTGAAT-1,-0.0175658741544793
CXCR3+,HC,CSF_2,TGGCCAGCATCCCATC-1,-0.08562519890531314
CXCR3-,HC,CSF_2,TGTCCCAAGCAATATG-1,-0.1145934000982638
CXCR3+,HC,CSF_2,TGTGTTTTCTTTAGGG-1,-0.05803609743895031
CXCR3-,HC,CSF_2,TGTTCCGAGCACGCCT-1,-0.08728438797064444
CXCR3+,HC,CSF_2,TTGACTTTCGAATCCA-1,-0.29997119987097626
CXCR3-,HC,CSF_2,TTTCCTCAGCAGGTCA-1,0.3169479851814056
CXCR3-,HC,CSF_3,AAAGATGTCCGTCATC-1,0.2779108644984535
CXCR3-,HC,CSF_3,AACACGTAGATGCCTT-1,0.640948161786884
CXCR3+,HC,CSF_3,AACTCTTCAGGACCCT-1,-0.13246587102652052
CXCR3-,HC,CSF_3,AAGACCTAGTGGTAAT-1,-0.03189938314109929
CXCR3+,HC,CSF_3,AAGCCGCGTACCATCA-1,0.11404661352020251
CXCR3-,HC,CSF_3,ACATCAGTCCCTTGTG-1,0.3589979243381765
CXCR3-,HC,CSF_3,ACCAGTACAGTCAGAG-1,-0.004190595927847905
CXCR3-,HC,CSF_3,ACCTTTATCTTCGAGA-1,0.005754309216619854
CXCR3-,HC,CSF_3,ACGGAGAAGGCCCTTG-1,-0.29997119987097626
CXCR3-,HC,CSF_3,ACGGGTCAGTAGATGT-1,-0.29997119987097626
CXCR3-,HC,CSF_3,ACGTCAATCTGTTGAG-1,-0.11697767373542141
CXCR3+,HC,CSF_3,AGAGCGAGTGACAAAT-1,-0.29997119987097626
CXCR3-,HC,CSF_3,AGAGCGATCCGTCAAA-1,-0.29997119987097626
CXCR3+,HC,CSF_3,AGAGCTTAGATACACA-1,-0.11129373811424034
CXCR3+,HC,CSF_3,AGAGCTTGTGCAGGTA-1,-0.09077127974552338
CXCR3-,HC,CSF_3,AGATCTGGTCCAACTA-1,-0.10895354306961876
CXCR3-,HC,CSF_3,AGCGTATAGTAGTGCG-1,-0.29997119987097626
CXCR3-,HC,CSF_3,AGCTCTCAGCATCATC-1,-0.29997119987097626
CXCR3-,HC,CSF_3,AGGGATGCACAGCCCA-1,-0.29997119987097626
CXCR3+,HC,CSF_3,AGGGATGCAGACGCCT-1,-0.29997119987097626
CXCR3-,HC,CSF_3,AGTAGTCAGTGCCAGA-1,-0.29997119987097626
CXCR3-,HC,CSF_3,AGTCTTTGTCTTGTCC-1,-0.29997119987097626
CXCR3-,HC,CSF_3,ATAGACCCAAGGTTCT-1,0.21591803147094463
CXCR3-,HC,CSF_3,ATCCGAAAGTTTCCTT-1,-0.29997119987097626
CXCR3+,HC,CSF_3,CAAGGCCCAGCATACT-1,-0.29997119987097626
CXCR3-,HC,CSF_3,CACAAACGTATAATGG-1,0.32925525178706344
CXCR3-,HC,CSF_3,CACATTTCAGCTGTTA-1,-0.29997119987097626
CXCR3-,HC,CSF_3,CACCAGGCAAGTCTGT-1,-0.0036374797296194433
CXCR3-,HC,CSF_3,CACTCCACAGATTGCT-1,1.7362298436669203
CXCR3-,HC,CSF_3,CATGACAAGTAAGTAC-1,0.22055922472577869
CXCR3-,HC,CSF_3,CATGACACAGGGTATG-1,-0.29997119987097626
CXCR3+,HC,CSF_3,CCAATCCAGAGTACAT-1,0.15441146922002388
CXCR3-,HC,CSF_3,CCAATCCCAGACAAGC-1,-0.29997119987097626
CXCR3-,HC,CSF_3,CCACCTAGTCATTAGC-1,-0.29997119987097626
CXCR3-,HC,CSF_3,CCGGGATAGCGATCCC-1,-0.29997119987097626
CXCR3-,HC,CSF_3,CCTACACCAGCCTTGG-1,0.3473130128181167
CXCR3-,HC,CSF_3,CGAACATGTGTTGGGA-1,-0.29997119987097626
CXCR3-,HC,CSF_3,CGAATGTGTAGCTTGT-1,0.016570143344326223
CXCR3-,HC,CSF_3,CGCCAAGCAGCAGTTT-1,-0.29997119987097626
CXCR3+,HC,CSF_3,CGCGGTAAGGCAAAGA-1,-0.029030076448799975
CXCR3-,HC,CSF_3,CGCGGTATCAAGCCTA-1,-0.29997119987097626
CXCR3-,HC,CSF_3,CGCTATCGTGATGCCC-1,0.052833187560918
CXCR3-,HC,CSF_3,CGCTATCGTTCAACCA-1,-0.29997119987097626
CXCR3-,HC,CSF_3,CGCTGGAGTCTCAACA-1,0.07482350558533066
CXCR3-,HC,CSF_3,CGCTTCAGTAGCCTAT-1,0.24023187843453678
CXCR3+,HC,CSF_3,CGGACGTTCCTACAGA-1,-0.29997119987097626
CXCR3-,HC,CSF_3,CGGGTCATCCCTAACC-1,-0.29997119987097626
CXCR3-,HC,CSF_3,CGTAGCGGTTCCACAA-1,0.2683110060611723
CXCR3-,HC,CSF_3,CGTGTAACAGCTTAAC-1,-0.29997119987097626
CXCR3-,HC,CSF_3,CGTGTCTGTCACCCAG-1,0.7625784092140855
CXCR3-,HC,CSF_3,CGTTGGGAGTTAAGTG-1,-0.09006584683315995
CXCR3-,HC,CSF_3,CTAATGGTCAACACGT-1,1.3017920346880467
CXCR3-,HC,CSF_3,CTCACACCAACTGCGC-1,-0.13382567268731296
CXCR3-,HC,CSF_3,CTCAGAACAAGTCTGT-1,0.20783294583571782
CXCR3-,HC,CSF_3,CTCATTACAGCGTCCA-1,-0.29997119987097626
CXCR3+,HC,CSF_3,CTCGAAATCACTTACT-1,-0.29997119987097626
CXCR3-,HC,CSF_3,CTCGAGGGTAGCTTGT-1,0.17636185075567043
CXCR3+,HC,CSF_3,CTCGAGGGTCAATGTC-1,0.06924893812641726
CXCR3-,HC,CSF_3,CTGCTGTTCGTCGTTC-1,-0.29997119987097626
CXCR3-,HC,CSF_3,CTTGGCTAGCACCGTC-1,0.07034329443999456
CXCR3-,HC,CSF_3,GAAATGAGTCGAAAGC-1,-0.29997119987097626
CXCR3-,HC,CSF_3,GACCAATTCTACCTGC-1,-0.13354165450400143
CXCR3+,HC,CSF_3,GACGTTAAGTCAATAG-1,-0.29997119987097626
CXCR3+,HC,CSF_3,GATCGTACACCAGGCT-1,0.14607431750730654
CXCR3+,HC,CSF_3,GATTCAGTCGAATCCA-1,-0.29997119987097626
CXCR3-,HC,CSF_3,GCAATCATCTGCGGCA-1,-0.03694273577747887
CXCR3-,HC,CSF_3,GCTCCTACACGCCAGT-1,-0.29997119987097626
CXCR3-,HC,CSF_3,GCTCTGTCAGGAATCG-1,-0.29997119987097626
CXCR3-,HC,CSF_3,GCTGCAGCAACTGGCC-1,0.18365566868623917
CXCR3-,HC,CSF_3,GCTGCGAAGTGAAGTT-1,-0.07995535913253923
CXCR3+,HC,CSF_3,GCTGCTTAGCCAGGAT-1,1.4412601232592783
CXCR3-,HC,CSF_3,GCTGCTTCAAGCGAGT-1,-0.08533815890724925
CXCR3-,HC,CSF_3,GCTTGAAGTTCAGGCC-1,-0.29997119987097626
CXCR3-,HC,CSF_3,GCTTGAATCAGCCTAA-1,-0.29997119987097626
CXCR3+,HC,CSF_3,GGAACTTCACCCATGG-1,0.46583696570156813
CXCR3+,HC,CSF_3,GGACATTCATTAACCG-1,-0.06746353795773298
CXCR3-,HC,CSF_3,GGACGTCAGACAATAC-1,0.8346253667319244
CXCR3-,HC,CSF_3,GGACGTCGTAGGCTGA-1,0.02117833166884786
CXCR3-,HC,CSF_3,GGAGCAAAGCAACGGT-1,-0.29997119987097626
CXCR3+,HC,CSF_3,GGATGTTGTTTGGGCC-1,0.04268700902228538
CXCR3-,HC,CSF_3,GGATTACGTATATCCG-1,-0.097101792244529
CXCR3-,HC,CSF_3,GGATTACTCTCCAACC-1,0.45726132139904785
CXCR3+,HC,CSF_3,GGCTCGAGTAGAGGAA-1,0.29394742103052224
CXCR3-,HC,CSF_3,GGCTCGAGTGAGGGAG-1,1.1265361731675663
CXCR3-,HC,CSF_3,GGCTGGTAGCGATATA-1,0.040995455030910365
CXCR3-,HC,CSF_3,GGGAATGGTAGTACCT-1,-0.04012256195278404
CXCR3+,HC,CSF_3,GGGATGATCTCGTATT-1,-0.29997119987097626
CXCR3-,HC,CSF_3,GGGTTGCGTCGCCATG-1,-0.29997119987097626
CXCR3-,HC,CSF_3,GGTGAAGCACGAAAGC-1,-0.29997119987097626
CXCR3-,HC,CSF_3,GGTGAAGTCTGGTTCC-1,1.3625527128670687
CXCR3-,HC,CSF_3,GTACGTAAGGATATAC-1,-0.15051897531594577
CXCR3-,HC,CSF_3,GTACTCCAGCGATAGC-1,1.15606091126781
CXCR3-,HC,CSF_3,GTAGTCAGTAGGACAC-1,-0.29997119987097626
CXCR3-,HC,CSF_3,GTCGGGTGTTATCCGA-1,0.42328068718207235
CXCR3-,HC,CSF_3,GTCGTAACAGTCACTA-1,-0.11299085917305655
CXCR3-,HC,CSF_3,GTGCGGTTCGAATGCT-1,0.5279416941978546
CXCR3-,HC,CSF_3,GTTAAGCCAGACAAAT-1,-0.048188073852631665
CXCR3-,HC,CSF_3,GTTACAGCAAGTTAAG-1,-0.29997119987097626
CXCR3-,HC,CSF_3,TACACGAAGAGACTTA-1,-0.29997119987097626
CXCR3-,HC,CSF_3,TACCTTAGTCCGAATT-1,-0.29997119987097626
CXCR3-,HC,CSF_3,TACTCATAGCATCATC-1,-0.15013447393305945
CXCR3+,HC,CSF_3,TACTTACAGCAGGCTA-1,0.00019249611718484352
CXCR3-,HC,CSF_3,TACTTACTCCCTGACT-1,-0.29997119987097626
CXCR3+,HC,CSF_3,TAGACCACATCTATGG-1,-0.29997119987097626
CXCR3-,HC,CSF_3,TATCAGGTCCTATGTT-1,0.44986716689470235
CXCR3-,HC,CSF_3,TATTACCTCGCTAGCG-1,-0.29997119987097626
CXCR3+,HC,CSF_3,TCGAGGCGTCCTCTTG-1,-0.29997119987097626
CXCR3-,HC,CSF_3,TCGCGAGTCCAAGCCG-1,-0.29997119987097626
CXCR3+,HC,CSF_3,TCGTAGAGTTACTGAC-1,-0.02367715749089989
CXCR3-,HC,CSF_3,TCTTTCCGTCCAGTTA-1,-0.29997119987097626
CXCR3-,HC,CSF_3,TGAGCCGCAGCTTCGG-1,-0.12028278840036828
CXCR3-,HC,CSF_3,TGATTTCAGGCTAGGT-1,-0.29997119987097626
CXCR3-,HC,CSF_3,TGATTTCCATGCAACT-1,-0.29997119987097626
CXCR3+,HC,CSF_3,TGCGCAGTCCGAGCCA-1,-0.29997119987097626
CXCR3-,HC,CSF_3,TGCGGGTAGATGTGTA-1,-0.29997119987097626
CXCR3+,HC,CSF_3,TGGTTAGTCTCAACTT-1,0.4602231493635434
CXCR3-,HC,CSF_3,TGTGGTAAGTAGCCGA-1,-0.29997119987097626
CXCR3-,HC,CSF_3,TTCTCCTAGATGTGGC-1,0.5594089250353983
CXCR3-,HC,CSF_3,TTGTAGGTCTAACGGT-1,-0.053794616397713456
CXCR3-,HC,CSF_3,TTTGCGCAGCAGCCTC-1,-0.03977658519510485
CXCR3+,HC,CSF_32,AAACCTGAGAAACCGC-1,0.5161828760553933
CXCR3+,HC,CSF_32,AAAGTAGGTACAGACG-1,0.4783731442648921
CXCR3-,HC,CSF_32,AAATGCCGTCGGATCC-1,-0.29997119987097626
CXCR3-,HC,CSF_32,AACCATGGTTGGTGGA-1,0.19852639721106277
CXCR3-,HC,CSF_32,AACCGCGCAGGTTTCA-1,0.41733870943071816
CXCR3-,HC,CSF_32,AACTCAGAGGTTCCTA-1,1.0358678085775395
CXCR3+,HC,CSF_32,AACTCTTGTGTATGGG-1,-0.29997119987097626
CXCR3-,HC,CSF_32,AACTCTTTCTGATACG-1,-0.29997119987097626
CXCR3-,HC,CSF_32,AACTGGTCATTGTGCA-1,0.18345789187000042
CXCR3-,HC,CSF_32,AAGACCTTCTGCAGTA-1,-0.13650250963042318
CXCR3+,HC,CSF_32,AAGGCAGAGTGTACGG-1,0.26402369021690575
CXCR3+,HC,CSF_32,AAGGTTCCATGCGCAC-1,0.18749423576054358
CXCR3-,HC,CSF_32,AATCGGTGTTTGTGTG-1,0.40178098041426974
CXCR3-,HC,CSF_32,ACACCCTTCTCGCTTG-1,1.4346752031426457
CXCR3-,HC,CSF_32,ACACCGGTCTGCGGCA-1,0.299594365021654
CXCR3-,HC,CSF_32,ACACTGACACGAAAGC-1,0.06841523062480934
CXCR3+,HC,CSF_32,ACAGCCGTCGTGGGAA-1,0.3345761986637223
CXCR3-,HC,CSF_32,ACAGCTAGTGCAACTT-1,0.32404108627521494
CXCR3+,HC,CSF_32,ACAGCTAGTTCGCGAC-1,0.270571044924837
CXCR3-,HC,CSF_32,ACCAGTAAGTCACGCC-1,0.058852827934435185
CXCR3+,HC,CSF_32,ACCGTAAAGGAGTTGC-1,-0.12329674721544828
CXCR3-,HC,CSF_32,ACGAGCCTCACCTTAT-1,0.3124241537986779
CXCR3+,HC,CSF_32,ACGATGTCAAGGGTCA-1,-0.14324435698108445
CXCR3-,HC,CSF_32,ACGATGTGTTCTGAAC-1,0.15247355466158607
CXCR3-,HC,CSF_32,ACGCCAGAGTGCAAGC-1,0.252584648076687
CXCR3-,HC,CSF_32,ACGGGCTAGCTAAACA-1,-0.18317089317087243
CXCR3-,HC,CSF_32,ACGGGCTCAATCACAC-1,-0.01632380415880405
CXCR3+,HC,CSF_32,ACGGGCTTCCCAAGAT-1,0.5539582896721764
CXCR3+,HC,CSF_32,ACGGGCTTCGGAAACG-1,0.33942697152736984
CXCR3-,HC,CSF_32,ACGTCAAAGATATGCA-1,0.4100964917430058
CXCR3-,HC,CSF_32,ACTATCTGTCGGATCC-1,-0.1613436744383716
CXCR3+,HC,CSF_32,ACTGAACTCGTCCAGG-1,0.6885805183947566
CXCR3+,HC,CSF_32,ACTGAGTTCTGTGCAA-1,0.10318108897379252
CXCR3-,HC,CSF_32,ACTGCTCAGATGCCAG-1,0.03870149133957125
CXCR3-,HC,CSF_32,ACTGCTCCAGTATCTG-1,0.21203702736918556
CXCR3-,HC,CSF_32,ACTGCTCGTGGCTCCA-1,-0.29997119987097626
CXCR3-,HC,CSF_32,ACTGTCCCACAGCGTC-1,0.38613545299042457
CXCR3+,HC,CSF_32,AGAATAGCACTAAGTC-1,0.4153396224418667
CXCR3-,HC,CSF_32,AGAGCGAAGAAACCTA-1,0.04448909242139511
CXCR3-,HC,CSF_32,AGAGTGGTCTGCCAGG-1,0.3344851054013428
CXCR3+,HC,CSF_32,AGATTGCCACACATGT-1,-0.29997119987097626
CXCR3-,HC,CSF_32,AGCAGCCTCTTGCATT-1,0.15145792724351254
CXCR3-,HC,CSF_32,AGCCTAAAGGCTACGA-1,-0.0359854327977638
CXCR3+,HC,CSF_32,AGCCTAAGTATAAACG-1,0.434208036864149
CXCR3-,HC,CSF_32,AGCCTAATCAGCTTAG-1,-0.1665596209662481
CXCR3-,HC,CSF_32,AGCGGTCTCCGAGCCA-1,-0.1382307967029263
CXCR3-,HC,CSF_32,AGCGTATAGACTAAGT-1,0.6507312323150874
CXCR3-,HC,CSF_32,AGCTCCTTCGCCCTTA-1,0.7769955435426252
CXCR3-,HC,CSF_32,AGCTCTCGTCCATCCT-1,-0.29997119987097626
CXCR3-,HC,CSF_32,AGCTCTCGTCGATTGT-1,-0.29997119987097626
CXCR3-,HC,CSF_32,AGCTCTCTCCGAGCCA-1,0.05151517412817224
CXCR3-,HC,CSF_32,AGGCCACCAAACCCAT-1,-0.10440610983563227
CXCR3+,HC,CSF_32,AGGCCACCACACATGT-1,-0.16931454929111361
CXCR3-,HC,CSF_32,AGGTCCGCAGTGAGTG-1,-0.10739269350442172
CXCR3+,HC,CSF_32,AGTGAGGCACACAGAG-1,-0.1356432577930756
CXCR3-,HC,CSF_32,AGTGAGGTCTTCGAGA-1,-0.0006144378432636012
CXCR3+,HC,CSF_32,AGTGGGAAGGCTCTTA-1,0.04666073967338242
CXCR3-,HC,CSF_32,AGTGTCAAGTCCATAC-1,0.467685052846048
CXCR3+,HC,CSF_32,AGTTGGTGTATTCGTG-1,0.5397682393421841
CXCR3-,HC,CSF_32,AGTTGGTGTCTCATCC-1,-0.01172502341097813
CXCR3-,HC,CSF_32,AGTTGGTTCAGAGCTT-1,0.27663764631322124
CXCR3-,HC,CSF_32,ATCGAGTGTCCAGTAT-1,0.4174837773778094
CXCR3-,HC,CSF_32,ATCTGCCCACAGGCCT-1,-0.29997119987097626
CXCR3+,HC,CSF_32,ATGCGATGTTCGGGCT-1,0.4732515177615397
CXCR3+,HC,CSF_32,ATGGGAGTCTGTGCAA-1,0.011868590515927193
CXCR3+,HC,CSF_32,ATTATCCCAATCGAAA-1,-0.0638589013834902
CXCR3+,HC,CSF_32,ATTCTACAGGCCCTTG-1,0.18879776392983255
CXCR3-,HC,CSF_32,ATTGGACGTAACGTTC-1,0.7022799905305105
CXCR3-,HC,CSF_32,ATTGGACGTAAGAGAG-1,0.32410027451263984
CXCR3-,HC,CSF_32,CAACCAAAGCAGGCTA-1,0.1961502026302828
CXCR3+,HC,CSF_32,CAAGGCCGTAACGCGA-1,0.038091538564410735
CXCR3-,HC,CSF_32,CAAGGCCGTGGGTCAA-1,0.18228930341505048
CXCR3-,HC,CSF_32,CAAGTTGAGGTAGCCA-1,0.3377821769735392
CXCR3-,HC,CSF_32,CAAGTTGGTTCCCGAG-1,-0.06176054278444892
CXCR3-,HC,CSF_32,CAAGTTGTCCACTCCA-1,0.1650510722872157
CXCR3-,HC,CSF_32,CACACAAAGTCAAGGC-1,-0.15916488121180358
CXCR3-,HC,CSF_32,CACACAAAGTGAAGAG-1,0.041754444826986495
CXCR3-,HC,CSF_32,CACACCTGTGTAAGTA-1,0.07731449318759716
CXCR3-,HC,CSF_32,CACACCTTCGGTGTTA-1,-0.042942834644845496
CXCR3-,HC,CSF_32,CACACTCCAACGATGG-1,-0.12994170734803506
CXCR3+,HC,CSF_32,CACACTCCATAGACTC-1,-0.06224579082209065
CXCR3+,HC,CSF_32,CACAGGCCAAGGACAC-1,0.42019453194597595
CXCR3-,HC,CSF_32,CACATAGCACTAAGTC-1,-0.29997119987097626
CXCR3-,HC,CSF_32,CACATAGTCTCTTATG-1,0.19957405595213212
CXCR3-,HC,CSF_32,CACATTTAGTATGACA-1,-0.18649156068232012
CXCR3+,HC,CSF_32,CACCACTGTTCCAACA-1,-0.05265492818433039
CXCR3-,HC,CSF_32,CACCAGGGTCAATGTC-1,0.27039248387964904
CXCR3-,HC,CSF_32,CACCTTGAGGCACATG-1,0.4657558653945425
CXCR3-,HC,CSF_32,CACCTTGGTGGCTCCA-1,0.582322675023226
CXCR3+,HC,CSF_32,CAGAATCAGGCCCTTG-1,0.06427094115187018
CXCR3+,HC,CSF_32,CAGAATCAGGCGACAT-1,-0.29997119987097626
CXCR3-,HC,CSF_32,CAGATCAGTTCACGGC-1,-0.29997119987097626
CXCR3+,HC,CSF_32,CAGATCATCATCTGCC-1,0.41741911402981796
CXCR3-,HC,CSF_32,CAGCAGCCACTGAAGG-1,0.26741879515170375
CXCR3-,HC,CSF_32,CAGCCGACACCAGGTC-1,0.5723925765732749
CXCR3-,HC,CSF_32,CAGTCCTAGACACGAC-1,-0.12595828016812852
CXCR3-,HC,CSF_32,CATCAGAGTGGTCCGT-1,0.27044638771065976
CXCR3+,HC,CSF_32,CATCCACCAGATGAGC-1,-0.1679124256041611
CXCR3-,HC,CSF_32,CATGGCGAGTGAATTG-1,0.05169083609584603
CXCR3+,HC,CSF_32,CATTCGCAGCTAGCCC-1,0.2160265611388223
CXCR3-,HC,CSF_32,CCACTACGTCGCTTCT-1,0.4235337450146815
CXCR3-,HC,CSF_32,CCATTCGAGCTAGTTC-1,0.20875126819871284
CXCR3-,HC,CSF_32,CCATTCGGTATTACCG-1,-0.02007990125473763
CXCR3-,HC,CSF_32,CCCAGTTAGTACGACG-1,-0.05795137473995896
CXCR3+,HC,CSF_32,CCCAGTTGTGACTACT-1,0.4338097796638368
CXCR3+,HC,CSF_32,CCCTCCTAGGACTGGT-1,0.18010029696497032
CXCR3+,HC,CSF_32,CCCTCCTTCGCCTGTT-1,-0.08694130361384353
CXCR3-,HC,CSF_32,CCGGTAGAGAGGTTGC-1,0.17453145362174197
CXCR3-,HC,CSF_32,CCGTACTAGCCTATGT-1,0.2542840418691802
CXCR3+,HC,CSF_32,CCTATTATCCGCATCT-1,-0.11497285603182512
CXCR3-,HC,CSF_32,CCTCAGTGTTCTCATT-1,-0.29997119987097626
CXCR3+,HC,CSF_32,CCTCTGACAATGTTGC-1,0.6955184270466682
CXCR3-,HC,CSF_32,CCTTACGTCTATCGCC-1,0.7412773061715902
CXCR3-,HC,CSF_32,CCTTCCCAGTACGATA-1,-0.13571219663491269
CXCR3+,HC,CSF_32,CCTTCCCTCCCAACGG-1,0.6860812132664573
CXCR3-,HC,CSF_32,CCTTTCTGTGCACTTA-1,0.507897321913919
CXCR3-,HC,CSF_32,CGAACATAGCACACAG-1,-0.15166118948970903
CXCR3+,HC,CSF_32,CGAACATAGCGCCTTG-1,-0.29997119987097626
CXCR3-,HC,CSF_32,CGAACATCATCCAACA-1,0.22142279682090057
CXCR3-,HC,CSF_32,CGAACATGTTGGACCC-1,0.19421578080920648
CXCR3+,HC,CSF_32,CGAGCACAGTCAAGCG-1,0.08090032671151313
CXCR3+,HC,CSF_32,CGAGCACTCTGAAAGA-1,1.00151053408009
CXCR3-,HC,CSF_32,CGAGCCAAGGACACCA-1,-0.010798725858905385
CXCR3-,HC,CSF_32,CGAGCCACAATAACGA-1,0.4205318498939589
CXCR3-,HC,CSF_32,CGATGGCAGCTTTGGT-1,0.3408711079761009
CXCR3-,HC,CSF_32,CGATGGCCACCGATAT-1,0.7153587710982575
CXCR3-,HC,CSF_32,CGATGTACACGGTAAG-1,0.015516280474961215
CXCR3+,HC,CSF_32,CGATTGAAGCGATATA-1,0.1103518444682796
CXCR3-,HC,CSF_32,CGATTGAAGGGTATCG-1,0.6189161563760296
CXCR3-,HC,CSF_32,CGATTGAGTCCTAGCG-1,-0.2055316143873929
CXCR3+,HC,CSF_32,CGCCAAGGTAATAGCA-1,0.029021925175278414
CXCR3-,HC,CSF_32,CGCGTTTTCAAGCCTA-1,-0.29997119987097626
CXCR3-,HC,CSF_32,CGCTTCAGTTGAGTTC-1,-0.1556538173240139
CXCR3-,HC,CSF_32,CGGACACCACGCCAGT-1,1.0118931584236182
CXCR3-,HC,CSF_32,CGGACACGTTGTCGCG-1,0.0902871942067766
CXCR3-,HC,CSF_32,CGGAGCTGTCCTCCAT-1,0.670133210513641
CXCR3-,HC,CSF_32,CGGCTAGTCGCCAAAT-1,0.11840154330419317
CXCR3+,HC,CSF_32,CGTAGCGCACGGTGTC-1,-0.29997119987097626
CXCR3-,HC,CSF_32,CGTAGCGGTGTCCTCT-1,-0.05732899808356489
CXCR3+,HC,CSF_32,CGTCACTGTACGAAAT-1,-0.05979904366127724
CXCR3+,HC,CSF_32,CGTCACTGTATGGTTC-1,0.5403994737247708
CXCR3-,HC,CSF_32,CGTCAGGCACCTGGTG-1,0.030978847332387
CXCR3+,HC,CSF_32,CGTCCATTCCTCGCAT-1,-0.07446353873107271
CXCR3-,HC,CSF_32,CGTTAGAGTACAGTGG-1,-0.10617856004171546
CXCR3+,HC,CSF_32,CGTTCTGCATGATCCA-1,0.4089687819708602
CXCR3-,HC,CSF_32,CGTTGGGGTCTGCAAT-1,-0.0294696101368545
CXCR3-,HC,CSF_32,CTAACTTCAAACTGCT-1,0.17919623741853274
CXCR3-,HC,CSF_32,CTAACTTGTTCCACTC-1,0.5011886900239173
CXCR3+,HC,CSF_32,CTAAGACGTTGGAGGT-1,0.1207572040325087
CXCR3-,HC,CSF_32,CTAATGGAGTGACATA-1,-0.10960120593854643
CXCR3-,HC,CSF_32,CTAATGGTCTGGTTCC-1,0.21469749607764949
CXCR3-,HC,CSF_32,CTACACCGTTGATTGC-1,0.09849669747503471
CXCR3+,HC,CSF_32,CTACATTAGCTAACTC-1,0.7778676041983047
CXCR3+,HC,CSF_32,CTACATTTCTGCGACG-1,0.10248809975046005
CXCR3-,HC,CSF_32,CTACCCATCGCGTAGC-1,1.5610932585102002
CXCR3+,HC,CSF_32,CTAGAGTTCTTGTCAT-1,-0.02255512690665654
CXCR3-,HC,CSF_32,CTAGTGAGTTGAGGTG-1,-0.29997119987097626
CXCR3-,HC,CSF_32,CTAGTGATCTGTCAAG-1,0.3209268108511649
CXCR3-,HC,CSF_32,CTCACACGTTTGTTTC-1,-0.15147225815165838
CXCR3-,HC,CSF_32,CTCAGAACAAGCTGAG-1,-0.019013821424641558
CXCR3+,HC,CSF_32,CTCAGAATCTCACATT-1,0.4584930735292122
CXCR3-,HC,CSF_32,CTCGAAATCGTCACGG-1,0.06080433531483208
CXCR3-,HC,CSF_32,CTCGTACCAAGAGGCT-1,0.15959214979569047
CXCR3-,HC,CSF_32,CTCGTACCACTCGACG-1,0.35388136312050417
CXCR3-,HC,CSF_32,CTCTAATTCAACCAAC-1,0.005588763058114351
CXCR3+,HC,CSF_32,CTCTGGTTCGTACCGG-1,0.23321939298071256
CXCR3-,HC,CSF_32,CTGAAACCAGCTTCGG-1,-0.29997119987097626
CXCR3-,HC,CSF_32,CTGAAACTCGGTTCGG-1,-0.29997119987097626
CXCR3+,HC,CSF_32,CTGCTGTTCCACGCAG-1,0.3433424641131104
CXCR3-,HC,CSF_32,CTGTGCTAGCGATATA-1,-0.29997119987097626
CXCR3+,HC,CSF_32,CTGTGCTCAGGCTCAC-1,0.4594669645190047
CXCR3-,HC,CSF_32,CTGTTTAAGGAGTTTA-1,0.13757357683746135
CXCR3+,HC,CSF_32,CTGTTTACATGCATGT-1,0.3719426341371613
CXCR3-,HC,CSF_32,CTGTTTATCACTCTTA-1,0.2781740828294785
CXCR3-,HC,CSF_32,CTTAACTAGCTGAACG-1,-0.29997119987097626
CXCR3-,HC,CSF_32,CTTAGGAAGCACACAG-1,0.9063633477473994
CXCR3-,HC,CSF_32,CTTCTCTCACTTGGAT-1,-0.07098673886845186
CXCR3+,HC,CSF_32,CTTGGCTAGTTAACGA-1,0.483404893126775
CXCR3-,HC,CSF_32,CTTGGCTCATCCTAGA-1,-0.29997119987097626
CXCR3-,HC,CSF_32,GAAATGATCTCTGCTG-1,0.04796201761859683
CXCR3+,HC,CSF_32,GAACGGACAACGATCT-1,0.32661938128568024
CXCR3+,HC,CSF_32,GAAGCAGGTATAATGG-1,0.30091249005369686
CXCR3-,HC,CSF_32,GAATGAATCTTACCGC-1,0.02937689405254575
CXCR3-,HC,CSF_32,GACAGAGCAGGCTCAC-1,-0.11567228777573883
CXCR3-,HC,CSF_32,GACCAATCATTGAGCT-1,0.10915991243982466
CXCR3-,HC,CSF_32,GACCAATGTAAGGGCT-1,-0.29997119987097626
CXCR3+,HC,CSF_32,GACCAATTCCGCTGTT-1,0.04763321144571369
CXCR3-,HC,CSF_32,GACGTGCAGCCGATTT-1,-0.29997119987097626
CXCR3-,HC,CSF_32,GACTAACAGATGTCGG-1,-0.16041623487811815
CXCR3+,HC,CSF_32,GACTGCGCAGCTTCGG-1,0.024380123347359013
CXCR3-,HC,CSF_32,GAGGTGATCTAAGCCA-1,0.024935722269090004
CXCR3-,HC,CSF_32,GAGTCCGCATCGATGT-1,0.2964409817054237
CXCR3-,HC,CSF_32,GAGTCCGGTCGCATAT-1,0.3477854849295032
CXCR3+,HC,CSF_32,GAGTCCGTCCAATGGT-1,0.3178581332247368
CXCR3+,HC,CSF_32,GATCGATAGTAATCCC-1,-0.16090493649118875
CXCR3+,HC,CSF_32,GATCGATCACATAACC-1,0.010689013634670785
CXCR3-,HC,CSF_32,GATGCTAAGACTGTAA-1,-0.29997119987097626
CXCR3+,HC,CSF_32,GCACATAAGAACAATC-1,0.03932851382058516
CXCR3-,HC,CSF_32,GCACATAGTACCTACA-1,0.19837525655450808
CXCR3-,HC,CSF_32,GCAGCCAAGTCACGCC-1,-0.13990313606282043
CXCR3-,HC,CSF_32,GCAGCCAGTCTAGCCG-1,0.35011073227761136
CXCR3+,HC,CSF_32,GCATGCGGTAATTGGA-1,0.22779611289788335
CXCR3-,HC,CSF_32,GCATGCGTCATCGGAT-1,-0.29997119987097626
CXCR3-,HC,CSF_32,GCATGTACAGTCGATT-1,-0.016229443014965383
CXCR3-,HC,CSF_32,GCATGTAGTTACCAGT-1,-0.14279705148997388
CXCR3-,HC,CSF_32,GCGAGAATCTTAGCCC-1,0.3728347337811977
CXCR3-,HC,CSF_32,GCGCAACAGCCAGGAT-1,0.7238130805289222
CXCR3+,HC,CSF_32,GCGCAACTCCATGAGT-1,-0.1736788163188582
CXCR3-,HC,CSF_32,GCGCCAATCGTACGGC-1,-0.17536818923560474
CXCR3-,HC,CSF_32,GCGCGATCACACGCTG-1,0.5033906427605678
CXCR3-,HC,CSF_32,GCGGGTTTCCTATGTT-1,0.12190436091732695
CXCR3-,HC,CSF_32,GCTCCTAAGGGAAACA-1,-0.139386416990313
CXCR3-,HC,CSF_32,GCTTCCACACTGAAGG-1,-0.08046551631145316
CXCR3-,HC,CSF_32,GCTTCCAGTGAGTATA-1,0.32860758862271694
CXCR3-,HC,CSF_32,GGAATAACAGCGTCCA-1,0.3435548354461691
CXCR3+,HC,CSF_32,GGAATAAGTTCGAATC-1,0.2625792094000259
CXCR3-,HC,CSF_32,GGACAAGGTCTTCTCG-1,0.7658051138247971
CXCR3-,HC,CSF_32,GGACGTCCAAAGTGCG-1,-0.29997119987097626
CXCR3-,HC,CSF_32,GGACGTCGTGGCGAAT-1,0.18114480292285579
CXCR3-,HC,CSF_32,GGATGTTCAAAGGTGC-1,0.0513912768169767
CXCR3+,HC,CSF_32,GGATTACTCTTTACGT-1,1.1802196722954343
CXCR3+,HC,CSF_32,GGCCGATCACTCAGGC-1,0.111545786877465
CXCR3-,HC,CSF_32,GGCGACTCATACTCTT-1,0.04512036882885921
CXCR3-,HC,CSF_32,GGCTCGACAAACTGTC-1,0.42949921553937964
CXCR3-,HC,CSF_32,GGGAATGGTCTAGCCG-1,0.22748512840002105
CXCR3+,HC,CSF_32,GGGACCTAGTAGCGGT-1,0.9125752953171146
CXCR3-,HC,CSF_32,GGGAGATTCGTATCAG-1,-0.1473681350432297
CXCR3-,HC,CSF_32,GGGTTGCTCTGCGGCA-1,-0.16698541915532225
CXCR3-,HC,CSF_32,GGTGTTAAGTACGCCC-1,-0.0413136387910399
CXCR3-,HC,CSF_32,GTAACGTGTTCGGCAC-1,0.37486196497331525
CXCR3+,HC,CSF_32,GTAACGTTCCGAAGAG-1,-0.14893496419504734
CXCR3+,HC,CSF_32,GTAACTGAGCCCGAAA-1,0.3395677599861303
CXCR3-,HC,CSF_32,GTACTTTCAGGATTGG-1,-0.29997119987097626
CXCR3-,HC,CSF_32,GTAGTCACAGCGTAAG-1,-0.29997119987097626
CXCR3+,HC,CSF_32,GTATCTTAGGTGGGTT-1,0.3739809008798182
CXCR3+,HC,CSF_32,GTATCTTAGTGGGATC-1,-0.16687461591919156
CXCR3-,HC,CSF_32,GTATCTTGTTACGTCA-1,0.15336453441117964
CXCR3-,HC,CSF_32,GTATCTTTCTTTAGGG-1,0.2634665478028771
CXCR3-,HC,CSF_32,GTATTCTAGACCCACC-1,-0.0800134083176944
CXCR3+,HC,CSF_32,GTCACAAAGGGCTCTC-1,0.3779065023735283
CXCR3-,HC,CSF_32,GTCACAACAGGTTTCA-1,0.0674691592509878
CXCR3+,HC,CSF_32,GTCACGGTCAGGATCT-1,0.007750333668279105
CXCR3-,HC,CSF_32,GTCATTTTCTTGTACT-1,0.16841831220359554
CXCR3+,HC,CSF_32,GTCCTCAAGAATCTCC-1,0.18740235248649584
CXCR3-,HC,CSF_32,GTCGTAATCCAGAAGG-1,-0.18301479041085406
CXCR3-,HC,CSF_32,GTCTTCGCACGAAATA-1,-0.18854022334769857
CXCR3-,HC,CSF_32,GTGCTTCGTGAGTGAC-1,-0.29997119987097626
CXCR3-,HC,CSF_32,GTGCTTCTCGAGGTAG-1,0.4097815507268647
CXCR3-,HC,CSF_32,GTGTTAGAGACGCACA-1,-0.15283446658825145
CXCR3+,HC,CSF_32,GTTTCTATCCACGTTC-1,0.3957131002326169
CXCR3-,HC,CSF_32,TAAACCGGTTAAGAAC-1,0.28962430693607794
CXCR3+,HC,CSF_32,TACACGACATGGATGG-1,-0.29997119987097626
CXCR3-,HC,CSF_32,TACACGACATGGGACA-1,-0.29997119987097626
CXCR3+,HC,CSF_32,TACACGATCACTTCAT-1,-0.07585145452511921
CXCR3-,HC,CSF_32,TACCTATGTGAAATCA-1,-0.29997119987097626
CXCR3-,HC,CSF_32,TACCTTATCACGCATA-1,0.006389927336277175
CXCR3-,HC,CSF_32,TACCTTATCGGACAAG-1,0.19761360681996015
CXCR3+,HC,CSF_32,TACTCATCAAGGGTCA-1,-0.29997119987097626
CXCR3+,HC,CSF_32,TACTTACCACCATCCT-1,-0.1352801744232573
CXCR3-,HC,CSF_32,TACTTACCATTCTTAC-1,0.24237167018727637
CXCR3-,HC,CSF_32,TAGAGCTAGAAGGTGA-1,0.3823148297325268
CXCR3-,HC,CSF_32,TAGAGCTAGTGAAGAG-1,0.5924689992894672
CXCR3+,HC,CSF_32,TAGTTGGGTTAGGGTG-1,0.06262847972637121
CXCR3+,HC,CSF_32,TATCAGGGTACGCACC-1,-0.29997119987097626
CXCR3-,HC,CSF_32,TATCAGGGTCAGGACA-1,0.11433258680031291
CXCR3-,HC,CSF_32,TATCTCAGTGCGCTTG-1,0.4205682692584131
CXCR3-,HC,CSF_32,TCAACGAGTCTTGCGG-1,-0.12786901451964353
CXCR3+,HC,CSF_32,TCAATCTAGGATGTAT-1,-0.0347724558074007
CXCR3+,HC,CSF_32,TCAATCTCATTACGAC-1,0.023911237432707004
CXCR3+,HC,CSF_32,TCACGAAGTGTTTGGT-1,0.8661165755021257
CXCR3-,HC,CSF_32,TCACGAAGTTAGAACA-1,-0.29997119987097626
CXCR3+,HC,CSF_32,TCAGCTCAGGCACATG-1,0.5599173091412003
CXCR3-,HC,CSF_32,TCAGGATGTCGCTTCT-1,-0.29997119987097626
CXCR3+,HC,CSF_32,TCAGGTAAGGGAACGG-1,-0.09285511349106036
CXCR3+,HC,CSF_32,TCCACACAGAATTGTG-1,-0.29997119987097626
CXCR3+,HC,CSF_32,TCCACACAGGAATTAC-1,-0.29997119987097626
CXCR3+,HC,CSF_32,TCCACACGTGTCAATC-1,-0.09193686421011
CXCR3+,HC,CSF_32,TCCCGATAGCGTTGCC-1,-0.29997119987097626
CXCR3-,HC,CSF_32,TCGCGTTTCAGCTTAG-1,-0.11029769634251112
CXCR3-,HC,CSF_32,TCGGTAAGTGAAATCA-1,0.01771619698597934
CXCR3+,HC,CSF_32,TCGTAGATCGTACCGG-1,-0.14111915081378262
CXCR3-,HC,CSF_32,TCTATTGGTGTCTGAT-1,-0.29997119987097626
CXCR3-,HC,CSF_32,TCTCATAAGAATTCCC-1,-0.043458418515577336
CXCR3-,HC,CSF_32,TCTGAGAAGCCGATTT-1,0.057798290979591216
CXCR3-,HC,CSF_32,TGAAAGAGTAACGCGA-1,-0.29997119987097626
CXCR3-,HC,CSF_32,TGAAAGATCGTCTGAA-1,-0.020081584041685165
CXCR3+,HC,CSF_32,TGACGGCAGAGCAATT-1,0.437776742879424
CXCR3-,HC,CSF_32,TGACGGCAGTACGCGA-1,-0.060187257578663785
CXCR3-,HC,CSF_32,TGACGGCTCTGTTGAG-1,0.1471319877703578
CXCR3+,HC,CSF_32,TGACTAGTCCGTTGCT-1,0.2811090336594283
CXCR3-,HC,CSF_32,TGACTTTCAGGGTACA-1,0.4110754203149906
CXCR3-,HC,CSF_32,TGAGAGGCACCAGGCT-1-1,0.02806025980272721
CXCR3+,HC,CSF_32,TGAGCATAGGATATAC-1,0.17309089466988245
CXCR3+,HC,CSF_32,TGAGCCGAGAGTACAT-1,-0.1465615759657219
CXCR3-,HC,CSF_32,TGATTTCGTCGCGAAA-1,-0.1748189911593199
CXCR3-,HC,CSF_32,TGATTTCGTTTAGGAA-1,0.39524169716027024
CXCR3+,HC,CSF_32,TGCACCTCAGACGCCT-1,0.06934531677508045
CXCR3+,HC,CSF_32,TGCCCATTCGCCGTGA-1,0.0656682916044695
CXCR3-,HC,CSF_32,TGCGCAGGTCGCTTCT-1,-0.06915924583725393
CXCR3+,HC,CSF_32,TGCGTGGTCCAGAGGA-1,0.06786753421382195
CXCR3-,HC,CSF_32,TGCTGCTCACAAGCCC-1,-0.059211542076634247
CXCR3-,HC,CSF_32,TGGACGCAGGAACTGC-1,0.06322058200669964
CXCR3-,HC,CSF_32,TGGCGCAGTCAATACC-1,0.31712368018456866
CXCR3+,HC,CSF_32,TGGCGCATCCGCAAGC-1,0.6467915761970938
CXCR3-,HC,CSF_32,TGGCTGGTCGGCTTGG-1,0.09196141851793146
CXCR3-,HC,CSF_32,TGGGAAGTCATGTAGC-1,-0.04845594757838488
CXCR3-,HC,CSF_32,TGGGCGTAGTTGCAGG-1,0.272152417607563
CXCR3-,HC,CSF_32,TGGGCGTCAGTCCTTC-1,-0.29997119987097626
CXCR3+,HC,CSF_32,TGGGCGTTCAGCATGT-1,0.9630463156217133
CXCR3+,HC,CSF_32,TGGTTAGGTCTCACCT-1,0.6377762134713352
CXCR3+,HC,CSF_32,TGGTTCCAGCTGTCTA-1,0.11694899440960703
CXCR3-,HC,CSF_32,TGTGGTAAGCTAAGAT-1,-0.12028278840036828
CXCR3-,HC,CSF_32,TGTGGTATCCCATTTA-1,-0.16322329512554257
CXCR3+,HC,CSF_32,TTAGGACAGAAGGCCT-1,0.29324561189886433
CXCR3-,HC,CSF_32,TTCCCAGCAAACTGTC-1,0.026446871863998078
CXCR3-,HC,CSF_32,TTCGGTCCAATGGATA-1,0.892479195616297
CXCR3+,HC,CSF_32,TTCGGTCGTCCGTTAA-1,-0.29997119987097626
CXCR3+,HC,CSF_32,TTCTACATCTTTACAC-1,-0.29997119987097626
CXCR3-,HC,CSF_32,TTCTCCTAGTTAACGA-1,0.5414104367169591
CXCR3-,HC,CSF_32,TTCTTAGTCCATGCTC-1,-0.29997119987097626
CXCR3+,HC,CSF_32,TTGCCGTTCAACTCTT-1,0.46219094819336715
CXCR3-,HC,CSF_32,TTGCGTCCACCGTTGG-1,0.3240692425246304
CXCR3-,HC,CSF_32,TTGGAACAGCTAGTCT-1,0.49934868671319876
CXCR3+,HC,CSF_32,TTGGAACAGTCGTTTG-1,-0.29997119987097626
CXCR3+,HC,CSF_32,TTGGAACGTCAGATAA-1,0.27622664430900096
CXCR3-,HC,CSF_32,TTGGCAAAGTGTGGCA-1,-0.29997119987097626
CXCR3-,HC,CSF_32,TTGGCAACAAGTTAAG-1,0.23574148602004627
CXCR3-,HC,CSF_32,TTGTAGGAGAGCTGCA-1,0.30838390573150287
CXCR3-,HC,CSF_32,TTGTAGGGTCTAGCCG-1,-0.17134550257362638
CXCR3-,HC,CSF_32,TTTACTGTCCAATGGT-1,-0.15005067875619696
CXCR3-,HC,CSF_32,TTTCCTCTCTCGTTTA-1,0.08135439364072385
CXCR3-,HC,PTC45044_CSF,GSM4104132_AAACCTGAGGGTCTCC-1,-0.08247811107378457
CXCR3-,HC,PTC45044_CSF,GSM4104132_AAACCTGCACAACGCC-1,0.07302211975043608
CXCR3-,HC,PTC45044_CSF,GSM4104132_AAACCTGGTCTAGTGT-1,0.24250902913681566
CXCR3+,HC,PTC45044_CSF,GSM4104132_AAACGGGAGATGTCGG-1,0.46870418485391596
CXCR3-,HC,PTC45044_CSF,GSM4104132_AAACGGGCAGGTGGAT-1,0.12349943233873208
CXCR3-,HC,PTC45044_CSF,GSM4104132_AAACGGGGTTAAGAAC-1,0.19172770223013408
CXCR3-,HC,PTC45044_CSF,GSM4104132_AAACGGGTCAACTCTT-1,-0.14335186735105584
CXCR3-,HC,PTC45044_CSF,GSM4104132_AAACGGGTCCTGTACC-1,0.6578048277292431
CXCR3-,HC,PTC45044_CSF,GSM4104132_AACACGTAGAGACGAA-1,0.7492953230795798
CXCR3-,HC,PTC45044_CSF,GSM4104132_AACCATGCACGACTCG-1,0.059173149281020895
CXCR3-,HC,PTC45044_CSF,GSM4104132_AACCATGGTCCGTCAG-1,-0.11550911406138328
CXCR3-,HC,PTC45044_CSF,GSM4104132_AACTCAGGTGGCTCCA-1,0.3084538323749764
CXCR3-,HC,PTC45044_CSF,GSM4104132_AACTCTTGTTTGCATG-1,-0.05359575729828646
CXCR3-,HC,PTC45044_CSF,GSM4104132_AACTGGTAGCTTATCG-1,-0.29997119987097626
CXCR3-,HC,PTC45044_CSF,GSM4104132_AACTGGTGTACCGGCT-1,-0.29997119987097626
CXCR3-,HC,PTC45044_CSF,GSM4104132_AACTTTCTCTGCTGCT-1,0.13572123579322726
CXCR3-,HC,PTC45044_CSF,GSM4104132_AAGACCTAGCACAGGT-1,0.04323193215878098
CXCR3-,HC,PTC45044_CSF,GSM4104132_AAGACCTAGTGCCAGA-1,-0.04253638677785441
CXCR3-,HC,PTC45044_CSF,GSM4104132_AAGACCTCACTTAAGC-1,0.027076644452128405
CXCR3-,HC,PTC45044_CSF,GSM4104132_AAGACCTGTATTAGCC-1,-0.06316330962200609
CXCR3+,HC,PTC45044_CSF,GSM4104132_AAGACCTTCATAGCAC-1,-0.00823134741942898
CXCR3-,HC,PTC45044_CSF,GSM4104132_AAGCCGCCATCGATTG-1,-0.29997119987097626
CXCR3-,HC,PTC45044_CSF,GSM4104132_AAGCCGCTCTGTGCAA-1,-0.07065949192880695
CXCR3-,HC,PTC45044_CSF,GSM4104132_AAGGAGCCACTGCCAG-1,-0.29997119987097626
CXCR3+,HC,PTC45044_CSF,GSM4104132_AAGGCAGAGAGCCCAA-1,0.4884048823731781
CXCR3+,HC,PTC45044_CSF,GSM4104132_AAGGTTCAGTACGCGA-1,-0.29997119987097626
CXCR3-,HC,PTC45044_CSF,GSM4104132_AAGGTTCCAGCTCGAC-1,0.04064517513418426
CXCR3-,HC,PTC45044_CSF,GSM4104132_AAGTCTGCAGTAGAGC-1,0.30551534188435564
CXCR3-,HC,PTC45044_CSF,GSM4104132_AATCCAGTCCGCGCAA-1,-0.03375686749946622
CXCR3-,HC,PTC45044_CSF,GSM4104132_AATCCAGTCGGAGGTA-1,0.647681690348094
CXCR3+,HC,PTC45044_CSF,GSM4104132_AATCCAGTCTATGTGG-1,-0.29997119987097626
CXCR3+,HC,PTC45044_CSF,GSM4104132_AATCGGTCACCAACCG-1,-0.29997119987097626
CXCR3-,HC,PTC45044_CSF,GSM4104132_AATCGGTGTAACGACG-1,-0.29997119987097626
CXCR3+,HC,PTC45044_CSF,GSM4104132_ACACCAACACGACTCG-1,-0.17510945551111323
CXCR3-,HC,PTC45044_CSF,GSM4104132_ACACCCTAGTGGGTTG-1,0.3222152559798502
CXCR3-,HC,PTC45044_CSF,GSM4104132_ACACCCTTCGATGAGG-1,-0.05247032660318873
CXCR3-,HC,PTC45044_CSF,GSM4104132_ACACCGGTCAGCTCGG-1,0.05981525212368952
CXCR3-,HC,PTC45044_CSF,GSM4104132_ACAGCTAGTCAAAGAT-1,0.3378657266209887
CXCR3-,HC,PTC45044_CSF,GSM4104132_ACAGCTAGTGCAGTAG-1,0.39655531988005455
CXCR3+,HC,PTC45044_CSF,GSM4104132_ACATCAGAGTGTGAAT-1,0.4879972591978317
CXCR3+,HC,PTC45044_CSF,GSM4104132_ACATCAGCATCACCCT-1,0.11848689296469138
CXCR3-,HC,PTC45044_CSF,GSM4104132_ACATGGTGTAGCTTGT-1,0.42451488498249523
CXCR3+,HC,PTC45044_CSF,GSM4104132_ACATGGTGTATAGGGC-1,0.1210163571164189
CXCR3-,HC,PTC45044_CSF,GSM4104132_ACATGGTTCTTGCCGT-1,0.0027963423271962218
CXCR3+,HC,PTC45044_CSF,GSM4104132_ACCGTAACACGACTCG-1,0.5345827424872729
CXCR3-,HC,PTC45044_CSF,GSM4104132_ACCTTTATCAACGGGA-1,0.4975115169525415
CXCR3+,HC,PTC45044_CSF,GSM4104132_ACGAGCCAGTATGACA-1,0.43430168398735713
CXCR3-,HC,PTC45044_CSF,GSM4104132_ACGAGCCCACGAAGCA-1,0.04652784067144268
CXCR3-,HC,PTC45044_CSF,GSM4104132_ACGATACGTCATGCAT-1,0.28465442096179483
CXCR3-,HC,PTC45044_CSF,GSM4104132_ACGATACTCCTCATTA-1,0.44840695212992243
CXCR3-,HC,PTC45044_CSF,GSM4104132_ACGATGTGTCTAACGT-1,-0.09158733522012633
CXCR3-,HC,PTC45044_CSF,GSM4104132_ACGATGTTCTTCTGGC-1,1.1654364550600096
CXCR3-,HC,PTC45044_CSF,GSM4104132_ACGCCAGAGATCCGAG-1,-0.02497195636523397
CXCR3-,HC,PTC45044_CSF,GSM4104132_ACGCCGAAGCTCCCAG-1,-0.29997119987097626
CXCR3-,HC,PTC45044_CSF,GSM4104132_ACGCCGAAGGGCACTA-1,0.10017967918480113
CXCR3+,HC,PTC45044_CSF,GSM4104132_ACGCCGATCTGAGTGT-1,-0.29997119987097626
CXCR3+,HC,PTC45044_CSF,GSM4104132_ACGGGCTAGATGCCTT-1,-0.08655932981885238
CXCR3+,HC,PTC45044_CSF,GSM4104132_ACGGGCTTCAGCTGGC-1,-0.29997119987097626
CXCR3-,HC,PTC45044_CSF,GSM4104132_ACGTCAATCTCGGACG-1,-0.29997119987097626
CXCR3+,HC,PTC45044_CSF,GSM4104132_ACTATCTCAATGAATG-1,0.06989986720195061
CXCR3+,HC,PTC45044_CSF,GSM4104132_ACTATCTGTCAACTGT-1,-0.29997119987097626
CXCR3+,HC,PTC45044_CSF,GSM4104132_ACTGATGTCGTCACGG-1,0.19615249681305494
CXCR3+,HC,PTC45044_CSF,GSM4104132_ACTTACTGTCCTGCTT-1,0.6537386402415509
CXCR3-,HC,PTC45044_CSF,GSM4104132_ACTTTCAAGGCTCATT-1,-0.11796310537139908
CXCR3+,HC,PTC45044_CSF,GSM4104132_ACTTTCAAGTATCTCG-1,-0.29997119987097626
CXCR3-,HC,PTC45044_CSF,GSM4104132_ACTTTCACATTCTTAC-1,-0.13927400921413075
CXCR3-,HC,PTC45044_CSF,GSM4104132_ACTTTCAGTACTCAAC-1,0.36460256431245497
CXCR3+,HC,PTC45044_CSF,GSM4104132_ACTTTCAGTTCAGTAC-1,-0.29997119987097626
CXCR3-,HC,PTC45044_CSF,GSM4104132_AGACGTTTCACATGCA-1,-0.29997119987097626
CXCR3-,HC,PTC45044_CSF,GSM4104132_AGAGCGATCGCATGAT-1,0.14701377520020517
CXCR3-,HC,PTC45044_CSF,GSM4104132_AGAGCTTCATGGTCAT-1,-0.29997119987097626
CXCR3-,HC,PTC45044_CSF,GSM4104132_AGAGCTTGTGACGCCT-1,-0.17178925681191878
CXCR3-,HC,PTC45044_CSF,GSM4104132_AGATCTGCACCAGGTC-1,-0.034581951219241285
CXCR3-,HC,PTC45044_CSF,GSM4104132_AGCAGCCCAGTCAGCC-1,-0.09344108722118527
CXCR3-,HC,PTC45044_CSF,GSM4104132_AGCCTAATCGGCTACG-1,-0.29997119987097626
CXCR3-,HC,PTC45044_CSF,GSM4104132_AGCGGTCAGATGGGTC-1,-0.29997119987097626
CXCR3-,HC,PTC45044_CSF,GSM4104132_AGCGGTCGTTGAGTTC-1,-0.29997119987097626
CXCR3-,HC,PTC45044_CSF,GSM4104132_AGCGTATCATTCCTGC-1,-0.1376141796665626
CXCR3-,HC,PTC45044_CSF,GSM4104132_AGCGTCGGTACCGAGA-1,0.3276950035781333
CXCR3+,HC,PTC45044_CSF,GSM4104132_AGCTCTCTCTTGTACT-1,0.06330020776089129
CXCR3-,HC,PTC45044_CSF,GSM4104132_AGCTTGACAGCCTTTC-1,-0.29997119987097626
CXCR3-,HC,PTC45044_CSF,GSM4104132_AGGCCACTCGGTGTCG-1,-0.29997119987097626
CXCR3+,HC,PTC45044_CSF,GSM4104132_AGGCCGTGTAAATGTG-1,-0.016859769779062925
CXCR3-,HC,PTC45044_CSF,GSM4104132_AGGCCGTTCTCTAAGG-1,-0.29997119987097626
CXCR3+,HC,PTC45044_CSF,GSM4104132_AGGGAGTGTTTGACTG-1,-0.14471856055197072
CXCR3+,HC,PTC45044_CSF,GSM4104132_AGGGATGGTACCGCTG-1,0.22367027725538371
CXCR3-,HC,PTC45044_CSF,GSM4104132_AGGGTGAAGGAATTAC-1,-0.022454827261171845
CXCR3+,HC,PTC45044_CSF,GSM4104132_AGGTCCGAGTGCCAGA-1,-0.29997119987097626
CXCR3-,HC,PTC45044_CSF,GSM4104132_AGGTCCGCACCACGTG-1,-0.006006814667912419
CXCR3-,HC,PTC45044_CSF,GSM4104132_AGTAGTCTCTAACCGA-1,-0.29997119987097626
CXCR3-,HC,PTC45044_CSF,GSM4104132_AGTTGGTAGCTGATAA-1,0.16621070247309336
CXCR3-,HC,PTC45044_CSF,GSM4104132_AGTTGGTCAGTCGTGC-1,0.055167957013022066
CXCR3-,HC,PTC45044_CSF,GSM4104132_ATAGACCAGATTACCC-1,0.08449621680308646
CXCR3-,HC,PTC45044_CSF,GSM4104132_ATAGACCAGCTGAAAT-1,0.43301577288148063
CXCR3-,HC,PTC45044_CSF,GSM4104132_ATAGACCTCCTTAATC-1,-0.009388100371645237
CXCR3-,HC,PTC45044_CSF,GSM4104132_ATCACGAGTCTTGTCC-1,-0.29997119987097626
CXCR3-,HC,PTC45044_CSF,GSM4104132_ATCACGATCCTGTACC-1,-0.12650293077465785
CXCR3-,HC,PTC45044_CSF,GSM4104132_ATCATCTGTTGAGGTG-1,-0.05364120241708358
CXCR3-,HC,PTC45044_CSF,GSM4104132_ATCATCTTCCTCCTAG-1,-0.29997119987097626
CXCR3-,HC,PTC45044_CSF,GSM4104132_ATCATGGAGGCGACAT-1,-0.29997119987097626
CXCR3-,HC,PTC45044_CSF,GSM4104132_ATCCACCAGCTGTTCA-1,0.5726464082753989
CXCR3-,HC,PTC45044_CSF,GSM4104132_ATCTACTAGATCCCAT-1,-0.29997119987097626
CXCR3-,HC,PTC45044_CSF,GSM4104132_ATGAGGGTCAACACGT-1,-0.29997119987097626
CXCR3-,HC,PTC45044_CSF,GSM4104132_ATGAGGGTCGTAGGTT-1,-0.29997119987097626
CXCR3-,HC,PTC45044_CSF,GSM4104132_ATGCGATAGCGGATCA-1,0.007101375430566405
CXCR3-,HC,PTC45044_CSF,GSM4104132_ATGCGATGTTACGCGC-1,-0.1477706338032381
CXCR3-,HC,PTC45044_CSF,GSM4104132_ATGGGAGCACGTTGGC-1,0.2780183042172238
CXCR3-,HC,PTC45044_CSF,GSM4104132_ATGGGAGTCACGCATA-1,0.46748919646374487
CXCR3-,HC,PTC45044_CSF,GSM4104132_ATGTGTGAGTCCCACG-1,-0.29997119987097626
CXCR3-,HC,PTC45044_CSF,GSM4104132_ATTATCCCAATGGATA-1,-0.004487874286944209
CXCR3-,HC,PTC45044_CSF,GSM4104132_ATTCTACGTCGGCTCA-1,0.12425090322330593
CXCR3-,HC,PTC45044_CSF,GSM4104132_ATTGGACGTAGATTAG-1,-0.013283726240681209
CXCR3-,HC,PTC45044_CSF,GSM4104132_ATTGGACGTGGCAAAC-1,0.20139538230312834
CXCR3-,HC,PTC45044_CSF,GSM4104132_CAACCAATCTAACTTC-1,-0.0294696101368545
CXCR3-,HC,PTC45044_CSF,GSM4104132_CAACCTCCATCGACGC-1,0.12765178397016533
CXCR3-,HC,PTC45044_CSF,GSM4104132_CAACCTCCATGCCTTC-1,0.19417972105559164
CXCR3+,HC,PTC45044_CSF,GSM4104132_CAACCTCGTGCAGTAG-1,0.05043883230133613
CXCR3-,HC,PTC45044_CSF,GSM4104132_CAACTAGAGAATGTTG-1,-0.29997119987097626
CXCR3+,HC,PTC45044_CSF,GSM4104132_CAAGGCCAGTGAAGTT-1,0.21371072587799864
CXCR3+,HC,PTC45044_CSF,GSM4104132_CAAGTTGCAGGCTGAA-1,-0.1614507331640184
CXCR3-,HC,PTC45044_CSF,GSM4104132_CACAAACAGCGTAGTG-1,-0.08887072215055333
CXCR3-,HC,PTC45044_CSF,GSM4104132_CACAAACCAATCACAC-1,-0.20295135378777357
CXCR3-,HC,PTC45044_CSF,GSM4104132_CACACCTAGTGTCCCG-1,-0.29997119987097626
CXCR3-,HC,PTC45044_CSF,GSM4104132_CACACTCCAAAGCGGT-1,0.13012985589589546
CXCR3+,HC,PTC45044_CSF,GSM4104132_CACACTCTCAATACCG-1,0.09292164698835326
CXCR3+,HC,PTC45044_CSF,GSM4104132_CACAGGCCACAAGCCC-1,0.059900438492037536
CXCR3-,HC,PTC45044_CSF,GSM4104132_CACAGGCGTTCACCTC-1,-0.17736216870970892
CXCR3-,HC,PTC45044_CSF,GSM4104132_CACAGTACATGCTAGT-1,0.24211496364104332
CXCR3-,HC,PTC45044_CSF,GSM4104132_CACATTTGTATTAGCC-1,-0.29997119987097626
CXCR3-,HC,PTC45044_CSF,GSM4104132_CACATTTTCTCGTTTA-1,0.4690825476965706
CXCR3+,HC,PTC45044_CSF,GSM4104132_CACCAGGCACCAGATT-1,-0.29997119987097626
CXCR3+,HC,PTC45044_CSF,GSM4104132_CACCTTGTCTTACCGC-1,0.6979152092191078
CXCR3+,HC,PTC45044_CSF,GSM4104132_CAGAGAGCACGGCTAC-1,-0.001425902961419312
CXCR3-,HC,PTC45044_CSF,GSM4104132_CAGATCAAGGACATTA-1,-0.12442249435881692
CXCR3+,HC,PTC45044_CSF,GSM4104132_CAGCATAAGGTCGGAT-1,1.0025765092744354
CXCR3+,HC,PTC45044_CSF,GSM4104132_CAGCCGAGTCTACCTC-1,-0.16685367173177865
CXCR3-,HC,PTC45044_CSF,GSM4104132_CAGCTAAAGCTTTGGT-1,0.21824323967973244
CXCR3-,HC,PTC45044_CSF,GSM4104132_CAGCTGGCAAGGCTCC-1,0.291392532657405
CXCR3-,HC,PTC45044_CSF,GSM4104132_CAGCTGGGTACGCTGC-1,0.10952760026468225
CXCR3-,HC,PTC45044_CSF,GSM4104132_CAGCTGGGTTATCGGT-1,-0.29997119987097626
CXCR3-,HC,PTC45044_CSF,GSM4104132_CAGTAACAGCTGGAAC-1,0.06494891050806521
CXCR3-,HC,PTC45044_CSF,GSM4104132_CAGTAACAGTACGACG-1,-0.11374940911908483
CXCR3+,HC,PTC45044_CSF,GSM4104132_CAGTAACCAAAGCGGT-1,-0.20788522770318943
CXCR3-,HC,PTC45044_CSF,GSM4104132_CAGTAACTCTGCCAGG-1,0.3528985781718613
CXCR3-,HC,PTC45044_CSF,GSM4104132_CAGTCCTCAAGCCCAC-1,-0.29997119987097626
CXCR3+,HC,PTC45044_CSF,GSM4104132_CATATGGAGATAGTCA-1,-0.05545494949152304
CXCR3-,HC,PTC45044_CSF,GSM4104132_CATATGGCATGAGCGA-1,-0.29997119987097626
CXCR3-,HC,PTC45044_CSF,GSM4104132_CATATGGTCAGTCCCT-1,0.11620717859613469
CXCR3-,HC,PTC45044_CSF,GSM4104132_CATCAAGCAAGTAATG-1,0.6009982059507072
CXCR3-,HC,PTC45044_CSF,GSM4104132_CATCAAGCAATAGCGG-1,0.0266101608802248
CXCR3-,HC,PTC45044_CSF,GSM4104132_CATCAAGGTACTTAGC-1,0.12699059103415375
CXCR3-,HC,PTC45044_CSF,GSM4104132_CATCAAGGTCCGCTGA-1,0.16436969828249398
CXCR3-,HC,PTC45044_CSF,GSM4104132_CATCAGAAGCCTTGAT-1,0.13205099179645738
CXCR3-,HC,PTC45044_CSF,GSM4104132_CATCAGACAAGCCATT-1,0.5399157455834944
CXCR3-,HC,PTC45044_CSF,GSM4104132_CATCAGATCCAGTAGT-1,0.1437084156791998
CXCR3-,HC,PTC45044_CSF,GSM4104132_CATCCACCAGCTCGCA-1,-0.29997119987097626
CXCR3-,HC,PTC45044_CSF,GSM4104132_CATCGAAAGAAGAAGC-1,0.6796644657290408
CXCR3-,HC,PTC45044_CSF,GSM4104132_CATCGAAAGAGCTGGT-1,-0.016351354896397375
CXCR3-,HC,PTC45044_CSF,GSM4104132_CATGACAAGCAGACTG-1,0.9841811482726598
CXCR3-,HC,PTC45044_CSF,GSM4104132_CATGACACAATCAGAA-1,0.09174870988236927
CXCR3-,HC,PTC45044_CSF,GSM4104132_CATGACAGTACTTCTT-1,-0.29997119987097626
CXCR3+,HC,PTC45044_CSF,GSM4104132_CATGCCTAGCCGGTAA-1,0.6675905822197026
CXCR3-,HC,PTC45044_CSF,GSM4104132_CATGCCTTCTTTCCTC-1,0.4676909368292194
CXCR3-,HC,PTC45044_CSF,GSM4104132_CATGGCGTCGCAGGCT-1,0.04343913586981306
CXCR3-,HC,PTC45044_CSF,GSM4104132_CATTATCTCGTAGATC-1,0.34534020922554376
CXCR3-,HC,PTC45044_CSF,GSM4104132_CCAATCCAGCTTTGGT-1,0.7278145711974161
CXCR3-,HC,PTC45044_CSF,GSM4104132_CCAGCGAGTATGCTTG-1,-0.15375477608925298
CXCR3+,HC,PTC45044_CSF,GSM4104132_CCATTCGAGAGTACAT-1,-0.29997119987097626
CXCR3+,HC,PTC45044_CSF,GSM4104132_CCATTCGGTCGCGAAA-1,0.09153971766708059
CXCR3-,HC,PTC45044_CSF,GSM4104132_CCATTCGTCAATCACG-1,0.13269493855487413
CXCR3+,HC,PTC45044_CSF,GSM4104132_CCCAGTTTCCGAGCCA-1,0.5258081354556022
CXCR3-,HC,PTC45044_CSF,GSM4104132_CCCATACCAACAACCT-1,-0.15655692552832484
CXCR3+,HC,PTC45044_CSF,GSM4104132_CCCATACGTTCCTCCA-1,1.0094605652322375
CXCR3+,HC,PTC45044_CSF,GSM4104132_CCCATACTCTTCGGTC-1,0.6497237300112035
CXCR3-,HC,PTC45044_CSF,GSM4104132_CCCTCCTTCGGATGTT-1,-0.13311338279037188
CXCR3-,HC,PTC45044_CSF,GSM4104132_CCGGGATAGAGACGAA-1,-6.68451630659079e-05
CXCR3+,HC,PTC45044_CSF,GSM4104132_CCGGGATAGTGCCAGA-1,-0.14955104209731981
CXCR3-,HC,PTC45044_CSF,GSM4104132_CCGGGATGTAGTAGTA-1,0.7654936542452149
CXCR3+,HC,PTC45044_CSF,GSM4104132_CCGGGATGTGTTGGGA-1,0.26469133882373136
CXCR3-,HC,PTC45044_CSF,GSM4104132_CCGGTAGAGACGACGT-1,-0.21393895930804277
CXCR3+,HC,PTC45044_CSF,GSM4104132_CCGGTAGTCTCCTATA-1,0.5118104384665682
CXCR3-,HC,PTC45044_CSF,GSM4104132_CCGTACTCAGTCTTCC-1,0.19460269533925795
CXCR3-,HC,PTC45044_CSF,GSM4104132_CCGTGGACAGACTCGC-1,0.366339654921914
CXCR3-,HC,PTC45044_CSF,GSM4104132_CCGTGGATCTACCTGC-1,-0.03565490196107273
CXCR3+,HC,PTC45044_CSF,GSM4104132_CCTAAAGCAATCTGCA-1,-0.13978827305029204
CXCR3-,HC,PTC45044_CSF,GSM4104132_CCTAAAGGTCCGTTAA-1,-0.29997119987097626
CXCR3-,HC,PTC45044_CSF,GSM4104132_CCTACACAGTACCGGA-1,0.837935219865489
CXCR3-,HC,PTC45044_CSF,GSM4104132_CCTACACAGTCCTCCT-1,0.18687594448227904
CXCR3-,HC,PTC45044_CSF,GSM4104132_CCTACACGTAGAGCTG-1,-0.11384367554290252
CXCR3-,HC,PTC45044_CSF,GSM4104132_CCTAGCTGTGACTCAT-1,0.1641216638660521
CXCR3+,HC,PTC45044_CSF,GSM4104132_CCTATTACATTCACTT-1,0.7482601753077384
CXCR3-,HC,PTC45044_CSF,GSM4104132_CCTCTGAGTAGAAAGG-1,0.599749610393129
CXCR3+,HC,PTC45044_CSF,GSM4104132_CCTCTGAGTATGAATG-1,-0.29997119987097626
CXCR3-,HC,PTC45044_CSF,GSM4104132_CCTTCCCCACTCTGTC-1,-0.29997119987097626
CXCR3+,HC,PTC45044_CSF,GSM4104132_CCTTTCTCAGTGAGTG-1,0.04173267327762912
CXCR3-,HC,PTC45044_CSF,GSM4104132_CCTTTCTCATAGACTC-1,-0.16547565671494832
CXCR3-,HC,PTC45044_CSF,GSM4104132_CCTTTCTGTGTTCGAT-1,0.10645425753206308
CXCR3-,HC,PTC45044_CSF,GSM4104132_CCTTTCTTCCCTAATT-1,0.14076155650608194
CXCR3-,HC,PTC45044_CSF,GSM4104132_CGAACATAGAATAGGG-1,-0.29997119987097626
CXCR3-,HC,PTC45044_CSF,GSM4104132_CGAACATAGGGTTTCT-1,0.363990757078284
CXCR3+,HC,PTC45044_CSF,GSM4104132_CGAACATGTCGGGTCT-1,0.22167245248378428
CXCR3-,HC,PTC45044_CSF,GSM4104132_CGACCTTAGCGTGAAC-1,1.0235909379384494
CXCR3+,HC,PTC45044_CSF,GSM4104132_CGACTTCAGGCCGAAT-1,-0.15325764757593063
CXCR3-,HC,PTC45044_CSF,GSM4104132_CGACTTCCATATGGTC-1,0.0221213663113469
CXCR3+,HC,PTC45044_CSF,GSM4104132_CGAGAAGCAGGGATTG-1,0.19781913217784922
CXCR3+,HC,PTC45044_CSF,GSM4104132_CGAGCACTCAAAGACA-1,-0.29997119987097626
CXCR3+,HC,PTC45044_CSF,GSM4104132_CGATGGCCAATGAATG-1,0.9252318512321266
CXCR3+,HC,PTC45044_CSF,GSM4104132_CGATGTACATCAGTCA-1,-0.06222689560816762
CXCR3-,HC,PTC45044_CSF,GSM4104132_CGATGTAGTCCGTCAG-1,0.593904561737644
CXCR3+,HC,PTC45044_CSF,GSM4104132_CGATTGACACAGGTTT-1,0.3904712671455123
CXCR3-,HC,PTC45044_CSF,GSM4104132_CGATTGATCCGCAGTG-1,0.7630964190157142
CXCR3-,HC,PTC45044_CSF,GSM4104132_CGCCAAGAGTGGCACA-1,-0.05357880973533228
CXCR3-,HC,PTC45044_CSF,GSM4104132_CGCGTTTAGTGCTGCC-1,-0.009546275188102709
CXCR3-,HC,PTC45044_CSF,GSM4104132_CGCTATCCATGATCCA-1,-0.013839174405737596
CXCR3+,HC,PTC45044_CSF,GSM4104132_CGCTGGAAGTTCCACA-1,0.1617270671657701
CXCR3-,HC,PTC45044_CSF,GSM4104132_CGCTGGAGTGTTGGGA-1,0.2071913738651487
CXCR3+,HC,PTC45044_CSF,GSM4104132_CGCTGGATCTATGTGG-1,0.5260436779931899
CXCR3-,HC,PTC45044_CSF,GSM4104132_CGCTTCAAGCCACTAT-1,0.06729275263594561
CXCR3-,HC,PTC45044_CSF,GSM4104132_CGGACACAGGTAGCCA-1,0.20216885085516573
CXCR3-,HC,PTC45044_CSF,GSM4104132_CGGACACTCCCAAGAT-1,-0.07397619797671487
CXCR3-,HC,PTC45044_CSF,GSM4104132_CGGACGTAGATCGGGT-1,-0.08342044425859362
CXCR3-,HC,PTC45044_CSF,GSM4104132_CGGACGTCATCGATGT-1,0.14131003847939255
CXCR3-,HC,PTC45044_CSF,GSM4104132_CGGACTGAGAAACCGC-1,0.11265691698803106
CXCR3-,HC,PTC45044_CSF,GSM4104132_CGGAGTCAGACGCACA-1,0.35057835620914457
CXCR3-,HC,PTC45044_CSF,GSM4104132_CGGCTAGGTCGTGGCT-1,0.06017154035821348
CXCR3-,HC,PTC45044_CSF,GSM4104132_CGGGTCACATGTCCTC-1,0.19524984183312535
CXCR3+,HC,PTC45044_CSF,GSM4104132_CGGGTCATCAGCTCGG-1,0.873052862101886
CXCR3+,HC,PTC45044_CSF,GSM4104132_CGGTTAACAACTGGCC-1,0.059395646508324774
CXCR3+,HC,PTC45044_CSF,GSM4104132_CGGTTAAGTTCAGACT-1,0.4029111339745778
CXCR3+,HC,PTC45044_CSF,GSM4104132_CGTAGCGCAGTGGAGT-1,0.02441772036087892
CXCR3+,HC,PTC45044_CSF,GSM4104132_CGTAGCGTCCGTAGTA-1,-0.29997119987097626
CXCR3-,HC,PTC45044_CSF,GSM4104132_CGTCACTTCATTGCCC-1,0.11194822502800804
CXCR3-,HC,PTC45044_CSF,GSM4104132_CGTCAGGAGTTCCACA-1,-0.025318744354685223
CXCR3-,HC,PTC45044_CSF,GSM4104132_CGTCAGGTCGCATGAT-1,-0.14254893260495327
CXCR3-,HC,PTC45044_CSF,GSM4104132_CGTCCATAGTCAATAG-1,-0.29997119987097626
CXCR3-,HC,PTC45044_CSF,GSM4104132_CGTCCATCAGGGTACA-1,-0.29997119987097626
CXCR3+,HC,PTC45044_CSF,GSM4104132_CGTCTACCACCAACCG-1,-0.11483547581393459
CXCR3+,HC,PTC45044_CSF,GSM4104132_CGTCTACTCTCTGCTG-1,-0.29997119987097626
CXCR3-,HC,PTC45044_CSF,GSM4104132_CGTGAGCCAGTTCATG-1,0.6804964411753653
CXCR3-,HC,PTC45044_CSF,GSM4104132_CGTGTCTTCAGTCAGT-1,-0.15933164945058292
CXCR3-,HC,PTC45044_CSF,GSM4104132_CGTTAGACATCGGACC-1,0.31305799158102543
CXCR3-,HC,PTC45044_CSF,GSM4104132_CGTTAGAGTCATATGC-1,-0.04803027756130717
CXCR3+,HC,PTC45044_CSF,GSM4104132_CGTTCTGTCTGCAGTA-1,0.1953021753880669
CXCR3-,HC,PTC45044_CSF,GSM4104132_CGTTGGGTCCTCAACC-1,-0.103868757230983
CXCR3-,HC,PTC45044_CSF,GSM4104132_CGTTGGGTCGCCCTTA-1,0.03298496381304735
CXCR3-,HC,PTC45044_CSF,GSM4104132_CTAACTTAGACTGTAA-1,-0.1374465441251148
CXCR3-,HC,PTC45044_CSF,GSM4104132_CTAATGGCACTTCGAA-1,0.2798261069268368
CXCR3-,HC,PTC45044_CSF,GSM4104132_CTAATGGGTCACTTCC-1,0.0903104035300464
CXCR3-,HC,PTC45044_CSF,GSM4104132_CTACACCAGGTGATAT-1,-0.03322296382079444
CXCR3-,HC,PTC45044_CSF,GSM4104132_CTACACCCATGTCTCC-1,-0.05609251808933643
CXCR3-,HC,PTC45044_CSF,GSM4104132_CTACATTCACGGCGTT-1,-0.17750101917880853
CXCR3-,HC,PTC45044_CSF,GSM4104132_CTACCCAAGACTCGGA-1,-0.06904162404082151
CXCR3-,HC,PTC45044_CSF,GSM4104132_CTACGTCCAATCGGTT-1,0.45549239723153784
CXCR3-,HC,PTC45044_CSF,GSM4104132_CTACGTCTCTGCGGCA-1,0.16451019537259232
CXCR3-,HC,PTC45044_CSF,GSM4104132_CTAGCCTCAGTCACTA-1,1.0260006542712554
CXCR3-,HC,PTC45044_CSF,GSM4104132_CTCACACGTGCAACTT-1,0.10310492792899442
CXCR3+,HC,PTC45044_CSF,GSM4104132_CTCAGAATCTGCAGTA-1,0.7787630407538123
CXCR3-,HC,PTC45044_CSF,GSM4104132_CTCATTACATCACGAT-1,-0.29997119987097626
CXCR3-,HC,PTC45044_CSF,GSM4104132_CTCATTAGTAAGTGGC-1,-0.09626401089082501
CXCR3-,HC,PTC45044_CSF,GSM4104132_CTCCTAGAGGCAAAGA-1,0.07770275874862329
CXCR3-,HC,PTC45044_CSF,GSM4104132_CTCCTAGGTTCCCTTG-1,-0.04822539942104166
CXCR3+,HC,PTC45044_CSF,GSM4104132_CTCCTAGTCCCTTGCA-1,0.143040755904256
CXCR3-,HC,PTC45044_CSF,GSM4104132_CTCGAGGGTGATGTGG-1,-0.1688307233254766
CXCR3-,HC,PTC45044_CSF,GSM4104132_CTCGAGGTCACAACGT-1,0.07473918863892177
CXCR3-,HC,PTC45044_CSF,GSM4104132_CTCGGGAGTATCAGTC-1,-0.05258354476234316
CXCR3-,HC,PTC45044_CSF,GSM4104132_CTCTAATAGGCTATCT-1,0.06143996015446932
CXCR3-,HC,PTC45044_CSF,GSM4104132_CTCTAATTCCCAACGG-1,-0.29997119987097626
CXCR3-,HC,PTC45044_CSF,GSM4104132_CTCTAATTCGTCCGTT-1,0.4669874744747161
CXCR3+,HC,PTC45044_CSF,GSM4104132_CTCTACGAGCAGGCTA-1,-0.29997119987097626
CXCR3+,HC,PTC45044_CSF,GSM4104132_CTCTACGAGCATGGCA-1,0.3951196112138721
CXCR3-,HC,PTC45044_CSF,GSM4104132_CTCTACGGTCGCTTTC-1,0.18626410101256582
CXCR3-,HC,PTC45044_CSF,GSM4104132_CTGAAACAGTACGCGA-1,-0.07152821500777219
CXCR3-,HC,PTC45044_CSF,GSM4104132_CTGAAACTCAACCAAC-1,-0.29997119987097626
CXCR3-,HC,PTC45044_CSF,GSM4104132_CTGAAGTTCAGTTAGC-1,0.6752042946043119
CXCR3-,HC,PTC45044_CSF,GSM4104132_CTGATAGCAAGTCATC-1,0.06600501313882132
CXCR3-,HC,PTC45044_CSF,GSM4104132_CTGATAGTCCCTTGCA-1,-0.1530734864025566
CXCR3+,HC,PTC45044_CSF,GSM4104132_CTGATCCCAATAGCAA-1,0.3939281885512776
CXCR3-,HC,PTC45044_CSF,GSM4104132_CTGATCCCATTTCACT-1,0.15271553060594803
CXCR3-,HC,PTC45044_CSF,GSM4104132_CTGCGGATCCTACAGA-1,-0.03722265128383758
CXCR3+,HC,PTC45044_CSF,GSM4104132_CTGGTCTCACGGCTAC-1,-0.29997119987097626
CXCR3-,HC,PTC45044_CSF,GSM4104132_CTGTGCTCACGTCAGC-1,-0.29997119987097626
CXCR3-,HC,PTC45044_CSF,GSM4104132_CTGTGCTTCTCGATGA-1,0.026872296679698086
CXCR3+,HC,PTC45044_CSF,GSM4104132_CTGTTTACAGCGTTCG-1,-0.1803537065787783
CXCR3-,HC,PTC45044_CSF,GSM4104132_CTTAACTCATCTGGTA-1,0.19096358734164695
CXCR3-,HC,PTC45044_CSF,GSM4104132_CTTACCGCAGCCAATT-1,-0.19294517155871696
CXCR3+,HC,PTC45044_CSF,GSM4104132_CTTACCGCAGGACCCT-1,-0.29997119987097626
CXCR3-,HC,PTC45044_CSF,GSM4104132_CTTACCGGTAGCGTGA-1,0.1030005419075261
CXCR3-,HC,PTC45044_CSF,GSM4104132_CTTAGGATCCGCATCT-1,-0.060455144135125094
CXCR3-,HC,PTC45044_CSF,GSM4104132_CTTCTCTCAAGTCTGT-1,-0.29997119987097626
CXCR3-,HC,PTC45044_CSF,GSM4104132_CTTGGCTTCGCCATAA-1,-0.09262614825989404
CXCR3-,HC,PTC45044_CSF,GSM4104132_CTTTGCGGTTACGACT-1,-0.29997119987097626
CXCR3+,HC,PTC45044_CSF,GSM4104132_CTTTGCGTCCAGTATG-1,-0.29997119987097626
CXCR3-,HC,PTC45044_CSF,GSM4104132_GAAACTCTCAGTTTGG-1,-0.29997119987097626
CXCR3-,HC,PTC45044_CSF,GSM4104132_GAAATGAAGTTGTAGA-1,0.17300151130920774
CXCR3-,HC,PTC45044_CSF,GSM4104132_GAAATGACAAACCTAC-1,-0.29997119987097626
CXCR3+,HC,PTC45044_CSF,GSM4104132_GAAATGACAAGCGAGT-1,-0.10651327037461941
CXCR3-,HC,PTC45044_CSF,GSM4104132_GAAATGATCCTATGTT-1,-0.054988645451861794
CXCR3+,HC,PTC45044_CSF,GSM4104132_GAACATCCATACGCTA-1,0.4574458525191645
CXCR3-,HC,PTC45044_CSF,GSM4104132_GAACCTACAATGTAAG-1,-0.08630339489169565
CXCR3-,HC,PTC45044_CSF,GSM4104132_GAACCTAGTGGACGAT-1,-0.29997119987097626
CXCR3-,HC,PTC45044_CSF,GSM4104132_GAAGCAGGTCATTAGC-1,-0.13379024220127528
CXCR3-,HC,PTC45044_CSF,GSM4104132_GAATGAAGTGTTTGTG-1,0.13702330003265395
CXCR3-,HC,PTC45044_CSF,GSM4104132_GACACGCAGGTTCCTA-1,0.41027251364868
CXCR3-,HC,PTC45044_CSF,GSM4104132_GACAGAGGTGTGCCTG-1,-0.08415601068390743
CXCR3-,HC,PTC45044_CSF,GSM4104132_GACCAATAGTCCTCCT-1,0.5143080201850142
CXCR3-,HC,PTC45044_CSF,GSM4104132_GACCAATAGTGGGCTA-1,0.47020472670202346
CXCR3-,HC,PTC45044_CSF,GSM4104132_GACCAATCACATTCGA-1,0.3627197141556325
CXCR3-,HC,PTC45044_CSF,GSM4104132_GACCAATGTTGGGACA-1,-0.003874991366476415
CXCR3-,HC,PTC45044_CSF,GSM4104132_GACCTGGCAATGCCAT-1,0.15864354995480293
CXCR3+,HC,PTC45044_CSF,GSM4104132_GACCTGGCAGTCGATT-1,-0.29997119987097626
CXCR3+,HC,PTC45044_CSF,GSM4104132_GACCTGGGTGCAGTAG-1,-0.29997119987097626
CXCR3-,HC,PTC45044_CSF,GSM4104132_GACGCGTTCCTACAGA-1,0.08487108761694469
CXCR3-,HC,PTC45044_CSF,GSM4104132_GACGGCTAGAGGTTGC-1,0.6070805863206957
CXCR3+,HC,PTC45044_CSF,GSM4104132_GACGTGCCATAGACTC-1,0.029331452407371988
CXCR3-,HC,PTC45044_CSF,GSM4104132_GACTAACGTCTAGAGG-1,0.058473178939183024
CXCR3-,HC,PTC45044_CSF,GSM4104132_GACTACACAGGACGTA-1,0.2823075512092572
CXCR3-,HC,PTC45044_CSF,GSM4104132_GACTGCGAGCAGACTG-1,-0.05925920831500874
CXCR3-,HC,PTC45044_CSF,GSM4104132_GACTGCGCACGTCTCT-1,-0.19407537241849124
CXCR3-,HC,PTC45044_CSF,GSM4104132_GACTGCGGTCTAAACC-1,0.618990692184921
CXCR3+,HC,PTC45044_CSF,GSM4104132_GACTGCGGTGTCTGAT-1,-0.01970738550158056
CXCR3-,HC,PTC45044_CSF,GSM4104132_GAGCAGACATCCGGGT-1,-0.29997119987097626
CXCR3-,HC,PTC45044_CSF,GSM4104132_GAGTCCGTCTGTGCAA-1,-0.022028673443612198
CXCR3-,HC,PTC45044_CSF,GSM4104132_GATCAGTCAATGCCAT-1,0.7788701921059511
CXCR3-,HC,PTC45044_CSF,GSM4104132_GATCGCGGTACGAAAT-1,0.6568411685763468
CXCR3-,HC,PTC45044_CSF,GSM4104132_GATCGCGTCACAAACC-1,-0.07166559875832698
CXCR3+,HC,PTC45044_CSF,GSM4104132_GATCGTATCAACCAAC-1,0.2503170949742772
CXCR3-,HC,PTC45044_CSF,GSM4104132_GATGAAAGTTGTCTTT-1,0.033654195328788584
CXCR3-,HC,PTC45044_CSF,GSM4104132_GATGAGGGTGTAATGA-1,-0.19883802437872214
CXCR3+,HC,PTC45044_CSF,GSM4104132_GATGAGGGTTAAGATG-1,0.8547924659958636
CXCR3-,HC,PTC45044_CSF,GSM4104132_GATTCAGTCAACGAAA-1,0.8239222340718203
CXCR3+,HC,PTC45044_CSF,GSM4104132_GCAAACTAGCAGACTG-1,-0.29997119987097626
CXCR3-,HC,PTC45044_CSF,GSM4104132_GCAATCAGTACCGCTG-1,0.2513756756419447
CXCR3-,HC,PTC45044_CSF,GSM4104132_GCAATCAGTCTAGTCA-1,0.21109519530012483
CXCR3-,HC,PTC45044_CSF,GSM4104132_GCACATACACAGATTC-1,-0.035465492336526475
CXCR3-,HC,PTC45044_CSF,GSM4104132_GCACATACAGACAGGT-1,0.22074712828095824
CXCR3-,HC,PTC45044_CSF,GSM4104132_GCACATAGTAAGAGAG-1,0.42872996155426096
CXCR3-,HC,PTC45044_CSF,GSM4104132_GCACATATCCTCCTAG-1,-0.29997119987097626
CXCR3-,HC,PTC45044_CSF,GSM4104132_GCACTCTCACAACGTT-1,-0.06659216138486146
CXCR3-,HC,PTC45044_CSF,GSM4104132_GCACTCTGTGGTCCGT-1,0.2633421418735317
CXCR3+,HC,PTC45044_CSF,GSM4104132_GCAGCCACACATTTCT-1,-0.1652822599401857
CXCR3-,HC,PTC45044_CSF,GSM4104132_GCAGTTAAGATAGTCA-1,0.12999238502851743
CXCR3-,HC,PTC45044_CSF,GSM4104132_GCATGATAGAGTACCG-1,1.1831911559346815
CXCR3-,HC,PTC45044_CSF,GSM4104132_GCATGCGAGGGTATCG-1,0.261056069698664
CXCR3+,HC,PTC45044_CSF,GSM4104132_GCATGCGAGGGTCGAT-1,0.7758616564572215
CXCR3-,HC,PTC45044_CSF,GSM4104132_GCATGTACAGACAGGT-1,0.7917517225432508
CXCR3+,HC,PTC45044_CSF,GSM4104132_GCCAAATTCAAGGCTT-1,0.24236399185728816
CXCR3-,HC,PTC45044_CSF,GSM4104132_GCCTCTAAGCGATGAC-1,0.11075410954829899
CXCR3-,HC,PTC45044_CSF,GSM4104132_GCCTCTACATGGGAAC-1,0.1280956807110786
CXCR3-,HC,PTC45044_CSF,GSM4104132_GCGAGAACACCGTTGG-1,-0.29997119987097626
CXCR3-,HC,PTC45044_CSF,GSM4104132_GCGAGAATCCTCATTA-1,-0.0751562921805389
CXCR3-,HC,PTC45044_CSF,GSM4104132_GCGCAACGTACGACCC-1,0.1345329591848967
CXCR3-,HC,PTC45044_CSF,GSM4104132_GCGCAGTAGGGAAACA-1,0.08587496908532614
CXCR3+,HC,PTC45044_CSF,GSM4104132_GCGCCAAAGGCATGGT-1,0.14669022033389045
CXCR3-,HC,PTC45044_CSF,GSM4104132_GCGCCAACATTTCAGG-1,0.1282643755105892
CXCR3-,HC,PTC45044_CSF,GSM4104132_GCTCCTACAAGCGATG-1,0.1498090565165728
CXCR3+,HC,PTC45044_CSF,GSM4104132_GCTCCTACAGCTGTGC-1,-0.13078257719069486
CXCR3-,HC,PTC45044_CSF,GSM4104132_GCTCTGTAGTGCCAGA-1,-0.29997119987097626
CXCR3-,HC,PTC45044_CSF,GSM4104132_GCTCTGTGTTGAGGTG-1,0.795936230823073
CXCR3-,HC,PTC45044_CSF,GSM4104132_GCTGCAGCACATCTTT-1,0.17233244863001293
CXCR3-,HC,PTC45044_CSF,GSM4104132_GCTGGGTAGATATACG-1,-0.29997119987097626
CXCR3+,HC,PTC45044_CSF,GSM4104132_GCTGGGTCAGTACACT-1,0.2167811769979689
CXCR3-,HC,PTC45044_CSF,GSM4104132_GCTTCCAAGAATTGTG-1,-0.09968886704041337
CXCR3-,HC,PTC45044_CSF,GSM4104132_GCTTCCAGTACCCAAT-1,0.7208780889166936
CXCR3-,HC,PTC45044_CSF,GSM4104132_GCTTGAACACAGACAG-1,-0.15572117392449636
CXCR3-,HC,PTC45044_CSF,GSM4104132_GGAACTTCACGGTAGA-1,-0.29997119987097626
CXCR3-,HC,PTC45044_CSF,GSM4104132_GGAACTTGTCCGTGAC-1,0.3014429349449762
CXCR3+,HC,PTC45044_CSF,GSM4104132_GGAATAAAGCGATAGC-1,-0.011596030719733743
CXCR3-,HC,PTC45044_CSF,GSM4104132_GGAATAAAGCGGATCA-1,-0.29997119987097626
CXCR3-,HC,PTC45044_CSF,GSM4104132_GGAATAAAGTTCGCAT-1,0.5277636605224851
CXCR3+,HC,PTC45044_CSF,GSM4104132_GGAATAAAGTTTGCGT-1,-0.18470673383275177
CXCR3-,HC,PTC45044_CSF,GSM4104132_GGAATAACATAGACTC-1,0.05909751793744088
CXCR3+,HC,PTC45044_CSF,GSM4104132_GGAATAAGTCCAGTTA-1,0.1691510213485599
CXCR3+,HC,PTC45044_CSF,GSM4104132_GGAATAAGTGAGGGTT-1,0.8393677752597704
CXCR3-,HC,PTC45044_CSF,GSM4104132_GGAATAATCAGTTAGC-1,-0.29997119987097626
CXCR3-,HC,PTC45044_CSF,GSM4104132_GGACAGACAGCTTCGG-1,-0.29997119987097626
CXCR3-,HC,PTC45044_CSF,GSM4104132_GGACAGAGTCGAAAGC-1,-0.29997119987097626
CXCR3+,HC,PTC45044_CSF,GSM4104132_GGATGTTAGAAACCTA-1,0.1345793568028736
CXCR3+,HC,PTC45044_CSF,GSM4104132_GGCAATTAGGAGTTTA-1,0.6462145273150774
CXCR3-,HC,PTC45044_CSF,GSM4104132_GGCCGATGTATCGCAT-1,-0.10248218574781068
CXCR3-,HC,PTC45044_CSF,GSM4104132_GGCCGATTCGCCTGTT-1,0.1324511143606725
CXCR3-,HC,PTC45044_CSF,GSM4104132_GGCGACTAGCCTATGT-1,0.1275328912714749
CXCR3-,HC,PTC45044_CSF,GSM4104132_GGCGACTGTGGTTTCA-1,-0.29997119987097626
CXCR3-,HC,PTC45044_CSF,GSM4104132_GGCTGGTCAATTGCTG-1,-0.1891819804411416
CXCR3-,HC,PTC45044_CSF,GSM4104132_GGGAATGAGTCTTGCA-1,0.005460165058874937
CXCR3-,HC,PTC45044_CSF,GSM4104132_GGGAATGCATCGACGC-1,0.6613225205131814
CXCR3-,HC,PTC45044_CSF,GSM4104132_GGGAATGTCCGCAGTG-1,-0.29997119987097626
CXCR3-,HC,PTC45044_CSF,GSM4104132_GGGACCTTCGAGCCCA-1,-0.07648555984111338
CXCR3-,HC,PTC45044_CSF,GSM4104132_GGGAGATAGTCAATAG-1,-0.07019016398210098
CXCR3-,HC,PTC45044_CSF,GSM4104132_GGGAGATCAACGATCT-1,0.4742270436192659
CXCR3-,HC,PTC45044_CSF,GSM4104132_GGGAGATGTCCCGACA-1,0.033994350983985545
CXCR3-,HC,PTC45044_CSF,GSM4104132_GGGATGAGTCGGGTCT-1,0.07289207180319009
CXCR3+,HC,PTC45044_CSF,GSM4104132_GGGCACTGTTTAGGAA-1,-0.1906571802380659
CXCR3-,HC,PTC45044_CSF,GSM4104132_GGGCACTTCAACACTG-1,-0.29997119987097626
CXCR3-,HC,PTC45044_CSF,GSM4104132_GGGCACTTCAACTCTT-1,-0.08672517597637645
CXCR3-,HC,PTC45044_CSF,GSM4104132_GGGCATCAGAGTCTGG-1,0.44949702595287244
CXCR3-,HC,PTC45044_CSF,GSM4104132_GGGTCTGGTATCACCA-1,0.21297850458710427
CXCR3-,HC,PTC45044_CSF,GSM4104132_GGTATTGTCAGTTAGC-1,-0.29997119987097626
CXCR3-,HC,PTC45044_CSF,GSM4104132_GGTGAAGCATGTCCTC-1,-0.14835914441899925
CXCR3-,HC,PTC45044_CSF,GSM4104132_GTAACTGAGCGACGTA-1,0.43708338059667096
CXCR3-,HC,PTC45044_CSF,GSM4104132_GTAACTGTCATTATCC-1,0.3980292327840811
CXCR3-,HC,PTC45044_CSF,GSM4104132_GTACGTAAGGAGTACC-1,0.3406923545947717
CXCR3-,HC,PTC45044_CSF,GSM4104132_GTACGTATCACGCGGT-1,-0.00877148474370358
CXCR3-,HC,PTC45044_CSF,GSM4104132_GTACGTATCGCCAGCA-1,-0.29997119987097626
CXCR3-,HC,PTC45044_CSF,GSM4104132_GTAGGCCAGGATGGAA-1,0.3554243241443995
CXCR3+,HC,PTC45044_CSF,GSM4104132_GTAGGCCGTTCCCTTG-1,-0.18728211878493753
CXCR3-,HC,PTC45044_CSF,GSM4104132_GTATCTTAGGAGTAGA-1,-0.04786422085920782
CXCR3-,HC,PTC45044_CSF,GSM4104132_GTATCTTCAATGTTGC-1,-0.12185847810377193
CXCR3-,HC,PTC45044_CSF,GSM4104132_GTATCTTTCGAGCCCA-1,0.43519584227333497
CXCR3-,HC,PTC45044_CSF,GSM4104132_GTCACAAAGATAGGAG-1,0.15391434327067305
CXCR3-,HC,PTC45044_CSF,GSM4104132_GTCACAACAGGGTTAG-1,-0.15734864394126896
CXCR3+,HC,PTC45044_CSF,GSM4104132_GTCACGGGTACCGAGA-1,-0.17404917799890782
CXCR3-,HC,PTC45044_CSF,GSM4104132_GTCATTTAGGTTACCT-1,0.688676929014318
CXCR3-,HC,PTC45044_CSF,GSM4104132_GTCATTTAGTAGATGT-1,0.12433893239105402
CXCR3-,HC,PTC45044_CSF,GSM4104132_GTCCTCACAATGACCT-1,-0.10646556690314125
CXCR3-,HC,PTC45044_CSF,GSM4104132_GTCCTCATCCAAGCCG-1,-0.15897372301555013
CXCR3-,HC,PTC45044_CSF,GSM4104132_GTCGTAATCTGATTCT-1,-0.11181380052857216
CXCR3-,HC,PTC45044_CSF,GSM4104132_GTCTCGTAGTTGTAGA-1,-0.1559185907643304
CXCR3-,HC,PTC45044_CSF,GSM4104132_GTCTTCGAGATACACA-1,0.3029032212909025
CXCR3+,HC,PTC45044_CSF,GSM4104132_GTCTTCGTCAGTTGAC-1,-0.29997119987097626
CXCR3-,HC,PTC45044_CSF,GSM4104132_GTGCAGCAGGACAGCT-1,-0.05536377515366638
CXCR3-,HC,PTC45044_CSF,GSM4104132_GTGCAGCCAAACAACA-1,0.17026105934908745
CXCR3-,HC,PTC45044_CSF,GSM4104132_GTGCAGCCACACAGAG-1,-0.05675859883849852
CXCR3+,HC,PTC45044_CSF,GSM4104132_GTGCATAAGTCGATAA-1,-0.16145860376225032
CXCR3-,HC,PTC45044_CSF,GSM4104132_GTGCGGTAGCGTCTAT-1,-0.1697345464684737
CXCR3-,HC,PTC45044_CSF,GSM4104132_GTGCGGTTCCAATGGT-1,0.6478709077573326
CXCR3+,HC,PTC45044_CSF,GSM4104132_GTGTTAGCACGAGAGT-1,-0.06340881817977924
CXCR3-,HC,PTC45044_CSF,GSM4104132_GTTAAGCGTAGAAAGG-1,-0.14966242016838033
CXCR3-,HC,PTC45044_CSF,GSM4104132_GTTACAGAGGCATTGG-1,0.35548155793984
CXCR3-,HC,PTC45044_CSF,GSM4104132_GTTACAGCATATGAGA-1,-0.29997119987097626
CXCR3-,HC,PTC45044_CSF,GSM4104132_GTTCATTGTTCGTCTC-1,0.23476324821760622
CXCR3-,HC,PTC45044_CSF,GSM4104132_GTTCGGGGTCACAAGG-1,0.2778237987503268
CXCR3+,HC,PTC45044_CSF,GSM4104132_GTTCTCGAGGGAAACA-1,0.5439889495282472
CXCR3-,HC,PTC45044_CSF,GSM4104132_GTTTCTAGTCCCTTGT-1,0.17194190251398261
CXCR3-,HC,PTC45044_CSF,GSM4104132_GTTTCTATCATTTGGG-1,0.5433449287985955
CXCR3+,HC,PTC45044_CSF,GSM4104132_GTTTCTATCTCTTATG-1,-0.29997119987097626
CXCR3+,HC,PTC45044_CSF,GSM4104132_GTTTCTATCTGTACGA-1,-0.04773846388768858
CXCR3-,HC,PTC45044_CSF,GSM4104132_TAAACCGCATACCATG-1,-0.29997119987097626
CXCR3-,HC,PTC45044_CSF,GSM4104132_TAAGAGAAGTGTCCAT-1,0.27307593551282655
CXCR3-,HC,PTC45044_CSF,GSM4104132_TAAGCGTAGTGTCCCG-1,0.7519236339214679
CXCR3-,HC,PTC45044_CSF,GSM4104132_TACAGTGAGAGACGAA-1,-0.018415591850892272
CXCR3-,HC,PTC45044_CSF,GSM4104132_TACAGTGAGCACAGGT-1,-0.1374465441251148
CXCR3-,HC,PTC45044_CSF,GSM4104132_TACAGTGTCTTTAGGG-1,-0.29997119987097626
CXCR3-,HC,PTC45044_CSF,GSM4104132_TACCTTACAGCTGTTA-1,-0.29997119987097626
CXCR3-,HC,PTC45044_CSF,GSM4104132_TACGGATAGATCACGG-1,0.9544094240884589
CXCR3-,HC,PTC45044_CSF,GSM4104132_TACGGATCACGCCAGT-1,-0.11046962203611854
CXCR3-,HC,PTC45044_CSF,GSM4104132_TACGGTAGTCTAGGTT-1,-0.1468468861394788
CXCR3-,HC,PTC45044_CSF,GSM4104132_TACGGTATCCGCGCAA-1,-0.15873391382771795
CXCR3+,HC,PTC45044_CSF,GSM4104132_TACTCGCGTTACTGAC-1,0.20953995671784129
CXCR3-,HC,PTC45044_CSF,GSM4104132_TACTCGCGTTCAGGCC-1,-0.1196338936403699
CXCR3-,HC,PTC45044_CSF,GSM4104132_TACTTACCAAACGTGG-1,-0.21041469249517156
CXCR3-,HC,PTC45044_CSF,GSM4104132_TACTTACGTCATACTG-1,-0.07273832266268057
CXCR3-,HC,PTC45044_CSF,GSM4104132_TAGACCACATCACCCT-1,0.3879289247368307
CXCR3-,HC,PTC45044_CSF,GSM4104132_TAGACCAGTTCGCGAC-1,0.49210106667766
CXCR3+,HC,PTC45044_CSF,GSM4104132_TAGCCGGCATCTGGTA-1,-0.10641347014150138
CXCR3-,HC,PTC45044_CSF,GSM4104132_TAGCCGGGTAAGTGTA-1,-0.04556129836068336
CXCR3-,HC,PTC45044_CSF,GSM4104132_TAGGCATAGAGCTATA-1,0.7472363804024565
CXCR3-,HC,PTC45044_CSF,GSM4104132_TAGTGGTCACGAAACG-1,1.4780089916132202
CXCR3-,HC,PTC45044_CSF,GSM4104132_TAGTGGTTCGACAGCC-1,-0.14525727271215433
CXCR3-,HC,PTC45044_CSF,GSM4104132_TAGTTGGCACATGGGA-1,0.04200930330995142
CXCR3-,HC,PTC45044_CSF,GSM4104132_TAGTTGGCACTACAGT-1,-0.03414071542197829
CXCR3-,HC,PTC45044_CSF,GSM4104132_TATCAGGAGACGACGT-1,0.39636778187987326
CXCR3+,HC,PTC45044_CSF,GSM4104132_TATCAGGGTAAAGGAG-1,-0.1657965587022825
CXCR3-,HC,PTC45044_CSF,GSM4104132_TATCTCACAATGTTGC-1,-0.1619161059198686
CXCR3-,HC,PTC45044_CSF,GSM4104132_TATCTCAGTTATTCTC-1,0.7252577185640259
CXCR3-,HC,PTC45044_CSF,GSM4104132_TATGCCCCATACAGCT-1,-0.29997119987097626
CXCR3-,HC,PTC45044_CSF,GSM4104132_TCAACGAAGAGACTTA-1,0.23159094452433354
CXCR3-,HC,PTC45044_CSF,GSM4104132_TCAATCTCATCGGAAG-1,0.22253495311394925
CXCR3-,HC,PTC45044_CSF,GSM4104132_TCACGAATCACCAGGC-1,0.19408028834239702
CXCR3-,HC,PTC45044_CSF,GSM4104132_TCACGAATCCACTGGG-1,-0.29997119987097626
CXCR3-,HC,PTC45044_CSF,GSM4104132_TCAGCAACAGGTTTCA-1,0.32180479564687053
CXCR3+,HC,PTC45044_CSF,GSM4104132_TCAGCTCAGTCAAGCG-1,-0.1829192633154649
CXCR3-,HC,PTC45044_CSF,GSM4104132_TCAGGATCAGATCCAT-1,0.21070194001413795
CXCR3-,HC,PTC45044_CSF,GSM4104132_TCAGGATGTATCAGTC-1,-0.29997119987097626
CXCR3-,HC,PTC45044_CSF,GSM4104132_TCAGGATGTGCACCAC-1,0.15642654586723334
CXCR3-,HC,PTC45044_CSF,GSM4104132_TCATTTGCACGACTCG-1,-0.29997119987097626
CXCR3-,HC,PTC45044_CSF,GSM4104132_TCCACACCATAGAAAC-1,0.30204638998787675
CXCR3-,HC,PTC45044_CSF,GSM4104132_TCCCGATAGTATCGAA-1,-0.29997119987097626
CXCR3-,HC,PTC45044_CSF,GSM4104132_TCCCGATTCGGAATCT-1,0.038211502277863296
CXCR3-,HC,PTC45044_CSF,GSM4104132_TCGAGGCTCGGAGCAA-1,0.265288193947203
CXCR3-,HC,PTC45044_CSF,GSM4104132_TCGGTAAAGATCTGAA-1,-0.29997119987097626
CXCR3+,HC,PTC45044_CSF,GSM4104132_TCGGTAACATGGATGG-1,0.2097531980939022
CXCR3+,HC,PTC45044_CSF,GSM4104132_TCGTAGACAGCCTGTG-1,0.8430683893139725
CXCR3-,HC,PTC45044_CSF,GSM4104132_TCTATTGGTAGGACAC-1,-0.29997119987097626
CXCR3-,HC,PTC45044_CSF,GSM4104132_TCTATTGGTCGTCTTC-1,0.021675087883032535
CXCR3-,HC,PTC45044_CSF,GSM4104132_TCTGAGACAACTGGCC-1,0.1726119181865102
CXCR3-,HC,PTC45044_CSF,GSM4104132_TCTGGAACATCCTTGC-1,0.40878589110271635
CXCR3+,HC,PTC45044_CSF,GSM4104132_TCTTTCCAGCCTCGTG-1,0.19308497286004106
CXCR3+,HC,PTC45044_CSF,GSM4104132_TCTTTCCTCCCAAGAT-1,1.1742088112724538
CXCR3+,HC,PTC45044_CSF,GSM4104132_TGACAACCATCCGGGT-1,0.09405416135752478
CXCR3-,HC,PTC45044_CSF,GSM4104132_TGACAACCATGGTCAT-1,0.3103086260826228
CXCR3-,HC,PTC45044_CSF,GSM4104132_TGACGGCCACAGTCGC-1,-0.10577778914193929
CXCR3-,HC,PTC45044_CSF,GSM4104132_TGACGGCGTATAGTAG-1,-0.29997119987097626
CXCR3-,HC,PTC45044_CSF,GSM4104132_TGACGGCTCCCTAATT-1,-0.29997119987097626
CXCR3-,HC,PTC45044_CSF,GSM4104132_TGACTAGAGCGATTCT-1,-0.29997119987097626
CXCR3-,HC,PTC45044_CSF,GSM4104132_TGACTAGTCAGCTCTC-1,0.3699892082026313
CXCR3-,HC,PTC45044_CSF,GSM4104132_TGACTTTTCGGTGTCG-1,0.26362230109327806
CXCR3-,HC,PTC45044_CSF,GSM4104132_TGAGAGGAGAAACGCC-1,0.04560030920642303
CXCR3-,HC,PTC45044_CSF,GSM4104132_TGAGAGGCAAGCCTAT-1,0.22730351559324796
CXCR3+,HC,PTC45044_CSF,GSM4104132_TGAGCATTCATCGCTC-1,-0.29997119987097626
CXCR3+,HC,PTC45044_CSF,GSM4104132_TGAGCCGCAAGACACG-1,0.05454506348493826
CXCR3-,HC,PTC45044_CSF,GSM4104132_TGAGCCGGTGAAAGAG-1,0.224332254923352
CXCR3+,HC,PTC45044_CSF,GSM4104132_TGAGGGACAGCTCGCA-1,0.9665843439803256
CXCR3-,HC,PTC45044_CSF,GSM4104132_TGAGGGAGTCCGTGAC-1,0.11779051460045291
CXCR3-,HC,PTC45044_CSF,GSM4104132_TGCACCTTCGCCTGAG-1,1.3451522104448859
CXCR3-,HC,PTC45044_CSF,GSM4104132_TGCCAAATCCTATGTT-1,0.28216361307592874
CXCR3-,HC,PTC45044_CSF,GSM4104132_TGCCCATGTCCAGTTA-1,0.0412421759477059
CXCR3+,HC,PTC45044_CSF,GSM4104132_TGCCCTATCTTCGGTC-1,-0.29997119987097626
CXCR3-,HC,PTC45044_CSF,GSM4104132_TGCGCAGTCTGTCTCG-1,-0.06404519300272983
CXCR3-,HC,PTC45044_CSF,GSM4104132_TGCGGGTCAAATTGCC-1,-0.16443674532118374
CXCR3-,HC,PTC45044_CSF,GSM4104132_TGCGTGGCAACAACCT-1,0.08050222385196344
CXCR3-,HC,PTC45044_CSF,GSM4104132_TGGACGCAGTCGATAA-1,-0.29997119987097626
CXCR3-,HC,PTC45044_CSF,GSM4104132_TGGCGCAAGGTGCACA-1,-0.025677558394524538
CXCR3-,HC,PTC45044_CSF,GSM4104132_TGGCTGGTCACGATGT-1,0.4354294207347123
CXCR3-,HC,PTC45044_CSF,GSM4104132_TGGCTGGTCCTAGGGC-1,-0.06325885784401883
CXCR3+,HC,PTC45044_CSF,GSM4104132_TGGTTAGAGCGTGTCC-1,-0.04078666515275988
CXCR3+,HC,PTC45044_CSF,GSM4104132_TGGTTAGCATTAACCG-1,-0.29997119987097626
CXCR3-,HC,PTC45044_CSF,GSM4104132_TGGTTCCGTAGCGTGA-1,0.18955431735376208
CXCR3-,HC,PTC45044_CSF,GSM4104132_TGGTTCCGTTCCAACA-1,0.4905424907949386
CXCR3-,HC,PTC45044_CSF,GSM4104132_TGTATTCGTCGGCACT-1,-0.12244566545093925
CXCR3+,HC,PTC45044_CSF,GSM4104132_TGTGGTAAGGGAGTAA-1,0.5956091823522847
CXCR3-,HC,PTC45044_CSF,GSM4104132_TGTGGTATCGAGGTAG-1,-0.29997119987097626
CXCR3-,HC,PTC45044_CSF,GSM4104132_TGTGTTTGTAAACACA-1,0.12900953373028684
CXCR3+,HC,PTC45044_CSF,GSM4104132_TGTTCCGCAATCTGCA-1,0.25944919512870185
CXCR3-,HC,PTC45044_CSF,GSM4104132_TTAGGACAGGGTATCG-1,0.25038319986821234
CXCR3-,HC,PTC45044_CSF,GSM4104132_TTAGGACTCGCCAAAT-1,-0.013145792160441368
CXCR3-,HC,PTC45044_CSF,GSM4104132_TTAGGCAAGAAGGTTT-1,-0.08921840947854556
CXCR3-,HC,PTC45044_CSF,GSM4104132_TTAGTTCCAACTGCGC-1,0.10073414661174988
CXCR3+,HC,PTC45044_CSF,GSM4104132_TTATGCTTCGCAGGCT-1,-0.29997119987097626
CXCR3-,HC,PTC45044_CSF,GSM4104132_TTATGCTTCTACTTAC-1,-0.0011051362446358023
CXCR3-,HC,PTC45044_CSF,GSM4104132_TTCCCAGGTCTGCCAG-1,-0.08704718611501328
CXCR3-,HC,PTC45044_CSF,GSM4104132_TTCGAAGAGGGTTCCC-1,0.4801332438186624
CXCR3-,HC,PTC45044_CSF,GSM4104132_TTCGGTCCAGGATTGG-1,-0.027645226141308994
CXCR3-,HC,PTC45044_CSF,GSM4104132_TTCTACAGTATCACCA-1,-0.29997119987097626
CXCR3-,HC,PTC45044_CSF,GSM4104132_TTCTCAAAGAACTCGG-1,-0.29997119987097626
CXCR3+,HC,PTC45044_CSF,GSM4104132_TTCTCAATCTCTTGAT-1,0.13036015076672602
CXCR3-,HC,PTC45044_CSF,GSM4104132_TTGAACGAGGGTCGAT-1,-0.14014378510222072
CXCR3-,HC,PTC45044_CSF,GSM4104132_TTGACTTAGATGCCTT-1,-0.09740448422963323
CXCR3-,HC,PTC45044_CSF,GSM4104132_TTGACTTGTCTTGCGG-1,0.214902621542689
CXCR3+,HC,PTC45044_CSF,GSM4104132_TTGCCGTAGACCCACC-1,-0.10369018694155052
CXCR3-,HC,PTC45044_CSF,GSM4104132_TTGCGTCCATCGGAAG-1,0.009090066705256408
CXCR3+,HC,PTC45044_CSF,GSM4104132_TTGGCAATCACTATTC-1,-0.18733246922093416
CXCR3-,HC,PTC45044_CSF,GSM4104132_TTTCCTCAGAATGTTG-1,-0.033982899130817944
CXCR3-,HC,PTC45044_CSF,GSM4104132_TTTGCGCTCAATCTCT-1,-0.29997119987097626
CXCR3-,HC,PTC45044_CSF,GSM4104132_TTTGGTTGTGATGCCC-1,0.47800459652837285
CXCR3-,HC,PTC45044_CSF,GSM4104132_TTTGGTTTCCGCATCT-1,-0.29997119987097626
CXCR3-,HC,PTC45044_CSF,GSM4104132_TTTGTCAAGACACTAA-1,-0.007715153207867896
CXCR3+,HC,PTC45044_CSF,GSM4104132_TTTGTCAAGTACGTTC-1,-0.1312625120146301
CXCR3-,HC,PTC45044_CSF,GSM4104132_TTTGTCACAATCGGTT-1,0.6572009764236711
CXCR3-,HC,PST83775_CSF,GSM4104128_AAAGCAACAAGACGTG-1,-0.08051943503140528
CXCR3-,HC,PST83775_CSF,GSM4104128_AAATGCCCAAGCGAGT-1,-0.29997119987097626
CXCR3-,HC,PST83775_CSF,GSM4104128_AACTTTCGTATGAAAC-1,-0.13133604521654882
CXCR3-,HC,PST83775_CSF,GSM4104128_AATCCAGAGCACCGCT-1,-0.0009098054934173165
CXCR3-,HC,PST83775_CSF,GSM4104128_AATCCAGCAACACCTA-1,-0.29997119987097626
CXCR3-,HC,PST83775_CSF,GSM4104128_ACACCCTTCATGTAGC-1,-0.29997119987097626
CXCR3+,HC,PST83775_CSF,GSM4104128_ACAGCCGAGAAACCGC-1,0.13764020492258028
CXCR3-,HC,PST83775_CSF,GSM4104128_ACCTTTATCACTCCTG-1,-0.11693263377159321
CXCR3+,HC,PST83775_CSF,GSM4104128_ACGAGCCCATATGCTG-1,-0.29997119987097626
CXCR3-,HC,PST83775_CSF,GSM4104128_ACGAGGAGTTTCCACC-1,-0.29997119987097626
CXCR3-,HC,PST83775_CSF,GSM4104128_ACGCCGAGTCCGCTGA-1,0.09957835664591588
CXCR3-,HC,PST83775_CSF,GSM4104128_ACGCCGAGTCGGCTCA-1,-0.29997119987097626
CXCR3-,HC,PST83775_CSF,GSM4104128_ACTGAACAGGCATTGG-1,-0.15999415148623122
CXCR3-,HC,PST83775_CSF,GSM4104128_ACTGATGAGGGTATCG-1,-0.0031373330589628784
CXCR3+,HC,PST83775_CSF,GSM4104128_ACTGTCCAGTCAATAG-1,-0.29997119987097626
CXCR3+,HC,PST83775_CSF,GSM4104128_ACTTACTTCCCTTGTG-1,-0.29997119987097626
CXCR3-,HC,PST83775_CSF,GSM4104128_ACTTTCACATATACGC-1,0.501262600171296
CXCR3-,HC,PST83775_CSF,GSM4104128_AGACGTTTCGAATGGG-1,-0.29997119987097626
CXCR3-,HC,PST83775_CSF,GSM4104128_AGATCTGTCCTACAGA-1,0.0047920028918172165
CXCR3+,HC,PST83775_CSF,GSM4104128_AGCAGCCCAAGTAGTA-1,-0.29997119987097626
CXCR3+,HC,PST83775_CSF,GSM4104128_AGCGGTCAGACAATAC-1,-0.29997119987097626
CXCR3-,HC,PST83775_CSF,GSM4104128_AGGTCATAGGCTCAGA-1,-0.29997119987097626
CXCR3-,HC,PST83775_CSF,GSM4104128_AGTGAGGCATCACGTA-1,-0.03905812846660366
CXCR3-,HC,PST83775_CSF,GSM4104128_AGTGTCACATGGTCAT-1,0.10360802735820664
CXCR3-,HC,PST83775_CSF,GSM4104128_ATAAGAGCATGACATC-1,-0.0938274296616496
CXCR3-,HC,PST83775_CSF,GSM4104128_ATCACGAAGCAGACTG-1,-0.29997119987097626
CXCR3-,HC,PST83775_CSF,GSM4104128_ATCCGAACACCGATAT-1,0.39071415346538874
CXCR3-,HC,PST83775_CSF,GSM4104128_ATCCGAATCTAACGGT-1,-0.29997119987097626
CXCR3-,HC,PST83775_CSF,GSM4104128_ATCTGCCAGCTAACTC-1,-0.1376487688912782
CXCR3-,HC,PST83775_CSF,GSM4104128_ATGCGATTCGCGGATC-1,0.5257499624569989
CXCR3-,HC,PST83775_CSF,GSM4104128_ATTGGACCACGTCAGC-1,-0.29997119987097626
CXCR3+,HC,PST83775_CSF,GSM4104128_ATTTCTGAGAGGACGG-1,-0.14606170776466548
CXCR3-,HC,PST83775_CSF,GSM4104128_CACAAACGTCAGAAGC-1,-0.29997119987097626
CXCR3-,HC,PST83775_CSF,GSM4104128_CACACAAAGAAGATTC-1,-0.1693586094030676
CXCR3-,HC,PST83775_CSF,GSM4104128_CACAGTAAGTCAATAG-1,-0.29997119987097626
CXCR3+,HC,PST83775_CSF,GSM4104128_CACATAGAGTCTCCTC-1,0.5393225519250177
CXCR3-,HC,PST83775_CSF,GSM4104128_CACTCCAAGTGTACGG-1,-0.17178925681191878
CXCR3+,HC,PST83775_CSF,GSM4104128_CAGCCGACAAGGACAC-1,-0.06685934306527844
CXCR3-,HC,PST83775_CSF,GSM4104128_CAGCTAAGTTGTGGCC-1,-0.29997119987097626
CXCR3-,HC,PST83775_CSF,GSM4104128_CAGTCCTAGGACTGGT-1,-0.29997119987097626
CXCR3+,HC,PST83775_CSF,GSM4104128_CATCAAGCACAACGCC-1,-0.29997119987097626
CXCR3-,HC,PST83775_CSF,GSM4104128_CCATGTCCATGTTGAC-1,-0.0802245511283424
CXCR3-,HC,PST83775_CSF,GSM4104128_CCCATACAGCTGCAAG-1,-0.29997119987097626
CXCR3-,HC,PST83775_CSF,GSM4104128_CCGGGATTCGTCGTTC-1,0.331498181768452
CXCR3-,HC,PST83775_CSF,GSM4104128_CCTACCAAGCGCTTAT-1,0.02333634018423203
CXCR3-,HC,PST83775_CSF,GSM4104128_CCTACCACATGAGCGA-1,-0.29997119987097626
CXCR3-,HC,PST83775_CSF,GSM4104128_CCTAGCTTCGCGATCG-1,0.7837833208984543
CXCR3-,HC,PST83775_CSF,GSM4104128_CGAATGTAGACTTGAA-1,0.06274269472990926
CXCR3-,HC,PST83775_CSF,GSM4104128_CGAATGTGTCTGCCAG-1,-0.29997119987097626
CXCR3-,HC,PST83775_CSF,GSM4104128_CGACTTCCAAACGCGA-1,0.46420522183419555
CXCR3-,HC,PST83775_CSF,GSM4104128_CGCCAAGGTCAGGACA-1,0.2510102911384993
CXCR3-,HC,PST83775_CSF,GSM4104128_CGCTGGACATCCCACT-1,-0.29997119987097626
CXCR3-,HC,PST83775_CSF,GSM4104128_CGTAGGCAGAGCAATT-1,0.11455272432376298
CXCR3-,HC,PST83775_CSF,GSM4104128_CGTCAGGAGTAGGCCA-1,-0.1291181115990808
CXCR3-,HC,PST83775_CSF,GSM4104128_CGTTGGGCATTCGACA-1,0.5744907259431553
CXCR3-,HC,PST83775_CSF,GSM4104128_CTACCCATCAACACCA-1,-0.29997119987097626
CXCR3-,HC,PST83775_CSF,GSM4104128_CTCGAAATCGTGTAGT-1,-0.034717530507452965
CXCR3-,HC,PST83775_CSF,GSM4104128_CTCGAGGGTATGGTTC-1,0.29865995954491986
CXCR3+,HC,PST83775_CSF,GSM4104128_CTCGGGAAGCGCCTCA-1,0.7178638783990413
CXCR3+,HC,PST83775_CSF,GSM4104128_CTCTGGTCAAAGCGGT-1,0.03412543259879735
CXCR3-,HC,PST83775_CSF,GSM4104128_CTGAAGTCATCTCGCT-1,-0.16039285286698846
CXCR3-,HC,PST83775_CSF,GSM4104128_CTGCCTATCTCCCTGA-1,0.32847471819933227
CXCR3+,HC,PST83775_CSF,GSM4104128_CTGCCTATCTGGTGTA-1,-0.29997119987097626
CXCR3-,HC,PST83775_CSF,GSM4104128_CTGTTTAAGTAAGTAC-1,-0.29997119987097626
CXCR3-,HC,PST83775_CSF,GSM4104128_GAAACTCGTCCGAATT-1,-0.04307163519459948
CXCR3+,HC,PST83775_CSF,GSM4104128_GAAATGAGTTCGTGAT-1,0.05197979332290047
CXCR3-,HC,PST83775_CSF,GSM4104128_GAGCAGATCATACGGT-1,-0.026421568698038172
CXCR3-,HC,PST83775_CSF,GSM4104128_GAGTCCGAGGCTAGGT-1,0.5532840598660408
CXCR3-,HC,PST83775_CSF,GSM4104128_GATCTAGAGCCGTCGT-1,-0.172779775060844
CXCR3-,HC,PST83775_CSF,GSM4104128_GATGAGGGTCTTCAAG-1,-0.0475307705708072
CXCR3-,HC,PST83775_CSF,GSM4104128_GCATACAAGCTCAACT-1,0.14188368789353195
CXCR3-,HC,PST83775_CSF,GSM4104128_GCATGCGCAAGTCTAC-1,-0.29997119987097626
CXCR3-,HC,PST83775_CSF,GSM4104128_GCCTCTACAAATTGCC-1,0.3418122165969443
CXCR3-,HC,PST83775_CSF,GSM4104128_GCGCAACGTCGTTGTA-1,0.04189628370439461
CXCR3+,HC,PST83775_CSF,GSM4104128_GCGCAGTAGCGACGTA-1,0.10150723891544791
CXCR3-,HC,PST83775_CSF,GSM4104128_GCTGCTTCATAAGACA-1,-0.29997119987097626
CXCR3-,HC,PST83775_CSF,GSM4104128_GGACATTAGACAGAGA-1,-0.29997119987097626
CXCR3-,HC,PST83775_CSF,GSM4104128_GGACATTGTCTTCTCG-1,-0.04695542600949894
CXCR3-,HC,PST83775_CSF,GSM4104128_GGATGTTAGCATGGCA-1,-0.13129929033589577
CXCR3-,HC,PST83775_CSF,GSM4104128_GGGAATGCAGATCGGA-1,-0.1315258382112811
CXCR3-,HC,PST83775_CSF,GSM4104128_GGGAGATGTTTGGGCC-1,-0.08540999100925155
CXCR3-,HC,PST83775_CSF,GSM4104128_GGGTCTGCAGTTCATG-1,0.2021001767057319
CXCR3-,HC,PST83775_CSF,GSM4104128_GTACTTTGTCTACCTC-1,-0.14149165918510936
CXCR3-,HC,PST83775_CSF,GSM4104128_GTATTCTTCTGATACG-1,0.2144328103261059
CXCR3-,HC,PST83775_CSF,GSM4104128_GTGTGCGGTCACCTAA-1,0.4315231556309268
CXCR3+,HC,PST83775_CSF,GSM4104128_GTTAAGCCAATGGACG-1,-0.1738791113534154
CXCR3-,HC,PST83775_CSF,GSM4104128_GTTTCTACATCCAACA-1,-0.12292847705430344
CXCR3-,HC,PST83775_CSF,GSM4104128_TACACGAAGATCGATA-1,-0.29997119987097626
CXCR3-,HC,PST83775_CSF,GSM4104128_TACACGAGTTAAGAAC-1,-0.143116014660083
CXCR3-,HC,PST83775_CSF,GSM4104128_TACACGATCGACGGAA-1,-0.006369807355406261
CXCR3-,HC,PST83775_CSF,GSM4104128_TACGGGCGTACTTGAC-1,0.007537297334049461
CXCR3-,HC,PST83775_CSF,GSM4104128_TACTTGTAGGCATGTG-1,-0.29997119987097626
CXCR3-,HC,PST83775_CSF,GSM4104128_TAGAGCTCAAACCCAT-1,-0.29997119987097626
CXCR3-,HC,PST83775_CSF,GSM4104128_TAGCCGGGTCTCATCC-1,-0.29997119987097626
CXCR3+,HC,PST83775_CSF,GSM4104128_TATCAGGCAATAGCGG-1,-0.1330575357377228
CXCR3-,HC,PST83775_CSF,GSM4104128_TCAATCTTCAATAAGG-1,-0.04546660858598713
CXCR3-,HC,PST83775_CSF,GSM4104128_TCGGTAAAGGATGCGT-1,0.03152379586845623
CXCR3-,HC,PST83775_CSF,GSM4104128_TCTATTGTCTGCCAGG-1,-0.29997119987097626
CXCR3+,HC,PST83775_CSF,GSM4104128_TCTCATAAGACAAGCC-1,0.09578112524741707
CXCR3-,HC,PST83775_CSF,GSM4104128_TCTGAGAGTAGCGCAA-1,0.42431147742824626
CXCR3-,HC,PST83775_CSF,GSM4104128_TGACAACCAGGGTATG-1,-0.12133005637254665
CXCR3-,HC,PST83775_CSF,GSM4104128_TGAGCATCAGACAGGT-1,0.07174716956855934
CXCR3-,HC,PST83775_CSF,GSM4104128_TGATTTCTCCATGCTC-1,0.2604494937247574
CXCR3-,HC,PST83775_CSF,GSM4104128_TGCCAAAGTCTTGATG-1,0.19471054688187564
CXCR3+,HC,PST83775_CSF,GSM4104128_TGGCTGGGTCATCGGC-1,-0.04224502172415602
CXCR3-,HC,PST83775_CSF,GSM4104128_TGGCTGGTCCATTCTA-1,-0.29997119987097626
CXCR3+,HC,PST83775_CSF,GSM4104128_TTAACTCTCCCTAATT-1,-0.29997119987097626
CXCR3-,HC,PST83775_CSF,GSM4104128_TTCGAAGCACAAGTAA-1,-0.17456355880314892
CXCR3+,HC,PST95809_CSF,GSM4104130_AAACGGGAGGCCCTTG-1,-0.06689802013185643
CXCR3-,HC,PST95809_CSF,GSM4104130_AATCCAGGTAATCGTC-1,-0.12523608238696957
CXCR3-,HC,PST95809_CSF,GSM4104130_ACACCGGAGAGTACCG-1,-0.29997119987097626
CXCR3-,HC,PST95809_CSF,GSM4104130_ACACCGGGTGATGTGG-1,-0.29997119987097626
CXCR3-,HC,PST95809_CSF,GSM4104130_ACAGCCGGTACTCTCC-1,0.6686470747966922
CXCR3+,HC,PST95809_CSF,GSM4104130_ACATACGAGCTAGCCC-1,-0.29997119987097626
CXCR3+,HC,PST95809_CSF,GSM4104130_ACATACGAGTGATCGG-1,-0.09919625786704775
CXCR3+,HC,PST95809_CSF,GSM4104130_ACATGGTAGCTGATAA-1,0.08047222106119448
CXCR3-,HC,PST95809_CSF,GSM4104130_ACGCCAGGTCAAGCGA-1,-0.0897510574610465
CXCR3+,HC,PST95809_CSF,GSM4104130_AGCGTCGCAGCGTCCA-1,-0.08075157674147235
CXCR3-,HC,PST95809_CSF,GSM4104130_AGGGAGTTCCGCATCT-1,0.6656169241502281
CXCR3+,HC,PST95809_CSF,GSM4104130_AGTGGGATCCCAACGG-1,-0.29997119987097626
CXCR3+,HC,PST95809_CSF,GSM4104130_ATCATCTCATAGTAAG-1,0.5900024867110254
CXCR3+,HC,PST95809_CSF,GSM4104130_ATCGAGTAGAGTGACC-1,-0.13995010704010613
CXCR3-,HC,PST95809_CSF,GSM4104130_ATCGAGTTCGTGACAT-1,0.2853046203331059
CXCR3+,HC,PST95809_CSF,GSM4104130_ATGGGAGAGGCCATAG-1,-0.29997119987097626
CXCR3-,HC,PST95809_CSF,GSM4104130_ATTGGACAGGGTATCG-1,0.020600857531612622
CXCR3-,HC,PST95809_CSF,GSM4104130_CAAGGCCTCCGCATAA-1,0.18580532768309518
CXCR3-,HC,PST95809_CSF,GSM4104130_CACAGGCAGAACTGTA-1,-0.29997119987097626
CXCR3-,HC,PST95809_CSF,GSM4104130_CACCTTGGTGAGGCTA-1,0.012175568256349436
CXCR3-,HC,PST95809_CSF,GSM4104130_CAGAATCCAGGGTTAG-1,0.21756143096542793
CXCR3-,HC,PST95809_CSF,GSM4104130_CATCCACGTGTGAATA-1,0.2444426798238258
CXCR3-,HC,PST95809_CSF,GSM4104130_CCAATCCGTCTCCCTA-1,-0.04042381974775603
CXCR3-,HC,PST95809_CSF,GSM4104130_CCCAATCGTTTAAGCC-1,0.21263313146154653
CXCR3+,HC,PST95809_CSF,GSM4104130_CCCAGTTCACATCCAA-1,0.16912359183644132
CXCR3-,HC,PST95809_CSF,GSM4104130_CCGTTCAGTCCGACGT-1,0.12831173810518987
CXCR3-,HC,PST95809_CSF,GSM4104130_CCTTTCTCATCACAAC-1,-0.14079538970123132
CXCR3+,HC,PST95809_CSF,GSM4104130_CGATTGAAGCACGCCT-1,-0.29997119987097626
CXCR3-,HC,PST95809_CSF,GSM4104130_CGGTTAATCCGAACGC-1,-0.29997119987097626
CXCR3-,HC,PST95809_CSF,GSM4104130_CGTCACTGTTCTGAAC-1,-0.29997119987097626
CXCR3-,HC,PST95809_CSF,GSM4104130_CGTTGGGGTCTAGAGG-1,-0.1444475167477673
CXCR3-,HC,PST95809_CSF,GSM4104130_CTAACTTTCTAACTTC-1,-0.29997119987097626
CXCR3+,HC,PST95809_CSF,GSM4104130_CTACCCATCACCATAG-1,0.39695931058627465
CXCR3-,HC,PST95809_CSF,GSM4104130_CTACCCATCGCTAGCG-1,-0.29997119987097626
CXCR3-,HC,PST95809_CSF,GSM4104130_CTCACACCACCCATGG-1,-0.29997119987097626
CXCR3-,HC,PST95809_CSF,GSM4104130_CTTTGCGCAGGATTGG-1,-0.29997119987097626
CXCR3+,HC,PST95809_CSF,GSM4104130_GAAATGAGTGCACCAC-1,-0.29997119987097626
CXCR3-,HC,PST95809_CSF,GSM4104130_GACAGAGGTGAACCTT-1,-0.29997119987097626
CXCR3-,HC,PST95809_CSF,GSM4104130_GACGGCTGTGACCAAG-1,-0.29997119987097626
CXCR3-,HC,PST95809_CSF,GSM4104130_GACGTTACAGATGGGT-1,0.25975837182821
CXCR3-,HC,PST95809_CSF,GSM4104130_GGAATAACAGCTGTAT-1,-0.29997119987097626
CXCR3-,HC,PST95809_CSF,GSM4104130_GGACATTAGCTAGTTC-1,-0.011307000608033167
CXCR3+,HC,PST95809_CSF,GSM4104130_GGATGTTCATGCCTTC-1,0.35807949959396296
CXCR3+,HC,PST95809_CSF,GSM4104130_GGCCGATGTTGTGGCC-1,-0.13382567268731296
CXCR3-,HC,PST95809_CSF,GSM4104130_GGCTCGATCAGTTGAC-1,0.3640488983622677
CXCR3-,HC,PST95809_CSF,GSM4104130_GGGTCTGAGTTACCCA-1,0.3010019105113256
CXCR3-,HC,PST95809_CSF,GSM4104130_GGTATTGAGCAGATCG-1,-0.047018465488381685
CXCR3+,HC,PST95809_CSF,GSM4104130_GGTATTGAGCTTCGCG-1,0.051326611828111754
CXCR3+,HC,PST95809_CSF,GSM4104130_GGTGAAGGTTTGGGCC-1,0.5841052993230216
CXCR3+,HC,PST95809_CSF,GSM4104130_GTATCTTTCTTCTGGC-1,-0.29997119987097626
CXCR3-,HC,PST95809_CSF,GSM4104130_GTCATTTGTCAACATC-1,0.041207562600278025
CXCR3+,HC,PST95809_CSF,GSM4104130_GTGTGCGTCACTGGGC-1,-0.29997119987097626
CXCR3-,HC,PST95809_CSF,GSM4104130_GTTCATTGTCTCCACT-1,-0.29997119987097626
CXCR3+,HC,PST95809_CSF,GSM4104130_TACGGGCCAGGTTTCA-1,-0.29997119987097626
CXCR3-,HC,PST95809_CSF,GSM4104130_TACGGGCCATTCGACA-1,-0.07751733110965862
CXCR3+,HC,PST95809_CSF,GSM4104130_TACTCATGTGCACTTA-1,-0.13550516914388747
CXCR3-,HC,PST95809_CSF,GSM4104130_TACTTGTCATGCCTAA-1,-0.29997119987097626
CXCR3-,HC,PST95809_CSF,GSM4104130_TCAACGAAGTAGGCCA-1,-0.29997119987097626
CXCR3-,HC,PST95809_CSF,GSM4104130_TCAGCAACACAGGAGT-1,-0.06121339383852791
CXCR3+,HC,PST95809_CSF,GSM4104130_TCAGCTCTCCGTAGGC-1,-0.29997119987097626
CXCR3-,HC,PST95809_CSF,GSM4104130_TCAGGATGTCTTCAAG-1,0.15757491407650318
CXCR3+,HC,PST95809_CSF,GSM4104130_TCATTACTCTCCAGGG-1,-0.29997119987097626
CXCR3-,HC,PST95809_CSF,GSM4104130_TCCACACTCGGAGCAA-1,-0.29997119987097626
CXCR3+,HC,PST95809_CSF,GSM4104130_TCCCGATCAGCTCCGA-1,0.13827493822822537
CXCR3-,HC,PST95809_CSF,GSM4104130_TCGCGTTGTTGGAGGT-1,-0.10456657254960566
CXCR3+,HC,PST95809_CSF,GSM4104130_TCTATTGTCTTTCCTC-1,-0.29997119987097626
CXCR3+,HC,PST95809_CSF,GSM4104130_TCTGGAAAGAGTAATC-1,-0.29997119987097626
CXCR3+,HC,PST95809_CSF,GSM4104130_TGCGTGGCAGGGTTAG-1,-0.29997119987097626
CXCR3-,HC,PST95809_CSF,GSM4104130_TTGAACGCAGATCGGA-1,-0.29997119987097626
CXCR3-,HC,PST95809_CSF,GSM4104130_TTGAACGGTTGCGTTA-1,0.5828645461250564
CXCR3+,HC,PST95809_CSF,GSM4104130_TTTCCTCAGCTATGCT-1,0.37740905039964495
CXCR3-,HC,PTC32190_CSF,GSM4104129_AAACGGGTCCCTTGCA-1,-0.023096595624772072
CXCR3-,HC,PTC32190_CSF,GSM4104129_AAAGCAACACGAAGCA-1,0.26016966270520386
CXCR3-,HC,PTC32190_CSF,GSM4104129_AAAGTAGGTTACGTCA-1,-0.29997119987097626
CXCR3+,HC,PTC32190_CSF,GSM4104129_AACACGTAGACTAGAT-1,0.6152566224583106
CXCR3+,HC,PTC32190_CSF,GSM4104129_AACACGTAGCCACGTC-1,-0.011798775051176201
CXCR3+,HC,PTC32190_CSF,GSM4104129_AACTCAGTCTAACTGG-1,-0.021041013220309858
CXCR3-,HC,PTC32190_CSF,GSM4104129_AACTCTTGTTGATTCG-1,-0.29997119987097626
CXCR3-,HC,PTC32190_CSF,GSM4104129_AAGACCTAGCTTTGGT-1,-0.29997119987097626
CXCR3-,HC,PTC32190_CSF,GSM4104129_AATCGGTTCCTAAGTG-1,-0.29997119987097626
CXCR3-,HC,PTC32190_CSF,GSM4104129_ACACCCTCATAGACTC-1,-0.16136907709825415
CXCR3-,HC,PTC32190_CSF,GSM4104129_ACAGCCGTCCGTAGGC-1,-0.20643282390207826
CXCR3-,HC,PTC32190_CSF,GSM4104129_ACAGCTAGTCAGCTAT-1,0.17796685585416458
CXCR3-,HC,PTC32190_CSF,GSM4104129_ACCAGTAAGCTGAAAT-1,-0.13236392323210414
CXCR3+,HC,PTC32190_CSF,GSM4104129_ACCGTAAGTAAGTGGC-1,-0.29997119987097626
CXCR3+,HC,PTC32190_CSF,GSM4104129_ACCGTAAGTGCTGTAT-1,-0.29997119987097626
CXCR3-,HC,PTC32190_CSF,GSM4104129_ACGAGCCAGTCCCACG-1,-0.29997119987097626
CXCR3-,HC,PTC32190_CSF,GSM4104129_ACGATACGTCTAGCCG-1,0.038888620140750466
CXCR3-,HC,PTC32190_CSF,GSM4104129_ACGATGTCAATCGGTT-1,0.11504061717091071
CXCR3-,HC,PTC32190_CSF,GSM4104129_ACGGAGATCTACTATC-1,-0.06631745420825301
CXCR3-,HC,PTC32190_CSF,GSM4104129_ACGGCCATCTTCGAGA-1,0.09106392538575422
CXCR3-,HC,PTC32190_CSF,GSM4104129_ACGGGTCTCACCTCGT-1,-0.29997119987097626
CXCR3-,HC,PTC32190_CSF,GSM4104129_ACTGATGCACATTTCT-1,0.38879336701407824
CXCR3-,HC,PTC32190_CSF,GSM4104129_ACTGCTCCAACTGCTA-1,-0.29997119987097626
CXCR3-,HC,PTC32190_CSF,GSM4104129_ACTGTCCAGCATGGCA-1,0.19578364688845218
CXCR3+,HC,PTC32190_CSF,GSM4104129_ACTGTCCGTAATCGTC-1,-0.18596257637639102
CXCR3-,HC,PTC32190_CSF,GSM4104129_AGAATAGTCAACCATG-1,-0.14341322315469698
CXCR3-,HC,PTC32190_CSF,GSM4104129_AGACGTTTCGACAGCC-1,-0.13133604521654882
CXCR3-,HC,PTC32190_CSF,GSM4104129_AGCGTATCAGGACCCT-1,-0.29997119987097626
CXCR3-,HC,PTC32190_CSF,GSM4104129_AGCTCTCAGAAGGACA-1,-0.15005067875619696
CXCR3-,HC,PTC32190_CSF,GSM4104129_AGCTTGAGTACCGTTA-1,-0.08439969929313504
CXCR3-,HC,PTC32190_CSF,GSM4104129_AGGCCACAGAGGGCTT-1,-0.29997119987097626
CXCR3-,HC,PTC32190_CSF,GSM4104129_AGGCCACGTGACAAAT-1,-0.29997119987097626
CXCR3-,HC,PTC32190_CSF,GSM4104129_AGGTCATAGTGAAGAG-1,-0.29997119987097626
CXCR3-,HC,PTC32190_CSF,GSM4104129_AGTAGTCAGCCCAGCT-1,-0.15918873203518652
CXCR3-,HC,PTC32190_CSF,GSM4104129_AGTGAGGCAGATCTGT-1,-0.29997119987097626
CXCR3-,HC,PTC32190_CSF,GSM4104129_AGTGGGAGTACTTCTT-1,-0.29997119987097626
CXCR3-,HC,PTC32190_CSF,GSM4104129_AGTTGGTGTAAGGGCT-1,-0.1738643018868476
CXCR3-,HC,PTC32190_CSF,GSM4104129_ATCATGGCAGATTGCT-1,-0.02151750712312087
CXCR3-,HC,PTC32190_CSF,GSM4104129_ATCCACCAGATAGGAG-1,-0.15999415148623122
CXCR3-,HC,PTC32190_CSF,GSM4104129_ATCGAGTAGCTCCTTC-1,-0.29997119987097626
CXCR3-,HC,PTC32190_CSF,GSM4104129_ATTACTCGTCAAACTC-1,0.7214981533660249
CXCR3-,HC,PTC32190_CSF,GSM4104129_CAACCAAAGACTAGGC-1,-0.29997119987097626
CXCR3-,HC,PTC32190_CSF,GSM4104129_CAACCTCCACACCGAC-1,-0.10463485993154785
CXCR3-,HC,PTC32190_CSF,GSM4104129_CAAGATCCAAGTTCTG-1,-0.29997119987097626
CXCR3+,HC,PTC32190_CSF,GSM4104129_CAAGTTGAGAACTCGG-1,0.020631854467772826
CXCR3-,HC,PTC32190_CSF,GSM4104129_CAAGTTGAGGCATTGG-1,0.15494268992032542
CXCR3-,HC,PTC32190_CSF,GSM4104129_CACACTCAGTGGTAGC-1,-0.13532755172756247
CXCR3+,HC,PTC32190_CSF,GSM4104129_CACACTCGTCCGAACC-1,-0.29997119987097626
CXCR3-,HC,PTC32190_CSF,GSM4104129_CACACTCTCGCCAGCA-1,-0.29997119987097626
CXCR3+,HC,PTC32190_CSF,GSM4104129_CACATAGAGCACAGGT-1,-0.07044464730249483
CXCR3-,HC,PTC32190_CSF,GSM4104129_CAGAGAGCAAGCCTAT-1,-0.29997119987097626
CXCR3-,HC,PTC32190_CSF,GSM4104129_CAGAGAGGTCCGAGTC-1,-0.29997119987097626
CXCR3-,HC,PTC32190_CSF,GSM4104129_CAGCAGCGTACAGACG-1,-0.29997119987097626
CXCR3+,HC,PTC32190_CSF,GSM4104129_CAGCAGCGTGTTCTTT-1,-0.04987925197285366
CXCR3+,HC,PTC32190_CSF,GSM4104129_CAGCATAGTCTTCTCG-1,0.1188771024135201
CXCR3-,HC,PTC32190_CSF,GSM4104129_CAGCATATCTTAACCT-1,-0.29997119987097626
CXCR3-,HC,PTC32190_CSF,GSM4104129_CAGCCGAGTTCCACAA-1,-0.12741239660447673
CXCR3-,HC,PTC32190_CSF,GSM4104129_CAGCTGGTCAACACAC-1,-0.29997119987097626
CXCR3-,HC,PTC32190_CSF,GSM4104129_CAGTAACAGGAGTCTG-1,-0.13235734098989838
CXCR3-,HC,PTC32190_CSF,GSM4104129_CATCAAGGTTTGTGTG-1,-0.29997119987097626
CXCR3+,HC,PTC32190_CSF,GSM4104129_CATCGGGAGCGTCTAT-1,-0.29997119987097626
CXCR3-,HC,PTC32190_CSF,GSM4104129_CATCGGGTCGGAATCT-1,0.022212492880659993
CXCR3-,HC,PTC32190_CSF,GSM4104129_CATTATCGTTGGTAAA-1,0.3872432194814145
CXCR3+,HC,PTC32190_CSF,GSM4104129_CATTCGCAGTGTGAAT-1,0.04627357399611314
CXCR3-,HC,PTC32190_CSF,GSM4104129_CCAATCCTCAACCATG-1,-0.14068947084467107
CXCR3-,HC,PTC32190_CSF,GSM4104129_CCATTCGCAACTGCTA-1,-0.005111032637524929
CXCR3-,HC,PTC32190_CSF,GSM4104129_CCCAATCCAGAAGCAC-1,-0.29997119987097626
CXCR3-,HC,PTC32190_CSF,GSM4104129_CCCAGTTCACGCATCG-1,0.32210697415932193
CXCR3-,HC,PTC32190_CSF,GSM4104129_CCCATACAGTGGGTTG-1,-0.29997119987097626
CXCR3-,HC,PTC32190_CSF,GSM4104129_CCCTCCTGTGTGAAAT-1,-0.09307474187053091
CXCR3-,HC,PTC32190_CSF,GSM4104129_CCGTGGAAGCAGCGTA-1,0.366349466824103
CXCR3-,HC,PTC32190_CSF,GSM4104129_CCGTGGATCCCAAGAT-1,-0.29997119987097626
CXCR3-,HC,PTC32190_CSF,GSM4104129_CCGTTCAAGTATCTCG-1,-0.15346330084411924
CXCR3-,HC,PTC32190_CSF,GSM4104129_CCTCTGAAGAGGGATA-1,-0.29997119987097626
CXCR3-,HC,PTC32190_CSF,GSM4104129_CCTTCGAAGTTAACGA-1,-0.1336482848210295
CXCR3+,HC,PTC32190_CSF,GSM4104129_CGACCTTAGAATTGTG-1,-0.10587851692996793
CXCR3+,HC,PTC32190_CSF,GSM4104129_CGAGAAGAGGTCATCT-1,-0.29997119987097626
CXCR3-,HC,PTC32190_CSF,GSM4104129_CGAGAAGGTAAAGTCA-1,0.4244947224132991
CXCR3-,HC,PTC32190_CSF,GSM4104129_CGAGAAGTCAGCTGGC-1,-0.29997119987097626
CXCR3-,HC,PTC32190_CSF,GSM4104129_CGAGCACAGCTCCCAG-1,0.03173441380722587
CXCR3-,HC,PTC32190_CSF,GSM4104129_CGAGCACTCAGCATGT-1,-0.29997119987097626
CXCR3-,HC,PTC32190_CSF,GSM4104129_CGAGCCATCTACTATC-1,-0.29997119987097626
CXCR3+,HC,PTC32190_CSF,GSM4104129_CGATCGGGTCATATCG-1,-0.07083779551368392
CXCR3+,HC,PTC32190_CSF,GSM4104129_CGATGGCTCTAACTCT-1,-0.29997119987097626
CXCR3-,HC,PTC32190_CSF,GSM4104129_CGGACGTAGCTGATAA-1,-0.29997119987097626
CXCR3-,HC,PTC32190_CSF,GSM4104129_CGGACGTGTTATCGGT-1,-0.03778545257823966
CXCR3-,HC,PTC32190_CSF,GSM4104129_CGGACTGGTCTAGCCG-1,-0.1924674753132909
CXCR3-,HC,PTC32190_CSF,GSM4104129_CGGGTCAAGACTAAGT-1,-0.29997119987097626
CXCR3-,HC,PTC32190_CSF,GSM4104129_CGGTTAAGTGTGACGA-1,-0.29997119987097626
CXCR3-,HC,PTC32190_CSF,GSM4104129_CGGTTAATCGGTTAAC-1,0.18488009701787744
CXCR3-,HC,PTC32190_CSF,GSM4104129_CGTCAGGCATGCCCGA-1,0.583526884805237
CXCR3-,HC,PTC32190_CSF,GSM4104129_CGTGTAACAGCTGTTA-1,-0.29997119987097626
CXCR3-,HC,PTC32190_CSF,GSM4104129_CGTGTAATCTAACTCT-1,0.08771032729163857
CXCR3-,HC,PTC32190_CSF,GSM4104129_CGTTGGGAGGGCTTCC-1,-0.29997119987097626
CXCR3-,HC,PTC32190_CSF,GSM4104129_CTAATGGCAGATAATG-1,0.0006200135569236169
CXCR3-,HC,PTC32190_CSF,GSM4104129_CTAATGGCAGCAGTTT-1,0.059933120568627034
CXCR3-,HC,PTC32190_CSF,GSM4104129_CTACACCAGCAGCCTC-1,-0.29997119987097626
CXCR3+,HC,PTC32190_CSF,GSM4104129_CTACACCAGCCTTGAT-1,-0.0140579916389518
CXCR3-,HC,PTC32190_CSF,GSM4104129_CTACCCACATCAGTCA-1,0.14903199020443036
CXCR3-,HC,PTC32190_CSF,GSM4104129_CTACGTCTCCAGTAGT-1,-0.06361639392502473
CXCR3-,HC,PTC32190_CSF,GSM4104129_CTACGTCTCCGGCACA-1,-0.29997119987097626
CXCR3-,HC,PTC32190_CSF,GSM4104129_CTACGTCTCGGCTACG-1,-0.29997119987097626
CXCR3-,HC,PTC32190_CSF,GSM4104129_CTAGAGTTCCTTGCCA-1,-0.03481775256329815
CXCR3-,HC,PTC32190_CSF,GSM4104129_CTAGTGAGTATCGCAT-1,-0.1424623886041298
CXCR3-,HC,PTC32190_CSF,GSM4104129_CTCGAGGTCCGAGCCA-1,-0.0053812054739539
CXCR3-,HC,PTC32190_CSF,GSM4104129_CTGGTCTCATATGCTG-1,-0.06324939175494373
CXCR3-,HC,PTC32190_CSF,GSM4104129_CTGTTTACACTGTGTA-1,-0.29997119987097626
CXCR3+,HC,PTC32190_CSF,GSM4104129_CTTACCGAGACCTAGG-1,0.11030054330183645
CXCR3-,HC,PTC32190_CSF,GSM4104129_CTTACCGTCCATGCTC-1,-0.29997119987097626
CXCR3-,HC,PTC32190_CSF,GSM4104129_GAACATCCAGATCTGT-1,-0.16088175372526667
CXCR3-,HC,PTC32190_CSF,GSM4104129_GAACGGAGTTGCCTCT-1,-0.29997119987097626
CXCR3-,HC,PTC32190_CSF,GSM4104129_GACGCGTCACATTCGA-1,-0.29997119987097626
CXCR3-,HC,PTC32190_CSF,GSM4104129_GACGGCTTCTGGGCCA-1,-0.0875028009742278
CXCR3-,HC,PTC32190_CSF,GSM4104129_GACGTGCCAGAAGCAC-1,-0.14220624256815037
CXCR3-,HC,PTC32190_CSF,GSM4104129_GACTACAGTTTGGGCC-1,0.25355948224374086
CXCR3-,HC,PTC32190_CSF,GSM4104129_GACTACATCCCGACTT-1,-0.055642996586499814
CXCR3-,HC,PTC32190_CSF,GSM4104129_GACTGCGAGTTTAGGA-1,-0.0023420417547728484
CXCR3-,HC,PTC32190_CSF,GSM4104129_GACTGCGCAGCTATTG-1,-0.061365044173475096
CXCR3-,HC,PTC32190_CSF,GSM4104129_GACTGCGGTATAGGGC-1,-0.29997119987097626
CXCR3-,HC,PTC32190_CSF,GSM4104129_GATGAAAAGATAGTCA-1,-0.29997119987097626
CXCR3-,HC,PTC32190_CSF,GSM4104129_GCAAACTAGTACACCT-1,0.13389909392226482
CXCR3+,HC,PTC32190_CSF,GSM4104129_GCACATACATCAGTAC-1,-0.29997119987097626
CXCR3-,HC,PTC32190_CSF,GSM4104129_GCACTCTGTTGATTGC-1,-0.29997119987097626
CXCR3-,HC,PTC32190_CSF,GSM4104129_GCATACACAGCTGTGC-1,0.024249414954324994
CXCR3-,HC,PTC32190_CSF,GSM4104129_GCATGCGTCAGAGCTT-1,0.4493629504556704
CXCR3+,HC,PTC32190_CSF,GSM4104129_GCCAAATGTAGTAGTA-1,-0.11567228777573883
CXCR3-,HC,PTC32190_CSF,GSM4104129_GCGAGAAGTCCTCTTG-1,-0.29997119987097626
CXCR3-,HC,PTC32190_CSF,GSM4104129_GCGCCAAAGTGTACTC-1,-0.29997119987097626
CXCR3-,HC,PTC32190_CSF,GSM4104129_GCGCGATAGTCGATAA-1,-0.01129623329147096
CXCR3-,HC,PTC32190_CSF,GSM4104129_GCTGCGAGTCTAAACC-1,-0.29997119987097626
CXCR3-,HC,PTC32190_CSF,GSM4104129_GCTGCGAGTTTACTCT-1,0.2413103275234412
CXCR3-,HC,PTC32190_CSF,GSM4104129_GCTGCTTCAAGCCGTC-1,-0.29997119987097626
CXCR3-,HC,PTC32190_CSF,GSM4104129_GGAACTTTCTGCGGCA-1,-0.29997119987097626
CXCR3-,HC,PTC32190_CSF,GSM4104129_GGAATAACAGTAAGCG-1,-0.29997119987097626
CXCR3-,HC,PTC32190_CSF,GSM4104129_GGAATAATCGACCAGC-1,-0.16193889019537547
CXCR3-,HC,PTC32190_CSF,GSM4104129_GGACATTCAGCCACCA-1,0.0025343509921828228
CXCR3-,HC,PTC32190_CSF,GSM4104129_GGACATTGTCAACATC-1,0.14583376137662807
CXCR3-,HC,PTC32190_CSF,GSM4104129_GGATTACGTGCATCTA-1,-0.11627928255687445
CXCR3-,HC,PTC32190_CSF,GSM4104129_GGCGACTAGCTATGCT-1,-0.14731141026408462
CXCR3+,HC,PTC32190_CSF,GSM4104129_GGCTCGACAGACTCGC-1,-0.29997119987097626
CXCR3-,HC,PTC32190_CSF,GSM4104129_GGCTGGTAGAGGGATA-1,-0.06918342265123188
CXCR3-,HC,PTC32190_CSF,GSM4104129_GGGACCTAGATGTGTA-1,0.04803461213020958
CXCR3-,HC,PTC32190_CSF,GSM4104129_GGGACCTCAATCCAAC-1,0.08973898668977362
CXCR3-,HC,PTC32190_CSF,GSM4104129_GGGTCTGCATGTCTCC-1,1.2639009317870022
CXCR3-,HC,PTC32190_CSF,GSM4104129_GGGTCTGGTTATGCGT-1,-0.09461361809174987
CXCR3+,HC,PTC32190_CSF,GSM4104129_GGGTTGCCATGCTGGC-1,0.03511588291931537
CXCR3-,HC,PTC32190_CSF,GSM4104129_GGGTTGCTCGGAGGTA-1,-0.16752025243403004
CXCR3-,HC,PTC32190_CSF,GSM4104129_GGTGCGTCAAGTCATC-1,-0.07654983660325734
CXCR3-,HC,PTC32190_CSF,GSM4104129_GGTGTTAGTTCTGTTT-1,-0.06743045377225254
CXCR3-,HC,PTC32190_CSF,GSM4104129_GTAACTGGTCAAAGCG-1,0.17594056338895564
CXCR3-,HC,PTC32190_CSF,GSM4104129_GTAGTCATCGCCAAAT-1,-0.29997119987097626
CXCR3-,HC,PTC32190_CSF,GSM4104129_GTATTCTGTAGCCTCG-1,-0.043873310187514
CXCR3+,HC,PTC32190_CSF,GSM4104129_GTCACGGGTAGAGCTG-1,-0.16615814187289044
CXCR3-,HC,PTC32190_CSF,GSM4104129_GTCATTTGTCTCGTTC-1,0.16644462677874908
CXCR3-,HC,PTC32190_CSF,GSM4104129_GTGCATACAAGTAGTA-1,0.08141179332739379
CXCR3-,HC,PTC32190_CSF,GSM4104129_GTGCTTCAGAGAGCTC-1,-0.050320486860102064
CXCR3+,HC,PTC32190_CSF,GSM4104129_GTTACAGCACATCCAA-1,-0.17360443925488364
CXCR3-,HC,PTC32190_CSF,GSM4104129_GTTACAGGTACCATCA-1,-0.29997119987097626
CXCR3-,HC,PTC32190_CSF,GSM4104129_TAAGAGACACGAAATA-1,-0.06929635468475603
CXCR3-,HC,PTC32190_CSF,GSM4104129_TAAGAGACAGTATGCT-1,0.7450566592741569
CXCR3+,HC,PTC32190_CSF,GSM4104129_TACCTTACAACAACCT-1,-0.29997119987097626
CXCR3-,HC,PTC32190_CSF,GSM4104129_TACCTTACAGTGACAG-1,0.3131635109257137
CXCR3+,HC,PTC32190_CSF,GSM4104129_TACCTTAGTCCAAGTT-1,-0.16700015212029953
CXCR3+,HC,PTC32190_CSF,GSM4104129_TACCTTATCACGAAGG-1,-0.29997119987097626
CXCR3-,HC,PTC32190_CSF,GSM4104129_TACTCATAGGCCCGTT-1,-0.29997119987097626
CXCR3-,HC,PTC32190_CSF,GSM4104129_TAGAGCTGTCTCCATC-1,-0.0015953376017193868
CXCR3-,HC,PTC32190_CSF,GSM4104129_TAGTTGGAGCCAGTTT-1,-0.08553835049377374
CXCR3-,HC,PTC32190_CSF,GSM4104129_TCAATCTAGCGCCTCA-1,-0.061418195644810256
CXCR3-,HC,PTC32190_CSF,GSM4104129_TCAGCAAAGGACACCA-1,-0.29997119987097626
CXCR3+,HC,PTC32190_CSF,GSM4104129_TCAGCTCTCACTTCAT-1,-0.05499874853163628
CXCR3-,HC,PTC32190_CSF,GSM4104129_TCAGGATAGCGTCTAT-1,0.04435937271950006
CXCR3-,HC,PTC32190_CSF,GSM4104129_TCAGGTATCATCGATG-1,-0.16004119679584258
CXCR3-,HC,PTC32190_CSF,GSM4104129_TCATTACTCACAACGT-1,-0.29997119987097626
CXCR3-,HC,PTC32190_CSF,GSM4104129_TCATTTGAGTTGTCGT-1,-0.11841809466000627
CXCR3-,HC,PTC32190_CSF,GSM4104129_TCATTTGGTCTAGTCA-1,-0.29997119987097626
CXCR3-,HC,PTC32190_CSF,GSM4104129_TCCACACGTAGGCTGA-1,-0.29997119987097626
CXCR3-,HC,PTC32190_CSF,GSM4104129_TCCCGATGTCTCAACA-1,0.3814757798698058
CXCR3-,HC,PTC32190_CSF,GSM4104129_TCGAGGCCATTAGCCA-1,-0.29997119987097626
CXCR3-,HC,PTC32190_CSF,GSM4104129_TCTATTGGTCTCTTAT-1,0.06875595415807187
CXCR3-,HC,PTC32190_CSF,GSM4104129_TCTGGAACAATGTTGC-1,0.26893252510835425
CXCR3-,HC,PTC32190_CSF,GSM4104129_TGAGCCGTCCCAACGG-1,0.2378594235229028
CXCR3-,HC,PTC32190_CSF,GSM4104129_TGATTTCTCGTTTAGG-1,0.10230552653504277
CXCR3-,HC,PTC32190_CSF,GSM4104129_TGCACCTCAATGCCAT-1,-0.29997119987097626
CXCR3+,HC,PTC32190_CSF,GSM4104129_TGCTACCGTGTAATGA-1,-0.29997119987097626
CXCR3-,HC,PTC32190_CSF,GSM4104129_TGCTGCTAGAAGCCCA-1,-0.07693138233730171
CXCR3-,HC,PTC32190_CSF,GSM4104129_TGCTGCTAGTGGAGAA-1,-0.29997119987097626
CXCR3+,HC,PTC32190_CSF,GSM4104129_TGGCCAGCATCACGTA-1,0.22989594270587316
CXCR3-,HC,PTC32190_CSF,GSM4104129_TGGCTGGCAAGTTGTC-1,-0.1317119962133399
CXCR3-,HC,PTC32190_CSF,GSM4104129_TGGTTCCGTTAAGAAC-1,-0.29997119987097626
CXCR3-,HC,PTC32190_CSF,GSM4104129_TGTGTTTAGGAGTCTG-1,-0.29997119987097626
CXCR3+,HC,PTC32190_CSF,GSM4104129_TGTTCCGCAAGAAGAG-1,-0.09123155363543486
CXCR3-,HC,PTC32190_CSF,GSM4104129_TGTTCCGTCGCTAGCG-1,-0.016106883734177603
CXCR3-,HC,PTC32190_CSF,GSM4104129_TTCCCAGCATCCCATC-1,-0.19359602360987258
CXCR3-,HC,PTC32190_CSF,GSM4104129_TTCGAAGGTAGAGCTG-1,0.13316401820403767
CXCR3-,HC,PTC32190_CSF,GSM4104129_TTCGGTCAGCAATATG-1,-0.29997119987097626
CXCR3-,HC,PTC32190_CSF,GSM4104129_TTCTCAATCTGTCCGT-1,-0.29997119987097626
CXCR3-,HC,PTC32190_CSF,GSM4104129_TTGCCGTTCGTTTGCC-1,0.29008118852587145
CXCR3-,HC,PTC32190_CSF,GSM4104129_TTGGAACCAAACAACA-1,-0.29997119987097626
CXCR3-,HC,PTC32190_CSF,GSM4104129_TTGGCAACAGACTCGC-1,-0.29997119987097626
CXCR3-,HC,PTC32190_CSF,GSM4104129_TTGGCAAGTATTCGTG-1,-0.08968973751141959
CXCR3-,HC,PTC32190_CSF,GSM4104129_TTGTAGGAGGGTTCCC-1,-0.29997119987097626
CXCR3+,HC,PTC41540_CSF,GSM4104131_AAACGGGCACTTAAGC-1,-0.15766737767193195
CXCR3-,HC,PTC41540_CSF,GSM4104131_AAAGATGCATACCATG-1,1.1397995051437089
CXCR3-,HC,PTC41540_CSF,GSM4104131_AACCGCGCATTTGCTT-1,-0.29997119987097626
CXCR3+,HC,PTC41540_CSF,GSM4104131_AACTCAGCACCACGTG-1,-0.29997119987097626
CXCR3-,HC,PTC41540_CSF,GSM4104131_ACACCGGTCACATAGC-1,0.16614338848170165
CXCR3-,HC,PTC41540_CSF,GSM4104131_ACGAGGACAAAGTCAA-1,-0.29997119987097626
CXCR3-,HC,PTC41540_CSF,GSM4104131_ACGATGTTCACCAGGC-1,-9.787854776731133e-05
CXCR3-,HC,PTC41540_CSF,GSM4104131_ACGGAGACAGGGTATG-1,-0.16547565671494832
CXCR3+,HC,PTC41540_CSF,GSM4104131_ACGGAGAGTGCTGTAT-1,-0.29997119987097626
CXCR3+,HC,PTC41540_CSF,GSM4104131_ACGTCAAGTCGGCTCA-1,-0.29997119987097626
CXCR3-,HC,PTC41540_CSF,GSM4104131_ACTTTCAGTGCAACGA-1,0.06773364360453382
CXCR3-,HC,PTC41540_CSF,GSM4104131_AGATTGCCAAGCGATG-1,-0.04903611276400938
CXCR3+,HC,PTC41540_CSF,GSM4104131_AGTTGGTCACATGGGA-1,0.030896380437618727
CXCR3-,HC,PTC41540_CSF,GSM4104131_CACACTCGTCCTAGCG-1,-0.29997119987097626
CXCR3-,HC,PTC41540_CSF,GSM4104131_CACATAGCACCTATCC-1,0.21533782269839888
CXCR3-,HC,PTC41540_CSF,GSM4104131_CACATTTGTACAGTTC-1,-0.29997119987097626
CXCR3-,HC,PTC41540_CSF,GSM4104131_CAGATCACACTCGACG-1,0.3528988679322921
CXCR3-,HC,PTC41540_CSF,GSM4104131_CATCGAAGTAATAGCA-1,-0.1951797651637254
CXCR3-,HC,PTC41540_CSF,GSM4104131_CATTATCGTAGAGTGC-1,0.05426165519247613
CXCR3-,HC,PTC41540_CSF,GSM4104131_CCACCTACACGACGAA-1,-0.29997119987097626
CXCR3-,HC,PTC41540_CSF,GSM4104131_CCATTCGAGTCGTACT-1,-0.29997119987097626
CXCR3+,HC,PTC41540_CSF,GSM4104131_CCCTCCTGTTGCGTTA-1,0.3256660772843251
CXCR3-,HC,PTC41540_CSF,GSM4104131_CCGTACTAGTAGCGGT-1,-0.29997119987097626
CXCR3-,HC,PTC41540_CSF,GSM4104131_CCTAAAGCAGGGCATA-1,-0.29997119987097626
CXCR3-,HC,PTC41540_CSF,GSM4104131_CCTCTGAGTATGAAAC-1,-0.29997119987097626
CXCR3+,HC,PTC41540_CSF,GSM4104131_CCTTTCTAGGGAACGG-1,0.01608884706921005
CXCR3-,HC,PTC41540_CSF,GSM4104131_CGACTTCTCCGCAAGC-1,-0.14091287160364027
CXCR3-,HC,PTC41540_CSF,GSM4104131_CGAGCCAAGGGAAACA-1,0.12524621884937262
CXCR3-,HC,PTC41540_CSF,GSM4104131_CGGGTCATCAGCACAT-1,-0.1851737645994169
CXCR3-,HC,PTC41540_CSF,GSM4104131_CGTAGCGAGTACGACG-1,-0.16006470773034193
CXCR3-,HC,PTC41540_CSF,GSM4104131_CGTTAGATCCTCGCAT-1,0.5056711756938659
CXCR3-,HC,PTC41540_CSF,GSM4104131_CGTTGGGAGTCTCAAC-1,-0.29997119987097626
CXCR3+,HC,PTC41540_CSF,GSM4104131_CTACCCACATTACCTT-1,-0.29997119987097626
CXCR3-,HC,PTC41540_CSF,GSM4104131_CTCAGAATCTTCATGT-1,0.34757896041613545
CXCR3-,HC,PTC41540_CSF,GSM4104131_CTGATAGCACGAAGCA-1,-0.060685687935628285
CXCR3-,HC,PTC41540_CSF,GSM4104131_CTGCGGACACCACGTG-1,-0.29997119987097626
CXCR3-,HC,PTC41540_CSF,GSM4104131_CTTAACTCATCACCCT-1,-0.14867047831085942
CXCR3-,HC,PTC41540_CSF,GSM4104131_CTTACCGTCACGAAGG-1,-0.29997119987097626
CXCR3-,HC,PTC41540_CSF,GSM4104131_GAACGGATCAACGAAA-1,-0.29997119987097626
CXCR3-,HC,PTC41540_CSF,GSM4104131_GAATAAGAGCGATAGC-1,-0.054671419174250176
CXCR3-,HC,PTC41540_CSF,GSM4104131_GACACGCCACATGACT-1,0.11759560365271186
CXCR3+,HC,PTC41540_CSF,GSM4104131_GACGTTACATTCTCAT-1,-0.05562041677629966
CXCR3-,HC,PTC41540_CSF,GSM4104131_GCGCAACGTGCTCTTC-1,-0.06053070943537816
CXCR3-,HC,PTC41540_CSF,GSM4104131_GGATTACTCTAACCGA-1,-0.0745349266388587
CXCR3+,HC,PTC41540_CSF,GSM4104131_GGCCGATCAGCTGTGC-1,0.35530548694542724
CXCR3-,HC,PTC41540_CSF,GSM4104131_GGCCGATGTGGTGTAG-1,0.01713801230589875
CXCR3-,HC,PTC41540_CSF,GSM4104131_GGGTCTGAGAAACCGC-1,-0.1286759224495922
CXCR3+,HC,PTC41540_CSF,GSM4104131_GGTGTTAGTCGTTGTA-1,0.028408614364506844
CXCR3-,HC,PTC41540_CSF,GSM4104131_GTACGTAGTCTGATTG-1,-0.0691171464969141
CXCR3-,HC,PTC41540_CSF,GSM4104131_GTACTTTGTCTCCACT-1,0.12181196322589945
CXCR3+,HC,PTC41540_CSF,GSM4104131_GTCCTCACATCCTAGA-1,0.030618859595887678
CXCR3-,HC,PTC41540_CSF,GSM4104131_GTGCATAGTATATCCG-1,-0.29997119987097626
CXCR3-,HC,PTC41540_CSF,GSM4104131_GTGGGTCGTCGGCATC-1,0.24488314969162658
CXCR3-,HC,PTC41540_CSF,GSM4104131_GTTAAGCAGTCTCAAC-1,-0.29997119987097626
CXCR3-,HC,PTC41540_CSF,GSM4104131_GTTCATTCAGTAACGG-1,-0.29997119987097626
CXCR3-,HC,PTC41540_CSF,GSM4104131_TAGACCAGTTGCGCAC-1,-0.29997119987097626
CXCR3-,HC,PTC41540_CSF,GSM4104131_TAGACCATCGAATCCA-1,-0.29997119987097626
CXCR3+,HC,PTC41540_CSF,GSM4104131_TAGAGCTTCTTCGGTC-1,-0.29997119987097626
CXCR3-,HC,PTC41540_CSF,GSM4104131_TATCTCAGTATGAATG-1,0.030038385255949627
CXCR3-,HC,PTC41540_CSF,GSM4104131_TCGTAGATCCTCGCAT-1,0.11649180872244612
CXCR3-,HC,PTC41540_CSF,GSM4104131_TCTTTCCCATAGAAAC-1,0.9001221220642871
CXCR3+,HC,PTC41540_CSF,GSM4104131_TCTTTCCTCCATGAGT-1,0.3327538104338702
CXCR3-,HC,PTC41540_CSF,GSM4104131_TGACAACAGGGATCTG-1,-0.11579911604918633
CXCR3-,HC,PTC41540_CSF,GSM4104131_TGACTTTCACTCAGGC-1,-0.29997119987097626
CXCR3-,HC,PTC41540_CSF,GSM4104131_TGAGAGGTCGCCGTGA-1,-0.16636978716460998
CXCR3-,HC,PTC41540_CSF,GSM4104131_TGAGCCGCAATAGCAA-1,-0.11014830232033071
CXCR3-,HC,PTC41540_CSF,GSM4104131_TGAGCCGGTACCGTAT-1,-0.29997119987097626
CXCR3-,HC,PTC41540_CSF,GSM4104131_TGGGAAGAGGGTCTCC-1,0.6701845432536107
CXCR3-,HC,PTC41540_CSF,GSM4104131_TGGGAAGGTCTAGCCG-1,-0.15013357648287387
CXCR3-,HC,PTC41540_CSF,GSM4104131_TGGGCGTCACACCGCA-1,-0.08982601359934095
CXCR3-,HC,PTC41540_CSF,GSM4104131_TGGTTAGCACACATGT-1,-0.036738507946726964
CXCR3-,HC,PTC41540_CSF,GSM4104131_TTAACTCGTCAACATC-1,0.6328394080445989
CXCR3-,HC,PTC41540_CSF,GSM4104131_TTGCGTCGTATCGCAT-1,-0.16255076050767522
CXCR3-,HC,PTC41540_CSF,GSM4104131_TTGTAGGCAGTGACAG-1,-0.060208527769301794
CXCR3-,HC,PTC41540_CSF,GSM4104131_TTTATGCCACATGACT-1,-0.1701514846458815
CXCR3+,HC,PTC41540_CSF,GSM4104131_TTTGGTTTCTGATACG-1,0.010667614543409936
CXCR3-,HC,PTC85037_CSF,GSM4104133_AAACGGGTCGTTGCCT-1,-0.12009630213796171
CXCR3-,HC,PTC85037_CSF,GSM4104133_AAAGATGTCGAATCCA-1,-0.05808795906000186
CXCR3-,HC,PTC85037_CSF,GSM4104133_AAATGCCGTTCGTCTC-1,0.22507115956522017
CXCR3-,HC,PTC85037_CSF,GSM4104133_AATCGGTCAAGCTGGA-1,0.18559519457020118
CXCR3-,HC,PTC85037_CSF,GSM4104133_ACCAGTAAGCTAAACA-1,0.05503719372871052
CXCR3-,HC,PTC85037_CSF,GSM4104133_ACCTTTACACTGTGTA-1,-0.12544682381949365
CXCR3-,HC,PTC85037_CSF,GSM4104133_ACTGATGAGAGTACCG-1,-0.17245786512716535
CXCR3+,HC,PTC85037_CSF,GSM4104133_ACTTTCAAGCGAAGGG-1,-0.29997119987097626
CXCR3-,HC,PTC85037_CSF,GSM4104133_AGACGTTAGTTACCCA-1,-0.29997119987097626
CXCR3-,HC,PTC85037_CSF,GSM4104133_AGCCTAAAGACGCACA-1,-0.29997119987097626
CXCR3-,HC,PTC85037_CSF,GSM4104133_AGCCTAAAGGAGTACC-1,-0.29997119987097626
CXCR3+,HC,PTC85037_CSF,GSM4104133_AGCGGTCAGGTGATTA-1,-0.29997119987097626
CXCR3+,HC,PTC85037_CSF,GSM4104133_AGGTCATAGAAACGCC-1,-0.29997119987097626
CXCR3-,HC,PTC85037_CSF,GSM4104133_AGTGGGAAGAAGGCCT-1,-0.29997119987097626
CXCR3-,HC,PTC85037_CSF,GSM4104133_AGTGTCACAATGCCAT-1,-0.29997119987097626
CXCR3-,HC,PTC85037_CSF,GSM4104133_ATAAGAGTCATCATTC-1,0.23142953571243902
CXCR3+,HC,PTC85037_CSF,GSM4104133_ATCATGGAGAAACCTA-1,0.004973215472135599
CXCR3-,HC,PTC85037_CSF,GSM4104133_ATCATGGGTAGCCTAT-1,-0.29997119987097626
CXCR3+,HC,PTC85037_CSF,GSM4104133_ATCCGAAGTAAATGTG-1,-0.1197298758338774
CXCR3+,HC,PTC85037_CSF,GSM4104133_ATCTGCCGTCACTGGC-1,-0.1838214639346761
CXCR3-,HC,PTC85037_CSF,GSM4104133_ATTGGACTCTGTCAAG-1,-0.29997119987097626
CXCR3-,HC,PTC85037_CSF,GSM4104133_CAAGATCCAGTCCTTC-1,-0.06589108033262504
CXCR3+,HC,PTC85037_CSF,GSM4104133_CAAGGCCAGAAACCTA-1,-0.29997119987097626
CXCR3-,HC,PTC85037_CSF,GSM4104133_CACACAAGTATTACCG-1,-0.015451364612728264
CXCR3-,HC,PTC85037_CSF,GSM4104133_CACAGGCGTCTGATCA-1,-0.29997119987097626
CXCR3-,HC,PTC85037_CSF,GSM4104133_CACCACTAGGGATCTG-1,-0.06747418426774653
CXCR3-,HC,PTC85037_CSF,GSM4104133_CACCTTGTCACCAGGC-1,-0.06821466975248038
CXCR3+,HC,PTC85037_CSF,GSM4104133_CATCAGAAGTGGAGTC-1,-0.29997119987097626
CXCR3-,HC,PTC85037_CSF,GSM4104133_CATTATCTCGCGCCAA-1,0.0399843126927048
CXCR3-,HC,PTC85037_CSF,GSM4104133_CGAACATTCGCTTGTC-1,-0.1563323878996416
CXCR3-,HC,PTC85037_CSF,GSM4104133_CGTGAGCCAGCTGGCT-1,-0.29997119987097626
CXCR3-,HC,PTC85037_CSF,GSM4104133_CTAAGACCAATCTACG-1,0.03026342064316626
CXCR3+,HC,PTC85037_CSF,GSM4104133_CTACATTTCTGTCTCG-1,-0.29997119987097626
CXCR3-,HC,PTC85037_CSF,GSM4104133_CTCGTACCAATTGCTG-1,-0.29997119987097626
CXCR3-,HC,PTC85037_CSF,GSM4104133_CTGAAGTTCGTGGTCG-1,0.2775150019656327
CXCR3-,HC,PTC85037_CSF,GSM4104133_CTTAGGAGTCGCTTCT-1,-0.29997119987097626
CXCR3-,HC,PTC85037_CSF,GSM4104133_CTTGGCTCACATCCAA-1,0.002804864960437771
CXCR3-,HC,PTC85037_CSF,GSM4104133_GAACATCCAATGCCAT-1,-0.18032081939921443
CXCR3+,HC,PTC85037_CSF,GSM4104133_GACACGCGTACAAGTA-1,-0.1318668461699592
CXCR3-,HC,PTC85037_CSF,GSM4104133_GACGCGTAGACGCTTT-1,0.43172312308406285
CXCR3+,HC,PTC85037_CSF,GSM4104133_GATCGTAAGATCACGG-1,0.049677651255434725
CXCR3-,HC,PTC85037_CSF,GSM4104133_GCAAACTAGACTGGGT-1,-0.29997119987097626
CXCR3-,HC,PTC85037_CSF,GSM4104133_GCACTCTTCTTGAGAC-1,-0.29997119987097626
CXCR3-,HC,PTC85037_CSF,GSM4104133_GCGCCAAGTTAAGGGC-1,0.3291079397653123
CXCR3-,HC,PTC85037_CSF,GSM4104133_GCTGGGTGTGTTCTTT-1,-0.29997119987097626
CXCR3+,HC,PTC85037_CSF,GSM4104133_GGAAAGCAGTCCGGTC-1,-0.06899080159466932
CXCR3-,HC,PTC85037_CSF,GSM4104133_GGCGACTGTGTGAATA-1,-0.12901887033313436
CXCR3-,HC,PTC85037_CSF,GSM4104133_GGGCATCAGGTAAACT-1,0.4303827121010923
CXCR3-,HC,PTC85037_CSF,GSM4104133_GGGCATCCAAAGGAAG-1,-0.29997119987097626
CXCR3-,HC,PTC85037_CSF,GSM4104133_GGGTTGCGTCGCATCG-1,0.08864784621430315
CXCR3-,HC,PTC85037_CSF,GSM4104133_GTAACTGCATTCCTGC-1,-0.11108747230651098
CXCR3-,HC,PTC85037_CSF,GSM4104133_GTAGGCCGTCTGGTCG-1,0.043234046485593654
CXCR3-,HC,PTC85037_CSF,GSM4104133_GTATTCTGTCTAAAGA-1,0.02949694004304204
CXCR3-,HC,PTC85037_CSF,GSM4104133_GTATTCTTCCTACAGA-1,0.20759173358855962
CXCR3-,HC,PTC85037_CSF,GSM4104133_GTCTTCGGTAGCTAAA-1,-0.29997119987097626
CXCR3-,HC,PTC85037_CSF,GSM4104133_GTTCGGGAGGCCCTTG-1,-0.29997119987097626
CXCR3-,HC,PTC85037_CSF,GSM4104133_TACAGTGAGTACACCT-1,-0.29997119987097626
CXCR3+,HC,PTC85037_CSF,GSM4104133_TACCTATCAAACAACA-1,-0.29997119987097626
CXCR3-,HC,PTC85037_CSF,GSM4104133_TACTCGCCAGACGCCT-1,-0.29997119987097626
CXCR3-,HC,PTC85037_CSF,GSM4104133_TAGTGGTAGCTGTCTA-1,-0.29997119987097626
CXCR3+,HC,PTC85037_CSF,GSM4104133_TCATTACGTGAGCGAT-1,-0.2066624071226369
CXCR3-,HC,PTC85037_CSF,GSM4104133_TCGTAGAAGTCGATAA-1,0.10134025909327668
CXCR3+,HC,PTC85037_CSF,GSM4104133_TCTTCGGGTTGGGACA-1,-0.15455744126830995
CXCR3-,HC,PTC85037_CSF,GSM4104133_TCTTTCCAGCGTGTCC-1,-0.29997119987097626
CXCR3-,HC,PTC85037_CSF,GSM4104133_TGACAACTCTCGTTTA-1,-0.11419146280861707
CXCR3+,HC,PTC85037_CSF,GSM4104133_TGACGGCCAGGCGATA-1,-0.29997119987097626
CXCR3-,HC,PTC85037_CSF,GSM4104133_TGCGGGTTCTCTGTCG-1,-0.29997119987097626
CXCR3-,HC,PTC85037_CSF,GSM4104133_TGGGAAGGTTGTGGAG-1,-0.29997119987097626
CXCR3-,HC,PTC85037_CSF,GSM4104133_TTAGGCAAGTAACCCT-1,-0.29997119987097626
CXCR3-,HC,PTC85037_CSF,GSM4104133_TTAGTTCAGTGGGCTA-1,-0.04873195315209238
CXCR3-,HC,PTC85037_CSF,GSM4104133_TTGGAACCAGACTCGC-1,-0.29997119987097626
CXCR3-,HC,PTC85037_CSF,GSM4104133_TTTGCGCCATTACGAC-1,0.6880054560417994
CXCR3-,HC,PTC85037_CSF,GSM4104133_TTTGCGCGTCTCTTAT-1,-0.03704613607094877
