condition,patient,cell_id,tissue,zinc_signature
HC,CSF_2,ACCGTAACACCACGTG-1,CSF,0.396051635823326
HC,CSF_2,AGCATACGTGTAACGG-1,CSF,0.3141642713620305
HC,CSF_2,ATCTACTCAGCTGTAT-1,CSF,-0.29997119987097626
HC,CSF_2,CAACCAACAACACGCC-1,CSF,-0.11990251519559135
HC,CSF_2,CCCAATCGTATTCGTG-1,CSF,0.12304313081350186
HC,CSF_2,CCTTACGGTGTGACGA-1,CSF,-0.29997119987097626
HC,CSF_2,CGGTTAAAGACACTAA-1,CSF,-0.29997119987097626
HC,CSF_2,CTCAGAAGTAGAGCTG-1,CSF,-0.29997119987097626
HC,CSF_2,GAACATCCATACCATG-1,CSF,0.42849218683170537
HC,CSF_2,GACACGCTCGGTTCGG-1,CSF,-0.29997119987097626
HC,CSF_2,GACGTGCGTCTCCCTA-1,CSF,0.1284422490975256
HC,CSF_2,GATCAGTCAATCCGAT-1,CSF,-0.29997119987097626
HC,CSF_2,GATCGTAGTCCTCTTG-1,CSF,-0.05685368559845385
HC,CSF_2,GCAGCCAGTTTCCACC-1,CSF,0.4953751311153733
HC,CSF_2,GCATGATCACATTTCT-1,CSF,-0.00363274122875566
HC,CSF_2,GCCTCTATCGCCCTTA-1,CSF,0.12006906212407184
HC,CSF_2,GGAATAATCTGCCAGG-1,CSF,-0.014071262588310028
HC,CSF_2,GGGACCTGTAGGAGTC-1,CSF,-0.20034591211000277
HC,CSF_2,GTCAAGTCATACTCTT-1,CSF,-0.29997119987097626
HC,CSF_2,GTCGTAACACGGCGTT-1,CSF,0.3293708322192405
HC,CSF_2,GTCTCGTCAAATCCGT-1,CSF,0.01271226338878671
HC,CSF_2,GTCTCGTTCTGTTTGT-1,CSF,0.2036015951155641
HC,CSF_2,GTTCATTAGCTAGGCA-1,CSF,0.07224027824765723
HC,CSF_2,TAAGTGCAGGCATGGT-1,CSF,-0.09745490163365989
HC,CSF_2,TAAGTGCTCTAACTCT-1,CSF,-0.11073252073349109
HC,CSF_2,TACCTTACATCACAAC-1,CSF,0.1741703255865798
HC,CSF_2,TCAACGAAGTCGTACT-1,CSF,-0.29997119987097626
HC,CSF_2,TCAGCTCTCCGCAGTG-1,CSF,0.3940524400745131
HC,CSF_2,TCAGGATAGATGTGGC-1,CSF,-0.12805909096770934
HC,CSF_2,TCGCGTTAGCCCAGCT-1,CSF,-0.17128736985422618
HC,CSF_2,TCGGGACTCCTCGCAT-1,CSF,-0.18032081939921443
HC,CSF_2,TCTCATATCTCGTTTA-1,CSF,-0.12418067005078803
HC,CSF_2,TGACGGCTCAGATAAG-1,CSF,0.02319173227214991
HC,CSF_2,TGACTAGGTTCCAACA-1,CSF,0.011850035020826504
HC,CSF_2,TGCGGGTAGTGTGAAT-1,CSF,-0.0175658741544793
HC,CSF_2,TGTCCCAAGCAATATG-1,CSF,-0.1145934000982638
HC,CSF_2,TGTTCCGAGCACGCCT-1,CSF,-0.08728438797064444
HC,CSF_2,TTTCCTCAGCAGGTCA-1,CSF,0.3169479851814056
HC,CSF_3,AAAGATGTCCGTCATC-1,CSF,0.2779108644984535
HC,CSF_3,AACACGTAGATGCCTT-1,CSF,0.640948161786884
HC,CSF_3,AAGACCTAGTGGTAAT-1,CSF,-0.03189938314109929
HC,CSF_3,ACATCAGTCCCTTGTG-1,CSF,0.3589979243381765
HC,CSF_3,ACCAGTACAGTCAGAG-1,CSF,-0.004190595927847905
HC,CSF_3,ACCTTTATCTTCGAGA-1,CSF,0.005754309216619854
HC,CSF_3,ACGGAGAAGGCCCTTG-1,CSF,-0.29997119987097626
HC,CSF_3,ACGGGTCAGTAGATGT-1,CSF,-0.29997119987097626
HC,CSF_3,ACGTCAATCTGTTGAG-1,CSF,-0.11697767373542141
HC,CSF_3,AGAGCGATCCGTCAAA-1,CSF,-0.29997119987097626
HC,CSF_3,AGATCTGGTCCAACTA-1,CSF,-0.10895354306961876
HC,CSF_3,AGCGTATAGTAGTGCG-1,CSF,-0.29997119987097626
HC,CSF_3,AGCTCTCAGCATCATC-1,CSF,-0.29997119987097626
HC,CSF_3,AGGGATGCACAGCCCA-1,CSF,-0.29997119987097626
HC,CSF_3,AGTAGTCAGTGCCAGA-1,CSF,-0.29997119987097626
HC,CSF_3,AGTCTTTGTCTTGTCC-1,CSF,-0.29997119987097626
HC,CSF_3,ATAGACCCAAGGTTCT-1,CSF,0.21591803147094463
HC,CSF_3,ATCCGAAAGTTTCCTT-1,CSF,-0.29997119987097626
HC,CSF_3,CACAAACGTATAATGG-1,CSF,0.32925525178706344
HC,CSF_3,CACATTTCAGCTGTTA-1,CSF,-0.29997119987097626
HC,CSF_3,CACCAGGCAAGTCTGT-1,CSF,-0.0036374797296194433
HC,CSF_3,CACTCCACAGATTGCT-1,CSF,1.7362298436669203
HC,CSF_3,CATGACAAGTAAGTAC-1,CSF,0.22055922472577869
HC,CSF_3,CATGACACAGGGTATG-1,CSF,-0.29997119987097626
HC,CSF_3,CCAATCCCAGACAAGC-1,CSF,-0.29997119987097626
HC,CSF_3,CCACCTAGTCATTAGC-1,CSF,-0.29997119987097626
HC,CSF_3,CCGGGATAGCGATCCC-1,CSF,-0.29997119987097626
HC,CSF_3,CCTACACCAGCCTTGG-1,CSF,0.3473130128181167
HC,CSF_3,CGAACATGTGTTGGGA-1,CSF,-0.29997119987097626
HC,CSF_3,CGAATGTGTAGCTTGT-1,CSF,0.016570143344326223
HC,CSF_3,CGCCAAGCAGCAGTTT-1,CSF,-0.29997119987097626
HC,CSF_3,CGCGGTATCAAGCCTA-1,CSF,-0.29997119987097626
HC,CSF_3,CGCTATCGTGATGCCC-1,CSF,0.052833187560918
HC,CSF_3,CGCTATCGTTCAACCA-1,CSF,-0.29997119987097626
HC,CSF_3,CGCTGGAGTCTCAACA-1,CSF,0.07482350558533066
HC,CSF_3,CGCTTCAGTAGCCTAT-1,CSF,0.24023187843453678
HC,CSF_3,CGGGTCATCCCTAACC-1,CSF,-0.29997119987097626
HC,CSF_3,CGTAGCGGTTCCACAA-1,CSF,0.2683110060611723
HC,CSF_3,CGTGTAACAGCTTAAC-1,CSF,-0.29997119987097626
HC,CSF_3,CGTGTCTGTCACCCAG-1,CSF,0.7625784092140855
HC,CSF_3,CGTTGGGAGTTAAGTG-1,CSF,-0.09006584683315995
HC,CSF_3,CTAATGGTCAACACGT-1,CSF,1.3017920346880467
HC,CSF_3,CTCACACCAACTGCGC-1,CSF,-0.13382567268731296
HC,CSF_3,CTCAGAACAAGTCTGT-1,CSF,0.20783294583571782
HC,CSF_3,CTCATTACAGCGTCCA-1,CSF,-0.29997119987097626
HC,CSF_3,CTCGAGGGTAGCTTGT-1,CSF,0.17636185075567043
HC,CSF_3,CTGCTGTTCGTCGTTC-1,CSF,-0.29997119987097626
HC,CSF_3,CTTGGCTAGCACCGTC-1,CSF,0.07034329443999456
HC,CSF_3,GAAATGAGTCGAAAGC-1,CSF,-0.29997119987097626
HC,CSF_3,GACCAATTCTACCTGC-1,CSF,-0.13354165450400143
HC,CSF_3,GCAATCATCTGCGGCA-1,CSF,-0.03694273577747887
HC,CSF_3,GCTCCTACACGCCAGT-1,CSF,-0.29997119987097626
HC,CSF_3,GCTCTGTCAGGAATCG-1,CSF,-0.29997119987097626
HC,CSF_3,GCTGCAGCAACTGGCC-1,CSF,0.18365566868623917
HC,CSF_3,GCTGCGAAGTGAAGTT-1,CSF,-0.07995535913253923
HC,CSF_3,GCTGCTTCAAGCGAGT-1,CSF,-0.08533815890724925
HC,CSF_3,GCTTGAAGTTCAGGCC-1,CSF,-0.29997119987097626
HC,CSF_3,GCTTGAATCAGCCTAA-1,CSF,-0.29997119987097626
HC,CSF_3,GGACGTCAGACAATAC-1,CSF,0.8346253667319244
HC,CSF_3,GGACGTCGTAGGCTGA-1,CSF,0.02117833166884786
HC,CSF_3,GGAGCAAAGCAACGGT-1,CSF,-0.29997119987097626
HC,CSF_3,GGATTACGTATATCCG-1,CSF,-0.097101792244529
HC,CSF_3,GGATTACTCTCCAACC-1,CSF,0.45726132139904785
HC,CSF_3,GGCTCGAGTGAGGGAG-1,CSF,1.1265361731675663
HC,CSF_3,GGCTGGTAGCGATATA-1,CSF,0.040995455030910365
HC,CSF_3,GGGAATGGTAGTACCT-1,CSF,-0.04012256195278404
HC,CSF_3,GGGTTGCGTCGCCATG-1,CSF,-0.29997119987097626
HC,CSF_3,GGTGAAGCACGAAAGC-1,CSF,-0.29997119987097626
HC,CSF_3,GGTGAAGTCTGGTTCC-1,CSF,1.3625527128670687
HC,CSF_3,GTACGTAAGGATATAC-1,CSF,-0.15051897531594577
HC,CSF_3,GTACTCCAGCGATAGC-1,CSF,1.15606091126781
HC,CSF_3,GTAGTCAGTAGGACAC-1,CSF,-0.29997119987097626
HC,CSF_3,GTCGGGTGTTATCCGA-1,CSF,0.42328068718207235
HC,CSF_3,GTCGTAACAGTCACTA-1,CSF,-0.11299085917305655
HC,CSF_3,GTGCGGTTCGAATGCT-1,CSF,0.5279416941978546
HC,CSF_3,GTTAAGCCAGACAAAT-1,CSF,-0.048188073852631665
HC,CSF_3,GTTACAGCAAGTTAAG-1,CSF,-0.29997119987097626
HC,CSF_3,TACACGAAGAGACTTA-1,CSF,-0.29997119987097626
HC,CSF_3,TACCTTAGTCCGAATT-1,CSF,-0.29997119987097626
HC,CSF_3,TACTCATAGCATCATC-1,CSF,-0.15013447393305945
HC,CSF_3,TACTTACTCCCTGACT-1,CSF,-0.29997119987097626
HC,CSF_3,TATCAGGTCCTATGTT-1,CSF,0.44986716689470235
HC,CSF_3,TATTACCTCGCTAGCG-1,CSF,-0.29997119987097626
HC,CSF_3,TCGCGAGTCCAAGCCG-1,CSF,-0.29997119987097626
HC,CSF_3,TCTTTCCGTCCAGTTA-1,CSF,-0.29997119987097626
HC,CSF_3,TGAGCCGCAGCTTCGG-1,CSF,-0.12028278840036828
HC,CSF_3,TGATTTCAGGCTAGGT-1,CSF,-0.29997119987097626
HC,CSF_3,TGATTTCCATGCAACT-1,CSF,-0.29997119987097626
HC,CSF_3,TGCGGGTAGATGTGTA-1,CSF,-0.29997119987097626
HC,CSF_3,TGTGGTAAGTAGCCGA-1,CSF,-0.29997119987097626
HC,CSF_3,TTCTCCTAGATGTGGC-1,CSF,0.5594089250353983
HC,CSF_3,TTGTAGGTCTAACGGT-1,CSF,-0.053794616397713456
HC,CSF_3,TTTGCGCAGCAGCCTC-1,CSF,-0.03977658519510485
MS,CSF_6,AAACCTGCAATGTTGC-1,CSF,0.5973307121652337
MS,CSF_6,AAACCTGCATTCCTGC-1,CSF,0.04484950963009176
MS,CSF_6,AAACCTGGTGTGCCTG-1,CSF,0.12363603466400673
MS,CSF_6,AAAGATGAGCGGCTTC-1,CSF,0.2239097708721742
MS,CSF_6,AAAGATGCAGCTCGAC-1,CSF,0.6743973607364596
MS,CSF_6,AACACGTGTGCTGTAT-1,CSF,0.32290489616528145
MS,CSF_6,AACCATGTCCGTCAAA-1,CSF,0.314365283922888
MS,CSF_6,AACCGCGTCTAACTGG-1,CSF,0.24667940408969585
MS,CSF_6,AACGTTGGTCTAGCGC-1,CSF,0.26193006509127065
MS,CSF_6,AACTGGTAGAGACTTA-1,CSF,-0.29997119987097626
MS,CSF_6,AAGACCTGTAGGGTAC-1,CSF,-0.29997119987097626
MS,CSF_6,AAGCCGCTCTAACTTC-1,CSF,0.19649318736884727
MS,CSF_6,AAGGCAGAGTTGTAGA-1,CSF,-0.29997119987097626
MS,CSF_6,ACACCAAAGGGAGTAA-1,CSF,0.2551291845622773
MS,CSF_6,ACACCCTCAAAGAATC-1,CSF,-0.09098647478093906
MS,CSF_6,ACACCCTTCAAACCGT-1,CSF,0.07897077306077169
MS,CSF_6,ACACTGATCAAGAAGT-1,CSF,0.4463814581717614
MS,CSF_6,ACACTGATCAGCGACC-1,CSF,0.05157862676481671
MS,CSF_6,ACAGCTAAGCGTTCCG-1,CSF,0.8331134890447328
MS,CSF_6,ACATACGTCAAGGTAA-1,CSF,0.23925797919550046
MS,CSF_6,ACCAGTAAGATGTTAG-1,CSF,-0.10933920195006329
MS,CSF_6,ACGAGCCGTACCGCTG-1,CSF,-0.05795128738842757
MS,CSF_6,ACGATACAGGTGTTAA-1,CSF,-0.09202398813118037
MS,CSF_6,ACGATGTAGCTGGAAC-1,CSF,-0.15560422046318223
MS,CSF_6,ACGATGTAGCTGTTCA-1,CSF,0.16641546923240388
MS,CSF_6,ACGATGTCAGCTGTTA-1,CSF,-0.1023215386190237
MS,CSF_6,ACGCCAGTCAGCATGT-1,CSF,0.13160057363326222
MS,CSF_6,ACGCCGAAGGCGACAT-1,CSF,-0.29997119987097626
MS,CSF_6,ACGGAGATCGATAGAA-1,CSF,-0.29997119987097626
MS,CSF_6,ACGTCAACATGAACCT-1,CSF,-0.18299916724251525
MS,CSF_6,ACTATCTTCTAACTTC-1,CSF,-0.29997119987097626
MS,CSF_6,ACTGAACAGAATGTTG-1,CSF,-0.29997119987097626
MS,CSF_6,ACTGAACAGCTGTTCA-1,CSF,-0.29997119987097626
MS,CSF_6,ACTGATGAGTTGAGAT-1,CSF,0.303061960000177
MS,CSF_6,ACTTACTTCCAAGTAC-1,CSF,-0.07572038203486088
MS,CSF_6,ACTTGTTGTGAAAGAG-1,CSF,-0.10662724862415399
MS,CSF_6,ACTTTCACAGCTGCAC-1,CSF,-0.29997119987097626
MS,CSF_6,AGACGTTAGCGTAGTG-1,CSF,1.1111667495047821
MS,CSF_6,AGACGTTGTTCGTGAT-1,CSF,-0.019521773956156306
MS,CSF_6,AGAGCGAGTACGCTGC-1,CSF,0.11835369678038367
MS,CSF_6,AGATCTGTCAACACAC-1,CSF,0.03237843321508988
MS,CSF_6,AGATCTGTCTGAGGGA-1,CSF,0.3321869860690563
MS,CSF_6,AGATTGCCAAGCCGCT-1,CSF,-0.07848545281823228
MS,CSF_6,AGATTGCGTACCGAGA-1,CSF,0.3009335322778393
MS,CSF_6,AGCAGCCTCACATAGC-1,CSF,-0.29997119987097626
MS,CSF_6,AGCCTAACACCACCAG-1,CSF,-0.10039890194025203
MS,CSF_6,AGCTCCTGTTGAGTTC-1,CSF,-0.29997119987097626
MS,CSF_6,AGGCCACCACCACGTG-1,CSF,0.1369135071205394
MS,CSF_6,AGGCCGTAGGCGCTCT-1,CSF,0.42229047416573895
MS,CSF_6,AGGGTGACAATGCCAT-1,CSF,0.2562719295942704
MS,CSF_6,AGGTCATAGTGCAAGC-1,CSF,-0.29997119987097626
MS,CSF_6,AGGTCCGGTTGCTCCT-1,CSF,-0.03475224351105257
MS,CSF_6,AGTGGGATCCACGAAT-1,CSF,-0.29997119987097626
MS,CSF_6,ATAAGAGAGCGAAGGG-1,CSF,0.6579859128153626
MS,CSF_6,ATCATGGGTAGCGCTC-1,CSF,-0.29997119987097626
MS,CSF_6,ATCATGGTCAGGCCCA-1,CSF,0.14521949192700187
MS,CSF_6,ATCTACTAGCTGCGAA-1,CSF,0.10183068875422474
MS,CSF_6,ATCTGCCTCCTTGGTC-1,CSF,0.3333390785345474
MS,CSF_6,ATGCGATAGTCTCAAC-1,CSF,0.2881841404007214
MS,CSF_6,ATGCGATGTGAAAGAG-1,CSF,-0.29997119987097626
MS,CSF_6,ATTCTACGTGGGTCAA-1,CSF,0.08236627128824874
MS,CSF_6,ATTGGTGCACTAAGTC-1,CSF,-0.29997119987097626
MS,CSF_6,ATTTCTGAGCGAAGGG-1,CSF,0.47797617074390975
MS,CSF_6,CAAGATCAGGCTCTTA-1,CSF,-0.05019188725296072
MS,CSF_6,CACACAACACCAGGTC-1,CSF,-0.29997119987097626
MS,CSF_6,CACACCTTCGTACGGC-1,CSF,-0.29997119987097626
MS,CSF_6,CACAGTAGTACAGCAG-1,CSF,0.5939299872746807
MS,CSF_6,CACAGTAGTCTAAAGA-1,CSF,0.19550589551843406
MS,CSF_6,CACAGTATCATTTGGG-1,CSF,0.4944486070948431
MS,CSF_6,CACATAGGTATCTGCA-1,CSF,0.5662195226344349
MS,CSF_6,CACATAGTCGATGAGG-1,CSF,0.18153605853794352
MS,CSF_6,CACCAGGAGCTCCCAG-1,CSF,-0.027260493307956612
MS,CSF_6,CACCAGGAGGTGCAAC-1,CSF,-0.29997119987097626
MS,CSF_6,CACCTTGGTACCGTTA-1,CSF,-0.29997119987097626
MS,CSF_6,CACCTTGGTTCCCGAG-1,CSF,0.3171087823466441
MS,CSF_6,CACCTTGTCGCCGTGA-1,CSF,0.13622209904554677
MS,CSF_6,CACTCCAGTTGATTCG-1,CSF,0.5086200959513112
MS,CSF_6,CAGAATCTCATTATCC-1,CSF,0.18036341752404808
MS,CSF_6,CAGCAGCGTTACGTCA-1,CSF,0.17884719025651433
MS,CSF_6,CAGCCGACACACCGAC-1,CSF,0.16165926232544603
MS,CSF_6,CAGCCGATCCTAAGTG-1,CSF,-0.12435492325598271
MS,CSF_6,CAGCTAACATCGGGTC-1,CSF,-0.29997119987097626
MS,CSF_6,CAGCTGGGTACATCCA-1,CSF,0.19881852760019503
MS,CSF_6,CAGGTGCAGTTAACGA-1,CSF,0.43866741546959503
MS,CSF_6,CAGGTGCGTAAAGGAG-1,CSF,0.09383105521962289
MS,CSF_6,CAGTAACGTCCTCTTG-1,CSF,0.2899722438147541
MS,CSF_6,CATATGGCATTTCACT-1,CSF,-0.026618434811987498
MS,CSF_6,CATCAAGAGACCTAGG-1,CSF,-0.29997119987097626
MS,CSF_6,CATGACACACATAACC-1,CSF,-0.04984693167410541
MS,CSF_6,CATGACACAGGGCATA-1,CSF,0.4969446787717731
MS,CSF_6,CATGCCTTCCACGAAT-1,CSF,-0.02876611552093743
MS,CSF_6,CATGGCGCAGCCAATT-1,CSF,0.253508499110628
MS,CSF_6,CATTCGCGTCGGCTCA-1,CSF,0.475106462894255
MS,CSF_6,CCACCTATCGTAGGAG-1,CSF,0.389611815520208
MS,CSF_6,CCACGGAGTTGGAGGT-1,CSF,-0.04077575806520579
MS,CSF_6,CCACGGATCTTCGAGA-1,CSF,-0.1211690748976676
MS,CSF_6,CCAGCGAAGGATCGCA-1,CSF,-0.29997119987097626
MS,CSF_6,CCTACACGTGCAACTT-1,CSF,0.33270871935785673
MS,CSF_6,CCTAGCTTCGACGGAA-1,CSF,2.0794315322420953
MS,CSF_6,CCTCTGAAGCGATTCT-1,CSF,0.6252931248196646
MS,CSF_6,CCTTTCTCAGCCAATT-1,CSF,-0.29997119987097626
MS,CSF_6,CCTTTCTGTATGAATG-1,CSF,0.1671328400799632
MS,CSF_6,CGAACATGTCGGATCC-1,CSF,-0.29997119987097626
MS,CSF_6,CGAACATGTTATCGGT-1,CSF,0.1267835005308688
MS,CSF_6,CGAACATTCAGGCCCA-1,CSF,1.078089764543806
MS,CSF_6,CGAATGTCAAGCCTAT-1,CSF,-0.29997119987097626
MS,CSF_6,CGACTTCTCCTTGCCA-1,CSF,-0.29997119987097626
MS,CSF_6,CGAGAAGGTGCCTTGG-1,CSF,0.8536071326556136
MS,CSF_6,CGAGCCATCTTCAACT-1,CSF,0.18760394562923768
MS,CSF_6,CGATTGACATTCTCAT-1,CSF,0.4454596949934169
MS,CSF_6,CGCGTTTTCCCGGATG-1,CSF,-0.29997119987097626
MS,CSF_6,CGCTGGATCACTTACT-1,CSF,0.22543818956870781
MS,CSF_6,CGCTTCAAGGAGTTTA-1,CSF,0.4958589239516035
MS,CSF_6,CGGACTGAGCCACTAT-1,CSF,0.001007675887356412
MS,CSF_6,CGGAGCTAGGGCACTA-1,CSF,0.5160342645782916
MS,CSF_6,CGGAGTCAGCCACGTC-1,CSF,0.20082499190048383
MS,CSF_6,CGGGTCATCCAGAAGG-1,CSF,0.2937724555972122
MS,CSF_6,CGGGTCATCGCCAAAT-1,CSF,0.4198782805326066
MS,CSF_6,CGGTTAAAGCTCTCGG-1,CSF,-0.15653726416927793
MS,CSF_6,CGGTTAACAAGCGCTC-1,CSF,0.1678020700329945
MS,CSF_6,CGTAGCGCAGTATAAG-1,CSF,-0.29997119987097626
MS,CSF_6,CGTCACTAGGATTCGG-1,CSF,-0.29997119987097626
MS,CSF_6,CGTCACTCAAGTAGTA-1,CSF,-0.09790396215163023
MS,CSF_6,CGTCACTCAGTAACGG-1,CSF,0.14585461429956675
MS,CSF_6,CGTCTACAGAGAGCTC-1,CSF,-0.29997119987097626
MS,CSF_6,CGTCTACCAGTCGTGC-1,CSF,0.16158057173421017
MS,CSF_6,CGTGAGCCAGACGCAA-1,CSF,0.02389821682263915
MS,CSF_6,CGTGTAAGTATCGCAT-1,CSF,0.5511404716985167
MS,CSF_6,CGTGTCTAGCTTTGGT-1,CSF,0.030593409587518248
MS,CSF_6,CGTGTCTGTCGACTAT-1,CSF,-0.29997119987097626
MS,CSF_6,CGTTAGACATCGTCGG-1,CSF,0.6142071715845419
MS,CSF_6,CGTTCTGCATTTGCCC-1,CSF,0.08788640126602756
MS,CSF_6,CTAACTTTCACAAACC-1,CSF,0.6811343945889526
MS,CSF_6,CTAAGACGTGTTTGTG-1,CSF,0.2764942892713504
MS,CSF_6,CTACACCCATGCAACT-1,CSF,-0.29997119987097626
MS,CSF_6,CTACATTCAATCAGAA-1,CSF,2.7289408448209764
MS,CSF_6,CTACCCAAGTGTCCCG-1,CSF,0.1767517156795053
MS,CSF_6,CTACGTCCACGACGAA-1,CSF,0.04438389262039417
MS,CSF_6,CTAGAGTGTGTGGCTC-1,CSF,0.08276768020808702
MS,CSF_6,CTAGTGACATTTCACT-1,CSF,0.488438705697282
MS,CSF_6,CTCAGAAAGAGACGAA-1,CSF,0.20084102313551663
MS,CSF_6,CTCAGAAGTGCAGACA-1,CSF,-0.03002443950579161
MS,CSF_6,CTCAGAATCCAAGCCG-1,CSF,0.7227962165080165
MS,CSF_6,CTCGAGGTCAGGTAAA-1,CSF,-0.1586136634847651
MS,CSF_6,CTCGGAGCAAGCGCTC-1,CSF,0.1823993954616807
MS,CSF_6,CTCGTACCAGCGTTCG-1,CSF,0.11164752647059391
MS,CSF_6,CTCTGGTTCATGTCTT-1,CSF,0.5798967325901921
MS,CSF_6,CTGAAACAGATGTGGC-1,CSF,-0.29997119987097626
MS,CSF_6,CTGCCTACAATGGAGC-1,CSF,0.1889316141591968
MS,CSF_6,CTGCTGTAGAACTCGG-1,CSF,0.05108888216910074
MS,CSF_6,CTGCTGTGTTGAGTTC-1,CSF,-0.206047483670538
MS,CSF_6,CTGTGCTCAACTTGAC-1,CSF,0.28656562358006504
MS,CSF_6,CTGTTTATCCCAAGAT-1,CSF,-0.08080993113177816
MS,CSF_6,CTTAACTAGTGTGGCA-1,CSF,0.1332539974413975
MS,CSF_6,CTTAGGATCATATCGG-1,CSF,-0.06948427169118718
MS,CSF_6,CTTCTCTCAAGAAGAG-1,CSF,0.2627850220695022
MS,CSF_6,CTTGGCTCATGCTGGC-1,CSF,-0.038416202322688456
MS,CSF_6,CTTGGCTGTAGCCTCG-1,CSF,0.12576631299543092
MS,CSF_6,GAACGGATCTACCAGA-1,CSF,-0.0790188266213133
MS,CSF_6,GAAGCAGGTTTAAGCC-1,CSF,-0.047380382005610795
MS,CSF_6,GAAGCAGTCATGCTCC-1,CSF,-0.29997119987097626
MS,CSF_6,GAAGCAGTCCCACTTG-1,CSF,-0.06907039179723738
MS,CSF_6,GAATGAAAGAAACCAT-1,CSF,0.1877243340342709
MS,CSF_6,GACCAATCAATTCCTT-1,CSF,0.4825851994930281
MS,CSF_6,GACTAACTCCATGAGT-1,CSF,-0.16006470773034193
MS,CSF_6,GACTACAAGGTTACCT-1,CSF,-0.0656631457151764
MS,CSF_6,GAGCAGACAAACTGCT-1,CSF,0.2809438404336237
MS,CSF_6,GAGCAGATCTCAACTT-1,CSF,-0.10918003570197152
MS,CSF_6,GATCAGTCAAGCCGCT-1,CSF,-0.0750929543945911
MS,CSF_6,GATCTAGCAACGATGG-1,CSF,0.1787629543405294
MS,CSF_6,GATCTAGTCATTATCC-1,CSF,-0.07910512247979837
MS,CSF_6,GATTCAGTCGCTTAGA-1,CSF,0.2374228860714291
MS,CSF_6,GCAAACTGTCAACTGT-1,CSF,0.5863433000124144
MS,CSF_6,GCAATCATCTCGTTTA-1,CSF,0.4427862398785963
MS,CSF_6,GCACTCTGTAAGTTCC-1,CSF,-0.29997119987097626
MS,CSF_6,GCAGCCAAGTCCAGGA-1,CSF,-0.08029780304290919
MS,CSF_6,GCATGCGTCTAGCACA-1,CSF,-0.20434077266266362
MS,CSF_6,GCATGTAAGTGGGCTA-1,CSF,-0.08830840280582798
MS,CSF_6,GCATGTAGTCACCCAG-1,CSF,-0.08394674924811087
MS,CSF_6,GCATGTAGTTATCGGT-1,CSF,-0.11292441465354966
MS,CSF_6,GCCTCTAAGAGTGAGA-1,CSF,-0.29997119987097626
MS,CSF_6,GCGAGAAAGCTACCTA-1,CSF,0.0833665905757813
MS,CSF_6,GCGCAGTCAGATCGGA-1,CSF,-0.29997119987097626
MS,CSF_6,GCGCGATAGTTCGCGC-1,CSF,0.2965898495433132
MS,CSF_6,GCTCTGTTCATGCATG-1,CSF,-0.18488801181076847
MS,CSF_6,GCTCTGTTCCTCAACC-1,CSF,0.023407446138022796
MS,CSF_6,GCTGCAGTCTCCAACC-1,CSF,-0.29997119987097626
MS,CSF_6,GCTTGAACAGGCTGAA-1,CSF,0.2608943459216333
MS,CSF_6,GCTTGAAGTATGCTTG-1,CSF,0.7422325738807253
MS,CSF_6,GGACATTAGCGTAATA-1,CSF,-0.29997119987097626
MS,CSF_6,GGACGTCTCCGAGCCA-1,CSF,0.14593002388680434
MS,CSF_6,GGCCGATAGCGCTTAT-1,CSF,0.5614518697681115
MS,CSF_6,GGCTCGATCAAACAAG-1,CSF,-0.11725616309286249
MS,CSF_6,GGGAATGAGAATGTGT-1,CSF,0.11267589662322045
MS,CSF_6,GGGAATGCAAGAAGAG-1,CSF,-0.07331294228903909
MS,CSF_6,GGGACCTCAAGCTGGA-1,CSF,0.005588763058114351
MS,CSF_6,GGGAGATAGAGACTTA-1,CSF,0.10874115771989287
MS,CSF_6,GGGAGATTCAGTTGAC-1,CSF,-0.29997119987097626
MS,CSF_6,GGGATGAGTCCTAGCG-1,CSF,-0.29997119987097626
MS,CSF_6,GGGCACTTCGCATGAT-1,CSF,0.5124738569628915
MS,CSF_6,GGGTCTGGTGTGACCC-1,CSF,0.22246003800997988
MS,CSF_6,GGGTCTGTCGCTAGCG-1,CSF,-0.14101091925906
MS,CSF_6,GGGTTGCGTAAGGGAA-1,CSF,0.09943540123060077
MS,CSF_6,GGTGAAGCAACGATGG-1,CSF,-0.29997119987097626
MS,CSF_6,GGTGCGTGTTTGGGCC-1,CSF,0.2918264802130385
MS,CSF_6,GGTGTTAAGTAGTGCG-1,CSF,-0.07633776777186634
MS,CSF_6,GTACGTAGTAGCGTGA-1,CSF,0.21176627361351702
MS,CSF_6,GTACTCCAGTGCCATT-1,CSF,-0.02271868346265351
MS,CSF_6,GTACTCCCAGCCACCA-1,CSF,0.22236396978653222
MS,CSF_6,GTAGGCCCAGTCAGCC-1,CSF,0.45548333868498503
MS,CSF_6,GTATTCTAGCGAGAAA-1,CSF,-0.29997119987097626
MS,CSF_6,GTCATTTAGGGCATGT-1,CSF,-0.16408630816189623
MS,CSF_6,GTCGGGTAGAGTCTGG-1,CSF,0.01328387835995253
MS,CSF_6,GTCGTAACAGTCGTGC-1,CSF,-0.29997119987097626
MS,CSF_6,GTGAAGGTCGGTTCGG-1,CSF,-0.29997119987097626
MS,CSF_6,GTGCAGCTCGCGATCG-1,CSF,0.424144374801314
MS,CSF_6,GTGCATATCGAGAACG-1,CSF,0.13140092906585216
MS,CSF_6,GTGGGTCAGGTAAACT-1,CSF,-0.29997119987097626
MS,CSF_6,GTTCATTTCGGAATCT-1,CSF,0.7912862000780289
MS,CSF_6,GTTCGGGAGCCGATTT-1,CSF,-0.11627928255687445
MS,CSF_6,GTTCGGGCACCTCGGA-1,CSF,-0.004771420586494062
MS,CSF_6,GTTCTCGGTGTAACGG-1,CSF,0.1867050797049032
MS,CSF_6,TAAGCGTGTCTAGTCA-1,CSF,0.17356230225313404
MS,CSF_6,TAAGCGTGTTTCGCTC-1,CSF,0.11818446573352895
MS,CSF_6,TAAGTGCAGGTCATCT-1,CSF,-0.29997119987097626
MS,CSF_6,TACAGTGCAGATGGCA-1,CSF,0.17013638988700405
MS,CSF_6,TACCTATGTGCCTTGG-1,CSF,-0.020190999141721292
MS,CSF_6,TACGGATAGAAGGCCT-1,CSF,-0.29997119987097626
MS,CSF_6,TACTCGCCAAGCGATG-1,CSF,-0.29997119987097626
MS,CSF_6,TAGAGCTAGCGTAGTG-1,CSF,0.24396548214722907
MS,CSF_6,TAGAGCTCAAGGTTTC-1,CSF,0.28326552153548945
MS,CSF_6,TAGGCATTCGAATGCT-1,CSF,0.23382577570693286
MS,CSF_6,TCAACGAAGACCTTTG-1,CSF,0.17985776953187327
MS,CSF_6,TCAACGACACCAACCG-1,CSF,-0.045998163540771
MS,CSF_6,TCAACGATCCCGGATG-1,CSF,-0.16251648001440325
MS,CSF_6,TCAATCTGTCAGTGGA-1,CSF,0.058534765331162274
MS,CSF_6,TCACAAGCACCCATTC-1,CSF,0.38462410159210353
MS,CSF_6,TCACAAGCAGCCACCA-1,CSF,-0.136921683623366
MS,CSF_6,TCAGATGAGAACAACT-1,CSF,0.3894313082904044
MS,CSF_6,TCAGATGAGTCCGGTC-1,CSF,0.04514732303030106
MS,CSF_6,TCAGATGTCTTGTATC-1,CSF,-0.053413160780462376
MS,CSF_6,TCAGCAACATCACCCT-1,CSF,0.11605735366260464
MS,CSF_6,TCAGCAAGTCGGATCC-1,CSF,-0.020116752721253562
MS,CSF_6,TCAGCTCTCTAACGGT-1,CSF,0.24730712140529626
MS,CSF_6,TCAGGATCACATGACT-1,CSF,-0.29997119987097626
MS,CSF_6,TCAGGATTCTTCGGTC-1,CSF,-0.08363349389990796
MS,CSF_6,TCATTACAGATACACA-1,CSF,-0.13947332734603987
MS,CSF_6,TCATTTGGTCTAGAGG-1,CSF,0.013528056670889474
MS,CSF_6,TCCACACCAGAGTGTG-1,CSF,0.16707874969766107
MS,CSF_6,TCCACACGTACTTCTT-1,CSF,-0.06292931225145695
MS,CSF_6,TCGCGAGCAAGTAGTA-1,CSF,-0.29997119987097626
MS,CSF_6,TCGCGTTCACTGCCAG-1,CSF,0.035783302990389974
MS,CSF_6,TCGGGACAGAGATGAG-1,CSF,0.4005569348723475
MS,CSF_6,TCGGGACAGTGTGAAT-1,CSF,0.05455093008864664
MS,CSF_6,TCGGTAAAGAAACGCC-1,CSF,0.04882829793834171
MS,CSF_6,TCGTACCTCCACGCAG-1,CSF,0.11433258680031291
MS,CSF_6,TCTATTGAGACAGGCT-1,CSF,0.2658699209963236
MS,CSF_6,TCTGAGAGTCATATGC-1,CSF,0.26226921589872604
MS,CSF_6,TCTTCGGCAGATCTGT-1,CSF,-0.08258186570272663
MS,CSF_6,TCTTCGGTCGCCATAA-1,CSF,0.395137426178443
MS,CSF_6,TGAAAGAAGAGTTGGC-1,CSF,1.0684342244328737
MS,CSF_6,TGACAACAGTTCGCAT-1,CSF,-0.1416385003019653
MS,CSF_6,TGACAACTCCATGAGT-1,CSF,0.054358636132362456
MS,CSF_6,TGACGGCGTGTGCGTC-1,CSF,0.31004948635703966
MS,CSF_6,TGAGCATCACTCTGTC-1,CSF,-0.29997119987097626
MS,CSF_6,TGAGGGAGTGACGGTA-1,CSF,-0.08776752600465335
MS,CSF_6,TGCACCTGTCAACATC-1,CSF,0.27428809037915103
MS,CSF_6,TGCCAAATCCTCAATT-1,CSF,-0.29997119987097626
MS,CSF_6,TGCGCAGAGGGTCGAT-1,CSF,-0.014522377500962037
MS,CSF_6,TGCGTGGGTGTGAAAT-1,CSF,-0.29997119987097626
MS,CSF_6,TGCTACCAGGAGTTTA-1,CSF,0.15535719979738435
MS,CSF_6,TGCTACCGTGATAAAC-1,CSF,0.05344022180989816
MS,CSF_6,TGGCCAGTCTGTACGA-1,CSF,-0.20499970586503427
MS,CSF_6,TGGCGCAGTCCCTTGT-1,CSF,0.5120177266043315
MS,CSF_6,TGGTTAGCATCTCGCT-1,CSF,-0.10077467142437888
MS,CSF_6,TGGTTAGTCATATCGG-1,CSF,0.35046213340011245
MS,CSF_6,TGGTTCCAGTTGAGAT-1,CSF,0.3594880927107174
MS,CSF_6,TGTATTCGTTAGTGGG-1,CSF,0.6263429402261499
MS,CSF_6,TGTGGTAGTGATGATA-1,CSF,-0.05497631139244253
MS,CSF_6,TGTGTTTAGTAGGCCA-1,CSF,0.23271379198875
MS,CSF_6,TGTTCCGTCAAACAAG-1,CSF,-0.29997119987097626
MS,CSF_6,TGTTCCGTCGTACGGC-1,CSF,-0.10848001610036258
MS,CSF_6,TTAGGACGTAAACGCG-1,CSF,-0.11865821460359528
MS,CSF_6,TTAGGACTCTAGAGTC-1,CSF,-0.13258974821927724
MS,CSF_6,TTAGGCATCTGCGTAA-1,CSF,-0.29997119987097626
MS,CSF_6,TTATGCTTCAGTTCGA-1,CSF,0.5970051564243672
MS,CSF_6,TTATGCTTCGCGTAGC-1,CSF,-0.012801182998630506
MS,CSF_6,TTCCCAGAGGGAAACA-1,CSF,0.49306550904308155
MS,CSF_6,TTCGAAGCACCTATCC-1,CSF,-0.29997119987097626
MS,CSF_6,TTCGGTCGTATGAAAC-1,CSF,-0.29997119987097626
MS,CSF_6,TTCGGTCTCGCTAGCG-1,CSF,0.054224799286155055
MS,CSF_6,TTCTACACATCACGAT-1,CSF,0.04669271759815641
MS,CSF_6,TTCTACATCACAAACC-1,CSF,0.6750887381073003
MS,CSF_6,TTCTCCTAGAATGTTG-1,CSF,0.28414045361557466
MS,CSF_6,TTCTCCTTCTTAGCCC-1,CSF,-0.29997119987097626
MS,CSF_6,TTGAACGGTCTCCCTA-1,CSF,-0.10189857181397545
MS,CSF_6,TTGCGTCTCCTTTCGG-1,CSF,-0.026235481777335055
MS,CSF_6,TTGGAACCAAATACAG-1,CSF,0.516430976173424
MS,CSF_6,TTGGCAAAGTGTCCCG-1,CSF,-0.08834319225548029
MS,CSF_6,TTTACTGAGACGCAAC-1,CSF,-0.29997119987097626
MS,CSF_6,TTTATGCAGTAGTGCG-1,CSF,-0.08589360394576342
MS,CSF_6,TTTGTCAGTTCGTGAT-1,CSF,0.03746085609512247
MS,CSF_7,AAACCTGCAGTATGCT-1,CSF,-0.18707298163877278
MS,CSF_7,AAAGATGAGCTGAAAT-1,CSF,-0.29997119987097626
MS,CSF_7,AACCATGGTGCCTGTG-1,CSF,-0.29997119987097626
MS,CSF_7,AAGCCGCCAGACAAGC-1,CSF,0.33333121483672545
MS,CSF_7,AAGGCAGCATTAACCG-1,CSF,0.4016001555800775
MS,CSF_7,AAGGTTCGTCATGCAT-1,CSF,-0.29997119987097626
MS,CSF_7,AAGTCTGAGGACATTA-1,CSF,0.7891879673353561
MS,CSF_7,ACACCAAAGGAGCGAG-1,CSF,0.061363242762935984
MS,CSF_7,ACATACGCATGGATGG-1,CSF,0.15626390832928047
MS,CSF_7,ACATACGGTCATGCAT-1,CSF,0.2230677242741694
MS,CSF_7,ACATCAGGTCTAGGTT-1,CSF,0.054634048159838126
MS,CSF_7,ACATCAGTCAAGCCTA-1,CSF,0.005278888899461376
MS,CSF_7,ACATGGTAGGAATCGC-1,CSF,0.2724871975054034
MS,CSF_7,ACCCACTAGGCATGTG-1,CSF,0.2524345322021014
MS,CSF_7,ACCGTAACAACAACCT-1,CSF,0.8768299551504359
MS,CSF_7,ACCTTTAGTAAATGAC-1,CSF,0.32865420707466486
MS,CSF_7,ACCTTTAGTCTAACGT-1,CSF,0.39518410557758443
MS,CSF_7,ACGATACCATGACATC-1,CSF,0.7437989877106316
MS,CSF_7,ACGATACTCCACTGGG-1,CSF,-0.12715390572391558
MS,CSF_7,ACGCAGCCACTGTCGG-1,CSF,0.8529236066586618
MS,CSF_7,ACGCCAGAGAATAGGG-1,CSF,0.012805239148528222
MS,CSF_7,ACGGCCACAAACAACA-1,CSF,-0.29997119987097626
MS,CSF_7,ACTATCTAGTTCGATC-1,CSF,0.01877206830809189
MS,CSF_7,ACTTACTGTACCCAAT-1,CSF,-0.022513534568017923
MS,CSF_7,AGAGCGAAGGTGCTAG-1,CSF,0.3754816356464529
MS,CSF_7,AGAGCGACAACCGCCA-1,CSF,-0.13452771453595241
MS,CSF_7,AGAGCGAGTCGAACAG-1,CSF,0.1976496922435084
MS,CSF_7,AGAGCGATCTGGCGTG-1,CSF,0.4922734558477665
MS,CSF_7,AGAGCTTAGTGTTTGC-1,CSF,-0.15555263591946109
MS,CSF_7,AGAGCTTGTTCGCGAC-1,CSF,1.1227510239999277
MS,CSF_7,AGCGTCGCACGCCAGT-1,CSF,-0.29997119987097626
MS,CSF_7,AGGTCATAGTCAATAG-1,CSF,-0.10729822832529735
MS,CSF_7,AGTAGTCAGCTGGAAC-1,CSF,0.13999764687602786
MS,CSF_7,AGTGGGAAGACGCTTT-1,CSF,-0.17615172712665186
MS,CSF_7,ATAACGCGTACAGCAG-1,CSF,0.15947092325474704
MS,CSF_7,ATAAGAGGTCAAAGCG-1,CSF,-0.06449011301839505
MS,CSF_7,ATAGACCAGACGCAAC-1,CSF,0.6094867706722058
MS,CSF_7,ATCATCTAGCTACCGC-1,CSF,0.500061238076619
MS,CSF_7,ATCCGAACATAGAAAC-1,CSF,0.08561913341693014
MS,CSF_7,ATCCGAAGTTAAGAAC-1,CSF,-0.023613635796837035
MS,CSF_7,ATCTGCCTCTCCAACC-1,CSF,1.6894292145384011
MS,CSF_7,ATTGGTGCATTGTGCA-1,CSF,0.5216259210735688
MS,CSF_7,CAACCAAAGCCACTAT-1,CSF,0.509020973959194
MS,CSF_7,CAACCTCCAGGGAGAG-1,CSF,0.2350842776596196
MS,CSF_7,CAACTAGTCTCCCTGA-1,CSF,0.20792490982099948
MS,CSF_7,CAAGAAATCGGTGTTA-1,CSF,-0.29997119987097626
MS,CSF_7,CAAGATCCACCGAATT-1,CSF,-0.29997119987097626
MS,CSF_7,CACACCTAGACACTAA-1,CSF,-0.29997119987097626
MS,CSF_7,CACATTTGTCTAGCCG-1,CSF,-0.1346703887546101
MS,CSF_7,CACATTTTCGGTCCGA-1,CSF,0.2512706312787249
MS,CSF_7,CACCACTAGTGCCAGA-1,CSF,0.1386546112941965
MS,CSF_7,CAGCATAGTGCATCTA-1,CSF,0.13772708005892187
MS,CSF_7,CAGCGACTCTCCTATA-1,CSF,0.05662458923520058
MS,CSF_7,CATGACAAGGAGCGTT-1,CSF,0.5031028822104099
MS,CSF_7,CATTATCTCCGCGGTA-1,CSF,0.14581112965244597
MS,CSF_7,CCAATCCTCCTCAACC-1,CSF,-0.03805585059948089
MS,CSF_7,CCCAGTTGTCACCCAG-1,CSF,0.26603731552600357
MS,CSF_7,CCGGTAGGTCTTGCGG-1,CSF,0.11906769524374554
MS,CSF_7,CCGTACTAGAAGGCCT-1,CSF,0.10385978994934393
MS,CSF_7,CCGTACTCAAGTAGTA-1,CSF,-0.29997119987097626
MS,CSF_7,CCGTTCATCCTGCAGG-1,CSF,0.02274321097817086
MS,CSF_7,CCTACCAAGTAGGTGC-1,CSF,-0.0767574181956647
MS,CSF_7,CCTACCATCCCTTGCA-1,CSF,-0.07412615018106708
MS,CSF_7,CCTCAGTGTTCCAACA-1,CSF,-0.29997119987097626
MS,CSF_7,CCTTCGAGTATTAGCC-1,CSF,-0.041930309134885026
MS,CSF_7,CCTTTCTAGGTGATAT-1,CSF,0.046039858048838
MS,CSF_7,CGAACATAGTGGAGTC-1,CSF,0.21243449920348184
MS,CSF_7,CGACTTCTCGCTGATA-1,CSF,0.746468439796803
MS,CSF_7,CGAGCCAGTGCACGAA-1,CSF,0.48657709899245827
MS,CSF_7,CGATGGCAGCGCTTAT-1,CSF,-0.29997119987097626
MS,CSF_7,CGATGGCTCACAGTAC-1,CSF,0.055636958905163424
MS,CSF_7,CGATGTAAGAAGGCCT-1,CSF,0.018176490043715448
MS,CSF_7,CGATGTACATTGTGCA-1,CSF,-0.29997119987097626
MS,CSF_7,CGCGTTTAGGATGGAA-1,CSF,0.41789767000131794
MS,CSF_7,CGCTATCAGGTGTGGT-1,CSF,1.028964063272875
MS,CSF_7,CGCTGGAAGGAGTAGA-1,CSF,0.19396928286840848
MS,CSF_7,CGGAGCTGTACTTAGC-1,CSF,-0.29997119987097626
MS,CSF_7,CGGAGTCGTATGAATG-1,CSF,-0.00846553915023542
MS,CSF_7,CGGCTAGTCTAGAGTC-1,CSF,-0.022899245533997692
MS,CSF_7,CGGGTCAAGCAGGCTA-1,CSF,0.2233087191698255
MS,CSF_7,CGTCACTCAACTGGCC-1,CSF,-0.019036200147291498
MS,CSF_7,CGTCCATCAAGTCTAC-1,CSF,0.6975469032602748
MS,CSF_7,CGTGTAATCTGAAAGA-1,CSF,0.9495185617552417
MS,CSF_7,CGTTCTGAGGCTATCT-1,CSF,-0.17875181027041925
MS,CSF_7,CGTTGGGCATTGCGGC-1,CSF,0.412224397507143
MS,CSF_7,CTAACTTGTCCGTTAA-1,CSF,-0.06939611892435082
MS,CSF_7,CTAATGGCAAGTACCT-1,CSF,0.3870020317632319
MS,CSF_7,CTACCCACAGGGATTG-1,CSF,-0.10043047337790079
MS,CSF_7,CTCAGAAAGTCCAGGA-1,CSF,-0.0695057910487199
MS,CSF_7,CTCAGAATCCAACCAA-1,CSF,0.28291587977787697
MS,CSF_7,CTGAAACAGCTGAACG-1,CSF,0.07976568286018625
MS,CSF_7,CTGAAGTAGATGAGAG-1,CSF,0.16387059448464852
MS,CSF_7,CTGCTGTTCACCCGAG-1,CSF,-0.29997119987097626
MS,CSF_7,CTGTTTAGTGAAAGAG-1,CSF,1.0976432670314127
MS,CSF_7,CTTAGGAAGATGCGAC-1,CSF,0.10360802735820664
MS,CSF_7,CTTAGGAAGCAATATG-1,CSF,-0.14413159227925773
MS,CSF_7,GAACCTACACGCTTTC-1,CSF,-0.0537279960251005
MS,CSF_7,GAATAAGCAACACCTA-1,CSF,0.5050583193728487
MS,CSF_7,GAATGAACACTGTCGG-1,CSF,-0.29997119987097626
MS,CSF_7,GAGGTGACAGTGACAG-1,CSF,0.13774913628061267
MS,CSF_7,GAGTCCGAGCTAAACA-1,CSF,-0.05444122994964242
MS,CSF_7,GATCGATAGAAACCAT-1,CSF,0.09845901632945651
MS,CSF_7,GATCGATGTCGGCTCA-1,CSF,0.08191275687643569
MS,CSF_7,GATGAGGTCCCAAGTA-1,CSF,-0.026383036385222967
MS,CSF_7,GATTCAGCAAGGGTCA-1,CSF,0.5848217154862364
MS,CSF_7,GCAATCATCGGATGGA-1,CSF,-0.010965998578302069
MS,CSF_7,GCACATACACTGCCAG-1,CSF,0.03724146339865838
MS,CSF_7,GCACTCTCACCGGAAA-1,CSF,-0.29997119987097626
MS,CSF_7,GCAGTTAAGCTAGTGG-1,CSF,-0.29997119987097626
MS,CSF_7,GCATGATCAAGTCTAC-1,CSF,-0.1498083717353886
MS,CSF_7,GCATGATTCGGCTTGG-1,CSF,0.20107146787782806
MS,CSF_7,GCCAAATCACATAACC-1,CSF,0.3598845525619622
MS,CSF_7,GCTCTGTGTAAACCTC-1,CSF,0.7048727431958082
MS,CSF_7,GCTCTGTGTTCGCGAC-1,CSF,-0.29997119987097626
MS,CSF_7,GCTCTGTTCTCTTGAT-1,CSF,0.3924547343963029
MS,CSF_7,GCTGGGTCACGACGAA-1,CSF,0.34338074714873584
MS,CSF_7,GGAATAAAGTTCGATC-1,CSF,-0.1578139166619845
MS,CSF_7,GGACAAGTCGCAAGCC-1,CSF,-0.29997119987097626
MS,CSF_7,GGACGTCTCAGCATGT-1,CSF,0.29723876227998514
MS,CSF_7,GGAGCAACACAACGTT-1,CSF,-0.29997119987097626
MS,CSF_7,GGATTACGTATGAAAC-1,CSF,0.18825214371209878
MS,CSF_7,GGCAATTCACCAACCG-1,CSF,-0.03722481870427428
MS,CSF_7,GGCGTGTGTCGGCTCA-1,CSF,-0.29997119987097626
MS,CSF_7,GGGAGATGTAAGAGAG-1,CSF,0.206727929938229
MS,CSF_7,GGGCACTGTAATCGTC-1,CSF,-0.18399051763318994
MS,CSF_7,GGGCATCTCACAAACC-1,CSF,0.2884235523100315
MS,CSF_7,GGTGTTACACATTCGA-1,CSF,0.21223674983879834
MS,CSF_7,GTAACTGAGTACGACG-1,CSF,-0.05279157078627759
MS,CSF_7,GTAACTGGTCTAGCGC-1,CSF,-0.29997119987097626
MS,CSF_7,GTACGTATCTACTTAC-1,CSF,1.0295890249177702
MS,CSF_7,GTATTCTAGACATAAC-1,CSF,-0.11693182808374647
MS,CSF_7,GTCACAATCATTATCC-1,CSF,0.3083616486918737
MS,CSF_7,GTCATTTTCAGCAACT-1,CSF,-0.29997119987097626
MS,CSF_7,GTCGGGTGTCAGAAGC-1,CSF,-0.29997119987097626
MS,CSF_7,GTGCTTCGTTAAAGTG-1,CSF,0.013203438016869897
MS,CSF_7,GTGCTTCTCGCATGAT-1,CSF,-0.15870988719974005
MS,CSF_7,GTGGGTCAGAACAACT-1,CSF,0.2868297383440203
MS,CSF_7,TAAGAGAGTGTAATGA-1,CSF,0.07397780933717524
MS,CSF_7,TACCTATAGCCATCGC-1,CSF,-0.29997119987097626
MS,CSF_7,TACGGGCGTCGCGGTT-1,CSF,-0.29997119987097626
MS,CSF_7,TACGGTAAGTCGTACT-1,CSF,0.45356486288607956
MS,CSF_7,TACGGTATCTGATACG-1,CSF,0.09604574672366793
MS,CSF_7,TAGACCAGTCTCGTTC-1,CSF,-0.29997119987097626
MS,CSF_7,TAGTTGGTCTAACGGT-1,CSF,-0.005303407128319964
MS,CSF_7,TCAACGAAGTCCAGGA-1,CSF,0.1676548066165633
MS,CSF_7,TCAGCAAAGACTTGAA-1,CSF,0.27274241916099234
MS,CSF_7,TCAGCTCCAACTGGCC-1,CSF,0.6909910505077793
MS,CSF_7,TCAGGATCATGCTGGC-1,CSF,0.46026046230464657
MS,CSF_7,TCATTACCACCGAAAG-1,CSF,0.758477487572886
MS,CSF_7,TCATTTGTCAACACAC-1,CSF,-0.04970155156061366
MS,CSF_7,TCATTTGTCCACTCCA-1,CSF,0.38305547320364663
MS,CSF_7,TCCACACTCAGTTGAC-1,CSF,-0.11094512259285402
MS,CSF_7,TCTCATAAGTGCGATG-1,CSF,0.1004018780001333
MS,CSF_7,TCTGGAACAACTGGCC-1,CSF,0.6125969445676553
MS,CSF_7,TCTTCGGTCTCAAACG-1,CSF,0.5989689254044589
MS,CSF_7,TGACTAGAGAAACCGC-1,CSF,-0.29997119987097626
MS,CSF_7,TGAGAGGAGAGCCTAG-1,CSF,0.15170983202903068
MS,CSF_7,TGAGCCGCATTCGACA-1,CSF,-0.041706786150308775
MS,CSF_7,TGAGGGACAAGTAGTA-1,CSF,-0.29997119987097626
MS,CSF_7,TGCACCTAGTCAATAG-1,CSF,0.12320155980173829
MS,CSF_7,TGCGCAGGTGGTACAG-1,CSF,-0.038978539460631054
MS,CSF_7,TGTATTCTCTTGCATT-1,CSF,-0.29997119987097626
MS,CSF_7,TGTCCCACACCACGTG-1,CSF,-0.04970155156061366
MS,CSF_7,TGTCCCAGTTACGTCA-1,CSF,0.39284596737586963
MS,CSF_7,TGTTCCGCATAGACTC-1,CSF,-0.18418961047682927
MS,CSF_7,TTCGGTCAGACGCAAC-1,CSF,0.05157129249488236
MS,CSF_7,TTCGGTCTCCACTCCA-1,CSF,0.18671513505917464
MS,CSF_7,TTCTACACATTGTGCA-1,CSF,0.33039140497414243
MS,CSF_7,TTCTCCTTCCATTCTA-1,CSF,-0.034385747253944145
MS,CSF_7,TTCTTAGTCCGATATG-1,CSF,0.06702555776666677
MS,CSF_7,TTGACTTGTGAAGGCT-1,CSF,0.1425859174870174
MS,CSF_7,TTGCCGTTCCACGAAT-1,CSF,-0.29997119987097626
MS,CSF_7,TTGGAACCAACTTGAC-1,CSF,0.13731359070870117
MS,CSF_7,TTGGCAATCGCACTCT-1,CSF,0.21128607900011503
MS,CSF_7,TTTGCGCAGATGGGTC-1,CSF,-0.06487896342189224
MS,CSF_7,TTTGCGCCAAGGGTCA-1,CSF,0.1006649675608503
MS,CSF_8,AAACCTGAGTTCGATC-1,CSF,-0.29997119987097626
MS,CSF_8,AAACCTGGTTTGGGCC-1,CSF,0.35145435079368836
MS,CSF_8,AAACCTGTCATTGCGA-1,CSF,0.3704725976212172
MS,CSF_8,AAACGGGCACTTACGA-1,CSF,-0.29997119987097626
MS,CSF_8,AAACGGGCATTAGCCA-1,CSF,0.32270826727148316
MS,CSF_8,AAAGTAGAGAGTCTGG-1,CSF,0.9442101416586821
MS,CSF_8,AAAGTAGGTAAGTGTA-1,CSF,-0.29997119987097626
MS,CSF_8,AACACGTGTCTCAACA-1,CSF,0.010430913315039005
MS,CSF_8,AACGTTGGTACGCTGC-1,CSF,-0.020376779020493157
MS,CSF_8,AACGTTGTCACTGGGC-1,CSF,0.0428172287168665
MS,CSF_8,AACTCCCTCGTCGTTC-1,CSF,-0.29997119987097626
MS,CSF_8,AACTGGTTCGGCGGTT-1,CSF,0.5879040895219639
MS,CSF_8,AACTTTCGTCAGTGGA-1,CSF,0.012876672931699537
MS,CSF_8,AAGCCGCGTAGGCTGA-1,CSF,-0.12964321105136997
MS,CSF_8,AAGGCAGAGGCCCTCA-1,CSF,0.0030545212654806697
MS,CSF_8,AAGGCAGGTGTTCTTT-1,CSF,-0.29997119987097626
MS,CSF_8,AAGGTTCGTAATAGCA-1,CSF,-0.29997119987097626
MS,CSF_8,AAGTCTGTCTGAGGGA-1,CSF,0.14785032406532955
MS,CSF_8,AATCCAGAGAGTAAGG-1,CSF,-0.29997119987097626
MS,CSF_8,AATCCAGTCCAGTATG-1,CSF,0.16089505157621647
MS,CSF_8,ACAGCCGGTCACTGGC-1,CSF,0.6336507653541572
MS,CSF_8,ACAGCCGGTGTTGGGA-1,CSF,0.06057174010815701
MS,CSF_8,ACAGCCGTCTTCGAGA-1,CSF,-0.01748505063847653
MS,CSF_8,ACAGCTATCCGAATGT-1,CSF,-0.29997119987097626
MS,CSF_8,ACATACGCAGGATTGG-1,CSF,-0.29997119987097626
MS,CSF_8,ACATCAGCAAGAGTCG-1,CSF,0.71270520692862
MS,CSF_8,ACATGGTGTTAGGGTG-1,CSF,-0.08397832937075204
MS,CSF_8,ACCCACTCAAGGACAC-1,CSF,0.03758214954398436
MS,CSF_8,ACCCACTGTGAGGCTA-1,CSF,-0.29997119987097626
MS,CSF_8,ACCGTAAGTAGAAAGG-1,CSF,0.15015495079929594
MS,CSF_8,ACCTTTACATCAGTAC-1,CSF,0.03281424823120766
MS,CSF_8,ACGAGCCCACCGGAAA-1,CSF,-0.13598722534326854
MS,CSF_8,ACGAGCCGTCACTGGC-1,CSF,0.28988401964821536
MS,CSF_8,ACGCAGCAGATATACG-1,CSF,0.958660900346224
MS,CSF_8,ACGGGCTGTATCTGCA-1,CSF,-0.1717315577438528
MS,CSF_8,ACGGGTCAGTGAATTG-1,CSF,-0.29997119987097626
MS,CSF_8,ACGGGTCGTAAGTTCC-1,CSF,-0.29997119987097626
MS,CSF_8,ACGTCAACAGCTGCTG-1,CSF,-0.17285525383361358
MS,CSF_8,ACTATCTTCTACTCAT-1,CSF,0.28047450548540337
MS,CSF_8,ACTGAGTTCTTCGAGA-1,CSF,0.07175628744197297
MS,CSF_8,ACTGTCCTCCTGTACC-1,CSF,0.06207949508409126
MS,CSF_8,ACTTACTTCCGCGGTA-1,CSF,0.864132752739948
MS,CSF_8,ACTTGTTTCGGAATCT-1,CSF,-0.1379815057872726
MS,CSF_8,AGAATAGAGTCCGGTC-1,CSF,-0.29997119987097626
MS,CSF_8,AGAATAGGTAACGCGA-1,CSF,0.06078824416745791
MS,CSF_8,AGAGCGAAGATCGATA-1,CSF,-0.29997119987097626
MS,CSF_8,AGAGCTTTCACTATTC-1,CSF,-0.05846460495589589
MS,CSF_8,AGAGTGGTCAAGATCC-1,CSF,-0.1453168587495395
MS,CSF_8,AGATCTGGTCTTGTCC-1,CSF,0.1613741833563668
MS,CSF_8,AGCAGCCTCCTATTCA-1,CSF,-0.29997119987097626
MS,CSF_8,AGCGGTCCAGCCTATA-1,CSF,-0.15312615745920669
MS,CSF_8,AGCTCCTAGCTCTCGG-1,CSF,-0.2010222089462023
MS,CSF_8,AGCTCTCGTCAATGTC-1,CSF,0.10976358062177208
MS,CSF_8,AGCTCTCGTCGGCACT-1,CSF,0.5369218436323673
MS,CSF_8,AGGGAGTAGCACACAG-1,CSF,-0.29997119987097626
MS,CSF_8,AGGGAGTGTATATGGA-1,CSF,0.3885730925589496
MS,CSF_8,AGGTCATTCGAGAACG-1,CSF,-0.29997119987097626
MS,CSF_8,AGGTCATTCTTCGAGA-1,CSF,0.24747902586753392
MS,CSF_8,AGTCTTTAGGTAGCCA-1,CSF,-0.29997119987097626
MS,CSF_8,AGTGAGGCATGGATGG-1,CSF,-0.29997119987097626
MS,CSF_8,AGTGAGGGTTTGGGCC-1,CSF,-0.09378646919276809
MS,CSF_8,AGTGGGAAGTCTCGGC-1,CSF,-0.021075289630684963
MS,CSF_8,AGTGGGATCATCACCC-1,CSF,0.48916521777154603
MS,CSF_8,AGTGTCACAAGTCTGT-1,CSF,-0.29997119987097626
MS,CSF_8,AGTGTCATCTGAGGGA-1,CSF,-0.29997119987097626
MS,CSF_8,AGTTGGTCACACTGCG-1,CSF,-0.008673579063304257
MS,CSF_8,AGTTGGTTCGGATGGA-1,CSF,0.02556763396131521
MS,CSF_8,ATAACGCAGCCATCGC-1,CSF,-0.29997119987097626
MS,CSF_8,ATAAGAGCAGGTCTCG-1,CSF,0.15374428332621812
MS,CSF_8,ATAGACCCAATGAAAC-1,CSF,0.08057040454223664
MS,CSF_8,ATCATCTAGAGGGCTT-1,CSF,0.005238075933794281
MS,CSF_8,ATCATCTAGCAGCGTA-1,CSF,-0.29997119987097626
MS,CSF_8,ATCATCTCAAACCTAC-1,CSF,-0.09096323492260734
MS,CSF_8,ATCATCTTCTTGAGGT-1,CSF,0.25847519415618286
MS,CSF_8,ATCATGGAGGTAGCTG-1,CSF,-0.29997119987097626
MS,CSF_8,ATCCACCAGGGCTTGA-1,CSF,-0.29997119987097626
MS,CSF_8,ATCCGAATCTGATTCT-1,CSF,-0.29997119987097626
MS,CSF_8,ATCGAGTGTAAACCTC-1,CSF,0.11573936226848423
MS,CSF_8,ATGAGGGCAAGAAAGG-1,CSF,0.033911388802554274
MS,CSF_8,ATGAGGGCATATACCG-1,CSF,0.4220451997406607
MS,CSF_8,ATGAGGGCATTGGGCC-1,CSF,-0.159284053286574
MS,CSF_8,ATGCGATTCGGTTCGG-1,CSF,0.33237419067103163
MS,CSF_8,ATTGGACGTTCCACGG-1,CSF,1.1808397803793664
MS,CSF_8,ATTGGTGGTACAGTGG-1,CSF,-0.29997119987097626
MS,CSF_8,ATTTCTGTCGGCGGTT-1,CSF,-0.29997119987097626
MS,CSF_8,ATTTCTGTCTAAGCCA-1,CSF,0.28348473474315095
MS,CSF_8,CAACCTCTCCGAACGC-1,CSF,-0.29997119987097626
MS,CSF_8,CAACTAGAGAATTCCC-1,CSF,0.08143524220542508
MS,CSF_8,CAACTAGGTCGAACAG-1,CSF,-0.061809389319806514
MS,CSF_8,CAAGAAATCAGAAATG-1,CSF,0.4250827503044185
MS,CSF_8,CACAAACCACCAGTTA-1,CSF,-0.29997119987097626
MS,CSF_8,CACAAACGTCAGAGGT-1,CSF,-0.024250169825812944
MS,CSF_8,CACCACTAGGGATGGG-1,CSF,0.05682685506604065
MS,CSF_8,CACCACTGTCCATCCT-1,CSF,0.10758173322830171
MS,CSF_8,CACCAGGGTAGCGCTC-1,CSF,-0.29997119987097626
MS,CSF_8,CAGAATCAGACTAGAT-1,CSF,0.23168576217941678
MS,CSF_8,CAGAATCGTATCTGCA-1,CSF,0.29736814759208013
MS,CSF_8,CAGATCAAGGGTTTCT-1,CSF,-0.29997119987097626
MS,CSF_8,CAGATCAAGGTGCTTT-1,CSF,-0.29997119987097626
MS,CSF_8,CAGCAGCGTTCAGCGC-1,CSF,-0.09303811103671891
MS,CSF_8,CAGCGACGTTGATTGC-1,CSF,0.035009282115348136
MS,CSF_8,CAGCTGGCAGCGTCCA-1,CSF,0.03189732621983339
MS,CSF_8,CAGGTGCAGGGATGGG-1,CSF,-0.29997119987097626
MS,CSF_8,CAGGTGCCAATCCAAC-1,CSF,0.2818911548532488
MS,CSF_8,CAGTAACGTATCAGTC-1,CSF,-0.29997119987097626
MS,CSF_8,CATATGGAGGAGTAGA-1,CSF,0.40095710030701187
MS,CSF_8,CATATGGGTTCGTGAT-1,CSF,-0.2125602938142111
MS,CSF_8,CATATTCGTAGCCTAT-1,CSF,0.38412868106083614
MS,CSF_8,CATCAAGAGTCAAGCG-1,CSF,-0.29997119987097626
MS,CSF_8,CATCAGAAGCGAGAAA-1,CSF,0.3097541623246533
MS,CSF_8,CATCGAACATTCTCAT-1,CSF,-0.29997119987097626
MS,CSF_8,CATCGAAGTATAAACG-1,CSF,0.6744748996340864
MS,CSF_8,CATCGGGAGTGCAAGC-1,CSF,0.20518885047459415
MS,CSF_8,CATCGGGTCGGTCCGA-1,CSF,0.8526787515989245
MS,CSF_8,CATGCCTCACTTAACG-1,CSF,0.36074399675988006
MS,CSF_8,CATGGCGAGTCCGTAT-1,CSF,0.22188789359152308
MS,CSF_8,CATGGCGCACAACTGT-1,CSF,-0.10985036793083047
MS,CSF_8,CATTATCCACGAAAGC-1,CSF,0.36792502106288466
MS,CSF_8,CCACCTAAGTGGTAAT-1,CSF,-0.29997119987097626
MS,CSF_8,CCACGGACACGGTGTC-1,CSF,-0.0982865057455751
MS,CSF_8,CCACGGATCAGCGACC-1,CSF,0.19979877651395514
MS,CSF_8,CCACGGATCCTCATTA-1,CSF,-0.29997119987097626
MS,CSF_8,CCACTACCACGGATAG-1,CSF,0.1673755346445658
MS,CSF_8,CCAGCGACATTTGCCC-1,CSF,-0.20511847358923624
MS,CSF_8,CCAGCGATCTGATTCT-1,CSF,-0.29997119987097626
MS,CSF_8,CCATGTCAGCCACTAT-1,CSF,-0.29997119987097626
MS,CSF_8,CCATGTCCACAACGCC-1,CSF,-0.01932028400890164
MS,CSF_8,CCATGTCGTCGCATAT-1,CSF,-0.167685696278194
MS,CSF_8,CCATTCGAGGGTTCCC-1,CSF,0.09705972985803792
MS,CSF_8,CCCAGTTAGAGCCTAG-1,CSF,0.19463701045968243
MS,CSF_8,CCCAGTTGTGACGGTA-1,CSF,-0.29997119987097626
MS,CSF_8,CCCTCCTTCCAGTAGT-1,CSF,0.3388256456223347
MS,CSF_8,CCCTCCTTCTCCAGGG-1,CSF,0.3196326308171225
MS,CSF_8,CCGGTAGTCATGTAGC-1,CSF,0.0010517234942147371
MS,CSF_8,CCGTTCAAGCGAAGGG-1,CSF,-0.06619049153370117
MS,CSF_8,CCGTTCAGTGTCTGAT-1,CSF,0.013276455639373599
MS,CSF_8,CCTAAAGTCTTCGAGA-1,CSF,0.3955430122215039
MS,CSF_8,CCTACCAGTCAGAGGT-1,CSF,0.1883463454836957
MS,CSF_8,CCTAGCTGTACTCTCC-1,CSF,-0.1116017042212155
MS,CSF_8,CCTCTGACAATCCAAC-1,CSF,0.5260329988149915
MS,CSF_8,CCTTACGAGCGCTTAT-1,CSF,0.21582875886274944
MS,CSF_8,CCTTACGGTCGGGTCT-1,CSF,-0.0883641397907146
MS,CSF_8,CCTTTCTAGGGAGTAA-1,CSF,-0.29997119987097626
MS,CSF_8,CCTTTCTCACGAGGTA-1,CSF,-0.29997119987097626
MS,CSF_8,CCTTTCTCATCGATTG-1,CSF,0.4205682692584131
MS,CSF_8,CCTTTCTGTACGAAAT-1,CSF,-0.07283215543516401
MS,CSF_8,CGAACATAGACCGGAT-1,CSF,0.8172908093456372
MS,CSF_8,CGAACATCATGTAGTC-1,CSF,0.4303149693405386
MS,CSF_8,CGACCTTCATCCAACA-1,CSF,-0.29997119987097626
MS,CSF_8,CGACTTCAGAGCTATA-1,CSF,0.19651268700431726
MS,CSF_8,CGATTGACAGTTTACG-1,CSF,0.18125330999615283
MS,CSF_8,CGCGGTAAGTGGAGAA-1,CSF,0.03446427857681056
MS,CSF_8,CGCTGGATCAGCACAT-1,CSF,-0.29997119987097626
MS,CSF_8,CGCTTCACAAATCCGT-1,CSF,0.12951210679644645
MS,CSF_8,CGCTTCACAGAGTGTG-1,CSF,-0.29997119987097626
MS,CSF_8,CGGACACAGCAACGGT-1,CSF,-0.29997119987097626
MS,CSF_8,CGGACACGTGTCTGAT-1,CSF,0.33009946242701715
MS,CSF_8,CGGACTGAGGCGATAC-1,CSF,0.5712318390206456
MS,CSF_8,CGGACTGTCAGCTTAG-1,CSF,-0.029962052304738234
MS,CSF_8,CGGACTGTCGCGATCG-1,CSF,-0.1042905703915024
MS,CSF_8,CGGAGCTTCTACTCAT-1,CSF,-0.025452501556852625
MS,CSF_8,CGTAGGCCAGATCTGT-1,CSF,-0.29997119987097626
MS,CSF_8,CGTCAGGCAGGTGGAT-1,CSF,0.483701119839242
MS,CSF_8,CGTCAGGGTGAGGGTT-1,CSF,0.4722094630112474
MS,CSF_8,CGTCTACCACATTCGA-1,CSF,-0.29997119987097626
MS,CSF_8,CGTGAGCAGCTGATAA-1,CSF,-0.29997119987097626
MS,CSF_8,CGTGTAAAGATATACG-1,CSF,-0.09224602042601993
MS,CSF_8,CGTGTAAGTCGACTGC-1,CSF,0.40525633430208313
MS,CSF_8,CGTTAGACAGTACACT-1,CSF,0.212157878985066
MS,CSF_8,CGTTCTGCATGTTGAC-1,CSF,-0.14678870653885331
MS,CSF_8,CGTTCTGGTAAGTAGT-1,CSF,0.2810853835662533
MS,CSF_8,CGTTCTGGTGTTGGGA-1,CSF,0.09327240580910312
MS,CSF_8,CTAACTTGTCAAGCGA-1,CSF,-0.07758512275758515
MS,CSF_8,CTACGTCAGGTTCCTA-1,CSF,0.16783970580106417
MS,CSF_8,CTAGCCTTCTGCTGCT-1,CSF,0.02164662107242172
MS,CSF_8,CTAGTGACAGGGATTG-1,CSF,0.29685128937312516
MS,CSF_8,CTCAGAACAGTACACT-1,CSF,0.07015851348848848
MS,CSF_8,CTCCTAGCATGAAGTA-1,CSF,0.07105892789481717
MS,CSF_8,CTCCTAGGTCGCTTTC-1,CSF,-0.03195056311441745
MS,CSF_8,CTCGAAACACGTCAGC-1,CSF,-0.29997119987097626
MS,CSF_8,CTCGAAACATGATCCA-1,CSF,-0.29997119987097626
MS,CSF_8,CTCGAGGCAAAGCGGT-1,CSF,0.14755789432738325
MS,CSF_8,CTCGAGGCACTAGTAC-1,CSF,0.8843792658038397
MS,CSF_8,CTCGGAGCAAGGACTG-1,CSF,-0.29997119987097626
MS,CSF_8,CTCGGAGTCTGGTATG-1,CSF,-0.09447079714808124
MS,CSF_8,CTCGTACCAATAGAGT-1,CSF,0.04750315238737969
MS,CSF_8,CTCTAATGTATTCTCT-1,CSF,0.2659114022104458
MS,CSF_8,CTCTACGCAGGTCCAC-1,CSF,-0.29997119987097626
MS,CSF_8,CTCTGGTCATTACGAC-1,CSF,0.03190325938304033
MS,CSF_8,CTCTGGTTCAGGTTCA-1,CSF,-0.037097344838687825
MS,CSF_8,CTGAAACCACGAGAGT-1,CSF,-0.29997119987097626
MS,CSF_8,CTGAAGTCAACGCACC-1,CSF,-0.29997119987097626
MS,CSF_8,CTGAAGTTCCGCAGTG-1,CSF,-0.29997119987097626
MS,CSF_8,CTGATAGTCGGCTTGG-1,CSF,0.8848024370838993
MS,CSF_8,CTGCCTAGTACCGGCT-1,CSF,0.06549290889229169
MS,CSF_8,CTGCGGATCTGATTCT-1,CSF,0.68699339163176
MS,CSF_8,CTGGTCTGTTATCCGA-1,CSF,-0.29997119987097626
MS,CSF_8,CTGGTCTTCATCGGAT-1,CSF,0.2195466103735961
MS,CSF_8,CTGTTTACAAAGTCAA-1,CSF,-0.29997119987097626
MS,CSF_8,GAAACTCTCCTCTAGC-1,CSF,-0.09037248068188289
MS,CSF_8,GAACATCGTTTCCACC-1,CSF,-0.0060235804065288156
MS,CSF_8,GAACCTAAGGCAATTA-1,CSF,-0.29997119987097626
MS,CSF_8,GAACGGATCCCTAATT-1,CSF,0.33845915238489377
MS,CSF_8,GAATAAGTCATGTGGT-1,CSF,0.18406790515599236
MS,CSF_8,GAATGAAAGTTAGGTA-1,CSF,0.15612150587965398
MS,CSF_8,GACACGCCAAGGGTCA-1,CSF,-0.29997119987097626
MS,CSF_8,GACCAATAGCAGGTCA-1,CSF,0.05093609160845214
MS,CSF_8,GACCTGGAGGCTATCT-1,CSF,0.17580596975620108
MS,CSF_8,GACGGCTGTCGCGTGT-1,CSF,-0.053989117602291525
MS,CSF_8,GACTAACGTGCAACGA-1,CSF,0.04777773307158772
MS,CSF_8,GAGGTGACAGAGCCAA-1,CSF,-0.15921257113826312
MS,CSF_8,GAGTCCGAGATCCCGC-1,CSF,0.6030040151883603
MS,CSF_8,GATCGATGTCTTGATG-1,CSF,0.8783801012370358
MS,CSF_8,GATCGCGAGAACAACT-1,CSF,0.13701736280048457
MS,CSF_8,GATCGCGAGCTTATCG-1,CSF,-0.29997119987097626
MS,CSF_8,GATCGTATCGGCGCAT-1,CSF,0.32444181049510296
MS,CSF_8,GATGAAATCACGATGT-1,CSF,-0.056851551639482134
MS,CSF_8,GATGAGGCACATGGGA-1,CSF,-0.29997119987097626
MS,CSF_8,GATGAGGGTTCCACTC-1,CSF,0.21970696538976614
MS,CSF_8,GATTCAGGTTCCAACA-1,CSF,0.09722236222064094
MS,CSF_8,GATTCAGTCCTTTCTC-1,CSF,-0.29997119987097626
MS,CSF_8,GCAAACTAGGGTGTGT-1,CSF,-0.29997119987097626
MS,CSF_8,GCAAACTGTATAGGGC-1,CSF,-0.29997119987097626
MS,CSF_8,GCAGTTAAGTGACTCT-1,CSF,0.1268209745428719
MS,CSF_8,GCATGCGGTAAAGTCA-1,CSF,0.10033524927485823
MS,CSF_8,GCGAGAATCTTTAGTC-1,CSF,-0.05848010119914883
MS,CSF_8,GCGGGTTTCTTGAGAC-1,CSF,-0.29997119987097626
MS,CSF_8,GCTGCAGAGTCCAGGA-1,CSF,-0.29997119987097626
MS,CSF_8,GCTGCAGGTAATAGCA-1,CSF,-0.29997119987097626
MS,CSF_8,GCTGCGACAAGGCTCC-1,CSF,0.4156718584814416
MS,CSF_8,GCTGCGATCAGCTCGG-1,CSF,-0.10169378482427878
MS,CSF_8,GCTGCGATCTTCAACT-1,CSF,0.01521014699487398
MS,CSF_8,GCTGCTTGTCCGAGTC-1,CSF,0.890145951624488
MS,CSF_8,GCTGGGTGTTGTTTGG-1,CSF,-0.29997119987097626
MS,CSF_8,GCTTCCACAGTATAAG-1,CSF,-0.29997119987097626
MS,CSF_8,GGAACTTAGGCAATTA-1,CSF,0.012261138593086767
MS,CSF_8,GGACAAGGTCATGCAT-1,CSF,-0.29997119987097626
MS,CSF_8,GGACAAGTCACAACGT-1,CSF,0.6292152661784362
MS,CSF_8,GGACATTAGAAGGTTT-1,CSF,-0.29997119987097626
MS,CSF_8,GGACATTCATTGTGCA-1,CSF,-0.29997119987097626
MS,CSF_8,GGAGCAAGTGCCTTGG-1,CSF,-0.29997119987097626
MS,CSF_8,GGATTACCATCACGAT-1,CSF,1.2250861290168253
MS,CSF_8,GGCAATTGTTACGGAG-1,CSF,-0.29997119987097626
MS,CSF_8,GGCTGGTGTACAGACG-1,CSF,-0.16764438219837832
MS,CSF_8,GGCTGGTTCTGTTGAG-1,CSF,0.020925805838897218
MS,CSF_8,GGGAGATTCTACCTGC-1,CSF,0.303523870326706
MS,CSF_8,GGGCACTCATCTATGG-1,CSF,-0.29997119987097626
MS,CSF_8,GGGCATCGTTCAGACT-1,CSF,-0.11139826268578419
MS,CSF_8,GGGTTGCCACCCATTC-1,CSF,-0.002285326225395504
MS,CSF_8,GGTATTGGTGTTGAGG-1,CSF,-0.29997119987097626
MS,CSF_8,GGTGAAGCAATAACGA-1,CSF,-0.00024115865577669014
MS,CSF_8,GTACTTTGTGACCAAG-1,CSF,0.07986165030474544
MS,CSF_8,GTCACAATCCTTTCGG-1,CSF,-0.29997119987097626
MS,CSF_8,GTCACAATCGCGCCAA-1,CSF,-0.29997119987097626
MS,CSF_8,GTCCTCAAGATTACCC-1,CSF,0.6825919690476087
MS,CSF_8,GTCCTCAAGGCTCAGA-1,CSF,-0.09394030993366467
MS,CSF_8,GTCCTCATCAGTCCCT-1,CSF,-0.29997119987097626
MS,CSF_8,GTCCTCATCTGCTGTC-1,CSF,0.0874679303170071
MS,CSF_8,GTCGGGTAGTGGTAGC-1,CSF,0.09187404910293838
MS,CSF_8,GTCGTAACAGGATCGA-1,CSF,0.04679858604347209
MS,CSF_8,GTGCATATCATGCAAC-1,CSF,-0.057018187940197605
MS,CSF_8,GTGCGGTAGATATGGT-1,CSF,0.37412975678007904
MS,CSF_8,GTGCGGTGTTGCTCCT-1,CSF,-0.29997119987097626
MS,CSF_8,GTTACAGTCCAGTATG-1,CSF,0.38834760777457145
MS,CSF_8,GTTCATTCACCAGGCT-1,CSF,-0.29997119987097626
MS,CSF_8,TAAACCGAGTGAACAT-1,CSF,-0.1242802098399624
MS,CSF_8,TAAACCGCACGCTTTC-1,CSF,0.41712722464676677
MS,CSF_8,TAAACCGGTGTGGTTT-1,CSF,0.3957314047579044
MS,CSF_8,TAAACCGGTTTGACTG-1,CSF,0.041358666765327845
MS,CSF_8,TAAGAGAAGGTTACCT-1,CSF,0.09459464153239763
MS,CSF_8,TAAGAGAGTTAGGGTG-1,CSF,0.1460733401715482
MS,CSF_8,TAAGCGTAGGCAATTA-1,CSF,-0.29997119987097626
MS,CSF_8,TAAGCGTTCTTCTGGC-1,CSF,0.9505119794583078
MS,CSF_8,TACACGAAGTTGTCGT-1,CSF,-0.11042026782616003
MS,CSF_8,TACACGAGTGAGGCTA-1,CSF,0.12369934496602451
MS,CSF_8,TACACGAGTTGCGTTA-1,CSF,-0.1353321539818339
MS,CSF_8,TACAGTGAGTGTTAGA-1,CSF,0.43597773831042985
MS,CSF_8,TACAGTGCATTACCTT-1,CSF,-0.00806690641041952
MS,CSF_8,TACCTATCAGCGTTCG-1,CSF,-0.29997119987097626
MS,CSF_8,TACCTTACAAGCCTAT-1,CSF,-0.29997119987097626
MS,CSF_8,TACCTTAGTAAAGGAG-1,CSF,0.39422686069604956
MS,CSF_8,TACCTTATCACTTACT-1,CSF,-0.29997119987097626
MS,CSF_8,TACGGATGTCTGATCA-1,CSF,0.05372627845999932
MS,CSF_8,TACGGGCAGGTGCTTT-1,CSF,0.0911065029949227
MS,CSF_8,TACGGGCTCAGCACAT-1,CSF,-0.29997119987097626
MS,CSF_8,TACTCATAGCTGGAAC-1,CSF,-0.06184157557014177
MS,CSF_8,TACTTACCAATAAGCA-1,CSF,0.24696118876135814
MS,CSF_8,TAGACCAGTCATCGGC-1,CSF,0.3459945457058223
MS,CSF_8,TAGAGCTAGGAGTAGA-1,CSF,-0.29997119987097626
MS,CSF_8,TAGTGGTCAGCTTAAC-1,CSF,0.15112891292304645
MS,CSF_8,TAGTGGTCATGCCACG-1,CSF,-0.128809498780843
MS,CSF_8,TAGTTGGCAACTGCTA-1,CSF,-0.07847890517808247
MS,CSF_8,TAGTTGGGTCTCTTAT-1,CSF,-0.29997119987097626
MS,CSF_8,TCAATCTAGGCTAGCA-1,CSF,0.7772374763957136
MS,CSF_8,TCACAAGCACTGTTAG-1,CSF,-0.29997119987097626
MS,CSF_8,TCAGGATGTCTCTCTG-1,CSF,0.3703227767436824
MS,CSF_8,TCAGGTAAGATATGCA-1,CSF,1.1579988912846948
MS,CSF_8,TCATTACCACCGTTGG-1,CSF,0.10319722707130767
MS,CSF_8,TCCACACTCCACGACG-1,CSF,-0.29997119987097626
MS,CSF_8,TCCACACTCGCCCTTA-1,CSF,0.38030548966676364
MS,CSF_8,TCCCGATCAAGCCCAC-1,CSF,-0.29997119987097626
MS,CSF_8,TCGAGGCCATTAGCCA-1,CSF,1.078812564007839
MS,CSF_8,TCGCGAGAGGCAGTCA-1,CSF,-0.29997119987097626
MS,CSF_8,TCGTACCGTAGCGATG-1,CSF,0.5631347489719881
MS,CSF_8,TCTCATAGTACTCAAC-1,CSF,0.16764524144951895
MS,CSF_8,TCTCATAGTTGGTAAA-1,CSF,-0.08275077921106168
MS,CSF_8,TCTCTAACACAACGTT-1,CSF,-0.29997119987097626
MS,CSF_8,TCTCTAACAGGTGGAT-1,CSF,-0.22244381131721075
MS,CSF_8,TCTGGAATCGCAAGCC-1,CSF,-0.29997119987097626
MS,CSF_8,TCTTCGGGTCAAAGAT-1,CSF,0.06702555776666677
MS,CSF_8,TGACGGCCAACACCCG-1,CSF,-0.29997119987097626
MS,CSF_8,TGACGGCGTCGCATCG-1,CSF,-0.09409384594659663
MS,CSF_8,TGACGGCTCCTTTACA-1,CSF,-0.12478703104662023
MS,CSF_8,TGACTTTCAATCCGAT-1,CSF,-0.29997119987097626
MS,CSF_8,TGACTTTGTAGCTTGT-1,CSF,0.1281054651909373
MS,CSF_8,TGACTTTGTATAGTAG-1,CSF,0.13898084725125856
MS,CSF_8,TGAGCCGGTACTTAGC-1,CSF,0.009110727173484283
MS,CSF_8,TGAGGGATCAGGATCT-1,CSF,-0.29997119987097626
MS,CSF_8,TGCACCTCACCACCAG-1,CSF,-0.059465061842616844
MS,CSF_8,TGCGCAGTCATTATCC-1,CSF,0.5574024904996556
MS,CSF_8,TGCTACCTCGCCTGTT-1,CSF,-0.009387202997367065
MS,CSF_8,TGCTGCTCAGCTGCAC-1,CSF,-0.29997119987097626
MS,CSF_8,TGGCGCAGTAAGTGTA-1,CSF,-0.29997119987097626
MS,CSF_8,TGGTTAGAGAGGTTAT-1,CSF,0.10875917451072621
MS,CSF_8,TGTATTCGTCTGGTCG-1,CSF,0.2398441791618302
MS,CSF_8,TGTCCCACAAGCCGTC-1,CSF,0.03278167318543141
MS,CSF_8,TGTGTTTAGAGGTTGC-1,CSF,-0.29997119987097626
MS,CSF_8,TGTGTTTGTAGCGCAA-1,CSF,0.018987121087349366
MS,CSF_8,TTAGGACCATTTCACT-1,CSF,0.47817072813190614
MS,CSF_8,TTAGTTCTCAACACTG-1,CSF,0.7382405876925355
MS,CSF_8,TTCGGTCTCTCTGTCG-1,CSF,0.19333328814516246
MS,CSF_8,TTCTCCTTCAGTCCCT-1,CSF,-0.29997119987097626
MS,CSF_8,TTCTCCTTCCAGGGCT-1,CSF,-0.29997119987097626
MS,CSF_8,TTCTTAGAGAAACCGC-1,CSF,-0.16097441446711705
MS,CSF_8,TTGAACGGTCCTCCAT-1,CSF,-0.29997119987097626
MS,CSF_8,TTGACTTGTGCCTGCA-1,CSF,0.2015802505746138
MS,CSF_8,TTGCCGTAGGCTAGCA-1,CSF,1.1551142338328773
MS,CSF_8,TTGGAACAGCACACAG-1,CSF,-0.17529022951595774
MS,CSF_8,TTGTAGGAGAAACCAT-1,CSF,-0.29997119987097626
MS,CSF_8,TTGTAGGTCCGCATAA-1,CSF,0.5574131860841052
MS,CSF_8,TTTATGCCACCGATAT-1,CSF,-0.29997119987097626
MS,CSF_8,TTTCCTCTCCGCGGTA-1,CSF,-0.29997119987097626
MS,CSF_8,TTTGCGCGTATAGTAG-1,CSF,-0.16275332256198843
MS,CSF_9,AAACCTGCAGTGAGTG-1,CSF,0.02389821682263915
MS,CSF_9,AAAGATGAGTACGTTC-1,CSF,-0.29997119987097626
MS,CSF_9,AAAGATGCAGATGGCA-1,CSF,-0.29997119987097626
MS,CSF_9,AAAGTAGCACACAGAG-1,CSF,-0.03770424082573579
MS,CSF_9,AACCGCGAGCAATATG-1,CSF,0.19881595771348254
MS,CSF_9,AACCGCGGTTAAGTAG-1,CSF,0.16549111981622075
MS,CSF_9,AACTCTTTCTATCCCG-1,CSF,0.08164944695194103
MS,CSF_9,AACTTTCCAGACTCGC-1,CSF,-0.11865821460359528
MS,CSF_9,AAGGCAGTCTTGAGAC-1,CSF,0.1918675100132208
MS,CSF_9,AAGGTTCAGAGTACAT-1,CSF,0.8364404130987666
MS,CSF_9,AAGTCTGTCGGATGGA-1,CSF,1.098540697270871
MS,CSF_9,ACACCGGAGCGAGAAA-1,CSF,0.15646153257896114
MS,CSF_9,ACAGCCGAGACTCGGA-1,CSF,0.7651003620804548
MS,CSF_9,ACAGCCGGTGAGGGAG-1,CSF,-0.29997119987097626
MS,CSF_9,ACAGCCGTCAGAGCTT-1,CSF,0.009544711427915385
MS,CSF_9,ACATCAGAGCTCAACT-1,CSF,0.36517500586969714
MS,CSF_9,ACATCAGTCGAATGCT-1,CSF,0.049202739531939356
MS,CSF_9,ACCCACTCATTACGAC-1,CSF,-0.09894917605569607
MS,CSF_9,ACCGTAAGTTGCGTTA-1,CSF,0.44188425071598403
MS,CSF_9,ACCTTTATCTTTAGGG-1,CSF,-0.01054474254847647
MS,CSF_9,ACGCAGCAGTGGGTTG-1,CSF,-0.09703680546187551
MS,CSF_9,ACGCCGACATTCACTT-1,CSF,-0.02234428893126639
MS,CSF_9,ACGGAGAGTGAAATCA-1,CSF,0.026988211642435842
MS,CSF_9,ACGGAGATCCTTGGTC-1,CSF,0.08771032729163857
MS,CSF_9,ACGGCCAAGGCATTGG-1,CSF,0.4602698152202135
MS,CSF_9,ACTATCTCACCAGGTC-1,CSF,-0.12568276479586463
MS,CSF_9,ACTATCTGTCTAGCGC-1,CSF,0.2587952683683203
MS,CSF_9,ACTGAGTAGTTCCACA-1,CSF,-0.05098747090986088
MS,CSF_9,ACTGATGAGCGTTGCC-1,CSF,-0.29997119987097626
MS,CSF_9,ACTGATGTCACTGGGC-1,CSF,-0.29997119987097626
MS,CSF_9,ACTGCTCAGACCCACC-1,CSF,-0.013846631133318429
MS,CSF_9,ACTTTCACATCGACGC-1,CSF,0.07839854824895584
MS,CSF_9,ACTTTCATCTAACTCT-1,CSF,-0.29997119987097626
MS,CSF_9,AGAATAGTCACGCGGT-1,CSF,0.5316738912945788
MS,CSF_9,AGACGTTCAAGGTTTC-1,CSF,0.16349639485219417
MS,CSF_9,AGACGTTGTCTGCCAG-1,CSF,-0.14879410955356517
MS,CSF_9,AGAGCGATCCAACCAA-1,CSF,-0.117355682549614
MS,CSF_9,AGAGTGGAGATAGCAT-1,CSF,0.2436729268917482
MS,CSF_9,AGAGTGGCAGGGCATA-1,CSF,0.15890167494829763
MS,CSF_9,AGATCTGAGAGGTAGA-1,CSF,-0.29997119987097626
MS,CSF_9,AGATCTGTCACAATGC-1,CSF,0.1068730281960165
MS,CSF_9,AGATTGCTCCGGGTGT-1,CSF,0.4445021395490163
MS,CSF_9,AGCGTATAGGCGCTCT-1,CSF,-0.12131131507756723
MS,CSF_9,AGCGTATGTCGGGTCT-1,CSF,-0.09458115315315761
MS,CSF_9,AGCGTCGCACTATCTT-1,CSF,-0.29997119987097626
MS,CSF_9,AGCTTGACACTTCTGC-1,CSF,0.11625680731018646
MS,CSF_9,AGGCCGTCAAACCTAC-1,CSF,0.28000014293001624
MS,CSF_9,AGGGAGTTCCTGCAGG-1,CSF,0.08240033857256014
MS,CSF_9,AGGTCCGAGCCTCGTG-1,CSF,-0.016709812183869417
MS,CSF_9,AGTCTTTTCGAATGGG-1,CSF,0.2141526617377216
MS,CSF_9,AGTGGGATCTGATACG-1,CSF,0.09397569651082714
MS,CSF_9,AGTGTCAAGAGTAAGG-1,CSF,-0.29997119987097626
MS,CSF_9,AGTTGGTCAGACAAAT-1,CSF,-0.08906788514774956
MS,CSF_9,ATAACGCAGAGCTGGT-1,CSF,0.9075610498797504
MS,CSF_9,ATAAGAGAGCAGCCTC-1,CSF,-0.29997119987097626
MS,CSF_9,ATCATGGAGAAGGACA-1,CSF,0.014511078876508552
MS,CSF_9,ATCATGGGTGTAATGA-1,CSF,-0.29997119987097626
MS,CSF_9,ATCCGAACATCGGTTA-1,CSF,0.8370492578960852
MS,CSF_9,ATCCGAAGTCTGCGGT-1,CSF,0.07729655247809622
MS,CSF_9,ATCCGAATCTGAAAGA-1,CSF,0.26279788883509597
MS,CSF_9,ATCGAGTAGGGTTTCT-1,CSF,-0.29997119987097626
MS,CSF_9,ATGAGGGCACAACTGT-1,CSF,0.23295465272866614
MS,CSF_9,ATGGGAGCACCACCAG-1,CSF,-0.14765588028395435
MS,CSF_9,ATGGGAGTCTGCAAGT-1,CSF,0.08999038212043926
MS,CSF_9,ATTATCCAGACTTTCG-1,CSF,0.045903293865414474
MS,CSF_9,ATTATCCGTCCGTCAG-1,CSF,-0.10190167961797246
MS,CSF_9,ATTCTACAGCATGGCA-1,CSF,0.04287868542153116
MS,CSF_9,ATTCTACGTATAGGGC-1,CSF,-0.16454582621220343
MS,CSF_9,ATTCTACGTGCAACTT-1,CSF,-0.29997119987097626
MS,CSF_9,ATTGGACGTCATATGC-1,CSF,-0.08234340016331967
MS,CSF_9,ATTGGACTCAGCTTAG-1,CSF,0.2162171377659463
MS,CSF_9,ATTGGACTCCGAGCCA-1,CSF,-0.29997119987097626
MS,CSF_9,ATTTCTGAGAATGTGT-1,CSF,0.16561527506761947
MS,CSF_9,ATTTCTGTCGACGGAA-1,CSF,0.18049586099559303
MS,CSF_9,CAACCTCCACGAAATA-1,CSF,0.050852400003480173
MS,CSF_9,CAACTAGAGTTACCCA-1,CSF,0.0004588794472396177
MS,CSF_9,CAAGATCAGGGTCTCC-1,CSF,-0.29997119987097626
MS,CSF_9,CAAGATCGTACAGTGG-1,CSF,0.6374011669678749
MS,CSF_9,CAAGATCGTTAAGGGC-1,CSF,0.02298342349948603
MS,CSF_9,CAAGGCCCAGGAATCG-1,CSF,-0.29997119987097626
MS,CSF_9,CAAGTTGAGAGTGACC-1,CSF,-0.16471993136274574
MS,CSF_9,CACACAACATTGTGCA-1,CSF,0.5519795749068322
MS,CSF_9,CACACTCAGATGTCGG-1,CSF,0.0001919297727525558
MS,CSF_9,CACAGTAGTCCATGAT-1,CSF,-0.29997119987097626
MS,CSF_9,CACATAGCATGGGACA-1,CSF,0.10293672605550803
MS,CSF_9,CACATTTGTGCCTGTG-1,CSF,-0.10934548481914927
MS,CSF_9,CACATTTTCCATGAAC-1,CSF,0.6304238274571909
MS,CSF_9,CACCAGGAGCCCAATT-1,CSF,-0.08624267290246848
MS,CSF_9,CACCTTGTCAGAGACG-1,CSF,0.19972279681850513
MS,CSF_9,CACTCCAAGTCGCCGT-1,CSF,0.3037334410365918
MS,CSF_9,CAGAATCCAATGCCAT-1,CSF,-0.29997119987097626
MS,CSF_9,CAGAATCGTCGACTGC-1,CSF,0.2616073738275048
MS,CSF_9,CAGAGAGAGCCATCGC-1,CSF,0.017131188951105467
MS,CSF_9,CAGAGAGGTGTGACCC-1,CSF,0.37828475119318233
MS,CSF_9,CAGATCAAGGTCATCT-1,CSF,0.07611538389891313
MS,CSF_9,CAGCATAGTAGATTAG-1,CSF,0.12498127087719804
MS,CSF_9,CAGCTAAAGGTGATTA-1,CSF,0.4728061119358209
MS,CSF_9,CAGCTGGAGTAATCCC-1,CSF,-0.0841211310522673
MS,CSF_9,CAGTAACGTAAATGAC-1,CSF,-0.036233768888533475
MS,CSF_9,CAGTCCTCACGCCAGT-1,CSF,-0.06087135183791779
MS,CSF_9,CATATGGTCGGCCGAT-1,CSF,-0.29997119987097626
MS,CSF_9,CATATTCAGCCACCTG-1,CSF,-0.29997119987097626
MS,CSF_9,CATATTCCATACTCTT-1,CSF,0.05763999040608308
MS,CSF_9,CATATTCTCATAAAGG-1,CSF,0.41296637958272225
MS,CSF_9,CATCGGGAGATAGCAT-1,CSF,-0.09555243806945042
MS,CSF_9,CATTCGCTCCTTGGTC-1,CSF,-0.29997119987097626
MS,CSF_9,CCAGCGATCTTCCTTC-1,CSF,0.0726697578638308
MS,CSF_9,CCCAATCGTTCCGGCA-1,CSF,-0.29997119987097626
MS,CSF_9,CCCAGTTCACCTCGTT-1,CSF,-0.13841301230544945
MS,CSF_9,CCGGGATCAACTTGAC-1,CSF,0.7609690602563993
MS,CSF_9,CCGTACTCACCCAGTG-1,CSF,0.29090252934810235
MS,CSF_9,CCGTTCAGTGCCTGCA-1,CSF,0.37010805020381626
MS,CSF_9,CCTACCAAGCGCTTAT-1,CSF,-0.058444831690855105
MS,CSF_9,CCTAGCTGTCTCTTTA-1,CSF,0.16061762703946122
MS,CSF_9,CCTAGCTTCTGGCGTG-1,CSF,-0.29997119987097626
MS,CSF_9,CCTCTGATCGGCGCAT-1,CSF,0.9140417278767765
MS,CSF_9,CCTTACGCACAGACAG-1,CSF,-0.06305814256996453
MS,CSF_9,CCTTCGATCTGTCAAG-1,CSF,0.03077687256547912
MS,CSF_9,CCTTTCTGTACATGTC-1,CSF,-0.07133420848581612
MS,CSF_9,CGAACATCATATACGC-1,CSF,0.16759746938407266
MS,CSF_9,CGAACATTCCTACAGA-1,CSF,0.04401434225559098
MS,CSF_9,CGAATGTTCACTCTTA-1,CSF,0.07970647398910899
MS,CSF_9,CGAATGTTCAGATAAG-1,CSF,0.15979448903122198
MS,CSF_9,CGACCTTAGGTGTGGT-1,CSF,0.00768760495613785
MS,CSF_9,CGACCTTTCGTTTGCC-1,CSF,-0.29997119987097626
MS,CSF_9,CGAGCCACAAGTCTAC-1,CSF,-0.016215704960150668
MS,CSF_9,CGATGGCGTATCACCA-1,CSF,0.038050480244008776
MS,CSF_9,CGCCAAGTCCAAACTG-1,CSF,-0.1547628865179805
MS,CSF_9,CGCGGTAAGCTCAACT-1,CSF,0.87383437370444
MS,CSF_9,CGCTGGACAGGGCATA-1,CSF,-0.29997119987097626
MS,CSF_9,CGCTTCACAACTGCGC-1,CSF,0.09282615241632511
MS,CSF_9,CGCTTCATCCTGCAGG-1,CSF,0.7940657198857162
MS,CSF_9,CGCTTCATCGTGGGAA-1,CSF,0.06394848386136076
MS,CSF_9,CGGAGTCAGCTAAACA-1,CSF,-0.014205550692135622
MS,CSF_9,CGGCTAGTCTGCGACG-1,CSF,0.1685784673349006
MS,CSF_9,CGTAGCGCAGGTGCCT-1,CSF,0.5175532152029055
MS,CSF_9,CGTAGGCGTGTCTGAT-1,CSF,-0.29997119987097626
MS,CSF_9,CGTCCATAGTTTGCGT-1,CSF,0.07731994796181621
MS,CSF_9,CGTCTACGTAGAGCTG-1,CSF,-0.29997119987097626
MS,CSF_9,CGTGTAACACATGGGA-1,CSF,0.035104601918651994
MS,CSF_9,CGTGTCTCATACAGCT-1,CSF,0.3501778840396272
MS,CSF_9,CGTTCTGCATTCACTT-1,CSF,-0.002510258399296813
MS,CSF_9,CGTTCTGTCATTTGGG-1,CSF,-0.10208469028784609
MS,CSF_9,CGTTGGGTCGGATGGA-1,CSF,-0.015005269964054864
MS,CSF_9,CTACGTCAGCTGCCCA-1,CSF,0.17630995941487912
MS,CSF_9,CTCAGAATCTGGGCCA-1,CSF,0.12822822626802335
MS,CSF_9,CTCCTAGAGTACGCCC-1,CSF,0.2210113217752568
MS,CSF_9,CTCGGAGGTATGCTTG-1,CSF,0.26226921589872604
MS,CSF_9,CTCTAATAGCGATGAC-1,CSF,-0.29997119987097626
MS,CSF_9,CTCTGGTAGGTGGGTT-1,CSF,0.15083867431603878
MS,CSF_9,CTCTGGTAGTGCCAGA-1,CSF,-0.06257187186946085
MS,CSF_9,CTGAAACAGCGTTCCG-1,CSF,-0.29997119987097626
MS,CSF_9,CTGAAACAGGCTATCT-1,CSF,0.42451488498249523
MS,CSF_9,CTGAAACTCTAACTGG-1,CSF,0.42644443643776775
MS,CSF_9,CTGATAGGTTGGTAAA-1,CSF,-0.29997119987097626
MS,CSF_9,CTGCCTAAGGTGATAT-1,CSF,0.24503487120086412
MS,CSF_9,CTTAACTCACAGAGGT-1,CSF,-0.29997119987097626
MS,CSF_9,CTTCTCTGTACTCGCG-1,CSF,-0.03712138587558832
MS,CSF_9,CTTCTCTTCTGTCAAG-1,CSF,-0.29997119987097626
MS,CSF_9,CTTGGCTTCAGGTAAA-1,CSF,-0.29997119987097626
MS,CSF_9,CTTTGCGCATATACGC-1,CSF,-0.16452402644242836
MS,CSF_9,CTTTGCGGTGACTCAT-1,CSF,0.08090215872749311
MS,CSF_9,GAAACTCGTCCATCCT-1,CSF,0.43234557053890205
MS,CSF_9,GAAATGAAGCACCGTC-1,CSF,0.042428725142636736
MS,CSF_9,GAAATGAGTCTCTTAT-1,CSF,-0.0751811815279455
MS,CSF_9,GAATAAGCATGTCTCC-1,CSF,-0.29997119987097626
MS,CSF_9,GACGCGTCAAACCTAC-1,CSF,-0.001685325088436234
MS,CSF_9,GACGCGTTCAAGGCTT-1,CSF,-0.29997119987097626
MS,CSF_9,GACGGCTAGACACTAA-1,CSF,0.3034950890709783
MS,CSF_9,GACGGCTAGTGGGATC-1,CSF,-0.14722377603015466
MS,CSF_9,GACGTGCGTATTAGCC-1,CSF,-0.1624379291186297
MS,CSF_9,GACGTTACAAACCTAC-1,CSF,0.2198685800554784
MS,CSF_9,GACTAACCAGGAATGC-1,CSF,0.13425424141235406
MS,CSF_9,GACTACAAGTACGATA-1,CSF,0.23449770005737539
MS,CSF_9,GAGGTGAAGCCATCGC-1,CSF,0.04693017651387378
MS,CSF_9,GAGTCCGCACAGACAG-1,CSF,-0.29997119987097626
MS,CSF_9,GAGTCCGGTGTTCGAT-1,CSF,-0.05862031221481949
MS,CSF_9,GATCGTAAGCCACCTG-1,CSF,0.2905634775434912
MS,CSF_9,GATGCTACACTTGGAT-1,CSF,-0.0505261772279686
MS,CSF_9,GATTCAGAGGGATGGG-1,CSF,-0.29997119987097626
MS,CSF_9,GCAAACTGTGGCAAAC-1,CSF,0.3353256900279081
MS,CSF_9,GCAAACTTCGCGTAGC-1,CSF,-0.009376682355497712
MS,CSF_9,GCACATATCCTCAATT-1,CSF,0.14500323462366865
MS,CSF_9,GCAGTTATCGTGTAGT-1,CSF,-0.29997119987097626
MS,CSF_9,GCATACAAGTGTTAGA-1,CSF,0.1576690815697436
MS,CSF_9,GCATACAAGTTCCACA-1,CSF,-0.08676454436861529
MS,CSF_9,GCCAAATTCTTGCATT-1,CSF,-0.29997119987097626
MS,CSF_9,GCGACCACAAACCCAT-1,CSF,0.16480585648511434
MS,CSF_9,GCGACCAGTAGCGTCC-1,CSF,-0.17917358893434163
MS,CSF_9,GCGCAACAGATGGCGT-1,CSF,0.7799929876752943
MS,CSF_9,GCGCAACTCGCATGAT-1,CSF,0.39896139187101437
MS,CSF_9,GCTCCTATCTCACATT-1,CSF,0.037294942614922326
MS,CSF_9,GCTGCAGGTCGGCACT-1,CSF,-0.29997119987097626
MS,CSF_9,GCTGCTTAGAGACTTA-1,CSF,0.28412356057619037
MS,CSF_9,GCTGCTTAGGACATTA-1,CSF,-0.03795746254863797
MS,CSF_9,GCTGCTTTCACAGGCC-1,CSF,0.15511848281136728
MS,CSF_9,GCTTCCAAGTACGCGA-1,CSF,-0.08286662731108742
MS,CSF_9,GCTTCCACATGAACCT-1,CSF,0.4832069703316969
MS,CSF_9,GCTTCCATCCCTCAGT-1,CSF,-0.12437770764166171
MS,CSF_9,GGAAAGCGTCATATCG-1,CSF,0.5023541720870365
MS,CSF_9,GGAACTTCATCGGTTA-1,CSF,0.12431279063019973
MS,CSF_9,GGAACTTTCAATACCG-1,CSF,-0.29997119987097626
MS,CSF_9,GGAATAACACCTTGTC-1,CSF,0.047616557401073054
MS,CSF_9,GGAATAATCAAACGGG-1,CSF,0.054153505910729746
MS,CSF_9,GGACAGAGTCCAGTGC-1,CSF,0.30043360632051636
MS,CSF_9,GGACGTCAGCTAAGAT-1,CSF,0.7638114082229344
MS,CSF_9,GGACGTCAGTTTCCTT-1,CSF,-0.29997119987097626
MS,CSF_9,GGATTACCAAAGGAAG-1,CSF,-0.29997119987097626
MS,CSF_9,GGCCGATGTGACTACT-1,CSF,0.5076189819092857
MS,CSF_9,GGCTCGACAACAACCT-1,CSF,0.06742524987270158
MS,CSF_9,GGCTGGTCAACACCTA-1,CSF,-0.05208234528175574
MS,CSF_9,GGGATGAGTGATGTCT-1,CSF,-0.16036948257616507
MS,CSF_9,GGGCATCGTCCGTTAA-1,CSF,0.0879204377427827
MS,CSF_9,GGGCATCTCTGCCCTA-1,CSF,-0.10282191964428573
MS,CSF_9,GGGTCTGCAAGCGAGT-1,CSF,-0.11347914230152857
MS,CSF_9,GGGTTGCCATACGCCG-1,CSF,0.8742886671721789
MS,CSF_9,GTAACTGAGGAATGGA-1,CSF,0.1204317234148777
MS,CSF_9,GTAACTGGTGCTGTAT-1,CSF,0.1955067688293314
MS,CSF_9,GTAGTCATCCACTCCA-1,CSF,-0.07868907379595932
MS,CSF_9,GTATTCTAGCCAGGAT-1,CSF,0.20109351615606283
MS,CSF_9,GTATTCTTCTAAGCCA-1,CSF,1.2065954653012896
MS,CSF_9,GTCAAGTAGGCTAGGT-1,CSF,-0.07802003182937851
MS,CSF_9,GTCACAAAGCCACTAT-1,CSF,0.08793620919429439
MS,CSF_9,GTCACAACAGTAAGAT-1,CSF,-0.29997119987097626
MS,CSF_9,GTCATTTAGTATCGAA-1,CSF,0.7281252368893519
MS,CSF_9,GTCATTTCAAGAAAGG-1,CSF,0.2864548780239805
MS,CSF_9,GTCGGGTAGCTGTCTA-1,CSF,-0.032144513568986184
MS,CSF_9,GTCGGGTCAGGTGGAT-1,CSF,-0.29997119987097626
MS,CSF_9,GTCTTCGTCGCCATAA-1,CSF,-0.15079282027336222
MS,CSF_9,GTGCAGCCAGAGTGTG-1,CSF,0.19087496475000362
MS,CSF_9,GTGGGTCAGAGGTACC-1,CSF,0.005958429286642951
MS,CSF_9,GTGTGCGGTGCCTGTG-1,CSF,0.2209010321681619
MS,CSF_9,GTGTGCGGTGGCGAAT-1,CSF,-0.1134336858315318
MS,CSF_9,GTTCATTGTTGTGGCC-1,CSF,0.1778634782210533
MS,CSF_9,GTTTCTAGTATTAGCC-1,CSF,0.6856103172463726
MS,CSF_9,GTTTCTATCGTGTAGT-1,CSF,-0.04047946872116607
MS,CSF_9,TAAACCGGTCATCGGC-1,CSF,0.48897796625304524
MS,CSF_9,TACACGAAGTTAGCGG-1,CSF,-0.29997119987097626
MS,CSF_9,TACACGATCCGATATG-1,CSF,-0.1459686249845889
MS,CSF_9,TACCTTAAGACCTAGG-1,CSF,-0.17800137077637185
MS,CSF_9,TACGGTATCGCGTAGC-1,CSF,-0.29997119987097626
MS,CSF_9,TACTCATGTGCCTGGT-1,CSF,0.4792062145381288
MS,CSF_9,TACTCATGTGGCGAAT-1,CSF,-0.29997119987097626
MS,CSF_9,TACTCGCAGGAATTAC-1,CSF,-0.1240580412685353
MS,CSF_9,TACTTGTAGCCCGAAA-1,CSF,-0.29997119987097626
MS,CSF_9,TAGAGCTGTTCAGGCC-1,CSF,-0.29997119987097626
MS,CSF_9,TAGGCATAGAGCAATT-1,CSF,-0.29997119987097626
MS,CSF_9,TAGTTGGCACGCTTTC-1,CSF,0.5030969902478714
MS,CSF_9,TATCAGGGTTGTTTGG-1,CSF,-0.10189857181397545
MS,CSF_9,TATCTCAGTTATCCGA-1,CSF,0.006339393203730987
MS,CSF_9,TATGCCCCAGGCGATA-1,CSF,-0.29997119987097626
MS,CSF_9,TATGCCCTCCCGACTT-1,CSF,-0.1161531933339118
MS,CSF_9,TCAACGAAGTAAGTAC-1,CSF,0.15329336271401917
MS,CSF_9,TCAACGACACACTGCG-1,CSF,0.7568380249121596
MS,CSF_9,TCACAAGTCGCCTGAG-1,CSF,0.05196155580734748
MS,CSF_9,TCACGAATCGAACGGA-1,CSF,-0.16845318707877086
MS,CSF_9,TCAGGATGTCAAAGCG-1,CSF,0.14200565217944922
MS,CSF_9,TCCACACGTCAAGCGA-1,CSF,0.11839203807671869
MS,CSF_9,TCCACACGTCTAGTCA-1,CSF,0.30224330346564976
MS,CSF_9,TCCCGATTCATCATTC-1,CSF,0.566589856750738
MS,CSF_9,TCGAGGCTCACAGTAC-1,CSF,0.1594701078381617
MS,CSF_9,TCGGGACCAAGGGTCA-1,CSF,0.00502618610183192
MS,CSF_9,TCGGGACTCAGCTCTC-1,CSF,0.48495098971747447
MS,CSF_9,TCGTACCGTTCTGTTT-1,CSF,-0.10501932798316004
MS,CSF_9,TCGTAGAAGAGGGCTT-1,CSF,0.05034500265331188
MS,CSF_9,TCGTAGAAGTAGGTGC-1,CSF,0.08335606579802936
MS,CSF_9,TCTCATATCTTGCCGT-1,CSF,-0.062265364034186324
MS,CSF_9,TCTGAGAAGGAGCGTT-1,CSF,0.5679179112127634
MS,CSF_9,TCTGAGATCAAGCCTA-1,CSF,0.08419013197265697
MS,CSF_9,TCTTTCCAGTGCGATG-1,CSF,0.41391152086179445
MS,CSF_9,TCTTTCCGTACAGTGG-1,CSF,-0.29997119987097626
MS,CSF_9,TGAAAGATCAATACCG-1,CSF,-0.29997119987097626
MS,CSF_9,TGAGGGACACCGGAAA-1,CSF,-0.13386109145304428
MS,CSF_9,TGCACCTTCCGTACAA-1,CSF,0.2681583205762284
MS,CSF_9,TGCCCTATCCAACCAA-1,CSF,-0.1488282638829347
MS,CSF_9,TGCGCAGGTCACCTAA-1,CSF,-0.02215514482294242
MS,CSF_9,TGCGCAGGTGGAAAGA-1,CSF,-0.0279630740794814
MS,CSF_9,TGCGTGGAGACCACGA-1,CSF,0.049272508421688274
MS,CSF_9,TGCGTGGGTAGGAGTC-1,CSF,0.7075858811163213
MS,CSF_9,TGGCCAGGTGAGGGAG-1,CSF,1.687985124213985
MS,CSF_9,TGGCGCACAAACGCGA-1,CSF,-0.08895687797021219
MS,CSF_9,TGGGAAGAGGTGATAT-1,CSF,-0.0743209245159051
MS,CSF_9,TGGGCGTAGCTGCCCA-1,CSF,-0.15930785722873161
MS,CSF_9,TGGGCGTAGTAACCCT-1,CSF,0.7154827885831491
MS,CSF_9,TGGTTAGCATCGGAAG-1,CSF,-0.29997119987097626
MS,CSF_9,TGTGTTTGTCCATGAT-1,CSF,-0.07907547460651952
MS,CSF_9,TGTGTTTTCGTGTAGT-1,CSF,-0.29997119987097626
MS,CSF_9,TGTTCCGAGACACTAA-1,CSF,0.29249602591300355
MS,CSF_9,TTAGTTCTCCTGCTTG-1,CSF,0.409876658419903
MS,CSF_9,TTCCCAGTCGCCCTTA-1,CSF,0.14000992204773355
MS,CSF_9,TTCGAAGAGGCCATAG-1,CSF,0.5583681565575612
MS,CSF_9,TTCGGTCAGATATGCA-1,CSF,0.0631696073534244
MS,CSF_9,TTCGGTCCACATTTCT-1,CSF,-0.176873420215413
MS,CSF_9,TTCGGTCTCAAGGCTT-1,CSF,0.12636013292404594
MS,CSF_9,TTCTACAGTAGATTAG-1,CSF,1.490440859654649
MS,CSF_9,TTGACTTGTCCATCCT-1,CSF,0.4448647567488111
MS,CSF_9,TTGCCGTAGACATAAC-1,CSF,-0.0759868760457222
MS,CSF_9,TTGCGTCAGATACACA-1,CSF,0.03017845276103379
MS,CSF_9,TTGCGTCAGCGTTGCC-1,CSF,0.7052308784846152
MS,CSF_9,TTGGCAACAGCCTTGG-1,CSF,0.20311607989328456
MS,CSF_9,TTGTAGGGTGATGATA-1,CSF,0.28854753370301206
MS,CSF_9,TTTACTGCACCGTTGG-1,CSF,0.6039286518844973
MS,CSF_9,TTTATGCTCCAATGGT-1,CSF,1.0588397969237324
MS,CSF_9,TTTGCGCGTTACGCGC-1,CSF,0.19976885251666981
MS,CSF_9,TTTGGTTCAGCGTAAG-1,CSF,0.46589201574263983
MS,CSF_10,AAACCTGAGCTGCAAG-1,CSF,0.3402002688033882
MS,CSF_10,AAAGATGTCTCTTATG-1,CSF,-0.1701712685229677
MS,CSF_10,AAAGCAAGTCGAACAG-1,CSF,-0.12811978219389486
MS,CSF_10,AATCGGTCACACCGAC-1,CSF,1.0639656040497474
MS,CSF_10,ACACCCTGTGTGGTTT-1,CSF,0.5450834031046046
MS,CSF_10,ACAGCCGCAGAGCCAA-1,CSF,0.33608656864403313
MS,CSF_10,ACAGCTACACTGTTAG-1,CSF,0.17614464697621954
MS,CSF_10,ACCAGTAGTTACCGAT-1,CSF,-0.1762562523246518
MS,CSF_10,ACCCACTCATACCATG-1,CSF,-0.29997119987097626
MS,CSF_10,ACCCACTGTGCTAGCC-1,CSF,0.18641159536244592
MS,CSF_10,ACCTTTACACCACCAG-1,CSF,0.1121216621483392
MS,CSF_10,ACCTTTATCAAACGGG-1,CSF,0.3188522398165673
MS,CSF_10,ACCTTTATCTGCAGTA-1,CSF,-0.003972801134033802
MS,CSF_10,ACGATGTCAAGTTCTG-1,CSF,-0.29997119987097626
MS,CSF_10,ACGATGTGTAAACACA-1,CSF,-0.11929698791707728
MS,CSF_10,ACTATCTAGTTGAGAT-1,CSF,0.9014188454134472
MS,CSF_10,ACTGAGTCAATGAAAC-1,CSF,0.2600508312011134
MS,CSF_10,AGCAGCCTCGGCTTGG-1,CSF,0.5089171436157126
MS,CSF_10,AGCTTGACACATTCGA-1,CSF,0.21227512222262654
MS,CSF_10,AGTCTTTAGTTCGATC-1,CSF,0.10568174701112858
MS,CSF_10,AGTGGGACACATTTCT-1,CSF,-0.29997119987097626
MS,CSF_10,AGTTGGTTCCTGTACC-1,CSF,0.12442145586471488
MS,CSF_10,ATAGACCTCCATGCTC-1,CSF,0.6980845217723698
MS,CSF_10,ATAGACCTCGTAGGAG-1,CSF,-0.29997119987097626
MS,CSF_10,ATGGGAGCAGAAGCAC-1,CSF,-0.17130675524089714
MS,CSF_10,ATGGGAGCAGCCTGTG-1,CSF,-0.002210000528143717
MS,CSF_10,ATGTGTGTCATGTCTT-1,CSF,0.03484393461386134
MS,CSF_10,ATTATCCGTTCTGGTA-1,CSF,0.03565141388596614
MS,CSF_10,ATTCTACTCACATGCA-1,CSF,0.38079013227823755
MS,CSF_10,CAACTAGGTGCAACTT-1,CSF,0.1204829373812122
MS,CSF_10,CAAGTTGAGTCATCCA-1,CSF,-0.13329216434314015
MS,CSF_10,CACAGGCAGGTGTGGT-1,CSF,0.0038070557999318705
MS,CSF_10,CACATAGAGCTATGCT-1,CSF,0.46590672055469556
MS,CSF_10,CAGAGAGGTTGTGGCC-1,CSF,-0.29997119987097626
MS,CSF_10,CAGCAGCAGGTGCTAG-1,CSF,1.033257553907207
MS,CSF_10,CAGCGACTCTCCCTGA-1,CSF,0.26562735486487526
MS,CSF_10,CAGCTGGTCACCAGGC-1,CSF,-0.29997119987097626
MS,CSF_10,CATATTCAGATCCTGT-1,CSF,0.21505143499795207
MS,CSF_10,CATGACAGTTTGACAC-1,CSF,-0.12405604726108173
MS,CSF_10,CCAATCCTCGAATGGG-1,CSF,0.29020594259683197
MS,CSF_10,CCACGGAAGTGGACGT-1,CSF,0.09283699257059123
MS,CSF_10,CCAGCGAAGTCGTACT-1,CSF,0.8348368486250816
MS,CSF_10,CCCAGTTTCACAACGT-1,CSF,0.03458767265820125
MS,CSF_10,CCCTCCTAGTTCGCAT-1,CSF,1.3686825457235956
MS,CSF_10,CCGTGGATCGTGGACC-1,CSF,0.6151419657136837
MS,CSF_10,CCGTTCACAGGAATCG-1,CSF,-0.29997119987097626
MS,CSF_10,CCGTTCATCGCCAAAT-1,CSF,0.18842933453026833
MS,CSF_10,CCTCAGTGTCCTAGCG-1,CSF,-0.028277059309874515
MS,CSF_10,CCTCTGACAAGGTTCT-1,CSF,-0.006179779559928893
MS,CSF_10,CGAGAAGAGCCCGAAA-1,CSF,-0.06320942875673133
MS,CSF_10,CGAGAAGCACACTGCG-1,CSF,0.2660150566427197
MS,CSF_10,CGAGCACTCAATAAGG-1,CSF,0.2103150112440231
MS,CSF_10,CGATTGACAGCTCGAC-1,CSF,-0.10935120008420661
MS,CSF_10,CGGTTAAAGGCTCTTA-1,CSF,0.06973567915192423
MS,CSF_10,CGTCAGGAGGCGTACA-1,CSF,-0.29997119987097626
MS,CSF_10,CGTCTACAGACTAGGC-1,CSF,0.48568676070294653
MS,CSF_10,CGTGTAACATATACCG-1,CSF,-0.29997119987097626
MS,CSF_10,CTAATGGCACAGAGGT-1,CSF,-0.03879142728128004
MS,CSF_10,CTACATTAGTTACCCA-1,CSF,0.3611832111980532
MS,CSF_10,CTCACACAGGTGCTAG-1,CSF,-0.29997119987097626
MS,CSF_10,CTCCTAGTCGAGAACG-1,CSF,-0.29997119987097626
MS,CSF_10,CTCGAAAAGTGGACGT-1,CSF,0.044234667596836155
MS,CSF_10,CTCGTCATCCCAAGAT-1,CSF,-0.07959389802662804
MS,CSF_10,CTGAAGTCAAGCTGTT-1,CSF,-0.0625011742169183
MS,CSF_10,CTGCCTACATTAACCG-1,CSF,0.3746982866362499
MS,CSF_10,CTGCTGTCACGGCCAT-1,CSF,0.09174366617561205
MS,CSF_10,CTTAGGAAGAGGTACC-1,CSF,0.5347973517084793
MS,CSF_10,GAACATCCAGACTCGC-1,CSF,-0.07640779195716142
MS,CSF_10,GAACATCTCGCCGTGA-1,CSF,-0.1505389856464194
MS,CSF_10,GAAGCAGTCGCAAACT-1,CSF,0.5422520886374761
MS,CSF_10,GAATGAAGTAGTAGTA-1,CSF,0.3566641897140315
MS,CSF_10,GACAGAGTCCAAACTG-1,CSF,0.042657180248208956
MS,CSF_10,GACCAATAGCGACGTA-1,CSF,0.8370710792780968
MS,CSF_10,GACCAATCATGAGCGA-1,CSF,0.06311284647788219
MS,CSF_10,GACCTGGAGAAGGACA-1,CSF,0.2390908121939636
MS,CSF_10,GACGCGTGTGTCCTCT-1,CSF,0.14054557712756946
MS,CSF_10,GAGGTGATCCCGACTT-1,CSF,0.06246398437239547
MS,CSF_10,GATCGATTCTGTGCAA-1,CSF,0.021467511690487502
MS,CSF_10,GATCGTACACTTAACG-1,CSF,-0.012865129621499157
MS,CSF_10,GCAAACTGTCGGCATC-1,CSF,0.3041549641247284
MS,CSF_10,GCAGTTACACCGATAT-1,CSF,0.3374793614553471
MS,CSF_10,GCCTCTAGTTTAGCTG-1,CSF,-0.1445982398871799
MS,CSF_10,GCGAGAAAGGCAAAGA-1,CSF,0.12319147869146664
MS,CSF_10,GCGCAGTCATACGCTA-1,CSF,-0.13558411039953203
MS,CSF_10,GCGCCAACATGAGCGA-1,CSF,0.5399157455834944
MS,CSF_10,GCTGCAGCATGGAATA-1,CSF,-0.29997119987097626
MS,CSF_10,GCTGCGAAGCCTTGAT-1,CSF,0.20737510309781385
MS,CSF_10,GCTGGGTAGGTAAACT-1,CSF,-0.035639056781749966
MS,CSF_10,GGCAATTAGTTCGCAT-1,CSF,-0.29997119987097626
MS,CSF_10,GGCCGATTCCTCAATT-1,CSF,0.07824158100921534
MS,CSF_10,GGCGTGTAGCTACCTA-1,CSF,-0.29997119987097626
MS,CSF_10,GGCGTGTCAGCCTATA-1,CSF,-0.29997119987097626
MS,CSF_10,GGGATGAAGCTAAACA-1,CSF,0.21656011729948746
MS,CSF_10,GGGTTGCTCATCGATG-1,CSF,-0.29997119987097626
MS,CSF_10,GGTGTTAGTTCCATGA-1,CSF,-0.04881678950777295
MS,CSF_10,GTAGTCAAGCCCGAAA-1,CSF,-0.11845078731781888
MS,CSF_10,GTAGTCACACGGCGTT-1,CSF,0.40433443007284886
MS,CSF_10,GTAGTCATCCGAACGC-1,CSF,0.009163131094921903
MS,CSF_10,GTAGTCATCGTACGGC-1,CSF,0.11660948318562818
MS,CSF_10,GTATCTTGTCTAACGT-1,CSF,-0.11222936260558185
MS,CSF_10,GTCATTTAGAGCTATA-1,CSF,-0.11434006051177559
MS,CSF_10,GTCGGGTGTTACGTCA-1,CSF,-0.15029903204734413
MS,CSF_10,GTGCATATCAGTCAGT-1,CSF,0.45300758359276927
MS,CSF_10,GTTACAGAGTCAATAG-1,CSF,-0.29997119987097626
MS,CSF_10,GTTTCTACAGTTTACG-1,CSF,-0.12181635532281944
MS,CSF_10,TACCTTAGTTAAAGAC-1,CSF,0.6596641838336073
MS,CSF_10,TACGGTAAGACTAGAT-1,CSF,0.6532344485734328
MS,CSF_10,TACGGTACAAGTTGTC-1,CSF,0.08155906671175471
MS,CSF_10,TACTTACCAACACCCG-1,CSF,1.0683743321177663
MS,CSF_10,TACTTACTCTCGGACG-1,CSF,0.39389680962173834
MS,CSF_10,TACTTGTTCATGCATG-1,CSF,-0.29997119987097626
MS,CSF_10,TAGCCGGTCAGTTGAC-1,CSF,0.4562178227851374
MS,CSF_10,TATCAGGAGCCCGAAA-1,CSF,0.39354947063500134
MS,CSF_10,TATCAGGGTACTTAGC-1,CSF,0.27722212896540077
MS,CSF_10,TATGCCCCAATCCAAC-1,CSF,0.3135253500157221
MS,CSF_10,TCACAAGCAACTGCGC-1,CSF,-0.29997119987097626
MS,CSF_10,TCAGATGGTAGCCTAT-1,CSF,0.38545323235944495
MS,CSF_10,TCAGATGTCCCACTTG-1,CSF,0.4037092482247318
MS,CSF_10,TCAGCTCAGGGCTTCC-1,CSF,-0.06659791116192774
MS,CSF_10,TCGAGGCAGCTGTTCA-1,CSF,-0.029540344248033756
MS,CSF_10,TCGAGGCTCTCTGTCG-1,CSF,0.36664036814675965
MS,CSF_10,TCGCGAGAGGCAAAGA-1,CSF,-0.024438144844744734
MS,CSF_10,TCGCGTTCAACTGCGC-1,CSF,-0.10612626403486794
MS,CSF_10,TGACGGCAGACAGGCT-1,CSF,0.3444150727149094
MS,CSF_10,TGACTAGAGTGATCGG-1,CSF,-0.29997119987097626
MS,CSF_10,TGAGCATAGACATAAC-1,CSF,0.16848744510329192
MS,CSF_10,TGAGGGAGTCTCTTAT-1,CSF,1.1511885015680166
MS,CSF_10,TGCCCTAAGGTGTTAA-1,CSF,0.03170171145933159
MS,CSF_10,TGCCCTACAAAGCAAT-1,CSF,0.007239180332660403
MS,CSF_10,TGCGGGTAGGTGTTAA-1,CSF,-0.07554582828174554
MS,CSF_10,TGGACGCAGGTAAACT-1,CSF,1.1834663910936722
MS,CSF_10,TGGACGCGTACCATCA-1,CSF,-0.29997119987097626
MS,CSF_10,TGGCTGGTCATGTCTT-1,CSF,-0.14602754296451328
MS,CSF_10,TGGGCGTGTTGGTTTG-1,CSF,-0.1361585527812105
MS,CSF_10,TGTGGTACACAACTGT-1,CSF,0.30541253730894713
MS,CSF_10,TTAGGCAAGATCGATA-1,CSF,-0.29997119987097626
MS,CSF_10,TTCTTAGGTTGAACTC-1,CSF,-0.05745588356750348
MS,CSF_10,TTTGCGCCACGTCTCT-1,CSF,0.2171564372095858
MS,CSF_10,TTTGGTTCACTGCCAG-1,CSF,0.33895683666408516
MS,CSF_16,AAACCTGAGCCTCGTG-1,CSF,0.06407377635886184
MS,CSF_16,AAAGATGAGGGTCTCC-1,CSF,0.6023179799239725
MS,CSF_16,AAAGATGTCACGCGGT-1,CSF,-0.13681517022544087
MS,CSF_16,AAAGCAAAGGCTCTTA-1,CSF,-0.29997119987097626
MS,CSF_16,AAAGCAACAGTAAGAT-1,CSF,0.9896013592834202
MS,CSF_16,AAAGCAACAGTAAGCG-1,CSF,-0.12781592513187592
MS,CSF_16,AAAGCAAGTCTAGCCG-1,CSF,-0.029809491221486954
MS,CSF_16,AAAGCAAGTGGCGAAT-1,CSF,0.1370518812203917
MS,CSF_16,AAAGTAGGTAAGTAGT-1,CSF,0.16276623170654994
MS,CSF_16,AAATGCCCAATGGAAT-1,CSF,-0.012857670884897187
MS,CSF_16,AAATGCCCAGTATGCT-1,CSF,-0.29997119987097626
MS,CSF_16,AAATGCCTCCACGCAG-1,CSF,-0.1387170335892878
MS,CSF_16,AACCATGAGGGAGTAA-1,CSF,0.03433161412439879
MS,CSF_16,AACCATGCAGCTGCTG-1,CSF,-0.10135283824226506
MS,CSF_16,AACCGCGAGGGCTTCC-1,CSF,0.01586832048530145
MS,CSF_16,AACCGCGCACACCGCA-1,CSF,0.08035838071214477
MS,CSF_16,AACCGCGCACCAGGTC-1,CSF,0.23243846945111496
MS,CSF_16,AACCGCGCATTGGCGC-1,CSF,0.012103543496399749
MS,CSF_16,AACCGCGGTCTCTTTA-1,CSF,0.1753880770796208
MS,CSF_16,AACCGCGTCAGGCAAG-1,CSF,0.07451384797145835
MS,CSF_16,AACTCAGTCTAGAGTC-1,CSF,-0.29997119987097626
MS,CSF_16,AACTCTTAGCTTTGGT-1,CSF,0.010198356647138751
MS,CSF_16,AACTCTTTCACTTCAT-1,CSF,-0.29997119987097626
MS,CSF_16,AACTGGTAGAACAATC-1,CSF,0.08475608769587421
MS,CSF_16,AACTGGTAGAGAACAG-1,CSF,0.3286732214231601
MS,CSF_16,AAGACCTAGAGGACGG-1,CSF,-0.13590449676860902
MS,CSF_16,AAGACCTGTCTTTCAT-1,CSF,-0.29997119987097626
MS,CSF_16,AAGGAGCAGATCCCAT-1,CSF,-0.13988846506417976
MS,CSF_16,AAGGAGCCATTGGTAC-1,CSF,-0.1864037755879033
MS,CSF_16,AAGGAGCTCTCGATGA-1,CSF,-0.08375007329162601
MS,CSF_16,AAGGCAGCAAGCTGTT-1,CSF,-0.13317270229397762
MS,CSF_16,AAGGCAGCAATCAGAA-1,CSF,0.3726378078644873
MS,CSF_16,AATCGGTAGTGTTGAA-1,CSF,-0.29997119987097626
MS,CSF_16,AATCGGTTCTGCTGCT-1,CSF,-0.0014648822338285683
MS,CSF_16,ACACCCTCATGAAGTA-1,CSF,0.19420525845779266
MS,CSF_16,ACACTGATCAACACGT-1,CSF,-0.007227596791711477
MS,CSF_16,ACAGCCGTCGGTTCGG-1,CSF,0.3356388337101242
MS,CSF_16,ACAGCTATCACTGGGC-1,CSF,0.556797710570509
MS,CSF_16,ACATCAGTCTTATCTG-1,CSF,0.07861413318922664
MS,CSF_16,ACATGGTCAGACACTT-1,CSF,-0.05560813691751449
MS,CSF_16,ACATGGTGTCCGTGAC-1,CSF,-0.17089282393849028
MS,CSF_16,ACCAGTAGTGTTTGTG-1,CSF,-0.29997119987097626
MS,CSF_16,ACCAGTATCAGTCCCT-1,CSF,0.2791323973556593
MS,CSF_16,ACCCACTCAAGCTGTT-1,CSF,0.21761806798788258
MS,CSF_16,ACCCACTGTTGGTGGA-1,CSF,0.08704572421501511
MS,CSF_16,ACCGTAAAGCAAATCA-1,CSF,0.1914432041398329
MS,CSF_16,ACCTTTACAATAACGA-1,CSF,0.04183668158343836
MS,CSF_16,ACCTTTAGTGGTAACG-1,CSF,-0.10143831760029011
MS,CSF_16,ACCTTTATCTTGTACT-1,CSF,0.12666363075861167
MS,CSF_16,ACGAGCCCAGCTGTTA-1,CSF,0.33717831954169386
MS,CSF_16,ACGAGCCTCGTGGACC-1,CSF,-0.29997119987097626
MS,CSF_16,ACGAGCCTCTGTCAAG-1,CSF,-0.29997119987097626
MS,CSF_16,ACGAGGATCCATGAGT-1,CSF,0.42638335588934295
MS,CSF_16,ACGATGTCATCACGTA-1,CSF,0.13478444974589396
MS,CSF_16,ACGATGTTCTTAGAGC-1,CSF,0.2403837703039786
MS,CSF_16,ACGCAGCTCGCCATAA-1,CSF,0.14599497017661162
MS,CSF_16,ACGCCAGAGCGCCTTG-1,CSF,0.351958210292498
MS,CSF_16,ACGCCGATCACCACCT-1,CSF,0.5236014470505472
MS,CSF_16,ACGCCGATCAGCCTAA-1,CSF,-0.23779835023491477
MS,CSF_16,ACGGAGACACCTCGGA-1,CSF,0.5705061057004072
MS,CSF_16,ACGGCCAGTTAAGGGC-1,CSF,-0.15959527480499716
MS,CSF_16,ACGGGCTAGAAACGAG-1,CSF,-0.021049099524120773
MS,CSF_16,ACGGGCTGTGTAATGA-1,CSF,-0.0344570273924915
MS,CSF_16,ACGGGTCAGTTCGCAT-1,CSF,0.23468296213074832
MS,CSF_16,ACGGGTCCACAGACAG-1,CSF,-0.29997119987097626
MS,CSF_16,ACGGGTCCATCTACGA-1,CSF,0.9339470969654896
MS,CSF_16,ACGTCAATCGTCGTTC-1,CSF,-0.029460109017865766
MS,CSF_16,ACGTCAATCTAAGCCA-1,CSF,-0.1647386335789172
MS,CSF_16,ACTATCTAGGCATGGT-1,CSF,0.304699718855375
MS,CSF_16,ACTATCTAGGCCGAAT-1,CSF,-0.29997119987097626
MS,CSF_16,ACTATCTTCATACGGT-1,CSF,-0.07984619093095612
MS,CSF_16,ACTGATGAGCCGCCTA-1,CSF,0.15128676539423896
MS,CSF_16,ACTGATGCAGCTGCTG-1,CSF,0.1696387584468393
MS,CSF_16,ACTGATGGTAGTACCT-1,CSF,-0.014450008606374659
MS,CSF_16,ACTGATGTCTCATTCA-1,CSF,-0.29997119987097626
MS,CSF_16,ACTGCTCCAGCCAGAA-1,CSF,-0.12991674689707985
MS,CSF_16,ACTGCTCTCAGAGACG-1,CSF,0.3897017222474385
MS,CSF_16,ACTGTCCAGAAACGCC-1,CSF,0.5261538000016668
MS,CSF_16,ACTGTCCTCAGAGACG-1,CSF,-0.16964597386231994
MS,CSF_16,ACTTGTTCAGTAACGG-1,CSF,0.199482895940861
MS,CSF_16,ACTTTCACATGGGAAC-1,CSF,0.430646744568211
MS,CSF_16,ACTTTCAGTAGAAAGG-1,CSF,-0.12438720439729256
MS,CSF_16,ACTTTCAGTTGAGGTG-1,CSF,-0.29997119987097626
MS,CSF_16,AGACGTTCATTGAGCT-1,CSF,0.437017950469547
MS,CSF_16,AGAGCGAGTGGTCTCG-1,CSF,0.4254168307844165
MS,CSF_16,AGAGCTTTCAGCAACT-1,CSF,0.625411397630751
MS,CSF_16,AGAGCTTTCGGTGTCG-1,CSF,-0.29997119987097626
MS,CSF_16,AGAGTGGAGACTTTCG-1,CSF,0.5169634746674647
MS,CSF_16,AGATCTGGTTACAGAA-1,CSF,-0.06877664995586852
MS,CSF_16,AGATCTGTCATTGCCC-1,CSF,0.37133987761466297
MS,CSF_16,AGCAGCCCATCACCCT-1,CSF,0.3279834412416543
MS,CSF_16,AGCAGCCGTCTCTTTA-1,CSF,-0.29997119987097626
MS,CSF_16,AGCAGCCGTGTAATGA-1,CSF,0.5409424026692117
MS,CSF_16,AGCATACTCAGTACGT-1,CSF,-0.12330288609658435
MS,CSF_16,AGCCTAAAGCGAAGGG-1,CSF,0.4034994722946735
MS,CSF_16,AGCCTAAAGTTGAGAT-1,CSF,-0.10649674781374567
MS,CSF_16,AGCCTAATCATGTGGT-1,CSF,-0.1452806870937355
MS,CSF_16,AGCGGTCCAGTATAAG-1,CSF,0.016524034212538213
MS,CSF_16,AGCGTATCAGGATCGA-1,CSF,0.11266446679460426
MS,CSF_16,AGCGTATTCGCAGGCT-1,CSF,0.7226341848911539
MS,CSF_16,AGCGTCGCATCAGTAC-1,CSF,-0.015643549435791576
MS,CSF_16,AGCGTCGGTCTGCCAG-1,CSF,-0.07670139189218073
MS,CSF_16,AGCGTCGTCTGAGGGA-1,CSF,0.43459725816413514
MS,CSF_16,AGCTCCTAGAGCTTCT-1,CSF,0.10698943133818342
MS,CSF_16,AGCTCCTGTGACGGTA-1,CSF,-0.29997119987097626
MS,CSF_16,AGCTCTCGTTAAGGGC-1,CSF,0.0691958379413939
MS,CSF_16,AGCTCTCTCCTCATTA-1,CSF,0.17451965066639516
MS,CSF_16,AGCTTGAGTCTCTTTA-1,CSF,-0.14448254862134965
MS,CSF_16,AGGCCACAGCACAGGT-1,CSF,0.030304840880243798
MS,CSF_16,AGGGAGTAGGCGACAT-1,CSF,0.015176252976998659
MS,CSF_16,AGGGAGTAGTCCAGGA-1,CSF,0.09871522739566793
MS,CSF_16,AGGGAGTAGTGTACTC-1,CSF,-0.024028221261370997
MS,CSF_16,AGGGAGTCAGCTATTG-1,CSF,-0.030474550537005367
MS,CSF_16,AGGGAGTGTACCGGCT-1,CSF,0.18236511559148919
MS,CSF_16,AGGGATGGTCTGGAGA-1,CSF,0.18395591857235247
MS,CSF_16,AGGGTGAAGTATGACA-1,CSF,0.5681508087375609
MS,CSF_16,AGGGTGACACAAGACG-1,CSF,0.18121895784424016
MS,CSF_16,AGGTCCGCATCCAACA-1,CSF,-0.12092551657117012
MS,CSF_16,AGGTCCGGTTCCAACA-1,CSF,0.2773582585382311
MS,CSF_16,AGTAGTCAGGCAGTCA-1,CSF,-0.0006750526164395991
MS,CSF_16,AGTCTTTAGTATTGGA-1,CSF,0.6353071713244691
MS,CSF_16,AGTCTTTGTAAGTGTA-1,CSF,0.3432309111346368
MS,CSF_16,AGTCTTTGTTCGTGAT-1,CSF,-0.29997119987097626
MS,CSF_16,AGTGAGGCATCATCCC-1,CSF,0.1658461059551743
MS,CSF_16,AGTGGGAAGACTAGAT-1,CSF,0.11782021746678979
MS,CSF_16,AGTGGGACATCCGGGT-1,CSF,-0.29997119987097626
MS,CSF_16,AGTGGGAGTACGCTGC-1,CSF,-0.29997119987097626
MS,CSF_16,AGTGTCAAGTAGCCGA-1,CSF,-0.29997119987097626
MS,CSF_16,AGTGTCACAGCCAGAA-1,CSF,-0.29997119987097626
MS,CSF_16,AGTTGGTCATTCACTT-1,CSF,0.4352922100727755
MS,CSF_16,AGTTGGTGTCATATGC-1,CSF,0.17388599699234583
MS,CSF_16,ATAGACCTCTCGCTTG-1,CSF,0.30835376540105475
MS,CSF_16,ATCACGACAAGCCCAC-1,CSF,-0.29997119987097626
MS,CSF_16,ATCACGACACGAAGCA-1,CSF,0.3709853285255604
MS,CSF_16,ATCACGAGTTCGCGAC-1,CSF,0.03226495229317546
MS,CSF_16,ATCATCTCAGCTCGAC-1,CSF,0.07060462090936194
MS,CSF_16,ATCATCTGTCCGAACC-1,CSF,-0.1095277797402608
MS,CSF_16,ATCATGGTCACAATGC-1,CSF,0.04736880699557692
MS,CSF_16,ATCATGGTCCGTCATC-1,CSF,-0.29997119987097626
MS,CSF_16,ATCCACCAGAGTACCG-1,CSF,-0.13955789187566056
MS,CSF_16,ATCCACCCACTTACGA-1,CSF,-0.29997119987097626
MS,CSF_16,ATCCGAAAGGACACCA-1,CSF,0.17083052624329206
MS,CSF_16,ATCCGAACAGCAGTTT-1,CSF,-0.07617362229218276
MS,CSF_16,ATCCGAAGTTACGCGC-1,CSF,0.93326042518743
MS,CSF_16,ATCGAGTCATGTCGAT-1,CSF,-0.04921743686814315
MS,CSF_16,ATCTACTAGAGTACCG-1,CSF,0.037556390292004714
MS,CSF_16,ATCTACTAGGTGTTAA-1,CSF,-0.027697540409696905
MS,CSF_16,ATGAGGGCACTGTTAG-1,CSF,0.2876668416909407
MS,CSF_16,ATGAGGGGTAGGCTGA-1,CSF,-0.29997119987097626
MS,CSF_16,ATGAGGGTCTTTAGTC-1,CSF,-0.22951243354800394
MS,CSF_16,ATGCGATCAGCTTAAC-1,CSF,0.7856803722484532
MS,CSF_16,ATGCGATCATGCCTTC-1,CSF,0.4493671379613284
MS,CSF_16,ATGCGATGTCTTCGTC-1,CSF,0.8754137560786605
MS,CSF_16,ATGCGATGTTGGTTTG-1,CSF,0.6142976619166681
MS,CSF_16,ATGGGAGCACTTCTGC-1,CSF,-0.03143071401677841
MS,CSF_16,ATGGGAGGTAGTACCT-1,CSF,0.2731873569403369
MS,CSF_16,ATGGGAGGTCGGCTCA-1,CSF,-0.29997119987097626
MS,CSF_16,ATGGGAGTCGCCTGTT-1,CSF,-0.1945997037628071
MS,CSF_16,ATTATCCAGGCACATG-1,CSF,-0.0648575144966696
MS,CSF_16,ATTATCCGTGGAAAGA-1,CSF,0.10247815508614262
MS,CSF_16,ATTCTACAGCCACCTG-1,CSF,-0.017734791534831883
MS,CSF_16,ATTCTACCAGCTGTGC-1,CSF,-0.09066230685202156
MS,CSF_16,ATTCTACGTATATCCG-1,CSF,-0.027474126896797863
MS,CSF_16,ATTCTACTCCGAAGAG-1,CSF,0.28182419493346156
MS,CSF_16,ATTCTACTCGCAGGCT-1,CSF,0.50609245972545
MS,CSF_16,ATTGGACCAGGTCTCG-1,CSF,-0.29997119987097626
MS,CSF_16,ATTGGACGTCATTAGC-1,CSF,0.7818396657596688
MS,CSF_16,ATTGGACTCTCAACTT-1,CSF,0.053298426900602554
MS,CSF_16,ATTGGTGAGGGAACGG-1,CSF,0.14693684146290373
MS,CSF_16,ATTGGTGGTCTTTCAT-1,CSF,0.10411547885222532
MS,CSF_16,CAACCAAAGGGATGGG-1,CSF,0.006130631581441686
MS,CSF_16,CAACCAAGTGATAAAC-1,CSF,0.10543694200586969
MS,CSF_16,CAACCAAGTTCTGTTT-1,CSF,0.23247294612813257
MS,CSF_16,CAACTAGAGGCTATCT-1,CSF,0.06636296473250504
MS,CSF_16,CAACTAGCAAGTAATG-1,CSF,-0.14821217412685694
MS,CSF_16,CAACTAGTCAGGCCCA-1,CSF,-0.09331694306252192
MS,CSF_16,CAAGAAAGTTCTGAAC-1,CSF,-0.29997119987097626
MS,CSF_16,CAAGAAATCCTCGCAT-1,CSF,0.05923337535455685
MS,CSF_16,CAAGATCGTGAAAGAG-1,CSF,0.945865640551653
MS,CSF_16,CAAGATCTCAGCTTAG-1,CSF,-0.16683559920154759
MS,CSF_16,CAAGATCTCTCGAGTA-1,CSF,0.08433747516746724
MS,CSF_16,CAAGGCCAGATCTGAA-1,CSF,0.19541869381233665
MS,CSF_16,CAAGGCCAGTCGATAA-1,CSF,-0.29997119987097626
MS,CSF_16,CAAGGCCGTCTCTCTG-1,CSF,-0.053428006384284965
MS,CSF_16,CAAGGCCTCTATCGCC-1,CSF,0.07267364157364856
MS,CSF_16,CAAGTTGAGATATGGT-1,CSF,0.18912216917930585
MS,CSF_16,CAAGTTGCAAGCGAGT-1,CSF,0.2877999713381539
MS,CSF_16,CAAGTTGGTCGTTGTA-1,CSF,-0.0868460401282342
MS,CSF_16,CAAGTTGGTTAAGGGC-1,CSF,0.14371386390474322
MS,CSF_16,CACAAACGTTGGACCC-1,CSF,-0.1399829749365529
MS,CSF_16,CACACCTGTTATCGGT-1,CSF,0.46676323265194153
MS,CSF_16,CACACTCGTCTTGTCC-1,CSF,-0.028216093418683384
MS,CSF_16,CACACTCGTTCTCATT-1,CSF,0.27710269087799894
MS,CSF_16,CACACTCTCGTGGGAA-1,CSF,-0.29997119987097626
MS,CSF_16,CACAGGCTCCAACCAA-1,CSF,0.4638236674115201
MS,CSF_16,CACAGTAAGGAGCGAG-1,CSF,0.3585991895172099
MS,CSF_16,CACAGTAGTCGCTTTC-1,CSF,0.0822256311444749
MS,CSF_16,CACATAGAGACGCAAC-1,CSF,0.29643093030398215
MS,CSF_16,CACATAGAGGCATGTG-1,CSF,0.23446554027717975
MS,CSF_16,CACATAGCAGATAATG-1,CSF,0.23461823457383027
MS,CSF_16,CACATAGCATGTTCCC-1,CSF,0.2710684106560244
MS,CSF_16,CACCACTTCACAGGCC-1,CSF,0.4414065017250146
MS,CSF_16,CACCACTTCTCCAGGG-1,CSF,0.12423106141694037
MS,CSF_16,CACCTTGAGTGCTGCC-1,CSF,0.13605816116880726
MS,CSF_16,CACCTTGGTCCTCCAT-1,CSF,-0.16320406846615867
MS,CSF_16,CACCTTGTCGGTCCGA-1,CSF,-0.0421655154004136
MS,CSF_16,CACTCCAAGAGACGAA-1,CSF,0.6242387294198065
MS,CSF_16,CACTCCACAAGTCATC-1,CSF,0.18098603435670832
MS,CSF_16,CACTCCATCTGGTTCC-1,CSF,0.31714019960825557
MS,CSF_16,CAGATCAAGACTAGGC-1,CSF,-0.052497845579970524
MS,CSF_16,CAGATCAGTTGCGTTA-1,CSF,0.14786319151737284
MS,CSF_16,CAGCAGCGTCTACCTC-1,CSF,-0.29997119987097626
MS,CSF_16,CAGCATAGTCTGCAAT-1,CSF,-0.29997119987097626
MS,CSF_16,CAGCCGAAGAATTCCC-1,CSF,-0.29997119987097626
MS,CSF_16,CAGCCGAAGCAGCCTC-1,CSF,0.07471074105263904
MS,CSF_16,CAGCCGAGTTGAGTTC-1,CSF,-0.29997119987097626
MS,CSF_16,CAGCCGATCTGATTCT-1,CSF,0.3738625633758971
MS,CSF_16,CAGCGACCACTAGTAC-1,CSF,-0.29997119987097626
MS,CSF_16,CAGCTAAAGCCAGGAT-1,CSF,0.4193012817536033
MS,CSF_16,CAGCTAAAGTCAAGCG-1,CSF,0.17430501658690575
MS,CSF_16,CAGCTAAGTAAAGGAG-1,CSF,-0.29997119987097626
MS,CSF_16,CAGCTGGCACAGGCCT-1,CSF,0.19835815281231498
MS,CSF_16,CAGCTGGTCCACGCAG-1,CSF,0.0889891435881213
MS,CSF_16,CAGGTGCAGCCACGTC-1,CSF,-0.1301779588444901
MS,CSF_16,CAGTAACCAGCTGTTA-1,CSF,-0.07824243871945477
MS,CSF_16,CAGTAACTCTCGCATC-1,CSF,0.39598331219577826
MS,CSF_16,CATATGGAGAGCCTAG-1,CSF,0.3723717421082392
MS,CSF_16,CATATTCAGACCTTTG-1,CSF,-0.29997119987097626
MS,CSF_16,CATATTCCACGGATAG-1,CSF,0.642715721416342
MS,CSF_16,CATCAAGTCCATTCTA-1,CSF,0.2432636798371692
MS,CSF_16,CATCAGACACGGTAGA-1,CSF,0.8648139056281533
MS,CSF_16,CATCAGAGTAGCAAAT-1,CSF,0.29618629665789786
MS,CSF_16,CATCAGAGTGATAAAC-1-1,CSF,0.11099866290325498
MS,CSF_16,CATCCACAGTGTTGAA-1,CSF,-0.29997119987097626
MS,CSF_16,CATCCACGTCTAGAGG-1,CSF,-0.008350629955251423
MS,CSF_16,CATCGGGCAAACGCGA-1,CSF,0.1019501326319238
MS,CSF_16,CATGACATCTGTCAAG-1,CSF,-0.18876437420627296
MS,CSF_16,CATGCCTGTACACCGC-1,CSF,0.455498352584628
MS,CSF_16,CATGCCTGTTGGTTTG-1,CSF,0.143256021353344
MS,CSF_16,CATGCCTTCCTTTCGG-1,CSF,0.19897852927165793
MS,CSF_16,CATGCCTTCTCTTATG-1,CSF,0.13003040803585367
MS,CSF_16,CATGGCGCATTGGCGC-1,CSF,-0.04326985196082437
MS,CSF_16,CATGGCGTCCGCAAGC-1,CSF,-0.10040150014044066
MS,CSF_16,CCACCTAAGGGCTTGA-1,CSF,-0.29997119987097626
MS,CSF_16,CCACCTAAGGTGCTTT-1,CSF,0.17180572057818994
MS,CSF_16,CCACGGACATGTCCTC-1,CSF,-0.06775495028760427
MS,CSF_16,CCACTACAGCCGTCGT-1,CSF,0.11117745605486697
MS,CSF_16,CCACTACTCAACCATG-1,CSF,0.30023795045761886
MS,CSF_16,CCAGCGACAAGCTGTT-1,CSF,-0.14912609117045678
MS,CSF_16,CCAGCGACACCGAAAG-1,CSF,0.05141116958337657
MS,CSF_16,CCAGCGATCAACACTG-1,CSF,0.46207688832797594
MS,CSF_16,CCAGCGATCAGAGGTG-1,CSF,-0.06503480248324842
MS,CSF_16,CCATGTCCAGGACCCT-1,CSF,0.4226018014924095
MS,CSF_16,CCATTCGGTCTGCGGT-1,CSF,0.07639481781970515
MS,CSF_16,CCATTCGTCACCTCGT-1,CSF,-0.0772772923757934
MS,CSF_16,CCCAATCTCGGTGTTA-1,CSF,-0.007008850638988373
MS,CSF_16,CCCAGTTTCTCTAAGG-1,CSF,0.26767018705706974
MS,CSF_16,CCCATACCAATCAGAA-1,CSF,0.2431324595396554
MS,CSF_16,CCCTCCTCAATAGAGT-1,CSF,0.4180303844073742
MS,CSF_16,CCGGGATTCAACGGGA-1,CSF,-0.12925888373533892
MS,CSF_16,CCGGTAGGTCGCTTCT-1,CSF,-0.29997119987097626
MS,CSF_16,CCGGTAGTCTTGCCGT-1,CSF,-0.29997119987097626
MS,CSF_16,CCGTACTAGAACAACT-1,CSF,-0.06015741601352348
MS,CSF_16,CCGTACTTCATCTGCC-1,CSF,-0.0426750716855239
MS,CSF_16,CCGTGGAGTTATCACG-1,CSF,-0.29997119987097626
MS,CSF_16,CCGTTCAAGCACCGTC-1,CSF,-0.038049328682864106
MS,CSF_16,CCGTTCACAGATAATG-1,CSF,0.1174867894982735
MS,CSF_16,CCGTTCACATTTGCTT-1,CSF,0.38584712024601325
MS,CSF_16,CCGTTCATCCGTTGTC-1,CSF,0.9007583750328682
MS,CSF_16,CCGTTCATCTTGTATC-1,CSF,-0.29997119987097626
MS,CSF_16,CCTAAAGCATGCCACG-1,CSF,-0.29997119987097626
MS,CSF_16,CCTACACCACTGCCAG-1,CSF,-0.29997119987097626
MS,CSF_16,CCTACCAAGAGGACGG-1,CSF,-0.029135327960374567
MS,CSF_16,CCTACCAAGGACGAAA-1,CSF,-0.04526500194194198
MS,CSF_16,CCTACCATCTGGGCCA-1,CSF,0.024902736695608083
MS,CSF_16,CCTAGCTTCGATGAGG-1,CSF,0.4402635933437157
MS,CSF_16,CCTATTAAGAGGTACC-1,CSF,0.263941788644641
MS,CSF_16,CCTATTAGTACAGCAG-1,CSF,0.09463466416319402
MS,CSF_16,CCTCTGAAGGTGTGGT-1,CSF,0.6942374096641621
MS,CSF_16,CCTCTGAAGTACACCT-1,CSF,-0.16051407081721766
MS,CSF_16,CCTCTGAAGTACGCGA-1,CSF,-0.29997119987097626
MS,CSF_16,CCTCTGACACAGAGGT-1,CSF,0.24053988447315175
MS,CSF_16,CCTCTGATCCCTCTTT-1,CSF,0.17899292964025765
MS,CSF_16,CCTTACGCAGCTCGAC-1,CSF,-0.13378497298411582
MS,CSF_16,CCTTACGGTATAAACG-1,CSF,-0.14351291010207248
MS,CSF_16,CCTTACGTCTTCGGTC-1,CSF,0.17086744840905327
MS,CSF_16,CCTTCCCCAATGAATG-1,CSF,0.05118410124758107
MS,CSF_16,CCTTCCCCATGCGCAC-1,CSF,-0.13697004636606916
MS,CSF_16,CCTTCCCGTGAGGCTA-1,CSF,-0.29997119987097626
MS,CSF_16,CCTTCCCTCACATAGC-1,CSF,-0.02952061915437107
MS,CSF_16,CCTTTCTTCGCGTAGC-1,CSF,0.15658458449327875
MS,CSF_16,CGAACATCATCTCCCA-1,CSF,0.04205818512953165
MS,CSF_16,CGAACATGTACCATCA-1,CSF,0.1923577104265642
MS,CSF_16,CGACCTTCACATCTTT-1,CSF,-0.29997119987097626
MS,CSF_16,CGACCTTTCGGCCGAT-1,CSF,-0.08431734919511856
MS,CSF_16,CGAGCACAGGTGCTTT-1,CSF,0.1379643011393332
MS,CSF_16,CGAGCACTCATATCGG-1,CSF,-0.12893709033886588
MS,CSF_16,CGAGCCACATTACGAC-1,CSF,-0.018392822707392276
MS,CSF_16,CGAGCCAGTTCCACAA-1,CSF,0.3024583523682976
MS,CSF_16,CGATTGACACTGTGTA-1,CSF,-0.06054005444720702
MS,CSF_16,CGATTGAGTAGTACCT-1,CSF,-0.29997119987097626
MS,CSF_16,CGCCAAGTCGTCCAGG-1,CSF,-0.29997119987097626
MS,CSF_16,CGCGGTAAGTAATCCC-1,CSF,-0.15599274619254386
MS,CSF_16,CGCGGTACACACCGAC-1,CSF,0.08108427059702042
MS,CSF_16,CGCGGTAGTAGCGTCC-1,CSF,0.22520866645675044
MS,CSF_16,CGCGGTAGTTCCTCCA-1,CSF,0.010743741882467597
MS,CSF_16,CGCGTTTGTGCTCTTC-1,CSF,0.2085645972751435
MS,CSF_16,CGCTATCAGGCTAGAC-1,CSF,-0.2050888094939133
MS,CSF_16,CGCTATCTCCAGAGGA-1,CSF,-0.11807151022853193
MS,CSF_16,CGCTTCAAGCACACAG-1,CSF,0.04054002411717962
MS,CSF_16,CGCTTCATCGGATGTT-1,CSF,-0.1947360929675773
MS,CSF_16,CGGACACAGGTGCAAC-1,CSF,0.24993392624667868
MS,CSF_16,CGGACACCACGTCTCT-1,CSF,0.4910409403134303
MS,CSF_16,CGGACACGTAGTAGTA-1,CSF,-0.19080499674150855
MS,CSF_16,CGGACGTCAAGTTGTC-1,CSF,0.2783496377793263
MS,CSF_16,CGGACGTCAGCTGTGC-1,CSF,-0.29997119987097626
MS,CSF_16,CGGACGTGTGGGTATG-1,CSF,-0.07897997985455794
MS,CSF_16,CGGACTGTCATGTGGT-1,CSF,-0.0012457681304433984
MS,CSF_16,CGGAGCTAGATCGATA-1,CSF,-0.036554329689770564
MS,CSF_16,CGGAGTCGTGCGAAAC-1,CSF,-0.18354677454540308
MS,CSF_16,CGGAGTCGTGTAAGTA-1,CSF,-0.05552240188753148
MS,CSF_16,CGGCTAGAGTTAGCGG-1,CSF,-0.08012749247668371
MS,CSF_16,CGGCTAGCAAGTTAAG-1,CSF,-0.29997119987097626
MS,CSF_16,CGGCTAGTCGAACGGA-1,CSF,0.07727830728924574
MS,CSF_16,CGGCTAGTCGAGCCCA-1,CSF,0.708739446433667
MS,CSF_16,CGGGTCACAAAGGCGT-1,CSF,0.15657461999733416
MS,CSF_16,CGGGTCACACCAGATT-1,CSF,0.7459790744080772
MS,CSF_16,CGGTTAAGTACCGTTA-1,CSF,-0.12702068077348855
MS,CSF_16,CGGTTAATCCGTCAAA-1,CSF,0.3738036609892831
MS,CSF_16,CGGTTAATCCGTTGTC-1,CSF,-0.12731688838152536
MS,CSF_16,CGGTTAATCGCCTGTT-1,CSF,0.8351015923409937
MS,CSF_16,CGTAGGCGTACCTACA-1,CSF,0.48008048709867934
MS,CSF_16,CGTCAGGCAATGGTCT-1,CSF,-0.07220607761059543
MS,CSF_16,CGTCAGGGTCTCTCTG-1,CSF,-0.07028713692970996
MS,CSF_16,CGTCAGGGTGGGTCAA-1,CSF,-0.0896486576961858
MS,CSF_16,CGTCAGGTCAAACAAG-1,CSF,-0.29997119987097626
MS,CSF_16,CGTCCATAGCAATCTC-1,CSF,0.9460673101752165
MS,CSF_16,CGTCCATCAGGTGGAT-1,CSF,0.4883302652781744
MS,CSF_16,CGTCTACAGATCACGG-1,CSF,0.35777976123801214
MS,CSF_16,CGTGTCTGTAGCAAAT-1,CSF,-0.062319826502158115
MS,CSF_16,CGTGTCTGTGCAACTT-1,CSF,-0.29997119987097626
MS,CSF_16,CGTTAGAAGGTAGCTG-1,CSF,0.42454247848817295
MS,CSF_16,CGTTGGGCAAACCCAT-1,CSF,0.28035692033763865
MS,CSF_16,CGTTGGGCAAGAGTCG-1,CSF,0.5131096051426396
MS,CSF_16,CGTTGGGTCAAAGACA-1,CSF,-0.16477439073348712
MS,CSF_16,CTAACTTCAACGCACC-1,CSF,-0.20656901496598518
MS,CSF_16,CTAACTTCATGCCTAA-1,CSF,-0.29997119987097626
MS,CSF_16,CTAAGACAGGAGTACC-1,CSF,-0.11963396511296769
MS,CSF_16,CTAAGACGTAGCGCTC-1,CSF,-0.2155736783342809
MS,CSF_16,CTACACCAGCCCGAAA-1,CSF,-0.10395840621692794
MS,CSF_16,CTACATTCAATGGTCT-1,CSF,-0.14735197636490852
MS,CSF_16,CTACATTCATCTACGA-1,CSF,-0.22138608297163226
MS,CSF_16,CTACATTGTTCCGGCA-1,CSF,-0.16483624896979573
MS,CSF_16,CTACATTTCCAACCAA-1,CSF,0.2954728386518612
MS,CSF_16,CTACCCAAGCTCAACT-1,CSF,-0.13026331359894086
MS,CSF_16,CTACCCAGTAGAGGAA-1,CSF,0.1618998568849816
MS,CSF_16,CTAGAGTCACCCTATC-1,CSF,0.36842176637781315
MS,CSF_16,CTAGCCTAGCGTTGCC-1,CSF,0.3972579298387675
MS,CSF_16,CTAGCCTCAAGCTGTT-1,CSF,0.0950887580139271
MS,CSF_16,CTAGCCTCACAGGCCT-1,CSF,-0.056334902740898855
MS,CSF_16,CTCACACGTCCAGTTA-1,CSF,0.2213763154414657
MS,CSF_16,CTCACACTCGAACGGA-1,CSF,0.18662101560543992
MS,CSF_16,CTCAGAAAGATATACG-1,CSF,0.06004577581044631
MS,CSF_16,CTCAGAATCGAGAGCA-1,CSF,-0.07672671195562854
MS,CSF_16,CTCATTACATCCGGGT-1,CSF,-0.1164315593945737
MS,CSF_16,CTCATTAGTCTGCGGT-1,CSF,0.41699635063388385
MS,CSF_16,CTCATTATCAGCTCGG-1,CSF,-0.11233093238004009
MS,CSF_16,CTCATTATCGATAGAA-1,CSF,-0.12307158497373723
MS,CSF_16,CTCATTATCTTCGAGA-1,CSF,0.42422135637174707
MS,CSF_16,CTCCTAGGTTCAACCA-1,CSF,-0.29997119987097626
MS,CSF_16,CTCGAAACAATCCGAT-1,CSF,0.01849777668014504
MS,CSF_16,CTCGAAATCTCTAGGA-1,CSF,-0.1518261985061864
MS,CSF_16,CTCGAGGAGAGCAATT-1,CSF,-0.29997119987097626
MS,CSF_16,CTCGAGGAGTCCGTAT-1,CSF,0.14615034198359209
MS,CSF_16,CTCGAGGTCCCTGACT-1,CSF,-0.13944254877591783
MS,CSF_16,CTCGAGGTCTAACGGT-1,CSF,0.27837431691074793
MS,CSF_16,CTCGGAGGTGACGCCT-1,CSF,-0.13276461209949014
MS,CSF_16,CTCGGAGTCTTATCTG-1,CSF,-0.018945847011441676
MS,CSF_16,CTCGGGACAAGGACTG-1,CSF,0.13458968918744682
MS,CSF_16,CTCGGGATCGTTGCCT-1,CSF,-0.29997119987097626
MS,CSF_16,CTCGTACTCGTAGGTT-1,CSF,0.07161123045692812
MS,CSF_16,CTCGTCAAGCGACGTA-1,CSF,0.2589007292151965
MS,CSF_16,CTCTAATAGATGCGAC-1,CSF,-0.29997119987097626
MS,CSF_16,CTCTAATAGGACAGAA-1,CSF,0.11662597870647533
MS,CSF_16,CTCTACGAGACCCACC-1,CSF,1.1566191741006713
MS,CSF_16,CTCTACGAGCGCCTTG-1,CSF,-0.03605458969212705
MS,CSF_16,CTCTACGCAAGCTGGA-1,CSF,0.715273521825173
MS,CSF_16,CTCTACGTCCTCAACC-1,CSF,0.23727886092439796
MS,CSF_16,CTCTACGTCGTTTATC-1,CSF,-0.09371431352853306
MS,CSF_16,CTGAAACTCATGCATG-1,CSF,0.1806846444744019
MS,CSF_16,CTGAAGTCATCAGTAC-1,CSF,0.6860214593959428
MS,CSF_16,CTGATAGAGTGGCACA-1,CSF,-0.29997119987097626
MS,CSF_16,CTGATCCAGGTTCCTA-1,CSF,-0.12089426350935964
MS,CSF_16,CTGCCTAAGTAGCCGA-1,CSF,-0.1397225768071865
MS,CSF_16,CTGCCTAGTGCACGAA-1,CSF,0.35488125185803543
MS,CSF_16,CTGCCTATCTTGCCGT-1,CSF,-0.09450250781712435
MS,CSF_16,CTGCGGATCCACTGGG-1,CSF,-0.29997119987097626
MS,CSF_16,CTGCGGATCTGATTCT-1-1,CSF,0.36921714041563447
MS,CSF_16,CTGCTGTCAAAGCGGT-1,CSF,0.4205682692584131
MS,CSF_16,CTGGTCTCATAAGACA-1,CSF,0.19838943299127626
MS,CSF_16,CTGTGCTTCCAAACTG-1,CSF,-0.29997119987097626
MS,CSF_16,CTGTTTAAGACTTTCG-1,CSF,1.213220756208566
MS,CSF_16,CTGTTTACAGGAATGC-1,CSF,-0.05937434454637454
MS,CSF_16,CTTACCGGTGTCGCTG-1,CSF,-0.29997119987097626
MS,CSF_16,CTTAGGATCAGAGCTT-1,CSF,0.3764189047439407
MS,CSF_16,CTTAGGATCGGCATCG-1,CSF,-0.018118770716987233
MS,CSF_16,CTTCTCTAGGAGTAGA-1,CSF,-0.29997119987097626
MS,CSF_16,CTTCTCTCAGCTGGCT-1,CSF,0.009321298897197208
MS,CSF_16,CTTGGCTGTCTAGTCA-1,CSF,-0.29997119987097626
MS,CSF_16,GAAATGACAGGCTCAC-1,CSF,-0.019428519080529612
MS,CSF_16,GAACCTACATGGTAGG-1,CSF,0.07992590177986202
MS,CSF_16,GAACCTATCAGAGACG-1,CSF,-0.11693182808374647
MS,CSF_16,GAACGGACATTACCTT-1,CSF,0.1391865916842336
MS,CSF_16,GAACGGAGTCTGGAGA-1,CSF,-0.1593454947190595
MS,CSF_16,GAACGGAGTGTCTGAT-1,CSF,-0.29997119987097626
MS,CSF_16,GAATAAGCAATGTTGC-1,CSF,-0.04068847777833477
MS,CSF_16,GAATGAAAGTCCAGGA-1,CSF,-0.29997119987097626
MS,CSF_16,GAATGAATCAAAGTAG-1,CSF,0.017200411368374992
MS,CSF_16,GACACGCAGCGTTCCG-1,CSF,0.04302558330900357
MS,CSF_16,GACAGAGCAAGGTTTC-1,CSF,-0.1570668544894366
MS,CSF_16,GACCAATAGACAATAC-1,CSF,-0.040269005683769434
MS,CSF_16,GACCAATCACAGTCGC-1,CSF,0.02232137390031646
MS,CSF_16,GACCTGGCATTCTTAC-1,CSF,0.43246674551278247
MS,CSF_16,GACCTGGGTCGATTGT-1,CSF,0.24622133712722638
MS,CSF_16,GACCTGGGTGGACGAT-1,CSF,0.018406934679841398
MS,CSF_16,GACCTGGGTTATGTGC-1,CSF,-0.1464094058133036
MS,CSF_16,GACGCGTCAAGCTGAG-1,CSF,-0.09338977356253188
MS,CSF_16,GACGGCTGTTCAGTAC-1,CSF,-0.29997119987097626
MS,CSF_16,GACGTGCAGTTTAGGA-1,CSF,0.07004407961609561
MS,CSF_16,GACGTGCGTGATGTCT-1,CSF,-0.29997119987097626
MS,CSF_16,GACGTTAGTTCCATGA-1,CSF,0.14075630605746295
MS,CSF_16,GACGTTATCCTGCCAT-1,CSF,0.1937507045089189
MS,CSF_16,GACTAACCATCGGGTC-1,CSF,-0.0204733957692412
MS,CSF_16,GACTAACGTCGAGTTT-1,CSF,-0.06211088045117536
MS,CSF_16,GACTACAAGGTGCTTT-1,CSF,-0.1445697385529394
MS,CSF_16,GACTACACATGGTCTA-1,CSF,-0.11562298723122262
MS,CSF_16,GACTGCGGTCCGTCAG-1,CSF,-0.29997119987097626
MS,CSF_16,GACTGCGGTGATGTGG-1,CSF,-0.12127779699506545
MS,CSF_16,GACTGCGGTGTCGCTG-1,CSF,-0.29997119987097626
MS,CSF_16,GAGCAGAAGACTTTCG-1,CSF,-0.06194140944054799
MS,CSF_16,GAGCAGAAGTGAATTG-1,CSF,-0.13759274934751106
MS,CSF_16,GAGGTGAAGATCTGCT-1,CSF,-0.031198435184939526
MS,CSF_16,GAGGTGAAGCGAAGGG-1,CSF,0.03332617896554679
MS,CSF_16,GAGGTGATCCCGGATG-1,CSF,0.10659888949966285
MS,CSF_16,GAGTCCGAGTGGAGAA-1,CSF,-0.09338634606889297
MS,CSF_16,GAGTCCGCACCATGTA-1,CSF,0.1934084075939463
MS,CSF_16,GATCAGTAGCTAGTTC-1,CSF,0.10178135681818527
MS,CSF_16,GATCAGTTCCTCAATT-1,CSF,0.4984239599538194
MS,CSF_16,GATCGATCACAGCGTC-1,CSF,-0.11551849953961867
MS,CSF_16,GATCGATGTAAGTGGC-1,CSF,-0.1115793783361793
MS,CSF_16,GATCTAGTCTCAAGTG-1,CSF,0.2017005449593771
MS,CSF_16,GATGAAAGTCAGAATA-1,CSF,-0.14873395112869597
MS,CSF_16,GATGAAATCCTAGAAC-1,CSF,-0.15038034914535503
MS,CSF_16,GATGCTATCGCCGTGA-1,CSF,-0.29997119987097626
MS,CSF_16,GATTCAGAGGACGAAA-1,CSF,0.2691153336678714
MS,CSF_16,GATTCAGCACATTAGC-1,CSF,-0.29997119987097626
MS,CSF_16,GATTCAGTCCCATTTA-1,CSF,-0.13545006826349265
MS,CSF_16,GATTCAGTCCTTGGTC-1,CSF,0.3391499190620628
MS,CSF_16,GCAAACTCACCAGGTC-1,CSF,-0.06867437594395549
MS,CSF_16,GCAATCAAGCCCAATT-1,CSF,0.21098096126984037
MS,CSF_16,GCACTCTTCGATCCCT-1,CSF,0.0026504097882849337
MS,CSF_16,GCAGCCACAGACAAGC-1,CSF,-0.29997119987097626
MS,CSF_16,GCAGTTAAGTACGTTC-1,CSF,-0.08752039481112776
MS,CSF_16,GCAGTTAGTACCGAGA-1,CSF,-0.29997119987097626
MS,CSF_16,GCAGTTAGTTCGAATC-1,CSF,-0.139114440006853
MS,CSF_16,GCATACAAGAGATGAG-1,CSF,0.24197261614998467
MS,CSF_16,GCATACAAGCTAGTGG-1,CSF,0.37432632950016503
MS,CSF_16,GCATACATCAGAGCTT-1,CSF,0.6245526381038013
MS,CSF_16,GCATGCGAGGGTATCG-1,CSF,0.10066718127503198
MS,CSF_16,GCATGTAGTACAGCAG-1,CSF,0.4248502846683599
MS,CSF_16,GCCAAATAGTGCCAGA-1,CSF,0.07793512183284133
MS,CSF_16,GCCAAATCACGGTTTA-1,CSF,-0.019361041549715168
MS,CSF_16,GCCAAATGTTAGATGA-1,CSF,0.7441020577474179
MS,CSF_16,GCCTCTAAGAATGTTG-1,CSF,-0.12359910894307022
MS,CSF_16,GCCTCTAAGACTACAA-1,CSF,-0.15764937939647153
MS,CSF_16,GCCTCTAAGATCGATA-1,CSF,-0.29997119987097626
MS,CSF_16,GCCTCTACAAACGCGA-1,CSF,0.30182457828870785
MS,CSF_16,GCCTCTACATACTCTT-1,CSF,-0.29997119987097626
MS,CSF_16,GCCTCTAGTATCGCAT-1,CSF,-0.29997119987097626
MS,CSF_16,GCCTCTAGTCTAGGTT-1,CSF,0.356364995424285
MS,CSF_16,GCCTCTAGTTGACGTT-1,CSF,0.10059748491068073
MS,CSF_16,GCCTCTATCAACCATG-1,CSF,0.35619311005721727
MS,CSF_16,GCGCAACGTTAGGGTG-1,CSF,0.10037399576818361
MS,CSF_16,GCGCAACTCGACGGAA-1,CSF,-0.022195665125225087
MS,CSF_16,GCGCAGTAGATCACGG-1-1,CSF,-0.12923748732252166
MS,CSF_16,GCGCGATAGACTACAA-1,CSF,0.23303386408908758
MS,CSF_16,GCGCGATAGGCAATTA-1,CSF,0.3255543211123781
MS,CSF_16,GCGCGATCATGACATC-1,CSF,0.13410590628001026
MS,CSF_16,GCGCGATGTGTTAAGA-1,CSF,-0.13160036861002447
MS,CSF_16,GCGGGTTCAAGTCATC-1,CSF,-0.2007942607083768
MS,CSF_16,GCGGGTTGTACTCTCC-1,CSF,0.25651307597149814
MS,CSF_16,GCGGGTTGTATCTGCA-1,CSF,-0.29997119987097626
MS,CSF_16,GCGGGTTTCAGTCAGT-1,CSF,0.5410949823016561
MS,CSF_16,GCTCCTATCATGCAAC-1,CSF,-0.04169834443931247
MS,CSF_16,GCTCTGTCACGTCAGC-1,CSF,0.31206041002337986
MS,CSF_16,GCTGCAGAGGTGTGGT-1,CSF,-0.1186281251041398
MS,CSF_16,GCTGCAGTCCCAGGTG-1,CSF,0.0571083309061763
MS,CSF_16,GCTGCAGTCCGATATG-1,CSF,-0.060510430326592
MS,CSF_16,GCTGCTTAGCGTAATA-1,CSF,0.1521523044286861
MS,CSF_16,GCTGCTTGTGCAACTT-1,CSF,0.4536772736284064
MS,CSF_16,GCTGGGTGTTGGTGGA-1,CSF,0.29287701255366244
MS,CSF_16,GGAAAGCAGAAGATTC-1,CSF,0.3398686890333746
MS,CSF_16,GGAAAGCAGTAGCCGA-1,CSF,0.2267659976202876
MS,CSF_16,GGAAAGCGTCTAGTGT-1,CSF,-0.29997119987097626
MS,CSF_16,GGAAAGCTCTTCGGTC-1,CSF,-0.13208296825906063
MS,CSF_16,GGAACTTGTACATGTC-1,CSF,0.023904432692308193
MS,CSF_16,GGAATAACAACACGCC-1,CSF,-0.29997119987097626
MS,CSF_16,GGAATAACACGGTAAG-1,CSF,-0.1962832671656784
MS,CSF_16,GGAATAACATGGGAAC-1,CSF,0.043009277085846946
MS,CSF_16,GGACAAGCAAAGGAAG-1,CSF,0.23356544532903306
MS,CSF_16,GGACAGAAGACTAAGT-1,CSF,-0.16826608697006923
MS,CSF_16,GGACAGAGTTGATTCG-1,CSF,-0.12568276479586463
MS,CSF_16,GGACAGATCGTTACAG-1,CSF,0.6640958551524562
MS,CSF_16,GGACGTCCAGGGTATG-1,CSF,0.17209464471604033
MS,CSF_16,GGACGTCTCAGAAATG-1,CSF,0.1447420371458294
MS,CSF_16,GGAGCAAAGGCCCTCA-1,CSF,0.2357038446366673
MS,CSF_16,GGATTACGTTCACGGC-1,CSF,0.18569684502426745
MS,CSF_16,GGCAATTAGTCACGCC-1,CSF,0.10002152619107756
MS,CSF_16,GGCCGATAGTACGTAA-1,CSF,0.22627767718699077
MS,CSF_16,GGCGACTAGTGCCAGA-1,CSF,-0.13672553617924413
MS,CSF_16,GGCGTGTCACATTTCT-1,CSF,0.24225353963820834
MS,CSF_16,GGCGTGTTCTACGAGT-1,CSF,1.7445518905081236
MS,CSF_16,GGCTCGAAGTCCATAC-1,CSF,0.3098930407863235
MS,CSF_16,GGCTCGACAGCCTGTG-1,CSF,0.47980548745791324
MS,CSF_16,GGCTCGAGTCGACTAT-1,CSF,0.21060615817540204
MS,CSF_16,GGCTCGAGTGAGGCTA-1,CSF,0.135769820250566
MS,CSF_16,GGCTCGAGTTGTACAC-1,CSF,-0.12138231800097678
MS,CSF_16,GGCTGGTAGTACACCT-1,CSF,0.03227958786857875
MS,CSF_16,GGGAATGCAGACGTAG-1,CSF,0.2832704863340236
MS,CSF_16,GGGAATGCAGGCTGAA-1,CSF,0.1323741216003802
MS,CSF_16,GGGAATGTCCACTGGG-1,CSF,-0.29997119987097626
MS,CSF_16,GGGACCTAGCCACGTC-1,CSF,-0.1484028457945304
MS,CSF_16,GGGACCTTCCCTAACC-1,CSF,-0.29997119987097626
MS,CSF_16,GGGACCTTCGGCGCAT-1,CSF,-0.17872919708034882
MS,CSF_16,GGGAGATAGGACACCA-1,CSF,-0.29997119987097626
MS,CSF_16,GGGATGACACTCAGGC-1,CSF,-0.017857795156493838
MS,CSF_16,GGGCACTCACCCATTC-1,CSF,-0.29997119987097626
MS,CSF_16,GGGTCTGAGCTGCAAG-1,CSF,0.3238009513720968
MS,CSF_16,GGGTCTGCAATCACAC-1,CSF,-0.1661887586088581
MS,CSF_16,GGGTCTGCACGGTAAG-1,CSF,0.1573792566464096
MS,CSF_16,GGGTCTGGTCGAATCT-1,CSF,0.3267083494850961
MS,CSF_16,GGGTTGCGTCGACTGC-1,CSF,-0.11529477249282924
MS,CSF_16,GGGTTGCTCCACGCAG-1,CSF,0.1966066224742254
MS,CSF_16,GGTATTGAGGAACTGC-1,CSF,0.1773508517085334
MS,CSF_16,GGTATTGCACCCAGTG-1,CSF,-0.29997119987097626
MS,CSF_16,GGTGCGTTCGCCCTTA-1,CSF,0.5227259647113082
MS,CSF_16,GGTGTTAGTACCGCTG-1,CSF,0.05402984214963965
MS,CSF_16,GGTGTTAGTTAAGTAG-1,CSF,0.46021139350264745
MS,CSF_16,GGTGTTATCCAAACAC-1,CSF,-0.14486537677249764
MS,CSF_16,GGTGTTATCCGGGTGT-1,CSF,0.09915035000931281
MS,CSF_16,GTAACGTCAGGATCGA-1,CSF,0.20690533513788448
MS,CSF_16,GTAACGTGTACCATCA-1,CSF,0.6814275377020593
MS,CSF_16,GTAACTGAGGGTCGAT-1,CSF,0.6247300642414271
MS,CSF_16,GTAACTGCAGACAAGC-1,CSF,-0.29997119987097626
MS,CSF_16,GTAACTGCAGGGCATA-1,CSF,-0.29997119987097626
MS,CSF_16,GTAACTGGTATGAAAC-1,CSF,-0.15258933823330542
MS,CSF_16,GTACGTATCCGTTGTC-1,CSF,-0.12917320795596202
MS,CSF_16,GTACTCCAGCCCTAAT-1,CSF,0.2201093155688983
MS,CSF_16,GTAGTCAAGAGAGCTC-1,CSF,0.04444902139804964
MS,CSF_16,GTAGTCACAAAGCAAT-1,CSF,-0.29997119987097626
MS,CSF_16,GTAGTCAGTGCAGGTA-1,CSF,0.5612446114980976
MS,CSF_16,GTAGTCAGTGCCTGGT-1,CSF,-0.11916628292733653
MS,CSF_16,GTATCTTCATATACGC-1,CSF,-0.15326358596980696
MS,CSF_16,GTATCTTGTCAGAAGC-1,CSF,0.23336670835725243
MS,CSF_16,GTCAAGTAGATAGCAT-1,CSF,0.20760347463647885
MS,CSF_16,GTCACAAAGTTACGGG-1,CSF,0.6332510649838523
MS,CSF_16,GTCATTTGTTAGTGGG-1,CSF,0.15235178275912795
MS,CSF_16,GTCGGGTGTTCGCGAC-1,CSF,0.3904902438802987
MS,CSF_16,GTCGTAACATGTCGAT-1,CSF,-0.29997119987097626
MS,CSF_16,GTCGTAAGTGTGACCC-1,CSF,0.6191013204037316
MS,CSF_16,GTCTCGTAGGTGTGGT-1,CSF,-0.18362096465427707
MS,CSF_16,GTCTCGTAGTCCGGTC-1,CSF,-0.13453256773895336
MS,CSF_16,GTCTCGTCAGTCACTA-1,CSF,0.29062556324174915
MS,CSF_16,GTCTCGTTCATTGCCC-1,CSF,-0.01874659802321951
MS,CSF_16,GTCTTCGAGTGCCATT-1,CSF,-0.29997119987097626
MS,CSF_16,GTCTTCGCAATTGCTG-1,CSF,-0.2066719415918369
MS,CSF_16,GTCTTCGGTTTGACTG-1,CSF,0.5142593811174118
MS,CSF_16,GTCTTCGTCCACGCAG-1,CSF,0.2285722151434865
MS,CSF_16,GTCTTCGTCCCTTGCA-1,CSF,0.2518905502548134
MS,CSF_16,GTGAAGGGTGCATCTA-1,CSF,0.2051251086193057
MS,CSF_16,GTGAAGGTCGCCTGAG-1,CSF,-0.10818320041595145
MS,CSF_16,GTGAAGGTCGGCATCG-1,CSF,-0.29997119987097626
MS,CSF_16,GTGCAGCTCAACGAAA-1,CSF,0.4980320529148549
MS,CSF_16,GTGCAGCTCTAGAGTC-1,CSF,-0.29997119987097626
MS,CSF_16,GTGCTTCAGTCCTCCT-1,CSF,-0.29997119987097626
MS,CSF_16,GTGCTTCGTCATATGC-1,CSF,0.00952436315300083
MS,CSF_16,GTGGGTCCATACAGCT-1,CSF,0.16606300487507245
MS,CSF_16,GTGTGCGGTATGAAAC-1,CSF,0.4699003055592722
MS,CSF_16,GTGTTAGGTTAAGGGC-1,CSF,-0.29997119987097626
MS,CSF_16,GTTAAGCAGAATTCCC-1,CSF,-0.024268669971287498
MS,CSF_16,GTTAAGCCAACTGCTA-1,CSF,0.13572162478584568
MS,CSF_16,GTTAAGCCAAGTTGTC-1,CSF,-0.29997119987097626
MS,CSF_16,GTTAAGCCAGGATTGG-1,CSF,-0.04369500741722583
MS,CSF_16,GTTAAGCCAGTGGAGT-1,CSF,-0.03851878256918877
MS,CSF_16,GTTAAGCCATATACGC-1,CSF,0.616433618945241
MS,CSF_16,GTTACAGAGAAGGACA-1,CSF,-0.06759301161871145
MS,CSF_16,GTTACAGGTGAGTATA-1,CSF,-0.13975983576699547
MS,CSF_16,GTTCATTCACGGTAGA-1,CSF,0.010769752490857256
MS,CSF_16,GTTCGGGTCCAAACAC-1,CSF,0.11571778749854444
MS,CSF_16,GTTCTCGCAGCCTTGG-1,CSF,0.053169875526891654
MS,CSF_16,GTTCTCGGTGTATGGG-1,CSF,-0.009014891022159586
MS,CSF_16,GTTCTCGTCACCTTAT-1,CSF,0.11893634413276602
MS,CSF_16,GTTTCTAGTTGACGTT-1,CSF,-0.16418052428351063
MS,CSF_16,TAAACCGGTGGTCCGT-1,CSF,-0.11654716917545284
MS,CSF_16,TAAGAGAAGGCAAAGA-1,CSF,0.21840398194486893
MS,CSF_16,TAAGCGTCACCGAATT-1,CSF,0.16139194149293462
MS,CSF_16,TAAGTGCTCTCGTTTA-1,CSF,0.33774329991902013
MS,CSF_16,TACACGAAGCGATATA-1,CSF,0.047064802061914136
MS,CSF_16,TACACGATCATTATCC-1,CSF,0.2539281476878673
MS,CSF_16,TACAGTGCAAGAAAGG-1,CSF,0.17859524353319148
MS,CSF_16,TACAGTGCACGGTAGA-1,CSF,-0.13473211136986063
MS,CSF_16,TACAGTGCATGTCCTC-1,CSF,-0.08771432529846523
MS,CSF_16,TACCTTAAGAACTGTA-1,CSF,-0.18728481968155017
MS,CSF_16,TACGGATTCTTGTACT-1,CSF,0.0795447082112263
MS,CSF_16,TACGGGCAGAACAACT-1,CSF,-0.015294846572280021
MS,CSF_16,TACGGGCCATTTGCTT-1,CSF,-0.12919936913128763
MS,CSF_16,TACGGGCGTACAGTGG-1,CSF,-0.13118963120703203
MS,CSF_16,TACGGGCGTGTCAATC-1,CSF,0.04997436655786252
MS,CSF_16,TACGGTAAGGATGTAT-1,CSF,1.2235334122496806
MS,CSF_16,TACTCATTCTGCGTAA-1,CSF,0.22665904522513533
MS,CSF_16,TACTTGTAGAGCTGGT-1,CSF,-0.0959514672691493
MS,CSF_16,TAGACCAAGCGTCTAT-1,CSF,-0.15594839415064254
MS,CSF_16,TAGAGCTGTACCGCTG-1,CSF,-0.29997119987097626
MS,CSF_16,TAGAGCTGTGGACGAT-1,CSF,0.06731462083127648
MS,CSF_16,TAGAGCTTCTCAAACG-1,CSF,-0.29997119987097626
MS,CSF_16,TAGCCGGAGTCCTCCT-1,CSF,-0.29997119987097626
MS,CSF_16,TAGCCGGCAAGTAGTA-1,CSF,0.2352819898730983
MS,CSF_16,TAGTGGTAGCCTCGTG-1,CSF,0.04101158452611516
MS,CSF_16,TAGTGGTAGTTGTAGA-1,CSF,-0.1366793832180674
MS,CSF_16,TAGTGGTGTACTTGAC-1,CSF,-0.29997119987097626
MS,CSF_16,TATCAGGCACGCTTTC-1,CSF,0.7393086102711084
MS,CSF_16,TATCAGGCATTGTGCA-1,CSF,0.2658283865793191
MS,CSF_16,TATCTCAAGAGGTTGC-1,CSF,-0.09108328694532168
MS,CSF_16,TATCTCAGTCAGCTAT-1,CSF,0.046851147692093045
MS,CSF_16,TATGCCCAGGAGCGAG-1,CSF,-0.025867237886752447
MS,CSF_16,TATTACCAGCTCCCAG-1,CSF,-0.043493589121674094
MS,CSF_16,TATTACCAGTCTTGCA-1,CSF,0.04152355351240411
MS,CSF_16,TATTACCCACCATCCT-1,CSF,-0.11144079113510222
MS,CSF_16,TATTACCCAGTAACGG-1,CSF,-0.15097948735672814
MS,CSF_16,TCAACGACAAAGCAAT-1,CSF,0.042906798055941775
MS,CSF_16,TCAATCTAGTGCAAGC-1,CSF,0.6134755813441763
MS,CSF_16,TCAATCTGTGCACGAA-1,CSF,-0.0030148429841662184
MS,CSF_16,TCACAAGAGCTAGCCC-1,CSF,-0.19357066086697294
MS,CSF_16,TCACAAGAGGCCCTTG-1,CSF,0.036507596952234884
MS,CSF_16,TCACAAGAGTAAGTAC-1,CSF,0.07733890249423311
MS,CSF_16,TCACAAGTCATTCACT-1,CSF,-0.29997119987097626
MS,CSF_16,TCACAAGTCCGGCACA-1,CSF,0.048682568240175805
MS,CSF_16,TCACAAGTCCGTCAAA-1,CSF,-0.09084741975931239
MS,CSF_16,TCACAAGTCTTAGAGC-1,CSF,-0.09806451544096483
MS,CSF_16,TCACGAAGTGCTTCTC-1,CSF,-0.047205794636878885
MS,CSF_16,TCACGAATCGCCTGAG-1,CSF,-0.12369111171562222
MS,CSF_16,TCAGATGAGAGCCTAG-1,CSF,-0.1046199819855546
MS,CSF_16,TCAGATGAGGTACTCT-1,CSF,0.17010904933512003
MS,CSF_16,TCAGATGAGTGTGAAT-1,CSF,-0.29997119987097626
MS,CSF_16,TCAGCAAAGAGGTACC-1,CSF,-0.13313379056227245
MS,CSF_16,TCAGCAACACTTAAGC-1,CSF,0.061440721526943985
MS,CSF_16,TCAGGATAGGTGTTAA-1,CSF,-0.1381956846650436
MS,CSF_16,TCAGGATAGTCAAGGC-1,CSF,-0.16314450575214284
MS,CSF_16,TCAGGATGTCAAACTC-1,CSF,-0.07116585642560135
MS,CSF_16,TCAGGTAAGTAGCCGA-1,CSF,-0.29997119987097626
MS,CSF_16,TCAGGTACAGACAAAT-1,CSF,0.47946571769298274
MS,CSF_16,TCAGGTAGTGTTCGAT-1,CSF,-0.29997119987097626
MS,CSF_16,TCAGGTATCTAACTCT-1,CSF,0.19736273560427395
MS,CSF_16,TCATTACCAATAGAGT-1,CSF,-0.29997119987097626
MS,CSF_16,TCATTACGTTATCGGT-1,CSF,0.2682301920154001
MS,CSF_16,TCATTACTCACATACG-1,CSF,0.004551005676303018
MS,CSF_16,TCATTACTCGGGAGTA-1,CSF,0.8721315464806507
MS,CSF_16,TCATTTGAGAGCCCAA-1,CSF,0.08214913299933926
MS,CSF_16,TCATTTGCACTTAACG-1,CSF,0.09192432771319577
MS,CSF_16,TCATTTGCAGGTGCCT-1,CSF,-0.11949527539101712
MS,CSF_16,TCCACACCACCACGTG-1,CSF,0.22968432546664969
MS,CSF_16,TCCACACTCAAAGTAG-1,CSF,0.2178429800565548
MS,CSF_16,TCCCGATAGAGAACAG-1,CSF,-0.06870554760620051
MS,CSF_16,TCGAGGCGTGGCCCTA-1,CSF,-0.29997119987097626
MS,CSF_16,TCGAGGCTCATGGTCA-1,CSF,-0.01436572285297578
MS,CSF_16,TCGCGAGGTAGCGCAA-1,CSF,-0.29997119987097626
MS,CSF_16,TCGCGAGGTTGGGACA-1,CSF,0.08803356003356934
MS,CSF_16,TCGCGTTTCGTCACGG-1,CSF,0.031179539619005135
MS,CSF_16,TCGGGACAGGCCATAG-1,CSF,0.29743519600906726
MS,CSF_16,TCGGGACCAGTTAACC-1,CSF,-0.08877620468000502
MS,CSF_16,TCGTACCAGTGGTAGC-1,CSF,0.04245955257557021
MS,CSF_16,TCGTACCAGTTCCACA-1,CSF,0.6632032061423182
MS,CSF_16,TCTATTGAGATGCCAG-1,CSF,-0.29997119987097626
MS,CSF_16,TCTATTGAGTCACGCC-1,CSF,0.16283560778828612
MS,CSF_16,TCTCATAGTAAGTAGT-1,CSF,-0.005461691052139609
MS,CSF_16,TCTCATAGTCTCTCTG-1,CSF,-0.14415321303497267
MS,CSF_16,TCTCATAGTGTAAGTA-1,CSF,-0.11587721428834201
MS,CSF_16,TCTCATATCTCTTGAT-1,CSF,0.16338706160965236
MS,CSF_16,TCTCTAATCAAACCAC-1,CSF,0.0003742816730138987
MS,CSF_16,TCTGGAAGTTGATTGC-1,CSF,0.043854470135372706
MS,CSF_16,TCTTCGGAGACAGAGA-1,CSF,0.2599150508273838
MS,CSF_16,TCTTCGGCACAGTCGC-1,CSF,-0.29997119987097626
MS,CSF_16,TCTTCGGCACGTCTCT-1,CSF,0.35648995233986813
MS,CSF_16,TCTTCGGCATTAGGCT-1,CSF,-0.07143914539966503
MS,CSF_16,TCTTCGGTCATATCGG-1,CSF,-0.06302218692174284
MS,CSF_16,TCTTCGGTCGAATCCA-1,CSF,0.042886598081341785
MS,CSF_16,TCTTTCCCATACGCCG-1,CSF,0.03798507788841304
MS,CSF_16,TCTTTCCGTAAGAGGA-1,CSF,0.3967247069828471
MS,CSF_16,TGAAAGAGTATAGGTA-1,CSF,-0.19845039868744738
MS,CSF_16,TGACAACTCACGGTTA-1,CSF,0.33318432724487757
MS,CSF_16,TGACGGCAGGCAGTCA-1,CSF,0.1642689423424064
MS,CSF_16,TGACGGCGTGACAAAT-1,CSF,0.17534507442374903
MS,CSF_16,TGACTAGAGGATTCGG-1,CSF,-0.11809203286746757
MS,CSF_16,TGACTAGTCTCTAAGG-1,CSF,0.13384021638909485
MS,CSF_16,TGAGAGGAGAGAGCTC-1,CSF,-0.29997119987097626
MS,CSF_16,TGAGAGGAGCTAAGAT-1,CSF,-0.29997119987097626
MS,CSF_16,TGAGAGGCAGTGGGAT-1,CSF,-0.11118320957819296
MS,CSF_16,TGAGAGGTCCAAGTAC-1,CSF,0.4219950999758257
MS,CSF_16,TGAGCATCATGTTGAC-1,CSF,0.003688043627308124
MS,CSF_16,TGAGCATTCTACCAGA-1,CSF,0.10374661150986404
MS,CSF_16,TGAGGGAGTAGCTAAA-1,CSF,0.3529775412037063
MS,CSF_16,TGATTTCAGATGTTAG-1,CSF,0.13600281851535612
MS,CSF_16,TGCACCTTCTCAAACG-1,CSF,-0.15272313357438014
MS,CSF_16,TGCCCATAGGACAGCT-1,CSF,-0.1313532020852655
MS,CSF_16,TGCCCTACACGTTGGC-1,CSF,-0.06065726037878693
MS,CSF_16,TGCGCAGAGAAACCGC-1,CSF,-0.29997119987097626
MS,CSF_16,TGCGCAGAGTAAGTAC-1-1,CSF,-0.07864722179862142
MS,CSF_16,TGCGCAGGTAAATACG-1,CSF,-0.29997119987097626
MS,CSF_16,TGCGCAGGTCAATGTC-1,CSF,-0.11384995151071346
MS,CSF_16,TGCGCAGTCGTACGGC-1,CSF,-0.29997119987097626
MS,CSF_16,TGCGCAGTCTACTCAT-1,CSF,-0.10500117003628988
MS,CSF_16,TGCGGGTCAGTCCTTC-1,CSF,-0.02485986616182766
MS,CSF_16,TGCGGGTTCGGAAACG-1,CSF,-0.004058990938639785
MS,CSF_16,TGCGTGGGTAATCACC-1,CSF,-0.03218025155802499
MS,CSF_16,TGCGTGGTCTCCAGGG-1,CSF,0.11967376247491293
MS,CSF_16,TGCTACCCACGGTAGA-1,CSF,0.07028204443268891
MS,CSF_16,TGCTACCGTCCAGTTA-1,CSF,-0.08491249333706105
MS,CSF_16,TGCTACCGTCTTCGTC-1,CSF,0.0649189245203583
MS,CSF_16,TGCTGCTAGGACATTA-1,CSF,-0.29997119987097626
MS,CSF_16,TGCTGCTTCTGTCTCG-1,CSF,0.19282088565634306
MS,CSF_16,TGGACGCAGTGAAGAG-1,CSF,0.04616944491337355
MS,CSF_16,TGGCCAGAGTAGCCGA-1,CSF,0.19469952319766431
MS,CSF_16,TGGCGCAAGGATATAC-1,CSF,0.42451488498249523
MS,CSF_16,TGGCGCAGTCTTGATG-1,CSF,-0.13149546680992882
MS,CSF_16,TGGCGCATCACCGGGT-1,CSF,-0.1168818250094794
MS,CSF_16,TGGCTGGAGCCAGGAT-1,CSF,-0.0529125712435224
MS,CSF_16,TGGCTGGGTAAGTTCC-1,CSF,0.07294070205435856
MS,CSF_16,TGGGAAGAGCAGCGTA-1,CSF,0.4252167778443077
MS,CSF_16,TGGGAAGAGCGATAGC-1,CSF,-0.15887028431932887
MS,CSF_16,TGGGAAGTCGAATGGG-1,CSF,0.13790315224021316
MS,CSF_16,TGGGCGTAGATGCCTT-1,CSF,0.07438226265188252
MS,CSF_16,TGGGCGTAGCGTTCCG-1,CSF,0.1367516826738445
MS,CSF_16,TGGGCGTTCTTGCATT-1,CSF,-0.12560369027143603
MS,CSF_16,TGGTTAGGTCGCCATG-1,CSF,0.6482779359119862
MS,CSF_16,TGGTTAGTCGAACGGA-1,CSF,-0.03647305818295977
MS,CSF_16,TGGTTCCAGTGGGATC-1,CSF,0.0738712305777088
MS,CSF_16,TGGTTCCCACCACCAG-1,CSF,0.701162436608139
MS,CSF_16,TGGTTCCGTACTCTCC-1,CSF,-0.09001494627637285
MS,CSF_16,TGTATTCCACTCTGTC-1,CSF,0.11434638694346454
MS,CSF_16,TGTATTCTCCTTAATC-1,CSF,0.36609805952046687
MS,CSF_16,TGTCCCAGTCAAAGAT-1,CSF,0.2053878956933524
MS,CSF_16,TGTGGTAAGAGCCTAG-1,CSF,0.126126155659079
MS,CSF_16,TGTGGTATCCAAAGTC-1,CSF,0.16042537261523032
MS,CSF_16,TGTTCCGTCACAATGC-1,CSF,0.12479373467053947
MS,CSF_16,TTAACTCGTTCGTTGA-1,CSF,-0.29997119987097626
MS,CSF_16,TTAGGACAGTCCCACG-1,CSF,0.12416390613062475
MS,CSF_16,TTAGGACCATCATCCC-1,CSF,-0.1345862237118149
MS,CSF_16,TTAGGCAGTTTACTCT-1,CSF,0.7196835332195314
MS,CSF_16,TTATGCTAGATGTGGC-1,CSF,0.19288589263285183
MS,CSF_16,TTATGCTAGCTTCGCG-1,CSF,-0.29997119987097626
MS,CSF_16,TTATGCTTCCTACAGA-1,CSF,0.19539371198582337
MS,CSF_16,TTCCCAGAGACAAGCC-1,CSF,0.004860003058984993
MS,CSF_16,TTCGAAGCAGTAAGCG-1,CSF,-0.047653366943180724
MS,CSF_16,TTCGGTCTCCATGCTC-1,CSF,-0.13385017178274236
MS,CSF_16,TTCTACAGTGCACCAC-1,CSF,-0.0015350061392233525
MS,CSF_16,TTCTCAAGTGTATGGG-1,CSF,-0.14475190167330276
MS,CSF_16,TTGAACGGTGAGGGTT-1,CSF,-0.29997119987097626
MS,CSF_16,TTGAACGGTTAAGAAC-1,CSF,0.13533178399097032
MS,CSF_16,TTGAACGTCACATAGC-1,CSF,0.4372570345719655
MS,CSF_16,TTGAACGTCCAGGGCT-1,CSF,0.03370945518805933
MS,CSF_16,TTGACTTAGCTACCTA-1,CSF,0.06545723407077322
MS,CSF_16,TTGACTTCACAGATTC-1,CSF,-0.1185646692283849
MS,CSF_16,TTGCCGTAGCTCCTCT-1,CSF,0.5155553336971194
MS,CSF_16,TTGCCGTTCGCGGATC-1,CSF,0.07631303092191198
MS,CSF_16,TTGCGTCAGCTGAACG-1,CSF,0.3713981467724361
MS,CSF_16,TTGCGTCAGTCTTGCA-1,CSF,0.32450247101772695
MS,CSF_16,TTGGAACGTGAGTATA-1,CSF,-0.14347653455819023
MS,CSF_16,TTGGCAAAGAGGTACC-1,CSF,-0.1221884054320742
MS,CSF_16,TTGGCAACAGCTCGCA-1,CSF,-0.14070082709953058
MS,CSF_16,TTGGCAAGTAAGTGGC-1,CSF,0.4233487727616568
MS,CSF_16,TTTACTGAGGCGATAC-1,CSF,-0.1362428752510269
MS,CSF_16,TTTACTGTCGATGAGG-1,CSF,0.041903722709344234
MS,CSF_16,TTTCCTCGTAGCACGA-1,CSF,-0.29997119987097626
MS,CSF_16,TTTCCTCGTGTTTGTG-1,CSF,0.5633545781188868
MS,CSF_16,TTTCCTCTCCAGATCA-1,CSF,0.1070058783999185
MS,CSF_16,TTTGCGCAGACTAGGC-1,CSF,-0.035093191730193055
MS,CSF_16,TTTGGTTAGCTGGAAC-1,CSF,-0.12007472154866562
MS,CSF_16,TTTGGTTTCGAATGGG-1,CSF,-0.29997119987097626
MS,CSF_22,AAGGCAGTCGTAGGTT-1,CSF,-0.29997119987097626
MS,CSF_22,ACTTACTGTAAGGATT-1,CSF,1.6009159739075247
MS,CSF_22,ACTTGTTTCTGCTTGC-1,CSF,-0.054258598483878095
MS,CSF_22,AGATTGCAGGGTTCCC-1,CSF,-0.12277901440359659
MS,CSF_22,AGGTCATGTACAAGTA-1,CSF,-0.10873228403648912
MS,CSF_22,ATTCTACAGTTGCAGG-1,CSF,-0.1563323878996416
MS,CSF_22,CACCTTGTCTCAACTT-1,CSF,-0.13319214880154936
MS,CSF_22,CCATTCGTCTTCTGGC-1,CSF,-0.29997119987097626
MS,CSF_22,CCTACCACATTGTGCA-1,CSF,0.1243388046250613
MS,CSF_22,CGAATGTAGCCGGTAA-1,CSF,-0.09133672525714233
MS,CSF_22,CGAGAAGAGTGACATA-1,CSF,-0.158081667060109
MS,CSF_22,CTGCCTACATTCTCAT-1,CSF,0.24453084999560243
MS,CSF_22,CTGGTCTCACAAGCCC-1,CSF,0.24439986863035795
MS,CSF_22,GAATAAGTCGTTACAG-1,CSF,0.0056235400602802
MS,CSF_22,GACACGCTCAAGGCTT-1,CSF,0.011023948670593855
MS,CSF_22,GACAGAGCAGGGATTG-1,CSF,0.16012473047084502
MS,CSF_22,GACGCGTAGTATGACA-1,CSF,-0.00550183371234452
MS,CSF_22,GATCGCGCACTGTGTA-1,CSF,-0.13411009233159085
MS,CSF_22,GATGAAAAGACAGAGA-1,CSF,0.6885640081668986
MS,CSF_22,GCAATCAAGATGCCTT-1,CSF,0.4607214291468743
MS,CSF_22,GCAGCCATCGTCTGCT-1,CSF,-0.15220922229945075
MS,CSF_22,GCCTCTACAAGCGCTC-1,CSF,-0.29997119987097626
MS,CSF_22,GCGACCAGTCCGAATT-1,CSF,0.26098254586370473
MS,CSF_22,GGGCACTAGACACTAA-1,CSF,0.03211022308894328
MS,CSF_22,GTAACGTTCTCTAAGG-1,CSF,0.4724323317686218
MS,CSF_22,GTAACTGTCGAACGGA-1,CSF,-0.29997119987097626
MS,CSF_22,GTATCTTTCAGCAACT-1,CSF,-0.1414429178384696
MS,CSF_22,GTCGGGTGTCTAGCCG-1,CSF,-0.01623602805866404
MS,CSF_22,GTCTTCGCAATGACCT-1,CSF,0.13892586215756147
MS,CSF_22,GTTACAGGTTCTGGTA-1,CSF,0.10981024327591789
MS,CSF_22,GTTCTCGAGCAGGCTA-1,CSF,0.13530020835215179
MS,CSF_22,TACGGGCGTAAGGGCT-1,CSF,0.1622817950282025
MS,CSF_22,TACTCATGTTTAAGCC-1,CSF,-0.11840149154314851
MS,CSF_22,TACTTACTCTGTACGA-1,CSF,-0.10681964774386712
MS,CSF_22,TACTTGTGTGAGGGAG-1,CSF,0.11624036428302408
MS,CSF_22,TCGCGAGTCTGTTGAG-1,CSF,-0.19568010504098235
MS,CSF_22,TCGCGTTAGACGCACA-1,CSF,-0.29997119987097626
MS,CSF_22,TGACAACAGGTGGGTT-1,CSF,-0.11275217513463216
MS,CSF_22,TTAACTCTCAAGGCTT-1,CSF,-0.02118964222309785
MS,CSF_22,TTCTTAGCAGCTCGCA-1,CSF,0.013830818595630052
MS,CSF_24,AACCGCGAGCAGACTG-1,CSF,0.06793998155793461
MS,CSF_24,AACTCCCGTAAGCACG-1,CSF,0.10814981213324258
MS,CSF_24,AATCCAGGTATAGTAG-1,CSF,-0.29997119987097626
MS,CSF_24,ACACCCTCATGTTGAC-1,CSF,-0.29997119987097626
MS,CSF_24,ACACTGATCTATGTGG-1,CSF,-0.29997119987097626
MS,CSF_24,ACAGCTACAATGACCT-1,CSF,0.17442866817083194
MS,CSF_24,ACATACGCACCAGTTA-1,CSF,-0.08886341169432252
MS,CSF_24,ACATCAGTCATCACCC-1,CSF,-0.13982067969729636
MS,CSF_24,ACCCACTGTATAAACG-1,CSF,0.13402250438693314
MS,CSF_24,ACCGTAACAGACGCCT-1,CSF,0.15046826966466317
MS,CSF_24,ACGAGGACAGGGCATA-1,CSF,0.0891737395420081
MS,CSF_24,ACGCAGCTCCGCGCAA-1,CSF,0.5532831995829507
MS,CSF_24,ACGGGCTAGGCAATTA-1,CSF,0.3968459219567175
MS,CSF_24,ACGTCAATCTCTAGGA-1,CSF,-0.08594706440427248
MS,CSF_24,ACTATCTCAGGGTATG-1,CSF,-0.020393859082877892
MS,CSF_24,ACTATCTTCTGCCAGG-1,CSF,-0.06804208106013379
MS,CSF_24,ACTGAACCAGCTATTG-1,CSF,-0.29997119987097626
MS,CSF_24,ACTGAACGTCTGCAAT-1,CSF,-0.16041623487811815
MS,CSF_24,ACTGCTCTCATGTGGT-1,CSF,0.7761396420172136
MS,CSF_24,ACTTGTTAGTCATGCT-1,CSF,0.4709460947122304
MS,CSF_24,ACTTTCAAGGCGATAC-1,CSF,0.16633072619053163
MS,CSF_24,ACTTTCAGTTACGTCA-1,CSF,-0.1416730506722485
MS,CSF_24,AGAATAGAGGATATAC-1,CSF,0.22393106015099046
MS,CSF_24,AGACGTTCAAAGCGGT-1,CSF,-0.023935295270284866
MS,CSF_24,AGAGCGAAGACGCACA-1,CSF,0.34583177356486566
MS,CSF_24,AGAGCTTCAAGCCGCT-1,CSF,0.5176408620085062
MS,CSF_24,AGAGCTTGTCCGACGT-1,CSF,-0.06567412759794108
MS,CSF_24,AGATCTGAGCGATAGC-1,CSF,0.3148921586713366
MS,CSF_24,AGCGTCGTCCACGTGG-1,CSF,0.25855787166049965
MS,CSF_24,AGGCCGTCAATAGAGT-1,CSF,-0.29997119987097626
MS,CSF_24,AGGGTGATCAGAGGTG-1,CSF,0.09150247375598072
MS,CSF_24,AGGTCATAGCTGTCTA-1,CSF,0.004942622491520491
MS,CSF_24,AGGTCCGCAGCATGAG-1,CSF,0.33715356769255556
MS,CSF_24,AGTCTTTCACAGCGTC-1,CSF,-0.042247858475586486
MS,CSF_24,AGTCTTTCATCGGTTA-1,CSF,-0.29997119987097626
MS,CSF_24,AGTCTTTGTACAGTTC-1,CSF,0.10960468871365969
MS,CSF_24,AGTGAGGAGTTCGCAT-1,CSF,0.16137666165358114
MS,CSF_24,AGTGGGATCTTAGCCC-1,CSF,0.3864630460361339
MS,CSF_24,AGTGTCAAGGTGATAT-1,CSF,-0.29997119987097626
MS,CSF_24,ATAAGAGGTAAGTGGC-1,CSF,0.038665623027738905
MS,CSF_24,ATAGACCCAGGTCGTC-1,CSF,-0.29997119987097626
MS,CSF_24,ATCACGAGTGCAGGTA-1,CSF,-0.29997119987097626
MS,CSF_24,ATCACGAGTTTGACTG-1,CSF,-0.15401483796642457
MS,CSF_24,ATCATCTAGTCTCCTC-1,CSF,0.07796129518079799
MS,CSF_24,ATCCACCGTATCAGTC-1,CSF,0.3370180928653169
MS,CSF_24,ATCCGAACACGTCAGC-1,CSF,-0.29997119987097626
MS,CSF_24,ATCCGAAGTACAGTGG-1,CSF,0.18638768507453501
MS,CSF_24,ATCTGCCGTCTACCTC-1,CSF,-0.29997119987097626
MS,CSF_24,ATGGGAGCAAATCCGT-1,CSF,-0.29997119987097626
MS,CSF_24,ATGTGTGCAAGTTAAG-1,CSF,-0.18901535284603824
MS,CSF_24,ATTACTCCATTGGGCC-1,CSF,0.15975398091003412
MS,CSF_24,ATTACTCTCTGCTGTC-1,CSF,0.3989908498506054
MS,CSF_24,ATTCTACGTTGGTTTG-1,CSF,0.8429885589606533
MS,CSF_24,ATTCTACTCCCTTGCA-1,CSF,-0.29997119987097626
MS,CSF_24,ATTGGTGAGGCATGTG-1,CSF,0.056975809886595244
MS,CSF_24,ATTGGTGCACTACAGT-1,CSF,-0.29997119987097626
MS,CSF_24,CAACCAAGTATAAACG-1,CSF,0.11579888323518171
MS,CSF_24,CAACCTCAGAGCTGCA-1,CSF,-0.29997119987097626
MS,CSF_24,CAAGAAAAGCTCCCAG-1,CSF,0.045149331747945255
MS,CSF_24,CAAGAAATCATGGTCA-1,CSF,0.5432401681173021
MS,CSF_24,CAAGATCCAGCAGTTT-1,CSF,0.11055285319938725
MS,CSF_24,CACCAGGTCCGTAGGC-1,CSF,-0.03680008951416142
MS,CSF_24,CACCTTGGTCAGTGGA-1,CSF,0.42140179928132016
MS,CSF_24,CAGCAGCAGCCGGTAA-1,CSF,0.3150348513817104
MS,CSF_24,CAGCGACCATCCAACA-1,CSF,-0.29997119987097626
MS,CSF_24,CAGCTGGTCTTGAGAC-1,CSF,-0.29997119987097626
MS,CSF_24,CAGGTGCAGCTAGGCA-1,CSF,-0.0765944037969877
MS,CSF_24,CAGTCCTAGAGAGCTC-1,CSF,-0.12425987510847866
MS,CSF_24,CATCAGAGTCTAAAGA-1,CSF,0.06491251206452182
MS,CSF_24,CATCCACGTACCAGTT-1,CSF,-0.13334738733994322
MS,CSF_24,CCAATCCCATTAGCCA-1,CSF,0.7609079370761862
MS,CSF_24,CCACCTACATCTGGTA-1,CSF,0.16069434268665775
MS,CSF_24,CCACGGAAGTGGTCCC-1,CSF,-0.29997119987097626
MS,CSF_24,CCAGCGATCACTGGGC-1,CSF,-0.07573208885900651
MS,CSF_24,CCGGTAGCATCTATGG-1,CSF,0.05677243479885363
MS,CSF_24,CCGTACTCAATAAGCA-1,CSF,-0.10429895107485081
MS,CSF_24,CCGTGGAGTTGCGTTA-1,CSF,-0.04378643336988723
MS,CSF_24,CCTAGCTTCCTGCTTG-1,CSF,-0.06854192076884646
MS,CSF_24,CCTAGCTTCTCATTCA-1,CSF,-0.16022900298448547
MS,CSF_24,CGAACATGTATTACCG-1,CSF,0.6246267019621082
MS,CSF_24,CGCGTTTGTACAGACG-1,CSF,-0.13538683799694404
MS,CSF_24,CGCGTTTTCTAACCGA-1,CSF,-0.1349848109834177
MS,CSF_24,CGCTATCAGTGAACGC-1,CSF,-0.011479981464691254
MS,CSF_24,CGCTGGACAATGGACG-1,CSF,0.1547630667422284
MS,CSF_24,CGGACACCATAGAAAC-1,CSF,0.02730950940349849
MS,CSF_24,CGGACACTCAATCACG-1,CSF,-0.1315162683772339
MS,CSF_24,CGGACGTCATGAAGTA-1,CSF,0.02748236585504135
MS,CSF_24,CGGACTGCAAGTACCT-1,CSF,-0.29997119987097626
MS,CSF_24,CGGAGTCGTGCCTTGG-1,CSF,-0.09271262570855597
MS,CSF_24,CGGCTAGCAGTCACTA-1,CSF,-0.03648145613923396
MS,CSF_24,CGGGTCAGTAGCGTGA-1,CSF,-0.04514828710599146
MS,CSF_24,CGGTTAAAGCGGCTTC-1,CSF,-0.29997119987097626
MS,CSF_24,CGTAGGCAGTAGATGT-1,CSF,-0.29997119987097626
MS,CSF_24,CGTCAGGAGTCCGGTC-1,CSF,-0.051700943037678415
MS,CSF_24,CGTGAGCTCGCGTAGC-1,CSF,0.43599640625148534
MS,CSF_24,CGTTAGATCGGTCTAA-1,CSF,0.030599090435088547
MS,CSF_24,CTACCCATCTCTGAGA-1,CSF,0.24553418962667894
MS,CSF_24,CTACGTCAGCACACAG-1,CSF,-0.29997119987097626
MS,CSF_24,CTACGTCGTTCTGGTA-1,CSF,-0.29997119987097626
MS,CSF_24,CTAGAGTCACTTAAGC-1,CSF,-0.10056111097986872
MS,CSF_24,CTAGAGTTCGTCCAGG-1,CSF,-0.29997119987097626
MS,CSF_24,CTAGCCTGTCTAGCCG-1,CSF,-0.13199435138253074
MS,CSF_24,CTAGCCTTCGACGGAA-1,CSF,0.6876043832409984
MS,CSF_24,CTCACACCACATGACT-1,CSF,-0.29997119987097626
MS,CSF_24,CTCATTAGTTAGGGTG-1,CSF,-0.29997119987097626
MS,CSF_24,CTCCTAGGTAGGACAC-1,CSF,-0.29997119987097626
MS,CSF_24,CTCTAATGTCGGCTCA-1,CSF,0.05488417883570475
MS,CSF_24,CTCTACGAGGGATACC-1,CSF,-0.05490038271466598
MS,CSF_24,CTCTACGCATGATCCA-1,CSF,-0.29997119987097626
MS,CSF_24,CTCTGGTAGCTTATCG-1,CSF,0.0277237777960117
MS,CSF_24,CTGAAGTCAGTATGCT-1,CSF,0.38046962431278775
MS,CSF_24,CTGAAGTGTGGTCCGT-1,CSF,-0.29997119987097626
MS,CSF_24,CTGATAGCAATCGAAA-1,CSF,0.10921707094705904
MS,CSF_24,CTGCCTATCTCCCTGA-1,CSF,-0.012398779022445005
MS,CSF_24,CTGCGGAGTCTTGCGG-1,CSF,-0.08358369644226503
MS,CSF_24,CTGCTGTTCTAACTGG-1,CSF,0.22753399254128914
MS,CSF_24,CTGGTCTCAAATTGCC-1,CSF,0.05603132335910978
MS,CSF_24,CTGTGCTGTCTTCTCG-1,CSF,0.3503448609317518
MS,CSF_24,CTGTTTAGTCGCATAT-1,CSF,-0.29997119987097626
MS,CSF_24,CTTAACTGTCAAACTC-1,CSF,-0.29997119987097626
MS,CSF_24,CTTACCGCAAGGCTCC-1,CSF,-0.29997119987097626
MS,CSF_24,CTTCTCTAGTCCGGTC-1,CSF,-0.12767550054181756
MS,CSF_24,CTTTGCGCACATCCAA-1,CSF,0.33365850674562936
MS,CSF_24,GAACCTAAGAAGATTC-1,CSF,-0.29997119987097626
MS,CSF_24,GAACGGAAGGCTCAGA-1,CSF,-0.29997119987097626
MS,CSF_24,GAACGGATCCGCATCT-1,CSF,0.25559323314775734
MS,CSF_24,GAAGCAGAGTTCGCGC-1,CSF,-0.29997119987097626
MS,CSF_24,GAAGCAGCAGCCACCA-1,CSF,0.422987271841944
MS,CSF_24,GAATAAGCAACGATCT-1,CSF,-0.29997119987097626
MS,CSF_24,GACACGCGTCGCGGTT-1,CSF,0.10730635385033674
MS,CSF_24,GACCAATGTCAAGCGA-1,CSF,0.31064804121290485
MS,CSF_24,GACGCGTAGCTCCTTC-1,CSF,-0.29997119987097626
MS,CSF_24,GACTAACCACAGCGTC-1,CSF,-0.29997119987097626
MS,CSF_24,GACTGCGCAATCACAC-1,CSF,-0.29997119987097626
MS,CSF_24,GAGCAGACACCTTGTC-1,CSF,-0.29997119987097626
MS,CSF_24,GAGTCCGAGTGACTCT-1,CSF,-0.29997119987097626
MS,CSF_24,GATCAGTGTAGCACGA-1,CSF,0.15048653801860765
MS,CSF_24,GATCGATGTGTAACGG-1,CSF,-0.29997119987097626
MS,CSF_24,GATCGCGTCCAAACAC-1,CSF,-0.29997119987097626
MS,CSF_24,GATTCAGCAGTAACGG-1,CSF,-0.29997119987097626
MS,CSF_24,GCAATCAAGCCCAGCT-1,CSF,0.4969751881072813
MS,CSF_24,GCACTCTCAACGCACC-1,CSF,0.36894048637801197
MS,CSF_24,GCACTCTTCGAGAACG-1,CSF,-0.14151540083179445
MS,CSF_24,GCAGCCAAGCCGATTT-1,CSF,-0.29997119987097626
MS,CSF_24,GCATGATCACTAGTAC-1,CSF,-0.006381195442610827
MS,CSF_24,GCCAAATTCTTCAACT-1,CSF,0.15543333174166146
MS,CSF_24,GCGCAACGTACAGTGG-1,CSF,-0.29997119987097626
MS,CSF_24,GCGCAACGTGTGGTTT-1,CSF,-0.29997119987097626
MS,CSF_24,GCGCCAAAGATAGCAT-1,CSF,-0.11241671652683527
MS,CSF_24,GCTCTGTCATGGGAAC-1,CSF,-0.29997119987097626
MS,CSF_24,GCTGCAGTCCGCGCAA-1,CSF,-0.29997119987097626
MS,CSF_24,GCTGCAGTCGTCCGTT-1,CSF,-0.020182747138742928
MS,CSF_24,GCTGCGACAAGCGCTC-1,CSF,0.11342994729635301
MS,CSF_24,GCTTCCAGTCGTTGTA-1,CSF,-0.29997119987097626
MS,CSF_24,GGACAGAAGTCACGCC-1,CSF,-0.1067865756427578
MS,CSF_24,GGACATTCACGTCTCT-1,CSF,-0.20578544692174972
MS,CSF_24,GGCCGATTCTTTCCTC-1,CSF,-0.008639954697658199
MS,CSF_24,GGCGACTTCGGTGTCG-1,CSF,0.18918443489787246
MS,CSF_24,GGGAATGGTCATGCCG-1,CSF,-0.29997119987097626
MS,CSF_24,GGGATGACATCACCCT-1,CSF,-0.29997119987097626
MS,CSF_24,GGGATGAGTTTAGGAA-1,CSF,0.21364488883823735
MS,CSF_24,GGTATTGAGAGGGATA-1,CSF,-0.13697490727806172
MS,CSF_24,GGTATTGCAATTCCTT-1,CSF,0.5602813302924273
MS,CSF_24,GGTGAAGGTAAAGTCA-1,CSF,0.15908903693302565
MS,CSF_24,GTAACTGAGGCATTGG-1,CSF,-0.08363349389990796
MS,CSF_24,GTAGGCCAGGATTCGG-1,CSF,-0.07248672167569736
MS,CSF_24,GTAGTCAGTAGCGTCC-1,CSF,-0.07563473918165155
MS,CSF_24,GTATCTTTCATGTCCC-1,CSF,-0.04047730929385722
MS,CSF_24,GTCACAACAATGCCAT-1,CSF,0.20788911149570036
MS,CSF_24,GTCACAACAGGACGTA-1,CSF,0.23449821818832173
MS,CSF_24,GTCACGGTCAAACCAC-1,CSF,0.10550437804067128
MS,CSF_24,GTCGGGTCAATCTGCA-1,CSF,0.2824918289616468
MS,CSF_24,GTCGTAACAACACGCC-1,CSF,-0.29997119987097626
MS,CSF_24,GTGCAGCTCTCGCATC-1,CSF,0.2009404417369571
MS,CSF_24,GTGCGGTCAGGCTGAA-1,CSF,0.8400794203771689
MS,CSF_24,GTGCTTCAGGGCACTA-1,CSF,0.6612701399874455
MS,CSF_24,GTTTCTACAGTAAGAT-1,CSF,0.15772061764944412
MS,CSF_24,TACACGATCCGGCACA-1,CSF,0.6043783489613445
MS,CSF_24,TACAGTGAGCGATATA-1,CSF,-0.15708866251394824
MS,CSF_24,TACAGTGCACAACGCC-1,CSF,0.5607930493250326
MS,CSF_24,TACAGTGCATTGGTAC-1,CSF,-0.29997119987097626
MS,CSF_24,TACCTATCAACGATCT-1,CSF,-0.29997119987097626
MS,CSF_24,TACCTATGTCGGCACT-1,CSF,0.41772120855636874
MS,CSF_24,TACCTTAGTACCGAGA-1,CSF,-0.03992150303461436
MS,CSF_24,TACGGTAAGAAACCTA-1,CSF,-0.13221237252089416
MS,CSF_24,TACTCATCAAGCCGCT-1,CSF,0.12731588884177308
MS,CSF_24,TACTCGCAGCCACGTC-1,CSF,0.6811118672545173
MS,CSF_24,TACTCGCGTAGGCTGA-1,CSF,0.19280864356451427
MS,CSF_24,TACTTACCAATGGACG-1,CSF,-0.15195693969965754
MS,CSF_24,TACTTGTGTCTAGTCA-1,CSF,0.02205169343145951
MS,CSF_24,TAGACCACAGTAAGCG-1,CSF,-0.29997119987097626
MS,CSF_24,TAGCCGGTCTCGGACG-1,CSF,0.4189180087465779
MS,CSF_24,TATCTCACAACGATGG-1,CSF,-0.08117455655360532
MS,CSF_24,TATGCCCCATCCGCGA-1,CSF,-0.29997119987097626
MS,CSF_24,TATTACCAGTCGTTTG-1,CSF,0.03735175754964794
MS,CSF_24,TATTACCGTACCGAGA-1,CSF,-0.05207793522200906
MS,CSF_24,TCAATCTGTCGGCACT-1,CSF,0.3746850171816708
MS,CSF_24,TCACAAGTCTGTACGA-1,CSF,-0.0812983287008888
MS,CSF_24,TCAGCAAGTTCCATGA-1,CSF,0.32676030855264443
MS,CSF_24,TCAGCTCCATTCCTGC-1,CSF,1.4156639464621883
MS,CSF_24,TCATTACGTCTCTCTG-1,CSF,-0.29997119987097626
MS,CSF_24,TCATTTGCAACACCCG-1,CSF,-0.29997119987097626
MS,CSF_24,TCCACACGTGTTGAGG-1,CSF,-0.29997119987097626
MS,CSF_24,TCGAGGCTCCTTAATC-1,CSF,-0.29997119987097626
MS,CSF_24,TCGGTAAGTCCGTCAG-1,CSF,0.13084264359261644
MS,CSF_24,TCGGTAATCGACGGAA-1,CSF,-0.045608709711360086
MS,CSF_24,TCGTACCAGACTGTAA-1,CSF,0.07326227090653734
MS,CSF_24,TCGTACCTCTCAACTT-1,CSF,0.2001250485766277
MS,CSF_24,TCTATTGGTAAGGATT-1,CSF,-0.04616182483947214
MS,CSF_24,TCTATTGGTTGAGTTC-1,CSF,0.14055255280171552
MS,CSF_24,TCTCTAAGTCCTGCTT-1,CSF,-0.29997119987097626
MS,CSF_24,TCTTCGGGTACTCTCC-1,CSF,0.4321788716620021
MS,CSF_24,TGACGGCTCCCAACGG-1,CSF,-0.12019660898791874
MS,CSF_24,TGAGAGGCACCGGAAA-1,CSF,-0.29997119987097626
MS,CSF_24,TGAGCATCAGGATTGG-1,CSF,0.29023733041563854
MS,CSF_24,TGAGCCGAGGATCGCA-1,CSF,-0.07179011975221201
MS,CSF_24,TGAGGGAAGACGCACA-1,CSF,-0.29997119987097626
MS,CSF_24,TGATTTCAGTTGCAGG-1,CSF,0.14182654226095281
MS,CSF_24,TGATTTCTCTGAGGGA-1,CSF,0.12053685642552536
MS,CSF_24,TGCACCTGTAATCGTC-1,CSF,-0.10942629208686729
MS,CSF_24,TGCCAAAGTTCCCGAG-1,CSF,-0.29997119987097626
MS,CSF_24,TGCCCTATCAGTTTGG-1,CSF,-0.29997119987097626
MS,CSF_24,TGCTGCTAGTGCAAGC-1,CSF,-0.29997119987097626
MS,CSF_24,TGGCCAGAGGCTAGAC-1,CSF,-0.29997119987097626
MS,CSF_24,TGGCGCAAGCCTATGT-1,CSF,-0.1755346543350688
MS,CSF_24,TGGCGCAGTCCATCCT-1,CSF,-0.29997119987097626
MS,CSF_24,TGGCTGGCATTTGCTT-1,CSF,0.1314123376039907
MS,CSF_24,TGGGAAGAGGCATTGG-1,CSF,0.3461576452719295
MS,CSF_24,TGGTTCCCATCGGAAG-1,CSF,0.004391553505793626
MS,CSF_24,TGGTTCCGTCTTGATG-1,CSF,0.37859524514534615
MS,CSF_24,TGTGGTACACCACCAG-1,CSF,-0.29997119987097626
MS,CSF_24,TGTGTTTGTGTCGCTG-1,CSF,-0.29997119987097626
MS,CSF_24,TTAACTCCACTAAGTC-1,CSF,-0.29997119987097626
MS,CSF_24,TTCCCAGCAACAACCT-1,CSF,0.2131835976168007
MS,CSF_24,TTCGGTCAGGCTCTTA-1,CSF,-0.0241433402154287
MS,CSF_24,TTCTACAAGCCCAACC-1,CSF,0.42451488498249523
MS,CSF_24,TTGAACGCACATCCGG-1,CSF,0.2456647582177202
MS,CSF_24,TTGACTTTCCTTGCCA-1,CSF,-0.01627938974318182
MS,CSF_24,TTGCGTCAGAGCTGGT-1,CSF,-0.29997119987097626
MS,CSF_24,TTGCGTCTCTATCCCG-1,CSF,0.08313727679229972
MS,CSF_24,TTTATGCTCTTCGAGA-1,CSF,0.004207081966558184
MS,CSF_24,TTTCCTCTCAGAAATG-1,CSF,0.2656250726498473
MS,CSF_25,AAATGCCCAGACACTT-1,CSF,0.47427310099708847
MS,CSF_25,AACCATGCAATGGAAT-1,CSF,0.2305701160270936
MS,CSF_25,AACCATGGTTCGGCAC-1,CSF,0.05089129935686652
MS,CSF_25,AACCGCGGTTCACGGC-1,CSF,0.2592318653020621
MS,CSF_25,AACGTTGAGACACGAC-1,CSF,0.15544519884041524
MS,CSF_25,AACTTTCGTCGGATCC-1,CSF,-0.29997119987097626
MS,CSF_25,AAGACCTTCTTTAGTC-1,CSF,0.11378204004841641
MS,CSF_25,AAGGTTCAGAAGGACA-1,CSF,-0.29997119987097626
MS,CSF_25,AATCGGTTCGCCTGTT-1,CSF,1.1327039336144977
MS,CSF_25,ACACCGGGTTATCCGA-1,CSF,0.1027621060762778
MS,CSF_25,ACACTGAAGAATTGTG-1,CSF,-0.29997119987097626
MS,CSF_25,ACAGCTACACCAGGTC-1,CSF,-0.13754717467527008
MS,CSF_25,ACATGGTTCCACGCAG-1,CSF,0.24929995344104544
MS,CSF_25,ACGAGCCAGGTAGCCA-1,CSF,-0.06580125118672979
MS,CSF_25,ACGAGCCCAAGCCTAT-1,CSF,-0.019909082151892517
MS,CSF_25,ACGCCAGGTGTGGCTC-1,CSF,0.40779401972950824
MS,CSF_25,ACGCCGACAAGTAATG-1,CSF,0.0867481426874959
MS,CSF_25,ACGTCAATCCTCTAGC-1,CSF,-0.29997119987097626
MS,CSF_25,ACTGAACAGAGACGAA-1,CSF,-0.29997119987097626
MS,CSF_25,ACTGAACAGGATGGTC-1,CSF,-0.29997119987097626
MS,CSF_25,ACTGATGGTATGAAAC-1,CSF,-0.1243321208446821
MS,CSF_25,ACTGATGTCTGCTGCT-1,CSF,-0.29997119987097626
MS,CSF_25,ACTTACTAGCTAGTCT-1,CSF,-0.14882229689029045
MS,CSF_25,ACTTACTTCCACTGGG-1,CSF,0.6144123772191025
MS,CSF_25,AGCGGTCGTGTGCCTG-1,CSF,-0.29997119987097626
MS,CSF_25,AGCGGTCTCTACCAGA-1,CSF,0.04477606717815034
MS,CSF_25,AGCGTCGGTTATGCGT-1,CSF,-0.29997119987097626
MS,CSF_25,AGCTTGACATCCCACT-1,CSF,0.3389454494352973
MS,CSF_25,AGGGAGTAGCGATGAC-1,CSF,-0.29997119987097626
MS,CSF_25,AGGGTGATCGAGAACG-1,CSF,0.005471814288791684
MS,CSF_25,AGTAGTCCAGGGCATA-1,CSF,0.42457873272383917
MS,CSF_25,AGTAGTCTCTTCGAGA-1,CSF,-0.024733765947533296
MS,CSF_25,AGTGAGGTCCTTTCGG-1,CSF,-0.0004649523056530531
MS,CSF_25,ATCACGACAATGTAAG-1,CSF,-0.29997119987097626
MS,CSF_25,ATCATCTCAGATCTGT-1,CSF,-0.29997119987097626
MS,CSF_25,ATCATCTTCAACACGT-1,CSF,-0.29997119987097626
MS,CSF_25,ATCCGAATCGATGAGG-1,CSF,-0.29997119987097626
MS,CSF_25,ATCTGCCTCGTTACGA-1,CSF,0.04401434225559098
MS,CSF_25,ATGTGTGAGAAGATTC-1,CSF,0.29816914579789927
MS,CSF_25,ATTGGACCACCCAGTG-1,CSF,-0.29997119987097626
MS,CSF_25,ATTGGTGAGACAGAGA-1,CSF,0.0037679435603850753
MS,CSF_25,ATTGGTGTCGTTTATC-1,CSF,-0.29997119987097626
MS,CSF_25,ATTTCTGAGTCCGTAT-1,CSF,0.3591099213415627
MS,CSF_25,CAACTAGAGCACAGGT-1,CSF,-0.29997119987097626
MS,CSF_25,CAAGATCAGGCAATTA-1,CSF,0.6354611418807788
MS,CSF_25,CAAGTTGAGTCCCACG-1,CSF,-0.1379815057872726
MS,CSF_25,CACAAACCAGTCCTTC-1,CSF,-0.15174198928155277
MS,CSF_25,CACACAAAGTGCGTGA-1,CSF,-0.04411491427196699
MS,CSF_25,CACACAAGTTGATTCG-1,CSF,0.6905208401251499
MS,CSF_25,CACACTCCAGACTCGC-1,CSF,-0.29997119987097626
MS,CSF_25,CACCAGGTCGATGAGG-1,CSF,0.315372711648482
MS,CSF_25,CACTCCAGTGATAAGT-1,CSF,0.4053833203309682
MS,CSF_25,CAGAGAGCAAGTTGTC-1,CSF,0.39544673323701424
MS,CSF_25,CAGCAGCGTCCTCCAT-1,CSF,-0.11980750653804632
MS,CSF_25,CAGCCGACAAGAAGAG-1,CSF,-0.18157260671686323
MS,CSF_25,CAGCGACAGCGGATCA-1,CSF,-0.29997119987097626
MS,CSF_25,CAGTCCTCACCTGGTG-1,CSF,-0.05631755708340387
MS,CSF_25,CATCAGACATATGAGA-1,CSF,-0.009582665754647585
MS,CSF_25,CATCCACTCCTTGACC-1,CSF,-0.017868316977498723
MS,CSF_25,CATCGGGTCTTGGGTA-1,CSF,0.3562429602622438
MS,CSF_25,CATGCCTTCACGAAGG-1,CSF,-0.05114077882141159
MS,CSF_25,CATGGCGCAGTCCTTC-1,CSF,0.9874687396555436
MS,CSF_25,CATTCGCAGTTGCAGG-1,CSF,0.07458148144454188
MS,CSF_25,CCACGGAGTGATGATA-1,CSF,0.10558611985057396
MS,CSF_25,CCACTACAGCACACAG-1,CSF,0.3530795860297152
MS,CSF_25,CCGGGATTCGCGTAGC-1,CSF,0.29669160310580256
MS,CSF_25,CCGTACTTCAAAGACA-1,CSF,-0.013030548195626197
MS,CSF_25,CCGTTCATCCAAATGC-1,CSF,0.10359782939866989
MS,CSF_25,CCTCAGTTCTTGTATC-1,CSF,-0.29997119987097626
MS,CSF_25,CCTCTGAGTAACGTTC-1,CSF,0.6007693910607569
MS,CSF_25,CCTTCGATCCTATGTT-1,CSF,0.010802297139390167
MS,CSF_25,CGAGAAGCAAAGGTGC-1,CSF,0.14526872688935874
MS,CSF_25,CGAGCACGTCCTAGCG-1,CSF,-0.29997119987097626
MS,CSF_25,CGAGCCATCCGGGTGT-1,CSF,0.1460007021105226
MS,CSF_25,CGATGGCAGCCAGGAT-1,CSF,-0.29997119987097626
MS,CSF_25,CGCCAAGTCTACTCAT-1,CSF,-0.29997119987097626
MS,CSF_25,CGCTATCCAATGGAAT-1,CSF,-0.16860760385385934
MS,CSF_25,CGGACACCAAATCCGT-1,CSF,-0.13953019422844418
MS,CSF_25,CGGACACCACATTAGC-1,CSF,-0.29997119987097626
MS,CSF_25,CGTTAGAGTCCTCTTG-1,CSF,-0.29997119987097626
MS,CSF_25,CGTTCTGCATACCATG-1,CSF,0.6481317402219491
MS,CSF_25,CTAACTTAGTCACGCC-1,CSF,-0.05435759519760374
MS,CSF_25,CTAATGGGTAAGTAGT-1,CSF,0.006475315652421479
MS,CSF_25,CTAGAGTGTGCTAGCC-1,CSF,0.15542021653006316
MS,CSF_25,CTCGTCAGTTTGACTG-1,CSF,-0.11625240945937228
MS,CSF_25,CTGATAGTCCGAATGT-1,CSF,0.04802619674063618
MS,CSF_25,CTGCCTAAGCTGATAA-1,CSF,0.03871237739058153
MS,CSF_25,CTTGGCTCATCAGTCA-1,CSF,-0.29997119987097626
MS,CSF_25,GAAATGAAGCAGCGTA-1,CSF,-0.29997119987097626
MS,CSF_25,GAAATGAAGTGTACGG-1,CSF,-0.060033142408756256
MS,CSF_25,GAAATGATCAGTCAGT-1,CSF,-0.29997119987097626
MS,CSF_25,GAATGAAGTAAACGCG-1,CSF,-0.02895978291626283
MS,CSF_25,GACGGCTCAAGTTAAG-1,CSF,0.07040306114883303
MS,CSF_25,GACGGCTTCGCGTAGC-1,CSF,-0.032418400042338286
MS,CSF_25,GACGTGCGTTTCGCTC-1,CSF,0.29598546345737686
MS,CSF_25,GACTGCGGTAGCTAAA-1,CSF,0.3753396316150156
MS,CSF_25,GAGCAGACAGTGGGAT-1,CSF,0.08685143235730551
MS,CSF_25,GAGGTGACACTGTCGG-1,CSF,0.043262776348733815
MS,CSF_25,GATCAGTAGGCTAGCA-1,CSF,0.10218678495469684
MS,CSF_25,GATGAGGCACTCAGGC-1,CSF,-0.04836380737182387
MS,CSF_25,GCAATCATCAAAGTAG-1,CSF,0.22879187748175878
MS,CSF_25,GCATACATCGTGACAT-1,CSF,0.06080149416066795
MS,CSF_25,GCCAAATCAGACTCGC-1,CSF,0.09911252713261944
MS,CSF_25,GCGACCAAGAATTGTG-1,CSF,-0.29997119987097626
MS,CSF_25,GCGACCAGTTATGTGC-1,CSF,0.5309187388834335
MS,CSF_25,GCGAGAATCTTATCTG-1,CSF,-0.29997119987097626
MS,CSF_25,GCTCTGTGTCGTCTTC-1,CSF,-0.29997119987097626
MS,CSF_25,GCTGCAGCATATGGTC-1,CSF,-0.29997119987097626
MS,CSF_25,GCTTGAAGTTCCACAA-1,CSF,0.4330369519088242
MS,CSF_25,GGAAAGCCACGGACAA-1,CSF,0.23014701083302325
MS,CSF_25,GGACAGAGTCGCGGTT-1,CSF,0.10564672591341874
MS,CSF_25,GGACATTAGCAATATG-1,CSF,-0.29997119987097626
MS,CSF_25,GGAGCAAGTCTTTCAT-1,CSF,0.08249846261787334
MS,CSF_25,GGATGTTGTTCTGGTA-1,CSF,-0.12681755067779876
MS,CSF_25,GGCCGATAGCGCCTCA-1,CSF,-0.1382473809363842
MS,CSF_25,GGCTGGTGTCCGAATT-1,CSF,0.6322759101154471
MS,CSF_25,GGGAGATGTATGGTTC-1,CSF,-0.29997119987097626
MS,CSF_25,GGTGTTACAGACAAAT-1,CSF,0.33440035935105916
MS,CSF_25,GTCACAAAGGTACTCT-1,CSF,0.28076598696327265
MS,CSF_25,GTCACAACAATCTGCA-1,CSF,-0.15003451217093938
MS,CSF_25,GTGCAGCTCTCATTCA-1,CSF,-0.29997119987097626
MS,CSF_25,GTTAAGCAGTTCCACA-1,CSF,0.10776086075192746
MS,CSF_25,GTTCGGGTCTGTTTGT-1,CSF,-0.0005870578662461641
MS,CSF_25,GTTTCTAGTCATATCG-1,CSF,0.1657240785527454
MS,CSF_25,TAAGAGACAACTTGAC-1,CSF,-0.29997119987097626
MS,CSF_25,TAAGAGATCAGCCTAA-1,CSF,-0.019504233186042726
MS,CSF_25,TAAGTGCAGGCATGTG-1,CSF,-0.13851220125792602
MS,CSF_25,TACACGACAGGGTACA-1,CSF,0.15742797679813245
MS,CSF_25,TACAGTGGTGGTAACG-1,CSF,0.02039232598325997
MS,CSF_25,TACTCATGTCTGATTG-1,CSF,-0.05059888924217366
MS,CSF_25,TACTCGCTCAACGCTA-1,CSF,0.2064021829499579
MS,CSF_25,TACTCGCTCCAATGGT-1,CSF,0.1676301778288857
MS,CSF_25,TAGCCGGTCTGTGCAA-1,CSF,-0.06174853266093855
MS,CSF_25,TATTACCAGTCAAGCG-1,CSF,-0.29997119987097626
MS,CSF_25,TCAATCTCACACGCTG-1,CSF,0.24763765696627388
MS,CSF_25,TCAATCTCAGCGTTCG-1,CSF,-0.29997119987097626
MS,CSF_25,TCAGATGAGTTGTAGA-1,CSF,-0.29997119987097626
MS,CSF_25,TCAGCTCCATAAGACA-1,CSF,-0.29997119987097626
MS,CSF_25,TCAGGATGTGAGGCTA-1,CSF,0.5973144883453549
MS,CSF_25,TCAGGTACATATGCTG-1,CSF,-0.04954545723458368
MS,CSF_25,TCCACACAGAAACGAG-1,CSF,-0.29997119987097626
MS,CSF_25,TCGGTAAAGAAGGCCT-1,CSF,0.31929203079276813
MS,CSF_25,TCTGAGACACGCTTTC-1,CSF,0.14083439336883052
MS,CSF_25,TCTTTCCTCAAAGTAG-1,CSF,-0.06289105063363903
MS,CSF_25,TGAAAGAAGTACGTAA-1,CSF,-0.029792890977463092
MS,CSF_25,TGACAACAGTGCGATG-1,CSF,-0.29997119987097626
MS,CSF_25,TGACAACCAGGGCATA-1,CSF,-0.29997119987097626
MS,CSF_25,TGACGGCGTCCATGAT-1,CSF,-0.036815474863779875
MS,CSF_25,TGACTTTGTACCGAGA-1,CSF,-0.29997119987097626
MS,CSF_25,TGATTTCAGTCCAGGA-1,CSF,-0.13864421878843486
MS,CSF_25,TGCGGGTAGAAACCTA-1,CSF,0.08758239595001449
MS,CSF_25,TGCTGCTTCGGAATCT-1,CSF,-0.29997119987097626
MS,CSF_25,TGGCGCACATTCTCAT-1,CSF,0.5112568281581894
MS,CSF_25,TGGGCGTGTCCGAGTC-1,CSF,0.7789797198873385
MS,CSF_25,TGGGCGTTCAGTGTTG-1,CSF,-0.14432669210980426
MS,CSF_25,TGGTTCCCAGTAAGAT-1,CSF,-0.14980135267962424
MS,CSF_25,TGGTTCCTCTGATACG-1,CSF,-0.29997119987097626
MS,CSF_25,TGTATTCTCACTATTC-1,CSF,-0.29997119987097626
MS,CSF_25,TTATGCTTCTGCTGTC-1,CSF,0.43646656166506753
MS,CSF_25,TTCGAAGCATTTCAGG-1,CSF,-0.16534679194684246
MS,CSF_25,TTCTTAGGTAAGAGGA-1,CSF,-0.29997119987097626
MS,CSF_25,TTGAACGAGGCGTACA-1,CSF,0.14695866939847518
MS,CSF_25,TTGTAGGTCCTAAGTG-1,CSF,-0.030835324025951925
MS,CSF_27,AAACGGGGTTCACGGC-1,CSF,-0.29997119987097626
MS,CSF_27,AAAGTAGGTCTAGCCG-1,CSF,-0.29997119987097626
MS,CSF_27,AAATGCCGTAAATGTG-1,CSF,0.25574291539806976
MS,CSF_27,AACGTTGTCAGGCAAG-1,CSF,-0.29997119987097626
MS,CSF_27,AAGACCTTCAACGGGA-1,CSF,0.5871318122985131
MS,CSF_27,AAGTCTGAGTTCCACA-1,CSF,-0.29997119987097626
MS,CSF_27,AATCCAGCAGCCTGTG-1,CSF,-0.29997119987097626
MS,CSF_27,AATCCAGGTCCGCTGA-1,CSF,0.0657680717674323
MS,CSF_27,AATCCAGGTTCTGTTT-1,CSF,-0.29997119987097626
MS,CSF_27,AATCCAGTCCACGTTC-1,CSF,0.266781603304877
MS,CSF_27,ACACCAACACCGGAAA-1,CSF,-0.29997119987097626
MS,CSF_27,ACACCCTAGCCATCGC-1,CSF,0.34582730967212444
MS,CSF_27,ACACTGACATGCAATC-1,CSF,0.005856343498405311
MS,CSF_27,ACAGCCGGTAGGGACT-1,CSF,-0.050833946690851214
MS,CSF_27,ACATCAGGTATCGCAT-1,CSF,-0.29997119987097626
MS,CSF_27,ACATCAGTCACTCCTG-1,CSF,0.5202206470450078
MS,CSF_27,ACATGGTGTAATCACC-1,CSF,-0.29997119987097626
MS,CSF_27,ACCGTAAGTCGAGATG-1,CSF,-0.004211112014098438
MS,CSF_27,ACCTTTATCTATCCTA-1,CSF,-0.29997119987097626
MS,CSF_27,ACGAGCCGTCAATACC-1,CSF,0.03992659014985857
MS,CSF_27,ACGCCAGCAGTCGATT-1,CSF,-0.09674701857189917
MS,CSF_27,ACGGAGAAGTCTCAAC-1,CSF,-0.017904380673327103
MS,CSF_27,ACGGCCATCATATCGG-1,CSF,-0.08715296046245354
MS,CSF_27,ACTGAACCACTTACGA-1,CSF,0.026907945475048583
MS,CSF_27,ACTGAGTTCGGCGGTT-1,CSF,0.1585891418360721
MS,CSF_27,ACTGATGAGCGACGTA-1,CSF,-0.29997119987097626
MS,CSF_27,ACTGTCCGTAGCGCTC-1,CSF,0.4262624611855162
MS,CSF_27,ACTTACTAGGCAAAGA-1,CSF,-0.29997119987097626
MS,CSF_27,ACTTGTTTCAACGGGA-1,CSF,-0.29997119987097626
MS,CSF_27,AGAATAGCAGGGTACA-1,CSF,-0.29997119987097626
MS,CSF_27,AGAGCGATCCGCAAGC-1,CSF,-0.03134578025108815
MS,CSF_27,AGAGTGGGTAAATGAC-1,CSF,-0.29997119987097626
MS,CSF_27,AGATCTGTCCTACAGA-1,CSF,-0.29997119987097626
MS,CSF_27,AGATTGCAGGAATCGC-1,CSF,0.30808213930575484
MS,CSF_27,AGCATACAGGTGATTA-1,CSF,-0.19622277907868524
MS,CSF_27,AGCGGTCAGAGACTAT-1,CSF,-0.29997119987097626
MS,CSF_27,AGCGGTCTCAACCAAC-1,CSF,-0.29997119987097626
MS,CSF_27,AGCGTATCACAAGTAA-1,CSF,-0.29997119987097626
MS,CSF_27,AGCTCTCTCTTGAGAC-1,CSF,-0.29997119987097626
MS,CSF_27,AGCTTGAGTGACAAAT-1,CSF,-0.16371168029034225
MS,CSF_27,AGGTCATCACGACGAA-1,CSF,-0.29997119987097626
MS,CSF_27,AGTAGTCCAATTGCTG-1,CSF,-0.29997119987097626
MS,CSF_27,AGTAGTCTCCTTCAAT-1,CSF,-0.29997119987097626
MS,CSF_27,AGTCTTTTCTACTTAC-1,CSF,-0.29997119987097626
MS,CSF_27,AGTGTCACATATGGTC-1,CSF,0.0808189113260316
MS,CSF_27,AGTTGGTCAACGATCT-1,CSF,0.27787635391594373
MS,CSF_27,ATAGACCAGACGACGT-1,CSF,0.36821075460488073
MS,CSF_27,ATAGACCCAGCTTAAC-1,CSF,0.24862785872900525
MS,CSF_27,ATCACGAAGAGGTTAT-1,CSF,-0.29997119987097626
MS,CSF_27,ATCCACCTCGGCGCTA-1,CSF,0.22460022124634857
MS,CSF_27,ATCGAGTGTGTGCCTG-1,CSF,0.153378439338225
MS,CSF_27,ATTATCCCAAAGGCGT-1,CSF,0.7614475278054016
MS,CSF_27,ATTATCCGTAGCTCCG-1,CSF,-0.043361870916038416
MS,CSF_27,CAAGATCCAGACAGGT-1,CSF,0.24526497241925188
MS,CSF_27,CAAGGCCAGAGGTTAT-1,CSF,0.06956421400180456
MS,CSF_27,CACAAACCACGGCTAC-1,CSF,0.14384699194833891
MS,CSF_27,CACACAACATACTCTT-1,CSF,-0.03480451849452566
MS,CSF_27,CACATAGAGTCCGTAT-1,CSF,-0.12662108318277748
MS,CSF_27,CACATAGTCATATCGG-1,CSF,-0.08862798732683097
MS,CSF_27,CACCACTGTCTTTCAT-1,CSF,0.6091239666201859
MS,CSF_27,CACCAGGCACTGAAGG-1,CSF,0.2635583632124742
MS,CSF_27,CACTCCATCGCTGATA-1,CSF,-0.29997119987097626
MS,CSF_27,CAGAGAGGTGGGTCAA-1,CSF,0.06720622343905845
MS,CSF_27,CAGATCAAGGCAGTCA-1,CSF,-0.29997119987097626
MS,CSF_27,CAGCAGCAGGCATTGG-1,CSF,-0.29997119987097626
MS,CSF_27,CAGCTGGTCGTGGGAA-1,CSF,0.1008985831493088
MS,CSF_27,CAGGTGCTCGCATGGC-1,CSF,0.7914055181519879
MS,CSF_27,CAGTAACGTATAGGTA-1,CSF,0.027686949328253156
MS,CSF_27,CAGTCCTAGTTAACGA-1,CSF,-0.053611583241617466
MS,CSF_27,CATTATCCAAAGCAAT-1,CSF,0.1116611374881551
MS,CSF_27,CATTATCTCATGCTCC-1,CSF,-0.29997119987097626
MS,CSF_27,CATTCGCGTCTAAAGA-1,CSF,-0.29997119987097626
MS,CSF_27,CCATGTCAGTCTCCTC-1,CSF,-0.14387156917437108
MS,CSF_27,CCCAATCTCATGCATG-1,CSF,-0.11715649943113834
MS,CSF_27,CCGGGATAGGGTGTTG-1,CSF,-0.29997119987097626
MS,CSF_27,CCGTGGAGTTGTCTTT-1,CSF,0.05055603502950804
MS,CSF_27,CCGTTCACAAAGGAAG-1,CSF,-0.29997119987097626
MS,CSF_27,CCGTTCACACATTCGA-1,CSF,-0.29997119987097626
MS,CSF_27,CCTACACGTAGGAGTC-1,CSF,-0.29997119987097626
MS,CSF_27,CCTACACGTTAAAGAC-1,CSF,-0.29997119987097626
MS,CSF_27,CCTCAGTAGTACGATA-1,CSF,0.031477012594411234
MS,CSF_27,CCTTTCTGTAACGACG-1,CSF,-0.29997119987097626
MS,CSF_27,CGAACATTCATCGATG-1,CSF,-0.07330530921675411
MS,CSF_27,CGAATGTTCTCCCTGA-1,CSF,0.1403260885701097
MS,CSF_27,CGACCTTTCCTTAATC-1,CSF,0.7727020815487734
MS,CSF_27,CGACTTCAGTGAAGTT-1,CSF,-0.29997119987097626
MS,CSF_27,CGAGCACTCCACGTTC-1,CSF,-0.02820913932608016
MS,CSF_27,CGATCGGAGAAACCAT-1,CSF,-0.01392749593752923
MS,CSF_27,CGATGGCTCAAACCGT-1,CSF,0.24106966506172792
MS,CSF_27,CGCTATCTCTCGAGTA-1,CSF,-0.03780682997389788
MS,CSF_27,CGGACACCAGGTCTCG-1,CSF,-0.29997119987097626
MS,CSF_27,CGGACGTAGCGAAGGG-1,CSF,0.27256451507184287
MS,CSF_27,CGGACGTAGTTCGATC-1,CSF,0.8136647053141982
MS,CSF_27,CGGACGTGTGCCTGCA-1,CSF,-0.12436541831951246
MS,CSF_27,CGGAGTCGTGCCTTGG-1-1,CSF,0.16733939784991336
MS,CSF_27,CGGGTCAAGTTCGCAT-1,CSF,-0.10754705290388554
MS,CSF_27,CGGGTCATCTCGATGA-1,CSF,-0.29997119987097626
MS,CSF_27,CGGTTAAAGCCTATGT-1,CSF,0.7726350202981032
MS,CSF_27,CGTCTACTCCGCATAA-1,CSF,-0.29997119987097626
MS,CSF_27,CGTTCTGTCAATAAGG-1,CSF,-0.29997119987097626
MS,CSF_27,CGTTCTGTCATGCTCC-1,CSF,-0.29997119987097626
MS,CSF_27,CTAAGACGTCAGAAGC-1,CSF,-0.29997119987097626
MS,CSF_27,CTAATGGCAATCTACG-1,CSF,-0.29997119987097626
MS,CSF_27,CTAGAGTGTAGGCTGA-1,CSF,-0.29997119987097626
MS,CSF_27,CTAGCCTTCTCTAAGG-1,CSF,0.05510276092774867
MS,CSF_27,CTCACACGTGCTCTTC-1,CSF,0.7177131693722142
MS,CSF_27,CTCAGAAGTCCCTACT-1,CSF,-0.29997119987097626
MS,CSF_27,CTCATTATCTTTCCTC-1,CSF,0.45082640582520633
MS,CSF_27,CTCGGAGAGTGGGTTG-1,CSF,0.40991495681341356
MS,CSF_27,CTCGTACCAACTGCGC-1,CSF,0.4853674125328431
MS,CSF_27,CTCGTCACAAACCTAC-1,CSF,-0.29997119987097626
MS,CSF_27,CTCTGGTTCTTGCAAG-1,CSF,-0.29997119987097626
MS,CSF_27,CTGAAACGTCGACTAT-1,CSF,-0.29997119987097626
MS,CSF_27,CTGCCTAGTCGAACAG-1,CSF,0.03665007291498853
MS,CSF_27,CTGCCTATCAGCTGGC-1,CSF,-0.10909767663696561
MS,CSF_27,CTGCTGTGTTGTGGCC-1,CSF,0.22830101482114867
MS,CSF_27,CTGTTTACAAGTCTAC-1,CSF,0.523345625411401
MS,CSF_27,CTTAGGATCAGTACGT-1,CSF,-0.29997119987097626
MS,CSF_27,CTTTGCGTCTGGCGTG-1,CSF,-0.29997119987097626
MS,CSF_27,GAACCTAAGGCTATCT-1,CSF,-0.29997119987097626
MS,CSF_27,GAACGGAAGAATGTGT-1,CSF,-0.03632953463629847
MS,CSF_27,GAATAAGCAATCTGCA-1,CSF,0.013177901618902881
MS,CSF_27,GAATGAAAGGGAAACA-1,CSF,0.44772795479921346
MS,CSF_27,GACGCGTTCGGCGCTA-1,CSF,-0.29997119987097626
MS,CSF_27,GACGTGCTCGAGAGCA-1,CSF,0.6401739070732749
MS,CSF_27,GAGTCCGGTCATGCAT-1,CSF,-0.29997119987097626
MS,CSF_27,GAGTCCGGTGTAACGG-1,CSF,-0.29997119987097626
MS,CSF_27,GATCGTAAGCTAGTGG-1,CSF,0.14854152610265767
MS,CSF_27,GATCTAGGTTGTCGCG-1,CSF,-0.29997119987097626
MS,CSF_27,GATGAAAAGTTGTCGT-1,CSF,0.7082231103824378
MS,CSF_27,GCAATCAAGGTGGGTT-1,CSF,-0.29997119987097626
MS,CSF_27,GCAATCATCGTACGGC-1,CSF,-0.0847613570422627
MS,CSF_27,GCATACAAGCTCCCAG-1,CSF,-0.29997119987097626
MS,CSF_27,GCCAAATTCTTCGAGA-1,CSF,-0.061010365431554366
MS,CSF_27,GCCTCTATCATGGTCA-1,CSF,-0.0012360343200450746
MS,CSF_27,GCGAGAACAAGTTCTG-1,CSF,-0.29997119987097626
MS,CSF_27,GCTGCAGAGAGTCTGG-1,CSF,-0.29997119987097626
MS,CSF_27,GCTGGGTAGAACTCGG-1,CSF,0.14912984290998005
MS,CSF_27,GCTGGGTGTGTGACCC-1,CSF,0.1574295883581345
MS,CSF_27,GCTTCCAAGTGAACGC-1,CSF,-0.09923944616841925
MS,CSF_27,GCTTCCACAACAACCT-1,CSF,-0.1339318821032816
MS,CSF_27,GCTTCCAGTACCGGCT-1,CSF,-0.03739975736172276
MS,CSF_27,GGAACTTAGCTGCCCA-1,CSF,-0.04196112287730092
MS,CSF_27,GGAACTTGTTCGTTGA-1,CSF,0.6446252620923164
MS,CSF_27,GGAACTTTCTTTCCTC-1,CSF,-0.29997119987097626
MS,CSF_27,GGACAAGCACCACGTG-1,CSF,-0.13540142099224825
MS,CSF_27,GGACAGATCGACCAGC-1,CSF,-0.29997119987097626
MS,CSF_27,GGACATTCAGCCAATT-1,CSF,0.42451488498249523
MS,CSF_27,GGATTACCAGTCCTTC-1,CSF,0.12392032746677725
MS,CSF_27,GGCAATTAGATAGCAT-1,CSF,0.35910889367327126
MS,CSF_27,GGCGACTAGGAGCGAG-1,CSF,-0.29997119987097626
MS,CSF_27,GGCTCGACACCTATCC-1,CSF,0.08478507991510446
MS,CSF_27,GGCTGGTTCATCGATG-1,CSF,0.008905360637925195
MS,CSF_27,GGCTGGTTCTAAGCCA-1,CSF,-0.29997119987097626
MS,CSF_27,GGGTCTGAGGCTAGAC-1,CSF,0.1518351816782121
MS,CSF_27,GGGTTGCTCCGCTGTT-1,CSF,-0.0818566037848903
MS,CSF_27,GGTGAAGTCCACGCAG-1,CSF,-0.29997119987097626
MS,CSF_27,GGTGTTACACGCATCG-1,CSF,-0.052296523990909075
MS,CSF_27,GTAACGTTCTTGTATC-1,CSF,-0.29997119987097626
MS,CSF_27,GTACTCCTCGTTGCCT-1,CSF,-0.29997119987097626
MS,CSF_27,GTACTTTGTCGTCTTC-1,CSF,-0.29997119987097626
MS,CSF_27,GTATTCTCAACACCTA-1,CSF,-0.29997119987097626
MS,CSF_27,GTATTCTCAGATGGGT-1,CSF,0.2063718595372234
MS,CSF_27,GTATTCTTCGGAAATA-1,CSF,0.035168312118784906
MS,CSF_27,GTCAAGTTCAACTCTT-1,CSF,-0.29997119987097626
MS,CSF_27,GTCACGGTCGCAAGCC-1,CSF,-0.29997119987097626
MS,CSF_27,GTCTCGTGTCGGCATC-1,CSF,-0.29997119987097626
MS,CSF_27,GTGAAGGGTCAAGCGA-1,CSF,0.10490841518253499
MS,CSF_27,GTGCTTCCACCAGTTA-1,CSF,-0.29997119987097626
MS,CSF_27,GTGTTAGCAGGGAGAG-1,CSF,0.1273476155467486
MS,CSF_27,GTTAAGCCATTGCGGC-1,CSF,0.1900326154481388
MS,CSF_27,GTTCATTGTCTCACCT-1,CSF,0.5864712652635778
MS,CSF_27,GTTCGGGGTATTACCG-1,CSF,-0.29997119987097626
MS,CSF_27,TAAGTGCGTGTGACCC-1,CSF,-0.29997119987097626
MS,CSF_27,TACACGATCGCATGGC-1,CSF,0.2260524919536601
MS,CSF_27,TACAGTGCATCGTCGG-1,CSF,-0.09621177562238944
MS,CSF_27,TACAGTGGTAGGGACT-1,CSF,0.14349326387515787
MS,CSF_27,TACGGATCAACAACCT-1,CSF,-0.008672792913440098
MS,CSF_27,TACTCATAGGTGCTAG-1,CSF,0.07765973040296681
MS,CSF_27,TACTCATGTCGTTGTA-1,CSF,0.7066506917053139
MS,CSF_27,TACTCGCAGAGATGAG-1,CSF,-0.29997119987097626
MS,CSF_27,TAGGCATCAACACCTA-1,CSF,-0.29997119987097626
MS,CSF_27,TATCTCAGTATATCCG-1,CSF,0.7179625807110209
MS,CSF_27,TATTACCAGACTAAGT-1,CSF,-0.05469606831460636
MS,CSF_27,TCAACGATCCTTTCTC-1,CSF,0.4480745448213815
MS,CSF_27,TCACAAGTCATGCAAC-1,CSF,-0.016923426346861618
MS,CSF_27,TCAGGATCAGGCGATA-1,CSF,-0.29997119987097626
MS,CSF_27,TCAGGATTCGCATGGC-1,CSF,0.39030964263576606
MS,CSF_27,TCCCGATGTCGGCATC-1,CSF,-0.29997119987097626
MS,CSF_27,TCGAGGCCAATGGAGC-1,CSF,0.3299015701468339
MS,CSF_27,TCGCGTTAGACAAAGG-1,CSF,0.31041764265874267
MS,CSF_27,TCGTACCGTTAAAGTG-1,CSF,-0.29997119987097626
MS,CSF_27,TCGTAGAGTAGGGTAC-1,CSF,0.21985488192770603
MS,CSF_27,TCGTAGATCGAACTGT-1,CSF,0.21179224126226884
MS,CSF_27,TCTCATAAGGTGACCA-1,CSF,-0.29997119987097626
MS,CSF_27,TCTGGAAAGTCGATAA-1,CSF,-0.29997119987097626
MS,CSF_27,TCTTCGGCAACACCTA-1,CSF,-0.14325973402299036
MS,CSF_27,TGACAACCACGGTGTC-1,CSF,-0.29997119987097626
MS,CSF_27,TGACGGCAGTGTACGG-1,CSF,-0.29997119987097626
MS,CSF_27,TGACTAGAGTCTCCTC-1,CSF,0.3552970824856042
MS,CSF_27,TGAGAGGCACCAGGCT-1,CSF,0.3571213648379469
MS,CSF_27,TGAGCATAGCGCTCCA-1,CSF,-0.29997119987097626
MS,CSF_27,TGCACCTGTCTAAAGA-1,CSF,0.0733724641615739
MS,CSF_27,TGCCCTATCTGCTGCT-1,CSF,-0.29997119987097626
MS,CSF_27,TGCGGGTGTACTTCTT-1,CSF,0.2933276678023626
MS,CSF_27,TGCGTGGTCATGTAGC-1,CSF,0.13057300759914
MS,CSF_27,TGCTGCTGTTCCGTCT-1,CSF,0.05264389838498044
MS,CSF_27,TGGACGCGTACGCTGC-1,CSF,0.3427296611134623
MS,CSF_27,TGGCCAGGTGAGTGAC-1,CSF,0.011481426362943485
MS,CSF_27,TGGTTAGCAGACAGGT-1,CSF,-0.29997119987097626
MS,CSF_27,TGGTTAGGTCCGAAGA-1,CSF,0.7095493903297676
MS,CSF_27,TGTATTCGTGTTGAGG-1,CSF,0.08118785560231574
MS,CSF_27,TTAGGACTCACAGGCC-1,CSF,0.1096321614452463
MS,CSF_27,TTAGTTCCAAGGTGTG-1,CSF,-0.29997119987097626
MS,CSF_27,TTAGTTCGTCCAGTGC-1,CSF,-0.13219391970161518
MS,CSF_27,TTCTTAGCACAGCGTC-1,CSF,-0.29997119987097626
MS,CSF_27,TTGGAACCATCGGTTA-1,CSF,-0.29997119987097626
MS,CSF_27,TTGGAACGTGCTCTTC-1,CSF,-0.29997119987097626
MS,CSF_27,TTTATGCTCAGTCAGT-1,CSF,0.23919160690978386
MS,CSF_28,AAAGATGCAATGAATG-1,CSF,-0.29997119987097626
MS,CSF_28,AAAGATGTCTTAGCCC-1,CSF,-0.1311151994843597
MS,CSF_28,AAAGCAATCGTTACGA-1,CSF,-0.06222689560816762
MS,CSF_28,AAAGTAGCAAGCCGCT-1,CSF,0.1724871917207384
MS,CSF_28,AAAGTAGCAATGGATA-1,CSF,-0.020863971429551164
MS,CSF_28,AACCGCGTCAGCATGT-1,CSF,0.25482405792266316
MS,CSF_28,AACGTTGAGTGCAAGC-1,CSF,0.9469984072405679
MS,CSF_28,AACGTTGGTCAACTGT-1,CSF,0.16047474945911838
MS,CSF_28,AACTCAGCACTGTCGG-1,CSF,0.13901441178615476
MS,CSF_28,AACTGGTAGGATGCGT-1,CSF,0.40040316877795756
MS,CSF_28,AACTTTCAGACCCACC-1,CSF,0.7625194459208842
MS,CSF_28,AAGACCTTCACGACTA-1,CSF,0.04593206514215547
MS,CSF_28,AAGGAGCGTAGCGCAA-1,CSF,-0.29997119987097626
MS,CSF_28,AAGTCTGCAAGTTGTC-1,CSF,-0.10197872662483728
MS,CSF_28,AATCCAGAGCCACTAT-1,CSF,0.36472711740079017
MS,CSF_28,AATCCAGTCCCAACGG-1,CSF,-0.10072997715348121
MS,CSF_28,AATCGGTAGTGTTAGA-1,CSF,-0.29997119987097626
MS,CSF_28,ACAGCCGTCCGGCACA-1,CSF,0.2898576117510055
MS,CSF_28,ACATACGGTTGCCTCT-1,CSF,-0.10089849171790381
MS,CSF_28,ACATCAGCATATGAGA-1,CSF,-0.03435082750605166
MS,CSF_28,ACATGGTGTCGCATCG-1,CSF,1.3441494268155658
MS,CSF_28,ACATGGTGTTGAGGTG-1,CSF,-0.29997119987097626
MS,CSF_28,ACCGTAATCGTGGGAA-1,CSF,-0.15325764757593063
MS,CSF_28,ACGATACTCCGAAGAG-1,CSF,0.041336600832437655
MS,CSF_28,ACGATACTCTCGTATT-1,CSF,-0.29997119987097626
MS,CSF_28,ACGATGTCAGATCTGT-1,CSF,-0.29997119987097626
MS,CSF_28,ACGATGTGTTCCTCCA-1,CSF,-0.07639618338726208
MS,CSF_28,ACGCAGCAGATGCGAC-1,CSF,0.8480001547548639
MS,CSF_28,ACGCAGCGTACCCAAT-1,CSF,0.11351790475727243
MS,CSF_28,ACGCCAGGTGAGTATA-1,CSF,-0.29997119987097626
MS,CSF_28,ACGCCGATCAAGCCTA-1,CSF,0.11730160683971007
MS,CSF_28,ACGGCCATCAACCATG-1,CSF,-0.01832681306281608
MS,CSF_28,ACGGGCTAGGCTAGAC-1,CSF,-0.05296271852276217
MS,CSF_28,ACGGGCTCAATTGCTG-1,CSF,-0.29997119987097626
MS,CSF_28,ACGGGTCTCTGGCGTG-1,CSF,-0.013565415276821554
MS,CSF_28,ACGTCAAGTGGACGAT-1,CSF,-0.29997119987097626
MS,CSF_28,ACGTCAATCACTTCAT-1,CSF,0.08057123675240054
MS,CSF_28,ACTATCTTCACGCGGT-1,CSF,-0.29997119987097626
MS,CSF_28,ACTGAGTAGGTGCTAG-1,CSF,-0.15182268359063952
MS,CSF_28,ACTGATGAGTCTCCTC-1,CSF,-0.09925361704623015
MS,CSF_28,ACTTACTCAAATCCGT-1,CSF,-0.29997119987097626
MS,CSF_28,ACTTACTTCCAAAGTC-1,CSF,-0.29997119987097626
MS,CSF_28,ACTTTCAGTAGGACAC-1,CSF,-0.10039184631584096
MS,CSF_28,AGAATAGTCGTCACGG-1,CSF,0.29285835641765867
MS,CSF_28,AGAGCTTAGATGGCGT-1,CSF,0.7312780717235162
MS,CSF_28,AGAGTGGCACATAACC-1,CSF,-0.17296827274756038
MS,CSF_28,AGAGTGGTCCTACAGA-1,CSF,-0.29997119987097626
MS,CSF_28,AGATTGCTCAACGAAA-1,CSF,-0.29997119987097626
MS,CSF_28,AGCCTAAAGATCGGGT-1,CSF,-0.29997119987097626
MS,CSF_28,AGCCTAATCTATCCCG-1,CSF,-0.11374940911908483
MS,CSF_28,AGCTTGAAGTGGACGT-1,CSF,-0.29997119987097626
MS,CSF_28,AGGCCACCATCCTAGA-1,CSF,-0.29997119987097626
MS,CSF_28,AGGCCGTTCCTTGCCA-1,CSF,-0.29997119987097626
MS,CSF_28,AGGGAGTAGACAGGCT-1,CSF,-0.04165771190472941
MS,CSF_28,AGGGATGAGACTTTCG-1,CSF,0.17751177550654856
MS,CSF_28,AGGTCATTCAGTGCAT-1,CSF,-0.29997119987097626
MS,CSF_28,AGTAGTCTCAGTTGAC-1,CSF,-0.29997119987097626
MS,CSF_28,AGTCTTTTCCCGACTT-1,CSF,-0.00606686485264515
MS,CSF_28,AGTGAGGAGCGGCTTC-1,CSF,-0.022813310345248392
MS,CSF_28,AGTGAGGCAGGAATCG-1,CSF,-0.03480451849452566
MS,CSF_28,AGTGGGACATTAGGCT-1,CSF,0.07893560619642495
MS,CSF_28,AGTGTCAAGCGGATCA-1,CSF,0.18839760150067358
MS,CSF_28,AGTGTCACAGATCGGA-1,CSF,-0.07429259936641805
MS,CSF_28,AGTTGGTGTAAAGGAG-1,CSF,0.17673569652863286
MS,CSF_28,ATAACGCTCCGAACGC-1,CSF,0.33737420309445915
MS,CSF_28,ATCATGGAGGCACATG-1,CSF,0.22515254431650603
MS,CSF_28,ATCATGGCACCGATAT-1,CSF,-0.29997119987097626
MS,CSF_28,ATCATGGGTGACCAAG-1,CSF,-0.29997119987097626
MS,CSF_28,ATCCACCTCGTGGACC-1,CSF,-0.29997119987097626
MS,CSF_28,ATCCACCTCTTTACAC-1,CSF,0.4044963722442958
MS,CSF_28,ATCCGAACATTAGGCT-1,CSF,0.16025173899027081
MS,CSF_28,ATCCGAAGTCAGAATA-1,CSF,0.1086883907674894
MS,CSF_28,ATCTACTAGTAGATGT-1,CSF,-0.29997119987097626
MS,CSF_28,ATGGGAGCAAGGACAC-1,CSF,-0.29997119987097626
MS,CSF_28,ATTACTCCATCAGTCA-1,CSF,0.48142167513615325
MS,CSF_28,ATTATCCAGCTGAACG-1,CSF,-0.29997119987097626
MS,CSF_28,ATTATCCGTCGGATCC-1,CSF,-0.29997119987097626
MS,CSF_28,ATTGGACAGAACAACT-1,CSF,0.5631247647574389
MS,CSF_28,ATTGGACAGTTAGCGG-1,CSF,0.02488104604724409
MS,CSF_28,ATTGGTGTCAGTCAGT-1,CSF,0.09619603234017085
MS,CSF_28,ATTTCTGAGAAGGTTT-1,CSF,0.14606721616596532
MS,CSF_28,ATTTCTGCAAGCGAGT-1,CSF,-0.29997119987097626
MS,CSF_28,CAACCAAGTCTAGAGG-1,CSF,-0.29997119987097626
MS,CSF_28,CAACTAGAGATGCCTT-1,CSF,0.1875052524905058
MS,CSF_28,CAACTAGGTCATTAGC-1,CSF,-0.29997119987097626
MS,CSF_28,CAAGATCGTCAGCTAT-1,CSF,0.17044531593777937
MS,CSF_28,CAAGATCTCTATCCTA-1,CSF,0.43258452897668714
MS,CSF_28,CAAGGCCAGTGTCTCA-1,CSF,-0.14353577067769066
MS,CSF_28,CAAGGCCGTAGGCTGA-1,CSF,-0.29997119987097626
MS,CSF_28,CACACAAGTCGGCTCA-1,CSF,0.07948467027872078
MS,CSF_28,CACACCTCATGCTAGT-1,CSF,-0.29997119987097626
MS,CSF_28,CACACCTGTGTCAATC-1,CSF,0.4039095578254665
MS,CSF_28,CACACTCAGCCCAACC-1,CSF,0.11234314534325117
MS,CSF_28,CACAGTAAGAGACGAA-1,CSF,0.19113658432783187
MS,CSF_28,CACATTTAGACTTTCG-1,CSF,0.4433780281156471
MS,CSF_28,CACATTTCATCACAAC-1,CSF,0.08024392783614444
MS,CSF_28,CAGCATATCACAATGC-1,CSF,-0.29997119987097626
MS,CSF_28,CAGCCGACAGATGGGT-1,CSF,-0.29997119987097626
MS,CSF_28,CAGCCGATCGGCATCG-1,CSF,0.08630125804418974
MS,CSF_28,CAGCTAAAGGCTAGGT-1,CSF,-0.13300589586101316
MS,CSF_28,CAGCTAATCTGTACGA-1,CSF,0.17532316749743557
MS,CSF_28,CAGCTGGCATGGTCTA-1,CSF,-0.03121066871179485
MS,CSF_28,CAGCTGGGTCGAAAGC-1,CSF,-0.028984449240957225
MS,CSF_28,CAGTAACTCAACACGT-1,CSF,-0.29997119987097626
MS,CSF_28,CATATGGTCAGTTCGA-1,CSF,-0.29997119987097626
MS,CSF_28,CATCAAGGTGCGCTTG-1,CSF,0.4546299702613212
MS,CSF_28,CATCCACAGCCTTGAT-1,CSF,-0.07836280214947602
MS,CSF_28,CATCGAACAGCAGTTT-1,CSF,-0.12277901440359659
MS,CSF_28,CATCGAAGTAAAGTCA-1,CSF,-0.29997119987097626
MS,CSF_28,CATCGGGAGCTGAACG-1,CSF,-0.005708504736795675
MS,CSF_28,CATCGGGGTATGAAAC-1,CSF,-0.29997119987097626
MS,CSF_28,CATGACAAGGAATTAC-1,CSF,-0.043339528193817846
MS,CSF_28,CATGACACACTCAGGC-1,CSF,-0.29997119987097626
MS,CSF_28,CATGGCGGTCAACATC-1,CSF,-0.29997119987097626
MS,CSF_28,CATTATCCATCACAAC-1,CSF,-0.29997119987097626
MS,CSF_28,CATTCGCCAAGGTTCT-1,CSF,0.25058392789270517
MS,CSF_28,CATTCGCTCCGCGTTT-1,CSF,0.6018795560851259
MS,CSF_28,CCAATCCAGCTAAGAT-1,CSF,0.6831027229373238
MS,CSF_28,CCACTACCATTACGAC-1,CSF,0.13002978963560155
MS,CSF_28,CCAGCGATCTACGAGT-1,CSF,0.10577339994092097
MS,CSF_28,CCCAGTTGTCATCCCT-1,CSF,-0.29997119987097626
MS,CSF_28,CCCTCCTGTCTACCTC-1,CSF,-0.13697490727806172
MS,CSF_28,CCGGGATAGGAGTCTG-1,CSF,0.5387427660929474
MS,CSF_28,CCGGGATGTTAGATGA-1,CSF,-0.29997119987097626
MS,CSF_28,CCGGTAGAGAATGTTG-1,CSF,-0.29997119987097626
MS,CSF_28,CCGTACTCAAAGTCAA-1,CSF,-0.29997119987097626
MS,CSF_28,CCGTTCACACTTAACG-1,CSF,-0.07315973799710666
MS,CSF_28,CCGTTCAGTCGACTAT-1,CSF,-0.12022564555181761
MS,CSF_28,CCTACACGTCTAGCGC-1,CSF,0.5561431854737013
MS,CSF_28,CCTACACGTTGATTCG-1,CSF,0.02219363294539121
MS,CSF_28,CCTCAGTTCCGTAGTA-1,CSF,0.06686026823856836
MS,CSF_28,CCTCTGACAGTTTACG-1,CSF,0.0714514857317814
MS,CSF_28,CCTTACGAGCCACCTG-1,CSF,0.5747300152707944
MS,CSF_28,CGAACATGTATAGGGC-1,CSF,0.4094239815632756
MS,CSF_28,CGAACATTCGACGGAA-1,CSF,0.5533570431719446
MS,CSF_28,CGAGCCAAGTCATCCA-1,CSF,0.07033160528346317
MS,CSF_28,CGAGCCAGTGTTGAGG-1,CSF,0.8753377341685722
MS,CSF_28,CGATCGGGTCAACATC-1,CSF,-0.29997119987097626
MS,CSF_28,CGATGGCCAAAGCGGT-1,CSF,0.11088019569058326
MS,CSF_28,CGATGGCCACATTAGC-1,CSF,0.36847658968696095
MS,CSF_28,CGATGGCGTATCTGCA-1,CSF,-0.29997119987097626
MS,CSF_28,CGCGGTAGTGTTTGTG-1,CSF,-0.08267791597131938
MS,CSF_28,CGCTGGACACATCCGG-1,CSF,0.05547825770846569
MS,CSF_28,CGCTGGAGTCAACATC-1,CSF,-0.04334686056200066
MS,CSF_28,CGCTGGATCGCAAACT-1,CSF,-0.0867999286637798
MS,CSF_28,CGGAGTCGTACAAGTA-1,CSF,-0.29997119987097626
MS,CSF_28,CGGAGTCTCCGAACGC-1,CSF,0.319462278159743
MS,CSF_28,CGGGTCAGTCCGTTAA-1,CSF,-0.29997119987097626
MS,CSF_28,CGGGTCAGTTGAACTC-1,CSF,0.2501083154885511
MS,CSF_28,CGGTTAACAGTAACGG-1,CSF,0.5533225268219147
MS,CSF_28,CGTCAGGTCCCGGATG-1,CSF,-0.29997119987097626
MS,CSF_28,CGTCTACAGCGCCTTG-1,CSF,-0.29997119987097626
MS,CSF_28,CGTCTACAGTACATGA-1,CSF,-0.29997119987097626
MS,CSF_28,CGTCTACTCGTTGACA-1,CSF,-0.29997119987097626
MS,CSF_28,CGTGAGCCACGAGGTA-1,CSF,-0.29997119987097626
MS,CSF_28,CGTGAGCGTAAAGTCA-1,CSF,0.3632520642800536
MS,CSF_28,CGTGTCTTCAGGTTCA-1,CSF,-0.29997119987097626
MS,CSF_28,CGTTCTGGTATTACCG-1,CSF,0.5233982586267777
MS,CSF_28,CGTTCTGGTTCCCGAG-1,CSF,0.27331186950614866
MS,CSF_28,CGTTGGGGTCCGCTGA-1,CSF,0.019831846702975314
MS,CSF_28,CTAAGACGTCAAACTC-1,CSF,0.7521275526151384
MS,CSF_28,CTAAGACTCATTATCC-1,CSF,-0.29997119987097626
MS,CSF_28,CTAGAGTAGAGGTACC-1,CSF,0.1439622868116966
MS,CSF_28,CTAGAGTGTAAGTTCC-1,CSF,0.023861651479017438
MS,CSF_28,CTAGCCTCAAACAACA-1,CSF,0.6233827931146811
MS,CSF_28,CTAGTGACAGGAACGT-1,CSF,-0.29997119987097626
MS,CSF_28,CTAGTGACAGTCCTTC-1,CSF,0.0652534537017084
MS,CSF_28,CTCGAAAAGATAGTCA-1,CSF,-0.29997119987097626
MS,CSF_28,CTCGGAGGTCAATACC-1,CSF,-0.29997119987097626
MS,CSF_28,CTCGGAGTCGGCTACG-1,CSF,0.2786019590761509
MS,CSF_28,CTCGGGACACCCATTC-1,CSF,-0.08709844046945125
MS,CSF_28,CTCGTACTCCGAATGT-1,CSF,-0.29997119987097626
MS,CSF_28,CTCTAATCATCACGAT-1,CSF,-0.29997119987097626
MS,CSF_28,CTCTACGCAATCCGAT-1,CSF,0.31053089895465796
MS,CSF_28,CTCTACGGTGATAAAC-1,CSF,0.42451488498249523
MS,CSF_28,CTGAAGTTCCGCGCAA-1,CSF,0.3994706015698691
MS,CSF_28,CTGATAGAGTTAGGTA-1,CSF,-0.29997119987097626
MS,CSF_28,CTGATCCAGTGGGCTA-1,CSF,0.19562677647790086
MS,CSF_28,CTGCGGACAGCAGTTT-1,CSF,-0.12039036909217764
MS,CSF_28,CTGCTGTTCACCGGGT-1,CSF,1.0395293971704984
MS,CSF_28,CTGTGCTAGTCCAGGA-1,CSF,-0.29997119987097626
MS,CSF_28,CTGTTTAGTAAAGTCA-1,CSF,-0.29997119987097626
MS,CSF_28,CTTAACTAGCCCAACC-1,CSF,-0.29997119987097626
MS,CSF_28,CTTAACTAGTGTTGAA-1,CSF,-0.29997119987097626
MS,CSF_28,CTTCTCTCACACGCTG-1,CSF,-0.09505794050114667
MS,CSF_28,CTTGGCTAGACGACGT-1,CSF,0.2116856599463645
MS,CSF_28,GAAACTCGTTGCCTCT-1,CSF,-0.02642498384117479
MS,CSF_28,GAAATGACAAAGGCGT-1,CSF,0.3547504721189409
MS,CSF_28,GAACCTACATGCCTAA-1,CSF,-0.021473489797708155
MS,CSF_28,GAATAAGGTCAAGCGA-1,CSF,-0.29997119987097626
MS,CSF_28,GAATAAGTCCCACTTG-1,CSF,0.3529292414231837
MS,CSF_28,GAATGAATCATTGCGA-1,CSF,0.5206011464772862
MS,CSF_28,GACACGCCACGAGGTA-1,CSF,-0.056102856085239856
MS,CSF_28,GACCAATCACCGCTAG-1,CSF,-0.07036918639589683
MS,CSF_28,GACGCGTGTCGAAAGC-1,CSF,0.5512689681689066
MS,CSF_28,GACGGCTTCAGGTAAA-1,CSF,-0.29997119987097626
MS,CSF_28,GACGTGCAGATATGCA-1,CSF,0.12859100886145122
MS,CSF_28,GACGTTAAGGGCACTA-1,CSF,0.09705276638047203
MS,CSF_28,GACGTTATCTGGAGCC-1,CSF,0.5467555982673288
MS,CSF_28,GACTACACAGGCTCAC-1,CSF,-0.29997119987097626
MS,CSF_28,GACTGCGAGATGTGTA-1,CSF,-0.29997119987097626
MS,CSF_28,GATGAAAGTCAAAGCG-1,CSF,0.08340793601661037
MS,CSF_28,GATGAGGTCGGTCTAA-1,CSF,-0.09793375891780372
MS,CSF_28,GATGCTACACCGTTGG-1,CSF,0.013727087621434073
MS,CSF_28,GATGCTAGTTGTGGAG-1,CSF,0.033849250490793716
MS,CSF_28,GATTCAGAGTTACGGG-1,CSF,-0.29997119987097626
MS,CSF_28,GCAATCATCCGTAGGC-1,CSF,0.33101643055709706
MS,CSF_28,GCAGCCAAGTACGATA-1,CSF,-0.12139368591561595
MS,CSF_28,GCAGCCACAACACCCG-1,CSF,-0.29997119987097626
MS,CSF_28,GCATACAAGAGCCTAG-1,CSF,0.20877180524817468
MS,CSF_28,GCATGATAGACTCGGA-1,CSF,0.39048320782323553
MS,CSF_28,GCCTCTAAGGCTATCT-1,CSF,0.8025144289721453
MS,CSF_28,GCGACCAAGCTCTCGG-1,CSF,-0.29997119987097626
MS,CSF_28,GCGCCAAAGCGTTCCG-1,CSF,0.2155100143562109
MS,CSF_28,GCTCCTAAGCTAGCCC-1,CSF,0.36324518756626084
MS,CSF_28,GCTCCTAGTACAGCAG-1,CSF,0.12979702702974286
MS,CSF_28,GCTCTGTGTGTGTGCC-1,CSF,0.1401034132745591
MS,CSF_28,GCTGCAGGTGATAAAC-1,CSF,0.5097561991171087
MS,CSF_28,GCTGCTTTCTATCCTA-1,CSF,-0.29997119987097626
MS,CSF_28,GCTGGGTGTCAACATC-1,CSF,-0.29997119987097626
MS,CSF_28,GGACAAGGTACGACCC-1,CSF,0.5743055115743342
MS,CSF_28,GGACAGAGTACCGAGA-1,CSF,0.8591791970362462
MS,CSF_28,GGACATTCAAAGGCGT-1,CSF,-0.29997119987097626
MS,CSF_28,GGACATTCATCCGTGG-1,CSF,0.4134324045214706
MS,CSF_28,GGACATTGTCATATCG-1,CSF,-0.29997119987097626
MS,CSF_28,GGACATTTCGCCTGTT-1,CSF,-0.29997119987097626
MS,CSF_28,GGACGTCTCCTAAGTG-1,CSF,-0.09080329962241881
MS,CSF_28,GGATTACGTCGGCTCA-1,CSF,1.1741277609174665
MS,CSF_28,GGCAATTTCAAGGTAA-1,CSF,-0.29997119987097626
MS,CSF_28,GGCGACTGTCAATGTC-1,CSF,-0.09931092934418717
MS,CSF_28,GGCTCGAAGACTTTCG-1,CSF,-0.29997119987097626
MS,CSF_28,GGCTCGAAGTATTGGA-1,CSF,-0.29997119987097626
MS,CSF_28,GGCTCGAGTGCAACGA-1,CSF,0.4226706600216201
MS,CSF_28,GGCTGGTTCTAACGGT-1,CSF,0.1659878418459677
MS,CSF_28,GGGAATGCACAACGTT-1,CSF,-0.29997119987097626
MS,CSF_28,GGGAATGTCTGTCCGT-1,CSF,0.02437535927797239
MS,CSF_28,GGGACCTAGACTGTAA-1,CSF,0.3135894192050336
MS,CSF_28,GGGACCTTCCAATGGT-1,CSF,-0.29997119987097626
MS,CSF_28,GGGATGAAGTACTTGC-1,CSF,0.431628112140379
MS,CSF_28,GGGTCTGTCGTACGGC-1,CSF,-0.29997119987097626
MS,CSF_28,GGGTTGCCAGGTCCAC-1,CSF,-0.29997119987097626
MS,CSF_28,GGTATTGGTAGCGCAA-1,CSF,-0.29997119987097626
MS,CSF_28,GGTGAAGGTAAAGTCA-1-1,CSF,0.3565919140013242
MS,CSF_28,GGTGTTAAGATAGTCA-1,CSF,-0.29997119987097626
MS,CSF_28,GTACGTATCTGCGTAA-1,CSF,0.8376889714094149
MS,CSF_28,GTACTCCGTCACCCAG-1,CSF,-0.07562351047210535
MS,CSF_28,GTAGTCACATGCATGT-1,CSF,0.048219808182661174
MS,CSF_28,GTATCTTGTACCAGTT-1,CSF,0.112466810670362
MS,CSF_28,GTATCTTTCTCTGAGA-1,CSF,-0.16220801656508974
MS,CSF_28,GTATTCTAGTACATGA-1,CSF,0.04992066075410527
MS,CSF_28,GTCAAGTGTCTAGCGC-1,CSF,-0.29997119987097626
MS,CSF_28,GTCACAATCTCTGCTG-1,CSF,-0.29997119987097626
MS,CSF_28,GTCACGGGTGGCCCTA-1,CSF,-0.29997119987097626
MS,CSF_28,GTCATTTTCGCAGGCT-1,CSF,-0.03551862151909855
MS,CSF_28,GTCGGGTTCAGTGTTG-1,CSF,-0.29997119987097626
MS,CSF_28,GTGAAGGAGGATGGTC-1,CSF,0.8945075920877121
MS,CSF_28,GTGCAGCAGGAATTAC-1,CSF,-0.29997119987097626
MS,CSF_28,GTGCAGCTCAGCTCTC-1,CSF,-0.12223651658446817
MS,CSF_28,GTGCATAAGTCGTACT-1,CSF,-0.14722377603015466
MS,CSF_28,GTGCTTCTCAGCTTAG-1,CSF,0.46589880294757907
MS,CSF_28,GTGTGCGGTTCGTCTC-1,CSF,-0.11313368282600227
MS,CSF_28,GTGTTAGAGAATGTTG-1,CSF,0.3843742093044165
MS,CSF_28,GTTCGGGGTGTAACGG-1,CSF,0.6218151227529722
MS,CSF_28,GTTCGGGTCCTTCAAT-1,CSF,-0.29997119987097626
MS,CSF_28,GTTTCTACATTTGCTT-1,CSF,0.24595237199508402
MS,CSF_28,GTTTCTATCCACGACG-1,CSF,-0.12311080455551196
MS,CSF_28,TAAACCGGTCAAAGAT-1,CSF,-0.29997119987097626
MS,CSF_28,TAAACCGGTGTTCGAT-1,CSF,0.2327875206751143
MS,CSF_28,TAAACCGTCAAGGTAA-1,CSF,-0.29997119987097626
MS,CSF_28,TAAGAGAAGTTAGGTA-1,CSF,-0.29997119987097626
MS,CSF_28,TAAGAGAGTCGGATCC-1,CSF,0.25441950577318123
MS,CSF_28,TAAGCGTGTCTAACGT-1,CSF,-0.29997119987097626
MS,CSF_28,TACAGTGAGACACTAA-1,CSF,-0.29997119987097626
MS,CSF_28,TACGGATAGACAGAGA-1,CSF,0.23015687549008937
MS,CSF_28,TACGGTATCGTGGGAA-1,CSF,-0.08359620197232857
MS,CSF_28,TACTCATAGAAACCTA-1,CSF,0.19211202768657193
MS,CSF_28,TACTCGCAGCCGTCGT-1,CSF,0.0189239007504021
MS,CSF_28,TACTCGCGTAAGAGGA-1,CSF,-0.1068810634828704
MS,CSF_28,TACTTACGTCGAAAGC-1,CSF,-0.29997119987097626
MS,CSF_28,TACTTACTCGCCCTTA-1,CSF,0.19387022381878385
MS,CSF_28,TAGAGCTTCGTATCAG-1,CSF,0.029087036874659824
MS,CSF_28,TAGCCGGAGTATCGAA-1,CSF,-0.11299085917305655
MS,CSF_28,TAGGCATAGAGCCTAG-1,CSF,0.16050022609890693
MS,CSF_28,TAGTGGTGTCTTCGTC-1,CSF,0.018860449243978655
MS,CSF_28,TAGTGGTTCCGAAGAG-1,CSF,-0.09856240026007164
MS,CSF_28,TAGTTGGAGCCTTGAT-1,CSF,-0.01436047136791698
MS,CSF_28,TATCAGGTCAGGCAAG-1,CSF,-0.29997119987097626
MS,CSF_28,TCAACGACAAAGAATC-1,CSF,0.20351971081004824
MS,CSF_28,TCAATCTAGGCGTACA-1,CSF,-0.16697924309380557
MS,CSF_28,TCAATCTTCGTCTGCT-1,CSF,-0.29997119987097626
MS,CSF_28,TCATTACAGGACAGAA-1,CSF,0.3202761803878315
MS,CSF_28,TCGTACCTCGTCCAGG-1,CSF,-0.29997119987097626
MS,CSF_28,TCGTAGAAGCTAACTC-1,CSF,-0.09433889411135861
MS,CSF_28,TCTATTGGTTCGCTAA-1,CSF,-0.29997119987097626
MS,CSF_28,TCTGGAAAGATAGCAT-1,CSF,-0.29997119987097626
MS,CSF_28,TCTTCGGAGGGTCTCC-1,CSF,-0.29997119987097626
MS,CSF_28,TCTTCGGCAGGAACGT-1,CSF,0.004009462541947085
MS,CSF_28,TCTTCGGGTGTTCGAT-1,CSF,-0.0927944624649389
MS,CSF_28,TCTTTCCTCGATCCCT-1,CSF,0.09887070876631927
MS,CSF_28,TGAAAGAAGACGCACA-1,CSF,-0.29997119987097626
MS,CSF_28,TGAAAGACATCTCGCT-1,CSF,0.05089129935686652
MS,CSF_28,TGAAAGATCCGCAGTG-1,CSF,0.5790785741957994
MS,CSF_28,TGACAACTCAAACCAC-1,CSF,-0.29997119987097626
MS,CSF_28,TGACTTTAGCTGATAA-1,CSF,0.11439250979116257
MS,CSF_28,TGAGCCGCACAAGTAA-1,CSF,-0.29997119987097626
MS,CSF_28,TGAGGGAGTTCGTGAT-1,CSF,-0.29997119987097626
MS,CSF_28,TGCCCTAAGTAGGCCA-1,CSF,-0.1411354871020853
MS,CSF_28,TGCGCAGGTGGTGTAG-1,CSF,0.004401010163409325
MS,CSF_28,TGCGCAGTCCAAACAC-1,CSF,0.044475896524598726
MS,CSF_28,TGCTACCTCAGCGACC-1,CSF,-0.29997119987097626
MS,CSF_28,TGCTGCTCAGTGGGAT-1,CSF,0.5255059405845346
MS,CSF_28,TGCTGCTTCCCTTGCA-1,CSF,0.24839604888708514
MS,CSF_28,TGGACGCAGGTGTTAA-1,CSF,-0.09894917605569607
MS,CSF_28,TGGCCAGGTATATGGA-1,CSF,-0.0022862332637632677
MS,CSF_28,TGGCGCATCTTGTACT-1,CSF,-0.08296161770635997
MS,CSF_28,TGGTTAGCACTACAGT-1,CSF,-0.29997119987097626
MS,CSF_28,TGGTTCCTCCCTGACT-1,CSF,-0.29997119987097626
MS,CSF_28,TGTATTCCAGCTGGCT-1,CSF,-0.29997119987097626
MS,CSF_28,TGTGGTAAGTGTGGCA-1,CSF,-0.10630915941515827
MS,CSF_28,TGTGGTATCGGTCTAA-1,CSF,-0.29997119987097626
MS,CSF_28,TGTTCCGGTTGGTTTG-1,CSF,-0.29997119987097626
MS,CSF_28,TTAACTCAGCGTCAAG-1,CSF,0.24573504914176272
MS,CSF_28,TTAGGACTCAATACCG-1,CSF,0.13192101565798445
MS,CSF_28,TTAGGCAAGAGTAATC-1,CSF,-0.06966239858803025
MS,CSF_28,TTCGAAGGTTGGTTTG-1,CSF,0.3099705802694314
MS,CSF_28,TTCGGTCCAGCGTAAG-1,CSF,-0.29997119987097626
MS,CSF_28,TTCGGTCGTTGAACTC-1,CSF,-0.29997119987097626
MS,CSF_28,TTCTACAAGTGCAAGC-1,CSF,-0.29997119987097626
MS,CSF_28,TTCTCAATCACTCTTA-1,CSF,0.090598697738702
MS,CSF_28,TTCTCCTGTCTTGCGG-1,CSF,0.03927718223019478
MS,CSF_28,TTGAACGGTTTAGGAA-1,CSF,0.10613718863273844
MS,CSF_28,TTGCGTCCAGGAATGC-1,CSF,-0.29997119987097626
MS,CSF_28,TTGCGTCTCTCTTGAT-1,CSF,-0.03146905747708405
MS,CSF_28,TTTGCGCGTGTCCTCT-1,CSF,0.2476072147753578
MS,CSF_28,TTTGTCAGTCATCCCT-1,CSF,0.4205682692584131
MS,CSF_29,AAACGGGCAATGAATG-1,CSF,-0.29997119987097626
MS,CSF_29,AAAGTAGTCTAGCACA-1,CSF,-0.29997119987097626
MS,CSF_29,AAATGCCCAGCTGCTG-1,CSF,-0.10734572674765672
MS,CSF_29,AAATGCCGTTAAGACA-1,CSF,-0.29997119987097626
MS,CSF_29,AACTCTTTCGGTGTTA-1,CSF,-0.29997119987097626
MS,CSF_29,AAGCCGCTCAGTTGAC-1,CSF,-0.29997119987097626
MS,CSF_29,AAGGAGCAGTATTGGA-1,CSF,-0.29997119987097626
MS,CSF_29,AAGGAGCTCTGGGCCA-1,CSF,-0.29997119987097626
MS,CSF_29,ACAGCCGTCATGCTCC-1,CSF,-0.29997119987097626
MS,CSF_29,ACAGCTAAGTTGAGAT-1,CSF,-0.29997119987097626
MS,CSF_29,ACATACGAGCGCCTTG-1,CSF,-0.29997119987097626
MS,CSF_29,ACATCAGTCAACGAAA-1,CSF,-0.29997119987097626
MS,CSF_29,ACATGGTTCTAAGCCA-1,CSF,-0.29997119987097626
MS,CSF_29,ACGAGGAGTCGGCATC-1,CSF,1.1743691388995383
MS,CSF_29,ACGAGGAGTCTCTCGT-1,CSF,-0.013618710484245095
MS,CSF_29,ACGAGGATCCTTCAAT-1,CSF,0.051442474804661735
MS,CSF_29,ACGAGGATCTCGAGTA-1,CSF,-0.29997119987097626
MS,CSF_29,ACGATGTTCGTCGTTC-1,CSF,-0.29997119987097626
MS,CSF_29,ACGCAGCAGTCTCAAC-1,CSF,-0.08053776297601767
MS,CSF_29,ACGGCCAAGACAATAC-1,CSF,-0.29997119987097626
MS,CSF_29,ACGGGCTGTCTGCAAT-1,CSF,1.0462882460505236
MS,CSF_29,ACGGGTCGTGTGACGA-1,CSF,-0.29997119987097626
MS,CSF_29,ACGTCAATCACTTCAT-1-1,CSF,-0.29997119987097626
MS,CSF_29,ACTGAACAGGATATAC-1,CSF,-0.04413929845721113
MS,CSF_29,AGACGTTAGTGAAGTT-1,CSF,0.6092452309321926
MS,CSF_29,AGACGTTTCTCGTTTA-1,CSF,-0.29997119987097626
MS,CSF_29,AGATCTGCAGACTCGC-1,CSF,-0.29997119987097626
MS,CSF_29,AGCCTAATCCCTTGCA-1,CSF,0.13186058155679997
MS,CSF_29,AGCTTGAGTCTCCACT-1,CSF,-0.29997119987097626
MS,CSF_29,AGGCCGTCAAGTTGTC-1,CSF,-0.14157850296107885
MS,CSF_29,AGGGAGTAGAATTGTG-1,CSF,-0.29997119987097626
MS,CSF_29,AGGTCCGGTCCCGACA-1,CSF,0.4128593921726402
MS,CSF_29,AGTAGTCAGTCCAGGA-1,CSF,-0.29997119987097626
MS,CSF_29,AGTTGGTCACTGAAGG-1,CSF,-0.11022254625836138
MS,CSF_29,ATAGACCAGTACTTGC-1,CSF,0.2812092699719425
MS,CSF_29,ATCCGAAAGCTGAACG-1,CSF,0.0325364996793955
MS,CSF_29,ATCTACTCAGCCTGTG-1,CSF,-0.012965914551197515
MS,CSF_29,ATGAGGGGTAGTACCT-1,CSF,-0.055851541217140754
MS,CSF_29,ATTCTACTCGTGACAT-1,CSF,-0.29997119987097626
MS,CSF_29,ATTGGACAGCGATAGC-1,CSF,-0.29997119987097626
MS,CSF_29,ATTGGACTCGTGGGAA-1,CSF,0.28500379177066365
MS,CSF_29,CAACCTCCAGGCGATA-1,CSF,-0.29997119987097626
MS,CSF_29,CAACCTCGTGACTCAT-1,CSF,-0.29997119987097626
MS,CSF_29,CAAGTTGGTACTCAAC-1,CSF,-0.29997119987097626
MS,CSF_29,CAAGTTGGTGCCTTGG-1,CSF,-0.29997119987097626
MS,CSF_29,CACACAATCCGCTGTT-1,CSF,-0.29997119987097626
MS,CSF_29,CACACCTTCGGCGGTT-1,CSF,0.07743560006933878
MS,CSF_29,CACACTCAGACTACAA-1,CSF,0.28243799570234324
MS,CSF_29,CACACTCGTCTAGAGG-1,CSF,-0.29997119987097626
MS,CSF_29,CACAGGCGTTCGTCTC-1,CSF,-0.29997119987097626
MS,CSF_29,CACAGGCTCTCGTATT-1,CSF,1.3528711362445052
MS,CSF_29,CACAGTAGTCGCATCG-1,CSF,0.29638410860965586
MS,CSF_29,CAGAGAGGTACCGAGA-1,CSF,0.09445917865919581
MS,CSF_29,CAGCAGCTCACGGTTA-1,CSF,-0.1772577993818342
MS,CSF_29,CAGCAGCTCGCGCCAA-1,CSF,0.20493290306451586
MS,CSF_29,CAGCTAAAGCTAGTCT-1,CSF,-0.08960956298202587
MS,CSF_29,CAGCTAAAGGCTCATT-1,CSF,-0.29997119987097626
MS,CSF_29,CAGCTAAGTACGCTGC-1,CSF,-0.29997119987097626
MS,CSF_29,CATCCACCAGGTTTCA-1,CSF,-0.29997119987097626
MS,CSF_29,CATCCACTCGGCCGAT-1,CSF,-0.29997119987097626
MS,CSF_29,CATCGGGCAGCCTTTC-1,CSF,-0.29997119987097626
MS,CSF_29,CATGACAAGTGAATTG-1,CSF,0.11962430461316176
MS,CSF_29,CATTCGCCAGACGCTC-1,CSF,-0.29997119987097626
MS,CSF_29,CCATGTCGTTAAGGGC-1,CSF,-0.29997119987097626
MS,CSF_29,CCGTACTGTTGCGTTA-1,CSF,0.40445065597920615
MS,CSF_29,CCGTACTTCAGGATCT-1,CSF,-0.16634865545229574
MS,CSF_29,CCGTTCATCGTACCGG-1,CSF,-0.29997119987097626
MS,CSF_29,CCTCAGTAGTGACATA-1,CSF,0.23084440419846844
MS,CSF_29,CCTCTGACATTCGACA-1,CSF,-0.29997119987097626
MS,CSF_29,CGACCTTCAGCTTAAC-1,CSF,0.09387956802479114
MS,CSF_29,CGACTTCCACGAAATA-1,CSF,-0.11300335372926673
MS,CSF_29,CGAGAAGAGGACTGGT-1,CSF,0.42542962674954904
MS,CSF_29,CGATCGGCAAACCTAC-1,CSF,-0.29997119987097626
MS,CSF_29,CGATGGCGTCATGCAT-1,CSF,-0.29997119987097626
MS,CSF_29,CGATGTAGTATCTGCA-1,CSF,0.34089633760265936
MS,CSF_29,CGATGTAGTCTCACCT-1,CSF,0.02721686857771239
MS,CSF_29,CGCCAAGAGAAGGGTA-1,CSF,-0.29997119987097626
MS,CSF_29,CGCGTTTGTGTTAAGA-1,CSF,-0.04396853359397305
MS,CSF_29,CGCTATCCAGCCTGTG-1,CSF,-0.011617865084217428
MS,CSF_29,CGCTTCACATATGCTG-1,CSF,-0.29997119987097626
MS,CSF_29,CGGACGTGTTCTCATT-1,CSF,-0.05169420791797078
MS,CSF_29,CGGAGCTAGTCCGTAT-1,CSF,-0.29997119987097626
MS,CSF_29,CGGCTAGGTCAAACTC-1,CSF,-0.29997119987097626
MS,CSF_29,CGGCTAGTCCCGGATG-1,CSF,-0.29997119987097626
MS,CSF_29,CGGTTAAGTCTAGTCA-1,CSF,-0.29997119987097626
MS,CSF_29,CGTCCATGTAGCGTGA-1,CSF,-0.29997119987097626
MS,CSF_29,CGTCTACGTCAACATC-1,CSF,0.16473456881151383
MS,CSF_29,CTAAGACGTGCGGTAA-1,CSF,-0.0886903477015185
MS,CSF_29,CTACACCAGCCCAACC-1,CSF,-0.08366638316663673
MS,CSF_29,CTACGTCAGTACCGGA-1,CSF,-0.29997119987097626
MS,CSF_29,CTAGTGATCTCTAAGG-1,CSF,-0.29997119987097626
MS,CSF_29,CTCATTATCATTTGGG-1,CSF,-0.29997119987097626
MS,CSF_29,CTCATTATCCAAAGTC-1,CSF,-0.29997119987097626
MS,CSF_29,CTCGGAGCAAACAACA-1,CSF,-0.1443569187798311
MS,CSF_29,CTCGTACGTCGAATCT-1,CSF,-0.29997119987097626
MS,CSF_29,CTCTACGTCAACACCA-1,CSF,0.03319011116054254
MS,CSF_29,CTGAAACCAAACAACA-1,CSF,0.10055592033831406
MS,CSF_29,CTGATCCCACCAGTTA-1,CSF,-0.29997119987097626
MS,CSF_29,CTGCTGTTCCCAAGAT-1,CSF,-0.29997119987097626
MS,CSF_29,CTTAACTAGTTAGCGG-1,CSF,0.12294910315213405
MS,CSF_29,CTTCTCTCAAGAAGAG-1-1,CSF,-0.04975271583152783
MS,CSF_29,CTTGGCTTCAGCAACT-1,CSF,-0.29997119987097626
MS,CSF_29,GAACATCTCTCTAGGA-1,CSF,-0.29997119987097626
MS,CSF_29,GAACCTAGTCTGCAAT-1,CSF,-0.03593297648239258
MS,CSF_29,GAAGCAGAGAGCTGCA-1,CSF,0.1590320974181923
MS,CSF_29,GAATGAAGTACGCTGC-1,CSF,-0.29997119987097626
MS,CSF_29,GACGGCTTCTCAAGTG-1,CSF,-0.29997119987097626
MS,CSF_29,GACTAACAGGACTGGT-1,CSF,-0.29997119987097626
MS,CSF_29,GAGCAGAGTTCCCTTG-1,CSF,-0.29997119987097626
MS,CSF_29,GATCAGTGTACGACCC-1,CSF,-0.29997119987097626
MS,CSF_29,GATCGATGTAAGGATT-1,CSF,-0.29997119987097626
MS,CSF_29,GATCTAGTCGCGCCAA-1,CSF,0.16704412293197982
MS,CSF_29,GCAATCAGTCCCTTGT-1,CSF,0.08939173066509738
MS,CSF_29,GCACATAGTCGTGGCT-1,CSF,0.013858700095133823
MS,CSF_29,GCAGTTAGTGTGACCC-1,CSF,-0.29997119987097626
MS,CSF_29,GCATGATCATACTACG-1,CSF,0.22073208808833794
MS,CSF_29,GCATGATGTTCCGGCA-1,CSF,-0.29997119987097626
MS,CSF_29,GCGACCACAGCTGCTG-1,CSF,0.08380751440549634
MS,CSF_29,GCGCCAAAGTGGTAGC-1,CSF,-0.29997119987097626
MS,CSF_29,GCGGGTTCATGTCCTC-1,CSF,-0.08993400450187188
MS,CSF_29,GCTCCTAAGCAGACTG-1,CSF,0.888370498139624
MS,CSF_29,GCTCCTACAATGTAAG-1,CSF,-0.29997119987097626
MS,CSF_29,GCTCTGTGTACAGTGG-1,CSF,0.6015734958696991
MS,CSF_29,GCTGCGATCTTCGGTC-1,CSF,0.1986995368704977
MS,CSF_29,GCTGGGTGTGTAAGTA-1,CSF,-0.29997119987097626
MS,CSF_29,GGAACTTCAGTGGAGT-1,CSF,-0.29997119987097626
MS,CSF_29,GGACAAGTCTTGGGTA-1,CSF,-0.15013439906071355
MS,CSF_29,GGCCGATAGTATCTCG-1,CSF,-0.10867189112928008
MS,CSF_29,GGCCGATCAGTCGATT-1,CSF,0.1773098561649791
MS,CSF_29,GGCGACTAGGCTCTTA-1,CSF,-0.29997119987097626
MS,CSF_29,GGCGACTAGTGAATTG-1,CSF,0.04483294803688514
MS,CSF_29,GGGAGATTCCCAAGTA-1,CSF,0.15369078224908278
MS,CSF_29,GGGTCTGGTAAATGTG-1,CSF,-0.29997119987097626
MS,CSF_29,GGTGCGTAGGTCATCT-1,CSF,-0.10042006881348524
MS,CSF_29,GTAACTGCAGTACACT-1,CSF,-0.09378646919276809
MS,CSF_29,GTACTTTGTTGGTAAA-1,CSF,-0.29997119987097626
MS,CSF_29,GTACTTTTCGAGAGCA-1,CSF,-0.0927944624649389
MS,CSF_29,GTATTCTAGAAACCTA-1,CSF,-0.29997119987097626
MS,CSF_29,GTCACAAAGTCACGCC-1,CSF,-0.29997119987097626
MS,CSF_29,GTCTCGTAGAAGAAGC-1,CSF,-0.29997119987097626
MS,CSF_29,GTCTTCGAGCAGATCG-1,CSF,-0.29997119987097626
MS,CSF_29,GTGCTTCGTCCGAATT-1,CSF,0.06431378320524736
MS,CSF_29,GTGCTTCTCGGCGGTT-1,CSF,-0.29997119987097626
MS,CSF_29,GTGTGCGAGTACTTGC-1,CSF,-0.29997119987097626
MS,CSF_29,GTGTTAGGTCAGAAGC-1,CSF,-0.29997119987097626
MS,CSF_29,GTGTTAGTCCTGCCAT-1,CSF,0.8167868216816434
MS,CSF_29,GTTAAGCGTCTGATCA-1,CSF,-0.29997119987097626
MS,CSF_29,GTTACAGGTCATCCCT-1,CSF,0.4625888179659145
MS,CSF_29,GTTCATTGTTCCATGA-1,CSF,0.05625924357849166
MS,CSF_29,TAAGCGTAGAGACTAT-1,CSF,-0.29997119987097626
MS,CSF_29,TACACGACAAGCTGTT-1,CSF,-0.29997119987097626
MS,CSF_29,TACACGAGTTGTCGCG-1,CSF,-0.14480865454673467
MS,CSF_29,TACCTATCAACGATGG-1,CSF,0.6311213919890158
MS,CSF_29,TACGGATTCAAGAAGT-1,CSF,-0.29997119987097626
MS,CSF_29,TAGAGCTCACCCATTC-1,CSF,0.13641201032798947
MS,CSF_29,TAGTGGTAGCACAGGT-1,CSF,-0.29997119987097626
MS,CSF_29,TATCAGGAGCTGTCTA-1,CSF,-0.29997119987097626
MS,CSF_29,TCACGAACACTGTGTA-1,CSF,-0.29997119987097626
MS,CSF_29,TCAGCAACACCAGGCT-1,CSF,-0.29997119987097626
MS,CSF_29,TCAGCAACACTGCCAG-1,CSF,-0.29997119987097626
MS,CSF_29,TCAGCTCTCTTGCATT-1,CSF,0.03809776011517006
MS,CSF_29,TCGGGACCACAAGACG-1,CSF,0.6346528585574792
MS,CSF_29,TCGTAGACATTCACTT-1,CSF,-0.048515848365990245
MS,CSF_29,TCTGAGATCAACCAAC-1,CSF,-0.29997119987097626
MS,CSF_29,TCTGGAAAGGGAAACA-1,CSF,0.5273627606733088
MS,CSF_29,TGACGGCAGTCTCCTC-1,CSF,0.027534265689838903
MS,CSF_29,TGACGGCAGTGCGATG-1,CSF,-0.29997119987097626
MS,CSF_29,TGACGGCTCCGCGGTA-1,CSF,0.12734349516419202
MS,CSF_29,TGACTTTCACCTCGGA-1,CSF,-0.29997119987097626
MS,CSF_29,TGAGCATTCCAACCAA-1,CSF,-0.29997119987097626
MS,CSF_29,TGAGGGAGTATTCGTG-1,CSF,-0.29997119987097626
MS,CSF_29,TGATTTCTCCTCAATT-1,CSF,-0.29997119987097626
MS,CSF_29,TGCACCTCACGCGAAA-1,CSF,-0.09433889411135861
MS,CSF_29,TGCCAAATCAACCATG-1,CSF,-0.050833946690851214
MS,CSF_29,TGCGCAGAGCCTATGT-1,CSF,-0.29997119987097626
MS,CSF_29,TGCTACCTCGTAGGAG-1,CSF,-0.29997119987097626
MS,CSF_29,TGCTGCTAGACTACAA-1,CSF,-0.29997119987097626
MS,CSF_29,TGGGAAGGTAAATACG-1,CSF,-0.08338523645837626
MS,CSF_29,TGGGAAGTCGTGACAT-1,CSF,-0.29997119987097626
MS,CSF_29,TGGGCGTGTATAAACG-1,CSF,-0.29997119987097626
MS,CSF_29,TGGTTCCTCACGAAGG-1,CSF,-0.29997119987097626
MS,CSF_29,TGTATTCAGTGCGATG-1,CSF,-0.29997119987097626
MS,CSF_29,TGTATTCCAACACGCC-1,CSF,0.10001643329964002
MS,CSF_29,TGTCCCATCACTCTTA-1,CSF,0.08343983421274358
MS,CSF_29,TGTGGTACATTAGGCT-1,CSF,-0.29997119987097626
MS,CSF_29,TTAGTTCAGCTAGTGG-1,CSF,-0.29997119987097626
MS,CSF_29,TTATGCTCATGAACCT-1,CSF,-0.29997119987097626
MS,CSF_29,TTCGAAGCAGAAGCAC-1,CSF,-0.29997119987097626
MS,CSF_29,TTCTCAACATGACGGA-1,CSF,0.06384300248446591
MS,CSF_29,TTGCCGTGTACAAGTA-1,CSF,-0.29997119987097626
MS,CSF_29,TTTCCTCAGTTCCACA-1,CSF,0.331149065629437
MS,CSF_31,AAACCTGCACAAGACG-1,CSF,0.09458809552934368
MS,CSF_31,AAACCTGCATGAACCT-1,CSF,-0.07053981555681564
MS,CSF_31,AAACGGGTCCCTCTTT-1,CSF,-0.06767596814237609
MS,CSF_31,AAAGATGGTGAGCGAT-1,CSF,0.8506604297635336
MS,CSF_31,AAAGCAATCGGAAACG-1,CSF,-0.10953602370258465
MS,CSF_31,AAAGTAGAGCCCAACC-1,CSF,-0.11007389761316931
MS,CSF_31,AAAGTAGCACCACGTG-1,CSF,0.05090667507321293
MS,CSF_31,AAAGTAGTCACCGGGT-1,CSF,-0.29997119987097626
MS,CSF_31,AAAGTAGTCATTGCGA-1,CSF,0.2854407509399524
MS,CSF_31,AACCATGGTCTTGATG-1,CSF,0.08142136784347051
MS,CSF_31,AACCATGTCTAACCGA-1,CSF,0.23540261831813855
MS,CSF_31,AACTCTTAGACAATAC-1,CSF,-0.08904191248551505
MS,CSF_31,AACTCTTAGCTGATAA-1,CSF,0.24643275537339643
MS,CSF_31,AACTCTTAGGATGGAA-1,CSF,0.6864551914091084
MS,CSF_31,AACTGGTAGCGCTTAT-1,CSF,-0.29997119987097626
MS,CSF_31,AAGGCAGTCGTTACGA-1,CSF,-0.29997119987097626
MS,CSF_31,AAGGTTCCAATCGAAA-1,CSF,-0.17618527414951318
MS,CSF_31,AAGTCTGCACACCGCA-1,CSF,-0.003946699034957606
MS,CSF_31,AAGTCTGTCAGCATGT-1,CSF,0.5278948999099514
MS,CSF_31,AATCCAGCACATTAGC-1,CSF,0.43765290938567775
MS,CSF_31,AATCCAGTCCCTCTTT-1,CSF,0.638486518745279
MS,CSF_31,AATCGGTAGGTCATCT-1,CSF,0.14980198583071722
MS,CSF_31,AATCGGTGTGCAGACA-1,CSF,0.06304234220757622
MS,CSF_31,ACACCAACATTACCTT-1,CSF,0.07572413473479152
MS,CSF_31,ACACTGAGTTGCGCAC-1,CSF,0.0329735953600278
MS,CSF_31,ACAGCCGGTCTAGTGT-1,CSF,0.14504961591769602
MS,CSF_31,ACAGCCGTCTGTCCGT-1,CSF,-0.29997119987097626
MS,CSF_31,ACAGCTATCGGATGGA-1,CSF,0.13721574235974457
MS,CSF_31,ACCCACTCACGTCAGC-1,CSF,-0.18509351975210864
MS,CSF_31,ACCCACTGTCTCTCTG-1,CSF,-0.29997119987097626
MS,CSF_31,ACCGTAACAGCTGCTG-1,CSF,0.8883584595418176
MS,CSF_31,ACGCAGCAGCCAGTTT-1,CSF,0.5386545510648135
MS,CSF_31,ACGCCAGAGAAACGAG-1,CSF,-0.09436678803986179
MS,CSF_31,ACGGGTCGTACCAGTT-1,CSF,0.39324073409533644
MS,CSF_31,ACGGGTCGTCCGTCAG-1,CSF,0.398989970276851
MS,CSF_31,ACGGGTCGTCGAGATG-1,CSF,0.3788760938693016
MS,CSF_31,ACGGGTCTCTATCGCC-1,CSF,-0.29997119987097626
MS,CSF_31,ACGTCAACAATCTACG-1,CSF,0.36080220402283697
MS,CSF_31,ACTGAGTGTAGCGTAG-1,CSF,0.05742919637133682
MS,CSF_31,ACTGATGCAGTCACTA-1,CSF,0.27413258377138744
MS,CSF_31,ACTTACTCAGTACACT-1,CSF,0.03731487673895008
MS,CSF_31,ACTTGTTTCCGCGTTT-1,CSF,0.2013033330957084
MS,CSF_31,AGAGTGGAGCCAGTTT-1,CSF,-0.08159811281341077
MS,CSF_31,AGATCTGCATTACGAC-1,CSF,0.5579513554880569
MS,CSF_31,AGATTGCAGCAGCCTC-1,CSF,0.13204606986241949
MS,CSF_31,AGCAGCCTCTCGAGTA-1,CSF,-0.07605865696367546
MS,CSF_31,AGCGTATGTTATCACG-1,CSF,-0.29997119987097626
MS,CSF_31,AGCTCCTGTATCGCAT-1,CSF,0.20386952206955325
MS,CSF_31,AGCTCTCCATCAGTCA-1,CSF,0.025308397988283136
MS,CSF_31,AGGGTGAGTTTAGCTG-1,CSF,0.8670297294825716
MS,CSF_31,AGGTCATAGGGCTTCC-1,CSF,-0.12998236128477283
MS,CSF_31,AGTGAGGCAAGCTGAG-1,CSF,-0.07242911491498642
MS,CSF_31,AGTGAGGCACTGCCAG-1,CSF,-0.11590228874835572
MS,CSF_31,AGTGTCATCTTCGGTC-1,CSF,0.0878349569037387
MS,CSF_31,AGTTGGTAGATCTGCT-1,CSF,0.07088841197596664
MS,CSF_31,ATAAGAGTCCGCAGTG-1,CSF,-0.29997119987097626
MS,CSF_31,ATAGACCAGGGATGGG-1,CSF,-0.17189484505165195
MS,CSF_31,ATAGACCCACCTTGTC-1,CSF,0.11629773353327189
MS,CSF_31,ATCATCTCACTCTGTC-1,CSF,-0.06783705984363628
MS,CSF_31,ATCATGGTCACAACGT-1,CSF,-0.01687713568493802
MS,CSF_31,ATCCGAAAGCGCTCCA-1,CSF,-0.17597178876969974
MS,CSF_31,ATCTACTTCTGCGTAA-1,CSF,-0.07151143734880173
MS,CSF_31,ATGCGATGTGACGCCT-1,CSF,0.5385346561500473
MS,CSF_31,ATGCGATTCCCAACGG-1,CSF,0.12845339589890825
MS,CSF_31,ATGTGTGCAGGTGCCT-1,CSF,-0.012080649710113677
MS,CSF_31,ATTGGACTCTTGCAAG-1,CSF,-0.29997119987097626
MS,CSF_31,CAACCAAAGGACGAAA-1,CSF,0.25638269756513593
MS,CSF_31,CAACCTCCATTTGCCC-1,CSF,0.37384466794584575
MS,CSF_31,CAACCTCTCTGCGTAA-1,CSF,-0.29997119987097626
MS,CSF_31,CAAGAAAAGAGTACCG-1,CSF,-0.0532700928415295
MS,CSF_31,CAAGGCCGTCTTGCGG-1,CSF,-0.06439419094668924
MS,CSF_31,CAAGTTGTCGCATGGC-1,CSF,0.2120910306474322
MS,CSF_31,CACACTCCAGATAATG-1,CSF,0.6798350793048767
MS,CSF_31,CACACTCCAGCTTAAC-1,CSF,0.3379142403981242
MS,CSF_31,CACAGTATCATAGCAC-1,CSF,-0.29997119987097626
MS,CSF_31,CACATAGTCACGCGGT-1,CSF,-0.29997119987097626
MS,CSF_31,CACATTTCACGTGAGA-1,CSF,-0.29997119987097626
MS,CSF_31,CACCACTGTAAAGGAG-1,CSF,0.053555928558276324
MS,CSF_31,CACCACTTCATTATCC-1,CSF,-0.29997119987097626
MS,CSF_31,CAGAATCTCTTCTGGC-1,CSF,-0.026833361809346055
MS,CSF_31,CAGGTGCCAAGGACTG-1,CSF,0.46381160473174887
MS,CSF_31,CATATGGAGGAACTGC-1,CSF,-0.29997119987097626
MS,CSF_31,CATATGGAGGTGCTAG-1,CSF,-0.29997119987097626
MS,CSF_31,CATATGGCACAGATTC-1,CSF,-0.05442998526229197
MS,CSF_31,CATATGGGTCTAGGTT-1,CSF,0.9581786875295737
MS,CSF_31,CATCCACCACGACGAA-1,CSF,-0.03246459005801882
MS,CSF_31,CATGGCGTCCACTCCA-1,CSF,0.019264904513492116
MS,CSF_31,CATTCGCTCCAGGGCT-1,CSF,0.3930575109212559
MS,CSF_31,CCAATCCAGATGTAAC-1,CSF,-0.016075663338261877
MS,CSF_31,CCACCTACAGAAGCAC-1,CSF,-0.29997119987097626
MS,CSF_31,CCATGTCCAGGGCATA-1,CSF,-0.29997119987097626
MS,CSF_31,CCGGGATCAAGTCTAC-1,CSF,-0.29997119987097626
MS,CSF_31,CCGGGATCACCGAATT-1,CSF,-0.10019846287947982
MS,CSF_31,CCGGGATTCTCGTATT-1,CSF,0.26876057462503244
MS,CSF_31,CCGGGATTCTGATTCT-1,CSF,0.04980318923502279
MS,CSF_31,CCGTACTCAGCTCCGA-1,CSF,0.016530360377369942
MS,CSF_31,CCGTACTCAGGATTGG-1,CSF,-0.14865293846381208
MS,CSF_31,CCTAAAGCATTTCACT-1,CSF,-0.29997119987097626
MS,CSF_31,CCTAAAGGTTCGGGCT-1,CSF,0.1909968393506343
MS,CSF_31,CCTACACGTCGACTAT-1,CSF,0.21369290742298164
MS,CSF_31,CCTACACTCTCCAACC-1,CSF,-0.29997119987097626
MS,CSF_31,CCTTACGCACCAGTTA-1,CSF,-0.004032835687766578
MS,CSF_31,CCTTCCCAGATGAGAG-1,CSF,0.53560520982916
MS,CSF_31,CCTTCCCAGTTGTAGA-1,CSF,-0.0021733694931426024
MS,CSF_31,CCTTTCTTCTTCGGTC-1,CSF,0.807401231559151
MS,CSF_31,CGAATGTGTAAGCACG-1,CSF,0.06665938491677885
MS,CSF_31,CGAATGTGTTGCGCAC-1,CSF,0.12861937520788944
MS,CSF_31,CGACCTTAGACCTTTG-1,CSF,0.25595732158371964
MS,CSF_31,CGAGAAGAGAACAATC-1,CSF,0.07459803789081987
MS,CSF_31,CGAGAAGCACAGACTT-1,CSF,0.017339886875029853
MS,CSF_31,CGAGAAGTCTCTAAGG-1,CSF,-0.29997119987097626
MS,CSF_31,CGAGCCACATCATCCC-1,CSF,0.9280348748246542
MS,CSF_31,CGAGCCAGTCGAGATG-1,CSF,-0.18606586743608333
MS,CSF_31,CGATGGCAGATGTAAC-1,CSF,0.10873930305181172
MS,CSF_31,CGATGTACAAGCTGAG-1,CSF,-0.29997119987097626
MS,CSF_31,CGATTGAGTAGAGCTG-1,CSF,0.13692515260294608
MS,CSF_31,CGCCAAGGTCTGCGGT-1,CSF,-0.29997119987097626
MS,CSF_31,CGCTGGAGTCACACGC-1,CSF,-0.29997119987097626
MS,CSF_31,CGCTTCACAATCCGAT-1,CSF,-0.29997119987097626
MS,CSF_31,CGCTTCATCACGGTTA-1,CSF,0.059301833339232495
MS,CSF_31,CGGACGTAGAACTCGG-1,CSF,0.1474123859123637
MS,CSF_31,CGGACGTGTGTTTGGT-1,CSF,-0.29997119987097626
MS,CSF_31,CGGCTAGGTCACTTCC-1,CSF,0.21818890637385732
MS,CSF_31,CGGGTCAAGAGAACAG-1,CSF,0.10963618785262631
MS,CSF_31,CGGTTAATCCGCGCAA-1,CSF,0.5156791100044935
MS,CSF_31,CGTAGCGGTTAGATGA-1,CSF,0.5138047923206784
MS,CSF_31,CGTCACTAGCATGGCA-1,CSF,-0.12338415800721433
MS,CSF_31,CGTCAGGCAGCAGTTT-1,CSF,0.6823426642247749
MS,CSF_31,CGTCTACAGAAACGAG-1,CSF,-0.29997119987097626
MS,CSF_31,CGTGAGCCAACCGCCA-1,CSF,-0.09695782060809198
MS,CSF_31,CGTGAGCTCCGGGTGT-1,CSF,0.7617352049217444
MS,CSF_31,CGTGTCTTCGTTTATC-1,CSF,0.43589538916292964
MS,CSF_31,CGTTAGACAGATTGCT-1,CSF,0.6076151331823676
MS,CSF_31,CGTTGGGGTCCGTCAG-1,CSF,0.4674976646272619
MS,CSF_31,CTACCCAAGCCCAATT-1,CSF,1.1685210436635203
MS,CSF_31,CTACGTCAGAGATGAG-1,CSF,-0.29997119987097626
MS,CSF_31,CTACGTCCACCGAAAG-1,CSF,0.46068745533619826
MS,CSF_31,CTACGTCCAGGGTTAG-1,CSF,0.7507043289246047
MS,CSF_31,CTAGAGTCATCCGGGT-1,CSF,-0.05375621988876127
MS,CSF_31,CTCCTAGTCAACCAAC-1,CSF,-0.29997119987097626
MS,CSF_31,CTCGGGATCGGAGGTA-1,CSF,-0.0267192984866108
MS,CSF_31,CTCGTACGTATTCTCT-1,CSF,-0.29997119987097626
MS,CSF_31,CTCGTACTCGAGAACG-1,CSF,0.3428331115137266
MS,CSF_31,CTCTACGAGACAAGCC-1,CSF,-0.29997119987097626
MS,CSF_31,CTCTGGTAGACCGGAT-1,CSF,0.1085151477966086
MS,CSF_31,CTGATAGAGAGGGATA-1,CSF,0.3489706053067045
MS,CSF_31,CTGATAGAGTGGCACA-1-1,CSF,0.30846633736053375
MS,CSF_31,CTGATAGGTGTGAATA-1,CSF,-0.29997119987097626
MS,CSF_31,CTGCGGAAGACTTTCG-1,CSF,0.11239306182305217
MS,CSF_31,CTGCGGAGTCGGATCC-1,CSF,0.11011680280983215
MS,CSF_31,CTGCTGTAGTCATCCA-1,CSF,-0.29997119987097626
MS,CSF_31,CTGCTGTCAAGTCTGT-1,CSF,-0.09865233364788804
MS,CSF_31,CTGGTCTAGCTAGTCT-1,CSF,0.042522911389848435
MS,CSF_31,CTGTGCTAGACCTTTG-1,CSF,0.30018877452937953
MS,CSF_31,CTGTGCTGTGCGATAG-1,CSF,-0.17819492232010456
MS,CSF_31,CTGTTTAGTTACCGAT-1,CSF,-0.29997119987097626
MS,CSF_31,CTGTTTAGTTGGAGGT-1,CSF,-0.29997119987097626
MS,CSF_31,CTTAACTAGCGTTGCC-1,CSF,0.052158905844317816
MS,CSF_31,CTTGGCTTCTTCGAGA-1,CSF,0.22236227051663593
MS,CSF_31,GAAACTCTCCACGCAG-1,CSF,0.11253939681609594
MS,CSF_31,GAAATGACATAGTAAG-1,CSF,-0.03698580948827747
MS,CSF_31,GAACCTAGTGAAATCA-1,CSF,-0.29997119987097626
MS,CSF_31,GAACGGAGTTCACCTC-1,CSF,0.28601077252431445
MS,CSF_31,GAACGGATCATGCATG-1,CSF,-0.29997119987097626
MS,CSF_31,GAATGAACATGGTCTA-1,CSF,0.15839330683809516
MS,CSF_31,GACACGCTCCGCGGTA-1,CSF,-0.20660512412544568
MS,CSF_31,GACCAATCAACTGGCC-1,CSF,-0.29997119987097626
MS,CSF_31,GACCAATGTACTCTCC-1,CSF,0.5239401295049072
MS,CSF_31,GACGGCTGTTAGAACA-1,CSF,0.14670154863385926
MS,CSF_31,GACGTTAGTGCAGTAG-1,CSF,-0.1689318578488041
MS,CSF_31,GACTAACTCCGAACGC-1,CSF,0.38546060784291075
MS,CSF_31,GACTGCGAGAGTGAGA-1,CSF,-0.1437341788901503
MS,CSF_31,GACTGCGGTTACGCGC-1,CSF,0.7235838227327491
MS,CSF_31,GATCGATTCGTGGACC-1,CSF,-0.06543701719030429
MS,CSF_31,GATCGTAAGTGGGCTA-1,CSF,-0.06166808001919987
MS,CSF_31,GATCTAGCAAGCTGAG-1,CSF,0.10439757043931837
MS,CSF_31,GATCTAGCACGTGAGA-1,CSF,0.2333175466136498
MS,CSF_31,GATGAAAGTCCAACTA-1,CSF,-0.29997119987097626
MS,CSF_31,GATGAGGGTATTCTCT-1,CSF,0.15631958559966302
MS,CSF_31,GATTCAGGTCTAAACC-1,CSF,0.10520725934139039
MS,CSF_31,GCAAACTTCGGCTTGG-1,CSF,-0.29997119987097626
MS,CSF_31,GCACATAAGAGTAATC-1,CSF,-0.29997119987097626
MS,CSF_31,GCATACACAGTGGAGT-1,CSF,0.4956805267894612
MS,CSF_31,GCATGATAGGATGTAT-1,CSF,0.10822415736743467
MS,CSF_31,GCATGCGAGGTGCTTT-1,CSF,-0.19259704329977662
MS,CSF_31,GCATGCGTCATACGGT-1,CSF,-0.29997119987097626
MS,CSF_31,GCATGTACAGTCAGCC-1,CSF,0.31409326016181777
MS,CSF_31,GCCAAATCAGATCCAT-1,CSF,0.6173174479172252
MS,CSF_31,GCGACCAAGATGCGAC-1,CSF,-0.29997119987097626
MS,CSF_31,GCGAGAAAGATGTGTA-1,CSF,0.07452971933320132
MS,CSF_31,GCGAGAAAGCAGGTCA-1,CSF,0.4277785953968949
MS,CSF_31,GCGCAACCATTCCTGC-1,CSF,-0.1721149992857675
MS,CSF_31,GCGCCAAGTAAGAGAG-1,CSF,0.25013970467738517
MS,CSF_31,GCGCGATGTGAGCGAT-1,CSF,-0.04706383203655128
MS,CSF_31,GCGGGTTTCACTTACT-1,CSF,0.1753142129420077
MS,CSF_31,GCTCCTATCAACACAC-1,CSF,0.2158611216259053
MS,CSF_31,GCTCCTATCTCATTCA-1,CSF,0.031683997978773894
MS,CSF_31,GCTCTGTTCACCAGGC-1,CSF,-0.29997119987097626
MS,CSF_31,GCTGCAGCAAGACACG-1,CSF,-0.20037886961140464
MS,CSF_31,GCTGGGTAGGATGGTC-1,CSF,-0.201603207971627
MS,CSF_31,GGAATAAAGTTATCGC-1,CSF,0.7156345372952565
MS,CSF_31,GGACAAGAGCGATATA-1,CSF,0.05710843368295967
MS,CSF_31,GGACAAGTCACAGGCC-1,CSF,0.12030367273930101
MS,CSF_31,GGACAAGTCTGCGTAA-1,CSF,0.16989505238140662
MS,CSF_31,GGACAGAGTAGAAAGG-1,CSF,0.044744754408057745
MS,CSF_31,GGACATTAGATATGGT-1,CSF,0.4923782823051939
MS,CSF_31,GGATGTTAGTCTCAAC-1,CSF,0.27659324786856804
MS,CSF_31,GGATGTTGTATAAACG-1,CSF,-0.18158866353653627
MS,CSF_31,GGCAATTCATTCCTGC-1,CSF,0.09550140040991505
MS,CSF_31,GGCAATTGTCGACTAT-1,CSF,0.23791905572346012
MS,CSF_31,GGCGACTGTCGAGTTT-1,CSF,-0.29997119987097626
MS,CSF_31,GGCTCGATCCTGCTTG-1,CSF,0.6280082223436427
MS,CSF_31,GGCTCGATCGGCTTGG-1,CSF,-0.29997119987097626
MS,CSF_31,GGGAATGAGCGATATA-1,CSF,0.20892905209768378
MS,CSF_31,GGGAGATTCTCGATGA-1,CSF,-0.16502340525456619
MS,CSF_31,GGGCACTAGCGTTTAC-1,CSF,-0.10488645487028905
MS,CSF_31,GGGTTGCAGATCGATA-1,CSF,-0.29997119987097626
MS,CSF_31,GGGTTGCTCCACGAAT-1,CSF,0.19897191276110923
MS,CSF_31,GGTGTTAGTCTTGCGG-1,CSF,0.1268529113588313
MS,CSF_31,GTACGTACATCCGTGG-1,CSF,-0.028324934873909417
MS,CSF_31,GTACTTTCAAAGCAAT-1,CSF,-0.12066657653668368
MS,CSF_31,GTACTTTTCTCGATGA-1,CSF,0.10073881780149394
MS,CSF_31,GTAGGCCCAACAACCT-1,CSF,-0.0642449009937611
MS,CSF_31,GTAGTCACAGGACGTA-1,CSF,-0.11252270109049632
MS,CSF_31,GTAGTCAGTAGTGAAT-1,CSF,0.5093673091728562
MS,CSF_31,GTATCTTAGTGGTCCC-1,CSF,-0.05068018813876098
MS,CSF_31,GTATTCTCAGGTCTCG-1,CSF,0.4288706481006503
MS,CSF_31,GTCAAGTTCTGCTGCT-1,CSF,0.2834094813953771
MS,CSF_31,GTCACAAAGGAATCGC-1,CSF,-0.14342792357948056
MS,CSF_31,GTCACGGGTTCGTTGA-1,CSF,0.27264612042209957
MS,CSF_31,GTCATTTCACTACAGT-1,CSF,-0.15632610014942755
MS,CSF_31,GTCATTTGTCTAAAGA-1,CSF,0.33499494379414424
MS,CSF_31,GTCATTTTCTATCGCC-1,CSF,-0.29997119987097626
MS,CSF_31,GTCCTCAAGGCTATCT-1,CSF,-0.29997119987097626
MS,CSF_31,GTCCTCAGTCTTCTCG-1,CSF,0.08443864033201953
MS,CSF_31,GTCGTAATCGACGGAA-1,CSF,-0.07431678829833666
MS,CSF_31,GTCTCGTTCGCAAACT-1,CSF,-0.29997119987097626
MS,CSF_31,GTGAAGGAGCGTGTCC-1,CSF,-0.29997119987097626
MS,CSF_31,GTGAAGGCATATACGC-1,CSF,0.43014252187343216
MS,CSF_31,GTGCTTCCATCGGTTA-1,CSF,-0.29997119987097626
MS,CSF_31,GTGGGTCAGAGTGACC-1,CSF,0.37758355109171937
MS,CSF_31,GTGTGCGCACAGGAGT-1,CSF,0.13385869546371934
MS,CSF_31,GTGTTAGTCCTTCAAT-1,CSF,0.3903731553096065
MS,CSF_31,GTTCGGGCACTACAGT-1,CSF,0.08749320770728805
MS,CSF_31,GTTCGGGTCTATGTGG-1,CSF,-0.29997119987097626
MS,CSF_31,GTTCTCGGTACCGTTA-1,CSF,-0.15966381465230084
MS,CSF_31,TAAGCGTTCAACGCTA-1,CSF,-0.29997119987097626
MS,CSF_31,TAAGCGTTCCAGAGGA-1,CSF,-0.29997119987097626
MS,CSF_31,TACACGACACCAGGTC-1,CSF,-0.10892421760427341
MS,CSF_31,TACAGTGAGTTCGATC-1,CSF,0.14333105090106682
MS,CSF_31,TACAGTGGTTGCCTCT-1,CSF,0.4184932015503737
MS,CSF_31,TACCTTAGTCCGTTAA-1,CSF,-0.08597526103831706
MS,CSF_31,TACTCATTCAGGATCT-1,CSF,-0.06433450635864275
MS,CSF_31,TACTTACGTTAAAGTG-1,CSF,0.11165305609171791
MS,CSF_31,TAGTGGTCATGTCGAT-1,CSF,0.46281322820306264
MS,CSF_31,TAGTGGTTCTTACCGC-1,CSF,0.012478018619152717
MS,CSF_31,TATCAGGGTATCACCA-1,CSF,-0.29997119987097626
MS,CSF_31,TATCTCATCCTTAATC-1,CSF,-0.29997119987097626
MS,CSF_31,TCAACGATCCTTTCGG-1,CSF,-0.02509205514261913
MS,CSF_31,TCAATCTCACGCCAGT-1,CSF,0.07661637591058844
MS,CSF_31,TCACAAGAGTTAAGTG-1,CSF,0.6845367233939083
MS,CSF_31,TCAGATGTCGGATGGA-1,CSF,0.14644649474344168
MS,CSF_31,TCAGCTCAGCAGGCTA-1,CSF,0.17705114116316084
MS,CSF_31,TCAGCTCCAGGATTGG-1,CSF,0.522104264585436
MS,CSF_31,TCAGGATCAGGGTTAG-1,CSF,0.2559685003486932
MS,CSF_31,TCATTTGGTCCTCTTG-1,CSF,-0.29997119987097626
MS,CSF_31,TCGAGGCGTCTCATCC-1,CSF,-0.10274092316062647
MS,CSF_31,TCGCGTTCAAAGTCAA-1,CSF,-0.17854818166822994
MS,CSF_31,TCGCGTTCATACTCTT-1,CSF,-0.29997119987097626
MS,CSF_31,TCGTAGAGTTACCGAT-1,CSF,-0.12345808330862404
MS,CSF_31,TCTCATACAGTCGTGC-1-1,CSF,0.007166584255302366
MS,CSF_31,TCTCATAGTCTCACCT-1,CSF,-0.23186231394623416
MS,CSF_31,TCTCTAACAGCCTGTG-1,CSF,-0.29997119987097626
MS,CSF_31,TCTGAGACAGATAATG-1,CSF,-0.29997119987097626
MS,CSF_31,TCTGGAATCCGCGGTA-1,CSF,-0.031417739795445716
MS,CSF_31,TCTGGAATCGGACAAG-1,CSF,0.8119124930352282
MS,CSF_31,TGACTTTAGAGCTTCT-1,CSF,-0.29997119987097626
MS,CSF_31,TGAGAGGTCTGCGTAA-1,CSF,-0.29997119987097626
MS,CSF_31,TGAGCATTCACGCATA-1,CSF,-0.29997119987097626
MS,CSF_31,TGAGGGAAGTGCCATT-1,CSF,0.8140493536596238
MS,CSF_31,TGAGGGAGTGCAACGA-1,CSF,0.8209985885144626
MS,CSF_31,TGATTTCCACGAAGCA-1,CSF,0.1820351624426396
MS,CSF_31,TGCACCTAGCTAGTCT-1,CSF,-0.29997119987097626
MS,CSF_31,TGCCCTAGTGTGTGCC-1,CSF,-0.02160645900366592
MS,CSF_31,TGCGCAGGTAGATTAG-1,CSF,0.7027213117014465
MS,CSF_31,TGCGTGGAGCCATCGC-1,CSF,-0.07954170529769167
MS,CSF_31,TGCTACCAGGGTCTCC-1,CSF,0.26997071920777393
MS,CSF_31,TGCTACCTCAAAGTAG-1,CSF,-0.07665965124812057
MS,CSF_31,TGCTACCTCCTTTACA-1,CSF,-0.08394295399143499
MS,CSF_31,TGCTACCTCGGAGGTA-1,CSF,-0.017041545159102424
MS,CSF_31,TGGACGCAGTAAGTAC-1,CSF,-0.29997119987097626
MS,CSF_31,TGGACGCGTGTGGTTT-1,CSF,-0.29997119987097626
MS,CSF_31,TGGCGCATCCCTCTTT-1,CSF,0.1780508313203803
MS,CSF_31,TGGCTGGTCGCTGATA-1,CSF,-0.07877565484477865
MS,CSF_31,TGGGAAGAGTGAACGC-1,CSF,-0.06094006644631098
MS,CSF_31,TTAACTCCACACGCTG-1,CSF,0.7806926009074714
MS,CSF_31,TTAACTCGTTCCAACA-1,CSF,-0.29997119987097626
MS,CSF_31,TTAGTTCCATACCATG-1,CSF,-0.1290378689496964
MS,CSF_31,TTATGCTAGAAACGCC-1,CSF,-0.29997119987097626
MS,CSF_31,TTCCCAGTCCAGTATG-1,CSF,-0.13339919418055196
MS,CSF_31,TTCGAAGTCTCAACTT-1,CSF,0.1893151933045136
MS,CSF_31,TTCGAAGTCTTATCTG-1,CSF,-0.29997119987097626
MS,CSF_31,TTCTCAAGTGTGACGA-1,CSF,-0.1688509642945097
MS,CSF_31,TTCTCAATCTACTTAC-1,CSF,0.06563156208747879
MS,CSF_31,TTCTCAATCTGAAAGA-1,CSF,-0.11814763823379738
MS,CSF_31,TTCTCCTAGATCTGAA-1,CSF,-0.29997119987097626
MS,CSF_31,TTCTCCTAGGTGATTA-1,CSF,-0.12778921875655572
MS,CSF_31,TTGACTTGTATGGTTC-1,CSF,-0.09764006296613566
MS,CSF_31,TTGCGTCAGTGCTGCC-1,CSF,-0.29997119987097626
MS,CSF_31,TTGGAACGTAAGGGAA-1,CSF,0.01454416144678423
MS,CSF_31,TTGGAACTCACTCCTG-1,CSF,-0.0036414579894633115
MS,CSF_31,TTGGCAATCACGGTTA-1,CSF,-0.12848464705027543
MS,CSF_31,TTGTAGGTCTGCAGTA-1,CSF,0.5371285657070459
MS,CSF_31,TTTATGCCACTTCTGC-1,CSF,0.009218678103954112
HC,CSF_32,AAATGCCGTCGGATCC-1,CSF,-0.29997119987097626
HC,CSF_32,AACCATGGTTGGTGGA-1,CSF,0.19852639721106277
HC,CSF_32,AACCGCGCAGGTTTCA-1,CSF,0.41733870943071816
HC,CSF_32,AACTCAGAGGTTCCTA-1,CSF,1.0358678085775395
HC,CSF_32,AACTCTTTCTGATACG-1,CSF,-0.29997119987097626
HC,CSF_32,AACTGGTCATTGTGCA-1,CSF,0.18345789187000042
HC,CSF_32,AAGACCTTCTGCAGTA-1,CSF,-0.13650250963042318
HC,CSF_32,AATCGGTGTTTGTGTG-1,CSF,0.40178098041426974
HC,CSF_32,ACACCCTTCTCGCTTG-1,CSF,1.4346752031426457
HC,CSF_32,ACACCGGTCTGCGGCA-1,CSF,0.299594365021654
HC,CSF_32,ACACTGACACGAAAGC-1,CSF,0.06841523062480934
HC,CSF_32,ACAGCTAGTGCAACTT-1,CSF,0.32404108627521494
HC,CSF_32,ACCAGTAAGTCACGCC-1,CSF,0.058852827934435185
HC,CSF_32,ACGAGCCTCACCTTAT-1,CSF,0.3124241537986779
HC,CSF_32,ACGATGTGTTCTGAAC-1,CSF,0.15247355466158607
HC,CSF_32,ACGCCAGAGTGCAAGC-1,CSF,0.252584648076687
HC,CSF_32,ACGGGCTAGCTAAACA-1,CSF,-0.18317089317087243
HC,CSF_32,ACGGGCTCAATCACAC-1,CSF,-0.01632380415880405
HC,CSF_32,ACGTCAAAGATATGCA-1,CSF,0.4100964917430058
HC,CSF_32,ACTATCTGTCGGATCC-1,CSF,-0.1613436744383716
HC,CSF_32,ACTGCTCAGATGCCAG-1,CSF,0.03870149133957125
HC,CSF_32,ACTGCTCCAGTATCTG-1,CSF,0.21203702736918556
HC,CSF_32,ACTGCTCGTGGCTCCA-1,CSF,-0.29997119987097626
HC,CSF_32,ACTGTCCCACAGCGTC-1,CSF,0.38613545299042457
HC,CSF_32,AGAGCGAAGAAACCTA-1,CSF,0.04448909242139511
HC,CSF_32,AGAGTGGTCTGCCAGG-1,CSF,0.3344851054013428
HC,CSF_32,AGCAGCCTCTTGCATT-1,CSF,0.15145792724351254
HC,CSF_32,AGCCTAAAGGCTACGA-1,CSF,-0.0359854327977638
HC,CSF_32,AGCCTAATCAGCTTAG-1,CSF,-0.1665596209662481
HC,CSF_32,AGCGGTCTCCGAGCCA-1,CSF,-0.1382307967029263
HC,CSF_32,AGCGTATAGACTAAGT-1,CSF,0.6507312323150874
HC,CSF_32,AGCTCCTTCGCCCTTA-1,CSF,0.7769955435426252
HC,CSF_32,AGCTCTCGTCCATCCT-1,CSF,-0.29997119987097626
HC,CSF_32,AGCTCTCGTCGATTGT-1,CSF,-0.29997119987097626
HC,CSF_32,AGCTCTCTCCGAGCCA-1,CSF,0.05151517412817224
HC,CSF_32,AGGCCACCAAACCCAT-1,CSF,-0.10440610983563227
HC,CSF_32,AGGTCCGCAGTGAGTG-1,CSF,-0.10739269350442172
HC,CSF_32,AGTGAGGTCTTCGAGA-1,CSF,-0.0006144378432636012
HC,CSF_32,AGTGTCAAGTCCATAC-1,CSF,0.467685052846048
HC,CSF_32,AGTTGGTGTCTCATCC-1,CSF,-0.01172502341097813
HC,CSF_32,AGTTGGTTCAGAGCTT-1,CSF,0.27663764631322124
HC,CSF_32,ATCGAGTGTCCAGTAT-1,CSF,0.4174837773778094
HC,CSF_32,ATCTGCCCACAGGCCT-1,CSF,-0.29997119987097626
HC,CSF_32,ATTGGACGTAACGTTC-1,CSF,0.7022799905305105
HC,CSF_32,ATTGGACGTAAGAGAG-1,CSF,0.32410027451263984
HC,CSF_32,CAACCAAAGCAGGCTA-1,CSF,0.1961502026302828
HC,CSF_32,CAAGGCCGTGGGTCAA-1,CSF,0.18228930341505048
HC,CSF_32,CAAGTTGAGGTAGCCA-1,CSF,0.3377821769735392
HC,CSF_32,CAAGTTGGTTCCCGAG-1,CSF,-0.06176054278444892
HC,CSF_32,CAAGTTGTCCACTCCA-1,CSF,0.1650510722872157
HC,CSF_32,CACACAAAGTCAAGGC-1,CSF,-0.15916488121180358
HC,CSF_32,CACACAAAGTGAAGAG-1,CSF,0.041754444826986495
HC,CSF_32,CACACCTGTGTAAGTA-1,CSF,0.07731449318759716
HC,CSF_32,CACACCTTCGGTGTTA-1,CSF,-0.042942834644845496
HC,CSF_32,CACACTCCAACGATGG-1,CSF,-0.12994170734803506
HC,CSF_32,CACATAGCACTAAGTC-1,CSF,-0.29997119987097626
HC,CSF_32,CACATAGTCTCTTATG-1,CSF,0.19957405595213212
HC,CSF_32,CACATTTAGTATGACA-1,CSF,-0.18649156068232012
HC,CSF_32,CACCAGGGTCAATGTC-1,CSF,0.27039248387964904
HC,CSF_32,CACCTTGAGGCACATG-1,CSF,0.4657558653945425
HC,CSF_32,CACCTTGGTGGCTCCA-1,CSF,0.582322675023226
HC,CSF_32,CAGATCAGTTCACGGC-1,CSF,-0.29997119987097626
HC,CSF_32,CAGCAGCCACTGAAGG-1,CSF,0.26741879515170375
HC,CSF_32,CAGCCGACACCAGGTC-1,CSF,0.5723925765732749
HC,CSF_32,CAGTCCTAGACACGAC-1,CSF,-0.12595828016812852
HC,CSF_32,CATCAGAGTGGTCCGT-1,CSF,0.27044638771065976
HC,CSF_32,CATGGCGAGTGAATTG-1,CSF,0.05169083609584603
HC,CSF_32,CCACTACGTCGCTTCT-1,CSF,0.4235337450146815
HC,CSF_32,CCATTCGAGCTAGTTC-1,CSF,0.20875126819871284
HC,CSF_32,CCATTCGGTATTACCG-1,CSF,-0.02007990125473763
HC,CSF_32,CCCAGTTAGTACGACG-1,CSF,-0.05795137473995896
HC,CSF_32,CCGGTAGAGAGGTTGC-1,CSF,0.17453145362174197
HC,CSF_32,CCGTACTAGCCTATGT-1,CSF,0.2542840418691802
HC,CSF_32,CCTCAGTGTTCTCATT-1,CSF,-0.29997119987097626
HC,CSF_32,CCTTACGTCTATCGCC-1,CSF,0.7412773061715902
HC,CSF_32,CCTTCCCAGTACGATA-1,CSF,-0.13571219663491269
HC,CSF_32,CCTTTCTGTGCACTTA-1,CSF,0.507897321913919
HC,CSF_32,CGAACATAGCACACAG-1,CSF,-0.15166118948970903
HC,CSF_32,CGAACATCATCCAACA-1,CSF,0.22142279682090057
HC,CSF_32,CGAACATGTTGGACCC-1,CSF,0.19421578080920648
HC,CSF_32,CGAGCCAAGGACACCA-1,CSF,-0.010798725858905385
HC,CSF_32,CGAGCCACAATAACGA-1,CSF,0.4205318498939589
HC,CSF_32,CGATGGCAGCTTTGGT-1,CSF,0.3408711079761009
HC,CSF_32,CGATGGCCACCGATAT-1,CSF,0.7153587710982575
HC,CSF_32,CGATGTACACGGTAAG-1,CSF,0.015516280474961215
HC,CSF_32,CGATTGAAGGGTATCG-1,CSF,0.6189161563760296
HC,CSF_32,CGATTGAGTCCTAGCG-1,CSF,-0.2055316143873929
HC,CSF_32,CGCGTTTTCAAGCCTA-1,CSF,-0.29997119987097626
HC,CSF_32,CGCTTCAGTTGAGTTC-1,CSF,-0.1556538173240139
HC,CSF_32,CGGACACCACGCCAGT-1,CSF,1.0118931584236182
HC,CSF_32,CGGACACGTTGTCGCG-1,CSF,0.0902871942067766
HC,CSF_32,CGGAGCTGTCCTCCAT-1,CSF,0.670133210513641
HC,CSF_32,CGGCTAGTCGCCAAAT-1,CSF,0.11840154330419317
HC,CSF_32,CGTAGCGGTGTCCTCT-1,CSF,-0.05732899808356489
HC,CSF_32,CGTCAGGCACCTGGTG-1,CSF,0.030978847332387
HC,CSF_32,CGTTAGAGTACAGTGG-1,CSF,-0.10617856004171546
HC,CSF_32,CGTTGGGGTCTGCAAT-1,CSF,-0.0294696101368545
HC,CSF_32,CTAACTTCAAACTGCT-1,CSF,0.17919623741853274
HC,CSF_32,CTAACTTGTTCCACTC-1,CSF,0.5011886900239173
HC,CSF_32,CTAATGGAGTGACATA-1,CSF,-0.10960120593854643
HC,CSF_32,CTAATGGTCTGGTTCC-1,CSF,0.21469749607764949
HC,CSF_32,CTACACCGTTGATTGC-1,CSF,0.09849669747503471
HC,CSF_32,CTACCCATCGCGTAGC-1,CSF,1.5610932585102002
HC,CSF_32,CTAGTGAGTTGAGGTG-1,CSF,-0.29997119987097626
HC,CSF_32,CTAGTGATCTGTCAAG-1,CSF,0.3209268108511649
HC,CSF_32,CTCACACGTTTGTTTC-1,CSF,-0.15147225815165838
HC,CSF_32,CTCAGAACAAGCTGAG-1,CSF,-0.019013821424641558
HC,CSF_32,CTCGAAATCGTCACGG-1,CSF,0.06080433531483208
HC,CSF_32,CTCGTACCAAGAGGCT-1,CSF,0.15959214979569047
HC,CSF_32,CTCGTACCACTCGACG-1,CSF,0.35388136312050417
HC,CSF_32,CTCTAATTCAACCAAC-1,CSF,0.005588763058114351
HC,CSF_32,CTGAAACCAGCTTCGG-1,CSF,-0.29997119987097626
HC,CSF_32,CTGAAACTCGGTTCGG-1,CSF,-0.29997119987097626
HC,CSF_32,CTGTGCTAGCGATATA-1,CSF,-0.29997119987097626
HC,CSF_32,CTGTTTAAGGAGTTTA-1,CSF,0.13757357683746135
HC,CSF_32,CTGTTTATCACTCTTA-1,CSF,0.2781740828294785
HC,CSF_32,CTTAACTAGCTGAACG-1,CSF,-0.29997119987097626
HC,CSF_32,CTTAGGAAGCACACAG-1,CSF,0.9063633477473994
HC,CSF_32,CTTCTCTCACTTGGAT-1,CSF,-0.07098673886845186
HC,CSF_32,CTTGGCTCATCCTAGA-1,CSF,-0.29997119987097626
HC,CSF_32,GAAATGATCTCTGCTG-1,CSF,0.04796201761859683
HC,CSF_32,GAATGAATCTTACCGC-1,CSF,0.02937689405254575
HC,CSF_32,GACAGAGCAGGCTCAC-1,CSF,-0.11567228777573883
HC,CSF_32,GACCAATCATTGAGCT-1,CSF,0.10915991243982466
HC,CSF_32,GACCAATGTAAGGGCT-1,CSF,-0.29997119987097626
HC,CSF_32,GACGTGCAGCCGATTT-1,CSF,-0.29997119987097626
HC,CSF_32,GACTAACAGATGTCGG-1,CSF,-0.16041623487811815
HC,CSF_32,GAGGTGATCTAAGCCA-1,CSF,0.024935722269090004
HC,CSF_32,GAGTCCGCATCGATGT-1,CSF,0.2964409817054237
HC,CSF_32,GAGTCCGGTCGCATAT-1,CSF,0.3477854849295032
HC,CSF_32,GATGCTAAGACTGTAA-1,CSF,-0.29997119987097626
HC,CSF_32,GCACATAGTACCTACA-1,CSF,0.19837525655450808
HC,CSF_32,GCAGCCAAGTCACGCC-1,CSF,-0.13990313606282043
HC,CSF_32,GCAGCCAGTCTAGCCG-1,CSF,0.35011073227761136
HC,CSF_32,GCATGCGTCATCGGAT-1,CSF,-0.29997119987097626
HC,CSF_32,GCATGTACAGTCGATT-1,CSF,-0.016229443014965383
HC,CSF_32,GCATGTAGTTACCAGT-1,CSF,-0.14279705148997388
HC,CSF_32,GCGAGAATCTTAGCCC-1,CSF,0.3728347337811977
HC,CSF_32,GCGCAACAGCCAGGAT-1,CSF,0.7238130805289222
HC,CSF_32,GCGCCAATCGTACGGC-1,CSF,-0.17536818923560474
HC,CSF_32,GCGCGATCACACGCTG-1,CSF,0.5033906427605678
HC,CSF_32,GCGGGTTTCCTATGTT-1,CSF,0.12190436091732695
HC,CSF_32,GCTCCTAAGGGAAACA-1,CSF,-0.139386416990313
HC,CSF_32,GCTTCCACACTGAAGG-1,CSF,-0.08046551631145316
HC,CSF_32,GCTTCCAGTGAGTATA-1,CSF,0.32860758862271694
HC,CSF_32,GGAATAACAGCGTCCA-1,CSF,0.3435548354461691
HC,CSF_32,GGACAAGGTCTTCTCG-1,CSF,0.7658051138247971
HC,CSF_32,GGACGTCCAAAGTGCG-1,CSF,-0.29997119987097626
HC,CSF_32,GGACGTCGTGGCGAAT-1,CSF,0.18114480292285579
HC,CSF_32,GGATGTTCAAAGGTGC-1,CSF,0.0513912768169767
HC,CSF_32,GGCGACTCATACTCTT-1,CSF,0.04512036882885921
HC,CSF_32,GGCTCGACAAACTGTC-1,CSF,0.42949921553937964
HC,CSF_32,GGGAATGGTCTAGCCG-1,CSF,0.22748512840002105
HC,CSF_32,GGGAGATTCGTATCAG-1,CSF,-0.1473681350432297
HC,CSF_32,GGGTTGCTCTGCGGCA-1,CSF,-0.16698541915532225
HC,CSF_32,GGTGTTAAGTACGCCC-1,CSF,-0.0413136387910399
HC,CSF_32,GTAACGTGTTCGGCAC-1,CSF,0.37486196497331525
HC,CSF_32,GTACTTTCAGGATTGG-1,CSF,-0.29997119987097626
HC,CSF_32,GTAGTCACAGCGTAAG-1,CSF,-0.29997119987097626
HC,CSF_32,GTATCTTGTTACGTCA-1,CSF,0.15336453441117964
HC,CSF_32,GTATCTTTCTTTAGGG-1,CSF,0.2634665478028771
HC,CSF_32,GTATTCTAGACCCACC-1,CSF,-0.0800134083176944
HC,CSF_32,GTCACAACAGGTTTCA-1,CSF,0.0674691592509878
HC,CSF_32,GTCATTTTCTTGTACT-1,CSF,0.16841831220359554
HC,CSF_32,GTCGTAATCCAGAAGG-1,CSF,-0.18301479041085406
HC,CSF_32,GTCTTCGCACGAAATA-1,CSF,-0.18854022334769857
HC,CSF_32,GTGCTTCGTGAGTGAC-1,CSF,-0.29997119987097626
HC,CSF_32,GTGCTTCTCGAGGTAG-1,CSF,0.4097815507268647
HC,CSF_32,GTGTTAGAGACGCACA-1,CSF,-0.15283446658825145
HC,CSF_32,TAAACCGGTTAAGAAC-1,CSF,0.28962430693607794
HC,CSF_32,TACACGACATGGGACA-1,CSF,-0.29997119987097626
HC,CSF_32,TACCTATGTGAAATCA-1,CSF,-0.29997119987097626
HC,CSF_32,TACCTTATCACGCATA-1,CSF,0.006389927336277175
HC,CSF_32,TACCTTATCGGACAAG-1,CSF,0.19761360681996015
HC,CSF_32,TACTTACCATTCTTAC-1,CSF,0.24237167018727637
HC,CSF_32,TAGAGCTAGAAGGTGA-1,CSF,0.3823148297325268
HC,CSF_32,TAGAGCTAGTGAAGAG-1,CSF,0.5924689992894672
HC,CSF_32,TATCAGGGTCAGGACA-1,CSF,0.11433258680031291
HC,CSF_32,TATCTCAGTGCGCTTG-1,CSF,0.4205682692584131
HC,CSF_32,TCAACGAGTCTTGCGG-1,CSF,-0.12786901451964353
HC,CSF_32,TCACGAAGTTAGAACA-1,CSF,-0.29997119987097626
HC,CSF_32,TCAGGATGTCGCTTCT-1,CSF,-0.29997119987097626
HC,CSF_32,TCGCGTTTCAGCTTAG-1,CSF,-0.11029769634251112
HC,CSF_32,TCGGTAAGTGAAATCA-1,CSF,0.01771619698597934
HC,CSF_32,TCTATTGGTGTCTGAT-1,CSF,-0.29997119987097626
HC,CSF_32,TCTCATAAGAATTCCC-1,CSF,-0.043458418515577336
HC,CSF_32,TCTGAGAAGCCGATTT-1,CSF,0.057798290979591216
HC,CSF_32,TGAAAGAGTAACGCGA-1,CSF,-0.29997119987097626
HC,CSF_32,TGAAAGATCGTCTGAA-1,CSF,-0.020081584041685165
HC,CSF_32,TGACGGCAGTACGCGA-1,CSF,-0.060187257578663785
HC,CSF_32,TGACGGCTCTGTTGAG-1,CSF,0.1471319877703578
HC,CSF_32,TGACTTTCAGGGTACA-1,CSF,0.4110754203149906
HC,CSF_32,TGAGAGGCACCAGGCT-1-1,CSF,0.02806025980272721
HC,CSF_32,TGATTTCGTCGCGAAA-1,CSF,-0.1748189911593199
HC,CSF_32,TGATTTCGTTTAGGAA-1,CSF,0.39524169716027024
HC,CSF_32,TGCGCAGGTCGCTTCT-1,CSF,-0.06915924583725393
HC,CSF_32,TGCTGCTCACAAGCCC-1,CSF,-0.059211542076634247
HC,CSF_32,TGGACGCAGGAACTGC-1,CSF,0.06322058200669964
HC,CSF_32,TGGCGCAGTCAATACC-1,CSF,0.31712368018456866
HC,CSF_32,TGGCTGGTCGGCTTGG-1,CSF,0.09196141851793146
HC,CSF_32,TGGGAAGTCATGTAGC-1,CSF,-0.04845594757838488
HC,CSF_32,TGGGCGTAGTTGCAGG-1,CSF,0.272152417607563
HC,CSF_32,TGGGCGTCAGTCCTTC-1,CSF,-0.29997119987097626
HC,CSF_32,TGTGGTAAGCTAAGAT-1,CSF,-0.12028278840036828
HC,CSF_32,TGTGGTATCCCATTTA-1,CSF,-0.16322329512554257
HC,CSF_32,TTCCCAGCAAACTGTC-1,CSF,0.026446871863998078
HC,CSF_32,TTCGGTCCAATGGATA-1,CSF,0.892479195616297
HC,CSF_32,TTCTCCTAGTTAACGA-1,CSF,0.5414104367169591
HC,CSF_32,TTCTTAGTCCATGCTC-1,CSF,-0.29997119987097626
HC,CSF_32,TTGCGTCCACCGTTGG-1,CSF,0.3240692425246304
HC,CSF_32,TTGGAACAGCTAGTCT-1,CSF,0.49934868671319876
HC,CSF_32,TTGGCAAAGTGTGGCA-1,CSF,-0.29997119987097626
HC,CSF_32,TTGGCAACAAGTTAAG-1,CSF,0.23574148602004627
HC,CSF_32,TTGTAGGAGAGCTGCA-1,CSF,0.30838390573150287
HC,CSF_32,TTGTAGGGTCTAGCCG-1,CSF,-0.17134550257362638
HC,CSF_32,TTTACTGTCCAATGGT-1,CSF,-0.15005067875619696
HC,CSF_32,TTTCCTCTCTCGTTTA-1,CSF,0.08135439364072385
MS,MS19270_CSF,GSM4104122_AAACCTGAGTGGGCTA-1,CSF,0.07795457785586594
MS,MS19270_CSF,GSM4104122_AAACGGGCAGCTTCGG-1,CSF,0.03700347978519906
MS,MS19270_CSF,GSM4104122_AAACGGGGTCACCTAA-1,CSF,-0.21310427425209036
MS,MS19270_CSF,GSM4104122_AAACGGGGTGTGAAAT-1,CSF,-0.1330417365577724
MS,MS19270_CSF,GSM4104122_AAAGATGGTAGGACAC-1,CSF,0.1495664732859821
MS,MS19270_CSF,GSM4104122_AAAGATGTCCCTGACT-1,CSF,0.13377705943150703
MS,MS19270_CSF,GSM4104122_AAAGATGTCTTGAGGT-1,CSF,-0.22322082660586304
MS,MS19270_CSF,GSM4104122_AAAGTAGAGACTCGGA-1,CSF,-0.29997119987097626
MS,MS19270_CSF,GSM4104122_AAAGTAGAGCCAGTTT-1,CSF,0.6059091737672576
MS,MS19270_CSF,GSM4104122_AAAGTAGCATTACGAC-1,CSF,0.3595926792796105
MS,MS19270_CSF,GSM4104122_AAAGTAGGTAGCAAAT-1,CSF,-0.29997119987097626
MS,MS19270_CSF,GSM4104122_AACCATGGTCCGTTAA-1,CSF,0.29090821742679596
MS,MS19270_CSF,GSM4104122_AACTCAGCATCACAAC-1,CSF,0.03978799585018833
MS,MS19270_CSF,GSM4104122_AACTCCCAGCCATCGC-1,CSF,-0.29997119987097626
MS,MS19270_CSF,GSM4104122_AACTCCCGTCTTCGTC-1,CSF,-0.13697490727806172
MS,MS19270_CSF,GSM4104122_AACTCTTCACATTAGC-1,CSF,-0.29997119987097626
MS,MS19270_CSF,GSM4104122_AACTCTTGTTCCCGAG-1,CSF,-0.29997119987097626
MS,MS19270_CSF,GSM4104122_AAGACCTGTCCATCCT-1,CSF,0.08061643713470547
MS,MS19270_CSF,GSM4104122_AAGGCAGAGCTCTCGG-1,CSF,1.0267042973270435
MS,MS19270_CSF,GSM4104122_AAGGCAGGTCCAGTGC-1,CSF,-0.29997119987097626
MS,MS19270_CSF,GSM4104122_AAGGTTCGTAAGTGTA-1,CSF,0.20703198147544608
MS,MS19270_CSF,GSM4104122_AAGGTTCTCTTGCAAG-1,CSF,0.2572601024426602
MS,MS19270_CSF,GSM4104122_AAGTCTGGTGCAACTT-1,CSF,0.25891002346903813
MS,MS19270_CSF,GSM4104122_AATCGGTGTTCGGGCT-1,CSF,0.11805113735492319
MS,MS19270_CSF,GSM4104122_ACACCCTTCAGTACGT-1,CSF,-0.021288866433425525
MS,MS19270_CSF,GSM4104122_ACACCGGAGGTGACCA-1,CSF,-0.23858852742757639
MS,MS19270_CSF,GSM4104122_ACACCGGCAGATAATG-1,CSF,0.024247320620902974
MS,MS19270_CSF,GSM4104122_ACAGCCGGTATCTGCA-1,CSF,0.053288841344615055
MS,MS19270_CSF,GSM4104122_ACAGCTACAGGACCCT-1,CSF,-0.29997119987097626
MS,MS19270_CSF,GSM4104122_ACATACGCACTTAACG-1,CSF,0.33867075943751823
MS,MS19270_CSF,GSM4104122_ACATCAGCACTGTCGG-1,CSF,-0.29997119987097626
MS,MS19270_CSF,GSM4104122_ACATCAGGTGGTTTCA-1,CSF,0.6184633251166708
MS,MS19270_CSF,GSM4104122_ACATCAGTCGGCTACG-1,CSF,0.5218877457747176
MS,MS19270_CSF,GSM4104122_ACATGGTCATCCTAGA-1,CSF,-0.009557542293112453
MS,MS19270_CSF,GSM4104122_ACCAGTACACCAGTTA-1,CSF,-0.29997119987097626
MS,MS19270_CSF,GSM4104122_ACCCACTCACAACTGT-1,CSF,0.09719962379513858
MS,MS19270_CSF,GSM4104122_ACCCACTCAGACAGGT-1,CSF,0.014952284892936953
MS,MS19270_CSF,GSM4104122_ACCGTAAAGCAGCGTA-1,CSF,0.10762813111094507
MS,MS19270_CSF,GSM4104122_ACCGTAACAGCGAACA-1,CSF,-0.29997119987097626
MS,MS19270_CSF,GSM4104122_ACCTTTATCACCAGGC-1,CSF,0.25343166733606726
MS,MS19270_CSF,GSM4104122_ACGAGCCTCGCCGTGA-1,CSF,-0.29997119987097626
MS,MS19270_CSF,GSM4104122_ACGAGGAGTGATGTGG-1,CSF,-0.29997119987097626
MS,MS19270_CSF,GSM4104122_ACGAGGATCCCTCAGT-1,CSF,-0.0991161689424233
MS,MS19270_CSF,GSM4104122_ACGAGGATCCTATGTT-1,CSF,-0.10392267064010416
MS,MS19270_CSF,GSM4104122_ACGATACCAGTAAGCG-1,CSF,-0.07269805169012833
MS,MS19270_CSF,GSM4104122_ACGATACGTCCGAGTC-1,CSF,0.018125229153084406
MS,MS19270_CSF,GSM4104122_ACGATACTCGACCAGC-1,CSF,0.10659961293981428
MS,MS19270_CSF,GSM4104122_ACGATGTCATTAGGCT-1,CSF,-0.15655692552832484
MS,MS19270_CSF,GSM4104122_ACGATGTGTCAGAATA-1,CSF,-0.29997119987097626
MS,MS19270_CSF,GSM4104122_ACGCAGCCAAACTGCT-1,CSF,0.31944753092968803
MS,MS19270_CSF,GSM4104122_ACGCAGCGTTATCCGA-1,CSF,-0.13857824518409945
MS,MS19270_CSF,GSM4104122_ACGCCAGCACACCGAC-1,CSF,0.012094803816630766
MS,MS19270_CSF,GSM4104122_ACGCCGACACCATGTA-1,CSF,-0.20633681115261732
MS,MS19270_CSF,GSM4104122_ACGGCCATCTCGTTTA-1,CSF,0.3002197352548773
MS,MS19270_CSF,GSM4104122_ACGGGTCCACCGAAAG-1,CSF,-0.01653613946950616
MS,MS19270_CSF,GSM4104122_ACGGGTCGTAGCTCCG-1,CSF,0.03259032425496787
MS,MS19270_CSF,GSM4104122_ACGTCAATCCTCTAGC-1,CSF,0.22396811451697443
MS,MS19270_CSF,GSM4104122_ACTGATGCATACAGCT-1,CSF,-0.04348441408028913
MS,MS19270_CSF,GSM4104122_ACTGCTCCAGTGGAGT-1,CSF,-0.29997119987097626
MS,MS19270_CSF,GSM4104122_ACTGCTCGTTGAACTC-1,CSF,-0.0813876519198691
MS,MS19270_CSF,GSM4104122_ACTGCTCTCATCGATG-1,CSF,-0.07413336112789981
MS,MS19270_CSF,GSM4104122_ACTGTCCGTGTCAATC-1,CSF,0.0057344808126099656
MS,MS19270_CSF,GSM4104122_ACTTACTAGCTCCTCT-1,CSF,-0.07801982087718409
MS,MS19270_CSF,GSM4104122_ACTTACTAGTCCATAC-1,CSF,-0.29997119987097626
MS,MS19270_CSF,GSM4104122_ACTTGTTCACGTTGGC-1,CSF,0.4787898068631734
MS,MS19270_CSF,GSM4104122_ACTTTCAAGTACGCGA-1,CSF,0.35412687076158583
MS,MS19270_CSF,GSM4104122_AGACGTTGTATCTGCA-1,CSF,-0.1664331354203273
MS,MS19270_CSF,GSM4104122_AGAGCTTTCACATACG-1,CSF,-0.29997119987097626
MS,MS19270_CSF,GSM4104122_AGATTGCAGGCTAGGT-1,CSF,0.0424834476338508
MS,MS19270_CSF,GSM4104122_AGATTGCCACGGTAAG-1,CSF,-0.01002172442956638
MS,MS19270_CSF,GSM4104122_AGATTGCTCCTATTCA-1,CSF,-0.008009633415007492
MS,MS19270_CSF,GSM4104122_AGCAGCCAGACAGACC-1,CSF,-0.29997119987097626
MS,MS19270_CSF,GSM4104122_AGCATACTCCAAACAC-1,CSF,0.06659424369884369
MS,MS19270_CSF,GSM4104122_AGCCTAAGTATGCTTG-1,CSF,-0.29997119987097626
MS,MS19270_CSF,GSM4104122_AGCGGTCTCGGAGGTA-1,CSF,0.15611954043836515
MS,MS19270_CSF,GSM4104122_AGCGTATCAGCGTTCG-1,CSF,-0.29997119987097626
MS,MS19270_CSF,GSM4104122_AGCTCCTGTGCACTTA-1,CSF,-0.29997119987097626
MS,MS19270_CSF,GSM4104122_AGCTCCTTCGGTCCGA-1,CSF,-0.29997119987097626
MS,MS19270_CSF,GSM4104122_AGCTCTCAGCGACGTA-1,CSF,-0.29997119987097626
MS,MS19270_CSF,GSM4104122_AGCTTGAAGGCTAGCA-1,CSF,0.06854336496995152
MS,MS19270_CSF,GSM4104122_AGGGATGCACAGACAG-1,CSF,-0.29997119987097626
MS,MS19270_CSF,GSM4104122_AGGGATGGTCTCTTTA-1,CSF,-0.29997119987097626
MS,MS19270_CSF,GSM4104122_AGGTCATGTTCAACCA-1,CSF,-0.14007929997678928
MS,MS19270_CSF,GSM4104122_AGGTCATGTTCCTCCA-1,CSF,0.17528443051254564
MS,MS19270_CSF,GSM4104122_AGGTCCGTCATTTGGG-1,CSF,0.2293268754824634
MS,MS19270_CSF,GSM4104122_AGTCTTTGTGGCAAAC-1,CSF,-0.1450212427845768
MS,MS19270_CSF,GSM4104122_AGTCTTTGTTAAGGGC-1,CSF,-0.1824173595159537
MS,MS19270_CSF,GSM4104122_AGTGTCAAGCTCAACT-1,CSF,-0.29997119987097626
MS,MS19270_CSF,GSM4104122_ATAGACCCACCATGTA-1,CSF,-0.1663909188769242
MS,MS19270_CSF,GSM4104122_ATCACGAGTCCTCCAT-1,CSF,-0.29997119987097626
MS,MS19270_CSF,GSM4104122_ATCATGGTCATAGCAC-1,CSF,0.3730224761686631
MS,MS19270_CSF,GSM4104122_ATCTACTCAGCTATTG-1,CSF,-0.0953414491148854
MS,MS19270_CSF,GSM4104122_ATGAGGGGTCGGGTCT-1,CSF,0.05206429441143982
MS,MS19270_CSF,GSM4104122_ATGAGGGGTTACCGAT-1,CSF,0.04295745826617942
MS,MS19270_CSF,GSM4104122_ATGGGAGGTACGAAAT-1,CSF,-0.06272173254875614
MS,MS19270_CSF,GSM4104122_ATGGGAGGTTCAACCA-1,CSF,0.054695576954649404
MS,MS19270_CSF,GSM4104122_ATTACTCCACATTAGC-1,CSF,0.3054277747865965
MS,MS19270_CSF,GSM4104122_ATTACTCCAGTTTACG-1,CSF,-0.1982553727901048
MS,MS19270_CSF,GSM4104122_ATTATCCCACTCGACG-1,CSF,-0.29997119987097626
MS,MS19270_CSF,GSM4104122_ATTATCCGTACTTCTT-1,CSF,0.30615652468211507
MS,MS19270_CSF,GSM4104122_ATTCTACAGGCATTGG-1,CSF,0.23943432365927006
MS,MS19270_CSF,GSM4104122_ATTGGACAGATAGCAT-1,CSF,-0.29997119987097626
MS,MS19270_CSF,GSM4104122_ATTGGTGGTTAAGATG-1,CSF,0.35608937157275894
MS,MS19270_CSF,GSM4104122_ATTTCTGTCACATAGC-1,CSF,0.5206348731355906
MS,MS19270_CSF,GSM4104122_CAACCAACATGATCCA-1,CSF,-0.29997119987097626
MS,MS19270_CSF,GSM4104122_CAACCTCCATGTAAGA-1,CSF,0.8992923829235716
MS,MS19270_CSF,GSM4104122_CAACTAGGTTCCCGAG-1,CSF,-0.29997119987097626
MS,MS19270_CSF,GSM4104122_CAAGATCGTTCCGTCT-1,CSF,0.3334113791177079
MS,MS19270_CSF,GSM4104122_CAAGGCCGTTGAGGTG-1,CSF,0.38685333924585
MS,MS19270_CSF,GSM4104122_CAAGTTGAGCTCCCAG-1,CSF,0.21492240693141249
MS,MS19270_CSF,GSM4104122_CACACAAAGCTGAAAT-1,CSF,-0.29997119987097626
MS,MS19270_CSF,GSM4104122_CACACAACAAATTGCC-1,CSF,-0.1313727883768955
MS,MS19270_CSF,GSM4104122_CACACCTAGCGAGAAA-1,CSF,-0.013968315916497295
MS,MS19270_CSF,GSM4104122_CACAGTACAGTCAGCC-1,CSF,-0.29997119987097626
MS,MS19270_CSF,GSM4104122_CACATAGGTCGAAAGC-1,CSF,-0.018968135140907328
MS,MS19270_CSF,GSM4104122_CACATTTCACGAGAGT-1,CSF,-0.29997119987097626
MS,MS19270_CSF,GSM4104122_CACATTTTCCGTCATC-1,CSF,-0.09961115671115402
MS,MS19270_CSF,GSM4104122_CACCAGGAGCTAGTTC-1,CSF,0.044020824041956244
MS,MS19270_CSF,GSM4104122_CACCAGGCAGTGGAGT-1,CSF,0.218327450307862
MS,MS19270_CSF,GSM4104122_CACCAGGGTGATGATA-1,CSF,0.6008669001696277
MS,MS19270_CSF,GSM4104122_CACCAGGTCAAAGACA-1,CSF,0.2982782588991787
MS,MS19270_CSF,GSM4104122_CACCTTGCAACACCTA-1,CSF,0.18813337326987023
MS,MS19270_CSF,GSM4104122_CACCTTGGTGCAGACA-1,CSF,-0.29997119987097626
MS,MS19270_CSF,GSM4104122_CAGAATCAGCTAGGCA-1,CSF,0.24745708914868597
MS,MS19270_CSF,GSM4104122_CAGAGAGTCAACTCTT-1,CSF,-0.0625315766915401
MS,MS19270_CSF,GSM4104122_CAGATCATCCGCAAGC-1,CSF,-0.29997119987097626
MS,MS19270_CSF,GSM4104122_CAGCAGCAGTCTCAAC-1,CSF,0.03364055198948041
MS,MS19270_CSF,GSM4104122_CAGCAGCCACGGTGTC-1,CSF,-0.29997119987097626
MS,MS19270_CSF,GSM4104122_CAGCAGCGTCGGCTCA-1,CSF,-0.29997119987097626
MS,MS19270_CSF,GSM4104122_CAGCCGACATGACGGA-1,CSF,-0.29997119987097626
MS,MS19270_CSF,GSM4104122_CAGCTGGAGTAGCGGT-1,CSF,-0.29997119987097626
MS,MS19270_CSF,GSM4104122_CAGCTGGTCCGAGCCA-1,CSF,0.15058933746267145
MS,MS19270_CSF,GSM4104122_CAGGTGCAGCCACGTC-1,CSF,0.2877918161141168
MS,MS19270_CSF,GSM4104122_CAGTAACCAAGGCTCC-1,CSF,0.18762648300230128
MS,MS19270_CSF,GSM4104122_CAGTCCTAGAGGGATA-1,CSF,-0.14865293846381208
MS,MS19270_CSF,GSM4104122_CAGTCCTAGGCAAAGA-1,CSF,0.07703813938476842
MS,MS19270_CSF,GSM4104122_CAGTCCTCAATTGCTG-1,CSF,0.08024502962789283
MS,MS19270_CSF,GSM4104122_CATATGGGTGTTTGGT-1,CSF,-0.29997119987097626
MS,MS19270_CSF,GSM4104122_CATATTCCAAAGGCGT-1,CSF,0.21952176767804163
MS,MS19270_CSF,GSM4104122_CATCAAGGTGGGTATG-1,CSF,0.22001142907616564
MS,MS19270_CSF,GSM4104122_CATCGAAGTCCGTGAC-1,CSF,0.16570822808878943
MS,MS19270_CSF,GSM4104122_CATGGCGTCCCAACGG-1,CSF,-0.08131710853753756
MS,MS19270_CSF,GSM4104122_CCAATCCCACCACGTG-1,CSF,0.4563527369350758
MS,MS19270_CSF,GSM4104122_CCAATCCGTGCACGAA-1,CSF,0.3989200509115576
MS,MS19270_CSF,GSM4104122_CCAATCCTCACATGCA-1,CSF,-0.29997119987097626
MS,MS19270_CSF,GSM4104122_CCACCTAAGCTATGCT-1,CSF,0.6089192942644532
MS,MS19270_CSF,GSM4104122_CCACGGAAGGCAGTCA-1,CSF,-0.1943756818276024
MS,MS19270_CSF,GSM4104122_CCACGGAGTACACCGC-1,CSF,-0.03609261983115425
MS,MS19270_CSF,GSM4104122_CCAGCGAAGAATGTGT-1,CSF,-0.29997119987097626
MS,MS19270_CSF,GSM4104122_CCATTCGCACAGACTT-1,CSF,0.0031576828569119014
MS,MS19270_CSF,GSM4104122_CCATTCGGTACTCAAC-1,CSF,-0.03750598724770872
MS,MS19270_CSF,GSM4104122_CCCAATCCAGCAGTTT-1,CSF,-0.29997119987097626
MS,MS19270_CSF,GSM4104122_CCCAATCCAGCGTAAG-1,CSF,-0.29997119987097626
MS,MS19270_CSF,GSM4104122_CCCAATCTCGGCTTGG-1,CSF,-0.08877191274683649
MS,MS19270_CSF,GSM4104122_CCCTCCTAGACAATAC-1,CSF,0.4438916460380245
MS,MS19270_CSF,GSM4104122_CCGGGATGTAGGACAC-1,CSF,-0.05988630640104516
MS,MS19270_CSF,GSM4104122_CCGGGATTCAGCAACT-1,CSF,1.0361825623539054
MS,MS19270_CSF,GSM4104122_CCGTACTCACATTAGC-1,CSF,-0.06716722812272316
MS,MS19270_CSF,GSM4104122_CCGTGGACAACTGGCC-1,CSF,-0.19392450863540267
MS,MS19270_CSF,GSM4104122_CCGTGGACACATGTGT-1,CSF,0.12438997985175886
MS,MS19270_CSF,GSM4104122_CCGTGGATCAATCTCT-1,CSF,-0.29997119987097626
MS,MS19270_CSF,GSM4104122_CCGTTCACAGATCCAT-1,CSF,-0.29997119987097626
MS,MS19270_CSF,GSM4104122_CCTACACCAAACCTAC-1,CSF,-0.29997119987097626
MS,MS19270_CSF,GSM4104122_CCTACCACATCTACGA-1,CSF,-0.13799814862226217
MS,MS19270_CSF,GSM4104122_CCTCAGTAGGTGATAT-1,CSF,-0.1772577993818342
MS,MS19270_CSF,GSM4104122_CCTCAGTGTTATGCGT-1,CSF,-0.29997119987097626
MS,MS19270_CSF,GSM4104122_CCTCTGATCAGCTTAG-1,CSF,-0.29997119987097626
MS,MS19270_CSF,GSM4104122_CCTCTGATCCAGAGGA-1,CSF,-0.06268349530219844
MS,MS19270_CSF,GSM4104122_CCTTACGAGACTGGGT-1,CSF,-0.1288295134292675
MS,MS19270_CSF,GSM4104122_CCTTCGAGTCTCCACT-1,CSF,0.283692137163711
MS,MS19270_CSF,GSM4104122_CCTTTCTCAGATTGCT-1,CSF,-0.29997119987097626
MS,MS19270_CSF,GSM4104122_CCTTTCTGTTGTGGCC-1,CSF,-0.29997119987097626
MS,MS19270_CSF,GSM4104122_CGAACATGTCGCCATG-1,CSF,0.04526174660201205
MS,MS19270_CSF,GSM4104122_CGAATGTTCGCAAACT-1,CSF,0.44107381177086413
MS,MS19270_CSF,GSM4104122_CGAGCCACAGCGTAAG-1,CSF,-0.29997119987097626
MS,MS19270_CSF,GSM4104122_CGATGGCAGTACGCCC-1,CSF,0.046069113157841395
MS,MS19270_CSF,GSM4104122_CGATGGCCAGGTCGTC-1,CSF,-0.29997119987097626
MS,MS19270_CSF,GSM4104122_CGATGGCTCTCTAGGA-1,CSF,0.32343139985255337
MS,MS19270_CSF,GSM4104122_CGATGTAAGCTACCGC-1,CSF,-0.16232888737060455
MS,MS19270_CSF,GSM4104122_CGCGGTAGTCTGATCA-1,CSF,-0.06342093317870509
MS,MS19270_CSF,GSM4104122_CGCTATCGTGCAGACA-1,CSF,-0.29997119987097626
MS,MS19270_CSF,GSM4104122_CGCTTCAAGCGTTTAC-1,CSF,0.10216994263502886
MS,MS19270_CSF,GSM4104122_CGCTTCACAAAGTCAA-1,CSF,0.08631111551461
MS,MS19270_CSF,GSM4104122_CGCTTCACATGTCCTC-1,CSF,0.1414592098168618
MS,MS19270_CSF,GSM4104122_CGCTTCATCGCAAGCC-1,CSF,-0.1650882185485749
MS,MS19270_CSF,GSM4104122_CGGACACTCCTTGCCA-1,CSF,0.4075597701523706
MS,MS19270_CSF,GSM4104122_CGGACGTAGCTCAACT-1,CSF,-0.14135737594153783
MS,MS19270_CSF,GSM4104122_CGGACGTAGGCTCAGA-1,CSF,0.7621493617094274
MS,MS19270_CSF,GSM4104122_CGGACGTCAATGCCAT-1,CSF,-0.18695344520063975
MS,MS19270_CSF,GSM4104122_CGGACGTTCGAATCCA-1,CSF,0.42734954421995003
MS,MS19270_CSF,GSM4104122_CGGACTGAGAAGAAGC-1,CSF,0.1951442099885655
MS,MS19270_CSF,GSM4104122_CGGACTGCAAGAAGAG-1,CSF,-0.29997119987097626
MS,MS19270_CSF,GSM4104122_CGGACTGGTACAAGTA-1,CSF,-0.09314350003941674
MS,MS19270_CSF,GSM4104122_CGGACTGGTACAGACG-1,CSF,0.7207824349471549
MS,MS19270_CSF,GSM4104122_CGGAGCTAGGCTAGCA-1,CSF,-0.07442450345474047
MS,MS19270_CSF,GSM4104122_CGGAGCTCATGCCCGA-1,CSF,-0.29997119987097626
MS,MS19270_CSF,GSM4104122_CGGAGTCCAGATCGGA-1,CSF,-0.046759290983595284
MS,MS19270_CSF,GSM4104122_CGGCTAGGTCTACCTC-1,CSF,-0.29997119987097626
MS,MS19270_CSF,GSM4104122_CGGGTCATCTCTTGAT-1,CSF,-0.29997119987097626
MS,MS19270_CSF,GSM4104122_CGGTTAAAGAAACCGC-1,CSF,-0.12855905731512404
MS,MS19270_CSF,GSM4104122_CGTCACTAGATATGGT-1,CSF,0.5546336896049902
MS,MS19270_CSF,GSM4104122_CGTCAGGCAGCTTAAC-1,CSF,-0.29997119987097626
MS,MS19270_CSF,GSM4104122_CGTCCATGTCTCCATC-1,CSF,-0.29997119987097626
MS,MS19270_CSF,GSM4104122_CGTGAGCTCTTAGAGC-1,CSF,-0.29997119987097626
MS,MS19270_CSF,GSM4104122_CGTGTCTCACCTTGTC-1,CSF,-0.18102349864496434
MS,MS19270_CSF,GSM4104122_CGTGTCTTCGTCTGAA-1,CSF,-0.29997119987097626
MS,MS19270_CSF,GSM4104122_CGTTCTGTCCATGAGT-1,CSF,-0.1076026124218127
MS,MS19270_CSF,GSM4104122_CTAACTTAGAGGGCTT-1,CSF,0.33505488813592954
MS,MS19270_CSF,GSM4104122_CTAACTTTCTGATTCT-1,CSF,0.19059621826602
MS,MS19270_CSF,GSM4104122_CTAAGACCAATCCAAC-1,CSF,-0.29997119987097626
MS,MS19270_CSF,GSM4104122_CTAAGACTCAAGGTAA-1,CSF,-0.15605683177750082
MS,MS19270_CSF,GSM4104122_CTAAGACTCGCGGATC-1,CSF,-0.29997119987097626
MS,MS19270_CSF,GSM4104122_CTAATGGGTCAATACC-1,CSF,0.5328858738356129
MS,MS19270_CSF,GSM4104122_CTACACCGTAAGAGGA-1,CSF,0.5448325265848707
MS,MS19270_CSF,GSM4104122_CTACACCGTACAGCAG-1,CSF,-0.2232082214164044
MS,MS19270_CSF,GSM4104122_CTACATTGTAGAGCTG-1,CSF,-0.29997119987097626
MS,MS19270_CSF,GSM4104122_CTACCCAGTATAGGTA-1,CSF,-0.0038607055386192485
MS,MS19270_CSF,GSM4104122_CTACCCAGTTGCTCCT-1,CSF,-0.29997119987097626
MS,MS19270_CSF,GSM4104122_CTAGAGTTCGGTCTAA-1,CSF,-0.1522245963353314
MS,MS19270_CSF,GSM4104122_CTAGCCTGTTCCCTTG-1,CSF,-0.29997119987097626
MS,MS19270_CSF,GSM4104122_CTAGTGACAACACGCC-1,CSF,0.24409944787987772
MS,MS19270_CSF,GSM4104122_CTCACACCAGACGCCT-1,CSF,-0.29997119987097626
MS,MS19270_CSF,GSM4104122_CTCATTAAGTTGTAGA-1,CSF,-0.29997119987097626
MS,MS19270_CSF,GSM4104122_CTCATTACAATAACGA-1,CSF,0.10718555484143646
MS,MS19270_CSF,GSM4104122_CTCATTACAATGTTGC-1,CSF,0.09337217413647769
MS,MS19270_CSF,GSM4104122_CTCCTAGAGCCAGAAC-1,CSF,0.04163457681635215
MS,MS19270_CSF,GSM4104122_CTCGAAAGTACGCACC-1,CSF,-0.29997119987097626
MS,MS19270_CSF,GSM4104122_CTCGGAGAGTCCTCCT-1,CSF,-0.028034717143174674
MS,MS19270_CSF,GSM4104122_CTCGTCACAGACTCGC-1,CSF,0.4205682692584131
MS,MS19270_CSF,GSM4104122_CTCTAATAGGCAATTA-1,CSF,-0.17198109478593945
MS,MS19270_CSF,GSM4104122_CTCTACGAGCAATATG-1,CSF,0.10092682805981323
MS,MS19270_CSF,GSM4104122_CTCTACGCAGACGCAA-1,CSF,-0.01971065614304811
MS,MS19270_CSF,GSM4104122_CTCTACGTCAAGCCTA-1,CSF,-0.29997119987097626
MS,MS19270_CSF,GSM4104122_CTCTACGTCTTGGGTA-1,CSF,-0.29997119987097626
MS,MS19270_CSF,GSM4104122_CTGAAACAGATCCCAT-1,CSF,-0.29997119987097626
MS,MS19270_CSF,GSM4104122_CTGAAACCACAGGTTT-1,CSF,-0.29997119987097626
MS,MS19270_CSF,GSM4104122_CTGAAGTGTTGTGGAG-1,CSF,-0.29997119987097626
MS,MS19270_CSF,GSM4104122_CTGATCCAGCGTTGCC-1,CSF,0.35183017100397906
MS,MS19270_CSF,GSM4104122_CTGCTGTTCTTGTATC-1,CSF,-0.29997119987097626
MS,MS19270_CSF,GSM4104122_CTGTGCTAGGCCGAAT-1,CSF,0.146966676845964
MS,MS19270_CSF,GSM4104122_CTGTGCTGTCAGGACA-1,CSF,0.09443248561246036
MS,MS19270_CSF,GSM4104122_CTGTGCTGTTCCCTTG-1,CSF,-0.29997119987097626
MS,MS19270_CSF,GSM4104122_CTTACCGAGCCCGAAA-1,CSF,-0.29997119987097626
MS,MS19270_CSF,GSM4104122_CTTAGGATCATGTAGC-1,CSF,-0.29997119987097626
MS,MS19270_CSF,GSM4104122_CTTAGGATCGTACGGC-1,CSF,-0.13350607165398148
MS,MS19270_CSF,GSM4104122_CTTCTCTCAGTCGTGC-1,CSF,-0.29997119987097626
MS,MS19270_CSF,GSM4104122_CTTCTCTGTCGACTAT-1,CSF,-0.08753375608718554
MS,MS19270_CSF,GSM4104122_CTTGGCTAGTCCATAC-1,CSF,-0.29997119987097626
MS,MS19270_CSF,GSM4104122_CTTTGCGTCGCAAACT-1,CSF,-0.29997119987097626
MS,MS19270_CSF,GSM4104122_GAAACTCTCAACTCTT-1,CSF,-0.29997119987097626
MS,MS19270_CSF,GSM4104122_GAACCTACACCGAAAG-1,CSF,-0.29997119987097626
MS,MS19270_CSF,GSM4104122_GAACCTAGTAGCGATG-1,CSF,0.04575120713097285
MS,MS19270_CSF,GSM4104122_GAAGCAGTCAGTCAGT-1,CSF,-0.29997119987097626
MS,MS19270_CSF,GSM4104122_GAATGAAAGGGCACTA-1,CSF,0.17645874773614165
MS,MS19270_CSF,GSM4104122_GAATGAATCCTATTCA-1,CSF,-0.29997119987097626
MS,MS19270_CSF,GSM4104122_GACCAATCACATCCAA-1,CSF,-0.29997119987097626
MS,MS19270_CSF,GSM4104122_GACGCGTTCCTTCAAT-1,CSF,-0.09541456547196166
MS,MS19270_CSF,GSM4104122_GACGGCTGTCAGTGGA-1,CSF,0.7905013718452649
MS,MS19270_CSF,GSM4104122_GACGTTACACCCATTC-1,CSF,-0.06169730777332325
MS,MS19270_CSF,GSM4104122_GACTACATCTCGCATC-1,CSF,-0.29997119987097626
MS,MS19270_CSF,GSM4104122_GAGGTGACATTCTTAC-1,CSF,-0.07492167508841126
MS,MS19270_CSF,GSM4104122_GATGAAATCATACGGT-1,CSF,0.4274412258971942
MS,MS19270_CSF,GSM4104122_GATGAGGAGCCCTAAT-1,CSF,-0.14468850968653885
MS,MS19270_CSF,GSM4104122_GATGCTACAGGTCTCG-1,CSF,0.6437934836191345
MS,MS19270_CSF,GSM4104122_GATTCAGCAGCTGCTG-1,CSF,-0.29997119987097626
MS,MS19270_CSF,GSM4104122_GCAAACTGTGTGACGA-1,CSF,-0.15471159845747745
MS,MS19270_CSF,GSM4104122_GCAAACTTCGGTTCGG-1,CSF,-0.29997119987097626
MS,MS19270_CSF,GSM4104122_GCACATAAGTGTACTC-1,CSF,0.11687340598733388
MS,MS19270_CSF,GSM4104122_GCAGCCAAGCAGCGTA-1,CSF,-0.29997119987097626
MS,MS19270_CSF,GSM4104122_GCAGCCAAGTACGCCC-1,CSF,0.30703838835750824
MS,MS19270_CSF,GSM4104122_GCATACAGTCAAGCGA-1,CSF,0.3760547708404029
MS,MS19270_CSF,GSM4104122_GCATGCGCAAGGTGTG-1,CSF,-0.16697924309380557
MS,MS19270_CSF,GSM4104122_GCGCAGTTCAGGTTCA-1,CSF,-0.12066930066254163
MS,MS19270_CSF,GSM4104122_GCGCCAAGTCCTGCTT-1,CSF,-0.29997119987097626
MS,MS19270_CSF,GSM4104122_GCGCCAAGTGCGGTAA-1,CSF,-0.29997119987097626
MS,MS19270_CSF,GSM4104122_GCGCGATCACATAACC-1,CSF,-0.29997119987097626
MS,MS19270_CSF,GSM4104122_GCGCGATGTAACGTTC-1,CSF,0.043238447332272036
MS,MS19270_CSF,GSM4104122_GCTCTGTCACTGTCGG-1,CSF,-0.29997119987097626
MS,MS19270_CSF,GSM4104122_GCTGCAGAGGTGCTTT-1,CSF,0.2303613232363694
MS,MS19270_CSF,GSM4104122_GCTGCGACATTCTTAC-1,CSF,-0.29997119987097626
MS,MS19270_CSF,GSM4104122_GCTGCTTAGTGAAGTT-1,CSF,-0.29997119987097626
MS,MS19270_CSF,GSM4104122_GCTGGGTCACTGCCAG-1,CSF,-0.29997119987097626
MS,MS19270_CSF,GSM4104122_GCTGGGTGTCTCCACT-1,CSF,0.0723799425690302
MS,MS19270_CSF,GSM4104122_GCTGGGTTCCAGAGGA-1,CSF,-0.07915469812586481
MS,MS19270_CSF,GSM4104122_GCTTCCACAATGTTGC-1,CSF,0.7878095143282001
MS,MS19270_CSF,GSM4104122_GCTTCCAGTGGTACAG-1,CSF,-0.29997119987097626
MS,MS19270_CSF,GSM4104122_GGAACTTTCAATCTCT-1,CSF,-0.29997119987097626
MS,MS19270_CSF,GSM4104122_GGAATAATCCTTTCTC-1,CSF,-0.07758512275758515
MS,MS19270_CSF,GSM4104122_GGATTACCAGCTGGCT-1,CSF,-0.29997119987097626
MS,MS19270_CSF,GSM4104122_GGCGACTAGCTTCGCG-1,CSF,-0.1296620455836434
MS,MS19270_CSF,GSM4104122_GGCGACTTCTAGCACA-1,CSF,0.13043399022388696
MS,MS19270_CSF,GSM4104122_GGCGTGTAGAATTGTG-1,CSF,-0.04273939711470394
MS,MS19270_CSF,GSM4104122_GGCGTGTGTGAGCGAT-1,CSF,0.19730846517377584
MS,MS19270_CSF,GSM4104122_GGCGTGTTCACATGCA-1,CSF,0.6825438022779639
MS,MS19270_CSF,GSM4104122_GGCTGGTAGGGAACGG-1,CSF,-0.045960830818957264
MS,MS19270_CSF,GSM4104122_GGCTGGTGTCCGCTGA-1,CSF,-0.29997119987097626
MS,MS19270_CSF,GSM4104122_GGCTGGTGTCTGGTCG-1,CSF,-0.1765921445837829
MS,MS19270_CSF,GSM4104122_GGGAATGCAAGCCTAT-1,CSF,-0.0077922844644903655
MS,MS19270_CSF,GSM4104122_GGGACCTAGGGTCTCC-1,CSF,-0.15630738848623824
MS,MS19270_CSF,GSM4104122_GGGACCTGTCTTGTCC-1,CSF,-0.29997119987097626
MS,MS19270_CSF,GSM4104122_GGGATGAAGTTTGCGT-1,CSF,-0.29997119987097626
MS,MS19270_CSF,GSM4104122_GGGATGAGTATCTGCA-1,CSF,-0.02238513354785183
MS,MS19270_CSF,GSM4104122_GGGCACTCAAAGGTGC-1,CSF,0.23421442609677018
MS,MS19270_CSF,GSM4104122_GGGCACTTCAACGGGA-1,CSF,-0.06509282623295506
MS,MS19270_CSF,GSM4104122_GGGCATCAGAGTCTGG-1,CSF,-0.29997119987097626
MS,MS19270_CSF,GSM4104122_GGGTCTGTCTGCTGTC-1,CSF,-0.08035155881636255
MS,MS19270_CSF,GSM4104122_GGGTTGCAGCGATATA-1,CSF,-0.03581036632503858
MS,MS19270_CSF,GSM4104122_GGTATTGAGCTACCTA-1,CSF,0.07966067746285481
MS,MS19270_CSF,GSM4104122_GGTATTGGTCACCCAG-1,CSF,-0.29997119987097626
MS,MS19270_CSF,GSM4104122_GGTGAAGTCTGCTGTC-1,CSF,-0.29997119987097626
MS,MS19270_CSF,GSM4104122_GTAACTGGTATAGTAG-1,CSF,-0.29997119987097626
MS,MS19270_CSF,GSM4104122_GTAACTGGTGTCAATC-1,CSF,0.2962696197867043
MS,MS19270_CSF,GSM4104122_GTACGTACAGGTCCAC-1,CSF,0.013716948208391025
MS,MS19270_CSF,GSM4104122_GTACGTATCTCTAGGA-1,CSF,-0.29997119987097626
MS,MS19270_CSF,GSM4104122_GTACTCCAGAGATGAG-1,CSF,-0.29997119987097626
MS,MS19270_CSF,GSM4104122_GTACTTTTCGCAAACT-1,CSF,-0.019322655001771827
MS,MS19270_CSF,GSM4104122_GTAGGCCAGATGGGTC-1,CSF,0.4308211804342479
MS,MS19270_CSF,GSM4104122_GTAGGCCGTTGACGTT-1,CSF,0.3369470460476913
MS,MS19270_CSF,GSM4104122_GTATTCTAGCTGCAAG-1,CSF,-0.048984665538147974
MS,MS19270_CSF,GSM4104122_GTCAAGTGTAGTAGTA-1,CSF,-0.19357066086697294
MS,MS19270_CSF,GSM4104122_GTCACAACAACTGGCC-1,CSF,-0.07086567555777634
MS,MS19270_CSF,GSM4104122_GTCACAATCGGTGTCG-1,CSF,-0.1079199800819703
MS,MS19270_CSF,GSM4104122_GTCACGGTCTACTCAT-1,CSF,0.4642035851209153
MS,MS19270_CSF,GSM4104122_GTCATTTAGAATAGGG-1,CSF,-0.09475420756084706
MS,MS19270_CSF,GSM4104122_GTCCTCACATAGACTC-1,CSF,-0.09385654217221681
MS,MS19270_CSF,GSM4104122_GTGCATAAGGGTTTCT-1,CSF,-0.29997119987097626
MS,MS19270_CSF,GSM4104122_GTGGGTCGTTGTGGAG-1,CSF,-0.12592238884118
MS,MS19270_CSF,GSM4104122_GTGTGCGCAGCCTTTC-1,CSF,-0.06238997440491638
MS,MS19270_CSF,GSM4104122_GTGTGCGGTCTAACGT-1,CSF,-0.16756166027629632
MS,MS19270_CSF,GSM4104122_GTGTTAGAGCCAGTTT-1,CSF,0.45940121837146275
MS,MS19270_CSF,GSM4104122_GTGTTAGGTCAGCTAT-1,CSF,0.1868000399448468
MS,MS19270_CSF,GSM4104122_GTTAAGCTCTGCAAGT-1,CSF,0.037865678983821996
MS,MS19270_CSF,GSM4104122_GTTACAGCATACGCTA-1,CSF,-0.056357164321137285
MS,MS19270_CSF,GSM4104122_GTTACAGTCGCTGATA-1,CSF,-0.29997119987097626
MS,MS19270_CSF,GSM4104122_GTTCATTCACGTCAGC-1,CSF,-0.29997119987097626
MS,MS19270_CSF,GSM4104122_TAAACCGAGAATAGGG-1,CSF,-0.052109036440239044
MS,MS19270_CSF,GSM4104122_TAAACCGCATTACCTT-1,CSF,-0.10958957138093142
MS,MS19270_CSF,GSM4104122_TAAACCGGTGCTCTTC-1,CSF,0.19584127770931578
MS,MS19270_CSF,GSM4104122_TAAGAGACATGCAACT-1,CSF,-0.13242970216118402
MS,MS19270_CSF,GSM4104122_TACCTATAGAGTTGGC-1,CSF,-0.29997119987097626
MS,MS19270_CSF,GSM4104122_TACCTATAGGTTCCTA-1,CSF,0.22284455649786544
MS,MS19270_CSF,GSM4104122_TACCTTAAGAATGTTG-1,CSF,-0.29997119987097626
MS,MS19270_CSF,GSM4104122_TACGGATAGTGCCATT-1,CSF,-0.29997119987097626
MS,MS19270_CSF,GSM4104122_TACGGATCAGCGATCC-1,CSF,-0.29997119987097626
MS,MS19270_CSF,GSM4104122_TACGGATCATCACCCT-1,CSF,0.23786372361238697
MS,MS19270_CSF,GSM4104122_TACTCGCCACTGTCGG-1,CSF,0.09872561703832432
MS,MS19270_CSF,GSM4104122_TACTTACAGGGTCGAT-1,CSF,0.02708922688649421
MS,MS19270_CSF,GSM4104122_TACTTGTAGTGACTCT-1,CSF,-0.29997119987097626
MS,MS19270_CSF,GSM4104122_TAGCCGGGTTTCCACC-1,CSF,-0.04027369036419154
MS,MS19270_CSF,GSM4104122_TAGTGGTGTATAGGTA-1,CSF,0.3657561952550671
MS,MS19270_CSF,GSM4104122_TAGTTGGCACATCCGG-1,CSF,0.7337297891745828
MS,MS19270_CSF,GSM4104122_TATCAGGGTTCATGGT-1,CSF,-0.29997119987097626
MS,MS19270_CSF,GSM4104122_TATCAGGTCAAGGTAA-1,CSF,-0.046432311426267935
MS,MS19270_CSF,GSM4104122_TATGCCCCACGAAACG-1,CSF,-0.29997119987097626
MS,MS19270_CSF,GSM4104122_TATGCCCTCTTGTCAT-1,CSF,0.6617286117510687
MS,MS19270_CSF,GSM4104122_TATTACCCAGGCGATA-1,CSF,-0.29997119987097626
MS,MS19270_CSF,GSM4104122_TCAACGAGTCCAGTTA-1,CSF,1.2603218100228801
MS,MS19270_CSF,GSM4104122_TCAACGATCTCAACTT-1,CSF,-0.22845275963157455
MS,MS19270_CSF,GSM4104122_TCAATCTCATGCAACT-1,CSF,-0.09689007367895829
MS,MS19270_CSF,GSM4104122_TCAATCTTCAGTTTGG-1,CSF,-0.29997119987097626
MS,MS19270_CSF,GSM4104122_TCACAAGAGGTGATTA-1,CSF,-0.29997119987097626
MS,MS19270_CSF,GSM4104122_TCACAAGCACCATCCT-1,CSF,-0.29997119987097626
MS,MS19270_CSF,GSM4104122_TCACGAAAGTACGCCC-1,CSF,-0.29997119987097626
MS,MS19270_CSF,GSM4104122_TCAGATGAGAGTAAGG-1,CSF,-0.29997119987097626
MS,MS19270_CSF,GSM4104122_TCAGGATCAGGCTCAC-1,CSF,-0.29997119987097626
MS,MS19270_CSF,GSM4104122_TCAGGTAAGCGATATA-1,CSF,0.18489798215990158
MS,MS19270_CSF,GSM4104122_TCAGGTAAGTGGACGT-1,CSF,-0.08809941374921203
MS,MS19270_CSF,GSM4104122_TCATTACCAAGCCTAT-1,CSF,-0.29997119987097626
MS,MS19270_CSF,GSM4104122_TCCCGATCACTTAACG-1,CSF,0.2232432909673691
MS,MS19270_CSF,GSM4104122_TCCCGATGTTATCCGA-1,CSF,-0.29997119987097626
MS,MS19270_CSF,GSM4104122_TCGCGTTTCTACTCAT-1,CSF,-0.07135839723591834
MS,MS19270_CSF,GSM4104122_TCGCGTTTCTCATTCA-1,CSF,-0.29997119987097626
MS,MS19270_CSF,GSM4104122_TCGGGACAGACTTGAA-1,CSF,0.21816822444770526
MS,MS19270_CSF,GSM4104122_TCGGGACCACAAGCCC-1,CSF,-0.17130675524089714
MS,MS19270_CSF,GSM4104122_TCGGGACGTTTCCACC-1,CSF,-0.29997119987097626
MS,MS19270_CSF,GSM4104122_TCGGGACTCCGTAGGC-1,CSF,-0.29997119987097626
MS,MS19270_CSF,GSM4104122_TCGGGACTCTGATACG-1,CSF,-0.29997119987097626
MS,MS19270_CSF,GSM4104122_TCTATTGTCAGTTCGA-1,CSF,-0.29997119987097626
MS,MS19270_CSF,GSM4104122_TCTCATAGTTAAAGAC-1,CSF,-0.2008268900412014
MS,MS19270_CSF,GSM4104122_TCTCATATCAGTTTGG-1,CSF,-0.29997119987097626
MS,MS19270_CSF,GSM4104122_TCTGGAACACGGCTAC-1,CSF,-0.13605581257591573
MS,MS19270_CSF,GSM4104122_TCTGGAACAGCTGTTA-1,CSF,-0.29997119987097626
MS,MS19270_CSF,GSM4104122_TCTTCGGCAAGTCTGT-1,CSF,-0.29997119987097626
MS,MS19270_CSF,GSM4104122_TGACAACCACTGTTAG-1,CSF,0.5751017504682487
MS,MS19270_CSF,GSM4104122_TGACAACCATGGAATA-1,CSF,-0.00790298844538827
MS,MS19270_CSF,GSM4104122_TGACGGCAGAAACGAG-1,CSF,-0.008112371970515462
MS,MS19270_CSF,GSM4104122_TGACTTTTCAGGCCCA-1,CSF,-0.29997119987097626
MS,MS19270_CSF,GSM4104122_TGAGCATCACTACAGT-1,CSF,0.04296730055223771
MS,MS19270_CSF,GSM4104122_TGAGCCGCACCGGAAA-1,CSF,-0.29997119987097626
MS,MS19270_CSF,GSM4104122_TGAGGGAGTCGCTTCT-1,CSF,-0.06565729086385412
MS,MS19270_CSF,GSM4104122_TGATTTCAGCAGGCTA-1,CSF,-0.29997119987097626
MS,MS19270_CSF,GSM4104122_TGCCCTACAATCTGCA-1,CSF,-0.05545494949152304
MS,MS19270_CSF,GSM4104122_TGCCCTATCATAAAGG-1,CSF,0.06369820743141283
MS,MS19270_CSF,GSM4104122_TGCGGGTCAAGGCTCC-1,CSF,0.5500426892201693
MS,MS19270_CSF,GSM4104122_TGCGTGGGTCGACTAT-1,CSF,0.038587425715839174
MS,MS19270_CSF,GSM4104122_TGGACGCTCGCAGGCT-1,CSF,0.566660366045622
MS,MS19270_CSF,GSM4104122_TGGCGCAGTTGATTCG-1,CSF,0.07337066777207399
MS,MS19270_CSF,GSM4104122_TGGGAAGAGGGCTCTC-1,CSF,0.04162184208139049
MS,MS19270_CSF,GSM4104122_TGGGAAGGTAAAGGAG-1,CSF,-0.29997119987097626
MS,MS19270_CSF,GSM4104122_TGGGCGTAGGTGCAAC-1,CSF,-0.028312086439373108
MS,MS19270_CSF,GSM4104122_TGGTTCCTCATCGGAT-1,CSF,0.5017580564658101
MS,MS19270_CSF,GSM4104122_TGTATTCAGGGCTTCC-1,CSF,-0.13660197885092565
MS,MS19270_CSF,GSM4104122_TGTGTTTCACCATGTA-1,CSF,-0.29997119987097626
MS,MS19270_CSF,GSM4104122_TGTGTTTGTCGTCTTC-1,CSF,-0.29997119987097626
MS,MS19270_CSF,GSM4104122_TGTGTTTGTTACAGAA-1,CSF,0.08039612933949943
MS,MS19270_CSF,GSM4104122_TGTTCCGCAATCTACG-1,CSF,0.40115710273452976
MS,MS19270_CSF,GSM4104122_TGTTCCGCACATCCGG-1,CSF,-0.29997119987097626
MS,MS19270_CSF,GSM4104122_TTAGGCACACCGATAT-1,CSF,-0.14476367030757187
MS,MS19270_CSF,GSM4104122_TTAGGCAGTGAAGGCT-1,CSF,-0.1267782993718973
MS,MS19270_CSF,GSM4104122_TTAGTTCCAAACTGCT-1,CSF,-0.29997119987097626
MS,MS19270_CSF,GSM4104122_TTCCCAGCACTTAACG-1,CSF,-0.1544028855887272
MS,MS19270_CSF,GSM4104122_TTCGAAGAGCTAGCCC-1,CSF,0.5517910872548123
MS,MS19270_CSF,GSM4104122_TTCGGTCCACTTAAGC-1,CSF,-0.29997119987097626
MS,MS19270_CSF,GSM4104122_TTCGGTCCATAGAAAC-1,CSF,0.3113892676722337
MS,MS19270_CSF,GSM4104122_TTCTACATCTCTGAGA-1,CSF,-0.04566071142199738
MS,MS19270_CSF,GSM4104122_TTCTCCTCACGGTGTC-1,CSF,-0.08884171883307736
MS,MS19270_CSF,GSM4104122_TTCTTAGTCAACGGGA-1,CSF,-0.29997119987097626
MS,MS19270_CSF,GSM4104122_TTCTTAGTCCACTGGG-1,CSF,0.9568639277685843
MS,MS19270_CSF,GSM4104122_TTGAACGGTAGAAGGA-1,CSF,-0.29997119987097626
MS,MS19270_CSF,GSM4104122_TTGAACGTCTGCAGTA-1,CSF,0.22843877820730402
MS,MS19270_CSF,GSM4104122_TTGACTTAGAGTGAGA-1,CSF,-0.29997119987097626
MS,MS19270_CSF,GSM4104122_TTGACTTAGCTTTGGT-1,CSF,0.16466766018048654
MS,MS19270_CSF,GSM4104122_TTGACTTTCGCGATCG-1,CSF,-0.29997119987097626
MS,MS19270_CSF,GSM4104122_TTGGAACGTGTGCGTC-1,CSF,-0.29997119987097626
MS,MS19270_CSF,GSM4104122_TTGTAGGAGGAGTTTA-1,CSF,0.03461403512795177
MS,MS19270_CSF,GSM4104122_TTGTAGGAGTTGAGTA-1,CSF,-0.29997119987097626
MS,MS19270_CSF,GSM4104122_TTGTAGGCAGACGCAA-1,CSF,-0.29997119987097626
MS,MS19270_CSF,GSM4104122_TTTACTGGTCCCGACA-1,CSF,0.5839170057536823
MS,MS19270_CSF,GSM4104122_TTTACTGTCCCATTAT-1,CSF,-0.29997119987097626
MS,MS19270_CSF,GSM4104122_TTTATGCCATTGGGCC-1,CSF,-0.07461249424128094
MS,MS19270_CSF,GSM4104122_TTTATGCGTGCCTGGT-1,CSF,-0.29997119987097626
MS,MS19270_CSF,GSM4104122_TTTGGTTCAAACTGTC-1,CSF,0.1607596529398292
MS,MS19270_CSF,GSM4104122_TTTGGTTCACCGAATT-1,CSF,-0.29997119987097626
MS,MS49131_CSF,GSM4104125_AAACGGGAGTACGTAA-1,CSF,-0.29997119987097626
MS,MS49131_CSF,GSM4104125_AACGTTGTCCTCAATT-1,CSF,1.0831363765372883
MS,MS49131_CSF,GSM4104125_AACTCCCAGAGGTTGC-1,CSF,0.32162038912374935
MS,MS49131_CSF,GSM4104125_AACTCCCCAAAGGTGC-1,CSF,-0.29997119987097626
MS,MS49131_CSF,GSM4104125_AACTCTTAGTCGAGTG-1,CSF,0.223835511946556
MS,MS49131_CSF,GSM4104125_AAGGCAGTCCGCAAGC-1,CSF,-0.18005697186309805
MS,MS49131_CSF,GSM4104125_AAGTCTGAGTTGAGTA-1,CSF,-0.29997119987097626
MS,MS49131_CSF,GSM4104125_AATCCAGCATGCTGGC-1,CSF,-0.13514940450947246
MS,MS49131_CSF,GSM4104125_AATCCAGTCCGCGTTT-1,CSF,-0.19589812617934574
MS,MS49131_CSF,GSM4104125_AATCGGTAGTCCAGGA-1,CSF,-0.29997119987097626
MS,MS49131_CSF,GSM4104125_ACATACGCACTTGGAT-1,CSF,0.02256658317254025
MS,MS49131_CSF,GSM4104125_ACATGGTGTGCATCTA-1,CSF,-0.29997119987097626
MS,MS49131_CSF,GSM4104125_ACCAGTACAAGCGTAG-1,CSF,0.47429649761676046
MS,MS49131_CSF,GSM4104125_ACCCACTCATGGTTGT-1,CSF,0.1863245429893421
MS,MS49131_CSF,GSM4104125_ACTATCTAGTAAGTAC-1,CSF,-0.29997119987097626
MS,MS49131_CSF,GSM4104125_ACTGATGGTTCGCGAC-1,CSF,-0.29997119987097626
MS,MS49131_CSF,GSM4104125_ACTTTCAGTTATCACG-1,CSF,0.9774160510667523
MS,MS49131_CSF,GSM4104125_AGAGTGGGTCTGCCAG-1,CSF,0.16931182485721608
MS,MS49131_CSF,GSM4104125_AGGCCACGTCATATCG-1,CSF,0.41173089653083345
MS,MS49131_CSF,GSM4104125_AGGGAGTGTCAGTGGA-1,CSF,-0.02770044367901749
MS,MS49131_CSF,GSM4104125_AGGGATGAGGGTGTTG-1,CSF,0.380995425606582
MS,MS49131_CSF,GSM4104125_AGGGTGAAGCCGATTT-1,CSF,-0.29997119987097626
MS,MS49131_CSF,GSM4104125_AGGTCCGGTATATGAG-1,CSF,-0.29997119987097626
MS,MS49131_CSF,GSM4104125_AGTAGTCGTTGCTCCT-1,CSF,-0.03450292885972291
MS,MS49131_CSF,GSM4104125_AGTCTTTGTCACAAGG-1,CSF,-0.29997119987097626
MS,MS49131_CSF,GSM4104125_AGTGGGATCACGATGT-1,CSF,0.6292669930475853
MS,MS49131_CSF,GSM4104125_ATCCACCGTCTTCTCG-1,CSF,0.08264347234896495
MS,MS49131_CSF,GSM4104125_ATCTGCCGTAGGCATG-1,CSF,0.24331246812482724
MS,MS49131_CSF,GSM4104125_ATGCGATCATGATCCA-1,CSF,-0.013154325728190799
MS,MS49131_CSF,GSM4104125_ATTCTACGTCATATGC-1,CSF,-0.29997119987097626
MS,MS49131_CSF,GSM4104125_ATTGGTGCAAGTAGTA-1,CSF,0.36956622878497125
MS,MS49131_CSF,GSM4104125_CAACCAACAACTTGAC-1,CSF,0.05972044345895565
MS,MS49131_CSF,GSM4104125_CAAGAAAAGACAAGCC-1,CSF,-0.29997119987097626
MS,MS49131_CSF,GSM4104125_CACACAAGTCACTGGC-1,CSF,-0.09756046767183157
MS,MS49131_CSF,GSM4104125_CACACCTAGAAGCCCA-1,CSF,-0.1281775164228798
MS,MS49131_CSF,GSM4104125_CACATTTCAGCCTTTC-1,CSF,-0.29997119987097626
MS,MS49131_CSF,GSM4104125_CACATTTGTCTAGTCA-1,CSF,0.19902612304426756
MS,MS49131_CSF,GSM4104125_CACCACTGTGGTACAG-1,CSF,0.04113375455805689
MS,MS49131_CSF,GSM4104125_CACCAGGAGCGCTTAT-1,CSF,-0.0759868760457222
MS,MS49131_CSF,GSM4104125_CACTCCATCTCGTTTA-1,CSF,0.08548510432441833
MS,MS49131_CSF,GSM4104125_CAGAATCGTAAGTAGT-1,CSF,-0.29997119987097626
MS,MS49131_CSF,GSM4104125_CAGAGAGAGGAGTCTG-1,CSF,0.06791183314838967
MS,MS49131_CSF,GSM4104125_CAGATCATCGTGACAT-1,CSF,-0.29997119987097626
MS,MS49131_CSF,GSM4104125_CAGTAACTCCTACAGA-1,CSF,-0.29997119987097626
MS,MS49131_CSF,GSM4104125_CATCAGAGTTCACGGC-1,CSF,0.06687698998879367
MS,MS49131_CSF,GSM4104125_CATCGAAAGGCTCATT-1,CSF,-0.29997119987097626
MS,MS49131_CSF,GSM4104125_CATTATCCAAGACGTG-1,CSF,-0.29997119987097626
MS,MS49131_CSF,GSM4104125_CATTCGCAGACCTAGG-1,CSF,0.4611555151555177
MS,MS49131_CSF,GSM4104125_CCACGGATCAACTCTT-1,CSF,0.25801956164224915
MS,MS49131_CSF,GSM4104125_CCATTCGCACTTCTGC-1,CSF,0.019888503800382682
MS,MS49131_CSF,GSM4104125_CCCTCCTTCCGCGGTA-1,CSF,-0.08775002312609773
MS,MS49131_CSF,GSM4104125_CCTCAGTGTATCACCA-1,CSF,0.1760620695469645
MS,MS49131_CSF,GSM4104125_CCTTACGAGGGAGTAA-1,CSF,-0.10778189794775317
MS,MS49131_CSF,GSM4104125_CGAGCACTCCACTCCA-1,CSF,-0.29997119987097626
MS,MS49131_CSF,GSM4104125_CGCGGTAGTGATGTGG-1,CSF,0.29570366075983545
MS,MS49131_CSF,GSM4104125_CGCGTTTCATCTATGG-1,CSF,-0.14552495278844083
MS,MS49131_CSF,GSM4104125_CGGACACGTAAGGATT-1,CSF,0.5640245818587726
MS,MS49131_CSF,GSM4104125_CGGACACTCTGTCAAG-1,CSF,-0.12397434500565051
MS,MS49131_CSF,GSM4104125_CGGAGCTCAAGTAATG-1,CSF,0.5570086694092495
MS,MS49131_CSF,GSM4104125_CGGAGCTTCGTTGCCT-1,CSF,-0.29997119987097626
MS,MS49131_CSF,GSM4104125_CGGCTAGAGTCACGCC-1,CSF,-0.09853557285906327
MS,MS49131_CSF,GSM4104125_CGTCACTTCACGGTTA-1,CSF,0.4539878605746271
MS,MS49131_CSF,GSM4104125_CGTGTAAAGATGGGTC-1,CSF,0.07445259437374553
MS,MS49131_CSF,GSM4104125_CGTTCTGGTATTAGCC-1,CSF,0.4007437646256178
MS,MS49131_CSF,GSM4104125_CTAGCCTCACCGAATT-1,CSF,0.06304999231963561
MS,MS49131_CSF,GSM4104125_CTCAGAAAGAGTAAGG-1,CSF,0.3219035518637198
MS,MS49131_CSF,GSM4104125_CTCAGAAAGCTGCAAG-1,CSF,-0.09650958860625214
MS,MS49131_CSF,GSM4104125_CTCAGAAAGGGATCTG-1,CSF,-0.14132571939413865
MS,MS49131_CSF,GSM4104125_CTCGAGGAGTCAAGGC-1,CSF,-0.1265831545095218
MS,MS49131_CSF,GSM4104125_CTCTACGAGCGTTTAC-1,CSF,0.028181686433385478
MS,MS49131_CSF,GSM4104125_CTGAAACCACGACTCG-1,CSF,0.6060982695385089
MS,MS49131_CSF,GSM4104125_CTGGTCTGTAAGAGAG-1,CSF,-0.29997119987097626
MS,MS49131_CSF,GSM4104125_CTTAACTAGTACATGA-1,CSF,0.3403346225659315
MS,MS49131_CSF,GSM4104125_CTTTGCGTCGCGTTTC-1,CSF,0.10895190213460608
MS,MS49131_CSF,GSM4104125_GAACATCCAAGGACAC-1,CSF,0.01106335369680377
MS,MS49131_CSF,GSM4104125_GAACGGAAGAATGTGT-1,CSF,0.0038109360059512187
MS,MS49131_CSF,GSM4104125_GACAGAGTCTTAGAGC-1,CSF,-0.07606049939346896
MS,MS49131_CSF,GSM4104125_GACGCGTAGGTTACCT-1,CSF,-0.29997119987097626
MS,MS49131_CSF,GSM4104125_GACGTGCCATGCAATC-1,CSF,-0.18163682227524908
MS,MS49131_CSF,GSM4104125_GACGTTACATACTACG-1,CSF,-0.1567061601888335
MS,MS49131_CSF,GSM4104125_GACTAACTCATACGGT-1,CSF,0.43145945363365307
MS,MS49131_CSF,GSM4104125_GAGCAGACATTCCTCG-1,CSF,-0.29997119987097626
MS,MS49131_CSF,GSM4104125_GATCGTAGTCGAAAGC-1,CSF,1.1564530781086155
MS,MS49131_CSF,GSM4104125_GATTCAGCACCACCAG-1,CSF,-0.29997119987097626
MS,MS49131_CSF,GSM4104125_GCAATCAGTCCCTACT-1,CSF,-0.001678329366443457
MS,MS49131_CSF,GSM4104125_GCACATACAAATCCGT-1,CSF,-0.06624072692084271
MS,MS49131_CSF,GSM4104125_GCACTCTTCACATGCA-1,CSF,0.16613938905992523
MS,MS49131_CSF,GSM4104125_GCATACATCAACACAC-1,CSF,-0.17427941169646782
MS,MS49131_CSF,GSM4104125_GCCAAATTCGAGAACG-1,CSF,-0.29997119987097626
MS,MS49131_CSF,GSM4104125_GCGAGAAAGCTAGTCT-1,CSF,-0.29997119987097626
MS,MS49131_CSF,GSM4104125_GCTGCAGGTAGCGCAA-1,CSF,0.06149925344026535
MS,MS49131_CSF,GSM4104125_GGAAAGCGTCCGCTGA-1,CSF,-0.0754935049654171
MS,MS49131_CSF,GSM4104125_GGACAAGGTTGGTTTG-1,CSF,-0.29997119987097626
MS,MS49131_CSF,GSM4104125_GGATGTTAGAAACCTA-1,CSF,-0.29997119987097626
MS,MS49131_CSF,GSM4104125_GGGAATGCACGAGGTA-1,CSF,-0.08471188137255917
MS,MS49131_CSF,GSM4104125_GGGACCTGTGAGGCTA-1,CSF,-0.29997119987097626
MS,MS49131_CSF,GSM4104125_GGTATTGGTGGCTCCA-1,CSF,0.13941628339907258
MS,MS49131_CSF,GSM4104125_GTACGTAAGTTGAGTA-1,CSF,0.08701476813106121
MS,MS49131_CSF,GSM4104125_GTCCTCACACAGCGTC-1,CSF,-0.29997119987097626
MS,MS49131_CSF,GSM4104125_GTGCAGCGTGGCGAAT-1,CSF,-0.29997119987097626
MS,MS49131_CSF,GSM4104125_GTGCATACATCCCACT-1,CSF,0.14383096944875856
MS,MS49131_CSF,GSM4104125_GTGCATATCTACTCAT-1,CSF,0.44444156612205193
MS,MS49131_CSF,GSM4104125_GTGCTTCCAAGTACCT-1,CSF,-0.29997119987097626
MS,MS49131_CSF,GSM4104125_GTGTGCGTCACGAAGG-1,CSF,-0.11880338101347121
MS,MS49131_CSF,GSM4104125_GTTTCTAGTCTAGTGT-1,CSF,-0.29997119987097626
MS,MS49131_CSF,GSM4104125_TAAGAGACAGGACGTA-1,CSF,-0.22018528770397025
MS,MS49131_CSF,GSM4104125_TAAGCGTAGTTCCACA-1,CSF,-0.29997119987097626
MS,MS49131_CSF,GSM4104125_TCAACGAAGGTCGGAT-1,CSF,0.20598437979118264
MS,MS49131_CSF,GSM4104125_TCAATCTAGGTAGCCA-1,CSF,-0.29997119987097626
MS,MS49131_CSF,GSM4104125_TCCACACCAGTTTACG-1,CSF,-0.29997119987097626
MS,MS49131_CSF,GSM4104125_TCGGGACCATGGAATA-1,CSF,0.019514493531451134
MS,MS49131_CSF,GSM4104125_TCGGTAACATAGTAAG-1,CSF,-0.29997119987097626
MS,MS49131_CSF,GSM4104125_TCTATTGTCGTCTGCT-1,CSF,0.2933638696782932
MS,MS49131_CSF,GSM4104125_TGACAACAGTTAGCGG-1,CSF,-0.13764765286144304
MS,MS49131_CSF,GSM4104125_TGACAACTCTGTACGA-1,CSF,-0.29997119987097626
MS,MS49131_CSF,GSM4104125_TGATTTCCAATGGAGC-1,CSF,0.2069652006908312
MS,MS49131_CSF,GSM4104125_TGCACCTTCTACCAGA-1,CSF,-0.14462834935414343
MS,MS49131_CSF,GSM4104125_TGCGTGGCAGTCAGCC-1,CSF,0.17236475048466823
MS,MS49131_CSF,GSM4104125_TGGCCAGAGAGGTACC-1,CSF,-0.29997119987097626
MS,MS49131_CSF,GSM4104125_TGGCGCAAGATATACG-1,CSF,0.17249797673162695
MS,MS49131_CSF,GSM4104125_TGGGAAGCAGCATGAG-1,CSF,0.36097056169935887
MS,MS49131_CSF,GSM4104125_TGGGCGTCATTTCAGG-1,CSF,0.7742789982587116
MS,MS49131_CSF,GSM4104125_TGTATTCGTAGCCTCG-1,CSF,-0.29997119987097626
MS,MS49131_CSF,GSM4104125_TTATGCTGTCGTGGCT-1,CSF,-0.14432669210980426
MS,MS49131_CSF,GSM4104125_TTATGCTGTTGTCTTT-1,CSF,-0.055635882152056115
MS,MS49131_CSF,GSM4104125_TTCCCAGGTAAATGTG-1,CSF,-0.29997119987097626
MS,MS49131_CSF,GSM4104125_TTCGAAGTCCTAGGGC-1,CSF,0.023763463588918073
MS,MS49131_CSF,GSM4104125_TTGACTTGTTGGACCC-1,CSF,-0.1183186301467347
MS,MS49131_CSF,GSM4104125_TTTATGCCAGGTGGAT-1,CSF,0.14755572924052546
MS,MS58637_CSF,GSM4104123_AAACCTGCATGCCTAA-1,CSF,0.3046187533676336
MS,MS58637_CSF,GSM4104123_AAAGATGAGCCACCTG-1,CSF,0.4389035838381125
MS,MS58637_CSF,GSM4104123_AACTGGTGTATTAGCC-1,CSF,-0.14164154648883162
MS,MS58637_CSF,GSM4104123_AATCGGTAGCTAACAA-1,CSF,-0.29997119987097626
MS,MS58637_CSF,GSM4104123_ACACTGACACTCTGTC-1,CSF,-0.29997119987097626
MS,MS58637_CSF,GSM4104123_ACAGCCGAGAGCTTCT-1,CSF,0.14671286355122543
MS,MS58637_CSF,GSM4104123_ACATCAGGTAGCCTCG-1,CSF,-0.29997119987097626
MS,MS58637_CSF,GSM4104123_ACCGTAAGTCTGCAAT-1,CSF,0.022020948224364765
MS,MS58637_CSF,GSM4104123_ACGGAGACAATGAAAC-1,CSF,-0.010726766334284139
MS,MS58637_CSF,GSM4104123_ACGGGCTCAACTGCTA-1,CSF,-0.15532440639428366
MS,MS58637_CSF,GSM4104123_ACGGGCTTCTTGACGA-1,CSF,-0.29997119987097626
MS,MS58637_CSF,GSM4104123_ACTGAACAGCGAAGGG-1,CSF,-0.29997119987097626
MS,MS58637_CSF,GSM4104123_ACTGAACGTTTGGCGC-1,CSF,-0.29997119987097626
MS,MS58637_CSF,GSM4104123_ACTGAGTGTGATGCCC-1,CSF,0.014961221699573955
MS,MS58637_CSF,GSM4104123_ACTTACTCAGGGAGAG-1,CSF,-0.11379655991145318
MS,MS58637_CSF,GSM4104123_ACTTTCACAATAACGA-1,CSF,-0.10857072144503362
MS,MS58637_CSF,GSM4104123_AGACGTTCACCCTATC-1,CSF,-0.29997119987097626
MS,MS58637_CSF,GSM4104123_AGACGTTCAGCCACCA-1,CSF,-0.29997119987097626
MS,MS58637_CSF,GSM4104123_AGAGTGGGTTATTCTC-1,CSF,0.02414361554356773
MS,MS58637_CSF,GSM4104123_AGAGTGGGTTCGCTAA-1,CSF,0.33305200037901256
MS,MS58637_CSF,GSM4104123_AGCAGCCGTGACTACT-1,CSF,-0.29997119987097626
MS,MS58637_CSF,GSM4104123_AGCAGCCGTGTGACGA-1,CSF,0.08605288629937224
MS,MS58637_CSF,GSM4104123_AGCAGCCTCCGTTGTC-1,CSF,-0.29997119987097626
MS,MS58637_CSF,GSM4104123_AGCGTATGTGCTAGCC-1,CSF,0.10629192844920025
MS,MS58637_CSF,GSM4104123_AGGGTGATCTGAAAGA-1,CSF,0.3414086934806231
MS,MS58637_CSF,GSM4104123_AGGTCATGTCCTAGCG-1,CSF,-0.29997119987097626
MS,MS58637_CSF,GSM4104123_AGTAGTCCAAGAGGCT-1,CSF,-0.29997119987097626
MS,MS58637_CSF,GSM4104123_AGTCTTTGTCTTTCAT-1,CSF,0.13415901891289406
MS,MS58637_CSF,GSM4104123_AGTGTCATCCCTCTTT-1,CSF,-0.29997119987097626
MS,MS58637_CSF,GSM4104123_ATAACGCAGCCTATGT-1,CSF,0.37418290679243366
MS,MS58637_CSF,GSM4104123_ATCACGATCCAATGGT-1,CSF,-0.29997119987097626
MS,MS58637_CSF,GSM4104123_ATCATGGGTCGGCTCA-1,CSF,-0.29997119987097626
MS,MS58637_CSF,GSM4104123_ATCCACCCACATCTTT-1,CSF,-0.29997119987097626
MS,MS58637_CSF,GSM4104123_ATGGGAGCACCCATGG-1,CSF,-0.16945488823911722
MS,MS58637_CSF,GSM4104123_ATGTGTGAGATGCGAC-1,CSF,-0.29997119987097626
MS,MS58637_CSF,GSM4104123_ATTATCCAGACGACGT-1,CSF,-0.29997119987097626
MS,MS58637_CSF,GSM4104123_ATTATCCGTGTGCGTC-1,CSF,0.18839760150067358
MS,MS58637_CSF,GSM4104123_ATTGGTGAGGATGGTC-1,CSF,-0.13151955005276833
MS,MS58637_CSF,GSM4104123_ATTTCTGGTCCAACTA-1,CSF,0.5139453535227334
MS,MS58637_CSF,GSM4104123_ATTTCTGTCACTTATC-1,CSF,-0.1353667992073474
MS,MS58637_CSF,GSM4104123_CACACCTTCCTTTCGG-1,CSF,-0.09593842082684689
MS,MS58637_CSF,GSM4104123_CACACTCGTACAGTGG-1,CSF,0.5423247006096096
MS,MS58637_CSF,GSM4104123_CACAGTAGTGATAAAC-1,CSF,-0.29997119987097626
MS,MS58637_CSF,GSM4104123_CACCACTAGAAACGAG-1,CSF,-0.29997119987097626
MS,MS58637_CSF,GSM4104123_CACCACTGTATGCTTG-1,CSF,0.0016308506643853019
MS,MS58637_CSF,GSM4104123_CACCAGGCATGCTGGC-1,CSF,0.6451215366041145
MS,MS58637_CSF,GSM4104123_CACCTTGGTTGGAGGT-1,CSF,0.013040582433694976
MS,MS58637_CSF,GSM4104123_CAGAATCGTAACGACG-1,CSF,-0.29997119987097626
MS,MS58637_CSF,GSM4104123_CAGCAGCAGCAACGGT-1,CSF,-0.29997119987097626
MS,MS58637_CSF,GSM4104123_CAGGTGCCAAGTTAAG-1,CSF,-0.29997119987097626
MS,MS58637_CSF,GSM4104123_CAGTAACCACGCGAAA-1,CSF,0.1666615974546053
MS,MS58637_CSF,GSM4104123_CATATTCCACAGTCGC-1,CSF,-0.29997119987097626
MS,MS58637_CSF,GSM4104123_CATCCACTCACCCGAG-1,CSF,-0.29997119987097626
MS,MS58637_CSF,GSM4104123_CATCGAACAACGATGG-1,CSF,-0.29997119987097626
MS,MS58637_CSF,GSM4104123_CATCGGGGTCGCGGTT-1,CSF,0.012478018619152717
MS,MS58637_CSF,GSM4104123_CATGACATCGGCGGTT-1,CSF,-0.29997119987097626
MS,MS58637_CSF,GSM4104123_CATTATCAGTTTAGGA-1,CSF,0.09762958713853113
MS,MS58637_CSF,GSM4104123_CCACGGATCCCGGATG-1,CSF,-0.29997119987097626
MS,MS58637_CSF,GSM4104123_CCATGTCTCTATGTGG-1,CSF,-0.29997119987097626
MS,MS58637_CSF,GSM4104123_CCTAAAGTCGCGATCG-1,CSF,-0.29997119987097626
MS,MS58637_CSF,GSM4104123_CCTACACAGCCGTCGT-1,CSF,-0.29997119987097626
MS,MS58637_CSF,GSM4104123_CCTACCATCACCACCT-1,CSF,0.18398186345974193
MS,MS58637_CSF,GSM4104123_CGAACATGTCTAGCGC-1,CSF,-0.29997119987097626
MS,MS58637_CSF,GSM4104123_CGCTTCACACCTGGTG-1,CSF,-0.29997119987097626
MS,MS58637_CSF,GSM4104123_CGCTTCATCAGTACGT-1,CSF,-0.29997119987097626
MS,MS58637_CSF,GSM4104123_CGCTTCATCTGCAGTA-1,CSF,-0.29997119987097626
MS,MS58637_CSF,GSM4104123_CGTAGCGAGACAGACC-1,CSF,0.3329157643280664
MS,MS58637_CSF,GSM4104123_CGTAGCGGTTCACCTC-1,CSF,0.32584505114911405
MS,MS58637_CSF,GSM4104123_CGTCACTAGGCGTACA-1,CSF,-0.29997119987097626
MS,MS58637_CSF,GSM4104123_CGTGAGCTCTTATCTG-1,CSF,-0.29997119987097626
MS,MS58637_CSF,GSM4104123_CGTTAGACACGCGAAA-1,CSF,-0.29997119987097626
MS,MS58637_CSF,GSM4104123_CGTTGGGGTGATGCCC-1,CSF,-0.04334686056200066
MS,MS58637_CSF,GSM4104123_CTAATGGGTGCCTGCA-1,CSF,-0.29997119987097626
MS,MS58637_CSF,GSM4104123_CTAATGGTCTTGCAAG-1,CSF,0.07308504862595948
MS,MS58637_CSF,GSM4104123_CTCAGAACACCTGGTG-1,CSF,0.3091331176794872
MS,MS58637_CSF,GSM4104123_CTCGAAAAGGAATCGC-1,CSF,-0.29997119987097626
MS,MS58637_CSF,GSM4104123_CTCGTCACAGTCGATT-1,CSF,-0.29997119987097626
MS,MS58637_CSF,GSM4104123_CTCTAATCAAGGCTCC-1,CSF,-0.29997119987097626
MS,MS58637_CSF,GSM4104123_CTCTACGTCTTACCGC-1,CSF,-0.29997119987097626
MS,MS58637_CSF,GSM4104123_CTGATCCCAGCGTAAG-1,CSF,-0.29997119987097626
MS,MS58637_CSF,GSM4104123_CTGCGGATCTGCGACG-1,CSF,-0.29997119987097626
MS,MS58637_CSF,GSM4104123_CTTAGGACAAGTCTAC-1,CSF,0.3260632084910802
MS,MS58637_CSF,GSM4104123_CTTCTCTCAATAGCGG-1,CSF,-0.29997119987097626
MS,MS58637_CSF,GSM4104123_CTTGGCTGTTCCATGA-1,CSF,-0.29997119987097626
MS,MS58637_CSF,GSM4104123_GAAACTCTCCTAAGTG-1,CSF,0.24249189721035996
MS,MS58637_CSF,GSM4104123_GAAATGATCGAATGGG-1,CSF,-0.03403553091333016
MS,MS58637_CSF,GSM4104123_GAACCTAGTACCGTAT-1,CSF,0.20298983418973449
MS,MS58637_CSF,GSM4104123_GAACCTAGTTTGACAC-1,CSF,0.2017009027001111
MS,MS58637_CSF,GSM4104123_GAACCTATCTCTGTCG-1,CSF,0.18352712923234818
MS,MS58637_CSF,GSM4104123_GACAGAGGTCGCTTCT-1,CSF,0.08766068978627317
MS,MS58637_CSF,GSM4104123_GACCAATAGGTTCCTA-1,CSF,-0.29997119987097626
MS,MS58637_CSF,GSM4104123_GACGCGTCAGGAACGT-1,CSF,0.42025657928278665
MS,MS58637_CSF,GSM4104123_GACGTTAAGAGACGAA-1,CSF,-0.055851541217140754
MS,MS58637_CSF,GSM4104123_GACGTTAAGGCTAGCA-1,CSF,-0.29997119987097626
MS,MS58637_CSF,GSM4104123_GACGTTAGTTCGTGAT-1,CSF,0.2266613458858319
MS,MS58637_CSF,GSM4104123_GATCAGTGTTCGTGAT-1,CSF,0.15289676089498275
MS,MS58637_CSF,GSM4104123_GATCTAGTCTCGTTTA-1,CSF,0.6491160046619584
MS,MS58637_CSF,GSM4104123_GCAAACTGTTCCACTC-1,CSF,0.4233350663355428
MS,MS58637_CSF,GSM4104123_GCAAACTTCTTGAGGT-1,CSF,0.06472304322249424
MS,MS58637_CSF,GSM4104123_GCAATCAGTGTGACCC-1,CSF,-0.29997119987097626
MS,MS58637_CSF,GSM4104123_GCAGTTATCTGTCCGT-1,CSF,0.0022490005596738083
MS,MS58637_CSF,GSM4104123_GCATACAAGAGCTGCA-1,CSF,0.019240170515465005
MS,MS58637_CSF,GSM4104123_GCCAAATGTTTGGCGC-1,CSF,0.5447031532316464
MS,MS58637_CSF,GSM4104123_GCGCGATTCATAAAGG-1,CSF,-0.29997119987097626
MS,MS58637_CSF,GSM4104123_GCGCGATTCTCCAACC-1,CSF,0.15807719663584943
MS,MS58637_CSF,GSM4104123_GCGCGATTCTCCCTGA-1,CSF,0.24723873175755587
MS,MS58637_CSF,GSM4104123_GCGGGTTTCCAGTAGT-1,CSF,-0.29997119987097626
MS,MS58637_CSF,GSM4104123_GCTCTGTCAGTATAAG-1,CSF,-0.020319345299087587
MS,MS58637_CSF,GSM4104123_GCTGCTTCAGGGTATG-1,CSF,0.03667717612691008
MS,MS58637_CSF,GSM4104123_GCTGCTTCATACTCTT-1,CSF,-0.29997119987097626
MS,MS58637_CSF,GSM4104123_GCTGCTTGTTTGGCGC-1,CSF,0.2685082403270826
MS,MS58637_CSF,GSM4104123_GCTGGGTTCAAAGTAG-1,CSF,-0.29997119987097626
MS,MS58637_CSF,GSM4104123_GGAACTTAGCCGGTAA-1,CSF,0.14777253238899896
MS,MS58637_CSF,GSM4104123_GGAATAATCAACGGCC-1,CSF,-0.0013356172355937699
MS,MS58637_CSF,GSM4104123_GGACAAGCAATACGCT-1,CSF,0.10258110663133192
MS,MS58637_CSF,GSM4104123_GGACGTCTCGTTGCCT-1,CSF,0.4580062343751427
MS,MS58637_CSF,GSM4104123_GGATGTTAGGAGCGAG-1,CSF,-0.29997119987097626
MS,MS58637_CSF,GSM4104123_GGCTCGAAGCACGCCT-1,CSF,-0.11805201561522365
MS,MS58637_CSF,GSM4104123_GGGAATGTCTAACCGA-1,CSF,-0.29997119987097626
MS,MS58637_CSF,GSM4104123_GGGATGACAAACAACA-1,CSF,-0.29997119987097626
MS,MS58637_CSF,GSM4104123_GGGCACTGTTCCATGA-1,CSF,-0.13063423327346738
MS,MS58637_CSF,GSM4104123_GGGCATCCAACTGCTA-1,CSF,0.009070175661491835
MS,MS58637_CSF,GSM4104123_GGGCATCCAGACGCAA-1,CSF,-0.038921957212881324
MS,MS58637_CSF,GSM4104123_GGTGCGTAGACCCACC-1,CSF,-0.29997119987097626
MS,MS58637_CSF,GSM4104123_GTAACGTGTTCAGGCC-1,CSF,-0.05029882353238131
MS,MS58637_CSF,GSM4104123_GTAACGTTCAGCGATT-1,CSF,-0.16491131627059832
MS,MS58637_CSF,GSM4104123_GTACTCCTCGGCGCAT-1,CSF,0.1776793157422092
MS,MS58637_CSF,GSM4104123_GTACTTTTCTGTTGAG-1,CSF,-0.29997119987097626
MS,MS58637_CSF,GSM4104123_GTAGTCACACATTAGC-1,CSF,0.22044205141481377
MS,MS58637_CSF,GSM4104123_GTCACAAAGGCGATAC-1,CSF,-0.29997119987097626
MS,MS58637_CSF,GSM4104123_GTCATTTAGTATCTCG-1,CSF,-0.29997119987097626
MS,MS58637_CSF,GSM4104123_GTCGGGTAGAGGTAGA-1,CSF,-0.11831811345015553
MS,MS58637_CSF,GSM4104123_GTCGGGTTCGAGCCCA-1,CSF,-0.29997119987097626
MS,MS58637_CSF,GSM4104123_GTCTCGTAGTCCAGGA-1,CSF,-0.29997119987097626
MS,MS58637_CSF,GSM4104123_GTGTGCGTCCAGAGGA-1,CSF,-0.29997119987097626
MS,MS58637_CSF,GSM4104123_GTTCTCGAGATCTGAA-1,CSF,-0.29997119987097626
MS,MS58637_CSF,GSM4104123_TACACGAGTCTTGATG-1,CSF,-0.29997119987097626
MS,MS58637_CSF,GSM4104123_TACGGTACAATGGATA-1,CSF,-0.2108752360722827
MS,MS58637_CSF,GSM4104123_TACGGTAGTTCGTTGA-1,CSF,0.4131707310650981
MS,MS58637_CSF,GSM4104123_TACTCGCGTCGTCTTC-1,CSF,-0.29997119987097626
MS,MS58637_CSF,GSM4104123_TAGCCGGAGCGTAATA-1,CSF,-0.29997119987097626
MS,MS58637_CSF,GSM4104123_TAGTGGTAGGCAGTCA-1,CSF,0.1166242869575768
MS,MS58637_CSF,GSM4104123_TAGTGGTGTTAAAGTG-1,CSF,-0.011753757263429547
MS,MS58637_CSF,GSM4104123_TATGCCCTCGTCCAGG-1,CSF,-0.02184270351417658
MS,MS58637_CSF,GSM4104123_TCAGATGCATTTCACT-1,CSF,-0.006957862940144146
MS,MS58637_CSF,GSM4104123_TCAGCTCAGTGAAGTT-1,CSF,-0.09178949307830798
MS,MS58637_CSF,GSM4104123_TCATTACGTACACCGC-1,CSF,0.0066515446495007
MS,MS58637_CSF,GSM4104123_TCCACACTCCTAGGGC-1,CSF,0.219192141781892
MS,MS58637_CSF,GSM4104123_TCGCGAGGTCTAGGTT-1,CSF,-0.29997119987097626
MS,MS58637_CSF,GSM4104123_TCGGGACGTGCCTGGT-1,CSF,1.1671183791324735
MS,MS58637_CSF,GSM4104123_TCGTACCAGTGAAGTT-1,CSF,-0.09506932704249957
MS,MS58637_CSF,GSM4104123_TCGTACCGTGGTCTCG-1,CSF,-0.015841213044075268
MS,MS58637_CSF,GSM4104123_TCGTAGATCGCCATAA-1,CSF,-0.29997119987097626
MS,MS58637_CSF,GSM4104123_TCTGAGAGTCAACTGT-1,CSF,-0.29997119987097626
MS,MS58637_CSF,GSM4104123_TCTGGAACAATCGAAA-1,CSF,-0.29997119987097626
MS,MS58637_CSF,GSM4104123_TCTGGAACACTTAAGC-1,CSF,-0.29997119987097626
MS,MS58637_CSF,GSM4104123_TCTGGAACAGCTGCTG-1,CSF,-0.29997119987097626
MS,MS58637_CSF,GSM4104123_TGACTAGGTCTGATCA-1,CSF,-0.29997119987097626
MS,MS58637_CSF,GSM4104123_TGAGAGGGTACCTACA-1,CSF,-0.29997119987097626
MS,MS58637_CSF,GSM4104123_TGCACCTTCGTGTAGT-1,CSF,-0.29997119987097626
MS,MS58637_CSF,GSM4104123_TGCGCAGGTACTCGCG-1,CSF,-0.0044634299529202615
MS,MS58637_CSF,GSM4104123_TGCGCAGGTTCAGACT-1,CSF,-0.0732672738798412
MS,MS58637_CSF,GSM4104123_TGCGTGGTCATTGCGA-1,CSF,-0.12198471752325972
MS,MS58637_CSF,GSM4104123_TGCTACCTCCGAGCCA-1,CSF,0.20571152497875217
MS,MS58637_CSF,GSM4104123_TGGACGCGTTCGCGAC-1,CSF,-0.29997119987097626
MS,MS58637_CSF,GSM4104123_TGGCTGGGTATGAATG-1,CSF,0.05686434039603234
MS,MS58637_CSF,GSM4104123_TGGTTCCTCAACCATG-1,CSF,-0.29997119987097626
MS,MS58637_CSF,GSM4104123_TGTGGTATCCCGACTT-1,CSF,-0.29997119987097626
MS,MS58637_CSF,GSM4104123_TGTTCCGTCATTGCGA-1,CSF,-0.29997119987097626
MS,MS58637_CSF,GSM4104123_TTAGGCAAGTCCGTAT-1,CSF,0.25000326717080906
MS,MS58637_CSF,GSM4104123_TTAGGCATCTCGTATT-1,CSF,-0.29997119987097626
MS,MS58637_CSF,GSM4104123_TTCTCAATCAAAGACA-1,CSF,-0.29997119987097626
MS,MS58637_CSF,GSM4104123_TTCTCCTGTGATGATA-1,CSF,-0.29997119987097626
MS,MS60249_CSF,GSM4104126_AAACCTGCAGGTCGTC-1,CSF,-0.1100317723867433
MS,MS60249_CSF,GSM4104126_AAACCTGTCAGAGCTT-1,CSF,-0.29997119987097626
MS,MS60249_CSF,GSM4104126_AAACCTGTCATCGATG-1,CSF,-0.29997119987097626
MS,MS60249_CSF,GSM4104126_AAACCTGTCCAAGTAC-1,CSF,-0.29997119987097626
MS,MS60249_CSF,GSM4104126_AAACGGGTCTGTTGAG-1,CSF,0.16969203783402048
MS,MS60249_CSF,GSM4104126_AAAGATGAGAGGTTGC-1,CSF,-0.29997119987097626
MS,MS60249_CSF,GSM4104126_AAAGATGAGGATGTAT-1,CSF,-0.07259215059078823
MS,MS60249_CSF,GSM4104126_AAAGCAATCAAGCCTA-1,CSF,0.7059206388798874
MS,MS60249_CSF,GSM4104126_AAAGTAGGTTGTACAC-1,CSF,-0.29997119987097626
MS,MS60249_CSF,GSM4104126_AAAGTAGTCTTTAGTC-1,CSF,-0.10211739888450065
MS,MS60249_CSF,GSM4104126_AAATGCCGTGACGCCT-1,CSF,-0.29997119987097626
MS,MS60249_CSF,GSM4104126_AACACGTTCCAAACTG-1,CSF,-0.29997119987097626
MS,MS60249_CSF,GSM4104126_AACACGTTCGCCATAA-1,CSF,-0.29997119987097626
MS,MS60249_CSF,GSM4104126_AACCATGCATGTCTCC-1,CSF,-0.29997119987097626
MS,MS60249_CSF,GSM4104126_AACCGCGAGGCGTACA-1,CSF,0.42973568875296664
MS,MS60249_CSF,GSM4104126_AACGTTGTCGCAAACT-1,CSF,-0.02479930710760365
MS,MS60249_CSF,GSM4104126_AACTCAGTCGTGGTCG-1,CSF,-0.29997119987097626
MS,MS60249_CSF,GSM4104126_AACTCCCGTACCGGCT-1,CSF,-0.01257635558958975
MS,MS60249_CSF,GSM4104126_AACTCTTAGGCTCATT-1,CSF,-0.29997119987097626
MS,MS60249_CSF,GSM4104126_AACTCTTCAAGTTCTG-1,CSF,0.39379246538889634
MS,MS60249_CSF,GSM4104126_AACTCTTGTGAGTGAC-1,CSF,0.17768485002205975
MS,MS60249_CSF,GSM4104126_AACTGGTTCTCTTATG-1,CSF,0.2657161755231866
MS,MS60249_CSF,GSM4104126_AACTTTCGTGTGACGA-1,CSF,-0.09680625300009445
MS,MS60249_CSF,GSM4104126_AAGACCTTCAGCTCGG-1,CSF,0.06382383958952036
MS,MS60249_CSF,GSM4104126_AAGGAGCAGACCACGA-1,CSF,-0.29997119987097626
MS,MS60249_CSF,GSM4104126_AAGGCAGAGGAGTACC-1,CSF,-0.29997119987097626
MS,MS60249_CSF,GSM4104126_AAGGTTCGTAAGAGAG-1,CSF,-0.29997119987097626
MS,MS60249_CSF,GSM4104126_AAGGTTCTCAAGCCTA-1,CSF,-0.29997119987097626
MS,MS60249_CSF,GSM4104126_AAGTCTGAGGTCGGAT-1,CSF,0.3347811539854323
MS,MS60249_CSF,GSM4104126_AAGTCTGGTTCAGGCC-1,CSF,-0.29997119987097626
MS,MS60249_CSF,GSM4104126_AAGTCTGTCCCTAATT-1,CSF,-0.29997119987097626
MS,MS60249_CSF,GSM4104126_AAGTCTGTCGGTCCGA-1,CSF,-0.29997119987097626
MS,MS60249_CSF,GSM4104126_AATCCAGGTGTCAATC-1,CSF,0.3821070445331097
MS,MS60249_CSF,GSM4104126_AATCCAGTCCACGTTC-1,CSF,0.05951426388835019
MS,MS60249_CSF,GSM4104126_AATCGGTGTTTGTTTC-1,CSF,-0.29997119987097626
MS,MS60249_CSF,GSM4104126_ACACCAAAGTAGGTGC-1,CSF,0.41356633505151386
MS,MS60249_CSF,GSM4104126_ACACCAAGTACCGCTG-1,CSF,0.30850047311675555
MS,MS60249_CSF,GSM4104126_ACACCGGGTAGCGTGA-1,CSF,-0.29997119987097626
MS,MS60249_CSF,GSM4104126_ACAGCCGAGCTAAACA-1,CSF,-0.29997119987097626
MS,MS60249_CSF,GSM4104126_ACAGCCGGTTCCGGCA-1,CSF,-0.15878195536336742
MS,MS60249_CSF,GSM4104126_ACAGCCGTCTTAGAGC-1,CSF,0.03335091549941205
MS,MS60249_CSF,GSM4104126_ACATACGCATACGCTA-1,CSF,-0.29997119987097626
MS,MS60249_CSF,GSM4104126_ACATACGGTTCCAACA-1,CSF,0.1267226010798504
MS,MS60249_CSF,GSM4104126_ACATACGTCACCCGAG-1,CSF,0.6544541842303193
MS,MS60249_CSF,GSM4104126_ACATCAGGTTAAGACA-1,CSF,-0.19198587610449147
MS,MS60249_CSF,GSM4104126_ACATCAGTCCGCAGTG-1,CSF,0.24199554244864435
MS,MS60249_CSF,GSM4104126_ACATGGTAGTGAACGC-1,CSF,-0.11700258778645027
MS,MS60249_CSF,GSM4104126_ACATGGTGTCTCAACA-1,CSF,-0.29997119987097626
MS,MS60249_CSF,GSM4104126_ACCAGTAAGTACTTGC-1,CSF,-0.29997119987097626
MS,MS60249_CSF,GSM4104126_ACCAGTACACGGACAA-1,CSF,-0.29997119987097626
MS,MS60249_CSF,GSM4104126_ACCAGTAGTGCTCTTC-1,CSF,-0.29997119987097626
MS,MS60249_CSF,GSM4104126_ACCCACTAGAGCCCAA-1,CSF,-0.11629796629007964
MS,MS60249_CSF,GSM4104126_ACCCACTAGCTACCGC-1,CSF,-0.2511690309910192
MS,MS60249_CSF,GSM4104126_ACCGTAACACGAAAGC-1,CSF,-0.29997119987097626
MS,MS60249_CSF,GSM4104126_ACCGTAAGTTGCGCAC-1,CSF,-0.16570007266640005
MS,MS60249_CSF,GSM4104126_ACCGTAATCCCAACGG-1,CSF,0.26177164868347436
MS,MS60249_CSF,GSM4104126_ACGAGCCCAAACTGCT-1,CSF,-0.11183577333387003
MS,MS60249_CSF,GSM4104126_ACGAGCCCAGGTCCAC-1,CSF,0.10058928311166646
MS,MS60249_CSF,GSM4104126_ACGAGCCTCACAATGC-1,CSF,0.07397107937336915
MS,MS60249_CSF,GSM4104126_ACGAGGACATGGTTGT-1,CSF,0.26135490497102026
MS,MS60249_CSF,GSM4104126_ACGAGGAGTGGTCCGT-1,CSF,-0.29997119987097626
MS,MS60249_CSF,GSM4104126_ACGATACTCACTTATC-1,CSF,0.05872646768330057
MS,MS60249_CSF,GSM4104126_ACGATGTGTCTCCATC-1,CSF,-0.19081395105554516
MS,MS60249_CSF,GSM4104126_ACGCAGCAGTGCCAGA-1,CSF,-0.29997119987097626
MS,MS60249_CSF,GSM4104126_ACGCCAGTCGGCATCG-1,CSF,-0.009027125069354538
MS,MS60249_CSF,GSM4104126_ACGCCGAAGCACAGGT-1,CSF,-0.29997119987097626
MS,MS60249_CSF,GSM4104126_ACGGAGACAGATAATG-1,CSF,0.2217525025521562
MS,MS60249_CSF,GSM4104126_ACGGAGAGTCGAATCT-1,CSF,-0.013473244138732157
MS,MS60249_CSF,GSM4104126_ACGGCCACATATGGTC-1,CSF,-0.29997119987097626
MS,MS60249_CSF,GSM4104126_ACGGCCAGTTCCCGAG-1,CSF,-0.05944786312817454
MS,MS60249_CSF,GSM4104126_ACGGCCATCCAGTATG-1,CSF,0.09923045132543815
MS,MS60249_CSF,GSM4104126_ACGGGCTCAAGCCTAT-1,CSF,-0.12196728986732763
MS,MS60249_CSF,GSM4104126_ACGGGTCCAAGCTGTT-1,CSF,-0.013708099245137892
MS,MS60249_CSF,GSM4104126_ACGGGTCTCCCGACTT-1,CSF,0.07665021515446878
MS,MS60249_CSF,GSM4104126_ACGGGTCTCCTGCTTG-1,CSF,0.05051251092563273
MS,MS60249_CSF,GSM4104126_ACGTCAAGTATATGGA-1,CSF,0.08698739703471749
MS,MS60249_CSF,GSM4104126_ACTATCTCAACACCTA-1,CSF,-0.1857175026509505
MS,MS60249_CSF,GSM4104126_ACTGAGTAGGTGCTAG-1,CSF,-0.29997119987097626
MS,MS60249_CSF,GSM4104126_ACTGAGTTCATGCTCC-1,CSF,-0.16168779435254685
MS,MS60249_CSF,GSM4104126_ACTGATGCACAACGCC-1,CSF,-0.29997119987097626
MS,MS60249_CSF,GSM4104126_ACTGATGGTAGCGATG-1,CSF,-0.29997119987097626
MS,MS60249_CSF,GSM4104126_ACTGATGGTGTTGGGA-1,CSF,-0.29997119987097626
MS,MS60249_CSF,GSM4104126_ACTGCTCCATTTGCTT-1,CSF,0.05888494872497309
MS,MS60249_CSF,GSM4104126_ACTGCTCTCGCAAGCC-1,CSF,0.3737455074159318
MS,MS60249_CSF,GSM4104126_ACTGTCCGTACGCTGC-1,CSF,-0.29997119987097626
MS,MS60249_CSF,GSM4104126_ACTGTCCTCCTCGCAT-1,CSF,0.7928711895457222
MS,MS60249_CSF,GSM4104126_ACTTACTCAACCGCCA-1,CSF,0.0954414634168258
MS,MS60249_CSF,GSM4104126_ACTTACTGTCTAAACC-1,CSF,0.31577181913886243
MS,MS60249_CSF,GSM4104126_ACTTACTTCCAAGCCG-1,CSF,-0.29997119987097626
MS,MS60249_CSF,GSM4104126_ACTTGTTAGCAAATCA-1,CSF,-0.29997119987097626
MS,MS60249_CSF,GSM4104126_AGACGTTAGAGAACAG-1,CSF,-0.29997119987097626
MS,MS60249_CSF,GSM4104126_AGAGCGACAGAAGCAC-1,CSF,0.06713977573742001
MS,MS60249_CSF,GSM4104126_AGAGCGAGTACAGTTC-1,CSF,-0.29997119987097626
MS,MS60249_CSF,GSM4104126_AGAGCTTGTTAAGACA-1,CSF,-0.061206444015329924
MS,MS60249_CSF,GSM4104126_AGATCTGAGACAGAGA-1,CSF,0.258557364441036
MS,MS60249_CSF,GSM4104126_AGATTGCAGGAGTTGC-1,CSF,0.4347315824627496
MS,MS60249_CSF,GSM4104126_AGATTGCAGTTAGGTA-1,CSF,0.04405696130975329
MS,MS60249_CSF,GSM4104126_AGATTGCGTCCCTACT-1,CSF,0.3389317105584659
MS,MS60249_CSF,GSM4104126_AGATTGCGTGTTCGAT-1,CSF,-0.06335625879956557
MS,MS60249_CSF,GSM4104126_AGCAGCCTCTCCTATA-1,CSF,-0.29997119987097626
MS,MS60249_CSF,GSM4104126_AGCATACCAAAGAATC-1,CSF,-0.29997119987097626
MS,MS60249_CSF,GSM4104126_AGCGTATCACTTCTGC-1,CSF,-0.29997119987097626
MS,MS60249_CSF,GSM4104126_AGCGTATGTCAGAATA-1,CSF,0.026497285764178695
MS,MS60249_CSF,GSM4104126_AGCGTATTCAGGCAAG-1,CSF,-0.29997119987097626
MS,MS60249_CSF,GSM4104126_AGCGTCGAGGTGATAT-1,CSF,0.2055978318004312
MS,MS60249_CSF,GSM4104126_AGCGTCGCATCGACGC-1,CSF,-0.29997119987097626
MS,MS60249_CSF,GSM4104126_AGCTCCTAGGACACCA-1,CSF,-0.29997119987097626
MS,MS60249_CSF,GSM4104126_AGCTCTCAGAACAATC-1,CSF,-0.29997119987097626
MS,MS60249_CSF,GSM4104126_AGGCCACAGATATGGT-1,CSF,0.03356150344725728
MS,MS60249_CSF,GSM4104126_AGGCCACAGCATGGCA-1,CSF,-0.14579151943562593
MS,MS60249_CSF,GSM4104126_AGGCCACTCAGGATCT-1,CSF,-0.29997119987097626
MS,MS60249_CSF,GSM4104126_AGGCCGTAGACACTAA-1,CSF,0.0809892135364769
MS,MS60249_CSF,GSM4104126_AGGGAGTAGAGCTGGT-1,CSF,-0.29997119987097626
MS,MS60249_CSF,GSM4104126_AGGGTGAAGACAATAC-1,CSF,-0.29997119987097626
MS,MS60249_CSF,GSM4104126_AGGGTGAAGCTGAACG-1,CSF,-0.29997119987097626
MS,MS60249_CSF,GSM4104126_AGGGTGACAGGTCCAC-1,CSF,0.23295689209936252
MS,MS60249_CSF,GSM4104126_AGGTCATCATGAAGTA-1,CSF,-0.29997119987097626
MS,MS60249_CSF,GSM4104126_AGGTCCGAGCGCTCCA-1,CSF,-0.18534216239246826
MS,MS60249_CSF,GSM4104126_AGGTCCGAGGTGTGGT-1,CSF,-0.29997119987097626
MS,MS60249_CSF,GSM4104126_AGTCTTTTCGCATGGC-1,CSF,-0.10712462814989733
MS,MS60249_CSF,GSM4104126_AGTCTTTTCTAACTTC-1,CSF,-0.29997119987097626
MS,MS60249_CSF,GSM4104126_AGTGAGGCACATAACC-1,CSF,-0.13765160824604017
MS,MS60249_CSF,GSM4104126_AGTGAGGGTACTTCTT-1,CSF,0.0328095107815461
MS,MS60249_CSF,GSM4104126_AGTGGGAAGTGTTAGA-1,CSF,0.5308372415458301
MS,MS60249_CSF,GSM4104126_AGTGTCACACTTAACG-1,CSF,-0.29997119987097626
MS,MS60249_CSF,GSM4104126_AGTTGGTTCCAGATCA-1,CSF,-0.29997119987097626
MS,MS60249_CSF,GSM4104126_ATAACGCCAAACTGTC-1,CSF,-0.29997119987097626
MS,MS60249_CSF,GSM4104126_ATAACGCTCTCGTTTA-1,CSF,0.26700423815116686
MS,MS60249_CSF,GSM4104126_ATAAGAGCAAGCGAGT-1,CSF,0.02857060293329153
MS,MS60249_CSF,GSM4104126_ATAAGAGTCTCGATGA-1,CSF,-0.29997119987097626
MS,MS60249_CSF,GSM4104126_ATCATCTCACCGAATT-1,CSF,-0.29997119987097626
MS,MS60249_CSF,GSM4104126_ATCATCTTCATGTGGT-1,CSF,-0.29997119987097626
MS,MS60249_CSF,GSM4104126_ATCATGGAGGCGATAC-1,CSF,-0.29997119987097626
MS,MS60249_CSF,GSM4104126_ATCATGGAGGGTATCG-1,CSF,0.0015893172200740807
MS,MS60249_CSF,GSM4104126_ATCATGGTCCGGCACA-1,CSF,-0.29997119987097626
MS,MS60249_CSF,GSM4104126_ATCCACCGTTAGTGGG-1,CSF,-0.058767084619962
MS,MS60249_CSF,GSM4104126_ATCCACCTCGTTACAG-1,CSF,-0.29997119987097626
MS,MS60249_CSF,GSM4104126_ATCCGAAAGCGTGTCC-1,CSF,0.3221087927088905
MS,MS60249_CSF,GSM4104126_ATCGAGTAGTCGAGTG-1,CSF,-0.013677057965306086
MS,MS60249_CSF,GSM4104126_ATCTACTAGGAGCGTT-1,CSF,-0.29997119987097626
MS,MS60249_CSF,GSM4104126_ATCTGCCAGCCGGTAA-1,CSF,-0.29997119987097626
MS,MS60249_CSF,GSM4104126_ATCTGCCCAGCTATTG-1,CSF,-0.01723216018940545
MS,MS60249_CSF,GSM4104126_ATCTGCCTCAGCGACC-1,CSF,-0.015781428950470574
MS,MS60249_CSF,GSM4104126_ATGAGGGAGTGTCCCG-1,CSF,-0.29997119987097626
MS,MS60249_CSF,GSM4104126_ATGAGGGCACGACGAA-1,CSF,-0.29997119987097626
MS,MS60249_CSF,GSM4104126_ATGAGGGCATCTATGG-1,CSF,-0.29997119987097626
MS,MS60249_CSF,GSM4104126_ATGAGGGGTCATGCCG-1,CSF,-0.29997119987097626
MS,MS60249_CSF,GSM4104126_ATGCGATAGCTGAAAT-1,CSF,-0.08189249136287484
MS,MS60249_CSF,GSM4104126_ATTACTCAGATGTTAG-1,CSF,-0.29997119987097626
MS,MS60249_CSF,GSM4104126_ATTACTCCACACATGT-1,CSF,-0.29997119987097626
MS,MS60249_CSF,GSM4104126_ATTACTCGTGCAGACA-1,CSF,0.018675920662087897
MS,MS60249_CSF,GSM4104126_ATTATCCGTAGAAGGA-1,CSF,-0.14908399134036052
MS,MS60249_CSF,GSM4104126_ATTATCCGTGTAAGTA-1,CSF,-0.29997119987097626
MS,MS60249_CSF,GSM4104126_ATTCTACTCAACACGT-1,CSF,-0.29997119987097626
MS,MS60249_CSF,GSM4104126_ATTCTACTCTGGTATG-1,CSF,0.18514959216812607
MS,MS60249_CSF,GSM4104126_ATTGGACCAAGGACTG-1,CSF,-0.29997119987097626
MS,MS60249_CSF,GSM4104126_ATTGGTGGTAGCCTCG-1,CSF,-0.29997119987097626
MS,MS60249_CSF,GSM4104126_ATTGGTGTCTCTGTCG-1,CSF,0.1370852034746278
MS,MS60249_CSF,GSM4104126_ATTTCTGAGTGGTAGC-1,CSF,-0.29997119987097626
MS,MS60249_CSF,GSM4104126_CAACCAAAGTGAAGAG-1,CSF,1.049516986115096
MS,MS60249_CSF,GSM4104126_CAACCAAGTTCGTGAT-1,CSF,0.5333513702226078
MS,MS60249_CSF,GSM4104126_CAACTAGCATCGTCGG-1,CSF,-0.29997119987097626
MS,MS60249_CSF,GSM4104126_CAACTAGTCCGTAGTA-1,CSF,0.009347817545264767
MS,MS60249_CSF,GSM4104126_CAAGATCGTCTCCACT-1,CSF,-0.12893709033886588
MS,MS60249_CSF,GSM4104126_CAAGTTGAGTCTTGCA-1,CSF,-0.29997119987097626
MS,MS60249_CSF,GSM4104126_CAAGTTGCATTCTCAT-1,CSF,-0.029605027949340664
MS,MS60249_CSF,GSM4104126_CACAAACTCTACGAGT-1,CSF,-0.29997119987097626
MS,MS60249_CSF,GSM4104126_CACACAAGTTGGGACA-1,CSF,0.013826370994722907
MS,MS60249_CSF,GSM4104126_CACACCTCAATGTTGC-1,CSF,-0.07803906098953498
MS,MS60249_CSF,GSM4104126_CACACCTCACCAGATT-1,CSF,-0.04044365395008353
MS,MS60249_CSF,GSM4104126_CACACCTCATAGACTC-1,CSF,0.39703698038041046
MS,MS60249_CSF,GSM4104126_CACACTCAGGAGTTTA-1,CSF,0.3135667345881653
MS,MS60249_CSF,GSM4104126_CACAGGCGTGCCTGGT-1,CSF,0.07759852185660997
MS,MS60249_CSF,GSM4104126_CACAGTACAAGCTGTT-1,CSF,-0.29997119987097626
MS,MS60249_CSF,GSM4104126_CACAGTAGTCAAAGAT-1,CSF,-0.29997119987097626
MS,MS60249_CSF,GSM4104126_CACATAGAGACAGGCT-1,CSF,-0.29997119987097626
MS,MS60249_CSF,GSM4104126_CACATAGAGGTGCAAC-1,CSF,-0.29997119987097626
MS,MS60249_CSF,GSM4104126_CACATTTCAGTAGAGC-1,CSF,-0.141877429374043
MS,MS60249_CSF,GSM4104126_CACATTTTCAGTTGAC-1,CSF,-0.29997119987097626
MS,MS60249_CSF,GSM4104126_CACCACTAGAGCTATA-1,CSF,-0.29997119987097626
MS,MS60249_CSF,GSM4104126_CACCAGGCAGCTATTG-1,CSF,-0.29997119987097626
MS,MS60249_CSF,GSM4104126_CACCTTGAGAGATGAG-1,CSF,-0.29997119987097626
MS,MS60249_CSF,GSM4104126_CACCTTGCAAGCGCTC-1,CSF,0.16665919058407955
MS,MS60249_CSF,GSM4104126_CACCTTGCAGGGAGAG-1,CSF,-0.29997119987097626
MS,MS60249_CSF,GSM4104126_CACTCCAAGACTTTCG-1,CSF,0.0961063111772719
MS,MS60249_CSF,GSM4104126_CAGATCAAGCGAAGGG-1,CSF,-0.29997119987097626
MS,MS60249_CSF,GSM4104126_CAGATCACAATGGATA-1,CSF,-0.29997119987097626
MS,MS60249_CSF,GSM4104126_CAGATCACAGAGCCAA-1,CSF,-0.29997119987097626
MS,MS60249_CSF,GSM4104126_CAGCAGCCACAGAGGT-1,CSF,-0.29997119987097626
MS,MS60249_CSF,GSM4104126_CAGCAGCTCTCGCTTG-1,CSF,-0.29997119987097626
MS,MS60249_CSF,GSM4104126_CAGCCGACAGCCACCA-1,CSF,-0.29997119987097626
MS,MS60249_CSF,GSM4104126_CAGCCGATCCCATTTA-1,CSF,-0.29997119987097626
MS,MS60249_CSF,GSM4104126_CAGCGACAGGCCCGTT-1,CSF,0.1158611486644275
MS,MS60249_CSF,GSM4104126_CAGCGACCATGCAATC-1,CSF,0.12340112377654042
MS,MS60249_CSF,GSM4104126_CAGCGACCATGGTAGG-1,CSF,0.04503298709471865
MS,MS60249_CSF,GSM4104126_CAGCGACGTTACGCGC-1,CSF,-0.29997119987097626
MS,MS60249_CSF,GSM4104126_CAGCGACTCGTGTAGT-1,CSF,-0.29997119987097626
MS,MS60249_CSF,GSM4104126_CAGCTGGAGGTGGGTT-1,CSF,-0.29997119987097626
MS,MS60249_CSF,GSM4104126_CAGCTGGAGTCCTCCT-1,CSF,-0.29997119987097626
MS,MS60249_CSF,GSM4104126_CAGCTGGGTAACGCGA-1,CSF,-0.29997119987097626
MS,MS60249_CSF,GSM4104126_CAGCTGGTCACTTCAT-1,CSF,-0.147944725169846
MS,MS60249_CSF,GSM4104126_CAGCTGGTCGCTAGCG-1,CSF,-0.036657351371061034
MS,MS60249_CSF,GSM4104126_CAGGTGCAGCCATCGC-1,CSF,-0.29997119987097626
MS,MS60249_CSF,GSM4104126_CAGTAACTCCTTGGTC-1,CSF,-0.29997119987097626
MS,MS60249_CSF,GSM4104126_CAGTAACTCGTAGGAG-1,CSF,-0.29997119987097626
MS,MS60249_CSF,GSM4104126_CAGTCCTCAGCCTTGG-1,CSF,-0.29997119987097626
MS,MS60249_CSF,GSM4104126_CATATGGAGCAGACTG-1,CSF,-0.29997119987097626
MS,MS60249_CSF,GSM4104126_CATCCACGTCATCGGC-1,CSF,0.006889626544199715
MS,MS60249_CSF,GSM4104126_CATCCACTCGCTAGCG-1,CSF,-0.29997119987097626
MS,MS60249_CSF,GSM4104126_CATCGGGAGGGTGTTG-1,CSF,0.12852987812036426
MS,MS60249_CSF,GSM4104126_CATCGGGAGTGTGGCA-1,CSF,-0.29997119987097626
MS,MS60249_CSF,GSM4104126_CATCGGGCAGTCGTGC-1,CSF,-0.29997119987097626
MS,MS60249_CSF,GSM4104126_CATGACACATGCAACT-1,CSF,-0.29997119987097626
MS,MS60249_CSF,GSM4104126_CATGCCTAGCTCCTCT-1,CSF,0.15697204620005087
MS,MS60249_CSF,GSM4104126_CATGGCGAGAACAATC-1,CSF,0.0907680214062003
MS,MS60249_CSF,GSM4104126_CATGGCGTCCACGTTC-1,CSF,-0.29997119987097626
MS,MS60249_CSF,GSM4104126_CATTCGCCAGGTCCAC-1,CSF,-0.29997119987097626
MS,MS60249_CSF,GSM4104126_CCAATCCCAAGACGTG-1,CSF,-0.08533254191460693
MS,MS60249_CSF,GSM4104126_CCAATCCGTAGAAAGG-1,CSF,0.127686791292245
MS,MS60249_CSF,GSM4104126_CCAATCCGTTTGACAC-1,CSF,-0.10912546698427761
MS,MS60249_CSF,GSM4104126_CCAATCCTCGTGGTCG-1,CSF,-0.29997119987097626
MS,MS60249_CSF,GSM4104126_CCACCTACAGCTATTG-1,CSF,-0.11565770939584698
MS,MS60249_CSF,GSM4104126_CCACCTACATAGAAAC-1,CSF,-0.29997119987097626
MS,MS60249_CSF,GSM4104126_CCACCTATCACCTTAT-1,CSF,-0.29997119987097626
MS,MS60249_CSF,GSM4104126_CCACCTATCTGCCCTA-1,CSF,-0.29997119987097626
MS,MS60249_CSF,GSM4104126_CCACGGACAATCACAC-1,CSF,0.43039902465429136
MS,MS60249_CSF,GSM4104126_CCACGGACACATGACT-1,CSF,0.2637531789777497
MS,MS60249_CSF,GSM4104126_CCACGGATCTCTAGGA-1,CSF,-0.29997119987097626
MS,MS60249_CSF,GSM4104126_CCACTACAGAAACCTA-1,CSF,-0.14065749784900097
MS,MS60249_CSF,GSM4104126_CCACTACCAGTCACTA-1,CSF,-0.29997119987097626
MS,MS60249_CSF,GSM4104126_CCAGCGAGTTGGGACA-1,CSF,-0.29997119987097626
MS,MS60249_CSF,GSM4104126_CCATGTCCAGATCTGT-1,CSF,0.1324198922011354
MS,MS60249_CSF,GSM4104126_CCATGTCTCCCTTGTG-1,CSF,-0.29997119987097626
MS,MS60249_CSF,GSM4104126_CCATTCGGTCTAGAGG-1,CSF,0.0007220889523537531
MS,MS60249_CSF,GSM4104126_CCATTCGTCGGCATCG-1,CSF,-0.29997119987097626
MS,MS60249_CSF,GSM4104126_CCCAATCAGCTGCCCA-1,CSF,-0.29997119987097626
MS,MS60249_CSF,GSM4104126_CCCAATCTCGACAGCC-1,CSF,0.18287360990303428
MS,MS60249_CSF,GSM4104126_CCCAGTTAGCTAGTTC-1,CSF,-0.1199258658028128
MS,MS60249_CSF,GSM4104126_CCCATACAGTAGCCGA-1,CSF,-0.29997119987097626
MS,MS60249_CSF,GSM4104126_CCCATACAGTTAGGTA-1,CSF,-0.008506976353635485
MS,MS60249_CSF,GSM4104126_CCGGTAGCATCCTTGC-1,CSF,0.053702546457271
MS,MS60249_CSF,GSM4104126_CCGTACTCAACACCTA-1,CSF,-0.14229834114697867
MS,MS60249_CSF,GSM4104126_CCGTACTGTTACAGAA-1,CSF,0.4377817759975494
MS,MS60249_CSF,GSM4104126_CCGTGGAAGTTACGGG-1,CSF,0.15191220899648955
MS,MS60249_CSF,GSM4104126_CCGTGGACATGGGACA-1,CSF,-0.29997119987097626
MS,MS60249_CSF,GSM4104126_CCGTGGAGTGTTGGGA-1,CSF,-0.1719388620755861
MS,MS60249_CSF,GSM4104126_CCGTTCACAGGATTGG-1,CSF,-0.29997119987097626
MS,MS60249_CSF,GSM4104126_CCTAAAGGTACCGAGA-1,CSF,-0.29997119987097626
MS,MS60249_CSF,GSM4104126_CCTAAAGGTATAAACG-1,CSF,0.2581017616912909
MS,MS60249_CSF,GSM4104126_CCTACCAAGGCTCTTA-1,CSF,-0.29997119987097626
MS,MS60249_CSF,GSM4104126_CCTACCACATCCTAGA-1,CSF,-0.09788210076423752
MS,MS60249_CSF,GSM4104126_CCTACCACATCTCCCA-1,CSF,-0.29997119987097626
MS,MS60249_CSF,GSM4104126_CCTACCATCCACGTTC-1,CSF,-0.08069584032514857
MS,MS60249_CSF,GSM4104126_CCTACCATCTGGCGTG-1,CSF,-0.29997119987097626
MS,MS60249_CSF,GSM4104126_CCTAGCTTCGCATGAT-1,CSF,-0.29997119987097626
MS,MS60249_CSF,GSM4104126_CCTATTAAGCGATCCC-1,CSF,0.6597574055911888
MS,MS60249_CSF,GSM4104126_CCTATTAAGCGTCAAG-1,CSF,-0.29997119987097626
MS,MS60249_CSF,GSM4104126_CCTCTGACACTTAAGC-1,CSF,-0.29997119987097626
MS,MS60249_CSF,GSM4104126_CCTCTGAGTGCAGACA-1,CSF,-0.29997119987097626
MS,MS60249_CSF,GSM4104126_CCTTACGAGCTTCGCG-1,CSF,-0.29997119987097626
MS,MS60249_CSF,GSM4104126_CCTTACGCAAATTGCC-1,CSF,-0.08615251798611433
MS,MS60249_CSF,GSM4104126_CCTTACGGTGCGAAAC-1,CSF,-0.29997119987097626
MS,MS60249_CSF,GSM4104126_CCTTACGTCCGTCAAA-1,CSF,-0.29997119987097626
MS,MS60249_CSF,GSM4104126_CCTTCCCAGCTGAACG-1,CSF,0.17713446739007857
MS,MS60249_CSF,GSM4104126_CCTTCCCGTCCGTTAA-1,CSF,-0.03736941515901417
MS,MS60249_CSF,GSM4104126_CCTTCGAAGGGCTTCC-1,CSF,-0.29997119987097626
MS,MS60249_CSF,GSM4104126_CCTTCGAGTAATAGCA-1,CSF,-0.11505807508335646
MS,MS60249_CSF,GSM4104126_CCTTCGATCTGTACGA-1,CSF,0.13648382212079999
MS,MS60249_CSF,GSM4104126_CCTTTCTTCGGCGCAT-1,CSF,-0.29997119987097626
MS,MS60249_CSF,GSM4104126_CCTTTCTTCTTGTCAT-1,CSF,-0.29997119987097626
MS,MS60249_CSF,GSM4104126_CGAACATGTTACCGAT-1,CSF,0.16869641558458506
MS,MS60249_CSF,GSM4104126_CGACTTCAGACGCACA-1,CSF,-0.29997119987097626
MS,MS60249_CSF,GSM4104126_CGACTTCAGACTACAA-1,CSF,-0.29997119987097626
MS,MS60249_CSF,GSM4104126_CGACTTCAGGGCATGT-1,CSF,0.3161452540227802
MS,MS60249_CSF,GSM4104126_CGAGAAGGTAGAAAGG-1,CSF,0.12385445781547763
MS,MS60249_CSF,GSM4104126_CGAGAAGGTTCAGCGC-1,CSF,-0.29997119987097626
MS,MS60249_CSF,GSM4104126_CGAGCACGTTAAAGAC-1,CSF,0.42451488498249523
MS,MS60249_CSF,GSM4104126_CGAGCCAGTGTCTGAT-1,CSF,-0.29997119987097626
MS,MS60249_CSF,GSM4104126_CGATGGCAGATATGGT-1,CSF,-0.29997119987097626
MS,MS60249_CSF,GSM4104126_CGATGGCCAGTTCATG-1,CSF,0.016628637213604795
MS,MS60249_CSF,GSM4104126_CGATGTACAGCATACT-1,CSF,-0.29997119987097626
MS,MS60249_CSF,GSM4104126_CGATGTAGTGACGCCT-1,CSF,0.4205682692584131
MS,MS60249_CSF,GSM4104126_CGATGTATCTTGGGTA-1,CSF,-0.29997119987097626
MS,MS60249_CSF,GSM4104126_CGCCAAGCATCACCCT-1,CSF,0.04051004612903645
MS,MS60249_CSF,GSM4104126_CGCGGTATCCGAACGC-1,CSF,-0.29997119987097626
MS,MS60249_CSF,GSM4104126_CGCTATCTCCTCATTA-1,CSF,0.10772663202559962
MS,MS60249_CSF,GSM4104126_CGCTTCACAACTGGCC-1,CSF,0.24185340860358348
MS,MS60249_CSF,GSM4104126_CGCTTCAGTCTTGATG-1,CSF,-0.29997119987097626
MS,MS60249_CSF,GSM4104126_CGCTTCAGTTTGTTGG-1,CSF,-0.29997119987097626
MS,MS60249_CSF,GSM4104126_CGCTTCATCCGCAGTG-1,CSF,-0.29997119987097626
MS,MS60249_CSF,GSM4104126_CGGACACTCTCAAGTG-1,CSF,0.17934914319153883
MS,MS60249_CSF,GSM4104126_CGGACGTAGATACACA-1,CSF,-0.29997119987097626
MS,MS60249_CSF,GSM4104126_CGGACGTTCAGAAATG-1,CSF,-0.29997119987097626
MS,MS60249_CSF,GSM4104126_CGGACTGGTGTAACGG-1,CSF,-0.29997119987097626
MS,MS60249_CSF,GSM4104126_CGGAGTCAGCCAGGAT-1,CSF,-0.029855439884350913
MS,MS60249_CSF,GSM4104126_CGGAGTCAGCTACCTA-1,CSF,-0.29997119987097626
MS,MS60249_CSF,GSM4104126_CGGAGTCCACATTAGC-1,CSF,-0.16820781767006118
MS,MS60249_CSF,GSM4104126_CGGAGTCTCGCGGATC-1,CSF,-0.29997119987097626
MS,MS60249_CSF,GSM4104126_CGGCTAGGTGGCAAAC-1,CSF,-0.29997119987097626
MS,MS60249_CSF,GSM4104126_CGGGTCAAGATGTCGG-1,CSF,-0.29997119987097626
MS,MS60249_CSF,GSM4104126_CGGGTCACAGCTGTGC-1,CSF,0.3668751739740677
MS,MS60249_CSF,GSM4104126_CGGTTAACACAGAGGT-1,CSF,-0.29997119987097626
MS,MS60249_CSF,GSM4104126_CGGTTAACACATGTGT-1,CSF,-0.049077620252057315
MS,MS60249_CSF,GSM4104126_CGGTTAAGTGAGGGAG-1,CSF,-0.29997119987097626
MS,MS60249_CSF,GSM4104126_CGTAGGCAGCCTCGTG-1,CSF,-0.29997119987097626
MS,MS60249_CSF,GSM4104126_CGTCACTGTATAGTAG-1,CSF,-0.29997119987097626
MS,MS60249_CSF,GSM4104126_CGTCACTGTTGTGGCC-1,CSF,-0.29997119987097626
MS,MS60249_CSF,GSM4104126_CGTCAGGGTGGGTCAA-1,CSF,-0.29997119987097626
MS,MS60249_CSF,GSM4104126_CGTCCATGTACAGCAG-1,CSF,0.05902563437234555
MS,MS60249_CSF,GSM4104126_CGTCCATTCTTTACAC-1,CSF,-0.29997119987097626
MS,MS60249_CSF,GSM4104126_CGTCTACGTGGTCCGT-1,CSF,-0.29997119987097626
MS,MS60249_CSF,GSM4104126_CGTTAGACATTTGCCC-1,CSF,-0.07985726016855137
MS,MS60249_CSF,GSM4104126_CGTTAGATCTTACCGC-1,CSF,-0.29997119987097626
MS,MS60249_CSF,GSM4104126_CGTTCTGAGAGTCTGG-1,CSF,-0.29997119987097626
MS,MS60249_CSF,GSM4104126_CGTTCTGAGGGAAACA-1,CSF,0.37480062377524875
MS,MS60249_CSF,GSM4104126_CGTTCTGGTACGCTGC-1,CSF,-0.29997119987097626
MS,MS60249_CSF,GSM4104126_CGTTCTGGTATGCTTG-1,CSF,-0.002880614930946062
MS,MS60249_CSF,GSM4104126_CGTTCTGTCCCTCTTT-1,CSF,0.06251523503566411
MS,MS60249_CSF,GSM4104126_CGTTGGGAGGATGGAA-1,CSF,-0.19308628404693842
MS,MS60249_CSF,GSM4104126_CGTTGGGGTGGTGTAG-1,CSF,0.17374446635004154
MS,MS60249_CSF,GSM4104126_CGTTGGGTCGTTTAGG-1,CSF,-0.29997119987097626
MS,MS60249_CSF,GSM4104126_CTAACTTAGGCATTGG-1,CSF,0.5016024353441068
MS,MS60249_CSF,GSM4104126_CTAAGACCAAGACACG-1,CSF,-0.15907194060668214
MS,MS60249_CSF,GSM4104126_CTAAGACGTCCGTCAG-1,CSF,-0.29997119987097626
MS,MS60249_CSF,GSM4104126_CTAATGGCATCCTTGC-1,CSF,-0.10475039141667772
MS,MS60249_CSF,GSM4104126_CTACACCAGTGCCAGA-1,CSF,-0.03483563371602439
MS,MS60249_CSF,GSM4104126_CTACACCCATACGCCG-1,CSF,-0.07824728037213792
MS,MS60249_CSF,GSM4104126_CTACATTCAGGTCTCG-1,CSF,-0.29997119987097626
MS,MS60249_CSF,GSM4104126_CTACCCAAGCAATCTC-1,CSF,-0.045472495935756425
MS,MS60249_CSF,GSM4104126_CTACCCAAGTTGAGTA-1,CSF,-0.060455144135125094
MS,MS60249_CSF,GSM4104126_CTACGTCCATCCCACT-1,CSF,-0.29997119987097626
MS,MS60249_CSF,GSM4104126_CTACGTCCATGCCACG-1,CSF,-0.29997119987097626
MS,MS60249_CSF,GSM4104126_CTACGTCGTAGCCTCG-1,CSF,-0.29997119987097626
MS,MS60249_CSF,GSM4104126_CTAGAGTAGCTGGAAC-1,CSF,-0.060685687935628285
MS,MS60249_CSF,GSM4104126_CTAGAGTTCGCTGATA-1,CSF,-0.29997119987097626
MS,MS60249_CSF,GSM4104126_CTAGAGTTCTACCAGA-1,CSF,0.21346797848549248
MS,MS60249_CSF,GSM4104126_CTAGCCTAGGCCCGTT-1,CSF,0.3345783738608238
MS,MS60249_CSF,GSM4104126_CTAGCCTTCTCAAACG-1,CSF,-0.17644500399775495
MS,MS60249_CSF,GSM4104126_CTAGTGAAGTTGTCGT-1,CSF,-0.10006318586513463
MS,MS60249_CSF,GSM4104126_CTAGTGATCATACGGT-1,CSF,-0.10376081320967742
MS,MS60249_CSF,GSM4104126_CTCACACCAAGACACG-1,CSF,-0.29997119987097626
MS,MS60249_CSF,GSM4104126_CTCACACGTGCAGGTA-1,CSF,0.17432613126407662
MS,MS60249_CSF,GSM4104126_CTCAGAACACACCGAC-1,CSF,-0.025222543490033215
MS,MS60249_CSF,GSM4104126_CTCAGAACACGGTTTA-1,CSF,-0.29997119987097626
MS,MS60249_CSF,GSM4104126_CTCAGAACATACTACG-1,CSF,-0.29997119987097626
MS,MS60249_CSF,GSM4104126_CTCATTACAGTTAACC-1,CSF,-0.29997119987097626
MS,MS60249_CSF,GSM4104126_CTCCTAGAGAGCTGCA-1,CSF,-0.29997119987097626
MS,MS60249_CSF,GSM4104126_CTCCTAGGTAGGCTGA-1,CSF,-0.29997119987097626
MS,MS60249_CSF,GSM4104126_CTCGAAACAATACGCT-1,CSF,-0.05210641136953278
MS,MS60249_CSF,GSM4104126_CTCGAAATCTCAACTT-1,CSF,-0.29997119987097626
MS,MS60249_CSF,GSM4104126_CTCGAGGTCCCATTAT-1,CSF,-0.29997119987097626
MS,MS60249_CSF,GSM4104126_CTCGAGGTCCGCAGTG-1,CSF,-0.29997119987097626
MS,MS60249_CSF,GSM4104126_CTCGGAGGTCATCCCT-1,CSF,0.016223660076631324
MS,MS60249_CSF,GSM4104126_CTCGTACAGGAGTTGC-1,CSF,-0.29997119987097626
MS,MS60249_CSF,GSM4104126_CTCGTACAGTCGCCGT-1,CSF,-0.03336181984562835
MS,MS60249_CSF,GSM4104126_CTCGTACTCTCAACTT-1,CSF,-0.007464888919921432
MS,MS60249_CSF,GSM4104126_CTCTACGAGTAATCCC-1,CSF,-0.29997119987097626
MS,MS60249_CSF,GSM4104126_CTCTACGCAGACAAGC-1,CSF,0.024935875694294927
MS,MS60249_CSF,GSM4104126_CTCTACGCAGCTATTG-1,CSF,0.7367180148432688
MS,MS60249_CSF,GSM4104126_CTCTACGGTTGGTTTG-1,CSF,-0.29997119987097626
MS,MS60249_CSF,GSM4104126_CTCTACGTCTCCAACC-1,CSF,0.03251806678210202
MS,MS60249_CSF,GSM4104126_CTGAAACGTGACGGTA-1,CSF,-0.29997119987097626
MS,MS60249_CSF,GSM4104126_CTGAAGTCAGCTATTG-1,CSF,0.030599785312722012
MS,MS60249_CSF,GSM4104126_CTGATAGGTAAGTTCC-1,CSF,-0.29997119987097626
MS,MS60249_CSF,GSM4104126_CTGATCCTCATGCAAC-1,CSF,0.047998459120976396
MS,MS60249_CSF,GSM4104126_CTGATCCTCTACTATC-1,CSF,-0.29997119987097626
MS,MS60249_CSF,GSM4104126_CTGCCTAAGAGCCCAA-1,CSF,-0.1962712772923021
MS,MS60249_CSF,GSM4104126_CTGGTCTGTCTGGTCG-1,CSF,-0.29997119987097626
MS,MS60249_CSF,GSM4104126_CTGTGCTCAAATTGCC-1,CSF,-0.29997119987097626
MS,MS60249_CSF,GSM4104126_CTGTGCTGTCTGCGGT-1,CSF,-0.29997119987097626
MS,MS60249_CSF,GSM4104126_CTGTTTATCTTGGGTA-1,CSF,-0.07109789529978093
MS,MS60249_CSF,GSM4104126_CTTAACTGTCCGACGT-1,CSF,-0.29997119987097626
MS,MS60249_CSF,GSM4104126_CTTAACTTCTTACCGC-1,CSF,0.08080532273363118
MS,MS60249_CSF,GSM4104126_CTTACCGAGAGACTTA-1,CSF,-0.13311338279037188
MS,MS60249_CSF,GSM4104126_CTTACCGGTGTTTGGT-1,CSF,-0.29997119987097626
MS,MS60249_CSF,GSM4104126_CTTCTCTTCATTTGGG-1,CSF,-0.29997119987097626
MS,MS60249_CSF,GSM4104126_CTTGGCTAGCGATATA-1,CSF,0.048783912473162445
MS,MS60249_CSF,GSM4104126_CTTGGCTTCAGTTCGA-1,CSF,-0.11765102877473192
MS,MS60249_CSF,GSM4104126_CTTTGCGAGTGCGTGA-1,CSF,-0.29997119987097626
MS,MS60249_CSF,GSM4104126_CTTTGCGGTTGAGGTG-1,CSF,-0.14519046654747983
MS,MS60249_CSF,GSM4104126_CTTTGCGTCTAACCGA-1,CSF,-0.29997119987097626
MS,MS60249_CSF,GSM4104126_GAAACTCCATCACAAC-1,CSF,-0.14248676810017533
MS,MS60249_CSF,GSM4104126_GAAACTCGTCGACTGC-1,CSF,0.12374065801193525
MS,MS60249_CSF,GSM4104126_GAAATGAAGTCGAGTG-1,CSF,-0.29997119987097626
MS,MS60249_CSF,GSM4104126_GAACATCAGAGGTTGC-1,CSF,0.06629618554931443
MS,MS60249_CSF,GSM4104126_GAACATCAGGATTCGG-1,CSF,-0.11091226284530954
MS,MS60249_CSF,GSM4104126_GAACATCCATACAGCT-1,CSF,0.0006243745942644223
MS,MS60249_CSF,GSM4104126_GAACCTACAATGTAAG-1,CSF,0.2088152805688636
MS,MS60249_CSF,GSM4104126_GAACCTAGTGATAAGT-1,CSF,-0.19838571383227843
MS,MS60249_CSF,GSM4104126_GAACGGAAGGTGTGGT-1,CSF,-0.29997119987097626
MS,MS60249_CSF,GSM4104126_GAACGGACAGTCAGAG-1,CSF,-0.29997119987097626
MS,MS60249_CSF,GSM4104126_GAACGGAGTACATGTC-1,CSF,-0.29997119987097626
MS,MS60249_CSF,GSM4104126_GAACGGATCAGGTAAA-1,CSF,0.14258774077483097
MS,MS60249_CSF,GSM4104126_GAAGCAGAGATCCGAG-1,CSF,-0.29997119987097626
MS,MS60249_CSF,GSM4104126_GAAGCAGAGCCACCTG-1,CSF,0.07025099768578813
MS,MS60249_CSF,GSM4104126_GAAGCAGCACGGTTTA-1,CSF,0.7202118308171743
MS,MS60249_CSF,GSM4104126_GAAGCAGGTATAGTAG-1,CSF,-0.008185890846290341
MS,MS60249_CSF,GSM4104126_GAAGCAGTCGTCCGTT-1,CSF,-0.29997119987097626
MS,MS60249_CSF,GSM4104126_GAAGCAGTCGTCTGCT-1,CSF,0.18532308371591813
MS,MS60249_CSF,GSM4104126_GAATGAACAGCTCGAC-1,CSF,0.12533653158355723
MS,MS60249_CSF,GSM4104126_GACACGCCAAGCCATT-1,CSF,-0.29997119987097626
MS,MS60249_CSF,GSM4104126_GACACGCGTTCACGGC-1,CSF,-0.29997119987097626
MS,MS60249_CSF,GSM4104126_GACACGCGTTCAGACT-1,CSF,0.3393799938046885
MS,MS60249_CSF,GSM4104126_GACCTGGCATCACAAC-1,CSF,-0.1330417365577724
MS,MS60249_CSF,GSM4104126_GACGCGTAGAGTTGGC-1,CSF,-0.16806074213633007
MS,MS60249_CSF,GSM4104126_GACGCGTAGCTGGAAC-1,CSF,0.1310224745028525
MS,MS60249_CSF,GSM4104126_GACGCGTAGGGAACGG-1,CSF,-0.29997119987097626
MS,MS60249_CSF,GSM4104126_GACGCGTAGGTGGGTT-1,CSF,-0.06702883206767342
MS,MS60249_CSF,GSM4104126_GACGCGTCAACAACCT-1,CSF,-0.20376369407970651
MS,MS60249_CSF,GSM4104126_GACGCGTCAGGACGTA-1,CSF,0.3084577093768767
MS,MS60249_CSF,GSM4104126_GACGCGTCAGGGATTG-1,CSF,-0.29997119987097626
MS,MS60249_CSF,GSM4104126_GACGCGTTCAGGCGAA-1,CSF,-0.013782804273094501
MS,MS60249_CSF,GSM4104126_GACGGCTCACGGTTTA-1,CSF,-0.29997119987097626
MS,MS60249_CSF,GSM4104126_GACGGCTGTACTTAGC-1,CSF,0.046997104163960586
MS,MS60249_CSF,GSM4104126_GACGGCTTCGTTACAG-1,CSF,0.29390657471574844
MS,MS60249_CSF,GSM4104126_GACTAACAGAAACCTA-1,CSF,0.003871796537763198
MS,MS60249_CSF,GSM4104126_GACTAACCAATCACAC-1,CSF,0.10304864052826848
MS,MS60249_CSF,GSM4104126_GACTACAAGGTCGGAT-1,CSF,-0.29997119987097626
MS,MS60249_CSF,GSM4104126_GACTACAGTGCCTTGG-1,CSF,-0.09403247842264917
MS,MS60249_CSF,GSM4104126_GACTGCGGTGATAAGT-1,CSF,-0.29997119987097626
MS,MS60249_CSF,GSM4104126_GAGCAGAGTACAGTTC-1,CSF,0.0038686607786552357
MS,MS60249_CSF,GSM4104126_GAGCAGAGTCTCTTTA-1,CSF,0.03693935425222431
MS,MS60249_CSF,GSM4104126_GAGTCCGAGACCTAGG-1,CSF,-0.29997119987097626
MS,MS60249_CSF,GSM4104126_GAGTCCGAGGGCATGT-1,CSF,-0.29997119987097626
MS,MS60249_CSF,GSM4104126_GAGTCCGAGGGTTTCT-1,CSF,-0.29997119987097626
MS,MS60249_CSF,GSM4104126_GAGTCCGCATTCCTGC-1,CSF,-0.29997119987097626
MS,MS60249_CSF,GSM4104126_GATCGATAGGTGGGTT-1,CSF,0.7552496029763621
MS,MS60249_CSF,GSM4104126_GATCGATCATTCGACA-1,CSF,-0.29997119987097626
MS,MS60249_CSF,GSM4104126_GATCGATGTAAGTGTA-1,CSF,0.021696733265982076
MS,MS60249_CSF,GSM4104126_GATCGATGTTCCAACA-1,CSF,-0.03468504467468343
MS,MS60249_CSF,GSM4104126_GATCGATTCGAGAGCA-1,CSF,-0.29997119987097626
MS,MS60249_CSF,GSM4104126_GATCGCGAGGCTCATT-1,CSF,0.10884988277547583
MS,MS60249_CSF,GSM4104126_GATCGTAAGATCGGGT-1,CSF,0.6281942459972404
MS,MS60249_CSF,GSM4104126_GATCGTAAGTCCCACG-1,CSF,0.10331726438112589
MS,MS60249_CSF,GSM4104126_GATCTAGAGGAGTAGA-1,CSF,-0.29997119987097626
MS,MS60249_CSF,GSM4104126_GATCTAGCATTCCTCG-1,CSF,0.08102043026743204
MS,MS60249_CSF,GSM4104126_GATGAAAGTTCGAATC-1,CSF,-0.29997119987097626
MS,MS60249_CSF,GSM4104126_GATGAAATCCGCAGTG-1,CSF,-0.29997119987097626
MS,MS60249_CSF,GSM4104126_GATGAGGGTGGTCCGT-1,CSF,0.028613189948171507
MS,MS60249_CSF,GSM4104126_GATGAGGTCTAACCGA-1,CSF,-0.06737314147429549
MS,MS60249_CSF,GSM4104126_GATGCTAGTGTATGGG-1,CSF,0.05290084631359193
MS,MS60249_CSF,GSM4104126_GATTCAGAGTTCGCAT-1,CSF,-0.29997119987097626
MS,MS60249_CSF,GSM4104126_GATTCAGTCCAAACAC-1,CSF,-0.1974028135963493
MS,MS60249_CSF,GSM4104126_GCAAACTAGTCATCCA-1,CSF,-0.29997119987097626
MS,MS60249_CSF,GSM4104126_GCAATCAGTACAGCAG-1,CSF,-0.16360104059858058
MS,MS60249_CSF,GSM4104126_GCACTCTTCCCTGACT-1,CSF,-0.29997119987097626
MS,MS60249_CSF,GSM4104126_GCAGCCACATTGGTAC-1,CSF,0.18323895922363578
MS,MS60249_CSF,GSM4104126_GCAGCCATCCACTCCA-1,CSF,-0.1354071325378892
MS,MS60249_CSF,GSM4104126_GCAGTTATCACATACG-1,CSF,-0.29997119987097626
MS,MS60249_CSF,GSM4104126_GCAGTTATCAGCGACC-1,CSF,-0.02539735660381253
MS,MS60249_CSF,GSM4104126_GCATACATCGACAGCC-1,CSF,-0.29997119987097626
MS,MS60249_CSF,GSM4104126_GCATGATAGAAGCCCA-1,CSF,0.05851983221008429
MS,MS60249_CSF,GSM4104126_GCATGATAGAGGTAGA-1,CSF,-0.29997119987097626
MS,MS60249_CSF,GSM4104126_GCATGATCAACACCTA-1,CSF,0.04981504143538754
MS,MS60249_CSF,GSM4104126_GCATGATTCCTCGCAT-1,CSF,0.013450202768106696
MS,MS60249_CSF,GSM4104126_GCATGCGCACATCCAA-1,CSF,0.012953651961339527
MS,MS60249_CSF,GSM4104126_GCATGCGCACGGTAGA-1,CSF,0.11334579265130075
MS,MS60249_CSF,GSM4104126_GCATGTACAGGATCGA-1,CSF,-0.29997119987097626
MS,MS60249_CSF,GSM4104126_GCATGTAGTTTGGCGC-1,CSF,-0.29997119987097626
MS,MS60249_CSF,GSM4104126_GCCTCTAAGGGTGTGT-1,CSF,-0.0026857955712507675
MS,MS60249_CSF,GSM4104126_GCCTCTATCCGAATGT-1,CSF,0.5991679855503745
MS,MS60249_CSF,GSM4104126_GCGACCACAAACCTAC-1,CSF,-0.29997119987097626
MS,MS60249_CSF,GSM4104126_GCGACCAGTCAATACC-1,CSF,-0.009426551377759055
MS,MS60249_CSF,GSM4104126_GCGAGAAGTTCCATGA-1,CSF,0.7435081762764192
MS,MS60249_CSF,GSM4104126_GCGAGAATCGATCCCT-1,CSF,-0.29997119987097626
MS,MS60249_CSF,GSM4104126_GCGAGAATCGGTCTAA-1,CSF,-0.11606994773041616
MS,MS60249_CSF,GSM4104126_GCGCAACCACGTCAGC-1,CSF,-0.1259715553412613
MS,MS60249_CSF,GSM4104126_GCGCGATAGGACTGGT-1,CSF,0.3586224506250857
MS,MS60249_CSF,GSM4104126_GCGCGATAGTTCGATC-1,CSF,-0.29997119987097626
MS,MS60249_CSF,GSM4104126_GCGGGTTGTCCTAGCG-1,CSF,-0.13505441788271563
MS,MS60249_CSF,GSM4104126_GCGGGTTGTGGTAACG-1,CSF,0.19719250406638195
MS,MS60249_CSF,GSM4104126_GCTCCTAGTAACGTTC-1,CSF,0.27138211892913544
MS,MS60249_CSF,GSM4104126_GCTCCTAGTTATCGGT-1,CSF,-0.29997119987097626
MS,MS60249_CSF,GSM4104126_GCTCCTATCTCCGGTT-1,CSF,-0.29997119987097626
MS,MS60249_CSF,GSM4104126_GCTCTGTCAGTTCCCT-1,CSF,-0.1444356519634566
MS,MS60249_CSF,GSM4104126_GCTGCAGAGGACAGAA-1,CSF,-0.29997119987097626
MS,MS60249_CSF,GSM4104126_GCTGCAGAGTCTCGGC-1,CSF,-0.29997119987097626
MS,MS60249_CSF,GSM4104126_GCTGCAGTCAGCGATT-1,CSF,0.12153503306000199
MS,MS60249_CSF,GSM4104126_GCTGCGACAGCTTCGG-1,CSF,-0.29997119987097626
MS,MS60249_CSF,GSM4104126_GCTGCTTTCATAACCG-1,CSF,0.03418404336138844
MS,MS60249_CSF,GSM4104126_GCTGGGTGTTTGGGCC-1,CSF,0.26320946465206013
MS,MS60249_CSF,GSM4104126_GCTGGGTTCTTACCGC-1,CSF,-0.29997119987097626
MS,MS60249_CSF,GSM4104126_GCTTCCACAATACGCT-1,CSF,-0.29997119987097626
MS,MS60249_CSF,GSM4104126_GCTTCCACATGTAGTC-1,CSF,-0.29997119987097626
MS,MS60249_CSF,GSM4104126_GCTTCCATCTTGCCGT-1,CSF,-0.29997119987097626
MS,MS60249_CSF,GSM4104126_GCTTGAAAGAGGGATA-1,CSF,0.561700850497068
MS,MS60249_CSF,GSM4104126_GCTTGAAAGCTGCCCA-1,CSF,-0.29997119987097626
MS,MS60249_CSF,GSM4104126_GGAAAGCAGCCGCCTA-1,CSF,-0.29997119987097626
MS,MS60249_CSF,GSM4104126_GGAAAGCTCATCGATG-1,CSF,0.054228273168410404
MS,MS60249_CSF,GSM4104126_GGAACTTAGGTGGGTT-1,CSF,-0.11032147736409868
MS,MS60249_CSF,GSM4104126_GGAACTTGTGCACTTA-1,CSF,-0.29997119987097626
MS,MS60249_CSF,GSM4104126_GGAATAAAGTAGTGCG-1,CSF,-0.29997119987097626
MS,MS60249_CSF,GSM4104126_GGACAAGCAAACCTAC-1,CSF,-0.29997119987097626
MS,MS60249_CSF,GSM4104126_GGACAGATCTGAGTGT-1,CSF,-0.29997119987097626
MS,MS60249_CSF,GSM4104126_GGATGTTTCGCATGGC-1,CSF,-0.29997119987097626
MS,MS60249_CSF,GSM4104126_GGATGTTTCGCGGATC-1,CSF,-0.29997119987097626
MS,MS60249_CSF,GSM4104126_GGATTACCAAAGGCGT-1,CSF,0.2782683343764825
MS,MS60249_CSF,GSM4104126_GGCAATTTCTTGACGA-1,CSF,-0.29997119987097626
MS,MS60249_CSF,GSM4104126_GGCCGATAGACTTTCG-1,CSF,-0.29997119987097626
MS,MS60249_CSF,GSM4104126_GGCGTGTGTTGGTTTG-1,CSF,-0.29997119987097626
MS,MS60249_CSF,GSM4104126_GGCTGGTAGCGTAGTG-1,CSF,-0.29997119987097626
MS,MS60249_CSF,GSM4104126_GGCTGGTTCAGGTTCA-1,CSF,-0.19692847041574815
MS,MS60249_CSF,GSM4104126_GGGACCTAGGTGATAT-1,CSF,0.36890712248657215
MS,MS60249_CSF,GSM4104126_GGGACCTAGGTGATTA-1,CSF,-0.29997119987097626
MS,MS60249_CSF,GSM4104126_GGGACCTAGTGCTGCC-1,CSF,-0.29997119987097626
MS,MS60249_CSF,GSM4104126_GGGACCTGTTAGAACA-1,CSF,-0.29997119987097626
MS,MS60249_CSF,GSM4104126_GGGAGATTCGGAAATA-1,CSF,-0.09384804768222953
MS,MS60249_CSF,GSM4104126_GGGATGAGTTATCCGA-1,CSF,-0.1549421134423894
MS,MS60249_CSF,GSM4104126_GGGCACTAGAAAGTGG-1,CSF,-0.29997119987097626
MS,MS60249_CSF,GSM4104126_GGGCACTAGTGAACGC-1,CSF,0.11899792749270234
MS,MS60249_CSF,GSM4104126_GGGCACTTCAACACCA-1,CSF,-0.29997119987097626
MS,MS60249_CSF,GSM4104126_GGGCATCCATGTTGAC-1,CSF,-0.09809804172324989
MS,MS60249_CSF,GSM4104126_GGGCATCGTAGAAGGA-1,CSF,-0.29997119987097626
MS,MS60249_CSF,GSM4104126_GGGTCTGAGCTCAACT-1,CSF,0.19045609845312322
MS,MS60249_CSF,GSM4104126_GGGTCTGAGGCTACGA-1,CSF,0.07122826853493582
MS,MS60249_CSF,GSM4104126_GGGTCTGTCAACCATG-1,CSF,-0.08999874747404259
MS,MS60249_CSF,GSM4104126_GGGTCTGTCCAGGGCT-1,CSF,-0.29997119987097626
MS,MS60249_CSF,GSM4104126_GGTATTGGTTCACGGC-1,CSF,0.054877969913987225
MS,MS60249_CSF,GSM4104126_GGTGCGTAGGCTCTTA-1,CSF,-0.17853543532459
MS,MS60249_CSF,GSM4104126_GGTGCGTGTCAAAGAT-1,CSF,0.07733825844059063
MS,MS60249_CSF,GSM4104126_GGTGCGTGTCAATACC-1,CSF,0.15927164502179322
MS,MS60249_CSF,GSM4104126_GGTGCGTTCACAGTAC-1,CSF,0.1319822871142611
MS,MS60249_CSF,GSM4104126_GTAACGTGTTACAGAA-1,CSF,-0.29997119987097626
MS,MS60249_CSF,GSM4104126_GTACTCCAGAAGATTC-1,CSF,-0.29997119987097626
MS,MS60249_CSF,GSM4104126_GTACTCCAGTTAACGA-1,CSF,-0.29997119987097626
MS,MS60249_CSF,GSM4104126_GTACTCCCAATGACCT-1,CSF,-0.29997119987097626
MS,MS60249_CSF,GSM4104126_GTACTTTCACCAGGTC-1,CSF,-0.29997119987097626
MS,MS60249_CSF,GSM4104126_GTAGGCCGTTAAAGTG-1,CSF,-0.29997119987097626
MS,MS60249_CSF,GSM4104126_GTAGTCAAGCGCTTAT-1,CSF,-0.29997119987097626
MS,MS60249_CSF,GSM4104126_GTAGTCAAGTCCGTAT-1,CSF,-0.29997119987097626
MS,MS60249_CSF,GSM4104126_GTAGTCATCACGATGT-1,CSF,0.004280446283751317
MS,MS60249_CSF,GSM4104126_GTCAAGTGTCCGCTGA-1,CSF,-0.29997119987097626
MS,MS60249_CSF,GSM4104126_GTCAAGTGTCTCACCT-1,CSF,-0.29997119987097626
MS,MS60249_CSF,GSM4104126_GTCACAAAGAGTGAGA-1,CSF,-0.29997119987097626
MS,MS60249_CSF,GSM4104126_GTCACGGCACAACTGT-1,CSF,-0.07421417807179796
MS,MS60249_CSF,GSM4104126_GTCATTTGTGTTGGGA-1,CSF,-0.15160045641246386
MS,MS60249_CSF,GSM4104126_GTCCTCATCCTTTCTC-1,CSF,-0.29997119987097626
MS,MS60249_CSF,GSM4104126_GTCGGGTCACCCAGTG-1,CSF,0.33777034496074393
MS,MS60249_CSF,GSM4104126_GTCGGGTTCGCTTGTC-1,CSF,-0.14369257698383087
MS,MS60249_CSF,GSM4104126_GTCTCGTAGATCCCAT-1,CSF,-0.29997119987097626
MS,MS60249_CSF,GSM4104126_GTCTCGTTCCACGACG-1,CSF,-0.29997119987097626
MS,MS60249_CSF,GSM4104126_GTCTTCGCACTAGTAC-1,CSF,0.04684280252767029
MS,MS60249_CSF,GSM4104126_GTCTTCGCAGGTTTCA-1,CSF,0.008961484649817972
MS,MS60249_CSF,GSM4104126_GTGAAGGCAGGCAGTA-1,CSF,-0.29997119987097626
MS,MS60249_CSF,GSM4104126_GTGAAGGTCTAACTTC-1,CSF,-0.29997119987097626
MS,MS60249_CSF,GSM4104126_GTGAAGGTCTGCGGCA-1,CSF,-0.29997119987097626
MS,MS60249_CSF,GSM4104126_GTGCAGCGTGCAGACA-1,CSF,-0.29997119987097626
MS,MS60249_CSF,GSM4104126_GTGCAGCGTGGTACAG-1,CSF,-0.29997119987097626
MS,MS60249_CSF,GSM4104126_GTGCATACACCTGGTG-1,CSF,-0.29997119987097626
MS,MS60249_CSF,GSM4104126_GTGCGGTCAGCCAGAA-1,CSF,-0.06873752577486322
MS,MS60249_CSF,GSM4104126_GTGCGGTTCTGAGTGT-1,CSF,-0.16375587756551527
MS,MS60249_CSF,GSM4104126_GTGTGCGAGCAGCGTA-1,CSF,-0.25283942076957483
MS,MS60249_CSF,GSM4104126_GTGTTAGCATTCTTAC-1,CSF,-0.29997119987097626
MS,MS60249_CSF,GSM4104126_GTTAAGCCACATGTGT-1,CSF,0.009980113165613758
MS,MS60249_CSF,GSM4104126_GTTCATTCATGCCACG-1,CSF,0.06201302884015785
MS,MS60249_CSF,GSM4104126_GTTCATTTCTGCCAGG-1,CSF,-0.29997119987097626
MS,MS60249_CSF,GSM4104126_GTTCGGGTCCGAATGT-1,CSF,-0.29997119987097626
MS,MS60249_CSF,GSM4104126_GTTCTCGAGTCCCACG-1,CSF,0.10558148842974936
MS,MS60249_CSF,GSM4104126_GTTCTCGTCAACGGGA-1,CSF,0.059451614102196695
MS,MS60249_CSF,GSM4104126_GTTTCTAAGTTATCGC-1,CSF,-0.29997119987097626
MS,MS60249_CSF,GSM4104126_GTTTCTACATGGTCTA-1,CSF,0.010669986396499345
MS,MS60249_CSF,GSM4104126_TAAACCGAGTCGTACT-1,CSF,-0.29997119987097626
MS,MS60249_CSF,GSM4104126_TAAGAGAAGCTAGTTC-1,CSF,-0.14632137104422355
MS,MS60249_CSF,GSM4104126_TAAGAGACAATGTTGC-1,CSF,-0.09862022825150725
MS,MS60249_CSF,GSM4104126_TAAGTGCGTCACCCAG-1,CSF,0.4508849312235143
MS,MS60249_CSF,GSM4104126_TACAGTGAGCTCCCAG-1,CSF,-0.29997119987097626
MS,MS60249_CSF,GSM4104126_TACCTATAGGAATTAC-1,CSF,-0.29997119987097626
MS,MS60249_CSF,GSM4104126_TACCTTATCGAGCCCA-1,CSF,-0.10175904952746036
MS,MS60249_CSF,GSM4104126_TACCTTATCGCCATAA-1,CSF,0.17477101039393417
MS,MS60249_CSF,GSM4104126_TACGGATGTTCAGCGC-1,CSF,-0.21457978910230874
MS,MS60249_CSF,GSM4104126_TACGGGCGTACATCCA-1,CSF,-0.29997119987097626
MS,MS60249_CSF,GSM4104126_TACGGGCGTTGTGGAG-1,CSF,0.000798515041189258
MS,MS60249_CSF,GSM4104126_TACGGGCTCTAACCGA-1,CSF,-0.18906130061724197
MS,MS60249_CSF,GSM4104126_TACGGTACACCAGATT-1,CSF,0.12597837587719046
MS,MS60249_CSF,GSM4104126_TACGGTAGTCCGTCAG-1,CSF,-0.12502900849112356
MS,MS60249_CSF,GSM4104126_TACTCATCATTCCTCG-1,CSF,-0.03789820426735274
MS,MS60249_CSF,GSM4104126_TACTCATCATTTGCTT-1,CSF,0.4458534220888688
MS,MS60249_CSF,GSM4104126_TACTCGCAGCGTAGTG-1,CSF,-0.29997119987097626
MS,MS60249_CSF,GSM4104126_TACTCGCGTCTAGGTT-1,CSF,0.07981399463782055
MS,MS60249_CSF,GSM4104126_TACTTGTCAGGAATCG-1,CSF,-0.014288422958455707
MS,MS60249_CSF,GSM4104126_TACTTGTGTCAATGTC-1,CSF,0.12340112377654042
MS,MS60249_CSF,GSM4104126_TAGAGCTTCAGTCAGT-1,CSF,-0.29997119987097626
MS,MS60249_CSF,GSM4104126_TAGGCATCAATCTGCA-1,CSF,-0.29997119987097626
MS,MS60249_CSF,GSM4104126_TAGGCATCAGATGGCA-1,CSF,-0.29997119987097626
MS,MS60249_CSF,GSM4104126_TAGGCATGTCCCGACA-1,CSF,-0.29997119987097626
MS,MS60249_CSF,GSM4104126_TAGGCATGTTCGTGAT-1,CSF,-0.29997119987097626
MS,MS60249_CSF,GSM4104126_TAGTGGTAGACTACAA-1,CSF,-0.29997119987097626
MS,MS60249_CSF,GSM4104126_TAGTGGTCATTAGCCA-1,CSF,-0.29997119987097626
MS,MS60249_CSF,GSM4104126_TAGTTGGAGGGAACGG-1,CSF,-0.29997119987097626
MS,MS60249_CSF,GSM4104126_TAGTTGGCAGACGCAA-1,CSF,0.4597002032303491
MS,MS60249_CSF,GSM4104126_TAGTTGGGTAAAGGAG-1,CSF,-0.19936480644534743
MS,MS60249_CSF,GSM4104126_TAGTTGGGTCAGAGGT-1,CSF,0.1768791973035175
MS,MS60249_CSF,GSM4104126_TATCAGGAGCGCTCCA-1,CSF,-0.10214717721135329
MS,MS60249_CSF,GSM4104126_TATCAGGAGTTCGCGC-1,CSF,-0.29997119987097626
MS,MS60249_CSF,GSM4104126_TATCAGGCACTTCTGC-1,CSF,-0.10932615378957793
MS,MS60249_CSF,GSM4104126_TATCAGGGTTGAGTTC-1,CSF,-0.29997119987097626
MS,MS60249_CSF,GSM4104126_TATCAGGTCACCTCGT-1,CSF,-0.29997119987097626
MS,MS60249_CSF,GSM4104126_TATCAGGTCAGTTGAC-1,CSF,0.2092847828523925
MS,MS60249_CSF,GSM4104126_TATCTCAAGAGCCCAA-1,CSF,-0.29997119987097626
MS,MS60249_CSF,GSM4104126_TATCTCACAGACAGGT-1,CSF,-0.29997119987097626
MS,MS60249_CSF,GSM4104126_TATGCCCAGCGAGAAA-1,CSF,0.382374159253961
MS,MS60249_CSF,GSM4104126_TATGCCCCATCCGTGG-1,CSF,-0.09054674211684012
MS,MS60249_CSF,GSM4104126_TATGCCCTCGACAGCC-1,CSF,-0.29997119987097626
MS,MS60249_CSF,GSM4104126_TATTACCCACTTAACG-1,CSF,0.2579036675580994
MS,MS60249_CSF,GSM4104126_TCAACGATCCTCTAGC-1,CSF,-0.29997119987097626
MS,MS60249_CSF,GSM4104126_TCAATCTTCATTGCCC-1,CSF,0.014699300131625015
MS,MS60249_CSF,GSM4104126_TCACGAACAGATCCAT-1,CSF,-0.016807552319203046
MS,MS60249_CSF,GSM4104126_TCAGATGGTACCGGCT-1,CSF,-0.29997119987097626
MS,MS60249_CSF,GSM4104126_TCAGATGTCCTCCTAG-1,CSF,0.042343083768119065
MS,MS60249_CSF,GSM4104126_TCAGCAATCATCATTC-1,CSF,-0.29997119987097626
MS,MS60249_CSF,GSM4104126_TCAGCAATCATGGTCA-1,CSF,-0.29997119987097626
MS,MS60249_CSF,GSM4104126_TCAGCTCCACCTTGTC-1,CSF,-0.29997119987097626
MS,MS60249_CSF,GSM4104126_TCAGCTCCAGCTGCAC-1,CSF,-0.05888747989213666
MS,MS60249_CSF,GSM4104126_TCAGGATGTAGCCTAT-1,CSF,-0.29997119987097626
MS,MS60249_CSF,GSM4104126_TCAGGATTCCGCTGTT-1,CSF,0.18157676184308216
MS,MS60249_CSF,GSM4104126_TCAGGTAGTTAAGGGC-1,CSF,-0.29997119987097626
MS,MS60249_CSF,GSM4104126_TCATTTGCACAACGCC-1,CSF,-0.29997119987097626
MS,MS60249_CSF,GSM4104126_TCATTTGTCGCATGGC-1,CSF,-0.29997119987097626
MS,MS60249_CSF,GSM4104126_TCCCGATAGTATTGGA-1,CSF,-0.29997119987097626
MS,MS60249_CSF,GSM4104126_TCCCGATAGTTTAGGA-1,CSF,-0.29997119987097626
MS,MS60249_CSF,GSM4104126_TCGAGGCTCACGCATA-1,CSF,-0.07799101931681454
MS,MS60249_CSF,GSM4104126_TCGCGAGAGCGAGAAA-1,CSF,-0.29997119987097626
MS,MS60249_CSF,GSM4104126_TCGCGAGTCGCAAGCC-1,CSF,-0.077224336478448
MS,MS60249_CSF,GSM4104126_TCGCGTTGTATGAAAC-1,CSF,-0.13442528355919078
MS,MS60249_CSF,GSM4104126_TCGCGTTGTTCCATGA-1,CSF,-0.29997119987097626
MS,MS60249_CSF,GSM4104126_TCGTACCAGTGGGCTA-1,CSF,0.21723132593655234
MS,MS60249_CSF,GSM4104126_TCGTAGAAGGTGGGTT-1,CSF,-0.29997119987097626
MS,MS60249_CSF,GSM4104126_TCGTAGACAGCCTTTC-1,CSF,-0.29997119987097626
MS,MS60249_CSF,GSM4104126_TCTATTGGTCCATCCT-1,CSF,-0.09315244611904729
MS,MS60249_CSF,GSM4104126_TCTCATAAGGTACTCT-1,CSF,-0.29997119987097626
MS,MS60249_CSF,GSM4104126_TCTCATACACATCCAA-1,CSF,0.13737488768618428
MS,MS60249_CSF,GSM4104126_TCTCTAAGTGTTGAGG-1,CSF,-0.29997119987097626
MS,MS60249_CSF,GSM4104126_TCTGAGAAGAGGTTAT-1,CSF,-0.29997119987097626
MS,MS60249_CSF,GSM4104126_TCTGAGACAGCTGCTG-1,CSF,0.2168638811603288
MS,MS60249_CSF,GSM4104126_TCTGAGATCTGTCAAG-1,CSF,-0.028093931096249882
MS,MS60249_CSF,GSM4104126_TCTGGAAGTAATCGTC-1,CSF,-0.29997119987097626
MS,MS60249_CSF,GSM4104126_TCTGGAAGTTCCCTTG-1,CSF,-0.10734572674765672
MS,MS60249_CSF,GSM4104126_TCTTCGGCATGCCACG-1,CSF,0.6098378573971969
MS,MS60249_CSF,GSM4104126_TCTTCGGGTCAGAATA-1,CSF,-0.29997119987097626
MS,MS60249_CSF,GSM4104126_TCTTCGGTCTAACTCT-1,CSF,-0.29997119987097626
MS,MS60249_CSF,GSM4104126_TCTTTCCGTGGGTCAA-1,CSF,-0.29997119987097626
MS,MS60249_CSF,GSM4104126_TGAAAGAGTGCCTTGG-1,CSF,0.02057021744832377
MS,MS60249_CSF,GSM4104126_TGAAAGATCCTCGCAT-1,CSF,-0.29997119987097626
MS,MS60249_CSF,GSM4104126_TGACAACAGAAGGGTA-1,CSF,-0.015862690619276386
MS,MS60249_CSF,GSM4104126_TGACAACAGATGTTAG-1,CSF,-0.14646778111090647
MS,MS60249_CSF,GSM4104126_TGACAACCATCTACGA-1,CSF,-0.14370650857852468
MS,MS60249_CSF,GSM4104126_TGACTAGGTAGGCTGA-1,CSF,-0.29997119987097626
MS,MS60249_CSF,GSM4104126_TGACTTTAGTCCTCCT-1,CSF,-0.03282333891885319
MS,MS60249_CSF,GSM4104126_TGACTTTGTTGGTAAA-1,CSF,0.4487306617298728
MS,MS60249_CSF,GSM4104126_TGACTTTTCTGCGTAA-1,CSF,0.003602179419598716
MS,MS60249_CSF,GSM4104126_TGAGCATCATGTCTCC-1,CSF,0.06103324833767778
MS,MS60249_CSF,GSM4104126_TGAGCCGCAATGGTCT-1,CSF,-0.29997119987097626
MS,MS60249_CSF,GSM4104126_TGAGCCGTCTTACCTA-1,CSF,0.022099036707413835
MS,MS60249_CSF,GSM4104126_TGATTTCAGTGGACGT-1,CSF,-0.29997119987097626
MS,MS60249_CSF,GSM4104126_TGCCAAATCGAACGGA-1,CSF,-0.29997119987097626
MS,MS60249_CSF,GSM4104126_TGCCAAATCTCGGACG-1,CSF,-0.29997119987097626
MS,MS60249_CSF,GSM4104126_TGCCCATTCTTGTTTG-1,CSF,-0.12015347826062184
MS,MS60249_CSF,GSM4104126_TGCCCTAAGGAACTGC-1,CSF,-0.29997119987097626
MS,MS60249_CSF,GSM4104126_TGCGCAGCACCACCAG-1,CSF,0.1599890411273633
MS,MS60249_CSF,GSM4104126_TGCGCAGTCAGCACAT-1,CSF,-0.29997119987097626
MS,MS60249_CSF,GSM4104126_TGCGTGGTCCGCAGTG-1,CSF,0.692137754626618
MS,MS60249_CSF,GSM4104126_TGCTACCCACTCAGGC-1,CSF,0.9109268183254304
MS,MS60249_CSF,GSM4104126_TGCTACCGTGAACCTT-1,CSF,-0.05302549592731894
MS,MS60249_CSF,GSM4104126_TGCTACCTCAACACTG-1,CSF,0.11021395163015137
MS,MS60249_CSF,GSM4104126_TGCTGCTGTATATGGA-1,CSF,-0.29997119987097626
MS,MS60249_CSF,GSM4104126_TGCTGCTGTCAAGCGA-1,CSF,-0.29997119987097626
MS,MS60249_CSF,GSM4104126_TGCTGCTGTCTCATCC-1,CSF,-0.29997119987097626
MS,MS60249_CSF,GSM4104126_TGCTGCTTCCTTAATC-1,CSF,-0.29997119987097626
MS,MS60249_CSF,GSM4104126_TGGACGCCACACCGCA-1,CSF,-0.29997119987097626
MS,MS60249_CSF,GSM4104126_TGGACGCTCTGTGCAA-1,CSF,-0.29997119987097626
MS,MS60249_CSF,GSM4104126_TGGCCAGAGGAGTTTA-1,CSF,-0.09931092934418717
MS,MS60249_CSF,GSM4104126_TGGCCAGGTGCATCTA-1,CSF,-0.29997119987097626
MS,MS60249_CSF,GSM4104126_TGGCCAGTCAGCTCTC-1,CSF,-0.10084235145057982
MS,MS60249_CSF,GSM4104126_TGGCGCAAGTGAACGC-1,CSF,0.25305541302845913
MS,MS60249_CSF,GSM4104126_TGGCTGGGTGTATGGG-1,CSF,-0.29997119987097626
MS,MS60249_CSF,GSM4104126_TGGCTGGGTTTCCACC-1,CSF,-0.29997119987097626
MS,MS60249_CSF,GSM4104126_TGGGCGTCATGTAAGA-1,CSF,-0.29997119987097626
MS,MS60249_CSF,GSM4104126_TGGGCGTGTAAAGTCA-1,CSF,0.0660941327992017
MS,MS60249_CSF,GSM4104126_TGGTTAGGTTAGGGTG-1,CSF,-0.29997119987097626
MS,MS60249_CSF,GSM4104126_TGGTTAGTCTGCTTGC-1,CSF,0.3608881674215561
MS,MS60249_CSF,GSM4104126_TGGTTAGTCTTACCTA-1,CSF,-0.15317878163463147
MS,MS60249_CSF,GSM4104126_TGGTTCCCACGGATAG-1,CSF,-0.29997119987097626
MS,MS60249_CSF,GSM4104126_TGGTTCCTCCCTGACT-1,CSF,0.053686515790075474
MS,MS60249_CSF,GSM4104126_TGTATTCTCTGTCAAG-1,CSF,-0.29997119987097626
MS,MS60249_CSF,GSM4104126_TGTCCCACATTCCTGC-1,CSF,-0.29997119987097626
MS,MS60249_CSF,GSM4104126_TGTGGTATCCAAACTG-1,CSF,-0.29997119987097626
MS,MS60249_CSF,GSM4104126_TGTGTTTCATCTATGG-1,CSF,-0.29997119987097626
MS,MS60249_CSF,GSM4104126_TGTTCCGAGGGTATCG-1,CSF,-0.29997119987097626
MS,MS60249_CSF,GSM4104126_TGTTCCGCAATCACAC-1,CSF,-0.29997119987097626
MS,MS60249_CSF,GSM4104126_TTAGGACAGTGAACGC-1,CSF,-0.29997119987097626
MS,MS60249_CSF,GSM4104126_TTAGGACTCACCATAG-1,CSF,-0.29997119987097626
MS,MS60249_CSF,GSM4104126_TTAGTTCTCTGTCAAG-1,CSF,0.5858256622725143
MS,MS60249_CSF,GSM4104126_TTCGGTCTCCAGAAGG-1,CSF,0.017707055348714862
MS,MS60249_CSF,GSM4104126_TTCTACACATCGGGTC-1,CSF,0.9577627488948764
MS,MS60249_CSF,GSM4104126_TTCTCAATCTATGTGG-1,CSF,0.19132803181634986
MS,MS60249_CSF,GSM4104126_TTCTCCTAGAAGGCCT-1,CSF,0.008560857663935677
MS,MS60249_CSF,GSM4104126_TTCTTAGAGTTGTAGA-1,CSF,-0.29997119987097626
MS,MS60249_CSF,GSM4104126_TTGAACGCAAGTTCTG-1,CSF,-0.29997119987097626
MS,MS60249_CSF,GSM4104126_TTGACTTAGTCAAGCG-1,CSF,-0.29997119987097626
MS,MS60249_CSF,GSM4104126_TTGACTTGTGTGAAAT-1,CSF,-0.29997119987097626
MS,MS60249_CSF,GSM4104126_TTGCCGTAGGTTCCTA-1,CSF,-0.29997119987097626
MS,MS60249_CSF,GSM4104126_TTGCGTCCAGTGAGTG-1,CSF,-0.29997119987097626
MS,MS60249_CSF,GSM4104126_TTGCGTCGTGGTCTCG-1,CSF,0.14198960238323483
MS,MS60249_CSF,GSM4104126_TTGGAACCACCATGTA-1,CSF,0.274595179323306
MS,MS60249_CSF,GSM4104126_TTGGCAAAGGCTATCT-1,CSF,0.20878666408961277
MS,MS60249_CSF,GSM4104126_TTGGCAAGTCACCCAG-1,CSF,-0.07242911491498642
MS,MS60249_CSF,GSM4104126_TTGTAGGAGTAATCCC-1,CSF,-0.29997119987097626
MS,MS60249_CSF,GSM4104126_TTGTAGGTCAACGCTA-1,CSF,0.06325691803887176
MS,MS60249_CSF,GSM4104126_TTGTAGGTCATCACCC-1,CSF,0.12304566139649586
MS,MS60249_CSF,GSM4104126_TTTACTGTCGTGGGAA-1,CSF,-0.29997119987097626
MS,MS60249_CSF,GSM4104126_TTTGCGCCATGCCCGA-1,CSF,-0.00962688336878897
MS,MS60249_CSF,GSM4104126_TTTGGTTGTCCATCCT-1,CSF,-0.1733246755427702
MS,MS60249_CSF,GSM4104126_TTTGGTTGTTGATTGC-1,CSF,-0.29997119987097626
MS,MS60249_CSF,GSM4104126_TTTGTCAAGTGAACGC-1,CSF,-0.14110373679223548
MS,MS71658_CSF,GSM4104124_AACGTTGTCTTGTTTG-1,CSF,0.33650880654680193
MS,MS71658_CSF,GSM4104124_AACTCAGAGGAGCGTT-1,CSF,0.4749122939883837
MS,MS71658_CSF,GSM4104124_AACTCCCGTGTGTGCC-1,CSF,-0.29997119987097626
MS,MS71658_CSF,GSM4104124_AACTTTCAGAAGGACA-1,CSF,-0.29997119987097626
MS,MS71658_CSF,GSM4104124_AAGACCTCAGGGAGAG-1,CSF,0.28387246090800156
MS,MS71658_CSF,GSM4104124_AAGCCGCGTAGAGCTG-1,CSF,-0.29997119987097626
MS,MS71658_CSF,GSM4104124_AAGTCTGGTCGTCTTC-1,CSF,-0.29997119987097626
MS,MS71658_CSF,GSM4104124_AATCGGTAGTTGAGAT-1,CSF,-0.025693407960060845
MS,MS71658_CSF,GSM4104124_ACACCGGTCCTGTACC-1,CSF,0.3323487818064305
MS,MS71658_CSF,GSM4104124_ACACCGGTCGTTTGCC-1,CSF,-0.29997119987097626
MS,MS71658_CSF,GSM4104124_ACACTGACACTCTGTC-1,CSF,0.2165202044738798
MS,MS71658_CSF,GSM4104124_ACACTGACACTTAAGC-1,CSF,0.0017395150576461507
MS,MS71658_CSF,GSM4104124_ACAGCCGGTTTACTCT-1,CSF,-0.29997119987097626
MS,MS71658_CSF,GSM4104124_ACATCAGCATCTCCCA-1,CSF,-0.29997119987097626
MS,MS71658_CSF,GSM4104124_ACATCAGTCACCTTAT-1,CSF,0.3531916084603518
MS,MS71658_CSF,GSM4104124_ACATCAGTCTCGCTTG-1,CSF,0.11347642312893792
MS,MS71658_CSF,GSM4104124_ACATGGTAGCCGATTT-1,CSF,-0.29997119987097626
MS,MS71658_CSF,GSM4104124_ACCAGTATCCGTCAAA-1,CSF,-0.29997119987097626
MS,MS71658_CSF,GSM4104124_ACCGTAATCGTGGACC-1,CSF,-0.29997119987097626
MS,MS71658_CSF,GSM4104124_ACGAGCCAGATTACCC-1,CSF,-0.29997119987097626
MS,MS71658_CSF,GSM4104124_ACGAGGAGTTGGTAAA-1,CSF,-0.29997119987097626
MS,MS71658_CSF,GSM4104124_ACGCCAGAGCGATCCC-1,CSF,-0.29997119987097626
MS,MS71658_CSF,GSM4104124_ACGCCAGCAGGGTTAG-1,CSF,-0.29997119987097626
MS,MS71658_CSF,GSM4104124_ACGCCAGGTAGCACGA-1,CSF,-0.29997119987097626
MS,MS71658_CSF,GSM4104124_ACGGCCACAGAAGCAC-1,CSF,-0.29997119987097626
MS,MS71658_CSF,GSM4104124_ACGTCAAAGAGTAATC-1,CSF,-0.29997119987097626
MS,MS71658_CSF,GSM4104124_ACTGAACAGATCTGCT-1,CSF,0.24662516929212155
MS,MS71658_CSF,GSM4104124_ACTGAGTCACATCCAA-1,CSF,-0.29997119987097626
MS,MS71658_CSF,GSM4104124_AGAGCTTTCAACGAAA-1,CSF,0.2621256169304062
MS,MS71658_CSF,GSM4104124_AGAGTGGCATTACCTT-1,CSF,-0.29997119987097626
MS,MS71658_CSF,GSM4104124_AGATCTGAGAACAATC-1,CSF,-0.29997119987097626
MS,MS71658_CSF,GSM4104124_AGCGTATCACGGATAG-1,CSF,-0.29997119987097626
MS,MS71658_CSF,GSM4104124_AGCGTCGCATCCTTGC-1,CSF,-0.18585908607149104
MS,MS71658_CSF,GSM4104124_AGCTCTCCACATCCAA-1,CSF,-0.29997119987097626
MS,MS71658_CSF,GSM4104124_AGGCCGTGTAATCACC-1,CSF,-0.29997119987097626
MS,MS71658_CSF,GSM4104124_AGGCCGTGTACTCAAC-1,CSF,-0.29997119987097626
MS,MS71658_CSF,GSM4104124_AGGCCGTTCGATGAGG-1,CSF,-0.29997119987097626
MS,MS71658_CSF,GSM4104124_AGGCCGTTCTTGAGGT-1,CSF,-0.29997119987097626
MS,MS71658_CSF,GSM4104124_AGGGTGAGTCATCGGC-1,CSF,-0.1177402442478007
MS,MS71658_CSF,GSM4104124_AGGTCATTCCAAACAC-1,CSF,-0.29997119987097626
MS,MS71658_CSF,GSM4104124_AGGTCCGCATAGAAAC-1,CSF,0.02875449402253876
MS,MS71658_CSF,GSM4104124_AGTAGTCCACAGGAGT-1,CSF,-0.29997119987097626
MS,MS71658_CSF,GSM4104124_AGTGGGATCTTGGGTA-1,CSF,-0.01553639521083899
MS,MS71658_CSF,GSM4104124_ATCATGGAGGTAAACT-1,CSF,0.01263519757410352
MS,MS71658_CSF,GSM4104124_ATCCGAAGTATTACCG-1,CSF,-0.13379024220127528
MS,MS71658_CSF,GSM4104124_ATCCGAATCACTCTTA-1,CSF,-0.29997119987097626
MS,MS71658_CSF,GSM4104124_ATCCGAATCAGTTGAC-1,CSF,-0.29997119987097626
MS,MS71658_CSF,GSM4104124_ATCTGCCCAGAAGCAC-1,CSF,0.013956412062948684
MS,MS71658_CSF,GSM4104124_ATGAGGGAGACGCTTT-1,CSF,-0.07565243363723782
MS,MS71658_CSF,GSM4104124_ATGAGGGTCGCTAGCG-1,CSF,-0.08102128490806702
MS,MS71658_CSF,GSM4104124_ATGCGATAGCGTCTAT-1,CSF,-0.1239206319552195
MS,MS71658_CSF,GSM4104124_ATGCGATAGGTACTCT-1,CSF,0.005952765293913991
MS,MS71658_CSF,GSM4104124_ATGGGAGCACCACGTG-1,CSF,-0.29997119987097626
MS,MS71658_CSF,GSM4104124_ATGGGAGCATTGTGCA-1,CSF,-0.29997119987097626
MS,MS71658_CSF,GSM4104124_ATTCTACCAACGATCT-1,CSF,-0.29997119987097626
MS,MS71658_CSF,GSM4104124_ATTGGTGCAAACGCGA-1,CSF,-0.2076154379717634
MS,MS71658_CSF,GSM4104124_ATTTCTGCATGCCTTC-1,CSF,-0.29997119987097626
MS,MS71658_CSF,GSM4104124_CAACCAACACATTTCT-1,CSF,-0.29997119987097626
MS,MS71658_CSF,GSM4104124_CAAGAAAGTGAGGCTA-1,CSF,0.33254457549086375
MS,MS71658_CSF,GSM4104124_CAAGATCCAATCTACG-1,CSF,0.6574572527857979
MS,MS71658_CSF,GSM4104124_CAAGTTGTCGAGGTAG-1,CSF,-0.29997119987097626
MS,MS71658_CSF,GSM4104124_CACACAATCGTCACGG-1,CSF,-0.29997119987097626
MS,MS71658_CSF,GSM4104124_CACATTTCATGGTTGT-1,CSF,-0.1563823515655293
MS,MS71658_CSF,GSM4104124_CACCAGGCATACGCCG-1,CSF,-0.29997119987097626
MS,MS71658_CSF,GSM4104124_CACTCCATCCCAAGAT-1,CSF,-0.29997119987097626
MS,MS71658_CSF,GSM4104124_CAGAGAGCATCATCCC-1,CSF,-0.0720784276226267
MS,MS71658_CSF,GSM4104124_CAGAGAGCATGAGCGA-1,CSF,0.08936289934728868
MS,MS71658_CSF,GSM4104124_CAGAGAGGTAAGTGTA-1,CSF,-0.29997119987097626
MS,MS71658_CSF,GSM4104124_CAGATCAAGTCCTCCT-1,CSF,-0.01883219205667037
MS,MS71658_CSF,GSM4104124_CAGATCATCCCTAATT-1,CSF,-0.29997119987097626
MS,MS71658_CSF,GSM4104124_CAGCGACCATCGATTG-1,CSF,-0.29997119987097626
MS,MS71658_CSF,GSM4104124_CAGCGACTCGTTTATC-1,CSF,-0.29997119987097626
MS,MS71658_CSF,GSM4104124_CAGCTAAAGAAACGCC-1,CSF,-0.0593406468704372
MS,MS71658_CSF,GSM4104124_CAGCTGGCAGATGGCA-1,CSF,-0.29997119987097626
MS,MS71658_CSF,GSM4104124_CAGGTGCGTGTCTGAT-1,CSF,-0.29997119987097626
MS,MS71658_CSF,GSM4104124_CAGTAACGTCCTCTTG-1,CSF,0.5096360095443617
MS,MS71658_CSF,GSM4104124_CAGTCCTAGACTCGGA-1,CSF,-0.16630638030736097
MS,MS71658_CSF,GSM4104124_CATCAAGAGGAGTAGA-1,CSF,0.18016937659505272
MS,MS71658_CSF,GSM4104124_CATCAGACATGGGACA-1,CSF,-0.29997119987097626
MS,MS71658_CSF,GSM4104124_CATCAGAGTCTCTCGT-1,CSF,0.0662569856344809
MS,MS71658_CSF,GSM4104124_CATCGAACAGGATCGA-1,CSF,-0.29997119987097626
MS,MS71658_CSF,GSM4104124_CATCGGGGTTCCAACA-1,CSF,-0.29997119987097626
MS,MS71658_CSF,GSM4104124_CATCGGGTCTACGAGT-1,CSF,-0.29997119987097626
MS,MS71658_CSF,GSM4104124_CATGACATCATATCGG-1,CSF,-0.29997119987097626
MS,MS71658_CSF,GSM4104124_CATGGCGGTGCGATAG-1,CSF,0.05752049626985102
MS,MS71658_CSF,GSM4104124_CCACCTACAGGCAGTA-1,CSF,0.17626365140176095
MS,MS71658_CSF,GSM4104124_CCACGGAAGGATGGAA-1,CSF,-0.29997119987097626
MS,MS71658_CSF,GSM4104124_CCAGCGAAGCCACTAT-1,CSF,-0.29997119987097626
MS,MS71658_CSF,GSM4104124_CCATTCGTCTCCAGGG-1,CSF,0.3588415920554801
MS,MS71658_CSF,GSM4104124_CCCAGTTAGCTAAACA-1,CSF,0.05257220632209018
MS,MS71658_CSF,GSM4104124_CCCAGTTAGTGGGCTA-1,CSF,-0.08352360971074708
MS,MS71658_CSF,GSM4104124_CCCAGTTGTGGGTATG-1,CSF,-0.16375587756551527
MS,MS71658_CSF,GSM4104124_CCGGGATAGATCACGG-1,CSF,-0.29997119987097626
MS,MS71658_CSF,GSM4104124_CCGTACTAGGCCCGTT-1,CSF,-0.04687724339488537
MS,MS71658_CSF,GSM4104124_CCGTACTAGTGGTCCC-1,CSF,-0.29997119987097626
MS,MS71658_CSF,GSM4104124_CCTAAAGTCATGCAAC-1,CSF,-0.29997119987097626
MS,MS71658_CSF,GSM4104124_CCTAGCTTCAGTCAGT-1,CSF,0.23529199664507292
MS,MS71658_CSF,GSM4104124_CCTTACGCAAACAACA-1,CSF,-0.03711457467804793
MS,MS71658_CSF,GSM4104124_CCTTTCTGTTCCATGA-1,CSF,-0.039245744918535296
MS,MS71658_CSF,GSM4104124_CGACCTTGTCTCTTAT-1,CSF,-0.29997119987097626
MS,MS71658_CSF,GSM4104124_CGACTTCTCCTGCTTG-1,CSF,-0.29997119987097626
MS,MS71658_CSF,GSM4104124_CGCTATCTCACCTCGT-1,CSF,-0.10242611985046467
MS,MS71658_CSF,GSM4104124_CGCTTCATCAGCCTAA-1,CSF,-0.11654792526319416
MS,MS71658_CSF,GSM4104124_CGGACACTCGTCACGG-1,CSF,0.022001504494964248
MS,MS71658_CSF,GSM4104124_CGGACGTAGGTGCAAC-1,CSF,0.045050538836419074
MS,MS71658_CSF,GSM4104124_CGGACTGTCATGTAGC-1,CSF,-0.29997119987097626
MS,MS71658_CSF,GSM4104124_CGGGTCAGTAGATTAG-1,CSF,-0.29997119987097626
MS,MS71658_CSF,GSM4104124_CGGTTAAAGAGACTAT-1,CSF,-0.29997119987097626
MS,MS71658_CSF,GSM4104124_CGTCACTAGCACCGTC-1,CSF,-0.29997119987097626
MS,MS71658_CSF,GSM4104124_CGTCACTCAGGCGATA-1,CSF,-0.15106546975953297
MS,MS71658_CSF,GSM4104124_CGTCTACTCAGTCCCT-1,CSF,-0.29997119987097626
MS,MS71658_CSF,GSM4104124_CGTGAGCGTGGCAAAC-1,CSF,-0.06831346652248979
MS,MS71658_CSF,GSM4104124_CGTGTCTAGGTAGCCA-1,CSF,-0.29997119987097626
MS,MS71658_CSF,GSM4104124_CTACATTCACCCATTC-1,CSF,0.4079237163273696
MS,MS71658_CSF,GSM4104124_CTACATTCATCTATGG-1,CSF,0.043291299447598526
MS,MS71658_CSF,GSM4104124_CTAGCCTAGTATCGAA-1,CSF,-0.005801678396394815
MS,MS71658_CSF,GSM4104124_CTCATTACACTCTGTC-1,CSF,-0.2125104825123057
MS,MS71658_CSF,GSM4104124_CTCATTAGTTATCACG-1,CSF,0.06356990743682232
MS,MS71658_CSF,GSM4104124_CTCCTAGTCCCATTAT-1,CSF,-0.11041424797015588
MS,MS71658_CSF,GSM4104124_CTCGGAGAGGGAACGG-1,CSF,-0.29997119987097626
MS,MS71658_CSF,GSM4104124_CTCGTCATCTGATTCT-1,CSF,0.27973918912305706
MS,MS71658_CSF,GSM4104124_CTCTGGTAGCGAGAAA-1,CSF,-0.29997119987097626
MS,MS71658_CSF,GSM4104124_CTGAAGTAGGTACTCT-1,CSF,-0.29997119987097626
MS,MS71658_CSF,GSM4104124_CTGCTGTCAATGTAAG-1,CSF,-0.19476084625454773
MS,MS71658_CSF,GSM4104124_CTGTTTACAATAGAGT-1,CSF,-0.29997119987097626
MS,MS71658_CSF,GSM4104124_CTTAACTGTCCAACTA-1,CSF,0.09069780745378582
MS,MS71658_CSF,GSM4104124_CTTAACTTCCTCAACC-1,CSF,-0.29997119987097626
MS,MS71658_CSF,GSM4104124_CTTAGGAGTGTTAAGA-1,CSF,0.06737799353593903
MS,MS71658_CSF,GSM4104124_CTTGGCTCACAACTGT-1,CSF,-0.29997119987097626
MS,MS71658_CSF,GSM4104124_CTTTGCGAGCCCGAAA-1,CSF,0.16931589292399588
MS,MS71658_CSF,GSM4104124_GAAACTCCAACGATGG-1,CSF,0.21699466832570943
MS,MS71658_CSF,GSM4104124_GAACATCTCCGTTGCT-1,CSF,-0.29997119987097626
MS,MS71658_CSF,GSM4104124_GAACGGATCTTGTACT-1,CSF,-0.29997119987097626
MS,MS71658_CSF,GSM4104124_GAAGCAGTCAAAGTAG-1,CSF,-0.29997119987097626
MS,MS71658_CSF,GSM4104124_GAATAAGCAGTACACT-1,CSF,-0.04714360909054586
MS,MS71658_CSF,GSM4104124_GACACGCAGGTAGCTG-1,CSF,0.032458569775551664
MS,MS71658_CSF,GSM4104124_GACAGAGCAGCCACCA-1,CSF,0.1201548584536998
MS,MS71658_CSF,GSM4104124_GACCTGGAGTCGATAA-1,CSF,-0.09150447866895838
MS,MS71658_CSF,GSM4104124_GACGTGCAGCTAAACA-1,CSF,-0.29997119987097626
MS,MS71658_CSF,GSM4104124_GACGTGCGTGGTCTCG-1,CSF,-0.12130884261808812
MS,MS71658_CSF,GSM4104124_GACGTGCTCTCCGGTT-1,CSF,-0.29997119987097626
MS,MS71658_CSF,GSM4104124_GACGTTAGTGCTAGCC-1,CSF,-0.29997119987097626
MS,MS71658_CSF,GSM4104124_GACTAACCAGACGCTC-1,CSF,0.5173504157060573
MS,MS71658_CSF,GSM4104124_GACTAACCAGATAATG-1,CSF,-0.29997119987097626
MS,MS71658_CSF,GSM4104124_GACTACAAGAAACGCC-1,CSF,-0.29997119987097626
MS,MS71658_CSF,GSM4104124_GACTGCGTCAAACCGT-1,CSF,0.3556477366043737
MS,MS71658_CSF,GSM4104124_GAGTCCGTCATAACCG-1,CSF,0.04540154169681743
MS,MS71658_CSF,GSM4104124_GATCGCGAGAAACCGC-1,CSF,-0.0958489529282893
MS,MS71658_CSF,GSM4104124_GATGAAACAATGGAAT-1,CSF,-0.29997119987097626
MS,MS71658_CSF,GSM4104124_GATGAAATCGTCCAGG-1,CSF,-0.29997119987097626
MS,MS71658_CSF,GSM4104124_GATGAGGGTAAGTAGT-1,CSF,0.05343259585267319
MS,MS71658_CSF,GSM4104124_GCAAACTGTAGCCTAT-1,CSF,-0.29997119987097626
MS,MS71658_CSF,GSM4104124_GCAATCACAAGACACG-1,CSF,-0.29997119987097626
MS,MS71658_CSF,GSM4104124_GCAATCATCGTAGGTT-1,CSF,0.06906375167467384
MS,MS71658_CSF,GSM4104124_GCATGCGAGAACAACT-1,CSF,-0.29997119987097626
MS,MS71658_CSF,GSM4104124_GCGCAGTTCGTTTAGG-1,CSF,-0.16419604539007043
MS,MS71658_CSF,GSM4104124_GCGCCAAAGAAGCCCA-1,CSF,0.11773432710260323
MS,MS71658_CSF,GSM4104124_GCGCGATAGTCGTTTG-1,CSF,0.00586060221001767
MS,MS71658_CSF,GSM4104124_GCTGCTTTCGGACAAG-1,CSF,-0.09110966908588737
MS,MS71658_CSF,GSM4104124_GCTGGGTGTTCCAACA-1,CSF,-0.29997119987097626
MS,MS71658_CSF,GSM4104124_GCTTCCAAGTGTTGAA-1,CSF,-0.0076488051440700856
MS,MS71658_CSF,GSM4104124_GGAAAGCTCCAAGCCG-1,CSF,-0.11159552154346951
MS,MS71658_CSF,GSM4104124_GGACAAGGTAGCCTCG-1,CSF,-0.29997119987097626
MS,MS71658_CSF,GSM4104124_GGACGTCCATCTGGTA-1,CSF,-0.29997119987097626
MS,MS71658_CSF,GSM4104124_GGCAATTCATAAGACA-1,CSF,0.2163452582013019
MS,MS71658_CSF,GSM4104124_GGCCGATAGAGTACCG-1,CSF,-0.29997119987097626
MS,MS71658_CSF,GSM4104124_GGCCGATGTGAGGGAG-1,CSF,0.17660172623738354
MS,MS71658_CSF,GSM4104124_GGGAATGAGGTACTCT-1,CSF,-0.11091528842578742
MS,MS71658_CSF,GSM4104124_GGGAGATGTAAATACG-1,CSF,-0.29997119987097626
MS,MS71658_CSF,GSM4104124_GGGCATCGTCTTGCGG-1,CSF,-0.29997119987097626
MS,MS71658_CSF,GSM4104124_GGGCATCTCACGACTA-1,CSF,-0.29997119987097626
MS,MS71658_CSF,GSM4104124_GGTGAAGAGAACAATC-1,CSF,-0.29997119987097626
MS,MS71658_CSF,GSM4104124_GGTGCGTAGACTTGAA-1,CSF,0.0770653885468829
MS,MS71658_CSF,GSM4104124_GGTGCGTCATTCCTCG-1,CSF,-0.050941237757302506
MS,MS71658_CSF,GSM4104124_GTAACGTGTTGACGTT-1,CSF,-0.29997119987097626
MS,MS71658_CSF,GSM4104124_GTACTCCCAGCCACCA-1,CSF,-0.29997119987097626
MS,MS71658_CSF,GSM4104124_GTAGGCCTCCCGACTT-1,CSF,-0.29997119987097626
MS,MS71658_CSF,GSM4104124_GTATTCTGTCCGAGTC-1,CSF,-0.1274517982527602
MS,MS71658_CSF,GSM4104124_GTCGTAATCGAATCCA-1,CSF,-0.29997119987097626
MS,MS71658_CSF,GSM4104124_GTGCAGCCACCGGAAA-1,CSF,0.2451447734849512
MS,MS71658_CSF,GSM4104124_GTGCTTCGTCTGGTCG-1,CSF,-0.29997119987097626
MS,MS71658_CSF,GSM4104124_GTGTGCGAGAAGGGTA-1,CSF,-0.15098380266502076
MS,MS71658_CSF,GSM4104124_GTGTGCGGTCTGCAAT-1,CSF,0.4896807950638156
MS,MS71658_CSF,GSM4104124_GTTAAGCCAAGCTGAG-1,CSF,-0.29997119987097626
MS,MS71658_CSF,GSM4104124_GTTACAGAGCTACCGC-1,CSF,-0.29997119987097626
MS,MS71658_CSF,GSM4104124_GTTCATTCAAGAGGCT-1,CSF,0.5673524969458053
MS,MS71658_CSF,GSM4104124_GTTCGGGGTTTAAGCC-1,CSF,-0.29997119987097626
MS,MS71658_CSF,GSM4104124_TAAACCGGTGGGTCAA-1,CSF,-0.13818100884163353
MS,MS71658_CSF,GSM4104124_TAAGCGTCACCTTGTC-1,CSF,-0.03892435745874482
MS,MS71658_CSF,GSM4104124_TACACGAGTCGGCATC-1,CSF,-0.061241634156445054
MS,MS71658_CSF,GSM4104124_TACCTTAGTTTGACTG-1,CSF,0.06048750149844774
MS,MS71658_CSF,GSM4104124_TACGGATAGCGTTTAC-1,CSF,-0.29997119987097626
MS,MS71658_CSF,GSM4104124_TACGGGCTCACCTCGT-1,CSF,-0.29997119987097626
MS,MS71658_CSF,GSM4104124_TACGGTATCTCTAGGA-1,CSF,0.3024064364937122
MS,MS71658_CSF,GSM4104124_TACTCGCGTCTTGTCC-1,CSF,-0.29997119987097626
MS,MS71658_CSF,GSM4104124_TACTCGCGTTGCTCCT-1,CSF,-0.29997119987097626
MS,MS71658_CSF,GSM4104124_TACTTGTGTGTGAAAT-1,CSF,0.24775853618981641
MS,MS71658_CSF,GSM4104124_TATCTCAAGTGTACTC-1,CSF,-0.29997119987097626
MS,MS71658_CSF,GSM4104124_TATCTCAGTTACCGAT-1,CSF,-0.29997119987097626
MS,MS71658_CSF,GSM4104124_TATGCCCGTTGCGTTA-1,CSF,-0.29997119987097626
MS,MS71658_CSF,GSM4104124_TCAATCTTCCATGAGT-1,CSF,-0.29997119987097626
MS,MS71658_CSF,GSM4104124_TCGCGAGCAATCTGCA-1,CSF,-0.29997119987097626
MS,MS71658_CSF,GSM4104124_TCGCGTTCAGCGTTCG-1,CSF,-0.29997119987097626
MS,MS71658_CSF,GSM4104124_TCGGGACCATCTCCCA-1,CSF,-0.29997119987097626
MS,MS71658_CSF,GSM4104124_TCGGGACCATGCTGGC-1,CSF,-0.11620684090835856
MS,MS71658_CSF,GSM4104124_TCGTACCAGCTGTCTA-1,CSF,-0.055406900406930255
MS,MS71658_CSF,GSM4104124_TCGTAGACACGAAATA-1,CSF,-0.29997119987097626
MS,MS71658_CSF,GSM4104124_TCTATTGAGACGCTTT-1,CSF,0.03423712164318547
MS,MS71658_CSF,GSM4104124_TCTATTGGTGCAACTT-1,CSF,-0.29997119987097626
MS,MS71658_CSF,GSM4104124_TCTGGAATCAGGCGAA-1,CSF,-0.15858957825525558
MS,MS71658_CSF,GSM4104124_TCTTCGGAGTGACTCT-1,CSF,-0.29997119987097626
MS,MS71658_CSF,GSM4104124_TGACGGCAGTGCCAGA-1,CSF,-0.05068913209570382
MS,MS71658_CSF,GSM4104124_TGACGGCAGTTACGGG-1,CSF,-0.07541410926442263
MS,MS71658_CSF,GSM4104124_TGACTAGCAATAGCGG-1,CSF,-0.29997119987097626
MS,MS71658_CSF,GSM4104124_TGACTAGTCCAAACAC-1,CSF,-0.10596912988789242
MS,MS71658_CSF,GSM4104124_TGACTTTTCGGGAGTA-1,CSF,-0.29997119987097626
MS,MS71658_CSF,GSM4104124_TGAGCCGAGAAACGAG-1,CSF,-0.29997119987097626
MS,MS71658_CSF,GSM4104124_TGAGGGAGTGCTTCTC-1,CSF,-0.29997119987097626
MS,MS71658_CSF,GSM4104124_TGATTTCAGTGAATTG-1,CSF,-0.29997119987097626
MS,MS71658_CSF,GSM4104124_TGATTTCTCCTAGTGA-1,CSF,-0.036635754421649604
MS,MS71658_CSF,GSM4104124_TGCCAAACACCTATCC-1,CSF,-0.011008286027981882
MS,MS71658_CSF,GSM4104124_TGCCCTACAGTCACTA-1,CSF,0.08800602025879015
MS,MS71658_CSF,GSM4104124_TGCGGGTCATGACGGA-1,CSF,-0.29997119987097626
MS,MS71658_CSF,GSM4104124_TGCGGGTGTCTCCATC-1,CSF,0.469488441390937
MS,MS71658_CSF,GSM4104124_TGCTACCGTACAGTGG-1,CSF,0.7990717123176238
MS,MS71658_CSF,GSM4104124_TGCTACCTCATGTGGT-1,CSF,-0.29997119987097626
MS,MS71658_CSF,GSM4104124_TGGACGCCATTCCTGC-1,CSF,-0.29997119987097626
MS,MS71658_CSF,GSM4104124_TGGCGCAAGAAGAAGC-1,CSF,-0.29997119987097626
MS,MS71658_CSF,GSM4104124_TGGCTGGAGTGTTTGC-1,CSF,-0.1863011760262845
MS,MS71658_CSF,GSM4104124_TGGCTGGCAGATCGGA-1,CSF,-0.29997119987097626
MS,MS71658_CSF,GSM4104124_TGTATTCTCAGGCCCA-1,CSF,-0.29997119987097626
MS,MS71658_CSF,GSM4104124_TGTTCCGGTTACAGAA-1,CSF,-0.29997119987097626
MS,MS71658_CSF,GSM4104124_TTAACTCTCAGCGACC-1,CSF,-0.29997119987097626
MS,MS71658_CSF,GSM4104124_TTAGTTCAGAGCAATT-1,CSF,0.15319713622695688
MS,MS71658_CSF,GSM4104124_TTCTCCTGTCCCTTGT-1,CSF,-0.29997119987097626
MS,MS71658_CSF,GSM4104124_TTGCGTCAGTTGAGTA-1,CSF,-0.29997119987097626
MS,MS71658_CSF,GSM4104124_TTGGCAAGTCGTCTTC-1,CSF,-0.29997119987097626
MS,MS71658_CSF,GSM4104124_TTGGCAATCCGGGTGT-1,CSF,-0.13982067969729636
MS,MS71658_CSF,GSM4104124_TTGTAGGGTAGAGTGC-1,CSF,-0.29997119987097626
MS,MS71658_CSF,GSM4104124_TTTCCTCAGTGAAGTT-1,CSF,-0.29997119987097626
MS,MS71658_CSF,GSM4104124_TTTGCGCGTTCTCATT-1,CSF,0.6446118036182946
MS,MS71658_CSF,GSM4104124_TTTGGTTCAGTCGATT-1,CSF,-0.29997119987097626
MS,MS71658_CSF,GSM4104124_TTTGTCATCGTCTGCT-1,CSF,-0.006066909102555996
MS,MS74594_CSF,GSM4104127_AACACGTCACTTACGA-1,CSF,-0.13433743986324231
MS,MS74594_CSF,GSM4104127_AAGGCAGTCAGATAAG-1,CSF,0.14960207218820765
MS,MS74594_CSF,GSM4104127_AATCGGTCACAGCCCA-1,CSF,-0.20424006593051722
MS,MS74594_CSF,GSM4104127_ACACCCTCATATGGTC-1,CSF,-0.29997119987097626
MS,MS74594_CSF,GSM4104127_ACAGCTATCCGCATAA-1,CSF,-0.29997119987097626
MS,MS74594_CSF,GSM4104127_ACCAGTACATTGAGCT-1,CSF,0.5338775728517188
MS,MS74594_CSF,GSM4104127_ACGCCGACACCGAAAG-1,CSF,-0.29997119987097626
MS,MS74594_CSF,GSM4104127_ACTGAACCACATGGGA-1,CSF,-0.29997119987097626
MS,MS74594_CSF,GSM4104127_AGTAGTCCATCTATGG-1,CSF,-0.29997119987097626
MS,MS74594_CSF,GSM4104127_ATGTGTGCATGCTAGT-1,CSF,0.08481672198828184
MS,MS74594_CSF,GSM4104127_ATTCTACAGATTACCC-1,CSF,-0.29997119987097626
MS,MS74594_CSF,GSM4104127_ATTCTACTCGATAGAA-1,CSF,-0.14479490745825174
MS,MS74594_CSF,GSM4104127_CAAGGCCTCGGAGCAA-1,CSF,0.11547612425093948
MS,MS74594_CSF,GSM4104127_CAAGTTGTCAGCTTAG-1,CSF,-0.29997119987097626
MS,MS74594_CSF,GSM4104127_CAGCTAAGTCTGATTG-1,CSF,-0.1972679018208256
MS,MS74594_CSF,GSM4104127_CATGCCTCAATAAGCA-1,CSF,-0.29997119987097626
MS,MS74594_CSF,GSM4104127_CCAGCGATCATTTGGG-1,CSF,-0.29997119987097626
MS,MS74594_CSF,GSM4104127_CCTCTGAAGAGACGAA-1,CSF,-0.29997119987097626
MS,MS74594_CSF,GSM4104127_CGCTATCAGCCACGTC-1,CSF,0.2732849131671639
MS,MS74594_CSF,GSM4104127_CGGACTGTCTCCTATA-1,CSF,-0.15530180375065653
MS,MS74594_CSF,GSM4104127_CGTGTCTCACGGTGTC-1,CSF,-0.14604226366926462
MS,MS74594_CSF,GSM4104127_CGTTGGGGTTTGACTG-1,CSF,0.491935760376094
MS,MS74594_CSF,GSM4104127_CTAACTTGTCTAGAGG-1,CSF,-0.29997119987097626
MS,MS74594_CSF,GSM4104127_CTACCCATCAGCCTAA-1,CSF,-0.12757686514159097
MS,MS74594_CSF,GSM4104127_CTCACACTCTACCTGC-1,CSF,-0.04806427846418628
MS,MS74594_CSF,GSM4104127_CTGCCTAGTACCGAGA-1,CSF,-0.29997119987097626
MS,MS74594_CSF,GSM4104127_GACTAACCAGATGGCA-1,CSF,-0.29997119987097626
MS,MS74594_CSF,GSM4104127_GATGCTATCTCCTATA-1,CSF,-0.13204595011086484
MS,MS74594_CSF,GSM4104127_GCATGCGCAGGATCGA-1,CSF,-0.05970230087425108
MS,MS74594_CSF,GSM4104127_GCCAAATAGAATAGGG-1,CSF,-0.29997119987097626
MS,MS74594_CSF,GSM4104127_GGGACCTGTGCGAAAC-1,CSF,0.37079370039050497
MS,MS74594_CSF,GSM4104127_GGGAGATAGTGGTAGC-1,CSF,-0.15496766371019025
MS,MS74594_CSF,GSM4104127_GTAACTGAGGTGCTTT-1,CSF,-0.12425987510847866
MS,MS74594_CSF,GSM4104127_GTATCTTAGCCCAACC-1,CSF,-0.03103655045300881
MS,MS74594_CSF,GSM4104127_GTATTCTTCTGCGGCA-1,CSF,-0.29997119987097626
MS,MS74594_CSF,GSM4104127_GTCATTTCATGGGACA-1,CSF,-0.29997119987097626
MS,MS74594_CSF,GSM4104127_GTGCTTCGTCTCTTAT-1,CSF,0.614472268755023
MS,MS74594_CSF,GSM4104127_GTTCGGGTCTGGAGCC-1,CSF,0.0072066228929023824
MS,MS74594_CSF,GSM4104127_GTTCTCGGTATATGGA-1,CSF,0.09398194386449474
MS,MS74594_CSF,GSM4104127_TAAGCGTAGTGTGAAT-1,CSF,-0.29997119987097626
MS,MS74594_CSF,GSM4104127_TCAGCAATCTTCGAGA-1,CSF,-0.1762207749573888
MS,MS74594_CSF,GSM4104127_TCAGGATTCCGAAGAG-1,CSF,-0.29997119987097626
MS,MS74594_CSF,GSM4104127_TGAAAGAAGTACGACG-1,CSF,0.08832247848865689
MS,MS74594_CSF,GSM4104127_TGCACCTCAAATACAG-1,CSF,-0.05626284223233403
MS,MS74594_CSF,GSM4104127_TGCTACCTCTCGGACG-1,CSF,-0.29997119987097626
MS,MS74594_CSF,GSM4104127_TGGCGCACACCTGGTG-1,CSF,-0.05928852115992866
MS,MS74594_CSF,GSM4104127_TGGGAAGGTAACGACG-1,CSF,-0.10475308015661791
MS,MS74594_CSF,GSM4104127_TTCTCCTGTCGGCATC-1,CSF,-0.14827072312481077
HC,PTC45044_CSF,GSM4104132_AAACCTGAGGGTCTCC-1,CSF,-0.08247811107378457
HC,PTC45044_CSF,GSM4104132_AAACCTGCACAACGCC-1,CSF,0.07302211975043608
HC,PTC45044_CSF,GSM4104132_AAACCTGGTCTAGTGT-1,CSF,0.24250902913681566
HC,PTC45044_CSF,GSM4104132_AAACGGGCAGGTGGAT-1,CSF,0.12349943233873208
HC,PTC45044_CSF,GSM4104132_AAACGGGGTTAAGAAC-1,CSF,0.19172770223013408
HC,PTC45044_CSF,GSM4104132_AAACGGGTCAACTCTT-1,CSF,-0.14335186735105584
HC,PTC45044_CSF,GSM4104132_AAACGGGTCCTGTACC-1,CSF,0.6578048277292431
HC,PTC45044_CSF,GSM4104132_AACACGTAGAGACGAA-1,CSF,0.7492953230795798
HC,PTC45044_CSF,GSM4104132_AACCATGCACGACTCG-1,CSF,0.059173149281020895
HC,PTC45044_CSF,GSM4104132_AACCATGGTCCGTCAG-1,CSF,-0.11550911406138328
HC,PTC45044_CSF,GSM4104132_AACTCAGGTGGCTCCA-1,CSF,0.3084538323749764
HC,PTC45044_CSF,GSM4104132_AACTCTTGTTTGCATG-1,CSF,-0.05359575729828646
HC,PTC45044_CSF,GSM4104132_AACTGGTAGCTTATCG-1,CSF,-0.29997119987097626
HC,PTC45044_CSF,GSM4104132_AACTGGTGTACCGGCT-1,CSF,-0.29997119987097626
HC,PTC45044_CSF,GSM4104132_AACTTTCTCTGCTGCT-1,CSF,0.13572123579322726
HC,PTC45044_CSF,GSM4104132_AAGACCTAGCACAGGT-1,CSF,0.04323193215878098
HC,PTC45044_CSF,GSM4104132_AAGACCTAGTGCCAGA-1,CSF,-0.04253638677785441
HC,PTC45044_CSF,GSM4104132_AAGACCTCACTTAAGC-1,CSF,0.027076644452128405
HC,PTC45044_CSF,GSM4104132_AAGACCTGTATTAGCC-1,CSF,-0.06316330962200609
HC,PTC45044_CSF,GSM4104132_AAGCCGCCATCGATTG-1,CSF,-0.29997119987097626
HC,PTC45044_CSF,GSM4104132_AAGCCGCTCTGTGCAA-1,CSF,-0.07065949192880695
HC,PTC45044_CSF,GSM4104132_AAGGAGCCACTGCCAG-1,CSF,-0.29997119987097626
HC,PTC45044_CSF,GSM4104132_AAGGTTCCAGCTCGAC-1,CSF,0.04064517513418426
HC,PTC45044_CSF,GSM4104132_AAGTCTGCAGTAGAGC-1,CSF,0.30551534188435564
HC,PTC45044_CSF,GSM4104132_AATCCAGTCCGCGCAA-1,CSF,-0.03375686749946622
HC,PTC45044_CSF,GSM4104132_AATCCAGTCGGAGGTA-1,CSF,0.647681690348094
HC,PTC45044_CSF,GSM4104132_AATCGGTGTAACGACG-1,CSF,-0.29997119987097626
HC,PTC45044_CSF,GSM4104132_ACACCCTAGTGGGTTG-1,CSF,0.3222152559798502
HC,PTC45044_CSF,GSM4104132_ACACCCTTCGATGAGG-1,CSF,-0.05247032660318873
HC,PTC45044_CSF,GSM4104132_ACACCGGTCAGCTCGG-1,CSF,0.05981525212368952
HC,PTC45044_CSF,GSM4104132_ACAGCTAGTCAAAGAT-1,CSF,0.3378657266209887
HC,PTC45044_CSF,GSM4104132_ACAGCTAGTGCAGTAG-1,CSF,0.39655531988005455
HC,PTC45044_CSF,GSM4104132_ACATGGTGTAGCTTGT-1,CSF,0.42451488498249523
HC,PTC45044_CSF,GSM4104132_ACATGGTTCTTGCCGT-1,CSF,0.0027963423271962218
HC,PTC45044_CSF,GSM4104132_ACCTTTATCAACGGGA-1,CSF,0.4975115169525415
HC,PTC45044_CSF,GSM4104132_ACGAGCCCACGAAGCA-1,CSF,0.04652784067144268
HC,PTC45044_CSF,GSM4104132_ACGATACGTCATGCAT-1,CSF,0.28465442096179483
HC,PTC45044_CSF,GSM4104132_ACGATACTCCTCATTA-1,CSF,0.44840695212992243
HC,PTC45044_CSF,GSM4104132_ACGATGTGTCTAACGT-1,CSF,-0.09158733522012633
HC,PTC45044_CSF,GSM4104132_ACGATGTTCTTCTGGC-1,CSF,1.1654364550600096
HC,PTC45044_CSF,GSM4104132_ACGCCAGAGATCCGAG-1,CSF,-0.02497195636523397
HC,PTC45044_CSF,GSM4104132_ACGCCGAAGCTCCCAG-1,CSF,-0.29997119987097626
HC,PTC45044_CSF,GSM4104132_ACGCCGAAGGGCACTA-1,CSF,0.10017967918480113
HC,PTC45044_CSF,GSM4104132_ACGTCAATCTCGGACG-1,CSF,-0.29997119987097626
HC,PTC45044_CSF,GSM4104132_ACTTTCAAGGCTCATT-1,CSF,-0.11796310537139908
HC,PTC45044_CSF,GSM4104132_ACTTTCACATTCTTAC-1,CSF,-0.13927400921413075
HC,PTC45044_CSF,GSM4104132_ACTTTCAGTACTCAAC-1,CSF,0.36460256431245497
HC,PTC45044_CSF,GSM4104132_AGACGTTTCACATGCA-1,CSF,-0.29997119987097626
HC,PTC45044_CSF,GSM4104132_AGAGCGATCGCATGAT-1,CSF,0.14701377520020517
HC,PTC45044_CSF,GSM4104132_AGAGCTTCATGGTCAT-1,CSF,-0.29997119987097626
HC,PTC45044_CSF,GSM4104132_AGAGCTTGTGACGCCT-1,CSF,-0.17178925681191878
HC,PTC45044_CSF,GSM4104132_AGATCTGCACCAGGTC-1,CSF,-0.034581951219241285
HC,PTC45044_CSF,GSM4104132_AGCAGCCCAGTCAGCC-1,CSF,-0.09344108722118527
HC,PTC45044_CSF,GSM4104132_AGCCTAATCGGCTACG-1,CSF,-0.29997119987097626
HC,PTC45044_CSF,GSM4104132_AGCGGTCAGATGGGTC-1,CSF,-0.29997119987097626
HC,PTC45044_CSF,GSM4104132_AGCGGTCGTTGAGTTC-1,CSF,-0.29997119987097626
HC,PTC45044_CSF,GSM4104132_AGCGTATCATTCCTGC-1,CSF,-0.1376141796665626
HC,PTC45044_CSF,GSM4104132_AGCGTCGGTACCGAGA-1,CSF,0.3276950035781333
HC,PTC45044_CSF,GSM4104132_AGCTTGACAGCCTTTC-1,CSF,-0.29997119987097626
HC,PTC45044_CSF,GSM4104132_AGGCCACTCGGTGTCG-1,CSF,-0.29997119987097626
HC,PTC45044_CSF,GSM4104132_AGGCCGTTCTCTAAGG-1,CSF,-0.29997119987097626
HC,PTC45044_CSF,GSM4104132_AGGGTGAAGGAATTAC-1,CSF,-0.022454827261171845
HC,PTC45044_CSF,GSM4104132_AGGTCCGCACCACGTG-1,CSF,-0.006006814667912419
HC,PTC45044_CSF,GSM4104132_AGTAGTCTCTAACCGA-1,CSF,-0.29997119987097626
HC,PTC45044_CSF,GSM4104132_AGTTGGTAGCTGATAA-1,CSF,0.16621070247309336
HC,PTC45044_CSF,GSM4104132_AGTTGGTCAGTCGTGC-1,CSF,0.055167957013022066
HC,PTC45044_CSF,GSM4104132_ATAGACCAGATTACCC-1,CSF,0.08449621680308646
HC,PTC45044_CSF,GSM4104132_ATAGACCAGCTGAAAT-1,CSF,0.43301577288148063
HC,PTC45044_CSF,GSM4104132_ATAGACCTCCTTAATC-1,CSF,-0.009388100371645237
HC,PTC45044_CSF,GSM4104132_ATCACGAGTCTTGTCC-1,CSF,-0.29997119987097626
HC,PTC45044_CSF,GSM4104132_ATCACGATCCTGTACC-1,CSF,-0.12650293077465785
HC,PTC45044_CSF,GSM4104132_ATCATCTGTTGAGGTG-1,CSF,-0.05364120241708358
HC,PTC45044_CSF,GSM4104132_ATCATCTTCCTCCTAG-1,CSF,-0.29997119987097626
HC,PTC45044_CSF,GSM4104132_ATCATGGAGGCGACAT-1,CSF,-0.29997119987097626
HC,PTC45044_CSF,GSM4104132_ATCCACCAGCTGTTCA-1,CSF,0.5726464082753989
HC,PTC45044_CSF,GSM4104132_ATCTACTAGATCCCAT-1,CSF,-0.29997119987097626
HC,PTC45044_CSF,GSM4104132_ATGAGGGTCAACACGT-1,CSF,-0.29997119987097626
HC,PTC45044_CSF,GSM4104132_ATGAGGGTCGTAGGTT-1,CSF,-0.29997119987097626
HC,PTC45044_CSF,GSM4104132_ATGCGATAGCGGATCA-1,CSF,0.007101375430566405
HC,PTC45044_CSF,GSM4104132_ATGCGATGTTACGCGC-1,CSF,-0.1477706338032381
HC,PTC45044_CSF,GSM4104132_ATGGGAGCACGTTGGC-1,CSF,0.2780183042172238
HC,PTC45044_CSF,GSM4104132_ATGGGAGTCACGCATA-1,CSF,0.46748919646374487
HC,PTC45044_CSF,GSM4104132_ATGTGTGAGTCCCACG-1,CSF,-0.29997119987097626
HC,PTC45044_CSF,GSM4104132_ATTATCCCAATGGATA-1,CSF,-0.004487874286944209
HC,PTC45044_CSF,GSM4104132_ATTCTACGTCGGCTCA-1,CSF,0.12425090322330593
HC,PTC45044_CSF,GSM4104132_ATTGGACGTAGATTAG-1,CSF,-0.013283726240681209
HC,PTC45044_CSF,GSM4104132_ATTGGACGTGGCAAAC-1,CSF,0.20139538230312834
HC,PTC45044_CSF,GSM4104132_CAACCAATCTAACTTC-1,CSF,-0.0294696101368545
HC,PTC45044_CSF,GSM4104132_CAACCTCCATCGACGC-1,CSF,0.12765178397016533
HC,PTC45044_CSF,GSM4104132_CAACCTCCATGCCTTC-1,CSF,0.19417972105559164
HC,PTC45044_CSF,GSM4104132_CAACTAGAGAATGTTG-1,CSF,-0.29997119987097626
HC,PTC45044_CSF,GSM4104132_CACAAACAGCGTAGTG-1,CSF,-0.08887072215055333
HC,PTC45044_CSF,GSM4104132_CACAAACCAATCACAC-1,CSF,-0.20295135378777357
HC,PTC45044_CSF,GSM4104132_CACACCTAGTGTCCCG-1,CSF,-0.29997119987097626
HC,PTC45044_CSF,GSM4104132_CACACTCCAAAGCGGT-1,CSF,0.13012985589589546
HC,PTC45044_CSF,GSM4104132_CACAGGCGTTCACCTC-1,CSF,-0.17736216870970892
HC,PTC45044_CSF,GSM4104132_CACAGTACATGCTAGT-1,CSF,0.24211496364104332
HC,PTC45044_CSF,GSM4104132_CACATTTGTATTAGCC-1,CSF,-0.29997119987097626
HC,PTC45044_CSF,GSM4104132_CACATTTTCTCGTTTA-1,CSF,0.4690825476965706
HC,PTC45044_CSF,GSM4104132_CAGATCAAGGACATTA-1,CSF,-0.12442249435881692
HC,PTC45044_CSF,GSM4104132_CAGCTAAAGCTTTGGT-1,CSF,0.21824323967973244
HC,PTC45044_CSF,GSM4104132_CAGCTGGCAAGGCTCC-1,CSF,0.291392532657405
HC,PTC45044_CSF,GSM4104132_CAGCTGGGTACGCTGC-1,CSF,0.10952760026468225
HC,PTC45044_CSF,GSM4104132_CAGCTGGGTTATCGGT-1,CSF,-0.29997119987097626
HC,PTC45044_CSF,GSM4104132_CAGTAACAGCTGGAAC-1,CSF,0.06494891050806521
HC,PTC45044_CSF,GSM4104132_CAGTAACAGTACGACG-1,CSF,-0.11374940911908483
HC,PTC45044_CSF,GSM4104132_CAGTAACTCTGCCAGG-1,CSF,0.3528985781718613
HC,PTC45044_CSF,GSM4104132_CAGTCCTCAAGCCCAC-1,CSF,-0.29997119987097626
HC,PTC45044_CSF,GSM4104132_CATATGGCATGAGCGA-1,CSF,-0.29997119987097626
HC,PTC45044_CSF,GSM4104132_CATATGGTCAGTCCCT-1,CSF,0.11620717859613469
HC,PTC45044_CSF,GSM4104132_CATCAAGCAAGTAATG-1,CSF,0.6009982059507072
HC,PTC45044_CSF,GSM4104132_CATCAAGCAATAGCGG-1,CSF,0.0266101608802248
HC,PTC45044_CSF,GSM4104132_CATCAAGGTACTTAGC-1,CSF,0.12699059103415375
HC,PTC45044_CSF,GSM4104132_CATCAAGGTCCGCTGA-1,CSF,0.16436969828249398
HC,PTC45044_CSF,GSM4104132_CATCAGAAGCCTTGAT-1,CSF,0.13205099179645738
HC,PTC45044_CSF,GSM4104132_CATCAGACAAGCCATT-1,CSF,0.5399157455834944
HC,PTC45044_CSF,GSM4104132_CATCAGATCCAGTAGT-1,CSF,0.1437084156791998
HC,PTC45044_CSF,GSM4104132_CATCCACCAGCTCGCA-1,CSF,-0.29997119987097626
HC,PTC45044_CSF,GSM4104132_CATCGAAAGAAGAAGC-1,CSF,0.6796644657290408
HC,PTC45044_CSF,GSM4104132_CATCGAAAGAGCTGGT-1,CSF,-0.016351354896397375
HC,PTC45044_CSF,GSM4104132_CATGACAAGCAGACTG-1,CSF,0.9841811482726598
HC,PTC45044_CSF,GSM4104132_CATGACACAATCAGAA-1,CSF,0.09174870988236927
HC,PTC45044_CSF,GSM4104132_CATGACAGTACTTCTT-1,CSF,-0.29997119987097626
HC,PTC45044_CSF,GSM4104132_CATGCCTTCTTTCCTC-1,CSF,0.4676909368292194
HC,PTC45044_CSF,GSM4104132_CATGGCGTCGCAGGCT-1,CSF,0.04343913586981306
HC,PTC45044_CSF,GSM4104132_CATTATCTCGTAGATC-1,CSF,0.34534020922554376
HC,PTC45044_CSF,GSM4104132_CCAATCCAGCTTTGGT-1,CSF,0.7278145711974161
HC,PTC45044_CSF,GSM4104132_CCAGCGAGTATGCTTG-1,CSF,-0.15375477608925298
HC,PTC45044_CSF,GSM4104132_CCATTCGTCAATCACG-1,CSF,0.13269493855487413
HC,PTC45044_CSF,GSM4104132_CCCATACCAACAACCT-1,CSF,-0.15655692552832484
HC,PTC45044_CSF,GSM4104132_CCCTCCTTCGGATGTT-1,CSF,-0.13311338279037188
HC,PTC45044_CSF,GSM4104132_CCGGGATAGAGACGAA-1,CSF,-6.68451630659079e-05
HC,PTC45044_CSF,GSM4104132_CCGGGATGTAGTAGTA-1,CSF,0.7654936542452149
HC,PTC45044_CSF,GSM4104132_CCGGTAGAGACGACGT-1,CSF,-0.21393895930804277
HC,PTC45044_CSF,GSM4104132_CCGTACTCAGTCTTCC-1,CSF,0.19460269533925795
HC,PTC45044_CSF,GSM4104132_CCGTGGACAGACTCGC-1,CSF,0.366339654921914
HC,PTC45044_CSF,GSM4104132_CCGTGGATCTACCTGC-1,CSF,-0.03565490196107273
HC,PTC45044_CSF,GSM4104132_CCTAAAGGTCCGTTAA-1,CSF,-0.29997119987097626
HC,PTC45044_CSF,GSM4104132_CCTACACAGTACCGGA-1,CSF,0.837935219865489
HC,PTC45044_CSF,GSM4104132_CCTACACAGTCCTCCT-1,CSF,0.18687594448227904
HC,PTC45044_CSF,GSM4104132_CCTACACGTAGAGCTG-1,CSF,-0.11384367554290252
HC,PTC45044_CSF,GSM4104132_CCTAGCTGTGACTCAT-1,CSF,0.1641216638660521
HC,PTC45044_CSF,GSM4104132_CCTCTGAGTAGAAAGG-1,CSF,0.599749610393129
HC,PTC45044_CSF,GSM4104132_CCTTCCCCACTCTGTC-1,CSF,-0.29997119987097626
HC,PTC45044_CSF,GSM4104132_CCTTTCTCATAGACTC-1,CSF,-0.16547565671494832
HC,PTC45044_CSF,GSM4104132_CCTTTCTGTGTTCGAT-1,CSF,0.10645425753206308
HC,PTC45044_CSF,GSM4104132_CCTTTCTTCCCTAATT-1,CSF,0.14076155650608194
HC,PTC45044_CSF,GSM4104132_CGAACATAGAATAGGG-1,CSF,-0.29997119987097626
HC,PTC45044_CSF,GSM4104132_CGAACATAGGGTTTCT-1,CSF,0.363990757078284
HC,PTC45044_CSF,GSM4104132_CGACCTTAGCGTGAAC-1,CSF,1.0235909379384494
HC,PTC45044_CSF,GSM4104132_CGACTTCCATATGGTC-1,CSF,0.0221213663113469
HC,PTC45044_CSF,GSM4104132_CGATGTAGTCCGTCAG-1,CSF,0.593904561737644
HC,PTC45044_CSF,GSM4104132_CGATTGATCCGCAGTG-1,CSF,0.7630964190157142
HC,PTC45044_CSF,GSM4104132_CGCCAAGAGTGGCACA-1,CSF,-0.05357880973533228
HC,PTC45044_CSF,GSM4104132_CGCGTTTAGTGCTGCC-1,CSF,-0.009546275188102709
HC,PTC45044_CSF,GSM4104132_CGCTATCCATGATCCA-1,CSF,-0.013839174405737596
HC,PTC45044_CSF,GSM4104132_CGCTGGAGTGTTGGGA-1,CSF,0.2071913738651487
HC,PTC45044_CSF,GSM4104132_CGCTTCAAGCCACTAT-1,CSF,0.06729275263594561
HC,PTC45044_CSF,GSM4104132_CGGACACAGGTAGCCA-1,CSF,0.20216885085516573
HC,PTC45044_CSF,GSM4104132_CGGACACTCCCAAGAT-1,CSF,-0.07397619797671487
HC,PTC45044_CSF,GSM4104132_CGGACGTAGATCGGGT-1,CSF,-0.08342044425859362
HC,PTC45044_CSF,GSM4104132_CGGACGTCATCGATGT-1,CSF,0.14131003847939255
HC,PTC45044_CSF,GSM4104132_CGGACTGAGAAACCGC-1,CSF,0.11265691698803106
HC,PTC45044_CSF,GSM4104132_CGGAGTCAGACGCACA-1,CSF,0.35057835620914457
HC,PTC45044_CSF,GSM4104132_CGGCTAGGTCGTGGCT-1,CSF,0.06017154035821348
HC,PTC45044_CSF,GSM4104132_CGGGTCACATGTCCTC-1,CSF,0.19524984183312535
HC,PTC45044_CSF,GSM4104132_CGTCACTTCATTGCCC-1,CSF,0.11194822502800804
HC,PTC45044_CSF,GSM4104132_CGTCAGGAGTTCCACA-1,CSF,-0.025318744354685223
HC,PTC45044_CSF,GSM4104132_CGTCAGGTCGCATGAT-1,CSF,-0.14254893260495327
HC,PTC45044_CSF,GSM4104132_CGTCCATAGTCAATAG-1,CSF,-0.29997119987097626
HC,PTC45044_CSF,GSM4104132_CGTCCATCAGGGTACA-1,CSF,-0.29997119987097626
HC,PTC45044_CSF,GSM4104132_CGTGAGCCAGTTCATG-1,CSF,0.6804964411753653
HC,PTC45044_CSF,GSM4104132_CGTGTCTTCAGTCAGT-1,CSF,-0.15933164945058292
HC,PTC45044_CSF,GSM4104132_CGTTAGACATCGGACC-1,CSF,0.31305799158102543
HC,PTC45044_CSF,GSM4104132_CGTTAGAGTCATATGC-1,CSF,-0.04803027756130717
HC,PTC45044_CSF,GSM4104132_CGTTGGGTCCTCAACC-1,CSF,-0.103868757230983
HC,PTC45044_CSF,GSM4104132_CGTTGGGTCGCCCTTA-1,CSF,0.03298496381304735
HC,PTC45044_CSF,GSM4104132_CTAACTTAGACTGTAA-1,CSF,-0.1374465441251148
HC,PTC45044_CSF,GSM4104132_CTAATGGCACTTCGAA-1,CSF,0.2798261069268368
HC,PTC45044_CSF,GSM4104132_CTAATGGGTCACTTCC-1,CSF,0.0903104035300464
HC,PTC45044_CSF,GSM4104132_CTACACCAGGTGATAT-1,CSF,-0.03322296382079444
HC,PTC45044_CSF,GSM4104132_CTACACCCATGTCTCC-1,CSF,-0.05609251808933643
HC,PTC45044_CSF,GSM4104132_CTACATTCACGGCGTT-1,CSF,-0.17750101917880853
HC,PTC45044_CSF,GSM4104132_CTACCCAAGACTCGGA-1,CSF,-0.06904162404082151
HC,PTC45044_CSF,GSM4104132_CTACGTCCAATCGGTT-1,CSF,0.45549239723153784
HC,PTC45044_CSF,GSM4104132_CTACGTCTCTGCGGCA-1,CSF,0.16451019537259232
HC,PTC45044_CSF,GSM4104132_CTAGCCTCAGTCACTA-1,CSF,1.0260006542712554
HC,PTC45044_CSF,GSM4104132_CTCACACGTGCAACTT-1,CSF,0.10310492792899442
HC,PTC45044_CSF,GSM4104132_CTCATTACATCACGAT-1,CSF,-0.29997119987097626
HC,PTC45044_CSF,GSM4104132_CTCATTAGTAAGTGGC-1,CSF,-0.09626401089082501
HC,PTC45044_CSF,GSM4104132_CTCCTAGAGGCAAAGA-1,CSF,0.07770275874862329
HC,PTC45044_CSF,GSM4104132_CTCCTAGGTTCCCTTG-1,CSF,-0.04822539942104166
HC,PTC45044_CSF,GSM4104132_CTCGAGGGTGATGTGG-1,CSF,-0.1688307233254766
HC,PTC45044_CSF,GSM4104132_CTCGAGGTCACAACGT-1,CSF,0.07473918863892177
HC,PTC45044_CSF,GSM4104132_CTCGGGAGTATCAGTC-1,CSF,-0.05258354476234316
HC,PTC45044_CSF,GSM4104132_CTCTAATAGGCTATCT-1,CSF,0.06143996015446932
HC,PTC45044_CSF,GSM4104132_CTCTAATTCCCAACGG-1,CSF,-0.29997119987097626
HC,PTC45044_CSF,GSM4104132_CTCTAATTCGTCCGTT-1,CSF,0.4669874744747161
HC,PTC45044_CSF,GSM4104132_CTCTACGGTCGCTTTC-1,CSF,0.18626410101256582
HC,PTC45044_CSF,GSM4104132_CTGAAACAGTACGCGA-1,CSF,-0.07152821500777219
HC,PTC45044_CSF,GSM4104132_CTGAAACTCAACCAAC-1,CSF,-0.29997119987097626
HC,PTC45044_CSF,GSM4104132_CTGAAGTTCAGTTAGC-1,CSF,0.6752042946043119
HC,PTC45044_CSF,GSM4104132_CTGATAGCAAGTCATC-1,CSF,0.06600501313882132
HC,PTC45044_CSF,GSM4104132_CTGATAGTCCCTTGCA-1,CSF,-0.1530734864025566
HC,PTC45044_CSF,GSM4104132_CTGATCCCATTTCACT-1,CSF,0.15271553060594803
HC,PTC45044_CSF,GSM4104132_CTGCGGATCCTACAGA-1,CSF,-0.03722265128383758
HC,PTC45044_CSF,GSM4104132_CTGTGCTCACGTCAGC-1,CSF,-0.29997119987097626
HC,PTC45044_CSF,GSM4104132_CTGTGCTTCTCGATGA-1,CSF,0.026872296679698086
HC,PTC45044_CSF,GSM4104132_CTTAACTCATCTGGTA-1,CSF,0.19096358734164695
HC,PTC45044_CSF,GSM4104132_CTTACCGCAGCCAATT-1,CSF,-0.19294517155871696
HC,PTC45044_CSF,GSM4104132_CTTACCGGTAGCGTGA-1,CSF,0.1030005419075261
HC,PTC45044_CSF,GSM4104132_CTTAGGATCCGCATCT-1,CSF,-0.060455144135125094
HC,PTC45044_CSF,GSM4104132_CTTCTCTCAAGTCTGT-1,CSF,-0.29997119987097626
HC,PTC45044_CSF,GSM4104132_CTTGGCTTCGCCATAA-1,CSF,-0.09262614825989404
HC,PTC45044_CSF,GSM4104132_CTTTGCGGTTACGACT-1,CSF,-0.29997119987097626
HC,PTC45044_CSF,GSM4104132_GAAACTCTCAGTTTGG-1,CSF,-0.29997119987097626
HC,PTC45044_CSF,GSM4104132_GAAATGAAGTTGTAGA-1,CSF,0.17300151130920774
HC,PTC45044_CSF,GSM4104132_GAAATGACAAACCTAC-1,CSF,-0.29997119987097626
HC,PTC45044_CSF,GSM4104132_GAAATGATCCTATGTT-1,CSF,-0.054988645451861794
HC,PTC45044_CSF,GSM4104132_GAACCTACAATGTAAG-1,CSF,-0.08630339489169565
HC,PTC45044_CSF,GSM4104132_GAACCTAGTGGACGAT-1,CSF,-0.29997119987097626
HC,PTC45044_CSF,GSM4104132_GAAGCAGGTCATTAGC-1,CSF,-0.13379024220127528
HC,PTC45044_CSF,GSM4104132_GAATGAAGTGTTTGTG-1,CSF,0.13702330003265395
HC,PTC45044_CSF,GSM4104132_GACACGCAGGTTCCTA-1,CSF,0.41027251364868
HC,PTC45044_CSF,GSM4104132_GACAGAGGTGTGCCTG-1,CSF,-0.08415601068390743
HC,PTC45044_CSF,GSM4104132_GACCAATAGTCCTCCT-1,CSF,0.5143080201850142
HC,PTC45044_CSF,GSM4104132_GACCAATAGTGGGCTA-1,CSF,0.47020472670202346
HC,PTC45044_CSF,GSM4104132_GACCAATCACATTCGA-1,CSF,0.3627197141556325
HC,PTC45044_CSF,GSM4104132_GACCAATGTTGGGACA-1,CSF,-0.003874991366476415
HC,PTC45044_CSF,GSM4104132_GACCTGGCAATGCCAT-1,CSF,0.15864354995480293
HC,PTC45044_CSF,GSM4104132_GACGCGTTCCTACAGA-1,CSF,0.08487108761694469
HC,PTC45044_CSF,GSM4104132_GACGGCTAGAGGTTGC-1,CSF,0.6070805863206957
HC,PTC45044_CSF,GSM4104132_GACTAACGTCTAGAGG-1,CSF,0.058473178939183024
HC,PTC45044_CSF,GSM4104132_GACTACACAGGACGTA-1,CSF,0.2823075512092572
HC,PTC45044_CSF,GSM4104132_GACTGCGAGCAGACTG-1,CSF,-0.05925920831500874
HC,PTC45044_CSF,GSM4104132_GACTGCGCACGTCTCT-1,CSF,-0.19407537241849124
HC,PTC45044_CSF,GSM4104132_GACTGCGGTCTAAACC-1,CSF,0.618990692184921
HC,PTC45044_CSF,GSM4104132_GAGCAGACATCCGGGT-1,CSF,-0.29997119987097626
HC,PTC45044_CSF,GSM4104132_GAGTCCGTCTGTGCAA-1,CSF,-0.022028673443612198
HC,PTC45044_CSF,GSM4104132_GATCAGTCAATGCCAT-1,CSF,0.7788701921059511
HC,PTC45044_CSF,GSM4104132_GATCGCGGTACGAAAT-1,CSF,0.6568411685763468
HC,PTC45044_CSF,GSM4104132_GATCGCGTCACAAACC-1,CSF,-0.07166559875832698
HC,PTC45044_CSF,GSM4104132_GATGAAAGTTGTCTTT-1,CSF,0.033654195328788584
HC,PTC45044_CSF,GSM4104132_GATGAGGGTGTAATGA-1,CSF,-0.19883802437872214
HC,PTC45044_CSF,GSM4104132_GATTCAGTCAACGAAA-1,CSF,0.8239222340718203
HC,PTC45044_CSF,GSM4104132_GCAATCAGTACCGCTG-1,CSF,0.2513756756419447
HC,PTC45044_CSF,GSM4104132_GCAATCAGTCTAGTCA-1,CSF,0.21109519530012483
HC,PTC45044_CSF,GSM4104132_GCACATACACAGATTC-1,CSF,-0.035465492336526475
HC,PTC45044_CSF,GSM4104132_GCACATACAGACAGGT-1,CSF,0.22074712828095824
HC,PTC45044_CSF,GSM4104132_GCACATAGTAAGAGAG-1,CSF,0.42872996155426096
HC,PTC45044_CSF,GSM4104132_GCACATATCCTCCTAG-1,CSF,-0.29997119987097626
HC,PTC45044_CSF,GSM4104132_GCACTCTCACAACGTT-1,CSF,-0.06659216138486146
HC,PTC45044_CSF,GSM4104132_GCACTCTGTGGTCCGT-1,CSF,0.2633421418735317
HC,PTC45044_CSF,GSM4104132_GCAGTTAAGATAGTCA-1,CSF,0.12999238502851743
HC,PTC45044_CSF,GSM4104132_GCATGATAGAGTACCG-1,CSF,1.1831911559346815
HC,PTC45044_CSF,GSM4104132_GCATGCGAGGGTATCG-1,CSF,0.261056069698664
HC,PTC45044_CSF,GSM4104132_GCATGTACAGACAGGT-1,CSF,0.7917517225432508
HC,PTC45044_CSF,GSM4104132_GCCTCTAAGCGATGAC-1,CSF,0.11075410954829899
HC,PTC45044_CSF,GSM4104132_GCCTCTACATGGGAAC-1,CSF,0.1280956807110786
HC,PTC45044_CSF,GSM4104132_GCGAGAACACCGTTGG-1,CSF,-0.29997119987097626
HC,PTC45044_CSF,GSM4104132_GCGAGAATCCTCATTA-1,CSF,-0.0751562921805389
HC,PTC45044_CSF,GSM4104132_GCGCAACGTACGACCC-1,CSF,0.1345329591848967
HC,PTC45044_CSF,GSM4104132_GCGCAGTAGGGAAACA-1,CSF,0.08587496908532614
HC,PTC45044_CSF,GSM4104132_GCGCCAACATTTCAGG-1,CSF,0.1282643755105892
HC,PTC45044_CSF,GSM4104132_GCTCCTACAAGCGATG-1,CSF,0.1498090565165728
HC,PTC45044_CSF,GSM4104132_GCTCTGTAGTGCCAGA-1,CSF,-0.29997119987097626
HC,PTC45044_CSF,GSM4104132_GCTCTGTGTTGAGGTG-1,CSF,0.795936230823073
HC,PTC45044_CSF,GSM4104132_GCTGCAGCACATCTTT-1,CSF,0.17233244863001293
HC,PTC45044_CSF,GSM4104132_GCTGGGTAGATATACG-1,CSF,-0.29997119987097626
HC,PTC45044_CSF,GSM4104132_GCTTCCAAGAATTGTG-1,CSF,-0.09968886704041337
HC,PTC45044_CSF,GSM4104132_GCTTCCAGTACCCAAT-1,CSF,0.7208780889166936
HC,PTC45044_CSF,GSM4104132_GCTTGAACACAGACAG-1,CSF,-0.15572117392449636
HC,PTC45044_CSF,GSM4104132_GGAACTTCACGGTAGA-1,CSF,-0.29997119987097626
HC,PTC45044_CSF,GSM4104132_GGAACTTGTCCGTGAC-1,CSF,0.3014429349449762
HC,PTC45044_CSF,GSM4104132_GGAATAAAGCGGATCA-1,CSF,-0.29997119987097626
HC,PTC45044_CSF,GSM4104132_GGAATAAAGTTCGCAT-1,CSF,0.5277636605224851
HC,PTC45044_CSF,GSM4104132_GGAATAACATAGACTC-1,CSF,0.05909751793744088
HC,PTC45044_CSF,GSM4104132_GGAATAATCAGTTAGC-1,CSF,-0.29997119987097626
HC,PTC45044_CSF,GSM4104132_GGACAGACAGCTTCGG-1,CSF,-0.29997119987097626
HC,PTC45044_CSF,GSM4104132_GGACAGAGTCGAAAGC-1,CSF,-0.29997119987097626
HC,PTC45044_CSF,GSM4104132_GGCCGATGTATCGCAT-1,CSF,-0.10248218574781068
HC,PTC45044_CSF,GSM4104132_GGCCGATTCGCCTGTT-1,CSF,0.1324511143606725
HC,PTC45044_CSF,GSM4104132_GGCGACTAGCCTATGT-1,CSF,0.1275328912714749
HC,PTC45044_CSF,GSM4104132_GGCGACTGTGGTTTCA-1,CSF,-0.29997119987097626
HC,PTC45044_CSF,GSM4104132_GGCTGGTCAATTGCTG-1,CSF,-0.1891819804411416
HC,PTC45044_CSF,GSM4104132_GGGAATGAGTCTTGCA-1,CSF,0.005460165058874937
HC,PTC45044_CSF,GSM4104132_GGGAATGCATCGACGC-1,CSF,0.6613225205131814
HC,PTC45044_CSF,GSM4104132_GGGAATGTCCGCAGTG-1,CSF,-0.29997119987097626
HC,PTC45044_CSF,GSM4104132_GGGACCTTCGAGCCCA-1,CSF,-0.07648555984111338
HC,PTC45044_CSF,GSM4104132_GGGAGATAGTCAATAG-1,CSF,-0.07019016398210098
HC,PTC45044_CSF,GSM4104132_GGGAGATCAACGATCT-1,CSF,0.4742270436192659
HC,PTC45044_CSF,GSM4104132_GGGAGATGTCCCGACA-1,CSF,0.033994350983985545
HC,PTC45044_CSF,GSM4104132_GGGATGAGTCGGGTCT-1,CSF,0.07289207180319009
HC,PTC45044_CSF,GSM4104132_GGGCACTTCAACACTG-1,CSF,-0.29997119987097626
HC,PTC45044_CSF,GSM4104132_GGGCACTTCAACTCTT-1,CSF,-0.08672517597637645
HC,PTC45044_CSF,GSM4104132_GGGCATCAGAGTCTGG-1,CSF,0.44949702595287244
HC,PTC45044_CSF,GSM4104132_GGGTCTGGTATCACCA-1,CSF,0.21297850458710427
HC,PTC45044_CSF,GSM4104132_GGTATTGTCAGTTAGC-1,CSF,-0.29997119987097626
HC,PTC45044_CSF,GSM4104132_GGTGAAGCATGTCCTC-1,CSF,-0.14835914441899925
HC,PTC45044_CSF,GSM4104132_GTAACTGAGCGACGTA-1,CSF,0.43708338059667096
HC,PTC45044_CSF,GSM4104132_GTAACTGTCATTATCC-1,CSF,0.3980292327840811
HC,PTC45044_CSF,GSM4104132_GTACGTAAGGAGTACC-1,CSF,0.3406923545947717
HC,PTC45044_CSF,GSM4104132_GTACGTATCACGCGGT-1,CSF,-0.00877148474370358
HC,PTC45044_CSF,GSM4104132_GTACGTATCGCCAGCA-1,CSF,-0.29997119987097626
HC,PTC45044_CSF,GSM4104132_GTAGGCCAGGATGGAA-1,CSF,0.3554243241443995
HC,PTC45044_CSF,GSM4104132_GTATCTTAGGAGTAGA-1,CSF,-0.04786422085920782
HC,PTC45044_CSF,GSM4104132_GTATCTTCAATGTTGC-1,CSF,-0.12185847810377193
HC,PTC45044_CSF,GSM4104132_GTATCTTTCGAGCCCA-1,CSF,0.43519584227333497
HC,PTC45044_CSF,GSM4104132_GTCACAAAGATAGGAG-1,CSF,0.15391434327067305
HC,PTC45044_CSF,GSM4104132_GTCACAACAGGGTTAG-1,CSF,-0.15734864394126896
HC,PTC45044_CSF,GSM4104132_GTCATTTAGGTTACCT-1,CSF,0.688676929014318
HC,PTC45044_CSF,GSM4104132_GTCATTTAGTAGATGT-1,CSF,0.12433893239105402
HC,PTC45044_CSF,GSM4104132_GTCCTCACAATGACCT-1,CSF,-0.10646556690314125
HC,PTC45044_CSF,GSM4104132_GTCCTCATCCAAGCCG-1,CSF,-0.15897372301555013
HC,PTC45044_CSF,GSM4104132_GTCGTAATCTGATTCT-1,CSF,-0.11181380052857216
HC,PTC45044_CSF,GSM4104132_GTCTCGTAGTTGTAGA-1,CSF,-0.1559185907643304
HC,PTC45044_CSF,GSM4104132_GTCTTCGAGATACACA-1,CSF,0.3029032212909025
HC,PTC45044_CSF,GSM4104132_GTGCAGCAGGACAGCT-1,CSF,-0.05536377515366638
HC,PTC45044_CSF,GSM4104132_GTGCAGCCAAACAACA-1,CSF,0.17026105934908745
HC,PTC45044_CSF,GSM4104132_GTGCAGCCACACAGAG-1,CSF,-0.05675859883849852
HC,PTC45044_CSF,GSM4104132_GTGCGGTAGCGTCTAT-1,CSF,-0.1697345464684737
HC,PTC45044_CSF,GSM4104132_GTGCGGTTCCAATGGT-1,CSF,0.6478709077573326
HC,PTC45044_CSF,GSM4104132_GTTAAGCGTAGAAAGG-1,CSF,-0.14966242016838033
HC,PTC45044_CSF,GSM4104132_GTTACAGAGGCATTGG-1,CSF,0.35548155793984
HC,PTC45044_CSF,GSM4104132_GTTACAGCATATGAGA-1,CSF,-0.29997119987097626
HC,PTC45044_CSF,GSM4104132_GTTCATTGTTCGTCTC-1,CSF,0.23476324821760622
HC,PTC45044_CSF,GSM4104132_GTTCGGGGTCACAAGG-1,CSF,0.2778237987503268
HC,PTC45044_CSF,GSM4104132_GTTTCTAGTCCCTTGT-1,CSF,0.17194190251398261
HC,PTC45044_CSF,GSM4104132_GTTTCTATCATTTGGG-1,CSF,0.5433449287985955
HC,PTC45044_CSF,GSM4104132_TAAACCGCATACCATG-1,CSF,-0.29997119987097626
HC,PTC45044_CSF,GSM4104132_TAAGAGAAGTGTCCAT-1,CSF,0.27307593551282655
HC,PTC45044_CSF,GSM4104132_TAAGCGTAGTGTCCCG-1,CSF,0.7519236339214679
HC,PTC45044_CSF,GSM4104132_TACAGTGAGAGACGAA-1,CSF,-0.018415591850892272
HC,PTC45044_CSF,GSM4104132_TACAGTGAGCACAGGT-1,CSF,-0.1374465441251148
HC,PTC45044_CSF,GSM4104132_TACAGTGTCTTTAGGG-1,CSF,-0.29997119987097626
HC,PTC45044_CSF,GSM4104132_TACCTTACAGCTGTTA-1,CSF,-0.29997119987097626
HC,PTC45044_CSF,GSM4104132_TACGGATAGATCACGG-1,CSF,0.9544094240884589
HC,PTC45044_CSF,GSM4104132_TACGGATCACGCCAGT-1,CSF,-0.11046962203611854
HC,PTC45044_CSF,GSM4104132_TACGGTAGTCTAGGTT-1,CSF,-0.1468468861394788
HC,PTC45044_CSF,GSM4104132_TACGGTATCCGCGCAA-1,CSF,-0.15873391382771795
HC,PTC45044_CSF,GSM4104132_TACTCGCGTTCAGGCC-1,CSF,-0.1196338936403699
HC,PTC45044_CSF,GSM4104132_TACTTACCAAACGTGG-1,CSF,-0.21041469249517156
HC,PTC45044_CSF,GSM4104132_TACTTACGTCATACTG-1,CSF,-0.07273832266268057
HC,PTC45044_CSF,GSM4104132_TAGACCACATCACCCT-1,CSF,0.3879289247368307
HC,PTC45044_CSF,GSM4104132_TAGACCAGTTCGCGAC-1,CSF,0.49210106667766
HC,PTC45044_CSF,GSM4104132_TAGCCGGGTAAGTGTA-1,CSF,-0.04556129836068336
HC,PTC45044_CSF,GSM4104132_TAGGCATAGAGCTATA-1,CSF,0.7472363804024565
HC,PTC45044_CSF,GSM4104132_TAGTGGTCACGAAACG-1,CSF,1.4780089916132202
HC,PTC45044_CSF,GSM4104132_TAGTGGTTCGACAGCC-1,CSF,-0.14525727271215433
HC,PTC45044_CSF,GSM4104132_TAGTTGGCACATGGGA-1,CSF,0.04200930330995142
HC,PTC45044_CSF,GSM4104132_TAGTTGGCACTACAGT-1,CSF,-0.03414071542197829
HC,PTC45044_CSF,GSM4104132_TATCAGGAGACGACGT-1,CSF,0.39636778187987326
HC,PTC45044_CSF,GSM4104132_TATCTCACAATGTTGC-1,CSF,-0.1619161059198686
HC,PTC45044_CSF,GSM4104132_TATCTCAGTTATTCTC-1,CSF,0.7252577185640259
HC,PTC45044_CSF,GSM4104132_TATGCCCCATACAGCT-1,CSF,-0.29997119987097626
HC,PTC45044_CSF,GSM4104132_TCAACGAAGAGACTTA-1,CSF,0.23159094452433354
HC,PTC45044_CSF,GSM4104132_TCAATCTCATCGGAAG-1,CSF,0.22253495311394925
HC,PTC45044_CSF,GSM4104132_TCACGAATCACCAGGC-1,CSF,0.19408028834239702
HC,PTC45044_CSF,GSM4104132_TCACGAATCCACTGGG-1,CSF,-0.29997119987097626
HC,PTC45044_CSF,GSM4104132_TCAGCAACAGGTTTCA-1,CSF,0.32180479564687053
HC,PTC45044_CSF,GSM4104132_TCAGGATCAGATCCAT-1,CSF,0.21070194001413795
HC,PTC45044_CSF,GSM4104132_TCAGGATGTATCAGTC-1,CSF,-0.29997119987097626
HC,PTC45044_CSF,GSM4104132_TCAGGATGTGCACCAC-1,CSF,0.15642654586723334
HC,PTC45044_CSF,GSM4104132_TCATTTGCACGACTCG-1,CSF,-0.29997119987097626
HC,PTC45044_CSF,GSM4104132_TCCACACCATAGAAAC-1,CSF,0.30204638998787675
HC,PTC45044_CSF,GSM4104132_TCCCGATAGTATCGAA-1,CSF,-0.29997119987097626
HC,PTC45044_CSF,GSM4104132_TCCCGATTCGGAATCT-1,CSF,0.038211502277863296
HC,PTC45044_CSF,GSM4104132_TCGAGGCTCGGAGCAA-1,CSF,0.265288193947203
HC,PTC45044_CSF,GSM4104132_TCGGTAAAGATCTGAA-1,CSF,-0.29997119987097626
HC,PTC45044_CSF,GSM4104132_TCTATTGGTAGGACAC-1,CSF,-0.29997119987097626
HC,PTC45044_CSF,GSM4104132_TCTATTGGTCGTCTTC-1,CSF,0.021675087883032535
HC,PTC45044_CSF,GSM4104132_TCTGAGACAACTGGCC-1,CSF,0.1726119181865102
HC,PTC45044_CSF,GSM4104132_TCTGGAACATCCTTGC-1,CSF,0.40878589110271635
HC,PTC45044_CSF,GSM4104132_TGACAACCATGGTCAT-1,CSF,0.3103086260826228
HC,PTC45044_CSF,GSM4104132_TGACGGCCACAGTCGC-1,CSF,-0.10577778914193929
HC,PTC45044_CSF,GSM4104132_TGACGGCGTATAGTAG-1,CSF,-0.29997119987097626
HC,PTC45044_CSF,GSM4104132_TGACGGCTCCCTAATT-1,CSF,-0.29997119987097626
HC,PTC45044_CSF,GSM4104132_TGACTAGAGCGATTCT-1,CSF,-0.29997119987097626
HC,PTC45044_CSF,GSM4104132_TGACTAGTCAGCTCTC-1,CSF,0.3699892082026313
HC,PTC45044_CSF,GSM4104132_TGACTTTTCGGTGTCG-1,CSF,0.26362230109327806
HC,PTC45044_CSF,GSM4104132_TGAGAGGAGAAACGCC-1,CSF,0.04560030920642303
HC,PTC45044_CSF,GSM4104132_TGAGAGGCAAGCCTAT-1,CSF,0.22730351559324796
HC,PTC45044_CSF,GSM4104132_TGAGCCGGTGAAAGAG-1,CSF,0.224332254923352
HC,PTC45044_CSF,GSM4104132_TGAGGGAGTCCGTGAC-1,CSF,0.11779051460045291
HC,PTC45044_CSF,GSM4104132_TGCACCTTCGCCTGAG-1,CSF,1.3451522104448859
HC,PTC45044_CSF,GSM4104132_TGCCAAATCCTATGTT-1,CSF,0.28216361307592874
HC,PTC45044_CSF,GSM4104132_TGCCCATGTCCAGTTA-1,CSF,0.0412421759477059
HC,PTC45044_CSF,GSM4104132_TGCGCAGTCTGTCTCG-1,CSF,-0.06404519300272983
HC,PTC45044_CSF,GSM4104132_TGCGGGTCAAATTGCC-1,CSF,-0.16443674532118374
HC,PTC45044_CSF,GSM4104132_TGCGTGGCAACAACCT-1,CSF,0.08050222385196344
HC,PTC45044_CSF,GSM4104132_TGGACGCAGTCGATAA-1,CSF,-0.29997119987097626
HC,PTC45044_CSF,GSM4104132_TGGCGCAAGGTGCACA-1,CSF,-0.025677558394524538
HC,PTC45044_CSF,GSM4104132_TGGCTGGTCACGATGT-1,CSF,0.4354294207347123
HC,PTC45044_CSF,GSM4104132_TGGCTGGTCCTAGGGC-1,CSF,-0.06325885784401883
HC,PTC45044_CSF,GSM4104132_TGGTTCCGTAGCGTGA-1,CSF,0.18955431735376208
HC,PTC45044_CSF,GSM4104132_TGGTTCCGTTCCAACA-1,CSF,0.4905424907949386
HC,PTC45044_CSF,GSM4104132_TGTATTCGTCGGCACT-1,CSF,-0.12244566545093925
HC,PTC45044_CSF,GSM4104132_TGTGGTATCGAGGTAG-1,CSF,-0.29997119987097626
HC,PTC45044_CSF,GSM4104132_TGTGTTTGTAAACACA-1,CSF,0.12900953373028684
HC,PTC45044_CSF,GSM4104132_TTAGGACAGGGTATCG-1,CSF,0.25038319986821234
HC,PTC45044_CSF,GSM4104132_TTAGGACTCGCCAAAT-1,CSF,-0.013145792160441368
HC,PTC45044_CSF,GSM4104132_TTAGGCAAGAAGGTTT-1,CSF,-0.08921840947854556
HC,PTC45044_CSF,GSM4104132_TTAGTTCCAACTGCGC-1,CSF,0.10073414661174988
HC,PTC45044_CSF,GSM4104132_TTATGCTTCTACTTAC-1,CSF,-0.0011051362446358023
HC,PTC45044_CSF,GSM4104132_TTCCCAGGTCTGCCAG-1,CSF,-0.08704718611501328
HC,PTC45044_CSF,GSM4104132_TTCGAAGAGGGTTCCC-1,CSF,0.4801332438186624
HC,PTC45044_CSF,GSM4104132_TTCGGTCCAGGATTGG-1,CSF,-0.027645226141308994
HC,PTC45044_CSF,GSM4104132_TTCTACAGTATCACCA-1,CSF,-0.29997119987097626
HC,PTC45044_CSF,GSM4104132_TTCTCAAAGAACTCGG-1,CSF,-0.29997119987097626
HC,PTC45044_CSF,GSM4104132_TTGAACGAGGGTCGAT-1,CSF,-0.14014378510222072
HC,PTC45044_CSF,GSM4104132_TTGACTTAGATGCCTT-1,CSF,-0.09740448422963323
HC,PTC45044_CSF,GSM4104132_TTGACTTGTCTTGCGG-1,CSF,0.214902621542689
HC,PTC45044_CSF,GSM4104132_TTGCGTCCATCGGAAG-1,CSF,0.009090066705256408
HC,PTC45044_CSF,GSM4104132_TTTCCTCAGAATGTTG-1,CSF,-0.033982899130817944
HC,PTC45044_CSF,GSM4104132_TTTGCGCTCAATCTCT-1,CSF,-0.29997119987097626
HC,PTC45044_CSF,GSM4104132_TTTGGTTGTGATGCCC-1,CSF,0.47800459652837285
HC,PTC45044_CSF,GSM4104132_TTTGGTTTCCGCATCT-1,CSF,-0.29997119987097626
HC,PTC45044_CSF,GSM4104132_TTTGTCAAGACACTAA-1,CSF,-0.007715153207867896
HC,PTC45044_CSF,GSM4104132_TTTGTCACAATCGGTT-1,CSF,0.6572009764236711
HC,PST83775_CSF,GSM4104128_AAAGCAACAAGACGTG-1,CSF,-0.08051943503140528
HC,PST83775_CSF,GSM4104128_AAATGCCCAAGCGAGT-1,CSF,-0.29997119987097626
HC,PST83775_CSF,GSM4104128_AACTTTCGTATGAAAC-1,CSF,-0.13133604521654882
HC,PST83775_CSF,GSM4104128_AATCCAGAGCACCGCT-1,CSF,-0.0009098054934173165
HC,PST83775_CSF,GSM4104128_AATCCAGCAACACCTA-1,CSF,-0.29997119987097626
HC,PST83775_CSF,GSM4104128_ACACCCTTCATGTAGC-1,CSF,-0.29997119987097626
HC,PST83775_CSF,GSM4104128_ACCTTTATCACTCCTG-1,CSF,-0.11693263377159321
HC,PST83775_CSF,GSM4104128_ACGAGGAGTTTCCACC-1,CSF,-0.29997119987097626
HC,PST83775_CSF,GSM4104128_ACGCCGAGTCCGCTGA-1,CSF,0.09957835664591588
HC,PST83775_CSF,GSM4104128_ACGCCGAGTCGGCTCA-1,CSF,-0.29997119987097626
HC,PST83775_CSF,GSM4104128_ACTGAACAGGCATTGG-1,CSF,-0.15999415148623122
HC,PST83775_CSF,GSM4104128_ACTGATGAGGGTATCG-1,CSF,-0.0031373330589628784
HC,PST83775_CSF,GSM4104128_ACTTTCACATATACGC-1,CSF,0.501262600171296
HC,PST83775_CSF,GSM4104128_AGACGTTTCGAATGGG-1,CSF,-0.29997119987097626
HC,PST83775_CSF,GSM4104128_AGATCTGTCCTACAGA-1,CSF,0.0047920028918172165
HC,PST83775_CSF,GSM4104128_AGGTCATAGGCTCAGA-1,CSF,-0.29997119987097626
HC,PST83775_CSF,GSM4104128_AGTGAGGCATCACGTA-1,CSF,-0.03905812846660366
HC,PST83775_CSF,GSM4104128_AGTGTCACATGGTCAT-1,CSF,0.10360802735820664
HC,PST83775_CSF,GSM4104128_ATAAGAGCATGACATC-1,CSF,-0.0938274296616496
HC,PST83775_CSF,GSM4104128_ATCACGAAGCAGACTG-1,CSF,-0.29997119987097626
HC,PST83775_CSF,GSM4104128_ATCCGAACACCGATAT-1,CSF,0.39071415346538874
HC,PST83775_CSF,GSM4104128_ATCCGAATCTAACGGT-1,CSF,-0.29997119987097626
HC,PST83775_CSF,GSM4104128_ATCTGCCAGCTAACTC-1,CSF,-0.1376487688912782
HC,PST83775_CSF,GSM4104128_ATGCGATTCGCGGATC-1,CSF,0.5257499624569989
HC,PST83775_CSF,GSM4104128_ATTGGACCACGTCAGC-1,CSF,-0.29997119987097626
HC,PST83775_CSF,GSM4104128_CACAAACGTCAGAAGC-1,CSF,-0.29997119987097626
HC,PST83775_CSF,GSM4104128_CACACAAAGAAGATTC-1,CSF,-0.1693586094030676
HC,PST83775_CSF,GSM4104128_CACAGTAAGTCAATAG-1,CSF,-0.29997119987097626
HC,PST83775_CSF,GSM4104128_CACTCCAAGTGTACGG-1,CSF,-0.17178925681191878
HC,PST83775_CSF,GSM4104128_CAGCTAAGTTGTGGCC-1,CSF,-0.29997119987097626
HC,PST83775_CSF,GSM4104128_CAGTCCTAGGACTGGT-1,CSF,-0.29997119987097626
HC,PST83775_CSF,GSM4104128_CCATGTCCATGTTGAC-1,CSF,-0.0802245511283424
HC,PST83775_CSF,GSM4104128_CCCATACAGCTGCAAG-1,CSF,-0.29997119987097626
HC,PST83775_CSF,GSM4104128_CCGGGATTCGTCGTTC-1,CSF,0.331498181768452
HC,PST83775_CSF,GSM4104128_CCTACCAAGCGCTTAT-1,CSF,0.02333634018423203
HC,PST83775_CSF,GSM4104128_CCTACCACATGAGCGA-1,CSF,-0.29997119987097626
HC,PST83775_CSF,GSM4104128_CCTAGCTTCGCGATCG-1,CSF,0.7837833208984543
HC,PST83775_CSF,GSM4104128_CGAATGTAGACTTGAA-1,CSF,0.06274269472990926
HC,PST83775_CSF,GSM4104128_CGAATGTGTCTGCCAG-1,CSF,-0.29997119987097626
HC,PST83775_CSF,GSM4104128_CGACTTCCAAACGCGA-1,CSF,0.46420522183419555
HC,PST83775_CSF,GSM4104128_CGCCAAGGTCAGGACA-1,CSF,0.2510102911384993
HC,PST83775_CSF,GSM4104128_CGCTGGACATCCCACT-1,CSF,-0.29997119987097626
HC,PST83775_CSF,GSM4104128_CGTAGGCAGAGCAATT-1,CSF,0.11455272432376298
HC,PST83775_CSF,GSM4104128_CGTCAGGAGTAGGCCA-1,CSF,-0.1291181115990808
HC,PST83775_CSF,GSM4104128_CGTTGGGCATTCGACA-1,CSF,0.5744907259431553
HC,PST83775_CSF,GSM4104128_CTACCCATCAACACCA-1,CSF,-0.29997119987097626
HC,PST83775_CSF,GSM4104128_CTCGAAATCGTGTAGT-1,CSF,-0.034717530507452965
HC,PST83775_CSF,GSM4104128_CTCGAGGGTATGGTTC-1,CSF,0.29865995954491986
HC,PST83775_CSF,GSM4104128_CTGAAGTCATCTCGCT-1,CSF,-0.16039285286698846
HC,PST83775_CSF,GSM4104128_CTGCCTATCTCCCTGA-1,CSF,0.32847471819933227
HC,PST83775_CSF,GSM4104128_CTGTTTAAGTAAGTAC-1,CSF,-0.29997119987097626
HC,PST83775_CSF,GSM4104128_GAAACTCGTCCGAATT-1,CSF,-0.04307163519459948
HC,PST83775_CSF,GSM4104128_GAGCAGATCATACGGT-1,CSF,-0.026421568698038172
HC,PST83775_CSF,GSM4104128_GAGTCCGAGGCTAGGT-1,CSF,0.5532840598660408
HC,PST83775_CSF,GSM4104128_GATCTAGAGCCGTCGT-1,CSF,-0.172779775060844
HC,PST83775_CSF,GSM4104128_GATGAGGGTCTTCAAG-1,CSF,-0.0475307705708072
HC,PST83775_CSF,GSM4104128_GCATACAAGCTCAACT-1,CSF,0.14188368789353195
HC,PST83775_CSF,GSM4104128_GCATGCGCAAGTCTAC-1,CSF,-0.29997119987097626
HC,PST83775_CSF,GSM4104128_GCCTCTACAAATTGCC-1,CSF,0.3418122165969443
HC,PST83775_CSF,GSM4104128_GCGCAACGTCGTTGTA-1,CSF,0.04189628370439461
HC,PST83775_CSF,GSM4104128_GCTGCTTCATAAGACA-1,CSF,-0.29997119987097626
HC,PST83775_CSF,GSM4104128_GGACATTAGACAGAGA-1,CSF,-0.29997119987097626
HC,PST83775_CSF,GSM4104128_GGACATTGTCTTCTCG-1,CSF,-0.04695542600949894
HC,PST83775_CSF,GSM4104128_GGATGTTAGCATGGCA-1,CSF,-0.13129929033589577
HC,PST83775_CSF,GSM4104128_GGGAATGCAGATCGGA-1,CSF,-0.1315258382112811
HC,PST83775_CSF,GSM4104128_GGGAGATGTTTGGGCC-1,CSF,-0.08540999100925155
HC,PST83775_CSF,GSM4104128_GGGTCTGCAGTTCATG-1,CSF,0.2021001767057319
HC,PST83775_CSF,GSM4104128_GTACTTTGTCTACCTC-1,CSF,-0.14149165918510936
HC,PST83775_CSF,GSM4104128_GTATTCTTCTGATACG-1,CSF,0.2144328103261059
HC,PST83775_CSF,GSM4104128_GTGTGCGGTCACCTAA-1,CSF,0.4315231556309268
HC,PST83775_CSF,GSM4104128_GTTTCTACATCCAACA-1,CSF,-0.12292847705430344
HC,PST83775_CSF,GSM4104128_TACACGAAGATCGATA-1,CSF,-0.29997119987097626
HC,PST83775_CSF,GSM4104128_TACACGAGTTAAGAAC-1,CSF,-0.143116014660083
HC,PST83775_CSF,GSM4104128_TACACGATCGACGGAA-1,CSF,-0.006369807355406261
HC,PST83775_CSF,GSM4104128_TACGGGCGTACTTGAC-1,CSF,0.007537297334049461
HC,PST83775_CSF,GSM4104128_TACTTGTAGGCATGTG-1,CSF,-0.29997119987097626
HC,PST83775_CSF,GSM4104128_TAGAGCTCAAACCCAT-1,CSF,-0.29997119987097626
HC,PST83775_CSF,GSM4104128_TAGCCGGGTCTCATCC-1,CSF,-0.29997119987097626
HC,PST83775_CSF,GSM4104128_TCAATCTTCAATAAGG-1,CSF,-0.04546660858598713
HC,PST83775_CSF,GSM4104128_TCGGTAAAGGATGCGT-1,CSF,0.03152379586845623
HC,PST83775_CSF,GSM4104128_TCTATTGTCTGCCAGG-1,CSF,-0.29997119987097626
HC,PST83775_CSF,GSM4104128_TCTGAGAGTAGCGCAA-1,CSF,0.42431147742824626
HC,PST83775_CSF,GSM4104128_TGACAACCAGGGTATG-1,CSF,-0.12133005637254665
HC,PST83775_CSF,GSM4104128_TGAGCATCAGACAGGT-1,CSF,0.07174716956855934
HC,PST83775_CSF,GSM4104128_TGATTTCTCCATGCTC-1,CSF,0.2604494937247574
HC,PST83775_CSF,GSM4104128_TGCCAAAGTCTTGATG-1,CSF,0.19471054688187564
HC,PST83775_CSF,GSM4104128_TGGCTGGTCCATTCTA-1,CSF,-0.29997119987097626
HC,PST83775_CSF,GSM4104128_TTCGAAGCACAAGTAA-1,CSF,-0.17456355880314892
HC,PST95809_CSF,GSM4104130_AATCCAGGTAATCGTC-1,CSF,-0.12523608238696957
HC,PST95809_CSF,GSM4104130_ACACCGGAGAGTACCG-1,CSF,-0.29997119987097626
HC,PST95809_CSF,GSM4104130_ACACCGGGTGATGTGG-1,CSF,-0.29997119987097626
HC,PST95809_CSF,GSM4104130_ACAGCCGGTACTCTCC-1,CSF,0.6686470747966922
HC,PST95809_CSF,GSM4104130_ACGCCAGGTCAAGCGA-1,CSF,-0.0897510574610465
HC,PST95809_CSF,GSM4104130_AGGGAGTTCCGCATCT-1,CSF,0.6656169241502281
HC,PST95809_CSF,GSM4104130_ATCGAGTTCGTGACAT-1,CSF,0.2853046203331059
HC,PST95809_CSF,GSM4104130_ATTGGACAGGGTATCG-1,CSF,0.020600857531612622
HC,PST95809_CSF,GSM4104130_CAAGGCCTCCGCATAA-1,CSF,0.18580532768309518
HC,PST95809_CSF,GSM4104130_CACAGGCAGAACTGTA-1,CSF,-0.29997119987097626
HC,PST95809_CSF,GSM4104130_CACCTTGGTGAGGCTA-1,CSF,0.012175568256349436
HC,PST95809_CSF,GSM4104130_CAGAATCCAGGGTTAG-1,CSF,0.21756143096542793
HC,PST95809_CSF,GSM4104130_CATCCACGTGTGAATA-1,CSF,0.2444426798238258
HC,PST95809_CSF,GSM4104130_CCAATCCGTCTCCCTA-1,CSF,-0.04042381974775603
HC,PST95809_CSF,GSM4104130_CCCAATCGTTTAAGCC-1,CSF,0.21263313146154653
HC,PST95809_CSF,GSM4104130_CCGTTCAGTCCGACGT-1,CSF,0.12831173810518987
HC,PST95809_CSF,GSM4104130_CCTTTCTCATCACAAC-1,CSF,-0.14079538970123132
HC,PST95809_CSF,GSM4104130_CGGTTAATCCGAACGC-1,CSF,-0.29997119987097626
HC,PST95809_CSF,GSM4104130_CGTCACTGTTCTGAAC-1,CSF,-0.29997119987097626
HC,PST95809_CSF,GSM4104130_CGTTGGGGTCTAGAGG-1,CSF,-0.1444475167477673
HC,PST95809_CSF,GSM4104130_CTAACTTTCTAACTTC-1,CSF,-0.29997119987097626
HC,PST95809_CSF,GSM4104130_CTACCCATCGCTAGCG-1,CSF,-0.29997119987097626
HC,PST95809_CSF,GSM4104130_CTCACACCACCCATGG-1,CSF,-0.29997119987097626
HC,PST95809_CSF,GSM4104130_CTTTGCGCAGGATTGG-1,CSF,-0.29997119987097626
HC,PST95809_CSF,GSM4104130_GACAGAGGTGAACCTT-1,CSF,-0.29997119987097626
HC,PST95809_CSF,GSM4104130_GACGGCTGTGACCAAG-1,CSF,-0.29997119987097626
HC,PST95809_CSF,GSM4104130_GACGTTACAGATGGGT-1,CSF,0.25975837182821
HC,PST95809_CSF,GSM4104130_GGAATAACAGCTGTAT-1,CSF,-0.29997119987097626
HC,PST95809_CSF,GSM4104130_GGACATTAGCTAGTTC-1,CSF,-0.011307000608033167
HC,PST95809_CSF,GSM4104130_GGCTCGATCAGTTGAC-1,CSF,0.3640488983622677
HC,PST95809_CSF,GSM4104130_GGGTCTGAGTTACCCA-1,CSF,0.3010019105113256
HC,PST95809_CSF,GSM4104130_GGTATTGAGCAGATCG-1,CSF,-0.047018465488381685
HC,PST95809_CSF,GSM4104130_GTCATTTGTCAACATC-1,CSF,0.041207562600278025
HC,PST95809_CSF,GSM4104130_GTTCATTGTCTCCACT-1,CSF,-0.29997119987097626
HC,PST95809_CSF,GSM4104130_TACGGGCCATTCGACA-1,CSF,-0.07751733110965862
HC,PST95809_CSF,GSM4104130_TACTTGTCATGCCTAA-1,CSF,-0.29997119987097626
HC,PST95809_CSF,GSM4104130_TCAACGAAGTAGGCCA-1,CSF,-0.29997119987097626
HC,PST95809_CSF,GSM4104130_TCAGCAACACAGGAGT-1,CSF,-0.06121339383852791
HC,PST95809_CSF,GSM4104130_TCAGGATGTCTTCAAG-1,CSF,0.15757491407650318
HC,PST95809_CSF,GSM4104130_TCCACACTCGGAGCAA-1,CSF,-0.29997119987097626
HC,PST95809_CSF,GSM4104130_TCGCGTTGTTGGAGGT-1,CSF,-0.10456657254960566
HC,PST95809_CSF,GSM4104130_TTGAACGCAGATCGGA-1,CSF,-0.29997119987097626
HC,PST95809_CSF,GSM4104130_TTGAACGGTTGCGTTA-1,CSF,0.5828645461250564
HC,PTC32190_CSF,GSM4104129_AAACGGGTCCCTTGCA-1,CSF,-0.023096595624772072
HC,PTC32190_CSF,GSM4104129_AAAGCAACACGAAGCA-1,CSF,0.26016966270520386
HC,PTC32190_CSF,GSM4104129_AAAGTAGGTTACGTCA-1,CSF,-0.29997119987097626
HC,PTC32190_CSF,GSM4104129_AACTCTTGTTGATTCG-1,CSF,-0.29997119987097626
HC,PTC32190_CSF,GSM4104129_AAGACCTAGCTTTGGT-1,CSF,-0.29997119987097626
HC,PTC32190_CSF,GSM4104129_AATCGGTTCCTAAGTG-1,CSF,-0.29997119987097626
HC,PTC32190_CSF,GSM4104129_ACACCCTCATAGACTC-1,CSF,-0.16136907709825415
HC,PTC32190_CSF,GSM4104129_ACAGCCGTCCGTAGGC-1,CSF,-0.20643282390207826
HC,PTC32190_CSF,GSM4104129_ACAGCTAGTCAGCTAT-1,CSF,0.17796685585416458
HC,PTC32190_CSF,GSM4104129_ACCAGTAAGCTGAAAT-1,CSF,-0.13236392323210414
HC,PTC32190_CSF,GSM4104129_ACGAGCCAGTCCCACG-1,CSF,-0.29997119987097626
HC,PTC32190_CSF,GSM4104129_ACGATACGTCTAGCCG-1,CSF,0.038888620140750466
HC,PTC32190_CSF,GSM4104129_ACGATGTCAATCGGTT-1,CSF,0.11504061717091071
HC,PTC32190_CSF,GSM4104129_ACGGAGATCTACTATC-1,CSF,-0.06631745420825301
HC,PTC32190_CSF,GSM4104129_ACGGCCATCTTCGAGA-1,CSF,0.09106392538575422
HC,PTC32190_CSF,GSM4104129_ACGGGTCTCACCTCGT-1,CSF,-0.29997119987097626
HC,PTC32190_CSF,GSM4104129_ACTGATGCACATTTCT-1,CSF,0.38879336701407824
HC,PTC32190_CSF,GSM4104129_ACTGCTCCAACTGCTA-1,CSF,-0.29997119987097626
HC,PTC32190_CSF,GSM4104129_ACTGTCCAGCATGGCA-1,CSF,0.19578364688845218
HC,PTC32190_CSF,GSM4104129_AGAATAGTCAACCATG-1,CSF,-0.14341322315469698
HC,PTC32190_CSF,GSM4104129_AGACGTTTCGACAGCC-1,CSF,-0.13133604521654882
HC,PTC32190_CSF,GSM4104129_AGCGTATCAGGACCCT-1,CSF,-0.29997119987097626
HC,PTC32190_CSF,GSM4104129_AGCTCTCAGAAGGACA-1,CSF,-0.15005067875619696
HC,PTC32190_CSF,GSM4104129_AGCTTGAGTACCGTTA-1,CSF,-0.08439969929313504
HC,PTC32190_CSF,GSM4104129_AGGCCACAGAGGGCTT-1,CSF,-0.29997119987097626
HC,PTC32190_CSF,GSM4104129_AGGCCACGTGACAAAT-1,CSF,-0.29997119987097626
HC,PTC32190_CSF,GSM4104129_AGGTCATAGTGAAGAG-1,CSF,-0.29997119987097626
HC,PTC32190_CSF,GSM4104129_AGTAGTCAGCCCAGCT-1,CSF,-0.15918873203518652
HC,PTC32190_CSF,GSM4104129_AGTGAGGCAGATCTGT-1,CSF,-0.29997119987097626
HC,PTC32190_CSF,GSM4104129_AGTGGGAGTACTTCTT-1,CSF,-0.29997119987097626
HC,PTC32190_CSF,GSM4104129_AGTTGGTGTAAGGGCT-1,CSF,-0.1738643018868476
HC,PTC32190_CSF,GSM4104129_ATCATGGCAGATTGCT-1,CSF,-0.02151750712312087
HC,PTC32190_CSF,GSM4104129_ATCCACCAGATAGGAG-1,CSF,-0.15999415148623122
HC,PTC32190_CSF,GSM4104129_ATCGAGTAGCTCCTTC-1,CSF,-0.29997119987097626
HC,PTC32190_CSF,GSM4104129_ATTACTCGTCAAACTC-1,CSF,0.7214981533660249
HC,PTC32190_CSF,GSM4104129_CAACCAAAGACTAGGC-1,CSF,-0.29997119987097626
HC,PTC32190_CSF,GSM4104129_CAACCTCCACACCGAC-1,CSF,-0.10463485993154785
HC,PTC32190_CSF,GSM4104129_CAAGATCCAAGTTCTG-1,CSF,-0.29997119987097626
HC,PTC32190_CSF,GSM4104129_CAAGTTGAGGCATTGG-1,CSF,0.15494268992032542
HC,PTC32190_CSF,GSM4104129_CACACTCAGTGGTAGC-1,CSF,-0.13532755172756247
HC,PTC32190_CSF,GSM4104129_CACACTCTCGCCAGCA-1,CSF,-0.29997119987097626
HC,PTC32190_CSF,GSM4104129_CAGAGAGCAAGCCTAT-1,CSF,-0.29997119987097626
HC,PTC32190_CSF,GSM4104129_CAGAGAGGTCCGAGTC-1,CSF,-0.29997119987097626
HC,PTC32190_CSF,GSM4104129_CAGCAGCGTACAGACG-1,CSF,-0.29997119987097626
HC,PTC32190_CSF,GSM4104129_CAGCATATCTTAACCT-1,CSF,-0.29997119987097626
HC,PTC32190_CSF,GSM4104129_CAGCCGAGTTCCACAA-1,CSF,-0.12741239660447673
HC,PTC32190_CSF,GSM4104129_CAGCTGGTCAACACAC-1,CSF,-0.29997119987097626
HC,PTC32190_CSF,GSM4104129_CAGTAACAGGAGTCTG-1,CSF,-0.13235734098989838
HC,PTC32190_CSF,GSM4104129_CATCAAGGTTTGTGTG-1,CSF,-0.29997119987097626
HC,PTC32190_CSF,GSM4104129_CATCGGGTCGGAATCT-1,CSF,0.022212492880659993
HC,PTC32190_CSF,GSM4104129_CATTATCGTTGGTAAA-1,CSF,0.3872432194814145
HC,PTC32190_CSF,GSM4104129_CCAATCCTCAACCATG-1,CSF,-0.14068947084467107
HC,PTC32190_CSF,GSM4104129_CCATTCGCAACTGCTA-1,CSF,-0.005111032637524929
HC,PTC32190_CSF,GSM4104129_CCCAATCCAGAAGCAC-1,CSF,-0.29997119987097626
HC,PTC32190_CSF,GSM4104129_CCCAGTTCACGCATCG-1,CSF,0.32210697415932193
HC,PTC32190_CSF,GSM4104129_CCCATACAGTGGGTTG-1,CSF,-0.29997119987097626
HC,PTC32190_CSF,GSM4104129_CCCTCCTGTGTGAAAT-1,CSF,-0.09307474187053091
HC,PTC32190_CSF,GSM4104129_CCGTGGAAGCAGCGTA-1,CSF,0.366349466824103
HC,PTC32190_CSF,GSM4104129_CCGTGGATCCCAAGAT-1,CSF,-0.29997119987097626
HC,PTC32190_CSF,GSM4104129_CCGTTCAAGTATCTCG-1,CSF,-0.15346330084411924
HC,PTC32190_CSF,GSM4104129_CCTCTGAAGAGGGATA-1,CSF,-0.29997119987097626
HC,PTC32190_CSF,GSM4104129_CCTTCGAAGTTAACGA-1,CSF,-0.1336482848210295
HC,PTC32190_CSF,GSM4104129_CGAGAAGGTAAAGTCA-1,CSF,0.4244947224132991
HC,PTC32190_CSF,GSM4104129_CGAGAAGTCAGCTGGC-1,CSF,-0.29997119987097626
HC,PTC32190_CSF,GSM4104129_CGAGCACAGCTCCCAG-1,CSF,0.03173441380722587
HC,PTC32190_CSF,GSM4104129_CGAGCACTCAGCATGT-1,CSF,-0.29997119987097626
HC,PTC32190_CSF,GSM4104129_CGAGCCATCTACTATC-1,CSF,-0.29997119987097626
HC,PTC32190_CSF,GSM4104129_CGGACGTAGCTGATAA-1,CSF,-0.29997119987097626
HC,PTC32190_CSF,GSM4104129_CGGACGTGTTATCGGT-1,CSF,-0.03778545257823966
HC,PTC32190_CSF,GSM4104129_CGGACTGGTCTAGCCG-1,CSF,-0.1924674753132909
HC,PTC32190_CSF,GSM4104129_CGGGTCAAGACTAAGT-1,CSF,-0.29997119987097626
HC,PTC32190_CSF,GSM4104129_CGGTTAAGTGTGACGA-1,CSF,-0.29997119987097626
HC,PTC32190_CSF,GSM4104129_CGGTTAATCGGTTAAC-1,CSF,0.18488009701787744
HC,PTC32190_CSF,GSM4104129_CGTCAGGCATGCCCGA-1,CSF,0.583526884805237
HC,PTC32190_CSF,GSM4104129_CGTGTAACAGCTGTTA-1,CSF,-0.29997119987097626
HC,PTC32190_CSF,GSM4104129_CGTGTAATCTAACTCT-1,CSF,0.08771032729163857
HC,PTC32190_CSF,GSM4104129_CGTTGGGAGGGCTTCC-1,CSF,-0.29997119987097626
HC,PTC32190_CSF,GSM4104129_CTAATGGCAGATAATG-1,CSF,0.0006200135569236169
HC,PTC32190_CSF,GSM4104129_CTAATGGCAGCAGTTT-1,CSF,0.059933120568627034
HC,PTC32190_CSF,GSM4104129_CTACACCAGCAGCCTC-1,CSF,-0.29997119987097626
HC,PTC32190_CSF,GSM4104129_CTACCCACATCAGTCA-1,CSF,0.14903199020443036
HC,PTC32190_CSF,GSM4104129_CTACGTCTCCAGTAGT-1,CSF,-0.06361639392502473
HC,PTC32190_CSF,GSM4104129_CTACGTCTCCGGCACA-1,CSF,-0.29997119987097626
HC,PTC32190_CSF,GSM4104129_CTACGTCTCGGCTACG-1,CSF,-0.29997119987097626
HC,PTC32190_CSF,GSM4104129_CTAGAGTTCCTTGCCA-1,CSF,-0.03481775256329815
HC,PTC32190_CSF,GSM4104129_CTAGTGAGTATCGCAT-1,CSF,-0.1424623886041298
HC,PTC32190_CSF,GSM4104129_CTCGAGGTCCGAGCCA-1,CSF,-0.0053812054739539
HC,PTC32190_CSF,GSM4104129_CTGGTCTCATATGCTG-1,CSF,-0.06324939175494373
HC,PTC32190_CSF,GSM4104129_CTGTTTACACTGTGTA-1,CSF,-0.29997119987097626
HC,PTC32190_CSF,GSM4104129_CTTACCGTCCATGCTC-1,CSF,-0.29997119987097626
HC,PTC32190_CSF,GSM4104129_GAACATCCAGATCTGT-1,CSF,-0.16088175372526667
HC,PTC32190_CSF,GSM4104129_GAACGGAGTTGCCTCT-1,CSF,-0.29997119987097626
HC,PTC32190_CSF,GSM4104129_GACGCGTCACATTCGA-1,CSF,-0.29997119987097626
HC,PTC32190_CSF,GSM4104129_GACGGCTTCTGGGCCA-1,CSF,-0.0875028009742278
HC,PTC32190_CSF,GSM4104129_GACGTGCCAGAAGCAC-1,CSF,-0.14220624256815037
HC,PTC32190_CSF,GSM4104129_GACTACAGTTTGGGCC-1,CSF,0.25355948224374086
HC,PTC32190_CSF,GSM4104129_GACTACATCCCGACTT-1,CSF,-0.055642996586499814
HC,PTC32190_CSF,GSM4104129_GACTGCGAGTTTAGGA-1,CSF,-0.0023420417547728484
HC,PTC32190_CSF,GSM4104129_GACTGCGCAGCTATTG-1,CSF,-0.061365044173475096
HC,PTC32190_CSF,GSM4104129_GACTGCGGTATAGGGC-1,CSF,-0.29997119987097626
HC,PTC32190_CSF,GSM4104129_GATGAAAAGATAGTCA-1,CSF,-0.29997119987097626
HC,PTC32190_CSF,GSM4104129_GCAAACTAGTACACCT-1,CSF,0.13389909392226482
HC,PTC32190_CSF,GSM4104129_GCACTCTGTTGATTGC-1,CSF,-0.29997119987097626
HC,PTC32190_CSF,GSM4104129_GCATACACAGCTGTGC-1,CSF,0.024249414954324994
HC,PTC32190_CSF,GSM4104129_GCATGCGTCAGAGCTT-1,CSF,0.4493629504556704
HC,PTC32190_CSF,GSM4104129_GCGAGAAGTCCTCTTG-1,CSF,-0.29997119987097626
HC,PTC32190_CSF,GSM4104129_GCGCCAAAGTGTACTC-1,CSF,-0.29997119987097626
HC,PTC32190_CSF,GSM4104129_GCGCGATAGTCGATAA-1,CSF,-0.01129623329147096
HC,PTC32190_CSF,GSM4104129_GCTGCGAGTCTAAACC-1,CSF,-0.29997119987097626
HC,PTC32190_CSF,GSM4104129_GCTGCGAGTTTACTCT-1,CSF,0.2413103275234412
HC,PTC32190_CSF,GSM4104129_GCTGCTTCAAGCCGTC-1,CSF,-0.29997119987097626
HC,PTC32190_CSF,GSM4104129_GGAACTTTCTGCGGCA-1,CSF,-0.29997119987097626
HC,PTC32190_CSF,GSM4104129_GGAATAACAGTAAGCG-1,CSF,-0.29997119987097626
HC,PTC32190_CSF,GSM4104129_GGAATAATCGACCAGC-1,CSF,-0.16193889019537547
HC,PTC32190_CSF,GSM4104129_GGACATTCAGCCACCA-1,CSF,0.0025343509921828228
HC,PTC32190_CSF,GSM4104129_GGACATTGTCAACATC-1,CSF,0.14583376137662807
HC,PTC32190_CSF,GSM4104129_GGATTACGTGCATCTA-1,CSF,-0.11627928255687445
HC,PTC32190_CSF,GSM4104129_GGCGACTAGCTATGCT-1,CSF,-0.14731141026408462
HC,PTC32190_CSF,GSM4104129_GGCTGGTAGAGGGATA-1,CSF,-0.06918342265123188
HC,PTC32190_CSF,GSM4104129_GGGACCTAGATGTGTA-1,CSF,0.04803461213020958
HC,PTC32190_CSF,GSM4104129_GGGACCTCAATCCAAC-1,CSF,0.08973898668977362
HC,PTC32190_CSF,GSM4104129_GGGTCTGCATGTCTCC-1,CSF,1.2639009317870022
HC,PTC32190_CSF,GSM4104129_GGGTCTGGTTATGCGT-1,CSF,-0.09461361809174987
HC,PTC32190_CSF,GSM4104129_GGGTTGCTCGGAGGTA-1,CSF,-0.16752025243403004
HC,PTC32190_CSF,GSM4104129_GGTGCGTCAAGTCATC-1,CSF,-0.07654983660325734
HC,PTC32190_CSF,GSM4104129_GGTGTTAGTTCTGTTT-1,CSF,-0.06743045377225254
HC,PTC32190_CSF,GSM4104129_GTAACTGGTCAAAGCG-1,CSF,0.17594056338895564
HC,PTC32190_CSF,GSM4104129_GTAGTCATCGCCAAAT-1,CSF,-0.29997119987097626
HC,PTC32190_CSF,GSM4104129_GTATTCTGTAGCCTCG-1,CSF,-0.043873310187514
HC,PTC32190_CSF,GSM4104129_GTCATTTGTCTCGTTC-1,CSF,0.16644462677874908
HC,PTC32190_CSF,GSM4104129_GTGCATACAAGTAGTA-1,CSF,0.08141179332739379
HC,PTC32190_CSF,GSM4104129_GTGCTTCAGAGAGCTC-1,CSF,-0.050320486860102064
HC,PTC32190_CSF,GSM4104129_GTTACAGGTACCATCA-1,CSF,-0.29997119987097626
HC,PTC32190_CSF,GSM4104129_TAAGAGACACGAAATA-1,CSF,-0.06929635468475603
HC,PTC32190_CSF,GSM4104129_TAAGAGACAGTATGCT-1,CSF,0.7450566592741569
HC,PTC32190_CSF,GSM4104129_TACCTTACAGTGACAG-1,CSF,0.3131635109257137
HC,PTC32190_CSF,GSM4104129_TACTCATAGGCCCGTT-1,CSF,-0.29997119987097626
HC,PTC32190_CSF,GSM4104129_TAGAGCTGTCTCCATC-1,CSF,-0.0015953376017193868
HC,PTC32190_CSF,GSM4104129_TAGTTGGAGCCAGTTT-1,CSF,-0.08553835049377374
HC,PTC32190_CSF,GSM4104129_TCAATCTAGCGCCTCA-1,CSF,-0.061418195644810256
HC,PTC32190_CSF,GSM4104129_TCAGCAAAGGACACCA-1,CSF,-0.29997119987097626
HC,PTC32190_CSF,GSM4104129_TCAGGATAGCGTCTAT-1,CSF,0.04435937271950006
HC,PTC32190_CSF,GSM4104129_TCAGGTATCATCGATG-1,CSF,-0.16004119679584258
HC,PTC32190_CSF,GSM4104129_TCATTACTCACAACGT-1,CSF,-0.29997119987097626
HC,PTC32190_CSF,GSM4104129_TCATTTGAGTTGTCGT-1,CSF,-0.11841809466000627
HC,PTC32190_CSF,GSM4104129_TCATTTGGTCTAGTCA-1,CSF,-0.29997119987097626
HC,PTC32190_CSF,GSM4104129_TCCACACGTAGGCTGA-1,CSF,-0.29997119987097626
HC,PTC32190_CSF,GSM4104129_TCCCGATGTCTCAACA-1,CSF,0.3814757798698058
HC,PTC32190_CSF,GSM4104129_TCGAGGCCATTAGCCA-1,CSF,-0.29997119987097626
HC,PTC32190_CSF,GSM4104129_TCTATTGGTCTCTTAT-1,CSF,0.06875595415807187
HC,PTC32190_CSF,GSM4104129_TCTGGAACAATGTTGC-1,CSF,0.26893252510835425
HC,PTC32190_CSF,GSM4104129_TGAGCCGTCCCAACGG-1,CSF,0.2378594235229028
HC,PTC32190_CSF,GSM4104129_TGATTTCTCGTTTAGG-1,CSF,0.10230552653504277
HC,PTC32190_CSF,GSM4104129_TGCACCTCAATGCCAT-1,CSF,-0.29997119987097626
HC,PTC32190_CSF,GSM4104129_TGCTGCTAGAAGCCCA-1,CSF,-0.07693138233730171
HC,PTC32190_CSF,GSM4104129_TGCTGCTAGTGGAGAA-1,CSF,-0.29997119987097626
HC,PTC32190_CSF,GSM4104129_TGGCTGGCAAGTTGTC-1,CSF,-0.1317119962133399
HC,PTC32190_CSF,GSM4104129_TGGTTCCGTTAAGAAC-1,CSF,-0.29997119987097626
HC,PTC32190_CSF,GSM4104129_TGTGTTTAGGAGTCTG-1,CSF,-0.29997119987097626
HC,PTC32190_CSF,GSM4104129_TGTTCCGTCGCTAGCG-1,CSF,-0.016106883734177603
HC,PTC32190_CSF,GSM4104129_TTCCCAGCATCCCATC-1,CSF,-0.19359602360987258
HC,PTC32190_CSF,GSM4104129_TTCGAAGGTAGAGCTG-1,CSF,0.13316401820403767
HC,PTC32190_CSF,GSM4104129_TTCGGTCAGCAATATG-1,CSF,-0.29997119987097626
HC,PTC32190_CSF,GSM4104129_TTCTCAATCTGTCCGT-1,CSF,-0.29997119987097626
HC,PTC32190_CSF,GSM4104129_TTGCCGTTCGTTTGCC-1,CSF,0.29008118852587145
HC,PTC32190_CSF,GSM4104129_TTGGAACCAAACAACA-1,CSF,-0.29997119987097626
HC,PTC32190_CSF,GSM4104129_TTGGCAACAGACTCGC-1,CSF,-0.29997119987097626
HC,PTC32190_CSF,GSM4104129_TTGGCAAGTATTCGTG-1,CSF,-0.08968973751141959
HC,PTC32190_CSF,GSM4104129_TTGTAGGAGGGTTCCC-1,CSF,-0.29997119987097626
HC,PTC41540_CSF,GSM4104131_AAAGATGCATACCATG-1,CSF,1.1397995051437089
HC,PTC41540_CSF,GSM4104131_AACCGCGCATTTGCTT-1,CSF,-0.29997119987097626
HC,PTC41540_CSF,GSM4104131_ACACCGGTCACATAGC-1,CSF,0.16614338848170165
HC,PTC41540_CSF,GSM4104131_ACGAGGACAAAGTCAA-1,CSF,-0.29997119987097626
HC,PTC41540_CSF,GSM4104131_ACGATGTTCACCAGGC-1,CSF,-9.787854776731133e-05
HC,PTC41540_CSF,GSM4104131_ACGGAGACAGGGTATG-1,CSF,-0.16547565671494832
HC,PTC41540_CSF,GSM4104131_ACTTTCAGTGCAACGA-1,CSF,0.06773364360453382
HC,PTC41540_CSF,GSM4104131_AGATTGCCAAGCGATG-1,CSF,-0.04903611276400938
HC,PTC41540_CSF,GSM4104131_CACACTCGTCCTAGCG-1,CSF,-0.29997119987097626
HC,PTC41540_CSF,GSM4104131_CACATAGCACCTATCC-1,CSF,0.21533782269839888
HC,PTC41540_CSF,GSM4104131_CACATTTGTACAGTTC-1,CSF,-0.29997119987097626
HC,PTC41540_CSF,GSM4104131_CAGATCACACTCGACG-1,CSF,0.3528988679322921
HC,PTC41540_CSF,GSM4104131_CATCGAAGTAATAGCA-1,CSF,-0.1951797651637254
HC,PTC41540_CSF,GSM4104131_CATTATCGTAGAGTGC-1,CSF,0.05426165519247613
HC,PTC41540_CSF,GSM4104131_CCACCTACACGACGAA-1,CSF,-0.29997119987097626
HC,PTC41540_CSF,GSM4104131_CCATTCGAGTCGTACT-1,CSF,-0.29997119987097626
HC,PTC41540_CSF,GSM4104131_CCGTACTAGTAGCGGT-1,CSF,-0.29997119987097626
HC,PTC41540_CSF,GSM4104131_CCTAAAGCAGGGCATA-1,CSF,-0.29997119987097626
HC,PTC41540_CSF,GSM4104131_CCTCTGAGTATGAAAC-1,CSF,-0.29997119987097626
HC,PTC41540_CSF,GSM4104131_CGACTTCTCCGCAAGC-1,CSF,-0.14091287160364027
HC,PTC41540_CSF,GSM4104131_CGAGCCAAGGGAAACA-1,CSF,0.12524621884937262
HC,PTC41540_CSF,GSM4104131_CGGGTCATCAGCACAT-1,CSF,-0.1851737645994169
HC,PTC41540_CSF,GSM4104131_CGTAGCGAGTACGACG-1,CSF,-0.16006470773034193
HC,PTC41540_CSF,GSM4104131_CGTTAGATCCTCGCAT-1,CSF,0.5056711756938659
HC,PTC41540_CSF,GSM4104131_CGTTGGGAGTCTCAAC-1,CSF,-0.29997119987097626
HC,PTC41540_CSF,GSM4104131_CTCAGAATCTTCATGT-1,CSF,0.34757896041613545
HC,PTC41540_CSF,GSM4104131_CTGATAGCACGAAGCA-1,CSF,-0.060685687935628285
HC,PTC41540_CSF,GSM4104131_CTGCGGACACCACGTG-1,CSF,-0.29997119987097626
HC,PTC41540_CSF,GSM4104131_CTTAACTCATCACCCT-1,CSF,-0.14867047831085942
HC,PTC41540_CSF,GSM4104131_CTTACCGTCACGAAGG-1,CSF,-0.29997119987097626
HC,PTC41540_CSF,GSM4104131_GAACGGATCAACGAAA-1,CSF,-0.29997119987097626
HC,PTC41540_CSF,GSM4104131_GAATAAGAGCGATAGC-1,CSF,-0.054671419174250176
HC,PTC41540_CSF,GSM4104131_GACACGCCACATGACT-1,CSF,0.11759560365271186
HC,PTC41540_CSF,GSM4104131_GCGCAACGTGCTCTTC-1,CSF,-0.06053070943537816
HC,PTC41540_CSF,GSM4104131_GGATTACTCTAACCGA-1,CSF,-0.0745349266388587
HC,PTC41540_CSF,GSM4104131_GGCCGATGTGGTGTAG-1,CSF,0.01713801230589875
HC,PTC41540_CSF,GSM4104131_GGGTCTGAGAAACCGC-1,CSF,-0.1286759224495922
HC,PTC41540_CSF,GSM4104131_GTACGTAGTCTGATTG-1,CSF,-0.0691171464969141
HC,PTC41540_CSF,GSM4104131_GTACTTTGTCTCCACT-1,CSF,0.12181196322589945
HC,PTC41540_CSF,GSM4104131_GTGCATAGTATATCCG-1,CSF,-0.29997119987097626
HC,PTC41540_CSF,GSM4104131_GTGGGTCGTCGGCATC-1,CSF,0.24488314969162658
HC,PTC41540_CSF,GSM4104131_GTTAAGCAGTCTCAAC-1,CSF,-0.29997119987097626
HC,PTC41540_CSF,GSM4104131_GTTCATTCAGTAACGG-1,CSF,-0.29997119987097626
HC,PTC41540_CSF,GSM4104131_TAGACCAGTTGCGCAC-1,CSF,-0.29997119987097626
HC,PTC41540_CSF,GSM4104131_TAGACCATCGAATCCA-1,CSF,-0.29997119987097626
HC,PTC41540_CSF,GSM4104131_TATCTCAGTATGAATG-1,CSF,0.030038385255949627
HC,PTC41540_CSF,GSM4104131_TCGTAGATCCTCGCAT-1,CSF,0.11649180872244612
HC,PTC41540_CSF,GSM4104131_TCTTTCCCATAGAAAC-1,CSF,0.9001221220642871
HC,PTC41540_CSF,GSM4104131_TGACAACAGGGATCTG-1,CSF,-0.11579911604918633
HC,PTC41540_CSF,GSM4104131_TGACTTTCACTCAGGC-1,CSF,-0.29997119987097626
HC,PTC41540_CSF,GSM4104131_TGAGAGGTCGCCGTGA-1,CSF,-0.16636978716460998
HC,PTC41540_CSF,GSM4104131_TGAGCCGCAATAGCAA-1,CSF,-0.11014830232033071
HC,PTC41540_CSF,GSM4104131_TGAGCCGGTACCGTAT-1,CSF,-0.29997119987097626
HC,PTC41540_CSF,GSM4104131_TGGGAAGAGGGTCTCC-1,CSF,0.6701845432536107
HC,PTC41540_CSF,GSM4104131_TGGGAAGGTCTAGCCG-1,CSF,-0.15013357648287387
HC,PTC41540_CSF,GSM4104131_TGGGCGTCACACCGCA-1,CSF,-0.08982601359934095
HC,PTC41540_CSF,GSM4104131_TGGTTAGCACACATGT-1,CSF,-0.036738507946726964
HC,PTC41540_CSF,GSM4104131_TTAACTCGTCAACATC-1,CSF,0.6328394080445989
HC,PTC41540_CSF,GSM4104131_TTGCGTCGTATCGCAT-1,CSF,-0.16255076050767522
HC,PTC41540_CSF,GSM4104131_TTGTAGGCAGTGACAG-1,CSF,-0.060208527769301794
HC,PTC41540_CSF,GSM4104131_TTTATGCCACATGACT-1,CSF,-0.1701514846458815
HC,PTC85037_CSF,GSM4104133_AAACGGGTCGTTGCCT-1,CSF,-0.12009630213796171
HC,PTC85037_CSF,GSM4104133_AAAGATGTCGAATCCA-1,CSF,-0.05808795906000186
HC,PTC85037_CSF,GSM4104133_AAATGCCGTTCGTCTC-1,CSF,0.22507115956522017
HC,PTC85037_CSF,GSM4104133_AATCGGTCAAGCTGGA-1,CSF,0.18559519457020118
HC,PTC85037_CSF,GSM4104133_ACCAGTAAGCTAAACA-1,CSF,0.05503719372871052
HC,PTC85037_CSF,GSM4104133_ACCTTTACACTGTGTA-1,CSF,-0.12544682381949365
HC,PTC85037_CSF,GSM4104133_ACTGATGAGAGTACCG-1,CSF,-0.17245786512716535
HC,PTC85037_CSF,GSM4104133_AGACGTTAGTTACCCA-1,CSF,-0.29997119987097626
HC,PTC85037_CSF,GSM4104133_AGCCTAAAGACGCACA-1,CSF,-0.29997119987097626
HC,PTC85037_CSF,GSM4104133_AGCCTAAAGGAGTACC-1,CSF,-0.29997119987097626
HC,PTC85037_CSF,GSM4104133_AGTGGGAAGAAGGCCT-1,CSF,-0.29997119987097626
HC,PTC85037_CSF,GSM4104133_AGTGTCACAATGCCAT-1,CSF,-0.29997119987097626
HC,PTC85037_CSF,GSM4104133_ATAAGAGTCATCATTC-1,CSF,0.23142953571243902
HC,PTC85037_CSF,GSM4104133_ATCATGGGTAGCCTAT-1,CSF,-0.29997119987097626
HC,PTC85037_CSF,GSM4104133_ATTGGACTCTGTCAAG-1,CSF,-0.29997119987097626
HC,PTC85037_CSF,GSM4104133_CAAGATCCAGTCCTTC-1,CSF,-0.06589108033262504
HC,PTC85037_CSF,GSM4104133_CACACAAGTATTACCG-1,CSF,-0.015451364612728264
HC,PTC85037_CSF,GSM4104133_CACAGGCGTCTGATCA-1,CSF,-0.29997119987097626
HC,PTC85037_CSF,GSM4104133_CACCACTAGGGATCTG-1,CSF,-0.06747418426774653
HC,PTC85037_CSF,GSM4104133_CACCTTGTCACCAGGC-1,CSF,-0.06821466975248038
HC,PTC85037_CSF,GSM4104133_CATTATCTCGCGCCAA-1,CSF,0.0399843126927048
HC,PTC85037_CSF,GSM4104133_CGAACATTCGCTTGTC-1,CSF,-0.1563323878996416
HC,PTC85037_CSF,GSM4104133_CGTGAGCCAGCTGGCT-1,CSF,-0.29997119987097626
HC,PTC85037_CSF,GSM4104133_CTAAGACCAATCTACG-1,CSF,0.03026342064316626
HC,PTC85037_CSF,GSM4104133_CTCGTACCAATTGCTG-1,CSF,-0.29997119987097626
HC,PTC85037_CSF,GSM4104133_CTGAAGTTCGTGGTCG-1,CSF,0.2775150019656327
HC,PTC85037_CSF,GSM4104133_CTTAGGAGTCGCTTCT-1,CSF,-0.29997119987097626
HC,PTC85037_CSF,GSM4104133_CTTGGCTCACATCCAA-1,CSF,0.002804864960437771
HC,PTC85037_CSF,GSM4104133_GAACATCCAATGCCAT-1,CSF,-0.18032081939921443
HC,PTC85037_CSF,GSM4104133_GACGCGTAGACGCTTT-1,CSF,0.43172312308406285
HC,PTC85037_CSF,GSM4104133_GCAAACTAGACTGGGT-1,CSF,-0.29997119987097626
HC,PTC85037_CSF,GSM4104133_GCACTCTTCTTGAGAC-1,CSF,-0.29997119987097626
HC,PTC85037_CSF,GSM4104133_GCGCCAAGTTAAGGGC-1,CSF,0.3291079397653123
HC,PTC85037_CSF,GSM4104133_GCTGGGTGTGTTCTTT-1,CSF,-0.29997119987097626
HC,PTC85037_CSF,GSM4104133_GGCGACTGTGTGAATA-1,CSF,-0.12901887033313436
HC,PTC85037_CSF,GSM4104133_GGGCATCAGGTAAACT-1,CSF,0.4303827121010923
HC,PTC85037_CSF,GSM4104133_GGGCATCCAAAGGAAG-1,CSF,-0.29997119987097626
HC,PTC85037_CSF,GSM4104133_GGGTTGCGTCGCATCG-1,CSF,0.08864784621430315
HC,PTC85037_CSF,GSM4104133_GTAACTGCATTCCTGC-1,CSF,-0.11108747230651098
HC,PTC85037_CSF,GSM4104133_GTAGGCCGTCTGGTCG-1,CSF,0.043234046485593654
HC,PTC85037_CSF,GSM4104133_GTATTCTGTCTAAAGA-1,CSF,0.02949694004304204
HC,PTC85037_CSF,GSM4104133_GTATTCTTCCTACAGA-1,CSF,0.20759173358855962
HC,PTC85037_CSF,GSM4104133_GTCTTCGGTAGCTAAA-1,CSF,-0.29997119987097626
HC,PTC85037_CSF,GSM4104133_GTTCGGGAGGCCCTTG-1,CSF,-0.29997119987097626
HC,PTC85037_CSF,GSM4104133_TACAGTGAGTACACCT-1,CSF,-0.29997119987097626
HC,PTC85037_CSF,GSM4104133_TACTCGCCAGACGCCT-1,CSF,-0.29997119987097626
HC,PTC85037_CSF,GSM4104133_TAGTGGTAGCTGTCTA-1,CSF,-0.29997119987097626
HC,PTC85037_CSF,GSM4104133_TCGTAGAAGTCGATAA-1,CSF,0.10134025909327668
HC,PTC85037_CSF,GSM4104133_TCTTTCCAGCGTGTCC-1,CSF,-0.29997119987097626
HC,PTC85037_CSF,GSM4104133_TGACAACTCTCGTTTA-1,CSF,-0.11419146280861707
HC,PTC85037_CSF,GSM4104133_TGCGGGTTCTCTGTCG-1,CSF,-0.29997119987097626
HC,PTC85037_CSF,GSM4104133_TGGGAAGGTTGTGGAG-1,CSF,-0.29997119987097626
HC,PTC85037_CSF,GSM4104133_TTAGGCAAGTAACCCT-1,CSF,-0.29997119987097626
HC,PTC85037_CSF,GSM4104133_TTAGTTCAGTGGGCTA-1,CSF,-0.04873195315209238
HC,PTC85037_CSF,GSM4104133_TTGGAACCAGACTCGC-1,CSF,-0.29997119987097626
HC,PTC85037_CSF,GSM4104133_TTTGCGCCATTACGAC-1,CSF,0.6880054560417994
HC,PTC85037_CSF,GSM4104133_TTTGCGCGTCTCTTAT-1,CSF,-0.03704613607094877
