condition,patient,cell_id,tissue,zinc_signature
HC,CSF_2,ACCGTAACACCACGTG-1,CSF,-0.3398641441318735
HC,CSF_2,AGCATACGTGTAACGG-1,CSF,0.5157943931727396
HC,CSF_2,ATCTACTCAGCTGTAT-1,CSF,-0.09834107806026707
HC,CSF_2,CAACCAACAACACGCC-1,CSF,-0.27840976273565193
HC,CSF_2,CCCAATCGTATTCGTG-1,CSF,-0.5213554087447452
HC,CSF_2,CCTTACGGTGTGACGA-1,CSF,-0.09834107806026707
HC,CSF_2,CGGTTAAAGACACTAA-1,CSF,-0.09834107806026707
HC,CSF_2,CTCAGAAGTAGAGCTG-1,CSF,-0.09834107806026707
HC,CSF_2,GAACATCCATACCATG-1,CSF,-0.2857585472066456
HC,CSF_2,GACACGCTCGGTTCGG-1,CSF,-0.09834107806026707
HC,CSF_2,GACGTGCGTCTCCCTA-1,CSF,-0.5267545270287689
HC,CSF_2,GATCAGTCAATCCGAT-1,CSF,-0.09834107806026707
HC,CSF_2,GATCGTAGTCCTCTTG-1,CSF,-0.04680687899244597
HC,CSF_2,GCAGCCAGTTTCCACC-1,CSF,-0.8936874090466166
HC,CSF_2,GCATGATCACATTTCT-1,CSF,-0.3946795367024876
HC,CSF_2,GCCTCTATCGCCCTTA-1,CSF,-0.2778481804131468
HC,CSF_2,GGAATAATCTGCCAGG-1,CSF,0.18755885922239912
HC,CSF_2,GGGACCTGTAGGAGTC-1,CSF,-0.1979663658212405
HC,CSF_2,GTCAAGTCATACTCTT-1,CSF,-0.09834107806026707
HC,CSF_2,GTCGTAACACGGCGTT-1,CSF,0.03422459208572164
HC,CSF_2,GTCTCGTCAAATCCGT-1,CSF,-0.41102454132002997
HC,CSF_2,GTCTCGTTCTGTTTGT-1,CSF,-0.6019138730468073
HC,CSF_2,GTTCATTAGCTAGGCA-1,CSF,-0.4705525561789005
HC,CSF_2,TAAGTGCAGGCATGGT-1,CSF,-0.3008573762975834
HC,CSF_2,TAAGTGCTCTAACTCT-1,CSF,0.09089760107721805
HC,CSF_2,TACCTTACATCACAAC-1,CSF,0.3758004473972889
HC,CSF_2,TCAACGAAGTCGTACT-1,CSF,-0.09834107806026707
HC,CSF_2,TCAGCTCTCCGCAGTG-1,CSF,0.5956825618852222
HC,CSF_2,TCAGGATAGATGTGGC-1,CSF,0.0735710308429998
HC,CSF_2,TCGCGTTAGCCCAGCT-1,CSF,-0.22702490807701708
HC,CSF_2,TCGGGACTCCTCGCAT-1,CSF,-0.21799145853202884
HC,CSF_2,TCTCATATCTCGTTTA-1,CSF,0.07744945175992111
HC,CSF_2,TGACGGCTCAGATAAG-1,CSF,-0.007785932168076104
HC,CSF_2,TGACTAGGTTCCAACA-1,CSF,-0.4101623129520698
HC,CSF_2,TGCGGGTAGTGTGAAT-1,CSF,-0.38074640377676394
HC,CSF_2,TGTCCCAAGCAATATG-1,CSF,-0.2837188778329795
HC,CSF_2,TGTTCCGAGCACGCCT-1,CSF,-0.3110278899605988
HC,CSF_2,TTTCCTCAGCAGGTCA-1,CSF,-0.037229346019249196
HC,CSF_3,AAAGATGTCCGTCATC-1,CSF,-0.6762231424296967
HC,CSF_3,AACACGTAGATGCCTT-1,CSF,-0.26563914204995986
HC,CSF_3,AAGACCTAGTGGTAAT-1,CSF,0.16973073866960986
HC,CSF_3,ACATCAGTCCCTTGTG-1,CSF,-0.3123427224071805
HC,CSF_3,ACCAGTACAGTCAGAG-1,CSF,0.19743952588286123
HC,CSF_3,ACCTTTATCTTCGAGA-1,CSF,0.207384431027329
HC,CSF_3,ACGGAGAAGGCCCTTG-1,CSF,-0.09834107806026707
HC,CSF_3,ACGGGTCAGTAGATGT-1,CSF,-0.09834107806026707
HC,CSF_3,ACGTCAATCTGTTGAG-1,CSF,-0.2813346041958219
HC,CSF_3,AGAGCGATCCGTCAAA-1,CSF,-0.09834107806026707
HC,CSF_3,AGATCTGGTCCAACTA-1,CSF,-0.2893587348616245
HC,CSF_3,AGCGTATAGTAGTGCG-1,CSF,-0.09834107806026707
HC,CSF_3,AGCTCTCAGCATCATC-1,CSF,-0.09834107806026707
HC,CSF_3,AGGGATGCACAGCCCA-1,CSF,-0.09834107806026707
HC,CSF_3,AGTAGTCAGTGCCAGA-1,CSF,-0.09834107806026707
HC,CSF_3,AGTCTTTGTCTTGTCC-1,CSF,-0.09834107806026707
HC,CSF_3,ATAGACCCAAGGTTCT-1,CSF,0.41754815328165373
HC,CSF_3,ATCCGAAAGTTTCCTT-1,CSF,-0.09834107806026707
HC,CSF_3,CACAAACGTATAATGG-1,CSF,0.2168462350761587
HC,CSF_3,CACATTTCAGCTGTTA-1,CSF,-0.09834107806026707
HC,CSF_3,CACCAGGCAAGTCTGT-1,CSF,0.19799264208108971
HC,CSF_3,CACTCCACAGATTGCT-1,CSF,-0.6273117243554452
HC,CSF_3,CATGACAAGTAAGTAC-1,CSF,-0.0607928508071669
HC,CSF_3,CATGACACAGGGTATG-1,CSF,-0.09834107806026707
HC,CSF_3,CCAATCCCAGACAAGC-1,CSF,-0.09834107806026707
HC,CSF_3,CCACCTAGTCATTAGC-1,CSF,-0.09834107806026707
HC,CSF_3,CCGGGATAGCGATCCC-1,CSF,-0.09834107806026707
HC,CSF_3,CCTACACCAGCCTTGG-1,CSF,0.5489431346288258
HC,CSF_3,CGAACATGTGTTGGGA-1,CSF,-0.09834107806026707
HC,CSF_3,CGAATGTGTAGCTTGT-1,CSF,0.21820026515503538
HC,CSF_3,CGCCAAGCAGCAGTTT-1,CSF,-0.09834107806026707
HC,CSF_3,CGCGGTATCAAGCCTA-1,CSF,-0.09834107806026707
HC,CSF_3,CGCTATCGTGATGCCC-1,CSF,0.25446330937162714
HC,CSF_3,CGCTATCGTTCAACCA-1,CSF,-0.09834107806026707
HC,CSF_3,CGCTGGAGTCTCAACA-1,CSF,0.2764536273960398
HC,CSF_3,CGCTTCAGTAGCCTAT-1,CSF,-0.12319250058040117
HC,CSF_3,CGGGTCATCCCTAACC-1,CSF,-0.09834107806026707
HC,CSF_3,CGTAGCGGTTCCACAA-1,CSF,-0.6666232839924155
HC,CSF_3,CGTGTAACAGCTTAAC-1,CSF,-0.09834107806026707
HC,CSF_3,CGTGTCTGTCACCCAG-1,CSF,0.5610433075172176
HC,CSF_3,CGTTGGGAGTTAAGTG-1,CSF,0.1115642749775492
HC,CSF_3,CTAATGGTCAACACGT-1,CSF,-0.6475138496581281
HC,CSF_3,CTCACACCAACTGCGC-1,CSF,-0.2644866052439303
HC,CSF_3,CTCAGAACAAGTCTGT-1,CSF,-0.6061452237669611
HC,CSF_3,CTCATTACAGCGTCCA-1,CSF,-0.09834107806026707
HC,CSF_3,CTCGAGGGTAGCTTGT-1,CSF,0.37799197256637956
HC,CSF_3,CTGCTGTTCGTCGTTC-1,CSF,-0.09834107806026707
HC,CSF_3,CTTGGCTAGCACCGTC-1,CSF,-0.46865557237123784
HC,CSF_3,GAAATGAGTCGAAAGC-1,CSF,-0.09834107806026707
HC,CSF_3,GACCAATTCTACCTGC-1,CSF,-0.26477062342724184
HC,CSF_3,GCAATCATCTGCGGCA-1,CSF,0.16468738603323027
HC,CSF_3,GCTCCTACACGCCAGT-1,CSF,-0.09834107806026707
HC,CSF_3,GCTCTGTCAGGAATCG-1,CSF,-0.09834107806026707
HC,CSF_3,GCTGCAGCAACTGGCC-1,CSF,-0.5819679466174824
HC,CSF_3,GCTGCGAAGTGAAGTT-1,CSF,-0.31835691879870404
HC,CSF_3,GCTGCTTCAAGCGAGT-1,CSF,0.1162919629034599
HC,CSF_3,GCTTGAAGTTCAGGCC-1,CSF,-0.09834107806026707
HC,CSF_3,GCTTGAATCAGCCTAA-1,CSF,-0.09834107806026707
HC,CSF_3,GGACGTCAGACAATAC-1,CSF,-0.08286190593481077
HC,CSF_3,GGACGTCGTAGGCTGA-1,CSF,-0.4194906096000911
HC,CSF_3,GGAGCAAAGCAACGGT-1,CSF,-0.09834107806026707
HC,CSF_3,GGATTACGTATATCCG-1,CSF,-0.30121048568671427
HC,CSF_3,GGATTACTCTCCAACC-1,CSF,-0.8555735993302911
HC,CSF_3,GGCTCGAGTGAGGGAG-1,CSF,-0.7732413201347256
HC,CSF_3,GGCTGGTAGCGATATA-1,CSF,-0.026065563390821316
HC,CSF_3,GGGAATGGTAGTACCT-1,CSF,-0.3581897159784592
HC,CSF_3,GGGTTGCGTCGCCATG-1,CSF,-0.09834107806026707
HC,CSF_3,GGTGAAGCACGAAAGC-1,CSF,-0.09834107806026707
HC,CSF_3,GGTGAAGTCTGGTTCC-1,CSF,-1.4372036352120447
HC,CSF_3,GTACGTAAGGATATAC-1,CSF,-0.24779330261529747
HC,CSF_3,GTACTCCAGCGATAGC-1,CSF,-0.5067146730951977
HC,CSF_3,GTAGTCAGTAGGACAC-1,CSF,-0.09834107806026707
HC,CSF_3,GTCGGGTGTTATCCGA-1,CSF,-0.28228901607544893
HC,CSF_3,GTCGTAACAGTCACTA-1,CSF,-0.2853214187581867
HC,CSF_3,GTGCGGTTCGAATGCT-1,CSF,0.06137095897179222
HC,CSF_3,GTTAAGCCAGACAAAT-1,CSF,0.1534420479580775
HC,CSF_3,GTTACAGCAAGTTAAG-1,CSF,-0.09834107806026707
HC,CSF_3,TACACGAAGAGACTTA-1,CSF,-0.09834107806026707
HC,CSF_3,TACCTTAGTCCGAATT-1,CSF,-0.09834107806026707
HC,CSF_3,TACTCATAGCATCATC-1,CSF,-0.24817780399818382
HC,CSF_3,TACTTACTCCCTGACT-1,CSF,-0.09834107806026707
HC,CSF_3,TATCAGGTCCTATGTT-1,CSF,-0.2890508762375394
HC,CSF_3,TATTACCTCGCTAGCG-1,CSF,-0.09834107806026707
HC,CSF_3,TCGCGAGTCCAAGCCG-1,CSF,-0.09834107806026707
HC,CSF_3,TCTTTCCGTCCAGTTA-1,CSF,-0.09834107806026707
HC,CSF_3,TGAGCCGCAGCTTCGG-1,CSF,-0.278029489530875
HC,CSF_3,TGATTTCAGGCTAGGT-1,CSF,-0.09834107806026707
HC,CSF_3,TGATTTCCATGCAACT-1,CSF,-0.09834107806026707
HC,CSF_3,TGCGGGTAGATGTGTA-1,CSF,-0.09834107806026707
HC,CSF_3,TGTGGTAAGTAGCCGA-1,CSF,-0.09834107806026707
HC,CSF_3,TTCTCCTAGATGTGGC-1,CSF,-0.4927925823799621
HC,CSF_3,TTGTAGGTCTAACGGT-1,CSF,0.14783550541299567
HC,CSF_3,TTTGCGCAGCAGCCTC-1,CSF,-0.3585356927361384
MS,CSF_6,AAACCTGCAATGTTGC-1,CSF,0.798960833975943
MS,CSF_6,AAACCTGCATTCCTGC-1,CSF,0.2464796314408009
MS,CSF_6,AAACCTGGTGTGCCTG-1,CSF,-0.18193029167846655
MS,CSF_6,AAAGATGAGCGGCTTC-1,CSF,-0.6222220488034175
MS,CSF_6,AAAGATGCAGCTCGAC-1,CSF,0.7290651315893355
MS,CSF_6,AACACGTGTGCTGTAT-1,CSF,0.25653511797032086
MS,CSF_6,AACCATGTCCGTCAAA-1,CSF,0.515995405733597
MS,CSF_6,AACCGCGTCTAACTGG-1,CSF,0.44830952590040496
MS,CSF_6,AACGTTGGTCTAGCGC-1,CSF,-0.03352421960240936
MS,CSF_6,AACTGGTAGAGACTTA-1,CSF,-0.09834107806026707
MS,CSF_6,AAGACCTGTAGGGTAC-1,CSF,-0.09834107806026707
MS,CSF_6,AAGCCGCTCTAACTTC-1,CSF,0.39812330917955635
MS,CSF_6,AAGGCAGAGTTGTAGA-1,CSF,-0.09834107806026707
MS,CSF_6,ACACCAAAGGGAGTAA-1,CSF,-0.6534414624935205
MS,CSF_6,ACACCCTCAAAGAATC-1,CSF,0.11064364702977007
MS,CSF_6,ACACCCTTCAAACCGT-1,CSF,0.2806008948714808
MS,CSF_6,ACACTGATCAAGAAGT-1,CSF,0.6480115799824705
MS,CSF_6,ACACTGATCAGCGACC-1,CSF,0.25320874857552583
MS,CSF_6,ACAGCTAAGCGTTCCG-1,CSF,-0.11124100891063378
MS,CSF_6,ACATACGTCAAGGTAA-1,CSF,0.12206867146333719
MS,CSF_6,ACCAGTAAGATGTTAG-1,CSF,0.09229091986064586
MS,CSF_6,ACGAGCCGTACCGCTG-1,CSF,-0.04271008789788534
MS,CSF_6,ACGATACAGGTGTTAA-1,CSF,0.10960613367952879
MS,CSF_6,ACGATGTAGCTGGAAC-1,CSF,0.04602590134752691
MS,CSF_6,ACGATGTAGCTGTTCA-1,CSF,0.368045591043113
MS,CSF_6,ACGATGTCAGCTGTTA-1,CSF,0.09930858319168546
MS,CSF_6,ACGCCAGTCAGCATGT-1,CSF,0.21950829355028784
MS,CSF_6,ACGCCGAAGGCGACAT-1,CSF,-0.09834107806026707
MS,CSF_6,ACGGAGATCGATAGAA-1,CSF,-0.09834107806026707
MS,CSF_6,ACGTCAACATGAACCT-1,CSF,-0.21531311068872805
MS,CSF_6,ACTATCTTCTAACTTC-1,CSF,-0.09834107806026707
MS,CSF_6,ACTGAACAGAATGTTG-1,CSF,-0.09834107806026707
MS,CSF_6,ACTGAACAGCTGTTCA-1,CSF,-0.09834107806026707
MS,CSF_6,ACTGATGAGTTGAGAT-1,CSF,0.5046920818108861
MS,CSF_6,ACTTACTTCCAAGTAC-1,CSF,0.12590973977584827
MS,CSF_6,ACTTGTTGTGAAAGAG-1,CSF,0.09500287318655518
MS,CSF_6,ACTTTCACAGCTGCAC-1,CSF,-0.09834107806026707
MS,CSF_6,AGACGTTAGCGTAGTG-1,CSF,-0.8030587693268018
MS,CSF_6,AGACGTTGTTCGTGAT-1,CSF,0.18210834785455285
MS,CSF_6,AGAGCGAGTACGCTGC-1,CSF,-0.24205055091209693
MS,CSF_6,AGATCTGTCAACACAC-1,CSF,0.23400855502579904
MS,CSF_6,AGATCTGTCTGAGGGA-1,CSF,0.5338171078797653
MS,CSF_6,AGATTGCCAAGCCGCT-1,CSF,-0.319826825113011
MS,CSF_6,AGATTGCGTACCGAGA-1,CSF,-0.12414418715734746
MS,CSF_6,AGCAGCCTCACATAGC-1,CSF,-0.09834107806026707
MS,CSF_6,AGCCTAACACCACCAG-1,CSF,-0.2979133759909912
MS,CSF_6,AGCTCCTGTTGAGTTC-1,CSF,-0.09834107806026707
MS,CSF_6,AGGCCACCACCACGTG-1,CSF,0.3385436289312485
MS,CSF_6,AGGCCGTAGGCGCTCT-1,CSF,0.29636374838588786
MS,CSF_6,AGGGTGACAATGCCAT-1,CSF,0.4579020514049795
MS,CSF_6,AGGTCATAGTGCAAGC-1,CSF,-0.09834107806026707
MS,CSF_6,AGGTCCGGTTGCTCCT-1,CSF,0.16687787829965656
MS,CSF_6,AGTGGGATCCACGAAT-1,CSF,-0.09834107806026707
MS,CSF_6,ATAAGAGAGCGAAGGG-1,CSF,-0.7162801698298223
MS,CSF_6,ATCATGGGTAGCGCTC-1,CSF,-0.09834107806026707
MS,CSF_6,ATCATGGTCAGGCCCA-1,CSF,0.346849613737711
MS,CSF_6,ATCTACTAGCTGCGAA-1,CSF,-0.108125218635114
MS,CSF_6,ATCTGCCTCCTTGGTC-1,CSF,0.2854266262740511
MS,CSF_6,ATGCGATAGTCTCAAC-1,CSF,0.48981426221143043
MS,CSF_6,ATGCGATGTGAAAGAG-1,CSF,-0.09834107806026707
MS,CSF_6,ATTCTACGTGGGTCAA-1,CSF,0.28399639309895786
MS,CSF_6,ATTGGTGCACTAAGTC-1,CSF,-0.09834107806026707
MS,CSF_6,ATTTCTGAGCGAAGGG-1,CSF,0.679606292554619
MS,CSF_6,CAAGATCAGGCTCTTA-1,CSF,-0.3481203906782825
MS,CSF_6,CACACAACACCAGGTC-1,CSF,-0.09834107806026707
MS,CSF_6,CACACCTTCGTACGGC-1,CSF,-0.09834107806026707
MS,CSF_6,CACAGTAGTACAGCAG-1,CSF,-0.3174695025440571
MS,CSF_6,CACAGTAGTCTAAAGA-1,CSF,0.2876977272882086
MS,CSF_6,CACAGTATCATTTGGG-1,CSF,0.6960787289055524
MS,CSF_6,CACATAGGTATCTGCA-1,CSF,0.19892631215107975
MS,CSF_6,CACATAGTCGATGAGG-1,CSF,0.38316618034865263
MS,CSF_6,CACCAGGAGCTCCCAG-1,CSF,0.17436962850275253
MS,CSF_6,CACCAGGAGGTGCAAC-1,CSF,-0.09834107806026707
MS,CSF_6,CACCTTGGTACCGTTA-1,CSF,-0.09834107806026707
MS,CSF_6,CACCTTGGTTCCCGAG-1,CSF,0.5187389041573531
MS,CSF_6,CACCTTGTCGCCGTGA-1,CSF,0.3378522208562559
MS,CSF_6,CACTCCAGTTGATTCG-1,CSF,0.4638088836271395
MS,CSF_6,CAGAATCTCATTATCC-1,CSF,0.3819935393347572
MS,CSF_6,CAGCAGCGTTACGTCA-1,CSF,0.38047731206722346
MS,CSF_6,CAGCCGACACACCGAC-1,CSF,0.14000533597740666
MS,CSF_6,CAGCCGATCCTAAGTG-1,CSF,0.07727519855472643
MS,CSF_6,CAGCTAACATCGGGTC-1,CSF,-0.09834107806026707
MS,CSF_6,CAGCTGGGTACATCCA-1,CSF,0.40044864941090413
MS,CSF_6,CAGGTGCAGTTAACGA-1,CSF,0.37219337342951675
MS,CSF_6,CAGGTGCGTAAAGGAG-1,CSF,0.29546117703033203
MS,CSF_6,CAGTAACGTCCTCTTG-1,CSF,0.49160236562546317
MS,CSF_6,CATATGGCATTTCACT-1,CSF,0.17501168699872166
MS,CSF_6,CATCAAGAGACCTAGG-1,CSF,-0.09834107806026707
MS,CSF_6,CATGACACACATAACC-1,CSF,0.15178319013660374
MS,CSF_6,CATGACACAGGGCATA-1,CSF,0.6985748005824824
MS,CSF_6,CATGCCTTCCACGAAT-1,CSF,0.17286400628977172
MS,CSF_6,CATGGCGCAGCCAATT-1,CSF,0.22252497014902414
MS,CSF_6,CATTCGCGTCGGCTCA-1,CSF,0.6767365847049642
MS,CSF_6,CCACCTATCGTAGGAG-1,CSF,0.44605169669028333
MS,CSF_6,CCACGGAGTTGGAGGT-1,CSF,-0.35753651986603746
MS,CSF_6,CCACGGATCTTCGAGA-1,CSF,0.08046104691304155
MS,CSF_6,CCAGCGAAGGATCGCA-1,CSF,-0.09834107806026707
MS,CSF_6,CCTACACGTGCAACTT-1,CSF,0.5343388411685658
MS,CSF_6,CCTAGCTTCGACGGAA-1,CSF,-0.32066918689742435
MS,CSF_6,CCTCTGAAGCGATTCT-1,CSF,0.8269232466303739
MS,CSF_6,CCTTTCTCAGCCAATT-1,CSF,-0.09834107806026707
MS,CSF_6,CCTTTCTGTATGAATG-1,CSF,0.3687629618906723
MS,CSF_6,CGAACATGTCGGATCC-1,CSF,-0.09834107806026707
MS,CSF_6,CGAACATGTTATCGGT-1,CSF,0.06645612626469298
MS,CSF_6,CGAACATTCAGGCCCA-1,CSF,1.279719886354515
MS,CSF_6,CGAATGTCAAGCCTAT-1,CSF,-0.09834107806026707
MS,CSF_6,CGACTTCTCCTTGCCA-1,CSF,-0.09834107806026707
MS,CSF_6,CGAGAAGGTGCCTTGG-1,CSF,0.42128052596482884
MS,CSF_6,CGAGCCATCTTCAACT-1,CSF,0.38923406743994676
MS,CSF_6,CGATTGACATTCTCAT-1,CSF,0.647089816804126
MS,CSF_6,CGCGTTTTCCCGGATG-1,CSF,-0.09834107806026707
MS,CSF_6,CGCTGGATCACTTACT-1,CSF,0.05788961374600559
MS,CSF_6,CGCTTCAAGGAGTTTA-1,CSF,-0.04656377986382693
MS,CSF_6,CGGACTGAGCCACTAT-1,CSF,0.20263779769806556
MS,CSF_6,CGGAGCTAGGGCACTA-1,CSF,-0.3491688694740501
MS,CSF_6,CGGAGTCAGCCACGTC-1,CSF,-0.16415389542204295
MS,CSF_6,CGGGTCATCCAGAAGG-1,CSF,-0.5552130253635039
MS,CSF_6,CGGGTCATCGCCAAAT-1,CSF,0.5184961452979818
MS,CSF_6,CGGTTAAAGCTCTCGG-1,CSF,0.04509285764143122
MS,CSF_6,CGGTTAACAAGCGCTC-1,CSF,0.36943219184370363
MS,CSF_6,CGTAGCGCAGTATAAG-1,CSF,-0.09834107806026707
MS,CSF_6,CGTCACTAGGATTCGG-1,CSF,-0.09834107806026707
MS,CSF_6,CGTCACTCAAGTAGTA-1,CSF,0.10372615965907893
MS,CSF_6,CGTCACTCAGTAACGG-1,CSF,0.20423006889923578
MS,CSF_6,CGTCTACAGAGAGCTC-1,CSF,-0.09834107806026707
MS,CSF_6,CGTCTACCAGTCGTGC-1,CSF,0.17729623266563113
MS,CSF_6,CGTGAGCCAGACGCAA-1,CSF,-0.42221049475388245
MS,CSF_6,CGTGTAAGTATCGCAT-1,CSF,0.7527705935092259
MS,CSF_6,CGTGTCTAGCTTTGGT-1,CSF,0.2322235313982274
MS,CSF_6,CGTGTCTGTCGACTAT-1,CSF,-0.09834107806026707
MS,CSF_6,CGTTAGACATCGTCGG-1,CSF,0.6081492693458441
MS,CSF_6,CGTTCTGCATTTGCCC-1,CSF,0.28951652307673675
MS,CSF_6,CTAACTTTCACAAACC-1,CSF,0.8827645163996619
MS,CSF_6,CTAAGACGTGTTTGTG-1,CSF,0.19304307878331
MS,CSF_6,CTACACCCATGCAACT-1,CSF,-0.09834107806026707
MS,CSF_6,CTACATTCAATCAGAA-1,CSF,-0.4805612490664708
MS,CSF_6,CTACCCAAGTGTCCCG-1,CSF,0.3783818374902144
MS,CSF_6,CTACGTCCACGACGAA-1,CSF,0.24601401443110332
MS,CSF_6,CTAGAGTGTGTGGCTC-1,CSF,0.28439780201879616
MS,CSF_6,CTAGTGACATTTCACT-1,CSF,0.6900688275079913
MS,CSF_6,CTCAGAAAGAGACGAA-1,CSF,0.40247114494622577
MS,CSF_6,CTCAGAAGTGCAGACA-1,CSF,0.17160568230491752
MS,CSF_6,CTCAGAATCCAAGCCG-1,CSF,0.9244263383187258
MS,CSF_6,CTCGAGGTCAGGTAAA-1,CSF,-0.23969861444647814
MS,CSF_6,CTCGGAGCAAGCGCTC-1,CSF,0.3840295172723898
MS,CSF_6,CTCGTACCAGCGTTCG-1,CSF,-0.5099598044018371
MS,CSF_6,CTCTGGTTCATGTCTT-1,CSF,-0.35427764511053833
MS,CSF_6,CTGAAACAGATGTGGC-1,CSF,-0.09834107806026707
MS,CSF_6,CTGCCTACAATGGAGC-1,CSF,-0.1307634950539461
MS,CSF_6,CTGCTGTAGAACTCGG-1,CSF,0.2527190039798099
MS,CSF_6,CTGCTGTGTTGAGTTC-1,CSF,-0.19226479426070525
MS,CSF_6,CTGTGCTCAACTTGAC-1,CSF,0.48819574539077415
MS,CSF_6,CTGTTTATCCCAAGAT-1,CSF,0.12082019067893099
MS,CSF_6,CTTAACTAGTGTGGCA-1,CSF,0.0906693151514787
MS,CSF_6,CTTAGGATCATATCGG-1,CSF,-0.3288280062400561
MS,CSF_6,CTTCTCTCAAGAAGAG-1,CSF,0.46441514388021127
MS,CSF_6,CTTGGCTCATGCTGGC-1,CSF,0.1632139194880207
MS,CSF_6,CTTGGCTGTAGCCTCG-1,CSF,0.32739643480614006
MS,CSF_6,GAACGGATCTACCAGA-1,CSF,0.12261129518939584
MS,CSF_6,GAAGCAGGTTTAAGCC-1,CSF,0.15424973980509835
MS,CSF_6,GAAGCAGTCATGCTCC-1,CSF,-0.09834107806026707
MS,CSF_6,GAAGCAGTCCCACTTG-1,CSF,-0.32924188613400585
MS,CSF_6,GAATGAAAGAAACCAT-1,CSF,0.38935445584498
MS,CSF_6,GACCAATCAATTCCTT-1,CSF,0.0965932053070883
MS,CSF_6,GACTAACTCCATGAGT-1,CSF,-0.23824757020090134
MS,CSF_6,GACTACAAGGTTACCT-1,CSF,0.13596697609553274
MS,CSF_6,GAGCAGACAAACTGCT-1,CSF,0.05902424105906901
MS,CSF_6,GAGCAGATCTCAACTT-1,CSF,0.09245008610873763
MS,CSF_6,GATCAGTCAAGCCGCT-1,CSF,0.12653716741611803
MS,CSF_6,GATCTAGCAACGATGG-1,CSF,0.3803930761512385
MS,CSF_6,GATCTAGTCATTATCC-1,CSF,0.12252499933091078
MS,CSF_6,GATTCAGTCGCTTAGA-1,CSF,-0.6357351640026724
MS,CSF_6,GCAAACTGTCAACTGT-1,CSF,0.6126439212002672
MS,CSF_6,GCAATCATCTCGTTTA-1,CSF,0.6444163616893055
MS,CSF_6,GCACTCTGTAAGTTCC-1,CSF,-0.09834107806026707
MS,CSF_6,GCAGCCAAGTCCAGGA-1,CSF,-0.3180144748883341
MS,CSF_6,GCATGCGTCTAGCACA-1,CSF,-0.19397150526857962
MS,CSF_6,GCATGTAAGTGGGCTA-1,CSF,0.11332171900488117
MS,CSF_6,GCATGTAGTCACCCAG-1,CSF,0.11768337256259828
MS,CSF_6,GCATGTAGTTATCGGT-1,CSF,0.0887057071571595
MS,CSF_6,GCCTCTAAGAGTGAGA-1,CSF,-0.09834107806026707
MS,CSF_6,GCGAGAAAGCTACCTA-1,CSF,0.28499671238649044
MS,CSF_6,GCGCAGTCAGATCGGA-1,CSF,-0.09834107806026707
MS,CSF_6,GCGCGATAGTTCGCGC-1,CSF,0.4982199713540223
MS,CSF_6,GCTCTGTTCATGCATG-1,CSF,-0.21342426612047483
MS,CSF_6,GCTCTGTTCCTCAACC-1,CSF,0.22503756794873195
MS,CSF_6,GCTGCAGTCTCCAACC-1,CSF,-0.09834107806026707
MS,CSF_6,GCTTGAACAGGCTGAA-1,CSF,0.20616058161422757
MS,CSF_6,GCTTGAAGTATGCTTG-1,CSF,0.9438626956914346
MS,CSF_6,GGACATTAGCGTAATA-1,CSF,-0.09834107806026707
MS,CSF_6,GGACGTCTCCGAGCCA-1,CSF,0.3475601456975134
MS,CSF_6,GGCCGATAGCGCTTAT-1,CSF,0.7630819915788207
MS,CSF_6,GGCTCGATCAAACAAG-1,CSF,0.08437395871784666
MS,CSF_6,GGGAATGAGAATGTGT-1,CSF,0.31430601843392963
MS,CSF_6,GGGAATGCAAGAAGAG-1,CSF,0.12831717952167004
MS,CSF_6,GGGACCTCAAGCTGGA-1,CSF,0.2072188848688235
MS,CSF_6,GGGAGATAGAGACTTA-1,CSF,0.31037127953060206
MS,CSF_6,GGGAGATTCAGTTGAC-1,CSF,-0.09834107806026707
MS,CSF_6,GGGATGAGTCCTAGCG-1,CSF,-0.09834107806026707
MS,CSF_6,GGGCACTTCGCATGAT-1,CSF,-0.07711079035985736
MS,CSF_6,GGGTCTGGTGTGACCC-1,CSF,0.1249109398490116
MS,CSF_6,GGGTCTGTCGCTAGCG-1,CSF,0.060619202551649154
MS,CSF_6,GGGTTGCGTAAGGGAA-1,CSF,0.3010655230413099
MS,CSF_6,GGTGAAGCAACGATGG-1,CSF,-0.09834107806026707
MS,CSF_6,GGTGCGTGTTTGGGCC-1,CSF,0.22295406500728668
MS,CSF_6,GGTGTTAAGTAGTGCG-1,CSF,-0.32197451015937695
MS,CSF_6,GTACGTAGTAGCGTGA-1,CSF,0.2259035857441318
MS,CSF_6,GTACTCCAGTGCCATT-1,CSF,0.17891143834805565
MS,CSF_6,GTACTCCCAGCCACCA-1,CSF,0.12486988674348017
MS,CSF_6,GTAGGCCCAGTCAGCC-1,CSF,-0.4003381719747295
MS,CSF_6,GTATTCTAGCGAGAAA-1,CSF,-0.09834107806026707
MS,CSF_6,GTCATTTAGGGCATGT-1,CSF,-0.234225969769347
MS,CSF_6,GTCGGGTAGAGTCTGG-1,CSF,0.2149140001706617
MS,CSF_6,GTCGTAACAGTCGTGC-1,CSF,-0.09834107806026707
MS,CSF_6,GTGAAGGTCGGTTCGG-1,CSF,-0.09834107806026707
MS,CSF_6,GTGCAGCTCGCGATCG-1,CSF,0.22345513515104784
MS,CSF_6,GTGCATATCGAGAACG-1,CSF,0.33303105087656126
MS,CSF_6,GTGGGTCAGGTAAACT-1,CSF,-0.09834107806026707
MS,CSF_6,GTTCATTTCGGAATCT-1,CSF,-0.6565936756796498
MS,CSF_6,GTTCGGGAGCCGATTT-1,CSF,0.0853508392538347
MS,CSF_6,GTTCGGGCACCTCGGA-1,CSF,0.1968587012242151
MS,CSF_6,GTTCTCGGTGTAACGG-1,CSF,0.3883352015156123
MS,CSF_6,TAAGCGTGTCTAGTCA-1,CSF,0.3751924240638432
MS,CSF_6,TAAGCGTGTTTCGCTC-1,CSF,0.3198145875442381
MS,CSF_6,TAAGTGCAGGTCATCT-1,CSF,-0.09834107806026707
MS,CSF_6,TACAGTGCAGATGGCA-1,CSF,-0.5684486678182473
MS,CSF_6,TACCTATGTGCCTTGG-1,CSF,0.18143912266898785
MS,CSF_6,TACGGATAGAAGGCCT-1,CSF,-0.09834107806026707
MS,CSF_6,TACTCGCCAAGCGATG-1,CSF,-0.09834107806026707
MS,CSF_6,TAGAGCTAGCGTAGTG-1,CSF,-0.1246519558231276
MS,CSF_6,TAGAGCTCAAGGTTTC-1,CSF,-0.3475913126644504
MS,CSF_6,TAGGCATTCGAATGCT-1,CSF,-0.39294504610543773
MS,CSF_6,TCAACGAAGACCTTTG-1,CSF,0.2191508542604626
MS,CSF_6,TCAACGACACCAACCG-1,CSF,0.15563195826993814
MS,CSF_6,TCAACGATCCCGGATG-1,CSF,0.03911364179630589
MS,CSF_6,TCAATCTGTCAGTGGA-1,CSF,0.2601648871418714
MS,CSF_6,TCACAAGCACCCATTC-1,CSF,0.17771217645163598
MS,CSF_6,TCACAAGCAGCCACCA-1,CSF,0.06470843818734316
MS,CSF_6,TCAGATGAGAACAACT-1,CSF,0.48040314993360533
MS,CSF_6,TCAGATGAGTCCGGTC-1,CSF,0.24677744484101022
MS,CSF_6,TCAGATGTCTTGTATC-1,CSF,0.14821696103024679
MS,CSF_6,TCAGCAACATCACCCT-1,CSF,-0.514369631593848
MS,CSF_6,TCAGCAAGTCGGATCC-1,CSF,0.18151336908945556
MS,CSF_6,TCAGCTCTCTAACGGT-1,CSF,0.08113473893488533
MS,CSF_6,TCAGGATCACATGACT-1,CSF,-0.09834107806026707
MS,CSF_6,TCAGGATTCTTCGGTC-1,CSF,0.11799662791080119
MS,CSF_6,TCATTACAGATACACA-1,CSF,0.0621567944646693
MS,CSF_6,TCATTTGGTCTAGAGG-1,CSF,-0.010493840368201541
MS,CSF_6,TCCACACCAGAGTGTG-1,CSF,0.3687088715083702
MS,CSF_6,TCCACACGTACTTCTT-1,CSF,-0.3353829656797863
MS,CSF_6,TCGCGAGCAAGTAGTA-1,CSF,-0.09834107806026707
MS,CSF_6,TCGCGTTCACTGCCAG-1,CSF,-0.43409558092163325
MS,CSF_6,TCGGGACAGAGATGAG-1,CSF,0.6021870566830566
MS,CSF_6,TCGGGACAGTGTGAAT-1,CSF,0.2561810518993558
MS,CSF_6,TCGGTAAAGAAACGCC-1,CSF,0.25045841974905086
MS,CSF_6,TCGTACCTCCACGCAG-1,CSF,-0.5126448647315561
MS,CSF_6,TCTATTGAGACAGGCT-1,CSF,-0.11235737444016167
MS,CSF_6,TCTGAGAGTCATATGC-1,CSF,0.46389933770943514
MS,CSF_6,TCTTCGGCAGATCTGT-1,CSF,0.11904825610798252
MS,CSF_6,TCTTCGGTCGCCATAA-1,CSF,0.596767547989152
MS,CSF_6,TGAAAGAAGAGTTGGC-1,CSF,-0.08916315321831161
MS,CSF_6,TGACAACAGTTCGCAT-1,CSF,0.05999162150874388
MS,CSF_6,TGACAACTCCATGAGT-1,CSF,-0.033922397543026075
MS,CSF_6,TGACGGCGTGTGCGTC-1,CSF,0.5116796081677487
MS,CSF_6,TGAGCATCACTCTGTC-1,CSF,-0.09834107806026707
MS,CSF_6,TGAGGGAGTGACGGTA-1,CSF,0.1138625958060558
MS,CSF_6,TGCACCTGTCAACATC-1,CSF,0.4759182121898601
MS,CSF_6,TGCCAAATCCTCAATT-1,CSF,-0.09834107806026707
MS,CSF_6,TGCGCAGAGGGTCGAT-1,CSF,0.1871077443097471
MS,CSF_6,TGCGTGGGTGTGAAAT-1,CSF,-0.09834107806026707
MS,CSF_6,TGCTACCAGGAGTTTA-1,CSF,0.3569873216080935
MS,CSF_6,TGCTACCGTGATAAAC-1,CSF,-0.08672032375570413
MS,CSF_6,TGGCCAGTCTGTACGA-1,CSF,-0.19331257206620903
MS,CSF_6,TGGCGCAGTCCCTTGT-1,CSF,-0.21246332090781436
MS,CSF_6,TGGTTAGCATCTCGCT-1,CSF,0.10085545038633027
MS,CSF_6,TGGTTAGTCATATCGG-1,CSF,-0.7487744113313557
MS,CSF_6,TGGTTCCAGTTGAGAT-1,CSF,-0.11467636468831036
MS,CSF_6,TGTATTCGTTAGTGGG-1,CSF,0.8279730620368593
MS,CSF_6,TGTGGTAGTGATGATA-1,CSF,0.1466538104182666
MS,CSF_6,TGTGTTTAGTAGGCCA-1,CSF,0.4343439137994591
MS,CSF_6,TGTTCCGTCAAACAAG-1,CSF,-0.09834107806026707
MS,CSF_6,TGTTCCGTCGTACGGC-1,CSF,0.09315010571034657
MS,CSF_6,TTAGGACGTAAACGCG-1,CSF,0.08297190720711388
MS,CSF_6,TTAGGACTCTAGAGTC-1,CSF,0.0690403735914319
MS,CSF_6,TTAGGCATCTGCGTAA-1,CSF,-0.09834107806026707
MS,CSF_6,TTATGCTTCAGTTCGA-1,CSF,0.6591565889958186
MS,CSF_6,TTATGCTTCGCGTAGC-1,CSF,0.18882893881207866
MS,CSF_6,TTCCCAGAGGGAAACA-1,CSF,0.4030178815832124
MS,CSF_6,TTCGAAGCACCTATCC-1,CSF,-0.09834107806026707
MS,CSF_6,TTCGGTCGTATGAAAC-1,CSF,-0.09834107806026707
MS,CSF_6,TTCGGTCTCGCTAGCG-1,CSF,0.2558549210968642
MS,CSF_6,TTCTACACATCACGAT-1,CSF,0.24832283940886554
MS,CSF_6,TTCTACATCACAAACC-1,CSF,0.8767188599180097
MS,CSF_6,TTCTCCTAGAATGTTG-1,CSF,0.2866298191746554
MS,CSF_6,TTCTCCTTCTTAGCCC-1,CSF,-0.09834107806026707
MS,CSF_6,TTGAACGGTCTCCCTA-1,CSF,-0.29641370611726775
MS,CSF_6,TTGCGTCTCCTTTCGG-1,CSF,0.1753946400333741
MS,CSF_6,TTGGAACCAAATACAG-1,CSF,0.7180610979841333
MS,CSF_6,TTGGCAAAGTGTCCCG-1,CSF,0.11328692955522886
MS,CSF_6,TTTACTGAGACGCAAC-1,CSF,-0.09834107806026707
MS,CSF_6,TTTATGCAGTAGTGCG-1,CSF,0.11573651786494572
MS,CSF_6,TTTGTCAGTTCGTGAT-1,CSF,-0.43577313402636575
MS,CSF_7,AAACCTGCAGTATGCT-1,CSF,-0.2112392962924705
MS,CSF_7,AAAGATGAGCTGAAAT-1,CSF,-0.09834107806026707
MS,CSF_7,AACCATGGTGCCTGTG-1,CSF,-0.09834107806026707
MS,CSF_7,AAGCCGCCAGACAAGC-1,CSF,-0.04953654477849139
MS,CSF_7,AAGGCAGCATTAACCG-1,CSF,-0.7999124335113208
MS,CSF_7,AAGGTTCGTCATGCAT-1,CSF,-0.09834107806026707
MS,CSF_7,AAGTCTGAGGACATTA-1,CSF,-0.6561954814741766
MS,CSF_7,ACACCAAAGGAGCGAG-1,CSF,-0.4596755206941792
MS,CSF_7,ACATACGCATGGATGG-1,CSF,-0.20215386990367112
MS,CSF_7,ACATACGGTCATGCAT-1,CSF,0.42469784608487854
MS,CSF_7,ACATCAGGTCTAGGTT-1,CSF,-0.01683108633116248
MS,CSF_7,ACATCAGTCAAGCCTA-1,CSF,-0.4035911668307047
MS,CSF_7,ACATGGTAGGAATCGC-1,CSF,-0.16484660173996818
MS,CSF_7,ACCCACTAGGCATGTG-1,CSF,-0.019778829370507584
MS,CSF_7,ACCGTAACAACAACCT-1,CSF,0.06282081178584176
MS,CSF_7,ACCTTTAGTAAATGAC-1,CSF,0.5302843288853739
MS,CSF_7,ACCTTTAGTCTAACGT-1,CSF,-0.11550058475186623
MS,CSF_7,ACGATACCATGACATC-1,CSF,0.17985042874289608
MS,CSF_7,ACGATACTCCACTGGG-1,CSF,0.07447621608679357
MS,CSF_7,ACGCAGCCACTGTCGG-1,CSF,0.18990049355913344
MS,CSF_7,ACGCCAGAGAATAGGG-1,CSF,-0.03204111065402287
MS,CSF_7,ACGGCCACAAACAACA-1,CSF,-0.09834107806026707
MS,CSF_7,ACTATCTAGTTCGATC-1,CSF,0.22040219011880105
MS,CSF_7,ACTTACTGTACCCAAT-1,CSF,0.17911658724269122
MS,CSF_7,AGAGCGAAGGTGCTAG-1,CSF,-0.15429347891000944
MS,CSF_7,AGAGCGACAACCGCCA-1,CSF,0.06710240727475672
MS,CSF_7,AGAGCGAGTCGAACAG-1,CSF,0.08695868491578085
MS,CSF_7,AGAGCGATCTGGCGTG-1,CSF,0.27832658047895004
MS,CSF_7,AGAGCTTAGTGTTTGC-1,CSF,-0.24275964201178216
MS,CSF_7,AGAGCTTGTTCGCGAC-1,CSF,0.43397355472211363
MS,CSF_7,AGCGTCGCACGCCAGT-1,CSF,-0.09834107806026707
MS,CSF_7,AGGTCATAGTCAATAG-1,CSF,0.0943318934854118
MS,CSF_7,AGTAGTCAGCTGGAAC-1,CSF,-0.11031804714195283
MS,CSF_7,AGTGGGAAGACGCTTT-1,CSF,0.025478394684057316
MS,CSF_7,ATAACGCGTACAGCAG-1,CSF,0.3611010450654562
MS,CSF_7,ATAAGAGGTCAAAGCG-1,CSF,0.1371400087923141
MS,CSF_7,ATAGACCAGACGCAAC-1,CSF,0.8111168924829152
MS,CSF_7,ATCATCTAGCTACCGC-1,CSF,0.7016913598873282
MS,CSF_7,ATCCGAACATAGAAAC-1,CSF,-0.4839314113481734
MS,CSF_7,ATCCGAAGTTAAGAAC-1,CSF,0.17801648601387213
MS,CSF_7,ATCTGCCTCTCCAACC-1,CSF,-0.9213567159783809
MS,CSF_7,ATTGGTGCATTGTGCA-1,CSF,-0.919938199004812
MS,CSF_7,CAACCAAAGCCACTAT-1,CSF,0.1630093726376911
MS,CSF_7,CAACCTCCAGGGAGAG-1,CSF,0.4367143994703287
MS,CSF_7,CAACTAGTCTCCCTGA-1,CSF,-0.08481211948639182
MS,CSF_7,CAAGAAATCGGTGTTA-1,CSF,-0.09834107806026707
MS,CSF_7,CAAGATCCACCGAATT-1,CSF,-0.09834107806026707
MS,CSF_7,CACACCTAGACACTAA-1,CSF,-0.09834107806026707
MS,CSF_7,CACATTTGTCTAGCCG-1,CSF,0.06695973305609906
MS,CSF_7,CACATTTTCGGTCCGA-1,CSF,-0.01878611623108612
MS,CSF_7,CACCACTAGTGCCAGA-1,CSF,-0.08665729014489014
MS,CSF_7,CAGCATAGTGCATCTA-1,CSF,0.339357201869631
MS,CSF_7,CAGCGACTCTCCTATA-1,CSF,0.25825471104590975
MS,CSF_7,CATGACAAGGAGCGTT-1,CSF,-0.257594379253413
MS,CSF_7,CATTATCTCCGCGGTA-1,CSF,-0.5441234075836892
MS,CSF_7,CCAATCCTCCTCAACC-1,CSF,0.16357427121122825
MS,CSF_7,CCCAGTTGTCACCCAG-1,CSF,0.1136152433239778
MS,CSF_7,CCGGTAGGTCTTGCGG-1,CSF,0.05857872139388222
MS,CSF_7,CCGTACTAGAAGGCCT-1,CSF,0.305489911760053
MS,CSF_7,CCGTACTCAAGTAGTA-1,CSF,-0.09834107806026707
MS,CSF_7,CCGTTCATCCTGCAGG-1,CSF,-0.024161552784625777
MS,CSF_7,CCTACCAAGTAGGTGC-1,CSF,0.12487270361504445
MS,CSF_7,CCTACCATCCCTTGCA-1,CSF,0.12750397162964205
MS,CSF_7,CCTCAGTGTTCCAACA-1,CSF,-0.09834107806026707
MS,CSF_7,CCTTCGAGTATTAGCC-1,CSF,0.15969981267582414
MS,CSF_7,CCTTTCTAGGTGATAT-1,CSF,-0.4443521359800813
MS,CSF_7,CGAACATAGTGGAGTC-1,CSF,0.41406462101419095
MS,CSF_7,CGACTTCTCGCTGATA-1,CSF,0.607205727823222
MS,CSF_7,CGAGCCAGTGCACGAA-1,CSF,0.2608548024570683
MS,CSF_7,CGATGGCAGCGCTTAT-1,CSF,-0.09834107806026707
MS,CSF_7,CGATGGCTCACAGTAC-1,CSF,0.03482546473556104
MS,CSF_7,CGATGTAAGAAGGCCT-1,CSF,0.2198066118544246
MS,CSF_7,CGATGTACATTGTGCA-1,CSF,-0.09834107806026707
MS,CSF_7,CGCGTTTAGGATGGAA-1,CSF,0.0231523076258822
MS,CSF_7,CGCTATCAGGTGTGGT-1,CSF,-0.6818727138933777
MS,CSF_7,CGCTGGAAGGAGTAGA-1,CSF,0.3955994046791176
MS,CSF_7,CGGAGCTGTACTTAGC-1,CSF,-0.09834107806026707
MS,CSF_7,CGGAGTCGTATGAATG-1,CSF,0.19316458266047373
MS,CSF_7,CGGCTAGTCTAGAGTC-1,CSF,0.030061486908982565
MS,CSF_7,CGGGTCAAGCAGGCTA-1,CSF,-0.1537350677080705
MS,CSF_7,CGTCACTCAACTGGCC-1,CSF,-0.03879061644831674
MS,CSF_7,CGTCCATCAAGTCTAC-1,CSF,-0.08133509997646103
MS,CSF_7,CGTGTAATCTGAAAGA-1,CSF,0.601992815293243
MS,CSF_7,CGTTCTGAGGCTATCT-1,CSF,-0.21956046766082402
MS,CSF_7,CGTTGGGCATTGCGGC-1,CSF,-0.28416822996942487
MS,CSF_7,CTAACTTGTCCGTTAA-1,CSF,0.1322340028863583
MS,CSF_7,CTAATGGCAAGTACCT-1,CSF,-0.11315474808922331
MS,CSF_7,CTACCCACAGGGATTG-1,CSF,0.10119964843280838
MS,CSF_7,CTCAGAAAGTCCAGGA-1,CSF,0.13212433076198923
MS,CSF_7,CTCAGAATCCAACCAA-1,CSF,0.1212308426084476
MS,CSF_7,CTGAAACAGCTGAACG-1,CSF,0.28139580467089537
MS,CSF_7,CTGAAGTAGATGAGAG-1,CSF,0.36550071629535763
MS,CSF_7,CTGCTGTTCACCCGAG-1,CSF,-0.09834107806026707
MS,CSF_7,CTGTTTAGTGAAAGAG-1,CSF,0.8466808127990386
MS,CSF_7,CTTAGGAAGATGCGAC-1,CSF,-0.50192030528945
MS,CSF_7,CTTAGGAAGCAATATG-1,CSF,0.05749852953145141
MS,CSF_7,GAACCTACACGCTTTC-1,CSF,0.14790212578560866
MS,CSF_7,GAATAAGCAACACCTA-1,CSF,-0.020372837865373996
MS,CSF_7,GAATGAACACTGTCGG-1,CSF,-0.09834107806026707
MS,CSF_7,GAGGTGACAGTGACAG-1,CSF,0.06157075092056503
MS,CSF_7,GAGTCCGAGCTAAACA-1,CSF,0.1471888918610667
MS,CSF_7,GATCGATAGAAACCAT-1,CSF,0.3000891381401657
MS,CSF_7,GATCGATGTCGGCTCA-1,CSF,0.28354287868714484
MS,CSF_7,GATGAGGTCCCAAGTA-1,CSF,0.012810707026907524
MS,CSF_7,GATTCAGCAAGGGTCA-1,CSF,0.20791553536145932
MS,CSF_7,GCAATCATCGGATGGA-1,CSF,0.19066412323240708
MS,CSF_7,GCACATACACTGCCAG-1,CSF,0.23887158520936752
MS,CSF_7,GCACTCTCACCGGAAA-1,CSF,-0.09834107806026707
MS,CSF_7,GCAGTTAAGCTAGTGG-1,CSF,-0.09834107806026707
MS,CSF_7,GCATGATCAAGTCTAC-1,CSF,0.05182175007532055
MS,CSF_7,GCATGATTCGGCTTGG-1,CSF,0.08779489065171338
MS,CSF_7,GCCAAATCACATAACC-1,CSF,0.3166089816544622
MS,CSF_7,GCTCTGTGTAAACCTC-1,CSF,0.9065028650065176
MS,CSF_7,GCTCTGTGTTCGCGAC-1,CSF,-0.09834107806026707
MS,CSF_7,GCTCTGTTCTCTTGAT-1,CSF,0.5940848562070121
MS,CSF_7,GCTGGGTCACGACGAA-1,CSF,-0.2291324796942066
MS,CSF_7,GGAATAAAGTTCGATC-1,CSF,-0.2404983612692588
MS,CSF_7,GGACAAGTCGCAAGCC-1,CSF,-0.09834107806026707
MS,CSF_7,GGACGTCTCAGCATGT-1,CSF,-0.16232383544827442
MS,CSF_7,GGAGCAACACAACGTT-1,CSF,-0.09834107806026707
MS,CSF_7,GGATTACGTATGAAAC-1,CSF,0.15202006917885402
MS,CSF_7,GGCAATTCACCAACCG-1,CSF,0.1644053031064349
MS,CSF_7,GGCGTGTGTCGGCTCA-1,CSF,-0.09834107806026707
MS,CSF_7,GGGAGATGTAAGAGAG-1,CSF,0.25200458265782305
MS,CSF_7,GGGCACTGTAATCGTC-1,CSF,-0.21432176029805336
MS,CSF_7,GGGCATCTCACAAACC-1,CSF,0.4900536741207406
MS,CSF_7,GGTGTTACACATTCGA-1,CSF,-0.08469726390103723
MS,CSF_7,GTAACTGAGTACGACG-1,CSF,0.14883855102443158
MS,CSF_7,GTAACTGGTCTAGCGC-1,CSF,-0.09834107806026707
MS,CSF_7,GTACGTATCTACTTAC-1,CSF,1.2312191467284792
MS,CSF_7,GTATTCTAGACATAAC-1,CSF,0.08469829372696268
MS,CSF_7,GTCACAATCATTATCC-1,CSF,-0.15958149456351414
MS,CSF_7,GTCATTTTCAGCAACT-1,CSF,-0.09834107806026707
MS,CSF_7,GTCGGGTGTCAGAAGC-1,CSF,-0.09834107806026707
MS,CSF_7,GTGCTTCGTTAAAGTG-1,CSF,-0.4115157159481132
MS,CSF_7,GTGCTTCTCGCATGAT-1,CSF,-0.23960239073150325
MS,CSF_7,GTGGGTCAGAACAACT-1,CSF,0.17509836630454315
MS,CSF_7,TAAGAGAGTGTAATGA-1,CSF,0.006445095466858786
MS,CSF_7,TACCTATAGCCATCGC-1,CSF,-0.09834107806026707
MS,CSF_7,TACGGGCGTCGCGGTT-1,CSF,-0.09834107806026707
MS,CSF_7,TACGGTAAGTCGTACT-1,CSF,0.10377119684943381
MS,CSF_7,TACGGTATCTGATACG-1,CSF,0.29767586853437705
MS,CSF_7,TAGACCAGTCTCGTTC-1,CSF,-0.09834107806026707
MS,CSF_7,TAGTTGGTCTAACGGT-1,CSF,-0.39300887080292324
MS,CSF_7,TCAACGAAGTCCAGGA-1,CSF,0.3692849284272724
MS,CSF_7,TCAGCAAAGACTTGAA-1,CSF,0.1047516881632977
MS,CSF_7,TCAGCTCCAACTGGCC-1,CSF,0.5216789854962792
MS,CSF_7,TCAGGATCATGCTGGC-1,CSF,0.05489785254211952
MS,CSF_7,TCATTACCACCGAAAG-1,CSF,-0.7175900771475324
MS,CSF_7,TCATTTGTCAACACAC-1,CSF,0.15192857025009548
MS,CSF_7,TCATTTGTCCACTCCA-1,CSF,0.5846855950143557
MS,CSF_7,TCCACACTCAGTTGAC-1,CSF,0.09068499921785513
MS,CSF_7,TCTCATAAGTGCGATG-1,CSF,-0.4987141559313765
MS,CSF_7,TCTGGAACAACTGGCC-1,CSF,0.8142270663783647
MS,CSF_7,TCTTCGGTCTCAAACG-1,CSF,-0.7257780473071916
MS,CSF_7,TGACTAGAGAAACCGC-1,CSF,-0.09834107806026707
MS,CSF_7,TGAGAGGAGAGCCTAG-1,CSF,0.06985199718664699
MS,CSF_7,TGAGCCGCATTCGACA-1,CSF,-0.35660549178093454
MS,CSF_7,TGAGGGACAAGTAGTA-1,CSF,-0.09834107806026707
MS,CSF_7,TGCACCTAGTCAATAG-1,CSF,0.3248316816124474
MS,CSF_7,TGCGCAGGTGGTACAG-1,CSF,0.1626515823500781
MS,CSF_7,TGTATTCTCTTGCATT-1,CSF,-0.09834107806026707
MS,CSF_7,TGTCCCACACCACGTG-1,CSF,0.15192857025009548
MS,CSF_7,TGTCCCAGTTACGTCA-1,CSF,0.31417882150783466
MS,CSF_7,TGTTCCGCATAGACTC-1,CSF,-0.21412266745441402
MS,CSF_7,TTCGGTCAGACGCAAC-1,CSF,-0.02382377791186027
MS,CSF_7,TTCGGTCTCCACTCCA-1,CSF,0.20745320003548318
MS,CSF_7,TTCTACACATTGTGCA-1,CSF,0.3104430879251823
MS,CSF_7,TTCTCCTTCCATTCTA-1,CSF,0.16724437455676502
MS,CSF_7,TTCTTAGTCCGATATG-1,CSF,0.00449696932791231
MS,CSF_7,TTGACTTGTGAAGGCT-1,CSF,-0.5408981954182607
MS,CSF_7,TTGCCGTTCCACGAAT-1,CSF,-0.09834107806026707
MS,CSF_7,TTGGAACCAACTTGAC-1,CSF,-0.11845786289313313
MS,CSF_7,TTGGCAATCGCACTCT-1,CSF,-0.6095983569313583
MS,CSF_7,TTTGCGCAGATGGGTC-1,CSF,0.1367511583888169
MS,CSF_7,TTTGCGCCAAGGGTCA-1,CSF,0.3022950893715594
MS,CSF_8,AAACCTGAGTTCGATC-1,CSF,-0.09834107806026707
MS,CSF_8,AAACCTGGTTTGGGCC-1,CSF,0.06761825389129018
MS,CSF_8,AAACCTGTCATTGCGA-1,CSF,0.03562268393245401
MS,CSF_8,AAACGGGCACTTACGA-1,CSF,-0.09834107806026707
MS,CSF_8,AAACGGGCATTAGCCA-1,CSF,0.5243383890821922
MS,CSF_8,AAAGTAGAGAGTCTGG-1,CSF,-0.6292639205426108
MS,CSF_8,AAAGTAGGTAAGTGTA-1,CSF,-0.09834107806026707
MS,CSF_8,AACACGTGTCTCAACA-1,CSF,-0.4087431912462823
MS,CSF_8,AACGTTGGTACGCTGC-1,CSF,-0.37793549891075007
MS,CSF_8,AACGTTGTCACTGGGC-1,CSF,0.24444735052757566
MS,CSF_8,AACTCCCTCGTCGTTC-1,CSF,-0.09834107806026707
MS,CSF_8,AACTGGTTCGGCGGTT-1,CSF,-0.3269532444819717
MS,CSF_8,AACTTTCGTCAGTGGA-1,CSF,0.2145067947424087
MS,CSF_8,AAGCCGCGTAGGCTGA-1,CSF,-0.2686690668798733
MS,CSF_8,AAGGCAGAGGCCCTCA-1,CSF,0.2046846430761898
MS,CSF_8,AAGGCAGGTGTTCTTT-1,CSF,-0.09834107806026707
MS,CSF_8,AAGGTTCGTAATAGCA-1,CSF,-0.09834107806026707
MS,CSF_8,AAGTCTGTCTGAGGGA-1,CSF,-0.00341528207043486
MS,CSF_8,AATCCAGAGAGTAAGG-1,CSF,-0.09834107806026707
MS,CSF_8,AATCCAGTCCAGTATG-1,CSF,0.3625251733869256
MS,CSF_8,ACAGCCGGTCACTGGC-1,CSF,0.4170091264215424
MS,CSF_8,ACAGCCGGTGTTGGGA-1,CSF,-0.4588840180394003
MS,CSF_8,ACAGCCGTCTTCGAGA-1,CSF,0.1841450711722326
MS,CSF_8,ACAGCTATCCGAATGT-1,CSF,-0.09834107806026707
MS,CSF_8,ACATACGCAGGATTGG-1,CSF,-0.09834107806026707
MS,CSF_8,ACATCAGCAAGAGTCG-1,CSF,-0.827364356886177
MS,CSF_8,ACATGGTGTTAGGGTG-1,CSF,-0.3143339485604912
MS,CSF_8,ACCCACTCAAGGACAC-1,CSF,-0.4358944274752276
MS,CSF_8,ACCCACTGTGAGGCTA-1,CSF,-0.09834107806026707
MS,CSF_8,ACCGTAAGTAGAAAGG-1,CSF,0.07022013693842577
MS,CSF_8,ACCTTTACATCAGTAC-1,CSF,-0.08940187544557379
MS,CSF_8,ACGAGCCCACCGGAAA-1,CSF,-0.2623250525879747
MS,CSF_8,ACGAGCCGTCACTGGC-1,CSF,0.49151414145892447
MS,CSF_8,ACGCAGCAGATATACG-1,CSF,0.6951436611086678
MS,CSF_8,ACGGGCTGTATCTGCA-1,CSF,-0.22658072018739045
MS,CSF_8,ACGGGTCAGTGAATTG-1,CSF,-0.09834107806026707
MS,CSF_8,ACGGGTCGTAAGTTCC-1,CSF,-0.09834107806026707
MS,CSF_8,ACGTCAACAGCTGCTG-1,CSF,-0.2254570240976297
MS,CSF_8,ACTATCTTCTACTCAT-1,CSF,0.2330699383968757
MS,CSF_8,ACTGAGTTCTTCGAGA-1,CSF,0.12588704557908312
MS,CSF_8,ACTGTCCTCCTGTACC-1,CSF,-0.009697071386728293
MS,CSF_8,ACTTACTTCCGCGGTA-1,CSF,1.0657628745506573
MS,CSF_8,ACTTGTTTCGGAATCT-1,CSF,-0.26033077214397066
MS,CSF_8,AGAATAGAGTCCGGTC-1,CSF,-0.09834107806026707
MS,CSF_8,AGAATAGGTAACGCGA-1,CSF,-0.45910052209870117
MS,CSF_8,AGAGCGAAGATCGATA-1,CSF,-0.09834107806026707
MS,CSF_8,AGAGCTTTCACTATTC-1,CSF,0.14316551685481324
MS,CSF_8,AGAGTGGTCAAGATCC-1,CSF,-0.25299541918170376
MS,CSF_8,AGATCTGGTCTTGTCC-1,CSF,0.3630043051670759
MS,CSF_8,AGCAGCCTCCTATTCA-1,CSF,-0.09834107806026707
MS,CSF_8,AGCGGTCCAGCCTATA-1,CSF,-0.24518612047203656
MS,CSF_8,AGCTCCTAGCTCTCGG-1,CSF,-0.19729006898504098
MS,CSF_8,AGCTCTCGTCAATGTC-1,CSF,-0.5080758585530153
MS,CSF_8,AGCTCTCGTCGGCACT-1,CSF,-0.3330646244852736
MS,CSF_8,AGGGAGTAGCACACAG-1,CSF,-0.09834107806026707
MS,CSF_8,AGGGAGTGTATATGGA-1,CSF,-0.2855146031108879
MS,CSF_8,AGGTCATTCGAGAACG-1,CSF,-0.09834107806026707
MS,CSF_8,AGGTCATTCTTCGAGA-1,CSF,-0.6457913037987772
MS,CSF_8,AGTCTTTAGGTAGCCA-1,CSF,-0.09834107806026707
MS,CSF_8,AGTGAGGCATGGATGG-1,CSF,-0.09834107806026707
MS,CSF_8,AGTGAGGGTTTGGGCC-1,CSF,-0.3045258087384752
MS,CSF_8,AGTGGGAAGTCTCGGC-1,CSF,-0.3772369883005583
MS,CSF_8,AGTGGGATCATCACCC-1,CSF,-0.5411342067030808
MS,CSF_8,AGTGTCACAAGTCTGT-1,CSF,-0.09834107806026707
MS,CSF_8,AGTGTCATCTGAGGGA-1,CSF,-0.09834107806026707
MS,CSF_8,AGTTGGTCACACTGCG-1,CSF,0.1929565427474049
MS,CSF_8,AGTTGGTTCGGATGGA-1,CSF,0.22719775577202436
MS,CSF_8,ATAACGCAGCCATCGC-1,CSF,-0.09834107806026707
MS,CSF_8,ATAAGAGCAGGTCTCG-1,CSF,-0.001738242146101505
MS,CSF_8,ATAGACCCAATGAAAC-1,CSF,0.2822005263529458
MS,CSF_8,ATCATCTAGAGGGCTT-1,CSF,-0.4035503538650375
MS,CSF_8,ATCATCTAGCAGCGTA-1,CSF,-0.09834107806026707
MS,CSF_8,ATCATCTCAAACCTAC-1,CSF,-0.30734904300863597
MS,CSF_8,ATCATCTTCTTGAGGT-1,CSF,0.1107834141486089
MS,CSF_8,ATCATGGAGGTAGCTG-1,CSF,-0.09834107806026707
MS,CSF_8,ATCCACCAGGGCTTGA-1,CSF,-0.09834107806026707
MS,CSF_8,ATCCGAATCTGATTCT-1,CSF,-0.09834107806026707
MS,CSF_8,ATCGAGTGTAAACCTC-1,CSF,0.31736948407919335
MS,CSF_8,ATGAGGGCAAGAAAGG-1,CSF,-0.43222366673379753
MS,CSF_8,ATGAGGGCATATACCG-1,CSF,0.09065431333811633
MS,CSF_8,ATGAGGGCATTGGGCC-1,CSF,-0.23902822464466927
MS,CSF_8,ATGCGATTCGGTTCGG-1,CSF,-0.7306864686022748
MS,CSF_8,ATTGGACGTTCCACGG-1,CSF,-0.13807312005183098
MS,CSF_8,ATTGGTGGTACAGTGG-1,CSF,-0.09834107806026707
MS,CSF_8,ATTTCTGTCGGCGGTT-1,CSF,-0.09834107806026707
MS,CSF_8,ATTTCTGTCTAAGCCA-1,CSF,-0.036920849599341846
MS,CSF_8,CAACCTCTCCGAACGC-1,CSF,-0.09834107806026707
MS,CSF_8,CAACTAGAGAATTCCC-1,CSF,0.2830653640161342
MS,CSF_8,CAACTAGGTCGAACAG-1,CSF,-0.33650288861143673
MS,CSF_8,CAAGAAATCAGAAATG-1,CSF,-0.002939068111836577
MS,CSF_8,CACAAACCACCAGTTA-1,CSF,-0.09834107806026707
MS,CSF_8,CACAAACGTCAGAGGT-1,CSF,-0.37406210810543034
MS,CSF_8,CACCACTAGGGATGGG-1,CSF,-0.011438612356070228
MS,CSF_8,CACCACTGTCCATCCT-1,CSF,-0.505894011159545
MS,CSF_8,CACCAGGGTAGCGCTC-1,CSF,-0.09834107806026707
MS,CSF_8,CAGAATCAGACTAGAT-1,CSF,-0.6299980401106601
MS,CSF_8,CAGAATCGTATCTGCA-1,CSF,0.49899826940278924
MS,CSF_8,CAGATCAAGGGTTTCT-1,CSF,-0.09834107806026707
MS,CSF_8,CAGATCAAGGTGCTTT-1,CSF,-0.09834107806026707
MS,CSF_8,CAGCAGCGTTCAGCGC-1,CSF,-0.3052741668945243
MS,CSF_8,CAGCGACGTTGATTGC-1,CSF,-0.43332156004659134
MS,CSF_8,CAGCTGGCAGCGTCCA-1,CSF,0.025935553933659723
MS,CSF_8,CAGGTGCAGGGATGGG-1,CSF,-0.09834107806026707
MS,CSF_8,CAGGTGCCAATCCAAC-1,CSF,0.4835212766639579
MS,CSF_8,CAGTAACGTATCAGTC-1,CSF,-0.09834107806026707
MS,CSF_8,CATATGGAGGAGTAGA-1,CSF,-0.7992693782382551
MS,CSF_8,CATATGGGTTCGTGAT-1,CSF,-0.18575198411703214
MS,CSF_8,CATATTCGTAGCCTAT-1,CSF,0.04893655371437343
MS,CSF_8,CATCAAGAGTCAAGCG-1,CSF,-0.09834107806026707
MS,CSF_8,CATCAGAAGCGAGAAA-1,CSF,-0.7080664402558965
MS,CSF_8,CATCGAACATTCTCAT-1,CSF,-0.09834107806026707
MS,CSF_8,CATCGAAGTATAAACG-1,CSF,0.8761050214447957
MS,CSF_8,CATCGGGAGTGCAAGC-1,CSF,0.01693292617223035
MS,CSF_8,CATCGGGTCGGTCCGA-1,CSF,-0.1531801308692102
MS,CSF_8,CATGCCTCACTTAACG-1,CSF,-0.33079367911711177
MS,CSF_8,CATGGCGAGTCCGTAT-1,CSF,-0.6202001715227663
MS,CSF_8,CATGGCGCACAACTGT-1,CSF,-0.28846191000041277
MS,CSF_8,CATTATCCACGAAAGC-1,CSF,-0.47950606890649483
MS,CSF_8,CCACCTAAGTGGTAAT-1,CSF,-0.09834107806026707
MS,CSF_8,CCACGGACACGGTGTC-1,CSF,-0.30002577218566817
MS,CSF_8,CCACGGATCAGCGACC-1,CSF,0.03252604480399419
MS,CSF_8,CCACGGATCCTCATTA-1,CSF,-0.09834107806026707
MS,CSF_8,CCACTACCACGGATAG-1,CSF,0.36900565645527494
MS,CSF_8,CCAGCGACATTTGCCC-1,CSF,-0.19319380434200703
MS,CSF_8,CCAGCGATCTGATTCT-1,CSF,-0.09834107806026707
MS,CSF_8,CCATGTCAGCCACTAT-1,CSF,-0.09834107806026707
MS,CSF_8,CCATGTCCACAACGCC-1,CSF,-0.3789919939223417
MS,CSF_8,CCATGTCGTCGCATAT-1,CSF,-0.23062658165304928
MS,CSF_8,CCATTCGAGGGTTCCC-1,CSF,-0.08060959334500796
MS,CSF_8,CCCAGTTAGAGCCTAG-1,CSF,0.11302124682425267
MS,CSF_8,CCCAGTTGTGACGGTA-1,CSF,-0.09834107806026707
MS,CSF_8,CCCTCCTTCCAGTAGT-1,CSF,-0.2113355459991306
MS,CSF_8,CCCTCCTTCTCCAGGG-1,CSF,0.0389690157336073
MS,CSF_8,CCGGTAGTCATGTAGC-1,CSF,0.2026818453049239
MS,CSF_8,CCGTTCAAGCGAAGGG-1,CSF,-0.1444723618908426
MS,CSF_8,CCGTTCAGTGTCTGAT-1,CSF,0.21490657745008274
MS,CSF_8,CCTAAAGTCTTCGAGA-1,CSF,0.597173134032213
MS,CSF_8,CCTACCAGTCAGAGGT-1,CSF,-0.03503203176534627
MS,CSF_8,CCTAGCTGTACTCTCC-1,CSF,0.09002841758949365
MS,CSF_8,CCTCTGACAATCCAAC-1,CSF,0.010725588975949682
MS,CSF_8,CCTTACGAGCGCTTAT-1,CSF,-0.6141410367939927
MS,CSF_8,CCTTACGGTCGGGTCT-1,CSF,-0.3099481381405287
MS,CSF_8,CCTTTCTAGGGAGTAA-1,CSF,-0.09834107806026707
MS,CSF_8,CCTTTCTCACGAGGTA-1,CSF,-0.09834107806026707
MS,CSF_8,CCTTTCTCATCGATTG-1,CSF,0.6221983910691222
MS,CSF_8,CCTTTCTGTACGAAAT-1,CSF,-0.32548012249607927
MS,CSF_8,CGAACATAGACCGGAT-1,CSF,-0.4205940958825985
MS,CSF_8,CGAACATCATGTAGTC-1,CSF,0.032088589998043045
MS,CSF_8,CGACCTTCATCCAACA-1,CSF,-0.09834107806026707
MS,CSF_8,CGACTTCAGAGCTATA-1,CSF,0.3981428088150264
MS,CSF_8,CGATTGACAGTTTACG-1,CSF,-0.12221891005330417
MS,CSF_8,CGCGGTAAGTGGAGAA-1,CSF,-0.43277655650805386
MS,CSF_8,CGCTGGATCAGCACAT-1,CSF,-0.09834107806026707
MS,CSF_8,CGCTTCACAAATCCGT-1,CSF,0.3311422286071556
MS,CSF_8,CGCTTCACAGAGTGTG-1,CSF,-0.09834107806026707
MS,CSF_8,CGGACACAGCAACGGT-1,CSF,-0.09834107806026707
MS,CSF_8,CGGACACGTGTCTGAT-1,CSF,-0.3169784422326346
MS,CSF_8,CGGACTGAGGCGATAC-1,CSF,0.7728619608313548
MS,CSF_8,CGGACTGTCAGCTTAG-1,CSF,-0.36835022562650505
MS,CSF_8,CGGACTGTCGCGATCG-1,CSF,0.09733955141920676
MS,CSF_8,CGGAGCTTCTACTCAT-1,CSF,0.17617762025385653
MS,CSF_8,CGTAGGCCAGATCTGT-1,CSF,-0.09834107806026707
MS,CSF_8,CGTCAGGCAGGTGGAT-1,CSF,-0.005281298929265765
MS,CSF_8,CGTCAGGGTGAGGGTT-1,CSF,0.4367527897442994
MS,CSF_8,CGTCTACCACATTCGA-1,CSF,-0.09834107806026707
MS,CSF_8,CGTGAGCAGCTGATAA-1,CSF,-0.09834107806026707
MS,CSF_8,CGTGTAAAGATATACG-1,CSF,0.10938410138468924
MS,CSF_8,CGTGTAAGTCGACTGC-1,CSF,0.20880458348595646
MS,CSF_8,CGTTAGACAGTACACT-1,CSF,0.14415154753592654
MS,CSF_8,CGTTCTGCATGTTGAC-1,CSF,-0.25152357139238996
MS,CSF_8,CGTTCTGGTAAGTAGT-1,CSF,-0.3096021583741238
MS,CSF_8,CGTTCTGGTGTTGGGA-1,CSF,-0.4915846837403464
MS,CSF_8,CTAACTTGTCAAGCGA-1,CSF,0.12404499905312398
MS,CSF_8,CTACGTCAGGTTCCTA-1,CSF,-0.14518274511809803
MS,CSF_8,CTAGCCTTCTGCTGCT-1,CSF,-0.419958899003665
MS,CSF_8,CTAGTGACAGGGATTG-1,CSF,-0.23177174630579073
MS,CSF_8,CTCAGAACAGTACACT-1,CSF,0.07691498473583247
MS,CSF_8,CTCCTAGCATGAAGTA-1,CSF,0.2726890497055263
MS,CSF_8,CTCCTAGGTCGCTTTC-1,CSF,0.16967955869629167
MS,CSF_8,CTCGAAACACGTCAGC-1,CSF,-0.09834107806026707
MS,CSF_8,CTCGAAACATGATCCA-1,CSF,-0.09834107806026707
MS,CSF_8,CTCGAGGCAAAGCGGT-1,CSF,-0.5458701722586266
MS,CSF_8,CTCGAGGCACTAGTAC-1,CSF,-0.28204155543227644
MS,CSF_8,CTCGGAGCAAGGACTG-1,CSF,-0.09834107806026707
MS,CSF_8,CTCGGAGTCTGGTATG-1,CSF,0.10715932466262792
MS,CSF_8,CTCGTACCAATAGAGT-1,CSF,-0.445815430318623
MS,CSF_8,CTCTAATGTATTCTCT-1,CSF,-0.6642236801416891
MS,CSF_8,CTCTACGCAGGTCCAC-1,CSF,-0.09834107806026707
MS,CSF_8,CTCTGGTCATTACGAC-1,CSF,0.23353338119374947
MS,CSF_8,CTCTGGTTCAGGTTCA-1,CSF,-0.3612149330925555
MS,CSF_8,CTGAAACCACGAGAGT-1,CSF,-0.09834107806026707
MS,CSF_8,CTGAAGTCAACGCACC-1,CSF,-0.09834107806026707
MS,CSF_8,CTGAAGTTCCGCAGTG-1,CSF,-0.09834107806026707
MS,CSF_8,CTGATAGTCGGCTTGG-1,CSF,-0.4429688184141044
MS,CSF_8,CTGCCTAGTACCGGCT-1,CSF,0.26712303070300086
MS,CSF_8,CTGCGGATCTGATTCT-1,CSF,-1.0853056695630035
MS,CSF_8,CTGGTCTGTTATCCGA-1,CSF,-0.09834107806026707
MS,CSF_8,CTGGTCTTCATCGGAT-1,CSF,-0.6178588883048394
MS,CSF_8,CTGTTTACAAAGTCAA-1,CSF,-0.09834107806026707
MS,CSF_8,GAAACTCTCCTCTAGC-1,CSF,0.11125764112882626
MS,CSF_8,GAACATCGTTTCCACC-1,CSF,0.03909568031935046
MS,CSF_8,GAACCTAAGGCAATTA-1,CSF,-0.09834107806026707
MS,CSF_8,GAACGGATCCCTAATT-1,CSF,-0.3149604626937381
MS,CSF_8,GAATAAGTCATGTGGT-1,CSF,-0.5823801830872356
MS,CSF_8,GAATGAAAGTTAGGTA-1,CSF,-0.5544337838108973
MS,CSF_8,GACACGCCAAGGGTCA-1,CSF,-0.09834107806026707
MS,CSF_8,GACCAATAGCAGGTCA-1,CSF,0.005278087151888441
MS,CSF_8,GACCTGGAGGCTATCT-1,CSF,0.3774360915669102
MS,CSF_8,GACGGCTGTCGCGTGT-1,CSF,-0.3443231603289517
MS,CSF_8,GACTAACGTGCAACGA-1,CSF,-0.0008965625410157615
MS,CSF_8,GAGGTGACAGAGCCAA-1,CSF,-0.23909970679298015
MS,CSF_8,GAGTCCGAGATCCCGC-1,CSF,0.5072143725477968
MS,CSF_8,GATCGATGTCTTGATG-1,CSF,0.009463676923312831
MS,CSF_8,GATCGCGAGAACAACT-1,CSF,-0.00571157069442401
MS,CSF_8,GATCGCGAGCTTATCG-1,CSF,-0.09834107806026707
MS,CSF_8,GATCGTATCGGCGCAT-1,CSF,0.079346411868446
MS,CSF_8,GATGAAATCACGATGT-1,CSF,0.144778570171227
MS,CSF_8,GATGAGGCACATGGGA-1,CSF,-0.09834107806026707
MS,CSF_8,GATGAGGGTTCCACTC-1,CSF,0.3141322187339161
MS,CSF_8,GATTCAGGTTCCAACA-1,CSF,0.2988524840313501
MS,CSF_8,GATTCAGTCCTTTCTC-1,CSF,-0.09834107806026707
MS,CSF_8,GCAAACTAGGGTGTGT-1,CSF,-0.09834107806026707
MS,CSF_8,GCAAACTGTATAGGGC-1,CSF,-0.09834107806026707
MS,CSF_8,GCAGTTAAGTGACTCT-1,CSF,-0.5251332524741152
MS,CSF_8,GCATGCGGTAAAGTCA-1,CSF,0.30196537108556737
MS,CSF_8,GCGAGAATCTTTAGTC-1,CSF,-0.3398321767320945
MS,CSF_8,GCGGGTTTCTTGAGAC-1,CSF,-0.09834107806026707
MS,CSF_8,GCTGCAGAGTCCAGGA-1,CSF,-0.09834107806026707
MS,CSF_8,GCTGCAGGTAATAGCA-1,CSF,-0.09834107806026707
MS,CSF_8,GCTGCGACAAGGCTCC-1,CSF,-0.2928811176517816
MS,CSF_8,GCTGCGATCAGCTCGG-1,CSF,-0.29661849310696453
MS,CSF_8,GCTGCGATCTTCAACT-1,CSF,0.21684026880558313
MS,CSF_8,GCTGCTTGTCCGAGTC-1,CSF,0.0748038999250084
MS,CSF_8,GCTGGGTGTTGTTTGG-1,CSF,-0.09834107806026707
MS,CSF_8,GCTTCCACAGTATAAG-1,CSF,-0.09834107806026707
MS,CSF_8,GGAACTTAGGCAATTA-1,CSF,0.2138912604037959
MS,CSF_8,GGACAAGGTCATGCAT-1,CSF,-0.09834107806026707
MS,CSF_8,GGACAAGTCACAACGT-1,CSF,-0.32494857383780956
MS,CSF_8,GGACATTAGAAGGTTT-1,CSF,-0.09834107806026707
MS,CSF_8,GGACATTCATTGTGCA-1,CSF,-0.09834107806026707
MS,CSF_8,GGAGCAAGTGCCTTGG-1,CSF,-0.09834107806026707
MS,CSF_8,GGATTACCATCACGAT-1,CSF,0.03334683461441782
MS,CSF_8,GGCAATTGTTACGGAG-1,CSF,-0.09834107806026707
MS,CSF_8,GGCTGGTGTACAGACG-1,CSF,-0.23066789573286497
MS,CSF_8,GGCTGGTTCTGTTGAG-1,CSF,-0.4192380837701405
MS,CSF_8,GGGAGATTCTACCTGC-1,CSF,-0.12610417601473412
MS,CSF_8,GGGCACTCATCTATGG-1,CSF,-0.09834107806026707
MS,CSF_8,GGGCATCGTTCAGACT-1,CSF,-0.28691401524545906
MS,CSF_8,GGGTTGCCACCCATTC-1,CSF,-0.10841005532546277
MS,CSF_8,GGTATTGGTGTTGAGG-1,CSF,-0.09834107806026707
MS,CSF_8,GGTGAAGCAATAACGA-1,CSF,-0.39807111927546657
MS,CSF_8,GTACTTTGTGACCAAG-1,CSF,-0.21704927252586065
MS,CSF_8,GTCACAATCCTTTCGG-1,CSF,-0.09834107806026707
MS,CSF_8,GTCACAATCGCGCCAA-1,CSF,-0.09834107806026707
MS,CSF_8,GTCCTCAAGATTACCC-1,CSF,0.13880983179161555
MS,CSF_8,GTCCTCAAGGCTCAGA-1,CSF,-0.3043719679975786
MS,CSF_8,GTCCTCATCAGTCCCT-1,CSF,-0.09834107806026707
MS,CSF_8,GTCCTCATCTGCTGTC-1,CSF,-0.06275946764337258
MS,CSF_8,GTCGGGTAGTGGTAGC-1,CSF,-0.49018632703418163
MS,CSF_8,GTCGTAACAGGATCGA-1,CSF,0.24842870785418122
MS,CSF_8,GTGCATATCATGCAAC-1,CSF,-0.34129408999104566
MS,CSF_8,GTGCGGTAGATATGGT-1,CSF,0.18772924563606966
MS,CSF_8,GTGCGGTGTTGCTCCT-1,CSF,-0.09834107806026707
MS,CSF_8,GTTACAGTCCAGTATG-1,CSF,-0.29552756218030524
MS,CSF_8,GTTCATTCACCAGGCT-1,CSF,-0.09834107806026707
MS,CSF_8,TAAACCGAGTGAACAT-1,CSF,-0.27403206809128083
MS,CSF_8,TAAACCGCACGCTTTC-1,CSF,-0.06642588432798936
MS,CSF_8,TAAACCGGTGTGGTTT-1,CSF,0.07698402236477027
MS,CSF_8,TAAACCGGTTTGACTG-1,CSF,0.24298878857603698
MS,CSF_8,TAAGAGAAGGTTACCT-1,CSF,-0.4929069194636409
MS,CSF_8,TAAGAGAGTTAGGGTG-1,CSF,0.3477034619822573
MS,CSF_8,TAAGCGTAGGCAATTA-1,CSF,-0.09834107806026707
MS,CSF_8,TAAGCGTTCTTCTGGC-1,CSF,-0.3339576833303382
MS,CSF_8,TACACGAAGTTGTCGT-1,CSF,-0.28789201010508325
MS,CSF_8,TACACGAGTGAGGCTA-1,CSF,0.3253294667767337
MS,CSF_8,TACACGAGTTGCGTTA-1,CSF,-0.26298012394940934
MS,CSF_8,TACAGTGAGTGTTAGA-1,CSF,-0.04614134418851786
MS,CSF_8,TACAGTGCATTACCTT-1,CSF,0.19356321540028962
MS,CSF_8,TACCTATCAGCGTTCG-1,CSF,-0.09834107806026707
MS,CSF_8,TACCTTACAAGCCTAT-1,CSF,-0.09834107806026707
MS,CSF_8,TACCTTAGTAAAGGAG-1,CSF,0.5958569825067587
MS,CSF_8,TACCTTATCACTTACT-1,CSF,-0.09834107806026707
MS,CSF_8,TACGGATGTCTGATCA-1,CSF,0.25535640027070844
MS,CSF_8,TACGGGCAGGTGCTTT-1,CSF,-0.489418780926166
MS,CSF_8,TACGGGCTCAGCACAT-1,CSF,-0.09834107806026707
MS,CSF_8,TACTCATAGCTGGAAC-1,CSF,-0.3364707023611015
MS,CSF_8,TACTTACCAATAAGCA-1,CSF,0.055231482865642514
MS,CSF_8,TAGACCAGTCATCGGC-1,CSF,0.16365482107367432
MS,CSF_8,TAGAGCTAGGAGTAGA-1,CSF,-0.09834107806026707
MS,CSF_8,TAGTGGTCAGCTTAAC-1,CSF,-0.0025428486617949625
MS,CSF_8,TAGTGGTCATGCCACG-1,CSF,-0.2695027791504003
MS,CSF_8,TAGTTGGCAACTGCTA-1,CSF,0.12315121663262667
MS,CSF_8,TAGTTGGGTCTCTTAT-1,CSF,-0.09834107806026707
MS,CSF_8,TCAATCTAGGCTAGCA-1,CSF,0.21720032102491377
MS,CSF_8,TCACAAGCACTGTTAG-1,CSF,-0.09834107806026707
MS,CSF_8,TCAGGATGTCTCTCTG-1,CSF,0.5719528985543915
MS,CSF_8,TCAGGTAAGATATGCA-1,CSF,0.21937953873728544
MS,CSF_8,TCATTACCACCGTTGG-1,CSF,-0.501509505002551
MS,CSF_8,TCCACACTCCACGACG-1,CSF,-0.09834107806026707
MS,CSF_8,TCCACACTCGCCCTTA-1,CSF,-0.11544716367744305
MS,CSF_8,TCCCGATCAAGCCCAC-1,CSF,-0.09834107806026707
MS,CSF_8,TCGAGGCCATTAGCCA-1,CSF,0.3553867979062625
MS,CSF_8,TCGCGAGAGGCAGTCA-1,CSF,-0.09834107806026707
MS,CSF_8,TCGTACCGTAGCGATG-1,CSF,0.7647648707826974
MS,CSF_8,TCTCATAGTACTCAAC-1,CSF,-0.11985323566786375
MS,CSF_8,TCTCATAGTTGGTAAA-1,CSF,0.11887934259964747
MS,CSF_8,TCTCTAACACAACGTT-1,CSF,-0.09834107806026707
MS,CSF_8,TCTCTAACAGGTGGAT-1,CSF,-0.1758684666140325
MS,CSF_8,TCTGGAATCGCAAGCC-1,CSF,-0.09834107806026707
MS,CSF_8,TCTTCGGGTCAAAGAT-1,CSF,0.00449696932791231
MS,CSF_8,TGACGGCCAACACCCG-1,CSF,-0.09834107806026707
MS,CSF_8,TGACGGCGTCGCATCG-1,CSF,-0.30421843198464665
MS,CSF_8,TGACGGCTCCTTTACA-1,CSF,-0.27352524688462304
MS,CSF_8,TGACTTTCAATCCGAT-1,CSF,-0.09834107806026707
MS,CSF_8,TGACTTTGTAGCTTGT-1,CSF,0.021612484065959867
MS,CSF_8,TGACTTTGTATAGTAG-1,CSF,-0.5372931251825018
MS,CSF_8,TGAGCCGGTACTTAGC-1,CSF,0.21074084898419346
MS,CSF_8,TGAGGGATCAGGATCT-1,CSF,-0.09834107806026707
MS,CSF_8,TGCACCTCACCACCAG-1,CSF,-0.33884721608862645
MS,CSF_8,TGCGCAGTCATTATCC-1,CSF,-0.08077907260679372
MS,CSF_8,TGCTACCTCGCCTGTT-1,CSF,0.1922429188133421
MS,CSF_8,TGCTGCTCAGCTGCAC-1,CSF,-0.09834107806026707
MS,CSF_8,TGGCGCAGTAAGTGTA-1,CSF,-0.09834107806026707
MS,CSF_8,TGGTTAGAGAGGTTAT-1,CSF,0.31038929632143536
MS,CSF_8,TGTATTCGTCTGGTCG-1,CSF,0.4414743009725393
MS,CSF_8,TGTCCCACAAGCCGTC-1,CSF,-0.43109395111667465
MS,CSF_8,TGTGTTTAGAGGTTGC-1,CSF,-0.09834107806026707
MS,CSF_8,TGTGTTTGTAGCGCAA-1,CSF,-0.23076118197990655
MS,CSF_8,TTAGGACCATTTCACT-1,CSF,0.3511449657868139
MS,CSF_8,TTAGTTCTCAACACTG-1,CSF,-0.4686848857426095
MS,CSF_8,TTCGGTCTCTCTGTCG-1,CSF,0.3949634099558716
MS,CSF_8,TTCTCCTTCAGTCCCT-1,CSF,-0.09834107806026707
MS,CSF_8,TTCTCCTTCCAGGGCT-1,CSF,-0.09834107806026707
MS,CSF_8,TTCTTAGAGAAACCGC-1,CSF,-0.23733786346412625
MS,CSF_8,TTGAACGGTCCTCCAT-1,CSF,-0.09834107806026707
MS,CSF_8,TTGACTTGTGCCTGCA-1,CSF,0.4032103723853229
MS,CSF_8,TTGCCGTAGGCTAGCA-1,CSF,-0.3480538100683372
MS,CSF_8,TTGGAACAGCACACAG-1,CSF,-0.22302204841528553
MS,CSF_8,TTGTAGGAGAAACCAT-1,CSF,-0.09834107806026707
MS,CSF_8,TTGTAGGTCCGCATAA-1,CSF,0.3214441525562613
MS,CSF_8,TTTATGCCACCGATAT-1,CSF,-0.09834107806026707
MS,CSF_8,TTTCCTCTCCGCGGTA-1,CSF,-0.09834107806026707
MS,CSF_8,TTTGCGCGTATAGTAG-1,CSF,-0.23555895536925484
MS,CSF_9,AAACCTGCAGTGAGTG-1,CSF,-0.42221049475388245
MS,CSF_9,AAAGATGAGTACGTTC-1,CSF,-0.09834107806026707
MS,CSF_9,AAAGATGCAGATGGCA-1,CSF,-0.09834107806026707
MS,CSF_9,AAAGTAGCACACAGAG-1,CSF,-0.3606080371055075
MS,CSF_9,AACCGCGAGCAATATG-1,CSF,0.11480704816900285
MS,CSF_9,AACCGCGGTTAAGTAG-1,CSF,0.3671212416269299
MS,CSF_9,AACTCTTTCTATCCCG-1,CSF,-0.01062129404993988
MS,CSF_9,AACTTTCCAGACTCGC-1,CSF,0.08297190720711388
MS,CSF_9,AAGGCAGTCTTGAGAC-1,CSF,0.39349763182392994
MS,CSF_9,AAGGTTCAGAGTACAT-1,CSF,0.12783693034342716
MS,CSF_9,AAGTCTGTCGGATGGA-1,CSF,-1.134782277983856
MS,CSF_9,ACACCGGAGCGAGAAA-1,CSF,0.014116044064223466
MS,CSF_9,ACAGCCGAGACTCGGA-1,CSF,-0.45294894206687736
MS,CSF_9,ACAGCCGGTGAGGGAG-1,CSF,-0.09834107806026707
MS,CSF_9,ACAGCCGTCAGAGCTT-1,CSF,0.21117483323862454
MS,CSF_9,ACATCAGAGCTCAACT-1,CSF,-0.3825958956018489
MS,CSF_9,ACATCAGTCGAATGCT-1,CSF,-0.4475150174631826
MS,CSF_9,ACCCACTCATTACGAC-1,CSF,-0.2993631018755472
MS,CSF_9,ACCGTAAGTTGCGTTA-1,CSF,0.04330205452003662
MS,CSF_9,ACCTTTATCTTTAGGG-1,CSF,0.19108537926223268
MS,CSF_9,ACGCAGCAGTGGGTTG-1,CSF,0.10459331634883363
MS,CSF_9,ACGCCGACATTCACTT-1,CSF,0.17928583287944275
MS,CSF_9,ACGGAGAGTGAAATCA-1,CSF,0.228618333453145
MS,CSF_9,ACGGAGATCCTTGGTC-1,CSF,-0.48602260522288177
MS,CSF_9,ACGGCCAAGGCATTGG-1,CSF,-0.011752626267253898
MS,CSF_9,ACTATCTCACCAGGTC-1,CSF,0.07594735701484454
MS,CSF_9,ACTATCTGTCTAGCGC-1,CSF,-0.16907378879044158
MS,CSF_9,ACTGAGTAGTTCCACA-1,CSF,0.15064265090084827
MS,CSF_9,ACTGATGAGCGTTGCC-1,CSF,-0.09834107806026707
MS,CSF_9,ACTGATGTCACTGGGC-1,CSF,-0.09834107806026707
MS,CSF_9,ACTGCTCAGACCCACC-1,CSF,0.18778349067739072
MS,CSF_9,ACTTTCACATCGACGC-1,CSF,0.07105720214520987
MS,CSF_9,ACTTTCATCTAACTCT-1,CSF,-0.09834107806026707
MS,CSF_9,AGAATAGTCACGCGGT-1,CSF,0.21549601396746193
MS,CSF_9,AGACGTTCAAGGTTTC-1,CSF,0.3651265166629033
MS,CSF_9,AGACGTTGTCTGCCAG-1,CSF,-0.2495181683776781
MS,CSF_9,AGAGCGATCCAACCAA-1,CSF,0.08427443926109515
MS,CSF_9,AGAGTGGAGATAGCAT-1,CSF,-0.6419852048229915
MS,CSF_9,AGAGTGGCAGGGCATA-1,CSF,-0.5572139528795409
MS,CSF_9,AGATCTGAGAGGTAGA-1,CSF,-0.09834107806026707
MS,CSF_9,AGATCTGTCACAATGC-1,CSF,0.11765083961636978
MS,CSF_9,AGATTGCTCCGGGTGT-1,CSF,0.6461322613597255
MS,CSF_9,AGCGTATAGGCGCTCT-1,CSF,0.08031880673314191
MS,CSF_9,AGCGTATGTCGGGTCT-1,CSF,-0.3037311247780856
MS,CSF_9,AGCGTCGCACTATCTT-1,CSF,-0.09834107806026707
MS,CSF_9,AGCTTGACACTTCTGC-1,CSF,0.31788692912089556
MS,CSF_9,AGGCCGTCAAACCTAC-1,CSF,-0.014836243699361635
MS,CSF_9,AGGGAGTTCCTGCAGG-1,CSF,-0.0827253502206826
MS,CSF_9,AGGTCCGAGCCTCGTG-1,CSF,-0.3816024657473739
MS,CSF_9,AGTCTTTTCGAATGGG-1,CSF,0.23672266059351088
MS,CSF_9,AGTGGGATCTGATACG-1,CSF,0.29560581832153626
MS,CSF_9,AGTGTCAAGAGTAAGG-1,CSF,-0.09834107806026707
MS,CSF_9,AGTTGGTCAGACAAAT-1,CSF,0.11256223666295959
MS,CSF_9,ATAACGCAGAGCTGGT-1,CSF,0.7586611406956097
MS,CSF_9,ATAAGAGAGCAGCCTC-1,CSF,-0.09834107806026707
MS,CSF_9,ATCATGGAGAAGGACA-1,CSF,-0.03167951974033413
MS,CSF_9,ATCATGGGTGTAATGA-1,CSF,-0.09834107806026707
MS,CSF_9,ATCCGAACATCGGTTA-1,CSF,0.2104886499468571
MS,CSF_9,ATCCGAAGTCTGCGGT-1,CSF,0.05691281331930665
MS,CSF_9,ATCCGAATCTGAAAGA-1,CSF,-0.19934658186397552
MS,CSF_9,ATCGAGTAGGGTTTCT-1,CSF,-0.09834107806026707
MS,CSF_9,ATGAGGGCACAACTGT-1,CSF,0.4345847745393753
MS,CSF_9,ATGGGAGCACCACCAG-1,CSF,-0.2506563976472889
MS,CSF_9,ATGGGAGTCTGCAAGT-1,CSF,0.29162050393114836
MS,CSF_9,ATTATCCAGACTTTCG-1,CSF,0.2475334156761236
MS,CSF_9,ATTATCCGTCCGTCAG-1,CSF,-0.2964105983132708
MS,CSF_9,ATTCTACAGCATGGCA-1,CSF,0.2445088072322403
MS,CSF_9,ATTCTACGTATAGGGC-1,CSF,-0.23376645171903984
MS,CSF_9,ATTCTACGTGCAACTT-1,CSF,-0.09834107806026707
MS,CSF_9,ATTGGACGTCATATGC-1,CSF,0.11928672164738947
MS,CSF_9,ATTGGACTCAGCTTAG-1,CSF,0.4178472595766554
MS,CSF_9,ATTGGACTCCGAGCCA-1,CSF,-0.09834107806026707
MS,CSF_9,ATTTCTGAGAATGTGT-1,CSF,0.3672453968783286
MS,CSF_9,ATTTCTGTCGACGGAA-1,CSF,-0.1204444136688976
MS,CSF_9,CAACCTCCACGAAATA-1,CSF,0.25248252181418934
MS,CSF_9,CAACTAGAGTTACCCA-1,CSF,0.026657131164473807
MS,CSF_9,CAAGATCAGGGTCTCC-1,CSF,-0.09834107806026707
MS,CSF_9,CAAGATCGTACAGTGG-1,CSF,-0.6445932915161736
MS,CSF_9,CAAGATCGTTAAGGGC-1,CSF,0.22461354531019517
MS,CSF_9,CAAGGCCCAGGAATCG-1,CSF,-0.09834107806026707
MS,CSF_9,CAAGTTGAGAGTGACC-1,CSF,-0.2335923465684975
MS,CSF_9,CACACAACATTGTGCA-1,CSF,-0.3565111272103249
MS,CSF_9,CACACTCAGATGTCGG-1,CSF,0.2018220515834617
MS,CSF_9,CACAGTAGTCCATGAT-1,CSF,-0.09834107806026707
MS,CSF_9,CACATAGCATGGGACA-1,CSF,0.052538068653696146
MS,CSF_9,CACATTTGTGCCTGTG-1,CSF,-0.288966793112094
MS,CSF_9,CACATTTTCCATGAAC-1,CSF,-0.31221797787361744
MS,CSF_9,CACCAGGAGCCCAATT-1,CSF,-0.10415926263924938
MS,CSF_9,CACCTTGTCAGAGACG-1,CSF,0.40135291862921424
MS,CSF_9,CACTCCAAGTCGCCGT-1,CSF,-0.1747623884984795
MS,CSF_9,CAGAATCCAATGCCAT-1,CSF,-0.09834107806026707
MS,CSF_9,CAGAATCGTCGACTGC-1,CSF,-0.38722771457734034
MS,CSF_9,CAGAGAGAGCCATCGC-1,CSF,0.21876131076181463
MS,CSF_9,CAGAGAGGTGTGACCC-1,CSF,-0.2804190555807349
MS,CSF_9,CAGATCAAGGTCATCT-1,CSF,-0.4744276618301564
MS,CSF_9,CAGCATAGTAGATTAG-1,CSF,0.16326805010423479
MS,CSF_9,CAGCTAAAGGTGATTA-1,CSF,-0.11123435643165795
MS,CSF_9,CAGCTGGAGTAATCCC-1,CSF,-0.3141911468789759
MS,CSF_9,CAGTAACGTAAATGAC-1,CSF,0.16539635292217567
MS,CSF_9,CAGTCCTCACGCCAGT-1,CSF,0.14075876997279138
MS,CSF_9,CATATGGTCGGCCGAT-1,CSF,-0.09834107806026707
MS,CSF_9,CATATTCAGCCACCTG-1,CSF,-0.09834107806026707
MS,CSF_9,CATATTCCATACTCTT-1,CSF,0.25927011221679225
MS,CSF_9,CATATTCTCATAAAGG-1,CSF,0.324333621665886
MS,CSF_9,CATCGGGAGATAGCAT-1,CSF,-0.3027598398617929
MS,CSF_9,CATTCGCTCCTTGGTC-1,CSF,-0.09834107806026707
MS,CSF_9,CCAGCGATCTTCCTTC-1,CSF,0.006078559641670938
MS,CSF_9,CCCAATCGTTCCGGCA-1,CSF,-0.09834107806026707
MS,CSF_9,CCCAGTTCACCTCGTT-1,CSF,-0.2598992656257938
MS,CSF_9,CCGGGATCAACTTGAC-1,CSF,0.9625991820671087
MS,CSF_9,CCGTACTCACCCAGTG-1,CSF,0.49253265115881145
MS,CSF_9,CCGTTCAGTGCCTGCA-1,CSF,-0.02215333214657466
MS,CSF_9,CCTACCAAGCGCTTAT-1,CSF,0.14318529011985406
MS,CSF_9,CCTAGCTGTCTCTTTA-1,CSF,0.007530427453169072
MS,CSF_9,CCTAGCTTCTGGCGTG-1,CSF,-0.09834107806026707
MS,CSF_9,CCTCTGATCGGCGCAT-1,CSF,1.1156718496874858
MS,CSF_9,CCTTACGCACAGACAG-1,CSF,0.13857197924074463
MS,CSF_9,CCTTCGATCTGTCAAG-1,CSF,0.23240699437618825
MS,CSF_9,CCTTTCTGTACATGTC-1,CSF,0.13029591332489304
MS,CSF_9,CGAACATCATATACGC-1,CSF,-0.19550699802537203
MS,CSF_9,CGAACATTCCTACAGA-1,CSF,0.2456444640663001
MS,CSF_9,CGAATGTTCACTCTTA-1,CSF,0.2813365957998181
MS,CSF_9,CGAATGTTCAGATAAG-1,CSF,-0.18072510840712172
MS,CSF_9,CGACCTTAGGTGTGGT-1,CSF,0.20931772676684698
MS,CSF_9,CGACCTTTCGTTTGCC-1,CSF,-0.09834107806026707
MS,CSF_9,CGAGCCACAAGTCTAC-1,CSF,0.18541441685055848
MS,CSF_9,CGATGGCGTATCACCA-1,CSF,0.028239759358838108
MS,CSF_9,CGCCAAGTCCAAACTG-1,CSF,-0.24354939141326273
MS,CSF_9,CGCGGTAAGCTCAACT-1,CSF,0.10603271254416599
MS,CSF_9,CGCTGGACAGGGCATA-1,CSF,-0.09834107806026707
MS,CSF_9,CGCTTCACAACTGCGC-1,CSF,0.29445627422703424
MS,CSF_9,CGCTTCATCCTGCAGG-1,CSF,-0.4287586001473954
MS,CSF_9,CGCTTCATCGTGGGAA-1,CSF,-0.021200155151940053
MS,CSF_9,CGGAGTCAGCTAAACA-1,CSF,-0.03776665216752941
MS,CSF_9,CGGCTAGTCTGCGACG-1,CSF,0.37020858914560967
MS,CSF_9,CGTAGCGCAGGTGCCT-1,CSF,-0.3195890414739252
MS,CSF_9,CGTAGGCGTGTCTGAT-1,CSF,-0.09834107806026707
MS,CSF_9,CGTCCATAGTTTGCGT-1,CSF,0.27895006977252534
MS,CSF_9,CGTCTACGTAGAGCTG-1,CSF,-0.09834107806026707
MS,CSF_9,CGTGTAACACATGGGA-1,CSF,0.23673472372936114
MS,CSF_9,CGTGTCTCATACAGCT-1,CSF,-0.7484901619708705
MS,CSF_9,CGTTCTGCATTCACTT-1,CSF,-0.029966345836954535
MS,CSF_9,CGTTCTGTCATTTGGG-1,CSF,-0.2962275876433972
MS,CSF_9,CGTTGGGTCGGATGGA-1,CSF,-0.03793617056804771
MS,CSF_9,CTACGTCAGCTGCCCA-1,CSF,0.03512011310670341
MS,CSF_9,CTCAGAATCTGGGCCA-1,CSF,0.32985834807873243
MS,CSF_9,CTCCTAGAGTACGCCC-1,CSF,0.17064965366022458
MS,CSF_9,CTCGGAGGTATGCTTG-1,CSF,0.46389933770943514
MS,CSF_9,CTCTAATAGCGATGAC-1,CSF,-0.09834107806026707
MS,CSF_9,CTCTGGTAGGTGGGTT-1,CSF,0.3524687961267479
MS,CSF_9,CTCTGGTAGTGCCAGA-1,CSF,0.1390582499412483
MS,CSF_9,CTGAAACAGCGTTCCG-1,CSF,-0.09834107806026707
MS,CSF_9,CTGAAACAGGCTATCT-1,CSF,0.6261450067932044
MS,CSF_9,CTGAAACTCTAACTGG-1,CSF,0.32435939220192306
MS,CSF_9,CTGATAGGTTGGTAAA-1,CSF,-0.09834107806026707
MS,CSF_9,CTGCCTAAGGTGATAT-1,CSF,-0.6433471491321072
MS,CSF_9,CTTAACTCACAGAGGT-1,CSF,-0.09834107806026707
MS,CSF_9,CTTCTCTGTACTCGCG-1,CSF,-0.36119089205565497
MS,CSF_9,CTTCTCTTCTGTCAAG-1,CSF,-0.09834107806026707
MS,CSF_9,CTTGGCTTCAGGTAAA-1,CSF,-0.09834107806026707
MS,CSF_9,CTTTGCGCATATACGC-1,CSF,-0.23378825148881494
MS,CSF_9,CTTTGCGGTGACTCAT-1,CSF,-0.05838763839957723
MS,CSF_9,GAAACTCGTCCATCCT-1,CSF,0.2474748016869413
MS,CSF_9,GAAATGAAGCACCGTC-1,CSF,-0.44074100307388
MS,CSF_9,GAAATGAGTCTCTTAT-1,CSF,0.12644894028276363
MS,CSF_9,GAATAAGCATGTCTCC-1,CSF,-0.09834107806026707
MS,CSF_9,GACGCGTCAAACCTAC-1,CSF,-0.3966269528428071
MS,CSF_9,GACGCGTTCAAGGCTT-1,CSF,-0.09834107806026707
MS,CSF_9,GACGGCTAGACACTAA-1,CSF,-0.7018073670022215
MS,CSF_9,GACGGCTAGTGGGATC-1,CSF,-0.2510885019010886
MS,CSF_9,GACGTGCGTATTAGCC-1,CSF,-0.23587434881261357
MS,CSF_9,GACGTTACAAACCTAC-1,CSF,-0.204022849533287
MS,CSF_9,GACTAACCAGGAATGC-1,CSF,0.3358843632230632
MS,CSF_9,GACTACAAGTACGATA-1,CSF,-0.2838041991112404
MS,CSF_9,GAGGTGAAGCCATCGC-1,CSF,0.11834007679155605
MS,CSF_9,GAGTCCGCACAGACAG-1,CSF,-0.09834107806026707
MS,CSF_9,GAGTCCGGTGTTCGAT-1,CSF,0.14300980959588966
MS,CSF_9,GATCGTAAGCCACCTG-1,CSF,0.29631381729851874
MS,CSF_9,GATGCTACACTTGGAT-1,CSF,0.15110394458274054
MS,CSF_9,GATTCAGAGGGATGGG-1,CSF,-0.09834107806026707
MS,CSF_9,GCAAACTGTGGCAAAC-1,CSF,0.34894988674824046
MS,CSF_9,GCAAACTTCGCGTAGC-1,CSF,-0.3889355955757456
MS,CSF_9,GCACATATCCTCAATT-1,CSF,0.34663335643437776
MS,CSF_9,GCAGTTATCGTGTAGT-1,CSF,-0.09834107806026707
MS,CSF_9,GCATACAAGTGTTAGA-1,CSF,0.3592992033804527
MS,CSF_9,GCATACAAGTTCCACA-1,CSF,0.11486557744209384
MS,CSF_9,GCCAAATTCTTGCATT-1,CSF,-0.09834107806026707
MS,CSF_9,GCGACCACAAACCCAT-1,CSF,-0.12744895527707273
MS,CSF_9,GCGACCAGTAGCGTCC-1,CSF,-0.21913868899690161
MS,CSF_9,GCGCAACAGATGGCGT-1,CSF,-0.14353931681285886
MS,CSF_9,GCGCAACTCGCATGAT-1,CSF,0.6005915136817235
MS,CSF_9,GCTCCTATCTCACATT-1,CSF,-0.026849969829284243
MS,CSF_9,GCTGCAGGTCGGCACT-1,CSF,-0.09834107806026707
MS,CSF_9,GCTGCTTAGAGACTTA-1,CSF,0.028130709592567867
MS,CSF_9,GCTGCTTAGGACATTA-1,CSF,0.1636726592620712
MS,CSF_9,GCTGCTTTCACAGGCC-1,CSF,0.3567486046220764
MS,CSF_9,GCTTCCAAGTACGCGA-1,CSF,0.11876349449962173
MS,CSF_9,GCTTCCACATGAACCT-1,CSF,0.6848370921424062
MS,CSF_9,GCTTCCATCCCTCAGT-1,CSF,0.07725241416904742
MS,CSF_9,GGAAAGCGTCATATCG-1,CSF,-0.40706688212822834
MS,CSF_9,GGAACTTCATCGGTTA-1,CSF,0.06054288110734975
MS,CSF_9,GGAACTTTCAATACCG-1,CSF,-0.09834107806026707
MS,CSF_9,GGAATAACACCTTGTC-1,CSF,0.2492466792117822
MS,CSF_9,GGAATAATCAAACGGG-1,CSF,0.25578362772143887
MS,CSF_9,GGACAGAGTCCAGTGC-1,CSF,0.5020637281312255
MS,CSF_9,GGACGTCAGCTAAGAT-1,CSF,0.9654415300336437
MS,CSF_9,GGACGTCAGTTTCCTT-1,CSF,-0.09834107806026707
MS,CSF_9,GGATTACCAAAGGAAG-1,CSF,-0.09834107806026707
MS,CSF_9,GGCCGATGTGACTACT-1,CSF,0.7092491037199949
MS,CSF_9,GGCTCGACAACAACCT-1,CSF,0.2690553716834107
MS,CSF_9,GGCTGGTCAACACCTA-1,CSF,-0.34622993264948754
MS,CSF_9,GGGATGAGTGATGTCT-1,CSF,-0.2379427953550782
MS,CSF_9,GGGCATCGTCCGTTAA-1,CSF,0.28955055955349185
MS,CSF_9,GGGCATCTCTGCCCTA-1,CSF,0.09880820216642341
MS,CSF_9,GGGTCTGCAAGCGAGT-1,CSF,0.08815097950918058
MS,CSF_9,GGGTTGCCATACGCCG-1,CSF,-0.6308702083223794
MS,CSF_9,GTAACTGAGGAATGGA-1,CSF,0.3220618452255869
MS,CSF_9,GTAACTGGTGCTGTAT-1,CSF,0.2848429831225535
MS,CSF_9,GTAGTCATCCACTCCA-1,CSF,-0.31962320413528394
MS,CSF_9,GTATTCTAGCCAGGAT-1,CSF,-0.1103703982820793
MS,CSF_9,GTATTCTTCTAAGCCA-1,CSF,1.4082255871119984
MS,CSF_9,GTCAAGTAGGCTAGGT-1,CSF,-0.3202922461018648
MS,CSF_9,GTCACAAAGCCACTAT-1,CSF,0.2895663310050035
MS,CSF_9,GTCACAACAGTAAGAT-1,CSF,-0.09834107806026707
MS,CSF_9,GTCATTTAGTATCGAA-1,CSF,0.582660057251808
MS,CSF_9,GTCATTTCAAGAAAGG-1,CSF,0.2836129809611972
MS,CSF_9,GTCGGGTAGCTGTCTA-1,CSF,0.16948560824172296
MS,CSF_9,GTCGGGTCAGGTGGAT-1,CSF,-0.09834107806026707
MS,CSF_9,GTCTTCGTCGCCATAA-1,CSF,-0.24751945765788103
MS,CSF_9,GTGCAGCCAGAGTGTG-1,CSF,-0.20650369306958022
MS,CSF_9,GTGGGTCAGAGGTACC-1,CSF,0.2075885510973521
MS,CSF_9,GTGTGCGGTGCCTGTG-1,CSF,-0.11252042431345467
MS,CSF_9,GTGTGCGGTGGCGAAT-1,CSF,0.08819643597917735
MS,CSF_9,GTTCATTGTTGTGGCC-1,CSF,-0.5761757561522965
MS,CSF_9,GTTTCTAGTATTAGCC-1,CSF,0.4468337673840859
MS,CSF_9,GTTTCTATCGTGTAGT-1,CSF,-0.3578328092100772
MS,CSF_9,TAAACCGGTCATCGGC-1,CSF,0.6906080880637545
MS,CSF_9,TACACGAAGTTAGCGG-1,CSF,-0.09834107806026707
MS,CSF_9,TACACGATCCGATATG-1,CSF,-0.25234365294665434
MS,CSF_9,TACCTTAAGACCTAGG-1,CSF,-0.22031090715487145
MS,CSF_9,TACGGTATCGCGTAGC-1,CSF,-0.09834107806026707
MS,CSF_9,TACTCATGTGCCTGGT-1,CSF,0.680836336348838
MS,CSF_9,TACTCATGTGGCGAAT-1,CSF,-0.09834107806026707
MS,CSF_9,TACTCGCAGGAATTAC-1,CSF,0.07757208054217384
MS,CSF_9,TACTTGTAGCCCGAAA-1,CSF,-0.09834107806026707
MS,CSF_9,TAGAGCTGTTCAGGCC-1,CSF,-0.09834107806026707
MS,CSF_9,TAGGCATAGAGCAATT-1,CSF,-0.09834107806026707
MS,CSF_9,TAGTTGGCACGCTTTC-1,CSF,0.07904534352049682
MS,CSF_9,TATCAGGGTTGTTTGG-1,CSF,-0.29641370611726775
MS,CSF_9,TATCTCAGTTATCCGA-1,CSF,-0.40465167113497424
MS,CSF_9,TATGCCCCAGGCGATA-1,CSF,-0.09834107806026707
MS,CSF_9,TATGCCCTCCCGACTT-1,CSF,0.08547692847679735
MS,CSF_9,TCAACGAAGTAAGTAC-1,CSF,-0.0397903373120558
MS,CSF_9,TCAACGACACACTGCG-1,CSF,0.19887341881556894
MS,CSF_9,TCACAAGTCGCCTGAG-1,CSF,-0.14289127786432423
MS,CSF_9,TCACGAATCGAACGGA-1,CSF,0.0331769347319383
MS,CSF_9,TCAGGATGTCAAAGCG-1,CSF,-0.5403179301106925
MS,CSF_9,TCCACACGTCAAGCGA-1,CSF,0.3200221598874278
MS,CSF_9,TCCACACGTCTAGTCA-1,CSF,-0.26570254065228316
MS,CSF_9,TCCCGATTCATCATTC-1,CSF,0.7682199785614473
MS,CSF_9,TCGAGGCTCACAGTAC-1,CSF,0.36110022964887084
MS,CSF_9,TCGGGACCAAGGGTCA-1,CSF,0.20665630791254105
MS,CSF_9,TCGGGACTCAGCTCTC-1,CSF,-0.015927732923362043
MS,CSF_9,TCGTACCGTTCTGTTT-1,CSF,-0.29329294994808325
MS,CSF_9,TCGTAGAAGAGGGCTT-1,CSF,0.011898432360180764
MS,CSF_9,TCGTAGAAGTAGGTGC-1,CSF,-0.01708628374311919
MS,CSF_9,TCTCATATCTTGCCGT-1,CSF,0.13936475777652282
MS,CSF_9,TCTGAGAAGGAGCGTT-1,CSF,0.7695480330234726
MS,CSF_9,TCTGAGATCAAGCCTA-1,CSF,-0.48250240990390025
MS,CSF_9,TCTTTCCAGTGCGATG-1,CSF,-0.8122237987930377
MS,CSF_9,TCTTTCCGTACAGTGG-1,CSF,-0.09834107806026707
MS,CSF_9,TGAAAGATCAATACCG-1,CSF,-0.09834107806026707
MS,CSF_9,TGAGGGACACCGGAAA-1,CSF,-0.264451186478199
MS,CSF_9,TGCACCTTCCGTACAA-1,CSF,-0.268077541614277
MS,CSF_9,TGCCCTATCCAACCAA-1,CSF,0.052801857927774476
MS,CSF_9,TGCGCAGGTCACCTAA-1,CSF,-0.37615713310830085
MS,CSF_9,TGCGCAGGTGGAAAGA-1,CSF,0.17366704773122774
MS,CSF_9,TGCGTGGAGACCACGA-1,CSF,0.15417050594930679
MS,CSF_9,TGCGTGGGTAGGAGTC-1,CSF,-0.5843797848420105
MS,CSF_9,TGGCCAGGTGAGGGAG-1,CSF,-0.5315897403027493
MS,CSF_9,TGGCGCACAAACGCGA-1,CSF,0.11267324384049696
MS,CSF_9,TGGGAAGAGGTGATAT-1,CSF,-0.0967106985766102
MS,CSF_9,TGGGCGTAGCTGCCCA-1,CSF,-0.23900442070251168
MS,CSF_9,TGGGCGTAGTAACCCT-1,CSF,-1.1137950665143923
MS,CSF_9,TGGTTAGCATCGGAAG-1,CSF,-0.09834107806026707
MS,CSF_9,TGTGTTTGTCCATGAT-1,CSF,0.12255464720418963
MS,CSF_9,TGTGTTTTCGTGTAGT-1,CSF,-0.09834107806026707
MS,CSF_9,TGTTCCGAGACACTAA-1,CSF,-0.6908083038442469
MS,CSF_9,TTAGTTCTCCTGCTTG-1,CSF,-0.13528770572709722
MS,CSF_9,TTCCCAGTCGCCCTTA-1,CSF,0.34164004385844265
MS,CSF_9,TTCGAAGAGGCCATAG-1,CSF,0.7599982783682705
MS,CSF_9,TTCGGTCAGATATGCA-1,CSF,0.2647997291641336
MS,CSF_9,TTCGGTCCACATTTCT-1,CSF,-0.22143885771583025
MS,CSF_9,TTCGGTCTCAAGGCTT-1,CSF,0.08384429571351361
MS,CSF_9,TTCTACAGTAGATTAG-1,CSF,1.6920709814653578
MS,CSF_9,TTGACTTGTCCATCCT-1,CSF,0.1458907320598503
MS,CSF_9,TTGCCGTAGACATAAC-1,CSF,-0.32232540188552106
MS,CSF_9,TTGCGTCAGATACACA-1,CSF,0.025291877937024514
MS,CSF_9,TTGCGTCAGCGTTGCC-1,CSF,-0.07775103129280415
MS,CSF_9,TTGGCAACAGCCTTGG-1,CSF,-0.2656185560984526
MS,CSF_9,TTGTAGGGTGATGATA-1,CSF,-0.4261041266310918
MS,CSF_9,TTTACTGCACCGTTGG-1,CSF,-0.24707894832376434
MS,CSF_9,TTTATGCTCCAATGGT-1,CSF,-0.437392518711726
MS,CSF_9,TTTGCGCGTTACGCGC-1,CSF,0.10912238188793323
MS,CSF_9,TTTGGTTCAGCGTAAG-1,CSF,0.0865072494063073
MS,CSF_10,AAACCTGAGCTGCAAG-1,CSF,-0.30757595498916085
MS,CSF_10,AAAGATGTCTCTTATG-1,CSF,-0.22814100940827559
MS,CSF_10,AAAGCAAGTCGAACAG-1,CSF,-0.2701924957373484
MS,CSF_10,AATCGGTCACACCGAC-1,CSF,-0.13091868683209174
MS,CSF_10,ACACCCTGTGTGGTTT-1,CSF,-0.9433956810358478
MS,CSF_10,ACAGCCGCAGAGCCAA-1,CSF,0.015377364617177544
MS,CSF_10,ACAGCTACACTGTTAG-1,CSF,-0.5744569249074628
MS,CSF_10,ACCAGTAGTTACCGAT-1,CSF,-0.22205602560659146
MS,CSF_10,ACCCACTCATACCATG-1,CSF,-0.09834107806026707
MS,CSF_10,ACCCACTGTGCTAGCC-1,CSF,-0.3273499385112468
MS,CSF_10,ACCTTTACACCACCAG-1,CSF,-0.5104339400795824
MS,CSF_10,ACCTTTATCAAACGGG-1,CSF,0.5204823616272763
MS,CSF_10,ACCTTTATCTGCAGTA-1,CSF,0.19765732067667535
MS,CSF_10,ACGATGTCAAGTTCTG-1,CSF,-0.09834107806026707
MS,CSF_10,ACGATGTGTAAACACA-1,CSF,0.08233313389363187
MS,CSF_10,ACTATCTAGTTGAGAT-1,CSF,1.1030489672241566
MS,CSF_10,ACTGAGTCAATGAAAC-1,CSF,0.4616809530118225
MS,CSF_10,AGCAGCCTCGGCTTGG-1,CSF,0.7105472654264219
MS,CSF_10,AGCTTGACACATTCGA-1,CSF,-0.18252113661863043
MS,CSF_10,AGTCTTTAGTTCGATC-1,CSF,-0.1170026762339141
MS,CSF_10,AGTGGGACACATTTCT-1,CSF,-0.09834107806026707
MS,CSF_10,AGTTGGTTCCTGTACC-1,CSF,0.07567795874868066
MS,CSF_10,ATAGACCTCCATGCTC-1,CSF,0.1654982372993686
MS,CSF_10,ATAGACCTCGTAGGAG-1,CSF,-0.09834107806026707
MS,CSF_10,ATGGGAGCAGAAGCAC-1,CSF,-0.22700552269034616
MS,CSF_10,ATGGGAGCAGCCTGTG-1,CSF,0.19942012128256545
MS,CSF_10,ATGTGTGTCATGTCTT-1,CSF,0.23647405642457048
MS,CSF_10,ATTATCCGTTCTGGTA-1,CSF,0.2372815356966753
MS,CSF_10,ATTCTACTCACATGCA-1,CSF,-0.08022115652734993
MS,CSF_10,CAACTAGGTGCAACTT-1,CSF,0.019476536377593105
MS,CSF_10,CAAGTTGAGTCATCCA-1,CSF,-0.2650201135881031
MS,CSF_10,CACAGGCAGGTGTGGT-1,CSF,0.205437177610641
MS,CSF_10,CACATAGAGCTATGCT-1,CSF,0.6675368423654048
MS,CSF_10,CAGAGAGGTTGTGGCC-1,CSF,-0.09834107806026707
MS,CSF_10,CAGCAGCAGGTGCTAG-1,CSF,-1.0456234644643156
MS,CSF_10,CAGCGACTCTCCCTGA-1,CSF,0.06298627818141843
MS,CSF_10,CAGCTGGTCACCAGGC-1,CSF,-0.09834107806026707
MS,CSF_10,CATATTCAGATCCTGT-1,CSF,-0.6133637129291953
MS,CSF_10,CATGACAGTTTGACAC-1,CSF,-0.2742562306701615
MS,CSF_10,CCAATCCTCGAATGGG-1,CSF,0.4918360644075411
MS,CSF_10,CCACGGAAGTGGACGT-1,CSF,0.2944671143813004
MS,CSF_10,CCAGCGAAGTCGTACT-1,CSF,0.5735310138731775
MS,CSF_10,CCCAGTTTCACAACGT-1,CSF,0.2362177944689104
MS,CSF_10,CCCTCCTAGTTCGCAT-1,CSF,0.4640049998935675
MS,CSF_10,CCGTGGATCGTGGACC-1,CSF,0.15813316581154788
MS,CSF_10,CCGTTCACAGGAATCG-1,CSF,-0.09834107806026707
MS,CSF_10,CCGTTCATCGCCAAAT-1,CSF,-0.5867416124615116
MS,CSF_10,CCTCAGTGTCCTAGCG-1,CSF,-0.37003521862136873
MS,CSF_10,CCTCTGACAAGGTTCT-1,CSF,-0.3921324983713144
MS,CSF_10,CGAGAAGAGCCCGAAA-1,CSF,-0.33510284917451194
MS,CSF_10,CGAGAAGCACACTGCG-1,CSF,-0.664327334573963
MS,CSF_10,CGAGCACTCAATAAGG-1,CSF,0.41194513305473224
MS,CSF_10,CGATTGACAGCTCGAC-1,CSF,-0.2889610778470367
MS,CSF_10,CGGTTAAAGGCTCTTA-1,CSF,0.005256386368103201
MS,CSF_10,CGTCAGGAGGCGTACA-1,CSF,-0.09834107806026707
MS,CSF_10,CGTCTACAGACTAGGC-1,CSF,-0.8839990386341897
MS,CSF_10,CGTGTAACATATACCG-1,CSF,-0.09834107806026707
MS,CSF_10,CTAATGGCACAGAGGT-1,CSF,0.16283869452942912
MS,CSF_10,CTACATTAGTTACCCA-1,CSF,-0.4213582678793036
MS,CSF_10,CTCACACAGGTGCTAG-1,CSF,-0.09834107806026707
MS,CSF_10,CTCCTAGTCGAGAACG-1,CSF,-0.09834107806026707
MS,CSF_10,CTCGAAAAGTGGACGT-1,CSF,-0.02537893978126812
MS,CSF_10,CTCGTCATCCCAAGAT-1,CSF,0.1220362237840811
MS,CSF_10,CTGAAGTCAAGCTGTT-1,CSF,-0.33581110371432493
MS,CSF_10,CTGCCTACATTAACCG-1,CSF,-0.0703963762237227
MS,CSF_10,CTGCTGTCACGGCCAT-1,CSF,0.29337378798632113
MS,CSF_10,CTTAGGAAGAGGTACC-1,CSF,-0.9331096296397225
MS,CSF_10,GAACATCCAGACTCGC-1,CSF,-0.32190448597408183
MS,CSF_10,GAACATCTCGCCGTGA-1,CSF,-0.24777329228482387
MS,CSF_10,GAAGCAGTCGCAAACT-1,CSF,0.5098129488790389
MS,CSF_10,GAATGAAGTAGTAGTA-1,CSF,-0.2145572649001176
MS,CSF_10,GACAGAGTCCAAACTG-1,CSF,-0.027142475272588618
MS,CSF_10,GACCAATAGCGACGTA-1,CSF,1.0387012010888061
MS,CSF_10,GACCAATCATGAGCGA-1,CSF,-0.01488213948219633
MS,CSF_10,GACCTGGAGAAGGACA-1,CSF,-0.2481660642132542
MS,CSF_10,GACGCGTGTGTCCTCT-1,CSF,0.08453626844158267
MS,CSF_10,GAGGTGATCCCGACTT-1,CSF,0.26409410618310464
MS,CSF_10,GATCGATTCTGTGCAA-1,CSF,0.22309763350119666
MS,CSF_10,GATCGTACACTTAACG-1,CSF,0.18876499218921
MS,CSF_10,GCAAACTGTCGGCATC-1,CSF,-0.7024672420559716
MS,CSF_10,GCAGTTACACCGATAT-1,CSF,-0.26046677512602096
MS,CSF_10,GCCTCTAGTTTAGCTG-1,CSF,-0.2537140380440634
MS,CSF_10,GCGAGAAAGGCAAAGA-1,CSF,0.32482160050217573
MS,CSF_10,GCGCAGTCATACGCTA-1,CSF,0.06604601141117712
MS,CSF_10,GCGCCAACATGAGCGA-1,CSF,-0.9382280235147377
MS,CSF_10,GCTGCAGCATGGAATA-1,CSF,-0.09834107806026707
MS,CSF_10,GCTGCGAAGCCTTGAT-1,CSF,0.16891193685091846
MS,CSF_10,GCTGGGTAGGTAAACT-1,CSF,-0.36267322114949335
MS,CSF_10,GGCAATTAGTTCGCAT-1,CSF,-0.09834107806026707
MS,CSF_10,GGCCGATTCCTCAATT-1,CSF,0.04249452543261832
MS,CSF_10,GGCGTGTAGCTACCTA-1,CSF,-0.09834107806026707
MS,CSF_10,GGCGTGTCAGCCTATA-1,CSF,-0.09834107806026707
MS,CSF_10,GGGATGAAGCTAAACA-1,CSF,-0.20954794388783113
MS,CSF_10,GGGTTGCTCATCGATG-1,CSF,-0.09834107806026707
MS,CSF_10,GGTGTTAGTTCCATGA-1,CSF,0.1528133323029362
MS,CSF_10,GTAGTCAAGCCCGAAA-1,CSF,-0.2798614906134244
MS,CSF_10,GTAGTCACACGGCGTT-1,CSF,0.2681788069428923
MS,CSF_10,GTAGTCATCCGAACGC-1,CSF,-0.4074754090261652
MS,CSF_10,GTAGTCATCGTACGGC-1,CSF,-0.14545856288551187
MS,CSF_10,GTATCTTGTCTAACGT-1,CSF,-0.2860829153256614
MS,CSF_10,GTCATTTAGAGCTATA-1,CSF,0.08729006129893357
MS,CSF_10,GTCGGGTGTTACGTCA-1,CSF,-0.24801324588389914
MS,CSF_10,GTGCATATCAGTCAGT-1,CSF,0.15440495174639207
MS,CSF_10,GTTACAGAGTCAATAG-1,CSF,-0.09834107806026707
MS,CSF_10,GTTTCTACAGTTTACG-1,CSF,-0.27649592260842387
MS,CSF_10,TACCTTAGTTAAAGAC-1,CSF,-0.31105689389854957
MS,CSF_10,TACGGTAAGACTAGAT-1,CSF,0.00873270365891903
MS,CSF_10,TACGGTACAAGTTGTC-1,CSF,0.28318918852246383
MS,CSF_10,TACTTACCAACACCCG-1,CSF,-0.5543390799636735
MS,CSF_10,TACTTACTCTCGGACG-1,CSF,-0.22335495950865
MS,CSF_10,TACTTGTTCATGCATG-1,CSF,-0.09834107806026707
MS,CSF_10,TAGCCGGTCAGTTGAC-1,CSF,0.6578479445958465
MS,CSF_10,TATCAGGAGCCCGAAA-1,CSF,0.312175262513047
MS,CSF_10,TATCAGGGTACTTAGC-1,CSF,0.09365273323365002
MS,CSF_10,TATGCCCCAATCCAAC-1,CSF,0.0002387214174321655
MS,CSF_10,TCACAAGCAACTGCGC-1,CSF,-0.09834107806026707
MS,CSF_10,TCAGATGGTAGCCTAT-1,CSF,-0.7837655102906881
MS,CSF_10,TCAGATGTCCCACTTG-1,CSF,0.35430444935914923
MS,CSF_10,TCAGCTCAGGGCTTCC-1,CSF,0.1350322106487814
MS,CSF_10,TCGAGGCAGCTGTTCA-1,CSF,-0.36877193368320954
MS,CSF_10,TCGAGGCTCTCTGTCG-1,CSF,0.2769628068789273
MS,CSF_10,TCGCGAGAGGCAAAGA-1,CSF,-0.37387413308649853
MS,CSF_10,TCGCGTTCAACTGCGC-1,CSF,-0.29218601389637533
MS,CSF_10,TGACGGCAGACAGGCT-1,CSF,0.5460451945256185
MS,CSF_10,TGACTAGAGTGATCGG-1,CSF,-0.09834107806026707
MS,CSF_10,TGAGCATAGACATAAC-1,CSF,-0.31336143036571207
MS,CSF_10,TGAGGGAGTCTCTTAT-1,CSF,-0.868386713092284
MS,CSF_10,TGCCCTAAGGTGTTAA-1,CSF,0.23333183327004073
MS,CSF_10,TGCCCTACAAAGCAAT-1,CSF,0.20886930214336957
MS,CSF_10,TGCGGGTAGGTGTTAA-1,CSF,-0.32276644964949774
MS,CSF_10,TGGACGCAGGTAAACT-1,CSF,0.35151437337603475
MS,CSF_10,TGGACGCGTACCATCA-1,CSF,-0.09834107806026707
MS,CSF_10,TGGCTGGTCATGTCTT-1,CSF,-0.25228473496673
MS,CSF_10,TGGGCGTGTTGGTTTG-1,CSF,-0.26215372515003277
MS,CSF_10,TGTGGTACACAACTGT-1,CSF,-0.08825786259639067
MS,CSF_10,TTAGGCAAGATCGATA-1,CSF,-0.09834107806026707
MS,CSF_10,TTCTTAGGTTGAACTC-1,CSF,-0.34085639436373977
MS,CSF_10,TTTGCGCCACGTCTCT-1,CSF,-0.6154687151408291
MS,CSF_10,TTTGGTTCACTGCCAG-1,CSF,-0.13171109253970323
MS,CSF_16,AAACCTGAGCCTCGTG-1,CSF,0.265703898169571
MS,CSF_16,AAAGATGAGGGTCTCC-1,CSF,0.8039481017346819
MS,CSF_16,AAAGATGTCACGCGGT-1,CSF,0.06481495158526827
MS,CSF_16,AAAGCAAAGGCTCTTA-1,CSF,-0.09834107806026707
MS,CSF_16,AAAGCAACAGTAAGAT-1,CSF,0.9387209972914172
MS,CSF_16,AAAGCAACAGTAAGCG-1,CSF,0.07381419667883324
MS,CSF_16,AAAGCAAGTCTAGCCG-1,CSF,-0.36850278670975634
MS,CSF_16,AAAGCAAGTGGCGAAT-1,CSF,0.13199885460587402
MS,CSF_16,AAAGTAGGTAAGTAGT-1,CSF,0.3643963535172591
MS,CSF_16,AAATGCCCAATGGAAT-1,CSF,0.18877245092581196
MS,CSF_16,AAATGCCCAGTATGCT-1,CSF,-0.09834107806026707
MS,CSF_16,AAATGCCTCCACGCAG-1,CSF,0.06291308822142135
MS,CSF_16,AACCATGAGGGAGTAA-1,CSF,-0.4326438920556421
MS,CSF_16,AACCATGCAGCTGCTG-1,CSF,0.10027728356844409
MS,CSF_16,AACCGCGAGGGCTTCC-1,CSF,-0.08615971618055081
MS,CSF_16,AACCGCGCACACCGCA-1,CSF,0.2819885025228539
MS,CSF_16,AACCGCGCACCAGGTC-1,CSF,0.2794758169095425
MS,CSF_16,AACCGCGCATTGGCGC-1,CSF,-0.13784576168660215
MS,CSF_16,AACCGCGGTCTCTTTA-1,CSF,0.37701819889032995
MS,CSF_16,AACCGCGTCAGGCAAG-1,CSF,0.2761439697821675
MS,CSF_16,AACTCAGTCTAGAGTC-1,CSF,-0.09834107806026707
MS,CSF_16,AACTCTTAGCTTTGGT-1,CSF,0.2118284784578479
MS,CSF_16,AACTCTTTCACTTCAT-1,CSF,-0.09834107806026707
MS,CSF_16,AACTGGTAGAACAATC-1,CSF,0.2863862095065834
MS,CSF_16,AACTGGTAGAGAACAG-1,CSF,0.5303033432338692
MS,CSF_16,AAGACCTAGAGGACGG-1,CSF,0.06572562504210014
MS,CSF_16,AAGACCTGTCTTTCAT-1,CSF,-0.09834107806026707
MS,CSF_16,AAGGAGCAGATCCCAT-1,CSF,0.06174165674652941
MS,CSF_16,AAGGAGCCATTGGTAC-1,CSF,-0.21190850234333997
MS,CSF_16,AAGGAGCTCTCGATGA-1,CSF,0.11788004851908314
MS,CSF_16,AAGGCAGCAAGCTGTT-1,CSF,0.06845741951673155
MS,CSF_16,AAGGCAGCAATCAGAA-1,CSF,-0.4338321710839522
MS,CSF_16,AATCGGTAGTGTTGAA-1,CSF,-0.09834107806026707
MS,CSF_16,AATCGGTTCTGCTGCT-1,CSF,0.20016523957688057
MS,CSF_16,ACACCCTCATGAAGTA-1,CSF,0.3958353802685018
MS,CSF_16,ACACTGATCAACACGT-1,CSF,-0.0892066430421671
MS,CSF_16,ACAGCCGTCGGTTCGG-1,CSF,0.5372689555208333
MS,CSF_16,ACAGCTATCACTGGGC-1,CSF,0.7584278323812184
MS,CSF_16,ACATCAGTCTTATCTG-1,CSF,0.28024425499993577
MS,CSF_16,ACATGGTCAGACACTT-1,CSF,-0.34270414101372876
MS,CSF_16,ACATGGTGTCCGTGAC-1,CSF,0.030737297872218895
MS,CSF_16,ACCAGTAGTGTTTGTG-1,CSF,-0.09834107806026707
MS,CSF_16,ACCAGTATCAGTCCCT-1,CSF,0.4807625191663684
MS,CSF_16,ACCCACTCAAGCTGTT-1,CSF,0.056286188691305035
MS,CSF_16,ACCCACTGTTGGTGGA-1,CSF,0.1919145733407892
MS,CSF_16,ACCGTAAAGCAAATCA-1,CSF,0.393073325950542
MS,CSF_16,ACCTTTACAATAACGA-1,CSF,0.08723114682226847
MS,CSF_16,ACCTTTAGTGGTAACG-1,CSF,0.10019180421041905
MS,CSF_16,ACCTTTATCTTGTACT-1,CSF,0.32829375256932075
MS,CSF_16,ACGAGCCCAGCTGTTA-1,CSF,0.5388084413524029
MS,CSF_16,ACGAGCCTCGTGGACC-1,CSF,-0.09834107806026707
MS,CSF_16,ACGAGCCTCTGTCAAG-1,CSF,-0.09834107806026707
MS,CSF_16,ACGAGGATCCATGAGT-1,CSF,0.44528164064082437
MS,CSF_16,ACGATGTCATCACGTA-1,CSF,0.3364145715566031
MS,CSF_16,ACGATGTTCTTAGAGC-1,CSF,0.2137896645157174
MS,CSF_16,ACGCAGCTCGCCATAA-1,CSF,-0.09924639001588288
MS,CSF_16,ACGCCAGAGCGCCTTG-1,CSF,0.5535883321032071
MS,CSF_16,ACGCCGATCACCACCT-1,CSF,0.5191652132769882
MS,CSF_16,ACGCCGATCAGCCTAA-1,CSF,-0.16051392769632852
MS,CSF_16,ACGGAGACACCTCGGA-1,CSF,0.6013292414920814
MS,CSF_16,ACGGCCAGTTAAGGGC-1,CSF,0.04203484700571198
MS,CSF_16,ACGGGCTAGAAACGAG-1,CSF,0.18058102228658837
MS,CSF_16,ACGGGCTGTGTAATGA-1,CSF,0.16717309441821765
MS,CSF_16,ACGGGTCAGTTCGCAT-1,CSF,0.2552733914727595
MS,CSF_16,ACGGGTCCACAGACAG-1,CSF,-0.09834107806026707
MS,CSF_16,ACGGGTCCATCTACGA-1,CSF,0.4811596956935789
MS,CSF_16,ACGTCAATCGTCGTTC-1,CSF,0.17217001279284339
MS,CSF_16,ACGTCAATCTAAGCCA-1,CSF,0.03689148823179196
MS,CSF_16,ACTATCTAGGCATGGT-1,CSF,0.5063298406660841
MS,CSF_16,ACTATCTAGGCCGAAT-1,CSF,-0.09834107806026707
MS,CSF_16,ACTATCTTCATACGGT-1,CSF,-0.31846608700028717
MS,CSF_16,ACTGATGAGCCGCCTA-1,CSF,0.04870876158536587
MS,CSF_16,ACTGATGCAGCTGCTG-1,CSF,0.15368512028579193
MS,CSF_16,ACTGATGGTAGTACCT-1,CSF,0.1871801132043345
MS,CSF_16,ACTGATGTCTCATTCA-1,CSF,-0.09834107806026707
MS,CSF_16,ACTGCTCCAGCCAGAA-1,CSF,0.0717133749136293
MS,CSF_16,ACTGCTCTCAGAGACG-1,CSF,-0.36719065028118275
MS,CSF_16,ACTGTCCAGAAACGCC-1,CSF,0.5166531717855082
MS,CSF_16,ACTGTCCTCAGAGACG-1,CSF,0.031984147948389205
MS,CSF_16,ACTTGTTCAGTAACGG-1,CSF,0.22297294078939006
MS,CSF_16,ACTTTCACATGGGAAC-1,CSF,0.6322768663789201
MS,CSF_16,ACTTTCAGTAGAAAGG-1,CSF,0.0772429174134166
MS,CSF_16,ACTTTCAGTTGAGGTG-1,CSF,-0.09834107806026707
MS,CSF_16,AGACGTTCATTGAGCT-1,CSF,0.2481602880942013
MS,CSF_16,AGAGCGAGTGGTCTCG-1,CSF,0.18556242194549988
MS,CSF_16,AGAGCTTTCAGCAACT-1,CSF,0.4236891986979002
MS,CSF_16,AGAGCTTTCGGTGTCG-1,CSF,-0.09834107806026707
MS,CSF_16,AGAGTGGAGACTTTCG-1,CSF,0.5310552519958502
MS,CSF_16,AGATCTGGTTACAGAA-1,CSF,0.13285347185484062
MS,CSF_16,AGATCTGTCATTGCCC-1,CSF,0.5729699994253721
MS,CSF_16,AGCAGCCCATCACCCT-1,CSF,0.5296135630523634
MS,CSF_16,AGCAGCCGTCTCTTTA-1,CSF,-0.09834107806026707
MS,CSF_16,AGCAGCCGTGTAATGA-1,CSF,0.742572524479921
MS,CSF_16,AGCATACTCAGTACGT-1,CSF,0.0783272357141248
MS,CSF_16,AGCCTAAAGCGAAGGG-1,CSF,0.21428056180789015
MS,CSF_16,AGCCTAAAGTTGAGAT-1,CSF,0.09513337399696346
MS,CSF_16,AGCCTAATCATGTGGT-1,CSF,0.056349434716973644
MS,CSF_16,AGCGGTCCAGTATAAG-1,CSF,0.21815415602324736
MS,CSF_16,AGCGTATCAGGATCGA-1,CSF,0.08340181133913471
MS,CSF_16,AGCGTATTCGCAGGCT-1,CSF,-0.3822275699771775
MS,CSF_16,AGCGTCGCATCAGTAC-1,CSF,0.18598657237491759
MS,CSF_16,AGCGTCGGTCTGCCAG-1,CSF,0.12492872991852842
MS,CSF_16,AGCGTCGTCTGAGGGA-1,CSF,0.6362273799748442
MS,CSF_16,AGCTCCTAGAGCTTCT-1,CSF,0.3086195531488926
MS,CSF_16,AGCTCCTGTGACGGTA-1,CSF,-0.09834107806026707
MS,CSF_16,AGCTCTCGTTAAGGGC-1,CSF,-0.4675081158726372
MS,CSF_16,AGCTCTCTCCTCATTA-1,CSF,0.23086974256967122
MS,CSF_16,AGCTTGAGTCTCTTTA-1,CSF,0.0571475731893595
MS,CSF_16,AGGCCACAGCACAGGT-1,CSF,0.23193496269095296
MS,CSF_16,AGGGAGTAGGCGACAT-1,CSF,-0.21235554489490222
MS,CSF_16,AGGGAGTAGTCCAGGA-1,CSF,-0.19974080825545407
MS,CSF_16,AGGGAGTAGTGTACTC-1,CSF,-0.03984878706433975
MS,CSF_16,AGGGAGTCAGCTATTG-1,CSF,-0.041215230848290575
MS,CSF_16,AGGGAGTGTACCGGCT-1,CSF,-0.22101586432411965
MS,CSF_16,AGGGATGGTCTGGAGA-1,CSF,0.3855860403830616
MS,CSF_16,AGGGTGAAGTATGACA-1,CSF,0.5483133189052637
MS,CSF_16,AGGGTGACACAAGACG-1,CSF,0.38284907965494924
MS,CSF_16,AGGTCCGCATCCAACA-1,CSF,0.08070460523953903
MS,CSF_16,AGGTCCGGTTCCAACA-1,CSF,0.23820755342119013
MS,CSF_16,AGTAGTCAGGCAGTCA-1,CSF,0.20095506919426956
MS,CSF_16,AGTCTTTAGTATTGGA-1,CSF,0.8369372931351784
MS,CSF_16,AGTCTTTGTAAGTGTA-1,CSF,0.427708284913572
MS,CSF_16,AGTCTTTGTTCGTGAT-1,CSF,-0.09834107806026707
MS,CSF_16,AGTGAGGCATCATCCC-1,CSF,0.3674762277658834
MS,CSF_16,AGTGGGAAGACTAGAT-1,CSF,0.31945033927749894
MS,CSF_16,AGTGGGACATCCGGGT-1,CSF,-0.09834107806026707
MS,CSF_16,AGTGGGAGTACGCTGC-1,CSF,-0.09834107806026707
MS,CSF_16,AGTGTCAAGTAGCCGA-1,CSF,-0.09834107806026707
MS,CSF_16,AGTGTCACAGCCAGAA-1,CSF,-0.09834107806026707
MS,CSF_16,AGTTGGTCATTCACTT-1,CSF,0.43481479104975723
MS,CSF_16,AGTTGGTGTCATATGC-1,CSF,0.37551611880305497
MS,CSF_16,ATAGACCTCTCGCTTG-1,CSF,0.5099838872117638
MS,CSF_16,ATCACGACAAGCCCAC-1,CSF,-0.09834107806026707
MS,CSF_16,ATCACGACACGAAGCA-1,CSF,0.37553671789923665
MS,CSF_16,ATCACGAGTTCGCGAC-1,CSF,0.2338950741038846
MS,CSF_16,ATCATCTCAGCTCGAC-1,CSF,0.2722347427200711
MS,CSF_16,ATCATCTGTCCGAACC-1,CSF,0.09210234207044835
MS,CSF_16,ATCATGGTCACAATGC-1,CSF,-0.03378838793435842
MS,CSF_16,ATCATGGTCCGTCATC-1,CSF,-0.09834107806026707
MS,CSF_16,ATCCACCAGAGTACCG-1,CSF,0.062072229935048594
MS,CSF_16,ATCCACCCACTTACGA-1,CSF,-0.09834107806026707
MS,CSF_16,ATCCGAAAGGACACCA-1,CSF,0.3724606480540012
MS,CSF_16,ATCCGAACAGCAGTTT-1,CSF,0.1254564995185264
MS,CSF_16,ATCCGAAGTTACGCGC-1,CSF,0.8584609104265749
MS,CSF_16,ATCGAGTCATGTCGAT-1,CSF,0.15241268494256602
MS,CSF_16,ATCTACTAGAGTACCG-1,CSF,0.0030737345454925186
MS,CSF_16,ATCTACTAGGTGTTAA-1,CSF,0.17393258140101223
MS,CSF_16,ATGAGGGCACTGTTAG-1,CSF,0.4892969635016498
MS,CSF_16,ATGAGGGGTAGGCTGA-1,CSF,-0.09834107806026707
MS,CSF_16,ATGAGGGTCTTTAGTC-1,CSF,-0.1687998443832393
MS,CSF_16,ATGCGATCAGCTTAAC-1,CSF,0.4909300013434605
MS,CSF_16,ATGCGATCATGCCTTC-1,CSF,0.2211943673882249
MS,CSF_16,ATGCGATGTCTTCGTC-1,CSF,-0.8807878523754779
MS,CSF_16,ATGCGATGTTGGTTTG-1,CSF,0.8159277837273775
MS,CSF_16,ATGGGAGCACTTCTGC-1,CSF,0.17019940779393075
MS,CSF_16,ATGGGAGGTAGTACCT-1,CSF,-0.19223115363470436
MS,CSF_16,ATGGGAGGTCGGCTCA-1,CSF,-0.09834107806026707
MS,CSF_16,ATGGGAGTCGCCTGTT-1,CSF,-0.20371257416843616
MS,CSF_16,ATTATCCAGGCACATG-1,CSF,0.13677260731403956
MS,CSF_16,ATTATCCGTGGAAAGA-1,CSF,-0.5007904330173859
MS,CSF_16,ATTCTACAGCCACCTG-1,CSF,0.18389533027587726
MS,CSF_16,ATTCTACCAGCTGTGC-1,CSF,-0.050229082443889475
MS,CSF_16,ATTCTACGTATATCCG-1,CSF,-0.0219832729285729
MS,CSF_16,ATTCTACTCCGAAGAG-1,CSF,0.4834543167441706
MS,CSF_16,ATTCTACTCGCAGGCT-1,CSF,0.47086109762740297
MS,CSF_16,ATTGGACCAGGTCTCG-1,CSF,-0.09834107806026707
MS,CSF_16,ATTGGACGTCATTAGC-1,CSF,0.5060773868792388
MS,CSF_16,ATTGGACTCTCAACTT-1,CSF,0.14498792634104402
MS,CSF_16,ATTGGTGAGGGAACGG-1,CSF,-0.042864931165072895
MS,CSF_16,ATTGGTGGTCTTTCAT-1,CSF,0.30574560066293444
MS,CSF_16,CAACCAAAGGGATGGG-1,CSF,-0.04483338126761167
MS,CSF_16,CAACCAAGTGATAAAC-1,CSF,0.3070670638165788
MS,CSF_16,CAACCAAGTTCTGTTT-1,CSF,0.4341030679388417
MS,CSF_16,CAACTAGAGGCTATCT-1,CSF,-0.4646752426637484
MS,CSF_16,CAACTAGCAAGTAATG-1,CSF,0.0534179476838522
MS,CSF_16,CAACTAGTCAGGCCCA-1,CSF,-0.05453608260180882
MS,CSF_16,CAAGAAAGTTCTGAAC-1,CSF,-0.09834107806026707
MS,CSF_16,CAAGAAATCCTCGCAT-1,CSF,0.11865865295318437
MS,CSF_16,CAAGATCGTGAAAGAG-1,CSF,-0.09472235016699557
MS,CSF_16,CAAGATCTCAGCTTAG-1,CSF,0.034794522609161584
MS,CSF_16,CAAGATCTCTCGAGTA-1,CSF,0.2859675969781764
MS,CSF_16,CAAGGCCAGATCTGAA-1,CSF,0.3970488156230458
MS,CSF_16,CAAGGCCAGTCGATAA-1,CSF,-0.09834107806026707
MS,CSF_16,CAAGGCCGTCTCTCTG-1,CSF,0.14820211542642417
MS,CSF_16,CAAGGCCTCTATCGCC-1,CSF,-0.14551316384782412
MS,CSF_16,CAAGTTGAGATATGGT-1,CSF,0.2828842289897339
MS,CSF_16,CAAGTTGCAAGCGAGT-1,CSF,-0.20408092631884836
MS,CSF_16,CAAGTTGGTCGTTGTA-1,CSF,-0.311466237803009
MS,CSF_16,CAAGTTGGTTAAGGGC-1,CSF,0.11174337231524482
MS,CSF_16,CACAAACGTTGGACCC-1,CSF,0.06164714687415625
MS,CSF_16,CACACCTGTTATCGGT-1,CSF,0.6683933544626507
MS,CSF_16,CACACTCGTCTTGTCC-1,CSF,0.17341402839202577
MS,CSF_16,CACACTCGTTCTCATT-1,CSF,0.478732812688708
MS,CSF_16,CACACTCTCGTGGGAA-1,CSF,-0.09834107806026707
MS,CSF_16,CACAGGCTCCAACCAA-1,CSF,0.13613867835256052
MS,CSF_16,CACAGTAAGGAGCGAG-1,CSF,0.008316839786169396
MS,CSF_16,CACAGTAGTCGCTTTC-1,CSF,-0.00952856654617995
MS,CSF_16,CACATAGAGACGCAAC-1,CSF,-0.017951399960581243
MS,CSF_16,CACATAGAGGCATGTG-1,CSF,-0.11288968158117076
MS,CSF_16,CACATAGCAGATAATG-1,CSF,0.43624835638453935
MS,CSF_16,CACATAGCATGTTCCC-1,CSF,-0.08086890399890154
MS,CSF_16,CACCACTTCACAGGCC-1,CSF,0.20677439117559013
MS,CSF_16,CACCACTTCTCCAGGG-1,CSF,0.32586118322764956
MS,CSF_16,CACCTTGAGTGCTGCC-1,CSF,0.032669948087570004
MS,CSF_16,CACCTTGGTCCTCCAT-1,CSF,0.038426053344550494
MS,CSF_16,CACCTTGTCGGTCCGA-1,CSF,0.15946460641029556
MS,CSF_16,CACTCCAAGAGACGAA-1,CSF,0.5554697778523426
MS,CSF_16,CACTCCACAAGTCATC-1,CSF,-0.2342515922868253
MS,CSF_16,CACTCCATCTGGTTCC-1,CSF,0.3922824416428709
MS,CSF_16,CAGATCAAGACTAGGC-1,CSF,0.1491322762307386
MS,CSF_16,CAGATCAGTTGCGTTA-1,CSF,-0.026985760036520107
MS,CSF_16,CAGCAGCGTCTACCTC-1,CSF,-0.09834107806026707
MS,CSF_16,CAGCATAGTCTGCAAT-1,CSF,-0.09834107806026707
MS,CSF_16,CAGCCGAAGAATTCCC-1,CSF,-0.09834107806026707
MS,CSF_16,CAGCCGAAGCAGCCTC-1,CSF,0.2763408628633482
MS,CSF_16,CAGCCGAGTTGAGTTC-1,CSF,-0.09834107806026707
MS,CSF_16,CAGCCGATCTGATTCT-1,CSF,0.4365687297662859
MS,CSF_16,CAGCGACCACTAGTAC-1,CSF,-0.09834107806026707
MS,CSF_16,CAGCTAAAGCCAGGAT-1,CSF,0.16295783207651615
MS,CSF_16,CAGCTAAAGTCAAGCG-1,CSF,0.18337735004335512
MS,CSF_16,CAGCTAAGTAAAGGAG-1,CSF,-0.09834107806026707
MS,CSF_16,CAGCTGGCACAGGCCT-1,CSF,0.25383803541115024
MS,CSF_16,CAGCTGGTCCACGCAG-1,CSF,0.29061926539883043
MS,CSF_16,CAGGTGCAGCCACGTC-1,CSF,0.07145216296621906
MS,CSF_16,CAGTAACCAGCTGTTA-1,CSF,0.12338768309125438
MS,CSF_16,CAGTAACTCTCGCATC-1,CSF,0.042733093535907186
MS,CSF_16,CATATGGAGAGCCTAG-1,CSF,0.2511829501625676
MS,CSF_16,CATATTCAGACCTTTG-1,CSF,-0.09834107806026707
MS,CSF_16,CATATTCCACGGATAG-1,CSF,0.8443458432270514
MS,CSF_16,CATCAAGTCCATTCTA-1,CSF,0.22607713577197172
MS,CSF_16,CATCAGACACGGTAGA-1,CSF,-0.46103789573014353
MS,CSF_16,CATCAGAGTAGCAAAT-1,CSF,0.49781641846860697
MS,CSF_16,CATCAGAGTGATAAAC-1-1,CSF,0.31262878471396416
MS,CSF_16,CATCCACAGTGTTGAA-1,CSF,-0.09834107806026707
MS,CSF_16,CATCCACGTCTAGAGG-1,CSF,-0.036525570661395376
MS,CSF_16,CATCGGGCAAACGCGA-1,CSF,0.303580254442633
MS,CSF_16,CATGACATCTGTCAAG-1,CSF,-0.20954790372497034
MS,CSF_16,CATGCCTGTACACCGC-1,CSF,-0.011543297528146186
MS,CSF_16,CATGCCTGTTGGTTTG-1,CSF,0.34488614316405314
MS,CSF_16,CATGCCTTCCTTTCGG-1,CSF,0.2074158330904982
MS,CSF_16,CATGCCTTCTCTTATG-1,CSF,0.16470753215824702
MS,CSF_16,CATGGCGCATTGGCGC-1,CSF,-0.002752850803040552
MS,CSF_16,CATGGCGTCCGCAAGC-1,CSF,0.1012286216702685
MS,CSF_16,CCACCTAAGGGCTTGA-1,CSF,-0.09834107806026707
MS,CSF_16,CCACCTAAGGTGCTTT-1,CSF,0.3094130713219086
MS,CSF_16,CCACGGACATGTCCTC-1,CSF,0.13387517152310488
MS,CSF_16,CCACTACAGCCGTCGT-1,CSF,-0.045230686582055216
MS,CSF_16,CCACTACTCAACCATG-1,CSF,0.3840937026293873
MS,CSF_16,CCAGCGACAAGCTGTT-1,CSF,0.05250403064025239
MS,CSF_16,CCAGCGACACCGAAAG-1,CSF,0.00012158137553134171
MS,CSF_16,CCAGCGATCAACACTG-1,CSF,0.6637070101386852
MS,CSF_16,CCAGCGATCAGAGGTG-1,CSF,-0.03250834285222948
MS,CSF_16,CCATGTCCAGGACCCT-1,CSF,0.6242319233031186
MS,CSF_16,CCATTCGGTCTGCGGT-1,CSF,0.2780249396304143
MS,CSF_16,CCATTCGTCACCTCGT-1,CSF,0.12435282943491575
MS,CSF_16,CCCAATCTCGGTGTTA-1,CSF,-0.036241150501061435
MS,CSF_16,CCCAGTTTCTCTAAGG-1,CSF,0.2947270375702972
MS,CSF_16,CCCATACCAATCAGAA-1,CSF,0.12022208466251724
MS,CSF_16,CCCTCCTCAATAGAGT-1,CSF,0.6196605062180833
MS,CSF_16,CCGGGATTCAACGGGA-1,CSF,0.07237123807537023
MS,CSF_16,CCGGTAGGTCGCTTCT-1,CSF,-0.09834107806026707
MS,CSF_16,CCGGTAGTCTTGCCGT-1,CSF,-0.09834107806026707
MS,CSF_16,CCGTACTAGAACAACT-1,CSF,0.14147270579718568
MS,CSF_16,CCGTACTTCATCTGCC-1,CSF,-0.3556372062457194
MS,CSF_16,CCGTGGAGTTATCACG-1,CSF,-0.09834107806026707
MS,CSF_16,CCGTTCAAGCACCGTC-1,CSF,-0.024946604565112378
MS,CSF_16,CCGTTCACAGATAATG-1,CSF,0.3191169113089826
MS,CSF_16,CCGTTCACATTTGCTT-1,CSF,0.2946289328133043
MS,CSF_16,CCGTTCATCCGTTGTC-1,CSF,-0.19517205643819585
MS,CSF_16,CCGTTCATCTTGTATC-1,CSF,-0.09834107806026707
MS,CSF_16,CCTAAAGCATGCCACG-1,CSF,-0.09834107806026707
MS,CSF_16,CCTACACCACTGCCAG-1,CSF,-0.09834107806026707
MS,CSF_16,CCTACCAAGAGGACGG-1,CSF,0.1724947938503346
MS,CSF_16,CCTACCAAGGACGAAA-1,CSF,0.06295947050891108
MS,CSF_16,CCTACCATCTGGGCCA-1,CSF,-0.10718489762265755
MS,CSF_16,CCTAGCTTCGATGAGG-1,CSF,0.6418937151544248
MS,CSF_16,CCTATTAAGAGGTACC-1,CSF,0.46557191045535007
MS,CSF_16,CCTATTAGTACAGCAG-1,CSF,0.19821830551781733
MS,CSF_16,CCTCTGAAGGTGTGGT-1,CSF,0.21276229466671212
MS,CSF_16,CCTCTGAAGTACACCT-1,CSF,0.041116050993491485
MS,CSF_16,CCTCTGAAGTACGCGA-1,CSF,-0.09834107806026707
MS,CSF_16,CCTCTGACACAGAGGT-1,CSF,0.4421700062838609
MS,CSF_16,CCTCTGATCCCTCTTT-1,CSF,0.06116146632423612
MS,CSF_16,CCTTACGCAGCTCGAC-1,CSF,-0.2645273049471274
MS,CSF_16,CCTTACGGTATAAACG-1,CSF,0.05811721170863669
MS,CSF_16,CCTTACGTCTTCGGTC-1,CSF,0.09114021582730894
MS,CSF_16,CCTTCCCCAATGAATG-1,CSF,0.2528142230582902
MS,CSF_16,CCTTCCCCATGCGCAC-1,CSF,0.06466007544463999
MS,CSF_16,CCTTCCCGTGAGGCTA-1,CSF,-0.09834107806026707
MS,CSF_16,CCTTCCCTCACATAGC-1,CSF,0.1721095026563381
MS,CSF_16,CCTTTCTTCGCGTAGC-1,CSF,0.3582147063039879
MS,CSF_16,CGAACATCATCTCCCA-1,CSF,-0.08742173473585081
MS,CSF_16,CGAACATGTACCATCA-1,CSF,0.00422029116736955
MS,CSF_16,CGACCTTCACATCTTT-1,CSF,-0.09834107806026707
MS,CSF_16,CGACCTTTCGGCCGAT-1,CSF,0.11731277261559059
MS,CSF_16,CGAGCACAGGTGCTTT-1,CSF,0.33959442295004233
MS,CSF_16,CGAGCACTCATATCGG-1,CSF,0.07269303147184325
MS,CSF_16,CGAGCCACATTACGAC-1,CSF,0.18323729910331688
MS,CSF_16,CGAGCCAGTTCCACAA-1,CSF,0.06696941736378262
MS,CSF_16,CGATTGACACTGTGTA-1,CSF,-0.04096705690595554
MS,CSF_16,CGATTGAGTAGTACCT-1,CSF,-0.09834107806026707
MS,CSF_16,CGCCAAGTCGTCCAGG-1,CSF,-0.09834107806026707
MS,CSF_16,CGCGGTAAGTAATCCC-1,CSF,0.04563737561816532
MS,CSF_16,CGCGGTACACACCGAC-1,CSF,0.28271439240772955
MS,CSF_16,CGCGGTAGTAGCGTCC-1,CSF,0.4268387882674595
MS,CSF_16,CGCGGTAGTTCCTCCA-1,CSF,0.21237386369317673
MS,CSF_16,CGCGTTTGTGCTCTTC-1,CSF,0.41019471908585264
MS,CSF_16,CGCTATCAGGCTAGAC-1,CSF,-0.19322346843733
MS,CSF_16,CGCTATCTCCAGAGGA-1,CSF,-0.28024076770271134
MS,CSF_16,CGCTTCAAGCACACAG-1,CSF,-0.11400590604814435
MS,CSF_16,CGCTTCATCGGATGTT-1,CSF,-0.20357618496366597
MS,CSF_16,CGGACACAGGTGCAAC-1,CSF,0.45156404805738776
MS,CSF_16,CGGACACCACGTCTCT-1,CSF,-0.024517691337704223
MS,CSF_16,CGGACACGTAGTAGTA-1,CSF,-0.20750728118973474
MS,CSF_16,CGGACGTCAAGTTGTC-1,CSF,-0.36378766889856523
MS,CSF_16,CGGACGTCAGCTGTGC-1,CSF,-0.09834107806026707
MS,CSF_16,CGGACGTGTGGGTATG-1,CSF,0.1226501419561512
MS,CSF_16,CGGACTGTCATGTGGT-1,CSF,0.20038435368026578
MS,CSF_16,CGGAGCTAGATCGATA-1,CSF,0.16507579212093862
MS,CSF_16,CGGAGTCGTGCGAAAC-1,CSF,0.01808334726530606
MS,CSF_16,CGGAGTCGTGTAAGTA-1,CSF,0.14610771992317767
MS,CSF_16,CGGCTAGAGTTAGCGG-1,CSF,0.12150262933402543
MS,CSF_16,CGGCTAGCAAGTTAAG-1,CSF,-0.09834107806026707
MS,CSF_16,CGGCTAGTCGAACGGA-1,CSF,0.07091924005907449
MS,CSF_16,CGGCTAGTCGAGCCCA-1,CSF,-0.06254869929063553
MS,CSF_16,CGGGTCACAAAGGCGT-1,CSF,0.2382303769083824
MS,CSF_16,CGGGTCACACCAGATT-1,CSF,0.3510676573486938
MS,CSF_16,CGGTTAAGTACCGTTA-1,CSF,0.0746094410372206
MS,CSF_16,CGGTTAATCCGTCAAA-1,CSF,0.08207100280529991
MS,CSF_16,CGGTTAATCCGTTGTC-1,CSF,0.07431323342918382
MS,CSF_16,CGGTTAATCGCCTGTT-1,CSF,1.036731714151703
MS,CSF_16,CGTAGGCGTACCTACA-1,CSF,0.07347406576771016
MS,CSF_16,CGTCAGGCAATGGTCT-1,CSF,-0.034517842707560455
MS,CSF_16,CGTCAGGGTCTCTCTG-1,CSF,-0.045545621211803014
MS,CSF_16,CGTCAGGGTGGGTCAA-1,CSF,0.11198146411452335
MS,CSF_16,CGTCAGGTCAAACAAG-1,CSF,-0.09834107806026707
MS,CSF_16,CGTCCATAGCAATCTC-1,CSF,-0.05528342687612431
MS,CSF_16,CGTCCATCAGGTGGAT-1,CSF,0.21953020227988942
MS,CSF_16,CGTCTACAGATCACGG-1,CSF,0.2935766376327359
MS,CSF_16,CGTGTCTGTAGCAAAT-1,CSF,0.13931029530855105
MS,CSF_16,CGTGTCTGTGCAACTT-1,CSF,-0.09834107806026707
MS,CSF_16,CGTTAGAAGGTAGCTG-1,CSF,0.09767835171382676
MS,CSF_16,CGTTGGGCAAACCCAT-1,CSF,0.3051154422200314
MS,CSF_16,CGTTGGGCAAGAGTCG-1,CSF,-0.0037619765748131417
MS,CSF_16,CGTTGGGTCAAAGACA-1,CSF,0.03685573107722201
MS,CSF_16,CTAACTTCAACGCACC-1,CSF,-0.0049388931552760374
MS,CSF_16,CTAACTTCATGCCTAA-1,CSF,-0.09834107806026707
MS,CSF_16,CTAAGACAGGAGTACC-1,CSF,0.08199615669774148
MS,CSF_16,CTAAGACGTAGCGCTC-1,CSF,-0.18273859959696237
MS,CSF_16,CTACACCAGCCCGAAA-1,CSF,-0.2943538717143154
MS,CSF_16,CTACATTCAATGGTCT-1,CSF,0.05427814544580064
MS,CSF_16,CTACATTCATCTACGA-1,CSF,-0.176926194959611
MS,CSF_16,CTACATTGTTCCGGCA-1,CSF,0.03679387284091341
MS,CSF_16,CTACATTTCCAACCAA-1,CSF,0.33110716019228154
MS,CSF_16,CTACCCAAGCTCAACT-1,CSF,-0.2680489643323024
MS,CSF_16,CTACCCAGTAGAGGAA-1,CSF,-0.12004356475826239
MS,CSF_16,CTAGAGTCACCCTATC-1,CSF,0.31343427807816854
MS,CSF_16,CTAGCCTAGCGTTGCC-1,CSF,0.5988880516494766
MS,CSF_16,CTAGCCTCAAGCTGTT-1,CSF,0.29671887982463624
MS,CSF_16,CTAGCCTCACAGGCCT-1,CSF,-0.34197737519034443
MS,CSF_16,CTCACACGTCCAGTTA-1,CSF,0.2648763689665355
MS,CSF_16,CTCACACTCGAACGGA-1,CSF,0.38825113741614903
MS,CSF_16,CTCAGAAAGATATACG-1,CSF,0.04612204782464831
MS,CSF_16,CTCAGAATCGAGAGCA-1,CSF,0.12490340985508061
MS,CSF_16,CTCATTACATCCGGGT-1,CSF,-0.05615243403914309
MS,CSF_16,CTCATTAGTCTGCGGT-1,CSF,0.1776318620845058
MS,CSF_16,CTCATTATCAGCTCGG-1,CSF,0.08929918943066906
MS,CSF_16,CTCATTATCGATAGAA-1,CSF,-0.1031566945155037
MS,CSF_16,CTCATTATCTTCGAGA-1,CSF,0.6258514781824562
MS,CSF_16,CTCCTAGGTTCAACCA-1,CSF,-0.09834107806026707
MS,CSF_16,CTCGAAACAATCCGAT-1,CSF,0.22012789849085418
MS,CSF_16,CTCGAAATCTCTAGGA-1,CSF,0.04980392330452278
MS,CSF_16,CTCGAGGAGAGCAATT-1,CSF,-0.09834107806026707
MS,CSF_16,CTCGAGGAGTCCGTAT-1,CSF,0.3477804637943012
MS,CSF_16,CTCGAGGTCCCTGACT-1,CSF,0.06218757303479133
MS,CSF_16,CTCGAGGTCTAACGGT-1,CSF,0.04345987709645132
MS,CSF_16,CTCGGAGGTGACGCCT-1,CSF,-0.2655476658317531
MS,CSF_16,CTCGGAGTCTTATCTG-1,CSF,0.18268427479926747
MS,CSF_16,CTCGGGACAAGGACTG-1,CSF,0.20222468831973522
MS,CSF_16,CTCGGGATCGTTGCCT-1,CSF,-0.09834107806026707
MS,CSF_16,CTCGTACTCGTAGGTT-1,CSF,0.17612409285836714
MS,CSF_16,CTCGTCAAGCGACGTA-1,CSF,0.25631421762735884
MS,CSF_16,CTCTAATAGATGCGAC-1,CSF,-0.09834107806026707
MS,CSF_16,CTCTAATAGGACAGAA-1,CSF,-0.03658217034897325
MS,CSF_16,CTCTACGAGACCCACC-1,CSF,-0.6541204646118227
MS,CSF_16,CTCTACGAGCGCCTTG-1,CSF,-0.36225768823911625
MS,CSF_16,CTCTACGCAAGCTGGA-1,CSF,0.49603599611437577
MS,CSF_16,CTCTACGTCCTCAACC-1,CSF,0.4389089827351071
MS,CSF_16,CTCTACGTCGTTTATC-1,CSF,0.10791580828217609
MS,CSF_16,CTGAAACTCATGCATG-1,CSF,0.382314766285111
MS,CSF_16,CTGAAGTCATCAGTAC-1,CSF,0.7313732923187398
MS,CSF_16,CTGATAGAGTGGCACA-1,CSF,-0.09834107806026707
MS,CSF_16,CTGATCCAGGTTCCTA-1,CSF,0.08073585830134952
MS,CSF_16,CTGCCTAAGTAGCCGA-1,CSF,0.06190754500352267
MS,CSF_16,CTGCCTAGTGCACGAA-1,CSF,0.5565113736687445
MS,CSF_16,CTGCCTATCTTGCCGT-1,CSF,0.10712761399358481
MS,CSF_16,CTGCGGATCCACTGGG-1,CSF,-0.09834107806026707
MS,CSF_16,CTGCGGATCTGATTCT-1-1,CSF,0.03450417906377951
MS,CSF_16,CTGCTGTCAAAGCGGT-1,CSF,0.6221983910691222
MS,CSF_16,CTGGTCTCATAAGACA-1,CSF,0.06405794154489311
MS,CSF_16,CTGTGCTTCCAAACTG-1,CSF,-0.09834107806026707
MS,CSF_16,CTGTTTAAGACTTTCG-1,CSF,0.21654856280637252
MS,CSF_16,CTGTTTACAGGAATGC-1,CSF,0.1422557772643346
MS,CSF_16,CTTACCGGTGTCGCTG-1,CSF,-0.09834107806026707
MS,CSF_16,CTTAGGATCAGAGCTT-1,CSF,0.5780490265546498
MS,CSF_16,CTTAGGATCGGCATCG-1,CSF,0.1835113510937219
MS,CSF_16,CTTCTCTAGGAGTAGA-1,CSF,-0.09834107806026707
MS,CSF_16,CTTCTCTCAGCTGGCT-1,CSF,-0.18241899127896608
MS,CSF_16,CTTGGCTGTCTAGTCA-1,CSF,-0.09834107806026707
MS,CSF_16,GAAATGACAGGCTCAC-1,CSF,0.18220160273017955
MS,CSF_16,GAACCTACATGGTAGG-1,CSF,-0.11581780813909849
MS,CSF_16,GAACCTATCAGAGACG-1,CSF,0.08469829372696268
MS,CSF_16,GAACGGACATTACCTT-1,CSF,0.34081671349494275
MS,CSF_16,GAACGGAGTCTGGAGA-1,CSF,0.042284627091649665
MS,CSF_16,GAACGGAGTGTCTGAT-1,CSF,-0.09834107806026707
MS,CSF_16,GAATAAGCAATGTTGC-1,CSF,0.16094164403237438
MS,CSF_16,GAATGAAAGTCCAGGA-1,CSF,-0.09834107806026707
MS,CSF_16,GAATGAATCAAAGTAG-1,CSF,0.03234640681059304
MS,CSF_16,GACACGCAGCGTTCCG-1,CSF,0.2446557051197127
MS,CSF_16,GACAGAGCAAGGTTTC-1,CSF,0.04456326732127255
MS,CSF_16,GACCAATAGACAATAC-1,CSF,0.16136111612693974
MS,CSF_16,GACCAATCACAGTCGC-1,CSF,0.2239514957110256
MS,CSF_16,GACCTGGCATTCTTAC-1,CSF,0.6340968673234916
MS,CSF_16,GACCTGGGTCGATTGT-1,CSF,0.4478514589379355
MS,CSF_16,GACCTGGGTGGACGAT-1,CSF,-0.04380057482503698
MS,CSF_16,GACCTGGGTTATGTGC-1,CSF,0.055220715997405544
MS,CSF_16,GACGCGTCAAGCTGAG-1,CSF,-0.3049225043687113
MS,CSF_16,GACGGCTGTTCAGTAC-1,CSF,-0.09834107806026707
MS,CSF_16,GACGTGCAGTTTAGGA-1,CSF,0.27167420142680476
MS,CSF_16,GACGTGCGTGATGTCT-1,CSF,-0.09834107806026707
MS,CSF_16,GACGTTAGTTCCATGA-1,CSF,-0.1853085862542901
MS,CSF_16,GACGTTATCCTGCCAT-1,CSF,0.12215221637248776
MS,CSF_16,GACTAACCATCGGGTC-1,CSF,-0.0908549410587446
MS,CSF_16,GACTAACGTCGAGTTT-1,CSF,0.016428423565931043
MS,CSF_16,GACTACAAGGTGCTTT-1,CSF,0.05706038325776976
MS,CSF_16,GACTACACATGGTCTA-1,CSF,0.08600713457948654
MS,CSF_16,GACTGCGGTCCGTCAG-1,CSF,-0.09834107806026707
MS,CSF_16,GACTGCGGTGATGTGG-1,CSF,0.0803523248156437
MS,CSF_16,GACTGCGGTGTCGCTG-1,CSF,-0.09834107806026707
MS,CSF_16,GAGCAGAAGACTTTCG-1,CSF,0.13968871237016117
MS,CSF_16,GAGCAGAAGTGAATTG-1,CSF,0.06403737246319809
MS,CSF_16,GAGGTGAAGATCTGCT-1,CSF,-0.09213303852210812
MS,CSF_16,GAGGTGAAGCGAAGGG-1,CSF,0.23495630077625593
MS,CSF_16,GAGGTGATCCCGGATG-1,CSF,0.308229011310372
MS,CSF_16,GAGTCCGAGTGGAGAA-1,CSF,0.10824377574181618
MS,CSF_16,GAGTCCGCACCATGTA-1,CSF,0.3950385294046554
MS,CSF_16,GATCAGTAGCTAGTTC-1,CSF,0.3034114786288944
MS,CSF_16,GATCAGTTCCTCAATT-1,CSF,-0.00426206622935115
MS,CSF_16,GATCGATCACAGCGTC-1,CSF,0.08611162227109048
MS,CSF_16,GATCGATGTAAGTGGC-1,CSF,0.09005074347452983
MS,CSF_16,GATCTAGTCTCAAGTG-1,CSF,-0.24822237232120642
MS,CSF_16,GATGAAAGTCAGAATA-1,CSF,0.052896170682013195
MS,CSF_16,GATGAAATCCTAGAAC-1,CSF,-0.24793192878588824
MS,CSF_16,GATGCTATCGCCGTGA-1,CSF,-0.09834107806026707
MS,CSF_16,GATTCAGAGGACGAAA-1,CSF,-0.2915115292515217
MS,CSF_16,GATTCAGCACATTAGC-1,CSF,-0.09834107806026707
MS,CSF_16,GATTCAGTCCCATTTA-1,CSF,-0.2628622096677506
MS,CSF_16,GATTCAGTCCTTGGTC-1,CSF,0.05105171631087673
MS,CSF_16,GCAAACTCACCAGGTC-1,CSF,0.13295574586675366
MS,CSF_16,GCAATCAAGCCCAATT-1,CSF,-0.05159519464814599
MS,CSF_16,GCACTCTTCGATCCCT-1,CSF,0.2042805315989941
MS,CSF_16,GCAGCCACAGACAAGC-1,CSF,-0.09834107806026707
MS,CSF_16,GCAGTTAAGTACGTTC-1,CSF,0.11410972699958137
MS,CSF_16,GCAGTTAGTACCGAGA-1,CSF,-0.09834107806026707
MS,CSF_16,GCAGTTAGTTCGAATC-1,CSF,-0.2591978379243903
MS,CSF_16,GCATACAAGAGATGAG-1,CSF,0.44360273796069377
MS,CSF_16,GCATACAAGCTAGTGG-1,CSF,0.3559733102270997
MS,CSF_16,GCATACATCAGAGCTT-1,CSF,0.8261827599145107
MS,CSF_16,GCATGCGAGGGTATCG-1,CSF,0.30229730308574115
MS,CSF_16,GCATGTAGTACAGCAG-1,CSF,0.626480406479069
MS,CSF_16,GCCAAATAGTGCCAGA-1,CSF,-0.119282446512477
MS,CSF_16,GCCAAATCACGGTTTA-1,CSF,-0.077133224951513
MS,CSF_16,GCCAAATGTTAGATGA-1,CSF,0.2487258116716343
MS,CSF_16,GCCTCTAAGAATGTTG-1,CSF,0.07803101286763893
MS,CSF_16,GCCTCTAAGACTACAA-1,CSF,0.04398074241423761
MS,CSF_16,GCCTCTAAGATCGATA-1,CSF,-0.09834107806026707
MS,CSF_16,GCCTCTACAAACGCGA-1,CSF,0.377893780865397
MS,CSF_16,GCCTCTACATACTCTT-1,CSF,-0.09834107806026707
MS,CSF_16,GCCTCTAGTATCGCAT-1,CSF,-0.09834107806026707
MS,CSF_16,GCCTCTAGTCTAGGTT-1,CSF,0.5579951172349941
MS,CSF_16,GCCTCTAGTTGACGTT-1,CSF,0.044015391680977886
MS,CSF_16,GCCTCTATCAACCATG-1,CSF,0.5578232318679264
MS,CSF_16,GCGCAACGTTAGGGTG-1,CSF,0.09458029267479197
MS,CSF_16,GCGCAACTCGACGGAA-1,CSF,0.17943445668548405
MS,CSF_16,GCGCAGTAGATCACGG-1-1,CSF,0.07239263448818747
MS,CSF_16,GCGCGATAGACTACAA-1,CSF,0.43466398589979666
MS,CSF_16,GCGCGATAGGCAATTA-1,CSF,0.3207864729914986
MS,CSF_16,GCGCGATCATGACATC-1,CSF,0.3357360280907194
MS,CSF_16,GCGCGATGTGTTAAGA-1,CSF,-0.26671190932121874
MS,CSF_16,GCGGGTTCAAGTCATC-1,CSF,-0.1975180172228665
MS,CSF_16,GCGGGTTGTACTCTCC-1,CSF,0.45814319778220725
MS,CSF_16,GCGGGTTGTATCTGCA-1,CSF,-0.09834107806026707
MS,CSF_16,GCGGGTTTCAGTCAGT-1,CSF,0.3129265763464256
MS,CSF_16,GCTCCTATCATGCAAC-1,CSF,-0.16402878666138276
MS,CSF_16,GCTCTGTCACGTCAGC-1,CSF,0.3123954660758174
MS,CSF_16,GCTGCAGAGGTGTGGT-1,CSF,0.08300199670656935
MS,CSF_16,GCTGCAGTCCCAGGTG-1,CSF,-0.030326682025501928
MS,CSF_16,GCTGCAGTCCGATATG-1,CSF,0.14111969148411715
MS,CSF_16,GCTGCTTAGCGTAATA-1,CSF,0.3537824262393952
MS,CSF_16,GCTGCTTGTGCAACTT-1,CSF,0.30124498626155555
MS,CSF_16,GCTGGGTGTTGGTGGA-1,CSF,-0.05265408928149579
MS,CSF_16,GGAAAGCAGAAGATTC-1,CSF,0.5414988108440837
MS,CSF_16,GGAAAGCAGTAGCCGA-1,CSF,-0.00219821458201655
MS,CSF_16,GGAAAGCGTCTAGTGT-1,CSF,-0.09834107806026707
MS,CSF_16,GGAAAGCTCTTCGGTC-1,CSF,-0.2662293096721826
MS,CSF_16,GGAACTTGTACATGTC-1,CSF,-0.42221671062355143
MS,CSF_16,GGAATAACAACACGCC-1,CSF,-0.09834107806026707
MS,CSF_16,GGAATAACACGGTAAG-1,CSF,-0.2020290107655649
MS,CSF_16,GGAATAACATGGGAAC-1,CSF,0.2446393988965561
MS,CSF_16,GGACAAGCAAAGGAAG-1,CSF,0.43519556713974217
MS,CSF_16,GGACAGAAGACTAAGT-1,CSF,0.03336403484063992
MS,CSF_16,GGACAGAGTTGATTCG-1,CSF,0.07594735701484454
MS,CSF_16,GGACAGATCGTTACAG-1,CSF,-0.1903521229379729
MS,CSF_16,GGACGTCCAGGGTATG-1,CSF,0.0796127506753058
MS,CSF_16,GGACGTCTCAGAAATG-1,CSF,-0.13082074544906458
MS,CSF_16,GGAGCAAAGGCCCTCA-1,CSF,0.26549377682375985
MS,CSF_16,GGATTACGTTCACGGC-1,CSF,0.3873269668349765
MS,CSF_16,GGCAATTAGTCACGCC-1,CSF,-0.21484448962795394
MS,CSF_16,GGCCGATAGTACGTAA-1,CSF,0.4279077989976999
MS,CSF_16,GGCGACTAGTGCCAGA-1,CSF,0.06490458563146505
MS,CSF_16,GGCGTGTCACATTTCT-1,CSF,0.24581228938751348
MS,CSF_16,GGCGTGTTCTACGAGT-1,CSF,0.7217501166162819
MS,CSF_16,GGCTCGAAGTCCATAC-1,CSF,0.17268196036192127
MS,CSF_16,GGCTCGACAGCCTGTG-1,CSF,0.6814356092686225
MS,CSF_16,GGCTCGAGTCGACTAT-1,CSF,0.4122362799861112
MS,CSF_16,GGCTCGAGTGAGGCTA-1,CSF,-0.030808635296292578
MS,CSF_16,GGCTCGAGTTGTACAC-1,CSF,0.08024780380973237
MS,CSF_16,GGCTGGTAGTACACCT-1,CSF,0.2339097096792879
MS,CSF_16,GGGAATGCAGACGTAG-1,CSF,0.4849006081447326
MS,CSF_16,GGGAATGCAGGCTGAA-1,CSF,0.3340042434110893
MS,CSF_16,GGGAATGTCCACTGGG-1,CSF,-0.09834107806026707
MS,CSF_16,GGGACCTAGCCACGTC-1,CSF,0.05322727601617875
MS,CSF_16,GGGACCTTCCCTAACC-1,CSF,-0.09834107806026707
MS,CSF_16,GGGACCTTCGGCGCAT-1,CSF,0.02290092473036035
MS,CSF_16,GGGAGATAGGACACCA-1,CSF,-0.09834107806026707
MS,CSF_16,GGGATGACACTCAGGC-1,CSF,0.1837723266542153
MS,CSF_16,GGGCACTCACCCATTC-1,CSF,-0.09834107806026707
MS,CSF_16,GGGTCTGAGCTGCAAG-1,CSF,0.5254310731828059
MS,CSF_16,GGGTCTGCAATCACAC-1,CSF,-0.23212351932238517
MS,CSF_16,GGGTCTGCACGGTAAG-1,CSF,0.3590093784571187
MS,CSF_16,GGGTCTGGTCGAATCT-1,CSF,0.5283384712958051
MS,CSF_16,GGGTTGCGTCGACTGC-1,CSF,0.08633534931787991
MS,CSF_16,GGGTTGCTCCACGCAG-1,CSF,0.1982136833727322
MS,CSF_16,GGTATTGAGGAACTGC-1,CSF,0.24251723932110275
MS,CSF_16,GGTATTGCACCCAGTG-1,CSF,-0.09834107806026707
MS,CSF_16,GGTGCGTTCGCCCTTA-1,CSF,0.038288973322820344
MS,CSF_16,GGTGTTAGTACCGCTG-1,CSF,0.2556599639603488
MS,CSF_16,GGTGTTAGTTAAGTAG-1,CSF,0.099560475093581
MS,CSF_16,GGTGTTATCCAAACAC-1,CSF,0.056764745038211516
MS,CSF_16,GGTGTTATCCGGGTGT-1,CSF,-0.49746262794055607
MS,CSF_16,GTAACGTCAGGATCGA-1,CSF,0.4085354569485936
MS,CSF_16,GTAACGTGTACCATCA-1,CSF,0.550411854913425
MS,CSF_16,GTAACTGAGGGTCGAT-1,CSF,0.32565756424294456
MS,CSF_16,GTAACTGCAGACAAGC-1,CSF,-0.09834107806026707
MS,CSF_16,GTAACTGCAGGGCATA-1,CSF,-0.09834107806026707
MS,CSF_16,GTAACTGGTATGAAAC-1,CSF,0.04904078357740376
MS,CSF_16,GTACGTATCCGTTGTC-1,CSF,0.07245691385474713
MS,CSF_16,GTACTCCAGCCCTAAT-1,CSF,0.015585760169852013
MS,CSF_16,GTAGTCAAGAGAGCTC-1,CSF,0.2460791432087588
MS,CSF_16,GTAGTCACAAAGCAAT-1,CSF,-0.09834107806026707
MS,CSF_16,GTAGTCAGTGCAGGTA-1,CSF,0.43896193992197047
MS,CSF_16,GTAGTCAGTGCCTGGT-1,CSF,-0.2791459950039067
MS,CSF_16,GTATCTTCATATACGC-1,CSF,0.04836653584090222
MS,CSF_16,GTATCTTGTCAGAAGC-1,CSF,-0.0005303625362275291
MS,CSF_16,GTCAAGTAGATAGCAT-1,CSF,-0.17578512577797611
MS,CSF_16,GTCACAAAGTTACGGG-1,CSF,-0.0519204551485803
MS,CSF_16,GTCATTTGTTAGTGGG-1,CSF,-0.031269041676801876
MS,CSF_16,GTCGGGTGTTCGCGAC-1,CSF,0.37977483254946237
MS,CSF_16,GTCGTAACATGTCGAT-1,CSF,-0.09834107806026707
MS,CSF_16,GTCGTAAGTGTGACCC-1,CSF,0.3662584357727744
MS,CSF_16,GTCTCGTAGGTGTGGT-1,CSF,-0.2146913132769662
MS,CSF_16,GTCTCGTAGTCCGGTC-1,CSF,0.06709755407175577
MS,CSF_16,GTCTCGTCAGTCACTA-1,CSF,0.059717828886544644
MS,CSF_16,GTCTCGTTCATTGCCC-1,CSF,-0.11127849305149103
MS,CSF_16,GTCTTCGAGTGCCATT-1,CSF,-0.09834107806026707
MS,CSF_16,GTCTTCGCAATTGCTG-1,CSF,-0.19164033633940636
MS,CSF_16,GTCTTCGGTTTGACTG-1,CSF,-0.516134818792892
MS,CSF_16,GTCTTCGTCCACGCAG-1,CSF,0.2746048862229414
MS,CSF_16,GTCTTCGTCCCTTGCA-1,CSF,0.4535206720655225
MS,CSF_16,GTGAAGGGTGCATCTA-1,CSF,0.2925301445978082
MS,CSF_16,GTGAAGGTCGCCTGAG-1,CSF,0.09344692139475771
MS,CSF_16,GTGAAGGTCGGCATCG-1,CSF,-0.09834107806026707
MS,CSF_16,GTGCAGCTCAACGAAA-1,CSF,0.6996621747255641
MS,CSF_16,GTGCAGCTCTAGAGTC-1,CSF,-0.09834107806026707
MS,CSF_16,GTGCTTCAGTCCTCCT-1,CSF,-0.09834107806026707
MS,CSF_16,GTGCTTCGTCATATGC-1,CSF,0.029810287216234504
MS,CSF_16,GTGGGTCCATACAGCT-1,CSF,0.3676931266857816
MS,CSF_16,GTGTGCGGTATGAAAC-1,CSF,-0.09385695534339353
MS,CSF_16,GTGTTAGGTTAAGGGC-1,CSF,-0.09834107806026707
MS,CSF_16,GTTAAGCAGAATTCCC-1,CSF,0.08343291859308154
MS,CSF_16,GTTAAGCCAACTGCTA-1,CSF,-0.08029475119822323
MS,CSF_16,GTTAAGCCAAGTTGTC-1,CSF,-0.09834107806026707
MS,CSF_16,GTTAAGCCAGGATTGG-1,CSF,0.15793511439348332
MS,CSF_16,GTTAAGCCAGTGGAGT-1,CSF,0.16311133924152038
MS,CSF_16,GTTAAGCCATATACGC-1,CSF,0.645014753898306
MS,CSF_16,GTTACAGAGAAGGACA-1,CSF,0.13403711019199768
MS,CSF_16,GTTACAGGTGAGTATA-1,CSF,0.06187028604371369
MS,CSF_16,GTTCATTCACGGTAGA-1,CSF,0.21239987430156643
MS,CSF_16,GTTCGGGTCCAAACAC-1,CSF,0.3173479093092536
MS,CSF_16,GTTCTCGCAGCCTTGG-1,CSF,0.02786994940427742
MS,CSF_16,GTTCTCGGTGTATGGG-1,CSF,-0.03146150856856851
MS,CSF_16,GTTCTCGTCACCTTAT-1,CSF,0.23392828554324527
MS,CSF_16,GTTTCTAGTTGACGTT-1,CSF,0.03744959752719851
MS,CSF_16,TAAACCGGTGGTCCGT-1,CSF,0.08508295263525631
MS,CSF_16,TAAGAGAAGGCAAAGA-1,CSF,0.16601829828106945
MS,CSF_16,TAAGCGTCACCGAATT-1,CSF,0.3630220633036437
MS,CSF_16,TAAGTGCTCTCGTTTA-1,CSF,0.2900260880331791
MS,CSF_16,TACACGAAGCGATATA-1,CSF,-0.17657462220866002
MS,CSF_16,TACACGATCATTATCC-1,CSF,-0.2905466521547226
MS,CSF_16,TACAGTGCAAGAAAGG-1,CSF,-0.1609228277112398
MS,CSF_16,TACAGTGCACGGTAGA-1,CSF,0.06689801044084852
MS,CSF_16,TACAGTGCATGTCCTC-1,CSF,0.11391579651224391
MS,CSF_16,TACCTTAAGAACTGTA-1,CSF,0.014345302129158985
MS,CSF_16,TACGGATTCTTGTACT-1,CSF,0.28117483002193544
MS,CSF_16,TACGGGCAGAACAACT-1,CSF,-0.03799755281201443
MS,CSF_16,TACGGGCCATTTGCTT-1,CSF,0.07243075267942152
MS,CSF_16,TACGGGCGTACAGTGG-1,CSF,-0.2671226467242112
MS,CSF_16,TACGGGCGTGTCAATC-1,CSF,-0.08718088149903813
MS,CSF_16,TACGGTAAGGATGTAT-1,CSF,1.4251635340603894
MS,CSF_16,TACTCATTCTGCGTAA-1,CSF,0.42828916703584446
MS,CSF_16,TACTTGTAGAGCTGGT-1,CSF,0.10567865454155985
MS,CSF_16,TAGACCAAGCGTCTAT-1,CSF,0.04568172766006661
MS,CSF_16,TAGAGCTGTACCGCTG-1,CSF,-0.09834107806026707
MS,CSF_16,TAGAGCTGTGGACGAT-1,CSF,0.26894474264198565
MS,CSF_16,TAGAGCTTCTCAAACG-1,CSF,-0.09834107806026707
MS,CSF_16,TAGCCGGAGTCCTCCT-1,CSF,-0.09834107806026707
MS,CSF_16,TAGCCGGCAAGTAGTA-1,CSF,-0.009790959891248563
MS,CSF_16,TAGTGGTAGCCTCGTG-1,CSF,0.2426417063368243
MS,CSF_16,TAGTGGTAGTTGTAGA-1,CSF,0.06495073859264175
MS,CSF_16,TAGTGGTGTACTTGAC-1,CSF,-0.09834107806026707
MS,CSF_16,TATCAGGCACGCTTTC-1,CSF,0.1291172408252211
MS,CSF_16,TATCAGGCATTGTGCA-1,CSF,-0.1475066723394835
MS,CSF_16,TATCTCAAGAGGTTGC-1,CSF,0.11054683486538745
MS,CSF_16,TATCTCAGTCAGCTAT-1,CSF,0.15218412680871543
MS,CSF_16,TATGCCCAGGAGCGAG-1,CSF,0.1757628839239567
MS,CSF_16,TATTACCAGCTCCCAG-1,CSF,0.15813653268903508
MS,CSF_16,TATTACCAGTCTTGCA-1,CSF,0.06335635876608062
MS,CSF_16,TATTACCCACCATCCT-1,CSF,0.09018933067560693
MS,CSF_16,TATTACCCAGTAACGG-1,CSF,0.050650634453980985
MS,CSF_16,TCAACGACAAAGCAAT-1,CSF,-0.10366672408400882
MS,CSF_16,TCAATCTAGTGCAAGC-1,CSF,0.35119825222212653
MS,CSF_16,TCAATCTGTGCACGAA-1,CSF,-0.3952974349470771
MS,CSF_16,TCACAAGAGCTAGCCC-1,CSF,-0.20474161706427033
MS,CSF_16,TCACAAGAGGCCCTTG-1,CSF,-0.4348198748834782
MS,CSF_16,TCACAAGAGTAAGTAC-1,CSF,0.27896902430494225
MS,CSF_16,TCACAAGTCATTCACT-1,CSF,-0.09834107806026707
MS,CSF_16,TCACAAGTCCGGCACA-1,CSF,-0.0443486500306607
MS,CSF_16,TCACAAGTCCGTCAAA-1,CSF,0.11078270205139676
MS,CSF_16,TCACAAGTCTTAGAGC-1,CSF,-0.30024776249027846
MS,CSF_16,TCACGAAGTGCTTCTC-1,CSF,-0.04024011592153215
MS,CSF_16,TCACGAATCGCCTGAG-1,CSF,0.07793901009508693
MS,CSF_16,TCAGATGAGAGCCTAG-1,CSF,-0.29369229594568863
MS,CSF_16,TCAGATGAGGTACTCT-1,CSF,0.37173917114582916
MS,CSF_16,TCAGATGAGTGTGAAT-1,CSF,-0.09834107806026707
MS,CSF_16,TCAGCAAAGAGGTACC-1,CSF,0.06849633124843671
MS,CSF_16,TCAGCAACACTTAAGC-1,CSF,-0.16310139275720606
MS,CSF_16,TCAGGATAGGTGTTAA-1,CSF,0.06343443714566556
MS,CSF_16,TCAGGATAGTCAAGGC-1,CSF,0.038485616058566326
MS,CSF_16,TCAGGATGTCAAACTC-1,CSF,0.1304642653851078
MS,CSF_16,TCAGGTAAGTAGCCGA-1,CSF,-0.09834107806026707
MS,CSF_16,TCAGGTACAGACAAAT-1,CSF,0.42294995112983436
MS,CSF_16,TCAGGTAGTGTTCGAT-1,CSF,-0.09834107806026707
MS,CSF_16,TCAGGTATCTAACTCT-1,CSF,0.28290829810218787
MS,CSF_16,TCATTACCAATAGAGT-1,CSF,-0.09834107806026707
MS,CSF_16,TCATTACGTTATCGGT-1,CSF,0.32367595680250677
MS,CSF_16,TCATTACTCACATACG-1,CSF,0.20618112748701217
MS,CSF_16,TCATTACTCGGGAGTA-1,CSF,0.6937765632230507
MS,CSF_16,TCATTTGAGAGCCCAA-1,CSF,0.2837792548100484
MS,CSF_16,TCATTTGCACTTAACG-1,CSF,-0.010309460414693463
MS,CSF_16,TCATTTGCAGGTGCCT-1,CSF,0.08213484641969204
MS,CSF_16,TCCACACCACCACGTG-1,CSF,0.1613340762320888
MS,CSF_16,TCCACACTCAAAGTAG-1,CSF,-0.031792275730734745
MS,CSF_16,TCCCGATAGAGAACAG-1,CSF,0.13292457420450862
MS,CSF_16,TCGAGGCGTGGCCCTA-1,CSF,-0.09834107806026707
MS,CSF_16,TCGAGGCTCATGGTCA-1,CSF,-0.03269145725290314
MS,CSF_16,TCGCGAGGTAGCGCAA-1,CSF,-0.09834107806026707
MS,CSF_16,TCGCGAGGTTGGGACA-1,CSF,0.28966368184427843
MS,CSF_16,TCGCGTTTCGTCACGG-1,CSF,0.2328096614297143
MS,CSF_16,TCGGGACAGGCCATAG-1,CSF,0.4990653178197763
MS,CSF_16,TCGGGACCAGTTAACC-1,CSF,0.11285391713070413
MS,CSF_16,TCGTACCAGTGGTAGC-1,CSF,-0.0023867972269808746
MS,CSF_16,TCGTACCAGTTCCACA-1,CSF,0.13998189808271672
MS,CSF_16,TCTATTGAGATGCCAG-1,CSF,-0.09834107806026707
MS,CSF_16,TCTATTGAGTCACGCC-1,CSF,0.3644657295989952
MS,CSF_16,TCTCATAGTAAGTAGT-1,CSF,-0.030644765720636902
MS,CSF_16,TCTCATAGTCTCTCTG-1,CSF,0.05747690877573651
MS,CSF_16,TCTCATAGTGTAAGTA-1,CSF,0.08575290752236715
MS,CSF_16,TCTCATATCTCTTGAT-1,CSF,-0.013905648117117602
MS,CSF_16,TCTCTAATCAAACCAC-1,CSF,-0.1065171763746664
MS,CSF_16,TCTGGAAGTTGATTGC-1,CSF,-0.04526303794800257
MS,CSF_16,TCTTCGGAGACAGAGA-1,CSF,-0.2114847935071292
MS,CSF_16,TCTTCGGCACAGTCGC-1,CSF,-0.09834107806026707
MS,CSF_16,TCTTCGGCACGTCTCT-1,CSF,0.5581200741505772
MS,CSF_16,TCTTCGGCATTAGGCT-1,CSF,-0.1045622488790977
MS,CSF_16,TCTTCGGTCATATCGG-1,CSF,0.1386079348889663
MS,CSF_16,TCTTCGGTCGAATCCA-1,CSF,0.03446656186414491
MS,CSF_16,TCTTTCCCATACGCCG-1,CSF,-0.02670368021015
MS,CSF_16,TCTTTCCGTAAGAGGA-1,CSF,-0.3440617784486613
MS,CSF_16,TGAAAGAGTATAGGTA-1,CSF,-0.1998618792437959
MS,CSF_16,TGACAACTCACGGTTA-1,CSF,0.5348144490555866
MS,CSF_16,TGACGGCAGGCAGTCA-1,CSF,-0.5625812202736497
MS,CSF_16,TGACGGCGTGACAAAT-1,CSF,0.3769751962344582
MS,CSF_16,TGACTAGAGGATTCGG-1,CSF,0.08353808894324158
MS,CSF_16,TGACTAGTCTCTAAGG-1,CSF,0.335470338199804
MS,CSF_16,TGAGAGGAGAGAGCTC-1,CSF,-0.09834107806026707
MS,CSF_16,TGAGAGGAGCTAAGAT-1,CSF,-0.09834107806026707
MS,CSF_16,TGAGAGGCAGTGGGAT-1,CSF,-0.28712906835305024
MS,CSF_16,TGAGAGGTCCAAGTAC-1,CSF,0.6236252217865348
MS,CSF_16,TGAGCATCATGTTGAC-1,CSF,0.20531816543801726
MS,CSF_16,TGAGCATTCTACCAGA-1,CSF,0.11010420557185584
MS,CSF_16,TGAGGGAGTAGCTAAA-1,CSF,0.1605920097257021
MS,CSF_16,TGATTTCAGATGTTAG-1,CSF,0.3376329403260652
MS,CSF_16,TGCACCTTCTCAAACG-1,CSF,0.04890698823632903
MS,CSF_16,TGCCCATAGGACAGCT-1,CSF,0.07027691972544366
MS,CSF_16,TGCCCTACACGTTGGC-1,CSF,0.14097286143192223
MS,CSF_16,TGCGCAGAGAAACCGC-1,CSF,-0.09834107806026707
MS,CSF_16,TGCGCAGAGTAAGTAC-1-1,CSF,0.12298290001208771
MS,CSF_16,TGCGCAGGTAAATACG-1,CSF,-0.09834107806026707
MS,CSF_16,TGCGCAGGTCAATGTC-1,CSF,0.08778017029999567
MS,CSF_16,TGCGCAGTCGTACGGC-1,CSF,-0.09834107806026707
MS,CSF_16,TGCGCAGTCTACTCAT-1,CSF,0.09662895177441928
MS,CSF_16,TGCGGGTCAGTCCTTC-1,CSF,0.1767702556488815
MS,CSF_16,TGCGGGTTCGGAAACG-1,CSF,0.19757113087206937
MS,CSF_16,TGCGTGGGTAATCACC-1,CSF,-0.3661320263732183
MS,CSF_16,TGCGTGGTCTCCAGGG-1,CSF,0.32130388428562207
MS,CSF_16,TGCTACCCACGGTAGA-1,CSF,-0.026581298604870986
MS,CSF_16,TGCTACCGTCCAGTTA-1,CSF,-0.048907423346482085
MS,CSF_16,TGCTACCGTCTTCGTC-1,CSF,-0.10827423076041846
MS,CSF_16,TGCTGCTAGGACATTA-1,CSF,-0.09834107806026707
MS,CSF_16,TGCTGCTTCTGTCTCG-1,CSF,0.39445100746705214
MS,CSF_16,TGGACGCAGTGAAGAG-1,CSF,0.04957618228956974
MS,CSF_16,TGGCCAGAGTAGCCGA-1,CSF,0.10789565791317442
MS,CSF_16,TGGCGCAAGGATATAC-1,CSF,0.6261450067932044
MS,CSF_16,TGGCGCAGTCTTGATG-1,CSF,0.07013465500078031
MS,CSF_16,TGGCGCATCACCGGGT-1,CSF,0.08474829680122975
MS,CSF_16,TGGCTGGAGCCAGGAT-1,CSF,0.14871755056718675
MS,CSF_16,TGGCTGGGTAAGTTCC-1,CSF,0.2745708238650677
MS,CSF_16,TGGGAAGAGCAGCGTA-1,CSF,0.22573575679281616
MS,CSF_16,TGGGAAGAGCGATAGC-1,CSF,0.04275983749138026
MS,CSF_16,TGGGAAGTCGAATGGG-1,CSF,0.33953327405092226
MS,CSF_16,TGGGCGTAGATGCCTT-1,CSF,0.12890031831169016
MS,CSF_16,TGGGCGTAGCGTTCCG-1,CSF,0.3383818044845536
MS,CSF_16,TGGGCGTTCTTGCATT-1,CSF,-0.27270858765980727
MS,CSF_16,TGGTTAGGTCGCCATG-1,CSF,0.6481271124591664
MS,CSF_16,TGGTTAGTCGAACGGA-1,CSF,0.16515706362774937
MS,CSF_16,TGGTTCCAGTGGGATC-1,CSF,0.27550135238841794
MS,CSF_16,TGGTTCCCACCACCAG-1,CSF,0.38536140261209756
MS,CSF_16,TGGTTCCGTACTCTCC-1,CSF,0.1116151755343363
MS,CSF_16,TGTATTCCACTCTGTC-1,CSF,0.02614634652558074
MS,CSF_16,TGTATTCTCCTTAATC-1,CSF,0.4233852016351874
MS,CSF_16,TGTCCCAGTCAAAGAT-1,CSF,0.14640514529127074
MS,CSF_16,TGTGGTAAGAGCCTAG-1,CSF,0.21075428773834595
MS,CSF_16,TGTGGTATCCAAAGTC-1,CSF,-0.1444403517229553
MS,CSF_16,TGTTCCGTCACAATGC-1,CSF,0.3264238564812486
MS,CSF_16,TTAACTCGTTCGTTGA-1,CSF,-0.09834107806026707
MS,CSF_16,TTAGGACAGTCCCACG-1,CSF,-0.21621248647662855
MS,CSF_16,TTAGGACCATCATCCC-1,CSF,0.06704389809889426
MS,CSF_16,TTAGGCAGTTTACTCT-1,CSF,0.21514483062788559
MS,CSF_16,TTATGCTAGATGTGGC-1,CSF,0.39451601444356094
MS,CSF_16,TTATGCTAGCTTCGCG-1,CSF,-0.09834107806026707
MS,CSF_16,TTATGCTTCCTACAGA-1,CSF,0.3970238337965325
MS,CSF_16,TTCCCAGAGACAAGCC-1,CSF,0.20649012486969415
MS,CSF_16,TTCGAAGCAGTAAGCG-1,CSF,-0.08170170476082093
MS,CSF_16,TTCGGTCTCCATGCTC-1,CSF,0.06777995002796679
MS,CSF_16,TTCTACAGTGCACCAC-1,CSF,0.2000951156714858
MS,CSF_16,TTCTCAAGTGTATGGG-1,CSF,0.05687822013740639
MS,CSF_16,TTGAACGGTGAGGGTT-1,CSF,-0.09834107806026707
MS,CSF_16,TTGAACGGTTAAGAAC-1,CSF,0.33696190580167945
MS,CSF_16,TTGAACGTCACATAGC-1,CSF,-0.1530757110346356
MS,CSF_16,TTGAACGTCCAGGGCT-1,CSF,0.23533957699876848
MS,CSF_16,TTGACTTAGCTACCTA-1,CSF,-0.027604900240286303
MS,CSF_16,TTGACTTCACAGATTC-1,CSF,0.08306545258232426
MS,CSF_16,TTGCCGTAGCTCCTCT-1,CSF,0.050660368516934784
MS,CSF_16,TTGCCGTTCGCGGATC-1,CSF,0.2779431527326211
MS,CSF_16,TTGCGTCAGCTGAACG-1,CSF,-0.09197980206096863
MS,CSF_16,TTGCGTCAGTCTTGCA-1,CSF,0.24482591357318176
MS,CSF_16,TTGGAACGTGAGTATA-1,CSF,-0.06516853078651992
MS,CSF_16,TTGGCAAAGAGGTACC-1,CSF,0.07944171637863495
MS,CSF_16,TTGGCAACAGCTCGCA-1,CSF,0.060929294711178576
MS,CSF_16,TTGGCAAGTAAGTGGC-1,CSF,0.16722895118509057
MS,CSF_16,TTTACTGAGGCGATAC-1,CSF,-0.26206940268021633
MS,CSF_16,TTTACTGTCGATGAGG-1,CSF,0.2435338445200534
MS,CSF_16,TTTCCTCGTAGCACGA-1,CSF,-0.09834107806026707
MS,CSF_16,TTTCCTCGTGTTTGTG-1,CSF,0.7649846999295962
MS,CSF_16,TTTCCTCTCCAGATCA-1,CSF,0.3086360002106276
MS,CSF_16,TTTGCGCAGACTAGGC-1,CSF,0.1665369300805161
MS,CSF_16,TTTGGTTAGCTGGAAC-1,CSF,0.08155540026204353
MS,CSF_16,TTTGGTTTCGAATGGG-1,CSF,-0.09834107806026707
MS,CSF_22,AAGGCAGTCGTAGGTT-1,CSF,-0.09834107806026707
MS,CSF_22,ACTTACTGTAAGGATT-1,CSF,-1.6955955609553857
MS,CSF_22,ACTTGTTTCTGCTTGC-1,CSF,0.14737152332683107
MS,CSF_22,AGATTGCAGGGTTCCC-1,CSF,-0.2755332635276467
MS,CSF_22,AGGTCATGTACAAGTA-1,CSF,-0.28957999389475414
MS,CSF_22,ATTCTACAGTTGCAGG-1,CSF,-0.2419798900316017
MS,CSF_22,CACCTTGTCTCAACTT-1,CSF,0.0684379730091598
MS,CSF_22,CCATTCGTCTTCTGGC-1,CSF,-0.09834107806026707
MS,CSF_22,CCTACCACATTGTGCA-1,CSF,-0.15205331477072778
MS,CSF_22,CGAATGTAGCCGGTAA-1,CSF,0.11029339655356682
MS,CSF_22,CGAGAAGAGTGACATA-1,CSF,-0.24023061087113426
MS,CSF_22,CTGCCTACATTCTCAT-1,CSF,0.4461609718063115
MS,CSF_22,CTGGTCTCACAAGCCC-1,CSF,0.44602999044106706
MS,CSF_22,GAATAAGTCGTTACAG-1,CSF,-0.4039358179915235
MS,CSF_22,GACACGCTCAAGGCTT-1,CSF,-0.0111955293391264
MS,CSF_22,GACAGAGCAGGGATTG-1,CSF,0.36175485228155413
MS,CSF_22,GACGCGTAGTATGACA-1,CSF,-0.07476605875873107
MS,CSF_22,GATCGCGCACTGTGTA-1,CSF,-0.2642021855996524
MS,CSF_22,GATGAAAAGACAGAGA-1,CSF,0.04566310472103268
MS,CSF_22,GCAATCAAGATGCCTT-1,CSF,0.024855915365977484
MS,CSF_22,GCAGCCATCGTCTGCT-1,CSF,0.04942089951125838
MS,CSF_22,GCCTCTACAAGCGCTC-1,CSF,-0.09834107806026707
MS,CSF_22,GCGACCAGTCCGAATT-1,CSF,0.12267052701257808
MS,CSF_22,GGGCACTAGACACTAA-1,CSF,0.23374034489965242
MS,CSF_22,GTAACGTTCTCTAAGG-1,CSF,0.11692174547560698
MS,CSF_22,GTAACTGTCGAACGGA-1,CSF,-0.09834107806026707
MS,CSF_22,GTATCTTTCAGCAACT-1,CSF,0.06018720397223954
MS,CSF_22,GTCGGGTGTCTAGCCG-1,CSF,-0.10606500534582097
MS,CSF_22,GTCTTCGCAATGACCT-1,CSF,-0.03654217987902491
MS,CSF_22,GTTACAGGTTCTGGTA-1,CSF,0.311440365086627
MS,CSF_22,GTTCTCGAGCAGGCTA-1,CSF,0.3369303301628609
MS,CSF_22,TACGGGCGTAAGGGCT-1,CSF,-0.01578233982104246
MS,CSF_22,TACTCATGTTTAAGCC-1,CSF,-0.27991078638809475
MS,CSF_22,TACTTACTCTGTACGA-1,CSF,0.09481047406684204
MS,CSF_22,TACTTGTGTGAGGGAG-1,CSF,-0.5145526422142673
MS,CSF_22,TCGCGAGTCTGTTGAG-1,CSF,-0.20263217289026095
MS,CSF_22,TCGCGTTAGACGCACA-1,CSF,-0.09834107806026707
MS,CSF_22,TGACAACAGGTGGGTT-1,CSF,-0.2855601027966111
MS,CSF_22,TTAACTCTCAAGGCTT-1,CSF,0.005469186687139542
MS,CSF_22,TTCTTAGCAGCTCGCA-1,CSF,-0.41214309652687336
MS,CSF_24,AACCGCGAGCAGACTG-1,CSF,-0.013772568367173919
MS,CSF_24,AACTCCCGTAAGCACG-1,CSF,0.3097799339439517
MS,CSF_24,AATCCAGGTATAGTAG-1,CSF,-0.09834107806026707
MS,CSF_24,ACACCCTCATGTTGAC-1,CSF,-0.09834107806026707
MS,CSF_24,ACACTGATCTATGTGG-1,CSF,-0.09834107806026707
MS,CSF_24,ACAGCTACAATGACCT-1,CSF,0.3760587899815411
MS,CSF_24,ACATACGCACCAGTTA-1,CSF,0.11276671011638663
MS,CSF_24,ACATCAGTCATCACCC-1,CSF,-0.2584915982339469
MS,CSF_24,ACCCACTGTATAAACG-1,CSF,0.023270528025673372
MS,CSF_24,ACCGTAACAGACGCCT-1,CSF,0.3520983914753723
MS,CSF_24,ACGAGGACAGGGCATA-1,CSF,0.29080386135271724
MS,CSF_24,ACGCAGCTCCGCGCAA-1,CSF,-0.2165604202990567
MS,CSF_24,ACGGGCTAGGCAATTA-1,CSF,0.5984760437674266
MS,CSF_24,ACGTCAATCTCTAGGA-1,CSF,0.11568305740643667
MS,CSF_24,ACTATCTCAGGGTATG-1,CSF,-0.37791841884836536
MS,CSF_24,ACTATCTTCTGCCAGG-1,CSF,0.13358804075057534
MS,CSF_24,ACTGAACCAGCTATTG-1,CSF,-0.09834107806026707
MS,CSF_24,ACTGAACGTCTGCAAT-1,CSF,-0.23789604305312512
MS,CSF_24,ACTGCTCTCATGTGGT-1,CSF,0.977769763827923
MS,CSF_24,ACTTGTTAGTCATGCT-1,CSF,0.397554845078845
MS,CSF_24,ACTTTCAAGGCGATAC-1,CSF,-0.11979276290230174
MS,CSF_24,ACTTTCAGTTACGTCA-1,CSF,-0.25663922725899474
MS,CSF_24,AGAATAGAGGATATAC-1,CSF,0.42556118196169956
MS,CSF_24,AGACGTTCAAAGCGGT-1,CSF,-0.37437698266095837
MS,CSF_24,AGAGCGAAGACGCACA-1,CSF,0.5474618953755748
MS,CSF_24,AGAGCTTCAAGCCGCT-1,CSF,-0.1346631786912794
MS,CSF_24,AGAGCTTGTCCGACGT-1,CSF,0.13595599421276808
MS,CSF_24,AGATCTGAGCGATAGC-1,CSF,0.5165222804820456
MS,CSF_24,AGCGTCGTCCACGTGG-1,CSF,-0.656870149591743
MS,CSF_24,AGGCCGTCAATAGAGT-1,CSF,-0.09834107806026707
MS,CSF_24,AGGGTGATCAGAGGTG-1,CSF,0.29313259556668986
MS,CSF_24,AGGTCATAGCTGTCTA-1,CSF,-0.40325490042276374
MS,CSF_24,AGGTCCGCAGCATGAG-1,CSF,0.3687156101968477
MS,CSF_24,AGTCTTTCACAGCGTC-1,CSF,0.15938226333512268
MS,CSF_24,AGTCTTTCATCGGTTA-1,CSF,-0.09834107806026707
MS,CSF_24,AGTCTTTGTACAGTTC-1,CSF,0.3112348105243688
MS,CSF_24,AGTGAGGAGTTCGCAT-1,CSF,0.007704900068739711
MS,CSF_24,AGTGGGATCTTAGCCC-1,CSF,0.588093167846843
MS,CSF_24,AGTGTCAAGGTGATAT-1,CSF,-0.09834107806026707
MS,CSF_24,ATAAGAGGTAAGTGGC-1,CSF,0.24029574483844804
MS,CSF_24,ATAGACCCAGGTCGTC-1,CSF,-0.09834107806026707
MS,CSF_24,ATCACGAGTGCAGGTA-1,CSF,-0.09834107806026707
MS,CSF_24,ATCACGAGTTTGACTG-1,CSF,-0.24429743996481873
MS,CSF_24,ATCATCTAGTCTCCTC-1,CSF,0.27959141699150714
MS,CSF_24,ATCCACCGTATCAGTC-1,CSF,0.538648214676026
MS,CSF_24,ATCCGAACACGTCAGC-1,CSF,-0.09834107806026707
MS,CSF_24,ATCCGAAGTACAGTGG-1,CSF,0.3880178068852441
MS,CSF_24,ATCTGCCGTCTACCTC-1,CSF,-0.09834107806026707
MS,CSF_24,ATGGGAGCAAATCCGT-1,CSF,-0.09834107806026707
MS,CSF_24,ATGTGTGCAAGTTAAG-1,CSF,-0.20929692508520503
MS,CSF_24,ATTACTCCATTGGGCC-1,CSF,0.00733190870800834
MS,CSF_24,ATTACTCTCTGCTGTC-1,CSF,0.6006209716613145
MS,CSF_24,ATTCTACGTTGGTTTG-1,CSF,-0.225599653427335
MS,CSF_24,ATTCTACTCCCTTGCA-1,CSF,-0.09834107806026707
MS,CSF_24,ATTGGTGAGGCATGTG-1,CSF,-0.4552880878178385
MS,CSF_24,ATTGGTGCACTACAGT-1,CSF,-0.09834107806026707
MS,CSF_24,CAACCAAGTATAAACG-1,CSF,-0.514111161166425
MS,CSF_24,CAACCTCAGAGCTGCA-1,CSF,-0.09834107806026707
MS,CSF_24,CAAGAAAAGCTCCCAG-1,CSF,-0.4434616096791885
MS,CSF_24,CAAGAAATCATGGTCA-1,CSF,-0.3233574211431343
MS,CSF_24,CAAGATCCAGCAGTTT-1,CSF,0.31218297501009634
MS,CSF_24,CACCAGGTCCGTAGGC-1,CSF,-0.3615121884170818
MS,CSF_24,CACCTTGGTCAGTGGA-1,CSF,0.13497621298825208
MS,CSF_24,CAGCAGCAGCCGGTAA-1,CSF,0.021481122091009417
MS,CSF_24,CAGCGACCATCCAACA-1,CSF,-0.09834107806026707
MS,CSF_24,CAGCTGGTCTTGAGAC-1,CSF,-0.09834107806026707
MS,CSF_24,CAGGTGCAGCTAGGCA-1,CSF,0.12503571801372143
MS,CSF_24,CAGTCCTAGAGAGCTC-1,CSF,-0.2740524028227646
MS,CSF_24,CATCAGAGTCTAAAGA-1,CSF,0.26654263387523097
MS,CSF_24,CATCCACGTACCAGTT-1,CSF,0.06828273447076592
MS,CSF_24,CCAATCCCATTAGCCA-1,CSF,0.006749123567222558
MS,CSF_24,CCACCTACATCTGGTA-1,CSF,0.24122955627034814
MS,CSF_24,CCACGGAAGTGGTCCC-1,CSF,-0.09834107806026707
MS,CSF_24,CCAGCGATCACTGGGC-1,CSF,0.12589803295170263
MS,CSF_24,CCGGTAGCATCTATGG-1,CSF,0.2584025566095628
MS,CSF_24,CCGTACTCAATAAGCA-1,CSF,-0.2940133268563924
MS,CSF_24,CCGTGGAGTTGCGTTA-1,CSF,0.15784368844082192
MS,CSF_24,CCTAGCTTCCTGCTTG-1,CSF,0.13308820104186267
MS,CSF_24,CCTAGCTTCTCATTCA-1,CSF,-0.2380832749467578
MS,CSF_24,CGAACATGTATTACCG-1,CSF,0.41813995836542706
MS,CSF_24,CGCGTTTGTACAGACG-1,CSF,0.06624328381376511
MS,CSF_24,CGCGTTTTCTAACCGA-1,CSF,-0.26332746694782555
MS,CSF_24,CGCTATCAGTGAACGC-1,CSF,0.1901501403460179
MS,CSF_24,CGCTGGACAATGGACG-1,CSF,0.3563931885529375
MS,CSF_24,CGGACACCATAGAAAC-1,CSF,-0.42562178733474176
MS,CSF_24,CGGACACTCAATCACG-1,CSF,0.07011385343347525
MS,CSF_24,CGGACGTCATGAAGTA-1,CSF,0.22911248766575049
MS,CSF_24,CGGACTGCAAGTACCT-1,CSF,-0.09834107806026707
MS,CSF_24,CGGAGTCGTGCCTTGG-1,CSF,-0.3055996522226873
MS,CSF_24,CGGCTAGCAGTCACTA-1,CSF,-0.3618308217920093
MS,CSF_24,CGGGTCAGTAGCGTGA-1,CSF,0.1564818347047177
MS,CSF_24,CGGTTAAAGCGGCTTC-1,CSF,-0.09834107806026707
MS,CSF_24,CGTAGGCAGTAGATGT-1,CSF,-0.09834107806026707
MS,CSF_24,CGTCAGGAGTCCGGTC-1,CSF,0.14992917877303075
MS,CSF_24,CGTGAGCTCGCGTAGC-1,CSF,0.1852183365273399
MS,CSF_24,CGTTAGATCGGTCTAA-1,CSF,0.05818363602054878
MS,CSF_24,CTACCCATCTCTGAGA-1,CSF,-0.07964123642610613
MS,CSF_24,CTACGTCAGCACACAG-1,CSF,-0.09834107806026707
MS,CSF_24,CTACGTCGTTCTGGTA-1,CSF,-0.09834107806026707
MS,CSF_24,CTAGAGTCACTTAAGC-1,CSF,-0.29775116695137455
MS,CSF_24,CTAGAGTTCGTCCAGG-1,CSF,-0.09834107806026707
MS,CSF_24,CTAGCCTGTCTAGCCG-1,CSF,-0.2663179265487125
MS,CSF_24,CTAGCCTTCGACGGAA-1,CSF,0.2646406029784222
MS,CSF_24,CTCACACCACATGACT-1,CSF,-0.09834107806026707
MS,CSF_24,CTCATTAGTTAGGGTG-1,CSF,-0.09834107806026707
MS,CSF_24,CTCCTAGGTAGGACAC-1,CSF,-0.09834107806026707
MS,CSF_24,CTCTAATGTCGGCTCA-1,CSF,0.2565143006464139
MS,CSF_24,CTCTACGAGGGATACC-1,CSF,0.14672973909604317
MS,CSF_24,CTCTACGCATGATCCA-1,CSF,-0.09834107806026707
MS,CSF_24,CTCTGGTAGCTTATCG-1,CSF,0.22935389960672084
MS,CSF_24,CTGAAGTCAGTATGCT-1,CSF,0.24896522841056992
MS,CSF_24,CTGAAGTGTGGTCCGT-1,CSF,-0.09834107806026707
MS,CSF_24,CTGATAGCAATCGAAA-1,CSF,0.31084719275776823
MS,CSF_24,CTGCCTATCTCCCTGA-1,CSF,0.18923134278826415
MS,CSF_24,CTGCGGAGTCTTGCGG-1,CSF,0.11804642536844412
MS,CSF_24,CTGCTGTTCTAACTGG-1,CSF,0.42916411435199825
MS,CSF_24,CTGGTCTCAAATTGCC-1,CSF,-0.45434360129035306
MS,CSF_24,CTGTGCTGTCTTCTCG-1,CSF,-0.3217477627523501
MS,CSF_24,CTGTTTAGTCGCATAT-1,CSF,-0.09834107806026707
MS,CSF_24,CTTAACTGTCAAACTC-1,CSF,-0.09834107806026707
MS,CSF_24,CTTACCGCAAGGCTCC-1,CSF,-0.09834107806026707
MS,CSF_24,CTTCTCTAGTCCGGTC-1,CSF,-0.2706367773894257
MS,CSF_24,CTTTGCGCACATCCAA-1,CSF,0.5352886285563384
MS,CSF_24,GAACCTAAGAAGATTC-1,CSF,-0.09834107806026707
MS,CSF_24,GAACGGAAGGCTCAGA-1,CSF,-0.09834107806026707
MS,CSF_24,GAACGGATCCGCATCT-1,CSF,0.008832427674028365
MS,CSF_24,GAAGCAGAGTTCGCGC-1,CSF,-0.09834107806026707
MS,CSF_24,GAAGCAGCAGCCACCA-1,CSF,0.6246173936526531
MS,CSF_24,GAATAAGCAACGATCT-1,CSF,-0.09834107806026707
MS,CSF_24,GACACGCGTCGCGGTT-1,CSF,0.13964705834632068
MS,CSF_24,GACCAATGTCAAGCGA-1,CSF,-0.20775610250009385
MS,CSF_24,GACGCGTAGCTCCTTC-1,CSF,-0.09834107806026707
MS,CSF_24,GACTAACCACAGCGTC-1,CSF,-0.09834107806026707
MS,CSF_24,GACTGCGCAATCACAC-1,CSF,-0.09834107806026707
MS,CSF_24,GAGCAGACACCTTGTC-1,CSF,-0.09834107806026707
MS,CSF_24,GAGTCCGAGTGACTCT-1,CSF,-0.09834107806026707
MS,CSF_24,GATCAGTGTAGCACGA-1,CSF,-0.5487988159498509
MS,CSF_24,GATCGATGTGTAACGG-1,CSF,-0.09834107806026707
MS,CSF_24,GATCGCGTCCAAACAC-1,CSF,-0.09834107806026707
MS,CSF_24,GATTCAGCAGTAACGG-1,CSF,-0.09834107806026707
MS,CSF_24,GCAATCAAGCCCAGCT-1,CSF,-0.8952874660385246
MS,CSF_24,GCACTCTCAACGCACC-1,CSF,0.5705706081887211
MS,CSF_24,GCACTCTTCGAGAACG-1,CSF,-0.2567968770994488
MS,CSF_24,GCAGCCAAGCCGATTT-1,CSF,-0.09834107806026707
MS,CSF_24,GCATGATCACTAGTAC-1,CSF,-0.3919310824886324
MS,CSF_24,GCCAAATTCTTCAACT-1,CSF,0.24333430076224058
MS,CSF_24,GCGCAACGTACAGTGG-1,CSF,-0.09834107806026707
MS,CSF_24,GCGCAACGTGTGGTTT-1,CSF,-0.09834107806026707
MS,CSF_24,GCGCCAAAGATAGCAT-1,CSF,-0.28589556140440797
MS,CSF_24,GCTCTGTCATGGGAAC-1,CSF,-0.09834107806026707
MS,CSF_24,GCTGCAGTCCGCGCAA-1,CSF,-0.09834107806026707
MS,CSF_24,GCTGCAGTCGTCCGTT-1,CSF,0.18144737467196623
MS,CSF_24,GCTGCGACAAGCGCTC-1,CSF,0.3150600691070622
MS,CSF_24,GCTTCCAGTCGTTGTA-1,CSF,-0.09834107806026707
MS,CSF_24,GGACAGAAGTCACGCC-1,CSF,0.09484354616795136
MS,CSF_24,GGACATTCACGTCTCT-1,CSF,-0.19252683100949358
MS,CSF_24,GGCCGATTCTTTCCTC-1,CSF,-0.3896723232335851
MS,CSF_24,GGCGACTTCGGTGTCG-1,CSF,0.15515198981561662
MS,CSF_24,GGGAATGGTCATGCCG-1,CSF,-0.09834107806026707
MS,CSF_24,GGGATGACATCACCCT-1,CSF,-0.09834107806026707
MS,CSF_24,GGGATGAGTTTAGGAA-1,CSF,-0.11232289531803298
MS,CSF_24,GGTATTGAGAGGGATA-1,CSF,-0.2613373706531816
MS,CSF_24,GGTATTGCAATTCCTT-1,CSF,-0.47522168729175274
MS,CSF_24,GGTGAAGGTAAAGTCA-1,CSF,0.15409547915282987
MS,CSF_24,GTAACTGAGGCATTGG-1,CSF,0.11799662791080119
MS,CSF_24,GTAGGCCAGGATTCGG-1,CSF,0.12914340013501177
MS,CSF_24,GTAGTCAGTAGCGTCC-1,CSF,-0.3226775387495917
MS,CSF_24,GTATCTTTCATGTCCC-1,CSF,0.16115281251685193
MS,CSF_24,GTCACAACAATGCCAT-1,CSF,0.40951923330640944
MS,CSF_24,GTCACAACAGGACGTA-1,CSF,0.43612833999903083
MS,CSF_24,GTCACGGTCAAACCAC-1,CSF,-0.01239145319771833
MS,CSF_24,GTCGGGTCAATCTGCA-1,CSF,0.4841219507723559
MS,CSF_24,GTCGTAACAACACGCC-1,CSF,-0.09834107806026707
MS,CSF_24,GTGCAGCTCTCGCATC-1,CSF,0.06202754622086892
MS,CSF_24,GTGCGGTCAGGCTGAA-1,CSF,0.12791436492341268
MS,CSF_24,GTGCTTCAGGGCACTA-1,CSF,0.8629002617981548
MS,CSF_24,GTTTCTACAGTAAGAT-1,CSF,0.3593507394601532
MS,CSF_24,TACACGATCCGGCACA-1,CSF,0.6627647034459011
MS,CSF_24,TACAGTGAGCGATATA-1,CSF,0.04454145929676094
MS,CSF_24,TACAGTGCACAACGCC-1,CSF,0.13257610955125607
MS,CSF_24,TACAGTGCATTGGTAC-1,CSF,-0.09834107806026707
MS,CSF_24,TACCTATCAACGATCT-1,CSF,-0.09834107806026707
MS,CSF_24,TACCTATGTCGGCACT-1,CSF,0.6193513303670778
MS,CSF_24,TACCTTAGTACCGAGA-1,CSF,-0.16861288499358537
MS,CSF_24,TACGGTAAGAAACCTA-1,CSF,-0.2660999054103491
MS,CSF_24,TACTCATCAAGCCGCT-1,CSF,-0.00012435041639732462
MS,CSF_24,TACTCGCAGCCACGTC-1,CSF,-0.3914530609326262
MS,CSF_24,TACTCGCGTAGGCTGA-1,CSF,-0.06551138918574868
MS,CSF_24,TACTTACCAATGGACG-1,CSF,-0.24635533823158573
MS,CSF_24,TACTTGTGTCTAGTCA-1,CSF,-0.13058506589847887
MS,CSF_24,TAGACCACAGTAAGCG-1,CSF,-0.09834107806026707
MS,CSF_24,TAGCCGGTCTCGGACG-1,CSF,0.3206517919224603
MS,CSF_24,TATCTCACAACGATGG-1,CSF,0.12045556525710381
MS,CSF_24,TATGCCCCATCCGCGA-1,CSF,-0.09834107806026707
MS,CSF_24,TATTACCAGTCGTTTG-1,CSF,0.23898187936035709
MS,CSF_24,TATTACCGTACCGAGA-1,CSF,-0.3462343427092342
MS,CSF_24,TCAATCTGTCGGCACT-1,CSF,-0.772997295112914
MS,CSF_24,TCACAAGTCTGTACGA-1,CSF,0.12033179310982035
MS,CSF_24,TCAGCAAGTTCCATGA-1,CSF,-0.37662418681294507
MS,CSF_24,TCAGCTCCATTCCTGC-1,CSF,0.02331095809539128
MS,CSF_24,TCATTACGTCTCTCTG-1,CSF,-0.09834107806026707
MS,CSF_24,TCATTTGCAACACCCG-1,CSF,-0.09834107806026707
MS,CSF_24,TCCACACGTGTTGAGG-1,CSF,-0.09834107806026707
MS,CSF_24,TCGAGGCTCCTTAATC-1,CSF,-0.09834107806026707
MS,CSF_24,TCGGTAAGTCCGTCAG-1,CSF,-0.007020440644819611
MS,CSF_24,TCGGTAATCGACGGAA-1,CSF,0.15602141209934908
MS,CSF_24,TCGTACCAGACTGTAA-1,CSF,0.27489239271724647
MS,CSF_24,TCGTACCTCTCAACTT-1,CSF,-0.12134743191128416
MS,CSF_24,TCTATTGGTAAGGATT-1,CSF,-0.3521504530917711
MS,CSF_24,TCTATTGGTTGAGTTC-1,CSF,-0.5388648307329588
MS,CSF_24,TCTCTAAGTCCTGCTT-1,CSF,-0.09834107806026707
MS,CSF_24,TCTTCGGGTACTCTCC-1,CSF,0.4530014099505861
MS,CSF_24,TGACGGCTCCCAACGG-1,CSF,-0.2781156689433245
MS,CSF_24,TGAGAGGCACCGGAAA-1,CSF,-0.09834107806026707
MS,CSF_24,TGAGCATCAGGATTGG-1,CSF,-0.6885496083468816
MS,CSF_24,TGAGCCGAGGATCGCA-1,CSF,0.12984000205849713
MS,CSF_24,TGAGGGAAGACGCACA-1,CSF,-0.09834107806026707
MS,CSF_24,TGATTTCAGTTGCAGG-1,CSF,0.3434566640716619
MS,CSF_24,TGATTTCTCTGAGGGA-1,CSF,0.3221669782362345
MS,CSF_24,TGCACCTGTAATCGTC-1,CSF,-0.28888598584437597
MS,CSF_24,TGCCAAAGTTCCCGAG-1,CSF,-0.09834107806026707
MS,CSF_24,TGCCCTATCAGTTTGG-1,CSF,-0.09834107806026707
MS,CSF_24,TGCTGCTAGTGCAAGC-1,CSF,-0.09834107806026707
MS,CSF_24,TGGCCAGAGGCTAGAC-1,CSF,-0.09834107806026707
MS,CSF_24,TGGCGCAAGCCTATGT-1,CSF,0.02609546747564037
MS,CSF_24,TGGCGCAGTCCATCCT-1,CSF,-0.09834107806026707
MS,CSF_24,TGGCTGGCATTTGCTT-1,CSF,-0.006899681247135898
MS,CSF_24,TGGGAAGAGGCATTGG-1,CSF,-0.16460126002789527
MS,CSF_24,TGGTTCCCATCGGAAG-1,CSF,0.05880576725151138
MS,CSF_24,TGGTTCCGTCTTGATG-1,CSF,-0.437228528050511
MS,CSF_24,TGTGGTACACCACCAG-1,CSF,-0.09834107806026707
MS,CSF_24,TGTGTTTGTGTCGCTG-1,CSF,-0.09834107806026707
MS,CSF_24,TTAACTCCACTAAGTC-1,CSF,-0.09834107806026707
MS,CSF_24,TTCCCAGCAACAACCT-1,CSF,0.028930178596335145
MS,CSF_24,TTCGGTCAGGCTCTTA-1,CSF,0.17748678159528047
MS,CSF_24,TTCTACAAGCCCAACC-1,CSF,0.6261450067932044
MS,CSF_24,TTGAACGCACATCCGG-1,CSF,-0.6439770361489634
MS,CSF_24,TTGACTTTCCTTGCCA-1,CSF,-0.38203288818806147
MS,CSF_24,TTGCGTCAGAGCTGGT-1,CSF,-0.09834107806026707
MS,CSF_24,TTGCGTCTCTATCCCG-1,CSF,0.28476739860300887
MS,CSF_24,TTTATGCTCTTCGAGA-1,CSF,-0.40251935989780147
MS,CSF_24,TTTCCTCTCAGAAATG-1,CSF,0.46725519446055636
MS,CSF_25,AAATGCCCAGACACTT-1,CSF,0.6759032228077977
MS,CSF_25,AACCATGCAATGGAAT-1,CSF,0.10033364608454831
MS,CSF_25,AACCATGGTTCGGCAC-1,CSF,0.25252142116757564
MS,CSF_25,AACCGCGGTTCACGGC-1,CSF,0.2356132874444226
MS,CSF_25,AACGTTGAGACACGAC-1,CSF,0.35707532065112435
MS,CSF_25,AACTTTCGTCGGATCC-1,CSF,-0.09834107806026707
MS,CSF_25,AAGACCTTCTTTAGTC-1,CSF,0.3154121618591256
MS,CSF_25,AAGGTTCAGAAGGACA-1,CSF,-0.09834107806026707
MS,CSF_25,AATCGGTTCGCCTGTT-1,CSF,1.3343340554252066
MS,CSF_25,ACACCGGGTTATCCGA-1,CSF,-0.5010743840075211
MS,CSF_25,ACACTGAAGAATTGTG-1,CSF,-0.09834107806026707
MS,CSF_25,ACAGCTACACCAGGTC-1,CSF,-0.2607651032559732
MS,CSF_25,ACATGGTTCCACGCAG-1,CSF,0.45093007525175455
MS,CSF_25,ACGAGCCAGGTAGCCA-1,CSF,0.13582887062397936
MS,CSF_25,ACGAGCCCAAGCCTAT-1,CSF,0.18172103965881664
MS,CSF_25,ACGCCAGGTGTGGCTC-1,CSF,0.4942076232751917
MS,CSF_25,ACGCCGACAAGTAATG-1,CSF,-0.01636725711849201
MS,CSF_25,ACGTCAATCCTCTAGC-1,CSF,-0.09834107806026707
MS,CSF_25,ACTGAACAGAGACGAA-1,CSF,-0.09834107806026707
MS,CSF_25,ACTGAACAGGATGGTC-1,CSF,-0.09834107806026707
MS,CSF_25,ACTGATGGTATGAAAC-1,CSF,0.07729800096602704
MS,CSF_25,ACTGATGTCTGCTGCT-1,CSF,-0.09834107806026707
MS,CSF_25,ACTTACTAGCTAGTCT-1,CSF,-0.2494899810409528
MS,CSF_25,ACTTACTTCCACTGGG-1,CSF,-0.4479375066864352
MS,CSF_25,AGCGGTCGTGTGCCTG-1,CSF,-0.09834107806026707
MS,CSF_25,AGCGGTCTCTACCAGA-1,CSF,0.2464061889888595
MS,CSF_25,AGCGTCGGTTATGCGT-1,CSF,-0.09834107806026707
MS,CSF_25,AGCTTGACATCCCACT-1,CSF,0.16690053715605857
MS,CSF_25,AGGGAGTAGCGATGAC-1,CSF,-0.09834107806026707
MS,CSF_25,AGGGTGATCGAGAACG-1,CSF,-0.403784092220035
MS,CSF_25,AGTAGTCCAGGGCATA-1,CSF,0.04143128989676421
MS,CSF_25,AGTAGTCTCTTCGAGA-1,CSF,0.17689635586317584
MS,CSF_25,AGTGAGGTCCTTTCGG-1,CSF,0.20116516950505609
MS,CSF_25,ATCACGACAATGTAAG-1,CSF,-0.09834107806026707
MS,CSF_25,ATCATCTCAGATCTGT-1,CSF,-0.09834107806026707
MS,CSF_25,ATCATCTTCAACACGT-1,CSF,-0.09834107806026707
MS,CSF_25,ATCCGAATCGATGAGG-1,CSF,-0.09834107806026707
MS,CSF_25,ATCTGCCTCGTTACGA-1,CSF,0.2456444640663001
MS,CSF_25,ATGTGTGAGAAGATTC-1,CSF,0.12564782650693082
MS,CSF_25,ATTGGACCACCCAGTG-1,CSF,-0.09834107806026707
MS,CSF_25,ATTGGTGAGACAGAGA-1,CSF,-0.40208022149162836
MS,CSF_25,ATTGGTGTCGTTTATC-1,CSF,-0.09834107806026707
MS,CSF_25,ATTTCTGAGTCCGTAT-1,CSF,0.5607400431522718
MS,CSF_25,CAACTAGAGCACAGGT-1,CSF,-0.09834107806026707
MS,CSF_25,CAAGATCAGGCAATTA-1,CSF,0.254033649576176
MS,CSF_25,CAAGTTGAGTCCCACG-1,CSF,-0.26033077214397066
MS,CSF_25,CACAAACCAGTCCTTC-1,CSF,-0.2465702886496905
MS,CSF_25,CACACAAAGTGCGTGA-1,CSF,0.15751520753874218
MS,CSF_25,CACACAAGTTGATTCG-1,CSF,-1.088833118056393
MS,CSF_25,CACACTCCAGACTCGC-1,CSF,-0.09834107806026707
MS,CSF_25,CACCAGGTCGATGAGG-1,CSF,0.5170028334591911
MS,CSF_25,CACTCCAGTGATAAGT-1,CSF,0.6070134421416773
MS,CSF_25,CAGAGAGCAAGTTGTC-1,CSF,0.5970768550477233
MS,CSF_25,CAGCAGCGTCCTCCAT-1,CSF,-0.2785047713931969
MS,CSF_25,CAGCCGACAAGAAGAG-1,CSF,-0.21673967121438004
MS,CSF_25,CAGCGACAGCGGATCA-1,CSF,-0.09834107806026707
MS,CSF_25,CAGTCCTCACCTGGTG-1,CSF,0.14531256472730528
MS,CSF_25,CATCAGACATATGAGA-1,CSF,0.19204745605606158
MS,CSF_25,CATCCACTCCTTGACC-1,CSF,0.18376180483321042
MS,CSF_25,CATCGGGTCTTGGGTA-1,CSF,0.5578730820729528
MS,CSF_25,CATGCCTTCACGAAGG-1,CSF,0.15048934298929756
MS,CSF_25,CATGGCGCAGTCCTTC-1,CSF,-1.3857810175867868
MS,CSF_25,CATTCGCAGTTGCAGG-1,CSF,-0.05966931061932638
MS,CSF_25,CCACGGAGTGATGATA-1,CSF,-0.012374126191409096
MS,CSF_25,CCACTACAGCACACAG-1,CSF,0.5547097078404243
MS,CSF_25,CCGGGATTCGCGTAGC-1,CSF,-0.12578986540397313
MS,CSF_25,CCGTACTTCAAAGACA-1,CSF,-0.3852817297356171
MS,CSF_25,CCGTTCATCCAAATGC-1,CSF,-0.23229497293147094
MS,CSF_25,CCTCAGTTCTTGTATC-1,CSF,-0.09834107806026707
MS,CSF_25,CCTCTGAGTAACGTTC-1,CSF,0.15382949599598192
MS,CSF_25,CCTTCGATCCTATGTT-1,CSF,0.21243241895009932
MS,CSF_25,CGAGAAGCAAAGGTGC-1,CSF,0.3468988487000679
MS,CSF_25,CGAGCACGTCCTAGCG-1,CSF,-0.09834107806026707
MS,CSF_25,CGAGCCATCCGGGTGT-1,CSF,0.34763082392123174
MS,CSF_25,CGATGGCAGCCAGGAT-1,CSF,-0.09834107806026707
MS,CSF_25,CGCCAAGTCTACTCAT-1,CSF,-0.09834107806026707
MS,CSF_25,CGCTATCCAATGGAAT-1,CSF,-0.2297046740773839
MS,CSF_25,CGGACACCAAATCCGT-1,CSF,0.062099927582265
MS,CSF_25,CGGACACCACATTAGC-1,CSF,-0.09834107806026707
MS,CSF_25,CGTTAGAGTCCTCTTG-1,CSF,-0.09834107806026707
MS,CSF_25,CGTTCTGCATACCATG-1,CSF,-1.0464440181531924
MS,CSF_25,CTAACTTAGTCACGCC-1,CSF,0.14727252661310541
MS,CSF_25,CTAATGGGTAAGTAGT-1,CSF,0.20810543746313062
MS,CSF_25,CTAGAGTGTGCTAGCC-1,CSF,-0.0018106739188300683
MS,CSF_25,CTCGTCAGTTTGACTG-1,CSF,-0.28205986847187103
MS,CSF_25,CTGATAGTCCGAATGT-1,CSF,-0.012031710600751366
MS,CSF_25,CTGCCTAAGCTGATAA-1,CSF,0.24034249920129067
MS,CSF_25,CTTGGCTCATCAGTCA-1,CSF,-0.09834107806026707
MS,CSF_25,GAAATGAAGCAGCGTA-1,CSF,-0.09834107806026707
MS,CSF_25,GAAATGAAGTGTACGG-1,CSF,0.1415969794019529
MS,CSF_25,GAAATGATCAGTCAGT-1,CSF,-0.09834107806026707
MS,CSF_25,GAATGAAGTAAACGCG-1,CSF,0.17267033889444633
MS,CSF_25,GACGGCTCAAGTTAAG-1,CSF,0.2720331829595422
MS,CSF_25,GACGGCTTCGCGTAGC-1,CSF,0.16921172176837088
MS,CSF_25,GACGTGCGTTTCGCTC-1,CSF,-0.2995410991078229
MS,CSF_25,GACTGCGGTAGCTAAA-1,CSF,0.5769697534257247
MS,CSF_25,GAGCAGACAGTGGGAT-1,CSF,0.28848155416801463
MS,CSF_25,GAGGTGACACTGTCGG-1,CSF,-0.4415750542799771
MS,CSF_25,GATCAGTAGGCTAGCA-1,CSF,-0.01309469131295747
MS,CSF_25,GATGAGGCACTCAGGC-1,CSF,-0.34994847055941936
MS,CSF_25,GCAATCATCAAAGTAG-1,CSF,0.4304219992924679
MS,CSF_25,GCATACATCGTGACAT-1,CSF,0.2624316159713771
MS,CSF_25,GCCAAATCAGACTCGC-1,CSF,0.3007426489433285
MS,CSF_25,GCGACCAAGAATTGTG-1,CSF,-0.09834107806026707
MS,CSF_25,GCGACCAGTTATGTGC-1,CSF,-0.2234847853663872
MS,CSF_25,GCGAGAATCTTATCTG-1,CSF,-0.09834107806026707
MS,CSF_25,GCTCTGTGTCGTCTTC-1,CSF,-0.09834107806026707
MS,CSF_25,GCTGCAGCATATGGTC-1,CSF,-0.09834107806026707
MS,CSF_25,GCTTGAAGTTCCACAA-1,CSF,-0.11414743031531807
MS,CSF_25,GGAAAGCCACGGACAA-1,CSF,0.43177713264373235
MS,CSF_25,GGACAGAGTCGCGGTT-1,CSF,-0.005105250447841
MS,CSF_25,GGACATTAGCAATATG-1,CSF,-0.09834107806026707
MS,CSF_25,GGAGCAAGTCTTTCAT-1,CSF,-0.4808107405491166
MS,CSF_25,GGATGTTGTTCTGGTA-1,CSF,-0.27149472725344453
MS,CSF_25,GGCCGATAGCGCCTCA-1,CSF,-0.2600648969948591
MS,CSF_25,GGCTGGTGTCCGAATT-1,CSF,0.15266641796344832
MS,CSF_25,GGGAGATGTATGGTTC-1,CSF,-0.09834107806026707
MS,CSF_25,GGTGTTACAGACAAAT-1,CSF,-0.7327126372823024
MS,CSF_25,GTCACAAAGGTACTCT-1,CSF,-0.6790782648945158
MS,CSF_25,GTCACAACAATCTGCA-1,CSF,0.05159560963976978
MS,CSF_25,GTGCAGCTCTCATTCA-1,CSF,-0.09834107806026707
MS,CSF_25,GTTAAGCAGTTCCACA-1,CSF,0.3093909825626366
MS,CSF_25,GTTCGGGTCTGTTTGT-1,CSF,0.20104306394446297
MS,CSF_25,GTTTCTAGTCATATCG-1,CSF,0.3673542003634545
MS,CSF_25,TAAGAGACAACTTGAC-1,CSF,-0.09834107806026707
MS,CSF_25,TAAGAGATCAGCCTAA-1,CSF,-0.09549783619648079
MS,CSF_25,TAAGTGCAGGCATGTG-1,CSF,-0.2598000766733172
MS,CSF_25,TACACGACAGGGTACA-1,CSF,0.3590580986088416
MS,CSF_25,TACAGTGGTGGTAACG-1,CSF,0.22202244779396912
MS,CSF_25,TACTCATGTCTGATTG-1,CSF,-0.3477133886890696
MS,CSF_25,TACTCGCTCAACGCTA-1,CSF,-0.14904398625983414
MS,CSF_25,TACTCGCTCCAATGGT-1,CSF,0.3692602996395948
MS,CSF_25,TAGCCGGTCTGTGCAA-1,CSF,0.1398815891497706
MS,CSF_25,TATTACCAGTCAAGCG-1,CSF,-0.09834107806026707
MS,CSF_25,TCAATCTCACACGCTG-1,CSF,0.09032092699381469
MS,CSF_25,TCAATCTCAGCGTTCG-1,CSF,-0.09834107806026707
MS,CSF_25,TCAGATGAGTTGTAGA-1,CSF,-0.09834107806026707
MS,CSF_25,TCAGCTCCATAAGACA-1,CSF,-0.09834107806026707
MS,CSF_25,TCAGGATGTGAGGCTA-1,CSF,0.7989446101560642
MS,CSF_25,TCAGGTACATATGCTG-1,CSF,0.1520846645761255
MS,CSF_25,TCCACACAGAAACGAG-1,CSF,-0.09834107806026707
MS,CSF_25,TCGGTAAAGAAGGCCT-1,CSF,0.5209221526034772
MS,CSF_25,TCTGAGACACGCTTTC-1,CSF,0.34246451517953963
MS,CSF_25,TCTTTCCTCAAAGTAG-1,CSF,0.13873907117707013
MS,CSF_25,TGAAAGAAGTACGTAA-1,CSF,0.17183723083324606
MS,CSF_25,TGACAACAGTGCGATG-1,CSF,-0.09834107806026707
MS,CSF_25,TGACAACCAGGGCATA-1,CSF,-0.09834107806026707
MS,CSF_25,TGACGGCGTCCATGAT-1,CSF,0.1648146469469293
MS,CSF_25,TGACTTTGTACCGAGA-1,CSF,-0.09834107806026707
MS,CSF_25,TGATTTCAGTCCAGGA-1,CSF,-0.2596680591428084
MS,CSF_25,TGCGGGTAGAAACCTA-1,CSF,-0.4858946738812578
MS,CSF_25,TGCTGCTTCGGAATCT-1,CSF,-0.09834107806026707
MS,CSF_25,TGGCGCACATTCTCAT-1,CSF,-0.9095691060894326
MS,CSF_25,TGGGCGTGTCCGAGTC-1,CSF,-0.6333468655510889
MS,CSF_25,TGGGCGTTCAGTGTTG-1,CSF,-0.25398558582143904
MS,CSF_25,TGGTTCCCAGTAAGAT-1,CSF,-0.24851092525161902
MS,CSF_25,TGGTTCCTCTGATACG-1,CSF,-0.09834107806026707
MS,CSF_25,TGTATTCTCACTATTC-1,CSF,-0.09834107806026707
MS,CSF_25,TTATGCTTCTGCTGTC-1,CSF,0.6380966834757766
MS,CSF_25,TTCGAAGCATTTCAGG-1,CSF,-0.2329654859844008
MS,CSF_25,TTCTTAGGTAAGAGGA-1,CSF,-0.09834107806026707
MS,CSF_25,TTGAACGAGGCGTACA-1,CSF,0.3485887912091843
MS,CSF_25,TTGTAGGTCCTAAGTG-1,CSF,0.17079479778475723
MS,CSF_27,AAACGGGGTTCACGGC-1,CSF,-0.09834107806026707
MS,CSF_27,AAAGTAGGTCTAGCCG-1,CSF,-0.09834107806026707
MS,CSF_27,AAATGCCGTAAATGTG-1,CSF,0.4573730372087788
MS,CSF_27,AACGTTGTCAGGCAAG-1,CSF,-0.09834107806026707
MS,CSF_27,AAGACCTTCAACGGGA-1,CSF,0.7887619341092224
MS,CSF_27,AAGTCTGAGTTCCACA-1,CSF,-0.09834107806026707
MS,CSF_27,AATCCAGCAGCCTGTG-1,CSF,-0.09834107806026707
MS,CSF_27,AATCCAGGTCCGCTGA-1,CSF,0.26739819357814143
MS,CSF_27,AATCCAGGTTCTGTTT-1,CSF,-0.09834107806026707
MS,CSF_27,AATCCAGTCCACGTTC-1,CSF,0.46841172511558604
MS,CSF_27,ACACCAACACCGGAAA-1,CSF,-0.09834107806026707
MS,CSF_27,ACACCCTAGCCATCGC-1,CSF,-0.01336743462696315
MS,CSF_27,ACACTGACATGCAATC-1,CSF,0.20748646530911447
MS,CSF_27,ACAGCCGGTAGGGACT-1,CSF,0.15079617511985793
MS,CSF_27,ACATCAGGTATCGCAT-1,CSF,-0.09834107806026707
MS,CSF_27,ACATCAGTCACTCCTG-1,CSF,0.3909694798150705
MS,CSF_27,ACATGGTGTAATCACC-1,CSF,-0.09834107806026707
MS,CSF_27,ACCGTAAGTCGAGATG-1,CSF,0.1974190097966107
MS,CSF_27,ACCTTTATCTATCCTA-1,CSF,-0.09834107806026707
MS,CSF_27,ACGAGCCGTCAATACC-1,CSF,0.24155671196056772
MS,CSF_27,ACGCCAGCAGTCGATT-1,CSF,-0.30156525935934414
MS,CSF_27,ACGGAGAAGTCTCAAC-1,CSF,0.18372574113738205
MS,CSF_27,ACGGCCATCATATCGG-1,CSF,0.11447716134825561
MS,CSF_27,ACTGAACCACTTACGA-1,CSF,0.22853806728575773
MS,CSF_27,ACTGAGTTCGGCGGTT-1,CSF,0.3602192636467812
MS,CSF_27,ACTGATGAGCGACGTA-1,CSF,-0.09834107806026707
MS,CSF_27,ACTGTCCGTAGCGCTC-1,CSF,0.34249991248010747
MS,CSF_27,ACTTACTAGGCAAAGA-1,CSF,-0.09834107806026707
MS,CSF_27,ACTTGTTTCAACGGGA-1,CSF,-0.09834107806026707
MS,CSF_27,AGAATAGCAGGGTACA-1,CSF,-0.09834107806026707
MS,CSF_27,AGAGCGATCCGCAAGC-1,CSF,0.170284341559621
MS,CSF_27,AGAGTGGGTAAATGAC-1,CSF,-0.09834107806026707
MS,CSF_27,AGATCTGTCCTACAGA-1,CSF,-0.09834107806026707
MS,CSF_27,AGATTGCAGGAATCGC-1,CSF,0.509712261116464
MS,CSF_27,AGCATACAGGTGATTA-1,CSF,0.005407342732023923
MS,CSF_27,AGCGGTCAGAGACTAT-1,CSF,-0.09834107806026707
MS,CSF_27,AGCGGTCTCAACCAAC-1,CSF,-0.09834107806026707
MS,CSF_27,AGCGTATCACAAGTAA-1,CSF,-0.09834107806026707
MS,CSF_27,AGCTCTCTCTTGAGAC-1,CSF,-0.09834107806026707
MS,CSF_27,AGCTTGAGTGACAAAT-1,CSF,-0.23460059764090105
MS,CSF_27,AGGTCATCACGACGAA-1,CSF,-0.09834107806026707
MS,CSF_27,AGTAGTCCAATTGCTG-1,CSF,-0.09834107806026707
MS,CSF_27,AGTAGTCTCCTTCAAT-1,CSF,-0.09834107806026707
MS,CSF_27,AGTCTTTTCTACTTAC-1,CSF,-0.09834107806026707
MS,CSF_27,AGTGTCACATATGGTC-1,CSF,0.28244903313674075
MS,CSF_27,AGTTGGTCAACGATCT-1,CSF,0.47950647572665284
MS,CSF_27,ATAGACCAGACGACGT-1,CSF,0.5698408764155898
MS,CSF_27,ATAGACCCAGCTTAAC-1,CSF,-0.6469401366602485
MS,CSF_27,ATCACGAAGAGGTTAT-1,CSF,-0.09834107806026707
MS,CSF_27,ATCCACCTCGGCGCTA-1,CSF,0.4262303430570577
MS,CSF_27,ATCGAGTGTGTGCCTG-1,CSF,0.35500856114893414
MS,CSF_27,ATTATCCCAAAGGCGT-1,CSF,0.5137599225522098
MS,CSF_27,ATTATCCGTAGCTCCG-1,CSF,-0.3549504070152048
MS,CSF_27,CAAGATCCAGACAGGT-1,CSF,-0.2059309848473134
MS,CSF_27,CAAGGCCAGAGGTTAT-1,CSF,0.2711943358125137
MS,CSF_27,CACAAACCACGGCTAC-1,CSF,0.34547711375904805
MS,CSF_27,CACACAACATACTCTT-1,CSF,0.16682560331618349
MS,CSF_27,CACATAGAGTCCGTAT-1,CSF,-0.2716911947484658
MS,CSF_27,CACATAGTCATATCGG-1,CSF,-0.3096842906044123
MS,CSF_27,CACCACTGTCTTTCAT-1,CSF,-0.5685074200214802
MS,CSF_27,CACCAGGCACTGAAGG-1,CSF,0.25136738875521736
MS,CSF_27,CACTCCATCGCTGATA-1,CSF,-0.09834107806026707
MS,CSF_27,CAGAGAGGTGGGTCAA-1,CSF,0.11862519569890631
MS,CSF_27,CAGATCAAGGCAGTCA-1,CSF,-0.09834107806026707
MS,CSF_27,CAGCAGCAGGCATTGG-1,CSF,-0.09834107806026707
MS,CSF_27,CAGCTGGTCGTGGGAA-1,CSF,0.30252870496001794
MS,CSF_27,CAGGTGCTCGCATGGC-1,CSF,0.39762621661704384
MS,CSF_27,CAGTAACGTATAGGTA-1,CSF,0.2293170711389623
MS,CSF_27,CAGTCCTAGTTAACGA-1,CSF,0.1480185385690917
MS,CSF_27,CATTATCCAAAGCAAT-1,CSF,0.3132912592988642
MS,CSF_27,CATTATCTCATGCTCC-1,CSF,-0.09834107806026707
MS,CSF_27,CATTCGCGTCTAAAGA-1,CSF,-0.09834107806026707
MS,CSF_27,CCATGTCAGTCTCCTC-1,CSF,-0.2544407087568722
MS,CSF_27,CCCAATCTCATGCATG-1,CSF,0.0844736223795708
MS,CSF_27,CCGGGATAGGGTGTTG-1,CSF,-0.09834107806026707
MS,CSF_27,CCGTGGAGTTGTCTTT-1,CSF,0.25218615684021717
MS,CSF_27,CCGTTCACAAAGGAAG-1,CSF,-0.09834107806026707
MS,CSF_27,CCGTTCACACATTCGA-1,CSF,-0.09834107806026707
MS,CSF_27,CCTACACGTAGGAGTC-1,CSF,-0.09834107806026707
MS,CSF_27,CCTACACGTTAAAGAC-1,CSF,-0.09834107806026707
MS,CSF_27,CCTCAGTAGTACGATA-1,CSF,0.23310713440512038
MS,CSF_27,CCTTTCTGTAACGACG-1,CSF,-0.09834107806026707
MS,CSF_27,CGAACATTCATCGATG-1,CSF,0.12832481259395503
MS,CSF_27,CGAATGTTCTCCCTGA-1,CSF,0.3419562103808188
MS,CSF_27,CGACCTTTCCTTAATC-1,CSF,0.9743322033594827
MS,CSF_27,CGACTTCAGTGAAGTT-1,CSF,-0.09834107806026707
MS,CSF_27,CGAGCACTCCACGTTC-1,CSF,0.17342098248462898
MS,CSF_27,CGATCGGAGAAACCAT-1,CSF,0.18770262587317993
MS,CSF_27,CGATGGCTCAAACCGT-1,CSF,0.44269978687243705
MS,CSF_27,CGCTATCTCTCGAGTA-1,CSF,0.16382329183681127
MS,CSF_27,CGGACACCAGGTCTCG-1,CSF,-0.09834107806026707
MS,CSF_27,CGGACGTAGCGAAGGG-1,CSF,0.4741946368825519
MS,CSF_27,CGGACGTAGTTCGATC-1,CSF,0.09632085819177064
MS,CSF_27,CGGACGTGTGCCTGCA-1,CSF,0.0772647034911967
MS,CSF_27,CGGAGTCGTGCCTTGG-1-1,CSF,-0.06971967104790948
MS,CSF_27,CGGGTCAAGTTCGCAT-1,CSF,0.09408306890682362
MS,CSF_27,CGGGTCATCTCGATGA-1,CSF,-0.09834107806026707
MS,CSF_27,CGGTTAAAGCCTATGT-1,CSF,0.9742651421088125
MS,CSF_27,CGTCTACTCCGCATAA-1,CSF,-0.09834107806026707
MS,CSF_27,CGTTCTGTCAATAAGG-1,CSF,-0.09834107806026707
MS,CSF_27,CGTTCTGTCATGCTCC-1,CSF,-0.09834107806026707
MS,CSF_27,CTAAGACGTCAGAAGC-1,CSF,-0.09834107806026707
MS,CSF_27,CTAATGGCAATCTACG-1,CSF,-0.09834107806026707
MS,CSF_27,CTAGAGTGTAGGCTGA-1,CSF,-0.09834107806026707
MS,CSF_27,CTAGCCTTCTCTAAGG-1,CSF,0.2567328827384578
MS,CSF_27,CTCACACGTGCTCTTC-1,CSF,0.5304978910689521
MS,CSF_27,CTCAGAAGTCCCTACT-1,CSF,-0.09834107806026707
MS,CSF_27,CTCATTATCTTTCCTC-1,CSF,-0.13288066007225366
MS,CSF_27,CTCGGAGAGTGGGTTG-1,CSF,0.6115450786241227
MS,CSF_27,CTCGTACCAACTGCGC-1,CSF,-0.2570449726110242
MS,CSF_27,CTCGTCACAAACCTAC-1,CSF,-0.09834107806026707
MS,CSF_27,CTCTGGTTCTTGCAAG-1,CSF,-0.09834107806026707
MS,CSF_27,CTGAAACGTCGACTAT-1,CSF,-0.09834107806026707
MS,CSF_27,CTGCCTAGTCGAACAG-1,CSF,0.23828019472569767
MS,CSF_27,CTGCCTATCAGCTGGC-1,CSF,0.09253244517374352
MS,CSF_27,CTGCTGTGTTGTGGCC-1,CSF,0.4299311366318578
MS,CSF_27,CTGTTTACAAGTCTAC-1,CSF,0.7249757472221102
MS,CSF_27,CTTAGGATCAGTACGT-1,CSF,-0.09834107806026707
MS,CSF_27,CTTTGCGTCTGGCGTG-1,CSF,-0.09834107806026707
MS,CSF_27,GAACCTAAGGCTATCT-1,CSF,-0.09834107806026707
MS,CSF_27,GAACGGAAGAATGTGT-1,CSF,0.16530058717441068
MS,CSF_27,GAATAAGCAATCTGCA-1,CSF,0.21480802342961205
MS,CSF_27,GAATGAAAGGGAAACA-1,CSF,0.6493580766099226
MS,CSF_27,GACGCGTTCGGCGCTA-1,CSF,-0.09834107806026707
MS,CSF_27,GACGTGCTCGAGAGCA-1,CSF,-1.0384861850045182
MS,CSF_27,GAGTCCGGTCATGCAT-1,CSF,-0.09834107806026707
MS,CSF_27,GAGTCCGGTGTAACGG-1,CSF,-0.09834107806026707
MS,CSF_27,GATCGTAAGCTAGTGG-1,CSF,0.3501716479133668
MS,CSF_27,GATCTAGGTTGTCGCG-1,CSF,-0.09834107806026707
MS,CSF_27,GATGAAAAGTTGTCGT-1,CSF,0.9098532321931472
MS,CSF_27,GCAATCAAGGTGGGTT-1,CSF,-0.09834107806026707
MS,CSF_27,GCAATCATCGTACGGC-1,CSF,0.11686876476844645
MS,CSF_27,GCATACAAGCTCCCAG-1,CSF,-0.09834107806026707
MS,CSF_27,GCCAAATTCTTCGAGA-1,CSF,0.14061975637915478
MS,CSF_27,GCCTCTATCATGGTCA-1,CSF,0.20039408749066406
MS,CSF_27,GCGAGAACAAGTTCTG-1,CSF,-0.09834107806026707
MS,CSF_27,GCTGCAGAGAGTCTGG-1,CSF,-0.09834107806026707
MS,CSF_27,GCTGGGTAGAACTCGG-1,CSF,0.35075996472068915
MS,CSF_27,GCTGGGTGTGTGACCC-1,CSF,0.0719818705678873
MS,CSF_27,GCTTCCAAGTGAACGC-1,CSF,0.10239067564228992
MS,CSF_27,GCTTCCACAACAACCT-1,CSF,-0.26438039582796163
MS,CSF_27,GCTTCCAGTACCGGCT-1,CSF,0.1642303644489864
MS,CSF_27,GGAACTTAGCTGCCCA-1,CSF,0.15966899893340822
MS,CSF_27,GGAACTTGTTCGTTGA-1,CSF,0.34782647428411756
MS,CSF_27,GGAACTTTCTTTCCTC-1,CSF,-0.09834107806026707
MS,CSF_27,GGACAAGCACCACGTG-1,CSF,-0.262910856938995
MS,CSF_27,GGACAGATCGACCAGC-1,CSF,-0.09834107806026707
MS,CSF_27,GGACATTCAGCCAATT-1,CSF,0.6261450067932044
MS,CSF_27,GGATTACCAGTCCTTC-1,CSF,0.3255504492774864
MS,CSF_27,GGCAATTAGATAGCAT-1,CSF,0.5607390154839803
MS,CSF_27,GGCGACTAGGAGCGAG-1,CSF,-0.09834107806026707
MS,CSF_27,GGCTCGACACCTATCC-1,CSF,0.2864152017258136
MS,CSF_27,GGCTGGTTCATCGATG-1,CSF,0.21053548244863435
MS,CSF_27,GGCTGGTTCTAAGCCA-1,CSF,-0.09834107806026707
MS,CSF_27,GGGTCTGAGGCTAGAC-1,CSF,-0.06467851839049694
MS,CSF_27,GGGTTGCTCCGCTGTT-1,CSF,-0.31645567414635295
MS,CSF_27,GGTGAAGTCCACGCAG-1,CSF,-0.09834107806026707
MS,CSF_27,GGTGTTACACGCATCG-1,CSF,0.14933359781980007
MS,CSF_27,GTAACGTTCTTGTATC-1,CSF,-0.09834107806026707
MS,CSF_27,GTACTCCTCGTTGCCT-1,CSF,-0.09834107806026707
MS,CSF_27,GTACTTTGTCGTCTTC-1,CSF,-0.09834107806026707
MS,CSF_27,GTATTCTCAACACCTA-1,CSF,-0.09834107806026707
MS,CSF_27,GTATTCTCAGATGGGT-1,CSF,0.4080019813479325
MS,CSF_27,GTATTCTTCGGAAATA-1,CSF,0.23679843392949404
MS,CSF_27,GTCAAGTTCAACTCTT-1,CSF,-0.09834107806026707
MS,CSF_27,GTCACGGTCGCAAGCC-1,CSF,-0.09834107806026707
MS,CSF_27,GTCTCGTGTCGGCATC-1,CSF,-0.09834107806026707
MS,CSF_27,GTGAAGGGTCAAGCGA-1,CSF,0.3065385369932442
MS,CSF_27,GTGCTTCCACCAGTTA-1,CSF,-0.09834107806026707
MS,CSF_27,GTGTTAGCAGGGAGAG-1,CSF,0.3289777373574577
MS,CSF_27,GTTAAGCCATTGCGGC-1,CSF,-0.057810963641701955
MS,CSF_27,GTTCATTGTCTCACCT-1,CSF,0.7881013870742872
MS,CSF_27,GTTCGGGGTATTACCG-1,CSF,-0.09834107806026707
MS,CSF_27,TAAGTGCGTGTGACCC-1,CSF,-0.09834107806026707
MS,CSF_27,TACACGATCGCATGGC-1,CSF,0.42768261376436917
MS,CSF_27,TACAGTGCATCGTCGG-1,CSF,-0.3021005023088538
MS,CSF_27,TACAGTGGTAGGGACT-1,CSF,0.345123385685867
MS,CSF_27,TACGGATCAACAACCT-1,CSF,0.19295732889726905
MS,CSF_27,TACTCATAGGTGCTAG-1,CSF,0.2792898522136759
MS,CSF_27,TACTCATGTCGTTGTA-1,CSF,0.35007504562438385
MS,CSF_27,TACTCGCAGAGATGAG-1,CSF,-0.09834107806026707
MS,CSF_27,TAGGCATCAACACCTA-1,CSF,-0.09834107806026707
MS,CSF_27,TATCTCAGTATATCCG-1,CSF,0.5089384845561972
MS,CSF_27,TATTACCAGACTAAGT-1,CSF,0.1469340534961028
MS,CSF_27,TCAACGATCCTTTCTC-1,CSF,0.6497046666320907
MS,CSF_27,TCACAAGTCATGCAAC-1,CSF,0.18470669546384752
MS,CSF_27,TCAGGATCAGGCGATA-1,CSF,-0.09834107806026707
MS,CSF_27,TCAGGATTCGCATGGC-1,CSF,0.5919397644464751
MS,CSF_27,TCCCGATGTCGGCATC-1,CSF,-0.09834107806026707
MS,CSF_27,TCGAGGCCAATGGAGC-1,CSF,-0.1780749400059761
MS,CSF_27,TCGCGTTAGACAAAGG-1,CSF,-0.27415598192396184
MS,CSF_27,TCGTACCGTTAAAGTG-1,CSF,-0.09834107806026707
MS,CSF_27,TCGTAGAGTAGGGTAC-1,CSF,0.42148500373841513
MS,CSF_27,TCGTAGATCGAACTGT-1,CSF,0.41342236307297797
MS,CSF_27,TCTCATAAGGTGACCA-1,CSF,-0.09834107806026707
MS,CSF_27,TCTGGAAAGTCGATAA-1,CSF,-0.09834107806026707
MS,CSF_27,TCTTCGGCAACACCTA-1,CSF,-0.25505254390825294
MS,CSF_27,TGACAACCACGGTGTC-1,CSF,-0.09834107806026707
MS,CSF_27,TGACGGCAGTGTACGG-1,CSF,-0.09834107806026707
MS,CSF_27,TGACTAGAGTCTCCTC-1,CSF,0.5569272042963133
MS,CSF_27,TGAGAGGCACCAGGCT-1,CSF,-0.08488152905093571
MS,CSF_27,TGAGCATAGCGCTCCA-1,CSF,-0.09834107806026707
MS,CSF_27,TGCACCTGTCTAAAGA-1,CSF,0.27500258597228305
MS,CSF_27,TGCCCTATCTGCTGCT-1,CSF,-0.09834107806026707
MS,CSF_27,TGCGGGTGTACTTCTT-1,CSF,0.4949577896130717
MS,CSF_27,TGCGTGGTCATGTAGC-1,CSF,0.33220312940984914
MS,CSF_27,TGCTGCTGTTCCGTCT-1,CSF,-0.4509561763162237
MS,CSF_27,TGGACGCGTACGCTGC-1,CSF,0.5443597829241714
MS,CSF_27,TGGCCAGGTGAGTGAC-1,CSF,0.21311154817365266
MS,CSF_27,TGGTTAGCAGACAGGT-1,CSF,-0.09834107806026707
MS,CSF_27,TGGTTAGGTCCGAAGA-1,CSF,-0.2327759568372
MS,CSF_27,TGTATTCGTGTTGAGG-1,CSF,0.2828179774130249
MS,CSF_27,TTAGGACTCACAGGCC-1,CSF,0.31126228325595545
MS,CSF_27,TTAGTTCCAAGGTGTG-1,CSF,-0.09834107806026707
MS,CSF_27,TTAGTTCGTCCAGTGC-1,CSF,0.06943620210909397
MS,CSF_27,TTCTTAGCACAGCGTC-1,CSF,-0.09834107806026707
MS,CSF_27,TTGGAACCATCGGTTA-1,CSF,-0.09834107806026707
MS,CSF_27,TTGGAACGTGCTCTTC-1,CSF,-0.09834107806026707
MS,CSF_27,TTTATGCTCAGTCAGT-1,CSF,0.44082172872049297
MS,CSF_28,AAAGATGCAATGAATG-1,CSF,-0.09834107806026707
MS,CSF_28,AAAGATGTCTTAGCCC-1,CSF,-0.26719707844688356
MS,CSF_28,AAAGCAATCGTTACGA-1,CSF,-0.33608538232307567
MS,CSF_28,AAAGTAGCAAGCCGCT-1,CSF,-0.5707994696519816
MS,CSF_28,AAAGTAGCAATGGATA-1,CSF,0.18076615038115798
MS,CSF_28,AACCGCGTCAGCATGT-1,CSF,0.4564541797333722
MS,CSF_28,AACGTTGAGTGCAAGC-1,CSF,-0.3060087019076156
MS,CSF_28,AACGTTGGTCAACTGT-1,CSF,0.07311580131552632
MS,CSF_28,AACTCAGCACTGTCGG-1,CSF,0.34064453359686386
MS,CSF_28,AACTGGTAGGATGCGT-1,CSF,-0.7987154467092007
MS,CSF_28,AACTTTCAGACCCACC-1,CSF,0.9641495677315934
MS,CSF_28,AAGACCTTCACGACTA-1,CSF,0.2475621869528646
MS,CSF_28,AAGGAGCGTAGCGCAA-1,CSF,-0.09834107806026707
MS,CSF_28,AAGTCTGCAAGTTGTC-1,CSF,0.09965139518587186
MS,CSF_28,AATCCAGAGCCACTAT-1,CSF,0.5663572392114993
MS,CSF_28,AATCCAGTCCCAACGG-1,CSF,-0.29758230077776204
MS,CSF_28,AATCGGTAGTGTTAGA-1,CSF,-0.09834107806026707
MS,CSF_28,ACAGCCGTCCGGCACA-1,CSF,0.4914877335617146
MS,CSF_28,ACATACGGTTGCCTCT-1,CSF,-0.29741378621333947
MS,CSF_28,ACATCAGCATATGAGA-1,CSF,-0.3639614504251916
MS,CSF_28,ACATGGTGTCGCATCG-1,CSF,-0.2524450492288105
MS,CSF_28,ACATGGTGTTGAGGTG-1,CSF,-0.09834107806026707
MS,CSF_28,ACCGTAATCGTGGGAA-1,CSF,-0.24505463035531264
MS,CSF_28,ACGATACTCCGAAGAG-1,CSF,-0.4396488787636809
MS,CSF_28,ACGATACTCTCGTATT-1,CSF,-0.09834107806026707
MS,CSF_28,ACGATGTCAGATCTGT-1,CSF,-0.09834107806026707
MS,CSF_28,ACGATGTGTTCCTCCA-1,CSF,-0.32191609454398123
MS,CSF_28,ACGCAGCAGATGCGAC-1,CSF,0.07947551375863848
MS,CSF_28,ACGCAGCGTACCCAAT-1,CSF,0.31514802656798163
MS,CSF_28,ACGCCAGGTGAGTATA-1,CSF,-0.09834107806026707
MS,CSF_28,ACGCCGATCAAGCCTA-1,CSF,0.3189317286504192
MS,CSF_28,ACGGCCATCAACCATG-1,CSF,0.18330330874789308
MS,CSF_28,ACGGGCTAGGCTAGAC-1,CSF,0.14866740328794698
MS,CSF_28,ACGGGCTCAATTGCTG-1,CSF,-0.09834107806026707
MS,CSF_28,ACGGGTCTCTGGCGTG-1,CSF,0.1880647065338876
MS,CSF_28,ACGTCAAGTGGACGAT-1,CSF,-0.09834107806026707
MS,CSF_28,ACGTCAATCACTTCAT-1,CSF,0.2822013585631097
MS,CSF_28,ACTATCTTCACGCGGT-1,CSF,-0.09834107806026707
MS,CSF_28,ACTGAGTAGGTGCTAG-1,CSF,-0.24648959434060375
MS,CSF_28,ACTGATGAGTCTCCTC-1,CSF,-0.2990586608850131
MS,CSF_28,ACTTACTCAAATCCGT-1,CSF,-0.09834107806026707
MS,CSF_28,ACTTACTTCCAAAGTC-1,CSF,-0.09834107806026707
MS,CSF_28,ACTTTCAGTAGGACAC-1,CSF,-0.2979204316154023
MS,CSF_28,AGAATAGTCGTCACGG-1,CSF,-0.6911706343489019
MS,CSF_28,AGAGCTTAGATGGCGT-1,CSF,0.3610457133365455
MS,CSF_28,AGAGTGGCACATAACC-1,CSF,-0.2253440051836829
MS,CSF_28,AGAGTGGTCCTACAGA-1,CSF,-0.09834107806026707
MS,CSF_28,AGATTGCTCAACGAAA-1,CSF,-0.09834107806026707
MS,CSF_28,AGCCTAAAGATCGGGT-1,CSF,-0.09834107806026707
MS,CSF_28,AGCCTAATCTATCCCG-1,CSF,-0.2845628688121584
MS,CSF_28,AGCTTGAAGTGGACGT-1,CSF,-0.09834107806026707
MS,CSF_28,AGGCCACCATCCTAGA-1,CSF,-0.09834107806026707
MS,CSF_28,AGGCCGTTCCTTGCCA-1,CSF,-0.09834107806026707
MS,CSF_28,AGGGAGTAGACAGGCT-1,CSF,-0.35665456602651385
MS,CSF_28,AGGGATGAGACTTTCG-1,CSF,0.37914189731725767
MS,CSF_28,AGGTCATTCAGTGCAT-1,CSF,-0.09834107806026707
MS,CSF_28,AGTAGTCTCAGTTGAC-1,CSF,-0.09834107806026707
MS,CSF_28,AGTCTTTTCCCGACTT-1,CSF,0.195563256958064
MS,CSF_28,AGTGAGGAGCGGCTTC-1,CSF,-0.3754989675859949
MS,CSF_28,AGTGAGGCAGGAATCG-1,CSF,0.16682560331618349
MS,CSF_28,AGTGGGACATTAGGCT-1,CSF,-0.4772478841276682
MS,CSF_28,AGTGTCAAGCGGATCA-1,CSF,0.3900277233113827
MS,CSF_28,AGTGTCACAGATCGGA-1,CSF,-0.3240196785648252
MS,CSF_28,AGTTGGTGTAAAGGAG-1,CSF,0.03523941109113504
MS,CSF_28,ATAACGCTCCGAACGC-1,CSF,0.23670651894379682
MS,CSF_28,ATCATGGAGGCACATG-1,CSF,0.4267826661272151
MS,CSF_28,ATCATGGCACCGATAT-1,CSF,-0.09834107806026707
MS,CSF_28,ATCATGGGTGACCAAG-1,CSF,-0.09834107806026707
MS,CSF_28,ATCCACCTCGTGGACC-1,CSF,-0.09834107806026707
MS,CSF_28,ATCCACCTCTTTACAC-1,CSF,-0.802808650175539
MS,CSF_28,ATCCGAACATTAGGCT-1,CSF,-0.0708681349963153
MS,CSF_28,ATCCGAAGTCAGAATA-1,CSF,0.3103185125781986
MS,CSF_28,ATCTACTAGTAGATGT-1,CSF,-0.09834107806026707
MS,CSF_28,ATGGGAGCAAGGACAC-1,CSF,-0.09834107806026707
MS,CSF_28,ATTACTCCATCAGTCA-1,CSF,-0.19725545344978815
MS,CSF_28,ATTATCCAGCTGAACG-1,CSF,-0.09834107806026707
MS,CSF_28,ATTATCCGTCGGATCC-1,CSF,-0.09834107806026707
MS,CSF_28,ATTGGACAGAACAACT-1,CSF,0.06627546984348917
MS,CSF_28,ATTGGACAGTTAGCGG-1,CSF,-0.06402517005689971
MS,CSF_28,ATTGGTGTCAGTCAGT-1,CSF,-0.4945083102714141
MS,CSF_28,ATTTCTGAGAAGGTTT-1,CSF,0.2230174341695321
MS,CSF_28,ATTTCTGCAAGCGAGT-1,CSF,-0.09834107806026707
MS,CSF_28,CAACCAAGTCTAGAGG-1,CSF,-0.09834107806026707
MS,CSF_28,CAACTAGAGATGCCTT-1,CSF,0.3891353743012149
MS,CSF_28,CAACTAGGTCATTAGC-1,CSF,-0.09834107806026707
MS,CSF_28,CAAGATCGTCAGCTAT-1,CSF,0.37207543774848845
MS,CSF_28,CAAGATCTCTATCCTA-1,CSF,0.6342146507873963
MS,CSF_28,CAAGGCCAGTGTCTCA-1,CSF,-0.25477650725355266
MS,CSF_28,CAAGGCCGTAGGCTGA-1,CSF,-0.09834107806026707
MS,CSF_28,CACACAAGTCGGCTCA-1,CSF,0.2811147920894299
MS,CSF_28,CACACCTCATGCTAGT-1,CSF,-0.09834107806026707
MS,CSF_28,CACACCTGTGTCAATC-1,CSF,0.6055396796361757
MS,CSF_28,CACACTCAGCCCAACC-1,CSF,-0.010941823389663445
MS,CSF_28,CACAGTAAGAGACGAA-1,CSF,-0.10001807413274681
MS,CSF_28,CACATTTAGACTTTCG-1,CSF,0.6450081499263562
MS,CSF_28,CACATTTCATCACAAC-1,CSF,-0.017745971045920923
MS,CSF_28,CAGCATATCACAATGC-1,CSF,-0.09834107806026707
MS,CSF_28,CAGCCGACAGATGGGT-1,CSF,-0.09834107806026707
MS,CSF_28,CAGCCGATCGGCATCG-1,CSF,0.2879313798548989
MS,CSF_28,CAGCTAAAGGCTAGGT-1,CSF,-0.2653063820702301
MS,CSF_28,CAGCTAATCTGTACGA-1,CSF,0.3769532893081447
MS,CSF_28,CAGCTGGCATGGTCTA-1,CSF,-0.3671016092194484
MS,CSF_28,CAGCTGGGTCGAAAGC-1,CSF,0.1726456725697519
MS,CSF_28,CAGTAACTCAACACGT-1,CSF,-0.09834107806026707
MS,CSF_28,CATATGGTCAGTTCGA-1,CSF,-0.09834107806026707
MS,CSF_28,CATCAAGGTGCGCTTG-1,CSF,-0.8529422481925643
MS,CSF_28,CATCCACAGCCTTGAT-1,CSF,0.12326731966123312
MS,CSF_28,CATCGAACAGCAGTTT-1,CSF,-0.2755332635276467
MS,CSF_28,CATCGAAGTAAAGTCA-1,CSF,-0.09834107806026707
MS,CSF_28,CATCGGGAGCTGAACG-1,CSF,-0.39260377319444756
MS,CSF_28,CATCGGGGTATGAAAC-1,CSF,-0.09834107806026707
MS,CSF_28,CATGACAAGGAATTAC-1,CSF,-0.35497274973742543
MS,CSF_28,CATGACACACTCAGGC-1,CSF,-0.09834107806026707
MS,CSF_28,CATGGCGGTCAACATC-1,CSF,-0.09834107806026707
MS,CSF_28,CATTATCCATCACAAC-1,CSF,-0.09834107806026707
MS,CSF_28,CATTCGCCAAGGTTCT-1,CSF,0.4522140497034143
MS,CSF_28,CATTCGCTCCGCGTTT-1,CSF,-1.0001918340163694
MS,CSF_28,CCAATCCAGCTAAGAT-1,CSF,0.884732844748033
MS,CSF_28,CCACTACCATTACGAC-1,CSF,-0.5283420675668448
MS,CSF_28,CCAGCGATCTACGAGT-1,CSF,0.3074035217516301
MS,CSF_28,CCCAGTTGTCATCCCT-1,CSF,-0.09834107806026707
MS,CSF_28,CCCTCCTGTCTACCTC-1,CSF,-0.2613373706531816
MS,CSF_28,CCGGGATAGGAGTCTG-1,CSF,0.7403728879036567
MS,CSF_28,CCGGGATGTTAGATGA-1,CSF,-0.09834107806026707
MS,CSF_28,CCGGTAGAGAATGTTG-1,CSF,-0.09834107806026707
MS,CSF_28,CCGTACTCAAAGTCAA-1,CSF,-0.09834107806026707
MS,CSF_28,CCGTTCACACTTAACG-1,CSF,-0.3251525399341366
MS,CSF_28,CCGTTCAGTCGACTAT-1,CSF,0.08140447625889154
MS,CSF_28,CCTACACGTCTAGCGC-1,CSF,-0.9544554634049446
MS,CSF_28,CCTACACGTTGATTCG-1,CSF,-0.42050591087663447
MS,CSF_28,CCTCAGTTCCGTAGTA-1,CSF,0.2684903900492775
MS,CSF_28,CCTCTGACAGTTTACG-1,CSF,0.27308160754249056
MS,CSF_28,CCTTACGAGCCACCTG-1,CSF,-0.6293315434480673
MS,CSF_28,CGAACATGTATAGGGC-1,CSF,0.3114340826812102
MS,CSF_28,CGAACATTCGACGGAA-1,CSF,-0.9516693211031878
MS,CSF_28,CGAGCCAAGTCATCCA-1,CSF,0.2719617270941723
MS,CSF_28,CGAGCCAGTGTTGAGG-1,CSF,0.13685285341706283
MS,CSF_28,CGATCGGGTCAACATC-1,CSF,-0.09834107806026707
MS,CSF_28,CGATGGCCAAAGCGGT-1,CSF,0.31251031750129243
MS,CSF_28,CGATGGCCACATTAGC-1,CSF,-0.7667888676182042
MS,CSF_28,CGATGGCGTATCTGCA-1,CSF,-0.09834107806026707
MS,CSF_28,CGCGGTAGTGTTTGTG-1,CSF,-0.3156343619599239
MS,CSF_28,CGCTGGACACATCCGG-1,CSF,0.2571083795191748
MS,CSF_28,CGCTGGAGTCAACATC-1,CSF,0.15828326124870848
MS,CSF_28,CGCTGGATCGCAAACT-1,CSF,0.11483019314692935
MS,CSF_28,CGGAGTCGTACAAGTA-1,CSF,-0.09834107806026707
MS,CSF_28,CGGAGTCTCCGAACGC-1,CSF,-0.7177745560909862
MS,CSF_28,CGGGTCAGTCCGTTAA-1,CSF,-0.09834107806026707
MS,CSF_28,CGGGTCAGTTGAACTC-1,CSF,0.45173843729926016
MS,CSF_28,CGGTTAACAGTAACGG-1,CSF,0.3888152013906788
MS,CSF_28,CGTCAGGTCCCGGATG-1,CSF,-0.09834107806026707
MS,CSF_28,CGTCTACAGCGCCTTG-1,CSF,-0.09834107806026707
MS,CSF_28,CGTCTACAGTACATGA-1,CSF,-0.09834107806026707
MS,CSF_28,CGTCTACTCGTTGACA-1,CSF,-0.09834107806026707
MS,CSF_28,CGTGAGCCACGAGGTA-1,CSF,-0.09834107806026707
MS,CSF_28,CGTGAGCGTAAAGTCA-1,CSF,0.5648821860907627
MS,CSF_28,CGTGTCTTCAGGTTCA-1,CSF,-0.09834107806026707
MS,CSF_28,CGTTCTGGTATTACCG-1,CSF,-0.9217105365580209
MS,CSF_28,CGTTCTGGTTCCCGAG-1,CSF,0.47494199131685777
MS,CSF_28,CGTTGGGGTCCGCTGA-1,CSF,0.22146196851368447
MS,CSF_28,CTAAGACGTCAAACTC-1,CSF,0.012124620013840721
MS,CSF_28,CTAAGACTCATTATCC-1,CSF,-0.09834107806026707
MS,CSF_28,CTAGAGTAGAGGTACC-1,CSF,0.3455924086224057
MS,CSF_28,CTAGAGTGTAAGTTCC-1,CSF,0.22549177328972658
MS,CSF_28,CTAGCCTCAAACAACA-1,CSF,-0.010597610339716481
MS,CSF_28,CTAGTGACAGGAACGT-1,CSF,-0.09834107806026707
MS,CSF_28,CTAGTGACAGTCCTTC-1,CSF,0.26688357551241754
MS,CSF_28,CTCGAAAAGATAGTCA-1,CSF,-0.09834107806026707
MS,CSF_28,CTCGGAGGTCAATACC-1,CSF,-0.09834107806026707
MS,CSF_28,CTCGGAGTCGGCTACG-1,CSF,-0.6769142370073941
MS,CSF_28,CTCGGGACACCCATTC-1,CSF,-0.311213837461792
MS,CSF_28,CTCGTACTCCGAATGT-1,CSF,-0.09834107806026707
MS,CSF_28,CTCTAATCATCACGAT-1,CSF,-0.09834107806026707
MS,CSF_28,CTCTACGCAATCCGAT-1,CSF,0.5121610207653671
MS,CSF_28,CTCTACGGTGATAAAC-1,CSF,0.6261450067932044
MS,CSF_28,CTGAAGTTCCGCGCAA-1,CSF,-0.007990234501996651
MS,CSF_28,CTGATAGAGTTAGGTA-1,CSF,-0.09834107806026707
MS,CSF_28,CTGATCCAGTGGGCTA-1,CSF,-0.593939054409144
MS,CSF_28,CTGCGGACAGCAGTTT-1,CSF,-0.2779219088390656
MS,CSF_28,CTGCTGTTCACCGGGT-1,CSF,-0.2643641432823627
MS,CSF_28,CTGTGCTAGTCCAGGA-1,CSF,-0.09834107806026707
MS,CSF_28,CTGTTTAGTAAAGTCA-1,CSF,-0.09834107806026707
MS,CSF_28,CTTAACTAGCCCAACC-1,CSF,-0.09834107806026707
MS,CSF_28,CTTAACTAGTGTTGAA-1,CSF,-0.09834107806026707
MS,CSF_28,CTTCTCTCACACGCTG-1,CSF,0.10657218130956249
MS,CSF_28,CTTGGCTAGACGACGT-1,CSF,0.08451129726540883
MS,CSF_28,GAAACTCGTTGCCTCT-1,CSF,0.17520513796953435
MS,CSF_28,GAAATGACAAAGGCGT-1,CSF,0.55638059392965
MS,CSF_28,GAACCTACATGCCTAA-1,CSF,0.180156632013001
MS,CSF_28,GAATAAGGTCAAGCGA-1,CSF,-0.09834107806026707
MS,CSF_28,GAATAAGTCCCACTTG-1,CSF,0.19757381095271404
MS,CSF_28,GAATGAATCATTGCGA-1,CSF,0.7222312682879954
MS,CSF_28,GACACGCCACGAGGTA-1,CSF,-0.34220942184600345
MS,CSF_28,GACCAATCACCGCTAG-1,CSF,0.13126093541481232
MS,CSF_28,GACGCGTGTCGAAAGC-1,CSF,0.1127811923216906
MS,CSF_28,GACGGCTTCAGGTAAA-1,CSF,-0.09834107806026707
MS,CSF_28,GACGTGCAGATATGCA-1,CSF,0.33022113067216036
MS,CSF_28,GACGTTAAGGGCACTA-1,CSF,0.2986828881911811
MS,CSF_28,GACGTTATCTGGAGCC-1,CSF,0.35607291421735854
MS,CSF_28,GACTACACAGGCTCAC-1,CSF,-0.09834107806026707
MS,CSF_28,GACTGCGAGATGTGTA-1,CSF,-0.09834107806026707
MS,CSF_28,GATGAAAGTCAAAGCG-1,CSF,-0.08258186752178112
MS,CSF_28,GATGAGGTCGGTCTAA-1,CSF,0.10369636289290544
MS,CSF_28,GATGCTACACCGTTGG-1,CSF,0.21535720943214323
MS,CSF_28,GATGCTAGTTGTGGAG-1,CSF,-0.432161528422037
MS,CSF_28,GATTCAGAGTTACGGG-1,CSF,-0.09834107806026707
MS,CSF_28,GCAATCATCCGTAGGC-1,CSF,0.32217633856100836
MS,CSF_28,GCAGCCAAGTACGATA-1,CSF,-0.27691859201562735
MS,CSF_28,GCAGCCACAACACCCG-1,CSF,-0.09834107806026707
MS,CSF_28,GCATACAAGAGCCTAG-1,CSF,-0.06281312956348173
MS,CSF_28,GCATGATAGACTCGGA-1,CSF,0.5921133296339446
MS,CSF_28,GCCTCTAAGGCTATCT-1,CSF,-0.539065753074471
MS,CSF_28,GCGACCAAGCTCTCGG-1,CSF,-0.09834107806026707
MS,CSF_28,GCGCCAAAGCGTTCCG-1,CSF,0.046104561943867806
MS,CSF_28,GCTCCTAAGCTAGCCC-1,CSF,-0.128851586660439
MS,CSF_28,GCTCCTAGTACAGCAG-1,CSF,0.331427148840452
MS,CSF_28,GCTCTGTGTGTGTGCC-1,CSF,0.3417335350852682
MS,CSF_28,GCTGCAGGTGATAAAC-1,CSF,0.711386320927818
MS,CSF_28,GCTGCTTTCTATCCTA-1,CSF,-0.09834107806026707
MS,CSF_28,GCTGGGTGTCAACATC-1,CSF,-0.09834107806026707
MS,CSF_28,GGACAAGGTACGACCC-1,CSF,-0.06780039028455762
MS,CSF_28,GGACAGAGTACCGAGA-1,CSF,-1.2574914749674895
MS,CSF_28,GGACATTCAAAGGCGT-1,CSF,-0.09834107806026707
MS,CSF_28,GGACATTCATCCGTGG-1,CSF,-0.22884460548015437
MS,CSF_28,GGACATTGTCATATCG-1,CSF,-0.09834107806026707
MS,CSF_28,GGACATTTCGCCTGTT-1,CSF,-0.09834107806026707
MS,CSF_28,GGACGTCTCCTAAGTG-1,CSF,-0.30750897830882445
MS,CSF_28,GGATTACGTCGGCTCA-1,CSF,0.19170005800751316
MS,CSF_28,GGCAATTTCAAGGTAA-1,CSF,-0.09834107806026707
MS,CSF_28,GGCGACTGTCAATGTC-1,CSF,-0.2990013485870561
MS,CSF_28,GGCTCGAAGACTTTCG-1,CSF,-0.09834107806026707
MS,CSF_28,GGCTCGAAGTATTGGA-1,CSF,-0.09834107806026707
MS,CSF_28,GGCTCGAGTGCAACGA-1,CSF,0.6243007818323293
MS,CSF_28,GGCTGGTTCTAACGGT-1,CSF,-0.5643001197772108
MS,CSF_28,GGGAATGCACAACGTT-1,CSF,-0.09834107806026707
MS,CSF_28,GGGAATGTCTGTCCGT-1,CSF,0.22600548108868154
MS,CSF_28,GGGACCTAGACTGTAA-1,CSF,-0.7119016971362767
MS,CSF_28,GGGACCTTCCAATGGT-1,CSF,-0.09834107806026707
MS,CSF_28,GGGATGAAGTACTTGC-1,CSF,0.6332582339510882
MS,CSF_28,GGGTCTGTCGTACGGC-1,CSF,-0.09834107806026707
MS,CSF_28,GGGTTGCCAGGTCCAC-1,CSF,-0.09834107806026707
MS,CSF_28,GGTATTGGTAGCGCAA-1,CSF,-0.09834107806026707
MS,CSF_28,GGTGAAGGTAAAGTCA-1-1,CSF,0.015143639589213245
MS,CSF_28,GGTGTTAAGATAGTCA-1,CSF,-0.09834107806026707
MS,CSF_28,GTACGTATCTGCGTAA-1,CSF,0.6211156851076345
MS,CSF_28,GTACTCCGTCACCCAG-1,CSF,-0.32268876745913794
MS,CSF_28,GTAGTCACATGCATGT-1,CSF,-0.44653208611390444
MS,CSF_28,GTATCTTGTACCAGTT-1,CSF,0.3140969324810712
MS,CSF_28,GTATCTTTCTCTGAGA-1,CSF,0.03942210524561939
MS,CSF_28,GTATTCTAGTACATGA-1,CSF,-0.4482329386853485
MS,CSF_28,GTCAAGTGTCTAGCGC-1,CSF,-0.09834107806026707
MS,CSF_28,GTCACAATCTCTGCTG-1,CSF,-0.09834107806026707
MS,CSF_28,GTCACGGGTGGCCCTA-1,CSF,-0.09834107806026707
MS,CSF_28,GTCATTTTCGCAGGCT-1,CSF,0.16611150029161062
MS,CSF_28,GTCGGGTTCAGTGTTG-1,CSF,-0.09834107806026707
MS,CSF_28,GTGAAGGAGGATGGTC-1,CSF,-0.7162042818058147
MS,CSF_28,GTGCAGCAGGAATTAC-1,CSF,-0.09834107806026707
MS,CSF_28,GTGCAGCTCAGCTCTC-1,CSF,-0.2760757613467751
MS,CSF_28,GTGCATAAGTCGTACT-1,CSF,-0.2510885019010886
MS,CSF_28,GTGCTTCTCAGCTTAG-1,CSF,0.5025961797128051
MS,CSF_28,GTGTGCGGTTCGTCTC-1,CSF,-0.28517859510524096
MS,CSF_28,GTGTTAGAGAATGTTG-1,CSF,-0.220966872716356
MS,CSF_28,GTTCGGGGTGTAACGG-1,CSF,0.11474095992619082
MS,CSF_28,GTTCGGGTCCTTCAAT-1,CSF,-0.09834107806026707
MS,CSF_28,GTTTCTACATTTGCTT-1,CSF,-0.6442646499263274
MS,CSF_28,GTTTCTATCCACGACG-1,CSF,-0.2752014733757313
MS,CSF_28,TAAACCGGTCAAAGAT-1,CSF,-0.09834107806026707
MS,CSF_28,TAAACCGGTGTTCGAT-1,CSF,0.43441764248582343
MS,CSF_28,TAAACCGTCAAGGTAA-1,CSF,-0.09834107806026707
MS,CSF_28,TAAGAGAAGTTAGGTA-1,CSF,-0.09834107806026707
MS,CSF_28,TAAGAGAGTCGGATCC-1,CSF,0.45604962758389034
MS,CSF_28,TAAGCGTGTCTAACGT-1,CSF,-0.09834107806026707
MS,CSF_28,TACAGTGAGACACTAA-1,CSF,-0.09834107806026707
MS,CSF_28,TACGGATAGACAGAGA-1,CSF,0.4317869973007985
MS,CSF_28,TACGGTATCGTGGGAA-1,CSF,-0.31471607595891465
MS,CSF_28,TACTCATAGAAACCTA-1,CSF,-0.03416731290421593
MS,CSF_28,TACTCGCAGCCGTCGT-1,CSF,-0.41723617868164536
MS,CSF_28,TACTCGCGTAAGAGGA-1,CSF,-0.2914312144483729
MS,CSF_28,TACTTACGTCGAAAGC-1,CSF,-0.09834107806026707
MS,CSF_28,TACTTACTCGCCCTTA-1,CSF,-0.5921825017500272
MS,CSF_28,TAGAGCTTCGTATCAG-1,CSF,0.23071715868536896
MS,CSF_28,TAGCCGGAGTATCGAA-1,CSF,-0.2853214187581867
MS,CSF_28,TAGGCATAGAGCCTAG-1,CSF,-0.0007338521802951391
MS,CSF_28,TAGTGGTGTCTTCGTC-1,CSF,0.2204905710546878
MS,CSF_28,TAGTGGTTCCGAAGAG-1,CSF,-0.2997498776711716
MS,CSF_28,TAGTTGGAGCCTTGAT-1,CSF,0.18726965044279217
MS,CSF_28,TATCAGGTCAGGCAAG-1,CSF,-0.09834107806026707
MS,CSF_28,TCAACGACAAAGAATC-1,CSF,0.4051498326207574
MS,CSF_28,TCAATCTAGGCGTACA-1,CSF,-0.23133303483743767
MS,CSF_28,TCAATCTTCGTCTGCT-1,CSF,-0.09834107806026707
MS,CSF_28,TCATTACAGGACAGAA-1,CSF,-0.7185884583190748
MS,CSF_28,TCGTACCTCGTCCAGG-1,CSF,-0.09834107806026707
MS,CSF_28,TCGTAGAAGCTAACTC-1,CSF,-0.3039733838198847
MS,CSF_28,TCTATTGGTTCGCTAA-1,CSF,-0.09834107806026707
MS,CSF_28,TCTGGAAAGATAGCAT-1,CSF,-0.09834107806026707
MS,CSF_28,TCTTCGGAGGGTCTCC-1,CSF,-0.09834107806026707
MS,CSF_28,TCTTCGGCAGGAACGT-1,CSF,0.20563958435265622
MS,CSF_28,TCTTCGGGTGTTCGAT-1,CSF,-0.30551781546630435
MS,CSF_28,TCTTTCCTCGATCCCT-1,CSF,-0.4971829866975625
MS,CSF_28,TGAAAGAAGACGCACA-1,CSF,-0.09834107806026707
MS,CSF_28,TGAAAGACATCTCGCT-1,CSF,0.25252142116757564
MS,CSF_28,TGAAAGATCCGCAGTG-1,CSF,-0.3537914022617669
MS,CSF_28,TGACAACTCAAACCAC-1,CSF,-0.09834107806026707
MS,CSF_28,TGACTTTAGCTGATAA-1,CSF,0.3160226316018718
MS,CSF_28,TGAGCCGCACAAGTAA-1,CSF,-0.09834107806026707
MS,CSF_28,TGAGGGAGTTCGTGAT-1,CSF,-0.09834107806026707
MS,CSF_28,TGCCCTAAGTAGGCCA-1,CSF,-0.25717679082915795
MS,CSF_28,TGCGCAGGTGGTGTAG-1,CSF,0.20603113197411846
MS,CSF_28,TGCGCAGTCCAAACAC-1,CSF,0.24610601833530787
MS,CSF_28,TGCTACCTCAGCGACC-1,CSF,-0.09834107806026707
MS,CSF_28,TGCTGCTCAGTGGGAT-1,CSF,0.47573408516528776
MS,CSF_28,TGCTGCTTCCCTTGCA-1,CSF,0.05531972667519912
MS,CSF_28,TGGACGCAGGTGTTAA-1,CSF,-0.2993631018755472
MS,CSF_28,TGGCCAGGTATATGGA-1,CSF,-0.39602604466748
MS,CSF_28,TGGCGCATCTTGTACT-1,CSF,-0.3153506602248833
MS,CSF_28,TGGTTAGCACTACAGT-1,CSF,-0.09834107806026707
MS,CSF_28,TGGTTCCTCCCTGACT-1,CSF,-0.09834107806026707
MS,CSF_28,TGTATTCCAGCTGGCT-1,CSF,-0.09834107806026707
MS,CSF_28,TGTGGTAAGTGTGGCA-1,CSF,-0.292003118516085
MS,CSF_28,TGTGGTATCGGTCTAA-1,CSF,-0.09834107806026707
MS,CSF_28,TGTTCCGGTTGGTTTG-1,CSF,-0.09834107806026707
MS,CSF_28,TTAACTCAGCGTCAAG-1,CSF,-0.0323435917142478
MS,CSF_28,TTAGGACTCAATACCG-1,CSF,0.3335511374686936
MS,CSF_28,TTAGGCAAGAGTAATC-1,CSF,-0.328649879343213
MS,CSF_28,TTCGAAGGTTGGTTTG-1,CSF,-0.7082828582006747
MS,CSF_28,TTCGGTCCAGCGTAAG-1,CSF,-0.09834107806026707
MS,CSF_28,TTCGGTCGTTGAACTC-1,CSF,-0.09834107806026707
MS,CSF_28,TTCTACAAGTGCAAGC-1,CSF,-0.09834107806026707
MS,CSF_28,TTCTCAATCACTCTTA-1,CSF,0.29222881954941116
MS,CSF_28,TTCTCCTGTCTTGCGG-1,CSF,-0.437589460161438
MS,CSF_28,TTGAACGGTTTAGGAA-1,CSF,-0.20162846937328477
MS,CSF_28,TTGCGTCCAGGAATGC-1,CSF,-0.09834107806026707
MS,CSF_28,TTGCGTCTCTCTTGAT-1,CSF,0.1701610643336251
MS,CSF_28,TTTGCGCGTGTCCTCT-1,CSF,0.44923733658606685
MS,CSF_28,TTTGTCAGTCATCCCT-1,CSF,0.6221983910691222
MS,CSF_29,AAACGGGCAATGAATG-1,CSF,-0.09834107806026707
MS,CSF_29,AAAGTAGTCTAGCACA-1,CSF,-0.09834107806026707
MS,CSF_29,AAATGCCCAGCTGCTG-1,CSF,-0.29096655118358655
MS,CSF_29,AAATGCCGTTAAGACA-1,CSF,-0.09834107806026707
MS,CSF_29,AACTCTTTCGGTGTTA-1,CSF,-0.09834107806026707
MS,CSF_29,AAGCCGCTCAGTTGAC-1,CSF,-0.09834107806026707
MS,CSF_29,AAGGAGCAGTATTGGA-1,CSF,-0.09834107806026707
MS,CSF_29,AAGGAGCTCTGGGCCA-1,CSF,-0.09834107806026707
MS,CSF_29,ACAGCCGTCATGCTCC-1,CSF,-0.09834107806026707
MS,CSF_29,ACAGCTAAGTTGAGAT-1,CSF,-0.09834107806026707
MS,CSF_29,ACATACGAGCGCCTTG-1,CSF,-0.09834107806026707
MS,CSF_29,ACATCAGTCAACGAAA-1,CSF,-0.09834107806026707
MS,CSF_29,ACATGGTTCTAAGCCA-1,CSF,-0.09834107806026707
MS,CSF_29,ACGAGGAGTCGGCATC-1,CSF,-1.5726814168307814
MS,CSF_29,ACGAGGAGTCTCTCGT-1,CSF,0.18801141132646407
MS,CSF_29,ACGAGGATCCTTCAAT-1,CSF,0.2530725966153709
MS,CSF_29,ACGAGGATCTCGAGTA-1,CSF,-0.09834107806026707
MS,CSF_29,ACGATGTTCGTCGTTC-1,CSF,-0.09834107806026707
MS,CSF_29,ACGCAGCAGTCTCAAC-1,CSF,0.12109235883469148
MS,CSF_29,ACGGCCAAGACAATAC-1,CSF,-0.09834107806026707
MS,CSF_29,ACGGGCTGTCTGCAAT-1,CSF,0.5150146721678885
MS,CSF_29,ACGGGTCGTGTGACGA-1,CSF,-0.09834107806026707
MS,CSF_29,ACGTCAATCACTTCAT-1-1,CSF,-0.09834107806026707
MS,CSF_29,ACTGAACAGGATATAC-1,CSF,-0.35417297947403215
MS,CSF_29,AGACGTTAGTGAAGTT-1,CSF,0.5692296763426661
MS,CSF_29,AGACGTTTCTCGTTTA-1,CSF,-0.09834107806026707
MS,CSF_29,AGATCTGCAGACTCGC-1,CSF,-0.09834107806026707
MS,CSF_29,AGCCTAATCCCTTGCA-1,CSF,-0.5301728594880432
MS,CSF_29,AGCTTGAGTCTCCACT-1,CSF,-0.09834107806026707
MS,CSF_29,AGGCCGTCAAGTTGTC-1,CSF,-0.2567337749701644
MS,CSF_29,AGGGAGTAGAATTGTG-1,CSF,-0.09834107806026707
MS,CSF_29,AGGTCCGGTCCCGACA-1,CSF,-0.2921165782620981
MS,CSF_29,AGTAGTCAGTCCAGGA-1,CSF,-0.09834107806026707
MS,CSF_29,AGTTGGTCACTGAAGG-1,CSF,-0.28808973167288193
MS,CSF_29,ATAGACCAGTACTTGC-1,CSF,-0.12507761844026843
MS,CSF_29,ATCCGAAAGCTGAACG-1,CSF,0.23416662149010464
MS,CSF_29,ATCTACTCAGCCTGTG-1,CSF,0.00853146725560111
MS,CSF_29,ATGAGGGGTAGTACCT-1,CSF,-0.34246073671410254
MS,CSF_29,ATTCTACTCGTGACAT-1,CSF,-0.09834107806026707
MS,CSF_29,ATTGGACAGCGATAGC-1,CSF,-0.09834107806026707
MS,CSF_29,ATTGGACTCGTGGGAA-1,CSF,-0.6833160697019068
MS,CSF_29,CAACCTCCAGGCGATA-1,CSF,-0.09834107806026707
MS,CSF_29,CAACCTCGTGACTCAT-1,CSF,-0.09834107806026707
MS,CSF_29,CAAGTTGGTACTCAAC-1,CSF,-0.09834107806026707
MS,CSF_29,CAAGTTGGTGCCTTGG-1,CSF,-0.09834107806026707
MS,CSF_29,CACACAATCCGCTGTT-1,CSF,-0.09834107806026707
MS,CSF_29,CACACCTTCGGCGGTT-1,CSF,-0.47574787800058205
MS,CSF_29,CACACTCAGACTACAA-1,CSF,-0.6807502736335865
MS,CSF_29,CACACTCGTCTAGAGG-1,CSF,-0.09834107806026707
MS,CSF_29,CACAGGCGTTCGTCTC-1,CSF,-0.09834107806026707
MS,CSF_29,CACAGGCTCTCGTATT-1,CSF,-0.43015302534545635
MS,CSF_29,CACAGTAGTCGCATCG-1,CSF,0.06756479011210728
MS,CSF_29,CAGAGAGGTACCGAGA-1,CSF,0.29608930046990495
MS,CSF_29,CAGCAGCTCACGGTTA-1,CSF,-0.2210544785494091
MS,CSF_29,CAGCAGCTCGCGCCAA-1,CSF,0.40656302487522494
MS,CSF_29,CAGCTAAAGCTAGTCT-1,CSF,-0.3087027149492174
MS,CSF_29,CAGCTAAAGGCTCATT-1,CSF,-0.09834107806026707
MS,CSF_29,CAGCTAAGTACGCTGC-1,CSF,-0.09834107806026707
MS,CSF_29,CATCCACCAGGTTTCA-1,CSF,-0.09834107806026707
MS,CSF_29,CATCCACTCGGCCGAT-1,CSF,-0.09834107806026707
MS,CSF_29,CATCGGGCAGCCTTTC-1,CSF,-0.09834107806026707
MS,CSF_29,CATGACAAGTGAATTG-1,CSF,-0.0441395594988887
MS,CSF_29,CATTCGCCAGACGCTC-1,CSF,-0.09834107806026707
MS,CSF_29,CCATGTCGTTAAGGGC-1,CSF,-0.09834107806026707
MS,CSF_29,CCGTACTGTTGCGTTA-1,CSF,0.6060807777899152
MS,CSF_29,CCGTACTTCAGGATCT-1,CSF,-0.23196362247894756
MS,CSF_29,CCGTTCATCGTACCGG-1,CSF,-0.09834107806026707
MS,CSF_29,CCTCAGTAGTGACATA-1,CSF,-0.39330766482076973
MS,CSF_29,CCTCTGACATTCGACA-1,CSF,-0.09834107806026707
MS,CSF_29,CGACCTTCAGCTTAAC-1,CSF,0.29550968983550024
MS,CSF_29,CGACTTCCACGAAATA-1,CSF,0.08862676808144242
MS,CSF_29,CGAGAAGAGGACTGGT-1,CSF,0.6270597485602581
MS,CSF_29,CGATCGGCAAACCTAC-1,CSF,-0.09834107806026707
MS,CSF_29,CGATGGCGTCATGCAT-1,CSF,-0.09834107806026707
MS,CSF_29,CGATGTAGTATCTGCA-1,CSF,0.20510908370067624
MS,CSF_29,CGATGTAGTCTCACCT-1,CSF,0.22884699038842155
MS,CSF_29,CGCCAAGAGAAGGGTA-1,CSF,-0.09834107806026707
MS,CSF_29,CGCGTTTGTGTTAAGA-1,CSF,-0.35434374433727023
MS,CSF_29,CGCTATCCAGCCTGTG-1,CSF,0.19001225672649172
MS,CSF_29,CGCTTCACATATGCTG-1,CSF,-0.09834107806026707
MS,CSF_29,CGGACGTGTTCTCATT-1,CSF,-0.3466180700132725
MS,CSF_29,CGGAGCTAGTCCGTAT-1,CSF,-0.09834107806026707
MS,CSF_29,CGGCTAGGTCAAACTC-1,CSF,-0.09834107806026707
MS,CSF_29,CGGCTAGTCCCGGATG-1,CSF,-0.09834107806026707
MS,CSF_29,CGGTTAAGTCTAGTCA-1,CSF,-0.09834107806026707
MS,CSF_29,CGTCCATGTAGCGTGA-1,CSF,-0.09834107806026707
MS,CSF_29,CGTCTACGTCAACATC-1,CSF,-0.2274874813613091
MS,CSF_29,CTAAGACGTGCGGTAA-1,CSF,0.11293977410919065
MS,CSF_29,CTACACCAGCCCAACC-1,CSF,-0.3146458947646065
MS,CSF_29,CTACGTCAGTACCGGA-1,CSF,-0.09834107806026707
MS,CSF_29,CTAGTGATCTCTAAGG-1,CSF,-0.09834107806026707
MS,CSF_29,CTCATTATCATTTGGG-1,CSF,-0.09834107806026707
MS,CSF_29,CTCATTATCCAAAGTC-1,CSF,-0.09834107806026707
MS,CSF_29,CTCGGAGCAAACAACA-1,CSF,-0.2539553591514122
MS,CSF_29,CTCGTACGTCGAATCT-1,CSF,-0.09834107806026707
MS,CSF_29,CTCTACGTCAACACCA-1,CSF,0.23482023297125168
MS,CSF_29,CTGAAACCAAACAACA-1,CSF,0.30218604214902317
MS,CSF_29,CTGATCCCACCAGTTA-1,CSF,-0.09834107806026707
MS,CSF_29,CTGCTGTTCCCAAGAT-1,CSF,-0.09834107806026707
MS,CSF_29,CTTAACTAGTTAGCGG-1,CSF,0.32457922496284325
MS,CSF_29,CTTCTCTCAAGAAGAG-1-1,CSF,0.15187740597918134
MS,CSF_29,CTTGGCTTCAGCAACT-1,CSF,-0.09834107806026707
MS,CSF_29,GAACATCTCTCTAGGA-1,CSF,-0.09834107806026707
MS,CSF_29,GAACCTAGTCTGCAAT-1,CSF,0.16569714532831656
MS,CSF_29,GAAGCAGAGAGCTGCA-1,CSF,0.3606622192289014
MS,CSF_29,GAATGAAGTACGCTGC-1,CSF,-0.09834107806026707
MS,CSF_29,GACGGCTTCTCAAGTG-1,CSF,-0.09834107806026707
MS,CSF_29,GACTAACAGGACTGGT-1,CSF,-0.09834107806026707
MS,CSF_29,GAGCAGAGTTCCCTTG-1,CSF,-0.09834107806026707
MS,CSF_29,GATCAGTGTACGACCC-1,CSF,-0.09834107806026707
MS,CSF_29,GATCGATGTAAGGATT-1,CSF,-0.09834107806026707
MS,CSF_29,GATCTAGTCGCGCCAA-1,CSF,0.26881228883597996
MS,CSF_29,GCAATCAGTCCCTTGT-1,CSF,-0.4877040085963406
MS,CSF_29,GCACATAGTCGTGGCT-1,CSF,-0.4121709780263771
MS,CSF_29,GCAGTTAGTGTGACCC-1,CSF,-0.09834107806026707
MS,CSF_29,GCATGATCATACTACG-1,CSF,0.25153440528360566
MS,CSF_29,GCATGATGTTCCGGCA-1,CSF,-0.09834107806026707
MS,CSF_29,GCGACCACAGCTGCTG-1,CSF,0.2854376362162055
MS,CSF_29,GCGCCAAAGTGGTAGC-1,CSF,-0.09834107806026707
MS,CSF_29,GCGGGTTCATGTCCTC-1,CSF,-0.3083782734293714
MS,CSF_29,GCTCCTAAGCAGACTG-1,CSF,-0.31309779699704954
MS,CSF_29,GCTCCTACAATGTAAG-1,CSF,-0.09834107806026707
MS,CSF_29,GCTCTGTGTACAGTGG-1,CSF,0.07557521296952403
MS,CSF_29,GCTGCGATCTTCGGTC-1,CSF,-0.5970118148017409
MS,CSF_29,GCTGGGTGTGTAAGTA-1,CSF,-0.09834107806026707
MS,CSF_29,GGAACTTCAGTGGAGT-1,CSF,-0.09834107806026707
MS,CSF_29,GGACAAGTCTTGGGTA-1,CSF,-0.24817787887052972
MS,CSF_29,GGCCGATAGTATCTCG-1,CSF,-0.2896403868019632
MS,CSF_29,GGCCGATCAGTCGATT-1,CSF,-0.5756221340962223
MS,CSF_29,GGCGACTAGGCTCTTA-1,CSF,-0.09834107806026707
MS,CSF_29,GGCGACTAGTGAATTG-1,CSF,0.24646306984759428
MS,CSF_29,GGGAGATTCCCAAGTA-1,CSF,-0.13059927089312037
MS,CSF_29,GGGTCTGGTAAATGTG-1,CSF,-0.09834107806026707
MS,CSF_29,GGTGCGTAGGTCATCT-1,CSF,-0.297892209117758
MS,CSF_29,GTAACTGCAGTACACT-1,CSF,-0.3045258087384752
MS,CSF_29,GTACTTTGTTGGTAAA-1,CSF,-0.09834107806026707
MS,CSF_29,GTACTTTTCGAGAGCA-1,CSF,-0.30551781546630435
MS,CSF_29,GTATTCTAGAAACCTA-1,CSF,-0.09834107806026707
MS,CSF_29,GTCACAAAGTCACGCC-1,CSF,-0.09834107806026707
MS,CSF_29,GTCTCGTAGAAGAAGC-1,CSF,-0.09834107806026707
MS,CSF_29,GTCTTCGAGCAGATCG-1,CSF,-0.09834107806026707
MS,CSF_29,GTGCTTCGTCCGAATT-1,CSF,-0.46262606113649063
MS,CSF_29,GTGCTTCTCGGCGGTT-1,CSF,-0.09834107806026707
MS,CSF_29,GTGTGCGAGTACTTGC-1,CSF,-0.09834107806026707
MS,CSF_29,GTGTTAGGTCAGAAGC-1,CSF,-0.09834107806026707
MS,CSF_29,GTGTTAGTCCTGCCAT-1,CSF,-0.32401933262705745
MS,CSF_29,GTTAAGCGTCTGATCA-1,CSF,-0.09834107806026707
MS,CSF_29,GTTACAGGTCATCCCT-1,CSF,-0.8609010958971577
MS,CSF_29,GTTCATTGTTCCATGA-1,CSF,0.2578893653892008
MS,CSF_29,TAAGCGTAGAGACTAT-1,CSF,-0.09834107806026707
MS,CSF_29,TACACGACAAGCTGTT-1,CSF,-0.09834107806026707
MS,CSF_29,TACACGAGTTGTCGCG-1,CSF,-0.2535036233845086
MS,CSF_29,TACCTATCAACGATGG-1,CSF,-0.11841885953278271
MS,CSF_29,TACGGATTCAAGAAGT-1,CSF,-0.09834107806026707
MS,CSF_29,TAGAGCTCACCCATTC-1,CSF,0.33804213213869855
MS,CSF_29,TAGTGGTAGCACAGGT-1,CSF,-0.09834107806026707
MS,CSF_29,TATCAGGAGCTGTCTA-1,CSF,-0.09834107806026707
MS,CSF_29,TCACGAACACTGTGTA-1,CSF,-0.09834107806026707
MS,CSF_29,TCAGCAACACCAGGCT-1,CSF,-0.09834107806026707
MS,CSF_29,TCAGCAACACTGCCAG-1,CSF,-0.09834107806026707
MS,CSF_29,TCAGCTCTCTTGCATT-1,CSF,0.2397278819258792
MS,CSF_29,TCGGGACCACAAGACG-1,CSF,-1.0329651364887227
MS,CSF_29,TCGTAGACATTCACTT-1,CSF,-0.34979642956525303
MS,CSF_29,TCTGAGATCAACCAAC-1,CSF,-0.09834107806026707
MS,CSF_29,TCTGGAAAGGGAAACA-1,CSF,-0.6141737008973186
MS,CSF_29,TGACGGCAGTCTCCTC-1,CSF,0.22916438750054804
MS,CSF_29,TGACGGCAGTGCGATG-1,CSF,-0.09834107806026707
MS,CSF_29,TGACGGCTCCGCGGTA-1,CSF,0.0794492809345012
MS,CSF_29,TGACTTTCACCTCGGA-1,CSF,-0.09834107806026707
MS,CSF_29,TGAGCATTCCAACCAA-1,CSF,-0.09834107806026707
MS,CSF_29,TGAGGGAGTATTCGTG-1,CSF,-0.09834107806026707
MS,CSF_29,TGATTTCTCCTCAATT-1,CSF,-0.09834107806026707
MS,CSF_29,TGCACCTCACGCGAAA-1,CSF,-0.3039733838198847
MS,CSF_29,TGCCAAATCAACCATG-1,CSF,0.15079617511985793
MS,CSF_29,TGCGCAGAGCCTATGT-1,CSF,-0.09834107806026707
MS,CSF_29,TGCTACCTCGTAGGAG-1,CSF,-0.09834107806026707
MS,CSF_29,TGCTGCTAGACTACAA-1,CSF,-0.09834107806026707
MS,CSF_29,TGGGAAGGTAAATACG-1,CSF,-0.314927041472867
MS,CSF_29,TGGGAAGTCGTGACAT-1,CSF,-0.09834107806026707
MS,CSF_29,TGGGCGTGTATAAACG-1,CSF,-0.09834107806026707
MS,CSF_29,TGGTTCCTCACGAAGG-1,CSF,-0.09834107806026707
MS,CSF_29,TGTATTCAGTGCGATG-1,CSF,-0.09834107806026707
MS,CSF_29,TGTATTCCAACACGCC-1,CSF,-0.4983287112308833
MS,CSF_29,TGTCCCATCACTCTTA-1,CSF,0.2850699560234527
MS,CSF_29,TGTGGTACATTAGGCT-1,CSF,-0.09834107806026707
MS,CSF_29,TTAGTTCAGCTAGTGG-1,CSF,-0.09834107806026707
MS,CSF_29,TTATGCTCATGAACCT-1,CSF,-0.09834107806026707
MS,CSF_29,TTCGAAGCAGAAGCAC-1,CSF,-0.09834107806026707
MS,CSF_29,TTCTCAACATGACGGA-1,CSF,-0.46215528041570914
MS,CSF_29,TTGCCGTGTACAAGTA-1,CSF,-0.09834107806026707
MS,CSF_29,TTTCCTCAGTTCCACA-1,CSF,0.2275153469962809
MS,CSF_31,AAACCTGCACAAGACG-1,CSF,0.29621821734005277
MS,CSF_31,AAACCTGCATGAACCT-1,CSF,0.1310903062538935
MS,CSF_31,AAACGGGTCCCTCTTT-1,CSF,0.13395415366833305
MS,CSF_31,AAAGATGGTGAGCGAT-1,CSF,1.052290551574243
MS,CSF_31,AAAGCAATCGGAAACG-1,CSF,0.0920940981081245
MS,CSF_31,AAAGTAGAGCCCAACC-1,CSF,-0.288238380318074
MS,CSF_31,AAAGTAGCACCACGTG-1,CSF,-0.4492189530044562
MS,CSF_31,AAAGTAGTCACCGGGT-1,CSF,-0.09834107806026707
MS,CSF_31,AAAGTAGTCATTGCGA-1,CSF,0.2512651540361736
MS,CSF_31,AACCATGGTCTTGATG-1,CSF,-0.47973364577471383
MS,CSF_31,AACCATGTCTAACCGA-1,CSF,0.4370327401288477
MS,CSF_31,AACTCTTAGACAATAC-1,CSF,0.1125882093251941
MS,CSF_31,AACTCTTAGCTGATAA-1,CSF,-0.12687873309416903
MS,CSF_31,AACTCTTAGGATGGAA-1,CSF,-0.2441547727866746
MS,CSF_31,AACTGGTAGCGCTTAT-1,CSF,-0.09834107806026707
MS,CSF_31,AAGGCAGTCGTTACGA-1,CSF,-0.09834107806026707
MS,CSF_31,AAGGTTCCAATCGAAA-1,CSF,-0.2221270037817301
MS,CSF_31,AAGTCTGCACACCGCA-1,CSF,0.19768342277575154
MS,CSF_31,AAGTCTGTCAGCATGT-1,CSF,0.4903229223158286
MS,CSF_31,AATCCAGCACATTAGC-1,CSF,0.18876950424848762
MS,CSF_31,AATCCAGTCCCTCTTT-1,CSF,-0.2060192244368794
MS,CSF_31,AATCGGTAGGTCATCT-1,CSF,-0.011575680147713248
MS,CSF_31,AATCGGTGTGCAGACA-1,CSF,0.26467246401828537
MS,CSF_31,ACACCAACATTACCTT-1,CSF,-0.47403641266603475
MS,CSF_31,ACACTGAGTTGCGCAC-1,CSF,0.23460371717073694
MS,CSF_31,ACAGCCGGTCTAGTGT-1,CSF,0.08763220618852806
MS,CSF_31,ACAGCCGTCTGTCCGT-1,CSF,-0.09834107806026707
MS,CSF_31,ACAGCTATCGGATGGA-1,CSF,-0.007697059254373266
MS,CSF_31,ACCCACTCACGTCAGC-1,CSF,-0.21321875817913463
MS,CSF_31,ACCCACTGTCTCTCTG-1,CSF,-0.09834107806026707
MS,CSF_31,ACCGTAACAGCTGCTG-1,CSF,-0.6154797098903136
MS,CSF_31,ACGCAGCAGCCAGTTT-1,CSF,0.7402846728755229
MS,CSF_31,ACGCCAGAGAAACGAG-1,CSF,0.10726333377084736
MS,CSF_31,ACGGGTCGTACCAGTT-1,CSF,0.5948708559060455
MS,CSF_31,ACGGGTCGTCCGTCAG-1,CSF,0.6006200920875601
MS,CSF_31,ACGGGTCGTCGAGATG-1,CSF,0.17484988457601533
MS,CSF_31,ACGGGTCTCTATCGCC-1,CSF,-0.09834107806026707
MS,CSF_31,ACGTCAACAATCTACG-1,CSF,-0.037261072395070025
MS,CSF_31,ACTGAGTGTAGCGTAG-1,CSF,0.0018079235873463353
MS,CSF_31,ACTGATGCAGTCACTA-1,CSF,0.06768578297868115
MS,CSF_31,ACTTACTCAGTACACT-1,CSF,0.23894499854965923
MS,CSF_31,ACTTGTTTCCGCGTTT-1,CSF,0.13642571398093267
MS,CSF_31,AGAGTGGAGCCAGTTT-1,CSF,0.12003200899729838
MS,CSF_31,AGATCTGCATTACGAC-1,CSF,-0.3231718284387002
MS,CSF_31,AGATTGCAGCAGCCTC-1,CSF,0.10621868307369908
MS,CSF_31,AGCAGCCTCTCGAGTA-1,CSF,0.1255714648470337
MS,CSF_31,AGCGTATGTTATCACG-1,CSF,-0.09834107806026707
MS,CSF_31,AGCTCCTGTATCGCAT-1,CSF,-0.03263147272202766
MS,CSF_31,AGCTCTCCATCAGTCA-1,CSF,0.2269385197989923
MS,CSF_31,AGGGTGAGTTTAGCTG-1,CSF,-0.057076873620690395
MS,CSF_31,AGGTCATAGGGCTTCC-1,CSF,-0.26832991664647043
MS,CSF_31,AGTGAGGCAAGCTGAG-1,CSF,0.12920100689572273
MS,CSF_31,AGTGAGGCACTGCCAG-1,CSF,-0.28240998918288757
MS,CSF_31,AGTGTCATCTTCGGTC-1,CSF,-0.047313858888874294
MS,CSF_31,AGTTGGTAGATCTGCT-1,CSF,0.2725185337866758
MS,CSF_31,ATAAGAGTCCGCAGTG-1,CSF,-0.09834107806026707
MS,CSF_31,ATAGACCAGGGATGGG-1,CSF,-0.22641743287959135
MS,CSF_31,ATAGACCCACCTTGTC-1,CSF,0.07954430213328421
MS,CSF_31,ATCATCTCACTCTGTC-1,CSF,0.13379306196707288
MS,CSF_31,ATCATGGTCACAACGT-1,CSF,-0.3814351422463052
MS,CSF_31,ATCCGAAAGCGCTCCA-1,CSF,-0.2223404891615435
MS,CSF_31,ATCTACTTCTGCGTAA-1,CSF,0.1301186844619074
MS,CSF_31,ATGCGATGTGACGCCT-1,CSF,0.12332070512490934
MS,CSF_31,ATGCGATTCCCAACGG-1,CSF,-0.18543843376855756
MS,CSF_31,ATGTGTGCAGGTGCCT-1,CSF,0.18954947210059547
MS,CSF_31,ATTGGACTCTTGCAAG-1,CSF,-0.09834107806026707
MS,CSF_31,CAACCAAAGGACGAAA-1,CSF,0.45801281937584504
MS,CSF_31,CAACCTCCATTTGCCC-1,CSF,-0.2143604110989119
MS,CSF_31,CAACCTCTCTGCGTAA-1,CSF,-0.09834107806026707
MS,CSF_31,CAAGAAAAGAGTACCG-1,CSF,0.14836002896917963
MS,CSF_31,CAAGGCCGTCTTGCGG-1,CSF,0.13723593086401992
MS,CSF_31,CAAGTTGTCGCATGGC-1,CSF,-0.14961360767429221
MS,CSF_31,CACACTCCAGATAATG-1,CSF,0.3910165445544435
MS,CSF_31,CACACTCCAGCTTAAC-1,CSF,-0.3422239269849911
MS,CSF_31,CACAGTATCATAGCAC-1,CSF,-0.09834107806026707
MS,CSF_31,CACATAGTCACGCGGT-1,CSF,-0.09834107806026707
MS,CSF_31,CACATTTCACGTGAGA-1,CSF,-0.09834107806026707
MS,CSF_31,CACCACTGTAAAGGAG-1,CSF,0.25518605036898545
MS,CSF_31,CACCACTTCATTATCC-1,CSF,-0.09834107806026707
MS,CSF_31,CAGAATCTCTTCTGGC-1,CSF,0.1747967600013631
MS,CSF_31,CAGGTGCCAAGGACTG-1,CSF,-0.8621238826629921
MS,CSF_31,CATATGGAGGAACTGC-1,CSF,-0.09834107806026707
MS,CSF_31,CATATGGAGGTGCTAG-1,CSF,-0.09834107806026707
MS,CSF_31,CATATGGCACAGATTC-1,CSF,-0.34388229266895126
MS,CSF_31,CATATGGGTCTAGGTT-1,CSF,-0.2944881614255242
MS,CSF_31,CATCCACCACGACGAA-1,CSF,-0.36584768787322447
MS,CSF_31,CATGGCGTCCACTCCA-1,CSF,0.22089502632420127
MS,CSF_31,CATTCGCTCCAGGGCT-1,CSF,-0.28376809144448717
MS,CSF_31,CCAATCCAGATGTAAC-1,CSF,0.18555445847244728
MS,CSF_31,CCACCTACAGAAGCAC-1,CSF,-0.09834107806026707
MS,CSF_31,CCATGTCCAGGGCATA-1,CSF,-0.09834107806026707
MS,CSF_31,CCGGGATCAAGTCTAC-1,CSF,-0.09834107806026707
MS,CSF_31,CCGGGATCACCGAATT-1,CSF,0.10143165893122934
MS,CSF_31,CCGGGATTCTCGTATT-1,CSF,0.47039069643574155
MS,CSF_31,CCGGGATTCTGATTCT-1,CSF,-0.08720351565944276
MS,CSF_31,CCGTACTCAGCTCCGA-1,CSF,0.2181604821880791
MS,CSF_31,CCGTACTCAGGATTGG-1,CSF,-0.24965933946743118
MS,CSF_31,CCTAAAGCATTTCACT-1,CSF,-0.09834107806026707
MS,CSF_31,CCTAAAGGTTCGGGCT-1,CSF,0.15707561997545666
MS,CSF_31,CCTACACGTCGACTAT-1,CSF,0.08956688950777705
MS,CSF_31,CCTACACTCTCCAACC-1,CSF,-0.09834107806026707
MS,CSF_31,CCTTACGCACCAGTTA-1,CSF,0.19759728612294256
MS,CSF_31,CCTTCCCAGATGAGAG-1,CSF,-0.302119205111537
MS,CSF_31,CCTTCCCAGTTGTAGA-1,CSF,0.19945675231756654
MS,CSF_31,CCTTTCTTCTTCGGTC-1,CSF,0.2432586602165487
MS,CSF_31,CGAATGTGTAAGCACG-1,CSF,-0.46497166284802216
MS,CSF_31,CGAATGTGTTGCGCAC-1,CSF,0.09773427774706316
MS,CSF_31,CGACCTTAGACCTTTG-1,CSF,0.10287012199742747
MS,CSF_31,CGAGAAGAGAACAATC-1,CSF,0.276228159701529
MS,CSF_31,CGAGAAGCACAGACTT-1,CSF,-0.031079890565296458
MS,CSF_31,CGAGAAGTCTCTAAGG-1,CSF,-0.09834107806026707
MS,CSF_31,CGAGCCACATCATCCC-1,CSF,0.30808713449751746
MS,CSF_31,CGAGCCAGTCGAGATG-1,CSF,-0.21224641049515997
MS,CSF_31,CGATGGCAGATGTAAC-1,CSF,-0.5070515809830549
MS,CSF_31,CGATGTACAAGCTGAG-1,CSF,-0.09834107806026707
MS,CSF_31,CGATTGAGTAGAGCTG-1,CSF,0.33855527441365524
MS,CSF_31,CGCCAAGGTCTGCGGT-1,CSF,-0.09834107806026707
MS,CSF_31,CGCTGGAGTCACACGC-1,CSF,-0.09834107806026707
MS,CSF_31,CGCTTCACAATCCGAT-1,CSF,-0.09834107806026707
MS,CSF_31,CGCTTCATCACGGTTA-1,CSF,0.26093195514994166
MS,CSF_31,CGGACGTAGAACTCGG-1,CSF,0.1769138344794328
MS,CSF_31,CGGACGTGTGTTTGGT-1,CSF,-0.09834107806026707
MS,CSF_31,CGGCTAGGTCACTTCC-1,CSF,0.41981902818456646
MS,CSF_31,CGGGTCAAGAGAACAG-1,CSF,0.3112663096633354
MS,CSF_31,CGGTTAATCCGCGCAA-1,CSF,-0.09971019242261454
MS,CSF_31,CGTAGCGGTTAGATGA-1,CSF,0.22759075867196202
MS,CSF_31,CGTCACTAGCATGGCA-1,CSF,-0.27492811992402894
MS,CSF_31,CGTCAGGCAGCAGTTT-1,CSF,0.6040019026062354
MS,CSF_31,CGTCTACAGAAACGAG-1,CSF,-0.09834107806026707
MS,CSF_31,CGTGAGCCAACCGCCA-1,CSF,0.10467230120261717
MS,CSF_31,CGTGAGCTCCGGGTGT-1,CSF,0.2790635318758278
MS,CSF_31,CGTGTCTTCGTTTATC-1,CSF,0.10367112355973751
MS,CSF_31,CGTTAGACAGATTGCT-1,CSF,0.46573482018763857
MS,CSF_31,CGTTGGGGTCCGTCAG-1,CSF,0.6691277864379711
MS,CSF_31,CTACCCAAGCCCAATT-1,CSF,-0.4786941658010223
MS,CSF_31,CTACGTCAGAGATGAG-1,CSF,-0.09834107806026707
MS,CSF_31,CTACGTCCACCGAAAG-1,CSF,0.27352278525901114
MS,CSF_31,CTACGTCCAGGGTTAG-1,CSF,0.4055917672298245
MS,CSF_31,CTAGAGTCATCCGGGT-1,CSF,0.14787390192194788
MS,CSF_31,CTCCTAGTCAACCAAC-1,CSF,-0.09834107806026707
MS,CSF_31,CTCGGGATCGGAGGTA-1,CSF,0.17491082332409835
MS,CSF_31,CTCGTACGTATTCTCT-1,CSF,-0.09834107806026707
MS,CSF_31,CTCGTACTCGAGAACG-1,CSF,-0.08121853521364793
MS,CSF_31,CTCTACGAGACAAGCC-1,CSF,-0.09834107806026707
MS,CSF_31,CTCTGGTAGACCGGAT-1,CSF,-0.2093837959632355
MS,CSF_31,CTGATAGAGAGGGATA-1,CSF,-0.7472828832379478
MS,CSF_31,CTGATAGAGTGGCACA-1-1,CSF,0.5100964591712428
MS,CSF_31,CTGATAGGTGTGAATA-1,CSF,-0.09834107806026707
MS,CSF_31,CTGCGGAAGACTTTCG-1,CSF,0.055211558419708213
MS,CSF_31,CTGCGGAGTCGGATCC-1,CSF,0.3117469246205413
MS,CSF_31,CTGCTGTAGTCATCCA-1,CSF,-0.09834107806026707
MS,CSF_31,CTGCTGTCAAGTCTGT-1,CSF,0.10297778816282112
MS,CSF_31,CTGGTCTAGCTAGTCT-1,CSF,0.05776411088039065
MS,CSF_31,CTGTGCTAGACCTTTG-1,CSF,-0.04220352149209039
MS,CSF_31,CTGTGCTGTGCGATAG-1,CSF,0.023435199490604564
MS,CSF_31,CTGTTTAGTTACCGAT-1,CSF,-0.09834107806026707
MS,CSF_31,CTGTTTAGTTGGAGGT-1,CSF,-0.09834107806026707
MS,CSF_31,CTTAACTAGCGTTGCC-1,CSF,0.06137401607248761
MS,CSF_31,CTTGGCTTCTTCGAGA-1,CSF,-0.6206745484478792
MS,CSF_31,GAAACTCTCCACGCAG-1,CSF,-0.09278612956037162
MS,CSF_31,GAAATGACATAGTAAG-1,CSF,-0.3613264684429658
MS,CSF_31,GAACCTAGTGAAATCA-1,CSF,-0.09834107806026707
MS,CSF_31,GAACGGAGTTCACCTC-1,CSF,0.03948807195794189
MS,CSF_31,GAACGGATCATGCATG-1,CSF,-0.09834107806026707
MS,CSF_31,GAATGAACATGGTCTA-1,CSF,-0.5567055847693384
MS,CSF_31,GACACGCTCCGCGGTA-1,CSF,-0.1917071538057976
MS,CSF_31,GACCAATCAACTGGCC-1,CSF,-0.09834107806026707
MS,CSF_31,GACCAATGTACTCTCC-1,CSF,0.24036486983101119
MS,CSF_31,GACGGCTGTTAGAACA-1,CSF,0.34833167044456836
MS,CSF_31,GACGTTAGTGCAGTAG-1,CSF,-0.2293804200824392
MS,CSF_31,GACTAACTCCGAACGC-1,CSF,-0.23685546614083788
MS,CSF_31,GACTGCGAGAGTGAGA-1,CSF,0.05789594292055883
MS,CSF_31,GACTGCGGTTACGCGC-1,CSF,0.13197867229511756
MS,CSF_31,GATCGATTCGTGGACC-1,CSF,-0.332875260740939
MS,CSF_31,GATCGTAAGTGGGCTA-1,CSF,0.13996204179150928
MS,CSF_31,GATCTAGCAAGCTGAG-1,CSF,0.30602769225002746
MS,CSF_31,GATCTAGCACGTGAGA-1,CSF,0.4349476684243589
MS,CSF_31,GATGAAAGTCCAACTA-1,CSF,-0.09834107806026707
MS,CSF_31,GATGAGGGTATTCTCT-1,CSF,0.35794970741037213
MS,CSF_31,GATTCAGGTCTAAACC-1,CSF,-0.11698084797333062
MS,CSF_31,GCAAACTTCGGCTTGG-1,CSF,-0.09834107806026707
MS,CSF_31,GCACATAAGAGTAATC-1,CSF,-0.09834107806026707
MS,CSF_31,GCATACACAGTGGAGT-1,CSF,-0.3755317634777548
MS,CSF_31,GCATGATAGGATGTAT-1,CSF,-0.5065364352986779
MS,CSF_31,GCATGCGAGGTGCTTT-1,CSF,-0.20571523463146665
MS,CSF_31,GCATGCGTCATACGGT-1,CSF,-0.09834107806026707
MS,CSF_31,GCATGTACAGTCAGCC-1,CSF,0.16378384261708095
MS,CSF_31,GCCAAATCAGATCCAT-1,CSF,0.618480192002736
MS,CSF_31,GCGACCAAGATGCGAC-1,CSF,-0.09834107806026707
MS,CSF_31,GCGAGAAAGATGTGTA-1,CSF,-0.11556956295989969
MS,CSF_31,GCGAGAAAGCAGGTCA-1,CSF,0.30140645109525244
MS,CSF_31,GCGCAACCATTCCTGC-1,CSF,-0.22619727864547576
MS,CSF_31,GCGCCAAGTAAGAGAG-1,CSF,0.4517698264880942
MS,CSF_31,GCGCGATGTGAGCGAT-1,CSF,0.15456628977415784
MS,CSF_31,GCGGGTTTCACTTACT-1,CSF,0.37694433475271677
MS,CSF_31,GCTCCTATCAACACAC-1,CSF,0.4174912434366144
MS,CSF_31,GCTCCTATCTCATTCA-1,CSF,-0.028039335139731066
MS,CSF_31,GCTCTGTTCACCAGGC-1,CSF,-0.09834107806026707
MS,CSF_31,GCTGCAGCAAGACACG-1,CSF,-0.1979334083198386
MS,CSF_31,GCTGGGTAGGATGGTC-1,CSF,-0.19670906995961626
MS,CSF_31,GGAATAAAGTTATCGC-1,CSF,-0.3434025968832231
MS,CSF_31,GGACAAGAGCGATATA-1,CSF,0.2587385554936688
MS,CSF_31,GGACAAGTCACAGGCC-1,CSF,0.32193379455001014
MS,CSF_31,GGACAAGTCTGCGTAA-1,CSF,0.042836708025121344
MS,CSF_31,GGACAGAGTAGAAAGG-1,CSF,-0.443057032339301
MS,CSF_31,GGACATTAGATATGGT-1,CSF,-0.2072439385340005
MS,CSF_31,GGATGTTAGTCTCAAC-1,CSF,0.47822336967927714
MS,CSF_31,GGATGTTGTATAAACG-1,CSF,-0.21672361439470697
MS,CSF_31,GGCAATTCATTCCTGC-1,CSF,0.2971315222206242
MS,CSF_31,GGCAATTGTCGACTAT-1,CSF,0.4395491775341692
MS,CSF_31,GGCGACTGTCGAGTTT-1,CSF,-0.09834107806026707
MS,CSF_31,GGCTCGATCCTGCTTG-1,CSF,0.6498057846361831
MS,CSF_31,GGCTCGATCGGCTTGG-1,CSF,-0.09834107806026707
MS,CSF_31,GGGAATGAGCGATATA-1,CSF,0.41055917390839286
MS,CSF_31,GGGAGATTCTCGATGA-1,CSF,-0.23328887267667708
MS,CSF_31,GGGCACTAGCGTTTAC-1,CSF,-0.2934258230609542
MS,CSF_31,GGGTTGCAGATCGATA-1,CSF,-0.09834107806026707
MS,CSF_31,GGGTTGCTCCACGAAT-1,CSF,0.011387069758627768
MS,CSF_31,GGTGTTAGTCTTGCGG-1,CSF,-0.5251651892900745
MS,CSF_31,GTACGTACATCCGTGG-1,CSF,0.17330518693679972
MS,CSF_31,GTACTTTCAAAGCAAT-1,CSF,0.08096354527402548
MS,CSF_31,GTACTTTTCTCGATGA-1,CSF,-0.49905109573273726
MS,CSF_31,GTAGGCCCAACAACCT-1,CSF,0.13738522081694807
MS,CSF_31,GTAGTCACAGGACGTA-1,CSF,0.08910742072021284
MS,CSF_31,GTAGTCAGTAGTGAAT-1,CSF,0.03738588667843678
MS,CSF_31,GTATCTTAGTGGTCCC-1,CSF,0.15094993367194817
MS,CSF_31,GTATTCTCAGGTCTCG-1,CSF,0.6305007699113594
MS,CSF_31,GTCAAGTTCTGCTGCT-1,CSF,0.48503960320608613
MS,CSF_31,GTCACAAAGGAATCGC-1,CSF,0.05820219823122859
MS,CSF_31,GTCACGGGTTCGTTGA-1,CSF,0.32899621232537557
MS,CSF_31,GTCATTTCACTACAGT-1,CSF,-0.24198617778181572
MS,CSF_31,GTCATTTGTCTAAAGA-1,CSF,-0.4097600404262175
MS,CSF_31,GTCATTTTCTATCGCC-1,CSF,-0.09834107806026707
MS,CSF_31,GTCCTCAAGGCTATCT-1,CSF,-0.09834107806026707
MS,CSF_31,GTCCTCAGTCTTCTCG-1,CSF,0.2860687621427287
MS,CSF_31,GTCGTAATCGACGGAA-1,CSF,0.12731333351237248
MS,CSF_31,GTCTCGTTCGCAAACT-1,CSF,-0.09834107806026707
MS,CSF_31,GTGAAGGAGCGTGTCC-1,CSF,-0.09834107806026707
MS,CSF_31,GTGAAGGCATATACGC-1,CSF,-0.017109972651003637
MS,CSF_31,GTGCTTCCATCGGTTA-1,CSF,-0.09834107806026707
MS,CSF_31,GTGGGTCAGAGTGACC-1,CSF,0.5792136729024284
MS,CSF_31,GTGTGCGCACAGGAGT-1,CSF,-0.5321709733949626
MS,CSF_31,GTGTTAGTCCTTCAAT-1,CSF,0.14445599995541047
MS,CSF_31,GTTCGGGCACTACAGT-1,CSF,-0.04829011456139413
MS,CSF_31,GTTCGGGTCTATGTGG-1,CSF,-0.09834107806026707
MS,CSF_31,GTTCTCGGTACCGTTA-1,CSF,-0.23864846327894243
MS,CSF_31,TAAGCGTTCAACGCTA-1,CSF,-0.09834107806026707
MS,CSF_31,TAAGCGTTCCAGAGGA-1,CSF,-0.09834107806026707
MS,CSF_31,TACACGACACCAGGTC-1,CSF,-0.28938806032696984
MS,CSF_31,TACAGTGAGTTCGATC-1,CSF,-0.15445749100232947
MS,CSF_31,TACAGTGGTTGCCTCT-1,CSF,0.6201233233610829
MS,CSF_31,TACCTTAGTCCGTTAA-1,CSF,0.11565486077239209
MS,CSF_31,TACTCATTCAGGATCT-1,CSF,0.1372956154520664
MS,CSF_31,TACTTACGTTAAAGTG-1,CSF,-0.5099653340229612
MS,CSF_31,TAGTGGTCATGTCGAT-1,CSF,0.05513836950996252
MS,CSF_31,TAGTGGTTCTTACCGC-1,CSF,0.21410814042986187
MS,CSF_31,TATCAGGGTATCACCA-1,CSF,-0.09834107806026707
MS,CSF_31,TATCTCATCCTTAATC-1,CSF,-0.09834107806026707
MS,CSF_31,TCAACGATCCTTTCGG-1,CSF,0.17653806666809002
MS,CSF_31,TCAATCTCACGCCAGT-1,CSF,0.27824649772129756
MS,CSF_31,TCACAAGAGTTAAGTG-1,CSF,0.0854594393378735
MS,CSF_31,TCAGATGTCGGATGGA-1,CSF,-0.0037128551183820253
MS,CSF_31,TCAGCTCAGCAGGCTA-1,CSF,0.37868126297387
MS,CSF_31,TCAGCTCCAGGATTGG-1,CSF,0.2485202674447926
MS,CSF_31,TCAGGATCAGGGTTAG-1,CSF,0.4575986221594022
MS,CSF_31,TCATTTGGTCCTCTTG-1,CSF,-0.09834107806026707
MS,CSF_31,TCGAGGCGTCTCATCC-1,CSF,0.0988891986500827
MS,CSF_31,TCGCGTTCAAAGTCAA-1,CSF,-0.21976409626301333
MS,CSF_31,TCGCGTTCATACTCTT-1,CSF,-0.09834107806026707
MS,CSF_31,TCGTAGAGTTACCGAT-1,CSF,0.07817203850208511
MS,CSF_31,TCTCATACAGTCGTGC-1-1,CSF,0.2087967060660115
MS,CSF_31,TCTCATAGTCTCACCT-1,CSF,-0.16644996398500908
MS,CSF_31,TCTCTAACAGCCTGTG-1,CSF,-0.09834107806026707
MS,CSF_31,TCTGAGACAGATAATG-1,CSF,-0.09834107806026707
MS,CSF_31,TCTGGAATCCGCGGTA-1,CSF,0.17021238201526342
MS,CSF_31,TCTGGAATCGGACAAG-1,CSF,0.2347538503042057
MS,CSF_31,TGACTTTAGAGCTTCT-1,CSF,-0.09834107806026707
MS,CSF_31,TGAGAGGTCTGCGTAA-1,CSF,-0.09834107806026707
MS,CSF_31,TGAGCATTCACGCATA-1,CSF,-0.09834107806026707
MS,CSF_31,TGAGGGAAGTGCCATT-1,CSF,0.11189905997639826
MS,CSF_31,TGAGGGAGTGCAACGA-1,CSF,0.7884341352407381
MS,CSF_31,TGATTTCCACGAAGCA-1,CSF,-0.5803474403738829
MS,CSF_31,TGCACCTAGCTAGTCT-1,CSF,-0.09834107806026707
MS,CSF_31,TGCCCTAGTGTGTGCC-1,CSF,0.18002366280704324
MS,CSF_31,TGCGCAGGTAGATTAG-1,CSF,0.6210511328006092
MS,CSF_31,TGCGTGGAGCCATCGC-1,CSF,-0.3187705726335516
MS,CSF_31,TGCTACCAGGGTCTCC-1,CSF,0.471600841018483
MS,CSF_31,TGCTACCTCAAAGTAG-1,CSF,0.12497047056258857
MS,CSF_31,TGCTACCTCCTTTACA-1,CSF,0.11768716781927416
MS,CSF_31,TGCTACCTCGGAGGTA-1,CSF,0.18458857665160672
MS,CSF_31,TGGACGCAGTAAGTAC-1,CSF,-0.09834107806026707
MS,CSF_31,TGGACGCGTGTGGTTT-1,CSF,-0.09834107806026707
MS,CSF_31,TGGCGCATCCCTCTTT-1,CSF,-0.17424486066119352
MS,CSF_31,TGGCTGGTCGCTGATA-1,CSF,0.1228544669659305
MS,CSF_31,TGGGAAGAGTGAACGC-1,CSF,0.1406900553643982
MS,CSF_31,TTAACTCCACACGCTG-1,CSF,0.9823227227181807
MS,CSF_31,TTAACTCGTTCCAACA-1,CSF,-0.09834107806026707
MS,CSF_31,TTAGTTCCATACCATG-1,CSF,-0.26927440898154686
MS,CSF_31,TTATGCTAGAAACGCC-1,CSF,-0.09834107806026707
MS,CSF_31,TTCCCAGTCCAGTATG-1,CSF,-0.2649130837506913
MS,CSF_31,TTCGAAGTCTCAACTT-1,CSF,-0.5876274712357569
MS,CSF_31,TTCGAAGTCTTATCTG-1,CSF,-0.09834107806026707
MS,CSF_31,TTCTCAAGTGTGACGA-1,CSF,-0.2294613136367336
MS,CSF_31,TTCTCAATCTACTTAC-1,CSF,-0.4639438400187221
MS,CSF_31,TTCTCAATCTGAAAGA-1,CSF,0.08348248357691176
MS,CSF_31,TTCTCCTAGATCTGAA-1,CSF,-0.09834107806026707
MS,CSF_31,TTCTCCTAGGTGATTA-1,CSF,0.07384090305415345
MS,CSF_31,TTGACTTGTATGGTTC-1,CSF,0.10399005884457349
MS,CSF_31,TTGCGTCAGTGCTGCC-1,CSF,-0.09834107806026707
MS,CSF_31,TTGGAACGTAAGGGAA-1,CSF,0.21617428325749338
MS,CSF_31,TTGGAACTCACTCCTG-1,CSF,0.19798866382124583
MS,CSF_31,TTGGCAATCACGGTTA-1,CSF,-0.26982763088096784
MS,CSF_31,TTGTAGGTCTGCAGTA-1,CSF,0.29086032098576503
MS,CSF_31,TTTATGCCACTTCTGC-1,CSF,-0.40753095603519746
HC,CSF_32,AAATGCCGTCGGATCC-1,CSF,-0.09834107806026707
HC,CSF_32,AACCATGGTTGGTGGA-1,CSF,0.10860658557482868
HC,CSF_32,AACCGCGCAGGTTTCA-1,CSF,-0.08364806767229839
HC,CSF_32,AACTCAGAGGTTCCTA-1,CSF,-0.6846101401930194
HC,CSF_32,AACTCTTTCTGATACG-1,CSF,-0.09834107806026707
HC,CSF_32,AACTGGTCATTGTGCA-1,CSF,-0.11150113547746542
HC,CSF_32,AAGACCTTCTGCAGTA-1,CSF,0.06512761218028597
HC,CSF_32,AATCGGTGTTTGTGTG-1,CSF,0.24739608507043137
HC,CSF_32,ACACCCTTCTCGCTTG-1,CSF,-1.1409027097365239
HC,CSF_32,ACACCGGTCTGCGGCA-1,CSF,-0.6979066429528972
HC,CSF_32,ACACTGACACGAAAGC-1,CSF,-0.4667275085560526
HC,CSF_32,ACAGCTAGTGCAACTT-1,CSF,-0.26797225583198037
HC,CSF_32,ACCAGTAAGTCACGCC-1,CSF,-0.022280293486296947
HC,CSF_32,ACGAGCCTCACCTTAT-1,CSF,-0.11751380230249724
HC,CSF_32,ACGATGTGTTCTGAAC-1,CSF,-0.15448403060437524
HC,CSF_32,ACGCCAGAGTGCAAGC-1,CSF,-0.15366821290600113
HC,CSF_32,ACGGGCTAGCTAAACA-1,CSF,-0.21514138476037084
HC,CSF_32,ACGGGCTCAATCACAC-1,CSF,0.1853063176519051
HC,CSF_32,ACGTCAAAGATATGCA-1,CSF,0.6117266135537148
HC,CSF_32,ACTATCTGTCGGATCC-1,CSF,-0.2369686034928717
HC,CSF_32,ACTGCTCAGATGCCAG-1,CSF,-0.4370137692708146
HC,CSF_32,ACTGCTCCAGTATCTG-1,CSF,-0.2844243282071994
HC,CSF_32,ACTGCTCGTGGCTCCA-1,CSF,-0.09834107806026707
HC,CSF_32,ACTGTCCCACAGCGTC-1,CSF,0.023404321193647788
HC,CSF_32,AGAGCGAAGAAACCTA-1,CSF,-0.4428013703526384
HC,CSF_32,AGAGTGGTCTGCCAGG-1,CSF,-0.7327973833325859
HC,CSF_32,AGCAGCCTCTTGCATT-1,CSF,-0.5497702051747558
HC,CSF_32,AGCCTAAAGGCTACGA-1,CSF,-0.36232684513347946
HC,CSF_32,AGCCTAATCAGCTTAG-1,CSF,-0.2317526569649952
HC,CSF_32,AGCGGTCTCCGAGCCA-1,CSF,-0.26008148122831704
HC,CSF_32,AGCGTATAGACTAAGT-1,CSF,-1.049043510246331
HC,CSF_32,AGCTCCTTCGCCCTTA-1,CSF,-0.9138183308488017
HC,CSF_32,AGCTCTCGTCCATCCT-1,CSF,-0.09834107806026707
HC,CSF_32,AGCTCTCGTCGATTGT-1,CSF,-0.09834107806026707
HC,CSF_32,AGCTCTCTCCGAGCCA-1,CSF,0.2531452959388814
HC,CSF_32,AGGCCACCAAACCCAT-1,CSF,-0.293906168095611
HC,CSF_32,AGGTCCGCAGTGAGTG-1,CSF,-0.2909195844268216
HC,CSF_32,AGTGAGGTCTTCGAGA-1,CSF,0.20101568396744554
HC,CSF_32,AGTGTCAAGTCCATAC-1,CSF,-0.37556022047570686
HC,CSF_32,AGTTGGTGTCTCATCC-1,CSF,0.18990509839973102
HC,CSF_32,AGTTGGTTCAGAGCTT-1,CSF,-0.6749499242444645
HC,CSF_32,ATCGAGTGTCCAGTAT-1,CSF,0.19719006408616566
HC,CSF_32,ATCTGCCCACAGGCCT-1,CSF,-0.09834107806026707
HC,CSF_32,ATTGGACGTAACGTTC-1,CSF,0.6008488925066927
HC,CSF_32,ATTGGACGTAAGAGAG-1,CSF,0.29184884718039494
HC,CSF_32,CAACCAAAGCAGGCTA-1,CSF,-0.1242525695559399
HC,CSF_32,CAAGGCCGTGGGTCAA-1,CSF,0.2596874246453507
HC,CSF_32,CAAGTTGAGGTAGCCA-1,CSF,-0.08136590541159112
HC,CSF_32,CAAGTTGGTTCCCGAG-1,CSF,-0.3365517351467943
HC,CSF_32,CAAGTTGTCCACTCCA-1,CSF,-0.563363350218459
HC,CSF_32,CACACAAAGTCAAGGC-1,CSF,-0.23914739671943971
HC,CSF_32,CACACAAAGTGAAGAG-1,CSF,0.025280026574441488
HC,CSF_32,CACACCTGTGTAAGTA-1,CSF,-0.223190043491288
HC,CSF_32,CACACCTTCGGTGTTA-1,CSF,-0.35536944328639775
HC,CSF_32,CACACTCCAACGATGG-1,CSF,0.07168841446267409
HC,CSF_32,CACATAGCACTAAGTC-1,CSF,-0.09834107806026707
HC,CSF_32,CACATAGTCTCTTATG-1,CSF,-0.1969149259474365
HC,CSF_32,CACATTTAGTATGACA-1,CSF,-0.21182071724892312
HC,CSF_32,CACCAGGGTCAATGTC-1,CSF,0.090782606116819
HC,CSF_32,CACCTTGAGGCACATG-1,CSF,0.2759678280548783
HC,CSF_32,CACCTTGGTGGCTCCA-1,CSF,0.009539872068472371
HC,CSF_32,CAGATCAGTTCACGGC-1,CSF,-0.09834107806026707
HC,CSF_32,CAGCAGCCACTGAAGG-1,CSF,0.46904891696241285
HC,CSF_32,CAGCCGACACCAGGTC-1,CSF,0.018780514045018317
HC,CSF_32,CAGTCCTAGACACGAC-1,CSF,0.07567184164258063
HC,CSF_32,CATCAGAGTGGTCCGT-1,CSF,-0.11655932623091318
HC,CSF_32,CATGGCGAGTGAATTG-1,CSF,0.2533209579065552
HC,CSF_32,CCACTACGTCGCTTCT-1,CSF,-0.3612902739499456
HC,CSF_32,CCATTCGAGCTAGTTC-1,CSF,0.4103813900094219
HC,CSF_32,CCATTCGGTATTACCG-1,CSF,0.09111072874182573
HC,CSF_32,CCCAGTTAGTACGACG-1,CSF,-0.3403609031912843
HC,CSF_32,CCGGTAGAGAGGTTGC-1,CSF,0.07835011520956463
HC,CSF_32,CCGTACTAGCCTATGT-1,CSF,0.10921393030349184
HC,CSF_32,CCTCAGTGTTCTCATT-1,CSF,-0.09834107806026707
HC,CSF_32,CCTTACGTCTATCGCC-1,CSF,0.569517502064152
HC,CSF_32,CCTTCCCAGTACGATA-1,CSF,-0.26260008129633056
HC,CSF_32,CCTTTCTGTGCACTTA-1,CSF,-0.25689880130033377
HC,CSF_32,CGAACATAGCACACAG-1,CSF,-0.24665108844153424
HC,CSF_32,CGAACATCATCCAACA-1,CSF,0.13644426102635296
HC,CSF_32,CGAACATGTTGGACCC-1,CSF,0.11640839007225692
HC,CSF_32,CGAGCCAAGGACACCA-1,CSF,-0.3875135520723379
HC,CSF_32,CGAGCCACAATAACGA-1,CSF,-0.1569367687144086
HC,CSF_32,CGATGGCAGCTTTGGT-1,CSF,-0.7391833859073442
HC,CSF_32,CGATGGCCACCGATAT-1,CSF,-0.714936788262268
HC,CSF_32,CGATGTACACGGTAAG-1,CSF,-0.41382855840620447
HC,CSF_32,CGATTGAAGGGTATCG-1,CSF,-0.32799808925318225
HC,CSF_32,CGATTGAGTCCTAGCG-1,CSF,-0.19278066354385034
HC,CSF_32,CGCGTTTTCAAGCCTA-1,CSF,-0.09834107806026707
HC,CSF_32,CGCTTCAGTTGAGTTC-1,CSF,-0.24265846060722934
HC,CSF_32,CGGACACCACGCCAGT-1,CSF,0.7972337084071504
HC,CSF_32,CGGACACGTTGTCGCG-1,CSF,-0.015617075931210518
HC,CSF_32,CGGAGCTGTCCTCCAT-1,CSF,-0.0047727647226474745
HC,CSF_32,CGGCTAGTCGCCAAAT-1,CSF,-0.04429751047566494
HC,CSF_32,CGTAGCGGTGTCCTCT-1,CSF,-0.34098327984767834
HC,CSF_32,CGTCAGGCACCTGGTG-1,CSF,0.23260896914309614
HC,CSF_32,CGTTAGAGTACAGTGG-1,CSF,-0.29213371788952786
HC,CSF_32,CGTTGGGGTCTGCAAT-1,CSF,-0.36884266779438873
HC,CSF_32,CTAACTTCAAACTGCT-1,CSF,-0.577508515349776
HC,CSF_32,CTAACTTGTTCCACTC-1,CSF,0.41526347706956085
HC,CSF_32,CTAATGGAGTGACATA-1,CSF,-0.28871107199269685
HC,CSF_32,CTAATGGTCTGGTTCC-1,CSF,-0.1998991914751054
HC,CSF_32,CTACACCGTTGATTGC-1,CSF,0.3001268192857438
HC,CSF_32,CTACCCATCGCGTAGC-1,CSF,-1.3623532635672402
HC,CSF_32,CTAGTGAGTTGAGGTG-1,CSF,-0.09834107806026707
HC,CSF_32,CTAGTGATCTGTCAAG-1,CSF,0.21927339112704733
HC,CSF_32,CTCACACGTTTGTTTC-1,CSF,-0.24684001977958486
HC,CSF_32,CTCAGAACAAGCTGAG-1,CSF,0.1826163003860676
HC,CSF_32,CTCGAAATCGTCACGG-1,CSF,0.2624344571255412
HC,CSF_32,CTCGTACCAAGAGGCT-1,CSF,0.06747951572621054
HC,CSF_32,CTCGTACCACTCGACG-1,CSF,-0.20356080431891632
HC,CSF_32,CTCTAATTCAACCAAC-1,CSF,0.2072188848688235
HC,CSF_32,CTGAAACCAGCTTCGG-1,CSF,-0.09834107806026707
HC,CSF_32,CTGAAACTCGGTTCGG-1,CSF,-0.09834107806026707
HC,CSF_32,CTGTGCTAGCGATATA-1,CSF,-0.09834107806026707
HC,CSF_32,CTGTTTAAGGAGTTTA-1,CSF,0.06458806076863165
HC,CSF_32,CTGTTTATCACTCTTA-1,CSF,0.4798042046401876
HC,CSF_32,CTTAACTAGCTGAACG-1,CSF,-0.09834107806026707
HC,CSF_32,CTTAGGAAGCACACAG-1,CSF,-1.3046756256786427
HC,CSF_32,CTTCTCTCACTTGGAT-1,CSF,0.13064338294225727
HC,CSF_32,CTTGGCTCATCCTAGA-1,CSF,-0.09834107806026707
HC,CSF_32,GAAATGATCTCTGCTG-1,CSF,0.24959213942930597
HC,CSF_32,GAATGAATCTTACCGC-1,CSF,0.2310070158632549
HC,CSF_32,GACAGAGCAGGCTCAC-1,CSF,0.0859578340349703
HC,CSF_32,GACCAATCATTGAGCT-1,CSF,-0.1171626852418868
HC,CSF_32,GACCAATGTAAGGGCT-1,CSF,-0.09834107806026707
HC,CSF_32,GACGTGCAGCCGATTT-1,CSF,-0.09834107806026707
HC,CSF_32,GACTAACAGATGTCGG-1,CSF,-0.23789604305312512
HC,CSF_32,GAGGTGATCTAAGCCA-1,CSF,-0.42324800020033326
HC,CSF_32,GAGTCCGCATCGATGT-1,CSF,-0.16414210070122467
HC,CSF_32,GAGTCCGGTCGCATAT-1,CSF,-0.22413810724902403
HC,CSF_32,GATGCTAAGACTGTAA-1,CSF,-0.09834107806026707
HC,CSF_32,GCACATAGTACCTACA-1,CSF,-0.5966875344857513
HC,CSF_32,GCAGCCAAGTCACGCC-1,CSF,-0.2584091418684228
HC,CSF_32,GCAGCCAGTCTAGCCG-1,CSF,-0.0339442594740556
HC,CSF_32,GCATGCGTCATCGGAT-1,CSF,-0.09834107806026707
HC,CSF_32,GCATGTACAGTCGATT-1,CSF,-0.38208283491627787
HC,CSF_32,GCATGTAGTTACCAGT-1,CSF,-0.2555152264412694
HC,CSF_32,GCGAGAATCTTAGCCC-1,CSF,-0.17650450645509758
HC,CSF_32,GCGCAACAGCCAGGAT-1,CSF,0.5505257295758011
HC,CSF_32,GCGCCAATCGTACGGC-1,CSF,0.026261932575104407
HC,CSF_32,GCGCGATCACACGCTG-1,CSF,0.305409512992966
HC,CSF_32,GCGGGTTTCCTATGTT-1,CSF,0.32353448272803614
HC,CSF_32,GCTCCTAAGGGAAACA-1,CSF,0.06224370482039614
HC,CSF_32,GCTTCCACACTGAAGG-1,CSF,0.12116460549925599
HC,CSF_32,GCTTCCAGTGAGTATA-1,CSF,-0.11343169468037925
HC,CSF_32,GGAATAACAGCGTCCA-1,CSF,-0.2116028634903467
HC,CSF_32,GGACAAGGTCTTCTCG-1,CSF,-0.3117422643743299
HC,CSF_32,GGACGTCCAAAGTGCG-1,CSF,-0.09834107806026707
HC,CSF_32,GGACGTCGTGGCGAAT-1,CSF,0.3827749247335649
HC,CSF_32,GGATGTTCAAAGGTGC-1,CSF,-0.44970355474821994
HC,CSF_32,GGCGACTCATACTCTT-1,CSF,-0.001641196231189111
HC,CSF_32,GGCTCGACAAACTGTC-1,CSF,-0.11135200534953382
HC,CSF_32,GGGAATGGTCTAGCCG-1,CSF,-0.6257974063312643
HC,CSF_32,GGGAGATTCGTATCAG-1,CSF,-0.2509441428880136
HC,CSF_32,GGGTTGCTCTGCGGCA-1,CSF,0.034644702655386904
HC,CSF_32,GGTGTTAAGTACGCCC-1,CSF,-0.35699863914020336
HC,CSF_32,GTAACGTGTTCGGCAC-1,CSF,-0.3778833212000855
HC,CSF_32,GTACTTTCAGGATTGG-1,CSF,-0.09834107806026707
HC,CSF_32,GTAGTCACAGCGTAAG-1,CSF,-0.09834107806026707
HC,CSF_32,GTATCTTGTTACGTCA-1,CSF,-0.5516768123424229
HC,CSF_32,GTATCTTTCTTTAGGG-1,CSF,0.20171728941327519
HC,CSF_32,GTATTCTAGACCCACC-1,CSF,0.12161671349301474
HC,CSF_32,GTCACAACAGGTTTCA-1,CSF,0.26909928106169695
HC,CSF_32,GTCATTTTCTTGTACT-1,CSF,0.0687808497749568
HC,CSF_32,GTCGTAATCCAGAAGG-1,CSF,-0.2152974875203892
HC,CSF_32,GTCTTCGCACGAAATA-1,CSF,-0.20977205458354467
HC,CSF_32,GTGCTTCGTGAGTGAC-1,CSF,-0.09834107806026707
HC,CSF_32,GTGCTTCTCGAGGTAG-1,CSF,0.31005008464589745
HC,CSF_32,GTGTTAGAGACGCACA-1,CSF,-0.24547781134299182
HC,CSF_32,TAAACCGGTTAAGAAC-1,CSF,-0.6879365848673212
HC,CSF_32,TACACGACATGGGACA-1,CSF,-0.09834107806026707
HC,CSF_32,TACCTATGTGAAATCA-1,CSF,-0.09834107806026707
HC,CSF_32,TACCTTATCACGCATA-1,CSF,-0.4047022052675204
HC,CSF_32,TACCTTATCGGACAAG-1,CSF,-0.5959258847512034
HC,CSF_32,TACTTACCATTCTTAC-1,CSF,-0.6406839481185197
HC,CSF_32,TAGAGCTAGAAGGTGA-1,CSF,0.3086975422712478
HC,CSF_32,TAGAGCTAGTGAAGAG-1,CSF,-0.30350335293134906
HC,CSF_32,TATCAGGGTCAGGACA-1,CSF,-0.5126448647315561
HC,CSF_32,TATCTCAGTGCGCTTG-1,CSF,0.6221983910691222
HC,CSF_32,TCAACGAGTCTTGCGG-1,CSF,-0.27044326341159974
HC,CSF_32,TCACGAAGTTAGAACA-1,CSF,-0.09834107806026707
HC,CSF_32,TCAGGATGTCGCTTCT-1,CSF,-0.09834107806026707
HC,CSF_32,TCGCGTTTCAGCTTAG-1,CSF,0.09133242546819802
HC,CSF_32,TCGGTAAGTGAAATCA-1,CSF,-0.025317068308440067
HC,CSF_32,TCTATTGGTGTCTGAT-1,CSF,-0.09834107806026707
HC,CSF_32,TCTCATAAGAATTCCC-1,CSF,-0.35485385941566594
HC,CSF_32,TCTGAGAAGCCGATTT-1,CSF,-0.4561105689108345
HC,CSF_32,TGAAAGAGTAACGCGA-1,CSF,-0.09834107806026707
HC,CSF_32,TGAAAGATCGTCTGAA-1,CSF,-0.03400531202748316
HC,CSF_32,TGACGGCAGTACGCGA-1,CSF,-0.33812502035257946
HC,CSF_32,TGACGGCTCTGTTGAG-1,CSF,0.0681473391437162
HC,CSF_32,TGACTTTCAGGGTACA-1,CSF,0.30434618125499924
HC,CSF_32,TGAGAGGCACCAGGCT-1-1,CSF,-0.028807467559531643
HC,CSF_32,TGATTTCGTCGCGAAA-1,CSF,-0.2234932867719234
HC,CSF_32,TGATTTCGTTTAGGAA-1,CSF,-0.1700740016637064
HC,CSF_32,TGCGCAGGTCGCTTCT-1,CSF,-0.3291530320939894
HC,CSF_32,TGCTGCTCACAAGCCC-1,CSF,-0.33910073585460904
HC,CSF_32,TGGACGCAGGAACTGC-1,CSF,-0.46153285993794296
HC,CSF_32,TGGCGCAGTCAATACC-1,CSF,-0.220110659753755
HC,CSF_32,TGGCTGGTCGGCTTGG-1,CSF,-0.4902736964491747
HC,CSF_32,TGGGAAGTCATGTAGC-1,CSF,-0.3498563303528584
HC,CSF_32,TGGGCGTAGTTGCAGG-1,CSF,0.1911637372420502
HC,CSF_32,TGGGCGTCAGTCCTTC-1,CSF,-0.09834107806026707
HC,CSF_32,TGTGGTAAGCTAAGAT-1,CSF,-0.278029489530875
HC,CSF_32,TGTGGTATCCCATTTA-1,CSF,-0.2350889828057007
HC,CSF_32,TTCCCAGCAAACTGTC-1,CSF,0.2280769936747072
HC,CSF_32,TTCGGTCCAATGGATA-1,CSF,-0.0022288747573434415
HC,CSF_32,TTCTCCTAGTTAACGA-1,CSF,-0.2891364245163001
HC,CSF_32,TTCTTAGTCCATGCTC-1,CSF,-0.09834107806026707
HC,CSF_32,TTGCGTCCACCGTTGG-1,CSF,0.13406738087667328
HC,CSF_32,TTGGAACAGCTAGTCT-1,CSF,0.04582010736647758
HC,CSF_32,TTGGCAAAGTGTGGCA-1,CSF,-0.09834107806026707
HC,CSF_32,TTGGCAACAAGTTAAG-1,CSF,-0.02785243790250715
HC,CSF_32,TTGTAGGAGAGCTGCA-1,CSF,0.5100140275422119
HC,CSF_32,TTGTAGGGTCTAGCCG-1,CSF,-0.22696677535761692
HC,CSF_32,TTTACTGTCCAATGGT-1,CSF,-0.24826159917504634
HC,CSF_32,TTTCCTCTCTCGTTTA-1,CSF,-0.47966667157196713
MS,MS19270_CSF,GSM4104122_AAACCTGAGTGGGCTA-1,CSF,0.27958469966657507
MS,MS19270_CSF,GSM4104122_AAACGGGCAGCTTCGG-1,CSF,0.2386336015959082
MS,MS19270_CSF,GSM4104122_AAACGGGGTCACCTAA-1,CSF,-0.18520800367915294
MS,MS19270_CSF,GSM4104122_AAACGGGGTGTGAAAT-1,CSF,-0.2652705413734709
MS,MS19270_CSF,GSM4104122_AAAGATGGTAGGACAC-1,CSF,-0.5478787512172254
MS,MS19270_CSF,GSM4104122_AAAGATGTCCCTGACT-1,CSF,0.014846747075145788
MS,MS19270_CSF,GSM4104122_AAAGATGTCTTGAGGT-1,CSF,-0.17509145132538023
MS,MS19270_CSF,GSM4104122_AAAGTAGAGACTCGGA-1,CSF,-0.09834107806026707
MS,MS19270_CSF,GSM4104122_AAAGTAGAGCCAGTTT-1,CSF,-0.43810600068801975
MS,MS19270_CSF,GSM4104122_AAAGTAGCATTACGAC-1,CSF,0.5612228010903196
MS,MS19270_CSF,GSM4104122_AAAGTAGGTAGCAAAT-1,CSF,-0.09834107806026707
MS,MS19270_CSF,GSM4104122_AACCATGGTCCGTTAA-1,CSF,0.15416109387694243
MS,MS19270_CSF,GSM4104122_AACTCAGCATCACAAC-1,CSF,0.24141811766089746
MS,MS19270_CSF,GSM4104122_AACTCCCAGCCATCGC-1,CSF,-0.09834107806026707
MS,MS19270_CSF,GSM4104122_AACTCCCGTCTTCGTC-1,CSF,-0.2613373706531816
MS,MS19270_CSF,GSM4104122_AACTCTTCACATTAGC-1,CSF,-0.09834107806026707
MS,MS19270_CSF,GSM4104122_AACTCTTGTTCCCGAG-1,CSF,-0.09834107806026707
MS,MS19270_CSF,GSM4104122_AAGACCTGTCCATCCT-1,CSF,-0.47892871506594875
MS,MS19270_CSF,GSM4104122_AAGGCAGAGCTCTCGG-1,CSF,-0.08433441108057335
MS,MS19270_CSF,GSM4104122_AAGGCAGGTCCAGTGC-1,CSF,-0.09834107806026707
MS,MS19270_CSF,GSM4104122_AAGGTTCGTAAGTGTA-1,CSF,-0.06329339545546422
MS,MS19270_CSF,GSM4104122_AAGGTTCTCTTGCAAG-1,CSF,0.1641420439124182
MS,MS19270_CSF,GSM4104122_AAGTCTGGTGCAACTT-1,CSF,0.46054014527974724
MS,MS19270_CSF,GSM4104122_AATCGGTGTTCGGGCT-1,CSF,0.3196812591656323
MS,MS19270_CSF,GSM4104122_ACACCCTTCAGTACGT-1,CSF,0.18034125537728363
MS,MS19270_CSF,GSM4104122_ACACCGGAGGTGACCA-1,CSF,-0.15972375050366688
MS,MS19270_CSF,GSM4104122_ACACCGGCAGATAATG-1,CSF,-0.2471558800668419
MS,MS19270_CSF,GSM4104122_ACAGCCGGTATCTGCA-1,CSF,0.2549189631553242
MS,MS19270_CSF,GSM4104122_ACAGCTACAGGACCCT-1,CSF,-0.09834107806026707
MS,MS19270_CSF,GSM4104122_ACATACGCACTTAACG-1,CSF,-0.20949490168350754
MS,MS19270_CSF,GSM4104122_ACATCAGCACTGTCGG-1,CSF,-0.09834107806026707
MS,MS19270_CSF,GSM4104122_ACATCAGGTGGTTTCA-1,CSF,-0.5695671779106621
MS,MS19270_CSF,GSM4104122_ACATCAGTCGGCTACG-1,CSF,-0.9202000237059609
MS,MS19270_CSF,GSM4104122_ACATGGTCATCCTAGA-1,CSF,-0.38875473563813084
MS,MS19270_CSF,GSM4104122_ACCAGTACACCAGTTA-1,CSF,-0.09834107806026707
MS,MS19270_CSF,GSM4104122_ACCCACTCACAACTGT-1,CSF,0.19246875091540422
MS,MS19270_CSF,GSM4104122_ACCCACTCAGACAGGT-1,CSF,-0.4132645628241803
MS,MS19270_CSF,GSM4104122_ACCGTAAAGCAGCGTA-1,CSF,-0.5059404090421883
MS,MS19270_CSF,GSM4104122_ACCGTAACAGCGAACA-1,CSF,-0.09834107806026707
MS,MS19270_CSF,GSM4104122_ACCTTTATCACCAGGC-1,CSF,-0.6517439452673105
MS,MS19270_CSF,GSM4104122_ACGAGCCTCGCCGTGA-1,CSF,-0.09834107806026707
MS,MS19270_CSF,GSM4104122_ACGAGGAGTGATGTGG-1,CSF,-0.09834107806026707
MS,MS19270_CSF,GSM4104122_ACGAGGATCCCTCAGT-1,CSF,0.10251395286828587
MS,MS19270_CSF,GSM4104122_ACGAGGATCCTATGTT-1,CSF,-0.2943896072911391
MS,MS19270_CSF,GSM4104122_ACGATACCAGTAAGCG-1,CSF,-0.32561422624111497
MS,MS19270_CSF,GSM4104122_ACGATACGTCCGAGTC-1,CSF,-0.4164375070843277
MS,MS19270_CSF,GSM4104122_ACGATACTCGACCAGC-1,CSF,-0.004886218682034982
MS,MS19270_CSF,GSM4104122_ACGATGTCATTAGGCT-1,CSF,-0.2417553524029184
MS,MS19270_CSF,GSM4104122_ACGATGTGTCAGAATA-1,CSF,-0.09834107806026707
MS,MS19270_CSF,GSM4104122_ACGCAGCCAAACTGCT-1,CSF,0.5210776527403971
MS,MS19270_CSF,GSM4104122_ACGCAGCGTTATCCGA-1,CSF,-0.25973403274714385
MS,MS19270_CSF,GSM4104122_ACGCCAGCACACCGAC-1,CSF,-0.042696647838534565
MS,MS19270_CSF,GSM4104122_ACGCCGACACCATGTA-1,CSF,-0.19197546677862598
MS,MS19270_CSF,GSM4104122_ACGGCCATCTCGTTTA-1,CSF,-0.6985320131861206
MS,MS19270_CSF,GSM4104122_ACGGGTCCACCGAAAG-1,CSF,-0.0822145133534069
MS,MS19270_CSF,GSM4104122_ACGGGTCGTAGCTCCG-1,CSF,0.02619506471884747
MS,MS19270_CSF,GSM4104122_ACGTCAATCCTCTAGC-1,CSF,-0.2452904343003573
MS,MS19270_CSF,GSM4104122_ACTGATGCATACAGCT-1,CSF,0.15814570773042003
MS,MS19270_CSF,GSM4104122_ACTGCTCCAGTGGAGT-1,CSF,-0.09834107806026707
MS,MS19270_CSF,GSM4104122_ACTGCTCGTTGAACTC-1,CSF,-0.3169246260113741
MS,MS19270_CSF,GSM4104122_ACTGCTCTCATCGATG-1,CSF,0.12749676068280932
MS,MS19270_CSF,GSM4104122_ACTGTCCGTGTCAATC-1,CSF,0.20736460262331913
MS,MS19270_CSF,GSM4104122_ACTTACTAGCTCCTCT-1,CSF,0.12361030093352506
MS,MS19270_CSF,GSM4104122_ACTTACTAGTCCATAC-1,CSF,-0.09834107806026707
MS,MS19270_CSF,GSM4104122_ACTTGTTCACGTTGGC-1,CSF,-0.22722241168008858
MS,MS19270_CSF,GSM4104122_ACTTTCAAGTACGCGA-1,CSF,-0.7524391486928289
MS,MS19270_CSF,GSM4104122_AGACGTTGTATCTGCA-1,CSF,-0.23187914251091593
MS,MS19270_CSF,GSM4104122_AGAGCTTTCACATACG-1,CSF,-0.09834107806026707
MS,MS19270_CSF,GSM4104122_AGATTGCAGGCTAGGT-1,CSF,0.24411356944455995
MS,MS19270_CSF,GSM4104122_AGATTGCCACGGTAAG-1,CSF,-0.3882905535016769
MS,MS19270_CSF,GSM4104122_AGATTGCTCCTATTCA-1,CSF,0.19362048839570165
MS,MS19270_CSF,GSM4104122_AGCAGCCAGACAGACC-1,CSF,-0.09834107806026707
MS,MS19270_CSF,GSM4104122_AGCATACTCCAAACAC-1,CSF,0.2682243655095528
MS,MS19270_CSF,GSM4104122_AGCCTAAGTATGCTTG-1,CSF,-0.09834107806026707
MS,MS19270_CSF,GSM4104122_AGCGGTCTCGGAGGTA-1,CSF,0.17945725675550764
MS,MS19270_CSF,GSM4104122_AGCGTATCAGCGTTCG-1,CSF,-0.09834107806026707
MS,MS19270_CSF,GSM4104122_AGCTCCTGTGCACTTA-1,CSF,-0.09834107806026707
MS,MS19270_CSF,GSM4104122_AGCTCCTTCGGTCCGA-1,CSF,-0.09834107806026707
MS,MS19270_CSF,GSM4104122_AGCTCTCAGCGACGTA-1,CSF,-0.09834107806026707
MS,MS19270_CSF,GSM4104122_AGCTTGAAGGCTAGCA-1,CSF,0.27017348678066067
MS,MS19270_CSF,GSM4104122_AGGGATGCACAGACAG-1,CSF,-0.09834107806026707
MS,MS19270_CSF,GSM4104122_AGGGATGGTCTCTTTA-1,CSF,-0.09834107806026707
MS,MS19270_CSF,GSM4104122_AGGTCATGTTCAACCA-1,CSF,-0.258232977954454
MS,MS19270_CSF,GSM4104122_AGGTCATGTTCCTCCA-1,CSF,0.023895362669893765
MS,MS19270_CSF,GSM4104122_AGGTCCGTCATTTGGG-1,CSF,-0.1918253000920054
MS,MS19270_CSF,GSM4104122_AGTCTTTGTGGCAAAC-1,CSF,-0.25329103514666645
MS,MS19270_CSF,GSM4104122_AGTCTTTGTTAAGGGC-1,CSF,-0.21589491841528957
MS,MS19270_CSF,GSM4104122_AGTGTCAAGCTCAACT-1,CSF,-0.09834107806026707
MS,MS19270_CSF,GSM4104122_ATAGACCCACCATGTA-1,CSF,-0.23192135905431907
MS,MS19270_CSF,GSM4104122_ATCACGAGTCCTCCAT-1,CSF,-0.09834107806026707
MS,MS19270_CSF,GSM4104122_ATCATGGTCATAGCAC-1,CSF,-0.11285329744428803
MS,MS19270_CSF,GSM4104122_ATCTACTCAGCTATTG-1,CSF,-0.3029708288163579
MS,MS19270_CSF,GSM4104122_ATGAGGGGTCGGGTCT-1,CSF,0.25369441622214894
MS,MS19270_CSF,GSM4104122_ATGAGGGGTTACCGAT-1,CSF,0.24458758007688858
MS,MS19270_CSF,GSM4104122_ATGGGAGGTACGAAAT-1,CSF,0.138908389261953
MS,MS19270_CSF,GSM4104122_ATGGGAGGTTCAACCA-1,CSF,-0.4530078548858927
MS,MS19270_CSF,GSM4104122_ATTACTCCACATTAGC-1,CSF,0.018445970616429115
MS,MS19270_CSF,GSM4104122_ATTACTCCAGTTTACG-1,CSF,-0.2000569051411385
MS,MS19270_CSF,GSM4104122_ATTATCCCACTCGACG-1,CSF,-0.09834107806026707
MS,MS19270_CSF,GSM4104122_ATTATCCGTACTTCTT-1,CSF,-0.17506911999422206
MS,MS19270_CSF,GSM4104122_ATTCTACAGGCATTGG-1,CSF,-0.6377466015905133
MS,MS19270_CSF,GSM4104122_ATTGGACAGATAGCAT-1,CSF,-0.09834107806026707
MS,MS19270_CSF,GSM4104122_ATTGGTGGTTAAGATG-1,CSF,-0.012017160855888744
MS,MS19270_CSF,GSM4104122_ATTTCTGTCACATAGC-1,CSF,0.2769879138117403
MS,MS19270_CSF,GSM4104122_CAACCAACATGATCCA-1,CSF,-0.09834107806026707
MS,MS19270_CSF,GSM4104122_CAACCTCCATGTAAGA-1,CSF,-1.2976046608548149
MS,MS19270_CSF,GSM4104122_CAACTAGGTTCCCGAG-1,CSF,-0.09834107806026707
MS,MS19270_CSF,GSM4104122_CAAGATCGTTCCGTCT-1,CSF,-0.7317236570489511
MS,MS19270_CSF,GSM4104122_CAAGGCCGTTGAGGTG-1,CSF,-0.06989291589570153
MS,MS19270_CSF,GSM4104122_CAAGTTGAGCTCCCAG-1,CSF,0.13802817935796088
MS,MS19270_CSF,GSM4104122_CACACAAAGCTGAAAT-1,CSF,-0.09834107806026707
MS,MS19270_CSF,GSM4104122_CACACAACAAATTGCC-1,CSF,-0.26693948955434776
MS,MS19270_CSF,GSM4104122_CACACCTAGCGAGAAA-1,CSF,0.18766180589421186
MS,MS19270_CSF,GSM4104122_CACAGTACAGTCAGCC-1,CSF,-0.09834107806026707
MS,MS19270_CSF,GSM4104122_CACATAGGTCGAAAGC-1,CSF,0.18266198666980182
MS,MS19270_CSF,GSM4104122_CACATTTCACGAGAGT-1,CSF,-0.09834107806026707
MS,MS19270_CSF,GSM4104122_CACATTTTCCGTCATC-1,CSF,-0.2987011212200893
MS,MS19270_CSF,GSM4104122_CACCAGGAGCTAGTTC-1,CSF,0.04865800605797309
MS,MS19270_CSF,GSM4104122_CACCAGGCAGTGGAGT-1,CSF,-0.6166397282391053
MS,MS19270_CSF,GSM4104122_CACCAGGGTGATGATA-1,CSF,0.49775150036363985
MS,MS19270_CSF,GSM4104122_CACCAGGTCAAAGACA-1,CSF,-0.696590536830422
MS,MS19270_CSF,GSM4104122_CACCTTGCAACACCTA-1,CSF,-0.034116674715670654
MS,MS19270_CSF,GSM4104122_CACCTTGGTGCAGACA-1,CSF,-0.09834107806026707
MS,MS19270_CSF,GSM4104122_CAGAATCAGCTAGGCA-1,CSF,-0.6457693670799293
MS,MS19270_CSF,GSM4104122_CAGAGAGTCAACTCTT-1,CSF,-0.3357807012397032
MS,MS19270_CSF,GSM4104122_CAGATCATCCGCAAGC-1,CSF,-0.09834107806026707
MS,MS19270_CSF,GSM4104122_CAGCAGCAGTCTCAAC-1,CSF,-0.43195282992072365
MS,MS19270_CSF,GSM4104122_CAGCAGCCACGGTGTC-1,CSF,-0.09834107806026707
MS,MS19270_CSF,GSM4104122_CAGCAGCGTCGGCTCA-1,CSF,-0.09834107806026707
MS,MS19270_CSF,GSM4104122_CAGCCGACATGACGGA-1,CSF,-0.09834107806026707
MS,MS19270_CSF,GSM4104122_CAGCTGGAGTAGCGGT-1,CSF,-0.09834107806026707
MS,MS19270_CSF,GSM4104122_CAGCTGGTCCGAGCCA-1,CSF,-0.5489016153939147
MS,MS19270_CSF,GSM4104122_CAGGTGCAGCCACGTC-1,CSF,0.4894219379248259
MS,MS19270_CSF,GSM4104122_CAGTAACCAAGGCTCC-1,CSF,0.3892566048130104
MS,MS19270_CSF,GSM4104122_CAGTCCTAGAGGGATA-1,CSF,-0.24965933946743118
MS,MS19270_CSF,GSM4104122_CAGTCCTAGGCAAAGA-1,CSF,0.27866826119547755
MS,MS19270_CSF,GSM4104122_CAGTCCTCAATTGCTG-1,CSF,-0.4785573075591361
MS,MS19270_CSF,GSM4104122_CATATGGGTGTTTGGT-1,CSF,-0.09834107806026707
MS,MS19270_CSF,GSM4104122_CATATTCCAAAGGCGT-1,CSF,0.11732266142098668
MS,MS19270_CSF,GSM4104122_CATCAAGGTGGGTATG-1,CSF,0.42164155088687477
MS,MS19270_CSF,GSM4104122_CATCGAAGTCCGTGAC-1,CSF,0.36733834989949854
MS,MS19270_CSF,GSM4104122_CATGGCGTCCCAACGG-1,CSF,-0.05199244907116048
MS,MS19270_CSF,GSM4104122_CCAATCCCACCACGTG-1,CSF,-0.854665014866319
MS,MS19270_CSF,GSM4104122_CCAATCCGTGCACGAA-1,CSF,0.41359801936107227
MS,MS19270_CSF,GSM4104122_CCAATCCTCACATGCA-1,CSF,-0.09834107806026707
MS,MS19270_CSF,GSM4104122_CCACCTAAGCTATGCT-1,CSF,0.13190532127756455
MS,MS19270_CSF,GSM4104122_CCACGGAAGGCAGTCA-1,CSF,-0.20393659610364084
MS,MS19270_CSF,GSM4104122_CCACGGAGTACACCGC-1,CSF,0.1655375019795549
MS,MS19270_CSF,GSM4104122_CCAGCGAAGAATGTGT-1,CSF,-0.09834107806026707
MS,MS19270_CSF,GSM4104122_CCATTCGCACAGACTT-1,CSF,-0.034086126159951644
MS,MS19270_CSF,GSM4104122_CCATTCGGTACTCAAC-1,CSF,-0.3608062906835346
MS,MS19270_CSF,GSM4104122_CCCAATCCAGCAGTTT-1,CSF,-0.09834107806026707
MS,MS19270_CSF,GSM4104122_CCCAATCCAGCGTAAG-1,CSF,-0.09834107806026707
MS,MS19270_CSF,GSM4104122_CCCAATCTCGGCTTGG-1,CSF,-0.3095403651844068
MS,MS19270_CSF,GSM4104122_CCCTCCTAGACAATAC-1,CSF,0.6455217678487336
MS,MS19270_CSF,GSM4104122_CCGGGATGTAGGACAC-1,CSF,-0.3384259715301981
MS,MS19270_CSF,GSM4104122_CCGGGATTCAGCAACT-1,CSF,-0.30745289727346803
MS,MS19270_CSF,GSM4104122_CCGTACTCACATTAGC-1,CSF,-0.3311450498085201
MS,MS19270_CSF,GSM4104122_CCGTGGACAACTGGCC-1,CSF,-0.2043877692958406
MS,MS19270_CSF,GSM4104122_CCGTGGACACATGTGT-1,CSF,0.32602010166246803
MS,MS19270_CSF,GSM4104122_CCGTGGATCAATCTCT-1,CSF,-0.09834107806026707
MS,MS19270_CSF,GSM4104122_CCGTTCACAGATCCAT-1,CSF,-0.09834107806026707
MS,MS19270_CSF,GSM4104122_CCTACACCAAACCTAC-1,CSF,-0.09834107806026707
MS,MS19270_CSF,GSM4104122_CCTACCACATCTACGA-1,CSF,-0.26031412930898107
MS,MS19270_CSF,GSM4104122_CCTCAGTAGGTGATAT-1,CSF,-0.2210544785494091
MS,MS19270_CSF,GSM4104122_CCTCAGTGTTATGCGT-1,CSF,-0.09834107806026707
MS,MS19270_CSF,GSM4104122_CCTCTGATCAGCTTAG-1,CSF,-0.09834107806026707
MS,MS19270_CSF,GSM4104122_CCTCTGATCCAGAGGA-1,CSF,-0.33562878262904483
MS,MS19270_CSF,GSM4104122_CCTTACGAGACTGGGT-1,CSF,0.07280060838144166
MS,MS19270_CSF,GSM4104122_CCTTCGAGTCTCCACT-1,CSF,0.24358130681223525
MS,MS19270_CSF,GSM4104122_CCTTTCTCAGATTGCT-1,CSF,-0.09834107806026707
MS,MS19270_CSF,GSM4104122_CCTTTCTGTTGTGGCC-1,CSF,-0.09834107806026707
MS,MS19270_CSF,GSM4104122_CGAACATGTCGCCATG-1,CSF,0.2468918684127212
MS,MS19270_CSF,GSM4104122_CGAATGTTCGCAAACT-1,CSF,-0.20567247184257287
MS,MS19270_CSF,GSM4104122_CGAGCCACAGCGTAAG-1,CSF,-0.09834107806026707
MS,MS19270_CSF,GSM4104122_CGATGGCAGTACGCCC-1,CSF,-0.44438139108908464
MS,MS19270_CSF,GSM4104122_CGATGGCCAGGTCGTC-1,CSF,-0.09834107806026707
MS,MS19270_CSF,GSM4104122_CGATGGCTCTCTAGGA-1,CSF,0.012999102784753675
MS,MS19270_CSF,GSM4104122_CGATGTAAGCTACCGC-1,CSF,0.0393012344401046
MS,MS19270_CSF,GSM4104122_CGCGGTAGTCTGATCA-1,CSF,0.13820918863200407
MS,MS19270_CSF,GSM4104122_CGCTATCGTGCAGACA-1,CSF,-0.09834107806026707
MS,MS19270_CSF,GSM4104122_CGCTTCAAGCGTTTAC-1,CSF,0.05225092704949395
MS,MS19270_CSF,GSM4104122_CGCTTCACAAAGTCAA-1,CSF,-0.016459894810157052
MS,MS19270_CSF,GSM4104122_CGCTTCACATGTCCTC-1,CSF,0.02535440547008949
MS,MS19270_CSF,GSM4104122_CGCTTCATCGCAAGCC-1,CSF,-0.2332240593826684
MS,MS19270_CSF,GSM4104122_CGGACACTCCTTGCCA-1,CSF,0.6091898919630797
MS,MS19270_CSF,GSM4104122_CGGACGTAGCTCAACT-1,CSF,-0.25695490198970544
MS,MS19270_CSF,GSM4104122_CGGACGTAGGCTCAGA-1,CSF,0.2874566235968832
MS,MS19270_CSF,GSM4104122_CGGACGTCAATGCCAT-1,CSF,-0.05625650427255631
MS,MS19270_CSF,GSM4104122_CGGACGTTCGAATCCA-1,CSF,0.45739503768658313
MS,MS19270_CSF,GSM4104122_CGGACTGAGAAGAAGC-1,CSF,-0.03462998908178029
MS,MS19270_CSF,GSM4104122_CGGACTGCAAGAAGAG-1,CSF,-0.09834107806026707
MS,MS19270_CSF,GSM4104122_CGGACTGGTACAAGTA-1,CSF,0.10848662177129242
MS,MS19270_CSF,GSM4104122_CGGACTGGTACAGACG-1,CSF,-0.34121381315721105
MS,MS19270_CSF,GSM4104122_CGGAGCTAGGCTAGCA-1,CSF,0.1272056183559687
MS,MS19270_CSF,GSM4104122_CGGAGCTCATGCCCGA-1,CSF,-0.09834107806026707
MS,MS19270_CSF,GSM4104122_CGGAGTCCAGATCGGA-1,CSF,0.15487083082711386
MS,MS19270_CSF,GSM4104122_CGGCTAGGTCTACCTC-1,CSF,-0.09834107806026707
MS,MS19270_CSF,GSM4104122_CGGGTCATCTCTTGAT-1,CSF,-0.09834107806026707
MS,MS19270_CSF,GSM4104122_CGGTTAAAGAAACCGC-1,CSF,-0.2697532206161192
MS,MS19270_CSF,GSM4104122_CGTCACTAGATATGGT-1,CSF,-0.9529459675362334
MS,MS19270_CSF,GSM4104122_CGTCAGGCAGCTTAAC-1,CSF,-0.09834107806026707
MS,MS19270_CSF,GSM4104122_CGTCCATGTCTCCATC-1,CSF,-0.09834107806026707
MS,MS19270_CSF,GSM4104122_CGTGAGCTCTTAGAGC-1,CSF,-0.09834107806026707
MS,MS19270_CSF,GSM4104122_CGTGTCTCACCTTGTC-1,CSF,-0.21728877928627896
MS,MS19270_CSF,GSM4104122_CGTGTCTTCGTCTGAA-1,CSF,-0.09834107806026707
MS,MS19270_CSF,GSM4104122_CGTTCTGTCCATGAGT-1,CSF,-0.2907096655094306
MS,MS19270_CSF,GSM4104122_CTAACTTAGAGGGCTT-1,CSF,0.5366850099466386
MS,MS19270_CSF,GSM4104122_CTAACTTTCTGATTCT-1,CSF,-0.003706096272311205
MS,MS19270_CSF,GSM4104122_CTAAGACCAATCCAAC-1,CSF,-0.09834107806026707
MS,MS19270_CSF,GSM4104122_CTAAGACTCAAGGTAA-1,CSF,-0.24225544615374245
MS,MS19270_CSF,GSM4104122_CTAAGACTCGCGGATC-1,CSF,-0.09834107806026707
MS,MS19270_CSF,GSM4104122_CTAATGGGTCAATACC-1,CSF,-0.9311981517668562
MS,MS19270_CSF,GSM4104122_CTACACCGTAAGAGGA-1,CSF,-0.20881538323134335
MS,MS19270_CSF,GSM4104122_CTACACCGTACAGCAG-1,CSF,-0.1751040565148389
MS,MS19270_CSF,GSM4104122_CTACATTGTAGAGCTG-1,CSF,-0.09834107806026707
MS,MS19270_CSF,GSM4104122_CTACCCAGTATAGGTA-1,CSF,0.1977694162720899
MS,MS19270_CSF,GSM4104122_CTACCCAGTTGCTCCT-1,CSF,-0.09834107806026707
MS,MS19270_CSF,GSM4104122_CTAGAGTTCGGTCTAA-1,CSF,-0.24608768159591188
MS,MS19270_CSF,GSM4104122_CTAGCCTGTTCCCTTG-1,CSF,-0.09834107806026707
MS,MS19270_CSF,GSM4104122_CTAGTGACAACACGCC-1,CSF,0.4457295696905868
MS,MS19270_CSF,GSM4104122_CTCACACCAGACGCCT-1,CSF,-0.09834107806026707
MS,MS19270_CSF,GSM4104122_CTCATTAAGTTGTAGA-1,CSF,-0.09834107806026707
MS,MS19270_CSF,GSM4104122_CTCATTACAATAACGA-1,CSF,0.3088156766521456
MS,MS19270_CSF,GSM4104122_CTCATTACAATGTTGC-1,CSF,-0.014963145381232794
MS,MS19270_CSF,GSM4104122_CTCCTAGAGCCAGAAC-1,CSF,0.2432646986270613
MS,MS19270_CSF,GSM4104122_CTCGAAAGTACGCACC-1,CSF,-0.09834107806026707
MS,MS19270_CSF,GSM4104122_CTCGGAGAGTCCTCCT-1,CSF,-0.37027756078806856
MS,MS19270_CSF,GSM4104122_CTCGTCACAGACTCGC-1,CSF,0.6221983910691222
MS,MS19270_CSF,GSM4104122_CTCTAATAGGCAATTA-1,CSF,-0.22633118314530384
MS,MS19270_CSF,GSM4104122_CTCTACGAGCAATATG-1,CSF,-0.08004166761286988
MS,MS19270_CSF,GSM4104122_CTCTACGCAGACGCAA-1,CSF,0.18191946566766104
MS,MS19270_CSF,GSM4104122_CTCTACGTCAAGCCTA-1,CSF,-0.09834107806026707
MS,MS19270_CSF,GSM4104122_CTCTACGTCTTGGGTA-1,CSF,-0.09834107806026707
MS,MS19270_CSF,GSM4104122_CTGAAACAGATCCCAT-1,CSF,-0.09834107806026707
MS,MS19270_CSF,GSM4104122_CTGAAACCACAGGTTT-1,CSF,-0.09834107806026707
MS,MS19270_CSF,GSM4104122_CTGAAGTGTTGTGGAG-1,CSF,-0.09834107806026707
MS,MS19270_CSF,GSM4104122_CTGATCCAGCGTTGCC-1,CSF,-0.7501424489352224
MS,MS19270_CSF,GSM4104122_CTGCTGTTCTTGTATC-1,CSF,-0.09834107806026707
MS,MS19270_CSF,GSM4104122_CTGTGCTAGGCCGAAT-1,CSF,-0.5452789547772072
MS,MS19270_CSF,GSM4104122_CTGTGCTGTCAGGACA-1,CSF,0.2960626074231695
MS,MS19270_CSF,GSM4104122_CTGTGCTGTTCCCTTG-1,CSF,-0.09834107806026707
MS,MS19270_CSF,GSM4104122_CTTACCGAGCCCGAAA-1,CSF,-0.09834107806026707
MS,MS19270_CSF,GSM4104122_CTTAGGATCATGTAGC-1,CSF,-0.09834107806026707
MS,MS19270_CSF,GSM4104122_CTTAGGATCGTACGGC-1,CSF,-0.26480620627726176
MS,MS19270_CSF,GSM4104122_CTTCTCTCAGTCGTGC-1,CSF,-0.09834107806026707
MS,MS19270_CSF,GSM4104122_CTTCTCTGTCGACTAT-1,CSF,-0.31077852184405774
MS,MS19270_CSF,GSM4104122_CTTGGCTAGTCCATAC-1,CSF,-0.09834107806026707
MS,MS19270_CSF,GSM4104122_CTTTGCGTCGCAAACT-1,CSF,-0.09834107806026707
MS,MS19270_CSF,GSM4104122_GAAACTCTCAACTCTT-1,CSF,-0.09834107806026707
MS,MS19270_CSF,GSM4104122_GAACCTACACCGAAAG-1,CSF,-0.09834107806026707
MS,MS19270_CSF,GSM4104122_GAACCTAGTAGCGATG-1,CSF,0.04518307293695517
MS,MS19270_CSF,GSM4104122_GAAGCAGTCAGTCAGT-1,CSF,-0.09834107806026707
MS,MS19270_CSF,GSM4104122_GAATGAAAGGGCACTA-1,CSF,0.09944536087187068
MS,MS19270_CSF,GSM4104122_GAATGAATCCTATTCA-1,CSF,-0.09834107806026707
MS,MS19270_CSF,GSM4104122_GACCAATCACATCCAA-1,CSF,-0.09834107806026707
MS,MS19270_CSF,GSM4104122_GACGCGTTCCTTCAAT-1,CSF,-0.3028977124592816
MS,MS19270_CSF,GSM4104122_GACGGCTGTCAGTGGA-1,CSF,-0.5494460371912941
MS,MS19270_CSF,GSM4104122_GACGTTACACCCATTC-1,CSF,0.13993281403738592
MS,MS19270_CSF,GSM4104122_GACTACATCTCGCATC-1,CSF,-0.09834107806026707
MS,MS19270_CSF,GSM4104122_GAGGTGACATTCTTAC-1,CSF,-0.323390602842832
MS,MS19270_CSF,GSM4104122_GATGAAATCATACGGT-1,CSF,-0.00888579994529721
MS,MS19270_CSF,GSM4104122_GATGAGGAGCCCTAAT-1,CSF,-0.25362376824470445
MS,MS19270_CSF,GSM4104122_GATGCTACAGGTCTCG-1,CSF,-0.20031088301584418
MS,MS19270_CSF,GSM4104122_GATTCAGCAGCTGCTG-1,CSF,-0.09834107806026707
MS,MS19270_CSF,GSM4104122_GCAAACTGTGTGACGA-1,CSF,-0.24360067947376582
MS,MS19270_CSF,GSM4104122_GCAAACTTCGGTTCGG-1,CSF,-0.09834107806026707
MS,MS19270_CSF,GSM4104122_GCACATAAGTGTACTC-1,CSF,-0.5151856839185772
MS,MS19270_CSF,GSM4104122_GCAGCCAAGCAGCGTA-1,CSF,-0.09834107806026707
MS,MS19270_CSF,GSM4104122_GCAGCCAAGTACGCCC-1,CSF,-0.7053506662887514
MS,MS19270_CSF,GSM4104122_GCATACAGTCAAGCGA-1,CSF,0.577684892651112
MS,MS19270_CSF,GSM4104122_GCATGCGCAAGGTGTG-1,CSF,-0.23133303483743767
MS,MS19270_CSF,GSM4104122_GCGCAGTTCAGGTTCA-1,CSF,-0.27764297726870163
MS,MS19270_CSF,GSM4104122_GCGCCAAGTCCTGCTT-1,CSF,-0.09834107806026707
MS,MS19270_CSF,GSM4104122_GCGCCAAGTGCGGTAA-1,CSF,-0.09834107806026707
MS,MS19270_CSF,GSM4104122_GCGCGATCACATAACC-1,CSF,-0.09834107806026707
MS,MS19270_CSF,GSM4104122_GCGCGATGTAACGTTC-1,CSF,0.10841468000215913
MS,MS19270_CSF,GSM4104122_GCTCTGTCACTGTCGG-1,CSF,-0.09834107806026707
MS,MS19270_CSF,GSM4104122_GCTGCAGAGGTGCTTT-1,CSF,-0.05798786893844584
MS,MS19270_CSF,GSM4104122_GCTGCGACATTCTTAC-1,CSF,-0.09834107806026707
MS,MS19270_CSF,GSM4104122_GCTGCTTAGTGAAGTT-1,CSF,-0.09834107806026707
MS,MS19270_CSF,GSM4104122_GCTGGGTCACTGCCAG-1,CSF,-0.09834107806026707
MS,MS19270_CSF,GSM4104122_GCTGGGTGTCTCCACT-1,CSF,0.06077678835548254
MS,MS19270_CSF,GSM4104122_GCTGGGTTCCAGAGGA-1,CSF,-0.31915757980537846
MS,MS19270_CSF,GSM4104122_GCTTCCACAATGTTGC-1,CSF,-0.5935884549175139
MS,MS19270_CSF,GSM4104122_GCTTCCAGTGGTACAG-1,CSF,-0.09834107806026707
MS,MS19270_CSF,GSM4104122_GGAACTTTCAATCTCT-1,CSF,-0.09834107806026707
MS,MS19270_CSF,GSM4104122_GGAATAATCCTTTCTC-1,CSF,0.12404499905312398
MS,MS19270_CSF,GSM4104122_GGATTACCAGCTGGCT-1,CSF,-0.09834107806026707
MS,MS19270_CSF,GSM4104122_GGCGACTAGCTTCGCG-1,CSF,-0.2686502323475999
MS,MS19270_CSF,GSM4104122_GGCGACTTCTAGCACA-1,CSF,-0.5287462681551303
MS,MS19270_CSF,GSM4104122_GGCGTGTAGAATTGTG-1,CSF,0.1588907246960052
MS,MS19270_CSF,GSM4104122_GGCGTGTGTGAGCGAT-1,CSF,-0.11187818010107788
MS,MS19270_CSF,GSM4104122_GGCGTGTTCACATGCA-1,CSF,-1.080856080209207
MS,MS19270_CSF,GSM4104122_GGCTGGTAGGGAACGG-1,CSF,-0.352351447112286
MS,MS19270_CSF,GSM4104122_GGCTGGTGTCCGCTGA-1,CSF,-0.09834107806026707
MS,MS19270_CSF,GSM4104122_GGCTGGTGTCTGGTCG-1,CSF,-0.22172013334746035
MS,MS19270_CSF,GSM4104122_GGGAATGCAAGCCTAT-1,CSF,-0.39051999346675287
MS,MS19270_CSF,GSM4104122_GGGACCTAGGGTCTCC-1,CSF,-0.24200488944500506
MS,MS19270_CSF,GSM4104122_GGGACCTGTCTTGTCC-1,CSF,-0.09834107806026707
MS,MS19270_CSF,GSM4104122_GGGATGAAGTTTGCGT-1,CSF,-0.09834107806026707
MS,MS19270_CSF,GSM4104122_GGGATGAGTATCTGCA-1,CSF,0.1792449882628573
MS,MS19270_CSF,GSM4104122_GGGCACTCAAAGGTGC-1,CSF,-0.045424894506123824
MS,MS19270_CSF,GSM4104122_GGGCACTTCAACGGGA-1,CSF,0.1365372955777541
MS,MS19270_CSF,GSM4104122_GGGCATCAGAGTCTGG-1,CSF,-0.09834107806026707
MS,MS19270_CSF,GSM4104122_GGGTCTGTCTGCTGTC-1,CSF,-0.3179607191148807
MS,MS19270_CSF,GSM4104122_GGGTTGCAGCGATATA-1,CSF,-0.3625019116062047
MS,MS19270_CSF,GSM4104122_GGTATTGAGCTACCTA-1,CSF,0.28129079927356393
MS,MS19270_CSF,GSM4104122_GGTATTGGTCACCCAG-1,CSF,-0.09834107806026707
MS,MS19270_CSF,GSM4104122_GGTGAAGTCTGCTGTC-1,CSF,-0.09834107806026707
MS,MS19270_CSF,GSM4104122_GTAACTGGTATAGTAG-1,CSF,-0.09834107806026707
MS,MS19270_CSF,GSM4104122_GTAACTGGTGTCAATC-1,CSF,0.4978997415974134
MS,MS19270_CSF,GSM4104122_GTACGTACAGGTCCAC-1,CSF,0.03570816512243306
MS,MS19270_CSF,GSM4104122_GTACGTATCTCTAGGA-1,CSF,-0.09834107806026707
MS,MS19270_CSF,GSM4104122_GTACTCCAGAGATGAG-1,CSF,-0.09834107806026707
MS,MS19270_CSF,GSM4104122_GTACTTTTCGCAAACT-1,CSF,-0.3789896229294714
MS,MS19270_CSF,GSM4104122_GTAGGCCAGATGGGTC-1,CSF,0.052985509566500125
MS,MS19270_CSF,GSM4104122_GTAGGCCGTTGACGTT-1,CSF,0.5385771678584004
MS,MS19270_CSF,GSM4104122_GTATTCTAGCTGCAAG-1,CSF,-0.0043527703104175785
MS,MS19270_CSF,GSM4104122_GTCAAGTGTAGTAGTA-1,CSF,-0.20474161706427033
MS,MS19270_CSF,GSM4104122_GTCACAACAACTGGCC-1,CSF,-0.3274466023734669
MS,MS19270_CSF,GSM4104122_GTCACAATCGGTGTCG-1,CSF,0.09371014172873886
MS,MS19270_CSF,GSM4104122_GTCACGGTCTACTCAT-1,CSF,-0.8625158630521585
MS,MS19270_CSF,GSM4104122_GTCATTTAGAATAGGG-1,CSF,-0.3035580703703962
MS,MS19270_CSF,GSM4104122_GTCCTCACATAGACTC-1,CSF,-0.30445573575902646
MS,MS19270_CSF,GSM4104122_GTGCATAAGGGTTTCT-1,CSF,-0.09834107806026707
MS,MS19270_CSF,GSM4104122_GTGGGTCGTTGTGGAG-1,CSF,-0.2723898890900633
MS,MS19270_CSF,GSM4104122_GTGTGCGCAGCCTTTC-1,CSF,0.13924014740579277
MS,MS19270_CSF,GSM4104122_GTGTGCGGTCTAACGT-1,CSF,-0.23075061765494695
MS,MS19270_CSF,GSM4104122_GTGTTAGAGCCAGTTT-1,CSF,-0.06688799438734284
MS,MS19270_CSF,GSM4104122_GTGTTAGGTCAGCTAT-1,CSF,-0.5851123178760901
MS,MS19270_CSF,GSM4104122_GTTAAGCTCTGCAAGT-1,CSF,0.23949580079453114
MS,MS19270_CSF,GSM4104122_GTTACAGCATACGCTA-1,CSF,0.14527295748957186
MS,MS19270_CSF,GSM4104122_GTTACAGTCGCTGATA-1,CSF,-0.09834107806026707
MS,MS19270_CSF,GSM4104122_GTTCATTCACGTCAGC-1,CSF,-0.09834107806026707
MS,MS19270_CSF,GSM4104122_TAAACCGAGAATAGGG-1,CSF,-0.34620324149100423
MS,MS19270_CSF,GSM4104122_TAAACCGCATTACCTT-1,CSF,-0.28872270655031185
MS,MS19270_CSF,GSM4104122_TAAACCGGTGCTCTTC-1,CSF,0.3974713995200249
MS,MS19270_CSF,GSM4104122_TAAGAGACATGCAACT-1,CSF,-0.26588257577005925
MS,MS19270_CSF,GSM4104122_TACCTATAGAGTTGGC-1,CSF,-0.09834107806026707
MS,MS19270_CSF,GSM4104122_TACCTATAGGTTCCTA-1,CSF,0.12507525722155627
MS,MS19270_CSF,GSM4104122_TACCTTAAGAATGTTG-1,CSF,-0.09834107806026707
MS,MS19270_CSF,GSM4104122_TACGGATAGTGCCATT-1,CSF,-0.09834107806026707
MS,MS19270_CSF,GSM4104122_TACGGATCAGCGATCC-1,CSF,-0.09834107806026707
MS,MS19270_CSF,GSM4104122_TACGGATCATCACCCT-1,CSF,-0.14593591128593167
MS,MS19270_CSF,GSM4104122_TACTCGCCACTGTCGG-1,CSF,-0.4970378949695676
MS,MS19270_CSF,GSM4104122_TACTTACAGGGTCGAT-1,CSF,0.22871934869720337
MS,MS19270_CSF,GSM4104122_TACTTGTAGTGACTCT-1,CSF,-0.09834107806026707
MS,MS19270_CSF,GSM4104122_TAGCCGGGTTTCCACC-1,CSF,0.16135643144651762
MS,MS19270_CSF,GSM4104122_TAGTGGTGTATAGGTA-1,CSF,-0.7640684731863103
MS,MS19270_CSF,GSM4104122_TAGTTGGCACATCCGG-1,CSF,0.07015964678219465
MS,MS19270_CSF,GSM4104122_TATCAGGGTTCATGGT-1,CSF,-0.09834107806026707
MS,MS19270_CSF,GSM4104122_TATCAGGTCAAGGTAA-1,CSF,0.1551978103844412
MS,MS19270_CSF,GSM4104122_TATGCCCCACGAAACG-1,CSF,-0.09834107806026707
MS,MS19270_CSF,GSM4104122_TATGCCCTCTTGTCAT-1,CSF,-0.3265040288222681
MS,MS19270_CSF,GSM4104122_TATTACCCAGGCGATA-1,CSF,-0.09834107806026707
MS,MS19270_CSF,GSM4104122_TCAACGAGTCCAGTTA-1,CSF,-1.6586340879541233
MS,MS19270_CSF,GSM4104122_TCAACGATCTCAACTT-1,CSF,-0.16985951829966872
MS,MS19270_CSF,GSM4104122_TCAATCTCATGCAACT-1,CSF,-0.30142220425228494
MS,MS19270_CSF,GSM4104122_TCAATCTTCAGTTTGG-1,CSF,-0.09834107806026707
MS,MS19270_CSF,GSM4104122_TCACAAGAGGTGATTA-1,CSF,-0.09834107806026707
MS,MS19270_CSF,GSM4104122_TCACAAGCACCATCCT-1,CSF,-0.09834107806026707
MS,MS19270_CSF,GSM4104122_TCACGAAAGTACGCCC-1,CSF,-0.09834107806026707
MS,MS19270_CSF,GSM4104122_TCAGATGAGAGTAAGG-1,CSF,-0.09834107806026707
MS,MS19270_CSF,GSM4104122_TCAGGATCAGGCTCAC-1,CSF,-0.09834107806026707
MS,MS19270_CSF,GSM4104122_TCAGGTAAGCGATATA-1,CSF,-0.583210260091145
MS,MS19270_CSF,GSM4104122_TCAGGTAAGTGGACGT-1,CSF,0.11353070806149712
MS,MS19270_CSF,GSM4104122_TCATTACCAAGCCTAT-1,CSF,-0.09834107806026707
MS,MS19270_CSF,GSM4104122_TCCCGATCACTTAACG-1,CSF,0.09758992961237493
MS,MS19270_CSF,GSM4104122_TCCCGATGTTATCCGA-1,CSF,-0.09834107806026707
MS,MS19270_CSF,GSM4104122_TCGCGTTTCTACTCAT-1,CSF,-0.3269538806953249
MS,MS19270_CSF,GSM4104122_TCGCGTTTCTCATTCA-1,CSF,-0.09834107806026707
MS,MS19270_CSF,GSM4104122_TCGGGACAGACTTGAA-1,CSF,0.2513720826237188
MS,MS19270_CSF,GSM4104122_TCGGGACCACAAGCCC-1,CSF,-0.22700552269034616
MS,MS19270_CSF,GSM4104122_TCGGGACGTTTCCACC-1,CSF,-0.09834107806026707
MS,MS19270_CSF,GSM4104122_TCGGGACTCCGTAGGC-1,CSF,-0.09834107806026707
MS,MS19270_CSF,GSM4104122_TCGGGACTCTGATACG-1,CSF,-0.09834107806026707
MS,MS19270_CSF,GSM4104122_TCTATTGTCAGTTCGA-1,CSF,-0.09834107806026707
MS,MS19270_CSF,GSM4104122_TCTCATAGTTAAAGAC-1,CSF,-0.19748538789004183
MS,MS19270_CSF,GSM4104122_TCTCATATCAGTTTGG-1,CSF,-0.09834107806026707
MS,MS19270_CSF,GSM4104122_TCTGGAACACGGCTAC-1,CSF,-0.26225646535532754
MS,MS19270_CSF,GSM4104122_TCTGGAACAGCTGTTA-1,CSF,-0.09834107806026707
MS,MS19270_CSF,GSM4104122_TCTTCGGCAAGTCTGT-1,CSF,-0.09834107806026707
MS,MS19270_CSF,GSM4104122_TGACAACCACTGTTAG-1,CSF,-0.14970152953471463
MS,MS19270_CSF,GSM4104122_TGACAACCATGGAATA-1,CSF,0.1937271333653209
MS,MS19270_CSF,GSM4104122_TGACGGCAGAAACGAG-1,CSF,-0.3901999059607278
MS,MS19270_CSF,GSM4104122_TGACTTTTCAGGCCCA-1,CSF,-0.09834107806026707
MS,MS19270_CSF,GSM4104122_TGAGCATCACTACAGT-1,CSF,-0.4412795784834809
MS,MS19270_CSF,GSM4104122_TGAGCCGCACCGGAAA-1,CSF,-0.09834107806026707
MS,MS19270_CSF,GSM4104122_TGAGGGAGTCGCTTCT-1,CSF,-0.3326549870673891
MS,MS19270_CSF,GSM4104122_TGATTTCAGCAGGCTA-1,CSF,-0.09834107806026707
MS,MS19270_CSF,GSM4104122_TGCCCTACAATCTGCA-1,CSF,-0.3428573284397202
MS,MS19270_CSF,GSM4104122_TGCCCTATCATAAAGG-1,CSF,-0.4620104853626561
MS,MS19270_CSF,GSM4104122_TGCGGGTCAAGGCTCC-1,CSF,0.08570175945704235
MS,MS19270_CSF,GSM4104122_TGCGTGGGTCGACTAT-1,CSF,-0.4368997036470824
MS,MS19270_CSF,GSM4104122_TGGACGCTCGCAGGCT-1,CSF,-0.21123933669038944
MS,MS19270_CSF,GSM4104122_TGGCGCAGTTGATTCG-1,CSF,0.040680736898772864
MS,MS19270_CSF,GSM4104122_TGGGAAGAGGGCTCTC-1,CSF,0.24325196389209963
MS,MS19270_CSF,GSM4104122_TGGGAAGGTAAAGGAG-1,CSF,-0.09834107806026707
MS,MS19270_CSF,GSM4104122_TGGGCGTAGGTGCAAC-1,CSF,-0.37000019149187013
MS,MS19270_CSF,GSM4104122_TGGTTCCTCATCGGAT-1,CSF,-0.05912707865628443
MS,MS19270_CSF,GSM4104122_TGTATTCAGGGCTTCC-1,CSF,-0.2617102990803176
MS,MS19270_CSF,GSM4104122_TGTGTTTCACCATGTA-1,CSF,-0.09834107806026707
MS,MS19270_CSF,GSM4104122_TGTGTTTGTCGTCTTC-1,CSF,-0.09834107806026707
MS,MS19270_CSF,GSM4104122_TGTGTTTGTTACAGAA-1,CSF,0.2820262511502086
MS,MS19270_CSF,GSM4104122_TGTTCCGCAATCTACG-1,CSF,-0.3092785073355068
MS,MS19270_CSF,GSM4104122_TGTTCCGCACATCCGG-1,CSF,-0.09834107806026707
MS,MS19270_CSF,GSM4104122_TTAGGCACACCGATAT-1,CSF,-0.2535486076236714
MS,MS19270_CSF,GSM4104122_TTAGGCAGTGAAGGCT-1,CSF,-0.27153397855934597
MS,MS19270_CSF,GSM4104122_TTAGTTCCAAACTGCT-1,CSF,-0.09834107806026707
MS,MS19270_CSF,GSM4104122_TTCCCAGCACTTAACG-1,CSF,-0.24390939234251605
MS,MS19270_CSF,GSM4104122_TTCGAAGAGCTAGCCC-1,CSF,0.18443021456729156
MS,MS19270_CSF,GSM4104122_TTCGGTCCACTTAAGC-1,CSF,-0.09834107806026707
MS,MS19270_CSF,GSM4104122_TTCGGTCCATAGAAAC-1,CSF,0.5130193894829428
MS,MS19270_CSF,GSM4104122_TTCTACATCTCTGAGA-1,CSF,-0.3526515665092459
MS,MS19270_CSF,GSM4104122_TTCTCCTCACGGTGTC-1,CSF,-0.30947055909816595
MS,MS19270_CSF,GSM4104122_TTCTTAGTCAACGGGA-1,CSF,-0.09834107806026707
MS,MS19270_CSF,GSM4104122_TTCTTAGTCCACTGGG-1,CSF,0.3658528531471399
MS,MS19270_CSF,GSM4104122_TTGAACGGTAGAAGGA-1,CSF,-0.09834107806026707
MS,MS19270_CSF,GSM4104122_TTGAACGTCTGCAGTA-1,CSF,-0.02881332226598554
MS,MS19270_CSF,GSM4104122_TTGACTTAGAGTGAGA-1,CSF,-0.09834107806026707
MS,MS19270_CSF,GSM4104122_TTGACTTAGCTTTGGT-1,CSF,-0.10836040114081714
MS,MS19270_CSF,GSM4104122_TTGACTTTCGCGATCG-1,CSF,-0.09834107806026707
MS,MS19270_CSF,GSM4104122_TTGGAACGTGTGCGTC-1,CSF,-0.09834107806026707
MS,MS19270_CSF,GSM4104122_TTGTAGGAGGAGTTTA-1,CSF,-0.054316624555470545
MS,MS19270_CSF,GSM4104122_TTGTAGGAGTTGAGTA-1,CSF,-0.09834107806026707
MS,MS19270_CSF,GSM4104122_TTGTAGGCAGACGCAA-1,CSF,-0.09834107806026707
MS,MS19270_CSF,GSM4104122_TTTACTGGTCCCGACA-1,CSF,-0.22080476807867802
MS,MS19270_CSF,GSM4104122_TTTACTGTCCCATTAT-1,CSF,-0.09834107806026707
MS,MS19270_CSF,GSM4104122_TTTATGCCATTGGGCC-1,CSF,-0.1428104719937313
MS,MS19270_CSF,GSM4104122_TTTATGCGTGCCTGGT-1,CSF,-0.09834107806026707
MS,MS19270_CSF,GSM4104122_TTTGGTTCAAACTGTC-1,CSF,-0.11953647207241953
MS,MS19270_CSF,GSM4104122_TTTGGTTCACCGAATT-1,CSF,-0.09834107806026707
MS,MS49131_CSF,GSM4104125_AAACGGGAGTACGTAA-1,CSF,-0.09834107806026707
MS,MS49131_CSF,GSM4104125_AACGTTGTCCTCAATT-1,CSF,-1.4814486544685315
MS,MS49131_CSF,GSM4104125_AACTCCCAGAGGTTGC-1,CSF,-0.7199326670549926
MS,MS49131_CSF,GSM4104125_AACTCCCCAAAGGTGC-1,CSF,-0.09834107806026707
MS,MS49131_CSF,GSM4104125_AACTCTTAGTCGAGTG-1,CSF,-0.6221477898777993
MS,MS49131_CSF,GSM4104125_AAGGCAGTCCGCAAGC-1,CSF,-0.21825530606814522
MS,MS49131_CSF,GSM4104125_AAGTCTGAGTTGAGTA-1,CSF,-0.09834107806026707
MS,MS49131_CSF,GSM4104125_AATCCAGCATGCTGGC-1,CSF,0.06648071730123668
MS,MS49131_CSF,GSM4104125_AATCCAGTCCGCGTTT-1,CSF,-0.20241415175189753
MS,MS49131_CSF,GSM4104125_AATCGGTAGTCCAGGA-1,CSF,-0.09834107806026707
MS,MS49131_CSF,GSM4104125_ACATACGCACTTGGAT-1,CSF,0.2241967049832494
MS,MS49131_CSF,GSM4104125_ACATGGTGTGCATCTA-1,CSF,-0.09834107806026707
MS,MS49131_CSF,GSM4104125_ACCAGTACAAGCGTAG-1,CSF,-0.8726087755480035
MS,MS49131_CSF,GSM4104125_ACCCACTCATGGTTGT-1,CSF,0.007414226870777941
MS,MS49131_CSF,GSM4104125_ACTATCTAGTAAGTAC-1,CSF,-0.09834107806026707
MS,MS49131_CSF,GSM4104125_ACTGATGGTTCGCGAC-1,CSF,-0.09834107806026707
MS,MS49131_CSF,GSM4104125_ACTTTCAGTTATCACG-1,CSF,-0.16377200179676057
MS,MS49131_CSF,GSM4104125_AGAGTGGGTCTGCCAG-1,CSF,-0.5676241027884593
MS,MS49131_CSF,GSM4104125_AGGCCACGTCATATCG-1,CSF,-0.11368799338320147
MS,MS49131_CSF,GSM4104125_AGGGAGTGTCAGTGGA-1,CSF,-0.37061183425222577
MS,MS49131_CSF,GSM4104125_AGGGATGAGGGTGTTG-1,CSF,-0.7793077035378253
MS,MS49131_CSF,GSM4104125_AGGGTGAAGCCGATTT-1,CSF,-0.09834107806026707
MS,MS49131_CSF,GSM4104125_AGGTCCGGTATATGAG-1,CSF,-0.09834107806026707
MS,MS49131_CSF,GSM4104125_AGTAGTCGTTGCTCCT-1,CSF,0.011866150172341633
MS,MS49131_CSF,GSM4104125_AGTCTTTGTCACAAGG-1,CSF,-0.09834107806026707
MS,MS49131_CSF,GSM4104125_AGTGGGATCACGATGT-1,CSF,-0.059852181266265715
MS,MS49131_CSF,GSM4104125_ATCCACCGTCTTCTCG-1,CSF,-0.017237333875267824
MS,MS49131_CSF,GSM4104125_ATCTGCCGTAGGCATG-1,CSF,-0.6416247460560704
MS,MS49131_CSF,GSM4104125_ATGCGATCATGATCCA-1,CSF,-0.38515795220305243
MS,MS49131_CSF,GSM4104125_ATTCTACGTCATATGC-1,CSF,-0.09834107806026707
MS,MS49131_CSF,GSM4104125_ATTGGTGCAAGTAGTA-1,CSF,-0.7678785067162145
MS,MS49131_CSF,GSM4104125_CAACCAACAACTTGAC-1,CSF,-0.45803272139019885
MS,MS49131_CSF,GSM4104125_CAAGAAAAGACAAGCC-1,CSF,-0.09834107806026707
MS,MS49131_CSF,GSM4104125_CACACAAGTCACTGGC-1,CSF,0.10406965413887759
MS,MS49131_CSF,GSM4104125_CACACCTAGAAGCCCA-1,CSF,-0.27013476150836346
MS,MS49131_CSF,GSM4104125_CACATTTCAGCCTTTC-1,CSF,-0.09834107806026707
MS,MS49131_CSF,GSM4104125_CACATTTGTCTAGTCA-1,CSF,-0.5973384009755108
MS,MS49131_CSF,GSM4104125_CACCACTGTGGTACAG-1,CSF,0.24276387636876604
MS,MS49131_CSF,GSM4104125_CACCAGGAGCGCTTAT-1,CSF,-0.32232540188552106
MS,MS49131_CSF,GSM4104125_CACTCCATCTCGTTTA-1,CSF,-0.48379738225566166
MS,MS49131_CSF,GSM4104125_CAGAATCGTAAGTAGT-1,CSF,-0.09834107806026707
MS,MS49131_CSF,GSM4104125_CAGAGAGAGGAGTCTG-1,CSF,0.26954195495909883
MS,MS49131_CSF,GSM4104125_CAGATCATCGTGACAT-1,CSF,-0.09834107806026707
MS,MS49131_CSF,GSM4104125_CAGTAACTCCTACAGA-1,CSF,-0.09834107806026707
MS,MS49131_CSF,GSM4104125_CATCAGAGTTCACGGC-1,CSF,0.2685071117995028
MS,MS49131_CSF,GSM4104125_CATCGAAAGGCTCATT-1,CSF,-0.09834107806026707
MS,MS49131_CSF,GSM4104125_CATTATCCAAGACGTG-1,CSF,-0.09834107806026707
MS,MS49131_CSF,GSM4104125_CATTCGCAGACCTAGG-1,CSF,-0.859467793086761
MS,MS49131_CSF,GSM4104125_CCACGGATCAACTCTT-1,CSF,0.45964968345295826
MS,MS49131_CSF,GSM4104125_CCATTCGCACTTCTGC-1,CSF,0.22151862561109184
MS,MS49131_CSF,GSM4104125_CCCTCCTTCCGCGGTA-1,CSF,0.11388009868461142
MS,MS49131_CSF,GSM4104125_CCTCAGTGTATCACCA-1,CSF,-0.5743743474782077
MS,MS49131_CSF,GSM4104125_CCTTACGAGGGAGTAA-1,CSF,-0.2905303799834901
MS,MS49131_CSF,GSM4104125_CGAGCACTCCACTCCA-1,CSF,-0.09834107806026707
MS,MS49131_CSF,GSM4104125_CGCGGTAGTGATGTGG-1,CSF,0.016570099289056284
MS,MS49131_CSF,GSM4104125_CGCGTTTCATCTATGG-1,CSF,-0.25278732514280244
MS,MS49131_CSF,GSM4104125_CGGACACGTAAGGATT-1,CSF,-0.19453945377428108
MS,MS49131_CSF,GSM4104125_CGGACACTCTGTCAAG-1,CSF,-0.2743379329255928
MS,MS49131_CSF,GSM4104125_CGGAGCTCAAGTAATG-1,CSF,-0.9553209473404928
MS,MS49131_CSF,GSM4104125_CGGAGCTTCGTTGCCT-1,CSF,-0.09834107806026707
MS,MS49131_CSF,GSM4104125_CGGCTAGAGTCACGCC-1,CSF,-0.29977670507217996
MS,MS49131_CSF,GSM4104125_CGTCACTTCACGGTTA-1,CSF,-0.4368716600343065
MS,MS49131_CSF,GSM4104125_CGTGTAAAGATGGGTC-1,CSF,0.2760827161844547
MS,MS49131_CSF,GSM4104125_CGTTCTGGTATTAGCC-1,CSF,-0.7990560425568611
MS,MS49131_CSF,GSM4104125_CTAGCCTCACCGAATT-1,CSF,0.26468011413034476
MS,MS49131_CSF,GSM4104125_CTCAGAAAGAGTAAGG-1,CSF,0.004074648225134782
MS,MS49131_CSF,GSM4104125_CTCAGAAAGCTGCAAG-1,CSF,-0.30180268932499116
MS,MS49131_CSF,GSM4104125_CTCAGAAAGGGATCTG-1,CSF,-0.2569865585371046
MS,MS49131_CSF,GSM4104125_CTCGAGGAGTCAAGGC-1,CSF,-0.27172912342172145
MS,MS49131_CSF,GSM4104125_CTCTACGAGCGTTTAC-1,CSF,0.2298118082440946
MS,MS49131_CSF,GSM4104125_CTGAAACCACGACTCG-1,CSF,-0.5510206433207998
MS,MS49131_CSF,GSM4104125_CTGGTCTGTAAGAGAG-1,CSF,-0.09834107806026707
MS,MS49131_CSF,GSM4104125_CTTAACTAGTACATGA-1,CSF,-0.0012730948935020248
MS,MS49131_CSF,GSM4104125_CTTTGCGTCGCGTTTC-1,CSF,0.3105820239453152
MS,MS49131_CSF,GSM4104125_GAACATCCAAGGACAC-1,CSF,-0.011184487454236749
MS,MS49131_CSF,GSM4104125_GAACGGAAGAATGTGT-1,CSF,-0.4021232139371945
MS,MS49131_CSF,GSM4104125_GACAGAGTCTTAGAGC-1,CSF,0.12556962241724018
MS,MS49131_CSF,GSM4104125_GACGCGTAGGTTACCT-1,CSF,-0.09834107806026707
MS,MS49131_CSF,GSM4104125_GACGTGCCATGCAATC-1,CSF,-0.21667545565599422
MS,MS49131_CSF,GSM4104125_GACGTTACATACTACG-1,CSF,-0.2416061177424098
MS,MS49131_CSF,GSM4104125_GACTAACTCATACGGT-1,CSF,-0.22136216939143585
MS,MS49131_CSF,GSM4104125_GAGCAGACATTCCTCG-1,CSF,-0.09834107806026707
MS,MS49131_CSF,GSM4104125_GATCGTAGTCGAAAGC-1,CSF,-0.6376325571761632
MS,MS49131_CSF,GSM4104125_GATTCAGCACCACCAG-1,CSF,-0.09834107806026707
MS,MS49131_CSF,GSM4104125_GCAATCAGTCCCTACT-1,CSF,0.1999517924442657
MS,MS49131_CSF,GSM4104125_GCACATACAAATCCGT-1,CSF,-0.33207155101040053
MS,MS49131_CSF,GSM4104125_GCACTCTTCACATGCA-1,CSF,0.36776951087063436
MS,MS49131_CSF,GSM4104125_GCATACATCAACACAC-1,CSF,-0.22403286623477547
MS,MS49131_CSF,GSM4104125_GCCAAATTCGAGAACG-1,CSF,-0.09834107806026707
MS,MS49131_CSF,GSM4104125_GCGAGAAAGCTAGTCT-1,CSF,-0.09834107806026707
MS,MS49131_CSF,GSM4104125_GCTGCAGGTAGCGCAA-1,CSF,0.2631293752509745
MS,MS49131_CSF,GSM4104125_GGAAAGCGTCCGCTGA-1,CSF,-0.3228187729658262
MS,MS49131_CSF,GSM4104125_GGACAAGGTTGGTTTG-1,CSF,-0.09834107806026707
MS,MS49131_CSF,GSM4104125_GGATGTTAGAAACCTA-1,CSF,-0.09834107806026707
MS,MS49131_CSF,GSM4104125_GGGAATGCACGAGGTA-1,CSF,-0.3136003965586841
MS,MS49131_CSF,GSM4104125_GGGACCTGTGAGGCTA-1,CSF,-0.09834107806026707
MS,MS49131_CSF,GSM4104125_GGTATTGGTGGCTCCA-1,CSF,0.08942361740855567
MS,MS49131_CSF,GSM4104125_GTACGTAAGTTGAGTA-1,CSF,0.28864488994177034
MS,MS49131_CSF,GSM4104125_GTCCTCACACAGCGTC-1,CSF,-0.09834107806026707
MS,MS49131_CSF,GSM4104125_GTGCAGCGTGGCGAAT-1,CSF,-0.09834107806026707
MS,MS49131_CSF,GSM4104125_GTGCATACATCCCACT-1,CSF,-0.5421432473800019
MS,MS49131_CSF,GSM4104125_GTGCATATCTACTCAT-1,CSF,-0.1728787481219605
MS,MS49131_CSF,GSM4104125_GTGCTTCCAAGTACCT-1,CSF,-0.09834107806026707
MS,MS49131_CSF,GSM4104125_GTGTGCGTCACGAAGG-1,CSF,-0.27950889691777203
MS,MS49131_CSF,GSM4104125_GTTTCTAGTCTAGTGT-1,CSF,-0.09834107806026707
MS,MS49131_CSF,GSM4104125_TAAGAGACAGGACGTA-1,CSF,-0.0185551658932611
MS,MS49131_CSF,GSM4104125_TAAGCGTAGTTCCACA-1,CSF,-0.09834107806026707
MS,MS49131_CSF,GSM4104125_TCAACGAAGGTCGGAT-1,CSF,-0.6042966577224258
MS,MS49131_CSF,GSM4104125_TCAATCTAGGTAGCCA-1,CSF,-0.09834107806026707
MS,MS49131_CSF,GSM4104125_TCCACACCAGTTTACG-1,CSF,-0.09834107806026707
MS,MS49131_CSF,GSM4104125_TCGGGACCATGGAATA-1,CSF,0.2211446153421603
MS,MS49131_CSF,GSM4104125_TCGGTAACATAGTAAG-1,CSF,-0.09834107806026707
MS,MS49131_CSF,GSM4104125_TCTATTGTCGTCTGCT-1,CSF,-0.6916761476095364
MS,MS49131_CSF,GSM4104125_TGACAACAGTTAGCGG-1,CSF,-0.2606646250698002
MS,MS49131_CSF,GSM4104125_TGACAACTCTGTACGA-1,CSF,-0.09834107806026707
MS,MS49131_CSF,GSM4104125_TGATTTCCAATGGAGC-1,CSF,0.09149418362919703
MS,MS49131_CSF,GSM4104125_TGCACCTTCTACCAGA-1,CSF,-0.2536839285770998
MS,MS49131_CSF,GSM4104125_TGCGTGGCAGTCAGCC-1,CSF,-0.5706770284159114
MS,MS49131_CSF,GSM4104125_TGGCCAGAGAGGTACC-1,CSF,-0.09834107806026707
MS,MS49131_CSF,GSM4104125_TGGCGCAAGATATACG-1,CSF,0.2165327926736469
MS,MS49131_CSF,GSM4104125_TGGGAAGCAGCATGAG-1,CSF,-0.1645208390806274
MS,MS49131_CSF,GSM4104125_TGGGCGTCATTTCAGG-1,CSF,0.20678443000382343
MS,MS49131_CSF,GSM4104125_TGTATTCGTAGCCTCG-1,CSF,-0.09834107806026707
MS,MS49131_CSF,GSM4104125_TTATGCTGTCGTGGCT-1,CSF,-0.25398558582143904
MS,MS49131_CSF,GSM4104125_TTATGCTGTTGTCTTT-1,CSF,0.14599423965865305
MS,MS49131_CSF,GSM4104125_TTCCCAGGTAAATGTG-1,CSF,-0.09834107806026707
MS,MS49131_CSF,GSM4104125_TTCGAAGTCCTAGGGC-1,CSF,-0.4220757415201613
MS,MS49131_CSF,GSM4104125_TTGACTTGTTGGACCC-1,CSF,-0.2799936477845085
MS,MS49131_CSF,GSM4104125_TTTATGCCAGGTGGAT-1,CSF,-0.039455848163984335
MS,MS58637_CSF,GSM4104123_AAACCTGCATGCCTAA-1,CSF,0.16002005596317811
MS,MS58637_CSF,GSM4104123_AAAGATGAGCCACCTG-1,CSF,-0.3092575188647905
MS,MS58637_CSF,GSM4104123_AACTGGTGTATTAGCC-1,CSF,-0.25667073144241165
MS,MS58637_CSF,GSM4104123_AATCGGTAGCTAACAA-1,CSF,-0.09834107806026707
MS,MS58637_CSF,GSM4104123_ACACTGACACTCTGTC-1,CSF,-0.09834107806026707
MS,MS58637_CSF,GSM4104123_ACAGCCGAGAGCTTCT-1,CSF,0.34834298536193453
MS,MS58637_CSF,GSM4104123_ACATCAGGTAGCCTCG-1,CSF,-0.09834107806026707
MS,MS58637_CSF,GSM4104123_ACCGTAAGTCTGCAAT-1,CSF,0.22365107003507392
MS,MS58637_CSF,GSM4104123_ACGGAGACAATGAAAC-1,CSF,-0.3875855115969591
MS,MS58637_CSF,GSM4104123_ACGGGCTCAACTGCTA-1,CSF,-0.24298787153695958
MS,MS58637_CSF,GSM4104123_ACGGGCTTCTTGACGA-1,CSF,-0.09834107806026707
MS,MS58637_CSF,GSM4104123_ACTGAACAGCGAAGGG-1,CSF,-0.09834107806026707
MS,MS58637_CSF,GSM4104123_ACTGAACGTTTGGCGC-1,CSF,-0.09834107806026707
MS,MS58637_CSF,GSM4104123_ACTGAGTGTGATGCCC-1,CSF,0.2165913435102831
MS,MS58637_CSF,GSM4104123_ACTTACTCAGGGAGAG-1,CSF,-0.2845157180197901
MS,MS58637_CSF,GSM4104123_ACTTTCACAATAACGA-1,CSF,-0.2897415564862097
MS,MS58637_CSF,GSM4104123_AGACGTTCACCCTATC-1,CSF,-0.09834107806026707
MS,MS58637_CSF,GSM4104123_AGACGTTCAGCCACCA-1,CSF,-0.09834107806026707
MS,MS58637_CSF,GSM4104123_AGAGTGGGTTATTCTC-1,CSF,0.2257737373542769
MS,MS58637_CSF,GSM4104123_AGAGTGGGTTCGCTAA-1,CSF,0.17217051579546278
MS,MS58637_CSF,GSM4104123_AGCAGCCGTGACTACT-1,CSF,-0.09834107806026707
MS,MS58637_CSF,GSM4104123_AGCAGCCGTGTGACGA-1,CSF,0.28768300811008135
MS,MS58637_CSF,GSM4104123_AGCAGCCTCCGTTGTC-1,CSF,-0.09834107806026707
MS,MS58637_CSF,GSM4104123_AGCGTATGTGCTAGCC-1,CSF,-0.5046042063804436
MS,MS58637_CSF,GSM4104123_AGGGTGATCTGAAAGA-1,CSF,-0.7397209714118664
MS,MS58637_CSF,GSM4104123_AGGTCATGTCCTAGCG-1,CSF,-0.09834107806026707
MS,MS58637_CSF,GSM4104123_AGTAGTCCAAGAGGCT-1,CSF,-0.09834107806026707
MS,MS58637_CSF,GSM4104123_AGTCTTTGTCTTTCAT-1,CSF,0.33578914072360316
MS,MS58637_CSF,GSM4104123_AGTGTCATCCCTCTTT-1,CSF,-0.09834107806026707
MS,MS58637_CSF,GSM4104123_ATAACGCAGCCTATGT-1,CSF,0.08832828201145507
MS,MS58637_CSF,GSM4104123_ATCACGATCCAATGGT-1,CSF,-0.09834107806026707
MS,MS58637_CSF,GSM4104123_ATCATGGGTCGGCTCA-1,CSF,-0.09834107806026707
MS,MS58637_CSF,GSM4104123_ATCCACCCACATCTTT-1,CSF,-0.09834107806026707
MS,MS58637_CSF,GSM4104123_ATGGGAGCACCCATGG-1,CSF,-0.22885738969212602
MS,MS58637_CSF,GSM4104123_ATGTGTGAGATGCGAC-1,CSF,-0.09834107806026707
MS,MS58637_CSF,GSM4104123_ATTATCCAGACGACGT-1,CSF,-0.09834107806026707
MS,MS58637_CSF,GSM4104123_ATTATCCGTGTGCGTC-1,CSF,0.3900277233113827
MS,MS58637_CSF,GSM4104123_ATTGGTGAGGATGGTC-1,CSF,-0.2667927278784749
MS,MS58637_CSF,GSM4104123_ATTTCTGGTCCAACTA-1,CSF,0.1035242909690371
MS,MS58637_CSF,GSM4104123_ATTTCTGTCACTTATC-1,CSF,-0.2629454787238959
MS,MS58637_CSF,GSM4104123_CACACCTTCCTTTCGG-1,CSF,-0.021935801263915762
MS,MS58637_CSF,GSM4104123_CACACTCGTACAGTGG-1,CSF,0.743954822420319
MS,MS58637_CSF,GSM4104123_CACAGTAGTGATAAAC-1,CSF,-0.09834107806026707
MS,MS58637_CSF,GSM4104123_CACCACTAGAAACGAG-1,CSF,-0.09834107806026707
MS,MS58637_CSF,GSM4104123_CACCACTGTATGCTTG-1,CSF,0.20326097247509445
MS,MS58637_CSF,GSM4104123_CACCAGGCATGCTGGC-1,CSF,0.3050894649938626
MS,MS58637_CSF,GSM4104123_CACCTTGGTTGGAGGT-1,CSF,0.21467070424440413
MS,MS58637_CSF,GSM4104123_CAGAATCGTAACGACG-1,CSF,-0.09834107806026707
MS,MS58637_CSF,GSM4104123_CAGCAGCAGCAACGGT-1,CSF,-0.09834107806026707
MS,MS58637_CSF,GSM4104123_CAGGTGCCAAGTTAAG-1,CSF,-0.09834107806026707
MS,MS58637_CSF,GSM4104123_CAGTAACCACGCGAAA-1,CSF,0.36829171926531445
MS,MS58637_CSF,GSM4104123_CATATTCCACAGTCGC-1,CSF,-0.09834107806026707
MS,MS58637_CSF,GSM4104123_CATCCACTCACCCGAG-1,CSF,-0.09834107806026707
MS,MS58637_CSF,GSM4104123_CATCGAACAACGATGG-1,CSF,-0.09834107806026707
MS,MS58637_CSF,GSM4104123_CATCGGGGTCGCGGTT-1,CSF,0.21410814042986187
MS,MS58637_CSF,GSM4104123_CATGACATCGGCGGTT-1,CSF,-0.09834107806026707
MS,MS58637_CSF,GSM4104123_CATTATCAGTTTAGGA-1,CSF,0.2992597089492403
MS,MS58637_CSF,GSM4104123_CCACGGATCCCGGATG-1,CSF,-0.09834107806026707
MS,MS58637_CSF,GSM4104123_CCATGTCTCTATGTGG-1,CSF,-0.09834107806026707
MS,MS58637_CSF,GSM4104123_CCTAAAGTCGCGATCG-1,CSF,-0.09834107806026707
MS,MS58637_CSF,GSM4104123_CCTACACAGCCGTCGT-1,CSF,-0.09834107806026707
MS,MS58637_CSF,GSM4104123_CCTACCATCACCACCT-1,CSF,-0.5822941413909851
MS,MS58637_CSF,GSM4104123_CGAACATGTCTAGCGC-1,CSF,-0.09834107806026707
MS,MS58637_CSF,GSM4104123_CGCTTCACACCTGGTG-1,CSF,-0.09834107806026707
MS,MS58637_CSF,GSM4104123_CGCTTCATCAGTACGT-1,CSF,-0.09834107806026707
MS,MS58637_CSF,GSM4104123_CGCTTCATCTGCAGTA-1,CSF,-0.09834107806026707
MS,MS58637_CSF,GSM4104123_CGTAGCGAGACAGACC-1,CSF,-0.09335120017558644
MS,MS58637_CSF,GSM4104123_CGTAGCGGTTCACCTC-1,CSF,-0.7241573290803573
MS,MS58637_CSF,GSM4104123_CGTCACTAGGCGTACA-1,CSF,-0.09834107806026707
MS,MS58637_CSF,GSM4104123_CGTGAGCTCTTATCTG-1,CSF,-0.09834107806026707
MS,MS58637_CSF,GSM4104123_CGTTAGACACGCGAAA-1,CSF,-0.09834107806026707
MS,MS58637_CSF,GSM4104123_CGTTGGGGTGATGCCC-1,CSF,0.15828326124870848
MS,MS58637_CSF,GSM4104123_CTAATGGGTGCCTGCA-1,CSF,-0.09834107806026707
MS,MS58637_CSF,GSM4104123_CTAATGGTCTTGCAAG-1,CSF,-0.47139732655720273
MS,MS58637_CSF,GSM4104123_CTCAGAACACCTGGTG-1,CSF,-0.7074453956107305
MS,MS58637_CSF,GSM4104123_CTCGAAAAGGAATCGC-1,CSF,-0.09834107806026707
MS,MS58637_CSF,GSM4104123_CTCGTCACAGTCGATT-1,CSF,-0.09834107806026707
MS,MS58637_CSF,GSM4104123_CTCTAATCAAGGCTCC-1,CSF,-0.09834107806026707
MS,MS58637_CSF,GSM4104123_CTCTACGTCTTACCGC-1,CSF,-0.09834107806026707
MS,MS58637_CSF,GSM4104123_CTGATCCCAGCGTAAG-1,CSF,-0.09834107806026707
MS,MS58637_CSF,GSM4104123_CTGCGGATCTGCGACG-1,CSF,-0.09834107806026707
MS,MS58637_CSF,GSM4104123_CTTAGGACAAGTCTAC-1,CSF,-0.7243754864223234
MS,MS58637_CSF,GSM4104123_CTTCTCTCAATAGCGG-1,CSF,-0.09834107806026707
MS,MS58637_CSF,GSM4104123_CTTGGCTGTTCCATGA-1,CSF,-0.09834107806026707
MS,MS58637_CSF,GSM4104123_GAAACTCTCCTAAGTG-1,CSF,-0.6408041751416033
MS,MS58637_CSF,GSM4104123_GAAATGATCGAATGGG-1,CSF,-0.36427674701791307
MS,MS58637_CSF,GSM4104123_GAACCTAGTACCGTAT-1,CSF,0.4046199560004436
MS,MS58637_CSF,GSM4104123_GAACCTAGTTTGACAC-1,CSF,0.4033310245108202
MS,MS58637_CSF,GSM4104123_GAACCTATCTCTGTCG-1,CSF,0.3851572510430573
MS,MS58637_CSF,GSM4104123_GACAGAGGTCGCTTCT-1,CSF,0.2892908115969823
MS,MS58637_CSF,GSM4104123_GACCAATAGGTTCCTA-1,CSF,-0.09834107806026707
MS,MS58637_CSF,GSM4104123_GACGCGTCAGGAACGT-1,CSF,0.24268608170272107
MS,MS58637_CSF,GSM4104123_GACGTTAAGAGACGAA-1,CSF,-0.34246073671410254
MS,MS58637_CSF,GSM4104123_GACGTTAAGGCTAGCA-1,CSF,-0.09834107806026707
MS,MS58637_CSF,GSM4104123_GACGTTAGTTCGTGAT-1,CSF,0.428291467696541
MS,MS58637_CSF,GSM4104123_GATCAGTGTTCGTGAT-1,CSF,0.3545268827056919
MS,MS58637_CSF,GSM4104123_GATCTAGTCTCGTTTA-1,CSF,-0.3769879509019976
MS,MS58637_CSF,GSM4104123_GCAAACTGTTCCACTC-1,CSF,0.030841973985851867
MS,MS58637_CSF,GSM4104123_GCAAACTTCTTGAGGT-1,CSF,0.2663531650332034
MS,MS58637_CSF,GSM4104123_GCAATCAGTGTGACCC-1,CSF,-0.09834107806026707
MS,MS58637_CSF,GSM4104123_GCAGTTATCTGTCCGT-1,CSF,0.20387912237038294
MS,MS58637_CSF,GSM4104123_GCATACAAGAGCTGCA-1,CSF,0.22087029232617414
MS,MS58637_CSF,GSM4104123_GCCAAATGTTTGGCGC-1,CSF,-0.9430154311628896
MS,MS58637_CSF,GSM4104123_GCGCGATTCATAAAGG-1,CSF,-0.09834107806026707
MS,MS58637_CSF,GSM4104123_GCGCGATTCTCCAACC-1,CSF,0.35970731844655857
MS,MS58637_CSF,GSM4104123_GCGCGATTCTCCCTGA-1,CSF,0.44886885356826495
MS,MS58637_CSF,GSM4104123_GCGGGTTTCCAGTAGT-1,CSF,-0.09834107806026707
MS,MS58637_CSF,GSM4104123_GCTCTGTCAGTATAAG-1,CSF,0.18131077651162156
MS,MS58637_CSF,GSM4104123_GCTGCTTCAGGGTATG-1,CSF,-0.4349894540581533
MS,MS58637_CSF,GSM4104123_GCTGCTTCATACTCTT-1,CSF,-0.09834107806026707
MS,MS58637_CSF,GSM4104123_GCTGCTTGTTTGGCGC-1,CSF,0.4701383621377917
MS,MS58637_CSF,GSM4104123_GCTGGGTTCAAAGTAG-1,CSF,-0.09834107806026707
MS,MS58637_CSF,GSM4104123_GGAACTTAGCCGGTAA-1,CSF,-0.5460848103202423
MS,MS58637_CSF,GSM4104123_GGAATAATCAACGGCC-1,CSF,0.20029450457511538
MS,MS58637_CSF,GSM4104123_GGACAAGCAATACGCT-1,CSF,-0.5008933845625753
MS,MS58637_CSF,GSM4104123_GGACGTCTCGTTGCCT-1,CSF,0.6596363561858519
MS,MS58637_CSF,GSM4104123_GGATGTTAGGAGCGAG-1,CSF,-0.09834107806026707
MS,MS58637_CSF,GSM4104123_GGCTCGAAGCACGCCT-1,CSF,-0.28026026231601964
MS,MS58637_CSF,GSM4104123_GGGAATGTCTAACCGA-1,CSF,-0.09834107806026707
MS,MS58637_CSF,GSM4104123_GGGATGACAAACAACA-1,CSF,-0.09834107806026707
MS,MS58637_CSF,GSM4104123_GGGCACTGTTCCATGA-1,CSF,-0.2676780446577759
MS,MS58637_CSF,GSM4104123_GGGCATCCAACTGCTA-1,CSF,-0.40738245359273506
MS,MS58637_CSF,GSM4104123_GGGCATCCAGACGCAA-1,CSF,-0.35939032071836197
MS,MS58637_CSF,GSM4104123_GGTGCGTAGACCCACC-1,CSF,-0.09834107806026707
MS,MS58637_CSF,GSM4104123_GTAACGTGTTCAGGCC-1,CSF,0.15133129827832784
MS,MS58637_CSF,GSM4104123_GTAACGTTCAGCGATT-1,CSF,-0.23340096166064495
MS,MS58637_CSF,GSM4104123_GTACTCCTCGGCGCAT-1,CSF,-0.5759915936734525
MS,MS58637_CSF,GSM4104123_GTACTTTTCTGTTGAG-1,CSF,-0.09834107806026707
MS,MS58637_CSF,GSM4104123_GTAGTCACACATTAGC-1,CSF,0.4220721732255229
MS,MS58637_CSF,GSM4104123_GTCACAAAGGCGATAC-1,CSF,-0.09834107806026707
MS,MS58637_CSF,GSM4104123_GTCATTTAGTATCTCG-1,CSF,-0.09834107806026707
MS,MS58637_CSF,GSM4104123_GTCGGGTAGAGGTAGA-1,CSF,-0.27999416448108777
MS,MS58637_CSF,GSM4104123_GTCGGGTTCGAGCCCA-1,CSF,-0.09834107806026707
MS,MS58637_CSF,GSM4104123_GTCTCGTAGTCCAGGA-1,CSF,-0.09834107806026707
MS,MS58637_CSF,GSM4104123_GTGTGCGTCCAGAGGA-1,CSF,-0.09834107806026707
MS,MS58637_CSF,GSM4104123_GTTCTCGAGATCTGAA-1,CSF,-0.09834107806026707
MS,MS58637_CSF,GSM4104123_TACACGAGTCTTGATG-1,CSF,-0.09834107806026707
MS,MS58637_CSF,GSM4104123_TACGGTACAATGGATA-1,CSF,-0.1874370418589606
MS,MS58637_CSF,GSM4104123_TACGGTAGTTCGTTGA-1,CSF,-0.004506441929606491
MS,MS58637_CSF,GSM4104123_TACTCGCGTCGTCTTC-1,CSF,-0.09834107806026707
MS,MS58637_CSF,GSM4104123_TAGCCGGAGCGTAATA-1,CSF,-0.09834107806026707
MS,MS58637_CSF,GSM4104123_TAGTGGTAGGCAGTCA-1,CSF,0.318254408768286
MS,MS58637_CSF,GSM4104123_TAGTGGTGTTAAAGTG-1,CSF,-0.12836780892027014
MS,MS58637_CSF,GSM4104123_TATGCCCTCGTCCAGG-1,CSF,0.17978741829653258
MS,MS58637_CSF,GSM4104123_TCAGATGCATTTCACT-1,CSF,0.194672258870565
MS,MS58637_CSF,GSM4104123_TCAGCTCAGTGAAGTT-1,CSF,-0.30652278485293527
MS,MS58637_CSF,GSM4104123_TCATTACGTACACCGC-1,CSF,-0.404963822580744
MS,MS58637_CSF,GSM4104123_TCCACACTCCTAGGGC-1,CSF,-0.6175044197131353
MS,MS58637_CSF,GSM4104123_TCGCGAGGTCTAGGTT-1,CSF,-0.09834107806026707
MS,MS58637_CSF,GSM4104123_TCGGGACGTGCCTGGT-1,CSF,-0.30160796440292065
MS,MS58637_CSF,GSM4104123_TCGTACCAGTGAAGTT-1,CSF,-0.3032429508887437
MS,MS58637_CSF,GSM4104123_TCGTACCGTGGTCTCG-1,CSF,0.18578890876663387
MS,MS58637_CSF,GSM4104123_TCGTAGATCGCCATAA-1,CSF,-0.09834107806026707
MS,MS58637_CSF,GSM4104123_TCTGAGAGTCAACTGT-1,CSF,-0.09834107806026707
MS,MS58637_CSF,GSM4104123_TCTGGAACAATCGAAA-1,CSF,-0.09834107806026707
MS,MS58637_CSF,GSM4104123_TCTGGAACACTTAAGC-1,CSF,-0.09834107806026707
MS,MS58637_CSF,GSM4104123_TCTGGAACAGCTGCTG-1,CSF,-0.09834107806026707
MS,MS58637_CSF,GSM4104123_TGACTAGGTCTGATCA-1,CSF,-0.09834107806026707
MS,MS58637_CSF,GSM4104123_TGAGAGGGTACCTACA-1,CSF,-0.09834107806026707
MS,MS58637_CSF,GSM4104123_TGCACCTTCGTGTAGT-1,CSF,-0.09834107806026707
MS,MS58637_CSF,GSM4104123_TGCGCAGGTACTCGCG-1,CSF,0.19716669185778887
MS,MS58637_CSF,GSM4104123_TGCGCAGGTTCAGACT-1,CSF,-0.004226586645681596
MS,MS58637_CSF,GSM4104123_TGCGTGGTCATTGCGA-1,CSF,-0.2763275604079835
MS,MS58637_CSF,GSM4104123_TGCTACCTCCGAGCCA-1,CSF,0.22585075766879048
MS,MS58637_CSF,GSM4104123_TGGACGCGTTCGCGAC-1,CSF,-0.09834107806026707
MS,MS58637_CSF,GSM4104123_TGGCTGGGTATGAATG-1,CSF,-0.4551766183272756
MS,MS58637_CSF,GSM4104123_TGGTTCCTCAACCATG-1,CSF,-0.09834107806026707
MS,MS58637_CSF,GSM4104123_TGTGGTATCCCGACTT-1,CSF,-0.09834107806026707
MS,MS58637_CSF,GSM4104123_TGTTCCGTCATTGCGA-1,CSF,-0.09834107806026707
MS,MS58637_CSF,GSM4104123_TTAGGCAAGTCCGTAT-1,CSF,0.45163338898151817
MS,MS58637_CSF,GSM4104123_TTAGGCATCTCGTATT-1,CSF,-0.09834107806026707
MS,MS58637_CSF,GSM4104123_TTCTCAATCAAAGACA-1,CSF,-0.09834107806026707
MS,MS58637_CSF,GSM4104123_TTCTCCTGTGATGATA-1,CSF,-0.09834107806026707
MS,MS60249_CSF,GSM4104126_AAACCTGCAGGTCGTC-1,CSF,0.09159834942396584
MS,MS60249_CSF,GSM4104126_AAACCTGTCAGAGCTT-1,CSF,-0.09834107806026707
MS,MS60249_CSF,GSM4104126_AAACCTGTCATCGATG-1,CSF,-0.09834107806026707
MS,MS60249_CSF,GSM4104126_AAACCTGTCCAAGTAC-1,CSF,-0.09834107806026707
MS,MS60249_CSF,GSM4104126_AAACGGGTCTGTTGAG-1,CSF,-0.5680043157652637
MS,MS60249_CSF,GSM4104126_AAAGATGAGAGGTTGC-1,CSF,-0.09834107806026707
MS,MS60249_CSF,GSM4104126_AAAGATGAGGATGTAT-1,CSF,-0.325720127340455
MS,MS60249_CSF,GSM4104126_AAAGCAATCAAGCCTA-1,CSF,0.31411735294147747
MS,MS60249_CSF,GSM4104126_AAAGTAGGTTGTACAC-1,CSF,-0.09834107806026707
MS,MS60249_CSF,GSM4104126_AAAGTAGTCTTTAGTC-1,CSF,0.09951272292620851
MS,MS60249_CSF,GSM4104126_AAATGCCGTGACGCCT-1,CSF,-0.09834107806026707
MS,MS60249_CSF,GSM4104126_AACACGTTCCAAACTG-1,CSF,-0.09834107806026707
MS,MS60249_CSF,GSM4104126_AACACGTTCGCCATAA-1,CSF,-0.09834107806026707
MS,MS60249_CSF,GSM4104126_AACCATGCATGTCTCC-1,CSF,-0.09834107806026707
MS,MS60249_CSF,GSM4104126_AACCGCGAGGCGTACA-1,CSF,0.463823761999486
MS,MS60249_CSF,GSM4104126_AACGTTGTCGCAAACT-1,CSF,0.1768308147031055
MS,MS60249_CSF,GSM4104126_AACTCAGTCGTGGTCG-1,CSF,-0.09834107806026707
MS,MS60249_CSF,GSM4104126_AACTCCCGTACCGGCT-1,CSF,0.02447217327361012
MS,MS60249_CSF,GSM4104126_AACTCTTAGGCTCATT-1,CSF,-0.09834107806026707
MS,MS60249_CSF,GSM4104126_AACTCTTCAAGTTCTG-1,CSF,0.2301553492621012
MS,MS60249_CSF,GSM4104126_AACTCTTGTGAGTGAC-1,CSF,0.37931497183276885
MS,MS60249_CSF,GSM4104126_AACTGGTTCTCTTATG-1,CSF,0.4673462973338957
MS,MS60249_CSF,GSM4104126_AACTTTCGTGTGACGA-1,CSF,-0.30150602493114886
MS,MS60249_CSF,GSM4104126_AAGACCTTCAGCTCGG-1,CSF,-0.4621361175207636
MS,MS60249_CSF,GSM4104126_AAGGAGCAGACCACGA-1,CSF,-0.09834107806026707
MS,MS60249_CSF,GSM4104126_AAGGCAGAGGAGTACC-1,CSF,-0.09834107806026707
MS,MS60249_CSF,GSM4104126_AAGGTTCGTAAGAGAG-1,CSF,-0.09834107806026707
MS,MS60249_CSF,GSM4104126_AAGGTTCTCAAGCCTA-1,CSF,-0.09834107806026707
MS,MS60249_CSF,GSM4104126_AAGTCTGAGGTCGGAT-1,CSF,-0.011859494332228089
MS,MS60249_CSF,GSM4104126_AAGTCTGGTTCAGGCC-1,CSF,-0.09834107806026707
MS,MS60249_CSF,GSM4104126_AAGTCTGTCCCTAATT-1,CSF,-0.09834107806026707
MS,MS60249_CSF,GSM4104126_AAGTCTGTCGGTCCGA-1,CSF,-0.09834107806026707
MS,MS60249_CSF,GSM4104126_AATCCAGGTGTCAATC-1,CSF,0.5837371663438188
MS,MS60249_CSF,GSM4104126_AATCCAGTCCACGTTC-1,CSF,0.1945367479520616
MS,MS60249_CSF,GSM4104126_AATCGGTGTTTGTTTC-1,CSF,-0.09834107806026707
MS,MS60249_CSF,GSM4104126_ACACCAAAGTAGGTGC-1,CSF,-0.8118786129827572
MS,MS60249_CSF,GSM4104126_ACACCAAGTACCGCTG-1,CSF,0.34837278710451364
MS,MS60249_CSF,GSM4104126_ACACCGGGTAGCGTGA-1,CSF,-0.09834107806026707
MS,MS60249_CSF,GSM4104126_ACAGCCGAGCTAAACA-1,CSF,-0.09834107806026707
MS,MS60249_CSF,GSM4104126_ACAGCCGGTTCCGGCA-1,CSF,-0.23953032256787582
MS,MS60249_CSF,GSM4104126_ACAGCCGTCTTAGAGC-1,CSF,0.23498103731012118
MS,MS60249_CSF,GSM4104126_ACATACGCATACGCTA-1,CSF,-0.09834107806026707
MS,MS60249_CSF,GSM4104126_ACATACGGTTCCAACA-1,CSF,0.06144529607858568
MS,MS60249_CSF,GSM4104126_ACATACGTCACCCGAG-1,CSF,0.8560843060410287
MS,MS60249_CSF,GSM4104126_ACATCAGGTTAAGACA-1,CSF,0.009644245706217695
MS,MS60249_CSF,GSM4104126_ACATCAGTCCGCAGTG-1,CSF,0.26026600747433437
MS,MS60249_CSF,GSM4104126_ACATGGTAGTGAACGC-1,CSF,-0.0739263639789107
MS,MS60249_CSF,GSM4104126_ACATGGTGTCTCAACA-1,CSF,-0.09834107806026707
MS,MS60249_CSF,GSM4104126_ACCAGTAAGTACTTGC-1,CSF,-0.09834107806026707
MS,MS60249_CSF,GSM4104126_ACCAGTACACGGACAA-1,CSF,-0.09834107806026707
MS,MS60249_CSF,GSM4104126_ACCAGTAGTGCTCTTC-1,CSF,-0.09834107806026707
MS,MS60249_CSF,GSM4104126_ACCCACTAGAGCCCAA-1,CSF,-0.28201431164116364
MS,MS60249_CSF,GSM4104126_ACCCACTAGCTACCGC-1,CSF,-0.14714324694022402
MS,MS60249_CSF,GSM4104126_ACCGTAACACGAAAGC-1,CSF,-0.09834107806026707
MS,MS60249_CSF,GSM4104126_ACCGTAAGTTGCGCAC-1,CSF,0.03593004914430908
MS,MS60249_CSF,GSM4104126_ACCGTAATCCCAACGG-1,CSF,0.12483105936120521
MS,MS60249_CSF,GSM4104126_ACGAGCCCAAACTGCT-1,CSF,0.08979434847683912
MS,MS60249_CSF,GSM4104126_ACGAGCCCAGGTCCAC-1,CSF,0.1736845048381696
MS,MS60249_CSF,GSM4104126_ACGAGCCTCACAATGC-1,CSF,0.2756012011840783
MS,MS60249_CSF,GSM4104126_ACGAGGACATGGTTGT-1,CSF,0.46298502678172937
MS,MS60249_CSF,GSM4104126_ACGAGGAGTGGTCCGT-1,CSF,-0.09834107806026707
MS,MS60249_CSF,GSM4104126_ACGATACTCACTTATC-1,CSF,-0.01589039782369723
MS,MS60249_CSF,GSM4104126_ACGATGTGTCTCCATC-1,CSF,-0.2074983268756981
MS,MS60249_CSF,GSM4104126_ACGCAGCAGTGCCAGA-1,CSF,-0.09834107806026707
MS,MS60249_CSF,GSM4104126_ACGCCAGTCGGCATCG-1,CSF,0.010610349605521343
MS,MS60249_CSF,GSM4104126_ACGCCGAAGCACAGGT-1,CSF,-0.09834107806026707
MS,MS60249_CSF,GSM4104126_ACGGAGACAGATAATG-1,CSF,0.08937558385714442
MS,MS60249_CSF,GSM4104126_ACGGAGAGTCGAATCT-1,CSF,-0.3848390337925111
MS,MS60249_CSF,GSM4104126_ACGGCCACATATGGTC-1,CSF,-0.09834107806026707
MS,MS60249_CSF,GSM4104126_ACGGCCAGTTCCCGAG-1,CSF,0.14218225868253462
MS,MS60249_CSF,GSM4104126_ACGGCCATCCAGTATG-1,CSF,0.06738459347346028
MS,MS60249_CSF,GSM4104126_ACGGGCTCAAGCCTAT-1,CSF,-0.2763449880639156
MS,MS60249_CSF,GSM4104126_ACGGGTCCAAGCTGTT-1,CSF,-0.037556957681562655
MS,MS60249_CSF,GSM4104126_ACGGGTCTCCCGACTT-1,CSF,0.2782803369651779
MS,MS60249_CSF,GSM4104126_ACGGGTCTCCTGCTTG-1,CSF,-0.105898796182579
MS,MS60249_CSF,GSM4104126_ACGTCAAGTATATGGA-1,CSF,0.28861751884542663
MS,MS60249_CSF,GSM4104126_ACTATCTCAACACCTA-1,CSF,0.015912619159758664
MS,MS60249_CSF,GSM4104126_ACTGAGTAGGTGCTAG-1,CSF,-0.09834107806026707
MS,MS60249_CSF,GSM4104126_ACTGAGTTCATGCTCC-1,CSF,-0.2366244835786964
MS,MS60249_CSF,GSM4104126_ACTGATGCACAACGCC-1,CSF,-0.09834107806026707
MS,MS60249_CSF,GSM4104126_ACTGATGGTAGCGATG-1,CSF,-0.09834107806026707
MS,MS60249_CSF,GSM4104126_ACTGATGGTGTTGGGA-1,CSF,-0.09834107806026707
MS,MS60249_CSF,GSM4104126_ACTGCTCCATTTGCTT-1,CSF,-0.06279994034706372
MS,MS60249_CSF,GSM4104126_ACTGCTCTCGCAAGCC-1,CSF,0.5753756292266409
MS,MS60249_CSF,GSM4104126_ACTGTCCGTACGCTGC-1,CSF,-0.09834107806026707
MS,MS60249_CSF,GSM4104126_ACTGTCCTCCTCGCAT-1,CSF,0.24989547078181312
MS,MS60249_CSF,GSM4104126_ACTTACTCAACCGCCA-1,CSF,-0.04710923103184063
MS,MS60249_CSF,GSM4104126_ACTTACTGTCTAAACC-1,CSF,-0.7140840970701057
MS,MS60249_CSF,GSM4104126_ACTTACTTCCAAGCCG-1,CSF,-0.09834107806026707
MS,MS60249_CSF,GSM4104126_ACTTGTTAGCAAATCA-1,CSF,-0.09834107806026707
MS,MS60249_CSF,GSM4104126_AGACGTTAGAGAACAG-1,CSF,-0.09834107806026707
MS,MS60249_CSF,GSM4104126_AGAGCGACAGAAGCAC-1,CSF,-0.020523689405255903
MS,MS60249_CSF,GSM4104126_AGAGCGAGTACAGTTC-1,CSF,-0.09834107806026707
MS,MS60249_CSF,GSM4104126_AGAGCTTGTTAAGACA-1,CSF,0.14042367779537923
MS,MS60249_CSF,GSM4104126_AGATCTGAGACAGAGA-1,CSF,-0.08346340984287137
MS,MS60249_CSF,GSM4104126_AGATTGCAGGAGTTGC-1,CSF,0.6363617042734587
MS,MS60249_CSF,GSM4104126_AGATTGCAGTTAGGTA-1,CSF,0.24568708312046245
MS,MS60249_CSF,GSM4104126_AGATTGCGTCCCTACT-1,CSF,0.540561832369175
MS,MS60249_CSF,GSM4104126_AGATTGCGTGTTCGAT-1,CSF,0.13827386301114358
MS,MS60249_CSF,GSM4104126_AGCAGCCTCTCCTATA-1,CSF,-0.09834107806026707
MS,MS60249_CSF,GSM4104126_AGCATACCAAAGAATC-1,CSF,-0.09834107806026707
MS,MS60249_CSF,GSM4104126_AGCGTATCACTTCTGC-1,CSF,-0.09834107806026707
MS,MS60249_CSF,GSM4104126_AGCGTATGTCAGAATA-1,CSF,0.22812740757488784
MS,MS60249_CSF,GSM4104126_AGCGTATTCAGGCAAG-1,CSF,-0.09834107806026707
MS,MS60249_CSF,GSM4104126_AGCGTCGAGGTGATAT-1,CSF,0.40722795361114034
MS,MS60249_CSF,GSM4104126_AGCGTCGCATCGACGC-1,CSF,-0.09834107806026707
MS,MS60249_CSF,GSM4104126_AGCTCCTAGGACACCA-1,CSF,-0.09834107806026707
MS,MS60249_CSF,GSM4104126_AGCTCTCAGAACAATC-1,CSF,-0.09834107806026707
MS,MS60249_CSF,GSM4104126_AGGCCACAGATATGGT-1,CSF,-0.4318737813785005
MS,MS60249_CSF,GSM4104126_AGGCCACAGCATGGCA-1,CSF,-0.25252075849561734
MS,MS60249_CSF,GSM4104126_AGGCCACTCAGGATCT-1,CSF,-0.09834107806026707
MS,MS60249_CSF,GSM4104126_AGGCCGTAGACACTAA-1,CSF,0.14600758540039596
MS,MS60249_CSF,GSM4104126_AGGGAGTAGAGCTGGT-1,CSF,-0.09834107806026707
MS,MS60249_CSF,GSM4104126_AGGGTGAAGACAATAC-1,CSF,-0.09834107806026707
MS,MS60249_CSF,GSM4104126_AGGGTGAAGCTGAACG-1,CSF,-0.09834107806026707
MS,MS60249_CSF,GSM4104126_AGGGTGACAGGTCCAC-1,CSF,0.43458701391007165
MS,MS60249_CSF,GSM4104126_AGGTCATCATGAAGTA-1,CSF,-0.09834107806026707
MS,MS60249_CSF,GSM4104126_AGGTCCGAGCGCTCCA-1,CSF,0.016287959418240894
MS,MS60249_CSF,GSM4104126_AGGTCCGAGGTGTGGT-1,CSF,-0.09834107806026707
MS,MS60249_CSF,GSM4104126_AGTCTTTTCGCATGGC-1,CSF,0.09450549366081183
MS,MS60249_CSF,GSM4104126_AGTCTTTTCTAACTTC-1,CSF,-0.09834107806026707
MS,MS60249_CSF,GSM4104126_AGTGAGGCACATAACC-1,CSF,0.06397851356466899
MS,MS60249_CSF,GSM4104126_AGTGAGGGTACTTCTT-1,CSF,0.23443963259225525
MS,MS60249_CSF,GSM4104126_AGTGGGAAGTGTTAGA-1,CSF,-0.18152950297690212
MS,MS60249_CSF,GSM4104126_AGTGTCACACTTAACG-1,CSF,-0.09834107806026707
MS,MS60249_CSF,GSM4104126_AGTTGGTTCCAGATCA-1,CSF,-0.09834107806026707
MS,MS60249_CSF,GSM4104126_ATAACGCCAAACTGTC-1,CSF,-0.09834107806026707
MS,MS60249_CSF,GSM4104126_ATAACGCTCTCGTTTA-1,CSF,-0.20384474695615898
MS,MS60249_CSF,GSM4104126_ATAAGAGCAAGCGAGT-1,CSF,-0.4268828808645348
MS,MS60249_CSF,GSM4104126_ATAAGAGTCTCGATGA-1,CSF,-0.09834107806026707
MS,MS60249_CSF,GSM4104126_ATCATCTCACCGAATT-1,CSF,-0.09834107806026707
MS,MS60249_CSF,GSM4104126_ATCATCTTCATGTGGT-1,CSF,-0.09834107806026707
MS,MS60249_CSF,GSM4104126_ATCATGGAGGCGATAC-1,CSF,-0.09834107806026707
MS,MS60249_CSF,GSM4104126_ATCATGGAGGGTATCG-1,CSF,0.20321943903078324
MS,MS60249_CSF,GSM4104126_ATCATGGTCCGGCACA-1,CSF,-0.09834107806026707
MS,MS60249_CSF,GSM4104126_ATCCACCGTTAGTGGG-1,CSF,-0.3395451933112813
MS,MS60249_CSF,GSM4104126_ATCCACCTCGTTACAG-1,CSF,-0.09834107806026707
MS,MS60249_CSF,GSM4104126_ATCCGAAAGCGTGTCC-1,CSF,-0.7204210706401337
MS,MS60249_CSF,GSM4104126_ATCGAGTAGTCGAGTG-1,CSF,0.18795306384540306
MS,MS60249_CSF,GSM4104126_ATCTACTAGGAGCGTT-1,CSF,-0.09834107806026707
MS,MS60249_CSF,GSM4104126_ATCTGCCAGCCGGTAA-1,CSF,-0.09834107806026707
MS,MS60249_CSF,GSM4104126_ATCTGCCCAGCTATTG-1,CSF,-0.07677490682796721
MS,MS60249_CSF,GSM4104126_ATCTGCCTCAGCGACC-1,CSF,-0.3825308489807727
MS,MS60249_CSF,GSM4104126_ATGAGGGAGTGTCCCG-1,CSF,-0.09834107806026707
MS,MS60249_CSF,GSM4104126_ATGAGGGCACGACGAA-1,CSF,-0.09834107806026707
MS,MS60249_CSF,GSM4104126_ATGAGGGCATCTATGG-1,CSF,-0.09834107806026707
MS,MS60249_CSF,GSM4104126_ATGAGGGGTCATGCCG-1,CSF,-0.09834107806026707
MS,MS60249_CSF,GSM4104126_ATGCGATAGCTGAAAT-1,CSF,-0.31641978656836844
MS,MS60249_CSF,GSM4104126_ATTACTCAGATGTTAG-1,CSF,-0.09834107806026707
MS,MS60249_CSF,GSM4104126_ATTACTCCACACATGT-1,CSF,-0.09834107806026707
MS,MS60249_CSF,GSM4104126_ATTACTCGTGCAGACA-1,CSF,-0.41698819859333114
MS,MS60249_CSF,GSM4104126_ATTATCCGTAGAAGGA-1,CSF,-0.24922828659088278
MS,MS60249_CSF,GSM4104126_ATTATCCGTGTAAGTA-1,CSF,-0.09834107806026707
MS,MS60249_CSF,GSM4104126_ATTCTACTCAACACGT-1,CSF,-0.09834107806026707
MS,MS60249_CSF,GSM4104126_ATTCTACTCTGGTATG-1,CSF,-0.5834618700993692
MS,MS60249_CSF,GSM4104126_ATTGGACCAAGGACTG-1,CSF,-0.09834107806026707
MS,MS60249_CSF,GSM4104126_ATTGGTGGTAGCCTCG-1,CSF,-0.09834107806026707
MS,MS60249_CSF,GSM4104126_ATTGGTGTCTCTGTCG-1,CSF,0.33871532528533693
MS,MS60249_CSF,GSM4104126_ATTTCTGAGTGGTAGC-1,CSF,-0.09834107806026707
MS,MS60249_CSF,GSM4104126_CAACCAAAGTGAAGAG-1,CSF,0.7083822756965991
MS,MS60249_CSF,GSM4104126_CAACCAAGTTCGTGAT-1,CSF,-0.3223293339976627
MS,MS60249_CSF,GSM4104126_CAACTAGCATCGTCGG-1,CSF,-0.09834107806026707
MS,MS60249_CSF,GSM4104126_CAACTAGTCCGTAGTA-1,CSF,0.21097793935597392
MS,MS60249_CSF,GSM4104126_CAAGATCGTCTCCACT-1,CSF,0.07269303147184325
MS,MS60249_CSF,GSM4104126_CAAGTTGAGTCTTGCA-1,CSF,-0.09834107806026707
MS,MS60249_CSF,GSM4104126_CAAGTTGCATTCTCAT-1,CSF,0.1720250938613685
MS,MS60249_CSF,GSM4104126_CACAAACTCTACGAGT-1,CSF,-0.09834107806026707
MS,MS60249_CSF,GSM4104126_CACACAAGTTGGGACA-1,CSF,0.019168423953773488
MS,MS60249_CSF,GSM4104126_CACACCTCAATGTTGC-1,CSF,-0.3202732169417083
MS,MS60249_CSF,GSM4104126_CACACCTCACCAGATT-1,CSF,0.16118646786062563
MS,MS60249_CSF,GSM4104126_CACACCTCATAGACTC-1,CSF,-0.006629307742493516
MS,MS60249_CSF,GSM4104126_CACACTCAGGAGTTTA-1,CSF,-0.7118790125194087
MS,MS60249_CSF,GSM4104126_CACAGGCGTGCCTGGT-1,CSF,0.2792286436673191
MS,MS60249_CSF,GSM4104126_CACAGTACAAGCTGTT-1,CSF,-0.09834107806026707
MS,MS60249_CSF,GSM4104126_CACAGTAGTCAAAGAT-1,CSF,-0.09834107806026707
MS,MS60249_CSF,GSM4104126_CACATAGAGACAGGCT-1,CSF,-0.09834107806026707
MS,MS60249_CSF,GSM4104126_CACATAGAGGTGCAAC-1,CSF,-0.09834107806026707
MS,MS60249_CSF,GSM4104126_CACATTTCAGTAGAGC-1,CSF,-0.2564348485572003
MS,MS60249_CSF,GSM4104126_CACATTTTCAGTTGAC-1,CSF,-0.09834107806026707
MS,MS60249_CSF,GSM4104126_CACCACTAGAGCTATA-1,CSF,-0.09834107806026707
MS,MS60249_CSF,GSM4104126_CACCAGGCAGCTATTG-1,CSF,-0.09834107806026707
MS,MS60249_CSF,GSM4104126_CACCTTGAGAGATGAG-1,CSF,-0.09834107806026707
MS,MS60249_CSF,GSM4104126_CACCTTGCAAGCGCTC-1,CSF,0.01715290565712621
MS,MS60249_CSF,GSM4104126_CACCTTGCAGGGAGAG-1,CSF,-0.09834107806026707
MS,MS60249_CSF,GSM4104126_CACTCCAAGACTTTCG-1,CSF,-0.24486091763894408
MS,MS60249_CSF,GSM4104126_CAGATCAAGCGAAGGG-1,CSF,-0.09834107806026707
MS,MS60249_CSF,GSM4104126_CAGATCACAATGGATA-1,CSF,-0.09834107806026707
MS,MS60249_CSF,GSM4104126_CAGATCACAGAGCCAA-1,CSF,-0.09834107806026707
MS,MS60249_CSF,GSM4104126_CAGCAGCCACAGAGGT-1,CSF,-0.09834107806026707
MS,MS60249_CSF,GSM4104126_CAGCAGCTCTCGCTTG-1,CSF,-0.09834107806026707
MS,MS60249_CSF,GSM4104126_CAGCCGACAGCCACCA-1,CSF,-0.09834107806026707
MS,MS60249_CSF,GSM4104126_CAGCCGATCCCATTTA-1,CSF,-0.09834107806026707
MS,MS60249_CSF,GSM4104126_CAGCGACAGGCCCGTT-1,CSF,0.31749127047513664
MS,MS60249_CSF,GSM4104126_CAGCGACCATGCAATC-1,CSF,0.32503124558724955
MS,MS60249_CSF,GSM4104126_CAGCGACCATGGTAGG-1,CSF,0.2466631089054278
MS,MS60249_CSF,GSM4104126_CAGCGACGTTACGCGC-1,CSF,-0.09834107806026707
MS,MS60249_CSF,GSM4104126_CAGCGACTCGTGTAGT-1,CSF,-0.09834107806026707
MS,MS60249_CSF,GSM4104126_CAGCTGGAGGTGGGTT-1,CSF,-0.09834107806026707
MS,MS60249_CSF,GSM4104126_CAGCTGGAGTCCTCCT-1,CSF,-0.09834107806026707
MS,MS60249_CSF,GSM4104126_CAGCTGGGTAACGCGA-1,CSF,-0.09834107806026707
MS,MS60249_CSF,GSM4104126_CAGCTGGTCACTTCAT-1,CSF,0.05368539664086317
MS,MS60249_CSF,GSM4104126_CAGCTGGTCGCTAGCG-1,CSF,0.16497277043964814
MS,MS60249_CSF,GSM4104126_CAGGTGCAGCCATCGC-1,CSF,-0.09834107806026707
MS,MS60249_CSF,GSM4104126_CAGTAACTCCTTGGTC-1,CSF,-0.09834107806026707
MS,MS60249_CSF,GSM4104126_CAGTAACTCGTAGGAG-1,CSF,-0.09834107806026707
MS,MS60249_CSF,GSM4104126_CAGTCCTCAGCCTTGG-1,CSF,-0.09834107806026707
MS,MS60249_CSF,GSM4104126_CATATGGAGCAGACTG-1,CSF,-0.09834107806026707
MS,MS60249_CSF,GSM4104126_CATCCACGTCATCGGC-1,CSF,0.20851974835490886
MS,MS60249_CSF,GSM4104126_CATCCACTCGCTAGCG-1,CSF,-0.09834107806026707
MS,MS60249_CSF,GSM4104126_CATCGGGAGGGTGTTG-1,CSF,0.3301599999310734
MS,MS60249_CSF,GSM4104126_CATCGGGAGTGTGGCA-1,CSF,-0.09834107806026707
MS,MS60249_CSF,GSM4104126_CATCGGGCAGTCGTGC-1,CSF,-0.09834107806026707
MS,MS60249_CSF,GSM4104126_CATGACACATGCAACT-1,CSF,-0.09834107806026707
MS,MS60249_CSF,GSM4104126_CATGCCTAGCTCCTCT-1,CSF,-0.555284324131294
MS,MS60249_CSF,GSM4104126_CATGGCGAGAACAATC-1,CSF,0.12052011417070041
MS,MS60249_CSF,GSM4104126_CATGGCGTCCACGTTC-1,CSF,-0.09834107806026707
MS,MS60249_CSF,GSM4104126_CATTCGCCAGGTCCAC-1,CSF,-0.09834107806026707
MS,MS60249_CSF,GSM4104126_CCAATCCCAAGACGTG-1,CSF,-0.31297973601663637
MS,MS60249_CSF,GSM4104126_CCAATCCGTAGAAAGG-1,CSF,0.08441122038474502
MS,MS60249_CSF,GSM4104126_CCAATCCGTTTGACAC-1,CSF,-0.28918681094696563
MS,MS60249_CSF,GSM4104126_CCAATCCTCGTGGTCG-1,CSF,-0.09834107806026707
MS,MS60249_CSF,GSM4104126_CCACCTACAGCTATTG-1,CSF,-0.28265456853539633
MS,MS60249_CSF,GSM4104126_CCACCTACATAGAAAC-1,CSF,-0.09834107806026707
MS,MS60249_CSF,GSM4104126_CCACCTATCACCTTAT-1,CSF,-0.09834107806026707
MS,MS60249_CSF,GSM4104126_CCACCTATCTGCCCTA-1,CSF,-0.09834107806026707
MS,MS60249_CSF,GSM4104126_CCACGGACAATCACAC-1,CSF,0.48305969304803725
MS,MS60249_CSF,GSM4104126_CCACGGACACATGACT-1,CSF,0.46538330078845874
MS,MS60249_CSF,GSM4104126_CCACGGATCTCTAGGA-1,CSF,-0.09834107806026707
MS,MS60249_CSF,GSM4104126_CCACTACAGAAACCTA-1,CSF,-0.2576547800822423
MS,MS60249_CSF,GSM4104126_CCACTACCAGTCACTA-1,CSF,-0.09834107806026707
MS,MS60249_CSF,GSM4104126_CCAGCGAGTTGGGACA-1,CSF,-0.09834107806026707
MS,MS60249_CSF,GSM4104126_CCATGTCCAGATCTGT-1,CSF,0.022821451829554307
MS,MS60249_CSF,GSM4104126_CCATGTCTCCCTTGTG-1,CSF,-0.09834107806026707
MS,MS60249_CSF,GSM4104126_CCATTCGGTCTAGAGG-1,CSF,0.2023522107630629
MS,MS60249_CSF,GSM4104126_CCATTCGTCGGCATCG-1,CSF,-0.09834107806026707
MS,MS60249_CSF,GSM4104126_CCCAATCAGCTGCCCA-1,CSF,-0.09834107806026707
MS,MS60249_CSF,GSM4104126_CCCAATCTCGACAGCC-1,CSF,0.21477919802649148
MS,MS60249_CSF,GSM4104126_CCCAGTTAGCTAGTTC-1,CSF,0.08170425600789635
MS,MS60249_CSF,GSM4104126_CCCATACAGTAGCCGA-1,CSF,-0.09834107806026707
MS,MS60249_CSF,GSM4104126_CCCATACAGTTAGGTA-1,CSF,-0.38980530157760773
MS,MS60249_CSF,GSM4104126_CCGGTAGCATCCTTGC-1,CSF,0.2553326682679801
MS,MS60249_CSF,GSM4104126_CCGTACTCAACACCTA-1,CSF,0.059331780663730495
MS,MS60249_CSF,GSM4104126_CCGTACTGTTACAGAA-1,CSF,0.49018157381298694
MS,MS60249_CSF,GSM4104126_CCGTGGAAGTTACGGG-1,CSF,-0.5502244869277328
MS,MS60249_CSF,GSM4104126_CCGTGGACATGGGACA-1,CSF,-0.09834107806026707
MS,MS60249_CSF,GSM4104126_CCGTGGAGTGTTGGGA-1,CSF,0.02969125973512307
MS,MS60249_CSF,GSM4104126_CCGTTCACAGGATTGG-1,CSF,-0.09834107806026707
MS,MS60249_CSF,GSM4104126_CCTAAAGGTACCGAGA-1,CSF,-0.09834107806026707
MS,MS60249_CSF,GSM4104126_CCTAAAGGTATAAACG-1,CSF,-0.08347554584984172
MS,MS60249_CSF,GSM4104126_CCTACCAAGGCTCTTA-1,CSF,-0.09834107806026707
MS,MS60249_CSF,GSM4104126_CCTACCACATCCTAGA-1,CSF,0.10374802104647163
MS,MS60249_CSF,GSM4104126_CCTACCACATCTCCCA-1,CSF,-0.09834107806026707
MS,MS60249_CSF,GSM4104126_CCTACCATCCACGTTC-1,CSF,0.12093428148556058
MS,MS60249_CSF,GSM4104126_CCTACCATCTGGCGTG-1,CSF,-0.09834107806026707
MS,MS60249_CSF,GSM4104126_CCTAGCTTCGCATGAT-1,CSF,-0.09834107806026707
MS,MS60249_CSF,GSM4104126_CCTATTAAGCGATCCC-1,CSF,-0.3592332067893012
MS,MS60249_CSF,GSM4104126_CCTATTAAGCGTCAAG-1,CSF,-0.09834107806026707
MS,MS60249_CSF,GSM4104126_CCTCTGACACTTAAGC-1,CSF,-0.09834107806026707
MS,MS60249_CSF,GSM4104126_CCTCTGAGTGCAGACA-1,CSF,-0.09834107806026707
MS,MS60249_CSF,GSM4104126_CCTTACGAGCTTCGCG-1,CSF,-0.09834107806026707
MS,MS60249_CSF,GSM4104126_CCTTACGCAAATTGCC-1,CSF,-0.31215975994512896
MS,MS60249_CSF,GSM4104126_CCTTACGGTGCGAAAC-1,CSF,-0.09834107806026707
MS,MS60249_CSF,GSM4104126_CCTTACGTCCGTCAAA-1,CSF,-0.09834107806026707
MS,MS60249_CSF,GSM4104126_CCTTCCCAGCTGAACG-1,CSF,0.011327008377579892
MS,MS60249_CSF,GSM4104126_CCTTCCCGTCCGTTAA-1,CSF,0.16426070665169498
MS,MS60249_CSF,GSM4104126_CCTTCGAAGGGCTTCC-1,CSF,-0.09834107806026707
MS,MS60249_CSF,GSM4104126_CCTTCGAGTAATAGCA-1,CSF,-0.2832542028478868
MS,MS60249_CSF,GSM4104126_CCTTCGATCTGTACGA-1,CSF,-0.5347961000520433
MS,MS60249_CSF,GSM4104126_CCTTTCTTCGGCGCAT-1,CSF,-0.09834107806026707
MS,MS60249_CSF,GSM4104126_CCTTTCTTCTTGTCAT-1,CSF,-0.09834107806026707
MS,MS60249_CSF,GSM4104126_CGAACATGTTACCGAT-1,CSF,0.37032653739529414
MS,MS60249_CSF,GSM4104126_CGACTTCAGACGCACA-1,CSF,-0.09834107806026707
MS,MS60249_CSF,GSM4104126_CGACTTCAGACTACAA-1,CSF,-0.09834107806026707
MS,MS60249_CSF,GSM4104126_CGACTTCAGGGCATGT-1,CSF,0.32198488795482244
MS,MS60249_CSF,GSM4104126_CGAGAAGGTAGAAAGG-1,CSF,0.32548457962618677
MS,MS60249_CSF,GSM4104126_CGAGAAGGTTCAGCGC-1,CSF,-0.09834107806026707
MS,MS60249_CSF,GSM4104126_CGAGCACGTTAAAGAC-1,CSF,0.6261450067932044
MS,MS60249_CSF,GSM4104126_CGAGCCAGTGTCTGAT-1,CSF,-0.09834107806026707
MS,MS60249_CSF,GSM4104126_CGATGGCAGATATGGT-1,CSF,-0.09834107806026707
MS,MS60249_CSF,GSM4104126_CGATGGCCAGTTCATG-1,CSF,-0.41494091514484804
MS,MS60249_CSF,GSM4104126_CGATGTACAGCATACT-1,CSF,-0.09834107806026707
MS,MS60249_CSF,GSM4104126_CGATGTAGTGACGCCT-1,CSF,0.6221983910691222
MS,MS60249_CSF,GSM4104126_CGATGTATCTTGGGTA-1,CSF,-0.09834107806026707
MS,MS60249_CSF,GSM4104126_CGCCAAGCATCACCCT-1,CSF,0.2421401679397456
MS,MS60249_CSF,GSM4104126_CGCGGTATCCGAACGC-1,CSF,-0.09834107806026707
MS,MS60249_CSF,GSM4104126_CGCTATCTCCTCATTA-1,CSF,0.1487743986542733
MS,MS60249_CSF,GSM4104126_CGCTTCACAACTGGCC-1,CSF,-0.2484855340871747
MS,MS60249_CSF,GSM4104126_CGCTTCAGTCTTGATG-1,CSF,-0.09834107806026707
MS,MS60249_CSF,GSM4104126_CGCTTCAGTTTGTTGG-1,CSF,-0.09834107806026707
MS,MS60249_CSF,GSM4104126_CGCTTCATCCGCAGTG-1,CSF,-0.09834107806026707
MS,MS60249_CSF,GSM4104126_CGGACACTCTCAAGTG-1,CSF,-0.012734098392640423
MS,MS60249_CSF,GSM4104126_CGGACGTAGATACACA-1,CSF,-0.09834107806026707
MS,MS60249_CSF,GSM4104126_CGGACGTTCAGAAATG-1,CSF,-0.09834107806026707
MS,MS60249_CSF,GSM4104126_CGGACTGGTGTAACGG-1,CSF,-0.09834107806026707
MS,MS60249_CSF,GSM4104126_CGGAGTCAGCCAGGAT-1,CSF,0.17177468192635822
MS,MS60249_CSF,GSM4104126_CGGAGTCAGCTACCTA-1,CSF,-0.09834107806026707
MS,MS60249_CSF,GSM4104126_CGGAGTCCACATTAGC-1,CSF,0.03342230414064797
MS,MS60249_CSF,GSM4104126_CGGAGTCTCGCGGATC-1,CSF,-0.09834107806026707
MS,MS60249_CSF,GSM4104126_CGGCTAGGTGGCAAAC-1,CSF,-0.09834107806026707
MS,MS60249_CSF,GSM4104126_CGGGTCAAGATGTCGG-1,CSF,-0.09834107806026707
MS,MS60249_CSF,GSM4104126_CGGGTCACAGCTGTGC-1,CSF,0.5685052957847768
MS,MS60249_CSF,GSM4104126_CGGTTAACACAGAGGT-1,CSF,-0.09834107806026707
MS,MS60249_CSF,GSM4104126_CGGTTAACACATGTGT-1,CSF,0.15255250155865183
MS,MS60249_CSF,GSM4104126_CGGTTAAGTGAGGGAG-1,CSF,-0.09834107806026707
MS,MS60249_CSF,GSM4104126_CGTAGGCAGCCTCGTG-1,CSF,-0.09834107806026707
MS,MS60249_CSF,GSM4104126_CGTCACTGTATAGTAG-1,CSF,-0.09834107806026707
MS,MS60249_CSF,GSM4104126_CGTCACTGTTGTGGCC-1,CSF,-0.09834107806026707
MS,MS60249_CSF,GSM4104126_CGTCAGGGTGGGTCAA-1,CSF,-0.09834107806026707
MS,MS60249_CSF,GSM4104126_CGTCCATGTACAGCAG-1,CSF,0.13306905677923506
MS,MS60249_CSF,GSM4104126_CGTCCATTCTTTACAC-1,CSF,-0.09834107806026707
MS,MS60249_CSF,GSM4104126_CGTCTACGTGGTCCGT-1,CSF,-0.09834107806026707
MS,MS60249_CSF,GSM4104126_CGTTAGACATTTGCCC-1,CSF,-0.3184550177626919
MS,MS60249_CSF,GSM4104126_CGTTAGATCTTACCGC-1,CSF,-0.09834107806026707
MS,MS60249_CSF,GSM4104126_CGTTCTGAGAGTCTGG-1,CSF,-0.09834107806026707
MS,MS60249_CSF,GSM4104126_CGTTCTGAGGGAAACA-1,CSF,0.5764307455859579
MS,MS60249_CSF,GSM4104126_CGTTCTGGTACGCTGC-1,CSF,-0.09834107806026707
MS,MS60249_CSF,GSM4104126_CGTTCTGGTATGCTTG-1,CSF,0.1987495068797631
MS,MS60249_CSF,GSM4104126_CGTTCTGTCCCTCTTT-1,CSF,-0.11501685040117796
MS,MS60249_CSF,GSM4104126_CGTTGGGAGGATGGAA-1,CSF,-0.20522599388430487
MS,MS60249_CSF,GSM4104126_CGTTGGGGTGGTGTAG-1,CSF,0.37537458816075064
MS,MS60249_CSF,GSM4104126_CGTTGGGTCGTTTAGG-1,CSF,-0.09834107806026707
MS,MS60249_CSF,GSM4104126_CTAACTTAGGCATTGG-1,CSF,0.28120326620187425
MS,MS60249_CSF,GSM4104126_CTAAGACCAAGACACG-1,CSF,0.042558181204027025
MS,MS60249_CSF,GSM4104126_CTAAGACGTCCGTCAG-1,CSF,-0.09834107806026707
MS,MS60249_CSF,GSM4104126_CTAATGGCATCCTTGC-1,CSF,0.09687973039403144
MS,MS60249_CSF,GSM4104126_CTACACCAGTGCCAGA-1,CSF,0.16679448809468475
MS,MS60249_CSF,GSM4104126_CTACACCCATACGCCG-1,CSF,0.12338284143857123
MS,MS60249_CSF,GSM4104126_CTACATTCAGGTCTCG-1,CSF,-0.09834107806026707
MS,MS60249_CSF,GSM4104126_CTACCCAAGCAATCTC-1,CSF,0.15615762587495272
MS,MS60249_CSF,GSM4104126_CTACCCAAGTTGAGTA-1,CSF,-0.3378571337961182
MS,MS60249_CSF,GSM4104126_CTACGTCCATCCCACT-1,CSF,-0.09834107806026707
MS,MS60249_CSF,GSM4104126_CTACGTCCATGCCACG-1,CSF,-0.09834107806026707
MS,MS60249_CSF,GSM4104126_CTACGTCGTAGCCTCG-1,CSF,-0.09834107806026707
MS,MS60249_CSF,GSM4104126_CTAGAGTAGCTGGAAC-1,CSF,0.14094443387508088
MS,MS60249_CSF,GSM4104126_CTAGAGTTCGCTGATA-1,CSF,-0.09834107806026707
MS,MS60249_CSF,GSM4104126_CTAGAGTTCTACCAGA-1,CSF,0.4150981002962016
MS,MS60249_CSF,GSM4104126_CTAGCCTAGGCCCGTT-1,CSF,-0.732890651792067
MS,MS60249_CSF,GSM4104126_CTAGCCTTCTCAAACG-1,CSF,0.025185117812954187
MS,MS60249_CSF,GSM4104126_CTAGTGAAGTTGTCGT-1,CSF,0.10156693594557453
MS,MS60249_CSF,GSM4104126_CTAGTGATCATACGGT-1,CSF,-0.29455146472156585
MS,MS60249_CSF,GSM4104126_CTCACACCAAGACACG-1,CSF,-0.09834107806026707
MS,MS60249_CSF,GSM4104126_CTCACACGTGCAGGTA-1,CSF,0.3759562530747857
MS,MS60249_CSF,GSM4104126_CTCAGAACACACCGAC-1,CSF,-0.37308973444121
MS,MS60249_CSF,GSM4104126_CTCAGAACACGGTTTA-1,CSF,-0.09834107806026707
MS,MS60249_CSF,GSM4104126_CTCAGAACATACTACG-1,CSF,-0.09834107806026707
MS,MS60249_CSF,GSM4104126_CTCATTACAGTTAACC-1,CSF,-0.09834107806026707
MS,MS60249_CSF,GSM4104126_CTCCTAGAGAGCTGCA-1,CSF,-0.09834107806026707
MS,MS60249_CSF,GSM4104126_CTCCTAGGTAGGCTGA-1,CSF,-0.09834107806026707
MS,MS60249_CSF,GSM4104126_CTCGAAACAATACGCT-1,CSF,0.14952371044117638
MS,MS60249_CSF,GSM4104126_CTCGAAATCTCAACTT-1,CSF,-0.09834107806026707
MS,MS60249_CSF,GSM4104126_CTCGAGGTCCCATTAT-1,CSF,-0.09834107806026707
MS,MS60249_CSF,GSM4104126_CTCGAGGTCCGCAGTG-1,CSF,-0.09834107806026707
MS,MS60249_CSF,GSM4104126_CTCGGAGGTCATCCCT-1,CSF,0.21785378188734048
MS,MS60249_CSF,GSM4104126_CTCGTACAGGAGTTGC-1,CSF,-0.09834107806026707
MS,MS60249_CSF,GSM4104126_CTCGTACAGTCGCCGT-1,CSF,0.1682683019650808
MS,MS60249_CSF,GSM4104126_CTCGTACTCTCAACTT-1,CSF,0.19416523289078771
MS,MS60249_CSF,GSM4104126_CTCTACGAGTAATCCC-1,CSF,-0.09834107806026707
MS,MS60249_CSF,GSM4104126_CTCTACGCAGACAAGC-1,CSF,-0.4232481536255382
MS,MS60249_CSF,GSM4104126_CTCTACGCAGCTATTG-1,CSF,-0.15918723504154905
MS,MS60249_CSF,GSM4104126_CTCTACGGTTGGTTTG-1,CSF,-0.09834107806026707
MS,MS60249_CSF,GSM4104126_CTCTACGTCTCCAACC-1,CSF,0.23414818859281117
MS,MS60249_CSF,GSM4104126_CTGAAACGTGACGGTA-1,CSF,-0.09834107806026707
MS,MS60249_CSF,GSM4104126_CTGAAGTCAGCTATTG-1,CSF,0.03889307000737075
MS,MS60249_CSF,GSM4104126_CTGATAGGTAAGTTCC-1,CSF,-0.09834107806026707
MS,MS60249_CSF,GSM4104126_CTGATCCTCATGCAAC-1,CSF,0.24962858093168555
MS,MS60249_CSF,GSM4104126_CTGATCCTCTACTATC-1,CSF,-0.09834107806026707
MS,MS60249_CSF,GSM4104126_CTGCCTAAGAGCCCAA-1,CSF,-0.2020410006389412
MS,MS60249_CSF,GSM4104126_CTGGTCTGTCTGGTCG-1,CSF,-0.09834107806026707
MS,MS60249_CSF,GSM4104126_CTGTGCTCAAATTGCC-1,CSF,-0.09834107806026707
MS,MS60249_CSF,GSM4104126_CTGTGCTGTCTGCGGT-1,CSF,-0.09834107806026707
MS,MS60249_CSF,GSM4104126_CTGTTTATCTTGGGTA-1,CSF,0.039285340374121035
MS,MS60249_CSF,GSM4104126_CTTAACTGTCCGACGT-1,CSF,-0.09834107806026707
MS,MS60249_CSF,GSM4104126_CTTAACTTCTTACCGC-1,CSF,-0.017626970831192197
MS,MS60249_CSF,GSM4104126_CTTACCGAGAGACTTA-1,CSF,-0.2651988951408714
MS,MS60249_CSF,GSM4104126_CTTACCGGTGTTTGGT-1,CSF,-0.09834107806026707
MS,MS60249_CSF,GSM4104126_CTTCTCTTCATTTGGG-1,CSF,-0.09834107806026707
MS,MS60249_CSF,GSM4104126_CTTGGCTAGCGATATA-1,CSF,0.2504140342838716
MS,MS60249_CSF,GSM4104126_CTTGGCTTCAGTTCGA-1,CSF,-0.28066124915651136
MS,MS60249_CSF,GSM4104126_CTTTGCGAGTGCGTGA-1,CSF,-0.09834107806026707
MS,MS60249_CSF,GSM4104126_CTTTGCGGTTGAGGTG-1,CSF,0.05643965526322936
MS,MS60249_CSF,GSM4104126_CTTTGCGTCTAACCGA-1,CSF,-0.09834107806026707
MS,MS60249_CSF,GSM4104126_GAAACTCCATCACAAC-1,CSF,-0.25582550983106794
MS,MS60249_CSF,GSM4104126_GAAACTCGTCGACTGC-1,CSF,0.32537077982264445
MS,MS60249_CSF,GSM4104126_GAAATGAAGTCGAGTG-1,CSF,-0.09834107806026707
MS,MS60249_CSF,GSM4104126_GAACATCAGAGGTTGC-1,CSF,0.2000226205585192
MS,MS60249_CSF,GSM4104126_GAACATCAGGATTCGG-1,CSF,-0.2874000150859337
MS,MS60249_CSF,GSM4104126_GAACATCCATACAGCT-1,CSF,0.20225449640497356
MS,MS60249_CSF,GSM4104126_GAACCTACAATGTAAG-1,CSF,0.41044540237957267
MS,MS60249_CSF,GSM4104126_GAACCTAGTGATAAGT-1,CSF,0.00324440797843073
MS,MS60249_CSF,GSM4104126_GAACGGAAGGTGTGGT-1,CSF,-0.09834107806026707
MS,MS60249_CSF,GSM4104126_GAACGGACAGTCAGAG-1,CSF,-0.09834107806026707
MS,MS60249_CSF,GSM4104126_GAACGGAGTACATGTC-1,CSF,-0.09834107806026707
MS,MS60249_CSF,GSM4104126_GAACGGATCAGGTAAA-1,CSF,0.34421786258554005
MS,MS60249_CSF,GSM4104126_GAAGCAGAGATCCGAG-1,CSF,-0.09834107806026707
MS,MS60249_CSF,GSM4104126_GAAGCAGAGCCACCTG-1,CSF,0.2718811194964973
MS,MS60249_CSF,GSM4104126_GAAGCAGCACGGTTTA-1,CSF,0.9218419526278837
MS,MS60249_CSF,GSM4104126_GAAGCAGGTATAGTAG-1,CSF,0.19344423096441882
MS,MS60249_CSF,GSM4104126_GAAGCAGTCGTCCGTT-1,CSF,-0.09834107806026707
MS,MS60249_CSF,GSM4104126_GAAGCAGTCGTCTGCT-1,CSF,0.38695320552662726
MS,MS60249_CSF,GSM4104126_GAATGAACAGCTCGAC-1,CSF,0.14383061972948477
MS,MS60249_CSF,GSM4104126_GACACGCCAAGCCATT-1,CSF,-0.09834107806026707
MS,MS60249_CSF,GSM4104126_GACACGCGTTCACGGC-1,CSF,-0.09834107806026707
MS,MS60249_CSF,GSM4104126_GACACGCGTTCAGACT-1,CSF,-0.7376922717359317
MS,MS60249_CSF,GSM4104126_GACCTGGCATCACAAC-1,CSF,-0.2652705413734709
MS,MS60249_CSF,GSM4104126_GACGCGTAGAGTTGGC-1,CSF,0.0335693796743791
MS,MS60249_CSF,GSM4104126_GACGCGTAGCTGGAAC-1,CSF,0.01633592558450841
MS,MS60249_CSF,GSM4104126_GACGCGTAGGGAACGG-1,CSF,-0.09834107806026707
MS,MS60249_CSF,GSM4104126_GACGCGTAGGTGGGTT-1,CSF,0.13460128974303573
MS,MS60249_CSF,GSM4104126_GACGCGTCAACAACCT-1,CSF,-0.19454858385153675
MS,MS60249_CSF,GSM4104126_GACGCGTCAGGACGTA-1,CSF,0.5100878311875858
MS,MS60249_CSF,GSM4104126_GACGCGTCAGGGATTG-1,CSF,-0.09834107806026707
MS,MS60249_CSF,GSM4104126_GACGCGTTCAGGCGAA-1,CSF,0.18784731753761466
MS,MS60249_CSF,GSM4104126_GACGGCTCACGGTTTA-1,CSF,-0.09834107806026707
MS,MS60249_CSF,GSM4104126_GACGGCTGTACTTAGC-1,CSF,0.24862722597466974
MS,MS60249_CSF,GSM4104126_GACGGCTTCGTTACAG-1,CSF,0.07370402543251954
MS,MS60249_CSF,GSM4104126_GACTAACAGAAACCTA-1,CSF,0.20550191834847234
MS,MS60249_CSF,GSM4104126_GACTAACCAATCACAC-1,CSF,-0.5013609184595118
MS,MS60249_CSF,GSM4104126_GACTACAAGGTCGGAT-1,CSF,-0.09834107806026707
MS,MS60249_CSF,GSM4104126_GACTACAGTGCCTTGG-1,CSF,-0.30427979950859413
MS,MS60249_CSF,GSM4104126_GACTGCGGTGATAAGT-1,CSF,-0.09834107806026707
MS,MS60249_CSF,GSM4104126_GAGCAGAGTACAGTTC-1,CSF,0.20549878258936438
MS,MS60249_CSF,GSM4104126_GAGCAGAGTCTCTTTA-1,CSF,0.23856947606293347
MS,MS60249_CSF,GSM4104126_GAGTCCGAGACCTAGG-1,CSF,-0.09834107806026707
MS,MS60249_CSF,GSM4104126_GAGTCCGAGGGCATGT-1,CSF,-0.09834107806026707
MS,MS60249_CSF,GSM4104126_GAGTCCGAGGGTTTCT-1,CSF,-0.09834107806026707
MS,MS60249_CSF,GSM4104126_GAGTCCGCATTCCTGC-1,CSF,-0.09834107806026707
MS,MS60249_CSF,GSM4104126_GATCGATAGGTGGGTT-1,CSF,-0.5701790417027598
MS,MS60249_CSF,GSM4104126_GATCGATCATTCGACA-1,CSF,-0.09834107806026707
MS,MS60249_CSF,GSM4104126_GATCGATGTAAGTGTA-1,CSF,-0.0853580490226504
MS,MS60249_CSF,GSM4104126_GATCGATGTTCCAACA-1,CSF,0.16694507713602572
MS,MS60249_CSF,GSM4104126_GATCGATTCGAGAGCA-1,CSF,-0.09834107806026707
MS,MS60249_CSF,GSM4104126_GATCGCGAGGCTCATT-1,CSF,-0.002271703606236517
MS,MS60249_CSF,GSM4104126_GATCGTAAGATCGGGT-1,CSF,0.23884493367787288
MS,MS60249_CSF,GSM4104126_GATCGTAAGTCCCACG-1,CSF,0.304947386191835
MS,MS60249_CSF,GSM4104126_GATCTAGAGGAGTAGA-1,CSF,-0.09834107806026707
MS,MS60249_CSF,GSM4104126_GATCTAGCATTCCTCG-1,CSF,0.28265055207814116
MS,MS60249_CSF,GSM4104126_GATGAAAGTTCGAATC-1,CSF,-0.09834107806026707
MS,MS60249_CSF,GSM4104126_GATGAAATCCGCAGTG-1,CSF,-0.09834107806026707
MS,MS60249_CSF,GSM4104126_GATGAGGGTGGTCCGT-1,CSF,0.23024331175888066
MS,MS60249_CSF,GSM4104126_GATGAGGTCTAACCGA-1,CSF,-0.3309391364569478
MS,MS60249_CSF,GSM4104126_GATGCTAGTGTATGGG-1,CSF,0.13515749160990806
MS,MS60249_CSF,GSM4104126_GATTCAGAGTTCGCAT-1,CSF,-0.09834107806026707
MS,MS60249_CSF,GSM4104126_GATTCAGTCCAAACAC-1,CSF,0.004227308214359841
MS,MS60249_CSF,GSM4104126_GCAAACTAGTCATCCA-1,CSF,-0.09834107806026707
MS,MS60249_CSF,GSM4104126_GCAATCAGTACAGCAG-1,CSF,-0.2347112373326627
MS,MS60249_CSF,GSM4104126_GCACTCTTCCCTGACT-1,CSF,-0.09834107806026707
MS,MS60249_CSF,GSM4104126_GCAGCCACATTGGTAC-1,CSF,0.38486908103434486
MS,MS60249_CSF,GSM4104126_GCAGCCATCCACTCCA-1,CSF,0.06622298927281996
MS,MS60249_CSF,GSM4104126_GCAGTTATCACATACG-1,CSF,-0.09834107806026707
MS,MS60249_CSF,GSM4104126_GCAGTTATCAGCGACC-1,CSF,-0.3729149213274307
MS,MS60249_CSF,GSM4104126_GCATACATCGACAGCC-1,CSF,-0.09834107806026707
MS,MS60249_CSF,GSM4104126_GCATGATAGAAGCCCA-1,CSF,0.26014995402079344
MS,MS60249_CSF,GSM4104126_GCATGATAGAGGTAGA-1,CSF,-0.09834107806026707
MS,MS60249_CSF,GSM4104126_GCATGATCAACACCTA-1,CSF,-0.4481273193666308
MS,MS60249_CSF,GSM4104126_GCATGATTCCTCGCAT-1,CSF,0.21508032457881585
MS,MS60249_CSF,GSM4104126_GCATGCGCACATCCAA-1,CSF,0.03197413455004915
MS,MS60249_CSF,GSM4104126_GCATGCGCACGGTAGA-1,CSF,0.09103229844141127
MS,MS60249_CSF,GSM4104126_GCATGTACAGGATCGA-1,CSF,-0.09834107806026707
MS,MS60249_CSF,GSM4104126_GCATGTAGTTTGGCGC-1,CSF,-0.09834107806026707
MS,MS60249_CSF,GSM4104126_GCCTCTAAGGGTGTGT-1,CSF,0.19894432623945837
MS,MS60249_CSF,GSM4104126_GCCTCTATCCGAATGT-1,CSF,-0.43790335801715136
MS,MS60249_CSF,GSM4104126_GCGACCACAAACCTAC-1,CSF,-0.09834107806026707
MS,MS60249_CSF,GSM4104126_GCGACCAGTCAATACC-1,CSF,0.0754234109394288
MS,MS60249_CSF,GSM4104126_GCGAGAAGTTCCATGA-1,CSF,0.6784590248541388
MS,MS60249_CSF,GSM4104126_GCGAGAATCGATCCCT-1,CSF,-0.09834107806026707
MS,MS60249_CSF,GSM4104126_GCGAGAATCGGTCTAA-1,CSF,-0.2822423302008271
MS,MS60249_CSF,GSM4104126_GCGCAACCACGTCAGC-1,CSF,-0.27234072258998193
MS,MS60249_CSF,GSM4104126_GCGCGATAGGACTGGT-1,CSF,0.403518181668626
MS,MS60249_CSF,GSM4104126_GCGCGATAGTTCGATC-1,CSF,-0.09834107806026707
MS,MS60249_CSF,GSM4104126_GCGGGTTGTCCTAGCG-1,CSF,-0.26325786004852764
MS,MS60249_CSF,GSM4104126_GCGGGTTGTGGTAACG-1,CSF,0.39882262587709105
MS,MS60249_CSF,GSM4104126_GCTCCTAGTAACGTTC-1,CSF,-0.6696943968603788
MS,MS60249_CSF,GSM4104126_GCTCCTAGTTATCGGT-1,CSF,-0.09834107806026707
MS,MS60249_CSF,GSM4104126_GCTCCTATCTCCGGTT-1,CSF,-0.09834107806026707
MS,MS60249_CSF,GSM4104126_GCTCTGTCAGTTCCCT-1,CSF,0.057194469847252564
MS,MS60249_CSF,GSM4104126_GCTGCAGAGGACAGAA-1,CSF,-0.09834107806026707
MS,MS60249_CSF,GSM4104126_GCTGCAGAGTCTCGGC-1,CSF,-0.09834107806026707
MS,MS60249_CSF,GSM4104126_GCTGCAGTCAGCGATT-1,CSF,0.3231651548707112
MS,MS60249_CSF,GSM4104126_GCTGCGACAGCTTCGG-1,CSF,-0.09834107806026707
MS,MS60249_CSF,GSM4104126_GCTGCTTTCATAACCG-1,CSF,0.23581416517209758
MS,MS60249_CSF,GSM4104126_GCTGGGTGTTTGGGCC-1,CSF,0.021037669964215158
MS,MS60249_CSF,GSM4104126_GCTGGGTTCTTACCGC-1,CSF,-0.09834107806026707
MS,MS60249_CSF,GSM4104126_GCTTCCACAATACGCT-1,CSF,-0.09834107806026707
MS,MS60249_CSF,GSM4104126_GCTTCCACATGTAGTC-1,CSF,-0.09834107806026707
MS,MS60249_CSF,GSM4104126_GCTTCCATCTTGCCGT-1,CSF,-0.09834107806026707
MS,MS60249_CSF,GSM4104126_GCTTGAAAGAGGGATA-1,CSF,-0.3074625066360754
MS,MS60249_CSF,GSM4104126_GCTTGAAAGCTGCCCA-1,CSF,-0.09834107806026707
MS,MS60249_CSF,GSM4104126_GGAAAGCAGCCGCCTA-1,CSF,-0.09834107806026707
MS,MS60249_CSF,GSM4104126_GGAAAGCTCATCGATG-1,CSF,-0.4525405510996537
MS,MS60249_CSF,GSM4104126_GGAACTTAGGTGGGTT-1,CSF,-0.2879908005671446
MS,MS60249_CSF,GSM4104126_GGAACTTGTGCACTTA-1,CSF,-0.09834107806026707
MS,MS60249_CSF,GSM4104126_GGAATAAAGTAGTGCG-1,CSF,-0.09834107806026707
MS,MS60249_CSF,GSM4104126_GGACAAGCAAACCTAC-1,CSF,-0.09834107806026707
MS,MS60249_CSF,GSM4104126_GGACAGATCTGAGTGT-1,CSF,-0.09834107806026707
MS,MS60249_CSF,GSM4104126_GGATGTTTCGCATGGC-1,CSF,-0.09834107806026707
MS,MS60249_CSF,GSM4104126_GGATGTTTCGCGGATC-1,CSF,-0.09834107806026707
MS,MS60249_CSF,GSM4104126_GGATTACCAAAGGCGT-1,CSF,0.47989845618719157
MS,MS60249_CSF,GSM4104126_GGCAATTTCTTGACGA-1,CSF,-0.09834107806026707
MS,MS60249_CSF,GSM4104126_GGCCGATAGACTTTCG-1,CSF,-0.09834107806026707
MS,MS60249_CSF,GSM4104126_GGCGTGTGTTGGTTTG-1,CSF,-0.09834107806026707
MS,MS60249_CSF,GSM4104126_GGCTGGTAGCGTAGTG-1,CSF,-0.09834107806026707
MS,MS60249_CSF,GSM4104126_GGCTGGTTCAGGTTCA-1,CSF,0.0047016513949609895
MS,MS60249_CSF,GSM4104126_GGGACCTAGGTGATAT-1,CSF,-0.4151979363488953
MS,MS60249_CSF,GSM4104126_GGGACCTAGGTGATTA-1,CSF,-0.09834107806026707
MS,MS60249_CSF,GSM4104126_GGGACCTAGTGCTGCC-1,CSF,-0.09834107806026707
MS,MS60249_CSF,GSM4104126_GGGACCTGTTAGAACA-1,CSF,-0.09834107806026707
MS,MS60249_CSF,GSM4104126_GGGAGATTCGGAAATA-1,CSF,-0.30446423024901376
MS,MS60249_CSF,GSM4104126_GGGATGAGTTATCCGA-1,CSF,-0.2433701644888539
MS,MS60249_CSF,GSM4104126_GGGCACTAGAAAGTGG-1,CSF,-0.09834107806026707
MS,MS60249_CSF,GSM4104126_GGGCACTAGTGAACGC-1,CSF,0.32062804930341154
MS,MS60249_CSF,GSM4104126_GGGCACTTCAACACCA-1,CSF,-0.09834107806026707
MS,MS60249_CSF,GSM4104126_GGGCATCCATGTTGAC-1,CSF,-0.3002142362079934
MS,MS60249_CSF,GSM4104126_GGGCATCGTAGAAGGA-1,CSF,-0.09834107806026707
MS,MS60249_CSF,GSM4104126_GGGTCTGAGCTCAACT-1,CSF,0.1112346058761512
MS,MS60249_CSF,GSM4104126_GGGTCTGAGGCTACGA-1,CSF,-0.08429663756507554
MS,MS60249_CSF,GSM4104126_GGGTCTGTCAACCATG-1,CSF,-0.3083135304572007
MS,MS60249_CSF,GSM4104126_GGGTCTGTCCAGGGCT-1,CSF,-0.09834107806026707
MS,MS60249_CSF,GSM4104126_GGTATTGGTTCACGGC-1,CSF,0.25650809172469635
MS,MS60249_CSF,GSM4104126_GGTGCGTAGGCTCTTA-1,CSF,0.023094686486119155
MS,MS60249_CSF,GSM4104126_GGTGCGTGTCAAAGAT-1,CSF,0.2789683802512998
MS,MS60249_CSF,GSM4104126_GGTGCGTGTCAATACC-1,CSF,0.36090176683250236
MS,MS60249_CSF,GSM4104126_GGTGCGTTCACAGTAC-1,CSF,0.2299164478098359
MS,MS60249_CSF,GSM4104126_GTAACGTGTTACAGAA-1,CSF,-0.09834107806026707
MS,MS60249_CSF,GSM4104126_GTACTCCAGAAGATTC-1,CSF,-0.09834107806026707
MS,MS60249_CSF,GSM4104126_GTACTCCAGTTAACGA-1,CSF,-0.09834107806026707
MS,MS60249_CSF,GSM4104126_GTACTCCCAATGACCT-1,CSF,-0.09834107806026707
MS,MS60249_CSF,GSM4104126_GTACTTTCACCAGGTC-1,CSF,-0.09834107806026707
MS,MS60249_CSF,GSM4104126_GTAGGCCGTTAAAGTG-1,CSF,-0.09834107806026707
MS,MS60249_CSF,GSM4104126_GTAGTCAAGCGCTTAT-1,CSF,-0.09834107806026707
MS,MS60249_CSF,GSM4104126_GTAGTCAAGTCCGTAT-1,CSF,-0.09834107806026707
MS,MS60249_CSF,GSM4104126_GTAGTCATCACGATGT-1,CSF,-0.40259272421499454
MS,MS60249_CSF,GSM4104126_GTCAAGTGTCCGCTGA-1,CSF,-0.09834107806026707
MS,MS60249_CSF,GSM4104126_GTCAAGTGTCTCACCT-1,CSF,-0.09834107806026707
MS,MS60249_CSF,GSM4104126_GTCACAAAGAGTGAGA-1,CSF,-0.09834107806026707
MS,MS60249_CSF,GSM4104126_GTCACGGCACAACTGT-1,CSF,-0.3240980998594453
MS,MS60249_CSF,GSM4104126_GTCATTTGTGTTGGGA-1,CSF,0.050029665398245285
MS,MS60249_CSF,GSM4104126_GTCCTCATCCTTTCTC-1,CSF,-0.09834107806026707
MS,MS60249_CSF,GSM4104126_GTCGGGTCACCCAGTG-1,CSF,0.1124414274509241
MS,MS60249_CSF,GSM4104126_GTCGGGTTCGCTTGTC-1,CSF,0.057937544826878296
MS,MS60249_CSF,GSM4104126_GTCTCGTAGATCCCAT-1,CSF,-0.09834107806026707
MS,MS60249_CSF,GSM4104126_GTCTCGTTCCACGACG-1,CSF,-0.09834107806026707
MS,MS60249_CSF,GSM4104126_GTCTTCGCACTAGTAC-1,CSF,-0.08397609774977104
MS,MS60249_CSF,GSM4104126_GTCTTCGCAGGTTTCA-1,CSF,0.21059160646052713
MS,MS60249_CSF,GSM4104126_GTGAAGGCAGGCAGTA-1,CSF,-0.09834107806026707
MS,MS60249_CSF,GSM4104126_GTGAAGGTCTAACTTC-1,CSF,-0.09834107806026707
MS,MS60249_CSF,GSM4104126_GTGAAGGTCTGCGGCA-1,CSF,-0.09834107806026707
MS,MS60249_CSF,GSM4104126_GTGCAGCGTGCAGACA-1,CSF,-0.09834107806026707
MS,MS60249_CSF,GSM4104126_GTGCAGCGTGGTACAG-1,CSF,-0.09834107806026707
MS,MS60249_CSF,GSM4104126_GTGCATACACCTGGTG-1,CSF,-0.09834107806026707
MS,MS60249_CSF,GSM4104126_GTGCGGTCAGCCAGAA-1,CSF,-0.32957475215638005
MS,MS60249_CSF,GSM4104126_GTGCGGTTCTGAGTGT-1,CSF,-0.23455640036572803
MS,MS60249_CSF,GSM4104126_GTGTGCGAGCAGCGTA-1,CSF,-0.14547285716166844
MS,MS60249_CSF,GSM4104126_GTGTTAGCATTCTTAC-1,CSF,-0.09834107806026707
MS,MS60249_CSF,GSM4104126_GTTAAGCCACATGTGT-1,CSF,0.21161023497632292
MS,MS60249_CSF,GSM4104126_GTTCATTCATGCCACG-1,CSF,0.263643150650867
MS,MS60249_CSF,GSM4104126_GTTCATTTCTGCCAGG-1,CSF,-0.09834107806026707
MS,MS60249_CSF,GSM4104126_GTTCGGGTCCGAATGT-1,CSF,-0.09834107806026707
MS,MS60249_CSF,GSM4104126_GTTCTCGAGTCCCACG-1,CSF,0.18681016229003755
MS,MS60249_CSF,GSM4104126_GTTCTCGTCAACGGGA-1,CSF,0.26108173591290584
MS,MS60249_CSF,GSM4104126_GTTTCTAAGTTATCGC-1,CSF,-0.09834107806026707
MS,MS60249_CSF,GSM4104126_GTTTCTACATGGTCTA-1,CSF,-0.026361028738624257
MS,MS60249_CSF,GSM4104126_TAAACCGAGTCGTACT-1,CSF,-0.09834107806026707
MS,MS60249_CSF,GSM4104126_TAAGAGAAGCTAGTTC-1,CSF,-0.25199090688701975
MS,MS60249_CSF,GSM4104126_TAAGAGACAATGTTGC-1,CSF,-0.29969204967973606
MS,MS60249_CSF,GSM4104126_TAAGTGCGTCACCCAG-1,CSF,-0.5344303303245634
MS,MS60249_CSF,GSM4104126_TACAGTGAGCTCCCAG-1,CSF,-0.09834107806026707
MS,MS60249_CSF,GSM4104126_TACCTATAGGAATTAC-1,CSF,-0.09834107806026707
MS,MS60249_CSF,GSM4104126_TACCTTATCGAGCCCA-1,CSF,0.0998710722832488
MS,MS60249_CSF,GSM4104126_TACCTTATCGCCATAA-1,CSF,-0.03523750827837572
MS,MS60249_CSF,GSM4104126_TACGGATGTTCAGCGC-1,CSF,-0.1837324888289345
MS,MS60249_CSF,GSM4104126_TACGGGCGTACATCCA-1,CSF,-0.09834107806026707
MS,MS60249_CSF,GSM4104126_TACGGGCGTTGTGGAG-1,CSF,0.10192518169848573
MS,MS60249_CSF,GSM4104126_TACGGGCTCTAACCGA-1,CSF,0.012568821193467191
MS,MS60249_CSF,GSM4104126_TACGGTACACCAGATT-1,CSF,0.32760849768789957
MS,MS60249_CSF,GSM4104126_TACGGTAGTCCGTCAG-1,CSF,-0.2732832694401197
MS,MS60249_CSF,GSM4104126_TACTCATCATTCCTCG-1,CSF,0.16373191754335642
MS,MS60249_CSF,GSM4104126_TACTCATCATTTGCTT-1,CSF,-0.844165700020112
MS,MS60249_CSF,GSM4104126_TACTCGCAGCGTAGTG-1,CSF,-0.09834107806026707
MS,MS60249_CSF,GSM4104126_TACTCGCGTCTAGGTT-1,CSF,0.2814441164485297
MS,MS60249_CSF,GSM4104126_TACTTGTCAGGAATCG-1,CSF,0.18734169885225344
MS,MS60249_CSF,GSM4104126_TACTTGTGTCAATGTC-1,CSF,0.32503124558724955
MS,MS60249_CSF,GSM4104126_TAGAGCTTCAGTCAGT-1,CSF,-0.09834107806026707
MS,MS60249_CSF,GSM4104126_TAGGCATCAATCTGCA-1,CSF,-0.09834107806026707
MS,MS60249_CSF,GSM4104126_TAGGCATCAGATGGCA-1,CSF,-0.09834107806026707
MS,MS60249_CSF,GSM4104126_TAGGCATGTCCCGACA-1,CSF,-0.09834107806026707
MS,MS60249_CSF,GSM4104126_TAGGCATGTTCGTGAT-1,CSF,-0.09834107806026707
MS,MS60249_CSF,GSM4104126_TAGTGGTAGACTACAA-1,CSF,-0.09834107806026707
MS,MS60249_CSF,GSM4104126_TAGTGGTCATTAGCCA-1,CSF,-0.09834107806026707
MS,MS60249_CSF,GSM4104126_TAGTTGGAGGGAACGG-1,CSF,-0.09834107806026707
MS,MS60249_CSF,GSM4104126_TAGTTGGCAGACGCAA-1,CSF,-0.29823071015250724
MS,MS60249_CSF,GSM4104126_TAGTTGGGTAAAGGAG-1,CSF,-0.19894747148589584
MS,MS60249_CSF,GSM4104126_TAGTTGGGTCAGAGGT-1,CSF,0.37850931911422664
MS,MS60249_CSF,GSM4104126_TATCAGGAGCGCTCCA-1,CSF,0.09948294459935587
MS,MS60249_CSF,GSM4104126_TATCAGGAGTTCGCGC-1,CSF,-0.09834107806026707
MS,MS60249_CSF,GSM4104126_TATCAGGCACTTCTGC-1,CSF,-0.28898612414166536
MS,MS60249_CSF,GSM4104126_TATCAGGGTTGAGTTC-1,CSF,-0.09834107806026707
MS,MS60249_CSF,GSM4104126_TATCAGGTCACCTCGT-1,CSF,-0.09834107806026707
MS,MS60249_CSF,GSM4104126_TATCAGGTCAGTTGAC-1,CSF,0.04201205114243153
MS,MS60249_CSF,GSM4104126_TATCTCAAGAGCCCAA-1,CSF,-0.09834107806026707
MS,MS60249_CSF,GSM4104126_TATCTCACAGACAGGT-1,CSF,-0.09834107806026707
MS,MS60249_CSF,GSM4104126_TATGCCCAGCGAGAAA-1,CSF,0.15718054096042247
MS,MS60249_CSF,GSM4104126_TATGCCCCATCCGTGG-1,CSF,-0.3077655358144032
MS,MS60249_CSF,GSM4104126_TATGCCCTCGACAGCC-1,CSF,-0.09834107806026707
MS,MS60249_CSF,GSM4104126_TATTACCCACTTAACG-1,CSF,0.057983905360951625
MS,MS60249_CSF,GSM4104126_TCAACGATCCTCTAGC-1,CSF,-0.09834107806026707
MS,MS60249_CSF,GSM4104126_TCAATCTTCATTGCCC-1,CSF,0.21632942194233418
MS,MS60249_CSF,GSM4104126_TCACGAACAGATCCAT-1,CSF,0.18482256949150613
MS,MS60249_CSF,GSM4104126_TCAGATGGTACCGGCT-1,CSF,-0.09834107806026707
MS,MS60249_CSF,GSM4104126_TCAGATGTCCTCCTAG-1,CSF,0.2439732055788282
MS,MS60249_CSF,GSM4104126_TCAGCAATCATCATTC-1,CSF,-0.09834107806026707
MS,MS60249_CSF,GSM4104126_TCAGCAATCATGGTCA-1,CSF,-0.09834107806026707
MS,MS60249_CSF,GSM4104126_TCAGCTCCACCTTGTC-1,CSF,-0.09834107806026707
MS,MS60249_CSF,GSM4104126_TCAGCTCCAGCTGCAC-1,CSF,0.1427426419185725
MS,MS60249_CSF,GSM4104126_TCAGGATGTAGCCTAT-1,CSF,-0.09834107806026707
MS,MS60249_CSF,GSM4104126_TCAGGATTCCGCTGTT-1,CSF,0.3832068836537913
MS,MS60249_CSF,GSM4104126_TCAGGTAGTTAAGGGC-1,CSF,-0.09834107806026707
MS,MS60249_CSF,GSM4104126_TCATTTGCACAACGCC-1,CSF,-0.09834107806026707
MS,MS60249_CSF,GSM4104126_TCATTTGTCGCATGGC-1,CSF,-0.09834107806026707
MS,MS60249_CSF,GSM4104126_TCCCGATAGTATTGGA-1,CSF,-0.09834107806026707
MS,MS60249_CSF,GSM4104126_TCCCGATAGTTTAGGA-1,CSF,-0.09834107806026707
MS,MS60249_CSF,GSM4104126_TCGAGGCTCACGCATA-1,CSF,-0.3203212586144287
MS,MS60249_CSF,GSM4104126_TCGCGAGAGCGAGAAA-1,CSF,-0.09834107806026707
MS,MS60249_CSF,GSM4104126_TCGCGAGTCGCAAGCC-1,CSF,0.12440578533226114
MS,MS60249_CSF,GSM4104126_TCGCGTTGTATGAAAC-1,CSF,-0.2638869943720525
MS,MS60249_CSF,GSM4104126_TCGCGTTGTTCCATGA-1,CSF,-0.09834107806026707
MS,MS60249_CSF,GSM4104126_TCGTACCAGTGGGCTA-1,CSF,-0.6155436038677956
MS,MS60249_CSF,GSM4104126_TCGTAGAAGGTGGGTT-1,CSF,-0.09834107806026707
MS,MS60249_CSF,GSM4104126_TCGTAGACAGCCTTTC-1,CSF,-0.09834107806026707
MS,MS60249_CSF,GSM4104126_TCTATTGGTCCATCCT-1,CSF,0.10847767569166188
MS,MS60249_CSF,GSM4104126_TCTCATAAGGTACTCT-1,CSF,-0.09834107806026707
MS,MS60249_CSF,GSM4104126_TCTCATACACATCCAA-1,CSF,0.3390050094968934
MS,MS60249_CSF,GSM4104126_TCTCTAAGTGTTGAGG-1,CSF,-0.09834107806026707
MS,MS60249_CSF,GSM4104126_TCTGAGAAGAGGTTAT-1,CSF,-0.09834107806026707
MS,MS60249_CSF,GSM4104126_TCTGAGACAGCTGCTG-1,CSF,0.011213686148306534
MS,MS60249_CSF,GSM4104126_TCTGAGATCTGTCAAG-1,CSF,-0.0417570932317041
MS,MS60249_CSF,GSM4104126_TCTGGAAGTAATCGTC-1,CSF,-0.09834107806026707
MS,MS60249_CSF,GSM4104126_TCTGGAAGTTCCCTTG-1,CSF,-0.29096655118358655
MS,MS60249_CSF,GSM4104126_TCTTCGGCATGCCACG-1,CSF,0.6093953752081652
MS,MS60249_CSF,GSM4104126_TCTTCGGGTCAGAATA-1,CSF,-0.09834107806026707
MS,MS60249_CSF,GSM4104126_TCTTCGGTCTAACTCT-1,CSF,-0.09834107806026707
MS,MS60249_CSF,GSM4104126_TCTTTCCGTGGGTCAA-1,CSF,-0.09834107806026707
MS,MS60249_CSF,GSM4104126_TGAAAGAGTGCCTTGG-1,CSF,0.2222003392590329
MS,MS60249_CSF,GSM4104126_TGAAAGATCCTCGCAT-1,CSF,-0.09834107806026707
MS,MS60249_CSF,GSM4104126_TGACAACAGAAGGGTA-1,CSF,0.18576743119143277
MS,MS60249_CSF,GSM4104126_TGACAACAGATGTTAG-1,CSF,-0.25184449682033677
MS,MS60249_CSF,GSM4104126_TGACAACCATCTACGA-1,CSF,-0.062421886887743916
MS,MS60249_CSF,GSM4104126_TGACTAGGTAGGCTGA-1,CSF,-0.09834107806026707
MS,MS60249_CSF,GSM4104126_TGACTTTAGTCCTCCT-1,CSF,0.16880678289185597
MS,MS60249_CSF,GSM4104126_TGACTTTGTTGGTAAA-1,CSF,0.6503607835405819
MS,MS60249_CSF,GSM4104126_TGACTTTTCTGCGTAA-1,CSF,0.08110567792411814
MS,MS60249_CSF,GSM4104126_TGAGCATCATGTCTCC-1,CSF,0.056059521315793545
MS,MS60249_CSF,GSM4104126_TGAGCCGCAATGGTCT-1,CSF,-0.09834107806026707
MS,MS60249_CSF,GSM4104126_TGAGCCGTCTTACCTA-1,CSF,0.22372915851812297
MS,MS60249_CSF,GSM4104126_TGATTTCAGTGGACGT-1,CSF,-0.09834107806026707
MS,MS60249_CSF,GSM4104126_TGCCAAATCGAACGGA-1,CSF,-0.09834107806026707
MS,MS60249_CSF,GSM4104126_TGCCAAATCTCGGACG-1,CSF,-0.09834107806026707
MS,MS60249_CSF,GSM4104126_TGCCCATTCTTGTTTG-1,CSF,-0.27815879967062146
MS,MS60249_CSF,GSM4104126_TGCCCTAAGGAACTGC-1,CSF,-0.09834107806026707
MS,MS60249_CSF,GSM4104126_TGCGCAGCACCACCAG-1,CSF,0.36161916293807245
MS,MS60249_CSF,GSM4104126_TGCGCAGTCAGCACAT-1,CSF,-0.09834107806026707
MS,MS60249_CSF,GSM4104126_TGCGTGGTCCGCAGTG-1,CSF,0.8937678764373274
MS,MS60249_CSF,GSM4104126_TGCTACCCACTCAGGC-1,CSF,-0.28414264270736417
MS,MS60249_CSF,GSM4104126_TGCTACCGTGAACCTT-1,CSF,0.06623420750857807
MS,MS60249_CSF,GSM4104126_TGCTACCTCAACACTG-1,CSF,0.31184407344086057
MS,MS60249_CSF,GSM4104126_TGCTGCTGTATATGGA-1,CSF,-0.09834107806026707
MS,MS60249_CSF,GSM4104126_TGCTGCTGTCAAGCGA-1,CSF,-0.09834107806026707
MS,MS60249_CSF,GSM4104126_TGCTGCTGTCTCATCC-1,CSF,-0.09834107806026707
MS,MS60249_CSF,GSM4104126_TGCTGCTTCCTTAATC-1,CSF,-0.09834107806026707
MS,MS60249_CSF,GSM4104126_TGGACGCCACACCGCA-1,CSF,-0.09834107806026707
MS,MS60249_CSF,GSM4104126_TGGACGCTCTGTGCAA-1,CSF,-0.09834107806026707
MS,MS60249_CSF,GSM4104126_TGGCCAGAGGAGTTTA-1,CSF,-0.2990013485870561
MS,MS60249_CSF,GSM4104126_TGGCCAGGTGCATCTA-1,CSF,-0.09834107806026707
MS,MS60249_CSF,GSM4104126_TGGCCAGTCAGCTCTC-1,CSF,-0.29746992648066345
MS,MS60249_CSF,GSM4104126_TGGCGCAAGTGAACGC-1,CSF,0.11066400543518262
MS,MS60249_CSF,GSM4104126_TGGCTGGGTGTATGGG-1,CSF,-0.09834107806026707
MS,MS60249_CSF,GSM4104126_TGGCTGGGTTTCCACC-1,CSF,-0.09834107806026707
MS,MS60249_CSF,GSM4104126_TGGGCGTCATGTAAGA-1,CSF,-0.09834107806026707
MS,MS60249_CSF,GSM4104126_TGGGCGTGTAAAGTCA-1,CSF,-0.464406410730445
MS,MS60249_CSF,GSM4104126_TGGTTAGGTTAGGGTG-1,CSF,-0.09834107806026707
MS,MS60249_CSF,GSM4104126_TGGTTAGTCTGCTTGC-1,CSF,-0.12874315465429742
MS,MS60249_CSF,GSM4104126_TGGTTAGTCTTACCTA-1,CSF,-0.2451334962966118
MS,MS60249_CSF,GSM4104126_TGGTTCCCACGGATAG-1,CSF,-0.09834107806026707
MS,MS60249_CSF,GSM4104126_TGGTTCCTCCCTGACT-1,CSF,0.2553166376007846
MS,MS60249_CSF,GSM4104126_TGTATTCTCTGTCAAG-1,CSF,-0.09834107806026707
MS,MS60249_CSF,GSM4104126_TGTCCCACATTCCTGC-1,CSF,-0.09834107806026707
MS,MS60249_CSF,GSM4104126_TGTGGTATCCAAACTG-1,CSF,-0.09834107806026707
MS,MS60249_CSF,GSM4104126_TGTGTTTCATCTATGG-1,CSF,-0.09834107806026707
MS,MS60249_CSF,GSM4104126_TGTTCCGAGGGTATCG-1,CSF,-0.09834107806026707
MS,MS60249_CSF,GSM4104126_TGTTCCGCAATCACAC-1,CSF,-0.09834107806026707
MS,MS60249_CSF,GSM4104126_TTAGGACAGTGAACGC-1,CSF,-0.09834107806026707
MS,MS60249_CSF,GSM4104126_TTAGGACTCACCATAG-1,CSF,-0.09834107806026707
MS,MS60249_CSF,GSM4104126_TTAGTTCTCTGTCAAG-1,CSF,0.20549911982099814
MS,MS60249_CSF,GSM4104126_TTCGGTCTCCAGAAGG-1,CSF,0.219337177159424
MS,MS60249_CSF,GSM4104126_TTCTACACATCGGGTC-1,CSF,-1.35607502682612
MS,MS60249_CSF,GSM4104126_TTCTCAATCTATGTGG-1,CSF,0.39295815362705894
MS,MS60249_CSF,GSM4104126_TTCTCCTAGAAGGCCT-1,CSF,0.21019097947464482
MS,MS60249_CSF,GSM4104126_TTCTTAGAGTTGTAGA-1,CSF,-0.09834107806026707
MS,MS60249_CSF,GSM4104126_TTGAACGCAAGTTCTG-1,CSF,-0.09834107806026707
MS,MS60249_CSF,GSM4104126_TTGACTTAGTCAAGCG-1,CSF,-0.09834107806026707
MS,MS60249_CSF,GSM4104126_TTGACTTGTGTGAAAT-1,CSF,-0.09834107806026707
MS,MS60249_CSF,GSM4104126_TTGCCGTAGGTTCCTA-1,CSF,-0.09834107806026707
MS,MS60249_CSF,GSM4104126_TTGCGTCCAGTGAGTG-1,CSF,-0.09834107806026707
MS,MS60249_CSF,GSM4104126_TTGCGTCGTGGTCTCG-1,CSF,0.34361972419394393
MS,MS60249_CSF,GSM4104126_TTGGAACCACCATGTA-1,CSF,-0.6729074572545493
MS,MS60249_CSF,GSM4104126_TTGGCAAAGGCTATCT-1,CSF,0.4104167859003219
MS,MS60249_CSF,GSM4104126_TTGGCAAGTCACCCAG-1,CSF,0.12920100689572273
MS,MS60249_CSF,GSM4104126_TTGTAGGAGTAATCCC-1,CSF,-0.09834107806026707
MS,MS60249_CSF,GSM4104126_TTGTAGGTCAACGCTA-1,CSF,-0.46156919597011503
MS,MS60249_CSF,GSM4104126_TTGTAGGTCATCACCC-1,CSF,0.324675783207205
MS,MS60249_CSF,GSM4104126_TTTACTGTCGTGGGAA-1,CSF,-0.09834107806026707
MS,MS60249_CSF,GSM4104126_TTTGCGCCATGCCCGA-1,CSF,-0.06957970298938546
MS,MS60249_CSF,GSM4104126_TTTGGTTGTCCATCCT-1,CSF,-0.2249876023884731
MS,MS60249_CSF,GSM4104126_TTTGGTTGTTGATTGC-1,CSF,-0.09834107806026707
MS,MS60249_CSF,GSM4104126_TTTGTCAAGTGAACGC-1,CSF,-0.2572085411390078
MS,MS71658_CSF,GSM4104124_AACGTTGTCTTGTTTG-1,CSF,0.059516961365979136
MS,MS71658_CSF,GSM4104124_AACTCAGAGGAGCGTT-1,CSF,-0.44916461059188334
MS,MS71658_CSF,GSM4104124_AACTCCCGTGTGTGCC-1,CSF,-0.09834107806026707
MS,MS71658_CSF,GSM4104124_AACTTTCAGAAGGACA-1,CSF,-0.09834107806026707
MS,MS71658_CSF,GSM4104124_AAGACCTCAGGGAGAG-1,CSF,0.4855025827187106
MS,MS71658_CSF,GSM4104124_AAGCCGCGTAGAGCTG-1,CSF,-0.09834107806026707
MS,MS71658_CSF,GSM4104124_AAGTCTGGTCGTCTTC-1,CSF,-0.09834107806026707
MS,MS71658_CSF,GSM4104124_AATCGGTAGTTGAGAT-1,CSF,0.1759367138506483
MS,MS71658_CSF,GSM4104124_ACACCGGTCCTGTACC-1,CSF,0.023639281290649215
MS,MS71658_CSF,GSM4104124_ACACCGGTCGTTTGCC-1,CSF,-0.09834107806026707
MS,MS71658_CSF,GSM4104124_ACACTGACACTCTGTC-1,CSF,-0.03038155851876664
MS,MS71658_CSF,GSM4104124_ACACTGACACTTAAGC-1,CSF,-0.40005179298888943
MS,MS71658_CSF,GSM4104124_ACAGCCGGTTTACTCT-1,CSF,-0.09834107806026707
MS,MS71658_CSF,GSM4104124_ACATCAGCATCTCCCA-1,CSF,-0.09834107806026707
MS,MS71658_CSF,GSM4104124_ACATCAGTCACCTTAT-1,CSF,0.5548217302710609
MS,MS71658_CSF,GSM4104124_ACATCAGTCTCGCTTG-1,CSF,-0.051603931519417716
MS,MS71658_CSF,GSM4104124_ACATGGTAGCCGATTT-1,CSF,-0.09834107806026707
MS,MS71658_CSF,GSM4104124_ACCAGTATCCGTCAAA-1,CSF,-0.09834107806026707
MS,MS71658_CSF,GSM4104124_ACCGTAATCGTGGACC-1,CSF,-0.09834107806026707
MS,MS71658_CSF,GSM4104124_ACGAGCCAGATTACCC-1,CSF,-0.09834107806026707
MS,MS71658_CSF,GSM4104124_ACGAGGAGTTGGTAAA-1,CSF,-0.09834107806026707
MS,MS71658_CSF,GSM4104124_ACGCCAGAGCGATCCC-1,CSF,-0.09834107806026707
MS,MS71658_CSF,GSM4104124_ACGCCAGCAGGGTTAG-1,CSF,-0.09834107806026707
MS,MS71658_CSF,GSM4104124_ACGCCAGGTAGCACGA-1,CSF,-0.09834107806026707
MS,MS71658_CSF,GSM4104124_ACGGCCACAGAAGCAC-1,CSF,-0.09834107806026707
MS,MS71658_CSF,GSM4104124_ACGTCAAAGAGTAATC-1,CSF,-0.09834107806026707
MS,MS71658_CSF,GSM4104124_ACTGAACAGATCTGCT-1,CSF,0.026618958580544336
MS,MS71658_CSF,GSM4104124_ACTGAGTCACATCCAA-1,CSF,-0.09834107806026707
MS,MS71658_CSF,GSM4104124_AGAGCTTTCAACGAAA-1,CSF,-0.6604378948616495
MS,MS71658_CSF,GSM4104124_AGAGTGGCATTACCTT-1,CSF,-0.09834107806026707
MS,MS71658_CSF,GSM4104124_AGATCTGAGAACAATC-1,CSF,-0.09834107806026707
MS,MS71658_CSF,GSM4104124_AGCGTATCACGGATAG-1,CSF,-0.09834107806026707
MS,MS71658_CSF,GSM4104124_AGCGTCGCATCCTTGC-1,CSF,-0.21245319185975223
MS,MS71658_CSF,GSM4104124_AGCTCTCCACATCCAA-1,CSF,-0.09834107806026707
MS,MS71658_CSF,GSM4104124_AGGCCGTGTAATCACC-1,CSF,-0.09834107806026707
MS,MS71658_CSF,GSM4104124_AGGCCGTGTACTCAAC-1,CSF,-0.09834107806026707
MS,MS71658_CSF,GSM4104124_AGGCCGTTCGATGAGG-1,CSF,-0.09834107806026707
MS,MS71658_CSF,GSM4104124_AGGCCGTTCTTGAGGT-1,CSF,-0.09834107806026707
MS,MS71658_CSF,GSM4104124_AGGGTGAGTCATCGGC-1,CSF,-0.2805720336834426
MS,MS71658_CSF,GSM4104124_AGGTCATTCCAAACAC-1,CSF,-0.09834107806026707
MS,MS71658_CSF,GSM4104124_AGGTCCGCATAGAAAC-1,CSF,0.2303846158332479
MS,MS71658_CSF,GSM4104124_AGTAGTCCACAGGAGT-1,CSF,-0.09834107806026707
MS,MS71658_CSF,GSM4104124_AGTGGGATCTTGGGTA-1,CSF,-0.3827758827204043
MS,MS71658_CSF,GSM4104124_ATCATGGAGGTAAACT-1,CSF,0.2142653193848127
MS,MS71658_CSF,GSM4104124_ATCCGAAGTATTACCG-1,CSF,-0.26452203572996796
MS,MS71658_CSF,GSM4104124_ATCCGAATCACTCTTA-1,CSF,-0.09834107806026707
MS,MS71658_CSF,GSM4104124_ATCCGAATCAGTTGAC-1,CSF,-0.09834107806026707
MS,MS71658_CSF,GSM4104124_ATCTGCCCAGAAGCAC-1,CSF,-0.412268689994192
MS,MS71658_CSF,GSM4104124_ATGAGGGAGACGCTTT-1,CSF,0.12597768817347132
MS,MS71658_CSF,GSM4104124_ATGAGGGTCGCTAGCG-1,CSF,-0.31729099302317626
MS,MS71658_CSF,GSM4104124_ATGCGATAGCGTCTAT-1,CSF,0.07770948985548964
MS,MS71658_CSF,GSM4104124_ATGCGATAGGTACTCT-1,CSF,-0.4042650432251573
MS,MS71658_CSF,GSM4104124_ATGGGAGCACCACGTG-1,CSF,-0.09834107806026707
MS,MS71658_CSF,GSM4104124_ATGGGAGCATTGTGCA-1,CSF,-0.09834107806026707
MS,MS71658_CSF,GSM4104124_ATTCTACCAACGATCT-1,CSF,-0.09834107806026707
MS,MS71658_CSF,GSM4104124_ATTGGTGCAAACGCGA-1,CSF,-0.1906968399594799
MS,MS71658_CSF,GSM4104124_ATTTCTGCATGCCTTC-1,CSF,-0.09834107806026707
MS,MS71658_CSF,GSM4104124_CAACCAACACATTTCT-1,CSF,-0.09834107806026707
MS,MS71658_CSF,GSM4104124_CAAGAAAGTGAGGCTA-1,CSF,-0.730856853422107
MS,MS71658_CSF,GSM4104124_CAAGATCCAATCTACG-1,CSF,0.8590873745965073
MS,MS71658_CSF,GSM4104124_CAAGTTGTCGAGGTAG-1,CSF,-0.09834107806026707
MS,MS71658_CSF,GSM4104124_CACACAATCGTCACGG-1,CSF,-0.09834107806026707
MS,MS71658_CSF,GSM4104124_CACATTTCATGGTTGT-1,CSF,-0.241929926365714
MS,MS71658_CSF,GSM4104124_CACCAGGCATACGCCG-1,CSF,-0.09834107806026707
MS,MS71658_CSF,GSM4104124_CACTCCATCCCAAGAT-1,CSF,-0.09834107806026707
MS,MS71658_CSF,GSM4104124_CAGAGAGCATCATCCC-1,CSF,-0.32623385030861657
MS,MS71658_CSF,GSM4104124_CAGAGAGCATGAGCGA-1,CSF,0.010756230599811725
MS,MS71658_CSF,GSM4104124_CAGAGAGGTAAGTGTA-1,CSF,-0.09834107806026707
MS,MS71658_CSF,GSM4104124_CAGATCAAGTCCTCCT-1,CSF,0.18279792975403877
MS,MS71658_CSF,GSM4104124_CAGATCATCCCTAATT-1,CSF,-0.09834107806026707
MS,MS71658_CSF,GSM4104124_CAGCGACCATCGATTG-1,CSF,-0.09834107806026707
MS,MS71658_CSF,GSM4104124_CAGCGACTCGTTTATC-1,CSF,-0.09834107806026707
MS,MS71658_CSF,GSM4104124_CAGCTAAAGAAACGCC-1,CSF,-0.3389716310608061
MS,MS71658_CSF,GSM4104124_CAGCTGGCAGATGGCA-1,CSF,-0.09834107806026707
MS,MS71658_CSF,GSM4104124_CAGGTGCGTGTCTGAT-1,CSF,-0.09834107806026707
MS,MS71658_CSF,GSM4104124_CAGTAACGTCCTCTTG-1,CSF,0.48088841467090043
MS,MS71658_CSF,GSM4104124_CAGTCCTAGACTCGGA-1,CSF,-0.2320058976238823
MS,MS71658_CSF,GSM4104124_CATCAAGAGGAGTAGA-1,CSF,0.08145980402305797
MS,MS71658_CSF,GSM4104124_CATCAGACATGGGACA-1,CSF,-0.09834107806026707
MS,MS71658_CSF,GSM4104124_CATCAGAGTCTCTCGT-1,CSF,-0.4645692635657242
MS,MS71658_CSF,GSM4104124_CATCGAACAGGATCGA-1,CSF,-0.09834107806026707
MS,MS71658_CSF,GSM4104124_CATCGGGGTTCCAACA-1,CSF,-0.09834107806026707
MS,MS71658_CSF,GSM4104124_CATCGGGTCTACGAGT-1,CSF,-0.09834107806026707
MS,MS71658_CSF,GSM4104124_CATGACATCATATCGG-1,CSF,-0.09834107806026707
MS,MS71658_CSF,GSM4104124_CATGGCGGTGCGATAG-1,CSF,-0.4558327742010943
MS,MS71658_CSF,GSM4104124_CCACCTACAGGCAGTA-1,CSF,0.37789377321247003
MS,MS71658_CSF,GSM4104124_CCACGGAAGGATGGAA-1,CSF,-0.09834107806026707
MS,MS71658_CSF,GSM4104124_CCAGCGAAGCCACTAT-1,CSF,-0.09834107806026707
MS,MS71658_CSF,GSM4104124_CCATTCGTCTCCAGGG-1,CSF,-0.7571538699867233
MS,MS71658_CSF,GSM4104124_CCCAGTTAGCTAAACA-1,CSF,0.2542023281327993
MS,MS71658_CSF,GSM4104124_CCCAGTTAGTGGGCTA-1,CSF,0.11810651209996206
MS,MS71658_CSF,GSM4104124_CCCAGTTGTGGGTATG-1,CSF,-0.23455640036572803
MS,MS71658_CSF,GSM4104124_CCGGGATAGATCACGG-1,CSF,-0.09834107806026707
MS,MS71658_CSF,GSM4104124_CCGTACTAGGCCCGTT-1,CSF,0.1547528784158238
MS,MS71658_CSF,GSM4104124_CCGTACTAGTGGTCCC-1,CSF,-0.09834107806026707
MS,MS71658_CSF,GSM4104124_CCTAAAGTCATGCAAC-1,CSF,-0.09834107806026707
MS,MS71658_CSF,GSM4104124_CCTAGCTTCAGTCAGT-1,CSF,-0.16609857425179603
MS,MS71658_CSF,GSM4104124_CCTTACGCAAACAACA-1,CSF,0.1645155471326612
MS,MS71658_CSF,GSM4104124_CCTTTCTGTTCCATGA-1,CSF,0.16238437689217383
MS,MS71658_CSF,GSM4104124_CGACCTTGTCTCTTAT-1,CSF,-0.09834107806026707
MS,MS71658_CSF,GSM4104124_CGACTTCTCCTGCTTG-1,CSF,-0.09834107806026707
MS,MS71658_CSF,GSM4104124_CGCTATCTCACCTCGT-1,CSF,0.09920400196024448
MS,MS71658_CSF,GSM4104124_CGCTTCATCAGCCTAA-1,CSF,-0.2817643526680491
MS,MS71658_CSF,GSM4104124_CGGACACTCGTCACGG-1,CSF,0.2236316263056734
MS,MS71658_CSF,GSM4104124_CGGACGTAGGTGCAAC-1,CSF,0.2466806606471282
MS,MS71658_CSF,GSM4104124_CGGACTGTCATGTAGC-1,CSF,-0.09834107806026707
MS,MS71658_CSF,GSM4104124_CGGGTCAGTAGATTAG-1,CSF,-0.09834107806026707
MS,MS71658_CSF,GSM4104124_CGGTTAAAGAGACTAT-1,CSF,-0.09834107806026707
MS,MS71658_CSF,GSM4104124_CGTCACTAGCACCGTC-1,CSF,-0.09834107806026707
MS,MS71658_CSF,GSM4104124_CGTCACTCAGGCGATA-1,CSF,-0.24724680817171032
MS,MS71658_CSF,GSM4104124_CGTCTACTCAGTCCCT-1,CSF,-0.09834107806026707
MS,MS71658_CSF,GSM4104124_CGTGAGCGTGGCAAAC-1,CSF,-0.3299988114087534
MS,MS71658_CSF,GSM4104124_CGTGTCTAGGTAGCCA-1,CSF,-0.09834107806026707
MS,MS71658_CSF,GSM4104124_CTACATTCACCCATTC-1,CSF,0.6095538381380787
MS,MS71658_CSF,GSM4104124_CTACATTCATCTATGG-1,CSF,0.24492142125830768
MS,MS71658_CSF,GSM4104124_CTAGCCTAGTATCGAA-1,CSF,0.19582844341431432
MS,MS71658_CSF,GSM4104124_CTCATTACACTCTGTC-1,CSF,-0.18580179541893757
MS,MS71658_CSF,GSM4104124_CTCATTAGTTATCACG-1,CSF,-0.02128040289913724
MS,MS71658_CSF,GSM4104124_CTCCTAGTCCCATTAT-1,CSF,-0.28789802996108743
MS,MS71658_CSF,GSM4104124_CTCGGAGAGGGAACGG-1,CSF,-0.09834107806026707
MS,MS71658_CSF,GSM4104124_CTCGTCATCTGATTCT-1,CSF,0.48136931093376617
MS,MS71658_CSF,GSM4104124_CTCTGGTAGCGAGAAA-1,CSF,-0.09834107806026707
MS,MS71658_CSF,GSM4104124_CTGAAGTAGGTACTCT-1,CSF,-0.09834107806026707
MS,MS71658_CSF,GSM4104124_CTGCTGTCAATGTAAG-1,CSF,-0.20355143167669557
MS,MS71658_CSF,GSM4104124_CTGTTTACAATAGAGT-1,CSF,-0.09834107806026707
MS,MS71658_CSF,GSM4104124_CTTAACTGTCCAACTA-1,CSF,0.2923279292644949
MS,MS71658_CSF,GSM4104124_CTTAACTTCCTCAACC-1,CSF,-0.09834107806026707
MS,MS71658_CSF,GSM4104124_CTTAGGAGTGTTAAGA-1,CSF,0.2690081153466482
MS,MS71658_CSF,GSM4104124_CTTGGCTCACAACTGT-1,CSF,-0.09834107806026707
MS,MS71658_CSF,GSM4104124_CTTTGCGAGCCCGAAA-1,CSF,0.03316026979403933
MS,MS71658_CSF,GSM4104124_GAAACTCCAACGATGG-1,CSF,-0.6153069462569528
MS,MS71658_CSF,GSM4104124_GAACATCTCCGTTGCT-1,CSF,-0.09834107806026707
MS,MS71658_CSF,GSM4104124_GAACGGATCTTGTACT-1,CSF,-0.09834107806026707
MS,MS71658_CSF,GSM4104124_GAAGCAGTCAAAGTAG-1,CSF,-0.09834107806026707
MS,MS71658_CSF,GSM4104124_GAATAAGCAGTACACT-1,CSF,-0.09824700851202184
MS,MS71658_CSF,GSM4104124_GACACGCAGGTAGCTG-1,CSF,-0.4307708477067949
MS,MS71658_CSF,GSM4104124_GACAGAGCAGCCACCA-1,CSF,0.12622798896073956
MS,MS71658_CSF,GSM4104124_GACCTGGAGTCGATAA-1,CSF,-0.3068077992622849
MS,MS71658_CSF,GSM4104124_GACGTGCAGCTAAACA-1,CSF,-0.09834107806026707
MS,MS71658_CSF,GSM4104124_GACGTGCGTGGTCTCG-1,CSF,-0.27700343531315513
MS,MS71658_CSF,GSM4104124_GACGTGCTCTCCGGTT-1,CSF,-0.09834107806026707
MS,MS71658_CSF,GSM4104124_GACGTTAGTGCTAGCC-1,CSF,-0.09834107806026707
MS,MS71658_CSF,GSM4104124_GACTAACCAGACGCTC-1,CSF,0.1260323905206363
MS,MS71658_CSF,GSM4104124_GACTAACCAGATAATG-1,CSF,-0.09834107806026707
MS,MS71658_CSF,GSM4104124_GACTACAAGAAACGCC-1,CSF,-0.09834107806026707
MS,MS71658_CSF,GSM4104124_GACTGCGTCAAACCGT-1,CSF,0.5572778584150828
MS,MS71658_CSF,GSM4104124_GAGTCCGTCATAACCG-1,CSF,0.24703166350752656
MS,MS71658_CSF,GSM4104124_GATCGCGAGAAACCGC-1,CSF,0.10578116888241987
MS,MS71658_CSF,GSM4104124_GATGAAACAATGGAAT-1,CSF,-0.09834107806026707
MS,MS71658_CSF,GSM4104124_GATGAAATCGTCCAGG-1,CSF,-0.09834107806026707
MS,MS71658_CSF,GSM4104124_GATGAGGGTAAGTAGT-1,CSF,0.25506271766338234
MS,MS71658_CSF,GSM4104124_GCAAACTGTAGCCTAT-1,CSF,-0.09834107806026707
MS,MS71658_CSF,GSM4104124_GCAATCACAAGACACG-1,CSF,-0.09834107806026707
MS,MS71658_CSF,GSM4104124_GCAATCATCGTAGGTT-1,CSF,0.270693873485383
MS,MS71658_CSF,GSM4104124_GCATGCGAGAACAACT-1,CSF,-0.09834107806026707
MS,MS71658_CSF,GSM4104124_GCGCAGTTCGTTTAGG-1,CSF,-0.2341162325411728
MS,MS71658_CSF,GSM4104124_GCGCCAAAGAAGCCCA-1,CSF,-0.5160466050338465
MS,MS71658_CSF,GSM4104124_GCGCGATAGTCGTTTG-1,CSF,0.20749072402072682
MS,MS71658_CSF,GSM4104124_GCTGCTTTCGGACAAG-1,CSF,-0.30720260884535594
MS,MS71658_CSF,GSM4104124_GCTGGGTGTTCCAACA-1,CSF,-0.09834107806026707
MS,MS71658_CSF,GSM4104124_GCTTCCAAGTGTTGAA-1,CSF,-0.3906634727871732
MS,MS71658_CSF,GSM4104124_GGAAAGCTCCAAGCCG-1,CSF,-0.2867167563877738
MS,MS71658_CSF,GSM4104124_GGACAAGGTAGCCTCG-1,CSF,-0.09834107806026707
MS,MS71658_CSF,GSM4104124_GGACGTCCATCTGGTA-1,CSF,-0.09834107806026707
MS,MS71658_CSF,GSM4104124_GGCAATTCATAAGACA-1,CSF,0.417975380012011
MS,MS71658_CSF,GSM4104124_GGCCGATAGAGTACCG-1,CSF,-0.09834107806026707
MS,MS71658_CSF,GSM4104124_GGCCGATGTGAGGGAG-1,CSF,0.10531417782790546
MS,MS71658_CSF,GSM4104124_GGGAATGAGGTACTCT-1,CSF,-0.05826644582112909
MS,MS71658_CSF,GSM4104124_GGGAGATGTAAATACG-1,CSF,-0.09834107806026707
MS,MS71658_CSF,GSM4104124_GGGCATCGTCTTGCGG-1,CSF,-0.09834107806026707
MS,MS71658_CSF,GSM4104124_GGGCATCTCACGACTA-1,CSF,-0.09834107806026707
MS,MS71658_CSF,GSM4104124_GGTGAAGAGAACAATC-1,CSF,-0.09834107806026707
MS,MS71658_CSF,GSM4104124_GGTGCGTAGACTTGAA-1,CSF,-0.4753776664781261
MS,MS71658_CSF,GSM4104124_GGTGCGTCATTCCTCG-1,CSF,0.15068888405340664
MS,MS71658_CSF,GSM4104124_GTAACGTGTTGACGTT-1,CSF,-0.09834107806026707
MS,MS71658_CSF,GSM4104124_GTACTCCCAGCCACCA-1,CSF,-0.09834107806026707
MS,MS71658_CSF,GSM4104124_GTAGGCCTCCCGACTT-1,CSF,-0.09834107806026707
MS,MS71658_CSF,GSM4104124_GTATTCTGTCCGAGTC-1,CSF,0.07417832355794894
MS,MS71658_CSF,GSM4104124_GTCGTAATCGAATCCA-1,CSF,-0.09834107806026707
MS,MS71658_CSF,GSM4104124_GTGCAGCCACCGGAAA-1,CSF,-0.0009829485274818037
MS,MS71658_CSF,GSM4104124_GTGCTTCGTCTGGTCG-1,CSF,-0.09834107806026707
MS,MS71658_CSF,GSM4104124_GTGTGCGAGAAGGGTA-1,CSF,-0.24732847526622254
MS,MS71658_CSF,GSM4104124_GTGTGCGGTCTGCAAT-1,CSF,0.691310916874525
MS,MS71658_CSF,GSM4104124_GTTAAGCCAAGCTGAG-1,CSF,-0.09834107806026707
MS,MS71658_CSF,GSM4104124_GTTACAGAGCTACCGC-1,CSF,-0.09834107806026707
MS,MS71658_CSF,GSM4104124_GTTCATTCAAGAGGCT-1,CSF,0.3256682176188872
MS,MS71658_CSF,GSM4104124_GTTCGGGGTTTAAGCC-1,CSF,-0.09834107806026707
MS,MS71658_CSF,GSM4104124_TAAACCGGTGGGTCAA-1,CSF,-0.2601312690896097
MS,MS71658_CSF,GSM4104124_TAAGCGTCACCTTGTC-1,CSF,-0.35938792047249846
MS,MS71658_CSF,GSM4104124_TACACGAGTCGGCATC-1,CSF,0.1403884876542641
MS,MS71658_CSF,GSM4104124_TACCTTAGTTTGACTG-1,CSF,0.2621176233091569
MS,MS71658_CSF,GSM4104124_TACGGATAGCGTTTAC-1,CSF,-0.09834107806026707
MS,MS71658_CSF,GSM4104124_TACGGGCTCACCTCGT-1,CSF,-0.09834107806026707
MS,MS71658_CSF,GSM4104124_TACGGTATCTCTAGGA-1,CSF,0.5040365583044213
MS,MS71658_CSF,GSM4104124_TACTCGCGTCTTGTCC-1,CSF,-0.09834107806026707
MS,MS71658_CSF,GSM4104124_TACTCGCGTTGCTCCT-1,CSF,-0.09834107806026707
MS,MS71658_CSF,GSM4104124_TACTTGTGTGTGAAAT-1,CSF,0.2640965571077031
MS,MS71658_CSF,GSM4104124_TATCTCAAGTGTACTC-1,CSF,-0.09834107806026707
MS,MS71658_CSF,GSM4104124_TATCTCAGTTACCGAT-1,CSF,-0.09834107806026707
MS,MS71658_CSF,GSM4104124_TATGCCCGTTGCGTTA-1,CSF,-0.09834107806026707
MS,MS71658_CSF,GSM4104124_TCAATCTTCCATGAGT-1,CSF,-0.09834107806026707
MS,MS71658_CSF,GSM4104124_TCGCGAGCAATCTGCA-1,CSF,-0.09834107806026707
MS,MS71658_CSF,GSM4104124_TCGCGTTCAGCGTTCG-1,CSF,-0.09834107806026707
MS,MS71658_CSF,GSM4104124_TCGGGACCATCTCCCA-1,CSF,-0.09834107806026707
MS,MS71658_CSF,GSM4104124_TCGGGACCATGCTGGC-1,CSF,-0.2821054370228847
MS,MS71658_CSF,GSM4104124_TCGTACCAGCTGTCTA-1,CSF,-0.34290537752431305
MS,MS71658_CSF,GSM4104124_TCGTAGACACGAAATA-1,CSF,-0.09834107806026707
MS,MS71658_CSF,GSM4104124_TCTATTGAGACGCTTT-1,CSF,0.23586724345389462
MS,MS71658_CSF,GSM4104124_TCTATTGGTGCAACTT-1,CSF,-0.09834107806026707
MS,MS71658_CSF,GSM4104124_TCTGGAATCAGGCGAA-1,CSF,-0.23972269967598772
MS,MS71658_CSF,GSM4104124_TCTTCGGAGTGACTCT-1,CSF,-0.09834107806026707
MS,MS71658_CSF,GSM4104124_TGACGGCAGTGCCAGA-1,CSF,-0.3476231458355394
MS,MS71658_CSF,GSM4104124_TGACGGCAGTTACGGG-1,CSF,0.1262160125462865
MS,MS71658_CSF,GSM4104124_TGACTAGCAATAGCGG-1,CSF,-0.09834107806026707
MS,MS71658_CSF,GSM4104124_TGACTAGTCCAAACAC-1,CSF,-0.2923431480433508
MS,MS71658_CSF,GSM4104124_TGACTTTTCGGGAGTA-1,CSF,-0.09834107806026707
MS,MS71658_CSF,GSM4104124_TGAGCCGAGAAACGAG-1,CSF,-0.09834107806026707
MS,MS71658_CSF,GSM4104124_TGAGGGAGTGCTTCTC-1,CSF,-0.09834107806026707
MS,MS71658_CSF,GSM4104124_TGATTTCAGTGAATTG-1,CSF,-0.09834107806026707
MS,MS71658_CSF,GSM4104124_TGATTTCTCCTAGTGA-1,CSF,-0.3616765235095936
MS,MS71658_CSF,GSM4104124_TGCCAAACACCTATCC-1,CSF,-0.3873039919032614
MS,MS71658_CSF,GSM4104124_TGCCCTACAGTCACTA-1,CSF,0.28963614206949934
MS,MS71658_CSF,GSM4104124_TGCGGGTCATGACGGA-1,CSF,-0.09834107806026707
MS,MS71658_CSF,GSM4104124_TGCGGGTGTCTCCATC-1,CSF,-0.25476977225727143
MS,MS71658_CSF,GSM4104124_TGCTACCGTACAGTGG-1,CSF,-0.5734325324623892
MS,MS71658_CSF,GSM4104124_TGCTACCTCATGTGGT-1,CSF,-0.09834107806026707
MS,MS71658_CSF,GSM4104124_TGGACGCCATTCCTGC-1,CSF,-0.09834107806026707
MS,MS71658_CSF,GSM4104124_TGGCGCAAGAAGAAGC-1,CSF,-0.09834107806026707
MS,MS71658_CSF,GSM4104124_TGGCTGGAGTGTTTGC-1,CSF,-0.21201110190495878
MS,MS71658_CSF,GSM4104124_TGGCTGGCAGATCGGA-1,CSF,-0.09834107806026707
MS,MS71658_CSF,GSM4104124_TGTATTCTCAGGCCCA-1,CSF,-0.09834107806026707
MS,MS71658_CSF,GSM4104124_TGTTCCGGTTACAGAA-1,CSF,-0.09834107806026707
MS,MS71658_CSF,GSM4104124_TTAACTCTCAGCGACC-1,CSF,-0.09834107806026707
MS,MS71658_CSF,GSM4104124_TTAGTTCAGAGCAATT-1,CSF,0.354827258037666
MS,MS71658_CSF,GSM4104124_TTCTCCTGTCCCTTGT-1,CSF,-0.09834107806026707
MS,MS71658_CSF,GSM4104124_TTGCGTCAGTTGAGTA-1,CSF,-0.09834107806026707
MS,MS71658_CSF,GSM4104124_TTGGCAAGTCGTCTTC-1,CSF,-0.09834107806026707
MS,MS71658_CSF,GSM4104124_TTGGCAATCCGGGTGT-1,CSF,-0.2584915982339469
MS,MS71658_CSF,GSM4104124_TTGTAGGGTAGAGTGC-1,CSF,-0.09834107806026707
MS,MS71658_CSF,GSM4104124_TTTCCTCAGTGAAGTT-1,CSF,-0.09834107806026707
MS,MS71658_CSF,GSM4104124_TTTGCGCGTTCTCATT-1,CSF,0.36339763643642786
MS,MS71658_CSF,GSM4104124_TTTGGTTCAGTCGATT-1,CSF,-0.09834107806026707
MS,MS71658_CSF,GSM4104124_TTTGTCATCGTCTGCT-1,CSF,0.19556321270815316
MS,MS74594_CSF,GSM4104127_AACACGTCACTTACGA-1,CSF,-0.263974838068001
MS,MS74594_CSF,GSM4104127_AAGGCAGTCAGATAAG-1,CSF,0.014987013003581724
MS,MS74594_CSF,GSM4104127_AATCGGTCACAGCCCA-1,CSF,-0.19407221200072605
MS,MS74594_CSF,GSM4104127_ACACCCTCATATGGTC-1,CSF,-0.09834107806026707
MS,MS74594_CSF,GSM4104127_ACAGCTATCCGCATAA-1,CSF,-0.09834107806026707
MS,MS74594_CSF,GSM4104127_ACCAGTACATTGAGCT-1,CSF,-0.9321898507829621
MS,MS74594_CSF,GSM4104127_ACGCCGACACCGAAAG-1,CSF,-0.09834107806026707
MS,MS74594_CSF,GSM4104127_ACTGAACCACATGGGA-1,CSF,-0.09834107806026707
MS,MS74594_CSF,GSM4104127_AGTAGTCCATCTATGG-1,CSF,-0.09834107806026707
MS,MS74594_CSF,GSM4104127_ATGTGTGCATGCTAGT-1,CSF,-0.4831289999195251
MS,MS74594_CSF,GSM4104127_ATTCTACAGATTACCC-1,CSF,-0.09834107806026707
MS,MS74594_CSF,GSM4104127_ATTCTACTCGATAGAA-1,CSF,-0.2535173704729915
MS,MS74594_CSF,GSM4104127_CAAGGCCTCGGAGCAA-1,CSF,0.31710624606164867
MS,MS74594_CSF,GSM4104127_CAAGTTGTCAGCTTAG-1,CSF,-0.09834107806026707
MS,MS74594_CSF,GSM4104127_CAGCTAAGTCTGATTG-1,CSF,-0.2010443761104177
MS,MS74594_CSF,GSM4104127_CATGCCTCAATAAGCA-1,CSF,-0.09834107806026707
MS,MS74594_CSF,GSM4104127_CCAGCGATCATTTGGG-1,CSF,-0.09834107806026707
MS,MS74594_CSF,GSM4104127_CCTCTGAAGAGACGAA-1,CSF,-0.09834107806026707
MS,MS74594_CSF,GSM4104127_CGCTATCAGCCACGTC-1,CSF,0.01749824807089124
MS,MS74594_CSF,GSM4104127_CGGACTGTCTCCTATA-1,CSF,-0.24301047418058674
MS,MS74594_CSF,GSM4104127_CGTGTCTCACGGTGTC-1,CSF,-0.25227001426197865
MS,MS74594_CSF,GSM4104127_CGTTGGGGTTTGACTG-1,CSF,-0.3567877294908253
MS,MS74594_CSF,GSM4104127_CTAACTTGTCTAGAGG-1,CSF,-0.09834107806026707
MS,MS74594_CSF,GSM4104127_CTACCCATCAGCCTAA-1,CSF,0.07405325666911818
MS,MS74594_CSF,GSM4104127_CTCACACTCTACCTGC-1,CSF,0.15356584334652285
MS,MS74594_CSF,GSM4104127_CTGCCTAGTACCGAGA-1,CSF,-0.09834107806026707
MS,MS74594_CSF,GSM4104127_GACTAACCAGATGGCA-1,CSF,-0.09834107806026707
MS,MS74594_CSF,GSM4104127_GATGCTATCTCCTATA-1,CSF,-0.2662663278203784
MS,MS74594_CSF,GSM4104127_GCATGCGCAGGATCGA-1,CSF,0.1419278209364581
MS,MS74594_CSF,GSM4104127_GCCAAATAGAATAGGG-1,CSF,-0.09834107806026707
MS,MS74594_CSF,GSM4104127_GGGACCTGTGCGAAAC-1,CSF,0.5724238222012141
MS,MS74594_CSF,GSM4104127_GGGAGATAGTGGTAGC-1,CSF,-0.243344614221053
MS,MS74594_CSF,GSM4104127_GTAACTGAGGTGCTTT-1,CSF,-0.2740524028227646
MS,MS74594_CSF,GSM4104127_GTATCTTAGCCCAACC-1,CSF,-0.11071310789755394
MS,MS74594_CSF,GSM4104127_GTATTCTTCTGCGGCA-1,CSF,-0.09834107806026707
MS,MS74594_CSF,GSM4104127_GTCATTTCATGGGACA-1,CSF,-0.09834107806026707
MS,MS74594_CSF,GSM4104127_GTGCTTCGTCTCTTAT-1,CSF,-1.0127845466862664
MS,MS74594_CSF,GSM4104127_GTTCGGGTCTGGAGCC-1,CSF,-0.11247244118812152
MS,MS74594_CSF,GSM4104127_GTTCTCGGTATATGGA-1,CSF,0.29561206567520387
MS,MS74594_CSF,GSM4104127_TAAGCGTAGTGTGAAT-1,CSF,-0.09834107806026707
MS,MS74594_CSF,GSM4104127_TCAGCAATCTTCGAGA-1,CSF,-0.22209150297385444
MS,MS74594_CSF,GSM4104127_TCAGGATTCCGAAGAG-1,CSF,-0.09834107806026707
MS,MS74594_CSF,GSM4104127_TGAAAGAAGTACGACG-1,CSF,-0.4866347564199001
MS,MS74594_CSF,GSM4104127_TGCACCTCAAATACAG-1,CSF,-0.04668163651561895
MS,MS74594_CSF,GSM4104127_TGCTACCTCTCGGACG-1,CSF,-0.09834107806026707
MS,MS74594_CSF,GSM4104127_TGGCGCACACCTGGTG-1,CSF,0.1423416006507805
MS,MS74594_CSF,GSM4104127_TGGGAAGGTAACGACG-1,CSF,-0.29355919777462536
MS,MS74594_CSF,GSM4104127_TTCTCCTGTCGGCATC-1,CSF,0.05335939868589841
HC,PTC45044_CSF,GSM4104132_AAACCTGAGGGTCTCC-1,CSF,-0.3158341668574587
HC,PTC45044_CSF,GSM4104132_AAACCTGCACAACGCC-1,CSF,-0.47133439768167934
HC,PTC45044_CSF,GSM4104132_AAACCTGGTCTAGTGT-1,CSF,-0.0014536944828448409
HC,PTC45044_CSF,GSM4104132_AAACGGGCAGGTGGAT-1,CSF,-0.5218117102699754
HC,PTC45044_CSF,GSM4104132_AAACGGGGTTAAGAAC-1,CSF,-0.5900399801613773
HC,PTC45044_CSF,GSM4104132_AAACGGGTCAACTCTT-1,CSF,-0.2549604105801874
HC,PTC45044_CSF,GSM4104132_AAACGGGTCCTGTACC-1,CSF,0.19288408146572092
HC,PTC45044_CSF,GSM4104132_AACACGTAGAGACGAA-1,CSF,-1.1476076010108227
HC,PTC45044_CSF,GSM4104132_AACCATGCACGACTCG-1,CSF,-0.4574854272122642
HC,PTC45044_CSF,GSM4104132_AACCATGGTCCGTCAG-1,CSF,-0.09098055630950487
HC,PTC45044_CSF,GSM4104132_AACTCAGGTGGCTCCA-1,CSF,-0.08214654214537646
HC,PTC45044_CSF,GSM4104132_AACTCTTGTTTGCATG-1,CSF,-0.3447165206329568
HC,PTC45044_CSF,GSM4104132_AACTGGTAGCTTATCG-1,CSF,-0.09834107806026707
HC,PTC45044_CSF,GSM4104132_AACTGGTGTACCGGCT-1,CSF,-0.09834107806026707
HC,PTC45044_CSF,GSM4104132_AACTTTCTCTGCTGCT-1,CSF,-0.5340335137244705
HC,PTC45044_CSF,GSM4104132_AAGACCTAGCACAGGT-1,CSF,-0.4415442100900243
HC,PTC45044_CSF,GSM4104132_AAGACCTAGTGCCAGA-1,CSF,-0.3557758911533888
HC,PTC45044_CSF,GSM4104132_AAGACCTCACTTAAGC-1,CSF,-0.42538892238337167
HC,PTC45044_CSF,GSM4104132_AAGACCTGTATTAGCC-1,CSF,0.13846681218870308
HC,PTC45044_CSF,GSM4104132_AAGCCGCCATCGATTG-1,CSF,-0.09834107806026707
HC,PTC45044_CSF,GSM4104132_AAGCCGCTCTGTGCAA-1,CSF,-0.32765278600243636
HC,PTC45044_CSF,GSM4104132_AAGGAGCCACTGCCAG-1,CSF,-0.09834107806026707
HC,PTC45044_CSF,GSM4104132_AAGGTTCCAGCTCGAC-1,CSF,-0.1195337239660662
HC,PTC45044_CSF,GSM4104132_AAGTCTGCAGTAGAGC-1,CSF,-0.7038276198155989
HC,PTC45044_CSF,GSM4104132_AATCCAGTCCGCGCAA-1,CSF,-0.3645554104317771
HC,PTC45044_CSF,GSM4104132_AATCCAGTCGGAGGTA-1,CSF,-1.045993968279337
HC,PTC45044_CSF,GSM4104132_AATCGGTGTAACGACG-1,CSF,-0.09834107806026707
HC,PTC45044_CSF,GSM4104132_ACACCCTAGTGGGTTG-1,CSF,0.3007303833303246
HC,PTC45044_CSF,GSM4104132_ACACCCTTCGATGAGG-1,CSF,-0.34584195132805456
HC,PTC45044_CSF,GSM4104132_ACACCGGTCAGCTCGG-1,CSF,0.002476532531225769
HC,PTC45044_CSF,GSM4104132_ACAGCTAGTCAAAGAT-1,CSF,-0.736178004552232
HC,PTC45044_CSF,GSM4104132_ACAGCTAGTGCAGTAG-1,CSF,-0.7948675978112979
HC,PTC45044_CSF,GSM4104132_ACATGGTGTAGCTTGT-1,CSF,0.6261450067932044
HC,PTC45044_CSF,GSM4104132_ACATGGTTCTTGCCGT-1,CSF,-0.40110862025843946
HC,PTC45044_CSF,GSM4104132_ACCTTTATCAACGGGA-1,CSF,-0.2816736627060528
HC,PTC45044_CSF,GSM4104132_ACGAGCCCACGAAGCA-1,CSF,-0.024892850417951955
HC,PTC45044_CSF,GSM4104132_ACGATACGTCATGCAT-1,CSF,-0.12117768971552692
HC,PTC45044_CSF,GSM4104132_ACGATACTCCTCATTA-1,CSF,0.17429116398818967
HC,PTC45044_CSF,GSM4104132_ACGATGTGTCTAACGT-1,CSF,-0.306724942711117
HC,PTC45044_CSF,GSM4104132_ACGATGTTCTTCTGGC-1,CSF,-0.9333047011133535
HC,PTC45044_CSF,GSM4104132_ACGCCAGAGATCCGAG-1,CSF,-0.37334032156600927
HC,PTC45044_CSF,GSM4104132_ACGCCGAAGCTCCCAG-1,CSF,-0.09834107806026707
HC,PTC45044_CSF,GSM4104132_ACGCCGAAGGGCACTA-1,CSF,-0.4984919571160444
HC,PTC45044_CSF,GSM4104132_ACGTCAATCTCGGACG-1,CSF,-0.09834107806026707
HC,PTC45044_CSF,GSM4104132_ACTTTCAAGGCTCATT-1,CSF,-0.2803491725598442
HC,PTC45044_CSF,GSM4104132_ACTTTCACATTCTTAC-1,CSF,0.0623561125965784
HC,PTC45044_CSF,GSM4104132_ACTTTCAGTACTCAAC-1,CSF,-0.7629148422436982
HC,PTC45044_CSF,GSM4104132_AGACGTTTCACATGCA-1,CSF,-0.09834107806026707
HC,PTC45044_CSF,GSM4104132_AGAGCGATCGCATGAT-1,CSF,-0.04745824797076416
HC,PTC45044_CSF,GSM4104132_AGAGCTTCATGGTCAT-1,CSF,-0.09834107806026707
HC,PTC45044_CSF,GSM4104132_AGAGCTTGTGACGCCT-1,CSF,-0.2265230211193245
HC,PTC45044_CSF,GSM4104132_AGATCTGCACCAGGTC-1,CSF,-0.36373032671200195
HC,PTC45044_CSF,GSM4104132_AGCAGCCCAGTCAGCC-1,CSF,0.10818903458952388
HC,PTC45044_CSF,GSM4104132_AGCCTAATCGGCTACG-1,CSF,-0.09834107806026707
HC,PTC45044_CSF,GSM4104132_AGCGGTCAGATGGGTC-1,CSF,-0.09834107806026707
HC,PTC45044_CSF,GSM4104132_AGCGGTCGTTGAGTTC-1,CSF,-0.09834107806026707
HC,PTC45044_CSF,GSM4104132_AGCGTATCATTCCTGC-1,CSF,-0.26069809826468066
HC,PTC45044_CSF,GSM4104132_AGCGTCGGTACCGAGA-1,CSF,-0.540719177378611
HC,PTC45044_CSF,GSM4104132_AGCTTGACAGCCTTTC-1,CSF,-0.09834107806026707
HC,PTC45044_CSF,GSM4104132_AGGCCACTCGGTGTCG-1,CSF,-0.09834107806026707
HC,PTC45044_CSF,GSM4104132_AGGCCGTTCTCTAAGG-1,CSF,-0.09834107806026707
HC,PTC45044_CSF,GSM4104132_AGGGTGAAGGAATTAC-1,CSF,-0.3758574506700714
HC,PTC45044_CSF,GSM4104132_AGGTCCGCACCACGTG-1,CSF,0.19562330714279672
HC,PTC45044_CSF,GSM4104132_AGTAGTCTCTAACCGA-1,CSF,-0.09834107806026707
HC,PTC45044_CSF,GSM4104132_AGTTGGTAGCTGATAA-1,CSF,-0.06990324092222301
HC,PTC45044_CSF,GSM4104132_AGTTGGTCAGTCGTGC-1,CSF,-0.14994690128703983
HC,PTC45044_CSF,GSM4104132_ATAGACCAGATTACCC-1,CSF,0.2861263386137956
HC,PTC45044_CSF,GSM4104132_ATAGACCAGCTGAAAT-1,CSF,0.11633149728915004
HC,PTC45044_CSF,GSM4104132_ATAGACCTCCTTAATC-1,CSF,0.1922420214390639
HC,PTC45044_CSF,GSM4104132_ATCACGAGTCTTGTCC-1,CSF,-0.09834107806026707
HC,PTC45044_CSF,GSM4104132_ATCACGATCCTGTACC-1,CSF,-0.27180934715658545
HC,PTC45044_CSF,GSM4104132_ATCATCTGTTGAGGTG-1,CSF,-0.3446710755141597
HC,PTC45044_CSF,GSM4104132_ATCATCTTCCTCCTAG-1,CSF,-0.09834107806026707
HC,PTC45044_CSF,GSM4104132_ATCATGGAGGCGACAT-1,CSF,-0.09834107806026707
HC,PTC45044_CSF,GSM4104132_ATCCACCAGCTGTTCA-1,CSF,-0.9709586862066422
HC,PTC45044_CSF,GSM4104132_ATCTACTAGATCCCAT-1,CSF,-0.09834107806026707
HC,PTC45044_CSF,GSM4104132_ATGAGGGTCAACACGT-1,CSF,-0.09834107806026707
HC,PTC45044_CSF,GSM4104132_ATGAGGGTCGTAGGTT-1,CSF,-0.09834107806026707
HC,PTC45044_CSF,GSM4104132_ATGCGATAGCGGATCA-1,CSF,-0.4054136533618097
HC,PTC45044_CSF,GSM4104132_ATGCGATGTTACGCGC-1,CSF,-0.25054164412800517
HC,PTC45044_CSF,GSM4104132_ATGGGAGCACGTTGGC-1,CSF,0.4796484260279329
HC,PTC45044_CSF,GSM4104132_ATGGGAGTCACGCATA-1,CSF,-0.8658014743949882
HC,PTC45044_CSF,GSM4104132_ATGTGTGAGTCCCACG-1,CSF,-0.09834107806026707
HC,PTC45044_CSF,GSM4104132_ATTATCCCAATGGATA-1,CSF,-0.3938244036442991
HC,PTC45044_CSF,GSM4104132_ATTCTACGTCGGCTCA-1,CSF,-0.5225631811545492
HC,PTC45044_CSF,GSM4104132_ATTGGACGTAGATTAG-1,CSF,-0.3850285516905621
HC,PTC45044_CSF,GSM4104132_ATTGGACGTGGCAAAC-1,CSF,0.013174876766495838
HC,PTC45044_CSF,GSM4104132_CAACCAATCTAACTTC-1,CSF,-0.36884266779438873
HC,PTC45044_CSF,GSM4104132_CAACCTCCATCGACGC-1,CSF,-0.5259640619014085
HC,PTC45044_CSF,GSM4104132_CAACCTCCATGCCTTC-1,CSF,-0.592491998986835
HC,PTC45044_CSF,GSM4104132_CAACTAGAGAATGTTG-1,CSF,-0.09834107806026707
HC,PTC45044_CSF,GSM4104132_CACAAACAGCGTAGTG-1,CSF,0.11275939966015582
HC,PTC45044_CSF,GSM4104132_CACAAACCAATCACAC-1,CSF,-0.1953609241434697
HC,PTC45044_CSF,GSM4104132_CACACCTAGTGTCCCG-1,CSF,-0.09834107806026707
HC,PTC45044_CSF,GSM4104132_CACACTCCAAAGCGGT-1,CSF,-0.5284421338271388
HC,PTC45044_CSF,GSM4104132_CACAGGCGTTCACCTC-1,CSF,-0.22095010922153438
HC,PTC45044_CSF,GSM4104132_CACAGTACATGCTAGT-1,CSF,-0.6404272415722866
HC,PTC45044_CSF,GSM4104132_CACATTTGTATTAGCC-1,CSF,-0.09834107806026707
HC,PTC45044_CSF,GSM4104132_CACATTTTCTCGTTTA-1,CSF,-0.8673948256278139
HC,PTC45044_CSF,GSM4104132_CAGATCAAGGACATTA-1,CSF,-0.2738897835724264
HC,PTC45044_CSF,GSM4104132_CAGCTAAAGCTTTGGT-1,CSF,-0.014692906738307254
HC,PTC45044_CSF,GSM4104132_CAGCTGGCAAGGCTCC-1,CSF,-0.6897048105886483
HC,PTC45044_CSF,GSM4104132_CAGCTGGGTACGCTGC-1,CSF,0.07165938020774516
HC,PTC45044_CSF,GSM4104132_CAGCTGGGTTATCGGT-1,CSF,-0.09834107806026707
HC,PTC45044_CSF,GSM4104132_CAGTAACAGCTGGAAC-1,CSF,0.1298189267344505
HC,PTC45044_CSF,GSM4104132_CAGTAACAGTACGACG-1,CSF,-0.2845628688121584
HC,PTC45044_CSF,GSM4104132_CAGTAACTCTGCCAGG-1,CSF,-0.17260412647744675
HC,PTC45044_CSF,GSM4104132_CAGTCCTCAAGCCCAC-1,CSF,-0.09834107806026707
HC,PTC45044_CSF,GSM4104132_CATATGGCATGAGCGA-1,CSF,-0.09834107806026707
HC,PTC45044_CSF,GSM4104132_CATATGGTCAGTCCCT-1,CSF,-0.514519456527378
HC,PTC45044_CSF,GSM4104132_CATCAAGCAAGTAATG-1,CSF,-0.9993104838819503
HC,PTC45044_CSF,GSM4104132_CATCAAGCAATAGCGG-1,CSF,-0.4249224388114681
HC,PTC45044_CSF,GSM4104132_CATCAAGGTACTTAGC-1,CSF,-0.525302868965397
HC,PTC45044_CSF,GSM4104132_CATCAAGGTCCGCTGA-1,CSF,-0.2285748554955551
HC,PTC45044_CSF,GSM4104132_CATCAGAAGCCTTGAT-1,CSF,-0.5303632697277006
HC,PTC45044_CSF,GSM4104132_CATCAGACAAGCCATT-1,CSF,-0.9382280235147377
HC,PTC45044_CSF,GSM4104132_CATCAGATCCAGTAGT-1,CSF,-0.542020693610443
HC,PTC45044_CSF,GSM4104132_CATCCACCAGCTCGCA-1,CSF,-0.09834107806026707
HC,PTC45044_CSF,GSM4104132_CATCGAAAGAAGAAGC-1,CSF,-0.2858866873171955
HC,PTC45044_CSF,GSM4104132_CATCGAAAGAGCTGGT-1,CSF,-0.38196092303484586
HC,PTC45044_CSF,GSM4104132_CATGACAAGCAGACTG-1,CSF,-0.7543779836041732
HC,PTC45044_CSF,GSM4104132_CATGACACAATCAGAA-1,CSF,-0.1307804861678364
HC,PTC45044_CSF,GSM4104132_CATGACAGTACTTCTT-1,CSF,-0.09834107806026707
HC,PTC45044_CSF,GSM4104132_CATGCCTTCTTTCCTC-1,CSF,-0.004201483675008071
HC,PTC45044_CSF,GSM4104132_CATGGCGTCGCAGGCT-1,CSF,-0.44175141380105626
HC,PTC45044_CSF,GSM4104132_CATTATCTCGTAGATC-1,CSF,-0.743652487156787
HC,PTC45044_CSF,GSM4104132_CCAATCCAGCTTTGGT-1,CSF,-0.5384896695308478
HC,PTC45044_CSF,GSM4104132_CCAGCGAGTATGCTTG-1,CSF,-0.2445575018419903
HC,PTC45044_CSF,GSM4104132_CCATTCGTCAATCACG-1,CSF,-0.11551314206185088
HC,PTC45044_CSF,GSM4104132_CCCATACCAACAACCT-1,CSF,-0.2417553524029184
HC,PTC45044_CSF,GSM4104132_CCCTCCTTCGGATGTT-1,CSF,-0.2651988951408714
HC,PTC45044_CSF,GSM4104132_CCGGGATAGAGACGAA-1,CSF,0.20156327664764323
HC,PTC45044_CSF,GSM4104132_CCGGGATGTAGTAGTA-1,CSF,-1.1638059321764582
HC,PTC45044_CSF,GSM4104132_CCGGTAGAGACGACGT-1,CSF,-0.18437331862320053
HC,PTC45044_CSF,GSM4104132_CCGTACTCAGTCTTCC-1,CSF,0.1358391849873981
HC,PTC45044_CSF,GSM4104132_CCGTGGACAGACTCGC-1,CSF,-0.7646519328531572
HC,PTC45044_CSF,GSM4104132_CCGTGGATCTACCTGC-1,CSF,-0.3626573759701705
HC,PTC45044_CSF,GSM4104132_CCTAAAGGTCCGTTAA-1,CSF,-0.09834107806026707
HC,PTC45044_CSF,GSM4104132_CCTACACAGTACCGGA-1,CSF,-0.7976212513506505
HC,PTC45044_CSF,GSM4104132_CCTACACAGTCCTCCT-1,CSF,0.13218057589841267
HC,PTC45044_CSF,GSM4104132_CCTACACGTAGAGCTG-1,CSF,-0.28446860238834076
HC,PTC45044_CSF,GSM4104132_CCTAGCTGTGACTCAT-1,CSF,-0.08597891775205514
HC,PTC45044_CSF,GSM4104132_CCTCTGAGTAGAAAGG-1,CSF,-0.9980618883243721
HC,PTC45044_CSF,GSM4104132_CCTTCCCCACTCTGTC-1,CSF,-0.09834107806026707
HC,PTC45044_CSF,GSM4104132_CCTTTCTCATAGACTC-1,CSF,-0.23283662121629492
HC,PTC45044_CSF,GSM4104132_CCTTTCTGTGTTCGAT-1,CSF,0.3080843793427722
HC,PTC45044_CSF,GSM4104132_CCTTTCTTCCCTAATT-1,CSF,-0.07397173526854536
HC,PTC45044_CSF,GSM4104132_CGAACATAGAATAGGG-1,CSF,-0.09834107806026707
HC,PTC45044_CSF,GSM4104132_CGAACATAGGGTTTCT-1,CSF,-0.11265854035589203
HC,PTC45044_CSF,GSM4104132_CGACCTTAGCGTGAAC-1,CSF,-1.4219032158696925
HC,PTC45044_CSF,GSM4104132_CGACTTCCATATGGTC-1,CSF,-0.030066348970618724
HC,PTC45044_CSF,GSM4104132_CGATGTAGTCCGTCAG-1,CSF,-0.9922168396688872
HC,PTC45044_CSF,GSM4104132_CGATTGATCCGCAGTG-1,CSF,-1.1614086969469573
HC,PTC45044_CSF,GSM4104132_CGCCAAGAGTGGCACA-1,CSF,-0.344733468195911
HC,PTC45044_CSF,GSM4104132_CGCGTTTAGTGCTGCC-1,CSF,-0.3887660027431406
HC,PTC45044_CSF,GSM4104132_CGCTATCCATGATCCA-1,CSF,-0.3844731035255056
HC,PTC45044_CSF,GSM4104132_CGCTGGAGTGTTGGGA-1,CSF,-0.605503651796392
HC,PTC45044_CSF,GSM4104132_CGCTTCAAGCCACTAT-1,CSF,-0.4656050305671889
HC,PTC45044_CSF,GSM4104132_CGGACACAGGTAGCCA-1,CSF,0.08969806812989832
HC,PTC45044_CSF,GSM4104132_CGGACACTCCCAAGAT-1,CSF,-0.3243360799545284
HC,PTC45044_CSF,GSM4104132_CGGACGTAGATCGGGT-1,CSF,-0.31489183367264967
HC,PTC45044_CSF,GSM4104132_CGGACGTCATCGATGT-1,CSF,-0.5396223164106358
HC,PTC45044_CSF,GSM4104132_CGGACTGAGAAACCGC-1,CSF,-0.5109691949192744
HC,PTC45044_CSF,GSM4104132_CGGAGTCAGACGCACA-1,CSF,-0.7488906341403878
HC,PTC45044_CSF,GSM4104132_CGGCTAGGTCGTGGCT-1,CSF,0.26180166216892264
HC,PTC45044_CSF,GSM4104132_CGGGTCACATGTCCTC-1,CSF,-0.5935621197643686
HC,PTC45044_CSF,GSM4104132_CGTCACTTCATTGCCC-1,CSF,-0.0873686749863143
HC,PTC45044_CSF,GSM4104132_CGTCAGGAGTTCCACA-1,CSF,-0.37299353357655807
HC,PTC45044_CSF,GSM4104132_CGTCAGGTCGCATGAT-1,CSF,-0.25576334532629
HC,PTC45044_CSF,GSM4104132_CGTCCATAGTCAATAG-1,CSF,-0.09834107806026707
HC,PTC45044_CSF,GSM4104132_CGTCCATCAGGGTACA-1,CSF,-0.09834107806026707
HC,PTC45044_CSF,GSM4104132_CGTGAGCCAGTTCATG-1,CSF,0.3622702191521701
HC,PTC45044_CSF,GSM4104132_CGTGTCTTCAGTCAGT-1,CSF,-0.23898062848066037
HC,PTC45044_CSF,GSM4104132_CGTTAGACATCGGACC-1,CSF,-0.7113702695122688
HC,PTC45044_CSF,GSM4104132_CGTTAGAGTCATATGC-1,CSF,0.15359984424940198
HC,PTC45044_CSF,GSM4104132_CGTTGGGTCCTCAACC-1,CSF,-0.2944435207002603
HC,PTC45044_CSF,GSM4104132_CGTTGGGTCGCCCTTA-1,CSF,-0.4312972417442906
HC,PTC45044_CSF,GSM4104132_CTAACTTAGACTGTAA-1,CSF,-0.2608657338061285
HC,PTC45044_CSF,GSM4104132_CTAATGGCACTTCGAA-1,CSF,0.1761923882936806
HC,PTC45044_CSF,GSM4104132_CTAATGGGTCACTTCC-1,CSF,-0.4886226814612897
HC,PTC45044_CSF,GSM4104132_CTACACCAGGTGATAT-1,CSF,0.1684071579899147
HC,PTC45044_CSF,GSM4104132_CTACACCCATGTCTCC-1,CSF,-0.09184481923899726
HC,PTC45044_CSF,GSM4104132_CTACATTCACGGCGTT-1,CSF,-0.2208112587524347
HC,PTC45044_CSF,GSM4104132_CTACCCAAGACTCGGA-1,CSF,0.13258849776988763
HC,PTC45044_CSF,GSM4104132_CTACGTCCAATCGGTT-1,CSF,-0.853804675162781
HC,PTC45044_CSF,GSM4104132_CTACGTCTCTGCGGCA-1,CSF,-0.5628224733038356
HC,PTC45044_CSF,GSM4104132_CTAGCCTCAGTCACTA-1,CSF,-0.8047119628792991
HC,PTC45044_CSF,GSM4104132_CTCACACGTGCAACTT-1,CSF,-0.5014172058602376
HC,PTC45044_CSF,GSM4104132_CTCATTACATCACGAT-1,CSF,-0.09834107806026707
HC,PTC45044_CSF,GSM4104132_CTCATTAGTAAGTGGC-1,CSF,0.10536611091988415
HC,PTC45044_CSF,GSM4104132_CTCCTAGAGGCAAAGA-1,CSF,-0.47601503667986655
HC,PTC45044_CSF,GSM4104132_CTCCTAGGTTCCCTTG-1,CSF,-0.3500868785102016
HC,PTC45044_CSF,GSM4104132_CTCGAGGGTGATGTGG-1,CSF,-0.22948155460576666
HC,PTC45044_CSF,GSM4104132_CTCGAGGTCACAACGT-1,CSF,-0.47305146657016506
HC,PTC45044_CSF,GSM4104132_CTCGGGAGTATCAGTC-1,CSF,-0.3457287331689001
HC,PTC45044_CSF,GSM4104132_CTCTAATAGGCTATCT-1,CSF,0.26307008196517845
HC,PTC45044_CSF,GSM4104132_CTCTAATTCCCAACGG-1,CSF,-0.09834107806026707
HC,PTC45044_CSF,GSM4104132_CTCTAATTCGTCCGTT-1,CSF,-0.8652997524059592
HC,PTC45044_CSF,GSM4104132_CTCTACGGTCGCTTTC-1,CSF,-0.30461931454730234
HC,PTC45044_CSF,GSM4104132_CTGAAACAGTACGCGA-1,CSF,-0.3267840629234711
HC,PTC45044_CSF,GSM4104132_CTGAAACTCAACCAAC-1,CSF,-0.09834107806026707
HC,PTC45044_CSF,GSM4104132_CTGAAGTTCAGTTAGC-1,CSF,0.37545559717138766
HC,PTC45044_CSF,GSM4104132_CTGATAGCAAGTCATC-1,CSF,-0.46431729107006453
HC,PTC45044_CSF,GSM4104132_CTGATAGTCCCTTGCA-1,CSF,-0.24523879152868666
HC,PTC45044_CSF,GSM4104132_CTGATCCCATTTCACT-1,CSF,-0.5510278085371914
HC,PTC45044_CSF,GSM4104132_CTGCGGATCCTACAGA-1,CSF,-0.06376883741502666
HC,PTC45044_CSF,GSM4104132_CTGTGCTCACGTCAGC-1,CSF,-0.09834107806026707
HC,PTC45044_CSF,GSM4104132_CTGTGCTTCTCGATGA-1,CSF,-0.02905928293470363
HC,PTC45044_CSF,GSM4104132_CTTAACTCATCTGGTA-1,CSF,0.3925937091523561
HC,PTC45044_CSF,GSM4104132_CTTACCGCAGCCAATT-1,CSF,-0.20536710637252634
HC,PTC45044_CSF,GSM4104132_CTTACCGGTAGCGTGA-1,CSF,-0.5013128198387694
HC,PTC45044_CSF,GSM4104132_CTTAGGATCCGCATCT-1,CSF,-0.3378571337961182
HC,PTC45044_CSF,GSM4104132_CTTCTCTCAAGTCTGT-1,CSF,-0.09834107806026707
HC,PTC45044_CSF,GSM4104132_CTTGGCTTCGCCATAA-1,CSF,-0.3056861296713492
HC,PTC45044_CSF,GSM4104132_CTTTGCGGTTACGACT-1,CSF,-0.09834107806026707
HC,PTC45044_CSF,GSM4104132_GAAACTCTCAGTTTGG-1,CSF,-0.09834107806026707
HC,PTC45044_CSF,GSM4104132_GAAATGAAGTTGTAGA-1,CSF,-0.08574238298459327
HC,PTC45044_CSF,GSM4104132_GAAATGACAAACCTAC-1,CSF,-0.09834107806026707
HC,PTC45044_CSF,GSM4104132_GAAATGATCCTATGTT-1,CSF,0.14664147635884733
HC,PTC45044_CSF,GSM4104132_GAACCTACAATGTAAG-1,CSF,0.1153267269190135
HC,PTC45044_CSF,GSM4104132_GAACCTAGTGGACGAT-1,CSF,-0.09834107806026707
HC,PTC45044_CSF,GSM4104132_GAAGCAGGTCATTAGC-1,CSF,-0.26452203572996796
HC,PTC45044_CSF,GSM4104132_GAATGAAGTGTTTGTG-1,CSF,-0.06439581751276567
HC,PTC45044_CSF,GSM4104132_GACACGCAGGTTCCTA-1,CSF,-0.8085847915799231
HC,PTC45044_CSF,GSM4104132_GACAGAGGTGTGCCTG-1,CSF,-0.31415626724733586
HC,PTC45044_CSF,GSM4104132_GACCAATAGTCCTCCT-1,CSF,-0.9126202981162576
HC,PTC45044_CSF,GSM4104132_GACCAATAGTGGGCTA-1,CSF,-0.8685170046332668
HC,PTC45044_CSF,GSM4104132_GACCAATCACATTCGA-1,CSF,0.5643498359663416
HC,PTC45044_CSF,GSM4104132_GACCAATGTTGGGACA-1,CSF,-0.39443728656476684
HC,PTC45044_CSF,GSM4104132_GACCTGGCAATGCCAT-1,CSF,-0.22301067493131482
HC,PTC45044_CSF,GSM4104132_GACGCGTTCCTACAGA-1,CSF,-0.48318336554818797
HC,PTC45044_CSF,GSM4104132_GACGGCTAGAGGTTGC-1,CSF,-1.0053928642519392
HC,PTC45044_CSF,GSM4104132_GACTAACGTCTAGAGG-1,CSF,-0.4567854568704263
HC,PTC45044_CSF,GSM4104132_GACTACACAGGACGTA-1,CSF,-0.08283077004355506
HC,PTC45044_CSF,GSM4104132_GACTGCGAGCAGACTG-1,CSF,0.1423709134957004
HC,PTC45044_CSF,GSM4104132_GACTGCGCACGTCTCT-1,CSF,-0.204236905512752
HC,PTC45044_CSF,GSM4104132_GACTGCGGTCTAAACC-1,CSF,-1.017302970116164
HC,PTC45044_CSF,GSM4104132_GAGCAGACATCCGGGT-1,CSF,-0.09834107806026707
HC,PTC45044_CSF,GSM4104132_GAGTCCGTCTGTGCAA-1,CSF,-0.3762836044876311
HC,PTC45044_CSF,GSM4104132_GATCAGTCAATGCCAT-1,CSF,-0.03218340507334094
HC,PTC45044_CSF,GSM4104132_GATCGCGGTACGAAAT-1,CSF,-1.05515344650759
HC,PTC45044_CSF,GSM4104132_GATCGCGTCACAAACC-1,CSF,0.12996452305238218
HC,PTC45044_CSF,GSM4104132_GATGAAAGTTGTCTTT-1,CSF,0.23528431713949774
HC,PTC45044_CSF,GSM4104132_GATGAGGGTGTAATGA-1,CSF,-0.19947425355252113
HC,PTC45044_CSF,GSM4104132_GATTCAGTCAACGAAA-1,CSF,-1.2222345120030635
HC,PTC45044_CSF,GSM4104132_GCAATCAGTACCGCTG-1,CSF,-0.649687953573188
HC,PTC45044_CSF,GSM4104132_GCAATCAGTCTAGTCA-1,CSF,0.1436483678345996
HC,PTC45044_CSF,GSM4104132_GCACATACACAGATTC-1,CSF,-0.3628467855947168
HC,PTC45044_CSF,GSM4104132_GCACATACAGACAGGT-1,CSF,-0.6190594062122015
HC,PTC45044_CSF,GSM4104132_GCACATAGTAAGAGAG-1,CSF,-0.5118506268480154
HC,PTC45044_CSF,GSM4104132_GCACATATCCTCCTAG-1,CSF,-0.09834107806026707
HC,PTC45044_CSF,GSM4104132_GCACTCTCACAACGTT-1,CSF,0.13503796042584768
HC,PTC45044_CSF,GSM4104132_GCACTCTGTGGTCCGT-1,CSF,0.24100916441730508
HC,PTC45044_CSF,GSM4104132_GCAGTTAAGATAGTCA-1,CSF,-0.5283046629597606
HC,PTC45044_CSF,GSM4104132_GCATGATAGAGTACCG-1,CSF,-0.4582672992919036
HC,PTC45044_CSF,GSM4104132_GCATGCGAGGGTATCG-1,CSF,-0.6593683476299074
HC,PTC45044_CSF,GSM4104132_GCATGTACAGACAGGT-1,CSF,0.22139580681586107
HC,PTC45044_CSF,GSM4104132_GCCTCTAAGCGATGAC-1,CSF,0.31238423135900817
HC,PTC45044_CSF,GSM4104132_GCCTCTACATGGGAAC-1,CSF,-0.5264079586423219
HC,PTC45044_CSF,GSM4104132_GCGAGAACACCGTTGG-1,CSF,-0.09834107806026707
HC,PTC45044_CSF,GSM4104132_GCGAGAATCCTCATTA-1,CSF,-0.32315598575070437
HC,PTC45044_CSF,GSM4104132_GCGCAACGTACGACCC-1,CSF,-0.53284523711614
HC,PTC45044_CSF,GSM4104132_GCGCAGTAGGGAAACA-1,CSF,0.04533698044932228
HC,PTC45044_CSF,GSM4104132_GCGCCAACATTTCAGG-1,CSF,-0.5265766534418325
HC,PTC45044_CSF,GSM4104132_GCTCCTACAAGCGATG-1,CSF,-0.5481213344478161
HC,PTC45044_CSF,GSM4104132_GCTCTGTAGTGCCAGA-1,CSF,-0.09834107806026707
HC,PTC45044_CSF,GSM4104132_GCTCTGTGTTGAGGTG-1,CSF,-0.3657653195633636
HC,PTC45044_CSF,GSM4104132_GCTGCAGCACATCTTT-1,CSF,-0.5706447265612562
HC,PTC45044_CSF,GSM4104132_GCTGGGTAGATATACG-1,CSF,-0.09834107806026707
HC,PTC45044_CSF,GSM4104132_GCTTCCAAGAATTGTG-1,CSF,-0.2986234108908299
HC,PTC45044_CSF,GSM4104132_GCTTCCAGTACCCAAT-1,CSF,-1.1191903668479368
HC,PTC45044_CSF,GSM4104132_GCTTGAACACAGACAG-1,CSF,-0.24259110400674694
HC,PTC45044_CSF,GSM4104132_GGAACTTCACGGTAGA-1,CSF,-0.09834107806026707
HC,PTC45044_CSF,GSM4104132_GGAACTTGTCCGTGAC-1,CSF,-0.6997552128762194
HC,PTC45044_CSF,GSM4104132_GGAATAAAGCGGATCA-1,CSF,-0.09834107806026707
HC,PTC45044_CSF,GSM4104132_GGAATAAAGTTCGCAT-1,CSF,0.17193079990695428
HC,PTC45044_CSF,GSM4104132_GGAATAACATAGACTC-1,CSF,-0.02222842596304369
HC,PTC45044_CSF,GSM4104132_GGAATAATCAGTTAGC-1,CSF,-0.09834107806026707
HC,PTC45044_CSF,GSM4104132_GGACAGACAGCTTCGG-1,CSF,-0.09834107806026707
HC,PTC45044_CSF,GSM4104132_GGACAGAGTCGAAAGC-1,CSF,-0.09834107806026707
HC,PTC45044_CSF,GSM4104132_GGCCGATGTATCGCAT-1,CSF,-0.29583009218343254
HC,PTC45044_CSF,GSM4104132_GGCCGATTCGCCTGTT-1,CSF,-0.5307633922919158
HC,PTC45044_CSF,GSM4104132_GGCGACTAGCCTATGT-1,CSF,0.06174872990263337
HC,PTC45044_CSF,GSM4104132_GGCGACTGTGGTTTCA-1,CSF,-0.09834107806026707
HC,PTC45044_CSF,GSM4104132_GGCTGGTCAATTGCTG-1,CSF,-0.2091302974901017
HC,PTC45044_CSF,GSM4104132_GGGAATGAGTCTTGCA-1,CSF,-0.4037724429901182
HC,PTC45044_CSF,GSM4104132_GGGAATGCATCGACGC-1,CSF,-0.3792960780778759
HC,PTC45044_CSF,GSM4104132_GGGAATGTCCGCAGTG-1,CSF,-0.09834107806026707
HC,PTC45044_CSF,GSM4104132_GGGACCTTCGAGCCCA-1,CSF,0.12514456196959575
HC,PTC45044_CSF,GSM4104132_GGGAGATAGTCAATAG-1,CSF,-0.32812211394914226
HC,PTC45044_CSF,GSM4104132_GGGAGATCAACGATCT-1,CSF,-0.8725393215505092
HC,PTC45044_CSF,GSM4104132_GGGAGATGTCCCGACA-1,CSF,-0.4323066289152288
HC,PTC45044_CSF,GSM4104132_GGGATGAGTCGGGTCT-1,CSF,-0.1655196829301027
HC,PTC45044_CSF,GSM4104132_GGGCACTTCAACACTG-1,CSF,-0.09834107806026707
HC,PTC45044_CSF,GSM4104132_GGGCACTTCAACTCTT-1,CSF,-0.10815121660513885
HC,PTC45044_CSF,GSM4104132_GGGCATCAGAGTCTGG-1,CSF,0.6511271477635816
HC,PTC45044_CSF,GSM4104132_GGGTCTGGTATCACCA-1,CSF,-0.6112907825183476
HC,PTC45044_CSF,GSM4104132_GGTATTGTCAGTTAGC-1,CSF,-0.09834107806026707
HC,PTC45044_CSF,GSM4104132_GGTGAAGCATGTCCTC-1,CSF,-0.24995313351224402
HC,PTC45044_CSF,GSM4104132_GTAACTGAGCGACGTA-1,CSF,-0.4340992502009975
HC,PTC45044_CSF,GSM4104132_GTAACTGTCATTATCC-1,CSF,-0.13479633313197614
HC,PTC45044_CSF,GSM4104132_GTACGTAAGGAGTACC-1,CSF,-0.2780281034655032
HC,PTC45044_CSF,GSM4104132_GTACGTATCACGCGGT-1,CSF,-0.3895407931875397
HC,PTC45044_CSF,GSM4104132_GTACGTATCGCCAGCA-1,CSF,-0.09834107806026707
HC,PTC45044_CSF,GSM4104132_GTAGGCCAGGATGGAA-1,CSF,-0.7537366020756427
HC,PTC45044_CSF,GSM4104132_GTATCTTAGGAGTAGA-1,CSF,0.15376590095150133
HC,PTC45044_CSF,GSM4104132_GTATCTTCAATGTTGC-1,CSF,-0.27645379982747137
HC,PTC45044_CSF,GSM4104132_GTATCTTTCGAGCCCA-1,CSF,-0.3658728443837064
HC,PTC45044_CSF,GSM4104132_GTCACAAAGATAGGAG-1,CSF,0.014230379396053603
HC,PTC45044_CSF,GSM4104132_GTCACAACAGGGTTAG-1,CSF,-0.2409636339899743
HC,PTC45044_CSF,GSM4104132_GTCATTTAGGTTACCT-1,CSF,-1.0869892069455611
HC,PTC45044_CSF,GSM4104132_GTCATTTAGTAGATGT-1,CSF,-0.5226512103222973
HC,PTC45044_CSF,GSM4104132_GTCCTCACAATGACCT-1,CSF,-0.29184671102810206
HC,PTC45044_CSF,GSM4104132_GTCCTCATCCAAGCCG-1,CSF,-0.23933855491569317
HC,PTC45044_CSF,GSM4104132_GTCGTAATCTGATTCT-1,CSF,-0.2864984774026711
HC,PTC45044_CSF,GSM4104132_GTCTCGTAGTTGTAGA-1,CSF,-0.24239368716691287
HC,PTC45044_CSF,GSM4104132_GTCTTCGAGATACACA-1,CSF,-0.36517630980829097
HC,PTC45044_CSF,GSM4104132_GTGCAGCAGGACAGCT-1,CSF,-0.3429485027775768
HC,PTC45044_CSF,GSM4104132_GTGCAGCCAAACAACA-1,CSF,-0.5685733372803307
HC,PTC45044_CSF,GSM4104132_GTGCAGCCACACAGAG-1,CSF,-0.34155367909274476
HC,PTC45044_CSF,GSM4104132_GTGCGGTAGCGTCTAT-1,CSF,-0.22857773146276955
HC,PTC45044_CSF,GSM4104132_GTGCGGTTCCAATGGT-1,CSF,0.3764364147977367
HC,PTC45044_CSF,GSM4104132_GTTAAGCGTAGAAAGG-1,CSF,-0.24864985776286294
HC,PTC45044_CSF,GSM4104132_GTTACAGAGGCATTGG-1,CSF,-0.7537938358710833
HC,PTC45044_CSF,GSM4104132_GTTACAGCATATGAGA-1,CSF,-0.09834107806026707
HC,PTC45044_CSF,GSM4104132_GTTCATTGTTCGTCTC-1,CSF,-0.6330755261488495
HC,PTC45044_CSF,GSM4104132_GTTCGGGGTCACAAGG-1,CSF,-0.67613607668157
HC,PTC45044_CSF,GSM4104132_GTTTCTAGTCCCTTGT-1,CSF,-0.037381400215951786
HC,PTC45044_CSF,GSM4104132_GTTTCTATCATTTGGG-1,CSF,-0.9416572067298388
HC,PTC45044_CSF,GSM4104132_TAAACCGCATACCATG-1,CSF,-0.09834107806026707
HC,PTC45044_CSF,GSM4104132_TAAGAGAAGTGTCCAT-1,CSF,0.05897357126859269
HC,PTC45044_CSF,GSM4104132_TAAGCGTAGTGTCCCG-1,CSF,-0.582610728568662
HC,PTC45044_CSF,GSM4104132_TACAGTGAGAGACGAA-1,CSF,-0.37989668608035093
HC,PTC45044_CSF,GSM4104132_TACAGTGAGCACAGGT-1,CSF,-0.2608657338061285
HC,PTC45044_CSF,GSM4104132_TACAGTGTCTTTAGGG-1,CSF,-0.09834107806026707
HC,PTC45044_CSF,GSM4104132_TACCTTACAGCTGTTA-1,CSF,-0.09834107806026707
HC,PTC45044_CSF,GSM4104132_TACGGATAGATCACGG-1,CSF,-0.25657882303056123
HC,PTC45044_CSF,GSM4104132_TACGGATCACGCCAGT-1,CSF,-0.28784265589512475
HC,PTC45044_CSF,GSM4104132_TACGGTAGTCTAGGTT-1,CSF,-0.25146539179176447
HC,PTC45044_CSF,GSM4104132_TACGGTATCCGCGCAA-1,CSF,-0.23957836410352534
HC,PTC45044_CSF,GSM4104132_TACTCGCGTTCAGGCC-1,CSF,-0.2786783842908734
HC,PTC45044_CSF,GSM4104132_TACTTACCAAACGTGG-1,CSF,-0.18789758543607168
HC,PTC45044_CSF,GSM4104132_TACTTACGTCATACTG-1,CSF,-0.3255739552685627
HC,PTC45044_CSF,GSM4104132_TAGACCACATCACCCT-1,CSF,-0.26960901853834723
HC,PTC45044_CSF,GSM4104132_TAGACCAGTTCGCGAC-1,CSF,-0.8904133446089032
HC,PTC45044_CSF,GSM4104132_TAGCCGGGTAAGTGTA-1,CSF,-0.35275097957055984
HC,PTC45044_CSF,GSM4104132_TAGGCATAGAGCTATA-1,CSF,-0.14535075056669117
HC,PTC45044_CSF,GSM4104132_TAGTGGTCACGAAACG-1,CSF,-1.1248813285241832
HC,PTC45044_CSF,GSM4104132_TAGTGGTTCGACAGCC-1,CSF,-0.25305500521908897
HC,PTC45044_CSF,GSM4104132_TAGTTGGCACATGGGA-1,CSF,-0.44032158124119464
HC,PTC45044_CSF,GSM4104132_TAGTTGGCACTACAGT-1,CSF,-0.364171562509265
HC,PTC45044_CSF,GSM4104132_TATCAGGAGACGACGT-1,CSF,-0.009960451643335493
HC,PTC45044_CSF,GSM4104132_TATCTCACAATGTTGC-1,CSF,-0.23639617201137467
HC,PTC45044_CSF,GSM4104132_TATCTCAGTTATTCTC-1,CSF,-0.38588722209937204
HC,PTC45044_CSF,GSM4104132_TATGCCCCATACAGCT-1,CSF,-0.09834107806026707
HC,PTC45044_CSF,GSM4104132_TCAACGAAGAGACTTA-1,CSF,-0.3031253090003537
HC,PTC45044_CSF,GSM4104132_TCAATCTCATCGGAAG-1,CSF,-0.6208472310451925
HC,PTC45044_CSF,GSM4104132_TCACGAATCACCAGGC-1,CSF,-0.5923925662736401
HC,PTC45044_CSF,GSM4104132_TCACGAATCCACTGGG-1,CSF,-0.09834107806026707
HC,PTC45044_CSF,GSM4104132_TCAGCAACAGGTTTCA-1,CSF,-0.17039217383664257
HC,PTC45044_CSF,GSM4104132_TCAGGATCAGATCCAT-1,CSF,-0.03423554872512543
HC,PTC45044_CSF,GSM4104132_TCAGGATGTATCAGTC-1,CSF,-0.09834107806026707
HC,PTC45044_CSF,GSM4104132_TCAGGATGTGCACCAC-1,CSF,-0.5547388237984766
HC,PTC45044_CSF,GSM4104132_TCATTTGCACGACTCG-1,CSF,-0.09834107806026707
HC,PTC45044_CSF,GSM4104132_TCCACACCATAGAAAC-1,CSF,0.2954200389893998
HC,PTC45044_CSF,GSM4104132_TCCCGATAGTATCGAA-1,CSF,-0.09834107806026707
HC,PTC45044_CSF,GSM4104132_TCCCGATTCGGAATCT-1,CSF,-0.43652378020910654
HC,PTC45044_CSF,GSM4104132_TCGAGGCTCGGAGCAA-1,CSF,-0.6636004718784463
HC,PTC45044_CSF,GSM4104132_TCGGTAAAGATCTGAA-1,CSF,-0.09834107806026707
HC,PTC45044_CSF,GSM4104132_TCTATTGGTAGGACAC-1,CSF,-0.09834107806026707
HC,PTC45044_CSF,GSM4104132_TCTATTGGTCGTCTTC-1,CSF,-0.41998736581427576
HC,PTC45044_CSF,GSM4104132_TCTGAGACAACTGGCC-1,CSF,-0.5709241961177535
HC,PTC45044_CSF,GSM4104132_TCTGGAACATCCTTGC-1,CSF,-0.8070981690339595
HC,PTC45044_CSF,GSM4104132_TGACAACCATGGTCAT-1,CSF,0.5119387478933318
HC,PTC45044_CSF,GSM4104132_TGACGGCCACAGTCGC-1,CSF,-0.292534488789304
HC,PTC45044_CSF,GSM4104132_TGACGGCGTATAGTAG-1,CSF,-0.09834107806026707
HC,PTC45044_CSF,GSM4104132_TGACGGCTCCCTAATT-1,CSF,-0.09834107806026707
HC,PTC45044_CSF,GSM4104132_TGACTAGAGCGATTCT-1,CSF,-0.09834107806026707
HC,PTC45044_CSF,GSM4104132_TGACTAGTCAGCTCTC-1,CSF,-0.24313160435517336
HC,PTC45044_CSF,GSM4104132_TGACTTTTCGGTGTCG-1,CSF,-0.16356677156479865
HC,PTC45044_CSF,GSM4104132_TGAGAGGAGAAACGCC-1,CSF,0.24723043101713219
HC,PTC45044_CSF,GSM4104132_TGAGAGGCAAGCCTAT-1,CSF,0.42893363740395707
HC,PTC45044_CSF,GSM4104132_TGAGCCGGTGAAAGAG-1,CSF,-0.19835003000350124
HC,PTC45044_CSF,GSM4104132_TGAGGGAGTCCGTGAC-1,CSF,-0.5161027925316961
HC,PTC45044_CSF,GSM4104132_TGCACCTTCGCCTGAG-1,CSF,-0.3172492228551565
HC,PTC45044_CSF,GSM4104132_TGCCAAATCCTATGTT-1,CSF,0.19691535145881708
HC,PTC45044_CSF,GSM4104132_TGCCCATGTCCAGTTA-1,CSF,0.029434971200940994
HC,PTC45044_CSF,GSM4104132_TGCGCAGTCTGTCTCG-1,CSF,-0.33426708492851337
HC,PTC45044_CSF,GSM4104132_TGCGGGTCAAATTGCC-1,CSF,-0.23387553261005953
HC,PTC45044_CSF,GSM4104132_TGCGTGGCAACAACCT-1,CSF,0.2821323456626726
HC,PTC45044_CSF,GSM4104132_TGGACGCAGTCGATAA-1,CSF,-0.09834107806026707
HC,PTC45044_CSF,GSM4104132_TGGCGCAAGGTGCACA-1,CSF,-0.37263471953671873
HC,PTC45044_CSF,GSM4104132_TGGCTGGTCACGATGT-1,CSF,-0.8337416986659557
HC,PTC45044_CSF,GSM4104132_TGGCTGGTCCTAGGGC-1,CSF,0.13837126396669033
HC,PTC45044_CSF,GSM4104132_TGGTTCCGTAGCGTGA-1,CSF,-0.5878665952850053
HC,PTC45044_CSF,GSM4104132_TGGTTCCGTTCCAACA-1,CSF,0.01409675025681123
HC,PTC45044_CSF,GSM4104132_TGTATTCGTCGGCACT-1,CSF,-0.27586661248030403
HC,PTC45044_CSF,GSM4104132_TGTGGTATCGAGGTAG-1,CSF,-0.09834107806026707
HC,PTC45044_CSF,GSM4104132_TGTGTTTGTAAACACA-1,CSF,0.021865817757217125
HC,PTC45044_CSF,GSM4104132_TTAGGACAGGGTATCG-1,CSF,-0.6486954777994557
HC,PTC45044_CSF,GSM4104132_TTAGGACTCGCCAAAT-1,CSF,-0.385166485770802
HC,PTC45044_CSF,GSM4104132_TTAGGCAAGAAGGTTT-1,CSF,-0.3090938684526977
HC,PTC45044_CSF,GSM4104132_TTAGTTCCAACTGCGC-1,CSF,-0.49904642454299314
HC,PTC45044_CSF,GSM4104132_TTATGCTTCTACTTAC-1,CSF,0.012948081275921841
HC,PTC45044_CSF,GSM4104132_TTCCCAGGTCTGCCAG-1,CSF,0.11458293569569587
HC,PTC45044_CSF,GSM4104132_TTCGAAGAGGGTTCCC-1,CSF,-0.22738707197079133
HC,PTC45044_CSF,GSM4104132_TTCGGTCCAGGATTGG-1,CSF,-0.37066705178993425
HC,PTC45044_CSF,GSM4104132_TTCTACAGTATCACCA-1,CSF,-0.09834107806026707
HC,PTC45044_CSF,GSM4104132_TTCTCAAAGAACTCGG-1,CSF,-0.09834107806026707
HC,PTC45044_CSF,GSM4104132_TTGAACGAGGGTCGAT-1,CSF,-0.25816849282902254
HC,PTC45044_CSF,GSM4104132_TTGACTTAGATGCCTT-1,CSF,0.10422563758107592
HC,PTC45044_CSF,GSM4104132_TTGACTTGTCTTGCGG-1,CSF,-0.21504731558904314
HC,PTC45044_CSF,GSM4104132_TTGCGTCCATCGGAAG-1,CSF,-0.40740234463649966
HC,PTC45044_CSF,GSM4104132_TTTCCTCAGAATGTTG-1,CSF,-0.3643293788004253
HC,PTC45044_CSF,GSM4104132_TTTGCGCTCAATCTCT-1,CSF,-0.09834107806026707
HC,PTC45044_CSF,GSM4104132_TTTGGTTGTGATGCCC-1,CSF,0.05173763202472
HC,PTC45044_CSF,GSM4104132_TTTGGTTTCCGCATCT-1,CSF,-0.09834107806026707
HC,PTC45044_CSF,GSM4104132_TTTGTCAAGACACTAA-1,CSF,-0.3905971247233754
HC,PTC45044_CSF,GSM4104132_TTTGTCACAATCGGTT-1,CSF,-0.6561315980887347
HC,PST83775_CSF,GSM4104128_AAAGCAACAAGACGTG-1,CSF,-0.31779284289983795
HC,PST83775_CSF,GSM4104128_AAATGCCCAAGCGAGT-1,CSF,-0.09834107806026707
HC,PST83775_CSF,GSM4104128_AACTTTCGTATGAAAC-1,CSF,-0.26697623271469445
HC,PST83775_CSF,GSM4104128_AATCCAGAGCACCGCT-1,CSF,0.20072031631729184
HC,PST83775_CSF,GSM4104128_AATCCAGCAACACCTA-1,CSF,-0.09834107806026707
HC,PST83775_CSF,GSM4104128_ACACCCTTCATGTAGC-1,CSF,-0.09834107806026707
HC,PST83775_CSF,GSM4104128_ACCTTTATCACTCCTG-1,CSF,0.08469748803911593
HC,PST83775_CSF,GSM4104128_ACGAGGAGTTTCCACC-1,CSF,-0.09834107806026707
HC,PST83775_CSF,GSM4104128_ACGCCGAGTCCGCTGA-1,CSF,-0.49789063457715915
HC,PST83775_CSF,GSM4104128_ACGCCGAGTCGGCTCA-1,CSF,-0.09834107806026707
HC,PST83775_CSF,GSM4104128_ACTGAACAGGCATTGG-1,CSF,-0.23831812644501207
HC,PST83775_CSF,GSM4104128_ACTGATGAGGGTATCG-1,CSF,-0.3951749448722804
HC,PST83775_CSF,GSM4104128_ACTTTCACATATACGC-1,CSF,0.05497398673087677
HC,PST83775_CSF,GSM4104128_AGACGTTTCGAATGGG-1,CSF,-0.09834107806026707
HC,PST83775_CSF,GSM4104128_AGATCTGTCCTACAGA-1,CSF,-0.40310428082306043
HC,PST83775_CSF,GSM4104128_AGGTCATAGGCTCAGA-1,CSF,-0.09834107806026707
HC,PST83775_CSF,GSM4104128_AGTGAGGCATCACGTA-1,CSF,-0.3592541494646396
HC,PST83775_CSF,GSM4104128_AGTGTCACATGGTCAT-1,CSF,-0.50192030528945
HC,PST83775_CSF,GSM4104128_ATAAGAGCATGACATC-1,CSF,-0.30448484826959366
HC,PST83775_CSF,GSM4104128_ATCACGAAGCAGACTG-1,CSF,-0.09834107806026707
HC,PST83775_CSF,GSM4104128_ATCCGAACACCGATAT-1,CSF,-0.789026431396632
HC,PST83775_CSF,GSM4104128_ATCCGAATCTAACGGT-1,CSF,-0.09834107806026707
HC,PST83775_CSF,GSM4104128_ATCTGCCAGCTAACTC-1,CSF,0.06398135291943097
HC,PST83775_CSF,GSM4104128_ATGCGATTCGCGGATC-1,CSF,0.3038352170625328
HC,PST83775_CSF,GSM4104128_ATTGGACCACGTCAGC-1,CSF,-0.09834107806026707
HC,PST83775_CSF,GSM4104128_CACAAACGTCAGAAGC-1,CSF,-0.09834107806026707
HC,PST83775_CSF,GSM4104128_CACACAAAGAAGATTC-1,CSF,0.03227151240764155
HC,PST83775_CSF,GSM4104128_CACAGTAAGTCAATAG-1,CSF,-0.09834107806026707
HC,PST83775_CSF,GSM4104128_CACTCCAAGTGTACGG-1,CSF,-0.2265230211193245
HC,PST83775_CSF,GSM4104128_CAGCTAAGTTGTGGCC-1,CSF,-0.09834107806026707
HC,PST83775_CSF,GSM4104128_CAGTCCTAGGACTGGT-1,CSF,-0.09834107806026707
HC,PST83775_CSF,GSM4104128_CCATGTCCATGTTGAC-1,CSF,-0.31808772680290087
HC,PST83775_CSF,GSM4104128_CCCATACAGCTGCAAG-1,CSF,-0.09834107806026707
HC,PST83775_CSF,GSM4104128_CCGGGATTCGTCGTTC-1,CSF,-0.21509988137825428
HC,PST83775_CSF,GSM4104128_CCTACCAAGCGCTTAT-1,CSF,-0.4216486181154753
HC,PST83775_CSF,GSM4104128_CCTACCACATGAGCGA-1,CSF,-0.09834107806026707
HC,PST83775_CSF,GSM4104128_CCTAGCTTCGCGATCG-1,CSF,0.9854134427091636
HC,PST83775_CSF,GSM4104128_CGAATGTAGACTTGAA-1,CSF,0.2643728165406184
HC,PST83775_CSF,GSM4104128_CGAATGTGTCTGCCAG-1,CSF,-0.09834107806026707
HC,PST83775_CSF,GSM4104128_CGACTTCCAAACGCGA-1,CSF,-0.08268807793193281
HC,PST83775_CSF,GSM4104128_CGCCAAGGTCAGGACA-1,CSF,0.007948335870238259
HC,PST83775_CSF,GSM4104128_CGCTGGACATCCCACT-1,CSF,-0.09834107806026707
HC,PST83775_CSF,GSM4104128_CGTAGGCAGAGCAATT-1,CSF,-0.5128650022550062
HC,PST83775_CSF,GSM4104128_CGTCAGGAGTAGGCCA-1,CSF,0.07251201021162836
HC,PST83775_CSF,GSM4104128_CGTTGGGCATTCGACA-1,CSF,0.47616916583254426
HC,PST83775_CSF,GSM4104128_CTACCCATCAACACCA-1,CSF,-0.09834107806026707
HC,PST83775_CSF,GSM4104128_CTCGAAATCGTGTAGT-1,CSF,-0.3635947474237903
HC,PST83775_CSF,GSM4104128_CTCGAGGGTATGGTTC-1,CSF,0.05012979331354025
HC,PST83775_CSF,GSM4104128_CTGAAGTCATCTCGCT-1,CSF,-0.2379194250642548
HC,PST83775_CSF,GSM4104128_CTGCCTATCTCCCTGA-1,CSF,-0.7267869961305754
HC,PST83775_CSF,GSM4104128_CTGTTTAAGTAAGTAC-1,CSF,-0.09834107806026707
HC,PST83775_CSF,GSM4104128_GAAACTCGTCCGAATT-1,CSF,-0.3552406427366438
HC,PST83775_CSF,GSM4104128_GAGCAGATCATACGGT-1,CSF,-0.37189070923320505
HC,PST83775_CSF,GSM4104128_GAGTCCGAGGCTAGGT-1,CSF,-0.35093905911686435
HC,PST83775_CSF,GSM4104128_GATCTAGAGCCGTCGT-1,CSF,-0.2255325028703993
HC,PST83775_CSF,GSM4104128_GATGAGGGTCTTCAAG-1,CSF,-0.350781507360436
HC,PST83775_CSF,GSM4104128_GCATACAAGCTCAACT-1,CSF,-0.19298390735129112
HC,PST83775_CSF,GSM4104128_GCATGCGCAAGTCTAC-1,CSF,-0.09834107806026707
HC,PST83775_CSF,GSM4104128_GCCTCTACAAATTGCC-1,CSF,-0.33927584107521863
HC,PST83775_CSF,GSM4104128_GCGCAACGTCGTTGTA-1,CSF,0.24352640551510377
HC,PST83775_CSF,GSM4104128_GCTGCTTCATAAGACA-1,CSF,-0.09834107806026707
HC,PST83775_CSF,GSM4104128_GGACATTAGACAGAGA-1,CSF,-0.09834107806026707
HC,PST83775_CSF,GSM4104128_GGACATTGTCTTCTCG-1,CSF,0.1546746958012102
HC,PST83775_CSF,GSM4104128_GGATGTTAGCATGGCA-1,CSF,-0.2670129875953475
HC,PST83775_CSF,GSM4104128_GGGAATGCAGATCGGA-1,CSF,-0.26678643971996213
HC,PST83775_CSF,GSM4104128_GGGAGATGTTTGGGCC-1,CSF,0.11622013080145759
HC,PST83775_CSF,GSM4104128_GGGTCTGCAGTTCATG-1,CSF,-0.14982824044713197
HC,PST83775_CSF,GSM4104128_GTACTTTGTCTACCTC-1,CSF,-0.10265525751389973
HC,PST83775_CSF,GSM4104128_GTATTCTTCTGATACG-1,CSF,-0.15810211613375075
HC,PST83775_CSF,GSM4104128_GTGTGCGGTCACCTAA-1,CSF,-0.4087919191753353
HC,PST83775_CSF,GSM4104128_GTTTCTACATCCAACA-1,CSF,-0.27538380087693987
HC,PST83775_CSF,GSM4104128_TACACGAAGATCGATA-1,CSF,-0.09834107806026707
HC,PST83775_CSF,GSM4104128_TACACGAGTTAAGAAC-1,CSF,0.058514107150626125
HC,PST83775_CSF,GSM4104128_TACACGATCGACGGAA-1,CSF,0.06742731760162556
HC,PST83775_CSF,GSM4104128_TACGGGCGTACTTGAC-1,CSF,0.20916741914475862
HC,PST83775_CSF,GSM4104128_TACTTGTAGGCATGTG-1,CSF,-0.09834107806026707
HC,PST83775_CSF,GSM4104128_TAGAGCTCAAACCCAT-1,CSF,-0.09834107806026707
HC,PST83775_CSF,GSM4104128_TAGCCGGGTCTCATCC-1,CSF,-0.09834107806026707
HC,PST83775_CSF,GSM4104128_TCAATCTTCAATAAGG-1,CSF,-0.3528456693452561
HC,PST83775_CSF,GSM4104128_TCGGTAAAGGATGCGT-1,CSF,-0.4298360737996995
HC,PST83775_CSF,GSM4104128_TCTATTGTCTGCCAGG-1,CSF,-0.09834107806026707
HC,PST83775_CSF,GSM4104128_TCTGAGAGTAGCGCAA-1,CSF,-0.8226237553594896
HC,PST83775_CSF,GSM4104128_TGACAACCAGGGTATG-1,CSF,-0.2769822215586966
HC,PST83775_CSF,GSM4104128_TGAGCATCAGACAGGT-1,CSF,-0.4700594474998026
HC,PST83775_CSF,GSM4104128_TGATTTCTCCATGCTC-1,CSF,0.46207961553546645
HC,PST83775_CSF,GSM4104128_TGCCAAAGTCTTGATG-1,CSF,0.059338120128938465
HC,PST83775_CSF,GSM4104128_TGGCTGGTCCATTCTA-1,CSF,-0.09834107806026707
HC,PST83775_CSF,GSM4104128_TTCGAAGCACAAGTAA-1,CSF,-0.22374871912809433
HC,PST95809_CSF,GSM4104130_AATCCAGGTAATCGTC-1,CSF,-0.12862984179363945
HC,PST95809_CSF,GSM4104130_ACACCGGAGAGTACCG-1,CSF,-0.09834107806026707
HC,PST95809_CSF,GSM4104130_ACACCGGGTGATGTGG-1,CSF,-0.09834107806026707
HC,PST95809_CSF,GSM4104130_ACAGCCGGTACTCTCC-1,CSF,-1.0669593527279353
HC,PST95809_CSF,GSM4104130_ACGCCAGGTCAAGCGA-1,CSF,-0.05001962155538316
HC,PST95809_CSF,GSM4104130_AGGGAGTTCCGCATCT-1,CSF,-1.0639292020814712
HC,PST95809_CSF,GSM4104130_ATCGAGTTCGTGACAT-1,CSF,-0.683616898264349
HC,PST95809_CSF,GSM4104130_ATTGGACAGGGTATCG-1,CSF,0.22223097934232178
HC,PST95809_CSF,GSM4104130_CAAGGCCTCCGCATAA-1,CSF,0.3874354494938043
HC,PST95809_CSF,GSM4104130_CACAGGCAGAACTGTA-1,CSF,-0.09834107806026707
HC,PST95809_CSF,GSM4104130_CACCTTGGTGAGGCTA-1,CSF,-0.4104878461875927
HC,PST95809_CSF,GSM4104130_CAGAATCCAGGGTTAG-1,CSF,-0.6158737088966711
HC,PST95809_CSF,GSM4104130_CATCCACGTGTGAATA-1,CSF,-0.6427549577550691
HC,PST95809_CSF,GSM4104130_CCAATCCGTCTCCCTA-1,CSF,-0.3578884581834872
HC,PST95809_CSF,GSM4104130_CCCAATCGTTTAAGCC-1,CSF,-0.6109454093927899
HC,PST95809_CSF,GSM4104130_CCGTTCAGTCCGACGT-1,CSF,-0.5266240160364332
HC,PST95809_CSF,GSM4104130_CCTTTCTCATCACAAC-1,CSF,0.06083473210947783
HC,PST95809_CSF,GSM4104130_CGGTTAATCCGAACGC-1,CSF,-0.09834107806026707
HC,PST95809_CSF,GSM4104130_CGTCACTGTTCTGAAC-1,CSF,-0.09834107806026707
HC,PST95809_CSF,GSM4104130_CGTTGGGGTCTAGAGG-1,CSF,-0.253864761183476
HC,PST95809_CSF,GSM4104130_CTAACTTTCTAACTTC-1,CSF,-0.09834107806026707
HC,PST95809_CSF,GSM4104130_CTACCCATCGCTAGCG-1,CSF,-0.09834107806026707
HC,PST95809_CSF,GSM4104130_CTCACACCACCCATGG-1,CSF,-0.09834107806026707
HC,PST95809_CSF,GSM4104130_CTTTGCGCAGGATTGG-1,CSF,-0.09834107806026707
HC,PST95809_CSF,GSM4104130_GACAGAGGTGAACCTT-1,CSF,-0.09834107806026707
HC,PST95809_CSF,GSM4104130_GACGGCTGTGACCAAG-1,CSF,-0.09834107806026707
HC,PST95809_CSF,GSM4104130_GACGTTACAGATGGGT-1,CSF,-0.6580706497594532
HC,PST95809_CSF,GSM4104130_GGAATAACAGCTGTAT-1,CSF,-0.09834107806026707
HC,PST95809_CSF,GSM4104130_GGACATTAGCTAGTTC-1,CSF,-0.3870052773232101
HC,PST95809_CSF,GSM4104130_GGCTCGATCAGTTGAC-1,CSF,0.0929149140569908
HC,PST95809_CSF,GSM4104130_GGGTCTGAGTTACCCA-1,CSF,-0.6993141884425688
HC,PST95809_CSF,GSM4104130_GGTATTGAGCAGATCG-1,CSF,-0.35129381244286156
HC,PST95809_CSF,GSM4104130_GTCATTTGTCAACATC-1,CSF,-0.4395198405315213
HC,PST95809_CSF,GSM4104130_GTTCATTGTCTCCACT-1,CSF,-0.09834107806026707
HC,PST95809_CSF,GSM4104130_TACGGGCCATTCGACA-1,CSF,0.12411279070105052
HC,PST95809_CSF,GSM4104130_TACTTGTCATGCCTAA-1,CSF,-0.09834107806026707
HC,PST95809_CSF,GSM4104130_TCAACGAAGTAGGCCA-1,CSF,-0.09834107806026707
HC,PST95809_CSF,GSM4104130_TCAGCAACACAGGAGT-1,CSF,-0.3370988840927153
HC,PST95809_CSF,GSM4104130_TCAGGATGTCTTCAAG-1,CSF,-0.5558871920077464
HC,PST95809_CSF,GSM4104130_TCCACACTCGGAGCAA-1,CSF,-0.09834107806026707
HC,PST95809_CSF,GSM4104130_TCGCGTTGTTGGAGGT-1,CSF,-0.2937457053816376
HC,PST95809_CSF,GSM4104130_TTGAACGCAGATCGGA-1,CSF,-0.09834107806026707
HC,PST95809_CSF,GSM4104130_TTGAACGGTTGCGTTA-1,CSF,0.5038325709014516
HC,PTC32190_CSF,GSM4104129_AAACGGGTCCCTTGCA-1,CSF,-0.3752156823064712
HC,PTC32190_CSF,GSM4104129_AAAGCAACACGAAGCA-1,CSF,0.4617997845159129
HC,PTC32190_CSF,GSM4104129_AAAGTAGGTTACGTCA-1,CSF,-0.09834107806026707
HC,PTC32190_CSF,GSM4104129_AACTCTTGTTGATTCG-1,CSF,-0.09834107806026707
HC,PTC32190_CSF,GSM4104129_AAGACCTAGCTTTGGT-1,CSF,-0.09834107806026707
HC,PTC32190_CSF,GSM4104129_AATCGGTTCCTAAGTG-1,CSF,-0.09834107806026707
HC,PTC32190_CSF,GSM4104129_ACACCCTCATAGACTC-1,CSF,0.04026104471245497
HC,PTC32190_CSF,GSM4104129_ACAGCCGTCCGTAGGC-1,CSF,-0.191879454029165
HC,PTC32190_CSF,GSM4104129_ACAGCTAGTCAGCTAT-1,CSF,0.3795969776648737
HC,PTC32190_CSF,GSM4104129_ACCAGTAAGCTGAAAT-1,CSF,0.06926619857860501
HC,PTC32190_CSF,GSM4104129_ACGAGCCAGTCCCACG-1,CSF,-0.09834107806026707
HC,PTC32190_CSF,GSM4104129_ACGATACGTCTAGCCG-1,CSF,-0.43720089807199375
HC,PTC32190_CSF,GSM4104129_ACGATGTCAATCGGTT-1,CSF,0.05619743217661488
HC,PTC32190_CSF,GSM4104129_ACGGAGATCTACTATC-1,CSF,0.13531266760245614
HC,PTC32190_CSF,GSM4104129_ACGGCCATCTTCGAGA-1,CSF,0.29269404719646336
HC,PTC32190_CSF,GSM4104129_ACGGGTCTCACCTCGT-1,CSF,-0.09834107806026707
HC,PTC32190_CSF,GSM4104129_ACTGATGCACATTTCT-1,CSF,0.161963385509365
HC,PTC32190_CSF,GSM4104129_ACTGCTCCAACTGCTA-1,CSF,-0.09834107806026707
HC,PTC32190_CSF,GSM4104129_ACTGTCCAGCATGGCA-1,CSF,-0.5940959248196955
HC,PTC32190_CSF,GSM4104129_AGAATAGTCAACCATG-1,CSF,-0.2548990547765463
HC,PTC32190_CSF,GSM4104129_AGACGTTTCGACAGCC-1,CSF,-0.26697623271469445
HC,PTC32190_CSF,GSM4104129_AGCGTATCAGGACCCT-1,CSF,-0.09834107806026707
HC,PTC32190_CSF,GSM4104129_AGCTCTCAGAAGGACA-1,CSF,-0.24826159917504634
HC,PTC32190_CSF,GSM4104129_AGCTTGAGTACCGTTA-1,CSF,-0.31391257863810823
HC,PTC32190_CSF,GSM4104129_AGGCCACAGAGGGCTT-1,CSF,-0.09834107806026707
HC,PTC32190_CSF,GSM4104129_AGGCCACGTGACAAAT-1,CSF,-0.09834107806026707
HC,PTC32190_CSF,GSM4104129_AGGTCATAGTGAAGAG-1,CSF,-0.09834107806026707
HC,PTC32190_CSF,GSM4104129_AGTAGTCAGCCCAGCT-1,CSF,-0.23912354589605675
HC,PTC32190_CSF,GSM4104129_AGTGAGGCAGATCTGT-1,CSF,-0.09834107806026707
HC,PTC32190_CSF,GSM4104129_AGTGGGAGTACTTCTT-1,CSF,-0.09834107806026707
HC,PTC32190_CSF,GSM4104129_AGTTGGTGTAAGGGCT-1,CSF,-0.22444797604439568
HC,PTC32190_CSF,GSM4104129_ATCATGGCAGATTGCT-1,CSF,-0.3767947708081224
HC,PTC32190_CSF,GSM4104129_ATCCACCAGATAGGAG-1,CSF,-0.23831812644501207
HC,PTC32190_CSF,GSM4104129_ATCGAGTAGCTCCTTC-1,CSF,-0.09834107806026707
HC,PTC32190_CSF,GSM4104129_ATTACTCGTCAAACTC-1,CSF,0.9231282751767341
HC,PTC32190_CSF,GSM4104129_CAACCAAAGACTAGGC-1,CSF,-0.09834107806026707
HC,PTC32190_CSF,GSM4104129_CAACCTCCACACCGAC-1,CSF,0.09699526187916131
HC,PTC32190_CSF,GSM4104129_CAAGATCCAAGTTCTG-1,CSF,-0.09834107806026707
HC,PTC32190_CSF,GSM4104129_CAAGTTGAGGCATTGG-1,CSF,-0.5532549678515687
HC,PTC32190_CSF,GSM4104129_CACACTCAGTGGTAGC-1,CSF,0.06630257008314668
HC,PTC32190_CSF,GSM4104129_CACACTCTCGCCAGCA-1,CSF,-0.09834107806026707
HC,PTC32190_CSF,GSM4104129_CAGAGAGCAAGCCTAT-1,CSF,-0.09834107806026707
HC,PTC32190_CSF,GSM4104129_CAGAGAGGTCCGAGTC-1,CSF,-0.09834107806026707
HC,PTC32190_CSF,GSM4104129_CAGCAGCGTACAGACG-1,CSF,-0.09834107806026707
HC,PTC32190_CSF,GSM4104129_CAGCATATCTTAACCT-1,CSF,-0.09834107806026707
HC,PTC32190_CSF,GSM4104129_CAGCCGAGTTCCACAA-1,CSF,-0.2708998813267665
HC,PTC32190_CSF,GSM4104129_CAGCTGGTCAACACAC-1,CSF,-0.09834107806026707
HC,PTC32190_CSF,GSM4104129_CAGTAACAGGAGTCTG-1,CSF,-0.26595493694134487
HC,PTC32190_CSF,GSM4104129_CATCAAGGTTTGTGTG-1,CSF,-0.09834107806026707
HC,PTC32190_CSF,GSM4104129_CATCGGGTCGGAATCT-1,CSF,-0.09072255461897852
HC,PTC32190_CSF,GSM4104129_CATTATCGTTGGTAAA-1,CSF,-0.20801927230804163
HC,PTC32190_CSF,GSM4104129_CCAATCCTCAACCATG-1,CSF,-0.2576228070865722
HC,PTC32190_CSF,GSM4104129_CCATTCGCAACTGCTA-1,CSF,0.19651908917318422
HC,PTC32190_CSF,GSM4104129_CCCAATCCAGAAGCAC-1,CSF,-0.09834107806026707
HC,PTC32190_CSF,GSM4104129_CCCAGTTCACGCATCG-1,CSF,-0.7204192520905652
HC,PTC32190_CSF,GSM4104129_CCCATACAGTGGGTTG-1,CSF,-0.09834107806026707
HC,PTC32190_CSF,GSM4104129_CCCTCCTGTGTGAAAT-1,CSF,-0.30523753606071236
HC,PTC32190_CSF,GSM4104129_CCGTGGAAGCAGCGTA-1,CSF,-0.7646617447553463
HC,PTC32190_CSF,GSM4104129_CCGTGGATCCCAAGAT-1,CSF,-0.09834107806026707
HC,PTC32190_CSF,GSM4104129_CCGTTCAAGTATCTCG-1,CSF,0.04816682096658993
HC,PTC32190_CSF,GSM4104129_CCTCTGAAGAGGGATA-1,CSF,-0.09834107806026707
HC,PTC32190_CSF,GSM4104129_CCTTCGAAGTTAACGA-1,CSF,0.06798183698967963
HC,PTC32190_CSF,GSM4104129_CGAGAAGGTAAAGTCA-1,CSF,-0.8228070003445423
HC,PTC32190_CSF,GSM4104129_CGAGAAGTCAGCTGGC-1,CSF,-0.09834107806026707
HC,PTC32190_CSF,GSM4104129_CGAGCACAGCTCCCAG-1,CSF,0.23336453561793502
HC,PTC32190_CSF,GSM4104129_CGAGCACTCAGCATGT-1,CSF,-0.09834107806026707
HC,PTC32190_CSF,GSM4104129_CGAGCCATCTACTATC-1,CSF,-0.09834107806026707
HC,PTC32190_CSF,GSM4104129_CGGACGTAGCTGATAA-1,CSF,-0.09834107806026707
HC,PTC32190_CSF,GSM4104129_CGGACGTGTTATCGGT-1,CSF,0.1638446692324695
HC,PTC32190_CSF,GSM4104129_CGGACTGGTCTAGCCG-1,CSF,-0.2058448026179524
HC,PTC32190_CSF,GSM4104129_CGGGTCAAGACTAAGT-1,CSF,-0.09834107806026707
HC,PTC32190_CSF,GSM4104129_CGGTTAAGTGTGACGA-1,CSF,-0.09834107806026707
HC,PTC32190_CSF,GSM4104129_CGGTTAATCGGTTAAC-1,CSF,-0.5831923749491208
HC,PTC32190_CSF,GSM4104129_CGTCAGGCATGCCCGA-1,CSF,0.19859699918545506
HC,PTC32190_CSF,GSM4104129_CGTGTAACAGCTGTTA-1,CSF,-0.09834107806026707
HC,PTC32190_CSF,GSM4104129_CGTGTAATCTAACTCT-1,CSF,-0.48602260522288177
HC,PTC32190_CSF,GSM4104129_CGTTGGGAGGGCTTCC-1,CSF,-0.09834107806026707
HC,PTC32190_CSF,GSM4104129_CTAATGGCAGATAATG-1,CSF,0.20225013536763276
HC,PTC32190_CSF,GSM4104129_CTAATGGCAGCAGTTT-1,CSF,-0.08584712435763746
HC,PTC32190_CSF,GSM4104129_CTACACCAGCAGCCTC-1,CSF,-0.09834107806026707
HC,PTC32190_CSF,GSM4104129_CTACCCACATCAGTCA-1,CSF,-0.5473442681356736
HC,PTC32190_CSF,GSM4104129_CTACGTCTCCAGTAGT-1,CSF,0.13801372788568442
HC,PTC32190_CSF,GSM4104129_CTACGTCTCCGGCACA-1,CSF,-0.09834107806026707
HC,PTC32190_CSF,GSM4104129_CTACGTCTCGGCTACG-1,CSF,-0.09834107806026707
HC,PTC32190_CSF,GSM4104129_CTAGAGTTCCTTGCCA-1,CSF,0.166812369247411
HC,PTC32190_CSF,GSM4104129_CTAGTGAGTATCGCAT-1,CSF,-0.25584988932711344
HC,PTC32190_CSF,GSM4104129_CTCGAGGTCCGAGCCA-1,CSF,0.19624891633675526
HC,PTC32190_CSF,GSM4104129_CTGGTCTCATATGCTG-1,CSF,-0.33506288617629953
HC,PTC32190_CSF,GSM4104129_CTGTTTACACTGTGTA-1,CSF,-0.09834107806026707
HC,PTC32190_CSF,GSM4104129_CTTACCGTCCATGCTC-1,CSF,-0.09834107806026707
HC,PTC32190_CSF,GSM4104129_GAACATCCAGATCTGT-1,CSF,-0.23743052420597663
HC,PTC32190_CSF,GSM4104129_GAACGGAGTTGCCTCT-1,CSF,-0.09834107806026707
HC,PTC32190_CSF,GSM4104129_GACGCGTCACATTCGA-1,CSF,-0.09834107806026707
HC,PTC32190_CSF,GSM4104129_GACGGCTTCTGGGCCA-1,CSF,-0.3108094769570155
HC,PTC32190_CSF,GSM4104129_GACGTGCCAGAAGCAC-1,CSF,-0.2561060353630929
HC,PTC32190_CSF,GSM4104129_GACTACAGTTTGGGCC-1,CSF,-0.08360767289708675
HC,PTC32190_CSF,GSM4104129_GACTACATCCCGACTT-1,CSF,-0.046550246356422374
HC,PTC32190_CSF,GSM4104129_GACTGCGAGTTTAGGA-1,CSF,-0.03525191589667563
HC,PTC32190_CSF,GSM4104129_GACTGCGCAGCTATTG-1,CSF,0.14026507763723406
HC,PTC32190_CSF,GSM4104129_GACTGCGGTATAGGGC-1,CSF,-0.09834107806026707
HC,PTC32190_CSF,GSM4104129_GATGAAAAGATAGTCA-1,CSF,-0.09834107806026707
HC,PTC32190_CSF,GSM4104129_GCAAACTAGTACACCT-1,CSF,0.08706594123114868
HC,PTC32190_CSF,GSM4104129_GCACTCTGTTGATTGC-1,CSF,-0.09834107806026707
HC,PTC32190_CSF,GSM4104129_GCATACACAGCTGTGC-1,CSF,-0.4225616928855683
HC,PTC32190_CSF,GSM4104129_GCATGCGTCAGAGCTT-1,CSF,-0.3706775889215809
HC,PTC32190_CSF,GSM4104129_GCGAGAAGTCCTCTTG-1,CSF,-0.09834107806026707
HC,PTC32190_CSF,GSM4104129_GCGCCAAAGTGTACTC-1,CSF,-0.09834107806026707
HC,PTC32190_CSF,GSM4104129_GCGCGATAGTCGATAA-1,CSF,-0.38701604463977235
HC,PTC32190_CSF,GSM4104129_GCTGCGAGTCTAAACC-1,CSF,-0.09834107806026707
HC,PTC32190_CSF,GSM4104129_GCTGCGAGTTTACTCT-1,CSF,0.44294044933415033
HC,PTC32190_CSF,GSM4104129_GCTGCTTCAAGCCGTC-1,CSF,-0.09834107806026707
HC,PTC32190_CSF,GSM4104129_GGAACTTTCTGCGGCA-1,CSF,-0.09834107806026707
HC,PTC32190_CSF,GSM4104129_GGAATAACAGTAAGCG-1,CSF,-0.09834107806026707
HC,PTC32190_CSF,GSM4104129_GGAATAATCGACCAGC-1,CSF,-0.2363733877358678
HC,PTC32190_CSF,GSM4104129_GGACATTCAGCCACCA-1,CSF,-0.4008466289234261
HC,PTC32190_CSF,GSM4104129_GGACATTGTCAACATC-1,CSF,0.034513305588044545
HC,PTC32190_CSF,GSM4104129_GGATTACGTGCATCTA-1,CSF,0.0853508392538347
HC,PTC32190_CSF,GSM4104129_GGCGACTAGCTATGCT-1,CSF,-0.2510008676671586
HC,PTC32190_CSF,GSM4104129_GGCTGGTAGAGGGATA-1,CSF,-0.3291288552800114
HC,PTC32190_CSF,GSM4104129_GGGACCTAGATGTGTA-1,CSF,0.24966473394091873
HC,PTC32190_CSF,GSM4104129_GGGACCTCAATCCAAC-1,CSF,-0.48805126462101694
HC,PTC32190_CSF,GSM4104129_GGGTCTGCATGTCTCC-1,CSF,-1.6622132097182454
HC,PTC32190_CSF,GSM4104129_GGGTCTGGTTATGCGT-1,CSF,-0.3036986598394934
HC,PTC32190_CSF,GSM4104129_GGGTTGCTCGGAGGTA-1,CSF,-0.23079202549721325
HC,PTC32190_CSF,GSM4104129_GGTGCGTCAAGTCATC-1,CSF,-0.3217624413279859
HC,PTC32190_CSF,GSM4104129_GGTGTTAGTTCTGTTT-1,CSF,-0.3308818241589907
HC,PTC32190_CSF,GSM4104129_GTAACTGGTCAAAGCG-1,CSF,0.19699457772757073
HC,PTC32190_CSF,GSM4104129_GTAGTCATCGCCAAAT-1,CSF,-0.09834107806026707
HC,PTC32190_CSF,GSM4104129_GTATTCTGTAGCCTCG-1,CSF,0.15775681162319513
HC,PTC32190_CSF,GSM4104129_GTCATTTGTCTCGTTC-1,CSF,-0.5647569047099923
HC,PTC32190_CSF,GSM4104129_GTGCATACAAGTAGTA-1,CSF,0.2830419151381029
HC,PTC32190_CSF,GSM4104129_GTGCTTCAGAGAGCTC-1,CSF,0.1513096349506071
HC,PTC32190_CSF,GSM4104129_GTTACAGGTACCATCA-1,CSF,-0.09834107806026707
HC,PTC32190_CSF,GSM4104129_TAAGAGACACGAAATA-1,CSF,-0.3290159232464872
HC,PTC32190_CSF,GSM4104129_TAAGAGACAGTATGCT-1,CSF,0.15025203792565023
HC,PTC32190_CSF,GSM4104129_TACCTTACAGTGACAG-1,CSF,0.0261976733881723
HC,PTC32190_CSF,GSM4104129_TACTCATAGGCCCGTT-1,CSF,-0.09834107806026707
HC,PTC32190_CSF,GSM4104129_TAGAGCTGTCTCCATC-1,CSF,0.20003478420898976
HC,PTC32190_CSF,GSM4104129_TAGTTGGAGCCAGTTT-1,CSF,-0.3127739274374695
HC,PTC32190_CSF,GSM4104129_TCAATCTAGCGCCTCA-1,CSF,-0.33689408228643297
HC,PTC32190_CSF,GSM4104129_TCAGCAAAGGACACCA-1,CSF,-0.09834107806026707
HC,PTC32190_CSF,GSM4104129_TCAGGATAGCGTCTAT-1,CSF,0.06469911642940425
HC,PTC32190_CSF,GSM4104129_TCAGGTATCATCGATG-1,CSF,-0.2382710811354007
HC,PTC32190_CSF,GSM4104129_TCATTACTCACAACGT-1,CSF,-0.09834107806026707
HC,PTC32190_CSF,GSM4104129_TCATTTGAGTTGTCGT-1,CSF,0.08321202715070287
HC,PTC32190_CSF,GSM4104129_TCATTTGGTCTAGTCA-1,CSF,-0.09834107806026707
HC,PTC32190_CSF,GSM4104129_TCCACACGTAGGCTGA-1,CSF,-0.09834107806026707
HC,PTC32190_CSF,GSM4104129_TCCCGATGTCTCAACA-1,CSF,-0.39995291691169177
HC,PTC32190_CSF,GSM4104129_TCGAGGCCATTAGCCA-1,CSF,-0.09834107806026707
HC,PTC32190_CSF,GSM4104129_TCTATTGGTCTCTTAT-1,CSF,-0.06725220407763197
HC,PTC32190_CSF,GSM4104129_TCTGGAACAATGTTGC-1,CSF,0.06423275317729986
HC,PTC32190_CSF,GSM4104129_TGAGCCGTCCCAACGG-1,CSF,0.07691988798184776
HC,PTC32190_CSF,GSM4104129_TGATTTCTCGTTTAGG-1,CSF,0.3039356483457519
HC,PTC32190_CSF,GSM4104129_TGCACCTCAATGCCAT-1,CSF,-0.09834107806026707
HC,PTC32190_CSF,GSM4104129_TGCTGCTAGAAGCCCA-1,CSF,-0.32138089559394156
HC,PTC32190_CSF,GSM4104129_TGCTGCTAGTGGAGAA-1,CSF,-0.09834107806026707
HC,PTC32190_CSF,GSM4104129_TGGCTGGCAAGTTGTC-1,CSF,-0.26660028171790334
HC,PTC32190_CSF,GSM4104129_TGGTTCCGTTAAGAAC-1,CSF,-0.09834107806026707
HC,PTC32190_CSF,GSM4104129_TGTGTTTAGGAGTCTG-1,CSF,-0.09834107806026707
HC,PTC32190_CSF,GSM4104129_TGTTCCGTCGCTAGCG-1,CSF,0.18552323807653154
HC,PTC32190_CSF,GSM4104129_TTCCCAGCATCCCATC-1,CSF,-0.20471625432137072
HC,PTC32190_CSF,GSM4104129_TTCGAAGGTAGAGCTG-1,CSF,0.11948351001521404
HC,PTC32190_CSF,GSM4104129_TTCGGTCAGCAATATG-1,CSF,-0.09834107806026707
HC,PTC32190_CSF,GSM4104129_TTCTCAATCTGTCCGT-1,CSF,-0.09834107806026707
HC,PTC32190_CSF,GSM4104129_TTGCCGTTCGTTTGCC-1,CSF,-0.6883934664571146
HC,PTC32190_CSF,GSM4104129_TTGGAACCAAACAACA-1,CSF,-0.09834107806026707
HC,PTC32190_CSF,GSM4104129_TTGGCAACAGACTCGC-1,CSF,-0.09834107806026707
HC,PTC32190_CSF,GSM4104129_TTGGCAAGTATTCGTG-1,CSF,-0.3086225404198237
HC,PTC32190_CSF,GSM4104129_TTGTAGGAGGGTTCCC-1,CSF,-0.09834107806026707
HC,PTC41540_CSF,GSM4104131_AAAGATGCATACCATG-1,CSF,-1.123862994129573
HC,PTC41540_CSF,GSM4104131_AACCGCGCATTTGCTT-1,CSF,-0.09834107806026707
HC,PTC41540_CSF,GSM4104131_ACACCGGTCACATAGC-1,CSF,-0.5644556664129449
HC,PTC41540_CSF,GSM4104131_ACGAGGACAAAGTCAA-1,CSF,-0.09834107806026707
HC,PTC41540_CSF,GSM4104131_ACGATGTTCACCAGGC-1,CSF,0.20153224326294183
HC,PTC41540_CSF,GSM4104131_ACGGAGACAGGGTATG-1,CSF,-0.23283662121629492
HC,PTC41540_CSF,GSM4104131_ACTTTCAGTGCAACGA-1,CSF,-0.4660459215357771
HC,PTC41540_CSF,GSM4104131_AGATTGCCAAGCGATG-1,CSF,-0.34927616516723387
HC,PTC41540_CSF,GSM4104131_CACACTCGTCCTAGCG-1,CSF,-0.09834107806026707
HC,PTC41540_CSF,GSM4104131_CACATAGCACCTATCC-1,CSF,-0.23842241677024686
HC,PTC41540_CSF,GSM4104131_CACATTTGTACAGTTC-1,CSF,-0.09834107806026707
HC,PTC41540_CSF,GSM4104131_CAGATCACACTCGACG-1,CSF,-0.02106242698442056
HC,PTC41540_CSF,GSM4104131_CATCGAAGTAATAGCA-1,CSF,-0.20313251276751787
HC,PTC41540_CSF,GSM4104131_CATTATCGTAGAGTGC-1,CSF,0.2558917770031853
HC,PTC41540_CSF,GSM4104131_CCACCTACACGACGAA-1,CSF,-0.09834107806026707
HC,PTC41540_CSF,GSM4104131_CCATTCGAGTCGTACT-1,CSF,-0.09834107806026707
HC,PTC41540_CSF,GSM4104131_CCGTACTAGTAGCGGT-1,CSF,-0.09834107806026707
HC,PTC41540_CSF,GSM4104131_CCTAAAGCAGGGCATA-1,CSF,-0.09834107806026707
HC,PTC41540_CSF,GSM4104131_CCTCTGAGTATGAAAC-1,CSF,-0.09834107806026707
HC,PTC41540_CSF,GSM4104131_CGACTTCTCCGCAAGC-1,CSF,-0.257399406327603
HC,PTC41540_CSF,GSM4104131_CGAGCCAAGGGAAACA-1,CSF,0.06089242710574055
HC,PTC41540_CSF,GSM4104131_CGGGTCATCAGCACAT-1,CSF,-0.2131385133318264
HC,PTC41540_CSF,GSM4104131_CGTAGCGAGTACGACG-1,CSF,-0.23824757020090134
HC,PTC41540_CSF,GSM4104131_CGTTAGATCCTCGCAT-1,CSF,0.2153415280926049
HC,PTC41540_CSF,GSM4104131_CGTTGGGAGTCTCAAC-1,CSF,-0.09834107806026707
HC,PTC41540_CSF,GSM4104131_CTCAGAATCTTCATGT-1,CSF,-0.16317994488368934
HC,PTC41540_CSF,GSM4104131_CTGATAGCACGAAGCA-1,CSF,0.14094443387508088
HC,PTC41540_CSF,GSM4104131_CTGCGGACACCACGTG-1,CSF,-0.09834107806026707
HC,PTC41540_CSF,GSM4104131_CTTAACTCATCACCCT-1,CSF,-0.24964179962038383
HC,PTC41540_CSF,GSM4104131_CTTACCGTCACGAAGG-1,CSF,-0.09834107806026707
HC,PTC41540_CSF,GSM4104131_GAACGGATCAACGAAA-1,CSF,-0.09834107806026707
HC,PTC41540_CSF,GSM4104131_GAATAAGAGCGATAGC-1,CSF,-0.34364085875699313
HC,PTC41540_CSF,GSM4104131_GACACGCCACATGACT-1,CSF,-0.08721824431750892
HC,PTC41540_CSF,GSM4104131_GCGCAACGTGCTCTTC-1,CSF,-0.3377815684958651
HC,PTC41540_CSF,GSM4104131_GGATTACTCTAACCGA-1,CSF,-0.32377735129238455
HC,PTC41540_CSF,GSM4104131_GGCCGATGTGGTGTAG-1,CSF,-0.41545029023714203
HC,PTC41540_CSF,GSM4104131_GGGTCTGAGAAACCGC-1,CSF,-0.2696363554816511
HC,PTC41540_CSF,GSM4104131_GTACGTAGTCTGATTG-1,CSF,-0.32919513143432916
HC,PTC41540_CSF,GSM4104131_GTACTTTGTCTCCACT-1,CSF,0.3234420850366086
HC,PTC41540_CSF,GSM4104131_GTGCATAGTATATCCG-1,CSF,-0.09834107806026707
HC,PTC41540_CSF,GSM4104131_GTGGGTCGTCGGCATC-1,CSF,0.44651327150233566
HC,PTC41540_CSF,GSM4104131_GTTAAGCAGTCTCAAC-1,CSF,-0.09834107806026707
HC,PTC41540_CSF,GSM4104131_GTTCATTCAGTAACGG-1,CSF,-0.09834107806026707
HC,PTC41540_CSF,GSM4104131_TAGACCAGTTGCGCAC-1,CSF,-0.09834107806026707
HC,PTC41540_CSF,GSM4104131_TAGACCATCGAATCCA-1,CSF,-0.09834107806026707
HC,PTC41540_CSF,GSM4104131_TATCTCAGTATGAATG-1,CSF,0.23166850706665879
HC,PTC41540_CSF,GSM4104131_TCGTAGATCCTCGCAT-1,CSF,-0.24141092617673648
HC,PTC41540_CSF,GSM4104131_TCTTTCCCATAGAAAC-1,CSF,-1.2984343999955303
HC,PTC41540_CSF,GSM4104131_TGACAACAGGGATCTG-1,CSF,0.08583100576152282
HC,PTC41540_CSF,GSM4104131_TGACTTTCACTCAGGC-1,CSF,-0.09834107806026707
HC,PTC41540_CSF,GSM4104131_TGAGAGGTCGCCGTGA-1,CSF,-0.23194249076663329
HC,PTC41540_CSF,GSM4104131_TGAGCCGCAATAGCAA-1,CSF,-0.2881639756109125
HC,PTC41540_CSF,GSM4104131_TGAGCCGGTACCGTAT-1,CSF,-0.09834107806026707
HC,PTC41540_CSF,GSM4104131_TGGGAAGAGGGTCTCC-1,CSF,-0.43406774037204177
HC,PTC41540_CSF,GSM4104131_TGGGAAGGTCTAGCCG-1,CSF,-0.2481787014483694
HC,PTC41540_CSF,GSM4104131_TGGGCGTCACACCGCA-1,CSF,-0.30848626433190235
HC,PTC41540_CSF,GSM4104131_TGGTTAGCACACATGT-1,CSF,-0.36157376998451635
HC,PTC41540_CSF,GSM4104131_TTAACTCGTCAACATC-1,CSF,-0.039803233378289914
HC,PTC41540_CSF,GSM4104131_TTGCGTCGTATCGCAT-1,CSF,-0.23576151742356807
HC,PTC41540_CSF,GSM4104131_TTGTAGGCAGTGACAG-1,CSF,-0.33810375016194144
HC,PTC41540_CSF,GSM4104131_TTTATGCCACATGACT-1,CSF,-0.22816079328536176
HC,PTC85037_CSF,GSM4104133_AAACGGGTCGTTGCCT-1,CSF,-0.27821597579328156
HC,PTC85037_CSF,GSM4104133_AAAGATGTCGAATCCA-1,CSF,-0.3402243188712414
HC,PTC85037_CSF,GSM4104133_AAATGCCGTTCGTCTC-1,CSF,0.4267012813759293
HC,PTC85037_CSF,GSM4104133_AATCGGTCAAGCTGGA-1,CSF,-0.5839074725014444
HC,PTC85037_CSF,GSM4104133_ACCAGTAAGCTAAACA-1,CSF,-0.4533494716599538
HC,PTC85037_CSF,GSM4104133_ACCTTTACACTGTGTA-1,CSF,0.0761832979912155
HC,PTC85037_CSF,GSM4104133_ACTGATGAGAGTACCG-1,CSF,-0.2258544128040779
HC,PTC85037_CSF,GSM4104133_AGACGTTAGTTACCCA-1,CSF,-0.09834107806026707
HC,PTC85037_CSF,GSM4104133_AGCCTAAAGACGCACA-1,CSF,-0.09834107806026707
HC,PTC85037_CSF,GSM4104133_AGCCTAAAGGAGTACC-1,CSF,-0.09834107806026707
HC,PTC85037_CSF,GSM4104133_AGTGGGAAGAAGGCCT-1,CSF,-0.09834107806026707
HC,PTC85037_CSF,GSM4104133_AGTGTCACAATGCCAT-1,CSF,-0.09834107806026707
HC,PTC85037_CSF,GSM4104133_ATAAGAGTCATCATTC-1,CSF,-0.2958782086009856
HC,PTC85037_CSF,GSM4104133_ATCATGGGTAGCCTAT-1,CSF,-0.09834107806026707
HC,PTC85037_CSF,GSM4104133_ATTGGACTCTGTCAAG-1,CSF,-0.09834107806026707
HC,PTC85037_CSF,GSM4104133_CAAGATCCAGTCCTTC-1,CSF,-0.33242119759861816
HC,PTC85037_CSF,GSM4104133_CACACAAGTATTACCG-1,CSF,-0.382860913318515
HC,PTC85037_CSF,GSM4104133_CACAGGCGTCTGATCA-1,CSF,-0.09834107806026707
HC,PTC85037_CSF,GSM4104133_CACCACTAGGGATCTG-1,CSF,-0.33083809366349676
HC,PTC85037_CSF,GSM4104133_CACCTTGTCACCAGGC-1,CSF,-0.3300976081787629
HC,PTC85037_CSF,GSM4104133_CATTATCTCGCGCCAA-1,CSF,0.24161443450341394
HC,PTC85037_CSF,GSM4104133_CGAACATTCGCTTGTC-1,CSF,-0.2419798900316017
HC,PTC85037_CSF,GSM4104133_CGTGAGCCAGCTGGCT-1,CSF,-0.09834107806026707
HC,PTC85037_CSF,GSM4104133_CTAAGACCAATCTACG-1,CSF,0.23189354245387542
HC,PTC85037_CSF,GSM4104133_CTCGTACCAATTGCTG-1,CSF,-0.09834107806026707
HC,PTC85037_CSF,GSM4104133_CTGAAGTTCGTGGTCG-1,CSF,0.47914512377634183
HC,PTC85037_CSF,GSM4104133_CTTAGGAGTCGCTTCT-1,CSF,-0.09834107806026707
HC,PTC85037_CSF,GSM4104133_CTTGGCTCACATCCAA-1,CSF,-0.401117142891681
HC,PTC85037_CSF,GSM4104133_GAACATCCAATGCCAT-1,CSF,-0.21799145853202884
HC,PTC85037_CSF,GSM4104133_GACGCGTAGACGCTTT-1,CSF,0.1270411553168647
HC,PTC85037_CSF,GSM4104133_GCAAACTAGACTGGGT-1,CSF,-0.09834107806026707
HC,PTC85037_CSF,GSM4104133_GCACTCTTCTTGAGAC-1,CSF,-0.09834107806026707
HC,PTC85037_CSF,GSM4104133_GCGCCAAGTTAAGGGC-1,CSF,0.014012937152369176
HC,PTC85037_CSF,GSM4104133_GCTGGGTGTGTTCTTT-1,CSF,-0.09834107806026707
HC,PTC85037_CSF,GSM4104133_GGCGACTGTGTGAATA-1,CSF,-0.2692934075981089
HC,PTC85037_CSF,GSM4104133_GGGCATCAGGTAAACT-1,CSF,-0.3159576825538057
HC,PTC85037_CSF,GSM4104133_GGGCATCCAAAGGAAG-1,CSF,-0.09834107806026707
HC,PTC85037_CSF,GSM4104133_GGGTTGCGTCGCATCG-1,CSF,-0.0055361410336114735
HC,PTC85037_CSF,GSM4104133_GTAACTGCATTCCTGC-1,CSF,-0.2872248056247323
HC,PTC85037_CSF,GSM4104133_GTAGGCCGTCTGGTCG-1,CSF,-0.4415463244168369
HC,PTC85037_CSF,GSM4104133_GTATTCTGTCTAAAGA-1,CSF,-0.4278092179742853
HC,PTC85037_CSF,GSM4104133_GTATTCTTCCTACAGA-1,CSF,-0.6059040115198029
HC,PTC85037_CSF,GSM4104133_GTCTTCGGTAGCTAAA-1,CSF,-0.09834107806026707
HC,PTC85037_CSF,GSM4104133_GTTCGGGAGGCCCTTG-1,CSF,-0.09834107806026707
HC,PTC85037_CSF,GSM4104133_TACAGTGAGTACACCT-1,CSF,-0.09834107806026707
HC,PTC85037_CSF,GSM4104133_TACTCGCCAGACGCCT-1,CSF,-0.09834107806026707
HC,PTC85037_CSF,GSM4104133_TAGTGGTAGCTGTCTA-1,CSF,-0.09834107806026707
HC,PTC85037_CSF,GSM4104133_TCGTAGAAGTCGATAA-1,CSF,0.09167951124791344
HC,PTC85037_CSF,GSM4104133_TCTTTCCAGCGTGTCC-1,CSF,-0.09834107806026707
HC,PTC85037_CSF,GSM4104133_TGACAACTCTCGTTTA-1,CSF,-0.28412081512262616
HC,PTC85037_CSF,GSM4104133_TGCGGGTTCTCTGTCG-1,CSF,-0.09834107806026707
HC,PTC85037_CSF,GSM4104133_TGGGAAGGTTGTGGAG-1,CSF,-0.09834107806026707
HC,PTC85037_CSF,GSM4104133_TTAGGCAAGTAACCCT-1,CSF,-0.09834107806026707
HC,PTC85037_CSF,GSM4104133_TTAGTTCAGTGGGCTA-1,CSF,-0.34958032477915085
HC,PTC85037_CSF,GSM4104133_TTGGAACCAGACTCGC-1,CSF,-0.09834107806026707
HC,PTC85037_CSF,GSM4104133_TTTGCGCCATTACGAC-1,CSF,-1.0863177339730428
HC,PTC85037_CSF,GSM4104133_TTTGCGCGTCTCTTAT-1,CSF,-0.36126614186029443
