tissue,condition,group_label,subject_id,cell_id,zinc_signature
CSF,MS,MS,6,AACCATGAGCACGCCT-1,0.6375676250965521
CSF,MS,MS,6,AACCATGCAAGAAAGG-1,0.02242468886094887
CSF,MS,MS,6,AACGTTGTCCTAGTGA-1,-0.29997119987097626
CSF,MS,MS,6,ACACCAAAGTCCAGGA-1,-0.03173556360821346
CSF,MS,MS,6,ACATACGGTTGCGCAC-1,0.190533303438224
CSF,MS,MS,6,ACATCAGCATATACGC-1,-0.034175601151362346
CSF,MS,MS,6,ACGCCAGTCACTTCAT-1,-0.29997119987097626
CSF,MS,MS,6,ACGCCGAGTGCAACTT-1,0.3455619043925459
CSF,MS,MS,6,ACTATCTTCTGACCTC-1,-0.14642911685776278
CSF,MS,MS,6,ACTGATGAGAGGTTAT-1,-0.29997119987097626
CSF,MS,MS,6,AGCAGCCCATGAGCGA-1,0.23062784945792836
CSF,MS,MS,6,AGCTCCTTCTTACCTA-1,0.5077282446902411
CSF,MS,MS,6,AGGCCGTAGTGCCAGA-1,-0.011301692586378701
CSF,MS,MS,6,AGTAGTCGTGCGATAG-1,0.40319009647879656
CSF,MS,MS,6,ATAACGCGTGTTAAGA-1,-0.29997119987097626
CSF,MS,MS,6,ATCATCTAGAGTAATC-1,-0.009196544653218286
CSF,MS,MS,6,ATGAGGGGTAAACGCG-1,0.0401482186583344
CSF,MS,MS,6,CAACCAATCGTGACAT-1,0.24974231297261454
CSF,MS,MS,6,CAACTAGCAAGCGAGT-1,0.4109587777920182
CSF,MS,MS,6,CAAGTTGTCCAAAGTC-1,0.5435828901775549
CSF,MS,MS,6,CACACCTCACGGTGTC-1,0.4154260235960203
CSF,MS,MS,6,CACACCTTCCTGTACC-1,0.1118470866244605
CSF,MS,MS,6,CACAGGCCACCGCTAG-1,0.5035886035423996
CSF,MS,MS,6,CACAGGCTCACGATGT-1,-0.1302991860144056
CSF,MS,MS,6,CAGCATACACGGTAGA-1,-0.29997119987097626
CSF,MS,MS,6,CATCAAGGTTTCGCTC-1,0.16949771100590744
CSF,MS,MS,6,CATGCCTTCAGTCAGT-1,0.21161826625798566
CSF,MS,MS,6,CCAGCGATCAACACGT-1,0.5228228784622985
CSF,MS,MS,6,CCCTCCTAGATGTTAG-1,-0.05357827709272082
CSF,MS,MS,6,CCTAGCTCATGGAATA-1,-0.03208296195005523
CSF,MS,MS,6,CCTCTGACAAGTACCT-1,-0.1730246943022363
CSF,MS,MS,6,CGAGCCAGTACAGTTC-1,0.18948219044929066
CSF,MS,MS,6,CGATGGCTCAAAGACA-1,-0.005902130439216994
CSF,MS,MS,6,CGATGTAAGGATGCGT-1,-0.29997119987097626
CSF,MS,MS,6,CGATGTAGTCGGATCC-1,0.7597489776449236
CSF,MS,MS,6,CGCCAAGCATCCGCGA-1,-0.003990232238279641
CSF,MS,MS,6,CGCTGGAAGACTAGAT-1,0.31618048446528074
CSF,MS,MS,6,CGGAGTCTCAACCATG-1,0.7060708349127905
CSF,MS,MS,6,CGTAGCGAGCAAATCA-1,0.4124543735818814
CSF,MS,MS,6,CGTCAGGGTCACCCAG-1,0.14660751546788778
CSF,MS,MS,6,CGTCCATGTGACCAAG-1,0.23363292579502162
CSF,MS,MS,6,CGTGTAAGTCTTCGTC-1,-0.12399899093226487
CSF,MS,MS,6,CGTGTCTGTAGAGCTG-1,-0.1893756819438688
CSF,MS,MS,6,CTCGTCACAATCCGAT-1,0.3470703763713042
CSF,MS,MS,6,CTGATCCGTTCTGTTT-1,-0.17523605826009733
CSF,MS,MS,6,CTGCCTAAGCTGTCTA-1,0.013674712336478354
CSF,MS,MS,6,GAATAAGCATCACCCT-1,0.44191461021734985
CSF,MS,MS,6,GAGCAGAAGCCAGTAG-1,0.47740376418230285
CSF,MS,MS,6,GAGGTGAAGAGTCTGG-1,-0.08852979313913414
CSF,MS,MS,6,GAGGTGATCAGCGATT-1,0.07782226261195657
CSF,MS,MS,6,GATCGATAGCGAAGGG-1,0.02216926191997318
CSF,MS,MS,6,GATCTAGAGTATGACA-1,-0.03923971733123497
CSF,MS,MS,6,GATCTAGGTAGCGTGA-1,-0.29997119987097626
CSF,MS,MS,6,GATGCTATCGCACTCT-1,0.6264078557139244
CSF,MS,MS,6,GCATGCGAGGATTCGG-1,0.08632609270219037
CSF,MS,MS,6,GCGCCAACACTGTGTA-1,-0.1364664032322439
CSF,MS,MS,6,GCTTCCACATCACAAC-1,0.6185999935278993
CSF,MS,MS,6,GGACGTCTCACAAACC-1,0.39344178550141995
CSF,MS,MS,6,GGCCGATCAACTGCTA-1,0.06337408167140864
CSF,MS,MS,6,GGGACCTTCATAGCAC-1,0.12741557027366443
CSF,MS,MS,6,GGGTTGCTCACCACCT-1,0.3470537747454611
CSF,MS,MS,6,GTAACGTGTCATCGGC-1,-0.29997119987097626
CSF,MS,MS,6,GTACTTTGTCACAAGG-1,0.04677986633131042
CSF,MS,MS,6,GTGCATAGTCCCTTGT-1,-0.29997119987097626
CSF,MS,MS,6,GTTCATTGTTCACCTC-1,0.11920562116979282
CSF,MS,MS,6,GTTTCTACAGGTCTCG-1,0.06491835494076319
CSF,MS,MS,6,GTTTCTATCGGCGGTT-1,0.6134358406861536
CSF,MS,MS,6,TACGGTAGTTAAGACA-1,-0.29997119987097626
CSF,MS,MS,6,TACTTACGTAACGCGA-1,0.004845816651861774
CSF,MS,MS,6,TAGAGCTGTTCATGGT-1,0.3529992300731708
CSF,MS,MS,6,TCGGGACGTCCGCTGA-1,-0.05225516586213987
CSF,MS,MS,6,TCGGTAAGTTAGGGTG-1,0.18068921115501618
CSF,MS,MS,6,TCGTAGATCCTCCTAG-1,-0.14960674871330953
CSF,MS,MS,6,TGAGCATCACTGTTAG-1,0.15497433492474397
CSF,MS,MS,6,TGAGCCGCAGACGCAA-1,0.29623054719153025
CSF,MS,MS,6,TGCGTGGCAGACAGGT-1,0.11913284450471522
CSF,MS,MS,6,TGCTGCTAGTCCCACG-1,0.38931701398989577
CSF,MS,MS,6,TGGCGCAAGTGTCTCA-1,0.017341263807033252
CSF,MS,MS,6,TGGTTAGAGAAACCTA-1,-0.13146152192703378
CSF,MS,MS,6,TTCGAAGCATGCGCAC-1,0.07423591450492328
CSF,MS,MS,6,TTTCCTCTCTTGCAAG-1,0.7744103289922585
CSF,MS,MS,7,AAACGGGCACCGGAAA-1,0.2597620402600174
CSF,MS,MS,7,AAAGATGTCTAGAGTC-1,0.8179321239260716
CSF,MS,MS,7,AACTCAGAGCCACGTC-1,0.39444892140914906
CSF,MS,MS,7,AAGGTTCCACCAGGCT-1,0.08300546709256296
CSF,MS,MS,7,AAGTCTGCATGTCGAT-1,-0.07408564660937346
CSF,MS,MS,7,ACCCACTTCTGCTGTC-1,0.005637325921199222
CSF,MS,MS,7,ACCTTTACATAGAAAC-1,-0.29997119987097626
CSF,MS,MS,7,ACGAGCCAGGAGCGAG-1,0.03349563236038233
CSF,MS,MS,7,ACGATACAGCACACAG-1,0.22930399248050917
CSF,MS,MS,7,ACGATACGTTGAGTTC-1,0.010767612401161484
CSF,MS,MS,7,ACGATGTTCCTTTCGG-1,-0.0749602275993277
CSF,MS,MS,7,ACGTCAAGTCATACTG-1,0.06979471028153074
CSF,MS,MS,7,ACTGATGCACAGACAG-1,0.17856256542130924
CSF,MS,MS,7,AGCTCCTTCCGTACAA-1,0.13861219814343545
CSF,MS,MS,7,AGCTTGAAGTGGAGAA-1,-0.07738289306636352
CSF,MS,MS,7,AGGGTGAAGTGCAAGC-1,0.23669054038556842
CSF,MS,MS,7,ATAGACCTCTGCTGCT-1,0.0027162658007976242
CSF,MS,MS,7,ATCACGAGTAAGCACG-1,0.0843374072991483
CSF,MS,MS,7,ATCCGAACAAGTCATC-1,0.21837373499784882
CSF,MS,MS,7,ATCTACTGTCTAGAGG-1,0.407691032877116
CSF,MS,MS,7,ATCTGCCGTCTGATTG-1,-0.29997119987097626
CSF,MS,MS,7,ATTACTCGTTAAGAAC-1,0.24979241327473917
CSF,MS,MS,7,CAAGAAAGTGGGTCAA-1,-0.29997119987097626
CSF,MS,MS,7,CAAGTTGTCCTATGTT-1,0.6086252889358296
CSF,MS,MS,7,CACACTCCATTACCTT-1,0.33910152484746214
CSF,MS,MS,7,CAGAATCCACATTCGA-1,0.12262360662851919
CSF,MS,MS,7,CAGCTAACAGCTTCGG-1,0.2599808156417836
CSF,MS,MS,7,CATCAGATCTGTCTAT-1,-0.29997119987097626
CSF,MS,MS,7,CCAGCGAAGCCGCCTA-1,0.1763818184364788
CSF,MS,MS,7,CCTATTATCTGTCCGT-1,-0.29997119987097626
CSF,MS,MS,7,CGATGTATCCAATGGT-1,0.6189096433091291
CSF,MS,MS,7,CGCCAAGTCACGCATA-1,0.5180797052914995
CSF,MS,MS,7,CGCGGTAAGACTGGGT-1,-0.1576429173926198
CSF,MS,MS,7,CGGGTCAAGCTGCGAA-1,0.12418004888605376
CSF,MS,MS,7,CGTAGGCTCCTAGAAC-1,0.350993372370203
CSF,MS,MS,7,CGTTCTGAGCCAGTAG-1,0.7462917515739989
CSF,MS,MS,7,CTACCCAAGTAGTGCG-1,0.16575841564627278
CSF,MS,MS,7,CTAGTGACAGCCTTTC-1,0.6822845446092182
CSF,MS,MS,7,CTCACACCACAAGTAA-1,0.5883985254911013
CSF,MS,MS,7,CTGAAACAGAACTGTA-1,-0.29997119987097626
CSF,MS,MS,7,CTGGTCTCACCTCGTT-1,0.035203414928227574
CSF,MS,MS,7,CTTAGGATCCCTAATT-1,0.4767302302303501
CSF,MS,MS,7,GCATACAGTCCGAAGA-1,0.25779707294130866
CSF,MS,MS,7,GCGCAACTCGTACCGG-1,0.1871465819077763
CSF,MS,MS,7,GGGTTGCAGCTGAACG-1,-0.03993291598819319
CSF,MS,MS,7,GGTGAAGTCCGCGGTA-1,0.6117457544426094
CSF,MS,MS,7,GTCACAATCCGAAGAG-1,0.4205682692584131
CSF,MS,MS,7,GTCCTCACAGCTCGAC-1,0.5753973573961488
CSF,MS,MS,7,GTGAAGGAGGCCATAG-1,0.9073100740665457
CSF,MS,MS,7,GTGGGTCTCAACGCTA-1,-0.16959488729823727
CSF,MS,MS,7,GTTAAGCGTACCCAAT-1,0.2684267479094351
CSF,MS,MS,7,GTTCGGGCATGCCACG-1,0.4232770005867891
CSF,MS,MS,7,TAAACCGCAAGCGAGT-1,-0.08589360394576342
CSF,MS,MS,7,TAAGCGTCATCGGTTA-1,0.1706279649126346
CSF,MS,MS,7,TACTCATTCTTACCGC-1,-0.06595639084504226
CSF,MS,MS,7,TAGTGGTGTCCTCTTG-1,0.3216739508899809
CSF,MS,MS,7,TATCAGGTCTCAAACG-1,0.018151902191620644
CSF,MS,MS,7,TATTACCTCGCCTGAG-1,0.10659616512744662
CSF,MS,MS,7,TCAACGAAGCCACGCT-1,0.6444671935702312
CSF,MS,MS,7,TCAGGATCACTTGGAT-1,0.01586863123287809
CSF,MS,MS,7,TCTGAGATCGGTTCGG-1,-0.09515674286479985
CSF,MS,MS,7,TCTGGAATCTTTAGGG-1,-0.17776905799743073
CSF,MS,MS,7,TGACTAGCATCAGTCA-1,-0.08061446227935162
CSF,MS,MS,7,TGCCAAACAACTGCGC-1,0.04025348792139195
CSF,MS,MS,7,TGCGGGTCACCAGGTC-1,0.3036535329294015
CSF,MS,MS,7,TTAACTCTCCGTAGGC-1,0.0321277668217458
CSF,MS,MS,7,TTCTACACACAACGTT-1,0.1501321445421528
CSF,MS,MS,7,TTCTCCTTCCGTCATC-1,-0.11441391606411255
CSF,MS,MS,7,TTGCCGTAGAAGGTGA-1,0.7599788267721177
CSF,MS,MS,7,TTGTAGGCATCACGTA-1,-0.027324840896145067
CSF,MS,MS,8,AAACGGGAGGCCATAG-1,1.1466470241563091
CSF,MS,MS,8,AAACGGGCACGGCTAC-1,0.3955650407169191
CSF,MS,MS,8,AACCATGGTTATTCTC-1,0.05252262955407749
CSF,MS,MS,8,AACTCAGAGGCACATG-1,0.006872831628020516
CSF,MS,MS,8,AACTTTCAGAGCCCAA-1,-0.11647984200371922
CSF,MS,MS,8,AAGTCTGCATGTCGAT-1-1,-0.05121595949348938
CSF,MS,MS,8,AATCCAGTCAACGCTA-1,0.1344205695511466
CSF,MS,MS,8,ACACCAATCAAACCAC-1,-0.011175081865527027
CSF,MS,MS,8,ACACCGGCAGCCTTTC-1,0.02881535955967299
CSF,MS,MS,8,ACACCGGGTTGAGTTC-1,0.3240607785674764
CSF,MS,MS,8,ACACTGACAGACGCTC-1,0.029783706813411963
CSF,MS,MS,8,ACACTGATCTGCTGCT-1,0.12851133958554345
CSF,MS,MS,8,ACAGCTATCCGCGCAA-1,0.3156224349079169
CSF,MS,MS,8,ACATGGTAGACAGAGA-1,-0.19268753578495584
CSF,MS,MS,8,ACATGGTCAACTTGAC-1,0.19936893138061199
CSF,MS,MS,8,ACCGTAATCGAATGCT-1,0.2243840171573573
CSF,MS,MS,8,ACCGTAATCTTTACGT-1,0.08534294745260443
CSF,MS,MS,8,ACGAGCCTCGGCTACG-1,0.5397165934005851
CSF,MS,MS,8,ACGATGTCACAGCCCA-1,-0.21037098747286445
CSF,MS,MS,8,ACGATGTGTTAAGACA-1,0.637404609875395
CSF,MS,MS,8,ACGTCAACACATCCAA-1,-0.14725266658525982
CSF,MS,MS,8,ACGTCAACATGTTCCC-1,-0.29997119987097626
CSF,MS,MS,8,ACTATCTTCGCTTAGA-1,-0.1487653949522961
CSF,MS,MS,8,ACTGAGTGTTCAGCGC-1,-0.1029831462402392
CSF,MS,MS,8,ACTGCTCTCCTATGTT-1,-0.0032554916505959336
CSF,MS,MS,8,ACTGCTCTCTGACCTC-1,-0.29997119987097626
CSF,MS,MS,8,ACTGTCCGTTAAGACA-1,-0.29997119987097626
CSF,MS,MS,8,ACTTGTTCAGGAATGC-1,-0.15771626306963724
CSF,MS,MS,8,ACTTTCAAGGAATTAC-1,-0.29997119987097626
CSF,MS,MS,8,AGAGCTTAGACTTTCG-1,-0.29997119987097626
CSF,MS,MS,8,AGATCTGAGATGTGGC-1,-0.10103372121570689
CSF,MS,MS,8,AGCAGCCGTCTAGCGC-1,0.21446862475245448
CSF,MS,MS,8,AGCATACGTCTCCATC-1,0.3902237800101333
CSF,MS,MS,8,AGCGTATTCAGGATCT-1,0.0366145983438414
CSF,MS,MS,8,AGGGAGTTCAGAGGTG-1,0.37353543844736004
CSF,MS,MS,8,AGGGTGATCCATGAAC-1,-0.29997119987097626
CSF,MS,MS,8,AGGTCATCACGGCGTT-1,0.10960580091697694
CSF,MS,MS,8,AGGTCATGTCACTGGC-1,-0.11331421070441383
CSF,MS,MS,8,AGGTCATGTTAGAACA-1,-0.04441938829751838
CSF,MS,MS,8,AGTAGTCAGATACACA-1,0.5017008173184562
CSF,MS,MS,8,AGTGTCAGTGTTAAGA-1,0.24409660865447744
CSF,MS,MS,8,AGTTGGTGTCTCACCT-1,0.1524794382967185
CSF,MS,MS,8,ATAACGCAGCACAGGT-1,0.04179728384671814
CSF,MS,MS,8,ATAACGCAGTACACCT-1,-0.29997119987097626
CSF,MS,MS,8,ATAACGCCAAGAAAGG-1,0.08368914828411182
CSF,MS,MS,8,ATAAGAGGTAGGACAC-1,0.31644529514019354
CSF,MS,MS,8,ATCACGACAAGTAGTA-1,0.6859609345946582
CSF,MS,MS,8,ATCACGAGTTAGGGTG-1,0.5528976380368513
CSF,MS,MS,8,ATCATCTAGAGACGAA-1,-0.29997119987097626
CSF,MS,MS,8,ATCCACCTCAACACGT-1,0.7151113875338994
CSF,MS,MS,8,ATCTACTTCTGAAAGA-1,0.5004170435349562
CSF,MS,MS,8,ATGAGGGAGATCCTGT-1,0.18203072860167113
CSF,MS,MS,8,ATGCGATAGACAATAC-1,0.03050953676951949
CSF,MS,MS,8,ATTACTCCATGGTCTA-1,0.17717968991913713
CSF,MS,MS,8,ATTCTACAGACCTTTG-1,0.35926288507642784
CSF,MS,MS,8,ATTGGACCAGGAACGT-1,0.02543459259346151
CSF,MS,MS,8,CAACCAATCGCGGATC-1,0.9001965377321042
CSF,MS,MS,8,CAAGATCTCTGTACGA-1,0.09998509120831896
CSF,MS,MS,8,CAAGTTGCAAGGTGTG-1,0.0799107477671769
CSF,MS,MS,8,CAAGTTGCATCAGTAC-1,0.2601623747856773
CSF,MS,MS,8,CAAGTTGTCTGCAGTA-1,0.018116661738907865
CSF,MS,MS,8,CACAAACCAGCTGGCT-1,0.6073512249522137
CSF,MS,MS,8,CACACCTCAAGGACTG-1,0.17664381077714428
CSF,MS,MS,8,CACACTCCACGGCGTT-1,0.6987955958497203
CSF,MS,MS,8,CACAGTACACCAACCG-1,0.3991897675628855
CSF,MS,MS,8,CACAGTATCGGCGCAT-1,0.1922499450579873
CSF,MS,MS,8,CACATAGTCATCTGCC-1,-0.07173032263374661
CSF,MS,MS,8,CACATAGTCTCTGTCG-1,0.6601272343898342
CSF,MS,MS,8,CACCACTTCCGGGTGT-1,-0.15975837408377683
CSF,MS,MS,8,CACCAGGTCAGTTTGG-1,-0.29997119987097626
CSF,MS,MS,8,CACCAGGTCGGATGTT-1,0.012749728046828454
CSF,MS,MS,8,CAGCATAGTCGGCATC-1,-0.29997119987097626
CSF,MS,MS,8,CAGCCGATCAACACTG-1,-0.17939162179301135
CSF,MS,MS,8,CAGCGACTCTGATACG-1,0.5911043164532506
CSF,MS,MS,8,CAGCTAATCACCCTCA-1,0.29697450325975566
CSF,MS,MS,8,CAGCTGGAGGATTCGG-1,-0.29997119987097626
CSF,MS,MS,8,CATCAGAGTGATAAAC-1,-0.09184953202543564
CSF,MS,MS,8,CATGCCTTCTACTATC-1,-0.0024307693617952202
CSF,MS,MS,8,CATTATCTCGTTTGCC-1,0.4343617587913635
CSF,MS,MS,8,CATTCGCGTAGCGTCC-1,0.6665312142151691
CSF,MS,MS,8,CCACTACCACAGCCCA-1,-0.1713842381860493
CSF,MS,MS,8,CCAGCGATCCAAAGTC-1,0.2578929979069137
CSF,MS,MS,8,CCATTCGGTGGTACAG-1,-0.01086862122779809
CSF,MS,MS,8,CCCAATCGTTAGATGA-1,0.12050435433026199
CSF,MS,MS,8,CCGGGATGTAGATTAG-1,-0.29997119987097626
CSF,MS,MS,8,CCGTTCACACCGAAAG-1,-0.04808285336890943
CSF,MS,MS,8,CCGTTCATCATGCAAC-1,0.5755508897888123
CSF,MS,MS,8,CCTACACTCCTCAATT-1,-0.02555012832333805
CSF,MS,MS,8,CCTACCAGTCGAATCT-1,0.377795376592459
CSF,MS,MS,8,CCTACCAGTGCTTCTC-1,0.7005235023604918
CSF,MS,MS,8,CCTCAGTCACTGTTAG-1,0.2087025195761409
CSF,MS,MS,8,CCTTCCCCAACACGCC-1,0.6189590375727472
CSF,MS,MS,8,CGACCTTGTTCTGTTT-1,-0.15618223905523917
CSF,MS,MS,8,CGAGCCACATACGCCG-1,-0.06765643609637441
CSF,MS,MS,8,CGATTGAAGCGTAATA-1,0.5298498516827478
CSF,MS,MS,8,CGCTGGATCTGGCGAC-1,0.9211341467717802
CSF,MS,MS,8,CGGACACAGCTTTGGT-1,0.7231885333962423
CSF,MS,MS,8,CGGACGTCAGCCAATT-1,0.19577952061155163
CSF,MS,MS,8,CGGACTGAGCCCAATT-1,-0.05850721478753908
CSF,MS,MS,8,CGGGTCAGTAGAGTGC-1,0.06827486754025024
CSF,MS,MS,8,CGGTTAAAGCAGATCG-1,-0.13395594908160377
CSF,MS,MS,8,CGGTTAATCTCTAGGA-1,0.5512680227216118
CSF,MS,MS,8,CGTAGGCCACAAGCCC-1,0.14483112111197746
CSF,MS,MS,8,CGTCACTCACGTCTCT-1,0.004367361192107534
CSF,MS,MS,8,CTAAGACGTGACGCCT-1,0.3161861117336183
CSF,MS,MS,8,CTACGTCAGCATGGCA-1,0.4012965738018058
CSF,MS,MS,8,CTAGTGATCGGCCGAT-1,0.8346054379515836
CSF,MS,MS,8,CTCACACGTAAGGGCT-1,0.7548417696552768
CSF,MS,MS,8,CTCACACTCACATACG-1,0.011218630186297207
CSF,MS,MS,8,CTCAGAAAGCTGGAAC-1,-0.29997119987097626
CSF,MS,MS,8,CTCCTAGGTCACTTCC-1,-0.11159552154346951
CSF,MS,MS,8,CTCTAATGTAGCAAAT-1,-0.29997119987097626
CSF,MS,MS,8,CTCTACGCATCACGAT-1,0.23520779780447962
CSF,MS,MS,8,CTGCCTAGTGATAAAC-1,0.05946314274528471
CSF,MS,MS,8,CTGCTGTAGCCAGTAG-1,0.1700810680615856
CSF,MS,MS,8,CTGGTCTCAGGTCTCG-1,-0.29997119987097626
CSF,MS,MS,8,CTGTGCTTCGGTTAAC-1,-0.1334348356321036
CSF,MS,MS,8,CTGTTTACAGTAAGCG-1,0.3922785689102802
CSF,MS,MS,8,CTTAGGATCACCTTAT-1,0.0923096945160307
CSF,MS,MS,8,CTTCTCTAGCGAGAAA-1,0.007677829935762127
CSF,MS,MS,8,CTTGGCTCACTCTGTC-1,0.4668077136270504
CSF,MS,MS,8,CTTGGCTGTGTCGCTG-1,0.6614987793247736
CSF,MS,MS,8,GAAACTCCAAACTGTC-1,-0.13400259071137463
CSF,MS,MS,8,GAAATGACACTGCCAG-1,0.3356030425802127
CSF,MS,MS,8,GAAATGAGTCATGCAT-1,0.012052678391378944
CSF,MS,MS,8,GAACATCTCATGTAGC-1,0.03711824173565321
CSF,MS,MS,8,GAACATCTCTTGACGA-1,0.9018745271317082
CSF,MS,MS,8,GAACGGAGTGAAATCA-1,-0.29997119987097626
CSF,MS,MS,8,GAATAAGAGTGAAGTT-1,-0.150759347066594
CSF,MS,MS,8,GACACGCCATTCGACA-1,0.15182295356689562
CSF,MS,MS,8,GACAGAGAGAGTAAGG-1,-0.10955127743357772
CSF,MS,MS,8,GACGGCTTCCACGTTC-1,0.46598862357151394
CSF,MS,MS,8,GATCGATCATAGACTC-1,0.9689563066367786
CSF,MS,MS,8,GATTCAGTCACCAGGC-1,0.20017761866989178
CSF,MS,MS,8,GCAAACTGTCTGCAAT-1,-0.29997119987097626
CSF,MS,MS,8,GCAAACTGTGCAACGA-1,0.5643529514751697
CSF,MS,MS,8,GCATGCGTCTATGTGG-1,0.25681420940045974
CSF,MS,MS,8,GCCAAATTCACAGGCC-1,0.5810293979678527
CSF,MS,MS,8,GCCTCTATCCCATTTA-1,0.46889954795492367
CSF,MS,MS,8,GCGACCAGTAAGAGAG-1,-0.19332907019257853
CSF,MS,MS,8,GCGAGAAAGCGGATCA-1,0.575708360616788
CSF,MS,MS,8,GCGCAGTAGATCACGG-1,-0.028007741139503946
CSF,MS,MS,8,GCTCCTAGTATAAACG-1,0.011269709318284795
CSF,MS,MS,8,GCTCTGTCAGCCTGTG-1,-0.13543601933653643
CSF,MS,MS,8,GCTCTGTTCAACGAAA-1,-0.03632953463629847
CSF,MS,MS,8,GCTGCAGCATGCAACT-1,0.08020881444337902
CSF,MS,MS,8,GCTGCAGTCACAACGT-1,0.30159022864242324
CSF,MS,MS,8,GCTTCCAGTAGCGCAA-1,0.7817836927079121
CSF,MS,MS,8,GCTTCCAGTGAGGCTA-1,0.6216189729641796
CSF,MS,MS,8,GGACAAGGTTTCGCTC-1,-0.06033191500858973
CSF,MS,MS,8,GGACAGACAGGGAGAG-1,0.37790381683117596
CSF,MS,MS,8,GGACGTCCATTGGCGC-1,0.13525446409498912
CSF,MS,MS,8,GGCAATTTCCAAATGC-1,-0.19710320451359067
CSF,MS,MS,8,GGCTGGTGTTCATGGT-1,-0.29997119987097626
CSF,MS,MS,8,GGGATGAGTTACCAGT-1,0.3637382545013623
CSF,MS,MS,8,GGGCACTTCAAGGTAA-1,0.0973336040888868
CSF,MS,MS,8,GGGCATCTCCACGCAG-1,0.363625950351619
CSF,MS,MS,8,GGGTCTGGTAGCGATG-1,0.05707034871777972
CSF,MS,MS,8,GGTGAAGGTGCAACTT-1,-0.16632500407907908
CSF,MS,MS,8,GGTGCGTTCACCACCT-1,-0.005661658106120309
CSF,MS,MS,8,GTAGGCCCACATCTTT-1,-0.29997119987097626
CSF,MS,MS,8,GTCACAACACTGTTAG-1,0.007244447753664999
CSF,MS,MS,8,GTCACGGAGAGACTAT-1,0.244837304143982
CSF,MS,MS,8,GTCATTTTCGTACCGG-1,0.3454006355689338
CSF,MS,MS,8,GTCTCGTGTTCCCTTG-1,0.1870105330142849
CSF,MS,MS,8,GTCTTCGAGAGTCGGT-1,0.1103452206614791
CSF,MS,MS,8,GTCTTCGGTGAACCTT-1,0.16772062653271907
CSF,MS,MS,8,GTGCGGTGTCCCTTGT-1,0.29915057334293654
CSF,MS,MS,8,GTGCTTCCAGAGTGTG-1,0.15336020116391127
CSF,MS,MS,8,GTGCTTCCATGTTCCC-1,-0.13442528355919078
CSF,MS,MS,8,GTGCTTCTCACGACTA-1,0.36042772099016546
CSF,MS,MS,8,GTTAAGCTCGCAAGCC-1,0.25535141932018984
CSF,MS,MS,8,GTTTCTAAGCTGAACG-1,0.7976196545308268
CSF,MS,MS,8,GTTTCTACACCACGTG-1,0.0189502935654658
CSF,MS,MS,8,GTTTCTATCCGTACAA-1,-0.29997119987097626
CSF,MS,MS,8,TAAGCGTGTCTGCCAG-1,0.14133561684800017
CSF,MS,MS,8,TACCTTATCCAAAGTC-1,0.42451488498249523
CSF,MS,MS,8,TACGGATTCCCGACTT-1,0.041197095328440216
CSF,MS,MS,8,TACGGTATCCTCAATT-1,0.11946985322802105
CSF,MS,MS,8,TACTCATAGAGCTATA-1,-0.16175481257054442
CSF,MS,MS,8,TACTCATCAGGACGTA-1,0.06349934625754856
CSF,MS,MS,8,TACTTACTCTCTAGGA-1,0.12096487165013235
CSF,MS,MS,8,TATCAGGCATCTCCCA-1,0.30513678353800444
CSF,MS,MS,8,TATCAGGTCTACTATC-1,0.1604091505111857
CSF,MS,MS,8,TCAACGAGTTGTGGCC-1,0.7561965355780461
CSF,MS,MS,8,TCAATCTTCCGCTGTT-1,0.26611912155704687
CSF,MS,MS,8,TCACGAAAGTGTTAGA-1,0.01731687293262474
CSF,MS,MS,8,TCAGCTCAGGAATCGC-1,0.4236510749973859
CSF,MS,MS,8,TCAGGATGTCTTGTCC-1,0.44731269538302537
CSF,MS,MS,8,TCAGGTATCTGAGTGT-1,-0.29997119987097626
CSF,MS,MS,8,TCATTTGAGACTTGAA-1,-0.0751733954031151
CSF,MS,MS,8,TCCACACCAAGTAGTA-1,-0.29997119987097626
CSF,MS,MS,8,TCCCGATAGCGCCTCA-1,0.4223499580592132
CSF,MS,MS,8,TCCCGATCACACATGT-1,0.01060506901222146
CSF,MS,MS,8,TCGGGACCACGACGAA-1,0.2916204318095502
CSF,MS,MS,8,TCGGGACTCTTGCAAG-1,-0.29997119987097626
CSF,MS,MS,8,TCGGTAAGTTCAACCA-1,-0.19735000256667204
CSF,MS,MS,8,TCGTACCAGCATGGCA-1,0.07383880837910943
CSF,MS,MS,8,TCGTACCAGCCCAGCT-1,0.20854481521275287
CSF,MS,MS,8,TCGTAGAAGTGGGCTA-1,0.08058322452675244
CSF,MS,MS,8,TCTATTGCAAGTAATG-1,-0.29997119987097626
CSF,MS,MS,8,TCTATTGGTGGCCCTA-1,-0.1910859910857867
CSF,MS,MS,8,TCTGAGAGTTTGACTG-1,-0.050896821821930775
CSF,MS,MS,8,TGACAACGTGCAGACA-1,0.5090423316887672
CSF,MS,MS,8,TGACGGCAGGACCACA-1,-0.29997119987097626
CSF,MS,MS,8,TGACGGCAGGTGACCA-1,1.5216654720880032
CSF,MS,MS,8,TGACGGCCACAGATTC-1,0.5807491279750217
CSF,MS,MS,8,TGACTAGAGGGAGTAA-1,0.0695170330420202
CSF,MS,MS,8,TGAGGGATCCTCCTAG-1,-0.29997119987097626
CSF,MS,MS,8,TGCACCTTCAGGCAAG-1,0.3682828559011151
CSF,MS,MS,8,TGCCCTAGTGTAAGTA-1,0.45966072609358416
CSF,MS,MS,8,TGCGCAGAGTAAGTAC-1,-0.07201991125181124
CSF,MS,MS,8,TGCGCAGTCAATCTCT-1,0.37042990842624185
CSF,MS,MS,8,TGCGGGTGTTCCGGCA-1,0.3543302152236411
CSF,MS,MS,8,TGCGGGTTCCAAAGTC-1,-0.29997119987097626
CSF,MS,MS,8,TGCGTGGAGTTACCCA-1,0.13950919186191382
CSF,MS,MS,8,TGCTACCTCGGAAACG-1,0.3122509257375862
CSF,MS,MS,8,TGCTGCTTCTCGGACG-1,0.46228040357248856
CSF,MS,MS,8,TGGACGCGTAGAGGAA-1,0.2831676180322499
CSF,MS,MS,8,TGGCCAGTCGTGGGAA-1,0.37789184891840943
CSF,MS,MS,8,TGGTTAGGTGCACCAC-1,-0.01287202039707929
CSF,MS,MS,8,TGGTTCCAGACTAAGT-1,0.18131092462274395
CSF,MS,MS,8,TGGTTCCCAGAGTGTG-1,1.0761503808607853
CSF,MS,MS,8,TGTATTCTCAACGCTA-1,-0.29997119987097626
CSF,MS,MS,8,TGTGGTAGTGTTCTTT-1,0.1998349126262657
CSF,MS,MS,8,TGTTCCGGTCCGCTGA-1,-0.29997119987097626
CSF,MS,MS,8,TGTTCCGTCAACGGCC-1,0.7759785328332176
CSF,MS,MS,8,TTAGGACCAGGGTATG-1,0.4897837625725094
CSF,MS,MS,8,TTAGTTCAGTGGAGAA-1,0.7341219878647162
CSF,MS,MS,8,TTAGTTCTCTATGTGG-1,0.18395905192115772
CSF,MS,MS,8,TTCGAAGAGCTGATAA-1,0.3476262527884194
CSF,MS,MS,8,TTCGAAGCAGACGTAG-1,0.2089781862397058
CSF,MS,MS,8,TTCTACACAGACGCCT-1,0.061917547900445076
CSF,MS,MS,8,TTCTCAATCAAACCGT-1,-0.02064000329273532
CSF,MS,MS,8,TTCTCCTTCTCTGAGA-1,-0.19711305313358457
CSF,MS,MS,8,TTGACTTAGGCATTGG-1,-0.07660111471201005
CSF,MS,MS,8,TTGACTTTCACCTTAT-1,0.13536488108952965
CSF,MS,MS,8,TTGGAACCACGAGAGT-1,-0.29997119987097626
CSF,MS,MS,8,TTGGCAAAGATGCCAG-1,-0.29997119987097626
CSF,MS,MS,8,TTTATGCAGTCCGTAT-1,-0.29997119987097626
CSF,MS,MS,8,TTTATGCCACCGAATT-1,0.011395115240545456
CSF,MS,MS,8,TTTATGCGTGGAAAGA-1,-0.09394030993366467
CSF,MS,MS,8,TTTGCGCGTTCGTTGA-1,1.0572620010445217
CSF,MS,MS,8,TTTGTCATCTTACCTA-1,-0.004741250325578943
CSF,MS,MS,9,AACCGCGGTTTCGCTC-1,0.4791354445679394
CSF,MS,MS,9,AACGTTGAGGACATTA-1,0.503176725738139
CSF,MS,MS,9,AAGACCTGTCCTAGCG-1,0.16385721509986922
CSF,MS,MS,9,AATCCAGTCAACACCA-1,-0.18592385875428458
CSF,MS,MS,9,ACACCCTTCCTTTACA-1,0.7079885439764908
CSF,MS,MS,9,ACAGCCGAGTAGGTGC-1,-0.11704594019534421
CSF,MS,MS,9,ACAGCTAGTCTCCACT-1,-0.05135684332001165
CSF,MS,MS,9,ACATACGGTAAGTGTA-1,0.3766421642477904
CSF,MS,MS,9,ACCAGTACATGCCACG-1,-0.006365863313751096
CSF,MS,MS,9,ACCTTTAGTTCTCATT-1,0.17516741773406835
CSF,MS,MS,9,ACGATACCACACCGCA-1,-0.08746695034110065
CSF,MS,MS,9,ACGCAGCGTGACGGTA-1,0.27409970137196943
CSF,MS,MS,9,ACGCCAGAGCGATGAC-1,-0.29997119987097626
CSF,MS,MS,9,ACGGCCAGTCTGATTG-1,0.15164377001479643
CSF,MS,MS,9,ACGGGTCGTGCTTCTC-1,0.44132464973524393
CSF,MS,MS,9,ACTGATGTCAGAAATG-1,0.1621555158335994
CSF,MS,MS,9,ACTTGTTTCCCTCAGT-1,0.002783955018623163
CSF,MS,MS,9,ACTTTCACAGCATACT-1,-0.29997119987097626
CSF,MS,MS,9,AGCTCTCCAGCCTTGG-1,0.5298295808413072
CSF,MS,MS,9,AGGCCACAGCCAGTAG-1,0.8359647273342856
CSF,MS,MS,9,AGGGTGAGTCTGGAGA-1,0.17941749083510022
CSF,MS,MS,9,AGTAGTCAGTTAACGA-1,0.8475159299475029
CSF,MS,MS,9,ATCATCTAGTGTCCCG-1,-0.29997119987097626
CSF,MS,MS,9,ATCCACCGTACTCGCG-1,0.20491261541845396
CSF,MS,MS,9,ATCGAGTAGAGCCCAA-1,-0.1746536898194993
CSF,MS,MS,9,ATGAGGGGTTCAGGCC-1,0.14758233513696095
CSF,MS,MS,9,ATGCGATGTCCCTTGT-1,-0.047538445139849096
CSF,MS,MS,9,ATGTGTGCAGCTCCGA-1,0.7223138866295641
CSF,MS,MS,9,ATTCTACCACGTGAGA-1,-0.00932879266832974
CSF,MS,MS,9,ATTGGTGGTACCGTAT-1,0.30627448062123974
CSF,MS,MS,9,ATTGGTGTCCCTAACC-1,0.04722028284299218
CSF,MS,MS,9,CAACCTCAGACCGGAT-1,0.12502167153373486
CSF,MS,MS,9,CACCACTGTTGGTAAA-1,-0.29997119987097626
CSF,MS,MS,9,CAGCTAAAGACTAAGT-1,0.2254435001543946
CSF,MS,MS,9,CATCGAAAGATAGCAT-1,-0.29997119987097626
CSF,MS,MS,9,CATCGAAGTTTGTTGG-1,0.5985843417958171
CSF,MS,MS,9,CATGGCGCACAGATTC-1,0.29765618044631614
CSF,MS,MS,9,CATTCGCGTATGCTTG-1,0.6163913995929822
CSF,MS,MS,9,CCAGCGAGTGAGCGAT-1,0.6029049307789778
CSF,MS,MS,9,CCCTCCTAGGGTTTCT-1,-0.0054141597868003445
CSF,MS,MS,9,CCGGGATTCACCTCGT-1,-0.05908755942800483
CSF,MS,MS,9,CCGGTAGTCTCTGCTG-1,0.24632136335139862
CSF,MS,MS,9,CCGTGGAAGACACGAC-1,-0.29997119987097626
CSF,MS,MS,9,CGAGCACGTCTGCGGT-1,-0.16084695613577085
CSF,MS,MS,9,CGAGCCACACTGAAGG-1,-0.11024352934965873
CSF,MS,MS,9,CGATTGATCGTTTATC-1,0.061650128219382636
CSF,MS,MS,9,CGCTTCAAGAGTAAGG-1,0.2923494141964529
CSF,MS,MS,9,CGGACACCACATGTGT-1,0.5797521446930057
CSF,MS,MS,9,CGGAGCTAGCGCTTAT-1,0.09190453951473554
CSF,MS,MS,9,CGTAGCGAGAAGGACA-1,0.450023285620673
CSF,MS,MS,9,CTACACCCATCTCGCT-1,-0.29997119987097626
CSF,MS,MS,9,CTCGAAAAGGCTCTTA-1,0.2431388487409951
CSF,MS,MS,9,CTCGAGGCAATGGACG-1,0.4395317147520067
CSF,MS,MS,9,CTGATAGCACCGAATT-1,0.3401263504506897
CSF,MS,MS,9,CTGATAGCAGCCAATT-1,0.07761799705975359
CSF,MS,MS,9,CTGATAGTCAACACTG-1,-0.29997119987097626
CSF,MS,MS,9,CTTACCGTCCAAGTAC-1,0.7498320833901896
CSF,MS,MS,9,GACCAATAGGCATTGG-1,0.07178392636140485
CSF,MS,MS,9,GACTACAAGAAACCTA-1,0.0943064641372124
CSF,MS,MS,9,GACTACAAGACAGAGA-1,0.2163994493146685
CSF,MS,MS,9,GAGGTGATCTTGGGTA-1,-0.018696527298496822
CSF,MS,MS,9,GATCGTAAGTATCTCG-1,-0.29997119987097626
CSF,MS,MS,9,GATGAGGCACCACGTG-1,0.07222013252571936
CSF,MS,MS,9,GCAGCCATCTACTTAC-1,0.7528720071585352
CSF,MS,MS,9,GCGACCATCCAGAGGA-1,0.3328874158398998
CSF,MS,MS,9,GCTCCTAGTGGACGAT-1,0.24611788942896598
CSF,MS,MS,9,GCTCTGTGTGAGGCTA-1,0.5559531177936743
CSF,MS,MS,9,GGATGTTCACTGTGTA-1,0.14122063284058867
CSF,MS,MS,9,GGCTCGAAGAGGGCTT-1,1.3835747192708683
CSF,MS,MS,9,GGTATTGAGCTACCGC-1,0.18218924941615716
CSF,MS,MS,9,GGTATTGAGGACAGAA-1,-0.13788282512301453
CSF,MS,MS,9,GGTATTGTCTTCTGGC-1,0.9233321276476921
CSF,MS,MS,9,GGTGAAGTCACCGTAA-1,-0.29997119987097626
CSF,MS,MS,9,GGTGCGTGTACTCAAC-1,0.3862382227522884
CSF,MS,MS,9,GTAACGTAGGGCACTA-1,0.2576405605332509
CSF,MS,MS,9,GTACGTACATTATCTC-1,-0.16990821060508768
CSF,MS,MS,9,GTACGTATCATGTCTT-1,0.1444676496804655
CSF,MS,MS,9,GTAGTCATCCTAAGTG-1,-0.12852754821653412
CSF,MS,MS,9,GTCACAATCCGAACGC-1,0.5062381350509706
CSF,MS,MS,9,GTCGTAACAGGGTTAG-1,0.3562773922782391
CSF,MS,MS,9,GTCGTAAGTTCCGTCT-1,-0.0991161689424233
CSF,MS,MS,9,GTGCGGTAGACACTAA-1,0.12254164942971815
CSF,MS,MS,9,GTGTTAGGTCTGCGGT-1,0.3648892134899218
CSF,MS,MS,9,TAAACCGTCGGATGGA-1,1.1874989002994083
CSF,MS,MS,9,TACACGAGTAGTAGTA-1,0.5030605312481772
CSF,MS,MS,9,TACAGTGTCACCACCT-1,0.7744624360411352
CSF,MS,MS,9,TACCTATAGGCCATAG-1,0.3290825548125375
CSF,MS,MS,9,TACGGGCGTCAAAGCG-1,0.7940959078025874
CSF,MS,MS,9,TAGCCGGCATCCGCGA-1,-0.29997119987097626
CSF,MS,MS,9,TAGCCGGGTACCGTTA-1,-0.0016881304401849936
CSF,MS,MS,9,TCAGCTCAGGCGTACA-1,-0.1912245806497009
CSF,MS,MS,9,TCAGGTAAGAGATGAG-1,-0.08278999323826608
CSF,MS,MS,9,TCGAGGCAGCCCAATT-1,-0.021515924266905347
CSF,MS,MS,9,TCGCGAGAGATCCCGC-1,-0.1215560054560301
CSF,MS,MS,9,TCGCGTTCAAGGCTCC-1,0.6382656673064463
CSF,MS,MS,9,TCGTAGATCAACGGGA-1,0.2576882453958084
CSF,MS,MS,9,TCTCTAACACTAAGTC-1,0.2853604213989778
CSF,MS,MS,9,TGACTAGCATGCCCGA-1,0.0771911330004443
CSF,MS,MS,9,TGAGCATAGAGTGAGA-1,0.06938677332702123
CSF,MS,MS,9,TGCCAAAGTTATCGGT-1,-0.16561540749766077
CSF,MS,MS,9,TGCGCAGAGGACCACA-1,0.25444034654494124
CSF,MS,MS,9,TGCTACCAGCAATATG-1,-0.15844457959348104
CSF,MS,MS,9,TGTATTCAGTACGCGA-1,0.2865767244996351
CSF,MS,MS,9,TTAGTTCGTACCCAAT-1,0.546579076709344
CSF,MS,MS,9,TTCGAAGAGGACTGGT-1,0.40570500064586856
CSF,MS,MS,9,TTGGCAAGTGCGAAAC-1,0.5182953100774892
CSF,MS,MS,9,TTGTAGGGTAAAGTCA-1,0.1646169273561866
CSF,MS,MS,9,TTTACTGAGTGTACCT-1,-0.06914986791804588
CSF,MS,MS,9,TTTGCGCGTCATCGGC-1,0.1910916580697428
CSF,MS,MS,10,AAACGGGAGAAGATTC-1,-0.29997119987097626
CSF,MS,MS,10,AACCGCGAGTGAAGTT-1,0.34773815819834025
CSF,MS,MS,10,AACCGCGCACAGTCGC-1,0.27949609566988814
CSF,MS,MS,10,AAGCCGCCATAGGATA-1,-0.10667360234051092
CSF,MS,MS,10,AATCGGTGTTACTGAC-1,-0.17144226542269253
CSF,MS,MS,10,ACATACGCAGACACTT-1,0.28362974239591293
CSF,MS,MS,10,ACGATACCATTTCACT-1,0.5724606302305743
CSF,MS,MS,10,ACGATACGTCAAACTC-1,0.4788605236601761
CSF,MS,MS,10,ACTGAGTCACAGACTT-1,-0.015074325656754076
CSF,MS,MS,10,ACTGATGGTGCACTTA-1,0.05823856258323318
CSF,MS,MS,10,ACTGTCCGTCCGACGT-1,0.36876483618580863
CSF,MS,MS,10,ACTGTCCTCATTATCC-1,-0.06929635468475603
CSF,MS,MS,10,AGACGTTTCGGACAAG-1,-0.1072369998748364
CSF,MS,MS,10,AGCATACAGCTCCTCT-1,0.4180418576840892
CSF,MS,MS,10,AGCCTAACATGTCCTC-1,0.5466384527267506
CSF,MS,MS,10,AGGGATGGTTATCACG-1,0.2217433518826511
CSF,MS,MS,10,AGTAGTCTCTGGTTCC-1,-0.29997119987097626
CSF,MS,MS,10,ATAACGCTCGCACTCT-1,-0.12846549606973107
CSF,MS,MS,10,ATAAGAGGTATCGCAT-1,0.13544970742269152
CSF,MS,MS,10,ATAGACCTCTTTAGGG-1,-0.1810072660206963
CSF,MS,MS,10,ATCATGGCACTATCTT-1,0.10923746472968508
CSF,MS,MS,10,ATCTGCCTCAATCACG-1,0.4637468464265949
CSF,MS,MS,10,ATGCGATGTCGGCACT-1,0.180712700871194
CSF,MS,MS,10,CAACTAGCATGTCTCC-1,-0.29997119987097626
CSF,MS,MS,10,CACACAAGTCTAGTCA-1,0.07599155671868031
CSF,MS,MS,10,CACATAGTCTATCCCG-1,-0.15870988719974005
CSF,MS,MS,10,CACTCCAAGATGAGAG-1,0.31178160092360857
CSF,MS,MS,10,CACTCCATCAAACCAC-1,0.06719642507184766
CSF,MS,MS,10,CAGATCAGTCCGAAGA-1,-0.29997119987097626
CSF,MS,MS,10,CAGTAACGTAAGAGGA-1,-0.14868119612237535
CSF,MS,MS,10,CATCGAAAGTTCGCGC-1,-0.006788778170490902
CSF,MS,MS,10,CATTATCGTCCAACTA-1,-0.29997119987097626
CSF,MS,MS,10,CCACCTATCTAGCACA-1,-0.1569045615343993
CSF,MS,MS,10,CCCAGTTTCTGGGCCA-1,0.0353770415044125
CSF,MS,MS,10,CCGGGATAGCTATGCT-1,-0.29997119987097626
CSF,MS,MS,10,CCGGGATGTCCTGCTT-1,-0.29997119987097626
CSF,MS,MS,10,CCGGTAGGTGACAAAT-1,-0.030608753144746304
CSF,MS,MS,10,CCGGTAGTCTTGTTTG-1,-0.29997119987097626
CSF,MS,MS,10,CCTAAAGAGATAGCAT-1,-0.1799908107338613
CSF,MS,MS,10,CCTACACAGTGGAGAA-1,-0.16609450060951486
CSF,MS,MS,10,CCTACCAGTGCCTGCA-1,-0.29997119987097626
CSF,MS,MS,10,CGACTTCCAGCTTAAC-1,0.3702890771188677
CSF,MS,MS,10,CGAGCACGTTCCGGCA-1,-0.18909874282558106
CSF,MS,MS,10,CGCTTCAGTTGTACAC-1,0.5729697682578845
CSF,MS,MS,10,CGGACACAGTCCAGGA-1,0.15699461040596346
CSF,MS,MS,10,CGGACACCATGGATGG-1,0.629708682496331
CSF,MS,MS,10,CGGACGTCACCAGTTA-1,-0.29997119987097626
CSF,MS,MS,10,CGGACTGGTCTCCACT-1,-0.022351029452653468
CSF,MS,MS,10,CGGCTAGCAATGCCAT-1,-0.0076368245145993574
CSF,MS,MS,10,CGTAGCGGTTCACGGC-1,-0.008621558744905796
CSF,MS,MS,10,CGTAGGCCATTCACTT-1,0.19951857274794418
CSF,MS,MS,10,CGTAGGCTCGACCAGC-1,0.04613382611031781
CSF,MS,MS,10,CGTAGGCTCGGAGCAA-1,0.7548383734939714
CSF,MS,MS,10,CGTTAGACACAACGTT-1,-0.29997119987097626
CSF,MS,MS,10,CTAACTTAGTCGATAA-1,-0.053849431608507796
CSF,MS,MS,10,CTACACCTCCCTCTTT-1,0.11150084920962344
CSF,MS,MS,10,CTAGAGTTCCGCAGTG-1,0.05072284678930038
CSF,MS,MS,10,CTCCTAGGTTCGGGCT-1,-0.07914232148237958
CSF,MS,MS,10,CTCGGAGCATCGTCGG-1,0.20165885307946782
CSF,MS,MS,10,CTCGTACCACTGTGTA-1,0.12813368513236137
CSF,MS,MS,10,CTCTAATAGTACGTTC-1,0.42033521592074813
CSF,MS,MS,10,CTCTAATGTTGGACCC-1,-0.29997119987097626
CSF,MS,MS,10,CTGAAGTCACCAGGTC-1,-0.09748424928071191
CSF,MS,MS,10,CTGATCCGTGCTTCTC-1,0.056803068907104445
CSF,MS,MS,10,CTTGGCTCAAGCCGCT-1,0.2870518032848735
CSF,MS,MS,10,CTTGGCTGTCGGCATC-1,0.23897194125715385
CSF,MS,MS,10,CTTGGCTTCCATGAGT-1,0.42167226603961167
CSF,MS,MS,10,GAAACTCAGTGTTGAA-1,0.8028139077201413
CSF,MS,MS,10,GAACATCAGCGCCTTG-1,0.08668660166988484
CSF,MS,MS,10,GAACGGAGTACCGAGA-1,-0.17290196914981829
CSF,MS,MS,10,GACACGCAGGTGTTAA-1,0.25582257177684936
CSF,MS,MS,10,GACCAATGTTGTGGCC-1,-0.1351934324361039
CSF,MS,MS,10,GACGGCTCAGACGCAA-1,0.022483546725921837
CSF,MS,MS,10,GAGGTGAAGTCAATAG-1,-0.29997119987097626
CSF,MS,MS,10,GATCAGTCAAACCCAT-1,0.20037903645031827
CSF,MS,MS,10,GATCGCGCACGCTTTC-1,-0.29997119987097626
CSF,MS,MS,10,GCAGCCAAGCTAACAA-1,0.21926394402619429
CSF,MS,MS,10,GCATGCGTCAACACTG-1,0.025983125944350944
CSF,MS,MS,10,GCCAAATTCCACTGGG-1,0.40034374337201806
CSF,MS,MS,10,GCGCAGTAGGTGCTAG-1,-0.29997119987097626
CSF,MS,MS,10,GCTCCTAGTTGGGACA-1,0.45460178245644084
CSF,MS,MS,10,GCTCTGTAGAGATGAG-1,-0.29997119987097626
CSF,MS,MS,10,GCTGCAGGTTGCCTCT-1,-0.29997119987097626
CSF,MS,MS,10,GCTGGGTCACGCGAAA-1,0.01839275969274976
CSF,MS,MS,10,GGAACTTCAGTCAGCC-1,-0.10717260937118063
CSF,MS,MS,10,GGACATTAGTTTGCGT-1,0.28049238292437934
CSF,MS,MS,10,GGGAATGTCAGATAAG-1,0.0934919590441224
CSF,MS,MS,10,GGGCATCCACCGCTAG-1,0.3753046253620632
CSF,MS,MS,10,GGTGAAGCAGCCTTTC-1,0.42938543591731715
CSF,MS,MS,10,GTATCTTCAGCAGTTT-1,-0.0963608344783031
CSF,MS,MS,10,GTCACGGAGACAATAC-1,-0.12063849802501472
CSF,MS,MS,10,GTCATTTTCCATGAGT-1,0.17588573667001198
CSF,MS,MS,10,GTGCGGTTCAACACCA-1,0.10994413602615213
CSF,MS,MS,10,TAAACCGGTGGTACAG-1,0.08402037378711377
CSF,MS,MS,10,TACACGAGTCTTGCGG-1,-0.006305029215374129
CSF,MS,MS,10,TACGGTATCTTGCAAG-1,-0.29997119987097626
CSF,MS,MS,10,TACTTACAGCTAGTTC-1,-0.15761845711330766
CSF,MS,MS,10,TAGTGGTGTTGCGCAC-1,-0.29997119987097626
CSF,MS,MS,10,TAGTTGGTCGAGCCCA-1,0.23071632866681865
CSF,MS,MS,10,TATCAGGCACCGTTGG-1,0.055730816347506255
CSF,MS,MS,10,TCAGCAAGTGGTGTAG-1,-0.29997119987097626
CSF,MS,MS,10,TCAGGATCACCAACCG-1,-0.11805201561522365
CSF,MS,MS,10,TCAGGATTCCCATTTA-1,-0.08615254142672699
CSF,MS,MS,10,TCAGGTATCTGCAGTA-1,-0.10572683730742316
CSF,MS,MS,10,TCCACACCAGATCTGT-1,0.3034337661555458
CSF,MS,MS,10,TCGAGGCGTTCGAATC-1,-0.03677786452428945
CSF,MS,MS,10,TCGTACCGTGGCAAAC-1,-0.10139338706578319
CSF,MS,MS,10,TCTCATAAGTGCAAGC-1,0.11967075633817863
CSF,MS,MS,10,TCTCATACATCTATGG-1,0.28741197513531663
CSF,MS,MS,10,TCTGAGATCCGGCACA-1,0.23162346953221585
CSF,MS,MS,10,TGACAACAGAGCTATA-1,0.8488292976025607
CSF,MS,MS,10,TGACTTTAGTTTAGGA-1,0.16157537563027466
CSF,MS,MS,10,TGAGAGGAGGGCTTCC-1,-0.29997119987097626
CSF,MS,MS,10,TGATTTCGTCGAGATG-1,0.13267369674592894
CSF,MS,MS,10,TGCACCTCACTCAGGC-1,-0.1635345513007666
CSF,MS,MS,10,TGCTACCGTAATAGCA-1,0.9059243849516815
CSF,MS,MS,10,TGCTGCTTCAGATAAG-1,-0.08999720682519886
CSF,MS,MS,10,TGGGCGTGTCTAAAGA-1,1.021206987492669
CSF,MS,MS,10,TGGTTCCGTGCGATAG-1,0.06252979458341631
CSF,MS,MS,10,TGGTTCCTCGGTCTAA-1,-0.021061968410866765
CSF,MS,MS,10,TGTGGTAGTAGCAAAT-1,0.22270276876108117
CSF,MS,MS,10,TTCCCAGAGGCTAGAC-1,-0.07167161070229959
CSF,MS,MS,10,TTCTCAAAGTGGAGAA-1,0.03640069415755631
CSF,MS,MS,10,TTGCCGTTCAACGGGA-1,-0.29997119987097626
CSF,MS,MS,10,TTGCGTCAGCGATGAC-1,-0.07696618690696153
CSF,MS,MS,10,TTGGCAAAGATATGGT-1,0.1720337876468498
CSF,MS,MS,10,TTGGCAAGTCTGATCA-1,-0.18346620972948674
CSF,MS,MS,10,TTGTAGGAGTACGATA-1,-0.11837951387054109
CSF,MS,MS,16,AAACCTGAGCTTATCG-1,-0.29997119987097626
CSF,MS,MS,16,AAAGATGCAAATCCGT-1,0.6029833939578945
CSF,MS,MS,16,AAAGATGTCCGAACGC-1,0.2301396149731266
CSF,MS,MS,16,AAAGCAAGTCGACTGC-1,0.014649411941797887
CSF,MS,MS,16,AACACGTGTCTTCAAG-1,0.6944390810042222
CSF,MS,MS,16,AACACGTTCTTGAGGT-1,-0.29997119987097626
CSF,MS,MS,16,AACCATGGTATAGGTA-1,-0.11189152381006544
CSF,MS,MS,16,AACTCAGAGATGAGAG-1,0.17881717128577806
CSF,MS,MS,16,AACTCCCCATGTTCCC-1,-0.19711774217739617
CSF,MS,MS,16,AATCCAGTCTTGCATT-1,0.3595711222649447
CSF,MS,MS,16,AATCGGTAGTTCGCGC-1,0.8803482077531025
CSF,MS,MS,16,AATCGGTCACCCATGG-1,-0.06571296169222356
CSF,MS,MS,16,ACACCCTCAAGTCATC-1,-0.08653303964872283
CSF,MS,MS,16,ACACCGGCAAAGGTGC-1,0.43788630588138344
CSF,MS,MS,16,ACACTGACAGTGGGAT-1,0.2620149273729836
CSF,MS,MS,16,ACACTGACATAGACTC-1,-0.29997119987097626
CSF,MS,MS,16,ACACTGAGTACGACCC-1,-0.06072996040439468
CSF,MS,MS,16,ACCAGTAAGCGATTCT-1,0.19402884974874504
CSF,MS,MS,16,ACCCACTAGCGACGTA-1,0.7563986566645975
CSF,MS,MS,16,ACCCACTTCGGTCTAA-1,-0.29997119987097626
CSF,MS,MS,16,ACCGTAACACAGATTC-1,0.245394409301055
CSF,MS,MS,16,ACCGTAAGTGCGGTAA-1,0.1096475278861636
CSF,MS,MS,16,ACCGTAATCCTTTACA-1,-0.020915747757961806
CSF,MS,MS,16,ACGAGGACAAGCGTAG-1,0.1584286748671899
CSF,MS,MS,16,ACGAGGATCAGGCGAA-1,-0.01454868469828335
CSF,MS,MS,16,ACGATACTCTCATTCA-1,0.3794606677176793
CSF,MS,MS,16,ACGATGTGTCAACATC-1,0.05370132342143236
CSF,MS,MS,16,ACGATGTTCGGCGGTT-1,0.5459907784021573
CSF,MS,MS,16,ACGATGTTCTCGGACG-1,0.15591698749157204
CSF,MS,MS,16,ACGCCGAGTCAAAGAT-1,0.0009170116377461568
CSF,MS,MS,16,ACGCCGATCAACCAAC-1,0.08173380748947902
CSF,MS,MS,16,ACGGCCAAGGCAATTA-1,0.6535736392562684
CSF,MS,MS,16,ACGGGTCGTAGGGACT-1,0.3148969712490235
CSF,MS,MS,16,ACGTCAACAACTGCTA-1,0.035442646483076254
CSF,MS,MS,16,ACGTCAACAATGAATG-1,-0.29997119987097626
CSF,MS,MS,16,ACTATCTAGCTAACTC-1,0.061099061320255776
CSF,MS,MS,16,ACTATCTTCAGAGACG-1,0.02936434409917889
CSF,MS,MS,16,ACTGAGTTCACCTTAT-1,-0.1033789652312223
CSF,MS,MS,16,ACTGCTCCACATAACC-1,-0.29997119987097626
CSF,MS,MS,16,ACTTACTTCCTACAGA-1,0.08923113963796254
CSF,MS,MS,16,ACTTGTTGTAACGCGA-1,-0.13678119923364102
CSF,MS,MS,16,AGACGTTGTAACGACG-1,0.020944049599972
CSF,MS,MS,16,AGACGTTTCCCGGATG-1,0.48795892985242045
CSF,MS,MS,16,AGACGTTTCGTCTGAA-1,1.121389787474595
CSF,MS,MS,16,AGATCTGGTACTTGAC-1,-0.022691424245158832
CSF,MS,MS,16,AGCATACCAAGGTTTC-1,0.6802046567129939
CSF,MS,MS,16,AGCATACCAGCATACT-1,0.8666767872550138
CSF,MS,MS,16,AGCCTAACAATGCCAT-1,0.10194194934742946
CSF,MS,MS,16,AGCGGTCCAAGCGAGT-1,0.2835943223074084
CSF,MS,MS,16,AGCGTCGGTCACTTCC-1,0.1890024510017929
CSF,MS,MS,16,AGCTCCTCACTTAACG-1,0.0902550201859363
CSF,MS,MS,16,AGCTCCTGTTCACGGC-1,-0.17631228133807827
CSF,MS,MS,16,AGCTTGACAAGGTTTC-1,0.2715806685188852
CSF,MS,MS,16,AGGCCACGTAAATGAC-1,0.6991094540467203
CSF,MS,MS,16,AGGGATGTCTTTACGT-1,0.3571252303460636
CSF,MS,MS,16,AGGGTGATCCAGGGCT-1,-0.024560012579326548
CSF,MS,MS,16,AGGTCCGTCCAATGGT-1,0.2000085403305097
CSF,MS,MS,16,AGTGGGAGTCAATACC-1,0.4732090773410188
CSF,MS,MS,16,AGTGGGAGTGATGATA-1,0.5190215707914037
CSF,MS,MS,16,AGTGTCAAGAGCAATT-1,0.21434823612829887
CSF,MS,MS,16,AGTTGGTTCACCATAG-1,0.09334199984717048
CSF,MS,MS,16,ATAACGCGTCGCGAAA-1,0.11399485741288784
CSF,MS,MS,16,ATCACGAAGGATGGAA-1,0.6589450954468576
CSF,MS,MS,16,ATCACGACAGGAACGT-1,-0.09784434990272164
CSF,MS,MS,16,ATCATCTTCTCAACTT-1,-0.21150987893978293
CSF,MS,MS,16,ATCCACCGTTACCGAT-1,-0.059023075340094454
CSF,MS,MS,16,ATCCGAATCATCGGAT-1,-0.12657607763953407
CSF,MS,MS,16,ATGGGAGGTATTAGCC-1,-0.032194650011340205
CSF,MS,MS,16,ATGGGAGTCGAATCCA-1,-0.009951212410258065
CSF,MS,MS,16,ATTATCCCATGGGACA-1,0.27567292911910285
CSF,MS,MS,16,ATTATCCTCGAGCCCA-1,0.37228831038541293
CSF,MS,MS,16,ATTGGTGAGGTAAACT-1,0.7943300713370381
CSF,MS,MS,16,ATTGGTGGTCAATGTC-1,1.2747809108454777
CSF,MS,MS,16,ATTGGTGTCGCACTCT-1,0.0034461550449265766
CSF,MS,MS,16,CAACTAGCAGATCGGA-1,0.35407400606007255
CSF,MS,MS,16,CAACTAGTCACAGGCC-1,-0.29997119987097626
CSF,MS,MS,16,CAAGAAAGTATTCGTG-1,-0.29997119987097626
CSF,MS,MS,16,CAAGGCCGTCGACTGC-1,-0.1319479440675487
CSF,MS,MS,16,CAAGTTGCATGAGCGA-1,0.11008885197621272
CSF,MS,MS,16,CACACTCTCAACCAAC-1,0.29562604838433487
CSF,MS,MS,16,CACACTCTCTGCAAGT-1,0.021918923038963572
CSF,MS,MS,16,CACAGGCGTGCGATAG-1,-0.29997119987097626
CSF,MS,MS,16,CACAGTATCGTGGGAA-1,-0.2137345622913874
CSF,MS,MS,16,CACATTTCACTGTTAG-1,-0.2082546048775073
CSF,MS,MS,16,CACATTTTCATTGCCC-1,0.01979493925065388
CSF,MS,MS,16,CACCACTCATCACAAC-1,0.3566215228777931
CSF,MS,MS,16,CACCAGGCAGGGTACA-1,0.19258398066930565
CSF,MS,MS,16,CACCTTGAGAACAATC-1,-0.29997119987097626
CSF,MS,MS,16,CACCTTGAGGTGGGTT-1,0.5570390805829076
CSF,MS,MS,16,CAGAATCCAGTTCCCT-1,0.41335031477670603
CSF,MS,MS,16,CAGAGAGAGCTCAACT-1,0.34007435133819575
CSF,MS,MS,16,CAGCAGCAGAGTAATC-1,0.2788180449444487
CSF,MS,MS,16,CAGCAGCCAGCAGTTT-1,-0.10945344495524696
CSF,MS,MS,16,CAGCATAGTGCCTTGG-1,-0.29997119987097626
CSF,MS,MS,16,CAGCGACGTTGTCTTT-1,-0.29997119987097626
CSF,MS,MS,16,CAGCTGGAGAAACCGC-1,0.16619236872305718
CSF,MS,MS,16,CAGCTGGGTTCGTTGA-1,-0.014252429463207561
CSF,MS,MS,16,CAGGTGCTCCGTAGGC-1,0.10271079008578991
CSF,MS,MS,16,CAGTCCTAGAGTCTGG-1,0.27802550942509524
CSF,MS,MS,16,CATCAGATCCATGAGT-1,-0.08398378144385207
CSF,MS,MS,16,CATCGAACAAGTCTAC-1,-0.29997119987097626
CSF,MS,MS,16,CATGACACAGAGTGTG-1,0.1735955649843901
CSF,MS,MS,16,CATGACACATGCTAGT-1,0.18764994663870935
CSF,MS,MS,16,CCACTACGTAGCGTGA-1,-0.14800159996467846
CSF,MS,MS,16,CCACTACGTCGACTAT-1,-0.17571062214093083
CSF,MS,MS,16,CCAGCGAGTCGTCTTC-1,0.11130405025072895
CSF,MS,MS,16,CCATGTCAGTCACGCC-1,0.30090278861376396
CSF,MS,MS,16,CCATTCGCAGCGAACA-1,0.21194652575761874
CSF,MS,MS,16,CCATTCGGTATCAGTC-1,-0.13074082075249277
CSF,MS,MS,16,CCATTCGTCATCACCC-1,-0.29997119987097626
CSF,MS,MS,16,CCCAATCAGTGATCGG-1,0.26131805860790763
CSF,MS,MS,16,CCCATACAGCTCCTTC-1,-0.12388340079918761
CSF,MS,MS,16,CCCATACCAATCTGCA-1,-0.004859214884175749
CSF,MS,MS,16,CCCTCCTTCAAACCAC-1,0.2882648576195523
CSF,MS,MS,16,CCGGTAGCAACCGCCA-1,0.12604561774969206
CSF,MS,MS,16,CCGTACTGTAGAGTGC-1,0.38153884829282203
CSF,MS,MS,16,CCTACACAGATAGCAT-1,0.04025762924668409
CSF,MS,MS,16,CCTACCACATAAAGGT-1,-0.15691345355001599
CSF,MS,MS,16,CCTACCAGTGGACGAT-1,0.2503608812807233
CSF,MS,MS,16,CCTAGCTCAATACGCT-1,-0.09186440845019668
CSF,MS,MS,16,CCTAGCTGTCGACTAT-1,0.1554563171471392
CSF,MS,MS,16,CCTCAGTCATTTCAGG-1,0.07678123782419008
CSF,MS,MS,16,CCTCTGATCCGCAAGC-1,0.7241819057069294
CSF,MS,MS,16,CCTTCCCAGTTGTCGT-1,0.21906442682357793
CSF,MS,MS,16,CCTTCCCGTTGGTGGA-1,-0.29997119987097626
CSF,MS,MS,16,CGAACATCAACTTGAC-1,0.3661202230298987
CSF,MS,MS,16,CGACCTTCAGGGTACA-1,0.35853611575184263
CSF,MS,MS,16,CGACCTTGTGCACCAC-1,-0.11469016154189007
CSF,MS,MS,16,CGACCTTTCAGAGCTT-1,0.7441687508700575
CSF,MS,MS,16,CGACTTCTCTTCCTTC-1,-0.12121805284332525
CSF,MS,MS,16,CGAGAAGAGGCTAGGT-1,-0.008428074218558929
CSF,MS,MS,16,CGAGAAGCACCTATCC-1,0.21004544559765378
CSF,MS,MS,16,CGAGAAGCATGTAGTC-1,0.7857269508569028
CSF,MS,MS,16,CGAGCCAGTCTTCGTC-1,0.06852249132955722
CSF,MS,MS,16,CGATCGGCACAGGAGT-1,0.23691585108074312
CSF,MS,MS,16,CGATCGGTCTGCGGCA-1,0.06568579768876417
CSF,MS,MS,16,CGATTGAAGAAACCAT-1,0.2929916526108181
CSF,MS,MS,16,CGCGGTAAGGTCATCT-1,0.5539422881483749
CSF,MS,MS,16,CGCGGTACACAGACTT-1,-0.29997119987097626
CSF,MS,MS,16,CGCGGTATCCGTAGGC-1,0.6864365872905477
CSF,MS,MS,16,CGCTATCAGTACGTTC-1,0.2965135563528555
CSF,MS,MS,16,CGCTATCTCGGGAGTA-1,0.6990710559532848
CSF,MS,MS,16,CGCTTCACACCTGGTG-1,-0.2050888094939133
CSF,MS,MS,16,CGGACTGTCACCTCGT-1,1.2429081038645517
CSF,MS,MS,16,CGGAGCTCAGACGCAA-1,0.22193058176196986
CSF,MS,MS,16,CGGAGTCTCTTGCCGT-1,-0.11267357529409196
CSF,MS,MS,16,CGTAGGCAGTGTGGCA-1,-0.1537110685653976
CSF,MS,MS,16,CGTCCATCAAGAAAGG-1,-0.29997119987097626
CSF,MS,MS,16,CGTCCATCAGCCTGTG-1,-0.21808702770505833
CSF,MS,MS,16,CGTGAGCAGGGCTCTC-1,0.07560384869913168
CSF,MS,MS,16,CGTGTAAGTACCCAAT-1,-0.18472185302791835
CSF,MS,MS,16,CGTTAGAGTGCGGTAA-1,0.38395131896072604
CSF,MS,MS,16,CGTTAGAGTTGAACTC-1,0.02962374728572497
CSF,MS,MS,16,CGTTAGATCTAGAGTC-1,-0.09316170693065533
CSF,MS,MS,16,CGTTCTGAGGATATAC-1,0.33461863289719346
CSF,MS,MS,16,CTAACTTCACCAGGCT-1,0.5977212402337909
CSF,MS,MS,16,CTACACCAGTGCGTGA-1,0.11185435431084263
CSF,MS,MS,16,CTACACCGTCGGCACT-1,-0.29997119987097626
CSF,MS,MS,16,CTACCCACACTGTCGG-1,0.2780166817306629
CSF,MS,MS,16,CTACCCATCAAGGTAA-1,0.24628829978184053
CSF,MS,MS,16,CTAGCCTTCTGTCAAG-1,-0.29997119987097626
CSF,MS,MS,16,CTAGTGAGTCTAAACC-1,0.27076990073658663
CSF,MS,MS,16,CTCACACCAGGACGTA-1,0.17630839854998923
CSF,MS,MS,16,CTCGAGGAGATAGGAG-1,-0.08249175102893545
CSF,MS,MS,16,CTCGAGGAGCCACGCT-1,-0.16912352001822978
CSF,MS,MS,16,CTCGAGGGTGTAATGA-1,0.13362994811817303
CSF,MS,MS,16,CTCGGGACATTGGGCC-1,-0.29997119987097626
CSF,MS,MS,16,CTCGGGAGTGATGCCC-1,0.2588734820510225
CSF,MS,MS,16,CTCGGGAGTTATCACG-1,-0.02627195989459603
CSF,MS,MS,16,CTCTAATCACAGATTC-1,0.18081889064384132
CSF,MS,MS,16,CTGAAGTGTGATGATA-1,-0.06110590090764271
CSF,MS,MS,16,CTGATAGAGAAGAAGC-1,0.00035197055217623633
CSF,MS,MS,16,CTGATAGGTCTCTTAT-1,0.29723404806695203
CSF,MS,MS,16,CTGCCTACATTACGAC-1,0.2957686211014495
CSF,MS,MS,16,CTGCCTAGTGGCAAAC-1,-0.024546691882215914
CSF,MS,MS,16,CTGCTGTAGATTACCC-1,0.4249800787251579
CSF,MS,MS,16,CTGGTCTCACGGACAA-1,0.10972551243938722
CSF,MS,MS,16,CTGTTTAGTCTTGCGG-1,0.38563970320253466
CSF,MS,MS,16,CTTACCGGTCTTCTCG-1,0.01973176389849583
CSF,MS,MS,16,CTTCTCTTCAACTCTT-1,-0.15051992287606009
CSF,MS,MS,16,CTTTGCGGTCTCCATC-1,0.6078349513285773
CSF,MS,MS,16,GAAACTCCACCCATGG-1,0.33664584542883297
CSF,MS,MS,16,GAACCTAAGATGCCAG-1,0.4961754816233546
CSF,MS,MS,16,GAAGCAGAGGAGTTGC-1,-0.11088835948583427
CSF,MS,MS,16,GAAGCAGCAGCCTTTC-1,0.034160361304743966
CSF,MS,MS,16,GAAGCAGGTCAAAGCG-1,0.07066240007479714
CSF,MS,MS,16,GAATAAGAGTCAAGGC-1,0.3117570740814463
CSF,MS,MS,16,GACACGCAGGAGTAGA-1,0.047176287905007976
CSF,MS,MS,16,GACCAATGTACTTCTT-1,0.45744054982986176
CSF,MS,MS,16,GACCAATTCTCCCTGA-1,0.18917512898356212
CSF,MS,MS,16,GACCTGGAGGTGATAT-1,0.05572519068535258
CSF,MS,MS,16,GACCTGGAGTGGAGTC-1,-0.03392432039875459
CSF,MS,MS,16,GACGGCTCAGAGTGTG-1,-0.29997119987097626
CSF,MS,MS,16,GACGTGCCACGGCCAT-1,-0.08757481408432548
CSF,MS,MS,16,GACGTGCTCCACTCCA-1,0.3475058089317436
CSF,MS,MS,16,GACGTTAGTTGAGGTG-1,0.681973894552362
CSF,MS,MS,16,GACTAACCATCTCCCA-1,0.26122045201324173
CSF,MS,MS,16,GACTACAGTCTCTCGT-1,-0.29997119987097626
CSF,MS,MS,16,GACTGCGCACAGGAGT-1,0.19066661722149472
CSF,MS,MS,16,GAGGTGACATTAGCCA-1,-0.009370969569726637
CSF,MS,MS,16,GAGTCCGTCGAACTGT-1,-0.028960152045265607
CSF,MS,MS,16,GATCGTATCACAAACC-1,0.031875260352319995
CSF,MS,MS,16,GATTCAGCAAGGCTCC-1,0.26482312714176615
CSF,MS,MS,16,GATTCAGGTAGTACCT-1,0.13300506796037365
CSF,MS,MS,16,GCAAACTCATGAGCGA-1,0.3401480478016944
CSF,MS,MS,16,GCAATCAAGACCTAGG-1,0.34291946639282883
CSF,MS,MS,16,GCACATAAGAAGAAGC-1,-0.012504417212236591
CSF,MS,MS,16,GCACTCTAGAGTTGGC-1,0.08530956726950989
CSF,MS,MS,16,GCACTCTGTAAGAGGA-1,0.06798128630011048
CSF,MS,MS,16,GCAGCCACAAAGGCGT-1,-0.013671402577226996
CSF,MS,MS,16,GCAGCCATCCAAGTAC-1,0.4642839912240873
CSF,MS,MS,16,GCATACACACATGACT-1,-0.18163682227524908
CSF,MS,MS,16,GCATGCGTCATTCACT-1,0.4792391087828451
CSF,MS,MS,16,GCCTCTACATCGGAAG-1,-0.02053723916159642
CSF,MS,MS,16,GCGAGAATCACAAACC-1,0.7882455991269739
CSF,MS,MS,16,GCGCAACTCCACGCAG-1,0.24778347802407344
CSF,MS,MS,16,GCGCAACTCTGCTGTC-1,0.3013501552809354
CSF,MS,MS,16,GCGCAGTGTGGTAACG-1,-0.10570326687480507
CSF,MS,MS,16,GCGCCAAAGCACCGCT-1,0.03335395028415803
CSF,MS,MS,16,GCGCCAAGTATGCTTG-1,-0.08603921325848564
CSF,MS,MS,16,GCGGGTTAGACTGTAA-1,0.2796096867524006
CSF,MS,MS,16,GCGGGTTAGCACAGGT-1,0.30300528580653324
CSF,MS,MS,16,GCGGGTTTCTTGTATC-1,-0.03227742228535898
CSF,MS,MS,16,GCTCTGTAGTCGAGTG-1,-0.1724135389286227
CSF,MS,MS,16,GCTGCAGAGGCTCAGA-1,-0.16417412841723206
CSF,MS,MS,16,GCTGCAGGTTAAAGTG-1,0.9875607980832585
CSF,MS,MS,16,GCTGCTTTCCTTTCTC-1,-0.1478044922093472
CSF,MS,MS,16,GCTGCTTTCGGAATCT-1,-0.2093615454328568
CSF,MS,MS,16,GCTTGAACAAGGGTCA-1,0.28565624166723946
CSF,MS,MS,16,GCTTGAAGTGCGGTAA-1,-0.08509014930976395
CSF,MS,MS,16,GGAAAGCTCAGATAAG-1,0.4865708412305639
CSF,MS,MS,16,GGAACTTCAGGGATTG-1,0.2934247823067317
CSF,MS,MS,16,GGAATAAAGAATTGTG-1,0.1435020003084392
CSF,MS,MS,16,GGAATAATCAAGGCTT-1,0.19504043134029372
CSF,MS,MS,16,GGACAGAGTAAGGGCT-1,0.014467612313206717
CSF,MS,MS,16,GGACATTCATCATCCC-1,0.38171228745076086
CSF,MS,MS,16,GGCCGATAGACCTAGG-1,0.04706524271571623
CSF,MS,MS,16,GGCGTGTTCGTACCGG-1,-0.15150949556622337
CSF,MS,MS,16,GGCTCGATCTCAAGTG-1,0.45494002553734897
CSF,MS,MS,16,GGCTCGATCTCGCATC-1,-0.29997119987097626
CSF,MS,MS,16,GGGAATGAGCTAGGCA-1,-0.09523882168899853
CSF,MS,MS,16,GGGAATGCAGCTCGCA-1,-0.18548776332632227
CSF,MS,MS,16,GGGAGATCATGAGCGA-1,0.4139104473888075
CSF,MS,MS,16,GGGATGAAGAAACCGC-1,0.24618466470603906
CSF,MS,MS,16,GGGATGACAGTATAAG-1,0.3465225338905717
CSF,MS,MS,16,GGTATTGGTCACCTAA-1,0.9386067750674189
CSF,MS,MS,16,GGTGCGTAGATTACCC-1,0.0333969476191047
CSF,MS,MS,16,GGTGCGTGTCTGCGGT-1,-0.29997119987097626
CSF,MS,MS,16,GTAACGTAGTTAGGTA-1,0.10003359523556286
CSF,MS,MS,16,GTAACTGGTAGCGCTC-1,-0.12713694442540321
CSF,MS,MS,16,GTACGTATCCCACTTG-1,-0.0725372921863887
CSF,MS,MS,16,GTACTCCAGTAGCCGA-1,0.285260367917742
CSF,MS,MS,16,GTACTCCCACCCATTC-1,-0.29997119987097626
CSF,MS,MS,16,GTACTCCCAGCTGTGC-1,0.11718740259057125
CSF,MS,MS,16,GTACTTTGTGCTGTAT-1,0.3601995010768219
CSF,MS,MS,16,GTCATTTAGTACGCGA-1,0.07077319802557222
CSF,MS,MS,16,GTCATTTTCCTTGCCA-1,0.06489641442646328
CSF,MS,MS,16,GTCATTTTCTCTAGGA-1,0.08161239987467882
CSF,MS,MS,16,GTCCTCAGTGCAACGA-1,0.26157454647338546
CSF,MS,MS,16,GTCTCGTTCACCAGGC-1,0.3241744456813245
CSF,MS,MS,16,GTCTTCGGTAACGACG-1,1.004001343982212
CSF,MS,MS,16,GTCTTCGGTCGAGTTT-1,0.5278318550015773
CSF,MS,MS,16,GTGCAGCCACATGTGT-1,0.07520521444111275
CSF,MS,MS,16,GTGCATAAGACTGTAA-1,0.36527238291136854
CSF,MS,MS,16,GTGCATAAGTACTTGC-1,0.5087034769442533
CSF,MS,MS,16,GTGCATATCAGTGTTG-1,0.18718223021250371
CSF,MS,MS,16,GTGCGGTGTCTAGTGT-1,0.05283892278797956
CSF,MS,MS,16,GTGCTTCAGACCTAGG-1,0.29904933559260166
CSF,MS,MS,16,GTGCTTCCAAGTAATG-1,0.071508997222809
CSF,MS,MS,16,GTGTTAGAGATGTCGG-1,0.1743917977995845
CSF,MS,MS,16,GTGTTAGGTTAAAGTG-1,0.816137628531437
CSF,MS,MS,16,GTTAAGCGTGCCTGCA-1,0.6725367604755004
CSF,MS,MS,16,GTTAAGCGTTAGGGTG-1,-0.1302391487602915
CSF,MS,MS,16,GTTACAGCAGGGTATG-1,0.3404385607138832
CSF,MS,MS,16,GTTCATTTCGGCGCAT-1,0.40262264879682197
CSF,MS,MS,16,TAAACCGAGGACATTA-1,0.2738212446759113
CSF,MS,MS,16,TAAACCGCAAGGACAC-1,0.3102702949375855
CSF,MS,MS,16,TAAGAGACATAGAAAC-1,0.15197074417404743
CSF,MS,MS,16,TAAGCGTTCACCGGGT-1,0.06459225840825902
CSF,MS,MS,16,TAAGTGCTCACGACTA-1,-0.29997119987097626
CSF,MS,MS,16,TACACGAGTACCGCTG-1,-0.17882278175822078
CSF,MS,MS,16,TACAGTGAGCGTAATA-1,0.05697047365722433
CSF,MS,MS,16,TACAGTGCAGTCCTTC-1,0.014979602204419058
CSF,MS,MS,16,TACCTATAGGACAGCT-1,-0.028850295173723065
CSF,MS,MS,16,TACCTTACATAAGACA-1,0.264327527851684
CSF,MS,MS,16,TACCTTATCACGCGGT-1,-0.15544375786165757
CSF,MS,MS,16,TACTCATAGGTAGCTG-1,0.060018835144672926
CSF,MS,MS,16,TACTTACAGCCCTAAT-1,0.005315414818068663
CSF,MS,MS,16,TACTTGTTCACCGTAA-1,0.30915541718288253
CSF,MS,MS,16,TAGACCACAAGTCTAC-1,0.11363854140746966
CSF,MS,MS,16,TAGACCAGTTAGATGA-1,-0.08732896263157534
CSF,MS,MS,16,TAGAGCTCAAGTAATG-1,0.43547011051830015
CSF,MS,MS,16,TAGAGCTTCGTCACGG-1,0.4205682692584131
CSF,MS,MS,16,TAGGCATAGCAGATCG-1,0.34958483379829747
CSF,MS,MS,16,TAGGCATCAAGCTGAG-1,0.1764026598132205
CSF,MS,MS,16,TAGGCATCACAACTGT-1,-0.16671273400938022
CSF,MS,MS,16,TAGGCATTCTTGTACT-1,0.050244903664441676
CSF,MS,MS,16,TAGTGGTTCTGTTTGT-1,0.3448646887185491
CSF,MS,MS,16,TAGTTGGAGAGATGAG-1,-0.054039173149788636
CSF,MS,MS,16,TAGTTGGAGCACACAG-1,-0.1316998211901748
CSF,MS,MS,16,TATCAGGTCTATCGCC-1,0.11631022225927239
CSF,MS,MS,16,TATCTCAAGTATGACA-1,0.05376829900996457
CSF,MS,MS,16,TATTACCAGCTACCGC-1,-0.009611418881655929
CSF,MS,MS,16,TATTACCGTTTAAGCC-1,-0.1560607078942364
CSF,MS,MS,16,TCAACGAAGACTAAGT-1,0.13147476318780119
CSF,MS,MS,16,TCACGAAGTCGCTTCT-1,0.1310397918733035
CSF,MS,MS,16,TCACGAATCGTTTATC-1,0.008932442517460278
CSF,MS,MS,16,TCAGGATGTCGCATAT-1,-0.0590896174870825
CSF,MS,MS,16,TCAGGATGTCGCTTTC-1,0.03571628705594919
CSF,MS,MS,16,TCAGGTACAAGCCCAC-1,0.48019348815886687
CSF,MS,MS,16,TCAGGTATCGGTCTAA-1,0.23577671808763503
CSF,MS,MS,16,TCATTACTCAAGATCC-1,0.12861817295717778
CSF,MS,MS,16,TCATTACTCTTGTCAT-1,-0.1315636303266268
CSF,MS,MS,16,TCCACACAGATCGGGT-1,-0.012944053147333398
CSF,MS,MS,16,TCCCGATAGGCAGGTT-1,-0.01678697570217134
CSF,MS,MS,16,TCCCGATAGTGACTCT-1,0.37261596023589194
CSF,MS,MS,16,TCCCGATTCGTCCGTT-1,0.0651738701316362
CSF,MS,MS,16,TCGAGGCGTAAGAGAG-1,0.19568143478276606
CSF,MS,MS,16,TCGAGGCTCAGCTCGG-1,0.09561768226271983
CSF,MS,MS,16,TCGCGAGTCCCTAATT-1,0.3825492924156512
CSF,MS,MS,16,TCGGTAACATGTCGAT-1,-0.1962352959518669
CSF,MS,MS,16,TCGTACCCAGGGTTAG-1,0.11306274298292686
CSF,MS,MS,16,TCGTAGAGTTCTGAAC-1,-0.09564990996104021
CSF,MS,MS,16,TCTGAGAGTCGGGTCT-1,0.4067427008438796
CSF,MS,MS,16,TCTTTCCAGTAGGTGC-1,0.34911966964638014
CSF,MS,MS,16,TGAAAGAAGATGTAAC-1,-0.02956293603805976
CSF,MS,MS,16,TGAAAGACACCTGGTG-1,0.42067778926732785
CSF,MS,MS,16,TGACAACTCAGCGATT-1,0.14795054703635332
CSF,MS,MS,16,TGACTAGGTAAGTTCC-1,0.4291811009805565
CSF,MS,MS,16,TGACTTTTCAGCTCTC-1,0.5316438224388725
CSF,MS,MS,16,TGAGCATCATGCTGGC-1,0.0742419662120907
CSF,MS,MS,16,TGAGCCGAGCTCCCAG-1,0.10438602947078134
CSF,MS,MS,16,TGAGCCGCACCTCGTT-1,0.1991096184549214
CSF,MS,MS,16,TGCACCTGTACAGTGG-1,0.12773077883669412
CSF,MS,MS,16,TGCCAAACAGGAACGT-1,0.7329186585272252
CSF,MS,MS,16,TGCCAAAGTTATGTGC-1,-0.17182706255966076
CSF,MS,MS,16,TGCCCATCATGCTAGT-1,0.3297592924491581
CSF,MS,MS,16,TGCCCATGTGCAGTAG-1,0.07256191967001302
CSF,MS,MS,16,TGCCCTACAAGTTAAG-1,0.13102220466077522
CSF,MS,MS,16,TGCCCTATCAGCTGGC-1,0.28180299695203664
CSF,MS,MS,16,TGCGCAGCACGCCAGT-1,0.19583811343164897
CSF,MS,MS,16,TGCGCAGTCTCTGCTG-1,0.44164994163090465
CSF,MS,MS,16,TGGCCAGCACCTGGTG-1,0.2745433759326253
CSF,MS,MS,16,TGGGAAGAGATGCCTT-1,0.3777447637644084
CSF,MS,MS,16,TGGTTCCAGTCCGTAT-1,0.28863030630012104
CSF,MS,MS,16,TGTCCCATCGCAAACT-1,0.13587168121275237
CSF,MS,MS,16,TGTTCCGTCACATAGC-1,0.2521597637201355
CSF,MS,MS,16,TTAACTCTCCCTAATT-1,0.07101049514765641
CSF,MS,MS,16,TTAGGACGTCACCTAA-1,0.2632023731904782
CSF,MS,MS,16,TTATGCTAGGCCCTTG-1,0.1849894694633578
CSF,MS,MS,16,TTCCCAGGTCCCTTGT-1,-0.12972898549920026
CSF,MS,MS,16,TTGAACGGTAAGCACG-1,0.27091689684775905
CSF,MS,MS,16,TTGCCGTAGCGATTCT-1,0.6200775297048579
CSF,MS,MS,16,TTGCCGTTCCTTGGTC-1,-0.07400066625157976
CSF,MS,MS,16,TTGTAGGGTACGAAAT-1,0.6241339020533007
CSF,MS,MS,16,TTTACTGCAGCTCCGA-1,0.13769593062449423
CSF,MS,MS,16,TTTACTGGTAATTGGA-1,-0.17217229986341825
CSF,MS,MS,16,TTTATGCAGTGCTGCC-1,-0.08398958774751684
CSF,MS,MS,16,TTTCCTCAGGAGTACC-1,0.22237708502277664
CSF,MS,MS,16,TTTGCGCCATGTTGAC-1,-0.29997119987097626
CSF,MS,MS,16,TTTGGTTGTCGAATCT-1,0.29594431448744757
CSF,MS,MS,22,AACCGCGAGTGCTGCC-1,0.06945555496299861
CSF,MS,MS,22,AACGTTGCATAGGATA-1,-0.29997119987097626
CSF,MS,MS,22,AACTCAGCACCACGTG-1,0.4735304991052571
CSF,MS,MS,22,ACACCGGCAATCGGTT-1,0.3665872837283076
CSF,MS,MS,22,ACGCCAGCACAGGTTT-1,-0.14121650427261842
CSF,MS,MS,22,AGCAGCCAGAGCCCAA-1,0.2411122907006644
CSF,MS,MS,22,AGCATACCACAGGCCT-1,0.06247154306557116
CSF,MS,MS,22,ATAACGCAGCGTCTAT-1,-0.09706311290063899
CSF,MS,MS,22,ATTGGACTCCACGCAG-1,0.4205682692584131
CSF,MS,MS,22,CAGCAGCGTTATCGGT-1,-0.29997119987097626
CSF,MS,MS,22,CATATGGTCGACGGAA-1,-0.29997119987097626
CSF,MS,MS,22,CATATTCTCTTACCTA-1,-0.0648758660535873
CSF,MS,MS,22,CATCAGAGTTCAGGCC-1,-0.01124120903454329
CSF,MS,MS,22,CCGTTCAAGTCTCGGC-1,0.12351965190781813
CSF,MS,MS,22,CGCTGGAAGTAGGTGC-1,0.15318728123685357
CSF,MS,MS,22,CGGAGTCGTCTTGATG-1,0.18575979951372318
CSF,MS,MS,22,CGTGTAAGTGAAATCA-1,0.23091832241572718
CSF,MS,MS,22,CTCTAATCAGGATTGG-1,0.35456593916975093
CSF,MS,MS,22,GACGCGTGTCCAGTTA-1,1.0663717245278392
CSF,MS,MS,22,GAGGTGATCCAACCAA-1,-0.07524625707176731
CSF,MS,MS,22,GAGTCCGGTAGGGTAC-1,-0.06829256536794319
CSF,MS,MS,22,GATCGCGCATGCCTTC-1,0.3680824082877444
CSF,MS,MS,22,GATCGCGTCAACTCTT-1,0.07629101190124152
CSF,MS,MS,22,GCCAAATTCTTACCGC-1,0.36388734737206585
CSF,MS,MS,22,GCGCGATCACATAACC-1,0.13403206813711482
CSF,MS,MS,22,GGAAAGCCAACACGCC-1,-0.009252662199477327
CSF,MS,MS,22,GGACATTAGGCTATCT-1,-0.14556518108883104
CSF,MS,MS,22,GGTATTGCAAACCCAT-1,0.7589170131129711
CSF,MS,MS,22,GTATTCTCACAGACAG-1,0.2626886807100776
CSF,MS,MS,22,GTTCATTAGAACAATC-1,0.4552001732117417
CSF,MS,MS,22,TACGGGCTCTTTACAC-1,-0.29997119987097626
CSF,MS,MS,22,TAGCCGGTCGGCGGTT-1,-0.29997119987097626
CSF,MS,MS,22,TCACAAGGTGATGATA-1,-0.205236913144861
CSF,MS,MS,22,TCGCGAGAGGCTATCT-1,0.30530015613471356
CSF,MS,MS,22,TCTCTAACAGGGCATA-1,0.08963367255356303
CSF,MS,MS,22,TCTTCGGGTAGAAGGA-1,0.43288427406356783
CSF,MS,MS,22,TGCGGGTTCGAGCCCA-1,-0.29997119987097626
CSF,MS,MS,22,TGCGTGGCAGGAATCG-1,-0.14490007609404204
CSF,MS,MS,22,TTAACTCCAGCGATCC-1,-0.29997119987097626
CSF,MS,MS,22,TTCCCAGAGAAACCTA-1,0.1624536986998641
CSF,MS,MS,22,TTCCCAGAGACTGGGT-1,0.11065829037085628
CSF,MS,MS,22,TTCTACAGTTCGAATC-1,0.926435814933737
CSF,MS,MS,22,TTGACTTGTCATACTG-1,0.518599039142092
CSF,MS,MS,22,TTTGGTTGTGCAACTT-1,-0.29997119987097626
CSF,MS,MS,24,AAACCTGAGTCTCGGC-1,0.12730910775618873
CSF,MS,MS,24,AAGGTTCGTGAGTATA-1,0.42781985755764934
CSF,MS,MS,24,AATCCAGGTACAAGTA-1,0.9858511832916095
CSF,MS,MS,24,ACACCGGTCAACCATG-1,0.1954995690488702
CSF,MS,MS,24,ACAGCTACAATAGAGT-1,0.08122762567220053
CSF,MS,MS,24,ACCGTAAGTCATGCCG-1,-0.04215648066584809
CSF,MS,MS,24,ACGCAGCCATGACATC-1,0.35586469399942394
CSF,MS,MS,24,ACGCCAGGTCCAGTAT-1,0.6272456450168874
CSF,MS,MS,24,ACTGAGTGTTCGGCAC-1,-0.14310586984148108
CSF,MS,MS,24,AGAATAGGTACTTGAC-1,0.15726240453008297
CSF,MS,MS,24,AGCCTAATCTGCCCTA-1,0.25754041199636574
CSF,MS,MS,24,AGCTCCTCAGGATCGA-1,0.06340548410778037
CSF,MS,MS,24,AGGCCACAGTATCTCG-1,0.2358539896397876
CSF,MS,MS,24,AGGGTGATCTGATTCT-1,0.36948200602062004
CSF,MS,MS,24,AGGTCATAGGGAGTAA-1,0.311028617759907
CSF,MS,MS,24,AGGTCCGCACCAGATT-1,0.03124437377733602
CSF,MS,MS,24,ATCATCTCAGCCACCA-1,0.03925586461370093
CSF,MS,MS,24,ATCATGGGTCTGCGGT-1,-0.06370557439604248
CSF,MS,MS,24,ATTACTCGTAGCTAAA-1,0.5289627098305518
CSF,MS,MS,24,ATTGGTGCAGTTCCCT-1,0.5191488819448279
CSF,MS,MS,24,ATTGGTGGTTAGATGA-1,-0.20763644043349966
CSF,MS,MS,24,ATTTCTGCAATGGATA-1,-0.10134599645422204
CSF,MS,MS,24,CAAGATCCACTAAGTC-1,-0.29997119987097626
CSF,MS,MS,24,CACATTTAGAGTAATC-1,0.10412966888229477
CSF,MS,MS,24,CACCACTGTAAACGCG-1,0.21321666899563851
CSF,MS,MS,24,CACCACTTCGGAAACG-1,-0.29997119987097626
CSF,MS,MS,24,CATCGAACATTTCAGG-1,-0.29997119987097626
CSF,MS,MS,24,CCATTCGTCGTTTAGG-1,-0.29997119987097626
CSF,MS,MS,24,CCCAATCAGAGCCCAA-1,-0.29997119987097626
CSF,MS,MS,24,CCCTCCTGTAGCTAAA-1,-0.09402485137474534
CSF,MS,MS,24,CCTAGCTTCCGCTGTT-1,-0.0789010928945368
CSF,MS,MS,24,CCTTCGACACCCATTC-1,0.3117155484223461
CSF,MS,MS,24,CCTTTCTAGGAGTAGA-1,0.068719502604918
CSF,MS,MS,24,CGAATGTCAGTAACGG-1,-0.05086936086954116
CSF,MS,MS,24,CGAATGTTCGAATCCA-1,-0.29997119987097626
CSF,MS,MS,24,CGATCGGCAGCTGTTA-1,0.0024073768013436986
CSF,MS,MS,24,CGATTGACATGAACCT-1,-0.013536350891102231
CSF,MS,MS,24,CGCGGTAGTATATGGA-1,-0.29997119987097626
CSF,MS,MS,24,CGGAGCTCACTGAAGG-1,0.2907322825967528
CSF,MS,MS,24,CGGAGCTTCGCACTCT-1,-0.29997119987097626
CSF,MS,MS,24,CTACACCCAACCGCCA-1,0.5572252652388653
CSF,MS,MS,24,CTACACCCAGTGACAG-1,-0.29997119987097626
CSF,MS,MS,24,CTCACACAGATATGGT-1,-0.29997119987097626
CSF,MS,MS,24,CTCGGGACAATAAGCA-1,-0.02102621578669035
CSF,MS,MS,24,CTCTACGGTAAGCACG-1,-0.29997119987097626
CSF,MS,MS,24,CTGCTGTGTGTGGCTC-1,-0.29997119987097626
CSF,MS,MS,24,CTGGTCTCAGCGTAAG-1,0.15610303454254887
CSF,MS,MS,24,CTTAACTCAGTAAGAT-1,-0.29997119987097626
CSF,MS,MS,24,GAAATGACAGTGGAGT-1,0.2278166111874837
CSF,MS,MS,24,GACAGAGTCACCACCT-1,0.02256105707890204
CSF,MS,MS,24,GACCTGGAGTGAAGTT-1,-0.29997119987097626
CSF,MS,MS,24,GACGCGTTCTTTAGTC-1,0.3630306617431235
CSF,MS,MS,24,GACGTTATCTCTGAGA-1,0.14885958796990642
CSF,MS,MS,24,GACTAACCAAGGTTTC-1,0.21823433195721523
CSF,MS,MS,24,GATCTAGAGAATTCCC-1,0.035713402677930835
CSF,MS,MS,24,GATCTAGCAATGGACG-1,0.22866466305169242
CSF,MS,MS,24,GATGCTAAGATGAGAG-1,0.4403270371410359
CSF,MS,MS,24,GCACTCTTCGAGGTAG-1,0.05246037342761841
CSF,MS,MS,24,GCGGGTTTCCGTCATC-1,0.41890821193376915
CSF,MS,MS,24,GGACATTCACAGTCGC-1,0.3388175710040558
CSF,MS,MS,24,GGATGTTCAAACTGTC-1,-0.1910093765052018
CSF,MS,MS,24,GGGAGATTCAAGGTAA-1,-0.08633894141745437
CSF,MS,MS,24,GGTGAAGTCTGTACGA-1,0.8113280846307109
CSF,MS,MS,24,GGTGCGTAGACAAGCC-1,-0.06460281773588347
CSF,MS,MS,24,GTACTTTCACGGATAG-1,0.02089025115078937
CSF,MS,MS,24,GTATCTTAGAGGTTGC-1,0.15358285304109745
CSF,MS,MS,24,GTATCTTCACAAGCCC-1,0.06055938963121529
CSF,MS,MS,24,GTGTGCGTCAGTCAGT-1,0.09473447895247995
CSF,MS,MS,24,GTGTTAGGTCAACTGT-1,-0.29997119987097626
CSF,MS,MS,24,GTGTTAGTCTCGCATC-1,0.3288663965014648
CSF,MS,MS,24,GTTACAGCAAACAACA-1,-0.20163509813788302
CSF,MS,MS,24,GTTCTCGGTCGCATAT-1,0.2994344903475122
CSF,MS,MS,24,TAAACCGGTGGTACAG-1-1,-0.1343198594037463
CSF,MS,MS,24,TAAGAGATCGCGTAGC-1,0.33635506303243073
CSF,MS,MS,24,TACCTTAAGGTTACCT-1,0.7196237630858409
CSF,MS,MS,24,TAGCCGGTCGTTGACA-1,0.25005018314107347
CSF,MS,MS,24,TAGGCATAGAAGGACA-1,0.4128593921726402
CSF,MS,MS,24,TCACAAGAGCTAGCCC-1-1,0.1665560426069678
CSF,MS,MS,24,TCCACACCATTGAGCT-1,0.09126612988650795
CSF,MS,MS,24,TCTCATACAGTCGTGC-1,0.7864444866958914
CSF,MS,MS,24,TGCCAAAGTGCGATAG-1,-0.1331491766059058
CSF,MS,MS,24,TGCGGGTGTATCTGCA-1,-0.29997119987097626
CSF,MS,MS,24,TGCTACCAGCCCAACC-1,0.17495984354333882
CSF,MS,MS,24,TGGCTGGCATGCTAGT-1,-0.10093521057665177
CSF,MS,MS,24,TTAGGACTCTTACCTA-1,0.5904896668520816
CSF,MS,MS,24,TTCTACAGTACATCCA-1,-0.03997614325294409
CSF,MS,MS,24,TTCTCCTGTCGCGAAA-1,-0.29997119987097626
CSF,MS,MS,24,TTGGAACAGGCATGGT-1,0.42451488498249523
CSF,MS,MS,25,AATCGGTTCAGTGCAT-1,-0.29997119987097626
CSF,MS,MS,25,ACACCCTGTGGTCTCG-1,0.059046592722990524
CSF,MS,MS,25,ACAGCTAAGTAGGCCA-1,0.3783283199124841
CSF,MS,MS,25,ACGGAGAGTAGTGAAT-1,-0.0847251976453702
CSF,MS,MS,25,ACTGAGTTCGTGGGAA-1,0.220868333017696
CSF,MS,MS,25,AGCGTATAGCAGCCTC-1,-0.29997119987097626
CSF,MS,MS,25,AGGTCATGTTACGACT-1,0.34004971253685323
CSF,MS,MS,25,ATAGACCTCGAGAGCA-1,-0.29997119987097626
CSF,MS,MS,25,ATGTGTGGTTGGTAAA-1,0.33564457958223876
CSF,MS,MS,25,CAACCAACATATGCTG-1,-0.29997119987097626
CSF,MS,MS,25,CAAGAAAAGCTGTCTA-1,-0.026243042723317376
CSF,MS,MS,25,CAGCAGCGTAGCTAAA-1,0.18676293631899807
CSF,MS,MS,25,CTAGTGAGTCTGCGGT-1,-0.11412572471475046
CSF,MS,MS,25,CTGAAGTCAGAAGCAC-1,0.006112831342518483
CSF,MS,MS,25,CTGCGGACATCTCGCT-1,-0.29997119987097626
CSF,MS,MS,25,CTTTGCGTCCAGATCA-1,0.1418752616247374
CSF,MS,MS,25,GAAGCAGAGGGATGGG-1,-0.19117931988509795
CSF,MS,MS,25,GAATAAGTCACAGGCC-1,-0.06767274714876391
CSF,MS,MS,25,GATCGATAGACTAGGC-1,0.8723350284777387
CSF,MS,MS,25,GCAATCAGTCAGCTAT-1,0.1413210941026111
CSF,MS,MS,25,GCATACAAGTTTAGGA-1,-0.11751864922507184
CSF,MS,MS,25,GCATGTAGTACCGTAT-1,-0.29997119987097626
CSF,MS,MS,25,GCGCCAAGTCCAGTAT-1,0.2177136391480456
CSF,MS,MS,25,GGACAAGTCAGCACAT-1,-0.14120880777808784
CSF,MS,MS,25,GTACGTATCGCATGGC-1,-0.29997119987097626
CSF,MS,MS,25,GTGTTAGGTGACCAAG-1,-0.29997119987097626
CSF,MS,MS,25,GTTCGGGCAAGAGGCT-1,0.5523119242500117
CSF,MS,MS,25,TACAGTGGTGAAAGAG-1,0.7549242646947081
CSF,MS,MS,25,TACAGTGTCGCATGAT-1,-0.04273939711470394
CSF,MS,MS,25,TATTACCTCGTGGACC-1,0.04137471384491672
CSF,MS,MS,25,TCAATCTCACACCGCA-1,-0.29997119987097626
CSF,MS,MS,25,TCAGCAATCGTTTAGG-1,0.038390338524953264
CSF,MS,MS,25,TCAGGTACAGGGAGAG-1,0.20022694036850236
CSF,MS,MS,25,TGCTACCAGTATCGAA-1,0.23072101132495054
CSF,MS,MS,25,TGTTCCGTCACTCCTG-1,0.247264744063776
CSF,MS,MS,25,TTCGAAGTCTTGTATC-1,-0.08567161380325392
CSF,MS,MS,25,TTTACTGCACCTCGTT-1,-0.29997119987097626
CSF,MS,MS,25,TTTGCGCTCTACCAGA-1,0.034147163725858985
CSF,MS,MS,25,TTTGTCATCCTCAATT-1,-0.29997119987097626
CSF,MS,MS,27,AAACCTGAGAGCAATT-1,0.3661171386535961
CSF,MS,MS,27,AATCGGTTCTAAGCCA-1,0.344428499082877
CSF,MS,MS,27,ACCAGTATCACCATAG-1,-0.09009995130919214
CSF,MS,MS,27,ACCTTTACATCGTCGG-1,-0.29997119987097626
CSF,MS,MS,27,ACGTCAACACGTCTCT-1,-0.14298251361735062
CSF,MS,MS,27,ACTGAACTCTCGTTTA-1,0.21829761411494406
CSF,MS,MS,27,AGCGTCGGTTATCACG-1,-0.10022220660201062
CSF,MS,MS,27,AGGGAGTAGAAGCCCA-1,0.19301482030837044
CSF,MS,MS,27,AGGTCATTCAGTCAGT-1,0.21000614948960838
CSF,MS,MS,27,AGGTCCGAGCACAGGT-1,0.20922885247794992
CSF,MS,MS,27,ATGTGTGGTCCAACTA-1,-0.06478128941516195
CSF,MS,MS,27,ATTCTACTCGAGAACG-1,0.14360832996916012
CSF,MS,MS,27,CATCGAACAAGAAAGG-1,0.22166610093127695
CSF,MS,MS,27,CCACCTAAGAGTGACC-1,0.21374519217024032
CSF,MS,MS,27,CGATCGGCAAGCGAGT-1,-0.09080458989547242
CSF,MS,MS,27,CGGGTCACATCACGAT-1,-0.29997119987097626
CSF,MS,MS,27,CTAATGGCAACAACCT-1,-0.29997119987097626
CSF,MS,MS,27,CTACACCGTTCAGCGC-1,0.2959520247218158
CSF,MS,MS,27,CTAGCCTCAGCTCGCA-1,1.234824037340985
CSF,MS,MS,27,CTCAGAATCTTGTACT-1,-0.003941298265398828
CSF,MS,MS,27,CTCGGAGCACGCATCG-1,-0.07531233633902563
CSF,MS,MS,27,CTCTACGGTCCATCCT-1,0.8006673084229226
CSF,MS,MS,27,CTGATAGCACAAGACG-1,0.0594469683753878
CSF,MS,MS,27,GAAATGAGTGAAGGCT-1,0.06411713677324674
CSF,MS,MS,27,GAACATCTCCGTCAAA-1,0.5364952043198862
CSF,MS,MS,27,GACCTGGGTACGAAAT-1,-0.1414522401009784
CSF,MS,MS,27,GATCAGTAGGACAGAA-1,0.28282416563652824
CSF,MS,MS,27,GCGAGAAAGAAACGCC-1,-0.29997119987097626
CSF,MS,MS,27,GGAATAAAGAGTACCG-1,-0.14242452155325305
CSF,MS,MS,27,GGGAGATAGACCGGAT-1,-0.14540612060255403
CSF,MS,MS,27,GTACGTATCCGTCATC-1,-0.12361298867902927
CSF,MS,MS,27,GTATCTTAGCAGACTG-1,0.38004138672071036
CSF,MS,MS,27,GTATTCTGTCGCGTGT-1,-0.29997119987097626
CSF,MS,MS,27,GTTAAGCGTCTTCTCG-1,0.1036266607340568
CSF,MS,MS,27,GTTACAGCATGCTGGC-1,-0.29997119987097626
CSF,MS,MS,27,TAAGCGTGTCCCGACA-1,-0.29997119987097626
CSF,MS,MS,27,TACCTATGTTAGAACA-1,-0.29997119987097626
CSF,MS,MS,27,TCAATCTGTATAATGG-1,0.13880828805724157
CSF,MS,MS,27,TCAATCTGTGCAACTT-1,-0.15623406840058449
CSF,MS,MS,27,TCACGAAGTTGGTGGA-1,0.12312555533595416
CSF,MS,MS,27,TCGGGACCATTACCTT-1,0.20412885653179694
CSF,MS,MS,27,TGGCGCAAGGGATGGG-1,1.129705707766446
CSF,MS,MS,27,TGTTCCGGTTAAAGAC-1,0.2975573902844225
CSF,MS,MS,27,TTGACTTCATTATCTC-1,0.05411109597731716
CSF,MS,MS,28,AAATGCCCAGCCTATA-1,0.04134508254154941
CSF,MS,MS,28,AACACGTGTAAGTAGT-1,0.9252532078993913
CSF,MS,MS,28,AACCGCGAGATTACCC-1,0.3045820557046942
CSF,MS,MS,28,AACCGCGTCTCAAGTG-1,0.878015779077346
CSF,MS,MS,28,AACGTTGCAACTTGAC-1,0.08937616748661782
CSF,MS,MS,28,AAGTCTGGTACGACCC-1,0.4361096803178521
CSF,MS,MS,28,ACACCCTAGATGTCGG-1,-0.29997119987097626
CSF,MS,MS,28,ACACCCTAGTGCCAGA-1,0.15403216541240528
CSF,MS,MS,28,ACACCCTGTGCAGGTA-1,0.16900174436697143
CSF,MS,MS,28,ACACCGGAGATGCCTT-1,0.9402494186285643
CSF,MS,MS,28,ACATGGTCATGCATGT-1,0.19664146902036156
CSF,MS,MS,28,ACCGTAACAGACGCCT-1-1,0.08136686266485196
CSF,MS,MS,28,ACGATACCACGGTAGA-1,0.2523704285945913
CSF,MS,MS,28,ACGCAGCAGCCAGAAC-1,0.636220513671531
CSF,MS,MS,28,ACGCCGATCAACACAC-1,-0.10137870022438723
CSF,MS,MS,28,ACGGAGAGTACCGGCT-1,0.17238835981177072
CSF,MS,MS,28,ACGGCCAAGCAGACTG-1,1.1968676759074903
CSF,MS,MS,28,ACTGTCCTCATCTGCC-1,0.14735986507654883
CSF,MS,MS,28,ACTTTCAAGTGTCCAT-1,0.5124123824548514
CSF,MS,MS,28,AGCCTAAAGTGTCCAT-1,0.24476522037528267
CSF,MS,MS,28,AGCCTAACAAAGTCAA-1,-0.29997119987097626
CSF,MS,MS,28,AGCTTGAGTGCACCAC-1,-0.29997119987097626
CSF,MS,MS,28,AGGCCGTAGGCTACGA-1,-0.012252872005247304
CSF,MS,MS,28,AGTAGTCGTAGGAGTC-1,0.06740959757794644
CSF,MS,MS,28,AGTGGGACAAAGGTGC-1,0.1615719550463969
CSF,MS,MS,28,ATCCACCAGACCACGA-1,-0.025539608264346973
CSF,MS,MS,28,ATTCTACGTGTCGCTG-1,0.14054663382397817
CSF,MS,MS,28,CAACCTCGTGATAAAC-1,0.04464115736118065
CSF,MS,MS,28,CAACCTCGTGCCTGGT-1,0.13591314330044
CSF,MS,MS,28,CACACTCGTCGCTTTC-1,-0.29997119987097626
CSF,MS,MS,28,CACATTTCAAATTGCC-1,0.2767695650836594
CSF,MS,MS,28,CAGAATCGTCGACTAT-1,-0.29997119987097626
CSF,MS,MS,28,CAGCAGCGTGCTCTTC-1,-0.29997119987097626
CSF,MS,MS,28,CATCAAGTCCGCATAA-1,-0.29997119987097626
CSF,MS,MS,28,CATCAGAAGCCCAATT-1,0.18242389831644487
CSF,MS,MS,28,CATGGCGAGATCCGAG-1,-0.29997119987097626
CSF,MS,MS,28,CATTATCAGGTAAACT-1,0.10933992177795868
CSF,MS,MS,28,CCAGCGAAGAGCCCAA-1,-0.06345741566372992
CSF,MS,MS,28,CCCAGTTAGCGTCTAT-1,-0.02623117235793046
CSF,MS,MS,28,CCTATTAGTCACCCAG-1,0.30777500589945894
CSF,MS,MS,28,CCTTCCCGTGTAACGG-1,-0.12006714648419001
CSF,MS,MS,28,CGAGCACAGGCATTGG-1,-0.29997119987097626
CSF,MS,MS,28,CGATCGGCAACTGCTA-1,-0.12582958745565365
CSF,MS,MS,28,CGATGGCCAGGATTGG-1,-0.29997119987097626
CSF,MS,MS,28,CGCGGTAAGCCACGCT-1,-0.29997119987097626
CSF,MS,MS,28,CGCTATCCAGACACTT-1,-0.10872244081048432
CSF,MS,MS,28,CGGAGTCAGTAAGTAC-1,0.06052106027678101
CSF,MS,MS,28,CGTAGCGTCCGATATG-1,-0.05536377515366638
CSF,MS,MS,28,CGTCTACAGCCACTAT-1,0.134939584802972
CSF,MS,MS,28,CGTCTACAGGGCTTCC-1,-0.29997119987097626
CSF,MS,MS,28,CTAACTTCAGTAGAGC-1,-0.29997119987097626
CSF,MS,MS,28,CTAAGACAGTGGAGTC-1,-0.06593941080579621
CSF,MS,MS,28,CTACGTCCATGGGACA-1,0.526769887435447
CSF,MS,MS,28,CTCGGGATCAGGTAAA-1,0.4434786932452917
CSF,MS,MS,28,CTCTACGAGGCCCTCA-1,0.3804291667489531
CSF,MS,MS,28,CTGCCTAAGCCAGAAC-1,0.9662125994446441
CSF,MS,MS,28,CTGCGGAGTCCAACTA-1,0.6027207359013339
CSF,MS,MS,28,CTGCGGATCAGTTTGG-1,0.7946783488055031
CSF,MS,MS,28,CTGGTCTCACACAGAG-1,-0.29997119987097626
CSF,MS,MS,28,CTGTTTAAGCACGCCT-1,0.24187140490136522
CSF,MS,MS,28,GAACCTACAAAGCGGT-1,-0.0931302282322803
CSF,MS,MS,28,GACAGAGTCGCGTTTC-1,0.14930357975059505
CSF,MS,MS,28,GACTACACAAGACACG-1,0.06714927865063491
CSF,MS,MS,28,GACTACACAAGACGTG-1,-0.29997119987097626
CSF,MS,MS,28,GACTGCGTCCAGATCA-1,0.10110048427427218
CSF,MS,MS,28,GAGCAGAGTGTTGGGA-1,0.17582368663904804
CSF,MS,MS,28,GATCGTAAGGCAGTCA-1,0.03965996250134956
CSF,MS,MS,28,GATGAAAGTAGCGCTC-1,0.15081148843059242
CSF,MS,MS,28,GATGAGGAGATCGATA-1,-0.030730577944354572
CSF,MS,MS,28,GATTCAGTCGCCAAAT-1,0.05194379247963304
CSF,MS,MS,28,GCAAACTGTGCCTGCA-1,0.23081012475085588
CSF,MS,MS,28,GCGCCAATCTGTCAAG-1,0.23359311000185587
CSF,MS,MS,28,GCGGGTTCATCGGGTC-1,0.5943781812169104
CSF,MS,MS,28,GCTGCAGTCAGCAACT-1,-0.10682925972888875
CSF,MS,MS,28,GGAACTTGTCAGAAGC-1,-0.29997119987097626
CSF,MS,MS,28,GGGACCTGTCACTGGC-1,0.16135768130112066
CSF,MS,MS,28,GGGAGATTCGTAGGAG-1,0.1781415063509038
CSF,MS,MS,28,GGGTCTGAGCAGACTG-1,-0.12498873751857131
CSF,MS,MS,28,GGGTTGCCACCCAGTG-1,0.22844943765524905
CSF,MS,MS,28,GGGTTGCCATACGCCG-1-1,1.065314697950593
CSF,MS,MS,28,GTATTCTGTGCTTCTC-1,-0.29997119987097626
CSF,MS,MS,28,GTCACGGCAGTCGTGC-1,0.08099221656359523
CSF,MS,MS,28,GTCGTAAGTCCCTTGT-1,-0.038181040502806664
CSF,MS,MS,28,GTCGTAAGTTACGTCA-1,0.321915017466688
CSF,MS,MS,28,GTCGTAATCGTCACGG-1,1.1612561555851388
CSF,MS,MS,28,GTGCAGCAGGACAGCT-1,0.0787754590491359
CSF,MS,MS,28,GTGGGTCAGATGCGAC-1,-0.12458475027965892
CSF,MS,MS,28,GTGTTAGCAACGATCT-1,-0.29997119987097626
CSF,MS,MS,28,GTTAAGCGTGCATCTA-1,0.36164887412763225
CSF,MS,MS,28,GTTACAGTCCAAGCCG-1,-0.29997119987097626
CSF,MS,MS,28,GTTCTCGTCAGCGACC-1,-0.1553855858611317
CSF,MS,MS,28,TAAGTGCGTTGGTGGA-1,-0.29997119987097626
CSF,MS,MS,28,TACGGTACAGACGCCT-1,-0.12871410720761758
CSF,MS,MS,28,TACGGTAGTAATCGTC-1,-0.17398740297348314
CSF,MS,MS,28,TACTCATGTCGGGTCT-1,0.3355391483060911
CSF,MS,MS,28,TACTTACTCTGCGGCA-1,0.04033898749972732
CSF,MS,MS,28,TAGACCAAGAGTGACC-1,0.188485891636523
CSF,MS,MS,28,TATCTCATCGCCTGAG-1,-0.11371911950837894
CSF,MS,MS,28,TATGCCCTCTTGTTTG-1,-0.29997119987097626
CSF,MS,MS,28,TCAGCTCCAGCAGTTT-1,-0.29997119987097626
CSF,MS,MS,28,TCAGGATGTCAACATC-1,-0.14007929997678928
CSF,MS,MS,28,TCATTACAGGCCCGTT-1,0.3117677993908402
CSF,MS,MS,28,TCATTTGCATCGATTG-1,-0.29997119987097626
CSF,MS,MS,28,TCGTAGACACAGTCGC-1,-0.08310308180377134
CSF,MS,MS,28,TCTATTGGTCAAAGCG-1,0.07449916091822444
CSF,MS,MS,28,TCTCTAACACGAGGTA-1,0.6157448202512795
CSF,MS,MS,28,TCTGAGACATTTGCTT-1,0.15774522514645933
CSF,MS,MS,28,TGACAACGTGACTCAT-1,-0.01952064156225607
CSF,MS,MS,28,TGCACCTAGGACTGGT-1,0.36109118258443074
CSF,MS,MS,28,TGCGTGGCATACCATG-1,-0.29997119987097626
CSF,MS,MS,28,TGGCTGGGTTCCACAA-1,-0.10089849171790381
CSF,MS,MS,28,TGGGCGTGTGAAATCA-1,0.29563607254651864
CSF,MS,MS,28,TGTGGTAGTCCTCTTG-1,-0.0028824765696781212
CSF,MS,MS,28,TTAACTCAGCGGCTTC-1,-0.010402098945483326
CSF,MS,MS,28,TTCGAAGAGAACAATC-1,-0.02849883990046408
CSF,MS,MS,28,TTCTCAAAGAAAGTGG-1,0.16665513145431068
CSF,MS,MS,28,TTCTTAGTCACATACG-1,-0.11496537918058707
CSF,MS,MS,28,TTGCGTCAGGCTAGAC-1,-0.29997119987097626
CSF,MS,MS,29,AACCATGAGTGACATA-1,-0.29997119987097626
CSF,MS,MS,29,ACATGGTCACGACTCG-1,-0.11380445572090257
CSF,MS,MS,29,ACTTACTTCGAGCCCA-1,-0.29997119987097626
CSF,MS,MS,29,AGATTGCCATTGGTAC-1,-0.29997119987097626
CSF,MS,MS,29,AGCTCTCAGGATGGTC-1,-0.29997119987097626
CSF,MS,MS,29,CACAGGCCACACGCTG-1,-0.29997119987097626
CSF,MS,MS,29,CATATTCCATGCAACT-1,-0.29997119987097626
CSF,MS,MS,29,CATCGAATCTGCGACG-1,0.49347314097327144
CSF,MS,MS,29,CCGGGATTCATAAAGG-1,-0.062124696217715006
CSF,MS,MS,29,CCTTCCCAGGTGTGGT-1,0.389400964403061
CSF,MS,MS,29,CGAGCACAGCCCAATT-1,-0.007585893110267
CSF,MS,MS,29,CGATTGACAGGACCCT-1,-0.11284774251245255
CSF,MS,MS,29,CGCCAAGCACAAGTAA-1,-0.29997119987097626
CSF,MS,MS,29,CGGTTAAGTAGATTAG-1,-0.29997119987097626
CSF,MS,MS,29,CTCGTACCAGTCGATT-1,-0.29997119987097626
CSF,MS,MS,29,CTCTACGTCCAAACAC-1,-0.29997119987097626
CSF,MS,MS,29,CTGAAGTAGCTTTGGT-1,-0.29997119987097626
CSF,MS,MS,29,CTTACCGGTCCAACTA-1,-0.29997119987097626
CSF,MS,MS,29,GACGCGTGTTGGGACA-1,-0.29997119987097626
CSF,MS,MS,29,GCTGCAGAGTTTAGGA-1,-0.29997119987097626
CSF,MS,MS,29,GCTGCAGTCCTTAATC-1,-0.29997119987097626
CSF,MS,MS,29,GCTGCGAGTGCTTCTC-1,-0.29997119987097626
CSF,MS,MS,29,GGCAATTAGCCTATGT-1,0.3490707071520199
CSF,MS,MS,29,GGCAATTTCAGGCCCA-1,0.06956797775035774
CSF,MS,MS,29,GGCCGATCAAATTGCC-1,0.49424211926590067
CSF,MS,MS,29,GGTGCGTAGAGGGATA-1,1.2315727463320294
CSF,MS,MS,29,TACGGGCTCGTCGTTC-1,-0.059038674444054584
CSF,MS,MS,29,TAGTTGGCACATTTCT-1,0.09132404113018859
CSF,MS,MS,29,TCACAAGGTCATTAGC-1,0.05820833832107773
CSF,MS,MS,29,TCATTACAGGTGCAAC-1,-0.29997119987097626
CSF,MS,MS,29,TCTCTAACAATGAAAC-1,-0.1833875400306626
CSF,MS,MS,29,TCTTTCCAGCCGTCGT-1,-0.14017730833742237
CSF,MS,MS,29,TGACTAGAGCTGATAA-1,-0.29997119987097626
CSF,MS,MS,29,TGCGCAGGTAGCTAAA-1,-0.29997119987097626
CSF,MS,MS,29,TGCTGCTGTCTCGTTC-1,-0.29997119987097626
CSF,MS,MS,29,TTGACTTGTAGCTCCG-1,0.02616416038796508
CSF,MS,MS,29,TTTGTCATCTACCAGA-1,-0.1021779975600247
CSF,MS,MS,31,AAACCTGTCTGTCTAT-1,-0.16086318802856928
CSF,MS,MS,31,AAACGGGCATGGTAGG-1,0.0554279892152005
CSF,MS,MS,31,AAAGATGTCGCCTGTT-1,0.11411873594739766
CSF,MS,MS,31,AAAGCAACATTTGCTT-1,-0.1266830340010205
CSF,MS,MS,31,AAAGTAGAGGGTATCG-1,-0.1099449169025395
CSF,MS,MS,31,AAATGCCGTCCGAAGA-1,0.2786167376334579
CSF,MS,MS,31,AACACGTCATCTACGA-1,-0.10044829131112953
CSF,MS,MS,31,AACCATGGTTCATGGT-1,0.49071994208276054
CSF,MS,MS,31,AACCGCGCAGTCCTTC-1,0.011464924738988826
CSF,MS,MS,31,AACGTTGTCCAATGGT-1,0.11274510234363586
CSF,MS,MS,31,AACTCAGGTCGGCATC-1,-0.13947896955937011
CSF,MS,MS,31,AACTCTTAGGCTACGA-1,-0.15431702132065167
CSF,MS,MS,31,AACTCTTCATCCAACA-1,-0.011719137395130166
CSF,MS,MS,31,AACTCTTGTACCGTAT-1,0.9323021686454295
CSF,MS,MS,31,AACTGGTCATGCAATC-1,-0.29997119987097626
CSF,MS,MS,31,AACTTTCAGTGTGGCA-1,0.17173817572298425
CSF,MS,MS,31,AACTTTCTCAACACTG-1,0.8615098015778376
CSF,MS,MS,31,AAGACCTCACCATCCT-1,0.09499214956094142
CSF,MS,MS,31,AAGACCTTCCATGCTC-1,0.02343375357678628
CSF,MS,MS,31,AAGGAGCGTAAACGCG-1,-0.29997119987097626
CSF,MS,MS,31,AAGGAGCGTGTATGGG-1,0.4055773923514033
CSF,MS,MS,31,ACACTGAAGTACGACG-1,0.7128930374911485
CSF,MS,MS,31,ACAGCCGAGCTCCCAG-1,-0.170329246531999
CSF,MS,MS,31,ACAGCTAAGTTCCACA-1,0.1643183230108432
CSF,MS,MS,31,ACATACGCATACTCTT-1,0.1547903361305236
CSF,MS,MS,31,ACCAGTAAGACCACGA-1,-0.29997119987097626
CSF,MS,MS,31,ACCAGTAAGAGCTTCT-1,0.11470056958548372
CSF,MS,MS,31,ACCCACTAGGCTAGCA-1,0.09077547805117424
CSF,MS,MS,31,ACGAGCCAGATGAGAG-1,0.8279287335983564
CSF,MS,MS,31,ACGAGCCAGTATGACA-1,0.14766038323459543
CSF,MS,MS,31,ACGAGCCGTTAAAGAC-1,0.4405592860556688
CSF,MS,MS,31,ACGAGCCTCCTAGGGC-1,0.2926831571475116
CSF,MS,MS,31,ACGAGGACAATTCCTT-1,0.5381379700598469
CSF,MS,MS,31,ACGAGGACAGCTTCGG-1,-0.03474479961022612
CSF,MS,MS,31,ACGATGTTCAGCAACT-1,0.07245923652919518
CSF,MS,MS,31,ACGCAGCAGAGAACAG-1,0.18151173604505463
CSF,MS,MS,31,ACGCAGCAGGGATCTG-1,0.8412497394595653
CSF,MS,MS,31,ACGCCAGAGCATCATC-1,0.6807415339368058
CSF,MS,MS,31,ACGCCAGAGTCGTACT-1,0.044044275736982455
CSF,MS,MS,31,ACGCCAGCACTGAAGG-1,0.0008410932857191458
CSF,MS,MS,31,ACGCCAGCATTGAGCT-1,-0.12845603806540212
CSF,MS,MS,31,ACGCCAGGTCGGATCC-1,0.29516179839328477
CSF,MS,MS,31,ACGCCGACACATAACC-1,-0.13350607165398148
CSF,MS,MS,31,ACGGCCAGTTTGTGTG-1,-0.29997119987097626
CSF,MS,MS,31,ACGGGCTAGAGACTTA-1,-0.14991229709935053
CSF,MS,MS,31,ACGGGCTTCAGTTAGC-1,0.13695430824124658
CSF,MS,MS,31,ACGGGTCGTCCAGTAT-1,-0.18730992643411884
CSF,MS,MS,31,ACTATCTTCGAGGTAG-1,-0.06544141492478935
CSF,MS,MS,31,ACTGAACAGCTAACAA-1,0.16293605158732435
CSF,MS,MS,31,ACTGAACCACATCCGG-1,-0.029521425116445642
CSF,MS,MS,31,ACTGATGCAGTGACAG-1,-0.29997119987097626
CSF,MS,MS,31,ACTGCTCGTGTTAAGA-1,0.42192129190932376
CSF,MS,MS,31,ACTGCTCTCAATCTCT-1,0.011882056144974966
CSF,MS,MS,31,ACTTACTAGATATACG-1,0.09511911547052805
CSF,MS,MS,31,ACTTACTTCAGAGCTT-1,0.4982626026344489
CSF,MS,MS,31,AGAATAGGTGCCTGGT-1,0.4768552144867218
CSF,MS,MS,31,AGACGTTGTAGAGTGC-1,-0.29997119987097626
CSF,MS,MS,31,AGAGCTTGTGCGCTTG-1,-0.29997119987097626
CSF,MS,MS,31,AGCAGCCAGGAGTTTA-1,-0.18358263640584363
CSF,MS,MS,31,AGCAGCCCAGCTGTTA-1,0.12782152595593727
CSF,MS,MS,31,AGCGTATGTAGCTAAA-1,0.23523145843580262
CSF,MS,MS,31,AGCGTCGCAAGCCGCT-1,0.22652592713084574
CSF,MS,MS,31,AGCTCTCAGTTGTAGA-1,-0.02641263885488946
CSF,MS,MS,31,AGCTCTCCAAAGCAAT-1,0.527582227193632
CSF,MS,MS,31,AGGCCACGTTCCACAA-1,0.36775385054792376
CSF,MS,MS,31,AGGCCACTCTTCTGGC-1,0.7962621422416004
CSF,MS,MS,31,AGGGATGCAACTGGCC-1,-0.29997119987097626
CSF,MS,MS,31,AGGGATGCAGCTATTG-1,-0.29997119987097626
CSF,MS,MS,31,AGGTCCGGTAGCGATG-1,0.003125600311367327
CSF,MS,MS,31,AGGTCCGGTTGTGGAG-1,0.2683681814501376
CSF,MS,MS,31,AGGTCCGTCTTGAGGT-1,-0.033857077349802
CSF,MS,MS,31,AGTGAGGGTGCACTTA-1,0.3869088810128948
CSF,MS,MS,31,AGTTGGTCACCGAATT-1,-0.15403519374879296
CSF,MS,MS,31,ATAACGCCAGCATACT-1,0.14430223357845098
CSF,MS,MS,31,ATCACGAGTGATGATA-1,0.4010499626965001
CSF,MS,MS,31,ATCATCTAGCGATAGC-1,0.513276067920489
CSF,MS,MS,31,ATCATCTAGGGAACGG-1,-0.07112277438199088
CSF,MS,MS,31,ATCATCTGTGGTTTCA-1,-0.046759290983595284
CSF,MS,MS,31,ATCATGGCACCTTGTC-1,0.08989700683210768
CSF,MS,MS,31,ATCATGGGTTACGTCA-1,0.2710252498289993
CSF,MS,MS,31,ATCCACCCAATGAAAC-1,-0.29997119987097626
CSF,MS,MS,31,ATCCACCGTTCAGCGC-1,-0.1491737068350034
CSF,MS,MS,31,ATCCGAACAAGGACTG-1,0.22250315268695672
CSF,MS,MS,31,ATCGAGTAGTAAGTAC-1,0.08672030908029747
CSF,MS,MS,31,ATGAGGGAGCTTATCG-1,-0.11559809156330458
CSF,MS,MS,31,ATGGGAGGTACAAGTA-1,-0.29997119987097626
CSF,MS,MS,31,ATTACTCAGGCACATG-1,0.02633152344316649
CSF,MS,MS,31,ATTACTCAGGCGACAT-1,-0.0774068283698316
CSF,MS,MS,31,ATTATCCTCCTTTCTC-1,0.30897554790763343
CSF,MS,MS,31,ATTCTACAGGATGCGT-1,0.46110724027263317
CSF,MS,MS,31,ATTTCTGGTAAATACG-1,-0.11586234488501933
CSF,MS,MS,31,ATTTCTGGTTATCACG-1,-0.1757932416230581
CSF,MS,MS,31,CAACCTCCACGGCGTT-1,0.15192110399916395
CSF,MS,MS,31,CAACCTCTCGGCGCTA-1,-0.14291258908408694
CSF,MS,MS,31,CAACTAGGTAATTGGA-1,-0.11330418324166976
CSF,MS,MS,31,CAAGATCTCCCTGACT-1,0.09215980240303501
CSF,MS,MS,31,CAAGGCCGTCACCCAG-1,-0.13821420074916205
CSF,MS,MS,31,CAAGTTGAGGATGCGT-1,-0.080385157776284
CSF,MS,MS,31,CACACAACATGCTAGT-1,-0.29997119987097626
CSF,MS,MS,31,CACACTCAGCCCAATT-1,0.16368401775438504
CSF,MS,MS,31,CACACTCGTGCTCTTC-1,-0.14458805491217613
CSF,MS,MS,31,CACAGGCAGTGGTAAT-1,-0.11597337376600307
CSF,MS,MS,31,CACATTTTCGGAGCAA-1,0.06672376229878438
CSF,MS,MS,31,CACATTTTCTAAGCCA-1,0.6279839500591841
CSF,MS,MS,31,CACATTTTCTATCGCC-1,-0.29997119987097626
CSF,MS,MS,31,CACCACTGTCGCGAAA-1,0.831712715895671
CSF,MS,MS,31,CACCAGGTCACTTATC-1,0.16924204283962133
CSF,MS,MS,31,CACCTTGGTAACGTTC-1,0.11241534476318152
CSF,MS,MS,31,CACTCCAAGTGCAAGC-1,-0.29997119987097626
CSF,MS,MS,31,CAGATCAGTCTAGGTT-1,-0.29997119987097626
CSF,MS,MS,31,CAGATCATCGGACAAG-1,0.3212746539187159
CSF,MS,MS,31,CAGCATAAGTCGTACT-1,-0.14036543950938432
CSF,MS,MS,31,CAGGTGCCAACACCCG-1,0.4448752432714479
CSF,MS,MS,31,CATATGGAGACTAGGC-1,-0.29997119987097626
CSF,MS,MS,31,CATATGGTCGTTTAGG-1,0.1559798519486495
CSF,MS,MS,31,CATCAAGAGCTAAACA-1,0.11858840832362724
CSF,MS,MS,31,CATCAAGGTGCTAGCC-1,-0.1697345464684737
CSF,MS,MS,31,CATCAGAAGTTAGGTA-1,-0.29997119987097626
CSF,MS,MS,31,CATCAGATCACCCTCA-1,0.020179340927158323
CSF,MS,MS,31,CATCAGATCTTTCCTC-1,0.695836602625235
CSF,MS,MS,31,CATCGAAGTCTAGCGC-1,0.1511391014907759
CSF,MS,MS,31,CATCGAATCATGTCTT-1,0.747022712647044
CSF,MS,MS,31,CATGACATCCTCAACC-1,-0.11387590840579084
CSF,MS,MS,31,CATGCCTAGGTAAACT-1,0.7240949087208588
CSF,MS,MS,31,CATGGCGCAAGCTGTT-1,-0.06760223986083239
CSF,MS,MS,31,CATTATCAGTCCGTAT-1,0.08512226472314781
CSF,MS,MS,31,CATTCGCAGCTAACTC-1,0.6117137655770117
CSF,MS,MS,31,CATTCGCAGTGCAAGC-1,0.18351122113178214
CSF,MS,MS,31,CCACCTATCCACTCCA-1,-0.29997119987097626
CSF,MS,MS,31,CCACTACAGCGGATCA-1,-0.29997119987097626
CSF,MS,MS,31,CCAGCGACAAACGCGA-1,0.1297967187664266
CSF,MS,MS,31,CCATGTCGTATCGCAT-1,-0.29997119987097626
CSF,MS,MS,31,CCATGTCTCGTGGACC-1,-0.0640608061968144
CSF,MS,MS,31,CCCAGTTCACTTACGA-1,-0.005937756749073804
CSF,MS,MS,31,CCCAGTTGTTGAGGTG-1,-0.29997119987097626
CSF,MS,MS,31,CCGGTAGCACGGATAG-1,-0.29997119987097626
CSF,MS,MS,31,CCGTACTCACTGTGTA-1,0.06987578415111152
CSF,MS,MS,31,CCGTGGACAGCATACT-1,-0.10816464799159438
CSF,MS,MS,31,CCGTGGAGTCGGCACT-1,-0.29997119987097626
CSF,MS,MS,31,CCGTTCAAGAGTGACC-1,0.2893907524782308
CSF,MS,MS,31,CCTACACCAGTGACAG-1,0.7472724355968536
CSF,MS,MS,31,CCTAGCTAGCGCTTAT-1,0.3254643196705121
CSF,MS,MS,31,CCTATTACATACTACG-1,-0.29997119987097626
CSF,MS,MS,31,CCTATTAGTACTTCTT-1,0.36628931589998187
CSF,MS,MS,31,CCTCAGTGTCGGGTCT-1,0.060579862937386056
CSF,MS,MS,31,CCTTACGCATCCCACT-1,0.18423775228087344
CSF,MS,MS,31,CGAATGTCAGTGGAGT-1,0.08782429354814918
CSF,MS,MS,31,CGAATGTTCGCGGATC-1,-0.29997119987097626
CSF,MS,MS,31,CGACCTTCAATCAGAA-1,0.4451469030691779
CSF,MS,MS,31,CGAGAAGGTATAATGG-1,0.4290884861014499
CSF,MS,MS,31,CGAGCACCAGCTGGCT-1,-0.29997119987097626
CSF,MS,MS,31,CGAGCCAGTCTACCTC-1,0.10713042868712917
CSF,MS,MS,31,CGAGCCAGTGAGGCTA-1,-0.29997119987097626
CSF,MS,MS,31,CGATGGCTCGTTTAGG-1,0.0354872987885575
CSF,MS,MS,31,CGCCAAGGTACACCGC-1,-0.19951426261339003
CSF,MS,MS,31,CGCTATCTCAGCCTAA-1,0.2721141314809897
CSF,MS,MS,31,CGCTGGAAGGTGTTAA-1,0.5280990480812814
CSF,MS,MS,31,CGCTGGAGTTAAGAAC-1,-0.13153786889156321
CSF,MS,MS,31,CGGACTGAGATCTGCT-1,-0.12032583708552089
CSF,MS,MS,31,CGGACTGAGGGATACC-1,0.2059936646520615
CSF,MS,MS,31,CGGCTAGCATGAGCGA-1,0.7447275770922769
CSF,MS,MS,31,CGGGTCAAGCGTTGCC-1,0.31238394287771704
CSF,MS,MS,31,CGGGTCAGTTCACGGC-1,-0.0002096751664596124
CSF,MS,MS,31,CGGTTAAAGGACGAAA-1,0.4937788234799561
CSF,MS,MS,31,CGTAGCGGTGACGGTA-1,0.4492408707763286
CSF,MS,MS,31,CGTAGGCGTACCATCA-1,0.050185905752276376
CSF,MS,MS,31,CGTCACTAGATATGGT-1,-0.10219086300119781
CSF,MS,MS,31,CGTCACTTCTTGAGGT-1,0.4570549491335174
CSF,MS,MS,31,CGTCAGGCAGGCTGAA-1,-0.29997119987097626
CSF,MS,MS,31,CGTCAGGGTTGGACCC-1,-0.29997119987097626
CSF,MS,MS,31,CGTGAGCAGACGCACA-1,-0.29997119987097626
CSF,MS,MS,31,CGTGAGCCACGGTAAG-1,0.2848292481022559
CSF,MS,MS,31,CGTGAGCGTTCGAATC-1,0.9967745195132424
CSF,MS,MS,31,CGTGTAACAGAGCCAA-1,-0.1512652295100382
CSF,MS,MS,31,CGTTAGAGTGCACTTA-1,0.06000324926238051
CSF,MS,MS,31,CTAAGACTCTACTCAT-1,-0.29997119987097626
CSF,MS,MS,31,CTAATGGGTAGAAAGG-1,0.11645517236875665
CSF,MS,MS,31,CTACCCAAGGGAAACA-1,-0.05575666991146293
CSF,MS,MS,31,CTAGAGTAGCCTCGTG-1,0.3795524604265844
CSF,MS,MS,31,CTAGCCTCATGTCTCC-1,1.0515344406993923
CSF,MS,MS,31,CTAGCCTGTTCAGACT-1,-0.29997119987097626
CSF,MS,MS,31,CTCACACCAAGCCATT-1,-0.29997119987097626
CSF,MS,MS,31,CTCACACTCCAGAGGA-1,0.08165952815593285
CSF,MS,MS,31,CTCAGAAAGATCACGG-1,0.09095615933007516
CSF,MS,MS,31,CTCATTACAGCTCGCA-1,-0.1391042173713016
CSF,MS,MS,31,CTCATTACATGGTTGT-1,0.004334430849139093
CSF,MS,MS,31,CTCATTAGTGATAAAC-1,-0.01553772234905737
CSF,MS,MS,31,CTCATTATCACAATGC-1,-0.29997119987097626
CSF,MS,MS,31,CTCCTAGAGAAGGCCT-1,-0.29997119987097626
CSF,MS,MS,31,CTCGAAAGTACATCCA-1,-0.09533695301613143
CSF,MS,MS,31,CTCGAGGCAGCCTATA-1,0.20651775824544724
CSF,MS,MS,31,CTCGTACTCAAACCGT-1,-0.10867189112928008
CSF,MS,MS,31,CTCGTACTCACTCTTA-1,0.7039169602357438
CSF,MS,MS,31,CTCTACGCATACCATG-1,-0.29997119987097626
CSF,MS,MS,31,CTGAAACAGCGATTCT-1,0.19408028834239702
CSF,MS,MS,31,CTGATAGAGGGTCTCC-1,0.572720156110974
CSF,MS,MS,31,CTGATAGGTACAGTGG-1,0.4017775041005807
CSF,MS,MS,31,CTGCCTATCGAATCCA-1,0.21319902683199585
CSF,MS,MS,31,CTGCGGATCCAAACTG-1,0.16948847754896182
CSF,MS,MS,31,CTGGTCTAGTGCAAGC-1,0.7816556474685549
CSF,MS,MS,31,CTTAGGATCACGATGT-1,-0.10961796817829417
CSF,MS,MS,31,CTTCTCTGTGCAGTAG-1,0.2127163956591361
CSF,MS,MS,31,CTTCTCTTCCTGCAGG-1,0.0021700038927503335
CSF,MS,MS,31,CTTGGCTTCCTTTCGG-1,0.08305304897894006
CSF,MS,MS,31,GAAACTCAGCTGGAAC-1,0.07053267977820284
CSF,MS,MS,31,GAACATCGTTCTGAAC-1,0.2330842884151148
CSF,MS,MS,31,GAACGGATCGCGGATC-1,-0.09179666899581022
CSF,MS,MS,31,GAACGGATCTATGTGG-1,0.11218756245957537
CSF,MS,MS,31,GACACGCCACGGATAG-1,-0.07858197568228552
CSF,MS,MS,31,GACACGCGTGGTACAG-1,0.13794230950629396
CSF,MS,MS,31,GACACGCGTTACGCGC-1,-0.29997119987097626
CSF,MS,MS,31,GACAGAGAGAGCTTCT-1,-0.10527734442460315
CSF,MS,MS,31,GACCAATCACGCGAAA-1,0.09936165112930286
CSF,MS,MS,31,GACGCGTCAGGAACGT-1,-0.29997119987097626
CSF,MS,MS,31,GACGGCTTCAAGATCC-1,-0.1714229269172469
CSF,MS,MS,31,GACGTGCCAACTGGCC-1,-0.05325008041601008
CSF,MS,MS,31,GACGTGCCATCACAAC-1,-0.10843560975365348
CSF,MS,MS,31,GACGTGCTCCACGTGG-1,0.13848568655078372
CSF,MS,MS,31,GACGTTAAGGCTAGGT-1,-0.29997119987097626
CSF,MS,MS,31,GACGTTATCCGTAGTA-1,0.30698908874469816
CSF,MS,MS,31,GACTAACCACGTTGGC-1,-0.29997119987097626
CSF,MS,MS,31,GACTAACTCTGTTTGT-1,0.771886616293134
CSF,MS,MS,31,GACTAACTCTTTACAC-1,0.34825143021248817
CSF,MS,MS,31,GACTACAGTTTCGCTC-1,-0.11387148168739818
CSF,MS,MS,31,GAGCAGACACAACGTT-1,0.22069572762502668
CSF,MS,MS,31,GAGCAGACATTAGGCT-1,-0.043670974504113357
CSF,MS,MS,31,GAGTCCGTCAGAGGTG-1,0.0807146706322206
CSF,MS,MS,31,GATCGCGCAATGGAAT-1,0.2863549159941067
CSF,MS,MS,31,GATCGCGTCACCTTAT-1,-0.02700362787226468
CSF,MS,MS,31,GATGAAAAGGCAGGTT-1,-0.29997119987097626
CSF,MS,MS,31,GATGAAACAAGCGAGT-1,0.31353025772928694
CSF,MS,MS,31,GATGAAAGTTATTCTC-1,0.22503643181019542
CSF,MS,MS,31,GATGCTAGTTATGCGT-1,0.763415257663117
CSF,MS,MS,31,GATTCAGAGCTAGTGG-1,-0.08811264545747075
CSF,MS,MS,31,GCAATCACAGGCTGAA-1,0.15077125861019658
CSF,MS,MS,31,GCAATCACAGTACACT-1,-0.054258598483878095
CSF,MS,MS,31,GCAATCATCGGTTAAC-1,0.14376863744799806
CSF,MS,MS,31,GCAATCATCTGATACG-1,0.03357753689100218
CSF,MS,MS,31,GCACATACATCGATTG-1,-0.29997119987097626
CSF,MS,MS,31,GCACATAGTCGATTGT-1,0.30590867033574887
CSF,MS,MS,31,GCAGCCATCCACGTGG-1,0.296034032057737
CSF,MS,MS,31,GCATACAAGGTCATCT-1,0.43313036288343393
CSF,MS,MS,31,GCATGATTCTTCGAGA-1,0.1610160831913366
CSF,MS,MS,31,GCATGCGAGAACAACT-1,0.13282949143537642
CSF,MS,MS,31,GCATGCGCACAAGCCC-1,0.23573715445478263
CSF,MS,MS,31,GCATGTACAGGGATTG-1,0.9009291156890908
CSF,MS,MS,31,GCATGTAGTCACTGGC-1,0.3245602877199097
CSF,MS,MS,31,GCATGTATCTGATACG-1,0.7276584520905447
CSF,MS,MS,31,GCCAAATCATACTACG-1,0.4524590011517204
CSF,MS,MS,31,GCCAAATCATCAGTAC-1,-0.10247161467422103
CSF,MS,MS,31,GCCAAATGTTTGGCGC-1,0.24106635131675994
CSF,MS,MS,31,GCCAAATTCTGGTGTA-1,0.8143463086958909
CSF,MS,MS,31,GCCTCTAGTATGGTTC-1,0.7226307112957874
CSF,MS,MS,31,GCCTCTAGTTTGTGTG-1,-0.16346799168111462
CSF,MS,MS,31,GCGCAGTAGCTAACTC-1,0.2842586634675257
CSF,MS,MS,31,GCGCAGTTCAGAGGTG-1,0.10467058620820592
CSF,MS,MS,31,GCGCCAAGTAGCGTAG-1,-0.0010032029245880297
CSF,MS,MS,31,GCTGCTTCAGACGCCT-1,-0.06511505182436506
CSF,MS,MS,31,GCTGGGTCATGCTAGT-1,-0.1449286001617229
CSF,MS,MS,31,GCTGGGTTCTCTGTCG-1,0.06682490648117397
CSF,MS,MS,31,GCTTGAACATCTACGA-1,0.08247958344830977
CSF,MS,MS,31,GCTTGAAGTAGCCTCG-1,-0.29997119987097626
CSF,MS,MS,31,GGAATAATCAAGAAGT-1,-0.08840986251807872
CSF,MS,MS,31,GGACAAGAGGCAGGTT-1,0.24351024009631264
CSF,MS,MS,31,GGACAAGGTCAAAGCG-1,-0.29997119987097626
CSF,MS,MS,31,GGACAGACAAGGGTCA-1,-0.024901475147154177
CSF,MS,MS,31,GGACAGACAGAGTGTG-1,0.5075330596887832
CSF,MS,MS,31,GGATGTTAGATGCCAG-1,-0.1641743099098328
CSF,MS,MS,31,GGATGTTGTTCCACAA-1,-0.1950815255560616
CSF,MS,MS,31,GGATTACTCCGCGGTA-1,-0.29997119987097626
CSF,MS,MS,31,GGCCGATAGATTACCC-1,0.09040276629989653
CSF,MS,MS,31,GGCCGATTCCGAATGT-1,-0.029919723321362453
CSF,MS,MS,31,GGCGACTAGGCTAGCA-1,-0.29997119987097626
CSF,MS,MS,31,GGCGTGTCAATGAATG-1,0.03598567466243747
CSF,MS,MS,31,GGCGTGTCATGATCCA-1,0.1376677062663767
CSF,MS,MS,31,GGCGTGTGTCGACTAT-1,0.03225396787766943
CSF,MS,MS,31,GGCTGGTGTGCGAAAC-1,-0.29997119987097626
CSF,MS,MS,31,GGGAATGAGATCTGCT-1,-0.29997119987097626
CSF,MS,MS,31,GGGACCTGTACTTAGC-1,0.5548775116235093
CSF,MS,MS,31,GGGAGATCACCGAAAG-1,0.39297088265918884
CSF,MS,MS,31,GGGCACTCACGGACAA-1,-0.19121923924846027
CSF,MS,MS,31,GGGCATCTCCTTGCCA-1,0.32114410901439444
CSF,MS,MS,31,GGGTCTGAGTAATCCC-1,-0.07580811989625899
CSF,MS,MS,31,GGGTCTGGTACACCGC-1,0.8979553040635923
CSF,MS,MS,31,GGGTCTGGTATTCGTG-1,-0.0054996153896644095
CSF,MS,MS,31,GTAACGTTCGATCCCT-1,0.11494067347983415
CSF,MS,MS,31,GTAACTGGTCCTAGCG-1,0.8491207746115689
CSF,MS,MS,31,GTACGTACACTTACGA-1,-0.29997119987097626
CSF,MS,MS,31,GTACTCCAGAAAGTGG-1,0.0162831163817801
CSF,MS,MS,31,GTAGGCCTCATGCTCC-1,-0.13995788637909096
CSF,MS,MS,31,GTAGTCAGTCTCCCTA-1,-0.29997119987097626
CSF,MS,MS,31,GTATTCTTCCTACAGA-1,0.2975358173822262
CSF,MS,MS,31,GTCACAAAGCGGCTTC-1,0.10104543618279396
CSF,MS,MS,31,GTCACAAAGGCGACAT-1,0.18020955787441784
CSF,MS,MS,31,GTCCTCACATTATCTC-1,-0.10412042398025902
CSF,MS,MS,31,GTCGGGTGTGTTAAGA-1,-0.0625011742169183
CSF,MS,MS,31,GTCGGGTTCCACGACG-1,0.03289069681228983
CSF,MS,MS,31,GTCTCGTAGTTATCGC-1,-0.29997119987097626
CSF,MS,MS,31,GTCTCGTGTTGATTCG-1,-0.12269651199361953
CSF,MS,MS,31,GTGAAGGCAATGGAGC-1,0.703273408169313
CSF,MS,MS,31,GTGAAGGGTAAGTGTA-1,0.19290036337417035
CSF,MS,MS,31,GTGCAGCAGCGTCAAG-1,0.02820468824134117
CSF,MS,MS,31,GTGCAGCTCCAGTATG-1,-0.03135948901104778
CSF,MS,MS,31,GTGCATAAGCGAAGGG-1,0.28923818261280976
CSF,MS,MS,31,GTGCGGTCATTAACCG-1,0.921710691564195
CSF,MS,MS,31,GTGCGGTGTAGCTCCG-1,0.28381433748132545
CSF,MS,MS,31,GTGGGTCAGAGCTGGT-1,-0.29997119987097626
CSF,MS,MS,31,GTTAAGCCACACAGAG-1,-0.29997119987097626
CSF,MS,MS,31,GTTACAGCAAGTCATC-1,0.10137149932128556
CSF,MS,MS,31,GTTACAGTCTTAGAGC-1,-0.1946741394283133
CSF,MS,MS,31,GTTCATTAGTACTTGC-1,0.6933913529492042
CSF,MS,MS,31,GTTCGGGGTAGAAAGG-1,0.007238326452882716
CSF,MS,MS,31,GTTTCTACATTATCTC-1,-0.29997119987097626
CSF,MS,MS,31,TAAACCGGTCCTCCAT-1,-0.29997119987097626
CSF,MS,MS,31,TAAGTGCAGGCCCGTT-1,-0.29997119987097626
CSF,MS,MS,31,TACACGAAGCCAGTTT-1,0.2277738915500536
CSF,MS,MS,31,TACACGAAGTTAAGTG-1,0.17775310687893667
CSF,MS,MS,31,TACACGATCTAACGGT-1,0.28601035199248714
CSF,MS,MS,31,TACAGTGAGAAGGGTA-1,-0.20010351273447152
CSF,MS,MS,31,TACCTATAGGATATAC-1,-0.29997119987097626
CSF,MS,MS,31,TACGGGCAGCAGACTG-1,0.17007529223510695
CSF,MS,MS,31,TACGGTAGTGACTACT-1,-0.09850792289145735
CSF,MS,MS,31,TACTCGCTCAGTACGT-1,0.9982199254221188
CSF,MS,MS,31,TAGACCATCTTACCTA-1,0.7573012031253318
CSF,MS,MS,31,TAGCCGGAGCGGCTTC-1,-0.08812402597908098
CSF,MS,MS,31,TAGCCGGAGGCAAAGA-1,0.2581364454590648
CSF,MS,MS,31,TAGTGGTAGTGGGATC-1,0.32481454354891764
CSF,MS,MS,31,TAGTTGGCAATGACCT-1,-0.18028790877903786
CSF,MS,MS,31,TATCAGGAGATAGGAG-1,-0.011234822021871331
CSF,MS,MS,31,TATCAGGAGCAGCGTA-1,0.21437432020188218
CSF,MS,MS,31,TATCTCAAGACAGGCT-1,0.8869021683377415
CSF,MS,MS,31,TATCTCAGTAGGGTAC-1,-0.29997119987097626
CSF,MS,MS,31,TATTACCAGATATGGT-1,-0.29997119987097626
CSF,MS,MS,31,TATTACCCATTACCTT-1,-0.18954111406772642
CSF,MS,MS,31,TCAACGAGTACTTGAC-1,0.5468142953159221
CSF,MS,MS,31,TCACAAGTCCTGCCAT-1,0.19680744525212251
CSF,MS,MS,31,TCAGGATAGGTGTGGT-1,0.31546383653047416
CSF,MS,MS,31,TCAGGATCAATGAATG-1,0.2982361023102042
CSF,MS,MS,31,TCAGGTAGTGATGCCC-1,0.21930760978676653
CSF,MS,MS,31,TCATTTGCATTCGACA-1,0.060106615890363715
CSF,MS,MS,31,TCCCGATAGTGCAAGC-1,0.656918798317965
CSF,MS,MS,31,TCGCGTTCAAGCGAGT-1,0.04325641784449848
CSF,MS,MS,31,TCGCGTTCAAGCTGTT-1,-0.29997119987097626
CSF,MS,MS,31,TCGGGACCAGCTGCTG-1,0.8414080843624169
CSF,MS,MS,31,TCGGGACTCCTTCAAT-1,-0.1135639930499445
CSF,MS,MS,31,TCGGTAAGTAGAGCTG-1,0.20590401605279335
CSF,MS,MS,31,TCTCATATCACGACTA-1,0.2555765477574729
CSF,MS,MS,31,TCTCTAAAGACACGAC-1,-0.12032844680545567
CSF,MS,MS,31,TCTGAGATCACCATAG-1,0.1542746244284649
CSF,MS,MS,31,TCTTCGGAGAGAACAG-1,0.31788907858559906
CSF,MS,MS,31,TCTTTCCAGGCAGGTT-1,0.28456834313470575
CSF,MS,MS,31,TGAAAGATCTGCGACG-1,0.39066960279225926
CSF,MS,MS,31,TGACTAGGTTATGTGC-1,0.5628928874312614
CSF,MS,MS,31,TGACTTTAGACCTTTG-1,-0.16666036312134297
CSF,MS,MS,31,TGACTTTTCGTCCGTT-1,-0.014443703990317108
CSF,MS,MS,31,TGAGCATCATTACCTT-1,0.21438626874369363
CSF,MS,MS,31,TGAGCCGAGTGGGTTG-1,0.12597527008879977
CSF,MS,MS,31,TGATTTCTCAATCACG-1,0.6945371700422536
CSF,MS,MS,31,TGCACCTTCATGTGGT-1,0.04888526799206445
CSF,MS,MS,31,TGCCAAATCATCTGTT-1,0.21411762385702873
CSF,MS,MS,31,TGCCAAATCGGTCCGA-1,-0.11431541080006047
CSF,MS,MS,31,TGCCCTAGTGCACTTA-1,-0.11648061072431826
CSF,MS,MS,31,TGCCCTAGTTGGAGGT-1,0.6777585650333054
CSF,MS,MS,31,TGCGCAGAGGCTAGCA-1,0.20434758736278105
CSF,MS,MS,31,TGCGCAGTCGTCCGTT-1,-0.16925429519626758
CSF,MS,MS,31,TGCTGCTAGCTGAAAT-1,-0.031241670563716944
CSF,MS,MS,31,TGCTGCTCAGCTCCGA-1,-0.29997119987097626
CSF,MS,MS,31,TGGCCAGTCAGTTGAC-1,0.4304488366353568
CSF,MS,MS,31,TGGGAAGGTGGAAAGA-1,-0.29997119987097626
CSF,MS,MS,31,TGGGCGTCATGGAATA-1,-0.08346177653896655
CSF,MS,MS,31,TGGTTCCGTTATGTGC-1,-0.29997119987097626
CSF,MS,MS,31,TGTATTCAGGGTTCCC-1,-0.29997119987097626
CSF,MS,MS,31,TGTATTCGTGGGTCAA-1,0.11364141524530659
CSF,MS,MS,31,TGTCCCAAGCGACGTA-1,0.33415094026719894
CSF,MS,MS,31,TGTCCCACAAGTTCTG-1,-0.008985304036366814
CSF,MS,MS,31,TGTCCCATCTGTCTCG-1,0.2062242073189588
CSF,MS,MS,31,TGTGGTATCGGCGGTT-1,0.2548248929703129
CSF,MS,MS,31,TGTGTTTAGTCATCCA-1,0.3700400372595819
CSF,MS,MS,31,TGTTCCGGTAGGCATG-1,-0.09034299270702587
CSF,MS,MS,31,TTAACTCAGGACAGCT-1,-0.29997119987097626
CSF,MS,MS,31,TTAGGACCAAGCGTAG-1,0.08547975209997065
CSF,MS,MS,31,TTAGGACCACAACGTT-1,-0.29997119987097626
CSF,MS,MS,31,TTAGGCAAGATGTGTA-1,1.3601816307071373
CSF,MS,MS,31,TTAGGCACACGCATCG-1,0.1591884214646889
CSF,MS,MS,31,TTAGGCAGTGCGATAG-1,0.40718311447748284
CSF,MS,MS,31,TTAGTTCGTCACACGC-1,-0.1987243491276208
CSF,MS,MS,31,TTCCCAGTCATTGCGA-1,-0.29997119987097626
CSF,MS,MS,31,TTCCCAGTCGGCGCTA-1,0.2952549108138559
CSF,MS,MS,31,TTCTCAAAGATTACCC-1,0.19747514058758525
CSF,MS,MS,31,TTCTTAGAGACACGAC-1,0.41251129835643585
CSF,MS,MS,31,TTCTTAGCATACTCTT-1,0.37160741864611696
CSF,MS,MS,31,TTGAACGTCTATCCCG-1,-0.29997119987097626
CSF,MS,MS,31,TTGAACGTCTGCCCTA-1,0.029370667100777754
CSF,MS,MS,31,TTGCCGTGTAAAGGAG-1,-0.29997119987097626
CSF,MS,MS,31,TTGCCGTGTAACGCGA-1,-0.05762936542661585
CSF,MS,MS,31,TTGCCGTGTCTAGTGT-1,-0.14963458444084493
CSF,MS,MS,31,TTGCGTCGTAATCACC-1,0.09117946866157299
CSF,MS,MS,31,TTGGCAAAGGGATACC-1,0.2074792125846228
CSF,MS,MS,31,TTTATGCGTCTCAACA-1,-0.005449053964580127
CSF,MS,MS,31,TTTCCTCCAGGTGCCT-1,0.011063823587288777
CSF,MS,MS,31,TTTCCTCGTCTTGCGG-1,0.4622339991484945
CSF,MS,MS,31,TTTCCTCTCTGAGGGA-1,0.19913791728616884
CSF,MS,MS,31,TTTGCGCTCTTTACGT-1,0.2025854996280337
CSF,MS,MS,31,TTTGTCACAAGCCGCT-1,0.29484733014140174
CSF,MS,MS,31,TTTGTCACACCACGTG-1,0.07921994712377169
PB,MS,MS,6,AAACGGGTCTGGCGAC-1,-0.29997119987097626
PB,MS,MS,6,AACACGTAGATCTGCT-1,0.0882514439975489
PB,MS,MS,6,AACGTTGGTACGCTGC-1-2,0.22781592733694525
PB,MS,MS,6,AACGTTGTCAGGCAAG-1-1,0.1883943613006871
PB,MS,MS,6,AACTCTTGTACTTCTT-1,-0.19756049926837113
PB,MS,MS,6,AACTCTTTCATGTGGT-1,0.5995229932599406
PB,MS,MS,6,AACTTTCGTTAAAGTG-1,-0.09544040437532553
PB,MS,MS,6,AAGACCTGTTATCACG-1,0.26965358749155605
PB,MS,MS,6,AATCCAGTCGAGAGCA-1,0.1349081405302041
PB,MS,MS,6,ACACTGAGTAAGGGCT-1,0.07762390608607941
PB,MS,MS,6,ACATCAGTCGTAGGAG-1,0.058568621434489286
PB,MS,MS,6,ACCAGTATCATGCTCC-1,-0.12215765013842658
PB,MS,MS,6,ACGAGGAAGCGTCAAG-1,0.2859405374092274
PB,MS,MS,6,ACGAGGATCTCAAGTG-1,0.07799121149368914
PB,MS,MS,6,ACGATACAGTCTTGCA-1,-0.17858217055658893
PB,MS,MS,6,ACGATACGTGCTTCTC-1,-0.29997119987097626
PB,MS,MS,6,ACGCCAGCAGTTAACC-1,0.30668726840278554
PB,MS,MS,6,ACGCCGAAGTTCCACA-1,0.19390537778423814
PB,MS,MS,6,ACGGAGATCCCGACTT-1,-0.02098390129521663
PB,MS,MS,6,ACGGCCACAAAGGCGT-1,-0.08532861938727963
PB,MS,MS,6,ACGGGCTCACGGCTAC-1,0.35557082111779204
PB,MS,MS,6,ACGTCAACAATAACGA-1,0.019887833221174774
PB,MS,MS,6,ACGTCAATCACCTCGT-1,0.2916873579893745
PB,MS,MS,6,ACTATCTGTCTGGAGA-1,0.1869024547441378
PB,MS,MS,6,ACTATCTGTTTGTTGG-1,0.09587444662345358
PB,MS,MS,6,ACTGATGAGCTGCGAA-1,0.3561606871557509
PB,MS,MS,6,ACTGATGTCTATGTGG-1,0.17302722603647208
PB,MS,MS,6,ACTTGTTCAGTCGATT-1,-0.29997119987097626
PB,MS,MS,6,AGAATAGCAAAGGAAG-1,0.23766224789209273
PB,MS,MS,6,AGATCTGTCGTTGACA-1,-0.29997119987097626
PB,MS,MS,6,AGATTGCCAGACGTAG-1,0.6354779791306643
PB,MS,MS,6,AGGTCATAGATAGCAT-1,0.029933581923775217
PB,MS,MS,6,AGGTCCGAGGGCTTCC-1,0.2480677367732834
PB,MS,MS,6,AGTGAGGAGGAGTTTA-1,0.6452256194498049
PB,MS,MS,6,ATAACGCGTAGGAGTC-1,-0.09902155265782675
PB,MS,MS,6,ATAAGAGTCGAGCCCA-1,-0.07070546402478814
PB,MS,MS,6,ATCACGAGTACGACCC-1,-0.008503920633130487
PB,MS,MS,6,ATCATCTTCACTCCTG-1,0.20449290991387079
PB,MS,MS,6,ATCATGGGTTCCGGCA-1,-0.10641885296249508
PB,MS,MS,6,ATGAGGGGTAAGAGAG-1,0.07964934708826026
PB,MS,MS,6,ATGCGATGTCCCTTGT-1-1,0.5746897280540842
PB,MS,MS,6,ATTACTCCAGTGGGAT-1,-0.017509919082078697
PB,MS,MS,6,ATTATCCGTCTTCAAG-1,0.27400308656484507
PB,MS,MS,6,ATTGGTGAGACTGGGT-1,0.4631759254412566
PB,MS,MS,6,CAACCAAAGTCCATAC-1,0.5699846668040233
PB,MS,MS,6,CAAGGCCTCGCAGGCT-1,0.3770882506730577
PB,MS,MS,6,CAAGTTGCACGAGGTA-1,0.4139083650115487
PB,MS,MS,6,CACACCTGTGCAGACA-1,0.21645303686295053
PB,MS,MS,6,CAGAGAGAGTGCGTGA-1,0.2993461559902698
PB,MS,MS,6,CAGCTAACAAGGTTTC-1,0.39669884947488604
PB,MS,MS,6,CATCGGGTCGATAGAA-1,-0.1011371239337521
PB,MS,MS,6,CATGACACAATGTTGC-1,0.08891549671975751
PB,MS,MS,6,CCACTACAGTGGTAGC-1,0.3962120855201237
PB,MS,MS,6,CCACTACCAGACTCGC-1,0.2936055592210094
PB,MS,MS,6,CCCTCCTCATTCGACA-1,1.1727328900791019
PB,MS,MS,6,CCGGGATTCCTCAACC-1,0.5172577684263542
PB,MS,MS,6,CCGTACTAGTACACCT-1,-0.29997119987097626
PB,MS,MS,6,CCTAGCTAGGGTGTGT-1,0.27219266206514137
PB,MS,MS,6,CCTTACGAGCTAACAA-1,-0.00302123704377677
PB,MS,MS,6,CGAACATCATCCGCGA-1,0.01635742143669708
PB,MS,MS,6,CGAGAAGTCTCAAGTG-1,0.12157880721874403
PB,MS,MS,6,CGAGAAGTCTCCAACC-1,0.0778522971547855
PB,MS,MS,6,CGAGCCAAGTTGTAGA-1,-0.07566481609402294
PB,MS,MS,6,CGATCGGGTTCCCTTG-1,-0.18243317020919378
PB,MS,MS,6,CGATTGAAGTCCATAC-1,0.08600643292792629
PB,MS,MS,6,CGCCAAGAGTGTTAGA-1,-0.10919871665657481
PB,MS,MS,6,CGCTTCAAGTTCCACA-1,-0.29997119987097626
PB,MS,MS,6,CGCTTCACACGGCCAT-1,0.326658410549181
PB,MS,MS,6,CGGACACTCTACTATC-1,-0.29997119987097626
PB,MS,MS,6,CGGAGCTGTAAGTGGC-1,0.20566193524047374
PB,MS,MS,6,CGGCTAGTCGGTCCGA-1,0.0618644656400381
PB,MS,MS,6,CGGGTCAAGCCAGGAT-1,0.6540186556360889
PB,MS,MS,6,CGGGTCACACGTTGGC-1,0.13095180454073588
PB,MS,MS,6,CGGGTCAGTATCGCAT-1,-0.14378319596910197
PB,MS,MS,6,CGGTTAAAGCTCCTCT-1,0.10667701766350336
PB,MS,MS,6,CGTCACTAGCTAAACA-1,-0.09518088959473552
PB,MS,MS,6,CGTCCATTCAAGATCC-1,0.3562231390905342
PB,MS,MS,6,CGTGAGCCAGCGATCC-1,-0.15455744126830995
PB,MS,MS,6,CGTTCTGTCGTTTAGG-1,-0.29997119987097626
PB,MS,MS,6,CTAACTTAGAAGGACA-1,0.1854460645260787
PB,MS,MS,6,CTAAGACTCGTGGTCG-1,0.4131514668446256
PB,MS,MS,6,CTACATTGTAAACGCG-1,0.5621267443727123
PB,MS,MS,6,CTACCCATCGGACAAG-1,-0.29997119987097626
PB,MS,MS,6,CTACGTCTCAGCTCTC-1,-0.0023568376560336563
PB,MS,MS,6,CTCATTAGTAAAGGAG-1,-0.29997119987097626
PB,MS,MS,6,CTCATTATCGACCAGC-1,-0.29997119987097626
PB,MS,MS,6,CTCCTAGCAGCTGGCT-1,0.7894718711780729
PB,MS,MS,6,CTCGAGGTCGGACAAG-1,0.12285444366165013
PB,MS,MS,6,CTCGGAGTCCTTTACA-1,-0.29997119987097626
PB,MS,MS,6,CTCGTACGTTTCCACC-1,-0.29997119987097626
PB,MS,MS,6,CTGCCTAAGTGGTAAT-1,0.22166164352946785
PB,MS,MS,6,CTGGTCTCATAGACTC-1,0.8961825902700371
PB,MS,MS,6,GAAACTCCACGAAATA-1,-0.09297937214913864
PB,MS,MS,6,GACACGCAGTTATCGC-1,-0.12458462448295268
PB,MS,MS,6,GACGGCTGTCACCTAA-1,0.25876688145883303
PB,MS,MS,6,GACGTTAAGGTGCTTT-1,0.33428265467126506
PB,MS,MS,6,GACTACAAGATGTTAG-1,-0.05925486870042934
PB,MS,MS,6,GACTACATCTCTTATG-1-1,-0.1168109981055252
PB,MS,MS,6,GAGGTGAGTCCGACGT-1,-0.29997119987097626
PB,MS,MS,6,GATCAGTAGTACGACG-1,-0.14932131042744556
PB,MS,MS,6,GATCGCGAGAGGTAGA-1,-0.17518182840270521
PB,MS,MS,6,GATGAGGCAGTTTACG-1,0.1901298550972658
PB,MS,MS,6,GCAGCCACATGTTGAC-1,0.04859394953638225
PB,MS,MS,6,GCAGTTAGTAGCGTAG-1,-0.29997119987097626
PB,MS,MS,6,GCATACAGTCTTCGTC-1,-0.18460068850107172
PB,MS,MS,6,GCGACCAGTGAAATCA-1,-0.08326799781875535
PB,MS,MS,6,GCGACCATCCCTAACC-1,-0.29997119987097626
PB,MS,MS,6,GCTCCTACATTTCACT-1,0.22130031217379748
PB,MS,MS,6,GCTGCAGGTCTCCATC-1,-0.15828755202484204
PB,MS,MS,6,GCTGCTTGTCATCCCT-1,0.04373249654891783
PB,MS,MS,6,GCTTGAACATATGAGA-1,-0.08088453253186377
PB,MS,MS,6,GGAACTTTCGTTACAG-1,0.3627500908901718
PB,MS,MS,6,GGAATAAGTATAGGGC-1,-0.29997119987097626
PB,MS,MS,6,GGCCGATAGAAAGTGG-1,-0.06837612339936246
PB,MS,MS,6,GGCGACTCAGTTCCCT-1,0.30478049065505397
PB,MS,MS,6,GGGAATGAGTATCTCG-1,-0.08549843791329508
PB,MS,MS,6,GGGAATGCAAGGACAC-1,0.33002989477476036
PB,MS,MS,6,GGGACCTGTTGGTTTG-1,0.013943431382959155
PB,MS,MS,6,GGGAGATTCCTAGAAC-1,0.5176920908996735
PB,MS,MS,6,GGGATGAAGAATAGGG-1,0.21753478746787341
PB,MS,MS,6,GGGTTGCTCAACGGGA-1,0.38056306938964785
PB,MS,MS,6,GGTATTGGTAAGTGTA-1,-0.14601878222063336
PB,MS,MS,6,GTACGTAGTGCTGTAT-1,0.011121620681958164
PB,MS,MS,6,GTACTTTTCTATCGCC-1,0.3086573165960989
PB,MS,MS,6,GTCATTTTCAGCGACC-1,0.225124452960327
PB,MS,MS,6,GTCTTCGGTACAGTTC-1,0.643904811767657
PB,MS,MS,6,GTGGGTCGTAGCTGCC-1,0.09892703695682173
PB,MS,MS,6,GTGGGTCTCCATGAAC-1,-0.19679593680519522
PB,MS,MS,6,GTGTTAGTCATACGGT-1,-0.29997119987097626
PB,MS,MS,6,TACACGACACCTCGTT-1,-0.29997119987097626
PB,MS,MS,6,TAGAGCTTCACGATGT-1,-0.1385406308965617
PB,MS,MS,6,TATTACCGTCATACTG-1,0.4859357050313601
PB,MS,MS,6,TCAACGATCATCTGCC-1,0.10342701271383027
PB,MS,MS,6,TCACAAGTCGTTTATC-1,0.12545427217959623
PB,MS,MS,6,TCAGATGAGCGATATA-1,0.2758539470509121
PB,MS,MS,6,TCAGCAATCAACACAC-1,-0.29997119987097626
PB,MS,MS,6,TCAGGATAGTGAACAT-1,-0.011683184959338785
PB,MS,MS,6,TCAGGTAGTTGAACTC-1,-0.04019175442087857
PB,MS,MS,6,TCATTTGGTTTGCATG-1,0.08084591892460549
PB,MS,MS,6,TCGGGACAGCCAGGAT-1,0.06811024332539871
PB,MS,MS,6,TCGGTAAAGTGTCCAT-1,0.07187892180470182
PB,MS,MS,6,TCGGTAACAATCAGAA-1,0.5453100649689244
PB,MS,MS,6,TCGGTAACATGCAACT-1,-0.05176635908873218
PB,MS,MS,6,TCGTACCGTGGTTTCA-1,-0.12998587214066396
PB,MS,MS,6,TCGTAGAGTCATTAGC-1,0.0633204185879983
PB,MS,MS,6,TCTCATAAGCTAGTGG-1,-0.29997119987097626
PB,MS,MS,6,TCTTCGGGTCTCCACT-1,0.20551677070741922
PB,MS,MS,6,TGAAAGAAGACCCACC-1,0.39683722816714045
PB,MS,MS,6,TGAGCCGAGCAATCTC-1,0.09357300218242635
PB,MS,MS,6,TGAGGGAGTCCCGACA-1,0.26975317538108773
PB,MS,MS,6,TGCCAAATCAAGGTAA-1,0.45303536779497083
PB,MS,MS,6,TGCTGCTAGTAATCCC-1,-0.0857452441663025
PB,MS,MS,6,TGCTGCTCACATTTCT-1,0.6282039213253156
PB,MS,MS,6,TGGTTCCTCCAGTAGT-1,0.07095630804693465
PB,MS,MS,6,TGGTTCCTCCCAGGTG-1,0.24098482890037912
PB,MS,MS,6,TTAACTCAGAGACGAA-1,-0.07302669541832481
PB,MS,MS,6,TTAGGACCAGTCAGAG-1,0.18450790954958474
PB,MS,MS,6,TTAGGCAAGCGCTTAT-1,-0.2294772921622887
PB,MS,MS,6,TTAGTTCCAATGGAAT-1,0.2171250316276044
PB,MS,MS,6,TTCGAAGAGAAGCCCA-1,0.3973464739179192
PB,MS,MS,6,TTCGGTCAGAACAACT-1,0.009729868070178402
PB,MS,MS,6,TTCTACACAATGGATA-1,0.6718781919326299
PB,MS,MS,6,TTCTCAAAGCCGGTAA-1,0.25961715608044517
PB,MS,MS,6,TTCTCCTGTCTGCGGT-1,0.10552608486771013
PB,MS,MS,6,TTCTCCTTCCATGAGT-1,0.5082009146240748
PB,MS,MS,6,TTGAACGAGCCAGAAC-1,-0.019177933234928557
PB,MS,MS,6,TTGAACGAGGCATGTG-1,0.321735294980032
PB,MS,MS,6,TTGGAACCAAGGTGTG-1,0.25538532035352113
PB,MS,MS,6,TTTATGCTCGGTGTTA-1,-0.07450451076432198
PB,MS,MS,7,AAACCTGAGAAACCAT-1,0.44022131312097823
PB,MS,MS,7,AACTCTTCAATGGACG-1,-0.03649499579570782
PB,MS,MS,7,ACACCCTCACAGTCGC-1,-0.29997119987097626
PB,MS,MS,7,ACACCGGCAGGGATTG-1,0.0673149517064944
PB,MS,MS,7,ACACCGGGTTCGCTAA-1,-0.16291662177508032
PB,MS,MS,7,ACAGCCGCAGCATGAG-1,0.7040176288489625
PB,MS,MS,7,ACAGCCGGTCCAACTA-1,0.1293647524534814
PB,MS,MS,7,ACGAGCCCAGCTGTAT-1,0.6965493027956615
PB,MS,MS,7,ACGATACGTAGAAGGA-1,0.18023265205575328
PB,MS,MS,7,ACGCCAGGTGCGGTAA-1,0.13467928116395242
PB,MS,MS,7,ACGGGCTCAGTTCCCT-1,0.5061693014202827
PB,MS,MS,7,ACTATCTGTCGACTGC-1,-0.29997119987097626
PB,MS,MS,7,ACTGTCCGTTACCAGT-1,-0.1383173046827171
PB,MS,MS,7,ACTTGTTAGCAGGCTA-1,0.13731326304791275
PB,MS,MS,7,ACTTGTTTCGCGATCG-1,-0.06231782880024308
PB,MS,MS,7,AGACGTTGTTTGACTG-1,-0.0012312104321512418
PB,MS,MS,7,AGAGCTTGTTGGACCC-1,-0.008153466896830167
PB,MS,MS,7,AGCATACTCTATCCCG-1,0.4571396972490727
PB,MS,MS,7,AGGCCACAGCACACAG-1,-0.201837801623142
PB,MS,MS,7,AGTGAGGAGGAGTCTG-1,1.2309706723533886
PB,MS,MS,7,AGTGGGATCCTTGACC-1,0.443800792696943
PB,MS,MS,7,ATAGACCGTTACGCGC-1,-0.04124556527711742
PB,MS,MS,7,ATTGGACTCAGCCTAA-1,0.41557369808901556
PB,MS,MS,7,CAACCAAGTTCCACAA-1,-0.29997119987097626
PB,MS,MS,7,CAACTAGTCCTTTCTC-1,-0.036416104412459405
PB,MS,MS,7,CATTCGCGTCCTCTTG-1,0.7296811932938437
PB,MS,MS,7,CCAGCGAAGGATGGTC-1,0.30650567639742093
PB,MS,MS,7,CCAGCGACATGTAAGA-1,-0.09521053329317167
PB,MS,MS,7,CCGGTAGGTTACGTCA-1,0.3049893369528846
PB,MS,MS,7,CCGTACTAGCGTTCCG-1,0.17212514103195306
PB,MS,MS,7,CCTACACCAATAAGCA-1,-0.16367508825819313
PB,MS,MS,7,CCTACCAAGCGTTCCG-1,1.0095079425572622
PB,MS,MS,7,CCTTACGGTCGGATCC-1,1.1441174241086738
PB,MS,MS,7,CGACCTTTCCGGGTGT-1,-0.15294283321521612
PB,MS,MS,7,CGATTGATCGACGGAA-1,-0.29997119987097626
PB,MS,MS,7,CGGACACAGATGTTAG-1,0.4152977168113351
PB,MS,MS,7,CGGACACAGCTCCTTC-1,0.6458494473746962
PB,MS,MS,7,CGGACTGCAAGTACCT-1-2,0.4570800329491762
PB,MS,MS,7,CGGGTCAGTTATCACG-1,-0.29997119987097626
PB,MS,MS,7,CGTCTACAGTGACATA-1,0.34718032501352114
PB,MS,MS,7,CTAGCCTTCCGTTGCT-1,0.4407558005955578
PB,MS,MS,7,CTCGGAGTCCGCGCAA-1,0.03690523033371128
PB,MS,MS,7,CTCTACGCATGTAAGA-1,-0.1493938721735326
PB,MS,MS,7,CTCTGGTCACAGAGGT-1,-0.1816689124739825
PB,MS,MS,7,CTGAAGTGTTTCCACC-1,0.19901916898654756
PB,MS,MS,7,CTGCGGAAGGTGTGGT-1,1.3208432747732706
PB,MS,MS,7,CTGGTCTTCTGCAGTA-1,0.29577529419958604
PB,MS,MS,7,CTGTGCTCAGCTGCAC-1,0.22637380661667125
PB,MS,MS,7,CTTAACTAGATGTGTA-1,-0.29997119987097626
PB,MS,MS,7,GAACATCTCTACCTGC-1,0.09097920001086278
PB,MS,MS,7,GAATGAACATGAAGTA-1,0.4437171831837377
PB,MS,MS,7,GACCTGGAGGAATCGC-1,0.09431160083072725
PB,MS,MS,7,GACTGCGAGTACGCCC-1,0.2083605215116835
PB,MS,MS,7,GATCAGTGTCACCCAG-1,-0.1477992899522166
PB,MS,MS,7,GATTCAGCATTAACCG-1,0.1104644219842443
PB,MS,MS,7,GCAATCAAGGAGTTGC-1,-0.29997119987097626
PB,MS,MS,7,GCAGTTACAGCCTATA-1,-0.10384157524744989
PB,MS,MS,7,GCATACAAGCGACGTA-1,-0.027462402475125488
PB,MS,MS,7,GCATACAAGGCTCATT-1,-0.29997119987097626
PB,MS,MS,7,GCATGCGTCGCCTGTT-1,0.5317257590983023
PB,MS,MS,7,GCCTCTACAGTATCTG-1,-0.2120510347838365
PB,MS,MS,7,GCGAGAATCCTTCAAT-1,-0.05893524614189307
PB,MS,MS,7,GCGCAGTAGATGCCTT-1,-0.29997119987097626
PB,MS,MS,7,GCGCAGTCATCGATTG-1,0.5208743517576839
PB,MS,MS,7,GCGCGATTCTGGAGCC-1,0.19166052634580535
PB,MS,MS,7,GCTTGAACACATGTGT-1,0.05359324471507417
PB,MS,MS,7,GGACAAGCACTTACGA-1,-0.13259936450895893
PB,MS,MS,7,GGACGTCGTTCCACAA-1,-0.29997119987097626
PB,MS,MS,7,GGATTACCATTGCGGC-1,-0.1871451904460761
PB,MS,MS,7,GGCCGATGTGTCGCTG-1,-0.09209109445507495
PB,MS,MS,7,GGCTGGTTCTAAGCCA-1-1,0.7549516428543209
PB,MS,MS,7,GGGAGATCACAGGCCT-1,0.039806770089511154
PB,MS,MS,7,GTACTTTCAGACTCGC-1,-0.09891207557576119
PB,MS,MS,7,GTCATTTGTTCAGTAC-1,-0.29997119987097626
PB,MS,MS,7,GTCCTCACAACGCACC-1,0.1877388202693354
PB,MS,MS,7,GTCGGGTCATCGTCGG-1,-0.10238959096708602
PB,MS,MS,7,GTGAAGGGTTAGATGA-1,0.39160889096638174
PB,MS,MS,7,GTGAAGGTCGAATGCT-1,0.07767445919405462
PB,MS,MS,7,GTGCTTCCAGGACCCT-1,0.29244843225536366
PB,MS,MS,7,GTTAAGCCATGCATGT-1,0.36387133839739266
PB,MS,MS,7,GTTCGGGAGGAATCGC-1,0.6366432752591197
PB,MS,MS,7,TACCTATTCACAATGC-1,0.6254363292565931
PB,MS,MS,7,TACCTTATCGCTTGTC-1,-0.29997119987097626
PB,MS,MS,7,TACGGATGTGACAAAT-1,-0.16597609693358134
PB,MS,MS,7,TATTACCCAATGGATA-1,-0.18544301519675171
PB,MS,MS,7,TCAACGAGTAATCACC-1,0.3989536008970526
PB,MS,MS,7,TCCACACTCTCGCTTG-1,0.1828370879749111
PB,MS,MS,7,TCGGTAATCAACGCTA-1,0.511639125597208
PB,MS,MS,7,TCGGTAATCATTGCGA-1,0.5651234172573626
PB,MS,MS,7,TCTATTGTCTGCGACG-1,0.34919237064656866
PB,MS,MS,7,TCTGGAACAAGTTGTC-1,0.4599680456170216
PB,MS,MS,7,TCTTCGGCAAAGTGCG-1,-0.06497032153126858
PB,MS,MS,7,TGAGCATGTTAAGGGC-1,-0.29997119987097626
PB,MS,MS,7,TGATTTCGTACTTGAC-1,1.2994877647781018
PB,MS,MS,7,TGCACCTAGAGTAAGG-1,-0.19840458401000075
PB,MS,MS,7,TGCACCTTCAATCTCT-1,-0.09588094840659646
PB,MS,MS,7,TGCGGGTCATCCCACT-1,0.07423649398503772
PB,MS,MS,7,TGGTTAGTCACCTCGT-1,-0.03143697640122253
PB,MS,MS,7,TGTATTCGTGCACTTA-1,0.52751389654337
PB,MS,MS,7,TGTGGTAAGGCTCTTA-1,0.32873685198302693
PB,MS,MS,7,TTAGGCAGTCACAAGG-1,0.21657005674756494
PB,MS,MS,7,TTAGTTCGTCAGCTAT-1,1.370662015097413
PB,MS,MS,7,TTATGCTCATCAGTAC-1,-0.12541904780042523
PB,MS,MS,7,TTGAACGGTTCTCATT-1,-0.10612626403486794
PB,MS,MS,7,TTGGAACCAGGAATGC-1,-0.07501275840417497
PB,MS,MS,7,TTGGAACGTCACTGGC-1,0.09706582241792568
PB,MS,MS,7,TTGGCAAGTCATGCCG-1,-0.29997119987097626
PB,MS,MS,7,TTTGGTTTCAGTCAGT-1,0.0927804800463655
PB,MS,MS,8,AACACGTCATCGGAAG-1,-0.29997119987097626
PB,MS,MS,8,AACCATGGTCGAGATG-1,-0.29997119987097626
PB,MS,MS,8,AAGACCTGTACATGTC-1,-0.11213897659363571
PB,MS,MS,8,AAGGTTCAGTGTACGG-1,-0.29997119987097626
PB,MS,MS,8,AAGGTTCAGTTCGATC-1,-0.004082270235323958
PB,MS,MS,8,AAGGTTCCAAAGGAAG-1,0.11191610103999136
PB,MS,MS,8,AAGTCTGAGCTTATCG-1,0.3571590539672346
PB,MS,MS,8,ACACTGATCGTGGGAA-1,0.010761428719372182
PB,MS,MS,8,ACCGTAAAGTGGCACA-1,0.13366933445022064
PB,MS,MS,8,ACCTTTACAATCCAAC-1,0.4341582771325898
PB,MS,MS,8,ACGCAGCAGCAAATCA-1,0.47070136602226487
PB,MS,MS,8,ACGCCAGTCTTCCTTC-1,-0.10882338780891053
PB,MS,MS,8,ACTGTCCGTCGAACAG-1,-0.15575482292397175
PB,MS,MS,8,AGAGCGATCATATCGG-1,-0.14620400389662808
PB,MS,MS,8,AGAGCTTCATCCTTGC-1,0.23480193888539588
PB,MS,MS,8,AGCGTATTCTACTATC-1,-0.17159675078043726
PB,MS,MS,8,AGCTCTCCATGGGACA-1,-0.017110819056216513
PB,MS,MS,8,AGGCCGTGTGTTGGGA-1,0.26853121557794807
PB,MS,MS,8,ATCTGCCTCACTCCTG-1,-0.16311909801968022
PB,MS,MS,8,CAAGATCTCCATGAAC-1,-0.11081411700009637
PB,MS,MS,8,CACACTCTCCGCTGTT-1,0.047711580709464525
PB,MS,MS,8,CACCTTGAGCTGCGAA-1,-0.29997119987097626
PB,MS,MS,8,CATGACAGTGTCAATC-1,0.3869205850969401
PB,MS,MS,8,CCATGTCGTGCCTGCA-1,0.8466434292767981
PB,MS,MS,8,CCCAGTTCAATGGACG-1,-0.08776715426745484
PB,MS,MS,8,CCCAGTTTCTGGTGTA-1,0.5632511509651025
PB,MS,MS,8,CGAGAAGCAGACAGGT-1,-0.17476435109120622
PB,MS,MS,8,CGCTGGATCTGAGGGA-1,0.2016441616046521
PB,MS,MS,8,CGGACTGTCCGCAAGC-1,0.4246858571810575
PB,MS,MS,8,CGTAGGCAGAGATGAG-1,-0.29997119987097626
PB,MS,MS,8,CGTGTCTTCTTCAACT-1,-0.29997119987097626
PB,MS,MS,8,CTAGCCTGTTTCCACC-1,0.4884274978216278
PB,MS,MS,8,CTCATTATCCTTTCTC-1,0.09604846782247427
PB,MS,MS,8,CTCGAAATCTCAAGTG-1,0.13565698136742396
PB,MS,MS,8,CTCTAATGTGGTCCGT-1,0.03496634809469116
PB,MS,MS,8,CTCTGGTAGGGTTTCT-1,-0.14320618330221566
PB,MS,MS,8,CTGAAGTGTACAGTGG-1,-0.1752721802442085
PB,MS,MS,8,CTGGTCTGTATAGTAG-1,0.1643776927992231
PB,MS,MS,8,CTGTGCTGTTCCACAA-1,-0.0631035979623155
PB,MS,MS,8,GAACATCCAATCGGTT-1,-0.11993743785402831
PB,MS,MS,8,GACACGCCACCACGTG-1,0.008765195925875626
PB,MS,MS,8,GATCAGTTCCCAAGAT-1,0.2028593798773064
PB,MS,MS,8,GCAATCAGTTACCAGT-1,-0.16316745119429982
PB,MS,MS,8,GCAGTTATCGGATGGA-1,-0.29997119987097626
PB,MS,MS,8,GGACAAGAGGCGACAT-1,0.3234435516294646
PB,MS,MS,8,GGCGACTAGGGAAACA-1,-0.29997119987097626
PB,MS,MS,8,GGCTGGTTCGCATGAT-1,-0.29997119987097626
PB,MS,MS,8,GGGAATGAGACAGACC-1,0.6285821379667688
PB,MS,MS,8,GTAACTGAGCTCCTTC-1,-0.29997119987097626
PB,MS,MS,8,GTACTTTAGTACGATA-1,-0.1484264083830526
PB,MS,MS,8,GTATCTTGTAAGGGCT-1,-0.0006657795377995601
PB,MS,MS,8,GTCACAAGTTCCAACA-1,0.013852845217179641
PB,MS,MS,8,GTCACGGTCACGCATA-1,-0.14135737594153783
PB,MS,MS,8,GTCATTTCAATACGCT-1,0.14263443847851612
PB,MS,MS,8,GTCGTAATCCGCGTTT-1,-0.29997119987097626
PB,MS,MS,8,GTTTCTAAGCCACGCT-1,-0.29997119987097626
PB,MS,MS,8,TACACGACAATCGGTT-1,-0.06268349530219844
PB,MS,MS,8,TACGGGCAGCCACTAT-1,0.38033558664266837
PB,MS,MS,8,TATGCCCAGCCACGCT-1,0.14983309193106495
PB,MS,MS,8,TCAACGAAGAAGGTTT-1,-0.29997119987097626
PB,MS,MS,8,TCACGAAGTACTTAGC-1,-0.29997119987097626
PB,MS,MS,8,TCAGCAAAGTTTCCTT-1,-0.29997119987097626
PB,MS,MS,8,TCAGCTCAGGGCTTGA-1,0.18212020090074402
PB,MS,MS,8,TCAGGTAAGAGACTTA-1,-0.08278443011525265
PB,MS,MS,8,TCAGGTAGTGATGATA-1,-0.1545059656829056
PB,MS,MS,8,TCTTTCCAGTACGATA-1,-0.12428488597680294
PB,MS,MS,8,TGAGAGGAGACGACGT-1,-0.29997119987097626
PB,MS,MS,8,TGATTTCTCAAGCCTA-1,0.05572286995909759
PB,MS,MS,8,TGCTGCTCAAAGCGGT-1,0.1632857338920772
PB,MS,MS,8,TGGGAAGAGTGCTGCC-1,-0.29997119987097626
PB,MS,MS,8,TTAGGACAGTACTTGC-1,-0.29997119987097626
PB,MS,MS,8,TTAGGACAGTAGCGGT-1,-0.29997119987097626
PB,MS,MS,8,TTGACTTCACATGGGA-1,0.42713125918608774
PB,MS,MS,9,AAACCTGAGGAGTAGA-1,-0.29997119987097626
PB,MS,MS,9,ACACCAAAGCAGATCG-1,-0.29997119987097626
PB,MS,MS,9,ACGCCGACACAGGAGT-1,0.6619899260685662
PB,MS,MS,9,CGCTTCATCCGAGCCA-1,0.3883546336089509
PB,MS,MS,9,CGTGAGCGTCCAACTA-1,-0.045310535725846604
PB,MS,MS,9,CTCTGGTTCGTACGGC-1,-0.29997119987097626
PB,MS,MS,9,CTGAAACGTCTAGTCA-1,-0.10223312988100426
PB,MS,MS,9,CTGCCTAAGCGCTTAT-1,0.002881774725276985
PB,MS,MS,9,CTTAACTCAATTGCTG-1,-0.07484566352536555
PB,MS,MS,9,CTTGGCTCAGCCTGTG-1,0.307982291596148
PB,MS,MS,9,GACAGAGTCCCAGGTG-1,0.19457819656267425
PB,MS,MS,9,GACGTTATCATGTCCC-1,0.11626484144996074
PB,MS,MS,9,GATGAAACAGCCTATA-1,-0.29997119987097626
PB,MS,MS,9,GCTGCAGTCGCCATAA-1,0.32455950131194494
PB,MS,MS,9,GCTGCGAGTCAGAAGC-1,-0.15952168249742862
PB,MS,MS,9,GGAAAGCTCACGACTA-1,0.004721462278861198
PB,MS,MS,9,GGCGACTCATAACCTG-1,0.5740185784283799
PB,MS,MS,9,GGCTCGAAGGCCATAG-1,-0.039826509296729276
PB,MS,MS,9,GTCTTCGGTTGAGGTG-1,0.29170124882904097
PB,MS,MS,9,GTGTTAGCATTAACCG-1,-0.29997119987097626
PB,MS,MS,9,GTTACAGAGTAGTGCG-1,0.28427324735948567
PB,MS,MS,9,TCAACGAGTGGCGAAT-1,0.31193127364850654
PB,MS,MS,9,TCCCGATGTAGAGCTG-1,-0.02641560691911123
PB,MS,MS,9,TCGAGGCCACAGCCCA-1,-0.06641695234308924
PB,MS,MS,9,TGGCGCAGTTAAGTAG-1,-0.10477502809124813
PB,MS,MS,9,TTCCCAGCACATGACT-1,-0.042047232501202444
PB,MS,MS,10,AAACCTGGTGAGGCTA-1,-0.17105421780038985
PB,MS,MS,10,AAACGGGAGGCATGGT-1,-0.11756161455773513
PB,MS,MS,10,AAACGGGTCGGTTCGG-1,-0.1314462043757509
PB,MS,MS,10,AAAGATGCACGAAGCA-1,-0.15544996474514838
PB,MS,MS,10,AAATGCCTCTGGCGTG-1,0.4754011588787657
PB,MS,MS,10,AACACGTCAAACTGCT-1,-0.20524676406233192
PB,MS,MS,10,AACACGTGTAAACCTC-1,0.02310598563247168
PB,MS,MS,10,AACTTTCGTAGAGCTG-1,0.09793698904996724
PB,MS,MS,10,AAGACCTGTTATCCGA-1,0.3028339494599271
PB,MS,MS,10,AAGGAGCCATTCTCAT-1,-0.09856320306257513
PB,MS,MS,10,ACACCAAGTCGGCACT-1,-0.19642689951976092
PB,MS,MS,10,ACACCGGAGGCATGTG-1,-0.11382225042430903
PB,MS,MS,10,ACACCGGAGGTAGCCA-1,-0.29997119987097626
PB,MS,MS,10,ACCGTAATCCAGTAGT-1,0.680180460553227
PB,MS,MS,10,ACGAGGACATGTCCTC-1,0.48608567671138847
PB,MS,MS,10,ACGATGTGTAGCCTCG-1,0.07855475195819185
PB,MS,MS,10,ACGCAGCGTTGGTGGA-1,-0.18200464064882496
PB,MS,MS,10,ACGCAGCTCGAGAGCA-1,0.04903719711298725
PB,MS,MS,10,ACGCCAGTCAGTCCCT-1,-0.052802389011986625
PB,MS,MS,10,ACGGGTCCACCACCAG-1,0.48646573734338616
PB,MS,MS,10,ACGTCAAGTGTGTGCC-1,-0.1126301389051623
PB,MS,MS,10,ACTGAACGTTCCGGCA-1,-0.29997119987097626
PB,MS,MS,10,ACTTTCAAGGTGCTAG-1,0.7470422456416186
PB,MS,MS,10,ACTTTCAAGGTGCTTT-1,0.09763692193192815
PB,MS,MS,10,AGATTGCAGACTGTAA-1,-0.1285059354962579
PB,MS,MS,10,AGCAGCCAGACGACGT-1,-0.29997119987097626
PB,MS,MS,10,AGCATACGTGTCGCTG-1,0.41273833403403276
PB,MS,MS,10,AGGGAGTGTCGAACAG-1,-0.29997119987097626
PB,MS,MS,10,AGGGATGAGACTGGGT-1,-0.29997119987097626
PB,MS,MS,10,AGGGATGTCAGAGGTG-1,0.15007446537400354
PB,MS,MS,10,AGGGTGATCGCAGGCT-1,0.038646508929845634
PB,MS,MS,10,AGGTCATGTGTCAATC-1,0.3404100714833236
PB,MS,MS,10,AGTAGTCGTTCATGGT-1,-0.20763409669944186
PB,MS,MS,10,AGTCTTTCACGGCTAC-1,-0.29997119987097626
PB,MS,MS,10,AGTGAGGTCTAACTCT-1,0.24496093376958467
PB,MS,MS,10,AGTGTCACAAGCCGTC-1,-0.17724039472693312
PB,MS,MS,10,ATAACGCGTAACGTTC-1,0.32253684202282773
PB,MS,MS,10,ATCATGGCAACTGCGC-1,0.11886221116282107
PB,MS,MS,10,ATCCACCAGGCTATCT-1,-0.29997119987097626
PB,MS,MS,10,ATCGAGTCAGCCTGTG-1,-0.29997119987097626
PB,MS,MS,10,ATCGAGTGTGACAAAT-1-1,-0.29997119987097626
PB,MS,MS,10,ATCTGCCCAAACAACA-1,0.5913047516106776
PB,MS,MS,10,ATGAGGGCAGGGCATA-1,0.04462862692738662
PB,MS,MS,10,ATGCGATGTGCCTGGT-1,0.2977080349342754
PB,MS,MS,10,ATGGGAGGTAGCTTGT-1,-0.07831095859755029
PB,MS,MS,10,ATTCTACGTGGTTTCA-1,0.697916045556351
PB,MS,MS,10,ATTGGTGAGGCTCTTA-1,0.1222641615314858
PB,MS,MS,10,ATTGGTGTCGTTACAG-1,0.09380142164631286
PB,MS,MS,10,CAACCTCGTAGCTGCC-1,-0.10857941310057735
PB,MS,MS,10,CAAGGCCAGTAGGCCA-1,0.7187638611349231
PB,MS,MS,10,CAAGGCCCACTTCTGC-1,-0.03709800658462837
PB,MS,MS,10,CACACCTGTTGTTTGG-1,0.02122428855580519
PB,MS,MS,10,CACAGTATCCGCGTTT-1,-0.29997119987097626
PB,MS,MS,10,CACCACTAGCGATGAC-1,0.23032046439722062
PB,MS,MS,10,CACCTTGTCGTATCAG-1,-0.024031632544389735
PB,MS,MS,10,CACTCCAAGGAGTTGC-1,0.21405662042951223
PB,MS,MS,10,CACTCCATCCTAGGGC-1,0.8197688093751233
PB,MS,MS,10,CAGAGAGAGTGTCTCA-1,-0.29997119987097626
PB,MS,MS,10,CAGCAGCGTTCAGCGC-1-1,0.6652584841409445
PB,MS,MS,10,CAGCAGCTCCGTAGTA-1,0.32042951206188747
PB,MS,MS,10,CAGCCGAGTCAGCTAT-1,0.2760803221608331
PB,MS,MS,10,CAGCTAAGTAGTACCT-1,-0.29997119987097626
PB,MS,MS,10,CAGGTGCTCGGTTAAC-1,0.09658673133758806
PB,MS,MS,10,CATCAAGCAATACGCT-1-1,-0.06895946167841085
PB,MS,MS,10,CATCAGAAGTCAAGGC-1,0.24324039177400145
PB,MS,MS,10,CATGCCTGTCAGATAA-1,0.12757561855221547
PB,MS,MS,10,CATTCGCGTGTTGAGG-1,-0.029562758387148856
PB,MS,MS,10,CCAATCCGTCCAGTGC-1,-0.11904478416296434
PB,MS,MS,10,CCACCTAGTCCGACGT-1,0.05693867700100857
PB,MS,MS,10,CCACCTAGTTTGGGCC-1,-0.29997119987097626
PB,MS,MS,10,CCCTCCTCAGTTCCCT-1,0.16464460650998652
PB,MS,MS,10,CCTAGCTGTGGTTTCA-1,0.1321839419291082
PB,MS,MS,10,CGACCTTGTCTCATCC-1,-0.043456636012295644
PB,MS,MS,10,CGACTTCGTCAACTGT-1,-0.027426261270513907
PB,MS,MS,10,CGATGGCCAAGCGCTC-1,-0.18355911659777005
PB,MS,MS,10,CGATGGCTCACTCCTG-1,-0.09397104057686374
PB,MS,MS,10,CGCTATCCAGTGAGTG-1,0.23131481815400393
PB,MS,MS,10,CGGACACTCCGCGGTA-1,-0.10270018408828206
PB,MS,MS,10,CGTCCATAGGTGCAAC-1,0.4513785445755022
PB,MS,MS,10,CGTGTCTGTGACGCCT-1,0.1699802578168653
PB,MS,MS,10,CGTTCTGGTCTAGCGC-1,0.1637886334436672
PB,MS,MS,10,CTAATGGTCTGATACG-1,-0.12968589268498318
PB,MS,MS,10,CTACACCCACCCAGTG-1,0.1144344893894291
PB,MS,MS,10,CTACGTCTCACGAAGG-1,0.03305809936922789
PB,MS,MS,10,CTAGAGTAGATAGCAT-1,-0.11146760299018107
PB,MS,MS,10,CTAGCCTCATGTCGAT-1,-0.10010697460736837
PB,MS,MS,10,CTCACACCACATGTGT-1,0.19677732751419094
PB,MS,MS,10,CTCAGAAGTACAGCAG-1,-0.29997119987097626
PB,MS,MS,10,CTCGAAAGTAGTACCT-1,-0.004218169560880137
PB,MS,MS,10,CTCTGGTAGTTTGCGT-1,0.17204223287591516
PB,MS,MS,10,CTGATCCCAAGCCATT-1,0.013675941629855002
PB,MS,MS,10,GAAATGATCACGCGGT-1,0.5518564398186322
PB,MS,MS,10,GAACCTAAGCACACAG-1,-0.29997119987097626
PB,MS,MS,10,GAACCTATCCCAGGTG-1,-0.29997119987097626
PB,MS,MS,10,GAATAAGTCGTGGACC-1,-0.29997119987097626
PB,MS,MS,10,GACCTGGCAAGACGTG-1,-0.2022085266326879
PB,MS,MS,10,GACGTGCAGTGAACGC-1,0.42781947228565925
PB,MS,MS,10,GACGTTAAGCGTCAAG-1,0.022076921471175587
PB,MS,MS,10,GATCGATAGCGTCAAG-1,0.3870899125548207
PB,MS,MS,10,GATTCAGGTAAAGTCA-1,0.17673725132080612
PB,MS,MS,10,GCAAACTCAAGTCTGT-1,0.41402678665876425
PB,MS,MS,10,GCAATCACAGAAGCAC-1,0.17132452312362384
PB,MS,MS,10,GCAGCCAAGGATGGAA-1,0.18088879017030957
PB,MS,MS,10,GCATGATCATCCCACT-1,0.3366167937787902
PB,MS,MS,10,GCGACCAAGGCCGAAT-1,-0.29997119987097626
PB,MS,MS,10,GCGAGAAGTTATCACG-1,-0.21485099252562453
PB,MS,MS,10,GCGAGAATCATGCTCC-1,-0.29997119987097626
PB,MS,MS,10,GCGCAGTAGCTGTCTA-1,0.3306653957112609
PB,MS,MS,10,GCGCAGTTCAACTCTT-1,-0.13786485357836328
PB,MS,MS,10,GCTGCAGGTCCGAATT-1,-0.29997119987097626
PB,MS,MS,10,GCTGCAGGTCTCCCTA-1,0.3890292018159026
PB,MS,MS,10,GCTGCGAGTCAGAATA-1,0.061000170865821
PB,MS,MS,10,GCTTCCAAGATGCGAC-1,0.25319842311356305
PB,MS,MS,10,GCTTGAATCGTCACGG-1,0.1103161752101763
PB,MS,MS,10,GGCTCGACAACCGCCA-1,0.5593415323565093
PB,MS,MS,10,GGGAATGCACGTCAGC-1,-0.17155816753199665
PB,MS,MS,10,GGGAGATCATAGGATA-1,0.27831876981071785
PB,MS,MS,10,GGGCACTCAAGTAGTA-1,0.5680510542215941
PB,MS,MS,10,GGGCATCAGTGTCCCG-1,-0.041924048994475875
PB,MS,MS,10,GGGTTGCAGAAGGGTA-1,0.14159711545216294
PB,MS,MS,10,GGTGCGTAGCTGCAAG-1,0.18024057224301307
PB,MS,MS,10,GTAACGTAGCTGTCTA-1,-0.20835408912063236
PB,MS,MS,10,GTAACTGGTTTAAGCC-1,-0.19728467745886244
PB,MS,MS,10,GTCCTCACAAGGACTG-1,-0.05811310810657488
PB,MS,MS,10,GTCGTAACACAAGCCC-1,-0.16629580859105067
PB,MS,MS,10,GTCTCGTGTATTACCG-1,0.21634922365420542
PB,MS,MS,10,GTGCAGCAGGCAAAGA-1,0.06917309984050252
PB,MS,MS,10,GTGTTAGTCTAACCGA-1,0.4739614245281793
PB,MS,MS,10,GTTACAGAGCTGCGAA-1,0.7506453428666092
PB,MS,MS,10,GTTCATTCACGGCTAC-1,-0.29997119987097626
PB,MS,MS,10,GTTCTCGAGCGCTTAT-1,-0.026194195329599313
PB,MS,MS,10,GTTCTCGCATGGTAGG-1,-0.16641202714862577
PB,MS,MS,10,GTTTCTAGTCGTTGTA-1,-0.29997119987097626
PB,MS,MS,10,TAAGAGAAGGAGTTGC-1,-0.29997119987097626
PB,MS,MS,10,TACCTATAGATGTCGG-1,-0.16517453860470038
PB,MS,MS,10,TACGGGCTCTGCGTAA-1,0.08836206015812229
PB,MS,MS,10,TAGCCGGTCTTCCTTC-1,0.1791956323207497
PB,MS,MS,10,TAGGCATAGGCATTGG-1,-0.29997119987097626
PB,MS,MS,10,TATCAGGTCTCCGGTT-1,0.7101961837282375
PB,MS,MS,10,TATGCCCAGTGGACGT-1,0.12433422106898175
PB,MS,MS,10,TATTACCGTTAAGACA-1,1.4311011069730368
PB,MS,MS,10,TCAACGAGTAAGAGAG-1,0.21274003184491835
PB,MS,MS,10,TCACGAAGTTGCCTCT-1,0.14853361009651675
PB,MS,MS,10,TCAGATGAGGGATGGG-1,-0.2049888406648539
PB,MS,MS,10,TCAGCTCAGGTGATAT-1,-0.29997119987097626
PB,MS,MS,10,TCATTACGTCTCTTTA-1,0.0031653617395658146
PB,MS,MS,10,TCGAGGCAGCGTTCCG-1,0.8348015287152812
PB,MS,MS,10,TCGGTAACAATGTTGC-1,0.18255732980315648
PB,MS,MS,10,TCTCATACAATCCGAT-1,-0.15234467087368928
PB,MS,MS,10,TCTCATAGTGAGGGAG-1,0.04528263472138333
PB,MS,MS,10,TGACAACCACGGACAA-1,-0.054708379655866876
PB,MS,MS,10,TGACTAGAGTTAAGTG-1,-0.29997119987097626
PB,MS,MS,10,TGACTAGCAGATCTGT-1,0.16014599109779631
PB,MS,MS,10,TGATTTCAGACAAAGG-1,0.2894049444878714
PB,MS,MS,10,TGATTTCTCAACGGGA-1,0.16577148262903693
PB,MS,MS,10,TGGACGCTCTCACATT-1,-0.10485983805461209
PB,MS,MS,10,TGGCGCATCAGCGATT-1,0.2829153936820363
PB,MS,MS,10,TGGCTGGAGAGGTACC-1,0.023443437036353813
PB,MS,MS,10,TGGGCGTTCTGCTTGC-1,0.09002384977464852
PB,MS,MS,10,TGGTTAGAGAATTGTG-1,0.4938515119112612
PB,MS,MS,10,TGGTTAGAGTGTTGAA-1,0.6605612857411396
PB,MS,MS,10,TGGTTAGCAAAGGTGC-1,0.1172612189174324
PB,MS,MS,10,TGTATTCAGGGATACC-1,-0.038449967254819736
PB,MS,MS,10,TTAACTCTCCTGTACC-1,-0.09044945048475077
PB,MS,MS,10,TTAGGACAGGTGATTA-1,-0.29997119987097626
PB,MS,MS,10,TTAGGCATCGTAGGAG-1,0.6048704217939757
PB,MS,MS,10,TTCGGTCCAAGGTTCT-1,0.32753980027447893
PB,MS,MS,10,TTCTCAAGTCCGAGTC-1,-0.11710662253622232
PB,MS,MS,10,TTCTCCTCACAGGAGT-1,1.0251236273943927
PB,MS,MS,10,TTCTCCTTCCTGCAGG-1,-0.29997119987097626
PB,MS,MS,10,TTCTTAGAGGCATGGT-1,-0.24914493548968217
PB,MS,MS,10,TTGGAACTCATCACCC-1,-0.29997119987097626
PB,MS,MS,10,TTGGCAAGTCTAGCGC-1,0.5061302212043337
PB,MS,MS,10,TTTATGCAGGGAAACA-1,0.5967338075294759
PB,MS,MS,10,TTTATGCGTATCGCAT-1,-0.29997119987097626
PB,MS,MS,10,TTTCCTCGTAAGAGGA-1,0.1756388974568543
PB,MS,MS,10,TTTGCGCCAAACTGCT-1,0.4609638789145477
PB,MS,MS,10,TTTGCGCTCTTGTTTG-1,-0.12614726635874687
PB,MS,MS,16,AAACCTGTCTTCAACT-1,0.16623443851546438
PB,MS,MS,16,AAACGGGGTTCATGGT-1,0.888773474213296
PB,MS,MS,16,AAAGCAATCCGGCACA-1,0.5883497198484688
PB,MS,MS,16,AAAGTAGAGCTGAAAT-1,0.010536421648949032
PB,MS,MS,16,AAAGTAGTCTATCCTA-1,0.023626460694913143
PB,MS,MS,16,AACCGCGAGCGCCTTG-1,-0.18476723405403075
PB,MS,MS,16,AACCGCGTCGAGGTAG-1,0.16498845205140497
PB,MS,MS,16,AACGTTGGTGGTCCGT-1,0.25431285658748354
PB,MS,MS,16,AACTCAGCACCTTGTC-1,0.20056082525097235
PB,MS,MS,16,AAGACCTGTTACCAGT-1,0.4546748276676869
PB,MS,MS,16,AAGGAGCTCTTGGGTA-1-1,0.728842647755254
PB,MS,MS,16,AAGGCAGGTAAACGCG-1,0.33623597760878726
PB,MS,MS,16,AAGGTTCCACCCATGG-1,0.033683555780637045
PB,MS,MS,16,AAGTCTGCACTATCTT-1,0.038534954190870226
PB,MS,MS,16,AATCCAGGTTCGCTAA-1,0.22021558324496035
PB,MS,MS,16,AATCGGTTCTTGAGAC-1,0.11719468391654196
PB,MS,MS,16,ACACCAAGTCGAGTTT-1,0.0888292137446962
PB,MS,MS,16,ACACCAAGTTCCATGA-1,0.10153919000409117
PB,MS,MS,16,ACACCGGAGTGCGATG-1,0.3034533093058472
PB,MS,MS,16,ACACCGGCAAAGCAAT-1,0.22791132397671737
PB,MS,MS,16,ACACCGGCATCCGTGG-1,0.5410378579231929
PB,MS,MS,16,ACACTGAGTAAGTGTA-1,0.12536302313198622
PB,MS,MS,16,ACAGCCGTCGCGGATC-1,0.49382778811190925
PB,MS,MS,16,ACAGCTATCTTCGGTC-1,0.31045005587433966
PB,MS,MS,16,ACATACGAGAAACCTA-1,-0.09200770244631727
PB,MS,MS,16,ACATCAGGTTATGCGT-1,0.2211349166513344
PB,MS,MS,16,ACATGGTGTAAAGTCA-1,1.3770108415212259
PB,MS,MS,16,ACATGGTGTTTAAGCC-1,0.42376787851628445
PB,MS,MS,16,ACCTTTAAGAGTAATC-1,0.035243913240248455
PB,MS,MS,16,ACCTTTAAGTCAAGCG-1,0.28985522850820816
PB,MS,MS,16,ACCTTTAGTAGCTGCC-1,0.7920422400597907
PB,MS,MS,16,ACGAGCCCAATCAGAA-1,0.5535296619679559
PB,MS,MS,16,ACGAGCCTCACTATTC-1,-0.17817283885798973
PB,MS,MS,16,ACGATGTTCGCAGGCT-1,0.08880731258150339
PB,MS,MS,16,ACGCAGCAGCTGATAA-1,0.7812566749058382
PB,MS,MS,16,ACGCCAGAGATGTGGC-1,0.028778405756687348
PB,MS,MS,16,ACGCCAGTCGACGGAA-1,0.41824772636834606
PB,MS,MS,16,ACGCCGAAGCTAGTGG-1,0.9532672748134853
PB,MS,MS,16,ACGCCGATCTTGAGGT-1,0.12230275391863972
PB,MS,MS,16,ACGGAGAAGATGCGAC-1,0.2843704206416357
PB,MS,MS,16,ACGGAGATCAGGCAAG-1,-0.09290436264088224
PB,MS,MS,16,ACGGCCACACCGAAAG-1,-0.008226964357315814
PB,MS,MS,16,ACGTCAATCTTCGGTC-1,0.55857701255892
PB,MS,MS,16,ACTATCTAGAATTGTG-1,-0.058119948370518607
PB,MS,MS,16,ACTGAACCACAGAGGT-1,-0.08337253666563316
PB,MS,MS,16,ACTGATGGTCTGCAAT-1,0.3222903533312283
PB,MS,MS,16,ACTTGTTGTTATGCGT-1,0.00720248248397131
PB,MS,MS,16,ACTTTCATCAGCACAT-1,0.518280658914608
PB,MS,MS,16,AGAATAGAGTACTTGC-1,-0.027496356088341053
PB,MS,MS,16,AGAATAGCATCACGAT-1,0.1891567617014937
PB,MS,MS,16,AGAATAGGTACGCTGC-1,1.2160721763874573
PB,MS,MS,16,AGAGCGACACTGTGTA-1,-0.18885675667306695
PB,MS,MS,16,AGAGCGAGTTCGGGCT-1,-0.09682173484862647
PB,MS,MS,16,AGAGCGATCTCGGACG-1,-0.16926519574840174
PB,MS,MS,16,AGAGCTTTCTTCAACT-1,-0.0890006511533615
PB,MS,MS,16,AGATCTGAGAAAGTGG-1,-0.20686213183284458
PB,MS,MS,16,AGCATACAGGGTATCG-1,-0.29997119987097626
PB,MS,MS,16,AGCATACGTTCCCGAG-1,0.2982218371339963
PB,MS,MS,16,AGCATACTCTTGAGAC-1,0.20818195392919928
PB,MS,MS,16,AGCCTAACAGTATGCT-1,0.7416533451853097
PB,MS,MS,16,AGCCTAACATCTCCCA-1,0.41859756020152833
PB,MS,MS,16,AGCGGTCCATGGATGG-1,0.02873980353329299
PB,MS,MS,16,AGCGGTCGTCTTCAAG-1,0.8322536800395935
PB,MS,MS,16,AGCGGTCGTGTGCCTG-1-1,-0.14359747152768282
PB,MS,MS,16,AGCGTATGTCGAGATG-1,0.7077419161628511
PB,MS,MS,16,AGCGTATTCAACGCTA-1,0.16964673571030175
PB,MS,MS,16,AGCTCTCGTGACGCCT-1,-0.18470673383275177
PB,MS,MS,16,AGGCCACTCGATCCCT-1,-0.027954170387575517
PB,MS,MS,16,AGGGATGTCTGTACGA-1,0.5090382219848967
PB,MS,MS,16,AGGGTGATCAAACCGT-1,-0.07314228668637547
PB,MS,MS,16,AGGTCCGCAAGCCTAT-1,0.29962649419616344
PB,MS,MS,16,AGTAGTCGTTACGGAG-1,-0.07360571469372566
PB,MS,MS,16,AGTCTTTAGAGCTATA-1,0.8287477205687411
PB,MS,MS,16,AGTGAGGGTACCTACA-1,-0.05377208781480418
PB,MS,MS,16,AGTGGGAAGTCAATAG-1,0.8377990933428768
PB,MS,MS,16,AGTGGGAGTGGCTCCA-1,0.34465039296272576
PB,MS,MS,16,AGTGTCAAGGAATCGC-1,0.35623189159823004
PB,MS,MS,16,AGTGTCAAGTTAAGTG-1,0.7448311554900439
PB,MS,MS,16,AGTGTCAGTTCTGTTT-1,0.2721481308082513
PB,MS,MS,16,AGTGTCAGTTGCCTCT-1,0.22550653706693366
PB,MS,MS,16,ATAAGAGAGATCTGAA-1,0.26582063168362574
PB,MS,MS,16,ATAAGAGTCAGGCCCA-1,0.19570537792166537
PB,MS,MS,16,ATAGACCTCCGCGTTT-1,0.7196097535518281
PB,MS,MS,16,ATAGACCTCTCGCATC-1,1.030918606221056
PB,MS,MS,16,ATCCACCCATCTGGTA-1,0.6067983096705386
PB,MS,MS,16,ATCCACCGTTCACGGC-1,0.08720033470068864
PB,MS,MS,16,ATCCGAAGTACGCTGC-1,0.5889225160757163
PB,MS,MS,16,ATCCGAATCAGAAATG-1,0.31533329561691315
PB,MS,MS,16,ATCTGCCGTAAGCACG-1,-0.16485482673563157
PB,MS,MS,16,ATTATCCCATTGTGCA-1,0.43975943620457325
PB,MS,MS,16,ATTCTACAGGAATCGC-1,0.8300970442616956
PB,MS,MS,16,ATTCTACGTAAGGGAA-1,0.5111636903548494
PB,MS,MS,16,ATTGGTGAGACCACGA-1,-0.29997119987097626
PB,MS,MS,16,CAACCAACAGATCCAT-1,-0.29997119987097626
PB,MS,MS,16,CAACCAACAGTATCTG-1,0.127687085715529
PB,MS,MS,16,CAACCTCAGTGACATA-1,1.1042763385926337
PB,MS,MS,16,CAACCTCCATCTACGA-1,-0.09510729026572175
PB,MS,MS,16,CAACTAGCAGGCTCAC-1,0.026027499168127417
PB,MS,MS,16,CAACTAGGTCATTAGC-1-1,0.16205231378915444
PB,MS,MS,16,CAAGAAAAGCTAGTGG-1,0.9229296187011291
PB,MS,MS,16,CAAGATCAGTATTGGA-1,0.22817636583497874
PB,MS,MS,16,CAAGGCCGTCTCACCT-1,0.10582933030842863
PB,MS,MS,16,CAAGTTGCAAGGCTCC-1,0.4781511073999913
PB,MS,MS,16,CACAAACGTGTCGCTG-1,0.783319987259748
PB,MS,MS,16,CACACAAAGAGGTTGC-1,0.5570663957838339
PB,MS,MS,16,CACAGGCAGGGTCTCC-1,-0.12548649967638323
PB,MS,MS,16,CACATTTAGACTTTCG-1-1,0.14476380759334498
PB,MS,MS,16,CACCACTCAGGTGGAT-1,0.03418159128351688
PB,MS,MS,16,CACCACTTCTAGAGTC-1-1,0.03026399740675643
PB,MS,MS,16,CACCAGGAGACAAAGG-1,0.4169873425781808
PB,MS,MS,16,CACCAGGGTGGTCCGT-1,0.33967704220071876
PB,MS,MS,16,CACTCCAGTTAAAGAC-1,0.036788371305750175
PB,MS,MS,16,CAGAATCGTTACGTCA-1,1.0176068699212673
PB,MS,MS,16,CAGATCAAGACTGGGT-1,0.49640020428992765
PB,MS,MS,16,CAGCAGCCAATGTTGC-1,0.8238529147611698
PB,MS,MS,16,CAGCAGCGTATTCTCT-1,0.1416271836740287
PB,MS,MS,16,CAGCAGCTCTTTAGGG-1,1.093892108719872
PB,MS,MS,16,CAGCATAAGCCCAACC-1,-0.05150795585633542
PB,MS,MS,16,CAGCATAGTTCTCATT-1,0.26111073250886185
PB,MS,MS,16,CAGCATATCCCTAATT-1,0.6291666210702535
PB,MS,MS,16,CATCAGAAGAGGACGG-1,-0.09536504184497463
PB,MS,MS,16,CATCAGACAGATGAGC-1,0.345070171393239
PB,MS,MS,16,CATCAGACATCCTTGC-1,0.13774981714976126
PB,MS,MS,16,CATTATCAGCAGCCTC-1,-0.17735348396271786
PB,MS,MS,16,CATTATCCAGTCCTTC-1,0.6808098637479869
PB,MS,MS,16,CATTCGCTCCGTCAAA-1,0.0467446177080631
PB,MS,MS,16,CATTCGCTCGCGATCG-1,-0.29997119987097626
PB,MS,MS,16,CCAATCCCACGGACAA-1,0.19912679298073646
PB,MS,MS,16,CCACCTAGTCGACTAT-1,0.49423659534852776
PB,MS,MS,16,CCAGCGACATCGGGTC-1,0.7493146608949471
PB,MS,MS,16,CCATTCGGTGAACCTT-1,0.5652271751629202
PB,MS,MS,16,CCATTCGTCGTGGACC-1,0.04031136281078967
PB,MS,MS,16,CCCTCCTAGACCCACC-1,0.5850305452139632
PB,MS,MS,16,CCGTGGAGTTCAACCA-1,-0.06546214909834137
PB,MS,MS,16,CCTAAAGGTCTGCCAG-1,-0.20591180354430083
PB,MS,MS,16,CCTACACCACCTCGTT-1,-0.01276079320149946
PB,MS,MS,16,CCTACACGTTATCCGA-1,0.836549685292102
PB,MS,MS,16,CCTACACTCATAACCG-1,0.2268235675660715
PB,MS,MS,16,CCTACCAAGGAGCGTT-1,-0.012296342464571024
PB,MS,MS,16,CCTATTAAGTTCGCAT-1,-0.12052055717520713
PB,MS,MS,16,CCTATTAGTTTAGGAA-1,0.37238216656853906
PB,MS,MS,16,CCTCTGAAGCTAGTCT-1,0.12315061217052332
PB,MS,MS,16,CCTCTGATCCCTTGCA-1,1.0147491387665921
PB,MS,MS,16,CCTTCCCAGAGCAATT-1-1,0.31721312431958143
PB,MS,MS,16,CCTTCCCAGGCACATG-1,-0.021392242049123524
PB,MS,MS,16,CCTTTCTCACACAGAG-1,0.15980557101552464
PB,MS,MS,16,CCTTTCTGTGAGCGAT-1,0.2599648301591811
PB,MS,MS,16,CGAACATGTACTCTCC-1,-0.12868746545615886
PB,MS,MS,16,CGAATGTCAAATCCGT-1,1.0508129920864202
PB,MS,MS,16,CGACCTTAGTCATGCT-1,0.41508084751726493
PB,MS,MS,16,CGACCTTTCCGAGCCA-1,-0.07977190966427175
PB,MS,MS,16,CGACTTCAGATCCGAG-1,0.7368988393463922
PB,MS,MS,16,CGAGCCAGTCATGCCG-1,-0.01849090352728541
PB,MS,MS,16,CGATGTAAGCATCATC-1,0.5588051199112473
PB,MS,MS,16,CGATGTACATTCCTGC-1,0.4266949402124189
PB,MS,MS,16,CGATGTATCGTACGGC-1,0.0657557146351216
PB,MS,MS,16,CGATTGAAGGCTCTTA-1,0.3761218908654375
PB,MS,MS,16,CGCCAAGAGATCCCGC-1,1.0592114379499502
PB,MS,MS,16,CGCCAAGAGGTGTGGT-1,0.14621594966352514
PB,MS,MS,16,CGCCAAGCAGACGCCT-1,0.5226429401605366
PB,MS,MS,16,CGCGGTAGTTGACGTT-1,0.25616440760313536
PB,MS,MS,16,CGCGTTTGTCTTGTCC-1,0.6135908910579152
PB,MS,MS,16,CGCGTTTTCATGTGGT-1,0.3473029041053849
PB,MS,MS,16,CGCTATCCAATGGAAT-1-1,0.6562270681360938
PB,MS,MS,16,CGCTATCGTTCCACGG-1,-0.29997119987097626
PB,MS,MS,16,CGCTGGAGTATTCGTG-1,0.2737177120050477
PB,MS,MS,16,CGCTGGATCATTGCCC-1,0.13871147079958218
PB,MS,MS,16,CGCTTCACAATCGGTT-1,-0.0869472016365601
PB,MS,MS,16,CGCTTCATCATTTGGG-1,0.10025038469310672
PB,MS,MS,16,CGGACACGTCCCTACT-1,0.20024591135558475
PB,MS,MS,16,CGGACGTGTTGCGTTA-1,-0.29997119987097626
PB,MS,MS,16,CGGAGCTGTTATCCGA-1,-0.03473279969047462
PB,MS,MS,16,CGGCTAGAGACCGGAT-1,0.13819433953360577
PB,MS,MS,16,CGGCTAGGTTCCGGCA-1,0.32386932834299126
PB,MS,MS,16,CGGGTCAAGGGAGTAA-1,0.4134721783604592
PB,MS,MS,16,CGGGTCACACCTCGTT-1,0.8086498538370099
PB,MS,MS,16,CGGGTCAGTTGGTAAA-1,0.39096116790932295
PB,MS,MS,16,CGGTTAAGTCCCGACA-1,0.002388115893087152
PB,MS,MS,16,CGTAGGCCATTAGCCA-1,0.2539525779653876
PB,MS,MS,16,CGTAGGCGTACTTGAC-1,0.023582994603087944
PB,MS,MS,16,CGTCCATAGGAGTACC-1,0.4945315434967661
PB,MS,MS,16,CGTGAGCAGTGCTGCC-1,0.03356400607520766
PB,MS,MS,16,CGTGAGCCACTCAGGC-1,0.7621638149427525
PB,MS,MS,16,CGTTAGACAAGCGCTC-1,0.7029227306366473
PB,MS,MS,16,CGTTAGATCTACTATC-1,0.6645856897078265
PB,MS,MS,16,CGTTAGATCTTATCTG-1,0.6357545516982308
PB,MS,MS,16,CGTTGGGTCGCTAGCG-1,-0.29997119987097626
PB,MS,MS,16,CTAACTTAGATGTCGG-1,-0.09320933786843251
PB,MS,MS,16,CTACCCAAGCCAGTTT-1,-0.29997119987097626
PB,MS,MS,16,CTAGAGTAGTACATGA-1,-0.12733215528997116
PB,MS,MS,16,CTAGCCTAGAAGATTC-1,-0.29997119987097626
PB,MS,MS,16,CTAGTGAAGCTAGCCC-1,-0.13067292044212667
PB,MS,MS,16,CTAGTGAGTAGGCTGA-1,0.45947615146001636
PB,MS,MS,16,CTAGTGATCCTTGCCA-1,0.4648559544150724
PB,MS,MS,16,CTCACACCAAGCCTAT-1,-0.04966023615250338
PB,MS,MS,16,CTCACACTCGGTTAAC-1,0.35770106811599234
PB,MS,MS,16,CTCAGAAAGAGACGAA-1-1,0.7692796129529071
PB,MS,MS,16,CTCGAGGAGCGCCTTG-1,-0.10701445330990482
PB,MS,MS,16,CTCGAGGCATCCGGGT-1,0.24801040499770519
PB,MS,MS,16,CTCGTCAAGGACACCA-1,0.13905040033785712
PB,MS,MS,16,CTCGTCACATTGCGGC-1,-0.03385982537559261
PB,MS,MS,16,CTGAAACAGTGTCCCG-1,-0.04453635899508208
PB,MS,MS,16,CTGAAGTCAATGAAAC-1,-0.29997119987097626
PB,MS,MS,16,CTGATAGGTATTCTCT-1,0.02536592478545095
PB,MS,MS,16,CTGCGGACATGCTGGC-1,0.04941602359805868
PB,MS,MS,16,CTGCTGTCACAACTGT-1,0.2626081024745585
PB,MS,MS,16,CTGGTCTCATGAAGTA-1,0.512060630851964
PB,MS,MS,16,CTTACCGCAAGACGTG-1,-0.010999900944014897
PB,MS,MS,16,CTTAGGAAGAATCTCC-1,0.2191682489502827
PB,MS,MS,16,CTTAGGAAGGGAAACA-1,0.417565212113761
PB,MS,MS,16,CTTGGCTCAACTGCGC-1,-0.0738559041036472
PB,MS,MS,16,CTTTGCGCAAGGGTCA-1,0.39190997553785173
PB,MS,MS,16,GAACATCTCCGCATCT-1,0.7642464451154655
PB,MS,MS,16,GAACGGAAGACAGACC-1,0.17859751367586818
PB,MS,MS,16,GAACGGACAGGCGATA-1,1.0352187823473842
PB,MS,MS,16,GAAGCAGAGTAACCCT-1,-0.1896785698203727
PB,MS,MS,16,GAAGCAGTCACTTCAT-1,-0.1096138457739213
PB,MS,MS,16,GAAGCAGTCGCGCCAA-1,0.014849251860240473
PB,MS,MS,16,GAATAAGCATCGGAAG-1,0.8410676082590098
PB,MS,MS,16,GAATAAGGTTGAGGTG-1,-0.06493512910732804
PB,MS,MS,16,GACACGCTCCTCAACC-1,0.10975280361947758
PB,MS,MS,16,GACAGAGCAAGCGTAG-1,0.12344165803708639
PB,MS,MS,16,GACAGAGGTTTCCACC-1,0.6061589615359273
PB,MS,MS,16,GACAGAGTCCGTTGTC-1,0.43527585578431255
PB,MS,MS,16,GACCAATAGTGGCACA-1,-0.29997119987097626
PB,MS,MS,16,GACCTGGCACATTAGC-1,0.4956218358733941
PB,MS,MS,16,GACGCGTCAGTCGTGC-1,0.27333840673061355
PB,MS,MS,16,GACGGCTAGGAGTACC-1,0.3378358242360418
PB,MS,MS,16,GACGGCTAGTACATGA-1,0.5361327287801343
PB,MS,MS,16,GACGGCTCACAGATTC-1-1,0.05033475737605321
PB,MS,MS,16,GACGGCTTCACCTTAT-1,-0.10832467704535571
PB,MS,MS,16,GACGGCTTCCGTAGGC-1,0.7183034011987477
PB,MS,MS,16,GACGTGCAGTCACGCC-1,0.10934950947459213
PB,MS,MS,16,GACTACACATGGTCAT-1,0.1840083787296534
PB,MS,MS,16,GAGGTGATCGCCATAA-1-1,0.16387303388334915
PB,MS,MS,16,GATCAGTTCTTCAACT-1,-0.15389316338325795
PB,MS,MS,16,GATCGCGAGCGTTTAC-1,-0.03746344702086352
PB,MS,MS,16,GATCGTAAGAGTAATC-1,0.020723495017453346
PB,MS,MS,16,GATGAAATCTACCTGC-1,-0.0740890934008801
PB,MS,MS,16,GATGAGGCAAACTGCT-1,0.7296073915878833
PB,MS,MS,16,GATGCTAGTTCCGGCA-1,0.03273809674278353
PB,MS,MS,16,GATTCAGTCAGCGACC-1,0.42888423521782115
PB,MS,MS,16,GCAGCCAGTCTCTCGT-1,-0.04786610390958871
PB,MS,MS,16,GCAGCCATCCGTCAAA-1,-0.22659341507435565
PB,MS,MS,16,GCAGTTAAGTTGAGTA-1,0.2709220560324312
PB,MS,MS,16,GCAGTTATCAAACGGG-1,0.3685671032130468
PB,MS,MS,16,GCATACAAGAGGTACC-1,0.16313498020842138
PB,MS,MS,16,GCATACACAGTATGCT-1,0.425976386523564
PB,MS,MS,16,GCATGCGTCAACACAC-1,0.8118218703970762
PB,MS,MS,16,GCATGTACAGCTGTGC-1,0.5862544452029184
PB,MS,MS,16,GCATGTAGTCCCGACA-1,-0.13021633265126212
PB,MS,MS,16,GCCAAATAGGTCATCT-1,0.2220043783098998
PB,MS,MS,16,GCCTCTATCATACGGT-1,-0.122229630369037
PB,MS,MS,16,GCGACCAAGAAGAAGC-1,-0.08432019221777634
PB,MS,MS,16,GCGAGAAAGCAGGTCA-1-1,0.4738647820463012
PB,MS,MS,16,GCGAGAATCAGATAAG-1,0.14926040281255082
PB,MS,MS,16,GCGCGATAGGGAAACA-1,0.0009147160165870313
PB,MS,MS,16,GCGCGATGTTCATGGT-1,0.36495815454925534
PB,MS,MS,16,GCGGGTTAGGATCGCA-1,-0.2180002564171391
PB,MS,MS,16,GCTCCTACAAATCCGT-1,-0.11478554791174626
PB,MS,MS,16,GCTGCAGCATGAACCT-1,0.4727010731498182
PB,MS,MS,16,GCTGCGAAGGTAGCCA-1-1,1.0951297226226033
PB,MS,MS,16,GCTGCTTGTAAAGGAG-1,0.11483609907612131
PB,MS,MS,16,GCTTCCAAGCTTCGCG-1,0.5963151281131667
PB,MS,MS,16,GGAAAGCCATCACCCT-1,-0.001416839199065085
PB,MS,MS,16,GGAATAACAGGAACGT-1,-0.13465898646742466
PB,MS,MS,16,GGACGTCTCCTATTCA-1,0.6336021739741708
PB,MS,MS,16,GGAGCAATCGTAGGAG-1,-0.004193381485072819
PB,MS,MS,16,GGATGTTTCACGATGT-1,0.39602125407999367
PB,MS,MS,16,GGATTACGTTGATTGC-1,0.5490196330528819
PB,MS,MS,16,GGCAATTCAATCCGAT-1,0.5393579235535059
PB,MS,MS,16,GGCCGATAGAAACCTA-1,0.009301889988231163
PB,MS,MS,16,GGCCGATGTCGAATCT-1,0.06835551311373915
PB,MS,MS,16,GGCCGATTCGCACTCT-1,-0.09626135312615446
PB,MS,MS,16,GGCGACTAGGAGTACC-1,0.6245058029720957
PB,MS,MS,16,GGCGACTTCGAACTGT-1,1.0724668789770448
PB,MS,MS,16,GGCTCGAAGGAGCGAG-1,0.4568677434836981
PB,MS,MS,16,GGGAATGTCGGATGGA-1,-0.00344075118822237
PB,MS,MS,16,GGGATGACACAGTCGC-1,0.5423529642144791
PB,MS,MS,16,GGGCATCAGAATGTGT-1,0.2430145609529151
PB,MS,MS,16,GGGCATCAGAGGTAGA-1,0.7630603155252056
PB,MS,MS,16,GGGTTGCTCAGTACGT-1,0.7720931182130331
PB,MS,MS,16,GGTATTGGTCAATACC-1,0.8250053424773676
PB,MS,MS,16,GGTATTGTCAGGATCT-1,-0.08431524276571611
PB,MS,MS,16,GGTGAAGAGAAGAAGC-1,-0.08675903724472914
PB,MS,MS,16,GGTGTTAAGAGGTTGC-1,-0.29997119987097626
PB,MS,MS,16,GGTGTTAAGCTCTCGG-1,1.3107776705478769
PB,MS,MS,16,GGTGTTAAGTAACCCT-1,-0.29997119987097626
PB,MS,MS,16,GGTGTTATCTGCGGCA-1,1.280560778053537
PB,MS,MS,16,GTAACGTAGCTACCTA-1,0.6158353953603958
PB,MS,MS,16,GTAACGTAGGCCCGTT-1,-0.07324708199340887
PB,MS,MS,16,GTAACGTGTCGAGATG-1,-0.048227089379406965
PB,MS,MS,16,GTAACGTTCTGACCTC-1,1.2273084115496324
PB,MS,MS,16,GTACGTAAGTACATGA-1,-0.29997119987097626
PB,MS,MS,16,GTACTCCTCGTTGCCT-1-1,0.28397811989427896
PB,MS,MS,16,GTAGTCATCTTCATGT-1,0.2141964314449143
PB,MS,MS,16,GTATCTTAGCACCGCT-1,0.34904974413035206
PB,MS,MS,16,GTATCTTTCTTCTGGC-1,0.041833668702493866
PB,MS,MS,16,GTATTCTCAGGTCTCG-1-1,0.45059781262082865
PB,MS,MS,16,GTATTCTTCAGCACAT-1,0.5628725558881336
PB,MS,MS,16,GTATTCTTCGTGTAGT-1,0.03374821420716053
PB,MS,MS,16,GTCAAGTAGCTCCCAG-1,-0.00852115683168472
PB,MS,MS,16,GTCACGGGTCCTCCAT-1,0.1690318206203467
PB,MS,MS,16,GTCCTCACAAGCGAGT-1,0.8125762474740209
PB,MS,MS,16,GTCTCGTTCTGCAAGT-1,0.17750829546228641
PB,MS,MS,16,GTCTTCGAGGGATCTG-1,0.20285708562601742
PB,MS,MS,16,GTGCAGCGTACCGCTG-1,0.4428780686139547
PB,MS,MS,16,GTGCATAAGAACAACT-1,-0.009105146063248368
PB,MS,MS,16,GTGCATATCCTACAGA-1,0.19902118703696256
PB,MS,MS,16,GTGCTTCCAAGCGCTC-1,0.45099998909093936
PB,MS,MS,16,GTGTTAGAGGCACATG-1,0.021353100107270467
PB,MS,MS,16,GTGTTAGCACGTAAGG-1,0.3516727442209174
PB,MS,MS,16,GTGTTAGGTCGTTGTA-1,-0.29997119987097626
PB,MS,MS,16,GTTAAGCAGGCTAGGT-1,0.7272304833887098
PB,MS,MS,16,GTTAAGCCAGCTCGAC-1,0.04756969837086755
PB,MS,MS,16,GTTACAGAGCCAACAG-1,0.19115324886252952
PB,MS,MS,16,GTTCATTCATGGTTGT-1,-0.11656824431062707
PB,MS,MS,16,GTTCGGGAGGACACCA-1,0.30424033283583024
PB,MS,MS,16,GTTCGGGAGGCATGTG-1,0.4340976648605256
PB,MS,MS,16,GTTCTCGCAGCAGTTT-1,-0.16113626017723748
PB,MS,MS,16,GTTCTCGTCGCCGTGA-1,0.10572828877111405
PB,MS,MS,16,TAAGCGTAGTGCCAGA-1,0.48262060457946887
PB,MS,MS,16,TAAGCGTCACCGCTAG-1,0.05547805606606039
PB,MS,MS,16,TACACGACACTGAAGG-1,0.5378306243483567
PB,MS,MS,16,TACAGTGGTAAATGTG-1,0.002035202976312846
PB,MS,MS,16,TACGGATTCTCATTCA-1,0.23956729821233305
PB,MS,MS,16,TACGGTACAGTATCTG-1,0.4101132874930679
PB,MS,MS,16,TACTCATTCGAGGTAG-1,0.17078284775886063
PB,MS,MS,16,TACTCATTCTGTTGAG-1,0.8774571683817773
PB,MS,MS,16,TACTCGCTCGGACAAG-1,-0.10242581171708072
PB,MS,MS,16,TACTTGTAGGACAGCT-1,1.5967562691557653
PB,MS,MS,16,TAGACCAAGATGCCTT-1,0.3635550157552843
PB,MS,MS,16,TAGACCATCGTATCAG-1,0.10336482901254232
PB,MS,MS,16,TAGAGCTTCAAACCAC-1,-0.29997119987097626
PB,MS,MS,16,TAGCCGGCAGCGTTCG-1,-0.20574648862350653
PB,MS,MS,16,TAGCCGGGTAGATTAG-1,1.422568776191023
PB,MS,MS,16,TAGGCATAGACAAGCC-1,0.2498077493115658
PB,MS,MS,16,TAGGCATAGAGTACAT-1,0.6387338398368904
PB,MS,MS,16,TAGGCATTCGTTTGCC-1,0.13480915306162278
PB,MS,MS,16,TATGCCCAGACTAAGT-1,0.4758020128468825
PB,MS,MS,16,TATGCCCGTCAACATC-1,-0.11570362955605061
PB,MS,MS,16,TATTACCCAGGGAGAG-1,0.8275231071998949
PB,MS,MS,16,TATTACCTCCTCTAGC-1,0.36277628607380846
PB,MS,MS,16,TCAACGATCAACGGGA-1,0.46227336141936215
PB,MS,MS,16,TCACAAGCATCCGGGT-1,-0.29997119987097626
PB,MS,MS,16,TCATTTGAGACAAGCC-1,0.295995527793735
PB,MS,MS,16,TCATTTGAGGTAAACT-1,0.21121940623533955
PB,MS,MS,16,TCCACACTCTATCCCG-1,0.6479782785153201
PB,MS,MS,16,TCCCGATGTAACGACG-1,0.5064801146369448
PB,MS,MS,16,TCGCGAGGTTTACTCT-1,0.13354017530019588
PB,MS,MS,16,TCGGTAAAGTGCGTGA-1,-0.11446310318817277
PB,MS,MS,16,TCGTACCCAGCTGGCT-1,-0.013276276978429693
PB,MS,MS,16,TCGTACCCATCGTCGG-1,-0.11985083651055087
PB,MS,MS,16,TCGTAGACAGCGTAAG-1,-0.1807468056531095
PB,MS,MS,16,TCGTAGATCATATCGG-1,0.3778825562837624
PB,MS,MS,16,TCTATTGGTCGCCATG-1-1,0.25674951929916967
PB,MS,MS,16,TCTTCGGGTACAGTGG-1,0.16622438111290652
PB,MS,MS,16,TCTTCGGTCAACCATG-1,0.14903505061374406
PB,MS,MS,16,TGACAACGTTCCGGCA-1,0.2897591524789288
PB,MS,MS,16,TGACAACTCAGTCCCT-1,0.21432144997027888
PB,MS,MS,16,TGACAACTCGCCAGCA-1,0.8033703068642409
PB,MS,MS,16,TGACGGCTCTTGCATT-1,0.16275951866592966
PB,MS,MS,16,TGACTAGAGCGCCTCA-1,0.7129896893161887
PB,MS,MS,16,TGACTAGAGTCATGCT-1,0.2727747128831686
PB,MS,MS,16,TGACTAGAGTTGTCGT-1,0.18315987852907822
PB,MS,MS,16,TGACTTTAGGGATCTG-1,-0.03143697640122253
PB,MS,MS,16,TGATTTCGTCATCGGC-1,0.518615855923116
PB,MS,MS,16,TGCCAAATCCTGCTTG-1,-0.04019024874781125
PB,MS,MS,16,TGCCCTAGTAGCTGCC-1,-0.1645626538120637
PB,MS,MS,16,TGCGGGTCAGCGAACA-1,0.264388201319851
PB,MS,MS,16,TGGCCAGAGAGATGAG-1,0.14294998369808545
PB,MS,MS,16,TGGCGCATCCGTAGTA-1,0.7768385805412791
PB,MS,MS,16,TGGCGCATCGGCGGTT-1,0.42285209542765484
PB,MS,MS,16,TGGGAAGAGATGTAAC-1,0.6399941813318922
PB,MS,MS,16,TGTCCCAAGACTGTAA-1,-0.29997119987097626
PB,MS,MS,16,TGTCCCAGTACATGTC-1,0.49008162888972
PB,MS,MS,16,TGTGGTATCAGTCCCT-1,0.899576880315952
PB,MS,MS,16,TGTGTTTAGGGTTCCC-1,0.8400799560795046
PB,MS,MS,16,TGTTCCGCATGTTCCC-1,-0.1102732605325374
PB,MS,MS,16,TTAACTCGTATGGTTC-1,1.0432306116013566
PB,MS,MS,16,TTAGTTCTCGTGGACC-1,-0.29997119987097626
PB,MS,MS,16,TTATGCTCATCTCCCA-1,0.3157682175317967
PB,MS,MS,16,TTCGAAGAGCCAACAG-1,0.2574418968295414
PB,MS,MS,16,TTCTACAAGTGCAAGC-1-1,0.3592898899079448
PB,MS,MS,16,TTCTTAGGTCTCAACA-1,-0.1707791597050631
PB,MS,MS,16,TTGAACGAGATGTAAC-1,0.6199787676856079
PB,MS,MS,16,TTGAACGCACTACAGT-1,0.5241233958866149
PB,MS,MS,16,TTGACTTGTGGTCCGT-1,0.2896726142240129
PB,MS,MS,16,TTGACTTTCGTCCAGG-1,0.02005704676268269
PB,MS,MS,16,TTGCCGTAGCGATGAC-1,0.2403200090208734
PB,MS,MS,16,TTGCCGTAGTAGCCGA-1,0.10435851076347655
PB,MS,MS,16,TTGGAACCACCCATGG-1,-0.01191772811312723
PB,MS,MS,16,TTGGAACGTAAGCACG-1,0.9195503439580642
PB,MS,MS,16,TTGGCAAAGAAACGAG-1,0.6517329578483861
PB,MS,MS,16,TTGGCAATCCAAGCCG-1,-0.0865519862389262
PB,MS,MS,16,TTGTAGGGTACCGGCT-1,-0.10438379195076089
PB,MS,MS,16,TTGTAGGGTCATATCG-1,0.5041803391351026
PB,MS,MS,16,TTTGTCAAGAAGAAGC-1,0.5682879765313249
PB,MS,MS,16,TTTGTCAGTCACTGGC-1,-0.038778728744464266
PB,MS,MS,22,AAATGCCCATTAGCCA-1,0.26146369239678663
PB,MS,MS,22,AAGCCGCCACCGCTAG-1,0.06661815415287412
PB,MS,MS,22,AAGGAGCGTATAAACG-1,-0.1370218755001137
PB,MS,MS,22,AAGGTTCCATGCCTAA-1,1.1787387223472572
PB,MS,MS,22,ACAGCTAAGTTGTAGA-1,-0.1514338712988089
PB,MS,MS,22,ACGAGCCAGAAGGACA-1,0.11408448943358551
PB,MS,MS,22,ACGCCAGGTCGCGAAA-1,0.05299666869831451
PB,MS,MS,22,ACGCCAGTCGTCACGG-1,-0.29997119987097626
PB,MS,MS,22,ACGTCAAAGACCCACC-1,0.7206934054309257
PB,MS,MS,22,AGATCTGGTTCGTTGA-1,0.45542528495022033
PB,MS,MS,22,AGCGTATGTTCCATGA-1,0.08942717393508791
PB,MS,MS,22,AGCTCTCCATCGACGC-1,-0.10795306994057992
PB,MS,MS,22,ATAACGCTCACAGTAC-1,0.24406739240984182
PB,MS,MS,22,ATAGACCTCTCAACTT-1,-0.07835913648144689
PB,MS,MS,22,ATAGACCTCTGGTTCC-1,0.10164954771023768
PB,MS,MS,22,ATCTGCCTCACATAGC-1,0.13635168524944233
PB,MS,MS,22,ATTCTACCATCGGACC-1,0.04714439867143245
PB,MS,MS,22,CAACCTCTCCATGAGT-1-1,-0.1589865816232511
PB,MS,MS,22,CAAGAAAAGCTAGTGG-1-1,0.14873956642684447
PB,MS,MS,22,CACACAAGTGCAGGTA-1,0.1181083705980751
PB,MS,MS,22,CACAGTACAGCCTTGG-1,0.5977769531149184
PB,MS,MS,22,CAGAATCAGGACAGCT-1,1.7305331683970215
PB,MS,MS,22,CAGCGACTCGAGAGCA-1,0.019045872792254663
PB,MS,MS,22,CATATGGAGTCATGCT-1,0.07104074276561963
PB,MS,MS,22,CATCAAGGTCGGGTCT-1,0.054518692430127844
PB,MS,MS,22,CCACGGATCGTTTGCC-1,-0.020111560037246328
PB,MS,MS,22,CCCTCCTAGCGTCTAT-1,0.27372039885431293
PB,MS,MS,22,CCTAGCTTCGACCAGC-1,0.8559984138217007
PB,MS,MS,22,CCTCTGAAGAGTACCG-1,0.0015585466786201302
PB,MS,MS,22,CCTTACGTCAACGCTA-1,0.08999653003076287
PB,MS,MS,22,CCTTACGTCCTACAGA-1,0.8216574960150037
PB,MS,MS,22,CCTTTCTTCAACGGGA-1,0.7594583650246294
PB,MS,MS,22,CGAGCACCAAAGCGGT-1,-0.10271828497369695
PB,MS,MS,22,CGATGGCAGCGAAGGG-1,-0.03159118292490105
PB,MS,MS,22,CGTAGGCTCTGTGCAA-1,0.7114415894625133
PB,MS,MS,22,CGTTCTGTCATATCGG-1,-0.009816675270720757
PB,MS,MS,22,CTACATTTCACCAGGC-1,0.05059781730915515
PB,MS,MS,22,CTCAGAACAAGACGTG-1,-0.14974582186822946
PB,MS,MS,22,CTCGAGGGTCTGGAGA-1,0.049825735448111766
PB,MS,MS,22,GACACGCAGCGTAATA-1,0.239947679212049
PB,MS,MS,22,GACGCGTCAGTCTTCC-1,0.2089777608115814
PB,MS,MS,22,GACTACAAGATATACG-1,0.3423259556367802
PB,MS,MS,22,GATCTAGTCATCGCTC-1,0.19652213797292833
PB,MS,MS,22,GCAAACTTCGGTTAAC-1,-0.0728678378048915
PB,MS,MS,22,GCGAGAAGTATTACCG-1,-0.29997119987097626
PB,MS,MS,22,GCGCGATTCATGCTCC-1,-0.19618727785683007
PB,MS,MS,22,GCGGGTTCAGCTATTG-1,0.599142806336071
PB,MS,MS,22,GCTGCGATCAACCAAC-1,0.8771892809699727
PB,MS,MS,22,GGAAAGCAGCAGCGTA-1,-0.0506144338422261
PB,MS,MS,22,GGCAATTGTTATCACG-1,0.5175157681910286
PB,MS,MS,22,GGTATTGTCGAGAACG-1,-0.048350438268427436
PB,MS,MS,22,GTAACTGCACGAGAGT-1,0.22602439943554
PB,MS,MS,22,GTACTCCCAGGCTGAA-1,0.5133097563168384
PB,MS,MS,22,GTGCATACACTGTTAG-1,0.09901288636205438
PB,MS,MS,22,GTGTTAGAGATCGGGT-1,0.3612427991128592
PB,MS,MS,22,GTTCTCGTCCGCGGTA-1,0.25349814740998117
PB,MS,MS,22,TACGGGCTCCCATTAT-1,-0.06331058466883718
PB,MS,MS,22,TAGTGGTGTACCCAAT-1,0.3853736136208346
PB,MS,MS,22,TATCAGGCACTACAGT-1,0.4254172186066296
PB,MS,MS,22,TCAGATGGTGATAAGT-1,0.04620513676204526
PB,MS,MS,22,TCAGGATTCAAGGTAA-1,0.7465313723526119
PB,MS,MS,22,TCATTTGAGATATGCA-1,-0.12244391278304402
PB,MS,MS,22,TCGGTAAGTGCACTTA-1,0.07535240291216536
PB,MS,MS,22,TCTGAGAGTTAAGATG-1,-0.11285968550460354
PB,MS,MS,22,TCTGGAACATGTAGTC-1,-0.18317173916597193
PB,MS,MS,22,TCTTTCCGTGAGGCTA-1,0.3432125822190351
PB,MS,MS,22,TGATTTCAGACAGACC-1,-0.15554018094867716
PB,MS,MS,22,TGCACCTCACGGTAGA-1,0.1988971033931454
PB,MS,MS,22,TGCGCAGTCGACCAGC-1,0.1905463310891398
PB,MS,MS,22,TGGACGCAGGACCACA-1,-0.29997119987097626
PB,MS,MS,22,TGGGAAGGTATCAGTC-1,0.20742782575661955
PB,MS,MS,22,TGGTTAGCAGCCTTGG-1,0.4134305208921293
PB,MS,MS,22,TGGTTCCAGCCACGCT-1,-0.1831291297924746
PB,MS,MS,22,TTCTCCTGTGGCAAAC-1,0.07351914538427796
PB,MS,MS,22,TTCTCCTTCCTATTCA-1,-0.013333436304334768
PB,MS,MS,22,TTTGTCAAGCCCAATT-1,-0.17910236416817196
PB,MS,MS,24,AAAGTAGGTAGCTAAA-1,0.00026201265288499406
PB,MS,MS,24,AACCATGAGCCACGCT-1,0.31475235830848497
PB,MS,MS,24,AACCATGAGCTAGTCT-1,0.36518695192824546
PB,MS,MS,24,AACTCAGGTATTCTCT-1,0.023806070514269435
PB,MS,MS,24,AACTCCCAGTGTACTC-1,-0.0036796552149592925
PB,MS,MS,24,AACTCTTCAGACTCGC-1,0.3732859272995043
PB,MS,MS,24,AAGACCTCATCTCGCT-1,0.2137824398579072
PB,MS,MS,24,AAGGAGCAGGGTGTTG-1,0.24545947165641444
PB,MS,MS,24,AAGTCTGAGCCATCGC-1,0.8464350697975483
PB,MS,MS,24,AATCCAGCAGCCTTTC-1,-0.001961799921781201
PB,MS,MS,24,ACACTGAAGACAGAGA-1,0.4610391471476719
PB,MS,MS,24,ACAGCTATCACGAAGG-1,0.19981659274686941
PB,MS,MS,24,ACAGCTATCTGAAAGA-1-1,-0.18958946327091586
PB,MS,MS,24,ACCAGTACACTAAGTC-1,0.678205130857007
PB,MS,MS,24,ACCAGTAGTGGACGAT-1,0.19976942047280175
PB,MS,MS,24,ACCGTAATCACCGGGT-1,0.16415081626845396
PB,MS,MS,24,ACCTTTACATAACCTG-1,0.04703016836875678
PB,MS,MS,24,ACGAGCCGTCTAGTCA-1,-0.008252620724693698
PB,MS,MS,24,ACGATACGTTAAGACA-1-1,0.4276630055403288
PB,MS,MS,24,ACGATACTCAAAGTAG-1,-0.09276438621961718
PB,MS,MS,24,ACGATGTAGTGCCATT-1,0.5742286361319978
PB,MS,MS,24,ACGGCCAAGTGTTTGC-1,0.8586722201507025
PB,MS,MS,24,ACGGCCAGTCAGGACA-1,0.09965534947247152
PB,MS,MS,24,ACGGCCAGTTTACTCT-1,-0.05501593925777256
PB,MS,MS,24,ACGTCAAAGGACACCA-1,-0.13608732158157613
PB,MS,MS,24,ACTGATGCAGGAATCG-1,0.3556763644918209
PB,MS,MS,24,ACTTACTAGGGTCTCC-1,0.20918387558945067
PB,MS,MS,24,ACTTTCAGTAGCTGCC-1,-0.16874546158203227
PB,MS,MS,24,AGAATAGAGAGTAATC-1,0.028926666426757848
PB,MS,MS,24,AGAATAGTCGAATCCA-1,0.6412230429588702
PB,MS,MS,24,AGAGTGGTCCTAAGTG-1,0.5089247497088164
PB,MS,MS,24,AGATCTGTCCAACCAA-1,0.32730035493453347
PB,MS,MS,24,AGATTGCTCTCGCATC-1,0.22188923635738123
PB,MS,MS,24,AGCATACGTTGCCTCT-1,-0.019643833060691878
PB,MS,MS,24,AGCCTAAAGCTAGGCA-1,0.9315513997017553
PB,MS,MS,24,AGCGGTCAGATAGGAG-1,0.39367320694720254
PB,MS,MS,24,AGCGTATCAGTTCCCT-1,0.08349049940214029
PB,MS,MS,24,AGCTCCTCAGTTCATG-1,-0.29997119987097626
PB,MS,MS,24,AGCTTGACAGGATCGA-1,-0.21028895571327202
PB,MS,MS,24,AGGGAGTTCCAACCAA-1,-0.025941453043761168
PB,MS,MS,24,AGGGTGAGTACCAGTT-1,-0.13853923080160388
PB,MS,MS,24,AGGGTGATCTACTCAT-1,0.7845540337952392
PB,MS,MS,24,AGTGAGGTCCGAATGT-1,0.06333923825968932
PB,MS,MS,24,AGTGTCACATCCTAGA-1,-0.29997119987097626
PB,MS,MS,24,AGTTGGTTCGAGAGCA-1,-0.014070716713761354
PB,MS,MS,24,ATAACGCGTCTAGGTT-1,0.1465040726157766
PB,MS,MS,24,ATCGAGTGTATCACCA-1,-0.11706246999385013
PB,MS,MS,24,ATCTGCCAGCATGGCA-1,0.5920231108970828
PB,MS,MS,24,ATGCGATTCTGCTTGC-1,-0.29997119987097626
PB,MS,MS,24,ATGTGTGAGGCATGGT-1,0.2008177417933538
PB,MS,MS,24,ATGTGTGTCAACACAC-1,0.00692576109612023
PB,MS,MS,24,ATTATCCAGGATATAC-1,-0.1153161195189099
PB,MS,MS,24,ATTTCTGAGTTAACGA-1,1.045463060569521
PB,MS,MS,24,CAACTAGAGTGTACGG-1,0.27208740815471455
PB,MS,MS,24,CAAGATCAGTTCGATC-1,0.23376903471485577
PB,MS,MS,24,CAAGGCCGTTGAACTC-1,0.45431516915518344
PB,MS,MS,24,CACATAGCACAGGTTT-1,-0.005248525641280104
PB,MS,MS,24,CACATTTCAACACCTA-1,0.5651573696647596
PB,MS,MS,24,CACATTTCACAGAGGT-1,0.09981705054649828
PB,MS,MS,24,CACTCCAGTTCCCGAG-1,0.5163969103282512
PB,MS,MS,24,CAGAATCAGGCTATCT-1,0.2474646831528167
PB,MS,MS,24,CAGAATCGTAGGGACT-1,-0.12462797537169934
PB,MS,MS,24,CAGATCAAGAAGATTC-1,-0.15344501898230606
PB,MS,MS,24,CAGCAGCTCGAGAACG-1,-0.07993079989962906
PB,MS,MS,24,CAGCATATCCGCGGTA-1,-0.1733433694313676
PB,MS,MS,24,CAGCGACGTGTCTGAT-1,0.6603774107308161
PB,MS,MS,24,CAGCGACGTTAGGGTG-1,-0.061164321182167795
PB,MS,MS,24,CAGTCCTGTCAACTGT-1,-0.10851045184463137
PB,MS,MS,24,CATATGGCAATGAATG-1,-0.023495122695729686
PB,MS,MS,24,CATCAAGGTAAGTGTA-1,0.12811107951362938
PB,MS,MS,24,CATCGGGGTCGGCACT-1,-0.05871620031825039
PB,MS,MS,24,CATGACATCTCTAAGG-1,0.1313840967740652
PB,MS,MS,24,CATGCCTAGCCAGGAT-1,0.6412992225504149
PB,MS,MS,24,CATTATCGTTGATTCG-1,0.01630225815912805
PB,MS,MS,24,CATTATCTCGCAAACT-1-1,0.6515457376421853
PB,MS,MS,24,CCAATCCGTCTCAACA-1,0.017333827665209096
PB,MS,MS,24,CCAATCCGTGACGGTA-1,0.25307549205901253
PB,MS,MS,24,CCCTCCTCAAACGTGG-1,0.6200328047415697
PB,MS,MS,24,CCGGGATGTAACGTTC-1,-0.06611382595550616
PB,MS,MS,24,CCGGGATGTGCAGTAG-1,0.18245884639781465
PB,MS,MS,24,CCGTACTGTTTGTTTC-1,0.019673911513333087
PB,MS,MS,24,CCGTTCAGTTACGCGC-1,0.4182975476500969
PB,MS,MS,24,CCTACACCACGTCAGC-1,0.09538720370228107
PB,MS,MS,24,CCTACACGTGACTACT-1,0.04148922140129851
PB,MS,MS,24,CCTATTACAGCCTATA-1,0.1665169009350978
PB,MS,MS,24,CCTTCCCAGAGTACAT-1,0.48619122903869577
PB,MS,MS,24,CCTTTCTAGACCGGAT-1,-0.29997119987097626
PB,MS,MS,24,CGAACATCATCCAACA-1-1,0.20944491302279372
PB,MS,MS,24,CGAGAAGGTAAGGGCT-1,-0.13507009177451385
PB,MS,MS,24,CGATGGCTCACAATGC-1,0.3330874127989379
PB,MS,MS,24,CGATGGCTCGTTACGA-1-1,0.5082351509832618
PB,MS,MS,24,CGATTGAAGGTGGGTT-1,0.5104267178237646
PB,MS,MS,24,CGCGTTTAGCTAAACA-1,-0.10534374987203665
PB,MS,MS,24,CGGAGCTCACAAGTAA-1,-0.29997119987097626
PB,MS,MS,24,CGGAGCTCACTGTTAG-1,0.18466985857221924
PB,MS,MS,24,CGGCTAGGTATAATGG-1,0.591125262242503
PB,MS,MS,24,CGGTTAACAAGTCTGT-1,0.060097839642068704
PB,MS,MS,24,CGTAGGCAGCTGTCTA-1,-0.12248741318208914
PB,MS,MS,24,CGTCACTCAGTATAAG-1,-0.16980446668142485
PB,MS,MS,24,CGTCACTGTTGTCGCG-1,0.0652534537017084
PB,MS,MS,24,CGTCCATAGAACTGTA-1,0.7003219039580005
PB,MS,MS,24,CGTCTACCATCAGTCA-1,-0.028480432853066534
PB,MS,MS,24,CGTGAGCTCTGCGACG-1,-0.14605294077353032
PB,MS,MS,24,CGTGTAACACAAGTAA-1,-0.009542373724668754
PB,MS,MS,24,CGTTAGACAGACTCGC-1,0.6864635264658503
PB,MS,MS,24,CGTTCTGAGTTAGCGG-1,-0.29997119987097626
PB,MS,MS,24,CGTTCTGTCTCTAGGA-1,0.2688711102572071
PB,MS,MS,24,CTAACTTAGGTTACCT-1,0.6772530486374383
PB,MS,MS,24,CTAACTTCAGGAACGT-1,-0.07413476266711518
PB,MS,MS,24,CTAAGACAGCTAGTGG-1,0.5453682151073413
PB,MS,MS,24,CTAAGACTCAGTCAGT-1,-0.05071682414511714
PB,MS,MS,24,CTACACCGTTCATGGT-1,-0.00044135911937015493
PB,MS,MS,24,CTACGTCCAACGATGG-1,-0.1081389615366839
PB,MS,MS,24,CTCACACTCGTTGACA-1,0.6348922416754164
PB,MS,MS,24,CTCAGAACAATGACCT-1,-0.14548744097327537
PB,MS,MS,24,CTCAGAACAGTGGGAT-1,0.2998457811315761
PB,MS,MS,24,CTCAGAAGTGATGTCT-1,-0.06731602857646016
PB,MS,MS,24,CTCCTAGAGACCTTTG-1,0.40564325454551575
PB,MS,MS,24,CTCCTAGGTGAGGGAG-1,-0.29997119987097626
PB,MS,MS,24,CTCGAGGAGGATGGTC-1,0.021226293182513695
PB,MS,MS,24,CTCGGAGCATTGGGCC-1,-0.29997119987097626
PB,MS,MS,24,CTCGTACCATCATCCC-1,-0.29997119987097626
PB,MS,MS,24,CTCGTCAAGCGGATCA-1,-0.06456766533297763
PB,MS,MS,24,CTCTACGCATCCTTGC-1,0.28630153236743155
PB,MS,MS,24,CTCTGGTTCTTGACGA-1,0.09227389965204325
PB,MS,MS,24,CTGAAACCATAGAAAC-1,0.007587988400004456
PB,MS,MS,24,CTGAAACCATGGTCAT-1,-0.29997119987097626
PB,MS,MS,24,CTGATAGGTCATCGGC-1,0.30269331771397184
PB,MS,MS,24,CTGCTGTCAGGTGGAT-1,-0.006183704225119007
PB,MS,MS,24,CTGGTCTTCGTCACGG-1,-0.010151602703304433
PB,MS,MS,24,CTTAACTGTTGCTCCT-1,-0.05659539729478348
PB,MS,MS,24,GAAATGAAGCTGAAAT-1,-0.29997119987097626
PB,MS,MS,24,GAACCTAAGCGATTCT-1,0.23624951240157063
PB,MS,MS,24,GAATAAGCAGTAACGG-1,0.16663674632330314
PB,MS,MS,24,GACACGCGTACCAGTT-1,-0.1930093636764901
PB,MS,MS,24,GACACGCGTTTACTCT-1,0.3989287764099945
PB,MS,MS,24,GACCAATCAGGCTCAC-1,0.8425198739515549
PB,MS,MS,24,GACTAACCACCTTGTC-1,-0.13543601933653643
PB,MS,MS,24,GACTACATCGCATGGC-1,-0.29997119987097626
PB,MS,MS,24,GAGTCCGAGGATGGAA-1,0.4279561317039971
PB,MS,MS,24,GATCAGTTCTTCGAGA-1,0.2885016626460013
PB,MS,MS,24,GATCGATTCATAACCG-1,0.8358680786388579
PB,MS,MS,24,GATCGCGCAGACAAGC-1,0.1872605953489548
PB,MS,MS,24,GATCGCGGTTATGTGC-1,-0.14031241549018245
PB,MS,MS,24,GATCGTACATGATCCA-1,-0.04089718559991224
PB,MS,MS,24,GATCGTATCGGTGTCG-1,-0.11660390765916387
PB,MS,MS,24,GATGAGGCACTTCTGC-1,-0.29997119987097626
PB,MS,MS,24,GATGCTAGTATGAAAC-1,0.18767301039235615
PB,MS,MS,24,GATGCTATCCACTGGG-1,-0.12512710477027053
PB,MS,MS,24,GCAATCAAGCGCTTAT-1,0.1666226163385398
PB,MS,MS,24,GCACATAGTAAGTGGC-1,-0.06017753898819517
PB,MS,MS,24,GCAGTTAAGAACTGTA-1,0.11740196624614016
PB,MS,MS,24,GCAGTTATCCGTCATC-1,0.004620914796840443
PB,MS,MS,24,GCATGATAGTCCGGTC-1,0.08428558790559403
PB,MS,MS,24,GCCTCTAAGATCCCAT-1,0.11919724356637278
PB,MS,MS,24,GCGCAACAGGTGCTTT-1,-0.03601793115401917
PB,MS,MS,24,GCGCAACCAATCCAAC-1,-0.29997119987097626
PB,MS,MS,24,GCGCCAATCTACGAGT-1,-0.12299851325759606
PB,MS,MS,24,GCGGGTTCATGCCTTC-1,-0.29997119987097626
PB,MS,MS,24,GCTGCGAAGACCCACC-1,-0.19029244430505501
PB,MS,MS,24,GCTGCGAGTGCCTGGT-1,0.05576046729233889
PB,MS,MS,24,GCTGCGATCACGCGGT-1,-0.06643623686648928
PB,MS,MS,24,GCTGCTTCACGAGAGT-1,0.2599173267509644
PB,MS,MS,24,GCTGGGTCATGGTAGG-1,1.2319338414662124
PB,MS,MS,24,GCTTCCACACCGATAT-1,-0.04032586805777834
PB,MS,MS,24,GCTTGAAAGTCCAGGA-1,0.650170976636581
PB,MS,MS,24,GCTTGAAGTAACGTTC-1,0.312161227637557
PB,MS,MS,24,GGAAAGCCAAGCCATT-1,0.006448640097522852
PB,MS,MS,24,GGACAAGAGTGTTGAA-1,-0.29997119987097626
PB,MS,MS,24,GGACAAGGTCGGGTCT-1,0.5949633277582048
PB,MS,MS,24,GGACAGAAGGGATCTG-1,1.2642234305088504
PB,MS,MS,24,GGACGTCTCAACACAC-1,-0.02590300850417143
PB,MS,MS,24,GGCAATTGTACCGTTA-1,0.4820953647390436
PB,MS,MS,24,GGCAATTGTCATGCCG-1,0.002632228820855755
PB,MS,MS,24,GGCAATTGTGTGGTTT-1,0.005018107636598926
PB,MS,MS,24,GGCGACTCACCTTGTC-1,-0.11070341643051496
PB,MS,MS,24,GGCTCGAAGTACTTGC-1,0.608510811533871
PB,MS,MS,24,GGGAATGAGACTAGGC-1-1,0.7426958240736383
PB,MS,MS,24,GGGACCTCACTGTGTA-1,-0.29997119987097626
PB,MS,MS,24,GGGATGATCCAAACTG-1,0.2522930320044379
PB,MS,MS,24,GGGATGATCCTTGGTC-1,0.34905279183828747
PB,MS,MS,24,GGGCATCAGAAGATTC-1,-0.13056251019920967
PB,MS,MS,24,GGTGAAGAGCTTCGCG-1,-0.020393859082877892
PB,MS,MS,24,GGTGAAGCAGACTCGC-1,-0.00661231360364128
PB,MS,MS,24,GGTGCGTAGCCGTCGT-1,0.1895846440315902
PB,MS,MS,24,GTAACTGCAGTCAGCC-1,0.25435219849654767
PB,MS,MS,24,GTAACTGGTTACCAGT-1,-0.03663544897408711
PB,MS,MS,24,GTACGTACATGCCACG-1,-0.11635675766280065
PB,MS,MS,24,GTCAAGTCAGGTGGAT-1,0.30397474377782546
PB,MS,MS,24,GTCACGGAGACACGAC-1,-0.18671036708120772
PB,MS,MS,24,GTCACGGGTGAACCTT-1-1,0.2215749534267056
PB,MS,MS,24,GTCCTCAAGGATGGTC-1,-0.06251386251613454
PB,MS,MS,24,GTCGTAATCCCAAGTA-1,0.47979818758268283
PB,MS,MS,24,GTGCATACACACTGCG-1,0.196871615208809
PB,MS,MS,24,GTGCATACACCACGTG-1,-0.29997119987097626
PB,MS,MS,24,GTGCATACATGTTGAC-1,1.2954410831894962
PB,MS,MS,24,GTGCTTCAGACATAAC-1,0.10187090663531036
PB,MS,MS,24,GTGTGCGTCAGAGACG-1,0.024424180700819833
PB,MS,MS,24,GTGTTAGCAAGGACTG-1,0.15841201196137952
PB,MS,MS,24,GTTCTCGAGAAACCTA-1,-0.11796310537139908
PB,MS,MS,24,TAAGCGTCAACACCCG-1,-0.049425686154881625
PB,MS,MS,24,TACACGAAGTCTCCTC-1,-0.09604891108263647
PB,MS,MS,24,TACCTTACATAACCTG-1,-0.007919157422809322
PB,MS,MS,24,TACCTTACATAGACTC-1,1.0331949394771511
PB,MS,MS,24,TACCTTATCGTGACAT-1,0.08092630508333155
PB,MS,MS,24,TACTCATAGGGAACGG-1,0.17556361701742265
PB,MS,MS,24,TACTCATAGGTTCCTA-1,-0.18581467783080408
PB,MS,MS,24,TACTCATGTAAGAGAG-1,0.6776455204784292
PB,MS,MS,24,TACTCATTCAATCACG-1,0.48185531104489543
PB,MS,MS,24,TACTCGCTCCGTTGTC-1,-0.03105570395603995
PB,MS,MS,24,TACTTACGTTCGTCTC-1,0.0012609372783014075
PB,MS,MS,24,TAGACCAGTGCAACGA-1,0.42099393625207165
PB,MS,MS,24,TATTACCGTTCCCTTG-1,0.23025147907041446
PB,MS,MS,24,TCAACGACAGTTAACC-1,0.3678779660728907
PB,MS,MS,24,TCAGCTCGTAGTACCT-1,0.2896816933453529
PB,MS,MS,24,TCAGCTCTCCGCAGTG-1-1,-0.09105757490088728
PB,MS,MS,24,TCGCGTTAGCTATGCT-1,0.5192828233806722
PB,MS,MS,24,TCGGGACTCACTTATC-1,-0.29997119987097626
PB,MS,MS,24,TCGTACCGTGCACTTA-1,0.34284797132426403
PB,MS,MS,24,TCTATTGAGTGTCTCA-1,-0.1685872808426819
PB,MS,MS,24,TCTATTGGTCTCAACA-1,-0.29997119987097626
PB,MS,MS,24,TCTCTAATCAGTTGAC-1,-0.29997119987097626
PB,MS,MS,24,TCTGAGAGTAGCCTAT-1,0.09277273444530823
PB,MS,MS,24,TCTTCGGGTACCGGCT-1,0.039570257226824314
PB,MS,MS,24,TGAAAGACATGGTTGT-1,-0.1768207843196819
PB,MS,MS,24,TGACGGCTCCACGTTC-1,0.15477472439588355
PB,MS,MS,24,TGACTAGAGTCTCAAC-1,0.32236939512045965
PB,MS,MS,24,TGACTAGCACAGATTC-1,-0.16349018994130496
PB,MS,MS,24,TGACTAGGTACTTCTT-1,0.7571176675072362
PB,MS,MS,24,TGACTTTAGCAGCCTC-1,0.0037232263609582156
PB,MS,MS,24,TGAGCATCAAGTACCT-1,0.07873500368884043
PB,MS,MS,24,TGCCAAACAATCCGAT-1,0.04979641772474985
PB,MS,MS,24,TGCCAAATCACCATAG-1,-0.29997119987097626
PB,MS,MS,24,TGCCCTACAAAGGTGC-1,0.5768275873152691
PB,MS,MS,24,TGCGCAGAGACTTGAA-1,-0.29997119987097626
PB,MS,MS,24,TGCGGGTCATGCCTTC-1,0.5973450163498848
PB,MS,MS,24,TGCGTGGCAGGAATCG-1-1,0.6687065345428952
PB,MS,MS,24,TGCTACCCATGTCGAT-1,0.03265558922216975
PB,MS,MS,24,TGGGCGTCACTGCCAG-1,0.6639241710120292
PB,MS,MS,24,TGGGCGTGTACTTGAC-1,-0.02489537150096677
PB,MS,MS,24,TGGGCGTGTTAAGTAG-1,-0.12002559044928267
PB,MS,MS,24,TGGTTAGCATCCCACT-1,-0.21418684964708992
PB,MS,MS,24,TGGTTAGTCCTGCTTG-1,0.8511944701444664
PB,MS,MS,24,TGTCCCACATGGGACA-1,0.14297061067574673
PB,MS,MS,24,TGTGGTAAGCCGATTT-1,-0.1383774224788277
PB,MS,MS,24,TGTTCCGAGTAGGCCA-1,0.3179607592875998
PB,MS,MS,24,TTAACTCGTAGCGATG-1,0.5017639947974517
PB,MS,MS,24,TTCCCAGCATCAGTCA-1,-0.29997119987097626
PB,MS,MS,24,TTCCCAGCATGTCGAT-1,-0.13180676929464144
PB,MS,MS,24,TTCGAAGCAGGACCCT-1,-0.11176428729519816
PB,MS,MS,24,TTCGAAGGTCTGCGGT-1,0.2497557973208194
PB,MS,MS,24,TTCGAAGTCGGTTCGG-1,-0.12608543532852098
PB,MS,MS,24,TTCTTAGAGCCGCCTA-1,0.0410403765904951
PB,MS,MS,24,TTGAACGTCTGACCTC-1,0.04136547510606481
PB,MS,MS,24,TTGACTTCATGGTTGT-1,0.2141475517387013
PB,MS,MS,24,TTGACTTCATTGTGCA-1-1,0.5239373690591583
PB,MS,MS,24,TTGCCGTCAGACGTAG-1,-0.10458164131675621
PB,MS,MS,24,TTTCCTCGTAGGCTGA-1,0.1681035020512275
PB,MS,MS,25,AAATGCCGTCACTTCC-1,-0.09960547045340744
PB,MS,MS,25,AACACGTGTGAGGGAG-1,0.5635130789173823
PB,MS,MS,25,AACCGCGCAAGTCTAC-1,0.2082068292664229
PB,MS,MS,25,AACGTTGTCTCATTCA-1,0.05922073011229144
PB,MS,MS,25,AACTCAGAGACGCACA-1,-0.10220621615980068
PB,MS,MS,25,AACTCTTCATCTGGTA-1,-0.29997119987097626
PB,MS,MS,25,AAGCCGCAGTCCATAC-1,-0.09935230584308796
PB,MS,MS,25,AATCGGTCACATCCGG-1,-0.06856926689989232
PB,MS,MS,25,ACACTGATCCGTACAA-1,0.06703954451432581
PB,MS,MS,25,ACAGCTAAGAATGTGT-1,-0.05240502537527394
PB,MS,MS,25,ACATGGTAGAATGTGT-1,0.31048826051756917
PB,MS,MS,25,ACGAGCCTCTAACCGA-1,-0.05945087573888209
PB,MS,MS,25,ACGATACGTTTCGCTC-1,-0.11831985502238707
PB,MS,MS,25,ACTGATGCATGGTCAT-1,0.4104016135839778
PB,MS,MS,25,AGCATACTCACTTCAT-1,-0.13942287346384705
PB,MS,MS,25,AGGCCGTGTTTGACAC-1,0.20427901155607864
PB,MS,MS,25,AGGGATGTCACGACTA-1,-0.07667602057354371
PB,MS,MS,25,AGGGATGTCCTGCCAT-1,0.332209658391049
PB,MS,MS,25,AGTGTCACATGGTCTA-1,0.27676490416352756
PB,MS,MS,25,ATTATCCCAAGGGTCA-1,-0.29997119987097626
PB,MS,MS,25,ATTATCCGTAGGCATG-1,-0.29997119987097626
PB,MS,MS,25,ATTATCCTCGACGGAA-1,0.6984402243031085
PB,MS,MS,25,ATTATCCTCTTTACAC-1,-0.29997119987097626
PB,MS,MS,25,ATTTCTGCAATTGCTG-1,-0.0027223155674678573
PB,MS,MS,25,CAACTAGAGACACTAA-1,-0.024834828674753257
PB,MS,MS,25,CACACTCTCCTGTACC-1,0.28216730236733106
PB,MS,MS,25,CAGATCAAGCACCGCT-1,-0.29997119987097626
PB,MS,MS,25,CAGCATAAGGACACCA-1,-0.001272490829237638
PB,MS,MS,25,CATCCACAGTCGAGTG-1,0.18744331668807024
PB,MS,MS,25,CATCCACTCACCTCGT-1,0.015638225157951675
PB,MS,MS,25,CATGGCGAGCTGATAA-1-1,-0.012336895402747136
PB,MS,MS,25,CATTATCGTACCGTAT-1,-0.29997119987097626
PB,MS,MS,25,CATTCGCTCCTTCAAT-1,0.5059969554935445
PB,MS,MS,25,CCGGTAGCAGGAATGC-1,-0.11203142317652033
PB,MS,MS,25,CCGTACTCAGACGCTC-1,-0.0846209811740781
PB,MS,MS,25,CCTCAGTTCGAGCCCA-1,-0.036409001311026874
PB,MS,MS,25,CCTTTCTGTGTGAAAT-1,0.3161863971886829
PB,MS,MS,25,CGAACATAGAGAACAG-1,0.14349921347030953
PB,MS,MS,25,CGACCTTGTAAACCTC-1,0.06815107616284201
PB,MS,MS,25,CGAGCACTCCACTGGG-1,0.08002223719456972
PB,MS,MS,25,CGCTATCTCCGAAGAG-1-1,0.7874955053660345
PB,MS,MS,25,CGCTGGAGTTGTCGCG-1,-0.10202793772459165
PB,MS,MS,25,CGGGTCAGTAGTACCT-1,-0.08418849835059904
PB,MS,MS,25,CGGTTAAAGACACGAC-1,0.26076537190517246
PB,MS,MS,25,CGTAGGCCAGCGAACA-1,-0.29997119987097626
PB,MS,MS,25,CGTCAGGAGCCCAGCT-1,0.23189674281426084
PB,MS,MS,25,CGTCAGGTCATAGCAC-1,0.011760486929548801
PB,MS,MS,25,CGTCTACTCAATACCG-1,0.6363130461800895
PB,MS,MS,25,CGTGTCTAGCTACCGC-1,0.126820532343241
PB,MS,MS,25,CTACACCTCCGAGCCA-1,-0.08567760665082538
PB,MS,MS,25,CTCATTACACAGCGTC-1,-0.29997119987097626
PB,MS,MS,25,CTCGAGGTCCGTAGGC-1,0.23463364056834496
PB,MS,MS,25,CTGCGGAAGCTGAAAT-1,0.26313060136678185
PB,MS,MS,25,CTGCTGTAGGAGTTGC-1-1,-0.29997119987097626
PB,MS,MS,25,CTGTTTAGTTAGGGTG-1,-0.29997119987097626
PB,MS,MS,25,GAACATCCAAGCCGCT-1,0.10324245036737476
PB,MS,MS,25,GAACCTAAGCACCGCT-1,-0.29997119987097626
PB,MS,MS,25,GACACGCGTGGACGAT-1,0.5141067234560625
PB,MS,MS,25,GACGCGTGTCAACATC-1,0.10119691174546619
PB,MS,MS,25,GATCGTATCTAGAGTC-1,0.06200229703584993
PB,MS,MS,25,GATGCTAGTACAAGTA-1,0.20036249035590945
PB,MS,MS,25,GCAGTTAGTCATACTG-1,0.5956347703666595
PB,MS,MS,25,GCGACCAGTAGGCTGA-1,-0.1419972840714213
PB,MS,MS,25,GCGAGAACACTAGTAC-1,0.31857893778471674
PB,MS,MS,25,GCGCAACTCCACGTGG-1,-0.29997119987097626
PB,MS,MS,25,GCTGCTTAGTGATCGG-1,0.15007433867468792
PB,MS,MS,25,GGACGTCAGTTACCCA-1,-0.051802675046544275
PB,MS,MS,25,GGATGTTCAGACGCAA-1,-0.29997119987097626
PB,MS,MS,25,GGCTGGTGTAGGCATG-1,-0.29997119987097626
PB,MS,MS,25,GGGCATCGTATAGTAG-1,0.24540343679174545
PB,MS,MS,25,GGGTTGCGTACCAGTT-1,0.6770009479819405
PB,MS,MS,25,GGTATTGTCAAAGACA-1,-0.29997119987097626
PB,MS,MS,25,GTACGTAAGTACACCT-1,1.0898936623429776
PB,MS,MS,25,GTACTCCTCATCACCC-1,-0.29997119987097626
PB,MS,MS,25,GTCAAGTCATGCTAGT-1,0.030121548188935327
PB,MS,MS,25,GTCCTCACACCCATGG-1,-0.05033516059485766
PB,MS,MS,25,GTGAAGGAGGCATGGT-1,-0.29997119987097626
PB,MS,MS,25,GTGAAGGGTGTGACGA-1,-0.29997119987097626
PB,MS,MS,25,GTGGGTCAGATATACG-1,0.4445667607302267
PB,MS,MS,25,GTTAAGCAGTTTCCTT-1,-0.10669957453933973
PB,MS,MS,25,TACACGACAACGATGG-1,-0.29997119987097626
PB,MS,MS,25,TACACGATCTTGGGTA-1,-0.10862132972776951
PB,MS,MS,25,TACCTTACAGTGGGAT-1,-0.09029661378397691
PB,MS,MS,25,TACCTTAGTCTAGAGG-1,-0.29997119987097626
PB,MS,MS,25,TACGGATCATGGTTGT-1,-0.04430293556537117
PB,MS,MS,25,TACTCGCAGCTGTTCA-1,0.46410514660354724
PB,MS,MS,25,TACTTGTAGGCTCATT-1,0.4543439106916349
PB,MS,MS,25,TATCAGGAGTGACATA-1,0.5454194370397537
PB,MS,MS,25,TCAGCTCAGCTACCTA-1,-0.04586350053416633
PB,MS,MS,25,TCAGCTCGTAAGAGAG-1,-0.016887179758719784
PB,MS,MS,25,TCTGAGAAGTGGTCCC-1,0.20129540832621995
PB,MS,MS,25,TCTGGAATCTTGCATT-1,0.08726862866137948
PB,MS,MS,25,TGAGAGGAGCCAACAG-1,-0.09494835682283417
PB,MS,MS,25,TGAGGGATCGTTTATC-1,-0.0285887837563731
PB,MS,MS,25,TGATTTCAGCAATATG-1,0.19507920144026042
PB,MS,MS,25,TGCACCTTCAAACCGT-1,0.11176145353986747
PB,MS,MS,25,TGCCCTACATCCAACA-1,0.4403143633497692
PB,MS,MS,25,TGCCCTATCTGCGACG-1,-0.22315739769785453
PB,MS,MS,25,TGCGGGTTCTTACCTA-1,-0.11070293034128494
PB,MS,MS,25,TGCTACCAGTGTACCT-1,0.7211812609971673
PB,MS,MS,25,TTATGCTGTACGACCC-1,-0.10090829188052648
PB,MS,MS,25,TTCGGTCGTCGCCATG-1,-0.02824046093043939
PB,MS,MS,25,TTGGCAAAGCTAGCCC-1,-0.03549922019207208
PB,MS,MS,25,TTTGGTTTCCTTGCCA-1,-0.07870228592304503
PB,MS,MS,27,AAACCTGGTAATAGCA-1,-0.29997119987097626
PB,MS,MS,27,AAAGCAACAAGGACTG-1,0.15725183174756868
PB,MS,MS,27,AACGTTGTCTCGATGA-1,0.05754126780416493
PB,MS,MS,27,AAGGCAGTCAGCACAT-1,0.05981663087701653
PB,MS,MS,27,AATCGGTGTTAAAGTG-1,0.11902649265904786
PB,MS,MS,27,ACAGCTAGTGGGTATG-1,0.035133202662531796
PB,MS,MS,27,ACGAGGAGTCAAACTC-1,-0.07668739459598993
PB,MS,MS,27,ACGGGTCTCTTACCGC-1,-0.29997119987097626
PB,MS,MS,27,ACTATCTTCGACGGAA-1,-0.29997119987097626
PB,MS,MS,27,ACTGAACCATGCCTAA-1,-0.29997119987097626
PB,MS,MS,27,ACTGATGCACACAGAG-1,0.7978570565913191
PB,MS,MS,27,ACTGTCCTCAGCATGT-1,-0.15759410938986965
PB,MS,MS,27,ACTTGTTCATCGGACC-1,-0.14510311597268327
PB,MS,MS,27,AGATCTGGTGGTACAG-1,-0.18689493347056294
PB,MS,MS,27,AGCAGCCGTCGAGTTT-1,0.4051850232677788
PB,MS,MS,27,AGCTCTCAGCGCCTCA-1,-0.1967009671629977
PB,MS,MS,27,AGCTTGATCGTCCAGG-1-1,-0.29997119987097626
PB,MS,MS,27,AGGTCCGAGGACTGGT-1,0.26799128621324525
PB,MS,MS,27,AGTCTTTTCTTCATGT-1,0.22974702033373276
PB,MS,MS,27,ATAACGCTCTTAACCT-1,-0.29997119987097626
PB,MS,MS,27,ATCACGATCAATAAGG-1,-0.03059377071089888
PB,MS,MS,27,ATGAGGGCATAAAGGT-1,-0.04664673711772215
PB,MS,MS,27,ATGGGAGTCAGCTTAG-1,0.09100936821877355
PB,MS,MS,27,ATGTGTGCATGAGCGA-1,-0.16609450060951486
PB,MS,MS,27,CAACTAGTCTGCGGCA-1,-0.1204889708434025
PB,MS,MS,27,CAAGATCCACTTACGA-1,1.0411247066431206
PB,MS,MS,27,CAAGTTGTCGGCTTGG-1,0.4591329384899528
PB,MS,MS,27,CACATAGTCGACCAGC-1,-0.29997119987097626
PB,MS,MS,27,CACTCCAGTAACGCGA-1,0.07148101337745352
PB,MS,MS,27,CAGATCAGTCAAACTC-1,-0.29997119987097626
PB,MS,MS,27,CAGCTGGTCCCAAGAT-1,-0.29997119987097626
PB,MS,MS,27,CATCAGAAGTAATCCC-1,0.03009164489252639
PB,MS,MS,27,CATCGAATCCGTAGTA-1,0.23014236008181135
PB,MS,MS,27,CCAATCCAGGAGTCTG-1,0.4052565319961516
PB,MS,MS,27,CCGGGATGTCTGCAAT-1,0.09374451010084324
PB,MS,MS,27,CCGTACTTCGGAATCT-1,-0.12038234664374282
PB,MS,MS,27,CCGTTCAGTCGAGTTT-1,-0.29997119987097626
PB,MS,MS,27,CCTTCCCCAACGATGG-1,0.49311986099801325
PB,MS,MS,27,CCTTCCCGTCACTGGC-1,-0.29997119987097626
PB,MS,MS,27,CGAATGTTCCTAAGTG-1,-0.29997119987097626
PB,MS,MS,27,CGACCTTAGTGAATTG-1,0.2936431565873806
PB,MS,MS,27,CGACCTTGTCAGAATA-1,0.2105819612215761
PB,MS,MS,27,CGGAGTCGTCAGAAGC-1,-0.03307476107952151
PB,MS,MS,27,CGGAGTCGTGATGTGG-1,-0.29997119987097626
PB,MS,MS,27,CGTAGCGGTGTTGGGA-1,-0.29997119987097626
PB,MS,MS,27,CGTAGCGGTTGTTTGG-1,-0.29997119987097626
PB,MS,MS,27,CTAACTTAGTCCTCCT-1,0.06937568530336043
PB,MS,MS,27,CTAACTTGTACTTGAC-1,0.22243510673527517
PB,MS,MS,27,CTAGAGTAGCTTCGCG-1,0.6948947992335139
PB,MS,MS,27,CTCGAAAAGTACGTTC-1,-0.29997119987097626
PB,MS,MS,27,CTCGAGGCAGACAGGT-1,-0.005557426907778051
PB,MS,MS,27,CTCTACGGTAAACGCG-1,0.07947796461477197
PB,MS,MS,27,CTCTACGGTCGCGGTT-1-1,-0.11064207462346827
PB,MS,MS,27,CTCTGGTTCCAAGCCG-1,-0.29997119987097626
PB,MS,MS,27,CTGATCCTCCCGACTT-1,0.40908895775362664
PB,MS,MS,27,CTGCGGAGTTAAGAAC-1,-0.06811199166850601
PB,MS,MS,27,CTGGTCTTCAGATAAG-1,0.38682944951044185
PB,MS,MS,27,CTGTTTACATCCGGGT-1,0.16384804322147453
PB,MS,MS,27,CTTCTCTGTGTGCGTC-1,0.4205682692584131
PB,MS,MS,27,GAATGAAGTAAGGATT-1,1.0004534808877177
PB,MS,MS,27,GACGCGTGTGCCTGTG-1-1,-0.1135900220475082
PB,MS,MS,27,GACTACAGTTGCCTCT-1,-0.04844406081382806
PB,MS,MS,27,GACTACATCAACGAAA-1,-0.18343519779893572
PB,MS,MS,27,GATCGTATCGTTACAG-1,-0.29997119987097626
PB,MS,MS,27,GATCTAGGTCATTAGC-1,0.12318811302025644
PB,MS,MS,27,GCATGTAGTGTGAAAT-1,0.024335740557317558
PB,MS,MS,27,GCGCAACAGGCTCTTA-1,0.013689009161796186
PB,MS,MS,27,GCGCCAAGTAGGAGTC-1,-0.29997119987097626
PB,MS,MS,27,GCTCCTAAGGTGGGTT-1,0.1951727492389825
PB,MS,MS,27,GGACGTCCAAAGGAAG-1,0.07982922111658619
PB,MS,MS,27,GGCTCGACACATGTGT-1,-0.09472177475955466
PB,MS,MS,27,GGGATGAAGACTAGAT-1,-0.29997119987097626
PB,MS,MS,27,GGGCATCCATCGGTTA-1,0.01462426196187218
PB,MS,MS,27,GGTATTGAGTGAATTG-1,0.03212148024662974
PB,MS,MS,27,GGTGTTACAGCGAACA-1,-0.11216963187121486
PB,MS,MS,27,GTACTCCAGACGCACA-1,0.22476138517839936
PB,MS,MS,27,GTCCTCAAGAGTAATC-1,0.103268747131371
PB,MS,MS,27,GTCGGGTAGTCAAGGC-1,0.11744624277047304
PB,MS,MS,27,GTCGTAAAGGCGATAC-1,-0.14437778370871795
PB,MS,MS,27,GTGCAGCCAAGTCTAC-1,0.36791422801365237
PB,MS,MS,27,GTGCAGCTCGGAATCT-1,-0.29997119987097626
PB,MS,MS,27,GTGTGCGGTGCACGAA-1,-0.12316065372372172
PB,MS,MS,27,GTTCGGGCACGACTCG-1,-0.12105854054426178
PB,MS,MS,27,GTTCTCGGTAGAAGGA-1,0.4729619087993336
PB,MS,MS,27,TACACGAAGACTAGGC-1,0.6096095664505793
PB,MS,MS,27,TACTCATAGACTAAGT-1,-0.05046285860246779
PB,MS,MS,27,TACTCATGTACAGCAG-1,-0.29997119987097626
PB,MS,MS,27,TAGAGCTCACTCAGGC-1,-0.1253065318705135
PB,MS,MS,27,TAGAGCTTCAAAGTAG-1,-0.04959166073368719
PB,MS,MS,27,TCAGGATAGCTAACAA-1,0.05150636535535469
PB,MS,MS,27,TCGAGGCAGTGTCTCA-1,-0.015625632788440254
PB,MS,MS,27,TCGCGAGCACCAACCG-1,-0.23200928658762093
PB,MS,MS,27,TCGCGTTGTCTGGAGA-1,-0.29997119987097626
PB,MS,MS,27,TCTATTGGTGACGCCT-1,-0.29997119987097626
PB,MS,MS,27,TGACAACGTCCAGTGC-1,0.08311234865897792
PB,MS,MS,27,TGACTTTTCAGTGTTG-1,-0.29997119987097626
PB,MS,MS,27,TGAGCATCATAGGATA-1,-0.29997119987097626
PB,MS,MS,27,TGCCCATCACAGAGGT-1,-0.0986780328023302
PB,MS,MS,27,TGCGCAGTCGTGGTCG-1,0.3261354220387353
PB,MS,MS,27,TGGCCAGTCCACGCAG-1,-0.17343186812465097
PB,MS,MS,27,TTAGTTCCACCTCGGA-1,-0.29997119987097626
PB,MS,MS,27,TTCGAAGTCCAAGCCG-1,0.2287198502811678
PB,MS,MS,27,TTGAACGAGCGCTTAT-1,-0.29997119987097626
PB,MS,MS,28,AAAGTAGTCTCTAAGG-1,0.21442388961673356
PB,MS,MS,28,ACCAGTAAGCTCCTTC-1,-0.29997119987097626
PB,MS,MS,28,ACCCACTGTTCTGTTT-1,-0.08736413061928087
PB,MS,MS,28,ACGATACGTGCGGTAA-1,0.349595376163149
PB,MS,MS,28,AGCTCCTGTCGACTGC-1,0.2031471346347747
PB,MS,MS,28,AGTGAGGAGCCGATTT-1,-0.11958784934691642
PB,MS,MS,28,ATCGAGTAGACTGTAA-1,0.24486338610342573
PB,MS,MS,28,CACCACTTCACCGGGT-1,0.2684783479889884
PB,MS,MS,28,CAGCTAAAGGTGGGTT-1,0.06754632873659243
PB,MS,MS,28,CCTCTGAAGGCTCAGA-1,0.0860573978750335
PB,MS,MS,28,CGAACATTCAGTCCCT-1,0.2077280430280344
PB,MS,MS,28,CGGACTGTCCTTGGTC-1,-0.29997119987097626
PB,MS,MS,28,CGTAGCGAGTCCGGTC-1,-0.29997119987097626
PB,MS,MS,28,CGTCCATGTCAAGCGA-1,-0.14301337318391935
PB,MS,MS,28,CTAAGACCAGTATGCT-1,0.6297665275459904
PB,MS,MS,28,CTGATAGTCCTGTACC-1,-0.13768111433601715
PB,MS,MS,28,CTTCTCTCACCTGGTG-1,-0.14673048005700245
PB,MS,MS,28,GACAGAGCAAACTGTC-1,0.21652048907857124
PB,MS,MS,28,GACGTTAGTCCAACTA-1,0.057416634206181025
PB,MS,MS,28,GATTCAGCAAGCTGTT-1,-0.04373158140341472
PB,MS,MS,28,GCGCAGTCAGTTCCCT-1,0.056436114683593726
PB,MS,MS,28,GGGCACTGTTTGCATG-1,0.07751457122366644
PB,MS,MS,28,GTACTCCAGTTACGGG-1,-0.011810698268223837
PB,MS,MS,28,GTTCGGGTCGTAGGAG-1,-0.29997119987097626
PB,MS,MS,28,TAAGAGACATTGTGCA-1,-0.29997119987097626
PB,MS,MS,28,TACACGAAGAGTTGGC-1,-0.030273695492196707
PB,MS,MS,28,TAGGCATGTCAAACTC-1,-0.29997119987097626
PB,MS,MS,28,TCTCTAACACCTCGTT-1,1.0510887895203092
PB,MS,MS,28,TGCCAAAAGCTGAACG-1,0.4021107363473356
PB,MS,MS,28,TGGGCGTCACCGAAAG-1,0.4942790380891619
PB,MS,MS,28,TTAGTTCTCAAACCAC-1,0.5928995707078171
PB,MS,MS,28,TTGCCGTTCGGCTTGG-1,-0.29997119987097626
PB,MS,MS,29,AAAGCAACAGCTGTGC-1,-0.020318504622177134
PB,MS,MS,29,AAGTCTGTCACGCGGT-1,-0.29997119987097626
PB,MS,MS,29,AATCCAGCAAGTAATG-1,-0.29997119987097626
PB,MS,MS,29,ACACCAACAATGGACG-1,-0.29997119987097626
PB,MS,MS,29,ACATCAGAGTGTACGG-1,-0.15509658573929097
PB,MS,MS,29,ACCGTAAAGAATGTTG-1,-0.024449729402151277
PB,MS,MS,29,ACGCCAGGTCTCTCGT-1,-0.15318083574334476
PB,MS,MS,29,ACTTTCATCTGCGACG-1,0.8552532674839309
PB,MS,MS,29,AGAATAGCACTTGGAT-1,0.2824778320697948
PB,MS,MS,29,AGACGTTCACCGAAAG-1,0.7554275434534545
PB,MS,MS,29,AGAGCTTCATCCGTGG-1,-0.1510790770351829
PB,MS,MS,29,AGCTCCTGTCATTAGC-1,-0.29997119987097626
PB,MS,MS,29,AGTTGGTAGCATCATC-1,-0.09130989283970911
PB,MS,MS,29,ATTACTCGTCTGATCA-1,0.11463447588194287
PB,MS,MS,29,ATTCTACTCGATGAGG-1,0.8840587421905546
PB,MS,MS,29,ATTTCTGCAATGGAGC-1,-0.06289240932448951
PB,MS,MS,29,CAACTAGCAAGGCTCC-1,-0.15187642119516573
PB,MS,MS,29,CACCTTGAGATATGGT-1,-0.12195594175334405
PB,MS,MS,29,CAGCTAAGTAAGGGAA-1,-0.12229984016509694
PB,MS,MS,29,CAGCTAAGTCTTCAAG-1,0.29517775903726406
PB,MS,MS,29,CAGTAACCACAAGCCC-1,0.12487902416241149
PB,MS,MS,29,CATTATCGTCGTGGCT-1,0.5068352333595294
PB,MS,MS,29,CATTCGCGTGTCTGAT-1,0.012287577069572666
PB,MS,MS,29,CCACTACAGAATGTGT-1,0.5610911898659902
PB,MS,MS,29,CCAGCGAAGCCCAACC-1,-0.11834442394460265
PB,MS,MS,29,CCTCAGTTCTCAAGTG-1,-0.19673659689424294
PB,MS,MS,29,CGAATGTGTAGGACAC-1,0.020418703095453208
PB,MS,MS,29,CGATGTAAGCCTCGTG-1,0.2853224848947094
PB,MS,MS,29,CGCGGTAGTTCCATGA-1,-0.10088695192972559
PB,MS,MS,29,CGCGTTTAGTTTGCGT-1,-0.11891538065577271
PB,MS,MS,29,CGGACTGAGACTAGGC-1,0.4192696651490137
PB,MS,MS,29,CGGACTGAGGTAGCTG-1,0.5763570964673086
PB,MS,MS,29,CGGACTGAGGTGGGTT-1,0.21965000435254248
PB,MS,MS,29,CGTAGCGGTCCAAGTT-1-1,0.5396146628421329
PB,MS,MS,29,CGTGAGCAGTTTAGGA-1,0.14924213302295689
PB,MS,MS,29,CTAACTTAGCTGAAAT-1,-0.29997119987097626
PB,MS,MS,29,CTAAGACCAGAGCCAA-1,-0.29997119987097626
PB,MS,MS,29,CTAAGACGTCGCTTTC-1,0.019413987235420618
PB,MS,MS,29,CTCATTATCTGTTTGT-1,0.5975229677419819
PB,MS,MS,29,CTCCTAGGTCCGAAGA-1,-0.19713132051109233
PB,MS,MS,29,CTCGAAAAGGTCGGAT-1,-0.1452274679731554
PB,MS,MS,29,CTCGGAGTCAAACCAC-1,0.0022805341835024757
PB,MS,MS,29,CTCGGGACACATTAGC-1,0.28517467201372304
PB,MS,MS,29,CTTTGCGGTTGCTCCT-1,-0.09734044693480771
PB,MS,MS,29,GAACATCCAAATACAG-1,1.1215247797001757
PB,MS,MS,29,GAATGAAGTACCAGTT-1,0.3499825535969094
PB,MS,MS,29,GACTACAGTCCCTTGT-1,-0.29997119987097626
PB,MS,MS,29,GACTGCGGTTTGACTG-1,0.22124664253071447
PB,MS,MS,29,GATGAAAAGAGCAATT-1,0.31244891476627284
PB,MS,MS,29,GATGAGGTCAAGGCTT-1,0.6255574445702393
PB,MS,MS,29,GCAGTTATCATCATTC-1,-0.29997119987097626
PB,MS,MS,29,GCCTCTAGTCTTGCGG-1,0.3995652863506248
PB,MS,MS,29,GCGAGAAGTGGTAACG-1,-0.10087562778407107
PB,MS,MS,29,GCGCAACGTGTCGCTG-1-1,-0.05273618782263188
PB,MS,MS,29,GCGCAACTCGGTTCGG-1,0.08802370030834682
PB,MS,MS,29,GCTCCTAGTGCCTGTG-1,0.055324317224142126
PB,MS,MS,29,GCTGGGTAGAAGAAGC-1,-0.29997119987097626
PB,MS,MS,29,GCTGGGTGTACTCAAC-1,-0.05598863979498976
PB,MS,MS,29,GGAAAGCCAAATCCGT-1,0.0923312738065942
PB,MS,MS,29,GGACGTCCAAGTTGTC-1,-0.29997119987097626
PB,MS,MS,29,GGACGTCCACTCGACG-1,-0.29997119987097626
PB,MS,MS,29,GGCCGATCAATTCCTT-1,0.5273477378911667
PB,MS,MS,29,GGGAATGTCTGGCGAC-1,0.4205682692584131
PB,MS,MS,29,GGGACCTTCATCGCTC-1,-0.29997119987097626
PB,MS,MS,29,GGGAGATAGCGATTCT-1,-0.021311367621955846
PB,MS,MS,29,GTAACGTAGCCACGTC-1,0.07765880831506197
PB,MS,MS,29,GTCAAGTGTCCGAATT-1,0.527382091071315
PB,MS,MS,29,GTCAAGTTCACCATAG-1,0.08282763202407746
PB,MS,MS,29,GTCACAAAGGTGACCA-1,0.19844602870176772
PB,MS,MS,29,GTCGGGTTCAGCACAT-1,-0.16817922665747279
PB,MS,MS,29,GTCGTAAAGTTTAGGA-1,0.13835702065889086
PB,MS,MS,29,GTCTTCGTCAGTACGT-1,0.4143860700832259
PB,MS,MS,29,GTGAAGGCATTCACTT-1,0.20263607606852338
PB,MS,MS,29,GTGCGGTGTATATGAG-1,-0.10206346061067097
PB,MS,MS,29,GTGTGCGAGAAGGGTA-1,-0.18395982215090984
PB,MS,MS,29,GTTCATTAGATCGGGT-1,-0.10339210722979984
PB,MS,MS,29,GTTCGGGAGGACACCA-1-1,0.03777176916617386
PB,MS,MS,29,GTTCGGGGTACGCACC-1,0.03825139318101086
PB,MS,MS,29,TACTTACCACGGCCAT-1,-0.29997119987097626
PB,MS,MS,29,TACTTACGTATAGGTA-1,0.6089127714773044
PB,MS,MS,29,TCATTACTCGGAATCT-1,-0.29997119987097626
PB,MS,MS,29,TCATTTGAGTGCGATG-1-1,-0.19654625911943263
PB,MS,MS,29,TCATTTGCACAGAGGT-1,-0.29997119987097626
PB,MS,MS,29,TCGGTAACATAAGACA-1,0.5263969028470828
PB,MS,MS,29,TCTGGAATCTTGCATT-1-1,-0.08373470545484454
PB,MS,MS,29,TGATTTCGTGATGTGG-1,0.7443148562580858
PB,MS,MS,29,TGCACCTTCTAGAGTC-1,0.05577800841538161
PB,MS,MS,29,TGCCAAAAGGACAGCT-1,0.29222035835633436
PB,MS,MS,29,TGGCGCAGTCGGATCC-1,0.18837955147510804
PB,MS,MS,29,TGTGGTACAGCTGGCT-1,0.1795156532090337
PB,MS,MS,29,TGTTCCGGTAGAAGGA-1,-0.11972629391166975
PB,MS,MS,29,TTAACTCCAAGCCATT-1,0.081632600853744
PB,MS,MS,29,TTAGGACTCACCTTAT-1,-0.29997119987097626
PB,MS,MS,29,TTATGCTTCCATTCTA-1,-0.29997119987097626
PB,MS,MS,29,TTCTACAGTCTTTCAT-1,0.462903452222121
PB,MS,MS,29,TTCTCAAAGCAGCGTA-1,-0.012696543204266417
PB,MS,MS,29,TTCTTAGAGCTGAAAT-1,0.2961825681591765
PB,MS,MS,29,TTGAACGAGCACAGGT-1,0.12737329143626558
PB,MS,MS,31,AAACCTGTCAACACAC-1,0.10493273799496862
PB,MS,MS,31,AAACGGGTCAATACCG-1,-0.12520817795144704
PB,MS,MS,31,AAACGGGTCCGAAGAG-1,1.2806525309533785
PB,MS,MS,31,AAAGCAAAGCACAGGT-1,-0.09344878733784721
PB,MS,MS,31,AACACGTTCCTGCAGG-1,0.032032122693759754
PB,MS,MS,31,AACCGCGTCTGTCTAT-1,0.011376681373082629
PB,MS,MS,31,AACTCAGTCAGCATGT-1,0.321822215523555
PB,MS,MS,31,AACTGGTAGACCACGA-1,0.16027722093271193
PB,MS,MS,31,AACTTTCAGCCAGGAT-1,0.1486721625535165
PB,MS,MS,31,AACTTTCGTTTGGCGC-1,0.0008565054981186648
PB,MS,MS,31,AATCCAGAGCTACCGC-1,-0.29997119987097626
PB,MS,MS,31,ACATCAGAGCAGATCG-1,0.09617227465991672
PB,MS,MS,31,ACATCAGGTTCGGGCT-1,-0.09282255045921706
PB,MS,MS,31,ACATCAGTCGGTTAAC-1,-0.29997119987097626
PB,MS,MS,31,ACCGTAAAGACAGACC-1,-0.10510271135836673
PB,MS,MS,31,ACCTTTATCGTGGTCG-1,0.2004950046359785
PB,MS,MS,31,ACGATGTAGAGCAATT-1,-0.0223402727110725
PB,MS,MS,31,ACGCCGAGTAATCACC-1,0.060643100292930185
PB,MS,MS,31,ACGGAGACATTGGCGC-1,0.28934372340269654
PB,MS,MS,31,ACGGGCTAGTACATGA-1,0.3182467068248077
PB,MS,MS,31,ACGGGCTCAAATTGCC-1,0.11302894683614702
PB,MS,MS,31,ACGTCAAAGAATGTTG-1,0.7216600627149302
PB,MS,MS,31,ACTATCTCACATCCAA-1,-0.29997119987097626
PB,MS,MS,31,ACTATCTGTGACAAAT-1,0.12142439011848104
PB,MS,MS,31,ACTGAACCATCTGGTA-1,-0.16061565118020124
PB,MS,MS,31,ACTGCTCTCAGAGACG-1-1,0.38939379358893567
PB,MS,MS,31,ACTTACTCAGCTTAAC-1,0.37114413605685004
PB,MS,MS,31,AGAATAGGTTACAGAA-1,-0.29997119987097626
PB,MS,MS,31,AGGGAGTAGCCACTAT-1,0.007423754600294398
PB,MS,MS,31,AGGGATGTCCTTTCGG-1,0.16070610529051602
PB,MS,MS,31,AGTAGTCGTTAGTGGG-1,-0.29997119987097626
PB,MS,MS,31,AGTGGGACACGCATCG-1,-0.12081243797467751
PB,MS,MS,31,AGTTGGTTCACTGGGC-1,0.28242579136621926
PB,MS,MS,31,AGTTGGTTCCCAAGTA-1,0.1534890462732823
PB,MS,MS,31,ATAGACCAGGTCGGAT-1,0.17938650518948102
PB,MS,MS,31,ATAGACCCAACCGCCA-1,0.15574148377367011
PB,MS,MS,31,ATAGACCGTTTGACTG-1,0.44646414685267366
PB,MS,MS,31,ATCATCTAGACACTAA-1,-0.0035720654807234026
PB,MS,MS,31,ATCCGAAGTTAAGAAC-1-1,0.04386398671452496
PB,MS,MS,31,ATGCGATTCGAATGGG-1,0.28044252781042694
PB,MS,MS,31,CAACCAACACATTTCT-1,0.5062380720648467
PB,MS,MS,31,CAAGAAAAGCGTCTAT-1,0.4864343775725721
PB,MS,MS,31,CAAGATCCACCCTATC-1,0.6015030452113416
PB,MS,MS,31,CACCAGGCACATCCGG-1,-0.09590589300128236
PB,MS,MS,31,CACCTTGGTCTCGTTC-1,-0.11477962404555206
PB,MS,MS,31,CAGAATCAGAAGGTGA-1,0.403411648375128
PB,MS,MS,31,CAGAATCTCCAAGTAC-1,-0.005805305889761755
PB,MS,MS,31,CAGCCGAAGTGCAAGC-1,-0.060655231741368755
PB,MS,MS,31,CAGCTAACAATCGGTT-1,0.49276281387853366
PB,MS,MS,31,CAGCTAAGTCTCTTAT-1,-0.13741296544747741
PB,MS,MS,31,CAGGTGCAGGCTCTTA-1,0.2513504762220212
PB,MS,MS,31,CATATGGCATACCATG-1,-0.29997119987097626
PB,MS,MS,31,CATATTCAGGGTTCCC-1,0.01276912745952996
PB,MS,MS,31,CATCAAGCACTCAGGC-1,-0.04055693261350526
PB,MS,MS,31,CATCAAGCATGTCTCC-1,-0.17509133591752604
PB,MS,MS,31,CATCAGAAGACGCAAC-1,-0.1215026484855637
PB,MS,MS,31,CATGACAAGGGCACTA-1,-0.29997119987097626
PB,MS,MS,31,CATGCCTGTATAAACG-1,-0.18458043567567703
PB,MS,MS,31,CCAATCCTCCCATTTA-1,0.8646544018925191
PB,MS,MS,31,CCCAGTTAGCTAACAA-1,-0.012527556209353316
PB,MS,MS,31,CCGTACTAGTATTGGA-1,0.38174590243081985
PB,MS,MS,31,CCGTGGATCTCCGGTT-1,-0.06238423854433404
PB,MS,MS,31,CCTAAAGTCAGCTCTC-1,-0.14539124753382038
PB,MS,MS,31,CCTAAAGTCGTTGCCT-1,0.2848824399867298
PB,MS,MS,31,CCTCAGTAGTACGACG-1,-0.15879949770337834
PB,MS,MS,31,CCTTCCCAGGTGCAAC-1,0.44432882793634604
PB,MS,MS,31,CCTTCGAAGAGTTGGC-1,0.23229844385562254
PB,MS,MS,31,CGAACATCAGATCGGA-1,-0.29997119987097626
PB,MS,MS,31,CGAATGTCAGTGGGAT-1,0.039451136898600865
PB,MS,MS,31,CGAATGTGTGCACCAC-1,-0.057069070079385
PB,MS,MS,31,CGAATGTTCTCGTATT-1,-0.17517279204652428
PB,MS,MS,31,CGACTTCAGTCGTTTG-1,-0.29997119987097626
PB,MS,MS,31,CGCCAAGGTGTGTGCC-1,0.2669980963109911
PB,MS,MS,31,CGCGGTACAAAGGTGC-1,-0.12713076414417998
PB,MS,MS,31,CGCGGTACAACAACCT-1,-0.18605113501102566
PB,MS,MS,31,CGCTGGAAGTGGCACA-1,0.10164526902653585
PB,MS,MS,31,CGGACACAGCACAGGT-1,0.4346011419289778
PB,MS,MS,31,CGGACTGTCTATGTGG-1,0.0051832057213867366
PB,MS,MS,31,CGGAGCTGTGTTTGTG-1,0.15305698432268308
PB,MS,MS,31,CGGAGTCAGGTGACCA-1,-0.1114936442037729
PB,MS,MS,31,CGTAGGCAGCACCGCT-1,0.25144542781575474
PB,MS,MS,31,CGTCAGGTCTTACCGC-1,0.3260537479062721
PB,MS,MS,31,CGTGAGCAGAGACGAA-1,-0.12612535879854528
PB,MS,MS,31,CGTGAGCTCTGGTTCC-1,-0.29997119987097626
PB,MS,MS,31,CGTGTAAGTCTCATCC-1,-0.29997119987097626
PB,MS,MS,31,CTAACTTTCCGTAGTA-1,-0.2045598208955342
PB,MS,MS,31,CTAATGGAGTTACGGG-1,-0.06144090215260371
PB,MS,MS,31,CTAATGGGTGCGATAG-1,0.4778960297741941
PB,MS,MS,31,CTACATTCATGGTAGG-1,-0.16186204694673748
PB,MS,MS,31,CTAGAGTTCCTTAATC-1,0.4124808847985069
PB,MS,MS,31,CTCAGAAAGAGTAAGG-1,0.3699742269877063
PB,MS,MS,31,CTCCTAGTCACGACTA-1,0.2688293999940931
PB,MS,MS,31,CTCGAAAGTACTTCTT-1,0.09777913621856936
PB,MS,MS,31,CTCGAAAGTTGCCTCT-1,0.20890595619317773
PB,MS,MS,31,CTCGGAGTCATCACCC-1,0.27224269310219273
PB,MS,MS,31,CTCGGGACACATCCGG-1,-0.15101102893662693
PB,MS,MS,31,CTCTAATGTCTGGAGA-1,-0.05054784083690394
PB,MS,MS,31,CTGCCTAAGTGTTTGC-1,-0.29997119987097626
PB,MS,MS,31,CTGCGGAAGATAGGAG-1,0.14588236547727015
PB,MS,MS,31,CTGCGGACACGAAACG-1,-0.1297920132947709
PB,MS,MS,31,CTGCTGTCATCAGTCA-1,0.2869547772861372
PB,MS,MS,31,CTGGTCTAGATCACGG-1,-0.1699334752278244
PB,MS,MS,31,CTGGTCTTCTGGGCCA-1,0.33233338679955077
PB,MS,MS,31,CTGTGCTCAGCCTTTC-1,-0.1952900415259908
PB,MS,MS,31,CTGTTTAAGCGTGAGT-1,0.7504991703600078
PB,MS,MS,31,CTGTTTAGTTCCACGG-1,-0.29997119987097626
PB,MS,MS,31,CTGTTTATCGTAGGAG-1,0.5087285787647885
PB,MS,MS,31,GAAACTCAGCTTTGGT-1,0.23416047879694216
PB,MS,MS,31,GAAATGATCTAACCGA-1,0.27191381944370335
PB,MS,MS,31,GAACATCTCTGGAGCC-1,0.18404178319420308
PB,MS,MS,31,GAACCTAAGAAACGCC-1,0.1413352869295327
PB,MS,MS,31,GAACCTATCCACGTTC-1,-0.19341822656283608
PB,MS,MS,31,GAATAAGCACCCATGG-1,-0.29997119987097626
PB,MS,MS,31,GAATAAGCACGGTAGA-1,-0.048400425751740514
PB,MS,MS,31,GACACGCAGCATCATC-1,0.10232882015361618
PB,MS,MS,31,GACTGCGCACGCATCG-1,0.3944635403452144
PB,MS,MS,31,GATCGTAAGAGGTTAT-1,0.13415901580126954
PB,MS,MS,31,GATGAAAGTACGACCC-1,-0.29997119987097626
PB,MS,MS,31,GATGAGGTCGCACTCT-1,-0.19485974219936603
PB,MS,MS,31,GCATACACACGAGAGT-1,0.07789389198292206
PB,MS,MS,31,GCGCCAAAGCACCGTC-1,0.19753953972387386
PB,MS,MS,31,GCGCGATGTCGCGGTT-1,0.4576562250093089
PB,MS,MS,31,GCTGCAGCATATGGTC-1-1,0.13446746112850635
PB,MS,MS,31,GCTGCAGTCGGATGGA-1,-0.16935467961998987
PB,MS,MS,31,GCTGCTTTCCATGCTC-1,0.6668155428535044
PB,MS,MS,31,GCTTCCAGTTCGGGCT-1,0.22711163326806766
PB,MS,MS,31,GCTTGAAAGGCGTACA-1,0.7341105643778904
PB,MS,MS,31,GGAAAGCGTGTTCGAT-1,-0.004375821988577452
PB,MS,MS,31,GGAACTTCATGCTAGT-1,0.11074612007873176
PB,MS,MS,31,GGCAATTGTCTGGTCG-1,-0.23355555832213457
PB,MS,MS,31,GGCCGATTCCCATTTA-1,0.5787873853171863
PB,MS,MS,31,GGCGACTAGACAAAGG-1,-0.12476553383100544
PB,MS,MS,31,GGCTCGAAGCCCTAAT-1,0.6874132441936097
PB,MS,MS,31,GGGAGATGTATAGGGC-1,-0.18015606705312395
PB,MS,MS,31,GGGATGAGTAATAGCA-1,0.026419729509535368
PB,MS,MS,31,GGGTCTGCACAGACAG-1,0.39203731759444427
PB,MS,MS,31,GGTGTTATCCGCGGTA-1,0.1997665956107087
PB,MS,MS,31,GTAACTGGTCACCCAG-1,-0.29997119987097626
PB,MS,MS,31,GTACTTTCACTGTCGG-1,-0.29997119987097626
PB,MS,MS,31,GTAGTCAAGAAGGGTA-1,0.13175612429961372
PB,MS,MS,31,GTATTCTAGCTTTGGT-1-1,0.15640857425825824
PB,MS,MS,31,GTATTCTTCCTCGCAT-1,-0.07810292255803182
PB,MS,MS,31,GTCACAATCTAACTCT-1,0.15061588316876612
PB,MS,MS,31,GTCACGGGTCACACGC-1,-0.04765270492258326
PB,MS,MS,31,GTCATTTGTGCCTGTG-1,-0.16549649379987916
PB,MS,MS,31,GTCCTCATCGGCGGTT-1,0.6252960385412408
PB,MS,MS,31,GTCGTAATCAGCTCGG-1,0.5484244698436218
PB,MS,MS,31,GTCTCGTCACGGCTAC-1,0.021668176742157357
PB,MS,MS,31,GTGCAGCTCAATAAGG-1,0.25805694832397846
PB,MS,MS,31,GTGCATAGTGAAGGCT-1-1,-0.29997119987097626
PB,MS,MS,31,GTGCTTCGTCTAGAGG-1,0.14581471215663688
PB,MS,MS,31,GTGCTTCTCTGAGGGA-1,0.23417543055393958
PB,MS,MS,31,GTTCATTCAACGATGG-1,-0.29997119987097626
PB,MS,MS,31,TAAACCGCATGCCCGA-1,0.5833350539708599
PB,MS,MS,31,TACCTTAGTCTCCATC-1,-0.048552845750323634
PB,MS,MS,31,TACTTACTCCGCGTTT-1,0.029699579820715027
PB,MS,MS,31,TACTTGTAGAGGTTGC-1,-0.0970649524742834
PB,MS,MS,31,TAGACCATCGGAAACG-1,1.0063155393080687
PB,MS,MS,31,TATGCCCGTAAGCACG-1,-0.060209373161539965
PB,MS,MS,31,TATTACCCATCATCCC-1,-0.29997119987097626
PB,MS,MS,31,TATTACCTCCCTGACT-1,-0.1052760554121945
PB,MS,MS,31,TCACGAATCCAATGGT-1,0.1044338529288642
PB,MS,MS,31,TCAGATGCAAGGACTG-1,-0.025592299351529037
PB,MS,MS,31,TCAGATGGTGCCTGTG-1,-0.014851645151086886
PB,MS,MS,31,TCAGCAAAGAGTAATC-1,-0.07438613450332364
PB,MS,MS,31,TCGCGAGCAGGTCCAC-1,-0.02727068905711918
PB,MS,MS,31,TCGCGAGTCCGCGCAA-1,-0.16193857858650024
PB,MS,MS,31,TCGCGAGTCTCAAACG-1,-0.29997119987097626
PB,MS,MS,31,TCGCGTTTCCTCCTAG-1,0.01932040529820424
PB,MS,MS,31,TCTCATAAGGTGATTA-1,-0.14723960212866136
PB,MS,MS,31,TGACAACAGGACATTA-1,-0.0884760399427456
PB,MS,MS,31,TGACTAGTCAGTGCAT-1,-0.29997119987097626
PB,MS,MS,31,TGACTAGTCTATCCTA-1,0.8903693343767802
PB,MS,MS,31,TGAGAGGAGTGAAGAG-1,-0.29997119987097626
PB,MS,MS,31,TGAGAGGAGTGTACTC-1,-0.29997119987097626
PB,MS,MS,31,TGAGAGGGTTTCCACC-1,-0.16489353254011588
PB,MS,MS,31,TGAGCCGCAGCCAATT-1,-0.039931086371890454
PB,MS,MS,31,TGAGCCGTCAATACCG-1,0.35764678133892797
PB,MS,MS,31,TGATTTCTCAATACCG-1,0.048427332583665175
PB,MS,MS,31,TGCCAAATCCTGTACC-1,0.6506158776592273
PB,MS,MS,31,TGCCCATAGCTTATCG-1,0.37177990209729356
PB,MS,MS,31,TGCCCATCACAGCGTC-1,0.08453228626124162
PB,MS,MS,31,TGCGGGTCAAGCTGTT-1,-0.04732530004883913
PB,MS,MS,31,TGCTACCCAGGGCATA-1,-0.29997119987097626
PB,MS,MS,31,TGGGAAGTCCGCGCAA-1,0.12984659492166128
PB,MS,MS,31,TGGGCGTTCGGAAACG-1,0.5474058923552364
PB,MS,MS,31,TGGTTCCAGTGAACAT-1,0.019211008197174743
PB,MS,MS,31,TGTTCCGGTGGCCCTA-1,0.025740488113284363
PB,MS,MS,31,TTAGGCAAGACAGGCT-1,-0.1328413255696679
PB,MS,MS,31,TTAGGCAGTACAAGTA-1,0.07253881348988582
PB,MS,MS,31,TTGGCAAGTCGTTGTA-1,-0.11563364875300929
PB,MS,MS,31,TTTACTGGTTGGTAAA-1,0.19325323493591737
PB,MS,MS,31,TTTCCTCGTCCCGACA-1,0.1915920003622736
PB,MS,MS,31,TTTGCGCGTCCATCCT-1,0.28116405084393803
CSF,MS,MS,MS19270,GSM4104122_AAACGGGTCCTTGACC-1,-0.17019104067974755
CSF,MS,MS,MS19270,GSM4104122_AAAGATGGTTGTGGAG-1,0.15515696816652177
CSF,MS,MS,MS19270,GSM4104122_AAAGCAAGTTCCACGG-1,-0.29997119987097626
CSF,MS,MS,MS19270,GSM4104122_AACACGTTCTGAGGGA-1,0.08425150643731696
CSF,MS,MS,MS19270,GSM4104122_AACTGGTGTAGTACCT-1,-0.03057611100958386
CSF,MS,MS,MS19270,GSM4104122_AAGCCGCGTTGCCTCT-1,-0.29997119987097626
CSF,MS,MS,MS19270,GSM4104122_AAGTCTGGTGTGCGTC-1,-0.29997119987097626
CSF,MS,MS,MS19270,GSM4104122_AATCCAGTCGATAGAA-1,-0.29997119987097626
CSF,MS,MS,MS19270,GSM4104122_ACACCCTGTGCGATAG-1,0.5026104725742517
CSF,MS,MS,MS19270,GSM4104122_ACATACGCACTGTCGG-1,-0.29997119987097626
CSF,MS,MS,MS19270,GSM4104122_ACCAGTATCATCGATG-1,-0.21330308293809538
CSF,MS,MS,MS19270,GSM4104122_ACCGTAAGTCCATGAT-1,-0.06790504843507851
CSF,MS,MS,MS19270,GSM4104122_ACCTTTACACCCATTC-1,0.12921081051249828
CSF,MS,MS,MS19270,GSM4104122_ACGATACTCGAATCCA-1,0.22989007084654475
CSF,MS,MS,MS19270,GSM4104122_ACGATGTGTAGCGATG-1,-0.29997119987097626
CSF,MS,MS,MS19270,GSM4104122_ACGGCCACATTGCGGC-1,-0.29997119987097626
CSF,MS,MS,MS19270,GSM4104122_ACTGAACCACGACTCG-1,-0.29997119987097626
CSF,MS,MS,MS19270,GSM4104122_ACTGTCCCATTGGGCC-1,-0.29997119987097626
CSF,MS,MS,MS19270,GSM4104122_ACTGTCCTCCTCAACC-1,-0.29997119987097626
CSF,MS,MS,MS19270,GSM4104122_ACTTACTAGCGTGAAC-1,0.02321548581982134
CSF,MS,MS,MS19270,GSM4104122_ACTTTCAAGCAAATCA-1,0.0005072696724977962
CSF,MS,MS,MS19270,GSM4104122_AGACGTTCATCGATGT-1,-0.03536726257125937
CSF,MS,MS,MS19270,GSM4104122_AGAGCGACACAGTCGC-1,-0.07342264295270683
CSF,MS,MS,MS19270,GSM4104122_AGATCTGAGCTGTCTA-1,-0.1444127173633429
CSF,MS,MS,MS19270,GSM4104122_AGCAGCCTCTGCGACG-1,-0.08158689375220317
CSF,MS,MS,MS19270,GSM4104122_AGCGGTCAGATAGCAT-1,-0.29997119987097626
CSF,MS,MS,MS19270,GSM4104122_AGCGGTCAGGTTCCTA-1,-0.29997119987097626
CSF,MS,MS,MS19270,GSM4104122_AGCGTCGAGCCCTAAT-1,0.6681397182360881
CSF,MS,MS,MS19270,GSM4104122_AGCGTCGCATTCCTCG-1,-0.10270018408828206
CSF,MS,MS,MS19270,GSM4104122_AGGTCATAGCAATCTC-1,-0.00920789405565781
CSF,MS,MS,MS19270,GSM4104122_AGTAGTCTCCATGCTC-1,-0.1567061601888335
CSF,MS,MS,MS19270,GSM4104122_AGTAGTCTCTACTTAC-1,-0.29997119987097626
CSF,MS,MS,MS19270,GSM4104122_AGTGTCAAGACACTAA-1,0.06378819493184226
CSF,MS,MS,MS19270,GSM4104122_AGTGTCACAATGGACG-1,0.5048489011402426
CSF,MS,MS,MS19270,GSM4104122_ATAACGCAGCCAGGAT-1,-0.29997119987097626
CSF,MS,MS,MS19270,GSM4104122_ATAGACCAGGCTAGAC-1,-0.0378027229195967
CSF,MS,MS,MS19270,GSM4104122_ATCACGAAGATGTTAG-1,0.12287608917917378
CSF,MS,MS,MS19270,GSM4104122_ATCACGACACTCAGGC-1,0.012715380476671232
CSF,MS,MS,MS19270,GSM4104122_ATCACGACATCACAAC-1,0.06175875117772235
CSF,MS,MS,MS19270,GSM4104122_ATCATCTCAAGAGTCG-1,-0.29997119987097626
CSF,MS,MS,MS19270,GSM4104122_ATCATCTCATTTCAGG-1,-0.29997119987097626
CSF,MS,MS,MS19270,GSM4104122_ATCCACCAGTTCGCGC-1,0.8224031569497056
CSF,MS,MS,MS19270,GSM4104122_ATCCACCCACTCGACG-1,-0.08197713942612382
CSF,MS,MS,MS19270,GSM4104122_ATCCGAACATGTCTCC-1,-0.29997119987097626
CSF,MS,MS,MS19270,GSM4104122_ATCGAGTTCTCAACTT-1,-0.15202131246587067
CSF,MS,MS,MS19270,GSM4104122_ATCTGCCTCTGCCCTA-1,0.04076196852809055
CSF,MS,MS,MS19270,GSM4104122_ATGAGGGAGTGTACCT-1,0.2265290475980883
CSF,MS,MS,MS19270,GSM4104122_ATGTGTGTCAACCATG-1,0.2525910826735794
CSF,MS,MS,MS19270,GSM4104122_ATTATCCCATGGTAGG-1,0.9015874142781384
CSF,MS,MS,MS19270,GSM4104122_ATTCTACTCAAACAAG-1,-0.12201482296161235
CSF,MS,MS,MS19270,GSM4104122_ATTGGTGGTCACCCAG-1,-0.047402571414769654
CSF,MS,MS,MS19270,GSM4104122_CAACCAACATACGCTA-1,0.00478915776511178
CSF,MS,MS,MS19270,GSM4104122_CAACCAATCTAACTGG-1,0.324778294267211
CSF,MS,MS,MS19270,GSM4104122_CACATTTTCCCAAGTA-1,-0.058607758775702665
CSF,MS,MS,MS19270,GSM4104122_CACCACTCACCGAATT-1,0.2694448924942037
CSF,MS,MS,MS19270,GSM4104122_CACCAGGAGACGCAAC-1,0.001101654832053394
CSF,MS,MS,MS19270,GSM4104122_CACCAGGCACAGACTT-1,0.1688155276233682
CSF,MS,MS,MS19270,GSM4104122_CACCTTGTCGTACCGG-1,-0.1616137568856015
CSF,MS,MS,MS19270,GSM4104122_CAGATCACAGTGGAGT-1,0.4205682692584131
CSF,MS,MS,MS19270,GSM4104122_CAGATCAGTCCGTTAA-1,-0.020965705834839993
CSF,MS,MS,MS19270,GSM4104122_CAGCAGCTCACTATTC-1,-0.11148997056687933
CSF,MS,MS,MS19270,GSM4104122_CAGCAGCTCGCCTGAG-1,-0.2262361959029921
CSF,MS,MS,MS19270,GSM4104122_CAGCGACTCAGTTCGA-1,-0.16860760385385934
CSF,MS,MS,MS19270,GSM4104122_CAGTAACTCGTCCGTT-1,-0.29997119987097626
CSF,MS,MS,MS19270,GSM4104122_CATATGGCACATGACT-1,0.47063262467406936
CSF,MS,MS,MS19270,GSM4104122_CATCAAGCAAGCCATT-1,0.035156097864553634
CSF,MS,MS,MS19270,GSM4104122_CATCCACAGAATTGTG-1,-0.19401256329686514
CSF,MS,MS,MS19270,GSM4104122_CATGACAGTCAGAAGC-1,-0.29997119987097626
CSF,MS,MS,MS19270,GSM4104122_CATTCGCAGACTACAA-1,-0.06810875032335117
CSF,MS,MS,MS19270,GSM4104122_CCACGGACATTTGCTT-1,-0.29997119987097626
CSF,MS,MS,MS19270,GSM4104122_CCACGGAGTCCAGTAT-1,0.30532735948326334
CSF,MS,MS,MS19270,GSM4104122_CCACTACGTAAGTGGC-1,-0.10944297008277586
CSF,MS,MS,MS19270,GSM4104122_CCAGCGAGTGACAAAT-1,0.08204537064712894
CSF,MS,MS,MS19270,GSM4104122_CCATGTCTCAACGAAA-1,0.012211372096284064
CSF,MS,MS,MS19270,GSM4104122_CCCAGTTTCTAACTGG-1,-0.29997119987097626
CSF,MS,MS,MS19270,GSM4104122_CCGGGATTCAAGGTAA-1,-0.29997119987097626
CSF,MS,MS,MS19270,GSM4104122_CCGTTCAAGGTACTCT-1,0.41648227823644873
CSF,MS,MS,MS19270,GSM4104122_CCTAAAGTCTTTAGGG-1,-0.09482662293900372
CSF,MS,MS,MS19270,GSM4104122_CCTTTCTCACATTTCT-1,-0.29997119987097626
CSF,MS,MS,MS19270,GSM4104122_CCTTTCTCATGCATGT-1,0.5717953172090766
CSF,MS,MS,MS19270,GSM4104122_CGAGAAGAGGCTAGCA-1,0.5411963183466072
CSF,MS,MS,MS19270,GSM4104122_CGAGAAGGTCAATACC-1,-0.29997119987097626
CSF,MS,MS,MS19270,GSM4104122_CGAGAAGGTCATTAGC-1,0.16197735839705904
CSF,MS,MS,MS19270,GSM4104122_CGATCGGAGATCGATA-1,-0.29997119987097626
CSF,MS,MS,MS19270,GSM4104122_CGATGGCAGCGGATCA-1,0.1688479522708419
CSF,MS,MS,MS19270,GSM4104122_CGCCAAGTCGGAATCT-1,-0.12759794727482743
CSF,MS,MS,MS19270,GSM4104122_CGCGTTTTCTGCGTAA-1,0.4387405185228765
CSF,MS,MS,MS19270,GSM4104122_CGCTATCGTGTCTGAT-1,0.0050350472714655314
CSF,MS,MS,MS19270,GSM4104122_CGCTATCTCACCAGGC-1,0.11804813936806635
CSF,MS,MS,MS19270,GSM4104122_CGCTATCTCGAGCCCA-1,-0.2164767570371879
CSF,MS,MS,MS19270,GSM4104122_CGGACACGTGTAATGA-1,0.06724842432395303
CSF,MS,MS,MS19270,GSM4104122_CGGACACTCTTCGGTC-1,-0.29997119987097626
CSF,MS,MS,MS19270,GSM4104122_CGTAGCGGTGCCTGGT-1,-0.29997119987097626
CSF,MS,MS,MS19270,GSM4104122_CGTAGCGTCGTACGGC-1,-0.29997119987097626
CSF,MS,MS,MS19270,GSM4104122_CGTCACTAGACCTAGG-1,-0.29997119987097626
CSF,MS,MS,MS19270,GSM4104122_CGTCACTGTTAGGGTG-1,-0.09074586340732219
CSF,MS,MS,MS19270,GSM4104122_CGTCAGGCACAGGAGT-1,0.3249643576794022
CSF,MS,MS,MS19270,GSM4104122_CGTCCATTCACAACGT-1,-0.29997119987097626
CSF,MS,MS,MS19270,GSM4104122_CGTCTACCATATGGTC-1,-0.29997119987097626
CSF,MS,MS,MS19270,GSM4104122_CGTGTAAGTTTAGCTG-1,0.4065130973040672
CSF,MS,MS,MS19270,GSM4104122_CGTTAGAAGGAATCGC-1,0.6627973015257732
CSF,MS,MS,MS19270,GSM4104122_CGTTCTGAGTTTAGGA-1,0.36576380355590243
CSF,MS,MS,MS19270,GSM4104122_CTAAGACAGGCATGGT-1,-0.12588993578663438
CSF,MS,MS,MS19270,GSM4104122_CTAAGACGTTGTCTTT-1,-0.26907188974351487
CSF,MS,MS,MS19270,GSM4104122_CTAATGGGTCAGTGGA-1,0.6082674862691065
CSF,MS,MS,MS19270,GSM4104122_CTACCCAAGGCAAAGA-1,0.1965097649548526
CSF,MS,MS,MS19270,GSM4104122_CTACCCACAATGGATA-1,0.3804729243511593
CSF,MS,MS,MS19270,GSM4104122_CTACGTCGTACTTCTT-1,-0.29997119987097626
CSF,MS,MS,MS19270,GSM4104122_CTACGTCGTTGGACCC-1,0.3031114227423533
CSF,MS,MS,MS19270,GSM4104122_CTAGCCTGTGCCTTGG-1,0.5003689888199851
CSF,MS,MS,MS19270,GSM4104122_CTCAGAAAGAGGTTGC-1,0.021978236553147085
CSF,MS,MS,MS19270,GSM4104122_CTCAGAACAGACGCCT-1,-0.07735166964056485
CSF,MS,MS,MS19270,GSM4104122_CTCGGGAGTGAGGGTT-1,-0.29997119987097626
CSF,MS,MS,MS19270,GSM4104122_CTCTGGTGTTGGTGGA-1,-0.11158357910412331
CSF,MS,MS,MS19270,GSM4104122_CTGATAGAGAGGTACC-1,-0.05037296588284316
CSF,MS,MS,MS19270,GSM4104122_CTGCGGACATGCAATC-1,0.030885654121207647
CSF,MS,MS,MS19270,GSM4104122_CTGGTCTAGTAGATGT-1,-0.29997119987097626
CSF,MS,MS,MS19270,GSM4104122_CTTACCGGTTACGCGC-1,0.26426573192671243
CSF,MS,MS,MS19270,GSM4104122_CTTAGGAGTCTCAACA-1,-0.14576196082305998
CSF,MS,MS,MS19270,GSM4104122_GAAACTCAGCCAGTAG-1,-0.10074986037876489
CSF,MS,MS,MS19270,GSM4104122_GAAACTCCACTTAACG-1,0.3590904442012852
CSF,MS,MS,MS19270,GSM4104122_GAAATGACAGTAGAGC-1,-0.29997119987097626
CSF,MS,MS,MS19270,GSM4104122_GAAATGATCAGGCAAG-1,0.1681967328794137
CSF,MS,MS,MS19270,GSM4104122_GACAGAGGTCTGATTG-1,-0.29997119987097626
CSF,MS,MS,MS19270,GSM4104122_GACCAATAGTTTCCTT-1,0.0867189087369474
CSF,MS,MS,MS19270,GSM4104122_GACGCGTTCTTTACGT-1,0.37552333054197895
CSF,MS,MS,MS19270,GSM4104122_GACGTGCAGTCCATAC-1,-0.12301824736490397
CSF,MS,MS,MS19270,GSM4104122_GAGCAGATCTGACCTC-1,-0.29997119987097626
CSF,MS,MS,MS19270,GSM4104122_GAGGTGATCCATGCTC-1,-0.10239831587842893
CSF,MS,MS,MS19270,GSM4104122_GAGTCCGAGCTTCGCG-1,0.12460179643255952
CSF,MS,MS,MS19270,GSM4104122_GATCAGTAGGACCACA-1,-0.19563424712098462
CSF,MS,MS,MS19270,GSM4104122_GATCGTACAATCACAC-1,0.024034516306499314
CSF,MS,MS,MS19270,GSM4104122_GATGAAACAACGCACC-1,0.1780552331165905
CSF,MS,MS,MS19270,GSM4104122_GATGAGGGTACCCAAT-1,0.4452138219260058
CSF,MS,MS,MS19270,GSM4104122_GATGCTAGTGCGAAAC-1,0.3366531258877846
CSF,MS,MS,MS19270,GSM4104122_GCAAACTCAAGTACCT-1,-0.29997119987097626
CSF,MS,MS,MS19270,GSM4104122_GCAAACTGTGAGTATA-1,-0.08391646025562013
CSF,MS,MS,MS19270,GSM4104122_GCAGTTACAATGTAAG-1,-0.16941482823207896
CSF,MS,MS,MS19270,GSM4104122_GCATGCGTCCCTGACT-1,-0.20328218873472298
CSF,MS,MS,MS19270,GSM4104122_GCATGTACACGTCAGC-1,-0.1630447010976756
CSF,MS,MS,MS19270,GSM4104122_GCATGTATCTTAGAGC-1,0.07533114192883787
CSF,MS,MS,MS19270,GSM4104122_GCGACCACAGCGTTCG-1,-0.09213643758630893
CSF,MS,MS,MS19270,GSM4104122_GCGAGAATCCCTGACT-1,-0.29997119987097626
CSF,MS,MS,MS19270,GSM4104122_GGAAAGCAGACGCAAC-1,0.13376377261255437
CSF,MS,MS,MS19270,GSM4104122_GGAATAACATCCGGGT-1,0.5743283864971175
CSF,MS,MS,MS19270,GSM4104122_GGACAAGGTGACGGTA-1,-0.003365014980641282
CSF,MS,MS,MS19270,GSM4104122_GGACGTCCAGCGAACA-1,0.09810132021790782
CSF,MS,MS,MS19270,GSM4104122_GGACGTCGTCTCCATC-1,-0.17379018266961235
CSF,MS,MS,MS19270,GSM4104122_GGAGCAATCCTTGCCA-1,-0.29997119987097626
CSF,MS,MS,MS19270,GSM4104122_GGATTACCATTCTCAT-1,-0.14270412118107786
CSF,MS,MS,MS19270,GSM4104122_GGATTACGTAGCGTCC-1,0.04061288483121241
CSF,MS,MS,MS19270,GSM4104122_GGATTACTCTACGAGT-1,-0.29997119987097626
CSF,MS,MS,MS19270,GSM4104122_GGCTGGTTCACTATTC-1,-0.06364807306055262
CSF,MS,MS,MS19270,GSM4104122_GGGACCTAGAGACGAA-1,0.29391652060971285
CSF,MS,MS,MS19270,GSM4104122_GGGATGACAATAGCAA-1,0.4021251069034827
CSF,MS,MS,MS19270,GSM4104122_GGGATGATCTTCGAGA-1,-0.1946369391760197
CSF,MS,MS,MS19270,GSM4104122_GGGCACTCAAGCCGTC-1,0.009950153578026533
CSF,MS,MS,MS19270,GSM4104122_GTAACGTAGAGGGCTT-1,-0.09101004081640855
CSF,MS,MS,MS19270,GSM4104122_GTACTCCAGATGTTAG-1,-0.29997119987097626
CSF,MS,MS,MS19270,GSM4104122_GTACTCCGTGATGCCC-1,-0.29997119987097626
CSF,MS,MS,MS19270,GSM4104122_GTAGGCCGTGAAGGCT-1,0.08221742142347865
CSF,MS,MS,MS19270,GSM4104122_GTAGGCCTCATTCACT-1,-0.29997119987097626
CSF,MS,MS,MS19270,GSM4104122_GTAGGCCTCGCTTAGA-1,0.4845516132765505
CSF,MS,MS,MS19270,GSM4104122_GTAGTCAGTCTAGCCG-1,-0.08926591711094979
CSF,MS,MS,MS19270,GSM4104122_GTCATTTTCCTCCTAG-1,-0.12806200108368457
CSF,MS,MS,MS19270,GSM4104122_GTCCTCATCCCTCTTT-1,-0.16443674532118374
CSF,MS,MS,MS19270,GSM4104122_GTCGGGTGTCGAGTTT-1,-0.29997119987097626
CSF,MS,MS,MS19270,GSM4104122_GTCGTAAAGTGTACCT-1,0.7897431217224901
CSF,MS,MS,MS19270,GSM4104122_GTTCATTAGTATTGGA-1,0.2716390915704396
CSF,MS,MS,MS19270,GSM4104122_GTTCGGGTCGGCGCTA-1,-0.03125681115229954
CSF,MS,MS,MS19270,GSM4104122_GTTCGGGTCTGCGTAA-1,0.22571530899998402
CSF,MS,MS,MS19270,GSM4104122_GTTTCTAGTTCTCATT-1,-0.29997119987097626
CSF,MS,MS,MS19270,GSM4104122_TAAGTGCCAGCTCCGA-1,0.18289970433514577
CSF,MS,MS,MS19270,GSM4104122_TACCTATGTTTGTTGG-1,-0.04109794680701258
CSF,MS,MS,MS19270,GSM4104122_TACTCATCATCGTCGG-1,0.11945595851320033
CSF,MS,MS,MS19270,GSM4104122_TACTCATGTAGGCTGA-1,-0.028139040856836783
CSF,MS,MS,MS19270,GSM4104122_TACTCATTCTGCAGTA-1,-0.028558130336192877
CSF,MS,MS,MS19270,GSM4104122_TACTCGCGTCGGATCC-1,-0.21976541659268461
CSF,MS,MS,MS19270,GSM4104122_TAGGCATCAGCCTTTC-1,-0.04223974491008624
CSF,MS,MS,MS19270,GSM4104122_TAGGCATTCTAACGGT-1,0.19011114380566657
CSF,MS,MS,MS19270,GSM4104122_TAGTGGTAGCTACCGC-1,-0.14581486561259216
CSF,MS,MS,MS19270,GSM4104122_TCAACGATCTCCAACC-1,-0.29997119987097626
CSF,MS,MS,MS19270,GSM4104122_TCAGGTAAGATGTCGG-1,-0.29997119987097626
CSF,MS,MS,MS19270,GSM4104122_TCCACACCATGTAAGA-1,-0.015478583973335347
CSF,MS,MS,MS19270,GSM4104122_TCGGGACAGATCCCGC-1,-0.29997119987097626
CSF,MS,MS,MS19270,GSM4104122_TCGGTAAAGGGTGTTG-1,-0.024731922028917025
CSF,MS,MS,MS19270,GSM4104122_TCTCATATCGACAGCC-1,-0.01921978753820775
CSF,MS,MS,MS19270,GSM4104122_TCTGGAAAGCGAGAAA-1,-0.14112820355179095
CSF,MS,MS,MS19270,GSM4104122_TGAAAGACAAAGGAAG-1,-0.29997119987097626
CSF,MS,MS,MS19270,GSM4104122_TGACTAGGTTCACGGC-1,-0.29997119987097626
CSF,MS,MS,MS19270,GSM4104122_TGAGGGAAGGGCACTA-1,0.027700950961884026
CSF,MS,MS,MS19270,GSM4104122_TGAGGGACAACGATCT-1,-0.09686546398767705
CSF,MS,MS,MS19270,GSM4104122_TGATTTCGTACCAGTT-1,0.10692105489002753
CSF,MS,MS,MS19270,GSM4104122_TGATTTCGTCTGCCAG-1,0.606453396411671
CSF,MS,MS,MS19270,GSM4104122_TGCCAAAAGAATAGGG-1,0.016562347852804922
CSF,MS,MS,MS19270,GSM4104122_TGCCCATCAAGAGGCT-1,-0.29997119987097626
CSF,MS,MS,MS19270,GSM4104122_TGCGCAGCAAGAAGAG-1,0.3305324247926667
CSF,MS,MS,MS19270,GSM4104122_TGCGCAGCACAGCCCA-1,-0.15952168249742862
CSF,MS,MS,MS19270,GSM4104122_TGCTGCTAGAGGGATA-1,0.33175119130006686
CSF,MS,MS,MS19270,GSM4104122_TGGCCAGCACGCGAAA-1,0.03658815458552719
CSF,MS,MS,MS19270,GSM4104122_TGGCGCAGTGCGATAG-1,-0.14084911313720133
CSF,MS,MS,MS19270,GSM4104122_TGTGGTAGTATCACCA-1,0.07686243770182903
CSF,MS,MS,MS19270,GSM4104122_TTAGGACTCTAACGGT-1,-0.02773997609640443
CSF,MS,MS,MS19270,GSM4104122_TTAGTTCCAGCGTAAG-1,0.3158319329592795
CSF,MS,MS,MS19270,GSM4104122_TTAGTTCGTTATTCTC-1,0.6774957965465526
CSF,MS,MS,MS19270,GSM4104122_TTCCCAGTCCAGAGGA-1,0.36274710972467294
CSF,MS,MS,MS19270,GSM4104122_TTCGGTCAGCAGGCTA-1,-0.13314949070520427
CSF,MS,MS,MS19270,GSM4104122_TTCTCCTTCACAAACC-1,0.16934222328267987
CSF,MS,MS,MS19270,GSM4104122_TTCTCCTTCGAATGGG-1,-0.1373121239318082
CSF,MS,MS,MS19270,GSM4104122_TTGACTTAGTAGATGT-1,-0.29997119987097626
CSF,MS,MS,MS19270,GSM4104122_TTGACTTTCGGAGGTA-1,0.10941262679771142
CSF,MS,MS,MS19270,GSM4104122_TTGCCGTCAAGTCTGT-1,0.23809231415920323
CSF,MS,MS,MS19270,GSM4104122_TTGCCGTTCTACTATC-1,0.016020686205272288
CSF,MS,MS,MS19270,GSM4104122_TTGGAACCAATGACCT-1,-0.29997119987097626
CSF,MS,MS,MS19270,GSM4104122_TTGGAACTCATTTGGG-1,-0.18214786279218595
CSF,MS,MS,MS19270,GSM4104122_TTTATGCTCTGGCGAC-1,0.4936740586494805
CSF,MS,MS,MS19270,GSM4104122_TTTGGTTCACGGCCAT-1,-0.05742753880914977
PB,MS,MS,MS19270,GSM4104134_AAAGATGAGGAGCGTT-1,0.1754647815308263
PB,MS,MS,MS19270,GSM4104134_AAAGTAGTCTACTTAC-1,0.2111589954013476
PB,MS,MS,MS19270,GSM4104134_AACCATGTCTGCTGCT-1,-0.07389692182469412
PB,MS,MS,MS19270,GSM4104134_AACTCCCCAAGGTTCT-1,-0.11433654958502681
PB,MS,MS,MS19270,GSM4104134_AACTTTCGTCGGCACT-1,-0.29997119987097626
PB,MS,MS,MS19270,GSM4104134_AAGTCTGGTAGGGTAC-1,-0.29997119987097626
PB,MS,MS,MS19270,GSM4104134_ACTGAGTCAGATGGCA-1,-0.14974582186822946
PB,MS,MS,MS19270,GSM4104134_AGAATAGGTCGAGTTT-1,-0.16571116455035712
PB,MS,MS,MS19270,GSM4104134_AGCCTAATCAGCTTAG-1,0.5617881788786254
PB,MS,MS,MS19270,GSM4104134_AGCTCCTGTCGCTTCT-1,-0.29997119987097626
PB,MS,MS,MS19270,GSM4104134_AGGGTGATCTTCAACT-1,0.023666796789535365
PB,MS,MS,MS19270,GSM4104134_ATAGACCAGGGCTCTC-1,-0.021359537071874185
PB,MS,MS,MS19270,GSM4104134_ATAGACCCATGAAGTA-1,0.15277429148472316
PB,MS,MS,MS19270,GSM4104134_ATAGACCTCTCTAGGA-1,0.25979208009913646
PB,MS,MS,MS19270,GSM4104134_ATCTACTGTAGGCTGA-1,0.10316790902353193
PB,MS,MS,MS19270,GSM4104134_ATCTACTTCGAGAACG-1,-0.13550516914388747
PB,MS,MS,MS19270,GSM4104134_ATCTGCCGTCATGCCG-1,0.06253958586528974
PB,MS,MS,MS19270,GSM4104134_ATTGGACAGTCGTACT-1,-0.1608353647528098
PB,MS,MS,MS19270,GSM4104134_CAACCTCAGCACAGGT-1,0.22412892652704783
PB,MS,MS,MS19270,GSM4104134_CAGTCCTGTTCAGTAC-1,-0.29997119987097626
PB,MS,MS,MS19270,GSM4104134_CATCAAGAGACTAGGC-1,0.1450154317606497
PB,MS,MS,MS19270,GSM4104134_CCACCTATCTCCAGGG-1,-0.29997119987097626
PB,MS,MS,MS19270,GSM4104134_CCACTACCAGGATCGA-1,0.037826181499846685
PB,MS,MS,MS19270,GSM4104134_CCACTACCATCGACGC-1,-0.29997119987097626
PB,MS,MS,MS19270,GSM4104134_CCACTACTCTGCGTAA-1,0.014249131890727582
PB,MS,MS,MS19270,GSM4104134_CCAGCGAAGTCTCAAC-1,-0.29997119987097626
PB,MS,MS,MS19270,GSM4104134_CCATTCGAGCGTAATA-1,0.3955279805945483
PB,MS,MS,MS19270,GSM4104134_CCATTCGCATACAGCT-1,0.10891988263356045
PB,MS,MS,MS19270,GSM4104134_CCTACACCATGTTGAC-1,0.1354946175648794
PB,MS,MS,MS19270,GSM4104134_CCTACCACAGCCAGAA-1,-0.29997119987097626
PB,MS,MS,MS19270,GSM4104134_CCTCTGAAGTATCGAA-1,-0.0570625770296778
PB,MS,MS,MS19270,GSM4104134_CGACTTCCACGCGAAA-1,-0.29997119987097626
PB,MS,MS,MS19270,GSM4104134_CGATCGGGTTTGACTG-1,0.15248678418018732
PB,MS,MS,MS19270,GSM4104134_CGATGTAAGCTGCCCA-1,-0.05738153344265456
PB,MS,MS,MS19270,GSM4104134_CGCGGTAGTCTCCATC-1,-0.05349253049107754
PB,MS,MS,MS19270,GSM4104134_CGCGTTTAGTGTCCCG-1,0.12009377981183145
PB,MS,MS,MS19270,GSM4104134_CGGCTAGTCTGCCAGG-1,-0.29997119987097626
PB,MS,MS,MS19270,GSM4104134_CGTGAGCAGTACGACG-1,0.203300034170194
PB,MS,MS,MS19270,GSM4104134_CTAAGACAGCTGAAAT-1,0.5066843751146469
PB,MS,MS,MS19270,GSM4104134_CTACACCCACGAAGCA-1,0.036743992394922195
PB,MS,MS,MS19270,GSM4104134_CTAGAGTAGACCACGA-1,1.1066191362893127
PB,MS,MS,MS19270,GSM4104134_CTCAGAACAGCTGGCT-1,0.17219992524196864
PB,MS,MS,MS19270,GSM4104134_CTCATTAGTATATCCG-1,-0.15517177284493913
PB,MS,MS,MS19270,GSM4104134_CTCTGGTTCTGCGACG-1,-0.29997119987097626
PB,MS,MS,MS19270,GSM4104134_CTGCCTAAGGCCATAG-1,0.23348848177296913
PB,MS,MS,MS19270,GSM4104134_CTTAACTGTAGCGTAG-1,0.27771735495983874
PB,MS,MS,MS19270,GSM4104134_CTTAGGACACCAACCG-1,-0.29997119987097626
PB,MS,MS,MS19270,GSM4104134_CTTGGCTAGGGCTTGA-1,0.37114712374476344
PB,MS,MS,MS19270,GSM4104134_CTTGGCTAGTCAAGGC-1,0.3731738820105943
PB,MS,MS,MS19270,GSM4104134_CTTTGCGCATTAGGCT-1,-0.29997119987097626
PB,MS,MS,MS19270,GSM4104134_GAACCTACACAGACAG-1,0.07351990189704703
PB,MS,MS,MS19270,GSM4104134_GAAGCAGAGTTTGCGT-1,-0.13771456409028493
PB,MS,MS,MS19270,GSM4104134_GAAGCAGCACGCCAGT-1,-0.03143090620330626
PB,MS,MS,MS19270,GSM4104134_GAATAAGAGCTAGGCA-1,-0.10426590877204335
PB,MS,MS,MS19270,GSM4104134_GAATGAACAGCTCGCA-1,0.23993766820848103
PB,MS,MS,MS19270,GSM4104134_GACCTGGGTCGCGGTT-1,-0.18102229425024088
PB,MS,MS,MS19270,GSM4104134_GACGTGCAGAAGAAGC-1,0.9623160072664005
PB,MS,MS,MS19270,GSM4104134_GATCGATTCTTCCTTC-1,-0.05892477080298618
PB,MS,MS,MS19270,GSM4104134_GATGCTAAGCGATTCT-1,-0.028822104563470473
PB,MS,MS,MS19270,GSM4104134_GATGCTAGTAGAGCTG-1,-0.29997119987097626
PB,MS,MS,MS19270,GSM4104134_GCAAACTAGTATGACA-1,-0.29997119987097626
PB,MS,MS,MS19270,GSM4104134_GCAAACTGTCTGGTCG-1,0.024708863172048647
PB,MS,MS,MS19270,GSM4104134_GCAGTTAAGAGTCGGT-1,0.38722899415920914
PB,MS,MS,MS19270,GSM4104134_GCATGTACATGCCCGA-1,-0.29997119987097626
PB,MS,MS,MS19270,GSM4104134_GCATGTATCGTGACAT-1,-0.29997119987097626
PB,MS,MS,MS19270,GSM4104134_GCTGCAGGTGGTTTCA-1,0.574413756118349
PB,MS,MS,MS19270,GSM4104134_GCTGGGTTCACGATGT-1,-0.29997119987097626
PB,MS,MS,MS19270,GSM4104134_GCTTCCAGTGGAAAGA-1,0.016199096630119536
PB,MS,MS,MS19270,GSM4104134_GGATTACCATTGGGCC-1,-0.1721051846091334
PB,MS,MS,MS19270,GSM4104134_GGCAATTCATCTATGG-1,0.25440855151536806
PB,MS,MS,MS19270,GSM4104134_GGGACCTCAAATTGCC-1,-0.29997119987097626
PB,MS,MS,MS19270,GSM4104134_GGGACCTTCGCCAAAT-1,-0.12531024896183465
PB,MS,MS,MS19270,GSM4104134_GGGTCTGGTTCAACCA-1,0.3006162146366491
PB,MS,MS,MS19270,GSM4104134_GTACGTAAGAAAGTGG-1,-0.29997119987097626
PB,MS,MS,MS19270,GSM4104134_GTATCTTGTAAATGTG-1,-0.29997119987097626
PB,MS,MS,MS19270,GSM4104134_GTCACAACACCTATCC-1,-0.1602360605257195
PB,MS,MS,MS19270,GSM4104134_GTGCTTCCAGCTGCTG-1,-0.29997119987097626
PB,MS,MS,MS19270,GSM4104134_GTGTGCGCAATCACAC-1,0.13277974154940572
PB,MS,MS,MS19270,GSM4104134_GTTTCTAAGGCCCTCA-1,0.4320248102506519
PB,MS,MS,MS19270,GSM4104134_TAAGAGAGTCCCTACT-1,-0.29997119987097626
PB,MS,MS,MS19270,GSM4104134_TACGGGCTCCCAAGTA-1,-0.29997119987097626
PB,MS,MS,MS19270,GSM4104134_TAGGCATCACCACGTG-1,-0.29997119987097626
PB,MS,MS,MS19270,GSM4104134_TAGTTGGCAGGACCCT-1,-0.05414911346022449
PB,MS,MS,MS19270,GSM4104134_TATCAGGTCATTCACT-1,-0.0807723113650133
PB,MS,MS,MS19270,GSM4104134_TATCTCAAGGATGGTC-1,0.29920127509334765
PB,MS,MS,MS19270,GSM4104134_TCGGTAACATTTGCCC-1,0.38101089167799035
PB,MS,MS,MS19270,GSM4104134_TCTCTAAAGCAACGGT-1,-0.05707477254152409
PB,MS,MS,MS19270,GSM4104134_TGACAACGTTGTCTTT-1,0.09749722167223543
PB,MS,MS,MS19270,GSM4104134_TGAGCCGAGATCTGAA-1,-0.29997119987097626
PB,MS,MS,MS19270,GSM4104134_TGAGCCGAGCCGTCGT-1,-0.29997119987097626
PB,MS,MS,MS19270,GSM4104134_TGCACCTTCACTTACT-1,-0.03345257026870656
PB,MS,MS,MS19270,GSM4104134_TGCCCTATCGAATGCT-1,0.08327306382766043
PB,MS,MS,MS19270,GSM4104134_TGCGCAGAGCCCTAAT-1,0.0039218635953873525
PB,MS,MS,MS19270,GSM4104134_TGGCGCATCAATCACG-1,-0.29997119987097626
PB,MS,MS,MS19270,GSM4104134_TGGCGCATCAGCCTAA-1,0.36848766160016716
PB,MS,MS,MS19270,GSM4104134_TGGGCGTTCGCCTGAG-1,-0.15605683177750082
PB,MS,MS,MS19270,GSM4104134_TTCGGTCAGAGCTGGT-1,0.011690010879816057
PB,MS,MS,MS19270,GSM4104134_TTCGGTCGTCATGCCG-1,-0.008592638831307913
PB,MS,MS,MS19270,GSM4104134_TTTACTGCACTGAAGG-1,-0.29997119987097626
CSF,MS,MS,MS49131,GSM4104125_AAAGCAATCGCCTGTT-1,-0.29997119987097626
CSF,MS,MS,MS49131,GSM4104125_AAGGTTCCAATTCCTT-1,0.10904981345346425
CSF,MS,MS,MS49131,GSM4104125_AATCGGTTCAGAGCTT-1,-0.16241533236802416
CSF,MS,MS,MS49131,GSM4104125_ACAGCCGAGGTGTGGT-1,0.7120995366876454
CSF,MS,MS,MS49131,GSM4104125_ACGAGGAGTCATGCCG-1,-0.29997119987097626
CSF,MS,MS,MS49131,GSM4104125_ACGGGTCCATGAGCGA-1,0.22078528540552125
CSF,MS,MS,MS49131,GSM4104125_ACTTGTTGTTAAGATG-1,0.5730608563790829
CSF,MS,MS,MS49131,GSM4104125_AGAGCGAGTTTGGGCC-1,0.17067950089789358
CSF,MS,MS,MS49131,GSM4104125_AGTAGTCAGCTCCTTC-1,-0.29997119987097626
CSF,MS,MS,MS49131,GSM4104125_AGTGTCAGTATGAATG-1,-0.08616102853244494
CSF,MS,MS,MS49131,GSM4104125_CAACTAGCAGTACACT-1,-0.29997119987097626
CSF,MS,MS,MS49131,GSM4104125_CACAGTATCTTGGGTA-1,0.09851715484116592
CSF,MS,MS,MS49131,GSM4104125_CAGAATCCAGCGTTCG-1,-0.29997119987097626
CSF,MS,MS,MS49131,GSM4104125_CAGAATCTCTTGTTTG-1,0.5894737997078827
CSF,MS,MS,MS49131,GSM4104125_CAGCAGCTCACTTACT-1,-0.29997119987097626
CSF,MS,MS,MS49131,GSM4104125_CAGGTGCAGAGCTGCA-1,0.5809998866965118
CSF,MS,MS,MS49131,GSM4104125_CATATGGCATCGATGT-1,0.21654160494947927
CSF,MS,MS,MS49131,GSM4104125_CATATTCTCCTGCAGG-1,0.7233670988401342
CSF,MS,MS,MS49131,GSM4104125_CATCAAGGTTCGCTAA-1,0.2370410176223612
CSF,MS,MS,MS49131,GSM4104125_CATCCACCAGACGCCT-1,0.06445879746056385
CSF,MS,MS,MS49131,GSM4104125_CCTACACTCGAATGCT-1,-0.29997119987097626
CSF,MS,MS,MS49131,GSM4104125_CGAGAAGGTAGAGTGC-1,-0.29997119987097626
CSF,MS,MS,MS49131,GSM4104125_CGGACACAGAAGAAGC-1,-0.08512619420134888
CSF,MS,MS,MS49131,GSM4104125_CGGTTAATCACGGTTA-1,-0.15645723260267605
CSF,MS,MS,MS49131,GSM4104125_CGTCACTTCTTTCCTC-1,0.18103009816803825
CSF,MS,MS,MS49131,GSM4104125_CTCGTACGTCAGGACA-1,0.037661757165092916
CSF,MS,MS,MS49131,GSM4104125_CTGAAACCAAGTCATC-1,-0.2317582911826259
CSF,MS,MS,MS49131,GSM4104125_GAAACTCGTGTAATGA-1,-0.29997119987097626
CSF,MS,MS,MS49131,GSM4104125_GACCTGGTCGAACGGA-1,0.8289492122810741
CSF,MS,MS,MS49131,GSM4104125_GACGTTAAGGTGATTA-1,-0.29997119987097626
CSF,MS,MS,MS49131,GSM4104125_GACGTTAGTTGGTTTG-1,0.041425292129125504
CSF,MS,MS,MS49131,GSM4104125_GATCGCGAGAAGGTTT-1,-0.019917425831192017
CSF,MS,MS,MS49131,GSM4104125_GCGACCACAACACCCG-1,-0.014728837270995974
CSF,MS,MS,MS49131,GSM4104125_GCGAGAACAACACCTA-1,-0.15486536887653604
CSF,MS,MS,MS49131,GSM4104125_GCGCAACAGAGTTGGC-1,0.2789540194365843
CSF,MS,MS,MS49131,GSM4104125_GGAGCAACACACGCTG-1,-0.29997119987097626
CSF,MS,MS,MS49131,GSM4104125_GGGAGATAGGCTAGCA-1,-0.15648217341454776
CSF,MS,MS,MS49131,GSM4104125_GGTATTGGTATCGCAT-1,0.08971359525177436
CSF,MS,MS,MS49131,GSM4104125_GTAGTCACAGCTGGCT-1,-0.09238992780755233
CSF,MS,MS,MS49131,GSM4104125_GTCAAGTAGTACGCCC-1,0.5586670551920817
CSF,MS,MS,MS49131,GSM4104125_GTCTCGTTCCGTACAA-1,0.2213103301871426
CSF,MS,MS,MS49131,GSM4104125_GTGCATAAGTGGCACA-1,-0.29997119987097626
CSF,MS,MS,MS49131,GSM4104125_GTGCTTCTCGTGGTCG-1,-0.14643852722630507
CSF,MS,MS,MS49131,GSM4104125_TACAGTGTCCCACTTG-1,-0.16749953093243738
CSF,MS,MS,MS49131,GSM4104125_TACCTATTCTCGCTTG-1,-0.29997119987097626
CSF,MS,MS,MS49131,GSM4104125_TACGGGCCAGTCAGCC-1,0.061810756873000826
CSF,MS,MS,MS49131,GSM4104125_TACGGGCGTTCGTCTC-1,0.02830589439784784
CSF,MS,MS,MS49131,GSM4104125_TCAGATGTCTTCGGTC-1,0.3972385012915161
CSF,MS,MS,MS49131,GSM4104125_TCAGCTCCATCAGTCA-1,-0.0766694859198331
CSF,MS,MS,MS49131,GSM4104125_TCGCGAGCACTTCGAA-1,-0.29997119987097626
CSF,MS,MS,MS49131,GSM4104125_TGAAAGACATCATCCC-1,0.9028757618482259
CSF,MS,MS,MS49131,GSM4104125_TGAGAGGGTCTAGAGG-1,-0.0509705181031766
CSF,MS,MS,MS49131,GSM4104125_TGAGAGGTCGATGAGG-1,0.07102012017568007
CSF,MS,MS,MS49131,GSM4104125_TGATTTCTCAGCATGT-1,0.047254010125611715
CSF,MS,MS,MS49131,GSM4104125_TTAACTCTCAGGTAAA-1,0.01097548546259064
CSF,MS,MS,MS49131,GSM4104125_TTTACTGTCTGCCCTA-1,-0.052522034415794075
CSF,MS,MS,MS49131,GSM4104125_TTTATGCCAAGTAGTA-1,-0.29997119987097626
CSF,MS,MS,MS49131,GSM4104125_TTTGTCAAGATATGGT-1,-0.29997119987097626
PB,MS,MS,MS49131,GSM4104136_AACCATGCATAACCTG-1,0.3260418559280625
PB,MS,MS,MS49131,GSM4104136_AAGACCTCAACACCTA-1,-0.05668501450962664
PB,MS,MS,MS49131,GSM4104136_AATCGGTCATGTTGAC-1,-0.043015270375177626
PB,MS,MS,MS49131,GSM4104136_ACACCCTCATCAGTCA-1,0.11138576032689551
PB,MS,MS,MS49131,GSM4104136_ACACTGATCTCATTCA-1,0.4638042171257975
PB,MS,MS,MS49131,GSM4104136_ACCAGTAGTCCGAAGA-1,0.26145753895823354
PB,MS,MS,MS49131,GSM4104136_ACCGTAAGTCTCGTTC-1,-0.29997119987097626
PB,MS,MS,MS49131,GSM4104136_ACGCAGCAGGCTAGGT-1,-0.1596401513538192
PB,MS,MS,MS49131,GSM4104136_ACGCAGCAGTCTTGCA-1,-0.1266613366270456
PB,MS,MS,MS49131,GSM4104136_ACTGCTCGTCATGCAT-1,-0.29997119987097626
PB,MS,MS,MS49131,GSM4104136_AGAGTGGCAAGGTTTC-1,0.35623671012329605
PB,MS,MS,MS49131,GSM4104136_AGGCCGTGTTCAGTAC-1,-0.0931472671261052
PB,MS,MS,MS49131,GSM4104136_ATAAGAGGTTAGTGGG-1,-0.12813902693688983
PB,MS,MS,MS49131,GSM4104136_ATCCACCTCTCATTCA-1,-0.29997119987097626
PB,MS,MS,MS49131,GSM4104136_ATGAGGGTCTCTAAGG-1,-0.29997119987097626
PB,MS,MS,MS49131,GSM4104136_ATGTGTGCATGCATGT-1,-0.29997119987097626
PB,MS,MS,MS49131,GSM4104136_ATGTGTGGTCTCCATC-1,-0.15054641255306592
PB,MS,MS,MS49131,GSM4104136_ATTACTCCAGTCACTA-1,-0.29997119987097626
PB,MS,MS,MS49131,GSM4104136_ATTGGACGTCTGATCA-1,-0.29997119987097626
PB,MS,MS,MS49131,GSM4104136_ATTGGACGTCTGGAGA-1,-0.29997119987097626
PB,MS,MS,MS49131,GSM4104136_ATTGGACGTTTGACAC-1,0.0036026543240824183
PB,MS,MS,MS49131,GSM4104136_CACACAACACCTCGGA-1,-0.29997119987097626
PB,MS,MS,MS49131,GSM4104136_CACACCTTCTCCGGTT-1,-0.29997119987097626
PB,MS,MS,MS49131,GSM4104136_CACACTCAGTCCGTAT-1,0.013631963546591908
PB,MS,MS,MS49131,GSM4104136_CACCAGGAGATCCCGC-1,-0.05562223021183848
PB,MS,MS,MS49131,GSM4104136_CAGATCATCACTTCAT-1,0.8241007319168511
PB,MS,MS,MS49131,GSM4104136_CAGCTGGGTATGAATG-1,-0.29997119987097626
PB,MS,MS,MS49131,GSM4104136_CATGACAGTCTGCCAG-1,0.13933309377137124
PB,MS,MS,MS49131,GSM4104136_CCCTCCTCAGACAAGC-1,-0.29997119987097626
PB,MS,MS,MS49131,GSM4104136_CCGGGATGTGGTACAG-1,-0.14957890126546783
PB,MS,MS,MS49131,GSM4104136_CCGGGATTCCGAAGAG-1,-0.29997119987097626
PB,MS,MS,MS49131,GSM4104136_CCGTACTAGGGATGGG-1,0.6459235782136007
PB,MS,MS,MS49131,GSM4104136_CCTAAAGCACAACGTT-1,-0.1746366583537334
PB,MS,MS,MS49131,GSM4104136_CCTACCAAGCCCGAAA-1,-0.130202175900893
PB,MS,MS,MS49131,GSM4104136_CCTCTGATCACTTCAT-1,0.008350710841293336
PB,MS,MS,MS49131,GSM4104136_CCTTCCCTCTATCCTA-1,0.6187437633727464
PB,MS,MS,MS49131,GSM4104136_CCTTCGAGTTCCGTCT-1,-0.10050471286580545
PB,MS,MS,MS49131,GSM4104136_CGAACATGTATCACCA-1,0.36386064746536767
PB,MS,MS,MS49131,GSM4104136_CGACTTCGTCTCAACA-1,0.5326385041351014
PB,MS,MS,MS49131,GSM4104136_CGAGAAGGTAACGTTC-1,-0.12488646757332388
PB,MS,MS,MS49131,GSM4104136_CGAGAAGGTACCGGCT-1,0.04952811089556782
PB,MS,MS,MS49131,GSM4104136_CGATTGATCCACGTTC-1,0.2675181662612941
PB,MS,MS,MS49131,GSM4104136_CGCGGTACATGCGCAC-1,-0.29997119987097626
PB,MS,MS,MS49131,GSM4104136_CGCTTCATCCGAATGT-1,-0.29997119987097626
PB,MS,MS,MS49131,GSM4104136_CGGAGCTTCTCGTATT-1,-0.023341175576020435
PB,MS,MS,MS49131,GSM4104136_CGTCAGGCACCACGTG-1,0.050686566256647324
PB,MS,MS,MS49131,GSM4104136_CGTCCATGTAAATGTG-1,-0.29997119987097626
PB,MS,MS,MS49131,GSM4104136_CGTGTAAGTAGGCTGA-1,-0.29997119987097626
PB,MS,MS,MS49131,GSM4104136_CGTGTCTCATATGAGA-1,-0.042581794686969696
PB,MS,MS,MS49131,GSM4104136_CTAGCCTTCGGAAATA-1,0.4430151348434124
PB,MS,MS,MS49131,GSM4104136_CTAGTGAGTTTGCATG-1,0.3209101117247468
PB,MS,MS,MS49131,GSM4104136_CTCGAAATCTAACGGT-1,-0.1648284965602869
PB,MS,MS,MS49131,GSM4104136_CTCGGAGTCAAAGTAG-1,-0.18678310330229594
PB,MS,MS,MS49131,GSM4104136_CTCTACGGTTCCCGAG-1,-0.08627942331530039
PB,MS,MS,MS49131,GSM4104136_CTCTGGTTCCCTAATT-1,-0.29997119987097626
PB,MS,MS,MS49131,GSM4104136_CTGCGGAAGGGATGGG-1,0.4349023928747565
PB,MS,MS,MS49131,GSM4104136_CTGCTGTCAGATGGGT-1,0.502628280856255
PB,MS,MS,MS49131,GSM4104136_GAAGCAGTCCCACTTG-1,0.019515840161868043
PB,MS,MS,MS49131,GSM4104136_GACTGCGGTTACGACT-1,-0.29997119987097626
PB,MS,MS,MS49131,GSM4104136_GAGGTGAGTTATCACG-1,-0.22037243469816348
PB,MS,MS,MS49131,GSM4104136_GATCAGTAGTTGAGTA-1,0.5394332299587835
PB,MS,MS,MS49131,GSM4104136_GATCGCGCAGTTAACC-1,-0.29997119987097626
PB,MS,MS,MS49131,GSM4104136_GATCGCGTCGAGAGCA-1,0.12528131454060545
PB,MS,MS,MS49131,GSM4104136_GATCGTATCCAGGGCT-1,0.1114979533360447
PB,MS,MS,MS49131,GSM4104136_GATTCAGAGACCCACC-1,-0.17099579207333138
PB,MS,MS,MS49131,GSM4104136_GATTCAGGTCTAGGTT-1,-0.18299916724251525
PB,MS,MS,MS49131,GSM4104136_GCATGATAGATCGATA-1,0.5394983024518496
PB,MS,MS,MS49131,GSM4104136_GCATGTACATGCCTTC-1,-0.29997119987097626
PB,MS,MS,MS49131,GSM4104136_GCCTCTACATTCTCAT-1,-0.07797476459369099
PB,MS,MS,MS49131,GSM4104136_GCGCCAATCCTTTCGG-1,-0.29997119987097626
PB,MS,MS,MS49131,GSM4104136_GCTCCTAGTGCAGACA-1,-0.04585594828485392
PB,MS,MS,MS49131,GSM4104136_GCTGGGTGTCATGCAT-1,-0.29997119987097626
PB,MS,MS,MS49131,GSM4104136_GCTTGAACACAAGACG-1,-0.06480882479179619
PB,MS,MS,MS49131,GSM4104136_GCTTGAAGTCATATCG-1,0.42563321606973653
PB,MS,MS,MS49131,GSM4104136_GGAATAAAGTGGTAGC-1,-0.29997119987097626
PB,MS,MS,MS49131,GSM4104136_GGACAAGGTTTGTTGG-1,0.02621978217189036
PB,MS,MS,MS49131,GSM4104136_GGCCGATTCTAACCGA-1,-0.018652203425489428
PB,MS,MS,MS49131,GSM4104136_GGCTCGAGTCATCCCT-1,0.24470810804334248
PB,MS,MS,MS49131,GSM4104136_GGGAGATCACCAGATT-1,0.0939491078192267
PB,MS,MS,MS49131,GSM4104136_GGTGAAGGTACAGTGG-1,-0.04720473464410065
PB,MS,MS,MS49131,GSM4104136_GGTGTTATCATCGATG-1,-0.11648219718350829
PB,MS,MS,MS49131,GSM4104136_GTATTCTTCAACCAAC-1,-0.08521796419991813
PB,MS,MS,MS49131,GSM4104136_GTCTCGTAGGGATACC-1,-0.2026285296702012
PB,MS,MS,MS49131,GSM4104136_GTGCATATCACAAACC-1,0.1508752126780394
PB,MS,MS,MS49131,GSM4104136_GTGTTAGCAAGCGATG-1,-0.29997119987097626
PB,MS,MS,MS49131,GSM4104136_TAAACCGGTTGGTGGA-1,0.24034778908704596
PB,MS,MS,MS49131,GSM4104136_TAAGCGTCATAGTAAG-1,-0.29997119987097626
PB,MS,MS,MS49131,GSM4104136_TAAGCGTTCAGCGATT-1,-0.29997119987097626
PB,MS,MS,MS49131,GSM4104136_TACCTATCAAGGCTCC-1,-0.29997119987097626
PB,MS,MS,MS49131,GSM4104136_TACCTTAGTTTGTTGG-1,-0.09363230028329426
PB,MS,MS,MS49131,GSM4104136_TACTCATAGGCGCTCT-1,-0.29997119987097626
PB,MS,MS,MS49131,GSM4104136_TCACAAGCAAAGTGCG-1,-0.29997119987097626
PB,MS,MS,MS49131,GSM4104136_TCAGCAAAGAAGAAGC-1,0.030712143452729403
PB,MS,MS,MS49131,GSM4104136_TCAGCTCAGCCTATGT-1,-0.29997119987097626
PB,MS,MS,MS49131,GSM4104136_TCAGGATAGAAGGTGA-1,-0.29997119987097626
PB,MS,MS,MS49131,GSM4104136_TCATTTGAGTTAGCGG-1,-0.29997119987097626
PB,MS,MS,MS49131,GSM4104136_TCCCGATTCAAAGTAG-1,0.5618740451891465
PB,MS,MS,MS49131,GSM4104136_TCTCATAAGTCTTGCA-1,-0.11005737198124302
PB,MS,MS,MS49131,GSM4104136_TCTGGAAAGTCGTTTG-1,-0.1676132450175159
PB,MS,MS,MS49131,GSM4104136_TCTTCGGCATCCCATC-1,-0.0607485430488403
PB,MS,MS,MS49131,GSM4104136_TCTTTCCGTGATAAGT-1,-0.29997119987097626
PB,MS,MS,MS49131,GSM4104136_TGAGCATGTTGTCTTT-1,0.06222302444595911
PB,MS,MS,MS49131,GSM4104136_TGAGGGAAGTTGAGTA-1,0.29124342288676736
PB,MS,MS,MS49131,GSM4104136_TGGGAAGAGTGAATTG-1,-0.29997119987097626
PB,MS,MS,MS49131,GSM4104136_TTGACTTGTCTCTTAT-1,-0.29997119987097626
PB,MS,MS,MS49131,GSM4104136_TTGCGTCTCGGCTTGG-1,-0.05955907259995171
PB,MS,MS,MS49131,GSM4104136_TTTACTGCAGCCAGAA-1,-0.08785560418886339
PB,MS,MS,MS49131,GSM4104136_TTTGGTTAGCTGCAAG-1,-0.29997119987097626
CSF,MS,MS,MS58637,GSM4104123_AACTGGTTCCCAACGG-1,0.4205682692584131
CSF,MS,MS,MS58637,GSM4104123_AAGCCGCCAGGTCCAC-1,-0.29997119987097626
CSF,MS,MS,MS58637,GSM4104123_ACCCACTAGACGCTTT-1,-0.29997119987097626
CSF,MS,MS,MS58637,GSM4104123_AGAGCGACACGCGAAA-1,-0.29997119987097626
CSF,MS,MS,MS58637,GSM4104123_AGGGTGAGTTCCACTC-1,0.6659728986936816
CSF,MS,MS,MS58637,GSM4104123_AGTTGGTGTCCGAAGA-1,0.6110238332912584
CSF,MS,MS,MS58637,GSM4104123_ATCATGGAGATGCGAC-1,-0.019379032144592228
CSF,MS,MS,MS58637,GSM4104123_ATCATGGCAAGGTGTG-1,-0.29997119987097626
CSF,MS,MS,MS58637,GSM4104123_ATGAGGGGTCTCACCT-1,-0.000179552639153099
CSF,MS,MS,MS58637,GSM4104123_ATGTGTGTCAGCTCTC-1,-0.29997119987097626
CSF,MS,MS,MS58637,GSM4104123_ATTGGACTCCAACCAA-1,0.01866291800993891
CSF,MS,MS,MS58637,GSM4104123_CACCTTGAGGACTGGT-1,0.16342755445418428
CSF,MS,MS,MS58637,GSM4104123_CAGTCCTTCTTGCATT-1,-0.29997119987097626
CSF,MS,MS,MS58637,GSM4104123_CCCAATCGTAAATGTG-1,-0.29997119987097626
CSF,MS,MS,MS58637,GSM4104123_CGCTGGACATCTGGTA-1,0.12579519518071464
CSF,MS,MS,MS58637,GSM4104123_CGGACGTTCTACGAGT-1,0.13043246627299715
CSF,MS,MS,MS58637,GSM4104123_CGTGTCTGTGAAGGCT-1,-0.12156305606240067
CSF,MS,MS,MS58637,GSM4104123_CTACCCAAGCCAGTTT-1,-0.1286759224495922
CSF,MS,MS,MS58637,GSM4104123_CTCCTAGAGTCCTCCT-1,-0.29997119987097626
CSF,MS,MS,MS58637,GSM4104123_CTCGAGGAGGCTCTTA-1,0.2771695328065853
CSF,MS,MS,MS58637,GSM4104123_CTCGTACTCCGATATG-1,-0.29997119987097626
CSF,MS,MS,MS58637,GSM4104123_CTGAAACCATTTCAGG-1,-0.00029765363607233065
CSF,MS,MS,MS58637,GSM4104123_CTTTGCGAGTGTGGCA-1,-0.29997119987097626
CSF,MS,MS,MS58637,GSM4104123_GAAACTCCAGTCGATT-1,0.14756370272286604
CSF,MS,MS,MS58637,GSM4104123_GACCAATAGTACGACG-1,-0.29997119987097626
CSF,MS,MS,MS58637,GSM4104123_GCACTCTTCTGCTGCT-1,-0.29997119987097626
CSF,MS,MS,MS58637,GSM4104123_GCCTCTAAGGGTATCG-1,0.23381670637582921
CSF,MS,MS,MS58637,GSM4104123_GCGAGAACACCAACCG-1,-0.29997119987097626
CSF,MS,MS,MS58637,GSM4104123_GGACGTCGTGGTTTCA-1,0.8482070291704936
CSF,MS,MS,MS58637,GSM4104123_GGAGCAAAGTGAAGAG-1,-0.16693742504081774
CSF,MS,MS,MS58637,GSM4104123_GGCGTGTGTTCAGGCC-1,-0.29997119987097626
CSF,MS,MS,MS58637,GSM4104123_GTCAAGTTCTTTACGT-1,-0.29997119987097626
CSF,MS,MS,MS58637,GSM4104123_GTGAAGGTCATCTGTT-1,0.40653636042488267
CSF,MS,MS,MS58637,GSM4104123_TATCAGGTCGCGGATC-1,0.09379279913292324
CSF,MS,MS,MS58637,GSM4104123_TATGCCCAGGATCGCA-1,0.09962873072951384
CSF,MS,MS,MS58637,GSM4104123_TCACGAAAGTTTCCTT-1,0.009880979380402524
CSF,MS,MS,MS58637,GSM4104123_TCCCGATCAATTCCTT-1,-0.09564243204321313
CSF,MS,MS,MS58637,GSM4104123_TCGAGGCGTAAACACA-1,-0.29997119987097626
CSF,MS,MS,MS58637,GSM4104123_TCGTACCTCGTAGGAG-1,-0.29997119987097626
CSF,MS,MS,MS58637,GSM4104123_TCGTAGATCCATTCTA-1,-0.29997119987097626
CSF,MS,MS,MS58637,GSM4104123_TCTCTAAAGACACGAC-1,-0.29997119987097626
CSF,MS,MS,MS58637,GSM4104123_TCTTTCCTCGATAGAA-1,0.42451488498249523
CSF,MS,MS,MS58637,GSM4104123_TGCCCATTCTGGTGTA-1,0.23368711602134423
CSF,MS,MS,MS58637,GSM4104123_TGCCCTAGTCTGCAAT-1,-0.1260679784864198
CSF,MS,MS,MS58637,GSM4104123_TTGAACGAGGTGCAAC-1,-0.166028384576828
CSF,MS,MS,MS60249,GSM4104126_AAACCTGCACCGCTAG-1,0.19393635426709102
CSF,MS,MS,MS60249,GSM4104126_AAACCTGGTAAACACA-1,0.03993546835580603
CSF,MS,MS,MS60249,GSM4104126_AAACGGGCACATCCAA-1,-0.29997119987097626
CSF,MS,MS,MS60249,GSM4104126_AAACGGGGTTACGCGC-1,-0.29997119987097626
CSF,MS,MS,MS60249,GSM4104126_AAAGATGCAGGAATGC-1,-0.29997119987097626
CSF,MS,MS,MS60249,GSM4104126_AAAGCAACATGACGGA-1,-0.036832696965278744
CSF,MS,MS,MS60249,GSM4104126_AAAGCAAGTAAGTGGC-1,-0.10359828334274727
CSF,MS,MS,MS60249,GSM4104126_AAAGTAGAGCTAAGAT-1,-0.29997119987097626
CSF,MS,MS,MS60249,GSM4104126_AAAGTAGTCTCTTGAT-1,-0.1308442937503528
CSF,MS,MS,MS60249,GSM4104126_AAATGCCTCTGTCTAT-1,-0.29997119987097626
CSF,MS,MS,MS60249,GSM4104126_AACACGTGTCTCTTAT-1,-0.0664853428734512
CSF,MS,MS,MS60249,GSM4104126_AACACGTTCAACACAC-1,-0.25162697266012496
CSF,MS,MS,MS60249,GSM4104126_AACACGTTCTGCAGTA-1,0.06663113496926232
CSF,MS,MS,MS60249,GSM4104126_AACACGTTCTGTCTCG-1,-0.29997119987097626
CSF,MS,MS,MS60249,GSM4104126_AACGTTGCATCACAAC-1,0.12641173485152807
CSF,MS,MS,MS60249,GSM4104126_AACGTTGTCAACTCTT-1,-0.20464150400280268
CSF,MS,MS,MS60249,GSM4104126_AACTCAGCACCGATAT-1,-0.29997119987097626
CSF,MS,MS,MS60249,GSM4104126_AACTCAGGTCTTCAAG-1,0.02738596692160231
CSF,MS,MS,MS60249,GSM4104126_AACTCAGTCGCTTGTC-1,0.2262678565739738
CSF,MS,MS,MS60249,GSM4104126_AACTCAGTCGTTTAGG-1,0.6459472403858934
CSF,MS,MS,MS60249,GSM4104126_AACTCCCAGCATCATC-1,0.33102311742840157
CSF,MS,MS,MS60249,GSM4104126_AACTCCCGTAGAGCTG-1,-0.29997119987097626
CSF,MS,MS,MS60249,GSM4104126_AACTCCCGTCATGCCG-1,-0.29997119987097626
CSF,MS,MS,MS60249,GSM4104126_AACTCTTTCAACGGCC-1,-0.08437868672515049
CSF,MS,MS,MS60249,GSM4104126_AACTTTCTCTTAGCCC-1,0.43411892457917906
CSF,MS,MS,MS60249,GSM4104126_AAGACCTCAGACGCTC-1,-0.017894569819176115
CSF,MS,MS,MS60249,GSM4104126_AAGCCGCCATGTTCCC-1,0.19746636334478565
CSF,MS,MS,MS60249,GSM4104126_AAGCCGCGTATCGCAT-1,-0.14864456088063532
CSF,MS,MS,MS60249,GSM4104126_AAGTCTGAGCGTCTAT-1,-0.10561343383338166
CSF,MS,MS,MS60249,GSM4104126_AAGTCTGAGGCGATAC-1,-0.1603402890446944
CSF,MS,MS,MS60249,GSM4104126_AAGTCTGAGTCCTCCT-1,0.05891527908075587
CSF,MS,MS,MS60249,GSM4104126_AATCCAGAGATTACCC-1,-0.29997119987097626
CSF,MS,MS,MS60249,GSM4104126_AATCCAGCAGCCTTTC-1,-0.04460252141203307
CSF,MS,MS,MS60249,GSM4104126_AATCGGTCAAGGACTG-1,0.22844892282611381
CSF,MS,MS,MS60249,GSM4104126_AATCGGTGTGGGTATG-1,0.18220893311166236
CSF,MS,MS,MS60249,GSM4104126_ACACCAACAGCATGAG-1,-0.29997119987097626
CSF,MS,MS,MS60249,GSM4104126_ACACCCTAGTGCCAGA-1,0.10715231976130798
CSF,MS,MS,MS60249,GSM4104126_ACACCGGGTCCTAGCG-1,-0.20881485896072668
CSF,MS,MS,MS60249,GSM4104126_ACACTGACAACGATGG-1,0.2501209536727802
CSF,MS,MS,MS60249,GSM4104126_ACACTGACAGATGGCA-1,-0.07867039162766822
CSF,MS,MS,MS60249,GSM4104126_ACACTGACAGTCAGCC-1,-0.1433925032330729
CSF,MS,MS,MS60249,GSM4104126_ACAGCCGCAGTAAGCG-1,-0.29997119987097626
CSF,MS,MS,MS60249,GSM4104126_ACAGCTACACATCCGG-1,0.30414093859360275
CSF,MS,MS,MS60249,GSM4104126_ACATACGTCTTGTCAT-1,0.09843493938928323
CSF,MS,MS,MS60249,GSM4104126_ACATGGTAGGCTAGCA-1,-0.11818519345605924
CSF,MS,MS,MS60249,GSM4104126_ACATGGTCAAGCGATG-1,0.3821527115781049
CSF,MS,MS,MS60249,GSM4104126_ACCAGTAGTATAGTAG-1,-0.29997119987097626
CSF,MS,MS,MS60249,GSM4104126_ACCGTAATCCTTGGTC-1,0.017468707977670146
CSF,MS,MS,MS60249,GSM4104126_ACCTTTAAGAGGTACC-1,-0.11149333033883968
CSF,MS,MS,MS60249,GSM4104126_ACCTTTAAGATGTCGG-1,0.05638352433338186
CSF,MS,MS,MS60249,GSM4104126_ACCTTTAGTCTAAACC-1,0.11565622845076173
CSF,MS,MS,MS60249,GSM4104126_ACCTTTATCCTCTAGC-1,-0.29997119987097626
CSF,MS,MS,MS60249,GSM4104126_ACGAGCCCACTAAGTC-1,0.16046473317942425
CSF,MS,MS,MS60249,GSM4104126_ACGAGCCGTGTCTGAT-1,0.06703262287266519
CSF,MS,MS,MS60249,GSM4104126_ACGAGGAAGAGTCGGT-1,-0.29997119987097626
CSF,MS,MS,MS60249,GSM4104126_ACGATACAGCGTTCCG-1,-0.29997119987097626
CSF,MS,MS,MS60249,GSM4104126_ACGATACGTTAGAACA-1,-0.008196526297417584
CSF,MS,MS,MS60249,GSM4104126_ACGCAGCGTTGCGTTA-1,-0.009458474742704833
CSF,MS,MS,MS60249,GSM4104126_ACGCCAGTCAATCTCT-1,0.006503360462188071
CSF,MS,MS,MS60249,GSM4104126_ACGCCAGTCGAGCCCA-1,-0.19781350450072122
CSF,MS,MS,MS60249,GSM4104126_ACGCCGAGTTAAGAAC-1,-0.2379119375837186
CSF,MS,MS,MS60249,GSM4104126_ACGGAGACAAATCCGT-1,0.18788723343652602
CSF,MS,MS,MS60249,GSM4104126_ACGGAGACACCCAGTG-1,0.2272768928420633
CSF,MS,MS,MS60249,GSM4104126_ACGGAGAGTGATAAGT-1,0.0311890832337145
CSF,MS,MS,MS60249,GSM4104126_ACGGAGAGTGCACGAA-1,-0.22327375728356277
CSF,MS,MS,MS60249,GSM4104126_ACGGAGATCATTATCC-1,-0.29997119987097626
CSF,MS,MS,MS60249,GSM4104126_ACGGCCAAGGCAAAGA-1,0.1325491946615192
CSF,MS,MS,MS60249,GSM4104126_ACGGGCTGTACATCCA-1,-0.29997119987097626
CSF,MS,MS,MS60249,GSM4104126_ACGGGCTTCTTATCTG-1,-0.29997119987097626
CSF,MS,MS,MS60249,GSM4104126_ACTATCTAGCGGCTTC-1,-0.005019227110494731
CSF,MS,MS,MS60249,GSM4104126_ACTATCTTCAAGAAGT-1,0.28161167721661107
CSF,MS,MS,MS60249,GSM4104126_ACTATCTTCACTTATC-1,0.09977755566576887
CSF,MS,MS,MS60249,GSM4104126_ACTATCTTCGAGAACG-1,-0.050698005290986614
CSF,MS,MS,MS60249,GSM4104126_ACTGAACTCAACACAC-1,0.03818009546805252
CSF,MS,MS,MS60249,GSM4104126_ACTGAACTCGTAGGTT-1,0.2850791235895563
CSF,MS,MS,MS60249,GSM4104126_ACTGAGTTCGCCAGCA-1,-0.15962831384442522
CSF,MS,MS,MS60249,GSM4104126_ACTGATGAGCTCCTCT-1,0.2991751762603793
CSF,MS,MS,MS60249,GSM4104126_ACTGATGTCGATCCCT-1,-0.16177126141318096
CSF,MS,MS,MS60249,GSM4104126_ACTGATGTCTATCCTA-1,0.087294090557437
CSF,MS,MS,MS60249,GSM4104126_ACTGCTCAGCGCCTCA-1,0.11879856629465399
CSF,MS,MS,MS60249,GSM4104126_ACTGCTCGTCATGCAT-1,-0.050941237757302506
CSF,MS,MS,MS60249,GSM4104126_ACTGCTCGTGGAAAGA-1,-0.1327264532019364
CSF,MS,MS,MS60249,GSM4104126_ACTGTCCAGGTGACCA-1,0.9588760762395907
CSF,MS,MS,MS60249,GSM4104126_ACTGTCCGTACTTCTT-1,0.6916948943394136
CSF,MS,MS,MS60249,GSM4104126_ACTTTCACATATACGC-1,-0.29997119987097626
CSF,MS,MS,MS60249,GSM4104126_AGAATAGCACACCGAC-1,-0.07527123136968301
CSF,MS,MS,MS60249,GSM4104126_AGACGTTAGAGTTGGC-1,-0.13479883717407368
CSF,MS,MS,MS60249,GSM4104126_AGACGTTAGCCAGAAC-1,-0.18030304034814362
CSF,MS,MS,MS60249,GSM4104126_AGACGTTAGGTAAACT-1,-0.29997119987097626
CSF,MS,MS,MS60249,GSM4104126_AGAGCTTTCCTAGTGA-1,-0.29997119987097626
CSF,MS,MS,MS60249,GSM4104126_AGAGCTTTCTGCGTAA-1,-0.29997119987097626
CSF,MS,MS,MS60249,GSM4104126_AGAGTGGGTTCAGGCC-1,0.36915347669030735
CSF,MS,MS,MS60249,GSM4104126_AGATCTGTCGTTACGA-1,0.07137756482831045
CSF,MS,MS,MS60249,GSM4104126_AGATTGCCACCGTTGG-1,0.14589909898389747
CSF,MS,MS,MS60249,GSM4104126_AGCAGCCAGGCCCTCA-1,-0.29997119987097626
CSF,MS,MS,MS60249,GSM4104126_AGCAGCCAGTACGATA-1,-0.10531084716252316
CSF,MS,MS,MS60249,GSM4104126_AGCGTATAGTGGGCTA-1,0.10630294858593715
CSF,MS,MS,MS60249,GSM4104126_AGCGTATTCATACGGT-1,-0.29997119987097626
CSF,MS,MS,MS60249,GSM4104126_AGCGTCGCACGAAATA-1,-0.29997119987097626
CSF,MS,MS,MS60249,GSM4104126_AGCGTCGTCCGTCAAA-1,0.1019853267623008
CSF,MS,MS,MS60249,GSM4104126_AGCTCCTCACGGCTAC-1,-0.17053265244836804
CSF,MS,MS,MS60249,GSM4104126_AGCTCTCAGACAAGCC-1,0.3134025247676493
CSF,MS,MS,MS60249,GSM4104126_AGCTCTCTCCAGAAGG-1,-0.29997119987097626
CSF,MS,MS,MS60249,GSM4104126_AGGCCACAGGATGCGT-1,0.10119127353928582
CSF,MS,MS,MS60249,GSM4104126_AGGCCGTAGTCTCAAC-1,-0.022300030900032918
CSF,MS,MS,MS60249,GSM4104126_AGGGATGAGCGACGTA-1,-0.29997119987097626
CSF,MS,MS,MS60249,GSM4104126_AGGGTGAGTACCCAAT-1,-0.29997119987097626
CSF,MS,MS,MS60249,GSM4104126_AGGTCCGAGGACAGCT-1,-0.08692844341093221
CSF,MS,MS,MS60249,GSM4104126_AGGTCCGGTCTTGATG-1,-0.29997119987097626
CSF,MS,MS,MS60249,GSM4104126_AGTAGTCAGAACTCGG-1,-0.1558304068813739
CSF,MS,MS,MS60249,GSM4104126_AGTAGTCAGAGTAAGG-1,-0.29997119987097626
CSF,MS,MS,MS60249,GSM4104126_AGTAGTCGTTCGGGCT-1,-0.08011985074126615
CSF,MS,MS,MS60249,GSM4104126_AGTCTTTCAAGTTCTG-1,0.1312908283119974
CSF,MS,MS,MS60249,GSM4104126_AGTCTTTTCTTGAGGT-1,-0.29997119987097626
CSF,MS,MS,MS60249,GSM4104126_AGTGGGAAGATATACG-1,-0.29997119987097626
CSF,MS,MS,MS60249,GSM4104126_AGTGGGACAATCCGAT-1,-0.29997119987097626
CSF,MS,MS,MS60249,GSM4104126_ATAACGCTCAGGCAAG-1,-0.29997119987097626
CSF,MS,MS,MS60249,GSM4104126_ATAAGAGTCTCCTATA-1,0.11767794024084703
CSF,MS,MS,MS60249,GSM4104126_ATAGACCAGAGCCTAG-1,-0.16225694414827127
CSF,MS,MS,MS60249,GSM4104126_ATCACGAAGCCATCGC-1,-0.1255248744951242
CSF,MS,MS,MS60249,GSM4104126_ATCACGACACACTGCG-1,-0.037232262492912685
CSF,MS,MS,MS60249,GSM4104126_ATCATCTCATGTTGAC-1,-0.0593406468704372
CSF,MS,MS,MS60249,GSM4104126_ATCGAGTCAGGTCGTC-1,-0.12507639381558883
CSF,MS,MS,MS60249,GSM4104126_ATCGAGTCATCAGTCA-1,-0.15030729077126376
CSF,MS,MS,MS60249,GSM4104126_ATCGAGTGTGACGCCT-1,-0.29997119987097626
CSF,MS,MS,MS60249,GSM4104126_ATGAGGGGTTACCGAT-1,-0.0212411415044029
CSF,MS,MS,MS60249,GSM4104126_ATGCGATAGGGTCGAT-1,0.41937471808016497
CSF,MS,MS,MS60249,GSM4104126_ATGGGAGAGATGCGAC-1,-0.1355747248031609
CSF,MS,MS,MS60249,GSM4104126_ATGGGAGTCCATGCTC-1,-0.19855239347649428
CSF,MS,MS,MS60249,GSM4104126_ATTACTCCAATGCCAT-1,0.09219100927887562
CSF,MS,MS,MS60249,GSM4104126_ATTACTCCAGTCAGCC-1,-0.1693809357025336
CSF,MS,MS,MS60249,GSM4104126_ATTACTCGTCAGATAA-1,0.03248105315226606
CSF,MS,MS,MS60249,GSM4104126_ATTATCCCACTTCGAA-1,0.12026747313159
CSF,MS,MS,MS60249,GSM4104126_ATTCTACTCCCTTGTG-1,0.0855063996039681
CSF,MS,MS,MS60249,GSM4104126_ATTGGACAGTTTGCGT-1,0.25431066418103015
CSF,MS,MS,MS60249,GSM4104126_ATTGGACCATCGGAAG-1,-0.06979340487608961
CSF,MS,MS,MS60249,GSM4104126_ATTGGTGGTCAATGTC-1,-0.18748681665843123
CSF,MS,MS,MS60249,GSM4104126_ATTTCTGTCGGAGGTA-1,0.05873060191664402
CSF,MS,MS,MS60249,GSM4104126_CAACCAACAGGCTCAC-1,-0.29997119987097626
CSF,MS,MS,MS60249,GSM4104126_CAACCAAGTCATGCCG-1,0.26240779992588104
CSF,MS,MS,MS60249,GSM4104126_CAACCAATCAACCAAC-1,0.35906450853360977
CSF,MS,MS,MS60249,GSM4104126_CAACCTCTCGCTGATA-1,-0.09572145855262233
CSF,MS,MS,MS60249,GSM4104126_CAACTAGGTAAACACA-1,-0.29997119987097626
CSF,MS,MS,MS60249,GSM4104126_CAACTAGTCGTGACAT-1,-0.18865493118666518
CSF,MS,MS,MS60249,GSM4104126_CAACTAGTCTTGTACT-1,-0.29997119987097626
CSF,MS,MS,MS60249,GSM4104126_CAAGAAAGTCGTCTTC-1,0.09133625652010131
CSF,MS,MS,MS60249,GSM4104126_CAAGTTGAGGTGTTAA-1,0.2382422302951844
CSF,MS,MS,MS60249,GSM4104126_CACAAACAGAGTAAGG-1,-0.09512493820713586
CSF,MS,MS,MS60249,GSM4104126_CACAAACTCTACCAGA-1,-0.2351731812962313
CSF,MS,MS,MS60249,GSM4104126_CACAAACTCTGCCCTA-1,0.1787823152734845
CSF,MS,MS,MS60249,GSM4104126_CACAGGCAGTACGTAA-1,-0.29997119987097626
CSF,MS,MS,MS60249,GSM4104126_CACAGGCGTATCACCA-1,-0.29997119987097626
CSF,MS,MS,MS60249,GSM4104126_CACAGGCGTTTAGCTG-1,-0.29997119987097626
CSF,MS,MS,MS60249,GSM4104126_CACAGTAAGAAGGACA-1,-0.07518243796199826
CSF,MS,MS,MS60249,GSM4104126_CACAGTAGTTCCATGA-1,-0.29997119987097626
CSF,MS,MS,MS60249,GSM4104126_CACAGTATCATCTGTT-1,-0.29997119987097626
CSF,MS,MS,MS60249,GSM4104126_CACATAGCACTGCCAG-1,-0.13190012523076936
CSF,MS,MS,MS60249,GSM4104126_CACATAGCATGAAGTA-1,-0.13737508208300558
CSF,MS,MS,MS60249,GSM4104126_CACATTTCAAGACGTG-1,-0.29997119987097626
CSF,MS,MS,MS60249,GSM4104126_CACATTTCAATCTGCA-1,0.06850107148069659
CSF,MS,MS,MS60249,GSM4104126_CACCACTAGACAGACC-1,-0.21844881981157557
CSF,MS,MS,MS60249,GSM4104126_CACCTTGAGCCACGCT-1,-0.10986329688801845
CSF,MS,MS,MS60249,GSM4104126_CACCTTGAGGCAGTCA-1,-0.04811421998966164
CSF,MS,MS,MS60249,GSM4104126_CACTCCAAGCATGGCA-1,0.11914896294146529
CSF,MS,MS,MS60249,GSM4104126_CACTCCAGTACGCTGC-1,-0.01832773171783244
CSF,MS,MS,MS60249,GSM4104126_CAGAGAGTCAGGCCCA-1,-0.1030331040061802
CSF,MS,MS,MS60249,GSM4104126_CAGATCAAGCCAACAG-1,-0.29997119987097626
CSF,MS,MS,MS60249,GSM4104126_CAGCAGCAGCCCAGCT-1,-0.061897075005392065
CSF,MS,MS,MS60249,GSM4104126_CAGCAGCAGCTAACAA-1,0.2913347517694472
CSF,MS,MS,MS60249,GSM4104126_CAGCAGCGTCAATACC-1,-0.29997119987097626
CSF,MS,MS,MS60249,GSM4104126_CAGCCGAAGCTGCCCA-1,-0.29997119987097626
CSF,MS,MS,MS60249,GSM4104126_CAGCGACAGATGTTAG-1,0.1084371456249047
CSF,MS,MS,MS60249,GSM4104126_CAGCGACGTCTCAACA-1,-0.20720819565481693
CSF,MS,MS,MS60249,GSM4104126_CAGCTAAAGTAGCCGA-1,-0.10766015604030184
CSF,MS,MS,MS60249,GSM4104126_CAGCTAAAGTATGACA-1,-0.29997119987097626
CSF,MS,MS,MS60249,GSM4104126_CAGCTGGAGCAGGTCA-1,0.043291299447598526
CSF,MS,MS,MS60249,GSM4104126_CAGCTGGGTCGTTGTA-1,-0.06014200184191705
CSF,MS,MS,MS60249,GSM4104126_CAGGTGCAGCTAACAA-1,0.05536074040217683
CSF,MS,MS,MS60249,GSM4104126_CAGGTGCAGGGATGGG-1,-0.29997119987097626
CSF,MS,MS,MS60249,GSM4104126_CAGTAACAGACCACGA-1,-0.29997119987097626
CSF,MS,MS,MS60249,GSM4104126_CAGTAACAGATGGCGT-1,-0.22394461998346765
CSF,MS,MS,MS60249,GSM4104126_CATATGGGTAGGGACT-1,-0.29997119987097626
CSF,MS,MS,MS60249,GSM4104126_CATATTCGTGCTAGCC-1,0.0738149307390656
CSF,MS,MS,MS60249,GSM4104126_CATATTCTCCAAACTG-1,0.48318964128638875
CSF,MS,MS,MS60249,GSM4104126_CATATTCTCTTGGGTA-1,-0.29997119987097626
CSF,MS,MS,MS60249,GSM4104126_CATCAGACAGATGGCA-1,0.04628965862702399
CSF,MS,MS,MS60249,GSM4104126_CATCAGATCAACGCTA-1,0.0558735761838033
CSF,MS,MS,MS60249,GSM4104126_CATCCACTCCTCCTAG-1,0.4450503715472052
CSF,MS,MS,MS60249,GSM4104126_CATCCACTCGATCCCT-1,-0.03053761234936484
CSF,MS,MS,MS60249,GSM4104126_CATGCCTCAGGACGTA-1,-0.037530348281622994
CSF,MS,MS,MS60249,GSM4104126_CATGCCTGTCAAAGCG-1,-0.13751334444334615
CSF,MS,MS,MS60249,GSM4104126_CATTATCGTCGCTTTC-1,0.11707505580647662
CSF,MS,MS,MS60249,GSM4104126_CATTCGCCAACCGCCA-1,0.0481551550351863
CSF,MS,MS,MS60249,GSM4104126_CCAATCCCAGTAGAGC-1,0.17562321308106865
CSF,MS,MS,MS60249,GSM4104126_CCAATCCGTTCCGTCT-1,-0.18994929676471012
CSF,MS,MS,MS60249,GSM4104126_CCAATCCTCAGAAATG-1,-0.005806942459794533
CSF,MS,MS,MS60249,GSM4104126_CCAATCCTCTACCTGC-1,-0.13394556234069013
CSF,MS,MS,MS60249,GSM4104126_CCACCTACAAGAAAGG-1,-0.028734114863655867
CSF,MS,MS,MS60249,GSM4104126_CCACGGACAATGTTGC-1,0.18645599686553324
CSF,MS,MS,MS60249,GSM4104126_CCACGGACACTGTTAG-1,-0.1789616733098762
CSF,MS,MS,MS60249,GSM4104126_CCACTACCATATACCG-1,-0.29997119987097626
CSF,MS,MS,MS60249,GSM4104126_CCACTACGTGGCGAAT-1,-0.07607497683631008
CSF,MS,MS,MS60249,GSM4104126_CCAGCGATCCAAGCCG-1,0.39260238058088637
CSF,MS,MS,MS60249,GSM4104126_CCAGCGATCCCAAGAT-1,0.6282639047992119
CSF,MS,MS,MS60249,GSM4104126_CCATTCGAGATGTAAC-1,-0.29997119987097626
CSF,MS,MS,MS60249,GSM4104126_CCCAATCAGACTCGGA-1,-0.1369410941942977
CSF,MS,MS,MS60249,GSM4104126_CCCAATCAGCGTCAAG-1,-0.10710548757813436
CSF,MS,MS,MS60249,GSM4104126_CCCAGTTAGATATGGT-1,0.09927352843924642
CSF,MS,MS,MS60249,GSM4104126_CCCAGTTCAGGATCGA-1,0.11060768183851266
CSF,MS,MS,MS60249,GSM4104126_CCCAGTTGTACTTCTT-1,0.0072942179323402445
CSF,MS,MS,MS60249,GSM4104126_CCCAGTTGTCGTGGCT-1,0.4034243215247847
CSF,MS,MS,MS60249,GSM4104126_CCCATACCAGTCAGCC-1,0.2076921285089289
CSF,MS,MS,MS60249,GSM4104126_CCCATACTCGCTAGCG-1,-0.02600598077128987
CSF,MS,MS,MS60249,GSM4104126_CCCTCCTGTTGAGGTG-1,-0.29997119987097626
CSF,MS,MS,MS60249,GSM4104126_CCCTCCTTCGTACCGG-1,-0.29997119987097626
CSF,MS,MS,MS60249,GSM4104126_CCGTGGACATACTCTT-1,0.6296434195762978
CSF,MS,MS,MS60249,GSM4104126_CCGTTCACAGATGGGT-1,-0.15683319672403773
CSF,MS,MS,MS60249,GSM4104126_CCGTTCAGTGACAAAT-1,0.10624988208730872
CSF,MS,MS,MS60249,GSM4104126_CCTAAAGCAGATCCAT-1,-0.04494630009814372
CSF,MS,MS,MS60249,GSM4104126_CCTACCAGTAGGCATG-1,0.09860034592809767
CSF,MS,MS,MS60249,GSM4104126_CCTCAGTCATTGTGCA-1,-0.29997119987097626
CSF,MS,MS,MS60249,GSM4104126_CCTCTGACAGCATGAG-1,0.31280492973422425
CSF,MS,MS,MS60249,GSM4104126_CCTTACGCAGGCGATA-1,-0.08133179348440187
CSF,MS,MS,MS60249,GSM4104126_CCTTCCCTCTCTGAGA-1,0.6582905594078975
CSF,MS,MS,MS60249,GSM4104126_CCTTCGAAGCAGATCG-1,0.37708052898087935
CSF,MS,MS,MS60249,GSM4104126_CCTTCGACAGTTCCCT-1,-0.29997119987097626
CSF,MS,MS,MS60249,GSM4104126_CCTTCGATCAACACCA-1,-0.11571948949738273
CSF,MS,MS,MS60249,GSM4104126_CGAACATAGCGATATA-1,-0.03233579183461983
CSF,MS,MS,MS60249,GSM4104126_CGAACATCATTACGAC-1,0.3765507478296362
CSF,MS,MS,MS60249,GSM4104126_CGAATGTAGTGGGATC-1,0.534257468262658
CSF,MS,MS,MS60249,GSM4104126_CGAATGTCAGACGCAA-1,0.08594014340518907
CSF,MS,MS,MS60249,GSM4104126_CGACCTTAGTATGACA-1,-0.05622764928320963
CSF,MS,MS,MS60249,GSM4104126_CGACCTTCAGCATACT-1,0.24667597981010309
CSF,MS,MS,MS60249,GSM4104126_CGACCTTGTCCGCTGA-1,-0.24408328246260033
CSF,MS,MS,MS60249,GSM4104126_CGAGAAGAGATATGGT-1,0.03829973060291307
CSF,MS,MS,MS60249,GSM4104126_CGAGCCACACCCTATC-1,0.13326382187878288
CSF,MS,MS,MS60249,GSM4104126_CGAGCCAGTATTCGTG-1,0.11909416010315683
CSF,MS,MS,MS60249,GSM4104126_CGATGTATCGGCGCAT-1,-0.29997119987097626
CSF,MS,MS,MS60249,GSM4104126_CGCCAAGAGGCTAGGT-1,-0.07610775370745293
CSF,MS,MS,MS60249,GSM4104126_CGCGGTAAGAAGGTTT-1,0.2305409476528629
CSF,MS,MS,MS60249,GSM4104126_CGCGGTAAGGCAGGTT-1,0.031214621864986945
CSF,MS,MS,MS60249,GSM4104126_CGCGGTAGTCGAATCT-1,-0.29997119987097626
CSF,MS,MS,MS60249,GSM4104126_CGCGTTTCAAAGAATC-1,-0.06713007776556681
CSF,MS,MS,MS60249,GSM4104126_CGCTATCAGAGCTGGT-1,0.38043546609876266
CSF,MS,MS,MS60249,GSM4104126_CGCTATCAGCTGGAAC-1,-0.10425862972816724
CSF,MS,MS,MS60249,GSM4104126_CGCTATCCAATGCCAT-1,0.20756153109554173
CSF,MS,MS,MS60249,GSM4104126_CGCTATCGTTAAAGTG-1,0.08278853648675184
CSF,MS,MS,MS60249,GSM4104126_CGCTGGACATATGCTG-1,0.2123252077432654
CSF,MS,MS,MS60249,GSM4104126_CGCTGGATCCACGCAG-1,-0.048867915315579935
CSF,MS,MS,MS60249,GSM4104126_CGCTTCACAGTAAGCG-1,-0.0477243180415247
CSF,MS,MS,MS60249,GSM4104126_CGGACACGTCAGATAA-1,-0.29997119987097626
CSF,MS,MS,MS60249,GSM4104126_CGGACACTCAGAGGTG-1,-0.29997119987097626
CSF,MS,MS,MS60249,GSM4104126_CGGACGTAGTTTGCGT-1,0.1761838263762953
CSF,MS,MS,MS60249,GSM4104126_CGGACGTGTCTTCAAG-1,-0.05977890472493872
CSF,MS,MS,MS60249,GSM4104126_CGGACGTTCTTGACGA-1,-0.07306474062785226
CSF,MS,MS,MS60249,GSM4104126_CGGACTGCATATGAGA-1,0.22250266407944133
CSF,MS,MS,MS60249,GSM4104126_CGGACTGGTGGGTCAA-1,-0.20240769721479568
CSF,MS,MS,MS60249,GSM4104126_CGGAGCTGTTCACCTC-1,0.24423381483806159
CSF,MS,MS,MS60249,GSM4104126_CGGCTAGCATGGGACA-1,-0.12103059494454019
CSF,MS,MS,MS60249,GSM4104126_CGGGTCATCGGCGGTT-1,0.14053800065049957
CSF,MS,MS,MS60249,GSM4104126_CGGGTCATCTCTTGAT-1,0.20564711398441268
CSF,MS,MS,MS60249,GSM4104126_CGTAGCGAGACACGAC-1,0.02558630427520884
CSF,MS,MS,MS60249,GSM4104126_CGTAGGCTCCACGCAG-1,-0.06193529829712268
CSF,MS,MS,MS60249,GSM4104126_CGTAGGCTCTTAGCCC-1,0.12579519518071464
CSF,MS,MS,MS60249,GSM4104126_CGTCACTAGAAACCAT-1,-0.04606392282223503
CSF,MS,MS,MS60249,GSM4104126_CGTCACTCAATAAGCA-1,0.7468012075175651
CSF,MS,MS,MS60249,GSM4104126_CGTCACTGTTCAGTAC-1,-0.29997119987097626
CSF,MS,MS,MS60249,GSM4104126_CGTCTACCATACGCCG-1,-0.058597343187241344
CSF,MS,MS,MS60249,GSM4104126_CGTGTCTTCAACGGCC-1,0.003908233543344908
CSF,MS,MS,MS60249,GSM4104126_CGTGTCTTCTTTAGGG-1,-0.29997119987097626
CSF,MS,MS,MS60249,GSM4104126_CGTTAGAAGTAAGTAC-1,0.007143811433144688
CSF,MS,MS,MS60249,GSM4104126_CGTTAGACATATACCG-1,-0.22225458863934452
CSF,MS,MS,MS60249,GSM4104126_CGTTAGAGTCGCGAAA-1,0.017024568356295757
CSF,MS,MS,MS60249,GSM4104126_CGTTCTGCACTTAAGC-1,-0.29997119987097626
CSF,MS,MS,MS60249,GSM4104126_CGTTGGGAGTTTGCGT-1,0.46854259292715106
CSF,MS,MS,MS60249,GSM4104126_CTAACTTAGTACGACG-1,0.052179112891134305
CSF,MS,MS,MS60249,GSM4104126_CTAACTTTCGCCAGCA-1,-0.2183174840884386
CSF,MS,MS,MS60249,GSM4104126_CTACACCAGTTTGCGT-1,-0.29997119987097626
CSF,MS,MS,MS60249,GSM4104126_CTACATTCAGCTGGCT-1,0.10989070756521706
CSF,MS,MS,MS60249,GSM4104126_CTACATTTCTTGCATT-1,0.8655198658885537
CSF,MS,MS,MS60249,GSM4104126_CTACCCATCTTCAACT-1,-0.29997119987097626
CSF,MS,MS,MS60249,GSM4104126_CTACGTCGTCGAATCT-1,0.06295441354822708
CSF,MS,MS,MS60249,GSM4104126_CTACGTCTCGGCGCAT-1,-0.0248640983789464
CSF,MS,MS,MS60249,GSM4104126_CTAGAGTGTTGGTAAA-1,-0.04671031128219001
CSF,MS,MS,MS60249,GSM4104126_CTAGCCTAGGGAACGG-1,-0.1333635292883877
CSF,MS,MS,MS60249,GSM4104126_CTAGCCTCAAAGTGCG-1,-0.29997119987097626
CSF,MS,MS,MS60249,GSM4104126_CTAGCCTGTAATAGCA-1,-0.29997119987097626
CSF,MS,MS,MS60249,GSM4104126_CTAGTGACAATGGAGC-1,-0.05257325433338481
CSF,MS,MS,MS60249,GSM4104126_CTCAGAAGTCGAATCT-1,0.24447754169081845
CSF,MS,MS,MS60249,GSM4104126_CTCAGAATCTTACCGC-1,-0.1269351756721335
CSF,MS,MS,MS60249,GSM4104126_CTCCTAGTCGTTTATC-1,0.25028840732308727
CSF,MS,MS,MS60249,GSM4104126_CTCGAAAGTGAAGGCT-1,-0.007386906262272837
CSF,MS,MS,MS60249,GSM4104126_CTCGAAATCTACCTGC-1,-0.23168013936478316
CSF,MS,MS,MS60249,GSM4104126_CTCGAAATCTGCTTGC-1,0.043712014324008876
CSF,MS,MS,MS60249,GSM4104126_CTCGAGGCAAGGTGTG-1,-0.29997119987097626
CSF,MS,MS,MS60249,GSM4104126_CTCGAGGCAGCCAATT-1,0.0790941773707476
CSF,MS,MS,MS60249,GSM4104126_CTCGAGGCATGAGCGA-1,-0.02533230190353992
CSF,MS,MS,MS60249,GSM4104126_CTCTACGCAGTAACGG-1,0.3259028550262704
CSF,MS,MS,MS60249,GSM4104126_CTCTGGTCAACGATCT-1,0.11743311950909432
CSF,MS,MS,MS60249,GSM4104126_CTGATAGAGATAGTCA-1,-0.11114403668896088
CSF,MS,MS,MS60249,GSM4104126_CTGATCCCAGCTATTG-1,-0.13176534641624713
CSF,MS,MS,MS60249,GSM4104126_CTGATCCTCAGCGACC-1,0.16883325073576236
CSF,MS,MS,MS60249,GSM4104126_CTGCGGAAGATGCGAC-1,0.14777347568740537
CSF,MS,MS,MS60249,GSM4104126_CTGCGGACACACTGCG-1,-0.0717129314840128
CSF,MS,MS,MS60249,GSM4104126_CTGTGCTTCATGTCTT-1,0.43859766660699057
CSF,MS,MS,MS60249,GSM4104126_CTGTTTACAAGCGATG-1,0.4593878097147431
CSF,MS,MS,MS60249,GSM4104126_CTTAACTAGCCACGCT-1,-0.056357164321137285
CSF,MS,MS,MS60249,GSM4104126_CTTACCGCAACTGCTA-1,0.10941485053268975
CSF,MS,MS,MS60249,GSM4104126_CTTACCGGTCTGCAAT-1,-0.29997119987097626
CSF,MS,MS,MS60249,GSM4104126_CTTACCGTCATAAAGG-1,-0.020339686908739423
CSF,MS,MS,MS60249,GSM4104126_CTTACCGTCTCCTATA-1,0.028217277546134584
CSF,MS,MS,MS60249,GSM4104126_CTTGGCTCAAGCTGTT-1,0.23996404937187105
CSF,MS,MS,MS60249,GSM4104126_CTTGGCTTCATAAAGG-1,-0.29997119987097626
CSF,MS,MS,MS60249,GSM4104126_GAAACTCGTTATCGGT-1,0.054193056351568854
CSF,MS,MS,MS60249,GSM4104126_GAACATCAGCCAGAAC-1,0.25716719641615515
CSF,MS,MS,MS60249,GSM4104126_GAAGCAGAGGGAAACA-1,-0.29997119987097626
CSF,MS,MS,MS60249,GSM4104126_GAAGCAGAGGGATGGG-1,-0.04513149924926949
CSF,MS,MS,MS60249,GSM4104126_GAATAAGCAAGGTGTG-1,0.21432027252087954
CSF,MS,MS,MS60249,GSM4104126_GAATAAGGTACACCGC-1,-0.08851400888125042
CSF,MS,MS,MS60249,GSM4104126_GAATGAATCGGCCGAT-1,0.08214927142682157
CSF,MS,MS,MS60249,GSM4104126_GACACGCGTATGGTTC-1,0.37035354982927876
CSF,MS,MS,MS60249,GSM4104126_GACAGAGCACGCATCG-1,0.13705154782098278
CSF,MS,MS,MS60249,GSM4104126_GACCTGGGTCCCGACA-1,-0.29997119987097626
CSF,MS,MS,MS60249,GSM4104126_GACGCGTAGAGTGACC-1,0.17715653803976797
CSF,MS,MS,MS60249,GSM4104126_GACGCGTGTCTCTCGT-1,-0.29997119987097626
CSF,MS,MS,MS60249,GSM4104126_GACGGCTAGTATCTCG-1,-0.29997119987097626
CSF,MS,MS,MS60249,GSM4104126_GACGTTACAGCGTCCA-1,-0.20099270569968178
CSF,MS,MS,MS60249,GSM4104126_GACTACACACGAGGTA-1,0.10135702522647295
CSF,MS,MS,MS60249,GSM4104126_GAGCAGAGTATTCTCT-1,-0.29997119987097626
CSF,MS,MS,MS60249,GSM4104126_GAGTCCGCACACATGT-1,0.0624161709443886
CSF,MS,MS,MS60249,GSM4104126_GAGTCCGGTCTGATCA-1,-0.29997119987097626
CSF,MS,MS,MS60249,GSM4104126_GAGTCCGGTGTTGGGA-1,-0.17026229536932277
CSF,MS,MS,MS60249,GSM4104126_GAGTCCGTCCGCATAA-1,0.04358295420768891
CSF,MS,MS,MS60249,GSM4104126_GATCGATGTGGTCCGT-1,0.2662537427435242
CSF,MS,MS,MS60249,GSM4104126_GATCGCGGTTGAGGTG-1,-0.111874202121608
CSF,MS,MS,MS60249,GSM4104126_GATCGTACAAATCCGT-1,-0.03997614325294409
CSF,MS,MS,MS60249,GSM4104126_GATCGTAGTGTGAAAT-1,-0.29997119987097626
CSF,MS,MS,MS60249,GSM4104126_GATCTAGCAGCGAACA-1,-0.29997119987097626
CSF,MS,MS,MS60249,GSM4104126_GATCTAGCATCTACGA-1,0.1202848858667562
CSF,MS,MS,MS60249,GSM4104126_GATCTAGCATGCCACG-1,0.05427098385796821
CSF,MS,MS,MS60249,GSM4104126_GATGAGGAGAACAATC-1,0.2220709507558207
CSF,MS,MS,MS60249,GSM4104126_GATGCTAAGAGCAATT-1,0.14696343628590489
CSF,MS,MS,MS60249,GSM4104126_GCAAACTGTCTAGCGC-1,0.3286644666792061
CSF,MS,MS,MS60249,GSM4104126_GCAAACTGTTTGCATG-1,-0.16357887749930924
CSF,MS,MS,MS60249,GSM4104126_GCAATCAAGAATGTTG-1,-0.08360617666236443
CSF,MS,MS,MS60249,GSM4104126_GCACTCTAGGAATGGA-1,-0.29997119987097626
CSF,MS,MS,MS60249,GSM4104126_GCAGCCAGTCCAACTA-1,-0.29997119987097626
CSF,MS,MS,MS60249,GSM4104126_GCAGTTATCCCTTGCA-1,-0.15385893445161378
CSF,MS,MS,MS60249,GSM4104126_GCATACAGTTGCGTTA-1,0.07629116158934703
CSF,MS,MS,MS60249,GSM4104126_GCATGCGCACACTGCG-1,-0.20335568102276777
CSF,MS,MS,MS60249,GSM4104126_GCATGCGGTGGCCCTA-1,0.038257389375997874
CSF,MS,MS,MS60249,GSM4104126_GCCAAATCACGTTGGC-1,0.03674770197699758
CSF,MS,MS,MS60249,GSM4104126_GCCAAATGTCGTTGTA-1,-0.29997119987097626
CSF,MS,MS,MS60249,GSM4104126_GCCAAATTCACCACCT-1,-0.29997119987097626
CSF,MS,MS,MS60249,GSM4104126_GCCTCTAGTACAGTTC-1,-0.29997119987097626
CSF,MS,MS,MS60249,GSM4104126_GCGACCAGTTGGGACA-1,-0.16409199757594642
CSF,MS,MS,MS60249,GSM4104126_GCGACCATCTCGATGA-1,-0.1169249048213141
CSF,MS,MS,MS60249,GSM4104126_GCGAGAACAGCTGTGC-1,-0.17897155429381328
CSF,MS,MS,MS60249,GSM4104126_GCGCAGTGTCAAAGCG-1,-0.07670318509128804
CSF,MS,MS,MS60249,GSM4104126_GCGCAGTTCAGAGACG-1,-0.29997119987097626
CSF,MS,MS,MS60249,GSM4104126_GCGCCAATCGGAGCAA-1,-0.25944220184479544
CSF,MS,MS,MS60249,GSM4104126_GCGCCAATCGTGTAGT-1,-0.29997119987097626
CSF,MS,MS,MS60249,GSM4104126_GCGCGATCAAACAACA-1,-0.09004193395585387
CSF,MS,MS,MS60249,GSM4104126_GCGCGATTCAGGCCCA-1,-0.16490042465489177
CSF,MS,MS,MS60249,GSM4104126_GCGGGTTCAGCCAGAA-1,-0.29997119987097626
CSF,MS,MS,MS60249,GSM4104126_GCGGGTTCATGTCCTC-1,-0.29997119987097626
CSF,MS,MS,MS60249,GSM4104126_GCTCCTAAGTGGAGTC-1,-0.20479835411569605
CSF,MS,MS,MS60249,GSM4104126_GCTCCTAGTCGAAAGC-1,0.11057103684239904
CSF,MS,MS,MS60249,GSM4104126_GCTCTGTCATGACGGA-1,-0.0016768302108784042
CSF,MS,MS,MS60249,GSM4104126_GCTGGGTTCACCATAG-1,-0.29997119987097626
CSF,MS,MS,MS60249,GSM4104126_GCTTCCAGTAGTGAAT-1,0.267261718887845
CSF,MS,MS,MS60249,GSM4104126_GCTTGAAAGAGTCTGG-1,-0.29997119987097626
CSF,MS,MS,MS60249,GSM4104126_GCTTGAAAGCCTCGTG-1,0.13814379651365663
CSF,MS,MS,MS60249,GSM4104126_GGAAAGCAGCCTCGTG-1,0.0009023310290641288
CSF,MS,MS,MS60249,GSM4104126_GGAATAAAGGATGGTC-1,-0.05598253477815757
CSF,MS,MS,MS60249,GSM4104126_GGACAAGCAGATTGCT-1,-0.29997119987097626
CSF,MS,MS,MS60249,GSM4104126_GGACAAGGTGCACGAA-1,-0.29997119987097626
CSF,MS,MS,MS60249,GSM4104126_GGACAGAAGAATGTTG-1,0.03337024591861452
CSF,MS,MS,MS60249,GSM4104126_GGACAGAAGGACACCA-1,0.09139536687526566
CSF,MS,MS,MS60249,GSM4104126_GGACAGAGTACCGCTG-1,-0.031087432921518488
CSF,MS,MS,MS60249,GSM4104126_GGACAGATCTTGCAAG-1,0.204101170759626
CSF,MS,MS,MS60249,GSM4104126_GGACATTTCGGGAGTA-1,-0.19760966139035543
CSF,MS,MS,MS60249,GSM4104126_GGAGCAAAGCTAGCCC-1,0.01046780704651516
CSF,MS,MS,MS60249,GSM4104126_GGATGTTTCTAACTGG-1,-0.16894532976706064
CSF,MS,MS,MS60249,GSM4104126_GGCAATTAGATATACG-1,0.24513080470967336
CSF,MS,MS,MS60249,GSM4104126_GGCAATTGTGACCAAG-1,-0.026823193590484788
CSF,MS,MS,MS60249,GSM4104126_GGCAATTGTGGTAACG-1,-0.16745808792925207
CSF,MS,MS,MS60249,GSM4104126_GGCCGATTCTGCAAGT-1,0.7501000911365506
CSF,MS,MS,MS60249,GSM4104126_GGCGACTAGAGGGATA-1,-0.29997119987097626
CSF,MS,MS,MS60249,GSM4104126_GGCGACTGTCTGGTCG-1,-0.29997119987097626
CSF,MS,MS,MS60249,GSM4104126_GGCGTGTCAAGACACG-1,-0.09999539523389919
CSF,MS,MS,MS60249,GSM4104126_GGCGTGTCACCAGGTC-1,-0.1851737645994169
CSF,MS,MS,MS60249,GSM4104126_GGCGTGTCAGGCTCAC-1,-0.29997119987097626
CSF,MS,MS,MS60249,GSM4104126_GGCTCGACATACTACG-1,-0.19994859372539256
CSF,MS,MS,MS60249,GSM4104126_GGCTCGATCTATGTGG-1,0.09686650502924486
CSF,MS,MS,MS60249,GSM4104126_GGCTGGTAGGACATTA-1,-0.29997119987097626
CSF,MS,MS,MS60249,GSM4104126_GGGAATGGTCTAGCCG-1,-0.21264814558669468
CSF,MS,MS,MS60249,GSM4104126_GGGACCTCAAGACGTG-1,0.2902717423955239
CSF,MS,MS,MS60249,GSM4104126_GGGACCTCATCCCATC-1,0.03841277665555468
CSF,MS,MS,MS60249,GSM4104126_GGGATGATCGGAGGTA-1,0.11415371424260999
CSF,MS,MS,MS60249,GSM4104126_GGGCATCCACAACTGT-1,-0.03651798896385776
CSF,MS,MS,MS60249,GSM4104126_GGGCATCCATCATCCC-1,0.18562865262493175
CSF,MS,MS,MS60249,GSM4104126_GGGTCTGAGCTAAACA-1,-0.29997119987097626
CSF,MS,MS,MS60249,GSM4104126_GGGTCTGAGGGAGTAA-1,0.24994449639451594
CSF,MS,MS,MS60249,GSM4104126_GGGTCTGCACGGTGTC-1,-0.09388563491868997
CSF,MS,MS,MS60249,GSM4104126_GGGTTGCCAGATGGGT-1,-0.29997119987097626
CSF,MS,MS,MS60249,GSM4104126_GGTATTGCATGCTGGC-1,-0.29997119987097626
CSF,MS,MS,MS60249,GSM4104126_GGTATTGTCACTTCAT-1,-0.29997119987097626
CSF,MS,MS,MS60249,GSM4104126_GGTGAAGTCTCTAGGA-1,0.13285708428318085
CSF,MS,MS,MS60249,GSM4104126_GGTGCGTTCACAGGCC-1,-0.20588267858306905
CSF,MS,MS,MS60249,GSM4104126_GGTGCGTTCCCTTGTG-1,-0.060333467131593196
CSF,MS,MS,MS60249,GSM4104126_GGTGCGTTCTTCATGT-1,-0.29997119987097626
CSF,MS,MS,MS60249,GSM4104126_GGTGTTATCATTGCCC-1,-0.29997119987097626
CSF,MS,MS,MS60249,GSM4104126_GTAACGTCAAGGACTG-1,-0.29997119987097626
CSF,MS,MS,MS60249,GSM4104126_GTAACTGGTCTAAACC-1,-0.29997119987097626
CSF,MS,MS,MS60249,GSM4104126_GTACGTAAGTTCGCGC-1,0.07872279952548257
CSF,MS,MS,MS60249,GSM4104126_GTACGTAGTCGTTGTA-1,-0.1502400659402799
CSF,MS,MS,MS60249,GSM4104126_GTACTTTGTGTAATGA-1,-0.1676840063768345
CSF,MS,MS,MS60249,GSM4104126_GTAGTCAGTATCTGCA-1,-0.29997119987097626
CSF,MS,MS,MS60249,GSM4104126_GTAGTCATCAGCAACT-1,0.09426823391487985
CSF,MS,MS,MS60249,GSM4104126_GTCAAGTAGCTAGGCA-1,-0.20168721236920306
CSF,MS,MS,MS60249,GSM4104126_GTCAAGTTCCTCAATT-1,0.0946425343863895
CSF,MS,MS,MS60249,GSM4104126_GTCACAAGTTCGTCTC-1,-0.29997119987097626
CSF,MS,MS,MS60249,GSM4104126_GTCATTTAGTCGTTTG-1,-0.13599714676981667
CSF,MS,MS,MS60249,GSM4104126_GTCCTCAAGAAGATTC-1,-0.020763948326117214
CSF,MS,MS,MS60249,GSM4104126_GTCCTCACACTGCCAG-1,-0.09076525424194094
CSF,MS,MS,MS60249,GSM4104126_GTCCTCACATGCTAGT-1,0.28494259164455704
CSF,MS,MS,MS60249,GSM4104126_GTCCTCAGTAAATGTG-1,-0.20736248168503782
CSF,MS,MS,MS60249,GSM4104126_GTCCTCATCCAATGGT-1,-0.09123989103382102
CSF,MS,MS,MS60249,GSM4104126_GTCGGGTCATAGAAAC-1,-0.0649372228066749
CSF,MS,MS,MS60249,GSM4104126_GTCGGGTGTCTGCGGT-1,-0.15277464437921034
CSF,MS,MS,MS60249,GSM4104126_GTCGGGTTCTTTACAC-1,0.13874008327927984
CSF,MS,MS,MS60249,GSM4104126_GTCTCGTTCTGCAGTA-1,0.1374315143984026
CSF,MS,MS,MS60249,GSM4104126_GTCTTCGTCGATAGAA-1,0.03629838713319163
CSF,MS,MS,MS60249,GSM4104126_GTGAAGGGTGAGGCTA-1,0.17185373746574367
CSF,MS,MS,MS60249,GSM4104126_GTGCAGCTCGAATGGG-1,-0.29997119987097626
CSF,MS,MS,MS60249,GSM4104126_GTGCGGTAGACAAGCC-1,0.5966333321408754
CSF,MS,MS,MS60249,GSM4104126_GTGCTTCCAGTATAAG-1,0.5586430622629616
CSF,MS,MS,MS60249,GSM4104126_GTGCTTCTCATAGCAC-1,-0.09931092934418717
CSF,MS,MS,MS60249,GSM4104126_GTGTGCGCATAGACTC-1,-0.29997119987097626
CSF,MS,MS,MS60249,GSM4104126_GTGTTAGTCATGCTCC-1,-0.10027879224097516
CSF,MS,MS,MS60249,GSM4104126_GTGTTAGTCGAATCCA-1,0.05625560241913923
CSF,MS,MS,MS60249,GSM4104126_GTTACAGAGATTACCC-1,-0.2137295151173446
CSF,MS,MS,MS60249,GSM4104126_GTTACAGTCTGCTGTC-1,-0.02027811986669792
CSF,MS,MS,MS60249,GSM4104126_GTTCGGGAGTAGGCCA-1,-0.2478361831512174
CSF,MS,MS,MS60249,GSM4104126_GTTCGGGGTATCGCAT-1,0.17051959967290012
CSF,MS,MS,MS60249,GSM4104126_GTTCTCGGTCGTGGCT-1,-0.29997119987097626
CSF,MS,MS,MS60249,GSM4104126_GTTCTCGGTCTTGATG-1,0.02598185676741844
CSF,MS,MS,MS60249,GSM4104126_GTTTCTAAGCTTATCG-1,0.35030139117585973
CSF,MS,MS,MS60249,GSM4104126_GTTTCTAGTCTAGTGT-1,0.10383322195723453
CSF,MS,MS,MS60249,GSM4104126_TAAACCGTCAGCTCTC-1,-0.04128899467123764
CSF,MS,MS,MS60249,GSM4104126_TAAGAGAAGCTAGCCC-1,-0.29997119987097626
CSF,MS,MS,MS60249,GSM4104126_TAAGAGATCTCTTGAT-1,0.009034331856921105
CSF,MS,MS,MS60249,GSM4104126_TAAGTGCCAGTTAACC-1,-0.06162545745265737
CSF,MS,MS,MS60249,GSM4104126_TAAGTGCGTCCGCTGA-1,0.19844862566265248
CSF,MS,MS,MS60249,GSM4104126_TACACGAGTGCGAAAC-1,-0.025766154642992995
CSF,MS,MS,MS60249,GSM4104126_TACCTATAGGAACTGC-1,-0.29997119987097626
CSF,MS,MS,MS60249,GSM4104126_TACCTATCATTTCAGG-1,0.13804703988081982
CSF,MS,MS,MS60249,GSM4104126_TACCTATTCATGTGGT-1,0.0719468222829899
CSF,MS,MS,MS60249,GSM4104126_TACCTTATCGAACTGT-1,-0.16803571150645355
CSF,MS,MS,MS60249,GSM4104126_TACGGATCAATAACGA-1,-0.29997119987097626
CSF,MS,MS,MS60249,GSM4104126_TACGGATGTAGAAAGG-1,-0.17069706126175996
CSF,MS,MS,MS60249,GSM4104126_TACGGGCAGGGTGTTG-1,0.15113384555974865
CSF,MS,MS,MS60249,GSM4104126_TACGGGCGTCTAACGT-1,-0.29997119987097626
CSF,MS,MS,MS60249,GSM4104126_TACGGGCGTTATTCTC-1,-0.0892837384660328
CSF,MS,MS,MS60249,GSM4104126_TACGGTAGTAGCGATG-1,-0.29997119987097626
CSF,MS,MS,MS60249,GSM4104126_TACTCATAGAGGTTGC-1,-0.10435254803570104
CSF,MS,MS,MS60249,GSM4104126_TACTCATGTTGGTAAA-1,-0.29997119987097626
CSF,MS,MS,MS60249,GSM4104126_TACTCATTCACGCGGT-1,-0.04029796394139952
CSF,MS,MS,MS60249,GSM4104126_TACTCGCAGCTAAACA-1,0.037184134833324514
CSF,MS,MS,MS60249,GSM4104126_TACTTACAGAGTACAT-1,0.0323979334891849
CSF,MS,MS,MS60249,GSM4104126_TACTTACAGCGAAGGG-1,0.3382237514229339
CSF,MS,MS,MS60249,GSM4104126_TACTTGTTCTTCGGTC-1,0.4327893834911952
CSF,MS,MS,MS60249,GSM4104126_TAGACCACAAGCCGCT-1,-0.11239314390147295
CSF,MS,MS,MS60249,GSM4104126_TAGAGCTGTATATCCG-1,-0.10553133496553689
CSF,MS,MS,MS60249,GSM4104126_TAGGCATAGATCTGAA-1,-0.0500997799010167
CSF,MS,MS,MS60249,GSM4104126_TAGTGGTGTAGCGCTC-1,-0.006496909076544074
CSF,MS,MS,MS60249,GSM4104126_TAGTTGGGTCCGACGT-1,0.014816005077340577
CSF,MS,MS,MS60249,GSM4104126_TAGTTGGGTTATCACG-1,0.188806647579552
CSF,MS,MS,MS60249,GSM4104126_TATCTCAAGTTACGGG-1,-0.05454140790132768
CSF,MS,MS,MS60249,GSM4104126_TATGCCCAGAGAGCTC-1,-0.14497129097889827
CSF,MS,MS,MS60249,GSM4104126_TATGCCCCATGCCCGA-1,0.189520089704272
CSF,MS,MS,MS60249,GSM4104126_TATGCCCGTAGCTTGT-1,-0.2067005508595901
CSF,MS,MS,MS60249,GSM4104126_TATTACCTCACCTTAT-1,-0.29997119987097626
CSF,MS,MS,MS60249,GSM4104126_TCAACGAAGGAGTCTG-1,0.08826544574174464
CSF,MS,MS,MS60249,GSM4104126_TCAACGAAGTGAAGAG-1,-0.1704230189026832
CSF,MS,MS,MS60249,GSM4104126_TCAACGAGTATTCGTG-1,-0.29997119987097626
CSF,MS,MS,MS60249,GSM4104126_TCAACGAGTCCATGAT-1,0.16343438878999447
CSF,MS,MS,MS60249,GSM4104126_TCAACGAGTGGCCCTA-1,0.04854486109435251
CSF,MS,MS,MS60249,GSM4104126_TCAATCTCAGTCCTTC-1,-0.29997119987097626
CSF,MS,MS,MS60249,GSM4104126_TCAGATGCACGACGAA-1,0.055515035389842385
CSF,MS,MS,MS60249,GSM4104126_TCAGCTCCACGGACAA-1,-0.29997119987097626
CSF,MS,MS,MS60249,GSM4104126_TCAGCTCCACTAGTAC-1,0.07342016264306916
CSF,MS,MS,MS60249,GSM4104126_TCATTACGTACCGAGA-1,0.07517617805987922
CSF,MS,MS,MS60249,GSM4104126_TCATTACTCGCTTGTC-1,-0.18429174984942454
CSF,MS,MS,MS60249,GSM4104126_TCATTTGAGAGACTAT-1,0.17008786106317939
CSF,MS,MS,MS60249,GSM4104126_TCCCGATAGGATGGTC-1,-0.1353841100997978
CSF,MS,MS,MS60249,GSM4104126_TCGAGGCAGACACGAC-1,-0.11174774093769223
CSF,MS,MS,MS60249,GSM4104126_TCGCGTTAGATCCCGC-1,-0.29997119987097626
CSF,MS,MS,MS60249,GSM4104126_TCGTACCGTTCCATGA-1,-0.17824668879679623
CSF,MS,MS,MS60249,GSM4104126_TCGTAGAAGCAGGCTA-1,-0.17380451520010226
CSF,MS,MS,MS60249,GSM4104126_TCGTAGACAGTAAGCG-1,-0.09409384594659663
CSF,MS,MS,MS60249,GSM4104126_TCGTAGACATCGACGC-1,-0.07112758460861836
CSF,MS,MS,MS60249,GSM4104126_TCTATTGTCTACCAGA-1,-0.1445303990385875
CSF,MS,MS,MS60249,GSM4104126_TCTCATAGTTCGCTAA-1,-0.29997119987097626
CSF,MS,MS,MS60249,GSM4104126_TCTCTAAAGCCACGCT-1,-0.29997119987097626
CSF,MS,MS,MS60249,GSM4104126_TCTCTAAGTAAAGTCA-1,-0.031017047885332872
CSF,MS,MS,MS60249,GSM4104126_TCTGAGAAGAGTCGGT-1,-0.05554204922443245
CSF,MS,MS,MS60249,GSM4104126_TCTGAGAAGATGCCTT-1,0.17824721691947068
CSF,MS,MS,MS60249,GSM4104126_TCTGGAATCCCATTAT-1,-0.034596664504214246
CSF,MS,MS,MS60249,GSM4104126_TCTTTCCCAAGGTTTC-1,-0.29997119987097626
CSF,MS,MS,MS60249,GSM4104126_TGAAAGATCTTCGGTC-1,0.17906165388596504
CSF,MS,MS,MS60249,GSM4104126_TGACAACAGCAGCGTA-1,0.04101536766497865
CSF,MS,MS,MS60249,GSM4104126_TGACTTTTCAGTGCAT-1,0.14131720734066636
CSF,MS,MS,MS60249,GSM4104126_TGACTTTTCTTGTTTG-1,0.34471927972173944
CSF,MS,MS,MS60249,GSM4104126_TGAGCATGTCGTCTTC-1,0.04536907641990466
CSF,MS,MS,MS60249,GSM4104126_TGAGCATGTTTGCATG-1,0.2136417833896977
CSF,MS,MS,MS60249,GSM4104126_TGAGCATTCGGACAAG-1,-0.10134599645422204
CSF,MS,MS,MS60249,GSM4104126_TGAGGGAAGGACGAAA-1,0.36026186344176464
CSF,MS,MS,MS60249,GSM4104126_TGAGGGACATGCATGT-1,-0.17787345524518536
CSF,MS,MS,MS60249,GSM4104126_TGATTTCCAATGTTGC-1,-0.01545460078134715
CSF,MS,MS,MS60249,GSM4104126_TGCACCTTCCAGTATG-1,0.24616498646078552
CSF,MS,MS,MS60249,GSM4104126_TGCCAAATCGGCTTGG-1,0.13342951154395372
CSF,MS,MS,MS60249,GSM4104126_TGCCCATGTGGTACAG-1,0.03672734848475583
CSF,MS,MS,MS60249,GSM4104126_TGCCCATTCCTCAATT-1,0.016047912647010203
CSF,MS,MS,MS60249,GSM4104126_TGCCCATTCGGTTAAC-1,-0.07220407815183126
CSF,MS,MS,MS60249,GSM4104126_TGCGCAGTCCTAGAAC-1,-0.0024283586293938103
CSF,MS,MS,MS60249,GSM4104126_TGCGGGTAGAATCTCC-1,0.32718676928805285
CSF,MS,MS,MS60249,GSM4104126_TGCGGGTGTCAGGACA-1,-0.2054203062153746
CSF,MS,MS,MS60249,GSM4104126_TGCGTGGAGAAGATTC-1,-0.29997119987097626
CSF,MS,MS,MS60249,GSM4104126_TGCGTGGAGTTAGCGG-1,-0.12049777397939203
CSF,MS,MS,MS60249,GSM4104126_TGCGTGGTCCGTAGGC-1,-0.0444160991603626
CSF,MS,MS,MS60249,GSM4104126_TGCTACCCACCGCTAG-1,-0.0005056307245176987
CSF,MS,MS,MS60249,GSM4104126_TGCTGCTGTATATGAG-1,-0.29997119987097626
CSF,MS,MS,MS60249,GSM4104126_TGCTGCTGTTGGTAAA-1,0.03516174504150545
CSF,MS,MS,MS60249,GSM4104126_TGCTGCTTCGACAGCC-1,-0.041887743657304896
CSF,MS,MS,MS60249,GSM4104126_TGGACGCGTCAGATAA-1,-0.20217514576046494
CSF,MS,MS,MS60249,GSM4104126_TGGCGCAAGAGACTAT-1,0.0012662852815872475
CSF,MS,MS,MS60249,GSM4104126_TGGGAAGGTAAGGATT-1,-0.29997119987097626
CSF,MS,MS,MS60249,GSM4104126_TGGGCGTGTCCATCCT-1,0.20263698929566692
CSF,MS,MS,MS60249,GSM4104126_TGGTTAGCAAGTCTAC-1,-0.0028346939629261747
CSF,MS,MS,MS60249,GSM4104126_TGGTTCCAGAGTAATC-1,0.08299642931132303
CSF,MS,MS,MS60249,GSM4104126_TGGTTCCTCCATTCTA-1,-0.11404284662464723
CSF,MS,MS,MS60249,GSM4104126_TGTATTCCAGAGTGTG-1,-0.19435072929542438
CSF,MS,MS,MS60249,GSM4104126_TGTCCCACACGGCGTT-1,0.40704466214752244
CSF,MS,MS,MS60249,GSM4104126_TGTCCCAGTTAAAGTG-1,-0.29997119987097626
CSF,MS,MS,MS60249,GSM4104126_TGTGTTTAGGCTAGGT-1,-0.06053722441780374
CSF,MS,MS,MS60249,GSM4104126_TGTTCCGAGCCACGCT-1,-0.02560219197578437
CSF,MS,MS,MS60249,GSM4104126_TTAACTCGTCTGCCAG-1,0.24124565720926266
CSF,MS,MS,MS60249,GSM4104126_TTAGGACCAATGGAGC-1,-0.12397434500565051
CSF,MS,MS,MS60249,GSM4104126_TTAGGACGTAGCCTAT-1,-0.29997119987097626
CSF,MS,MS,MS60249,GSM4104126_TTAGGCAAGCCTTGAT-1,-0.12458475027965892
CSF,MS,MS,MS60249,GSM4104126_TTATGCTAGATCGGGT-1,0.04595744001808581
CSF,MS,MS,MS60249,GSM4104126_TTATGCTGTTGTACAC-1,-0.17180845467368844
CSF,MS,MS,MS60249,GSM4104126_TTATGCTTCTCCCTGA-1,-0.05100482528587092
CSF,MS,MS,MS60249,GSM4104126_TTCCCAGTCATATCGG-1,-0.29997119987097626
CSF,MS,MS,MS60249,GSM4104126_TTCGAAGCACCAGATT-1,0.039764525261808056
CSF,MS,MS,MS60249,GSM4104126_TTCGGTCAGGCTCATT-1,-0.06815497243386924
CSF,MS,MS,MS60249,GSM4104126_TTCGGTCCACACTGCG-1,0.08444169811761182
CSF,MS,MS,MS60249,GSM4104126_TTCTCAATCCAACCAA-1,0.023224893790075512
CSF,MS,MS,MS60249,GSM4104126_TTCTCCTTCCCATTAT-1,-0.29997119987097626
CSF,MS,MS,MS60249,GSM4104126_TTCTTAGCATCTCGCT-1,-0.05369602407581361
CSF,MS,MS,MS60249,GSM4104126_TTGAACGCATAGGATA-1,0.22464808682390272
CSF,MS,MS,MS60249,GSM4104126_TTGAACGGTGAGGGTT-1,-0.1322493424029539
CSF,MS,MS,MS60249,GSM4104126_TTGACTTAGCCGATTT-1,-0.20326265854890946
CSF,MS,MS,MS60249,GSM4104126_TTGACTTGTACTCAAC-1,0.046369887259071416
CSF,MS,MS,MS60249,GSM4104126_TTGGAACAGATCCTGT-1,0.5727568508503477
CSF,MS,MS,MS60249,GSM4104126_TTGGAACTCGTTGCCT-1,-0.16385747156847666
CSF,MS,MS,MS60249,GSM4104126_TTGGCAACAGGTTTCA-1,-0.29997119987097626
CSF,MS,MS,MS60249,GSM4104126_TTTACTGCAAGGTGTG-1,0.40026951369311375
CSF,MS,MS,MS60249,GSM4104126_TTTACTGCAATAGCAA-1,-0.29997119987097626
CSF,MS,MS,MS60249,GSM4104126_TTTATGCTCAGCTCTC-1,0.2538213892529358
CSF,MS,MS,MS60249,GSM4104126_TTTGGTTGTCACCTAA-1,0.356631323723623
PB,MS,MS,MS60249,GSM4104137_AAACGGGGTCATTAGC-1,-0.29997119987097626
PB,MS,MS,MS60249,GSM4104137_AAAGTAGCATGTAAGA-1,-0.1577716136711254
PB,MS,MS,MS60249,GSM4104137_AACTGGTAGGTAGCTG-1,-0.16369635608783145
PB,MS,MS,MS60249,GSM4104137_AACTGGTTCATTGCCC-1,-0.29997119987097626
PB,MS,MS,MS60249,GSM4104137_AGGGAGTGTACCTACA-1,-0.29997119987097626
PB,MS,MS,MS60249,GSM4104137_CACACAAGTGTGAAAT-1,-0.006752760016430873
PB,MS,MS,MS60249,GSM4104137_CAGCAGCAGACTGTAA-1,-0.29997119987097626
PB,MS,MS,MS60249,GSM4104137_CAGTAACCAATCTGCA-1,0.05937855435498908
PB,MS,MS,MS60249,GSM4104137_CATTATCCAAGCGAGT-1,-0.03275469578793023
PB,MS,MS,MS60249,GSM4104137_CCACTACTCGGTGTCG-1,0.4774801433775656
PB,MS,MS,MS60249,GSM4104137_CCTCAGTCAAGGCTCC-1,-0.29997119987097626
PB,MS,MS,MS60249,GSM4104137_CGCTGGAAGCGTTCCG-1,-0.29997119987097626
PB,MS,MS,MS60249,GSM4104137_CTCGAAAGTACAAGTA-1,-0.29997119987097626
PB,MS,MS,MS60249,GSM4104137_GAGTCCGTCCTGCTTG-1,-0.1777603895579066
PB,MS,MS,MS60249,GSM4104137_GGCTCGATCACCACCT-1,0.25147465894872545
PB,MS,MS,MS60249,GSM4104137_GGGAGATCATTTGCTT-1,-0.29997119987097626
PB,MS,MS,MS60249,GSM4104137_GTAACGTGTAGCAAAT-1,-0.29997119987097626
PB,MS,MS,MS60249,GSM4104137_GTGCGGTCAGTATGCT-1,-0.0796321303700024
PB,MS,MS,MS60249,GSM4104137_TACGGGCAGCTGAACG-1,0.020001895254875692
PB,MS,MS,MS60249,GSM4104137_TCGTAGATCAGGCCCA-1,0.10380602727306505
PB,MS,MS,MS60249,GSM4104137_TTCGGTCAGTAGGTGC-1,-0.29997119987097626
CSF,MS,MS,MS71658,GSM4104124_AAAGATGTCCTTGCCA-1,0.7371569287106753
CSF,MS,MS,MS71658,GSM4104124_AAGACCTAGTGCGTGA-1,-0.29997119987097626
CSF,MS,MS,MS71658,GSM4104124_AAGGAGCGTCCAGTTA-1,-0.29997119987097626
CSF,MS,MS,MS71658,GSM4104124_AAGGCAGTCCGGCACA-1,-0.29997119987097626
CSF,MS,MS,MS71658,GSM4104124_ACAGCTATCGAGAGCA-1,-0.05068913209570382
CSF,MS,MS,MS71658,GSM4104124_ACCGTAATCGACGGAA-1,0.0351664359506117
CSF,MS,MS,MS71658,GSM4104124_ACGGGTCCACGTAAGG-1,-0.29997119987097626
CSF,MS,MS,MS71658,GSM4104124_ACTGAACCAAGAAAGG-1,-0.29997119987097626
CSF,MS,MS,MS71658,GSM4104124_AGAATAGTCCAAGTAC-1,-0.29997119987097626
CSF,MS,MS,MS71658,GSM4104124_AGGCCGTGTTGAGTTC-1,-0.29997119987097626
CSF,MS,MS,MS71658,GSM4104124_AGGTCATGTGTCAATC-1,0.08488340594833352
CSF,MS,MS,MS71658,GSM4104124_AGTGTCACATTCTTAC-1,-0.29997119987097626
CSF,MS,MS,MS71658,GSM4104124_ATTCTACAGGCTAGCA-1,-0.29997119987097626
CSF,MS,MS,MS71658,GSM4104124_CAACCAAAGACAAAGG-1,0.19834856271378615
CSF,MS,MS,MS71658,GSM4104124_CAAGAAATCTGTCCGT-1,0.575296866882255
CSF,MS,MS,MS71658,GSM4104124_CACCTTGGTATAAACG-1,-0.29997119987097626
CSF,MS,MS,MS71658,GSM4104124_CACTCCAGTTGGTAAA-1,0.18113853713847822
CSF,MS,MS,MS71658,GSM4104124_CATGCCTCACCATGTA-1,-0.29997119987097626
CSF,MS,MS,MS71658,GSM4104124_CATGCCTCAGGACGTA-1,-0.29997119987097626
CSF,MS,MS,MS71658,GSM4104124_CATGCCTTCAGCAACT-1,-0.29997119987097626
CSF,MS,MS,MS71658,GSM4104124_CATGGCGGTCTCTTTA-1,-0.29997119987097626
CSF,MS,MS,MS71658,GSM4104124_CCACGGATCAACACAC-1,0.07307619765373828
CSF,MS,MS,MS71658,GSM4104124_CCCTCCTGTTCGTTGA-1,-0.29997119987097626
CSF,MS,MS,MS71658,GSM4104124_CCGTTCATCTTCCTTC-1,-0.29997119987097626
CSF,MS,MS,MS71658,GSM4104124_CCTACCAGTAGAGCTG-1,0.4144735973913842
CSF,MS,MS,MS71658,GSM4104124_CCTTTCTCAAGAGGCT-1,-0.29997119987097626
CSF,MS,MS,MS71658,GSM4104124_CGAATGTAGTATGACA-1,-0.29997119987097626
CSF,MS,MS,MS71658,GSM4104124_CGATGGCAGTGAAGTT-1,-0.29997119987097626
CSF,MS,MS,MS71658,GSM4104124_CGATGTAGTGTGCGTC-1,-0.03684114288723991
CSF,MS,MS,MS71658,GSM4104124_CGCTATCAGCCTTGAT-1,0.004085987345265314
CSF,MS,MS,MS71658,GSM4104124_CGGAGTCCACCAGCAC-1,0.7978894716982673
CSF,MS,MS,MS71658,GSM4104124_CGTCAGGCATACTACG-1,-0.29997119987097626
CSF,MS,MS,MS71658,GSM4104124_CGTGTAAAGTCCCACG-1,0.07589712145729723
CSF,MS,MS,MS71658,GSM4104124_CTAACTTCACCCATTC-1,-0.004830918358960577
CSF,MS,MS,MS71658,GSM4104124_CTACCCACATGCAATC-1,-0.29997119987097626
CSF,MS,MS,MS71658,GSM4104124_CTCGAGGAGACCCACC-1,0.11685797586954665
CSF,MS,MS,MS71658,GSM4104124_CTCGGAGCAAGCTGTT-1,-0.09549221913552335
CSF,MS,MS,MS71658,GSM4104124_CTGATAGGTAAGAGAG-1,-0.05646993411341174
CSF,MS,MS,MS71658,GSM4104124_CTGGTCTAGCGATTCT-1,0.013794363390342266
CSF,MS,MS,MS71658,GSM4104124_CTGGTCTCACCCTATC-1,-0.15649762310324175
CSF,MS,MS,MS71658,GSM4104124_CTGGTCTGTTAAGGGC-1,-0.01283768488233306
CSF,MS,MS,MS71658,GSM4104124_CTTACCGCAGGCTCAC-1,-0.29997119987097626
CSF,MS,MS,MS71658,GSM4104124_GAACATCAGGATGGAA-1,-0.29997119987097626
CSF,MS,MS,MS71658,GSM4104124_GACAGAGCACAGGTTT-1,-0.29997119987097626
CSF,MS,MS,MS71658,GSM4104124_GACAGAGGTGTTCGAT-1,-0.05959927964608884
CSF,MS,MS,MS71658,GSM4104124_GATCGCGAGACGCACA-1,-0.08433020628374187
CSF,MS,MS,MS71658,GSM4104124_GATCGTAGTCGAATCT-1,0.27387872621000503
CSF,MS,MS,MS71658,GSM4104124_GATGAAAGTGTAACGG-1,-0.29997119987097626
CSF,MS,MS,MS71658,GSM4104124_GATGCTAAGGTGATTA-1,-0.29997119987097626
CSF,MS,MS,MS71658,GSM4104124_GCGGGTTGTGATGTCT-1,0.08631740557201527
CSF,MS,MS,MS71658,GSM4104124_GGAAAGCAGTTTGCGT-1,0.23641297044594953
CSF,MS,MS,MS71658,GSM4104124_GGACAGATCTATGTGG-1,-0.29997119987097626
CSF,MS,MS,MS71658,GSM4104124_GGACATTAGCCGATTT-1,-0.29997119987097626
CSF,MS,MS,MS71658,GSM4104124_GGACGTCGTGAAATCA-1,0.06189676713139124
CSF,MS,MS,MS71658,GSM4104124_GGATGTTAGCTAGTTC-1,-0.08851694122190443
CSF,MS,MS,MS71658,GSM4104124_GGCTCGAAGTATTGGA-1,-0.18273264747655546
CSF,MS,MS,MS71658,GSM4104124_GTACTCCAGGTGCTTT-1,0.017326896458488807
CSF,MS,MS,MS71658,GSM4104124_GTAGTCAAGAGGGCTT-1,0.29599911994624345
CSF,MS,MS,MS71658,GSM4104124_GTCAAGTGTGCAGTAG-1,-0.29997119987097626
CSF,MS,MS,MS71658,GSM4104124_GTGTGCGGTAATAGCA-1,-0.29997119987097626
CSF,MS,MS,MS71658,GSM4104124_TAAACCGTCTCCTATA-1,0.08528429681865364
CSF,MS,MS,MS71658,GSM4104124_TAAGCGTCATGGTCAT-1,-0.29997119987097626
CSF,MS,MS,MS71658,GSM4104124_TAAGTGCGTCATGCCG-1,-0.29997119987097626
CSF,MS,MS,MS71658,GSM4104124_TAGAGCTAGCGTGTCC-1,-0.29997119987097626
CSF,MS,MS,MS71658,GSM4104124_TAGTGGTAGTTGTCGT-1,0.06362574326721802
CSF,MS,MS,MS71658,GSM4104124_TCATTTGAGTCAAGCG-1,-0.29997119987097626
CSF,MS,MS,MS71658,GSM4104124_TCATTTGTCTATCCCG-1,-0.03350802724256373
CSF,MS,MS,MS71658,GSM4104124_TCGGGACCAAAGCGGT-1,-0.09966159259059482
CSF,MS,MS,MS71658,GSM4104124_TCTCATAGTGCACGAA-1,-0.29997119987097626
CSF,MS,MS,MS71658,GSM4104124_TGAAAGATCTTGTTTG-1,-0.29997119987097626
CSF,MS,MS,MS71658,GSM4104124_TGCACCTCAAGCGCTC-1,0.010667614543409936
CSF,MS,MS,MS71658,GSM4104124_TGGACGCGTGATGATA-1,-0.14414502736167864
CSF,MS,MS,MS71658,GSM4104124_TTCGAAGCATGTTGAC-1,0.008781422092908981
CSF,MS,MS,MS71658,GSM4104124_TTGGAACTCGTATCAG-1,-0.29997119987097626
CSF,MS,MS,MS71658,GSM4104124_TTTGTCATCCTCGCAT-1,0.8281197951382759
PB,MS,MS,MS71658,GSM4104135_AAACGGGGTTCAGCGC-1,0.12282329333648352
PB,MS,MS,MS71658,GSM4104135_AAAGCAATCCGCATAA-1,0.23587299268826173
PB,MS,MS,MS71658,GSM4104135_AACCGCGAGGGTGTGT-1,0.11598368556734649
PB,MS,MS,MS71658,GSM4104135_ACCCACTGTGAACCTT-1,-0.29997119987097626
PB,MS,MS,MS71658,GSM4104135_ACTATCTAGATGCGAC-1,-0.19664152176928845
PB,MS,MS,MS71658,GSM4104135_ACTATCTCACTCAGGC-1,0.24124416443749677
PB,MS,MS,MS71658,GSM4104135_AGCCTAATCTATGTGG-1,-0.29997119987097626
PB,MS,MS,MS71658,GSM4104135_AGGTCCGAGAGGACGG-1,-0.29997119987097626
PB,MS,MS,MS71658,GSM4104135_ATAAGAGCACCTGGTG-1,-0.29997119987097626
PB,MS,MS,MS71658,GSM4104135_CACAGTACAGCTGTTA-1,-0.1380480771272309
PB,MS,MS,MS71658,GSM4104135_CATTCGCAGACAGGCT-1,-0.29997119987097626
PB,MS,MS,MS71658,GSM4104135_CATTCGCAGATCGATA-1,-0.29997119987097626
PB,MS,MS,MS71658,GSM4104135_CCACGGAGTCCCGACA-1,0.1334744985453653
PB,MS,MS,MS71658,GSM4104135_CCTACCAGTCAGAATA-1,-0.29997119987097626
PB,MS,MS,MS71658,GSM4104135_CGCCAAGTCAACGGCC-1,-0.07945652310339377
PB,MS,MS,MS71658,GSM4104135_CTAATGGTCAGGCGAA-1,0.12115862517250402
PB,MS,MS,MS71658,GSM4104135_CTAGAGTTCCCTCTTT-1,-0.29997119987097626
PB,MS,MS,MS71658,GSM4104135_CTCAGAAAGTATGACA-1,-0.29997119987097626
PB,MS,MS,MS71658,GSM4104135_CTCTGGTAGAGCCTAG-1,0.17212723168369187
PB,MS,MS,MS71658,GSM4104135_CTGATAGTCTCGGACG-1,-0.29997119987097626
PB,MS,MS,MS71658,GSM4104135_CTGCGGAAGATGGGTC-1,0.19923791784938905
PB,MS,MS,MS71658,GSM4104135_CTTCTCTCAAGAGTCG-1,-0.10319141199934327
PB,MS,MS,MS71658,GSM4104135_GAATAAGCAAAGTCAA-1,0.5433520430388229
PB,MS,MS,MS71658,GSM4104135_GACACGCTCACAGGCC-1,-0.29997119987097626
PB,MS,MS,MS71658,GSM4104135_GACGCGTTCTGGGCCA-1,-0.031222211365935205
PB,MS,MS,MS71658,GSM4104135_GACTACATCTACCTGC-1,0.3713994188561354
PB,MS,MS,MS71658,GSM4104135_GAGCAGAGTGTGCCTG-1,-0.29997119987097626
PB,MS,MS,MS71658,GSM4104135_GAGTCCGAGCGTGAGT-1,0.06569280129276422
PB,MS,MS,MS71658,GSM4104135_GATCGATCATGGTCAT-1,-0.29997119987097626
PB,MS,MS,MS71658,GSM4104135_GCACTCTTCTCTGTCG-1,0.403915950526961
PB,MS,MS,MS71658,GSM4104135_GCCTCTAAGGTAGCCA-1,-0.29997119987097626
PB,MS,MS,MS71658,GSM4104135_GCGGGTTTCCGTAGTA-1,0.5355119063536721
PB,MS,MS,MS71658,GSM4104135_GCTGCGATCATGCTCC-1,-0.033539289987575834
PB,MS,MS,MS71658,GSM4104135_GGAATAACACCATCCT-1,-0.29997119987097626
PB,MS,MS,MS71658,GSM4104135_GGACATTTCTTCGAGA-1,0.23983985583449646
PB,MS,MS,MS71658,GSM4104135_GGCGACTAGGTAGCTG-1,-0.29997119987097626
PB,MS,MS,MS71658,GSM4104135_GGGACCTTCGATGAGG-1,-0.29997119987097626
PB,MS,MS,MS71658,GSM4104135_GGTGAAGGTCCAGTTA-1,0.2141255838897731
PB,MS,MS,MS71658,GSM4104135_GTCAAGTAGCTGAAAT-1,0.11143650188747602
PB,MS,MS,MS71658,GSM4104135_TAAGCGTTCCTCATTA-1,-0.032979418438828685
PB,MS,MS,MS71658,GSM4104135_TCACAAGTCGTATCAG-1,-0.29997119987097626
PB,MS,MS,MS71658,GSM4104135_TGCGGGTAGGATGTAT-1,-0.29997119987097626
PB,MS,MS,MS71658,GSM4104135_TGCTGCTAGGAACTGC-1,0.047370225019174
PB,MS,MS,MS71658,GSM4104135_TGTATTCCATTAGGCT-1,-0.006397105831505997
PB,MS,MS,MS71658,GSM4104135_TTCCCAGCATCAGTCA-1,0.07188153706515614
PB,MS,MS,MS71658,GSM4104135_TTCTTAGTCAGTTAGC-1,-0.00403497449030935
PB,MS,MS,MS71658,GSM4104135_TTGGAACGTATATCCG-1,-0.08378400879784174
CSF,MS,MS,MS74594,GSM4104127_AACTCAGCATGGTCTA-1,-0.14136792421723546
CSF,MS,MS,MS74594,GSM4104127_AGTGGGAGTTAGAACA-1,0.26869946279273105
CSF,MS,MS,MS74594,GSM4104127_AGTGTCATCATAACCG-1,-0.29997119987097626
CSF,MS,MS,MS74594,GSM4104127_ATCCACCAGCCGATTT-1,-0.14652429761104124
CSF,MS,MS,MS74594,GSM4104127_CACATAGAGCTTCGCG-1,0.13604900015701005
CSF,MS,MS,MS74594,GSM4104127_CATATGGTCCTGCCAT-1,-0.1648284965602869
CSF,MS,MS,MS74594,GSM4104127_CCACGGACATTGGGCC-1,0.5439443281433365
CSF,MS,MS,MS74594,GSM4104127_CCTACCACACGGTGTC-1,0.09566062537003242
CSF,MS,MS,MS74594,GSM4104127_CGACCTTAGACTGGGT-1,0.7616800119333347
CSF,MS,MS,MS74594,GSM4104127_CGTGAGCTCTGTCTCG-1,-0.10072997715348121
CSF,MS,MS,MS74594,GSM4104127_CGTTAGACAAGTAGTA-1,-0.29997119987097626
CSF,MS,MS,MS74594,GSM4104127_CTACACCCACCGAATT-1,0.9069421903414163
CSF,MS,MS,MS74594,GSM4104127_CTAGAGTCAAATTGCC-1,-0.29997119987097626
CSF,MS,MS,MS74594,GSM4104127_CTGTGCTGTGCCTGGT-1,0.09364746553562715
CSF,MS,MS,MS74594,GSM4104127_GATGAGGGTACTCAAC-1,-0.29997119987097626
CSF,MS,MS,MS74594,GSM4104127_GCGGGTTTCGGAGCAA-1,-0.036295212344115264
CSF,MS,MS,MS74594,GSM4104127_GCTCCTAAGGTGATTA-1,-0.29997119987097626
CSF,MS,MS,MS74594,GSM4104127_GCTGCGAGTGCGGTAA-1,0.07294951774260243
CSF,MS,MS,MS74594,GSM4104127_GCTGGGTAGTACCGGA-1,-0.29997119987097626
CSF,MS,MS,MS74594,GSM4104127_GGAAAGCGTTACAGAA-1,0.22405008808054158
CSF,MS,MS,MS74594,GSM4104127_GGTGTTAGTCTTGATG-1,-0.021529617016758866
CSF,MS,MS,MS74594,GSM4104127_TACAGTGAGATAGCAT-1,0.21410358327552595
CSF,MS,MS,MS74594,GSM4104127_TAGACCAGTGGACGAT-1,-0.29997119987097626
CSF,MS,MS,MS74594,GSM4104127_TGTCCCAAGCTACCTA-1,0.6103501608494477
CSF,MS,MS,MS74594,GSM4104127_TGTTCCGAGGCGTACA-1,-0.29997119987097626
CSF,MS,MS,MS74594,GSM4104127_TTTGGTTTCACCTTAT-1,-0.29997119987097626
PB,MS,MS,MS74594,GSM4104138_AACCGCGCACCAGTTA-1,0.18591342793870796
PB,MS,MS,MS74594,GSM4104138_AACTCAGGTGCCTGTG-1,-0.010373288440884905
PB,MS,MS,MS74594,GSM4104138_AAGACCTCAAGAAAGG-1,-0.06579426091609795
PB,MS,MS,MS74594,GSM4104138_AAGCCGCGTAGCTCCG-1,-0.29997119987097626
PB,MS,MS,MS74594,GSM4104138_ACACCGGTCTATCCTA-1,-0.29997119987097626
PB,MS,MS,MS74594,GSM4104138_ACAGCCGGTAGCTTGT-1,0.33621505796614554
PB,MS,MS,MS74594,GSM4104138_ACCTTTATCCACTGGG-1,-0.2309866019579712
PB,MS,MS,MS74594,GSM4104138_ACGAGGATCCAGTATG-1,-0.021523118261723376
PB,MS,MS,MS74594,GSM4104138_ACGCAGCAGCGGCTTC-1,-0.29997119987097626
PB,MS,MS,MS74594,GSM4104138_ACGTCAACATTACGAC-1,-0.29997119987097626
PB,MS,MS,MS74594,GSM4104138_ACTGTCCGTGCCTGTG-1,0.3475809494919672
PB,MS,MS,MS74594,GSM4104138_AGCAGCCAGAGGTAGA-1,-0.09842495322454546
PB,MS,MS,MS74594,GSM4104138_AGGGAGTCAGGACGTA-1,0.027341981717660575
PB,MS,MS,MS74594,GSM4104138_AGGGTGAAGCCCAGCT-1,0.16195453535101817
PB,MS,MS,MS74594,GSM4104138_AGGGTGACATTCACTT-1,-0.17087584399720443
PB,MS,MS,MS74594,GSM4104138_ATCACGAAGGTAGCTG-1,-0.06503529027813613
PB,MS,MS,MS74594,GSM4104138_ATCATGGTCAACGCTA-1,-0.16051407081721766
PB,MS,MS,MS74594,GSM4104138_ATGAGGGGTAAACGCG-1,0.037306040784121634
PB,MS,MS,MS74594,GSM4104138_CAACCTCTCCGCGCAA-1,0.035674327447051
PB,MS,MS,MS74594,GSM4104138_CACAAACTCCTTTACA-1,-0.10194165587694967
PB,MS,MS,MS74594,GSM4104138_CACATTTCATCCTTGC-1,-0.19853046009999228
PB,MS,MS,MS74594,GSM4104138_CAGAATCGTTACCAGT-1,0.008640885316620677
PB,MS,MS,MS74594,GSM4104138_CAGCCGACACGGTTTA-1,-0.06309543576168233
PB,MS,MS,MS74594,GSM4104138_CAGCCGATCTAAGCCA-1,-0.29997119987097626
PB,MS,MS,MS74594,GSM4104138_CAGCGACTCACCATAG-1,0.09649013738975247
PB,MS,MS,MS74594,GSM4104138_CAGTCCTCAGCGATCC-1,-0.29997119987097626
PB,MS,MS,MS74594,GSM4104138_CATCAGATCGTCCAGG-1,-0.29997119987097626
PB,MS,MS,MS74594,GSM4104138_CATGCCTCACAGCGTC-1,-0.29997119987097626
PB,MS,MS,MS74594,GSM4104138_CCAATCCCAGTCGATT-1,0.26303908598747894
PB,MS,MS,MS74594,GSM4104138_CCAATCCCATAGACTC-1,-0.18423544859488855
PB,MS,MS,MS74594,GSM4104138_CCATTCGAGAACTGTA-1,-0.16735157908355067
PB,MS,MS,MS74594,GSM4104138_CCCATACGTTGTTTGG-1,-0.29997119987097626
PB,MS,MS,MS74594,GSM4104138_CCCTCCTTCACGCATA-1,-0.29997119987097626
PB,MS,MS,MS74594,GSM4104138_CCCTCCTTCACTTACT-1,-0.29997119987097626
PB,MS,MS,MS74594,GSM4104138_CCGTGGATCTTTAGGG-1,-0.04779074259628775
PB,MS,MS,MS74594,GSM4104138_CCTAAAGGTCTTGCGG-1,0.11660903307604553
PB,MS,MS,MS74594,GSM4104138_CGACTTCTCCCGGATG-1,-0.29997119987097626
PB,MS,MS,MS74594,GSM4104138_CGAGAAGCAGCTGTTA-1,-0.14081722218367554
PB,MS,MS,MS74594,GSM4104138_CGATGGCGTACGCACC-1,-0.29997119987097626
PB,MS,MS,MS74594,GSM4104138_CGCGGTATCGGATGTT-1,-0.033213257284376636
PB,MS,MS,MS74594,GSM4104138_CGGACACCAGCTTCGG-1,0.5350640056684487
PB,MS,MS,MS74594,GSM4104138_CGGACTGGTCTCTCGT-1,0.2851681064660667
PB,MS,MS,MS74594,GSM4104138_CGGACTGGTCTTCAAG-1,0.08869209954247718
PB,MS,MS,MS74594,GSM4104138_CGGCTAGGTGGTGTAG-1,-0.17781212299005025
PB,MS,MS,MS74594,GSM4104138_CGGTTAACAGATAATG-1,-0.29997119987097626
PB,MS,MS,MS74594,GSM4104138_CTAGAGTGTATAGGGC-1,0.022579670450780704
PB,MS,MS,MS74594,GSM4104138_CTAGAGTTCCCAGGTG-1,-0.29997119987097626
PB,MS,MS,MS74594,GSM4104138_CTAGCCTAGATAGCAT-1,-0.05849767671372984
PB,MS,MS,MS74594,GSM4104138_CTCGTCAAGATGGCGT-1,0.24994949945429237
PB,MS,MS,MS74594,GSM4104138_CTCTGGTAGGTGCTAG-1,0.29305663460897197
PB,MS,MS,MS74594,GSM4104138_CTGCGGATCACGCGGT-1,-0.29997119987097626
PB,MS,MS,MS74594,GSM4104138_CTGTGCTGTCGGGTCT-1,-0.012416559202674784
PB,MS,MS,MS74594,GSM4104138_GACCTGGGTCCGAACC-1,0.24511445810588445
PB,MS,MS,MS74594,GSM4104138_GACTGCGAGAATGTTG-1,-0.14090549019785115
PB,MS,MS,MS74594,GSM4104138_GCAGCCAAGCCGTCGT-1,0.02995826850470042
PB,MS,MS,MS74594,GSM4104138_GCAGTTACAGGAACGT-1,-0.006034575770267304
PB,MS,MS,MS74594,GSM4104138_GCATGATGTTACGACT-1,-0.09240694076286825
PB,MS,MS,MS74594,GSM4104138_GCGCGATGTGACTCAT-1,-0.29997119987097626
PB,MS,MS,MS74594,GSM4104138_GCGGGTTAGTCAAGGC-1,-0.0777621872514489
PB,MS,MS,MS74594,GSM4104138_GCTGGGTAGAAACGCC-1,-0.29997119987097626
PB,MS,MS,MS74594,GSM4104138_GCTTCCACACGTCAGC-1,-0.29997119987097626
PB,MS,MS,MS74594,GSM4104138_GGAAAGCCAAGCGATG-1,-0.29997119987097626
PB,MS,MS,MS74594,GSM4104138_GGATTACAGATTACCC-1,-0.061306031139765675
PB,MS,MS,MS74594,GSM4104138_GGCGACTAGCTAACTC-1,-0.07223054518044357
PB,MS,MS,MS74594,GSM4104138_GGGCACTTCACGCGGT-1,-0.1762739851481301
PB,MS,MS,MS74594,GSM4104138_GGTGTTAAGGAGTAGA-1,-0.018333548101037857
PB,MS,MS,MS74594,GSM4104138_GGTGTTAGTCCCTTGT-1,-0.29997119987097626
PB,MS,MS,MS74594,GSM4104138_GTACTTTAGGACATTA-1,-0.0596596037842674
PB,MS,MS,MS74594,GSM4104138_GTCGGGTAGAATCTCC-1,-0.29997119987097626
PB,MS,MS,MS74594,GSM4104138_GTGCGGTGTGCGAAAC-1,-0.17584006412950762
PB,MS,MS,MS74594,GSM4104138_GTGCTTCCATGCCTAA-1,-0.29997119987097626
PB,MS,MS,MS74594,GSM4104138_TAAGCGTCACCCATTC-1,-0.29997119987097626
PB,MS,MS,MS74594,GSM4104138_TAAGTGCGTTCAGCGC-1,-0.1898430057181922
PB,MS,MS,MS74594,GSM4104138_TACAGTGCACCGAAAG-1,-0.0822391591828781
PB,MS,MS,MS74594,GSM4104138_TACGGATCAGTCGTGC-1,-0.29997119987097626
PB,MS,MS,MS74594,GSM4104138_TACTCATCACAGGCCT-1,0.004415861674073295
PB,MS,MS,MS74594,GSM4104138_TAGAGCTGTATGAATG-1,0.1110115054422823
PB,MS,MS,MS74594,GSM4104138_TAGTGGTCACGGTGTC-1,-0.29997119987097626
PB,MS,MS,MS74594,GSM4104138_TCAATCTGTCATATCG-1,-0.29997119987097626
PB,MS,MS,MS74594,GSM4104138_TCACAAGAGACCTAGG-1,0.14592143360810955
PB,MS,MS,MS74594,GSM4104138_TCGCGAGGTATGAATG-1,-0.07886156352841159
PB,MS,MS,MS74594,GSM4104138_TCGTACCGTCTGGAGA-1,-0.29997119987097626
PB,MS,MS,MS74594,GSM4104138_TCGTACCTCTAGAGTC-1,-0.18710188391418425
PB,MS,MS,MS74594,GSM4104138_TCGTAGAAGATGTAAC-1,-0.29997119987097626
PB,MS,MS,MS74594,GSM4104138_TGACTAGAGCCAACAG-1,-0.29997119987097626
PB,MS,MS,MS74594,GSM4104138_TGGCTGGGTTGAGTTC-1,-0.29997119987097626
PB,MS,MS,MS74594,GSM4104138_TGGGAAGTCTCTAAGG-1,-0.08586123992935137
PB,MS,MS,MS74594,GSM4104138_TGGTTAGAGGCAGGTT-1,-0.09606430168745261
PB,MS,MS,MS74594,GSM4104138_TGTCCCAGTATATGAG-1,0.1726304632635107
PB,MS,MS,MS74594,GSM4104138_TTCCCAGGTGTGACCC-1,-0.29997119987097626
PB,MS,MS,MS74594,GSM4104138_TTGGAACCATCAGTAC-1,-0.29997119987097626
PB,MS,MS,MS74594,GSM4104138_TTTACTGAGCCGCCTA-1,-0.1955585537440268
PB,MS,MS,MS74594,GSM4104138_TTTATGCGTTGCGCAC-1,0.09266029353182319
