condition,patient,cell_id,tissue,zinc_signature
HC,PB_2,AAAGATGCATCACAAC-1,PB,0.012817190964211887
HC,PB_2,AACACGTTCATCGATG-1,PB,-0.028236745803105645
HC,PB_2,AACCGCGAGATGCCAG-1,PB,-0.10019846287947982
HC,PB_2,AACTCAGGTTTGTTGG-1,PB,0.17854262514509509
HC,PB_2,AACTGGTAGAACTGTA-1,PB,0.1711721717993808
HC,PB_2,AAGACCTTCCTTGACC-1,PB,-0.029261535629065107
HC,PB_2,AAGGAGCGTACAGACG-1,PB,-0.09012657924112842
HC,PB_2,AAGGTTCTCTTGCATT-1,PB,0.47992412338409046
HC,PB_2,AAGTCTGCACCGTTGG-1,PB,0.1492770884390189
HC,PB_2,ACACCGGGTGACCAAG-1,PB,0.6996858279353679
HC,PB_2,ACACTGAAGGGAACGG-1,PB,-0.1776740695017811
HC,PB_2,ACATACGGTCCTCTTG-1,PB,0.06894416039994337
HC,PB_2,ACATCAGTCTAACCGA-1,PB,-0.19799022429998572
HC,PB_2,ACCCACTCAGGGTATG-1,PB,-0.06131798100368544
HC,PB_2,ACCGTAAAGCGTGAAC-1,PB,0.7141067463589689
HC,PB_2,ACGAGGAGTGAGTATA-1,PB,0.8768703837222446
HC,PB_2,ACGATGTAGACCGGAT-1,PB,0.16961233340419393
HC,PB_2,ACGCCAGTCCACGTTC-1,PB,0.17476742677911322
HC,PB_2,ACGGAGAGTAAGGGAA-1,PB,0.35369136702327325
HC,PB_2,ACTGAACGTTACAGAA-1,PB,0.007038158136768684
HC,PB_2,ACTGATGAGAGTTGGC-1,PB,-0.003543120467928532
HC,PB_2,AGACGTTTCCGTAGTA-1,PB,-0.0975630608461845
HC,PB_2,AGACGTTTCTGATTCT-1,PB,-0.12514550589322074
HC,PB_2,AGAGCTTTCGGCTACG-1,PB,0.18780130109163254
HC,PB_2,AGCAGCCAGATCCCGC-1,PB,-0.14806136869567205
HC,PB_2,AGCAGCCCATCGTCGG-1,PB,0.09034013917101769
HC,PB_2,AGCCTAAGTCTCCCTA-1,PB,0.6217335925380579
HC,PB_2,AGCGGTCAGCCTTGAT-1,PB,0.49130163890090855
HC,PB_2,AGCTCTCTCGTGGACC-1,PB,-0.2118235963793364
HC,PB_2,AGCTTGAGTATAGGTA-1,PB,0.40575870377420137
HC,PB_2,AGGGATGAGAGTACCG-1,PB,-0.08166473347484574
HC,PB_2,AGTCTTTCAATCCAAC-1,PB,0.01190648796038837
HC,PB_2,ATAACGCTCTCCAGGG-1,PB,-0.29997119987097626
HC,PB_2,ATCACGACATGAACCT-1,PB,0.05275423192062985
HC,PB_2,ATCATCTGTGCGATAG-1,PB,0.021743728872424158
HC,PB_2,ATCATCTTCAGTTAGC-1,PB,0.17028303637416028
HC,PB_2,ATCCGAAGTTATTCTC-1,PB,0.11490398839869671
HC,PB_2,ATCCGAAGTTCAGCGC-1,PB,-0.29997119987097626
HC,PB_2,ATCTACTGTATCACCA-1,PB,-0.29997119987097626
HC,PB_2,ATCTGCCAGAAGCCCA-1,PB,-0.29997119987097626
HC,PB_2,ATCTGCCTCTGAGGGA-1,PB,0.012333020538530057
HC,PB_2,ATTCTACGTAGGGTAC-1,PB,-0.1288476132170304
HC,PB_2,ATTTCTGAGACCCACC-1,PB,-0.29997119987097626
HC,PB_2,CAACCTCCAAGTTAAG-1,PB,-0.1302391487602915
HC,PB_2,CAACCTCCACCCATTC-1,PB,-0.29997119987097626
HC,PB_2,CAAGGCCTCTGCAAGT-1,PB,0.14847192326426595
HC,PB_2,CAAGTTGGTGACCAAG-1,PB,0.11357912369626476
HC,PB_2,CACAAACGTAATCACC-1,PB,0.02208287551428004
HC,PB_2,CACACAACACAGGAGT-1,PB,-0.29997119987097626
HC,PB_2,CACACAACACCCTATC-1,PB,0.2225686874256309
HC,PB_2,CACCACTTCTAGAGTC-1,PB,0.10683979367319993
HC,PB_2,CACCAGGAGCTCTCGG-1,PB,0.05374997958716949
HC,PB_2,CACTCCAAGGCTCATT-1,PB,0.10276710241425017
HC,PB_2,CACTCCAGTTAAGATG-1,PB,-0.1891542501963632
HC,PB_2,CACTCCATCAAACCAC-1-1,PB,0.31524025249379134
HC,PB_2,CAGAGAGTCGCCTGAG-1,PB,0.09906769165225252
HC,PB_2,CATATGGAGACTCGGA-1,PB,-0.028349446394139232
HC,PB_2,CATCCACAGAGTTGGC-1,PB,-0.1380292380188917
HC,PB_2,CATTCGCAGCAAATCA-1,PB,0.07781784253574557
HC,PB_2,CATTCGCTCCGCATCT-1,PB,-0.11544453581549856
HC,PB_2,CCACCTATCTCTTGAT-1,PB,0.03504649536299696
HC,PB_2,CCACTACCATGAGCGA-1,PB,0.15389715796051992
HC,PB_2,CCATGTCGTAAGTTCC-1,PB,0.08558575153086086
HC,PB_2,CCCTCCTCAGTCCTTC-1,PB,0.1568250820752633
HC,PB_2,CCGGTAGTCTCCAACC-1,PB,0.3695560496307882
HC,PB_2,CCGTGGAGTAGTAGTA-1,PB,0.0884179459987353
HC,PB_2,CCTACCATCTAAGCCA-1,PB,-0.13441760178459003
HC,PB_2,CCTTCCCCAAGCTGGA-1,PB,-0.29997119987097626
HC,PB_2,CCTTCCCGTGACAAAT-1,PB,0.12447675842191809
HC,PB_2,CCTTCGAAGGATGTAT-1,PB,-0.10771608410765736
HC,PB_2,CCTTTCTAGCTGCGAA-1,PB,0.25117487723081505
HC,PB_2,CGACTTCTCAGCCTAA-1,PB,-0.29997119987097626
HC,PB_2,CGAGCACCACCTCGGA-1,PB,0.2281272712436774
HC,PB_2,CGATGGCAGGTGATTA-1,PB,-0.0967643294283038
HC,PB_2,CGATGTAGTCTCACCT-1-1,PB,-0.29997119987097626
HC,PB_2,CGATTGAGTGACAAAT-1,PB,0.40861158416472143
HC,PB_2,CGGGTCACATGCCACG-1,PB,0.3512497307307091
HC,PB_2,CGTAGCGGTCCGACGT-1,PB,-0.20653819531614429
HC,PB_2,CGTGTCTAGATCGATA-1,PB,0.2585141797551658
HC,PB_2,CGTTAGAAGCAGCCTC-1,PB,0.21914843157043576
HC,PB_2,CGTTCTGAGTGCGATG-1,PB,0.31564941709419264
HC,PB_2,CTACACCTCCGCTGTT-1,PB,-0.12132513747548977
HC,PB_2,CTACATTTCTAACGGT-1,PB,-0.07826827260542175
HC,PB_2,CTACCCAGTCTTCGTC-1,PB,0.014336246998514974
HC,PB_2,CTACGTCAGACTTGAA-1,PB,-0.11079958851226654
HC,PB_2,CTAGAGTAGCCGATTT-1,PB,-0.29997119987097626
HC,PB_2,CTAGCCTTCAGTGTTG-1,PB,0.17500814979568458
HC,PB_2,CTAGCCTTCTACGAGT-1,PB,0.16046810991882116
HC,PB_2,CTCGAAAAGATGTGGC-1,PB,-0.12300016655867271
HC,PB_2,CTCGAAAGTCCGAAGA-1,PB,0.002042992643973388
HC,PB_2,CTCGGAGCAGCGATCC-1,PB,-0.29997119987097626
HC,PB_2,CTCTACGAGAAACGCC-1,PB,0.39644142115528613
HC,PB_2,CTGAAACCACGGCTAC-1,PB,0.5093398069584941
HC,PB_2,CTGCGGATCGGATGGA-1,PB,-0.19862180816753366
HC,PB_2,CTGCTGTGTTGCGTTA-1,PB,-0.08039398667916839
HC,PB_2,CTGGTCTGTTCAACCA-1,PB,-0.12362212766182978
HC,PB_2,CTTAACTCAGGACCCT-1,PB,-0.06055047397557
HC,PB_2,GAAACTCCATGGGACA-1,PB,-0.07345201072472911
HC,PB_2,GAAATGAAGTACGCGA-1,PB,0.042795875526957614
HC,PB_2,GAAATGACATGCAATC-1,PB,-0.2082270152764049
HC,PB_2,GAACCTAAGCTTCGCG-1,PB,-0.15352786018260645
HC,PB_2,GAACCTAGTACTTCTT-1,PB,0.10813866566974058
HC,PB_2,GACAGAGGTAGCAAAT-1,PB,-0.034439495667454835
HC,PB_2,GACAGAGTCACCTTAT-1,PB,0.02368276894100597
HC,PB_2,GACCTGGAGTGTCTCA-1,PB,0.003502937086153473
HC,PB_2,GACGCGTCAACCGCCA-1,PB,-0.09096777284698958
HC,PB_2,GACGGCTCAGGTGCCT-1,PB,0.2844593436795578
HC,PB_2,GACTACAAGGCAGGTT-1,PB,-0.1787294204520812
HC,PB_2,GACTACATCCGCAGTG-1,PB,0.13975690281076614
HC,PB_2,GAGCAGAGTATATGGA-1,PB,0.43012445803460303
HC,PB_2,GAGTCCGGTTATCCGA-1,PB,0.1221212836217175
HC,PB_2,GATGCTACATGAACCT-1,PB,-0.29997119987097626
HC,PB_2,GCAAACTAGGGTCGAT-1,PB,-0.015781428950470574
HC,PB_2,GCACTCTGTTCAACCA-1,PB,0.9085522881431124
HC,PB_2,GCATGTACAGTCACTA-1,PB,-0.08191427527868067
HC,PB_2,GCGCAGTGTATGAAAC-1,PB,0.38610978032289855
HC,PB_2,GCGCCAAGTAAACGCG-1,PB,-0.29997119987097626
HC,PB_2,GCGGGTTCAGACGTAG-1,PB,0.437705083938437
HC,PB_2,GCTTCCATCGCGTTTC-1,PB,0.40762721439130095
HC,PB_2,GGACAAGCAACTGCGC-1,PB,-0.29997119987097626
HC,PB_2,GGAGCAAAGCCAACAG-1,PB,0.06476124014754878
HC,PB_2,GGCAATTGTCTCTTAT-1,PB,0.12981343650460037
HC,PB_2,GGCTGGTAGTTTGCGT-1,PB,0.23945007277353758
HC,PB_2,GGGACCTTCTGATACG-1,PB,0.061672980593751384
HC,PB_2,GGGCACTGTCATCCCT-1,PB,0.43996589676523534
HC,PB_2,GTAACGTGTAGGGTAC-1,PB,0.13084143251143338
HC,PB_2,GTACGTACATCTCGCT-1,PB,-0.29997119987097626
HC,PB_2,GTAGGCCGTCACTGGC-1,PB,0.07221615102627973
HC,PB_2,GTCAAGTGTATATGAG-1,PB,0.1377669430911533
HC,PB_2,GTCACAAGTCTAGAGG-1,PB,0.6947314497559455
HC,PB_2,GTCATTTTCCCTTGTG-1,PB,-0.13750096332909736
HC,PB_2,GTCCTCATCGTAGGAG-1,PB,0.8171802027267049
HC,PB_2,GTCGGGTCACTGCCAG-1,PB,-0.29997119987097626
HC,PB_2,GTCTCGTAGACAAGCC-1,PB,0.16758557323259007
HC,PB_2,GTGCATACAAAGCAAT-1,PB,0.3463711526163352
HC,PB_2,GTGGGTCTCACAATGC-1,PB,-0.15852791904945512
HC,PB_2,GTGTTAGCATGAGCGA-1,PB,-0.29997119987097626
HC,PB_2,GTTAAGCGTAGGGACT-1,PB,0.04560998059459471
HC,PB_2,GTTAAGCGTCAGAATA-1,PB,-0.01974769286262936
HC,PB_2,GTTCATTGTATAGTAG-1,PB,-0.29997119987097626
HC,PB_2,GTTCGGGTCTGAGGGA-1,PB,0.026471123731740282
HC,PB_2,GTTCTCGAGCCAGTTT-1,PB,0.289094941542083
HC,PB_2,GTTCTCGAGTGTCCCG-1,PB,0.34790776800099515
HC,PB_2,GTTTCTATCAGCTCTC-1,PB,-0.03724198940904559
HC,PB_2,TAAGCGTTCCGCGCAA-1,PB,0.6019042957008168
HC,PB_2,TAAGCGTTCGTCTGAA-1,PB,-0.12799944949068043
HC,PB_2,TAAGTGCGTAGATTAG-1,PB,-0.17979182337297894
HC,PB_2,TAAGTGCTCATGGTCA-1,PB,-0.06741240626547637
HC,PB_2,TACCTATGTTAAAGTG-1,PB,0.1925273206596192
HC,PB_2,TACCTTACAAAGAATC-1,PB,-0.29997119987097626
HC,PB_2,TACGGATCAGACAAGC-1,PB,-0.12772603301329627
HC,PB_2,TACGGGCAGAGGTAGA-1,PB,-0.29997119987097626
HC,PB_2,TACTTACAGGACATTA-1,PB,-0.14600284645433867
HC,PB_2,TACTTGTAGATAGCAT-1,PB,0.04871118037276623
HC,PB_2,TAGAGCTCACTGTTAG-1,PB,0.07860844607036499
HC,PB_2,TAGTGGTAGGTAAACT-1,PB,-0.29997119987097626
HC,PB_2,TAGTTGGTCACTTACT-1,PB,0.2690279977300861
HC,PB_2,TATCAGGTCTGAGGGA-1,PB,-0.06777203336250837
HC,PB_2,TATCTCAAGTGAAGAG-1,PB,-0.29997119987097626
HC,PB_2,TCAACGAGTCGAACAG-1,PB,-0.13063422155316104
HC,PB_2,TCAATCTAGGTGCACA-1,PB,-0.29997119987097626
HC,PB_2,TCACAAGCATTGTGCA-1,PB,-0.29997119987097626
HC,PB_2,TCAGATGAGTGAAGAG-1,PB,0.15213217465950354
HC,PB_2,TCAGGTAGTGCAACTT-1,PB,0.024981028321268646
HC,PB_2,TCCACACGTAAAGTCA-1,PB,-0.29997119987097626
HC,PB_2,TCTCTAAAGTGTACCT-1,PB,-0.29997119987097626
HC,PB_2,TGAAAGACACGGATAG-1,PB,0.26100455449001886
HC,PB_2,TGACTTTTCACGAAGG-1,PB,-0.11480147674726747
HC,PB_2,TGAGCATTCCACGCAG-1,PB,0.13716595265648637
HC,PB_2,TGCCCATGTTTAAGCC-1,PB,-0.29997119987097626
HC,PB_2,TGCGCAGCAATGTTGC-1,PB,0.3101310680422416
HC,PB_2,TGGCCAGTCTGGAGCC-1,PB,-0.16817256806368736
HC,PB_2,TGGGAAGTCAAACGGG-1,PB,0.06294775192217439
HC,PB_2,TGGGCGTTCTCTGCTG-1,PB,-0.29997119987097626
HC,PB_2,TGTTCCGCACGACTCG-1,PB,-0.051175750022328804
HC,PB_2,TGTTCCGTCTCACATT-1,PB,-0.29997119987097626
HC,PB_2,TTCCCAGCAGCTTCGG-1,PB,0.2562509868164092
HC,PB_2,TTCGAAGCAGTCTTCC-1,PB,0.4466106447872497
HC,PB_2,TTCGGTCGTTAGATGA-1,PB,0.6007510815261312
HC,PB_2,TTCTACATCATGTCCC-1,PB,-0.29997119987097626
HC,PB_2,TTCTTAGGTACGACCC-1,PB,0.27900264955574955
HC,PB_2,TTGTAGGCATACTACG-1,PB,0.09507572089655823
HC,PB_2,TTTACTGCAATGACCT-1,PB,0.19184827205123264
HC,PB_3,AAACGGGCAAGCCTAT-1,PB,0.37911179833654146
HC,PB_3,AAACGGGCACCATCCT-1,PB,0.17546118408113062
HC,PB_3,AAACGGGCACGTAAGG-1,PB,-0.05889752830530041
HC,PB_3,AAAGATGCACAGCCCA-1,PB,0.10662041516637537
HC,PB_3,AACACGTCATACGCCG-1,PB,-0.29997119987097626
HC,PB_3,AACGTTGTCCACGAAT-1,PB,0.22286245716150588
HC,PB_3,AACTCAGGTGTGAATA-1,PB,-0.054285912243067946
HC,PB_3,AACTCCCGTAAGGGCT-1,PB,-0.00687657982214713
HC,PB_3,AACTGGTTCTTCTGGC-1,PB,0.16522752967576768
HC,PB_3,AATCCAGAGACACGAC-1,PB,0.07074606915839335
HC,PB_3,AATCCAGAGGGCTTCC-1,PB,0.696030185633233
HC,PB_3,AATCGGTGTGCTAGCC-1,PB,0.2854194731530509
HC,PB_3,ACACCAAAGCTTTGGT-1,PB,-0.29997119987097626
HC,PB_3,ACACTGACACCTCGTT-1,PB,0.09490869757965627
HC,PB_3,ACATACGGTTCCCGAG-1,PB,0.06187580552471251
HC,PB_3,ACATACGTCCAAATGC-1,PB,-0.05611392304031026
HC,PB_3,ACATACGTCTACCAGA-1,PB,0.276131110909711
HC,PB_3,ACCGTAATCTAACTGG-1,PB,-0.17863974970231908
HC,PB_3,ACCTTTAGTCTCACCT-1,PB,-0.29997119987097626
HC,PB_3,ACCTTTATCGACAGCC-1,PB,-0.29997119987097626
HC,PB_3,ACGAGGAGTAGATTAG-1,PB,-0.10711726108944229
HC,PB_3,ACGATACCAGTGAGTG-1,PB,0.09340874657142346
HC,PB_3,ACGATGTGTGGGTATG-1,PB,-0.09750714822405644
HC,PB_3,ACGATGTTCGTGGTCG-1,PB,0.06567372259598413
HC,PB_3,ACGCAGCCACGTAAGG-1,PB,0.18300380342414727
HC,PB_3,ACGCCAGAGACAGACC-1,PB,0.16667850741677073
HC,PB_3,ACGGAGAGTCGAGTTT-1,PB,-0.07136959646681641
HC,PB_3,ACGGGCTTCCTTTACA-1,PB,-0.09533543902067539
HC,PB_3,ACGGGTCGTTAGAACA-1,PB,-0.19605496731866295
HC,PB_3,AGAATAGAGACCTAGG-1,PB,0.13328987263600753
HC,PB_3,AGAATAGGTTATCGGT-1,PB,0.8504118955932031
HC,PB_3,AGAGCTTAGATGTCGG-1,PB,0.09860689055041429
HC,PB_3,AGAGCTTCACATCTTT-1,PB,0.0810967728462993
HC,PB_3,AGATCTGAGTACACCT-1,PB,-0.1878047858457544
HC,PB_3,AGATCTGTCACCGTAA-1,PB,0.15442022704410857
HC,PB_3,AGCCTAATCGGATGTT-1,PB,-0.01636078272238517
HC,PB_3,AGCGTATAGGATCGCA-1,PB,0.3993277565395073
HC,PB_3,AGCTCCTCATTTGCTT-1,PB,0.5610295548488529
HC,PB_3,AGCTTGAGTCCCTTGT-1,PB,0.10808397937127087
HC,PB_3,AGCTTGATCGCCAAAT-1,PB,0.22929818684066822
HC,PB_3,AGCTTGATCGTCCAGG-1,PB,0.4573092383511329
HC,PB_3,AGGCCACCACGAAATA-1,PB,0.05877772637765439
HC,PB_3,AGTAGTCCATCAGTCA-1,PB,0.014257958561495556
HC,PB_3,AGTAGTCTCCTGCAGG-1,PB,0.1642579172455481
HC,PB_3,AGTGAGGTCCCTTGCA-1,PB,-0.1262066648712308
HC,PB_3,AGTTGGTTCCATGAAC-1,PB,-0.13644664069384796
HC,PB_3,ATCATCTGTGAGGGTT-1,PB,-0.1970741021475473
HC,PB_3,ATCATCTGTTGTGGCC-1,PB,-0.18841370264085883
HC,PB_3,ATCATGGGTCGCATCG-1,PB,0.2571827707104986
HC,PB_3,ATCATGGTCAAGGTAA-1,PB,-0.15953354344743526
HC,PB_3,ATCCACCGTAAGTAGT-1,PB,0.377321853549465
HC,PB_3,ATCTGCCCACAGGAGT-1,PB,-0.17977520397860203
HC,PB_3,ATTTCTGGTGCTAGCC-1,PB,0.14720761744172564
HC,PB_3,ATTTCTGTCCTGTAGA-1,PB,-0.05152327828643375
HC,PB_3,CAACTAGAGGAGCGAG-1,PB,-0.22109353240531204
HC,PB_3,CACACAACACGGCCAT-1,PB,-0.29997119987097626
HC,PB_3,CACACTCGTGGGTCAA-1,PB,-0.29997119987097626
HC,PB_3,CACCACTTCGTACCGG-1,PB,0.2993949868392121
HC,PB_3,CACCTTGCAAGACGTG-1,PB,0.18366441125501679
HC,PB_3,CAGCGACGTAACGACG-1,PB,0.32962419821516276
HC,PB_3,CAGCTAACATGAGCGA-1,PB,-0.29997119987097626
HC,PB_3,CAGTCCTCAGCGTAAG-1,PB,0.4025946736580334
HC,PB_3,CAGTCCTGTCTTGCGG-1,PB,0.17942191148616352
HC,PB_3,CATCAAGGTGTATGGG-1,PB,-0.1387595114418098
HC,PB_3,CATCAGACAAGGTTTC-1,PB,-0.20868458775586116
HC,PB_3,CATCGAACATCACAAC-1,PB,0.23587423223777607
HC,PB_3,CATGCCTCAGCCTGTG-1,PB,0.18618667845467993
HC,PB_3,CCGTGGATCGCTTAGA-1,PB,-0.09979205764924341
HC,PB_3,CCGTTCATCATGTCCC-1,PB,-0.11563364875300929
HC,PB_3,CCTACCACATGTTGAC-1,PB,-0.18701514192703086
HC,PB_3,CCTCAGTAGCTAGTGG-1,PB,-0.2050888094939133
HC,PB_3,CCTTCGACACTTCTGC-1,PB,-0.05874264895499396
HC,PB_3,CCTTCGAGTGTCAATC-1,PB,-0.29997119987097626
HC,PB_3,CCTTTCTCACAACTGT-1,PB,0.04470391521487582
HC,PB_3,CCTTTCTGTCAGAGGT-1,PB,0.1501497413234997
HC,PB_3,CGACCTTCATGAACCT-1,PB,0.053565875945106346
HC,PB_3,CGAGCACGTTCAACCA-1,PB,0.026666356790393437
HC,PB_3,CGCCAAGCACAGCCCA-1,PB,-0.006818739448516032
HC,PB_3,CGGCTAGAGGAATCGC-1,PB,-0.09466655019477158
HC,PB_3,CGTCTACGTCTACCTC-1,PB,0.04500814685535543
HC,PB_3,CGTGTAATCGGTGTTA-1,PB,-0.09729636930413287
HC,PB_3,CGTTGGGGTGAGTGAC-1,PB,0.10769699189723103
HC,PB_3,CTACACCAGATACACA-1,PB,0.32952050136653505
HC,PB_3,CTCACACCAGGTCGTC-1,PB,-0.10560120603155958
HC,PB_3,CTCAGAACATCACAAC-1,PB,0.14110352882708196
HC,PB_3,CTCAGAAGTAGCGCAA-1,PB,0.16877397197364738
HC,PB_3,CTCGAAAAGATAGGAG-1,PB,0.1868088995374117
HC,PB_3,CTCGTCAAGTGGGTTG-1,PB,0.02487526541989613
HC,PB_3,CTCTAATTCTAACTGG-1,PB,0.46212486701986044
HC,PB_3,CTCTACGAGTCCGTAT-1,PB,0.4060209874829487
HC,PB_3,CTTACCGGTACGCTGC-1,PB,0.6518765762434159
HC,PB_3,CTTAGGAGTTGAGTTC-1,PB,-0.18723213696580038
HC,PB_3,GAAATGACAGCTGTAT-1,PB,-0.29997119987097626
HC,PB_3,GAACCTAGTTAAGACA-1,PB,0.34695705005549915
HC,PB_3,GACAGAGTCTAGCACA-1,PB,0.03731637281560407
HC,PB_3,GACAGAGTCTCTTATG-1,PB,0.09397978143958695
HC,PB_3,GACCTGGAGGCCCTTG-1,PB,-0.29997119987097626
HC,PB_3,GACGCGTTCCCTGACT-1,PB,0.24899391381211133
HC,PB_3,GAGGTGAGTCTCACCT-1,PB,-0.29997119987097626
HC,PB_3,GAGGTGATCACCGGGT-1,PB,-0.29997119987097626
HC,PB_3,GATCGATAGTAACCCT-1,PB,-0.024164966875168312
HC,PB_3,GATCGCGTCCTCAATT-1,PB,-0.21133930746159932
HC,PB_3,GATCTAGAGTCAAGGC-1,PB,-0.29997119987097626
HC,PB_3,GATCTAGGTCGGATCC-1,PB,-0.1185646692283849
HC,PB_3,GATGAAAGTAAATACG-1,PB,-0.1275453621466924
HC,PB_3,GATGCTATCAGCTCGG-1,PB,-0.1275889690209109
HC,PB_3,GCAAACTTCTTATCTG-1,PB,0.12183528936927261
HC,PB_3,GCCAAATTCAGCAACT-1,PB,-0.018837454088291024
HC,PB_3,GCGACCACATTGTGCA-1,PB,-0.1576907804308784
HC,PB_3,GCGCCAAAGCCCAGCT-1,PB,0.4115324570693096
HC,PB_3,GCGCCAAAGTCACGCC-1,PB,-0.11465198596457545
HC,PB_3,GCGCCAACATGCCACG-1,PB,0.42576070314926184
HC,PB_3,GCGGGTTGTAGGCTGA-1,PB,0.3102676699510954
HC,PB_3,GCTCTGTGTACATCCA-1,PB,-0.29997119987097626
HC,PB_3,GCTCTGTGTCTCTTAT-1,PB,0.1415591207355468
HC,PB_3,GGAAAGCTCAACGGCC-1,PB,-0.29997119987097626
HC,PB_3,GGAACTTCACGCCAGT-1,PB,0.05535586225464487
HC,PB_3,GGACATTAGCTAGTCT-1,PB,0.11330184037822609
HC,PB_3,GGATGTTGTGGTCCGT-1,PB,-0.15512330714125402
HC,PB_3,GGCCGATGTGCCTGTG-1,PB,0.14055949093264788
HC,PB_3,GGCGTGTTCCAGTAGT-1,PB,0.500103962121938
HC,PB_3,GGCTGGTCAGCCTGTG-1,PB,0.38387099756386556
HC,PB_3,GGTATTGGTCAAGCGA-1,PB,-0.193785798809979
HC,PB_3,GGTGTTAAGCTCCTTC-1,PB,0.18129593549860396
HC,PB_3,GTACTCCGTTGTGGCC-1,PB,0.25038305704997327
HC,PB_3,GTACTCCTCCAAACTG-1,PB,0.3836494272481608
HC,PB_3,GTCAAGTCAGCAGTTT-1,PB,-0.20393659789884996
HC,PB_3,GTCGTAACATGTCCTC-1,PB,0.5122783359006782
HC,PB_3,GTGCAGCAGCGCTTAT-1,PB,-0.013634669575388222
HC,PB_3,GTGCAGCCAGGATTGG-1,PB,-0.025755143379206168
HC,PB_3,GTGGGTCCATGCAATC-1,PB,-0.16504500577913367
HC,PB_3,GTGTGCGGTTTGTTGG-1,PB,-0.16749953093243738
HC,PB_3,GTGTGCGTCTTCAACT-1,PB,0.018425803137938686
HC,PB_3,GTTACAGAGCCAGTAG-1,PB,-0.09655022171029613
HC,PB_3,GTTACAGCACCAACCG-1,PB,0.2929740120999341
HC,PB_3,TAAGAGATCCTACAGA-1,PB,0.1413651684261492
HC,PB_3,TAAGTGCGTGGTCTCG-1,PB,-0.29997119987097626
HC,PB_3,TACCTATTCACTTACT-1,PB,-0.07210299429715003
HC,PB_3,TACCTATTCTTGTCAT-1,PB,0.17534243817082967
HC,PB_3,TAGACCAAGATCCGAG-1,PB,0.2712976548751033
HC,PB_3,TAGACCAAGTGATCGG-1,PB,-0.06424260032522293
HC,PB_3,TAGGCATCAAAGTGCG-1,PB,-0.29997119987097626
HC,PB_3,TAGTTGGAGGTGCTAG-1,PB,0.8810665175249893
HC,PB_3,TATGCCCGTGAAAGAG-1,PB,0.18054235751609066
HC,PB_3,TCAATCTCACCTGGTG-1,PB,-0.29997119987097626
HC,PB_3,TCAGATGAGTTAGGTA-1,PB,-0.228658697134111
HC,PB_3,TCAGCAAAGCTGAAAT-1,PB,0.014420770239367133
HC,PB_3,TCAGCAACACTTAACG-1,PB,0.6706430639122776
HC,PB_3,TCAGGATTCGCTGATA-1,PB,-0.29997119987097626
HC,PB_3,TCAGGTAAGGCGATAC-1,PB,-0.11818460080987822
HC,PB_3,TCATTACGTATAGGGC-1,PB,0.2867388914294552
HC,PB_3,TCATTACTCACATACG-1-1,PB,0.3218362803910422
HC,PB_3,TCATTTGGTCCAGTTA-1,PB,-0.29997119987097626
HC,PB_3,TCATTTGTCTTCCTTC-1,PB,-0.29997119987097626
HC,PB_3,TCCCGATAGTCAATAG-1,PB,-0.20848385992948867
HC,PB_3,TCGAGGCCAGGCAGTA-1,PB,-0.29997119987097626
HC,PB_3,TCGAGGCGTACAAGTA-1,PB,0.1171210261831691
HC,PB_3,TCGGTAAAGCCATCGC-1,PB,-0.29997119987097626
HC,PB_3,TCTATTGGTGTAATGA-1,PB,0.4988987350819217
HC,PB_3,TGACGGCTCTCAAACG-1,PB,-0.016554281444515383
HC,PB_3,TGAGAGGTCTGAAAGA-1,PB,0.059632257628501786
HC,PB_3,TGAGCATCAAGTCTAC-1,PB,-0.09860228260848573
HC,PB_3,TGAGGGAAGAGTCGGT-1,PB,-0.29997119987097626
HC,PB_3,TGCTGCTGTGCAGGTA-1,PB,0.8148940321387972
HC,PB_3,TGGACGCCATCACGTA-1,PB,0.16702394956487582
HC,PB_3,TGGCCAGGTTATCGGT-1,PB,0.004454321735760024
HC,PB_3,TGGCGCAGTACGCACC-1,PB,-0.29997119987097626
HC,PB_3,TGGCTGGGTGCTGTAT-1,PB,-0.08713080401756408
HC,PB_3,TGGGAAGAGGTAGCTG-1,PB,0.021004691798672877
HC,PB_3,TGTGGTAGTAGCTCCG-1,PB,0.08557990948730354
HC,PB_3,TTAGTTCAGGGTCGAT-1,PB,0.07425729035651589
HC,PB_3,TTCTACAAGGCTACGA-1,PB,-0.29997119987097626
HC,PB_3,TTCTACACACGTCAGC-1,PB,-0.028012519438626916
HC,PB_3,TTCTCAACAGGGAGAG-1,PB,0.07038601917915385
HC,PB_3,TTCTCAAGTAAATGTG-1,PB,-0.09715143026690407
HC,PB_3,TTCTTAGAGAAGGTTT-1,PB,0.22067178295878895
HC,PB_3,TTGACTTCATGGATGG-1,PB,-0.15215779058924647
HC,PB_3,TTGCGTCTCTCTTATG-1,PB,0.005886679976156185
HC,PB_3,TTTGCGCGTCTTCAAG-1,PB,0.6110477710873339
HC,PB_3,TTTGGTTCATTTCACT-1,PB,-0.13738351249719058
MS,PB_6,AAACGGGTCTGGCGAC-1,PB,-0.29997119987097626
MS,PB_6,AACACGTAGATCTGCT-1,PB,0.0882514439975489
MS,PB_6,AACGTTGGTACGCTGC-1-2,PB,0.22781592733694525
MS,PB_6,AACGTTGTCAGGCAAG-1-1,PB,0.1883943613006871
MS,PB_6,AACTCTTGTACTTCTT-1,PB,-0.19756049926837113
MS,PB_6,AACTCTTTCATGTGGT-1,PB,0.5995229932599406
MS,PB_6,AACTTTCGTTAAAGTG-1,PB,-0.09544040437532553
MS,PB_6,AAGACCTGTTATCACG-1,PB,0.26965358749155605
MS,PB_6,AATCCAGTCGAGAGCA-1,PB,0.1349081405302041
MS,PB_6,ACACTGAGTAAGGGCT-1,PB,0.07762390608607941
MS,PB_6,ACATCAGTCGTAGGAG-1,PB,0.058568621434489286
MS,PB_6,ACCAGTATCATGCTCC-1,PB,-0.12215765013842658
MS,PB_6,ACGAGGAAGCGTCAAG-1,PB,0.2859405374092274
MS,PB_6,ACGAGGATCTCAAGTG-1,PB,0.07799121149368914
MS,PB_6,ACGATACAGTCTTGCA-1,PB,-0.17858217055658893
MS,PB_6,ACGATACGTGCTTCTC-1,PB,-0.29997119987097626
MS,PB_6,ACGCCAGCAGTTAACC-1,PB,0.30668726840278554
MS,PB_6,ACGCCGAAGTTCCACA-1,PB,0.19390537778423814
MS,PB_6,ACGGAGATCCCGACTT-1,PB,-0.02098390129521663
MS,PB_6,ACGGCCACAAAGGCGT-1,PB,-0.08532861938727963
MS,PB_6,ACGGGCTCACGGCTAC-1,PB,0.35557082111779204
MS,PB_6,ACGTCAACAATAACGA-1,PB,0.019887833221174774
MS,PB_6,ACGTCAATCACCTCGT-1,PB,0.2916873579893745
MS,PB_6,ACTATCTGTCTGGAGA-1,PB,0.1869024547441378
MS,PB_6,ACTATCTGTTTGTTGG-1,PB,0.09587444662345358
MS,PB_6,ACTGATGAGCTGCGAA-1,PB,0.3561606871557509
MS,PB_6,ACTGATGTCTATGTGG-1,PB,0.17302722603647208
MS,PB_6,ACTTGTTCAGTCGATT-1,PB,-0.29997119987097626
MS,PB_6,AGAATAGCAAAGGAAG-1,PB,0.23766224789209273
MS,PB_6,AGATCTGTCGTTGACA-1,PB,-0.29997119987097626
MS,PB_6,AGATTGCCAGACGTAG-1,PB,0.6354779791306643
MS,PB_6,AGGTCATAGATAGCAT-1,PB,0.029933581923775217
MS,PB_6,AGGTCCGAGGGCTTCC-1,PB,0.2480677367732834
MS,PB_6,AGTGAGGAGGAGTTTA-1,PB,0.6452256194498049
MS,PB_6,ATAACGCGTAGGAGTC-1,PB,-0.09902155265782675
MS,PB_6,ATAAGAGTCGAGCCCA-1,PB,-0.07070546402478814
MS,PB_6,ATCACGAGTACGACCC-1,PB,-0.008503920633130487
MS,PB_6,ATCATCTTCACTCCTG-1,PB,0.20449290991387079
MS,PB_6,ATCATGGGTTCCGGCA-1,PB,-0.10641885296249508
MS,PB_6,ATGAGGGGTAAGAGAG-1,PB,0.07964934708826026
MS,PB_6,ATGCGATGTCCCTTGT-1-1,PB,0.5746897280540842
MS,PB_6,ATTACTCCAGTGGGAT-1,PB,-0.017509919082078697
MS,PB_6,ATTATCCGTCTTCAAG-1,PB,0.27400308656484507
MS,PB_6,ATTGGTGAGACTGGGT-1,PB,0.4631759254412566
MS,PB_6,CAACCAAAGTCCATAC-1,PB,0.5699846668040233
MS,PB_6,CAAGGCCTCGCAGGCT-1,PB,0.3770882506730577
MS,PB_6,CAAGTTGCACGAGGTA-1,PB,0.4139083650115487
MS,PB_6,CACACCTGTGCAGACA-1,PB,0.21645303686295053
MS,PB_6,CAGAGAGAGTGCGTGA-1,PB,0.2993461559902698
MS,PB_6,CAGCTAACAAGGTTTC-1,PB,0.39669884947488604
MS,PB_6,CATCGGGTCGATAGAA-1,PB,-0.1011371239337521
MS,PB_6,CATGACACAATGTTGC-1,PB,0.08891549671975751
MS,PB_6,CCACTACAGTGGTAGC-1,PB,0.3962120855201237
MS,PB_6,CCACTACCAGACTCGC-1,PB,0.2936055592210094
MS,PB_6,CCCTCCTCATTCGACA-1,PB,1.1727328900791019
MS,PB_6,CCGGGATTCCTCAACC-1,PB,0.5172577684263542
MS,PB_6,CCGTACTAGTACACCT-1,PB,-0.29997119987097626
MS,PB_6,CCTAGCTAGGGTGTGT-1,PB,0.27219266206514137
MS,PB_6,CCTTACGAGCTAACAA-1,PB,-0.00302123704377677
MS,PB_6,CGAACATCATCCGCGA-1,PB,0.01635742143669708
MS,PB_6,CGAGAAGTCTCAAGTG-1,PB,0.12157880721874403
MS,PB_6,CGAGAAGTCTCCAACC-1,PB,0.0778522971547855
MS,PB_6,CGAGCCAAGTTGTAGA-1,PB,-0.07566481609402294
MS,PB_6,CGATCGGGTTCCCTTG-1,PB,-0.18243317020919378
MS,PB_6,CGATTGAAGTCCATAC-1,PB,0.08600643292792629
MS,PB_6,CGCCAAGAGTGTTAGA-1,PB,-0.10919871665657481
MS,PB_6,CGCTTCAAGTTCCACA-1,PB,-0.29997119987097626
MS,PB_6,CGCTTCACACGGCCAT-1,PB,0.326658410549181
MS,PB_6,CGGACACTCTACTATC-1,PB,-0.29997119987097626
MS,PB_6,CGGAGCTGTAAGTGGC-1,PB,0.20566193524047374
MS,PB_6,CGGCTAGTCGGTCCGA-1,PB,0.0618644656400381
MS,PB_6,CGGGTCAAGCCAGGAT-1,PB,0.6540186556360889
MS,PB_6,CGGGTCACACGTTGGC-1,PB,0.13095180454073588
MS,PB_6,CGGGTCAGTATCGCAT-1,PB,-0.14378319596910197
MS,PB_6,CGGTTAAAGCTCCTCT-1,PB,0.10667701766350336
MS,PB_6,CGTCACTAGCTAAACA-1,PB,-0.09518088959473552
MS,PB_6,CGTCCATTCAAGATCC-1,PB,0.3562231390905342
MS,PB_6,CGTGAGCCAGCGATCC-1,PB,-0.15455744126830995
MS,PB_6,CGTTCTGTCGTTTAGG-1,PB,-0.29997119987097626
MS,PB_6,CTAACTTAGAAGGACA-1,PB,0.1854460645260787
MS,PB_6,CTAAGACTCGTGGTCG-1,PB,0.4131514668446256
MS,PB_6,CTACATTGTAAACGCG-1,PB,0.5621267443727123
MS,PB_6,CTACCCATCGGACAAG-1,PB,-0.29997119987097626
MS,PB_6,CTACGTCTCAGCTCTC-1,PB,-0.0023568376560336563
MS,PB_6,CTCATTAGTAAAGGAG-1,PB,-0.29997119987097626
MS,PB_6,CTCATTATCGACCAGC-1,PB,-0.29997119987097626
MS,PB_6,CTCCTAGCAGCTGGCT-1,PB,0.7894718711780729
MS,PB_6,CTCGAGGTCGGACAAG-1,PB,0.12285444366165013
MS,PB_6,CTCGGAGTCCTTTACA-1,PB,-0.29997119987097626
MS,PB_6,CTCGTACGTTTCCACC-1,PB,-0.29997119987097626
MS,PB_6,CTGCCTAAGTGGTAAT-1,PB,0.22166164352946785
MS,PB_6,CTGGTCTCATAGACTC-1,PB,0.8961825902700371
MS,PB_6,GAAACTCCACGAAATA-1,PB,-0.09297937214913864
MS,PB_6,GACACGCAGTTATCGC-1,PB,-0.12458462448295268
MS,PB_6,GACGGCTGTCACCTAA-1,PB,0.25876688145883303
MS,PB_6,GACGTTAAGGTGCTTT-1,PB,0.33428265467126506
MS,PB_6,GACTACAAGATGTTAG-1,PB,-0.05925486870042934
MS,PB_6,GACTACATCTCTTATG-1-1,PB,-0.1168109981055252
MS,PB_6,GAGGTGAGTCCGACGT-1,PB,-0.29997119987097626
MS,PB_6,GATCAGTAGTACGACG-1,PB,-0.14932131042744556
MS,PB_6,GATCGCGAGAGGTAGA-1,PB,-0.17518182840270521
MS,PB_6,GATGAGGCAGTTTACG-1,PB,0.1901298550972658
MS,PB_6,GCAGCCACATGTTGAC-1,PB,0.04859394953638225
MS,PB_6,GCAGTTAGTAGCGTAG-1,PB,-0.29997119987097626
MS,PB_6,GCATACAGTCTTCGTC-1,PB,-0.18460068850107172
MS,PB_6,GCGACCAGTGAAATCA-1,PB,-0.08326799781875535
MS,PB_6,GCGACCATCCCTAACC-1,PB,-0.29997119987097626
MS,PB_6,GCTCCTACATTTCACT-1,PB,0.22130031217379748
MS,PB_6,GCTGCAGGTCTCCATC-1,PB,-0.15828755202484204
MS,PB_6,GCTGCTTGTCATCCCT-1,PB,0.04373249654891783
MS,PB_6,GCTTGAACATATGAGA-1,PB,-0.08088453253186377
MS,PB_6,GGAACTTTCGTTACAG-1,PB,0.3627500908901718
MS,PB_6,GGAATAAGTATAGGGC-1,PB,-0.29997119987097626
MS,PB_6,GGCCGATAGAAAGTGG-1,PB,-0.06837612339936246
MS,PB_6,GGCGACTCAGTTCCCT-1,PB,0.30478049065505397
MS,PB_6,GGGAATGAGTATCTCG-1,PB,-0.08549843791329508
MS,PB_6,GGGAATGCAAGGACAC-1,PB,0.33002989477476036
MS,PB_6,GGGACCTGTTGGTTTG-1,PB,0.013943431382959155
MS,PB_6,GGGAGATTCCTAGAAC-1,PB,0.5176920908996735
MS,PB_6,GGGATGAAGAATAGGG-1,PB,0.21753478746787341
MS,PB_6,GGGTTGCTCAACGGGA-1,PB,0.38056306938964785
MS,PB_6,GGTATTGGTAAGTGTA-1,PB,-0.14601878222063336
MS,PB_6,GTACGTAGTGCTGTAT-1,PB,0.011121620681958164
MS,PB_6,GTACTTTTCTATCGCC-1,PB,0.3086573165960989
MS,PB_6,GTCATTTTCAGCGACC-1,PB,0.225124452960327
MS,PB_6,GTCTTCGGTACAGTTC-1,PB,0.643904811767657
MS,PB_6,GTGGGTCGTAGCTGCC-1,PB,0.09892703695682173
MS,PB_6,GTGGGTCTCCATGAAC-1,PB,-0.19679593680519522
MS,PB_6,GTGTTAGTCATACGGT-1,PB,-0.29997119987097626
MS,PB_6,TACACGACACCTCGTT-1,PB,-0.29997119987097626
MS,PB_6,TAGAGCTTCACGATGT-1,PB,-0.1385406308965617
MS,PB_6,TATTACCGTCATACTG-1,PB,0.4859357050313601
MS,PB_6,TCAACGATCATCTGCC-1,PB,0.10342701271383027
MS,PB_6,TCACAAGTCGTTTATC-1,PB,0.12545427217959623
MS,PB_6,TCAGATGAGCGATATA-1,PB,0.2758539470509121
MS,PB_6,TCAGCAATCAACACAC-1,PB,-0.29997119987097626
MS,PB_6,TCAGGATAGTGAACAT-1,PB,-0.011683184959338785
MS,PB_6,TCAGGTAGTTGAACTC-1,PB,-0.04019175442087857
MS,PB_6,TCATTTGGTTTGCATG-1,PB,0.08084591892460549
MS,PB_6,TCGGGACAGCCAGGAT-1,PB,0.06811024332539871
MS,PB_6,TCGGTAAAGTGTCCAT-1,PB,0.07187892180470182
MS,PB_6,TCGGTAACAATCAGAA-1,PB,0.5453100649689244
MS,PB_6,TCGGTAACATGCAACT-1,PB,-0.05176635908873218
MS,PB_6,TCGTACCGTGGTTTCA-1,PB,-0.12998587214066396
MS,PB_6,TCGTAGAGTCATTAGC-1,PB,0.0633204185879983
MS,PB_6,TCTCATAAGCTAGTGG-1,PB,-0.29997119987097626
MS,PB_6,TCTTCGGGTCTCCACT-1,PB,0.20551677070741922
MS,PB_6,TGAAAGAAGACCCACC-1,PB,0.39683722816714045
MS,PB_6,TGAGCCGAGCAATCTC-1,PB,0.09357300218242635
MS,PB_6,TGAGGGAGTCCCGACA-1,PB,0.26975317538108773
MS,PB_6,TGCCAAATCAAGGTAA-1,PB,0.45303536779497083
MS,PB_6,TGCTGCTAGTAATCCC-1,PB,-0.0857452441663025
MS,PB_6,TGCTGCTCACATTTCT-1,PB,0.6282039213253156
MS,PB_6,TGGTTCCTCCAGTAGT-1,PB,0.07095630804693465
MS,PB_6,TGGTTCCTCCCAGGTG-1,PB,0.24098482890037912
MS,PB_6,TTAACTCAGAGACGAA-1,PB,-0.07302669541832481
MS,PB_6,TTAGGACCAGTCAGAG-1,PB,0.18450790954958474
MS,PB_6,TTAGGCAAGCGCTTAT-1,PB,-0.2294772921622887
MS,PB_6,TTAGTTCCAATGGAAT-1,PB,0.2171250316276044
MS,PB_6,TTCGAAGAGAAGCCCA-1,PB,0.3973464739179192
MS,PB_6,TTCGGTCAGAACAACT-1,PB,0.009729868070178402
MS,PB_6,TTCTACACAATGGATA-1,PB,0.6718781919326299
MS,PB_6,TTCTCAAAGCCGGTAA-1,PB,0.25961715608044517
MS,PB_6,TTCTCCTGTCTGCGGT-1,PB,0.10552608486771013
MS,PB_6,TTCTCCTTCCATGAGT-1,PB,0.5082009146240748
MS,PB_6,TTGAACGAGCCAGAAC-1,PB,-0.019177933234928557
MS,PB_6,TTGAACGAGGCATGTG-1,PB,0.321735294980032
MS,PB_6,TTGGAACCAAGGTGTG-1,PB,0.25538532035352113
MS,PB_6,TTTATGCTCGGTGTTA-1,PB,-0.07450451076432198
MS,PB_7,AAACCTGAGAAACCAT-1,PB,0.44022131312097823
MS,PB_7,AACTCTTCAATGGACG-1,PB,-0.03649499579570782
MS,PB_7,ACACCCTCACAGTCGC-1,PB,-0.29997119987097626
MS,PB_7,ACACCGGCAGGGATTG-1,PB,0.0673149517064944
MS,PB_7,ACACCGGGTTCGCTAA-1,PB,-0.16291662177508032
MS,PB_7,ACAGCCGCAGCATGAG-1,PB,0.7040176288489625
MS,PB_7,ACAGCCGGTCCAACTA-1,PB,0.1293647524534814
MS,PB_7,ACGAGCCCAGCTGTAT-1,PB,0.6965493027956615
MS,PB_7,ACGATACGTAGAAGGA-1,PB,0.18023265205575328
MS,PB_7,ACGCCAGGTGCGGTAA-1,PB,0.13467928116395242
MS,PB_7,ACGGGCTCAGTTCCCT-1,PB,0.5061693014202827
MS,PB_7,ACTATCTGTCGACTGC-1,PB,-0.29997119987097626
MS,PB_7,ACTGTCCGTTACCAGT-1,PB,-0.1383173046827171
MS,PB_7,ACTTGTTAGCAGGCTA-1,PB,0.13731326304791275
MS,PB_7,ACTTGTTTCGCGATCG-1,PB,-0.06231782880024308
MS,PB_7,AGACGTTGTTTGACTG-1,PB,-0.0012312104321512418
MS,PB_7,AGAGCTTGTTGGACCC-1,PB,-0.008153466896830167
MS,PB_7,AGCATACTCTATCCCG-1,PB,0.4571396972490727
MS,PB_7,AGGCCACAGCACACAG-1,PB,-0.201837801623142
MS,PB_7,AGTGAGGAGGAGTCTG-1,PB,1.2309706723533886
MS,PB_7,AGTGGGATCCTTGACC-1,PB,0.443800792696943
MS,PB_7,ATAGACCGTTACGCGC-1,PB,-0.04124556527711742
MS,PB_7,ATTGGACTCAGCCTAA-1,PB,0.41557369808901556
MS,PB_7,CAACCAAGTTCCACAA-1,PB,-0.29997119987097626
MS,PB_7,CAACTAGTCCTTTCTC-1,PB,-0.036416104412459405
MS,PB_7,CATTCGCGTCCTCTTG-1,PB,0.7296811932938437
MS,PB_7,CCAGCGAAGGATGGTC-1,PB,0.30650567639742093
MS,PB_7,CCAGCGACATGTAAGA-1,PB,-0.09521053329317167
MS,PB_7,CCGGTAGGTTACGTCA-1,PB,0.3049893369528846
MS,PB_7,CCGTACTAGCGTTCCG-1,PB,0.17212514103195306
MS,PB_7,CCTACACCAATAAGCA-1,PB,-0.16367508825819313
MS,PB_7,CCTACCAAGCGTTCCG-1,PB,1.0095079425572622
MS,PB_7,CCTTACGGTCGGATCC-1,PB,1.1441174241086738
MS,PB_7,CGACCTTTCCGGGTGT-1,PB,-0.15294283321521612
MS,PB_7,CGATTGATCGACGGAA-1,PB,-0.29997119987097626
MS,PB_7,CGGACACAGATGTTAG-1,PB,0.4152977168113351
MS,PB_7,CGGACACAGCTCCTTC-1,PB,0.6458494473746962
MS,PB_7,CGGACTGCAAGTACCT-1-2,PB,0.4570800329491762
MS,PB_7,CGGGTCAGTTATCACG-1,PB,-0.29997119987097626
MS,PB_7,CGTCTACAGTGACATA-1,PB,0.34718032501352114
MS,PB_7,CTAGCCTTCCGTTGCT-1,PB,0.4407558005955578
MS,PB_7,CTCGGAGTCCGCGCAA-1,PB,0.03690523033371128
MS,PB_7,CTCTACGCATGTAAGA-1,PB,-0.1493938721735326
MS,PB_7,CTCTGGTCACAGAGGT-1,PB,-0.1816689124739825
MS,PB_7,CTGAAGTGTTTCCACC-1,PB,0.19901916898654756
MS,PB_7,CTGCGGAAGGTGTGGT-1,PB,1.3208432747732706
MS,PB_7,CTGGTCTTCTGCAGTA-1,PB,0.29577529419958604
MS,PB_7,CTGTGCTCAGCTGCAC-1,PB,0.22637380661667125
MS,PB_7,CTTAACTAGATGTGTA-1,PB,-0.29997119987097626
MS,PB_7,GAACATCTCTACCTGC-1,PB,0.09097920001086278
MS,PB_7,GAATGAACATGAAGTA-1,PB,0.4437171831837377
MS,PB_7,GACCTGGAGGAATCGC-1,PB,0.09431160083072725
MS,PB_7,GACTGCGAGTACGCCC-1,PB,0.2083605215116835
MS,PB_7,GATCAGTGTCACCCAG-1,PB,-0.1477992899522166
MS,PB_7,GATTCAGCATTAACCG-1,PB,0.1104644219842443
MS,PB_7,GCAATCAAGGAGTTGC-1,PB,-0.29997119987097626
MS,PB_7,GCAGTTACAGCCTATA-1,PB,-0.10384157524744989
MS,PB_7,GCATACAAGCGACGTA-1,PB,-0.027462402475125488
MS,PB_7,GCATACAAGGCTCATT-1,PB,-0.29997119987097626
MS,PB_7,GCATGCGTCGCCTGTT-1,PB,0.5317257590983023
MS,PB_7,GCCTCTACAGTATCTG-1,PB,-0.2120510347838365
MS,PB_7,GCGAGAATCCTTCAAT-1,PB,-0.05893524614189307
MS,PB_7,GCGCAGTAGATGCCTT-1,PB,-0.29997119987097626
MS,PB_7,GCGCAGTCATCGATTG-1,PB,0.5208743517576839
MS,PB_7,GCGCGATTCTGGAGCC-1,PB,0.19166052634580535
MS,PB_7,GCTTGAACACATGTGT-1,PB,0.05359324471507417
MS,PB_7,GGACAAGCACTTACGA-1,PB,-0.13259936450895893
MS,PB_7,GGACGTCGTTCCACAA-1,PB,-0.29997119987097626
MS,PB_7,GGATTACCATTGCGGC-1,PB,-0.1871451904460761
MS,PB_7,GGCCGATGTGTCGCTG-1,PB,-0.09209109445507495
MS,PB_7,GGCTGGTTCTAAGCCA-1-1,PB,0.7549516428543209
MS,PB_7,GGGAGATCACAGGCCT-1,PB,0.039806770089511154
MS,PB_7,GTACTTTCAGACTCGC-1,PB,-0.09891207557576119
MS,PB_7,GTCATTTGTTCAGTAC-1,PB,-0.29997119987097626
MS,PB_7,GTCCTCACAACGCACC-1,PB,0.1877388202693354
MS,PB_7,GTCGGGTCATCGTCGG-1,PB,-0.10238959096708602
MS,PB_7,GTGAAGGGTTAGATGA-1,PB,0.39160889096638174
MS,PB_7,GTGAAGGTCGAATGCT-1,PB,0.07767445919405462
MS,PB_7,GTGCTTCCAGGACCCT-1,PB,0.29244843225536366
MS,PB_7,GTTAAGCCATGCATGT-1,PB,0.36387133839739266
MS,PB_7,GTTCGGGAGGAATCGC-1,PB,0.6366432752591197
MS,PB_7,TACCTATTCACAATGC-1,PB,0.6254363292565931
MS,PB_7,TACCTTATCGCTTGTC-1,PB,-0.29997119987097626
MS,PB_7,TACGGATGTGACAAAT-1,PB,-0.16597609693358134
MS,PB_7,TATTACCCAATGGATA-1,PB,-0.18544301519675171
MS,PB_7,TCAACGAGTAATCACC-1,PB,0.3989536008970526
MS,PB_7,TCCACACTCTCGCTTG-1,PB,0.1828370879749111
MS,PB_7,TCGGTAATCAACGCTA-1,PB,0.511639125597208
MS,PB_7,TCGGTAATCATTGCGA-1,PB,0.5651234172573626
MS,PB_7,TCTATTGTCTGCGACG-1,PB,0.34919237064656866
MS,PB_7,TCTGGAACAAGTTGTC-1,PB,0.4599680456170216
MS,PB_7,TCTTCGGCAAAGTGCG-1,PB,-0.06497032153126858
MS,PB_7,TGAGCATGTTAAGGGC-1,PB,-0.29997119987097626
MS,PB_7,TGATTTCGTACTTGAC-1,PB,1.2994877647781018
MS,PB_7,TGCACCTAGAGTAAGG-1,PB,-0.19840458401000075
MS,PB_7,TGCACCTTCAATCTCT-1,PB,-0.09588094840659646
MS,PB_7,TGCGGGTCATCCCACT-1,PB,0.07423649398503772
MS,PB_7,TGGTTAGTCACCTCGT-1,PB,-0.03143697640122253
MS,PB_7,TGTATTCGTGCACTTA-1,PB,0.52751389654337
MS,PB_7,TGTGGTAAGGCTCTTA-1,PB,0.32873685198302693
MS,PB_7,TTAGGCAGTCACAAGG-1,PB,0.21657005674756494
MS,PB_7,TTAGTTCGTCAGCTAT-1,PB,1.370662015097413
MS,PB_7,TTATGCTCATCAGTAC-1,PB,-0.12541904780042523
MS,PB_7,TTGAACGGTTCTCATT-1,PB,-0.10612626403486794
MS,PB_7,TTGGAACCAGGAATGC-1,PB,-0.07501275840417497
MS,PB_7,TTGGAACGTCACTGGC-1,PB,0.09706582241792568
MS,PB_7,TTGGCAAGTCATGCCG-1,PB,-0.29997119987097626
MS,PB_7,TTTGGTTTCAGTCAGT-1,PB,0.0927804800463655
MS,PB_8,AACACGTCATCGGAAG-1,PB,-0.29997119987097626
MS,PB_8,AACCATGGTCGAGATG-1,PB,-0.29997119987097626
MS,PB_8,AAGACCTGTACATGTC-1,PB,-0.11213897659363571
MS,PB_8,AAGGTTCAGTGTACGG-1,PB,-0.29997119987097626
MS,PB_8,AAGGTTCAGTTCGATC-1,PB,-0.004082270235323958
MS,PB_8,AAGGTTCCAAAGGAAG-1,PB,0.11191610103999136
MS,PB_8,AAGTCTGAGCTTATCG-1,PB,0.3571590539672346
MS,PB_8,ACACTGATCGTGGGAA-1,PB,0.010761428719372182
MS,PB_8,ACCGTAAAGTGGCACA-1,PB,0.13366933445022064
MS,PB_8,ACCTTTACAATCCAAC-1,PB,0.4341582771325898
MS,PB_8,ACGCAGCAGCAAATCA-1,PB,0.47070136602226487
MS,PB_8,ACGCCAGTCTTCCTTC-1,PB,-0.10882338780891053
MS,PB_8,ACTGTCCGTCGAACAG-1,PB,-0.15575482292397175
MS,PB_8,AGAGCGATCATATCGG-1,PB,-0.14620400389662808
MS,PB_8,AGAGCTTCATCCTTGC-1,PB,0.23480193888539588
MS,PB_8,AGCGTATTCTACTATC-1,PB,-0.17159675078043726
MS,PB_8,AGCTCTCCATGGGACA-1,PB,-0.017110819056216513
MS,PB_8,AGGCCGTGTGTTGGGA-1,PB,0.26853121557794807
MS,PB_8,ATCTGCCTCACTCCTG-1,PB,-0.16311909801968022
MS,PB_8,CAAGATCTCCATGAAC-1,PB,-0.11081411700009637
MS,PB_8,CACACTCTCCGCTGTT-1,PB,0.047711580709464525
MS,PB_8,CACCTTGAGCTGCGAA-1,PB,-0.29997119987097626
MS,PB_8,CATGACAGTGTCAATC-1,PB,0.3869205850969401
MS,PB_8,CCATGTCGTGCCTGCA-1,PB,0.8466434292767981
MS,PB_8,CCCAGTTCAATGGACG-1,PB,-0.08776715426745484
MS,PB_8,CCCAGTTTCTGGTGTA-1,PB,0.5632511509651025
MS,PB_8,CGAGAAGCAGACAGGT-1,PB,-0.17476435109120622
MS,PB_8,CGCTGGATCTGAGGGA-1,PB,0.2016441616046521
MS,PB_8,CGGACTGTCCGCAAGC-1,PB,0.4246858571810575
MS,PB_8,CGTAGGCAGAGATGAG-1,PB,-0.29997119987097626
MS,PB_8,CGTGTCTTCTTCAACT-1,PB,-0.29997119987097626
MS,PB_8,CTAGCCTGTTTCCACC-1,PB,0.4884274978216278
MS,PB_8,CTCATTATCCTTTCTC-1,PB,0.09604846782247427
MS,PB_8,CTCGAAATCTCAAGTG-1,PB,0.13565698136742396
MS,PB_8,CTCTAATGTGGTCCGT-1,PB,0.03496634809469116
MS,PB_8,CTCTGGTAGGGTTTCT-1,PB,-0.14320618330221566
MS,PB_8,CTGAAGTGTACAGTGG-1,PB,-0.1752721802442085
MS,PB_8,CTGGTCTGTATAGTAG-1,PB,0.1643776927992231
MS,PB_8,CTGTGCTGTTCCACAA-1,PB,-0.0631035979623155
MS,PB_8,GAACATCCAATCGGTT-1,PB,-0.11993743785402831
MS,PB_8,GACACGCCACCACGTG-1,PB,0.008765195925875626
MS,PB_8,GATCAGTTCCCAAGAT-1,PB,0.2028593798773064
MS,PB_8,GCAATCAGTTACCAGT-1,PB,-0.16316745119429982
MS,PB_8,GCAGTTATCGGATGGA-1,PB,-0.29997119987097626
MS,PB_8,GGACAAGAGGCGACAT-1,PB,0.3234435516294646
MS,PB_8,GGCGACTAGGGAAACA-1,PB,-0.29997119987097626
MS,PB_8,GGCTGGTTCGCATGAT-1,PB,-0.29997119987097626
MS,PB_8,GGGAATGAGACAGACC-1,PB,0.6285821379667688
MS,PB_8,GTAACTGAGCTCCTTC-1,PB,-0.29997119987097626
MS,PB_8,GTACTTTAGTACGATA-1,PB,-0.1484264083830526
MS,PB_8,GTATCTTGTAAGGGCT-1,PB,-0.0006657795377995601
MS,PB_8,GTCACAAGTTCCAACA-1,PB,0.013852845217179641
MS,PB_8,GTCACGGTCACGCATA-1,PB,-0.14135737594153783
MS,PB_8,GTCATTTCAATACGCT-1,PB,0.14263443847851612
MS,PB_8,GTCGTAATCCGCGTTT-1,PB,-0.29997119987097626
MS,PB_8,GTTTCTAAGCCACGCT-1,PB,-0.29997119987097626
MS,PB_8,TACACGACAATCGGTT-1,PB,-0.06268349530219844
MS,PB_8,TACGGGCAGCCACTAT-1,PB,0.38033558664266837
MS,PB_8,TATGCCCAGCCACGCT-1,PB,0.14983309193106495
MS,PB_8,TCAACGAAGAAGGTTT-1,PB,-0.29997119987097626
MS,PB_8,TCACGAAGTACTTAGC-1,PB,-0.29997119987097626
MS,PB_8,TCAGCAAAGTTTCCTT-1,PB,-0.29997119987097626
MS,PB_8,TCAGCTCAGGGCTTGA-1,PB,0.18212020090074402
MS,PB_8,TCAGGTAAGAGACTTA-1,PB,-0.08278443011525265
MS,PB_8,TCAGGTAGTGATGATA-1,PB,-0.1545059656829056
MS,PB_8,TCTTTCCAGTACGATA-1,PB,-0.12428488597680294
MS,PB_8,TGAGAGGAGACGACGT-1,PB,-0.29997119987097626
MS,PB_8,TGATTTCTCAAGCCTA-1,PB,0.05572286995909759
MS,PB_8,TGCTGCTCAAAGCGGT-1,PB,0.1632857338920772
MS,PB_8,TGGGAAGAGTGCTGCC-1,PB,-0.29997119987097626
MS,PB_8,TTAGGACAGTACTTGC-1,PB,-0.29997119987097626
MS,PB_8,TTAGGACAGTAGCGGT-1,PB,-0.29997119987097626
MS,PB_8,TTGACTTCACATGGGA-1,PB,0.42713125918608774
MS,PB_9,AAACCTGAGGAGTAGA-1,PB,-0.29997119987097626
MS,PB_9,ACACCAAAGCAGATCG-1,PB,-0.29997119987097626
MS,PB_9,ACGCCGACACAGGAGT-1,PB,0.6619899260685662
MS,PB_9,CGCTTCATCCGAGCCA-1,PB,0.3883546336089509
MS,PB_9,CGTGAGCGTCCAACTA-1,PB,-0.045310535725846604
MS,PB_9,CTCTGGTTCGTACGGC-1,PB,-0.29997119987097626
MS,PB_9,CTGAAACGTCTAGTCA-1,PB,-0.10223312988100426
MS,PB_9,CTGCCTAAGCGCTTAT-1,PB,0.002881774725276985
MS,PB_9,CTTAACTCAATTGCTG-1,PB,-0.07484566352536555
MS,PB_9,CTTGGCTCAGCCTGTG-1,PB,0.307982291596148
MS,PB_9,GACAGAGTCCCAGGTG-1,PB,0.19457819656267425
MS,PB_9,GACGTTATCATGTCCC-1,PB,0.11626484144996074
MS,PB_9,GATGAAACAGCCTATA-1,PB,-0.29997119987097626
MS,PB_9,GCTGCAGTCGCCATAA-1,PB,0.32455950131194494
MS,PB_9,GCTGCGAGTCAGAAGC-1,PB,-0.15952168249742862
MS,PB_9,GGAAAGCTCACGACTA-1,PB,0.004721462278861198
MS,PB_9,GGCGACTCATAACCTG-1,PB,0.5740185784283799
MS,PB_9,GGCTCGAAGGCCATAG-1,PB,-0.039826509296729276
MS,PB_9,GTCTTCGGTTGAGGTG-1,PB,0.29170124882904097
MS,PB_9,GTGTTAGCATTAACCG-1,PB,-0.29997119987097626
MS,PB_9,GTTACAGAGTAGTGCG-1,PB,0.28427324735948567
MS,PB_9,TCAACGAGTGGCGAAT-1,PB,0.31193127364850654
MS,PB_9,TCCCGATGTAGAGCTG-1,PB,-0.02641560691911123
MS,PB_9,TCGAGGCCACAGCCCA-1,PB,-0.06641695234308924
MS,PB_9,TGGCGCAGTTAAGTAG-1,PB,-0.10477502809124813
MS,PB_9,TTCCCAGCACATGACT-1,PB,-0.042047232501202444
MS,PB_10,AAACCTGGTGAGGCTA-1,PB,-0.17105421780038985
MS,PB_10,AAACGGGAGGCATGGT-1,PB,-0.11756161455773513
MS,PB_10,AAACGGGTCGGTTCGG-1,PB,-0.1314462043757509
MS,PB_10,AAAGATGCACGAAGCA-1,PB,-0.15544996474514838
MS,PB_10,AAATGCCTCTGGCGTG-1,PB,0.4754011588787657
MS,PB_10,AACACGTCAAACTGCT-1,PB,-0.20524676406233192
MS,PB_10,AACACGTGTAAACCTC-1,PB,0.02310598563247168
MS,PB_10,AACTTTCGTAGAGCTG-1,PB,0.09793698904996724
MS,PB_10,AAGACCTGTTATCCGA-1,PB,0.3028339494599271
MS,PB_10,AAGGAGCCATTCTCAT-1,PB,-0.09856320306257513
MS,PB_10,ACACCAAGTCGGCACT-1,PB,-0.19642689951976092
MS,PB_10,ACACCGGAGGCATGTG-1,PB,-0.11382225042430903
MS,PB_10,ACACCGGAGGTAGCCA-1,PB,-0.29997119987097626
MS,PB_10,ACCGTAATCCAGTAGT-1,PB,0.680180460553227
MS,PB_10,ACGAGGACATGTCCTC-1,PB,0.48608567671138847
MS,PB_10,ACGATGTGTAGCCTCG-1,PB,0.07855475195819185
MS,PB_10,ACGCAGCGTTGGTGGA-1,PB,-0.18200464064882496
MS,PB_10,ACGCAGCTCGAGAGCA-1,PB,0.04903719711298725
MS,PB_10,ACGCCAGTCAGTCCCT-1,PB,-0.052802389011986625
MS,PB_10,ACGGGTCCACCACCAG-1,PB,0.48646573734338616
MS,PB_10,ACGTCAAGTGTGTGCC-1,PB,-0.1126301389051623
MS,PB_10,ACTGAACGTTCCGGCA-1,PB,-0.29997119987097626
MS,PB_10,ACTTTCAAGGTGCTAG-1,PB,0.7470422456416186
MS,PB_10,ACTTTCAAGGTGCTTT-1,PB,0.09763692193192815
MS,PB_10,AGATTGCAGACTGTAA-1,PB,-0.1285059354962579
MS,PB_10,AGCAGCCAGACGACGT-1,PB,-0.29997119987097626
MS,PB_10,AGCATACGTGTCGCTG-1,PB,0.41273833403403276
MS,PB_10,AGGGAGTGTCGAACAG-1,PB,-0.29997119987097626
MS,PB_10,AGGGATGAGACTGGGT-1,PB,-0.29997119987097626
MS,PB_10,AGGGATGTCAGAGGTG-1,PB,0.15007446537400354
MS,PB_10,AGGGTGATCGCAGGCT-1,PB,0.038646508929845634
MS,PB_10,AGGTCATGTGTCAATC-1,PB,0.3404100714833236
MS,PB_10,AGTAGTCGTTCATGGT-1,PB,-0.20763409669944186
MS,PB_10,AGTCTTTCACGGCTAC-1,PB,-0.29997119987097626
MS,PB_10,AGTGAGGTCTAACTCT-1,PB,0.24496093376958467
MS,PB_10,AGTGTCACAAGCCGTC-1,PB,-0.17724039472693312
MS,PB_10,ATAACGCGTAACGTTC-1,PB,0.32253684202282773
MS,PB_10,ATCATGGCAACTGCGC-1,PB,0.11886221116282107
MS,PB_10,ATCCACCAGGCTATCT-1,PB,-0.29997119987097626
MS,PB_10,ATCGAGTCAGCCTGTG-1,PB,-0.29997119987097626
MS,PB_10,ATCGAGTGTGACAAAT-1-1,PB,-0.29997119987097626
MS,PB_10,ATCTGCCCAAACAACA-1,PB,0.5913047516106776
MS,PB_10,ATGAGGGCAGGGCATA-1,PB,0.04462862692738662
MS,PB_10,ATGCGATGTGCCTGGT-1,PB,0.2977080349342754
MS,PB_10,ATGGGAGGTAGCTTGT-1,PB,-0.07831095859755029
MS,PB_10,ATTCTACGTGGTTTCA-1,PB,0.697916045556351
MS,PB_10,ATTGGTGAGGCTCTTA-1,PB,0.1222641615314858
MS,PB_10,ATTGGTGTCGTTACAG-1,PB,0.09380142164631286
MS,PB_10,CAACCTCGTAGCTGCC-1,PB,-0.10857941310057735
MS,PB_10,CAAGGCCAGTAGGCCA-1,PB,0.7187638611349231
MS,PB_10,CAAGGCCCACTTCTGC-1,PB,-0.03709800658462837
MS,PB_10,CACACCTGTTGTTTGG-1,PB,0.02122428855580519
MS,PB_10,CACAGTATCCGCGTTT-1,PB,-0.29997119987097626
MS,PB_10,CACCACTAGCGATGAC-1,PB,0.23032046439722062
MS,PB_10,CACCTTGTCGTATCAG-1,PB,-0.024031632544389735
MS,PB_10,CACTCCAAGGAGTTGC-1,PB,0.21405662042951223
MS,PB_10,CACTCCATCCTAGGGC-1,PB,0.8197688093751233
MS,PB_10,CAGAGAGAGTGTCTCA-1,PB,-0.29997119987097626
MS,PB_10,CAGCAGCGTTCAGCGC-1-1,PB,0.6652584841409445
MS,PB_10,CAGCAGCTCCGTAGTA-1,PB,0.32042951206188747
MS,PB_10,CAGCCGAGTCAGCTAT-1,PB,0.2760803221608331
MS,PB_10,CAGCTAAGTAGTACCT-1,PB,-0.29997119987097626
MS,PB_10,CAGGTGCTCGGTTAAC-1,PB,0.09658673133758806
MS,PB_10,CATCAAGCAATACGCT-1-1,PB,-0.06895946167841085
MS,PB_10,CATCAGAAGTCAAGGC-1,PB,0.24324039177400145
MS,PB_10,CATGCCTGTCAGATAA-1,PB,0.12757561855221547
MS,PB_10,CATTCGCGTGTTGAGG-1,PB,-0.029562758387148856
MS,PB_10,CCAATCCGTCCAGTGC-1,PB,-0.11904478416296434
MS,PB_10,CCACCTAGTCCGACGT-1,PB,0.05693867700100857
MS,PB_10,CCACCTAGTTTGGGCC-1,PB,-0.29997119987097626
MS,PB_10,CCCTCCTCAGTTCCCT-1,PB,0.16464460650998652
MS,PB_10,CCTAGCTGTGGTTTCA-1,PB,0.1321839419291082
MS,PB_10,CGACCTTGTCTCATCC-1,PB,-0.043456636012295644
MS,PB_10,CGACTTCGTCAACTGT-1,PB,-0.027426261270513907
MS,PB_10,CGATGGCCAAGCGCTC-1,PB,-0.18355911659777005
MS,PB_10,CGATGGCTCACTCCTG-1,PB,-0.09397104057686374
MS,PB_10,CGCTATCCAGTGAGTG-1,PB,0.23131481815400393
MS,PB_10,CGGACACTCCGCGGTA-1,PB,-0.10270018408828206
MS,PB_10,CGTCCATAGGTGCAAC-1,PB,0.4513785445755022
MS,PB_10,CGTGTCTGTGACGCCT-1,PB,0.1699802578168653
MS,PB_10,CGTTCTGGTCTAGCGC-1,PB,0.1637886334436672
MS,PB_10,CTAATGGTCTGATACG-1,PB,-0.12968589268498318
MS,PB_10,CTACACCCACCCAGTG-1,PB,0.1144344893894291
MS,PB_10,CTACGTCTCACGAAGG-1,PB,0.03305809936922789
MS,PB_10,CTAGAGTAGATAGCAT-1,PB,-0.11146760299018107
MS,PB_10,CTAGCCTCATGTCGAT-1,PB,-0.10010697460736837
MS,PB_10,CTCACACCACATGTGT-1,PB,0.19677732751419094
MS,PB_10,CTCAGAAGTACAGCAG-1,PB,-0.29997119987097626
MS,PB_10,CTCGAAAGTAGTACCT-1,PB,-0.004218169560880137
MS,PB_10,CTCTGGTAGTTTGCGT-1,PB,0.17204223287591516
MS,PB_10,CTGATCCCAAGCCATT-1,PB,0.013675941629855002
MS,PB_10,GAAATGATCACGCGGT-1,PB,0.5518564398186322
MS,PB_10,GAACCTAAGCACACAG-1,PB,-0.29997119987097626
MS,PB_10,GAACCTATCCCAGGTG-1,PB,-0.29997119987097626
MS,PB_10,GAATAAGTCGTGGACC-1,PB,-0.29997119987097626
MS,PB_10,GACCTGGCAAGACGTG-1,PB,-0.2022085266326879
MS,PB_10,GACGTGCAGTGAACGC-1,PB,0.42781947228565925
MS,PB_10,GACGTTAAGCGTCAAG-1,PB,0.022076921471175587
MS,PB_10,GATCGATAGCGTCAAG-1,PB,0.3870899125548207
MS,PB_10,GATTCAGGTAAAGTCA-1,PB,0.17673725132080612
MS,PB_10,GCAAACTCAAGTCTGT-1,PB,0.41402678665876425
MS,PB_10,GCAATCACAGAAGCAC-1,PB,0.17132452312362384
MS,PB_10,GCAGCCAAGGATGGAA-1,PB,0.18088879017030957
MS,PB_10,GCATGATCATCCCACT-1,PB,0.3366167937787902
MS,PB_10,GCGACCAAGGCCGAAT-1,PB,-0.29997119987097626
MS,PB_10,GCGAGAAGTTATCACG-1,PB,-0.21485099252562453
MS,PB_10,GCGAGAATCATGCTCC-1,PB,-0.29997119987097626
MS,PB_10,GCGCAGTAGCTGTCTA-1,PB,0.3306653957112609
MS,PB_10,GCGCAGTTCAACTCTT-1,PB,-0.13786485357836328
MS,PB_10,GCTGCAGGTCCGAATT-1,PB,-0.29997119987097626
MS,PB_10,GCTGCAGGTCTCCCTA-1,PB,0.3890292018159026
MS,PB_10,GCTGCGAGTCAGAATA-1,PB,0.061000170865821
MS,PB_10,GCTTCCAAGATGCGAC-1,PB,0.25319842311356305
MS,PB_10,GCTTGAATCGTCACGG-1,PB,0.1103161752101763
MS,PB_10,GGCTCGACAACCGCCA-1,PB,0.5593415323565093
MS,PB_10,GGGAATGCACGTCAGC-1,PB,-0.17155816753199665
MS,PB_10,GGGAGATCATAGGATA-1,PB,0.27831876981071785
MS,PB_10,GGGCACTCAAGTAGTA-1,PB,0.5680510542215941
MS,PB_10,GGGCATCAGTGTCCCG-1,PB,-0.041924048994475875
MS,PB_10,GGGTTGCAGAAGGGTA-1,PB,0.14159711545216294
MS,PB_10,GGTGCGTAGCTGCAAG-1,PB,0.18024057224301307
MS,PB_10,GTAACGTAGCTGTCTA-1,PB,-0.20835408912063236
MS,PB_10,GTAACTGGTTTAAGCC-1,PB,-0.19728467745886244
MS,PB_10,GTCCTCACAAGGACTG-1,PB,-0.05811310810657488
MS,PB_10,GTCGTAACACAAGCCC-1,PB,-0.16629580859105067
MS,PB_10,GTCTCGTGTATTACCG-1,PB,0.21634922365420542
MS,PB_10,GTGCAGCAGGCAAAGA-1,PB,0.06917309984050252
MS,PB_10,GTGTTAGTCTAACCGA-1,PB,0.4739614245281793
MS,PB_10,GTTACAGAGCTGCGAA-1,PB,0.7506453428666092
MS,PB_10,GTTCATTCACGGCTAC-1,PB,-0.29997119987097626
MS,PB_10,GTTCTCGAGCGCTTAT-1,PB,-0.026194195329599313
MS,PB_10,GTTCTCGCATGGTAGG-1,PB,-0.16641202714862577
MS,PB_10,GTTTCTAGTCGTTGTA-1,PB,-0.29997119987097626
MS,PB_10,TAAGAGAAGGAGTTGC-1,PB,-0.29997119987097626
MS,PB_10,TACCTATAGATGTCGG-1,PB,-0.16517453860470038
MS,PB_10,TACGGGCTCTGCGTAA-1,PB,0.08836206015812229
MS,PB_10,TAGCCGGTCTTCCTTC-1,PB,0.1791956323207497
MS,PB_10,TAGGCATAGGCATTGG-1,PB,-0.29997119987097626
MS,PB_10,TATCAGGTCTCCGGTT-1,PB,0.7101961837282375
MS,PB_10,TATGCCCAGTGGACGT-1,PB,0.12433422106898175
MS,PB_10,TATTACCGTTAAGACA-1,PB,1.4311011069730368
MS,PB_10,TCAACGAGTAAGAGAG-1,PB,0.21274003184491835
MS,PB_10,TCACGAAGTTGCCTCT-1,PB,0.14853361009651675
MS,PB_10,TCAGATGAGGGATGGG-1,PB,-0.2049888406648539
MS,PB_10,TCAGCTCAGGTGATAT-1,PB,-0.29997119987097626
MS,PB_10,TCATTACGTCTCTTTA-1,PB,0.0031653617395658146
MS,PB_10,TCGAGGCAGCGTTCCG-1,PB,0.8348015287152812
MS,PB_10,TCGGTAACAATGTTGC-1,PB,0.18255732980315648
MS,PB_10,TCTCATACAATCCGAT-1,PB,-0.15234467087368928
MS,PB_10,TCTCATAGTGAGGGAG-1,PB,0.04528263472138333
MS,PB_10,TGACAACCACGGACAA-1,PB,-0.054708379655866876
MS,PB_10,TGACTAGAGTTAAGTG-1,PB,-0.29997119987097626
MS,PB_10,TGACTAGCAGATCTGT-1,PB,0.16014599109779631
MS,PB_10,TGATTTCAGACAAAGG-1,PB,0.2894049444878714
MS,PB_10,TGATTTCTCAACGGGA-1,PB,0.16577148262903693
MS,PB_10,TGGACGCTCTCACATT-1,PB,-0.10485983805461209
MS,PB_10,TGGCGCATCAGCGATT-1,PB,0.2829153936820363
MS,PB_10,TGGCTGGAGAGGTACC-1,PB,0.023443437036353813
MS,PB_10,TGGGCGTTCTGCTTGC-1,PB,0.09002384977464852
MS,PB_10,TGGTTAGAGAATTGTG-1,PB,0.4938515119112612
MS,PB_10,TGGTTAGAGTGTTGAA-1,PB,0.6605612857411396
MS,PB_10,TGGTTAGCAAAGGTGC-1,PB,0.1172612189174324
MS,PB_10,TGTATTCAGGGATACC-1,PB,-0.038449967254819736
MS,PB_10,TTAACTCTCCTGTACC-1,PB,-0.09044945048475077
MS,PB_10,TTAGGACAGGTGATTA-1,PB,-0.29997119987097626
MS,PB_10,TTAGGCATCGTAGGAG-1,PB,0.6048704217939757
MS,PB_10,TTCGGTCCAAGGTTCT-1,PB,0.32753980027447893
MS,PB_10,TTCTCAAGTCCGAGTC-1,PB,-0.11710662253622232
MS,PB_10,TTCTCCTCACAGGAGT-1,PB,1.0251236273943927
MS,PB_10,TTCTCCTTCCTGCAGG-1,PB,-0.29997119987097626
MS,PB_10,TTCTTAGAGGCATGGT-1,PB,-0.24914493548968217
MS,PB_10,TTGGAACTCATCACCC-1,PB,-0.29997119987097626
MS,PB_10,TTGGCAAGTCTAGCGC-1,PB,0.5061302212043337
MS,PB_10,TTTATGCAGGGAAACA-1,PB,0.5967338075294759
MS,PB_10,TTTATGCGTATCGCAT-1,PB,-0.29997119987097626
MS,PB_10,TTTCCTCGTAAGAGGA-1,PB,0.1756388974568543
MS,PB_10,TTTGCGCCAAACTGCT-1,PB,0.4609638789145477
MS,PB_10,TTTGCGCTCTTGTTTG-1,PB,-0.12614726635874687
MS,PB_16,AAACCTGTCTTCAACT-1,PB,0.16623443851546438
MS,PB_16,AAACGGGGTTCATGGT-1,PB,0.888773474213296
MS,PB_16,AAAGCAATCCGGCACA-1,PB,0.5883497198484688
MS,PB_16,AAAGTAGAGCTGAAAT-1,PB,0.010536421648949032
MS,PB_16,AAAGTAGTCTATCCTA-1,PB,0.023626460694913143
MS,PB_16,AACCGCGAGCGCCTTG-1,PB,-0.18476723405403075
MS,PB_16,AACCGCGTCGAGGTAG-1,PB,0.16498845205140497
MS,PB_16,AACGTTGGTGGTCCGT-1,PB,0.25431285658748354
MS,PB_16,AACTCAGCACCTTGTC-1,PB,0.20056082525097235
MS,PB_16,AAGACCTGTTACCAGT-1,PB,0.4546748276676869
MS,PB_16,AAGGAGCTCTTGGGTA-1-1,PB,0.728842647755254
MS,PB_16,AAGGCAGGTAAACGCG-1,PB,0.33623597760878726
MS,PB_16,AAGGTTCCACCCATGG-1,PB,0.033683555780637045
MS,PB_16,AAGTCTGCACTATCTT-1,PB,0.038534954190870226
MS,PB_16,AATCCAGGTTCGCTAA-1,PB,0.22021558324496035
MS,PB_16,AATCGGTTCTTGAGAC-1,PB,0.11719468391654196
MS,PB_16,ACACCAAGTCGAGTTT-1,PB,0.0888292137446962
MS,PB_16,ACACCAAGTTCCATGA-1,PB,0.10153919000409117
MS,PB_16,ACACCGGAGTGCGATG-1,PB,0.3034533093058472
MS,PB_16,ACACCGGCAAAGCAAT-1,PB,0.22791132397671737
MS,PB_16,ACACCGGCATCCGTGG-1,PB,0.5410378579231929
MS,PB_16,ACACTGAGTAAGTGTA-1,PB,0.12536302313198622
MS,PB_16,ACAGCCGTCGCGGATC-1,PB,0.49382778811190925
MS,PB_16,ACAGCTATCTTCGGTC-1,PB,0.31045005587433966
MS,PB_16,ACATACGAGAAACCTA-1,PB,-0.09200770244631727
MS,PB_16,ACATCAGGTTATGCGT-1,PB,0.2211349166513344
MS,PB_16,ACATGGTGTAAAGTCA-1,PB,1.3770108415212259
MS,PB_16,ACATGGTGTTTAAGCC-1,PB,0.42376787851628445
MS,PB_16,ACCTTTAAGAGTAATC-1,PB,0.035243913240248455
MS,PB_16,ACCTTTAAGTCAAGCG-1,PB,0.28985522850820816
MS,PB_16,ACCTTTAGTAGCTGCC-1,PB,0.7920422400597907
MS,PB_16,ACGAGCCCAATCAGAA-1,PB,0.5535296619679559
MS,PB_16,ACGAGCCTCACTATTC-1,PB,-0.17817283885798973
MS,PB_16,ACGATGTTCGCAGGCT-1,PB,0.08880731258150339
MS,PB_16,ACGCAGCAGCTGATAA-1,PB,0.7812566749058382
MS,PB_16,ACGCCAGAGATGTGGC-1,PB,0.028778405756687348
MS,PB_16,ACGCCAGTCGACGGAA-1,PB,0.41824772636834606
MS,PB_16,ACGCCGAAGCTAGTGG-1,PB,0.9532672748134853
MS,PB_16,ACGCCGATCTTGAGGT-1,PB,0.12230275391863972
MS,PB_16,ACGGAGAAGATGCGAC-1,PB,0.2843704206416357
MS,PB_16,ACGGAGATCAGGCAAG-1,PB,-0.09290436264088224
MS,PB_16,ACGGCCACACCGAAAG-1,PB,-0.008226964357315814
MS,PB_16,ACGTCAATCTTCGGTC-1,PB,0.55857701255892
MS,PB_16,ACTATCTAGAATTGTG-1,PB,-0.058119948370518607
MS,PB_16,ACTGAACCACAGAGGT-1,PB,-0.08337253666563316
MS,PB_16,ACTGATGGTCTGCAAT-1,PB,0.3222903533312283
MS,PB_16,ACTTGTTGTTATGCGT-1,PB,0.00720248248397131
MS,PB_16,ACTTTCATCAGCACAT-1,PB,0.518280658914608
MS,PB_16,AGAATAGAGTACTTGC-1,PB,-0.027496356088341053
MS,PB_16,AGAATAGCATCACGAT-1,PB,0.1891567617014937
MS,PB_16,AGAATAGGTACGCTGC-1,PB,1.2160721763874573
MS,PB_16,AGAGCGACACTGTGTA-1,PB,-0.18885675667306695
MS,PB_16,AGAGCGAGTTCGGGCT-1,PB,-0.09682173484862647
MS,PB_16,AGAGCGATCTCGGACG-1,PB,-0.16926519574840174
MS,PB_16,AGAGCTTTCTTCAACT-1,PB,-0.0890006511533615
MS,PB_16,AGATCTGAGAAAGTGG-1,PB,-0.20686213183284458
MS,PB_16,AGCATACAGGGTATCG-1,PB,-0.29997119987097626
MS,PB_16,AGCATACGTTCCCGAG-1,PB,0.2982218371339963
MS,PB_16,AGCATACTCTTGAGAC-1,PB,0.20818195392919928
MS,PB_16,AGCCTAACAGTATGCT-1,PB,0.7416533451853097
MS,PB_16,AGCCTAACATCTCCCA-1,PB,0.41859756020152833
MS,PB_16,AGCGGTCCATGGATGG-1,PB,0.02873980353329299
MS,PB_16,AGCGGTCGTCTTCAAG-1,PB,0.8322536800395935
MS,PB_16,AGCGGTCGTGTGCCTG-1-1,PB,-0.14359747152768282
MS,PB_16,AGCGTATGTCGAGATG-1,PB,0.7077419161628511
MS,PB_16,AGCGTATTCAACGCTA-1,PB,0.16964673571030175
MS,PB_16,AGCTCTCGTGACGCCT-1,PB,-0.18470673383275177
MS,PB_16,AGGCCACTCGATCCCT-1,PB,-0.027954170387575517
MS,PB_16,AGGGATGTCTGTACGA-1,PB,0.5090382219848967
MS,PB_16,AGGGTGATCAAACCGT-1,PB,-0.07314228668637547
MS,PB_16,AGGTCCGCAAGCCTAT-1,PB,0.29962649419616344
MS,PB_16,AGTAGTCGTTACGGAG-1,PB,-0.07360571469372566
MS,PB_16,AGTCTTTAGAGCTATA-1,PB,0.8287477205687411
MS,PB_16,AGTGAGGGTACCTACA-1,PB,-0.05377208781480418
MS,PB_16,AGTGGGAAGTCAATAG-1,PB,0.8377990933428768
MS,PB_16,AGTGGGAGTGGCTCCA-1,PB,0.34465039296272576
MS,PB_16,AGTGTCAAGGAATCGC-1,PB,0.35623189159823004
MS,PB_16,AGTGTCAAGTTAAGTG-1,PB,0.7448311554900439
MS,PB_16,AGTGTCAGTTCTGTTT-1,PB,0.2721481308082513
MS,PB_16,AGTGTCAGTTGCCTCT-1,PB,0.22550653706693366
MS,PB_16,ATAAGAGAGATCTGAA-1,PB,0.26582063168362574
MS,PB_16,ATAAGAGTCAGGCCCA-1,PB,0.19570537792166537
MS,PB_16,ATAGACCTCCGCGTTT-1,PB,0.7196097535518281
MS,PB_16,ATAGACCTCTCGCATC-1,PB,1.030918606221056
MS,PB_16,ATCCACCCATCTGGTA-1,PB,0.6067983096705386
MS,PB_16,ATCCACCGTTCACGGC-1,PB,0.08720033470068864
MS,PB_16,ATCCGAAGTACGCTGC-1,PB,0.5889225160757163
MS,PB_16,ATCCGAATCAGAAATG-1,PB,0.31533329561691315
MS,PB_16,ATCTGCCGTAAGCACG-1,PB,-0.16485482673563157
MS,PB_16,ATTATCCCATTGTGCA-1,PB,0.43975943620457325
MS,PB_16,ATTCTACAGGAATCGC-1,PB,0.8300970442616956
MS,PB_16,ATTCTACGTAAGGGAA-1,PB,0.5111636903548494
MS,PB_16,ATTGGTGAGACCACGA-1,PB,-0.29997119987097626
MS,PB_16,CAACCAACAGATCCAT-1,PB,-0.29997119987097626
MS,PB_16,CAACCAACAGTATCTG-1,PB,0.127687085715529
MS,PB_16,CAACCTCAGTGACATA-1,PB,1.1042763385926337
MS,PB_16,CAACCTCCATCTACGA-1,PB,-0.09510729026572175
MS,PB_16,CAACTAGCAGGCTCAC-1,PB,0.026027499168127417
MS,PB_16,CAACTAGGTCATTAGC-1-1,PB,0.16205231378915444
MS,PB_16,CAAGAAAAGCTAGTGG-1,PB,0.9229296187011291
MS,PB_16,CAAGATCAGTATTGGA-1,PB,0.22817636583497874
MS,PB_16,CAAGGCCGTCTCACCT-1,PB,0.10582933030842863
MS,PB_16,CAAGTTGCAAGGCTCC-1,PB,0.4781511073999913
MS,PB_16,CACAAACGTGTCGCTG-1,PB,0.783319987259748
MS,PB_16,CACACAAAGAGGTTGC-1,PB,0.5570663957838339
MS,PB_16,CACAGGCAGGGTCTCC-1,PB,-0.12548649967638323
MS,PB_16,CACATTTAGACTTTCG-1-1,PB,0.14476380759334498
MS,PB_16,CACCACTCAGGTGGAT-1,PB,0.03418159128351688
MS,PB_16,CACCACTTCTAGAGTC-1-1,PB,0.03026399740675643
MS,PB_16,CACCAGGAGACAAAGG-1,PB,0.4169873425781808
MS,PB_16,CACCAGGGTGGTCCGT-1,PB,0.33967704220071876
MS,PB_16,CACTCCAGTTAAAGAC-1,PB,0.036788371305750175
MS,PB_16,CAGAATCGTTACGTCA-1,PB,1.0176068699212673
MS,PB_16,CAGATCAAGACTGGGT-1,PB,0.49640020428992765
MS,PB_16,CAGCAGCCAATGTTGC-1,PB,0.8238529147611698
MS,PB_16,CAGCAGCGTATTCTCT-1,PB,0.1416271836740287
MS,PB_16,CAGCAGCTCTTTAGGG-1,PB,1.093892108719872
MS,PB_16,CAGCATAAGCCCAACC-1,PB,-0.05150795585633542
MS,PB_16,CAGCATAGTTCTCATT-1,PB,0.26111073250886185
MS,PB_16,CAGCATATCCCTAATT-1,PB,0.6291666210702535
MS,PB_16,CATCAGAAGAGGACGG-1,PB,-0.09536504184497463
MS,PB_16,CATCAGACAGATGAGC-1,PB,0.345070171393239
MS,PB_16,CATCAGACATCCTTGC-1,PB,0.13774981714976126
MS,PB_16,CATTATCAGCAGCCTC-1,PB,-0.17735348396271786
MS,PB_16,CATTATCCAGTCCTTC-1,PB,0.6808098637479869
MS,PB_16,CATTCGCTCCGTCAAA-1,PB,0.0467446177080631
MS,PB_16,CATTCGCTCGCGATCG-1,PB,-0.29997119987097626
MS,PB_16,CCAATCCCACGGACAA-1,PB,0.19912679298073646
MS,PB_16,CCACCTAGTCGACTAT-1,PB,0.49423659534852776
MS,PB_16,CCAGCGACATCGGGTC-1,PB,0.7493146608949471
MS,PB_16,CCATTCGGTGAACCTT-1,PB,0.5652271751629202
MS,PB_16,CCATTCGTCGTGGACC-1,PB,0.04031136281078967
MS,PB_16,CCCTCCTAGACCCACC-1,PB,0.5850305452139632
MS,PB_16,CCGTGGAGTTCAACCA-1,PB,-0.06546214909834137
MS,PB_16,CCTAAAGGTCTGCCAG-1,PB,-0.20591180354430083
MS,PB_16,CCTACACCACCTCGTT-1,PB,-0.01276079320149946
MS,PB_16,CCTACACGTTATCCGA-1,PB,0.836549685292102
MS,PB_16,CCTACACTCATAACCG-1,PB,0.2268235675660715
MS,PB_16,CCTACCAAGGAGCGTT-1,PB,-0.012296342464571024
MS,PB_16,CCTATTAAGTTCGCAT-1,PB,-0.12052055717520713
MS,PB_16,CCTATTAGTTTAGGAA-1,PB,0.37238216656853906
MS,PB_16,CCTCTGAAGCTAGTCT-1,PB,0.12315061217052332
MS,PB_16,CCTCTGATCCCTTGCA-1,PB,1.0147491387665921
MS,PB_16,CCTTCCCAGAGCAATT-1-1,PB,0.31721312431958143
MS,PB_16,CCTTCCCAGGCACATG-1,PB,-0.021392242049123524
MS,PB_16,CCTTTCTCACACAGAG-1,PB,0.15980557101552464
MS,PB_16,CCTTTCTGTGAGCGAT-1,PB,0.2599648301591811
MS,PB_16,CGAACATGTACTCTCC-1,PB,-0.12868746545615886
MS,PB_16,CGAATGTCAAATCCGT-1,PB,1.0508129920864202
MS,PB_16,CGACCTTAGTCATGCT-1,PB,0.41508084751726493
MS,PB_16,CGACCTTTCCGAGCCA-1,PB,-0.07977190966427175
MS,PB_16,CGACTTCAGATCCGAG-1,PB,0.7368988393463922
MS,PB_16,CGAGCCAGTCATGCCG-1,PB,-0.01849090352728541
MS,PB_16,CGATGTAAGCATCATC-1,PB,0.5588051199112473
MS,PB_16,CGATGTACATTCCTGC-1,PB,0.4266949402124189
MS,PB_16,CGATGTATCGTACGGC-1,PB,0.0657557146351216
MS,PB_16,CGATTGAAGGCTCTTA-1,PB,0.3761218908654375
MS,PB_16,CGCCAAGAGATCCCGC-1,PB,1.0592114379499502
MS,PB_16,CGCCAAGAGGTGTGGT-1,PB,0.14621594966352514
MS,PB_16,CGCCAAGCAGACGCCT-1,PB,0.5226429401605366
MS,PB_16,CGCGGTAGTTGACGTT-1,PB,0.25616440760313536
MS,PB_16,CGCGTTTGTCTTGTCC-1,PB,0.6135908910579152
MS,PB_16,CGCGTTTTCATGTGGT-1,PB,0.3473029041053849
MS,PB_16,CGCTATCCAATGGAAT-1-1,PB,0.6562270681360938
MS,PB_16,CGCTATCGTTCCACGG-1,PB,-0.29997119987097626
MS,PB_16,CGCTGGAGTATTCGTG-1,PB,0.2737177120050477
MS,PB_16,CGCTGGATCATTGCCC-1,PB,0.13871147079958218
MS,PB_16,CGCTTCACAATCGGTT-1,PB,-0.0869472016365601
MS,PB_16,CGCTTCATCATTTGGG-1,PB,0.10025038469310672
MS,PB_16,CGGACACGTCCCTACT-1,PB,0.20024591135558475
MS,PB_16,CGGACGTGTTGCGTTA-1,PB,-0.29997119987097626
MS,PB_16,CGGAGCTGTTATCCGA-1,PB,-0.03473279969047462
MS,PB_16,CGGCTAGAGACCGGAT-1,PB,0.13819433953360577
MS,PB_16,CGGCTAGGTTCCGGCA-1,PB,0.32386932834299126
MS,PB_16,CGGGTCAAGGGAGTAA-1,PB,0.4134721783604592
MS,PB_16,CGGGTCACACCTCGTT-1,PB,0.8086498538370099
MS,PB_16,CGGGTCAGTTGGTAAA-1,PB,0.39096116790932295
MS,PB_16,CGGTTAAGTCCCGACA-1,PB,0.002388115893087152
MS,PB_16,CGTAGGCCATTAGCCA-1,PB,0.2539525779653876
MS,PB_16,CGTAGGCGTACTTGAC-1,PB,0.023582994603087944
MS,PB_16,CGTCCATAGGAGTACC-1,PB,0.4945315434967661
MS,PB_16,CGTGAGCAGTGCTGCC-1,PB,0.03356400607520766
MS,PB_16,CGTGAGCCACTCAGGC-1,PB,0.7621638149427525
MS,PB_16,CGTTAGACAAGCGCTC-1,PB,0.7029227306366473
MS,PB_16,CGTTAGATCTACTATC-1,PB,0.6645856897078265
MS,PB_16,CGTTAGATCTTATCTG-1,PB,0.6357545516982308
MS,PB_16,CGTTGGGTCGCTAGCG-1,PB,-0.29997119987097626
MS,PB_16,CTAACTTAGATGTCGG-1,PB,-0.09320933786843251
MS,PB_16,CTACCCAAGCCAGTTT-1,PB,-0.29997119987097626
MS,PB_16,CTAGAGTAGTACATGA-1,PB,-0.12733215528997116
MS,PB_16,CTAGCCTAGAAGATTC-1,PB,-0.29997119987097626
MS,PB_16,CTAGTGAAGCTAGCCC-1,PB,-0.13067292044212667
MS,PB_16,CTAGTGAGTAGGCTGA-1,PB,0.45947615146001636
MS,PB_16,CTAGTGATCCTTGCCA-1,PB,0.4648559544150724
MS,PB_16,CTCACACCAAGCCTAT-1,PB,-0.04966023615250338
MS,PB_16,CTCACACTCGGTTAAC-1,PB,0.35770106811599234
MS,PB_16,CTCAGAAAGAGACGAA-1-1,PB,0.7692796129529071
MS,PB_16,CTCGAGGAGCGCCTTG-1,PB,-0.10701445330990482
MS,PB_16,CTCGAGGCATCCGGGT-1,PB,0.24801040499770519
MS,PB_16,CTCGTCAAGGACACCA-1,PB,0.13905040033785712
MS,PB_16,CTCGTCACATTGCGGC-1,PB,-0.03385982537559261
MS,PB_16,CTGAAACAGTGTCCCG-1,PB,-0.04453635899508208
MS,PB_16,CTGAAGTCAATGAAAC-1,PB,-0.29997119987097626
MS,PB_16,CTGATAGGTATTCTCT-1,PB,0.02536592478545095
MS,PB_16,CTGCGGACATGCTGGC-1,PB,0.04941602359805868
MS,PB_16,CTGCTGTCACAACTGT-1,PB,0.2626081024745585
MS,PB_16,CTGGTCTCATGAAGTA-1,PB,0.512060630851964
MS,PB_16,CTTACCGCAAGACGTG-1,PB,-0.010999900944014897
MS,PB_16,CTTAGGAAGAATCTCC-1,PB,0.2191682489502827
MS,PB_16,CTTAGGAAGGGAAACA-1,PB,0.417565212113761
MS,PB_16,CTTGGCTCAACTGCGC-1,PB,-0.0738559041036472
MS,PB_16,CTTTGCGCAAGGGTCA-1,PB,0.39190997553785173
MS,PB_16,GAACATCTCCGCATCT-1,PB,0.7642464451154655
MS,PB_16,GAACGGAAGACAGACC-1,PB,0.17859751367586818
MS,PB_16,GAACGGACAGGCGATA-1,PB,1.0352187823473842
MS,PB_16,GAAGCAGAGTAACCCT-1,PB,-0.1896785698203727
MS,PB_16,GAAGCAGTCACTTCAT-1,PB,-0.1096138457739213
MS,PB_16,GAAGCAGTCGCGCCAA-1,PB,0.014849251860240473
MS,PB_16,GAATAAGCATCGGAAG-1,PB,0.8410676082590098
MS,PB_16,GAATAAGGTTGAGGTG-1,PB,-0.06493512910732804
MS,PB_16,GACACGCTCCTCAACC-1,PB,0.10975280361947758
MS,PB_16,GACAGAGCAAGCGTAG-1,PB,0.12344165803708639
MS,PB_16,GACAGAGGTTTCCACC-1,PB,0.6061589615359273
MS,PB_16,GACAGAGTCCGTTGTC-1,PB,0.43527585578431255
MS,PB_16,GACCAATAGTGGCACA-1,PB,-0.29997119987097626
MS,PB_16,GACCTGGCACATTAGC-1,PB,0.4956218358733941
MS,PB_16,GACGCGTCAGTCGTGC-1,PB,0.27333840673061355
MS,PB_16,GACGGCTAGGAGTACC-1,PB,0.3378358242360418
MS,PB_16,GACGGCTAGTACATGA-1,PB,0.5361327287801343
MS,PB_16,GACGGCTCACAGATTC-1-1,PB,0.05033475737605321
MS,PB_16,GACGGCTTCACCTTAT-1,PB,-0.10832467704535571
MS,PB_16,GACGGCTTCCGTAGGC-1,PB,0.7183034011987477
MS,PB_16,GACGTGCAGTCACGCC-1,PB,0.10934950947459213
MS,PB_16,GACTACACATGGTCAT-1,PB,0.1840083787296534
MS,PB_16,GAGGTGATCGCCATAA-1-1,PB,0.16387303388334915
MS,PB_16,GATCAGTTCTTCAACT-1,PB,-0.15389316338325795
MS,PB_16,GATCGCGAGCGTTTAC-1,PB,-0.03746344702086352
MS,PB_16,GATCGTAAGAGTAATC-1,PB,0.020723495017453346
MS,PB_16,GATGAAATCTACCTGC-1,PB,-0.0740890934008801
MS,PB_16,GATGAGGCAAACTGCT-1,PB,0.7296073915878833
MS,PB_16,GATGCTAGTTCCGGCA-1,PB,0.03273809674278353
MS,PB_16,GATTCAGTCAGCGACC-1,PB,0.42888423521782115
MS,PB_16,GCAGCCAGTCTCTCGT-1,PB,-0.04786610390958871
MS,PB_16,GCAGCCATCCGTCAAA-1,PB,-0.22659341507435565
MS,PB_16,GCAGTTAAGTTGAGTA-1,PB,0.2709220560324312
MS,PB_16,GCAGTTATCAAACGGG-1,PB,0.3685671032130468
MS,PB_16,GCATACAAGAGGTACC-1,PB,0.16313498020842138
MS,PB_16,GCATACACAGTATGCT-1,PB,0.425976386523564
MS,PB_16,GCATGCGTCAACACAC-1,PB,0.8118218703970762
MS,PB_16,GCATGTACAGCTGTGC-1,PB,0.5862544452029184
MS,PB_16,GCATGTAGTCCCGACA-1,PB,-0.13021633265126212
MS,PB_16,GCCAAATAGGTCATCT-1,PB,0.2220043783098998
MS,PB_16,GCCTCTATCATACGGT-1,PB,-0.122229630369037
MS,PB_16,GCGACCAAGAAGAAGC-1,PB,-0.08432019221777634
MS,PB_16,GCGAGAAAGCAGGTCA-1-1,PB,0.4738647820463012
MS,PB_16,GCGAGAATCAGATAAG-1,PB,0.14926040281255082
MS,PB_16,GCGCGATAGGGAAACA-1,PB,0.0009147160165870313
MS,PB_16,GCGCGATGTTCATGGT-1,PB,0.36495815454925534
MS,PB_16,GCGGGTTAGGATCGCA-1,PB,-0.2180002564171391
MS,PB_16,GCTCCTACAAATCCGT-1,PB,-0.11478554791174626
MS,PB_16,GCTGCAGCATGAACCT-1,PB,0.4727010731498182
MS,PB_16,GCTGCGAAGGTAGCCA-1-1,PB,1.0951297226226033
MS,PB_16,GCTGCTTGTAAAGGAG-1,PB,0.11483609907612131
MS,PB_16,GCTTCCAAGCTTCGCG-1,PB,0.5963151281131667
MS,PB_16,GGAAAGCCATCACCCT-1,PB,-0.001416839199065085
MS,PB_16,GGAATAACAGGAACGT-1,PB,-0.13465898646742466
MS,PB_16,GGACGTCTCCTATTCA-1,PB,0.6336021739741708
MS,PB_16,GGAGCAATCGTAGGAG-1,PB,-0.004193381485072819
MS,PB_16,GGATGTTTCACGATGT-1,PB,0.39602125407999367
MS,PB_16,GGATTACGTTGATTGC-1,PB,0.5490196330528819
MS,PB_16,GGCAATTCAATCCGAT-1,PB,0.5393579235535059
MS,PB_16,GGCCGATAGAAACCTA-1,PB,0.009301889988231163
MS,PB_16,GGCCGATGTCGAATCT-1,PB,0.06835551311373915
MS,PB_16,GGCCGATTCGCACTCT-1,PB,-0.09626135312615446
MS,PB_16,GGCGACTAGGAGTACC-1,PB,0.6245058029720957
MS,PB_16,GGCGACTTCGAACTGT-1,PB,1.0724668789770448
MS,PB_16,GGCTCGAAGGAGCGAG-1,PB,0.4568677434836981
MS,PB_16,GGGAATGTCGGATGGA-1,PB,-0.00344075118822237
MS,PB_16,GGGATGACACAGTCGC-1,PB,0.5423529642144791
MS,PB_16,GGGCATCAGAATGTGT-1,PB,0.2430145609529151
MS,PB_16,GGGCATCAGAGGTAGA-1,PB,0.7630603155252056
MS,PB_16,GGGTTGCTCAGTACGT-1,PB,0.7720931182130331
MS,PB_16,GGTATTGGTCAATACC-1,PB,0.8250053424773676
MS,PB_16,GGTATTGTCAGGATCT-1,PB,-0.08431524276571611
MS,PB_16,GGTGAAGAGAAGAAGC-1,PB,-0.08675903724472914
MS,PB_16,GGTGTTAAGAGGTTGC-1,PB,-0.29997119987097626
MS,PB_16,GGTGTTAAGCTCTCGG-1,PB,1.3107776705478769
MS,PB_16,GGTGTTAAGTAACCCT-1,PB,-0.29997119987097626
MS,PB_16,GGTGTTATCTGCGGCA-1,PB,1.280560778053537
MS,PB_16,GTAACGTAGCTACCTA-1,PB,0.6158353953603958
MS,PB_16,GTAACGTAGGCCCGTT-1,PB,-0.07324708199340887
MS,PB_16,GTAACGTGTCGAGATG-1,PB,-0.048227089379406965
MS,PB_16,GTAACGTTCTGACCTC-1,PB,1.2273084115496324
MS,PB_16,GTACGTAAGTACATGA-1,PB,-0.29997119987097626
MS,PB_16,GTACTCCTCGTTGCCT-1-1,PB,0.28397811989427896
MS,PB_16,GTAGTCATCTTCATGT-1,PB,0.2141964314449143
MS,PB_16,GTATCTTAGCACCGCT-1,PB,0.34904974413035206
MS,PB_16,GTATCTTTCTTCTGGC-1,PB,0.041833668702493866
MS,PB_16,GTATTCTCAGGTCTCG-1-1,PB,0.45059781262082865
MS,PB_16,GTATTCTTCAGCACAT-1,PB,0.5628725558881336
MS,PB_16,GTATTCTTCGTGTAGT-1,PB,0.03374821420716053
MS,PB_16,GTCAAGTAGCTCCCAG-1,PB,-0.00852115683168472
MS,PB_16,GTCACGGGTCCTCCAT-1,PB,0.1690318206203467
MS,PB_16,GTCCTCACAAGCGAGT-1,PB,0.8125762474740209
MS,PB_16,GTCTCGTTCTGCAAGT-1,PB,0.17750829546228641
MS,PB_16,GTCTTCGAGGGATCTG-1,PB,0.20285708562601742
MS,PB_16,GTGCAGCGTACCGCTG-1,PB,0.4428780686139547
MS,PB_16,GTGCATAAGAACAACT-1,PB,-0.009105146063248368
MS,PB_16,GTGCATATCCTACAGA-1,PB,0.19902118703696256
MS,PB_16,GTGCTTCCAAGCGCTC-1,PB,0.45099998909093936
MS,PB_16,GTGTTAGAGGCACATG-1,PB,0.021353100107270467
MS,PB_16,GTGTTAGCACGTAAGG-1,PB,0.3516727442209174
MS,PB_16,GTGTTAGGTCGTTGTA-1,PB,-0.29997119987097626
MS,PB_16,GTTAAGCAGGCTAGGT-1,PB,0.7272304833887098
MS,PB_16,GTTAAGCCAGCTCGAC-1,PB,0.04756969837086755
MS,PB_16,GTTACAGAGCCAACAG-1,PB,0.19115324886252952
MS,PB_16,GTTCATTCATGGTTGT-1,PB,-0.11656824431062707
MS,PB_16,GTTCGGGAGGACACCA-1,PB,0.30424033283583024
MS,PB_16,GTTCGGGAGGCATGTG-1,PB,0.4340976648605256
MS,PB_16,GTTCTCGCAGCAGTTT-1,PB,-0.16113626017723748
MS,PB_16,GTTCTCGTCGCCGTGA-1,PB,0.10572828877111405
MS,PB_16,TAAGCGTAGTGCCAGA-1,PB,0.48262060457946887
MS,PB_16,TAAGCGTCACCGCTAG-1,PB,0.05547805606606039
MS,PB_16,TACACGACACTGAAGG-1,PB,0.5378306243483567
MS,PB_16,TACAGTGGTAAATGTG-1,PB,0.002035202976312846
MS,PB_16,TACGGATTCTCATTCA-1,PB,0.23956729821233305
MS,PB_16,TACGGTACAGTATCTG-1,PB,0.4101132874930679
MS,PB_16,TACTCATTCGAGGTAG-1,PB,0.17078284775886063
MS,PB_16,TACTCATTCTGTTGAG-1,PB,0.8774571683817773
MS,PB_16,TACTCGCTCGGACAAG-1,PB,-0.10242581171708072
MS,PB_16,TACTTGTAGGACAGCT-1,PB,1.5967562691557653
MS,PB_16,TAGACCAAGATGCCTT-1,PB,0.3635550157552843
MS,PB_16,TAGACCATCGTATCAG-1,PB,0.10336482901254232
MS,PB_16,TAGAGCTTCAAACCAC-1,PB,-0.29997119987097626
MS,PB_16,TAGCCGGCAGCGTTCG-1,PB,-0.20574648862350653
MS,PB_16,TAGCCGGGTAGATTAG-1,PB,1.422568776191023
MS,PB_16,TAGGCATAGACAAGCC-1,PB,0.2498077493115658
MS,PB_16,TAGGCATAGAGTACAT-1,PB,0.6387338398368904
MS,PB_16,TAGGCATTCGTTTGCC-1,PB,0.13480915306162278
MS,PB_16,TATGCCCAGACTAAGT-1,PB,0.4758020128468825
MS,PB_16,TATGCCCGTCAACATC-1,PB,-0.11570362955605061
MS,PB_16,TATTACCCAGGGAGAG-1,PB,0.8275231071998949
MS,PB_16,TATTACCTCCTCTAGC-1,PB,0.36277628607380846
MS,PB_16,TCAACGATCAACGGGA-1,PB,0.46227336141936215
MS,PB_16,TCACAAGCATCCGGGT-1,PB,-0.29997119987097626
MS,PB_16,TCATTTGAGACAAGCC-1,PB,0.295995527793735
MS,PB_16,TCATTTGAGGTAAACT-1,PB,0.21121940623533955
MS,PB_16,TCCACACTCTATCCCG-1,PB,0.6479782785153201
MS,PB_16,TCCCGATGTAACGACG-1,PB,0.5064801146369448
MS,PB_16,TCGCGAGGTTTACTCT-1,PB,0.13354017530019588
MS,PB_16,TCGGTAAAGTGCGTGA-1,PB,-0.11446310318817277
MS,PB_16,TCGTACCCAGCTGGCT-1,PB,-0.013276276978429693
MS,PB_16,TCGTACCCATCGTCGG-1,PB,-0.11985083651055087
MS,PB_16,TCGTAGACAGCGTAAG-1,PB,-0.1807468056531095
MS,PB_16,TCGTAGATCATATCGG-1,PB,0.3778825562837624
MS,PB_16,TCTATTGGTCGCCATG-1-1,PB,0.25674951929916967
MS,PB_16,TCTTCGGGTACAGTGG-1,PB,0.16622438111290652
MS,PB_16,TCTTCGGTCAACCATG-1,PB,0.14903505061374406
MS,PB_16,TGACAACGTTCCGGCA-1,PB,0.2897591524789288
MS,PB_16,TGACAACTCAGTCCCT-1,PB,0.21432144997027888
MS,PB_16,TGACAACTCGCCAGCA-1,PB,0.8033703068642409
MS,PB_16,TGACGGCTCTTGCATT-1,PB,0.16275951866592966
MS,PB_16,TGACTAGAGCGCCTCA-1,PB,0.7129896893161887
MS,PB_16,TGACTAGAGTCATGCT-1,PB,0.2727747128831686
MS,PB_16,TGACTAGAGTTGTCGT-1,PB,0.18315987852907822
MS,PB_16,TGACTTTAGGGATCTG-1,PB,-0.03143697640122253
MS,PB_16,TGATTTCGTCATCGGC-1,PB,0.518615855923116
MS,PB_16,TGCCAAATCCTGCTTG-1,PB,-0.04019024874781125
MS,PB_16,TGCCCTAGTAGCTGCC-1,PB,-0.1645626538120637
MS,PB_16,TGCGGGTCAGCGAACA-1,PB,0.264388201319851
MS,PB_16,TGGCCAGAGAGATGAG-1,PB,0.14294998369808545
MS,PB_16,TGGCGCATCCGTAGTA-1,PB,0.7768385805412791
MS,PB_16,TGGCGCATCGGCGGTT-1,PB,0.42285209542765484
MS,PB_16,TGGGAAGAGATGTAAC-1,PB,0.6399941813318922
MS,PB_16,TGTCCCAAGACTGTAA-1,PB,-0.29997119987097626
MS,PB_16,TGTCCCAGTACATGTC-1,PB,0.49008162888972
MS,PB_16,TGTGGTATCAGTCCCT-1,PB,0.899576880315952
MS,PB_16,TGTGTTTAGGGTTCCC-1,PB,0.8400799560795046
MS,PB_16,TGTTCCGCATGTTCCC-1,PB,-0.1102732605325374
MS,PB_16,TTAACTCGTATGGTTC-1,PB,1.0432306116013566
MS,PB_16,TTAGTTCTCGTGGACC-1,PB,-0.29997119987097626
MS,PB_16,TTATGCTCATCTCCCA-1,PB,0.3157682175317967
MS,PB_16,TTCGAAGAGCCAACAG-1,PB,0.2574418968295414
MS,PB_16,TTCTACAAGTGCAAGC-1-1,PB,0.3592898899079448
MS,PB_16,TTCTTAGGTCTCAACA-1,PB,-0.1707791597050631
MS,PB_16,TTGAACGAGATGTAAC-1,PB,0.6199787676856079
MS,PB_16,TTGAACGCACTACAGT-1,PB,0.5241233958866149
MS,PB_16,TTGACTTGTGGTCCGT-1,PB,0.2896726142240129
MS,PB_16,TTGACTTTCGTCCAGG-1,PB,0.02005704676268269
MS,PB_16,TTGCCGTAGCGATGAC-1,PB,0.2403200090208734
MS,PB_16,TTGCCGTAGTAGCCGA-1,PB,0.10435851076347655
MS,PB_16,TTGGAACCACCCATGG-1,PB,-0.01191772811312723
MS,PB_16,TTGGAACGTAAGCACG-1,PB,0.9195503439580642
MS,PB_16,TTGGCAAAGAAACGAG-1,PB,0.6517329578483861
MS,PB_16,TTGGCAATCCAAGCCG-1,PB,-0.0865519862389262
MS,PB_16,TTGTAGGGTACCGGCT-1,PB,-0.10438379195076089
MS,PB_16,TTGTAGGGTCATATCG-1,PB,0.5041803391351026
MS,PB_16,TTTGTCAAGAAGAAGC-1,PB,0.5682879765313249
MS,PB_16,TTTGTCAGTCACTGGC-1,PB,-0.038778728744464266
MS,PB_22,AAATGCCCATTAGCCA-1,PB,0.26146369239678663
MS,PB_22,AAGCCGCCACCGCTAG-1,PB,0.06661815415287412
MS,PB_22,AAGGAGCGTATAAACG-1,PB,-0.1370218755001137
MS,PB_22,AAGGTTCCATGCCTAA-1,PB,1.1787387223472572
MS,PB_22,ACAGCTAAGTTGTAGA-1,PB,-0.1514338712988089
MS,PB_22,ACGAGCCAGAAGGACA-1,PB,0.11408448943358551
MS,PB_22,ACGCCAGGTCGCGAAA-1,PB,0.05299666869831451
MS,PB_22,ACGCCAGTCGTCACGG-1,PB,-0.29997119987097626
MS,PB_22,ACGTCAAAGACCCACC-1,PB,0.7206934054309257
MS,PB_22,AGATCTGGTTCGTTGA-1,PB,0.45542528495022033
MS,PB_22,AGCGTATGTTCCATGA-1,PB,0.08942717393508791
MS,PB_22,AGCTCTCCATCGACGC-1,PB,-0.10795306994057992
MS,PB_22,ATAACGCTCACAGTAC-1,PB,0.24406739240984182
MS,PB_22,ATAGACCTCTCAACTT-1,PB,-0.07835913648144689
MS,PB_22,ATAGACCTCTGGTTCC-1,PB,0.10164954771023768
MS,PB_22,ATCTGCCTCACATAGC-1,PB,0.13635168524944233
MS,PB_22,ATTCTACCATCGGACC-1,PB,0.04714439867143245
MS,PB_22,CAACCTCTCCATGAGT-1-1,PB,-0.1589865816232511
MS,PB_22,CAAGAAAAGCTAGTGG-1-1,PB,0.14873956642684447
MS,PB_22,CACACAAGTGCAGGTA-1,PB,0.1181083705980751
MS,PB_22,CACAGTACAGCCTTGG-1,PB,0.5977769531149184
MS,PB_22,CAGAATCAGGACAGCT-1,PB,1.7305331683970215
MS,PB_22,CAGCGACTCGAGAGCA-1,PB,0.019045872792254663
MS,PB_22,CATATGGAGTCATGCT-1,PB,0.07104074276561963
MS,PB_22,CATCAAGGTCGGGTCT-1,PB,0.054518692430127844
MS,PB_22,CCACGGATCGTTTGCC-1,PB,-0.020111560037246328
MS,PB_22,CCCTCCTAGCGTCTAT-1,PB,0.27372039885431293
MS,PB_22,CCTAGCTTCGACCAGC-1,PB,0.8559984138217007
MS,PB_22,CCTCTGAAGAGTACCG-1,PB,0.0015585466786201302
MS,PB_22,CCTTACGTCAACGCTA-1,PB,0.08999653003076287
MS,PB_22,CCTTACGTCCTACAGA-1,PB,0.8216574960150037
MS,PB_22,CCTTTCTTCAACGGGA-1,PB,0.7594583650246294
MS,PB_22,CGAGCACCAAAGCGGT-1,PB,-0.10271828497369695
MS,PB_22,CGATGGCAGCGAAGGG-1,PB,-0.03159118292490105
MS,PB_22,CGTAGGCTCTGTGCAA-1,PB,0.7114415894625133
MS,PB_22,CGTTCTGTCATATCGG-1,PB,-0.009816675270720757
MS,PB_22,CTACATTTCACCAGGC-1,PB,0.05059781730915515
MS,PB_22,CTCAGAACAAGACGTG-1,PB,-0.14974582186822946
MS,PB_22,CTCGAGGGTCTGGAGA-1,PB,0.049825735448111766
MS,PB_22,GACACGCAGCGTAATA-1,PB,0.239947679212049
MS,PB_22,GACGCGTCAGTCTTCC-1,PB,0.2089777608115814
MS,PB_22,GACTACAAGATATACG-1,PB,0.3423259556367802
MS,PB_22,GATCTAGTCATCGCTC-1,PB,0.19652213797292833
MS,PB_22,GCAAACTTCGGTTAAC-1,PB,-0.0728678378048915
MS,PB_22,GCGAGAAGTATTACCG-1,PB,-0.29997119987097626
MS,PB_22,GCGCGATTCATGCTCC-1,PB,-0.19618727785683007
MS,PB_22,GCGGGTTCAGCTATTG-1,PB,0.599142806336071
MS,PB_22,GCTGCGATCAACCAAC-1,PB,0.8771892809699727
MS,PB_22,GGAAAGCAGCAGCGTA-1,PB,-0.0506144338422261
MS,PB_22,GGCAATTGTTATCACG-1,PB,0.5175157681910286
MS,PB_22,GGTATTGTCGAGAACG-1,PB,-0.048350438268427436
MS,PB_22,GTAACTGCACGAGAGT-1,PB,0.22602439943554
MS,PB_22,GTACTCCCAGGCTGAA-1,PB,0.5133097563168384
MS,PB_22,GTGCATACACTGTTAG-1,PB,0.09901288636205438
MS,PB_22,GTGTTAGAGATCGGGT-1,PB,0.3612427991128592
MS,PB_22,GTTCTCGTCCGCGGTA-1,PB,0.25349814740998117
MS,PB_22,TACGGGCTCCCATTAT-1,PB,-0.06331058466883718
MS,PB_22,TAGTGGTGTACCCAAT-1,PB,0.3853736136208346
MS,PB_22,TATCAGGCACTACAGT-1,PB,0.4254172186066296
MS,PB_22,TCAGATGGTGATAAGT-1,PB,0.04620513676204526
MS,PB_22,TCAGGATTCAAGGTAA-1,PB,0.7465313723526119
MS,PB_22,TCATTTGAGATATGCA-1,PB,-0.12244391278304402
MS,PB_22,TCGGTAAGTGCACTTA-1,PB,0.07535240291216536
MS,PB_22,TCTGAGAGTTAAGATG-1,PB,-0.11285968550460354
MS,PB_22,TCTGGAACATGTAGTC-1,PB,-0.18317173916597193
MS,PB_22,TCTTTCCGTGAGGCTA-1,PB,0.3432125822190351
MS,PB_22,TGATTTCAGACAGACC-1,PB,-0.15554018094867716
MS,PB_22,TGCACCTCACGGTAGA-1,PB,0.1988971033931454
MS,PB_22,TGCGCAGTCGACCAGC-1,PB,0.1905463310891398
MS,PB_22,TGGACGCAGGACCACA-1,PB,-0.29997119987097626
MS,PB_22,TGGGAAGGTATCAGTC-1,PB,0.20742782575661955
MS,PB_22,TGGTTAGCAGCCTTGG-1,PB,0.4134305208921293
MS,PB_22,TGGTTCCAGCCACGCT-1,PB,-0.1831291297924746
MS,PB_22,TTCTCCTGTGGCAAAC-1,PB,0.07351914538427796
MS,PB_22,TTCTCCTTCCTATTCA-1,PB,-0.013333436304334768
MS,PB_22,TTTGTCAAGCCCAATT-1,PB,-0.17910236416817196
MS,PB_24,AAAGTAGGTAGCTAAA-1,PB,0.00026201265288499406
MS,PB_24,AACCATGAGCCACGCT-1,PB,0.31475235830848497
MS,PB_24,AACCATGAGCTAGTCT-1,PB,0.36518695192824546
MS,PB_24,AACTCAGGTATTCTCT-1,PB,0.023806070514269435
MS,PB_24,AACTCCCAGTGTACTC-1,PB,-0.0036796552149592925
MS,PB_24,AACTCTTCAGACTCGC-1,PB,0.3732859272995043
MS,PB_24,AAGACCTCATCTCGCT-1,PB,0.2137824398579072
MS,PB_24,AAGGAGCAGGGTGTTG-1,PB,0.24545947165641444
MS,PB_24,AAGTCTGAGCCATCGC-1,PB,0.8464350697975483
MS,PB_24,AATCCAGCAGCCTTTC-1,PB,-0.001961799921781201
MS,PB_24,ACACTGAAGACAGAGA-1,PB,0.4610391471476719
MS,PB_24,ACAGCTATCACGAAGG-1,PB,0.19981659274686941
MS,PB_24,ACAGCTATCTGAAAGA-1-1,PB,-0.18958946327091586
MS,PB_24,ACCAGTACACTAAGTC-1,PB,0.678205130857007
MS,PB_24,ACCAGTAGTGGACGAT-1,PB,0.19976942047280175
MS,PB_24,ACCGTAATCACCGGGT-1,PB,0.16415081626845396
MS,PB_24,ACCTTTACATAACCTG-1,PB,0.04703016836875678
MS,PB_24,ACGAGCCGTCTAGTCA-1,PB,-0.008252620724693698
MS,PB_24,ACGATACGTTAAGACA-1-1,PB,0.4276630055403288
MS,PB_24,ACGATACTCAAAGTAG-1,PB,-0.09276438621961718
MS,PB_24,ACGATGTAGTGCCATT-1,PB,0.5742286361319978
MS,PB_24,ACGGCCAAGTGTTTGC-1,PB,0.8586722201507025
MS,PB_24,ACGGCCAGTCAGGACA-1,PB,0.09965534947247152
MS,PB_24,ACGGCCAGTTTACTCT-1,PB,-0.05501593925777256
MS,PB_24,ACGTCAAAGGACACCA-1,PB,-0.13608732158157613
MS,PB_24,ACTGATGCAGGAATCG-1,PB,0.3556763644918209
MS,PB_24,ACTTACTAGGGTCTCC-1,PB,0.20918387558945067
MS,PB_24,ACTTTCAGTAGCTGCC-1,PB,-0.16874546158203227
MS,PB_24,AGAATAGAGAGTAATC-1,PB,0.028926666426757848
MS,PB_24,AGAATAGTCGAATCCA-1,PB,0.6412230429588702
MS,PB_24,AGAGTGGTCCTAAGTG-1,PB,0.5089247497088164
MS,PB_24,AGATCTGTCCAACCAA-1,PB,0.32730035493453347
MS,PB_24,AGATTGCTCTCGCATC-1,PB,0.22188923635738123
MS,PB_24,AGCATACGTTGCCTCT-1,PB,-0.019643833060691878
MS,PB_24,AGCCTAAAGCTAGGCA-1,PB,0.9315513997017553
MS,PB_24,AGCGGTCAGATAGGAG-1,PB,0.39367320694720254
MS,PB_24,AGCGTATCAGTTCCCT-1,PB,0.08349049940214029
MS,PB_24,AGCTCCTCAGTTCATG-1,PB,-0.29997119987097626
MS,PB_24,AGCTTGACAGGATCGA-1,PB,-0.21028895571327202
MS,PB_24,AGGGAGTTCCAACCAA-1,PB,-0.025941453043761168
MS,PB_24,AGGGTGAGTACCAGTT-1,PB,-0.13853923080160388
MS,PB_24,AGGGTGATCTACTCAT-1,PB,0.7845540337952392
MS,PB_24,AGTGAGGTCCGAATGT-1,PB,0.06333923825968932
MS,PB_24,AGTGTCACATCCTAGA-1,PB,-0.29997119987097626
MS,PB_24,AGTTGGTTCGAGAGCA-1,PB,-0.014070716713761354
MS,PB_24,ATAACGCGTCTAGGTT-1,PB,0.1465040726157766
MS,PB_24,ATCGAGTGTATCACCA-1,PB,-0.11706246999385013
MS,PB_24,ATCTGCCAGCATGGCA-1,PB,0.5920231108970828
MS,PB_24,ATGCGATTCTGCTTGC-1,PB,-0.29997119987097626
MS,PB_24,ATGTGTGAGGCATGGT-1,PB,0.2008177417933538
MS,PB_24,ATGTGTGTCAACACAC-1,PB,0.00692576109612023
MS,PB_24,ATTATCCAGGATATAC-1,PB,-0.1153161195189099
MS,PB_24,ATTTCTGAGTTAACGA-1,PB,1.045463060569521
MS,PB_24,CAACTAGAGTGTACGG-1,PB,0.27208740815471455
MS,PB_24,CAAGATCAGTTCGATC-1,PB,0.23376903471485577
MS,PB_24,CAAGGCCGTTGAACTC-1,PB,0.45431516915518344
MS,PB_24,CACATAGCACAGGTTT-1,PB,-0.005248525641280104
MS,PB_24,CACATTTCAACACCTA-1,PB,0.5651573696647596
MS,PB_24,CACATTTCACAGAGGT-1,PB,0.09981705054649828
MS,PB_24,CACTCCAGTTCCCGAG-1,PB,0.5163969103282512
MS,PB_24,CAGAATCAGGCTATCT-1,PB,0.2474646831528167
MS,PB_24,CAGAATCGTAGGGACT-1,PB,-0.12462797537169934
MS,PB_24,CAGATCAAGAAGATTC-1,PB,-0.15344501898230606
MS,PB_24,CAGCAGCTCGAGAACG-1,PB,-0.07993079989962906
MS,PB_24,CAGCATATCCGCGGTA-1,PB,-0.1733433694313676
MS,PB_24,CAGCGACGTGTCTGAT-1,PB,0.6603774107308161
MS,PB_24,CAGCGACGTTAGGGTG-1,PB,-0.061164321182167795
MS,PB_24,CAGTCCTGTCAACTGT-1,PB,-0.10851045184463137
MS,PB_24,CATATGGCAATGAATG-1,PB,-0.023495122695729686
MS,PB_24,CATCAAGGTAAGTGTA-1,PB,0.12811107951362938
MS,PB_24,CATCGGGGTCGGCACT-1,PB,-0.05871620031825039
MS,PB_24,CATGACATCTCTAAGG-1,PB,0.1313840967740652
MS,PB_24,CATGCCTAGCCAGGAT-1,PB,0.6412992225504149
MS,PB_24,CATTATCGTTGATTCG-1,PB,0.01630225815912805
MS,PB_24,CATTATCTCGCAAACT-1-1,PB,0.6515457376421853
MS,PB_24,CCAATCCGTCTCAACA-1,PB,0.017333827665209096
MS,PB_24,CCAATCCGTGACGGTA-1,PB,0.25307549205901253
MS,PB_24,CCCTCCTCAAACGTGG-1,PB,0.6200328047415697
MS,PB_24,CCGGGATGTAACGTTC-1,PB,-0.06611382595550616
MS,PB_24,CCGGGATGTGCAGTAG-1,PB,0.18245884639781465
MS,PB_24,CCGTACTGTTTGTTTC-1,PB,0.019673911513333087
MS,PB_24,CCGTTCAGTTACGCGC-1,PB,0.4182975476500969
MS,PB_24,CCTACACCACGTCAGC-1,PB,0.09538720370228107
MS,PB_24,CCTACACGTGACTACT-1,PB,0.04148922140129851
MS,PB_24,CCTATTACAGCCTATA-1,PB,0.1665169009350978
MS,PB_24,CCTTCCCAGAGTACAT-1,PB,0.48619122903869577
MS,PB_24,CCTTTCTAGACCGGAT-1,PB,-0.29997119987097626
MS,PB_24,CGAACATCATCCAACA-1-1,PB,0.20944491302279372
MS,PB_24,CGAGAAGGTAAGGGCT-1,PB,-0.13507009177451385
MS,PB_24,CGATGGCTCACAATGC-1,PB,0.3330874127989379
MS,PB_24,CGATGGCTCGTTACGA-1-1,PB,0.5082351509832618
MS,PB_24,CGATTGAAGGTGGGTT-1,PB,0.5104267178237646
MS,PB_24,CGCGTTTAGCTAAACA-1,PB,-0.10534374987203665
MS,PB_24,CGGAGCTCACAAGTAA-1,PB,-0.29997119987097626
MS,PB_24,CGGAGCTCACTGTTAG-1,PB,0.18466985857221924
MS,PB_24,CGGCTAGGTATAATGG-1,PB,0.591125262242503
MS,PB_24,CGGTTAACAAGTCTGT-1,PB,0.060097839642068704
MS,PB_24,CGTAGGCAGCTGTCTA-1,PB,-0.12248741318208914
MS,PB_24,CGTCACTCAGTATAAG-1,PB,-0.16980446668142485
MS,PB_24,CGTCACTGTTGTCGCG-1,PB,0.0652534537017084
MS,PB_24,CGTCCATAGAACTGTA-1,PB,0.7003219039580005
MS,PB_24,CGTCTACCATCAGTCA-1,PB,-0.028480432853066534
MS,PB_24,CGTGAGCTCTGCGACG-1,PB,-0.14605294077353032
MS,PB_24,CGTGTAACACAAGTAA-1,PB,-0.009542373724668754
MS,PB_24,CGTTAGACAGACTCGC-1,PB,0.6864635264658503
MS,PB_24,CGTTCTGAGTTAGCGG-1,PB,-0.29997119987097626
MS,PB_24,CGTTCTGTCTCTAGGA-1,PB,0.2688711102572071
MS,PB_24,CTAACTTAGGTTACCT-1,PB,0.6772530486374383
MS,PB_24,CTAACTTCAGGAACGT-1,PB,-0.07413476266711518
MS,PB_24,CTAAGACAGCTAGTGG-1,PB,0.5453682151073413
MS,PB_24,CTAAGACTCAGTCAGT-1,PB,-0.05071682414511714
MS,PB_24,CTACACCGTTCATGGT-1,PB,-0.00044135911937015493
MS,PB_24,CTACGTCCAACGATGG-1,PB,-0.1081389615366839
MS,PB_24,CTCACACTCGTTGACA-1,PB,0.6348922416754164
MS,PB_24,CTCAGAACAATGACCT-1,PB,-0.14548744097327537
MS,PB_24,CTCAGAACAGTGGGAT-1,PB,0.2998457811315761
MS,PB_24,CTCAGAAGTGATGTCT-1,PB,-0.06731602857646016
MS,PB_24,CTCCTAGAGACCTTTG-1,PB,0.40564325454551575
MS,PB_24,CTCCTAGGTGAGGGAG-1,PB,-0.29997119987097626
MS,PB_24,CTCGAGGAGGATGGTC-1,PB,0.021226293182513695
MS,PB_24,CTCGGAGCATTGGGCC-1,PB,-0.29997119987097626
MS,PB_24,CTCGTACCATCATCCC-1,PB,-0.29997119987097626
MS,PB_24,CTCGTCAAGCGGATCA-1,PB,-0.06456766533297763
MS,PB_24,CTCTACGCATCCTTGC-1,PB,0.28630153236743155
MS,PB_24,CTCTGGTTCTTGACGA-1,PB,0.09227389965204325
MS,PB_24,CTGAAACCATAGAAAC-1,PB,0.007587988400004456
MS,PB_24,CTGAAACCATGGTCAT-1,PB,-0.29997119987097626
MS,PB_24,CTGATAGGTCATCGGC-1,PB,0.30269331771397184
MS,PB_24,CTGCTGTCAGGTGGAT-1,PB,-0.006183704225119007
MS,PB_24,CTGGTCTTCGTCACGG-1,PB,-0.010151602703304433
MS,PB_24,CTTAACTGTTGCTCCT-1,PB,-0.05659539729478348
MS,PB_24,GAAATGAAGCTGAAAT-1,PB,-0.29997119987097626
MS,PB_24,GAACCTAAGCGATTCT-1,PB,0.23624951240157063
MS,PB_24,GAATAAGCAGTAACGG-1,PB,0.16663674632330314
MS,PB_24,GACACGCGTACCAGTT-1,PB,-0.1930093636764901
MS,PB_24,GACACGCGTTTACTCT-1,PB,0.3989287764099945
MS,PB_24,GACCAATCAGGCTCAC-1,PB,0.8425198739515549
MS,PB_24,GACTAACCACCTTGTC-1,PB,-0.13543601933653643
MS,PB_24,GACTACATCGCATGGC-1,PB,-0.29997119987097626
MS,PB_24,GAGTCCGAGGATGGAA-1,PB,0.4279561317039971
MS,PB_24,GATCAGTTCTTCGAGA-1,PB,0.2885016626460013
MS,PB_24,GATCGATTCATAACCG-1,PB,0.8358680786388579
MS,PB_24,GATCGCGCAGACAAGC-1,PB,0.1872605953489548
MS,PB_24,GATCGCGGTTATGTGC-1,PB,-0.14031241549018245
MS,PB_24,GATCGTACATGATCCA-1,PB,-0.04089718559991224
MS,PB_24,GATCGTATCGGTGTCG-1,PB,-0.11660390765916387
MS,PB_24,GATGAGGCACTTCTGC-1,PB,-0.29997119987097626
MS,PB_24,GATGCTAGTATGAAAC-1,PB,0.18767301039235615
MS,PB_24,GATGCTATCCACTGGG-1,PB,-0.12512710477027053
MS,PB_24,GCAATCAAGCGCTTAT-1,PB,0.1666226163385398
MS,PB_24,GCACATAGTAAGTGGC-1,PB,-0.06017753898819517
MS,PB_24,GCAGTTAAGAACTGTA-1,PB,0.11740196624614016
MS,PB_24,GCAGTTATCCGTCATC-1,PB,0.004620914796840443
MS,PB_24,GCATGATAGTCCGGTC-1,PB,0.08428558790559403
MS,PB_24,GCCTCTAAGATCCCAT-1,PB,0.11919724356637278
MS,PB_24,GCGCAACAGGTGCTTT-1,PB,-0.03601793115401917
MS,PB_24,GCGCAACCAATCCAAC-1,PB,-0.29997119987097626
MS,PB_24,GCGCCAATCTACGAGT-1,PB,-0.12299851325759606
MS,PB_24,GCGGGTTCATGCCTTC-1,PB,-0.29997119987097626
MS,PB_24,GCTGCGAAGACCCACC-1,PB,-0.19029244430505501
MS,PB_24,GCTGCGAGTGCCTGGT-1,PB,0.05576046729233889
MS,PB_24,GCTGCGATCACGCGGT-1,PB,-0.06643623686648928
MS,PB_24,GCTGCTTCACGAGAGT-1,PB,0.2599173267509644
MS,PB_24,GCTGGGTCATGGTAGG-1,PB,1.2319338414662124
MS,PB_24,GCTTCCACACCGATAT-1,PB,-0.04032586805777834
MS,PB_24,GCTTGAAAGTCCAGGA-1,PB,0.650170976636581
MS,PB_24,GCTTGAAGTAACGTTC-1,PB,0.312161227637557
MS,PB_24,GGAAAGCCAAGCCATT-1,PB,0.006448640097522852
MS,PB_24,GGACAAGAGTGTTGAA-1,PB,-0.29997119987097626
MS,PB_24,GGACAAGGTCGGGTCT-1,PB,0.5949633277582048
MS,PB_24,GGACAGAAGGGATCTG-1,PB,1.2642234305088504
MS,PB_24,GGACGTCTCAACACAC-1,PB,-0.02590300850417143
MS,PB_24,GGCAATTGTACCGTTA-1,PB,0.4820953647390436
MS,PB_24,GGCAATTGTCATGCCG-1,PB,0.002632228820855755
MS,PB_24,GGCAATTGTGTGGTTT-1,PB,0.005018107636598926
MS,PB_24,GGCGACTCACCTTGTC-1,PB,-0.11070341643051496
MS,PB_24,GGCTCGAAGTACTTGC-1,PB,0.608510811533871
MS,PB_24,GGGAATGAGACTAGGC-1-1,PB,0.7426958240736383
MS,PB_24,GGGACCTCACTGTGTA-1,PB,-0.29997119987097626
MS,PB_24,GGGATGATCCAAACTG-1,PB,0.2522930320044379
MS,PB_24,GGGATGATCCTTGGTC-1,PB,0.34905279183828747
MS,PB_24,GGGCATCAGAAGATTC-1,PB,-0.13056251019920967
MS,PB_24,GGTGAAGAGCTTCGCG-1,PB,-0.020393859082877892
MS,PB_24,GGTGAAGCAGACTCGC-1,PB,-0.00661231360364128
MS,PB_24,GGTGCGTAGCCGTCGT-1,PB,0.1895846440315902
MS,PB_24,GTAACTGCAGTCAGCC-1,PB,0.25435219849654767
MS,PB_24,GTAACTGGTTACCAGT-1,PB,-0.03663544897408711
MS,PB_24,GTACGTACATGCCACG-1,PB,-0.11635675766280065
MS,PB_24,GTCAAGTCAGGTGGAT-1,PB,0.30397474377782546
MS,PB_24,GTCACGGAGACACGAC-1,PB,-0.18671036708120772
MS,PB_24,GTCACGGGTGAACCTT-1-1,PB,0.2215749534267056
MS,PB_24,GTCCTCAAGGATGGTC-1,PB,-0.06251386251613454
MS,PB_24,GTCGTAATCCCAAGTA-1,PB,0.47979818758268283
MS,PB_24,GTGCATACACACTGCG-1,PB,0.196871615208809
MS,PB_24,GTGCATACACCACGTG-1,PB,-0.29997119987097626
MS,PB_24,GTGCATACATGTTGAC-1,PB,1.2954410831894962
MS,PB_24,GTGCTTCAGACATAAC-1,PB,0.10187090663531036
MS,PB_24,GTGTGCGTCAGAGACG-1,PB,0.024424180700819833
MS,PB_24,GTGTTAGCAAGGACTG-1,PB,0.15841201196137952
MS,PB_24,GTTCTCGAGAAACCTA-1,PB,-0.11796310537139908
MS,PB_24,TAAGCGTCAACACCCG-1,PB,-0.049425686154881625
MS,PB_24,TACACGAAGTCTCCTC-1,PB,-0.09604891108263647
MS,PB_24,TACCTTACATAACCTG-1,PB,-0.007919157422809322
MS,PB_24,TACCTTACATAGACTC-1,PB,1.0331949394771511
MS,PB_24,TACCTTATCGTGACAT-1,PB,0.08092630508333155
MS,PB_24,TACTCATAGGGAACGG-1,PB,0.17556361701742265
MS,PB_24,TACTCATAGGTTCCTA-1,PB,-0.18581467783080408
MS,PB_24,TACTCATGTAAGAGAG-1,PB,0.6776455204784292
MS,PB_24,TACTCATTCAATCACG-1,PB,0.48185531104489543
MS,PB_24,TACTCGCTCCGTTGTC-1,PB,-0.03105570395603995
MS,PB_24,TACTTACGTTCGTCTC-1,PB,0.0012609372783014075
MS,PB_24,TAGACCAGTGCAACGA-1,PB,0.42099393625207165
MS,PB_24,TATTACCGTTCCCTTG-1,PB,0.23025147907041446
MS,PB_24,TCAACGACAGTTAACC-1,PB,0.3678779660728907
MS,PB_24,TCAGCTCGTAGTACCT-1,PB,0.2896816933453529
MS,PB_24,TCAGCTCTCCGCAGTG-1-1,PB,-0.09105757490088728
MS,PB_24,TCGCGTTAGCTATGCT-1,PB,0.5192828233806722
MS,PB_24,TCGGGACTCACTTATC-1,PB,-0.29997119987097626
MS,PB_24,TCGTACCGTGCACTTA-1,PB,0.34284797132426403
MS,PB_24,TCTATTGAGTGTCTCA-1,PB,-0.1685872808426819
MS,PB_24,TCTATTGGTCTCAACA-1,PB,-0.29997119987097626
MS,PB_24,TCTCTAATCAGTTGAC-1,PB,-0.29997119987097626
MS,PB_24,TCTGAGAGTAGCCTAT-1,PB,0.09277273444530823
MS,PB_24,TCTTCGGGTACCGGCT-1,PB,0.039570257226824314
MS,PB_24,TGAAAGACATGGTTGT-1,PB,-0.1768207843196819
MS,PB_24,TGACGGCTCCACGTTC-1,PB,0.15477472439588355
MS,PB_24,TGACTAGAGTCTCAAC-1,PB,0.32236939512045965
MS,PB_24,TGACTAGCACAGATTC-1,PB,-0.16349018994130496
MS,PB_24,TGACTAGGTACTTCTT-1,PB,0.7571176675072362
MS,PB_24,TGACTTTAGCAGCCTC-1,PB,0.0037232263609582156
MS,PB_24,TGAGCATCAAGTACCT-1,PB,0.07873500368884043
MS,PB_24,TGCCAAACAATCCGAT-1,PB,0.04979641772474985
MS,PB_24,TGCCAAATCACCATAG-1,PB,-0.29997119987097626
MS,PB_24,TGCCCTACAAAGGTGC-1,PB,0.5768275873152691
MS,PB_24,TGCGCAGAGACTTGAA-1,PB,-0.29997119987097626
MS,PB_24,TGCGGGTCATGCCTTC-1,PB,0.5973450163498848
MS,PB_24,TGCGTGGCAGGAATCG-1-1,PB,0.6687065345428952
MS,PB_24,TGCTACCCATGTCGAT-1,PB,0.03265558922216975
MS,PB_24,TGGGCGTCACTGCCAG-1,PB,0.6639241710120292
MS,PB_24,TGGGCGTGTACTTGAC-1,PB,-0.02489537150096677
MS,PB_24,TGGGCGTGTTAAGTAG-1,PB,-0.12002559044928267
MS,PB_24,TGGTTAGCATCCCACT-1,PB,-0.21418684964708992
MS,PB_24,TGGTTAGTCCTGCTTG-1,PB,0.8511944701444664
MS,PB_24,TGTCCCACATGGGACA-1,PB,0.14297061067574673
MS,PB_24,TGTGGTAAGCCGATTT-1,PB,-0.1383774224788277
MS,PB_24,TGTTCCGAGTAGGCCA-1,PB,0.3179607592875998
MS,PB_24,TTAACTCGTAGCGATG-1,PB,0.5017639947974517
MS,PB_24,TTCCCAGCATCAGTCA-1,PB,-0.29997119987097626
MS,PB_24,TTCCCAGCATGTCGAT-1,PB,-0.13180676929464144
MS,PB_24,TTCGAAGCAGGACCCT-1,PB,-0.11176428729519816
MS,PB_24,TTCGAAGGTCTGCGGT-1,PB,0.2497557973208194
MS,PB_24,TTCGAAGTCGGTTCGG-1,PB,-0.12608543532852098
MS,PB_24,TTCTTAGAGCCGCCTA-1,PB,0.0410403765904951
MS,PB_24,TTGAACGTCTGACCTC-1,PB,0.04136547510606481
MS,PB_24,TTGACTTCATGGTTGT-1,PB,0.2141475517387013
MS,PB_24,TTGACTTCATTGTGCA-1-1,PB,0.5239373690591583
MS,PB_24,TTGCCGTCAGACGTAG-1,PB,-0.10458164131675621
MS,PB_24,TTTCCTCGTAGGCTGA-1,PB,0.1681035020512275
MS,PB_25,AAATGCCGTCACTTCC-1,PB,-0.09960547045340744
MS,PB_25,AACACGTGTGAGGGAG-1,PB,0.5635130789173823
MS,PB_25,AACCGCGCAAGTCTAC-1,PB,0.2082068292664229
MS,PB_25,AACGTTGTCTCATTCA-1,PB,0.05922073011229144
MS,PB_25,AACTCAGAGACGCACA-1,PB,-0.10220621615980068
MS,PB_25,AACTCTTCATCTGGTA-1,PB,-0.29997119987097626
MS,PB_25,AAGCCGCAGTCCATAC-1,PB,-0.09935230584308796
MS,PB_25,AATCGGTCACATCCGG-1,PB,-0.06856926689989232
MS,PB_25,ACACTGATCCGTACAA-1,PB,0.06703954451432581
MS,PB_25,ACAGCTAAGAATGTGT-1,PB,-0.05240502537527394
MS,PB_25,ACATGGTAGAATGTGT-1,PB,0.31048826051756917
MS,PB_25,ACGAGCCTCTAACCGA-1,PB,-0.05945087573888209
MS,PB_25,ACGATACGTTTCGCTC-1,PB,-0.11831985502238707
MS,PB_25,ACTGATGCATGGTCAT-1,PB,0.4104016135839778
MS,PB_25,AGCATACTCACTTCAT-1,PB,-0.13942287346384705
MS,PB_25,AGGCCGTGTTTGACAC-1,PB,0.20427901155607864
MS,PB_25,AGGGATGTCACGACTA-1,PB,-0.07667602057354371
MS,PB_25,AGGGATGTCCTGCCAT-1,PB,0.332209658391049
MS,PB_25,AGTGTCACATGGTCTA-1,PB,0.27676490416352756
MS,PB_25,ATTATCCCAAGGGTCA-1,PB,-0.29997119987097626
MS,PB_25,ATTATCCGTAGGCATG-1,PB,-0.29997119987097626
MS,PB_25,ATTATCCTCGACGGAA-1,PB,0.6984402243031085
MS,PB_25,ATTATCCTCTTTACAC-1,PB,-0.29997119987097626
MS,PB_25,ATTTCTGCAATTGCTG-1,PB,-0.0027223155674678573
MS,PB_25,CAACTAGAGACACTAA-1,PB,-0.024834828674753257
MS,PB_25,CACACTCTCCTGTACC-1,PB,0.28216730236733106
MS,PB_25,CAGATCAAGCACCGCT-1,PB,-0.29997119987097626
MS,PB_25,CAGCATAAGGACACCA-1,PB,-0.001272490829237638
MS,PB_25,CATCCACAGTCGAGTG-1,PB,0.18744331668807024
MS,PB_25,CATCCACTCACCTCGT-1,PB,0.015638225157951675
MS,PB_25,CATGGCGAGCTGATAA-1-1,PB,-0.012336895402747136
MS,PB_25,CATTATCGTACCGTAT-1,PB,-0.29997119987097626
MS,PB_25,CATTCGCTCCTTCAAT-1,PB,0.5059969554935445
MS,PB_25,CCGGTAGCAGGAATGC-1,PB,-0.11203142317652033
MS,PB_25,CCGTACTCAGACGCTC-1,PB,-0.0846209811740781
MS,PB_25,CCTCAGTTCGAGCCCA-1,PB,-0.036409001311026874
MS,PB_25,CCTTTCTGTGTGAAAT-1,PB,0.3161863971886829
MS,PB_25,CGAACATAGAGAACAG-1,PB,0.14349921347030953
MS,PB_25,CGACCTTGTAAACCTC-1,PB,0.06815107616284201
MS,PB_25,CGAGCACTCCACTGGG-1,PB,0.08002223719456972
MS,PB_25,CGCTATCTCCGAAGAG-1-1,PB,0.7874955053660345
MS,PB_25,CGCTGGAGTTGTCGCG-1,PB,-0.10202793772459165
MS,PB_25,CGGGTCAGTAGTACCT-1,PB,-0.08418849835059904
MS,PB_25,CGGTTAAAGACACGAC-1,PB,0.26076537190517246
MS,PB_25,CGTAGGCCAGCGAACA-1,PB,-0.29997119987097626
MS,PB_25,CGTCAGGAGCCCAGCT-1,PB,0.23189674281426084
MS,PB_25,CGTCAGGTCATAGCAC-1,PB,0.011760486929548801
MS,PB_25,CGTCTACTCAATACCG-1,PB,0.6363130461800895
MS,PB_25,CGTGTCTAGCTACCGC-1,PB,0.126820532343241
MS,PB_25,CTACACCTCCGAGCCA-1,PB,-0.08567760665082538
MS,PB_25,CTCATTACACAGCGTC-1,PB,-0.29997119987097626
MS,PB_25,CTCGAGGTCCGTAGGC-1,PB,0.23463364056834496
MS,PB_25,CTGCGGAAGCTGAAAT-1,PB,0.26313060136678185
MS,PB_25,CTGCTGTAGGAGTTGC-1-1,PB,-0.29997119987097626
MS,PB_25,CTGTTTAGTTAGGGTG-1,PB,-0.29997119987097626
MS,PB_25,GAACATCCAAGCCGCT-1,PB,0.10324245036737476
MS,PB_25,GAACCTAAGCACCGCT-1,PB,-0.29997119987097626
MS,PB_25,GACACGCGTGGACGAT-1,PB,0.5141067234560625
MS,PB_25,GACGCGTGTCAACATC-1,PB,0.10119691174546619
MS,PB_25,GATCGTATCTAGAGTC-1,PB,0.06200229703584993
MS,PB_25,GATGCTAGTACAAGTA-1,PB,0.20036249035590945
MS,PB_25,GCAGTTAGTCATACTG-1,PB,0.5956347703666595
MS,PB_25,GCGACCAGTAGGCTGA-1,PB,-0.1419972840714213
MS,PB_25,GCGAGAACACTAGTAC-1,PB,0.31857893778471674
MS,PB_25,GCGCAACTCCACGTGG-1,PB,-0.29997119987097626
MS,PB_25,GCTGCTTAGTGATCGG-1,PB,0.15007433867468792
MS,PB_25,GGACGTCAGTTACCCA-1,PB,-0.051802675046544275
MS,PB_25,GGATGTTCAGACGCAA-1,PB,-0.29997119987097626
MS,PB_25,GGCTGGTGTAGGCATG-1,PB,-0.29997119987097626
MS,PB_25,GGGCATCGTATAGTAG-1,PB,0.24540343679174545
MS,PB_25,GGGTTGCGTACCAGTT-1,PB,0.6770009479819405
MS,PB_25,GGTATTGTCAAAGACA-1,PB,-0.29997119987097626
MS,PB_25,GTACGTAAGTACACCT-1,PB,1.0898936623429776
MS,PB_25,GTACTCCTCATCACCC-1,PB,-0.29997119987097626
MS,PB_25,GTCAAGTCATGCTAGT-1,PB,0.030121548188935327
MS,PB_25,GTCCTCACACCCATGG-1,PB,-0.05033516059485766
MS,PB_25,GTGAAGGAGGCATGGT-1,PB,-0.29997119987097626
MS,PB_25,GTGAAGGGTGTGACGA-1,PB,-0.29997119987097626
MS,PB_25,GTGGGTCAGATATACG-1,PB,0.4445667607302267
MS,PB_25,GTTAAGCAGTTTCCTT-1,PB,-0.10669957453933973
MS,PB_25,TACACGACAACGATGG-1,PB,-0.29997119987097626
MS,PB_25,TACACGATCTTGGGTA-1,PB,-0.10862132972776951
MS,PB_25,TACCTTACAGTGGGAT-1,PB,-0.09029661378397691
MS,PB_25,TACCTTAGTCTAGAGG-1,PB,-0.29997119987097626
MS,PB_25,TACGGATCATGGTTGT-1,PB,-0.04430293556537117
MS,PB_25,TACTCGCAGCTGTTCA-1,PB,0.46410514660354724
MS,PB_25,TACTTGTAGGCTCATT-1,PB,0.4543439106916349
MS,PB_25,TATCAGGAGTGACATA-1,PB,0.5454194370397537
MS,PB_25,TCAGCTCAGCTACCTA-1,PB,-0.04586350053416633
MS,PB_25,TCAGCTCGTAAGAGAG-1,PB,-0.016887179758719784
MS,PB_25,TCTGAGAAGTGGTCCC-1,PB,0.20129540832621995
MS,PB_25,TCTGGAATCTTGCATT-1,PB,0.08726862866137948
MS,PB_25,TGAGAGGAGCCAACAG-1,PB,-0.09494835682283417
MS,PB_25,TGAGGGATCGTTTATC-1,PB,-0.0285887837563731
MS,PB_25,TGATTTCAGCAATATG-1,PB,0.19507920144026042
MS,PB_25,TGCACCTTCAAACCGT-1,PB,0.11176145353986747
MS,PB_25,TGCCCTACATCCAACA-1,PB,0.4403143633497692
MS,PB_25,TGCCCTATCTGCGACG-1,PB,-0.22315739769785453
MS,PB_25,TGCGGGTTCTTACCTA-1,PB,-0.11070293034128494
MS,PB_25,TGCTACCAGTGTACCT-1,PB,0.7211812609971673
MS,PB_25,TTATGCTGTACGACCC-1,PB,-0.10090829188052648
MS,PB_25,TTCGGTCGTCGCCATG-1,PB,-0.02824046093043939
MS,PB_25,TTGGCAAAGCTAGCCC-1,PB,-0.03549922019207208
MS,PB_25,TTTGGTTTCCTTGCCA-1,PB,-0.07870228592304503
MS,PB_27,AAACCTGGTAATAGCA-1,PB,-0.29997119987097626
MS,PB_27,AAAGCAACAAGGACTG-1,PB,0.15725183174756868
MS,PB_27,AACGTTGTCTCGATGA-1,PB,0.05754126780416493
MS,PB_27,AAGGCAGTCAGCACAT-1,PB,0.05981663087701653
MS,PB_27,AATCGGTGTTAAAGTG-1,PB,0.11902649265904786
MS,PB_27,ACAGCTAGTGGGTATG-1,PB,0.035133202662531796
MS,PB_27,ACGAGGAGTCAAACTC-1,PB,-0.07668739459598993
MS,PB_27,ACGGGTCTCTTACCGC-1,PB,-0.29997119987097626
MS,PB_27,ACTATCTTCGACGGAA-1,PB,-0.29997119987097626
MS,PB_27,ACTGAACCATGCCTAA-1,PB,-0.29997119987097626
MS,PB_27,ACTGATGCACACAGAG-1,PB,0.7978570565913191
MS,PB_27,ACTGTCCTCAGCATGT-1,PB,-0.15759410938986965
MS,PB_27,ACTTGTTCATCGGACC-1,PB,-0.14510311597268327
MS,PB_27,AGATCTGGTGGTACAG-1,PB,-0.18689493347056294
MS,PB_27,AGCAGCCGTCGAGTTT-1,PB,0.4051850232677788
MS,PB_27,AGCTCTCAGCGCCTCA-1,PB,-0.1967009671629977
MS,PB_27,AGCTTGATCGTCCAGG-1-1,PB,-0.29997119987097626
MS,PB_27,AGGTCCGAGGACTGGT-1,PB,0.26799128621324525
MS,PB_27,AGTCTTTTCTTCATGT-1,PB,0.22974702033373276
MS,PB_27,ATAACGCTCTTAACCT-1,PB,-0.29997119987097626
MS,PB_27,ATCACGATCAATAAGG-1,PB,-0.03059377071089888
MS,PB_27,ATGAGGGCATAAAGGT-1,PB,-0.04664673711772215
MS,PB_27,ATGGGAGTCAGCTTAG-1,PB,0.09100936821877355
MS,PB_27,ATGTGTGCATGAGCGA-1,PB,-0.16609450060951486
MS,PB_27,CAACTAGTCTGCGGCA-1,PB,-0.1204889708434025
MS,PB_27,CAAGATCCACTTACGA-1,PB,1.0411247066431206
MS,PB_27,CAAGTTGTCGGCTTGG-1,PB,0.4591329384899528
MS,PB_27,CACATAGTCGACCAGC-1,PB,-0.29997119987097626
MS,PB_27,CACTCCAGTAACGCGA-1,PB,0.07148101337745352
MS,PB_27,CAGATCAGTCAAACTC-1,PB,-0.29997119987097626
MS,PB_27,CAGCTGGTCCCAAGAT-1,PB,-0.29997119987097626
MS,PB_27,CATCAGAAGTAATCCC-1,PB,0.03009164489252639
MS,PB_27,CATCGAATCCGTAGTA-1,PB,0.23014236008181135
MS,PB_27,CCAATCCAGGAGTCTG-1,PB,0.4052565319961516
MS,PB_27,CCGGGATGTCTGCAAT-1,PB,0.09374451010084324
MS,PB_27,CCGTACTTCGGAATCT-1,PB,-0.12038234664374282
MS,PB_27,CCGTTCAGTCGAGTTT-1,PB,-0.29997119987097626
MS,PB_27,CCTTCCCCAACGATGG-1,PB,0.49311986099801325
MS,PB_27,CCTTCCCGTCACTGGC-1,PB,-0.29997119987097626
MS,PB_27,CGAATGTTCCTAAGTG-1,PB,-0.29997119987097626
MS,PB_27,CGACCTTAGTGAATTG-1,PB,0.2936431565873806
MS,PB_27,CGACCTTGTCAGAATA-1,PB,0.2105819612215761
MS,PB_27,CGGAGTCGTCAGAAGC-1,PB,-0.03307476107952151
MS,PB_27,CGGAGTCGTGATGTGG-1,PB,-0.29997119987097626
MS,PB_27,CGTAGCGGTGTTGGGA-1,PB,-0.29997119987097626
MS,PB_27,CGTAGCGGTTGTTTGG-1,PB,-0.29997119987097626
MS,PB_27,CTAACTTAGTCCTCCT-1,PB,0.06937568530336043
MS,PB_27,CTAACTTGTACTTGAC-1,PB,0.22243510673527517
MS,PB_27,CTAGAGTAGCTTCGCG-1,PB,0.6948947992335139
MS,PB_27,CTCGAAAAGTACGTTC-1,PB,-0.29997119987097626
MS,PB_27,CTCGAGGCAGACAGGT-1,PB,-0.005557426907778051
MS,PB_27,CTCTACGGTAAACGCG-1,PB,0.07947796461477197
MS,PB_27,CTCTACGGTCGCGGTT-1-1,PB,-0.11064207462346827
MS,PB_27,CTCTGGTTCCAAGCCG-1,PB,-0.29997119987097626
MS,PB_27,CTGATCCTCCCGACTT-1,PB,0.40908895775362664
MS,PB_27,CTGCGGAGTTAAGAAC-1,PB,-0.06811199166850601
MS,PB_27,CTGGTCTTCAGATAAG-1,PB,0.38682944951044185
MS,PB_27,CTGTTTACATCCGGGT-1,PB,0.16384804322147453
MS,PB_27,CTTCTCTGTGTGCGTC-1,PB,0.4205682692584131
MS,PB_27,GAATGAAGTAAGGATT-1,PB,1.0004534808877177
MS,PB_27,GACGCGTGTGCCTGTG-1-1,PB,-0.1135900220475082
MS,PB_27,GACTACAGTTGCCTCT-1,PB,-0.04844406081382806
MS,PB_27,GACTACATCAACGAAA-1,PB,-0.18343519779893572
MS,PB_27,GATCGTATCGTTACAG-1,PB,-0.29997119987097626
MS,PB_27,GATCTAGGTCATTAGC-1,PB,0.12318811302025644
MS,PB_27,GCATGTAGTGTGAAAT-1,PB,0.024335740557317558
MS,PB_27,GCGCAACAGGCTCTTA-1,PB,0.013689009161796186
MS,PB_27,GCGCCAAGTAGGAGTC-1,PB,-0.29997119987097626
MS,PB_27,GCTCCTAAGGTGGGTT-1,PB,0.1951727492389825
MS,PB_27,GGACGTCCAAAGGAAG-1,PB,0.07982922111658619
MS,PB_27,GGCTCGACACATGTGT-1,PB,-0.09472177475955466
MS,PB_27,GGGATGAAGACTAGAT-1,PB,-0.29997119987097626
MS,PB_27,GGGCATCCATCGGTTA-1,PB,0.01462426196187218
MS,PB_27,GGTATTGAGTGAATTG-1,PB,0.03212148024662974
MS,PB_27,GGTGTTACAGCGAACA-1,PB,-0.11216963187121486
MS,PB_27,GTACTCCAGACGCACA-1,PB,0.22476138517839936
MS,PB_27,GTCCTCAAGAGTAATC-1,PB,0.103268747131371
MS,PB_27,GTCGGGTAGTCAAGGC-1,PB,0.11744624277047304
MS,PB_27,GTCGTAAAGGCGATAC-1,PB,-0.14437778370871795
MS,PB_27,GTGCAGCCAAGTCTAC-1,PB,0.36791422801365237
MS,PB_27,GTGCAGCTCGGAATCT-1,PB,-0.29997119987097626
MS,PB_27,GTGTGCGGTGCACGAA-1,PB,-0.12316065372372172
MS,PB_27,GTTCGGGCACGACTCG-1,PB,-0.12105854054426178
MS,PB_27,GTTCTCGGTAGAAGGA-1,PB,0.4729619087993336
MS,PB_27,TACACGAAGACTAGGC-1,PB,0.6096095664505793
MS,PB_27,TACTCATAGACTAAGT-1,PB,-0.05046285860246779
MS,PB_27,TACTCATGTACAGCAG-1,PB,-0.29997119987097626
MS,PB_27,TAGAGCTCACTCAGGC-1,PB,-0.1253065318705135
MS,PB_27,TAGAGCTTCAAAGTAG-1,PB,-0.04959166073368719
MS,PB_27,TCAGGATAGCTAACAA-1,PB,0.05150636535535469
MS,PB_27,TCGAGGCAGTGTCTCA-1,PB,-0.015625632788440254
MS,PB_27,TCGCGAGCACCAACCG-1,PB,-0.23200928658762093
MS,PB_27,TCGCGTTGTCTGGAGA-1,PB,-0.29997119987097626
MS,PB_27,TCTATTGGTGACGCCT-1,PB,-0.29997119987097626
MS,PB_27,TGACAACGTCCAGTGC-1,PB,0.08311234865897792
MS,PB_27,TGACTTTTCAGTGTTG-1,PB,-0.29997119987097626
MS,PB_27,TGAGCATCATAGGATA-1,PB,-0.29997119987097626
MS,PB_27,TGCCCATCACAGAGGT-1,PB,-0.0986780328023302
MS,PB_27,TGCGCAGTCGTGGTCG-1,PB,0.3261354220387353
MS,PB_27,TGGCCAGTCCACGCAG-1,PB,-0.17343186812465097
MS,PB_27,TTAGTTCCACCTCGGA-1,PB,-0.29997119987097626
MS,PB_27,TTCGAAGTCCAAGCCG-1,PB,0.2287198502811678
MS,PB_27,TTGAACGAGCGCTTAT-1,PB,-0.29997119987097626
MS,PB_28,AAAGTAGTCTCTAAGG-1,PB,0.21442388961673356
MS,PB_28,ACCAGTAAGCTCCTTC-1,PB,-0.29997119987097626
MS,PB_28,ACCCACTGTTCTGTTT-1,PB,-0.08736413061928087
MS,PB_28,ACGATACGTGCGGTAA-1,PB,0.349595376163149
MS,PB_28,AGCTCCTGTCGACTGC-1,PB,0.2031471346347747
MS,PB_28,AGTGAGGAGCCGATTT-1,PB,-0.11958784934691642
MS,PB_28,ATCGAGTAGACTGTAA-1,PB,0.24486338610342573
MS,PB_28,CACCACTTCACCGGGT-1,PB,0.2684783479889884
MS,PB_28,CAGCTAAAGGTGGGTT-1,PB,0.06754632873659243
MS,PB_28,CCTCTGAAGGCTCAGA-1,PB,0.0860573978750335
MS,PB_28,CGAACATTCAGTCCCT-1,PB,0.2077280430280344
MS,PB_28,CGGACTGTCCTTGGTC-1,PB,-0.29997119987097626
MS,PB_28,CGTAGCGAGTCCGGTC-1,PB,-0.29997119987097626
MS,PB_28,CGTCCATGTCAAGCGA-1,PB,-0.14301337318391935
MS,PB_28,CTAAGACCAGTATGCT-1,PB,0.6297665275459904
MS,PB_28,CTGATAGTCCTGTACC-1,PB,-0.13768111433601715
MS,PB_28,CTTCTCTCACCTGGTG-1,PB,-0.14673048005700245
MS,PB_28,GACAGAGCAAACTGTC-1,PB,0.21652048907857124
MS,PB_28,GACGTTAGTCCAACTA-1,PB,0.057416634206181025
MS,PB_28,GATTCAGCAAGCTGTT-1,PB,-0.04373158140341472
MS,PB_28,GCGCAGTCAGTTCCCT-1,PB,0.056436114683593726
MS,PB_28,GGGCACTGTTTGCATG-1,PB,0.07751457122366644
MS,PB_28,GTACTCCAGTTACGGG-1,PB,-0.011810698268223837
MS,PB_28,GTTCGGGTCGTAGGAG-1,PB,-0.29997119987097626
MS,PB_28,TAAGAGACATTGTGCA-1,PB,-0.29997119987097626
MS,PB_28,TACACGAAGAGTTGGC-1,PB,-0.030273695492196707
MS,PB_28,TAGGCATGTCAAACTC-1,PB,-0.29997119987097626
MS,PB_28,TCTCTAACACCTCGTT-1,PB,1.0510887895203092
MS,PB_28,TGCCAAAAGCTGAACG-1,PB,0.4021107363473356
MS,PB_28,TGGGCGTCACCGAAAG-1,PB,0.4942790380891619
MS,PB_28,TTAGTTCTCAAACCAC-1,PB,0.5928995707078171
MS,PB_28,TTGCCGTTCGGCTTGG-1,PB,-0.29997119987097626
MS,PB_29,AAAGCAACAGCTGTGC-1,PB,-0.020318504622177134
MS,PB_29,AAGTCTGTCACGCGGT-1,PB,-0.29997119987097626
MS,PB_29,AATCCAGCAAGTAATG-1,PB,-0.29997119987097626
MS,PB_29,ACACCAACAATGGACG-1,PB,-0.29997119987097626
MS,PB_29,ACATCAGAGTGTACGG-1,PB,-0.15509658573929097
MS,PB_29,ACCGTAAAGAATGTTG-1,PB,-0.024449729402151277
MS,PB_29,ACGCCAGGTCTCTCGT-1,PB,-0.15318083574334476
MS,PB_29,ACTTTCATCTGCGACG-1,PB,0.8552532674839309
MS,PB_29,AGAATAGCACTTGGAT-1,PB,0.2824778320697948
MS,PB_29,AGACGTTCACCGAAAG-1,PB,0.7554275434534545
MS,PB_29,AGAGCTTCATCCGTGG-1,PB,-0.1510790770351829
MS,PB_29,AGCTCCTGTCATTAGC-1,PB,-0.29997119987097626
MS,PB_29,AGTTGGTAGCATCATC-1,PB,-0.09130989283970911
MS,PB_29,ATTACTCGTCTGATCA-1,PB,0.11463447588194287
MS,PB_29,ATTCTACTCGATGAGG-1,PB,0.8840587421905546
MS,PB_29,ATTTCTGCAATGGAGC-1,PB,-0.06289240932448951
MS,PB_29,CAACTAGCAAGGCTCC-1,PB,-0.15187642119516573
MS,PB_29,CACCTTGAGATATGGT-1,PB,-0.12195594175334405
MS,PB_29,CAGCTAAGTAAGGGAA-1,PB,-0.12229984016509694
MS,PB_29,CAGCTAAGTCTTCAAG-1,PB,0.29517775903726406
MS,PB_29,CAGTAACCACAAGCCC-1,PB,0.12487902416241149
MS,PB_29,CATTATCGTCGTGGCT-1,PB,0.5068352333595294
MS,PB_29,CATTCGCGTGTCTGAT-1,PB,0.012287577069572666
MS,PB_29,CCACTACAGAATGTGT-1,PB,0.5610911898659902
MS,PB_29,CCAGCGAAGCCCAACC-1,PB,-0.11834442394460265
MS,PB_29,CCTCAGTTCTCAAGTG-1,PB,-0.19673659689424294
MS,PB_29,CGAATGTGTAGGACAC-1,PB,0.020418703095453208
MS,PB_29,CGATGTAAGCCTCGTG-1,PB,0.2853224848947094
MS,PB_29,CGCGGTAGTTCCATGA-1,PB,-0.10088695192972559
MS,PB_29,CGCGTTTAGTTTGCGT-1,PB,-0.11891538065577271
MS,PB_29,CGGACTGAGACTAGGC-1,PB,0.4192696651490137
MS,PB_29,CGGACTGAGGTAGCTG-1,PB,0.5763570964673086
MS,PB_29,CGGACTGAGGTGGGTT-1,PB,0.21965000435254248
MS,PB_29,CGTAGCGGTCCAAGTT-1-1,PB,0.5396146628421329
MS,PB_29,CGTGAGCAGTTTAGGA-1,PB,0.14924213302295689
MS,PB_29,CTAACTTAGCTGAAAT-1,PB,-0.29997119987097626
MS,PB_29,CTAAGACCAGAGCCAA-1,PB,-0.29997119987097626
MS,PB_29,CTAAGACGTCGCTTTC-1,PB,0.019413987235420618
MS,PB_29,CTCATTATCTGTTTGT-1,PB,0.5975229677419819
MS,PB_29,CTCCTAGGTCCGAAGA-1,PB,-0.19713132051109233
MS,PB_29,CTCGAAAAGGTCGGAT-1,PB,-0.1452274679731554
MS,PB_29,CTCGGAGTCAAACCAC-1,PB,0.0022805341835024757
MS,PB_29,CTCGGGACACATTAGC-1,PB,0.28517467201372304
MS,PB_29,CTTTGCGGTTGCTCCT-1,PB,-0.09734044693480771
MS,PB_29,GAACATCCAAATACAG-1,PB,1.1215247797001757
MS,PB_29,GAATGAAGTACCAGTT-1,PB,0.3499825535969094
MS,PB_29,GACTACAGTCCCTTGT-1,PB,-0.29997119987097626
MS,PB_29,GACTGCGGTTTGACTG-1,PB,0.22124664253071447
MS,PB_29,GATGAAAAGAGCAATT-1,PB,0.31244891476627284
MS,PB_29,GATGAGGTCAAGGCTT-1,PB,0.6255574445702393
MS,PB_29,GCAGTTATCATCATTC-1,PB,-0.29997119987097626
MS,PB_29,GCCTCTAGTCTTGCGG-1,PB,0.3995652863506248
MS,PB_29,GCGAGAAGTGGTAACG-1,PB,-0.10087562778407107
MS,PB_29,GCGCAACGTGTCGCTG-1-1,PB,-0.05273618782263188
MS,PB_29,GCGCAACTCGGTTCGG-1,PB,0.08802370030834682
MS,PB_29,GCTCCTAGTGCCTGTG-1,PB,0.055324317224142126
MS,PB_29,GCTGGGTAGAAGAAGC-1,PB,-0.29997119987097626
MS,PB_29,GCTGGGTGTACTCAAC-1,PB,-0.05598863979498976
MS,PB_29,GGAAAGCCAAATCCGT-1,PB,0.0923312738065942
MS,PB_29,GGACGTCCAAGTTGTC-1,PB,-0.29997119987097626
MS,PB_29,GGACGTCCACTCGACG-1,PB,-0.29997119987097626
MS,PB_29,GGCCGATCAATTCCTT-1,PB,0.5273477378911667
MS,PB_29,GGGAATGTCTGGCGAC-1,PB,0.4205682692584131
MS,PB_29,GGGACCTTCATCGCTC-1,PB,-0.29997119987097626
MS,PB_29,GGGAGATAGCGATTCT-1,PB,-0.021311367621955846
MS,PB_29,GTAACGTAGCCACGTC-1,PB,0.07765880831506197
MS,PB_29,GTCAAGTGTCCGAATT-1,PB,0.527382091071315
MS,PB_29,GTCAAGTTCACCATAG-1,PB,0.08282763202407746
MS,PB_29,GTCACAAAGGTGACCA-1,PB,0.19844602870176772
MS,PB_29,GTCGGGTTCAGCACAT-1,PB,-0.16817922665747279
MS,PB_29,GTCGTAAAGTTTAGGA-1,PB,0.13835702065889086
MS,PB_29,GTCTTCGTCAGTACGT-1,PB,0.4143860700832259
MS,PB_29,GTGAAGGCATTCACTT-1,PB,0.20263607606852338
MS,PB_29,GTGCGGTGTATATGAG-1,PB,-0.10206346061067097
MS,PB_29,GTGTGCGAGAAGGGTA-1,PB,-0.18395982215090984
MS,PB_29,GTTCATTAGATCGGGT-1,PB,-0.10339210722979984
MS,PB_29,GTTCGGGAGGACACCA-1-1,PB,0.03777176916617386
MS,PB_29,GTTCGGGGTACGCACC-1,PB,0.03825139318101086
MS,PB_29,TACTTACCACGGCCAT-1,PB,-0.29997119987097626
MS,PB_29,TACTTACGTATAGGTA-1,PB,0.6089127714773044
MS,PB_29,TCATTACTCGGAATCT-1,PB,-0.29997119987097626
MS,PB_29,TCATTTGAGTGCGATG-1-1,PB,-0.19654625911943263
MS,PB_29,TCATTTGCACAGAGGT-1,PB,-0.29997119987097626
MS,PB_29,TCGGTAACATAAGACA-1,PB,0.5263969028470828
MS,PB_29,TCTGGAATCTTGCATT-1-1,PB,-0.08373470545484454
MS,PB_29,TGATTTCGTGATGTGG-1,PB,0.7443148562580858
MS,PB_29,TGCACCTTCTAGAGTC-1,PB,0.05577800841538161
MS,PB_29,TGCCAAAAGGACAGCT-1,PB,0.29222035835633436
MS,PB_29,TGGCGCAGTCGGATCC-1,PB,0.18837955147510804
MS,PB_29,TGTGGTACAGCTGGCT-1,PB,0.1795156532090337
MS,PB_29,TGTTCCGGTAGAAGGA-1,PB,-0.11972629391166975
MS,PB_29,TTAACTCCAAGCCATT-1,PB,0.081632600853744
MS,PB_29,TTAGGACTCACCTTAT-1,PB,-0.29997119987097626
MS,PB_29,TTATGCTTCCATTCTA-1,PB,-0.29997119987097626
MS,PB_29,TTCTACAGTCTTTCAT-1,PB,0.462903452222121
MS,PB_29,TTCTCAAAGCAGCGTA-1,PB,-0.012696543204266417
MS,PB_29,TTCTTAGAGCTGAAAT-1,PB,0.2961825681591765
MS,PB_29,TTGAACGAGCACAGGT-1,PB,0.12737329143626558
MS,PB_31,AAACCTGTCAACACAC-1,PB,0.10493273799496862
MS,PB_31,AAACGGGTCAATACCG-1,PB,-0.12520817795144704
MS,PB_31,AAACGGGTCCGAAGAG-1,PB,1.2806525309533785
MS,PB_31,AAAGCAAAGCACAGGT-1,PB,-0.09344878733784721
MS,PB_31,AACACGTTCCTGCAGG-1,PB,0.032032122693759754
MS,PB_31,AACCGCGTCTGTCTAT-1,PB,0.011376681373082629
MS,PB_31,AACTCAGTCAGCATGT-1,PB,0.321822215523555
MS,PB_31,AACTGGTAGACCACGA-1,PB,0.16027722093271193
MS,PB_31,AACTTTCAGCCAGGAT-1,PB,0.1486721625535165
MS,PB_31,AACTTTCGTTTGGCGC-1,PB,0.0008565054981186648
MS,PB_31,AATCCAGAGCTACCGC-1,PB,-0.29997119987097626
MS,PB_31,ACATCAGAGCAGATCG-1,PB,0.09617227465991672
MS,PB_31,ACATCAGGTTCGGGCT-1,PB,-0.09282255045921706
MS,PB_31,ACATCAGTCGGTTAAC-1,PB,-0.29997119987097626
MS,PB_31,ACCGTAAAGACAGACC-1,PB,-0.10510271135836673
MS,PB_31,ACCTTTATCGTGGTCG-1,PB,0.2004950046359785
MS,PB_31,ACGATGTAGAGCAATT-1,PB,-0.0223402727110725
MS,PB_31,ACGCCGAGTAATCACC-1,PB,0.060643100292930185
MS,PB_31,ACGGAGACATTGGCGC-1,PB,0.28934372340269654
MS,PB_31,ACGGGCTAGTACATGA-1,PB,0.3182467068248077
MS,PB_31,ACGGGCTCAAATTGCC-1,PB,0.11302894683614702
MS,PB_31,ACGTCAAAGAATGTTG-1,PB,0.7216600627149302
MS,PB_31,ACTATCTCACATCCAA-1,PB,-0.29997119987097626
MS,PB_31,ACTATCTGTGACAAAT-1,PB,0.12142439011848104
MS,PB_31,ACTGAACCATCTGGTA-1,PB,-0.16061565118020124
MS,PB_31,ACTGCTCTCAGAGACG-1-1,PB,0.38939379358893567
MS,PB_31,ACTTACTCAGCTTAAC-1,PB,0.37114413605685004
MS,PB_31,AGAATAGGTTACAGAA-1,PB,-0.29997119987097626
MS,PB_31,AGGGAGTAGCCACTAT-1,PB,0.007423754600294398
MS,PB_31,AGGGATGTCCTTTCGG-1,PB,0.16070610529051602
MS,PB_31,AGTAGTCGTTAGTGGG-1,PB,-0.29997119987097626
MS,PB_31,AGTGGGACACGCATCG-1,PB,-0.12081243797467751
MS,PB_31,AGTTGGTTCACTGGGC-1,PB,0.28242579136621926
MS,PB_31,AGTTGGTTCCCAAGTA-1,PB,0.1534890462732823
MS,PB_31,ATAGACCAGGTCGGAT-1,PB,0.17938650518948102
MS,PB_31,ATAGACCCAACCGCCA-1,PB,0.15574148377367011
MS,PB_31,ATAGACCGTTTGACTG-1,PB,0.44646414685267366
MS,PB_31,ATCATCTAGACACTAA-1,PB,-0.0035720654807234026
MS,PB_31,ATCCGAAGTTAAGAAC-1-1,PB,0.04386398671452496
MS,PB_31,ATGCGATTCGAATGGG-1,PB,0.28044252781042694
MS,PB_31,CAACCAACACATTTCT-1,PB,0.5062380720648467
MS,PB_31,CAAGAAAAGCGTCTAT-1,PB,0.4864343775725721
MS,PB_31,CAAGATCCACCCTATC-1,PB,0.6015030452113416
MS,PB_31,CACCAGGCACATCCGG-1,PB,-0.09590589300128236
MS,PB_31,CACCTTGGTCTCGTTC-1,PB,-0.11477962404555206
MS,PB_31,CAGAATCAGAAGGTGA-1,PB,0.403411648375128
MS,PB_31,CAGAATCTCCAAGTAC-1,PB,-0.005805305889761755
MS,PB_31,CAGCCGAAGTGCAAGC-1,PB,-0.060655231741368755
MS,PB_31,CAGCTAACAATCGGTT-1,PB,0.49276281387853366
MS,PB_31,CAGCTAAGTCTCTTAT-1,PB,-0.13741296544747741
MS,PB_31,CAGGTGCAGGCTCTTA-1,PB,0.2513504762220212
MS,PB_31,CATATGGCATACCATG-1,PB,-0.29997119987097626
MS,PB_31,CATATTCAGGGTTCCC-1,PB,0.01276912745952996
MS,PB_31,CATCAAGCACTCAGGC-1,PB,-0.04055693261350526
MS,PB_31,CATCAAGCATGTCTCC-1,PB,-0.17509133591752604
MS,PB_31,CATCAGAAGACGCAAC-1,PB,-0.1215026484855637
MS,PB_31,CATGACAAGGGCACTA-1,PB,-0.29997119987097626
MS,PB_31,CATGCCTGTATAAACG-1,PB,-0.18458043567567703
MS,PB_31,CCAATCCTCCCATTTA-1,PB,0.8646544018925191
MS,PB_31,CCCAGTTAGCTAACAA-1,PB,-0.012527556209353316
MS,PB_31,CCGTACTAGTATTGGA-1,PB,0.38174590243081985
MS,PB_31,CCGTGGATCTCCGGTT-1,PB,-0.06238423854433404
MS,PB_31,CCTAAAGTCAGCTCTC-1,PB,-0.14539124753382038
MS,PB_31,CCTAAAGTCGTTGCCT-1,PB,0.2848824399867298
MS,PB_31,CCTCAGTAGTACGACG-1,PB,-0.15879949770337834
MS,PB_31,CCTTCCCAGGTGCAAC-1,PB,0.44432882793634604
MS,PB_31,CCTTCGAAGAGTTGGC-1,PB,0.23229844385562254
MS,PB_31,CGAACATCAGATCGGA-1,PB,-0.29997119987097626
MS,PB_31,CGAATGTCAGTGGGAT-1,PB,0.039451136898600865
MS,PB_31,CGAATGTGTGCACCAC-1,PB,-0.057069070079385
MS,PB_31,CGAATGTTCTCGTATT-1,PB,-0.17517279204652428
MS,PB_31,CGACTTCAGTCGTTTG-1,PB,-0.29997119987097626
MS,PB_31,CGCCAAGGTGTGTGCC-1,PB,0.2669980963109911
MS,PB_31,CGCGGTACAAAGGTGC-1,PB,-0.12713076414417998
MS,PB_31,CGCGGTACAACAACCT-1,PB,-0.18605113501102566
MS,PB_31,CGCTGGAAGTGGCACA-1,PB,0.10164526902653585
MS,PB_31,CGGACACAGCACAGGT-1,PB,0.4346011419289778
MS,PB_31,CGGACTGTCTATGTGG-1,PB,0.0051832057213867366
MS,PB_31,CGGAGCTGTGTTTGTG-1,PB,0.15305698432268308
MS,PB_31,CGGAGTCAGGTGACCA-1,PB,-0.1114936442037729
MS,PB_31,CGTAGGCAGCACCGCT-1,PB,0.25144542781575474
MS,PB_31,CGTCAGGTCTTACCGC-1,PB,0.3260537479062721
MS,PB_31,CGTGAGCAGAGACGAA-1,PB,-0.12612535879854528
MS,PB_31,CGTGAGCTCTGGTTCC-1,PB,-0.29997119987097626
MS,PB_31,CGTGTAAGTCTCATCC-1,PB,-0.29997119987097626
MS,PB_31,CTAACTTTCCGTAGTA-1,PB,-0.2045598208955342
MS,PB_31,CTAATGGAGTTACGGG-1,PB,-0.06144090215260371
MS,PB_31,CTAATGGGTGCGATAG-1,PB,0.4778960297741941
MS,PB_31,CTACATTCATGGTAGG-1,PB,-0.16186204694673748
MS,PB_31,CTAGAGTTCCTTAATC-1,PB,0.4124808847985069
MS,PB_31,CTCAGAAAGAGTAAGG-1,PB,0.3699742269877063
MS,PB_31,CTCCTAGTCACGACTA-1,PB,0.2688293999940931
MS,PB_31,CTCGAAAGTACTTCTT-1,PB,0.09777913621856936
MS,PB_31,CTCGAAAGTTGCCTCT-1,PB,0.20890595619317773
MS,PB_31,CTCGGAGTCATCACCC-1,PB,0.27224269310219273
MS,PB_31,CTCGGGACACATCCGG-1,PB,-0.15101102893662693
MS,PB_31,CTCTAATGTCTGGAGA-1,PB,-0.05054784083690394
MS,PB_31,CTGCCTAAGTGTTTGC-1,PB,-0.29997119987097626
MS,PB_31,CTGCGGAAGATAGGAG-1,PB,0.14588236547727015
MS,PB_31,CTGCGGACACGAAACG-1,PB,-0.1297920132947709
MS,PB_31,CTGCTGTCATCAGTCA-1,PB,0.2869547772861372
MS,PB_31,CTGGTCTAGATCACGG-1,PB,-0.1699334752278244
MS,PB_31,CTGGTCTTCTGGGCCA-1,PB,0.33233338679955077
MS,PB_31,CTGTGCTCAGCCTTTC-1,PB,-0.1952900415259908
MS,PB_31,CTGTTTAAGCGTGAGT-1,PB,0.7504991703600078
MS,PB_31,CTGTTTAGTTCCACGG-1,PB,-0.29997119987097626
MS,PB_31,CTGTTTATCGTAGGAG-1,PB,0.5087285787647885
MS,PB_31,GAAACTCAGCTTTGGT-1,PB,0.23416047879694216
MS,PB_31,GAAATGATCTAACCGA-1,PB,0.27191381944370335
MS,PB_31,GAACATCTCTGGAGCC-1,PB,0.18404178319420308
MS,PB_31,GAACCTAAGAAACGCC-1,PB,0.1413352869295327
MS,PB_31,GAACCTATCCACGTTC-1,PB,-0.19341822656283608
MS,PB_31,GAATAAGCACCCATGG-1,PB,-0.29997119987097626
MS,PB_31,GAATAAGCACGGTAGA-1,PB,-0.048400425751740514
MS,PB_31,GACACGCAGCATCATC-1,PB,0.10232882015361618
MS,PB_31,GACTGCGCACGCATCG-1,PB,0.3944635403452144
MS,PB_31,GATCGTAAGAGGTTAT-1,PB,0.13415901580126954
MS,PB_31,GATGAAAGTACGACCC-1,PB,-0.29997119987097626
MS,PB_31,GATGAGGTCGCACTCT-1,PB,-0.19485974219936603
MS,PB_31,GCATACACACGAGAGT-1,PB,0.07789389198292206
MS,PB_31,GCGCCAAAGCACCGTC-1,PB,0.19753953972387386
MS,PB_31,GCGCGATGTCGCGGTT-1,PB,0.4576562250093089
MS,PB_31,GCTGCAGCATATGGTC-1-1,PB,0.13446746112850635
MS,PB_31,GCTGCAGTCGGATGGA-1,PB,-0.16935467961998987
MS,PB_31,GCTGCTTTCCATGCTC-1,PB,0.6668155428535044
MS,PB_31,GCTTCCAGTTCGGGCT-1,PB,0.22711163326806766
MS,PB_31,GCTTGAAAGGCGTACA-1,PB,0.7341105643778904
MS,PB_31,GGAAAGCGTGTTCGAT-1,PB,-0.004375821988577452
MS,PB_31,GGAACTTCATGCTAGT-1,PB,0.11074612007873176
MS,PB_31,GGCAATTGTCTGGTCG-1,PB,-0.23355555832213457
MS,PB_31,GGCCGATTCCCATTTA-1,PB,0.5787873853171863
MS,PB_31,GGCGACTAGACAAAGG-1,PB,-0.12476553383100544
MS,PB_31,GGCTCGAAGCCCTAAT-1,PB,0.6874132441936097
MS,PB_31,GGGAGATGTATAGGGC-1,PB,-0.18015606705312395
MS,PB_31,GGGATGAGTAATAGCA-1,PB,0.026419729509535368
MS,PB_31,GGGTCTGCACAGACAG-1,PB,0.39203731759444427
MS,PB_31,GGTGTTATCCGCGGTA-1,PB,0.1997665956107087
MS,PB_31,GTAACTGGTCACCCAG-1,PB,-0.29997119987097626
MS,PB_31,GTACTTTCACTGTCGG-1,PB,-0.29997119987097626
MS,PB_31,GTAGTCAAGAAGGGTA-1,PB,0.13175612429961372
MS,PB_31,GTATTCTAGCTTTGGT-1-1,PB,0.15640857425825824
MS,PB_31,GTATTCTTCCTCGCAT-1,PB,-0.07810292255803182
MS,PB_31,GTCACAATCTAACTCT-1,PB,0.15061588316876612
MS,PB_31,GTCACGGGTCACACGC-1,PB,-0.04765270492258326
MS,PB_31,GTCATTTGTGCCTGTG-1,PB,-0.16549649379987916
MS,PB_31,GTCCTCATCGGCGGTT-1,PB,0.6252960385412408
MS,PB_31,GTCGTAATCAGCTCGG-1,PB,0.5484244698436218
MS,PB_31,GTCTCGTCACGGCTAC-1,PB,0.021668176742157357
MS,PB_31,GTGCAGCTCAATAAGG-1,PB,0.25805694832397846
MS,PB_31,GTGCATAGTGAAGGCT-1-1,PB,-0.29997119987097626
MS,PB_31,GTGCTTCGTCTAGAGG-1,PB,0.14581471215663688
MS,PB_31,GTGCTTCTCTGAGGGA-1,PB,0.23417543055393958
MS,PB_31,GTTCATTCAACGATGG-1,PB,-0.29997119987097626
MS,PB_31,TAAACCGCATGCCCGA-1,PB,0.5833350539708599
MS,PB_31,TACCTTAGTCTCCATC-1,PB,-0.048552845750323634
MS,PB_31,TACTTACTCCGCGTTT-1,PB,0.029699579820715027
MS,PB_31,TACTTGTAGAGGTTGC-1,PB,-0.0970649524742834
MS,PB_31,TAGACCATCGGAAACG-1,PB,1.0063155393080687
MS,PB_31,TATGCCCGTAAGCACG-1,PB,-0.060209373161539965
MS,PB_31,TATTACCCATCATCCC-1,PB,-0.29997119987097626
MS,PB_31,TATTACCTCCCTGACT-1,PB,-0.1052760554121945
MS,PB_31,TCACGAATCCAATGGT-1,PB,0.1044338529288642
MS,PB_31,TCAGATGCAAGGACTG-1,PB,-0.025592299351529037
MS,PB_31,TCAGATGGTGCCTGTG-1,PB,-0.014851645151086886
MS,PB_31,TCAGCAAAGAGTAATC-1,PB,-0.07438613450332364
MS,PB_31,TCGCGAGCAGGTCCAC-1,PB,-0.02727068905711918
MS,PB_31,TCGCGAGTCCGCGCAA-1,PB,-0.16193857858650024
MS,PB_31,TCGCGAGTCTCAAACG-1,PB,-0.29997119987097626
MS,PB_31,TCGCGTTTCCTCCTAG-1,PB,0.01932040529820424
MS,PB_31,TCTCATAAGGTGATTA-1,PB,-0.14723960212866136
MS,PB_31,TGACAACAGGACATTA-1,PB,-0.0884760399427456
MS,PB_31,TGACTAGTCAGTGCAT-1,PB,-0.29997119987097626
MS,PB_31,TGACTAGTCTATCCTA-1,PB,0.8903693343767802
MS,PB_31,TGAGAGGAGTGAAGAG-1,PB,-0.29997119987097626
MS,PB_31,TGAGAGGAGTGTACTC-1,PB,-0.29997119987097626
MS,PB_31,TGAGAGGGTTTCCACC-1,PB,-0.16489353254011588
MS,PB_31,TGAGCCGCAGCCAATT-1,PB,-0.039931086371890454
MS,PB_31,TGAGCCGTCAATACCG-1,PB,0.35764678133892797
MS,PB_31,TGATTTCTCAATACCG-1,PB,0.048427332583665175
MS,PB_31,TGCCAAATCCTGTACC-1,PB,0.6506158776592273
MS,PB_31,TGCCCATAGCTTATCG-1,PB,0.37177990209729356
MS,PB_31,TGCCCATCACAGCGTC-1,PB,0.08453228626124162
MS,PB_31,TGCGGGTCAAGCTGTT-1,PB,-0.04732530004883913
MS,PB_31,TGCTACCCAGGGCATA-1,PB,-0.29997119987097626
MS,PB_31,TGGGAAGTCCGCGCAA-1,PB,0.12984659492166128
MS,PB_31,TGGGCGTTCGGAAACG-1,PB,0.5474058923552364
MS,PB_31,TGGTTCCAGTGAACAT-1,PB,0.019211008197174743
MS,PB_31,TGTTCCGGTGGCCCTA-1,PB,0.025740488113284363
MS,PB_31,TTAGGCAAGACAGGCT-1,PB,-0.1328413255696679
MS,PB_31,TTAGGCAGTACAAGTA-1,PB,0.07253881348988582
MS,PB_31,TTGGCAAGTCGTTGTA-1,PB,-0.11563364875300929
MS,PB_31,TTTACTGGTTGGTAAA-1,PB,0.19325323493591737
MS,PB_31,TTTCCTCGTCCCGACA-1,PB,0.1915920003622736
MS,PB_31,TTTGCGCGTCCATCCT-1,PB,0.28116405084393803
HC,PB_32,AAACCTGCAGGACCCT-1,PB,-0.05432762447239041
HC,PB_32,AAACCTGCATGAAGTA-1,PB,0.0717133731919752
HC,PB_32,AAATGCCTCAAGGTAA-1,PB,0.26324554771205444
HC,PB_32,AAATGCCTCTAGAGTC-1,PB,0.21888473295915895
HC,PB_32,AACGTTGCAGGATTGG-1,PB,0.13082371235809084
HC,PB_32,AATCCAGAGAGCCCAA-1,PB,-0.29997119987097626
HC,PB_32,ACACTGATCAACGCTA-1,PB,-0.20347079339001017
HC,PB_32,ACATGGTCAGCGAACA-1,PB,-0.15164438043438352
HC,PB_32,ACCCACTCAGCTGCAC-1,PB,-0.29997119987097626
HC,PB_32,ACGATACCAGTGAGTG-1-1,PB,0.02949443513370146
HC,PB_32,ACGCAGCTCAGTTGAC-1,PB,0.24771082225984378
HC,PB_32,ACGGCCACAGCAGTTT-1,PB,-0.29997119987097626
HC,PB_32,ACGGGCTGTTAAGACA-1,PB,0.15161609359031206
HC,PB_32,ACGGGTCCATAAGACA-1,PB,-0.14014989219239765
HC,PB_32,ACTGTCCGTTCCATGA-1,PB,-0.031219669392290733
HC,PB_32,AGAATAGAGAAGGGTA-1,PB,0.07181035830443593
HC,PB_32,AGACGTTCATTAGCCA-1,PB,0.710902138638798
HC,PB_32,AGCAGCCGTGAAGGCT-1,PB,0.5282648433027872
HC,PB_32,AGCGGTCGTTGACGTT-1,PB,0.21838903284736166
HC,PB_32,AGTAGTCTCGTAGATC-1,PB,0.27894613860517387
HC,PB_32,AGTTGGTGTAATCGTC-1,PB,0.13982111675450634
HC,PB_32,ATAACGCAGTTAGCGG-1,PB,-0.12278197848594419
HC,PB_32,ATCGAGTGTGCACTTA-1,PB,0.1860028895821951
HC,PB_32,CAAGTTGGTGAGGCTA-1,PB,-0.1748512596448434
HC,PB_32,CACACAACACTAGTAC-1-1,PB,0.11824912315372467
HC,PB_32,CACACCTGTCACCCAG-1,PB,0.18965813616212981
HC,PB_32,CACAGGCCATCCGGGT-1,PB,0.8924056107009094
HC,PB_32,CACTCCAGTGGACGAT-1,PB,0.02687551891838929
HC,PB_32,CAGTCCTTCTCCGGTT-1,PB,-0.002097344582997786
HC,PB_32,CATATTCGTGTAATGA-1,PB,-0.29997119987097626
HC,PB_32,CATCAGATCATATCGG-1,PB,0.16461696857805982
HC,PB_32,CATGGCGCACCCATTC-1,PB,0.2778064040330202
HC,PB_32,CCACCTATCAGCGACC-1,PB,-0.060334108897756186
HC,PB_32,CCACGGATCGTGGTCG-1,PB,-0.29997119987097626
HC,PB_32,CCACTACAGGAATTAC-1,PB,0.18031373324209138
HC,PB_32,CCGTTCACACAGGAGT-1,PB,0.13943967736782434
HC,PB_32,CCGTTCAGTCTCCCTA-1,PB,0.36079050137355306
HC,PB_32,CCTCTGATCGGCTTGG-1,PB,-0.07791951848228654
HC,PB_32,CCTTCGATCAGCATGT-1,PB,-0.036313414281027315
HC,PB_32,CCTTCGATCAGTTCGA-1,PB,0.3135833638570243
HC,PB_32,CGAATGTCATCGATTG-1,PB,0.7826857840783946
HC,PB_32,CGAGCCAGTCTGGTCG-1,PB,-0.29997119987097626
HC,PB_32,CGCCAAGCACAGGCCT-1,PB,0.12439212695823319
HC,PB_32,CGCTGGACATATGCTG-1,PB,0.3389806667374376
HC,PB_32,CGGACTGCACAGCGTC-1,PB,0.171056642982806
HC,PB_32,CGGAGCTTCCTCGCAT-1,PB,0.17703526320386162
HC,PB_32,CTAATGGTCACGACTA-1,PB,0.7476158332304433
HC,PB_32,CTAGCCTCAAGGTTTC-1,PB,0.3391028457658849
HC,PB_32,CTAGTGAAGCACACAG-1,PB,0.4759199679064408
HC,PB_32,CTCAGAAGTTCGCGAC-1,PB,0.6375135566521396
HC,PB_32,CTCATTAAGACTGGGT-1,PB,0.1665995167271539
HC,PB_32,CTCCTAGGTAGCGATG-1,PB,0.3952995283704736
HC,PB_32,CTCCTAGGTCCTCCAT-1,PB,-0.29997119987097626
HC,PB_32,CTCGAAAGTCCCTACT-1,PB,0.027777644038560444
HC,PB_32,CTCGAAAGTGTCTGAT-1,PB,0.4220196766551054
HC,PB_32,CTCGTACAGATACACA-1,PB,-0.29997119987097626
HC,PB_32,CTCGTACAGTACCGGA-1,PB,0.26888746774996103
HC,PB_32,CTCTGGTCAATCGAAA-1,PB,-0.29997119987097626
HC,PB_32,CTCTGGTCAATCTACG-1,PB,0.5462437114625349
HC,PB_32,CTGCTGTTCACCTCGT-1,PB,-0.29997119987097626
HC,PB_32,CTGTGCTGTAACGTTC-1,PB,0.21574804616045737
HC,PB_32,CTTACCGAGAGTCTGG-1,PB,0.2324817141997961
HC,PB_32,GAATAAGGTACCGCTG-1,PB,0.06265488901519434
HC,PB_32,GACAGAGTCCACGTGG-1,PB,0.6406470921623281
HC,PB_32,GAGTCCGGTAGCGTGA-1,PB,-0.13367128976486684
HC,PB_32,GATCGTACATGCGCAC-1,PB,0.02490938553149261
HC,PB_32,GATCTAGAGGTGATTA-1,PB,-0.09046064383701387
HC,PB_32,GATCTAGCATGCAATC-1,PB,1.2274820077875963
HC,PB_32,GATGCTACAATCCGAT-1,PB,-0.1000393347346945
HC,PB_32,GCAGCCACAAGGACAC-1,PB,-0.05414911346022449
HC,PB_32,GCATGATAGAGACGAA-1,PB,-0.11400551262496186
HC,PB_32,GCCTCTAGTTGGTTTG-1,PB,0.3132496273888262
HC,PB_32,GCGCAGTTCGTTGACA-1,PB,-0.29997119987097626
HC,PB_32,GCTGCAGTCATGTAGC-1,PB,0.15573049290432803
HC,PB_32,GCTGGGTCATATACGC-1,PB,0.1487926275806562
HC,PB_32,GGAACTTGTGACTCAT-1,PB,0.13097540335855634
HC,PB_32,GGACATTGTGTTGAGG-1,PB,0.5357124259417534
HC,PB_32,GGACGTCTCTGTGCAA-1,PB,0.8008989029109038
HC,PB_32,GGCAATTAGATATACG-1,PB,-0.12565248091169237
HC,PB_32,GGCTGGTAGTGACTCT-1,PB,-0.29997119987097626
HC,PB_32,GGGAATGTCGCAAACT-1,PB,-0.050078193540597095
HC,PB_32,GGGCATCAGGCAATTA-1,PB,0.5411555986670435
HC,PB_32,GGGTCTGGTAACGACG-1,PB,1.041365472286452
HC,PB_32,GGTGCGTCAGTTTACG-1,PB,0.5831279213828153
HC,PB_32,GGTGCGTTCGCCCTTA-1-1,PB,-0.29997119987097626
HC,PB_32,GTAACTGTCATCTGCC-1,PB,-0.29997119987097626
HC,PB_32,GTCAAGTTCCACGAAT-1,PB,-0.29997119987097626
HC,PB_32,GTCATTTCATGTTCCC-1,PB,-0.1241910361144634
HC,PB_32,GTGCTTCAGCATGGCA-1,PB,0.7572061418022161
HC,PB_32,GTGTTAGAGTCTCGGC-1,PB,-0.29997119987097626
HC,PB_32,GTTACAGTCCAAATGC-1,PB,-0.29997119987097626
HC,PB_32,GTTCGGGCAATGAATG-1,PB,-0.20500962124419
HC,PB_32,GTTCTCGCATCCAACA-1,PB,0.3298061525592102
HC,PB_32,TACTCGCCACAGAGGT-1,PB,-0.29997119987097626
HC,PB_32,TAGTGGTAGATATGGT-1,PB,0.5096353537191254
HC,PB_32,TATCAGGTCGTGACAT-1,PB,-0.29997119987097626
HC,PB_32,TATCAGGTCTCTAAGG-1,PB,0.08792145832867729
HC,PB_32,TCAGGATTCCCAACGG-1,PB,0.919333805836717
HC,PB_32,TCAGGATTCTGCGACG-1,PB,0.7230095717847858
HC,PB_32,TCAGGTACATTGTGCA-1,PB,-0.29997119987097626
HC,PB_32,TCGAGGCAGATGCGAC-1,PB,-0.29997119987097626
HC,PB_32,TCGCGAGCACAGCGTC-1,PB,0.4012360724687891
HC,PB_32,TCGGGACCAAAGGCGT-1-1,PB,0.3975303248159658
HC,PB_32,TCGGGACTCCGCATAA-1,PB,0.4795884151268983
HC,PB_32,TGACAACCACGACGAA-1,PB,0.4698359151014772
HC,PB_32,TGACAACGTGCTCTTC-1,PB,-0.29997119987097626
HC,PB_32,TGACGGCCACACATGT-1,PB,0.7755392607411883
HC,PB_32,TGACTTTGTGCGGTAA-1,PB,0.22783433630391484
HC,PB_32,TGCACCTCAATCCGAT-1,PB,0.8158110134337051
HC,PB_32,TGCCCATAGATCGGGT-1,PB,-0.29997119987097626
HC,PB_32,TGCCCTATCCTTAATC-1,PB,-0.29997119987097626
HC,PB_32,TGGTTAGCAAACGTGG-1,PB,0.5523710257381159
HC,PB_32,TTAGTTCAGGCGCTCT-1,PB,0.5975525637832375
HC,PB_32,TTTACTGCAGGACGTA-1,PB,-0.1289297453986226
HC,PB_32,TTTGCGCGTAAGCACG-1,PB,-0.29997119987097626
MS,MS19270_PB,GSM4104134_AAAGATGAGGAGCGTT-1,PB,0.1754647815308263
MS,MS19270_PB,GSM4104134_AAAGTAGTCTACTTAC-1,PB,0.2111589954013476
MS,MS19270_PB,GSM4104134_AACCATGTCTGCTGCT-1,PB,-0.07389692182469412
MS,MS19270_PB,GSM4104134_AACTCCCCAAGGTTCT-1,PB,-0.11433654958502681
MS,MS19270_PB,GSM4104134_AACTTTCGTCGGCACT-1,PB,-0.29997119987097626
MS,MS19270_PB,GSM4104134_AAGTCTGGTAGGGTAC-1,PB,-0.29997119987097626
MS,MS19270_PB,GSM4104134_ACTGAGTCAGATGGCA-1,PB,-0.14974582186822946
MS,MS19270_PB,GSM4104134_AGAATAGGTCGAGTTT-1,PB,-0.16571116455035712
MS,MS19270_PB,GSM4104134_AGCCTAATCAGCTTAG-1,PB,0.5617881788786254
MS,MS19270_PB,GSM4104134_AGCTCCTGTCGCTTCT-1,PB,-0.29997119987097626
MS,MS19270_PB,GSM4104134_AGGGTGATCTTCAACT-1,PB,0.023666796789535365
MS,MS19270_PB,GSM4104134_ATAGACCAGGGCTCTC-1,PB,-0.021359537071874185
MS,MS19270_PB,GSM4104134_ATAGACCCATGAAGTA-1,PB,0.15277429148472316
MS,MS19270_PB,GSM4104134_ATAGACCTCTCTAGGA-1,PB,0.25979208009913646
MS,MS19270_PB,GSM4104134_ATCTACTGTAGGCTGA-1,PB,0.10316790902353193
MS,MS19270_PB,GSM4104134_ATCTACTTCGAGAACG-1,PB,-0.13550516914388747
MS,MS19270_PB,GSM4104134_ATCTGCCGTCATGCCG-1,PB,0.06253958586528974
MS,MS19270_PB,GSM4104134_ATTGGACAGTCGTACT-1,PB,-0.1608353647528098
MS,MS19270_PB,GSM4104134_CAACCTCAGCACAGGT-1,PB,0.22412892652704783
MS,MS19270_PB,GSM4104134_CAGTCCTGTTCAGTAC-1,PB,-0.29997119987097626
MS,MS19270_PB,GSM4104134_CATCAAGAGACTAGGC-1,PB,0.1450154317606497
MS,MS19270_PB,GSM4104134_CCACCTATCTCCAGGG-1,PB,-0.29997119987097626
MS,MS19270_PB,GSM4104134_CCACTACCAGGATCGA-1,PB,0.037826181499846685
MS,MS19270_PB,GSM4104134_CCACTACCATCGACGC-1,PB,-0.29997119987097626
MS,MS19270_PB,GSM4104134_CCACTACTCTGCGTAA-1,PB,0.014249131890727582
MS,MS19270_PB,GSM4104134_CCAGCGAAGTCTCAAC-1,PB,-0.29997119987097626
MS,MS19270_PB,GSM4104134_CCATTCGAGCGTAATA-1,PB,0.3955279805945483
MS,MS19270_PB,GSM4104134_CCATTCGCATACAGCT-1,PB,0.10891988263356045
MS,MS19270_PB,GSM4104134_CCTACACCATGTTGAC-1,PB,0.1354946175648794
MS,MS19270_PB,GSM4104134_CCTACCACAGCCAGAA-1,PB,-0.29997119987097626
MS,MS19270_PB,GSM4104134_CCTCTGAAGTATCGAA-1,PB,-0.0570625770296778
MS,MS19270_PB,GSM4104134_CGACTTCCACGCGAAA-1,PB,-0.29997119987097626
MS,MS19270_PB,GSM4104134_CGATCGGGTTTGACTG-1,PB,0.15248678418018732
MS,MS19270_PB,GSM4104134_CGATGTAAGCTGCCCA-1,PB,-0.05738153344265456
MS,MS19270_PB,GSM4104134_CGCGGTAGTCTCCATC-1,PB,-0.05349253049107754
MS,MS19270_PB,GSM4104134_CGCGTTTAGTGTCCCG-1,PB,0.12009377981183145
MS,MS19270_PB,GSM4104134_CGGCTAGTCTGCCAGG-1,PB,-0.29997119987097626
MS,MS19270_PB,GSM4104134_CGTGAGCAGTACGACG-1,PB,0.203300034170194
MS,MS19270_PB,GSM4104134_CTAAGACAGCTGAAAT-1,PB,0.5066843751146469
MS,MS19270_PB,GSM4104134_CTACACCCACGAAGCA-1,PB,0.036743992394922195
MS,MS19270_PB,GSM4104134_CTAGAGTAGACCACGA-1,PB,1.1066191362893127
MS,MS19270_PB,GSM4104134_CTCAGAACAGCTGGCT-1,PB,0.17219992524196864
MS,MS19270_PB,GSM4104134_CTCATTAGTATATCCG-1,PB,-0.15517177284493913
MS,MS19270_PB,GSM4104134_CTCTGGTTCTGCGACG-1,PB,-0.29997119987097626
MS,MS19270_PB,GSM4104134_CTGCCTAAGGCCATAG-1,PB,0.23348848177296913
MS,MS19270_PB,GSM4104134_CTTAACTGTAGCGTAG-1,PB,0.27771735495983874
MS,MS19270_PB,GSM4104134_CTTAGGACACCAACCG-1,PB,-0.29997119987097626
MS,MS19270_PB,GSM4104134_CTTGGCTAGGGCTTGA-1,PB,0.37114712374476344
MS,MS19270_PB,GSM4104134_CTTGGCTAGTCAAGGC-1,PB,0.3731738820105943
MS,MS19270_PB,GSM4104134_CTTTGCGCATTAGGCT-1,PB,-0.29997119987097626
MS,MS19270_PB,GSM4104134_GAACCTACACAGACAG-1,PB,0.07351990189704703
MS,MS19270_PB,GSM4104134_GAAGCAGAGTTTGCGT-1,PB,-0.13771456409028493
MS,MS19270_PB,GSM4104134_GAAGCAGCACGCCAGT-1,PB,-0.03143090620330626
MS,MS19270_PB,GSM4104134_GAATAAGAGCTAGGCA-1,PB,-0.10426590877204335
MS,MS19270_PB,GSM4104134_GAATGAACAGCTCGCA-1,PB,0.23993766820848103
MS,MS19270_PB,GSM4104134_GACCTGGGTCGCGGTT-1,PB,-0.18102229425024088
MS,MS19270_PB,GSM4104134_GACGTGCAGAAGAAGC-1,PB,0.9623160072664005
MS,MS19270_PB,GSM4104134_GATCGATTCTTCCTTC-1,PB,-0.05892477080298618
MS,MS19270_PB,GSM4104134_GATGCTAAGCGATTCT-1,PB,-0.028822104563470473
MS,MS19270_PB,GSM4104134_GATGCTAGTAGAGCTG-1,PB,-0.29997119987097626
MS,MS19270_PB,GSM4104134_GCAAACTAGTATGACA-1,PB,-0.29997119987097626
MS,MS19270_PB,GSM4104134_GCAAACTGTCTGGTCG-1,PB,0.024708863172048647
MS,MS19270_PB,GSM4104134_GCAGTTAAGAGTCGGT-1,PB,0.38722899415920914
MS,MS19270_PB,GSM4104134_GCATGTACATGCCCGA-1,PB,-0.29997119987097626
MS,MS19270_PB,GSM4104134_GCATGTATCGTGACAT-1,PB,-0.29997119987097626
MS,MS19270_PB,GSM4104134_GCTGCAGGTGGTTTCA-1,PB,0.574413756118349
MS,MS19270_PB,GSM4104134_GCTGGGTTCACGATGT-1,PB,-0.29997119987097626
MS,MS19270_PB,GSM4104134_GCTTCCAGTGGAAAGA-1,PB,0.016199096630119536
MS,MS19270_PB,GSM4104134_GGATTACCATTGGGCC-1,PB,-0.1721051846091334
MS,MS19270_PB,GSM4104134_GGCAATTCATCTATGG-1,PB,0.25440855151536806
MS,MS19270_PB,GSM4104134_GGGACCTCAAATTGCC-1,PB,-0.29997119987097626
MS,MS19270_PB,GSM4104134_GGGACCTTCGCCAAAT-1,PB,-0.12531024896183465
MS,MS19270_PB,GSM4104134_GGGTCTGGTTCAACCA-1,PB,0.3006162146366491
MS,MS19270_PB,GSM4104134_GTACGTAAGAAAGTGG-1,PB,-0.29997119987097626
MS,MS19270_PB,GSM4104134_GTATCTTGTAAATGTG-1,PB,-0.29997119987097626
MS,MS19270_PB,GSM4104134_GTCACAACACCTATCC-1,PB,-0.1602360605257195
MS,MS19270_PB,GSM4104134_GTGCTTCCAGCTGCTG-1,PB,-0.29997119987097626
MS,MS19270_PB,GSM4104134_GTGTGCGCAATCACAC-1,PB,0.13277974154940572
MS,MS19270_PB,GSM4104134_GTTTCTAAGGCCCTCA-1,PB,0.4320248102506519
MS,MS19270_PB,GSM4104134_TAAGAGAGTCCCTACT-1,PB,-0.29997119987097626
MS,MS19270_PB,GSM4104134_TACGGGCTCCCAAGTA-1,PB,-0.29997119987097626
MS,MS19270_PB,GSM4104134_TAGGCATCACCACGTG-1,PB,-0.29997119987097626
MS,MS19270_PB,GSM4104134_TAGTTGGCAGGACCCT-1,PB,-0.05414911346022449
MS,MS19270_PB,GSM4104134_TATCAGGTCATTCACT-1,PB,-0.0807723113650133
MS,MS19270_PB,GSM4104134_TATCTCAAGGATGGTC-1,PB,0.29920127509334765
MS,MS19270_PB,GSM4104134_TCGGTAACATTTGCCC-1,PB,0.38101089167799035
MS,MS19270_PB,GSM4104134_TCTCTAAAGCAACGGT-1,PB,-0.05707477254152409
MS,MS19270_PB,GSM4104134_TGACAACGTTGTCTTT-1,PB,0.09749722167223543
MS,MS19270_PB,GSM4104134_TGAGCCGAGATCTGAA-1,PB,-0.29997119987097626
MS,MS19270_PB,GSM4104134_TGAGCCGAGCCGTCGT-1,PB,-0.29997119987097626
MS,MS19270_PB,GSM4104134_TGCACCTTCACTTACT-1,PB,-0.03345257026870656
MS,MS19270_PB,GSM4104134_TGCCCTATCGAATGCT-1,PB,0.08327306382766043
MS,MS19270_PB,GSM4104134_TGCGCAGAGCCCTAAT-1,PB,0.0039218635953873525
MS,MS19270_PB,GSM4104134_TGGCGCATCAATCACG-1,PB,-0.29997119987097626
MS,MS19270_PB,GSM4104134_TGGCGCATCAGCCTAA-1,PB,0.36848766160016716
MS,MS19270_PB,GSM4104134_TGGGCGTTCGCCTGAG-1,PB,-0.15605683177750082
MS,MS19270_PB,GSM4104134_TTCGGTCAGAGCTGGT-1,PB,0.011690010879816057
MS,MS19270_PB,GSM4104134_TTCGGTCGTCATGCCG-1,PB,-0.008592638831307913
MS,MS19270_PB,GSM4104134_TTTACTGCACTGAAGG-1,PB,-0.29997119987097626
MS,MS49131_PB,GSM4104136_AACCATGCATAACCTG-1,PB,0.3260418559280625
MS,MS49131_PB,GSM4104136_AAGACCTCAACACCTA-1,PB,-0.05668501450962664
MS,MS49131_PB,GSM4104136_AATCGGTCATGTTGAC-1,PB,-0.043015270375177626
MS,MS49131_PB,GSM4104136_ACACCCTCATCAGTCA-1,PB,0.11138576032689551
MS,MS49131_PB,GSM4104136_ACACTGATCTCATTCA-1,PB,0.4638042171257975
MS,MS49131_PB,GSM4104136_ACCAGTAGTCCGAAGA-1,PB,0.26145753895823354
MS,MS49131_PB,GSM4104136_ACCGTAAGTCTCGTTC-1,PB,-0.29997119987097626
MS,MS49131_PB,GSM4104136_ACGCAGCAGGCTAGGT-1,PB,-0.1596401513538192
MS,MS49131_PB,GSM4104136_ACGCAGCAGTCTTGCA-1,PB,-0.1266613366270456
MS,MS49131_PB,GSM4104136_ACTGCTCGTCATGCAT-1,PB,-0.29997119987097626
MS,MS49131_PB,GSM4104136_AGAGTGGCAAGGTTTC-1,PB,0.35623671012329605
MS,MS49131_PB,GSM4104136_AGGCCGTGTTCAGTAC-1,PB,-0.0931472671261052
MS,MS49131_PB,GSM4104136_ATAAGAGGTTAGTGGG-1,PB,-0.12813902693688983
MS,MS49131_PB,GSM4104136_ATCCACCTCTCATTCA-1,PB,-0.29997119987097626
MS,MS49131_PB,GSM4104136_ATGAGGGTCTCTAAGG-1,PB,-0.29997119987097626
MS,MS49131_PB,GSM4104136_ATGTGTGCATGCATGT-1,PB,-0.29997119987097626
MS,MS49131_PB,GSM4104136_ATGTGTGGTCTCCATC-1,PB,-0.15054641255306592
MS,MS49131_PB,GSM4104136_ATTACTCCAGTCACTA-1,PB,-0.29997119987097626
MS,MS49131_PB,GSM4104136_ATTGGACGTCTGATCA-1,PB,-0.29997119987097626
MS,MS49131_PB,GSM4104136_ATTGGACGTCTGGAGA-1,PB,-0.29997119987097626
MS,MS49131_PB,GSM4104136_ATTGGACGTTTGACAC-1,PB,0.0036026543240824183
MS,MS49131_PB,GSM4104136_CACACAACACCTCGGA-1,PB,-0.29997119987097626
MS,MS49131_PB,GSM4104136_CACACCTTCTCCGGTT-1,PB,-0.29997119987097626
MS,MS49131_PB,GSM4104136_CACACTCAGTCCGTAT-1,PB,0.013631963546591908
MS,MS49131_PB,GSM4104136_CACCAGGAGATCCCGC-1,PB,-0.05562223021183848
MS,MS49131_PB,GSM4104136_CAGATCATCACTTCAT-1,PB,0.8241007319168511
MS,MS49131_PB,GSM4104136_CAGCTGGGTATGAATG-1,PB,-0.29997119987097626
MS,MS49131_PB,GSM4104136_CATGACAGTCTGCCAG-1,PB,0.13933309377137124
MS,MS49131_PB,GSM4104136_CCCTCCTCAGACAAGC-1,PB,-0.29997119987097626
MS,MS49131_PB,GSM4104136_CCGGGATGTGGTACAG-1,PB,-0.14957890126546783
MS,MS49131_PB,GSM4104136_CCGGGATTCCGAAGAG-1,PB,-0.29997119987097626
MS,MS49131_PB,GSM4104136_CCGTACTAGGGATGGG-1,PB,0.6459235782136007
MS,MS49131_PB,GSM4104136_CCTAAAGCACAACGTT-1,PB,-0.1746366583537334
MS,MS49131_PB,GSM4104136_CCTACCAAGCCCGAAA-1,PB,-0.130202175900893
MS,MS49131_PB,GSM4104136_CCTCTGATCACTTCAT-1,PB,0.008350710841293336
MS,MS49131_PB,GSM4104136_CCTTCCCTCTATCCTA-1,PB,0.6187437633727464
MS,MS49131_PB,GSM4104136_CCTTCGAGTTCCGTCT-1,PB,-0.10050471286580545
MS,MS49131_PB,GSM4104136_CGAACATGTATCACCA-1,PB,0.36386064746536767
MS,MS49131_PB,GSM4104136_CGACTTCGTCTCAACA-1,PB,0.5326385041351014
MS,MS49131_PB,GSM4104136_CGAGAAGGTAACGTTC-1,PB,-0.12488646757332388
MS,MS49131_PB,GSM4104136_CGAGAAGGTACCGGCT-1,PB,0.04952811089556782
MS,MS49131_PB,GSM4104136_CGATTGATCCACGTTC-1,PB,0.2675181662612941
MS,MS49131_PB,GSM4104136_CGCGGTACATGCGCAC-1,PB,-0.29997119987097626
MS,MS49131_PB,GSM4104136_CGCTTCATCCGAATGT-1,PB,-0.29997119987097626
MS,MS49131_PB,GSM4104136_CGGAGCTTCTCGTATT-1,PB,-0.023341175576020435
MS,MS49131_PB,GSM4104136_CGTCAGGCACCACGTG-1,PB,0.050686566256647324
MS,MS49131_PB,GSM4104136_CGTCCATGTAAATGTG-1,PB,-0.29997119987097626
MS,MS49131_PB,GSM4104136_CGTGTAAGTAGGCTGA-1,PB,-0.29997119987097626
MS,MS49131_PB,GSM4104136_CGTGTCTCATATGAGA-1,PB,-0.042581794686969696
MS,MS49131_PB,GSM4104136_CTAGCCTTCGGAAATA-1,PB,0.4430151348434124
MS,MS49131_PB,GSM4104136_CTAGTGAGTTTGCATG-1,PB,0.3209101117247468
MS,MS49131_PB,GSM4104136_CTCGAAATCTAACGGT-1,PB,-0.1648284965602869
MS,MS49131_PB,GSM4104136_CTCGGAGTCAAAGTAG-1,PB,-0.18678310330229594
MS,MS49131_PB,GSM4104136_CTCTACGGTTCCCGAG-1,PB,-0.08627942331530039
MS,MS49131_PB,GSM4104136_CTCTGGTTCCCTAATT-1,PB,-0.29997119987097626
MS,MS49131_PB,GSM4104136_CTGCGGAAGGGATGGG-1,PB,0.4349023928747565
MS,MS49131_PB,GSM4104136_CTGCTGTCAGATGGGT-1,PB,0.502628280856255
MS,MS49131_PB,GSM4104136_GAAGCAGTCCCACTTG-1,PB,0.019515840161868043
MS,MS49131_PB,GSM4104136_GACTGCGGTTACGACT-1,PB,-0.29997119987097626
MS,MS49131_PB,GSM4104136_GAGGTGAGTTATCACG-1,PB,-0.22037243469816348
MS,MS49131_PB,GSM4104136_GATCAGTAGTTGAGTA-1,PB,0.5394332299587835
MS,MS49131_PB,GSM4104136_GATCGCGCAGTTAACC-1,PB,-0.29997119987097626
MS,MS49131_PB,GSM4104136_GATCGCGTCGAGAGCA-1,PB,0.12528131454060545
MS,MS49131_PB,GSM4104136_GATCGTATCCAGGGCT-1,PB,0.1114979533360447
MS,MS49131_PB,GSM4104136_GATTCAGAGACCCACC-1,PB,-0.17099579207333138
MS,MS49131_PB,GSM4104136_GATTCAGGTCTAGGTT-1,PB,-0.18299916724251525
MS,MS49131_PB,GSM4104136_GCATGATAGATCGATA-1,PB,0.5394983024518496
MS,MS49131_PB,GSM4104136_GCATGTACATGCCTTC-1,PB,-0.29997119987097626
MS,MS49131_PB,GSM4104136_GCCTCTACATTCTCAT-1,PB,-0.07797476459369099
MS,MS49131_PB,GSM4104136_GCGCCAATCCTTTCGG-1,PB,-0.29997119987097626
MS,MS49131_PB,GSM4104136_GCTCCTAGTGCAGACA-1,PB,-0.04585594828485392
MS,MS49131_PB,GSM4104136_GCTGGGTGTCATGCAT-1,PB,-0.29997119987097626
MS,MS49131_PB,GSM4104136_GCTTGAACACAAGACG-1,PB,-0.06480882479179619
MS,MS49131_PB,GSM4104136_GCTTGAAGTCATATCG-1,PB,0.42563321606973653
MS,MS49131_PB,GSM4104136_GGAATAAAGTGGTAGC-1,PB,-0.29997119987097626
MS,MS49131_PB,GSM4104136_GGACAAGGTTTGTTGG-1,PB,0.02621978217189036
MS,MS49131_PB,GSM4104136_GGCCGATTCTAACCGA-1,PB,-0.018652203425489428
MS,MS49131_PB,GSM4104136_GGCTCGAGTCATCCCT-1,PB,0.24470810804334248
MS,MS49131_PB,GSM4104136_GGGAGATCACCAGATT-1,PB,0.0939491078192267
MS,MS49131_PB,GSM4104136_GGTGAAGGTACAGTGG-1,PB,-0.04720473464410065
MS,MS49131_PB,GSM4104136_GGTGTTATCATCGATG-1,PB,-0.11648219718350829
MS,MS49131_PB,GSM4104136_GTATTCTTCAACCAAC-1,PB,-0.08521796419991813
MS,MS49131_PB,GSM4104136_GTCTCGTAGGGATACC-1,PB,-0.2026285296702012
MS,MS49131_PB,GSM4104136_GTGCATATCACAAACC-1,PB,0.1508752126780394
MS,MS49131_PB,GSM4104136_GTGTTAGCAAGCGATG-1,PB,-0.29997119987097626
MS,MS49131_PB,GSM4104136_TAAACCGGTTGGTGGA-1,PB,0.24034778908704596
MS,MS49131_PB,GSM4104136_TAAGCGTCATAGTAAG-1,PB,-0.29997119987097626
MS,MS49131_PB,GSM4104136_TAAGCGTTCAGCGATT-1,PB,-0.29997119987097626
MS,MS49131_PB,GSM4104136_TACCTATCAAGGCTCC-1,PB,-0.29997119987097626
MS,MS49131_PB,GSM4104136_TACCTTAGTTTGTTGG-1,PB,-0.09363230028329426
MS,MS49131_PB,GSM4104136_TACTCATAGGCGCTCT-1,PB,-0.29997119987097626
MS,MS49131_PB,GSM4104136_TCACAAGCAAAGTGCG-1,PB,-0.29997119987097626
MS,MS49131_PB,GSM4104136_TCAGCAAAGAAGAAGC-1,PB,0.030712143452729403
MS,MS49131_PB,GSM4104136_TCAGCTCAGCCTATGT-1,PB,-0.29997119987097626
MS,MS49131_PB,GSM4104136_TCAGGATAGAAGGTGA-1,PB,-0.29997119987097626
MS,MS49131_PB,GSM4104136_TCATTTGAGTTAGCGG-1,PB,-0.29997119987097626
MS,MS49131_PB,GSM4104136_TCCCGATTCAAAGTAG-1,PB,0.5618740451891465
MS,MS49131_PB,GSM4104136_TCTCATAAGTCTTGCA-1,PB,-0.11005737198124302
MS,MS49131_PB,GSM4104136_TCTGGAAAGTCGTTTG-1,PB,-0.1676132450175159
MS,MS49131_PB,GSM4104136_TCTTCGGCATCCCATC-1,PB,-0.0607485430488403
MS,MS49131_PB,GSM4104136_TCTTTCCGTGATAAGT-1,PB,-0.29997119987097626
MS,MS49131_PB,GSM4104136_TGAGCATGTTGTCTTT-1,PB,0.06222302444595911
MS,MS49131_PB,GSM4104136_TGAGGGAAGTTGAGTA-1,PB,0.29124342288676736
MS,MS49131_PB,GSM4104136_TGGGAAGAGTGAATTG-1,PB,-0.29997119987097626
MS,MS49131_PB,GSM4104136_TTGACTTGTCTCTTAT-1,PB,-0.29997119987097626
MS,MS49131_PB,GSM4104136_TTGCGTCTCGGCTTGG-1,PB,-0.05955907259995171
MS,MS49131_PB,GSM4104136_TTTACTGCAGCCAGAA-1,PB,-0.08785560418886339
MS,MS49131_PB,GSM4104136_TTTGGTTAGCTGCAAG-1,PB,-0.29997119987097626
MS,MS60249_PB,GSM4104137_AAACGGGGTCATTAGC-1,PB,-0.29997119987097626
MS,MS60249_PB,GSM4104137_AAAGTAGCATGTAAGA-1,PB,-0.1577716136711254
MS,MS60249_PB,GSM4104137_AACTGGTAGGTAGCTG-1,PB,-0.16369635608783145
MS,MS60249_PB,GSM4104137_AACTGGTTCATTGCCC-1,PB,-0.29997119987097626
MS,MS60249_PB,GSM4104137_AGGGAGTGTACCTACA-1,PB,-0.29997119987097626
MS,MS60249_PB,GSM4104137_CACACAAGTGTGAAAT-1,PB,-0.006752760016430873
MS,MS60249_PB,GSM4104137_CAGCAGCAGACTGTAA-1,PB,-0.29997119987097626
MS,MS60249_PB,GSM4104137_CAGTAACCAATCTGCA-1,PB,0.05937855435498908
MS,MS60249_PB,GSM4104137_CATTATCCAAGCGAGT-1,PB,-0.03275469578793023
MS,MS60249_PB,GSM4104137_CCACTACTCGGTGTCG-1,PB,0.4774801433775656
MS,MS60249_PB,GSM4104137_CCTCAGTCAAGGCTCC-1,PB,-0.29997119987097626
MS,MS60249_PB,GSM4104137_CGCTGGAAGCGTTCCG-1,PB,-0.29997119987097626
MS,MS60249_PB,GSM4104137_CTCGAAAGTACAAGTA-1,PB,-0.29997119987097626
MS,MS60249_PB,GSM4104137_GAGTCCGTCCTGCTTG-1,PB,-0.1777603895579066
MS,MS60249_PB,GSM4104137_GGCTCGATCACCACCT-1,PB,0.25147465894872545
MS,MS60249_PB,GSM4104137_GGGAGATCATTTGCTT-1,PB,-0.29997119987097626
MS,MS60249_PB,GSM4104137_GTAACGTGTAGCAAAT-1,PB,-0.29997119987097626
MS,MS60249_PB,GSM4104137_GTGCGGTCAGTATGCT-1,PB,-0.0796321303700024
MS,MS60249_PB,GSM4104137_TACGGGCAGCTGAACG-1,PB,0.020001895254875692
MS,MS60249_PB,GSM4104137_TCGTAGATCAGGCCCA-1,PB,0.10380602727306505
MS,MS60249_PB,GSM4104137_TTCGGTCAGTAGGTGC-1,PB,-0.29997119987097626
MS,MS71658_PB,GSM4104135_AAACGGGGTTCAGCGC-1,PB,0.12282329333648352
MS,MS71658_PB,GSM4104135_AAAGCAATCCGCATAA-1,PB,0.23587299268826173
MS,MS71658_PB,GSM4104135_AACCGCGAGGGTGTGT-1,PB,0.11598368556734649
MS,MS71658_PB,GSM4104135_ACCCACTGTGAACCTT-1,PB,-0.29997119987097626
MS,MS71658_PB,GSM4104135_ACTATCTAGATGCGAC-1,PB,-0.19664152176928845
MS,MS71658_PB,GSM4104135_ACTATCTCACTCAGGC-1,PB,0.24124416443749677
MS,MS71658_PB,GSM4104135_AGCCTAATCTATGTGG-1,PB,-0.29997119987097626
MS,MS71658_PB,GSM4104135_AGGTCCGAGAGGACGG-1,PB,-0.29997119987097626
MS,MS71658_PB,GSM4104135_ATAAGAGCACCTGGTG-1,PB,-0.29997119987097626
MS,MS71658_PB,GSM4104135_CACAGTACAGCTGTTA-1,PB,-0.1380480771272309
MS,MS71658_PB,GSM4104135_CATTCGCAGACAGGCT-1,PB,-0.29997119987097626
MS,MS71658_PB,GSM4104135_CATTCGCAGATCGATA-1,PB,-0.29997119987097626
MS,MS71658_PB,GSM4104135_CCACGGAGTCCCGACA-1,PB,0.1334744985453653
MS,MS71658_PB,GSM4104135_CCTACCAGTCAGAATA-1,PB,-0.29997119987097626
MS,MS71658_PB,GSM4104135_CGCCAAGTCAACGGCC-1,PB,-0.07945652310339377
MS,MS71658_PB,GSM4104135_CTAATGGTCAGGCGAA-1,PB,0.12115862517250402
MS,MS71658_PB,GSM4104135_CTAGAGTTCCCTCTTT-1,PB,-0.29997119987097626
MS,MS71658_PB,GSM4104135_CTCAGAAAGTATGACA-1,PB,-0.29997119987097626
MS,MS71658_PB,GSM4104135_CTCTGGTAGAGCCTAG-1,PB,0.17212723168369187
MS,MS71658_PB,GSM4104135_CTGATAGTCTCGGACG-1,PB,-0.29997119987097626
MS,MS71658_PB,GSM4104135_CTGCGGAAGATGGGTC-1,PB,0.19923791784938905
MS,MS71658_PB,GSM4104135_CTTCTCTCAAGAGTCG-1,PB,-0.10319141199934327
MS,MS71658_PB,GSM4104135_GAATAAGCAAAGTCAA-1,PB,0.5433520430388229
MS,MS71658_PB,GSM4104135_GACACGCTCACAGGCC-1,PB,-0.29997119987097626
MS,MS71658_PB,GSM4104135_GACGCGTTCTGGGCCA-1,PB,-0.031222211365935205
MS,MS71658_PB,GSM4104135_GACTACATCTACCTGC-1,PB,0.3713994188561354
MS,MS71658_PB,GSM4104135_GAGCAGAGTGTGCCTG-1,PB,-0.29997119987097626
MS,MS71658_PB,GSM4104135_GAGTCCGAGCGTGAGT-1,PB,0.06569280129276422
MS,MS71658_PB,GSM4104135_GATCGATCATGGTCAT-1,PB,-0.29997119987097626
MS,MS71658_PB,GSM4104135_GCACTCTTCTCTGTCG-1,PB,0.403915950526961
MS,MS71658_PB,GSM4104135_GCCTCTAAGGTAGCCA-1,PB,-0.29997119987097626
MS,MS71658_PB,GSM4104135_GCGGGTTTCCGTAGTA-1,PB,0.5355119063536721
MS,MS71658_PB,GSM4104135_GCTGCGATCATGCTCC-1,PB,-0.033539289987575834
MS,MS71658_PB,GSM4104135_GGAATAACACCATCCT-1,PB,-0.29997119987097626
MS,MS71658_PB,GSM4104135_GGACATTTCTTCGAGA-1,PB,0.23983985583449646
MS,MS71658_PB,GSM4104135_GGCGACTAGGTAGCTG-1,PB,-0.29997119987097626
MS,MS71658_PB,GSM4104135_GGGACCTTCGATGAGG-1,PB,-0.29997119987097626
MS,MS71658_PB,GSM4104135_GGTGAAGGTCCAGTTA-1,PB,0.2141255838897731
MS,MS71658_PB,GSM4104135_GTCAAGTAGCTGAAAT-1,PB,0.11143650188747602
MS,MS71658_PB,GSM4104135_TAAGCGTTCCTCATTA-1,PB,-0.032979418438828685
MS,MS71658_PB,GSM4104135_TCACAAGTCGTATCAG-1,PB,-0.29997119987097626
MS,MS71658_PB,GSM4104135_TGCGGGTAGGATGTAT-1,PB,-0.29997119987097626
MS,MS71658_PB,GSM4104135_TGCTGCTAGGAACTGC-1,PB,0.047370225019174
MS,MS71658_PB,GSM4104135_TGTATTCCATTAGGCT-1,PB,-0.006397105831505997
MS,MS71658_PB,GSM4104135_TTCCCAGCATCAGTCA-1,PB,0.07188153706515614
MS,MS71658_PB,GSM4104135_TTCTTAGTCAGTTAGC-1,PB,-0.00403497449030935
MS,MS71658_PB,GSM4104135_TTGGAACGTATATCCG-1,PB,-0.08378400879784174
MS,MS74594_PB,GSM4104138_AACCGCGCACCAGTTA-1,PB,0.18591342793870796
MS,MS74594_PB,GSM4104138_AACTCAGGTGCCTGTG-1,PB,-0.010373288440884905
MS,MS74594_PB,GSM4104138_AAGACCTCAAGAAAGG-1,PB,-0.06579426091609795
MS,MS74594_PB,GSM4104138_AAGCCGCGTAGCTCCG-1,PB,-0.29997119987097626
MS,MS74594_PB,GSM4104138_ACACCGGTCTATCCTA-1,PB,-0.29997119987097626
MS,MS74594_PB,GSM4104138_ACAGCCGGTAGCTTGT-1,PB,0.33621505796614554
MS,MS74594_PB,GSM4104138_ACCTTTATCCACTGGG-1,PB,-0.2309866019579712
MS,MS74594_PB,GSM4104138_ACGAGGATCCAGTATG-1,PB,-0.021523118261723376
MS,MS74594_PB,GSM4104138_ACGCAGCAGCGGCTTC-1,PB,-0.29997119987097626
MS,MS74594_PB,GSM4104138_ACGTCAACATTACGAC-1,PB,-0.29997119987097626
MS,MS74594_PB,GSM4104138_ACTGTCCGTGCCTGTG-1,PB,0.3475809494919672
MS,MS74594_PB,GSM4104138_AGCAGCCAGAGGTAGA-1,PB,-0.09842495322454546
MS,MS74594_PB,GSM4104138_AGGGAGTCAGGACGTA-1,PB,0.027341981717660575
MS,MS74594_PB,GSM4104138_AGGGTGAAGCCCAGCT-1,PB,0.16195453535101817
MS,MS74594_PB,GSM4104138_AGGGTGACATTCACTT-1,PB,-0.17087584399720443
MS,MS74594_PB,GSM4104138_ATCACGAAGGTAGCTG-1,PB,-0.06503529027813613
MS,MS74594_PB,GSM4104138_ATCATGGTCAACGCTA-1,PB,-0.16051407081721766
MS,MS74594_PB,GSM4104138_ATGAGGGGTAAACGCG-1,PB,0.037306040784121634
MS,MS74594_PB,GSM4104138_CAACCTCTCCGCGCAA-1,PB,0.035674327447051
MS,MS74594_PB,GSM4104138_CACAAACTCCTTTACA-1,PB,-0.10194165587694967
MS,MS74594_PB,GSM4104138_CACATTTCATCCTTGC-1,PB,-0.19853046009999228
MS,MS74594_PB,GSM4104138_CAGAATCGTTACCAGT-1,PB,0.008640885316620677
MS,MS74594_PB,GSM4104138_CAGCCGACACGGTTTA-1,PB,-0.06309543576168233
MS,MS74594_PB,GSM4104138_CAGCCGATCTAAGCCA-1,PB,-0.29997119987097626
MS,MS74594_PB,GSM4104138_CAGCGACTCACCATAG-1,PB,0.09649013738975247
MS,MS74594_PB,GSM4104138_CAGTCCTCAGCGATCC-1,PB,-0.29997119987097626
MS,MS74594_PB,GSM4104138_CATCAGATCGTCCAGG-1,PB,-0.29997119987097626
MS,MS74594_PB,GSM4104138_CATGCCTCACAGCGTC-1,PB,-0.29997119987097626
MS,MS74594_PB,GSM4104138_CCAATCCCAGTCGATT-1,PB,0.26303908598747894
MS,MS74594_PB,GSM4104138_CCAATCCCATAGACTC-1,PB,-0.18423544859488855
MS,MS74594_PB,GSM4104138_CCATTCGAGAACTGTA-1,PB,-0.16735157908355067
MS,MS74594_PB,GSM4104138_CCCATACGTTGTTTGG-1,PB,-0.29997119987097626
MS,MS74594_PB,GSM4104138_CCCTCCTTCACGCATA-1,PB,-0.29997119987097626
MS,MS74594_PB,GSM4104138_CCCTCCTTCACTTACT-1,PB,-0.29997119987097626
MS,MS74594_PB,GSM4104138_CCGTGGATCTTTAGGG-1,PB,-0.04779074259628775
MS,MS74594_PB,GSM4104138_CCTAAAGGTCTTGCGG-1,PB,0.11660903307604553
MS,MS74594_PB,GSM4104138_CGACTTCTCCCGGATG-1,PB,-0.29997119987097626
MS,MS74594_PB,GSM4104138_CGAGAAGCAGCTGTTA-1,PB,-0.14081722218367554
MS,MS74594_PB,GSM4104138_CGATGGCGTACGCACC-1,PB,-0.29997119987097626
MS,MS74594_PB,GSM4104138_CGCGGTATCGGATGTT-1,PB,-0.033213257284376636
MS,MS74594_PB,GSM4104138_CGGACACCAGCTTCGG-1,PB,0.5350640056684487
MS,MS74594_PB,GSM4104138_CGGACTGGTCTCTCGT-1,PB,0.2851681064660667
MS,MS74594_PB,GSM4104138_CGGACTGGTCTTCAAG-1,PB,0.08869209954247718
MS,MS74594_PB,GSM4104138_CGGCTAGGTGGTGTAG-1,PB,-0.17781212299005025
MS,MS74594_PB,GSM4104138_CGGTTAACAGATAATG-1,PB,-0.29997119987097626
MS,MS74594_PB,GSM4104138_CTAGAGTGTATAGGGC-1,PB,0.022579670450780704
MS,MS74594_PB,GSM4104138_CTAGAGTTCCCAGGTG-1,PB,-0.29997119987097626
MS,MS74594_PB,GSM4104138_CTAGCCTAGATAGCAT-1,PB,-0.05849767671372984
MS,MS74594_PB,GSM4104138_CTCGTCAAGATGGCGT-1,PB,0.24994949945429237
MS,MS74594_PB,GSM4104138_CTCTGGTAGGTGCTAG-1,PB,0.29305663460897197
MS,MS74594_PB,GSM4104138_CTGCGGATCACGCGGT-1,PB,-0.29997119987097626
MS,MS74594_PB,GSM4104138_CTGTGCTGTCGGGTCT-1,PB,-0.012416559202674784
MS,MS74594_PB,GSM4104138_GACCTGGGTCCGAACC-1,PB,0.24511445810588445
MS,MS74594_PB,GSM4104138_GACTGCGAGAATGTTG-1,PB,-0.14090549019785115
MS,MS74594_PB,GSM4104138_GCAGCCAAGCCGTCGT-1,PB,0.02995826850470042
MS,MS74594_PB,GSM4104138_GCAGTTACAGGAACGT-1,PB,-0.006034575770267304
MS,MS74594_PB,GSM4104138_GCATGATGTTACGACT-1,PB,-0.09240694076286825
MS,MS74594_PB,GSM4104138_GCGCGATGTGACTCAT-1,PB,-0.29997119987097626
MS,MS74594_PB,GSM4104138_GCGGGTTAGTCAAGGC-1,PB,-0.0777621872514489
MS,MS74594_PB,GSM4104138_GCTGGGTAGAAACGCC-1,PB,-0.29997119987097626
MS,MS74594_PB,GSM4104138_GCTTCCACACGTCAGC-1,PB,-0.29997119987097626
MS,MS74594_PB,GSM4104138_GGAAAGCCAAGCGATG-1,PB,-0.29997119987097626
MS,MS74594_PB,GSM4104138_GGATTACAGATTACCC-1,PB,-0.061306031139765675
MS,MS74594_PB,GSM4104138_GGCGACTAGCTAACTC-1,PB,-0.07223054518044357
MS,MS74594_PB,GSM4104138_GGGCACTTCACGCGGT-1,PB,-0.1762739851481301
MS,MS74594_PB,GSM4104138_GGTGTTAAGGAGTAGA-1,PB,-0.018333548101037857
MS,MS74594_PB,GSM4104138_GGTGTTAGTCCCTTGT-1,PB,-0.29997119987097626
MS,MS74594_PB,GSM4104138_GTACTTTAGGACATTA-1,PB,-0.0596596037842674
MS,MS74594_PB,GSM4104138_GTCGGGTAGAATCTCC-1,PB,-0.29997119987097626
MS,MS74594_PB,GSM4104138_GTGCGGTGTGCGAAAC-1,PB,-0.17584006412950762
MS,MS74594_PB,GSM4104138_GTGCTTCCATGCCTAA-1,PB,-0.29997119987097626
MS,MS74594_PB,GSM4104138_TAAGCGTCACCCATTC-1,PB,-0.29997119987097626
MS,MS74594_PB,GSM4104138_TAAGTGCGTTCAGCGC-1,PB,-0.1898430057181922
MS,MS74594_PB,GSM4104138_TACAGTGCACCGAAAG-1,PB,-0.0822391591828781
MS,MS74594_PB,GSM4104138_TACGGATCAGTCGTGC-1,PB,-0.29997119987097626
MS,MS74594_PB,GSM4104138_TACTCATCACAGGCCT-1,PB,0.004415861674073295
MS,MS74594_PB,GSM4104138_TAGAGCTGTATGAATG-1,PB,0.1110115054422823
MS,MS74594_PB,GSM4104138_TAGTGGTCACGGTGTC-1,PB,-0.29997119987097626
MS,MS74594_PB,GSM4104138_TCAATCTGTCATATCG-1,PB,-0.29997119987097626
MS,MS74594_PB,GSM4104138_TCACAAGAGACCTAGG-1,PB,0.14592143360810955
MS,MS74594_PB,GSM4104138_TCGCGAGGTATGAATG-1,PB,-0.07886156352841159
MS,MS74594_PB,GSM4104138_TCGTACCGTCTGGAGA-1,PB,-0.29997119987097626
MS,MS74594_PB,GSM4104138_TCGTACCTCTAGAGTC-1,PB,-0.18710188391418425
MS,MS74594_PB,GSM4104138_TCGTAGAAGATGTAAC-1,PB,-0.29997119987097626
MS,MS74594_PB,GSM4104138_TGACTAGAGCCAACAG-1,PB,-0.29997119987097626
MS,MS74594_PB,GSM4104138_TGGCTGGGTTGAGTTC-1,PB,-0.29997119987097626
MS,MS74594_PB,GSM4104138_TGGGAAGTCTCTAAGG-1,PB,-0.08586123992935137
MS,MS74594_PB,GSM4104138_TGGTTAGAGGCAGGTT-1,PB,-0.09606430168745261
MS,MS74594_PB,GSM4104138_TGTCCCAGTATATGAG-1,PB,0.1726304632635107
MS,MS74594_PB,GSM4104138_TTCCCAGGTGTGACCC-1,PB,-0.29997119987097626
MS,MS74594_PB,GSM4104138_TTGGAACCATCAGTAC-1,PB,-0.29997119987097626
MS,MS74594_PB,GSM4104138_TTTACTGAGCCGCCTA-1,PB,-0.1955585537440268
MS,MS74594_PB,GSM4104138_TTTATGCGTTGCGCAC-1,PB,0.09266029353182319
HC,PST83775_PB,GSM4104139_AAATGCCGTTACGTCA-1,PB,-0.06789468513321026
HC,PST83775_PB,GSM4104139_ACACCCTTCGGCCGAT-1,PB,-0.29997119987097626
HC,PST83775_PB,GSM4104139_ACGGGTCAGCAGACTG-1,PB,-0.17180845467368844
HC,PST83775_PB,GSM4104139_CAGATCAGTAGCGCAA-1,PB,-0.16600952838861738
HC,PST83775_PB,GSM4104139_CCACCTAAGTGGTAAT-1,PB,-0.16620053422088854
HC,PST83775_PB,GSM4104139_CGTCACTAGGCTATCT-1,PB,-0.29997119987097626
HC,PST83775_PB,GSM4104139_CTCGTACAGCACCGCT-1,PB,-0.29997119987097626
HC,PST83775_PB,GSM4104139_CTTGGCTGTAGGGACT-1,PB,0.19205311779610296
HC,PST83775_PB,GSM4104139_GAAATGAAGTCAATAG-1,PB,-0.29997119987097626
HC,PST83775_PB,GSM4104139_GACGTGCTCACGCATA-1,PB,-0.1632614068518805
HC,PST83775_PB,GSM4104139_GCAGCCATCCCTCTTT-1,PB,0.1377926455258993
HC,PST83775_PB,GSM4104139_GGGCACTAGTCCATAC-1,PB,-0.29997119987097626
HC,PST83775_PB,GSM4104139_TCCCGATAGCTGATAA-1,PB,-0.29997119987097626
HC,PST83775_PB,GSM4104139_TTAACTCGTTGGTTTG-1,PB,-0.29997119987097626
HC,PST83775_PB,GSM4104139_TTCTTAGTCCAACCAA-1,PB,0.017145445622723514
HC,PST83775_PB,GSM4104139_TTTACTGGTTGAACTC-1,PB,0.12093696014639237
HC,PST95809_PB,GSM4104141_ACTTTCATCTCTAGGA-1,PB,-0.13003759935939754
HC,PST95809_PB,GSM4104141_ATTGGACAGACAAAGG-1,PB,0.21298099253798708
HC,PST95809_PB,GSM4104141_CCGTACTGTACTCTCC-1,PB,0.006872831628020516
HC,PST95809_PB,GSM4104141_CGTAGCGAGTCGTACT-1,PB,0.011460128972985364
HC,PST95809_PB,GSM4104141_GCTCCTATCAACACCA-1,PB,-0.16969467398633672
HC,PST95809_PB,GSM4104141_GTCATTTCAAAGAATC-1,PB,-0.1461746328089634
HC,PST95809_PB,GSM4104141_GTGCATACAAACAACA-1,PB,-0.00797355072220074
HC,PST95809_PB,GSM4104141_TAAACCGTCTTGCAAG-1,PB,0.3280296185103491
HC,PST95809_PB,GSM4104141_TATTACCGTACGAAAT-1,PB,-0.18481098337570448
HC,PST95809_PB,GSM4104141_TCATTACAGATACACA-1,PB,0.12876972281156016
HC,PST95809_PB,GSM4104141_TCGCGAGCAAACCTAC-1,PB,0.3910325807852368
HC,PST95809_PB,GSM4104141_TGGGAAGGTCTGGTCG-1,PB,0.22557448700828017
HC,PTC32190_PB,GSM4104140_AGCGGTCTCCTGCAGG-1,PB,0.13882425125280937
HC,PTC32190_PB,GSM4104140_AGGGATGCATAGGATA-1,PB,0.3281754659799763
HC,PTC32190_PB,GSM4104140_CAAGATCCAATCTACG-1,PB,-0.13147466524262377
HC,PTC32190_PB,GSM4104140_CACCTTGCAATCACAC-1,PB,-0.29997119987097626
HC,PTC32190_PB,GSM4104140_GAACATCCATCAGTAC-1,PB,-0.29997119987097626
HC,PTC32190_PB,GSM4104140_GGGACCTAGGTGTTAA-1,PB,-0.023269356893424225
HC,PTC32190_PB,GSM4104140_GTAGGCCGTCAGGACA-1,PB,-0.29997119987097626
HC,PTC32190_PB,GSM4104140_TCTTTCCTCAGTACGT-1,PB,-0.29997119987097626
HC,PTC41540_PB,GSM4104142_AACACGTAGCTCTCGG-1,PB,0.12263825307646835
HC,PTC41540_PB,GSM4104142_AGCGGTCGTACCATCA-1,PB,-0.29997119987097626
HC,PTC41540_PB,GSM4104142_AGCTCTCCATTGGTAC-1,PB,-0.1046199819855546
HC,PTC41540_PB,GSM4104142_CAGCGACTCAGGCAAG-1,PB,-0.29997119987097626
HC,PTC41540_PB,GSM4104142_CCTAGCTAGACTAGAT-1,PB,0.6661283456248616
HC,PTC41540_PB,GSM4104142_CGAATGTTCAAACGGG-1,PB,-0.29997119987097626
HC,PTC41540_PB,GSM4104142_CGATCGGGTTATCGGT-1,PB,-0.22435618440042285
HC,PTC41540_PB,GSM4104142_CTCACACAGAAGATTC-1,PB,-0.29997119987097626
HC,PTC41540_PB,GSM4104142_CTCGAGGGTCTCATCC-1,PB,-0.2214191869768633
HC,PTC41540_PB,GSM4104142_CTCGTACCAGGTGCCT-1,PB,-0.05999955534381738
HC,PTC41540_PB,GSM4104142_CTCTGGTTCATGTCTT-1,PB,0.0008451607670876984
HC,PTC41540_PB,GSM4104142_CTGCGGACAGCAGTTT-1,PB,0.19606454657845387
HC,PTC41540_PB,GSM4104142_CTGCTGTTCAACGAAA-1,PB,-0.29997119987097626
HC,PTC41540_PB,GSM4104142_CTTAACTCATCCAACA-1,PB,0.4189841519174366
HC,PTC41540_PB,GSM4104142_GATCTAGAGTCCGGTC-1,PB,-0.29997119987097626
HC,PTC41540_PB,GSM4104142_TCGCGTTCAAGGACTG-1,PB,-0.29997119987097626
HC,PTC41540_PB,GSM4104142_TCTATTGAGAATCTCC-1,PB,-0.164915191666215
HC,PTC41540_PB,GSM4104142_TGCTGCTTCGCTTGTC-1,PB,-0.1411513681171634
HC,PTC41540_PB,GSM4104142_TTCCCAGCAATAGCGG-1,PB,-0.04003930612851849
HC,PTC41540_PB,GSM4104142_TTCGAAGTCCAATGGT-1,PB,0.009008094882779602
HC,PTC85037_PB,GSM4104143_CATCAGAAGTATCTCG-1,PB,-0.1838368526968883
HC,PTC85037_PB,GSM4104143_CTTAACTTCTGACCTC-1,PB,0.8617328862177066
HC,PTC85037_PB,GSM4104143_GACTGCGCAGATCCAT-1,PB,0.3362045798235865
HC,PTC85037_PB,GSM4104143_GCACATATCGGATGGA-1,PB,0.2520032687191462
HC,PTC85037_PB,GSM4104143_GGTGAAGCAAATCCGT-1,PB,-0.29997119987097626
HC,PTC85037_PB,GSM4104143_GTTAAGCAGGGAAACA-1,PB,0.06912663596939891
HC,PTC85037_PB,GSM4104143_TACTTACGTTCCCGAG-1,PB,-0.09295434453786654
HC,PTC85037_PB,GSM4104143_TAGTTGGAGGACCACA-1,PB,-0.12048249253611742
HC,PTC85037_PB,GSM4104143_TCATTACGTAGCCTCG-1,PB,-0.29997119987097626
HC,PTC85037_PB,GSM4104143_TTAGGACCAAGCTGGA-1,PB,-0.29997119987097626
HC,PTC85037_PB,GSM4104143_TTCTTAGTCTCGTATT-1,PB,1.7629079040451905
