condition,patient,cell_id,tissue,zinc_signature
HC,PB_2,AAAGATGCATCACAAC-1,PB,-0.41112946889545515
HC,PB_2,AACACGTTCATCGATG-1,PB,0.014467510642416978
HC,PB_2,AACCGCGAGATGCCAG-1,PB,0.10143165893122934
HC,PB_2,AACTCAGGTTTGTTGG-1,PB,-0.19039277518555897
HC,PB_2,AACTGGTAGAACTGTA-1,PB,0.20217218922764496
HC,PB_2,AAGACCTTCCTTGACC-1,PB,-0.022484131914614514
HC,PB_2,AAGGAGCGTACAGACG-1,PB,0.11150354256958073
HC,PB_2,AAGGTTCTCTTGCATT-1,PB,-0.8782364013153338
HC,PB_2,AAGTCTGCACCGTTGG-1,PB,-0.02278994828975594
HC,PB_2,ACACCGGGTGACCAAG-1,PB,-0.7388127646049366
HC,PB_2,ACACTGAAGGGAACGG-1,PB,-0.2206382084294622
HC,PB_2,ACATACGGTCCTCTTG-1,PB,0.05481145935226924
HC,PB_2,ACATCAGTCTAACCGA-1,PB,-0.20032205363125757
HC,PB_2,ACCCACTCAGGGTATG-1,PB,0.14031214080702373
HC,PB_2,ACCGTAAAGCGTGAAC-1,PB,0.643482825134547
HC,PB_2,ACGAGGAGTGAGTATA-1,PB,-0.47886955768916517
HC,PB_2,ACGATGTAGACCGGAT-1,PB,-0.1633223100112547
HC,PB_2,ACGCCAGTCCACGTTC-1,PB,-0.11611437518287174
HC,PB_2,ACGGAGAGTAAGGGAA-1,PB,0.2401970030649218
HC,PB_2,ACTGAACGTTACAGAA-1,PB,-0.03326357256422124
HC,PB_2,ACTGATGAGAGTTGGC-1,PB,0.19808700134278062
HC,PB_2,AGACGTTTCCGTAGTA-1,PB,-0.3007492170850587
HC,PB_2,AGACGTTTCTGATTCT-1,PB,0.07648461591748844
HC,PB_2,AGAGCTTTCGGCTACG-1,PB,0.16343243610392788
HC,PB_2,AGCAGCCAGATCCCGC-1,PB,-0.2502509092355712
HC,PB_2,AGCAGCCCATCGTCGG-1,PB,-0.046984229040601955
HC,PB_2,AGCCTAAGTCTCCCTA-1,PB,0.2364529212091536
HC,PB_2,AGCGGTCAGCCTTGAT-1,PB,-0.3117096932368432
HC,PB_2,AGCTCTCTCGTGGACC-1,PB,-0.18648868155190687
HC,PB_2,AGCTTGAGTATAGGTA-1,PB,0.6073888255849104
HC,PB_2,AGGGATGAGAGTACCG-1,PB,0.11996538833586341
HC,PB_2,AGTCTTTCAATCCAAC-1,PB,0.21353660977109754
HC,PB_2,ATAACGCTCTCCAGGG-1,PB,-0.09834107806026707
HC,PB_2,ATCACGACATGAACCT-1,PB,0.05239007793799141
HC,PB_2,ATCATCTGTGCGATAG-1,PB,0.11970084065728748
HC,PB_2,ATCATCTTCAGTTAGC-1,PB,0.02214949458037017
HC,PB_2,ATCCGAAGTTATTCTC-1,PB,-0.024244052301081842
HC,PB_2,ATCCGAAGTTCAGCGC-1,PB,-0.09834107806026707
HC,PB_2,ATCTACTGTATCACCA-1,PB,-0.09834107806026707
HC,PB_2,ATCTGCCAGAAGCCCA-1,PB,-0.09834107806026707
HC,PB_2,ATCTGCCTCTGAGGGA-1,PB,-0.4106452984697733
HC,PB_2,ATTCTACGTAGGGTAC-1,PB,-0.2694646647142129
HC,PB_2,ATTTCTGAGACCCACC-1,PB,-0.09834107806026707
HC,PB_2,CAACCTCCAAGTTAAG-1,PB,0.07139097305041765
HC,PB_2,CAACCTCCACCCATTC-1,PB,-0.09834107806026707
HC,PB_2,CAAGGCCTCTGCAAGT-1,PB,0.35010204507497505
HC,PB_2,CAAGTTGGTGACCAAG-1,PB,-0.5118914016275079
HC,PB_2,CACAAACGTAATCACC-1,PB,-0.4203951534455233
HC,PB_2,CACACAACACAGGAGT-1,PB,-0.09834107806026707
HC,PB_2,CACACAACACCCTATC-1,PB,-0.6208809653568742
HC,PB_2,CACCACTTCTAGAGTC-1,PB,0.30846991548390906
HC,PB_2,CACCAGGAGCTCTCGG-1,PB,-0.05264891770806265
HC,PB_2,CACTCCAAGGCTCATT-1,PB,-0.0463170994108106
HC,PB_2,CACTCCAGTTAAGATG-1,PB,-0.2091580277348801
HC,PB_2,CACTCCATCAAACCAC-1-1,PB,-0.27729419286218554
HC,PB_2,CAGAGAGTCGCCTGAG-1,PB,0.3006978134629617
HC,PB_2,CATATGGAGACTCGGA-1,PB,0.1732806754165699
HC,PB_2,CATCCACAGAGTTGGC-1,PB,0.06360088379181748
HC,PB_2,CATTCGCAGCAAATCA-1,PB,0.043131662206976826
HC,PB_2,CATTCGCTCCGCATCT-1,PB,0.08618558599521058
HC,PB_2,CCACCTATCTCTTGAT-1,PB,-0.11375318256381149
HC,PB_2,CCACTACCATGAGCGA-1,PB,-0.5522094358917632
HC,PB_2,CCATGTCGTAAGTTCC-1,PB,0.28721587334157
HC,PB_2,CCCTCCTCAGTCCTTC-1,PB,0.023010097881995293
HC,PB_2,CCGGTAGTCTCCAACC-1,PB,0.004827493382186679
HC,PB_2,CCGTGGAGTAGTAGTA-1,PB,0.2900480678094444
HC,PB_2,CCTACCATCTAAGCCA-1,PB,0.06721252002611912
HC,PB_2,CCTTCCCCAAGCTGGA-1,PB,-0.09834107806026707
HC,PB_2,CCTTCCCGTGACAAAT-1,PB,-0.5227890363531613
HC,PB_2,CCTTCGAAGGATGTAT-1,PB,0.0939140377030518
HC,PB_2,CCTTTCTAGCTGCGAA-1,PB,-0.07551269601393351
HC,PB_2,CGACTTCTCAGCCTAA-1,PB,-0.09834107806026707
HC,PB_2,CGAGCACCACCTCGGA-1,PB,0.025757438194555036
HC,PB_2,CGATGGCAGGTGATTA-1,PB,0.10486579238240536
HC,PB_2,CGATGTAGTCTCACCT-1-1,PB,-0.09834107806026707
HC,PB_2,CGATTGAGTGACAAAT-1,PB,0.3611681316823538
HC,PB_2,CGGGTCACATGCCACG-1,PB,-0.13547975919138347
HC,PB_2,CGTAGCGGTCCGACGT-1,PB,-0.19177408261509896
HC,PB_2,CGTGTCTAGATCGATA-1,PB,0.10065238799928997
HC,PB_2,CGTTAGAAGCAGCCTC-1,PB,-0.617460709501679
HC,PB_2,CGTTCTGAGTGCGATG-1,PB,0.0899554935797159
HC,PB_2,CTACACCTCCGCTGTT-1,PB,0.08030498433521939
HC,PB_2,CTACATTTCTAACGGT-1,PB,-0.3200440053258215
HC,PB_2,CTACCCAGTCTTCGTC-1,PB,-0.41264852492975823
HC,PB_2,CTACGTCAGACTTGAA-1,PB,-0.2875126894189767
HC,PB_2,CTAGAGTAGCCGATTT-1,PB,-0.09834107806026707
HC,PB_2,CTAGCCTTCAGTGTTG-1,PB,-0.2204042178329209
HC,PB_2,CTAGCCTTCTACGAGT-1,PB,-0.2752416504709344
HC,PB_2,CTCGAAAAGATGTGGC-1,PB,-0.060828106248079494
HC,PB_2,CTCGAAAGTCCGAAGA-1,PB,-0.0734439649644018
HC,PB_2,CTCGGAGCAGCGATCC-1,PB,-0.09834107806026707
HC,PB_2,CTCTACGAGAAACGCC-1,PB,0.36778476576686764
HC,PB_2,CTGAAACCACGGCTAC-1,PB,0.7109699287692034
HC,PB_2,CTGCGGATCGGATGGA-1,PB,-0.1996904697637096
HC,PB_2,CTGCTGTGTTGCGTTA-1,PB,-0.31791829125207494
HC,PB_2,CTGGTCTGTTCAACCA-1,PB,0.07800799414887936
HC,PB_2,CTTAACTCAGGACCCT-1,PB,0.14107964783513915
HC,PB_2,GAAACTCCATGGGACA-1,PB,-0.1087618333363188
HC,PB_2,GAAATGAAGTACGCGA-1,PB,-0.034333964301015034
HC,PB_2,GAAATGACATGCAATC-1,PB,-0.1900852626548384
HC,PB_2,GAACCTAAGCTTCGCG-1,PB,-0.24478441774863682
HC,PB_2,GAACCTAGTACTTCTT-1,PB,0.16604352652961993
HC,PB_2,GACAGAGGTAGCAAAT-1,PB,0.1671906261432543
HC,PB_2,GACAGAGTCACCTTAT-1,PB,-0.4219950468722492
HC,PB_2,GACCTGGAGTGTCTCA-1,PB,-0.40181521501739675
HC,PB_2,GACGCGTCAACCGCCA-1,PB,0.11066234896371956
HC,PB_2,GACGGCTCAGGTGCCT-1,PB,0.00566844792970368
HC,PB_2,GACTACAAGGCAGGTT-1,PB,0.022900701358627956
HC,PB_2,GACTACATCCGCAGTG-1,PB,-0.00602334211549836
HC,PB_2,GAGCAGAGTATATGGA-1,PB,0.05545288647824874
HC,PB_2,GAGTCCGGTTATCCGA-1,PB,0.12818385413275327
HC,PB_2,GATGCTACATGAACCT-1,PB,-0.09834107806026707
HC,PB_2,GCAAACTAGGGTCGAT-1,PB,-0.3825308489807727
HC,PB_2,GCACTCTGTTCAACCA-1,PB,-0.8431553458428438
HC,PB_2,GCATGTACAGTCACTA-1,PB,0.11971584653202848
HC,PB_2,GCGCAGTGTATGAAAC-1,PB,0.417859394609707
HC,PB_2,GCGCCAAGTAAACGCG-1,PB,-0.09834107806026707
HC,PB_2,GCGGGTTCAGACGTAG-1,PB,0.4352112565330624
HC,PB_2,GCTTCCATCGCGTTTC-1,PB,-0.27836752147290605
HC,PB_2,GGACAAGCAACTGCGC-1,PB,-0.09834107806026707
HC,PB_2,GGAGCAAAGCCAACAG-1,PB,0.2663913619582579
HC,PB_2,GGCAATTGTCTCTTAT-1,PB,-0.5281257144358437
HC,PB_2,GGCTGGTAGTTTGCGT-1,PB,0.22661614575159197
HC,PB_2,GGGACCTTCTGATACG-1,PB,0.052126128942527473
HC,PB_2,GGGCACTGTCATCCCT-1,PB,-0.5274403905082663
HC,PB_2,GTAACGTGTAGGGTAC-1,PB,0.3324715543221425
HC,PB_2,GTACGTACATCTCGCT-1,PB,-0.09834107806026707
HC,PB_2,GTAGGCCGTCACTGGC-1,PB,-0.08415918050108616
HC,PB_2,GTCAAGTGTATATGAG-1,PB,0.33939706490186244
HC,PB_2,GTCACAAGTCTAGAGG-1,PB,-0.21824373749646978
HC,PB_2,GTCATTTTCCCTTGTG-1,PB,0.06412915848161181
HC,PB_2,GTCCTCATCGTAGGAG-1,PB,0.7868489600618416
HC,PB_2,GTCGGGTCACTGCCAG-1,PB,-0.09834107806026707
HC,PB_2,GTCTCGTAGACAAGCC-1,PB,0.36921569504329915
HC,PB_2,GTGCATACAAAGCAAT-1,PB,-0.7446834305475785
HC,PB_2,GTGGGTCTCACAATGC-1,PB,-0.23978435888178812
HC,PB_2,GTGTTAGCATGAGCGA-1,PB,-0.09834107806026707
HC,PB_2,GTTAAGCGTAGGGACT-1,PB,-0.44392225852583794
HC,PB_2,GTTAAGCGTCAGAATA-1,PB,0.1818824289480798
HC,PB_2,GTTCATTGTATAGTAG-1,PB,-0.09834107806026707
HC,PB_2,GTTCGGGTCTGAGGGA-1,PB,0.056229047762243765
HC,PB_2,GTTCTCGAGCCAGTTT-1,PB,0.08669975802194271
HC,PB_2,GTTCTCGAGTGTCCCG-1,PB,0.5495378898117043
HC,PB_2,GTTTCTATCAGCTCTC-1,PB,0.16438813240166356
HC,PB_2,TAAGCGTTCCGCGCAA-1,PB,-0.18698169025351966
HC,PB_2,TAAGCGTTCGTCTGAA-1,PB,-0.2703128284405628
HC,PB_2,TAAGTGCGTAGATTAG-1,PB,-0.21852045455826433
HC,PB_2,TAAGTGCTCATGGTCA-1,PB,-0.011253507719372804
HC,PB_2,TACCTATGTTAAAGTG-1,PB,-0.11174802629486066
HC,PB_2,TACCTTACAAAGAATC-1,PB,-0.09834107806026707
HC,PB_2,TACGGATCAGACAAGC-1,PB,-0.270586244917947
HC,PB_2,TACGGGCAGAGGTAGA-1,PB,-0.09834107806026707
HC,PB_2,TACTTACAGGACATTA-1,PB,0.055627275356370465
HC,PB_2,TACTTGTAGATAGCAT-1,PB,-0.0690231180348461
HC,PB_2,TAGAGCTCACTGTTAG-1,PB,-0.10809352719591744
HC,PB_2,TAGTGGTAGGTAAACT-1,PB,-0.09834107806026707
HC,PB_2,TAGTTGGTCACTTACT-1,PB,-0.11061079392670879
HC,PB_2,TATCAGGTCTGAGGGA-1,PB,-0.33054024456873493
HC,PB_2,TATCTCAAGTGAAGAG-1,PB,-0.09834107806026707
HC,PB_2,TCAACGAGTCGAACAG-1,PB,-0.26767805637808223
HC,PB_2,TCAATCTAGGTGCACA-1,PB,-0.09834107806026707
HC,PB_2,TCACAAGCATTGTGCA-1,PB,-0.09834107806026707
HC,PB_2,TCAGATGAGTGAAGAG-1,PB,0.02195270677119629
HC,PB_2,TCAGGTAGTGCAACTT-1,PB,-0.4232933062525119
HC,PB_2,TCCACACGTAAAGTCA-1,PB,-0.09834107806026707
HC,PB_2,TCTCTAAAGTGTACCT-1,PB,-0.09834107806026707
HC,PB_2,TGAAAGACACGGATAG-1,PB,0.4626346763007279
HC,PB_2,TGACTTTTCACGAAGG-1,PB,0.08682864506344168
HC,PB_2,TGAGCATTCCACGCAG-1,PB,0.09132038559776953
HC,PB_2,TGCCCATGTTTAAGCC-1,PB,-0.09834107806026707
HC,PB_2,TGCGCAGCAATGTTGC-1,PB,-0.029052381560082257
HC,PB_2,TGGCCAGTCTGGAGCC-1,PB,0.03345755374702182
HC,PB_2,TGGGAAGTCAAACGGG-1,PB,-0.46126002985341763
HC,PB_2,TGGGCGTTCTCTGCTG-1,PB,-0.09834107806026707
HC,PB_2,TGTTCCGCACGACTCG-1,PB,-0.3471365279089145
HC,PB_2,TGTTCCGTCTCACATT-1,PB,-0.09834107806026707
HC,PB_2,TTCCCAGCAGCTTCGG-1,PB,-0.11033527456887102
HC,PB_2,TTCGAAGCAGTCTTCC-1,PB,0.22035137126294316
HC,PB_2,TTCGGTCGTTAGATGA-1,PB,-0.32399663614113683
HC,PB_2,TTCTACATCATGTCCC-1,PB,-0.09834107806026707
HC,PB_2,TTCTTAGGTACGACCC-1,PB,-0.12857979765591984
HC,PB_2,TTGTAGGCATACTACG-1,PB,-0.1476563981963441
HC,PB_2,TTTACTGCAATGACCT-1,PB,-0.010501744423855684
HC,PB_3,AAACGGGCAAGCCTAT-1,PB,0.5807419201472506
HC,PB_3,AAACGGGCACCATCCT-1,PB,0.37709130589183976
HC,PB_3,AAACGGGCACGTAAGG-1,PB,-0.047240117203329775
HC,PB_3,AAAGATGCACAGCCCA-1,PB,0.07045248338944342
HC,PB_3,AACACGTCATACGCCG-1,PB,-0.09834107806026707
HC,PB_3,AACGTTGTCCACGAAT-1,PB,0.424492578972215
HC,PB_3,AACTCAGGTGTGAATA-1,PB,0.1473442095676412
HC,PB_3,AACTCCCGTAAGGGCT-1,PB,-0.035533553287059504
HC,PB_3,AACTGGTTCTTCTGGC-1,PB,0.18190313057689714
HC,PB_3,AATCCAGAGACACGAC-1,PB,-0.17607115276201749
HC,PB_3,AATCCAGAGGGCTTCC-1,PB,0.8976603074439424
HC,PB_3,AATCGGTGTGCTAGCC-1,PB,-0.18289235204253337
HC,PB_3,ACACCAAAGCTTTGGT-1,PB,-0.09834107806026707
HC,PB_3,ACACTGACACCTCGTT-1,PB,0.2965388193903654
HC,PB_3,ACATACGGTTCCCGAG-1,PB,0.036400379535102605
HC,PB_3,ACATACGTCCAAATGC-1,PB,0.14551619877039887
HC,PB_3,ACATACGTCTACCAGA-1,PB,-0.27045952175640675
HC,PB_3,ACCGTAATCTAACTGG-1,PB,0.022990372108390077
HC,PB_3,ACCTTTAGTCTCACCT-1,PB,-0.09834107806026707
HC,PB_3,ACCTTTATCGACAGCC-1,PB,-0.09834107806026707
HC,PB_3,ACGAGGAGTAGATTAG-1,PB,-0.29119501684180094
HC,PB_3,ACGATACCAGTGAGTG-1,PB,0.09617682287973082
HC,PB_3,ACGATGTGTGGGTATG-1,PB,-0.3008051297071868
HC,PB_3,ACGATGTTCGTGGTCG-1,PB,-0.4639860005272274
HC,PB_3,ACGCAGCCACGTAAGG-1,PB,0.08045156617740033
HC,PB_3,ACGCCAGAGACAGACC-1,PB,0.06165765415065146
HC,PB_3,ACGGAGAGTCGAGTTT-1,PB,0.13026052534389274
HC,PB_3,ACGGGCTTCCTTTACA-1,PB,0.10629468279003378
HC,PB_3,ACGGGTCGTTAGAACA-1,PB,-0.2022573106125803
HC,PB_3,AGAATAGAGACCTAGG-1,PB,-0.11544037106836222
HC,PB_3,AGAATAGGTTATCGGT-1,PB,0.19382603940637064
HC,PB_3,AGAGCTTAGATGTCGG-1,PB,0.3002370123611234
HC,PB_3,AGAGCTTCACATCTTT-1,PB,0.06450177608222421
HC,PB_3,AGATCTGAGTACACCT-1,PB,-0.21050749208548883
HC,PB_3,AGATCTGTCACCGTAA-1,PB,0.3560503488548177
HC,PB_3,AGCCTAATCGGATGTT-1,PB,0.007267315614413025
HC,PB_3,AGCGTATAGGATCGCA-1,PB,-0.02479045083144244
HC,PB_3,AGCTCCTCATTTGCTT-1,PB,0.7626596766595622
HC,PB_3,AGCTTGAGTCCCTTGT-1,PB,0.30971410118198
HC,PB_3,AGCTTGATCGCCAAAT-1,PB,-0.6276104647719115
HC,PB_3,AGCTTGATCGTCCAGG-1,PB,0.4576218148560281
HC,PB_3,AGGCCACCACGAAATA-1,PB,-0.029855031539181866
HC,PB_3,AGTAGTCCATCAGTCA-1,PB,-0.10588494025792136
HC,PB_3,AGTAGTCTCCTGCAGG-1,PB,-0.019260026341410948
HC,PB_3,AGTGAGGTCCCTTGCA-1,PB,-0.27210561306001246
HC,PB_3,AGTTGGTTCCATGAAC-1,PB,0.06518348111686122
HC,PB_3,ATCATCTGTGAGGGTT-1,PB,0.004556019663161833
HC,PB_3,ATCATCTGTTGTGGCC-1,PB,-0.20989857529038441
HC,PB_3,ATCATGGGTCGCATCG-1,PB,0.03117552875148401
HC,PB_3,ATCATGGTCAAGGTAA-1,PB,-0.238778734483808
HC,PB_3,ATCCACCGTAAGTAGT-1,PB,-0.47857024748594945
HC,PB_3,ATCTGCCCACAGGAGT-1,PB,-0.21853707395264127
HC,PB_3,ATTTCTGGTGCTAGCC-1,PB,-0.18658160522434766
HC,PB_3,ATTTCTGTCCTGTAGA-1,PB,-0.3467889996448096
HC,PB_3,CAACTAGAGGAGCGAG-1,PB,-0.17721874552593125
HC,PB_3,CACACAACACGGCCAT-1,PB,-0.09834107806026707
HC,PB_3,CACACTCGTGGGTCAA-1,PB,-0.09834107806026707
HC,PB_3,CACCACTTCGTACCGG-1,PB,-0.3274968542171314
HC,PB_3,CACCTTGCAAGACGTG-1,PB,0.20178775127533774
HC,PB_3,CAGCGACGTAACGACG-1,PB,-0.10155354082150615
HC,PB_3,CAGCTAACATGAGCGA-1,PB,-0.09834107806026707
HC,PB_3,CAGTCCTCAGCGTAAG-1,PB,-0.23748693744254923
HC,PB_3,CAGTCCTGTCTTGCGG-1,PB,-0.10151853746752296
HC,PB_3,CATCAAGGTGTATGGG-1,PB,-0.25955276648943343
HC,PB_3,CATCAGACAAGGTTTC-1,PB,-0.18962769017538214
HC,PB_3,CATCGAACATCACAAC-1,PB,-0.06604494970036599
HC,PB_3,CATGCCTCAGCCTGTG-1,PB,-0.07940418339263047
HC,PB_3,CCGTGGATCGCTTAGA-1,PB,0.10183806416146575
HC,PB_3,CCGTTCATCATGTCCC-1,PB,-0.282678629178234
HC,PB_3,CCTACCACATGTTGAC-1,PB,-0.21129713600421243
HC,PB_3,CCTCAGTAGCTAGTGG-1,PB,-0.19322346843733
HC,PB_3,CCTTCGACACTTCTGC-1,PB,-0.3395696289762493
HC,PB_3,CCTTCGAGTGTCAATC-1,PB,-0.09834107806026707
HC,PB_3,CCTTTCTCACAACTGT-1,PB,-0.06556110585895662
HC,PB_3,CCTTTCTGTCAGAGGT-1,PB,0.3517798631342088
HC,PB_3,CGACCTTCATGAACCT-1,PB,-0.02340098130303181
HC,PB_3,CGAGCACGTTCAACCA-1,PB,-0.4249786347216367
HC,PB_3,CGCCAAGCACAGCCCA-1,PB,0.19481138236219311
HC,PB_3,CGGCTAGAGGAATCGC-1,PB,-0.010607661673679656
HC,PB_3,CGTCTACGTCTACCTC-1,PB,0.2466382686660646
HC,PB_3,CGTGTAATCGGTGTTA-1,PB,0.024687332568222982
HC,PB_3,CGTTGGGGTGAGTGAC-1,PB,0.30932711370794014
HC,PB_3,CTACACCAGATACACA-1,PB,0.5311506231772442
HC,PB_3,CTCACACCAGGTCGTC-1,PB,-0.2927110718996837
HC,PB_3,CTCAGAACATCACAAC-1,PB,-0.06031325050629347
HC,PB_3,CTCAGAAGTAGCGCAA-1,PB,0.3704040937843565
HC,PB_3,CTCGAAAAGATAGGAG-1,PB,-0.19863901651863156
HC,PB_3,CTCGTCAAGTGGGTTG-1,PB,0.10152227909868808
HC,PB_3,CTCTAATTCTAACTGG-1,PB,-0.36824166514080864
HC,PB_3,CTCTACGAGTCCGTAT-1,PB,0.6076511092936577
HC,PB_3,CTTACCGGTACGCTGC-1,PB,0.1610206934084717
HC,PB_3,CTTAGGAGTTGAGTTC-1,PB,0.014397984844908781
HC,PB_3,GAAATGACAGCTGTAT-1,PB,-0.09834107806026707
HC,PB_3,GAACCTAGTTAAGACA-1,PB,0.5485871718662082
HC,PB_3,GACAGAGTCTAGCACA-1,PB,-0.43562865074684737
HC,PB_3,GACAGAGTCTCTTATG-1,PB,0.06982427989137203
HC,PB_3,GACCTGGAGGCCCTTG-1,PB,-0.09834107806026707
HC,PB_3,GACGCGTTCCCTGACT-1,PB,0.45062403562282044
HC,PB_3,GAGGTGAGTCTCACCT-1,PB,-0.09834107806026707
HC,PB_3,GAGGTGATCACCGGGT-1,PB,-0.09834107806026707
HC,PB_3,GATCGATAGTAACCCT-1,PB,-0.3741473110560749
HC,PB_3,GATCGCGTCCTCAATT-1,PB,-0.18697297046964395
HC,PB_3,GATCTAGAGTCAAGGC-1,PB,-0.09834107806026707
HC,PB_3,GATCTAGGTCGGATCC-1,PB,0.08306545258232426
HC,PB_3,GATGAAAGTAAATACG-1,PB,0.07408475966401674
HC,PB_3,GATGCTATCAGCTCGG-1,PB,-0.27072330891033236
HC,PB_3,GCAAACTTCTTATCTG-1,PB,-0.10846760497068618
HC,PB_3,GCCAAATTCAGCAACT-1,PB,-0.025247662656131653
HC,PB_3,GCGACCACATTGTGCA-1,PB,0.043939341379830785
HC,PB_3,GCGCCAAAGCCCAGCT-1,PB,0.14079076784812117
HC,PB_3,GCGCCAAAGTCACGCC-1,PB,-0.28366029196666787
HC,PB_3,GCGCCAACATGCCACG-1,PB,0.12501916227875992
HC,PB_3,GCGGGTTGTAGGCTGA-1,PB,0.01319637088452603
HC,PB_3,GCTCTGTGTACATCCA-1,PB,-0.09834107806026707
HC,PB_3,GCTCTGTGTCTCTTAT-1,PB,0.0660721631271716
HC,PB_3,GGAAAGCTCAACGGCC-1,PB,-0.09834107806026707
HC,PB_3,GGAACTTCACGCCAGT-1,PB,-0.060888788787265176
HC,PB_3,GGACATTAGCTAGTCT-1,PB,0.31493196218893527
HC,PB_3,GGATGTTGTGGTCCGT-1,PB,0.046506814669455145
HC,PB_3,GGCCGATGTGCCTGTG-1,PB,0.34218961274335696
HC,PB_3,GGCGTGTTCCAGTAGT-1,PB,0.292792367471158
HC,PB_3,GGCTGGTCAGCCTGTG-1,PB,-0.09407883148704306
HC,PB_3,GGTATTGGTCAAGCGA-1,PB,-0.20452647912126423
HC,PB_3,GGTGTTAAGCTCCTTC-1,PB,-0.24212621620640692
HC,PB_3,GTACTCCGTTGTGGCC-1,PB,-0.15477962508439122
HC,PB_3,GTACTCCTCCAAACTG-1,PB,-0.48783933786180117
HC,PB_3,GTCAAGTCAGCAGTTT-1,PB,-0.1943756800323933
HC,PB_3,GTCGTAACATGTCCTC-1,PB,0.1395871530898351
HC,PB_3,GTGCAGCAGCGCTTAT-1,PB,0.18799545223532094
HC,PB_3,GTGCAGCCAGGATTGG-1,PB,0.175874978431503
HC,PB_3,GTGGGTCCATGCAATC-1,PB,-0.23326727215210963
HC,PB_3,GTGTGCGGTTTGTTGG-1,PB,-0.2308127469988059
HC,PB_3,GTGTGCGTCTTCAACT-1,PB,0.010551808679926583
HC,PB_3,GTTACAGAGCCAGTAG-1,PB,0.10507990010041303
HC,PB_3,GTTACAGCACCAACCG-1,PB,0.1618912183538195
HC,PB_3,TAAGAGATCCTACAGA-1,PB,0.3429952902368583
HC,PB_3,TAAGTGCGTGGTCTCG-1,PB,-0.09834107806026707
HC,PB_3,TACCTATTCACTTACT-1,PB,0.12952712751355913
HC,PB_3,TACCTATTCTTGTCAT-1,PB,0.06421784574941015
HC,PB_3,TAGACCAAGATCCGAG-1,PB,0.47292777668581243
HC,PB_3,TAGACCAAGTGATCGG-1,PB,0.13738752148548622
HC,PB_3,TAGGCATCAAAGTGCG-1,PB,-0.09834107806026707
HC,PB_3,TAGTTGGAGGTGCTAG-1,PB,-0.9407637805493688
HC,PB_3,TATGCCCGTGAAAGAG-1,PB,-0.0645576307611958
HC,PB_3,TCAATCTCACCTGGTG-1,PB,-0.09834107806026707
HC,PB_3,TCAGATGAGTTAGGTA-1,PB,-0.16965358079713225
HC,PB_3,TCAGCAAAGCTGAAAT-1,PB,-0.03169866267743561
HC,PB_3,TCAGCAACACTTAACG-1,PB,-0.2603839533453144
HC,PB_3,TCAGGATTCGCTGATA-1,PB,-0.09834107806026707
HC,PB_3,TCAGGTAAGGCGATAC-1,PB,0.08344552100083093
HC,PB_3,TCATTACGTATAGGGC-1,PB,-0.16650229649802534
HC,PB_3,TCATTACTCACATACG-1-1,PB,0.5234664022017512
HC,PB_3,TCATTTGGTCCAGTTA-1,PB,-0.09834107806026707
HC,PB_3,TCATTTGTCTTCCTTC-1,PB,-0.09834107806026707
HC,PB_3,TCCCGATAGTCAATAG-1,PB,-0.1898284180017546
HC,PB_3,TCGAGGCCAGGCAGTA-1,PB,-0.09834107806026707
HC,PB_3,TCGAGGCGTACAAGTA-1,PB,0.31875114799387827
HC,PB_3,TCGGTAAAGCCATCGC-1,PB,-0.09834107806026707
HC,PB_3,TCTATTGGTGTAATGA-1,PB,0.34644305647586143
HC,PB_3,TGACGGCTCTCAAACG-1,PB,-0.38175799648672787
HC,PB_3,TGAGAGGTCTGAAAGA-1,PB,-0.1148842223349216
HC,PB_3,TGAGCATCAAGTCTAC-1,PB,0.10302783920222343
HC,PB_3,TGAGGGAAGAGTCGGT-1,PB,-0.09834107806026707
HC,PB_3,TGCTGCTGTGCAGGTA-1,PB,0.3909194837329702
HC,PB_3,TGGACGCCATCACGTA-1,PB,0.1829853267185196
HC,PB_3,TGGCCAGGTTATCGGT-1,PB,0.20608444354646918
HC,PB_3,TGGCGCAGTACGCACC-1,PB,-0.09834107806026707
HC,PB_3,TGGCTGGGTGCTGTAT-1,PB,0.11449931779314507
HC,PB_3,TGGGAAGAGGTAGCTG-1,PB,0.22263481360938203
HC,PB_3,TGTGGTAGTAGCTCCG-1,PB,0.1645238101992515
HC,PB_3,TTAGTTCAGGGTCGAT-1,PB,-0.0719396049667534
HC,PB_3,TTCTACAAGGCTACGA-1,PB,-0.09834107806026707
HC,PB_3,TTCTACACACGTCAGC-1,PB,-0.37029975849261637
HC,PB_3,TTCTCAACAGGGAGAG-1,PB,0.272016140989863
HC,PB_3,TTCTCAAGTAAATGTG-1,PB,0.1044786915438051
HC,PB_3,TTCTTAGAGAAGGTTT-1,PB,0.2677219289917296
HC,PB_3,TTGACTTCATGGATGG-1,PB,-0.2461544873419968
HC,PB_3,TTGCGTCTCTCTTATG-1,PB,0.20751680178686535
HC,PB_3,TTTGCGCGTCTTCAAG-1,PB,0.40595181043833756
HC,PB_3,TTTGGTTCATTTCACT-1,PB,0.06424660931351858
MS,PB_6,AAACGGGTCTGGCGAC-1,PB,-0.09834107806026707
MS,PB_6,AACACGTAGATCTGCT-1,PB,0.07464032002220293
MS,PB_6,AACGTTGGTACGCTGC-1-2,PB,-0.28148559381343846
MS,PB_6,AACGTTGTCAGGCAAG-1-1,PB,0.3900244831113962
MS,PB_6,AACTCTTGTACTTCTT-1,PB,-0.20075177866287214
MS,PB_6,AACTCTTTCATGTGGT-1,PB,0.5143214117752749
MS,PB_6,AACTTTCGTTAAAGTG-1,PB,0.10618971743538363
MS,PB_6,AAGACCTGTTATCACG-1,PB,0.1256151984111192
MS,PB_6,AATCCAGTCGAGAGCA-1,PB,0.007421205238803749
MS,PB_6,ACACTGAGTAAGGGCT-1,PB,-0.1660012089027127
MS,PB_6,ACATCAGTCGTAGGAG-1,PB,0.04565724662831055
MS,PB_6,ACCAGTATCATGCTCC-1,PB,0.07947247167228258
MS,PB_6,ACGAGGAAGCGTCAAG-1,PB,0.48757065921993653
MS,PB_6,ACGAGGATCTCAAGTG-1,PB,0.27962133330439826
MS,PB_6,ACGATACAGTCTTGCA-1,PB,-0.21973010737465432
MS,PB_6,ACGATACGTGCTTCTC-1,PB,-0.09834107806026707
MS,PB_6,ACGCCAGCAGTTAACC-1,PB,0.22574342226848348
MS,PB_6,ACGCCGAAGTTCCACA-1,PB,0.39553549959494727
MS,PB_6,ACGGAGATCCCGACTT-1,PB,-0.37732837663602664
MS,PB_6,ACGGCCACAAAGGCGT-1,PB,0.11630150242342951
MS,PB_6,ACGGGCTCACGGCTAC-1,PB,0.5572009429285011
MS,PB_6,ACGTCAACAATAACGA-1,PB,0.22151795503188393
MS,PB_6,ACGTCAATCACCTCGT-1,PB,-0.6899996359206177
MS,PB_6,ACTATCTGTCTGGAGA-1,PB,0.251195355123995
MS,PB_6,ACTATCTGTTTGTTGG-1,PB,0.29750456843416273
MS,PB_6,ACTGATGAGCTGCGAA-1,PB,-0.32611287548911355
MS,PB_6,ACTGATGTCTATGTGG-1,PB,0.1122751313094849
MS,PB_6,ACTTGTTCAGTCGATT-1,PB,-0.09834107806026707
MS,PB_6,AGAATAGCAAAGGAAG-1,PB,0.43929236970280183
MS,PB_6,AGATCTGTCGTTGACA-1,PB,-0.09834107806026707
MS,PB_6,AGATTGCCAGACGTAG-1,PB,0.20406285647443498
MS,PB_6,AGGTCATAGATAGCAT-1,PB,0.23156370373448437
MS,PB_6,AGGTCCGAGGGCTTCC-1,PB,-0.15454219017647763
MS,PB_6,AGTGAGGAGGAGTTTA-1,PB,0.5771819657146781
MS,PB_6,ATAACGCGTAGGAGTC-1,PB,-0.10758553591087848
MS,PB_6,ATAAGAGTCGAGCCCA-1,PB,0.13092465778592102
MS,PB_6,ATCACGAGTACGACCC-1,PB,0.19312620117757867
MS,PB_6,ATCATCTTCACTCCTG-1,PB,0.1952060398404564
MS,PB_6,ATCATGGGTTCCGGCA-1,PB,0.09521126884821408
MS,PB_6,ATGAGGGGTAAGAGAG-1,PB,0.2812794688989694
MS,PB_6,ATGCGATGTCCCTTGT-1-1,PB,-0.503470859997724
MS,PB_6,ATTACTCCAGTGGGAT-1,PB,0.18412020272863044
MS,PB_6,ATTATCCGTCTTCAAG-1,PB,0.059227985414129755
MS,PB_6,ATTGGTGAGACTGGGT-1,PB,0.4832102614087957
MS,PB_6,CAACCAAAGTCCATAC-1,PB,0.4652649116276361
MS,PB_6,CAAGGCCTCGCAGGCT-1,PB,0.5787183724837668
MS,PB_6,CAAGTTGCACGAGGTA-1,PB,0.46836874504390297
MS,PB_6,CACACCTGTGCAGACA-1,PB,0.2928448525916981
MS,PB_6,CAGAGAGAGTGCGTGA-1,PB,0.5009762778009789
MS,PB_6,CAGCTAACAAGGTTTC-1,PB,0.5983289712855951
MS,PB_6,CATCGGGTCGATAGAA-1,PB,0.10049299787695706
MS,PB_6,CATGACACAATGTTGC-1,PB,0.2905456185304667
MS,PB_6,CCACTACAGTGGTAGC-1,PB,0.5978422073308328
MS,PB_6,CCACTACCAGACTCGC-1,PB,0.41367980050627623
MS,PB_6,CCCTCCTCATTCGACA-1,PB,-0.7219886609896993
MS,PB_6,CCGGGATTCCTCAACC-1,PB,-0.1683316993077159
MS,PB_6,CCGTACTAGTACACCT-1,PB,-0.09834107806026707
MS,PB_6,CCTAGCTAGGGTGTGT-1,PB,-0.6705049399963846
MS,PB_6,CCTTACGAGCTAACAA-1,PB,0.19860888476693236
MS,PB_6,CGAACATCATCCGCGA-1,PB,0.21798754324740624
MS,PB_6,CGAGAAGTCTCAAGTG-1,PB,0.32320892902945314
MS,PB_6,CGAGAAGTCTCCAACC-1,PB,-0.11927053462972283
MS,PB_6,CGAGCCAAGTTGTAGA-1,PB,0.1259653057166862
MS,PB_6,CGATCGGGTTCCCTTG-1,PB,-0.21587910772204946
MS,PB_6,CGATTGAAGTCCATAC-1,PB,0.2876365547386354
MS,PB_6,CGCCAAGAGTGTTAGA-1,PB,-0.2891135612746684
MS,PB_6,CGCTTCAAGTTCCACA-1,PB,-0.09834107806026707
MS,PB_6,CGCTTCACACGGCCAT-1,PB,0.52828853235989
MS,PB_6,CGGACACTCTACTATC-1,PB,-0.09834107806026707
MS,PB_6,CGGAGCTGTAAGTGGC-1,PB,0.2876067511673931
MS,PB_6,CGGCTAGTCGGTCCGA-1,PB,0.2634945874507472
MS,PB_6,CGGGTCAAGCCAGGAT-1,PB,-0.6830208544563174
MS,PB_6,CGGGTCACACGTTGGC-1,PB,0.332581926351445
MS,PB_6,CGGGTCAGTATCGCAT-1,PB,0.05784692584160722
MS,PB_6,CGGTTAAAGCTCCTCT-1,PB,0.30830713947421245
MS,PB_6,CGTCACTAGCTAAACA-1,PB,0.10644923221597365
MS,PB_6,CGTCCATTCAAGATCC-1,PB,-0.3830304386696503
MS,PB_6,CGTGAGCCAGCGATCC-1,PB,-0.24375483666293332
MS,PB_6,CGTTCTGTCGTTTAGG-1,PB,-0.09834107806026707
MS,PB_6,CTAACTTAGAAGGACA-1,PB,-0.21837797806603457
MS,PB_6,CTAAGACTCGTGGTCG-1,PB,-0.34931483934352664
MS,PB_6,CTACATTGTAAACGCG-1,PB,0.7637568661834216
MS,PB_6,CTACCCATCGGACAAG-1,PB,-0.09834107806026707
MS,PB_6,CTACGTCTCAGCTCTC-1,PB,0.19927328415467552
MS,PB_6,CTCATTAGTAAAGGAG-1,PB,-0.09834107806026707
MS,PB_6,CTCATTATCGACCAGC-1,PB,-0.09834107806026707
MS,PB_6,CTCCTAGCAGCTGGCT-1,PB,0.052745476534744755
MS,PB_6,CTCGAGGTCGGACAAG-1,PB,0.32448456547235927
MS,PB_6,CTCGGAGTCCTTTACA-1,PB,-0.09834107806026707
MS,PB_6,CTCGTACGTTTCCACC-1,PB,-0.09834107806026707
MS,PB_6,CTGCCTAAGTGGTAAT-1,PB,0.22938343436712602
MS,PB_6,CTGGTCTCATAGACTC-1,PB,0.26238142313553686
MS,PB_6,GAAACTCCACGAAATA-1,PB,-0.30533290578210465
MS,PB_6,GACACGCAGTTATCGC-1,PB,0.07704549732775648
MS,PB_6,GACGGCTGTCACCTAA-1,PB,-0.007851372880061222
MS,PB_6,GACGTTAAGGTGCTTT-1,PB,0.02317739697108819
MS,PB_6,GACTACAAGATGTTAG-1,PB,0.14237525311027982
MS,PB_6,GACTACATCTCTTATG-1-1,PB,0.08481912370518395
MS,PB_6,GAGGTGAGTCCGACGT-1,PB,-0.09834107806026707
MS,PB_6,GATCAGTAGTACGACG-1,PB,0.05230881138326359
MS,PB_6,GATCGCGAGAGGTAGA-1,PB,-0.22313044952853803
MS,PB_6,GATGAGGCAGTTTACG-1,PB,0.15733544826633508
MS,PB_6,GCAGCCACATGTTGAC-1,PB,0.10982096638661333
MS,PB_6,GCAGTTAGTAGCGTAG-1,PB,-0.09834107806026707
MS,PB_6,GCATACAGTCTTCGTC-1,PB,-0.21371158943017157
MS,PB_6,GCGACCAGTGAAATCA-1,PB,0.1183621239919538
MS,PB_6,GCGACCATCCCTAACC-1,PB,-0.09834107806026707
MS,PB_6,GCTCCTACATTTCACT-1,PB,0.4229304339845066
MS,PB_6,GCTGCAGGTCTCCATC-1,PB,0.04334256978586714
MS,PB_6,GCTGCTTGTCATCCCT-1,PB,-0.4420447744801611
MS,PB_6,GCTTGAACATATGAGA-1,PB,0.12074558927884538
MS,PB_6,GGAACTTTCGTTACAG-1,PB,-0.7610623688214151
MS,PB_6,GGAATAAGTATAGGGC-1,PB,-0.09834107806026707
MS,PB_6,GGCCGATAGAAAGTGG-1,PB,0.1332539984113467
MS,PB_6,GGCGACTCAGTTCCCT-1,PB,-0.2205513539931717
MS,PB_6,GGGAATGAGTATCTCG-1,PB,0.11613168389741406
MS,PB_6,GGGAATGCAAGGACAC-1,PB,0.13837262037216838
MS,PB_6,GGGACCTGTTGGTTTG-1,PB,-0.10749870670435649
MS,PB_6,GGGAGATTCCTAGAAC-1,PB,0.19094708794544504
MS,PB_6,GGGATGAAGAATAGGG-1,PB,0.4191649092785825
MS,PB_6,GGGTTGCTCAACGGGA-1,PB,-0.40034052936955034
MS,PB_6,GGTATTGGTAAGTGTA-1,PB,0.05561133959007578
MS,PB_6,GTACGTAGTGCTGTAT-1,PB,-0.12709049427800564
MS,PB_6,GTACTTTTCTATCGCC-1,PB,-0.07222254974147473
MS,PB_6,GTCATTTTCAGCGACC-1,PB,0.2606248700009193
MS,PB_6,GTCTTCGGTACAGTTC-1,PB,0.6713083489421464
MS,PB_6,GTGGGTCGTAGCTGCC-1,PB,0.3005571587675308
MS,PB_6,GTGGGTCTCCATGAAC-1,PB,-0.20151634112604805
MS,PB_6,GTGTTAGTCATACGGT-1,PB,-0.09834107806026707
MS,PB_6,TACACGACACCTCGTT-1,PB,-0.09834107806026707
MS,PB_6,TAGAGCTTCACGATGT-1,PB,0.06308949091414746
MS,PB_6,TATTACCGTCATACTG-1,PB,-0.21181826071572876
MS,PB_6,TCAACGATCATCTGCC-1,PB,0.30505713452453936
MS,PB_6,TCACAAGTCGTTTATC-1,PB,0.3270843939903054
MS,PB_6,TCAGATGAGCGATATA-1,PB,0.13385216880815984
MS,PB_6,TCAGCAATCAACACAC-1,PB,-0.09834107806026707
MS,PB_6,TCAGGATAGTGAACAT-1,PB,0.18994693685137037
MS,PB_6,TCAGGTAGTTGAACTC-1,PB,-0.044150763047569486
MS,PB_6,TCATTTGGTTTGCATG-1,PB,0.16289295826250366
MS,PB_6,TCGGGACAGCCAGGAT-1,PB,0.11618919784804693
MS,PB_6,TCGGTAAAGTGTCCAT-1,PB,0.14771545286011425
MS,PB_6,TCGGTAACAATCAGAA-1,PB,0.27162431405348175
MS,PB_6,TCGGTAACATGCAACT-1,PB,0.149863762721977
MS,PB_6,TCGTACCGTGGTTTCA-1,PB,0.07164424967004521
MS,PB_6,TCGTAGAGTCATTAGC-1,PB,-0.4616326965192416
MS,PB_6,TCTCATAAGCTAGTGG-1,PB,-0.09834107806026707
MS,PB_6,TCTTCGGGTCTCCACT-1,PB,-0.033326597626187074
MS,PB_6,TGAAAGAAGACCCACC-1,PB,0.5984673499778496
MS,PB_6,TGAGCCGAGCAATCTC-1,PB,0.29520312399313553
MS,PB_6,TGAGGGAGTCCCGACA-1,PB,0.47138329719179684
MS,PB_6,TGCCAAATCAAGGTAA-1,PB,0.279676562294837
MS,PB_6,TGCTGCTAGTAATCCC-1,PB,0.11588487764440665
MS,PB_6,TGCTGCTCACATTTCT-1,PB,0.7442003164289475
MS,PB_6,TGGTTCCTCCAGTAGT-1,PB,-0.25859840581665844
MS,PB_6,TGGTTCCTCCCAGGTG-1,PB,0.44261495071108825
MS,PB_6,TTAACTCAGAGACGAA-1,PB,0.12860342639238434
MS,PB_6,TTAGGACCAGTCAGAG-1,PB,0.38613803136029384
MS,PB_6,TTAGGCAAGCGCTTAT-1,PB,-0.027847170351579544
MS,PB_6,TTAGTTCCAATGGAAT-1,PB,0.41875515343831354
MS,PB_6,TTCGAAGAGAAGCCCA-1,PB,0.3445937461083638
MS,PB_6,TTCGGTCAGAACAACT-1,PB,-0.01155815031421699
MS,PB_6,TTCTACACAATGGATA-1,PB,-0.15183089069921937
MS,PB_6,TTCTCAAAGCCGGTAA-1,PB,0.3055395039164093
MS,PB_6,TTCTCCTGTCTGCGGT-1,PB,0.30715620667841925
MS,PB_6,TTCTCCTTCCATGAGT-1,PB,-0.4429940279534055
MS,PB_6,TTGAACGAGCCAGAAC-1,PB,-0.37913434469631474
MS,PB_6,TTGAACGAGGCATGTG-1,PB,-0.08655372514546167
MS,PB_6,TTGGAACCAAGGTGTG-1,PB,-0.3704277529620942
MS,PB_6,TTTATGCTCGGTGTTA-1,PB,0.12712561104638717
MS,PB_7,AAACCTGAGAAACCAT-1,PB,-0.5525131401706147
MS,PB_7,AACTCTTCAATGGACG-1,PB,-0.02451105695936431
MS,PB_7,ACACCCTCACAGTCGC-1,PB,-0.09834107806026707
MS,PB_7,ACACCGGCAGGGATTG-1,PB,0.26894507351720354
MS,PB_7,ACACCGGGTTCGCTAA-1,PB,0.03871350003562886
MS,PB_7,ACAGCCGCAGCATGAG-1,PB,-0.4257623422586862
MS,PB_7,ACAGCCGGTCCAACTA-1,PB,-0.5276770303847246
MS,PB_7,ACGAGCCCAGCTGTAT-1,PB,0.12690921158219642
MS,PB_7,ACGATACGTAGAAGGA-1,PB,0.3818627738664624
MS,PB_7,ACGCCAGGTGCGGTAA-1,PB,0.33630940297466155
MS,PB_7,ACGGGCTCAGTTCCCT-1,PB,-0.00605021629020381
MS,PB_7,ACTATCTGTCGACTGC-1,PB,-0.09834107806026707
MS,PB_7,ACTGTCCGTTACCAGT-1,PB,-0.25999497324852616
MS,PB_7,ACTTGTTAGCAGGCTA-1,PB,-0.1766967651697963
MS,PB_7,ACTTGTTTCGCGATCG-1,PB,0.13931229301046608
MS,PB_7,AGACGTTGTTTGACTG-1,PB,-0.046853796122983606
MS,PB_7,AGAGCTTGTTGGACCC-1,PB,0.19347665491387897
MS,PB_7,AGCATACTCTATCCCG-1,PB,0.4607635181391258
MS,PB_7,AGGCCACAGCACACAG-1,PB,-0.19647447630810125
MS,PB_7,AGTGAGGAGGAGTCTG-1,PB,-1.0934368787602018
MS,PB_7,AGTGGGATCCTTGACC-1,PB,-0.2972640032984364
MS,PB_7,ATAGACCGTTACGCGC-1,PB,0.16038455653359174
MS,PB_7,ATTGGACTCAGCCTAA-1,PB,0.6172038198997247
MS,PB_7,CAACCAAGTTCCACAA-1,PB,-0.09834107806026707
MS,PB_7,CAACTAGTCCTTTCTC-1,PB,0.16521401739824976
MS,PB_7,CATTCGCGTCCTCTTG-1,PB,0.11697868024796065
MS,PB_7,CCAGCGAAGGATGGTC-1,PB,0.15619625885268412
MS,PB_7,CCAGCGACATGTAAGA-1,PB,-0.3031017446380716
MS,PB_7,CCGGTAGGTTACGTCA-1,PB,0.06392049954850744
MS,PB_7,CCGTACTAGCGTTCCG-1,PB,0.15501949052105002
MS,PB_7,CCTACACCAATAAGCA-1,PB,0.03795503355251604
MS,PB_7,CCTACCAAGCGTTCCG-1,PB,-0.27039210175008993
MS,PB_7,CCTTACGGTCGGATCC-1,PB,-0.5410444722528267
MS,PB_7,CGACCTTTCCGGGTGT-1,PB,0.048687288595493025
MS,PB_7,CGATTGATCGACGGAA-1,PB,-0.09834107806026707
MS,PB_7,CGGACACAGATGTTAG-1,PB,0.6169278386220443
MS,PB_7,CGGACACAGCTCCTTC-1,PB,0.3969172129528391
MS,PB_7,CGGACTGCAAGTACCT-1-2,PB,0.16560531675881865
MS,PB_7,CGGGTCAGTTATCACG-1,PB,-0.09834107806026707
MS,PB_7,CGTCTACAGTGACATA-1,PB,-0.13786772290949564
MS,PB_7,CTAGCCTTCCGTTGCT-1,PB,0.14155928333137852
MS,PB_7,CTCGGAGTCCGCGCAA-1,PB,0.23853535214442043
MS,PB_7,CTCTACGCATGTAAGA-1,PB,0.05223624963717655
MS,PB_7,CTCTGGTCACAGAGGT-1,PB,-0.2166433654572608
MS,PB_7,CTGAAGTGTTTCCACC-1,PB,-0.5973314469177909
MS,PB_7,CTGCGGAAGGTGTGGT-1,PB,0.7785663898056446
MS,PB_7,CTGGTCTTCTGCAGTA-1,PB,0.05164969004656498
MS,PB_7,CTGTGCTCAGCTGCAC-1,PB,-0.03803452641932629
MS,PB_7,CTTAACTAGATGTGTA-1,PB,-0.09834107806026707
MS,PB_7,GAACATCTCTACCTGC-1,PB,-0.48929147794210603
MS,PB_7,GAATGAACATGAAGTA-1,PB,0.15592003788324016
MS,PB_7,GACCTGGAGGAATCGC-1,PB,0.11325919483436633
MS,PB_7,GACTGCGAGTACGCCC-1,PB,-0.007552644048111242
MS,PB_7,GATCAGTGTCACCCAG-1,PB,-0.25051298797902666
MS,PB_7,GATTCAGCATTAACCG-1,PB,-0.1793311747224177
MS,PB_7,GCAATCAAGGAGTTGC-1,PB,-0.09834107806026707
MS,PB_7,GCAGTTACAGCCTATA-1,PB,-0.2944707026837934
MS,PB_7,GCATACAAGCGACGTA-1,PB,0.17416771933558367
MS,PB_7,GCATACAAGGCTCATT-1,PB,-0.09834107806026707
MS,PB_7,GCATGCGTCGCCTGTT-1,PB,0.19703686958632247
MS,PB_7,GCCTCTACAGTATCTG-1,PB,-0.18626124314740675
MS,PB_7,GCGAGAATCCTTCAAT-1,PB,-0.04724811234306782
MS,PB_7,GCGCAGTAGATGCCTT-1,PB,-0.09834107806026707
MS,PB_7,GCGCAGTCATCGATTG-1,PB,0.23947954308356567
MS,PB_7,GCGCGATTCTGGAGCC-1,PB,-0.21672821133674497
MS,PB_7,GCTTGAACACATGTGT-1,PB,0.2552233665257833
MS,PB_7,GGACAAGCACTTACGA-1,PB,-0.2657129134222843
MS,PB_7,GGACGTCGTTCCACAA-1,PB,-0.09834107806026707
MS,PB_7,GGATTACCATTGCGGC-1,PB,-0.21116708748516716
MS,PB_7,GGCCGATGTGTCGCTG-1,PB,0.10953902735563421
MS,PB_7,GGCTGGTTCTAAGCCA-1-1,PB,0.9565817646650302
MS,PB_7,GGGAGATCACAGGCCT-1,PB,0.2414368919002203
MS,PB_7,GTACTTTCAGACTCGC-1,PB,0.10271804623494796
MS,PB_7,GTCATTTGTTCAGTAC-1,PB,-0.09834107806026707
MS,PB_7,GTCCTCACAACGCACC-1,PB,0.16339890443826754
MS,PB_7,GTCGGGTCATCGTCGG-1,PB,-0.2959226869641572
MS,PB_7,GTGAAGGGTTAGATGA-1,PB,-0.7899211688976251
MS,PB_7,GTGAAGGTCGAATGCT-1,PB,0.27930458100476374
MS,PB_7,GTGCTTCCAGGACCCT-1,PB,-0.29196865267694727
MS,PB_7,GTTAAGCCATGCATGT-1,PB,0.19150960221552954
MS,PB_7,GTTCGGGAGGAATCGC-1,PB,-0.09437790356755445
MS,PB_7,TACCTATTCACAATGC-1,PB,-1.0237486071878361
MS,PB_7,TACCTTATCGCTTGTC-1,PB,-0.09834107806026707
MS,PB_7,TACGGATGTGACAAAT-1,PB,0.03565402487712782
MS,PB_7,TATTACCCAATGGATA-1,PB,-0.21286926273449153
MS,PB_7,TCAACGAGTAATCACC-1,PB,-0.2551919309411765
MS,PB_7,TCCACACTCTCGCTTG-1,PB,-0.03597400764220106
MS,PB_7,TCGGTAATCAACGCTA-1,PB,0.7132692474079173
MS,PB_7,TCGGTAATCATTGCGA-1,PB,0.7667535390680719
MS,PB_7,TCTATTGTCTGCGACG-1,PB,0.32692175098585186
MS,PB_7,TCTGGAACAAGTTGTC-1,PB,0.17208324650921072
MS,PB_7,TCTTCGGCAAAGTGCG-1,PB,-0.03249027431331915
MS,PB_7,TGAGCATGTTAAGGGC-1,PB,-0.09834107806026707
MS,PB_7,TGATTTCGTACTTGAC-1,PB,-0.8440401699918285
MS,PB_7,TGCACCTAGAGTAAGG-1,PB,-0.19990769392124252
MS,PB_7,TGCACCTTCAATCTCT-1,PB,0.1057491734041127
MS,PB_7,TGCGGGTCATCCCACT-1,PB,0.27586661579574684
MS,PB_7,TGGTTAGTCACCTCGT-1,PB,0.17019314540948663
MS,PB_7,TGTATTCGTGCACTTA-1,PB,-0.049026919101736635
MS,PB_7,TGTGGTAAGGCTCTTA-1,PB,0.13061613407748654
MS,PB_7,TTAGGCAGTCACAAGG-1,PB,-0.6148823346788082
MS,PB_7,TTAGTTCGTCAGCTAT-1,PB,-0.42515020634166917
MS,PB_7,TTATGCTCATCAGTAC-1,PB,0.07621107401028392
MS,PB_7,TTGAACGGTTCTCATT-1,PB,-0.29218601389637533
MS,PB_7,TTGGAACCAGGAATGC-1,PB,0.12661736340653418
MS,PB_7,TTGGAACGTCACTGGC-1,PB,-0.49537810034916896
MS,PB_7,TTGGCAAGTCATGCCG-1,PB,-0.09834107806026707
MS,PB_7,TTTGGTTTCAGTCAGT-1,PB,0.29441060185707457
MS,PB_8,AACACGTCATCGGAAG-1,PB,-0.09834107806026707
MS,PB_8,AACCATGGTCGAGATG-1,PB,-0.09834107806026707
MS,PB_8,AAGACCTGTACATGTC-1,PB,0.08949114521707344
MS,PB_8,AAGGTTCAGTGTACGG-1,PB,-0.09834107806026707
MS,PB_8,AAGGTTCAGTTCGATC-1,PB,-0.09045940896471763
MS,PB_8,AAGGTTCCAAAGGAAG-1,PB,-0.5102283789712346
MS,PB_8,AAGTCTGAGCTTATCG-1,PB,0.27053290625666226
MS,PB_8,ACACTGATCGTGGGAA-1,PB,-0.4090737066506155
MS,PB_8,ACCGTAAAGTGGCACA-1,PB,-0.5319816123814639
MS,PB_8,ACCTTTACAATCCAAC-1,PB,0.27719587024152836
MS,PB_8,ACGCAGCAGCAAATCA-1,PB,-0.24165059736450742
MS,PB_8,ACGCCAGTCTTCCTTC-1,PB,-0.28948889012233275
MS,PB_8,ACTGTCCGTCGAACAG-1,PB,-0.24255745500727155
MS,PB_8,AGAGCGATCATATCGG-1,PB,-0.2521082740346152
MS,PB_8,AGAGCTTCATCCTTGC-1,PB,-0.6331142168166392
MS,PB_8,AGCGTATTCTACTATC-1,PB,-0.22671552715080598
MS,PB_8,AGCTCTCCATGGGACA-1,PB,0.019086358475428715
MS,PB_8,AGGCCGTGTGTTGGGA-1,PB,0.4701613373886571
MS,PB_8,ATCTGCCTCACTCCTG-1,PB,0.038511023791028935
MS,PB_8,CAAGATCTCCATGAAC-1,PB,-0.2874981609311469
MS,PB_8,CACACTCTCCGCTGTT-1,PB,-0.0890867558698828
MS,PB_8,CACCTTGAGCTGCGAA-1,PB,-0.09834107806026707
MS,PB_8,CATGACAGTGTCAATC-1,PB,0.4159712589622246
MS,PB_8,CCATGTCGTGCCTGCA-1,PB,-1.2449557072080413
MS,PB_8,CCCAGTTCAATGGACG-1,PB,-0.31054512366378845
MS,PB_8,CCCAGTTTCTGGTGTA-1,PB,-0.37423059468880954
MS,PB_8,CGAGAAGCAGACAGGT-1,PB,-0.22354792684003705
MS,PB_8,CGCTGGATCTGAGGGA-1,PB,-0.10392108102574509
MS,PB_8,CGGACTGTCCGCAAGC-1,PB,-0.8229981351123008
MS,PB_8,CGTAGGCAGAGATGAG-1,PB,-0.09834107806026707
MS,PB_8,CGTGTCTTCTTCAACT-1,PB,-0.09834107806026707
MS,PB_8,CTAGCCTGTTTCCACC-1,PB,-0.21125128077883054
MS,PB_8,CTCATTATCCTTTCTC-1,PB,0.2976785896331834
MS,PB_8,CTCGAAATCTCAAGTG-1,PB,-0.5339692592986672
MS,PB_8,CTCTAATGTGGTCCGT-1,PB,0.23659646990540031
MS,PB_8,CTCTGGTAGGGTTTCT-1,PB,0.05842393850849347
MS,PB_8,CTGAAGTGTACAGTGG-1,PB,-0.22304009768703478
MS,PB_8,CTGGTCTGTATAGTAG-1,PB,0.3660078146099322
MS,PB_8,CTGTGCTGTTCCACAA-1,PB,-0.3352086799689277
MS,PB_8,GAACATCCAATCGGTT-1,PB,-0.27837484007721497
MS,PB_8,GACACGCCACCACGTG-1,PB,-0.4070774738571189
MS,PB_8,GATCAGTTCCCAAGAT-1,PB,0.4044895016880155
MS,PB_8,GCAATCAGTTACCAGT-1,PB,-0.23514482673694342
MS,PB_8,GCAGTTATCGGATGGA-1,PB,-0.09834107806026707
MS,PB_8,GGACAAGAGGCGACAT-1,PB,-0.7217558295607079
MS,PB_8,GGCGACTAGGGAAACA-1,PB,-0.09834107806026707
MS,PB_8,GGCTGGTTCGCATGAT-1,PB,-0.09834107806026707
MS,PB_8,GGGAATGAGACAGACC-1,PB,-0.3511135193988597
MS,PB_8,GTAACTGAGCTCCTTC-1,PB,-0.09834107806026707
MS,PB_8,GTACTTTAGTACGATA-1,PB,-0.2498858695481907
MS,PB_8,GTATCTTGTAAGGGCT-1,PB,0.20096434227290957
MS,PB_8,GTCACAAGTTCCAACA-1,PB,0.07007928788866694
MS,PB_8,GTCACGGTCACGCATA-1,PB,-0.25695490198970544
MS,PB_8,GTCATTTCAATACGCT-1,PB,0.248683586913475
MS,PB_8,GTCGTAATCCGCGTTT-1,PB,-0.09834107806026707
MS,PB_8,GTTTCTAAGCCACGCT-1,PB,-0.09834107806026707
MS,PB_8,TACACGACAATCGGTT-1,PB,-0.33562878262904483
MS,PB_8,TACGGGCAGCCACTAT-1,PB,0.5819657084533775
MS,PB_8,TATGCCCAGCCACGCT-1,PB,-0.1433797520678917
MS,PB_8,TCAACGAAGAAGGTTT-1,PB,-0.09834107806026707
MS,PB_8,TCACGAAGTACTTAGC-1,PB,-0.09834107806026707
MS,PB_8,TCAGCAAAGTTTCCTT-1,PB,-0.09834107806026707
MS,PB_8,TCAGCTCAGGGCTTGA-1,PB,-0.5804324788319872
MS,PB_8,TCAGGTAAGAGACTTA-1,PB,-0.31552784781599064
MS,PB_8,TCAGGTAGTGATGATA-1,PB,-0.24380631224833765
MS,PB_8,TCTTTCCAGTACGATA-1,PB,-0.07500505714720639
MS,PB_8,TGAGAGGAGACGACGT-1,PB,-0.09834107806026707
MS,PB_8,TGATTTCTCAAGCCTA-1,PB,-0.4540351478903409
MS,PB_8,TGCTGCTCAAAGCGGT-1,PB,-0.5615980118233205
MS,PB_8,TGGGAAGAGTGCTGCC-1,PB,-0.09834107806026707
MS,PB_8,TTAGGACAGTACTTGC-1,PB,-0.09834107806026707
MS,PB_8,TTAGGACAGTAGCGGT-1,PB,-0.09834107806026707
MS,PB_8,TTGACTTCACATGGGA-1,PB,-0.4029212509131205
MS,PB_9,AAACCTGAGGAGTAGA-1,PB,-0.09834107806026707
MS,PB_9,ACACCAAAGCAGATCG-1,PB,-0.09834107806026707
MS,PB_9,ACGCCGACACAGGAGT-1,PB,0.42658158053615086
MS,PB_9,CGCTTCATCCGAGCCA-1,PB,0.4525478959071897
MS,PB_9,CGTGAGCGTCCAACTA-1,PB,0.15631958608486254
MS,PB_9,CTCTGGTTCGTACGGC-1,PB,-0.09834107806026707
MS,PB_9,CTGAAACGTCTAGTCA-1,PB,-0.296079148050239
MS,PB_9,CTGCCTAAGCGCTTAT-1,PB,0.20451189653598614
MS,PB_9,CTTAACTCAATTGCTG-1,PB,0.1267844582853436
MS,PB_9,CTTGGCTCAGCCTGTG-1,PB,0.07186834820083161
MS,PB_9,GACAGAGTCCCAGGTG-1,PB,-0.05697485948082832
MS,PB_9,GACGTTATCATGTCCC-1,PB,-0.514577119381204
MS,PB_9,GATGAAACAGCCTATA-1,PB,-0.09834107806026707
MS,PB_9,GCTGCAGTCGCCATAA-1,PB,0.035826726951539004
MS,PB_9,GCTGCGAGTCAGAAGC-1,PB,-0.23879059543381467
MS,PB_9,GGAAAGCTCACGACTA-1,PB,-0.40303374021010446
MS,PB_9,GGCGACTCATAACCTG-1,PB,-0.9723308563596234
MS,PB_9,GGCTCGAAGGCCATAG-1,PB,-0.3584857686345139
MS,PB_9,GTCTTCGGTTGAGGTG-1,PB,0.07615180765284868
MS,PB_9,GTGTTAGCATTAACCG-1,PB,-0.09834107806026707
MS,PB_9,GTTACAGAGTAGTGCG-1,PB,0.15132575335958962
MS,PB_9,TCAACGAGTGGCGAAT-1,PB,0.5135613954592156
MS,PB_9,TCCCGATGTAGAGCTG-1,PB,0.015223543247997724
MS,PB_9,TCGAGGCCACAGCCCA-1,PB,0.1352131694676199
MS,PB_9,TGGCGCAGTTAAGTAG-1,PB,0.09685509371946102
MS,PB_9,TTCCCAGCACATGACT-1,PB,-0.039054362582155396
MS,PB_10,AAACCTGGTGAGGCTA-1,PB,-0.2272580601308534
MS,PB_10,AAACGGGAGGCATGGT-1,PB,-0.2807506633735081
MS,PB_10,AAACGGGTCGGTTCGG-1,PB,-0.26686607355549236
MS,PB_10,AAAGATGCACGAAGCA-1,PB,0.04618015706556078
MS,PB_10,AAATGCCTCTGGCGTG-1,PB,-0.45966553603608995
MS,PB_10,AACACGTCAAACTGCT-1,PB,-0.19306551386891133
MS,PB_10,AACACGTGTAAACCTC-1,PB,-0.007809959674616951
MS,PB_10,AACTTTCGTAGAGCTG-1,PB,0.2995671108606764
MS,PB_10,AAGACCTGTTATCCGA-1,PB,0.45130822172962776
MS,PB_10,AAGGAGCCATTCTCAT-1,PB,-0.2997490748686681
MS,PB_10,ACACCAAGTCGGCACT-1,PB,-0.20188537841148232
MS,PB_10,ACACCGGAGGCATGTG-1,PB,0.0015597252003959631
MS,PB_10,ACACCGGAGGTAGCCA-1,PB,-0.09834107806026707
MS,PB_10,ACCGTAATCCAGTAGT-1,PB,-0.3293705031502259
MS,PB_10,ACGAGGACATGTCCTC-1,PB,0.5178196795501645
MS,PB_10,ACGATGTGTAGCCTCG-1,PB,-0.47686702988943513
MS,PB_10,ACGCAGCGTTGGTGGA-1,PB,-0.21630763728241828
MS,PB_10,ACGCAGCTCGAGAGCA-1,PB,-0.08904445212707328
MS,PB_10,ACGCCAGTCAGTCCCT-1,PB,-0.34550988891925666
MS,PB_10,ACGGGTCCACCACCAG-1,PB,0.2902120400852513
MS,PB_10,ACGTCAAGTGTGTGCC-1,PB,-0.285682139026081
MS,PB_10,ACTGAACGTTCCGGCA-1,PB,-0.09834107806026707
MS,PB_10,ACTTTCAAGGTGCTAG-1,PB,0.948672367452328
MS,PB_10,ACTTTCAAGGTGCTTT-1,PB,-0.08774988882715755
MS,PB_10,AGATTGCAGACTGTAA-1,PB,0.07312418631445125
MS,PB_10,AGCAGCCAGACGACGT-1,PB,-0.09834107806026707
MS,PB_10,AGCATACGTGTCGCTG-1,PB,0.6143684558447419
MS,PB_10,AGGGAGTGTCGAACAG-1,PB,-0.09834107806026707
MS,PB_10,AGGGATGAGACTGGGT-1,PB,-0.09834107806026707
MS,PB_10,AGGGATGTCAGAGGTG-1,PB,0.35170458718471265
MS,PB_10,AGGGTGATCGCAGGCT-1,PB,0.046361384786768746
MS,PB_10,AGGTCATGTGTCAATC-1,PB,0.3140229463048623
MS,PB_10,AGTAGTCGTTCATGGT-1,PB,-0.19067818123180144
MS,PB_10,AGTCTTTCACGGCTAC-1,PB,-0.09834107806026707
MS,PB_10,AGTGAGGTCTAACTCT-1,PB,-0.025873104456077378
MS,PB_10,AGTGTCACAAGCCGTC-1,PB,-0.22107188320431018
MS,PB_10,ATAACGCGTAACGTTC-1,PB,0.18805708034272076
MS,PB_10,ATCATGGCAACTGCGC-1,PB,-0.1509958068328468
MS,PB_10,ATCCACCAGGCTATCT-1,PB,-0.09834107806026707
MS,PB_10,ATCGAGTCAGCCTGTG-1,PB,-0.09834107806026707
MS,PB_10,ATCGAGTGTGACAAAT-1-1,PB,-0.09834107806026707
MS,PB_10,ATCTGCCCAAACAACA-1,PB,0.18715057778999364
MS,PB_10,ATGAGGGCAGGGCATA-1,PB,0.10218118709927196
MS,PB_10,ATGCGATGTGCCTGGT-1,PB,0.49933815674498444
MS,PB_10,ATGGGAGGTAGCTTGT-1,PB,0.12331916321315886
MS,PB_10,ATTCTACGTGGTTTCA-1,PB,-0.16003835796588023
MS,PB_10,ATTGGTGAGGCTCTTA-1,PB,0.3238942833421949
MS,PB_10,ATTGGTGTCGTTACAG-1,PB,-0.4921136995775561
MS,PB_10,CAACCTCGTAGCTGCC-1,PB,0.0930507087101318
MS,PB_10,CAAGGCCAGTAGGCCA-1,PB,-0.39015981583181997
MS,PB_10,CAAGGCCCACTTCTGC-1,PB,0.16453211522608077
MS,PB_10,CACACCTGTTGTTTGG-1,PB,0.22285441036651435
MS,PB_10,CACAGTATCCGCGTTT-1,PB,-0.09834107806026707
MS,PB_10,CACCACTAGCGATGAC-1,PB,0.43195058620792975
MS,PB_10,CACCTTGTCGTATCAG-1,PB,0.1775984892663194
MS,PB_10,CACTCCAAGGAGTTGC-1,PB,0.0008196317915533895
MS,PB_10,CACTCCATCCTAGGGC-1,PB,-0.6095841743551841
MS,PB_10,CAGAGAGAGTGTCTCA-1,PB,-0.09834107806026707
MS,PB_10,CAGCAGCGTTCAGCGC-1-1,PB,0.019360352018508324
MS,PB_10,CAGCAGCTCCGTAGTA-1,PB,-0.3325418381745874
MS,PB_10,CAGCCGAGTCAGCTAT-1,PB,-0.25203865906750933
MS,PB_10,CAGCTAAGTAGTACCT-1,PB,-0.09834107806026707
MS,PB_10,CAGGTGCTCGGTTAAC-1,PB,-0.11967132540943606
MS,PB_10,CATCAAGCAATACGCT-1-1,PB,-0.033608091773425865
MS,PB_10,CATCAGAAGTCAAGGC-1,PB,0.4448705135847106
MS,PB_10,CATGCCTGTCAGATAA-1,PB,-0.13023461993765117
MS,PB_10,CATTCGCGTGTTGAGG-1,PB,0.1720673634235603
MS,PB_10,CCAATCCGTCCAGTGC-1,PB,-0.279267493768279
MS,PB_10,CCACCTAGTCCGACGT-1,PB,0.03531292626938816
MS,PB_10,CCACCTAGTTTGGGCC-1,PB,-0.09834107806026707
MS,PB_10,CCCTCCTCAGTTCCCT-1,PB,0.36627472832069563
MS,PB_10,CCTAGCTGTGGTTTCA-1,PB,-0.03450699377459754
MS,PB_10,CGACCTTGTCTCATCC-1,PB,-0.3548556419189476
MS,PB_10,CGACTTCGTCAACTGT-1,PB,0.17420386054019524
MS,PB_10,CGATGGCCAAGCGCTC-1,PB,-0.21475316133347322
MS,PB_10,CGATGGCTCACTCCTG-1,PB,-0.30434123735437957
MS,PB_10,CGCTATCCAGTGAGTG-1,PB,0.43294493996471306
MS,PB_10,CGGACACTCCGCGGTA-1,PB,-0.2956120938429612
MS,PB_10,CGTCCATAGGTGCAAC-1,PB,0.4507876964278155
MS,PB_10,CGTGTCTGTGACGCCT-1,PB,0.12418048453492567
MS,PB_10,CGTTCTGGTCTAGCGC-1,PB,0.36541875525437634
MS,PB_10,CTAATGGTCTGATACG-1,PB,0.07194422912572597
MS,PB_10,CTACACCCACCCAGTG-1,PB,0.12744940497215132
MS,PB_10,CTACGTCTCACGAAGG-1,PB,-0.4313703773004711
MS,PB_10,CTAGAGTAGATAGCAT-1,PB,0.09016251882052807
MS,PB_10,CTAGCCTCATGTCGAT-1,PB,0.1015231472033408
MS,PB_10,CTCACACCACATGTGT-1,PB,0.17937480164393163
MS,PB_10,CTCAGAAGTACAGCAG-1,PB,-0.09834107806026707
MS,PB_10,CTCGAAAGTAGTACCT-1,PB,0.04169769694568315
MS,PB_10,CTCTGGTAGTTTGCGT-1,PB,0.37367235468662424
MS,PB_10,CTGATCCCAAGCCATT-1,PB,0.021551614380763934
MS,PB_10,GAAATGATCACGCGGT-1,PB,0.4649528490165999
MS,PB_10,GAACCTAAGCACACAG-1,PB,-0.09834107806026707
MS,PB_10,GAACCTATCCCAGGTG-1,PB,-0.09834107806026707
MS,PB_10,GAATAAGTCGTGGACC-1,PB,-0.09834107806026707
MS,PB_10,GACCTGGCAAGACGTG-1,PB,-0.19610375129855534
MS,PB_10,GACGTGCAGTGAACGC-1,PB,-0.3084111951117737
MS,PB_10,GACGTTAAGCGTCAAG-1,PB,-0.0698251924559926
MS,PB_10,GATCGATAGCGTCAAG-1,PB,-0.3729975248808038
MS,PB_10,GATTCAGGTAAAGTCA-1,PB,0.37836737313151525
MS,PB_10,GCAAACTCAAGTCTGT-1,PB,-0.4418006019800681
MS,PB_10,GCAATCACAGAAGCAC-1,PB,0.10305905570151296
MS,PB_10,GCAGCCAAGGATGGAA-1,PB,-0.012459116265312311
MS,PB_10,GCATGATCATCCCACT-1,PB,-0.7349290717100335
MS,PB_10,GCGACCAAGGCCGAAT-1,PB,-0.09834107806026707
MS,PB_10,GCGAGAAGTTATCACG-1,PB,-0.18346128540561876
MS,PB_10,GCGAGAATCATGCTCC-1,PB,-0.09834107806026707
MS,PB_10,GCGCAGTAGCTGTCTA-1,PB,-0.3394524749623532
MS,PB_10,GCGCAGTTCAACTCTT-1,PB,-0.26044742435288
MS,PB_10,GCTGCAGGTCCGAATT-1,PB,-0.09834107806026707
MS,PB_10,GCTGCAGGTCTCCCTA-1,PB,0.31312786105689966
MS,PB_10,GCTGCGAGTCAGAATA-1,PB,0.0368338562121233
MS,PB_10,GCTTCCAAGATGCGAC-1,PB,-0.1830069463640032
MS,PB_10,GCTTGAATCGTCACGG-1,PB,-0.5086284531414196
MS,PB_10,GGCTCGACAACCGCCA-1,PB,0.5010946062264808
MS,PB_10,GGGAATGCACGTCAGC-1,PB,-0.22675411039924662
MS,PB_10,GGGAGATCATAGGATA-1,PB,0.1562090430748063
MS,PB_10,GGGCACTCAAGTAGTA-1,PB,-0.23384653398275
MS,PB_10,GGGCATCAGTGTCCCG-1,PB,0.15970607281623325
MS,PB_10,GGGTTGCAGAAGGGTA-1,PB,0.3432272372628721
MS,PB_10,GGTGCGTAGCTGCAAG-1,PB,-0.5785528501742564
MS,PB_10,GTAACGTAGCTGTCTA-1,PB,-0.006723967309923196
MS,PB_10,GTAACTGGTTTAAGCC-1,PB,0.0043454443518466945
MS,PB_10,GTCCTCACAAGGACTG-1,PB,0.14351701370413425
MS,PB_10,GTCGTAACACAAGCCC-1,PB,-0.23201646934019257
MS,PB_10,GTCTCGTGTATTACCG-1,PB,0.4179793454649145
MS,PB_10,GTGCAGCAGGCAAAGA-1,PB,0.039117682864825455
MS,PB_10,GTGTTAGTCTAACCGA-1,PB,-0.3424441864705832
MS,PB_10,GTTACAGAGCTGCGAA-1,PB,-0.4704985808448282
MS,PB_10,GTTCATTCACGGCTAC-1,PB,-0.09834107806026707
MS,PB_10,GTTCTCGAGCGCTTAT-1,PB,0.17543592648110984
MS,PB_10,GTTCTCGCATGGTAGG-1,PB,-0.23190025078261753
MS,PB_10,GTTTCTAGTCGTTGTA-1,PB,-0.09834107806026707
MS,PB_10,TAAGAGAAGGAGTTGC-1,PB,-0.09834107806026707
MS,PB_10,TACCTATAGATGTCGG-1,PB,-0.2331377393265429
MS,PB_10,TACGGGCTCTGCGTAA-1,PB,0.06760647184971726
MS,PB_10,TAGCCGGTCTTCCTTC-1,PB,-0.5775079102519929
MS,PB_10,TAGGCATAGGCATTGG-1,PB,-0.09834107806026707
MS,PB_10,TATCAGGTCTCCGGTT-1,PB,0.5051002230792411
MS,PB_10,TATGCCCAGTGGACGT-1,PB,-0.5226464990002251
MS,PB_10,TATTACCGTTAAGACA-1,PB,-0.5626444942327906
MS,PB_10,TCAACGAGTAAGAGAG-1,PB,-0.2377162346455295
MS,PB_10,TCACGAAGTTGCCTCT-1,PB,-0.3414728432035326
MS,PB_10,TCAGATGAGGGATGGG-1,PB,-0.0033587188541447377
MS,PB_10,TCAGCTCAGGTGATAT-1,PB,-0.09834107806026707
MS,PB_10,TCATTACGTCTCTTTA-1,PB,0.20479548355027496
MS,PB_10,TCGAGGCAGCGTTCCG-1,PB,-0.03611175082832493
MS,PB_10,TCGGTAACAATGTTGC-1,PB,0.1799244058022493
MS,PB_10,TCTCATACAATCCGAT-1,PB,-0.24596760705755402
MS,PB_10,TCTCATAGTGAGGGAG-1,PB,0.06518188243815505
MS,PB_10,TGACAACCACGGACAA-1,PB,0.14692174215484227
MS,PB_10,TGACTAGAGTTAAGTG-1,PB,-0.09834107806026707
MS,PB_10,TGACTAGCAGATCTGT-1,PB,-0.2655651533558093
MS,PB_10,TGATTTCAGACAAAGG-1,PB,0.028172689525329458
MS,PB_10,TGATTTCTCAACGGGA-1,PB,0.09787295455752716
MS,PB_10,TGGACGCTCTCACATT-1,PB,-0.2934524398766312
MS,PB_10,TGGCGCATCAGCGATT-1,PB,0.03964803163962422
MS,PB_10,TGGCTGGAGAGGTACC-1,PB,0.22507355884706295
MS,PB_10,TGGGCGTTCTGCTTGC-1,PB,-0.09035261834237761
MS,PB_10,TGGTTAGAGAATTGTG-1,PB,0.3382842017429453
MS,PB_10,TGGTTAGAGTGTTGAA-1,PB,-0.31726019372318304
MS,PB_10,TGGTTAGCAAAGGTGC-1,PB,-0.5155734968486757
MS,PB_10,TGTATTCAGGGATACC-1,PB,-0.3598623106764235
MS,PB_10,TTAACTCTCCTGTACC-1,PB,-0.05392825336428743
MS,PB_10,TTAGGACAGGTGATTA-1,PB,-0.09834107806026707
MS,PB_10,TTAGGCATCGTAGGAG-1,PB,-1.003182699725219
MS,PB_10,TTCGGTCCAAGGTTCT-1,PB,0.35527213892276904
MS,PB_10,TTCTCAAGTCCGAGTC-1,PB,0.08452349927448681
MS,PB_10,TTCTCCTCACAGGAGT-1,PB,0.29855398890412904
MS,PB_10,TTCTCCTTCCTGCAGG-1,PB,-0.09834107806026707
MS,PB_10,TTCTTAGAGGCATGGT-1,PB,-0.04751481367897302
MS,PB_10,TTGGAACTCATCACCC-1,PB,-0.09834107806026707
MS,PB_10,TTGGCAAGTCTAGCGC-1,PB,-0.904442499135577
MS,PB_10,TTTATGCAGGGAAACA-1,PB,-0.3340091907268971
MS,PB_10,TTTATGCGTATCGCAT-1,PB,-0.09834107806026707
MS,PB_10,TTTCCTCGTAAGAGGA-1,PB,0.14722322165867802
MS,PB_10,TTTGCGCCAAACTGCT-1,PB,0.4083243692641467
MS,PB_10,TTTGCGCTCTTGTTTG-1,PB,-0.2721650115724964
MS,PB_16,AAACCTGTCTTCAACT-1,PB,0.043133783319906124
MS,PB_16,AAACGGGGTTCATGGT-1,PB,-0.4704031564416851
MS,PB_16,AAAGCAATCCGGCACA-1,PB,0.10510973016859737
MS,PB_16,AAAGTAGAGCTGAAAT-1,PB,-0.4088486995801923
MS,PB_16,AAAGTAGTCTATCCTA-1,PB,0.04205880692866063
MS,PB_16,AACCGCGAGCGCCTTG-1,PB,-0.21354504387721254
MS,PB_16,AACCGCGTCGAGGTAG-1,PB,0.18839208308135788
MS,PB_16,AACGTTGGTGGTCCGT-1,PB,0.2241962127315349
MS,PB_16,AACTCAGCACCTTGTC-1,PB,0.22363527975732161
MS,PB_16,AAGACCTGTTACCAGT-1,PB,0.15223337067606363
MS,PB_16,AAGGAGCTCTTGGGTA-1-1,PB,0.11275644049558695
MS,PB_16,AAGGCAGGTAAACGCG-1,PB,-0.1935313471531838
MS,PB_16,AAGGTTCCACCCATGG-1,PB,0.025902393461525793
MS,PB_16,AAGTCTGCACTATCTT-1,PB,0.09959442926210417
MS,PB_16,AATCCAGGTTCGCTAA-1,PB,0.4218457050556695
MS,PB_16,AATCGGTTCTTGAGAC-1,PB,-0.015661897902707684
MS,PB_16,ACACCAAGTCGAGTTT-1,PB,-0.22753326660676385
MS,PB_16,ACACCAAGTTCCATGA-1,PB,0.30316931181480034
MS,PB_16,ACACCGGAGTGCGATG-1,PB,0.3917048444090833
MS,PB_16,ACACCGGCAAAGCAAT-1,PB,0.22681969295942483
MS,PB_16,ACACCGGCATCCGTGG-1,PB,0.4276161364234789
MS,PB_16,ACACTGAGTAAGTGTA-1,PB,-0.19702011217912196
MS,PB_16,ACAGCCGTCGCGGATC-1,PB,0.5454752243030612
MS,PB_16,ACAGCTATCTTCGGTC-1,PB,0.2708569983237779
MS,PB_16,ACATACGAGAAACCTA-1,PB,0.10962241936439189
MS,PB_16,ACATCAGGTTATGCGT-1,PB,0.4227650384620435
MS,PB_16,ACATGGTGTAAAGTCA-1,PB,-0.6403911650515978
MS,PB_16,ACATGGTGTTTAAGCC-1,PB,0.22409853065826316
MS,PB_16,ACCTTTAAGAGTAATC-1,PB,0.07473528211134037
MS,PB_16,ACCTTTAAGTCAAGCG-1,PB,0.18805308397620304
MS,PB_16,ACCTTTAGTAGCTGCC-1,PB,0.9936723618705
MS,PB_16,ACGAGCCCAATCAGAA-1,PB,0.31290350343354867
MS,PB_16,ACGAGCCTCACTATTC-1,PB,-0.22013943907325353
MS,PB_16,ACGATGTTCGCAGGCT-1,PB,0.09093377057536085
MS,PB_16,ACGCAGCAGCTGATAA-1,PB,-0.8201345764430378
MS,PB_16,ACGCCAGAGATGTGGC-1,PB,0.23040852756739652
MS,PB_16,ACGCCAGTCGACGGAA-1,PB,-0.4172466905475109
MS,PB_16,ACGCCGAAGCTAGTGG-1,PB,0.8255889529387359
MS,PB_16,ACGCCGATCTTGAGGT-1,PB,-0.022922627123538954
MS,PB_16,ACGGAGAAGATGCGAC-1,PB,0.2800877463216213
MS,PB_16,ACGGAGATCAGGCAAG-1,PB,-0.05074444410258198
MS,PB_16,ACGGCCACACCGAAAG-1,PB,-0.3900853135739274
MS,PB_16,ACGTCAATCTTCGGTC-1,PB,0.46219600700809316
MS,PB_16,ACTATCTAGAATTGTG-1,PB,-0.09510194918456728
MS,PB_16,ACTGAACCACAGAGGT-1,PB,0.11825758514507599
MS,PB_16,ACTGATGGTCTGCAAT-1,PB,0.23379312023079238
MS,PB_16,ACTTGTTGTTATGCGT-1,PB,0.20883260429468045
MS,PB_16,ACTTTCATCAGCACAT-1,PB,0.23371731941603618
MS,PB_16,AGAATAGAGTACTTGC-1,PB,0.1741337657223681
MS,PB_16,AGAATAGCATCACGAT-1,PB,0.3907868835122028
MS,PB_16,AGAATAGGTACGCTGC-1,PB,-0.7965613787979845
MS,PB_16,AGAGCGACACTGTGTA-1,PB,0.012773365137642208
MS,PB_16,AGAGCGAGTTCGGGCT-1,PB,-0.09292973380275914
MS,PB_16,AGAGCGATCTCGGACG-1,PB,0.03236492606230741
MS,PB_16,AGAGCTTTCTTCAACT-1,PB,0.11262947065734764
MS,PB_16,AGATCTGAGAAAGTGG-1,PB,-0.005232010022135422
MS,PB_16,AGCATACAGGGTATCG-1,PB,-0.09834107806026707
MS,PB_16,AGCATACGTTCCCGAG-1,PB,0.15355147138153155
MS,PB_16,AGCATACTCTTGAGAC-1,PB,0.14868819288898658
MS,PB_16,AGCCTAACAGTATGCT-1,PB,-0.6884777054781761
MS,PB_16,AGCCTAACATCTCCCA-1,PB,-0.32351376423964673
MS,PB_16,AGCGGTCCATGGATGG-1,PB,0.23036992534400214
MS,PB_16,AGCGGTCGTCTTCAAG-1,PB,-0.14756368129822564
MS,PB_16,AGCGGTCGTGTGCCTG-1-1,PB,0.05803265028302634
MS,PB_16,AGCGTATGTCGAGATG-1,PB,0.2226166162802698
MS,PB_16,AGCGTATTCAACGCTA-1,PB,0.16506731977194042
MS,PB_16,AGCTCTCGTGACGCCT-1,PB,-0.2136055440984915
MS,PB_16,AGGCCACTCGATCCCT-1,PB,0.17367595142313363
MS,PB_16,AGGGATGTCTGTACGA-1,PB,0.10690946347936388
MS,PB_16,AGGGTGATCAAACCGT-1,PB,0.12848783512433368
MS,PB_16,AGGTCCGCAAGCCTAT-1,PB,0.5012566160068725
MS,PB_16,AGTAGTCGTTACGGAG-1,PB,-0.05035784653490756
MS,PB_16,AGTCTTTAGAGCTATA-1,PB,-0.46724187132805406
MS,PB_16,AGTGAGGGTACCTACA-1,PB,0.14785803399590497
MS,PB_16,AGTGGGAAGTCAATAG-1,PB,-0.27038491036897155
MS,PB_16,AGTGGGAGTGGCTCCA-1,PB,0.5462805147734349
MS,PB_16,AGTGTCAAGGAATCGC-1,PB,-0.35738375983779663
MS,PB_16,AGTGTCAAGTTAAGTG-1,PB,-0.4476275222136152
MS,PB_16,AGTGTCAGTTCTGTTT-1,PB,0.1382975788270023
MS,PB_16,AGTGTCAGTTGCCTCT-1,PB,0.13930792269069206
MS,PB_16,ATAAGAGAGATCTGAA-1,PB,0.20458284745436206
MS,PB_16,ATAAGAGTCAGGCCCA-1,PB,-0.11024104245607964
MS,PB_16,ATAGACCTCCGCGTTT-1,PB,-0.5441790403763584
MS,PB_16,ATAGACCTCTCGCATC-1,PB,-0.6853416863060199
MS,PB_16,ATCCACCCATCTGGTA-1,PB,-0.36124182310888825
MS,PB_16,ATCCACCGTTCACGGC-1,PB,-0.10543653731734505
MS,PB_16,ATCCGAAGTACGCTGC-1,PB,-0.14390737298970344
MS,PB_16,ATCCGAATCAGAAATG-1,PB,-0.390977624456561
MS,PB_16,ATCTGCCGTAAGCACG-1,PB,0.03677529507507759
MS,PB_16,ATTATCCCATTGTGCA-1,PB,0.19343807866028687
MS,PB_16,ATTCTACAGGAATCGC-1,PB,0.37514465159234306
MS,PB_16,ATTCTACGTAAGGGAA-1,PB,-0.1235455468823625
MS,PB_16,ATTGGTGAGACCACGA-1,PB,-0.09834107806026707
MS,PB_16,CAACCAACAGATCCAT-1,PB,-0.09834107806026707
MS,PB_16,CAACCAACAGTATCTG-1,PB,0.3293172075262381
MS,PB_16,CAACCTCAGTGACATA-1,PB,-0.3773559118840056
MS,PB_16,CAACCTCCATCTACGA-1,PB,-0.024880039218643586
MS,PB_16,CAACTAGCAGGCTCAC-1,PB,0.13428812290385747
MS,PB_16,CAACTAGGTCATTAGC-1-1,PB,-0.09018011882222977
MS,PB_16,CAAGAAAAGCTAGTGG-1,PB,0.819932082467402
MS,PB_16,CAAGATCAGTATTGGA-1,PB,0.009097017876850879
MS,PB_16,CAAGGCCGTCTCACCT-1,PB,0.14860136528546158
MS,PB_16,CAAGTTGCAAGGCTCC-1,PB,0.6797812292107005
MS,PB_16,CACAAACGTGTCGCTG-1,PB,-0.7282061611204356
MS,PB_16,CACACAAAGAGGTTGC-1,PB,0.29490178559568075
MS,PB_16,CACAGGCAGGGTCTCC-1,PB,0.07614362213432592
MS,PB_16,CACATTTAGACTTTCG-1-1,PB,0.12952670208013037
MS,PB_16,CACCACTCAGGTGGAT-1,PB,0.23581171309422605
MS,PB_16,CACCACTTCTAGAGTC-1-1,PB,-0.14014464360988144
MS,PB_16,CACCAGGAGACAAAGG-1,PB,-0.03658839249983483
MS,PB_16,CACCAGGGTGGTCCGT-1,PB,-0.1431129325482195
MS,PB_16,CACTCCAGTTAAAGAC-1,PB,0.13831024379985388
MS,PB_16,CAGAATCGTTACGTCA-1,PB,0.007333832157442576
MS,PB_16,CAGATCAAGACTGGGT-1,PB,0.698030326100637
MS,PB_16,CAGCAGCCAATGTTGC-1,PB,-0.5141295971499767
MS,PB_16,CAGCAGCGTATTCTCT-1,PB,-0.09412993545311141
MS,PB_16,CAGCAGCTCTTTAGGG-1,PB,-0.5992868352409985
MS,PB_16,CAGCATAAGCCCAACC-1,PB,-0.05939938281740574
MS,PB_16,CAGCATAGTTCTCATT-1,PB,0.1442960995294779
MS,PB_16,CAGCATATCCCTAATT-1,PB,0.8307967428809627
MS,PB_16,CATCAGAAGAGGACGG-1,PB,0.10626507996573453
MS,PB_16,CATCAGACAGATGAGC-1,PB,-0.16713586458478918
MS,PB_16,CATCAGACATCCTTGC-1,PB,0.33937993896047036
MS,PB_16,CATTATCAGCAGCCTC-1,PB,-0.22095879396852539
MS,PB_16,CATTATCCAGTCCTTC-1,PB,0.5586907856920299
MS,PB_16,CATTCGCTCCGTCAAA-1,PB,0.24837473951877226
MS,PB_16,CATTCGCTCGCGATCG-1,PB,-0.09834107806026707
MS,PB_16,CCAATCCCACGGACAA-1,PB,-0.2813093910111174
MS,PB_16,CCACCTAGTCGACTAT-1,PB,-0.3425549824005082
MS,PB_16,CCAGCGACATCGGGTC-1,PB,0.5966514583308677
MS,PB_16,CCATTCGGTGAACCTT-1,PB,-0.4311123805770155
MS,PB_16,CCATTCGTCGTGGACC-1,PB,-0.08927688440710893
MS,PB_16,CCCTCCTAGACCCACC-1,PB,0.7866606670246725
MS,PB_16,CCGTGGAGTTCAACCA-1,PB,0.13616797271236777
MS,PB_16,CCTAAAGGTCTGCCAG-1,PB,-0.19240047438694244
MS,PB_16,CCTACACCACCTCGTT-1,PB,-0.38555148472974377
MS,PB_16,CCTACACGTTATCCGA-1,PB,-0.6251511567215458
MS,PB_16,CCTACACTCATAACCG-1,PB,-0.02595103179650145
MS,PB_16,CCTACCAAGGAGCGTT-1,PB,-0.08984626151204808
MS,PB_16,CCTATTAAGTTCGCAT-1,PB,0.08110956463550202
MS,PB_16,CCTATTAGTTTAGGAA-1,PB,0.4247344268214993
MS,PB_16,CCTCTGAAGCTAGTCT-1,PB,0.3247807339812325
MS,PB_16,CCTCTGATCCCTTGCA-1,PB,-0.39405372165212427
MS,PB_16,CCTTCCCAGAGCAATT-1-1,PB,0.5188432461302905
MS,PB_16,CCTTCCCAGGCACATG-1,PB,0.18023787976158562
MS,PB_16,CCTTTCTCACACAGAG-1,PB,0.3614356928262338
MS,PB_16,CCTTTCTGTGAGCGAT-1,PB,0.13462827438611644
MS,PB_16,CGAACATGTACTCTCC-1,PB,0.0729426563545503
MS,PB_16,CGAATGTCAAATCCGT-1,PB,0.010158648575011999
MS,PB_16,CGACCTTAGTCATGCT-1,PB,-0.5612024488450101
MS,PB_16,CGACCTTTCCGAGCCA-1,PB,0.12185821214643741
MS,PB_16,CGACTTCAGATCCGAG-1,PB,0.24446931089484508
MS,PB_16,CGAGCCAGTCATGCCG-1,PB,0.06545200084235804
MS,PB_16,CGATGTAAGCATCATC-1,PB,-0.5499280673200191
MS,PB_16,CGATGTACATTCCTGC-1,PB,-0.521804582539971
MS,PB_16,CGATGTATCGTACGGC-1,PB,-0.01944586684954405
MS,PB_16,CGATTGAAGGCTCTTA-1,PB,-0.15394112274892
MS,PB_16,CGCCAAGAGATCCCGC-1,PB,-1.1411963040288369
MS,PB_16,CGCCAAGAGGTGTGGT-1,PB,0.34784607147423424
MS,PB_16,CGCCAAGCAGACGCCT-1,PB,0.32390551313400356
MS,PB_16,CGCGGTAGTTGACGTT-1,PB,0.13688191030890057
MS,PB_16,CGCGTTTGTCTTGTCC-1,PB,-0.4514185294582239
MS,PB_16,CGCGTTTTCATGTGGT-1,PB,-0.06882102490800449
MS,PB_16,CGCTATCCAATGGAAT-1-1,PB,-0.2243050787166813
MS,PB_16,CGCTATCGTTCCACGG-1,PB,-0.09834107806026707
MS,PB_16,CGCTGGAGTATTCGTG-1,PB,-0.2709847976883918
MS,PB_16,CGCTGGATCATTGCCC-1,PB,-0.31269220636424144
MS,PB_16,CGCTTCACAATCGGTT-1,PB,-0.3113650762946832
MS,PB_16,CGCTTCATCATTTGGG-1,PB,-0.23721977464143634
MS,PB_16,CGGACACGTCCCTACT-1,PB,0.22344178823551994
MS,PB_16,CGGACGTGTTGCGTTA-1,PB,-0.09834107806026707
MS,PB_16,CGGAGCTGTTATCCGA-1,PB,0.16689732212023456
MS,PB_16,CGGCTAGAGACCGGAT-1,PB,0.3398244613443149
MS,PB_16,CGGCTAGGTTCCGGCA-1,PB,0.16997422460071226
MS,PB_16,CGGGTCAAGGGAGTAA-1,PB,0.6151023001711683
MS,PB_16,CGGGTCACACCTCGTT-1,PB,-0.44119524296830626
MS,PB_16,CGGGTCAGTTGGTAAA-1,PB,0.5925912897200322
MS,PB_16,CGGTTAAGTCCCGACA-1,PB,0.2040182377037963
MS,PB_16,CGTAGGCCATTAGCCA-1,PB,-0.16535269909367864
MS,PB_16,CGTAGGCGTACTTGAC-1,PB,-0.02396851910364855
MS,PB_16,CGTCCATAGGAGTACC-1,PB,-0.8928438214280094
MS,PB_16,CGTGAGCAGTGCTGCC-1,PB,-0.033999059056582216
MS,PB_16,CGTGAGCCACTCAGGC-1,PB,0.9637939367534619
MS,PB_16,CGTTAGACAAGCGCTC-1,PB,0.46099415906897395
MS,PB_16,CGTTAGATCTACTATC-1,PB,0.22297090844644057
MS,PB_16,CGTTAGATCTTATCTG-1,PB,-0.1892918903080669
MS,PB_16,CGTTGGGTCGCTAGCG-1,PB,-0.09834107806026707
MS,PB_16,CTAACTTAGATGTCGG-1,PB,-0.3051029400628108
MS,PB_16,CTACCCAAGCCAGTTT-1,PB,-0.09834107806026707
MS,PB_16,CTAGAGTAGTACATGA-1,PB,0.07429796652073802
MS,PB_16,CTAGCCTAGAAGATTC-1,PB,-0.09834107806026707
MS,PB_16,CTAGTGAAGCTAGCCC-1,PB,-0.062454518179821596
MS,PB_16,CTAGTGAGTAGGCTGA-1,PB,0.6611062732707255
MS,PB_16,CTAGTGATCCTTGCCA-1,PB,0.5737625135334523
MS,PB_16,CTCACACCAAGCCTAT-1,PB,0.030898054714352162
MS,PB_16,CTCACACTCGGTTAAC-1,PB,-0.08406831391033245
MS,PB_16,CTCAGAAAGAGACGAA-1-1,PB,-0.9674775413430071
MS,PB_16,CTCGAGGAGCGCCTTG-1,PB,-0.05398780663067688
MS,PB_16,CTCGAGGCATCCGGGT-1,PB,0.44964052680841426
MS,PB_16,CTCGTCAAGGACACCA-1,PB,0.3406805221485662
MS,PB_16,CTCGTCACATTGCGGC-1,PB,-0.023772642314275522
MS,PB_16,CTGAAACAGTGTCCCG-1,PB,-0.35377591893616117
MS,PB_16,CTGAAGTCAATGAAAC-1,PB,-0.09834107806026707
MS,PB_16,CTGATAGGTATTCTCT-1,PB,-0.0630550400053581
MS,PB_16,CTGCGGACATGCTGGC-1,PB,0.03582224567608212
MS,PB_16,CTGCTGTCACAACTGT-1,PB,-0.21070897163899072
MS,PB_16,CTGGTCTCATGAAGTA-1,PB,-0.3516753387656592
MS,PB_16,CTTACCGCAAGACGTG-1,PB,0.08098529010484341
MS,PB_16,CTTAGGAAGAATCTCC-1,PB,0.4207983707609918
MS,PB_16,CTTAGGAAGGGAAACA-1,PB,-0.06278017444897879
MS,PB_16,CTTGGCTCAACTGCGC-1,PB,-0.32445637382759607
MS,PB_16,CTTTGCGCAAGGGTCA-1,PB,0.45439070183596975
MS,PB_16,GAACATCTCCGCATCT-1,PB,-0.938791630478292
MS,PB_16,GAACGGAAGACAGACC-1,PB,0.21047192578448579
MS,PB_16,GAACGGACAGGCGATA-1,PB,-0.46601488964127696
MS,PB_16,GAAGCAGAGTAACCCT-1,PB,-0.20863370811087054
MS,PB_16,GAAGCAGTCACTTCAT-1,PB,0.09201627603678784
MS,PB_16,GAAGCAGTCGCGCCAA-1,PB,-0.08629856635956466
MS,PB_16,GAATAAGCATCGGAAG-1,PB,-0.1028099516530313
MS,PB_16,GAATAAGGTTGAGGTG-1,PB,-0.3333771488239153
MS,PB_16,GACACGCTCCTCAACC-1,PB,0.16751477050457322
MS,PB_16,GACAGAGCAAGCGTAG-1,PB,0.32507177984779556
MS,PB_16,GACAGAGGTTTCCACC-1,PB,-0.7577930055319513
MS,PB_16,GACAGAGTCCGTTGTC-1,PB,0.2770282879335441
MS,PB_16,GACCAATAGTGGCACA-1,PB,-0.09834107806026707
MS,PB_16,GACCTGGCACATTAGC-1,PB,-0.14417242386191922
MS,PB_16,GACGCGTCAGTCGTGC-1,PB,0.47496852854132265
MS,PB_16,GACGGCTAGGAGTACC-1,PB,-0.36377078653493333
MS,PB_16,GACGGCTAGTACATGA-1,PB,0.6443752739433494
MS,PB_16,GACGGCTCACAGATTC-1-1,PB,0.25196487918676236
MS,PB_16,GACGGCTTCACCTTAT-1,PB,0.09330544476535343
MS,PB_16,GACGGCTTCCGTAGGC-1,PB,0.3797487482220907
MS,PB_16,GACGTGCAGTCACGCC-1,PB,0.05528633421420291
MS,PB_16,GACTACACATGGTCAT-1,PB,-0.14936979556962632
MS,PB_16,GAGGTGATCGCCATAA-1-1,PB,0.3655031556940583
MS,PB_16,GATCAGTTCTTCAACT-1,PB,0.047736958427451175
MS,PB_16,GATCGCGAGCGTTTAC-1,PB,-0.3608488309103798
MS,PB_16,GATCGTAAGAGTAATC-1,PB,0.05118253949296475
MS,PB_16,GATGAAATCTACCTGC-1,PB,0.12754102840982903
MS,PB_16,GATGAGGCAAACTGCT-1,PB,-0.5636351069529362
MS,PB_16,GATGCTAGTTCCGGCA-1,PB,-0.08941152591587762
MS,PB_16,GATTCAGTCAGCGACC-1,PB,0.6305143570285302
MS,PB_16,GCAGCCAGTCTCTCGT-1,PB,-0.35044617402165457
MS,PB_16,GCAGCCATCCGTCAAA-1,PB,-0.1717188628568876
MS,PB_16,GCAGTTAAGTTGAGTA-1,PB,0.47255217784314024
MS,PB_16,GCAGTTATCAAACGGG-1,PB,-0.47225870792431
MS,PB_16,GCATACAAGAGGTACC-1,PB,0.012347913999884382
MS,PB_16,GCATACACAGTATGCT-1,PB,-0.505016043006232
MS,PB_16,GCATGCGTCAACACAC-1,PB,0.16720020980570197
MS,PB_16,GCATGTACAGCTGTGC-1,PB,0.7878845670136277
MS,PB_16,GCATGTAGTCCCGACA-1,PB,0.07141378915944704
MS,PB_16,GCCAAATAGGTCATCT-1,PB,0.2015418211003746
MS,PB_16,GCCTCTATCATACGGT-1,PB,0.07940049144167215
MS,PB_16,GCGACCAAGAAGAAGC-1,PB,-0.03791240101390154
MS,PB_16,GCGAGAAAGCAGGTCA-1-1,PB,0.5494928205723969
MS,PB_16,GCGAGAATCAGATAAG-1,PB,0.24324648455818368
MS,PB_16,GCGCGATAGGGAAACA-1,PB,0.026939382591883703
MS,PB_16,GCGCGATGTTCATGGT-1,PB,-0.23724794959069628
MS,PB_16,GCGGGTTAGGATCGCA-1,PB,-0.18031202151410414
MS,PB_16,GCTCCTACAAATCCGT-1,PB,0.08684457389896287
MS,PB_16,GCTGCAGCATGAACCT-1,PB,0.35030741027273954
MS,PB_16,GCTGCGAAGGTAGCCA-1-1,PB,-0.6841993760094033
MS,PB_16,GCTGCTTGTAAAGGAG-1,PB,0.2016235452328347
MS,PB_16,GCTTCCAAGCTTCGCG-1,PB,-0.19051393708626313
MS,PB_16,GGAAAGCCATCACCCT-1,PB,-0.3968954387321782
MS,PB_16,GGAATAACAGGAACGT-1,PB,-0.2636532914638186
MS,PB_16,GGACGTCTCCTATTCA-1,PB,0.21711257206226472
MS,PB_16,GGAGCAATCGTAGGAG-1,PB,-0.06954093800248368
MS,PB_16,GGATGTTTCACGATGT-1,PB,-0.05021916740284381
MS,PB_16,GGATTACGTTGATTGC-1,PB,0.40034412509331646
MS,PB_16,GGCAATTCAATCCGAT-1,PB,-0.5740394815260307
MS,PB_16,GGCCGATAGAAACCTA-1,PB,-0.04409465768868136
MS,PB_16,GGCCGATGTCGAATCT-1,PB,0.2699856349244483
MS,PB_16,GGCCGATTCGCACTCT-1,PB,-0.3020509248050888
MS,PB_16,GGCGACTAGGAGTACC-1,PB,-0.09806302398559096
MS,PB_16,GGCGACTTCGAACTGT-1,PB,-0.42228709029025724
MS,PB_16,GGCTCGAAGGAGCGAG-1,PB,-0.20026084942458125
MS,PB_16,GGGAATGTCGGATGGA-1,PB,0.1981893706224868
MS,PB_16,GGGATGACACAGTCGC-1,PB,-0.29573438744023334
MS,PB_16,GGGCATCAGAATGTGT-1,PB,-0.6413268388841583
MS,PB_16,GGGCATCAGAGGTAGA-1,PB,-0.3431235657909916
MS,PB_16,GGGTTGCTCAGTACGT-1,PB,0.028486005457307458
MS,PB_16,GGTATTGGTCAATACC-1,PB,-0.8442381108650403
MS,PB_16,GGTATTGTCAGGATCT-1,PB,-0.3139970351655271
MS,PB_16,GGTGAAGAGAAGAAGC-1,PB,-0.049331872165210164
MS,PB_16,GGTGTTAAGAGGTTGC-1,PB,-0.09834107806026707
MS,PB_16,GGTGTTAAGCTCTCGG-1,PB,-0.7225828089725584
MS,PB_16,GGTGTTAAGTAACCCT-1,PB,-0.09834107806026707
MS,PB_16,GGTGTTATCTGCGGCA-1,PB,-0.920790429936032
MS,PB_16,GTAACGTAGCTACCTA-1,PB,0.6335158718857057
MS,PB_16,GTAACGTAGGCCCGTT-1,PB,0.1283830398173003
MS,PB_16,GTAACGTGTCGAGATG-1,PB,0.15340303243130218
MS,PB_16,GTAACGTTCTGACCTC-1,PB,-0.4759668771216736
MS,PB_16,GTACGTAAGTACATGA-1,PB,-0.09834107806026707
MS,PB_16,GTACTCCTCGTTGCCT-1-1,PB,-0.5209732751707591
MS,PB_16,GTAGTCATCTTCATGT-1,PB,-0.3038824078391461
MS,PB_16,GTATCTTAGCACCGCT-1,PB,0.5506798659410611
MS,PB_16,GTATCTTTCTTCTGGC-1,PB,-0.44014594663373713
MS,PB_16,GTATTCTCAGGTCTCG-1-1,PB,-0.5200483239148358
MS,PB_16,GTATTCTTCAGCACAT-1,PB,0.31073939514844034
MS,PB_16,GTATTCTTCGTGTAGT-1,PB,0.23537833601786967
MS,PB_16,GTCAAGTAGCTCCCAG-1,PB,-0.10627502197503892
MS,PB_16,GTCACGGGTCCTCCAT-1,PB,0.3706619424310558
MS,PB_16,GTCCTCACAAGCGAGT-1,PB,-0.6360922904249009
MS,PB_16,GTCTCGTTCTGCAAGT-1,PB,-0.25440139678863005
MS,PB_16,GTCTTCGAGGGATCTG-1,PB,0.1372632620319862
MS,PB_16,GTGCAGCGTACCGCTG-1,PB,0.6445081904246638
MS,PB_16,GTGCATAAGAACAACT-1,PB,-0.060069158912301725
MS,PB_16,GTGCATATCCTACAGA-1,PB,0.4006513088476717
MS,PB_16,GTGCTTCCAAGCGCTC-1,PB,0.21335591539449927
MS,PB_16,GTGTTAGAGGCACATG-1,PB,-0.2884876323374098
MS,PB_16,GTGTTAGCACGTAAGG-1,PB,0.16018937423398658
MS,PB_16,GTGTTAGGTCGTTGTA-1,PB,-0.09834107806026707
MS,PB_16,GTTAAGCAGGCTAGGT-1,PB,-0.16759292170634646
MS,PB_16,GTTAAGCCAGCTCGAC-1,PB,0.05591085392543655
MS,PB_16,GTTACAGAGCCAACAG-1,PB,0.3192813975107382
MS,PB_16,GTTCATTCATGGTTGT-1,PB,0.08506187750008208
MS,PB_16,GTTCGGGAGGACACCA-1,PB,0.13000829771428288
MS,PB_16,GTTCGGGAGGCATGTG-1,PB,-0.24895412456271745
MS,PB_16,GTTCTCGCAGCAGTTT-1,PB,-0.2371760177540058
MS,PB_16,GTTCTCGTCGCCGTGA-1,PB,-0.0926207523894091
MS,PB_16,TAAGCGTAGTGCCAGA-1,PB,-0.622593778076571
MS,PB_16,TAAGCGTCACCGCTAG-1,PB,-0.4537903339973037
MS,PB_16,TACACGACACTGAAGG-1,PB,0.7394607461590661
MS,PB_16,TACAGTGGTAAATGTG-1,PB,-0.1065623904920836
MS,PB_16,TACGGATTCTCATTCA-1,PB,0.44119742002304213
MS,PB_16,TACGGTACAGTATCTG-1,PB,-0.055558900570741546
MS,PB_16,TACTCATTCGAGGTAG-1,PB,0.18320028556545714
MS,PB_16,TACTCATTCTGTTGAG-1,PB,-0.014572430625991863
MS,PB_16,TACTCGCTCGGACAAG-1,PB,-0.2958864662141626
MS,PB_16,TACTTGTAGGACAGCT-1,PB,-0.0773453383726177
MS,PB_16,TAGACCAAGATGCCTT-1,PB,0.14467756524692896
MS,PB_16,TAGACCATCGTATCAG-1,PB,0.08706429322471934
MS,PB_16,TAGAGCTTCAAACCAC-1,PB,-0.09834107806026707
MS,PB_16,TAGCCGGCAGCGTTCG-1,PB,-0.19256578930773677
MS,PB_16,TAGCCGGGTAGATTAG-1,PB,-0.6462501261689899
MS,PB_16,TAGGCATAGACAAGCC-1,PB,0.3903362106036128
MS,PB_16,TAGGCATAGAGTACAT-1,PB,0.2258238474285021
MS,PB_16,TAGGCATTCGTTTGCC-1,PB,0.12614224031187632
MS,PB_16,TATGCCCAGACTAAGT-1,PB,-0.22064854986006452
MS,PB_16,TATGCCCGTCAACATC-1,PB,-0.2826086483751927
MS,PB_16,TATTACCCAGGGAGAG-1,PB,0.04465714420797303
MS,PB_16,TATTACCTCCTCTAGC-1,PB,-0.5803021401016127
MS,PB_16,TCAACGATCAACGGGA-1,PB,-0.1497477049870047
MS,PB_16,TCACAAGCATCCGGGT-1,PB,-0.09834107806026707
MS,PB_16,TCATTTGAGACAAGCC-1,PB,0.11092654230758574
MS,PB_16,TCATTTGAGGTAAACT-1,PB,-0.22757919332946802
MS,PB_16,TCCACACTCTATCCCG-1,PB,0.4989457717534692
MS,PB_16,TCCCGATGTAACGACG-1,PB,0.11921900956630434
MS,PB_16,TCGCGAGGTTTACTCT-1,PB,0.14805134035001238
MS,PB_16,TCGGTAAAGTGCGTGA-1,PB,0.0871670186225364
MS,PB_16,TCGTACCCAGCTGGCT-1,PB,-0.38503600095281365
MS,PB_16,TCGTACCCATCGTCGG-1,PB,-0.2784614414206924
MS,PB_16,TCGTAGACAGCGTAAG-1,PB,-0.21756547227813375
MS,PB_16,TCGTAGATCATATCGG-1,PB,-0.24557035243937464
MS,PB_16,TCTATTGGTCGCCATG-1-1,PB,0.0593338239901855
MS,PB_16,TCTTCGGGTACAGTGG-1,PB,0.08040528157961965
MS,PB_16,TCTTCGGTCAACCATG-1,PB,0.16980408570392855
MS,PB_16,TGACAACGTTCCGGCA-1,PB,-0.0002852903699614519
MS,PB_16,TGACAACTCAGTCCCT-1,PB,0.18087551245742325
MS,PB_16,TGACAACTCGCCAGCA-1,PB,0.0020068995330143136
MS,PB_16,TGACGGCTCTTGCATT-1,PB,-0.11554848205266004
MS,PB_16,TGACTAGAGCGCCTCA-1,PB,-0.6166385386271896
MS,PB_16,TGACTAGAGTCATGCT-1,PB,0.2728735344412049
MS,PB_16,TGACTAGAGTTGTCGT-1,PB,-0.2654521142211561
MS,PB_16,TGACTTTAGGGATCTG-1,PB,0.17019314540948663
MS,PB_16,TGATTTCGTCATCGGC-1,PB,0.004358334156353101
MS,PB_16,TGCCAAATCCTGCTTG-1,PB,-0.03862751404784707
MS,PB_16,TGCCCTAGTAGCTGCC-1,PB,0.03706746799864546
MS,PB_16,TGCGGGTCAGCGAACA-1,PB,-0.044295292975635454
MS,PB_16,TGGCCAGAGAGATGAG-1,PB,0.3445801055087946
MS,PB_16,TGGCGCATCCGTAGTA-1,PB,0.8679126115353776
MS,PB_16,TGGCGCATCGGCGGTT-1,PB,0.624482217238364
MS,PB_16,TGGGAAGAGATGTAAC-1,PB,-0.3199183721269402
MS,PB_16,TGTCCCAAGACTGTAA-1,PB,-0.09834107806026707
MS,PB_16,TGTCCCAGTACATGTC-1,PB,-0.16552851748262953
MS,PB_16,TGTGGTATCAGTCCCT-1,PB,0.04663257677146387
MS,PB_16,TGTGTTTAGGGTTCCC-1,PB,-0.0207760298471892
MS,PB_16,TGTTCCGCATGTTCCC-1,PB,-0.2880390173987059
MS,PB_16,TTAACTCGTATGGTTC-1,PB,0.49846249024887845
MS,PB_16,TTAGTTCTCGTGGACC-1,PB,-0.09834107806026707
MS,PB_16,TTATGCTCATCTCCCA-1,PB,-0.257603504940683
MS,PB_16,TTCGAAGAGCCAACAG-1,PB,0.24108789300423775
MS,PB_16,TTCTACAAGTGCAAGC-1-1,PB,-0.16110474276530523
MS,PB_16,TTCTTAGGTCTCAACA-1,PB,0.030850962105646074
MS,PB_16,TTGAACGAGATGTAAC-1,PB,0.43637742094785975
MS,PB_16,TTGAACGCACTACAGT-1,PB,0.1253130562426558
MS,PB_16,TTGACTTGTGGTCCGT-1,PB,0.491302736034722
MS,PB_16,TTGACTTTCGTCCAGG-1,PB,-0.17973531584752056
MS,PB_16,TTGCCGTAGCGATGAC-1,PB,0.06609472127371199
MS,PB_16,TTGCCGTAGTAGCCGA-1,PB,0.3059886325741857
MS,PB_16,TTGGAACCACCCATGG-1,PB,-0.17160302609868863
MS,PB_16,TTGGAACGTAAGCACG-1,PB,0.25004010309049635
MS,PB_16,TTGGCAAAGAAACGAG-1,PB,0.23547855552194924
MS,PB_16,TTGGCAATCCAAGCCG-1,PB,0.11507813557178295
MS,PB_16,TTGTAGGGTACCGGCT-1,PB,-0.2939284859804823
MS,PB_16,TTGTAGGGTCATATCG-1,PB,-0.2701410196772017
MS,PB_16,TTTGTCAAGAAGAAGC-1,PB,-0.04043929627967969
MS,PB_16,TTTGTCAGTCACTGGC-1,PB,-0.02515099350462949
MS,PB_22,AAATGCCCATTAGCCA-1,PB,0.46309381420749574
MS,PB_22,AAGCCGCCACCGCTAG-1,PB,0.26824827596358325
MS,PB_22,AAGGAGCGTATAAACG-1,PB,0.06460824631059547
MS,PB_22,AAGGTTCCATGCCTAA-1,PB,-0.8367218002552652
MS,PB_22,ACAGCTAAGTTGTAGA-1,PB,0.050196250511900256
MS,PB_22,ACGAGCCAGAAGGACA-1,PB,0.3157146112442946
MS,PB_22,ACGCCAGGTCGCGAAA-1,PB,0.0932900581316152
MS,PB_22,ACGCCAGTCGTCACGG-1,PB,-0.09834107806026707
MS,PB_22,ACGTCAAAGACCCACC-1,PB,-0.5928683316080142
MS,PB_22,AGATCTGGTTCGTTGA-1,PB,0.6570554067609296
MS,PB_22,AGCGTATGTTCCATGA-1,PB,0.19552841327153353
MS,PB_22,AGCTCTCCATCGACGC-1,PB,-0.0576385373071915
MS,PB_22,ATAACGCTCACAGTAC-1,PB,0.4456975142205509
MS,PB_22,ATAGACCTCTCAACTT-1,PB,0.12327098532926226
MS,PB_22,ATAGACCTCTGGTTCC-1,PB,-0.060056015052035186
MS,PB_22,ATCTGCCTCACATAGC-1,PB,-0.2587219235034302
MS,PB_22,ATTCTACCATCGGACC-1,PB,0.2487745204821416
MS,PB_22,CAACCTCTCCATGAGT-1-1,PB,0.042643540187458064
MS,PB_22,CAAGAAAAGCTAGTGG-1-1,PB,0.3503696882375536
MS,PB_22,CACACAAGTGCAGGTA-1,PB,0.12603023878510441
MS,PB_22,CACAGTACAGCCTTGG-1,PB,0.09003763602110033
MS,PB_22,CAGAATCAGGACAGCT-1,PB,-0.7950312223738492
MS,PB_22,CAGCGACTCGAGAGCA-1,PB,0.034096546983085244
MS,PB_22,CATATGGAGTCATGCT-1,PB,0.10308643543095386
MS,PB_22,CATCAAGGTCGGGTCT-1,PB,-0.016857602138886145
MS,PB_22,CCACGGATCGTTTGCC-1,PB,-0.023302839431747324
MS,PB_22,CCCTCCTAGCGTCTAT-1,PB,0.05553359343284024
MS,PB_22,CCTAGCTTCGACCAGC-1,PB,0.10407466835722756
MS,PB_22,CCTCTGAAGAGTACCG-1,PB,0.2031886684893293
MS,PB_22,CCTTACGTCAACGCTA-1,PB,0.024263164469558545
MS,PB_22,CCTTACGTCCTACAGA-1,PB,0.9381772438173729
MS,PB_22,CCTTTCTTCAACGGGA-1,PB,0.9610884868353387
MS,PB_22,CGAGCACCAAAGCGGT-1,PB,-0.04306782512953796
MS,PB_22,CGATGGCAGCGAAGGG-1,PB,-0.041451926077491076
MS,PB_22,CGTAGGCTCTGTGCAA-1,PB,-0.4982749501906593
MS,PB_22,CGTTCTGTCATATCGG-1,PB,0.19181344653998839
MS,PB_22,CTACATTTCACCAGGC-1,PB,0.2522279391198643
MS,PB_22,CTCAGAACAAGACGTG-1,PB,-0.2485664560630138
MS,PB_22,CTCGAGGGTCTGGAGA-1,PB,-0.16505935773411057
MS,PB_22,GACACGCAGCGTAATA-1,PB,-0.4198946557060932
MS,PB_22,GACGCGTCAGTCTTCC-1,PB,0.3356506930905288
MS,PB_22,GACTACAAGATATACG-1,PB,-0.48715632607882026
MS,PB_22,GATCTAGTCATCGCTC-1,PB,0.39815225978363744
MS,PB_22,GCAAACTTCGGTTAAC-1,PB,-0.03470327793227115
MS,PB_22,GCGAGAAGTATTACCG-1,PB,-0.09834107806026707
MS,PB_22,GCGCGATTCATGCTCC-1,PB,-0.2021250000744132
MS,PB_22,GCGGGTTCAGCTATTG-1,PB,0.8007729281467802
MS,PB_22,GCTGCGATCAACCAAC-1,PB,-0.6110129071806062
MS,PB_22,GGAAAGCAGCAGCGTA-1,PB,-0.34769784408901716
MS,PB_22,GGCAATTGTTATCACG-1,PB,0.28244752774468673
MS,PB_22,GGTATTGTCGAGAACG-1,PB,0.1532796835422817
MS,PB_22,GTAACTGCACGAGAGT-1,PB,0.42765452124624914
MS,PB_22,GTACTCCCAGGCTGAA-1,PB,-0.3144110721136646
MS,PB_22,GTGCATACACTGTTAG-1,PB,0.3006430081727635
MS,PB_22,GTGTTAGAGATCGGGT-1,PB,0.26726667265812626
MS,PB_22,GTTCTCGTCCGCGGTA-1,PB,0.20456706983408843
MS,PB_22,TACGGGCTCCCATTAT-1,PB,0.0301838419465298
MS,PB_22,TAGTGGTGTACCCAAT-1,PB,0.3841222558895759
MS,PB_22,TATCAGGCACTACAGT-1,PB,0.6270473404173388
MS,PB_22,TCAGATGGTGATAAGT-1,PB,-0.1860688644546431
MS,PB_22,TCAGGATTCAAGGTAA-1,PB,-0.8127816468515743
MS,PB_22,TCATTTGAGATATGCA-1,PB,0.07918620902766513
MS,PB_22,TCGGTAAGTGCACTTA-1,PB,0.2769825247228745
MS,PB_22,TCTGAGAGTTAAGATG-1,PB,-0.28545259242663973
MS,PB_22,TCTGGAACATGTAGTC-1,PB,-0.2151405387652713
MS,PB_22,TCTTTCCGTGAGGCTA-1,PB,0.5448427040297442
MS,PB_22,TGATTTCAGACAGACC-1,PB,-0.2427720969825661
MS,PB_22,TGCACCTCACGGTAGA-1,PB,-0.01599674999407441
MS,PB_22,TGCGCAGTCGACCAGC-1,PB,0.21752041279905995
MS,PB_22,TGGACGCAGGACCACA-1,PB,-0.09834107806026707
MS,PB_22,TGGGAAGGTATCAGTC-1,PB,0.20859056984213012
MS,PB_22,TGGTTAGCAGCCTTGG-1,PB,0.6150606427028383
MS,PB_22,TGGTTCCAGCCACGCT-1,PB,0.018500992018234585
MS,PB_22,TTCTCCTGTGGCAAAC-1,PB,0.2751492671949871
MS,PB_22,TTCTCCTTCCTATTCA-1,PB,0.18829668550637438
MS,PB_22,TTTGTCAAGCCCAATT-1,PB,-0.07055802111694186
MS,PB_24,AAAGTAGGTAGCTAAA-1,PB,-0.014211186734308196
MS,PB_24,AACCATGAGCCACGCT-1,PB,0.1768982728475628
MS,PB_24,AACCATGAGCTAGTCT-1,PB,0.25195619344522996
MS,PB_24,AACTCAGGTATTCTCT-1,PB,0.22543619232497858
MS,PB_24,AACTCCCAGTGTACTC-1,PB,0.19795046659574986
MS,PB_24,AACTCTTCAGACTCGC-1,PB,0.19468812238214267
MS,PB_24,AAGACCTCATCTCGCT-1,PB,0.41541256166861634
MS,PB_24,AAGGAGCAGGGTGTTG-1,PB,0.4470895934671235
MS,PB_24,AAGTCTGAGCCATCGC-1,PB,-0.3715482261114425
MS,PB_24,AATCCAGCAGCCTTTC-1,PB,0.19966832188892794
MS,PB_24,ACACTGAAGACAGAGA-1,PB,0.12553506597538028
MS,PB_24,ACAGCTATCACGAAGG-1,PB,0.4014467145575785
MS,PB_24,ACAGCTATCTGAAAGA-1-1,PB,0.012040658539793306
MS,PB_24,ACCAGTACACTAAGTC-1,PB,0.3206075425835698
MS,PB_24,ACCAGTAGTGGACGAT-1,PB,0.07322263016336725
MS,PB_24,ACCGTAATCACCGGGT-1,PB,0.15363718173140675
MS,PB_24,ACCTTTACATAACCTG-1,PB,-0.059261487143038395
MS,PB_24,ACGAGCCGTCTAGTCA-1,PB,-0.1117612564311082
MS,PB_24,ACGATACGTTAAGACA-1-1,PB,0.6292931273510379
MS,PB_24,ACGATACTCAAAGTAG-1,PB,0.10886573559109199
MS,PB_24,ACGATGTAGTGCCATT-1,PB,0.3687369983196915
MS,PB_24,ACGGCCAAGTGTTTGC-1,PB,-0.06445988822185537
MS,PB_24,ACGGCCAGTCAGGACA-1,PB,-0.10938450640964839
MS,PB_24,ACGGCCAGTTTACTCT-1,PB,-0.3432963386734707
MS,PB_24,ACGTCAAAGGACACCA-1,PB,0.06554280022913303
MS,PB_24,ACTGATGCAGGAATCG-1,PB,-0.2037159000306182
MS,PB_24,ACTTACTAGGGTCTCC-1,PB,0.02346026107763329
MS,PB_24,ACTTTCAGTAGCTGCC-1,PB,-0.229566816349211
MS,PB_24,AGAATAGAGAGTAATC-1,PB,0.230556788237467
MS,PB_24,AGAATAGTCGAATCCA-1,PB,0.20897754256740772
MS,PB_24,AGAGTGGTCCTAAGTG-1,PB,-0.6002858345473563
MS,PB_24,AGATCTGTCCAACCAA-1,PB,0.3243304721266191
MS,PB_24,AGATTGCTCTCGCATC-1,PB,-0.2402033496776841
MS,PB_24,AGCATACGTTGCCTCT-1,PB,0.038734435208207865
MS,PB_24,AGCCTAAAGCTAGGCA-1,PB,0.8089020700623794
MS,PB_24,AGCGGTCAGATAGGAG-1,PB,-0.40583989570866735
MS,PB_24,AGCGTATCAGTTCCCT-1,PB,0.2851206212128494
MS,PB_24,AGCTCCTCAGTTCATG-1,PB,-0.09834107806026707
MS,PB_24,AGCTTGACAGGATCGA-1,PB,-0.008658833902562866
MS,PB_24,AGGGAGTTCCAACCAA-1,PB,0.17568866876694797
MS,PB_24,AGGGTGAGTACCAGTT-1,PB,0.06309089100910528
MS,PB_24,AGGGTGATCTACTCAT-1,PB,-0.2886916162130385
MS,PB_24,AGTGAGGTCCGAATGT-1,PB,0.26496936007039845
MS,PB_24,AGTGTCACATCCTAGA-1,PB,-0.09834107806026707
MS,PB_24,AGTTGGTTCGAGAGCA-1,PB,0.1875594050969478
MS,PB_24,ATAACGCGTCTAGGTT-1,PB,0.3481341944264857
MS,PB_24,ATCGAGTGTATCACCA-1,PB,0.08456765181685902
MS,PB_24,ATCTGCCAGCATGGCA-1,PB,-0.1392944036968827
MS,PB_24,ATGCGATTCTGCTTGC-1,PB,-0.09834107806026707
MS,PB_24,ATGTGTGAGGCATGGT-1,PB,0.14357730868977914
MS,PB_24,ATGTGTGTCAACACAC-1,PB,-0.4052380390273635
MS,PB_24,ATTATCCAGGATATAC-1,PB,0.08631400229179924
MS,PB_24,ATTTCTGAGTTAACGA-1,PB,0.2999716016580195
MS,PB_24,CAACTAGAGTGTACGG-1,PB,-0.6703996860859578
MS,PB_24,CAAGATCAGTTCGATC-1,PB,-0.632081312646099
MS,PB_24,CAAGGCCGTTGAACTC-1,PB,0.22711783990296766
MS,PB_24,CACATAGCACAGGTTT-1,PB,0.19638159616942905
MS,PB_24,CACATTTCAACACCTA-1,PB,0.545554112139923
MS,PB_24,CACATTTCACAGAGGT-1,PB,0.06762811588760863
MS,PB_24,CACTCCAGTTCCCGAG-1,PB,0.35222028506044195
MS,PB_24,CAGAATCAGGCTATCT-1,PB,-0.06082004497249331
MS,PB_24,CAGAATCGTAGGGACT-1,PB,0.07700214643900981
MS,PB_24,CAGATCAAGAAGATTC-1,PB,-0.24486725894893718
MS,PB_24,CAGCAGCTCGAGAACG-1,PB,0.12169932191108009
MS,PB_24,CAGCATATCCGCGGTA-1,PB,-0.22496890849987564
MS,PB_24,CAGCGACGTGTCTGAT-1,PB,0.5693138143997706
MS,PB_24,CAGCGACGTTAGGGTG-1,PB,-0.33714795674907544
MS,PB_24,CAGTCCTGTCAACTGT-1,PB,-0.28980182608661187
MS,PB_24,CATATGGCAATGAATG-1,PB,0.17813499911497946
MS,PB_24,CATCAAGGTAAGTGTA-1,PB,0.09311876707329723
MS,PB_24,CATCGGGGTCGGCACT-1,PB,-0.3395960776129928
MS,PB_24,CATGACATCTCTAAGG-1,PB,0.3330142185847743
MS,PB_24,CATGCCTAGCCAGGAT-1,PB,0.44874278902597764
MS,PB_24,CATTATCGTTGATTCG-1,PB,-0.043973291386174056
MS,PB_24,CATTATCTCGCAAACT-1-1,PB,-0.2673801154204867
MS,PB_24,CCAATCCGTCTCAACA-1,PB,0.21896394947591827
MS,PB_24,CCAATCCGTGACGGTA-1,PB,-0.29025077680233025
MS,PB_24,CCCTCCTCAAACGTGG-1,PB,-1.018345082672813
MS,PB_24,CCGGGATGTAACGTTC-1,PB,0.135516295855203
MS,PB_24,CCGGGATGTGCAGTAG-1,PB,0.030450994295855884
MS,PB_24,CCGTACTGTTTGTTTC-1,PB,0.22130403332404222
MS,PB_24,CCGTTCAGTTACGCGC-1,PB,0.43313817051086895
MS,PB_24,CCTACACCACGTCAGC-1,PB,-0.49369948163352423
MS,PB_24,CCTACACGTGACTACT-1,PB,0.05737507290094739
MS,PB_24,CCTATTACAGCCTATA-1,PB,0.09531807524454304
MS,PB_24,CCTTCCCAGAGTACAT-1,PB,0.45057333123786275
MS,PB_24,CCTTTCTAGACCGGAT-1,PB,-0.09834107806026707
MS,PB_24,CGAACATCATCCAACA-1-1,PB,-0.09864585276398745
MS,PB_24,CGAGAAGGTAAGGGCT-1,PB,0.0665600300361953
MS,PB_24,CGATGGCTCACAATGC-1,PB,-0.011269830837359742
MS,PB_24,CGATGGCTCGTTACGA-1-1,PB,0.709865272793971
MS,PB_24,CGATTGAAGGTGGGTT-1,PB,0.374433280292812
MS,PB_24,CGCGTTTAGCTAAACA-1,PB,-0.29296852805920665
MS,PB_24,CGGAGCTCACAAGTAA-1,PB,-0.09834107806026707
MS,PB_24,CGGAGCTCACTGTTAG-1,PB,0.38629998038292834
MS,PB_24,CGGCTAGGTATAATGG-1,PB,0.5645015509604504
MS,PB_24,CGGTTAACAAGTCTGT-1,PB,-0.458410117573312
MS,PB_24,CGTAGGCAGCTGTCTA-1,PB,-0.27582486474915413
MS,PB_24,CGTCACTCAGTATAAG-1,PB,0.03182565512928431
MS,PB_24,CGTCACTGTTGTCGCG-1,PB,0.26688357551241754
MS,PB_24,CGTCCATAGAACTGTA-1,PB,0.6561473515248349
MS,PB_24,CGTCTACCATCAGTCA-1,PB,0.17314968895764263
MS,PB_24,CGTGAGCTCTGCGACG-1,PB,0.05557718103717883
MS,PB_24,CGTGTAACACAAGTAA-1,PB,-0.3887699042065745
MS,PB_24,CGTTAGACAGACTCGC-1,PB,0.5428807452141388
MS,PB_24,CGTTCTGAGTTAGCGG-1,PB,-0.09834107806026707
MS,PB_24,CGTTCTGTCTCTAGGA-1,PB,-0.404788282803707
MS,PB_24,CTAACTTAGGTTACCT-1,PB,0.8788831704481476
MS,PB_24,CTAACTTCAGGAACGT-1,PB,0.12749535914359397
MS,PB_24,CTAAGACAGCTAGTGG-1,PB,-0.29267539601041764
MS,PB_24,CTAAGACTCAGTCAGT-1,PB,0.150913297665592
MS,PB_24,CTACACCGTTCATGGT-1,PB,0.20118876269133898
MS,PB_24,CTACGTCCAACGATGG-1,PB,0.09349116027402525
MS,PB_24,CTCACACTCGTTGACA-1,PB,-0.023286758816117352
MS,PB_24,CTCAGAACAATGACCT-1,PB,0.05614268083743378
MS,PB_24,CTCAGAACAGTGGGAT-1,PB,0.5014759029422852
MS,PB_24,CTCAGAAGTGATGTCT-1,PB,0.13431409323424898
MS,PB_24,CTCCTAGAGACCTTTG-1,PB,0.6072733763562248
MS,PB_24,CTCCTAGGTGAGGGAG-1,PB,-0.09834107806026707
MS,PB_24,CTCGAGGAGGATGGTC-1,PB,-0.419538571113757
MS,PB_24,CTCGGAGCATTGGGCC-1,PB,-0.09834107806026707
MS,PB_24,CTCGTACCATCATCCC-1,PB,-0.09834107806026707
MS,PB_24,CTCGTCAAGCGGATCA-1,PB,-0.33374461259826566
MS,PB_24,CTCTACGCATCCTTGC-1,PB,-0.42931450072253324
MS,PB_24,CTCTGGTTCTTGACGA-1,PB,-0.14153742548032142
MS,PB_24,CTGAAACCATAGAAAC-1,PB,-0.031190500968411663
MS,PB_24,CTGAAACCATGGTCAT-1,PB,-0.09834107806026707
MS,PB_24,CTGATAGGTCATCGGC-1,PB,0.13021972351038205
MS,PB_24,CTGCTGTCAGGTGGAT-1,PB,0.004787025849243105
MS,PB_24,CTGGTCTTCGTCACGG-1,PB,0.1914785191074047
MS,PB_24,CTTAACTGTTGCTCCT-1,PB,-0.3417168806364598
MS,PB_24,GAAATGAAGCTGAAAT-1,PB,-0.09834107806026707
MS,PB_24,GAACCTAAGCGATTCT-1,PB,-0.20735304090294251
MS,PB_24,GAATAAGCAGTAACGG-1,PB,0.36826686813401227
MS,PB_24,GACACGCGTACCAGTT-1,PB,-0.20530291425475314
MS,PB_24,GACACGCGTTTACTCT-1,PB,0.20404065412338612
MS,PB_24,GACCAATCAGGCTCAC-1,PB,0.2669421202598727
MS,PB_24,GACTAACCACCTTGTC-1,PB,-0.26287625859470687
MS,PB_24,GACTACATCGCATGGC-1,PB,-0.09834107806026707
MS,PB_24,GAGTCCGAGGATGGAA-1,PB,0.6295862535147062
MS,PB_24,GATCAGTTCTTCGAGA-1,PB,0.24423170893075283
MS,PB_24,GATCGATTCATAACCG-1,PB,0.33636548949970246
MS,PB_24,GATCGCGCAGACAAGC-1,PB,0.38889071715966395
MS,PB_24,GATCGCGGTTATGTGC-1,PB,0.06131770632052672
MS,PB_24,GATCGTACATGATCCA-1,PB,-0.35741509233133106
MS,PB_24,GATCGTATCGGTGTCG-1,PB,-0.28170837027207934
MS,PB_24,GATGAGGCACTTCTGC-1,PB,-0.09834107806026707
MS,PB_24,GATGCTAGTATGAAAC-1,PB,0.3893031322030653
MS,PB_24,GATGCTATCCACTGGG-1,PB,0.0765030170404386
MS,PB_24,GCAATCAAGCGCTTAT-1,PB,0.3682527381492489
MS,PB_24,GCACATAGTAAGTGGC-1,PB,0.141452582822514
MS,PB_24,GCAGTTAAGAACTGTA-1,PB,0.1784614413173741
MS,PB_24,GCAGTTATCCGTCATC-1,PB,-0.03377596139744855
MS,PB_24,GCATGATAGTCCGGTC-1,PB,-0.11601837049484365
MS,PB_24,GCCTCTAAGATCCCAT-1,PB,0.3208273653770819
MS,PB_24,GCGCAACAGGTGCTTT-1,PB,0.16561219065669
MS,PB_24,GCGCAACCAATCCAAC-1,PB,-0.09834107806026707
MS,PB_24,GCGCCAATCTACGAGT-1,PB,0.07863160855311309
MS,PB_24,GCGGGTTCATGCCTTC-1,PB,-0.09834107806026707
MS,PB_24,GCTGCGAAGACCCACC-1,PB,-0.20801983362618826
MS,PB_24,GCTGCGAGTGCCTGGT-1,PB,-0.22550515972686735
MS,PB_24,GCTGCGATCACGCGGT-1,PB,-0.10469843961456313
MS,PB_24,GCTGCTTCACGAGAGT-1,PB,0.08382129058852437
MS,PB_24,GCTGGGTCATGGTAGG-1,PB,-0.8977891641314706
MS,PB_24,GCTTCCACACCGATAT-1,PB,0.1613042537529308
MS,PB_24,GCTTGAAAGTCCAGGA-1,PB,0.058846592408994355
MS,PB_24,GCTTGAAGTAACGTTC-1,PB,0.5137913494482661
MS,PB_24,GGAAAGCCAAGCCATT-1,PB,0.20807876190823202
MS,PB_24,GGACAAGAGTGTTGAA-1,PB,-0.09834107806026707
MS,PB_24,GGACAAGGTCGGGTCT-1,PB,0.3303289520397282
MS,PB_24,GGACAGAAGGGATCTG-1,PB,-0.620261855741248
MS,PB_24,GGACGTCTCAACACAC-1,PB,0.17572711330653773
MS,PB_24,GGCAATTGTACCGTTA-1,PB,0.004952814079833485
MS,PB_24,GGCAATTGTCATGCCG-1,PB,-0.400944506752099
MS,PB_24,GGCAATTGTGTGGTTT-1,PB,-0.20902606380384547
MS,PB_24,GGCGACTCACCTTGTC-1,PB,-0.2876088615007283
MS,PB_24,GGCTCGAAGTACTTGC-1,PB,0.4150731630894645
MS,PB_24,GGGAATGAGACTAGGC-1-1,PB,-0.7859927596830211
MS,PB_24,GGGACCTCACTGTGTA-1,PB,-0.09834107806026707
MS,PB_24,GGGATGATCCAAACTG-1,PB,0.1211919382564124
MS,PB_24,GGGATGATCCTTGGTC-1,PB,0.3287294718679708
MS,PB_24,GGGCATCAGAAGATTC-1,PB,0.07106761161149946
MS,PB_24,GGTGAAGAGCTTCGCG-1,PB,-0.37791841884836536
MS,PB_24,GGTGAAGCAGACTCGC-1,PB,0.19501780820706788
MS,PB_24,GGTGCGTAGCCGTCGT-1,PB,0.11873993567651073
MS,PB_24,GTAACTGCAGTCAGCC-1,PB,-0.2887708708039279
MS,PB_24,GTAACTGGTTACCAGT-1,PB,0.01419093287737498
MS,PB_24,GTACGTACATGCCACG-1,PB,-0.2819555202684426
MS,PB_24,GTCAAGTCAGGTGGAT-1,PB,0.5056048655885346
MS,PB_24,GTCACGGAGACACGAC-1,PB,-0.21160191085003557
MS,PB_24,GTCACGGGTGAACCTT-1-1,PB,-0.11086210675735379
MS,PB_24,GTCCTCAAGGATGGTC-1,PB,0.1391162592945746
MS,PB_24,GTCGTAATCCCAAGTA-1,PB,-0.260031622622722
MS,PB_24,GTGCATACACACTGCG-1,PB,0.39850173701951813
MS,PB_24,GTGCATACACCACGTG-1,PB,-0.09834107806026707
MS,PB_24,GTGCATACATGTTGAC-1,PB,-0.349481414056741
MS,PB_24,GTGCTTCAGACATAAC-1,PB,0.3035010284460195
MS,PB_24,GTGTGCGTCAGAGACG-1,PB,0.22605430251152897
MS,PB_24,GTGTTAGCAAGGACTG-1,PB,0.0994092901573104
MS,PB_24,GTTCTCGAGAAACCTA-1,PB,-0.2803491725598442
MS,PB_24,TAAGCGTCAACACCCG-1,PB,0.1522044356558275
MS,PB_24,TACACGAAGTCTCCTC-1,PB,0.1055812107280727
MS,PB_24,TACCTTACATAACCTG-1,PB,-0.39039312050843394
MS,PB_24,TACCTTACATAGACTC-1,PB,0.7944374883644764
MS,PB_24,TACCTTATCGTGACAT-1,PB,0.2825564268940407
MS,PB_24,TACTCATAGGGAACGG-1,PB,-0.026902311408228425
MS,PB_24,TACTCATAGGTTCCTA-1,PB,-0.2124976001004392
MS,PB_24,TACTCATGTAAGAGAG-1,PB,-0.20799127181256766
MS,PB_24,TACTCATTCAATCACG-1,PB,0.4455900304035807
MS,PB_24,TACTCGCTCCGTTGTC-1,PB,0.17057441785466917
MS,PB_24,TACTTACGTTCGTCTC-1,PB,-0.059429223432431164
MS,PB_24,TAGACCAGTGCAACGA-1,PB,0.6226240580627808
MS,PB_24,TATTACCGTTCCCTTG-1,PB,-0.24247653742048508
MS,PB_24,TCAACGACAGTTAACC-1,PB,0.5695080878835997
MS,PB_24,TCAGCTCGTAGTACCT-1,PB,0.09843652840617846
MS,PB_24,TCAGCTCTCCGCAGTG-1-1,PB,0.11057254690982186
MS,PB_24,TCGCGTTAGCTATGCT-1,PB,0.12435753886136794
MS,PB_24,TCGGGACTCACTTATC-1,PB,-0.09834107806026707
MS,PB_24,TCGTACCGTGCACTTA-1,PB,0.1526448484809117
MS,PB_24,TCTATTGAGTGTCTCA-1,PB,-0.22972499708856134
MS,PB_24,TCTATTGGTCTCAACA-1,PB,-0.09834107806026707
MS,PB_24,TCTCTAATCAGTTGAC-1,PB,-0.09834107806026707
MS,PB_24,TCTGAGAGTAGCCTAT-1,PB,0.07957435523365754
MS,PB_24,TCTTCGGGTACCGGCT-1,PB,0.0280944324212532
MS,PB_24,TGAAAGACATGGTTGT-1,PB,-0.22149149361156134
MS,PB_24,TGACGGCTCCACGTTC-1,PB,0.3564048462065927
MS,PB_24,TGACTAGAGTCTCAAC-1,PB,0.3731350306242098
MS,PB_24,TGACTAGCACAGATTC-1,PB,-0.2348220879899383
MS,PB_24,TGACTAGGTACTTCTT-1,PB,0.09866719071912608
MS,PB_24,TGACTTTAGCAGCCTC-1,PB,0.20535334817166737
MS,PB_24,TGAGCATCAAGTACCT-1,PB,0.28036512549954956
MS,PB_24,TGCCAAACAATCCGAT-1,PB,0.251426539535459
MS,PB_24,TGCCAAATCACCATAG-1,PB,-0.09834107806026707
MS,PB_24,TGCCCTACAAAGGTGC-1,PB,0.4675418871476817
MS,PB_24,TGCGCAGAGACTTGAA-1,PB,-0.09834107806026707
MS,PB_24,TGCGGGTCATGCCTTC-1,PB,0.06383129658469747
MS,PB_24,TGCGTGGCAGGAATCG-1-1,PB,0.10662763106543897
MS,PB_24,TGCTACCCATGTCGAT-1,PB,-0.027833384627693563
MS,PB_24,TGGGCGTCACTGCCAG-1,PB,0.34210495273603003
MS,PB_24,TGGGCGTGTACTTGAC-1,PB,0.17673475030974237
MS,PB_24,TGGGCGTGTTAAGTAG-1,PB,0.0816045313614265
MS,PB_24,TGGTTAGCATCCCACT-1,PB,-0.18412542828415335
MS,PB_24,TGGTTAGTCCTGCTTG-1,PB,0.46731555819580806
MS,PB_24,TGTCCCACATGGGACA-1,PB,0.34460073248645584
MS,PB_24,TGTGGTAAGCCGATTT-1,PB,0.06325269933188148
MS,PB_24,TGTTCCGAGTAGGCCA-1,PB,0.5195908810983089
MS,PB_24,TTAACTCGTAGCGATG-1,PB,0.26623101706007646
MS,PB_24,TTCCCAGCATCAGTCA-1,PB,-0.09834107806026707
MS,PB_24,TTCCCAGCATGTCGAT-1,PB,0.06982335251606772
MS,PB_24,TTCGAAGCAGGACCCT-1,PB,0.089865834515511
MS,PB_24,TTCGAAGGTCTGCGGT-1,PB,0.4513859191315285
MS,PB_24,TTCGAAGTCGGTTCGG-1,PB,-0.2722268426027223
MS,PB_24,TTCTTAGAGCCGCCTA-1,PB,-0.4393526545217384
MS,PB_24,TTGAACGTCTGACCTC-1,PB,0.24299559691677394
MS,PB_24,TTGACTTCATGGTTGT-1,PB,0.20868907284697988
MS,PB_24,TTGACTTCATTGTGCA-1-1,PB,0.7255674908698676
MS,PB_24,TTGCCGTCAGACGTAG-1,PB,0.09704848049395294
MS,PB_24,TTTCCTCGTAGGCTGA-1,PB,-0.17392036364807062
MS,PB_25,AAATGCCGTCACTTCC-1,PB,0.1020246513573017
MS,PB_25,AACACGTGTGAGGGAG-1,PB,0.1029435527433569
MS,PB_25,AACCGCGCAAGTCTAC-1,PB,0.019640855980387086
MS,PB_25,AACGTTGTCTCATTCA-1,PB,0.26085085192300056
MS,PB_25,AACTCAGAGACGCACA-1,PB,-0.056420363011363675
MS,PB_25,AACTCTTCATCTGGTA-1,PB,-0.09834107806026707
MS,PB_25,AAGCCGCAGTCCATAC-1,PB,0.1022778159676212
MS,PB_25,AATCGGTCACATCCGG-1,PB,-0.1001197730323369
MS,PB_25,ACACTGATCCGTACAA-1,PB,0.03629925950842688
MS,PB_25,ACAGCTAAGAATGTGT-1,PB,0.1492250964354352
MS,PB_25,ACATGGTAGAATGTGT-1,PB,0.5121183823282782
MS,PB_25,ACGAGCCTCTAACCGA-1,PB,0.14217924607182705
MS,PB_25,ACGATACGTTTCGCTC-1,PB,0.08331026678832208
MS,PB_25,ACTGATGCATGGTCAT-1,PB,-0.04038822275539068
MS,PB_25,AGCATACTCACTTCAT-1,PB,0.0622072483468621
MS,PB_25,AGGCCGTGTTTGACAC-1,PB,0.20323315767602224
MS,PB_25,AGGGATGTCACGACTA-1,PB,0.12495410123716544
MS,PB_25,AGGGATGTCCTGCCAT-1,PB,-0.7305219363222922
MS,PB_25,AGTGTCACATGGTCTA-1,PB,0.2860207776171154
MS,PB_25,ATTATCCCAAGGGTCA-1,PB,-0.09834107806026707
MS,PB_25,ATTATCCGTAGGCATG-1,PB,-0.09834107806026707
MS,PB_25,ATTATCCTCGACGGAA-1,PB,0.5987646962931893
MS,PB_25,ATTATCCTCTTTACAC-1,PB,-0.09834107806026707
MS,PB_25,ATTTCTGCAATTGCTG-1,PB,0.19890780624324128
MS,PB_25,CAACTAGAGACACTAA-1,PB,0.1767952931359559
MS,PB_25,CACACTCTCCTGTACC-1,PB,-0.27497884547308926
MS,PB_25,CAGATCAAGCACCGCT-1,PB,-0.09834107806026707
MS,PB_25,CAGCATAAGGACACCA-1,PB,-0.39703978710200566
MS,PB_25,CATCCACAGTCGAGTG-1,PB,0.38907343849877934
MS,PB_25,CATCCACTCACCTCGT-1,PB,0.08028717601950523
MS,PB_25,CATGGCGAGCTGATAA-1-1,PB,-0.11157336406286958
MS,PB_25,CATTATCGTACCGTAT-1,PB,-0.09834107806026707
MS,PB_25,CATTCGCTCCTTCAAT-1,PB,0.19143491610723892
MS,PB_25,CCGGTAGCAGGAATGC-1,PB,-0.286280854754723
MS,PB_25,CCGTACTCAGACGCTC-1,PB,0.11700914063663105
MS,PB_25,CCTCAGTTCGAGCCCA-1,PB,0.16522112049968227
MS,PB_25,CCTTTCTGTGTGAAAT-1,PB,0.517816518999392
MS,PB_25,CGAACATAGAGAACAG-1,PB,0.34512933528101863
MS,PB_25,CGACCTTGTAAACCTC-1,PB,0.26978119797355116
MS,PB_25,CGAGCACTCCACTGGG-1,PB,0.28165235900527885
MS,PB_25,CGCTATCTCCGAAGAG-1-1,PB,-0.5907586342763522
MS,PB_25,CGCTGGAGTTGTCGCG-1,PB,0.09960218408611751
MS,PB_25,CGGGTCAGTAGTACCT-1,PB,0.11744162346011011
MS,PB_25,CGGTTAAAGACACGAC-1,PB,0.4623954937158815
MS,PB_25,CGTAGGCCAGCGAACA-1,PB,-0.09834107806026707
MS,PB_25,CGTCAGGAGCCCAGCT-1,PB,-0.029636695244969796
MS,PB_25,CGTCAGGTCATAGCAC-1,PB,-0.4100727648607921
MS,PB_25,CGTCTACTCAATACCG-1,PB,0.8379431679907989
MS,PB_25,CGTGTCTAGCTACCGC-1,PB,0.32845065415395014
MS,PB_25,CTACACCTCCGAGCCA-1,PB,-0.3126346712804179
MS,PB_25,CTCATTACACAGCGTC-1,PB,-0.09834107806026707
MS,PB_25,CTCGAGGTCCGTAGGC-1,PB,0.43626376237905407
MS,PB_25,CTGCGGAAGCTGAAAT-1,PB,0.4647607231774909
MS,PB_25,CTGCTGTAGGAGTTGC-1-1,PB,-0.09834107806026707
MS,PB_25,CTGTTTAGTTAGGGTG-1,PB,-0.09834107806026707
MS,PB_25,GAACATCCAAGCCGCT-1,PB,0.30487257217808394
MS,PB_25,GAACCTAAGCACCGCT-1,PB,-0.09834107806026707
MS,PB_25,GACACGCGTGGACGAT-1,PB,0.18630817643164774
MS,PB_25,GACGCGTGTCAACATC-1,PB,-0.4995091896767095
MS,PB_25,GATCGTATCTAGAGTC-1,PB,-0.021612693012855417
MS,PB_25,GATGCTAGTACAAGTA-1,PB,0.4019926121666186
MS,PB_25,GCAGTTAGTCATACTG-1,PB,0.18640332320288938
MS,PB_25,GCGACCAGTAGGCTGA-1,PB,0.059632837739287854
MS,PB_25,GCGAGAACACTAGTAC-1,PB,-0.45279987551853157
MS,PB_25,GCGCAACTCCACGTGG-1,PB,-0.09834107806026707
MS,PB_25,GCTGCTTAGTGATCGG-1,PB,0.35170446048539705
MS,PB_25,GGACGTCAGTTACCCA-1,PB,0.14982744676416487
MS,PB_25,GGATGTTCAGACGCAA-1,PB,-0.09834107806026707
MS,PB_25,GGCTGGTGTAGGCATG-1,PB,-0.09834107806026707
MS,PB_25,GGGCATCGTATAGTAG-1,PB,0.2524735434364985
MS,PB_25,GGGTTGCGTACCAGTT-1,PB,0.7154097473181862
MS,PB_25,GGTATTGTCAAAGACA-1,PB,-0.09834107806026707
MS,PB_25,GTACGTAAGTACACCT-1,PB,1.2915237841536864
MS,PB_25,GTACTCCTCATCACCC-1,PB,-0.09834107806026707
MS,PB_25,GTCAAGTCATGCTAGT-1,PB,0.23175166999964447
MS,PB_25,GTCCTCACACCCATGG-1,PB,0.15129496121585148
MS,PB_25,GTGAAGGAGGCATGGT-1,PB,-0.09834107806026707
MS,PB_25,GTGAAGGGTGTGACGA-1,PB,-0.09834107806026707
MS,PB_25,GTGGGTCAGATATACG-1,PB,0.6461968825409359
MS,PB_25,GTTAAGCAGTTTCCTT-1,PB,-0.29161270339190354
MS,PB_25,TACACGACAACGATGG-1,PB,-0.09834107806026707
MS,PB_25,TACACGATCTTGGGTA-1,PB,-0.28969094820347374
MS,PB_25,TACCTTACAGTGGGAT-1,PB,-0.30801566414726633
MS,PB_25,TACCTTAGTCTAGAGG-1,PB,-0.09834107806026707
MS,PB_25,TACGGATCATGGTTGT-1,PB,0.157327186245338
MS,PB_25,TACTCGCAGCTGTTCA-1,PB,0.04856860641188928
MS,PB_25,TACTTGTAGGCTCATT-1,PB,0.6559740325023441
MS,PB_25,TATCAGGAGTGACATA-1,PB,0.3029817394739694
MS,PB_25,TCAGCTCAGCTACCTA-1,PB,0.1557666212765428
MS,PB_25,TCAGCTCGTAAGAGAG-1,PB,0.007666951701572182
MS,PB_25,TCTGAGAAGTGGTCCC-1,PB,0.3062176727480961
MS,PB_25,TCTGGAATCTTGCATT-1,PB,0.2888987504720886
MS,PB_25,TGAGAGGAGCCAACAG-1,PB,0.10668176498787499
MS,PB_25,TGAGGGATCGTTTATC-1,PB,-0.3697234941748701
MS,PB_25,TGATTTCAGCAATATG-1,PB,0.3967093232509695
MS,PB_25,TGCACCTTCAAACCGT-1,PB,0.31339157535057666
MS,PB_25,TGCCCTACATCCAACA-1,PB,0.42215217410438005
MS,PB_25,TGCCCTATCTGCGACG-1,PB,-0.021527275887145376
MS,PB_25,TGCGGGTTCTTACCTA-1,PB,0.09092719146942421
MS,PB_25,TGCTACCAGTGTACCT-1,PB,0.9228113828078766
MS,PB_25,TTATGCTGTACGACCC-1,PB,-0.2974039860507168
MS,PB_25,TTCGGTCGTCGCCATG-1,PB,0.0034154260666425873
MS,PB_25,TTGGCAAAGCTAGCCC-1,PB,-0.3628130577391712
MS,PB_25,TTTGGTTTCCTTGCCA-1,PB,0.12292783588766412
MS,PB_27,AAACCTGGTAATAGCA-1,PB,-0.09834107806026707
MS,PB_27,AAAGCAACAAGGACTG-1,PB,0.00020396491374246356
MS,PB_27,AACGTTGTCTCGATGA-1,PB,0.1170309602063859
MS,PB_27,AAGGCAGTCAGCACAT-1,PB,0.26144675268772566
MS,PB_27,AATCGGTGTTAAAGTG-1,PB,0.32065661446975696
MS,PB_27,ACAGCTAGTGGGTATG-1,PB,-0.43344548059377513
MS,PB_27,ACGAGGAGTCAAACTC-1,PB,-0.32162488333525335
MS,PB_27,ACGGGTCTCTTACCGC-1,PB,-0.09834107806026707
MS,PB_27,ACTATCTTCGACGGAA-1,PB,-0.09834107806026707
MS,PB_27,ACTGAACCATGCCTAA-1,PB,-0.09834107806026707
MS,PB_27,ACTGATGCACACAGAG-1,PB,0.9994871784020285
MS,PB_27,ACTGTCCTCAGCATGT-1,PB,0.04403601242083951
MS,PB_27,ACTTGTTCATCGGACC-1,PB,0.05652700583802587
MS,PB_27,AGATCTGGTGGTACAG-1,PB,0.014735188340146236
MS,PB_27,AGCAGCCGTCGAGTTT-1,PB,0.6068151450784879
MS,PB_27,AGCTCTCAGCGCCTCA-1,PB,-0.2016113107682456
MS,PB_27,AGCTTGATCGTCCAGG-1-1,PB,-0.09834107806026707
MS,PB_27,AGGTCCGAGGACTGGT-1,PB,0.4696214080239543
MS,PB_27,AGTCTTTTCTTCATGT-1,PB,-0.2952383666239287
MS,PB_27,ATAACGCTCTTAACCT-1,PB,-0.09834107806026707
MS,PB_27,ATCACGATCAATAAGG-1,PB,0.17103635109981027
MS,PB_27,ATGAGGGCATAAAGGT-1,PB,-0.004010306084935221
MS,PB_27,ATGGGAGTCAGCTTAG-1,PB,0.2926394900294827
MS,PB_27,ATGTGTGCATGAGCGA-1,PB,-0.23221777732172844
MS,PB_27,CAACTAGTCTGCGGCA-1,PB,0.08114115096730665
MS,PB_27,CAAGATCCACTTACGA-1,PB,0.7608702443411745
MS,PB_27,CAAGTTGTCGGCTTGG-1,PB,0.5242796125472738
MS,PB_27,CACATAGTCGACCAGC-1,PB,-0.09834107806026707
MS,PB_27,CACTCCAGTAACGCGA-1,PB,0.03997708374236708
MS,PB_27,CAGATCAGTCAAACTC-1,PB,-0.09834107806026707
MS,PB_27,CAGCTGGTCCCAAGAT-1,PB,-0.09834107806026707
MS,PB_27,CATCAGAAGTAATCCC-1,PB,-0.02247243286633021
MS,PB_27,CATCGAATCCGTAGTA-1,PB,0.4317724818925205
MS,PB_27,CCAATCCAGGAGTCTG-1,PB,0.2901766868515822
MS,PB_27,CCGGGATGTCTGCAAT-1,PB,-0.4920567880320865
MS,PB_27,CCGTACTTCGGAATCT-1,PB,0.08124777516696632
MS,PB_27,CCGTTCAGTCGAGTTT-1,PB,-0.09834107806026707
MS,PB_27,CCTTCCCCAACGATGG-1,PB,0.6947499828087225
MS,PB_27,CCTTCCCGTCACTGGC-1,PB,-0.09834107806026707
MS,PB_27,CGAATGTTCCTAAGTG-1,PB,-0.09834107806026707
MS,PB_27,CGACCTTAGTGAATTG-1,PB,0.0706487995737152
MS,PB_27,CGACCTTGTCAGAATA-1,PB,0.1170922614800786
MS,PB_27,CGGAGTCGTCAGAAGC-1,PB,-0.04176640367562569
MS,PB_27,CGGAGTCGTGATGTGG-1,PB,-0.09834107806026707
MS,PB_27,CGTAGCGGTGTTGGGA-1,PB,-0.09834107806026707
MS,PB_27,CGTAGCGGTTGTTTGG-1,PB,-0.09834107806026707
MS,PB_27,CTAACTTAGTCCTCCT-1,PB,-0.1712232509012141
MS,PB_27,CTAACTTGTACTTGAC-1,PB,-0.10168748438965654
MS,PB_27,CTAGAGTAGCTTCGCG-1,PB,0.5145877954608552
MS,PB_27,CTCGAAAAGTACGTTC-1,PB,-0.09834107806026707
MS,PB_27,CTCGAGGCAGACAGGT-1,PB,0.19607269490293108
MS,PB_27,CTCTACGGTAAACGCG-1,PB,0.2811080864254811
MS,PB_27,CTCTACGGTCGCGGTT-1-1,PB,-0.287670203307775
MS,PB_27,CTCTGGTTCCAAGCCG-1,PB,-0.09834107806026707
MS,PB_27,CTGATCCTCCCGACTT-1,PB,0.4125174245777598
MS,PB_27,CTGCGGAGTTAAGAAC-1,PB,0.13351813014220312
MS,PB_27,CTGGTCTTCAGATAAG-1,PB,0.4433291276834164
MS,PB_27,CTGTTTACATCCGGGT-1,PB,0.07835042036687123
MS,PB_27,CTTCTCTGTGTGCGTC-1,PB,0.6221983910691222
MS,PB_27,GAATGAAGTAAGGATT-1,PB,1.2020836026984267
MS,PB_27,GACGCGTGTGCCTGTG-1-1,PB,0.08804009976320094
MS,PB_27,GACTACAGTTGCCTCT-1,PB,0.1531860609968811
MS,PB_27,GACTACATCAACGAAA-1,PB,-0.21487708013230758
MS,PB_27,GATCGTATCGTTACAG-1,PB,-0.09834107806026707
MS,PB_27,GATCTAGGTCATTAGC-1,PB,0.039552352959040374
MS,PB_27,GCATGTAGTGTGAAAT-1,PB,0.2259658623680267
MS,PB_27,GCGCAACAGGCTCTTA-1,PB,0.01981383897128918
MS,PB_27,GCGCCAAGTAGGAGTC-1,PB,-0.09834107806026707
MS,PB_27,GCTCCTAAGGTGGGTT-1,PB,-0.5934850271702258
MS,PB_27,GGACGTCCAAAGGAAG-1,PB,0.2814593429272953
MS,PB_27,GGCTCGACACATGTGT-1,PB,0.1069083470511545
MS,PB_27,GGGATGAAGACTAGAT-1,PB,-0.09834107806026707
MS,PB_27,GGGCATCCATCGGTTA-1,PB,0.21625438377258135
MS,PB_27,GGTATTGAGTGAATTG-1,PB,0.2337516020573389
MS,PB_27,GGTGTTACAGCGAACA-1,PB,0.0894604899394943
MS,PB_27,GTACTCCAGACGCACA-1,PB,0.4263915069891085
MS,PB_27,GTCCTCAAGAGTAATC-1,PB,0.10985747735451024
MS,PB_27,GTCGGGTAGTCAAGGC-1,PB,0.018625608575688735
MS,PB_27,GTCGTAAAGGCGATAC-1,PB,0.05725233810199121
MS,PB_27,GTGCAGCCAAGTCTAC-1,PB,0.11065748787235742
MS,PB_27,GTGCAGCTCGGAATCT-1,PB,-0.09834107806026707
MS,PB_27,GTGTGCGGTGCACGAA-1,PB,0.07846946808698743
MS,PB_27,GTTCGGGCACGACTCG-1,PB,0.08057158126644737
MS,PB_27,GTTCTCGGTAGAAGGA-1,PB,0.6745920306100428
MS,PB_27,TACACGAAGACTAGGC-1,PB,0.8112396882612886
MS,PB_27,TACTCATAGACTAAGT-1,PB,0.15116726320824134
MS,PB_27,TACTCATGTACAGCAG-1,PB,-0.09834107806026707
MS,PB_27,TAGAGCTCACTCAGGC-1,PB,0.07632358994019564
MS,PB_27,TAGAGCTTCAAAGTAG-1,PB,0.15203846107702196
MS,PB_27,TCAGGATAGCTAACAA-1,PB,0.25313648716606385
MS,PB_27,TCGAGGCAGTGTCTCA-1,PB,0.1860044890222689
MS,PB_27,TCGCGAGCACCAACCG-1,PB,-0.1663029913436223
MS,PB_27,TCGCGTTGTCTGGAGA-1,PB,-0.09834107806026707
MS,PB_27,TCTATTGGTGACGCCT-1,PB,-0.09834107806026707
MS,PB_27,TGACAACGTCCAGTGC-1,PB,-0.0073520352906051144
MS,PB_27,TGACTTTTCAGTGTTG-1,PB,-0.09834107806026707
MS,PB_27,TGAGCATCATAGGATA-1,PB,-0.09834107806026707
MS,PB_27,TGCCCATCACAGAGGT-1,PB,-0.29963424512891307
MS,PB_27,TGCGCAGTCGTGGTCG-1,PB,-0.3156029023228636
MS,PB_27,TGGCCAGTCCACGCAG-1,PB,0.02819825368605819
MS,PB_27,TTAGTTCCACCTCGGA-1,PB,-0.09834107806026707
MS,PB_27,TTCGAAGTCCAAGCCG-1,PB,0.4303499720918769
MS,PB_27,TTGAACGAGCGCTTAT-1,PB,-0.09834107806026707
MS,PB_28,AAAGTAGTCTCTAAGG-1,PB,-0.6127361675479767
MS,PB_28,ACCAGTAAGCTCCTTC-1,PB,-0.09834107806026707
MS,PB_28,ACCCACTGTTCTGTTT-1,PB,0.11426599119142826
MS,PB_28,ACGATACGTGCGGTAA-1,PB,-0.3681811356006851
MS,PB_28,AGCTCCTGTCGACTGC-1,PB,0.08113046713112888
MS,PB_28,AGTGAGGAGCCGATTT-1,PB,0.08204227246379273
MS,PB_28,ATCGAGTAGACTGTAA-1,PB,0.04868432375600478
MS,PB_28,CACCACTTCACCGGGT-1,PB,0.16892004082100678
MS,PB_28,CAGCTAAAGGTGGGTT-1,PB,0.2691764505473016
MS,PB_28,CCTCTGAAGGCTCAGA-1,PB,0.2876875196857426
MS,PB_28,CGAACATTCAGTCCCT-1,PB,0.0884077257582133
MS,PB_28,CGGACTGTCCTTGGTC-1,PB,-0.09834107806026707
MS,PB_28,CGTAGCGAGTCCGGTC-1,PB,-0.09834107806026707
MS,PB_28,CGTCCATGTCAAGCGA-1,PB,-0.2552989047473239
MS,PB_28,CTAAGACCAGTATGCT-1,PB,-0.5645180059386562
MS,PB_28,CTGATAGTCCTGTACC-1,PB,-0.26063116359522615
MS,PB_28,CTTCTCTCACCTGGTG-1,PB,-0.25158179787424084
MS,PB_28,GACAGAGCAAACTGTC-1,PB,-0.6148327670098145
MS,PB_28,GACGTTAGTCCAACTA-1,PB,-0.4557289121374243
MS,PB_28,GATTCAGCAAGCTGTT-1,PB,0.15789854040729442
MS,PB_28,GCGCAGTCAGTTCCCT-1,PB,0.2580662364943029
MS,PB_28,GGGCACTGTTTGCATG-1,PB,-0.04957911133281857
MS,PB_28,GTACTCCAGTTACGGG-1,PB,0.18981942354248532
MS,PB_28,GTTCGGGTCGTAGGAG-1,PB,-0.09834107806026707
MS,PB_28,TAAGAGACATTGTGCA-1,PB,-0.09834107806026707
MS,PB_28,TACACGAAGAGTTGGC-1,PB,0.17135642631851247
MS,PB_28,TAGGCATGTCAAACTC-1,PB,-0.09834107806026707
MS,PB_28,TCTCTAACACCTCGTT-1,PB,1.064284994783525
MS,PB_28,TGCCAAAAGCTGAACG-1,PB,0.3306234035961446
MS,PB_28,TGGGCGTCACCGAAAG-1,PB,-0.13982328016358794
MS,PB_28,TTAGTTCTCAAACCAC-1,PB,0.3403855433076489
MS,PB_28,TTGCCGTTCGGCTTGG-1,PB,-0.09834107806026707
MS,PB_29,AAAGCAACAGCTGTGC-1,PB,-0.03405977087901903
MS,PB_29,AAGTCTGTCACGCGGT-1,PB,-0.09834107806026707
MS,PB_29,AATCCAGCAAGTAATG-1,PB,-0.09834107806026707
MS,PB_29,ACACCAACAATGGACG-1,PB,-0.09834107806026707
MS,PB_29,ACATCAGAGTGTACGG-1,PB,-0.2432156921919523
MS,PB_29,ACCGTAAAGAATGTTG-1,PB,-0.37386254852909195
MS,PB_29,ACGCCAGGTCTCTCGT-1,PB,0.04844928606736443
MS,PB_29,ACTTTCATCTGCGACG-1,PB,0.0896207808087145
MS,PB_29,AGAATAGCACTTGGAT-1,PB,0.32896301245637105
MS,PB_29,AGACGTTCACCGAAAG-1,PB,-0.0047764797269518955
MS,PB_29,AGAGCTTCATCCGTGG-1,PB,-0.2472332008960604
MS,PB_29,AGCTCCTGTCATTAGC-1,PB,-0.09834107806026707
MS,PB_29,AGTTGGTAGCATCATC-1,PB,0.11032022897100004
MS,PB_29,ATTACTCGTCTGATCA-1,PB,0.1433832229358427
MS,PB_29,ATTCTACTCGATGAGG-1,PB,-0.4681351492582567
MS,PB_29,ATTTCTGCAATGGAGC-1,PB,-0.14653844103848787
MS,PB_29,CAACTAGCAAGGCTCC-1,PB,-0.24643585673607754
MS,PB_29,CACCTTGAGATATGGT-1,PB,0.07967418005736511
MS,PB_29,CAGCTAAGTAAGGGAA-1,PB,0.0793302816456122
MS,PB_29,CAGCTAAGTCTTCAAG-1,PB,0.49680788084797317
MS,PB_29,CAGTAACCACAAGCCC-1,PB,0.3265091459731207
MS,PB_29,CATTATCGTCGTGGCT-1,PB,-0.735817899371093
MS,PB_29,CATTCGCGTGTCTGAT-1,PB,-0.05800485016119935
MS,PB_29,CCACTACAGAATGTGT-1,PB,-0.3583601674978936
MS,PB_29,CCAGCGAAGCCCAACC-1,PB,0.0832856978661065
MS,PB_29,CCTCAGTTCTCAAGTG-1,PB,-0.20157568103700033
MS,PB_29,CGAATGTGTAGGACAC-1,PB,0.22204882490616235
MS,PB_29,CGATGTAAGCCTCGTG-1,PB,0.2781516458074622
MS,PB_29,CGCGGTAGTTCCATGA-1,PB,0.10074316988098357
MS,PB_29,CGCGTTTAGTTTGCGT-1,PB,0.08271474115493642
MS,PB_29,CGGACTGAGACTAGGC-1,PB,0.6208997869597228
MS,PB_29,CGGACTGAGGTAGCTG-1,PB,0.08817878171259438
MS,PB_29,CGGACTGAGGTGGGTT-1,PB,0.4212801261632516
MS,PB_29,CGTAGCGGTCCAAGTT-1-1,PB,-0.09549362473636525
MS,PB_29,CGTGAGCAGTTTAGGA-1,PB,0.06987830904590497
MS,PB_29,CTAACTTAGCTGAAAT-1,PB,-0.09834107806026707
MS,PB_29,CTAAGACCAGAGCCAA-1,PB,-0.09834107806026707
MS,PB_29,CTAAGACGTCGCTTTC-1,PB,0.22104410904612976
MS,PB_29,CTCATTATCTGTTTGT-1,PB,0.7991530895526912
MS,PB_29,CTCCTAGGTCCGAAGA-1,PB,0.004498801299616805
MS,PB_29,CTCGAAAAGGTCGGAT-1,PB,-0.2530848099580879
MS,PB_29,CTCGGAGTCAAACCAC-1,PB,0.20391065599421163
MS,PB_29,CTCGGGACACATTAGC-1,PB,0.26478178030502736
MS,PB_29,CTTTGCGGTTGCTCCT-1,PB,0.10428967487590145
MS,PB_29,GAACATCCAAATACAG-1,PB,0.6141448010036364
MS,PB_29,GAATGAAGTACCAGTT-1,PB,0.5516126754076185
MS,PB_29,GACTACAGTCCCTTGT-1,PB,-0.09834107806026707
MS,PB_29,GACTGCGGTTTGACTG-1,PB,0.42287676434142357
MS,PB_29,GATGAAAAGAGCAATT-1,PB,0.514079036576982
MS,PB_29,GATGAGGTCAAGGCTT-1,PB,-0.21528087320980555
MS,PB_29,GCAGTTATCATCATTC-1,PB,-0.09834107806026707
MS,PB_29,GCCTCTAGTCTTGCGG-1,PB,0.6011954081613339
MS,PB_29,GCGAGAAGTGGTAACG-1,PB,0.10075449402663808
MS,PB_29,GCGCAACGTGTCGCTG-1-1,PB,-0.3455760901086114
MS,PB_29,GCGCAACTCGGTTCGG-1,PB,0.28965382211905594
MS,PB_29,GCTCCTAGTGCCTGTG-1,PB,0.034708388085973554
MS,PB_29,GCTGGGTAGAAGAAGC-1,PB,-0.09834107806026707
MS,PB_29,GCTGGGTGTACTCAAC-1,PB,0.1456414820157194
MS,PB_29,GGAAAGCCAAATCCGT-1,PB,-0.10902045827694626
MS,PB_29,GGACGTCCAAGTTGTC-1,PB,-0.09834107806026707
MS,PB_29,GGACGTCCACTCGACG-1,PB,-0.09834107806026707
MS,PB_29,GGCCGATCAATTCCTT-1,PB,0.728977859701876
MS,PB_29,GGGAATGTCTGGCGAC-1,PB,0.6221983910691222
MS,PB_29,GGGACCTTCATCGCTC-1,PB,-0.09834107806026707
MS,PB_29,GGGAGATAGCGATTCT-1,PB,-0.3770009103092874
MS,PB_29,GTAACGTAGCCACGTC-1,PB,-0.011538587079561362
MS,PB_29,GTCAAGTGTCCGAATT-1,PB,0.5207633664416719
MS,PB_29,GTCAAGTTCACCATAG-1,PB,-0.4811399099553207
MS,PB_29,GTCACAAAGGTGACCA-1,PB,-0.11030683867919315
MS,PB_29,GTCGGGTTCAGCACAT-1,PB,-0.23013305127377048
MS,PB_29,GTCGTAAAGTTTAGGA-1,PB,-0.5366692985901341
MS,PB_29,GTCTTCGTCAGTACGT-1,PB,0.616016191893935
MS,PB_29,GTGAAGGCATTCACTT-1,PB,-0.23496958052259823
MS,PB_29,GTGCGGTGTATATGAG-1,PB,-0.29624881732057234
MS,PB_29,GTGTGCGAGAAGGGTA-1,PB,-0.2143524557803334
MS,PB_29,GTTCATTAGATCGGGT-1,PB,0.09823801458090932
MS,PB_29,GTTCGGGAGGACACCA-1-1,PB,0.239401890976883
MS,PB_29,GTTCGGGGTACGCACC-1,PB,-0.026647228722709415
MS,PB_29,TACTTACCACGGCCAT-1,PB,-0.09834107806026707
MS,PB_29,TACTTACGTATAGGTA-1,PB,-0.5806326784908015
MS,PB_29,TCATTACTCGGAATCT-1,PB,-0.09834107806026707
MS,PB_29,TCATTTGAGTGCGATG-1-1,PB,-0.20176601881181064
MS,PB_29,TCATTTGCACAGAGGT-1,PB,-0.09834107806026707
MS,PB_29,TCGGTAACATAAGACA-1,PB,0.7280270246577921
MS,PB_29,TCTGGAATCTTGCATT-1-1,PB,0.1178954163558646
MS,PB_29,TGATTTCGTGATGTGG-1,PB,0.9459449780687951
MS,PB_29,TGCACCTTCTAGAGTC-1,PB,0.25740813022609077
MS,PB_29,TGCCAAAAGGACAGCT-1,PB,-0.12927013382656669
MS,PB_29,TGGCGCAGTCGGATCC-1,PB,-0.12080709379974573
MS,PB_29,TGTGGTACAGCTGGCT-1,PB,0.07431429672292313
MS,PB_29,TGTTCCGGTAGAAGGA-1,PB,0.08190382789903941
MS,PB_29,TTAACTCCAAGCCATT-1,PB,0.2832627226644531
MS,PB_29,TTAGGACTCACCTTAT-1,PB,-0.09834107806026707
MS,PB_29,TTATGCTTCCATTCTA-1,PB,-0.09834107806026707
MS,PB_29,TTCTACAGTCTTTCAT-1,PB,0.26673042665174085
MS,PB_29,TTCTCAAAGCAGCGTA-1,PB,-0.08989630637980792
MS,PB_29,TTCTTAGAGCTGAAAT-1,PB,0.49781268996988554
MS,PB_29,TTGAACGAGCACAGGT-1,PB,-0.04862497393076385
MS,PB_31,AAACCTGTCAACACAC-1,PB,-0.18504023230012503
MS,PB_31,AAACGGGTCAATACCG-1,PB,0.07642194385926211
MS,PB_31,AAACGGGTCCGAAGAG-1,PB,-0.7074974144896411
MS,PB_31,AAAGCAAAGCACAGGT-1,PB,0.10818133447286195
MS,PB_31,AACACGTTCCTGCAGG-1,PB,0.2336622445044689
MS,PB_31,AACCGCGTCTGTCTAT-1,PB,0.21300680318379178
MS,PB_31,AACTCAGTCAGCATGT-1,PB,0.22154859151234296
MS,PB_31,AACTGGTAGACCACGA-1,PB,0.36190734274342107
MS,PB_31,AACTTTCAGCCAGGAT-1,PB,0.23682279753955185
MS,PB_31,AACTTTCGTTTGGCGC-1,PB,-0.04567273964984283
MS,PB_31,AATCCAGAGCTACCGC-1,PB,-0.09834107806026707
MS,PB_31,ACATCAGAGCAGATCG-1,PB,0.2978023964706259
MS,PB_31,ACATCAGGTTCGGGCT-1,PB,0.1088075713514921
MS,PB_31,ACATCAGTCGGTTAAC-1,PB,-0.09834107806026707
MS,PB_31,ACCGTAAAGACAGACC-1,PB,0.09652741045234241
MS,PB_31,ACCTTTATCGTGGTCG-1,PB,0.07993193640468953
MS,PB_31,ACGATGTAGAGCAATT-1,PB,0.17928984909963663
MS,PB_31,ACGCCGAGTAATCACC-1,PB,0.11850402172437584
MS,PB_31,ACGGAGACATTGGCGC-1,PB,0.32599709041765096
MS,PB_31,ACGGGCTAGTACATGA-1,PB,-0.4782047509265821
MS,PB_31,ACGGGCTCAAATTGCC-1,PB,0.3146590686468561
MS,PB_31,ACGTCAAAGAATGTTG-1,PB,-0.4177272275796911
MS,PB_31,ACTATCTCACATCCAA-1,PB,-0.09834107806026707
MS,PB_31,ACTATCTGTGACAAAT-1,PB,0.10759193987838642
MS,PB_31,ACTGAACCATCTGGTA-1,PB,0.041014470630507914
MS,PB_31,ACTGCTCTCAGAGACG-1-1,PB,0.08743792345753341
MS,PB_31,ACTTACTCAGCTTAAC-1,PB,-0.178875170285053
MS,PB_31,AGAATAGGTTACAGAA-1,PB,-0.09834107806026707
MS,PB_31,AGGGAGTAGCCACTAT-1,PB,-0.03318183676262487
MS,PB_31,AGGGATGTCCTTTCGG-1,PB,-0.019895620652936024
MS,PB_31,AGTAGTCGTTAGTGGG-1,PB,-0.09834107806026707
MS,PB_31,AGTGGGACACGCATCG-1,PB,0.08081768383603163
MS,PB_31,AGTTGGTTCACTGGGC-1,PB,-0.34389057496064995
MS,PB_31,AGTTGGTTCCCAAGTA-1,PB,0.3551191680839914
MS,PB_31,ATAGACCAGGTCGGAT-1,PB,0.11889753133961768
MS,PB_31,ATAGACCCAACCGCCA-1,PB,0.23502438262592681
MS,PB_31,ATAGACCGTTTGACTG-1,PB,-0.29141735764159726
MS,PB_31,ATCATCTAGACACTAA-1,PB,0.012653135768424148
MS,PB_31,ATCCGAAGTTAAGAAC-1-1,PB,-0.036931850905473365
MS,PB_31,ATGCGATTCGAATGGG-1,PB,-0.15786220840722326
MS,PB_31,CAACCAACACATTTCT-1,PB,0.3937313184061345
MS,PB_31,CAAGAAAAGCGTCTAT-1,PB,0.3369515552632878
MS,PB_31,CAAGATCCACCCTATC-1,PB,-0.6327041567861966
MS,PB_31,CACCAGGCACATCCGG-1,PB,-0.3024063849299609
MS,PB_31,CACCTTGGTCTCGTTC-1,PB,-0.2835326538856912
MS,PB_31,CAGAATCAGAAGGTGA-1,PB,0.30392246446662863
MS,PB_31,CAGAATCTCCAAGTAC-1,PB,0.19582481592094741
MS,PB_31,CAGCCGAAGTGCAAGC-1,PB,0.14097489006934041
MS,PB_31,CAGCTAACAATCGGTT-1,PB,0.5199152365293482
MS,PB_31,CAGCTAAGTCTCTTAT-1,PB,-0.26089931248376586
MS,PB_31,CAGGTGCAGGCTCTTA-1,PB,-0.16509940559927866
MS,PB_31,CATATGGCATACCATG-1,PB,-0.09834107806026707
MS,PB_31,CATATTCAGGGTTCCC-1,PB,0.21439924927023912
MS,PB_31,CATCAAGCACTCAGGC-1,PB,0.009352874401671929
MS,PB_31,CATCAAGCATGTCTCC-1,PB,-0.22322094201371726
MS,PB_31,CATCAGAAGACGCAAC-1,PB,0.08012747332514544
MS,PB_31,CATGACAAGGGCACTA-1,PB,-0.09834107806026707
MS,PB_31,CATGCCTGTATAAACG-1,PB,0.017049686135032126
MS,PB_31,CCAATCCTCCCATTTA-1,PB,0.7015125138208967
MS,PB_31,CCCAGTTAGCTAACAA-1,PB,-0.0177950175484972
MS,PB_31,CCGTACTAGTATTGGA-1,PB,0.5833760242415289
MS,PB_31,CCGTGGATCTCCGGTT-1,PB,0.13924588326637513
MS,PB_31,CCTAAAGTCAGCTCTC-1,PB,-0.2529210303974229
MS,PB_31,CCTAAAGTCGTTGCCT-1,PB,0.22036117106541367
MS,PB_31,CCTCAGTAGTACGACG-1,PB,0.04283062410733083
MS,PB_31,CCTTCCCAGGTGCAAC-1,PB,-0.008529738856477271
MS,PB_31,CCTTCGAAGAGTTGGC-1,PB,0.16838285092508215
MS,PB_31,CGAACATCAGATCGGA-1,PB,-0.09834107806026707
MS,PB_31,CGAATGTCAGTGGGAT-1,PB,0.24108125870931002
MS,PB_31,CGAATGTGTGCACCAC-1,PB,-0.3412432078518583
MS,PB_31,CGAATGTTCTCGTATT-1,PB,-0.22313948588471902
MS,PB_31,CGACTTCAGTCGTTTG-1,PB,-0.09834107806026707
MS,PB_31,CGCCAAGGTGTGTGCC-1,PB,0.28627317911412214
MS,PB_31,CGCGGTACAAAGGTGC-1,PB,-0.2711815137870633
MS,PB_31,CGCGGTACAACAACCT-1,PB,-0.21226114292021764
MS,PB_31,CGCTGGAAGTGGCACA-1,PB,-0.30830603837285336
MS,PB_31,CGGACACAGCACAGGT-1,PB,0.5028853419910233
MS,PB_31,CGGACTGTCTATGTGG-1,PB,-0.13696973515706198
MS,PB_31,CGGAGCTGTGTTTGTG-1,PB,0.3546871061333922
MS,PB_31,CGGAGTCAGGTGACCA-1,PB,-0.28681863372747035
MS,PB_31,CGTAGGCAGCACCGCT-1,PB,0.45307554962646385
MS,PB_31,CGTCAGGTCTTACCGC-1,PB,-0.036327333332410956
MS,PB_31,CGTGAGCAGAGACGAA-1,PB,-0.272186919132698
MS,PB_31,CGTGAGCTCTGGTTCC-1,PB,-0.09834107806026707
MS,PB_31,CGTGTAAGTCTCATCC-1,PB,-0.09834107806026707
MS,PB_31,CTAACTTTCCGTAGTA-1,PB,-0.0029296990848250676
MS,PB_31,CTAATGGAGTTACGGG-1,PB,0.14018921965810544
MS,PB_31,CTAATGGGTGCGATAG-1,PB,0.25232323613024515
MS,PB_31,CTACATTCATGGTAGG-1,PB,0.03976807486397168
MS,PB_31,CTAGAGTTCCTTAATC-1,PB,-0.37326604191759527
MS,PB_31,CTCAGAAAGAGTAAGG-1,PB,0.2157994532957645
MS,PB_31,CTCCTAGTCACGACTA-1,PB,0.3079592325758024
MS,PB_31,CTCGAAAGTACTTCTT-1,PB,0.29940925802927854
MS,PB_31,CTCGAAAGTTGCCTCT-1,PB,-0.11611229494749473
MS,PB_31,CTCGGAGTCATCACCC-1,PB,0.4738728149129018
MS,PB_31,CTCGGGACACATCCGG-1,PB,-0.24730124899461634
MS,PB_31,CTCTAATGTCTGGAGA-1,PB,-0.09133392491731576
MS,PB_31,CTGCCTAAGTGTTTGC-1,PB,-0.09834107806026707
MS,PB_31,CTGCGGAAGATAGGAG-1,PB,-0.5441946434085134
MS,PB_31,CTGCGGACACGAAACG-1,PB,-0.2685202646364724
MS,PB_31,CTGCTGTCATCAGTCA-1,PB,-0.0006084391726183881
MS,PB_31,CTGGTCTAGATCACGG-1,PB,-0.22837880270341884
MS,PB_31,CTGGTCTTCTGGGCCA-1,PB,-0.3130938054197668
MS,PB_31,CTGTGCTCAGCCTTTC-1,PB,-0.20302223640525247
MS,PB_31,CTGTTTAAGCGTGAGT-1,PB,0.4928211948748977
MS,PB_31,CTGTTTAGTTCCACGG-1,PB,-0.09834107806026707
MS,PB_31,CTGTTTATCGTAGGAG-1,PB,0.7103587005754978
MS,PB_31,GAAACTCAGCTTTGGT-1,PB,-0.1800930768756746
MS,PB_31,GAAATGATCTAACCGA-1,PB,-0.3631145717374501
MS,PB_31,GAACATCTCTGGAGCC-1,PB,0.1807804632490699
MS,PB_31,GAACCTAAGAAACGCC-1,PB,0.3429654087402418
MS,PB_31,GAACCTATCCACGTTC-1,PB,-0.20489405136840722
MS,PB_31,GAATAAGCACCCATGG-1,PB,-0.09834107806026707
MS,PB_31,GAATAAGCACGGTAGA-1,PB,-0.12849560647281263
MS,PB_31,GACACGCAGCATCATC-1,PB,0.06355796868052002
MS,PB_31,GACTGCGCACGCATCG-1,PB,0.34684452136137417
MS,PB_31,GATCGTAAGAGGTTAT-1,PB,-0.17138060072277153
MS,PB_31,GATGAAAGTACGACCC-1,PB,-0.09834107806026707
MS,PB_31,GATGAGGTCGCACTCT-1,PB,-0.20345253573187724
MS,PB_31,GCATACACACGAGAGT-1,PB,-0.4762061699141653
MS,PB_31,GCGCCAAAGCACCGTC-1,PB,0.39916966153458294
MS,PB_31,GCGCGATGTCGCGGTT-1,PB,0.2539104286827081
MS,PB_31,GCTGCAGCATATGGTC-1-1,PB,0.3360975829392155
MS,PB_31,GCTGCAGTCGGATGGA-1,PB,-0.22895759831125342
MS,PB_31,GCTGCTTTCCATGCTC-1,PB,-0.09218751722221157
MS,PB_31,GCTTCCAGTTCGGGCT-1,PB,-0.625423911199311
MS,PB_31,GCTTGAAAGGCGTACA-1,PB,0.0083140804857768
MS,PB_31,GGAAAGCGTGTTCGAT-1,PB,-0.019094233624821235
MS,PB_31,GGAACTTCATGCTAGT-1,PB,-0.509058398009975
MS,PB_31,GGCAATTGTCTGGTCG-1,PB,-0.16475671960910868
MS,PB_31,GGCCGATTCCCATTTA-1,PB,-0.21761513548663444
MS,PB_31,GGCGACTAGACAAAGG-1,PB,0.0768645879797037
MS,PB_31,GGCTCGAAGCCCTAAT-1,PB,0.3829283314015844
MS,PB_31,GGGAGATGTATAGGGC-1,PB,-0.2181562108781193
MS,PB_31,GGGATGAGTAATAGCA-1,PB,0.0015184813270657158
MS,PB_31,GGGTCTGCACAGACAG-1,PB,0.30139084696570756
MS,PB_31,GGTGTTATCCGCGGTA-1,PB,-0.2852638126346249
MS,PB_31,GTAACTGGTCACCCAG-1,PB,-0.09834107806026707
MS,PB_31,GTACTTTCACTGTCGG-1,PB,-0.09834107806026707
MS,PB_31,GTAGTCAAGAAGGGTA-1,PB,-0.01573060571894923
MS,PB_31,GTATTCTAGCTTTGGT-1-1,PB,0.3580386960689674
MS,PB_31,GTATTCTTCCTCGCAT-1,PB,-0.3202093553732115
MS,PB_31,GTCACAATCTAACTCT-1,PB,0.15817728591993502
MS,PB_31,GTCACGGGTCACACGC-1,PB,-0.044856525184377764
MS,PB_31,GTCATTTGTGCCTGTG-1,PB,0.03613362801082997
MS,PB_31,GTCCTCATCGGCGGTT-1,PB,0.7253936037011718
MS,PB_31,GTCGTAATCAGCTCGG-1,PB,0.4943421904839136
MS,PB_31,GTCTCGTCACGGCTAC-1,PB,-0.4199804546734006
MS,PB_31,GTGCAGCTCAATAAGG-1,PB,0.332946301471972
MS,PB_31,GTGCATAGTGAAGGCT-1-1,PB,-0.09834107806026707
MS,PB_31,GTGCTTCGTCTAGAGG-1,PB,0.21650502078653405
MS,PB_31,GTGCTTCTCTGAGGGA-1,PB,0.12966941960430445
MS,PB_31,GTTCATTCAACGATGG-1,PB,-0.09834107806026707
MS,PB_31,TAAACCGCATGCCCGA-1,PB,0.7849651757815693
MS,PB_31,TACCTTAGTCTCCATC-1,PB,0.15307727606038554
MS,PB_31,TACTTACTCCGCGTTT-1,PB,-0.07606770337687903
MS,PB_31,TACTTGTAGAGGTTGC-1,PB,-0.3012473254569599
MS,PB_31,TAGACCATCGGAAACG-1,PB,0.4270476018261623
MS,PB_31,TATGCCCGTAAGCACG-1,PB,0.14142074864916918
MS,PB_31,TATTACCCATCATCCC-1,PB,-0.09834107806026707
MS,PB_31,TATTACCTCCCTGACT-1,PB,-0.057071084155878755
MS,PB_31,TCACGAATCCAATGGT-1,PB,0.004637081301022472
MS,PB_31,TCAGATGCAAGGACTG-1,PB,-0.17327902161298722
MS,PB_31,TCAGATGGTGCCTGTG-1,PB,0.18677847665962227
MS,PB_31,TCAGCAAAGAGTAATC-1,PB,0.1272439873073855
MS,PB_31,TCGCGAGCAGGTCCAC-1,PB,-0.024737442671136287
MS,PB_31,TCGCGAGTCCGCGCAA-1,PB,0.039691543224208925
MS,PB_31,TCGCGAGTCTCAAACG-1,PB,-0.09834107806026707
MS,PB_31,TCGCGTTTCCTCCTAG-1,PB,0.22095052710891339
MS,PB_31,TCTCATAAGGTGATTA-1,PB,0.05439051968204778
MS,PB_31,TGACAACAGGACATTA-1,PB,-0.3098362379884977
MS,PB_31,TGACTAGTCAGTGCAT-1,PB,-0.09834107806026707
MS,PB_31,TGACTAGTCTATCCTA-1,PB,-0.16589101621375305
MS,PB_31,TGAGAGGAGTGAAGAG-1,PB,-0.09834107806026707
MS,PB_31,TGAGAGGAGTGTACTC-1,PB,-0.09834107806026707
MS,PB_31,TGAGAGGGTTTCCACC-1,PB,-0.2334187453911274
MS,PB_31,TGAGCCGCAGCCAATT-1,PB,-0.35838119155935283
MS,PB_31,TGAGCCGTCAATACCG-1,PB,-0.12296102494701126
MS,PB_31,TGATTTCTCAATACCG-1,PB,0.2500574543943743
MS,PB_31,TGCCAAATCCTGTACC-1,PB,0.29087291074606997
MS,PB_31,TGCCCATAGCTTATCG-1,PB,-0.2789595455006933
MS,PB_31,TGCCCATCACAGCGTC-1,PB,-0.4828445641924849
MS,PB_31,TGCGGGTCAAGCTGTT-1,PB,-0.003731378590366866
MS,PB_31,TGCTACCCAGGGCATA-1,PB,-0.09834107806026707
MS,PB_31,TGGGAAGTCCGCGCAA-1,PB,0.061710754087567765
MS,PB_31,TGGGCGTTCGGAAACG-1,PB,-0.09096692006795694
MS,PB_31,TGGTTCCAGTGAACAT-1,PB,-0.41752328612841794
MS,PB_31,TGTTCCGGTGGCCCTA-1,PB,0.22737060992399352
MS,PB_31,TTAGGCAAGACAGGCT-1,PB,0.06878879624104127
MS,PB_31,TTAGGCAGTACAAGTA-1,PB,-0.22220876686662613
MS,PB_31,TTGGCAAGTCGTTGTA-1,PB,-0.282678629178234
MS,PB_31,TTTACTGGTTGGTAAA-1,PB,0.3948833567466265
MS,PB_31,TTTCCTCGTCCCGACA-1,PB,-0.12274078846296489
MS,PB_31,TTTGCGCGTCCATCCT-1,PB,0.057530118233199104
HC,PB_32,AAACCTGCAGGACCCT-1,PB,0.14730249733831874
HC,PB_32,AAACCTGCATGAAGTA-1,PB,-0.08844042102517614
HC,PB_32,AAATGCCTCAAGGTAA-1,PB,0.14207854380886298
HC,PB_32,AAATGCCTCTAGAGTC-1,PB,0.42051485476986805
HC,PB_32,AACGTTGCAGGATTGG-1,PB,-0.5291359902893341
HC,PB_32,AATCCAGAGAGCCCAA-1,PB,-0.09834107806026707
HC,PB_32,ACACTGATCAACGCTA-1,PB,-0.001840671579301012
HC,PB_32,ACATGGTCAGCGAACA-1,PB,0.0499857413763256
HC,PB_32,ACCCACTCAGCTGCAC-1,PB,-0.09834107806026707
HC,PB_32,ACGATACCAGTGAGTG-1-1,PB,0.11381343241319028
HC,PB_32,ACGCAGCTCAGTTGAC-1,PB,-0.22536413644486117
HC,PB_32,ACGGCCACAGCAGTTT-1,PB,-0.09834107806026707
HC,PB_32,ACGGGCTGTTAAGACA-1,PB,-0.5499283715215553
HC,PB_32,ACGGGTCCATAAGACA-1,PB,0.06148022961831151
HC,PB_32,ACTGTCCGTTCCATGA-1,PB,0.01650527327763914
HC,PB_32,AGAATAGAGAAGGGTA-1,PB,-0.4701226362356792
HC,PB_32,AGACGTTCATTAGCCA-1,PB,0.4004698415709984
HC,PB_32,AGCAGCCGTGAAGGCT-1,PB,0.5095016836299859
HC,PB_32,AGCGGTCGTTGACGTT-1,PB,0.42001915465807077
HC,PB_32,AGTAGTCTCGTAGATC-1,PB,-0.20154436056524716
HC,PB_32,AGTTGGTGTAATCGTC-1,PB,-0.14344155476336815
HC,PB_32,ATAACGCAGTTAGCGG-1,PB,0.07884814332476497
HC,PB_32,ATCGAGTGTGCACTTA-1,PB,-0.03439700202913111
HC,PB_32,CAAGTTGGTGAGGCTA-1,PB,0.026778862165865752
HC,PB_32,CACACAACACTAGTAC-1-1,PB,-0.516561401084968
HC,PB_32,CACACCTGTCACCCAG-1,PB,0.040434277711008715
HC,PB_32,CACAGGCCATCCGGGT-1,PB,0.5488584362829723
HC,PB_32,CACTCCAGTGGACGAT-1,PB,0.22850564072909843
HC,PB_32,CAGTCCTTCTCCGGTT-1,PB,-0.3962149333482455
HC,PB_32,CATATTCGTGTAATGA-1,PB,-0.09834107806026707
HC,PB_32,CATCAGATCATATCGG-1,PB,-0.02463342371646266
HC,PB_32,CATGGCGCACCCATTC-1,PB,0.23992420552165766
HC,PB_32,CCACCTATCAGCGACC-1,PB,0.14129601291295296
HC,PB_32,CCACGGATCGTGGTCG-1,PB,-0.09834107806026707
HC,PB_32,CCACTACAGGAATTAC-1,PB,0.21093128314041895
HC,PB_32,CCGTTCACACAGGAGT-1,PB,-0.1103028579220849
HC,PB_32,CCGTTCAGTCTCCCTA-1,PB,-0.7591027793047964
HC,PB_32,CCTCTGATCGGCTTGG-1,PB,-0.32039275944895673
HC,PB_32,CCTTCGATCAGCATGT-1,PB,0.010656781720714588
HC,PB_32,CCTTCGATCAGTTCGA-1,PB,0.2273925017142538
HC,PB_32,CGAATGTCATCGATTG-1,PB,0.47719312704186734
HC,PB_32,CGAGCCAGTCTGGTCG-1,PB,-0.09834107806026707
HC,PB_32,CGCCAAGCACAGGCCT-1,PB,-0.5227044048894764
HC,PB_32,CGCTGGACATATGCTG-1,PB,-0.7372929446686809
HC,PB_32,CGGACTGCACAGCGTC-1,PB,-0.5693689209140492
HC,PB_32,CGGAGCTTCCTCGCAT-1,PB,-0.1350129344292576
HC,PB_32,CTAATGGTCACGACTA-1,PB,-0.38005646256243253
HC,PB_32,CTAGCCTCAAGGTTTC-1,PB,-0.7374151236971281
HC,PB_32,CTAGTGAAGCACACAG-1,PB,0.4007543107758149
HC,PB_32,CTCAGAAGTTCGCGAC-1,PB,0.8391436784628489
HC,PB_32,CTCATTAAGACTGGGT-1,PB,0.368229638537863
HC,PB_32,CTCCTAGGTAGCGATG-1,PB,-0.3834295981261947
HC,PB_32,CTCCTAGGTCCTCCAT-1,PB,-0.09834107806026707
HC,PB_32,CTCGAAAGTCCCTACT-1,PB,-0.4260899219698038
HC,PB_32,CTCGAAAGTGTCTGAT-1,PB,0.10180394910927466
HC,PB_32,CTCGTACAGATACACA-1,PB,-0.09834107806026707
HC,PB_32,CTCGTACAGTACCGGA-1,PB,0.47051758956067014
HC,PB_32,CTCTGGTCAATCGAAA-1,PB,-0.09834107806026707
HC,PB_32,CTCTGGTCAATCTACG-1,PB,-0.24007150241911954
HC,PB_32,CTGCTGTTCACCTCGT-1,PB,-0.09834107806026707
HC,PB_32,CTGTGCTGTAACGTTC-1,PB,0.4173781679711665
HC,PB_32,CTTACCGAGAGTCTGG-1,PB,0.43411183601050524
HC,PB_32,GAATAAGGTACCGCTG-1,PB,0.2642850108259035
HC,PB_32,GACAGAGTCCACGTGG-1,PB,-0.362156464091024
HC,PB_32,GAGTCCGGTAGCGTGA-1,PB,0.06795883204584231
HC,PB_32,GATCGTACATGCGCAC-1,PB,-0.06930139433669395
HC,PB_32,GATCTAGAGGTGATTA-1,PB,-0.30785163409422944
HC,PB_32,GATCTAGCATGCAATC-1,PB,-0.5763130593717242
HC,PB_32,GATGCTACAATCCGAT-1,PB,0.10159078707601465
HC,PB_32,GCAGCCACAAGGACAC-1,PB,-0.34416316447101875
HC,PB_32,GCATGATAGAGACGAA-1,PB,0.08762460918574728
HC,PB_32,GCCTCTAGTTGGTTTG-1,PB,0.23483149148898463
HC,PB_32,GCGCAGTTCGTTGACA-1,PB,-0.09834107806026707
HC,PB_32,GCTGCAGTCATGTAGC-1,PB,0.25900368678486413
HC,PB_32,GCTGGGTCATATACGC-1,PB,0.35042274939136536
HC,PB_32,GGAACTTGTGACTCAT-1,PB,0.33260552516926545
HC,PB_32,GGACATTGTGTTGAGG-1,PB,-0.9340247038729966
HC,PB_32,GGACGTCTCTGTGCAA-1,PB,1.0025290247216132
HC,PB_32,GGCAATTAGATATACG-1,PB,0.07597764089901678
HC,PB_32,GGCTGGTAGTGACTCT-1,PB,-0.09834107806026707
HC,PB_32,GGGAATGTCGCAAACT-1,PB,-0.3482340843906462
HC,PB_32,GGGCATCAGGCAATTA-1,PB,0.12453266980672043
HC,PB_32,GGGTCTGGTAACGACG-1,PB,-0.38734501351426864
HC,PB_32,GGTGCGTCAGTTTACG-1,PB,-0.9814401993140586
HC,PB_32,GGTGCGTTCGCCCTTA-1-1,PB,-0.09834107806026707
HC,PB_32,GTAACTGTCATCTGCC-1,PB,-0.09834107806026707
HC,PB_32,GTCAAGTTCCACGAAT-1,PB,-0.09834107806026707
HC,PB_32,GTCATTTCATGTTCCC-1,PB,0.07743908569624576
HC,PB_32,GTGCTTCAGCATGGCA-1,PB,0.01499973950221739
HC,PB_32,GTGTTAGAGTCTCGGC-1,PB,-0.09834107806026707
HC,PB_32,GTTACAGTCCAAATGC-1,PB,-0.09834107806026707
HC,PB_32,GTTCGGGCAATGAATG-1,PB,-0.19330265668705326
HC,PB_32,GTTCTCGCATCCAACA-1,PB,0.15435397060267636
HC,PB_32,TACTCGCCACAGAGGT-1,PB,-0.09834107806026707
HC,PB_32,TAGTGGTAGATATGGT-1,PB,-0.40607612694816686
HC,PB_32,TATCAGGTCGTGACAT-1,PB,-0.09834107806026707
HC,PB_32,TATCAGGTCTCTAAGG-1,PB,-0.48623373625992056
HC,PB_32,TCAGGATTCCCAACGG-1,PB,-0.9708191366574656
HC,PB_32,TCAGGATTCTGCGACG-1,PB,0.00882667353302989
HC,PB_32,TCAGGTACATTGTGCA-1,PB,-0.09834107806026707
HC,PB_32,TCGAGGCAGATGCGAC-1,PB,-0.09834107806026707
HC,PB_32,TCGCGAGCACAGCGTC-1,PB,-0.7995483504000325
HC,PB_32,TCGGGACCAAAGGCGT-1-1,PB,-0.20509779386143526
HC,PB_32,TCGGGACTCCGCATAA-1,PB,0.2153799069350997
HC,PB_32,TGACAACCACGACGAA-1,PB,0.3235802476692147
HC,PB_32,TGACAACGTGCTCTTC-1,PB,-0.09834107806026707
HC,PB_32,TGACGGCCACACATGT-1,PB,0.40499041106381833
HC,PB_32,TGACTTTGTGCGGTAA-1,PB,-0.041637475181024654
HC,PB_32,TGCACCTCAATCCGAT-1,PB,-1.2141232913649485
HC,PB_32,TGCCCATAGATCGGGT-1,PB,-0.09834107806026707
HC,PB_32,TGCCCTATCCTTAATC-1,PB,-0.09834107806026707
HC,PB_32,TGGTTAGCAAACGTGG-1,PB,0.7540011475488253
HC,PB_32,TTAGTTCAGGCGCTCT-1,PB,0.40271111655672504
HC,PB_32,TTTACTGCAGGACGTA-1,PB,-0.2693825325326206
HC,PB_32,TTTGCGCGTAAGCACG-1,PB,-0.09834107806026707
MS,MS19270_PB,GSM4104134_AAAGATGAGGAGCGTT-1,PB,-0.5737770594620696
MS,MS19270_PB,GSM4104134_AAAGTAGTCTACTTAC-1,PB,-0.609471273332591
MS,MS19270_PB,GSM4104134_AACCATGTCTGCTGCT-1,PB,-0.32441535610654915
MS,MS19270_PB,GSM4104134_AACTCCCCAAGGTTCT-1,PB,-0.2839757283462165
MS,MS19270_PB,GSM4104134_AACTTTCGTCGGCACT-1,PB,-0.09834107806026707
MS,MS19270_PB,GSM4104134_AAGTCTGGTAGGGTAC-1,PB,-0.09834107806026707
MS,MS19270_PB,GSM4104134_ACTGAGTCAGATGGCA-1,PB,-0.2485664560630138
MS,MS19270_PB,GSM4104134_AGAATAGGTCGAGTTT-1,PB,-0.23260111338088615
MS,MS19270_PB,GSM4104134_AGCCTAATCAGCTTAG-1,PB,-0.6113950413141185
MS,MS19270_PB,GSM4104134_AGCTCCTGTCGCTTCT-1,PB,-0.09834107806026707
MS,MS19270_PB,GSM4104134_AGGGTGATCTTCAACT-1,PB,0.2252969186002445
MS,MS19270_PB,GSM4104134_ATAGACCAGGGCTCTC-1,PB,0.18027058473883498
MS,MS19270_PB,GSM4104134_ATAGACCCATGAAGTA-1,PB,0.35440441329543226
MS,MS19270_PB,GSM4104134_ATAGACCTCTCTAGGA-1,PB,-0.6581043580303797
MS,MS19270_PB,GSM4104134_ATCTACTGTAGGCTGA-1,PB,-0.5014801869547751
MS,MS19270_PB,GSM4104134_ATCTACTTCGAGAACG-1,PB,-0.2628071087873558
MS,MS19270_PB,GSM4104134_ATCTGCCGTCATGCCG-1,PB,-0.460851863796533
MS,MS19270_PB,GSM4104134_ATTGGACAGTCGTACT-1,PB,-0.23747691317843347
MS,MS19270_PB,GSM4104134_CAACCTCAGCACAGGT-1,PB,0.42575904833775696
MS,MS19270_PB,GSM4104134_CAGTCCTGTTCAGTAC-1,PB,-0.09834107806026707
MS,MS19270_PB,GSM4104134_CATCAAGAGACTAGGC-1,PB,-0.5433277096918929
MS,MS19270_PB,GSM4104134_CCACCTATCTCCAGGG-1,PB,-0.09834107806026707
MS,MS19270_PB,GSM4104134_CCACTACCAGGATCGA-1,PB,-0.4361384594310899
MS,MS19270_PB,GSM4104134_CCACTACCATCGACGC-1,PB,-0.09834107806026707
MS,MS19270_PB,GSM4104134_CCACTACTCTGCGTAA-1,PB,0.21587925370143674
MS,MS19270_PB,GSM4104134_CCAGCGAAGTCTCAAC-1,PB,-0.09834107806026707
MS,MS19270_PB,GSM4104134_CCATTCGAGCGTAATA-1,PB,-0.7938402585257915
MS,MS19270_PB,GSM4104134_CCATTCGCATACAGCT-1,PB,0.31055000444426956
MS,MS19270_PB,GSM4104134_CCTACACCATGTTGAC-1,PB,-0.18215695946193727
MS,MS19270_PB,GSM4104134_CCTACCACAGCCAGAA-1,PB,-0.09834107806026707
MS,MS19270_PB,GSM4104134_CCTCTGAAGTATCGAA-1,PB,-0.3412497009015655
MS,MS19270_PB,GSM4104134_CGACTTCCACGCGAAA-1,PB,-0.09834107806026707
MS,MS19270_PB,GSM4104134_CGATCGGGTTTGACTG-1,PB,0.209273516095813
MS,MS19270_PB,GSM4104134_CGATGTAAGCTGCCCA-1,PB,-0.3409307444885887
MS,MS19270_PB,GSM4104134_CGCGGTAGTCTCCATC-1,PB,-0.3448197474401657
MS,MS19270_PB,GSM4104134_CGCGTTTAGTGTCCCG-1,PB,0.21537469756026575
MS,MS19270_PB,GSM4104134_CGGCTAGTCTGCCAGG-1,PB,-0.09834107806026707
MS,MS19270_PB,GSM4104134_CGTGAGCAGTACGACG-1,PB,-0.6016123121014373
MS,MS19270_PB,GSM4104134_CTAAGACAGCTGAAAT-1,PB,-0.4339211705348717
MS,MS19270_PB,GSM4104134_CTACACCCACGAAGCA-1,PB,0.061093241180247435
MS,MS19270_PB,GSM4104134_CTAGAGTAGACCACGA-1,PB,-0.603221153593101
MS,MS19270_PB,GSM4104134_CTCAGAACAGCTGGCT-1,PB,-0.5705122031732119
MS,MS19270_PB,GSM4104134_CTCATTAGTATATCCG-1,PB,-0.2431405050863041
MS,MS19270_PB,GSM4104134_CTCTGGTTCTGCGACG-1,PB,-0.09834107806026707
MS,MS19270_PB,GSM4104134_CTGCCTAAGGCCATAG-1,PB,0.12962375590203515
MS,MS19270_PB,GSM4104134_CTTAACTGTAGCGTAG-1,PB,0.2291158190089361
MS,MS19270_PB,GSM4104134_CTTAGGACACCAACCG-1,PB,-0.09834107806026707
MS,MS19270_PB,GSM4104134_CTTGGCTAGGGCTTGA-1,PB,0.18844981256646623
MS,MS19270_PB,GSM4104134_CTTGGCTAGTCAAGGC-1,PB,-0.7714861599418377
MS,MS19270_PB,GSM4104134_CTTTGCGCATTAGGCT-1,PB,-0.09834107806026707
MS,MS19270_PB,GSM4104134_GAACCTACACAGACAG-1,PB,0.27515002370775615
MS,MS19270_PB,GSM4104134_GAAGCAGAGTTTGCGT-1,PB,-0.26059771384095837
MS,MS19270_PB,GSM4104134_GAAGCAGCACGCCAGT-1,PB,0.17019921560740287
MS,MS19270_PB,GSM4104134_GAATAAGAGCTAGGCA-1,PB,0.09736421303866581
MS,MS19270_PB,GSM4104134_GAATGAACAGCTCGCA-1,PB,-0.2700287775869748
MS,MS19270_PB,GSM4104134_GACCTGGGTCGCGGTT-1,PB,-0.21728998368100236
MS,MS19270_PB,GSM4104134_GACGTGCAGAAGAAGC-1,PB,-0.9949932098411927
MS,MS19270_PB,GSM4104134_GATCGATTCTTCCTTC-1,PB,-0.33938750712825705
MS,MS19270_PB,GSM4104134_GATGCTAAGCGATTCT-1,PB,0.17280801724723865
MS,MS19270_PB,GSM4104134_GATGCTAGTAGAGCTG-1,PB,-0.09834107806026707
MS,MS19270_PB,GSM4104134_GCAAACTAGTATGACA-1,PB,-0.09834107806026707
MS,MS19270_PB,GSM4104134_GCAAACTGTCTGGTCG-1,PB,-0.4230211411032919
MS,MS19270_PB,GSM4104134_GCAGTTAAGAGTCGGT-1,PB,-0.7855412720904525
MS,MS19270_PB,GSM4104134_GCATGTACATGCCCGA-1,PB,-0.09834107806026707
MS,MS19270_PB,GSM4104134_GCATGTATCGTGACAT-1,PB,-0.09834107806026707
MS,MS19270_PB,GSM4104134_GCTGCAGGTGGTTTCA-1,PB,0.6427041622561873
MS,MS19270_PB,GSM4104134_GCTGGGTTCACGATGT-1,PB,-0.09834107806026707
MS,MS19270_PB,GSM4104134_GCTTCCAGTGGAAAGA-1,PB,0.21782921844082867
MS,MS19270_PB,GSM4104134_GGATTACCATTGGGCC-1,PB,-0.045258428772364835
MS,MS19270_PB,GSM4104134_GGCAATTCATCTATGG-1,PB,0.24751717141226973
MS,MS19270_PB,GSM4104134_GGGACCTCAAATTGCC-1,PB,-0.09834107806026707
MS,MS19270_PB,GSM4104134_GGGACCTTCGCCAAAT-1,PB,-0.2730020289694086
MS,MS19270_PB,GSM4104134_GGGTCTGGTTCAACCA-1,PB,-0.5560398769830885
MS,MS19270_PB,GSM4104134_GTACGTAAGAAAGTGG-1,PB,-0.09834107806026707
MS,MS19270_PB,GSM4104134_GTATCTTGTAAATGTG-1,PB,-0.09834107806026707
MS,MS19270_PB,GSM4104134_GTCACAACACCTATCC-1,PB,-0.23807621740552376
MS,MS19270_PB,GSM4104134_GTGCTTCCAGCTGCTG-1,PB,-0.09834107806026707
MS,MS19270_PB,GSM4104134_GTGTGCGCAATCACAC-1,PB,0.33440986336011486
MS,MS19270_PB,GSM4104134_GTTTCTAAGGCCCTCA-1,PB,-0.3273411726777811
MS,MS19270_PB,GSM4104134_TAAGAGAGTCCCTACT-1,PB,-0.09834107806026707
MS,MS19270_PB,GSM4104134_TACGGGCTCCCAAGTA-1,PB,-0.09834107806026707
MS,MS19270_PB,GSM4104134_TAGGCATCACCACGTG-1,PB,-0.09834107806026707
MS,MS19270_PB,GSM4104134_TAGTTGGCAGGACCCT-1,PB,-0.34416316447101875
MS,MS19270_PB,GSM4104134_TATCAGGTCATTCACT-1,PB,-0.31753996656623
MS,MS19270_PB,GSM4104134_TATCTCAAGGATGGTC-1,PB,0.1577049896558498
MS,MS19270_PB,GSM4104134_TCGGTAACATTTGCCC-1,PB,-0.2676447688862885
MS,MS19270_PB,GSM4104134_TCTCTAAAGCAACGGT-1,PB,-0.34123750538971914
MS,MS19270_PB,GSM4104134_TGACAACGTTGTCTTT-1,PB,-0.4958094996034787
MS,MS19270_PB,GSM4104134_TGAGCCGAGATCTGAA-1,PB,-0.09834107806026707
MS,MS19270_PB,GSM4104134_TGAGCCGAGCCGTCGT-1,PB,-0.09834107806026707
MS,MS19270_PB,GSM4104134_TGCACCTTCACTTACT-1,PB,0.02275997576853107
MS,MS19270_PB,GSM4104134_TGCCCTATCGAATGCT-1,PB,-0.02283694456765552
MS,MS19270_PB,GSM4104134_TGCGCAGAGCCCTAAT-1,PB,-0.4022341415266307
MS,MS19270_PB,GSM4104134_TGGCGCATCAATCACG-1,PB,-0.09834107806026707
MS,MS19270_PB,GSM4104134_TGGCGCATCAGCCTAA-1,PB,-0.7667999395314106
MS,MS19270_PB,GSM4104134_TGGGCGTTCGCCTGAG-1,PB,-0.24225544615374245
MS,MS19270_PB,GSM4104134_TTCGGTCAGAGCTGGT-1,PB,0.21332013269052522
MS,MS19270_PB,GSM4104134_TTCGGTCGTCATGCCG-1,PB,-0.3897196390999354
MS,MS19270_PB,GSM4104134_TTTACTGCACTGAAGG-1,PB,-0.09834107806026707
MS,MS49131_PB,GSM4104136_AACCATGCATAACCTG-1,PB,-0.08167839921238274
MS,MS49131_PB,GSM4104136_AAGACCTCAACACCTA-1,PB,0.1449451073010825
MS,MS49131_PB,GSM4104136_AATCGGTCATGTTGAC-1,PB,0.1586148514355315
MS,MS49131_PB,GSM4104136_ACACCCTCATCAGTCA-1,PB,0.18262996961599096
MS,MS49131_PB,GSM4104136_ACACTGATCTCATTCA-1,PB,0.34284629177422765
MS,MS49131_PB,GSM4104136_ACCAGTAGTCCGAAGA-1,PB,-0.6597698168894768
MS,MS49131_PB,GSM4104136_ACCGTAAGTCTCGTTC-1,PB,-0.09834107806026707
MS,MS49131_PB,GSM4104136_ACGCAGCAGGCTAGGT-1,PB,-0.23867212657742407
MS,MS49131_PB,GSM4104136_ACGCAGCAGTCTTGCA-1,PB,0.07496878518366355
MS,MS49131_PB,GSM4104136_ACTGCTCGTCATGCAT-1,PB,-0.09834107806026707
MS,MS49131_PB,GSM4104136_AGAGTGGCAAGGTTTC-1,PB,0.12516362359958194
MS,MS49131_PB,GSM4104136_AGGCCGTGTTCAGTAC-1,PB,-0.3051650108051381
MS,MS49131_PB,GSM4104136_ATAAGAGGTTAGTGGG-1,PB,-0.27017325099435346
MS,MS49131_PB,GSM4104136_ATCCACCTCTCATTCA-1,PB,-0.09834107806026707
MS,MS49131_PB,GSM4104136_ATGAGGGTCTCTAAGG-1,PB,-0.09834107806026707
MS,MS49131_PB,GSM4104136_ATGTGTGCATGCATGT-1,PB,-0.09834107806026707
MS,MS49131_PB,GSM4104136_ATGTGTGGTCTCCATC-1,PB,-0.24776586537817735
MS,MS49131_PB,GSM4104136_ATTACTCCAGTCACTA-1,PB,-0.09834107806026707
MS,MS49131_PB,GSM4104136_ATTGGACGTCTGATCA-1,PB,-0.09834107806026707
MS,MS49131_PB,GSM4104136_ATTGGACGTCTGGAGA-1,PB,-0.09834107806026707
MS,MS49131_PB,GSM4104136_ATTGGACGTTTGACAC-1,PB,0.20523277613479157
MS,MS49131_PB,GSM4104136_CACACAACACCTCGGA-1,PB,-0.09834107806026707
MS,MS49131_PB,GSM4104136_CACACCTTCTCCGGTT-1,PB,-0.09834107806026707
MS,MS49131_PB,GSM4104136_CACACTCAGTCCGTAT-1,PB,0.21526208535730107
MS,MS49131_PB,GSM4104136_CACCAGGAGATCCCGC-1,PB,-0.34269004771940476
MS,MS49131_PB,GSM4104136_CAGATCATCACTTCAT-1,PB,0.5571721673275937
MS,MS49131_PB,GSM4104136_CAGCTGGGTATGAATG-1,PB,-0.09834107806026707
MS,MS49131_PB,GSM4104136_CATGACAGTCTGCCAG-1,PB,0.34096321558208037
MS,MS49131_PB,GSM4104136_CCCTCCTCAGACAAGC-1,PB,-0.09834107806026707
MS,MS49131_PB,GSM4104136_CCGGGATGTGGTACAG-1,PB,-0.2487333766657754
MS,MS49131_PB,GSM4104136_CCGGGATTCCGAAGAG-1,PB,-0.09834107806026707
MS,MS49131_PB,GSM4104136_CCGTACTAGGGATGGG-1,PB,0.5433243875796416
MS,MS49131_PB,GSM4104136_CCTAAAGCACAACGTT-1,PB,-0.22367561957750987
MS,MS49131_PB,GSM4104136_CCTACCAAGCCCGAAA-1,PB,-0.2681101020303503
MS,MS49131_PB,GSM4104136_CCTCTGATCACTTCAT-1,PB,0.20998083265200249
MS,MS49131_PB,GSM4104136_CCTTCCCTCTATCCTA-1,PB,-0.4502382010591737
MS,MS49131_PB,GSM4104136_CCTTCGAGTTCCGTCT-1,PB,-0.2978075650654378
MS,MS49131_PB,GSM4104136_CGAACATGTATCACCA-1,PB,0.2643901916955335
MS,MS49131_PB,GSM4104136_CGACTTCGTCTCAACA-1,PB,-0.5188272357977642
MS,MS49131_PB,GSM4104136_CGAGAAGGTAACGTTC-1,PB,-0.10748542565156304
MS,MS49131_PB,GSM4104136_CGAGAAGGTACCGGCT-1,PB,-0.035920233997033084
MS,MS49131_PB,GSM4104136_CGATTGATCCACGTTC-1,PB,0.4691482880720032
MS,MS49131_PB,GSM4104136_CGCGGTACATGCGCAC-1,PB,-0.09834107806026707
MS,MS49131_PB,GSM4104136_CGCTTCATCCGAATGT-1,PB,-0.09834107806026707
MS,MS49131_PB,GSM4104136_CGGAGCTTCTCGTATT-1,PB,-0.37497110235522285
MS,MS49131_PB,GSM4104136_CGTCAGGCACCACGTG-1,PB,-0.4489988441878906
MS,MS49131_PB,GSM4104136_CGTCCATGTAAATGTG-1,PB,-0.09834107806026707
MS,MS49131_PB,GSM4104136_CGTGTAAGTAGGCTGA-1,PB,-0.09834107806026707
MS,MS49131_PB,GSM4104136_CGTGTCTCATATGAGA-1,PB,0.15904832712373945
MS,MS49131_PB,GSM4104136_CTAGCCTTCGGAAATA-1,PB,0.16517118140136744
MS,MS49131_PB,GSM4104136_CTAGTGAGTTTGCATG-1,PB,-0.7192223896559902
MS,MS49131_PB,GSM4104136_CTCGAAATCTAACGGT-1,PB,-0.23348378137095635
MS,MS49131_PB,GSM4104136_CTCGGAGTCAAAGTAG-1,PB,-0.21152917462894733
MS,MS49131_PB,GSM4104136_CTCTACGGTTCCCGAG-1,PB,-0.3120328546159429
MS,MS49131_PB,GSM4104136_CTCTGGTTCCCTAATT-1,PB,-0.09834107806026707
MS,MS49131_PB,GSM4104136_CTGCGGAAGGGATGGG-1,PB,0.26694368592884515
MS,MS49131_PB,GSM4104136_CTGCTGTCAGATGGGT-1,PB,-0.566054612591185
MS,MS49131_PB,GSM4104136_GAAGCAGTCCCACTTG-1,PB,-0.4178281180931113
MS,MS49131_PB,GSM4104136_GACTGCGGTTACGACT-1,PB,-0.09834107806026707
MS,MS49131_PB,GSM4104136_GAGGTGAGTTATCACG-1,PB,-0.17793984323307982
MS,MS49131_PB,GSM4104136_GATCAGTAGTTGAGTA-1,PB,-0.9377455078900268
MS,MS49131_PB,GSM4104136_GATCGCGCAGTTAACC-1,PB,-0.09834107806026707
MS,MS49131_PB,GSM4104136_GATCGCGTCGAGAGCA-1,PB,-0.5235935924718487
MS,MS49131_PB,GSM4104136_GATCGTATCCAGGGCT-1,PB,-0.21019464028145138
MS,MS49131_PB,GSM4104136_GATTCAGAGACCCACC-1,PB,-0.2273164858579119
MS,MS49131_PB,GSM4104136_GATTCAGGTCTAGGTT-1,PB,-0.21531311068872805
MS,MS49131_PB,GSM4104136_GCATGATAGATCGATA-1,PB,-0.34064626739659376
MS,MS49131_PB,GSM4104136_GCATGTACATGCCTTC-1,PB,-0.09834107806026707
MS,MS49131_PB,GSM4104136_GCCTCTACATTCTCAT-1,PB,0.12365535721701816
MS,MS49131_PB,GSM4104136_GCGCCAATCCTTTCGG-1,PB,-0.09834107806026707
MS,MS49131_PB,GSM4104136_GCTCCTAGTGCAGACA-1,PB,-0.35245632964638934
MS,MS49131_PB,GSM4104136_GCTGGGTGTCATGCAT-1,PB,-0.09834107806026707
MS,MS49131_PB,GSM4104136_GCTTGAACACAAGACG-1,PB,-0.16149677281369007
MS,MS49131_PB,GSM4104136_GCTTGAAGTCATATCG-1,PB,-0.8239454940009798
MS,MS49131_PB,GSM4104136_GGAATAAAGTGGTAGC-1,PB,-0.09834107806026707
MS,MS49131_PB,GSM4104136_GGACAAGGTTTGTTGG-1,PB,0.2278499039825995
MS,MS49131_PB,GSM4104136_GGCCGATTCTAACCGA-1,PB,0.18297791838521973
MS,MS49131_PB,GSM4104136_GGCTCGAGTCATCCCT-1,PB,-0.12339842438530521
MS,MS49131_PB,GSM4104136_GGGAGATCACCAGATT-1,PB,0.2955792296299358
MS,MS49131_PB,GSM4104136_GGTGAAGGTACAGTGG-1,PB,-0.3511075432871426
MS,MS49131_PB,GSM4104136_GGTGTTATCATCGATG-1,PB,0.08514792462720086
MS,MS49131_PB,GSM4104136_GTATTCTTCAACCAAC-1,PB,-0.3130943137313252
MS,MS49131_PB,GSM4104136_GTCTCGTAGGGATACC-1,PB,-0.1956837482610421
MS,MS49131_PB,GSM4104136_GTGCATATCACAAACC-1,PB,0.09432039405419719
MS,MS49131_PB,GSM4104136_GTGTTAGCAAGCGATG-1,PB,-0.09834107806026707
MS,MS49131_PB,GSM4104136_TAAACCGGTTGGTGGA-1,PB,0.44197791089775507
MS,MS49131_PB,GSM4104136_TAAGCGTCATAGTAAG-1,PB,-0.09834107806026707
MS,MS49131_PB,GSM4104136_TAAGCGTTCAGCGATT-1,PB,-0.09834107806026707
MS,MS49131_PB,GSM4104136_TACCTATCAAGGCTCC-1,PB,-0.09834107806026707
MS,MS49131_PB,GSM4104136_TACCTTAGTTTGTTGG-1,PB,-0.304679977647949
MS,MS49131_PB,GSM4104136_TACTCATAGGCGCTCT-1,PB,-0.09834107806026707
MS,MS49131_PB,GSM4104136_TCACAAGCAAAGTGCG-1,PB,-0.09834107806026707
MS,MS49131_PB,GSM4104136_TCAGCAAAGAAGAAGC-1,PB,-0.4290244213839727
MS,MS49131_PB,GSM4104136_TCAGCTCAGCCTATGT-1,PB,-0.09834107806026707
MS,MS49131_PB,GSM4104136_TCAGGATAGAAGGTGA-1,PB,-0.09834107806026707
MS,MS49131_PB,GSM4104136_TCATTTGAGTTAGCGG-1,PB,-0.09834107806026707
MS,MS49131_PB,GSM4104136_TCCCGATTCAAAGTAG-1,PB,-0.9601863231203899
MS,MS49131_PB,GSM4104136_TCTCATAAGTCTTGCA-1,PB,-0.28825490595000025
MS,MS49131_PB,GSM4104136_TCTGGAAAGTCGTTTG-1,PB,0.03401687679319326
MS,MS49131_PB,GSM4104136_TCTTCGGCATCCCATC-1,PB,-0.33756373488240293
MS,MS49131_PB,GSM4104136_TCTTTCCGTGATAAGT-1,PB,-0.09834107806026707
MS,MS49131_PB,GSM4104136_TGAGCATGTTGTCTTT-1,PB,0.2638531462566683
MS,MS49131_PB,GSM4104136_TGAGGGAAGTTGAGTA-1,PB,0.007250305493893272
MS,MS49131_PB,GSM4104136_TGGGAAGAGTGAATTG-1,PB,-0.09834107806026707
MS,MS49131_PB,GSM4104136_TTGACTTGTCTCTTAT-1,PB,-0.09834107806026707
MS,MS49131_PB,GSM4104136_TTGCGTCTCGGCTTGG-1,PB,-0.33875320533129155
MS,MS49131_PB,GSM4104136_TTTACTGCAGCCAGAA-1,PB,-0.3104566737423799
MS,MS49131_PB,GSM4104136_TTTGGTTAGCTGCAAG-1,PB,-0.09834107806026707
MS,MS60249_PB,GSM4104137_AAACGGGGTCATTAGC-1,PB,-0.09834107806026707
MS,MS60249_PB,GSM4104137_AAAGTAGCATGTAAGA-1,PB,0.04385850813958375
MS,MS60249_PB,GSM4104137_AACTGGTAGGTAGCTG-1,PB,0.03793376572287771
MS,MS60249_PB,GSM4104137_AACTGGTTCATTGCCC-1,PB,-0.09834107806026707
MS,MS60249_PB,GSM4104137_AGGGAGTGTACCTACA-1,PB,-0.09834107806026707
MS,MS60249_PB,GSM4104137_CACACAAGTGTGAAAT-1,PB,-0.39155951791481236
MS,MS60249_PB,GSM4104137_CAGCAGCAGACTGTAA-1,PB,-0.09834107806026707
MS,MS60249_PB,GSM4104137_CAGTAACCAATCTGCA-1,PB,-0.45769083228623236
MS,MS60249_PB,GSM4104137_CATTATCCAAGCGAGT-1,PB,0.1688754260227789
MS,MS60249_PB,GSM4104137_CCACTACTCGGTGTCG-1,PB,0.37274207023845574
MS,MS60249_PB,GSM4104137_CCTCAGTCAAGGCTCC-1,PB,-0.09834107806026707
MS,MS60249_PB,GSM4104137_CGCTGGAAGCGTTCCG-1,PB,-0.09834107806026707
MS,MS60249_PB,GSM4104137_CTCGAAAGTACAAGTA-1,PB,-0.09834107806026707
MS,MS60249_PB,GSM4104137_GAGTCCGTCCTGCTTG-1,PB,-0.22055188837333667
MS,MS60249_PB,GSM4104137_GGCTCGATCACCACCT-1,PB,-0.12370971179240613
MS,MS60249_PB,GSM4104137_GGGAGATCATTTGCTT-1,PB,-0.09834107806026707
MS,MS60249_PB,GSM4104137_GTAACGTGTAGCAAAT-1,PB,-0.09834107806026707
MS,MS60249_PB,GSM4104137_GTGCGGTCAGTATGCT-1,PB,0.12199799144070675
MS,MS60249_PB,GSM4104137_TACGGGCAGCTGAACG-1,PB,0.22163201706558483
MS,MS60249_PB,GSM4104137_TCGTAGATCAGGCCCA-1,PB,-0.5021183052043084
MS,MS60249_PB,GSM4104137_TTCGGTCAGTAGGTGC-1,PB,-0.09834107806026707
MS,MS71658_PB,GSM4104135_AAACGGGGTTCAGCGC-1,PB,-0.17451576824307116
MS,MS71658_PB,GSM4104135_AAAGCAATCCGCATAA-1,PB,0.43750311449897084
MS,MS71658_PB,GSM4104135_AACCGCGAGGGTGTGT-1,PB,0.31761380737805567
MS,MS71658_PB,GSM4104135_ACCCACTGTGAACCTT-1,PB,-0.09834107806026707
MS,MS71658_PB,GSM4104135_ACTATCTAGATGCGAC-1,PB,-0.20167075616195484
MS,MS71658_PB,GSM4104135_ACTATCTCACTCAGGC-1,PB,-0.001679600285016823
MS,MS71658_PB,GSM4104135_AGCCTAATCTATGTGG-1,PB,-0.09834107806026707
MS,MS71658_PB,GSM4104135_AGGTCCGAGAGGACGG-1,PB,-0.09834107806026707
MS,MS71658_PB,GSM4104135_ATAAGAGCACCTGGTG-1,PB,-0.09834107806026707
MS,MS71658_PB,GSM4104135_CACAGTACAGCTGTTA-1,PB,-0.26026420080401236
MS,MS71658_PB,GSM4104135_CATTCGCAGACAGGCT-1,PB,-0.09834107806026707
MS,MS71658_PB,GSM4104135_CATTCGCAGATCGATA-1,PB,-0.09834107806026707
MS,MS71658_PB,GSM4104135_CCACGGAGTCCCGACA-1,PB,0.3351046203560744
MS,MS71658_PB,GSM4104135_CCTACCAGTCAGAATA-1,PB,-0.09834107806026707
MS,MS71658_PB,GSM4104135_CGCCAAGTCAACGGCC-1,PB,0.12217359870731538
MS,MS71658_PB,GSM4104135_CTAATGGTCAGGCGAA-1,PB,0.07648791588062458
MS,MS71658_PB,GSM4104135_CTAGAGTTCCCTCTTT-1,PB,-0.09834107806026707
MS,MS71658_PB,GSM4104135_CTCAGAAAGTATGACA-1,PB,-0.09834107806026707
MS,MS71658_PB,GSM4104135_CTCTGGTAGAGCCTAG-1,PB,0.37375735349440103
MS,MS71658_PB,GSM4104135_CTGATAGTCTCGGACG-1,PB,-0.09834107806026707
MS,MS71658_PB,GSM4104135_CTGCGGAAGATGGGTC-1,PB,-0.198051602033787
MS,MS71658_PB,GSM4104135_CTTCTCTCAAGAGTCG-1,PB,0.09843870981136586
MS,MS71658_PB,GSM4104135_GAATAAGCAAAGTCAA-1,PB,0.33735037301490906
MS,MS71658_PB,GSM4104135_GACACGCTCACAGGCC-1,PB,-0.09834107806026707
MS,MS71658_PB,GSM4104135_GACGCGTTCTGGGCCA-1,PB,-0.36709006656530807
MS,MS71658_PB,GSM4104135_GACTACATCTACCTGC-1,PB,0.2617405251445007
MS,MS71658_PB,GSM4104135_GAGCAGAGTGTGCCTG-1,PB,-0.09834107806026707
MS,MS71658_PB,GSM4104135_GAGTCCGAGCGTGAGT-1,PB,0.2673229231034734
MS,MS71658_PB,GSM4104135_GATCGATCATGGTCAT-1,PB,-0.09834107806026707
MS,MS71658_PB,GSM4104135_GCACTCTTCTCTGTCG-1,PB,0.3015472484743042
MS,MS71658_PB,GSM4104135_GCCTCTAAGGTAGCCA-1,PB,-0.09834107806026707
MS,MS71658_PB,GSM4104135_GCGGGTTTCCGTAGTA-1,PB,0.47153379730916384
MS,MS71658_PB,GSM4104135_GCTGCGATCATGCTCC-1,PB,-0.36477298794366747
MS,MS71658_PB,GSM4104135_GGAATAACACCATCCT-1,PB,-0.09834107806026707
MS,MS71658_PB,GSM4104135_GGACATTTCTTCGAGA-1,PB,-0.6381521337657396
MS,MS71658_PB,GSM4104135_GGCGACTAGGTAGCTG-1,PB,-0.09834107806026707
MS,MS71658_PB,GSM4104135_GGGACCTTCGATGAGG-1,PB,-0.09834107806026707
MS,MS71658_PB,GSM4104135_GGTGAAGGTCCAGTTA-1,PB,0.11508247484021972
MS,MS71658_PB,GSM4104135_GTCAAGTAGCTGAAAT-1,PB,-0.10721254154760425
MS,MS71658_PB,GSM4104135_TAAGCGTTCCTCATTA-1,PB,0.16865070337188046
MS,MS71658_PB,GSM4104135_TCACAAGTCGTATCAG-1,PB,-0.09834107806026707
MS,MS71658_PB,GSM4104135_TGCGGGTAGGATGTAT-1,PB,-0.09834107806026707
MS,MS71658_PB,GSM4104135_TGCTGCTAGGAACTGC-1,PB,0.24900034682988315
MS,MS71658_PB,GSM4104135_TGTATTCCATTAGGCT-1,PB,0.027112769542801736
MS,MS71658_PB,GSM4104135_TTCCCAGCATCAGTCA-1,PB,0.06106507325313674
MS,MS71658_PB,GSM4104135_TTCTTAGTCAGTTAGC-1,PB,-0.3942773034409339
MS,MS71658_PB,GSM4104135_TTGGAACGTATATCCG-1,PB,-0.31452826913340154
MS,MS74594_PB,GSM4104138_AACCGCGCACCAGTTA-1,PB,0.38754354974941707
MS,MS74594_PB,GSM4104138_AACTCAGGTGCCTGTG-1,PB,-0.03177375144421687
MS,MS74594_PB,GSM4104138_AAGACCTCAAGAAAGG-1,PB,0.1358358608946112
MS,MS74594_PB,GSM4104138_AAGCCGCGTAGCTCCG-1,PB,-0.09834107806026707
MS,MS74594_PB,GSM4104138_ACACCGGTCTATCCTA-1,PB,-0.09834107806026707
MS,MS74594_PB,GSM4104138_ACAGCCGGTAGCTTGT-1,PB,0.11263602907272222
MS,MS74594_PB,GSM4104138_ACCTTTATCCACTGGG-1,PB,-0.16732567597327205
MS,MS74594_PB,GSM4104138_ACGAGGATCCAGTATG-1,PB,-0.3767891596695199
MS,MS74594_PB,GSM4104138_ACGCAGCAGCGGCTTC-1,PB,-0.09834107806026707
MS,MS74594_PB,GSM4104138_ACGTCAACATTACGAC-1,PB,-0.09834107806026707
MS,MS74594_PB,GSM4104138_ACTGTCCGTGCCTGTG-1,PB,-0.7458932274232106
MS,MS74594_PB,GSM4104138_AGCAGCCAGAGGTAGA-1,PB,-0.2998873247066978
MS,MS74594_PB,GSM4104138_AGGGAGTCAGGACGTA-1,PB,-0.42565425964890385
MS,MS74594_PB,GSM4104138_AGGGTGAAGCCCAGCT-1,PB,0.0990549523356722
MS,MS74594_PB,GSM4104138_AGGGTGACATTCACTT-1,PB,0.03075427781350474
MS,MS74594_PB,GSM4104138_ATCACGAAGGTAGCTG-1,PB,0.136594831532573
MS,MS74594_PB,GSM4104138_ATCATGGTCAACGCTA-1,PB,0.041116050993491485
MS,MS74594_PB,GSM4104138_ATGAGGGGTAAACGCG-1,PB,0.23893616259483078
MS,MS74594_PB,GSM4104138_CAACCTCTCCGCGCAA-1,PB,-0.03630286722753721
MS,MS74594_PB,GSM4104138_CACAAACTCCTTTACA-1,PB,-0.05636428353752291
MS,MS74594_PB,GSM4104138_CACATTTCATCCTTGC-1,PB,-0.19978181783125096
MS,MS74594_PB,GSM4104138_CAGAATCGTTACCAGT-1,PB,0.21027100712732985
MS,MS74594_PB,GSM4104138_CAGCCGACACGGTTTA-1,PB,0.13853468604902683
MS,MS74594_PB,GSM4104138_CAGCCGATCTAAGCCA-1,PB,-0.09834107806026707
MS,MS74594_PB,GSM4104138_CAGCGACTCACCATAG-1,PB,-0.11318382467745716
MS,MS74594_PB,GSM4104138_CAGTCCTCAGCGATCC-1,PB,-0.09834107806026707
MS,MS74594_PB,GSM4104138_CATCAGATCGTCCAGG-1,PB,-0.09834107806026707
MS,MS74594_PB,GSM4104138_CATGCCTCACAGCGTC-1,PB,-0.09834107806026707
MS,MS74594_PB,GSM4104138_CCAATCCCAGTCGATT-1,PB,0.46466920779818804
MS,MS74594_PB,GSM4104138_CCAATCCCATAGACTC-1,PB,-0.2140768293363547
MS,MS74594_PB,GSM4104138_CCATTCGAGAACTGTA-1,PB,-0.2309606988476926
MS,MS74594_PB,GSM4104138_CCCATACGTTGTTTGG-1,PB,-0.09834107806026707
MS,MS74594_PB,GSM4104138_CCCTCCTTCACGCATA-1,PB,-0.09834107806026707
MS,MS74594_PB,GSM4104138_CCCTCCTTCACTTACT-1,PB,-0.09834107806026707
MS,MS74594_PB,GSM4104138_CCGTGGATCTTTAGGG-1,PB,0.1538393792144214
MS,MS74594_PB,GSM4104138_CCTAAAGGTCTTGCGG-1,PB,-0.5149213110072888
MS,MS74594_PB,GSM4104138_CGACTTCTCCCGGATG-1,PB,-0.09834107806026707
MS,MS74594_PB,GSM4104138_CGAGAAGCAGCTGTTA-1,PB,-0.25749505574756776
MS,MS74594_PB,GSM4104138_CGATGGCGTACGCACC-1,PB,-0.09834107806026707
MS,MS74594_PB,GSM4104138_CGCGGTATCGGATGTT-1,PB,-0.023591464146838388
MS,MS74594_PB,GSM4104138_CGGACACCAGCTTCGG-1,PB,-0.5799151279266134
MS,MS74594_PB,GSM4104138_CGGACTGGTCTCTCGT-1,PB,-0.08635538290266269
MS,MS74594_PB,GSM4104138_CGGACTGGTCTTCAAG-1,PB,0.04720380502856869
MS,MS74594_PB,GSM4104138_CGGCTAGGTGGTGTAG-1,PB,-0.220500154941193
MS,MS74594_PB,GSM4104138_CGGTTAACAGATAATG-1,PB,-0.09834107806026707
MS,MS74594_PB,GSM4104138_CTAGAGTGTATAGGGC-1,PB,0.22420979226148985
MS,MS74594_PB,GSM4104138_CTAGAGTTCCCAGGTG-1,PB,-0.09834107806026707
MS,MS74594_PB,GSM4104138_CTAGCCTAGATAGCAT-1,PB,-0.3398146012175135
MS,MS74594_PB,GSM4104138_CTCGTCAAGATGGCGT-1,PB,-0.22510650192754142
MS,MS74594_PB,GSM4104138_CTCTGGTAGGTGCTAG-1,PB,0.043013482189438824
MS,MS74594_PB,GSM4104138_CTGCGGATCACGCGGT-1,PB,-0.09834107806026707
MS,MS74594_PB,GSM4104138_CTGTGCTGTCGGGTCT-1,PB,-0.3858957187285685
MS,MS74594_PB,GSM4104138_GACCTGGGTCCGAACC-1,PB,-0.0266191498472346
MS,MS74594_PB,GSM4104138_GACTGCGAGAATGTTG-1,PB,0.06072463161285801
MS,MS74594_PB,GSM4104138_GCAGCCAAGCCGTCGT-1,PB,-0.08955266242805783
MS,MS74594_PB,GSM4104138_GCAGTTACAGGAACGT-1,PB,0.19559554604044185
MS,MS74594_PB,GSM4104138_GCATGATGTTACGACT-1,PB,-0.05434318724499813
MS,MS74594_PB,GSM4104138_GCGCGATGTGACTCAT-1,PB,-0.09834107806026707
MS,MS74594_PB,GSM4104138_GCGGGTTAGTCAAGGC-1,PB,0.12386793455926025
MS,MS74594_PB,GSM4104138_GCTGGGTAGAAACGCC-1,PB,-0.09834107806026707
MS,MS74594_PB,GSM4104138_GCTTCCACACGTCAGC-1,PB,-0.09834107806026707
MS,MS74594_PB,GSM4104138_GGAAAGCCAAGCGATG-1,PB,-0.09834107806026707
MS,MS74594_PB,GSM4104138_GGATTACAGATTACCC-1,PB,-0.3370062467914776
MS,MS74594_PB,GSM4104138_GGCGACTAGCTAACTC-1,PB,-0.3260817327507997
MS,MS74594_PB,GSM4104138_GGGCACTTCACGCGGT-1,PB,-0.22203829278311313
MS,MS74594_PB,GSM4104138_GGTGTTAAGGAGTAGA-1,PB,0.18329657370967128
MS,MS74594_PB,GSM4104138_GGTGTTAGTCCCTTGT-1,PB,-0.09834107806026707
MS,MS74594_PB,GSM4104138_GTACTTTAGGACATTA-1,PB,-0.03873964985021946
MS,MS74594_PB,GSM4104138_GTCGGGTAGAATCTCC-1,PB,-0.09834107806026707
MS,MS74594_PB,GSM4104138_GTGCGGTGTGCGAAAC-1,PB,0.025790057681201527
MS,MS74594_PB,GSM4104138_GTGCTTCCATGCCTAA-1,PB,-0.09834107806026707
MS,MS74594_PB,GSM4104138_TAAGCGTCACCCATTC-1,PB,-0.09834107806026707
MS,MS74594_PB,GSM4104138_TAAGTGCGTTCAGCGC-1,PB,-0.20846927221305103
MS,MS74594_PB,GSM4104138_TACAGTGCACCGAAAG-1,PB,0.11939096262783104
MS,MS74594_PB,GSM4104138_TACGGATCAGTCGTGC-1,PB,-0.09834107806026707
MS,MS74594_PB,GSM4104138_TACTCATCACAGGCCT-1,PB,0.20604598348478245
MS,MS74594_PB,GSM4104138_TAGAGCTGTATGAATG-1,PB,0.05418292390316794
MS,MS74594_PB,GSM4104138_TAGTGGTCACGGTGTC-1,PB,-0.09834107806026707
MS,MS74594_PB,GSM4104138_TCAATCTGTCATATCG-1,PB,-0.09834107806026707
MS,MS74594_PB,GSM4104138_TCACAAGAGACCTAGG-1,PB,0.34755155541881866
MS,MS74594_PB,GSM4104138_TCGCGAGGTATGAATG-1,PB,-0.3194507144028317
MS,MS74594_PB,GSM4104138_TCGTACCGTCTGGAGA-1,PB,-0.09834107806026707
MS,MS74594_PB,GSM4104138_TCGTACCTCTAGAGTC-1,PB,-0.21121039401705904
MS,MS74594_PB,GSM4104138_TCGTAGAAGATGTAAC-1,PB,-0.09834107806026707
MS,MS74594_PB,GSM4104138_TGACTAGAGCCAACAG-1,PB,-0.09834107806026707
MS,MS74594_PB,GSM4104138_TGGCTGGGTTGAGTTC-1,PB,-0.09834107806026707
MS,MS74594_PB,GSM4104138_TGGGAAGTCTCTAAGG-1,PB,0.11576888188135778
MS,MS74594_PB,GSM4104138_TGGTTAGAGGCAGGTT-1,PB,-0.30224797624379063
MS,MS74594_PB,GSM4104138_TGTCCCAGTATATGAG-1,PB,-0.22715414421242985
MS,MS74594_PB,GSM4104138_TTCCCAGGTGTGACCC-1,PB,-0.09834107806026707
MS,MS74594_PB,GSM4104138_TTGGAACCATCAGTAC-1,PB,-0.09834107806026707
MS,MS74594_PB,GSM4104138_TTTACTGAGCCGCCTA-1,PB,-0.20275372418721646
MS,MS74594_PB,GSM4104138_TTTATGCGTTGCGCAC-1,PB,-0.04667894501400238
HC,PST83775_PB,GSM4104139_AAATGCCGTTACGTCA-1,PB,-0.330417592798033
HC,PST83775_PB,GSM4104139_ACACCCTTCGGCCGAT-1,PB,-0.09834107806026707
HC,PST83775_PB,GSM4104139_ACGGGTCAGCAGACTG-1,PB,-0.22650382325755483
HC,PST83775_PB,GSM4104139_CAGATCAGTAGCGCAA-1,PB,-0.23230274954262592
HC,PST83775_PB,GSM4104139_CCACCTAAGTGGTAAT-1,PB,-0.23211174371035476
HC,PST83775_PB,GSM4104139_CGTCACTAGGCTATCT-1,PB,-0.09834107806026707
HC,PST83775_PB,GSM4104139_CTCGTACAGCACCGCT-1,PB,-0.09834107806026707
HC,PST83775_PB,GSM4104139_CTTGGCTGTAGGGACT-1,PB,-0.19543084056153956
HC,PST83775_PB,GSM4104139_GAAATGAAGTCAATAG-1,PB,-0.09834107806026707
HC,PST83775_PB,GSM4104139_GACGTGCTCACGCATA-1,PB,0.03836871495882863
HC,PST83775_PB,GSM4104139_GCAGCCATCCCTCTTT-1,PB,0.01487268526585204
HC,PST83775_PB,GSM4104139_GGGCACTAGTCCATAC-1,PB,-0.09834107806026707
HC,PST83775_PB,GSM4104139_TCCCGATAGCTGATAA-1,PB,-0.09834107806026707
HC,PST83775_PB,GSM4104139_TTAACTCGTTGGTTTG-1,PB,-0.09834107806026707
HC,PST83775_PB,GSM4104139_TTCTTAGTCCAACCAA-1,PB,0.21877556743343265
HC,PST83775_PB,GSM4104139_TTTACTGGTTGAACTC-1,PB,-0.5192492380776356
HC,PST95809_PB,GSM4104141_ACTTTCATCTCTAGGA-1,PB,-0.2682746785718457
HC,PST95809_PB,GSM4104141_ATTGGACAGACAAAGG-1,PB,-0.6112932704692302
HC,PST95809_PB,GSM4104141_CCGTACTGTACTCTCC-1,PB,-0.4051851095592638
HC,PST95809_PB,GSM4104141_CGTAGCGAGTCGTACT-1,PB,-0.40977240690422867
HC,PST95809_PB,GSM4104141_GCTCCTATCAACACCA-1,PB,-0.22861760394490657
HC,PST95809_PB,GSM4104141_GTCATTTCAAAGAATC-1,PB,-0.2521376451222799
HC,PST95809_PB,GSM4104141_GTGCATACAAACAACA-1,PB,-0.39033872720904256
HC,PST95809_PB,GSM4104141_TAAACCGTCTTGCAAG-1,PB,-0.7263418964415924
HC,PST95809_PB,GSM4104141_TATTACCGTACGAAAT-1,PB,0.016819138435004682
HC,PST95809_PB,GSM4104141_TCATTACAGATACACA-1,PB,0.3303998446222693
HC,PST95809_PB,GSM4104141_TCGCGAGCAAACCTAC-1,PB,-0.7893448587164801
HC,PST95809_PB,GSM4104141_TGGGAAGGTCTGGTCG-1,PB,-0.6238867649395233
HC,PTC32190_PB,GSM4104140_AGCGGTCTCCTGCAGG-1,PB,0.0025209757036988817
HC,PTC32190_PB,GSM4104140_AGGGATGCATAGGATA-1,PB,0.5298055877906854
HC,PTC32190_PB,GSM4104140_CAAGATCCAATCTACG-1,PB,0.07015545656808538
HC,PTC32190_PB,GSM4104140_CACCTTGCAATCACAC-1,PB,-0.09834107806026707
HC,PTC32190_PB,GSM4104140_GAACATCCATCAGTAC-1,PB,-0.09834107806026707
HC,PTC32190_PB,GSM4104140_GGGACCTAGGTGTTAA-1,PB,-0.375042921037819
HC,PTC32190_PB,GSM4104140_GTAGGCCGTCAGGACA-1,PB,-0.09834107806026707
HC,PTC32190_PB,GSM4104140_TCTTTCCTCAGTACGT-1,PB,-0.09834107806026707
HC,PTC41540_PB,GSM4104142_AACACGTAGCTCTCGG-1,PB,-0.016815814855912232
HC,PTC41540_PB,GSM4104142_AGCGGTCGTACCATCA-1,PB,-0.09834107806026707
HC,PTC41540_PB,GSM4104142_AGCTCTCCATTGGTAC-1,PB,-0.29369229594568863
HC,PTC41540_PB,GSM4104142_CAGCGACTCAGGCAAG-1,PB,-0.09834107806026707
HC,PTC41540_PB,GSM4104142_CCTAGCTAGACTAGAT-1,PB,-0.10249390907013885
HC,PTC41540_PB,GSM4104142_CGAATGTTCAAACGGG-1,PB,-0.09834107806026707
HC,PTC41540_PB,GSM4104142_CGATCGGGTTATCGGT-1,PB,-0.17395609353082042
HC,PTC41540_PB,GSM4104142_CTCACACAGAAGATTC-1,PB,-0.09834107806026707
HC,PTC41540_PB,GSM4104142_CTCGAGGGTCTCATCC-1,PB,-0.17689309095438
HC,PTC41540_PB,GSM4104142_CTCGTACCAGGTGCCT-1,PB,0.1416305664668918
HC,PTC41540_PB,GSM4104142_CTCTGGTTCATGTCTT-1,PB,0.02154279575110568
HC,PTC41540_PB,GSM4104142_CTGCGGACAGCAGTTT-1,PB,0.397694668389163
HC,PTC41540_PB,GSM4104142_CTGCTGTTCAACGAAA-1,PB,-0.09834107806026707
HC,PTC41540_PB,GSM4104142_CTTAACTCATCCAACA-1,PB,0.514512720997132
HC,PTC41540_PB,GSM4104142_GATCTAGAGTCCGGTC-1,PB,-0.09834107806026707
HC,PTC41540_PB,GSM4104142_TCGCGTTCAAGGACTG-1,PB,-0.09834107806026707
HC,PTC41540_PB,GSM4104142_TCTATTGAGAATCTCC-1,PB,-0.2333970862650283
HC,PTC41540_PB,GSM4104142_TGCTGCTTCGCTTGTC-1,PB,-0.2571609098140799
HC,PTC41540_PB,GSM4104142_TTCCCAGCAATAGCGG-1,PB,0.16159081568219064
HC,PTC41540_PB,GSM4104142_TTCGAAGTCCAATGGT-1,PB,-0.40732037281402284
HC,PTC85037_PB,GSM4104143_CATCAGAAGTATCTCG-1,PB,-0.21447542523435498
HC,PTC85037_PB,GSM4104143_CTTAACTTCTGACCTC-1,PB,-1.2600451641489498
HC,PTC85037_PB,GSM4104143_GACTGCGCAGATCCAT-1,PB,0.21263951933033226
HC,PTC85037_PB,GSM4104143_GCACATATCGGATGGA-1,PB,-0.1271696705712809
HC,PTC85037_PB,GSM4104143_GGTGAAGCAAATCCGT-1,PB,-0.09834107806026707
HC,PTC85037_PB,GSM4104143_GTTAAGCAGGGAAACA-1,PB,-0.07658249397500705
HC,PTC85037_PB,GSM4104143_TACTTACGTTCCCGAG-1,PB,0.10867577727284262
HC,PTC85037_PB,GSM4104143_TAGTTGGAGGACCACA-1,PB,-0.27782978539512587
HC,PTC85037_PB,GSM4104143_TCATTACGTAGCCTCG-1,PB,-0.09834107806026707
HC,PTC85037_PB,GSM4104143_TTAGGACCAAGCTGGA-1,PB,-0.09834107806026707
HC,PTC85037_PB,GSM4104143_TTCTTAGTCTCGTATT-1,PB,-1.3190691345347854
