condition,patient,cell_id,tissue,zinc_signature
HC,CSF_2,AACGTTGAGATAGCAT-1,CSF,0.033047901937576916
HC,CSF_2,AGGCCACTCCAACCAA-1,CSF,0.5509419606480762
HC,CSF_2,ATCACGAGTTTGACAC-1,CSF,-0.18665211715874422
HC,CSF_2,ATCATCTCATAGAAAC-1,CSF,0.15973295079067715
HC,CSF_2,CAACCAAGTCTCAACA-1,CSF,-0.017382957463848214
HC,CSF_2,CAAGGCCGTTCGTCTC-1,CSF,-0.29997119987097626
HC,CSF_2,CACAGTACAGATGGCA-1,CSF,-0.29997119987097626
HC,CSF_2,CAGCTGGTCAAGAAGT-1,CSF,-0.29997119987097626
HC,CSF_2,CTAGAGTAGAAACCAT-1,CSF,-0.05698612881501247
HC,CSF_2,CTAGAGTGTTGAGGTG-1,CSF,0.06880085582830384
HC,CSF_2,CTGGTCTGTAGTGAAT-1,CSF,0.04306680714400384
HC,CSF_2,GACCAATAGCGATGAC-1,CSF,-0.0921827012812134
HC,CSF_2,GACGTGCCAGCCACCA-1,CSF,-0.10197837922583587
HC,CSF_2,GACGTGCTCTCGGACG-1,CSF,-0.29997119987097626
HC,CSF_2,GGTGCGTCACTGCCAG-1,CSF,0.22916589352869546
HC,CSF_2,GTAACGTCAAAGGAAG-1,CSF,-0.29997119987097626
HC,CSF_2,GTAGGCCCACTTCTGC-1,CSF,0.3122217585753361
HC,CSF_2,GTCATTTCACCGTTGG-1,CSF,0.5114807448503904
HC,CSF_2,GTGCTTCAGGTGCACA-1,CSF,0.4220959575965418
HC,CSF_2,TAGAGCTAGGCTCTTA-1,CSF,0.020261804822404583
HC,CSF_2,TCAGATGGTAGCCTCG-1,CSF,-0.10020577715675752
HC,CSF_2,TCAGCTCAGAGCTGCA-1,CSF,0.16561065481783435
HC,CSF_2,TCGGGACAGGAATTAC-1,CSF,-0.29997119987097626
HC,CSF_2,TGGCCAGCATCCCATC-1,CSF,-0.08562519890531314
HC,CSF_2,TGTGTTTTCTTTAGGG-1,CSF,-0.05803609743895031
HC,CSF_2,TTGACTTTCGAATCCA-1,CSF,-0.29997119987097626
HC,CSF_3,AACTCTTCAGGACCCT-1,CSF,-0.13246587102652052
HC,CSF_3,AAGCCGCGTACCATCA-1,CSF,0.11404661352020251
HC,CSF_3,AGAGCGAGTGACAAAT-1,CSF,-0.29997119987097626
HC,CSF_3,AGAGCTTAGATACACA-1,CSF,-0.11129373811424034
HC,CSF_3,AGAGCTTGTGCAGGTA-1,CSF,-0.09077127974552338
HC,CSF_3,AGGGATGCAGACGCCT-1,CSF,-0.29997119987097626
HC,CSF_3,CAAGGCCCAGCATACT-1,CSF,-0.29997119987097626
HC,CSF_3,CCAATCCAGAGTACAT-1,CSF,0.15441146922002388
HC,CSF_3,CGCGGTAAGGCAAAGA-1,CSF,-0.029030076448799975
HC,CSF_3,CGGACGTTCCTACAGA-1,CSF,-0.29997119987097626
HC,CSF_3,CTCGAAATCACTTACT-1,CSF,-0.29997119987097626
HC,CSF_3,CTCGAGGGTCAATGTC-1,CSF,0.06924893812641726
HC,CSF_3,GACGTTAAGTCAATAG-1,CSF,-0.29997119987097626
HC,CSF_3,GATCGTACACCAGGCT-1,CSF,0.14607431750730654
HC,CSF_3,GATTCAGTCGAATCCA-1,CSF,-0.29997119987097626
HC,CSF_3,GCTGCTTAGCCAGGAT-1,CSF,1.4412601232592783
HC,CSF_3,GGAACTTCACCCATGG-1,CSF,0.46583696570156813
HC,CSF_3,GGACATTCATTAACCG-1,CSF,-0.06746353795773298
HC,CSF_3,GGATGTTGTTTGGGCC-1,CSF,0.04268700902228538
HC,CSF_3,GGCTCGAGTAGAGGAA-1,CSF,0.29394742103052224
HC,CSF_3,GGGATGATCTCGTATT-1,CSF,-0.29997119987097626
HC,CSF_3,TACTTACAGCAGGCTA-1,CSF,0.00019249611718484352
HC,CSF_3,TAGACCACATCTATGG-1,CSF,-0.29997119987097626
HC,CSF_3,TCGAGGCGTCCTCTTG-1,CSF,-0.29997119987097626
HC,CSF_3,TCGTAGAGTTACTGAC-1,CSF,-0.02367715749089989
HC,CSF_3,TGCGCAGTCCGAGCCA-1,CSF,-0.29997119987097626
HC,CSF_3,TGGTTAGTCTCAACTT-1,CSF,0.4602231493635434
MS,CSF_6,AACCATGAGCACGCCT-1,CSF,0.6375676250965521
MS,CSF_6,AACCATGCAAGAAAGG-1,CSF,0.02242468886094887
MS,CSF_6,AACGTTGTCCTAGTGA-1,CSF,-0.29997119987097626
MS,CSF_6,ACACCAAAGTCCAGGA-1,CSF,-0.03173556360821346
MS,CSF_6,ACATACGGTTGCGCAC-1,CSF,0.190533303438224
MS,CSF_6,ACATCAGCATATACGC-1,CSF,-0.034175601151362346
MS,CSF_6,ACGCCAGTCACTTCAT-1,CSF,-0.29997119987097626
MS,CSF_6,ACGCCGAGTGCAACTT-1,CSF,0.3455619043925459
MS,CSF_6,ACTATCTTCTGACCTC-1,CSF,-0.14642911685776278
MS,CSF_6,ACTGATGAGAGGTTAT-1,CSF,-0.29997119987097626
MS,CSF_6,AGCAGCCCATGAGCGA-1,CSF,0.23062784945792836
MS,CSF_6,AGCTCCTTCTTACCTA-1,CSF,0.5077282446902411
MS,CSF_6,AGGCCGTAGTGCCAGA-1,CSF,-0.011301692586378701
MS,CSF_6,AGTAGTCGTGCGATAG-1,CSF,0.40319009647879656
MS,CSF_6,ATAACGCGTGTTAAGA-1,CSF,-0.29997119987097626
MS,CSF_6,ATCATCTAGAGTAATC-1,CSF,-0.009196544653218286
MS,CSF_6,ATGAGGGGTAAACGCG-1,CSF,0.0401482186583344
MS,CSF_6,CAACCAATCGTGACAT-1,CSF,0.24974231297261454
MS,CSF_6,CAACTAGCAAGCGAGT-1,CSF,0.4109587777920182
MS,CSF_6,CAAGTTGTCCAAAGTC-1,CSF,0.5435828901775549
MS,CSF_6,CACACCTCACGGTGTC-1,CSF,0.4154260235960203
MS,CSF_6,CACACCTTCCTGTACC-1,CSF,0.1118470866244605
MS,CSF_6,CACAGGCCACCGCTAG-1,CSF,0.5035886035423996
MS,CSF_6,CACAGGCTCACGATGT-1,CSF,-0.1302991860144056
MS,CSF_6,CAGCATACACGGTAGA-1,CSF,-0.29997119987097626
MS,CSF_6,CATCAAGGTTTCGCTC-1,CSF,0.16949771100590744
MS,CSF_6,CATGCCTTCAGTCAGT-1,CSF,0.21161826625798566
MS,CSF_6,CCAGCGATCAACACGT-1,CSF,0.5228228784622985
MS,CSF_6,CCCTCCTAGATGTTAG-1,CSF,-0.05357827709272082
MS,CSF_6,CCTAGCTCATGGAATA-1,CSF,-0.03208296195005523
MS,CSF_6,CCTCTGACAAGTACCT-1,CSF,-0.1730246943022363
MS,CSF_6,CGAGCCAGTACAGTTC-1,CSF,0.18948219044929066
MS,CSF_6,CGATGGCTCAAAGACA-1,CSF,-0.005902130439216994
MS,CSF_6,CGATGTAAGGATGCGT-1,CSF,-0.29997119987097626
MS,CSF_6,CGATGTAGTCGGATCC-1,CSF,0.7597489776449236
MS,CSF_6,CGCCAAGCATCCGCGA-1,CSF,-0.003990232238279641
MS,CSF_6,CGCTGGAAGACTAGAT-1,CSF,0.31618048446528074
MS,CSF_6,CGGAGTCTCAACCATG-1,CSF,0.7060708349127905
MS,CSF_6,CGTAGCGAGCAAATCA-1,CSF,0.4124543735818814
MS,CSF_6,CGTCAGGGTCACCCAG-1,CSF,0.14660751546788778
MS,CSF_6,CGTCCATGTGACCAAG-1,CSF,0.23363292579502162
MS,CSF_6,CGTGTAAGTCTTCGTC-1,CSF,-0.12399899093226487
MS,CSF_6,CGTGTCTGTAGAGCTG-1,CSF,-0.1893756819438688
MS,CSF_6,CTCGTCACAATCCGAT-1,CSF,0.3470703763713042
MS,CSF_6,CTGATCCGTTCTGTTT-1,CSF,-0.17523605826009733
MS,CSF_6,CTGCCTAAGCTGTCTA-1,CSF,0.013674712336478354
MS,CSF_6,GAATAAGCATCACCCT-1,CSF,0.44191461021734985
MS,CSF_6,GAGCAGAAGCCAGTAG-1,CSF,0.47740376418230285
MS,CSF_6,GAGGTGAAGAGTCTGG-1,CSF,-0.08852979313913414
MS,CSF_6,GAGGTGATCAGCGATT-1,CSF,0.07782226261195657
MS,CSF_6,GATCGATAGCGAAGGG-1,CSF,0.02216926191997318
MS,CSF_6,GATCTAGAGTATGACA-1,CSF,-0.03923971733123497
MS,CSF_6,GATCTAGGTAGCGTGA-1,CSF,-0.29997119987097626
MS,CSF_6,GATGCTATCGCACTCT-1,CSF,0.6264078557139244
MS,CSF_6,GCATGCGAGGATTCGG-1,CSF,0.08632609270219037
MS,CSF_6,GCGCCAACACTGTGTA-1,CSF,-0.1364664032322439
MS,CSF_6,GCTTCCACATCACAAC-1,CSF,0.6185999935278993
MS,CSF_6,GGACGTCTCACAAACC-1,CSF,0.39344178550141995
MS,CSF_6,GGCCGATCAACTGCTA-1,CSF,0.06337408167140864
MS,CSF_6,GGGACCTTCATAGCAC-1,CSF,0.12741557027366443
MS,CSF_6,GGGTTGCTCACCACCT-1,CSF,0.3470537747454611
MS,CSF_6,GTAACGTGTCATCGGC-1,CSF,-0.29997119987097626
MS,CSF_6,GTACTTTGTCACAAGG-1,CSF,0.04677986633131042
MS,CSF_6,GTGCATAGTCCCTTGT-1,CSF,-0.29997119987097626
MS,CSF_6,GTTCATTGTTCACCTC-1,CSF,0.11920562116979282
MS,CSF_6,GTTTCTACAGGTCTCG-1,CSF,0.06491835494076319
MS,CSF_6,GTTTCTATCGGCGGTT-1,CSF,0.6134358406861536
MS,CSF_6,TACGGTAGTTAAGACA-1,CSF,-0.29997119987097626
MS,CSF_6,TACTTACGTAACGCGA-1,CSF,0.004845816651861774
MS,CSF_6,TAGAGCTGTTCATGGT-1,CSF,0.3529992300731708
MS,CSF_6,TCGGGACGTCCGCTGA-1,CSF,-0.05225516586213987
MS,CSF_6,TCGGTAAGTTAGGGTG-1,CSF,0.18068921115501618
MS,CSF_6,TCGTAGATCCTCCTAG-1,CSF,-0.14960674871330953
MS,CSF_6,TGAGCATCACTGTTAG-1,CSF,0.15497433492474397
MS,CSF_6,TGAGCCGCAGACGCAA-1,CSF,0.29623054719153025
MS,CSF_6,TGCGTGGCAGACAGGT-1,CSF,0.11913284450471522
MS,CSF_6,TGCTGCTAGTCCCACG-1,CSF,0.38931701398989577
MS,CSF_6,TGGCGCAAGTGTCTCA-1,CSF,0.017341263807033252
MS,CSF_6,TGGTTAGAGAAACCTA-1,CSF,-0.13146152192703378
MS,CSF_6,TTCGAAGCATGCGCAC-1,CSF,0.07423591450492328
MS,CSF_6,TTTCCTCTCTTGCAAG-1,CSF,0.7744103289922585
MS,CSF_7,AAACGGGCACCGGAAA-1,CSF,0.2597620402600174
MS,CSF_7,AAAGATGTCTAGAGTC-1,CSF,0.8179321239260716
MS,CSF_7,AACTCAGAGCCACGTC-1,CSF,0.39444892140914906
MS,CSF_7,AAGGTTCCACCAGGCT-1,CSF,0.08300546709256296
MS,CSF_7,AAGTCTGCATGTCGAT-1,CSF,-0.07408564660937346
MS,CSF_7,ACCCACTTCTGCTGTC-1,CSF,0.005637325921199222
MS,CSF_7,ACCTTTACATAGAAAC-1,CSF,-0.29997119987097626
MS,CSF_7,ACGAGCCAGGAGCGAG-1,CSF,0.03349563236038233
MS,CSF_7,ACGATACAGCACACAG-1,CSF,0.22930399248050917
MS,CSF_7,ACGATACGTTGAGTTC-1,CSF,0.010767612401161484
MS,CSF_7,ACGATGTTCCTTTCGG-1,CSF,-0.0749602275993277
MS,CSF_7,ACGTCAAGTCATACTG-1,CSF,0.06979471028153074
MS,CSF_7,ACTGATGCACAGACAG-1,CSF,0.17856256542130924
MS,CSF_7,AGCTCCTTCCGTACAA-1,CSF,0.13861219814343545
MS,CSF_7,AGCTTGAAGTGGAGAA-1,CSF,-0.07738289306636352
MS,CSF_7,AGGGTGAAGTGCAAGC-1,CSF,0.23669054038556842
MS,CSF_7,ATAGACCTCTGCTGCT-1,CSF,0.0027162658007976242
MS,CSF_7,ATCACGAGTAAGCACG-1,CSF,0.0843374072991483
MS,CSF_7,ATCCGAACAAGTCATC-1,CSF,0.21837373499784882
MS,CSF_7,ATCTACTGTCTAGAGG-1,CSF,0.407691032877116
MS,CSF_7,ATCTGCCGTCTGATTG-1,CSF,-0.29997119987097626
MS,CSF_7,ATTACTCGTTAAGAAC-1,CSF,0.24979241327473917
MS,CSF_7,CAAGAAAGTGGGTCAA-1,CSF,-0.29997119987097626
MS,CSF_7,CAAGTTGTCCTATGTT-1,CSF,0.6086252889358296
MS,CSF_7,CACACTCCATTACCTT-1,CSF,0.33910152484746214
MS,CSF_7,CAGAATCCACATTCGA-1,CSF,0.12262360662851919
MS,CSF_7,CAGCTAACAGCTTCGG-1,CSF,0.2599808156417836
MS,CSF_7,CATCAGATCTGTCTAT-1,CSF,-0.29997119987097626
MS,CSF_7,CCAGCGAAGCCGCCTA-1,CSF,0.1763818184364788
MS,CSF_7,CCTATTATCTGTCCGT-1,CSF,-0.29997119987097626
MS,CSF_7,CGATGTATCCAATGGT-1,CSF,0.6189096433091291
MS,CSF_7,CGCCAAGTCACGCATA-1,CSF,0.5180797052914995
MS,CSF_7,CGCGGTAAGACTGGGT-1,CSF,-0.1576429173926198
MS,CSF_7,CGGGTCAAGCTGCGAA-1,CSF,0.12418004888605376
MS,CSF_7,CGTAGGCTCCTAGAAC-1,CSF,0.350993372370203
MS,CSF_7,CGTTCTGAGCCAGTAG-1,CSF,0.7462917515739989
MS,CSF_7,CTACCCAAGTAGTGCG-1,CSF,0.16575841564627278
MS,CSF_7,CTAGTGACAGCCTTTC-1,CSF,0.6822845446092182
MS,CSF_7,CTCACACCACAAGTAA-1,CSF,0.5883985254911013
MS,CSF_7,CTGAAACAGAACTGTA-1,CSF,-0.29997119987097626
MS,CSF_7,CTGGTCTCACCTCGTT-1,CSF,0.035203414928227574
MS,CSF_7,CTTAGGATCCCTAATT-1,CSF,0.4767302302303501
MS,CSF_7,GCATACAGTCCGAAGA-1,CSF,0.25779707294130866
MS,CSF_7,GCGCAACTCGTACCGG-1,CSF,0.1871465819077763
MS,CSF_7,GGGTTGCAGCTGAACG-1,CSF,-0.03993291598819319
MS,CSF_7,GGTGAAGTCCGCGGTA-1,CSF,0.6117457544426094
MS,CSF_7,GTCACAATCCGAAGAG-1,CSF,0.4205682692584131
MS,CSF_7,GTCCTCACAGCTCGAC-1,CSF,0.5753973573961488
MS,CSF_7,GTGAAGGAGGCCATAG-1,CSF,0.9073100740665457
MS,CSF_7,GTGGGTCTCAACGCTA-1,CSF,-0.16959488729823727
MS,CSF_7,GTTAAGCGTACCCAAT-1,CSF,0.2684267479094351
MS,CSF_7,GTTCGGGCATGCCACG-1,CSF,0.4232770005867891
MS,CSF_7,TAAACCGCAAGCGAGT-1,CSF,-0.08589360394576342
MS,CSF_7,TAAGCGTCATCGGTTA-1,CSF,0.1706279649126346
MS,CSF_7,TACTCATTCTTACCGC-1,CSF,-0.06595639084504226
MS,CSF_7,TAGTGGTGTCCTCTTG-1,CSF,0.3216739508899809
MS,CSF_7,TATCAGGTCTCAAACG-1,CSF,0.018151902191620644
MS,CSF_7,TATTACCTCGCCTGAG-1,CSF,0.10659616512744662
MS,CSF_7,TCAACGAAGCCACGCT-1,CSF,0.6444671935702312
MS,CSF_7,TCAGGATCACTTGGAT-1,CSF,0.01586863123287809
MS,CSF_7,TCTGAGATCGGTTCGG-1,CSF,-0.09515674286479985
MS,CSF_7,TCTGGAATCTTTAGGG-1,CSF,-0.17776905799743073
MS,CSF_7,TGACTAGCATCAGTCA-1,CSF,-0.08061446227935162
MS,CSF_7,TGCCAAACAACTGCGC-1,CSF,0.04025348792139195
MS,CSF_7,TGCGGGTCACCAGGTC-1,CSF,0.3036535329294015
MS,CSF_7,TTAACTCTCCGTAGGC-1,CSF,0.0321277668217458
MS,CSF_7,TTCTACACACAACGTT-1,CSF,0.1501321445421528
MS,CSF_7,TTCTCCTTCCGTCATC-1,CSF,-0.11441391606411255
MS,CSF_7,TTGCCGTAGAAGGTGA-1,CSF,0.7599788267721177
MS,CSF_7,TTGTAGGCATCACGTA-1,CSF,-0.027324840896145067
MS,CSF_8,AAACGGGAGGCCATAG-1,CSF,1.1466470241563091
MS,CSF_8,AAACGGGCACGGCTAC-1,CSF,0.3955650407169191
MS,CSF_8,AACCATGGTTATTCTC-1,CSF,0.05252262955407749
MS,CSF_8,AACTCAGAGGCACATG-1,CSF,0.006872831628020516
MS,CSF_8,AACTTTCAGAGCCCAA-1,CSF,-0.11647984200371922
MS,CSF_8,AAGTCTGCATGTCGAT-1-1,CSF,-0.05121595949348938
MS,CSF_8,AATCCAGTCAACGCTA-1,CSF,0.1344205695511466
MS,CSF_8,ACACCAATCAAACCAC-1,CSF,-0.011175081865527027
MS,CSF_8,ACACCGGCAGCCTTTC-1,CSF,0.02881535955967299
MS,CSF_8,ACACCGGGTTGAGTTC-1,CSF,0.3240607785674764
MS,CSF_8,ACACTGACAGACGCTC-1,CSF,0.029783706813411963
MS,CSF_8,ACACTGATCTGCTGCT-1,CSF,0.12851133958554345
MS,CSF_8,ACAGCTATCCGCGCAA-1,CSF,0.3156224349079169
MS,CSF_8,ACATGGTAGACAGAGA-1,CSF,-0.19268753578495584
MS,CSF_8,ACATGGTCAACTTGAC-1,CSF,0.19936893138061199
MS,CSF_8,ACCGTAATCGAATGCT-1,CSF,0.2243840171573573
MS,CSF_8,ACCGTAATCTTTACGT-1,CSF,0.08534294745260443
MS,CSF_8,ACGAGCCTCGGCTACG-1,CSF,0.5397165934005851
MS,CSF_8,ACGATGTCACAGCCCA-1,CSF,-0.21037098747286445
MS,CSF_8,ACGATGTGTTAAGACA-1,CSF,0.637404609875395
MS,CSF_8,ACGTCAACACATCCAA-1,CSF,-0.14725266658525982
MS,CSF_8,ACGTCAACATGTTCCC-1,CSF,-0.29997119987097626
MS,CSF_8,ACTATCTTCGCTTAGA-1,CSF,-0.1487653949522961
MS,CSF_8,ACTGAGTGTTCAGCGC-1,CSF,-0.1029831462402392
MS,CSF_8,ACTGCTCTCCTATGTT-1,CSF,-0.0032554916505959336
MS,CSF_8,ACTGCTCTCTGACCTC-1,CSF,-0.29997119987097626
MS,CSF_8,ACTGTCCGTTAAGACA-1,CSF,-0.29997119987097626
MS,CSF_8,ACTTGTTCAGGAATGC-1,CSF,-0.15771626306963724
MS,CSF_8,ACTTTCAAGGAATTAC-1,CSF,-0.29997119987097626
MS,CSF_8,AGAGCTTAGACTTTCG-1,CSF,-0.29997119987097626
MS,CSF_8,AGATCTGAGATGTGGC-1,CSF,-0.10103372121570689
MS,CSF_8,AGCAGCCGTCTAGCGC-1,CSF,0.21446862475245448
MS,CSF_8,AGCATACGTCTCCATC-1,CSF,0.3902237800101333
MS,CSF_8,AGCGTATTCAGGATCT-1,CSF,0.0366145983438414
MS,CSF_8,AGGGAGTTCAGAGGTG-1,CSF,0.37353543844736004
MS,CSF_8,AGGGTGATCCATGAAC-1,CSF,-0.29997119987097626
MS,CSF_8,AGGTCATCACGGCGTT-1,CSF,0.10960580091697694
MS,CSF_8,AGGTCATGTCACTGGC-1,CSF,-0.11331421070441383
MS,CSF_8,AGGTCATGTTAGAACA-1,CSF,-0.04441938829751838
MS,CSF_8,AGTAGTCAGATACACA-1,CSF,0.5017008173184562
MS,CSF_8,AGTGTCAGTGTTAAGA-1,CSF,0.24409660865447744
MS,CSF_8,AGTTGGTGTCTCACCT-1,CSF,0.1524794382967185
MS,CSF_8,ATAACGCAGCACAGGT-1,CSF,0.04179728384671814
MS,CSF_8,ATAACGCAGTACACCT-1,CSF,-0.29997119987097626
MS,CSF_8,ATAACGCCAAGAAAGG-1,CSF,0.08368914828411182
MS,CSF_8,ATAAGAGGTAGGACAC-1,CSF,0.31644529514019354
MS,CSF_8,ATCACGACAAGTAGTA-1,CSF,0.6859609345946582
MS,CSF_8,ATCACGAGTTAGGGTG-1,CSF,0.5528976380368513
MS,CSF_8,ATCATCTAGAGACGAA-1,CSF,-0.29997119987097626
MS,CSF_8,ATCCACCTCAACACGT-1,CSF,0.7151113875338994
MS,CSF_8,ATCTACTTCTGAAAGA-1,CSF,0.5004170435349562
MS,CSF_8,ATGAGGGAGATCCTGT-1,CSF,0.18203072860167113
MS,CSF_8,ATGCGATAGACAATAC-1,CSF,0.03050953676951949
MS,CSF_8,ATTACTCCATGGTCTA-1,CSF,0.17717968991913713
MS,CSF_8,ATTCTACAGACCTTTG-1,CSF,0.35926288507642784
MS,CSF_8,ATTGGACCAGGAACGT-1,CSF,0.02543459259346151
MS,CSF_8,CAACCAATCGCGGATC-1,CSF,0.9001965377321042
MS,CSF_8,CAAGATCTCTGTACGA-1,CSF,0.09998509120831896
MS,CSF_8,CAAGTTGCAAGGTGTG-1,CSF,0.0799107477671769
MS,CSF_8,CAAGTTGCATCAGTAC-1,CSF,0.2601623747856773
MS,CSF_8,CAAGTTGTCTGCAGTA-1,CSF,0.018116661738907865
MS,CSF_8,CACAAACCAGCTGGCT-1,CSF,0.6073512249522137
MS,CSF_8,CACACCTCAAGGACTG-1,CSF,0.17664381077714428
MS,CSF_8,CACACTCCACGGCGTT-1,CSF,0.6987955958497203
MS,CSF_8,CACAGTACACCAACCG-1,CSF,0.3991897675628855
MS,CSF_8,CACAGTATCGGCGCAT-1,CSF,0.1922499450579873
MS,CSF_8,CACATAGTCATCTGCC-1,CSF,-0.07173032263374661
MS,CSF_8,CACATAGTCTCTGTCG-1,CSF,0.6601272343898342
MS,CSF_8,CACCACTTCCGGGTGT-1,CSF,-0.15975837408377683
MS,CSF_8,CACCAGGTCAGTTTGG-1,CSF,-0.29997119987097626
MS,CSF_8,CACCAGGTCGGATGTT-1,CSF,0.012749728046828454
MS,CSF_8,CAGCATAGTCGGCATC-1,CSF,-0.29997119987097626
MS,CSF_8,CAGCCGATCAACACTG-1,CSF,-0.17939162179301135
MS,CSF_8,CAGCGACTCTGATACG-1,CSF,0.5911043164532506
MS,CSF_8,CAGCTAATCACCCTCA-1,CSF,0.29697450325975566
MS,CSF_8,CAGCTGGAGGATTCGG-1,CSF,-0.29997119987097626
MS,CSF_8,CATCAGAGTGATAAAC-1,CSF,-0.09184953202543564
MS,CSF_8,CATGCCTTCTACTATC-1,CSF,-0.0024307693617952202
MS,CSF_8,CATTATCTCGTTTGCC-1,CSF,0.4343617587913635
MS,CSF_8,CATTCGCGTAGCGTCC-1,CSF,0.6665312142151691
MS,CSF_8,CCACTACCACAGCCCA-1,CSF,-0.1713842381860493
MS,CSF_8,CCAGCGATCCAAAGTC-1,CSF,0.2578929979069137
MS,CSF_8,CCATTCGGTGGTACAG-1,CSF,-0.01086862122779809
MS,CSF_8,CCCAATCGTTAGATGA-1,CSF,0.12050435433026199
MS,CSF_8,CCGGGATGTAGATTAG-1,CSF,-0.29997119987097626
MS,CSF_8,CCGTTCACACCGAAAG-1,CSF,-0.04808285336890943
MS,CSF_8,CCGTTCATCATGCAAC-1,CSF,0.5755508897888123
MS,CSF_8,CCTACACTCCTCAATT-1,CSF,-0.02555012832333805
MS,CSF_8,CCTACCAGTCGAATCT-1,CSF,0.377795376592459
MS,CSF_8,CCTACCAGTGCTTCTC-1,CSF,0.7005235023604918
MS,CSF_8,CCTCAGTCACTGTTAG-1,CSF,0.2087025195761409
MS,CSF_8,CCTTCCCCAACACGCC-1,CSF,0.6189590375727472
MS,CSF_8,CGACCTTGTTCTGTTT-1,CSF,-0.15618223905523917
MS,CSF_8,CGAGCCACATACGCCG-1,CSF,-0.06765643609637441
MS,CSF_8,CGATTGAAGCGTAATA-1,CSF,0.5298498516827478
MS,CSF_8,CGCTGGATCTGGCGAC-1,CSF,0.9211341467717802
MS,CSF_8,CGGACACAGCTTTGGT-1,CSF,0.7231885333962423
MS,CSF_8,CGGACGTCAGCCAATT-1,CSF,0.19577952061155163
MS,CSF_8,CGGACTGAGCCCAATT-1,CSF,-0.05850721478753908
MS,CSF_8,CGGGTCAGTAGAGTGC-1,CSF,0.06827486754025024
MS,CSF_8,CGGTTAAAGCAGATCG-1,CSF,-0.13395594908160377
MS,CSF_8,CGGTTAATCTCTAGGA-1,CSF,0.5512680227216118
MS,CSF_8,CGTAGGCCACAAGCCC-1,CSF,0.14483112111197746
MS,CSF_8,CGTCACTCACGTCTCT-1,CSF,0.004367361192107534
MS,CSF_8,CTAAGACGTGACGCCT-1,CSF,0.3161861117336183
MS,CSF_8,CTACGTCAGCATGGCA-1,CSF,0.4012965738018058
MS,CSF_8,CTAGTGATCGGCCGAT-1,CSF,0.8346054379515836
MS,CSF_8,CTCACACGTAAGGGCT-1,CSF,0.7548417696552768
MS,CSF_8,CTCACACTCACATACG-1,CSF,0.011218630186297207
MS,CSF_8,CTCAGAAAGCTGGAAC-1,CSF,-0.29997119987097626
MS,CSF_8,CTCCTAGGTCACTTCC-1,CSF,-0.11159552154346951
MS,CSF_8,CTCTAATGTAGCAAAT-1,CSF,-0.29997119987097626
MS,CSF_8,CTCTACGCATCACGAT-1,CSF,0.23520779780447962
MS,CSF_8,CTGCCTAGTGATAAAC-1,CSF,0.05946314274528471
MS,CSF_8,CTGCTGTAGCCAGTAG-1,CSF,0.1700810680615856
MS,CSF_8,CTGGTCTCAGGTCTCG-1,CSF,-0.29997119987097626
MS,CSF_8,CTGTGCTTCGGTTAAC-1,CSF,-0.1334348356321036
MS,CSF_8,CTGTTTACAGTAAGCG-1,CSF,0.3922785689102802
MS,CSF_8,CTTAGGATCACCTTAT-1,CSF,0.0923096945160307
MS,CSF_8,CTTCTCTAGCGAGAAA-1,CSF,0.007677829935762127
MS,CSF_8,CTTGGCTCACTCTGTC-1,CSF,0.4668077136270504
MS,CSF_8,CTTGGCTGTGTCGCTG-1,CSF,0.6614987793247736
MS,CSF_8,GAAACTCCAAACTGTC-1,CSF,-0.13400259071137463
MS,CSF_8,GAAATGACACTGCCAG-1,CSF,0.3356030425802127
MS,CSF_8,GAAATGAGTCATGCAT-1,CSF,0.012052678391378944
MS,CSF_8,GAACATCTCATGTAGC-1,CSF,0.03711824173565321
MS,CSF_8,GAACATCTCTTGACGA-1,CSF,0.9018745271317082
MS,CSF_8,GAACGGAGTGAAATCA-1,CSF,-0.29997119987097626
MS,CSF_8,GAATAAGAGTGAAGTT-1,CSF,-0.150759347066594
MS,CSF_8,GACACGCCATTCGACA-1,CSF,0.15182295356689562
MS,CSF_8,GACAGAGAGAGTAAGG-1,CSF,-0.10955127743357772
MS,CSF_8,GACGGCTTCCACGTTC-1,CSF,0.46598862357151394
MS,CSF_8,GATCGATCATAGACTC-1,CSF,0.9689563066367786
MS,CSF_8,GATTCAGTCACCAGGC-1,CSF,0.20017761866989178
MS,CSF_8,GCAAACTGTCTGCAAT-1,CSF,-0.29997119987097626
MS,CSF_8,GCAAACTGTGCAACGA-1,CSF,0.5643529514751697
MS,CSF_8,GCATGCGTCTATGTGG-1,CSF,0.25681420940045974
MS,CSF_8,GCCAAATTCACAGGCC-1,CSF,0.5810293979678527
MS,CSF_8,GCCTCTATCCCATTTA-1,CSF,0.46889954795492367
MS,CSF_8,GCGACCAGTAAGAGAG-1,CSF,-0.19332907019257853
MS,CSF_8,GCGAGAAAGCGGATCA-1,CSF,0.575708360616788
MS,CSF_8,GCGCAGTAGATCACGG-1,CSF,-0.028007741139503946
MS,CSF_8,GCTCCTAGTATAAACG-1,CSF,0.011269709318284795
MS,CSF_8,GCTCTGTCAGCCTGTG-1,CSF,-0.13543601933653643
MS,CSF_8,GCTCTGTTCAACGAAA-1,CSF,-0.03632953463629847
MS,CSF_8,GCTGCAGCATGCAACT-1,CSF,0.08020881444337902
MS,CSF_8,GCTGCAGTCACAACGT-1,CSF,0.30159022864242324
MS,CSF_8,GCTTCCAGTAGCGCAA-1,CSF,0.7817836927079121
MS,CSF_8,GCTTCCAGTGAGGCTA-1,CSF,0.6216189729641796
MS,CSF_8,GGACAAGGTTTCGCTC-1,CSF,-0.06033191500858973
MS,CSF_8,GGACAGACAGGGAGAG-1,CSF,0.37790381683117596
MS,CSF_8,GGACGTCCATTGGCGC-1,CSF,0.13525446409498912
MS,CSF_8,GGCAATTTCCAAATGC-1,CSF,-0.19710320451359067
MS,CSF_8,GGCTGGTGTTCATGGT-1,CSF,-0.29997119987097626
MS,CSF_8,GGGATGAGTTACCAGT-1,CSF,0.3637382545013623
MS,CSF_8,GGGCACTTCAAGGTAA-1,CSF,0.0973336040888868
MS,CSF_8,GGGCATCTCCACGCAG-1,CSF,0.363625950351619
MS,CSF_8,GGGTCTGGTAGCGATG-1,CSF,0.05707034871777972
MS,CSF_8,GGTGAAGGTGCAACTT-1,CSF,-0.16632500407907908
MS,CSF_8,GGTGCGTTCACCACCT-1,CSF,-0.005661658106120309
MS,CSF_8,GTAGGCCCACATCTTT-1,CSF,-0.29997119987097626
MS,CSF_8,GTCACAACACTGTTAG-1,CSF,0.007244447753664999
MS,CSF_8,GTCACGGAGAGACTAT-1,CSF,0.244837304143982
MS,CSF_8,GTCATTTTCGTACCGG-1,CSF,0.3454006355689338
MS,CSF_8,GTCTCGTGTTCCCTTG-1,CSF,0.1870105330142849
MS,CSF_8,GTCTTCGAGAGTCGGT-1,CSF,0.1103452206614791
MS,CSF_8,GTCTTCGGTGAACCTT-1,CSF,0.16772062653271907
MS,CSF_8,GTGCGGTGTCCCTTGT-1,CSF,0.29915057334293654
MS,CSF_8,GTGCTTCCAGAGTGTG-1,CSF,0.15336020116391127
MS,CSF_8,GTGCTTCCATGTTCCC-1,CSF,-0.13442528355919078
MS,CSF_8,GTGCTTCTCACGACTA-1,CSF,0.36042772099016546
MS,CSF_8,GTTAAGCTCGCAAGCC-1,CSF,0.25535141932018984
MS,CSF_8,GTTTCTAAGCTGAACG-1,CSF,0.7976196545308268
MS,CSF_8,GTTTCTACACCACGTG-1,CSF,0.0189502935654658
MS,CSF_8,GTTTCTATCCGTACAA-1,CSF,-0.29997119987097626
MS,CSF_8,TAAGCGTGTCTGCCAG-1,CSF,0.14133561684800017
MS,CSF_8,TACCTTATCCAAAGTC-1,CSF,0.42451488498249523
MS,CSF_8,TACGGATTCCCGACTT-1,CSF,0.041197095328440216
MS,CSF_8,TACGGTATCCTCAATT-1,CSF,0.11946985322802105
MS,CSF_8,TACTCATAGAGCTATA-1,CSF,-0.16175481257054442
MS,CSF_8,TACTCATCAGGACGTA-1,CSF,0.06349934625754856
MS,CSF_8,TACTTACTCTCTAGGA-1,CSF,0.12096487165013235
MS,CSF_8,TATCAGGCATCTCCCA-1,CSF,0.30513678353800444
MS,CSF_8,TATCAGGTCTACTATC-1,CSF,0.1604091505111857
MS,CSF_8,TCAACGAGTTGTGGCC-1,CSF,0.7561965355780461
MS,CSF_8,TCAATCTTCCGCTGTT-1,CSF,0.26611912155704687
MS,CSF_8,TCACGAAAGTGTTAGA-1,CSF,0.01731687293262474
MS,CSF_8,TCAGCTCAGGAATCGC-1,CSF,0.4236510749973859
MS,CSF_8,TCAGGATGTCTTGTCC-1,CSF,0.44731269538302537
MS,CSF_8,TCAGGTATCTGAGTGT-1,CSF,-0.29997119987097626
MS,CSF_8,TCATTTGAGACTTGAA-1,CSF,-0.0751733954031151
MS,CSF_8,TCCACACCAAGTAGTA-1,CSF,-0.29997119987097626
MS,CSF_8,TCCCGATAGCGCCTCA-1,CSF,0.4223499580592132
MS,CSF_8,TCCCGATCACACATGT-1,CSF,0.01060506901222146
MS,CSF_8,TCGGGACCACGACGAA-1,CSF,0.2916204318095502
MS,CSF_8,TCGGGACTCTTGCAAG-1,CSF,-0.29997119987097626
MS,CSF_8,TCGGTAAGTTCAACCA-1,CSF,-0.19735000256667204
MS,CSF_8,TCGTACCAGCATGGCA-1,CSF,0.07383880837910943
MS,CSF_8,TCGTACCAGCCCAGCT-1,CSF,0.20854481521275287
MS,CSF_8,TCGTAGAAGTGGGCTA-1,CSF,0.08058322452675244
MS,CSF_8,TCTATTGCAAGTAATG-1,CSF,-0.29997119987097626
MS,CSF_8,TCTATTGGTGGCCCTA-1,CSF,-0.1910859910857867
MS,CSF_8,TCTGAGAGTTTGACTG-1,CSF,-0.050896821821930775
MS,CSF_8,TGACAACGTGCAGACA-1,CSF,0.5090423316887672
MS,CSF_8,TGACGGCAGGACCACA-1,CSF,-0.29997119987097626
MS,CSF_8,TGACGGCAGGTGACCA-1,CSF,1.5216654720880032
MS,CSF_8,TGACGGCCACAGATTC-1,CSF,0.5807491279750217
MS,CSF_8,TGACTAGAGGGAGTAA-1,CSF,0.0695170330420202
MS,CSF_8,TGAGGGATCCTCCTAG-1,CSF,-0.29997119987097626
MS,CSF_8,TGCACCTTCAGGCAAG-1,CSF,0.3682828559011151
MS,CSF_8,TGCCCTAGTGTAAGTA-1,CSF,0.45966072609358416
MS,CSF_8,TGCGCAGAGTAAGTAC-1,CSF,-0.07201991125181124
MS,CSF_8,TGCGCAGTCAATCTCT-1,CSF,0.37042990842624185
MS,CSF_8,TGCGGGTGTTCCGGCA-1,CSF,0.3543302152236411
MS,CSF_8,TGCGGGTTCCAAAGTC-1,CSF,-0.29997119987097626
MS,CSF_8,TGCGTGGAGTTACCCA-1,CSF,0.13950919186191382
MS,CSF_8,TGCTACCTCGGAAACG-1,CSF,0.3122509257375862
MS,CSF_8,TGCTGCTTCTCGGACG-1,CSF,0.46228040357248856
MS,CSF_8,TGGACGCGTAGAGGAA-1,CSF,0.2831676180322499
MS,CSF_8,TGGCCAGTCGTGGGAA-1,CSF,0.37789184891840943
MS,CSF_8,TGGTTAGGTGCACCAC-1,CSF,-0.01287202039707929
MS,CSF_8,TGGTTCCAGACTAAGT-1,CSF,0.18131092462274395
MS,CSF_8,TGGTTCCCAGAGTGTG-1,CSF,1.0761503808607853
MS,CSF_8,TGTATTCTCAACGCTA-1,CSF,-0.29997119987097626
MS,CSF_8,TGTGGTAGTGTTCTTT-1,CSF,0.1998349126262657
MS,CSF_8,TGTTCCGGTCCGCTGA-1,CSF,-0.29997119987097626
MS,CSF_8,TGTTCCGTCAACGGCC-1,CSF,0.7759785328332176
MS,CSF_8,TTAGGACCAGGGTATG-1,CSF,0.4897837625725094
MS,CSF_8,TTAGTTCAGTGGAGAA-1,CSF,0.7341219878647162
MS,CSF_8,TTAGTTCTCTATGTGG-1,CSF,0.18395905192115772
MS,CSF_8,TTCGAAGAGCTGATAA-1,CSF,0.3476262527884194
MS,CSF_8,TTCGAAGCAGACGTAG-1,CSF,0.2089781862397058
MS,CSF_8,TTCTACACAGACGCCT-1,CSF,0.061917547900445076
MS,CSF_8,TTCTCAATCAAACCGT-1,CSF,-0.02064000329273532
MS,CSF_8,TTCTCCTTCTCTGAGA-1,CSF,-0.19711305313358457
MS,CSF_8,TTGACTTAGGCATTGG-1,CSF,-0.07660111471201005
MS,CSF_8,TTGACTTTCACCTTAT-1,CSF,0.13536488108952965
MS,CSF_8,TTGGAACCACGAGAGT-1,CSF,-0.29997119987097626
MS,CSF_8,TTGGCAAAGATGCCAG-1,CSF,-0.29997119987097626
MS,CSF_8,TTTATGCAGTCCGTAT-1,CSF,-0.29997119987097626
MS,CSF_8,TTTATGCCACCGAATT-1,CSF,0.011395115240545456
MS,CSF_8,TTTATGCGTGGAAAGA-1,CSF,-0.09394030993366467
MS,CSF_8,TTTGCGCGTTCGTTGA-1,CSF,1.0572620010445217
MS,CSF_8,TTTGTCATCTTACCTA-1,CSF,-0.004741250325578943
MS,CSF_9,AACCGCGGTTTCGCTC-1,CSF,0.4791354445679394
MS,CSF_9,AACGTTGAGGACATTA-1,CSF,0.503176725738139
MS,CSF_9,AAGACCTGTCCTAGCG-1,CSF,0.16385721509986922
MS,CSF_9,AATCCAGTCAACACCA-1,CSF,-0.18592385875428458
MS,CSF_9,ACACCCTTCCTTTACA-1,CSF,0.7079885439764908
MS,CSF_9,ACAGCCGAGTAGGTGC-1,CSF,-0.11704594019534421
MS,CSF_9,ACAGCTAGTCTCCACT-1,CSF,-0.05135684332001165
MS,CSF_9,ACATACGGTAAGTGTA-1,CSF,0.3766421642477904
MS,CSF_9,ACCAGTACATGCCACG-1,CSF,-0.006365863313751096
MS,CSF_9,ACCTTTAGTTCTCATT-1,CSF,0.17516741773406835
MS,CSF_9,ACGATACCACACCGCA-1,CSF,-0.08746695034110065
MS,CSF_9,ACGCAGCGTGACGGTA-1,CSF,0.27409970137196943
MS,CSF_9,ACGCCAGAGCGATGAC-1,CSF,-0.29997119987097626
MS,CSF_9,ACGGCCAGTCTGATTG-1,CSF,0.15164377001479643
MS,CSF_9,ACGGGTCGTGCTTCTC-1,CSF,0.44132464973524393
MS,CSF_9,ACTGATGTCAGAAATG-1,CSF,0.1621555158335994
MS,CSF_9,ACTTGTTTCCCTCAGT-1,CSF,0.002783955018623163
MS,CSF_9,ACTTTCACAGCATACT-1,CSF,-0.29997119987097626
MS,CSF_9,AGCTCTCCAGCCTTGG-1,CSF,0.5298295808413072
MS,CSF_9,AGGCCACAGCCAGTAG-1,CSF,0.8359647273342856
MS,CSF_9,AGGGTGAGTCTGGAGA-1,CSF,0.17941749083510022
MS,CSF_9,AGTAGTCAGTTAACGA-1,CSF,0.8475159299475029
MS,CSF_9,ATCATCTAGTGTCCCG-1,CSF,-0.29997119987097626
MS,CSF_9,ATCCACCGTACTCGCG-1,CSF,0.20491261541845396
MS,CSF_9,ATCGAGTAGAGCCCAA-1,CSF,-0.1746536898194993
MS,CSF_9,ATGAGGGGTTCAGGCC-1,CSF,0.14758233513696095
MS,CSF_9,ATGCGATGTCCCTTGT-1,CSF,-0.047538445139849096
MS,CSF_9,ATGTGTGCAGCTCCGA-1,CSF,0.7223138866295641
MS,CSF_9,ATTCTACCACGTGAGA-1,CSF,-0.00932879266832974
MS,CSF_9,ATTGGTGGTACCGTAT-1,CSF,0.30627448062123974
MS,CSF_9,ATTGGTGTCCCTAACC-1,CSF,0.04722028284299218
MS,CSF_9,CAACCTCAGACCGGAT-1,CSF,0.12502167153373486
MS,CSF_9,CACCACTGTTGGTAAA-1,CSF,-0.29997119987097626
MS,CSF_9,CAGCTAAAGACTAAGT-1,CSF,0.2254435001543946
MS,CSF_9,CATCGAAAGATAGCAT-1,CSF,-0.29997119987097626
MS,CSF_9,CATCGAAGTTTGTTGG-1,CSF,0.5985843417958171
MS,CSF_9,CATGGCGCACAGATTC-1,CSF,0.29765618044631614
MS,CSF_9,CATTCGCGTATGCTTG-1,CSF,0.6163913995929822
MS,CSF_9,CCAGCGAGTGAGCGAT-1,CSF,0.6029049307789778
MS,CSF_9,CCCTCCTAGGGTTTCT-1,CSF,-0.0054141597868003445
MS,CSF_9,CCGGGATTCACCTCGT-1,CSF,-0.05908755942800483
MS,CSF_9,CCGGTAGTCTCTGCTG-1,CSF,0.24632136335139862
MS,CSF_9,CCGTGGAAGACACGAC-1,CSF,-0.29997119987097626
MS,CSF_9,CGAGCACGTCTGCGGT-1,CSF,-0.16084695613577085
MS,CSF_9,CGAGCCACACTGAAGG-1,CSF,-0.11024352934965873
MS,CSF_9,CGATTGATCGTTTATC-1,CSF,0.061650128219382636
MS,CSF_9,CGCTTCAAGAGTAAGG-1,CSF,0.2923494141964529
MS,CSF_9,CGGACACCACATGTGT-1,CSF,0.5797521446930057
MS,CSF_9,CGGAGCTAGCGCTTAT-1,CSF,0.09190453951473554
MS,CSF_9,CGTAGCGAGAAGGACA-1,CSF,0.450023285620673
MS,CSF_9,CTACACCCATCTCGCT-1,CSF,-0.29997119987097626
MS,CSF_9,CTCGAAAAGGCTCTTA-1,CSF,0.2431388487409951
MS,CSF_9,CTCGAGGCAATGGACG-1,CSF,0.4395317147520067
MS,CSF_9,CTGATAGCACCGAATT-1,CSF,0.3401263504506897
MS,CSF_9,CTGATAGCAGCCAATT-1,CSF,0.07761799705975359
MS,CSF_9,CTGATAGTCAACACTG-1,CSF,-0.29997119987097626
MS,CSF_9,CTTACCGTCCAAGTAC-1,CSF,0.7498320833901896
MS,CSF_9,GACCAATAGGCATTGG-1,CSF,0.07178392636140485
MS,CSF_9,GACTACAAGAAACCTA-1,CSF,0.0943064641372124
MS,CSF_9,GACTACAAGACAGAGA-1,CSF,0.2163994493146685
MS,CSF_9,GAGGTGATCTTGGGTA-1,CSF,-0.018696527298496822
MS,CSF_9,GATCGTAAGTATCTCG-1,CSF,-0.29997119987097626
MS,CSF_9,GATGAGGCACCACGTG-1,CSF,0.07222013252571936
MS,CSF_9,GCAGCCATCTACTTAC-1,CSF,0.7528720071585352
MS,CSF_9,GCGACCATCCAGAGGA-1,CSF,0.3328874158398998
MS,CSF_9,GCTCCTAGTGGACGAT-1,CSF,0.24611788942896598
MS,CSF_9,GCTCTGTGTGAGGCTA-1,CSF,0.5559531177936743
MS,CSF_9,GGATGTTCACTGTGTA-1,CSF,0.14122063284058867
MS,CSF_9,GGCTCGAAGAGGGCTT-1,CSF,1.3835747192708683
MS,CSF_9,GGTATTGAGCTACCGC-1,CSF,0.18218924941615716
MS,CSF_9,GGTATTGAGGACAGAA-1,CSF,-0.13788282512301453
MS,CSF_9,GGTATTGTCTTCTGGC-1,CSF,0.9233321276476921
MS,CSF_9,GGTGAAGTCACCGTAA-1,CSF,-0.29997119987097626
MS,CSF_9,GGTGCGTGTACTCAAC-1,CSF,0.3862382227522884
MS,CSF_9,GTAACGTAGGGCACTA-1,CSF,0.2576405605332509
MS,CSF_9,GTACGTACATTATCTC-1,CSF,-0.16990821060508768
MS,CSF_9,GTACGTATCATGTCTT-1,CSF,0.1444676496804655
MS,CSF_9,GTAGTCATCCTAAGTG-1,CSF,-0.12852754821653412
MS,CSF_9,GTCACAATCCGAACGC-1,CSF,0.5062381350509706
MS,CSF_9,GTCGTAACAGGGTTAG-1,CSF,0.3562773922782391
MS,CSF_9,GTCGTAAGTTCCGTCT-1,CSF,-0.0991161689424233
MS,CSF_9,GTGCGGTAGACACTAA-1,CSF,0.12254164942971815
MS,CSF_9,GTGTTAGGTCTGCGGT-1,CSF,0.3648892134899218
MS,CSF_9,TAAACCGTCGGATGGA-1,CSF,1.1874989002994083
MS,CSF_9,TACACGAGTAGTAGTA-1,CSF,0.5030605312481772
MS,CSF_9,TACAGTGTCACCACCT-1,CSF,0.7744624360411352
MS,CSF_9,TACCTATAGGCCATAG-1,CSF,0.3290825548125375
MS,CSF_9,TACGGGCGTCAAAGCG-1,CSF,0.7940959078025874
MS,CSF_9,TAGCCGGCATCCGCGA-1,CSF,-0.29997119987097626
MS,CSF_9,TAGCCGGGTACCGTTA-1,CSF,-0.0016881304401849936
MS,CSF_9,TCAGCTCAGGCGTACA-1,CSF,-0.1912245806497009
MS,CSF_9,TCAGGTAAGAGATGAG-1,CSF,-0.08278999323826608
MS,CSF_9,TCGAGGCAGCCCAATT-1,CSF,-0.021515924266905347
MS,CSF_9,TCGCGAGAGATCCCGC-1,CSF,-0.1215560054560301
MS,CSF_9,TCGCGTTCAAGGCTCC-1,CSF,0.6382656673064463
MS,CSF_9,TCGTAGATCAACGGGA-1,CSF,0.2576882453958084
MS,CSF_9,TCTCTAACACTAAGTC-1,CSF,0.2853604213989778
MS,CSF_9,TGACTAGCATGCCCGA-1,CSF,0.0771911330004443
MS,CSF_9,TGAGCATAGAGTGAGA-1,CSF,0.06938677332702123
MS,CSF_9,TGCCAAAGTTATCGGT-1,CSF,-0.16561540749766077
MS,CSF_9,TGCGCAGAGGACCACA-1,CSF,0.25444034654494124
MS,CSF_9,TGCTACCAGCAATATG-1,CSF,-0.15844457959348104
MS,CSF_9,TGTATTCAGTACGCGA-1,CSF,0.2865767244996351
MS,CSF_9,TTAGTTCGTACCCAAT-1,CSF,0.546579076709344
MS,CSF_9,TTCGAAGAGGACTGGT-1,CSF,0.40570500064586856
MS,CSF_9,TTGGCAAGTGCGAAAC-1,CSF,0.5182953100774892
MS,CSF_9,TTGTAGGGTAAAGTCA-1,CSF,0.1646169273561866
MS,CSF_9,TTTACTGAGTGTACCT-1,CSF,-0.06914986791804588
MS,CSF_9,TTTGCGCGTCATCGGC-1,CSF,0.1910916580697428
MS,CSF_10,AAACGGGAGAAGATTC-1,CSF,-0.29997119987097626
MS,CSF_10,AACCGCGAGTGAAGTT-1,CSF,0.34773815819834025
MS,CSF_10,AACCGCGCACAGTCGC-1,CSF,0.27949609566988814
MS,CSF_10,AAGCCGCCATAGGATA-1,CSF,-0.10667360234051092
MS,CSF_10,AATCGGTGTTACTGAC-1,CSF,-0.17144226542269253
MS,CSF_10,ACATACGCAGACACTT-1,CSF,0.28362974239591293
MS,CSF_10,ACGATACCATTTCACT-1,CSF,0.5724606302305743
MS,CSF_10,ACGATACGTCAAACTC-1,CSF,0.4788605236601761
MS,CSF_10,ACTGAGTCACAGACTT-1,CSF,-0.015074325656754076
MS,CSF_10,ACTGATGGTGCACTTA-1,CSF,0.05823856258323318
MS,CSF_10,ACTGTCCGTCCGACGT-1,CSF,0.36876483618580863
MS,CSF_10,ACTGTCCTCATTATCC-1,CSF,-0.06929635468475603
MS,CSF_10,AGACGTTTCGGACAAG-1,CSF,-0.1072369998748364
MS,CSF_10,AGCATACAGCTCCTCT-1,CSF,0.4180418576840892
MS,CSF_10,AGCCTAACATGTCCTC-1,CSF,0.5466384527267506
MS,CSF_10,AGGGATGGTTATCACG-1,CSF,0.2217433518826511
MS,CSF_10,AGTAGTCTCTGGTTCC-1,CSF,-0.29997119987097626
MS,CSF_10,ATAACGCTCGCACTCT-1,CSF,-0.12846549606973107
MS,CSF_10,ATAAGAGGTATCGCAT-1,CSF,0.13544970742269152
MS,CSF_10,ATAGACCTCTTTAGGG-1,CSF,-0.1810072660206963
MS,CSF_10,ATCATGGCACTATCTT-1,CSF,0.10923746472968508
MS,CSF_10,ATCTGCCTCAATCACG-1,CSF,0.4637468464265949
MS,CSF_10,ATGCGATGTCGGCACT-1,CSF,0.180712700871194
MS,CSF_10,CAACTAGCATGTCTCC-1,CSF,-0.29997119987097626
MS,CSF_10,CACACAAGTCTAGTCA-1,CSF,0.07599155671868031
MS,CSF_10,CACATAGTCTATCCCG-1,CSF,-0.15870988719974005
MS,CSF_10,CACTCCAAGATGAGAG-1,CSF,0.31178160092360857
MS,CSF_10,CACTCCATCAAACCAC-1,CSF,0.06719642507184766
MS,CSF_10,CAGATCAGTCCGAAGA-1,CSF,-0.29997119987097626
MS,CSF_10,CAGTAACGTAAGAGGA-1,CSF,-0.14868119612237535
MS,CSF_10,CATCGAAAGTTCGCGC-1,CSF,-0.006788778170490902
MS,CSF_10,CATTATCGTCCAACTA-1,CSF,-0.29997119987097626
MS,CSF_10,CCACCTATCTAGCACA-1,CSF,-0.1569045615343993
MS,CSF_10,CCCAGTTTCTGGGCCA-1,CSF,0.0353770415044125
MS,CSF_10,CCGGGATAGCTATGCT-1,CSF,-0.29997119987097626
MS,CSF_10,CCGGGATGTCCTGCTT-1,CSF,-0.29997119987097626
MS,CSF_10,CCGGTAGGTGACAAAT-1,CSF,-0.030608753144746304
MS,CSF_10,CCGGTAGTCTTGTTTG-1,CSF,-0.29997119987097626
MS,CSF_10,CCTAAAGAGATAGCAT-1,CSF,-0.1799908107338613
MS,CSF_10,CCTACACAGTGGAGAA-1,CSF,-0.16609450060951486
MS,CSF_10,CCTACCAGTGCCTGCA-1,CSF,-0.29997119987097626
MS,CSF_10,CGACTTCCAGCTTAAC-1,CSF,0.3702890771188677
MS,CSF_10,CGAGCACGTTCCGGCA-1,CSF,-0.18909874282558106
MS,CSF_10,CGCTTCAGTTGTACAC-1,CSF,0.5729697682578845
MS,CSF_10,CGGACACAGTCCAGGA-1,CSF,0.15699461040596346
MS,CSF_10,CGGACACCATGGATGG-1,CSF,0.629708682496331
MS,CSF_10,CGGACGTCACCAGTTA-1,CSF,-0.29997119987097626
MS,CSF_10,CGGACTGGTCTCCACT-1,CSF,-0.022351029452653468
MS,CSF_10,CGGCTAGCAATGCCAT-1,CSF,-0.0076368245145993574
MS,CSF_10,CGTAGCGGTTCACGGC-1,CSF,-0.008621558744905796
MS,CSF_10,CGTAGGCCATTCACTT-1,CSF,0.19951857274794418
MS,CSF_10,CGTAGGCTCGACCAGC-1,CSF,0.04613382611031781
MS,CSF_10,CGTAGGCTCGGAGCAA-1,CSF,0.7548383734939714
MS,CSF_10,CGTTAGACACAACGTT-1,CSF,-0.29997119987097626
MS,CSF_10,CTAACTTAGTCGATAA-1,CSF,-0.053849431608507796
MS,CSF_10,CTACACCTCCCTCTTT-1,CSF,0.11150084920962344
MS,CSF_10,CTAGAGTTCCGCAGTG-1,CSF,0.05072284678930038
MS,CSF_10,CTCCTAGGTTCGGGCT-1,CSF,-0.07914232148237958
MS,CSF_10,CTCGGAGCATCGTCGG-1,CSF,0.20165885307946782
MS,CSF_10,CTCGTACCACTGTGTA-1,CSF,0.12813368513236137
MS,CSF_10,CTCTAATAGTACGTTC-1,CSF,0.42033521592074813
MS,CSF_10,CTCTAATGTTGGACCC-1,CSF,-0.29997119987097626
MS,CSF_10,CTGAAGTCACCAGGTC-1,CSF,-0.09748424928071191
MS,CSF_10,CTGATCCGTGCTTCTC-1,CSF,0.056803068907104445
MS,CSF_10,CTTGGCTCAAGCCGCT-1,CSF,0.2870518032848735
MS,CSF_10,CTTGGCTGTCGGCATC-1,CSF,0.23897194125715385
MS,CSF_10,CTTGGCTTCCATGAGT-1,CSF,0.42167226603961167
MS,CSF_10,GAAACTCAGTGTTGAA-1,CSF,0.8028139077201413
MS,CSF_10,GAACATCAGCGCCTTG-1,CSF,0.08668660166988484
MS,CSF_10,GAACGGAGTACCGAGA-1,CSF,-0.17290196914981829
MS,CSF_10,GACACGCAGGTGTTAA-1,CSF,0.25582257177684936
MS,CSF_10,GACCAATGTTGTGGCC-1,CSF,-0.1351934324361039
MS,CSF_10,GACGGCTCAGACGCAA-1,CSF,0.022483546725921837
MS,CSF_10,GAGGTGAAGTCAATAG-1,CSF,-0.29997119987097626
MS,CSF_10,GATCAGTCAAACCCAT-1,CSF,0.20037903645031827
MS,CSF_10,GATCGCGCACGCTTTC-1,CSF,-0.29997119987097626
MS,CSF_10,GCAGCCAAGCTAACAA-1,CSF,0.21926394402619429
MS,CSF_10,GCATGCGTCAACACTG-1,CSF,0.025983125944350944
MS,CSF_10,GCCAAATTCCACTGGG-1,CSF,0.40034374337201806
MS,CSF_10,GCGCAGTAGGTGCTAG-1,CSF,-0.29997119987097626
MS,CSF_10,GCTCCTAGTTGGGACA-1,CSF,0.45460178245644084
MS,CSF_10,GCTCTGTAGAGATGAG-1,CSF,-0.29997119987097626
MS,CSF_10,GCTGCAGGTTGCCTCT-1,CSF,-0.29997119987097626
MS,CSF_10,GCTGGGTCACGCGAAA-1,CSF,0.01839275969274976
MS,CSF_10,GGAACTTCAGTCAGCC-1,CSF,-0.10717260937118063
MS,CSF_10,GGACATTAGTTTGCGT-1,CSF,0.28049238292437934
MS,CSF_10,GGGAATGTCAGATAAG-1,CSF,0.0934919590441224
MS,CSF_10,GGGCATCCACCGCTAG-1,CSF,0.3753046253620632
MS,CSF_10,GGTGAAGCAGCCTTTC-1,CSF,0.42938543591731715
MS,CSF_10,GTATCTTCAGCAGTTT-1,CSF,-0.0963608344783031
MS,CSF_10,GTCACGGAGACAATAC-1,CSF,-0.12063849802501472
MS,CSF_10,GTCATTTTCCATGAGT-1,CSF,0.17588573667001198
MS,CSF_10,GTGCGGTTCAACACCA-1,CSF,0.10994413602615213
MS,CSF_10,TAAACCGGTGGTACAG-1,CSF,0.08402037378711377
MS,CSF_10,TACACGAGTCTTGCGG-1,CSF,-0.006305029215374129
MS,CSF_10,TACGGTATCTTGCAAG-1,CSF,-0.29997119987097626
MS,CSF_10,TACTTACAGCTAGTTC-1,CSF,-0.15761845711330766
MS,CSF_10,TAGTGGTGTTGCGCAC-1,CSF,-0.29997119987097626
MS,CSF_10,TAGTTGGTCGAGCCCA-1,CSF,0.23071632866681865
MS,CSF_10,TATCAGGCACCGTTGG-1,CSF,0.055730816347506255
MS,CSF_10,TCAGCAAGTGGTGTAG-1,CSF,-0.29997119987097626
MS,CSF_10,TCAGGATCACCAACCG-1,CSF,-0.11805201561522365
MS,CSF_10,TCAGGATTCCCATTTA-1,CSF,-0.08615254142672699
MS,CSF_10,TCAGGTATCTGCAGTA-1,CSF,-0.10572683730742316
MS,CSF_10,TCCACACCAGATCTGT-1,CSF,0.3034337661555458
MS,CSF_10,TCGAGGCGTTCGAATC-1,CSF,-0.03677786452428945
MS,CSF_10,TCGTACCGTGGCAAAC-1,CSF,-0.10139338706578319
MS,CSF_10,TCTCATAAGTGCAAGC-1,CSF,0.11967075633817863
MS,CSF_10,TCTCATACATCTATGG-1,CSF,0.28741197513531663
MS,CSF_10,TCTGAGATCCGGCACA-1,CSF,0.23162346953221585
MS,CSF_10,TGACAACAGAGCTATA-1,CSF,0.8488292976025607
MS,CSF_10,TGACTTTAGTTTAGGA-1,CSF,0.16157537563027466
MS,CSF_10,TGAGAGGAGGGCTTCC-1,CSF,-0.29997119987097626
MS,CSF_10,TGATTTCGTCGAGATG-1,CSF,0.13267369674592894
MS,CSF_10,TGCACCTCACTCAGGC-1,CSF,-0.1635345513007666
MS,CSF_10,TGCTACCGTAATAGCA-1,CSF,0.9059243849516815
MS,CSF_10,TGCTGCTTCAGATAAG-1,CSF,-0.08999720682519886
MS,CSF_10,TGGGCGTGTCTAAAGA-1,CSF,1.021206987492669
MS,CSF_10,TGGTTCCGTGCGATAG-1,CSF,0.06252979458341631
MS,CSF_10,TGGTTCCTCGGTCTAA-1,CSF,-0.021061968410866765
MS,CSF_10,TGTGGTAGTAGCAAAT-1,CSF,0.22270276876108117
MS,CSF_10,TTCCCAGAGGCTAGAC-1,CSF,-0.07167161070229959
MS,CSF_10,TTCTCAAAGTGGAGAA-1,CSF,0.03640069415755631
MS,CSF_10,TTGCCGTTCAACGGGA-1,CSF,-0.29997119987097626
MS,CSF_10,TTGCGTCAGCGATGAC-1,CSF,-0.07696618690696153
MS,CSF_10,TTGGCAAAGATATGGT-1,CSF,0.1720337876468498
MS,CSF_10,TTGGCAAGTCTGATCA-1,CSF,-0.18346620972948674
MS,CSF_10,TTGTAGGAGTACGATA-1,CSF,-0.11837951387054109
MS,CSF_16,AAACCTGAGCTTATCG-1,CSF,-0.29997119987097626
MS,CSF_16,AAAGATGCAAATCCGT-1,CSF,0.6029833939578945
MS,CSF_16,AAAGATGTCCGAACGC-1,CSF,0.2301396149731266
MS,CSF_16,AAAGCAAGTCGACTGC-1,CSF,0.014649411941797887
MS,CSF_16,AACACGTGTCTTCAAG-1,CSF,0.6944390810042222
MS,CSF_16,AACACGTTCTTGAGGT-1,CSF,-0.29997119987097626
MS,CSF_16,AACCATGGTATAGGTA-1,CSF,-0.11189152381006544
MS,CSF_16,AACTCAGAGATGAGAG-1,CSF,0.17881717128577806
MS,CSF_16,AACTCCCCATGTTCCC-1,CSF,-0.19711774217739617
MS,CSF_16,AATCCAGTCTTGCATT-1,CSF,0.3595711222649447
MS,CSF_16,AATCGGTAGTTCGCGC-1,CSF,0.8803482077531025
MS,CSF_16,AATCGGTCACCCATGG-1,CSF,-0.06571296169222356
MS,CSF_16,ACACCCTCAAGTCATC-1,CSF,-0.08653303964872283
MS,CSF_16,ACACCGGCAAAGGTGC-1,CSF,0.43788630588138344
MS,CSF_16,ACACTGACAGTGGGAT-1,CSF,0.2620149273729836
MS,CSF_16,ACACTGACATAGACTC-1,CSF,-0.29997119987097626
MS,CSF_16,ACACTGAGTACGACCC-1,CSF,-0.06072996040439468
MS,CSF_16,ACCAGTAAGCGATTCT-1,CSF,0.19402884974874504
MS,CSF_16,ACCCACTAGCGACGTA-1,CSF,0.7563986566645975
MS,CSF_16,ACCCACTTCGGTCTAA-1,CSF,-0.29997119987097626
MS,CSF_16,ACCGTAACACAGATTC-1,CSF,0.245394409301055
MS,CSF_16,ACCGTAAGTGCGGTAA-1,CSF,0.1096475278861636
MS,CSF_16,ACCGTAATCCTTTACA-1,CSF,-0.020915747757961806
MS,CSF_16,ACGAGGACAAGCGTAG-1,CSF,0.1584286748671899
MS,CSF_16,ACGAGGATCAGGCGAA-1,CSF,-0.01454868469828335
MS,CSF_16,ACGATACTCTCATTCA-1,CSF,0.3794606677176793
MS,CSF_16,ACGATGTGTCAACATC-1,CSF,0.05370132342143236
MS,CSF_16,ACGATGTTCGGCGGTT-1,CSF,0.5459907784021573
MS,CSF_16,ACGATGTTCTCGGACG-1,CSF,0.15591698749157204
MS,CSF_16,ACGCCGAGTCAAAGAT-1,CSF,0.0009170116377461568
MS,CSF_16,ACGCCGATCAACCAAC-1,CSF,0.08173380748947902
MS,CSF_16,ACGGCCAAGGCAATTA-1,CSF,0.6535736392562684
MS,CSF_16,ACGGGTCGTAGGGACT-1,CSF,0.3148969712490235
MS,CSF_16,ACGTCAACAACTGCTA-1,CSF,0.035442646483076254
MS,CSF_16,ACGTCAACAATGAATG-1,CSF,-0.29997119987097626
MS,CSF_16,ACTATCTAGCTAACTC-1,CSF,0.061099061320255776
MS,CSF_16,ACTATCTTCAGAGACG-1,CSF,0.02936434409917889
MS,CSF_16,ACTGAGTTCACCTTAT-1,CSF,-0.1033789652312223
MS,CSF_16,ACTGCTCCACATAACC-1,CSF,-0.29997119987097626
MS,CSF_16,ACTTACTTCCTACAGA-1,CSF,0.08923113963796254
MS,CSF_16,ACTTGTTGTAACGCGA-1,CSF,-0.13678119923364102
MS,CSF_16,AGACGTTGTAACGACG-1,CSF,0.020944049599972
MS,CSF_16,AGACGTTTCCCGGATG-1,CSF,0.48795892985242045
MS,CSF_16,AGACGTTTCGTCTGAA-1,CSF,1.121389787474595
MS,CSF_16,AGATCTGGTACTTGAC-1,CSF,-0.022691424245158832
MS,CSF_16,AGCATACCAAGGTTTC-1,CSF,0.6802046567129939
MS,CSF_16,AGCATACCAGCATACT-1,CSF,0.8666767872550138
MS,CSF_16,AGCCTAACAATGCCAT-1,CSF,0.10194194934742946
MS,CSF_16,AGCGGTCCAAGCGAGT-1,CSF,0.2835943223074084
MS,CSF_16,AGCGTCGGTCACTTCC-1,CSF,0.1890024510017929
MS,CSF_16,AGCTCCTCACTTAACG-1,CSF,0.0902550201859363
MS,CSF_16,AGCTCCTGTTCACGGC-1,CSF,-0.17631228133807827
MS,CSF_16,AGCTTGACAAGGTTTC-1,CSF,0.2715806685188852
MS,CSF_16,AGGCCACGTAAATGAC-1,CSF,0.6991094540467203
MS,CSF_16,AGGGATGTCTTTACGT-1,CSF,0.3571252303460636
MS,CSF_16,AGGGTGATCCAGGGCT-1,CSF,-0.024560012579326548
MS,CSF_16,AGGTCCGTCCAATGGT-1,CSF,0.2000085403305097
MS,CSF_16,AGTGGGAGTCAATACC-1,CSF,0.4732090773410188
MS,CSF_16,AGTGGGAGTGATGATA-1,CSF,0.5190215707914037
MS,CSF_16,AGTGTCAAGAGCAATT-1,CSF,0.21434823612829887
MS,CSF_16,AGTTGGTTCACCATAG-1,CSF,0.09334199984717048
MS,CSF_16,ATAACGCGTCGCGAAA-1,CSF,0.11399485741288784
MS,CSF_16,ATCACGAAGGATGGAA-1,CSF,0.6589450954468576
MS,CSF_16,ATCACGACAGGAACGT-1,CSF,-0.09784434990272164
MS,CSF_16,ATCATCTTCTCAACTT-1,CSF,-0.21150987893978293
MS,CSF_16,ATCCACCGTTACCGAT-1,CSF,-0.059023075340094454
MS,CSF_16,ATCCGAATCATCGGAT-1,CSF,-0.12657607763953407
MS,CSF_16,ATGGGAGGTATTAGCC-1,CSF,-0.032194650011340205
MS,CSF_16,ATGGGAGTCGAATCCA-1,CSF,-0.009951212410258065
MS,CSF_16,ATTATCCCATGGGACA-1,CSF,0.27567292911910285
MS,CSF_16,ATTATCCTCGAGCCCA-1,CSF,0.37228831038541293
MS,CSF_16,ATTGGTGAGGTAAACT-1,CSF,0.7943300713370381
MS,CSF_16,ATTGGTGGTCAATGTC-1,CSF,1.2747809108454777
MS,CSF_16,ATTGGTGTCGCACTCT-1,CSF,0.0034461550449265766
MS,CSF_16,CAACTAGCAGATCGGA-1,CSF,0.35407400606007255
MS,CSF_16,CAACTAGTCACAGGCC-1,CSF,-0.29997119987097626
MS,CSF_16,CAAGAAAGTATTCGTG-1,CSF,-0.29997119987097626
MS,CSF_16,CAAGGCCGTCGACTGC-1,CSF,-0.1319479440675487
MS,CSF_16,CAAGTTGCATGAGCGA-1,CSF,0.11008885197621272
MS,CSF_16,CACACTCTCAACCAAC-1,CSF,0.29562604838433487
MS,CSF_16,CACACTCTCTGCAAGT-1,CSF,0.021918923038963572
MS,CSF_16,CACAGGCGTGCGATAG-1,CSF,-0.29997119987097626
MS,CSF_16,CACAGTATCGTGGGAA-1,CSF,-0.2137345622913874
MS,CSF_16,CACATTTCACTGTTAG-1,CSF,-0.2082546048775073
MS,CSF_16,CACATTTTCATTGCCC-1,CSF,0.01979493925065388
MS,CSF_16,CACCACTCATCACAAC-1,CSF,0.3566215228777931
MS,CSF_16,CACCAGGCAGGGTACA-1,CSF,0.19258398066930565
MS,CSF_16,CACCTTGAGAACAATC-1,CSF,-0.29997119987097626
MS,CSF_16,CACCTTGAGGTGGGTT-1,CSF,0.5570390805829076
MS,CSF_16,CAGAATCCAGTTCCCT-1,CSF,0.41335031477670603
MS,CSF_16,CAGAGAGAGCTCAACT-1,CSF,0.34007435133819575
MS,CSF_16,CAGCAGCAGAGTAATC-1,CSF,0.2788180449444487
MS,CSF_16,CAGCAGCCAGCAGTTT-1,CSF,-0.10945344495524696
MS,CSF_16,CAGCATAGTGCCTTGG-1,CSF,-0.29997119987097626
MS,CSF_16,CAGCGACGTTGTCTTT-1,CSF,-0.29997119987097626
MS,CSF_16,CAGCTGGAGAAACCGC-1,CSF,0.16619236872305718
MS,CSF_16,CAGCTGGGTTCGTTGA-1,CSF,-0.014252429463207561
MS,CSF_16,CAGGTGCTCCGTAGGC-1,CSF,0.10271079008578991
MS,CSF_16,CAGTCCTAGAGTCTGG-1,CSF,0.27802550942509524
MS,CSF_16,CATCAGATCCATGAGT-1,CSF,-0.08398378144385207
MS,CSF_16,CATCGAACAAGTCTAC-1,CSF,-0.29997119987097626
MS,CSF_16,CATGACACAGAGTGTG-1,CSF,0.1735955649843901
MS,CSF_16,CATGACACATGCTAGT-1,CSF,0.18764994663870935
MS,CSF_16,CCACTACGTAGCGTGA-1,CSF,-0.14800159996467846
MS,CSF_16,CCACTACGTCGACTAT-1,CSF,-0.17571062214093083
MS,CSF_16,CCAGCGAGTCGTCTTC-1,CSF,0.11130405025072895
MS,CSF_16,CCATGTCAGTCACGCC-1,CSF,0.30090278861376396
MS,CSF_16,CCATTCGCAGCGAACA-1,CSF,0.21194652575761874
MS,CSF_16,CCATTCGGTATCAGTC-1,CSF,-0.13074082075249277
MS,CSF_16,CCATTCGTCATCACCC-1,CSF,-0.29997119987097626
MS,CSF_16,CCCAATCAGTGATCGG-1,CSF,0.26131805860790763
MS,CSF_16,CCCATACAGCTCCTTC-1,CSF,-0.12388340079918761
MS,CSF_16,CCCATACCAATCTGCA-1,CSF,-0.004859214884175749
MS,CSF_16,CCCTCCTTCAAACCAC-1,CSF,0.2882648576195523
MS,CSF_16,CCGGTAGCAACCGCCA-1,CSF,0.12604561774969206
MS,CSF_16,CCGTACTGTAGAGTGC-1,CSF,0.38153884829282203
MS,CSF_16,CCTACACAGATAGCAT-1,CSF,0.04025762924668409
MS,CSF_16,CCTACCACATAAAGGT-1,CSF,-0.15691345355001599
MS,CSF_16,CCTACCAGTGGACGAT-1,CSF,0.2503608812807233
MS,CSF_16,CCTAGCTCAATACGCT-1,CSF,-0.09186440845019668
MS,CSF_16,CCTAGCTGTCGACTAT-1,CSF,0.1554563171471392
MS,CSF_16,CCTCAGTCATTTCAGG-1,CSF,0.07678123782419008
MS,CSF_16,CCTCTGATCCGCAAGC-1,CSF,0.7241819057069294
MS,CSF_16,CCTTCCCAGTTGTCGT-1,CSF,0.21906442682357793
MS,CSF_16,CCTTCCCGTTGGTGGA-1,CSF,-0.29997119987097626
MS,CSF_16,CGAACATCAACTTGAC-1,CSF,0.3661202230298987
MS,CSF_16,CGACCTTCAGGGTACA-1,CSF,0.35853611575184263
MS,CSF_16,CGACCTTGTGCACCAC-1,CSF,-0.11469016154189007
MS,CSF_16,CGACCTTTCAGAGCTT-1,CSF,0.7441687508700575
MS,CSF_16,CGACTTCTCTTCCTTC-1,CSF,-0.12121805284332525
MS,CSF_16,CGAGAAGAGGCTAGGT-1,CSF,-0.008428074218558929
MS,CSF_16,CGAGAAGCACCTATCC-1,CSF,0.21004544559765378
MS,CSF_16,CGAGAAGCATGTAGTC-1,CSF,0.7857269508569028
MS,CSF_16,CGAGCCAGTCTTCGTC-1,CSF,0.06852249132955722
MS,CSF_16,CGATCGGCACAGGAGT-1,CSF,0.23691585108074312
MS,CSF_16,CGATCGGTCTGCGGCA-1,CSF,0.06568579768876417
MS,CSF_16,CGATTGAAGAAACCAT-1,CSF,0.2929916526108181
MS,CSF_16,CGCGGTAAGGTCATCT-1,CSF,0.5539422881483749
MS,CSF_16,CGCGGTACACAGACTT-1,CSF,-0.29997119987097626
MS,CSF_16,CGCGGTATCCGTAGGC-1,CSF,0.6864365872905477
MS,CSF_16,CGCTATCAGTACGTTC-1,CSF,0.2965135563528555
MS,CSF_16,CGCTATCTCGGGAGTA-1,CSF,0.6990710559532848
MS,CSF_16,CGCTTCACACCTGGTG-1,CSF,-0.2050888094939133
MS,CSF_16,CGGACTGTCACCTCGT-1,CSF,1.2429081038645517
MS,CSF_16,CGGAGCTCAGACGCAA-1,CSF,0.22193058176196986
MS,CSF_16,CGGAGTCTCTTGCCGT-1,CSF,-0.11267357529409196
MS,CSF_16,CGTAGGCAGTGTGGCA-1,CSF,-0.1537110685653976
MS,CSF_16,CGTCCATCAAGAAAGG-1,CSF,-0.29997119987097626
MS,CSF_16,CGTCCATCAGCCTGTG-1,CSF,-0.21808702770505833
MS,CSF_16,CGTGAGCAGGGCTCTC-1,CSF,0.07560384869913168
MS,CSF_16,CGTGTAAGTACCCAAT-1,CSF,-0.18472185302791835
MS,CSF_16,CGTTAGAGTGCGGTAA-1,CSF,0.38395131896072604
MS,CSF_16,CGTTAGAGTTGAACTC-1,CSF,0.02962374728572497
MS,CSF_16,CGTTAGATCTAGAGTC-1,CSF,-0.09316170693065533
MS,CSF_16,CGTTCTGAGGATATAC-1,CSF,0.33461863289719346
MS,CSF_16,CTAACTTCACCAGGCT-1,CSF,0.5977212402337909
MS,CSF_16,CTACACCAGTGCGTGA-1,CSF,0.11185435431084263
MS,CSF_16,CTACACCGTCGGCACT-1,CSF,-0.29997119987097626
MS,CSF_16,CTACCCACACTGTCGG-1,CSF,0.2780166817306629
MS,CSF_16,CTACCCATCAAGGTAA-1,CSF,0.24628829978184053
MS,CSF_16,CTAGCCTTCTGTCAAG-1,CSF,-0.29997119987097626
MS,CSF_16,CTAGTGAGTCTAAACC-1,CSF,0.27076990073658663
MS,CSF_16,CTCACACCAGGACGTA-1,CSF,0.17630839854998923
MS,CSF_16,CTCGAGGAGATAGGAG-1,CSF,-0.08249175102893545
MS,CSF_16,CTCGAGGAGCCACGCT-1,CSF,-0.16912352001822978
MS,CSF_16,CTCGAGGGTGTAATGA-1,CSF,0.13362994811817303
MS,CSF_16,CTCGGGACATTGGGCC-1,CSF,-0.29997119987097626
MS,CSF_16,CTCGGGAGTGATGCCC-1,CSF,0.2588734820510225
MS,CSF_16,CTCGGGAGTTATCACG-1,CSF,-0.02627195989459603
MS,CSF_16,CTCTAATCACAGATTC-1,CSF,0.18081889064384132
MS,CSF_16,CTGAAGTGTGATGATA-1,CSF,-0.06110590090764271
MS,CSF_16,CTGATAGAGAAGAAGC-1,CSF,0.00035197055217623633
MS,CSF_16,CTGATAGGTCTCTTAT-1,CSF,0.29723404806695203
MS,CSF_16,CTGCCTACATTACGAC-1,CSF,0.2957686211014495
MS,CSF_16,CTGCCTAGTGGCAAAC-1,CSF,-0.024546691882215914
MS,CSF_16,CTGCTGTAGATTACCC-1,CSF,0.4249800787251579
MS,CSF_16,CTGGTCTCACGGACAA-1,CSF,0.10972551243938722
MS,CSF_16,CTGTTTAGTCTTGCGG-1,CSF,0.38563970320253466
MS,CSF_16,CTTACCGGTCTTCTCG-1,CSF,0.01973176389849583
MS,CSF_16,CTTCTCTTCAACTCTT-1,CSF,-0.15051992287606009
MS,CSF_16,CTTTGCGGTCTCCATC-1,CSF,0.6078349513285773
MS,CSF_16,GAAACTCCACCCATGG-1,CSF,0.33664584542883297
MS,CSF_16,GAACCTAAGATGCCAG-1,CSF,0.4961754816233546
MS,CSF_16,GAAGCAGAGGAGTTGC-1,CSF,-0.11088835948583427
MS,CSF_16,GAAGCAGCAGCCTTTC-1,CSF,0.034160361304743966
MS,CSF_16,GAAGCAGGTCAAAGCG-1,CSF,0.07066240007479714
MS,CSF_16,GAATAAGAGTCAAGGC-1,CSF,0.3117570740814463
MS,CSF_16,GACACGCAGGAGTAGA-1,CSF,0.047176287905007976
MS,CSF_16,GACCAATGTACTTCTT-1,CSF,0.45744054982986176
MS,CSF_16,GACCAATTCTCCCTGA-1,CSF,0.18917512898356212
MS,CSF_16,GACCTGGAGGTGATAT-1,CSF,0.05572519068535258
MS,CSF_16,GACCTGGAGTGGAGTC-1,CSF,-0.03392432039875459
MS,CSF_16,GACGGCTCAGAGTGTG-1,CSF,-0.29997119987097626
MS,CSF_16,GACGTGCCACGGCCAT-1,CSF,-0.08757481408432548
MS,CSF_16,GACGTGCTCCACTCCA-1,CSF,0.3475058089317436
MS,CSF_16,GACGTTAGTTGAGGTG-1,CSF,0.681973894552362
MS,CSF_16,GACTAACCATCTCCCA-1,CSF,0.26122045201324173
MS,CSF_16,GACTACAGTCTCTCGT-1,CSF,-0.29997119987097626
MS,CSF_16,GACTGCGCACAGGAGT-1,CSF,0.19066661722149472
MS,CSF_16,GAGGTGACATTAGCCA-1,CSF,-0.009370969569726637
MS,CSF_16,GAGTCCGTCGAACTGT-1,CSF,-0.028960152045265607
MS,CSF_16,GATCGTATCACAAACC-1,CSF,0.031875260352319995
MS,CSF_16,GATTCAGCAAGGCTCC-1,CSF,0.26482312714176615
MS,CSF_16,GATTCAGGTAGTACCT-1,CSF,0.13300506796037365
MS,CSF_16,GCAAACTCATGAGCGA-1,CSF,0.3401480478016944
MS,CSF_16,GCAATCAAGACCTAGG-1,CSF,0.34291946639282883
MS,CSF_16,GCACATAAGAAGAAGC-1,CSF,-0.012504417212236591
MS,CSF_16,GCACTCTAGAGTTGGC-1,CSF,0.08530956726950989
MS,CSF_16,GCACTCTGTAAGAGGA-1,CSF,0.06798128630011048
MS,CSF_16,GCAGCCACAAAGGCGT-1,CSF,-0.013671402577226996
MS,CSF_16,GCAGCCATCCAAGTAC-1,CSF,0.4642839912240873
MS,CSF_16,GCATACACACATGACT-1,CSF,-0.18163682227524908
MS,CSF_16,GCATGCGTCATTCACT-1,CSF,0.4792391087828451
MS,CSF_16,GCCTCTACATCGGAAG-1,CSF,-0.02053723916159642
MS,CSF_16,GCGAGAATCACAAACC-1,CSF,0.7882455991269739
MS,CSF_16,GCGCAACTCCACGCAG-1,CSF,0.24778347802407344
MS,CSF_16,GCGCAACTCTGCTGTC-1,CSF,0.3013501552809354
MS,CSF_16,GCGCAGTGTGGTAACG-1,CSF,-0.10570326687480507
MS,CSF_16,GCGCCAAAGCACCGCT-1,CSF,0.03335395028415803
MS,CSF_16,GCGCCAAGTATGCTTG-1,CSF,-0.08603921325848564
MS,CSF_16,GCGGGTTAGACTGTAA-1,CSF,0.2796096867524006
MS,CSF_16,GCGGGTTAGCACAGGT-1,CSF,0.30300528580653324
MS,CSF_16,GCGGGTTTCTTGTATC-1,CSF,-0.03227742228535898
MS,CSF_16,GCTCTGTAGTCGAGTG-1,CSF,-0.1724135389286227
MS,CSF_16,GCTGCAGAGGCTCAGA-1,CSF,-0.16417412841723206
MS,CSF_16,GCTGCAGGTTAAAGTG-1,CSF,0.9875607980832585
MS,CSF_16,GCTGCTTTCCTTTCTC-1,CSF,-0.1478044922093472
MS,CSF_16,GCTGCTTTCGGAATCT-1,CSF,-0.2093615454328568
MS,CSF_16,GCTTGAACAAGGGTCA-1,CSF,0.28565624166723946
MS,CSF_16,GCTTGAAGTGCGGTAA-1,CSF,-0.08509014930976395
MS,CSF_16,GGAAAGCTCAGATAAG-1,CSF,0.4865708412305639
MS,CSF_16,GGAACTTCAGGGATTG-1,CSF,0.2934247823067317
MS,CSF_16,GGAATAAAGAATTGTG-1,CSF,0.1435020003084392
MS,CSF_16,GGAATAATCAAGGCTT-1,CSF,0.19504043134029372
MS,CSF_16,GGACAGAGTAAGGGCT-1,CSF,0.014467612313206717
MS,CSF_16,GGACATTCATCATCCC-1,CSF,0.38171228745076086
MS,CSF_16,GGCCGATAGACCTAGG-1,CSF,0.04706524271571623
MS,CSF_16,GGCGTGTTCGTACCGG-1,CSF,-0.15150949556622337
MS,CSF_16,GGCTCGATCTCAAGTG-1,CSF,0.45494002553734897
MS,CSF_16,GGCTCGATCTCGCATC-1,CSF,-0.29997119987097626
MS,CSF_16,GGGAATGAGCTAGGCA-1,CSF,-0.09523882168899853
MS,CSF_16,GGGAATGCAGCTCGCA-1,CSF,-0.18548776332632227
MS,CSF_16,GGGAGATCATGAGCGA-1,CSF,0.4139104473888075
MS,CSF_16,GGGATGAAGAAACCGC-1,CSF,0.24618466470603906
MS,CSF_16,GGGATGACAGTATAAG-1,CSF,0.3465225338905717
MS,CSF_16,GGTATTGGTCACCTAA-1,CSF,0.9386067750674189
MS,CSF_16,GGTGCGTAGATTACCC-1,CSF,0.0333969476191047
MS,CSF_16,GGTGCGTGTCTGCGGT-1,CSF,-0.29997119987097626
MS,CSF_16,GTAACGTAGTTAGGTA-1,CSF,0.10003359523556286
MS,CSF_16,GTAACTGGTAGCGCTC-1,CSF,-0.12713694442540321
MS,CSF_16,GTACGTATCCCACTTG-1,CSF,-0.0725372921863887
MS,CSF_16,GTACTCCAGTAGCCGA-1,CSF,0.285260367917742
MS,CSF_16,GTACTCCCACCCATTC-1,CSF,-0.29997119987097626
MS,CSF_16,GTACTCCCAGCTGTGC-1,CSF,0.11718740259057125
MS,CSF_16,GTACTTTGTGCTGTAT-1,CSF,0.3601995010768219
MS,CSF_16,GTCATTTAGTACGCGA-1,CSF,0.07077319802557222
MS,CSF_16,GTCATTTTCCTTGCCA-1,CSF,0.06489641442646328
MS,CSF_16,GTCATTTTCTCTAGGA-1,CSF,0.08161239987467882
MS,CSF_16,GTCCTCAGTGCAACGA-1,CSF,0.26157454647338546
MS,CSF_16,GTCTCGTTCACCAGGC-1,CSF,0.3241744456813245
MS,CSF_16,GTCTTCGGTAACGACG-1,CSF,1.004001343982212
MS,CSF_16,GTCTTCGGTCGAGTTT-1,CSF,0.5278318550015773
MS,CSF_16,GTGCAGCCACATGTGT-1,CSF,0.07520521444111275
MS,CSF_16,GTGCATAAGACTGTAA-1,CSF,0.36527238291136854
MS,CSF_16,GTGCATAAGTACTTGC-1,CSF,0.5087034769442533
MS,CSF_16,GTGCATATCAGTGTTG-1,CSF,0.18718223021250371
MS,CSF_16,GTGCGGTGTCTAGTGT-1,CSF,0.05283892278797956
MS,CSF_16,GTGCTTCAGACCTAGG-1,CSF,0.29904933559260166
MS,CSF_16,GTGCTTCCAAGTAATG-1,CSF,0.071508997222809
MS,CSF_16,GTGTTAGAGATGTCGG-1,CSF,0.1743917977995845
MS,CSF_16,GTGTTAGGTTAAAGTG-1,CSF,0.816137628531437
MS,CSF_16,GTTAAGCGTGCCTGCA-1,CSF,0.6725367604755004
MS,CSF_16,GTTAAGCGTTAGGGTG-1,CSF,-0.1302391487602915
MS,CSF_16,GTTACAGCAGGGTATG-1,CSF,0.3404385607138832
MS,CSF_16,GTTCATTTCGGCGCAT-1,CSF,0.40262264879682197
MS,CSF_16,TAAACCGAGGACATTA-1,CSF,0.2738212446759113
MS,CSF_16,TAAACCGCAAGGACAC-1,CSF,0.3102702949375855
MS,CSF_16,TAAGAGACATAGAAAC-1,CSF,0.15197074417404743
MS,CSF_16,TAAGCGTTCACCGGGT-1,CSF,0.06459225840825902
MS,CSF_16,TAAGTGCTCACGACTA-1,CSF,-0.29997119987097626
MS,CSF_16,TACACGAGTACCGCTG-1,CSF,-0.17882278175822078
MS,CSF_16,TACAGTGAGCGTAATA-1,CSF,0.05697047365722433
MS,CSF_16,TACAGTGCAGTCCTTC-1,CSF,0.014979602204419058
MS,CSF_16,TACCTATAGGACAGCT-1,CSF,-0.028850295173723065
MS,CSF_16,TACCTTACATAAGACA-1,CSF,0.264327527851684
MS,CSF_16,TACCTTATCACGCGGT-1,CSF,-0.15544375786165757
MS,CSF_16,TACTCATAGGTAGCTG-1,CSF,0.060018835144672926
MS,CSF_16,TACTTACAGCCCTAAT-1,CSF,0.005315414818068663
MS,CSF_16,TACTTGTTCACCGTAA-1,CSF,0.30915541718288253
MS,CSF_16,TAGACCACAAGTCTAC-1,CSF,0.11363854140746966
MS,CSF_16,TAGACCAGTTAGATGA-1,CSF,-0.08732896263157534
MS,CSF_16,TAGAGCTCAAGTAATG-1,CSF,0.43547011051830015
MS,CSF_16,TAGAGCTTCGTCACGG-1,CSF,0.4205682692584131
MS,CSF_16,TAGGCATAGCAGATCG-1,CSF,0.34958483379829747
MS,CSF_16,TAGGCATCAAGCTGAG-1,CSF,0.1764026598132205
MS,CSF_16,TAGGCATCACAACTGT-1,CSF,-0.16671273400938022
MS,CSF_16,TAGGCATTCTTGTACT-1,CSF,0.050244903664441676
MS,CSF_16,TAGTGGTTCTGTTTGT-1,CSF,0.3448646887185491
MS,CSF_16,TAGTTGGAGAGATGAG-1,CSF,-0.054039173149788636
MS,CSF_16,TAGTTGGAGCACACAG-1,CSF,-0.1316998211901748
MS,CSF_16,TATCAGGTCTATCGCC-1,CSF,0.11631022225927239
MS,CSF_16,TATCTCAAGTATGACA-1,CSF,0.05376829900996457
MS,CSF_16,TATTACCAGCTACCGC-1,CSF,-0.009611418881655929
MS,CSF_16,TATTACCGTTTAAGCC-1,CSF,-0.1560607078942364
MS,CSF_16,TCAACGAAGACTAAGT-1,CSF,0.13147476318780119
MS,CSF_16,TCACGAAGTCGCTTCT-1,CSF,0.1310397918733035
MS,CSF_16,TCACGAATCGTTTATC-1,CSF,0.008932442517460278
MS,CSF_16,TCAGGATGTCGCATAT-1,CSF,-0.0590896174870825
MS,CSF_16,TCAGGATGTCGCTTTC-1,CSF,0.03571628705594919
MS,CSF_16,TCAGGTACAAGCCCAC-1,CSF,0.48019348815886687
MS,CSF_16,TCAGGTATCGGTCTAA-1,CSF,0.23577671808763503
MS,CSF_16,TCATTACTCAAGATCC-1,CSF,0.12861817295717778
MS,CSF_16,TCATTACTCTTGTCAT-1,CSF,-0.1315636303266268
MS,CSF_16,TCCACACAGATCGGGT-1,CSF,-0.012944053147333398
MS,CSF_16,TCCCGATAGGCAGGTT-1,CSF,-0.01678697570217134
MS,CSF_16,TCCCGATAGTGACTCT-1,CSF,0.37261596023589194
MS,CSF_16,TCCCGATTCGTCCGTT-1,CSF,0.0651738701316362
MS,CSF_16,TCGAGGCGTAAGAGAG-1,CSF,0.19568143478276606
MS,CSF_16,TCGAGGCTCAGCTCGG-1,CSF,0.09561768226271983
MS,CSF_16,TCGCGAGTCCCTAATT-1,CSF,0.3825492924156512
MS,CSF_16,TCGGTAACATGTCGAT-1,CSF,-0.1962352959518669
MS,CSF_16,TCGTACCCAGGGTTAG-1,CSF,0.11306274298292686
MS,CSF_16,TCGTAGAGTTCTGAAC-1,CSF,-0.09564990996104021
MS,CSF_16,TCTGAGAGTCGGGTCT-1,CSF,0.4067427008438796
MS,CSF_16,TCTTTCCAGTAGGTGC-1,CSF,0.34911966964638014
MS,CSF_16,TGAAAGAAGATGTAAC-1,CSF,-0.02956293603805976
MS,CSF_16,TGAAAGACACCTGGTG-1,CSF,0.42067778926732785
MS,CSF_16,TGACAACTCAGCGATT-1,CSF,0.14795054703635332
MS,CSF_16,TGACTAGGTAAGTTCC-1,CSF,0.4291811009805565
MS,CSF_16,TGACTTTTCAGCTCTC-1,CSF,0.5316438224388725
MS,CSF_16,TGAGCATCATGCTGGC-1,CSF,0.0742419662120907
MS,CSF_16,TGAGCCGAGCTCCCAG-1,CSF,0.10438602947078134
MS,CSF_16,TGAGCCGCACCTCGTT-1,CSF,0.1991096184549214
MS,CSF_16,TGCACCTGTACAGTGG-1,CSF,0.12773077883669412
MS,CSF_16,TGCCAAACAGGAACGT-1,CSF,0.7329186585272252
MS,CSF_16,TGCCAAAGTTATGTGC-1,CSF,-0.17182706255966076
MS,CSF_16,TGCCCATCATGCTAGT-1,CSF,0.3297592924491581
MS,CSF_16,TGCCCATGTGCAGTAG-1,CSF,0.07256191967001302
MS,CSF_16,TGCCCTACAAGTTAAG-1,CSF,0.13102220466077522
MS,CSF_16,TGCCCTATCAGCTGGC-1,CSF,0.28180299695203664
MS,CSF_16,TGCGCAGCACGCCAGT-1,CSF,0.19583811343164897
MS,CSF_16,TGCGCAGTCTCTGCTG-1,CSF,0.44164994163090465
MS,CSF_16,TGGCCAGCACCTGGTG-1,CSF,0.2745433759326253
MS,CSF_16,TGGGAAGAGATGCCTT-1,CSF,0.3777447637644084
MS,CSF_16,TGGTTCCAGTCCGTAT-1,CSF,0.28863030630012104
MS,CSF_16,TGTCCCATCGCAAACT-1,CSF,0.13587168121275237
MS,CSF_16,TGTTCCGTCACATAGC-1,CSF,0.2521597637201355
MS,CSF_16,TTAACTCTCCCTAATT-1,CSF,0.07101049514765641
MS,CSF_16,TTAGGACGTCACCTAA-1,CSF,0.2632023731904782
MS,CSF_16,TTATGCTAGGCCCTTG-1,CSF,0.1849894694633578
MS,CSF_16,TTCCCAGGTCCCTTGT-1,CSF,-0.12972898549920026
MS,CSF_16,TTGAACGGTAAGCACG-1,CSF,0.27091689684775905
MS,CSF_16,TTGCCGTAGCGATTCT-1,CSF,0.6200775297048579
MS,CSF_16,TTGCCGTTCCTTGGTC-1,CSF,-0.07400066625157976
MS,CSF_16,TTGTAGGGTACGAAAT-1,CSF,0.6241339020533007
MS,CSF_16,TTTACTGCAGCTCCGA-1,CSF,0.13769593062449423
MS,CSF_16,TTTACTGGTAATTGGA-1,CSF,-0.17217229986341825
MS,CSF_16,TTTATGCAGTGCTGCC-1,CSF,-0.08398958774751684
MS,CSF_16,TTTCCTCAGGAGTACC-1,CSF,0.22237708502277664
MS,CSF_16,TTTGCGCCATGTTGAC-1,CSF,-0.29997119987097626
MS,CSF_16,TTTGGTTGTCGAATCT-1,CSF,0.29594431448744757
MS,CSF_22,AACCGCGAGTGCTGCC-1,CSF,0.06945555496299861
MS,CSF_22,AACGTTGCATAGGATA-1,CSF,-0.29997119987097626
MS,CSF_22,AACTCAGCACCACGTG-1,CSF,0.4735304991052571
MS,CSF_22,ACACCGGCAATCGGTT-1,CSF,0.3665872837283076
MS,CSF_22,ACGCCAGCACAGGTTT-1,CSF,-0.14121650427261842
MS,CSF_22,AGCAGCCAGAGCCCAA-1,CSF,0.2411122907006644
MS,CSF_22,AGCATACCACAGGCCT-1,CSF,0.06247154306557116
MS,CSF_22,ATAACGCAGCGTCTAT-1,CSF,-0.09706311290063899
MS,CSF_22,ATTGGACTCCACGCAG-1,CSF,0.4205682692584131
MS,CSF_22,CAGCAGCGTTATCGGT-1,CSF,-0.29997119987097626
MS,CSF_22,CATATGGTCGACGGAA-1,CSF,-0.29997119987097626
MS,CSF_22,CATATTCTCTTACCTA-1,CSF,-0.0648758660535873
MS,CSF_22,CATCAGAGTTCAGGCC-1,CSF,-0.01124120903454329
MS,CSF_22,CCGTTCAAGTCTCGGC-1,CSF,0.12351965190781813
MS,CSF_22,CGCTGGAAGTAGGTGC-1,CSF,0.15318728123685357
MS,CSF_22,CGGAGTCGTCTTGATG-1,CSF,0.18575979951372318
MS,CSF_22,CGTGTAAGTGAAATCA-1,CSF,0.23091832241572718
MS,CSF_22,CTCTAATCAGGATTGG-1,CSF,0.35456593916975093
MS,CSF_22,GACGCGTGTCCAGTTA-1,CSF,1.0663717245278392
MS,CSF_22,GAGGTGATCCAACCAA-1,CSF,-0.07524625707176731
MS,CSF_22,GAGTCCGGTAGGGTAC-1,CSF,-0.06829256536794319
MS,CSF_22,GATCGCGCATGCCTTC-1,CSF,0.3680824082877444
MS,CSF_22,GATCGCGTCAACTCTT-1,CSF,0.07629101190124152
MS,CSF_22,GCCAAATTCTTACCGC-1,CSF,0.36388734737206585
MS,CSF_22,GCGCGATCACATAACC-1,CSF,0.13403206813711482
MS,CSF_22,GGAAAGCCAACACGCC-1,CSF,-0.009252662199477327
MS,CSF_22,GGACATTAGGCTATCT-1,CSF,-0.14556518108883104
MS,CSF_22,GGTATTGCAAACCCAT-1,CSF,0.7589170131129711
MS,CSF_22,GTATTCTCACAGACAG-1,CSF,0.2626886807100776
MS,CSF_22,GTTCATTAGAACAATC-1,CSF,0.4552001732117417
MS,CSF_22,TACGGGCTCTTTACAC-1,CSF,-0.29997119987097626
MS,CSF_22,TAGCCGGTCGGCGGTT-1,CSF,-0.29997119987097626
MS,CSF_22,TCACAAGGTGATGATA-1,CSF,-0.205236913144861
MS,CSF_22,TCGCGAGAGGCTATCT-1,CSF,0.30530015613471356
MS,CSF_22,TCTCTAACAGGGCATA-1,CSF,0.08963367255356303
MS,CSF_22,TCTTCGGGTAGAAGGA-1,CSF,0.43288427406356783
MS,CSF_22,TGCGGGTTCGAGCCCA-1,CSF,-0.29997119987097626
MS,CSF_22,TGCGTGGCAGGAATCG-1,CSF,-0.14490007609404204
MS,CSF_22,TTAACTCCAGCGATCC-1,CSF,-0.29997119987097626
MS,CSF_22,TTCCCAGAGAAACCTA-1,CSF,0.1624536986998641
MS,CSF_22,TTCCCAGAGACTGGGT-1,CSF,0.11065829037085628
MS,CSF_22,TTCTACAGTTCGAATC-1,CSF,0.926435814933737
MS,CSF_22,TTGACTTGTCATACTG-1,CSF,0.518599039142092
MS,CSF_22,TTTGGTTGTGCAACTT-1,CSF,-0.29997119987097626
MS,CSF_24,AAACCTGAGTCTCGGC-1,CSF,0.12730910775618873
MS,CSF_24,AAGGTTCGTGAGTATA-1,CSF,0.42781985755764934
MS,CSF_24,AATCCAGGTACAAGTA-1,CSF,0.9858511832916095
MS,CSF_24,ACACCGGTCAACCATG-1,CSF,0.1954995690488702
MS,CSF_24,ACAGCTACAATAGAGT-1,CSF,0.08122762567220053
MS,CSF_24,ACCGTAAGTCATGCCG-1,CSF,-0.04215648066584809
MS,CSF_24,ACGCAGCCATGACATC-1,CSF,0.35586469399942394
MS,CSF_24,ACGCCAGGTCCAGTAT-1,CSF,0.6272456450168874
MS,CSF_24,ACTGAGTGTTCGGCAC-1,CSF,-0.14310586984148108
MS,CSF_24,AGAATAGGTACTTGAC-1,CSF,0.15726240453008297
MS,CSF_24,AGCCTAATCTGCCCTA-1,CSF,0.25754041199636574
MS,CSF_24,AGCTCCTCAGGATCGA-1,CSF,0.06340548410778037
MS,CSF_24,AGGCCACAGTATCTCG-1,CSF,0.2358539896397876
MS,CSF_24,AGGGTGATCTGATTCT-1,CSF,0.36948200602062004
MS,CSF_24,AGGTCATAGGGAGTAA-1,CSF,0.311028617759907
MS,CSF_24,AGGTCCGCACCAGATT-1,CSF,0.03124437377733602
MS,CSF_24,ATCATCTCAGCCACCA-1,CSF,0.03925586461370093
MS,CSF_24,ATCATGGGTCTGCGGT-1,CSF,-0.06370557439604248
MS,CSF_24,ATTACTCGTAGCTAAA-1,CSF,0.5289627098305518
MS,CSF_24,ATTGGTGCAGTTCCCT-1,CSF,0.5191488819448279
MS,CSF_24,ATTGGTGGTTAGATGA-1,CSF,-0.20763644043349966
MS,CSF_24,ATTTCTGCAATGGATA-1,CSF,-0.10134599645422204
MS,CSF_24,CAAGATCCACTAAGTC-1,CSF,-0.29997119987097626
MS,CSF_24,CACATTTAGAGTAATC-1,CSF,0.10412966888229477
MS,CSF_24,CACCACTGTAAACGCG-1,CSF,0.21321666899563851
MS,CSF_24,CACCACTTCGGAAACG-1,CSF,-0.29997119987097626
MS,CSF_24,CATCGAACATTTCAGG-1,CSF,-0.29997119987097626
MS,CSF_24,CCATTCGTCGTTTAGG-1,CSF,-0.29997119987097626
MS,CSF_24,CCCAATCAGAGCCCAA-1,CSF,-0.29997119987097626
MS,CSF_24,CCCTCCTGTAGCTAAA-1,CSF,-0.09402485137474534
MS,CSF_24,CCTAGCTTCCGCTGTT-1,CSF,-0.0789010928945368
MS,CSF_24,CCTTCGACACCCATTC-1,CSF,0.3117155484223461
MS,CSF_24,CCTTTCTAGGAGTAGA-1,CSF,0.068719502604918
MS,CSF_24,CGAATGTCAGTAACGG-1,CSF,-0.05086936086954116
MS,CSF_24,CGAATGTTCGAATCCA-1,CSF,-0.29997119987097626
MS,CSF_24,CGATCGGCAGCTGTTA-1,CSF,0.0024073768013436986
MS,CSF_24,CGATTGACATGAACCT-1,CSF,-0.013536350891102231
MS,CSF_24,CGCGGTAGTATATGGA-1,CSF,-0.29997119987097626
MS,CSF_24,CGGAGCTCACTGAAGG-1,CSF,0.2907322825967528
MS,CSF_24,CGGAGCTTCGCACTCT-1,CSF,-0.29997119987097626
MS,CSF_24,CTACACCCAACCGCCA-1,CSF,0.5572252652388653
MS,CSF_24,CTACACCCAGTGACAG-1,CSF,-0.29997119987097626
MS,CSF_24,CTCACACAGATATGGT-1,CSF,-0.29997119987097626
MS,CSF_24,CTCGGGACAATAAGCA-1,CSF,-0.02102621578669035
MS,CSF_24,CTCTACGGTAAGCACG-1,CSF,-0.29997119987097626
MS,CSF_24,CTGCTGTGTGTGGCTC-1,CSF,-0.29997119987097626
MS,CSF_24,CTGGTCTCAGCGTAAG-1,CSF,0.15610303454254887
MS,CSF_24,CTTAACTCAGTAAGAT-1,CSF,-0.29997119987097626
MS,CSF_24,GAAATGACAGTGGAGT-1,CSF,0.2278166111874837
MS,CSF_24,GACAGAGTCACCACCT-1,CSF,0.02256105707890204
MS,CSF_24,GACCTGGAGTGAAGTT-1,CSF,-0.29997119987097626
MS,CSF_24,GACGCGTTCTTTAGTC-1,CSF,0.3630306617431235
MS,CSF_24,GACGTTATCTCTGAGA-1,CSF,0.14885958796990642
MS,CSF_24,GACTAACCAAGGTTTC-1,CSF,0.21823433195721523
MS,CSF_24,GATCTAGAGAATTCCC-1,CSF,0.035713402677930835
MS,CSF_24,GATCTAGCAATGGACG-1,CSF,0.22866466305169242
MS,CSF_24,GATGCTAAGATGAGAG-1,CSF,0.4403270371410359
MS,CSF_24,GCACTCTTCGAGGTAG-1,CSF,0.05246037342761841
MS,CSF_24,GCGGGTTTCCGTCATC-1,CSF,0.41890821193376915
MS,CSF_24,GGACATTCACAGTCGC-1,CSF,0.3388175710040558
MS,CSF_24,GGATGTTCAAACTGTC-1,CSF,-0.1910093765052018
MS,CSF_24,GGGAGATTCAAGGTAA-1,CSF,-0.08633894141745437
MS,CSF_24,GGTGAAGTCTGTACGA-1,CSF,0.8113280846307109
MS,CSF_24,GGTGCGTAGACAAGCC-1,CSF,-0.06460281773588347
MS,CSF_24,GTACTTTCACGGATAG-1,CSF,0.02089025115078937
MS,CSF_24,GTATCTTAGAGGTTGC-1,CSF,0.15358285304109745
MS,CSF_24,GTATCTTCACAAGCCC-1,CSF,0.06055938963121529
MS,CSF_24,GTGTGCGTCAGTCAGT-1,CSF,0.09473447895247995
MS,CSF_24,GTGTTAGGTCAACTGT-1,CSF,-0.29997119987097626
MS,CSF_24,GTGTTAGTCTCGCATC-1,CSF,0.3288663965014648
MS,CSF_24,GTTACAGCAAACAACA-1,CSF,-0.20163509813788302
MS,CSF_24,GTTCTCGGTCGCATAT-1,CSF,0.2994344903475122
MS,CSF_24,TAAACCGGTGGTACAG-1-1,CSF,-0.1343198594037463
MS,CSF_24,TAAGAGATCGCGTAGC-1,CSF,0.33635506303243073
MS,CSF_24,TACCTTAAGGTTACCT-1,CSF,0.7196237630858409
MS,CSF_24,TAGCCGGTCGTTGACA-1,CSF,0.25005018314107347
MS,CSF_24,TAGGCATAGAAGGACA-1,CSF,0.4128593921726402
MS,CSF_24,TCACAAGAGCTAGCCC-1-1,CSF,0.1665560426069678
MS,CSF_24,TCCACACCATTGAGCT-1,CSF,0.09126612988650795
MS,CSF_24,TCTCATACAGTCGTGC-1,CSF,0.7864444866958914
MS,CSF_24,TGCCAAAGTGCGATAG-1,CSF,-0.1331491766059058
MS,CSF_24,TGCGGGTGTATCTGCA-1,CSF,-0.29997119987097626
MS,CSF_24,TGCTACCAGCCCAACC-1,CSF,0.17495984354333882
MS,CSF_24,TGGCTGGCATGCTAGT-1,CSF,-0.10093521057665177
MS,CSF_24,TTAGGACTCTTACCTA-1,CSF,0.5904896668520816
MS,CSF_24,TTCTACAGTACATCCA-1,CSF,-0.03997614325294409
MS,CSF_24,TTCTCCTGTCGCGAAA-1,CSF,-0.29997119987097626
MS,CSF_24,TTGGAACAGGCATGGT-1,CSF,0.42451488498249523
MS,CSF_25,AATCGGTTCAGTGCAT-1,CSF,-0.29997119987097626
MS,CSF_25,ACACCCTGTGGTCTCG-1,CSF,0.059046592722990524
MS,CSF_25,ACAGCTAAGTAGGCCA-1,CSF,0.3783283199124841
MS,CSF_25,ACGGAGAGTAGTGAAT-1,CSF,-0.0847251976453702
MS,CSF_25,ACTGAGTTCGTGGGAA-1,CSF,0.220868333017696
MS,CSF_25,AGCGTATAGCAGCCTC-1,CSF,-0.29997119987097626
MS,CSF_25,AGGTCATGTTACGACT-1,CSF,0.34004971253685323
MS,CSF_25,ATAGACCTCGAGAGCA-1,CSF,-0.29997119987097626
MS,CSF_25,ATGTGTGGTTGGTAAA-1,CSF,0.33564457958223876
MS,CSF_25,CAACCAACATATGCTG-1,CSF,-0.29997119987097626
MS,CSF_25,CAAGAAAAGCTGTCTA-1,CSF,-0.026243042723317376
MS,CSF_25,CAGCAGCGTAGCTAAA-1,CSF,0.18676293631899807
MS,CSF_25,CTAGTGAGTCTGCGGT-1,CSF,-0.11412572471475046
MS,CSF_25,CTGAAGTCAGAAGCAC-1,CSF,0.006112831342518483
MS,CSF_25,CTGCGGACATCTCGCT-1,CSF,-0.29997119987097626
MS,CSF_25,CTTTGCGTCCAGATCA-1,CSF,0.1418752616247374
MS,CSF_25,GAAGCAGAGGGATGGG-1,CSF,-0.19117931988509795
MS,CSF_25,GAATAAGTCACAGGCC-1,CSF,-0.06767274714876391
MS,CSF_25,GATCGATAGACTAGGC-1,CSF,0.8723350284777387
MS,CSF_25,GCAATCAGTCAGCTAT-1,CSF,0.1413210941026111
MS,CSF_25,GCATACAAGTTTAGGA-1,CSF,-0.11751864922507184
MS,CSF_25,GCATGTAGTACCGTAT-1,CSF,-0.29997119987097626
MS,CSF_25,GCGCCAAGTCCAGTAT-1,CSF,0.2177136391480456
MS,CSF_25,GGACAAGTCAGCACAT-1,CSF,-0.14120880777808784
MS,CSF_25,GTACGTATCGCATGGC-1,CSF,-0.29997119987097626
MS,CSF_25,GTGTTAGGTGACCAAG-1,CSF,-0.29997119987097626
MS,CSF_25,GTTCGGGCAAGAGGCT-1,CSF,0.5523119242500117
MS,CSF_25,TACAGTGGTGAAAGAG-1,CSF,0.7549242646947081
MS,CSF_25,TACAGTGTCGCATGAT-1,CSF,-0.04273939711470394
MS,CSF_25,TATTACCTCGTGGACC-1,CSF,0.04137471384491672
MS,CSF_25,TCAATCTCACACCGCA-1,CSF,-0.29997119987097626
MS,CSF_25,TCAGCAATCGTTTAGG-1,CSF,0.038390338524953264
MS,CSF_25,TCAGGTACAGGGAGAG-1,CSF,0.20022694036850236
MS,CSF_25,TGCTACCAGTATCGAA-1,CSF,0.23072101132495054
MS,CSF_25,TGTTCCGTCACTCCTG-1,CSF,0.247264744063776
MS,CSF_25,TTCGAAGTCTTGTATC-1,CSF,-0.08567161380325392
MS,CSF_25,TTTACTGCACCTCGTT-1,CSF,-0.29997119987097626
MS,CSF_25,TTTGCGCTCTACCAGA-1,CSF,0.034147163725858985
MS,CSF_25,TTTGTCATCCTCAATT-1,CSF,-0.29997119987097626
MS,CSF_27,AAACCTGAGAGCAATT-1,CSF,0.3661171386535961
MS,CSF_27,AATCGGTTCTAAGCCA-1,CSF,0.344428499082877
MS,CSF_27,ACCAGTATCACCATAG-1,CSF,-0.09009995130919214
MS,CSF_27,ACCTTTACATCGTCGG-1,CSF,-0.29997119987097626
MS,CSF_27,ACGTCAACACGTCTCT-1,CSF,-0.14298251361735062
MS,CSF_27,ACTGAACTCTCGTTTA-1,CSF,0.21829761411494406
MS,CSF_27,AGCGTCGGTTATCACG-1,CSF,-0.10022220660201062
MS,CSF_27,AGGGAGTAGAAGCCCA-1,CSF,0.19301482030837044
MS,CSF_27,AGGTCATTCAGTCAGT-1,CSF,0.21000614948960838
MS,CSF_27,AGGTCCGAGCACAGGT-1,CSF,0.20922885247794992
MS,CSF_27,ATGTGTGGTCCAACTA-1,CSF,-0.06478128941516195
MS,CSF_27,ATTCTACTCGAGAACG-1,CSF,0.14360832996916012
MS,CSF_27,CATCGAACAAGAAAGG-1,CSF,0.22166610093127695
MS,CSF_27,CCACCTAAGAGTGACC-1,CSF,0.21374519217024032
MS,CSF_27,CGATCGGCAAGCGAGT-1,CSF,-0.09080458989547242
MS,CSF_27,CGGGTCACATCACGAT-1,CSF,-0.29997119987097626
MS,CSF_27,CTAATGGCAACAACCT-1,CSF,-0.29997119987097626
MS,CSF_27,CTACACCGTTCAGCGC-1,CSF,0.2959520247218158
MS,CSF_27,CTAGCCTCAGCTCGCA-1,CSF,1.234824037340985
MS,CSF_27,CTCAGAATCTTGTACT-1,CSF,-0.003941298265398828
MS,CSF_27,CTCGGAGCACGCATCG-1,CSF,-0.07531233633902563
MS,CSF_27,CTCTACGGTCCATCCT-1,CSF,0.8006673084229226
MS,CSF_27,CTGATAGCACAAGACG-1,CSF,0.0594469683753878
MS,CSF_27,GAAATGAGTGAAGGCT-1,CSF,0.06411713677324674
MS,CSF_27,GAACATCTCCGTCAAA-1,CSF,0.5364952043198862
MS,CSF_27,GACCTGGGTACGAAAT-1,CSF,-0.1414522401009784
MS,CSF_27,GATCAGTAGGACAGAA-1,CSF,0.28282416563652824
MS,CSF_27,GCGAGAAAGAAACGCC-1,CSF,-0.29997119987097626
MS,CSF_27,GGAATAAAGAGTACCG-1,CSF,-0.14242452155325305
MS,CSF_27,GGGAGATAGACCGGAT-1,CSF,-0.14540612060255403
MS,CSF_27,GTACGTATCCGTCATC-1,CSF,-0.12361298867902927
MS,CSF_27,GTATCTTAGCAGACTG-1,CSF,0.38004138672071036
MS,CSF_27,GTATTCTGTCGCGTGT-1,CSF,-0.29997119987097626
MS,CSF_27,GTTAAGCGTCTTCTCG-1,CSF,0.1036266607340568
MS,CSF_27,GTTACAGCATGCTGGC-1,CSF,-0.29997119987097626
MS,CSF_27,TAAGCGTGTCCCGACA-1,CSF,-0.29997119987097626
MS,CSF_27,TACCTATGTTAGAACA-1,CSF,-0.29997119987097626
MS,CSF_27,TCAATCTGTATAATGG-1,CSF,0.13880828805724157
MS,CSF_27,TCAATCTGTGCAACTT-1,CSF,-0.15623406840058449
MS,CSF_27,TCACGAAGTTGGTGGA-1,CSF,0.12312555533595416
MS,CSF_27,TCGGGACCATTACCTT-1,CSF,0.20412885653179694
MS,CSF_27,TGGCGCAAGGGATGGG-1,CSF,1.129705707766446
MS,CSF_27,TGTTCCGGTTAAAGAC-1,CSF,0.2975573902844225
MS,CSF_27,TTGACTTCATTATCTC-1,CSF,0.05411109597731716
MS,CSF_28,AAATGCCCAGCCTATA-1,CSF,0.04134508254154941
MS,CSF_28,AACACGTGTAAGTAGT-1,CSF,0.9252532078993913
MS,CSF_28,AACCGCGAGATTACCC-1,CSF,0.3045820557046942
MS,CSF_28,AACCGCGTCTCAAGTG-1,CSF,0.878015779077346
MS,CSF_28,AACGTTGCAACTTGAC-1,CSF,0.08937616748661782
MS,CSF_28,AAGTCTGGTACGACCC-1,CSF,0.4361096803178521
MS,CSF_28,ACACCCTAGATGTCGG-1,CSF,-0.29997119987097626
MS,CSF_28,ACACCCTAGTGCCAGA-1,CSF,0.15403216541240528
MS,CSF_28,ACACCCTGTGCAGGTA-1,CSF,0.16900174436697143
MS,CSF_28,ACACCGGAGATGCCTT-1,CSF,0.9402494186285643
MS,CSF_28,ACATGGTCATGCATGT-1,CSF,0.19664146902036156
MS,CSF_28,ACCGTAACAGACGCCT-1-1,CSF,0.08136686266485196
MS,CSF_28,ACGATACCACGGTAGA-1,CSF,0.2523704285945913
MS,CSF_28,ACGCAGCAGCCAGAAC-1,CSF,0.636220513671531
MS,CSF_28,ACGCCGATCAACACAC-1,CSF,-0.10137870022438723
MS,CSF_28,ACGGAGAGTACCGGCT-1,CSF,0.17238835981177072
MS,CSF_28,ACGGCCAAGCAGACTG-1,CSF,1.1968676759074903
MS,CSF_28,ACTGTCCTCATCTGCC-1,CSF,0.14735986507654883
MS,CSF_28,ACTTTCAAGTGTCCAT-1,CSF,0.5124123824548514
MS,CSF_28,AGCCTAAAGTGTCCAT-1,CSF,0.24476522037528267
MS,CSF_28,AGCCTAACAAAGTCAA-1,CSF,-0.29997119987097626
MS,CSF_28,AGCTTGAGTGCACCAC-1,CSF,-0.29997119987097626
MS,CSF_28,AGGCCGTAGGCTACGA-1,CSF,-0.012252872005247304
MS,CSF_28,AGTAGTCGTAGGAGTC-1,CSF,0.06740959757794644
MS,CSF_28,AGTGGGACAAAGGTGC-1,CSF,0.1615719550463969
MS,CSF_28,ATCCACCAGACCACGA-1,CSF,-0.025539608264346973
MS,CSF_28,ATTCTACGTGTCGCTG-1,CSF,0.14054663382397817
MS,CSF_28,CAACCTCGTGATAAAC-1,CSF,0.04464115736118065
MS,CSF_28,CAACCTCGTGCCTGGT-1,CSF,0.13591314330044
MS,CSF_28,CACACTCGTCGCTTTC-1,CSF,-0.29997119987097626
MS,CSF_28,CACATTTCAAATTGCC-1,CSF,0.2767695650836594
MS,CSF_28,CAGAATCGTCGACTAT-1,CSF,-0.29997119987097626
MS,CSF_28,CAGCAGCGTGCTCTTC-1,CSF,-0.29997119987097626
MS,CSF_28,CATCAAGTCCGCATAA-1,CSF,-0.29997119987097626
MS,CSF_28,CATCAGAAGCCCAATT-1,CSF,0.18242389831644487
MS,CSF_28,CATGGCGAGATCCGAG-1,CSF,-0.29997119987097626
MS,CSF_28,CATTATCAGGTAAACT-1,CSF,0.10933992177795868
MS,CSF_28,CCAGCGAAGAGCCCAA-1,CSF,-0.06345741566372992
MS,CSF_28,CCCAGTTAGCGTCTAT-1,CSF,-0.02623117235793046
MS,CSF_28,CCTATTAGTCACCCAG-1,CSF,0.30777500589945894
MS,CSF_28,CCTTCCCGTGTAACGG-1,CSF,-0.12006714648419001
MS,CSF_28,CGAGCACAGGCATTGG-1,CSF,-0.29997119987097626
MS,CSF_28,CGATCGGCAACTGCTA-1,CSF,-0.12582958745565365
MS,CSF_28,CGATGGCCAGGATTGG-1,CSF,-0.29997119987097626
MS,CSF_28,CGCGGTAAGCCACGCT-1,CSF,-0.29997119987097626
MS,CSF_28,CGCTATCCAGACACTT-1,CSF,-0.10872244081048432
MS,CSF_28,CGGAGTCAGTAAGTAC-1,CSF,0.06052106027678101
MS,CSF_28,CGTAGCGTCCGATATG-1,CSF,-0.05536377515366638
MS,CSF_28,CGTCTACAGCCACTAT-1,CSF,0.134939584802972
MS,CSF_28,CGTCTACAGGGCTTCC-1,CSF,-0.29997119987097626
MS,CSF_28,CTAACTTCAGTAGAGC-1,CSF,-0.29997119987097626
MS,CSF_28,CTAAGACAGTGGAGTC-1,CSF,-0.06593941080579621
MS,CSF_28,CTACGTCCATGGGACA-1,CSF,0.526769887435447
MS,CSF_28,CTCGGGATCAGGTAAA-1,CSF,0.4434786932452917
MS,CSF_28,CTCTACGAGGCCCTCA-1,CSF,0.3804291667489531
MS,CSF_28,CTGCCTAAGCCAGAAC-1,CSF,0.9662125994446441
MS,CSF_28,CTGCGGAGTCCAACTA-1,CSF,0.6027207359013339
MS,CSF_28,CTGCGGATCAGTTTGG-1,CSF,0.7946783488055031
MS,CSF_28,CTGGTCTCACACAGAG-1,CSF,-0.29997119987097626
MS,CSF_28,CTGTTTAAGCACGCCT-1,CSF,0.24187140490136522
MS,CSF_28,GAACCTACAAAGCGGT-1,CSF,-0.0931302282322803
MS,CSF_28,GACAGAGTCGCGTTTC-1,CSF,0.14930357975059505
MS,CSF_28,GACTACACAAGACACG-1,CSF,0.06714927865063491
MS,CSF_28,GACTACACAAGACGTG-1,CSF,-0.29997119987097626
MS,CSF_28,GACTGCGTCCAGATCA-1,CSF,0.10110048427427218
MS,CSF_28,GAGCAGAGTGTTGGGA-1,CSF,0.17582368663904804
MS,CSF_28,GATCGTAAGGCAGTCA-1,CSF,0.03965996250134956
MS,CSF_28,GATGAAAGTAGCGCTC-1,CSF,0.15081148843059242
MS,CSF_28,GATGAGGAGATCGATA-1,CSF,-0.030730577944354572
MS,CSF_28,GATTCAGTCGCCAAAT-1,CSF,0.05194379247963304
MS,CSF_28,GCAAACTGTGCCTGCA-1,CSF,0.23081012475085588
MS,CSF_28,GCGCCAATCTGTCAAG-1,CSF,0.23359311000185587
MS,CSF_28,GCGGGTTCATCGGGTC-1,CSF,0.5943781812169104
MS,CSF_28,GCTGCAGTCAGCAACT-1,CSF,-0.10682925972888875
MS,CSF_28,GGAACTTGTCAGAAGC-1,CSF,-0.29997119987097626
MS,CSF_28,GGGACCTGTCACTGGC-1,CSF,0.16135768130112066
MS,CSF_28,GGGAGATTCGTAGGAG-1,CSF,0.1781415063509038
MS,CSF_28,GGGTCTGAGCAGACTG-1,CSF,-0.12498873751857131
MS,CSF_28,GGGTTGCCACCCAGTG-1,CSF,0.22844943765524905
MS,CSF_28,GGGTTGCCATACGCCG-1-1,CSF,1.065314697950593
MS,CSF_28,GTATTCTGTGCTTCTC-1,CSF,-0.29997119987097626
MS,CSF_28,GTCACGGCAGTCGTGC-1,CSF,0.08099221656359523
MS,CSF_28,GTCGTAAGTCCCTTGT-1,CSF,-0.038181040502806664
MS,CSF_28,GTCGTAAGTTACGTCA-1,CSF,0.321915017466688
MS,CSF_28,GTCGTAATCGTCACGG-1,CSF,1.1612561555851388
MS,CSF_28,GTGCAGCAGGACAGCT-1,CSF,0.0787754590491359
MS,CSF_28,GTGGGTCAGATGCGAC-1,CSF,-0.12458475027965892
MS,CSF_28,GTGTTAGCAACGATCT-1,CSF,-0.29997119987097626
MS,CSF_28,GTTAAGCGTGCATCTA-1,CSF,0.36164887412763225
MS,CSF_28,GTTACAGTCCAAGCCG-1,CSF,-0.29997119987097626
MS,CSF_28,GTTCTCGTCAGCGACC-1,CSF,-0.1553855858611317
MS,CSF_28,TAAGTGCGTTGGTGGA-1,CSF,-0.29997119987097626
MS,CSF_28,TACGGTACAGACGCCT-1,CSF,-0.12871410720761758
MS,CSF_28,TACGGTAGTAATCGTC-1,CSF,-0.17398740297348314
MS,CSF_28,TACTCATGTCGGGTCT-1,CSF,0.3355391483060911
MS,CSF_28,TACTTACTCTGCGGCA-1,CSF,0.04033898749972732
MS,CSF_28,TAGACCAAGAGTGACC-1,CSF,0.188485891636523
MS,CSF_28,TATCTCATCGCCTGAG-1,CSF,-0.11371911950837894
MS,CSF_28,TATGCCCTCTTGTTTG-1,CSF,-0.29997119987097626
MS,CSF_28,TCAGCTCCAGCAGTTT-1,CSF,-0.29997119987097626
MS,CSF_28,TCAGGATGTCAACATC-1,CSF,-0.14007929997678928
MS,CSF_28,TCATTACAGGCCCGTT-1,CSF,0.3117677993908402
MS,CSF_28,TCATTTGCATCGATTG-1,CSF,-0.29997119987097626
MS,CSF_28,TCGTAGACACAGTCGC-1,CSF,-0.08310308180377134
MS,CSF_28,TCTATTGGTCAAAGCG-1,CSF,0.07449916091822444
MS,CSF_28,TCTCTAACACGAGGTA-1,CSF,0.6157448202512795
MS,CSF_28,TCTGAGACATTTGCTT-1,CSF,0.15774522514645933
MS,CSF_28,TGACAACGTGACTCAT-1,CSF,-0.01952064156225607
MS,CSF_28,TGCACCTAGGACTGGT-1,CSF,0.36109118258443074
MS,CSF_28,TGCGTGGCATACCATG-1,CSF,-0.29997119987097626
MS,CSF_28,TGGCTGGGTTCCACAA-1,CSF,-0.10089849171790381
MS,CSF_28,TGGGCGTGTGAAATCA-1,CSF,0.29563607254651864
MS,CSF_28,TGTGGTAGTCCTCTTG-1,CSF,-0.0028824765696781212
MS,CSF_28,TTAACTCAGCGGCTTC-1,CSF,-0.010402098945483326
MS,CSF_28,TTCGAAGAGAACAATC-1,CSF,-0.02849883990046408
MS,CSF_28,TTCTCAAAGAAAGTGG-1,CSF,0.16665513145431068
MS,CSF_28,TTCTTAGTCACATACG-1,CSF,-0.11496537918058707
MS,CSF_28,TTGCGTCAGGCTAGAC-1,CSF,-0.29997119987097626
MS,CSF_29,AACCATGAGTGACATA-1,CSF,-0.29997119987097626
MS,CSF_29,ACATGGTCACGACTCG-1,CSF,-0.11380445572090257
MS,CSF_29,ACTTACTTCGAGCCCA-1,CSF,-0.29997119987097626
MS,CSF_29,AGATTGCCATTGGTAC-1,CSF,-0.29997119987097626
MS,CSF_29,AGCTCTCAGGATGGTC-1,CSF,-0.29997119987097626
MS,CSF_29,CACAGGCCACACGCTG-1,CSF,-0.29997119987097626
MS,CSF_29,CATATTCCATGCAACT-1,CSF,-0.29997119987097626
MS,CSF_29,CATCGAATCTGCGACG-1,CSF,0.49347314097327144
MS,CSF_29,CCGGGATTCATAAAGG-1,CSF,-0.062124696217715006
MS,CSF_29,CCTTCCCAGGTGTGGT-1,CSF,0.389400964403061
MS,CSF_29,CGAGCACAGCCCAATT-1,CSF,-0.007585893110267
MS,CSF_29,CGATTGACAGGACCCT-1,CSF,-0.11284774251245255
MS,CSF_29,CGCCAAGCACAAGTAA-1,CSF,-0.29997119987097626
MS,CSF_29,CGGTTAAGTAGATTAG-1,CSF,-0.29997119987097626
MS,CSF_29,CTCGTACCAGTCGATT-1,CSF,-0.29997119987097626
MS,CSF_29,CTCTACGTCCAAACAC-1,CSF,-0.29997119987097626
MS,CSF_29,CTGAAGTAGCTTTGGT-1,CSF,-0.29997119987097626
MS,CSF_29,CTTACCGGTCCAACTA-1,CSF,-0.29997119987097626
MS,CSF_29,GACGCGTGTTGGGACA-1,CSF,-0.29997119987097626
MS,CSF_29,GCTGCAGAGTTTAGGA-1,CSF,-0.29997119987097626
MS,CSF_29,GCTGCAGTCCTTAATC-1,CSF,-0.29997119987097626
MS,CSF_29,GCTGCGAGTGCTTCTC-1,CSF,-0.29997119987097626
MS,CSF_29,GGCAATTAGCCTATGT-1,CSF,0.3490707071520199
MS,CSF_29,GGCAATTTCAGGCCCA-1,CSF,0.06956797775035774
MS,CSF_29,GGCCGATCAAATTGCC-1,CSF,0.49424211926590067
MS,CSF_29,GGTGCGTAGAGGGATA-1,CSF,1.2315727463320294
MS,CSF_29,TACGGGCTCGTCGTTC-1,CSF,-0.059038674444054584
MS,CSF_29,TAGTTGGCACATTTCT-1,CSF,0.09132404113018859
MS,CSF_29,TCACAAGGTCATTAGC-1,CSF,0.05820833832107773
MS,CSF_29,TCATTACAGGTGCAAC-1,CSF,-0.29997119987097626
MS,CSF_29,TCTCTAACAATGAAAC-1,CSF,-0.1833875400306626
MS,CSF_29,TCTTTCCAGCCGTCGT-1,CSF,-0.14017730833742237
MS,CSF_29,TGACTAGAGCTGATAA-1,CSF,-0.29997119987097626
MS,CSF_29,TGCGCAGGTAGCTAAA-1,CSF,-0.29997119987097626
MS,CSF_29,TGCTGCTGTCTCGTTC-1,CSF,-0.29997119987097626
MS,CSF_29,TTGACTTGTAGCTCCG-1,CSF,0.02616416038796508
MS,CSF_29,TTTGTCATCTACCAGA-1,CSF,-0.1021779975600247
MS,CSF_31,AAACCTGTCTGTCTAT-1,CSF,-0.16086318802856928
MS,CSF_31,AAACGGGCATGGTAGG-1,CSF,0.0554279892152005
MS,CSF_31,AAAGATGTCGCCTGTT-1,CSF,0.11411873594739766
MS,CSF_31,AAAGCAACATTTGCTT-1,CSF,-0.1266830340010205
MS,CSF_31,AAAGTAGAGGGTATCG-1,CSF,-0.1099449169025395
MS,CSF_31,AAATGCCGTCCGAAGA-1,CSF,0.2786167376334579
MS,CSF_31,AACACGTCATCTACGA-1,CSF,-0.10044829131112953
MS,CSF_31,AACCATGGTTCATGGT-1,CSF,0.49071994208276054
MS,CSF_31,AACCGCGCAGTCCTTC-1,CSF,0.011464924738988826
MS,CSF_31,AACGTTGTCCAATGGT-1,CSF,0.11274510234363586
MS,CSF_31,AACTCAGGTCGGCATC-1,CSF,-0.13947896955937011
MS,CSF_31,AACTCTTAGGCTACGA-1,CSF,-0.15431702132065167
MS,CSF_31,AACTCTTCATCCAACA-1,CSF,-0.011719137395130166
MS,CSF_31,AACTCTTGTACCGTAT-1,CSF,0.9323021686454295
MS,CSF_31,AACTGGTCATGCAATC-1,CSF,-0.29997119987097626
MS,CSF_31,AACTTTCAGTGTGGCA-1,CSF,0.17173817572298425
MS,CSF_31,AACTTTCTCAACACTG-1,CSF,0.8615098015778376
MS,CSF_31,AAGACCTCACCATCCT-1,CSF,0.09499214956094142
MS,CSF_31,AAGACCTTCCATGCTC-1,CSF,0.02343375357678628
MS,CSF_31,AAGGAGCGTAAACGCG-1,CSF,-0.29997119987097626
MS,CSF_31,AAGGAGCGTGTATGGG-1,CSF,0.4055773923514033
MS,CSF_31,ACACTGAAGTACGACG-1,CSF,0.7128930374911485
MS,CSF_31,ACAGCCGAGCTCCCAG-1,CSF,-0.170329246531999
MS,CSF_31,ACAGCTAAGTTCCACA-1,CSF,0.1643183230108432
MS,CSF_31,ACATACGCATACTCTT-1,CSF,0.1547903361305236
MS,CSF_31,ACCAGTAAGACCACGA-1,CSF,-0.29997119987097626
MS,CSF_31,ACCAGTAAGAGCTTCT-1,CSF,0.11470056958548372
MS,CSF_31,ACCCACTAGGCTAGCA-1,CSF,0.09077547805117424
MS,CSF_31,ACGAGCCAGATGAGAG-1,CSF,0.8279287335983564
MS,CSF_31,ACGAGCCAGTATGACA-1,CSF,0.14766038323459543
MS,CSF_31,ACGAGCCGTTAAAGAC-1,CSF,0.4405592860556688
MS,CSF_31,ACGAGCCTCCTAGGGC-1,CSF,0.2926831571475116
MS,CSF_31,ACGAGGACAATTCCTT-1,CSF,0.5381379700598469
MS,CSF_31,ACGAGGACAGCTTCGG-1,CSF,-0.03474479961022612
MS,CSF_31,ACGATGTTCAGCAACT-1,CSF,0.07245923652919518
MS,CSF_31,ACGCAGCAGAGAACAG-1,CSF,0.18151173604505463
MS,CSF_31,ACGCAGCAGGGATCTG-1,CSF,0.8412497394595653
MS,CSF_31,ACGCCAGAGCATCATC-1,CSF,0.6807415339368058
MS,CSF_31,ACGCCAGAGTCGTACT-1,CSF,0.044044275736982455
MS,CSF_31,ACGCCAGCACTGAAGG-1,CSF,0.0008410932857191458
MS,CSF_31,ACGCCAGCATTGAGCT-1,CSF,-0.12845603806540212
MS,CSF_31,ACGCCAGGTCGGATCC-1,CSF,0.29516179839328477
MS,CSF_31,ACGCCGACACATAACC-1,CSF,-0.13350607165398148
MS,CSF_31,ACGGCCAGTTTGTGTG-1,CSF,-0.29997119987097626
MS,CSF_31,ACGGGCTAGAGACTTA-1,CSF,-0.14991229709935053
MS,CSF_31,ACGGGCTTCAGTTAGC-1,CSF,0.13695430824124658
MS,CSF_31,ACGGGTCGTCCAGTAT-1,CSF,-0.18730992643411884
MS,CSF_31,ACTATCTTCGAGGTAG-1,CSF,-0.06544141492478935
MS,CSF_31,ACTGAACAGCTAACAA-1,CSF,0.16293605158732435
MS,CSF_31,ACTGAACCACATCCGG-1,CSF,-0.029521425116445642
MS,CSF_31,ACTGATGCAGTGACAG-1,CSF,-0.29997119987097626
MS,CSF_31,ACTGCTCGTGTTAAGA-1,CSF,0.42192129190932376
MS,CSF_31,ACTGCTCTCAATCTCT-1,CSF,0.011882056144974966
MS,CSF_31,ACTTACTAGATATACG-1,CSF,0.09511911547052805
MS,CSF_31,ACTTACTTCAGAGCTT-1,CSF,0.4982626026344489
MS,CSF_31,AGAATAGGTGCCTGGT-1,CSF,0.4768552144867218
MS,CSF_31,AGACGTTGTAGAGTGC-1,CSF,-0.29997119987097626
MS,CSF_31,AGAGCTTGTGCGCTTG-1,CSF,-0.29997119987097626
MS,CSF_31,AGCAGCCAGGAGTTTA-1,CSF,-0.18358263640584363
MS,CSF_31,AGCAGCCCAGCTGTTA-1,CSF,0.12782152595593727
MS,CSF_31,AGCGTATGTAGCTAAA-1,CSF,0.23523145843580262
MS,CSF_31,AGCGTCGCAAGCCGCT-1,CSF,0.22652592713084574
MS,CSF_31,AGCTCTCAGTTGTAGA-1,CSF,-0.02641263885488946
MS,CSF_31,AGCTCTCCAAAGCAAT-1,CSF,0.527582227193632
MS,CSF_31,AGGCCACGTTCCACAA-1,CSF,0.36775385054792376
MS,CSF_31,AGGCCACTCTTCTGGC-1,CSF,0.7962621422416004
MS,CSF_31,AGGGATGCAACTGGCC-1,CSF,-0.29997119987097626
MS,CSF_31,AGGGATGCAGCTATTG-1,CSF,-0.29997119987097626
MS,CSF_31,AGGTCCGGTAGCGATG-1,CSF,0.003125600311367327
MS,CSF_31,AGGTCCGGTTGTGGAG-1,CSF,0.2683681814501376
MS,CSF_31,AGGTCCGTCTTGAGGT-1,CSF,-0.033857077349802
MS,CSF_31,AGTGAGGGTGCACTTA-1,CSF,0.3869088810128948
MS,CSF_31,AGTTGGTCACCGAATT-1,CSF,-0.15403519374879296
MS,CSF_31,ATAACGCCAGCATACT-1,CSF,0.14430223357845098
MS,CSF_31,ATCACGAGTGATGATA-1,CSF,0.4010499626965001
MS,CSF_31,ATCATCTAGCGATAGC-1,CSF,0.513276067920489
MS,CSF_31,ATCATCTAGGGAACGG-1,CSF,-0.07112277438199088
MS,CSF_31,ATCATCTGTGGTTTCA-1,CSF,-0.046759290983595284
MS,CSF_31,ATCATGGCACCTTGTC-1,CSF,0.08989700683210768
MS,CSF_31,ATCATGGGTTACGTCA-1,CSF,0.2710252498289993
MS,CSF_31,ATCCACCCAATGAAAC-1,CSF,-0.29997119987097626
MS,CSF_31,ATCCACCGTTCAGCGC-1,CSF,-0.1491737068350034
MS,CSF_31,ATCCGAACAAGGACTG-1,CSF,0.22250315268695672
MS,CSF_31,ATCGAGTAGTAAGTAC-1,CSF,0.08672030908029747
MS,CSF_31,ATGAGGGAGCTTATCG-1,CSF,-0.11559809156330458
MS,CSF_31,ATGGGAGGTACAAGTA-1,CSF,-0.29997119987097626
MS,CSF_31,ATTACTCAGGCACATG-1,CSF,0.02633152344316649
MS,CSF_31,ATTACTCAGGCGACAT-1,CSF,-0.0774068283698316
MS,CSF_31,ATTATCCTCCTTTCTC-1,CSF,0.30897554790763343
MS,CSF_31,ATTCTACAGGATGCGT-1,CSF,0.46110724027263317
MS,CSF_31,ATTTCTGGTAAATACG-1,CSF,-0.11586234488501933
MS,CSF_31,ATTTCTGGTTATCACG-1,CSF,-0.1757932416230581
MS,CSF_31,CAACCTCCACGGCGTT-1,CSF,0.15192110399916395
MS,CSF_31,CAACCTCTCGGCGCTA-1,CSF,-0.14291258908408694
MS,CSF_31,CAACTAGGTAATTGGA-1,CSF,-0.11330418324166976
MS,CSF_31,CAAGATCTCCCTGACT-1,CSF,0.09215980240303501
MS,CSF_31,CAAGGCCGTCACCCAG-1,CSF,-0.13821420074916205
MS,CSF_31,CAAGTTGAGGATGCGT-1,CSF,-0.080385157776284
MS,CSF_31,CACACAACATGCTAGT-1,CSF,-0.29997119987097626
MS,CSF_31,CACACTCAGCCCAATT-1,CSF,0.16368401775438504
MS,CSF_31,CACACTCGTGCTCTTC-1,CSF,-0.14458805491217613
MS,CSF_31,CACAGGCAGTGGTAAT-1,CSF,-0.11597337376600307
MS,CSF_31,CACATTTTCGGAGCAA-1,CSF,0.06672376229878438
MS,CSF_31,CACATTTTCTAAGCCA-1,CSF,0.6279839500591841
MS,CSF_31,CACATTTTCTATCGCC-1,CSF,-0.29997119987097626
MS,CSF_31,CACCACTGTCGCGAAA-1,CSF,0.831712715895671
MS,CSF_31,CACCAGGTCACTTATC-1,CSF,0.16924204283962133
MS,CSF_31,CACCTTGGTAACGTTC-1,CSF,0.11241534476318152
MS,CSF_31,CACTCCAAGTGCAAGC-1,CSF,-0.29997119987097626
MS,CSF_31,CAGATCAGTCTAGGTT-1,CSF,-0.29997119987097626
MS,CSF_31,CAGATCATCGGACAAG-1,CSF,0.3212746539187159
MS,CSF_31,CAGCATAAGTCGTACT-1,CSF,-0.14036543950938432
MS,CSF_31,CAGGTGCCAACACCCG-1,CSF,0.4448752432714479
MS,CSF_31,CATATGGAGACTAGGC-1,CSF,-0.29997119987097626
MS,CSF_31,CATATGGTCGTTTAGG-1,CSF,0.1559798519486495
MS,CSF_31,CATCAAGAGCTAAACA-1,CSF,0.11858840832362724
MS,CSF_31,CATCAAGGTGCTAGCC-1,CSF,-0.1697345464684737
MS,CSF_31,CATCAGAAGTTAGGTA-1,CSF,-0.29997119987097626
MS,CSF_31,CATCAGATCACCCTCA-1,CSF,0.020179340927158323
MS,CSF_31,CATCAGATCTTTCCTC-1,CSF,0.695836602625235
MS,CSF_31,CATCGAAGTCTAGCGC-1,CSF,0.1511391014907759
MS,CSF_31,CATCGAATCATGTCTT-1,CSF,0.747022712647044
MS,CSF_31,CATGACATCCTCAACC-1,CSF,-0.11387590840579084
MS,CSF_31,CATGCCTAGGTAAACT-1,CSF,0.7240949087208588
MS,CSF_31,CATGGCGCAAGCTGTT-1,CSF,-0.06760223986083239
MS,CSF_31,CATTATCAGTCCGTAT-1,CSF,0.08512226472314781
MS,CSF_31,CATTCGCAGCTAACTC-1,CSF,0.6117137655770117
MS,CSF_31,CATTCGCAGTGCAAGC-1,CSF,0.18351122113178214
MS,CSF_31,CCACCTATCCACTCCA-1,CSF,-0.29997119987097626
MS,CSF_31,CCACTACAGCGGATCA-1,CSF,-0.29997119987097626
MS,CSF_31,CCAGCGACAAACGCGA-1,CSF,0.1297967187664266
MS,CSF_31,CCATGTCGTATCGCAT-1,CSF,-0.29997119987097626
MS,CSF_31,CCATGTCTCGTGGACC-1,CSF,-0.0640608061968144
MS,CSF_31,CCCAGTTCACTTACGA-1,CSF,-0.005937756749073804
MS,CSF_31,CCCAGTTGTTGAGGTG-1,CSF,-0.29997119987097626
MS,CSF_31,CCGGTAGCACGGATAG-1,CSF,-0.29997119987097626
MS,CSF_31,CCGTACTCACTGTGTA-1,CSF,0.06987578415111152
MS,CSF_31,CCGTGGACAGCATACT-1,CSF,-0.10816464799159438
MS,CSF_31,CCGTGGAGTCGGCACT-1,CSF,-0.29997119987097626
MS,CSF_31,CCGTTCAAGAGTGACC-1,CSF,0.2893907524782308
MS,CSF_31,CCTACACCAGTGACAG-1,CSF,0.7472724355968536
MS,CSF_31,CCTAGCTAGCGCTTAT-1,CSF,0.3254643196705121
MS,CSF_31,CCTATTACATACTACG-1,CSF,-0.29997119987097626
MS,CSF_31,CCTATTAGTACTTCTT-1,CSF,0.36628931589998187
MS,CSF_31,CCTCAGTGTCGGGTCT-1,CSF,0.060579862937386056
MS,CSF_31,CCTTACGCATCCCACT-1,CSF,0.18423775228087344
MS,CSF_31,CGAATGTCAGTGGAGT-1,CSF,0.08782429354814918
MS,CSF_31,CGAATGTTCGCGGATC-1,CSF,-0.29997119987097626
MS,CSF_31,CGACCTTCAATCAGAA-1,CSF,0.4451469030691779
MS,CSF_31,CGAGAAGGTATAATGG-1,CSF,0.4290884861014499
MS,CSF_31,CGAGCACCAGCTGGCT-1,CSF,-0.29997119987097626
MS,CSF_31,CGAGCCAGTCTACCTC-1,CSF,0.10713042868712917
MS,CSF_31,CGAGCCAGTGAGGCTA-1,CSF,-0.29997119987097626
MS,CSF_31,CGATGGCTCGTTTAGG-1,CSF,0.0354872987885575
MS,CSF_31,CGCCAAGGTACACCGC-1,CSF,-0.19951426261339003
MS,CSF_31,CGCTATCTCAGCCTAA-1,CSF,0.2721141314809897
MS,CSF_31,CGCTGGAAGGTGTTAA-1,CSF,0.5280990480812814
MS,CSF_31,CGCTGGAGTTAAGAAC-1,CSF,-0.13153786889156321
MS,CSF_31,CGGACTGAGATCTGCT-1,CSF,-0.12032583708552089
MS,CSF_31,CGGACTGAGGGATACC-1,CSF,0.2059936646520615
MS,CSF_31,CGGCTAGCATGAGCGA-1,CSF,0.7447275770922769
MS,CSF_31,CGGGTCAAGCGTTGCC-1,CSF,0.31238394287771704
MS,CSF_31,CGGGTCAGTTCACGGC-1,CSF,-0.0002096751664596124
MS,CSF_31,CGGTTAAAGGACGAAA-1,CSF,0.4937788234799561
MS,CSF_31,CGTAGCGGTGACGGTA-1,CSF,0.4492408707763286
MS,CSF_31,CGTAGGCGTACCATCA-1,CSF,0.050185905752276376
MS,CSF_31,CGTCACTAGATATGGT-1,CSF,-0.10219086300119781
MS,CSF_31,CGTCACTTCTTGAGGT-1,CSF,0.4570549491335174
MS,CSF_31,CGTCAGGCAGGCTGAA-1,CSF,-0.29997119987097626
MS,CSF_31,CGTCAGGGTTGGACCC-1,CSF,-0.29997119987097626
MS,CSF_31,CGTGAGCAGACGCACA-1,CSF,-0.29997119987097626
MS,CSF_31,CGTGAGCCACGGTAAG-1,CSF,0.2848292481022559
MS,CSF_31,CGTGAGCGTTCGAATC-1,CSF,0.9967745195132424
MS,CSF_31,CGTGTAACAGAGCCAA-1,CSF,-0.1512652295100382
MS,CSF_31,CGTTAGAGTGCACTTA-1,CSF,0.06000324926238051
MS,CSF_31,CTAAGACTCTACTCAT-1,CSF,-0.29997119987097626
MS,CSF_31,CTAATGGGTAGAAAGG-1,CSF,0.11645517236875665
MS,CSF_31,CTACCCAAGGGAAACA-1,CSF,-0.05575666991146293
MS,CSF_31,CTAGAGTAGCCTCGTG-1,CSF,0.3795524604265844
MS,CSF_31,CTAGCCTCATGTCTCC-1,CSF,1.0515344406993923
MS,CSF_31,CTAGCCTGTTCAGACT-1,CSF,-0.29997119987097626
MS,CSF_31,CTCACACCAAGCCATT-1,CSF,-0.29997119987097626
MS,CSF_31,CTCACACTCCAGAGGA-1,CSF,0.08165952815593285
MS,CSF_31,CTCAGAAAGATCACGG-1,CSF,0.09095615933007516
MS,CSF_31,CTCATTACAGCTCGCA-1,CSF,-0.1391042173713016
MS,CSF_31,CTCATTACATGGTTGT-1,CSF,0.004334430849139093
MS,CSF_31,CTCATTAGTGATAAAC-1,CSF,-0.01553772234905737
MS,CSF_31,CTCATTATCACAATGC-1,CSF,-0.29997119987097626
MS,CSF_31,CTCCTAGAGAAGGCCT-1,CSF,-0.29997119987097626
MS,CSF_31,CTCGAAAGTACATCCA-1,CSF,-0.09533695301613143
MS,CSF_31,CTCGAGGCAGCCTATA-1,CSF,0.20651775824544724
MS,CSF_31,CTCGTACTCAAACCGT-1,CSF,-0.10867189112928008
MS,CSF_31,CTCGTACTCACTCTTA-1,CSF,0.7039169602357438
MS,CSF_31,CTCTACGCATACCATG-1,CSF,-0.29997119987097626
MS,CSF_31,CTGAAACAGCGATTCT-1,CSF,0.19408028834239702
MS,CSF_31,CTGATAGAGGGTCTCC-1,CSF,0.572720156110974
MS,CSF_31,CTGATAGGTACAGTGG-1,CSF,0.4017775041005807
MS,CSF_31,CTGCCTATCGAATCCA-1,CSF,0.21319902683199585
MS,CSF_31,CTGCGGATCCAAACTG-1,CSF,0.16948847754896182
MS,CSF_31,CTGGTCTAGTGCAAGC-1,CSF,0.7816556474685549
MS,CSF_31,CTTAGGATCACGATGT-1,CSF,-0.10961796817829417
MS,CSF_31,CTTCTCTGTGCAGTAG-1,CSF,0.2127163956591361
MS,CSF_31,CTTCTCTTCCTGCAGG-1,CSF,0.0021700038927503335
MS,CSF_31,CTTGGCTTCCTTTCGG-1,CSF,0.08305304897894006
MS,CSF_31,GAAACTCAGCTGGAAC-1,CSF,0.07053267977820284
MS,CSF_31,GAACATCGTTCTGAAC-1,CSF,0.2330842884151148
MS,CSF_31,GAACGGATCGCGGATC-1,CSF,-0.09179666899581022
MS,CSF_31,GAACGGATCTATGTGG-1,CSF,0.11218756245957537
MS,CSF_31,GACACGCCACGGATAG-1,CSF,-0.07858197568228552
MS,CSF_31,GACACGCGTGGTACAG-1,CSF,0.13794230950629396
MS,CSF_31,GACACGCGTTACGCGC-1,CSF,-0.29997119987097626
MS,CSF_31,GACAGAGAGAGCTTCT-1,CSF,-0.10527734442460315
MS,CSF_31,GACCAATCACGCGAAA-1,CSF,0.09936165112930286
MS,CSF_31,GACGCGTCAGGAACGT-1,CSF,-0.29997119987097626
MS,CSF_31,GACGGCTTCAAGATCC-1,CSF,-0.1714229269172469
MS,CSF_31,GACGTGCCAACTGGCC-1,CSF,-0.05325008041601008
MS,CSF_31,GACGTGCCATCACAAC-1,CSF,-0.10843560975365348
MS,CSF_31,GACGTGCTCCACGTGG-1,CSF,0.13848568655078372
MS,CSF_31,GACGTTAAGGCTAGGT-1,CSF,-0.29997119987097626
MS,CSF_31,GACGTTATCCGTAGTA-1,CSF,0.30698908874469816
MS,CSF_31,GACTAACCACGTTGGC-1,CSF,-0.29997119987097626
MS,CSF_31,GACTAACTCTGTTTGT-1,CSF,0.771886616293134
MS,CSF_31,GACTAACTCTTTACAC-1,CSF,0.34825143021248817
MS,CSF_31,GACTACAGTTTCGCTC-1,CSF,-0.11387148168739818
MS,CSF_31,GAGCAGACACAACGTT-1,CSF,0.22069572762502668
MS,CSF_31,GAGCAGACATTAGGCT-1,CSF,-0.043670974504113357
MS,CSF_31,GAGTCCGTCAGAGGTG-1,CSF,0.0807146706322206
MS,CSF_31,GATCGCGCAATGGAAT-1,CSF,0.2863549159941067
MS,CSF_31,GATCGCGTCACCTTAT-1,CSF,-0.02700362787226468
MS,CSF_31,GATGAAAAGGCAGGTT-1,CSF,-0.29997119987097626
MS,CSF_31,GATGAAACAAGCGAGT-1,CSF,0.31353025772928694
MS,CSF_31,GATGAAAGTTATTCTC-1,CSF,0.22503643181019542
MS,CSF_31,GATGCTAGTTATGCGT-1,CSF,0.763415257663117
MS,CSF_31,GATTCAGAGCTAGTGG-1,CSF,-0.08811264545747075
MS,CSF_31,GCAATCACAGGCTGAA-1,CSF,0.15077125861019658
MS,CSF_31,GCAATCACAGTACACT-1,CSF,-0.054258598483878095
MS,CSF_31,GCAATCATCGGTTAAC-1,CSF,0.14376863744799806
MS,CSF_31,GCAATCATCTGATACG-1,CSF,0.03357753689100218
MS,CSF_31,GCACATACATCGATTG-1,CSF,-0.29997119987097626
MS,CSF_31,GCACATAGTCGATTGT-1,CSF,0.30590867033574887
MS,CSF_31,GCAGCCATCCACGTGG-1,CSF,0.296034032057737
MS,CSF_31,GCATACAAGGTCATCT-1,CSF,0.43313036288343393
MS,CSF_31,GCATGATTCTTCGAGA-1,CSF,0.1610160831913366
MS,CSF_31,GCATGCGAGAACAACT-1,CSF,0.13282949143537642
MS,CSF_31,GCATGCGCACAAGCCC-1,CSF,0.23573715445478263
MS,CSF_31,GCATGTACAGGGATTG-1,CSF,0.9009291156890908
MS,CSF_31,GCATGTAGTCACTGGC-1,CSF,0.3245602877199097
MS,CSF_31,GCATGTATCTGATACG-1,CSF,0.7276584520905447
MS,CSF_31,GCCAAATCATACTACG-1,CSF,0.4524590011517204
MS,CSF_31,GCCAAATCATCAGTAC-1,CSF,-0.10247161467422103
MS,CSF_31,GCCAAATGTTTGGCGC-1,CSF,0.24106635131675994
MS,CSF_31,GCCAAATTCTGGTGTA-1,CSF,0.8143463086958909
MS,CSF_31,GCCTCTAGTATGGTTC-1,CSF,0.7226307112957874
MS,CSF_31,GCCTCTAGTTTGTGTG-1,CSF,-0.16346799168111462
MS,CSF_31,GCGCAGTAGCTAACTC-1,CSF,0.2842586634675257
MS,CSF_31,GCGCAGTTCAGAGGTG-1,CSF,0.10467058620820592
MS,CSF_31,GCGCCAAGTAGCGTAG-1,CSF,-0.0010032029245880297
MS,CSF_31,GCTGCTTCAGACGCCT-1,CSF,-0.06511505182436506
MS,CSF_31,GCTGGGTCATGCTAGT-1,CSF,-0.1449286001617229
MS,CSF_31,GCTGGGTTCTCTGTCG-1,CSF,0.06682490648117397
MS,CSF_31,GCTTGAACATCTACGA-1,CSF,0.08247958344830977
MS,CSF_31,GCTTGAAGTAGCCTCG-1,CSF,-0.29997119987097626
MS,CSF_31,GGAATAATCAAGAAGT-1,CSF,-0.08840986251807872
MS,CSF_31,GGACAAGAGGCAGGTT-1,CSF,0.24351024009631264
MS,CSF_31,GGACAAGGTCAAAGCG-1,CSF,-0.29997119987097626
MS,CSF_31,GGACAGACAAGGGTCA-1,CSF,-0.024901475147154177
MS,CSF_31,GGACAGACAGAGTGTG-1,CSF,0.5075330596887832
MS,CSF_31,GGATGTTAGATGCCAG-1,CSF,-0.1641743099098328
MS,CSF_31,GGATGTTGTTCCACAA-1,CSF,-0.1950815255560616
MS,CSF_31,GGATTACTCCGCGGTA-1,CSF,-0.29997119987097626
MS,CSF_31,GGCCGATAGATTACCC-1,CSF,0.09040276629989653
MS,CSF_31,GGCCGATTCCGAATGT-1,CSF,-0.029919723321362453
MS,CSF_31,GGCGACTAGGCTAGCA-1,CSF,-0.29997119987097626
MS,CSF_31,GGCGTGTCAATGAATG-1,CSF,0.03598567466243747
MS,CSF_31,GGCGTGTCATGATCCA-1,CSF,0.1376677062663767
MS,CSF_31,GGCGTGTGTCGACTAT-1,CSF,0.03225396787766943
MS,CSF_31,GGCTGGTGTGCGAAAC-1,CSF,-0.29997119987097626
MS,CSF_31,GGGAATGAGATCTGCT-1,CSF,-0.29997119987097626
MS,CSF_31,GGGACCTGTACTTAGC-1,CSF,0.5548775116235093
MS,CSF_31,GGGAGATCACCGAAAG-1,CSF,0.39297088265918884
MS,CSF_31,GGGCACTCACGGACAA-1,CSF,-0.19121923924846027
MS,CSF_31,GGGCATCTCCTTGCCA-1,CSF,0.32114410901439444
MS,CSF_31,GGGTCTGAGTAATCCC-1,CSF,-0.07580811989625899
MS,CSF_31,GGGTCTGGTACACCGC-1,CSF,0.8979553040635923
MS,CSF_31,GGGTCTGGTATTCGTG-1,CSF,-0.0054996153896644095
MS,CSF_31,GTAACGTTCGATCCCT-1,CSF,0.11494067347983415
MS,CSF_31,GTAACTGGTCCTAGCG-1,CSF,0.8491207746115689
MS,CSF_31,GTACGTACACTTACGA-1,CSF,-0.29997119987097626
MS,CSF_31,GTACTCCAGAAAGTGG-1,CSF,0.0162831163817801
MS,CSF_31,GTAGGCCTCATGCTCC-1,CSF,-0.13995788637909096
MS,CSF_31,GTAGTCAGTCTCCCTA-1,CSF,-0.29997119987097626
MS,CSF_31,GTATTCTTCCTACAGA-1,CSF,0.2975358173822262
MS,CSF_31,GTCACAAAGCGGCTTC-1,CSF,0.10104543618279396
MS,CSF_31,GTCACAAAGGCGACAT-1,CSF,0.18020955787441784
MS,CSF_31,GTCCTCACATTATCTC-1,CSF,-0.10412042398025902
MS,CSF_31,GTCGGGTGTGTTAAGA-1,CSF,-0.0625011742169183
MS,CSF_31,GTCGGGTTCCACGACG-1,CSF,0.03289069681228983
MS,CSF_31,GTCTCGTAGTTATCGC-1,CSF,-0.29997119987097626
MS,CSF_31,GTCTCGTGTTGATTCG-1,CSF,-0.12269651199361953
MS,CSF_31,GTGAAGGCAATGGAGC-1,CSF,0.703273408169313
MS,CSF_31,GTGAAGGGTAAGTGTA-1,CSF,0.19290036337417035
MS,CSF_31,GTGCAGCAGCGTCAAG-1,CSF,0.02820468824134117
MS,CSF_31,GTGCAGCTCCAGTATG-1,CSF,-0.03135948901104778
MS,CSF_31,GTGCATAAGCGAAGGG-1,CSF,0.28923818261280976
MS,CSF_31,GTGCGGTCATTAACCG-1,CSF,0.921710691564195
MS,CSF_31,GTGCGGTGTAGCTCCG-1,CSF,0.28381433748132545
MS,CSF_31,GTGGGTCAGAGCTGGT-1,CSF,-0.29997119987097626
MS,CSF_31,GTTAAGCCACACAGAG-1,CSF,-0.29997119987097626
MS,CSF_31,GTTACAGCAAGTCATC-1,CSF,0.10137149932128556
MS,CSF_31,GTTACAGTCTTAGAGC-1,CSF,-0.1946741394283133
MS,CSF_31,GTTCATTAGTACTTGC-1,CSF,0.6933913529492042
MS,CSF_31,GTTCGGGGTAGAAAGG-1,CSF,0.007238326452882716
MS,CSF_31,GTTTCTACATTATCTC-1,CSF,-0.29997119987097626
MS,CSF_31,TAAACCGGTCCTCCAT-1,CSF,-0.29997119987097626
MS,CSF_31,TAAGTGCAGGCCCGTT-1,CSF,-0.29997119987097626
MS,CSF_31,TACACGAAGCCAGTTT-1,CSF,0.2277738915500536
MS,CSF_31,TACACGAAGTTAAGTG-1,CSF,0.17775310687893667
MS,CSF_31,TACACGATCTAACGGT-1,CSF,0.28601035199248714
MS,CSF_31,TACAGTGAGAAGGGTA-1,CSF,-0.20010351273447152
MS,CSF_31,TACCTATAGGATATAC-1,CSF,-0.29997119987097626
MS,CSF_31,TACGGGCAGCAGACTG-1,CSF,0.17007529223510695
MS,CSF_31,TACGGTAGTGACTACT-1,CSF,-0.09850792289145735
MS,CSF_31,TACTCGCTCAGTACGT-1,CSF,0.9982199254221188
MS,CSF_31,TAGACCATCTTACCTA-1,CSF,0.7573012031253318
MS,CSF_31,TAGCCGGAGCGGCTTC-1,CSF,-0.08812402597908098
MS,CSF_31,TAGCCGGAGGCAAAGA-1,CSF,0.2581364454590648
MS,CSF_31,TAGTGGTAGTGGGATC-1,CSF,0.32481454354891764
MS,CSF_31,TAGTTGGCAATGACCT-1,CSF,-0.18028790877903786
MS,CSF_31,TATCAGGAGATAGGAG-1,CSF,-0.011234822021871331
MS,CSF_31,TATCAGGAGCAGCGTA-1,CSF,0.21437432020188218
MS,CSF_31,TATCTCAAGACAGGCT-1,CSF,0.8869021683377415
MS,CSF_31,TATCTCAGTAGGGTAC-1,CSF,-0.29997119987097626
MS,CSF_31,TATTACCAGATATGGT-1,CSF,-0.29997119987097626
MS,CSF_31,TATTACCCATTACCTT-1,CSF,-0.18954111406772642
MS,CSF_31,TCAACGAGTACTTGAC-1,CSF,0.5468142953159221
MS,CSF_31,TCACAAGTCCTGCCAT-1,CSF,0.19680744525212251
MS,CSF_31,TCAGGATAGGTGTGGT-1,CSF,0.31546383653047416
MS,CSF_31,TCAGGATCAATGAATG-1,CSF,0.2982361023102042
MS,CSF_31,TCAGGTAGTGATGCCC-1,CSF,0.21930760978676653
MS,CSF_31,TCATTTGCATTCGACA-1,CSF,0.060106615890363715
MS,CSF_31,TCCCGATAGTGCAAGC-1,CSF,0.656918798317965
MS,CSF_31,TCGCGTTCAAGCGAGT-1,CSF,0.04325641784449848
MS,CSF_31,TCGCGTTCAAGCTGTT-1,CSF,-0.29997119987097626
MS,CSF_31,TCGGGACCAGCTGCTG-1,CSF,0.8414080843624169
MS,CSF_31,TCGGGACTCCTTCAAT-1,CSF,-0.1135639930499445
MS,CSF_31,TCGGTAAGTAGAGCTG-1,CSF,0.20590401605279335
MS,CSF_31,TCTCATATCACGACTA-1,CSF,0.2555765477574729
MS,CSF_31,TCTCTAAAGACACGAC-1,CSF,-0.12032844680545567
MS,CSF_31,TCTGAGATCACCATAG-1,CSF,0.1542746244284649
MS,CSF_31,TCTTCGGAGAGAACAG-1,CSF,0.31788907858559906
MS,CSF_31,TCTTTCCAGGCAGGTT-1,CSF,0.28456834313470575
MS,CSF_31,TGAAAGATCTGCGACG-1,CSF,0.39066960279225926
MS,CSF_31,TGACTAGGTTATGTGC-1,CSF,0.5628928874312614
MS,CSF_31,TGACTTTAGACCTTTG-1,CSF,-0.16666036312134297
MS,CSF_31,TGACTTTTCGTCCGTT-1,CSF,-0.014443703990317108
MS,CSF_31,TGAGCATCATTACCTT-1,CSF,0.21438626874369363
MS,CSF_31,TGAGCCGAGTGGGTTG-1,CSF,0.12597527008879977
MS,CSF_31,TGATTTCTCAATCACG-1,CSF,0.6945371700422536
MS,CSF_31,TGCACCTTCATGTGGT-1,CSF,0.04888526799206445
MS,CSF_31,TGCCAAATCATCTGTT-1,CSF,0.21411762385702873
MS,CSF_31,TGCCAAATCGGTCCGA-1,CSF,-0.11431541080006047
MS,CSF_31,TGCCCTAGTGCACTTA-1,CSF,-0.11648061072431826
MS,CSF_31,TGCCCTAGTTGGAGGT-1,CSF,0.6777585650333054
MS,CSF_31,TGCGCAGAGGCTAGCA-1,CSF,0.20434758736278105
MS,CSF_31,TGCGCAGTCGTCCGTT-1,CSF,-0.16925429519626758
MS,CSF_31,TGCTGCTAGCTGAAAT-1,CSF,-0.031241670563716944
MS,CSF_31,TGCTGCTCAGCTCCGA-1,CSF,-0.29997119987097626
MS,CSF_31,TGGCCAGTCAGTTGAC-1,CSF,0.4304488366353568
MS,CSF_31,TGGGAAGGTGGAAAGA-1,CSF,-0.29997119987097626
MS,CSF_31,TGGGCGTCATGGAATA-1,CSF,-0.08346177653896655
MS,CSF_31,TGGTTCCGTTATGTGC-1,CSF,-0.29997119987097626
MS,CSF_31,TGTATTCAGGGTTCCC-1,CSF,-0.29997119987097626
MS,CSF_31,TGTATTCGTGGGTCAA-1,CSF,0.11364141524530659
MS,CSF_31,TGTCCCAAGCGACGTA-1,CSF,0.33415094026719894
MS,CSF_31,TGTCCCACAAGTTCTG-1,CSF,-0.008985304036366814
MS,CSF_31,TGTCCCATCTGTCTCG-1,CSF,0.2062242073189588
MS,CSF_31,TGTGGTATCGGCGGTT-1,CSF,0.2548248929703129
MS,CSF_31,TGTGTTTAGTCATCCA-1,CSF,0.3700400372595819
MS,CSF_31,TGTTCCGGTAGGCATG-1,CSF,-0.09034299270702587
MS,CSF_31,TTAACTCAGGACAGCT-1,CSF,-0.29997119987097626
MS,CSF_31,TTAGGACCAAGCGTAG-1,CSF,0.08547975209997065
MS,CSF_31,TTAGGACCACAACGTT-1,CSF,-0.29997119987097626
MS,CSF_31,TTAGGCAAGATGTGTA-1,CSF,1.3601816307071373
MS,CSF_31,TTAGGCACACGCATCG-1,CSF,0.1591884214646889
MS,CSF_31,TTAGGCAGTGCGATAG-1,CSF,0.40718311447748284
MS,CSF_31,TTAGTTCGTCACACGC-1,CSF,-0.1987243491276208
MS,CSF_31,TTCCCAGTCATTGCGA-1,CSF,-0.29997119987097626
MS,CSF_31,TTCCCAGTCGGCGCTA-1,CSF,0.2952549108138559
MS,CSF_31,TTCTCAAAGATTACCC-1,CSF,0.19747514058758525
MS,CSF_31,TTCTTAGAGACACGAC-1,CSF,0.41251129835643585
MS,CSF_31,TTCTTAGCATACTCTT-1,CSF,0.37160741864611696
MS,CSF_31,TTGAACGTCTATCCCG-1,CSF,-0.29997119987097626
MS,CSF_31,TTGAACGTCTGCCCTA-1,CSF,0.029370667100777754
MS,CSF_31,TTGCCGTGTAAAGGAG-1,CSF,-0.29997119987097626
MS,CSF_31,TTGCCGTGTAACGCGA-1,CSF,-0.05762936542661585
MS,CSF_31,TTGCCGTGTCTAGTGT-1,CSF,-0.14963458444084493
MS,CSF_31,TTGCGTCGTAATCACC-1,CSF,0.09117946866157299
MS,CSF_31,TTGGCAAAGGGATACC-1,CSF,0.2074792125846228
MS,CSF_31,TTTATGCGTCTCAACA-1,CSF,-0.005449053964580127
MS,CSF_31,TTTCCTCCAGGTGCCT-1,CSF,0.011063823587288777
MS,CSF_31,TTTCCTCGTCTTGCGG-1,CSF,0.4622339991484945
MS,CSF_31,TTTCCTCTCTGAGGGA-1,CSF,0.19913791728616884
MS,CSF_31,TTTGCGCTCTTTACGT-1,CSF,0.2025854996280337
MS,CSF_31,TTTGTCACAAGCCGCT-1,CSF,0.29484733014140174
MS,CSF_31,TTTGTCACACCACGTG-1,CSF,0.07921994712377169
HC,CSF_32,AAACCTGAGAAACCGC-1,CSF,0.5161828760553933
HC,CSF_32,AAAGTAGGTACAGACG-1,CSF,0.4783731442648921
HC,CSF_32,AACTCTTGTGTATGGG-1,CSF,-0.29997119987097626
HC,CSF_32,AAGGCAGAGTGTACGG-1,CSF,0.26402369021690575
HC,CSF_32,AAGGTTCCATGCGCAC-1,CSF,0.18749423576054358
HC,CSF_32,ACAGCCGTCGTGGGAA-1,CSF,0.3345761986637223
HC,CSF_32,ACAGCTAGTTCGCGAC-1,CSF,0.270571044924837
HC,CSF_32,ACCGTAAAGGAGTTGC-1,CSF,-0.12329674721544828
HC,CSF_32,ACGATGTCAAGGGTCA-1,CSF,-0.14324435698108445
HC,CSF_32,ACGGGCTTCCCAAGAT-1,CSF,0.5539582896721764
HC,CSF_32,ACGGGCTTCGGAAACG-1,CSF,0.33942697152736984
HC,CSF_32,ACTGAACTCGTCCAGG-1,CSF,0.6885805183947566
HC,CSF_32,ACTGAGTTCTGTGCAA-1,CSF,0.10318108897379252
HC,CSF_32,AGAATAGCACTAAGTC-1,CSF,0.4153396224418667
HC,CSF_32,AGATTGCCACACATGT-1,CSF,-0.29997119987097626
HC,CSF_32,AGCCTAAGTATAAACG-1,CSF,0.434208036864149
HC,CSF_32,AGGCCACCACACATGT-1,CSF,-0.16931454929111361
HC,CSF_32,AGTGAGGCACACAGAG-1,CSF,-0.1356432577930756
HC,CSF_32,AGTGGGAAGGCTCTTA-1,CSF,0.04666073967338242
HC,CSF_32,AGTTGGTGTATTCGTG-1,CSF,0.5397682393421841
HC,CSF_32,ATGCGATGTTCGGGCT-1,CSF,0.4732515177615397
HC,CSF_32,ATGGGAGTCTGTGCAA-1,CSF,0.011868590515927193
HC,CSF_32,ATTATCCCAATCGAAA-1,CSF,-0.0638589013834902
HC,CSF_32,ATTCTACAGGCCCTTG-1,CSF,0.18879776392983255
HC,CSF_32,CAAGGCCGTAACGCGA-1,CSF,0.038091538564410735
HC,CSF_32,CACACTCCATAGACTC-1,CSF,-0.06224579082209065
HC,CSF_32,CACAGGCCAAGGACAC-1,CSF,0.42019453194597595
HC,CSF_32,CACCACTGTTCCAACA-1,CSF,-0.05265492818433039
HC,CSF_32,CAGAATCAGGCCCTTG-1,CSF,0.06427094115187018
HC,CSF_32,CAGAATCAGGCGACAT-1,CSF,-0.29997119987097626
HC,CSF_32,CAGATCATCATCTGCC-1,CSF,0.41741911402981796
HC,CSF_32,CATCCACCAGATGAGC-1,CSF,-0.1679124256041611
HC,CSF_32,CATTCGCAGCTAGCCC-1,CSF,0.2160265611388223
HC,CSF_32,CCCAGTTGTGACTACT-1,CSF,0.4338097796638368
HC,CSF_32,CCCTCCTAGGACTGGT-1,CSF,0.18010029696497032
HC,CSF_32,CCCTCCTTCGCCTGTT-1,CSF,-0.08694130361384353
HC,CSF_32,CCTATTATCCGCATCT-1,CSF,-0.11497285603182512
HC,CSF_32,CCTCTGACAATGTTGC-1,CSF,0.6955184270466682
HC,CSF_32,CCTTCCCTCCCAACGG-1,CSF,0.6860812132664573
HC,CSF_32,CGAACATAGCGCCTTG-1,CSF,-0.29997119987097626
HC,CSF_32,CGAGCACAGTCAAGCG-1,CSF,0.08090032671151313
HC,CSF_32,CGAGCACTCTGAAAGA-1,CSF,1.00151053408009
HC,CSF_32,CGATTGAAGCGATATA-1,CSF,0.1103518444682796
HC,CSF_32,CGCCAAGGTAATAGCA-1,CSF,0.029021925175278414
HC,CSF_32,CGTAGCGCACGGTGTC-1,CSF,-0.29997119987097626
HC,CSF_32,CGTCACTGTACGAAAT-1,CSF,-0.05979904366127724
HC,CSF_32,CGTCACTGTATGGTTC-1,CSF,0.5403994737247708
HC,CSF_32,CGTCCATTCCTCGCAT-1,CSF,-0.07446353873107271
HC,CSF_32,CGTTCTGCATGATCCA-1,CSF,0.4089687819708602
HC,CSF_32,CTAAGACGTTGGAGGT-1,CSF,0.1207572040325087
HC,CSF_32,CTACATTAGCTAACTC-1,CSF,0.7778676041983047
HC,CSF_32,CTACATTTCTGCGACG-1,CSF,0.10248809975046005
HC,CSF_32,CTAGAGTTCTTGTCAT-1,CSF,-0.02255512690665654
HC,CSF_32,CTCAGAATCTCACATT-1,CSF,0.4584930735292122
HC,CSF_32,CTCTGGTTCGTACCGG-1,CSF,0.23321939298071256
HC,CSF_32,CTGCTGTTCCACGCAG-1,CSF,0.3433424641131104
HC,CSF_32,CTGTGCTCAGGCTCAC-1,CSF,0.4594669645190047
HC,CSF_32,CTGTTTACATGCATGT-1,CSF,0.3719426341371613
HC,CSF_32,CTTGGCTAGTTAACGA-1,CSF,0.483404893126775
HC,CSF_32,GAACGGACAACGATCT-1,CSF,0.32661938128568024
HC,CSF_32,GAAGCAGGTATAATGG-1,CSF,0.30091249005369686
HC,CSF_32,GACCAATTCCGCTGTT-1,CSF,0.04763321144571369
HC,CSF_32,GACTGCGCAGCTTCGG-1,CSF,0.024380123347359013
HC,CSF_32,GAGTCCGTCCAATGGT-1,CSF,0.3178581332247368
HC,CSF_32,GATCGATAGTAATCCC-1,CSF,-0.16090493649118875
HC,CSF_32,GATCGATCACATAACC-1,CSF,0.010689013634670785
HC,CSF_32,GCACATAAGAACAATC-1,CSF,0.03932851382058516
HC,CSF_32,GCATGCGGTAATTGGA-1,CSF,0.22779611289788335
HC,CSF_32,GCGCAACTCCATGAGT-1,CSF,-0.1736788163188582
HC,CSF_32,GGAATAAGTTCGAATC-1,CSF,0.2625792094000259
HC,CSF_32,GGATTACTCTTTACGT-1,CSF,1.1802196722954343
HC,CSF_32,GGCCGATCACTCAGGC-1,CSF,0.111545786877465
HC,CSF_32,GGGACCTAGTAGCGGT-1,CSF,0.9125752953171146
HC,CSF_32,GTAACGTTCCGAAGAG-1,CSF,-0.14893496419504734
HC,CSF_32,GTAACTGAGCCCGAAA-1,CSF,0.3395677599861303
HC,CSF_32,GTATCTTAGGTGGGTT-1,CSF,0.3739809008798182
HC,CSF_32,GTATCTTAGTGGGATC-1,CSF,-0.16687461591919156
HC,CSF_32,GTCACAAAGGGCTCTC-1,CSF,0.3779065023735283
HC,CSF_32,GTCACGGTCAGGATCT-1,CSF,0.007750333668279105
HC,CSF_32,GTCCTCAAGAATCTCC-1,CSF,0.18740235248649584
HC,CSF_32,GTTTCTATCCACGTTC-1,CSF,0.3957131002326169
HC,CSF_32,TACACGACATGGATGG-1,CSF,-0.29997119987097626
HC,CSF_32,TACACGATCACTTCAT-1,CSF,-0.07585145452511921
HC,CSF_32,TACTCATCAAGGGTCA-1,CSF,-0.29997119987097626
HC,CSF_32,TACTTACCACCATCCT-1,CSF,-0.1352801744232573
HC,CSF_32,TAGTTGGGTTAGGGTG-1,CSF,0.06262847972637121
HC,CSF_32,TATCAGGGTACGCACC-1,CSF,-0.29997119987097626
HC,CSF_32,TCAATCTAGGATGTAT-1,CSF,-0.0347724558074007
HC,CSF_32,TCAATCTCATTACGAC-1,CSF,0.023911237432707004
HC,CSF_32,TCACGAAGTGTTTGGT-1,CSF,0.8661165755021257
HC,CSF_32,TCAGCTCAGGCACATG-1,CSF,0.5599173091412003
HC,CSF_32,TCAGGTAAGGGAACGG-1,CSF,-0.09285511349106036
HC,CSF_32,TCCACACAGAATTGTG-1,CSF,-0.29997119987097626
HC,CSF_32,TCCACACAGGAATTAC-1,CSF,-0.29997119987097626
HC,CSF_32,TCCACACGTGTCAATC-1,CSF,-0.09193686421011
HC,CSF_32,TCCCGATAGCGTTGCC-1,CSF,-0.29997119987097626
HC,CSF_32,TCGTAGATCGTACCGG-1,CSF,-0.14111915081378262
HC,CSF_32,TGACGGCAGAGCAATT-1,CSF,0.437776742879424
HC,CSF_32,TGACTAGTCCGTTGCT-1,CSF,0.2811090336594283
HC,CSF_32,TGAGCATAGGATATAC-1,CSF,0.17309089466988245
HC,CSF_32,TGAGCCGAGAGTACAT-1,CSF,-0.1465615759657219
HC,CSF_32,TGCACCTCAGACGCCT-1,CSF,0.06934531677508045
HC,CSF_32,TGCCCATTCGCCGTGA-1,CSF,0.0656682916044695
HC,CSF_32,TGCGTGGTCCAGAGGA-1,CSF,0.06786753421382195
HC,CSF_32,TGGCGCATCCGCAAGC-1,CSF,0.6467915761970938
HC,CSF_32,TGGGCGTTCAGCATGT-1,CSF,0.9630463156217133
HC,CSF_32,TGGTTAGGTCTCACCT-1,CSF,0.6377762134713352
HC,CSF_32,TGGTTCCAGCTGTCTA-1,CSF,0.11694899440960703
HC,CSF_32,TTAGGACAGAAGGCCT-1,CSF,0.29324561189886433
HC,CSF_32,TTCGGTCGTCCGTTAA-1,CSF,-0.29997119987097626
HC,CSF_32,TTCTACATCTTTACAC-1,CSF,-0.29997119987097626
HC,CSF_32,TTGCCGTTCAACTCTT-1,CSF,0.46219094819336715
HC,CSF_32,TTGGAACAGTCGTTTG-1,CSF,-0.29997119987097626
HC,CSF_32,TTGGAACGTCAGATAA-1,CSF,0.27622664430900096
MS,MS19270_CSF,GSM4104122_AAACGGGTCCTTGACC-1,CSF,-0.17019104067974755
MS,MS19270_CSF,GSM4104122_AAAGATGGTTGTGGAG-1,CSF,0.15515696816652177
MS,MS19270_CSF,GSM4104122_AAAGCAAGTTCCACGG-1,CSF,-0.29997119987097626
MS,MS19270_CSF,GSM4104122_AACACGTTCTGAGGGA-1,CSF,0.08425150643731696
MS,MS19270_CSF,GSM4104122_AACTGGTGTAGTACCT-1,CSF,-0.03057611100958386
MS,MS19270_CSF,GSM4104122_AAGCCGCGTTGCCTCT-1,CSF,-0.29997119987097626
MS,MS19270_CSF,GSM4104122_AAGTCTGGTGTGCGTC-1,CSF,-0.29997119987097626
MS,MS19270_CSF,GSM4104122_AATCCAGTCGATAGAA-1,CSF,-0.29997119987097626
MS,MS19270_CSF,GSM4104122_ACACCCTGTGCGATAG-1,CSF,0.5026104725742517
MS,MS19270_CSF,GSM4104122_ACATACGCACTGTCGG-1,CSF,-0.29997119987097626
MS,MS19270_CSF,GSM4104122_ACCAGTATCATCGATG-1,CSF,-0.21330308293809538
MS,MS19270_CSF,GSM4104122_ACCGTAAGTCCATGAT-1,CSF,-0.06790504843507851
MS,MS19270_CSF,GSM4104122_ACCTTTACACCCATTC-1,CSF,0.12921081051249828
MS,MS19270_CSF,GSM4104122_ACGATACTCGAATCCA-1,CSF,0.22989007084654475
MS,MS19270_CSF,GSM4104122_ACGATGTGTAGCGATG-1,CSF,-0.29997119987097626
MS,MS19270_CSF,GSM4104122_ACGGCCACATTGCGGC-1,CSF,-0.29997119987097626
MS,MS19270_CSF,GSM4104122_ACTGAACCACGACTCG-1,CSF,-0.29997119987097626
MS,MS19270_CSF,GSM4104122_ACTGTCCCATTGGGCC-1,CSF,-0.29997119987097626
MS,MS19270_CSF,GSM4104122_ACTGTCCTCCTCAACC-1,CSF,-0.29997119987097626
MS,MS19270_CSF,GSM4104122_ACTTACTAGCGTGAAC-1,CSF,0.02321548581982134
MS,MS19270_CSF,GSM4104122_ACTTTCAAGCAAATCA-1,CSF,0.0005072696724977962
MS,MS19270_CSF,GSM4104122_AGACGTTCATCGATGT-1,CSF,-0.03536726257125937
MS,MS19270_CSF,GSM4104122_AGAGCGACACAGTCGC-1,CSF,-0.07342264295270683
MS,MS19270_CSF,GSM4104122_AGATCTGAGCTGTCTA-1,CSF,-0.1444127173633429
MS,MS19270_CSF,GSM4104122_AGCAGCCTCTGCGACG-1,CSF,-0.08158689375220317
MS,MS19270_CSF,GSM4104122_AGCGGTCAGATAGCAT-1,CSF,-0.29997119987097626
MS,MS19270_CSF,GSM4104122_AGCGGTCAGGTTCCTA-1,CSF,-0.29997119987097626
MS,MS19270_CSF,GSM4104122_AGCGTCGAGCCCTAAT-1,CSF,0.6681397182360881
MS,MS19270_CSF,GSM4104122_AGCGTCGCATTCCTCG-1,CSF,-0.10270018408828206
MS,MS19270_CSF,GSM4104122_AGGTCATAGCAATCTC-1,CSF,-0.00920789405565781
MS,MS19270_CSF,GSM4104122_AGTAGTCTCCATGCTC-1,CSF,-0.1567061601888335
MS,MS19270_CSF,GSM4104122_AGTAGTCTCTACTTAC-1,CSF,-0.29997119987097626
MS,MS19270_CSF,GSM4104122_AGTGTCAAGACACTAA-1,CSF,0.06378819493184226
MS,MS19270_CSF,GSM4104122_AGTGTCACAATGGACG-1,CSF,0.5048489011402426
MS,MS19270_CSF,GSM4104122_ATAACGCAGCCAGGAT-1,CSF,-0.29997119987097626
MS,MS19270_CSF,GSM4104122_ATAGACCAGGCTAGAC-1,CSF,-0.0378027229195967
MS,MS19270_CSF,GSM4104122_ATCACGAAGATGTTAG-1,CSF,0.12287608917917378
MS,MS19270_CSF,GSM4104122_ATCACGACACTCAGGC-1,CSF,0.012715380476671232
MS,MS19270_CSF,GSM4104122_ATCACGACATCACAAC-1,CSF,0.06175875117772235
MS,MS19270_CSF,GSM4104122_ATCATCTCAAGAGTCG-1,CSF,-0.29997119987097626
MS,MS19270_CSF,GSM4104122_ATCATCTCATTTCAGG-1,CSF,-0.29997119987097626
MS,MS19270_CSF,GSM4104122_ATCCACCAGTTCGCGC-1,CSF,0.8224031569497056
MS,MS19270_CSF,GSM4104122_ATCCACCCACTCGACG-1,CSF,-0.08197713942612382
MS,MS19270_CSF,GSM4104122_ATCCGAACATGTCTCC-1,CSF,-0.29997119987097626
MS,MS19270_CSF,GSM4104122_ATCGAGTTCTCAACTT-1,CSF,-0.15202131246587067
MS,MS19270_CSF,GSM4104122_ATCTGCCTCTGCCCTA-1,CSF,0.04076196852809055
MS,MS19270_CSF,GSM4104122_ATGAGGGAGTGTACCT-1,CSF,0.2265290475980883
MS,MS19270_CSF,GSM4104122_ATGTGTGTCAACCATG-1,CSF,0.2525910826735794
MS,MS19270_CSF,GSM4104122_ATTATCCCATGGTAGG-1,CSF,0.9015874142781384
MS,MS19270_CSF,GSM4104122_ATTCTACTCAAACAAG-1,CSF,-0.12201482296161235
MS,MS19270_CSF,GSM4104122_ATTGGTGGTCACCCAG-1,CSF,-0.047402571414769654
MS,MS19270_CSF,GSM4104122_CAACCAACATACGCTA-1,CSF,0.00478915776511178
MS,MS19270_CSF,GSM4104122_CAACCAATCTAACTGG-1,CSF,0.324778294267211
MS,MS19270_CSF,GSM4104122_CACATTTTCCCAAGTA-1,CSF,-0.058607758775702665
MS,MS19270_CSF,GSM4104122_CACCACTCACCGAATT-1,CSF,0.2694448924942037
MS,MS19270_CSF,GSM4104122_CACCAGGAGACGCAAC-1,CSF,0.001101654832053394
MS,MS19270_CSF,GSM4104122_CACCAGGCACAGACTT-1,CSF,0.1688155276233682
MS,MS19270_CSF,GSM4104122_CACCTTGTCGTACCGG-1,CSF,-0.1616137568856015
MS,MS19270_CSF,GSM4104122_CAGATCACAGTGGAGT-1,CSF,0.4205682692584131
MS,MS19270_CSF,GSM4104122_CAGATCAGTCCGTTAA-1,CSF,-0.020965705834839993
MS,MS19270_CSF,GSM4104122_CAGCAGCTCACTATTC-1,CSF,-0.11148997056687933
MS,MS19270_CSF,GSM4104122_CAGCAGCTCGCCTGAG-1,CSF,-0.2262361959029921
MS,MS19270_CSF,GSM4104122_CAGCGACTCAGTTCGA-1,CSF,-0.16860760385385934
MS,MS19270_CSF,GSM4104122_CAGTAACTCGTCCGTT-1,CSF,-0.29997119987097626
MS,MS19270_CSF,GSM4104122_CATATGGCACATGACT-1,CSF,0.47063262467406936
MS,MS19270_CSF,GSM4104122_CATCAAGCAAGCCATT-1,CSF,0.035156097864553634
MS,MS19270_CSF,GSM4104122_CATCCACAGAATTGTG-1,CSF,-0.19401256329686514
MS,MS19270_CSF,GSM4104122_CATGACAGTCAGAAGC-1,CSF,-0.29997119987097626
MS,MS19270_CSF,GSM4104122_CATTCGCAGACTACAA-1,CSF,-0.06810875032335117
MS,MS19270_CSF,GSM4104122_CCACGGACATTTGCTT-1,CSF,-0.29997119987097626
MS,MS19270_CSF,GSM4104122_CCACGGAGTCCAGTAT-1,CSF,0.30532735948326334
MS,MS19270_CSF,GSM4104122_CCACTACGTAAGTGGC-1,CSF,-0.10944297008277586
MS,MS19270_CSF,GSM4104122_CCAGCGAGTGACAAAT-1,CSF,0.08204537064712894
MS,MS19270_CSF,GSM4104122_CCATGTCTCAACGAAA-1,CSF,0.012211372096284064
MS,MS19270_CSF,GSM4104122_CCCAGTTTCTAACTGG-1,CSF,-0.29997119987097626
MS,MS19270_CSF,GSM4104122_CCGGGATTCAAGGTAA-1,CSF,-0.29997119987097626
MS,MS19270_CSF,GSM4104122_CCGTTCAAGGTACTCT-1,CSF,0.41648227823644873
MS,MS19270_CSF,GSM4104122_CCTAAAGTCTTTAGGG-1,CSF,-0.09482662293900372
MS,MS19270_CSF,GSM4104122_CCTTTCTCACATTTCT-1,CSF,-0.29997119987097626
MS,MS19270_CSF,GSM4104122_CCTTTCTCATGCATGT-1,CSF,0.5717953172090766
MS,MS19270_CSF,GSM4104122_CGAGAAGAGGCTAGCA-1,CSF,0.5411963183466072
MS,MS19270_CSF,GSM4104122_CGAGAAGGTCAATACC-1,CSF,-0.29997119987097626
MS,MS19270_CSF,GSM4104122_CGAGAAGGTCATTAGC-1,CSF,0.16197735839705904
MS,MS19270_CSF,GSM4104122_CGATCGGAGATCGATA-1,CSF,-0.29997119987097626
MS,MS19270_CSF,GSM4104122_CGATGGCAGCGGATCA-1,CSF,0.1688479522708419
MS,MS19270_CSF,GSM4104122_CGCCAAGTCGGAATCT-1,CSF,-0.12759794727482743
MS,MS19270_CSF,GSM4104122_CGCGTTTTCTGCGTAA-1,CSF,0.4387405185228765
MS,MS19270_CSF,GSM4104122_CGCTATCGTGTCTGAT-1,CSF,0.0050350472714655314
MS,MS19270_CSF,GSM4104122_CGCTATCTCACCAGGC-1,CSF,0.11804813936806635
MS,MS19270_CSF,GSM4104122_CGCTATCTCGAGCCCA-1,CSF,-0.2164767570371879
MS,MS19270_CSF,GSM4104122_CGGACACGTGTAATGA-1,CSF,0.06724842432395303
MS,MS19270_CSF,GSM4104122_CGGACACTCTTCGGTC-1,CSF,-0.29997119987097626
MS,MS19270_CSF,GSM4104122_CGTAGCGGTGCCTGGT-1,CSF,-0.29997119987097626
MS,MS19270_CSF,GSM4104122_CGTAGCGTCGTACGGC-1,CSF,-0.29997119987097626
MS,MS19270_CSF,GSM4104122_CGTCACTAGACCTAGG-1,CSF,-0.29997119987097626
MS,MS19270_CSF,GSM4104122_CGTCACTGTTAGGGTG-1,CSF,-0.09074586340732219
MS,MS19270_CSF,GSM4104122_CGTCAGGCACAGGAGT-1,CSF,0.3249643576794022
MS,MS19270_CSF,GSM4104122_CGTCCATTCACAACGT-1,CSF,-0.29997119987097626
MS,MS19270_CSF,GSM4104122_CGTCTACCATATGGTC-1,CSF,-0.29997119987097626
MS,MS19270_CSF,GSM4104122_CGTGTAAGTTTAGCTG-1,CSF,0.4065130973040672
MS,MS19270_CSF,GSM4104122_CGTTAGAAGGAATCGC-1,CSF,0.6627973015257732
MS,MS19270_CSF,GSM4104122_CGTTCTGAGTTTAGGA-1,CSF,0.36576380355590243
MS,MS19270_CSF,GSM4104122_CTAAGACAGGCATGGT-1,CSF,-0.12588993578663438
MS,MS19270_CSF,GSM4104122_CTAAGACGTTGTCTTT-1,CSF,-0.26907188974351487
MS,MS19270_CSF,GSM4104122_CTAATGGGTCAGTGGA-1,CSF,0.6082674862691065
MS,MS19270_CSF,GSM4104122_CTACCCAAGGCAAAGA-1,CSF,0.1965097649548526
MS,MS19270_CSF,GSM4104122_CTACCCACAATGGATA-1,CSF,0.3804729243511593
MS,MS19270_CSF,GSM4104122_CTACGTCGTACTTCTT-1,CSF,-0.29997119987097626
MS,MS19270_CSF,GSM4104122_CTACGTCGTTGGACCC-1,CSF,0.3031114227423533
MS,MS19270_CSF,GSM4104122_CTAGCCTGTGCCTTGG-1,CSF,0.5003689888199851
MS,MS19270_CSF,GSM4104122_CTCAGAAAGAGGTTGC-1,CSF,0.021978236553147085
MS,MS19270_CSF,GSM4104122_CTCAGAACAGACGCCT-1,CSF,-0.07735166964056485
MS,MS19270_CSF,GSM4104122_CTCGGGAGTGAGGGTT-1,CSF,-0.29997119987097626
MS,MS19270_CSF,GSM4104122_CTCTGGTGTTGGTGGA-1,CSF,-0.11158357910412331
MS,MS19270_CSF,GSM4104122_CTGATAGAGAGGTACC-1,CSF,-0.05037296588284316
MS,MS19270_CSF,GSM4104122_CTGCGGACATGCAATC-1,CSF,0.030885654121207647
MS,MS19270_CSF,GSM4104122_CTGGTCTAGTAGATGT-1,CSF,-0.29997119987097626
MS,MS19270_CSF,GSM4104122_CTTACCGGTTACGCGC-1,CSF,0.26426573192671243
MS,MS19270_CSF,GSM4104122_CTTAGGAGTCTCAACA-1,CSF,-0.14576196082305998
MS,MS19270_CSF,GSM4104122_GAAACTCAGCCAGTAG-1,CSF,-0.10074986037876489
MS,MS19270_CSF,GSM4104122_GAAACTCCACTTAACG-1,CSF,0.3590904442012852
MS,MS19270_CSF,GSM4104122_GAAATGACAGTAGAGC-1,CSF,-0.29997119987097626
MS,MS19270_CSF,GSM4104122_GAAATGATCAGGCAAG-1,CSF,0.1681967328794137
MS,MS19270_CSF,GSM4104122_GACAGAGGTCTGATTG-1,CSF,-0.29997119987097626
MS,MS19270_CSF,GSM4104122_GACCAATAGTTTCCTT-1,CSF,0.0867189087369474
MS,MS19270_CSF,GSM4104122_GACGCGTTCTTTACGT-1,CSF,0.37552333054197895
MS,MS19270_CSF,GSM4104122_GACGTGCAGTCCATAC-1,CSF,-0.12301824736490397
MS,MS19270_CSF,GSM4104122_GAGCAGATCTGACCTC-1,CSF,-0.29997119987097626
MS,MS19270_CSF,GSM4104122_GAGGTGATCCATGCTC-1,CSF,-0.10239831587842893
MS,MS19270_CSF,GSM4104122_GAGTCCGAGCTTCGCG-1,CSF,0.12460179643255952
MS,MS19270_CSF,GSM4104122_GATCAGTAGGACCACA-1,CSF,-0.19563424712098462
MS,MS19270_CSF,GSM4104122_GATCGTACAATCACAC-1,CSF,0.024034516306499314
MS,MS19270_CSF,GSM4104122_GATGAAACAACGCACC-1,CSF,0.1780552331165905
MS,MS19270_CSF,GSM4104122_GATGAGGGTACCCAAT-1,CSF,0.4452138219260058
MS,MS19270_CSF,GSM4104122_GATGCTAGTGCGAAAC-1,CSF,0.3366531258877846
MS,MS19270_CSF,GSM4104122_GCAAACTCAAGTACCT-1,CSF,-0.29997119987097626
MS,MS19270_CSF,GSM4104122_GCAAACTGTGAGTATA-1,CSF,-0.08391646025562013
MS,MS19270_CSF,GSM4104122_GCAGTTACAATGTAAG-1,CSF,-0.16941482823207896
MS,MS19270_CSF,GSM4104122_GCATGCGTCCCTGACT-1,CSF,-0.20328218873472298
MS,MS19270_CSF,GSM4104122_GCATGTACACGTCAGC-1,CSF,-0.1630447010976756
MS,MS19270_CSF,GSM4104122_GCATGTATCTTAGAGC-1,CSF,0.07533114192883787
MS,MS19270_CSF,GSM4104122_GCGACCACAGCGTTCG-1,CSF,-0.09213643758630893
MS,MS19270_CSF,GSM4104122_GCGAGAATCCCTGACT-1,CSF,-0.29997119987097626
MS,MS19270_CSF,GSM4104122_GGAAAGCAGACGCAAC-1,CSF,0.13376377261255437
MS,MS19270_CSF,GSM4104122_GGAATAACATCCGGGT-1,CSF,0.5743283864971175
MS,MS19270_CSF,GSM4104122_GGACAAGGTGACGGTA-1,CSF,-0.003365014980641282
MS,MS19270_CSF,GSM4104122_GGACGTCCAGCGAACA-1,CSF,0.09810132021790782
MS,MS19270_CSF,GSM4104122_GGACGTCGTCTCCATC-1,CSF,-0.17379018266961235
MS,MS19270_CSF,GSM4104122_GGAGCAATCCTTGCCA-1,CSF,-0.29997119987097626
MS,MS19270_CSF,GSM4104122_GGATTACCATTCTCAT-1,CSF,-0.14270412118107786
MS,MS19270_CSF,GSM4104122_GGATTACGTAGCGTCC-1,CSF,0.04061288483121241
MS,MS19270_CSF,GSM4104122_GGATTACTCTACGAGT-1,CSF,-0.29997119987097626
MS,MS19270_CSF,GSM4104122_GGCTGGTTCACTATTC-1,CSF,-0.06364807306055262
MS,MS19270_CSF,GSM4104122_GGGACCTAGAGACGAA-1,CSF,0.29391652060971285
MS,MS19270_CSF,GSM4104122_GGGATGACAATAGCAA-1,CSF,0.4021251069034827
MS,MS19270_CSF,GSM4104122_GGGATGATCTTCGAGA-1,CSF,-0.1946369391760197
MS,MS19270_CSF,GSM4104122_GGGCACTCAAGCCGTC-1,CSF,0.009950153578026533
MS,MS19270_CSF,GSM4104122_GTAACGTAGAGGGCTT-1,CSF,-0.09101004081640855
MS,MS19270_CSF,GSM4104122_GTACTCCAGATGTTAG-1,CSF,-0.29997119987097626
MS,MS19270_CSF,GSM4104122_GTACTCCGTGATGCCC-1,CSF,-0.29997119987097626
MS,MS19270_CSF,GSM4104122_GTAGGCCGTGAAGGCT-1,CSF,0.08221742142347865
MS,MS19270_CSF,GSM4104122_GTAGGCCTCATTCACT-1,CSF,-0.29997119987097626
MS,MS19270_CSF,GSM4104122_GTAGGCCTCGCTTAGA-1,CSF,0.4845516132765505
MS,MS19270_CSF,GSM4104122_GTAGTCAGTCTAGCCG-1,CSF,-0.08926591711094979
MS,MS19270_CSF,GSM4104122_GTCATTTTCCTCCTAG-1,CSF,-0.12806200108368457
MS,MS19270_CSF,GSM4104122_GTCCTCATCCCTCTTT-1,CSF,-0.16443674532118374
MS,MS19270_CSF,GSM4104122_GTCGGGTGTCGAGTTT-1,CSF,-0.29997119987097626
MS,MS19270_CSF,GSM4104122_GTCGTAAAGTGTACCT-1,CSF,0.7897431217224901
MS,MS19270_CSF,GSM4104122_GTTCATTAGTATTGGA-1,CSF,0.2716390915704396
MS,MS19270_CSF,GSM4104122_GTTCGGGTCGGCGCTA-1,CSF,-0.03125681115229954
MS,MS19270_CSF,GSM4104122_GTTCGGGTCTGCGTAA-1,CSF,0.22571530899998402
MS,MS19270_CSF,GSM4104122_GTTTCTAGTTCTCATT-1,CSF,-0.29997119987097626
MS,MS19270_CSF,GSM4104122_TAAGTGCCAGCTCCGA-1,CSF,0.18289970433514577
MS,MS19270_CSF,GSM4104122_TACCTATGTTTGTTGG-1,CSF,-0.04109794680701258
MS,MS19270_CSF,GSM4104122_TACTCATCATCGTCGG-1,CSF,0.11945595851320033
MS,MS19270_CSF,GSM4104122_TACTCATGTAGGCTGA-1,CSF,-0.028139040856836783
MS,MS19270_CSF,GSM4104122_TACTCATTCTGCAGTA-1,CSF,-0.028558130336192877
MS,MS19270_CSF,GSM4104122_TACTCGCGTCGGATCC-1,CSF,-0.21976541659268461
MS,MS19270_CSF,GSM4104122_TAGGCATCAGCCTTTC-1,CSF,-0.04223974491008624
MS,MS19270_CSF,GSM4104122_TAGGCATTCTAACGGT-1,CSF,0.19011114380566657
MS,MS19270_CSF,GSM4104122_TAGTGGTAGCTACCGC-1,CSF,-0.14581486561259216
MS,MS19270_CSF,GSM4104122_TCAACGATCTCCAACC-1,CSF,-0.29997119987097626
MS,MS19270_CSF,GSM4104122_TCAGGTAAGATGTCGG-1,CSF,-0.29997119987097626
MS,MS19270_CSF,GSM4104122_TCCACACCATGTAAGA-1,CSF,-0.015478583973335347
MS,MS19270_CSF,GSM4104122_TCGGGACAGATCCCGC-1,CSF,-0.29997119987097626
MS,MS19270_CSF,GSM4104122_TCGGTAAAGGGTGTTG-1,CSF,-0.024731922028917025
MS,MS19270_CSF,GSM4104122_TCTCATATCGACAGCC-1,CSF,-0.01921978753820775
MS,MS19270_CSF,GSM4104122_TCTGGAAAGCGAGAAA-1,CSF,-0.14112820355179095
MS,MS19270_CSF,GSM4104122_TGAAAGACAAAGGAAG-1,CSF,-0.29997119987097626
MS,MS19270_CSF,GSM4104122_TGACTAGGTTCACGGC-1,CSF,-0.29997119987097626
MS,MS19270_CSF,GSM4104122_TGAGGGAAGGGCACTA-1,CSF,0.027700950961884026
MS,MS19270_CSF,GSM4104122_TGAGGGACAACGATCT-1,CSF,-0.09686546398767705
MS,MS19270_CSF,GSM4104122_TGATTTCGTACCAGTT-1,CSF,0.10692105489002753
MS,MS19270_CSF,GSM4104122_TGATTTCGTCTGCCAG-1,CSF,0.606453396411671
MS,MS19270_CSF,GSM4104122_TGCCAAAAGAATAGGG-1,CSF,0.016562347852804922
MS,MS19270_CSF,GSM4104122_TGCCCATCAAGAGGCT-1,CSF,-0.29997119987097626
MS,MS19270_CSF,GSM4104122_TGCGCAGCAAGAAGAG-1,CSF,0.3305324247926667
MS,MS19270_CSF,GSM4104122_TGCGCAGCACAGCCCA-1,CSF,-0.15952168249742862
MS,MS19270_CSF,GSM4104122_TGCTGCTAGAGGGATA-1,CSF,0.33175119130006686
MS,MS19270_CSF,GSM4104122_TGGCCAGCACGCGAAA-1,CSF,0.03658815458552719
MS,MS19270_CSF,GSM4104122_TGGCGCAGTGCGATAG-1,CSF,-0.14084911313720133
MS,MS19270_CSF,GSM4104122_TGTGGTAGTATCACCA-1,CSF,0.07686243770182903
MS,MS19270_CSF,GSM4104122_TTAGGACTCTAACGGT-1,CSF,-0.02773997609640443
MS,MS19270_CSF,GSM4104122_TTAGTTCCAGCGTAAG-1,CSF,0.3158319329592795
MS,MS19270_CSF,GSM4104122_TTAGTTCGTTATTCTC-1,CSF,0.6774957965465526
MS,MS19270_CSF,GSM4104122_TTCCCAGTCCAGAGGA-1,CSF,0.36274710972467294
MS,MS19270_CSF,GSM4104122_TTCGGTCAGCAGGCTA-1,CSF,-0.13314949070520427
MS,MS19270_CSF,GSM4104122_TTCTCCTTCACAAACC-1,CSF,0.16934222328267987
MS,MS19270_CSF,GSM4104122_TTCTCCTTCGAATGGG-1,CSF,-0.1373121239318082
MS,MS19270_CSF,GSM4104122_TTGACTTAGTAGATGT-1,CSF,-0.29997119987097626
MS,MS19270_CSF,GSM4104122_TTGACTTTCGGAGGTA-1,CSF,0.10941262679771142
MS,MS19270_CSF,GSM4104122_TTGCCGTCAAGTCTGT-1,CSF,0.23809231415920323
MS,MS19270_CSF,GSM4104122_TTGCCGTTCTACTATC-1,CSF,0.016020686205272288
MS,MS19270_CSF,GSM4104122_TTGGAACCAATGACCT-1,CSF,-0.29997119987097626
MS,MS19270_CSF,GSM4104122_TTGGAACTCATTTGGG-1,CSF,-0.18214786279218595
MS,MS19270_CSF,GSM4104122_TTTATGCTCTGGCGAC-1,CSF,0.4936740586494805
MS,MS19270_CSF,GSM4104122_TTTGGTTCACGGCCAT-1,CSF,-0.05742753880914977
MS,MS49131_CSF,GSM4104125_AAAGCAATCGCCTGTT-1,CSF,-0.29997119987097626
MS,MS49131_CSF,GSM4104125_AAGGTTCCAATTCCTT-1,CSF,0.10904981345346425
MS,MS49131_CSF,GSM4104125_AATCGGTTCAGAGCTT-1,CSF,-0.16241533236802416
MS,MS49131_CSF,GSM4104125_ACAGCCGAGGTGTGGT-1,CSF,0.7120995366876454
MS,MS49131_CSF,GSM4104125_ACGAGGAGTCATGCCG-1,CSF,-0.29997119987097626
MS,MS49131_CSF,GSM4104125_ACGGGTCCATGAGCGA-1,CSF,0.22078528540552125
MS,MS49131_CSF,GSM4104125_ACTTGTTGTTAAGATG-1,CSF,0.5730608563790829
MS,MS49131_CSF,GSM4104125_AGAGCGAGTTTGGGCC-1,CSF,0.17067950089789358
MS,MS49131_CSF,GSM4104125_AGTAGTCAGCTCCTTC-1,CSF,-0.29997119987097626
MS,MS49131_CSF,GSM4104125_AGTGTCAGTATGAATG-1,CSF,-0.08616102853244494
MS,MS49131_CSF,GSM4104125_CAACTAGCAGTACACT-1,CSF,-0.29997119987097626
MS,MS49131_CSF,GSM4104125_CACAGTATCTTGGGTA-1,CSF,0.09851715484116592
MS,MS49131_CSF,GSM4104125_CAGAATCCAGCGTTCG-1,CSF,-0.29997119987097626
MS,MS49131_CSF,GSM4104125_CAGAATCTCTTGTTTG-1,CSF,0.5894737997078827
MS,MS49131_CSF,GSM4104125_CAGCAGCTCACTTACT-1,CSF,-0.29997119987097626
MS,MS49131_CSF,GSM4104125_CAGGTGCAGAGCTGCA-1,CSF,0.5809998866965118
MS,MS49131_CSF,GSM4104125_CATATGGCATCGATGT-1,CSF,0.21654160494947927
MS,MS49131_CSF,GSM4104125_CATATTCTCCTGCAGG-1,CSF,0.7233670988401342
MS,MS49131_CSF,GSM4104125_CATCAAGGTTCGCTAA-1,CSF,0.2370410176223612
MS,MS49131_CSF,GSM4104125_CATCCACCAGACGCCT-1,CSF,0.06445879746056385
MS,MS49131_CSF,GSM4104125_CCTACACTCGAATGCT-1,CSF,-0.29997119987097626
MS,MS49131_CSF,GSM4104125_CGAGAAGGTAGAGTGC-1,CSF,-0.29997119987097626
MS,MS49131_CSF,GSM4104125_CGGACACAGAAGAAGC-1,CSF,-0.08512619420134888
MS,MS49131_CSF,GSM4104125_CGGTTAATCACGGTTA-1,CSF,-0.15645723260267605
MS,MS49131_CSF,GSM4104125_CGTCACTTCTTTCCTC-1,CSF,0.18103009816803825
MS,MS49131_CSF,GSM4104125_CTCGTACGTCAGGACA-1,CSF,0.037661757165092916
MS,MS49131_CSF,GSM4104125_CTGAAACCAAGTCATC-1,CSF,-0.2317582911826259
MS,MS49131_CSF,GSM4104125_GAAACTCGTGTAATGA-1,CSF,-0.29997119987097626
MS,MS49131_CSF,GSM4104125_GACCTGGTCGAACGGA-1,CSF,0.8289492122810741
MS,MS49131_CSF,GSM4104125_GACGTTAAGGTGATTA-1,CSF,-0.29997119987097626
MS,MS49131_CSF,GSM4104125_GACGTTAGTTGGTTTG-1,CSF,0.041425292129125504
MS,MS49131_CSF,GSM4104125_GATCGCGAGAAGGTTT-1,CSF,-0.019917425831192017
MS,MS49131_CSF,GSM4104125_GCGACCACAACACCCG-1,CSF,-0.014728837270995974
MS,MS49131_CSF,GSM4104125_GCGAGAACAACACCTA-1,CSF,-0.15486536887653604
MS,MS49131_CSF,GSM4104125_GCGCAACAGAGTTGGC-1,CSF,0.2789540194365843
MS,MS49131_CSF,GSM4104125_GGAGCAACACACGCTG-1,CSF,-0.29997119987097626
MS,MS49131_CSF,GSM4104125_GGGAGATAGGCTAGCA-1,CSF,-0.15648217341454776
MS,MS49131_CSF,GSM4104125_GGTATTGGTATCGCAT-1,CSF,0.08971359525177436
MS,MS49131_CSF,GSM4104125_GTAGTCACAGCTGGCT-1,CSF,-0.09238992780755233
MS,MS49131_CSF,GSM4104125_GTCAAGTAGTACGCCC-1,CSF,0.5586670551920817
MS,MS49131_CSF,GSM4104125_GTCTCGTTCCGTACAA-1,CSF,0.2213103301871426
MS,MS49131_CSF,GSM4104125_GTGCATAAGTGGCACA-1,CSF,-0.29997119987097626
MS,MS49131_CSF,GSM4104125_GTGCTTCTCGTGGTCG-1,CSF,-0.14643852722630507
MS,MS49131_CSF,GSM4104125_TACAGTGTCCCACTTG-1,CSF,-0.16749953093243738
MS,MS49131_CSF,GSM4104125_TACCTATTCTCGCTTG-1,CSF,-0.29997119987097626
MS,MS49131_CSF,GSM4104125_TACGGGCCAGTCAGCC-1,CSF,0.061810756873000826
MS,MS49131_CSF,GSM4104125_TACGGGCGTTCGTCTC-1,CSF,0.02830589439784784
MS,MS49131_CSF,GSM4104125_TCAGATGTCTTCGGTC-1,CSF,0.3972385012915161
MS,MS49131_CSF,GSM4104125_TCAGCTCCATCAGTCA-1,CSF,-0.0766694859198331
MS,MS49131_CSF,GSM4104125_TCGCGAGCACTTCGAA-1,CSF,-0.29997119987097626
MS,MS49131_CSF,GSM4104125_TGAAAGACATCATCCC-1,CSF,0.9028757618482259
MS,MS49131_CSF,GSM4104125_TGAGAGGGTCTAGAGG-1,CSF,-0.0509705181031766
MS,MS49131_CSF,GSM4104125_TGAGAGGTCGATGAGG-1,CSF,0.07102012017568007
MS,MS49131_CSF,GSM4104125_TGATTTCTCAGCATGT-1,CSF,0.047254010125611715
MS,MS49131_CSF,GSM4104125_TTAACTCTCAGGTAAA-1,CSF,0.01097548546259064
MS,MS49131_CSF,GSM4104125_TTTACTGTCTGCCCTA-1,CSF,-0.052522034415794075
MS,MS49131_CSF,GSM4104125_TTTATGCCAAGTAGTA-1,CSF,-0.29997119987097626
MS,MS49131_CSF,GSM4104125_TTTGTCAAGATATGGT-1,CSF,-0.29997119987097626
MS,MS58637_CSF,GSM4104123_AACTGGTTCCCAACGG-1,CSF,0.4205682692584131
MS,MS58637_CSF,GSM4104123_AAGCCGCCAGGTCCAC-1,CSF,-0.29997119987097626
MS,MS58637_CSF,GSM4104123_ACCCACTAGACGCTTT-1,CSF,-0.29997119987097626
MS,MS58637_CSF,GSM4104123_AGAGCGACACGCGAAA-1,CSF,-0.29997119987097626
MS,MS58637_CSF,GSM4104123_AGGGTGAGTTCCACTC-1,CSF,0.6659728986936816
MS,MS58637_CSF,GSM4104123_AGTTGGTGTCCGAAGA-1,CSF,0.6110238332912584
MS,MS58637_CSF,GSM4104123_ATCATGGAGATGCGAC-1,CSF,-0.019379032144592228
MS,MS58637_CSF,GSM4104123_ATCATGGCAAGGTGTG-1,CSF,-0.29997119987097626
MS,MS58637_CSF,GSM4104123_ATGAGGGGTCTCACCT-1,CSF,-0.000179552639153099
MS,MS58637_CSF,GSM4104123_ATGTGTGTCAGCTCTC-1,CSF,-0.29997119987097626
MS,MS58637_CSF,GSM4104123_ATTGGACTCCAACCAA-1,CSF,0.01866291800993891
MS,MS58637_CSF,GSM4104123_CACCTTGAGGACTGGT-1,CSF,0.16342755445418428
MS,MS58637_CSF,GSM4104123_CAGTCCTTCTTGCATT-1,CSF,-0.29997119987097626
MS,MS58637_CSF,GSM4104123_CCCAATCGTAAATGTG-1,CSF,-0.29997119987097626
MS,MS58637_CSF,GSM4104123_CGCTGGACATCTGGTA-1,CSF,0.12579519518071464
MS,MS58637_CSF,GSM4104123_CGGACGTTCTACGAGT-1,CSF,0.13043246627299715
MS,MS58637_CSF,GSM4104123_CGTGTCTGTGAAGGCT-1,CSF,-0.12156305606240067
MS,MS58637_CSF,GSM4104123_CTACCCAAGCCAGTTT-1,CSF,-0.1286759224495922
MS,MS58637_CSF,GSM4104123_CTCCTAGAGTCCTCCT-1,CSF,-0.29997119987097626
MS,MS58637_CSF,GSM4104123_CTCGAGGAGGCTCTTA-1,CSF,0.2771695328065853
MS,MS58637_CSF,GSM4104123_CTCGTACTCCGATATG-1,CSF,-0.29997119987097626
MS,MS58637_CSF,GSM4104123_CTGAAACCATTTCAGG-1,CSF,-0.00029765363607233065
MS,MS58637_CSF,GSM4104123_CTTTGCGAGTGTGGCA-1,CSF,-0.29997119987097626
MS,MS58637_CSF,GSM4104123_GAAACTCCAGTCGATT-1,CSF,0.14756370272286604
MS,MS58637_CSF,GSM4104123_GACCAATAGTACGACG-1,CSF,-0.29997119987097626
MS,MS58637_CSF,GSM4104123_GCACTCTTCTGCTGCT-1,CSF,-0.29997119987097626
MS,MS58637_CSF,GSM4104123_GCCTCTAAGGGTATCG-1,CSF,0.23381670637582921
MS,MS58637_CSF,GSM4104123_GCGAGAACACCAACCG-1,CSF,-0.29997119987097626
MS,MS58637_CSF,GSM4104123_GGACGTCGTGGTTTCA-1,CSF,0.8482070291704936
MS,MS58637_CSF,GSM4104123_GGAGCAAAGTGAAGAG-1,CSF,-0.16693742504081774
MS,MS58637_CSF,GSM4104123_GGCGTGTGTTCAGGCC-1,CSF,-0.29997119987097626
MS,MS58637_CSF,GSM4104123_GTCAAGTTCTTTACGT-1,CSF,-0.29997119987097626
MS,MS58637_CSF,GSM4104123_GTGAAGGTCATCTGTT-1,CSF,0.40653636042488267
MS,MS58637_CSF,GSM4104123_TATCAGGTCGCGGATC-1,CSF,0.09379279913292324
MS,MS58637_CSF,GSM4104123_TATGCCCAGGATCGCA-1,CSF,0.09962873072951384
MS,MS58637_CSF,GSM4104123_TCACGAAAGTTTCCTT-1,CSF,0.009880979380402524
MS,MS58637_CSF,GSM4104123_TCCCGATCAATTCCTT-1,CSF,-0.09564243204321313
MS,MS58637_CSF,GSM4104123_TCGAGGCGTAAACACA-1,CSF,-0.29997119987097626
MS,MS58637_CSF,GSM4104123_TCGTACCTCGTAGGAG-1,CSF,-0.29997119987097626
MS,MS58637_CSF,GSM4104123_TCGTAGATCCATTCTA-1,CSF,-0.29997119987097626
MS,MS58637_CSF,GSM4104123_TCTCTAAAGACACGAC-1,CSF,-0.29997119987097626
MS,MS58637_CSF,GSM4104123_TCTTTCCTCGATAGAA-1,CSF,0.42451488498249523
MS,MS58637_CSF,GSM4104123_TGCCCATTCTGGTGTA-1,CSF,0.23368711602134423
MS,MS58637_CSF,GSM4104123_TGCCCTAGTCTGCAAT-1,CSF,-0.1260679784864198
MS,MS58637_CSF,GSM4104123_TTGAACGAGGTGCAAC-1,CSF,-0.166028384576828
MS,MS60249_CSF,GSM4104126_AAACCTGCACCGCTAG-1,CSF,0.19393635426709102
MS,MS60249_CSF,GSM4104126_AAACCTGGTAAACACA-1,CSF,0.03993546835580603
MS,MS60249_CSF,GSM4104126_AAACGGGCACATCCAA-1,CSF,-0.29997119987097626
MS,MS60249_CSF,GSM4104126_AAACGGGGTTACGCGC-1,CSF,-0.29997119987097626
MS,MS60249_CSF,GSM4104126_AAAGATGCAGGAATGC-1,CSF,-0.29997119987097626
MS,MS60249_CSF,GSM4104126_AAAGCAACATGACGGA-1,CSF,-0.036832696965278744
MS,MS60249_CSF,GSM4104126_AAAGCAAGTAAGTGGC-1,CSF,-0.10359828334274727
MS,MS60249_CSF,GSM4104126_AAAGTAGAGCTAAGAT-1,CSF,-0.29997119987097626
MS,MS60249_CSF,GSM4104126_AAAGTAGTCTCTTGAT-1,CSF,-0.1308442937503528
MS,MS60249_CSF,GSM4104126_AAATGCCTCTGTCTAT-1,CSF,-0.29997119987097626
MS,MS60249_CSF,GSM4104126_AACACGTGTCTCTTAT-1,CSF,-0.0664853428734512
MS,MS60249_CSF,GSM4104126_AACACGTTCAACACAC-1,CSF,-0.25162697266012496
MS,MS60249_CSF,GSM4104126_AACACGTTCTGCAGTA-1,CSF,0.06663113496926232
MS,MS60249_CSF,GSM4104126_AACACGTTCTGTCTCG-1,CSF,-0.29997119987097626
MS,MS60249_CSF,GSM4104126_AACGTTGCATCACAAC-1,CSF,0.12641173485152807
MS,MS60249_CSF,GSM4104126_AACGTTGTCAACTCTT-1,CSF,-0.20464150400280268
MS,MS60249_CSF,GSM4104126_AACTCAGCACCGATAT-1,CSF,-0.29997119987097626
MS,MS60249_CSF,GSM4104126_AACTCAGGTCTTCAAG-1,CSF,0.02738596692160231
MS,MS60249_CSF,GSM4104126_AACTCAGTCGCTTGTC-1,CSF,0.2262678565739738
MS,MS60249_CSF,GSM4104126_AACTCAGTCGTTTAGG-1,CSF,0.6459472403858934
MS,MS60249_CSF,GSM4104126_AACTCCCAGCATCATC-1,CSF,0.33102311742840157
MS,MS60249_CSF,GSM4104126_AACTCCCGTAGAGCTG-1,CSF,-0.29997119987097626
MS,MS60249_CSF,GSM4104126_AACTCCCGTCATGCCG-1,CSF,-0.29997119987097626
MS,MS60249_CSF,GSM4104126_AACTCTTTCAACGGCC-1,CSF,-0.08437868672515049
MS,MS60249_CSF,GSM4104126_AACTTTCTCTTAGCCC-1,CSF,0.43411892457917906
MS,MS60249_CSF,GSM4104126_AAGACCTCAGACGCTC-1,CSF,-0.017894569819176115
MS,MS60249_CSF,GSM4104126_AAGCCGCCATGTTCCC-1,CSF,0.19746636334478565
MS,MS60249_CSF,GSM4104126_AAGCCGCGTATCGCAT-1,CSF,-0.14864456088063532
MS,MS60249_CSF,GSM4104126_AAGTCTGAGCGTCTAT-1,CSF,-0.10561343383338166
MS,MS60249_CSF,GSM4104126_AAGTCTGAGGCGATAC-1,CSF,-0.1603402890446944
MS,MS60249_CSF,GSM4104126_AAGTCTGAGTCCTCCT-1,CSF,0.05891527908075587
MS,MS60249_CSF,GSM4104126_AATCCAGAGATTACCC-1,CSF,-0.29997119987097626
MS,MS60249_CSF,GSM4104126_AATCCAGCAGCCTTTC-1,CSF,-0.04460252141203307
MS,MS60249_CSF,GSM4104126_AATCGGTCAAGGACTG-1,CSF,0.22844892282611381
MS,MS60249_CSF,GSM4104126_AATCGGTGTGGGTATG-1,CSF,0.18220893311166236
MS,MS60249_CSF,GSM4104126_ACACCAACAGCATGAG-1,CSF,-0.29997119987097626
MS,MS60249_CSF,GSM4104126_ACACCCTAGTGCCAGA-1,CSF,0.10715231976130798
MS,MS60249_CSF,GSM4104126_ACACCGGGTCCTAGCG-1,CSF,-0.20881485896072668
MS,MS60249_CSF,GSM4104126_ACACTGACAACGATGG-1,CSF,0.2501209536727802
MS,MS60249_CSF,GSM4104126_ACACTGACAGATGGCA-1,CSF,-0.07867039162766822
MS,MS60249_CSF,GSM4104126_ACACTGACAGTCAGCC-1,CSF,-0.1433925032330729
MS,MS60249_CSF,GSM4104126_ACAGCCGCAGTAAGCG-1,CSF,-0.29997119987097626
MS,MS60249_CSF,GSM4104126_ACAGCTACACATCCGG-1,CSF,0.30414093859360275
MS,MS60249_CSF,GSM4104126_ACATACGTCTTGTCAT-1,CSF,0.09843493938928323
MS,MS60249_CSF,GSM4104126_ACATGGTAGGCTAGCA-1,CSF,-0.11818519345605924
MS,MS60249_CSF,GSM4104126_ACATGGTCAAGCGATG-1,CSF,0.3821527115781049
MS,MS60249_CSF,GSM4104126_ACCAGTAGTATAGTAG-1,CSF,-0.29997119987097626
MS,MS60249_CSF,GSM4104126_ACCGTAATCCTTGGTC-1,CSF,0.017468707977670146
MS,MS60249_CSF,GSM4104126_ACCTTTAAGAGGTACC-1,CSF,-0.11149333033883968
MS,MS60249_CSF,GSM4104126_ACCTTTAAGATGTCGG-1,CSF,0.05638352433338186
MS,MS60249_CSF,GSM4104126_ACCTTTAGTCTAAACC-1,CSF,0.11565622845076173
MS,MS60249_CSF,GSM4104126_ACCTTTATCCTCTAGC-1,CSF,-0.29997119987097626
MS,MS60249_CSF,GSM4104126_ACGAGCCCACTAAGTC-1,CSF,0.16046473317942425
MS,MS60249_CSF,GSM4104126_ACGAGCCGTGTCTGAT-1,CSF,0.06703262287266519
MS,MS60249_CSF,GSM4104126_ACGAGGAAGAGTCGGT-1,CSF,-0.29997119987097626
MS,MS60249_CSF,GSM4104126_ACGATACAGCGTTCCG-1,CSF,-0.29997119987097626
MS,MS60249_CSF,GSM4104126_ACGATACGTTAGAACA-1,CSF,-0.008196526297417584
MS,MS60249_CSF,GSM4104126_ACGCAGCGTTGCGTTA-1,CSF,-0.009458474742704833
MS,MS60249_CSF,GSM4104126_ACGCCAGTCAATCTCT-1,CSF,0.006503360462188071
MS,MS60249_CSF,GSM4104126_ACGCCAGTCGAGCCCA-1,CSF,-0.19781350450072122
MS,MS60249_CSF,GSM4104126_ACGCCGAGTTAAGAAC-1,CSF,-0.2379119375837186
MS,MS60249_CSF,GSM4104126_ACGGAGACAAATCCGT-1,CSF,0.18788723343652602
MS,MS60249_CSF,GSM4104126_ACGGAGACACCCAGTG-1,CSF,0.2272768928420633
MS,MS60249_CSF,GSM4104126_ACGGAGAGTGATAAGT-1,CSF,0.0311890832337145
MS,MS60249_CSF,GSM4104126_ACGGAGAGTGCACGAA-1,CSF,-0.22327375728356277
MS,MS60249_CSF,GSM4104126_ACGGAGATCATTATCC-1,CSF,-0.29997119987097626
MS,MS60249_CSF,GSM4104126_ACGGCCAAGGCAAAGA-1,CSF,0.1325491946615192
MS,MS60249_CSF,GSM4104126_ACGGGCTGTACATCCA-1,CSF,-0.29997119987097626
MS,MS60249_CSF,GSM4104126_ACGGGCTTCTTATCTG-1,CSF,-0.29997119987097626
MS,MS60249_CSF,GSM4104126_ACTATCTAGCGGCTTC-1,CSF,-0.005019227110494731
MS,MS60249_CSF,GSM4104126_ACTATCTTCAAGAAGT-1,CSF,0.28161167721661107
MS,MS60249_CSF,GSM4104126_ACTATCTTCACTTATC-1,CSF,0.09977755566576887
MS,MS60249_CSF,GSM4104126_ACTATCTTCGAGAACG-1,CSF,-0.050698005290986614
MS,MS60249_CSF,GSM4104126_ACTGAACTCAACACAC-1,CSF,0.03818009546805252
MS,MS60249_CSF,GSM4104126_ACTGAACTCGTAGGTT-1,CSF,0.2850791235895563
MS,MS60249_CSF,GSM4104126_ACTGAGTTCGCCAGCA-1,CSF,-0.15962831384442522
MS,MS60249_CSF,GSM4104126_ACTGATGAGCTCCTCT-1,CSF,0.2991751762603793
MS,MS60249_CSF,GSM4104126_ACTGATGTCGATCCCT-1,CSF,-0.16177126141318096
MS,MS60249_CSF,GSM4104126_ACTGATGTCTATCCTA-1,CSF,0.087294090557437
MS,MS60249_CSF,GSM4104126_ACTGCTCAGCGCCTCA-1,CSF,0.11879856629465399
MS,MS60249_CSF,GSM4104126_ACTGCTCGTCATGCAT-1,CSF,-0.050941237757302506
MS,MS60249_CSF,GSM4104126_ACTGCTCGTGGAAAGA-1,CSF,-0.1327264532019364
MS,MS60249_CSF,GSM4104126_ACTGTCCAGGTGACCA-1,CSF,0.9588760762395907
MS,MS60249_CSF,GSM4104126_ACTGTCCGTACTTCTT-1,CSF,0.6916948943394136
MS,MS60249_CSF,GSM4104126_ACTTTCACATATACGC-1,CSF,-0.29997119987097626
MS,MS60249_CSF,GSM4104126_AGAATAGCACACCGAC-1,CSF,-0.07527123136968301
MS,MS60249_CSF,GSM4104126_AGACGTTAGAGTTGGC-1,CSF,-0.13479883717407368
MS,MS60249_CSF,GSM4104126_AGACGTTAGCCAGAAC-1,CSF,-0.18030304034814362
MS,MS60249_CSF,GSM4104126_AGACGTTAGGTAAACT-1,CSF,-0.29997119987097626
MS,MS60249_CSF,GSM4104126_AGAGCTTTCCTAGTGA-1,CSF,-0.29997119987097626
MS,MS60249_CSF,GSM4104126_AGAGCTTTCTGCGTAA-1,CSF,-0.29997119987097626
MS,MS60249_CSF,GSM4104126_AGAGTGGGTTCAGGCC-1,CSF,0.36915347669030735
MS,MS60249_CSF,GSM4104126_AGATCTGTCGTTACGA-1,CSF,0.07137756482831045
MS,MS60249_CSF,GSM4104126_AGATTGCCACCGTTGG-1,CSF,0.14589909898389747
MS,MS60249_CSF,GSM4104126_AGCAGCCAGGCCCTCA-1,CSF,-0.29997119987097626
MS,MS60249_CSF,GSM4104126_AGCAGCCAGTACGATA-1,CSF,-0.10531084716252316
MS,MS60249_CSF,GSM4104126_AGCGTATAGTGGGCTA-1,CSF,0.10630294858593715
MS,MS60249_CSF,GSM4104126_AGCGTATTCATACGGT-1,CSF,-0.29997119987097626
MS,MS60249_CSF,GSM4104126_AGCGTCGCACGAAATA-1,CSF,-0.29997119987097626
MS,MS60249_CSF,GSM4104126_AGCGTCGTCCGTCAAA-1,CSF,0.1019853267623008
MS,MS60249_CSF,GSM4104126_AGCTCCTCACGGCTAC-1,CSF,-0.17053265244836804
MS,MS60249_CSF,GSM4104126_AGCTCTCAGACAAGCC-1,CSF,0.3134025247676493
MS,MS60249_CSF,GSM4104126_AGCTCTCTCCAGAAGG-1,CSF,-0.29997119987097626
MS,MS60249_CSF,GSM4104126_AGGCCACAGGATGCGT-1,CSF,0.10119127353928582
MS,MS60249_CSF,GSM4104126_AGGCCGTAGTCTCAAC-1,CSF,-0.022300030900032918
MS,MS60249_CSF,GSM4104126_AGGGATGAGCGACGTA-1,CSF,-0.29997119987097626
MS,MS60249_CSF,GSM4104126_AGGGTGAGTACCCAAT-1,CSF,-0.29997119987097626
MS,MS60249_CSF,GSM4104126_AGGTCCGAGGACAGCT-1,CSF,-0.08692844341093221
MS,MS60249_CSF,GSM4104126_AGGTCCGGTCTTGATG-1,CSF,-0.29997119987097626
MS,MS60249_CSF,GSM4104126_AGTAGTCAGAACTCGG-1,CSF,-0.1558304068813739
MS,MS60249_CSF,GSM4104126_AGTAGTCAGAGTAAGG-1,CSF,-0.29997119987097626
MS,MS60249_CSF,GSM4104126_AGTAGTCGTTCGGGCT-1,CSF,-0.08011985074126615
MS,MS60249_CSF,GSM4104126_AGTCTTTCAAGTTCTG-1,CSF,0.1312908283119974
MS,MS60249_CSF,GSM4104126_AGTCTTTTCTTGAGGT-1,CSF,-0.29997119987097626
MS,MS60249_CSF,GSM4104126_AGTGGGAAGATATACG-1,CSF,-0.29997119987097626
MS,MS60249_CSF,GSM4104126_AGTGGGACAATCCGAT-1,CSF,-0.29997119987097626
MS,MS60249_CSF,GSM4104126_ATAACGCTCAGGCAAG-1,CSF,-0.29997119987097626
MS,MS60249_CSF,GSM4104126_ATAAGAGTCTCCTATA-1,CSF,0.11767794024084703
MS,MS60249_CSF,GSM4104126_ATAGACCAGAGCCTAG-1,CSF,-0.16225694414827127
MS,MS60249_CSF,GSM4104126_ATCACGAAGCCATCGC-1,CSF,-0.1255248744951242
MS,MS60249_CSF,GSM4104126_ATCACGACACACTGCG-1,CSF,-0.037232262492912685
MS,MS60249_CSF,GSM4104126_ATCATCTCATGTTGAC-1,CSF,-0.0593406468704372
MS,MS60249_CSF,GSM4104126_ATCGAGTCAGGTCGTC-1,CSF,-0.12507639381558883
MS,MS60249_CSF,GSM4104126_ATCGAGTCATCAGTCA-1,CSF,-0.15030729077126376
MS,MS60249_CSF,GSM4104126_ATCGAGTGTGACGCCT-1,CSF,-0.29997119987097626
MS,MS60249_CSF,GSM4104126_ATGAGGGGTTACCGAT-1,CSF,-0.0212411415044029
MS,MS60249_CSF,GSM4104126_ATGCGATAGGGTCGAT-1,CSF,0.41937471808016497
MS,MS60249_CSF,GSM4104126_ATGGGAGAGATGCGAC-1,CSF,-0.1355747248031609
MS,MS60249_CSF,GSM4104126_ATGGGAGTCCATGCTC-1,CSF,-0.19855239347649428
MS,MS60249_CSF,GSM4104126_ATTACTCCAATGCCAT-1,CSF,0.09219100927887562
MS,MS60249_CSF,GSM4104126_ATTACTCCAGTCAGCC-1,CSF,-0.1693809357025336
MS,MS60249_CSF,GSM4104126_ATTACTCGTCAGATAA-1,CSF,0.03248105315226606
MS,MS60249_CSF,GSM4104126_ATTATCCCACTTCGAA-1,CSF,0.12026747313159
MS,MS60249_CSF,GSM4104126_ATTCTACTCCCTTGTG-1,CSF,0.0855063996039681
MS,MS60249_CSF,GSM4104126_ATTGGACAGTTTGCGT-1,CSF,0.25431066418103015
MS,MS60249_CSF,GSM4104126_ATTGGACCATCGGAAG-1,CSF,-0.06979340487608961
MS,MS60249_CSF,GSM4104126_ATTGGTGGTCAATGTC-1,CSF,-0.18748681665843123
MS,MS60249_CSF,GSM4104126_ATTTCTGTCGGAGGTA-1,CSF,0.05873060191664402
MS,MS60249_CSF,GSM4104126_CAACCAACAGGCTCAC-1,CSF,-0.29997119987097626
MS,MS60249_CSF,GSM4104126_CAACCAAGTCATGCCG-1,CSF,0.26240779992588104
MS,MS60249_CSF,GSM4104126_CAACCAATCAACCAAC-1,CSF,0.35906450853360977
MS,MS60249_CSF,GSM4104126_CAACCTCTCGCTGATA-1,CSF,-0.09572145855262233
MS,MS60249_CSF,GSM4104126_CAACTAGGTAAACACA-1,CSF,-0.29997119987097626
MS,MS60249_CSF,GSM4104126_CAACTAGTCGTGACAT-1,CSF,-0.18865493118666518
MS,MS60249_CSF,GSM4104126_CAACTAGTCTTGTACT-1,CSF,-0.29997119987097626
MS,MS60249_CSF,GSM4104126_CAAGAAAGTCGTCTTC-1,CSF,0.09133625652010131
MS,MS60249_CSF,GSM4104126_CAAGTTGAGGTGTTAA-1,CSF,0.2382422302951844
MS,MS60249_CSF,GSM4104126_CACAAACAGAGTAAGG-1,CSF,-0.09512493820713586
MS,MS60249_CSF,GSM4104126_CACAAACTCTACCAGA-1,CSF,-0.2351731812962313
MS,MS60249_CSF,GSM4104126_CACAAACTCTGCCCTA-1,CSF,0.1787823152734845
MS,MS60249_CSF,GSM4104126_CACAGGCAGTACGTAA-1,CSF,-0.29997119987097626
MS,MS60249_CSF,GSM4104126_CACAGGCGTATCACCA-1,CSF,-0.29997119987097626
MS,MS60249_CSF,GSM4104126_CACAGGCGTTTAGCTG-1,CSF,-0.29997119987097626
MS,MS60249_CSF,GSM4104126_CACAGTAAGAAGGACA-1,CSF,-0.07518243796199826
MS,MS60249_CSF,GSM4104126_CACAGTAGTTCCATGA-1,CSF,-0.29997119987097626
MS,MS60249_CSF,GSM4104126_CACAGTATCATCTGTT-1,CSF,-0.29997119987097626
MS,MS60249_CSF,GSM4104126_CACATAGCACTGCCAG-1,CSF,-0.13190012523076936
MS,MS60249_CSF,GSM4104126_CACATAGCATGAAGTA-1,CSF,-0.13737508208300558
MS,MS60249_CSF,GSM4104126_CACATTTCAAGACGTG-1,CSF,-0.29997119987097626
MS,MS60249_CSF,GSM4104126_CACATTTCAATCTGCA-1,CSF,0.06850107148069659
MS,MS60249_CSF,GSM4104126_CACCACTAGACAGACC-1,CSF,-0.21844881981157557
MS,MS60249_CSF,GSM4104126_CACCTTGAGCCACGCT-1,CSF,-0.10986329688801845
MS,MS60249_CSF,GSM4104126_CACCTTGAGGCAGTCA-1,CSF,-0.04811421998966164
MS,MS60249_CSF,GSM4104126_CACTCCAAGCATGGCA-1,CSF,0.11914896294146529
MS,MS60249_CSF,GSM4104126_CACTCCAGTACGCTGC-1,CSF,-0.01832773171783244
MS,MS60249_CSF,GSM4104126_CAGAGAGTCAGGCCCA-1,CSF,-0.1030331040061802
MS,MS60249_CSF,GSM4104126_CAGATCAAGCCAACAG-1,CSF,-0.29997119987097626
MS,MS60249_CSF,GSM4104126_CAGCAGCAGCCCAGCT-1,CSF,-0.061897075005392065
MS,MS60249_CSF,GSM4104126_CAGCAGCAGCTAACAA-1,CSF,0.2913347517694472
MS,MS60249_CSF,GSM4104126_CAGCAGCGTCAATACC-1,CSF,-0.29997119987097626
MS,MS60249_CSF,GSM4104126_CAGCCGAAGCTGCCCA-1,CSF,-0.29997119987097626
MS,MS60249_CSF,GSM4104126_CAGCGACAGATGTTAG-1,CSF,0.1084371456249047
MS,MS60249_CSF,GSM4104126_CAGCGACGTCTCAACA-1,CSF,-0.20720819565481693
MS,MS60249_CSF,GSM4104126_CAGCTAAAGTAGCCGA-1,CSF,-0.10766015604030184
MS,MS60249_CSF,GSM4104126_CAGCTAAAGTATGACA-1,CSF,-0.29997119987097626
MS,MS60249_CSF,GSM4104126_CAGCTGGAGCAGGTCA-1,CSF,0.043291299447598526
MS,MS60249_CSF,GSM4104126_CAGCTGGGTCGTTGTA-1,CSF,-0.06014200184191705
MS,MS60249_CSF,GSM4104126_CAGGTGCAGCTAACAA-1,CSF,0.05536074040217683
MS,MS60249_CSF,GSM4104126_CAGGTGCAGGGATGGG-1,CSF,-0.29997119987097626
MS,MS60249_CSF,GSM4104126_CAGTAACAGACCACGA-1,CSF,-0.29997119987097626
MS,MS60249_CSF,GSM4104126_CAGTAACAGATGGCGT-1,CSF,-0.22394461998346765
MS,MS60249_CSF,GSM4104126_CATATGGGTAGGGACT-1,CSF,-0.29997119987097626
MS,MS60249_CSF,GSM4104126_CATATTCGTGCTAGCC-1,CSF,0.0738149307390656
MS,MS60249_CSF,GSM4104126_CATATTCTCCAAACTG-1,CSF,0.48318964128638875
MS,MS60249_CSF,GSM4104126_CATATTCTCTTGGGTA-1,CSF,-0.29997119987097626
MS,MS60249_CSF,GSM4104126_CATCAGACAGATGGCA-1,CSF,0.04628965862702399
MS,MS60249_CSF,GSM4104126_CATCAGATCAACGCTA-1,CSF,0.0558735761838033
MS,MS60249_CSF,GSM4104126_CATCCACTCCTCCTAG-1,CSF,0.4450503715472052
MS,MS60249_CSF,GSM4104126_CATCCACTCGATCCCT-1,CSF,-0.03053761234936484
MS,MS60249_CSF,GSM4104126_CATGCCTCAGGACGTA-1,CSF,-0.037530348281622994
MS,MS60249_CSF,GSM4104126_CATGCCTGTCAAAGCG-1,CSF,-0.13751334444334615
MS,MS60249_CSF,GSM4104126_CATTATCGTCGCTTTC-1,CSF,0.11707505580647662
MS,MS60249_CSF,GSM4104126_CATTCGCCAACCGCCA-1,CSF,0.0481551550351863
MS,MS60249_CSF,GSM4104126_CCAATCCCAGTAGAGC-1,CSF,0.17562321308106865
MS,MS60249_CSF,GSM4104126_CCAATCCGTTCCGTCT-1,CSF,-0.18994929676471012
MS,MS60249_CSF,GSM4104126_CCAATCCTCAGAAATG-1,CSF,-0.005806942459794533
MS,MS60249_CSF,GSM4104126_CCAATCCTCTACCTGC-1,CSF,-0.13394556234069013
MS,MS60249_CSF,GSM4104126_CCACCTACAAGAAAGG-1,CSF,-0.028734114863655867
MS,MS60249_CSF,GSM4104126_CCACGGACAATGTTGC-1,CSF,0.18645599686553324
MS,MS60249_CSF,GSM4104126_CCACGGACACTGTTAG-1,CSF,-0.1789616733098762
MS,MS60249_CSF,GSM4104126_CCACTACCATATACCG-1,CSF,-0.29997119987097626
MS,MS60249_CSF,GSM4104126_CCACTACGTGGCGAAT-1,CSF,-0.07607497683631008
MS,MS60249_CSF,GSM4104126_CCAGCGATCCAAGCCG-1,CSF,0.39260238058088637
MS,MS60249_CSF,GSM4104126_CCAGCGATCCCAAGAT-1,CSF,0.6282639047992119
MS,MS60249_CSF,GSM4104126_CCATTCGAGATGTAAC-1,CSF,-0.29997119987097626
MS,MS60249_CSF,GSM4104126_CCCAATCAGACTCGGA-1,CSF,-0.1369410941942977
MS,MS60249_CSF,GSM4104126_CCCAATCAGCGTCAAG-1,CSF,-0.10710548757813436
MS,MS60249_CSF,GSM4104126_CCCAGTTAGATATGGT-1,CSF,0.09927352843924642
MS,MS60249_CSF,GSM4104126_CCCAGTTCAGGATCGA-1,CSF,0.11060768183851266
MS,MS60249_CSF,GSM4104126_CCCAGTTGTACTTCTT-1,CSF,0.0072942179323402445
MS,MS60249_CSF,GSM4104126_CCCAGTTGTCGTGGCT-1,CSF,0.4034243215247847
MS,MS60249_CSF,GSM4104126_CCCATACCAGTCAGCC-1,CSF,0.2076921285089289
MS,MS60249_CSF,GSM4104126_CCCATACTCGCTAGCG-1,CSF,-0.02600598077128987
MS,MS60249_CSF,GSM4104126_CCCTCCTGTTGAGGTG-1,CSF,-0.29997119987097626
MS,MS60249_CSF,GSM4104126_CCCTCCTTCGTACCGG-1,CSF,-0.29997119987097626
MS,MS60249_CSF,GSM4104126_CCGTGGACATACTCTT-1,CSF,0.6296434195762978
MS,MS60249_CSF,GSM4104126_CCGTTCACAGATGGGT-1,CSF,-0.15683319672403773
MS,MS60249_CSF,GSM4104126_CCGTTCAGTGACAAAT-1,CSF,0.10624988208730872
MS,MS60249_CSF,GSM4104126_CCTAAAGCAGATCCAT-1,CSF,-0.04494630009814372
MS,MS60249_CSF,GSM4104126_CCTACCAGTAGGCATG-1,CSF,0.09860034592809767
MS,MS60249_CSF,GSM4104126_CCTCAGTCATTGTGCA-1,CSF,-0.29997119987097626
MS,MS60249_CSF,GSM4104126_CCTCTGACAGCATGAG-1,CSF,0.31280492973422425
MS,MS60249_CSF,GSM4104126_CCTTACGCAGGCGATA-1,CSF,-0.08133179348440187
MS,MS60249_CSF,GSM4104126_CCTTCCCTCTCTGAGA-1,CSF,0.6582905594078975
MS,MS60249_CSF,GSM4104126_CCTTCGAAGCAGATCG-1,CSF,0.37708052898087935
MS,MS60249_CSF,GSM4104126_CCTTCGACAGTTCCCT-1,CSF,-0.29997119987097626
MS,MS60249_CSF,GSM4104126_CCTTCGATCAACACCA-1,CSF,-0.11571948949738273
MS,MS60249_CSF,GSM4104126_CGAACATAGCGATATA-1,CSF,-0.03233579183461983
MS,MS60249_CSF,GSM4104126_CGAACATCATTACGAC-1,CSF,0.3765507478296362
MS,MS60249_CSF,GSM4104126_CGAATGTAGTGGGATC-1,CSF,0.534257468262658
MS,MS60249_CSF,GSM4104126_CGAATGTCAGACGCAA-1,CSF,0.08594014340518907
MS,MS60249_CSF,GSM4104126_CGACCTTAGTATGACA-1,CSF,-0.05622764928320963
MS,MS60249_CSF,GSM4104126_CGACCTTCAGCATACT-1,CSF,0.24667597981010309
MS,MS60249_CSF,GSM4104126_CGACCTTGTCCGCTGA-1,CSF,-0.24408328246260033
MS,MS60249_CSF,GSM4104126_CGAGAAGAGATATGGT-1,CSF,0.03829973060291307
MS,MS60249_CSF,GSM4104126_CGAGCCACACCCTATC-1,CSF,0.13326382187878288
MS,MS60249_CSF,GSM4104126_CGAGCCAGTATTCGTG-1,CSF,0.11909416010315683
MS,MS60249_CSF,GSM4104126_CGATGTATCGGCGCAT-1,CSF,-0.29997119987097626
MS,MS60249_CSF,GSM4104126_CGCCAAGAGGCTAGGT-1,CSF,-0.07610775370745293
MS,MS60249_CSF,GSM4104126_CGCGGTAAGAAGGTTT-1,CSF,0.2305409476528629
MS,MS60249_CSF,GSM4104126_CGCGGTAAGGCAGGTT-1,CSF,0.031214621864986945
MS,MS60249_CSF,GSM4104126_CGCGGTAGTCGAATCT-1,CSF,-0.29997119987097626
MS,MS60249_CSF,GSM4104126_CGCGTTTCAAAGAATC-1,CSF,-0.06713007776556681
MS,MS60249_CSF,GSM4104126_CGCTATCAGAGCTGGT-1,CSF,0.38043546609876266
MS,MS60249_CSF,GSM4104126_CGCTATCAGCTGGAAC-1,CSF,-0.10425862972816724
MS,MS60249_CSF,GSM4104126_CGCTATCCAATGCCAT-1,CSF,0.20756153109554173
MS,MS60249_CSF,GSM4104126_CGCTATCGTTAAAGTG-1,CSF,0.08278853648675184
MS,MS60249_CSF,GSM4104126_CGCTGGACATATGCTG-1,CSF,0.2123252077432654
MS,MS60249_CSF,GSM4104126_CGCTGGATCCACGCAG-1,CSF,-0.048867915315579935
MS,MS60249_CSF,GSM4104126_CGCTTCACAGTAAGCG-1,CSF,-0.0477243180415247
MS,MS60249_CSF,GSM4104126_CGGACACGTCAGATAA-1,CSF,-0.29997119987097626
MS,MS60249_CSF,GSM4104126_CGGACACTCAGAGGTG-1,CSF,-0.29997119987097626
MS,MS60249_CSF,GSM4104126_CGGACGTAGTTTGCGT-1,CSF,0.1761838263762953
MS,MS60249_CSF,GSM4104126_CGGACGTGTCTTCAAG-1,CSF,-0.05977890472493872
MS,MS60249_CSF,GSM4104126_CGGACGTTCTTGACGA-1,CSF,-0.07306474062785226
MS,MS60249_CSF,GSM4104126_CGGACTGCATATGAGA-1,CSF,0.22250266407944133
MS,MS60249_CSF,GSM4104126_CGGACTGGTGGGTCAA-1,CSF,-0.20240769721479568
MS,MS60249_CSF,GSM4104126_CGGAGCTGTTCACCTC-1,CSF,0.24423381483806159
MS,MS60249_CSF,GSM4104126_CGGCTAGCATGGGACA-1,CSF,-0.12103059494454019
MS,MS60249_CSF,GSM4104126_CGGGTCATCGGCGGTT-1,CSF,0.14053800065049957
MS,MS60249_CSF,GSM4104126_CGGGTCATCTCTTGAT-1,CSF,0.20564711398441268
MS,MS60249_CSF,GSM4104126_CGTAGCGAGACACGAC-1,CSF,0.02558630427520884
MS,MS60249_CSF,GSM4104126_CGTAGGCTCCACGCAG-1,CSF,-0.06193529829712268
MS,MS60249_CSF,GSM4104126_CGTAGGCTCTTAGCCC-1,CSF,0.12579519518071464
MS,MS60249_CSF,GSM4104126_CGTCACTAGAAACCAT-1,CSF,-0.04606392282223503
MS,MS60249_CSF,GSM4104126_CGTCACTCAATAAGCA-1,CSF,0.7468012075175651
MS,MS60249_CSF,GSM4104126_CGTCACTGTTCAGTAC-1,CSF,-0.29997119987097626
MS,MS60249_CSF,GSM4104126_CGTCTACCATACGCCG-1,CSF,-0.058597343187241344
MS,MS60249_CSF,GSM4104126_CGTGTCTTCAACGGCC-1,CSF,0.003908233543344908
MS,MS60249_CSF,GSM4104126_CGTGTCTTCTTTAGGG-1,CSF,-0.29997119987097626
MS,MS60249_CSF,GSM4104126_CGTTAGAAGTAAGTAC-1,CSF,0.007143811433144688
MS,MS60249_CSF,GSM4104126_CGTTAGACATATACCG-1,CSF,-0.22225458863934452
MS,MS60249_CSF,GSM4104126_CGTTAGAGTCGCGAAA-1,CSF,0.017024568356295757
MS,MS60249_CSF,GSM4104126_CGTTCTGCACTTAAGC-1,CSF,-0.29997119987097626
MS,MS60249_CSF,GSM4104126_CGTTGGGAGTTTGCGT-1,CSF,0.46854259292715106
MS,MS60249_CSF,GSM4104126_CTAACTTAGTACGACG-1,CSF,0.052179112891134305
MS,MS60249_CSF,GSM4104126_CTAACTTTCGCCAGCA-1,CSF,-0.2183174840884386
MS,MS60249_CSF,GSM4104126_CTACACCAGTTTGCGT-1,CSF,-0.29997119987097626
MS,MS60249_CSF,GSM4104126_CTACATTCAGCTGGCT-1,CSF,0.10989070756521706
MS,MS60249_CSF,GSM4104126_CTACATTTCTTGCATT-1,CSF,0.8655198658885537
MS,MS60249_CSF,GSM4104126_CTACCCATCTTCAACT-1,CSF,-0.29997119987097626
MS,MS60249_CSF,GSM4104126_CTACGTCGTCGAATCT-1,CSF,0.06295441354822708
MS,MS60249_CSF,GSM4104126_CTACGTCTCGGCGCAT-1,CSF,-0.0248640983789464
MS,MS60249_CSF,GSM4104126_CTAGAGTGTTGGTAAA-1,CSF,-0.04671031128219001
MS,MS60249_CSF,GSM4104126_CTAGCCTAGGGAACGG-1,CSF,-0.1333635292883877
MS,MS60249_CSF,GSM4104126_CTAGCCTCAAAGTGCG-1,CSF,-0.29997119987097626
MS,MS60249_CSF,GSM4104126_CTAGCCTGTAATAGCA-1,CSF,-0.29997119987097626
MS,MS60249_CSF,GSM4104126_CTAGTGACAATGGAGC-1,CSF,-0.05257325433338481
MS,MS60249_CSF,GSM4104126_CTCAGAAGTCGAATCT-1,CSF,0.24447754169081845
MS,MS60249_CSF,GSM4104126_CTCAGAATCTTACCGC-1,CSF,-0.1269351756721335
MS,MS60249_CSF,GSM4104126_CTCCTAGTCGTTTATC-1,CSF,0.25028840732308727
MS,MS60249_CSF,GSM4104126_CTCGAAAGTGAAGGCT-1,CSF,-0.007386906262272837
MS,MS60249_CSF,GSM4104126_CTCGAAATCTACCTGC-1,CSF,-0.23168013936478316
MS,MS60249_CSF,GSM4104126_CTCGAAATCTGCTTGC-1,CSF,0.043712014324008876
MS,MS60249_CSF,GSM4104126_CTCGAGGCAAGGTGTG-1,CSF,-0.29997119987097626
MS,MS60249_CSF,GSM4104126_CTCGAGGCAGCCAATT-1,CSF,0.0790941773707476
MS,MS60249_CSF,GSM4104126_CTCGAGGCATGAGCGA-1,CSF,-0.02533230190353992
MS,MS60249_CSF,GSM4104126_CTCTACGCAGTAACGG-1,CSF,0.3259028550262704
MS,MS60249_CSF,GSM4104126_CTCTGGTCAACGATCT-1,CSF,0.11743311950909432
MS,MS60249_CSF,GSM4104126_CTGATAGAGATAGTCA-1,CSF,-0.11114403668896088
MS,MS60249_CSF,GSM4104126_CTGATCCCAGCTATTG-1,CSF,-0.13176534641624713
MS,MS60249_CSF,GSM4104126_CTGATCCTCAGCGACC-1,CSF,0.16883325073576236
MS,MS60249_CSF,GSM4104126_CTGCGGAAGATGCGAC-1,CSF,0.14777347568740537
MS,MS60249_CSF,GSM4104126_CTGCGGACACACTGCG-1,CSF,-0.0717129314840128
MS,MS60249_CSF,GSM4104126_CTGTGCTTCATGTCTT-1,CSF,0.43859766660699057
MS,MS60249_CSF,GSM4104126_CTGTTTACAAGCGATG-1,CSF,0.4593878097147431
MS,MS60249_CSF,GSM4104126_CTTAACTAGCCACGCT-1,CSF,-0.056357164321137285
MS,MS60249_CSF,GSM4104126_CTTACCGCAACTGCTA-1,CSF,0.10941485053268975
MS,MS60249_CSF,GSM4104126_CTTACCGGTCTGCAAT-1,CSF,-0.29997119987097626
MS,MS60249_CSF,GSM4104126_CTTACCGTCATAAAGG-1,CSF,-0.020339686908739423
MS,MS60249_CSF,GSM4104126_CTTACCGTCTCCTATA-1,CSF,0.028217277546134584
MS,MS60249_CSF,GSM4104126_CTTGGCTCAAGCTGTT-1,CSF,0.23996404937187105
MS,MS60249_CSF,GSM4104126_CTTGGCTTCATAAAGG-1,CSF,-0.29997119987097626
MS,MS60249_CSF,GSM4104126_GAAACTCGTTATCGGT-1,CSF,0.054193056351568854
MS,MS60249_CSF,GSM4104126_GAACATCAGCCAGAAC-1,CSF,0.25716719641615515
MS,MS60249_CSF,GSM4104126_GAAGCAGAGGGAAACA-1,CSF,-0.29997119987097626
MS,MS60249_CSF,GSM4104126_GAAGCAGAGGGATGGG-1,CSF,-0.04513149924926949
MS,MS60249_CSF,GSM4104126_GAATAAGCAAGGTGTG-1,CSF,0.21432027252087954
MS,MS60249_CSF,GSM4104126_GAATAAGGTACACCGC-1,CSF,-0.08851400888125042
MS,MS60249_CSF,GSM4104126_GAATGAATCGGCCGAT-1,CSF,0.08214927142682157
MS,MS60249_CSF,GSM4104126_GACACGCGTATGGTTC-1,CSF,0.37035354982927876
MS,MS60249_CSF,GSM4104126_GACAGAGCACGCATCG-1,CSF,0.13705154782098278
MS,MS60249_CSF,GSM4104126_GACCTGGGTCCCGACA-1,CSF,-0.29997119987097626
MS,MS60249_CSF,GSM4104126_GACGCGTAGAGTGACC-1,CSF,0.17715653803976797
MS,MS60249_CSF,GSM4104126_GACGCGTGTCTCTCGT-1,CSF,-0.29997119987097626
MS,MS60249_CSF,GSM4104126_GACGGCTAGTATCTCG-1,CSF,-0.29997119987097626
MS,MS60249_CSF,GSM4104126_GACGTTACAGCGTCCA-1,CSF,-0.20099270569968178
MS,MS60249_CSF,GSM4104126_GACTACACACGAGGTA-1,CSF,0.10135702522647295
MS,MS60249_CSF,GSM4104126_GAGCAGAGTATTCTCT-1,CSF,-0.29997119987097626
MS,MS60249_CSF,GSM4104126_GAGTCCGCACACATGT-1,CSF,0.0624161709443886
MS,MS60249_CSF,GSM4104126_GAGTCCGGTCTGATCA-1,CSF,-0.29997119987097626
MS,MS60249_CSF,GSM4104126_GAGTCCGGTGTTGGGA-1,CSF,-0.17026229536932277
MS,MS60249_CSF,GSM4104126_GAGTCCGTCCGCATAA-1,CSF,0.04358295420768891
MS,MS60249_CSF,GSM4104126_GATCGATGTGGTCCGT-1,CSF,0.2662537427435242
MS,MS60249_CSF,GSM4104126_GATCGCGGTTGAGGTG-1,CSF,-0.111874202121608
MS,MS60249_CSF,GSM4104126_GATCGTACAAATCCGT-1,CSF,-0.03997614325294409
MS,MS60249_CSF,GSM4104126_GATCGTAGTGTGAAAT-1,CSF,-0.29997119987097626
MS,MS60249_CSF,GSM4104126_GATCTAGCAGCGAACA-1,CSF,-0.29997119987097626
MS,MS60249_CSF,GSM4104126_GATCTAGCATCTACGA-1,CSF,0.1202848858667562
MS,MS60249_CSF,GSM4104126_GATCTAGCATGCCACG-1,CSF,0.05427098385796821
MS,MS60249_CSF,GSM4104126_GATGAGGAGAACAATC-1,CSF,0.2220709507558207
MS,MS60249_CSF,GSM4104126_GATGCTAAGAGCAATT-1,CSF,0.14696343628590489
MS,MS60249_CSF,GSM4104126_GCAAACTGTCTAGCGC-1,CSF,0.3286644666792061
MS,MS60249_CSF,GSM4104126_GCAAACTGTTTGCATG-1,CSF,-0.16357887749930924
MS,MS60249_CSF,GSM4104126_GCAATCAAGAATGTTG-1,CSF,-0.08360617666236443
MS,MS60249_CSF,GSM4104126_GCACTCTAGGAATGGA-1,CSF,-0.29997119987097626
MS,MS60249_CSF,GSM4104126_GCAGCCAGTCCAACTA-1,CSF,-0.29997119987097626
MS,MS60249_CSF,GSM4104126_GCAGTTATCCCTTGCA-1,CSF,-0.15385893445161378
MS,MS60249_CSF,GSM4104126_GCATACAGTTGCGTTA-1,CSF,0.07629116158934703
MS,MS60249_CSF,GSM4104126_GCATGCGCACACTGCG-1,CSF,-0.20335568102276777
MS,MS60249_CSF,GSM4104126_GCATGCGGTGGCCCTA-1,CSF,0.038257389375997874
MS,MS60249_CSF,GSM4104126_GCCAAATCACGTTGGC-1,CSF,0.03674770197699758
MS,MS60249_CSF,GSM4104126_GCCAAATGTCGTTGTA-1,CSF,-0.29997119987097626
MS,MS60249_CSF,GSM4104126_GCCAAATTCACCACCT-1,CSF,-0.29997119987097626
MS,MS60249_CSF,GSM4104126_GCCTCTAGTACAGTTC-1,CSF,-0.29997119987097626
MS,MS60249_CSF,GSM4104126_GCGACCAGTTGGGACA-1,CSF,-0.16409199757594642
MS,MS60249_CSF,GSM4104126_GCGACCATCTCGATGA-1,CSF,-0.1169249048213141
MS,MS60249_CSF,GSM4104126_GCGAGAACAGCTGTGC-1,CSF,-0.17897155429381328
MS,MS60249_CSF,GSM4104126_GCGCAGTGTCAAAGCG-1,CSF,-0.07670318509128804
MS,MS60249_CSF,GSM4104126_GCGCAGTTCAGAGACG-1,CSF,-0.29997119987097626
MS,MS60249_CSF,GSM4104126_GCGCCAATCGGAGCAA-1,CSF,-0.25944220184479544
MS,MS60249_CSF,GSM4104126_GCGCCAATCGTGTAGT-1,CSF,-0.29997119987097626
MS,MS60249_CSF,GSM4104126_GCGCGATCAAACAACA-1,CSF,-0.09004193395585387
MS,MS60249_CSF,GSM4104126_GCGCGATTCAGGCCCA-1,CSF,-0.16490042465489177
MS,MS60249_CSF,GSM4104126_GCGGGTTCAGCCAGAA-1,CSF,-0.29997119987097626
MS,MS60249_CSF,GSM4104126_GCGGGTTCATGTCCTC-1,CSF,-0.29997119987097626
MS,MS60249_CSF,GSM4104126_GCTCCTAAGTGGAGTC-1,CSF,-0.20479835411569605
MS,MS60249_CSF,GSM4104126_GCTCCTAGTCGAAAGC-1,CSF,0.11057103684239904
MS,MS60249_CSF,GSM4104126_GCTCTGTCATGACGGA-1,CSF,-0.0016768302108784042
MS,MS60249_CSF,GSM4104126_GCTGGGTTCACCATAG-1,CSF,-0.29997119987097626
MS,MS60249_CSF,GSM4104126_GCTTCCAGTAGTGAAT-1,CSF,0.267261718887845
MS,MS60249_CSF,GSM4104126_GCTTGAAAGAGTCTGG-1,CSF,-0.29997119987097626
MS,MS60249_CSF,GSM4104126_GCTTGAAAGCCTCGTG-1,CSF,0.13814379651365663
MS,MS60249_CSF,GSM4104126_GGAAAGCAGCCTCGTG-1,CSF,0.0009023310290641288
MS,MS60249_CSF,GSM4104126_GGAATAAAGGATGGTC-1,CSF,-0.05598253477815757
MS,MS60249_CSF,GSM4104126_GGACAAGCAGATTGCT-1,CSF,-0.29997119987097626
MS,MS60249_CSF,GSM4104126_GGACAAGGTGCACGAA-1,CSF,-0.29997119987097626
MS,MS60249_CSF,GSM4104126_GGACAGAAGAATGTTG-1,CSF,0.03337024591861452
MS,MS60249_CSF,GSM4104126_GGACAGAAGGACACCA-1,CSF,0.09139536687526566
MS,MS60249_CSF,GSM4104126_GGACAGAGTACCGCTG-1,CSF,-0.031087432921518488
MS,MS60249_CSF,GSM4104126_GGACAGATCTTGCAAG-1,CSF,0.204101170759626
MS,MS60249_CSF,GSM4104126_GGACATTTCGGGAGTA-1,CSF,-0.19760966139035543
MS,MS60249_CSF,GSM4104126_GGAGCAAAGCTAGCCC-1,CSF,0.01046780704651516
MS,MS60249_CSF,GSM4104126_GGATGTTTCTAACTGG-1,CSF,-0.16894532976706064
MS,MS60249_CSF,GSM4104126_GGCAATTAGATATACG-1,CSF,0.24513080470967336
MS,MS60249_CSF,GSM4104126_GGCAATTGTGACCAAG-1,CSF,-0.026823193590484788
MS,MS60249_CSF,GSM4104126_GGCAATTGTGGTAACG-1,CSF,-0.16745808792925207
MS,MS60249_CSF,GSM4104126_GGCCGATTCTGCAAGT-1,CSF,0.7501000911365506
MS,MS60249_CSF,GSM4104126_GGCGACTAGAGGGATA-1,CSF,-0.29997119987097626
MS,MS60249_CSF,GSM4104126_GGCGACTGTCTGGTCG-1,CSF,-0.29997119987097626
MS,MS60249_CSF,GSM4104126_GGCGTGTCAAGACACG-1,CSF,-0.09999539523389919
MS,MS60249_CSF,GSM4104126_GGCGTGTCACCAGGTC-1,CSF,-0.1851737645994169
MS,MS60249_CSF,GSM4104126_GGCGTGTCAGGCTCAC-1,CSF,-0.29997119987097626
MS,MS60249_CSF,GSM4104126_GGCTCGACATACTACG-1,CSF,-0.19994859372539256
MS,MS60249_CSF,GSM4104126_GGCTCGATCTATGTGG-1,CSF,0.09686650502924486
MS,MS60249_CSF,GSM4104126_GGCTGGTAGGACATTA-1,CSF,-0.29997119987097626
MS,MS60249_CSF,GSM4104126_GGGAATGGTCTAGCCG-1,CSF,-0.21264814558669468
MS,MS60249_CSF,GSM4104126_GGGACCTCAAGACGTG-1,CSF,0.2902717423955239
MS,MS60249_CSF,GSM4104126_GGGACCTCATCCCATC-1,CSF,0.03841277665555468
MS,MS60249_CSF,GSM4104126_GGGATGATCGGAGGTA-1,CSF,0.11415371424260999
MS,MS60249_CSF,GSM4104126_GGGCATCCACAACTGT-1,CSF,-0.03651798896385776
MS,MS60249_CSF,GSM4104126_GGGCATCCATCATCCC-1,CSF,0.18562865262493175
MS,MS60249_CSF,GSM4104126_GGGTCTGAGCTAAACA-1,CSF,-0.29997119987097626
MS,MS60249_CSF,GSM4104126_GGGTCTGAGGGAGTAA-1,CSF,0.24994449639451594
MS,MS60249_CSF,GSM4104126_GGGTCTGCACGGTGTC-1,CSF,-0.09388563491868997
MS,MS60249_CSF,GSM4104126_GGGTTGCCAGATGGGT-1,CSF,-0.29997119987097626
MS,MS60249_CSF,GSM4104126_GGTATTGCATGCTGGC-1,CSF,-0.29997119987097626
MS,MS60249_CSF,GSM4104126_GGTATTGTCACTTCAT-1,CSF,-0.29997119987097626
MS,MS60249_CSF,GSM4104126_GGTGAAGTCTCTAGGA-1,CSF,0.13285708428318085
MS,MS60249_CSF,GSM4104126_GGTGCGTTCACAGGCC-1,CSF,-0.20588267858306905
MS,MS60249_CSF,GSM4104126_GGTGCGTTCCCTTGTG-1,CSF,-0.060333467131593196
MS,MS60249_CSF,GSM4104126_GGTGCGTTCTTCATGT-1,CSF,-0.29997119987097626
MS,MS60249_CSF,GSM4104126_GGTGTTATCATTGCCC-1,CSF,-0.29997119987097626
MS,MS60249_CSF,GSM4104126_GTAACGTCAAGGACTG-1,CSF,-0.29997119987097626
MS,MS60249_CSF,GSM4104126_GTAACTGGTCTAAACC-1,CSF,-0.29997119987097626
MS,MS60249_CSF,GSM4104126_GTACGTAAGTTCGCGC-1,CSF,0.07872279952548257
MS,MS60249_CSF,GSM4104126_GTACGTAGTCGTTGTA-1,CSF,-0.1502400659402799
MS,MS60249_CSF,GSM4104126_GTACTTTGTGTAATGA-1,CSF,-0.1676840063768345
MS,MS60249_CSF,GSM4104126_GTAGTCAGTATCTGCA-1,CSF,-0.29997119987097626
MS,MS60249_CSF,GSM4104126_GTAGTCATCAGCAACT-1,CSF,0.09426823391487985
MS,MS60249_CSF,GSM4104126_GTCAAGTAGCTAGGCA-1,CSF,-0.20168721236920306
MS,MS60249_CSF,GSM4104126_GTCAAGTTCCTCAATT-1,CSF,0.0946425343863895
MS,MS60249_CSF,GSM4104126_GTCACAAGTTCGTCTC-1,CSF,-0.29997119987097626
MS,MS60249_CSF,GSM4104126_GTCATTTAGTCGTTTG-1,CSF,-0.13599714676981667
MS,MS60249_CSF,GSM4104126_GTCCTCAAGAAGATTC-1,CSF,-0.020763948326117214
MS,MS60249_CSF,GSM4104126_GTCCTCACACTGCCAG-1,CSF,-0.09076525424194094
MS,MS60249_CSF,GSM4104126_GTCCTCACATGCTAGT-1,CSF,0.28494259164455704
MS,MS60249_CSF,GSM4104126_GTCCTCAGTAAATGTG-1,CSF,-0.20736248168503782
MS,MS60249_CSF,GSM4104126_GTCCTCATCCAATGGT-1,CSF,-0.09123989103382102
MS,MS60249_CSF,GSM4104126_GTCGGGTCATAGAAAC-1,CSF,-0.0649372228066749
MS,MS60249_CSF,GSM4104126_GTCGGGTGTCTGCGGT-1,CSF,-0.15277464437921034
MS,MS60249_CSF,GSM4104126_GTCGGGTTCTTTACAC-1,CSF,0.13874008327927984
MS,MS60249_CSF,GSM4104126_GTCTCGTTCTGCAGTA-1,CSF,0.1374315143984026
MS,MS60249_CSF,GSM4104126_GTCTTCGTCGATAGAA-1,CSF,0.03629838713319163
MS,MS60249_CSF,GSM4104126_GTGAAGGGTGAGGCTA-1,CSF,0.17185373746574367
MS,MS60249_CSF,GSM4104126_GTGCAGCTCGAATGGG-1,CSF,-0.29997119987097626
MS,MS60249_CSF,GSM4104126_GTGCGGTAGACAAGCC-1,CSF,0.5966333321408754
MS,MS60249_CSF,GSM4104126_GTGCTTCCAGTATAAG-1,CSF,0.5586430622629616
MS,MS60249_CSF,GSM4104126_GTGCTTCTCATAGCAC-1,CSF,-0.09931092934418717
MS,MS60249_CSF,GSM4104126_GTGTGCGCATAGACTC-1,CSF,-0.29997119987097626
MS,MS60249_CSF,GSM4104126_GTGTTAGTCATGCTCC-1,CSF,-0.10027879224097516
MS,MS60249_CSF,GSM4104126_GTGTTAGTCGAATCCA-1,CSF,0.05625560241913923
MS,MS60249_CSF,GSM4104126_GTTACAGAGATTACCC-1,CSF,-0.2137295151173446
MS,MS60249_CSF,GSM4104126_GTTACAGTCTGCTGTC-1,CSF,-0.02027811986669792
MS,MS60249_CSF,GSM4104126_GTTCGGGAGTAGGCCA-1,CSF,-0.2478361831512174
MS,MS60249_CSF,GSM4104126_GTTCGGGGTATCGCAT-1,CSF,0.17051959967290012
MS,MS60249_CSF,GSM4104126_GTTCTCGGTCGTGGCT-1,CSF,-0.29997119987097626
MS,MS60249_CSF,GSM4104126_GTTCTCGGTCTTGATG-1,CSF,0.02598185676741844
MS,MS60249_CSF,GSM4104126_GTTTCTAAGCTTATCG-1,CSF,0.35030139117585973
MS,MS60249_CSF,GSM4104126_GTTTCTAGTCTAGTGT-1,CSF,0.10383322195723453
MS,MS60249_CSF,GSM4104126_TAAACCGTCAGCTCTC-1,CSF,-0.04128899467123764
MS,MS60249_CSF,GSM4104126_TAAGAGAAGCTAGCCC-1,CSF,-0.29997119987097626
MS,MS60249_CSF,GSM4104126_TAAGAGATCTCTTGAT-1,CSF,0.009034331856921105
MS,MS60249_CSF,GSM4104126_TAAGTGCCAGTTAACC-1,CSF,-0.06162545745265737
MS,MS60249_CSF,GSM4104126_TAAGTGCGTCCGCTGA-1,CSF,0.19844862566265248
MS,MS60249_CSF,GSM4104126_TACACGAGTGCGAAAC-1,CSF,-0.025766154642992995
MS,MS60249_CSF,GSM4104126_TACCTATAGGAACTGC-1,CSF,-0.29997119987097626
MS,MS60249_CSF,GSM4104126_TACCTATCATTTCAGG-1,CSF,0.13804703988081982
MS,MS60249_CSF,GSM4104126_TACCTATTCATGTGGT-1,CSF,0.0719468222829899
MS,MS60249_CSF,GSM4104126_TACCTTATCGAACTGT-1,CSF,-0.16803571150645355
MS,MS60249_CSF,GSM4104126_TACGGATCAATAACGA-1,CSF,-0.29997119987097626
MS,MS60249_CSF,GSM4104126_TACGGATGTAGAAAGG-1,CSF,-0.17069706126175996
MS,MS60249_CSF,GSM4104126_TACGGGCAGGGTGTTG-1,CSF,0.15113384555974865
MS,MS60249_CSF,GSM4104126_TACGGGCGTCTAACGT-1,CSF,-0.29997119987097626
MS,MS60249_CSF,GSM4104126_TACGGGCGTTATTCTC-1,CSF,-0.0892837384660328
MS,MS60249_CSF,GSM4104126_TACGGTAGTAGCGATG-1,CSF,-0.29997119987097626
MS,MS60249_CSF,GSM4104126_TACTCATAGAGGTTGC-1,CSF,-0.10435254803570104
MS,MS60249_CSF,GSM4104126_TACTCATGTTGGTAAA-1,CSF,-0.29997119987097626
MS,MS60249_CSF,GSM4104126_TACTCATTCACGCGGT-1,CSF,-0.04029796394139952
MS,MS60249_CSF,GSM4104126_TACTCGCAGCTAAACA-1,CSF,0.037184134833324514
MS,MS60249_CSF,GSM4104126_TACTTACAGAGTACAT-1,CSF,0.0323979334891849
MS,MS60249_CSF,GSM4104126_TACTTACAGCGAAGGG-1,CSF,0.3382237514229339
MS,MS60249_CSF,GSM4104126_TACTTGTTCTTCGGTC-1,CSF,0.4327893834911952
MS,MS60249_CSF,GSM4104126_TAGACCACAAGCCGCT-1,CSF,-0.11239314390147295
MS,MS60249_CSF,GSM4104126_TAGAGCTGTATATCCG-1,CSF,-0.10553133496553689
MS,MS60249_CSF,GSM4104126_TAGGCATAGATCTGAA-1,CSF,-0.0500997799010167
MS,MS60249_CSF,GSM4104126_TAGTGGTGTAGCGCTC-1,CSF,-0.006496909076544074
MS,MS60249_CSF,GSM4104126_TAGTTGGGTCCGACGT-1,CSF,0.014816005077340577
MS,MS60249_CSF,GSM4104126_TAGTTGGGTTATCACG-1,CSF,0.188806647579552
MS,MS60249_CSF,GSM4104126_TATCTCAAGTTACGGG-1,CSF,-0.05454140790132768
MS,MS60249_CSF,GSM4104126_TATGCCCAGAGAGCTC-1,CSF,-0.14497129097889827
MS,MS60249_CSF,GSM4104126_TATGCCCCATGCCCGA-1,CSF,0.189520089704272
MS,MS60249_CSF,GSM4104126_TATGCCCGTAGCTTGT-1,CSF,-0.2067005508595901
MS,MS60249_CSF,GSM4104126_TATTACCTCACCTTAT-1,CSF,-0.29997119987097626
MS,MS60249_CSF,GSM4104126_TCAACGAAGGAGTCTG-1,CSF,0.08826544574174464
MS,MS60249_CSF,GSM4104126_TCAACGAAGTGAAGAG-1,CSF,-0.1704230189026832
MS,MS60249_CSF,GSM4104126_TCAACGAGTATTCGTG-1,CSF,-0.29997119987097626
MS,MS60249_CSF,GSM4104126_TCAACGAGTCCATGAT-1,CSF,0.16343438878999447
MS,MS60249_CSF,GSM4104126_TCAACGAGTGGCCCTA-1,CSF,0.04854486109435251
MS,MS60249_CSF,GSM4104126_TCAATCTCAGTCCTTC-1,CSF,-0.29997119987097626
MS,MS60249_CSF,GSM4104126_TCAGATGCACGACGAA-1,CSF,0.055515035389842385
MS,MS60249_CSF,GSM4104126_TCAGCTCCACGGACAA-1,CSF,-0.29997119987097626
MS,MS60249_CSF,GSM4104126_TCAGCTCCACTAGTAC-1,CSF,0.07342016264306916
MS,MS60249_CSF,GSM4104126_TCATTACGTACCGAGA-1,CSF,0.07517617805987922
MS,MS60249_CSF,GSM4104126_TCATTACTCGCTTGTC-1,CSF,-0.18429174984942454
MS,MS60249_CSF,GSM4104126_TCATTTGAGAGACTAT-1,CSF,0.17008786106317939
MS,MS60249_CSF,GSM4104126_TCCCGATAGGATGGTC-1,CSF,-0.1353841100997978
MS,MS60249_CSF,GSM4104126_TCGAGGCAGACACGAC-1,CSF,-0.11174774093769223
MS,MS60249_CSF,GSM4104126_TCGCGTTAGATCCCGC-1,CSF,-0.29997119987097626
MS,MS60249_CSF,GSM4104126_TCGTACCGTTCCATGA-1,CSF,-0.17824668879679623
MS,MS60249_CSF,GSM4104126_TCGTAGAAGCAGGCTA-1,CSF,-0.17380451520010226
MS,MS60249_CSF,GSM4104126_TCGTAGACAGTAAGCG-1,CSF,-0.09409384594659663
MS,MS60249_CSF,GSM4104126_TCGTAGACATCGACGC-1,CSF,-0.07112758460861836
MS,MS60249_CSF,GSM4104126_TCTATTGTCTACCAGA-1,CSF,-0.1445303990385875
MS,MS60249_CSF,GSM4104126_TCTCATAGTTCGCTAA-1,CSF,-0.29997119987097626
MS,MS60249_CSF,GSM4104126_TCTCTAAAGCCACGCT-1,CSF,-0.29997119987097626
MS,MS60249_CSF,GSM4104126_TCTCTAAGTAAAGTCA-1,CSF,-0.031017047885332872
MS,MS60249_CSF,GSM4104126_TCTGAGAAGAGTCGGT-1,CSF,-0.05554204922443245
MS,MS60249_CSF,GSM4104126_TCTGAGAAGATGCCTT-1,CSF,0.17824721691947068
MS,MS60249_CSF,GSM4104126_TCTGGAATCCCATTAT-1,CSF,-0.034596664504214246
MS,MS60249_CSF,GSM4104126_TCTTTCCCAAGGTTTC-1,CSF,-0.29997119987097626
MS,MS60249_CSF,GSM4104126_TGAAAGATCTTCGGTC-1,CSF,0.17906165388596504
MS,MS60249_CSF,GSM4104126_TGACAACAGCAGCGTA-1,CSF,0.04101536766497865
MS,MS60249_CSF,GSM4104126_TGACTTTTCAGTGCAT-1,CSF,0.14131720734066636
MS,MS60249_CSF,GSM4104126_TGACTTTTCTTGTTTG-1,CSF,0.34471927972173944
MS,MS60249_CSF,GSM4104126_TGAGCATGTCGTCTTC-1,CSF,0.04536907641990466
MS,MS60249_CSF,GSM4104126_TGAGCATGTTTGCATG-1,CSF,0.2136417833896977
MS,MS60249_CSF,GSM4104126_TGAGCATTCGGACAAG-1,CSF,-0.10134599645422204
MS,MS60249_CSF,GSM4104126_TGAGGGAAGGACGAAA-1,CSF,0.36026186344176464
MS,MS60249_CSF,GSM4104126_TGAGGGACATGCATGT-1,CSF,-0.17787345524518536
MS,MS60249_CSF,GSM4104126_TGATTTCCAATGTTGC-1,CSF,-0.01545460078134715
MS,MS60249_CSF,GSM4104126_TGCACCTTCCAGTATG-1,CSF,0.24616498646078552
MS,MS60249_CSF,GSM4104126_TGCCAAATCGGCTTGG-1,CSF,0.13342951154395372
MS,MS60249_CSF,GSM4104126_TGCCCATGTGGTACAG-1,CSF,0.03672734848475583
MS,MS60249_CSF,GSM4104126_TGCCCATTCCTCAATT-1,CSF,0.016047912647010203
MS,MS60249_CSF,GSM4104126_TGCCCATTCGGTTAAC-1,CSF,-0.07220407815183126
MS,MS60249_CSF,GSM4104126_TGCGCAGTCCTAGAAC-1,CSF,-0.0024283586293938103
MS,MS60249_CSF,GSM4104126_TGCGGGTAGAATCTCC-1,CSF,0.32718676928805285
MS,MS60249_CSF,GSM4104126_TGCGGGTGTCAGGACA-1,CSF,-0.2054203062153746
MS,MS60249_CSF,GSM4104126_TGCGTGGAGAAGATTC-1,CSF,-0.29997119987097626
MS,MS60249_CSF,GSM4104126_TGCGTGGAGTTAGCGG-1,CSF,-0.12049777397939203
MS,MS60249_CSF,GSM4104126_TGCGTGGTCCGTAGGC-1,CSF,-0.0444160991603626
MS,MS60249_CSF,GSM4104126_TGCTACCCACCGCTAG-1,CSF,-0.0005056307245176987
MS,MS60249_CSF,GSM4104126_TGCTGCTGTATATGAG-1,CSF,-0.29997119987097626
MS,MS60249_CSF,GSM4104126_TGCTGCTGTTGGTAAA-1,CSF,0.03516174504150545
MS,MS60249_CSF,GSM4104126_TGCTGCTTCGACAGCC-1,CSF,-0.041887743657304896
MS,MS60249_CSF,GSM4104126_TGGACGCGTCAGATAA-1,CSF,-0.20217514576046494
MS,MS60249_CSF,GSM4104126_TGGCGCAAGAGACTAT-1,CSF,0.0012662852815872475
MS,MS60249_CSF,GSM4104126_TGGGAAGGTAAGGATT-1,CSF,-0.29997119987097626
MS,MS60249_CSF,GSM4104126_TGGGCGTGTCCATCCT-1,CSF,0.20263698929566692
MS,MS60249_CSF,GSM4104126_TGGTTAGCAAGTCTAC-1,CSF,-0.0028346939629261747
MS,MS60249_CSF,GSM4104126_TGGTTCCAGAGTAATC-1,CSF,0.08299642931132303
MS,MS60249_CSF,GSM4104126_TGGTTCCTCCATTCTA-1,CSF,-0.11404284662464723
MS,MS60249_CSF,GSM4104126_TGTATTCCAGAGTGTG-1,CSF,-0.19435072929542438
MS,MS60249_CSF,GSM4104126_TGTCCCACACGGCGTT-1,CSF,0.40704466214752244
MS,MS60249_CSF,GSM4104126_TGTCCCAGTTAAAGTG-1,CSF,-0.29997119987097626
MS,MS60249_CSF,GSM4104126_TGTGTTTAGGCTAGGT-1,CSF,-0.06053722441780374
MS,MS60249_CSF,GSM4104126_TGTTCCGAGCCACGCT-1,CSF,-0.02560219197578437
MS,MS60249_CSF,GSM4104126_TTAACTCGTCTGCCAG-1,CSF,0.24124565720926266
MS,MS60249_CSF,GSM4104126_TTAGGACCAATGGAGC-1,CSF,-0.12397434500565051
MS,MS60249_CSF,GSM4104126_TTAGGACGTAGCCTAT-1,CSF,-0.29997119987097626
MS,MS60249_CSF,GSM4104126_TTAGGCAAGCCTTGAT-1,CSF,-0.12458475027965892
MS,MS60249_CSF,GSM4104126_TTATGCTAGATCGGGT-1,CSF,0.04595744001808581
MS,MS60249_CSF,GSM4104126_TTATGCTGTTGTACAC-1,CSF,-0.17180845467368844
MS,MS60249_CSF,GSM4104126_TTATGCTTCTCCCTGA-1,CSF,-0.05100482528587092
MS,MS60249_CSF,GSM4104126_TTCCCAGTCATATCGG-1,CSF,-0.29997119987097626
MS,MS60249_CSF,GSM4104126_TTCGAAGCACCAGATT-1,CSF,0.039764525261808056
MS,MS60249_CSF,GSM4104126_TTCGGTCAGGCTCATT-1,CSF,-0.06815497243386924
MS,MS60249_CSF,GSM4104126_TTCGGTCCACACTGCG-1,CSF,0.08444169811761182
MS,MS60249_CSF,GSM4104126_TTCTCAATCCAACCAA-1,CSF,0.023224893790075512
MS,MS60249_CSF,GSM4104126_TTCTCCTTCCCATTAT-1,CSF,-0.29997119987097626
MS,MS60249_CSF,GSM4104126_TTCTTAGCATCTCGCT-1,CSF,-0.05369602407581361
MS,MS60249_CSF,GSM4104126_TTGAACGCATAGGATA-1,CSF,0.22464808682390272
MS,MS60249_CSF,GSM4104126_TTGAACGGTGAGGGTT-1,CSF,-0.1322493424029539
MS,MS60249_CSF,GSM4104126_TTGACTTAGCCGATTT-1,CSF,-0.20326265854890946
MS,MS60249_CSF,GSM4104126_TTGACTTGTACTCAAC-1,CSF,0.046369887259071416
MS,MS60249_CSF,GSM4104126_TTGGAACAGATCCTGT-1,CSF,0.5727568508503477
MS,MS60249_CSF,GSM4104126_TTGGAACTCGTTGCCT-1,CSF,-0.16385747156847666
MS,MS60249_CSF,GSM4104126_TTGGCAACAGGTTTCA-1,CSF,-0.29997119987097626
MS,MS60249_CSF,GSM4104126_TTTACTGCAAGGTGTG-1,CSF,0.40026951369311375
MS,MS60249_CSF,GSM4104126_TTTACTGCAATAGCAA-1,CSF,-0.29997119987097626
MS,MS60249_CSF,GSM4104126_TTTATGCTCAGCTCTC-1,CSF,0.2538213892529358
MS,MS60249_CSF,GSM4104126_TTTGGTTGTCACCTAA-1,CSF,0.356631323723623
MS,MS71658_CSF,GSM4104124_AAAGATGTCCTTGCCA-1,CSF,0.7371569287106753
MS,MS71658_CSF,GSM4104124_AAGACCTAGTGCGTGA-1,CSF,-0.29997119987097626
MS,MS71658_CSF,GSM4104124_AAGGAGCGTCCAGTTA-1,CSF,-0.29997119987097626
MS,MS71658_CSF,GSM4104124_AAGGCAGTCCGGCACA-1,CSF,-0.29997119987097626
MS,MS71658_CSF,GSM4104124_ACAGCTATCGAGAGCA-1,CSF,-0.05068913209570382
MS,MS71658_CSF,GSM4104124_ACCGTAATCGACGGAA-1,CSF,0.0351664359506117
MS,MS71658_CSF,GSM4104124_ACGGGTCCACGTAAGG-1,CSF,-0.29997119987097626
MS,MS71658_CSF,GSM4104124_ACTGAACCAAGAAAGG-1,CSF,-0.29997119987097626
MS,MS71658_CSF,GSM4104124_AGAATAGTCCAAGTAC-1,CSF,-0.29997119987097626
MS,MS71658_CSF,GSM4104124_AGGCCGTGTTGAGTTC-1,CSF,-0.29997119987097626
MS,MS71658_CSF,GSM4104124_AGGTCATGTGTCAATC-1,CSF,0.08488340594833352
MS,MS71658_CSF,GSM4104124_AGTGTCACATTCTTAC-1,CSF,-0.29997119987097626
MS,MS71658_CSF,GSM4104124_ATTCTACAGGCTAGCA-1,CSF,-0.29997119987097626
MS,MS71658_CSF,GSM4104124_CAACCAAAGACAAAGG-1,CSF,0.19834856271378615
MS,MS71658_CSF,GSM4104124_CAAGAAATCTGTCCGT-1,CSF,0.575296866882255
MS,MS71658_CSF,GSM4104124_CACCTTGGTATAAACG-1,CSF,-0.29997119987097626
MS,MS71658_CSF,GSM4104124_CACTCCAGTTGGTAAA-1,CSF,0.18113853713847822
MS,MS71658_CSF,GSM4104124_CATGCCTCACCATGTA-1,CSF,-0.29997119987097626
MS,MS71658_CSF,GSM4104124_CATGCCTCAGGACGTA-1,CSF,-0.29997119987097626
MS,MS71658_CSF,GSM4104124_CATGCCTTCAGCAACT-1,CSF,-0.29997119987097626
MS,MS71658_CSF,GSM4104124_CATGGCGGTCTCTTTA-1,CSF,-0.29997119987097626
MS,MS71658_CSF,GSM4104124_CCACGGATCAACACAC-1,CSF,0.07307619765373828
MS,MS71658_CSF,GSM4104124_CCCTCCTGTTCGTTGA-1,CSF,-0.29997119987097626
MS,MS71658_CSF,GSM4104124_CCGTTCATCTTCCTTC-1,CSF,-0.29997119987097626
MS,MS71658_CSF,GSM4104124_CCTACCAGTAGAGCTG-1,CSF,0.4144735973913842
MS,MS71658_CSF,GSM4104124_CCTTTCTCAAGAGGCT-1,CSF,-0.29997119987097626
MS,MS71658_CSF,GSM4104124_CGAATGTAGTATGACA-1,CSF,-0.29997119987097626
MS,MS71658_CSF,GSM4104124_CGATGGCAGTGAAGTT-1,CSF,-0.29997119987097626
MS,MS71658_CSF,GSM4104124_CGATGTAGTGTGCGTC-1,CSF,-0.03684114288723991
MS,MS71658_CSF,GSM4104124_CGCTATCAGCCTTGAT-1,CSF,0.004085987345265314
MS,MS71658_CSF,GSM4104124_CGGAGTCCACCAGCAC-1,CSF,0.7978894716982673
MS,MS71658_CSF,GSM4104124_CGTCAGGCATACTACG-1,CSF,-0.29997119987097626
MS,MS71658_CSF,GSM4104124_CGTGTAAAGTCCCACG-1,CSF,0.07589712145729723
MS,MS71658_CSF,GSM4104124_CTAACTTCACCCATTC-1,CSF,-0.004830918358960577
MS,MS71658_CSF,GSM4104124_CTACCCACATGCAATC-1,CSF,-0.29997119987097626
MS,MS71658_CSF,GSM4104124_CTCGAGGAGACCCACC-1,CSF,0.11685797586954665
MS,MS71658_CSF,GSM4104124_CTCGGAGCAAGCTGTT-1,CSF,-0.09549221913552335
MS,MS71658_CSF,GSM4104124_CTGATAGGTAAGAGAG-1,CSF,-0.05646993411341174
MS,MS71658_CSF,GSM4104124_CTGGTCTAGCGATTCT-1,CSF,0.013794363390342266
MS,MS71658_CSF,GSM4104124_CTGGTCTCACCCTATC-1,CSF,-0.15649762310324175
MS,MS71658_CSF,GSM4104124_CTGGTCTGTTAAGGGC-1,CSF,-0.01283768488233306
MS,MS71658_CSF,GSM4104124_CTTACCGCAGGCTCAC-1,CSF,-0.29997119987097626
MS,MS71658_CSF,GSM4104124_GAACATCAGGATGGAA-1,CSF,-0.29997119987097626
MS,MS71658_CSF,GSM4104124_GACAGAGCACAGGTTT-1,CSF,-0.29997119987097626
MS,MS71658_CSF,GSM4104124_GACAGAGGTGTTCGAT-1,CSF,-0.05959927964608884
MS,MS71658_CSF,GSM4104124_GATCGCGAGACGCACA-1,CSF,-0.08433020628374187
MS,MS71658_CSF,GSM4104124_GATCGTAGTCGAATCT-1,CSF,0.27387872621000503
MS,MS71658_CSF,GSM4104124_GATGAAAGTGTAACGG-1,CSF,-0.29997119987097626
MS,MS71658_CSF,GSM4104124_GATGCTAAGGTGATTA-1,CSF,-0.29997119987097626
MS,MS71658_CSF,GSM4104124_GCGGGTTGTGATGTCT-1,CSF,0.08631740557201527
MS,MS71658_CSF,GSM4104124_GGAAAGCAGTTTGCGT-1,CSF,0.23641297044594953
MS,MS71658_CSF,GSM4104124_GGACAGATCTATGTGG-1,CSF,-0.29997119987097626
MS,MS71658_CSF,GSM4104124_GGACATTAGCCGATTT-1,CSF,-0.29997119987097626
MS,MS71658_CSF,GSM4104124_GGACGTCGTGAAATCA-1,CSF,0.06189676713139124
MS,MS71658_CSF,GSM4104124_GGATGTTAGCTAGTTC-1,CSF,-0.08851694122190443
MS,MS71658_CSF,GSM4104124_GGCTCGAAGTATTGGA-1,CSF,-0.18273264747655546
MS,MS71658_CSF,GSM4104124_GTACTCCAGGTGCTTT-1,CSF,0.017326896458488807
MS,MS71658_CSF,GSM4104124_GTAGTCAAGAGGGCTT-1,CSF,0.29599911994624345
MS,MS71658_CSF,GSM4104124_GTCAAGTGTGCAGTAG-1,CSF,-0.29997119987097626
MS,MS71658_CSF,GSM4104124_GTGTGCGGTAATAGCA-1,CSF,-0.29997119987097626
MS,MS71658_CSF,GSM4104124_TAAACCGTCTCCTATA-1,CSF,0.08528429681865364
MS,MS71658_CSF,GSM4104124_TAAGCGTCATGGTCAT-1,CSF,-0.29997119987097626
MS,MS71658_CSF,GSM4104124_TAAGTGCGTCATGCCG-1,CSF,-0.29997119987097626
MS,MS71658_CSF,GSM4104124_TAGAGCTAGCGTGTCC-1,CSF,-0.29997119987097626
MS,MS71658_CSF,GSM4104124_TAGTGGTAGTTGTCGT-1,CSF,0.06362574326721802
MS,MS71658_CSF,GSM4104124_TCATTTGAGTCAAGCG-1,CSF,-0.29997119987097626
MS,MS71658_CSF,GSM4104124_TCATTTGTCTATCCCG-1,CSF,-0.03350802724256373
MS,MS71658_CSF,GSM4104124_TCGGGACCAAAGCGGT-1,CSF,-0.09966159259059482
MS,MS71658_CSF,GSM4104124_TCTCATAGTGCACGAA-1,CSF,-0.29997119987097626
MS,MS71658_CSF,GSM4104124_TGAAAGATCTTGTTTG-1,CSF,-0.29997119987097626
MS,MS71658_CSF,GSM4104124_TGCACCTCAAGCGCTC-1,CSF,0.010667614543409936
MS,MS71658_CSF,GSM4104124_TGGACGCGTGATGATA-1,CSF,-0.14414502736167864
MS,MS71658_CSF,GSM4104124_TTCGAAGCATGTTGAC-1,CSF,0.008781422092908981
MS,MS71658_CSF,GSM4104124_TTGGAACTCGTATCAG-1,CSF,-0.29997119987097626
MS,MS71658_CSF,GSM4104124_TTTGTCATCCTCGCAT-1,CSF,0.8281197951382759
MS,MS74594_CSF,GSM4104127_AACTCAGCATGGTCTA-1,CSF,-0.14136792421723546
MS,MS74594_CSF,GSM4104127_AGTGGGAGTTAGAACA-1,CSF,0.26869946279273105
MS,MS74594_CSF,GSM4104127_AGTGTCATCATAACCG-1,CSF,-0.29997119987097626
MS,MS74594_CSF,GSM4104127_ATCCACCAGCCGATTT-1,CSF,-0.14652429761104124
MS,MS74594_CSF,GSM4104127_CACATAGAGCTTCGCG-1,CSF,0.13604900015701005
MS,MS74594_CSF,GSM4104127_CATATGGTCCTGCCAT-1,CSF,-0.1648284965602869
MS,MS74594_CSF,GSM4104127_CCACGGACATTGGGCC-1,CSF,0.5439443281433365
MS,MS74594_CSF,GSM4104127_CCTACCACACGGTGTC-1,CSF,0.09566062537003242
MS,MS74594_CSF,GSM4104127_CGACCTTAGACTGGGT-1,CSF,0.7616800119333347
MS,MS74594_CSF,GSM4104127_CGTGAGCTCTGTCTCG-1,CSF,-0.10072997715348121
MS,MS74594_CSF,GSM4104127_CGTTAGACAAGTAGTA-1,CSF,-0.29997119987097626
MS,MS74594_CSF,GSM4104127_CTACACCCACCGAATT-1,CSF,0.9069421903414163
MS,MS74594_CSF,GSM4104127_CTAGAGTCAAATTGCC-1,CSF,-0.29997119987097626
MS,MS74594_CSF,GSM4104127_CTGTGCTGTGCCTGGT-1,CSF,0.09364746553562715
MS,MS74594_CSF,GSM4104127_GATGAGGGTACTCAAC-1,CSF,-0.29997119987097626
MS,MS74594_CSF,GSM4104127_GCGGGTTTCGGAGCAA-1,CSF,-0.036295212344115264
MS,MS74594_CSF,GSM4104127_GCTCCTAAGGTGATTA-1,CSF,-0.29997119987097626
MS,MS74594_CSF,GSM4104127_GCTGCGAGTGCGGTAA-1,CSF,0.07294951774260243
MS,MS74594_CSF,GSM4104127_GCTGGGTAGTACCGGA-1,CSF,-0.29997119987097626
MS,MS74594_CSF,GSM4104127_GGAAAGCGTTACAGAA-1,CSF,0.22405008808054158
MS,MS74594_CSF,GSM4104127_GGTGTTAGTCTTGATG-1,CSF,-0.021529617016758866
MS,MS74594_CSF,GSM4104127_TACAGTGAGATAGCAT-1,CSF,0.21410358327552595
MS,MS74594_CSF,GSM4104127_TAGACCAGTGGACGAT-1,CSF,-0.29997119987097626
MS,MS74594_CSF,GSM4104127_TGTCCCAAGCTACCTA-1,CSF,0.6103501608494477
MS,MS74594_CSF,GSM4104127_TGTTCCGAGGCGTACA-1,CSF,-0.29997119987097626
MS,MS74594_CSF,GSM4104127_TTTGGTTTCACCTTAT-1,CSF,-0.29997119987097626
HC,PTC45044_CSF,GSM4104132_AAACGGGAGATGTCGG-1,CSF,0.46870418485391596
HC,PTC45044_CSF,GSM4104132_AAGACCTTCATAGCAC-1,CSF,-0.00823134741942898
HC,PTC45044_CSF,GSM4104132_AAGGCAGAGAGCCCAA-1,CSF,0.4884048823731781
HC,PTC45044_CSF,GSM4104132_AAGGTTCAGTACGCGA-1,CSF,-0.29997119987097626
HC,PTC45044_CSF,GSM4104132_AATCCAGTCTATGTGG-1,CSF,-0.29997119987097626
HC,PTC45044_CSF,GSM4104132_AATCGGTCACCAACCG-1,CSF,-0.29997119987097626
HC,PTC45044_CSF,GSM4104132_ACACCAACACGACTCG-1,CSF,-0.17510945551111323
HC,PTC45044_CSF,GSM4104132_ACATCAGAGTGTGAAT-1,CSF,0.4879972591978317
HC,PTC45044_CSF,GSM4104132_ACATCAGCATCACCCT-1,CSF,0.11848689296469138
HC,PTC45044_CSF,GSM4104132_ACATGGTGTATAGGGC-1,CSF,0.1210163571164189
HC,PTC45044_CSF,GSM4104132_ACCGTAACACGACTCG-1,CSF,0.5345827424872729
HC,PTC45044_CSF,GSM4104132_ACGAGCCAGTATGACA-1,CSF,0.43430168398735713
HC,PTC45044_CSF,GSM4104132_ACGCCGATCTGAGTGT-1,CSF,-0.29997119987097626
HC,PTC45044_CSF,GSM4104132_ACGGGCTAGATGCCTT-1,CSF,-0.08655932981885238
HC,PTC45044_CSF,GSM4104132_ACGGGCTTCAGCTGGC-1,CSF,-0.29997119987097626
HC,PTC45044_CSF,GSM4104132_ACTATCTCAATGAATG-1,CSF,0.06989986720195061
HC,PTC45044_CSF,GSM4104132_ACTATCTGTCAACTGT-1,CSF,-0.29997119987097626
HC,PTC45044_CSF,GSM4104132_ACTGATGTCGTCACGG-1,CSF,0.19615249681305494
HC,PTC45044_CSF,GSM4104132_ACTTACTGTCCTGCTT-1,CSF,0.6537386402415509
HC,PTC45044_CSF,GSM4104132_ACTTTCAAGTATCTCG-1,CSF,-0.29997119987097626
HC,PTC45044_CSF,GSM4104132_ACTTTCAGTTCAGTAC-1,CSF,-0.29997119987097626
HC,PTC45044_CSF,GSM4104132_AGCTCTCTCTTGTACT-1,CSF,0.06330020776089129
HC,PTC45044_CSF,GSM4104132_AGGCCGTGTAAATGTG-1,CSF,-0.016859769779062925
HC,PTC45044_CSF,GSM4104132_AGGGAGTGTTTGACTG-1,CSF,-0.14471856055197072
HC,PTC45044_CSF,GSM4104132_AGGGATGGTACCGCTG-1,CSF,0.22367027725538371
HC,PTC45044_CSF,GSM4104132_AGGTCCGAGTGCCAGA-1,CSF,-0.29997119987097626
HC,PTC45044_CSF,GSM4104132_CAACCTCGTGCAGTAG-1,CSF,0.05043883230133613
HC,PTC45044_CSF,GSM4104132_CAAGGCCAGTGAAGTT-1,CSF,0.21371072587799864
HC,PTC45044_CSF,GSM4104132_CAAGTTGCAGGCTGAA-1,CSF,-0.1614507331640184
HC,PTC45044_CSF,GSM4104132_CACACTCTCAATACCG-1,CSF,0.09292164698835326
HC,PTC45044_CSF,GSM4104132_CACAGGCCACAAGCCC-1,CSF,0.059900438492037536
HC,PTC45044_CSF,GSM4104132_CACCAGGCACCAGATT-1,CSF,-0.29997119987097626
HC,PTC45044_CSF,GSM4104132_CACCTTGTCTTACCGC-1,CSF,0.6979152092191078
HC,PTC45044_CSF,GSM4104132_CAGAGAGCACGGCTAC-1,CSF,-0.001425902961419312
HC,PTC45044_CSF,GSM4104132_CAGCATAAGGTCGGAT-1,CSF,1.0025765092744354
HC,PTC45044_CSF,GSM4104132_CAGCCGAGTCTACCTC-1,CSF,-0.16685367173177865
HC,PTC45044_CSF,GSM4104132_CAGTAACCAAAGCGGT-1,CSF,-0.20788522770318943
HC,PTC45044_CSF,GSM4104132_CATATGGAGATAGTCA-1,CSF,-0.05545494949152304
HC,PTC45044_CSF,GSM4104132_CATGCCTAGCCGGTAA-1,CSF,0.6675905822197026
HC,PTC45044_CSF,GSM4104132_CCATTCGAGAGTACAT-1,CSF,-0.29997119987097626
HC,PTC45044_CSF,GSM4104132_CCATTCGGTCGCGAAA-1,CSF,0.09153971766708059
HC,PTC45044_CSF,GSM4104132_CCCAGTTTCCGAGCCA-1,CSF,0.5258081354556022
HC,PTC45044_CSF,GSM4104132_CCCATACGTTCCTCCA-1,CSF,1.0094605652322375
HC,PTC45044_CSF,GSM4104132_CCCATACTCTTCGGTC-1,CSF,0.6497237300112035
HC,PTC45044_CSF,GSM4104132_CCGGGATAGTGCCAGA-1,CSF,-0.14955104209731981
HC,PTC45044_CSF,GSM4104132_CCGGGATGTGTTGGGA-1,CSF,0.26469133882373136
HC,PTC45044_CSF,GSM4104132_CCGGTAGTCTCCTATA-1,CSF,0.5118104384665682
HC,PTC45044_CSF,GSM4104132_CCTAAAGCAATCTGCA-1,CSF,-0.13978827305029204
HC,PTC45044_CSF,GSM4104132_CCTATTACATTCACTT-1,CSF,0.7482601753077384
HC,PTC45044_CSF,GSM4104132_CCTCTGAGTATGAATG-1,CSF,-0.29997119987097626
HC,PTC45044_CSF,GSM4104132_CCTTTCTCAGTGAGTG-1,CSF,0.04173267327762912
HC,PTC45044_CSF,GSM4104132_CGAACATGTCGGGTCT-1,CSF,0.22167245248378428
HC,PTC45044_CSF,GSM4104132_CGACTTCAGGCCGAAT-1,CSF,-0.15325764757593063
HC,PTC45044_CSF,GSM4104132_CGAGAAGCAGGGATTG-1,CSF,0.19781913217784922
HC,PTC45044_CSF,GSM4104132_CGAGCACTCAAAGACA-1,CSF,-0.29997119987097626
HC,PTC45044_CSF,GSM4104132_CGATGGCCAATGAATG-1,CSF,0.9252318512321266
HC,PTC45044_CSF,GSM4104132_CGATGTACATCAGTCA-1,CSF,-0.06222689560816762
HC,PTC45044_CSF,GSM4104132_CGATTGACACAGGTTT-1,CSF,0.3904712671455123
HC,PTC45044_CSF,GSM4104132_CGCTGGAAGTTCCACA-1,CSF,0.1617270671657701
HC,PTC45044_CSF,GSM4104132_CGCTGGATCTATGTGG-1,CSF,0.5260436779931899
HC,PTC45044_CSF,GSM4104132_CGGGTCATCAGCTCGG-1,CSF,0.873052862101886
HC,PTC45044_CSF,GSM4104132_CGGTTAACAACTGGCC-1,CSF,0.059395646508324774
HC,PTC45044_CSF,GSM4104132_CGGTTAAGTTCAGACT-1,CSF,0.4029111339745778
HC,PTC45044_CSF,GSM4104132_CGTAGCGCAGTGGAGT-1,CSF,0.02441772036087892
HC,PTC45044_CSF,GSM4104132_CGTAGCGTCCGTAGTA-1,CSF,-0.29997119987097626
HC,PTC45044_CSF,GSM4104132_CGTCTACCACCAACCG-1,CSF,-0.11483547581393459
HC,PTC45044_CSF,GSM4104132_CGTCTACTCTCTGCTG-1,CSF,-0.29997119987097626
HC,PTC45044_CSF,GSM4104132_CGTTCTGTCTGCAGTA-1,CSF,0.1953021753880669
HC,PTC45044_CSF,GSM4104132_CTCAGAATCTGCAGTA-1,CSF,0.7787630407538123
HC,PTC45044_CSF,GSM4104132_CTCCTAGTCCCTTGCA-1,CSF,0.143040755904256
HC,PTC45044_CSF,GSM4104132_CTCTACGAGCAGGCTA-1,CSF,-0.29997119987097626
HC,PTC45044_CSF,GSM4104132_CTCTACGAGCATGGCA-1,CSF,0.3951196112138721
HC,PTC45044_CSF,GSM4104132_CTGATCCCAATAGCAA-1,CSF,0.3939281885512776
HC,PTC45044_CSF,GSM4104132_CTGGTCTCACGGCTAC-1,CSF,-0.29997119987097626
HC,PTC45044_CSF,GSM4104132_CTGTTTACAGCGTTCG-1,CSF,-0.1803537065787783
HC,PTC45044_CSF,GSM4104132_CTTACCGCAGGACCCT-1,CSF,-0.29997119987097626
HC,PTC45044_CSF,GSM4104132_CTTTGCGTCCAGTATG-1,CSF,-0.29997119987097626
HC,PTC45044_CSF,GSM4104132_GAAATGACAAGCGAGT-1,CSF,-0.10651327037461941
HC,PTC45044_CSF,GSM4104132_GAACATCCATACGCTA-1,CSF,0.4574458525191645
HC,PTC45044_CSF,GSM4104132_GACCTGGCAGTCGATT-1,CSF,-0.29997119987097626
HC,PTC45044_CSF,GSM4104132_GACCTGGGTGCAGTAG-1,CSF,-0.29997119987097626
HC,PTC45044_CSF,GSM4104132_GACGTGCCATAGACTC-1,CSF,0.029331452407371988
HC,PTC45044_CSF,GSM4104132_GACTGCGGTGTCTGAT-1,CSF,-0.01970738550158056
HC,PTC45044_CSF,GSM4104132_GATCGTATCAACCAAC-1,CSF,0.2503170949742772
HC,PTC45044_CSF,GSM4104132_GATGAGGGTTAAGATG-1,CSF,0.8547924659958636
HC,PTC45044_CSF,GSM4104132_GCAAACTAGCAGACTG-1,CSF,-0.29997119987097626
HC,PTC45044_CSF,GSM4104132_GCAGCCACACATTTCT-1,CSF,-0.1652822599401857
HC,PTC45044_CSF,GSM4104132_GCATGCGAGGGTCGAT-1,CSF,0.7758616564572215
HC,PTC45044_CSF,GSM4104132_GCCAAATTCAAGGCTT-1,CSF,0.24236399185728816
HC,PTC45044_CSF,GSM4104132_GCGCCAAAGGCATGGT-1,CSF,0.14669022033389045
HC,PTC45044_CSF,GSM4104132_GCTCCTACAGCTGTGC-1,CSF,-0.13078257719069486
HC,PTC45044_CSF,GSM4104132_GCTGGGTCAGTACACT-1,CSF,0.2167811769979689
HC,PTC45044_CSF,GSM4104132_GGAATAAAGCGATAGC-1,CSF,-0.011596030719733743
HC,PTC45044_CSF,GSM4104132_GGAATAAAGTTTGCGT-1,CSF,-0.18470673383275177
HC,PTC45044_CSF,GSM4104132_GGAATAAGTCCAGTTA-1,CSF,0.1691510213485599
HC,PTC45044_CSF,GSM4104132_GGAATAAGTGAGGGTT-1,CSF,0.8393677752597704
HC,PTC45044_CSF,GSM4104132_GGATGTTAGAAACCTA-1,CSF,0.1345793568028736
HC,PTC45044_CSF,GSM4104132_GGCAATTAGGAGTTTA-1,CSF,0.6462145273150774
HC,PTC45044_CSF,GSM4104132_GGGCACTGTTTAGGAA-1,CSF,-0.1906571802380659
HC,PTC45044_CSF,GSM4104132_GTAGGCCGTTCCCTTG-1,CSF,-0.18728211878493753
HC,PTC45044_CSF,GSM4104132_GTCACGGGTACCGAGA-1,CSF,-0.17404917799890782
HC,PTC45044_CSF,GSM4104132_GTCTTCGTCAGTTGAC-1,CSF,-0.29997119987097626
HC,PTC45044_CSF,GSM4104132_GTGCATAAGTCGATAA-1,CSF,-0.16145860376225032
HC,PTC45044_CSF,GSM4104132_GTGTTAGCACGAGAGT-1,CSF,-0.06340881817977924
HC,PTC45044_CSF,GSM4104132_GTTCTCGAGGGAAACA-1,CSF,0.5439889495282472
HC,PTC45044_CSF,GSM4104132_GTTTCTATCTCTTATG-1,CSF,-0.29997119987097626
HC,PTC45044_CSF,GSM4104132_GTTTCTATCTGTACGA-1,CSF,-0.04773846388768858
HC,PTC45044_CSF,GSM4104132_TACTCGCGTTACTGAC-1,CSF,0.20953995671784129
HC,PTC45044_CSF,GSM4104132_TAGCCGGCATCTGGTA-1,CSF,-0.10641347014150138
HC,PTC45044_CSF,GSM4104132_TATCAGGGTAAAGGAG-1,CSF,-0.1657965587022825
HC,PTC45044_CSF,GSM4104132_TCAGCTCAGTCAAGCG-1,CSF,-0.1829192633154649
HC,PTC45044_CSF,GSM4104132_TCGGTAACATGGATGG-1,CSF,0.2097531980939022
HC,PTC45044_CSF,GSM4104132_TCGTAGACAGCCTGTG-1,CSF,0.8430683893139725
HC,PTC45044_CSF,GSM4104132_TCTTTCCAGCCTCGTG-1,CSF,0.19308497286004106
HC,PTC45044_CSF,GSM4104132_TCTTTCCTCCCAAGAT-1,CSF,1.1742088112724538
HC,PTC45044_CSF,GSM4104132_TGACAACCATCCGGGT-1,CSF,0.09405416135752478
HC,PTC45044_CSF,GSM4104132_TGAGCATTCATCGCTC-1,CSF,-0.29997119987097626
HC,PTC45044_CSF,GSM4104132_TGAGCCGCAAGACACG-1,CSF,0.05454506348493826
HC,PTC45044_CSF,GSM4104132_TGAGGGACAGCTCGCA-1,CSF,0.9665843439803256
HC,PTC45044_CSF,GSM4104132_TGCCCTATCTTCGGTC-1,CSF,-0.29997119987097626
HC,PTC45044_CSF,GSM4104132_TGGTTAGAGCGTGTCC-1,CSF,-0.04078666515275988
HC,PTC45044_CSF,GSM4104132_TGGTTAGCATTAACCG-1,CSF,-0.29997119987097626
HC,PTC45044_CSF,GSM4104132_TGTGGTAAGGGAGTAA-1,CSF,0.5956091823522847
HC,PTC45044_CSF,GSM4104132_TGTTCCGCAATCTGCA-1,CSF,0.25944919512870185
HC,PTC45044_CSF,GSM4104132_TTATGCTTCGCAGGCT-1,CSF,-0.29997119987097626
HC,PTC45044_CSF,GSM4104132_TTCTCAATCTCTTGAT-1,CSF,0.13036015076672602
HC,PTC45044_CSF,GSM4104132_TTGCCGTAGACCCACC-1,CSF,-0.10369018694155052
HC,PTC45044_CSF,GSM4104132_TTGGCAATCACTATTC-1,CSF,-0.18733246922093416
HC,PTC45044_CSF,GSM4104132_TTTGTCAAGTACGTTC-1,CSF,-0.1312625120146301
HC,PST83775_CSF,GSM4104128_ACAGCCGAGAAACCGC-1,CSF,0.13764020492258028
HC,PST83775_CSF,GSM4104128_ACGAGCCCATATGCTG-1,CSF,-0.29997119987097626
HC,PST83775_CSF,GSM4104128_ACTGTCCAGTCAATAG-1,CSF,-0.29997119987097626
HC,PST83775_CSF,GSM4104128_ACTTACTTCCCTTGTG-1,CSF,-0.29997119987097626
HC,PST83775_CSF,GSM4104128_AGCAGCCCAAGTAGTA-1,CSF,-0.29997119987097626
HC,PST83775_CSF,GSM4104128_AGCGGTCAGACAATAC-1,CSF,-0.29997119987097626
HC,PST83775_CSF,GSM4104128_ATTTCTGAGAGGACGG-1,CSF,-0.14606170776466548
HC,PST83775_CSF,GSM4104128_CACATAGAGTCTCCTC-1,CSF,0.5393225519250177
HC,PST83775_CSF,GSM4104128_CAGCCGACAAGGACAC-1,CSF,-0.06685934306527844
HC,PST83775_CSF,GSM4104128_CATCAAGCACAACGCC-1,CSF,-0.29997119987097626
HC,PST83775_CSF,GSM4104128_CTCGGGAAGCGCCTCA-1,CSF,0.7178638783990413
HC,PST83775_CSF,GSM4104128_CTCTGGTCAAAGCGGT-1,CSF,0.03412543259879735
HC,PST83775_CSF,GSM4104128_CTGCCTATCTGGTGTA-1,CSF,-0.29997119987097626
HC,PST83775_CSF,GSM4104128_GAAATGAGTTCGTGAT-1,CSF,0.05197979332290047
HC,PST83775_CSF,GSM4104128_GCGCAGTAGCGACGTA-1,CSF,0.10150723891544791
HC,PST83775_CSF,GSM4104128_GTTAAGCCAATGGACG-1,CSF,-0.1738791113534154
HC,PST83775_CSF,GSM4104128_TATCAGGCAATAGCGG-1,CSF,-0.1330575357377228
HC,PST83775_CSF,GSM4104128_TCTCATAAGACAAGCC-1,CSF,0.09578112524741707
HC,PST83775_CSF,GSM4104128_TGGCTGGGTCATCGGC-1,CSF,-0.04224502172415602
HC,PST83775_CSF,GSM4104128_TTAACTCTCCCTAATT-1,CSF,-0.29997119987097626
HC,PST95809_CSF,GSM4104130_AAACGGGAGGCCCTTG-1,CSF,-0.06689802013185643
HC,PST95809_CSF,GSM4104130_ACATACGAGCTAGCCC-1,CSF,-0.29997119987097626
HC,PST95809_CSF,GSM4104130_ACATACGAGTGATCGG-1,CSF,-0.09919625786704775
HC,PST95809_CSF,GSM4104130_ACATGGTAGCTGATAA-1,CSF,0.08047222106119448
HC,PST95809_CSF,GSM4104130_AGCGTCGCAGCGTCCA-1,CSF,-0.08075157674147235
HC,PST95809_CSF,GSM4104130_AGTGGGATCCCAACGG-1,CSF,-0.29997119987097626
HC,PST95809_CSF,GSM4104130_ATCATCTCATAGTAAG-1,CSF,0.5900024867110254
HC,PST95809_CSF,GSM4104130_ATCGAGTAGAGTGACC-1,CSF,-0.13995010704010613
HC,PST95809_CSF,GSM4104130_ATGGGAGAGGCCATAG-1,CSF,-0.29997119987097626
HC,PST95809_CSF,GSM4104130_CCCAGTTCACATCCAA-1,CSF,0.16912359183644132
HC,PST95809_CSF,GSM4104130_CGATTGAAGCACGCCT-1,CSF,-0.29997119987097626
HC,PST95809_CSF,GSM4104130_CTACCCATCACCATAG-1,CSF,0.39695931058627465
HC,PST95809_CSF,GSM4104130_GAAATGAGTGCACCAC-1,CSF,-0.29997119987097626
HC,PST95809_CSF,GSM4104130_GGATGTTCATGCCTTC-1,CSF,0.35807949959396296
HC,PST95809_CSF,GSM4104130_GGCCGATGTTGTGGCC-1,CSF,-0.13382567268731296
HC,PST95809_CSF,GSM4104130_GGTATTGAGCTTCGCG-1,CSF,0.051326611828111754
HC,PST95809_CSF,GSM4104130_GGTGAAGGTTTGGGCC-1,CSF,0.5841052993230216
HC,PST95809_CSF,GSM4104130_GTATCTTTCTTCTGGC-1,CSF,-0.29997119987097626
HC,PST95809_CSF,GSM4104130_GTGTGCGTCACTGGGC-1,CSF,-0.29997119987097626
HC,PST95809_CSF,GSM4104130_TACGGGCCAGGTTTCA-1,CSF,-0.29997119987097626
HC,PST95809_CSF,GSM4104130_TACTCATGTGCACTTA-1,CSF,-0.13550516914388747
HC,PST95809_CSF,GSM4104130_TCAGCTCTCCGTAGGC-1,CSF,-0.29997119987097626
HC,PST95809_CSF,GSM4104130_TCATTACTCTCCAGGG-1,CSF,-0.29997119987097626
HC,PST95809_CSF,GSM4104130_TCCCGATCAGCTCCGA-1,CSF,0.13827493822822537
HC,PST95809_CSF,GSM4104130_TCTATTGTCTTTCCTC-1,CSF,-0.29997119987097626
HC,PST95809_CSF,GSM4104130_TCTGGAAAGAGTAATC-1,CSF,-0.29997119987097626
HC,PST95809_CSF,GSM4104130_TGCGTGGCAGGGTTAG-1,CSF,-0.29997119987097626
HC,PST95809_CSF,GSM4104130_TTTCCTCAGCTATGCT-1,CSF,0.37740905039964495
HC,PTC32190_CSF,GSM4104129_AACACGTAGACTAGAT-1,CSF,0.6152566224583106
HC,PTC32190_CSF,GSM4104129_AACACGTAGCCACGTC-1,CSF,-0.011798775051176201
HC,PTC32190_CSF,GSM4104129_AACTCAGTCTAACTGG-1,CSF,-0.021041013220309858
HC,PTC32190_CSF,GSM4104129_ACCGTAAGTAAGTGGC-1,CSF,-0.29997119987097626
HC,PTC32190_CSF,GSM4104129_ACCGTAAGTGCTGTAT-1,CSF,-0.29997119987097626
HC,PTC32190_CSF,GSM4104129_ACTGTCCGTAATCGTC-1,CSF,-0.18596257637639102
HC,PTC32190_CSF,GSM4104129_CAAGTTGAGAACTCGG-1,CSF,0.020631854467772826
HC,PTC32190_CSF,GSM4104129_CACACTCGTCCGAACC-1,CSF,-0.29997119987097626
HC,PTC32190_CSF,GSM4104129_CACATAGAGCACAGGT-1,CSF,-0.07044464730249483
HC,PTC32190_CSF,GSM4104129_CAGCAGCGTGTTCTTT-1,CSF,-0.04987925197285366
HC,PTC32190_CSF,GSM4104129_CAGCATAGTCTTCTCG-1,CSF,0.1188771024135201
HC,PTC32190_CSF,GSM4104129_CATCGGGAGCGTCTAT-1,CSF,-0.29997119987097626
HC,PTC32190_CSF,GSM4104129_CATTCGCAGTGTGAAT-1,CSF,0.04627357399611314
HC,PTC32190_CSF,GSM4104129_CGACCTTAGAATTGTG-1,CSF,-0.10587851692996793
HC,PTC32190_CSF,GSM4104129_CGAGAAGAGGTCATCT-1,CSF,-0.29997119987097626
HC,PTC32190_CSF,GSM4104129_CGATCGGGTCATATCG-1,CSF,-0.07083779551368392
HC,PTC32190_CSF,GSM4104129_CGATGGCTCTAACTCT-1,CSF,-0.29997119987097626
HC,PTC32190_CSF,GSM4104129_CTACACCAGCCTTGAT-1,CSF,-0.0140579916389518
HC,PTC32190_CSF,GSM4104129_CTTACCGAGACCTAGG-1,CSF,0.11030054330183645
HC,PTC32190_CSF,GSM4104129_GCACATACATCAGTAC-1,CSF,-0.29997119987097626
HC,PTC32190_CSF,GSM4104129_GCCAAATGTAGTAGTA-1,CSF,-0.11567228777573883
HC,PTC32190_CSF,GSM4104129_GGCTCGACAGACTCGC-1,CSF,-0.29997119987097626
HC,PTC32190_CSF,GSM4104129_GGGTTGCCATGCTGGC-1,CSF,0.03511588291931537
HC,PTC32190_CSF,GSM4104129_GTCACGGGTAGAGCTG-1,CSF,-0.16615814187289044
HC,PTC32190_CSF,GSM4104129_GTTACAGCACATCCAA-1,CSF,-0.17360443925488364
HC,PTC32190_CSF,GSM4104129_TACCTTACAACAACCT-1,CSF,-0.29997119987097626
HC,PTC32190_CSF,GSM4104129_TACCTTAGTCCAAGTT-1,CSF,-0.16700015212029953
HC,PTC32190_CSF,GSM4104129_TACCTTATCACGAAGG-1,CSF,-0.29997119987097626
HC,PTC32190_CSF,GSM4104129_TCAGCTCTCACTTCAT-1,CSF,-0.05499874853163628
HC,PTC32190_CSF,GSM4104129_TGCTACCGTGTAATGA-1,CSF,-0.29997119987097626
HC,PTC32190_CSF,GSM4104129_TGGCCAGCATCACGTA-1,CSF,0.22989594270587316
HC,PTC32190_CSF,GSM4104129_TGTTCCGCAAGAAGAG-1,CSF,-0.09123155363543486
HC,PTC41540_CSF,GSM4104131_AAACGGGCACTTAAGC-1,CSF,-0.15766737767193195
HC,PTC41540_CSF,GSM4104131_AACTCAGCACCACGTG-1,CSF,-0.29997119987097626
HC,PTC41540_CSF,GSM4104131_ACGGAGAGTGCTGTAT-1,CSF,-0.29997119987097626
HC,PTC41540_CSF,GSM4104131_ACGTCAAGTCGGCTCA-1,CSF,-0.29997119987097626
HC,PTC41540_CSF,GSM4104131_AGTTGGTCACATGGGA-1,CSF,0.030896380437618727
HC,PTC41540_CSF,GSM4104131_CCCTCCTGTTGCGTTA-1,CSF,0.3256660772843251
HC,PTC41540_CSF,GSM4104131_CCTTTCTAGGGAACGG-1,CSF,0.01608884706921005
HC,PTC41540_CSF,GSM4104131_CTACCCACATTACCTT-1,CSF,-0.29997119987097626
HC,PTC41540_CSF,GSM4104131_GACGTTACATTCTCAT-1,CSF,-0.05562041677629966
HC,PTC41540_CSF,GSM4104131_GGCCGATCAGCTGTGC-1,CSF,0.35530548694542724
HC,PTC41540_CSF,GSM4104131_GGTGTTAGTCGTTGTA-1,CSF,0.028408614364506844
HC,PTC41540_CSF,GSM4104131_GTCCTCACATCCTAGA-1,CSF,0.030618859595887678
HC,PTC41540_CSF,GSM4104131_TAGAGCTTCTTCGGTC-1,CSF,-0.29997119987097626
HC,PTC41540_CSF,GSM4104131_TCTTTCCTCCATGAGT-1,CSF,0.3327538104338702
HC,PTC41540_CSF,GSM4104131_TTTGGTTTCTGATACG-1,CSF,0.010667614543409936
HC,PTC85037_CSF,GSM4104133_ACTTTCAAGCGAAGGG-1,CSF,-0.29997119987097626
HC,PTC85037_CSF,GSM4104133_AGCGGTCAGGTGATTA-1,CSF,-0.29997119987097626
HC,PTC85037_CSF,GSM4104133_AGGTCATAGAAACGCC-1,CSF,-0.29997119987097626
HC,PTC85037_CSF,GSM4104133_ATCATGGAGAAACCTA-1,CSF,0.004973215472135599
HC,PTC85037_CSF,GSM4104133_ATCCGAAGTAAATGTG-1,CSF,-0.1197298758338774
HC,PTC85037_CSF,GSM4104133_ATCTGCCGTCACTGGC-1,CSF,-0.1838214639346761
HC,PTC85037_CSF,GSM4104133_CAAGGCCAGAAACCTA-1,CSF,-0.29997119987097626
HC,PTC85037_CSF,GSM4104133_CATCAGAAGTGGAGTC-1,CSF,-0.29997119987097626
HC,PTC85037_CSF,GSM4104133_CTACATTTCTGTCTCG-1,CSF,-0.29997119987097626
HC,PTC85037_CSF,GSM4104133_GACACGCGTACAAGTA-1,CSF,-0.1318668461699592
HC,PTC85037_CSF,GSM4104133_GATCGTAAGATCACGG-1,CSF,0.049677651255434725
HC,PTC85037_CSF,GSM4104133_GGAAAGCAGTCCGGTC-1,CSF,-0.06899080159466932
HC,PTC85037_CSF,GSM4104133_TACCTATCAAACAACA-1,CSF,-0.29997119987097626
HC,PTC85037_CSF,GSM4104133_TCATTACGTGAGCGAT-1,CSF,-0.2066624071226369
HC,PTC85037_CSF,GSM4104133_TCTTCGGGTTGGGACA-1,CSF,-0.15455744126830995
HC,PTC85037_CSF,GSM4104133_TGACGGCCAGGCGATA-1,CSF,-0.29997119987097626
