condition,patient,cell_id,tissue,zinc_signature
HC,CSF_2,AACGTTGAGATAGCAT-1,CSF,-0.06820486765369228
HC,CSF_2,AGGCCACTCCAACCAA-1,CSF,0.3412716004262474
HC,CSF_2,ATCACGAGTTTGACAC-1,CSF,-0.21166016077249908
HC,CSF_2,ATCATCTCATAGAAAC-1,CSF,0.11504233809721243
HC,CSF_2,CAACCAAGTCTCAACA-1,CSF,-0.380929320467395
HC,CSF_2,CAAGGCCGTTCGTCTC-1,CSF,-0.09834107806026707
HC,CSF_2,CACAGTACAGATGGCA-1,CSF,-0.09834107806026707
HC,CSF_2,CAGCTGGTCAAGAAGT-1,CSF,-0.09834107806026707
HC,CSF_2,CTAGAGTAGAAACCAT-1,CSF,0.1446439929956967
HC,CSF_2,CTAGAGTGTTGAGGTG-1,CSF,-0.46711313375954716
HC,CSF_2,CTGGTCTGTAGTGAAT-1,CSF,-0.08920348693166992
HC,CSF_2,GACCAATAGCGATGAC-1,CSF,-0.3061295766500299
HC,CSF_2,GACGTGCCAGCCACCA-1,CSF,-0.29633389870540733
HC,CSF_2,GACGTGCTCTCGGACG-1,CSF,-0.09834107806026707
HC,CSF_2,GGTGCGTCACTGCCAG-1,CSF,0.24620112613007675
HC,CSF_2,GTAACGTCAAAGGAAG-1,CSF,-0.09834107806026707
HC,CSF_2,GTAGGCCCACTTCTGC-1,CSF,0.5138518803860451
HC,CSF_2,GTCATTTCACCGTTGG-1,CSF,-0.4317884420435339
HC,CSF_2,GTGCTTCAGGTGCACA-1,CSF,-0.09875464007390654
HC,CSF_2,TAGAGCTAGGCTCTTA-1,CSF,0.22189192663311372
HC,CSF_2,TCAGATGGTAGCCTCG-1,CSF,-0.29810650077448575
HC,CSF_2,TCAGCTCAGAGCTGCA-1,CSF,-0.015187802918004669
HC,CSF_2,TCGGGACAGGAATTAC-1,CSF,-0.09834107806026707
HC,CSF_2,TGGCCAGCATCCCATC-1,CSF,0.116004922905396
HC,CSF_2,TGTGTTTTCTTTAGGG-1,CSF,-0.022844018217305646
HC,CSF_2,TTGACTTTCGAATCCA-1,CSF,-0.09834107806026707
HC,CSF_3,AACTCTTCAGGACCCT-1,CSF,-0.2658464069047227
HC,CSF_3,AAGCCGCGTACCATCA-1,CSF,0.3156767353309117
HC,CSF_3,AGAGCGAGTGACAAAT-1,CSF,-0.09834107806026707
HC,CSF_3,AGAGCTTAGATACACA-1,CSF,0.0903363836964688
HC,CSF_3,AGAGCTTGTGCAGGTA-1,CSF,-0.3075409981857199
HC,CSF_3,AGGGATGCAGACGCCT-1,CSF,-0.09834107806026707
HC,CSF_3,CAAGGCCCAGCATACT-1,CSF,-0.09834107806026707
HC,CSF_3,CCAATCCAGAGTACAT-1,CSF,0.356041591030733
HC,CSF_3,CGCGGTAAGGCAAAGA-1,CSF,-0.3692822014824433
HC,CSF_3,CGGACGTTCCTACAGA-1,CSF,-0.09834107806026707
HC,CSF_3,CTCGAAATCACTTACT-1,CSF,-0.09834107806026707
HC,CSF_3,CTCGAGGGTCAATGTC-1,CSF,0.2708790599371264
HC,CSF_3,GACGTTAAGTCAATAG-1,CSF,-0.09834107806026707
HC,CSF_3,GATCGTACACCAGGCT-1,CSF,0.34770443931801565
HC,CSF_3,GATTCAGTCGAATCCA-1,CSF,-0.09834107806026707
HC,CSF_3,GCTGCTTAGCCAGGAT-1,CSF,-0.3716640809488684
HC,CSF_3,GGAACTTCACCCATGG-1,CSF,-0.23631638447781259
HC,CSF_3,GGACATTCATTAACCG-1,CSF,0.13416658385297617
HC,CSF_3,GGATGTTGTTTGGGCC-1,CSF,-0.11410467562418693
HC,CSF_3,GGCTCGAGTAGAGGAA-1,CSF,-0.6922596989617655
HC,CSF_3,GGGATGATCTCGTATT-1,CSF,-0.09834107806026707
HC,CSF_3,TACTTACAGCAGGCTA-1,CSF,-0.3985047740484281
HC,CSF_3,TAGACCACATCTATGG-1,CSF,-0.09834107806026707
HC,CSF_3,TCGAGGCGTCCTCTTG-1,CSF,-0.09834107806026707
HC,CSF_3,TCGTAGAGTTACTGAC-1,CSF,0.17795296431980925
HC,CSF_3,TGCGCAGTCCGAGCCA-1,CSF,-0.09834107806026707
HC,CSF_3,TGGTTAGTCTCAACTT-1,CSF,0.6618532711742526
MS,CSF_6,AACCATGAGCACGCCT-1,CSF,-0.4786751349468671
MS,CSF_6,AACCATGCAAGAAAGG-1,CSF,-0.09069652398444625
MS,CSF_6,AACGTTGTCCTAGTGA-1,CSF,-0.09834107806026707
MS,CSF_6,ACACCAAAGTCCAGGA-1,CSF,0.1698945582024957
MS,CSF_6,ACATACGGTTGCGCAC-1,CSF,0.3921634252489331
MS,CSF_6,ACATCAGCATATACGC-1,CSF,-0.10472217069815695
MS,CSF_6,ACGCCAGTCACTTCAT-1,CSF,-0.09834107806026707
MS,CSF_6,ACGCCGAGTGCAACTT-1,CSF,0.547192026203255
MS,CSF_6,ACTATCTTCTGACCTC-1,CSF,-0.0630477089238098
MS,CSF_6,ACTGATGAGAGGTTAT-1,CSF,-0.09834107806026707
MS,CSF_6,AGCAGCCCATGAGCGA-1,CSF,0.43225797126863746
MS,CSF_6,AGCTCCTTCTTACCTA-1,CSF,0.21308589582050336
MS,CSF_6,AGGCCGTAGTGCCAGA-1,CSF,0.19032842922433044
MS,CSF_6,AGTAGTCGTGCGATAG-1,CSF,-0.21356164309121659
MS,CSF_6,ATAACGCGTGTTAAGA-1,CSF,-0.09834107806026707
MS,CSF_6,ATCATCTAGAGTAATC-1,CSF,-0.03670488121649819
MS,CSF_6,ATGAGGGGTAAACGCG-1,CSF,0.24177834046904353
MS,CSF_6,CAACCAATCGTGACAT-1,CSF,0.4513724347833236
MS,CSF_6,CAACTAGCAAGCGAGT-1,CSF,0.6125888996027273
MS,CSF_6,CAAGTTGTCCAAAGTC-1,CSF,0.6227083501548716
MS,CSF_6,CACACCTCACGGTGTC-1,CSF,0.6170561454067294
MS,CSF_6,CACACCTTCCTGTACC-1,CSF,0.31347720843516963
MS,CSF_6,CACAGGCCACCGCTAG-1,CSF,0.7052187253531089
MS,CSF_6,CACAGGCTCACGATGT-1,CSF,0.07133093579630356
MS,CSF_6,CAGCATACACGGTAGA-1,CSF,-0.09834107806026707
MS,CSF_6,CATCAAGGTTTCGCTC-1,CSF,0.37112783281661654
MS,CSF_6,CATGCCTTCAGTCAGT-1,CSF,-0.609930544189229
MS,CSF_6,CCAGCGATCAACACGT-1,CSF,-0.387749480426251
MS,CSF_6,CCCTCCTAGATGTTAG-1,CSF,0.059045207233994125
MS,CSF_6,CCTAGCTCATGGAATA-1,CSF,-0.366229315981188
MS,CSF_6,CCTCTGACAAGTACCT-1,CSF,-0.22528758362900694
MS,CSF_6,CGAGCCAGTACAGTTC-1,CSF,0.39111231225999976
MS,CSF_6,CGATGGCTCAAAGACA-1,CSF,0.19572799137149216
MS,CSF_6,CGATGTAAGGATGCGT-1,CSF,-0.09834107806026707
MS,CSF_6,CGATGTAGTCGGATCC-1,CSF,-0.24653167767874354
MS,CSF_6,CGCCAAGCATCCGCGA-1,CSF,-0.3943220456929636
MS,CSF_6,CGCTGGAAGACTAGAT-1,CSF,-0.05085824097256991
MS,CSF_6,CGGAGTCTCAACCATG-1,CSF,-0.04201963637018175
MS,CSF_6,CGTAGCGAGCAAATCA-1,CSF,0.11860925057628131
MS,CSF_6,CGTCAGGGTCACCCAG-1,CSF,0.34823763727859686
MS,CSF_6,CGTCCATGTGACCAAG-1,CSF,0.43526304760573076
MS,CSF_6,CGTGTAAGTCTTCGTC-1,CSF,0.07763113087844428
MS,CSF_6,CGTGTCTGTAGAGCTG-1,CSF,-0.20893659598737443
MS,CSF_6,CTCGTCACAATCCGAT-1,CSF,-0.21428251114132504
MS,CSF_6,CTGATCCGTTCTGTTT-1,CSF,-0.22307621967114596
MS,CSF_6,CTGCCTAAGCTGTCTA-1,CSF,-0.17538928718097305
MS,CSF_6,GAATAAGCATCACCCT-1,CSF,-0.5128794278013686
MS,CSF_6,GAGCAGAAGCCAGTAG-1,CSF,0.42869304185762347
MS,CSF_6,GAGGTGAAGAGTCTGG-1,CSF,0.113100328671575
MS,CSF_6,GAGGTGATCAGCGATT-1,CSF,0.2794523844226657
MS,CSF_6,GATCGATAGCGAAGGG-1,CSF,0.22379938373068234
MS,CSF_6,GATCTAGAGTATGACA-1,CSF,0.16239040447947417
MS,CSF_6,GATCTAGGTAGCGTGA-1,CSF,-0.09834107806026707
MS,CSF_6,GATGCTATCGCACTCT-1,CSF,-0.2652463681828429
MS,CSF_6,GCATGCGAGGATTCGG-1,CSF,-0.3031714229297821
MS,CSF_6,GCGCCAACACTGTGTA-1,CSF,0.06516371857846524
MS,CSF_6,GCTTCCACATCACAAC-1,CSF,0.7161747041486184
MS,CSF_6,GGACGTCTCACAAACC-1,CSF,-0.300041506586935
MS,CSF_6,GGCCGATCAACTGCTA-1,CSF,0.037722827646225796
MS,CSF_6,GGGACCTTCATAGCAC-1,CSF,0.32904569208437356
MS,CSF_6,GGGTTGCTCACCACCT-1,CSF,-0.23981636921081662
MS,CSF_6,GTAACGTGTCATCGGC-1,CSF,-0.09834107806026707
MS,CSF_6,GTACTTTGTCACAAGG-1,CSF,-0.21746239580548138
MS,CSF_6,GTGCATAGTCCCTTGT-1,CSF,-0.09834107806026707
MS,CSF_6,GTTCATTGTTCACCTC-1,CSF,-0.5175178991010361
MS,CSF_6,GTTTCTACAGGTCTCG-1,CSF,0.26654847675147236
MS,CSF_6,GTTTCTATCGGCGGTT-1,CSF,-0.7935723223670738
MS,CSF_6,TACGGTAGTTAAGACA-1,CSF,-0.09834107806026707
MS,CSF_6,TACTTACGTAACGCGA-1,CSF,0.05904030981479818
MS,CSF_6,TAGAGCTGTTCATGGT-1,CSF,0.21335356901286168
MS,CSF_6,TCGGGACGTCCGCTGA-1,CSF,0.14937495594856928
MS,CSF_6,TCGGTAAGTTAGGGTG-1,CSF,0.38231933296572534
MS,CSF_6,TCGTAGATCCTCCTAG-1,CSF,-0.2487055292179337
MS,CSF_6,TGAGCATCACTGTTAG-1,CSF,-0.02656401143675307
MS,CSF_6,TGAGCCGCAGACGCAA-1,CSF,-0.2042576050527603
MS,CSF_6,TGCGTGGCAGACAGGT-1,CSF,0.32076296631542434
MS,CSF_6,TGCTGCTAGTCCCACG-1,CSF,-0.10310799562712263
MS,CSF_6,TGGCGCAAGTGTCTCA-1,CSF,0.2189713856177424
MS,CSF_6,TGGTTAGAGAAACCTA-1,CSF,0.07016859988367538
MS,CSF_6,TTCGAAGCATGCGCAC-1,CSF,0.2758660363156324
MS,CSF_6,TTTCCTCTCTTGCAAG-1,CSF,0.9760404508029678
MS,CSF_7,AAACGGGCACCGGAAA-1,CSF,0.3198111156314806
MS,CSF_7,AAAGATGTCTAGAGTC-1,CSF,0.7651416098489063
MS,CSF_7,AACTCAGAGCCACGTC-1,CSF,0.38988270052030166
MS,CSF_7,AAGGTTCCACCAGGCT-1,CSF,0.13413480714236695
MS,CSF_7,AAGTCTGCATGTCGAT-1,CSF,0.1275444752013357
MS,CSF_7,ACCCACTTCTGCTGTC-1,CSF,-0.028093532238555357
MS,CSF_7,ACCTTTACATAGAAAC-1,CSF,-0.09834107806026707
MS,CSF_7,ACGAGCCAGGAGCGAG-1,CSF,0.23512575417109147
MS,CSF_7,ACGATACAGCACACAG-1,CSF,0.4309341142912183
MS,CSF_7,ACGATACGTTGAGTTC-1,CSF,-0.40907989033240477
MS,CSF_7,ACGATGTTCCTTTCGG-1,CSF,0.12666989421138145
MS,CSF_7,ACGTCAAGTCATACTG-1,CSF,0.2714248320922399
MS,CSF_7,ACTGATGCACAGACAG-1,CSF,0.3801926872320184
MS,CSF_7,AGCTCCTTCCGTACAA-1,CSF,-0.5369244760746786
MS,CSF_7,AGCTTGAAGTGGAGAA-1,CSF,-0.3209293848648797
MS,CSF_7,AGGGTGAAGTGCAAGC-1,CSF,0.4383206621962775
MS,CSF_7,ATAGACCTCTGCTGCT-1,CSF,-0.047008346982361095
MS,CSF_7,ATCACGAGTAAGCACG-1,CSF,0.28596752910985745
MS,CSF_7,ATCCGAACAAGTCATC-1,CSF,-0.6166860129290921
MS,CSF_7,ATCTACTGTCTAGAGG-1,CSF,-0.11670820271964177
MS,CSF_7,ATCTGCCGTCTGATTG-1,CSF,-0.09834107806026707
MS,CSF_7,ATTACTCGTTAAGAAC-1,CSF,0.2769140256552783
MS,CSF_7,CAAGAAAGTGGGTCAA-1,CSF,-0.09834107806026707
MS,CSF_7,CAAGTTGTCCTATGTT-1,CSF,-0.10018553021693967
MS,CSF_7,CACACTCCATTACCTT-1,CSF,0.5407316466581712
MS,CSF_7,CAGAATCCACATTCGA-1,CSF,0.32425372843922834
MS,CSF_7,CAGCTAACAGCTTCGG-1,CSF,-0.019389974689184304
MS,CSF_7,CATCAGATCTGTCTAT-1,CSF,-0.09834107806026707
MS,CSF_7,CCAGCGAAGCCGCCTA-1,CSF,0.3780119402471879
MS,CSF_7,CCTATTATCTGTCCGT-1,CSF,-0.09834107806026707
MS,CSF_7,CGATGTATCCAATGGT-1,CSF,0.34066529078715024
MS,CSF_7,CGCCAAGTCACGCATA-1,CSF,0.16552648557347682
MS,CSF_7,CGCGGTAAGACTGGGT-1,CSF,-0.24066936053862348
MS,CSF_7,CGGGTCAAGCTGCGAA-1,CSF,-0.0765452265245893
MS,CSF_7,CGTAGGCTCCTAGAAC-1,CSF,-0.46951573785635053
MS,CSF_7,CGTTCTGAGCCAGTAG-1,CSF,-0.09479267991413802
MS,CSF_7,CTACCCAAGTAGTGCG-1,CSF,-0.564070693577516
MS,CSF_7,CTAGTGACAGCCTTTC-1,CSF,0.020183308015960306
MS,CSF_7,CTCACACCACAAGTAA-1,CSF,-0.30510950494112266
MS,CSF_7,CTGAAACAGAACTGTA-1,CSF,-0.09834107806026707
MS,CSF_7,CTGGTCTCACCTCGTT-1,CSF,-0.4335156928594709
MS,CSF_7,CTTAGGATCCCTAATT-1,CSF,-0.3806238985650861
MS,CSF_7,GCATACAGTCCGAAGA-1,CSF,-0.24996451744023482
MS,CSF_7,GCGCAACTCGTACCGG-1,CSF,-0.33149130784713343
MS,CSF_7,GGGTTGCAGCTGAACG-1,CSF,0.16169720582251595
MS,CSF_7,GGTGAAGTCCGCGGTA-1,CSF,-0.028080931553651402
MS,CSF_7,GTCACAATCCGAAGAG-1,CSF,0.6221983910691222
MS,CSF_7,GTCCTCACAGCTCGAC-1,CSF,0.4011801097791302
MS,CSF_7,GTGAAGGAGGCCATAG-1,CSF,-0.047466219532346435
MS,CSF_7,GTGGGTCTCAACGCTA-1,CSF,-0.228717390633006
MS,CSF_7,GTTAAGCGTACCCAAT-1,CSF,0.4700568697201442
MS,CSF_7,GTTCGGGCATGCCACG-1,CSF,0.2487107537484861
MS,CSF_7,TAAACCGCAAGCGAGT-1,CSF,0.11573651786494572
MS,CSF_7,TAAGCGTCATCGGTTA-1,CSF,-0.5689402428438778
MS,CSF_7,TACTCATTCTTACCGC-1,CSF,-0.332355887086201
MS,CSF_7,TAGTGGTGTCCTCTTG-1,CSF,0.03344012127005736
MS,CSF_7,TATCAGGTCTCAAACG-1,CSF,0.2197820240023298
MS,CSF_7,TATTACCTCGCCTGAG-1,CSF,0.30822628693815574
MS,CSF_7,TCAACGAAGCCACGCT-1,CSF,-0.4918452387142055
MS,CSF_7,TCAGGATCACTTGGAT-1,CSF,0.21749875304358723
MS,CSF_7,TCTGAGATCGGTTCGG-1,CSF,-0.3031555350664434
MS,CSF_7,TCTGGAATCTTTAGGG-1,CSF,0.0238610638132784
MS,CSF_7,TGACTAGCATCAGTCA-1,CSF,-0.31769781565189165
MS,CSF_7,TGCCAAACAACTGCGC-1,CSF,0.2418836097321011
MS,CSF_7,TGCGGGTCACCAGGTC-1,CSF,0.21331900997396236
MS,CSF_7,TTAACTCTCCGTAGGC-1,CSF,-0.4304400447529891
MS,CSF_7,TTCTACACACAACGTT-1,CSF,0.1432164799643373
MS,CSF_7,TTCTCCTTCCGTCATC-1,CSF,0.08721620574659661
MS,CSF_7,TTGCCGTAGAAGGTGA-1,CSF,0.2827878335554176
MS,CSF_7,TTGTAGGCATCACGTA-1,CSF,0.17430528091456407
MS,CSF_8,AAACGGGAGGCCATAG-1,CSF,-0.10388036382877382
MS,CSF_8,AAACGGGCACGGCTAC-1,CSF,0.06269133606926387
MS,CSF_8,AACCATGGTTATTCTC-1,CSF,-0.23812763380325386
MS,CSF_8,AACTCAGAGGCACATG-1,CSF,-0.4051851095592638
MS,CSF_8,AACTTTCAGAGCCCAA-1,CSF,-0.28183243592752405
MS,CSF_8,AAGTCTGCATGTCGAT-1-1,CSF,0.15041416231721977
MS,CSF_8,AATCCAGTCAACGCTA-1,CSF,-0.5327328474823899
MS,CSF_8,ACACCAATCAAACCAC-1,CSF,0.19045503994518212
MS,CSF_8,ACACCGGCAGCCTTTC-1,CSF,0.23044548137038215
MS,CSF_8,ACACCGGGTTGAGTTC-1,CSF,-0.7223730564987196
MS,CSF_8,ACACTGACAGACGCTC-1,CSF,-0.24888471421268962
MS,CSF_8,ACACTGATCTGCTGCT-1,CSF,-0.5268236175167867
MS,CSF_8,ACAGCTATCCGCGCAA-1,CSF,0.1315591406453955
MS,CSF_8,ACATGGTAGACAGAGA-1,CSF,-0.20562474214628743
MS,CSF_8,ACATGGTCAACTTGAC-1,CSF,0.4009990531913211
MS,CSF_8,ACCGTAATCGAATGCT-1,CSF,-0.08734225201887427
MS,CSF_8,ACCGTAATCTTTACGT-1,CSF,-0.2030846769824361
MS,CSF_8,ACGAGCCTCGGCTACG-1,CSF,-0.9380288713318283
MS,CSF_8,ACGATGTCACAGCCCA-1,CSF,-0.18794129045837885
MS,CSF_8,ACGATGTGTTAAGACA-1,CSF,-0.17438731374118438
MS,CSF_8,ACGTCAACACATCCAA-1,CSF,-0.2510596113459835
MS,CSF_8,ACGTCAACATGTTCCC-1,CSF,-0.09834107806026707
MS,CSF_8,ACTATCTTCGCTTAGA-1,CSF,0.05286472685841307
MS,CSF_8,ACTGAGTGTTCAGCGC-1,CSF,-0.29532913169100405
MS,CSF_8,ACTGCTCTCCTATGTT-1,CSF,0.06089773408121731
MS,CSF_8,ACTGCTCTCTGACCTC-1,CSF,-0.09834107806026707
MS,CSF_8,ACTGTCCGTTAAGACA-1,CSF,-0.09834107806026707
MS,CSF_8,ACTTGTTCAGGAATGC-1,CSF,-0.24059601486160603
MS,CSF_8,ACTTTCAAGGAATTAC-1,CSF,-0.09834107806026707
MS,CSF_8,AGAGCTTAGACTTTCG-1,CSF,-0.09834107806026707
MS,CSF_8,AGATCTGAGATGTGGC-1,CSF,0.10059640059500227
MS,CSF_8,AGCAGCCGTCTAGCGC-1,CSF,-0.23818613444927225
MS,CSF_8,AGCATACGTCTCCATC-1,CSF,-0.17548953155497463
MS,CSF_8,AGCGTATTCAGGATCT-1,CSF,-0.4349268762750847
MS,CSF_8,AGGGAGTTCAGAGGTG-1,CSF,0.5751655602580692
MS,CSF_8,AGGGTGATCCATGAAC-1,CSF,-0.09834107806026707
MS,CSF_8,AGGTCATCACGGCGTT-1,CSF,-0.23748352889211422
MS,CSF_8,AGGTCATGTCACTGGC-1,CSF,-0.2849980672268294
MS,CSF_8,AGGTCATGTTAGAACA-1,CSF,-0.3538928896337249
MS,CSF_8,AGTAGTCAGATACACA-1,CSF,0.060759451473531234
MS,CSF_8,AGTGTCAGTGTTAAGA-1,CSF,-0.1394684938001929
MS,CSF_8,AGTTGGTGTCTCACCT-1,CSF,0.1352256489326569
MS,CSF_8,ATAACGCAGCACAGGT-1,CSF,-0.4401095617779614
MS,CSF_8,ATAACGCAGTACACCT-1,CSF,-0.09834107806026707
MS,CSF_8,ATAACGCCAAGAAAGG-1,CSF,-0.4820014262153552
MS,CSF_8,ATAAGAGGTAGGACAC-1,CSF,0.0658563157652229
MS,CSF_8,ATCACGACAAGTAGTA-1,CSF,-1.0842732125259016
MS,CSF_8,ATCACGAGTTAGGGTG-1,CSF,-0.5023567734101493
MS,CSF_8,ATCATCTAGAGACGAA-1,CSF,-0.09834107806026707
MS,CSF_8,ATCCACCTCAACACGT-1,CSF,0.6468891211609237
MS,CSF_8,ATCTACTTCTGAAAGA-1,CSF,0.2791874690021685
MS,CSF_8,ATGAGGGAGATCCTGT-1,CSF,-0.5803430065329145
MS,CSF_8,ATGCGATAGACAATAC-1,CSF,0.23213965858022864
MS,CSF_8,ATTACTCCATGGTCTA-1,CSF,-0.08564068472996056
MS,CSF_8,ATTCTACAGACCTTTG-1,CSF,-0.2122824450580089
MS,CSF_8,ATTGGACCAGGAACGT-1,CSF,-0.4237468705247048
MS,CSF_8,CAACCAATCGCGGATC-1,CSF,0.3677740547609676
MS,CSF_8,CAAGATCTCTGTACGA-1,CSF,-0.04667646749365414
MS,CSF_8,CAAGTTGCAAGGTGTG-1,CSF,0.04535245942108858
MS,CSF_8,CAAGTTGCATCAGTAC-1,CSF,0.03951852883500765
MS,CSF_8,CAAGTTGTCTGCAGTA-1,CSF,-0.41642893967015115
MS,CSF_8,CACAAACCAGCTGGCT-1,CSF,-1.005663502883457
MS,CSF_8,CACACCTCAAGGACTG-1,CSF,0.2517436528840262
MS,CSF_8,CACACTCCACGGCGTT-1,CSF,-0.6205081928040085
MS,CSF_8,CACAGTACACCAACCG-1,CSF,-0.5410401916409485
MS,CSF_8,CACAGTATCGGCGCAT-1,CSF,-0.0345392158779335
MS,CSF_8,CACATAGTCATCTGCC-1,CSF,-0.3265819552974966
MS,CSF_8,CACATAGTCTCTGTCG-1,CSF,-0.24945124437468844
MS,CSF_8,CACCACTTCCGGGTGT-1,CSF,-0.23855390384746647
MS,CSF_8,CACCAGGTCAGTTTGG-1,CSF,-0.09834107806026707
MS,CSF_8,CACCAGGTCGGATGTT-1,CSF,0.2143798498575376
MS,CSF_8,CAGCATAGTCGGCATC-1,CSF,-0.09834107806026707
MS,CSF_8,CAGCCGATCAACACTG-1,CSF,-0.21892065613823192
MS,CSF_8,CAGCGACTCTGATACG-1,CSF,-0.015972603081591003
MS,CSF_8,CAGCTAATCACCCTCA-1,CSF,-0.2232812886038537
MS,CSF_8,CAGCTGGAGGATTCGG-1,CSF,-0.09834107806026707
MS,CSF_8,CATCAGAGTGATAAAC-1,CSF,-0.040022236013333025
MS,CSF_8,CATGCCTTCTACTATC-1,CSF,0.19919935244891393
MS,CSF_8,CATTATCTCGTTTGCC-1,CSF,-0.8326740367226068
MS,CSF_8,CATTCGCGTAGCGTCC-1,CSF,-0.28901453898298995
MS,CSF_8,CCACTACCACAGCCCA-1,CSF,-0.226928039745194
MS,CSF_8,CCAGCGATCCAAAGTC-1,CSF,0.03553118040349769
MS,CSF_8,CCATTCGGTGGTACAG-1,CSF,-0.38744365670344516
MS,CSF_8,CCCAATCGTTAGATGA-1,CSF,-0.5188166322615052
MS,CSF_8,CCGGGATGTAGATTAG-1,CSF,-0.09834107806026707
MS,CSF_8,CCGTTCACACCGAAAG-1,CSF,-0.35022942456233386
MS,CSF_8,CCGTTCATCATGCAAC-1,CSF,0.018375154589932313
MS,CSF_8,CCTACACTCCTCAATT-1,CSF,0.1760799934873711
MS,CSF_8,CCTACCAGTCGAATCT-1,CSF,-0.18246316751385683
MS,CSF_8,CCTACCAGTGCTTCTC-1,CSF,0.35013638941520775
MS,CSF_8,CCTCAGTCACTGTTAG-1,CSF,-0.24261189260951216
MS,CSF_8,CCTTCCCCAACACGCC-1,CSF,0.2315905767386093
MS,CSF_8,CGACCTTGTTCTGTTT-1,CSF,-0.2421300388760041
MS,CSF_8,CGAGCCACATACGCCG-1,CSF,-0.3306558418348689
MS,CSF_8,CGATTGAAGCGTAATA-1,CSF,0.7314799734934571
MS,CSF_8,CGCTGGATCTGGCGAC-1,CSF,-0.7125741221013474
MS,CSF_8,CGGACACAGCTTTGGT-1,CSF,-0.8400194737982302
MS,CSF_8,CGGACGTCAGCCAATT-1,CSF,0.1309788804687559
MS,CSF_8,CGGACTGAGCCCAATT-1,CSF,-0.3398050631437042
MS,CSF_8,CGGGTCAGTAGAGTGC-1,CSF,-0.2519482553124583
MS,CSF_8,CGGTTAAAGCAGATCG-1,CSF,-0.2643563288496395
MS,CSF_8,CGGTTAATCTCTAGGA-1,CSF,-0.49746155645505113
MS,CSF_8,CGTAGGCCACAAGCCC-1,CSF,-0.5431433990432206
MS,CSF_8,CGTCACTCACGTCTCT-1,CSF,-0.05441605023990181
MS,CSF_8,CTAAGACGTGACGCCT-1,CSF,0.5178162335443274
MS,CSF_8,CTACGTCAGCATGGCA-1,CSF,-0.39186371200129017
MS,CSF_8,CTAGTGATCGGCCGAT-1,CSF,0.4563203970761501
MS,CSF_8,CTCACACGTAAGGGCT-1,CSF,-0.3940289243346067
MS,CSF_8,CTCACACTCACATACG-1,CSF,-0.40953090811754045
MS,CSF_8,CTCAGAAAGCTGGAAC-1,CSF,-0.09834107806026707
MS,CSF_8,CTCCTAGGTCACTTCC-1,CSF,-0.2867167563877738
MS,CSF_8,CTCTAATGTAGCAAAT-1,CSF,-0.09834107806026707
MS,CSF_8,CTCTACGCATCACGAT-1,CSF,-0.33996055718599866
MS,CSF_8,CTGCCTAGTGATAAAC-1,CSF,-0.457775420676528
MS,CSF_8,CTGCTGTAGCCAGTAG-1,CSF,-0.03918690422736727
MS,CSF_8,CTGGTCTCAGGTCTCG-1,CSF,-0.09834107806026707
MS,CSF_8,CTGTGCTTCGGTTAAC-1,CSF,-0.2648774422991397
MS,CSF_8,CTGTTTACAGTAAGCG-1,CSF,0.1740563143421783
MS,CSF_8,CTTAGGATCACCTTAT-1,CSF,-0.49062197244727396
MS,CSF_8,CTTCTCTAGCGAGAAA-1,CSF,-0.06770193375091262
MS,CSF_8,CTTGGCTCACTCTGTC-1,CSF,0.6684378354377596
MS,CSF_8,CTTGGCTGTGTCGCTG-1,CSF,-0.5617511330286695
MS,CSF_8,GAAACTCCAAACTGTC-1,CSF,-0.26430968721986864
MS,CSF_8,GAAATGACACTGCCAG-1,CSF,-0.038439636055776445
MS,CSF_8,GAAATGAGTCATGCAT-1,CSF,0.2136828002020881
MS,CSF_8,GAACATCTCATGTAGC-1,CSF,-0.4354305196668965
MS,CSF_8,GAACATCTCTTGACGA-1,CSF,0.46293973866218235
MS,CSF_8,GAACGGAGTGAAATCA-1,CSF,-0.09834107806026707
MS,CSF_8,GAATAAGAGTGAAGTT-1,CSF,0.05087077474411516
MS,CSF_8,GACACGCCATTCGACA-1,CSF,-0.21721590760729642
MS,CSF_8,GACAGAGAGAGTAAGG-1,CSF,-0.28876100049766557
MS,CSF_8,GACGGCTTCCACGTTC-1,CSF,-0.8643009015027572
MS,CSF_8,GATCGATCATAGACTC-1,CSF,0.6010986041524904
MS,CSF_8,GATTCAGTCACCAGGC-1,CSF,0.4018077404806009
MS,CSF_8,GCAAACTGTCTGCAAT-1,CSF,-0.09834107806026707
MS,CSF_8,GCAAACTGTGCAACGA-1,CSF,-0.3534614555905735
MS,CSF_8,GCATGCGTCTATGTGG-1,CSF,0.039695377174073496
MS,CSF_8,GCCAAATTCACAGGCC-1,CSF,0.606735131567279
MS,CSF_8,GCCTCTATCCCATTTA-1,CSF,-0.8672118258861669
MS,CSF_8,GCGACCAGTAAGAGAG-1,CSF,-0.2049832077386647
MS,CSF_8,GCGAGAAAGCGGATCA-1,CSF,-0.9740206385480314
MS,CSF_8,GCGCAGTAGATCACGG-1,CSF,-0.09638138698904705
MS,CSF_8,GCTCCTAGTATAAACG-1,CSF,0.21289983112899397
MS,CSF_8,GCTCTGTCAGCCTGTG-1,CSF,-0.26287625859470687
MS,CSF_8,GCTCTGTTCAACGAAA-1,CSF,0.16530058717441068
MS,CSF_8,GCTGCAGCATGCAACT-1,CSF,-0.05781870569187654
MS,CSF_8,GCTGCAGTCACAACGT-1,CSF,0.1618263919458624
MS,CSF_8,GCTTCCAGTAGCGCAA-1,CSF,-0.7961370722493543
MS,CSF_8,GCTTCCAGTGAGGCTA-1,CSF,0.5139280213034827
MS,CSF_8,GGACAAGGTTTCGCTC-1,CSF,-0.33798036292265354
MS,CSF_8,GGACAGACAGGGAGAG-1,CSF,-0.43955430006861584
MS,CSF_8,GGACGTCCATTGGCGC-1,CSF,-0.08674786073546041
MS,CSF_8,GGCAATTTCCAAATGC-1,CSF,0.0045269172971184836
MS,CSF_8,GGCTGGTGTTCATGGT-1,CSF,-0.09834107806026707
MS,CSF_8,GGGATGAGTTACCAGT-1,CSF,-0.09844163792271396
MS,CSF_8,GGGCACTTCAAGGTAA-1,CSF,-0.49564588202013005
MS,CSF_8,GGGCATCTCCACGCAG-1,CSF,-0.7619382282828623
MS,CSF_8,GGGTCTGGTAGCGATG-1,CSF,0.2587004705284889
MS,CSF_8,GGTGAAGGTGCAACTT-1,CSF,-0.2319872738521642
MS,CSF_8,GGTGCGTTCACCACCT-1,CSF,0.19596846370458884
MS,CSF_8,GTAGGCCCACATCTTT-1,CSF,-0.09834107806026707
MS,CSF_8,GTCACAACACTGTTAG-1,CSF,-0.057917892635362414
MS,CSF_8,GTCACGGAGAGACTAT-1,CSF,-0.22429831452823362
MS,CSF_8,GTCATTTTCGTACCGG-1,CSF,-0.04264398052145825
MS,CSF_8,GTCTCGTGTTCCCTTG-1,CSF,0.068700184342004
MS,CSF_8,GTCTTCGAGAGTCGGT-1,CSF,0.3119753424721882
MS,CSF_8,GTCTTCGGTGAACCTT-1,CSF,-0.5660329044639623
MS,CSF_8,GTGCGGTGTCCCTTGT-1,CSF,-0.1112603474682486
MS,CSF_8,GTGCTTCCAGAGTGTG-1,CSF,0.10134498539779968
MS,CSF_8,GTGCTTCCATGTTCCC-1,CSF,-0.2638869943720525
MS,CSF_8,GTGCTTCTCACGACTA-1,CSF,0.5620578428008746
MS,CSF_8,GTTAAGCTCGCAAGCC-1,CSF,-0.20325708401793754
MS,CSF_8,GTTTCTAAGCTGAACG-1,CSF,-0.0035855923655680705
MS,CSF_8,GTTTCTACACCACGTG-1,CSF,-0.41726257149670903
MS,CSF_8,GTTTCTATCCGTACAA-1,CSF,-0.09834107806026707
MS,CSF_8,TAAGCGTGTCTGCCAG-1,CSF,-0.5396478947792434
MS,CSF_8,TACCTTATCCAAAGTC-1,CSF,0.6261450067932044
MS,CSF_8,TACGGATTCCCGACTT-1,CSF,0.24282721713914937
MS,CSF_8,TACGGTATCCTCAATT-1,CSF,-0.009431158129980617
MS,CSF_8,TACTCATAGAGCTATA-1,CSF,-0.23655746536069883
MS,CSF_8,TACTCATCAGGACGTA-1,CSF,-0.1969325776559173
MS,CSF_8,TACTTACTCTCTAGGA-1,CSF,0.03281143872136608
MS,CSF_8,TATCAGGCATCTCCCA-1,CSF,-0.16039459167778064
MS,CSF_8,TATCAGGTCTACTATC-1,CSF,-0.558721428442429
MS,CSF_8,TCAACGAGTTGTGGCC-1,CSF,-0.42918887335929423
MS,CSF_8,TCAATCTTCCGCTGTT-1,CSF,-0.3280452617580965
MS,CSF_8,TCACGAAAGTGTTAGA-1,CSF,0.21894699474333387
MS,CSF_8,TCAGCTCAGGAATCGC-1,CSF,-0.02676681588041286
MS,CSF_8,TCAGGATGTCTTGTCC-1,CSF,-0.45837622296577557
MS,CSF_8,TCAGGTATCTGAGTGT-1,CSF,-0.09834107806026707
MS,CSF_8,TCATTTGAGACTTGAA-1,CSF,0.12645672640759403
MS,CSF_8,TCCACACCAAGTAGTA-1,CSF,-0.09834107806026707
MS,CSF_8,TCCCGATAGCGCCTCA-1,CSF,-0.2443101913438356
MS,CSF_8,TCCCGATCACACATGT-1,CSF,-0.18276797068439504
MS,CSF_8,TCGGGACCACGACGAA-1,CSF,-0.6899327097407936
MS,CSF_8,TCGGGACTCTTGCAAG-1,CSF,-0.09834107806026707
MS,CSF_8,TCGGTAAGTTCAACCA-1,CSF,-0.20096227536457123
MS,CSF_8,TCGTACCAGCATGGCA-1,CSF,0.2754689301898186
MS,CSF_8,TCGTACCAGCCCAGCT-1,CSF,0.41017493702346197
MS,CSF_8,TCGTAGAAGTGGGCTA-1,CSF,-0.03037376696370307
MS,CSF_8,TCTATTGCAAGTAATG-1,CSF,-0.09834107806026707
MS,CSF_8,TCTATTGGTGGCCCTA-1,CSF,-0.20722628684545658
MS,CSF_8,TCTGAGAGTTTGACTG-1,CSF,0.15073329998877835
MS,CSF_8,TGACAACGTGCAGACA-1,CSF,-0.33859549332402966
MS,CSF_8,TGACGGCAGGACCACA-1,CSF,-0.09834107806026707
MS,CSF_8,TGACGGCAGGTGACCA-1,CSF,-1.50420940588317
MS,CSF_8,TGACGGCCACAGATTC-1,CSF,-0.26201891527399085
MS,CSF_8,TGACTAGAGGGAGTAA-1,CSF,-0.25398163172014276
MS,CSF_8,TGAGGGATCCTCCTAG-1,CSF,-0.09834107806026707
MS,CSF_8,TGCACCTTCAGGCAAG-1,CSF,-0.004812681329183602
MS,CSF_8,TGCCCTAGTGTAAGTA-1,CSF,-0.5082702044231836
MS,CSF_8,TGCGCAGAGTAAGTAC-1,CSF,0.1296102105588979
MS,CSF_8,TGCGCAGTCAATCTCT-1,CSF,-0.3626545516615628
MS,CSF_8,TGCGGGTGTTCCGGCA-1,CSF,-0.7526424931548844
MS,CSF_8,TGCGGGTTCCAAAGTC-1,CSF,-0.09834107806026707
MS,CSF_8,TGCGTGGAGTTACCCA-1,CSF,-0.5378214697931571
MS,CSF_8,TGCTACCTCGGAAACG-1,CSF,-0.019256892099658307
MS,CSF_8,TGCTGCTTCTCGGACG-1,CSF,0.13190372069110196
MS,CSF_8,TGGACGCGTAGAGGAA-1,CSF,-0.2402311143745067
MS,CSF_8,TGGCCAGTCGTGGGAA-1,CSF,-0.4350820897839777
MS,CSF_8,TGGTTAGGTGCACCAC-1,CSF,-0.38544025753416394
MS,CSF_8,TGGTTCCAGACTAAGT-1,CSF,-0.14653161137849832
MS,CSF_8,TGGTTCCCAGAGTGTG-1,CSF,0.5608970774035588
MS,CSF_8,TGTATTCTCAACGCTA-1,CSF,-0.09834107806026707
MS,CSF_8,TGTGGTAGTGTTCTTT-1,CSF,-0.11194695584110745
MS,CSF_8,TGTTCCGGTCCGCTGA-1,CSF,-0.09834107806026707
MS,CSF_8,TGTTCCGTCAACGGCC-1,CSF,-0.4747256604685647
MS,CSF_8,TTAGGACCAGGGTATG-1,CSF,0.6914138843832187
MS,CSF_8,TTAGTTCAGTGGAGAA-1,CSF,-0.3601220156556728
MS,CSF_8,TTAGTTCTCTATGTGG-1,CSF,-0.5822713298524009
MS,CSF_8,TTCGAAGAGCTGATAA-1,CSF,0.03461117817556368
MS,CSF_8,TTCGAAGCAGACGTAG-1,CSF,-0.10692813250707674
MS,CSF_8,TTCTACACAGACGCCT-1,CSF,0.26354766971115423
MS,CSF_8,TTCTCAATCAAACCGT-1,CSF,0.18099011851797384
MS,CSF_8,TTCTCCTTCTCTGAGA-1,CSF,-0.2011992247976587
MS,CSF_8,TTGACTTAGGCATTGG-1,CSF,-0.15915836792384233
MS,CSF_8,TTGACTTTCACCTTAT-1,CSF,-0.07494385440158806
MS,CSF_8,TTGGAACCACGAGAGT-1,CSF,-0.09834107806026707
MS,CSF_8,TTGGCAAAGATGCCAG-1,CSF,-0.09834107806026707
MS,CSF_8,TTTATGCAGTCCGTAT-1,CSF,-0.09834107806026707
MS,CSF_8,TTTATGCCACCGAATT-1,CSF,-0.20638659501825082
MS,CSF_8,TTTATGCGTGGAAAGA-1,CSF,-0.3043719679975786
MS,CSF_8,TTTGCGCGTTCGTTGA-1,CSF,-1.455574278975765
MS,CSF_8,TTTGTCATCTTACCTA-1,CSF,-0.1612585920984819
MS,CSF_9,AACCGCGGTTTCGCTC-1,CSF,-0.19604375229503862
MS,CSF_9,AACGTTGAGGACATTA-1,CSF,0.7048068475488483
MS,CSF_9,AAGACCTGTCCTAGCG-1,CSF,-0.13363330031940193
MS,CSF_9,AATCCAGTCAACACCA-1,CSF,-0.2123884191769587
MS,CSF_9,ACACCCTTCCTTTACA-1,CSF,-0.22479352000479658
MS,CSF_9,ACAGCCGAGTAGGTGC-1,CSF,0.08458418161536493
MS,CSF_9,ACAGCTAGTCTCCACT-1,CSF,0.1502732784906975
MS,CSF_9,ACATACGGTAAGTGTA-1,CSF,-0.3681781240610807
MS,CSF_9,ACCAGTACATGCCACG-1,CSF,0.19526425849695808
MS,CSF_9,ACCTTTAGTTCTCATT-1,CSF,0.21610196652518915
MS,CSF_9,ACGATACCACACCGCA-1,CSF,-0.3108453275901426
MS,CSF_9,ACGCAGCGTGACGGTA-1,CSF,0.1980599437952011
MS,CSF_9,ACGCCAGAGCGATGAC-1,CSF,-0.09834107806026707
MS,CSF_9,ACGGCCAGTCTGATTG-1,CSF,-0.28406189109574703
MS,CSF_9,ACGGGTCGTGCTTCTC-1,CSF,-0.3130323449939362
MS,CSF_9,ACTGATGTCAGAAATG-1,CSF,-0.5604677937648427
MS,CSF_9,ACTTGTTTCCCTCAGT-1,CSF,-0.03416534614076293
MS,CSF_9,ACTTTCACAGCATACT-1,CSF,-0.09834107806026707
MS,CSF_9,AGCTCTCCAGCCTTGG-1,CSF,-0.9281418587725504
MS,CSF_9,AGGCCACAGCCAGTAG-1,CSF,-0.3710287868598562
MS,CSF_9,AGGGTGAGTCTGGAGA-1,CSF,0.38104761264580933
MS,CSF_9,AGTAGTCAGTTAACGA-1,CSF,0.10900237074528417
MS,CSF_9,ATCATCTAGTGTCCCG-1,CSF,-0.09834107806026707
MS,CSF_9,ATCCACCGTACTCGCG-1,CSF,0.20266284517524835
MS,CSF_9,ATCGAGTAGAGCCCAA-1,CSF,0.02697643199120984
MS,CSF_9,ATGAGGGGTTCAGGCC-1,CSF,0.34921245694767006
MS,CSF_9,ATGCGATGTCCCTTGT-1,CSF,-0.3507738327913942
MS,CSF_9,ATGTGTGCAGCTCCGA-1,CSF,0.08856191346610885
MS,CSF_9,ATTCTACCACGTGAGA-1,CSF,-0.38898348526291354
MS,CSF_9,ATTGGTGGTACCGTAT-1,CSF,-0.01319044760392174
MS,CSF_9,ATTGGTGTCCCTAACC-1,CSF,0.2488504046537013
MS,CSF_9,CAACCTCAGACCGGAT-1,CSF,0.326651793344444
MS,CSF_9,CACCACTGTTGGTAAA-1,CSF,-0.09834107806026707
MS,CSF_9,CAGCTAAAGACTAAGT-1,CSF,0.047971757875471414
MS,CSF_9,CATCGAAAGATAGCAT-1,CSF,-0.09834107806026707
MS,CSF_9,CATCGAAGTTTGTTGG-1,CSF,-0.9968966197270603
MS,CSF_9,CATGGCGCACAGATTC-1,CSF,0.30995824111917736
MS,CSF_9,CATTCGCGTATGCTTG-1,CSF,-0.44241539243426253
MS,CSF_9,CCAGCGAGTGAGCGAT-1,CSF,0.21099452354973078
MS,CSF_9,CCCTCCTAGGGTTTCT-1,CSF,-0.3928981181444429
MS,CSF_9,CCGGGATTCACCTCGT-1,CSF,-0.047648509353281195
MS,CSF_9,CCGGTAGTCTCTGCTG-1,CSF,-0.14285326353041916
MS,CSF_9,CCGTGGAAGACACGAC-1,CSF,-0.09834107806026707
MS,CSF_9,CGAGCACGTCTGCGGT-1,CSF,-0.23746532179547244
MS,CSF_9,CGAGCCACACTGAAGG-1,CSF,0.09138659246105042
MS,CSF_9,CGATTGATCGTTTATC-1,CSF,-0.07953971808879305
MS,CSF_9,CGCTTCAAGAGTAAGG-1,CSF,0.12876350598742153
MS,CSF_9,CGGACACCACATGTGT-1,CSF,0.36433734854087485
MS,CSF_9,CGGAGCTAGCGCTTAT-1,CSF,0.14827708752494115
MS,CSF_9,CGTAGCGAGAAGGACA-1,CSF,0.1107728299811396
MS,CSF_9,CTACACCCATCTCGCT-1,CSF,-0.09834107806026707
MS,CSF_9,CTCGAAAAGGCTCTTA-1,CSF,0.11183228841550087
MS,CSF_9,CTCGAGGCAATGGACG-1,CSF,0.09432548237023086
MS,CSF_9,CTGATAGCACCGAATT-1,CSF,0.06337643001363176
MS,CSF_9,CTGATAGCAGCCAATT-1,CSF,-0.05905505415409001
MS,CSF_9,CTGATAGTCAACACTG-1,CSF,-0.09834107806026707
MS,CSF_9,CTTACCGTCCAAGTAC-1,CSF,0.4841301600912486
MS,CSF_9,GACCAATAGGCATTGG-1,CSF,0.005830336244246924
MS,CSF_9,GACTACAAGAAACCTA-1,CSF,0.2959365859479215
MS,CSF_9,GACTACAAGACAGAGA-1,CSF,-0.41005813545986847
MS,CSF_9,GAGGTGATCTTGGGTA-1,CSF,-0.05478295850316214
MS,CSF_9,GATCGTAAGTATCTCG-1,CSF,-0.09834107806026707
MS,CSF_9,GATGAGGCACCACGTG-1,CSF,0.2738502543364285
MS,CSF_9,GCAGCCATCTACTTAC-1,CSF,-0.18468094324266043
MS,CSF_9,GCGACCATCCAGAGGA-1,CSF,-0.1119878378995424
MS,CSF_9,GCTCCTAGTGGACGAT-1,CSF,-0.07582652428696547
MS,CSF_9,GCTCTGTGTGAGGCTA-1,CSF,0.3571127101575799
MS,CSF_9,GGATGTTCACTGTGTA-1,CSF,0.3428507546512978
MS,CSF_9,GGCTCGAAGAGGGCTT-1,CSF,-1.2395061152988642
MS,CSF_9,GGTATTGAGCTACCGC-1,CSF,-0.5805015273474005
MS,CSF_9,GGTATTGAGGACAGAA-1,CSF,0.06374729668769462
MS,CSF_9,GGTATTGTCTTCTGGC-1,CSF,-0.3636150904555587
MS,CSF_9,GGTGAAGTCACCGTAA-1,CSF,-0.09834107806026707
MS,CSF_9,GGTGCGTGTACTCAAC-1,CSF,0.5878683445629976
MS,CSF_9,GTAACGTAGGGCACTA-1,CSF,-0.6559528384644941
MS,CSF_9,GTACGTACATTATCTC-1,CSF,0.031721911205621484
MS,CSF_9,GTACGTATCATGTCTT-1,CSF,-0.12953775804037646
MS,CSF_9,GTAGTCATCCTAAGTG-1,CSF,0.07310257359417503
MS,CSF_9,GTCACAATCCGAACGC-1,CSF,0.11688882273160296
MS,CSF_9,GTCGTAACAGGGTTAG-1,CSF,0.33618578888585254
MS,CSF_9,GTCGTAAGTTCCGTCT-1,CSF,0.10251395286828587
MS,CSF_9,GTGCGGTAGACACTAA-1,CSF,-0.05476563351077283
MS,CSF_9,GTGTTAGGTCTGCGGT-1,CSF,-0.39261161973847514
MS,CSF_9,TAAACCGTCGGATGGA-1,CSF,0.5632035505522275
MS,CSF_9,TACACGAGTAGTAGTA-1,CSF,-0.38428982849238114
MS,CSF_9,TACAGTGTCACCACCT-1,CSF,0.29145252816333417
MS,CSF_9,TACCTATAGGCCATAG-1,CSF,0.10664644764540819
MS,CSF_9,TACGGGCGTCAAAGCG-1,CSF,0.18622488071365997
MS,CSF_9,TAGCCGGCATCCGCGA-1,CSF,-0.09834107806026707
MS,CSF_9,TAGCCGGGTACCGTTA-1,CSF,-0.39662414749105823
MS,CSF_9,TCAGCTCAGGCGTACA-1,CSF,0.010405541161008244
MS,CSF_9,TCAGGTAAGAGATGAG-1,CSF,0.11884012857244307
MS,CSF_9,TCGAGGCAGCCCAATT-1,CSF,0.1801141975438038
MS,CSF_9,TCGCGAGAGATCCCGC-1,CSF,0.08007411635467905
MS,CSF_9,TCGCGTTCAAGGCTCC-1,CSF,-0.09506409335634479
MS,CSF_9,TCGTAGATCAACGGGA-1,CSF,-0.17560541195046384
MS,CSF_9,TCTCTAACACTAAGTC-1,CSF,0.21504441560397852
MS,CSF_9,TGACTAGCATGCCCGA-1,CSF,-0.01839307924479729
MS,CSF_9,TGAGCATAGAGTGAGA-1,CSF,0.27101689513773036
MS,CSF_9,TGCCAAAGTTATCGGT-1,CSF,-0.0674578929243421
MS,CSF_9,TGCGCAGAGGACCACA-1,CSF,0.39093930205881383
MS,CSF_9,TGCTACCAGCAATATG-1,CSF,0.043185542217228104
MS,CSF_9,TGTATTCAGTACGCGA-1,CSF,-0.022711544156816182
MS,CSF_9,TTAGTTCGTACCCAAT-1,CSF,-0.07621957486015997
MS,CSF_9,TTCGAAGAGGACTGGT-1,CSF,-0.18611678390048386
MS,CSF_9,TTGGCAAGTGCGAAAC-1,CSF,-0.09018686660698008
MS,CSF_9,TTGTAGGGTAAAGTCA-1,CSF,0.1467647167726316
MS,CSF_9,TTTACTGAGTGTACCT-1,CSF,-0.09219263120594527
MS,CSF_9,TTTGCGCGTCATCGGC-1,CSF,-0.5894039360009861
MS,CSF_10,AAACGGGAGAAGATTC-1,CSF,-0.09834107806026707
MS,CSF_10,AACCGCGAGTGAAGTT-1,CSF,0.5493682800090494
MS,CSF_10,AACCGCGCACAGTCGC-1,CSF,-0.31262976562572586
MS,CSF_10,AAGCCGCCATAGGATA-1,CSF,-0.29163867559073237
MS,CSF_10,AATCGGTGTTACTGAC-1,CSF,-0.22687001250855074
MS,CSF_10,ACATACGCAGACACTT-1,CSF,0.02114937594805934
MS,CSF_10,ACGATACCATTTCACT-1,CSF,-0.5476559786269485
MS,CSF_10,ACGATACGTCAAACTC-1,CSF,0.22101304961707882
MS,CSF_10,ACTGAGTCACAGACTT-1,CSF,0.18655579615395507
MS,CSF_10,ACTGATGGTGCACTTA-1,CSF,0.0020347202527696445
MS,CSF_10,ACTGTCCGTCCGACGT-1,CSF,-0.7670771141170519
MS,CSF_10,ACTGTCCTCATTATCC-1,CSF,-0.3290159232464872
MS,CSF_10,AGACGTTTCGGACAAG-1,CSF,0.09439312193587276
MS,CSF_10,AGCATACAGCTCCTCT-1,CSF,0.6196719794947984
MS,CSF_10,AGCCTAACATGTCCTC-1,CSF,0.7482685745374599
MS,CSF_10,AGGGATGGTTATCACG-1,CSF,-0.20377092691701545
MS,CSF_10,AGTAGTCTCTGGTTCC-1,CSF,-0.09834107806026707
MS,CSF_10,ATAACGCTCGCACTCT-1,CSF,-0.2698467818615122
MS,CSF_10,ATAAGAGGTATCGCAT-1,CSF,0.1172738991813463
MS,CSF_10,ATAGACCTCTTTAGGG-1,CSF,-0.217305011910547
MS,CSF_10,ATCATGGCACTATCTT-1,CSF,-0.5075497426609283
MS,CSF_10,ATCTGCCTCAATCACG-1,CSF,-0.3203216718551824
MS,CSF_10,ATGCGATGTCGGCACT-1,CSF,-0.05951319479717992
MS,CSF_10,CAACTAGCATGTCTCC-1,CSF,-0.09834107806026707
MS,CSF_10,CACACAAGTCTAGTCA-1,CSF,0.0416566808518675
MS,CSF_10,CACATAGTCTATCCCG-1,CSF,-0.23960239073150325
MS,CSF_10,CACTCCAAGATGAGAG-1,CSF,0.5134117227343177
MS,CSF_10,CACTCCATCAAACCAC-1,CSF,0.04166242099119698
MS,CSF_10,CAGATCAGTCCGAAGA-1,CSF,-0.09834107806026707
MS,CSF_10,CAGTAACGTAAGAGGA-1,CSF,-0.24963108180886792
MS,CSF_10,CATCGAAAGTTCGCGC-1,CSF,-0.39152349976075235
MS,CSF_10,CATTATCGTCCAACTA-1,CSF,-0.09834107806026707
MS,CSF_10,CCACCTATCTAGCACA-1,CSF,-0.24140771639684397
MS,CSF_10,CCCAGTTTCTGGGCCA-1,CSF,-0.08512029924897398
MS,CSF_10,CCGGGATAGCTATGCT-1,CSF,-0.09834107806026707
MS,CSF_10,CCGGGATGTCCTGCTT-1,CSF,-0.09834107806026707
MS,CSF_10,CCGGTAGGTGACAAAT-1,CSF,-0.367703524786497
MS,CSF_10,CCGGTAGTCTTGTTTG-1,CSF,-0.09834107806026707
MS,CSF_10,CCTAAAGAGATAGCAT-1,CSF,-0.21832146719738196
MS,CSF_10,CCTACACAGTGGAGAA-1,CSF,-0.23221777732172844
MS,CSF_10,CCTACCAGTGCCTGCA-1,CSF,-0.09834107806026707
MS,CSF_10,CGACTTCCAGCTTAAC-1,CSF,0.5719191989295768
MS,CSF_10,CGAGCACGTTCCGGCA-1,CSF,-0.20921353510566223
MS,CSF_10,CGCTTCAGTTGTACAC-1,CSF,0.46979689206965086
MS,CSF_10,CGGACACAGTCCAGGA-1,CSF,-0.038213887845542756
MS,CSF_10,CGGACACCATGGATGG-1,CSF,0.14985117199534054
MS,CSF_10,CGGACGTCACCAGTTA-1,CSF,-0.09834107806026707
MS,CSF_10,CGGACTGGTCTCCACT-1,CSF,-0.12404247163040989
MS,CSF_10,CGGCTAGCAATGCCAT-1,CSF,0.03846065985886423
MS,CSF_10,CGTAGCGGTTCACGGC-1,CSF,0.19300856306580336
MS,CSF_10,CGTAGGCCATTCACTT-1,CSF,0.0887056039125395
MS,CSF_10,CGTAGGCTCGACCAGC-1,CSF,-0.024976370623764295
MS,CSF_10,CGTAGGCTCGGAGCAA-1,CSF,0.4768536357322825
MS,CSF_10,CGTTAGACACAACGTT-1,CSF,-0.09834107806026707
MS,CSF_10,CTAACTTAGTCGATAA-1,CSF,-0.3444628463227355
MS,CSF_10,CTACACCTCCCTCTTT-1,CSF,0.14713517075004384
MS,CSF_10,CTAGAGTTCCGCAGTG-1,CSF,-0.44903512472054363
MS,CSF_10,CTCCTAGGTTCGGGCT-1,CSF,-0.3191699564488637
MS,CSF_10,CTCGGAGCATCGTCGG-1,CSF,-0.5999711310107111
MS,CSF_10,CTCGTACCACTGTGTA-1,CSF,-0.5264459630636047
MS,CSF_10,CTCTAATAGTACGTTC-1,CSF,-0.25227564372251604
MS,CSF_10,CTCTAATGTTGGACCC-1,CSF,-0.09834107806026707
MS,CSF_10,CTGAAGTCACCAGGTC-1,CSF,-0.3008280286505314
MS,CSF_10,CTGATCCGTGCTTCTC-1,CSF,0.018405173817209002
MS,CSF_10,CTTGGCTCAAGCCGCT-1,CSF,0.2628276606397401
MS,CSF_10,CTTGGCTGTCGGCATC-1,CSF,-0.024785235362364544
MS,CSF_10,CTTGGCTTCCATGAGT-1,CSF,0.043648229480284274
MS,CSF_10,GAAACTCAGTGTTGAA-1,CSF,0.027893373900932068
MS,CSF_10,GAACATCAGCGCCTTG-1,CSF,-0.08211293434577448
MS,CSF_10,GAACGGAGTACCGAGA-1,CSF,-0.22541030878142498
MS,CSF_10,GACACGCAGGTGTTAA-1,CSF,-0.016335345370701613
MS,CSF_10,GACCAATGTTGTGGCC-1,CSF,-0.26311884549513936
MS,CSF_10,GACGGCTCAGACGCAA-1,CSF,-0.4207958246571651
MS,CSF_10,GAGGTGAAGTCAATAG-1,CSF,-0.09834107806026707
MS,CSF_10,GATCAGTCAAACCCAT-1,CSF,0.4020091582610274
MS,CSF_10,GATCGCGCACGCTTTC-1,CSF,-0.09834107806026707
MS,CSF_10,GCAGCCAAGCTAACAA-1,CSF,0.4208940658369034
MS,CSF_10,GCATGCGTCAACACTG-1,CSF,0.2276132477550601
MS,CSF_10,GCCAAATTCCACTGGG-1,CSF,0.4234181978783673
MS,CSF_10,GCGCAGTAGGTGCTAG-1,CSF,-0.09834107806026707
MS,CSF_10,GCTCCTAGTTGGGACA-1,CSF,-0.49214720592328004
MS,CSF_10,GCTCTGTAGAGATGAG-1,CSF,-0.09834107806026707
MS,CSF_10,GCTGCAGGTTGCCTCT-1,CSF,-0.09834107806026707
MS,CSF_10,GCTGGGTCACGCGAAA-1,CSF,0.08555873704809094
MS,CSF_10,GGAACTTCAGTCAGCC-1,CSF,0.09445751243952853
MS,CSF_10,GGACATTAGTTTGCGT-1,CSF,-0.6788046608556225
MS,CSF_10,GGGAATGTCAGATAAG-1,CSF,0.04924168058093729
MS,CSF_10,GGGCATCCACCGCTAG-1,CSF,0.3084574087684158
MS,CSF_10,GGTGAAGCAGCCTTTC-1,CSF,-0.2457319446085695
MS,CSF_10,GTATCTTCAGCAGTTT-1,CSF,-0.30195144345294017
MS,CSF_10,GTCACGGAGACAATAC-1,CSF,-0.09157168529791275
MS,CSF_10,GTCATTTTCCATGAGT-1,CSF,-0.07321107133515625
MS,CSF_10,GTGCGGTTCAACACCA-1,CSF,0.3115742578368613
MS,CSF_10,TAAACCGGTGGTACAG-1,CSF,-0.48233265171835704
MS,CSF_10,TACACGAGTCTTGCGG-1,CSF,0.195325092595335
MS,CSF_10,TACGGTATCTTGCAAG-1,CSF,-0.09834107806026707
MS,CSF_10,TACTTACAGCTAGTTC-1,CSF,-0.2406938208179356
MS,CSF_10,TAGTGGTGTTGCGCAC-1,CSF,-0.09834107806026707
MS,CSF_10,TAGTTGGTCGAGCCCA-1,CSF,-0.24260290189483177
MS,CSF_10,TATCAGGCACCGTTGG-1,CSF,0.2573609381582154
MS,CSF_10,TCAGCAAGTGGTGTAG-1,CSF,-0.09834107806026707
MS,CSF_10,TCAGGATCACCAACCG-1,CSF,-0.28026026231601964
MS,CSF_10,TCAGGATTCCCATTTA-1,CSF,-0.3121597365045163
MS,CSF_10,TCAGGTATCTGCAGTA-1,CSF,-0.2925854406238201
MS,CSF_10,TCCACACCAGATCTGT-1,CSF,0.23752255666607955
MS,CSF_10,TCGAGGCGTTCGAATC-1,CSF,0.010921727123047132
MS,CSF_10,TCGTACCGTGGCAAAC-1,CSF,0.10023673474492598
MS,CSF_10,TCTCATAAGTGCAAGC-1,CSF,-0.0018816698317087877
MS,CSF_10,TCTCATACATCTATGG-1,CSF,-0.08269480219792412
MS,CSF_10,TCTGAGATCCGGCACA-1,CSF,-0.2032391457899624
MS,CSF_10,TGACAACAGAGCTATA-1,CSF,0.4098119984975546
MS,CSF_10,TGACTTTAGTTTAGGA-1,CSF,0.0932666368371909
MS,CSF_10,TGAGAGGAGGGCTTCC-1,CSF,-0.09834107806026707
MS,CSF_10,TGATTTCGTCGAGATG-1,CSF,0.1712687551903817
MS,CSF_10,TGCACCTCACTCAGGC-1,CSF,-0.2347777266304767
MS,CSF_10,TGCTACCGTAATAGCA-1,CSF,0.13684227537585383
MS,CSF_10,TGCTGCTTCAGATAAG-1,CSF,0.11163291498551028
MS,CSF_10,TGGGCGTGTCTAAAGA-1,CSF,-1.0600058137418684
MS,CSF_10,TGGTTCCGTGCGATAG-1,CSF,-0.4608420725146596
MS,CSF_10,TGGTTCCTCGGTCTAA-1,CSF,-0.3772503095203765
MS,CSF_10,TGTGGTAGTAGCAAAT-1,CSF,-0.22482998205492238
MS,CSF_10,TTCCCAGAGGCTAGAC-1,CSF,-0.32664066722894364
MS,CSF_10,TTCTCAAAGTGGAGAA-1,CSF,-0.27598417930865443
MS,CSF_10,TTGCCGTTCAACGGGA-1,CSF,-0.09834107806026707
MS,CSF_10,TTGCGTCAGCGATGAC-1,CSF,-0.3213460910242817
MS,CSF_10,TTGGCAAAGATATGGT-1,CSF,0.003930273742944539
MS,CSF_10,TTGGCAAGTCTGATCA-1,CSF,-0.21484606820175656
MS,CSF_10,TTGTAGGAGTACGATA-1,CSF,-0.2799327640607022
MS,CSF_16,AAACCTGAGCTTATCG-1,CSF,-0.09834107806026707
MS,CSF_16,AAAGATGCAAATCCGT-1,CSF,0.8046135157686037
MS,CSF_16,AAAGATGTCCGAACGC-1,CSF,0.43176973678383573
MS,CSF_16,AAAGCAAGTCGACTGC-1,CSF,0.21627953375250702
MS,CSF_16,AACACGTGTCTTCAAG-1,CSF,0.8960692028149316
MS,CSF_16,AACACGTTCTTGAGGT-1,CSF,-0.09834107806026707
MS,CSF_16,AACCATGGTATAGGTA-1,CSF,0.0897385980006437
MS,CSF_16,AACTCAGAGATGAGAG-1,CSF,0.17822632313809153
MS,CSF_16,AACTCCCCATGTTCCC-1,CSF,0.0045123796333130005
MS,CSF_16,AATCCAGTCTTGCATT-1,CSF,0.05462873847083317
MS,CSF_16,AATCGGTAGTTCGCGC-1,CSF,-0.4369627063528293
MS,CSF_16,AATCGGTCACCCATGG-1,CSF,0.1359171601184856
MS,CSF_16,ACACCCTCAAGTCATC-1,CSF,-0.31177923828252047
MS,CSF_16,ACACCGGCAAAGGTGC-1,CSF,0.0026341554462324507
MS,CSF_16,ACACTGACAGTGGGAT-1,CSF,-0.6603272053042268
MS,CSF_16,ACACTGACATAGACTC-1,CSF,-0.09834107806026707
MS,CSF_16,ACACTGAGTACGACCC-1,CSF,-0.14554987300449837
MS,CSF_16,ACCAGTAAGCGATTCT-1,CSF,0.3956589715594542
MS,CSF_16,ACCCACTAGCGACGTA-1,CSF,-0.5527883421331327
MS,CSF_16,ACCCACTTCGGTCTAA-1,CSF,-0.09834107806026707
MS,CSF_16,ACCGTAACACAGATTC-1,CSF,-0.040190145593779945
MS,CSF_16,ACCGTAAGTGCGGTAA-1,CSF,0.31127764969687277
MS,CSF_16,ACCGTAATCCTTTACA-1,CSF,-0.0956467456080078
MS,CSF_16,ACGAGGACAAGCGTAG-1,CSF,0.2814642566522652
MS,CSF_16,ACGAGGATCAGGCGAA-1,CSF,0.1870814371124258
MS,CSF_16,ACGATACTCTCATTCA-1,CSF,0.4837576655171197
MS,CSF_16,ACGATGTGTCAACATC-1,CSF,0.2553314452321415
MS,CSF_16,ACGATGTTCGGCGGTT-1,CSF,0.7476209002128665
MS,CSF_16,ACGATGTTCTCGGACG-1,CSF,-0.32704670851464934
MS,CSF_16,ACGCCGAGTCAAAGAT-1,CSF,0.2025471334484553
MS,CSF_16,ACGCCGATCAACCAAC-1,CSF,0.12230433053860991
MS,CSF_16,ACGGCCAAGGCAATTA-1,CSF,0.4476252480427697
MS,CSF_16,ACGGGTCGTAGGGACT-1,CSF,0.5165270930597325
MS,CSF_16,ACGTCAACAACTGCTA-1,CSF,0.2370727682937854
MS,CSF_16,ACGTCAACAATGAATG-1,CSF,-0.09834107806026707
MS,CSF_16,ACTATCTAGCTAACTC-1,CSF,0.26272918313096494
MS,CSF_16,ACTATCTTCAGAGACG-1,CSF,0.052785262580969564
MS,CSF_16,ACTGAGTTCACCTTAT-1,CSF,0.09825115657948687
MS,CSF_16,ACTGCTCCACATAACC-1,CSF,-0.09834107806026707
MS,CSF_16,ACTTACTTCCTACAGA-1,CSF,0.03154263095023423
MS,CSF_16,ACTTGTTGTAACGCGA-1,CSF,0.06484892257706813
MS,CSF_16,AGACGTTGTAACGACG-1,CSF,0.0062344410595033895
MS,CSF_16,AGACGTTTCCCGGATG-1,CSF,-0.4949513257550954
MS,CSF_16,AGACGTTTCGTCTGAA-1,CSF,0.692642610943494
MS,CSF_16,AGATCTGGTACTTGAC-1,CSF,0.1789386975655503
MS,CSF_16,AGCATACCAAGGTTTC-1,CSF,0.8818347785237032
MS,CSF_16,AGCATACCAGCATACT-1,CSF,-0.37795767450799467
MS,CSF_16,AGCCTAACAATGCCAT-1,CSF,0.3035720711581386
MS,CSF_16,AGCGGTCCAAGCGAGT-1,CSF,0.0575729710922706
MS,CSF_16,AGCGTCGGTCACTTCC-1,CSF,0.11989077746260655
MS,CSF_16,AGCTCCTCACTTAACG-1,CSF,-0.4885672981171796
MS,CSF_16,AGCTCCTGTTCACGGC-1,CSF,0.025317840472630863
MS,CSF_16,AGCTTGACAAGGTTTC-1,CSF,-0.2505143300924047
MS,CSF_16,AGGCCACGTAAATGAC-1,CSF,-0.007883482089935088
MS,CSF_16,AGGGATGTCTTTACGT-1,CSF,0.3023023843655176
MS,CSF_16,AGGGTGATCCAGGGCT-1,CSF,0.1770701092313826
MS,CSF_16,AGGTCCGTCCAATGGT-1,CSF,0.12719102460473744
MS,CSF_16,AGTGGGAGTCAATACC-1,CSF,0.1068799269646328
MS,CSF_16,AGTGGGAGTGATGATA-1,CSF,-0.11696453967559758
MS,CSF_16,AGTGTCAAGAGCAATT-1,CSF,0.415978357939008
MS,CSF_16,AGTTGGTTCACCATAG-1,CSF,-0.01863895078129835
MS,CSF_16,ATAACGCGTCGCGAAA-1,CSF,-0.2883495845412645
MS,CSF_16,ATCACGAAGGATGGAA-1,CSF,0.6884533935493437
MS,CSF_16,ATCACGACAGGAACGT-1,CSF,0.10378577190798752
MS,CSF_16,ATCATCTTCTCAACTT-1,CSF,-0.1868023989914603
MS,CSF_16,ATCCACCGTTACCGAT-1,CSF,0.1426070464706147
MS,CSF_16,ATCCGAATCATCGGAT-1,CSF,0.07505404417117509
MS,CSF_16,ATGGGAGGTATTAGCC-1,CSF,-0.36611762791990304
MS,CSF_16,ATGGGAGTCGAATCCA-1,CSF,0.1916789094004511
MS,CSF_16,ATTATCCCATGGGACA-1,CSF,0.20384291805141536
MS,CSF_16,ATTATCCTCGAGCCCA-1,CSF,0.573918432196122
MS,CSF_16,ATTGGTGAGGTAAACT-1,CSF,0.05231540095813122
MS,CSF_16,ATTGGTGGTCAATGTC-1,CSF,-0.42818317454246413
MS,CSF_16,ATTGGTGTCGCACTCT-1,CSF,0.20507627685563573
MS,CSF_16,CAACTAGCAGATCGGA-1,CSF,0.18250340971698448
MS,CSF_16,CAACTAGTCACAGGCC-1,CSF,-0.09834107806026707
MS,CSF_16,CAAGAAAGTATTCGTG-1,CSF,-0.09834107806026707
MS,CSF_16,CAAGGCCGTCGACTGC-1,CSF,0.06968217774316045
MS,CSF_16,CAAGTTGCATGAGCGA-1,CSF,0.17299930330594543
MS,CSF_16,CACACTCTCAACCAAC-1,CSF,-0.16863685294758368
MS,CSF_16,CACACTCTCTGCAAGT-1,CSF,-0.04545634023610645
MS,CSF_16,CACAGGCGTGCGATAG-1,CSF,-0.09834107806026707
MS,CSF_16,CACAGTATCGTGGGAA-1,CSF,-0.012104440480678253
MS,CSF_16,CACATTTCACTGTTAG-1,CSF,-0.19005767305373597
MS,CSF_16,CACATTTTCATTGCCC-1,CSF,-0.4181072171818972
MS,CSF_16,CACCACTCATCACAAC-1,CSF,0.24143469980406532
MS,CSF_16,CACCAGGCAGGGTACA-1,CSF,-0.23705391119090782
MS,CSF_16,CACCTTGAGAACAATC-1,CSF,-0.09834107806026707
MS,CSF_16,CACCTTGAGGTGGGTT-1,CSF,0.7586692023936169
MS,CSF_16,CAGAATCCAGTTCCCT-1,CSF,0.6149804365874152
MS,CSF_16,CAGAGAGAGCTCAACT-1,CSF,0.2213872914130157
MS,CSF_16,CAGCAGCAGAGTAATC-1,CSF,0.2832620528715231
MS,CSF_16,CAGCAGCCAGCAGTTT-1,CSF,0.09217667685546219
MS,CSF_16,CAGCATAGTGCCTTGG-1,CSF,-0.09834107806026707
MS,CSF_16,CAGCGACGTTGTCTTT-1,CSF,-0.09834107806026707
MS,CSF_16,CAGCTGGAGAAACCGC-1,CSF,0.3678224905337663
MS,CSF_16,CAGCTGGGTTCGTTGA-1,CSF,0.07896687468135291
MS,CSF_16,CAGGTGCTCCGTAGGC-1,CSF,0.017595319539404946
MS,CSF_16,CAGTCCTAGAGTCTGG-1,CSF,0.4796556312358043
MS,CSF_16,CATCAGATCCATGAGT-1,CSF,0.11764634036685707
MS,CSF_16,CATCGAACAAGTCTAC-1,CSF,-0.09834107806026707
MS,CSF_16,CATGACACAGAGTGTG-1,CSF,0.37522568679509927
MS,CSF_16,CATGACACATGCTAGT-1,CSF,0.27004838420101407
MS,CSF_16,CCACTACGTAGCGTGA-1,CSF,0.05362852184603069
MS,CSF_16,CCACTACGTCGACTAT-1,CSF,0.02591949966977831
MS,CSF_16,CCAGCGAGTCGTCTTC-1,CSF,0.31293417206143814
MS,CSF_16,CCATGTCAGTCACGCC-1,CSF,0.37312130798611914
MS,CSF_16,CCATTCGCAGCGAACA-1,CSF,0.41357664756832785
MS,CSF_16,CCATTCGGTATCAGTC-1,CSF,-0.035324533465939036
MS,CSF_16,CCATTCGTCATCACCC-1,CSF,-0.09834107806026707
MS,CSF_16,CCCAATCAGTGATCGG-1,CSF,0.46294818041861674
MS,CSF_16,CCCATACAGCTCCTTC-1,CSF,0.07774672101152154
MS,CSF_16,CCCATACCAATCTGCA-1,CSF,0.1967709069265334
MS,CSF_16,CCCTCCTTCAAACCAC-1,CSF,0.13838905340956875
MS,CSF_16,CCGGTAGCAACCGCCA-1,CSF,-0.06551070907492167
MS,CSF_16,CCGTACTGTAGAGTGC-1,CSF,0.26902541531713753
MS,CSF_16,CCTACACAGATAGCAT-1,CSF,-0.4385699071779273
MS,CSF_16,CCTACCACATAAAGGT-1,CSF,0.04471666826069319
MS,CSF_16,CCTACCAGTGGACGAT-1,CSF,0.009205730220240238
MS,CSF_16,CCTAGCTCAATACGCT-1,CSF,0.10976571336051247
MS,CSF_16,CCTAGCTGTCGACTAT-1,CSF,-0.0771810442285558
MS,CSF_16,CCTCAGTCATTTCAGG-1,CSF,0.12863247842212627
MS,CSF_16,CCTCTGATCCGCAAGC-1,CSF,0.5444270050600408
MS,CSF_16,CCTTCCCAGTTGTCGT-1,CSF,0.1923815045539429
MS,CSF_16,CCTTCCCGTTGGTGGA-1,CSF,-0.09834107806026707
MS,CSF_16,CGAACATCAACTTGAC-1,CSF,-0.2574568088660338
MS,CSF_16,CGACCTTCAGGGTACA-1,CSF,0.36652849284519434
MS,CSF_16,CGACCTTGTGCACCAC-1,CSF,0.08693996026881909
MS,CSF_16,CGACCTTTCAGAGCTT-1,CSF,-0.6456141507247747
MS,CSF_16,CGACTTCTCTTCCTTC-1,CSF,0.08041206896738388
MS,CSF_16,CGAGAAGAGGCTAGGT-1,CSF,0.19320204759215023
MS,CSF_16,CGAGAAGCACCTATCC-1,CSF,-0.608357723528897
MS,CSF_16,CGAGAAGCATGTAGTC-1,CSF,-0.524948558502261
MS,CSF_16,CGAGCCAGTCTTCGTC-1,CSF,0.026504509291339757
MS,CSF_16,CGATCGGCACAGGAGT-1,CSF,0.20238056355171866
MS,CSF_16,CGATCGGTCTGCGGCA-1,CSF,0.2673159194994733
MS,CSF_16,CGATTGAAGAAACCAT-1,CSF,0.28312436570241406
MS,CSF_16,CGCGGTAAGGTCATCT-1,CSF,0.5193543490727441
MS,CSF_16,CGCGGTACACAGACTT-1,CSF,-0.09834107806026707
MS,CSF_16,CGCGGTATCCGTAGGC-1,CSF,0.11177765112175966
MS,CSF_16,CGCTATCAGTACGTTC-1,CSF,0.12249093430898284
MS,CSF_16,CGCTATCTCGGGAGTA-1,CSF,0.7929664342482247
MS,CSF_16,CGCTTCACACCTGGTG-1,CSF,-0.19322346843733
MS,CSF_16,CGGACTGTCACCTCGT-1,CSF,-0.989545857578377
MS,CSF_16,CGGAGCTCAGACGCAA-1,CSF,0.2630972096523891
MS,CSF_16,CGGAGTCTCTTGCCGT-1,CSF,0.0889565465166172
MS,CSF_16,CGTAGGCAGTGTGGCA-1,CSF,0.04791905324531157
MS,CSF_16,CGTCCATCAAGAAAGG-1,CSF,-0.09834107806026707
MS,CSF_16,CGTCCATCAGCCTGTG-1,CSF,-0.18022525022618494
MS,CSF_16,CGTGAGCAGGGCTCTC-1,CSF,0.143681021270152
MS,CSF_16,CGTGTAAGTACCCAAT-1,CSF,-0.21359042490332492
MS,CSF_16,CGTTAGAGTGCGGTAA-1,CSF,0.585581440771435
MS,CSF_16,CGTTAGAGTTGAACTC-1,CSF,0.2312538690964341
MS,CSF_16,CGTTAGATCTAGAGTC-1,CSF,-0.3051505710005879
MS,CSF_16,CGTTCTGAGGATATAC-1,CSF,0.5362487547079026
MS,CSF_16,CTAACTTCACCAGGCT-1,CSF,0.4159218626065653
MS,CSF_16,CTACACCAGTGCGTGA-1,CSF,0.10615654676384866
MS,CSF_16,CTACACCGTCGGCACT-1,CSF,-0.09834107806026707
MS,CSF_16,CTACCCACACTGTCGG-1,CSF,0.1578473220296343
MS,CSF_16,CTACCCATCAAGGTAA-1,CSF,0.2990312382346675
MS,CSF_16,CTAGCCTTCTGTCAAG-1,CSF,-0.09834107806026707
MS,CSF_16,CTAGTGAGTCTAAACC-1,CSF,0.351382022970419
MS,CSF_16,CTCACACCAGGACGTA-1,CSF,0.37793852036069836
MS,CSF_16,CTCGAGGAGATAGGAG-1,CSF,0.1191383707817737
MS,CSF_16,CTCGAGGAGCCACGCT-1,CSF,-0.2291887579130135
MS,CSF_16,CTCGAGGGTGTAATGA-1,CSF,-0.2162109903192298
MS,CSF_16,CTCGGGACATTGGGCC-1,CSF,-0.09834107806026707
MS,CSF_16,CTCGGGAGTGATGCCC-1,CSF,0.46050360386173156
MS,CSF_16,CTCGGGAGTTATCACG-1,CSF,0.17535816191611311
MS,CSF_16,CTCTAATCACAGATTC-1,CSF,0.13415525426124716
MS,CSF_16,CTGAAGTGTGATGATA-1,CSF,0.14052422090306646
MS,CSF_16,CTGATAGAGAAGAAGC-1,CSF,0.2019820923628854
MS,CSF_16,CTGATAGGTCTCTTAT-1,CSF,0.4988641698776611
MS,CSF_16,CTGCCTACATTACGAC-1,CSF,-0.16400360183000218
MS,CSF_16,CTGCCTAGTGGCAAAC-1,CSF,0.05959902066817372
MS,CSF_16,CTGCTGTAGATTACCC-1,CSF,0.2238626901950508
MS,CSF_16,CTGGTCTCACGGACAA-1,CSF,0.3113556342500963
MS,CSF_16,CTGTTTAGTCTTGCGG-1,CSF,-0.37241779574078804
MS,CSF_16,CTTACCGGTCTTCTCG-1,CSF,-0.10704413178941466
MS,CSF_16,CTTCTCTTCAACTCTT-1,CSF,0.051110198934649076
MS,CSF_16,CTTTGCGGTCTCCATC-1,CSF,0.48232355965899093
MS,CSF_16,GAAACTCCACCCATGG-1,CSF,0.5382759672395421
MS,CSF_16,GAACCTAAGATGCCAG-1,CSF,0.049846333537054775
MS,CSF_16,GAAGCAGAGGAGTTGC-1,CSF,0.09074176232487488
MS,CSF_16,GAAGCAGCAGCCTTTC-1,CSF,0.23579048311545311
MS,CSF_16,GAAGCAGGTCAAAGCG-1,CSF,0.1091194243633469
MS,CSF_16,GAATAAGAGTCAAGGC-1,CSF,0.5133871958921554
MS,CSF_16,GACACGCAGGAGTAGA-1,CSF,-0.0890940216415942
MS,CSF_16,GACCAATGTACTTCTT-1,CSF,0.5598168438747674
MS,CSF_16,GACCAATTCTCCCTGA-1,CSF,0.2791076841831958
MS,CSF_16,GACCTGGAGGTGATAT-1,CSF,-0.4540374686165958
MS,CSF_16,GACCTGGAGTGGAGTC-1,CSF,0.03902273321511603
MS,CSF_16,GACGGCTCAGAGTGTG-1,CSF,-0.09834107806026707
MS,CSF_16,GACGTGCCACGGCCAT-1,CSF,0.11405530772638366
MS,CSF_16,GACGTGCTCCACTCCA-1,CSF,-0.09685472770978425
MS,CSF_16,GACGTTAGTTGAGGTG-1,CSF,0.6460389717274374
MS,CSF_16,GACTAACCATCTCCCA-1,CSF,0.2948679887711268
MS,CSF_16,GACTACAGTCTCTCGT-1,CSF,-0.09834107806026707
MS,CSF_16,GACTGCGCACAGGAGT-1,CSF,0.11383927849991704
MS,CSF_16,GAGGTGACATTAGCCA-1,CSF,-0.11170980807624134
MS,CSF_16,GAGTCCGTCGAACTGT-1,CSF,0.17266996976544352
MS,CSF_16,GATCGTATCACAAACC-1,CSF,-0.43018753828356326
MS,CSF_16,GATTCAGCAAGGCTCC-1,CSF,0.06588858329134961
MS,CSF_16,GATTCAGGTAGTACCT-1,CSF,-0.19193292783839885
MS,CSF_16,GCAAACTCATGAGCGA-1,CSF,0.20947809195117234
MS,CSF_16,GCAATCAAGACCTAGG-1,CSF,0.0576272935718475
MS,CSF_16,GCACATAAGAAGAAGC-1,CSF,-0.11156565741432176
MS,CSF_16,GCACTCTAGAGTTGGC-1,CSF,0.07336607880073179
MS,CSF_16,GCACTCTGTAAGAGGA-1,CSF,0.26961140811081963
MS,CSF_16,GCAGCCACAAAGGCGT-1,CSF,0.0012626199495012203
MS,CSF_16,GCAGCCATCCAAGTAC-1,CSF,-0.19371569175700437
MS,CSF_16,GCATACACACATGACT-1,CSF,-0.21667545565599422
MS,CSF_16,GCATGCGTCATTCACT-1,CSF,-0.16068064546861205
MS,CSF_16,GCCTCTACATCGGAAG-1,CSF,-0.03910879526650359
MS,CSF_16,GCGAGAATCACAAACC-1,CSF,0.5823574145312185
MS,CSF_16,GCGCAACTCCACGCAG-1,CSF,0.4494135998347825
MS,CSF_16,GCGCAACTCTGCTGTC-1,CSF,-0.1285451387140287
MS,CSF_16,GCGCAGTGTGGTAACG-1,CSF,0.0959268549359041
MS,CSF_16,GCGCCAAAGCACCGCT-1,CSF,-0.4316662282154013
MS,CSF_16,GCGCCAAGTATGCTTG-1,CSF,0.11559090855222352
MS,CSF_16,GCGGGTTAGACTGTAA-1,CSF,0.4812398085631097
MS,CSF_16,GCGGGTTAGCACAGGT-1,CSF,0.3340964650039901
MS,CSF_16,GCGGGTTTCTTGTATC-1,CSF,-0.1789216881943216
MS,CSF_16,GCTCTGTAGTCGAGTG-1,CSF,-0.22589873900262056
MS,CSF_16,GCTGCAGAGGCTCAGA-1,CSF,-0.23413814951401118
MS,CSF_16,GCTGCAGGTTAAAGTG-1,CSF,0.47875335177983247
MS,CSF_16,GCTGCTTTCCTTTCTC-1,CSF,0.05382562960136197
MS,CSF_16,GCTGCTTTCGGAATCT-1,CSF,-0.007731423622147626
MS,CSF_16,GCTTGAACAAGGGTCA-1,CSF,0.3597743281111673
MS,CSF_16,GCTTGAAGTGCGGTAA-1,CSF,0.1165399725009452
MS,CSF_16,GGAAAGCTCAGATAAG-1,CSF,0.6882009630412732
MS,CSF_16,GGAACTTCAGGGATTG-1,CSF,-0.2885328689257188
MS,CSF_16,GGAATAAAGAATTGTG-1,CSF,0.3451321221191483
MS,CSF_16,GGAATAATCAAGGCTT-1,CSF,0.20181965640528962
MS,CSF_16,GGACAGAGTAAGGGCT-1,CSF,-0.41277989024445
MS,CSF_16,GGACATTCATCATCCC-1,CSF,-0.449011953062951
MS,CSF_16,GGCCGATAGACCTAGG-1,CSF,0.24869536452642538
MS,CSF_16,GGCGTGTTCGTACCGG-1,CSF,0.050120626244485766
MS,CSF_16,GGCTCGATCTCAAGTG-1,CSF,0.6565701473480582
MS,CSF_16,GGCTCGATCTCGCATC-1,CSF,-0.09834107806026707
MS,CSF_16,GGGAATGAGCTAGGCA-1,CSF,0.10639130012171064
MS,CSF_16,GGGAATGCAGCTCGCA-1,CSF,-0.212824514604921
MS,CSF_16,GGGAGATCATGAGCGA-1,CSF,-0.07264457207214085
MS,CSF_16,GGGATGAAGAAACCGC-1,CSF,0.2147126338812395
MS,CSF_16,GGGATGACAGTATAAG-1,CSF,0.22974246712794508
MS,CSF_16,GGTATTGGTCACCTAA-1,CSF,0.06610769250347856
MS,CSF_16,GGTGCGTAGATTACCC-1,CSF,-0.13841087803758081
MS,CSF_16,GGTGCGTGTCTGCGGT-1,CSF,-0.09834107806026707
MS,CSF_16,GTAACGTAGTTAGGTA-1,CSF,0.301663717046272
MS,CSF_16,GTAACTGGTAGCGCTC-1,CSF,-0.27117533350584005
MS,CSF_16,GTACGTATCCCACTTG-1,CSF,0.12909282962432045
MS,CSF_16,GTACTCCAGTAGCCGA-1,CSF,0.06645847004925513
MS,CSF_16,GTACTCCCACCCATTC-1,CSF,-0.09834107806026707
MS,CSF_16,GTACTCCCAGCTGTGC-1,CSF,0.31881752440128036
MS,CSF_16,GTACTTTGTGCTGTAT-1,CSF,0.3314821211530811
MS,CSF_16,GTCATTTAGTACGCGA-1,CSF,-0.2472758401959794
MS,CSF_16,GTCATTTTCCTTGCCA-1,CSF,0.09004529283150584
MS,CSF_16,GTCATTTTCTCTAGGA-1,CSF,0.12728539819345766
MS,CSF_16,GTCCTCAGTGCAACGA-1,CSF,0.313482425385354
MS,CSF_16,GTCTCGTTCACCAGGC-1,CSF,-0.30649211372822605
MS,CSF_16,GTCTTCGGTAACGACG-1,CSF,1.019109224988243
MS,CSF_16,GTCTTCGGTCGAGTTT-1,CSF,0.42495924287657577
MS,CSF_16,GTGCAGCCACATGTGT-1,CSF,-0.473517492372356
MS,CSF_16,GTGCATAAGACTGTAA-1,CSF,-0.6271400607682234
MS,CSF_16,GTGCATAAGTACTTGC-1,CSF,0.7103335987549626
MS,CSF_16,GTGCATATCAGTGTTG-1,CSF,0.38881235202321285
MS,CSF_16,GTGCGGTGTCTAGTGT-1,CSF,0.08381983734347738
MS,CSF_16,GTGCTTCAGACCTAGG-1,CSF,0.01807933742687515
MS,CSF_16,GTGCTTCCAAGTAATG-1,CSF,0.1302000093501254
MS,CSF_16,GTGTTAGAGATGTCGG-1,CSF,0.23127890241862617
MS,CSF_16,GTGTTAGGTTAAAGTG-1,CSF,0.7067406140504687
MS,CSF_16,GTTAAGCGTGCCTGCA-1,CSF,0.37904547013485573
MS,CSF_16,GTTAAGCGTTAGGGTG-1,CSF,0.07139097305041765
MS,CSF_16,GTTACAGCAGGGTATG-1,CSF,0.31961840815297454
MS,CSF_16,GTTCATTTCGGCGCAT-1,CSF,0.19750359976025686
MS,CSF_16,TAAACCGAGGACATTA-1,CSF,0.47545136648662034
MS,CSF_16,TAAACCGCAAGGACAC-1,CSF,0.5119004167482946
MS,CSF_16,TAAGAGACATAGAAAC-1,CSF,-0.20931578954563437
MS,CSF_16,TAAGCGTTCACCGGGT-1,CSF,0.26622238021896816
MS,CSF_16,TAAGTGCTCACGACTA-1,CSF,-0.09834107806026707
MS,CSF_16,TACACGAGTACCGCTG-1,CSF,0.0228073400524884
MS,CSF_16,TACAGTGAGCGTAATA-1,CSF,0.25860059546793346
MS,CSF_16,TACAGTGCAGTCCTTC-1,CSF,-0.0899516529932569
MS,CSF_16,TACCTATAGGACAGCT-1,CSF,0.17277982663698607
MS,CSF_16,TACCTTACATAAGACA-1,CSF,-0.09343086892157595
MS,CSF_16,TACCTTATCACGCGGT-1,CSF,0.046186363949051616
MS,CSF_16,TACTCATAGGTAGCTG-1,CSF,-0.4583311130759162
MS,CSF_16,TACTTACAGCCCTAAT-1,CSF,-0.13881114001110811
MS,CSF_16,TACTTGTTCACCGTAA-1,CSF,0.3655840820197994
MS,CSF_16,TAGACCACAAGTCTAC-1,CSF,0.1155995555571632
MS,CSF_16,TAGACCAGTTAGATGA-1,CSF,0.11430115917913379
MS,CSF_16,TAGAGCTCAAGTAATG-1,CSF,0.6371002323290093
MS,CSF_16,TAGAGCTTCGTCACGG-1,CSF,0.6221983910691222
MS,CSF_16,TAGGCATAGCAGATCG-1,CSF,0.5512149556090066
MS,CSF_16,TAGGCATCAAGCTGAG-1,CSF,-0.5747149377444638
MS,CSF_16,TAGGCATCACAACTGT-1,CSF,0.03491738780132891
MS,CSF_16,TAGGCATTCTTGTACT-1,CSF,-0.10787476999087812
MS,CSF_16,TAGTGGTTCTGTTTGT-1,CSF,0.02210137361217785
MS,CSF_16,TAGTTGGAGAGATGAG-1,CSF,0.14759094866092054
MS,CSF_16,TAGTTGGAGCACACAG-1,CSF,0.06993030062053437
MS,CSF_16,TATCAGGTCTATCGCC-1,CSF,0.3179403440699815
MS,CSF_16,TATCTCAAGTATGACA-1,CSF,0.2553984208206737
MS,CSF_16,TATTACCAGCTACCGC-1,CSF,-0.004109946315895364
MS,CSF_16,TATTACCGTTTAAGCC-1,CSF,-0.24225157003700687
MS,CSF_16,TCAACGAAGACTAAGT-1,CSF,-0.25514493939957383
MS,CSF_16,TCACGAAGTCGCTTCT-1,CSF,0.16037698303867298
MS,CSF_16,TCACGAATCGTTTATC-1,CSF,0.06743864885455446
MS,CSF_16,TCAGGATGTCGCATAT-1,CSF,0.14254050432362667
MS,CSF_16,TCAGGATGTCGCTTTC-1,CSF,0.23734640886665834
MS,CSF_16,TCAGGTACAAGCCCAC-1,CSF,-0.3571141994891353
MS,CSF_16,TCAGGTATCGGTCTAA-1,CSF,0.4374068398983441
MS,CSF_16,TCATTACTCAAGATCC-1,CSF,0.20198268044193474
MS,CSF_16,TCATTACTCTTGTCAT-1,CSF,0.07006649148408237
MS,CSF_16,TCCACACAGATCGGGT-1,CSF,0.18868606866337576
MS,CSF_16,TCCCGATAGGCAGGTT-1,CSF,-0.0332480093648867
MS,CSF_16,TCCCGATAGTGACTCT-1,CSF,-0.42494293801153626
MS,CSF_16,TCCCGATTCGTCCGTT-1,CSF,0.26680399194234533
MS,CSF_16,TCGAGGCGTAAGAGAG-1,CSF,-0.2845552505472947
MS,CSF_16,TCGAGGCTCAGCTCGG-1,CSF,0.19884564748112582
MS,CSF_16,TCGCGAGTCCCTAATT-1,CSF,0.33812402977894884
MS,CSF_16,TCGGTAACATGTCGAT-1,CSF,-0.20207698197937637
MS,CSF_16,TCGTACCCAGGGTTAG-1,CSF,0.017397285574200966
MS,CSF_16,TCGTAGAGTTCTGAAC-1,CSF,0.10598021184966895
MS,CSF_16,TCTGAGAGTCGGGTCT-1,CSF,-0.043644677952137265
MS,CSF_16,TCTTTCCAGTAGGTGC-1,CSF,0.041304932354808185
MS,CSF_16,TGAAAGAAGATGTAAC-1,CSF,0.09249917468364835
MS,CSF_16,TGAAAGACACCTGGTG-1,CSF,0.622307911078037
MS,CSF_16,TGACAACTCAGCGATT-1,CSF,-0.06382263742766732
MS,CSF_16,TGACTAGGTAAGTTCC-1,CSF,0.4466578317006135
MS,CSF_16,TGACTTTTCAGCTCTC-1,CSF,0.30479649618311627
MS,CSF_16,TGAGCATCATGCTGGC-1,CSF,0.09271771495720364
MS,CSF_16,TGAGCCGAGCTCCCAG-1,CSF,0.24263250609917178
MS,CSF_16,TGAGCCGCACCTCGTT-1,CSF,0.4007397402656305
MS,CSF_16,TGCACCTGTACAGTGG-1,CSF,0.10125934778332187
MS,CSF_16,TGCCAAACAGGAACGT-1,CSF,0.5513309019305497
MS,CSF_16,TGCCAAAGTTATGTGC-1,CSF,0.029803059251048366
MS,CSF_16,TGCCCATCATGCTAGT-1,CSF,0.03052045209009022
MS,CSF_16,TGCCCATGTGCAGTAG-1,CSF,-0.14549902127925343
MS,CSF_16,TGCCCTACAAGTTAAG-1,CSF,0.33265232647148435
MS,CSF_16,TGCCCTATCAGCTGGC-1,CSF,0.4834331187627457
MS,CSF_16,TGCGCAGCACGCCAGT-1,CSF,0.3974682352423581
MS,CSF_16,TGCGCAGTCTCTGCTG-1,CSF,0.17613137081136135
MS,CSF_16,TGGCCAGCACCTGGTG-1,CSF,0.24249492086541521
MS,CSF_16,TGGGAAGAGATGCCTT-1,CSF,0.38076892650854965
MS,CSF_16,TGGTTCCAGTCCGTAT-1,CSF,0.2375362128018716
MS,CSF_16,TGTCCCATCGCAAACT-1,CSF,0.3375018030234615
MS,CSF_16,TGTTCCGTCACATAGC-1,CSF,-0.1978867005031992
MS,CSF_16,TTAACTCTCCCTAATT-1,CSF,0.12320805907735802
MS,CSF_16,TTAGGACGTCACCTAA-1,CSF,0.11612408089747761
MS,CSF_16,TTATGCTAGGCCCTTG-1,CSF,0.05590340811172012
MS,CSF_16,TTCCCAGGTCCCTTGT-1,CSF,0.07190113631150889
MS,CSF_16,TTGAACGGTAAGCACG-1,CSF,0.47254701865846815
MS,CSF_16,TTGCCGTAGCGATTCT-1,CSF,0.036475182601004234
MS,CSF_16,TTGCCGTTCCTTGGTC-1,CSF,-0.05044156535815032
MS,CSF_16,TTGTAGGGTACGAAAT-1,CSF,0.5926106624607621
MS,CSF_16,TTTACTGCAGCTCCGA-1,CSF,0.33932605243520336
MS,CSF_16,TTTACTGGTAATTGGA-1,CSF,-0.22613997806782504
MS,CSF_16,TTTATGCAGTGCTGCC-1,CSF,0.005267502757666887
MS,CSF_16,TTTCCTCAGGAGTACC-1,CSF,-0.05808706408095547
MS,CSF_16,TTTGCGCCATGTTGAC-1,CSF,-0.09834107806026707
MS,CSF_16,TTTGGTTGTCGAATCT-1,CSF,0.4975744362981566
MS,CSF_22,AACCGCGAGTGCTGCC-1,CSF,-0.013424196828970178
MS,CSF_22,AACGTTGCATAGGATA-1,CSF,-0.09834107806026707
MS,CSF_22,AACTCAGCACCACGTG-1,CSF,-0.4647594684106621
MS,CSF_22,ACACCGGCAATCGGTT-1,CSF,0.5682174055390167
MS,CSF_22,ACGCCAGCACAGGTTT-1,CSF,0.060413617538090734
MS,CSF_22,AGCAGCCAGAGCCCAA-1,CSF,0.30714237435710856
MS,CSF_22,AGCATACCACAGGCCT-1,CSF,-0.10972464813897757
MS,CSF_22,ATAACGCAGCGTCTAT-1,CSF,0.10456700891007016
MS,CSF_22,ATTGGACTCCACGCAG-1,CSF,0.6221983910691222
MS,CSF_22,CAGCAGCGTTATCGGT-1,CSF,-0.09834107806026707
MS,CSF_22,CATATGGTCGACGGAA-1,CSF,-0.09834107806026707
MS,CSF_22,CATATTCTCTTACCTA-1,CSF,-0.16666478502968093
MS,CSF_22,CATCAGAGTTCAGGCC-1,CSF,0.19038891277616585
MS,CSF_22,CCGTTCAAGTCTCGGC-1,CSF,-0.018132262341681655
MS,CSF_22,CGCTGGAAGTAGGTGC-1,CSF,-0.14977155684271162
MS,CSF_22,CGGAGTCGTCTTGATG-1,CSF,0.053366048734752244
MS,CSF_22,CGTGTAAGTGAAATCA-1,CSF,-0.08421031587947037
MS,CSF_22,CTCTAATCAGGATTGG-1,CSF,-0.4262168933661603
MS,CSF_22,GACGCGTGTCCAGTTA-1,CSF,0.41034912933932804
MS,CSF_22,GAGGTGATCCAACCAA-1,CSF,0.12638386473894184
MS,CSF_22,GAGTCCGGTAGGGTAC-1,CSF,-0.33001971256330004
MS,CSF_22,GATCGCGCATGCCTTC-1,CSF,-0.320810166771547
MS,CSF_22,GATCGCGTCAACTCTT-1,CSF,0.09592848657611741
MS,CSF_22,GCCAAATTCTTACCGC-1,CSF,-0.08144430744257135
MS,CSF_22,GCGCGATCACATAACC-1,CSF,0.33566218994782393
MS,CSF_22,GGAAAGCCAACACGCC-1,CSF,0.19237745961123182
MS,CSF_22,GGACATTAGGCTATCT-1,CSF,0.05606494072187811
MS,CSF_22,GGTATTGCAAACCCAT-1,CSF,0.9605471349236804
MS,CSF_22,GTATTCTCACAGACAG-1,CSF,0.028999970632181984
MS,CSF_22,GTTCATTAGAACAATC-1,CSF,0.4006584109626452
MS,CSF_22,TACGGGCTCTTTACAC-1,CSF,-0.09834107806026707
MS,CSF_22,TAGCCGGTCGGCGGTT-1,CSF,-0.09834107806026707
MS,CSF_22,TCACAAGGTGATGATA-1,CSF,-0.1930753647863823
MS,CSF_22,TCGCGAGAGGCTATCT-1,CSF,0.26249140502836477
MS,CSF_22,TCTCTAACAGGGCATA-1,CSF,-0.1974310551568708
MS,CSF_22,TCTTCGGGTAGAAGGA-1,CSF,0.6345143958742769
MS,CSF_22,TGCGGGTTCGAGCCCA-1,CSF,-0.09834107806026707
MS,CSF_22,TGCGTGGCAGGAATCG-1,CSF,0.05673004571666712
MS,CSF_22,TTAACTCCAGCGATCC-1,CSF,-0.09834107806026707
MS,CSF_22,TTCCCAGAGAAACCTA-1,CSF,0.3640838205105732
MS,CSF_22,TTCCCAGAGACTGGGT-1,CSF,-0.2024677149131173
MS,CSF_22,TTCTACAGTTCGAATC-1,CSF,-0.37959977688490565
MS,CSF_22,TTGACTTGTCATACTG-1,CSF,0.2794966022037235
MS,CSF_22,TTTGGTTGTGCAACTT-1,CSF,-0.09834107806026707
MS,CSF_24,AAACCTGAGTCTCGGC-1,CSF,-0.525621385687432
MS,CSF_24,AAGGTTCGTGAGTATA-1,CSF,0.12354540670136957
MS,CSF_24,AATCCAGGTACAAGTA-1,CSF,0.8696192605023746
MS,CSF_24,ACACCGGTCAACCATG-1,CSF,-0.3532206098470932
MS,CSF_24,ACAGCTACAATAGAGT-1,CSF,-0.01753745427057634
MS,CSF_24,ACCGTAAGTCATGCCG-1,CSF,0.1594736411448611
MS,CSF_24,ACGCAGCCATGACATC-1,CSF,0.30890162553372036
MS,CSF_24,ACGCCAGGTCCAGTAT-1,CSF,0.6882316806486534
MS,CSF_24,ACTGAGTGTTCGGCAC-1,CSF,-0.2552064080897622
MS,CSF_24,AGAATAGGTACTTGAC-1,CSF,-0.07134941766418719
MS,CSF_24,AGCCTAATCTGCCCTA-1,CSF,0.1399019352443853
MS,CSF_24,AGCTCCTCAGGATCGA-1,CSF,0.1644848827696452
MS,CSF_24,AGGCCACAGTATCTCG-1,CSF,0.1254674055486933
MS,CSF_24,AGGGTGATCTGATTCT-1,CSF,0.5711121278313291
MS,CSF_24,AGGTCATAGGGAGTAA-1,CSF,0.14064347223528864
MS,CSF_24,AGGTCCGCACCAGATT-1,CSF,0.23287449558804516
MS,CSF_24,ATCATCTCAGCCACCA-1,CSF,0.2408859864244101
MS,CSF_24,ATCATGGGTCTGCGGT-1,CSF,0.13792454741466667
MS,CSF_24,ATTACTCGTAGCTAAA-1,CSF,0.4107672753384404
MS,CSF_24,ATTGGTGCAGTTCCCT-1,CSF,-0.917461159876071
MS,CSF_24,ATTGGTGGTTAGATGA-1,CSF,-0.00600631862279052
MS,CSF_24,ATTTCTGCAATGGATA-1,CSF,-0.2969662814770212
MS,CSF_24,CAAGATCCACTAAGTC-1,CSF,-0.09834107806026707
MS,CSF_24,CACATTTAGAGTAATC-1,CSF,0.3057597906930039
MS,CSF_24,CACCACTGTAAACGCG-1,CSF,0.08156009641622944
MS,CSF_24,CACCACTTCGGAAACG-1,CSF,-0.09834107806026707
MS,CSF_24,CATCGAACATTTCAGG-1,CSF,-0.09834107806026707
MS,CSF_24,CCATTCGTCGTTTAGG-1,CSF,-0.09834107806026707
MS,CSF_24,CCCAATCAGAGCCCAA-1,CSF,-0.09834107806026707
MS,CSF_24,CCCTCCTGTAGCTAAA-1,CSF,0.10760527043596382
MS,CSF_24,CCTAGCTTCCGCTGTT-1,CSF,0.12272902891617235
MS,CSF_24,CCTTCGACACCCATTC-1,CSF,0.13410752933608158
MS,CSF_24,CCTTTCTAGGAGTAGA-1,CSF,0.27034962441562715
MS,CSF_24,CGAATGTCAGTAACGG-1,CSF,-0.3474429170617021
MS,CSF_24,CGAATGTTCGAATCCA-1,CSF,-0.09834107806026707
MS,CSF_24,CGATCGGCAGCTGTTA-1,CSF,0.20403749861205284
MS,CSF_24,CGATTGACATGAACCT-1,CSF,-0.384775927040141
MS,CSF_24,CGCGGTAGTATATGGA-1,CSF,-0.09834107806026707
MS,CSF_24,CGGAGCTCACTGAAGG-1,CSF,0.4923624044074619
MS,CSF_24,CGGAGCTTCGCACTCT-1,CSF,-0.09834107806026707
MS,CSF_24,CTACACCCAACCGCCA-1,CSF,0.15825156269255566
MS,CSF_24,CTACACCCAGTGACAG-1,CSF,-0.09834107806026707
MS,CSF_24,CTCACACAGATATGGT-1,CSF,-0.09834107806026707
MS,CSF_24,CTCGGGACAATAAGCA-1,CSF,0.1806039060240188
MS,CSF_24,CTCTACGGTAAGCACG-1,CSF,-0.09834107806026707
MS,CSF_24,CTGCTGTGTGTGGCTC-1,CSF,-0.09834107806026707
MS,CSF_24,CTGGTCTCAGCGTAAG-1,CSF,-0.10929028848198451
MS,CSF_24,CTTAACTCAGTAAGAT-1,CSF,-0.09834107806026707
MS,CSF_24,GAAATGACAGTGGAGT-1,CSF,0.4294467329981928
MS,CSF_24,GACAGAGTCACCACCT-1,CSF,-0.04346487540057648
MS,CSF_24,GACCTGGAGTGAAGTT-1,CSF,-0.09834107806026707
MS,CSF_24,GACGCGTTCTTTAGTC-1,CSF,0.2202520026765637
MS,CSF_24,GACGTTATCTCTGAGA-1,CSF,-0.11055928966462204
MS,CSF_24,GACTAACCAAGGTTTC-1,CSF,0.4198644537679243
MS,CSF_24,GATCTAGAGAATTCCC-1,CSF,-0.08337928280233567
MS,CSF_24,GATCTAGCAATGGACG-1,CSF,-0.043049070877319316
MS,CSF_24,GATGCTAAGATGAGAG-1,CSF,0.10167782482011282
MS,CSF_24,GCACTCTTCGAGGTAG-1,CSF,-0.4507726513588617
MS,CSF_24,GCGGGTTTCCGTCATC-1,CSF,0.43357660489301164
MS,CSF_24,GGACATTCACAGTCGC-1,CSF,0.24956094211711338
MS,CSF_24,GGATGTTCAAACTGTC-1,CSF,0.010620745305507372
MS,CSF_24,GGGAGATTCAAGGTAA-1,CSF,0.11529118039325478
MS,CSF_24,GGTGAAGTCTGTACGA-1,CSF,-0.5538556045941296
MS,CSF_24,GGTGCGTAGACAAGCC-1,CSF,0.1370273040748257
MS,CSF_24,GTACTTTCACGGATAG-1,CSF,-0.41920252908203265
MS,CSF_24,GTATCTTAGAGGTTGC-1,CSF,0.3552129748518066
MS,CSF_24,GTATCTTCACAAGCCC-1,CSF,0.2621895114419244
MS,CSF_24,GTGTGCGTCAGTCAGT-1,CSF,0.29636460076318905
MS,CSF_24,GTGTTAGGTCAACTGT-1,CSF,-0.09834107806026707
MS,CSF_24,GTGTTAGTCTCGCATC-1,CSF,-0.3165505627899856
MS,CSF_24,GTTACAGCAAACAACA-1,CSF,-4.976327173888961e-06
MS,CSF_24,GTTCTCGGTCGCATAT-1,CSF,0.5010646121582213
MS,CSF_24,TAAACCGGTGGTACAG-1-1,CSF,-0.263992418527497
MS,CSF_24,TAAGAGATCGCGTAGC-1,CSF,0.10901631421813078
MS,CSF_24,TACCTTAAGGTTACCT-1,CSF,0.46597481565376514
MS,CSF_24,TAGCCGGTCGTTGACA-1,CSF,-0.6483624610723168
MS,CSF_24,TAGGCATAGAAGGACA-1,CSF,-0.2921165782620981
MS,CSF_24,TCACAAGAGCTAGCCC-1-1,CSF,0.008895438846766326
MS,CSF_24,TCCACACCATTGAGCT-1,CSF,-0.48957840781775125
MS,CSF_24,TCTCATACAGTCGTGC-1,CSF,0.8437925509629193
MS,CSF_24,TGCCAAAGTGCGATAG-1,CSF,-0.26516310132533744
MS,CSF_24,TGCGGGTGTATCTGCA-1,CSF,-0.09834107806026707
MS,CSF_24,TGCTACCAGCCCAACC-1,CSF,0.37658996535404793
MS,CSF_24,TGGCTGGCATGCTAGT-1,CSF,-0.2973770673545915
MS,CSF_24,TTAGGACTCTTACCTA-1,CSF,0.7921197886627909
MS,CSF_24,TTCTACAGTACATCCA-1,CSF,-0.35833613467829917
MS,CSF_24,TTCTCCTGTCGCGAAA-1,CSF,-0.09834107806026707
MS,CSF_24,TTGGAACAGGCATGGT-1,CSF,0.6261450067932044
MS,CSF_25,AATCGGTTCAGTGCAT-1,CSF,-0.09834107806026707
MS,CSF_25,ACACCCTGTGGTCTCG-1,CSF,0.26067671453369967
MS,CSF_25,ACAGCTAAGTAGGCCA-1,CSF,-0.12665766543819448
MS,CSF_25,ACGGAGAGTAGTGAAT-1,CSF,0.11690492416533894
MS,CSF_25,ACTGAGTTCGTGGGAA-1,CSF,0.42249845482840515
MS,CSF_25,AGCGTATAGCAGCCTC-1,CSF,-0.09834107806026707
MS,CSF_25,AGGTCATGTTACGACT-1,CSF,0.5416798343475623
MS,CSF_25,ATAGACCTCGAGAGCA-1,CSF,-0.09834107806026707
MS,CSF_25,ATGTGTGGTTGGTAAA-1,CSF,0.5372747013929479
MS,CSF_25,CAACCAACATATGCTG-1,CSF,-0.09834107806026707
MS,CSF_25,CAAGAAAAGCTGTCTA-1,CSF,-0.3720692352079259
MS,CSF_25,CAGCAGCGTAGCTAAA-1,CSF,0.10965639646001081
MS,CSF_25,CTAGTGAGTCTGCGGT-1,CSF,-0.2841865532164928
MS,CSF_25,CTGAAGTCAGAAGCAC-1,CSF,0.20774295315322763
MS,CSF_25,CTGCGGACATCTCGCT-1,CSF,-0.09834107806026707
MS,CSF_25,CTTTGCGTCCAGATCA-1,CSF,0.3435053834354465
MS,CSF_25,GAAGCAGAGGGATGGG-1,CSF,-0.20713295804614532
MS,CSF_25,GAATAAGTCACAGGCC-1,CSF,0.13395737466194524
MS,CSF_25,GATCGATAGACTAGGC-1,CSF,0.5464704128925213
MS,CSF_25,GCAATCAGTCAGCTAT-1,CSF,0.34295121591332023
MS,CSF_25,GCATACAAGTTTAGGA-1,CSF,-0.28079362870617136
MS,CSF_25,GCATGTAGTACCGTAT-1,CSF,-0.09834107806026707
MS,CSF_25,GCGCCAAGTCCAGTAT-1,CSF,-0.6160259170792888
MS,CSF_25,GGACAAGTCAGCACAT-1,CSF,0.06042131403262131
MS,CSF_25,GTACGTATCGCATGGC-1,CSF,-0.09834107806026707
MS,CSF_25,GTGTTAGGTGACCAAG-1,CSF,-0.09834107806026707
MS,CSF_25,GTTCGGGCAAGAGGCT-1,CSF,0.5403258207474153
MS,CSF_25,TACAGTGGTGAAAGAG-1,CSF,-0.1255397117388324
MS,CSF_25,TACAGTGTCGCATGAT-1,CSF,0.1588907246960052
MS,CSF_25,TATTACCTCGTGGACC-1,CSF,0.24300483565562586
MS,CSF_25,TCAATCTCACACCGCA-1,CSF,-0.09834107806026707
MS,CSF_25,TCAGCAATCGTTTAGG-1,CSF,0.2400204603356624
MS,CSF_25,TCAGGTACAGGGAGAG-1,CSF,0.032677820394651155
MS,CSF_25,TGCTACCAGTATCGAA-1,CSF,-0.6290332892561937
MS,CSF_25,TGTTCCGTCACTCCTG-1,CSF,0.44889486587448507
MS,CSF_25,TTCGAAGTCTTGTATC-1,CSF,0.11595850800745523
MS,CSF_25,TTTACTGCACCTCGTT-1,CSF,-0.09834107806026707
MS,CSF_25,TTTGCGCTCTACCAGA-1,CSF,0.23577728553656813
MS,CSF_25,TTTGTCATCCTCAATT-1,CSF,-0.09834107806026707
MS,CSF_27,AAACCTGAGAGCAATT-1,CSF,0.5677472604643051
MS,CSF_27,AATCGGTTCTAAGCCA-1,CSF,-0.7427407770141202
MS,CSF_27,ACCAGTATCACCATAG-1,CSF,0.111530170501517
MS,CSF_27,ACCTTTACATCGTCGG-1,CSF,-0.09834107806026707
MS,CSF_27,ACGTCAACACGTCTCT-1,CSF,-0.25532976431389265
MS,CSF_27,ACTGAACTCTCGTTTA-1,CSF,-0.6166098920461873
MS,CSF_27,AGCGTCGGTTATCACG-1,CSF,-0.29809007132923265
MS,CSF_27,AGGGAGTAGAAGCCCA-1,CSF,-0.5913270982396136
MS,CSF_27,AGGTCATTCAGTCAGT-1,CSF,-0.10506726324940721
MS,CSF_27,AGGTCCGAGCACAGGT-1,CSF,-0.6075411304091932
MS,CSF_27,ATGTGTGGTCCAACTA-1,CSF,0.1368488323955472
MS,CSF_27,ATTCTACTCGAGAACG-1,CSF,-0.5419206079004033
MS,CSF_27,CATCGAACAAGAAAGG-1,CSF,-0.61997837886252
MS,CSF_27,CCACCTAAGAGTGACC-1,CSF,0.114924557975456
MS,CSF_27,CGATCGGCAAGCGAGT-1,CSF,0.11082553191523672
MS,CSF_27,CGGGTCACATCACGAT-1,CSF,-0.09834107806026707
MS,CSF_27,CTAATGGCAACAACCT-1,CSF,-0.09834107806026707
MS,CSF_27,CTACACCGTTCAGCGC-1,CSF,-0.01992998411705162
MS,CSF_27,CTAGCCTCAGCTCGCA-1,CSF,1.4364541591516937
MS,CSF_27,CTCAGAATCTTGTACT-1,CSF,-0.3943709796658444
MS,CSF_27,CTCGGAGCACGCATCG-1,CSF,-0.3229999415922177
MS,CSF_27,CTCTACGGTCCATCCT-1,CSF,0.4070663595441519
MS,CSF_27,CTGATAGCACAAGACG-1,CSF,0.2610770901860969
MS,CSF_27,GAAATGAGTGAAGGCT-1,CSF,0.26574725858395587
MS,CSF_27,GAACATCTCCGTCAAA-1,CSF,0.7381253261305956
MS,CSF_27,GACCTGGGTACGAAAT-1,CSF,-0.2568600378302649
MS,CSF_27,GATCAGTAGGACAGAA-1,CSF,0.48445428744723734
MS,CSF_27,GCGAGAAAGAAACGCC-1,CSF,-0.09834107806026707
MS,CSF_27,GGAATAAAGAGTACCG-1,CSF,-0.25588775637799027
MS,CSF_27,GGGAGATAGACCGGAT-1,CSF,-0.2529061573286892
MS,CSF_27,GTACGTATCCGTCATC-1,CSF,0.07801713313167988
MS,CSF_27,GTATCTTAGCAGACTG-1,CSF,-0.184422001512654
MS,CSF_27,GTATTCTGTCGCGTGT-1,CSF,-0.09834107806026707
MS,CSF_27,GTTAAGCGTCTTCTCG-1,CSF,0.30525678254476596
MS,CSF_27,GTTACAGCATGCTGGC-1,CSF,-0.09834107806026707
MS,CSF_27,TAAGCGTGTCCCGACA-1,CSF,-0.09834107806026707
MS,CSF_27,TACCTATGTTAGAACA-1,CSF,-0.09834107806026707
MS,CSF_27,TCAATCTGTATAATGG-1,CSF,0.34043840986795065
MS,CSF_27,TCAATCTGTGCAACTT-1,CSF,0.04539605341012468
MS,CSF_27,TCACGAAGTTGGTGGA-1,CSF,-0.11780515861220832
MS,CSF_27,TCGGGACCATTACCTT-1,CSF,0.40575897834250607
MS,CSF_27,TGGCGCAAGGGATGGG-1,CSF,0.695880526742193
MS,CSF_27,TGTTCCGGTTAAAGAC-1,CSF,-0.08242455617979597
MS,CSF_27,TTGACTTCATTATCTC-1,CSF,0.25574121778802633
MS,CSF_28,AAATGCCCAGCCTATA-1,CSF,0.03400373643780346
MS,CSF_28,AACACGTGTAAGTAGT-1,CSF,-0.7969539859214541
MS,CSF_28,AACCGCGAGATTACCC-1,CSF,-0.7028943336359375
MS,CSF_28,AACCGCGTCTCAAGTG-1,CSF,0.17264411269835372
MS,CSF_28,AACGTTGCAACTTGAC-1,CSF,0.29100628929732697
MS,CSF_28,AAGTCTGGTACGACCC-1,CSF,0.6377398021285613
MS,CSF_28,ACACCCTAGATGTCGG-1,CSF,-0.09834107806026707
MS,CSF_28,ACACCCTAGTGCCAGA-1,CSF,0.3556622872231144
MS,CSF_28,ACACCCTGTGCAGGTA-1,CSF,-0.049101000985089446
MS,CSF_28,ACACCGGAGATGCCTT-1,CSF,-0.24242407533953444
MS,CSF_28,ACATGGTCATGCATGT-1,CSF,0.006927093238819936
MS,CSF_28,ACCGTAACAGACGCCT-1-1,CSF,0.2829969844755611
MS,CSF_28,ACGATACCACGGTAGA-1,CSF,0.45400055040530035
MS,CSF_28,ACGCAGCAGCCAGAAC-1,CSF,-0.2518453257759417
MS,CSF_28,ACGCCGATCAACACAC-1,CSF,0.10025142158632191
MS,CSF_28,ACGGAGAGTACCGGCT-1,CSF,0.15091286340730967
MS,CSF_28,ACGGCCAAGCAGACTG-1,CSF,0.31088741072409276
MS,CSF_28,ACTGTCCTCATCTGCC-1,CSF,0.34898998688725796
MS,CSF_28,ACTTTCAAGTGTCCAT-1,CSF,-0.13452809434653293
MS,CSF_28,AGCCTAAAGTGTCCAT-1,CSF,0.05515803851544151
MS,CSF_28,AGCCTAACAAAGTCAA-1,CSF,-0.09834107806026707
MS,CSF_28,AGCTTGAGTGCACCAC-1,CSF,-0.09834107806026707
MS,CSF_28,AGGCCGTAGGCTACGA-1,CSF,-0.06117487841893465
MS,CSF_28,AGTAGTCGTAGGAGTC-1,CSF,0.2690397193886556
MS,CSF_28,AGTGGGACAAAGGTGC-1,CSF,0.2174148155322935
MS,CSF_28,ATCCACCAGACCACGA-1,CSF,0.003849383963479201
MS,CSF_28,ATTCTACGTGTCGCTG-1,CSF,0.011012779386797003
MS,CSF_28,CAACCTCGTGATAAAC-1,CSF,-0.4429534352924239
MS,CSF_28,CAACCTCGTGCCTGGT-1,CSF,-0.5342254212316833
MS,CSF_28,CACACTCGTCGCTTTC-1,CSF,-0.09834107806026707
MS,CSF_28,CACATTTCAAATTGCC-1,CSF,-0.3767958399025395
MS,CSF_28,CAGAATCGTCGACTAT-1,CSF,-0.09834107806026707
MS,CSF_28,CAGCAGCGTGCTCTTC-1,CSF,-0.09834107806026707
MS,CSF_28,CATCAAGTCCGCATAA-1,CSF,-0.09834107806026707
MS,CSF_28,CATCAGAAGCCCAATT-1,CSF,0.384054020127154
MS,CSF_28,CATGGCGAGATCCGAG-1,CSF,-0.09834107806026707
MS,CSF_28,CATTATCAGGTAAACT-1,CSF,-0.21662920187955698
MS,CSF_28,CCAGCGAAGAGCCCAA-1,CSF,0.13817270614697924
MS,CSF_28,CCCAGTTAGCGTCTAT-1,CSF,0.1753989494527787
MS,CSF_28,CCTATTAGTCACCCAG-1,CSF,-0.7060872838307023
MS,CSF_28,CCTTCCCGTGTAACGG-1,CSF,-0.27824513144705326
MS,CSF_28,CGAGCACAGGCATTGG-1,CSF,-0.09834107806026707
MS,CSF_28,CGATCGGCAACTGCTA-1,CSF,-0.27248269047558965
MS,CSF_28,CGATGGCCAGGATTGG-1,CSF,-0.09834107806026707
MS,CSF_28,CGCGGTAAGCCACGCT-1,CSF,-0.09834107806026707
MS,CSF_28,CGCTATCCAGACACTT-1,CSF,-0.2895898371207589
MS,CSF_28,CGGAGTCAGTAAGTAC-1,CSF,-0.45883333820802424
MS,CSF_28,CGTAGCGTCCGATATG-1,CSF,-0.3429485027775768
MS,CSF_28,CGTCTACAGCCACTAT-1,CSF,0.33656970661368113
MS,CSF_28,CGTCTACAGGGCTTCC-1,CSF,-0.09834107806026707
MS,CSF_28,CTAACTTCAGTAGAGC-1,CSF,-0.09834107806026707
MS,CSF_28,CTAAGACAGTGGAGTC-1,CSF,0.13569071100491295
MS,CSF_28,CTACGTCCATGGGACA-1,CSF,0.14176843823775506
MS,CSF_28,CTCGGGATCAGGTAAA-1,CSF,-0.841790971176535
MS,CSF_28,CTCTACGAGGCCCTCA-1,CSF,0.390283947856039
MS,CSF_28,CTGCCTAAGCCAGAAC-1,CSF,0.3223605381939497
MS,CSF_28,CTGCGGAGTCCAACTA-1,CSF,0.8043508577120432
MS,CSF_28,CTGCGGATCAGTTTGG-1,CSF,-0.3485808895130803
MS,CSF_28,CTGGTCTCACACAGAG-1,CSF,-0.09834107806026707
MS,CSF_28,CTGTTTAAGCACGCCT-1,CSF,-0.6401836828326085
MS,CSF_28,GAACCTACAAAGCGGT-1,CSF,0.10849989357842886
MS,CSF_28,GACAGAGTCGCGTTTC-1,CSF,-0.5476158576818382
MS,CSF_28,GACTACACAAGACACG-1,CSF,0.2687794004613441
MS,CSF_28,GACTACACAAGACGTG-1,CSF,-0.09834107806026707
MS,CSF_28,GACTGCGTCCAGATCA-1,CSF,0.014045279589546156
MS,CSF_28,GAGCAGAGTGTTGGGA-1,CSF,0.3774538084497571
MS,CSF_28,GATCGTAAGGCAGTCA-1,CSF,0.007938267046373028
MS,CSF_28,GATGAAAGTAGCGCTC-1,CSF,0.35244161024130155
MS,CSF_28,GATGAGGAGATCGATA-1,CSF,0.1708995438663546
MS,CSF_28,GATTCAGTCGCCAAAT-1,CSF,-0.4502560704108763
MS,CSF_28,GCAAACTGTGCCTGCA-1,CSF,-0.6291224026820992
MS,CSF_28,GCGCCAATCTGTCAAG-1,CSF,0.014759820666628303
MS,CSF_28,GCGGGTTCATCGGGTC-1,CSF,0.12347302204823096
MS,CSF_28,GCTGCAGTCAGCAACT-1,CSF,-0.29148301820235456
MS,CSF_28,GGAACTTGTCAGAAGC-1,CSF,-0.09834107806026707
MS,CSF_28,GGGACCTGTCACTGGC-1,CSF,0.10042307796395203
MS,CSF_28,GGGAGATTCGTAGGAG-1,CSF,0.3797716281616129
MS,CSF_28,GGGTCTGAGCAGACTG-1,CSF,-0.273323540412672
MS,CSF_28,GGGTTGCCACCCAGTG-1,CSF,0.022915574399874118
MS,CSF_28,GGGTTGCCATACGCCG-1-1,CSF,-0.5880989558822766
MS,CSF_28,GTATTCTGTGCTTCTC-1,CSF,-0.09834107806026707
MS,CSF_28,GTCACGGCAGTCGTGC-1,CSF,0.043518783305100915
MS,CSF_28,GTCGTAAGTCCCTTGT-1,CSF,0.1634490813079025
MS,CSF_28,GTCGTAAGTTACGTCA-1,CSF,0.5235451392773971
MS,CSF_28,GTCGTAATCGTCACGG-1,CSF,0.24309243119370352
MS,CSF_28,GTGCAGCAGGACAGCT-1,CSF,-0.47708773698037915
MS,CSF_28,GTGGGTCAGATGCGAC-1,CSF,-0.27372752765158437
MS,CSF_28,GTGTTAGCAACGATCT-1,CSF,-0.09834107806026707
MS,CSF_28,GTTAAGCGTGCATCTA-1,CSF,-0.16618987760873402
MS,CSF_28,GTTACAGTCCAAGCCG-1,CSF,-0.09834107806026707
MS,CSF_28,GTTCTCGTCAGCGACC-1,CSF,-0.24292669207011158
MS,CSF_28,TAAGTGCGTTGGTGGA-1,CSF,-0.09834107806026707
MS,CSF_28,TACGGTACAGACGCCT-1,CSF,-0.2695981707236257
MS,CSF_28,TACGGTAGTAATCGTC-1,CSF,0.02764271883722601
MS,CSF_28,TACTCATGTCGGGTCT-1,CSF,0.39012635377324967
MS,CSF_28,TACTTACTCTGCGGCA-1,CSF,-0.4386512654309706
MS,CSF_28,TAGACCAAGAGTGACC-1,CSF,-0.2163745290207817
MS,CSF_28,TATCTCATCGCCTGAG-1,CSF,0.0879110023023302
MS,CSF_28,TATGCCCTCTTGTTTG-1,CSF,-0.09834107806026707
MS,CSF_28,TCAGCTCCAGCAGTTT-1,CSF,-0.09834107806026707
MS,CSF_28,TCAGGATGTCAACATC-1,CSF,-0.258232977954454
MS,CSF_28,TCATTACAGGCCCGTT-1,CSF,0.5133979212015493
MS,CSF_28,TCATTTGCATCGATTG-1,CSF,-0.09834107806026707
MS,CSF_28,TCGTAGACACAGTCGC-1,CSF,-0.31520919612747195
MS,CSF_28,TCTATTGGTCAAAGCG-1,CSF,0.27612928272893356
MS,CSF_28,TCTCTAACACGAGGTA-1,CSF,0.0060436671841930245
MS,CSF_28,TCTGAGACATTTGCTT-1,CSF,0.35937534695716844
MS,CSF_28,TGACAACGTGACTCAT-1,CSF,0.18210948024845308
MS,CSF_28,TGCACCTAGGACTGGT-1,CSF,-0.11421154514923505
MS,CSF_28,TGCGTGGCATACCATG-1,CSF,-0.09834107806026707
MS,CSF_28,TGGCTGGGTTCCACAA-1,CSF,-0.29741378621333947
MS,CSF_28,TGGGCGTGTGAAATCA-1,CSF,0.49726619435722774
MS,CSF_28,TGTGGTAGTCCTCTTG-1,CSF,0.19874764524103103
MS,CSF_28,TTAACTCAGCGGCTTC-1,CSF,0.19122802286522583
MS,CSF_28,TTCGAAGAGAACAATC-1,CSF,0.17313128191024507
MS,CSF_28,TTCTCAAAGAAAGTGG-1,CSF,-0.5649674093855539
MS,CSF_28,TTCTTAGTCACATACG-1,CSF,-0.28334689875065616
MS,CSF_28,TTGCGTCAGGCTAGAC-1,CSF,-0.09834107806026707
MS,CSF_29,AACCATGAGTGACATA-1,CSF,-0.09834107806026707
MS,CSF_29,ACATGGTCACGACTCG-1,CSF,0.08782566608980658
MS,CSF_29,ACTTACTTCGAGCCCA-1,CSF,-0.09834107806026707
MS,CSF_29,AGATTGCCATTGGTAC-1,CSF,-0.09834107806026707
MS,CSF_29,AGCTCTCAGGATGGTC-1,CSF,-0.09834107806026707
MS,CSF_29,CACAGGCCACACGCTG-1,CSF,-0.09834107806026707
MS,CSF_29,CATATTCCATGCAACT-1,CSF,-0.09834107806026707
MS,CSF_29,CATCGAATCTGCGACG-1,CSF,-0.0051571609591266054
MS,CSF_29,CCGGGATTCATAAAGG-1,CSF,-0.33618758171352825
MS,CSF_29,CCTTCCCAGGTGTGGT-1,CSF,-0.20656559080040937
MS,CSF_29,CGAGCACAGCCCAATT-1,CSF,0.19404422870044216
MS,CSF_29,CGATTGACAGGACCCT-1,CSF,-0.28546453541879074
MS,CSF_29,CGCCAAGCACAAGTAA-1,CSF,-0.09834107806026707
MS,CSF_29,CGGTTAAGTAGATTAG-1,CSF,-0.09834107806026707
MS,CSF_29,CTCGTACCAGTCGATT-1,CSF,-0.09834107806026707
MS,CSF_29,CTCTACGTCCAAACAC-1,CSF,-0.09834107806026707
MS,CSF_29,CTGAAGTAGCTTTGGT-1,CSF,-0.09834107806026707
MS,CSF_29,CTTACCGGTCCAACTA-1,CSF,-0.09834107806026707
MS,CSF_29,GACGCGTGTTGGGACA-1,CSF,-0.09834107806026707
MS,CSF_29,GCTGCAGAGTTTAGGA-1,CSF,-0.09834107806026707
MS,CSF_29,GCTGCAGTCCTTAATC-1,CSF,-0.09834107806026707
MS,CSF_29,GCTGCGAGTGCTTCTC-1,CSF,-0.09834107806026707
MS,CSF_29,GGCAATTAGCCTATGT-1,CSF,-0.11600949915555166
MS,CSF_29,GGCAATTTCAGGCCCA-1,CSF,0.05265662936623784
MS,CSF_29,GGCCGATCAAATTGCC-1,CSF,0.6958722410766099
MS,CSF_29,GGTGCGTAGAGGGATA-1,CSF,-1.6298850242632725
MS,CSF_29,TACGGGCTCGTCGTTC-1,CSF,0.14259144736665458
MS,CSF_29,TAGTTGGCACATTTCT-1,CSF,0.2929541629408977
MS,CSF_29,TCACAAGGTCATTAGC-1,CSF,-0.456520616252321
MS,CSF_29,TCATTACAGGTGCAAC-1,CSF,-0.09834107806026707
MS,CSF_29,TCTCTAACAATGAAAC-1,CSF,0.018242581780046552
MS,CSF_29,TCTTTCCAGCCGTCGT-1,CSF,0.061452813473286794
MS,CSF_29,TGACTAGAGCTGATAA-1,CSF,-0.09834107806026707
MS,CSF_29,TGCGCAGGTAGCTAAA-1,CSF,-0.09834107806026707
MS,CSF_29,TGCTGCTGTCTCGTTC-1,CSF,-0.09834107806026707
MS,CSF_29,TTGACTTGTAGCTCCG-1,CSF,-0.42447643831920834
MS,CSF_29,TTTGTCATCTACCAGA-1,CSF,-0.2961342803712186
MS,CSF_31,AAACCTGTCTGTCTAT-1,CSF,0.04076693378213991
MS,CSF_31,AAACGGGCATGGTAGG-1,CSF,0.03399939747667489
MS,CSF_31,AAAGATGTCGCCTGTT-1,CSF,0.31574885775810685
MS,CSF_31,AAAGCAACATTTGCTT-1,CSF,0.07494708780968866
MS,CSF_31,AAAGTAGAGGGTATCG-1,CSF,0.09168520490816964
MS,CSF_31,AAATGCCGTCCGAAGA-1,CSF,-0.6769290155647012
MS,CSF_31,AACACGTCATCTACGA-1,CSF,-0.2978639866201137
MS,CSF_31,AACCATGGTTCATGGT-1,CSF,0.14067810786090432
MS,CSF_31,AACCGCGCAGTCCTTC-1,CSF,0.21309504654969796
MS,CSF_31,AACGTTGTCCAATGGT-1,CSF,0.11475025516697075
MS,CSF_31,AACTCAGGTCGGCATC-1,CSF,0.06215115225133904
MS,CSF_31,AACTCTTAGGCTACGA-1,CSF,0.047313100490057505
MS,CSF_31,AACTCTTCATCCAACA-1,CSF,-0.07612735038462577
MS,CSF_31,AACTCTTGTACCGTAT-1,CSF,-0.9506592233590287
MS,CSF_31,AACTGGTCATGCAATC-1,CSF,-0.09834107806026707
MS,CSF_31,AACTTTCAGTGTGGCA-1,CSF,-0.5700504536542275
MS,CSF_31,AACTTTCTCAACACTG-1,CSF,-0.4358900304254335
MS,CSF_31,AAGACCTCACCATCCT-1,CSF,-0.49330442749218467
MS,CSF_31,AAGACCTTCCATGCTC-1,CSF,0.22506387538749542
MS,CSF_31,AAGGAGCGTAAACGCG-1,CSF,-0.09834107806026707
MS,CSF_31,AAGGAGCGTGTATGGG-1,CSF,0.323622607135052
MS,CSF_31,ACACTGAAGTACGACG-1,CSF,-0.07539500125483997
MS,CSF_31,ACAGCCGAGCTCCCAG-1,CSF,-0.22798303139924428
MS,CSF_31,ACAGCTAAGTTCCACA-1,CSF,0.09293673608398285
MS,CSF_31,ACATACGCATACTCTT-1,CSF,0.3564204579412327
MS,CSF_31,ACCAGTAAGACCACGA-1,CSF,-0.09834107806026707
MS,CSF_31,ACCAGTAAGAGCTTCT-1,CSF,0.03019741472303905
MS,CSF_31,ACCCACTAGGCTAGCA-1,CSF,0.047983979235744205
MS,CSF_31,ACGAGCCAGATGAGAG-1,CSF,-0.35876336255290664
MS,CSF_31,ACGAGCCAGTATGACA-1,CSF,0.11361204541695522
MS,CSF_31,ACGAGCCGTTAAAGAC-1,CSF,-0.1956665683435628
MS,CSF_31,ACGAGCCTCCTAGGGC-1,CSF,0.49431327895822064
MS,CSF_31,ACGAGGACAATTCCTT-1,CSF,-0.0032436869724750844
MS,CSF_31,ACGAGGACAGCTTCGG-1,CSF,0.16688532220048305
MS,CSF_31,ACGATGTTCAGCAACT-1,CSF,-0.47077151446043847
MS,CSF_31,ACGCAGCAGAGAACAG-1,CSF,-0.5798240139762979
MS,CSF_31,ACGCAGCAGGGATCTG-1,CSF,0.8334195862599919
MS,CSF_31,ACGCCAGAGCATCATC-1,CSF,-0.3844382898159484
MS,CSF_31,ACGCCAGAGTCGTACT-1,CSF,0.2456743975476916
MS,CSF_31,ACGCCAGCACTGAAGG-1,CSF,0.2024712150964283
MS,CSF_31,ACGCCAGCATTGAGCT-1,CSF,0.07317408374530701
MS,CSF_31,ACGCCAGGTCGGATCC-1,CSF,-0.0341562402539189
MS,CSF_31,ACGCCGACACATAACC-1,CSF,-0.26480620627726176
MS,CSF_31,ACGGCCAGTTTGTGTG-1,CSF,-0.09834107806026707
MS,CSF_31,ACGGGCTAGAGACTTA-1,CSF,-0.24839998083189277
MS,CSF_31,ACGGGCTTCAGTTAGC-1,CSF,0.3385844300519557
MS,CSF_31,ACGGGTCGTCCAGTAT-1,CSF,0.014320195376590338
MS,CSF_31,ACTATCTTCGAGGTAG-1,CSF,-0.3328708630064539
MS,CSF_31,ACTGAACAGCTAACAA-1,CSF,0.3645661733980335
MS,CSF_31,ACTGAACCACATCCGG-1,CSF,0.1721086966942635
MS,CSF_31,ACTGATGCAGTGACAG-1,CSF,-0.09834107806026707
MS,CSF_31,ACTGCTCGTGTTAAGA-1,CSF,-0.2952209824298843
MS,CSF_31,ACTGCTCTCAATCTCT-1,CSF,-0.11053043442454324
MS,CSF_31,ACTTACTAGATATACG-1,CSF,0.03350755269418545
MS,CSF_31,ACTTACTTCAGAGCTT-1,CSF,0.6998927244451582
MS,CSF_31,AGAATAGGTGCCTGGT-1,CSF,0.678485336297431
MS,CSF_31,AGACGTTGTAGAGTGC-1,CSF,-0.09834107806026707
MS,CSF_31,AGAGCTTGTGCGCTTG-1,CSF,-0.09834107806026707
MS,CSF_31,AGCAGCCAGGAGTTTA-1,CSF,0.018047485404865515
MS,CSF_31,AGCAGCCCAGCTGTTA-1,CSF,0.23479026134590805
MS,CSF_31,AGCGTATGTAGCTAAA-1,CSF,0.4368615802465117
MS,CSF_31,AGCGTCGCAAGCCGCT-1,CSF,0.42815604894155485
MS,CSF_31,AGCTCTCAGTTGTAGA-1,CSF,0.17521748295581968
MS,CSF_31,AGCTCTCCAAAGCAAT-1,CSF,0.31823286909751886
MS,CSF_31,AGGCCACGTTCCACAA-1,CSF,0.4351964505732817
MS,CSF_31,AGGCCACTCTTCTGGC-1,CSF,-0.06188171774514458
MS,CSF_31,AGGGATGCAACTGGCC-1,CSF,-0.09834107806026707
MS,CSF_31,AGGGATGCAGCTATTG-1,CSF,-0.09834107806026707
MS,CSF_31,AGGTCCGGTAGCGATG-1,CSF,-0.40143787824261057
MS,CSF_31,AGGTCCGGTTGTGGAG-1,CSF,-0.3412248316543076
MS,CSF_31,AGGTCCGTCTTGAGGT-1,CSF,-0.36445520058144126
MS,CSF_31,AGTGAGGGTGCACTTA-1,CSF,-0.785221158944138
MS,CSF_31,AGTTGGTCACCGAATT-1,CSF,-0.06740667494592364
MS,CSF_31,ATAACGCCAGCATACT-1,CSF,-0.086506852985663
MS,CSF_31,ATCACGAGTGATGATA-1,CSF,0.3525938523065486
MS,CSF_31,ATCATCTAGCGATAGC-1,CSF,-0.2816865902744206
MS,CSF_31,ATCATCTAGGGAACGG-1,CSF,-0.32718950354925236
MS,CSF_31,ATCATCTGTGGTTTCA-1,CSF,0.15487083082711386
MS,CSF_31,ATCATGGCACCTTGTC-1,CSF,0.06350988165364643
MS,CSF_31,ATCATGGGTTACGTCA-1,CSF,0.24563760893380618
MS,CSF_31,ATCCACCCAATGAAAC-1,CSF,-0.09834107806026707
MS,CSF_31,ATCCACCGTTCAGCGC-1,CSF,-0.24913857109623988
MS,CSF_31,ATCCGAACAAGGACTG-1,CSF,0.04062192643846517
MS,CSF_31,ATCGAGTAGTAAGTAC-1,CSF,-0.14791467229976238
MS,CSF_31,ATGAGGGAGCTTATCG-1,CSF,0.08603203024740456
MS,CSF_31,ATGGGAGGTACAAGTA-1,CSF,-0.09834107806026707
MS,CSF_31,ATTACTCAGGCACATG-1,CSF,-0.10722379250084346
MS,CSF_31,ATTACTCAGGCGACAT-1,CSF,0.12422329344087754
MS,CSF_31,ATTATCCTCCTTTCTC-1,CSF,0.26611501648791563
MS,CSF_31,ATTCTACAGGATGCGT-1,CSF,-0.8594195182038764
MS,CSF_31,ATTTCTGGTAAATACG-1,CSF,-0.28244993304622396
MS,CSF_31,ATTTCTGGTTATCACG-1,CSF,-0.2225190363081852
MS,CSF_31,CAACCTCCACGGCGTT-1,CSF,0.1573482112212563
MS,CSF_31,CAACCTCTCGGCGCTA-1,CSF,0.058717532726622224
MS,CSF_31,CAACTAGGTAATTGGA-1,CSF,0.08832593856903939
MS,CSF_31,CAAGATCTCCCTGACT-1,CSF,-0.49047208033427825
MS,CSF_31,CAAGGCCGTCACCCAG-1,CSF,-0.2600980771820812
MS,CSF_31,CAAGTTGAGGATGCGT-1,CSF,-0.3179271201549593
MS,CSF_31,CACACAACATGCTAGT-1,CSF,-0.09834107806026707
MS,CSF_31,CACACTCAGCCCAATT-1,CSF,-0.19260070697571696
MS,CSF_31,CACACTCGTGCTCTTC-1,CSF,0.05704206689853302
MS,CSF_31,CACAGGCAGTGGTAAT-1,CSF,-0.28233890416524016
MS,CSF_31,CACATTTTCGGAGCAA-1,CSF,-0.11521045886696338
MS,CSF_31,CACATTTTCTAAGCCA-1,CSF,-0.6247442772458361
MS,CSF_31,CACATTTTCTATCGCC-1,CSF,-0.09834107806026707
MS,CSF_31,CACCACTGTCGCGAAA-1,CSF,-0.7658617233170876
MS,CSF_31,CACCAGGTCACTTATC-1,CSF,-0.24257016291159225
MS,CSF_31,CACCTTGGTAACGTTC-1,CSF,0.31404546657389065
MS,CSF_31,CACTCCAAGTGCAAGC-1,CSF,-0.09834107806026707
MS,CSF_31,CAGATCAGTCTAGGTT-1,CSF,-0.09834107806026707
MS,CSF_31,CAGATCATCGGACAAG-1,CSF,0.3153128816325422
MS,CSF_31,CAGCATAAGTCGTACT-1,CSF,0.061264682301324834
MS,CSF_31,CAGGTGCCAACACCCG-1,CSF,0.4052792390958538
MS,CSF_31,CATATGGAGACTAGGC-1,CSF,-0.09834107806026707
MS,CSF_31,CATATGGTCGTTTAGG-1,CSF,-0.045942394906933796
MS,CSF_31,CATCAAGAGCTAAACA-1,CSF,0.3202185301343364
MS,CSF_31,CATCAAGGTGCTAGCC-1,CSF,-0.22857773146276955
MS,CSF_31,CATCAGAAGTTAGGTA-1,CSF,-0.09834107806026707
MS,CSF_31,CATCAGATCACCCTCA-1,CSF,0.22180946273786747
MS,CSF_31,CATCAGATCTTTCCTC-1,CSF,-0.2551186556580091
MS,CSF_31,CATCGAAGTCTAGCGC-1,CSF,0.352769223301485
MS,CSF_31,CATCGAATCATGTCTT-1,CSF,0.2957439476804913
MS,CSF_31,CATGACATCCTCAACC-1,CSF,0.0877542134049183
MS,CSF_31,CATGCCTAGGTAAACT-1,CSF,0.6788225207407634
MS,CSF_31,CATGGCGCAAGCTGTT-1,CSF,0.13402788194987675
MS,CSF_31,CATTATCAGTCCGTAT-1,CSF,0.06622200090689026
MS,CSF_31,CATTCGCAGCTAACTC-1,CSF,-0.2544252982228238
MS,CSF_31,CATTCGCAGTGCAAGC-1,CSF,0.38514134294249125
MS,CSF_31,CCACCTATCCACTCCA-1,CSF,-0.09834107806026707
MS,CSF_31,CCACTACAGCGGATCA-1,CSF,-0.09834107806026707
MS,CSF_31,CCAGCGACAAACGCGA-1,CSF,0.33142684057713573
MS,CSF_31,CCATGTCGTATCGCAT-1,CSF,-0.09834107806026707
MS,CSF_31,CCATGTCTCGTGGACC-1,CSF,0.13756931561389477
MS,CSF_31,CCCAGTTCACTTACGA-1,CSF,0.19569236506163534
MS,CSF_31,CCCAGTTGTTGAGGTG-1,CSF,-0.09834107806026707
MS,CSF_31,CCGGTAGCACGGATAG-1,CSF,-0.09834107806026707
MS,CSF_31,CCGTACTCACTGTGTA-1,CSF,-0.4681880620823548
MS,CSF_31,CCGTGGACAGCATACT-1,CSF,-0.29014762993964893
MS,CSF_31,CCGTGGAGTCGGCACT-1,CSF,-0.09834107806026707
MS,CSF_31,CCGTTCAAGAGTGACC-1,CSF,-0.1680079938348653
MS,CSF_31,CCTACACCAGTGACAG-1,CSF,0.048750206333017486
MS,CSF_31,CCTAGCTAGCGCTTAT-1,CSF,-0.35684419397834966
MS,CSF_31,CCTATTACATACTACG-1,CSF,-0.09834107806026707
MS,CSF_31,CCTATTAGTACTTCTT-1,CSF,0.2540346321828396
MS,CSF_31,CCTCAGTGTCGGGTCT-1,CSF,0.2622099847480952
MS,CSF_31,CCTTACGCATCCCACT-1,CSF,-0.5825500302121167
MS,CSF_31,CGAATGTCAGTGGAGT-1,CSF,-0.05697064866550727
MS,CSF_31,CGAATGTTCGCGGATC-1,CSF,-0.09834107806026707
MS,CSF_31,CGACCTTCAATCAGAA-1,CSF,0.1403336002576617
MS,CSF_31,CGAGAAGGTATAATGG-1,CSF,-0.005236938919452776
MS,CSF_31,CGAGCACCAGCTGGCT-1,CSF,-0.09834107806026707
MS,CSF_31,CGAGCCAGTCTACCTC-1,CSF,0.3087605504978383
MS,CSF_31,CGAGCCAGTGAGGCTA-1,CSF,-0.09834107806026707
MS,CSF_31,CGATGGCTCGTTTAGG-1,CSF,0.23711742059926663
MS,CSF_31,CGCCAAGGTACACCGC-1,CSF,-0.19879801531785327
MS,CSF_31,CGCTATCTCAGCCTAA-1,CSF,0.07486325127633002
MS,CSF_31,CGCTGGAAGGTGTTAA-1,CSF,-0.38595085037794824
MS,CSF_31,CGCTGGAGTTAAGAAC-1,CSF,-0.2667744090396801
MS,CSF_31,CGGACTGAGATCTGCT-1,CSF,-0.2779864408457224
MS,CSF_31,CGGACTGAGGGATACC-1,CSF,-0.6043059425833048
MS,CSF_31,CGGCTAGCATGAGCGA-1,CSF,0.3861712528731623
MS,CSF_31,CGGGTCAAGCGTTGCC-1,CSF,-0.7106962208089602
MS,CSF_31,CGGGTCAGTTCACGGC-1,CSF,-0.034799913067605374
MS,CSF_31,CGGTTAAAGGACGAAA-1,CSF,0.36875637845396875
MS,CSF_31,CGTAGCGGTGACGGTA-1,CSF,0.12716084203666095
MS,CSF_31,CGTAGGCGTACCATCA-1,CSF,0.25181602756298554
MS,CSF_31,CGTCACTAGATATGGT-1,CSF,-0.2961214149300454
MS,CSF_31,CGTCACTTCTTGAGGT-1,CSF,0.6586850709442266
MS,CSF_31,CGTCAGGCAGGCTGAA-1,CSF,-0.09834107806026707
MS,CSF_31,CGTCAGGGTTGGACCC-1,CSF,-0.09834107806026707
MS,CSF_31,CGTGAGCAGACGCACA-1,CSF,-0.09834107806026707
MS,CSF_31,CGTGAGCCACGGTAAG-1,CSF,0.20359976232287288
MS,CSF_31,CGTGAGCGTTCGAATC-1,CSF,0.3752855478373992
MS,CSF_31,CGTGTAACAGAGCCAA-1,CSF,0.050364892300670976
MS,CSF_31,CGTTAGAGTGCACTTA-1,CSF,0.26163337107308965
MS,CSF_31,CTAAGACTCTACTCAT-1,CSF,-0.09834107806026707
MS,CSF_31,CTAATGGGTAGAAAGG-1,CSF,0.31808529417946574
MS,CSF_31,CTACCCAAGGGAAACA-1,CSF,0.0030428136509439824
MS,CSF_31,CTAGAGTAGCCTCGTG-1,CSF,-0.04104553184527637
MS,CSF_31,CTAGCCTCATGTCTCC-1,CSF,0.24718678010961886
MS,CSF_31,CTAGCCTGTTCAGACT-1,CSF,-0.09834107806026707
MS,CSF_31,CTCACACCAAGCCATT-1,CSF,-0.09834107806026707
MS,CSF_31,CTCACACTCCAGAGGA-1,CSF,0.06009015209776303
MS,CSF_31,CTCAGAAAGATCACGG-1,CSF,-0.0285211528786676
MS,CSF_31,CTCATTACAGCTCGCA-1,CSF,-0.25920806055994167
MS,CSF_31,CTCATTACATGGTTGT-1,CSF,0.20596455265984823
MS,CSF_31,CTCATTAGTGATAAAC-1,CSF,-0.38277455558218587
MS,CSF_31,CTCATTATCACAATGC-1,CSF,-0.09834107806026707
MS,CSF_31,CTCCTAGAGAAGGCCT-1,CSF,-0.09834107806026707
MS,CSF_31,CTCGAAAGTACATCCA-1,CSF,0.10629316879457772
MS,CSF_31,CTCGAGGCAGCCTATA-1,CSF,0.4081478800561564
MS,CSF_31,CTCGTACTCAAACCGT-1,CSF,-0.2896403868019632
MS,CSF_31,CTCGTACTCACTCTTA-1,CSF,0.18635023310350102
MS,CSF_31,CTCTACGCATACCATG-1,CSF,-0.09834107806026707
MS,CSF_31,CTGAAACAGCGATTCT-1,CSF,-0.5923925662736401
MS,CSF_31,CTGATAGAGGGTCTCC-1,CSF,-0.15392163463225303
MS,CSF_31,CTGATAGGTACAGTGG-1,CSF,0.28183727638831696
MS,CSF_31,CTGCCTATCGAATCCA-1,CSF,-0.6115113047632391
MS,CSF_31,CTGCGGATCCAAACTG-1,CSF,-0.03656995495312506
MS,CSF_31,CTGGTCTAGTGCAAGC-1,CSF,0.19659687705503812
MS,CSF_31,CTTAGGATCACGATGT-1,CSF,0.09201215363241498
MS,CSF_31,CTTCTCTGTGCAGTAG-1,CSF,0.41434651746984524
MS,CSF_31,CTTCTCTTCCTGCAGG-1,CSF,0.014803400063796117
MS,CSF_31,CTTGGCTTCCTTTCGG-1,CSF,-0.1087678835487232
MS,CSF_31,GAAACTCAGCTGGAAC-1,CSF,-0.4688449577094461
MS,CSF_31,GAACATCGTTCTGAAC-1,CSF,-0.2722084306433245
MS,CSF_31,GAACGGATCGCGGATC-1,CSF,-0.306515608935433
MS,CSF_31,GAACGGATCTATGTGG-1,CSF,0.3138176842702845
MS,CSF_31,GACACGCCACGGATAG-1,CSF,0.12304814612842363
MS,CSF_31,GACACGCGTGGTACAG-1,CSF,0.08879373997771298
MS,CSF_31,GACACGCGTTACGCGC-1,CSF,-0.09834107806026707
MS,CSF_31,GACAGAGAGAGCTTCT-1,CSF,0.09635277738610601
MS,CSF_31,GACCAATCACGCGAAA-1,CSF,-0.10921184139974967
MS,CSF_31,GACGCGTCAGGAACGT-1,CSF,-0.09834107806026707
MS,CSF_31,GACGGCTTCAAGATCC-1,CSF,-0.22688935101399638
MS,CSF_31,GACGTGCCAACTGGCC-1,CSF,-0.3450621975152332
MS,CSF_31,GACGTGCCATCACAAC-1,CSF,-0.2898766681775898
MS,CSF_31,GACGTGCTCCACGTGG-1,CSF,0.2621245828245374
MS,CSF_31,GACGTTAAGGCTAGGT-1,CSF,-0.09834107806026707
MS,CSF_31,GACGTTATCCGTAGTA-1,CSF,-0.038163115072592256
MS,CSF_31,GACTAACCACGTTGGC-1,CSF,-0.09834107806026707
MS,CSF_31,GACTAACTCTGTTTGT-1,CSF,0.22071674774903952
MS,CSF_31,GACTAACTCTTTACAC-1,CSF,0.09460892483757635
MS,CSF_31,GACTACAGTTTCGCTC-1,CSF,0.08775864012331096
MS,CSF_31,GAGCAGACACAACGTT-1,CSF,0.11781002238250751
MS,CSF_31,GAGCAGACATTAGGCT-1,CSF,-0.04401250829553358
MS,CSF_31,GAGTCCGTCAGAGGTG-1,CSF,-0.14256347455708132
MS,CSF_31,GATCGCGCAATGGAAT-1,CSF,-0.17600386627618672
MS,CSF_31,GATCGCGTCACCTTAT-1,CSF,-0.03559642140477587
MS,CSF_31,GATGAAAAGGCAGGTT-1,CSF,-0.09834107806026707
MS,CSF_31,GATGAAACAAGCGAGT-1,CSF,-0.11157042636188061
MS,CSF_31,GATGAAAGTTATTCTC-1,CSF,0.42666655362090455
MS,CSF_31,GATGCTAGTTATGCGT-1,CSF,0.23370026560270593
MS,CSF_31,GATTCAGAGCTAGTGG-1,CSF,-0.3101996324737725
MS,CSF_31,GCAATCACAGGCTGAA-1,CSF,-0.07766790003120985
MS,CSF_31,GCAATCACAGTACACT-1,CSF,0.14737152332683107
MS,CSF_31,GCAATCATCGGTTAAC-1,CSF,0.0260015420543447
MS,CSF_31,GCAATCATCTGATACG-1,CSF,-0.11576170376282076
MS,CSF_31,GCACATACATCGATTG-1,CSF,-0.09834107806026707
MS,CSF_31,GCACATAGTCGATTGT-1,CSF,0.5075387921464579
MS,CSF_31,GCAGCCATCCACGTGG-1,CSF,0.49766415386844604
MS,CSF_31,GCATACAAGGTCATCT-1,CSF,-0.5401755643064786
MS,CSF_31,GCATGATTCTTCGAGA-1,CSF,-0.00043880565913555013
MS,CSF_31,GCATGCGAGAACAACT-1,CSF,0.08587618643214415
MS,CSF_31,GCATGCGCACAAGCCC-1,CSF,-0.4460178939930653
MS,CSF_31,GCATGTACAGGGATTG-1,CSF,1.1025592374998001
MS,CSF_31,GCATGTAGTCACTGGC-1,CSF,0.5261904095306188
MS,CSF_31,GCATGTATCTGATACG-1,CSF,0.5191425126034284
MS,CSF_31,GCCAAATCATACTACG-1,CSF,-0.5165265977272656
MS,CSF_31,GCCAAATCATCAGTAC-1,CSF,-0.29584066325702224
MS,CSF_31,GCCAAATGTTTGGCGC-1,CSF,-0.6393786292480031
MS,CSF_31,GCCAAATTCTGGTGTA-1,CSF,-1.2126585866271342
MS,CSF_31,GCCTCTAGTATGGTTC-1,CSF,0.2031194747587857
MS,CSF_31,GCCTCTAGTTTGTGTG-1,CSF,-0.23484428625012863
MS,CSF_31,GCGCAGTAGCTAACTC-1,CSF,0.4858887852782348
MS,CSF_31,GCGCAGTTCAGAGGTG-1,CSF,-0.026071745754805625
MS,CSF_31,GCGCCAAGTAGCGTAG-1,CSF,-0.3973090750066552
MS,CSF_31,GCTGCTTCAGACGCCT-1,CSF,0.13651506998634408
MS,CSF_31,GCTGGGTCATGCTAGT-1,CSF,-0.25338367776952037
MS,CSF_31,GCTGGGTTCTCTGTCG-1,CSF,0.2684550282918831
MS,CSF_31,GCTTGAACATCTACGA-1,CSF,0.2841097052590189
MS,CSF_31,GCTTGAAGTAGCCTCG-1,CSF,-0.09834107806026707
MS,CSF_31,GGAATAATCAAGAAGT-1,CSF,0.11322025929263042
MS,CSF_31,GGACAAGAGGCAGGTT-1,CSF,0.4451403619070217
MS,CSF_31,GGACAAGGTCAAAGCG-1,CSF,-0.09834107806026707
MS,CSF_31,GGACAGACAAGGGTCA-1,CSF,-0.03511321803373556
MS,CSF_31,GGACAGACAGAGTGTG-1,CSF,-0.2501680128662606
MS,CSF_31,GGATGTTAGATGCCAG-1,CSF,0.03745581190087633
MS,CSF_31,GGATGTTGTTCCACAA-1,CSF,-0.20323075237518168
MS,CSF_31,GGATTACTCCGCGGTA-1,CSF,-0.09834107806026707
MS,CSF_31,GGCCGATAGATTACCC-1,CSF,0.06371984403026146
MS,CSF_31,GGCCGATTCCGAATGT-1,CSF,-0.036266718636013065
MS,CSF_31,GGCGACTAGGCTAGCA-1,CSF,-0.09834107806026707
MS,CSF_31,GGCGTGTCAATGAATG-1,CSF,0.23761579647314662
MS,CSF_31,GGCGTGTCATGATCCA-1,CSF,0.3392978280770858
MS,CSF_31,GGCGTGTGTCGACTAT-1,CSF,-0.03425177751358117
MS,CSF_31,GGCTGGTGTGCGAAAC-1,CSF,-0.09834107806026707
MS,CSF_31,GGGAATGAGATCTGCT-1,CSF,-0.09834107806026707
MS,CSF_31,GGGACCTGTACTTAGC-1,CSF,-0.20794281580105903
MS,CSF_31,GGGAGATCACCGAAAG-1,CSF,0.5946010044698979
MS,CSF_31,GGGCACTCACGGACAA-1,CSF,-0.207093038682783
MS,CSF_31,GGGCATCTCCTTGCCA-1,CSF,0.2194575317531804
MS,CSF_31,GGGTCTGAGTAATCCC-1,CSF,0.12582200191445017
MS,CSF_31,GGGTCTGGTACACCGC-1,CSF,-0.8545945768621896
MS,CSF_31,GGGTCTGGTATTCGTG-1,CSF,-0.030653483054785633
MS,CSF_31,GTAACGTTCGATCCCT-1,CSF,-0.13930960010016163
MS,CSF_31,GTAACTGGTCCTAGCG-1,CSF,0.7644689828242387
MS,CSF_31,GTACGTACACTTACGA-1,CSF,-0.09834107806026707
MS,CSF_31,GTACTCCAGAAAGTGG-1,CSF,-0.4145953943130234
MS,CSF_31,GTAGGCCTCATGCTCC-1,CSF,0.0616722354316182
MS,CSF_31,GTAGTCAGTCTCCCTA-1,CSF,-0.09834107806026707
MS,CSF_31,GTATTCTTCCTACAGA-1,CSF,-0.15816915053045738
MS,CSF_31,GTCACAAAGCGGCTTC-1,CSF,-0.08002418229291026
MS,CSF_31,GTCACAAAGGCGACAT-1,CSF,0.2018836584600705
MS,CSF_31,GTCCTCACATTATCTC-1,CSF,0.09750969783045015
MS,CSF_31,GTCGGGTGTGTTAAGA-1,CSF,-0.33581110371432493
MS,CSF_31,GTCGGGTTCCACGACG-1,CSF,-0.43120297474353314
MS,CSF_31,GTCTCGTAGTTATCGC-1,CSF,-0.09834107806026707
MS,CSF_31,GTCTCGTGTTGATTCG-1,CSF,0.07893360981708962
MS,CSF_31,GTGAAGGCAATGGAGC-1,CSF,0.314911368808724
MS,CSF_31,GTGAAGGGTAAGTGTA-1,CSF,0.1956965431123758
MS,CSF_31,GTGCAGCAGCGTCAAG-1,CSF,0.12090654086140187
MS,CSF_31,GTGCAGCTCCAGTATG-1,CSF,0.17027063279966134
MS,CSF_31,GTGCATAAGCGAAGGG-1,CSF,-0.2975295456163917
MS,CSF_31,GTGCGGTCATTAACCG-1,CSF,-0.3355967577968387
MS,CSF_31,GTGCGGTGTAGCTCCG-1,CSF,0.4854444592920345
MS,CSF_31,GTGGGTCAGAGCTGGT-1,CSF,-0.09834107806026707
MS,CSF_31,GTTAAGCCACACAGAG-1,CSF,-0.09834107806026707
MS,CSF_31,GTTACAGCAAGTCATC-1,CSF,0.3030016211319947
MS,CSF_31,GTTACAGTCTTAGAGC-1,CSF,-0.20363813850292997
MS,CSF_31,GTTCATTAGTACTTGC-1,CSF,-0.31638250522078637
MS,CSF_31,GTTCGGGGTAGAAAGG-1,CSF,0.0027549237257384817
MS,CSF_31,GTTTCTACATTATCTC-1,CSF,-0.09834107806026707
MS,CSF_31,TAAACCGGTCCTCCAT-1,CSF,-0.09834107806026707
MS,CSF_31,TAAGTGCAGGCCCGTT-1,CSF,-0.09834107806026707
MS,CSF_31,TACACGAAGCCAGTTT-1,CSF,0.21650141405931983
MS,CSF_31,TACACGAAGTTAAGTG-1,CSF,-0.19678041991140724
MS,CSF_31,TACACGATCTAACGGT-1,CSF,-0.007596133764760078
MS,CSF_31,TACAGTGAGAAGGGTA-1,CSF,-0.19820876519677172
MS,CSF_31,TACCTATAGGATATAC-1,CSF,-0.09834107806026707
MS,CSF_31,TACGGGCAGCAGACTG-1,CSF,-0.5683875701663502
MS,CSF_31,TACGGTAGTGACTACT-1,CSF,-0.2998043550397859
MS,CSF_31,TACTCGCTCAGTACGT-1,CSF,0.20664330410233386
MS,CSF_31,TAGACCATCTTACCTA-1,CSF,0.9589313249360412
MS,CSF_31,TAGCCGGAGCGGCTTC-1,CSF,-0.31018825195216226
MS,CSF_31,TAGCCGGAGGCAAAGA-1,CSF,0.15619384982636322
MS,CSF_31,TAGTGGTAGTGGGATC-1,CSF,0.5264446653596268
MS,CSF_31,TAGTTGGCAATGACCT-1,CSF,-0.2180243691522054
MS,CSF_31,TATCAGGAGATAGGAG-1,CSF,0.00978362118703018
MS,CSF_31,TATCAGGAGCAGCGTA-1,CSF,0.2720151225601312
MS,CSF_31,TATCTCAAGACAGGCT-1,CSF,0.5276688112643647
MS,CSF_31,TATCTCAGTAGGGTAC-1,CSF,-0.09834107806026707
MS,CSF_31,TATTACCAGATATGGT-1,CSF,-0.09834107806026707
MS,CSF_31,TATTACCCATTACCTT-1,CSF,-0.20877116386351682
MS,CSF_31,TCAACGAGTACTTGAC-1,CSF,-0.35747614323181554
MS,CSF_31,TCACAAGTCCTGCCAT-1,CSF,-0.1990249093755008
MS,CSF_31,TCAGGATAGGTGTGGT-1,CSF,-0.2822107114209631
MS,CSF_31,TCAGGATCAATGAATG-1,CSF,0.06616438967213362
MS,CSF_31,TCAGGTAGTGATGCCC-1,CSF,-0.6176198877180098
MS,CSF_31,TCATTTGCATTCGACA-1,CSF,0.05114261681574706
MS,CSF_31,TCCCGATAGTGCAAGC-1,CSF,-1.0552310762492083
MS,CSF_31,TCGCGTTCAAGCGAGT-1,CSF,0.24488653965520762
MS,CSF_31,TCGCGTTCAAGCTGTT-1,CSF,-0.09834107806026707
MS,CSF_31,TCGGGACCAGCTGCTG-1,CSF,1.0430382061731263
MS,CSF_31,TCGGGACTCCTTCAAT-1,CSF,0.08806612876076465
MS,CSF_31,TCGGTAAGTAGAGCTG-1,CSF,0.40753413786350245
MS,CSF_31,TCTCATATCACGACTA-1,CSF,0.457206669568182
MS,CSF_31,TCTCTAAAGACACGAC-1,CSF,-0.0602617754428814
MS,CSF_31,TCTGAGATCACCATAG-1,CSF,0.07080705239278691
MS,CSF_31,TCTTCGGAGAGAACAG-1,CSF,0.27969074438055186
MS,CSF_31,TCTTTCCAGGCAGGTT-1,CSF,-0.5082476060569834
MS,CSF_31,TGAAAGATCTGCGACG-1,CSF,-0.18865562143604495
MS,CSF_31,TGACTAGGTTATGTGC-1,CSF,0.061343177412552095
MS,CSF_31,TGACTTTAGACCTTTG-1,CSF,0.03496975868936618
MS,CSF_31,TGACTTTTCGTCCGTT-1,CSF,0.18718641782039205
MS,CSF_31,TGAGCATCATTACCTT-1,CSF,0.4160163905544027
MS,CSF_31,TGAGCCGAGTGGGTTG-1,CSF,0.32760539189950894
MS,CSF_31,TGATTTCTCAATCACG-1,CSF,-0.17495093279755378
MS,CSF_31,TGCACCTTCATGTGGT-1,CSF,-0.08145717696032287
MS,CSF_31,TGCCAAATCATCTGTT-1,CSF,-0.3138726130711071
MS,CSF_31,TGCCAAATCGGTCCGA-1,CSF,0.0873147110106487
MS,CSF_31,TGCCCTAGTGCACTTA-1,CSF,0.08514951108639089
MS,CSF_31,TGCCCTAGTTGGAGGT-1,CSF,-0.4592807600534328
MS,CSF_31,TGCGCAGAGGCTAGCA-1,CSF,0.10762094997826224
MS,CSF_31,TGCGCAGTCGTCCGTT-1,CSF,-0.2290579827349757
MS,CSF_31,TGCTGCTAGCTGAAAT-1,CSF,-0.09670879764631346
MS,CSF_31,TGCTGCTCAGCTCCGA-1,CSF,-0.09834107806026707
MS,CSF_31,TGGCCAGTCAGTTGAC-1,CSF,0.07034504454402536
MS,CSF_31,TGGGAAGGTGGAAAGA-1,CSF,-0.09834107806026707
MS,CSF_31,TGGGCGTCATGGAATA-1,CSF,0.1181683452717426
MS,CSF_31,TGGTTCCGTTATGTGC-1,CSF,-0.09834107806026707
MS,CSF_31,TGTATTCAGGGTTCCC-1,CSF,-0.09834107806026707
MS,CSF_31,TGTATTCGTGGGTCAA-1,CSF,-0.08732357304544414
MS,CSF_31,TGTCCCAAGCGACGTA-1,CSF,-0.19034758815500646
MS,CSF_31,TGTCCCACAAGTTCTG-1,CSF,-0.17744253378676206
MS,CSF_31,TGTCCCATCTGTCTCG-1,CSF,0.4078543291296679
MS,CSF_31,TGTGGTATCGGCGGTT-1,CSF,-0.6531371709015561
MS,CSF_31,TGTGTTTAGTCATCCA-1,CSF,0.32277644459816485
MS,CSF_31,TGTTCCGGTAGGCATG-1,CSF,-0.30796928522421746
MS,CSF_31,TTAACTCAGGACAGCT-1,CSF,-0.09834107806026707
MS,CSF_31,TTAGGACCAAGCGTAG-1,CSF,-0.4837920300312139
MS,CSF_31,TTAGGACCACAACGTT-1,CSF,-0.09834107806026707
MS,CSF_31,TTAGGCAAGATGTGTA-1,CSF,-1.1681651247727114
MS,CSF_31,TTAGGCACACGCATCG-1,CSF,0.36081854327539803
MS,CSF_31,TTAGGCAGTGCGATAG-1,CSF,0.19060982817570232
MS,CSF_31,TTAGTTCGTCACACGC-1,CSF,-0.19958792880362244
MS,CSF_31,TTCCCAGTCATTGCGA-1,CSF,-0.09834107806026707
MS,CSF_31,TTCCCAGTCGGCGCTA-1,CSF,0.16681209166786695
MS,CSF_31,TTCTCAAAGATTACCC-1,CSF,-0.05696200155654701
MS,CSF_31,TTCTTAGAGACACGAC-1,CSF,0.4177894873662904
MS,CSF_31,TTCTTAGCATACTCTT-1,CSF,-0.2922869222492637
MS,CSF_31,TTGAACGTCTATCCCG-1,CSF,-0.09834107806026707
MS,CSF_31,TTGAACGTCTGCCCTA-1,CSF,0.2310007889114869
MS,CSF_31,TTGCCGTGTAAAGGAG-1,CSF,-0.09834107806026707
MS,CSF_31,TTGCCGTGTAACGCGA-1,CSF,-0.08322199447953262
MS,CSF_31,TTGCCGTGTCTAGTGT-1,CSF,-0.2486776934903983
MS,CSF_31,TTGCGTCGTAATCACC-1,CSF,-0.48949174659281625
MS,CSF_31,TTGGCAAAGGGATACC-1,CSF,0.027515392541420183
MS,CSF_31,TTTATGCGTCTCAACA-1,CSF,-0.3928632239666632
MS,CSF_31,TTTCCTCCAGGTGCCT-1,CSF,0.21269394539799794
MS,CSF_31,TTTCCTCGTCTTGCGG-1,CSF,0.6638641209592037
MS,CSF_31,TTTCCTCTCTGAGGGA-1,CSF,-0.09050566551980728
MS,CSF_31,TTTGCGCTCTTTACGT-1,CSF,-0.600897777559277
MS,CSF_31,TTTGTCACAAGCCGCT-1,CSF,0.49647745195211085
MS,CSF_31,TTTGTCACACCACGTG-1,CSF,0.05907737771768682
HC,CSF_32,AAACCTGAGAAACCGC-1,CSF,-0.42479683871402446
HC,CSF_32,AAAGTAGGTACAGACG-1,CSF,-0.30168712880253057
HC,CSF_32,AACTCTTGTGTATGGG-1,CSF,-0.09834107806026707
HC,CSF_32,AAGGCAGAGTGTACGG-1,CSF,0.16870995920116375
HC,CSF_32,AAGGTTCCATGCGCAC-1,CSF,0.10402666372486559
HC,CSF_32,ACAGCCGTCGTGGGAA-1,CSF,-0.7328884765949656
HC,CSF_32,ACAGCTAGTTCGCGAC-1,CSF,-0.017978189438430325
HC,CSF_32,ACCGTAAAGGAGTTGC-1,CSF,-0.275015530715795
HC,CSF_32,ACGATGTCAAGGGTCA-1,CSF,-0.2550679209501588
HC,CSF_32,ACGGGCTTCCCAAGAT-1,CSF,0.07254083054549643
HC,CSF_32,ACGGGCTTCGGAAACG-1,CSF,-0.22011377958036377
HC,CSF_32,ACTGAACTCGTCCAGG-1,CSF,0.5998453015599777
HC,CSF_32,ACTGAGTTCTGTGCAA-1,CSF,-0.5014933669050359
HC,CSF_32,AGAATAGCACTAAGTC-1,CSF,0.21954231229978435
HC,CSF_32,AGATTGCCACACATGT-1,CSF,-0.09834107806026707
HC,CSF_32,AGCCTAAGTATAAACG-1,CSF,-0.136685884297312
HC,CSF_32,AGGCCACCACACATGT-1,CSF,-0.22899772864012968
HC,CSF_32,AGTGAGGCACACAGAG-1,CSF,-0.2626690201381677
HC,CSF_32,AGTGGGAAGGCTCTTA-1,CSF,-0.4449730176046257
HC,CSF_32,AGTTGGTGTATTCGTG-1,CSF,0.7413983611528935
HC,CSF_32,ATGCGATGTTCGGGCT-1,CSF,-0.3715738731954797
HC,CSF_32,ATGGGAGTCTGTGCAA-1,CSF,-0.17965593969716345
HC,CSF_32,ATTATCCCAATCGAAA-1,CSF,-0.33445337654775303
HC,CSF_32,ATTCTACAGGCCCTTG-1,CSF,0.39042788574054166
HC,CSF_32,CAAGGCCGTAACGCGA-1,CSF,-0.02668111348686732
HC,CSF_32,CACACTCCATAGACTC-1,CSF,-0.33606648710915266
HC,CSF_32,CACAGGCCAAGGACAC-1,CSF,0.08027246728332549
HC,CSF_32,CACCACTGTTCCAACA-1,CSF,-0.34565734974691287
HC,CSF_32,CAGAATCAGGCCCTTG-1,CSF,0.04505008007624305
HC,CSF_32,CAGAATCAGGCGACAT-1,CSF,-0.09834107806026707
HC,CSF_32,CAGATCATCATCTGCC-1,CSF,-0.3749472091383136
HC,CSF_32,CATCCACCAGATGAGC-1,CSF,-0.23039985232708218
HC,CSF_32,CATTCGCAGCTAGCCC-1,CSF,-0.6143388390700656
HC,CSF_32,CCCAGTTGTGACTACT-1,CSF,-0.06794798767080247
HC,CSF_32,CCCTCCTAGGACTGGT-1,CSF,0.3817304187756795
HC,CSF_32,CCCTCCTTCGCCTGTT-1,CSF,0.11468881819686562
HC,CSF_32,CCTATTATCCGCATCT-1,CSF,-0.2833394218994182
HC,CSF_32,CCTCTGACAATGTTGC-1,CSF,-0.499818157099865
HC,CSF_32,CCTTCCCTCCCAACGG-1,CSF,-0.6564753581377808
HC,CSF_32,CGAACATAGCGCCTTG-1,CSF,-0.09834107806026707
HC,CSF_32,CGAGCACAGTCAAGCG-1,CSF,-0.21876130264248436
HC,CSF_32,CGAGCACTCTGAAAGA-1,CSF,-0.23066444607303196
HC,CSF_32,CGATTGAAGCGATATA-1,CSF,-0.2633808011903883
HC,CSF_32,CGCCAAGGTAATAGCA-1,CSF,-0.42733420310652165
HC,CSF_32,CGTAGCGCACGGTGTC-1,CSF,-0.09834107806026707
HC,CSF_32,CGTCACTGTACGAAAT-1,CSF,0.1418310781494319
HC,CSF_32,CGTCACTGTATGGTTC-1,CSF,-0.42593592607784275
HC,CSF_32,CGTCCATTCCTCGCAT-1,CSF,-0.3238487392001706
HC,CSF_32,CGTTCTGCATGATCCA-1,CSF,0.3825816567923988
HC,CSF_32,CTAAGACGTTGGAGGT-1,CSF,-0.5190694819637519
HC,CSF_32,CTACATTAGCTAACTC-1,CSF,0.1854236814312101
HC,CSF_32,CTACATTTCTGCGACG-1,CSF,-0.5008003776817034
HC,CSF_32,CTAGAGTTCTTGTCAT-1,CSF,-0.37575715102458673
HC,CSF_32,CTCAGAATCTCACATT-1,CSF,-0.3919691395029023
HC,CSF_32,CTCTGGTTCGTACCGG-1,CSF,-0.23394986371279128
HC,CSF_32,CTGCTGTTCCACGCAG-1,CSF,-0.39729077981551264
HC,CSF_32,CTGTGCTCAGGCTCAC-1,CSF,-0.4318896410891432
HC,CSF_32,CTGTTTACATGCATGT-1,CSF,-0.4129351424815866
HC,CSF_32,CTTGGCTAGTTAACGA-1,CSF,0.6850350149374842
HC,CSF_32,GAACGGACAACGATCT-1,CSF,-0.09819236349121585
HC,CSF_32,GAAGCAGGTATAATGG-1,CSF,-0.29123456854352875
HC,CSF_32,GACCAATTCCGCTGTT-1,CSF,-0.44594548937695694
HC,CSF_32,GACTGCGCAGCTTCGG-1,CSF,-0.029587554857047765
HC,CSF_32,GAGTCCGTCCAATGGT-1,CSF,-0.7161704111559801
HC,CSF_32,GATCGATAGTAATCCC-1,CSF,-0.23740734144005454
HC,CSF_32,GATCGATCACATAACC-1,CSF,0.21231913544537995
HC,CSF_32,GCACATAAGAACAATC-1,CSF,0.2409586356312943
HC,CSF_32,GCATGCGGTAATTGGA-1,CSF,0.2508705674042326
HC,CSF_32,GCGCAACTCCATGAGT-1,CSF,-0.2246334616123851
HC,CSF_32,GGAATAAGTTCGAATC-1,CSF,0.05513079122829926
HC,CSF_32,GGATTACTCTTTACGT-1,CSF,-0.9534090846663155
HC,CSF_32,GGCCGATCACTCAGGC-1,CSF,-0.5098580648087083
HC,CSF_32,GGGACCTAGTAGCGGT-1,CSF,-0.851404257050028
HC,CSF_32,GTAACGTTCCGAAGAG-1,CSF,-0.2493773137361959
HC,CSF_32,GTAACTGAGCCCGAAA-1,CSF,0.5411978817968394
HC,CSF_32,GTATCTTAGGTGGGTT-1,CSF,-0.15717332317498395
HC,CSF_32,GTATCTTAGTGGGATC-1,CSF,-0.2314376620120517
HC,CSF_32,GTCACAAAGGGCTCTC-1,CSF,0.5795366241842375
HC,CSF_32,GTCACGGTCAGGATCT-1,CSF,-0.4060626115995224
HC,CSF_32,GTCCTCAAGAATCTCC-1,CSF,-0.3140550480451442
HC,CSF_32,GTTTCTATCCACGTTC-1,CSF,-0.3643221749009338
HC,CSF_32,TACACGACATGGATGG-1,CSF,-0.09834107806026707
HC,CSF_32,TACACGATCACTTCAT-1,CSF,0.12577866728558992
HC,CSF_32,TACTCATCAAGGGTCA-1,CSF,-0.09834107806026707
HC,CSF_32,TACTTACCACCATCCT-1,CSF,-0.263032103507986
HC,CSF_32,TAGTTGGGTTAGGGTG-1,CSF,-0.4609407576576145
HC,CSF_32,TATCAGGGTACGCACC-1,CSF,-0.09834107806026707
HC,CSF_32,TCAATCTAGGATGTAT-1,CSF,-0.037382173601773094
HC,CSF_32,TCAATCTCATTACGAC-1,CSF,0.22554135924341615
HC,CSF_32,TCACGAAGTGTTTGGT-1,CSF,-0.40928966206094625
HC,CSF_32,TCAGCTCAGGCACATG-1,CSF,0.40829069378297894
HC,CSF_32,TCAGGTAAGGGAACGG-1,CSF,0.1087750083196488
HC,CSF_32,TCCACACAGAATTGTG-1,CSF,-0.09834107806026707
HC,CSF_32,TCCACACAGGAATTAC-1,CSF,-0.09834107806026707
HC,CSF_32,TCCACACGTGTCAATC-1,CSF,-0.3063754137211333
HC,CSF_32,TCCCGATAGCGTTGCC-1,CSF,-0.09834107806026707
HC,CSF_32,TCGTAGATCGTACCGG-1,CSF,0.060510970996926525
HC,CSF_32,TGACGGCAGAGCAATT-1,CSF,-0.22383912305213977
HC,CSF_32,TGACTAGTCCGTTGCT-1,CSF,-0.36505421885053024
HC,CSF_32,TGAGCATAGGATATAC-1,CSF,0.3747210164805916
HC,CSF_32,TGAGCCGAGAGTACAT-1,CSF,0.05506854584498728
HC,CSF_32,TGCACCTCAGACGCCT-1,CSF,0.2709754385857896
HC,CSF_32,TGCCCATTCGCCGTGA-1,CSF,-0.46398056953571276
HC,CSF_32,TGCGTGGTCCAGAGGA-1,CSF,-0.08476205773209497
HC,CSF_32,TGGCGCATCCGCAAGC-1,CSF,0.2162298636280187
HC,CSF_32,TGGGCGTTCAGCATGT-1,CSF,-0.9557473007611896
HC,CSF_32,TGGTTAGGTCTCACCT-1,CSF,-0.11254313511691187
HC,CSF_32,TGGTTCCAGCTGTCTA-1,CSF,-0.5152612723408503
HC,CSF_32,TTAGGACAGAAGGCCT-1,CSF,0.49487573370957344
HC,CSF_32,TTCGGTCGTCCGTTAA-1,CSF,-0.09834107806026707
HC,CSF_32,TTCTACATCTTTACAC-1,CSF,-0.09834107806026707
HC,CSF_32,TTGCCGTTCAACTCTT-1,CSF,-0.380791761306206
HC,CSF_32,TTGGAACAGTCGTTTG-1,CSF,-0.09834107806026707
HC,CSF_32,TTGGAACGTCAGATAA-1,CSF,-0.6745389222402443
MS,MS19270_CSF,GSM4104122_AAACGGGTCCTTGACC-1,CSF,-0.22812123725149572
MS,MS19270_CSF,GSM4104122_AAAGATGGTTGTGGAG-1,CSF,0.08585510569364617
MS,MS19270_CSF,GSM4104122_AAAGCAAGTTCCACGG-1,CSF,-0.09834107806026707
MS,MS19270_CSF,GSM4104122_AACACGTTCTGAGGGA-1,CSF,0.28588162824802615
MS,MS19270_CSF,GSM4104122_AACTGGTGTAGTACCT-1,CSF,0.17105401080112528
MS,MS19270_CSF,GSM4104122_AAGCCGCGTTGCCTCT-1,CSF,-0.09834107806026707
MS,MS19270_CSF,GSM4104122_AAGTCTGGTGTGCGTC-1,CSF,-0.09834107806026707
MS,MS19270_CSF,GSM4104122_AATCCAGTCGATAGAA-1,CSF,-0.09834107806026707
MS,MS19270_CSF,GSM4104122_ACACCCTGTGCGATAG-1,CSF,-0.209539657839176
MS,MS19270_CSF,GSM4104122_ACATACGCACTGTCGG-1,CSF,-0.09834107806026707
MS,MS19270_CSF,GSM4104122_ACCAGTATCATCGATG-1,CSF,-0.011672961127386234
MS,MS19270_CSF,GSM4104122_ACCGTAAGTCCATGAT-1,CSF,0.13372507337563064
MS,MS19270_CSF,GSM4104122_ACCTTTACACCCATTC-1,CSF,0.3308409323232074
MS,MS19270_CSF,GSM4104122_ACGATACTCGAATCCA-1,CSF,0.4315201926572539
MS,MS19270_CSF,GSM4104122_ACGATGTGTAGCGATG-1,CSF,-0.09834107806026707
MS,MS19270_CSF,GSM4104122_ACGGCCACATTGCGGC-1,CSF,-0.09834107806026707
MS,MS19270_CSF,GSM4104122_ACTGAACCACGACTCG-1,CSF,-0.09834107806026707
MS,MS19270_CSF,GSM4104122_ACTGTCCCATTGGGCC-1,CSF,-0.09834107806026707
MS,MS19270_CSF,GSM4104122_ACTGTCCTCCTCAACC-1,CSF,-0.09834107806026707
MS,MS19270_CSF,GSM4104122_ACTTACTAGCGTGAAC-1,CSF,0.2248456076305305
MS,MS19270_CSF,GSM4104122_ACTTTCAAGCAAATCA-1,CSF,0.20213739148320695
MS,MS19270_CSF,GSM4104122_AGACGTTCATCGATGT-1,CSF,0.03701454820849346
MS,MS19270_CSF,GSM4104122_AGAGCGACACAGTCGC-1,CSF,-0.32488963497853646
MS,MS19270_CSF,GSM4104122_AGATCTGAGCTGTCTA-1,CSF,0.05721740444736625
MS,MS19270_CSF,GSM4104122_AGCAGCCTCTGCGACG-1,CSF,-0.3167253841790401
MS,MS19270_CSF,GSM4104122_AGCGGTCAGATAGCAT-1,CSF,-0.09834107806026707
MS,MS19270_CSF,GSM4104122_AGCGGTCAGGTTCCTA-1,CSF,-0.09834107806026707
MS,MS19270_CSF,GSM4104122_AGCGTCGAGCCCTAAT-1,CSF,-0.42527090913824594
MS,MS19270_CSF,GSM4104122_AGCGTCGCATTCCTCG-1,CSF,-0.2956120938429612
MS,MS19270_CSF,GSM4104122_AGGTCATAGCAATCTC-1,CSF,-0.3891043838755855
MS,MS19270_CSF,GSM4104122_AGTAGTCTCCATGCTC-1,CSF,-0.2416061177424098
MS,MS19270_CSF,GSM4104122_AGTAGTCTCTACTTAC-1,CSF,-0.09834107806026707
MS,MS19270_CSF,GSM4104122_AGTGTCAAGACACTAA-1,CSF,0.07453141389967953
MS,MS19270_CSF,GSM4104122_AGTGTCACAATGGACG-1,CSF,-0.9031611790714859
MS,MS19270_CSF,GSM4104122_ATAACGCAGCCAGGAT-1,CSF,-0.09834107806026707
MS,MS19270_CSF,GSM4104122_ATAGACCAGGCTAGAC-1,CSF,-0.36050955501164655
MS,MS19270_CSF,GSM4104122_ATCACGAAGATGTTAG-1,CSF,-0.008709130175294066
MS,MS19270_CSF,GSM4104122_ATCACGACACTCAGGC-1,CSF,0.2143455022873804
MS,MS19270_CSF,GSM4104122_ATCACGACATCACAAC-1,CSF,0.2633888729884315
MS,MS19270_CSF,GSM4104122_ATCATCTCAAGAGTCG-1,CSF,-0.09834107806026707
MS,MS19270_CSF,GSM4104122_ATCATCTCATTTCAGG-1,CSF,-0.09834107806026707
MS,MS19270_CSF,GSM4104122_ATCCACCAGTTCGCGC-1,CSF,-1.2207154348809488
MS,MS19270_CSF,GSM4104122_ATCCACCCACTCGACG-1,CSF,-0.14734339778340688
MS,MS19270_CSF,GSM4104122_ATCCGAACATGTCTCC-1,CSF,-0.09834107806026707
MS,MS19270_CSF,GSM4104122_ATCGAGTTCTCAACTT-1,CSF,-0.2462909654653726
MS,MS19270_CSF,GSM4104122_ATCTGCCTCTGCCCTA-1,CSF,-0.05350768447141136
MS,MS19270_CSF,GSM4104122_ATGAGGGAGTGTACCT-1,CSF,0.17994624065019557
MS,MS19270_CSF,GSM4104122_ATGTGTGTCAACCATG-1,CSF,0.006318046439721426
MS,MS19270_CSF,GSM4104122_ATTATCCCATGGTAGG-1,CSF,0.8190431065479231
MS,MS19270_CSF,GSM4104122_ATTCTACTCAAACAAG-1,CSF,0.0050285937552319165
MS,MS19270_CSF,GSM4104122_ATTGGTGGTCACCCAG-1,CSF,-0.04480350378843363
MS,MS19270_CSF,GSM4104122_CAACCAACATACGCTA-1,CSF,-0.03374029853438993
MS,MS19270_CSF,GSM4104122_CAACCAATCTAACTGG-1,CSF,0.30822352159446276
MS,MS19270_CSF,GSM4104122_CACATTTTCCCAAGTA-1,CSF,-0.3397045191555406
MS,MS19270_CSF,GSM4104122_CACCACTCACCGAATT-1,CSF,0.09038495494502204
MS,MS19270_CSF,GSM4104122_CACCAGGAGACGCAAC-1,CSF,0.20273177664276254
MS,MS19270_CSF,GSM4104122_CACCAGGCACAGACTT-1,CSF,0.07004740603670472
MS,MS19270_CSF,GSM4104122_CACCTTGTCGTACCGG-1,CSF,0.040016364925107635
MS,MS19270_CSF,GSM4104122_CAGATCACAGTGGAGT-1,CSF,0.6221983910691222
MS,MS19270_CSF,GSM4104122_CAGATCAGTCCGTTAA-1,CSF,0.0033792074890340623
MS,MS19270_CSF,GSM4104122_CAGCAGCTCACTATTC-1,CSF,0.09014015124382982
MS,MS19270_CSF,GSM4104122_CAGCAGCTCGCCTGAG-1,CSF,-0.024606074092282944
MS,MS19270_CSF,GSM4104122_CAGCGACTCAGTTCGA-1,CSF,-0.2297046740773839
MS,MS19270_CSF,GSM4104122_CAGTAACTCGTCCGTT-1,CSF,-0.09834107806026707
MS,MS19270_CSF,GSM4104122_CATATGGCACATGACT-1,CSF,-0.48905787984053906
MS,MS19270_CSF,GSM4104122_CATCAAGCAAGCCATT-1,CSF,0.23678621967526278
MS,MS19270_CSF,GSM4104122_CATCCACAGAATTGTG-1,CSF,-0.20429971463437815
MS,MS19270_CSF,GSM4104122_CATGACAGTCAGAAGC-1,CSF,-0.09834107806026707
MS,MS19270_CSF,GSM4104122_CATTCGCAGACTACAA-1,CSF,0.13352137148735796
MS,MS19270_CSF,GSM4104122_CCACGGACATTTGCTT-1,CSF,-0.09834107806026707
MS,MS19270_CSF,GSM4104122_CCACGGAGTCCAGTAT-1,CSF,-0.3591851837037396
MS,MS19270_CSF,GSM4104122_CCACTACGTAAGTGGC-1,CSF,-0.28886930784846737
MS,MS19270_CSF,GSM4104122_CCAGCGAGTGACAAAT-1,CSF,0.06025033181086812
MS,MS19270_CSF,GSM4104122_CCATGTCTCAACGAAA-1,CSF,-0.17399582272936528
MS,MS19270_CSF,GSM4104122_CCCAGTTTCTAACTGG-1,CSF,-0.09834107806026707
MS,MS19270_CSF,GSM4104122_CCGGGATTCAAGGTAA-1,CSF,-0.09834107806026707
MS,MS19270_CSF,GSM4104122_CCGTTCAAGGTACTCT-1,CSF,0.16958412066741677
MS,MS19270_CSF,GSM4104122_CCTAAAGTCTTTAGGG-1,CSF,-0.3034856549922395
MS,MS19270_CSF,GSM4104122_CCTTTCTCACATTTCT-1,CSF,-0.09834107806026707
MS,MS19270_CSF,GSM4104122_CCTTTCTCATGCATGT-1,CSF,-0.6614150762277656
MS,MS19270_CSF,GSM4104122_CGAGAAGAGGCTAGCA-1,CSF,0.3765082657917521
MS,MS19270_CSF,GSM4104122_CGAGAAGGTCAATACC-1,CSF,-0.09834107806026707
MS,MS19270_CSF,GSM4104122_CGAGAAGGTCATTAGC-1,CSF,0.2275515423480982
MS,MS19270_CSF,GSM4104122_CGATCGGAGATCGATA-1,CSF,-0.09834107806026707
MS,MS19270_CSF,GSM4104122_CGATGGCAGCGGATCA-1,CSF,0.10200073567719455
MS,MS19270_CSF,GSM4104122_CGCCAAGTCGGAATCT-1,CSF,-0.27071433065641587
MS,MS19270_CSF,GSM4104122_CGCGTTTTCTGCGTAA-1,CSF,-0.8370527964541198
MS,MS19270_CSF,GSM4104122_CGCTATCGTGTCTGAT-1,CSF,-0.4033473252027088
MS,MS19270_CSF,GSM4104122_CGCTATCTCACCAGGC-1,CSF,-0.1326846943007153
MS,MS19270_CSF,GSM4104122_CGCTATCTCGAGCCCA-1,CSF,-0.014846635226478746
MS,MS19270_CSF,GSM4104122_CGGACACGTGTAATGA-1,CSF,0.26887854613466217
MS,MS19270_CSF,GSM4104122_CGGACACTCTTCGGTC-1,CSF,-0.09834107806026707
MS,MS19270_CSF,GSM4104122_CGTAGCGGTGCCTGGT-1,CSF,-0.09834107806026707
MS,MS19270_CSF,GSM4104122_CGTAGCGTCGTACGGC-1,CSF,-0.09834107806026707
MS,MS19270_CSF,GSM4104122_CGTCACTAGACCTAGG-1,CSF,-0.09834107806026707
MS,MS19270_CSF,GSM4104122_CGTCACTGTTAGGGTG-1,CSF,0.11088425840338696
MS,MS19270_CSF,GSM4104122_CGTCAGGCACAGGAGT-1,CSF,-0.7232766356106454
MS,MS19270_CSF,GSM4104122_CGTCCATTCACAACGT-1,CSF,-0.09834107806026707
MS,MS19270_CSF,GSM4104122_CGTCTACCATATGGTC-1,CSF,-0.09834107806026707
MS,MS19270_CSF,GSM4104122_CGTGTAAGTTTAGCTG-1,CSF,0.02783755745797015
MS,MS19270_CSF,GSM4104122_CGTTAGAAGGAATCGC-1,CSF,-0.5459623870159862
MS,MS19270_CSF,GSM4104122_CGTTCTGAGTTTAGGA-1,CSF,-0.7640760814871458
MS,MS19270_CSF,GSM4104122_CTAAGACAGGCATGGT-1,CSF,-0.27242234214460886
MS,MS19270_CSF,GSM4104122_CTAAGACGTTGTCTTT-1,CSF,-0.1292403881877284
MS,MS19270_CSF,GSM4104122_CTAATGGGTCAGTGGA-1,CSF,0.06278453660191238
MS,MS19270_CSF,GSM4104122_CTACCCAAGGCAAAGA-1,CSF,-0.1941574670807173
MS,MS19270_CSF,GSM4104122_CTACCCACAATGGATA-1,CSF,0.1108365768057533
MS,MS19270_CSF,GSM4104122_CTACGTCGTACTTCTT-1,CSF,-0.09834107806026707
MS,MS19270_CSF,GSM4104122_CTACGTCGTTGGACCC-1,CSF,0.17749411155698064
MS,MS19270_CSF,GSM4104122_CTAGCCTGTGCCTTGG-1,CSF,-0.038935561156561035
MS,MS19270_CSF,GSM4104122_CTCAGAAAGAGGTTGC-1,CSF,0.054101670010372756
MS,MS19270_CSF,GSM4104122_CTCAGAACAGACGCCT-1,CSF,-0.32096060829067846
MS,MS19270_CSF,GSM4104122_CTCGGGAGTGAGGGTT-1,CSF,-0.09834107806026707
MS,MS19270_CSF,GSM4104122_CTCTGGTGTTGGTGGA-1,CSF,0.09004654270658584
MS,MS19270_CSF,GSM4104122_CTGATAGAGAGGTACC-1,CSF,-0.3479393120484001
MS,MS19270_CSF,GSM4104122_CTGCGGACATGCAATC-1,CSF,-0.42919793205245094
MS,MS19270_CSF,GSM4104122_CTGGTCTAGTAGATGT-1,CSF,-0.09834107806026707
MS,MS19270_CSF,GSM4104122_CTTACCGGTTACGCGC-1,CSF,0.4658958537374215
MS,MS19270_CSF,GSM4104122_CTTAGGAGTCTCAACA-1,CSF,-0.2525503171081833
MS,MS19270_CSF,GSM4104122_GAAACTCAGCCAGTAG-1,CSF,0.017585603140506938
MS,MS19270_CSF,GSM4104122_GAAACTCCACTTAACG-1,CSF,-0.7574027221325285
MS,MS19270_CSF,GSM4104122_GAAATGACAGTAGAGC-1,CSF,-0.09834107806026707
MS,MS19270_CSF,GSM4104122_GAAATGATCAGGCAAG-1,CSF,0.07697634229027613
MS,MS19270_CSF,GSM4104122_GACAGAGGTCTGATTG-1,CSF,-0.09834107806026707
MS,MS19270_CSF,GSM4104122_GACCAATAGTTTCCTT-1,CSF,0.08475631593631745
MS,MS19270_CSF,GSM4104122_GACGCGTTCTTTACGT-1,CSF,-0.7738356084732221
MS,MS19270_CSF,GSM4104122_GACGTGCAGTCCATAC-1,CSF,0.07861187444580518
MS,MS19270_CSF,GSM4104122_GAGCAGATCTGACCTC-1,CSF,-0.09834107806026707
MS,MS19270_CSF,GSM4104122_GAGGTGATCCATGCTC-1,CSF,-0.29591396205281434
MS,MS19270_CSF,GSM4104122_GAGTCCGAGCTTCGCG-1,CSF,-0.19594578238937457
MS,MS19270_CSF,GSM4104122_GATCAGTAGGACCACA-1,CSF,0.0059958746897245275
MS,MS19270_CSF,GSM4104122_GATCGTACAATCACAC-1,CSF,0.22566463811720847
MS,MS19270_CSF,GSM4104122_GATGAAACAACGCACC-1,CSF,-0.19254486933970058
MS,MS19270_CSF,GSM4104122_GATGAGGGTACCCAAT-1,CSF,-0.09122487389960583
MS,MS19270_CSF,GSM4104122_GATGCTAGTGCGAAAC-1,CSF,-0.7349654038190279
MS,MS19270_CSF,GSM4104122_GCAAACTCAAGTACCT-1,CSF,-0.09834107806026707
MS,MS19270_CSF,GSM4104122_GCAAACTGTGAGTATA-1,CSF,0.11771366155508901
MS,MS19270_CSF,GSM4104122_GCAGTTACAATGTAAG-1,CSF,-0.2288974496991643
MS,MS19270_CSF,GSM4104122_GCATGCGTCCCTGACT-1,CSF,-0.1950300891965203
MS,MS19270_CSF,GSM4104122_GCATGTACACGTCAGC-1,CSF,-0.23526757683356767
MS,MS19270_CSF,GSM4104122_GCATGTATCTTAGAGC-1,CSF,-0.4736434198600811
MS,MS19270_CSF,GSM4104122_GCGACCACAGCGTTCG-1,CSF,-0.30617584034493434
MS,MS19270_CSF,GSM4104122_GCGAGAATCCCTGACT-1,CSF,-0.09834107806026707
MS,MS19270_CSF,GSM4104122_GGAAAGCAGACGCAAC-1,CSF,0.03508197716656335
MS,MS19270_CSF,GSM4104122_GGAATAACATCCGGGT-1,CSF,-0.9726406644283606
MS,MS19270_CSF,GSM4104122_GGACAAGGTGACGGTA-1,CSF,0.024792829388984416
MS,MS19270_CSF,GSM4104122_GGACGTCCAGCGAACA-1,CSF,0.05054980651117131
MS,MS19270_CSF,GSM4104122_GGACGTCGTCTCCATC-1,CSF,-0.22452209526163092
MS,MS19270_CSF,GSM4104122_GGAGCAATCCTTGCCA-1,CSF,-0.09834107806026707
MS,MS19270_CSF,GSM4104122_GGATTACCATTCTCAT-1,CSF,-0.2556081567501654
MS,MS19270_CSF,GSM4104122_GGATTACGTAGCGTCC-1,CSF,-0.4389251627624557
MS,MS19270_CSF,GSM4104122_GGATTACTCTACGAGT-1,CSF,-0.09834107806026707
MS,MS19270_CSF,GSM4104122_GGCTGGTTCACTATTC-1,CSF,-0.33466420487069065
MS,MS19270_CSF,GSM4104122_GGGACCTAGAGACGAA-1,CSF,0.4955466424204219
MS,MS19270_CSF,GSM4104122_GGGATGACAATAGCAA-1,CSF,0.039029797068345244
MS,MS19270_CSF,GSM4104122_GGGATGATCTTCGAGA-1,CSF,-0.20367533875522356
MS,MS19270_CSF,GSM4104122_GGGCACTCAAGCCGTC-1,CSF,0.2115802753887357
MS,MS19270_CSF,GSM4104122_GTAACGTAGAGGGCTT-1,CSF,0.11062008099430058
MS,MS19270_CSF,GSM4104122_GTACTCCAGATGTTAG-1,CSF,-0.09834107806026707
MS,MS19270_CSF,GSM4104122_GTACTCCGTGATGCCC-1,CSF,-0.09834107806026707
MS,MS19270_CSF,GSM4104122_GTAGGCCGTGAAGGCT-1,CSF,-0.017327644905605313
MS,MS19270_CSF,GSM4104122_GTAGGCCTCATTCACT-1,CSF,-0.09834107806026707
MS,MS19270_CSF,GSM4104122_GTAGGCCTCGCTTAGA-1,CSF,-0.3348336640196533
MS,MS19270_CSF,GSM4104122_GTAGTCAGTCTAGCCG-1,CSF,-0.11943889040859769
MS,MS19270_CSF,GSM4104122_GTCATTTTCCTCCTAG-1,CSF,-0.2702502768475587
MS,MS19270_CSF,GSM4104122_GTCCTCATCCCTCTTT-1,CSF,-0.23387553261005953
MS,MS19270_CSF,GSM4104122_GTCGGGTGTCGAGTTT-1,CSF,-0.09834107806026707
MS,MS19270_CSF,GSM4104122_GTCGTAAAGTGTACCT-1,CSF,-0.5686818774748953
MS,MS19270_CSF,GSM4104122_GTTCATTAGTATTGGA-1,CSF,0.47326921338114863
MS,MS19270_CSF,GSM4104122_GTTCGGGTCGGCGCTA-1,CSF,0.028894926193622845
MS,MS19270_CSF,GSM4104122_GTTCGGGTCTGCGTAA-1,CSF,0.42734543081069315
MS,MS19270_CSF,GSM4104122_GTTTCTAGTTCTCATT-1,CSF,-0.09834107806026707
MS,MS19270_CSF,GSM4104122_TAAGTGCCAGCTCCGA-1,CSF,0.3845298261458549
MS,MS19270_CSF,GSM4104122_TACCTATGTTTGTTGG-1,CSF,-0.056891930955223324
MS,MS19270_CSF,GSM4104122_TACTCATCATCGTCGG-1,CSF,0.05872411647555257
MS,MS19270_CSF,GSM4104122_TACTCATGTAGGCTGA-1,CSF,0.17349108095387236
MS,MS19270_CSF,GSM4104122_TACTCATTCTGCAGTA-1,CSF,0.17307199147451627
MS,MS19270_CSF,GSM4104122_TACTCGCGTCGGATCC-1,CSF,-0.17854686133855865
MS,MS19270_CSF,GSM4104122_TAGGCATCAGCCTTTC-1,CSF,0.1593903769006229
MS,MS19270_CSF,GSM4104122_TAGGCATTCTAACGGT-1,CSF,0.13371243966214905
MS,MS19270_CSF,GSM4104122_TAGTGGTAGCTACCGC-1,CSF,-0.2524974123186511
MS,MS19270_CSF,GSM4104122_TCAACGATCTCCAACC-1,CSF,-0.09834107806026707
MS,MS19270_CSF,GSM4104122_TCAGGTAAGATGTCGG-1,CSF,-0.09834107806026707
MS,MS19270_CSF,GSM4104122_TCCACACCATGTAAGA-1,CSF,0.10349976649660568
MS,MS19270_CSF,GSM4104122_TCGGGACAGATCCCGC-1,CSF,-0.09834107806026707
MS,MS19270_CSF,GSM4104122_TCGGTAAAGGGTGTTG-1,CSF,0.17689819978179214
MS,MS19270_CSF,GSM4104122_TCTCATATCGACAGCC-1,CSF,-0.17920793757616585
MS,MS19270_CSF,GSM4104122_TCTGGAAAGCGAGAAA-1,CSF,-0.25718407437945234
MS,MS19270_CSF,GSM4104122_TGAAAGACAAAGGAAG-1,CSF,-0.09834107806026707
MS,MS19270_CSF,GSM4104122_TGACTAGGTTCACGGC-1,CSF,-0.09834107806026707
MS,MS19270_CSF,GSM4104122_TGAGGGAAGGGCACTA-1,CSF,0.22933107277259318
MS,MS19270_CSF,GSM4104122_TGAGGGACAACGATCT-1,CSF,-0.3014468139435662
MS,MS19270_CSF,GSM4104122_TGATTTCGTACCAGTT-1,CSF,0.1384447644885674
MS,MS19270_CSF,GSM4104122_TGATTTCGTCTGCCAG-1,CSF,-0.2225066624074816
MS,MS19270_CSF,GSM4104122_TGCCAAAAGAATAGGG-1,CSF,-0.06217017354405095
MS,MS19270_CSF,GSM4104122_TGCCCATCAAGAGGCT-1,CSF,-0.09834107806026707
MS,MS19270_CSF,GSM4104122_TGCGCAGCAAGAAGAG-1,CSF,0.24202762918034887
MS,MS19270_CSF,GSM4104122_TGCGCAGCACAGCCCA-1,CSF,-0.23879059543381467
MS,MS19270_CSF,GSM4104122_TGCTGCTAGAGGGATA-1,CSF,0.014485023897000904
MS,MS19270_CSF,GSM4104122_TGGCCAGCACGCGAAA-1,CSF,-0.04662223273684104
MS,MS19270_CSF,GSM4104122_TGGCGCAGTGCGATAG-1,CSF,-0.2574631647940419
MS,MS19270_CSF,GSM4104122_TGTGGTAGTATCACCA-1,CSF,-0.4751747156330723
MS,MS19270_CSF,GSM4104122_TTAGGACTCTAACGGT-1,CSF,0.17389014571430472
MS,MS19270_CSF,GSM4104122_TTAGTTCCAGCGTAAG-1,CSF,0.3655775619233764
MS,MS19270_CSF,GSM4104122_TTAGTTCGTTATTCTC-1,CSF,-0.5153212828905868
MS,MS19270_CSF,GSM4104122_TTCCCAGTCCAGAGGA-1,CSF,-0.03771044530931097
MS,MS19270_CSF,GSM4104122_TTCGGTCAGCAGGCTA-1,CSF,0.018023329355758327
MS,MS19270_CSF,GSM4104122_TTCTCCTTCACAAACC-1,CSF,0.370972345093389
MS,MS19270_CSF,GSM4104122_TTCTCCTTCGAATGGG-1,CSF,-0.2610001539994351
MS,MS19270_CSF,GSM4104122_TTGACTTAGTAGATGT-1,CSF,-0.09834107806026707
MS,MS19270_CSF,GSM4104122_TTGACTTTCGGAGGTA-1,CSF,-0.5077249047289546
MS,MS19270_CSF,GSM4104122_TTGCCGTCAAGTCTGT-1,CSF,0.43972243596991234
MS,MS19270_CSF,GSM4104122_TTGCCGTTCTACTATC-1,CSF,-0.41433296413651555
MS,MS19270_CSF,GSM4104122_TTGGAACCAATGACCT-1,CSF,-0.09834107806026707
MS,MS19270_CSF,GSM4104122_TTGGAACTCATTTGGG-1,CSF,-0.21616441513905735
MS,MS19270_CSF,GSM4104122_TTTATGCTCTGGCGAC-1,CSF,0.060019188677089476
MS,MS19270_CSF,GSM4104122_TTTGGTTCACGGCCAT-1,CSF,0.1442025830015594
MS,MS49131_CSF,GSM4104125_AAAGCAATCGCCTGTT-1,CSF,-0.09834107806026707
MS,MS49131_CSF,GSM4104125_AAGGTTCCAATTCCTT-1,CSF,-0.08744588071672603
MS,MS49131_CSF,GSM4104125_AATCGGTTCAGAGCTT-1,CSF,-0.23589694556321913
MS,MS49131_CSF,GSM4104125_ACAGCCGAGGTGTGGT-1,CSF,-0.6013285300153075
MS,MS49131_CSF,GSM4104125_ACGAGGAGTCATGCCG-1,CSF,-0.09834107806026707
MS,MS49131_CSF,GSM4104125_ACGGGTCCATGAGCGA-1,CSF,0.4224154072162304
MS,MS49131_CSF,GSM4104125_ACTTGTTGTTAAGATG-1,CSF,-0.43489940143113065
MS,MS49131_CSF,GSM4104125_AGAGCGAGTTTGGGCC-1,CSF,-0.1013647521936095
MS,MS49131_CSF,GSM4104125_AGTAGTCAGCTCCTTC-1,CSF,-0.09834107806026707
MS,MS49131_CSF,GSM4104125_AGTGTCAGTATGAATG-1,CSF,0.1154690932782642
MS,MS49131_CSF,GSM4104125_CAACTAGCAGTACACT-1,CSF,-0.09834107806026707
MS,MS49131_CSF,GSM4104125_CACAGTATCTTGGGTA-1,CSF,-0.49682943277240926
MS,MS49131_CSF,GSM4104125_CAGAATCCAGCGTTCG-1,CSF,-0.09834107806026707
MS,MS49131_CSF,GSM4104125_CAGAATCTCTTGTTTG-1,CSF,0.5083406782871506
MS,MS49131_CSF,GSM4104125_CAGCAGCTCACTTACT-1,CSF,-0.09834107806026707
MS,MS49131_CSF,GSM4104125_CAGGTGCAGAGCTGCA-1,CSF,-0.6896163791683106
MS,MS49131_CSF,GSM4104125_CATATGGCATCGATGT-1,CSF,-0.08458259437444006
MS,MS49131_CSF,GSM4104125_CATATTCTCCTGCAGG-1,CSF,-1.1216793767713773
MS,MS49131_CSF,GSM4104125_CATCAAGGTTCGCTAA-1,CSF,-0.6353532955536044
MS,MS49131_CSF,GSM4104125_CATCCACCAGACGCCT-1,CSF,0.026450069218956096
MS,MS49131_CSF,GSM4104125_CCTACACTCGAATGCT-1,CSF,-0.09834107806026707
MS,MS49131_CSF,GSM4104125_CGAGAAGGTAGAGTGC-1,CSF,-0.09834107806026707
MS,MS49131_CSF,GSM4104125_CGGACACAGAAGAAGC-1,CSF,-0.3131860837298944
MS,MS49131_CSF,GSM4104125_CGGTTAATCACGGTTA-1,CSF,-0.24185504532856725
MS,MS49131_CSF,GSM4104125_CGTCACTTCTTTCCTC-1,CSF,-0.021326419872283103
MS,MS49131_CSF,GSM4104125_CTCGTACGTCAGGACA-1,CSF,-0.07433613464034401
MS,MS49131_CSF,GSM4104125_CTGAAACCAAGTCATC-1,CSF,-0.03012816937191674
MS,MS49131_CSF,GSM4104125_GAAACTCGTGTAATGA-1,CSF,-0.09834107806026707
MS,MS49131_CSF,GSM4104125_GACCTGGTCGAACGGA-1,CSF,0.7191087710243772
MS,MS49131_CSF,GSM4104125_GACGTTAAGGTGATTA-1,CSF,-0.09834107806026707
MS,MS49131_CSF,GSM4104125_GACGTTAGTTGGTTTG-1,CSF,-0.4397375700603688
MS,MS49131_CSF,GSM4104125_GATCGCGAGAAGGTTT-1,CSF,-0.3783948521000512
MS,MS49131_CSF,GSM4104125_GCGACCACAACACCCG-1,CSF,-0.38358344066024724
MS,MS49131_CSF,GSM4104125_GCGAGAACAACACCTA-1,CSF,-0.24344690905470726
MS,MS49131_CSF,GSM4104125_GCGCAACAGAGTTGGC-1,CSF,-0.6772662973678275
MS,MS49131_CSF,GSM4104125_GGAGCAACACACGCTG-1,CSF,-0.09834107806026707
MS,MS49131_CSF,GSM4104125_GGGAGATAGGCTAGCA-1,CSF,-0.24183010451669554
MS,MS49131_CSF,GSM4104125_GGTATTGGTATCGCAT-1,CSF,-0.48802587318301766
MS,MS49131_CSF,GSM4104125_GTAGTCACAGCTGGCT-1,CSF,-0.3059223501236909
MS,MS49131_CSF,GSM4104125_GTCAAGTAGTACGCCC-1,CSF,0.25373712144195604
MS,MS49131_CSF,GSM4104125_GTCTCGTTCCGTACAA-1,CSF,0.12441963195460691
MS,MS49131_CSF,GSM4104125_GTGCATAAGTGGCACA-1,CSF,-0.09834107806026707
MS,MS49131_CSF,GSM4104125_GTGCTTCTCGTGGTCG-1,CSF,-0.25187375070493817
MS,MS49131_CSF,GSM4104125_TACAGTGTCCCACTTG-1,CSF,-0.2308127469988059
MS,MS49131_CSF,GSM4104125_TACCTATTCTCGCTTG-1,CSF,-0.09834107806026707
MS,MS49131_CSF,GSM4104125_TACGGGCCAGTCAGCC-1,CSF,0.11778535554912148
MS,MS49131_CSF,GSM4104125_TACGGGCGTTCGTCTC-1,CSF,-0.14616099574401423
MS,MS49131_CSF,GSM4104125_TCAGATGTCTTCGGTC-1,CSF,0.5988686231022252
MS,MS49131_CSF,GSM4104125_TCAGCTCCATCAGTCA-1,CSF,-0.0923929331938838
MS,MS49131_CSF,GSM4104125_TCGCGAGCACTTCGAA-1,CSF,-0.09834107806026707
MS,MS49131_CSF,GSM4104125_TGAAAGACATCATCCC-1,CSF,-0.37906723635371165
MS,MS49131_CSF,GSM4104125_TGAGAGGGTCTAGAGG-1,CSF,0.15065960370753256
MS,MS49131_CSF,GSM4104125_TGAGAGGTCGATGAGG-1,CSF,0.005616306187881924
MS,MS49131_CSF,GSM4104125_TGATTTCTCAGCATGT-1,CSF,-0.445566288056855
MS,MS49131_CSF,GSM4104125_TTAACTCTCAGGTAAA-1,CSF,0.2126056072732998
MS,MS49131_CSF,GSM4104125_TTTACTGTCTGCCCTA-1,CSF,-0.3457902435154492
MS,MS49131_CSF,GSM4104125_TTTATGCCAAGTAGTA-1,CSF,-0.09834107806026707
MS,MS49131_CSF,GSM4104125_TTTGTCAAGATATGGT-1,CSF,-0.09834107806026707
MS,MS58637_CSF,GSM4104123_AACTGGTTCCCAACGG-1,CSF,0.6221983910691222
MS,MS58637_CSF,GSM4104123_AAGCCGCCAGGTCCAC-1,CSF,-0.09834107806026707
MS,MS58637_CSF,GSM4104123_ACCCACTAGACGCTTT-1,CSF,-0.09834107806026707
MS,MS58637_CSF,GSM4104123_AGAGCGACACGCGAAA-1,CSF,-0.09834107806026707
MS,MS58637_CSF,GSM4104123_AGGGTGAGTTCCACTC-1,CSF,-0.29354234276225727
MS,MS58637_CSF,GSM4104123_AGTTGGTGTCCGAAGA-1,CSF,0.07739827026341375
MS,MS58637_CSF,GSM4104123_ATCATGGAGATGCGAC-1,CSF,-0.37893324578665105
MS,MS58637_CSF,GSM4104123_ATCATGGCAAGGTGTG-1,CSF,-0.09834107806026707
MS,MS58637_CSF,GSM4104123_ATGAGGGGTCTCACCT-1,CSF,0.20145056917155604
MS,MS58637_CSF,GSM4104123_ATGTGTGTCAGCTCTC-1,CSF,-0.09834107806026707
MS,MS58637_CSF,GSM4104123_ATTGGACTCCAACCAA-1,CSF,0.22029303982064805
MS,MS58637_CSF,GSM4104123_CACCTTGAGGACTGGT-1,CSF,-0.5617398323854276
MS,MS58637_CSF,GSM4104123_CAGTCCTTCTTGCATT-1,CSF,-0.09834107806026707
MS,MS58637_CSF,GSM4104123_CCCAATCGTAAATGTG-1,CSF,-0.09834107806026707
MS,MS58637_CSF,GSM4104123_CGCTGGACATCTGGTA-1,CSF,0.3274253169914238
MS,MS58637_CSF,GSM4104123_CGGACGTTCTACGAGT-1,CSF,0.33206258808370626
MS,MS58637_CSF,GSM4104123_CGTGTCTGTGAAGGCT-1,CSF,-0.2767492218688426
MS,MS58637_CSF,GSM4104123_CTACCCAAGCCAGTTT-1,CSF,-0.2696363554816511
MS,MS58637_CSF,GSM4104123_CTCCTAGAGTCCTCCT-1,CSF,-0.09834107806026707
MS,MS58637_CSF,GSM4104123_CTCGAGGAGGCTCTTA-1,CSF,-0.6754818107378285
MS,MS58637_CSF,GSM4104123_CTCGTACTCCGATATG-1,CSF,-0.09834107806026707
MS,MS58637_CSF,GSM4104123_CTGAAACCATTTCAGG-1,CSF,-0.1283472371911867
MS,MS58637_CSF,GSM4104123_CTTTGCGAGTGTGGCA-1,CSF,-0.09834107806026707
MS,MS58637_CSF,GSM4104123_GAAACTCCAGTCGATT-1,CSF,0.34919382453357517
MS,MS58637_CSF,GSM4104123_GACCAATAGTACGACG-1,CSF,-0.09834107806026707
MS,MS58637_CSF,GSM4104123_GCACTCTTCTGCTGCT-1,CSF,-0.09834107806026707
MS,MS58637_CSF,GSM4104123_GCCTCTAAGGGTATCG-1,CSF,0.31658664248789764
MS,MS58637_CSF,GSM4104123_GCGAGAACACCAACCG-1,CSF,-0.09834107806026707
MS,MS58637_CSF,GSM4104123_GGACGTCGTGGTTTCA-1,CSF,0.04908394887012148
MS,MS58637_CSF,GSM4104123_GGAGCAAAGTGAAGAG-1,CSF,-0.23137485289042556
MS,MS58637_CSF,GSM4104123_GGCGTGTGTTCAGGCC-1,CSF,-0.09834107806026707
MS,MS58637_CSF,GSM4104123_GTCAAGTTCTTTACGT-1,CSF,-0.09834107806026707
MS,MS58637_CSF,GSM4104123_GTGAAGGTCATCTGTT-1,CSF,0.40826668344578143
MS,MS58637_CSF,GSM4104123_TATCAGGTCGCGGATC-1,CSF,-0.4921050770641665
MS,MS58637_CSF,GSM4104123_TATGCCCAGGATCGCA-1,CSF,-0.4979410086607571
MS,MS58637_CSF,GSM4104123_TCACGAAAGTTTCCTT-1,CSF,0.2115111011911117
MS,MS58637_CSF,GSM4104123_TCCCGATCAATTCCTT-1,CSF,-0.30266984588803014
MS,MS58637_CSF,GSM4104123_TCGAGGCGTAAACACA-1,CSF,-0.09834107806026707
MS,MS58637_CSF,GSM4104123_TCGTACCTCGTAGGAG-1,CSF,-0.09834107806026707
MS,MS58637_CSF,GSM4104123_TCGTAGATCCATTCTA-1,CSF,-0.09834107806026707
MS,MS58637_CSF,GSM4104123_TCTCTAAAGACACGAC-1,CSF,-0.09834107806026707
MS,MS58637_CSF,GSM4104123_TCTTTCCTCGATAGAA-1,CSF,0.6261450067932044
MS,MS58637_CSF,GSM4104123_TGCCCATTCTGGTGTA-1,CSF,0.02727541437752804
MS,MS58637_CSF,GSM4104123_TGCCCTAGTCTGCAAT-1,CSF,-0.2722442994448235
MS,MS58637_CSF,GSM4104123_TTGAACGAGGTGCAAC-1,CSF,0.03560173723388115
MS,MS60249_CSF,GSM4104126_AAACCTGCACCGCTAG-1,CSF,0.3955664760778001
MS,MS60249_CSF,GSM4104126_AAACCTGGTAAACACA-1,CSF,0.027626642388962536
MS,MS60249_CSF,GSM4104126_AAACGGGCACATCCAA-1,CSF,-0.09834107806026707
MS,MS60249_CSF,GSM4104126_AAACGGGGTTACGCGC-1,CSF,-0.09834107806026707
MS,MS60249_CSF,GSM4104126_AAAGATGCAGGAATGC-1,CSF,-0.09834107806026707
MS,MS60249_CSF,GSM4104126_AAAGCAACATGACGGA-1,CSF,-0.037855743129215635
MS,MS60249_CSF,GSM4104126_AAAGCAAGTAAGTGGC-1,CSF,0.03246228583313242
MS,MS60249_CSF,GSM4104126_AAAGTAGAGCTAAGAT-1,CSF,-0.09834107806026707
MS,MS60249_CSF,GSM4104126_AAAGTAGTCTCTTGAT-1,CSF,0.07078582806035637
MS,MS60249_CSF,GSM4104126_AAATGCCTCTGTCTAT-1,CSF,-0.09834107806026707
MS,MS60249_CSF,GSM4104126_AACACGTGTCTCTTAT-1,CSF,0.13514477893725793
MS,MS60249_CSF,GSM4104126_AACACGTTCAACACAC-1,CSF,-0.14668530527111834
MS,MS60249_CSF,GSM4104126_AACACGTTCTGCAGTA-1,CSF,0.2682612567799715
MS,MS60249_CSF,GSM4104126_AACACGTTCTGTCTCG-1,CSF,-0.09834107806026707
MS,MS60249_CSF,GSM4104126_AACGTTGCATCACAAC-1,CSF,0.21357740701383898
MS,MS60249_CSF,GSM4104126_AACGTTGTCAACTCTT-1,CSF,-0.1936707739284406
MS,MS60249_CSF,GSM4104126_AACTCAGCACCGATAT-1,CSF,-0.09834107806026707
MS,MS60249_CSF,GSM4104126_AACTCAGGTCTTCAAG-1,CSF,0.09245371643609258
MS,MS60249_CSF,GSM4104126_AACTCAGTCGCTTGTC-1,CSF,0.4278979783846829
MS,MS60249_CSF,GSM4104126_AACTCAGTCGTTTAGG-1,CSF,0.3968194199416418
MS,MS60249_CSF,GSM4104126_AACTCCCAGCATCATC-1,CSF,0.31085274745570024
MS,MS60249_CSF,GSM4104126_AACTCCCGTAGAGCTG-1,CSF,-0.09834107806026707
MS,MS60249_CSF,GSM4104126_AACTCCCGTCATGCCG-1,CSF,-0.09834107806026707
MS,MS60249_CSF,GSM4104126_AACTCTTTCAACGGCC-1,CSF,0.026193820175685698
MS,MS60249_CSF,GSM4104126_AACTTTCTCTTAGCCC-1,CSF,0.11970799043519904
MS,MS60249_CSF,GSM4104126_AAGACCTCAGACGCTC-1,CSF,0.18373555199153305
MS,MS60249_CSF,GSM4104126_AAGCCGCCATGTTCCC-1,CSF,0.39909648515549473
MS,MS60249_CSF,GSM4104126_AAGCCGCGTATCGCAT-1,CSF,0.052985560930073845
MS,MS60249_CSF,GSM4104126_AAGTCTGAGCGTCTAT-1,CSF,0.0960166879773275
MS,MS60249_CSF,GSM4104126_AAGTCTGAGGCGATAC-1,CSF,0.041289832766014715
MS,MS60249_CSF,GSM4104126_AAGTCTGAGTCCTCCT-1,CSF,-0.08137429054801601
MS,MS60249_CSF,GSM4104126_AATCCAGAGATTACCC-1,CSF,-0.09834107806026707
MS,MS60249_CSF,GSM4104126_AATCCAGCAGCCTTTC-1,CSF,0.010786341287838138
MS,MS60249_CSF,GSM4104126_AATCGGTCAAGGACTG-1,CSF,-0.07979422462248972
MS,MS60249_CSF,GSM4104126_AATCGGTGTGGGTATG-1,CSF,0.29339109518690176
MS,MS60249_CSF,GSM4104126_ACACCAACAGCATGAG-1,CSF,-0.09834107806026707
MS,MS60249_CSF,GSM4104126_ACACCCTAGTGCCAGA-1,CSF,0.16458140753038028
MS,MS60249_CSF,GSM4104126_ACACCGGGTCCTAGCG-1,CSF,-0.18949741897051656
MS,MS60249_CSF,GSM4104126_ACACTGACAACGATGG-1,CSF,0.4517510754834893
MS,MS60249_CSF,GSM4104126_ACACTGACAGATGGCA-1,CSF,-0.3196418863035751
MS,MS60249_CSF,GSM4104126_ACACTGACAGTCAGCC-1,CSF,0.05823761857763625
MS,MS60249_CSF,GSM4104126_ACAGCCGCAGTAAGCG-1,CSF,-0.09834107806026707
MS,MS60249_CSF,GSM4104126_ACAGCTACACATCCGG-1,CSF,-0.12613256353202207
MS,MS60249_CSF,GSM4104126_ACATACGTCTTGTCAT-1,CSF,-0.04591912180166239
MS,MS60249_CSF,GSM4104126_ACATGGTAGGCTAGCA-1,CSF,-0.28012708447518403
MS,MS60249_CSF,GSM4104126_ACATGGTCAAGCGATG-1,CSF,0.31258282094261397
MS,MS60249_CSF,GSM4104126_ACCAGTAGTATAGTAG-1,CSF,-0.09834107806026707
MS,MS60249_CSF,GSM4104126_ACCGTAATCCTTGGTC-1,CSF,0.2190988297883793
MS,MS60249_CSF,GSM4104126_ACCTTTAAGAGGTACC-1,CSF,0.09013679147186947
MS,MS60249_CSF,GSM4104126_ACCTTTAAGATGTCGG-1,CSF,0.258013646144091
MS,MS60249_CSF,GSM4104126_ACCTTTAGTCTAAACC-1,CSF,-0.513968506382005
MS,MS60249_CSF,GSM4104126_ACCTTTATCCTCTAGC-1,CSF,-0.09834107806026707
MS,MS60249_CSF,GSM4104126_ACGAGCCCACTAAGTC-1,CSF,0.014928587703373923
MS,MS60249_CSF,GSM4104126_ACGAGCCGTGTCTGAT-1,CSF,0.05401789840526246
MS,MS60249_CSF,GSM4104126_ACGAGGAAGAGTCGGT-1,CSF,-0.09834107806026707
MS,MS60249_CSF,GSM4104126_ACGATACAGCGTTCCG-1,CSF,-0.09834107806026707
MS,MS60249_CSF,GSM4104126_ACGATACGTTAGAACA-1,CSF,0.19343359551329156
MS,MS60249_CSF,GSM4104126_ACGCAGCGTTGCGTTA-1,CSF,0.19217164706800433
MS,MS60249_CSF,GSM4104126_ACGCCAGTCAATCTCT-1,CSF,-0.09018360094925072
MS,MS60249_CSF,GSM4104126_ACGCCAGTCGAGCCCA-1,CSF,-0.20049877343052205
MS,MS60249_CSF,GSM4104126_ACGCCGAGTTAAGAAC-1,CSF,-0.16040034034752468
MS,MS60249_CSF,GSM4104126_ACGGAGACAAATCCGT-1,CSF,0.2914908286126773
MS,MS60249_CSF,GSM4104126_ACGGAGACACCCAGTG-1,CSF,0.04567888810030344
MS,MS60249_CSF,GSM4104126_ACGGAGAGTGATAAGT-1,CSF,0.23281920504442363
MS,MS60249_CSF,GSM4104126_ACGGAGAGTGCACGAA-1,CSF,-0.021643635472853622
MS,MS60249_CSF,GSM4104126_ACGGAGATCATTATCC-1,CSF,-0.09834107806026707
MS,MS60249_CSF,GSM4104126_ACGGCCAAGGCAAAGA-1,CSF,0.06850628316203479
MS,MS60249_CSF,GSM4104126_ACGGGCTGTACATCCA-1,CSF,-0.09834107806026707
MS,MS60249_CSF,GSM4104126_ACGGGCTTCTTATCTG-1,CSF,-0.09834107806026707
MS,MS60249_CSF,GSM4104126_ACTATCTAGCGGCTTC-1,CSF,0.0967619014523072
MS,MS60249_CSF,GSM4104126_ACTATCTTCAAGAAGT-1,CSF,0.21377777491420863
MS,MS60249_CSF,GSM4104126_ACTATCTTCACTTATC-1,CSF,-0.08178354877161388
MS,MS60249_CSF,GSM4104126_ACTATCTTCGAGAACG-1,CSF,0.15093211651972255
MS,MS60249_CSF,GSM4104126_ACTGAACTCAACACAC-1,CSF,0.23981021727876167
MS,MS60249_CSF,GSM4104126_ACTGAACTCGTAGGTT-1,CSF,0.31838370752223494
MS,MS60249_CSF,GSM4104126_ACTGAGTTCGCCAGCA-1,CSF,-0.23868396408681808
MS,MS60249_CSF,GSM4104126_ACTGATGAGCTCCTCT-1,CSF,0.5008052980710884
MS,MS60249_CSF,GSM4104126_ACTGATGTCGATCCCT-1,CSF,0.03985886039752822
MS,MS60249_CSF,GSM4104126_ACTGATGTCTATCCTA-1,CSF,0.2889242123681462
MS,MS60249_CSF,GSM4104126_ACTGCTCAGCGCCTCA-1,CSF,0.3204286881053631
MS,MS60249_CSF,GSM4104126_ACTGCTCGTCATGCAT-1,CSF,0.15068888405340664
MS,MS60249_CSF,GSM4104126_ACTGCTCGTGGAAAGA-1,CSF,0.06890366860877274
MS,MS60249_CSF,GSM4104126_ACTGTCCAGGTGACCA-1,CSF,0.5135753785175988
MS,MS60249_CSF,GSM4104126_ACTGTCCGTACTTCTT-1,CSF,0.8933250161501229
MS,MS60249_CSF,GSM4104126_ACTTTCACATATACGC-1,CSF,-0.09834107806026707
MS,MS60249_CSF,GSM4104126_AGAATAGCACACCGAC-1,CSF,0.12635889044102613
MS,MS60249_CSF,GSM4104126_AGACGTTAGAGTTGGC-1,CSF,0.06683128463663547
MS,MS60249_CSF,GSM4104126_AGACGTTAGCCAGAAC-1,CSF,0.02132708146256554
MS,MS60249_CSF,GSM4104126_AGACGTTAGGTAAACT-1,CSF,-0.09834107806026707
MS,MS60249_CSF,GSM4104126_AGAGCTTTCCTAGTGA-1,CSF,-0.09834107806026707
MS,MS60249_CSF,GSM4104126_AGAGCTTTCTGCGTAA-1,CSF,-0.09834107806026707
MS,MS60249_CSF,GSM4104126_AGAGTGGGTTCAGGCC-1,CSF,0.34000211726375396
MS,MS60249_CSF,GSM4104126_AGATCTGTCGTTACGA-1,CSF,-0.006593957078494036
MS,MS60249_CSF,GSM4104126_AGATTGCCACCGTTGG-1,CSF,-0.035059043209880146
MS,MS60249_CSF,GSM4104126_AGCAGCCAGGCCCTCA-1,CSF,-0.09834107806026707
MS,MS60249_CSF,GSM4104126_AGCAGCCAGTACGATA-1,CSF,-0.2930014307687201
MS,MS60249_CSF,GSM4104126_AGCGTATAGTGGGCTA-1,CSF,0.30793307039664636
MS,MS60249_CSF,GSM4104126_AGCGTATTCATACGGT-1,CSF,-0.09834107806026707
MS,MS60249_CSF,GSM4104126_AGCGTCGCACGAAATA-1,CSF,-0.09834107806026707
MS,MS60249_CSF,GSM4104126_AGCGTCGTCCGTCAAA-1,CSF,0.30361544857301
MS,MS60249_CSF,GSM4104126_AGCTCCTCACGGCTAC-1,CSF,-0.22777962548287523
MS,MS60249_CSF,GSM4104126_AGCTCTCAGACAAGCC-1,CSF,0.23174990081792668
MS,MS60249_CSF,GSM4104126_AGCTCTCTCCAGAAGG-1,CSF,-0.09834107806026707
MS,MS60249_CSF,GSM4104126_AGGCCACAGGATGCGT-1,CSF,-0.4995035514705291
MS,MS60249_CSF,GSM4104126_AGGCCGTAGTCTCAAC-1,CSF,-0.3760122470312104
MS,MS60249_CSF,GSM4104126_AGGGATGAGCGACGTA-1,CSF,-0.09834107806026707
MS,MS60249_CSF,GSM4104126_AGGGTGAGTACCCAAT-1,CSF,-0.09834107806026707
MS,MS60249_CSF,GSM4104126_AGGTCCGAGGACAGCT-1,CSF,-0.14165199186793667
MS,MS60249_CSF,GSM4104126_AGGTCCGGTCTTGATG-1,CSF,-0.09834107806026707
MS,MS60249_CSF,GSM4104126_AGTAGTCAGAACTCGG-1,CSF,0.045799714929335246
MS,MS60249_CSF,GSM4104126_AGTAGTCAGAGTAAGG-1,CSF,-0.09834107806026707
MS,MS60249_CSF,GSM4104126_AGTAGTCGTTCGGGCT-1,CSF,0.121510271069443
MS,MS60249_CSF,GSM4104126_AGTCTTTCAAGTTCTG-1,CSF,0.05191148686595975
MS,MS60249_CSF,GSM4104126_AGTCTTTTCTTGAGGT-1,CSF,-0.09834107806026707
MS,MS60249_CSF,GSM4104126_AGTGGGAAGATATACG-1,CSF,-0.09834107806026707
MS,MS60249_CSF,GSM4104126_AGTGGGACAATCCGAT-1,CSF,-0.09834107806026707
MS,MS60249_CSF,GSM4104126_ATAACGCTCAGGCAAG-1,CSF,-0.09834107806026707
MS,MS60249_CSF,GSM4104126_ATAAGAGTCTCCTATA-1,CSF,0.16162610795816423
MS,MS60249_CSF,GSM4104126_ATAGACCAGAGCCTAG-1,CSF,-0.23605533378297203
MS,MS60249_CSF,GSM4104126_ATCACGAAGCCATCGC-1,CSF,0.07610524731558496
MS,MS60249_CSF,GSM4104126_ATCACGACACACTGCG-1,CSF,0.010733087100472188
MS,MS60249_CSF,GSM4104126_ATCATCTCATGTTGAC-1,CSF,-0.3389716310608061
MS,MS60249_CSF,GSM4104126_ATCGAGTCAGGTCGTC-1,CSF,-0.2732358841156544
MS,MS60249_CSF,GSM4104126_ATCGAGTCATCAGTCA-1,CSF,0.05132283103944541
MS,MS60249_CSF,GSM4104126_ATCGAGTGTGACGCCT-1,CSF,-0.09834107806026707
MS,MS60249_CSF,GSM4104126_ATGAGGGGTTACCGAT-1,CSF,0.18038898030630626
MS,MS60249_CSF,GSM4104126_ATGCGATAGGGTCGAT-1,CSF,0.3087596341177066
MS,MS60249_CSF,GSM4104126_ATGGGAGAGATGCGAC-1,CSF,-0.06897974194705221
MS,MS60249_CSF,GSM4104126_ATGGGAGTCCATGCTC-1,CSF,-0.199759884454749
MS,MS60249_CSF,GSM4104126_ATTACTCCAATGCCAT-1,CSF,0.18807541732058322
MS,MS60249_CSF,GSM4104126_ATTACTCCAGTCAGCC-1,CSF,0.03224918610817553
MS,MS60249_CSF,GSM4104126_ATTACTCGTCAGATAA-1,CSF,0.15898947304603353
MS,MS60249_CSF,GSM4104126_ATTATCCCACTTCGAA-1,CSF,0.32189759494229914
MS,MS60249_CSF,GSM4104126_ATTCTACTCCCTTGTG-1,CSF,0.046010838453628015
MS,MS60249_CSF,GSM4104126_ATTGGACAGTTTGCGT-1,CSF,0.45594078599173926
MS,MS60249_CSF,GSM4104126_ATTGGACCATCGGAAG-1,CSF,-0.17821381202496647
MS,MS60249_CSF,GSM4104126_ATTGGTGGTCAATGTC-1,CSF,0.014143305152277926
MS,MS60249_CSF,GSM4104126_ATTTCTGTCGGAGGTA-1,CSF,-0.022306202026662527
MS,MS60249_CSF,GSM4104126_CAACCAACAGGCTCAC-1,CSF,-0.09834107806026707
MS,MS60249_CSF,GSM4104126_CAACCAAGTCATGCCG-1,CSF,-0.23580728495768916
MS,MS60249_CSF,GSM4104126_CAACCAATCAACCAAC-1,CSF,0.5606946303443189
MS,MS60249_CSF,GSM4104126_CAACCTCTCGCTGATA-1,CSF,-0.0649763517240329
MS,MS60249_CSF,GSM4104126_CAACTAGGTAAACACA-1,CSF,-0.09834107806026707
MS,MS60249_CSF,GSM4104126_CAACTAGTCGTGACAT-1,CSF,0.012975190624043972
MS,MS60249_CSF,GSM4104126_CAACTAGTCTTGTACT-1,CSF,-0.09834107806026707
MS,MS60249_CSF,GSM4104126_CAAGAAAGTCGTCTTC-1,CSF,0.05863587113355319
MS,MS60249_CSF,GSM4104126_CAAGTTGAGGTGTTAA-1,CSF,0.43987235210589354
MS,MS60249_CSF,GSM4104126_CACAAACAGAGTAAGG-1,CSF,-0.3031873397241074
MS,MS60249_CSF,GSM4104126_CACAAACTCTACCAGA-1,CSF,-0.03354305948552215
MS,MS60249_CSF,GSM4104126_CACAAACTCTGCCCTA-1,CSF,0.10624601510569728
MS,MS60249_CSF,GSM4104126_CACAGGCAGTACGTAA-1,CSF,-0.09834107806026707
MS,MS60249_CSF,GSM4104126_CACAGGCGTATCACCA-1,CSF,-0.09834107806026707
MS,MS60249_CSF,GSM4104126_CACAGGCGTTTAGCTG-1,CSF,-0.09834107806026707
MS,MS60249_CSF,GSM4104126_CACAGTAAGAAGGACA-1,CSF,0.12644768384871088
MS,MS60249_CSF,GSM4104126_CACAGTAGTTCCATGA-1,CSF,-0.09834107806026707
MS,MS60249_CSF,GSM4104126_CACAGTATCATCTGTT-1,CSF,-0.09834107806026707
MS,MS60249_CSF,GSM4104126_CACATAGCACTGCCAG-1,CSF,0.0697299965799398
MS,MS60249_CSF,GSM4104126_CACATAGCATGAAGTA-1,CSF,0.06425503972770358
MS,MS60249_CSF,GSM4104126_CACATTTCAAGACGTG-1,CSF,-0.09834107806026707
MS,MS60249_CSF,GSM4104126_CACATTTCAATCTGCA-1,CSF,0.01968719220576965
MS,MS60249_CSF,GSM4104126_CACCACTAGACAGACC-1,CSF,-0.01681869800086644
MS,MS60249_CSF,GSM4104126_CACCTTGAGCCACGCT-1,CSF,0.0917668249226907
MS,MS60249_CSF,GSM4104126_CACCTTGAGGCAGTCA-1,CSF,-0.35019805794158165
MS,MS60249_CSF,GSM4104126_CACTCCAAGCATGGCA-1,CSF,0.3207790847521745
MS,MS60249_CSF,GSM4104126_CACTCCAGTACGCTGC-1,CSF,-0.08667545081737027
MS,MS60249_CSF,GSM4104126_CAGAGAGTCAGGCCCA-1,CSF,-0.06316778359761195
MS,MS60249_CSF,GSM4104126_CAGATCAAGCCAACAG-1,CSF,-0.09834107806026707
MS,MS60249_CSF,GSM4104126_CAGCAGCAGCCCAGCT-1,CSF,-0.20371387553156417
MS,MS60249_CSF,GSM4104126_CAGCAGCAGCTAACAA-1,CSF,0.4929648735801563
MS,MS60249_CSF,GSM4104126_CAGCAGCGTCAATACC-1,CSF,-0.09834107806026707
MS,MS60249_CSF,GSM4104126_CAGCCGAAGCTGCCCA-1,CSF,-0.09834107806026707
MS,MS60249_CSF,GSM4104126_CAGCGACAGATGTTAG-1,CSF,0.3100672674356138
MS,MS60249_CSF,GSM4104126_CAGCGACGTCTCAACA-1,CSF,-0.0055780738441078
MS,MS60249_CSF,GSM4104126_CAGCTAAAGTAGCCGA-1,CSF,-0.016160255995371863
MS,MS60249_CSF,GSM4104126_CAGCTAAAGTATGACA-1,CSF,-0.09834107806026707
MS,MS60249_CSF,GSM4104126_CAGCTGGAGCAGGTCA-1,CSF,0.24492142125830768
MS,MS60249_CSF,GSM4104126_CAGCTGGGTCGTTGTA-1,CSF,0.017989939488053712
MS,MS60249_CSF,GSM4104126_CAGGTGCAGCTAACAA-1,CSF,-0.11164401950446769
MS,MS60249_CSF,GSM4104126_CAGGTGCAGGGATGGG-1,CSF,-0.09834107806026707
MS,MS60249_CSF,GSM4104126_CAGTAACAGACCACGA-1,CSF,-0.09834107806026707
MS,MS60249_CSF,GSM4104126_CAGTAACAGATGGCGT-1,CSF,-0.1743676579477756
MS,MS60249_CSF,GSM4104126_CATATGGGTAGGGACT-1,CSF,-0.09834107806026707
MS,MS60249_CSF,GSM4104126_CATATTCGTGCTAGCC-1,CSF,-0.4721272086703089
MS,MS60249_CSF,GSM4104126_CATATTCTCCAAACTG-1,CSF,0.6848197630970979
MS,MS60249_CSF,GSM4104126_CATATTCTCTTGGGTA-1,CSF,-0.09834107806026707
MS,MS60249_CSF,GSM4104126_CATCAGACAGATGGCA-1,CSF,0.24791978043773313
MS,MS60249_CSF,GSM4104126_CATCAGATCAACGCTA-1,CSF,0.25750369799451245
MS,MS60249_CSF,GSM4104126_CATCCACTCCTCCTAG-1,CSF,-0.3143013913527823
MS,MS60249_CSF,GSM4104126_CATCCACTCGATCCCT-1,CSF,0.1710925094613443
MS,MS60249_CSF,GSM4104126_CATGCCTCAGGACGTA-1,CSF,0.16409977352908614
MS,MS60249_CSF,GSM4104126_CATGCCTGTCAAAGCG-1,CSF,0.064116777367363
MS,MS60249_CSF,GSM4104126_CATTATCGTCGCTTTC-1,CSF,0.3187051776171858
MS,MS60249_CSF,GSM4104126_CATTCGCCAACCGCCA-1,CSF,0.0504247414099541
MS,MS60249_CSF,GSM4104126_CCAATCCCAGTAGAGC-1,CSF,-0.19333487210569264
MS,MS60249_CSF,GSM4104126_CCAATCCGTTCCGTCT-1,CSF,-0.07501947297778346
MS,MS60249_CSF,GSM4104126_CCAATCCTCAGAAATG-1,CSF,0.19582317935091462
MS,MS60249_CSF,GSM4104126_CCAATCCTCTACCTGC-1,CSF,0.06768455947001902
MS,MS60249_CSF,GSM4104126_CCACCTACAAGAAAGG-1,CSF,0.1728960069470533
MS,MS60249_CSF,GSM4104126_CCACGGACAATGTTGC-1,CSF,0.3880861186762424
MS,MS60249_CSF,GSM4104126_CCACGGACACTGTTAG-1,CSF,0.02266844850083296
MS,MS60249_CSF,GSM4104126_CCACTACCATATACCG-1,CSF,-0.09834107806026707
MS,MS60249_CSF,GSM4104126_CCACTACGTGGCGAAT-1,CSF,0.12555514497439907
MS,MS60249_CSF,GSM4104126_CCAGCGATCCAAGCCG-1,CSF,-0.011849013111715715
MS,MS60249_CSF,GSM4104126_CCAGCGATCCCAAGAT-1,CSF,0.27521191999390066
MS,MS60249_CSF,GSM4104126_CCATTCGAGATGTAAC-1,CSF,-0.09834107806026707
MS,MS60249_CSF,GSM4104126_CCCAATCAGACTCGGA-1,CSF,-0.26137118373694557
MS,MS60249_CSF,GSM4104126_CCCAATCAGCGTCAAG-1,CSF,-0.2912067903531089
MS,MS60249_CSF,GSM4104126_CCCAGTTAGATATGGT-1,CSF,0.3009036502499555
MS,MS60249_CSF,GSM4104126_CCCAGTTCAGGATCGA-1,CSF,-0.04431744223566577
MS,MS60249_CSF,GSM4104126_CCCAGTTGTACTTCTT-1,CSF,0.10643387073555768
MS,MS60249_CSF,GSM4104126_CCCAGTTGTCGTGGCT-1,CSF,0.5395774459597577
MS,MS60249_CSF,GSM4104126_CCCATACCAGTCAGCC-1,CSF,0.29354022727415685
MS,MS60249_CSF,GSM4104126_CCCATACTCGCTAGCG-1,CSF,0.05991224058671459
MS,MS60249_CSF,GSM4104126_CCCTCCTGTTGAGGTG-1,CSF,-0.09834107806026707
MS,MS60249_CSF,GSM4104126_CCCTCCTTCGTACCGG-1,CSF,-0.09834107806026707
MS,MS60249_CSF,GSM4104126_CCGTGGACATACTCTT-1,CSF,0.5428128332366234
MS,MS60249_CSF,GSM4104126_CCGTTCACAGATGGGT-1,CSF,-0.1347460166464262
MS,MS60249_CSF,GSM4104126_CCGTTCAGTGACAAAT-1,CSF,0.30788000389801784
MS,MS60249_CSF,GSM4104126_CCTAAAGCAGATCCAT-1,CSF,0.15668382171256542
MS,MS60249_CSF,GSM4104126_CCTACCAGTAGGCATG-1,CSF,-0.08225063039584003
MS,MS60249_CSF,GSM4104126_CCTCAGTCATTGTGCA-1,CSF,-0.09834107806026707
MS,MS60249_CSF,GSM4104126_CCTCTGACAGCATGAG-1,CSF,-0.17946002826546295
MS,MS60249_CSF,GSM4104126_CCTTACGCAGGCGATA-1,CSF,-0.03006863052678599
MS,MS60249_CSF,GSM4104126_CCTTCCCTCTCTGAGA-1,CSF,0.8599206812186068
MS,MS60249_CSF,GSM4104126_CCTTCGAAGCAGATCG-1,CSF,-0.09229597032461734
MS,MS60249_CSF,GSM4104126_CCTTCGACAGTTCCCT-1,CSF,-0.09834107806026707
MS,MS60249_CSF,GSM4104126_CCTTCGATCAACACCA-1,CSF,-0.07141429780862017
MS,MS60249_CSF,GSM4104126_CGAACATAGCGATATA-1,CSF,0.012057225592489926
MS,MS60249_CSF,GSM4104126_CGAACATCATTACGAC-1,CSF,0.4963080544512618
MS,MS60249_CSF,GSM4104126_CGAATGTAGTGGGATC-1,CSF,-0.9325697461939011
MS,MS60249_CSF,GSM4104126_CGAATGTCAGACGCAA-1,CSF,0.1330682996628205
MS,MS60249_CSF,GSM4104126_CGACCTTAGTATGACA-1,CSF,0.14540247252749955
MS,MS60249_CSF,GSM4104126_CGACCTTCAGCATACT-1,CSF,-0.03133846497612374
MS,MS60249_CSF,GSM4104126_CGACCTTGTCCGCTGA-1,CSF,-0.1542289954686429
MS,MS60249_CSF,GSM4104126_CGAGAAGAGATATGGT-1,CSF,0.1423551728888781
MS,MS60249_CSF,GSM4104126_CGAGCCACACCCTATC-1,CSF,-0.014766044583943419
MS,MS60249_CSF,GSM4104126_CGAGCCAGTATTCGTG-1,CSF,-0.12293718296469788
MS,MS60249_CSF,GSM4104126_CGATGTATCGGCGCAT-1,CSF,-0.09834107806026707
MS,MS60249_CSF,GSM4104126_CGCCAAGAGGCTAGGT-1,CSF,0.1255223681032562
MS,MS60249_CSF,GSM4104126_CGCGGTAAGAAGGTTT-1,CSF,0.06733398389164817
MS,MS60249_CSF,GSM4104126_CGCGGTAAGGCAGGTT-1,CSF,0.2328447436756961
MS,MS60249_CSF,GSM4104126_CGCGGTAGTCGAATCT-1,CSF,-0.09834107806026707
MS,MS60249_CSF,GSM4104126_CGCGTTTCAAAGAATC-1,CSF,-0.09392169415611266
MS,MS60249_CSF,GSM4104126_CGCTATCAGAGCTGGT-1,CSF,-0.11301314877720128
MS,MS60249_CSF,GSM4104126_CGCTATCAGCTGGAAC-1,CSF,0.09737149208254192
MS,MS60249_CSF,GSM4104126_CGCTATCCAATGCCAT-1,CSF,-0.23630851367478778
MS,MS60249_CSF,GSM4104126_CGCTATCGTTAAAGTG-1,CSF,-0.0815629856644056
MS,MS60249_CSF,GSM4104126_CGCTGGACATATGCTG-1,CSF,-0.6106374856745086
MS,MS60249_CSF,GSM4104126_CGCTGGATCCACGCAG-1,CSF,-0.0451141162283195
MS,MS60249_CSF,GSM4104126_CGCTTCACAGTAAGCG-1,CSF,0.15390580376918445
MS,MS60249_CSF,GSM4104126_CGGACACGTCAGATAA-1,CSF,-0.09834107806026707
MS,MS60249_CSF,GSM4104126_CGGACACTCAGAGGTG-1,CSF,-0.09834107806026707
MS,MS60249_CSF,GSM4104126_CGGACGTAGTTTGCGT-1,CSF,0.37781394818700437
MS,MS60249_CSF,GSM4104126_CGGACGTGTCTTCAAG-1,CSF,-0.03103556073225731
MS,MS60249_CSF,GSM4104126_CGGACGTTCTTGACGA-1,CSF,-0.325247537303391
MS,MS60249_CSF,GSM4104126_CGGACTGCATATGAGA-1,CSF,-0.04410566961475087
MS,MS60249_CSF,GSM4104126_CGGACTGGTGGGTCAA-1,CSF,-0.0007775754040865326
MS,MS60249_CSF,GSM4104126_CGGAGCTGTTCACCTC-1,CSF,0.327431717935795
MS,MS60249_CSF,GSM4104126_CGGCTAGCATGGGACA-1,CSF,0.08059952686616897
MS,MS60249_CSF,GSM4104126_CGGGTCATCGGCGGTT-1,CSF,0.3421681224612087
MS,MS60249_CSF,GSM4104126_CGGGTCATCTCTTGAT-1,CSF,0.13074772023699727
MS,MS60249_CSF,GSM4104126_CGTAGCGAGACACGAC-1,CSF,0.14205363300751378
MS,MS60249_CSF,GSM4104126_CGTAGGCTCCACGCAG-1,CSF,0.0014857588100081673
MS,MS60249_CSF,GSM4104126_CGTAGGCTCTTAGCCC-1,CSF,0.3274253169914238
MS,MS60249_CSF,GSM4104126_CGTCACTAGAAACCAT-1,CSF,0.15556619898847415
MS,MS60249_CSF,GSM4104126_CGTCACTCAATAAGCA-1,CSF,-0.09594538271056494
MS,MS60249_CSF,GSM4104126_CGTCACTGTTCAGTAC-1,CSF,-0.09834107806026707
MS,MS60249_CSF,GSM4104126_CGTCTACCATACGCCG-1,CSF,0.1430327786234678
MS,MS60249_CSF,GSM4104126_CGTGTCTTCAACGGCC-1,CSF,0.20553835535405404
MS,MS60249_CSF,GSM4104126_CGTGTCTTCTTTAGGG-1,CSF,-0.09834107806026707
MS,MS60249_CSF,GSM4104126_CGTTAGAAGTAAGTAC-1,CSF,-0.14534683907961696
MS,MS60249_CSF,GSM4104126_CGTTAGACATATACCG-1,CSF,-0.02062446682863536
MS,MS60249_CSF,GSM4104126_CGTTAGAGTCGCGAAA-1,CSF,0.020366070507455352
MS,MS60249_CSF,GSM4104126_CGTTCTGCACTTAAGC-1,CSF,-0.09834107806026707
MS,MS60249_CSF,GSM4104126_CGTTGGGAGTTTGCGT-1,CSF,0.4511373398321861
MS,MS60249_CSF,GSM4104126_CTAACTTAGTACGACG-1,CSF,0.07901231651895964
MS,MS60249_CSF,GSM4104126_CTAACTTTCGCCAGCA-1,CSF,-0.17999479384280465
MS,MS60249_CSF,GSM4104126_CTACACCAGTTTGCGT-1,CSF,-0.09834107806026707
MS,MS60249_CSF,GSM4104126_CTACATTCAGCTGGCT-1,CSF,-0.2122458211529978
MS,MS60249_CSF,GSM4104126_CTACATTTCTTGCATT-1,CSF,-0.6599117281822958
MS,MS60249_CSF,GSM4104126_CTACCCATCTTCAACT-1,CSF,-0.09834107806026707
MS,MS60249_CSF,GSM4104126_CTACGTCGTCGAATCT-1,CSF,0.2645845353589362
MS,MS60249_CSF,GSM4104126_CTACGTCTCGGCGCAT-1,CSF,-0.37344817955229687
MS,MS60249_CSF,GSM4104126_CTAGAGTGTTGGTAAA-1,CSF,0.15491981052851914
MS,MS60249_CSF,GSM4104126_CTAGCCTAGGGAACGG-1,CSF,-0.26494874864285556
MS,MS60249_CSF,GSM4104126_CTAGCCTCAAAGTGCG-1,CSF,-0.09834107806026707
MS,MS60249_CSF,GSM4104126_CTAGCCTGTAATAGCA-1,CSF,-0.09834107806026707
MS,MS60249_CSF,GSM4104126_CTAGTGACAATGGAGC-1,CSF,-0.34573902359785846
MS,MS60249_CSF,GSM4104126_CTCAGAAGTCGAATCT-1,CSF,0.17602452592680398
MS,MS60249_CSF,GSM4104126_CTCAGAATCTTACCGC-1,CSF,-0.27137710225910977
MS,MS60249_CSF,GSM4104126_CTCCTAGTCGTTTATC-1,CSF,0.4519185291337964
MS,MS60249_CSF,GSM4104126_CTCGAAAGTGAAGGCT-1,CSF,-0.1495780915479337
MS,MS60249_CSF,GSM4104126_CTCGAAATCTACCTGC-1,CSF,-0.16663213856646011
MS,MS60249_CSF,GSM4104126_CTCGAAATCTGCTTGC-1,CSF,-0.053119519841313946
MS,MS60249_CSF,GSM4104126_CTCGAGGCAAGGTGTG-1,CSF,-0.09834107806026707
MS,MS60249_CSF,GSM4104126_CTCGAGGCAGCCAATT-1,CSF,0.28072429918145675
MS,MS60249_CSF,GSM4104126_CTCGAGGCATGAGCGA-1,CSF,0.17629781990716922
MS,MS60249_CSF,GSM4104126_CTCTACGCAGTAACGG-1,CSF,0.017485080365786478
MS,MS60249_CSF,GSM4104126_CTCTGGTCAACGATCT-1,CSF,0.3190632413198035
MS,MS60249_CSF,GSM4104126_CTGATAGAGATAGTCA-1,CSF,0.09048608512174827
MS,MS60249_CSF,GSM4104126_CTGATCCCAGCTATTG-1,CSF,0.06986477539446202
MS,MS60249_CSF,GSM4104126_CTGATCCTCAGCGACC-1,CSF,0.21289470693407195
MS,MS60249_CSF,GSM4104126_CTGCGGAAGATGCGAC-1,CSF,0.3494035974981145
MS,MS60249_CSF,GSM4104126_CTGCGGACACACTGCG-1,CSF,-0.14474525697845436
MS,MS60249_CSF,GSM4104126_CTGTGCTTCATGTCTT-1,CSF,0.6402277884176997
MS,MS60249_CSF,GSM4104126_CTGTTTACAAGCGATG-1,CSF,0.6610179315254523
MS,MS60249_CSF,GSM4104126_CTTAACTAGCCACGCT-1,CSF,0.14527295748957186
MS,MS60249_CSF,GSM4104126_CTTACCGCAACTGCTA-1,CSF,0.23430552240378594
MS,MS60249_CSF,GSM4104126_CTTACCGGTCTGCAAT-1,CSF,-0.09834107806026707
MS,MS60249_CSF,GSM4104126_CTTACCGTCATAAAGG-1,CSF,-0.04839867609243791
MS,MS60249_CSF,GSM4104126_CTTACCGTCTCCTATA-1,CSF,0.22984739935684373
MS,MS60249_CSF,GSM4104126_CTTGGCTCAAGCTGTT-1,CSF,-0.6382763273031143
MS,MS60249_CSF,GSM4104126_CTTGGCTTCATAAAGG-1,CSF,-0.09834107806026707
MS,MS60249_CSF,GSM4104126_GAAACTCGTTATCGGT-1,CSF,0.07479951222545578
MS,MS60249_CSF,GSM4104126_GAACATCAGCCAGAAC-1,CSF,0.006606639963020371
MS,MS60249_CSF,GSM4104126_GAAGCAGAGGGAAACA-1,CSF,-0.09834107806026707
MS,MS60249_CSF,GSM4104126_GAAGCAGAGGGATGGG-1,CSF,0.15649862256143968
MS,MS60249_CSF,GSM4104126_GAATAAGCAAGGTGTG-1,CSF,-0.12982913197195736
MS,MS60249_CSF,GSM4104126_GAATAAGGTACACCGC-1,CSF,0.11311611292945871
MS,MS60249_CSF,GSM4104126_GAATGAATCGGCCGAT-1,CSF,0.2837793932375307
MS,MS60249_CSF,GSM4104126_GACACGCGTATGGTTC-1,CSF,0.5719836716399878
MS,MS60249_CSF,GSM4104126_GACAGAGCACGCATCG-1,CSF,0.22266761968178214
MS,MS60249_CSF,GSM4104126_GACCTGGGTCCCGACA-1,CSF,-0.09834107806026707
MS,MS60249_CSF,GSM4104126_GACGCGTAGAGTGACC-1,CSF,0.13472637026636472
MS,MS60249_CSF,GSM4104126_GACGCGTGTCTCTCGT-1,CSF,-0.09834107806026707
MS,MS60249_CSF,GSM4104126_GACGGCTAGTATCTCG-1,CSF,-0.09834107806026707
MS,MS60249_CSF,GSM4104126_GACGTTACAGCGTCCA-1,CSF,-0.1973195722315615
MS,MS60249_CSF,GSM4104126_GACTACACACGAGGTA-1,CSF,0.30298714703718205
MS,MS60249_CSF,GSM4104126_GAGCAGAGTATTCTCT-1,CSF,-0.09834107806026707
MS,MS60249_CSF,GSM4104126_GAGTCCGCACACATGT-1,CSF,-0.03550139314348381
MS,MS60249_CSF,GSM4104126_GAGTCCGGTCTGATCA-1,CSF,-0.09834107806026707
MS,MS60249_CSF,GSM4104126_GAGTCCGGTGTTGGGA-1,CSF,-0.22804998256192044
MS,MS60249_CSF,GSM4104126_GAGTCCGTCCGCATAA-1,CSF,0.08433084417028244
MS,MS60249_CSF,GSM4104126_GATCGATGTGGTCCGT-1,CSF,0.15732772102385326
MS,MS60249_CSF,GSM4104126_GATCGCGGTTGAGGTG-1,CSF,0.08975591968910115
MS,MS60249_CSF,GSM4104126_GATCGTACAAATCCGT-1,CSF,-0.35833613467829917
MS,MS60249_CSF,GSM4104126_GATCGTAGTGTGAAAT-1,CSF,-0.09834107806026707
MS,MS60249_CSF,GSM4104126_GATCTAGCAGCGAACA-1,CSF,-0.09834107806026707
MS,MS60249_CSF,GSM4104126_GATCTAGCATCTACGA-1,CSF,0.3219150076774654
MS,MS60249_CSF,GSM4104126_GATCTAGCATGCCACG-1,CSF,-0.07611086996125481
MS,MS60249_CSF,GSM4104126_GATGAGGAGAACAATC-1,CSF,0.20492946523780917
MS,MS60249_CSF,GSM4104126_GATGCTAAGAGCAATT-1,CSF,0.1974367907903804
MS,MS60249_CSF,GSM4104126_GCAAACTGTCTAGCGC-1,CSF,0.42302378157993953
MS,MS60249_CSF,GSM4104126_GCAAACTGTTTGCATG-1,CSF,-0.234733400431934
MS,MS60249_CSF,GSM4104126_GCAATCAAGAATGTTG-1,CSF,-0.07690805791476678
MS,MS60249_CSF,GSM4104126_GCACTCTAGGAATGGA-1,CSF,-0.09834107806026707
MS,MS60249_CSF,GSM4104126_GCAGCCAGTCCAACTA-1,CSF,-0.09834107806026707
MS,MS60249_CSF,GSM4104126_GCAGTTATCCCTTGCA-1,CSF,-0.24445334347962946
MS,MS60249_CSF,GSM4104126_GCATACAGTTGCGTTA-1,CSF,0.2142935042368693
MS,MS60249_CSF,GSM4104126_GCATGCGCACACTGCG-1,CSF,-0.19495659690847547
MS,MS60249_CSF,GSM4104126_GCATGCGGTGGCCCTA-1,CSF,-0.17455008757633964
MS,MS60249_CSF,GSM4104126_GCCAAATCACGTTGGC-1,CSF,0.23837782378770675
MS,MS60249_CSF,GSM4104126_GCCAAATGTCGTTGTA-1,CSF,-0.09834107806026707
MS,MS60249_CSF,GSM4104126_GCCAAATTCACCACCT-1,CSF,-0.09834107806026707
MS,MS60249_CSF,GSM4104126_GCCTCTAGTACAGTTC-1,CSF,-0.09834107806026707
MS,MS60249_CSF,GSM4104126_GCGACCAGTTGGGACA-1,CSF,0.037538124234762764
MS,MS60249_CSF,GSM4104126_GCGACCATCTCGATGA-1,CSF,-0.2813873731099292
MS,MS60249_CSF,GSM4104126_GCGAGAACAGCTGTGC-1,CSF,-0.21934072363742999
MS,MS60249_CSF,GSM4104126_GCGCAGTGTCAAAGCG-1,CSF,-0.32160909283995526
MS,MS60249_CSF,GSM4104126_GCGCAGTTCAGAGACG-1,CSF,-0.09834107806026707
MS,MS60249_CSF,GSM4104126_GCGCCAATCGGAGCAA-1,CSF,-0.13887007608644783
MS,MS60249_CSF,GSM4104126_GCGCCAATCGTGTAGT-1,CSF,-0.09834107806026707
MS,MS60249_CSF,GSM4104126_GCGCGATCAAACAACA-1,CSF,0.11158818785485528
MS,MS60249_CSF,GSM4104126_GCGCGATTCAGGCCCA-1,CSF,0.0367296971558174
MS,MS60249_CSF,GSM4104126_GCGGGTTCAGCCAGAA-1,CSF,-0.09834107806026707
MS,MS60249_CSF,GSM4104126_GCGGGTTCATGTCCTC-1,CSF,-0.09834107806026707
MS,MS60249_CSF,GSM4104126_GCTCCTAAGTGGAGTC-1,CSF,-0.003168232304986894
MS,MS60249_CSF,GSM4104126_GCTCCTAGTCGAAAGC-1,CSF,0.0025132231018314332
MS,MS60249_CSF,GSM4104126_GCTCTGTCATGACGGA-1,CSF,0.19995329159983075
MS,MS60249_CSF,GSM4104126_GCTGGGTTCACCATAG-1,CSF,-0.09834107806026707
MS,MS60249_CSF,GSM4104126_GCTTCCAGTAGTGAAT-1,CSF,0.3833413750476498
MS,MS60249_CSF,GSM4104126_GCTTGAAAGAGTCTGG-1,CSF,-0.09834107806026707
MS,MS60249_CSF,GSM4104126_GCTTGAAAGCCTCGTG-1,CSF,0.3397739183243657
MS,MS60249_CSF,GSM4104126_GGAAAGCAGCCTCGTG-1,CSF,-0.04076931201464317
MS,MS60249_CSF,GSM4104126_GGAATAAAGGATGGTC-1,CSF,0.14564758703255157
MS,MS60249_CSF,GSM4104126_GGACAAGCAGATTGCT-1,CSF,-0.09834107806026707
MS,MS60249_CSF,GSM4104126_GGACAAGGTGCACGAA-1,CSF,-0.09834107806026707
MS,MS60249_CSF,GSM4104126_GGACAGAAGAATGTTG-1,CSF,0.23500036772932367
MS,MS60249_CSF,GSM4104126_GGACAGAAGGACACCA-1,CSF,0.29302548868597483
MS,MS60249_CSF,GSM4104126_GGACAGAGTACCGCTG-1,CSF,0.17054268888919064
MS,MS60249_CSF,GSM4104126_GGACAGATCTTGCAAG-1,CSF,0.235208090328485
MS,MS60249_CSF,GSM4104126_GGACATTTCGGGAGTA-1,CSF,0.00402046042035374
MS,MS60249_CSF,GSM4104126_GGAGCAAAGCTAGCCC-1,CSF,-0.4087800849777584
MS,MS60249_CSF,GSM4104126_GGATGTTTCTAACTGG-1,CSF,-0.22936694816418263
MS,MS60249_CSF,GSM4104126_GGCAATTAGATATACG-1,CSF,0.203301097672352
MS,MS60249_CSF,GSM4104126_GGCAATTGTGACCAAG-1,CSF,-0.3714890843407585
MS,MS60249_CSF,GSM4104126_GGCAATTGTGGTAACG-1,CSF,-0.2308541900019912
MS,MS60249_CSF,GSM4104126_GGCCGATTCTGCAAGT-1,CSF,0.29266656919098466
MS,MS60249_CSF,GSM4104126_GGCGACTAGAGGGATA-1,CSF,-0.09834107806026707
MS,MS60249_CSF,GSM4104126_GGCGACTGTCTGGTCG-1,CSF,-0.09834107806026707
MS,MS60249_CSF,GSM4104126_GGCGTGTCAAGACACG-1,CSF,-0.2983168826973441
MS,MS60249_CSF,GSM4104126_GGCGTGTCACCAGGTC-1,CSF,-0.2131385133318264
MS,MS60249_CSF,GSM4104126_GGCGTGTCAGGCTCAC-1,CSF,-0.09834107806026707
MS,MS60249_CSF,GSM4104126_GGCTCGACATACTACG-1,CSF,-0.19836368420585074
MS,MS60249_CSF,GSM4104126_GGCTCGATCTATGTGG-1,CSF,0.1336591444443269
MS,MS60249_CSF,GSM4104126_GGCTGGTAGGACATTA-1,CSF,-0.09834107806026707
MS,MS60249_CSF,GSM4104126_GGGAATGGTCTAGCCG-1,CSF,-0.011018023775985533
MS,MS60249_CSF,GSM4104126_GGGACCTCAAGACGTG-1,CSF,0.491901864206233
MS,MS60249_CSF,GSM4104126_GGGACCTCATCCCATC-1,CSF,-0.23361192802242145
MS,MS60249_CSF,GSM4104126_GGGATGATCGGAGGTA-1,CSF,-0.11812348085548734
MS,MS60249_CSF,GSM4104126_GGGCATCCACAACTGT-1,CSF,0.1651121328468514
MS,MS60249_CSF,GSM4104126_GGGCATCCATCATCCC-1,CSF,0.3872587744356409
MS,MS60249_CSF,GSM4104126_GGGTCTGAGCTAAACA-1,CSF,-0.09834107806026707
MS,MS60249_CSF,GSM4104126_GGGTCTGAGGGAGTAA-1,CSF,0.15549037233331806
MS,MS60249_CSF,GSM4104126_GGGTCTGCACGGTGTC-1,CSF,-0.3044266430125533
MS,MS60249_CSF,GSM4104126_GGGTTGCCAGATGGGT-1,CSF,-0.09834107806026707
MS,MS60249_CSF,GSM4104126_GGTATTGCATGCTGGC-1,CSF,-0.09834107806026707
MS,MS60249_CSF,GSM4104126_GGTATTGTCACTTCAT-1,CSF,-0.09834107806026707
MS,MS60249_CSF,GSM4104126_GGTGAAGTCTCTAGGA-1,CSF,0.33448720609389
MS,MS60249_CSF,GSM4104126_GGTGCGTTCACAGGCC-1,CSF,-0.1924295993481742
MS,MS60249_CSF,GSM4104126_GGTGCGTTCCCTTGTG-1,CSF,0.14129665467911595
MS,MS60249_CSF,GSM4104126_GGTGCGTTCTTCATGT-1,CSF,-0.09834107806026707
MS,MS60249_CSF,GSM4104126_GGTGTTATCATTGCCC-1,CSF,-0.09834107806026707
MS,MS60249_CSF,GSM4104126_GTAACGTCAAGGACTG-1,CSF,-0.09834107806026707
MS,MS60249_CSF,GSM4104126_GTAACTGGTCTAAACC-1,CSF,-0.09834107806026707
MS,MS60249_CSF,GSM4104126_GTACGTAAGTTCGCGC-1,CSF,0.19522382999864138
MS,MS60249_CSF,GSM4104126_GTACGTAGTCGTTGTA-1,CSF,0.05139005587042927
MS,MS60249_CSF,GSM4104126_GTACTTTGTGTAATGA-1,CSF,0.033946115433874643
MS,MS60249_CSF,GSM4104126_GTAGTCAGTATCTGCA-1,CSF,-0.09834107806026707
MS,MS60249_CSF,GSM4104126_GTAGTCATCAGCAACT-1,CSF,-0.07392659127069165
MS,MS60249_CSF,GSM4104126_GTCAAGTAGCTAGGCA-1,CSF,-5.709055849389966e-05
MS,MS60249_CSF,GSM4104126_GTCAAGTTCCTCAATT-1,CSF,-0.22673361405304257
MS,MS60249_CSF,GSM4104126_GTCACAAGTTCGTCTC-1,CSF,-0.09834107806026707
MS,MS60249_CSF,GSM4104126_GTCATTTAGTCGTTTG-1,CSF,-0.06670897010687653
MS,MS60249_CSF,GSM4104126_GTCCTCAAGAAGATTC-1,CSF,0.06822855626365129
MS,MS60249_CSF,GSM4104126_GTCCTCACACTGCCAG-1,CSF,-0.0609767362520672
MS,MS60249_CSF,GSM4104126_GTCCTCACATGCTAGT-1,CSF,0.48657271345526615
MS,MS60249_CSF,GSM4104126_GTCCTCAGTAAATGTG-1,CSF,-0.09864785430312918
MS,MS60249_CSF,GSM4104126_GTCCTCATCCAATGGT-1,CSF,0.11039023077688813
MS,MS60249_CSF,GSM4104126_GTCGGGTCATAGAAAC-1,CSF,-0.10398366051055473
MS,MS60249_CSF,GSM4104126_GTCGGGTGTCTGCGGT-1,CSF,0.04885547743149884
MS,MS60249_CSF,GSM4104126_GTCGGGTTCTTTACAC-1,CSF,-0.1147676385728291
MS,MS60249_CSF,GSM4104126_GTCTCGTTCTGCAGTA-1,CSF,0.23783366687925508
MS,MS60249_CSF,GSM4104126_GTCTTCGTCGATAGAA-1,CSF,0.23792850894390077
MS,MS60249_CSF,GSM4104126_GTGAAGGGTGAGGCTA-1,CSF,0.10328520636253392
MS,MS60249_CSF,GSM4104126_GTGCAGCTCGAATGGG-1,CSF,-0.09834107806026707
MS,MS60249_CSF,GSM4104126_GTGCGGTAGACAAGCC-1,CSF,0.6964675537378621
MS,MS60249_CSF,GSM4104126_GTGCTTCCAGTATAAG-1,CSF,0.5129585575699952
MS,MS60249_CSF,GSM4104126_GTGCTTCTCATAGCAC-1,CSF,-0.2990013485870561
MS,MS60249_CSF,GSM4104126_GTGTGCGCATAGACTC-1,CSF,-0.09834107806026707
MS,MS60249_CSF,GSM4104126_GTGTTAGTCATGCTCC-1,CSF,-0.2980334856902681
MS,MS60249_CSF,GSM4104126_GTGTTAGTCGAATCCA-1,CSF,-0.21495538858890514
MS,MS60249_CSF,GSM4104126_GTTACAGAGATTACCC-1,CSF,-0.012099393306635437
MS,MS60249_CSF,GSM4104126_GTTACAGTCTGCTGTC-1,CSF,-0.11135913257295098
MS,MS60249_CSF,GSM4104126_GTTCGGGAGTAGGCCA-1,CSF,-0.15047609478002588
MS,MS60249_CSF,GSM4104126_GTTCGGGGTATCGCAT-1,CSF,0.37214972148360925
MS,MS60249_CSF,GSM4104126_GTTCTCGGTCGTGGCT-1,CSF,-0.09834107806026707
MS,MS60249_CSF,GSM4104126_GTTCTCGGTCTTGATG-1,CSF,0.2276119785781276
MS,MS60249_CSF,GSM4104126_GTTTCTAAGCTTATCG-1,CSF,-0.22822456471408742
MS,MS60249_CSF,GSM4104126_GTTTCTAGTCTAGTGT-1,CSF,0.13220752019582713
MS,MS60249_CSF,GSM4104126_TAAACCGTCAGCTCTC-1,CSF,0.05868513222241824
MS,MS60249_CSF,GSM4104126_TAAGAGAAGCTAGCCC-1,CSF,-0.09834107806026707
MS,MS60249_CSF,GSM4104126_TAAGAGATCTCTTGAT-1,CSF,-0.10990964825789776
MS,MS60249_CSF,GSM4104126_TAAGTGCCAGTTAACC-1,CSF,-0.33668682047858584
MS,MS60249_CSF,GSM4104126_TAAGTGCGTCCGCTGA-1,CSF,0.3135993303426872
MS,MS60249_CSF,GSM4104126_TACACGAGTGCGAAAC-1,CSF,0.06654428662684815
MS,MS60249_CSF,GSM4104126_TACCTATAGGAACTGC-1,CSF,-0.09834107806026707
MS,MS60249_CSF,GSM4104126_TACCTATCATTTCAGG-1,CSF,0.08419147743869355
MS,MS60249_CSF,GSM4104126_TACCTATTCATGTGGT-1,CSF,0.21197352554071397
MS,MS60249_CSF,GSM4104126_TACCTTATCGAACTGT-1,CSF,-0.23027656642478972
MS,MS60249_CSF,GSM4104126_TACGGATCAATAACGA-1,CSF,-0.09834107806026707
MS,MS60249_CSF,GSM4104126_TACGGATGTAGAAAGG-1,CSF,0.03093306054894921
MS,MS60249_CSF,GSM4104126_TACGGGCAGGGTGTTG-1,CSF,0.24150132960700782
MS,MS60249_CSF,GSM4104126_TACGGGCGTCTAACGT-1,CSF,-0.09834107806026707
MS,MS60249_CSF,GSM4104126_TACGGGCGTTATTCTC-1,CSF,-0.30902853946521047
MS,MS60249_CSF,GSM4104126_TACGGTAGTAGCGATG-1,CSF,-0.09834107806026707
MS,MS60249_CSF,GSM4104126_TACTCATAGAGGTTGC-1,CSF,-0.29395972989554225
MS,MS60249_CSF,GSM4104126_TACTCATGTTGGTAAA-1,CSF,-0.09834107806026707
MS,MS60249_CSF,GSM4104126_TACTCATTCACGCGGT-1,CSF,-0.1875480656144156
MS,MS60249_CSF,GSM4104126_TACTCGCAGCTAAACA-1,CSF,0.1095353310313607
MS,MS60249_CSF,GSM4104126_TACTTACAGAGTACAT-1,CSF,0.11325166983802434
MS,MS60249_CSF,GSM4104126_TACTTACAGCGAAGGG-1,CSF,-0.7365360293541771
MS,MS60249_CSF,GSM4104126_TACTTGTTCTTCGGTC-1,CSF,0.5000604216724845
MS,MS60249_CSF,GSM4104126_TAGACCACAAGCCGCT-1,CSF,-0.09061320894965418
MS,MS60249_CSF,GSM4104126_TAGAGCTGTATATCCG-1,CSF,-0.05712519637136128
MS,MS60249_CSF,GSM4104126_TAGGCATAGATCTGAA-1,CSF,0.04300906035637706
MS,MS60249_CSF,GSM4104126_TAGTGGTGTAGCGCTC-1,CSF,-0.3918153688546992
MS,MS60249_CSF,GSM4104126_TAGTTGGGTCCGACGT-1,CSF,0.1261545570601035
MS,MS60249_CSF,GSM4104126_TAGTTGGGTTATCACG-1,CSF,0.11052974137099521
MS,MS60249_CSF,GSM4104126_TATCTCAAGTTACGGG-1,CSF,-0.20696214338676983
MS,MS60249_CSF,GSM4104126_TATGCCCAGAGAGCTC-1,CSF,0.05665883083181089
MS,MS60249_CSF,GSM4104126_TATGCCCCATGCCCGA-1,CSF,0.39115021151498114
MS,MS60249_CSF,GSM4104126_TATGCCCGTAGCTTGT-1,CSF,-0.19161172707165314
MS,MS60249_CSF,GSM4104126_TATTACCTCACCTTAT-1,CSF,-0.09834107806026707
MS,MS60249_CSF,GSM4104126_TCAACGAAGGAGTCTG-1,CSF,-0.48657772367298785
MS,MS60249_CSF,GSM4104126_TCAACGAAGTGAAGAG-1,CSF,-0.10517781223004
MS,MS60249_CSF,GSM4104126_TCAACGAGTATTCGTG-1,CSF,-0.09834107806026707
MS,MS60249_CSF,GSM4104126_TCAACGAGTCCATGAT-1,CSF,0.3650645106007036
MS,MS60249_CSF,GSM4104126_TCAACGAGTGGCCCTA-1,CSF,0.2501749829050616
MS,MS60249_CSF,GSM4104126_TCAATCTCAGTCCTTC-1,CSF,-0.09834107806026707
MS,MS60249_CSF,GSM4104126_TCAGATGCACGACGAA-1,CSF,-0.12159214024250845
MS,MS60249_CSF,GSM4104126_TCAGCTCCACGGACAA-1,CSF,-0.09834107806026707
MS,MS60249_CSF,GSM4104126_TCAGCTCCACTAGTAC-1,CSF,-0.02857555142627147
MS,MS60249_CSF,GSM4104126_TCATTACGTACCGAGA-1,CSF,0.006780896524849684
MS,MS60249_CSF,GSM4104126_TCATTACTCGCTTGTC-1,CSF,0.017338371961284616
MS,MS60249_CSF,GSM4104126_TCATTTGAGAGACTAT-1,CSF,0.20459552127633732
MS,MS60249_CSF,GSM4104126_TCCCGATAGGATGGTC-1,CSF,-0.26292816783144546
MS,MS60249_CSF,GSM4104126_TCGAGGCAGACACGAC-1,CSF,-0.28656453699355106
MS,MS60249_CSF,GSM4104126_TCGCGTTAGATCCCGC-1,CSF,-0.09834107806026707
MS,MS60249_CSF,GSM4104126_TCGTACCGTTCCATGA-1,CSF,0.023383433013912932
MS,MS60249_CSF,GSM4104126_TCGTAGAAGCAGGCTA-1,CSF,-0.025462131537540626
MS,MS60249_CSF,GSM4104126_TCGTAGACAGTAAGCG-1,CSF,-0.30421843198464665
MS,MS60249_CSF,GSM4104126_TCGTAGACATCGACGC-1,CSF,0.1305025372020908
MS,MS60249_CSF,GSM4104126_TCTATTGTCTACCAGA-1,CSF,0.05709972277212167
MS,MS60249_CSF,GSM4104126_TCTCATAGTTCGCTAA-1,CSF,-0.09834107806026707
MS,MS60249_CSF,GSM4104126_TCTCTAAAGCCACGCT-1,CSF,-0.09834107806026707
MS,MS60249_CSF,GSM4104126_TCTCTAAGTAAAGTCA-1,CSF,0.17061307392537625
MS,MS60249_CSF,GSM4104126_TCTGAGAAGAGTCGGT-1,CSF,0.03283703797260066
MS,MS60249_CSF,GSM4104126_TCTGAGAAGATGCCTT-1,CSF,0.08512159207708637
MS,MS60249_CSF,GSM4104126_TCTGGAATCCCATTAT-1,CSF,0.012071773309245082
MS,MS60249_CSF,GSM4104126_TCTTTCCCAAGGTTTC-1,CSF,-0.09834107806026707
MS,MS60249_CSF,GSM4104126_TGAAAGATCTTCGGTC-1,CSF,-0.5773739318172083
MS,MS60249_CSF,GSM4104126_TGACAACAGCAGCGTA-1,CSF,0.14810936382885864
MS,MS60249_CSF,GSM4104126_TGACTTTTCAGTGCAT-1,CSF,0.013766211187670963
MS,MS60249_CSF,GSM4104126_TGACTTTTCTTGTTTG-1,CSF,0.5463494015324485
MS,MS60249_CSF,GSM4104126_TGAGCATGTCGTCTTC-1,CSF,-0.0015715045990385582
MS,MS60249_CSF,GSM4104126_TGAGCATGTTTGCATG-1,CSF,0.4152719052004068
MS,MS60249_CSF,GSM4104126_TGAGCATTCGGACAAG-1,CSF,-0.2969662814770212
MS,MS60249_CSF,GSM4104126_TGAGGGAAGGACGAAA-1,CSF,-0.1909224468849128
MS,MS60249_CSF,GSM4104126_TGAGGGACATGCATGT-1,CSF,0.023756666565523766
MS,MS60249_CSF,GSM4104126_TGATTTCCAATGTTGC-1,CSF,-0.38285767714989616
MS,MS60249_CSF,GSM4104126_TGCACCTTCCAGTATG-1,CSF,-0.16469309367889853
MS,MS60249_CSF,GSM4104126_TGCCAAATCGGCTTGG-1,CSF,0.06215488789420794
MS,MS60249_CSF,GSM4104126_TGCCCATGTGGTACAG-1,CSF,0.23835747029546497
MS,MS60249_CSF,GSM4104126_TGCCCATTCCTCAATT-1,CSF,0.21767803445771935
MS,MS60249_CSF,GSM4104126_TGCCCATTCGGTTAAC-1,CSF,0.1294260436588779
MS,MS60249_CSF,GSM4104126_TGCGCAGTCCTAGAAC-1,CSF,-0.016052492144766856
MS,MS60249_CSF,GSM4104126_TGCGGGTAGAATCTCC-1,CSF,0.3385947588478736
MS,MS60249_CSF,GSM4104126_TGCGGGTGTCAGGACA-1,CSF,-0.06293408495384996
MS,MS60249_CSF,GSM4104126_TGCGTGGAGAAGATTC-1,CSF,-0.09834107806026707
MS,MS60249_CSF,GSM4104126_TGCGTGGAGTTAGCGG-1,CSF,-0.27781450395185125
MS,MS60249_CSF,GSM4104126_TGCGTGGTCCGTAGGC-1,CSF,-0.013057817998865597
MS,MS60249_CSF,GSM4104126_TGCTACCCACCGCTAG-1,CSF,0.03686801285833046
MS,MS60249_CSF,GSM4104126_TGCTGCTGTATATGAG-1,CSF,-0.09834107806026707
MS,MS60249_CSF,GSM4104126_TGCTGCTGTTGGTAAA-1,CSF,-0.05424455732983987
MS,MS60249_CSF,GSM4104126_TGCTGCTTCGACAGCC-1,CSF,-0.12418284271884936
MS,MS60249_CSF,GSM4104126_TGGACGCGTCAGATAA-1,CSF,-0.0005450239497557677
MS,MS60249_CSF,GSM4104126_TGGCGCAAGAGACTAT-1,CSF,-0.3995785632128305
MS,MS60249_CSF,GSM4104126_TGGGAAGGTAAGGATT-1,CSF,-0.09834107806026707
MS,MS60249_CSF,GSM4104126_TGGGCGTGTCCATCCT-1,CSF,0.40426711110637603
MS,MS60249_CSF,GSM4104126_TGGTTAGCAAGTCTAC-1,CSF,0.19879542784778298
MS,MS60249_CSF,GSM4104126_TGGTTCCAGAGTAATC-1,CSF,0.20758563146298134
MS,MS60249_CSF,GSM4104126_TGGTTCCTCCATTCTA-1,CSF,0.08758727518606192
MS,MS60249_CSF,GSM4104126_TGTATTCCAGAGTGTG-1,CSF,-0.2039615486358189
MS,MS60249_CSF,GSM4104126_TGTCCCACACGGCGTT-1,CSF,0.26470612515459235
MS,MS60249_CSF,GSM4104126_TGTCCCAGTTAAAGTG-1,CSF,-0.09834107806026707
MS,MS60249_CSF,GSM4104126_TGTGTTTAGGCTAGGT-1,CSF,-0.3377750535134395
MS,MS60249_CSF,GSM4104126_TGTTCCGAGCCACGCT-1,CSF,0.035778202654377325
MS,MS60249_CSF,GSM4104126_TTAACTCGTCTGCCAG-1,CSF,0.24863159433326537
MS,MS60249_CSF,GSM4104126_TTAGGACCAATGGAGC-1,CSF,-0.2743379329255928
MS,MS60249_CSF,GSM4104126_TTAGGACGTAGCCTAT-1,CSF,-0.09834107806026707
MS,MS60249_CSF,GSM4104126_TTAGGCAAGCCTTGAT-1,CSF,-0.27372752765158437
MS,MS60249_CSF,GSM4104126_TTATGCTAGATCGGGT-1,CSF,-0.44426971794932907
MS,MS60249_CSF,GSM4104126_TTATGCTGTTGTACAC-1,CSF,-0.22650382325755483
MS,MS60249_CSF,GSM4104126_TTATGCTTCTCCCTGA-1,CSF,-0.3473074526453724
MS,MS60249_CSF,GSM4104126_TTCCCAGTCATATCGG-1,CSF,-0.09834107806026707
MS,MS60249_CSF,GSM4104126_TTCGAAGCACCAGATT-1,CSF,-0.4380768031930513
MS,MS60249_CSF,GSM4104126_TTCGGTCAGGCTCATT-1,CSF,0.1334751493768399
MS,MS60249_CSF,GSM4104126_TTCGGTCCACACTGCG-1,CSF,0.2860718199283209
MS,MS60249_CSF,GSM4104126_TTCTCAATCCAACCAA-1,CSF,0.22485501560078466
MS,MS60249_CSF,GSM4104126_TTCTCCTTCCCATTAT-1,CSF,-0.09834107806026707
MS,MS60249_CSF,GSM4104126_TTCTTAGCATCTCGCT-1,CSF,-0.3446162538554297
MS,MS60249_CSF,GSM4104126_TTGAACGCATAGGATA-1,CSF,0.2586451518917644
MS,MS60249_CSF,GSM4104126_TTGAACGGTGAGGGTT-1,CSF,-0.2660629355282893
MS,MS60249_CSF,GSM4104126_TTGACTTAGCCGATTT-1,CSF,-0.0016325367382003123
MS,MS60249_CSF,GSM4104126_TTGACTTGTACTCAAC-1,CSF,-0.16211883352310938
MS,MS60249_CSF,GSM4104126_TTGGAACAGATCCTGT-1,CSF,0.42755167635461844
MS,MS60249_CSF,GSM4104126_TTGGAACTCGTTGCCT-1,CSF,-0.23445480636276655
MS,MS60249_CSF,GSM4104126_TTGGCAACAGGTTTCA-1,CSF,-0.09834107806026707
MS,MS60249_CSF,GSM4104126_TTTACTGCAAGGTGTG-1,CSF,0.2793857309993919
MS,MS60249_CSF,GSM4104126_TTTACTGCAATAGCAA-1,CSF,-0.09834107806026707
MS,MS60249_CSF,GSM4104126_TTTATGCTCAGCTCTC-1,CSF,0.1595824340464885
MS,MS60249_CSF,GSM4104126_TTTGGTTGTCACCTAA-1,CSF,0.3126854023306756
MS,MS71658_CSF,GSM4104124_AAAGATGTCCTTGCCA-1,CSF,0.3515249876819414
MS,MS71658_CSF,GSM4104124_AAGACCTAGTGCGTGA-1,CSF,-0.09834107806026707
MS,MS71658_CSF,GSM4104124_AAGGAGCGTCCAGTTA-1,CSF,-0.09834107806026707
MS,MS71658_CSF,GSM4104124_AAGGCAGTCCGGCACA-1,CSF,-0.09834107806026707
MS,MS71658_CSF,GSM4104124_ACAGCTATCGAGAGCA-1,CSF,-0.3476231458355394
MS,MS71658_CSF,GSM4104124_ACCGTAATCGACGGAA-1,CSF,0.23679655776132086
MS,MS71658_CSF,GSM4104124_ACGGGTCCACGTAAGG-1,CSF,-0.09834107806026707
MS,MS71658_CSF,GSM4104124_ACTGAACCAAGAAAGG-1,CSF,-0.09834107806026707
MS,MS71658_CSF,GSM4104124_AGAATAGTCCAAGTAC-1,CSF,-0.09834107806026707
MS,MS71658_CSF,GSM4104124_AGGCCGTGTTGAGTTC-1,CSF,-0.09834107806026707
MS,MS71658_CSF,GSM4104124_AGGTCATGTGTCAATC-1,CSF,-0.4831956838795768
MS,MS71658_CSF,GSM4104124_AGTGTCACATTCTTAC-1,CSF,-0.09834107806026707
MS,MS71658_CSF,GSM4104124_ATTCTACAGGCTAGCA-1,CSF,-0.09834107806026707
MS,MS71658_CSF,GSM4104124_CAACCAAAGACAAAGG-1,CSF,-0.14823758137884693
MS,MS71658_CSF,GSM4104124_CAAGAAATCTGTCCGT-1,CSF,-0.5943767658575011
MS,MS71658_CSF,GSM4104124_CACCTTGGTATAAACG-1,CSF,-0.09834107806026707
MS,MS71658_CSF,GSM4104124_CACTCCAGTTGGTAAA-1,CSF,-0.218271832360579
MS,MS71658_CSF,GSM4104124_CATGCCTCACCATGTA-1,CSF,-0.09834107806026707
MS,MS71658_CSF,GSM4104124_CATGCCTCAGGACGTA-1,CSF,-0.09834107806026707
MS,MS71658_CSF,GSM4104124_CATGCCTTCAGCAACT-1,CSF,-0.09834107806026707
MS,MS71658_CSF,GSM4104124_CATGGCGGTCTCTTTA-1,CSF,-0.09834107806026707
MS,MS71658_CSF,GSM4104124_CCACGGATCAACACAC-1,CSF,0.2747063194644474
MS,MS71658_CSF,GSM4104124_CCCTCCTGTTCGTTGA-1,CSF,-0.09834107806026707
MS,MS71658_CSF,GSM4104124_CCGTTCATCTTCCTTC-1,CSF,-0.09834107806026707
MS,MS71658_CSF,GSM4104124_CCTACCAGTAGAGCTG-1,CSF,0.6161037192020933
MS,MS71658_CSF,GSM4104124_CCTTTCTCAAGAGGCT-1,CSF,-0.09834107806026707
MS,MS71658_CSF,GSM4104124_CGAATGTAGTATGACA-1,CSF,-0.09834107806026707
MS,MS71658_CSF,GSM4104124_CGATGGCAGTGAAGTT-1,CSF,-0.09834107806026707
MS,MS71658_CSF,GSM4104124_CGATGTAGTGTGCGTC-1,CSF,-0.36147113504400336
MS,MS71658_CSF,GSM4104124_CGCTATCAGCCTTGAT-1,CSF,0.20571610915597446
MS,MS71658_CSF,GSM4104124_CGGAGTCCACCAGCAC-1,CSF,0.18051256605697502
MS,MS71658_CSF,GSM4104124_CGTCAGGCATACTACG-1,CSF,-0.09834107806026707
MS,MS71658_CSF,GSM4104124_CGTGTAAAGTCCCACG-1,CSF,0.2775272432680064
MS,MS71658_CSF,GSM4104124_CTAACTTCACCCATTC-1,CSF,0.19679920345174856
MS,MS71658_CSF,GSM4104124_CTACCCACATGCAATC-1,CSF,-0.09834107806026707
MS,MS71658_CSF,GSM4104124_CTCGAGGAGACCCACC-1,CSF,0.3184880976802558
MS,MS71658_CSF,GSM4104124_CTCGGAGCAAGCTGTT-1,CSF,-0.30282005879571994
MS,MS71658_CSF,GSM4104124_CTGATAGGTAAGAGAG-1,CSF,-0.3418423438178316
MS,MS71658_CSF,GSM4104124_CTGGTCTAGCGATTCT-1,CSF,0.21542448520105142
MS,MS71658_CSF,GSM4104124_CTGGTCTCACCCTATC-1,CSF,0.04513249870746742
MS,MS71658_CSF,GSM4104124_CTGGTCTGTTAAGGGC-1,CSF,0.18879243692837608
MS,MS71658_CSF,GSM4104124_CTTACCGCAGGCTCAC-1,CSF,-0.09834107806026707
MS,MS71658_CSF,GSM4104124_GAACATCAGGATGGAA-1,CSF,-0.09834107806026707
MS,MS71658_CSF,GSM4104124_GACAGAGCACAGGTTT-1,CSF,-0.09834107806026707
MS,MS71658_CSF,GSM4104124_GACAGAGGTGTTCGAT-1,CSF,0.1420308421646203
MS,MS71658_CSF,GSM4104124_GATCGCGAGACGCACA-1,CSF,0.11729991552696728
MS,MS71658_CSF,GSM4104124_GATCGTAGTCGAATCT-1,CSF,-0.6721910041412483
MS,MS71658_CSF,GSM4104124_GATGAAAGTGTAACGG-1,CSF,-0.09834107806026707
MS,MS71658_CSF,GSM4104124_GATGCTAAGGTGATTA-1,CSF,-0.09834107806026707
MS,MS71658_CSF,GSM4104124_GCGGGTTGTGATGTCT-1,CSF,-0.4846296835032585
MS,MS71658_CSF,GSM4104124_GGAAAGCAGTTTGCGT-1,CSF,-0.24391588652373258
MS,MS71658_CSF,GSM4104124_GGACAGATCTATGTGG-1,CSF,-0.09834107806026707
MS,MS71658_CSF,GSM4104124_GGACATTAGCCGATTT-1,CSF,-0.09834107806026707
MS,MS71658_CSF,GSM4104124_GGACGTCGTGAAATCA-1,CSF,-0.4602090450626345
MS,MS71658_CSF,GSM4104124_GGATGTTAGCTAGTTC-1,CSF,0.11311318058880472
MS,MS71658_CSF,GSM4104124_GGCTCGAAGTATTGGA-1,CSF,-0.21557963045468778
MS,MS71658_CSF,GSM4104124_GTACTCCAGGTGCTTT-1,CSF,-0.4156391743897321
MS,MS71658_CSF,GSM4104124_GTAGTCAAGAGGGCTT-1,CSF,-0.6943113978774866
MS,MS71658_CSF,GSM4104124_GTCAAGTGTGCAGTAG-1,CSF,-0.09834107806026707
MS,MS71658_CSF,GSM4104124_GTGTGCGGTAATAGCA-1,CSF,-0.09834107806026707
MS,MS71658_CSF,GSM4104124_TAAACCGTCTCCTATA-1,CSF,-0.4835965747498969
MS,MS71658_CSF,GSM4104124_TAAGCGTCATGGTCAT-1,CSF,-0.09834107806026707
MS,MS71658_CSF,GSM4104124_TAAGTGCGTCATGCCG-1,CSF,-0.09834107806026707
MS,MS71658_CSF,GSM4104124_TAGAGCTAGCGTGTCC-1,CSF,-0.09834107806026707
MS,MS71658_CSF,GSM4104124_TAGTGGTAGTTGTCGT-1,CSF,-0.4619380211984613
MS,MS71658_CSF,GSM4104124_TCATTTGAGTCAAGCG-1,CSF,-0.09834107806026707
MS,MS71658_CSF,GSM4104124_TCATTTGTCTATCCCG-1,CSF,-0.36480425068867955
MS,MS71658_CSF,GSM4104124_TCGGGACCAAAGCGGT-1,CSF,-0.2986506853406484
MS,MS71658_CSF,GSM4104124_TCTCATAGTGCACGAA-1,CSF,-0.09834107806026707
MS,MS71658_CSF,GSM4104124_TGAAAGATCTTGTTTG-1,CSF,-0.09834107806026707
MS,MS71658_CSF,GSM4104124_TGCACCTCAAGCGCTC-1,CSF,-0.4089798924746532
MS,MS71658_CSF,GSM4104124_TGGACGCGTGATGATA-1,CSF,-0.25416725056956463
MS,MS71658_CSF,GSM4104124_TTCGAAGCATGTTGAC-1,CSF,-0.40709370002415224
MS,MS71658_CSF,GSM4104124_TTGGAACTCGTATCAG-1,CSF,-0.09834107806026707
MS,MS71658_CSF,GSM4104124_TTTGTCATCCTCGCAT-1,CSF,-0.6532806871658289
MS,MS74594_CSF,GSM4104127_AACTCAGCATGGTCTA-1,CSF,-0.2569443537140078
MS,MS74594_CSF,GSM4104127_AGTGGGAGTTAGAACA-1,CSF,-0.6670117407239742
MS,MS74594_CSF,GSM4104127_AGTGTCATCATAACCG-1,CSF,-0.09834107806026707
MS,MS74594_CSF,GSM4104127_ATCCACCAGCCGATTT-1,CSF,0.05510582419966791
MS,MS74594_CSF,GSM4104127_CACATAGAGCTTCGCG-1,CSF,0.33767912196771915
MS,MS74594_CSF,GSM4104127_CATATGGTCCTGCCAT-1,CSF,-0.23348378137095635
MS,MS74594_CSF,GSM4104127_CCACGGACATTGGGCC-1,CSF,0.40578674525385355
MS,MS74594_CSF,GSM4104127_CCTACCACACGGTGTC-1,CSF,-0.2131979036198674
MS,MS74594_CSF,GSM4104127_CGACCTTAGACTGGGT-1,CSF,-0.5434673354540618
MS,MS74594_CSF,GSM4104127_CGTGAGCTCTGTCTCG-1,CSF,-0.29758230077776204
MS,MS74594_CSF,GSM4104127_CGTTAGACAAGTAGTA-1,CSF,-0.09834107806026707
MS,MS74594_CSF,GSM4104127_CTACACCCACCGAATT-1,CSF,-0.9390792686156917
MS,MS74594_CSF,GSM4104127_CTAGAGTCAAATTGCC-1,CSF,-0.09834107806026707
MS,MS74594_CSF,GSM4104127_CTGTGCTGTGCCTGGT-1,CSF,-0.022408405292034188
MS,MS74594_CSF,GSM4104127_GATGAGGGTACTCAAC-1,CSF,-0.09834107806026707
MS,MS74594_CSF,GSM4104127_GCGGGTTTCGGAGCAA-1,CSF,0.16533490946659388
MS,MS74594_CSF,GSM4104127_GCTCCTAAGGTGATTA-1,CSF,-0.09834107806026707
MS,MS74594_CSF,GSM4104127_GCTGCGAGTGCGGTAA-1,CSF,-0.4712617956738457
MS,MS74594_CSF,GSM4104127_GCTGGGTAGTACCGGA-1,CSF,-0.09834107806026707
MS,MS74594_CSF,GSM4104127_GGAAAGCGTTACAGAA-1,CSF,0.4256802098912507
MS,MS74594_CSF,GSM4104127_GGTGTTAGTCTTGATG-1,CSF,-0.3767826609144844
MS,MS74594_CSF,GSM4104127_TACAGTGAGATAGCAT-1,CSF,0.03761583103490177
MS,MS74594_CSF,GSM4104127_TAGACCAGTGGACGAT-1,CSF,-0.09834107806026707
MS,MS74594_CSF,GSM4104127_TGTCCCAAGCTACCTA-1,CSF,0.811980282660157
MS,MS74594_CSF,GSM4104127_TGTTCCGAGGCGTACA-1,CSF,-0.09834107806026707
MS,MS74594_CSF,GSM4104127_TTTGGTTTCACCTTAT-1,CSF,-0.09834107806026707
HC,PTC45044_CSF,GSM4104132_AAACGGGAGATGTCGG-1,CSF,-0.08259592346769551
HC,PTC45044_CSF,GSM4104132_AAGACCTTCATAGCAC-1,CSF,0.19339877439128017
HC,PTC45044_CSF,GSM4104132_AAGGCAGAGAGCCCAA-1,CSF,-0.5653537515146448
HC,PTC45044_CSF,GSM4104132_AAGGTTCAGTACGCGA-1,CSF,-0.09834107806026707
HC,PTC45044_CSF,GSM4104132_AATCCAGTCTATGTGG-1,CSF,-0.09834107806026707
HC,PTC45044_CSF,GSM4104132_AATCGGTCACCAACCG-1,CSF,-0.09834107806026707
HC,PTC45044_CSF,GSM4104132_ACACCAACACGACTCG-1,CSF,-0.22320282242013004
HC,PTC45044_CSF,GSM4104132_ACATCAGAGTGTGAAT-1,CSF,-0.5899854234997698
HC,PTC45044_CSF,GSM4104132_ACATCAGCATCACCCT-1,CSF,0.05836122517046665
HC,PTC45044_CSF,GSM4104132_ACATGGTGTATAGGGC-1,CSF,-0.5193286350476621
HC,PTC45044_CSF,GSM4104132_ACCGTAACACGACTCG-1,CSF,-0.054005140690296285
HC,PTC45044_CSF,GSM4104132_ACGAGCCAGTATGACA-1,CSF,-0.8326139619186004
HC,PTC45044_CSF,GSM4104132_ACGCCGATCTGAGTGT-1,CSF,-0.09834107806026707
HC,PTC45044_CSF,GSM4104132_ACGGGCTAGATGCCTT-1,CSF,-0.3117529481123909
HC,PTC45044_CSF,GSM4104132_ACGGGCTTCAGCTGGC-1,CSF,-0.09834107806026707
HC,PTC45044_CSF,GSM4104132_ACTATCTCAATGAATG-1,CSF,-0.4682121451331939
HC,PTC45044_CSF,GSM4104132_ACTATCTGTCAACTGT-1,CSF,-0.09834107806026707
HC,PTC45044_CSF,GSM4104132_ACTGATGTCGTCACGG-1,CSF,-0.5944647747442982
HC,PTC45044_CSF,GSM4104132_ACTTACTGTCCTGCTT-1,CSF,-1.0520509181727942
HC,PTC45044_CSF,GSM4104132_ACTTTCAAGTATCTCG-1,CSF,-0.09834107806026707
HC,PTC45044_CSF,GSM4104132_ACTTTCAGTTCAGTAC-1,CSF,-0.09834107806026707
HC,PTC45044_CSF,GSM4104132_AGCTCTCTCTTGTACT-1,CSF,-0.15362814238822903
HC,PTC45044_CSF,GSM4104132_AGGCCGTGTAAATGTG-1,CSF,-0.38145250815218035
HC,PTC45044_CSF,GSM4104132_AGGGAGTGTTTGACTG-1,CSF,-0.25359371737927255
HC,PTC45044_CSF,GSM4104132_AGGGATGGTACCGCTG-1,CSF,-0.6219825551866268
HC,PTC45044_CSF,GSM4104132_AGGTCCGAGTGCCAGA-1,CSF,-0.09834107806026707
HC,PTC45044_CSF,GSM4104132_CAACCTCGTGCAGTAG-1,CSF,-0.060822321048153896
HC,PTC45044_CSF,GSM4104132_CAAGGCCAGTGAAGTT-1,CSF,-0.6120230038092419
HC,PTC45044_CSF,GSM4104132_CAAGTTGCAGGCTGAA-1,CSF,0.040179388646690774
HC,PTC45044_CSF,GSM4104132_CACACTCTCAATACCG-1,CSF,-0.49123392491959655
HC,PTC45044_CSF,GSM4104132_CACAGGCCACAAGCCC-1,CSF,0.2615305603027467
HC,PTC45044_CSF,GSM4104132_CACCAGGCACCAGATT-1,CSF,-0.09834107806026707
HC,PTC45044_CSF,GSM4104132_CACCTTGTCTTACCGC-1,CSF,-1.096227487150351
HC,PTC45044_CSF,GSM4104132_CAGAGAGCACGGCTAC-1,CSF,0.025597837686423954
HC,PTC45044_CSF,GSM4104132_CAGCATAAGGTCGGAT-1,CSF,-0.8456086718259416
HC,PTC45044_CSF,GSM4104132_CAGCCGAGTCTACCTC-1,CSF,-0.23145860619946462
HC,PTC45044_CSF,GSM4104132_CAGTAACCAAAGCGGT-1,CSF,-0.19042705022805384
HC,PTC45044_CSF,GSM4104132_CATATGGAGATAGTCA-1,CSF,-0.3428573284397202
HC,PTC45044_CSF,GSM4104132_CATGCCTAGCCGGTAA-1,CSF,-1.065902860150946
HC,PTC45044_CSF,GSM4104132_CCATTCGAGAGTACAT-1,CSF,-0.09834107806026707
HC,PTC45044_CSF,GSM4104132_CCATTCGGTCGCGAAA-1,CSF,0.011366208047479644
HC,PTC45044_CSF,GSM4104132_CCCAGTTTCCGAGCCA-1,CSF,0.4260505565321302
HC,PTC45044_CSF,GSM4104132_CCCATACGTTCCTCCA-1,CSF,-1.0013115158674357
HC,PTC45044_CSF,GSM4104132_CCCATACTCTTCGGTC-1,CSF,-1.0480360079424467
HC,PTC45044_CSF,GSM4104132_CCGGGATAGTGCCAGA-1,CSF,-0.24876123583392346
HC,PTC45044_CSF,GSM4104132_CCGGGATGTGTTGGGA-1,CSF,-0.6630036167549747
HC,PTC45044_CSF,GSM4104132_CCGGTAGTCTCCTATA-1,CSF,0.385952112394463
HC,PTC45044_CSF,GSM4104132_CCTAAAGCAATCTGCA-1,CSF,-0.25852400488095123
HC,PTC45044_CSF,GSM4104132_CCTATTACATTCACTT-1,CSF,-0.5296367308066343
HC,PTC45044_CSF,GSM4104132_CCTCTGAGTATGAATG-1,CSF,-0.09834107806026707
HC,PTC45044_CSF,GSM4104132_CCTTTCTCAGTGAGTG-1,CSF,-0.4400449512088724
HC,PTC45044_CSF,GSM4104132_CGAACATGTCGGGTCT-1,CSF,-0.6199847304150276
HC,PTC45044_CSF,GSM4104132_CGACTTCAGGCCGAAT-1,CSF,-0.24505463035531264
HC,PTC45044_CSF,GSM4104132_CGAGAAGCAGGGATTG-1,CSF,-0.009435344241064292
HC,PTC45044_CSF,GSM4104132_CGAGCACTCAAAGACA-1,CSF,-0.09834107806026707
HC,PTC45044_CSF,GSM4104132_CGATGGCCAATGAATG-1,CSF,-1.3235441291633696
HC,PTC45044_CSF,GSM4104132_CGATGTACATCAGTCA-1,CSF,-0.33608538232307567
HC,PTC45044_CSF,GSM4104132_CGATTGACACAGGTTT-1,CSF,-0.7887835450767555
HC,PTC45044_CSF,GSM4104132_CGCTGGAAGTTCCACA-1,CSF,-0.5600393450970135
HC,PTC45044_CSF,GSM4104132_CGCTGGATCTATGTGG-1,CSF,0.17136919143725357
HC,PTC45044_CSF,GSM4104132_CGGGTCATCAGCTCGG-1,CSF,-0.06286892201276871
HC,PTC45044_CSF,GSM4104132_CGGTTAACAACTGGCC-1,CSF,-0.45770792443956804
HC,PTC45044_CSF,GSM4104132_CGGTTAAGTTCAGACT-1,CSF,-0.08459553992816879
HC,PTC45044_CSF,GSM4104132_CGTAGCGCAGTGGAGT-1,CSF,-0.4227299982921222
HC,PTC45044_CSF,GSM4104132_CGTAGCGTCCGTAGTA-1,CSF,-0.09834107806026707
HC,PTC45044_CSF,GSM4104132_CGTCTACCACCAACCG-1,CSF,-0.2834768021173087
HC,PTC45044_CSF,GSM4104132_CGTCTACTCTCTGCTG-1,CSF,-0.09834107806026707
HC,PTC45044_CSF,GSM4104132_CGTTCTGTCTGCAGTA-1,CSF,-0.4143812996827446
HC,PTC45044_CSF,GSM4104132_CTCAGAATCTGCAGTA-1,CSF,-1.1770753186850553
HC,PTC45044_CSF,GSM4104132_CTCCTAGTCCCTTGCA-1,CSF,-0.5413530338354994
HC,PTC45044_CSF,GSM4104132_CTCTACGAGCAGGCTA-1,CSF,-0.09834107806026707
HC,PTC45044_CSF,GSM4104132_CTCTACGAGCATGGCA-1,CSF,-0.1940123785466885
HC,PTC45044_CSF,GSM4104132_CTGATCCCAATAGCAA-1,CSF,-0.7922404664825208
HC,PTC45044_CSF,GSM4104132_CTGGTCTCACGGCTAC-1,CSF,-0.09834107806026707
HC,PTC45044_CSF,GSM4104132_CTGTTTACAGCGTTCG-1,CSF,-0.21795857135246496
HC,PTC45044_CSF,GSM4104132_CTTACCGCAGGACCCT-1,CSF,-0.09834107806026707
HC,PTC45044_CSF,GSM4104132_CTTTGCGTCCAGTATG-1,CSF,-0.09834107806026707
HC,PTC45044_CSF,GSM4104132_GAAATGACAAGCGAGT-1,CSF,-0.29179900755662386
HC,PTC45044_CSF,GSM4104132_GAACATCCATACGCTA-1,CSF,-0.8557581304504077
HC,PTC45044_CSF,GSM4104132_GACCTGGCAGTCGATT-1,CSF,-0.09834107806026707
HC,PTC45044_CSF,GSM4104132_GACCTGGGTGCAGTAG-1,CSF,-0.09834107806026707
HC,PTC45044_CSF,GSM4104132_GACGTGCCATAGACTC-1,CSF,-0.42764373033861525
HC,PTC45044_CSF,GSM4104132_GACTGCGGTGTCTGAT-1,CSF,-0.37860489242966266
HC,PTC45044_CSF,GSM4104132_GATCGTATCAACCAAC-1,CSF,-0.0029354346668998238
HC,PTC45044_CSF,GSM4104132_GATGAGGGTTAAGATG-1,CSF,-0.8783013525463023
HC,PTC45044_CSF,GSM4104132_GCAAACTAGCAGACTG-1,CSF,-0.09834107806026707
HC,PTC45044_CSF,GSM4104132_GCAGCCACACATTTCT-1,CSF,-0.23303001799105758
HC,PTC45044_CSF,GSM4104132_GCATGCGAGGGTCGAT-1,CSF,-0.3521187041950542
HC,PTC45044_CSF,GSM4104132_GCCAAATTCAAGGCTT-1,CSF,-0.24085035017441395
HC,PTC45044_CSF,GSM4104132_GCGCCAAAGGCATGGT-1,CSF,0.04534170875779834
HC,PTC45044_CSF,GSM4104132_GCTCCTACAGCTGTGC-1,CSF,-0.26752970074054844
HC,PTC45044_CSF,GSM4104132_GCTGGGTCAGTACACT-1,CSF,-0.6150934549292122
HC,PTC45044_CSF,GSM4104132_GGAATAAAGCGATAGC-1,CSF,-0.3867162472115095
HC,PTC45044_CSF,GSM4104132_GGAATAAAGTTTGCGT-1,CSF,-0.2136055440984915
HC,PTC45044_CSF,GSM4104132_GGAATAAGTCCAGTTA-1,CSF,-0.5674632992798031
HC,PTC45044_CSF,GSM4104132_GGAATAAGTGAGGGTT-1,CSF,-1.2376800531910135
HC,PTC45044_CSF,GSM4104132_GGATGTTAGAAACCTA-1,CSF,-0.006228360637696416
HC,PTC45044_CSF,GSM4104132_GGCAATTAGGAGTTTA-1,CSF,-1.0445268052463206
HC,PTC45044_CSF,GSM4104132_GGGCACTGTTTAGGAA-1,CSF,-0.20765509769317733
HC,PTC45044_CSF,GSM4104132_GTAGGCCGTTCCCTTG-1,CSF,-0.21103015914630577
HC,PTC45044_CSF,GSM4104132_GTCACGGGTACCGAGA-1,CSF,-0.22426309993233545
HC,PTC45044_CSF,GSM4104132_GTCTTCGTCAGTTGAC-1,CSF,-0.09834107806026707
HC,PTC45044_CSF,GSM4104132_GTGCATAAGTCGATAA-1,CSF,-0.23685367416899297
HC,PTC45044_CSF,GSM4104132_GTGTTAGCACGAGAGT-1,CSF,-0.33490345975146407
HC,PTC45044_CSF,GSM4104132_GTTCTCGAGGGAAACA-1,CSF,-0.9423012274594905
HC,PTC45044_CSF,GSM4104132_GTTTCTATCTCTTATG-1,CSF,-0.09834107806026707
HC,PTC45044_CSF,GSM4104132_GTTTCTATCTGTACGA-1,CSF,-0.3505738140435547
HC,PTC45044_CSF,GSM4104132_TACTCGCGTTACTGAC-1,CSF,0.09138627874017659
HC,PTC45044_CSF,GSM4104132_TAGCCGGCATCTGGTA-1,CSF,-0.2918988077897419
HC,PTC45044_CSF,GSM4104132_TATCAGGGTAAAGGAG-1,CSF,-0.23251571922896078
HC,PTC45044_CSF,GSM4104132_TCAGCTCAGTCAAGCG-1,CSF,0.01871085849524422
HC,PTC45044_CSF,GSM4104132_TCGGTAACATGGATGG-1,CSF,-0.6080654760251455
HC,PTC45044_CSF,GSM4104132_TCGTAGACAGCCTGTG-1,CSF,0.12695276148613407
HC,PTC45044_CSF,GSM4104132_TCTTTCCAGCCTCGTG-1,CSF,-0.5913972507912842
HC,PTC45044_CSF,GSM4104132_TCTTTCCTCCCAAGAT-1,CSF,-0.4494750216540589
HC,PTC45044_CSF,GSM4104132_TGACAACCATCCGGGT-1,CSF,-0.49236643928876805
HC,PTC45044_CSF,GSM4104132_TGAGCATTCATCGCTC-1,CSF,-0.09834107806026707
HC,PTC45044_CSF,GSM4104132_TGAGCCGCAAGACACG-1,CSF,-0.4528573414161815
HC,PTC45044_CSF,GSM4104132_TGAGGGACAGCTCGCA-1,CSF,-1.3648966219115688
HC,PTC45044_CSF,GSM4104132_TGCCCTATCTTCGGTC-1,CSF,-0.09834107806026707
HC,PTC45044_CSF,GSM4104132_TGGTTAGAGCGTGTCC-1,CSF,0.16084345665794927
HC,PTC45044_CSF,GSM4104132_TGGTTAGCATTAACCG-1,CSF,-0.09834107806026707
HC,PTC45044_CSF,GSM4104132_TGTGGTAAGGGAGTAA-1,CSF,-0.9939214602835279
HC,PTC45044_CSF,GSM4104132_TGTTCCGCAATCTGCA-1,CSF,0.16654394018269028
HC,PTC45044_CSF,GSM4104132_TTATGCTTCGCAGGCT-1,CSF,-0.09834107806026707
HC,PTC45044_CSF,GSM4104132_TTCTCAATCTCTTGAT-1,CSF,-0.5286724286979693
HC,PTC45044_CSF,GSM4104132_TTGCCGTAGACCCACC-1,CSF,-0.2946220909896927
HC,PTC45044_CSF,GSM4104132_TTGGCAATCACTATTC-1,CSF,-0.21097980871030914
HC,PTC45044_CSF,GSM4104132_TTTGTCAAGTACGTTC-1,CSF,-0.26704976591661317
HC,PST83775_CSF,GSM4104128_ACAGCCGAGAAACCGC-1,CSF,0.088956177965607
HC,PST83775_CSF,GSM4104128_ACGAGCCCATATGCTG-1,CSF,-0.09834107806026707
HC,PST83775_CSF,GSM4104128_ACTGTCCAGTCAATAG-1,CSF,-0.09834107806026707
HC,PST83775_CSF,GSM4104128_ACTTACTTCCCTTGTG-1,CSF,-0.09834107806026707
HC,PST83775_CSF,GSM4104128_AGCAGCCCAAGTAGTA-1,CSF,-0.09834107806026707
HC,PST83775_CSF,GSM4104128_AGCGGTCAGACAATAC-1,CSF,-0.09834107806026707
HC,PST83775_CSF,GSM4104128_ATTTCTGAGAGGACGG-1,CSF,-0.25225057016657776
HC,PST83775_CSF,GSM4104128_CACATAGAGTCTCCTC-1,CSF,-0.7304572982014371
HC,PST83775_CSF,GSM4104128_CAGCCGACAAGGACAC-1,CSF,-0.33145293486596483
HC,PST83775_CSF,GSM4104128_CATCAAGCACAACGCC-1,CSF,-0.09834107806026707
HC,PST83775_CSF,GSM4104128_CTCGGGAAGCGCCTCA-1,CSF,-0.27578175756323403
HC,PST83775_CSF,GSM4104128_CTCTGGTCAAAGCGGT-1,CSF,0.04035671691946334
HC,PST83775_CSF,GSM4104128_CTGCCTATCTGGTGTA-1,CSF,-0.09834107806026707
HC,PST83775_CSF,GSM4104128_GAAATGAGTTCGTGAT-1,CSF,-0.02373718701752075
HC,PST83775_CSF,GSM4104128_GCGCAGTAGCGACGTA-1,CSF,-0.4998195168466912
HC,PST83775_CSF,GSM4104128_GTTAAGCCAATGGACG-1,CSF,0.027751010457293734
HC,PST83775_CSF,GSM4104128_TATCAGGCAATAGCGG-1,CSF,-0.26525474219352047
HC,PST83775_CSF,GSM4104128_TCTCATAAGACAAGCC-1,CSF,-0.25049152657506074
HC,PST83775_CSF,GSM4104128_TGGCTGGGTCATCGGC-1,CSF,-0.3560672562070873
HC,PST83775_CSF,GSM4104128_TTAACTCTCCCTAATT-1,CSF,-0.09834107806026707
HC,PST95809_CSF,GSM4104130_AAACGGGAGGCCCTTG-1,CSF,0.13473210167885272
HC,PST95809_CSF,GSM4104130_ACATACGAGCTAGCCC-1,CSF,-0.09834107806026707
HC,PST95809_CSF,GSM4104130_ACATACGAGTGATCGG-1,CSF,-0.2991160200641955
HC,PST95809_CSF,GSM4104130_ACATGGTAGCTGATAA-1,CSF,-0.4787844989924377
HC,PST95809_CSF,GSM4104130_AGCGTCGCAGCGTCCA-1,CSF,-0.10107489671178903
HC,PST95809_CSF,GSM4104130_AGTGGGATCCCAACGG-1,CSF,-0.09834107806026707
HC,PST95809_CSF,GSM4104130_ATCATCTCATAGTAAG-1,CSF,-0.08011131090885802
HC,PST95809_CSF,GSM4104130_ATCGAGTAGAGTGACC-1,CSF,-0.25836217089113717
HC,PST95809_CSF,GSM4104130_ATGGGAGAGGCCATAG-1,CSF,-0.09834107806026707
HC,PST95809_CSF,GSM4104130_CCCAGTTCACATCCAA-1,CSF,0.37075371364715043
HC,PST95809_CSF,GSM4104130_CGATTGAAGCACGCCT-1,CSF,-0.09834107806026707
HC,PST95809_CSF,GSM4104130_CTACCCATCACCATAG-1,CSF,0.5985894323969837
HC,PST95809_CSF,GSM4104130_GAAATGAGTGCACCAC-1,CSF,-0.09834107806026707
HC,PST95809_CSF,GSM4104130_GGATGTTCATGCCTTC-1,CSF,0.2132452943540986
HC,PST95809_CSF,GSM4104130_GGCCGATGTTGTGGCC-1,CSF,-0.2644866052439303
HC,PST95809_CSF,GSM4104130_GGTATTGAGCTTCGCG-1,CSF,0.030970826609259063
HC,PST95809_CSF,GSM4104130_GGTGAAGGTTTGGGCC-1,CSF,-0.534575335210964
HC,PST95809_CSF,GSM4104130_GTATCTTTCTTCTGGC-1,CSF,-0.09834107806026707
HC,PST95809_CSF,GSM4104130_GTGTGCGTCACTGGGC-1,CSF,-0.09834107806026707
HC,PST95809_CSF,GSM4104130_TACGGGCCAGGTTTCA-1,CSF,-0.09834107806026707
HC,PST95809_CSF,GSM4104130_TACTCATGTGCACTTA-1,CSF,-0.2628071087873558
HC,PST95809_CSF,GSM4104130_TCAGCTCTCCGTAGGC-1,CSF,-0.09834107806026707
HC,PST95809_CSF,GSM4104130_TCATTACTCTCCAGGG-1,CSF,-0.09834107806026707
HC,PST95809_CSF,GSM4104130_TCCCGATCAGCTCCGA-1,CSF,-0.5365872161594687
HC,PST95809_CSF,GSM4104130_TCTATTGTCTTTCCTC-1,CSF,-0.09834107806026707
HC,PST95809_CSF,GSM4104130_TCTGGAAAGAGTAATC-1,CSF,-0.09834107806026707
HC,PST95809_CSF,GSM4104130_TGCGTGGCAGGGTTAG-1,CSF,-0.09834107806026707
HC,PST95809_CSF,GSM4104130_TTTCCTCAGCTATGCT-1,CSF,-0.15666662637187825
HC,PTC32190_CSF,GSM4104129_AACACGTAGACTAGAT-1,CSF,-0.540215282109279
HC,PTC32190_CSF,GSM4104129_AACACGTAGCCACGTC-1,CSF,0.18983134675953295
HC,PTC32190_CSF,GSM4104129_AACTCAGTCTAACTGG-1,CSF,-0.3772712647109335
HC,PTC32190_CSF,GSM4104129_ACCGTAAGTAAGTGGC-1,CSF,-0.09834107806026707
HC,PTC32190_CSF,GSM4104129_ACCGTAAGTGCTGTAT-1,CSF,-0.09834107806026707
HC,PTC32190_CSF,GSM4104129_ACTGTCCGTAATCGTC-1,CSF,-0.21234970155485228
HC,PTC32190_CSF,GSM4104129_CAAGTTGAGAACTCGG-1,CSF,-0.41894413239901607
HC,PTC32190_CSF,GSM4104129_CACACTCGTCCGAACC-1,CSF,-0.09834107806026707
HC,PTC32190_CSF,GSM4104129_CACATAGAGCACAGGT-1,CSF,-0.3278676306287484
HC,PTC32190_CSF,GSM4104129_CAGCAGCGTGTTCTTT-1,CSF,0.1517508698378555
HC,PTC32190_CSF,GSM4104129_CAGCATAGTCTTCTCG-1,CSF,-0.5171893803447635
HC,PTC32190_CSF,GSM4104129_CATCGGGAGCGTCTAT-1,CSF,-0.09834107806026707
HC,PTC32190_CSF,GSM4104129_CATTCGCAGTGTGAAT-1,CSF,-0.4445858519273564
HC,PTC32190_CSF,GSM4104129_CGACCTTAGAATTGTG-1,CSF,0.09575160488074123
HC,PTC32190_CSF,GSM4104129_CGAGAAGAGGTCATCT-1,CSF,-0.09834107806026707
HC,PTC32190_CSF,GSM4104129_CGATCGGGTCATATCG-1,CSF,0.023105975926095174
HC,PTC32190_CSF,GSM4104129_CGATGGCTCTAACTCT-1,CSF,-0.09834107806026707
HC,PTC32190_CSF,GSM4104129_CTACACCAGCCTTGAT-1,CSF,0.18757213017175736
HC,PTC32190_CSF,GSM4104129_CTTACCGAGACCTAGG-1,CSF,-0.5086128212330797
HC,PTC32190_CSF,GSM4104129_GCACATACATCAGTAC-1,CSF,-0.09834107806026707
HC,PTC32190_CSF,GSM4104129_GCCAAATGTAGTAGTA-1,CSF,0.0859578340349703
HC,PTC32190_CSF,GSM4104129_GGCTCGACAGACTCGC-1,CSF,-0.09834107806026707
HC,PTC32190_CSF,GSM4104129_GGGTTGCCATGCTGGC-1,CSF,-0.05734840722131048
HC,PTC32190_CSF,GSM4104129_GTCACGGGTAGAGCTG-1,CSF,-0.2321541360583528
HC,PTC32190_CSF,GSM4104129_GTTACAGCACATCCAA-1,CSF,-0.22470783867635966
HC,PTC32190_CSF,GSM4104129_TACCTTACAACAACCT-1,CSF,-0.09834107806026707
HC,PTC32190_CSF,GSM4104129_TACCTTAGTCCAAGTT-1,CSF,-0.2313121258109437
HC,PTC32190_CSF,GSM4104129_TACCTTATCACGAAGG-1,CSF,-0.09834107806026707
HC,PTC32190_CSF,GSM4104129_TCAGCTCTCACTTCAT-1,CSF,0.14663137327907289
HC,PTC32190_CSF,GSM4104129_TGCTACCGTGTAATGA-1,CSF,-0.09834107806026707
HC,PTC32190_CSF,GSM4104129_TGGCCAGCATCACGTA-1,CSF,0.050135716853433064
HC,PTC32190_CSF,GSM4104129_TGTTCCGCAAGAAGAG-1,CSF,0.11039856817527428
HC,PTC41540_CSF,GSM4104131_AAACGGGCACTTAAGC-1,CSF,-0.24064490025931135
HC,PTC41540_CSF,GSM4104131_AACTCAGCACCACGTG-1,CSF,-0.09834107806026707
HC,PTC41540_CSF,GSM4104131_ACGGAGAGTGCTGTAT-1,CSF,-0.09834107806026707
HC,PTC41540_CSF,GSM4104131_ACGTCAAGTCGGCTCA-1,CSF,-0.09834107806026707
HC,PTC41540_CSF,GSM4104131_AGTTGGTCACATGGGA-1,CSF,-0.429208658368862
HC,PTC41540_CSF,GSM4104131_CCCTCCTGTTGCGTTA-1,CSF,-0.7239783552155684
HC,PTC41540_CSF,GSM4104131_CCTTTCTAGGGAACGG-1,CSF,0.2177189688799192
HC,PTC41540_CSF,GSM4104131_CTACCCACATTACCTT-1,CSF,-0.09834107806026707
HC,PTC41540_CSF,GSM4104131_GACGTTACATTCTCAT-1,CSF,-0.3426918611549436
HC,PTC41540_CSF,GSM4104131_GGCCGATCAGCTGTGC-1,CSF,-0.13256495191886927
HC,PTC41540_CSF,GSM4104131_GGTGTTAGTCGTTGTA-1,CSF,-0.0287336260126293
HC,PTC41540_CSF,GSM4104131_GTCCTCACATCCTAGA-1,CSF,0.23224898140659683
HC,PTC41540_CSF,GSM4104131_TAGAGCTTCTTCGGTC-1,CSF,-0.09834107806026707
HC,PTC41540_CSF,GSM4104131_TCTTTCCTCCATGAGT-1,CSF,-0.2703407182700524
HC,PTC41540_CSF,GSM4104131_TTTGGTTTCTGATACG-1,CSF,-0.4089798924746532
HC,PTC85037_CSF,GSM4104133_ACTTTCAAGCGAAGGG-1,CSF,-0.09834107806026707
HC,PTC85037_CSF,GSM4104133_AGCGGTCAGGTGATTA-1,CSF,-0.09834107806026707
HC,PTC85037_CSF,GSM4104133_AGGTCATAGAAACGCC-1,CSF,-0.09834107806026707
HC,PTC85037_CSF,GSM4104133_ATCATGGAGAAACCTA-1,CSF,-0.40328549340337894
HC,PTC85037_CSF,GSM4104133_ATCCGAAGTAAATGTG-1,CSF,-0.27858240209736584
HC,PTC85037_CSF,GSM4104133_ATCTGCCGTCACTGGC-1,CSF,-0.21449081399656716
HC,PTC85037_CSF,GSM4104133_CAAGGCCAGAAACCTA-1,CSF,-0.09834107806026707
HC,PTC85037_CSF,GSM4104133_CATCAGAAGTGGAGTC-1,CSF,-0.09834107806026707
HC,PTC85037_CSF,GSM4104133_CTACATTTCTGTCTCG-1,CSF,-0.09834107806026707
HC,PTC85037_CSF,GSM4104133_GACACGCGTACAAGTA-1,CSF,-0.26644543176128405
HC,PTC85037_CSF,GSM4104133_GATCGTAAGATCACGG-1,CSF,0.2513077730661439
HC,PTC85037_CSF,GSM4104133_GGAAAGCAGTCCGGTC-1,CSF,-0.32932147633657394
HC,PTC85037_CSF,GSM4104133_TACCTATCAAACAACA-1,CSF,-0.09834107806026707
HC,PTC85037_CSF,GSM4104133_TCATTACGTGAGCGAT-1,CSF,-0.19164987080860638
HC,PTC85037_CSF,GSM4104133_TCTTCGGGTTGGGACA-1,CSF,-0.24375483666293332
HC,PTC85037_CSF,GSM4104133_TGACGGCCAGGCGATA-1,CSF,-0.09834107806026707
